482.000	275.000	48.000	82.000
482.811	275.894	47.941	81.534
484.560	276.967	48.509	80.943
487.235	277.777	49.973	80.070
490.328	278.271	51.607	79.501
493.077	278.544	53.818	79.854
499.431	278.568	57.989	80.643
503.349	278.731	60.318	81.868
507.096	278.739	61.820	82.488
512.105	278.768	62.124	81.888
516.077	278.451	63.051	81.565
521.804	279.490	64.668	81.113
523.770	279.830	65.383	80.231
526.499	279.776	64.722	80.446
528.868	279.256	63.801	81.077
529.166	278.895	64.278	81.346
529.078	279.054	64.681	81.225
529.956	279.892	63.025	80.330
527.160	279.133	64.537	80.971
524.679	278.320	63.975	80.730
522.626	278.775	62.601	81.102
519.251	280.192	62.851	81.436
513.931	280.334	61.882	80.940
512.191	280.016	58.069	79.959
509.758	279.824	55.219	79.771
505.981	280.014	53.831	80.482
501.564	280.883	53.488	79.760
496.651	279.511	50.157	80.942
493.794	278.808	48.795	79.657
490.401	278.209	48.336	78.905
488.473	277.901	47.475	78.465
487.321	277.680	46.467	78.550
486.099	276.754	45.814	79.006
485.439	276.881	46.312	78.845
485.273	276.169	46.831	79.060
485.573	275.698	47.183	79.318
485.843	274.076	48.854	79.696
487.729	269.465	51.708	81.397
490.235	265.295	52.306	82.185
493.006	261.292	53.246	82.414
495.571	257.083	54.089	82.850
495.989	253.094	56.383	82.933
497.755	248.862	59.206	81.721
499.473	247.210	59.735	81.965
502.447	246.336	58.455	81.695
504.987	246.075	58.573	80.554
506.466	245.490	57.956	79.704
507.727	242.058	57.603	80.302
507.188	239.732	57.584	79.683
503.354	240.593	59.778	81.022
497.573	246.975	61.091	84.103
494.332	256.349	61.201	86.835
487.546	282.682	61.965	86.836
484.236	299.774	61.117	88.505
479.739	316.466	61.138	88.533
475.182	330.687	60.008	86.439
470.987	341.055	58.331	83.426
466.345	336.074	55.666	85.541
459.709	321.155	56.185	91.280
457.255	304.003	54.323	92.008
457.043	288.452	53.803	92.090
458.853	276.605	54.875	89.805
471.294	257.827	55.253	88.154
482.191	251.311	56.057	86.131
493.547	245.889	56.909	86.419
506.840	244.405	57.788	84.483
520.369	244.974	56.745	83.027
538.101	247.986	55.362	82.498
542.499	250.983	55.129	83.998
541.169	254.593	57.558	86.240
535.106	261.408	59.475	85.001
525.569	268.127	59.881	85.327
508.917	281.750	59.769	85.401
497.045	288.530	61.976	83.974
488.337	293.006	63.188	83.830
481.448	294.148	65.470	84.434
478.145	293.662	65.545	84.470
473.802	284.680	63.569	86.725
470.344	273.778	63.255	88.390
466.306	261.975	62.866	90.861
464.240	251.510	60.347	89.746
456.919	242.901	61.504	86.683
446.874	235.504	60.624	82.665
438.282	232.135	61.228	82.364
430.658	230.790	62.274	81.723
422.986	229.187	61.850	81.726
415.542	227.256	61.193	82.375
405.214	222.981	56.557	82.555
398.737	221.096	54.356	80.548
392.979	218.171	53.567	79.992
387.326	214.612	53.024	80.406
381.832	211.937	54.081	80.281
378.027	209.145	52.899	79.699
375.934	207.614	51.999	79.443
373.449	206.737	52.987	79.427
371.389	206.400	53.143	79.005
370.246	205.516	53.240	80.540
369.194	205.329	53.924	81.075
367.863	205.261	55.249	81.751
367.374	204.857	55.568	82.032
367.051	203.304	55.082	81.971
365.304	200.934	54.994	81.499
360.078	197.264	56.144	79.843
355.835	195.630	56.324	79.174
349.547	194.707	58.306	79.527
343.844	193.903	59.895	81.264
340.377	194.224	59.769	83.557
338.202	200.448	58.136	84.195
340.666	208.648	56.048	86.810
341.940	223.779	56.865	83.850
343.285	233.616	55.461	84.176
343.406	243.159	55.573	83.984
342.277	257.115	56.639	82.512
343.972	264.308	54.655	82.527
344.898	270.309	53.776	81.702
345.850	273.608	52.758	82.893
346.743	276.783	51.247	81.203
346.896	279.264	50.464	79.717
346.011	280.384	51.063	78.923
346.083	280.694	50.822	79.451
344.864	281.498	52.009	79.523
344.355	281.816	52.246	80.226
344.138	282.481	52.445	80.535
343.939	283.254	52.582	80.248
344.125	283.832	52.286	79.921
343.991	284.206	52.560	80.268
344.241	284.787	52.006	80.765
344.817	286.544	51.171	80.869
344.197	287.740	51.875	80.612
344.270	288.863	51.685	80.237
344.000	289.930	51.952	79.972
343.855	290.549	51.842	79.991
343.177	291.168	52.743	79.971
342.553	291.327	53.467	80.132
342.488	291.068	53.558	80.254
342.695	290.913	53.249	80.299
342.842	290.990	53.204	80.414
342.813	291.068	53.267	80.391
342.250	291.068	53.560	80.309
341.620	291.145	53.990	79.957
341.411	291.338	53.865	79.874
340.041	291.222	54.669	79.662
338.503	290.925	55.019	80.038
336.099	290.925	56.312	80.038
334.494	290.960	55.773	79.189
332.617	290.316	55.745	78.957
330.067	289.457	55.670	78.911
326.994	288.536	54.824	78.677
325.280	287.952	53.461	78.548
324.155	287.477	51.871	78.195
321.145	287.005	51.929	78.763
319.336	286.886	51.508	78.372
317.697	286.921	51.399	77.667
316.272	286.421	50.103	77.993
314.982	286.272	50.539	78.398
314.677	285.853	50.119	79.042
314.164	285.701	49.663	79.654
314.469	285.625	49.011	80.306
314.995	285.815	49.001	80.198
315.860	286.005	49.420	80.594
317.356	286.085	50.327	80.331
319.303	286.810	51.806	79.838
321.996	288.270	54.329	79.077
322.399	288.145	56.667	80.786
323.940	288.470	57.863	81.180
325.330	289.084	60.494	81.971
326.383	290.448	61.932	81.942
329.197	293.871	62.148	81.407
330.900	295.645	61.326	82.216
331.657	297.566	60.916	81.773
332.196	299.085	60.555	81.549
333.672	299.969	59.044	81.658
333.806	300.271	58.416	81.021
334.552	300.083	57.463	81.032
334.598	300.061	56.812	80.831
335.329	299.824	55.281	80.972
335.499	300.255	54.370	80.543
335.811	300.705	53.731	80.987
335.991	301.236	53.885	81.114
336.320	301.472	53.962	81.136
336.901	302.197	54.051	81.350
337.243	303.019	54.311	81.269
336.364	303.707	56.290	82.120
336.169	304.494	57.327	81.992
335.370	305.244	58.389	81.552
333.979	305.481	59.750	81.963
333.684	305.418	59.523	82.640
333.341	305.859	58.993	82.596
333.274	307.333	57.131	82.571
333.897	309.072	54.661	82.371
335.198	310.937	52.037	82.169
335.008	312.458	50.279	81.862
334.314	313.554	49.872	81.313
334.459	314.395	48.661	80.852
334.525	314.548	48.223	80.956
334.615	314.782	47.714	80.907
334.745	315.959	47.718	81.408
335.266	317.571	47.890	81.141
336.729	319.409	47.952	81.426
335.756	319.934	50.653	80.914
336.486	319.307	51.528	81.497
338.631	318.575	51.189	81.391
340.386	317.417	51.143	80.213
342.152	312.060	51.413	80.659
343.340	307.592	51.004	81.119
344.396	304.867	50.416	80.236
343.055	303.768	52.103	79.696
341.277	303.323	53.741	79.562
341.071	302.563	53.742	79.304
340.944	299.920	53.733	79.759
341.872	295.211	52.344	80.390
341.123	290.462	52.768	79.590
338.841	286.540	54.389	79.782
337.219	284.528	55.271	78.730
336.282	284.453	55.639	79.813
337.360	287.836	55.329	81.288
339.974	293.529	54.053	81.334
342.126	299.441	53.468	81.102
342.946	308.730	54.006	77.789
344.588	310.706	53.075	80.310
344.654	312.027	54.000	80.128
343.406	313.075	55.793	79.732
342.343	313.715	57.130	80.264
342.458	316.172	57.655	81.238
343.466	319.087	57.166	81.368
344.345	321.821	56.646	82.203
344.621	324.171	56.680	82.077
344.125	325.940	57.357	81.605
344.590	326.793	56.894	82.405
344.204	327.481	57.483	82.704
345.746	328.351	55.910	82.484
346.312	329.336	55.073	82.556
347.122	330.549	54.419	81.863
346.732	330.862	54.572	80.772
346.942	330.334	54.133	80.415
346.749	329.441	53.859	80.018
347.392	328.559	53.018	80.059
347.702	328.292	52.341	78.669
347.645	326.853	51.637	78.737
347.709	326.394	51.070	78.896
347.158	326.353	51.342	78.026
345.965	325.815	52.032	78.073
345.584	325.460	52.040	78.415
344.211	324.585	52.978	78.076
343.779	323.318	52.867	78.015
344.024	321.150	52.186	78.121
343.144	319.270	52.644	77.871
341.911	317.740	53.633	78.000
342.058	316.859	53.584	78.533
342.577	316.747	53.383	78.238
342.532	316.664	53.515	79.437
343.528	317.748	53.224	80.119
342.529	319.762	54.449	81.764
343.182	325.207	54.182	81.688
343.571	329.678	53.879	81.698
345.765	334.494	51.879	81.371
345.381	337.163	52.563	81.260
344.499	338.338	54.012	80.930
343.874	337.828	54.533	80.489
343.721	337.340	54.486	80.678
344.286	336.768	53.804	81.008
345.583	337.042	52.158	81.477
345.191	338.145	52.607	81.207
344.859	338.289	52.630	81.197
344.011	337.739	52.946	80.181
343.731	335.998	52.629	80.066
344.616	334.654	51.339	79.559
344.571	332.320	50.680	79.554
344.254	329.002	50.619	79.210
343.507	327.815	51.303	78.640
342.642	325.341	51.509	78.358
340.365	322.641	53.227	78.302
338.727	319.899	53.970	78.370
337.580	315.529	53.746	78.011
335.623	312.399	54.928	78.655
333.985	310.024	55.758	78.449
333.034	308.638	55.647	78.780
329.928	308.274	57.385	79.365
329.967	313.436	53.777	80.368
328.590	316.815	52.265	80.708
326.859	319.552	51.736	80.653
324.519	321.732	52.599	80.594
323.582	323.521	52.778	80.065
323.950	324.975	50.287	80.176
324.089	327.969	47.158	81.191
324.285	330.281	46.802	80.249
324.704	332.357	46.256	79.589
325.887	333.536	46.250	79.116
328.647	334.314	46.766	79.449
330.854	335.091	47.226	78.598
332.916	335.314	48.237	78.402
335.177	335.548	49.808	77.936
337.273	333.399	51.484	78.986
341.119	330.591	53.799	78.786
343.385	328.693	54.886	79.884
345.293	328.065	55.647	80.628
347.586	328.137	56.433	80.991
350.663	328.626	56.140	80.968
354.538	329.313	56.808	79.961
356.615	328.568	56.534	80.277
359.412	328.134	55.894	79.383
361.227	327.394	55.673	78.461
361.774	326.068	56.209	78.042
362.598	324.340	55.810	77.455
362.431	322.758	56.233	77.461
361.848	321.535	57.063	78.399
361.603	321.058	57.410	79.016
361.696	322.332	56.553	79.891
360.592	327.258	54.105	80.108
359.987	330.188	52.809	79.940
358.764	332.255	51.947	80.042
358.606	333.850	50.186	79.988
358.678	335.322	48.575	79.651
357.892	336.835	47.146	78.347
357.249	337.277	46.819	78.250
356.466	336.849	46.876	78.038
355.899	335.602	47.185	77.402
355.819	334.018	47.125	77.340
355.873	331.922	48.197	77.837
355.597	330.087	49.581	78.314
355.669	327.203	50.605	78.473
355.677	323.855	51.823	79.152
356.827	319.628	51.858	80.249
356.168	316.557	53.278	80.347
354.080	311.877	56.069	80.391
352.720	310.017	58.109	80.293
351.213	306.953	59.269	81.034
349.837	304.938	60.091	80.395
347.547	300.241	60.348	80.651
346.428	297.513	59.920	81.082
345.260	294.167	59.026	82.576
343.549	292.561	57.803	82.525
342.111	289.957	56.685	82.890
340.458	286.992	54.393	81.474
339.424	285.882	53.875	80.199
338.406	284.382	53.360	79.805
337.523	282.879	53.395	79.563
337.282	281.472	53.206	79.280
336.824	280.243	53.358	79.282
336.546	279.243	53.900	79.809
336.859	278.758	54.305	80.127
337.021	278.379	54.958	80.585
337.930	278.785	55.228	80.311
340.307	278.902	54.219	80.799
341.434	280.321	54.042	80.314
342.743	281.496	53.597	81.574
344.793	285.023	52.367	82.194
347.295	289.909	50.986	81.600
349.253	299.019	50.032	79.689
350.705	300.931	49.478	80.039
351.527	302.147	49.796	79.523
353.598	303.410	48.840	78.544
354.476	304.247	49.649	77.951
354.709	305.297	50.619	77.856
357.267	307.337	50.635	78.472
358.229	309.019	51.280	77.745
359.044	310.261	51.827	78.124
359.822	311.322	52.395	78.203
361.364	312.823	52.027	78.020
363.595	315.334	51.226	78.298
363.394	316.799	52.480	77.096
364.337	316.783	52.334	77.469
364.709	316.043	52.666	77.309
365.652	315.347	52.359	77.367
366.136	314.770	52.536	76.988
366.068	314.671	53.067	76.813
366.968	314.820	52.784	77.619
367.825	315.322	52.416	78.012
368.342	316.136	52.199	77.526
368.216	314.663	51.910	77.535
370.077	310.855	48.858	78.036
370.794	307.747	47.337	77.148
370.712	306.903	47.005	75.077
369.331	306.090	47.173	74.379
369.689	306.714	45.759	75.512
369.364	307.552	45.849	75.063
368.644	305.710	45.783	75.207
368.910	301.516	44.865	76.098
369.167	300.344	44.662	75.369
369.730	300.624	45.228	76.118
370.142	301.445	46.516	76.959
370.564	302.146	47.894	77.073
372.088	301.373	49.678	77.566
373.783	300.179	50.488	77.303
377.823	298.252	50.615	77.674
378.444	298.409	52.165	77.092
378.649	298.297	54.022	77.396
379.932	298.504	54.693	77.150
381.155	298.972	54.173	77.174
381.992	299.719	54.096	76.102
383.051	300.006	53.403	76.233
383.925	300.293	52.785	76.110
384.590	300.476	52.079	75.872
384.236	300.564	52.059	76.267
383.902	300.718	51.401	75.595
383.176	300.756	50.741	75.335
380.961	299.623	51.244	75.869
380.766	298.793	50.511	76.445
379.501	298.342	50.649	76.769
379.477	298.357	50.135	77.328
379.274	298.522	50.139	77.390
378.788	298.262	50.316	76.993
378.901	298.024	50.203	77.474
379.404	297.737	49.951	77.413
380.550	298.062	49.524	77.251
381.629	298.712	49.591	76.607
382.236	300.063	50.026	76.493
381.732	300.519	51.356	76.753
381.185	300.576	52.645	77.470
382.032	300.710	53.419	77.679
382.613	301.358	53.566	76.951
383.682	302.667	52.513	77.094
384.152	304.396	52.147	77.608
383.759	306.252	52.779	77.086
384.280	308.070	52.091	76.531
385.196	310.143	51.750	78.022
387.367	314.071	51.418	77.683
388.728	316.931	51.610	76.389
393.543	317.736	50.742	76.550
403.730	321.400	52.145	75.670
416.292	326.905	52.224	75.541
431.176	332.341	53.325	76.255
446.999	335.740	52.714	77.291
460.226	336.853	53.794	77.946
482.495	336.335	54.411	76.175
498.313	335.796	55.216	76.528
513.748	335.869	54.751	76.373
524.015	332.320	51.911	77.924
527.861	325.334	49.442	78.938
527.275	321.429	49.933	75.912
528.331	323.600	47.935	77.732
527.981	330.805	48.340	76.514
528.259	333.560	48.005	75.383
525.264	331.849	50.693	75.570
525.032	319.027	50.329	80.810
525.184	315.625	50.813	78.118
524.504	313.585	51.362	77.225
523.466	312.884	52.505	77.096
523.892	312.464	52.670	76.865
523.827	310.302	52.240	77.049
524.088	308.235	51.806	77.307
523.400	307.426	52.009	76.408
521.283	307.650	52.504	76.411
521.296	308.628	51.256	77.290
520.173	309.554	49.971	76.501
520.514	307.951	48.786	76.986
520.182	307.212	47.779	75.930
519.164	306.745	47.875	76.209
517.551	306.676	48.686	76.245
514.581	308.288	50.308	76.220
512.382	308.730	52.128	76.781
511.687	309.445	52.054	76.399
511.055	309.907	51.965	76.154
510.066	309.187	51.193	75.044
510.219	305.270	49.043	75.019
510.387	304.639	47.329	75.323
509.236	305.841	45.504	76.170
507.064	309.987	45.605	76.024
505.438	312.828	45.873	75.905
504.131	314.006	46.048	75.082
504.259	313.258	45.707	74.553
503.898	312.321	45.721	75.493
503.442	313.124	45.632	74.769
503.136	314.172	45.591	74.992
502.539	314.312	47.281	75.258
502.895	313.139	47.745	75.124
502.990	310.002	48.074	74.253
502.800	307.806	48.717	73.542
501.119	306.852	50.377	73.665
500.665	305.748	51.670	75.062
500.678	305.774	52.113	75.389
499.910	305.835	53.120	75.460
499.006	305.818	53.991	75.396
499.201	305.615	53.269	75.601
499.989	307.289	51.659	75.849
501.070	308.746	49.695	76.408
501.138	310.924	48.927	75.847
499.718	312.751	50.052	74.982
497.707	313.856	51.255	74.718
493.732	314.456	53.416	74.440
491.916	313.944	53.974	75.287
490.699	313.615	54.409	75.345
488.990	312.968	55.481	75.790
487.468	313.057	56.113	76.178
484.809	316.507	55.795	75.677
482.876	317.527	54.740	75.709
481.481	318.501	52.219	74.038
480.228	317.949	48.665	73.021
478.123	316.037	46.160	73.015
476.545	310.320	41.093	73.457
473.991	306.519	41.944	73.960
471.410	302.038	45.010	73.845
469.830	296.590	48.593	75.356
469.521	291.273	50.738	76.645
473.974	281.461	52.881	77.260
477.908	276.175	53.237	76.378
483.594	272.402	52.379	75.969
488.341	271.781	51.895	74.296
494.311	271.758	49.396	74.548
504.327	275.313	44.845	74.356
509.731	279.019	45.202	73.903
513.290	282.922	48.173	74.028
516.648	288.148	50.542	73.160
518.760	291.950	54.140	73.442
518.650	298.337	60.076	70.817
519.060	300.562	60.770	69.810
518.261	302.731	62.901	69.442
516.548	304.516	63.999	70.086
514.949	306.499	64.044	69.907
509.679	309.145	63.537	70.272
506.936	308.622	60.650	72.162
502.132	308.455	59.754	72.749
497.612	308.701	56.985	72.322
496.141	308.648	50.807	71.988
487.475	308.546	45.557	70.959
478.664	307.196	45.445	70.766
473.961	304.317	42.084	72.532
468.724	303.559	41.806	71.560
463.835	300.816	42.748	72.083
459.660	297.372	44.186	72.232
457.689	297.110	46.887	72.121
456.369	295.637	48.706	72.057
457.763	294.563	48.291	72.248
460.702	294.486	48.824	72.139
466.833	295.472	47.416	70.703
476.818	294.671	45.419	70.060
485.497	293.766	43.561	68.803
491.269	291.788	45.682	69.708
498.132	290.711	48.349	70.342
508.597	291.051	52.539	68.816
514.135	291.290	54.981	68.883
519.163	292.450	56.499	67.911
523.604	292.813	57.692	67.988
526.509	293.748	57.556	66.297
527.866	294.710	58.742	66.270
527.120	296.515	60.917	65.842
526.733	296.768	61.956	65.579
524.634	296.837	63.822	65.963
521.857	296.626	65.169	67.044
519.184	298.305	62.637	68.042
512.067	303.419	61.091	68.842
506.405	306.984	59.367	69.518
500.533	310.672	58.473	69.584
495.491	311.731	57.710	69.556
492.001	312.483	55.182	68.535
483.972	308.968	49.089	68.048
476.903	304.694	47.140	69.002
472.670	301.603	44.385	69.641
465.552	300.086	44.843	70.502
424.614	277.513	84.312	85.494
433.292	269.641	77.843	69.531
431.825	273.462	80.221	72.939
434.371	274.555	75.600	74.179
426.391	278.307	83.465	94.721
421.871	275.986	89.610	103.004
408.765	277.742	104.386	100.602
405.732	281.870	73.280	86.896
481.958	303.743	41.990	68.334
488.807	300.787	41.453	68.933
494.229	299.308	44.471	68.677
508.261	299.018	46.764	67.493
513.924	297.881	49.335	67.966
519.838	297.006	52.148	68.305
525.645	298.879	54.420	66.232
531.064	299.227	55.453	65.752
536.575	301.126	58.287	64.351
538.990	301.391	59.908	64.507
542.080	301.100	58.994	64.242
542.799	301.055	59.255	62.623
541.594	299.685	61.432	63.301
537.892	299.609	62.987	65.912
534.880	303.663	62.255	66.552
530.462	310.025	62.511	66.676
526.284	314.848	61.518	65.758
521.208	316.281	61.084	65.783
513.320	313.989	58.888	65.374
507.140	308.493	53.980	67.244
498.759	303.387	51.703	67.293
489.676	298.738	50.965	66.650
485.202	293.540	47.166	67.943
456.347	270.191	57.157	84.317
453.344	261.968	64.686	86.195
459.098	261.616	68.881	68.725
468.507	264.001	65.993	69.510
468.334	270.455	68.866	69.824
479.494	275.464	58.791	65.051
478.827	272.948	58.743	65.667
476.392	266.395	58.850	70.223
467.682	264.965	65.136	72.601
453.217	253.714	72.944	102.532
435.808	258.996	86.757	100.876
423.658	265.277	100.843	100.074
420.222	272.638	63.596	72.433
411.982	279.147	56.408	71.949
402.786	285.640	53.622	73.487
385.535	301.001	50.075	72.842
374.727	306.147	49.605	69.637
362.217	309.497	48.408	68.789
352.969	310.449	47.776	67.929
344.254	308.593	45.098	69.288
330.302	301.605	45.274	70.089
326.769	297.538	43.389	71.035
323.519	297.555	42.465	69.534
324.244	298.975	42.464	72.452
325.653	306.696	42.499	76.487
333.448	334.220	43.088	81.045
339.394	349.961	42.339	83.105
344.241	369.680	42.802	79.886
348.829	384.855	42.879	80.941
351.909	399.719	44.650	82.112
357.085	429.141	49.819	76.879
359.857	440.494	52.186	75.780
362.702	450.989	54.444	78.328
366.920	464.820	55.679	78.410
372.479	478.512	54.953	79.858
383.374	505.333	53.082	68.185
388.112	518.073	49.700	56.178
390.864	530.935	46.663	43.829
392.178	544.986	42.373	30.434
513.147	486.206	46.036	78.646
387.168	543.680	40.818	32.320
382.960	504.792	58.090	70.613
428.123	459.139	54.827	16.676
390.120	542.490	41.035	29.863
402.292	559.678	36.647	14.957
403.856	533.817	39.384	40.203
400.309	515.772	47.111	57.837
401.391	497.693	45.416	75.831
400.327	483.933	46.803	83.560
400.114	470.429	47.312	86.305
397.280	449.505	48.989	79.929
399.833	439.400	46.548	80.449
396.589	430.007	48.218	78.580
396.789	419.847	48.244	79.795
395.505	407.164	47.838	82.553
393.767	386.084	47.421	81.380
393.424	372.017	46.147	86.084
392.645	357.504	46.552	89.217
392.520	343.642	46.160	91.658
391.212	335.959	47.255	85.121
391.517	320.075	45.208	76.876
394.007	312.724	43.742	76.365
393.561	297.262	43.189	83.562
392.399	283.810	44.955	87.304
394.638	268.557	44.358	92.049
459.155	288.921	52.275	73.442
465.373	285.699	45.740	69.545
464.923	283.242	47.047	67.657
464.684	280.942	47.260	67.529
464.189	277.024	46.848	68.984
463.378	269.293	47.256	70.555
463.684	262.007	47.135	73.133
461.465	251.418	47.119	77.431
460.296	240.299	46.242	78.486
460.129	229.865	45.843	77.467
460.485	214.889	44.175	71.429
458.348	213.616	45.982	67.509
458.344	212.918	45.723	68.805
458.602	215.316	44.294	67.673
458.117	218.882	42.350	67.728
455.768	223.495	43.079	67.399
455.365	223.665	43.158	68.204
455.007	224.626	42.960	67.876
453.967	226.607	43.789	67.523
453.676	230.436	42.349	68.065
452.958	242.141	41.206	71.556
453.630	248.811	41.694	70.871
453.470	256.431	42.163	70.190
454.461	263.204	41.729	69.607
456.445	270.053	39.857	66.791
455.925	278.292	42.254	67.553
457.265	280.350	42.762	68.936
458.367	284.679	42.252	67.203
457.568	286.808	44.228	65.949
458.147	286.920	45.422	66.425
461.573	279.240	44.951	66.218
461.312	271.776	46.830	68.107
461.648	265.823	47.342	67.866
462.263	260.571	47.790	67.597
463.432	256.359	47.353	68.096
464.331	255.071	47.455	67.379
464.701	254.254	47.110	67.094
464.710	253.023	47.186	66.209
464.888	248.431	46.829	68.570
463.503	245.668	46.966	67.803
462.954	245.494	46.570	65.730
461.127	249.825	45.116	66.488
461.620	254.792	43.252	68.347
461.251	262.175	41.497	69.219
460.892	269.955	42.971	69.584
459.992	281.402	41.840	65.391
460.261	280.889	42.046	64.876
458.599	279.083	42.491	65.135
458.078	272.837	42.586	67.972
457.719	265.319	42.209	69.712
456.241	257.831	42.057	69.858
457.184	243.548	40.804	70.698
457.286	237.983	40.533	68.378
455.666	231.433	41.934	68.648
455.574	225.313	41.605	68.793
457.393	221.910	40.654	67.265
455.786	214.939	40.122	66.108
456.193	209.549	39.785	66.054
456.292	204.367	39.072	66.580
457.828	201.405	38.108	65.408
458.651	200.672	37.752	62.567
459.119	201.315	38.712	67.127
460.019	208.515	39.317	68.704
459.823	215.472	40.479	71.032
459.786	224.904	39.011	70.783
459.360	235.541	42.617	71.821
460.007	255.666	43.915	70.287
461.489	262.491	42.919	68.305
462.424	269.405	43.264	68.039
462.411	276.935	44.071	68.100
462.187	285.421	44.971	67.136
461.942	302.799	44.926	66.273
463.682	308.016	44.108	64.763
463.063	311.757	45.184	64.065
464.078	313.304	44.070	61.828
464.977	311.182	42.995	63.039
464.449	302.044	41.250	66.542
463.941	295.763	42.293	67.734
463.982	289.141	41.910	69.248
463.958	282.519	42.194	69.515
465.390	279.219	40.318	66.681
467.071	273.974	42.301	65.244
467.690	269.962	43.654	65.742
466.280	262.036	44.838	70.817
469.429	254.860	43.484	71.433
469.795	248.740	43.033	71.321
471.274	236.363	42.753	66.677
471.931	231.905	42.065	65.880
470.018	229.866	42.105	65.335
469.871	228.889	41.905	64.497
467.907	227.514	40.794	63.447
466.504	224.991	40.151	61.720
466.220	223.590	39.700	61.955
465.089	222.282	39.955	61.629
464.706	221.982	39.454	61.627
464.765	222.165	39.682	61.381
464.116	228.094	39.844	62.724
464.784	230.411	38.997	64.800
464.971	234.435	39.502	64.133
465.752	238.326	39.494	64.011
466.650	242.439	39.714	64.369
471.139	251.354	38.234	65.095
472.666	255.063	39.477	65.520
473.797	260.435	40.474	64.704
474.114	264.092	42.254	65.537
473.632	267.836	44.239	65.174
476.605	273.926	43.571	62.498
477.219	276.219	44.093	59.755
478.928	277.424	42.447	61.434
479.552	279.520	42.699	59.267
481.436	280.210	40.917	60.401
482.886	283.242	40.349	59.478
481.997	284.961	40.042	59.543
482.629	285.545	40.031	60.252
482.393	286.013	40.756	60.757
481.081	285.752	41.126	60.918
482.896	283.311	40.310	60.976
483.200	281.432	40.156	60.838
483.441	277.542	40.520	62.379
483.612	273.801	41.890	62.592
483.732	269.445	42.073	62.497
483.522	262.590	45.345	62.296
483.317	256.475	45.730	63.460
483.728	252.036	45.961	63.463
484.474	246.268	45.151	64.357
484.894	243.310	45.579	62.731
487.694	236.106	44.056	62.833
487.897	233.921	43.246	60.906
487.744	231.889	43.690	61.208
488.251	232.055	42.948	60.026
487.810	231.336	42.218	60.662
486.722	235.224	40.343	59.726
486.303	236.526	40.154	59.924
485.439	238.592	39.917	59.869
484.783	240.231	39.481	60.516
484.281	243.578	39.425	60.592
483.612	250.833	38.853	58.165
483.786	251.234	38.192	58.517
482.744	252.411	38.230	58.486
481.458	251.861	39.434	59.186
478.555	251.096	40.725	58.776
470.171	241.521	46.223	61.305
469.943	234.475	44.371	62.363
468.504	226.814	43.019	62.612
466.167	219.597	43.010	61.139
465.454	213.001	43.754	61.858
459.369	197.159	42.964	62.816
456.707	187.958	44.283	66.215
459.062	180.003	39.532	67.644
455.706	172.324	39.014	65.945
454.786	165.566	37.216	64.774
446.378	142.294	44.484	81.482
407.107	125.056	38.041	66.243
407.989	130.450	36.162	63.739
444.747	150.454	38.663	61.164
446.440	152.617	37.212	67.046
442.255	174.302	40.045	75.886
442.199	187.637	39.687	79.131
439.426	203.310	41.750	76.584
441.319	214.946	39.928	70.972
441.416	225.320	40.459	61.898
443.394	223.405	38.115	60.511
441.892	222.185	38.221	59.876
443.418	221.850	38.436	58.494
445.359	224.131	37.306	62.553
443.117	227.923	37.586	67.920
442.590	244.126	42.787	68.599
441.223	253.417	44.542	66.100
443.107	260.671	44.483	62.881
444.547	263.613	44.942	56.740
446.921	262.455	43.806	56.677
447.296	254.902	45.299	59.478
448.184	251.168	45.223	58.969
447.826	250.609	45.473	56.813
448.088	249.711	44.486	55.966
448.392	248.060	44.292	56.859
446.615	239.628	42.008	60.960
441.628	233.387	44.755	62.077
445.189	227.217	42.715	63.754
445.972	221.412	43.043	62.324
444.579	215.540	43.747	62.733
445.895	211.600	43.391	59.817
448.176	211.457	42.869	58.177
448.277	213.132	41.553	58.027
449.290	215.361	40.076	61.321
448.464	219.827	41.752	61.483
447.693	227.066	41.762	63.100
448.730	231.858	42.515	60.037
450.097	232.963	42.937	58.124
451.192	232.248	42.072	57.716
452.819	228.359	41.306	58.787
454.104	224.334	42.847	58.417
454.544	224.692	43.997	55.971
454.125	226.712	45.189	55.824
455.650	228.869	45.064	58.900
457.302	232.459	44.269	58.900
458.636	235.946	43.105	56.747
457.822	241.686	43.807	56.908
457.397	242.249	44.496	55.465
456.833	243.645	45.481	54.987
456.063	243.767	45.997	54.480
455.107	237.740	47.060	57.323
457.461	236.189	43.642	57.083
458.278	235.263	43.478	55.984
458.769	235.560	43.811	55.098
459.049	235.316	44.207	54.579
459.353	234.827	44.919	54.408
459.592	234.074	45.645	54.418
458.366	233.435	46.997	54.476
458.511	232.050	46.495	55.216
458.905	231.450	46.052	54.877
459.368	230.460	45.462	55.311
457.936	231.274	46.530	57.381
458.826	232.480	45.399	59.697
457.859	236.314	45.774	60.314
456.480	239.245	46.757	61.739
455.764	247.973	44.572	62.926
454.324	252.497	45.719	65.146
454.708	260.446	44.972	63.192
455.656	265.652	43.455	62.545
455.512	268.117	45.024	59.462
455.159	269.840	45.015	57.958
455.914	260.562	45.383	63.256
455.769	252.936	45.725	65.343
453.772	247.535	46.250	64.219
454.227	243.584	45.680	62.967
454.324	238.567	45.394	62.505
455.174	234.369	44.163	60.212
455.211	230.120	44.108	60.910
455.580	226.602	43.596	61.203
454.784	223.510	44.825	61.461
456.247	220.584	42.980	61.173
455.788	216.016	44.659	59.361
456.426	214.389	44.166	57.783
456.849	214.915	43.966	56.236
457.163	216.453	43.573	55.636
457.660	217.161	43.251	56.562
455.899	221.556	46.077	58.577
456.276	223.401	46.206	59.714
456.063	226.713	46.824	59.675
456.243	229.713	46.168	61.142
455.720	233.317	46.407	60.857
454.830	238.680	46.067	60.818
454.300	240.071	46.743	60.630
454.965	243.676	45.212	60.339
454.882	247.197	45.773	61.775
455.617	251.893	43.442	60.488
454.592	257.319	43.285	59.281
453.304	257.726	44.806	56.451
453.561	252.956	43.797	59.605
453.413	249.515	45.134	60.675
451.030	243.841	46.099	62.055
449.335	236.628	47.984	61.204
448.643	236.760	51.641	58.099
446.032	234.288	54.252	58.870
444.493	232.973	55.773	58.035
443.891	231.859	56.557	57.159
438.799	227.781	57.144	56.899
437.283	225.145	56.431	57.483
433.439	224.908	59.778	55.980
409.095	227.571	39.873	59.432
429.818	224.412	60.403	56.574
418.844	225.442	64.590	60.536
407.414	228.090	59.301	64.010
407.973	231.430	53.898	64.052
408.925	234.665	47.972	66.238
409.398	237.653	43.186	68.631
409.170	250.491	39.533	64.621
405.155	252.638	44.812	65.822
407.401	255.724	43.581	64.043
413.039	258.277	40.451	62.488
418.544	258.657	37.806	62.849
421.729	256.760	38.321	61.036
421.460	250.535	40.611	64.714
422.708	245.933	39.829	66.310
422.421	241.848	41.673	66.406
422.842	237.783	40.624	65.604
424.688	234.137	41.401	62.727
380.583	232.863	72.757	62.925
382.519	234.457	56.661	58.198
382.873	234.659	53.568	56.724
383.652	234.242	52.071	56.236
386.286	232.768	54.051	56.714
384.963	231.948	52.792	56.934
429.815	232.930	43.843	59.768
387.929	233.622	53.737	59.540
388.507	234.451	54.348	60.488
388.406	237.944	53.246	63.312
388.863	241.114	57.770	62.049
387.059	233.882	90.625	78.422
389.082	245.909	57.344	63.612
391.954	246.157	60.407	64.615
375.519	231.518	92.507	93.099
386.409	250.792	51.450	61.207
387.875	251.673	54.066	61.522
387.144	252.531	53.993	59.982
386.085	253.015	53.484	59.379
383.982	253.659	54.553	59.693
386.496	254.464	53.625	58.182
383.786	255.610	50.795	57.302
388.430	258.342	50.457	58.523
426.867	261.411	38.209	64.766
423.391	264.043	42.045	62.691
418.930	261.384	43.233	64.657
411.047	256.794	49.557	66.842
413.641	251.866	45.378	67.601
416.395	248.542	40.839	65.658
413.907	244.800	50.512	62.478
412.396	244.652	55.728	62.229
412.172	244.830	60.800	62.153
421.970	248.293	58.694	62.546
430.376	251.446	51.482	64.714
429.371	265.691	55.545	62.970
431.180	270.334	55.170	64.836
432.818	274.715	54.488	63.521
433.247	276.255	54.268	61.260
435.396	277.038	51.845	60.452
435.356	274.710	46.610	62.106
428.021	272.917	53.922	62.553
408.717	269.705	56.091	64.761
410.786	265.907	45.336	65.150
413.049	262.898	51.899	65.232
419.502	259.665	44.855	62.370
420.894	257.840	44.480	62.883
419.691	256.494	47.323	63.725
418.804	255.594	50.061	63.460
416.839	253.159	53.511	64.497
422.468	247.454	49.538	65.621
421.885	244.594	50.597	65.901
427.329	242.479	45.669	66.475
423.306	241.942	49.577	65.016
425.277	241.492	47.088	65.370
423.621	242.246	47.707	66.697
421.619	244.457	51.773	65.217
420.226	244.481	56.322	66.278
418.811	246.681	57.923	65.116
415.427	249.729	51.077	64.446
415.252	253.474	70.393	67.047
434.668	253.642	66.477	62.437
440.998	256.148	57.557	59.148
442.343	256.922	58.497	58.204
439.818	257.304	61.023	57.522
435.106	254.299	62.370	59.119
431.514	253.817	64.514	59.596
419.645	254.453	68.819	62.130
407.919	257.119	55.145	65.202
409.437	256.666	57.232	65.224
410.463	256.840	53.093	65.549
410.359	256.858	48.671	65.180
408.270	257.090	51.076	63.828
404.680	255.749	55.207	65.453
399.424	254.928	61.405	65.550
392.239	252.828	63.206	65.209
399.827	252.545	61.802	65.019
384.312	244.853	79.691	74.147
381.857	251.769	74.878	64.919
377.453	250.631	67.902	65.353
357.352	145.877	110.479	127.576
374.115	239.228	77.938	81.744
385.700	249.290	76.608	68.482
373.897	249.512	79.086	67.104
396.725	247.702	65.604	67.355
397.943	243.501	63.840	68.148
410.734	243.762	52.470	67.647
370.602	244.094	92.943	71.548
370.319	243.918	103.491	140.187
375.210	250.887	59.252	66.601
371.537	246.816	95.422	73.948
373.214	248.965	63.273	64.690
373.004	243.281	76.791	69.037
371.176	227.930	90.349	82.568
373.035	237.426	67.688	66.614
375.338	236.836	63.197	64.259
401.923	232.781	56.025	68.932
380.585	229.315	66.264	66.224
414.047	236.291	41.283	65.568
411.054	232.668	41.988	66.784
402.767	227.710	44.489	67.760
402.013	225.142	44.582	70.072
401.171	225.697	47.942	69.311
398.168	225.620	55.180	69.853
396.122	227.386	63.354	70.165
404.538	233.767	65.097	64.673
411.251	235.472	62.998	64.424
409.847	239.576	65.512	61.756
409.166	240.873	68.388	62.082
412.236	243.503	63.577	61.310
414.645	246.917	60.440	63.658
414.085	248.166	59.344	63.954
412.811	250.457	55.722	65.257
411.014	252.240	53.660	64.201
409.923	253.395	50.623	63.816
404.324	253.699	47.942	63.109
393.210	252.849	58.785	64.170
370.508	250.443	57.859	66.129
366.884	246.191	79.988	70.506
371.690	250.180	69.234	65.866
378.524	248.592	61.603	69.587
378.497	245.291	61.753	69.870
361.770	239.376	81.333	79.388
364.295	244.139	61.030	68.697
359.194	238.764	76.802	78.128
358.075	245.586	55.610	67.676
358.239	247.795	58.579	65.320
354.782	251.662	62.302	65.245
351.296	253.401	63.950	66.538
347.802	256.367	64.176	64.517
344.674	257.865	63.751	65.179
337.266	260.599	59.952	65.244
331.884	257.637	59.777	66.889
327.395	257.895	58.756	65.693
321.630	257.178	57.241	64.889
317.850	255.954	53.883	64.276
313.808	253.059	45.645	64.656
312.262	253.362	42.882	63.901
312.401	252.336	41.503	64.556
314.755	253.609	39.769	63.496
317.899	255.662	39.673	64.752
325.290	263.471	41.199	66.242
330.497	267.553	40.084	65.079
334.618	269.906	39.450	63.018
337.247	270.119	42.769	62.711
339.390	267.436	47.088	64.416
343.192	262.115	53.087	65.053
342.514	258.328	59.110	66.160
343.030	253.942	62.580	68.033
341.958	250.896	65.567	67.153
419.026	245.024	47.833	66.286
339.545	243.147	71.797	62.867
338.060	242.513	72.348	61.350
337.048	240.529	72.268	61.360
333.875	239.467	72.829	60.423
330.175	238.282	72.724	59.926
325.511	235.367	70.711	61.602
322.167	235.615	68.753	62.282
317.199	235.555	68.883	64.108
314.096	237.388	66.148	64.597
310.151	238.782	65.382	66.607
307.715	245.418	57.805	66.338
306.174	249.224	54.835	65.734
305.646	251.767	50.973	66.852
304.013	254.397	49.788	67.147
303.529	257.777	47.078	66.630
303.860	262.058	46.178	65.924
303.741	262.825	46.736	65.427
304.309	262.913	48.531	65.275
307.138	261.093	48.145	65.264
309.267	256.302	49.767	67.717
313.572	246.864	55.287	68.438
316.191	241.754	59.766	68.889
319.525	236.279	62.695	70.095
324.272	232.483	64.426	69.680
327.377	228.037	67.557	69.996
337.109	217.471	71.097	72.063
342.910	212.211	71.285	71.332
348.097	208.133	71.298	72.329
355.081	207.183	70.068	71.534
361.766	206.731	67.548	70.368
371.064	208.315	64.286	71.196
372.390	209.618	65.507	69.654
373.600	210.779	65.501	71.610
373.437	214.167	65.352	72.716
373.718	217.975	63.524	75.870
371.013	231.877	62.615	82.391
370.022	238.589	63.238	85.116
369.071	248.877	62.906	84.131
367.872	261.030	62.733	78.287
366.551	265.565	60.770	75.096
360.090	261.959	59.125	75.706
358.048	255.086	57.603	77.591
356.874	249.046	56.669	77.864
357.232	244.779	54.643	76.375
357.631	243.583	55.003	73.575
363.185	246.002	54.797	73.605
364.417	247.178	57.808	74.270
366.366	248.070	58.952	74.241
368.192	243.760	59.452	77.065
368.688	234.963	60.131	81.222
367.413	212.971	58.458	85.432
365.347	203.995	59.563	84.781
364.312	197.931	58.950	82.503
361.559	196.396	59.846	76.974
359.920	193.737	60.960	76.841
359.327	192.488	59.877	79.377
358.370	195.882	60.748	80.483
358.027	198.726	60.901	81.671
357.669	203.841	60.924	81.898
356.801	207.686	59.953	82.265
356.967	220.061	55.666	80.252
357.026	225.441	56.592	80.405
356.382	231.687	56.171	80.935
354.589	238.372	57.451	80.990
353.224	244.682	57.679	81.822
351.388	257.555	55.905	79.725
351.027	263.769	56.287	78.390
351.718	268.360	55.574	77.780
350.248	270.219	56.265	76.489
349.750	271.270	56.348	76.020
352.646	273.869	53.625	75.346
353.185	274.595	53.187	74.606
355.543	276.544	51.255	74.681
357.532	277.799	49.671	74.739
358.502	278.645	50.175	74.441
362.076	278.258	49.998	73.849
362.384	274.471	51.315	75.439
363.790	269.274	52.948	79.513
364.427	263.588	55.958	79.539
366.670	256.863	56.068	80.802
374.180	246.987	56.090	78.944
381.598	244.054	52.186	75.373
388.544	241.521	61.093	75.983
396.149	239.392	66.603	95.744
400.346	241.519	61.882	105.835
395.055	271.352	60.455	85.783
391.025	277.750	60.601	78.285
396.946	224.612	66.165	78.108
398.236	219.519	67.145	74.835
397.235	213.621	69.338	77.590
399.741	210.179	68.100	71.536
404.985	211.292	63.010	71.555
378.623	282.730	43.771	73.943
399.010	217.697	68.958	71.365
397.640	219.131	67.618	71.666
391.038	212.556	64.377	76.901
387.833	205.752	59.378	77.735
396.238	280.505	47.313	73.768
400.902	282.298	47.573	70.325
374.655	201.362	56.384	78.168
366.746	208.623	51.417	84.938
429.358	302.721	56.053	76.966
435.618	311.969	58.770	77.202
442.108	321.813	61.185	78.363
447.943	330.545	63.972	78.522
455.097	347.946	66.656	72.656
458.883	349.708	66.874	69.504
461.656	350.755	67.154	68.895
461.933	343.088	68.076	72.548
463.017	330.778	66.443	76.968
461.329	293.095	61.721	79.209
458.787	270.740	60.172	81.566
454.584	259.085	59.570	77.863
450.327	248.310	59.738	75.731
446.284	242.335	57.344	74.739
437.193	243.773	56.742	71.435
433.774	244.805	55.454	72.988
358.771	276.644	47.552	73.260
422.358	247.905	51.737	73.176
419.135	249.219	49.505	73.539
377.238	292.236	55.674	81.952
382.620	288.888	59.008	99.511
387.801	299.206	57.703	98.563
392.310	305.600	58.076	100.941
395.386	309.166	59.613	100.139
399.307	295.141	62.558	109.941
400.847	294.885	64.590	102.995
403.147	290.345	62.870	94.219
405.272	269.129	60.250	99.987
402.321	250.629	61.019	108.210
401.790	277.829	59.775	73.786
396.399	281.652	63.224	71.077
395.020	285.627	60.962	69.272
404.873	220.662	51.842	70.740
387.793	287.011	59.647	69.682
417.423	219.447	53.553	72.269
420.389	221.529	54.463	75.589
422.032	228.853	55.759	77.500
425.610	236.758	56.457	83.915
427.432	249.197	60.813	89.137
431.089	269.942	58.449	85.292
434.774	303.884	56.881	75.427
436.088	311.693	56.496	70.450
437.187	312.940	55.887	67.502
438.973	302.560	52.299	75.014
372.466	299.521	43.981	87.496
373.829	282.107	48.665	89.021
374.895	270.863	50.572	85.825
377.721	265.690	54.903	78.022
429.718	270.700	50.156	71.330
386.224	255.183	59.161	75.898
383.579	239.502	79.874	111.575
393.735	238.190	68.592	116.164
413.189	258.800	47.051	96.428
390.990	229.903	63.451	70.501
388.792	229.265	66.499	74.473
416.084	326.723	38.306	73.836
414.750	335.725	40.411	69.347
416.527	340.100	40.018	66.191
387.258	266.839	59.918	49.225
378.269	228.631	63.260	88.353
377.788	215.468	55.353	84.117
375.750	209.957	51.217	80.649
372.623	206.329	50.275	75.791
370.405	204.495	47.362	71.486
367.756	204.880	46.391	71.222
363.289	213.512	43.118	79.956
363.964	226.556	41.692	82.183
423.686	269.682	58.852	74.204
427.022	277.045	55.572	74.243
427.921	281.733	54.894	69.855
427.223	258.797	51.881	85.251
428.169	237.968	48.026	88.748
423.821	222.447	48.558	83.877
363.315	258.734	45.725	70.897
420.595	205.131	47.651	74.752
420.083	208.796	44.444	75.070
419.294	216.840	42.555	75.903
417.288	225.666	43.479	71.921
417.408	232.294	41.650	67.525
415.653	231.111	41.300	69.366
413.455	224.226	41.753	69.033
373.172	273.962	51.462	74.500
413.225	218.361	42.631	69.708
414.485	218.149	44.852	67.553
417.418	218.182	43.262	69.859
418.794	231.862	47.073	71.749
419.951	237.751	46.838	73.327
391.687	260.702	44.901	71.501
392.235	262.218	46.338	70.160
392.860	259.471	48.915	70.557
398.625	254.253	52.296	69.488
400.072	248.711	60.363	75.460
401.995	244.348	56.120	81.210
404.943	242.674	52.178	84.534
407.170	255.388	43.844	76.648
406.326	276.380	41.202	69.003
405.720	282.707	40.024	66.187
405.472	284.651	39.768	65.625
410.583	251.781	59.392	59.473
402.987	283.019	41.549	68.029
408.249	268.923	44.356	77.721
411.926	257.354	48.264	89.070
413.806	256.895	49.959	86.661
422.568	278.970	44.789	68.433
430.597	284.953	45.497	62.422
382.051	259.165	52.121	64.805
455.053	282.381	50.225	61.873
461.760	281.742	53.182	60.935
466.402	279.068	59.172	61.589
471.639	278.786	61.691	60.352
479.319	276.409	66.805	58.255
482.283	274.679	66.540	57.527
482.600	273.720	68.407	56.563
483.513	270.892	67.492	57.824
483.117	269.178	67.062	57.488
478.452	266.974	63.780	59.250
475.257	266.686	62.246	60.022
472.106	266.455	58.821	60.666
468.145	263.412	51.685	62.103
464.943	260.642	45.258	63.042
386.422	258.980	67.247	62.096
446.931	245.875	49.965	66.886
384.704	258.502	66.542	57.048
385.494	259.250	66.530	55.630
386.085	260.618	66.771	55.418
454.236	249.113	52.302	64.975
382.594	262.195	64.437	58.766
376.964	261.104	62.115	59.437
372.309	258.679	60.377	60.934
364.645	257.401	56.781	60.641
347.771	253.074	48.399	62.529
343.058	252.115	41.513	62.043
335.693	250.509	41.675	61.601
329.384	249.017	45.098	62.301
324.808	248.188	49.238	62.673
322.550	247.483	53.094	63.102
322.525	248.534	55.133	60.964
325.000	248.452	55.754	60.830
329.488	247.999	54.890	61.623
335.470	247.972	53.205	63.349
348.749	249.066	54.294	63.607
360.269	250.818	50.284	62.462
370.642	249.971	51.678	63.783
382.944	249.519	53.219	64.121
393.345	244.030	59.050	67.975
415.453	227.628	56.051	72.763
427.673	218.058	62.618	88.343
427.112	206.390	70.582	92.821
411.733	215.520	59.314	84.435
402.869	207.737	58.189	79.437
383.593	177.147	115.357	90.879
459.394	148.501	78.299	72.019
467.510	139.705	72.623	62.701
466.531	137.065	75.611	56.010
467.599	134.364	74.480	53.883
464.321	133.148	73.473	58.369
457.288	135.757	74.589	62.095
452.806	140.031	74.800	65.735
445.159	146.481	73.907	71.533
407.365	166.497	53.805	91.400
424.398	199.992	61.743	106.688
415.878	227.253	70.987	98.551
441.703	261.745	69.191	91.299
395.832	279.418	53.696	79.388
384.712	294.394	53.671	72.814
362.947	307.468	50.091	64.986
353.023	310.565	48.777	64.636
343.808	312.585	48.586	64.765
334.345	318.088	43.951	64.243
327.596	321.126	41.673	64.439
312.102	318.618	40.970	65.076
305.741	307.394	39.438	71.224
300.282	294.601	38.878	74.398
295.110	280.377	38.840	75.128
290.583	268.957	39.136	71.823
283.520	257.809	40.584	64.348
281.681	256.983	40.518	62.498
280.767	255.645	41.509	62.471
280.476	254.976	41.417	61.422
281.074	252.955	42.858	62.041
286.503	252.284	42.497	61.117
289.642	253.879	43.631	61.576
293.584	258.349	44.487	61.875
298.381	265.221	46.586	62.786
304.360	273.275	47.146	67.927
312.380	288.676	48.576	64.071
327.706	309.902	50.801	63.310
337.636	316.600	50.037	62.376
392.491	341.021	42.791	69.724
390.526	343.498	41.560	69.791
384.760	343.903	39.970	67.026
382.164	336.662	38.999	69.577
379.404	326.766	39.440	71.346
376.112	316.196	39.064	73.246
373.076	306.474	39.315	72.900
366.689	286.342	39.916	70.494
363.897	281.410	39.855	68.371
360.961	277.018	40.613	67.869
358.132	275.340	40.714	66.807
355.072	275.072	40.363	65.769
348.020	275.930	40.987	66.199
343.653	276.620	41.763	66.100
339.482	278.369	41.551	65.802
334.480	280.362	41.725	66.110
329.445	283.728	42.305	67.505
318.799	295.639	45.947	70.326
314.429	302.450	46.210	68.455
310.795	309.128	46.495	66.168
307.184	311.938	47.508	66.445
304.370	314.828	48.685	64.200
301.282	313.776	50.475	64.262
301.219	313.316	50.150	63.028
301.737	310.625	50.428	63.974
303.032	308.610	51.153	64.433
305.140	307.163	51.900	62.897
308.349	303.650	52.278	64.804
316.815	298.131	54.874	63.798
323.504	291.973	55.107	65.359
330.110	288.556	55.513	63.488
338.104	285.164	54.723	62.855
346.542	282.814	55.179	61.824
364.462	282.340	50.222	59.008
377.405	281.394	46.281	64.529
461.215	250.864	48.860	71.232
453.357	252.484	50.686	74.032
447.204	256.352	48.231	75.078
432.278	266.447	51.639	74.563
426.851	267.564	50.641	74.947
420.795	267.415	51.599	74.430
416.575	264.760	51.929	73.123
410.805	260.815	52.894	74.439
401.848	249.506	55.207	76.019
400.655	247.125	53.397	73.582
398.895	245.366	54.372	72.382
397.720	243.210	54.140	73.560
397.464	242.407	52.454	73.289
392.244	242.461	53.518	74.453
388.465	243.426	55.330	75.729
384.502	247.083	55.534	75.165
380.847	248.514	54.627	76.201
377.464	251.557	54.323	75.663
371.644	253.082	53.765	74.736
370.616	251.348	53.149	74.988
369.344	245.429	52.325	77.165
369.418	241.069	51.168	76.818
369.817	237.786	50.381	74.736
375.812	234.112	50.172	74.135
379.772	234.685	50.468	76.927
383.850	239.980	50.114	75.487
386.836	243.081	51.369	74.881
388.439	244.106	54.161	75.458
389.231	242.882	58.611	74.789
461.159	244.159	44.209	74.208
392.599	241.151	56.555	72.516
452.884	244.012	43.649	71.689
449.301	244.947	43.091	73.568
385.522	247.538	58.037	74.938
439.637	250.524	47.100	72.249
398.220	245.588	83.691	75.801
383.526	242.896	60.362	74.625
379.664	235.335	59.073	78.266
378.468	226.154	59.314	78.219
378.474	223.074	57.696	76.821
377.443	221.138	57.879	76.319
376.516	220.909	57.863	75.386
374.708	220.126	57.007	75.705
372.486	212.950	55.316	81.182
372.930	212.594	55.405	80.684
388.949	195.348	56.877	80.497
388.811	195.941	57.403	80.415
388.539	195.370	57.377	80.181
388.490	195.455	57.365	80.075
389.236	195.127	56.291	79.472
388.925	195.176	56.474	80.431
388.384	194.741	57.154	79.284
388.759	194.746	56.634	80.589
388.584	194.645	57.017	80.296
388.552	194.039	56.796	81.221
387.889	194.218	57.639	81.449
386.653	194.283	58.540	81.738
385.799	194.668	59.571	81.340
384.361	195.461	60.427	81.193
383.108	197.245	61.546	79.612
379.430	197.506	60.589	79.043
378.422	196.831	60.373	80.688
377.876	197.610	58.339	78.640
376.230	197.639	57.341	80.267
374.762	198.081	56.225	79.237
370.929	198.446	55.699	79.109
370.770	198.199	53.404	78.759
369.304	197.847	52.053	78.795
367.972	197.955	51.319	78.083
366.598	198.095	51.110	77.909
365.437	198.024	50.619	78.281
364.055	198.394	51.567	77.948
364.394	198.480	50.819	77.574
364.420	198.596	50.630	77.458
366.016	198.463	49.981	77.927
368.353	198.807	51.667	77.845
369.664	198.642	51.484	78.249
371.945	198.802	51.371	78.126
373.035	198.345	52.963	79.150
374.383	198.436	54.163	78.856
378.344	197.547	54.672	80.550
380.278	197.334	55.981	81.491
381.722	196.869	56.687	80.876
382.849	196.700	57.638	81.664
386.035	196.428	57.010	81.565
389.101	195.852	57.797	81.932
388.370	195.683	60.163	82.202
388.275	196.457	61.746	80.911
388.404	196.497	62.848	80.653
388.447	196.133	63.324	80.917
388.022	197.244	63.806	80.491
387.329	196.733	63.972	80.204
386.453	197.008	63.377	80.560
385.628	196.612	62.481	80.699
384.920	198.536	60.901	78.690
379.752	198.264	61.260	81.658
378.408	198.137	59.684	80.376
377.314	199.371	57.354	80.273
375.171	200.455	56.252	79.840
372.744	201.335	55.872	79.921
367.951	203.480	53.772	77.852
366.635	203.452	52.831	79.077
364.511	204.030	51.917	78.154
363.805	204.657	51.030	77.769
362.114	204.850	49.619	76.980
361.648	205.044	47.974	76.428
361.005	206.544	47.797	75.697
361.574	206.956	46.804	76.010
363.187	207.223	45.758	76.197
364.739	207.333	46.545	76.613
366.964	207.518	46.952	76.706
371.496	206.994	49.698	78.555
374.054	207.991	51.204	79.069
376.491	208.763	53.337	79.461
377.472	209.408	55.956	79.184
380.221	209.553	57.904	79.506
383.669	211.566	62.150	78.199
384.238	212.216	64.756	79.314
384.769	212.519	66.568	79.225
385.034	213.904	68.212	78.758
383.986	215.143	68.677	78.147
381.668	218.869	71.245	78.588
380.244	220.372	70.126	77.810
378.533	221.649	69.774	78.477
375.649	223.122	68.511	79.212
373.309	225.226	64.089	81.665
362.014	235.856	63.732	87.992
358.606	246.071	60.280	88.502
354.706	257.083	56.530	84.546
350.202	264.932	54.211	79.358
345.859	265.440	51.110	79.068
339.788	261.904	47.154	79.815
335.585	258.507	47.678	80.107
333.391	255.537	48.327	79.450
331.788	251.857	48.087	79.719
331.659	247.485	49.468	81.642
334.262	243.518	49.917	79.686
337.445	242.625	49.158	78.807
341.516	242.391	49.049	78.012
346.777	242.234	48.206	77.630
352.176	243.014	47.609	79.255
361.176	247.664	57.431	80.504
366.730	248.297	61.393	79.331
370.920	245.737	65.670	81.638
373.625	241.169	71.316	83.179
371.062	230.836	85.646	89.337
381.742	228.960	94.517	101.869
387.808	230.053	79.647	94.192
394.646	228.672	75.370	109.119
393.580	227.334	78.952	106.224
393.854	231.480	80.259	103.712
386.619	228.625	83.290	105.433
380.336	233.145	79.836	97.422
373.523	235.081	80.855	77.881
368.131	236.662	74.066	80.094
360.959	241.502	76.319	82.513
338.597	252.317	74.285	87.656
330.599	262.557	70.271	84.954
321.425	268.713	63.906	84.264
311.522	274.078	61.541	83.428
301.855	276.426	59.737	80.693
284.141	275.656	52.722	81.124
275.190	274.024	53.909	80.528
268.324	270.568	52.957	81.840
263.380	265.255	53.690	83.723
260.666	259.869	54.733	85.566
261.674	251.827	56.691	84.951
265.271	251.096	57.725	82.886
270.621	251.225	58.407	83.458
278.901	253.215	55.366	84.088
287.994	255.851	50.750	82.671
297.916	258.935	56.456	80.265
303.923	253.540	60.646	84.570
308.706	246.954	64.652	86.052
315.073	239.528	65.810	87.950
321.402	235.470	66.700	86.582
331.888	231.775	67.300	84.824
337.373	231.856	67.678	84.073
341.295	231.782	68.140	84.678
343.892	229.742	69.008	85.656
345.570	226.027	69.561	87.461
344.700	218.742	70.088	87.745
343.798	216.276	71.224	85.640
341.926	213.892	71.273	85.454
336.943	211.371	76.265	84.946
333.284	209.965	78.444	85.666
326.730	212.721	78.315	86.722
320.584	214.874	81.715	88.093
316.239	217.891	81.460	87.945
312.776	219.942	79.815	88.517
310.363	221.056	77.574	87.724
305.421	223.206	73.042	87.839
305.413	223.237	67.735	87.501
304.873	225.219	63.309	87.064
304.579	228.794	60.089	87.705
306.510	233.680	57.079	89.621
309.502	252.091	53.146	91.743
310.017	262.900	51.908	88.435
309.961	271.136	50.784	85.923
309.644	274.426	50.261	83.895
309.321	275.125	50.291	83.684
311.913	270.698	51.396	84.331
313.487	269.253	53.834	84.922
315.521	269.426	56.572	84.399
317.484	270.290	58.276	85.241
320.365	272.074	59.267	86.336
325.729	275.421	61.884	86.101
327.739	274.719	63.002	86.719
331.334	270.977	62.892	89.008
332.826	264.622	63.971	91.232
334.755	258.573	65.091	91.510
338.181	246.212	70.328	93.847
340.915	239.178	70.890	95.098
343.642	232.385	71.588	95.551
345.092	224.825	71.907	96.648
346.371	218.740	72.748	96.823
347.364	207.528	74.889	96.202
346.922	203.797	76.309	93.379
347.144	201.538	76.598	91.506
348.034	199.545	76.372	91.389
345.417	199.451	78.969	92.148
342.382	207.840	78.972	92.650
340.148	213.567	78.453	93.548
335.621	219.564	81.792	94.060
332.472	227.323	80.331	93.163
328.785	235.420	78.682	91.766
320.704	247.670	73.379	89.693
315.269	254.589	70.304	87.446
310.389	258.224	69.100	87.646
305.309	261.282	66.807	87.767
300.851	263.654	60.666	87.985
292.553	267.225	52.781	87.672
288.766	269.260	50.782	85.406
285.850	269.559	50.330	86.138
282.786	269.592	51.425	86.034
281.058	268.921	51.460	86.897
280.195	272.100	52.440	87.897
282.489	275.231	52.656	87.846
285.621	277.750	52.670	87.717
291.091	279.567	51.424	86.618
296.890	281.588	50.914	85.219
309.115	283.705	53.866	86.335
317.367	284.567	55.683	85.820
325.971	283.952	58.844	87.327
334.258	283.237	62.654	88.217
342.472	280.843	66.028	90.462
349.608	277.239	70.492	92.250
364.594	268.545	76.922	93.401
371.267	263.440	78.982	95.146
378.039	256.545	79.678	97.037
383.543	250.603	78.428	97.353
392.132	235.974	70.355	103.750
394.194	227.809	71.707	100.994
395.213	221.349	73.517	95.974
394.509	213.071	76.690	95.643
393.097	207.116	80.318	93.055
387.752	197.255	84.621	92.208
384.461	193.374	82.551	91.269
381.022	191.636	82.058	90.955
376.257	191.489	83.079	92.479
371.185	191.795	82.607	96.158
359.833	199.101	80.628	97.614
351.760	203.715	80.048	97.927
343.636	207.558	81.191	100.253
337.038	214.310	77.314	99.245
330.884	219.528	72.535	98.317
318.231	232.549	67.285	94.887
311.089	237.951	65.472	94.927
304.946	243.930	60.285	93.833
299.178	249.176	57.250	94.077
293.945	254.985	55.897	94.058
290.153	260.718	54.928	94.301
284.031	271.074	55.187	94.481
283.382	275.389	53.928	94.371
283.307	279.898	53.498	93.493
285.285	283.222	52.961	92.188
287.596	285.720	53.733	92.260
295.446	287.495	54.813	93.170
300.425	287.903	57.402	92.812
306.455	286.453	59.909	94.523
311.181	284.129	65.765	95.501
323.612	275.077	72.726	100.738
330.506	271.357	75.312	102.202
337.184	266.101	77.830	102.496
343.837	261.814	74.578	100.132
348.537	255.708	70.728	101.437
368.902	255.226	77.484	104.695
365.583	233.454	80.457	130.295
360.609	227.443	84.979	132.820
364.384	221.264	82.015	132.852
354.520	209.334	105.336	156.678
379.106	237.825	62.193	130.396
378.499	228.951	63.337	130.054
385.881	280.289	56.916	90.143
390.268	284.421	55.929	86.237
395.798	284.002	55.814	87.250
401.320	278.625	56.557	92.724
417.399	274.824	56.177	96.999
424.503	274.415	61.182	95.139
431.523	273.018	64.565	94.467
437.654	271.547	70.006	94.397
444.971	267.451	72.622	95.704
460.795	260.913	77.819	95.375
466.537	254.974	81.088	96.590
472.409	251.230	81.882	95.140
475.357	245.809	84.178	95.372
478.946	241.361	84.550	95.314
482.332	233.998	85.981	94.665
480.451	231.401	87.786	93.368
481.383	229.735	86.817	93.140
481.666	228.051	85.839	93.488
478.794	227.506	84.158	92.949
473.760	229.597	79.639	95.822
470.036	231.427	78.445	96.156
465.391	233.706	76.684	96.423
460.709	236.731	74.910	96.621
455.138	240.152	73.389	95.757
443.064	244.495	71.216	96.203
436.932	247.269	69.373	96.710
429.364	249.127	69.935	97.023
424.542	251.264	68.651	98.602
422.756	254.477	62.801	97.353
417.103	258.861	56.285	99.289
382.062	231.653	77.353	115.397
390.421	226.690	89.693	118.498
394.810	222.637	84.528	102.221
409.407	218.643	95.999	100.061
417.438	212.653	102.940	94.595
411.335	212.021	105.995	94.600
408.398	209.309	108.156	97.190
407.016	212.472	108.133	94.287
402.834	212.780	102.264	96.355
391.127	220.017	89.062	100.285
429.799	255.062	72.040	120.014
373.750	234.994	93.977	114.934
366.746	231.505	95.395	109.466
465.583	275.113	68.841	101.486
486.970	278.688	74.870	102.550
496.539	277.163	82.251	104.506
506.231	282.214	84.219	99.456
516.481	284.086	85.822	97.527
528.116	285.764	85.557	96.583
546.095	286.684	88.617	95.481
554.363	288.191	87.660	93.462
558.343	287.990	89.492	93.400
560.297	288.252	92.715	93.083
560.216	287.785	95.173	93.437
559.133	289.246	97.754	91.731
557.613	290.006	97.733	91.842
553.600	291.383	97.872	91.776
548.915	291.151	98.147	92.759
542.395	290.805	97.856	94.925
528.551	291.611	90.969	97.208
520.521	289.810	86.238	98.983
510.179	289.077	84.150	99.269
499.369	287.617	84.003	99.737
488.570	284.992	77.308	100.553
466.251	263.473	74.810	104.439
403.707	231.092	117.800	133.978
418.291	225.204	105.488	131.911
431.247	220.737	115.910	104.514
448.285	212.847	112.457	102.667
413.158	262.433	66.754	105.145
409.672	261.885	65.265	103.385
407.162	260.460	66.430	103.545
406.880	258.452	66.323	105.395
407.284	258.748	68.498	104.006
452.699	213.739	112.659	98.696
437.867	217.352	112.870	99.542
428.775	223.799	103.016	135.443
413.567	226.643	97.640	130.389
400.221	230.965	98.220	115.335
369.306	243.681	103.002	108.537
498.708	283.987	71.706	100.737
340.509	247.577	88.492	110.075
316.921	243.427	101.471	119.222
303.198	253.841	82.633	102.864
265.980	251.993	75.258	106.682
251.400	252.493	75.836	104.799
238.788	251.062	77.850	105.730
228.760	249.382	81.511	106.375
222.837	249.360	83.377	106.425
218.633	248.504	82.888	106.267
220.267	248.078	81.800	106.726
224.116	248.071	82.826	107.666
229.976	249.093	82.849	108.839
238.794	251.665	81.345	108.923
264.080	256.198	77.345	108.445
280.409	257.207	74.807	108.227
296.843	258.707	78.852	107.212
314.312	259.495	84.414	106.299
330.100	258.716	88.116	106.276
358.469	251.956	99.149	108.572
376.098	247.666	97.868	111.000
393.606	243.692	96.491	110.650
409.815	239.737	98.620	109.081
426.599	235.203	94.446	111.183
457.326	228.475	84.889	109.349
468.158	223.896	83.645	114.214
487.327	222.281	87.568	132.810
494.231	221.009	94.456	135.322
500.859	222.015	87.516	137.197
529.555	214.613	81.494	111.544
538.564	214.146	81.764	109.396
547.453	212.195	80.659	110.012
554.895	210.612	81.145	110.433
561.713	211.579	81.115	108.856
572.558	211.633	80.461	109.036
577.352	211.706	81.021	110.150
579.485	211.021	83.046	113.536
580.658	211.782	85.707	112.346
580.844	211.726	87.425	112.466
582.436	211.846	88.477	113.249
581.243	213.010	89.983	112.564
578.780	213.895	91.097	112.376
574.977	215.583	92.445	111.460
569.588	217.242	93.868	111.272
555.261	221.764	97.539	110.213
545.319	224.194	100.928	110.737
534.882	225.767	101.433	112.801
524.506	228.494	99.431	113.268
511.261	230.781	99.921	112.026
488.425	234.900	90.664	133.387
465.392	234.274	95.916	119.809
455.997	239.454	90.896	111.943
526.902	268.160	89.071	99.762
536.240	266.756	82.473	101.391
541.309	254.003	98.341	111.664
554.985	255.342	86.842	103.226
560.050	252.437	86.216	102.234
564.996	249.415	83.044	103.022
566.752	245.030	80.525	103.261
567.685	236.816	78.941	104.460
566.421	232.614	79.944	104.685
564.138	228.090	78.737	105.083
561.484	222.595	78.472	107.121
558.144	218.207	76.507	107.119
551.169	208.244	76.005	107.652
547.555	199.059	77.687	112.554
541.705	194.834	75.272	111.748
533.208	189.044	76.710	111.877
526.767	185.117	75.772	111.954
515.695	177.458	75.063	109.713
515.986	173.166	74.731	109.597
405.474	168.042	90.376	112.752
405.946	164.748	89.192	113.556
410.148	161.208	88.017	112.439
416.757	154.334	83.169	114.136
421.358	152.872	81.113	111.880
427.172	151.504	81.666	112.969
425.410	148.472	86.060	114.874
426.595	147.939	83.350	111.606
425.524	148.162	83.391	113.035
420.990	143.413	109.921	122.850
480.611	153.429	81.156	113.151
476.492	150.374	88.023	113.987
481.177	152.899	82.933	109.558
483.701	152.549	82.692	109.365
481.976	152.343	84.193	112.412
483.327	154.135	81.149	112.835
483.384	155.445	79.776	111.735
483.905	156.357	77.423	110.758
483.483	157.489	75.443	110.293
482.936	158.014	74.741	109.295
483.586	158.179	73.092	109.249
486.050	157.958	72.487	109.297
486.083	159.196	71.008	107.988
487.491	159.284	73.766	107.368
485.017	160.071	78.105	107.813
485.403	159.014	81.271	109.083
486.164	158.842	78.820	109.632
485.784	159.195	81.109	108.808
486.969	158.842	81.362	109.578
488.310	158.106	78.928	109.688
489.126	158.180	79.005	109.254
490.502	158.195	78.286	108.755
491.561	158.263	76.167	108.611
491.121	158.768	74.831	108.212
491.370	158.901	76.648	107.428
488.423	159.992	76.649	107.171
489.107	160.419	78.647	107.056
489.256	161.351	79.720	106.587
486.715	162.560	82.996	106.024
483.940	162.294	83.840	106.932
481.380	161.642	87.243	107.660
478.480	160.237	85.144	108.800
478.307	161.488	80.521	107.183
473.648	161.641	79.859	107.665
437.008	162.642	102.803	110.593
432.232	164.176	101.404	108.882
430.698	163.406	96.182	109.179
431.252	161.588	88.642	110.631
432.709	162.928	81.647	110.218
433.949	161.226	71.433	111.121
433.529	160.866	72.565	112.878
430.860	160.981	75.095	112.186
429.145	161.082	76.618	111.923
427.530	159.469	77.767	114.093
432.738	160.074	72.061	114.035
427.825	157.888	75.708	114.112
432.478	156.998	71.620	117.605
437.296	158.204	67.167	116.015
435.836	157.722	64.583	114.197
430.667	157.131	70.576	111.678
423.309	153.837	73.330	114.297
418.198	153.333	78.542	115.328
421.274	153.968	75.749	115.567
421.569	152.966	70.391	116.882
417.763	152.115	70.188	114.775
419.229	151.388	70.417	120.751
418.487	150.799	68.625	117.297
414.404	150.251	70.383	116.186
391.750	150.963	83.656	108.505
403.368	147.890	88.413	116.262
410.059	149.444	77.358	120.773
390.532	149.657	89.115	111.256
429.297	154.978	64.401	122.252
419.108	157.432	77.028	118.215
425.234	155.840	69.578	124.168
404.186	153.626	79.019	119.322
417.037	155.532	72.293	122.969
401.420	152.560	82.385	114.398
412.406	153.782	73.670	122.740
421.196	156.260	65.764	120.505
416.786	158.552	68.281	118.791
415.308	159.217	68.586	118.426
414.613	161.110	66.993	117.874
410.940	156.469	68.626	121.482
407.364	156.782	69.297	121.971
406.448	157.590	67.777	123.681
407.516	159.055	66.531	123.920
404.307	159.279	67.276	121.466
403.459	158.646	68.653	125.116
392.560	158.709	73.499	121.060
389.051	158.568	77.210	124.384
383.253	157.066	80.484	124.188
384.426	157.398	77.725	122.161
388.794	157.797	75.813	123.271
396.070	157.540	69.945	125.580
394.369	158.156	69.863	122.312
393.162	158.322	67.884	122.343
390.241	157.319	68.045	122.826
393.147	159.042	64.036	122.620
387.285	162.986	65.325	119.910
378.112	156.569	75.195	124.218
380.570	157.645	69.468	123.528
376.482	154.870	72.985	125.513
382.453	157.729	66.334	123.802
374.025	156.737	70.713	124.726
377.155	159.251	67.800	123.432
374.671	159.840	69.124	123.471
375.638	160.864	67.148	123.377
378.431	164.072	64.599	120.634
373.532	164.076	68.826	121.282
376.264	167.984	67.867	118.134
374.975	165.323	71.252	120.833
376.874	169.394	71.286	117.786
377.162	168.028	73.845	118.767
387.338	173.939	69.823	115.117
389.783	174.926	71.627	111.787
391.447	172.689	74.001	110.891
399.464	179.892	70.928	110.752
410.737	185.529	64.522	108.402
415.930	190.418	65.635	105.704
415.927	193.823	69.788	102.941
415.146	194.272	73.679	103.997
414.639	192.337	77.382	108.108
416.475	193.420	73.572	110.253
384.195	187.739	73.963	111.336
377.129	185.612	79.534	103.991
380.758	188.064	72.195	103.306
390.445	188.742	73.127	109.922
392.200	192.443	72.774	117.404
391.313	195.524	68.376	118.957
388.403	196.658	73.552	116.531
387.702	200.263	69.205	115.109
395.949	200.525	69.597	109.078
416.558	203.193	69.493	97.922
420.303	202.947	72.680	103.106
419.965	206.524	76.311	99.160
421.754	208.095	76.540	98.993
424.253	209.050	76.084	97.339
428.708	209.606	73.852	97.726
428.002	210.931	69.216	97.045
426.140	212.179	66.301	95.322
419.320	212.883	69.800	95.598
393.815	215.087	74.056	100.577
395.557	215.865	75.847	101.589
403.428	216.126	67.423	100.890
407.912	217.226	63.639	98.617
406.702	216.284	68.366	98.876
403.400	216.318	76.103	97.329
402.282	216.278	80.992	97.136
396.514	216.876	90.789	94.354
387.088	216.493	85.538	94.042
385.468	215.874	104.837	94.564
380.771	216.674	84.030	92.865
376.372	216.908	91.795	91.691
376.451	217.572	79.564	92.136
372.204	217.384	81.357	90.794
374.133	217.822	78.939	91.822
369.112	216.657	80.430	91.163
372.389	217.092	80.452	91.681
368.216	216.843	82.739	90.194
367.150	216.307	79.327	90.741
387.087	211.027	113.351	106.512
371.099	215.503	83.597	91.374
375.704	208.661	120.194	109.771
396.171	214.075	84.874	96.006
398.916	215.057	77.662	94.315
404.002	215.358	69.767	94.475
403.735	215.109	65.297	94.583
397.971	216.002	73.941	95.591
388.678	217.307	82.646	96.136
382.098	217.850	77.650	95.984
379.317	216.278	107.196	97.895
422.485	217.555	88.190	89.472
373.963	221.593	62.901	95.075
372.610	223.543	56.864	96.328
419.638	215.277	86.152	89.422
370.947	227.599	67.782	94.303
417.314	222.835	84.292	88.022
413.362	225.071	82.012	87.854
388.834	228.230	71.334	98.601
392.800	230.809	64.403	95.877
393.736	232.199	63.225	95.959
387.211	233.090	74.356	94.849
378.177	233.010	74.033	90.236
371.508	235.251	80.371	88.702
366.912	237.000	107.884	88.450
361.153	237.367	82.281	88.238
360.201	230.960	128.194	104.464
358.132	226.199	134.808	110.730
373.481	235.579	112.536	96.448
406.682	236.004	79.535	98.104
379.889	229.347	94.011	97.784
379.847	227.141	72.816	95.058
384.668	227.477	79.982	94.718
393.231	227.750	70.191	95.077
389.840	228.654	73.046	103.825
385.342	232.664	80.472	99.320
385.004	233.709	79.812	97.134
381.391	237.488	68.943	92.937
378.950	239.104	59.498	89.408
420.067	227.396	74.274	86.269
367.882	237.820	60.638	89.124
365.661	236.151	65.053	91.816
417.545	231.116	68.868	86.156
362.265	235.777	65.223	91.231
368.401	237.999	62.286	87.621
377.016	237.516	72.048	88.527
379.421	237.343	67.839	88.835
371.742	237.136	74.086	89.113
366.010	236.816	82.169	89.852
340.146	236.989	93.833	84.809
333.606	238.273	102.445	81.036
329.902	238.726	101.749	78.943
331.037	238.211	97.283	78.217
331.369	237.682	93.852	77.752
331.133	237.830	92.258	76.973
332.277	237.114	88.083	77.714
332.033	236.317	86.793	78.974
332.010	236.441	87.607	78.798
332.733	236.577	85.664	78.539
335.305	237.943	83.029	77.163
338.351	237.201	80.016	77.689
341.514	237.394	80.360	78.347
349.411	237.121	86.787	79.710
364.573	236.994	88.519	84.019
383.410	237.510	66.005	86.999
384.445	238.158	64.013	86.305
381.971	237.514	70.292	86.760
380.241	236.328	68.770	87.273
375.380	235.086	62.886	86.954
411.782	225.824	83.032	82.414
415.802	229.022	83.020	77.248
367.101	233.466	59.287	88.216
406.975	229.513	90.026	74.057
410.774	227.666	89.875	74.414
405.184	222.943	85.589	77.312
374.091	229.941	60.437	87.361
378.528	226.671	62.239	89.148
381.041	224.806	67.551	90.281
383.705	223.416	62.206	91.006
377.297	219.911	76.209	88.560
374.639	218.907	85.150	90.639
364.472	218.957	89.736	89.467
388.547	221.567	79.664	90.405
382.092	219.016	85.650	92.563
355.624	211.702	115.134	102.169
387.899	223.479	79.353	87.806
397.771	224.863	67.389	86.388
400.472	227.413	64.663	83.991
400.546	226.881	64.717	85.412
398.819	227.529	60.965	86.129
397.700	228.862	60.885	84.538
396.443	228.306	58.920	84.950
391.871	225.610	60.264	87.517
386.318	222.983	64.898	88.726
373.536	218.225	63.836	90.111
378.449	218.074	59.071	92.772
378.337	218.702	55.660	93.474
376.439	219.818	63.998	91.912
375.146	220.228	71.277	91.266
376.201	219.878	71.946	90.549
374.324	219.916	70.575	89.690
394.423	216.948	73.148	84.034
395.686	218.620	75.586	82.450
385.513	219.475	87.770	82.783
399.811	219.828	69.982	83.434
392.572	220.167	79.824	84.043
396.018	220.459	71.640	85.402
379.130	223.642	65.783	89.300
382.351	224.283	66.289	90.250
387.624	223.585	68.258	91.570
388.117	224.497	69.818	91.410
388.714	225.522	69.526	91.492
389.645	225.538	68.221	92.067
391.308	226.314	66.832	91.729
392.706	226.441	65.615	91.532
392.529	226.198	65.945	92.673
392.940	226.378	66.068	91.436
392.231	226.181	67.356	92.022
392.798	226.279	67.286	91.878
392.780	225.793	66.776	90.651
393.047	225.806	66.319	90.713
391.126	226.049	66.417	90.093
390.591	226.751	67.170	89.418
390.336	226.444	64.725	89.603
388.683	226.389	61.108	88.784
386.591	227.288	62.952	87.635
385.903	226.219	61.971	88.758
384.727	226.436	61.307	88.125
383.583	226.250	60.592	88.386
382.190	225.603	62.150	88.319
382.282	224.871	60.891	89.526
382.255	224.954	61.713	89.341
381.226	223.517	62.472	90.346
380.927	222.874	62.594	92.039
380.558	222.361	63.535	94.049
379.005	221.916	65.745	95.215
378.421	221.698	66.988	95.741
377.831	221.388	67.512	95.407
377.913	220.941	66.958	95.530
376.845	220.426	66.644	95.089
377.302	220.190	65.507	94.418
377.298	220.408	65.107	93.772
376.880	220.519	65.037	93.370
376.316	220.075	65.391	93.547
375.239	219.434	62.806	93.248
375.110	218.606	60.621	94.272
374.424	219.854	60.003	92.977
374.432	220.812	60.676	91.078
372.372	221.672	62.963	90.819
370.500	223.409	68.385	89.661
369.574	223.817	70.258	90.288
368.499	224.343	73.322	90.846
366.101	225.619	78.560	88.883
362.702	226.915	86.812	86.890
377.961	229.003	78.577	83.237
394.509	228.524	69.838	81.888
399.923	229.896	68.927	79.842
402.597	230.520	68.205	79.474
348.999	233.081	66.076	81.819
409.903	231.572	63.812	82.417
346.959	231.665	56.299	82.117
345.065	230.584	56.465	82.362
343.292	230.497	57.003	82.095
341.847	230.090	57.114	81.928
339.336	228.770	58.086	82.220
338.275	228.710	58.370	82.410
337.093	228.630	58.967	82.603
336.220	228.255	59.226	83.157
335.070	227.961	59.080	83.404
335.415	228.572	57.172	82.569
335.394	228.803	56.408	82.754
335.652	229.410	56.004	81.828
336.159	230.258	55.649	81.020
337.106	230.371	54.304	80.855
338.815	232.461	53.103	80.112
339.146	232.909	53.606	80.592
342.928	234.435	51.311	79.302
342.203	234.239	52.811	80.437
346.307	235.725	51.196	79.372
350.223	236.710	52.340	79.166
349.808	235.704	54.223	80.699
354.397	235.887	52.121	80.460
355.582	236.442	53.667	80.072
359.405	236.263	51.633	80.764
363.158	239.008	50.617	78.437
362.907	239.308	51.086	79.706
364.107	239.962	51.237	79.053
365.403	240.460	51.109	80.062
364.191	242.441	52.488	78.447
363.897	242.842	53.078	78.825
361.810	246.215	55.500	76.263
360.279	246.151	56.167	77.733
359.660	246.746	55.784	77.280
358.422	247.814	56.750	76.400
356.549	245.524	55.558	76.365
356.274	244.129	54.473	76.472
357.541	244.202	52.567	76.656
357.620	243.266	50.658	76.714
357.845	242.690	49.347	76.605
358.055	242.757	48.738	75.746
358.251	242.311	47.494	76.427
358.227	242.164	47.764	76.184
358.441	242.472	47.490	77.261
358.519	243.170	48.211	77.393
357.735	243.940	49.492	77.370
357.890	246.707	53.629	76.564
356.760	249.305	55.874	76.260
359.269	250.896	55.506	76.204
359.789	251.057	55.962	76.439
362.674	251.994	54.184	77.548
368.780	252.557	50.045	76.985
368.246	252.268	51.053	77.209
370.525	252.095	49.239	76.033
370.447	251.930	49.514	76.026
370.597	250.342	49.331	76.806
368.287	249.542	52.842	75.391
368.590	248.489	54.007	75.731
369.681	246.561	53.420	76.079
370.764	244.727	52.848	76.488
372.357	242.635	52.138	75.859
374.554	240.162	51.438	75.073
374.591	239.156	52.099	75.432
374.439	238.671	52.789	74.074
374.327	237.835	53.775	74.899
374.349	237.847	55.223	74.672
373.760	238.793	56.739	73.710
375.820	239.516	54.972	73.771
375.339	238.946	54.875	74.359
376.214	239.360	54.241	73.738
376.541	239.929	54.033	73.725
377.590	237.888	52.273	74.094
378.276	236.101	51.608	74.060
378.226	231.933	51.301	75.270
378.789	229.844	51.632	74.714
379.472	226.194	50.851	74.895
381.840	218.063	49.539	75.918
383.696	216.528	48.040	74.496
383.061	213.002	48.706	75.115
385.905	211.870	47.595	73.967
386.504	209.460	47.070	74.261
390.482	208.645	46.505	71.930
435.523	209.051	48.491	72.133
436.632	208.001	45.550	70.378
435.852	205.801	46.673	71.659
394.039	207.942	48.419	72.717
392.561	208.152	55.543	73.309
396.395	207.298	63.099	73.339
396.367	206.032	67.259	73.074
395.655	204.901	63.164	74.086
396.120	204.623	66.614	73.894
396.547	204.419	62.389	73.906
396.668	204.751	68.975	73.063
397.077	204.730	68.285	73.140
397.090	205.027	67.389	72.751
396.631	205.431	66.735	72.314
396.322	206.233	66.556	73.084
395.878	206.358	66.617	73.440
396.541	207.831	69.300	73.762
396.327	207.283	68.478	75.851
396.208	206.836	68.872	76.733
396.261	206.983	68.236	80.647
396.474	207.728	63.374	80.508
399.225	208.858	62.200	81.105
399.878	208.735	63.476	85.750
398.642	210.191	63.574	84.908
398.237	215.060	62.205	82.228
399.770	216.451	59.817	80.872
397.783	217.651	61.831	79.531
394.296	220.277	64.677	75.685
391.395	223.509	67.477	71.732
386.776	221.981	73.390	75.592
385.821	221.860	74.835	78.114
390.550	220.932	70.948	79.860
416.648	218.104	48.671	74.190
418.119	216.543	49.112	70.229
418.320	213.470	51.249	70.073
417.630	212.385	52.700	69.254
417.392	212.420	52.938	68.525
417.461	211.614	54.116	68.896
417.004	211.542	54.997	68.475
416.862	213.451	55.110	68.262
416.754	215.341	55.365	68.148
417.539	217.097	54.133	67.756
417.680	219.317	53.749	68.605
417.646	221.899	53.093	67.754
417.165	226.130	52.360	69.981
417.788	226.883	51.076	70.382
417.197	228.927	50.566	71.290
416.657	231.998	49.595	70.657
415.321	234.211	50.503	69.687
414.084	238.117	49.180	69.257
413.113	238.390	50.283	69.424
412.294	240.161	50.744	68.151
411.737	240.120	50.451	69.068
411.652	240.941	50.276	69.200
411.717	241.166	50.157	69.498
412.036	241.802	50.057	69.133
412.901	241.933	50.507	69.255
413.504	242.576	50.677	69.005
414.411	242.802	50.460	68.997
415.901	243.079	50.878	68.754
416.193	243.020	51.874	68.644
414.268	241.739	54.189	69.142
414.381	240.896	55.118	69.219
414.934	238.183	55.442	69.998
417.084	234.670	53.169	71.108
416.864	233.745	53.216	70.308
415.375	232.119	53.399	69.299
416.019	230.885	51.617	69.264
416.013	230.211	49.660	68.528
412.936	226.669	47.745	69.441
410.615	224.658	48.066	69.788
411.056	224.229	47.926	68.835
409.280	222.558	45.856	69.203
407.949	220.347	45.959	69.758
407.321	219.076	43.706	67.754
405.342	217.648	45.497	67.313
401.113	216.139	48.065	68.771
389.359	214.905	61.112	70.473
375.928	212.943	67.618	72.126
377.367	210.201	74.525	73.640
378.852	209.138	73.601	74.262
379.553	207.908	72.952	75.013
379.950	206.436	73.524	76.614
381.529	206.647	72.475	76.471
383.635	203.805	67.671	80.043
384.076	204.751	60.388	80.522
384.093	204.430	62.404	81.356
385.316	206.270	56.440	80.102
385.763	206.426	58.563	80.019
387.097	205.612	58.809	82.043
388.473	207.051	56.912	80.659
389.575	207.990	57.639	79.585
390.560	208.324	54.807	79.494
392.756	210.438	59.471	76.773
395.191	211.861	64.866	73.197
396.758	214.164	65.904	70.304
398.067	213.380	66.476	70.100
400.616	212.839	65.161	71.795
403.627	210.154	63.053	74.994
408.201	208.194	61.035	78.669
406.845	203.697	63.532	82.512
416.470	205.688	54.408	82.714
429.106	214.658	43.035	76.369
432.452	220.681	41.691	70.958
431.352	219.480	43.263	70.062
432.934	220.348	43.592	68.726
432.132	219.460	44.059	69.217
431.592	218.255	44.180	69.584
432.215	217.085	42.957	69.161
426.837	215.254	47.247	67.548
411.963	211.483	60.011	70.113
410.124	211.401	61.235	69.631
404.756	211.061	66.075	69.362
403.228	207.631	67.217	73.972
402.912	206.710	55.348	76.461
401.810	208.974	50.993	75.859
401.101	209.117	52.790	74.920
401.417	208.687	53.822	75.853
401.437	207.429	55.098	76.121
401.549	207.254	56.056	76.078
402.066	207.189	64.087	74.571
403.477	207.169	66.428	74.394
403.794	207.877	67.781	73.077
403.886	208.470	68.782	72.001
403.817	208.874	69.664	70.981
403.827	209.130	69.893	70.725
404.152	210.140	69.705	69.434
404.578	210.837	69.033	68.704
405.455	211.315	68.255	68.119
405.379	211.485	68.453	68.669
405.447	211.377	68.499	69.641
405.553	211.880	68.097	69.735
405.693	213.356	67.776	68.920
405.588	213.401	68.313	69.334
406.105	214.560	68.421	68.475
406.798	215.111	68.517	68.529
407.658	215.588	68.106	68.313
407.649	215.613	68.536	68.481
408.007	216.699	68.494	67.478
407.565	216.344	69.131	67.946
407.739	216.200	69.208	68.976
407.342	216.693	69.809	68.735
406.643	217.458	70.412	68.411
406.060	217.449	70.212	68.721
405.029	218.741	70.486	67.799
403.416	219.287	69.398	67.772
402.609	219.728	69.780	67.230
401.116	221.381	69.530	66.202
399.428	220.450	68.744	67.662
397.700	222.065	69.429	66.485
392.692	224.183	69.556	66.017
391.525	225.231	69.224	65.435
389.106	225.694	69.471	65.681
386.569	226.714	69.595	65.462
383.498	226.391	69.864	66.167
376.550	229.234	70.420	65.197
374.047	229.624	68.867	64.821
369.914	229.664	69.317	64.600
366.816	230.797	68.737	63.339
363.151	231.385	68.349	62.559
356.975	232.649	65.908	61.058
354.165	231.068	65.238	62.611
351.556	230.577	65.002	63.314
349.962	230.643	64.134	63.375
348.158	230.756	63.472	63.014
346.252	231.353	63.146	62.505
346.081	231.942	62.538	62.375
346.355	231.902	61.764	62.747
347.585	232.647	59.912	62.772
349.554	233.127	59.677	62.392
354.052	234.847	64.512	61.509
357.569	234.462	65.079	62.898
362.404	235.261	63.980	63.700
366.404	235.267	66.291	64.753
372.178	236.196	67.005	64.335
383.847	232.237	67.452	68.988
390.804	232.860	69.648	69.060
395.523	229.678	74.039	71.766
402.300	227.583	74.222	72.867
407.873	226.199	76.590	72.285
420.871	221.068	77.145	73.870
422.293	220.083	81.528	72.738
426.071	217.561	82.319	73.605
429.369	214.405	83.249	74.983
432.911	216.060	82.014	71.708
436.018	213.861	81.220	71.942
438.051	216.371	80.173	68.942
438.493	215.060	79.833	70.002
436.980	214.961	79.842	69.717
434.849	215.072	80.283	70.573
427.986	216.474	79.674	72.233
424.434	219.480	79.304	70.771
419.460	221.559	79.643	70.846
414.997	222.246	77.709	72.383
410.154	222.635	76.637	73.220
398.492	228.349	75.326	70.702
393.306	229.781	74.297	69.650
386.894	232.254	74.759	67.593
382.124	233.261	72.391	66.233
376.698	234.648	71.193	64.513
366.584	235.498	68.202	62.616
362.179	234.034	66.927	62.748
358.310	233.613	63.944	61.589
355.379	230.754	62.859	63.584
352.618	229.324	62.180	63.998
348.270	228.959	62.919	63.120
346.458	227.492	63.904	63.587
345.240	228.401	64.071	62.922
346.184	228.314	63.004	62.540
346.537	228.795	62.367	62.770
349.404	228.018	57.685	66.780
351.429	230.043	57.269	65.959
356.813	230.906	58.525	65.394
359.584	230.915	59.183	66.427
365.061	231.422	60.288	67.955
374.955	232.377	55.347	68.383
379.167	231.996	58.101	69.984
386.729	231.143	58.790	69.764
393.414	229.893	62.586	70.288
399.565	228.433	65.519	71.572
410.820	222.121	68.159	74.882
412.887	223.259	72.954	72.720
416.526	220.098	74.218	73.716
419.969	219.238	75.508	73.210
420.672	217.553	79.033	73.392
426.475	218.185	76.774	71.652
426.818	219.304	78.176	70.056
427.357	219.884	78.277	69.398
428.143	221.112	76.461	68.722
426.377	221.080	77.210	70.390
421.544	222.511	76.271	72.757
418.698	224.382	74.956	72.377
415.335	226.154	74.262	72.043
410.924	226.896	74.320	72.523
406.671	228.662	73.748	71.957
395.681	233.664	72.057	68.178
389.020	232.235	72.810	68.608
382.262	235.058	73.472	65.964
377.158	234.004	71.717	66.361
372.137	234.770	69.273	64.832
361.501	233.983	66.465	62.329
356.164	232.488	66.406	62.491
351.476	229.983	64.339	63.889
347.078	228.134	64.883	64.279
344.157	226.914	64.118	64.399
339.781	222.893	65.068	65.544
338.431	223.254	63.945	63.753
337.747	222.507	64.395	63.886
341.501	222.676	60.944	63.133
338.386	221.116	63.527	63.839
341.160	222.593	66.424	63.427
344.591	222.778	66.303	63.899
348.874	224.400	65.118	63.319
354.787	224.773	64.924	63.759
358.977	225.315	67.319	64.325
373.718	228.310	66.427	63.692
377.947	228.314	70.559	63.648
382.048	228.398	76.205	64.106
391.683	226.134	74.705	66.261
400.727	224.961	74.328	67.209
414.169	223.614	77.113	66.276
417.778	220.595	80.674	68.506
424.203	220.345	80.756	66.886
429.665	218.583	80.693	67.162
432.737	217.025	82.439	67.587
439.227	215.971	82.531	67.268
440.709	216.202	81.199	66.633
443.377	216.361	79.930	65.946
444.058	218.019	80.574	64.225
444.416	217.329	80.442	65.332
441.474	218.524	80.718	65.853
438.151	217.630	81.568	67.442
434.164	218.707	81.393	68.179
429.909	220.591	80.829	66.906
426.179	222.643	78.754	67.608
415.638	225.933	77.069	67.909
411.141	227.824	77.439	67.314
404.708	228.961	76.354	67.023
399.251	230.202	74.050	65.866
392.320	231.094	74.086	65.662
379.839	233.588	72.138	63.419
373.154	231.249	70.819	65.069
366.830	230.835	70.357	65.144
361.740	229.527	68.357	65.790
356.253	228.845	67.545	65.076
351.891	226.132	66.226	66.719
345.305	225.542	61.647	65.392
340.494	223.585	65.559	66.228
338.060	222.796	63.390	66.547
336.237	223.441	63.844	65.407
337.828	224.169	59.840	64.747
344.461	223.919	53.233	64.613
339.692	223.332	58.123	66.126
341.555	224.928	57.302	65.277
340.189	225.447	62.694	65.057
344.688	227.048	65.425	65.839
349.578	228.544	65.909	65.463
354.912	229.905	66.996	64.876
363.212	231.809	66.486	63.797
366.272	231.943	73.531	64.424
372.533	232.589	76.008	63.930
387.365	231.158	79.480	67.665
393.511	229.989	81.897	68.391
402.579	225.512	82.067	73.170
410.698	225.866	82.187	72.058
416.664	225.217	85.446	71.741
433.130	222.952	83.630	70.139
436.782	220.605	87.060	71.329
441.911	218.819	86.657	71.328
445.717	217.514	86.449	71.421
450.434	217.635	84.519	70.389
454.623	215.482	84.604	70.931
455.169	216.744	85.218	69.213
456.144	216.817	85.199	69.051
455.937	217.096	84.843	68.802
455.278	217.390	83.912	69.365
448.588	216.668	84.031	73.253
443.656	221.211	84.716	69.276
439.123	222.515	83.907	69.220
433.353	223.684	83.295	69.026
427.345	223.527	83.351	70.830
414.776	225.329	79.022	69.458
407.325	226.785	79.977	66.777
400.633	225.770	78.464	67.730
393.380	225.495	77.008	67.435
386.708	225.520	75.419	66.914
377.667	223.731	68.653	66.577
369.945	220.861	69.083	66.693
364.475	218.979	69.517	67.296
360.579	216.840	68.758	68.593
355.332	215.392	69.688	68.272
353.005	213.287	65.639	68.315
351.715	212.119	64.480	68.588
350.430	212.402	64.608	67.990
350.120	212.857	64.211	66.863
349.381	212.292	65.150	67.460
352.693	214.039	66.276	67.582
355.517	215.179	66.641	68.007
358.680	216.491	67.766	67.851
362.364	219.116	68.409	66.597
366.874	220.142	68.822	66.850
379.504	220.869	69.336	68.080
385.521	222.251	73.154	67.923
391.994	223.272	75.595	67.568
398.602	223.716	77.231	67.638
404.854	223.188	79.361	68.347
418.862	221.102	81.206	69.589
425.292	215.428	82.159	75.755
431.932	215.570	83.748	74.192
438.243	214.172	82.950	74.076
443.211	212.896	83.168	73.670
452.743	210.534	83.308	73.582
454.025	208.413	85.787	74.107
456.343	209.105	85.037	73.646
457.806	209.829	84.882	72.548
458.940	210.438	84.768	71.852
458.689	212.079	84.758	71.278
457.652	212.200	84.763	72.100
455.004	214.692	85.014	71.383
450.500	214.670	85.998	74.315
445.763	216.684	86.688	73.877
434.278	222.004	86.010	72.816
428.747	223.589	85.659	73.315
421.018	226.522	86.767	73.046
412.612	229.101	86.716	71.770
403.601	231.459	87.389	70.395
387.411	232.698	82.556	70.733
376.541	233.634	83.497	70.155
367.939	233.517	80.530	70.261
357.998	232.321	79.945	70.885
348.441	230.788	75.506	71.418
332.876	226.108	71.173	73.702
325.075	223.805	70.881	75.424
318.466	221.061	69.334	76.609
312.478	218.778	68.478	76.558
307.163	216.895	67.549	77.104
307.082	216.602	59.454	73.977
311.164	217.212	51.665	73.286
312.019	218.618	48.957	71.243
310.818	219.358	51.045	70.052
310.339	219.211	50.960	69.873
309.644	218.601	52.160	72.032
308.693	218.467	55.920	72.342
308.867	218.426	61.641	73.498
308.939	218.947	67.298	74.444
312.702	221.411	69.324	73.136
326.524	222.731	72.751	73.108
334.404	222.767	76.778	73.778
341.182	222.720	80.236	73.781
348.659	223.066	84.603	72.198
355.246	222.596	88.137	71.906
373.885	216.747	91.093	75.142
381.985	215.360	90.866	74.944
389.744	212.312	92.066	75.841
395.723	209.839	94.401	76.527
402.590	207.036	94.978	76.856
412.596	202.647	92.518	77.670
416.563	203.207	92.852	75.574
418.723	202.636	94.102	75.080
420.912	203.280	93.221	73.530
421.996	203.210	92.597	72.932
422.587	203.862	92.720	71.608
423.090	204.112	91.676	72.249
421.812	203.987	90.935	73.422
419.803	205.951	91.329	73.537
415.942	206.897	92.082	73.270
406.766	209.082	92.041	75.387
402.206	212.975	90.704	73.842
396.062	213.807	90.522	75.043
390.639	215.483	89.301	74.500
382.500	217.951	88.696	74.261
369.184	221.176	86.010	73.329
360.697	223.356	87.663	71.298
352.900	222.945	86.587	71.731
345.985	222.829	86.689	71.570
340.083	222.174	85.397	71.935
326.225	220.427	80.030	71.119
318.385	218.005	79.208	72.545
315.033	215.070	74.751	74.411
307.114	212.048	71.500	75.837
320.114	211.538	58.946	74.905
316.249	210.141	48.908	71.768
314.234	208.888	44.620	70.946
311.663	207.982	43.004	69.954
309.009	206.965	41.982	69.384
306.432	204.439	41.747	69.756
304.067	204.618	40.971	69.215
304.508	203.971	41.465	69.521
303.981	204.949	41.385	69.417
306.316	205.328	40.744	71.128
309.036	207.169	40.572	70.313
316.133	210.195	42.512	70.905
308.260	209.912	57.495	73.535
315.686	210.319	53.614	76.055
318.623	213.508	57.408	74.025
319.033	215.203	66.098	74.437
322.094	217.868	74.994	74.587
334.527	222.415	84.486	73.030
339.897	222.904	89.856	72.057
349.505	223.541	91.883	71.807
358.673	222.475	94.613	73.413
379.253	217.856	98.542	75.868
389.726	217.240	98.617	76.105
399.105	212.373	96.627	78.576
408.462	208.973	102.405	79.317
418.110	203.600	101.623	81.228
435.440	193.284	101.850	84.348
439.544	196.629	102.316	78.215
445.663	191.590	100.174	79.342
449.602	191.089	100.562	76.332
453.580	187.156	99.535	78.305
460.381	185.807	100.433	76.317
460.275	185.799	101.500	75.732
461.424	186.667	100.717	76.505
461.670	187.328	100.141	77.922
459.686	191.695	99.879	76.889
453.420	196.547	91.504	82.021
447.398	202.052	101.934	79.771
441.583	205.506	100.645	81.132
433.842	210.552	101.577	80.264
423.952	213.086	105.487	82.952
415.168	217.164	105.469	83.325
392.773	224.855	101.950	81.118
380.528	228.787	100.343	78.531
368.360	231.182	99.435	77.400
356.207	233.633	97.641	73.946
335.832	229.277	91.334	75.921
321.888	226.742	86.409	76.275
310.821	222.769	88.175	78.056
303.040	219.128	78.101	78.283
292.377	213.444	74.438	80.012
274.380	204.834	75.076	79.508
266.735	199.433	76.344	80.525
260.136	194.183	76.767	81.824
254.852	190.320	76.564	82.813
250.434	187.570	75.913	82.351
246.951	186.536	76.354	81.256
242.966	187.261	75.802	79.374
242.022	187.925	75.920	79.426
241.485	190.093	75.226	79.846
241.713	192.902	76.100	79.788
247.025	196.556	72.579	79.825
254.779	199.891	68.632	81.143
249.836	199.080	72.458	80.037
378.897	212.088	59.778	75.638
376.692	215.056	73.652	76.381
379.007	215.947	80.027	76.308
385.990	216.936	74.166	77.451
373.927	217.533	65.167	76.344
379.708	217.557	83.617	76.711
376.008	219.685	78.324	75.542
374.030	218.321	82.850	76.923
372.376	218.671	82.024	76.701
371.754	218.751	83.838	76.281
370.289	219.481	81.753	75.817
371.056	218.952	84.971	76.140
384.458	218.556	72.413	77.449
366.085	216.859	75.587	77.946
365.545	216.465	80.998	78.372
371.017	216.088	81.708	79.311
360.803	215.627	78.776	77.750
365.710	214.968	77.254	78.937
367.205	214.895	76.920	78.708
357.892	213.624	72.349	78.385
393.189	215.548	52.445	77.572
381.751	215.604	61.709	76.481
356.229	214.194	73.289	76.400
357.590	214.217	73.491	76.952
354.204	214.354	66.358	76.374
379.255	215.382	63.398	77.403
351.194	214.417	71.927	77.044
356.885	215.475	78.486	77.662
348.541	206.622	89.996	87.856
352.234	217.652	70.518	76.569
350.287	215.713	65.715	77.711
359.459	218.214	73.504	77.859
347.173	207.856	88.664	88.234
349.652	219.652	70.866	76.338
367.201	219.359	67.112	77.025
381.583	219.680	51.634	75.852
384.516	221.707	56.865	74.500
384.687	221.280	49.025	74.960
385.532	221.745	52.170	73.391
385.419	221.602	49.794	74.348
384.534	221.695	50.599	73.441
384.277	221.745	51.601	73.213
383.562	221.751	50.647	73.536
383.991	221.645	51.583	73.030
383.427	221.595	49.444	73.836
384.097	221.058	50.030	74.031
383.567	221.690	47.478	73.585
383.582	221.514	47.556	73.264
383.069	221.590	47.515	73.171
381.828	221.416	48.397	73.098
380.716	221.013	48.807	73.519
378.952	221.384	49.153	72.940
379.534	220.889	50.033	72.975
379.945	219.854	48.179	73.425
379.252	219.912	47.796	73.409
378.604	220.139	48.560	73.132
379.102	220.013	50.601	73.343
378.957	219.745	48.744	74.000
377.573	220.688	50.783	73.430
377.897	220.894	50.307	73.743
378.066	221.142	50.636	73.819
374.186	221.743	51.807	74.342
373.367	221.957	53.701	73.767
372.298	222.670	52.745	74.069
371.430	223.610	51.020	73.544
369.598	225.375	51.612	73.262
367.917	228.022	48.100	73.696
364.448	229.227	49.465	73.736
355.703	230.678	53.987	73.450
336.241	230.163	69.223	75.965
340.932	230.976	62.718	76.285
351.814	234.845	53.446	75.118
325.392	234.847	59.663	74.774
335.229	237.024	69.122	74.187
353.782	240.005	50.347	72.958
336.330	240.651	64.559	73.367
322.099	241.140	61.486	73.255
344.022	244.922	57.349	72.390
321.292	242.894	58.921	73.970
320.804	245.013	64.692	72.889
322.631	245.981	63.248	72.464
325.028	247.864	66.848	71.757
323.085	251.428	55.948	69.751
322.275	250.312	57.892	72.284
341.993	253.198	53.632	72.236
325.353	252.569	58.883	71.896
327.953	253.486	47.254	71.538
332.840	255.560	57.639	70.618
333.069	256.859	64.025	70.214
335.547	257.590	60.868	70.373
335.425	258.222	55.894	70.167
337.394	258.685	57.881	70.332
342.581	260.100	56.368	68.173
343.373	260.279	61.972	69.151
349.967	260.257	59.190	68.947
348.717	259.974	61.158	69.221
356.490	259.717	61.822	68.673
357.199	259.119	60.525	68.584
361.331	258.914	63.125	68.442
362.940	257.888	63.394	69.209
362.603	257.559	61.893	68.743
372.966	257.470	64.529	68.505
380.366	257.158	62.164	68.189
375.980	255.873	66.979	68.921
377.191	255.754	61.482	69.043
374.116	254.519	55.352	68.256
379.208	255.280	67.014	67.110
379.018	250.854	60.766	69.903
379.169	249.587	65.220	70.072
380.665	247.763	67.082	70.638
383.990	247.028	63.193	69.864
395.108	246.177	65.241	69.393
408.864	243.883	56.230	67.803
389.463	241.713	60.982	68.467
390.332	238.815	70.449	69.753
410.759	238.553	58.377	69.164
392.431	235.187	66.977	70.439
425.782	230.990	51.751	69.655
430.190	231.069	49.363	67.960
431.033	230.820	50.982	66.849
431.910	229.941	51.290	65.699
432.649	229.015	52.010	65.310
428.470	228.776	59.159	64.358
432.688	228.216	57.439	64.560
433.069	228.687	55.186	64.398
435.261	228.382	53.154	64.570
434.506	228.028	54.481	65.118
434.149	229.459	55.208	63.429
407.534	228.282	72.069	67.141
402.148	227.400	69.386	70.668
398.560	228.560	69.060	69.657
399.702	230.047	78.731	66.908
389.103	229.242	69.010	67.862
387.512	228.417	61.817	68.541
388.718	228.049	81.335	68.520
379.009	226.673	77.712	69.815
401.698	226.286	62.162	68.368
403.262	225.103	53.214	67.341
391.493	225.347	60.317	66.230
383.628	224.077	61.796	67.501
386.429	223.664	54.909	66.861
378.662	222.920	56.204	67.287
359.504	221.809	62.169	67.051
347.617	219.253	60.825	69.036
349.821	219.925	60.747	68.603
349.670	219.906	59.092	69.478
350.902	219.391	56.273	70.112
347.014	221.156	59.873	69.151
350.164	225.154	56.078	65.217
350.088	223.954	57.537	66.942
348.016	226.584	62.683	65.465
347.906	226.646	64.965	65.433
381.666	231.782	44.989	63.451
388.481	231.135	43.730	63.878
393.270	232.759	47.501	61.929
400.549	233.530	49.454	63.409
404.641	234.607	53.484	62.505
371.215	231.118	47.384	64.116
424.084	236.179	56.678	60.244
379.389	229.774	51.934	65.282
384.435	231.234	50.358	64.180
438.910	237.536	59.460	57.814
394.468	230.503	52.300	61.837
397.524	229.492	54.019	62.995
398.818	229.086	53.776	63.781
397.731	230.568	57.340	63.551
399.444	233.364	55.852	60.313
451.208	240.365	55.544	58.767
389.706	235.231	71.141	65.478
390.649	240.038	57.874	60.051
387.565	240.837	55.585	60.598
382.892	242.619	55.485	61.142
372.363	245.001	55.475	62.120
365.727	246.162	52.969	61.638
359.093	246.692	51.216	61.989
353.690	246.356	47.350	62.474
346.933	248.142	46.270	61.874
334.250	248.913	41.448	60.448
323.573	246.285	46.742	63.358
319.824	249.817	39.052	59.539
313.967	249.399	39.209	59.630
309.637	248.894	39.399	59.573
304.037	246.403	39.179	60.452
302.371	247.229	38.679	59.780
301.207	247.125	39.031	59.746
300.727	246.458	39.451	60.049
302.058	246.009	39.271	60.432
306.986	246.488	38.777	59.236
311.044	246.768	38.347	58.441
315.437	246.360	37.644	58.551
320.993	246.069	37.175	58.687
327.387	244.954	37.007	59.426
339.724	245.491	38.529	56.961
347.204	244.694	39.415	57.000
352.924	244.484	43.207	57.192
359.149	243.344	45.387	58.432
364.588	241.599	47.660	60.201
372.649	237.834	49.957	62.108
376.774	235.940	51.889	61.197
380.641	234.098	53.856	61.603
383.898	232.532	53.881	61.722
386.929	230.916	50.883	61.889
389.126	228.730	47.738	62.190
389.616	228.079	48.836	61.620
388.505	227.931	51.151	61.692
384.634	228.582	52.462	60.728
380.277	229.794	52.535	59.780
372.682	232.097	53.271	60.481
367.705	233.015	52.762	61.158
361.520	235.435	53.180	60.651
356.155	237.754	51.442	60.465
351.121	240.711	49.404	59.105
341.783	245.571	45.368	58.810
337.038	247.351	40.096	59.072
333.193	249.454	37.231	58.602
328.028	251.790	35.228	57.168
322.592	253.414	35.982	56.283
315.991	254.192	38.397	56.895
314.072	254.950	41.158	57.041
313.400	255.162	41.743	57.380
313.429	255.029	42.499	57.979
314.893	255.295	42.888	58.774
321.277	257.868	41.447	58.911
326.406	259.869	40.607	58.603
332.684	261.346	38.586	58.095
340.337	263.569	37.439	56.943
346.204	265.471	40.017	56.345
355.553	267.650	46.894	55.834
360.241	268.329	49.167	55.610
364.847	268.491	50.942	55.897
368.462	268.874	52.385	55.957
371.435	269.475	54.222	55.394
376.909	269.949	54.969	55.870
379.385	270.266	54.595	56.580
380.622	271.189	54.240	56.671
380.689	272.081	54.539	56.602
378.403	273.654	57.191	56.715
372.266	277.548	56.627	54.532
367.144	278.452	59.066	54.936
362.445	278.527	58.118	56.041
356.881	279.243	55.510	55.155
349.738	279.482	55.032	54.492
337.852	279.111	47.656	54.240
330.783	278.412	43.823	55.078
323.404	278.166	41.785	55.298
316.714	277.677	39.512	55.033
309.678	276.492	38.589	55.310
303.586	274.893	37.720	55.601
293.008	273.349	39.590	55.896
289.610	272.387	38.897	55.483
287.378	270.962	37.908	55.760
286.494	269.003	36.332	55.867
286.626	263.788	32.388	55.818
286.941	258.768	31.901	57.113
287.772	252.554	32.817	58.158
288.912	244.528	35.007	59.563
289.945	235.732	37.216	60.059
291.236	225.439	38.352	62.195
293.970	204.132	39.588	63.339
295.162	192.520	40.118	63.927
296.548	181.429	39.836	64.236
297.202	170.378	40.533	65.000
297.413	160.744	41.241	64.086
299.475	144.823	40.473	60.036
300.580	137.712	39.493	60.157
301.284	133.382	39.240	58.350
302.591	130.819	38.566	56.765
303.323	130.197	38.904	56.272
305.264	132.750	38.479	58.448
306.229	135.598	38.503	61.481
307.405	140.831	38.676	63.561
308.286	147.403	39.204	65.616
309.519	155.004	39.559	68.929
311.817	175.148	39.173	72.726
312.344	186.356	39.008	74.527
314.399	198.764	38.724	74.073
317.461	211.347	37.285	73.840
319.069	225.682	37.310	71.395
322.530	250.560	37.229	64.096
323.464	259.902	38.073	61.394
325.111	268.272	37.900	58.302
326.366	274.262	38.343	56.105
327.748	278.008	38.325	54.768
329.212	279.588	39.060	54.297
329.941	279.393	39.481	53.857
330.668	277.169	38.708	54.630
330.772	273.219	38.562	55.923
331.684	269.010	37.980	56.497
332.064	256.782	37.211	59.981
331.845	249.365	36.372	60.766
331.577	239.025	35.887	63.075
330.855	229.017	35.423	64.757
329.736	219.206	35.590	64.931
327.793	199.325	36.030	65.958
326.144	189.474	36.652	64.815
325.340	179.873	36.114	64.631
323.265	170.821	37.668	64.713
322.699	162.140	36.834	64.903
320.618	148.409	37.541	61.252
320.368	142.155	36.880	60.808
319.415	138.037	37.230	59.287
318.658	134.850	36.976	58.240
317.596	133.497	37.224	57.640
317.434	133.709	36.698	57.783
317.158	135.602	36.344	59.172
317.357	138.658	35.882	61.339
316.868	143.171	36.905	62.167
317.368	149.449	36.590	62.284
317.498	158.486	37.622	65.799
317.316	165.011	38.670	66.160
318.185	171.888	39.083	66.302
319.804	177.593	38.686	67.373
321.803	184.686	38.263	66.176
326.959	197.758	36.385	62.054
329.949	202.693	35.866	60.704
333.040	205.715	35.399	60.232
336.046	208.970	35.029	58.559
339.637	211.218	35.635	57.486
344.382	212.500	36.683	57.484
347.647	212.845	39.662	57.052
351.259	211.954	41.425	57.997
354.188	210.707	44.171	59.816
356.604	209.329	46.560	60.831
358.446	207.909	46.756	60.213
359.607	206.360	46.713	60.413
360.292	205.781	46.629	60.376
360.624	205.454	46.111	59.867
360.565	204.555	45.867	60.286
359.937	203.943	46.671	61.592
359.184	203.369	46.746	62.718
358.429	203.181	46.793	62.700
357.479	203.505	47.118	63.092
356.887	202.935	46.238	63.504
355.109	202.080	45.554	63.678
353.819	201.757	46.921	63.380
353.078	201.862	46.950	62.496
352.455	200.945	46.681	62.525
351.893	200.653	47.184	62.138
352.578	198.932	46.681	62.574
352.897	197.552	46.045	61.653
353.342	196.198	46.002	63.944
354.905	194.540	44.700	64.158
358.148	194.309	44.502	65.095
364.643	193.032	44.621	64.562
369.402	192.837	52.821	64.597
371.325	192.330	51.288	65.048
375.296	192.284	56.910	65.610
380.921	193.616	57.660	64.908
385.583	195.145	60.191	64.003
388.486	196.504	60.600	63.479
391.347	197.843	60.571	62.847
394.357	197.728	61.532	63.726
395.412	198.679	61.364	63.668
396.874	200.025	57.604	65.711
396.315	202.354	58.378	65.650
397.687	202.915	61.883	67.353
391.163	191.529	85.959	81.347
386.753	171.263	95.449	100.765
423.507	207.405	57.369	63.212
428.532	209.789	51.318	61.299
432.057	211.221	47.268	61.427
430.965	210.726	47.332	62.668
392.150	210.967	41.255	65.588
426.879	209.748	44.149	63.757
425.686	207.963	41.139	64.083
424.158	206.669	40.727	64.455
421.372	204.625	40.917	65.436
382.898	205.362	48.690	69.268
380.485	199.487	47.506	70.272
378.643	197.521	46.251	67.712
376.546	194.426	45.694	68.408
373.563	192.973	47.133	67.330
369.480	191.007	55.173	67.729
371.019	188.629	47.417	67.556
366.249	187.578	48.923	67.438
363.998	186.106	51.555	67.577
374.540	186.283	55.744	68.162
374.924	184.853	53.325	68.547
383.108	184.343	46.128	68.089
386.250	184.478	44.988	66.608
386.536	183.513	44.181	67.417
377.681	182.049	51.437	68.197
364.045	180.170	55.623	67.329
392.807	178.830	51.759	70.834
399.934	179.946	50.168	70.317
391.798	179.394	62.492	70.846
399.429	180.177	60.840	70.568
403.679	180.422	61.203	70.517
408.463	182.873	67.030	69.020
413.883	183.304	66.531	69.597
420.130	183.587	66.429	70.269
425.187	184.860	66.196	69.060
432.639	185.525	66.578	68.790
436.584	184.872	64.782	68.974
448.228	187.413	66.161	67.433
452.578	188.437	68.469	66.613
456.521	188.961	68.910	66.444
459.063	189.767	66.602	66.685
460.285	193.205	64.828	67.264
461.483	195.868	68.828	66.736
456.946	198.207	72.060	69.351
452.202	201.344	74.074	69.389
447.005	204.875	68.738	69.660
433.593	209.213	72.927	69.386
422.386	211.113	77.746	68.120
411.156	213.052	77.769	68.245
402.648	213.895	76.321	68.920
391.205	214.016	75.060	70.295
374.480	215.893	68.733	69.106
352.354	212.547	76.356	73.545
342.309	208.148	73.091	75.955
332.048	203.837	71.245	77.992
320.312	198.837	70.080	77.315
301.489	191.733	70.976	76.336
298.821	187.249	69.331	77.598
295.803	182.425	66.684	80.624
291.972	179.787	68.214	77.608
286.527	175.390	66.525	77.695
280.538	172.923	62.529	74.167
283.999	172.446	55.472	71.558
282.330	171.163	55.280	72.134
280.867	169.954	55.028	72.027
281.396	169.919	53.214	71.720
282.225	169.708	51.885	71.509
281.707	169.581	52.393	71.450
282.624	169.113	52.547	71.628
285.283	168.496	51.029	71.804
287.552	169.244	51.399	71.029
291.273	168.735	51.131	71.318
292.936	166.635	54.212	72.728
294.906	166.709	54.761	72.879
297.955	165.990	54.708	72.658
302.125	166.671	54.079	71.772
305.872	166.741	52.406	71.760
309.536	165.435	54.601	72.594
316.494	167.139	50.786	71.900
315.414	165.882	54.926	74.281
313.780	165.851	58.684	75.319
306.940	164.914	63.349	78.402
307.845	174.346	65.238	78.049
317.928	181.133	57.535	79.952
322.710	188.628	56.086	78.007
314.332	189.891	65.165	79.976
321.635	194.717	60.524	78.386
328.115	196.915	60.080	77.512
328.400	196.332	63.110	78.257
331.159	195.184	65.482	80.695
338.502	197.199	62.178	80.868
343.127	198.085	60.177	81.722
352.890	203.094	56.026	78.593
360.731	200.623	50.875	80.221
367.860	199.947	49.001	81.199
369.970	200.355	50.414	80.007
374.395	197.078	51.209	82.575
382.458	196.857	50.890	80.703
387.338	196.471	51.218	79.234
392.344	195.042	51.139	79.370
399.242	195.734	48.380	79.062
403.784	196.278	47.811	79.137
411.369	194.603	47.197	81.674
416.342	198.992	47.942	78.597
418.763	199.156	49.079	78.630
420.458	198.337	49.927	78.588
421.527	197.170	50.639	79.181
421.708	194.030	52.336	80.017
421.598	192.929	51.024	79.439
420.878	192.394	51.466	78.476
420.709	191.470	51.353	78.088
420.850	191.194	50.307	77.175
420.363	191.782	49.048	76.525
419.510	192.633	47.907	76.731
419.712	194.145	49.363	75.747
419.083	194.858	46.591	77.250
419.312	195.832	49.801	76.779
418.021	198.804	47.381	76.622
416.508	198.745	48.294	77.636
415.219	197.343	50.307	78.902
414.649	194.844	51.600	79.167
414.366	193.776	49.697	79.546
414.221	194.308	49.695	78.266
414.460	194.573	49.031	78.018
414.041	196.309	47.936	77.711
414.034	196.425	49.018	77.967
413.499	195.712	48.748	78.416
412.862	196.505	49.214	76.914
412.416	197.415	47.087	76.177
411.494	197.690	49.130	78.594
410.390	200.459	49.544	81.320
408.460	205.126	49.530	85.435
405.718	224.170	48.880	90.502
404.206	238.281	50.387	92.710
401.737	251.015	50.389	89.825
398.954	261.481	51.043	88.695
395.843	269.642	51.136	86.350
388.611	279.904	53.789	81.221
385.719	279.807	55.060	79.942
381.804	272.807	57.703	84.996
381.513	262.064	56.288	90.473
376.368	250.912	57.894	92.285
361.490	227.128	60.587	89.869
360.626	218.324	64.105	87.954
357.836	211.195	63.408	86.377
357.219	209.911	61.265	81.501
370.051	213.972	48.622	77.898
373.232	220.728	42.448	75.290
368.642	222.699	43.152	74.082
361.796	218.674	48.471	76.963
351.519	217.979	55.980	78.037
351.696	216.485	54.001	76.452
354.027	218.551	45.981	75.949
353.191	219.924	45.445	74.952
353.976	221.521	43.308	73.190
352.250	221.572	41.799	72.627
350.585	220.668	43.456	73.803
346.972	222.145	44.099	71.889
345.380	222.350	43.883	71.841
343.704	221.766	45.235	71.885
306.527	215.960	47.869	73.566
303.820	217.100	45.152	74.094
304.696	211.615	72.055	81.786
301.098	206.758	82.493	87.595
300.212	203.268	85.102	97.330
303.998	218.556	62.462	74.825
302.971	216.759	49.488	74.043
303.974	210.469	70.018	83.460
302.673	208.454	80.924	84.065
303.323	205.849	82.745	90.152
320.092	217.343	61.244	74.444
308.296	211.899	79.626	80.328
319.480	212.522	61.010	75.981
329.482	214.694	62.681	75.204
344.067	216.471	52.401	73.677
340.202	215.289	61.984	73.489
324.329	212.561	51.510	73.419
335.409	210.930	55.030	74.578
364.541	213.768	53.374	73.806
376.900	216.449	45.258	71.539
380.329	215.835	46.590	72.197
384.869	215.847	47.223	71.912
391.859	215.147	47.800	70.939
399.425	215.948	46.077	71.500
400.615	215.700	50.417	70.806
410.480	215.828	43.402	70.367
416.284	216.299	42.094	70.292
423.475	214.936	42.234	69.462
427.727	213.803	43.546	69.990
422.387	211.948	54.702	71.826
405.936	209.007	66.042	73.008
410.184	207.981	67.483	73.651
417.779	207.988	68.486	72.387
430.987	207.013	65.854	73.077
440.033	207.943	60.779	72.701
451.292	209.014	58.701	71.171
450.014	209.472	65.234	72.068
439.484	216.713	56.127	76.825
444.398	224.051	52.293	76.865
448.560	231.484	52.794	73.741
452.608	232.277	58.980	72.410
454.003	228.626	63.685	74.300
459.749	219.249	55.687	77.286
462.451	213.669	54.239	76.019
464.452	208.083	53.804	75.213
466.362	203.134	54.194	74.766
467.562	200.318	55.759	73.633
467.551	199.851	57.119	72.676
465.601	200.079	57.824	73.271
460.845	200.883	61.969	73.655
457.335	203.015	62.288	72.913
451.579	204.358	61.202	75.036
434.237	209.147	63.886	75.625
427.316	210.172	73.850	76.136
415.004	211.879	70.401	76.929
406.307	216.154	61.016	76.211
395.462	216.432	64.223	76.936
404.227	219.796	61.599	76.224
387.545	217.148	62.109	78.567
379.198	217.518	59.922	78.389
361.885	216.689	60.488	77.206
340.148	213.077	65.686	79.076
329.606	214.613	56.054	78.977
321.693	220.174	55.850	78.554
312.544	225.182	54.381	78.674
304.032	226.613	54.059	77.622
296.903	224.859	55.780	79.484
290.464	210.972	58.971	84.814
283.442	201.854	64.010	86.209
274.920	195.275	62.130	84.407
296.005	195.182	62.853	80.722
286.129	190.375	72.017	83.374
306.041	194.746	79.080	85.626
318.573	196.258	77.342	88.025
330.889	200.689	76.920	86.045
350.258	205.789	70.252	82.454
364.771	206.752	69.081	82.801
376.148	204.265	77.069	79.290
402.333	205.198	73.259	78.766
409.428	204.708	69.156	78.560
435.980	204.949	68.110	76.474
444.553	203.134	81.369	76.337
444.562	200.184	77.252	76.513
457.277	197.569	69.610	74.070
464.517	193.653	73.467	74.781
470.277	192.671	80.062	75.558
473.405	192.419	77.379	75.173
473.912	192.576	75.415	74.653
471.427	192.573	81.258	73.499
465.765	194.201	85.273	73.539
457.532	197.459	77.927	75.277
450.624	199.817	80.184	74.963
442.839	201.221	76.572	76.813
422.134	204.675	76.500	80.290
403.983	209.814	82.389	76.508
388.383	212.366	75.281	76.108
374.443	214.093	85.732	76.711
346.656	222.620	109.278	131.736
355.327	215.364	62.193	78.634
337.908	213.569	61.884	79.487
321.752	212.426	61.525	80.217
304.099	209.952	63.021	81.491
291.770	207.748	60.024	80.758
271.160	202.071	57.539	82.090
261.842	199.767	57.853	81.457
255.875	200.715	58.765	81.137
251.086	199.223	59.680	80.370
248.061	198.477	59.102	81.610
248.815	200.725	56.463	78.330
249.268	200.544	57.891	79.529
254.416	201.221	56.539	80.191
256.980	200.999	58.702	81.763
263.788	200.225	58.668	83.458
274.355	201.456	62.083	82.574
279.731	199.748	63.948	85.139
291.724	200.738	66.642	85.599
302.982	204.212	66.881	82.738
311.770	204.225	69.674	81.957
337.724	203.292	58.484	81.553
348.384	202.273	59.058	82.405
354.507	200.759	61.833	84.232
358.214	198.267	62.381	84.512
395.648	201.934	57.144	81.875
414.882	204.830	57.623	75.284
425.238	202.485	58.901	76.401
436.154	200.549	57.916	75.709
442.297	197.680	60.942	76.354
449.895	196.293	61.434	75.497
457.247	192.976	62.738	75.164
460.511	191.083	64.202	75.118
463.201	191.468	64.432	74.243
464.768	190.146	63.664	74.825
466.048	191.287	63.467	73.200
465.181	194.386	61.832	73.568
462.941	196.653	61.604	74.882
459.719	199.754	60.786	74.857
456.179	203.155	58.906	74.728
449.742	206.322	60.155	74.705
439.025	210.631	57.949	74.484
430.069	213.472	58.307	74.494
365.246	198.839	52.205	77.649
368.758	199.136	50.308	79.443
367.408	200.335	53.264	79.867
370.549	202.874	58.048	87.719
363.521	203.870	60.682	91.278
353.833	204.973	63.902	89.365
342.576	206.808	68.563	86.212
333.598	208.431	70.604	81.932
325.457	206.934	62.043	80.446
316.490	204.840	59.854	81.437
306.932	201.714	60.240	82.729
306.802	199.970	55.220	81.375
301.009	198.490	55.116	80.402
288.822	193.779	57.882	81.616
287.151	195.377	58.425	77.922
285.952	193.546	56.985	77.759
286.944	193.627	54.575	77.593
288.481	193.358	54.616	77.056
292.147	192.702	60.653	78.587
292.958	191.481	65.795	81.515
301.088	193.967	67.371	81.667
313.093	194.210	67.259	84.186
321.309	195.617	68.716	82.383
336.332	200.245	71.986	80.738
352.248	202.642	80.600	80.493
365.009	205.131	78.852	78.315
376.795	205.292	77.452	76.782
397.416	205.906	77.100	76.653
422.720	204.432	77.935	75.808
436.242	201.940	77.162	76.232
447.657	199.448	82.188	74.883
454.655	197.976	84.382	74.185
460.327	195.826	83.742	74.030
471.226	194.193	77.930	72.784
474.279	194.207	75.198	71.964
474.469	193.668	73.926	72.346
474.539	194.969	74.104	71.276
471.416	193.033	75.301	75.558
459.948	199.544	74.333	75.927
453.808	203.735	74.094	75.006
446.207	205.873	70.144	76.155
432.222	210.274	70.146	75.961
420.461	211.159	68.281	78.753
408.857	215.753	88.249	80.671
405.870	216.979	71.819	78.296
404.734	218.495	59.642	79.590
387.118	217.706	59.638	80.892
376.103	218.518	56.602	80.892
315.434	212.416	61.336	80.725
311.457	210.852	75.803	83.546
294.083	206.156	71.082	85.002
300.997	204.856	70.587	86.330
302.370	205.838	67.354	84.985
297.261	204.026	61.881	83.984
297.042	205.449	60.298	82.354
299.639	207.605	56.645	80.313
261.849	200.854	83.307	82.739
272.937	197.854	66.458	83.953
286.232	204.259	73.656	86.777
289.481	204.237	71.082	88.872
303.504	206.875	71.244	91.700
316.589	208.349	63.192	95.092
330.993	209.761	57.320	97.227
340.718	212.637	58.268	96.745
352.006	212.366	70.641	84.057
392.034	212.052	63.634	83.136
345.452	233.922	49.557	78.707
420.537	205.396	65.751	81.079
336.935	224.378	45.898	81.002
333.820	222.011	49.834	81.758
331.579	219.049	50.300	80.280
330.498	216.445	49.976	81.745
329.917	214.150	48.895	81.731
329.644	211.739	50.273	80.585
329.799	210.396	49.600	81.288
331.744	210.185	47.579	81.229
333.300	210.394	46.887	81.054
335.620	210.404	46.578	81.537
339.640	213.365	45.922	81.662
343.310	215.589	44.699	81.634
344.968	217.939	45.311	80.491
346.754	220.670	45.989	80.304
349.017	220.952	46.601	80.817
395.675	203.309	50.961	82.526
381.655	204.097	59.563	82.569
360.435	209.289	50.309	93.790
360.141	205.691	51.628	96.991
354.979	203.186	56.484	99.919
357.730	209.912	53.913	93.188
360.100	213.643	50.528	88.719
357.901	216.337	49.594	82.644
313.523	193.515	51.144	87.362
307.323	195.175	50.064	81.437
349.145	205.154	46.507	86.246
342.486	205.471	49.787	82.703
339.458	202.837	50.766	83.072
336.514	202.263	53.372	82.640
336.427	200.903	52.162	81.655
337.781	200.818	54.190	82.903
336.921	199.264	60.004	83.830
335.392	197.713	65.459	84.885
338.755	198.060	68.670	83.085
347.852	198.567	68.997	83.290
353.658	196.926	73.864	81.913
366.418	196.610	76.370	82.055
376.308	196.174	73.882	80.618
384.835	194.562	72.217	81.104
391.006	193.539	73.585	80.766
402.600	193.143	74.358	79.277
412.594	191.913	73.620	78.069
417.681	191.939	74.119	77.039
420.328	191.567	72.839	77.241
421.897	191.745	68.945	77.476
421.262	193.577	70.649	78.056
416.734	195.475	73.572	78.604
410.984	198.158	74.606	79.567
403.565	201.256	73.922	79.564
400.304	203.329	78.993	79.717
384.984	209.018	74.449	78.564
366.924	210.350	76.093	82.057
349.719	210.557	84.574	83.359
342.402	209.836	79.635	85.481
331.112	210.428	76.174	85.829
320.201	209.031	72.861	87.433
301.269	204.533	68.558	88.377
276.483	198.514	79.208	89.315
267.642	194.659	80.394	90.121
258.468	191.566	83.138	88.225
255.618	186.448	79.625	90.412
254.931	184.716	76.339	86.876
261.966	184.951	67.124	85.280
257.849	184.216	72.565	85.379
255.368	184.974	79.121	87.189
260.996	184.390	80.701	89.004
272.750	191.347	82.346	87.909
282.964	194.784	80.635	87.438
295.020	199.429	77.754	87.680
309.870	204.631	76.562	87.177
326.137	206.369	70.810	89.654
358.807	208.261	56.354	93.592
369.586	210.109	65.182	94.056
368.411	208.144	73.783	93.516
416.367	216.514	59.994	84.953
428.717	212.094	66.764	84.212
450.000	205.075	74.858	85.473
457.715	202.038	78.687	82.844
465.069	197.701	82.196	82.122
472.403	193.181	83.389	80.583
478.261	191.010	84.344	78.412
484.519	185.807	82.841	77.508
484.908	186.651	83.874	75.002
484.856	185.843	83.644	76.152
482.637	187.486	82.071	77.134
463.189	180.755	101.492	90.201
467.619	195.915	78.528	82.532
458.745	199.573	77.186	83.895
449.626	203.673	77.627	85.536
439.235	207.496	77.162	86.107
427.459	211.851	71.732	87.042
411.295	215.876	70.070	91.793
384.513	195.548	66.352	110.594
363.453	210.452	70.582	96.788
343.413	220.664	67.495	87.246
411.766	197.674	54.094	88.138
425.826	200.458	54.572	87.111
432.151	202.539	54.859	86.682
438.203	204.052	56.746	85.382
447.057	204.608	54.578	84.596
451.858	205.330	54.558	85.931
457.515	206.346	54.903	85.158
458.765	207.280	55.446	85.072
457.696	207.492	56.949	85.519
456.735	207.797	57.525	86.635
452.007	209.473	59.479	85.567
443.256	210.640	58.403	87.265
437.078	210.603	57.499	88.138
431.803	209.387	55.366	89.163
425.919	206.671	55.383	92.020
420.490	208.717	52.470	89.288
348.630	202.248	68.610	87.140
408.201	205.905	56.248	84.905
417.969	204.132	55.341	86.542
419.088	197.304	62.846	91.753
421.264	190.369	58.590	96.744
426.491	183.425	55.782	98.676
433.257	175.866	56.315	100.050
441.278	169.955	60.219	101.552
444.895	173.143	65.524	97.172
448.823	173.848	70.503	94.857
453.662	174.346	70.359	95.682
455.447	176.690	63.801	94.901
455.083	176.610	70.150	94.543
456.988	180.920	56.698	93.064
451.526	184.514	60.644	88.966
448.239	178.469	95.039	86.879
463.844	176.833	75.137	82.319
452.573	181.330	78.343	80.632
444.090	182.843	79.321	83.346
430.832	184.300	82.752	87.303
391.402	190.853	74.427	102.063
379.873	191.470	76.390	107.440
367.918	195.909	67.784	105.680
354.191	200.464	64.500	102.724
346.223	203.116	64.080	103.170
341.281	217.917	70.192	91.746
339.225	219.575	73.150	89.612
340.438	221.010	74.397	90.402
347.635	223.207	72.616	91.174
353.004	224.313	74.796	91.934
374.386	230.472	63.591	90.950
387.208	233.892	58.511	90.302
399.428	238.034	55.178	89.801
410.894	242.374	55.733	89.775
419.182	247.973	60.370	88.307
435.666	256.007	64.152	86.325
433.282	256.819	70.884	88.971
438.625	260.674	69.084	88.339
437.438	263.184	70.378	88.716
437.173	266.470	69.714	88.119
431.272	272.729	70.371	87.732
433.817	274.805	63.174	88.170
422.500	275.506	67.886	89.318
412.279	276.990	67.693	89.050
402.628	277.279	68.007	89.007
387.730	275.129	63.610	88.860
371.134	273.235	62.907	91.843
360.868	268.614	72.321	96.219
360.328	265.359	81.034	96.420
356.110	262.678	75.047	94.127
396.639	265.361	70.541	85.274
391.087	265.365	81.643	83.693
392.151	264.731	82.274	82.768
393.271	264.186	81.967	82.798
391.272	265.771	82.299	83.405
385.619	269.752	79.535	89.213
387.665	270.304	72.738	95.346
374.004	262.988	75.112	105.704
355.833	262.854	69.203	105.685
355.033	269.004	69.957	113.061
312.114	291.499	76.355	98.682
291.365	293.201	88.332	100.758
280.460	304.134	70.925	89.242
264.270	306.370	61.302	91.126
246.971	307.761	63.727	90.592
213.613	308.533	66.211	90.040
200.447	308.338	69.612	89.702
189.201	308.305	72.323	88.187
179.936	307.381	75.605	87.222
174.294	306.674	76.985	85.984
172.026	306.120	77.235	85.268
172.921	305.861	76.841	84.411
178.780	307.255	75.548	84.485
189.436	308.590	72.928	85.549
202.597	310.679	69.709	87.389
213.145	310.990	72.039	89.005
243.900	313.530	68.056	89.844
266.217	314.180	62.306	90.294
287.594	312.248	60.947	91.190
305.432	310.092	65.582	91.402
335.693	301.562	79.043	94.413
358.899	290.905	73.839	101.949
369.706	277.440	85.218	108.963
391.230	277.203	82.079	103.261
395.914	276.834	88.821	92.359
307.238	255.984	86.218	91.112
296.943	250.678	91.990	87.562
291.967	247.562	96.247	84.517
288.067	247.317	99.354	81.014
287.931	247.261	102.353	79.811
300.704	248.155	101.052	84.284
309.626	249.370	96.360	88.856
363.934	251.732	122.417	98.812
356.491	253.294	121.690	114.325
371.747	255.255	88.955	124.592
333.749	293.119	88.142	99.482
320.181	297.586	77.668	96.585
299.926	299.404	73.467	97.425
277.807	300.892	70.353	96.978
255.307	301.917	70.432	95.253
217.432	299.449	76.061	94.109
202.160	296.979	76.011	94.237
187.898	295.995	78.445	94.864
176.096	294.986	79.229	93.034
165.818	294.262	79.475	92.640
156.786	293.262	77.716	93.191
156.770	292.757	74.435	93.848
155.103	293.999	74.011	93.456
159.255	293.894	70.316	94.268
164.469	294.725	67.508	96.264
173.317	295.720	63.400	96.427
188.299	296.135	61.503	97.478
201.339	295.571	60.417	98.799
214.467	295.900	59.238	98.402
227.976	295.694	61.728	98.735
243.234	294.770	63.039	98.956
272.258	288.636	68.516	100.543
286.334	284.740	73.557	103.546
297.892	280.154	80.123	105.249
310.748	277.141	81.667	103.713
325.582	274.213	75.062	101.694
344.840	266.227	65.059	105.005
361.339	265.395	70.981	105.150
369.540	262.410	74.042	109.009
371.478	261.444	78.741	108.314
376.273	260.595	77.744	109.704
383.611	260.670	75.212	109.097
389.672	261.253	72.561	108.065
394.330	262.856	69.146	106.554
398.638	263.828	67.044	104.569
403.611	265.839	72.465	102.870
408.896	268.358	75.490	101.593
412.623	269.731	73.040	101.092
414.368	271.106	66.585	101.445
415.181	270.649	63.791	102.785
415.558	273.001	67.677	101.244
424.365	274.202	60.042	101.240
432.067	275.236	59.965	98.945
435.316	276.067	58.219	97.472
437.130	278.059	59.179	96.135
435.424	279.756	60.074	94.113
441.257	274.275	55.387	95.684
444.609	273.611	53.714	96.939
442.775	273.702	55.199	94.737
445.887	271.927	56.369	96.679
446.486	272.753	57.225	95.540
447.231	275.294	58.845	94.399
447.369	276.934	59.613	94.517
448.577	278.592	59.149	94.408
450.274	279.930	59.321	94.912
452.259	281.548	58.779	94.452
457.473	283.462	56.287	93.988
460.122	284.777	54.138	92.968
462.505	285.207	53.218	92.311
464.147	285.399	52.788	91.963
464.754	285.708	53.123	91.818
464.743	286.008	54.275	91.229
464.135	286.612	55.663	90.376
464.041	286.872	54.792	89.634
464.387	286.921	52.336	88.929
463.372	286.241	51.141	88.599
460.529	283.568	50.332	88.965
458.391	282.476	50.673	87.040
456.732	279.831	49.452	87.300
454.914	276.678	49.616	86.792
453.830	272.529	48.277	87.046
451.493	268.683	48.815	85.503
450.149	266.167	49.891	84.772
450.271	265.439	49.569	83.865
450.200	265.282	49.220	81.954
450.051	265.032	49.272	81.362
450.420	264.925	48.280	81.640
450.623	266.085	47.094	82.728
450.432	267.162	46.100	83.752
449.676	268.277	46.097	84.636
448.976	269.776	46.649	84.415
446.805	271.585	47.244	84.484
444.710	273.199	49.274	83.946
442.880	273.959	51.125	83.708
440.996	274.312	52.256	83.721
439.487	274.323	53.312	82.656
437.343	274.309	54.393	80.623
436.041	273.610	55.705	79.979
435.154	273.354	56.819	79.933
434.716	273.581	57.718	79.590
435.155	273.898	59.477	80.195
438.762	274.814	58.478	83.315
441.929	275.136	57.482	84.360
446.014	275.458	54.282	83.923
449.420	275.584	51.721	83.196
453.193	274.509	48.449	83.279
458.289	267.918	45.725	86.369
459.875	265.918	47.416	84.228
460.530	264.856	48.793	82.755
460.430	264.454	50.459	80.569
460.032	262.954	51.387	80.105
456.701	261.808	54.035	81.761
452.797	261.403	56.410	83.480
448.193	261.923	57.566	85.115
443.877	263.816	57.082	85.568
438.490	265.855	57.636	84.175
427.238	267.142	52.314	83.996
419.485	266.268	50.211	83.713
408.814	263.900	54.037	85.361
397.481	261.712	58.768	86.253
386.735	258.922	63.869	87.609
373.352	253.412	65.244	85.097
371.633	248.968	64.679	86.509
359.430	248.005	67.504	85.344
362.526	245.795	62.023	85.948
341.905	246.123	67.096	87.276
331.530	248.270	64.038	84.723
331.062	247.231	53.523	84.458
363.194	239.320	55.212	85.518
325.312	249.665	51.884	82.161
319.077	248.221	61.832	83.814
358.206	233.948	57.229	86.541
358.653	232.196	54.574	86.522
355.249	233.268	52.876	85.885
351.173	235.353	51.696	84.522
347.680	236.650	50.402	83.042
339.608	236.704	49.857	81.967
333.748	237.820	54.579	81.645
331.839	237.650	53.883	80.667
329.176	238.119	52.804	81.089
327.975	238.684	52.276	79.626
325.651	239.169	48.911	79.624
324.061	239.944	50.559	78.210
266.346	248.225	69.365	84.098
266.928	253.357	61.438	85.160
268.557	256.840	57.023	83.264
273.337	256.965	50.642	80.241
274.523	257.902	49.768	80.290
315.202	239.880	50.016	82.011
317.067	241.816	49.049	81.538
314.692	242.909	52.368	81.253
307.916	247.016	54.729	82.997
301.109	248.869	58.110	81.749
299.230	250.264	55.054	81.577
294.057	251.532	53.359	81.211
288.581	254.096	52.990	82.485
277.581	262.746	51.942	81.535
271.984	265.558	50.680	79.603
265.451	268.561	49.222	78.405
247.838	270.974	58.257	77.813
193.941	277.778	61.745	77.008
186.393	275.888	66.448	73.404
181.445	275.915	65.440	73.246
179.611	274.987	66.523	72.599
176.761	273.222	63.511	72.506
178.558	270.967	64.320	72.408
177.281	271.800	60.225	69.623
186.568	270.497	57.604	72.892
190.976	272.260	67.107	76.831
204.480	278.115	65.196	78.119
210.774	281.448	59.560	78.122
223.253	280.375	48.933	79.064
228.821	277.454	49.174	79.421
232.291	274.797	56.232	78.324
235.526	272.590	63.261	76.894
239.515	271.807	67.971	77.571
240.842	268.649	86.023	86.735
263.916	276.101	78.322	78.498
285.561	277.255	60.345	77.182
289.982	280.919	62.247	73.364
295.233	281.575	62.640	71.090
307.024	279.377	61.850	71.257
308.243	278.527	66.051	72.117
311.982	277.998	66.768	73.009
318.518	275.999	65.037	74.460
326.358	273.698	64.806	75.322
333.384	272.686	62.151	74.115
347.951	265.468	61.410	77.290
354.152	264.334	59.522	75.278
360.518	262.576	62.402	74.757
368.436	259.092	61.284	75.014
377.815	256.059	67.368	72.581
382.308	253.174	71.877	72.977
385.980	252.867	75.963	70.982
394.954	251.695	73.835	69.369
400.187	250.741	76.664	69.351
408.368	254.197	77.568	65.705
411.447	254.900	80.962	64.119
416.651	252.727	81.080	65.182
420.076	249.629	78.233	66.271
422.481	246.941	75.439	66.224
423.950	242.000	70.209	68.072
424.637	237.363	67.662	69.385
425.219	240.685	64.428	71.969
425.820	248.665	61.751	73.795
419.682	254.764	62.807	76.519
418.719	258.898	62.073	78.201
416.025	261.578	57.731	78.035
415.415	260.529	57.775	76.573
411.656	254.323	58.088	78.405
396.709	248.087	75.093	77.427
385.641	244.556	67.108	75.094
391.901	244.863	58.479	77.640
392.295	248.243	53.665	78.136
392.913	251.605	57.495	76.691
391.870	252.846	61.844	75.888
392.204	251.488	60.739	75.446
392.848	249.993	57.411	72.589
392.503	246.585	57.790	75.340
392.906	247.059	61.774	76.799
393.510	251.388	67.370	74.593
395.117	252.622	69.888	75.244
391.367	254.055	68.400	74.792
388.359	254.321	75.574	73.707
388.670	253.917	72.111	73.318
389.097	252.159	66.500	74.924
386.802	252.019	68.932	75.221
411.576	257.768	55.397	73.781
425.188	261.711	46.682	71.568
423.405	262.468	48.383	70.482
424.380	262.697	48.245	70.173
425.259	262.387	48.871	70.359
427.776	262.412	50.893	70.941
429.191	262.517	53.065	70.862
431.263	262.374	53.812	70.610
432.548	261.793	55.554	71.403
430.043	262.325	59.032	73.354
411.724	270.264	63.883	86.079
406.650	280.523	59.731	96.335
409.671	288.446	68.744	97.619
409.155	300.978	71.929	91.544
409.911	303.245	70.401	88.756
412.149	299.961	64.626	90.524
410.611	299.405	61.989	86.711
410.051	293.660	55.740	87.787
398.273	300.998	59.475	76.956
394.265	303.810	55.812	75.988
385.337	308.843	53.764	75.737
447.205	286.444	41.571	71.180
450.484	285.514	45.231	72.644
455.415	285.805	47.502	72.436
461.731	285.226	48.143	71.627
475.781	282.108	50.093	72.493
485.190	279.944	47.078	72.497
495.145	277.108	44.770	73.416
504.953	274.222	45.372	74.072
512.895	273.024	49.126	73.803
525.794	271.286	56.605	71.568
530.506	269.481	59.421	71.471
534.801	268.070	62.470	69.939
537.760	266.796	65.231	68.910
541.346	264.188	65.764	69.484
545.599	260.669	66.732	69.854
547.801	259.888	66.073	70.161
548.998	259.686	65.075	69.273
550.214	259.343	62.058	69.113
549.535	259.171	60.206	68.881
544.600	259.365	57.109	70.692
540.938	259.835	55.557	70.744
536.322	261.727	54.443	68.595
531.045	262.274	52.490	67.616
525.641	262.705	51.565	67.083
514.950	263.037	49.029	66.668
508.543	264.424	48.476	66.103
502.163	265.316	47.924	65.788
495.401	267.370	48.618	65.262
488.145	268.968	49.931	64.733
476.008	271.777	50.536	65.422
469.316	272.883	49.892	65.593
460.689	275.082	51.103	63.355
453.235	276.441	51.358	62.847
446.711	277.564	49.342	62.855
438.736	280.899	41.070	61.552
434.492	281.187	34.773	62.773
430.350	284.993	31.050	59.815
429.437	331.411	37.331	52.227
380.480	434.995	53.661	12.737
396.656	438.350	55.782	14.722
389.320	437.636	54.950	14.266
388.290	435.171	50.393	18.938
399.005	431.460	46.634	32.873
401.210	435.599	46.302	30.847
336.010	288.566	30.126	65.456
420.532	332.591	42.117	44.540
320.882	282.791	56.657	70.247
319.779	283.705	59.780	68.677
345.597	282.071	50.725	66.422
366.802	277.418	49.520	67.635
377.369	273.668	53.931	69.133
386.548	272.686	57.228	67.887
395.130	272.304	59.498	66.015
403.854	271.586	61.217	65.275
419.815	271.297	65.187	64.393
428.972	271.877	63.366	64.886
437.285	273.459	62.547	64.998
446.062	274.951	60.065	64.246
452.653	276.266	58.729	63.722
461.699	277.475	56.614	64.049
465.899	277.571	54.373	63.865
469.298	277.629	52.279	63.609
470.465	277.661	52.179	63.506
471.302	277.278	51.817	63.932
471.856	276.660	51.375	64.865
472.465	276.317	49.706	64.875
472.448	275.225	48.385	65.501
471.949	274.876	46.980	65.131
470.716	275.035	46.469	65.184
469.591	277.145	43.174	65.347
468.605	279.066	43.406	64.594
467.961	280.920	42.240	64.991
467.534	283.351	40.910	64.034
466.899	284.425	40.445	63.655
466.616	285.599	39.409	63.682
465.677	286.116	40.194	63.565
464.984	284.578	40.624	63.670
464.871	279.083	41.201	67.441
464.057	273.653	42.512	69.459
464.464	262.947	43.377	72.855
464.391	258.313	43.834	72.263
464.215	251.796	43.878	72.319
465.135	246.836	44.044	70.280
466.508	241.712	43.068	68.983
468.002	233.195	42.281	69.279
468.466	230.599	42.299	65.797
468.993	228.543	42.799	65.537
470.212	227.867	42.105	65.104
470.844	227.997	41.688	65.294
471.672	229.448	42.382	65.380
471.608	231.168	43.410	64.827
471.954	233.817	44.209	65.686
470.912	236.119	46.267	66.598
468.348	238.388	49.130	65.382
467.097	239.825	50.669	66.450
465.799	239.939	50.210	66.281
466.443	240.327	48.996	66.205
466.246	241.071	48.588	66.417
465.599	241.450	47.906	66.806
465.082	242.105	44.917	66.387
465.848	241.673	44.134	66.765
465.847	242.096	44.188	66.919
464.910	243.334	44.453	66.630
464.537	246.757	43.931	66.460
465.305	253.344	43.624	68.041
465.884	258.108	43.724	69.983
466.715	264.288	44.733	69.198
466.917	269.865	46.289	68.781
466.554	272.679	48.427	70.499
468.431	279.498	48.281	71.536
468.391	284.880	49.667	71.075
469.180	290.021	49.850	72.695
468.951	294.565	51.772	73.899
468.887	302.821	52.288	71.080
469.463	308.480	51.723	68.630
467.559	318.300	51.960	67.439
466.791	322.294	52.893	66.940
463.130	325.867	55.438	66.986
462.416	331.042	54.559	61.843
455.081	329.154	54.648	62.156
452.150	316.378	53.452	70.900
441.489	297.181	59.397	81.943
435.379	275.937	62.356	84.399
431.997	258.521	59.552	80.634
432.638	244.607	53.808	77.515
420.413	240.520	55.245	59.642
430.244	239.839	44.846	69.999
422.182	248.222	46.077	67.342
422.362	253.705	43.353	65.941
415.661	254.653	45.810	64.528
405.205	249.530	47.276	64.846
410.995	248.202	40.620	62.436
404.039	246.854	45.923	63.430
405.019	247.179	43.453	66.456
401.707	250.785	45.456	65.797
400.954	257.427	43.526	64.363
403.958	258.738	41.681	64.728
404.451	259.114	42.972	63.865
403.740	259.152	43.979	63.672
405.588	259.674	42.261	62.675
407.618	260.086	40.654	60.713
404.327	259.475	43.831	60.690
408.670	259.337	40.736	60.993
407.206	259.887	44.120	59.721
401.399	257.580	47.955	61.141
406.699	256.479	43.817	60.826
407.266	256.420	43.426	60.999
407.239	256.462	43.430	60.543
406.636	256.231	43.125	61.592
405.363	255.619	43.551	61.444
404.755	255.982	44.975	61.382
405.158	254.844	45.313	62.722
406.740	254.118	44.972	63.023
407.127	253.206	46.327	63.820
408.447	251.423	46.924	63.886
410.040	250.894	48.774	62.234
412.136	250.324	47.919	61.680
412.882	250.074	48.624	61.837
413.732	249.538	49.116	62.347
415.787	249.511	47.611	61.885
418.823	250.413	46.281	63.099
415.929	251.857	48.152	62.575
407.935	252.785	50.738	62.763
413.699	251.424	47.012	64.233
412.123	248.871	45.848	66.491
418.118	244.019	40.124	63.700
417.114	240.490	41.348	62.446
416.797	239.484	41.733	61.756
417.779	238.343	41.051	61.578
418.608	238.127	40.181	60.346
421.685	237.960	40.362	60.598
422.876	238.224	40.927	61.386
425.845	239.160	40.153	63.599
428.297	242.972	39.532	62.044
428.992	244.853	42.435	63.180
433.339	251.430	45.256	65.085
435.376	254.187	47.020	66.890
438.718	257.765	47.335	65.229
442.437	259.490	47.664	67.236
445.902	264.114	48.209	65.809
450.654	269.763	51.065	68.016
451.839	271.620	53.586	66.043
454.688	274.144	52.580	64.277
456.380	274.816	52.854	64.164
457.806	274.297	53.914	64.642
459.345	270.498	53.629	65.117
460.345	271.043	53.161	64.253
460.931	269.939	53.084	63.218
460.950	268.956	53.052	62.799
461.279	268.273	53.014	63.029
460.856	265.118	52.414	64.840
461.005	264.936	51.176	63.119
461.112	262.774	48.790	64.310
460.334	262.763	48.481	63.433
459.982	261.104	47.196	63.567
462.657	260.186	44.777	63.607
463.462	260.169	43.394	62.674
460.126	259.497	43.247	62.736
464.379	259.161	42.025	65.162
463.389	259.979	45.111	63.650
466.996	262.240	44.359	65.023
424.183	259.449	52.815	63.551
475.818	266.874	39.728	63.744
415.248	262.132	57.331	62.041
408.393	262.577	57.925	63.393
489.446	272.020	44.690	63.943
494.113	272.169	46.185	65.620
498.365	275.482	47.212	62.604
500.875	275.101	51.248	64.066
505.172	277.220	52.096	63.198
511.578	277.864	55.960	63.399
513.134	278.445	58.377	62.804
515.933	278.004	57.790	63.217
519.065	278.467	56.988	63.530
520.386	277.717	56.863	63.664
523.139	277.030	55.420	63.003
522.074	275.724	56.617	63.020
521.452	275.048	55.807	63.748
520.012	275.273	54.760	63.523
517.450	274.994	55.370	64.527
511.872	275.221	52.912	66.021
508.475	274.720	52.501	66.002
505.437	275.282	51.619	65.949
502.017	275.589	50.408	65.993
499.031	276.533	48.514	66.360
493.384	278.248	44.575	67.213
490.409	280.027	42.952	65.929
486.965	281.730	43.112	66.630
484.677	283.721	42.105	66.623
482.650	285.545	41.729	66.621
478.547	289.171	42.061	66.533
476.581	289.123	44.626	67.883
474.948	289.456	44.871	68.249
473.062	289.414	47.553	68.566
472.294	287.842	48.513	69.343
471.941	282.799	48.452	70.029
471.181	279.104	49.108	70.805
470.527	274.570	49.487	71.918
469.208	268.207	49.719	74.315
470.654	262.676	47.485	74.558
470.426	254.147	47.804	74.279
470.480	249.054	48.499	73.381
471.280	246.369	48.484	72.378
470.946	244.411	49.655	72.400
471.204	242.851	50.109	71.733
471.376	242.775	51.878	72.054
472.434	242.361	52.287	73.551
474.220	244.873	51.378	73.952
475.898	247.564	50.922	74.288
475.026	250.064	53.358	75.767
477.958	259.794	52.690	74.032
477.501	263.354	55.179	75.470
480.058	268.355	53.276	73.796
480.862	272.477	53.605	73.001
481.344	276.062	53.623	72.834
480.933	282.519	55.045	73.054
480.903	285.268	55.271	73.534
480.148	287.589	55.432	73.829
479.973	289.582	55.271	73.546
479.473	290.822	54.928	72.939
477.981	290.430	55.727	73.394
474.727	288.744	54.658	73.167
473.056	286.886	55.098	73.944
470.662	284.270	54.194	75.053
468.259	281.701	54.357	75.238
463.367	275.910	53.850	75.701
460.269	273.044	55.839	76.820
457.712	270.668	55.487	77.218
454.773	268.787	55.866	76.707
452.583	267.634	55.310	76.557
450.575	267.346	55.058	75.867
450.396	266.917	56.028	76.518
418.754	250.779	66.227	90.028
421.663	249.611	68.660	89.824
429.819	247.130	71.678	90.688
434.310	247.061	72.499	91.311
436.878	247.483	73.733	89.706
438.688	247.839	75.509	89.928
440.314	248.174	75.929	90.561
446.243	249.970	74.193	90.225
446.807	250.756	73.407	91.076
447.222	251.756	73.476	91.715
447.233	252.449	73.251	92.989
446.372	253.039	73.038	93.876
443.120	254.723	73.461	95.052
441.391	255.350	72.464	95.272
438.677	256.070	72.368	95.659
435.553	256.477	72.408	95.566
431.388	257.663	73.448	95.446
422.226	258.758	74.928	94.850
417.143	258.511	76.130	95.674
412.183	258.361	76.509	95.473
407.114	258.217	76.637	95.489
412.091	257.193	65.972	96.342
404.757	258.430	61.464	95.308
393.147	240.444	68.163	112.660
390.098	238.923	68.964	111.546
387.332	238.226	67.943	111.483
414.684	234.891	79.945	96.650
418.953	239.931	91.686	88.648
411.492	238.596	95.566	90.835
388.252	239.388	113.197	95.923
410.903	242.736	94.944	87.429
402.411	247.999	90.059	95.778
408.115	254.448	69.814	97.980
420.912	254.891	65.217	98.434
430.206	254.517	66.790	100.321
444.055	255.585	67.309	98.685
452.378	256.259	75.980	98.642
470.181	256.060	89.809	100.937
473.822	257.623	96.946	98.441
479.690	257.767	101.571	97.473
485.795	258.655	103.811	93.909
489.769	258.097	107.286	92.876
493.404	258.688	109.154	90.940
491.565	258.329	113.085	89.962
486.317	257.550	114.961	92.146
483.738	255.437	113.506	96.538
476.117	256.223	114.338	99.733
470.809	257.859	110.571	101.599
462.169	260.261	90.214	103.071
457.622	258.839	80.880	105.391
443.981	258.423	78.628	106.791
427.644	248.170	80.458	117.033
413.236	237.563	88.287	122.262
393.241	249.943	81.964	114.685
389.786	232.896	183.072	147.685
448.682	224.906	134.884	96.098
445.005	231.706	132.626	88.913
448.119	235.428	123.074	89.807
444.552	250.357	114.926	99.208
391.406	252.922	129.420	122.068
401.743	265.255	84.384	124.483
406.728	279.569	80.641	115.511
420.466	285.434	75.648	115.632
438.281	293.501	87.628	114.425
442.636	297.416	97.616	114.015
448.340	300.624	103.527	112.069
456.621	302.163	105.711	111.600
464.424	304.603	106.499	109.992
469.562	306.610	110.630	106.729
471.035	306.128	109.987	106.170
469.946	304.901	111.535	107.171
465.745	304.543	112.883	108.139
459.291	304.611	114.352	108.183
442.634	302.608	114.399	111.281
445.513	299.425	104.382	114.486
442.236	300.380	91.701	116.350
410.427	271.737	110.393	143.122
403.362	257.416	149.658	155.741
428.809	251.833	158.545	104.465
449.522	248.642	151.628	101.760
455.594	245.404	148.082	91.037
457.782	243.242	152.177	87.583
458.819	245.304	149.396	84.457
445.115	248.151	151.429	93.894
437.114	252.284	156.404	101.285
430.960	258.960	141.924	108.200
431.641	263.879	129.930	116.927
374.526	270.880	96.054	140.802
401.699	299.335	80.776	127.872
330.751	280.824	89.456	127.742
430.389	301.837	88.676	130.743
441.707	304.168	100.762	131.873
450.348	306.137	112.576	127.768
466.299	308.587	130.671	119.006
478.044	309.217	131.033	116.823
485.447	309.027	133.549	114.937
490.197	308.890	135.575	113.952
493.508	307.049	137.630	114.641
491.893	307.004	139.960	116.633
488.704	307.514	137.765	118.274
483.044	305.890	136.787	123.877
476.480	307.631	130.468	124.208
466.524	307.648	128.728	129.271
459.377	305.377	98.885	133.025
445.082	302.734	93.426	135.876
432.583	277.372	136.229	125.609
431.657	263.625	160.486	121.675
454.791	261.466	152.661	113.732
443.189	254.536	163.286	91.783
455.965	258.112	155.621	87.746
458.126	255.833	151.835	86.398
449.006	258.963	148.813	88.682
441.604	258.377	150.567	98.412
397.035	280.781	125.022	145.154
404.958	301.057	94.090	140.115
423.474	302.435	86.060	141.281
433.925	302.566	94.331	142.405
441.414	305.192	109.080	138.704
452.140	304.623	132.739	140.361
462.388	308.219	134.421	135.569
469.664	309.212	137.820	133.178
479.074	309.814	137.325	129.958
480.038	311.747	142.499	124.756
479.915	312.097	143.133	122.644
476.240	312.773	142.201	121.172
470.262	312.417	142.036	122.919
461.148	312.377	140.310	125.193
449.641	311.826	140.965	128.750
422.973	310.952	129.581	137.455
406.309	312.978	132.373	139.247
393.863	309.890	115.632	140.043
381.053	307.545	109.317	142.194
340.792	283.509	123.748	163.171
352.981	247.102	168.016	132.490
341.078	248.692	189.049	114.949
349.834	237.719	197.399	120.775
348.824	236.417	193.961	109.771
272.048	278.390	106.064	154.440
335.275	231.474	193.567	118.193
329.319	232.376	184.092	128.164
321.641	234.875	174.877	139.963
313.631	239.004	167.028	150.213
273.422	233.884	143.982	223.591
237.929	255.052	159.044	231.852
302.072	331.185	100.917	165.691
307.169	334.726	109.977	152.921
313.666	336.895	119.925	151.414
318.287	339.272	128.161	150.503
327.213	337.892	137.608	149.937
336.838	339.909	135.537	147.359
343.066	337.337	134.661	149.192
348.691	332.317	130.678	152.609
352.240	326.710	129.602	154.751
355.889	317.265	123.029	160.214
362.105	312.134	116.382	163.059
357.927	307.911	116.051	164.956
361.026	304.995	114.315	166.012
357.567	301.926	114.802	169.475
351.010	294.660	115.995	172.688
352.531	292.025	116.703	173.412
344.958	290.086	119.793	173.761
347.767	288.310	118.846	173.899
342.313	288.094	118.340	176.005
346.649	295.927	112.663	175.752
345.866	301.167	110.042	175.759
347.406	307.298	112.226	177.812
211.957	324.603	122.736	166.047
215.578	310.788	119.286	167.580
360.701	345.361	107.356	178.345
363.524	356.704	103.333	170.704
365.606	363.755	107.637	170.614
366.082	374.646	114.442	170.063
369.332	376.580	114.709	167.381
373.173	378.628	117.456	165.248
378.250	379.834	117.311	163.312
383.102	375.880	117.009	164.348
388.750	373.093	114.365	164.395
397.528	371.776	109.277	162.314
412.402	365.265	102.534	163.869
420.216	361.835	101.994	163.248
428.427	356.957	101.060	164.402
435.574	352.458	102.174	164.249
443.315	347.784	104.589	164.221
455.413	341.007	116.319	165.892
460.313	338.655	124.336	166.434
463.397	336.720	133.800	167.096
466.202	335.475	142.284	168.459
470.125	334.581	147.947	169.063
475.678	335.712	154.546	167.722
475.462	335.263	154.798	168.864
473.997	336.198	155.793	167.936
470.760	336.422	155.851	168.798
465.906	336.885	155.265	171.120
454.535	339.868	151.436	172.876
448.089	341.416	146.611	173.824
439.473	344.647	142.900	172.331
432.254	345.396	133.972	174.222
421.908	347.414	130.937	174.210
403.757	345.604	117.092	174.872
395.432	346.960	106.211	173.390
388.112	348.770	100.862	172.952
379.791	349.365	96.608	170.828
372.735	350.969	94.760	168.916
361.683	352.657	96.074	169.123
358.220	354.727	96.996	168.449
356.684	356.048	98.610	168.797
355.846	355.431	99.343	170.800
355.546	354.039	101.464	175.843
359.211	354.349	107.419	176.384
362.341	355.894	110.725	175.871
365.441	356.546	116.593	177.414
365.572	357.605	127.021	178.269
369.057	357.895	134.194	180.293
377.259	359.805	143.207	181.801
380.659	361.007	146.110	181.706
385.488	364.080	147.695	180.491
387.598	364.897	149.351	181.013
388.588	363.940	151.424	182.699
388.809	363.658	152.120	183.733
391.720	365.014	147.940	182.995
390.328	364.676	145.463	184.532
389.042	364.635	142.177	185.152
388.594	365.311	138.530	186.499
387.857	366.851	134.843	188.108
383.536	375.494	128.519	185.179
379.789	379.005	127.051	189.542
376.662	383.098	126.002	187.656
373.729	387.974	126.349	183.164
370.094	390.242	126.733	179.918
363.477	391.678	130.963	178.313
358.554	388.770	135.596	181.282
355.648	383.430	138.175	186.363
351.772	378.031	141.443	190.590
347.902	372.703	143.508	194.049
341.325	356.421	145.196	201.448
334.641	352.939	150.015	202.280
329.396	347.481	150.719	206.017
324.476	343.730	151.329	205.146
319.991	340.770	151.257	206.107
310.662	337.498	151.748	206.011
306.423	334.915	149.840	205.975
302.489	331.792	146.459	205.675
300.897	328.630	141.063	205.255
298.885	325.381	138.024	205.527
297.243	320.178	131.377	204.922
295.327	315.109	125.979	207.740
291.628	311.582	124.949	209.414
288.507	309.597	123.657	209.620
285.651	309.675	122.340	207.443
281.454	307.879	121.888	205.896
278.354	306.888	123.113	207.525
275.922	306.522	124.245	208.822
275.305	305.306	126.175	209.773
274.468	305.123	126.672	209.757
275.100	302.831	131.403	212.049
273.957	300.046	136.298	214.290
272.334	297.071	142.503	216.670
272.062	294.113	146.474	217.814
274.168	290.815	146.662	218.928
275.001	284.032	152.580	218.742
277.276	280.501	152.990	217.100
276.042	276.530	156.152	217.922
275.249	272.291	157.993	218.468
278.362	267.605	155.605	219.505
279.580	258.126	153.316	220.479
281.808	253.830	149.274	219.852
281.220	249.323	148.477	219.835
278.069	242.980	149.481	221.196
276.733	237.473	148.726	222.218
272.547	226.588	148.816	221.836
270.182	222.706	148.756	221.137
268.291	217.020	149.338	223.116
266.309	212.904	149.501	223.387
265.551	209.374	148.643	223.903
265.478	204.298	146.586	223.473
265.685	203.873	145.256	223.333
266.160	203.002	144.685	223.232
266.114	202.715	144.114	222.593
267.925	201.969	143.036	224.915
269.087	201.855	143.397	226.607
271.733	202.500	141.927	226.510
271.752	201.705	144.252	227.980
274.125	202.140	144.803	227.832
279.143	203.765	143.193	227.303
285.114	205.235	143.865	227.048
288.317	204.995	145.295	228.502
292.142	204.929	147.469	228.014
296.378	206.230	147.483	228.713
300.304	206.500	148.379	229.388
306.729	208.522	148.191	230.225
308.262	207.817	150.682	230.831
309.363	208.837	152.704	232.823
314.560	210.638	149.732	232.527
315.252	212.780	151.065	232.158
317.737	214.626	150.276	234.383
317.274	215.583	152.251	233.351
317.314	216.313	152.548	234.953
317.432	217.024	153.018	235.837
317.979	219.110	152.030	235.317
319.469	220.901	150.056	235.890
318.654	223.102	151.264	234.667
320.414	223.996	150.048	237.053
321.806	225.857	149.283	237.297
322.735	227.981	148.819	237.500
325.233	229.959	146.171	239.034
325.844	231.587	147.104	239.333
326.733	232.377	146.537	241.482
326.534	233.082	147.979	243.442
325.950	233.574	150.014	244.539
326.567	235.221	148.991	245.363
327.073	236.028	149.127	246.273
327.882	237.814	146.923	245.444
326.270	238.549	147.298	246.759
324.974	239.527	147.612	247.869
324.293	242.433	144.315	250.358
320.781	243.953	146.073	251.443
320.273	246.259	144.265	252.068
319.905	246.117	143.941	255.635
318.760	247.985	143.018	256.220
315.747	253.059	143.625	260.930
311.411	254.886	146.700	261.522
306.560	257.691	149.401	261.300
305.914	259.676	148.836	264.533
303.250	261.751	151.458	263.925
300.273	267.363	153.520	269.540
299.422	270.723	155.209	269.926
298.440	274.003	156.980	268.063
297.529	275.884	157.985	268.996
296.606	275.805	159.642	270.952
295.770	276.480	161.309	276.194
294.363	276.845	163.812	276.767
290.748	275.507	167.406	279.407
290.463	275.040	169.060	282.941
288.608	273.516	172.505	286.922
285.425	272.812	177.446	292.905
282.728	271.202	182.739	295.435
280.588	270.419	186.830	297.884
281.158	269.293	187.258	300.397
282.681	268.713	185.642	301.663
282.150	265.858	187.758	304.939
282.131	262.440	188.939	308.012
283.217	261.304	189.411	310.272
281.507	260.153	192.764	310.214
281.693	259.047	193.916	311.171
280.553	256.805	194.624	313.730
277.063	255.519	197.524	314.760
273.985	255.412	200.145	316.119
273.043	257.072	199.192	313.008
271.623	258.102	199.251	312.564
267.212	259.143	201.309	314.833
263.780	261.941	204.196	309.177
265.594	262.535	202.224	309.325
277.707	263.082	194.266	309.763
282.040	263.543	195.421	307.774
293.504	264.856	197.394	305.091
300.597	265.438	199.462	304.091
304.489	265.794	207.039	302.531
317.478	263.573	206.926	304.476
325.078	264.191	209.933	303.371
338.209	265.051	218.673	301.320
342.303	267.442	224.583	298.557
349.412	267.841	227.061	298.896
353.091	268.665	229.891	299.832
360.412	269.918	227.564	297.625
369.162	271.578	227.951	298.417
372.185	272.583	227.230	295.468
374.610	273.582	224.329	295.848
376.426	274.031	224.252	294.376
376.939	275.841	223.593	293.351
377.417	274.858	221.241	294.044
374.886	275.252	221.585	293.940
376.833	275.645	215.862	292.388
373.204	274.813	215.989	293.487
366.646	273.252	218.249	295.131
357.371	273.269	218.228	295.923
351.109	272.467	216.930	296.290
339.359	270.645	221.611	298.547
327.880	269.836	225.250	299.595
317.684	269.398	227.782	299.537
305.039	264.673	224.449	304.910
291.716	261.991	227.212	308.164
279.325	259.114	231.095	310.364
270.331	257.501	231.806	314.421
262.952	255.064	232.142	315.158
253.979	253.757	232.167	316.201
238.012	255.037	232.909	316.384
227.246	252.522	229.442	317.221
216.472	253.141	229.532	316.388
207.293	251.436	229.599	317.663
194.353	250.658	233.387	319.732
179.697	248.529	231.722	324.453
169.788	244.620	234.492	328.336
164.496	242.883	237.266	328.922
154.917	239.664	246.722	329.861
151.142	234.693	255.343	332.246
142.782	228.211	265.045	333.657
138.429	228.465	259.924	330.108
130.892	224.808	276.849	329.716
124.224	222.812	255.849	328.661
115.547	215.202	279.201	326.991
106.367	212.867	253.681	324.784
102.798	208.811	294.345	321.847
95.975	207.164	279.538	322.120
95.374	208.447	294.747	317.005
87.841	209.213	290.933	319.191
76.939	213.320	293.862	313.781
71.094	215.233	303.635	310.294
59.974	215.206	288.274	313.270
57.655	218.896	299.098	313.415
46.998	219.499	273.943	310.366
36.740	222.123	280.549	313.360
36.972	221.333	305.088	312.970
25.718	222.534	221.587	314.515
16.678	221.191	224.530	316.172
13.630	222.843	208.343	314.208
6.521	224.356	220.760	312.440
4.795	222.413	231.820	313.654
2.787	216.627	194.374	320.446
10.005	220.110	214.040	315.908
18.142	214.967	285.346	317.435
3.867	215.484	210.809	320.124
2.487	219.845	203.334	313.258
3.411	220.798	209.028	312.602
3.983	220.306	207.111	313.058
6.660	220.910	222.026	312.031
14.343	219.208	218.671	310.836
20.869	216.513	216.269	311.913
40.871	214.918	232.249	313.457
58.803	210.997	287.919	315.576
46.272	207.587	247.077	319.462
65.308	213.999	234.167	313.028
76.488	212.646	259.225	311.611
88.625	209.191	276.932	314.931
158.504	207.130	268.608	305.562
117.713	209.572	264.270	310.653
152.700	204.473	260.179	308.934
208.082	200.921	265.042	306.378
181.146	196.931	243.373	314.052
197.577	198.904	258.847	308.912
211.800	197.787	271.435	309.305
248.561	198.193	258.885	310.215
259.117	193.068	280.809	313.429
282.025	196.701	279.005	309.342
296.082	197.098	280.945	309.110
311.740	199.343	277.071	310.340
343.491	199.281	263.189	312.264
359.449	200.475	259.102	312.151
369.440	200.688	259.567	310.919
381.618	199.862	257.754	312.215
394.558	202.094	255.658	313.079
418.892	205.122	246.735	315.642
428.344	207.589	244.661	314.029
440.481	208.233	238.103	313.947
452.655	210.930	230.898	313.558
460.782	213.863	225.923	313.180
470.725	218.746	221.816	308.231
469.341	218.772	229.508	310.270
467.453	219.522	238.667	309.409
466.322	218.855	244.855	313.462
467.440	216.126	249.348	316.661
475.143	220.031	251.736	313.980
498.074	221.110	231.675	316.153
510.617	224.510	223.067	312.873
518.239	230.727	218.137	306.380
523.852	236.378	212.048	303.636
519.256	242.551	216.966	299.039
517.913	243.503	216.606	299.363
515.091	246.978	217.926	296.908
512.268	248.139	218.653	296.001
507.846	251.556	219.779	291.974
498.886	255.446	220.553	285.997
492.344	257.973	220.111	285.266
484.057	262.390	221.221	280.299
476.243	265.925	221.423	277.581
466.419	268.673	221.840	275.638
464.396	273.155	200.378	273.893
465.932	275.970	185.177	273.544
468.280	283.087	164.962	268.244
444.997	292.204	168.499	261.270
422.250	314.965	176.691	237.272
395.855	295.582	164.036	265.276
365.604	285.076	174.716	269.594
354.554	286.135	173.095	271.395
340.869	285.499	168.830	270.751
333.650	287.452	165.665	268.769
320.357	285.268	154.879	268.910
314.248	286.595	156.201	268.465
310.489	283.664	157.181	271.140
310.455	280.660	156.971	270.148
307.569	281.575	159.705	272.955
314.736	279.423	161.555	268.297
318.050	280.040	164.653	273.808
328.545	280.066	163.158	269.944
337.096	281.362	166.547	270.272
347.271	279.318	170.695	273.399
371.198	289.446	169.059	267.198
386.853	294.586	172.180	263.835
405.683	293.703	166.185	259.808
432.648	294.251	158.651	262.771
435.148	294.875	173.800	263.836
451.249	294.330	195.235	262.445
463.176	296.445	202.481	260.702
476.545	300.652	205.494	256.232
488.350	303.391	209.637	257.966
500.892	307.161	211.505	257.867
521.853	317.293	217.278	252.983
530.369	322.669	214.255	248.561
541.244	327.579	209.122	243.752
547.229	330.269	207.333	240.992
551.021	334.883	207.100	236.230
556.605	342.691	203.344	228.973
559.534	345.006	198.749	227.745
562.911	346.216	192.446	227.047
562.829	349.318	188.576	222.427
562.900	349.750	186.529	221.915
553.004	347.055	191.550	224.634
547.719	342.324	193.863	229.138
540.851	340.025	196.331	231.822
533.417	336.951	200.325	235.169
527.915	334.177	200.968	237.724
516.178	326.203	200.974	245.825
509.993	320.618	198.072	251.826
504.974	316.016	194.383	256.030
499.058	311.012	193.320	259.799
495.589	304.677	188.356	265.443
486.243	292.435	185.492	270.204
482.492	282.669	184.275	273.036
476.162	271.114	187.756	277.749
477.780	262.635	185.546	279.337
478.652	256.090	185.373	278.608
472.723	241.378	192.476	279.017
470.762	232.969	194.099	282.083
471.029	229.887	193.477	280.146
470.563	229.828	195.372	275.249
474.858	229.481	192.075	275.386
480.554	235.914	186.462	277.785
482.394	246.067	183.027	275.722
483.853	255.713	179.004	275.461
483.348	270.537	175.144	273.838
484.884	287.080	169.986	269.847
485.818	314.679	170.988	258.350
484.174	331.124	171.486	237.149
482.426	340.957	173.032	229.318
483.042	346.840	169.378	223.737
483.006	347.388	167.966	223.004
475.857	338.391	176.528	232.034
474.724	327.263	179.186	243.080
474.666	314.995	180.674	252.027
470.943	301.162	184.314	258.348
468.720	290.689	184.047	261.405
467.928	275.813	180.846	264.350
468.487	273.034	178.293	261.083
468.976	273.917	177.074	258.613
469.003	276.457	174.888	255.610
472.292	281.263	170.512	257.679
462.387	292.340	176.970	255.648
454.867	294.490	183.555	253.230
446.758	296.127	188.151	254.517
447.864	298.760	180.739	254.869
449.842	302.844	174.262	250.910
449.555	306.394	162.513	247.898
444.378	309.831	159.416	244.143
441.413	312.162	149.225	243.249
430.014	317.968	150.609	237.501
423.152	320.421	147.081	235.203
413.207	325.491	147.572	232.800
395.397	330.285	146.513	231.135
387.115	333.858	154.965	229.531
380.703	330.149	159.300	232.838
375.421	328.620	161.298	234.194
371.457	329.600	162.016	232.827
365.498	328.371	166.228	233.289
364.042	327.486	164.088	232.900
366.868	324.508	160.072	231.735
366.879	320.190	159.073	231.501
368.077	314.245	158.126	231.291
369.180	296.832	157.030	235.478
371.186	290.238	155.191	234.394
370.278	283.766	155.198	234.999
372.172	277.725	154.552	234.253
372.159	274.569	154.895	231.022
371.895	268.814	155.417	229.019
372.667	268.418	153.931	228.282
376.043	269.797	150.752	225.797
380.167	271.565	147.080	224.164
385.473	273.820	143.768	222.313
386.190	277.610	145.183	221.754
387.290	279.166	146.451	223.658
390.732	286.236	146.228	217.902
396.451	291.489	140.374	214.829
386.486	286.183	151.498	222.846
409.068	288.765	138.083	225.001
415.917	290.603	138.468	228.543
414.639	292.560	144.715	228.448
417.808	295.329	147.383	227.518
414.978	294.325	157.884	229.791
428.264	295.557	161.530	229.053
433.272	296.726	164.834	225.796
438.645	296.268	167.540	224.049
441.350	295.222	170.603	224.356
444.791	292.870	172.430	226.899
448.179	287.872	177.250	228.251
449.470	285.415	178.862	228.884
449.021	281.919	181.287	230.025
445.789	278.292	185.327	232.794
442.177	274.004	186.663	234.451
433.362	265.635	187.533	235.045
427.877	261.476	184.822	236.241
419.316	257.402	184.056	238.185
420.906	253.002	171.234	241.021
415.333	251.635	164.907	236.203
387.089	248.222	162.359	235.575
375.323	248.045	168.735	235.913
367.285	246.204	179.310	234.623
360.292	243.234	177.602	235.502
355.546	242.353	144.894	234.926
345.970	244.144	135.759	233.578
345.440	245.506	128.452	232.348
343.726	246.243	125.988	233.426
344.333	249.252	125.670	230.757
345.150	249.760	125.352	229.494
348.992	250.356	128.177	229.107
355.215	252.743	135.588	227.468
354.644	249.956	145.938	232.282
360.669	248.961	151.503	233.778
376.582	252.145	149.874	231.665
392.336	254.408	152.189	231.943
405.836	259.546	168.378	229.439
414.469	264.564	174.185	229.674
418.666	267.186	182.570	228.582
421.648	272.599	189.314	224.169
424.992	276.474	194.311	222.878
425.488	281.637	197.801	219.989
424.141	283.672	198.126	219.048
420.210	284.678	196.603	219.418
416.730	286.402	192.957	221.538
414.103	286.030	185.671	222.724
419.966	290.260	155.718	222.133
414.188	293.614	145.487	220.133
397.012	294.361	143.328	221.446
366.275	297.495	151.213	216.413
348.392	288.007	147.584	225.730
331.597	279.719	130.347	227.600
321.938	274.720	127.312	228.725
313.567	269.774	127.851	227.288
305.498	265.529	129.403	227.781
299.547	262.938	131.942	226.540
298.891	257.409	131.901	229.970
301.022	254.863	135.001	231.228
306.037	252.700	137.642	234.296
316.727	253.382	135.381	235.998
325.622	256.267	132.769	235.676
332.231	262.712	142.597	239.779
334.795	267.799	149.393	237.298
337.863	271.516	151.751	237.300
341.371	274.680	152.995	235.144
347.464	275.838	152.921	234.065
355.802	278.575	147.712	234.085
361.950	282.550	144.217	230.056
367.857	285.055	138.090	231.184
370.401	288.916	135.206	228.537
372.326	289.963	134.485	231.429
375.699	295.391	136.764	228.362
376.266	298.308	137.950	225.206
379.405	297.613	137.415	226.307
381.615	298.620	139.691	225.836
382.841	304.255	142.765	220.429
398.570	304.221	134.712	224.151
406.199	301.293	136.695	228.622
414.933	303.266	138.622	226.285
419.449	306.732	144.184	224.900
421.484	303.560	151.283	225.323
409.028	289.906	170.406	233.093
403.585	288.012	178.803	235.636
399.893	286.493	185.982	237.560
397.975	286.812	191.652	238.807
397.819	286.764	191.644	239.169
396.380	278.135	184.651	245.033
391.284	272.349	183.641	249.769
390.345	270.435	176.201	249.196
392.515	268.332	162.598	248.998
386.315	268.598	151.215	246.322
360.498	269.325	154.644	242.664
347.878	267.127	168.055	245.481
329.815	270.353	197.667	245.549
318.932	276.509	207.036	243.313
309.553	278.879	205.871	246.125
300.361	290.761	203.739	239.714
301.140	298.365	204.760	240.274
306.374	306.255	197.340	236.503
314.962	314.340	183.254	230.792
324.381	319.133	176.295	226.433
343.543	328.493	161.532	219.985
354.217	333.093	152.888	216.827
363.736	334.941	147.813	215.627
370.696	337.027	145.683	212.083
372.684	338.375	149.319	211.683
368.861	339.779	160.265	215.980
364.526	339.974	171.474	217.543
362.652	337.765	177.021	219.924
360.643	333.617	182.313	224.305
358.884	329.411	188.289	230.277
368.959	320.999	174.963	239.571
380.507	324.128	168.393	236.242
400.637	326.151	160.056	233.933
409.546	326.008	157.322	232.502
430.364	323.871	153.228	235.668
431.999	318.310	197.953	235.544
436.788	323.149	211.623	227.594
433.857	322.614	226.240	223.940
430.892	324.733	236.387	215.242
429.248	324.005	236.399	212.108
430.686	321.546	222.035	209.662
433.534	322.672	206.433	208.633
446.338	323.850	173.501	210.924
451.608	320.083	142.109	214.942
428.993	323.883	153.820	209.069
370.911	333.534	139.399	203.848
354.371	328.413	127.060	208.619
332.508	328.262	152.285	208.007
311.833	326.259	168.884	211.289
293.648	322.975	185.201	217.605
271.291	298.636	216.291	255.330
503.059	325.345	147.899	187.000
281.931	310.972	206.545	241.732
299.973	311.389	191.682	233.327
308.880	308.516	171.467	236.342
347.108	300.101	156.915	240.890
366.847	294.452	143.695	249.117
381.360	288.687	148.343	253.576
387.682	292.872	161.705	246.442
395.388	287.519	169.850	249.212
243.337	266.177	328.529	263.524
393.398	281.791	191.137	242.747
418.743	278.469	176.835	259.185
263.074	251.282	321.254	274.217
416.418	279.839	184.702	245.228
422.860	280.948	177.344	247.440
426.780	285.869	167.585	244.440
419.839	285.191	167.006	249.439
387.033	285.410	182.779	252.872
384.490	289.064	182.310	255.881
360.382	291.705	188.330	250.886
351.693	302.014	156.956	242.686
346.319	303.541	145.051	244.533
344.589	306.575	135.143	240.242
344.720	309.025	134.477	237.594
342.281	310.188	133.368	237.900
353.635	312.475	132.520	230.589
359.512	339.086	124.915	202.006
368.156	301.557	149.597	229.683
332.921	298.104	184.229	229.834
399.735	307.130	134.814	216.373
413.046	291.164	158.958	226.853
418.558	294.492	170.702	224.018
418.950	292.561	184.602	226.053
422.051	288.097	190.947	229.968
425.926	289.513	191.075	230.440
432.011	292.407	181.946	239.936
429.410	296.941	178.584	240.197
424.391	298.555	166.383	244.952
418.109	300.516	154.579	250.269
401.905	306.120	150.348	244.117
358.927	312.811	174.347	245.565
336.074	316.169	202.117	240.905
321.774	321.353	215.135	237.137
312.034	328.402	220.368	240.961
307.985	326.196	221.689	241.041
510.955	299.210	182.953	245.087
380.719	568.354	257.941	7.646
507.883	316.390	164.275	236.647
506.185	315.545	156.921	239.344
378.295	344.932	142.939	209.593
395.391	344.560	134.338	199.816
397.861	343.175	155.685	201.218
399.508	338.696	164.256	205.428
399.609	339.238	147.594	203.974
400.320	342.010	128.427	202.211
513.225	310.393	138.121	226.297
370.143	338.602	164.384	217.985
357.575	339.420	185.341	220.059
506.440	309.271	172.163	221.058
343.280	339.051	210.479	225.537
344.262	333.841	211.722	232.971
352.072	333.622	200.003	232.434
361.555	330.656	188.867	235.965
384.379	330.658	180.282	235.183
399.146	327.689	164.156	239.234
424.014	322.391	178.901	241.136
418.653	318.699	210.698	239.968
421.344	315.250	226.537	238.657
423.118	311.151	239.998	235.678
422.767	314.621	250.255	225.099
423.396	311.129	248.707	220.967
419.239	309.109	243.288	219.408
417.932	306.388	235.191	219.732
433.919	304.878	195.606	219.054
443.593	303.375	159.831	219.500
408.447	305.822	183.141	212.091
358.484	307.536	149.913	208.720
344.623	306.149	132.141	207.902
322.821	296.670	140.268	215.683
299.919	293.143	153.778	217.500
267.716	288.777	180.573	221.405
251.691	288.804	192.153	225.352
249.035	288.950	193.220	224.464
253.304	283.921	186.040	233.649
261.207	276.199	178.490	242.076
285.110	263.245	153.690	248.627
300.996	258.637	144.089	248.280
302.985	256.047	152.951	249.826
306.847	253.367	163.818	253.850
305.467	254.066	180.580	251.188
306.673	252.615	193.169	246.196
310.509	246.969	190.865	247.885
310.432	243.077	192.967	248.707
312.422	240.167	188.171	248.819
321.990	242.964	177.487	243.778
311.804	242.636	180.073	247.385
306.923	248.253	175.786	243.249
302.570	253.999	166.621	241.688
294.553	258.596	167.498	241.272
287.861	261.447	174.261	238.550
278.738	260.619	149.582	239.061
270.844	265.062	141.802	232.982
263.420	265.800	136.288	230.389
255.429	267.388	134.584	228.455
247.806	268.990	132.232	226.951
242.291	269.738	130.765	224.811
244.415	268.095	127.767	225.052
247.566	267.492	125.667	224.536
249.361	266.824	125.683	223.822
251.670	266.949	127.947	222.605
257.167	270.984	138.809	220.197
259.381	269.798	152.225	222.073
263.628	270.752	161.727	219.853
265.777	267.596	167.528	219.885
264.927	265.131	172.340	220.559
270.714	257.019	174.067	226.254
271.999	249.607	174.916	233.965
272.522	239.392	172.992	242.436
273.034	230.022	169.540	249.262
267.827	222.530	171.533	257.374
259.624	208.404	179.557	266.288
252.039	205.808	190.028	262.611
248.105	202.495	196.556	261.523
244.216	200.487	207.554	257.977
243.268	200.165	216.557	255.249
241.522	197.570	230.842	252.661
240.549	195.870	227.211	251.836
238.667	196.847	218.799	249.716
238.422	194.774	216.472	252.326
239.680	197.669	178.428	248.255
243.956	201.418	179.234	247.013
246.472	213.295	174.916	233.770
246.752	207.340	177.635	237.948
250.107	212.354	176.221	231.706
249.028	210.561	175.384	231.168
247.838	207.686	177.127	231.962
248.157	204.985	176.473	233.372
239.644	209.075	184.861	226.473
229.210	212.913	191.346	218.155
221.377	210.026	196.083	219.121
204.396	201.128	204.315	224.084
200.905	207.454	199.522	215.917
193.382	208.297	207.911	212.796
186.494	204.319	209.010	216.781
187.763	200.653	209.032	218.436
172.725	199.541	229.139	212.983
162.788	200.282	239.651	207.205
153.106	196.708	247.289	208.033
146.775	194.380	250.705	208.653
139.141	192.989	257.416	205.584
133.916	191.215	262.339	204.250
130.518	188.995	265.788	205.388
129.266	185.777	263.510	209.716
127.435	182.229	261.068	219.035
126.073	178.483	259.957	227.514
132.660	181.960	246.353	235.032
134.297	192.598	241.177	230.669
135.894	200.359	233.196	227.825
136.800	206.545	226.906	226.828
134.162	212.383	225.509	225.042
133.254	218.353	222.222	222.615
141.785	214.630	212.005	227.875
142.088	215.359	209.827	227.679
141.895	217.212	210.533	223.969
142.674	218.344	208.750	222.386
139.983	219.934	214.787	218.626
141.348	221.177	211.849	216.664
139.654	221.171	215.960	214.557
134.587	226.561	225.176	206.138
131.932	227.964	229.870	202.880
131.997	227.964	230.263	201.057
130.633	224.526	233.173	204.385
129.957	223.043	232.946	205.572
129.813	221.293	233.988	206.528
128.474	218.880	232.938	208.599
125.693	216.065	232.327	210.213
120.785	212.732	235.337	212.585
119.839	211.990	236.660	212.785
116.904	209.533	238.576	214.681
115.722	208.342	238.131	215.241
111.192	206.647	242.266	215.252
109.424	204.073	242.738	216.505
108.089	201.790	244.437	217.658
104.229	198.091	247.568	219.683
101.312	195.814	247.864	222.727
95.628	191.533	249.986	223.458
91.857	188.846	254.358	225.472
90.115	185.161	249.619	228.413
84.214	183.835	250.176	228.853
80.111	181.295	249.395	232.581
75.908	177.981	248.430	238.200
73.118	177.367	249.433	239.359
74.049	174.939	251.622	242.854
77.435	177.061	255.424	241.777
83.253	182.124	259.483	235.333
95.634	193.365	256.476	225.333
116.707	193.560	256.926	224.259
132.713	192.005	259.441	223.534
143.801	187.420	267.951	222.267
155.856	183.414	272.325	219.307
170.453	174.536	273.763	218.909
187.898	152.717	285.070	228.092
189.453	145.285	291.389	247.329
197.089	135.188	296.988	269.244
201.310	126.456	311.384	282.147
206.005	118.179	309.079	296.778
206.146	99.473	291.739	221.721
205.879	105.321	290.633	185.438
207.706	102.920	288.608	189.738
303.663	281.084	277.745	172.463
278.988	274.252	272.446	178.252
324.272	264.310	281.165	191.780
200.384	125.458	277.701	184.004
334.204	259.621	289.449	180.991
192.543	155.207	272.080	191.777
182.901	169.478	311.502	201.123
183.464	197.546	293.806	191.708
177.193	197.154	295.699	212.446
172.236	205.961	285.891	219.972
167.423	209.147	266.241	232.788
160.364	249.966	247.322	203.812
293.340	169.900	287.919	157.651
300.002	168.730	280.572	153.392
286.176	168.284	287.280	150.296
295.440	174.585	280.148	155.094
149.120	251.834	244.846	224.971
153.130	238.263	251.555	220.072
154.570	224.053	269.154	222.185
156.007	210.762	267.612	223.562
162.151	195.988	293.668	221.897
167.928	178.359	283.194	233.007
179.292	151.662	298.002	265.165
173.795	129.192	275.213	219.292
179.703	125.077	266.884	193.678
182.115	115.848	267.010	192.590
184.327	112.255	266.427	189.585
190.266	111.274	260.845	188.634
298.201	271.547	271.686	183.133
295.409	270.072	268.605	179.279
197.484	135.490	235.853	195.380
197.644	148.727	294.757	233.628
189.517	166.697	346.794	229.319
190.912	181.095	353.080	203.926
193.017	183.730	341.373	211.346
182.117	179.973	327.485	230.422
172.098	174.976	358.427	244.512
169.427	162.005	371.454	255.373
184.098	153.752	348.885	181.440
228.021	163.003	325.744	150.435
278.114	0.000	269.032	0.000
128.092	244.015	184.630	219.724
151.924	231.601	176.444	226.532
162.609	213.556	183.818	233.573
188.283	194.757	335.045	144.188
189.676	203.422	304.283	213.330
196.100	193.886	239.341	227.779
223.553	181.674	215.687	223.520
235.266	174.656	211.082	222.742
240.260	169.618	183.271	222.921
246.581	162.268	174.832	226.521
241.379	161.986	181.580	222.703
262.605	159.399	166.424	218.912
254.805	161.348	177.320	217.730
251.139	158.363	179.246	220.306
258.657	157.676	172.636	220.816
259.963	157.512	173.934	220.471
267.743	158.495	164.577	218.315
276.176	158.697	154.828	219.194
276.761	158.824	153.307	218.177
278.058	159.672	151.592	217.922
283.363	160.817	147.273	216.796
286.001	160.161	145.905	216.886
286.921	161.686	146.964	215.401
286.008	161.124	148.382	214.713
285.334	159.636	149.624	216.236
286.090	157.306	150.034	214.984
286.280	152.033	149.104	214.116
276.544	148.131	159.352	218.767
274.465	145.112	165.170	227.393
277.006	139.657	169.808	236.319
278.348	138.463	193.464	243.393
285.770	117.625	192.347	272.644
288.223	112.104	168.460	287.466
289.766	206.344	226.047	200.163
306.717	236.899	253.465	166.497
310.296	250.736	251.780	160.147
320.681	254.007	251.749	165.100
310.458	257.167	270.144	163.052
305.292	251.005	272.492	164.345
302.588	238.910	270.507	170.944
322.830	226.629	263.309	175.613
306.976	210.568	267.038	180.638
300.465	201.036	265.145	179.312
320.732	163.433	252.615	201.269
297.082	153.050	155.528	204.151
310.181	159.121	142.516	202.543
316.836	168.319	139.151	196.995
325.253	170.193	140.934	194.914
329.745	175.384	134.843	193.117
329.311	176.806	132.339	192.229
327.272	177.330	131.243	190.635
326.695	189.663	127.839	181.498
313.850	185.744	142.612	182.245
300.282	185.547	160.940	188.272
298.945	177.341	168.648	192.047
309.237	176.734	228.880	177.212
325.713	174.579	260.920	143.351
312.613	182.288	288.436	140.116
310.096	182.497	303.952	145.484
323.937	186.940	304.947	143.418
371.712	188.903	265.212	142.229
394.450	199.558	263.645	141.535
408.695	206.425	239.989	139.131
414.452	209.383	239.740	143.069
421.577	213.454	238.059	143.980
426.328	218.324	233.564	143.363
434.831	226.038	228.526	142.295
437.668	230.242	227.107	141.618
439.094	231.766	227.840	142.570
439.130	234.036	227.147	142.530
438.629	236.757	222.920	142.242
432.321	241.027	222.906	141.691
425.175	244.416	227.685	140.499
421.002	246.420	235.926	140.460
410.586	247.443	235.227	141.361
404.252	251.545	231.414	137.744
363.254	242.046	254.781	148.556
351.844	230.219	251.955	160.667
343.133	208.440	230.826	183.740
342.278	202.715	174.681	191.284
332.129	203.318	174.515	189.470
314.520	201.498	198.260	192.758
328.270	194.828	187.038	194.966
336.508	192.067	188.405	194.769
298.953	195.459	231.275	195.798
282.382	163.764	264.921	231.742
279.556	184.732	254.581	202.435
275.568	218.086	228.152	167.052
274.384	234.614	222.662	151.271
275.301	239.175	203.281	147.420
279.144	244.412	195.478	142.088
287.816	206.103	187.355	184.580
332.608	199.906	160.979	186.825
319.796	205.673	168.719	184.863
313.649	206.276	157.000	193.782
306.930	206.422	226.704	194.028
343.916	256.431	246.379	148.059
358.596	271.914	224.458	133.891
375.503	271.369	222.063	138.276
388.904	272.561	213.121	138.373
398.134	274.415	211.501	139.166
413.574	273.029	214.292	144.822
418.553	274.453	208.706	141.701
421.250	272.921	208.351	143.062
422.852	275.444	207.904	140.655
423.334	274.337	206.618	142.873
422.473	277.146	206.074	141.554
420.292	277.292	207.964	142.531
416.999	279.102	209.044	142.157
413.692	280.182	207.366	141.631
409.886	281.362	211.117	140.801
405.404	279.679	211.973	142.681
395.629	279.396	206.507	142.398
392.614	280.673	208.188	139.233
388.601	279.563	209.858	139.050
385.057	275.054	208.029	140.969
381.152	271.172	211.047	140.887
374.749	257.684	207.686	142.654
372.745	251.107	217.758	140.356
368.304	244.240	217.412	139.984
362.764	235.567	224.479	139.553
364.193	230.665	214.312	136.697
356.744	218.637	227.161	132.812
335.607	213.095	264.199	133.315
334.571	207.922	251.545	137.309
337.623	208.292	269.281	126.429
342.222	203.675	250.824	129.116
361.523	203.457	244.336	117.963
372.246	199.942	235.941	117.367
383.048	198.582	228.923	117.037
391.532	199.773	220.487	116.855
399.412	199.308	217.653	117.344
410.150	203.161	217.687	116.485
417.395	205.471	217.124	117.668
423.490	208.307	216.762	117.800
428.858	210.878	216.135	119.730
433.036	215.952	214.773	119.210
443.372	221.781	213.962	122.809
451.965	224.588	202.746	125.065
429.257	223.104	227.813	136.969
420.542	220.567	240.649	152.729
407.423	215.059	246.322	160.980
418.683	201.807	234.906	176.534
424.611	195.056	232.862	190.247
433.868	186.962	236.723	206.472
439.732	186.251	236.620	211.487
445.769	185.463	230.713	216.561
461.575	198.352	223.182	213.810
464.510	176.621	209.578	239.429
491.018	274.897	209.422	146.548
495.763	286.695	205.051	138.771
494.990	290.736	206.592	138.822
489.073	295.549	219.415	136.417
485.551	295.798	222.544	136.019
484.269	293.000	222.409	138.910
482.716	293.502	222.717	137.399
480.215	291.356	224.742	136.605
478.319	280.713	233.113	143.555
473.214	277.834	232.016	140.284
476.408	261.162	226.046	149.564
468.946	254.216	232.900	148.723
472.208	253.494	218.925	143.820
470.622	255.675	222.606	137.364
469.760	254.394	227.822	136.587
470.167	252.379	229.809	137.442
463.304	249.655	233.301	136.591
462.573	245.419	240.526	135.868
464.076	235.931	231.190	134.807
464.685	232.153	237.551	133.245
466.236	231.137	224.496	128.669
465.627	228.176	230.368	128.836
465.493	227.935	222.697	128.023
462.719	228.647	228.019	128.500
459.678	230.999	221.572	131.119
459.314	234.196	223.085	131.365
440.431	238.298	241.777	128.753
440.559	235.749	231.772	130.806
414.383	224.783	224.968	145.016
398.442	222.338	143.170	192.013
398.967	215.590	150.532	193.717
400.608	211.337	153.773	190.527
410.103	207.793	146.941	192.092
424.377	212.405	141.820	182.751
432.586	211.659	135.096	179.276
437.447	222.898	134.365	166.650
444.628	227.894	126.938	160.146
432.932	229.483	132.960	156.647
418.016	208.042	138.489	176.564
403.324	196.316	142.089	188.423
380.949	187.736	154.999	197.513
370.074	187.966	155.854	199.897
358.461	194.284	187.488	199.508
371.026	235.623	272.846	151.327
355.427	226.257	297.609	164.238
413.788	250.464	249.351	138.796
429.849	253.953	241.082	137.837
437.226	259.301	235.600	139.078
452.514	265.206	237.007	142.964
453.492	265.814	245.232	147.174
456.886	270.323	241.130	146.707
458.438	270.231	245.758	150.522
459.440	271.642	240.434	150.474
453.677	274.236	241.337	151.487
447.967	275.647	246.714	150.030
442.032	278.166	248.400	148.504
433.929	277.748	255.395	148.275
422.284	279.299	258.665	146.213
403.021	281.917	243.767	145.171
382.308	282.941	271.270	148.647
284.109	228.591	240.461	214.744
307.834	229.051	166.886	214.035
317.049	233.781	155.104	210.980
333.574	231.605	153.108	212.552
333.298	227.390	164.132	214.638
331.506	218.061	199.577	226.057
328.835	207.700	197.332	241.341
329.131	195.760	179.669	258.972
331.358	193.438	218.002	274.955
325.356	326.241	244.899	146.384
327.585	166.259	143.398	203.443
356.036	335.188	250.467	145.272
345.308	337.837	261.621	143.947
348.341	338.748	260.404	148.638
351.573	339.433	264.485	149.364
353.962	337.504	268.780	151.637
355.885	336.076	270.552	153.091
359.208	335.922	275.822	152.401
365.844	320.556	287.515	163.114
370.274	309.196	277.098	168.052
367.092	269.608	287.083	198.744
326.143	240.577	308.260	217.680
329.837	250.548	303.453	196.409
314.724	255.641	316.865	186.704
325.712	247.108	324.473	177.033
323.147	238.439	310.376	167.230
317.208	235.021	319.528	167.989
317.045	228.640	325.988	151.007
351.249	219.139	287.449	138.693
368.673	218.952	266.281	139.570
377.529	217.405	258.463	139.744
383.413	219.448	254.721	138.037
384.876	222.158	252.694	135.815
383.657	229.110	245.335	136.096
385.742	229.204	243.972	139.847
388.910	236.773	236.790	136.104
389.441	240.693	234.746	136.574
387.714	246.198	235.724	135.766
375.715	256.238	238.999	134.714
369.938	254.053	247.069	143.895
340.921	248.416	273.052	160.157
316.547	234.237	282.610	184.406
320.562	218.265	256.234	196.392
338.763	204.935	223.700	219.788
350.470	199.616	200.998	236.432
363.586	196.286	181.331	245.611
378.484	195.718	166.976	248.924
387.098	197.278	153.402	251.919
401.883	197.456	143.778	259.969
409.797	204.021	143.847	253.788
411.201	205.039	144.023	251.845
428.183	206.219	132.869	249.973
456.267	245.074	113.718	213.500
475.038	267.180	103.550	186.837
478.215	293.925	103.194	159.856
479.864	279.595	108.075	168.408
485.575	274.519	106.124	174.923
485.826	269.480	111.741	178.731
487.196	268.336	105.584	181.229
486.021	268.219	108.692	182.750
487.057	273.052	109.772	178.258
487.833	269.255	106.017	182.061
490.787	272.317	106.496	181.374
488.760	273.179	114.937	182.557
490.547	273.036	120.370	182.482
492.739	272.366	125.156	184.057
490.124	270.839	133.486	184.196
488.442	266.888	140.285	183.996
489.164	267.586	141.983	180.706
483.548	256.912	148.532	185.441
471.540	257.141	148.414	185.150
473.808	251.052	143.888	187.736
472.084	249.308	127.030	187.335
386.992	242.583	129.396	176.387
387.168	234.471	144.513	185.236
388.611	214.085	139.697	202.974
392.315	208.187	122.909	210.252
388.201	193.080	127.924	225.745
380.573	180.970	126.280	240.194
366.878	157.280	131.505	266.842
365.314	151.900	131.161	274.668
363.031	153.690	128.277	278.276
360.790	142.912	123.872	290.061
355.064	135.632	123.667	303.899
344.161	171.193	122.780	274.428
337.219	232.686	116.495	214.951
330.893	266.492	112.140	188.495
327.576	273.525	110.459	177.678
325.380	268.182	104.772	182.791
367.995	115.243	104.122	172.189
364.556	116.830	108.145	163.520
368.422	118.803	102.189	162.671
365.003	117.807	102.024	162.748
367.825	119.674	99.326	161.808
364.506	121.517	96.883	159.822
362.816	121.946	97.118	159.389
362.593	122.305	95.826	157.457
362.292	123.985	95.553	155.667
364.149	123.948	93.755	157.772
364.256	124.281	94.165	159.632
328.877	258.316	106.625	181.292
323.413	269.962	104.211	174.367
322.647	267.864	104.472	177.153
319.487	273.405	105.094	171.554
312.281	279.544	104.098	167.591
307.290	284.424	104.546	162.074
302.851	278.972	103.668	162.808
297.480	282.057	103.650	156.812
293.034	287.042	102.264	151.721
281.030	277.023	98.607	153.365
351.064	188.649	117.897	147.793
273.668	259.248	98.022	165.166
266.361	258.374	97.562	160.602
265.575	252.370	100.072	166.148
366.139	251.067	102.976	134.998
256.251	244.983	100.522	162.951
254.831	243.952	99.687	162.367
252.524	241.102	100.802	163.272
251.696	240.534	100.896	162.557
249.840	236.549	100.047	164.153
248.927	236.725	101.030	163.296
249.985	235.950	99.814	162.782
248.718	234.934	99.969	162.706
350.917	299.087	95.644	134.028
342.813	298.546	94.240	135.300
253.097	219.653	101.441	168.201
256.754	217.706	102.741	170.048
258.508	213.434	105.080	170.617
263.238	208.959	104.031	172.781
268.733	197.391	101.274	178.636
271.359	196.763	100.773	174.647
278.166	192.933	100.143	175.469
282.483	187.728	100.657	178.081
285.539	180.993	107.312	187.397
294.736	179.425	113.383	211.040
298.159	183.596	123.323	239.465
299.809	185.125	113.535	243.958
299.318	180.989	117.295	245.983
306.519	178.557	115.180	248.605
306.300	177.715	116.054	250.242
307.048	178.427	116.064	250.070
305.988	182.023	116.704	245.511
297.902	183.759	122.772	237.225
294.615	186.261	124.932	241.262
277.244	183.326	122.882	175.963
268.564	188.018	118.070	176.103
258.124	195.156	119.295	174.171
249.085	201.097	117.249	173.001
237.399	207.138	114.024	170.993
383.700	281.891	119.533	160.170
203.922	226.884	98.707	164.607
193.221	232.807	93.958	164.064
182.930	239.375	92.897	163.377
172.625	246.335	93.755	161.966
157.284	258.261	93.694	160.628
152.239	261.822	94.969	158.153
152.992	265.614	92.408	154.515
152.558	266.659	93.438	154.824
153.360	268.068	92.744	153.428
161.995	267.815	93.027	153.309
169.284	267.221	91.634	153.065
176.842	266.601	91.971	154.725
186.705	265.193	91.913	157.295
197.355	263.401	93.494	159.624
222.655	264.553	92.524	162.106
236.977	264.658	93.861	163.138
251.484	263.860	94.313	164.913
266.404	263.909	95.452	165.079
280.928	263.920	97.379	166.782
310.835	255.327	105.042	173.371
325.208	250.395	105.791	178.549
337.777	245.157	108.899	179.747
350.545	243.890	113.183	177.210
365.254	241.791	111.910	177.874
391.674	234.521	99.891	177.663
408.041	239.098	102.896	171.161
417.352	239.512	105.797	168.225
411.439	239.146	129.339	168.464
403.584	221.951	130.588	182.375
389.537	209.086	138.728	195.709
389.790	204.032	165.720	204.275
378.815	195.479	125.834	204.203
465.508	222.428	110.271	191.895
467.014	236.014	106.863	176.342
461.968	239.858	107.248	171.734
457.958	240.310	106.891	172.316
452.910	241.288	106.056	172.590
448.251	244.854	104.906	170.812
443.040	249.384	102.932	169.278
440.947	248.129	106.799	169.674
392.166	227.378	113.197	179.177
391.274	231.086	115.167	174.985
390.786	226.067	117.712	179.737
389.979	224.821	117.868	181.183
389.512	222.687	122.087	182.717
391.193	226.138	120.459	180.090
389.418	224.117	122.355	181.235
391.388	224.753	120.756	181.274
389.608	223.671	122.289	181.814
388.746	226.403	125.738	179.590
389.077	225.047	125.338	181.991
390.252	224.719	123.939	181.515
389.246	223.062	125.148	182.265
388.738	222.067	127.059	183.064
387.998	223.955	126.859	181.285
388.742	223.171	125.574	182.372
387.905	223.048	126.411	182.584
387.652	221.236	127.306	183.358
388.292	222.243	126.273	182.967
387.135	223.987	126.443	182.127
385.707	222.235	128.086	183.278
387.248	223.582	125.839	182.618
385.849	224.952	125.081	181.270
386.011	223.187	127.314	183.520
387.292	226.122	123.476	180.850
385.267	224.185	128.472	182.976
385.145	222.678	126.834	184.094
388.373	223.354	123.714	183.979
386.228	223.100	124.707	183.630
387.463	224.220	126.285	183.433
386.064	223.233	125.667	183.971
388.282	223.725	124.480	184.444
386.840	222.855	123.688	183.754
388.339	223.056	123.090	184.220
386.668	223.307	125.366	184.625
386.702	223.725	125.182	184.716
385.797	223.109	125.772	184.903
384.960	221.776	126.654	185.024
387.641	222.976	124.694	184.039
388.179	227.227	122.650	181.508
387.350	224.996	124.939	183.468
387.710	225.698	125.807	183.804
385.069	224.898	129.170	183.945
385.937	224.248	128.783	184.488
388.127	238.043	131.010	174.868
386.740	234.154	131.416	178.552
379.816	235.664	137.608	181.520
374.637	235.812	132.187	180.525
386.198	235.106	139.198	183.708
354.049	234.026	120.937	181.199
348.503	234.225	120.660	184.246
346.188	237.085	107.037	178.198
336.956	239.646	108.859	179.464
328.010	239.322	109.756	181.029
473.881	246.469	114.699	181.561
302.698	242.955	109.579	179.299
294.964	243.501	108.290	179.201
288.786	245.290	106.258	178.160
284.245	243.465	102.318	179.336
273.150	246.339	100.170	177.433
267.485	247.542	102.080	174.756
264.828	247.601	101.036	174.613
262.801	246.093	99.235	176.275
261.277	246.806	98.030	175.584
258.949	247.034	97.695	175.215
258.786	247.183	99.798	174.878
258.506	245.958	98.310	175.821
261.469	244.916	97.317	176.425
263.060	245.739	98.692	175.540
268.545	244.687	99.876	176.781
270.405	244.636	102.678	175.469
274.155	243.384	102.909	176.489
276.677	242.410	103.913	178.217
279.105	240.643	105.547	180.384
286.591	240.837	104.561	179.219
290.579	238.792	105.241	181.351
292.454	236.286	108.082	184.045
299.931	234.803	105.681	185.762
303.961	233.471	108.565	186.741
317.232	229.204	110.960	188.201
324.493	227.944	114.661	187.041
331.044	225.029	117.450	187.814
339.056	221.638	119.644	189.177
351.660	220.249	117.261	189.299
371.516	211.046	115.870	197.248
382.189	210.763	113.489	206.929
393.869	207.827	110.619	208.680
402.862	207.468	114.386	217.286
407.809	201.294	125.221	219.622
407.468	198.369	126.730	227.642
404.654	196.461	141.985	227.264
399.850	197.827	123.676	235.296
392.379	204.670	135.246	230.447
397.133	194.697	133.834	236.834
398.173	199.283	137.326	237.331
398.349	199.652	129.064	234.448
395.663	202.884	127.248	234.211
394.079	201.887	122.536	229.424
389.066	205.150	125.704	229.202
366.400	213.732	124.474	222.763
352.636	219.710	121.554	204.452
341.638	225.984	123.718	201.190
328.971	232.238	131.918	197.322
316.762	235.634	132.103	200.072
297.125	243.642	119.254	199.402
281.471	247.514	127.475	198.105
269.063	251.733	125.276	199.131
258.072	257.008	128.754	196.344
248.555	258.939	125.304	195.682
230.904	264.558	120.850	194.376
222.773	269.060	123.338	190.182
217.261	268.750	123.315	191.691
213.556	271.509	123.068	190.830
212.119	272.532	120.937	190.837
212.059	273.731	119.267	191.747
213.669	273.999	119.402	192.015
216.219	272.501	120.732	194.069
217.712	273.592	124.250	194.898
222.614	272.669	125.285	196.421
233.455	269.009	128.170	200.649
240.912	265.374	131.676	204.517
250.798	261.724	133.280	207.737
260.552	259.968	134.519	208.676
268.987	257.775	139.454	208.662
293.494	252.889	146.833	208.145
306.966	247.482	148.316	209.284
320.670	241.942	149.358	213.574
335.364	236.769	146.141	213.054
348.547	233.248	137.626	212.894
372.003	227.414	134.198	220.383
378.273	228.238	136.663	210.522
387.068	225.825	152.628	229.869
392.546	226.277	151.648	216.192
396.715	226.339	149.254	209.568
398.935	228.510	154.628	210.877
396.844	228.323	152.601	211.942
392.677	234.450	152.895	209.031
389.765	238.195	150.144	206.517
385.418	240.213	146.562	202.331
372.377	240.654	134.486	210.294
363.116	242.559	138.190	241.411
352.487	249.283	135.705	213.535
346.297	251.164	130.116	214.727
335.116	254.175	139.774	210.913
316.627	257.402	144.102	209.927
304.109	260.018	146.905	210.856
291.321	261.307	146.848	212.144
280.519	263.956	143.325	212.436
269.551	270.039	140.528	207.928
254.316	279.011	131.074	204.005
246.252	281.165	130.839	202.982
237.696	281.715	132.674	203.239
231.811	281.831	131.429	203.766
225.230	280.818	132.568	204.529
219.259	280.453	133.215	204.873
213.982	279.551	134.218	206.103
215.919	279.076	133.004	206.181
214.190	279.607	134.420	206.812
218.691	280.121	131.657	205.335
223.982	280.728	130.929	205.295
235.430	278.565	130.472	206.398
243.376	273.529	132.692	207.752
251.415	266.352	136.746	208.914
261.212	260.268	137.350	210.548
271.585	256.024	138.303	211.260
288.718	242.538	144.917	213.267
296.152	238.778	148.122	214.285
303.879	231.936	149.789	216.776
312.431	226.352	150.781	218.546
321.447	219.289	152.640	220.130
340.218	204.617	160.232	223.673
349.853	197.507	162.232	227.515
357.109	191.357	171.378	229.900
365.612	183.392	172.799	232.693
372.768	177.061	180.824	233.259
390.369	168.333	180.413	236.019
397.894	166.576	183.427	239.016
405.180	165.466	183.014	240.432
411.236	165.302	178.160	241.068
412.683	166.724	180.017	238.119
419.082	175.713	176.909	236.391
422.343	183.303	171.718	238.428
423.532	191.148	167.096	238.487
420.582	200.297	165.051	246.212
413.234	211.964	165.759	250.111
394.669	233.765	178.530	247.373
389.033	243.957	184.047	244.895
380.577	252.692	195.935	241.316
375.004	260.573	197.817	241.317
369.312	268.205	158.929	240.224
354.062	272.027	149.798	238.086
348.044	274.617	147.812	238.271
343.824	275.514	148.773	234.211
341.203	274.067	147.442	233.430
338.689	274.047	146.332	229.846
330.233	266.688	146.100	226.317
328.225	261.440	145.506	226.698
326.740	255.338	145.262	224.939
323.293	249.014	148.066	226.024
322.673	242.837	147.860	224.355
323.458	230.078	147.756	219.894
326.564	222.752	148.662	220.106
325.602	214.238	150.439	221.388
326.159	206.826	154.631	221.568
326.229	196.463	156.195	226.252
326.689	185.898	160.381	220.850
328.892	175.980	159.751	226.796
330.309	169.986	163.908	227.004
331.487	164.026	167.790	222.219
336.588	157.207	170.497	228.363
349.113	147.346	176.156	228.654
358.473	148.011	180.123	230.810
510.007	367.280	117.005	187.042
377.524	162.481	189.534	222.968
494.715	364.671	115.117	166.624
422.234	171.131	148.561	240.213
478.344	296.567	122.082	211.377
416.408	188.066	178.006	295.584
414.474	191.909	185.557	297.618
419.698	205.449	183.594	279.091
421.769	230.924	186.189	244.422
423.611	243.948	181.515	244.569
423.137	253.902	181.825	244.238
419.523	260.873	186.818	244.098
416.044	269.011	192.007	240.379
406.528	279.223	164.497	234.898
400.206	281.006	164.171	234.190
394.332	283.237	161.316	231.635
387.205	282.518	163.175	232.510
386.304	284.431	159.652	231.326
378.745	281.364	154.786	226.603
375.230	277.452	150.458	225.134
374.995	271.934	147.985	223.902
370.098	267.952	145.801	219.810
365.540	259.902	145.795	219.749
361.491	245.883	141.153	219.429
357.364	238.277	144.282	221.302
354.418	230.533	145.473	219.492
352.585	220.907	146.146	222.130
350.182	214.803	146.206	222.990
345.754	204.299	150.522	217.153
340.972	194.835	155.719	221.441
338.162	187.004	160.068	221.583
336.889	181.873	162.111	222.983
335.984	177.384	165.125	221.205
337.236	168.624	163.113	220.444
337.730	165.395	161.562	219.560
338.813	161.650	159.761	221.131
338.980	159.981	159.383	220.666
341.095	157.375	160.390	219.758
344.508	157.449	156.732	220.033
345.626	156.460	157.313	221.576
346.634	156.784	158.016	222.609
346.941	156.700	159.970	221.989
346.770	157.516	161.333	223.877
349.103	161.454	163.872	227.140
351.884	164.913	162.865	227.350
353.181	169.206	159.494	228.895
353.889	174.165	157.380	228.690
355.461	180.199	150.554	230.424
354.772	197.554	154.164	228.979
352.624	206.862	146.748	227.707
350.323	216.091	140.245	226.447
351.231	225.648	131.656	224.971
352.437	233.212	134.213	223.449
353.639	243.776	143.942	224.261
354.294	251.173	145.590	221.209
354.393	255.933	145.869	220.878
352.874	259.899	146.492	221.595
355.066	264.643	143.905	220.830
352.398	272.308	142.388	218.214
351.463	275.093	141.779	215.745
351.596	276.119	139.599	216.070
349.567	277.465	139.398	216.338
346.380	278.982	141.431	217.026
340.111	280.922	143.435	214.461
338.736	281.750	143.936	213.365
337.523	281.567	144.025	212.869
336.479	280.971	143.054	214.502
333.899	279.592	142.737	212.898
320.960	274.611	148.319	211.525
313.800	271.789	150.678	213.059
304.865	268.655	151.275	215.003
294.797	267.349	153.715	214.807
283.316	266.333	155.989	212.649
259.544	263.191	156.772	209.116
249.304	261.468	155.860	209.570
238.826	258.734	154.070	210.488
229.514	257.304	149.707	211.669
217.695	254.542	145.691	214.155
200.251	253.007	137.408	210.674
191.167	255.929	135.627	207.446
183.778	258.118	135.010	203.152
178.505	260.187	131.566	200.640
175.303	263.554	127.597	196.378
170.450	265.036	123.427	193.413
169.104	265.233	123.088	192.143
170.146	263.457	120.663	193.077
173.987	261.082	120.772	194.463
176.341	259.516	123.047	195.163
186.717	253.147	124.923	200.220
194.564	249.556	127.695	201.973
202.933	246.292	131.024	203.229
210.206	243.208	135.139	206.885
218.607	240.826	140.002	208.464
242.825	235.646	142.168	208.503
255.243	234.547	141.880	209.327
268.101	233.147	145.863	208.043
282.686	230.638	147.057	210.087
294.494	226.682	151.705	212.488
330.014	219.014	154.909	213.470
345.617	216.644	144.647	209.088
361.857	213.296	130.248	208.194
377.583	209.716	132.349	220.931
392.302	206.265	139.898	220.688
411.011	201.644	130.926	216.069
414.549	200.000	158.583	210.340
426.020	204.886	161.554	199.381
430.237	201.785	159.908	202.164
434.703	201.290	157.998	201.170
439.276	203.191	150.641	201.581
438.309	205.212	147.503	200.512
431.967	206.760	147.130	200.888
427.609	206.252	143.803	203.888
416.489	206.589	144.710	204.039
407.256	208.528	141.153	200.750
382.881	212.957	125.444	230.394
364.061	214.386	128.465	217.402
350.576	219.245	123.746	214.081
335.968	222.047	122.539	202.942
322.836	226.901	130.596	203.133
297.717	233.340	139.325	205.425
282.358	240.561	141.030	200.688
269.954	246.369	137.103	200.442
259.662	251.297	131.885	199.457
249.295	256.471	129.191	197.108
234.376	256.077	118.150	201.752
224.676	262.239	123.375	195.658
220.429	263.162	122.777	195.173
218.750	263.505	120.529	194.550
219.274	264.288	117.827	194.649
222.489	263.096	118.197	195.701
225.053	263.955	120.026	194.665
229.305	264.968	120.627	193.518
235.427	264.083	119.948	193.958
241.048	261.721	121.362	195.765
254.517	255.906	123.356	197.213
263.283	254.550	124.269	196.535
270.791	251.922	125.467	195.849
279.321	246.383	126.928	197.679
288.321	243.259	127.999	194.552
309.172	235.712	135.360	197.943
319.706	231.621	134.945	197.493
330.208	228.037	140.578	196.405
343.757	223.553	142.681	196.615
357.548	219.792	139.877	195.383
383.302	211.937	124.066	195.102
401.363	207.825	123.508	217.070
412.915	208.616	121.650	220.033
425.580	206.035	131.126	209.975
428.321	202.242	131.075	209.028
444.577	196.169	150.898	193.511
444.174	199.564	149.081	189.233
445.522	200.604	149.655	186.972
448.815	199.207	147.523	188.369
451.671	199.259	145.553	188.923
451.453	202.568	138.050	188.086
450.200	204.462	133.607	188.037
439.061	206.647	138.013	187.839
428.884	207.505	136.997	197.799
421.932	211.047	131.824	200.528
405.734	213.520	119.319	209.479
391.698	217.704	125.097	205.481
378.028	225.117	121.571	201.785
363.469	227.987	118.251	190.161
457.689	262.145	100.463	173.437
329.084	237.173	130.604	190.787
311.880	239.804	138.278	191.893
298.935	243.583	138.001	190.449
284.996	246.236	137.871	189.156
274.016	250.039	133.891	188.040
255.952	252.614	127.051	188.457
247.268	257.298	124.726	184.300
240.211	259.045	123.830	182.972
235.025	260.810	121.628	180.336
231.827	260.142	118.411	180.002
228.518	260.021	115.722	179.613
229.844	260.181	115.366	180.622
230.492	258.525	115.124	181.581
231.734	257.168	116.374	182.764
234.567	255.170	118.491	185.045
242.070	253.947	119.390	186.294
248.860	253.209	119.433	185.937
255.298	251.146	121.084	186.734
262.236	247.627	123.681	187.893
270.929	245.836	123.896	186.222
290.268	238.725	127.795	184.252
301.140	235.528	128.778	186.219
309.026	232.317	135.408	188.024
319.594	227.187	138.381	187.060
332.083	223.739	140.493	186.146
359.969	218.864	127.294	182.503
380.370	214.441	117.738	192.057
395.849	211.966	119.197	201.541
412.218	209.237	128.318	196.578
422.613	208.278	128.033	193.330
442.747	203.543	141.023	185.493
444.015	206.815	144.808	179.442
457.437	208.132	139.096	177.616
465.289	207.665	134.440	176.519
469.073	207.679	132.199	178.482
471.435	207.994	134.314	178.378
473.304	208.441	132.665	179.234
475.467	208.749	131.405	178.609
405.134	254.420	96.867	180.557
406.244	252.062	98.310	180.522
481.356	210.392	131.990	178.527
484.672	210.384	128.973	176.244
486.106	210.364	129.186	177.008
487.855	210.844	128.438	175.667
489.394	209.161	127.720	174.737
492.674	209.931	127.826	173.820
495.040	208.188	127.705	174.176
498.653	208.839	124.962	174.155
500.651	207.586	123.285	174.180
502.604	206.777	121.562	176.093
502.309	208.799	121.577	175.058
502.220	210.325	120.532	175.767
501.129	210.310	118.152	176.096
500.155	211.467	115.539	174.403
495.877	211.504	114.515	174.693
484.235	210.788	116.011	176.168
479.115	216.733	114.239	171.122
471.011	212.734	114.202	175.473
462.932	216.819	114.900	170.917
452.130	221.262	116.405	165.116
374.432	259.769	90.147	187.498
412.641	228.025	121.499	168.968
396.424	218.062	119.728	198.787
391.973	220.753	107.650	195.584
380.759	225.575	107.866	208.817
351.005	223.326	168.791	210.347
348.743	226.832	109.482	165.966
339.484	226.506	106.132	166.131
332.377	225.582	114.279	169.259
322.926	225.559	112.410	170.929
307.165	228.689	108.849	171.341
300.698	232.932	108.570	168.941
295.584	236.968	106.264	164.758
290.130	237.983	104.967	165.277
284.750	241.680	104.195	161.539
276.874	244.447	100.038	161.086
275.299	245.199	99.675	162.198
271.406	246.190	100.655	161.445
270.806	244.465	99.076	163.188
269.839	244.096	98.304	163.695
269.055	243.942	97.883	163.456
268.000	244.436	99.475	162.102
267.894	242.100	99.684	164.283
269.774	240.566	101.516	165.515
271.929	237.651	103.775	167.195
277.084	232.872	106.553	167.820
280.417	231.221	108.369	168.718
285.306	228.286	108.891	169.930
290.540	226.174	111.454	169.186
295.466	224.066	113.781	169.718
301.455	219.743	116.504	172.483
315.181	215.379	119.847	171.133
323.658	212.329	117.471	170.255
332.258	210.698	110.694	169.230
340.924	208.700	107.966	169.640
359.402	201.862	110.518	173.451
368.682	200.880	118.322	175.463
369.767	198.209	120.098	170.228
384.139	195.596	129.052	166.782
387.822	193.080	135.099	166.591
322.759	270.712	92.172	166.823
313.745	272.684	95.302	159.269
414.704	189.663	135.285	161.923
421.617	189.260	130.818	162.114
422.187	183.257	132.681	167.032
425.347	184.029	131.005	166.605
426.918	182.322	129.168	167.678
427.607	185.489	127.822	166.528
427.682	187.138	125.333	166.273
424.821	189.753	126.238	165.593
415.684	195.741	128.670	164.089
410.740	196.435	129.593	165.584
405.832	200.453	128.133	163.895
399.601	202.879	127.016	164.482
391.572	206.461	126.780	164.502
381.164	209.481	128.562	166.773
361.743	218.890	122.948	169.473
338.313	221.475	118.865	192.224
333.301	230.880	113.026	207.187
325.331	236.953	112.951	196.295
303.344	245.987	104.315	170.519
289.495	255.437	98.929	164.148
280.823	261.282	108.999	165.422
269.121	265.037	109.379	167.439
261.444	268.991	104.453	167.776
251.479	276.668	103.543	163.268
397.713	287.004	88.999	173.402
397.821	289.296	86.539	162.352
399.904	283.623	91.414	170.717
401.226	285.451	85.807	167.501
403.683	283.297	88.532	169.040
401.837	283.351	86.108	164.796
400.071	279.768	86.118	164.670
398.708	277.680	91.812	162.282
236.142	307.746	98.106	162.382
238.708	309.071	102.240	161.080
247.852	306.036	105.935	165.206
252.958	305.316	106.975	165.645
258.250	302.107	106.363	167.874
262.649	299.510	109.027	167.750
268.418	299.472	111.062	166.027
277.698	298.644	111.213	162.762
283.960	297.310	111.239	165.033
289.052	296.693	114.021	163.239
294.432	292.867	114.331	165.646
299.645	291.641	116.280	167.047
304.633	291.091	121.851	164.140
312.462	289.853	114.137	165.360
319.476	289.551	117.682	164.281
329.420	286.775	115.699	166.950
340.666	279.282	118.246	173.749
361.374	247.524	121.279	200.385
365.189	239.714	121.521	202.821
370.063	245.605	130.063	190.941
372.819	248.536	135.205	181.691
375.278	250.401	141.201	171.268
401.520	244.450	130.598	170.013
410.458	240.895	130.167	167.899
412.367	234.526	130.894	168.135
414.956	229.607	133.693	167.278
419.877	226.611	130.504	165.477
424.729	220.683	132.748	162.583
361.202	265.151	82.682	149.075
430.967	211.856	127.153	162.603
432.111	211.354	125.358	159.497
424.542	208.335	129.923	161.179
410.051	203.420	131.628	161.741
402.640	204.152	129.853	157.701
397.270	203.711	125.758	156.598
388.154	204.131	118.112	160.420
385.006	205.463	103.405	153.427
366.099	209.352	107.608	165.170
359.274	214.065	104.664	158.422
348.885	217.087	105.281	158.510
341.683	218.540	105.952	160.560
335.167	222.196	115.674	161.174
318.798	228.250	113.848	162.421
311.183	233.053	112.525	160.637
304.751	236.877	113.197	162.044
300.283	241.068	111.120	161.877
295.274	246.263	109.470	160.266
289.295	255.888	103.095	160.453
286.897	262.603	102.621	159.458
285.757	267.581	98.249	160.078
284.012	273.850	98.289	158.510
283.169	278.048	96.440	159.202
282.626	284.790	98.062	159.186
284.979	287.485	97.655	161.395
289.214	290.382	96.258	159.857
292.681	293.850	96.917	158.907
297.301	295.328	97.583	157.704
308.374	294.254	99.186	157.504
314.233	293.242	102.045	158.338
321.344	290.057	104.879	160.238
329.342	289.089	107.215	159.964
340.893	287.564	105.203	159.331
357.964	280.256	110.202	160.007
368.284	279.913	110.758	155.650
380.216	275.940	110.382	157.350
389.467	269.256	111.222	159.683
397.639	263.994	112.621	159.725
405.256	253.555	121.801	159.034
407.112	247.082	127.717	161.742
405.763	239.723	134.346	161.757
405.765	235.694	138.313	163.875
406.573	229.477	139.505	172.529
409.472	222.235	137.440	184.773
411.493	218.556	135.634	192.589
413.197	216.805	132.834	200.640
414.658	214.193	129.143	208.531
415.241	213.646	123.351	213.652
409.995	209.983	120.789	226.692
404.094	212.243	125.954	227.714
393.266	212.679	136.387	228.669
383.258	215.873	152.555	218.686
374.628	218.005	162.158	187.322
357.549	227.202	135.284	167.889
475.220	290.685	88.208	155.617
345.887	244.422	121.269	154.885
482.914	287.089	93.379	156.928
487.628	286.453	94.772	158.219
498.773	284.667	93.511	153.673
503.766	283.368	91.005	152.758
507.072	280.399	92.114	152.807
511.394	281.201	91.118	149.978
513.711	278.041	90.850	149.159
519.008	269.339	91.404	152.607
522.029	269.494	88.918	149.375
525.324	266.484	88.185	150.057
527.154	266.568	86.984	148.925
530.352	265.459	85.362	148.616
531.838	264.089	85.770	149.417
530.706	264.471	88.224	149.469
530.344	264.830	89.092	149.800
531.120	264.905	88.178	149.960
531.654	265.744	86.822	149.250
528.828	265.225	86.885	152.550
527.049	268.763	86.963	150.804
525.223	271.976	85.068	149.338
520.949	275.992	86.627	148.416
515.929	278.869	87.673	147.480
505.279	279.182	87.830	153.114
498.715	282.959	88.853	148.668
491.291	285.491	87.883	150.500
483.802	287.003	86.831	147.860
475.784	287.880	85.315	149.518
459.361	276.283	83.827	162.246
418.130	240.365	117.302	195.314
425.860	241.863	120.676	193.312
428.917	238.976	130.123	195.372
425.606	236.828	144.651	189.062
457.288	231.956	134.616	161.479
470.792	231.557	123.922	155.701
475.724	231.985	124.250	153.314
477.151	229.092	125.539	153.773
467.961	226.947	112.232	157.220
445.366	226.734	135.031	139.000
472.798	224.437	120.962	148.823
470.986	217.993	119.532	147.756
332.281	339.844	212.108	236.156
464.059	226.729	150.579	143.014
245.132	372.328	42.171	175.356
447.892	225.334	139.963	175.737
457.690	225.119	143.036	170.510
457.441	228.488	139.770	162.884
429.911	229.658	155.312	175.488
451.337	229.040	154.564	171.575
449.472	224.219	146.408	171.955
446.915	231.621	142.478	154.212
429.359	231.963	154.494	145.072
447.976	239.591	142.914	146.362
429.241	234.735	144.826	150.384
445.485	230.986	141.262	157.885
378.526	387.904	336.162	188.096
277.559	84.816	308.064	481.971
252.246	78.421	335.459	438.415
341.612	208.533	227.575	367.467
321.624	0.000	249.680	331.009
403.964	216.346	175.123	163.007
373.081	205.175	181.140	174.437
292.658	0.000	208.876	467.450
393.564	242.814	186.961	304.871
372.287	244.623	117.871	170.782
377.369	254.060	96.806	153.216
458.537	283.452	77.014	142.304
379.216	252.804	94.817	154.458
382.304	249.941	95.514	156.757
386.527	251.048	91.513	156.154
388.362	250.007	93.161	156.560
388.942	250.023	95.028	154.214
388.644	250.328	90.527	155.373
391.927	247.648	95.724	156.827
391.009	249.116	96.409	156.747
390.353	249.084	94.778	155.166
392.661	248.418	95.635	157.592
391.637	247.896	97.464	159.908
392.540	248.302	100.750	164.045
392.730	247.494	102.876	164.424
392.811	248.633	105.506	168.993
392.654	248.191	106.551	170.626
392.541	248.338	104.550	167.377
391.984	248.447	105.934	167.628
390.792	248.816	107.695	167.418
389.172	247.665	107.730	167.952
389.536	246.975	108.131	169.308
388.872	246.733	109.531	169.911
389.157	247.692	109.580	170.160
386.771	246.148	112.380	170.936
386.591	246.154	111.964	171.834
386.482	245.923	112.296	172.066
386.144	245.530	112.079	172.830
386.793	243.715	109.847	173.558
392.304	242.259	105.036	177.215
395.774	238.763	102.077	173.290
400.629	236.089	100.439	174.903
403.411	234.251	105.456	167.476
409.290	229.962	110.548	158.616
428.353	226.306	115.374	151.554
438.152	224.724	114.826	148.308
447.233	223.277	114.455	147.918
452.854	219.882	116.972	148.209
458.559	218.436	118.491	147.191
470.552	215.264	118.691	146.215
476.580	213.855	116.637	147.134
480.563	214.431	115.200	145.863
483.337	214.379	114.448	145.557
484.825	214.007	113.448	145.457
484.578	214.868	112.796	146.290
482.018	214.930	114.182	147.685
481.490	215.438	112.416	147.990
476.649	216.369	114.908	148.792
474.070	217.376	115.195	149.733
468.428	218.757	115.014	150.735
463.929	220.318	116.233	150.443
459.235	220.799	117.613	151.216
454.964	221.545	117.466	151.891
449.007	222.747	118.548	152.524
434.373	226.807	119.986	151.474
428.229	229.785	117.963	150.834
425.349	231.584	108.719	150.587
411.098	234.131	108.691	146.888
402.084	235.560	103.507	166.762
379.008	241.044	97.770	152.330
366.927	243.219	96.154	147.587
444.624	276.274	77.333	139.067
447.225	279.079	80.805	141.119
456.839	274.254	83.711	147.575
475.746	275.400	76.608	144.337
483.344	272.559	78.664	145.595
488.530	273.556	81.105	143.368
494.214	271.970	81.923	144.527
498.671	273.750	83.418	141.949
503.623	269.057	84.706	144.985
508.040	267.304	82.356	143.118
508.158	267.372	80.000	142.103
508.692	270.182	84.021	139.318
511.807	266.297	76.827	140.129
339.666	253.861	88.541	139.406
501.714	266.347	77.104	137.918
495.337	264.237	77.457	138.107
366.278	254.776	100.889	141.034
370.468	254.833	98.818	140.719
387.756	255.266	94.488	135.767
396.964	252.796	113.851	138.292
415.120	246.901	113.843	143.282
419.418	244.918	106.045	145.087
421.733	245.339	103.824	144.880
419.145	242.304	108.400	147.340
420.286	240.217	105.904	148.292
417.494	239.901	112.448	147.127
415.284	242.581	113.923	144.782
418.491	243.739	117.116	144.692
415.953	245.003	113.816	143.995
418.779	244.365	107.230	146.288
421.726	245.647	101.556	146.304
417.954	244.781	102.946	147.197
411.354	247.690	110.724	148.462
384.201	257.624	99.424	144.485
461.961	245.814	85.046	145.750
363.216	266.243	99.562	139.429
350.890	268.440	105.559	138.311
341.941	269.813	106.987	137.734
327.868	270.150	95.129	133.623
320.142	273.137	92.437	131.119
312.510	273.940	90.456	130.400
307.457	274.374	88.489	129.406
302.829	274.378	86.646	129.022
297.695	271.518	83.148	129.937
297.730	270.192	83.127	130.116
297.964	269.822	83.150	130.581
301.243	267.776	83.295	131.802
305.336	266.312	84.268	133.291
318.804	265.172	83.402	133.995
326.289	266.231	85.289	132.480
335.701	264.549	85.996	131.581
343.872	262.820	88.613	133.395
353.166	261.250	91.495	134.747
376.970	258.411	92.752	133.926
388.565	256.300	92.591	134.811
401.450	253.449	85.252	134.885
413.069	252.477	79.502	131.646
425.797	250.403	76.751	136.240
443.142	244.720	73.796	150.490
440.666	243.024	78.782	153.318
453.287	240.110	90.373	137.168
463.749	236.298	103.440	133.635
472.324	234.694	99.360	133.537
478.178	231.917	101.348	133.655
483.385	233.178	98.803	131.696
487.185	232.270	95.779	132.158
488.104	233.382	95.731	131.446
488.589	232.519	95.799	132.761
486.085	234.530	96.029	133.642
484.223	235.098	93.475	133.189
403.310	266.812	80.470	133.193
474.147	237.916	92.800	132.144
464.381	238.915	94.776	131.424
436.290	242.181	77.523	155.145
430.610	246.863	82.046	143.341
419.164	247.129	89.290	144.593
404.751	248.780	78.927	128.833
392.373	252.327	87.705	130.358
372.328	255.147	91.909	132.704
355.675	256.560	87.317	130.874
344.834	259.451	84.555	129.418
334.220	261.929	83.735	129.940
324.896	264.272	80.217	127.034
309.634	265.545	75.458	127.720
300.363	268.599	75.133	125.196
295.297	270.548	74.362	123.223
292.587	272.906	72.123	121.000
290.597	273.116	71.624	122.302
289.602	275.457	69.578	121.005
288.758	276.410	72.347	119.935
290.053	275.781	73.703	120.391
293.256	276.214	74.490	119.752
296.947	276.478	75.440	119.057
305.189	276.233	75.954	121.434
309.065	277.299	79.077	120.961
314.155	277.737	79.521	122.438
319.029	278.794	79.904	123.363
322.873	280.258	82.631	123.324
331.440	279.971	82.619	125.642
334.308	279.633	85.340	126.700
337.853	278.772	86.224	128.265
341.820	276.651	86.087	130.481
344.682	275.535	87.713	133.091
349.113	271.765	90.807	139.530
352.445	269.020	89.886	142.456
355.335	266.064	90.305	144.111
356.233	263.565	91.392	143.602
356.758	257.324	90.961	147.717
357.432	248.813	92.598	145.760
356.020	245.235	94.037	147.614
354.217	242.876	95.864	148.800
353.890	241.704	94.605	148.817
353.206	241.522	93.774	147.652
346.663	241.635	94.559	149.365
342.851	242.439	97.559	152.067
339.397	245.224	99.398	152.352
335.293	248.598	102.185	152.474
331.562	252.974	106.539	149.939
319.225	261.082	106.079	150.992
313.588	267.090	104.208	149.010
307.030	271.229	103.249	148.847
300.137	275.569	102.648	147.260
294.271	280.878	101.059	145.376
283.263	289.222	95.786	143.313
278.064	294.686	92.110	140.818
273.549	300.954	88.467	137.185
269.435	305.428	85.188	133.574
266.456	308.426	81.940	131.548
263.392	310.238	79.920	130.692
258.266	313.054	78.960	127.919
257.182	312.557	79.185	128.450
254.593	309.762	81.816	131.529
253.730	309.905	83.384	131.674
253.338	307.168	84.322	134.422
254.175	301.074	87.245	139.129
256.721	294.311	88.928	145.698
259.855	288.090	91.486	149.155
266.125	281.933	92.472	153.135
274.427	276.494	93.566	152.599
296.768	262.646	100.147	159.385
309.437	256.686	105.742	163.469
325.837	251.061	99.417	166.076
341.731	244.627	99.580	165.149
358.999	240.114	104.688	179.319
381.015	241.257	92.727	182.771
378.016	246.862	84.239	179.188
380.110	236.275	147.137	187.960
411.164	239.783	121.331	175.939
391.409	225.213	151.933	200.895
431.613	242.469	102.186	175.794
431.536	247.878	99.685	170.589
433.202	251.246	93.265	167.292
430.506	254.243	89.474	166.171
425.823	252.999	88.800	168.875
407.511	257.268	98.122	165.899
367.392	256.040	107.874	164.994
363.851	259.213	124.018	163.668
361.800	256.626	125.502	169.328
359.960	258.462	121.149	169.481
353.078	262.920	112.234	167.289
339.013	257.373	119.310	173.590
325.108	260.956	135.430	172.057
297.798	259.085	185.800	181.520
292.572	258.652	111.589	179.321
409.969	271.570	104.794	174.911
420.925	266.349	102.160	174.959
426.649	269.512	105.394	176.788
434.175	264.540	104.182	177.623
440.200	266.052	103.502	174.422
436.449	258.432	106.008	179.721
432.946	255.227	103.901	180.885
427.979	251.241	103.391	182.060
420.331	254.964	101.822	176.832
406.187	258.551	108.299	173.446
380.059	263.263	98.182	163.148
272.380	297.404	104.197	178.315
280.388	300.233	106.845	171.460
293.215	304.041	105.273	163.168
305.948	254.278	104.345	206.160
296.254	250.121	134.166	192.778
266.851	237.846	184.013	221.035
260.404	272.597	203.092	303.403
335.240	255.186	127.841	199.029
354.269	265.007	111.819	185.436
349.904	265.388	117.489	179.298
348.296	263.215	118.550	183.244
345.173	265.548	117.302	181.582
342.111	266.969	113.267	181.147
341.523	269.953	106.167	179.423
253.870	259.567	107.586	170.771
268.618	266.248	106.292	168.961
279.830	268.634	114.278	173.791
286.308	271.972	108.956	189.912
274.599	263.166	118.504	201.272
243.673	286.221	113.416	184.858
237.206	291.370	104.546	180.359
228.633	291.685	102.325	182.640
224.671	291.974	99.377	184.670
219.949	291.422	103.705	186.616
220.458	286.528	106.983	190.485
225.778	280.372	109.178	195.477
233.397	276.998	108.284	196.298
244.061	273.919	108.282	195.646
258.609	267.066	108.881	199.279
288.785	265.642	103.352	196.799
306.204	259.324	117.034	198.691
318.765	255.962	119.823	201.722
318.033	254.496	140.666	203.542
316.699	251.806	160.909	204.027
325.509	244.403	177.504	209.358
316.516	245.603	195.747	205.858
330.792	244.611	186.621	207.217
330.252	244.986	186.856	206.460
340.275	244.375	184.658	207.463
351.361	245.792	175.657	209.434
359.857	244.771	169.583	214.998
367.716	248.126	161.467	214.493
372.318	250.801	154.567	212.836
376.794	255.331	146.231	210.099
368.055	259.440	141.523	210.799
358.063	264.933	152.703	207.409
344.108	265.010	174.941	209.234
335.430	264.193	190.999	211.701
323.695	260.727	136.492	215.087
301.355	260.871	126.965	219.893
293.308	266.261	125.532	216.637
288.001	269.116	121.143	213.235
284.812	269.031	121.031	214.550
283.391	270.809	118.147	213.839
286.766	270.198	119.794	212.928
291.369	269.605	121.728	214.118
297.064	272.278	124.369	211.989
304.800	273.814	124.461	207.845
313.808	274.823	124.923	207.900
331.450	271.287	127.907	210.313
339.852	271.309	127.702	206.969
347.196	271.081	129.520	203.073
355.423	275.205	135.270	197.130
365.011	272.841	135.558	195.210
375.317	264.010	133.019	200.650
372.954	261.200	134.539	203.492
374.607	256.436	133.092	208.437
368.988	256.335	136.506	208.028
366.719	252.749	134.789	211.214
361.569	249.119	133.259	216.706
359.950	240.119	132.531	227.120
356.861	237.218	131.850	230.561
352.790	235.335	134.558	232.931
349.084	235.308	137.219	233.058
344.433	232.513	139.950	236.581
342.374	232.456	139.520	237.430
338.700	232.020	138.387	238.333
331.535	230.785	140.469	240.131
323.632	229.348	140.372	242.207
298.316	221.852	148.837	246.918
287.599	218.753	147.896	250.077
272.753	215.607	152.257	251.854
257.995	213.314	156.040	254.725
246.162	211.486	155.700	254.766
226.659	201.492	157.352	261.473
213.322	202.403	160.541	258.709
206.703	199.634	159.372	259.136
202.688	197.729	158.970	261.169
200.322	197.521	160.248	261.120
200.906	195.739	161.527	263.904
205.923	195.258	165.791	268.927
211.252	195.508	169.172	271.388
222.365	196.479	171.288	275.471
234.067	199.258	171.830	276.328
260.257	206.486	177.651	272.136
279.873	212.355	182.842	269.703
300.103	215.269	183.196	269.761
323.008	214.685	182.159	268.114
345.585	216.457	182.862	269.094
384.733	214.501	185.665	270.874
403.938	209.790	190.230	274.048
419.512	210.266	194.471	269.354
433.857	209.871	198.945	267.406
448.331	204.157	199.903	271.871
470.390	200.792	199.352	273.627
478.506	197.967	200.856	276.267
479.332	199.836	205.964	272.527
479.587	200.498	207.034	274.130
482.996	202.250	203.471	273.047
471.028	208.145	208.997	270.909
459.712	213.677	212.795	268.473
448.862	214.738	211.571	271.747
432.397	220.695	214.082	268.912
417.492	222.487	211.989	270.253
386.413	232.458	199.491	270.286
368.999	234.243	199.434	268.471
350.685	234.873	194.762	269.100
332.243	234.028	187.679	268.830
311.213	234.788	185.560	265.755
280.721	236.099	173.669	264.374
258.291	246.013	173.767	253.155
241.128	249.758	172.873	249.934
226.876	256.568	172.396	243.872
214.216	258.764	173.887	241.086
205.264	258.701	171.803	240.806
193.613	260.467	175.837	241.895
190.440	260.033	176.926	244.227
191.533	259.074	178.797	246.611
196.170	257.002	183.386	249.936
206.547	254.393	181.594	250.975
226.914	254.393	184.145	253.807
239.359	251.665	187.952	256.517
251.366	247.401	190.944	263.015
260.358	246.527	199.184	265.373
267.313	242.660	208.834	268.700
282.587	238.228	218.538	272.671
286.948	237.392	227.503	277.159
294.321	235.094	231.483	278.876
298.248	235.344	233.011	278.710
306.836	227.630	228.824	287.378
316.509	223.257	232.650	293.733
321.242	221.103	234.470	299.334
326.971	217.602	231.981	300.744
331.331	216.562	231.428	300.167
334.290	214.801	232.260	299.532
343.293	216.849	229.056	296.167
344.173	215.059	228.876	297.545
344.374	213.252	231.022	299.058
342.422	217.243	234.297	294.033
341.381	219.769	236.300	293.559
328.613	227.018	246.047	291.208
321.696	224.866	250.935	295.730
308.072	232.394	261.904	290.885
293.108	235.656	270.377	290.427
274.908	240.300	280.819	285.894
247.205	237.235	279.980	293.066
236.750	243.562	278.962	290.582
226.440	246.575	228.849	288.460
223.949	252.381	264.242	281.706
220.664	249.603	225.584	287.463
212.407	249.834	236.868	287.452
210.247	245.363	225.251	289.543
212.261	237.828	207.464	293.061
216.605	234.824	190.620	291.070
224.254	234.264	185.999	288.012
215.281	234.230	205.560	285.088
204.577	229.984	216.799	286.917
211.857	223.673	206.931	291.857
212.697	223.364	201.243	288.789
202.670	222.165	204.839	285.930
190.761	218.430	197.179	286.021
175.107	219.523	201.474	286.693
154.402	222.577	210.432	282.094
148.663	225.387	205.986	280.491
148.662	226.987	200.405	278.979
151.985	228.327	202.105	277.591
159.361	226.812	205.497	281.426
168.879	226.278	211.502	283.607
182.444	228.954	213.427	286.072
198.765	231.146	214.624	287.636
236.375	228.232	221.786	293.569
258.700	230.518	227.066	291.223
282.565	226.954	228.381	296.089
304.309	222.666	234.832	299.790
326.066	218.981	238.219	303.332
365.686	210.022	246.277	311.697
386.852	207.981	250.094	313.462
403.363	205.489	251.485	314.358
414.998	202.519	255.855	317.111
422.830	202.684	255.669	316.234
435.260	200.500	256.589	320.164
432.703	199.092	255.674	325.959
430.318	201.161	249.203	326.820
422.941	201.402	248.279	329.981
414.191	203.427	243.527	331.415
376.092	215.332	237.802	322.797
351.969	222.912	252.588	318.757
328.263	223.768	270.286	321.230
311.574	224.361	286.072	324.350
296.281	226.522	300.666	325.838
277.277	228.609	297.814	324.551
267.323	235.566	314.172	320.998
248.098	235.071	226.955	318.460
235.801	245.885	221.462	313.252
230.517	242.968	231.375	315.306
229.020	244.692	229.151	314.726
227.229	248.351	229.929	312.358
225.954	246.690	225.369	314.147
223.409	248.365	226.928	312.686
221.962	246.514	230.368	314.660
220.685	248.061	229.622	311.920
219.307	247.757	233.908	312.865
219.710	250.010	231.586	311.567
219.935	249.274	229.120	312.422
218.930	250.330	232.737	311.366
219.417	252.129	228.484	309.567
216.531	246.974	228.394	315.054
217.092	251.081	229.029	310.400
217.724	246.974	230.659	313.988
354.134	244.919	218.315	320.356
370.967	241.608	197.255	328.953
380.340	236.797	195.260	330.667
393.274	239.284	188.813	326.661
188.433	235.984	219.362	321.882
179.083	232.036	214.588	322.629
157.637	239.530	206.976	314.695
143.767	231.680	210.263	320.540
136.842	239.423	202.699	311.995
126.198	240.554	197.627	311.002
119.567	245.079	195.337	307.950
114.967	249.231	191.182	304.509
111.154	249.788	195.671	305.348
112.575	250.835	195.022	305.088
111.672	250.835	195.146	305.192
111.649	252.000	196.858	303.506
112.120	250.981	197.992	304.629
113.312	246.394	197.108	308.640
114.566	245.606	196.186	307.901
115.194	243.702	195.268	309.611
115.020	241.632	195.523	311.255
114.444	241.699	196.497	310.367
114.444	240.809	196.965	310.406
114.377	238.421	196.879	312.583
115.143	235.460	196.551	314.178
121.237	232.416	193.546	315.684
136.385	229.713	189.822	312.444
142.914	221.599	193.641	316.389
151.987	219.461	197.095	314.324
162.730	216.216	197.144	313.218
172.019	212.009	200.119	313.629
191.909	205.160	199.678	316.091
194.998	206.131	210.171	314.636
198.523	199.815	206.194	315.267
204.525	210.647	203.763	307.403
200.468	205.522	207.507	307.686
202.307	207.217	200.981	305.610
201.512	205.995	203.575	304.632
201.583	208.469	204.140	302.963
200.626	207.174	205.214	302.431
200.331	207.892	205.264	301.553
200.956	208.757	202.433	299.859
198.319	207.111	207.664	301.819
196.406	206.924	203.084	300.729
194.450	208.613	206.139	302.819
191.052	210.823	205.076	302.706
188.746	211.690	200.733	305.231
186.872	211.085	201.566	306.317
186.402	209.754	202.033	309.221
187.106	206.871	214.975	310.491
197.403	204.870	252.520	315.287
212.934	195.230	243.173	327.667
214.255	196.370	237.988	325.511
215.010	194.183	236.324	328.191
214.329	193.547	234.917	328.156
213.876	193.068	232.746	328.858
211.957	189.854	232.924	332.969
209.419	189.416	236.459	332.945
208.098	189.899	239.389	332.008
203.875	188.776	246.274	332.886
201.345	187.004	249.122	336.062
191.621	190.834	266.988	331.295
190.588	191.979	276.249	328.927
193.482	188.732	280.852	331.006
196.037	186.883	244.620	330.177
194.623	188.737	213.744	327.006
190.806	192.766	209.574	319.056
198.538	195.375	202.791	318.922
198.591	193.762	205.690	320.429
194.753	194.211	210.190	317.627
200.527	197.092	205.140	316.382
190.693	197.114	203.233	311.733
182.739	193.590	211.685	313.739
362.581	197.092	176.928	325.274
155.825	195.782	210.870	307.439
400.278	196.410	169.332	325.639
127.151	197.029	206.183	304.290
429.971	201.530	176.748	310.909
444.171	197.681	165.699	313.665
440.451	198.039	172.670	316.131
446.525	194.946	170.339	321.708
435.363	206.257	172.118	312.965
423.053	204.254	167.760	307.918
411.163	201.868	166.861	310.425
152.759	200.270	192.039	298.410
164.696	195.120	187.741	298.451
179.382	193.070	187.458	301.527
201.643	190.804	189.789	299.690
201.999	185.668	196.164	304.225
202.521	186.409	196.364	303.053
205.270	186.119	212.632	304.494
212.263	185.709	239.648	309.719
214.732	189.465	273.756	311.851
218.450	190.739	240.866	317.760
221.376	191.511	240.991	317.092
223.939	193.211	239.681	316.475
228.554	192.749	234.739	316.938
232.595	190.266	227.156	316.153
233.607	189.133	226.928	315.127
228.915	185.084	233.258	315.184
223.703	185.221	243.404	312.937
220.259	187.164	248.815	309.318
215.990	188.849	258.784	293.274
209.888	189.181	231.784	288.104
196.390	191.851	188.360	282.884
183.770	189.058	181.547	284.976
170.645	193.558	181.164	282.097
383.267	190.168	152.633	297.314
129.835	201.444	189.901	279.653
122.049	206.521	174.739	273.792
119.083	208.915	167.020	273.721
118.639	215.346	160.021	269.940
121.818	216.599	159.768	269.008
128.188	213.124	160.380	272.574
137.237	207.151	166.078	276.470
148.170	203.228	171.648	279.847
157.975	193.699	179.823	287.144
184.748	188.194	182.086	288.367
197.320	191.860	184.035	287.553
201.246	194.063	243.408	285.898
208.772	185.519	245.861	299.111
221.841	182.845	225.096	304.174
251.024	180.771	188.934	304.260
267.520	180.919	186.064	299.340
266.175	181.193	204.445	300.173
262.217	174.952	222.693	296.448
272.258	165.988	223.577	294.545
287.220	167.258	211.804	291.400
286.417	167.308	207.587	291.981
276.766	172.201	205.222	294.019
266.253	184.488	198.358	284.568
245.872	200.483	201.261	268.424
217.849	198.083	170.648	269.596
196.665	208.164	167.219	265.002
186.094	213.165	157.946	264.358
179.580	224.515	150.049	256.512
175.966	223.347	148.110	260.700
388.063	194.121	135.339	264.717
376.446	205.969	153.964	243.684
199.595	249.073	154.527	260.510
208.421	257.562	158.666	263.356
218.622	271.037	160.026	259.845
238.839	290.467	157.137	255.885
249.585	301.287	157.466	250.196
259.797	307.704	157.773	247.307
268.885	313.903	157.912	244.963
277.629	319.091	159.390	240.118
286.416	322.092	162.511	238.710
286.188	320.930	167.811	241.341
288.907	322.306	168.961	244.398
290.018	326.848	169.599	243.580
292.986	329.883	168.508	242.295
294.370	335.716	160.531	238.052
294.356	336.648	159.298	236.605
295.697	338.029	159.055	234.893
294.739	341.256	161.567	231.334
291.820	346.490	163.724	226.080
293.728	355.451	159.750	216.492
292.920	359.606	156.548	213.333
292.864	364.667	156.591	208.328
294.592	372.382	154.898	200.519
294.749	378.557	150.197	193.608
298.852	392.727	139.716	179.028
298.724	400.445	138.089	171.493
301.167	406.374	134.540	165.928
301.337	410.601	133.577	161.583
300.982	415.161	133.957	157.214
304.643	423.714	130.636	149.102
307.419	428.620	128.888	144.126
309.413	435.204	127.263	139.439
311.994	440.528	127.062	134.607
313.774	444.450	127.207	130.521
318.513	448.852	126.507	126.811
318.621	449.641	125.960	126.116
317.822	450.562	126.730	125.111
315.043	455.856	132.276	117.739
315.304	456.395	130.112	117.223
315.880	456.455	128.548	117.342
316.227	456.500	130.172	117.234
317.194	454.547	129.839	119.093
318.137	452.247	130.329	121.379
318.079	447.957	132.562	127.289
316.668	443.638	133.757	129.553
314.978	441.657	136.583	133.819
313.277	438.058	138.446	135.447
311.876	435.120	137.557	140.053
315.543	428.153	128.564	147.847
310.473	426.861	128.562	148.339
307.046	423.439	128.918	151.091
304.655	421.272	128.020	152.728
302.738	418.863	127.776	153.658
300.824	417.526	127.357	155.183
294.681	416.165	130.567	156.902
291.870	411.097	133.254	162.617
289.166	406.599	136.293	167.269
286.286	404.262	139.634	169.208
283.667	402.896	139.551	170.305
273.544	396.995	140.702	175.961
263.859	392.291	142.934	180.543
253.927	390.584	143.680	182.056
247.823	387.345	140.094	185.021
239.914	385.219	140.227	186.293
228.022	375.921	129.637	187.075
224.771	370.503	127.772	185.781
221.897	361.852	125.952	188.491
219.012	351.944	125.889	192.664
217.242	342.903	126.332	194.958
221.279	324.658	129.249	197.124
226.421	312.855	126.884	202.321
231.342	304.239	129.925	202.652
238.208	298.292	122.632	198.388
247.848	289.018	114.548	200.858
263.350	275.466	125.684	215.105
273.374	271.732	128.406	230.225
284.603	268.844	125.272	230.162
291.985	264.077	121.476	234.146
295.711	260.106	122.956	222.681
308.466	250.486	138.490	204.787
303.917	245.607	134.360	209.562
305.503	242.508	134.397	201.461
310.037	235.230	136.269	201.227
306.525	228.326	142.099	196.583
302.687	215.629	135.687	196.900
301.731	209.277	144.643	197.730
298.356	202.707	142.915	194.341
292.886	193.944	138.192	196.410
285.872	188.771	145.997	194.311
276.333	177.743	144.217	189.327
274.555	177.495	140.421	186.895
271.113	177.315	142.926	185.971
266.581	177.315	143.350	186.978
263.475	178.824	141.232	190.677
256.773	192.594	140.283	191.873
254.083	201.833	138.291	192.441
254.270	212.619	136.830	191.250
254.535	220.630	136.313	189.992
255.148	229.715	135.312	188.302
255.254	242.393	130.408	188.484
256.013	248.890	128.267	187.149
257.848	256.240	125.844	185.196
258.386	263.796	119.255	182.437
259.209	269.477	114.556	179.378
260.135	278.685	114.499	179.092
262.434	285.934	115.369	179.160
264.703	293.121	118.534	180.914
266.387	300.895	117.367	181.265
267.579	309.329	117.375	180.899
269.104	316.213	117.449	182.354
269.526	331.505	117.365	184.167
268.851	339.533	117.387	182.607
266.543	348.864	117.726	180.611
262.767	356.227	118.295	180.040
258.447	364.480	119.316	177.575
248.988	373.774	119.414	175.773
243.331	375.326	120.950	174.806
241.149	374.465	119.416	175.438
239.313	372.285	117.035	176.895
236.320	365.919	116.372	179.663
232.275	346.503	119.556	187.044
231.305	337.376	124.127	191.094
232.954	326.249	125.594	190.582
237.866	313.810	122.449	192.284
239.464	302.152	123.771	192.934
244.764	277.724	123.779	194.914
247.987	267.083	123.630	188.612
249.625	255.044	117.561	189.966
249.008	244.437	115.239	186.127
249.725	235.254	116.427	184.535
252.413	214.812	117.090	185.114
253.922	210.900	122.682	181.961
257.706	205.448	124.413	180.085
260.552	201.590	126.857	180.072
263.112	199.402	125.225	178.101
265.306	200.085	126.124	178.186
265.552	203.039	128.666	177.359
265.363	207.105	131.038	178.573
266.509	211.820	130.746	180.183
268.113	217.313	129.563	179.944
274.049	227.421	122.714	181.794
277.595	233.391	117.613	178.676
283.178	237.941	109.399	177.244
288.314	241.242	104.647	176.146
293.340	245.132	101.425	172.992
299.447	251.875	100.108	171.046
298.933	256.682	103.984	165.964
299.530	259.510	104.176	165.068
298.710	260.323	105.398	164.580
299.084	260.719	103.914	163.881
298.504	259.630	102.610	165.557
293.774	260.509	103.453	165.172
287.927	260.786	104.720	165.697
280.588	261.992	107.581	166.531
272.386	262.576	113.054	167.334
257.003	264.454	113.447	168.342
249.369	267.252	112.655	166.717
239.450	270.434	113.151	166.632
229.693	273.123	113.383	165.577
223.120	276.218	104.508	163.301
209.175	279.674	97.445	158.987
203.392	280.107	95.863	157.921
201.280	281.935	92.204	155.107
201.290	281.610	89.443	154.277
200.053	281.309	89.471	153.263
206.470	278.175	90.310	153.729
212.774	276.376	91.716	154.384
220.722	272.080	92.940	156.593
230.347	270.308	94.578	157.116
239.474	265.292	98.653	159.657
262.737	261.806	102.495	158.645
273.443	258.564	105.769	160.937
284.915	255.647	106.918	163.561
294.466	250.762	110.130	165.749
303.162	246.004	110.430	165.417
316.224	239.462	105.301	160.958
323.327	236.341	100.292	159.549
326.608	231.886	98.637	159.290
327.058	227.787	98.350	159.765
327.888	225.725	97.408	158.565
327.288	218.820	91.364	155.518
327.385	215.875	91.381	156.020
327.551	211.701	90.486	155.265
326.733	210.132	89.138	150.910
327.474	207.285	87.893	150.860
329.620	205.183	85.668	148.735
331.028	205.341	84.427	148.582
334.940	207.704	82.328	148.925
339.692	210.029	79.552	150.626
