budget_candidate_recalled_frames,c1_same_state_correct_frames,c1_same_state_failed_frames,candidate_evaluations,candidate_quality_squared_error_sum,changed_candidate_indices,correct_query_writes_prevented,extra_visual_forwards,failed_frames,failure_events,frames,known_active_template_frames,known_candidate_evaluations,known_paused_query_writes,known_template_updates,local_candidate_recalled_frames,local_missing_frames,mean_valid_iou,memory_rgb_target_read_known_mass,memory_rgb_target_read_wrong_mass,memory_rgb_target_write_known_mass,memory_rgb_target_write_wrong_mass,memory_tir_target_read_known_mass,memory_tir_target_read_wrong_mass,memory_tir_target_write_known_mass,memory_tir_target_write_wrong_mass,missing_correct_candidates_reintroduced,paused_query_writes,recovered_events,reintroduced_candidates_selected_correctly,requested_extra_area_sum_pixels_squared,requested_extra_searches,same_state_harms,same_state_iou_degradations,same_state_iou_improvements,same_state_rescues,searches_without_new_correct_candidate,selected_failed_frames,sequence,template_updates,tracking_frames,valid_changed_candidate_indices,valid_frames,valid_tracking_frames,variant,wrong_active_template_frames_localization_proxy,wrong_query_writes_prevented_localization_proxy,wrong_template_updates_localization_proxy
,,,,,,,,0,0,304,,,,,,,0.8117753201112833,,,,,,,,,,,0,,,,,,,,,,10runone,,,,303,,baseline,,,
,,,,,,,,17,1,152,,,,,,,0.753314437729625,,,,,,,,,,,1,,,,,,,,,,11leftboy,,,,151,,baseline,,,
,,,,,,,,0,0,295,,,,,,,0.7981597591545819,,,,,,,,,,,0,,,,,,,,,,11runtwo,,,,294,,baseline,,,
,,,,,,,,0,0,851,,,,,,,0.8423212791833219,,,,,,,,,,,0,,,,,,,,,,1blackteacher,,,,850,,baseline,,,
,,,,,,,,0,0,174,,,,,,,0.7875375112062143,,,,,,,,,,,0,,,,,,,,,,1boycoming,,,,173,,baseline,,,
,,,,,,,,3073,14,3377,,,,,,,0.05009293005708881,,,,,,,,,,,13,,,,,,,,,,1stcol4thboy,,,,3376,,baseline,,,
,,,,,,,,699,1,732,,,,,,,0.03593739961449364,,,,,,,,,,,0,,,,,,,,,,1strowleftboyturning,,,,731,,baseline,,,
,,,,,,,,224,3,3817,,,,,,,0.6314972418395399,,,,,,,,,,,2,,,,,,,,,,1strowrightdrillmaster,,,,3816,,baseline,,,
,,,,,,,,2053,35,3540,,,,,,,0.29556063830152696,,,,,,,,,,,34,,,,,,,,,,1strowrightgirl3540,,,,3539,,baseline,,,
,,,,,,,,2,0,222,,,,,,,0.758098524485867,,,,,,,,,,,0,,,,,,,,,,2girl,,,,221,,baseline,,,
,,,,,,,,216,1,238,,,,,,,0.058152987743722476,,,,,,,,,,,0,,,,,,,,,,2girlup,,,,236,,baseline,,,
,,,,,,,,0,0,270,,,,,,,0.8197828281715794,,,,,,,,,,,0,,,,,,,,,,2runseven,,,,269,,baseline,,,
,,,,,,,,0,0,117,,,,,,,0.7192057728125567,,,,,,,,,,,0,,,,,,,,,,3bike1,,,,116,,baseline,,,
,,,,,,,,0,0,181,,,,,,,0.7701829655591593,,,,,,,,,,,0,,,,,,,,,,3men,,,,180,,baseline,,,
,,,,,,,,1,0,234,,,,,,,0.7964674018381201,,,,,,,,,,,0,,,,,,,,,,3pinkleft,,,,227,,baseline,,,
,,,,,,,,9,2,331,,,,,,,0.7933759667386313,,,,,,,,,,,2,,,,,,,,,,3rdfatboy,,,,330,,baseline,,,
,,,,,,,,224,4,832,,,,,,,0.5192660740336185,,,,,,,,,,,3,,,,,,,,,,3rdgrouplastboy,,,,831,,baseline,,,
,,,,,,,,0,0,104,,,,,,,0.8299086679761785,,,,,,,,,,,0,,,,,,,,,,3thmoto,,,,103,,baseline,,,
,,,,,,,,0,0,414,,,,,,,0.7520635423973959,,,,,,,,,,,0,,,,,,,,,,4men,,,,413,,baseline,,,
,,,,,,,,59,4,315,,,,,,,0.6806676775697929,,,,,,,,,,,4,,,,,,,,,,4thboywithwhite,,,,314,,baseline,,,
,,,,,,,,269,2,487,,,,,,,0.3569827415883384,,,,,,,,,,,1,,,,,,,,,,7rightorangegirl,,,,486,,baseline,,,
,,,,,,,,87,1,372,,,,,,,0.518438417351702,,,,,,,,,,,1,,,,,,,,,,AQgirlwalkinrain,,,,371,,baseline,,,
,,,,,,,,0,0,95,,,,,,,0.8377875832504317,,,,,,,,,,,0,,,,,,,,,,AQtruck2north,,,,94,,baseline,,,
,,,,,,,,2,0,353,,,,,,,0.8309704612059312,,,,,,,,,,,0,,,,,,,,,,ab_bikeoccluded,,,,312,,baseline,,,
,,,,,,,,117,1,488,,,,,,,0.6231283793078305,,,,,,,,,,,1,,,,,,,,,,ab_blkskirtgirl,,,,487,,baseline,,,
,,,,,,,,329,15,3247,,,,,,,0.5930470485397107,,,,,,,,,,,15,,,,,,,,,,ab_bolstershaking,,,,3246,,baseline,,,
,,,,,,,,0,0,696,,,,,,,0.7827914914527204,,,,,,,,,,,0,,,,,,,,,,ab_girlchoosesbike,,,,695,,baseline,,,
,,,,,,,,38,2,388,,,,,,,0.698143449486479,,,,,,,,,,,2,,,,,,,,,,ab_girlcrossroad,,,,355,,baseline,,,
,,,,,,,,182,1,194,,,,,,,0.034215360057388546,,,,,,,,,,,0,,,,,,,,,,ab_pingpongball2,,,,193,,baseline,,,
,,,,,,,,899,23,1806,,,,,,,0.27536764783061285,,,,,,,,,,,23,,,,,,,,,,ab_rightlowerredcup_quezhen,,,,1805,,baseline,,,
,,,,,,,,322,2,518,,,,,,,0.28138963783241644,,,,,,,,,,,1,,,,,,,,,,ab_whiteboywithbluebag,,,,507,,baseline,,,
,,,,,,,,391,12,1411,,,,,,,0.5773952176967405,,,,,,,,,,,12,,,,,,,,,,advancedredcup,,,,1410,,baseline,,,
,,,,,,,,0,0,111,,,,,,,0.710501273320893,,,,,,,,,,,0,,,,,,,,,,baggirl,,,,110,,baseline,,,
,,,,,,,,362,11,1505,,,,,,,0.5188236999664537,,,,,,,,,,,10,,,,,,,,,,ballshootatthebasket3times,,,,1489,,baseline,,,
,,,,,,,,484,11,849,,,,,,,0.2342425434799171,,,,,,,,,,,11,,,,,,,,,,basketball849,,,,743,,baseline,,,
,,,,,,,,33,2,64,,,,,,,0.2805038261371586,,,,,,,,,,,1,,,,,,,,,,basketballathand,,,,63,,baseline,,,
,,,,,,,,0,0,85,,,,,,,0.6782983437330263,,,,,,,,,,,0,,,,,,,,,,basketboy,,,,84,,baseline,,,
,,,,,,,,0,0,280,,,,,,,0.8035534503219441,,,,,,,,,,,0,,,,,,,,,,bawgirl,,,,279,,baseline,,,
,,,,,,,,1,0,199,,,,,,,0.7402450750783335,,,,,,,,,,,0,,,,,,,,,,belowdarkgirl,,,,198,,baseline,,,
,,,,,,,,24,1,1223,,,,,,,0.6919400472235188,,,,,,,,,,,1,,,,,,,,,,besom3,,,,1222,,baseline,,,
,,,,,,,,1,0,651,,,,,,,0.8231917827977496,,,,,,,,,,,0,,,,,,,,,,bike,,,,650,,baseline,,,
,,,,,,,,5,1,257,,,,,,,0.8202690028790182,,,,,,,,,,,1,,,,,,,,,,bike2left,,,,256,,baseline,,,
,,,,,,,,3,0,146,,,,,,,0.7236787592296247,,,,,,,,,,,0,,,,,,,,,,bike2trees,,,,145,,baseline,,,
,,,,,,,,0,0,113,,,,,,,0.8100092467398403,,,,,,,,,,,0,,,,,,,,,,bikeboy,,,,112,,baseline,,,
,,,,,,,,467,4,826,,,,,,,0.304907289294528,,,,,,,,,,,3,,,,,,,,,,bikeboyintodark,,,,825,,baseline,,,
,,,,,,,,3,1,467,,,,,,,0.7063628945300872,,,,,,,,,,,1,,,,,,,,,,bikeboyright,,,,466,,baseline,,,
,,,,,,,,0,0,155,,,,,,,0.6019363649819991,,,,,,,,,,,0,,,,,,,,,,bikeboyturn,,,,154,,baseline,,,
,,,,,,,,0,0,243,,,,,,,0.9257853859398564,,,,,,,,,,,0,,,,,,,,,,bikeboyturntimes,,,,242,,baseline,,,
,,,,,,,,0,0,220,,,,,,,0.8550736726369457,,,,,,,,,,,0,,,,,,,,,,bikeboywithumbrella,,,,219,,baseline,,,
,,,,,,,,0,0,172,,,,,,,0.7449194924735071,,,,,,,,,,,0,,,,,,,,,,bikefromlight,,,,171,,baseline,,,
,,,,,,,,132,2,284,,,,,,,0.3283838105731115,,,,,,,,,,,1,,,,,,,,,,bikegoindark,,,,283,,baseline,,,
,,,,,,,,0,0,140,,,,,,,0.7595582855933953,,,,,,,,,,,0,,,,,,,,,,bikeinrain,,,,139,,baseline,,,
,,,,,,,,118,1,131,,,,,,,0.05224076399922772,,,,,,,,,,,0,,,,,,,,,,biketurnright,,,,130,,baseline,,,
,,,,,,,,0,0,432,,,,,,,0.8666145152638963,,,,,,,,,,,0,,,,,,,,,,blackboy,,,,431,,baseline,,,
,,,,,,,,0,0,295,,,,,,,0.8897825978178677,,,,,,,,,,,0,,,,,,,,,,blackboyoncall,,,,294,,baseline,,,
,,,,,,,,0,0,126,,,,,,,0.7595815518696178,,,,,,,,,,,0,,,,,,,,,,blackcarturn,,,,125,,baseline,,,
,,,,,,,,1,0,62,,,,,,,0.7510337659407677,,,,,,,,,,,0,,,,,,,,,,blackdown,,,,61,,baseline,,,
,,,,,,,,1,0,217,,,,,,,0.7567606408419849,,,,,,,,,,,0,,,,,,,,,,blackgirl,,,,216,,baseline,,,
,,,,,,,,1192,34,12862,,,,,,,0.7054335837938447,,,,,,,,,,,34,,,,,,,,,,blkboy`shead,,,,12861,,baseline,,,
,,,,,,,,0,0,171,,,,,,,0.7808788505685929,,,,,,,,,,,0,,,,,,,,,,blkboyback,,,,170,,baseline,,,
,,,,,,,,11,2,302,,,,,,,0.723492665676114,,,,,,,,,,,2,,,,,,,,,,blkboybetweenredandwhite,,,,301,,baseline,,,
,,,,,,,,17,1,82,,,,,,,0.5998852408980613,,,,,,,,,,,0,,,,,,,,,,blkboydown,,,,81,,baseline,,,
,,,,,,,,432,1,556,,,,,,,0.1786776720441908,,,,,,,,,,,0,,,,,,,,,,blkboyhead,,,,555,,baseline,,,
,,,,,,,,2688,36,6983,,,,,,,0.4525055236208617,,,,,,,,,,,36,,,,,,,,,,blkboylefttheNo_21,,,,6930,,baseline,,,
,,,,,,,,825,3,1436,,,,,,,0.3358797766397115,,,,,,,,,,,2,,,,,,,,,,blkboystand,,,,1435,,baseline,,,
,,,,,,,,0,0,340,,,,,,,0.8644292288272665,,,,,,,,,,,0,,,,,,,,,,blkboytakesumbrella,,,,339,,baseline,,,
,,,,,,,,271,3,764,,,,,,,0.3928709161342242,,,,,,,,,,,2,,,,,,,,,,blkcaratfrontbluebus,,,,763,,baseline,,,
,,,,,,,,0,0,342,,,,,,,0.7470004556913004,,,,,,,,,,,0,,,,,,,,,,blkgirlumbrella,,,,341,,baseline,,,
,,,,,,,,106,6,564,,,,,,,0.5886333296596019,,,,,,,,,,,5,,,,,,,,,,blkhairgirltakingblkbag,,,,563,,baseline,,,
,,,,,,,,35,2,187,,,,,,,0.6433300322847293,,,,,,,,,,,1,,,,,,,,,,blkmoto2north,,,,186,,baseline,,,
,,,,,,,,0,0,190,,,,,,,0.8153190860425681,,,,,,,,,,,0,,,,,,,,,,blkstandboy,,,,189,,baseline,,,
,,,,,,,,0,0,142,,,,,,,0.8585839382760446,,,,,,,,,,,0,,,,,,,,,,blktribikecome,,,,141,,baseline,,,
,,,,,,,,0,0,330,,,,,,,0.8404003318828225,,,,,,,,,,,0,,,,,,,,,,blueboy,,,,329,,baseline,,,
,,,,,,,,1,0,421,,,,,,,0.7799746816254433,,,,,,,,,,,0,,,,,,,,,,blueboy421,,,,420,,baseline,,,
,,,,,,,,0,0,1437,,,,,,,0.8646917223646983,,,,,,,,,,,0,,,,,,,,,,bluebuscoming,,,,1436,,baseline,,,
,,,,,,,,1,0,222,,,,,,,0.7890886278162589,,,,,,,,,,,0,,,,,,,,,,bluegirlbiketurn,,,,221,,baseline,,,
,,,,,,,,366,3,506,,,,,,,0.15932287949682444,,,,,,,,,,,2,,,,,,,,,,bottlebetweenboy`sfeet,,,,505,,baseline,,,
,,,,,,,,97,3,206,,,,,,,0.3664586640863898,,,,,,,,,,,2,,,,,,,,,,boy2basketballground,,,,205,,baseline,,,
,,,,,,,,207,3,1788,,,,,,,0.6370504370572942,,,,,,,,,,,2,,,,,,,,,,boy2buildings,,,,1787,,baseline,,,
,,,,,,,,1,0,203,,,,,,,0.8218828768952201,,,,,,,,,,,0,,,,,,,,,,boy2trees,,,,202,,baseline,,,
,,,,,,,,148,3,1083,,,,,,,0.5978562004910922,,,,,,,,,,,3,,,,,,,,,,boy2treesfindbike,,,,1082,,baseline,,,
,,,,,,,,437,5,851,,,,,,,0.3387979485121638,,,,,,,,,,,4,,,,,,,,,,boy`headwithouthat,,,,850,,baseline,,,
,,,,,,,,159,4,269,,,,,,,0.24971448112026037,,,,,,,,,,,3,,,,,,,,,,boy`sheadingreycol,,,,268,,baseline,,,
,,,,,,,,6,1,102,,,,,,,0.7617797442203578,,,,,,,,,,,1,,,,,,,,,,boyaftertree,,,,101,,baseline,,,
,,,,,,,,806,3,2469,,,,,,,0.5221718587389789,,,,,,,,,,,3,,,,,,,,,,boyaroundtrees,,,,2457,,baseline,,,
,,,,,,,,55,5,494,,,,,,,0.700137159939342,,,,,,,,,,,5,,,,,,,,,,boyatdoorturnright,,,,493,,baseline,,,
,,,,,,,,19,1,751,,,,,,,0.7565088624514261,,,,,,,,,,,1,,,,,,,,,,boydownplatform,,,,750,,baseline,,,
,,,,,,,,0,0,285,,,,,,,0.8539434764005912,,,,,,,,,,,0,,,,,,,,,,boyfromdark,,,,283,,baseline,,,
,,,,,,,,8,1,319,,,,,,,0.7782392873221439,,,,,,,,,,,1,,,,,,,,,,boyinlight,,,,318,,baseline,,,
,,,,,,,,33,2,975,,,,,,,0.6984816626081121,,,,,,,,,,,2,,,,,,,,,,boyinplatform,,,,974,,baseline,,,
,,,,,,,,13,1,1418,,,,,,,0.8424816667147866,,,,,,,,,,,1,,,,,,,,,,boyinsnowfield3,,,,1417,,baseline,,,
,,,,,,,,70,2,426,,,,,,,0.6190976519247172,,,,,,,,,,,1,,,,,,,,,,boyleftblkrunning2crowd,,,,425,,baseline,,,
,,,,,,,,156,3,4921,,,,,,,0.8229521101798077,,,,,,,,,,,2,,,,,,,,,,boylefttheNo_9boy,,,,4919,,baseline,,,
,,,,,,,,0,0,310,,,,,,,0.7400018261122031,,,,,,,,,,,0,,,,,,,,,,boyoncall,,,,308,,baseline,,,
,,,,,,,,5,1,436,,,,,,,0.7836445068616121,,,,,,,,,,,1,,,,,,,,,,boyplayphone,,,,434,,baseline,,,
,,,,,,,,805,5,1840,,,,,,,0.32444065971900465,,,,,,,,,,,4,,,,,,,,,,boyride2path,,,,1837,,baseline,,,
,,,,,,,,0,0,182,,,,,,,0.9236340061045796,,,,,,,,,,,0,,,,,,,,,,boyruninsnow,,,,181,,baseline,,,
,,,,,,,,263,3,464,,,,,,,0.30537117294308447,,,,,,,,,,,3,,,,,,,,,,boyscomeleft,,,,463,,baseline,,,
,,,,,,,,96,3,9684,,,,,,,0.7376989176254517,,,,,,,,,,,3,,,,,,,,,,boyshead9684,,,,9683,,baseline,,,
,,,,,,,,60,6,375,,,,,,,0.539634896634034,,,,,,,,,,,5,,,,,,,,,,boyss,,,,374,,baseline,,,
,,,,,,,,567,5,1432,,,,,,,0.4723349128328805,,,,,,,,,,,4,,,,,,,,,,boytakingbasketballfollowing,,,,1431,,baseline,,,
,,,,,,,,0,0,262,,,,,,,0.7457774368968318,,,,,,,,,,,0,,,,,,,,,,boytakingplate2left,,,,259,,baseline,,,
,,,,,,,,478,3,613,,,,,,,0.1653473072134626,,,,,,,,,,,2,,,,,,,,,,boyunder2baskets,,,,612,,baseline,,,
,,,,,,,,0,0,965,,,,,,,0.7866281328594529,,,,,,,,,,,0,,,,,,,,,,boywaitgirl,,,,964,,baseline,,,
,,,,,,,,0,0,658,,,,,,,0.8679176411248147,,,,,,,,,,,0,,,,,,,,,,boywalkinginsnow2,,,,657,,baseline,,,
,,,,,,,,544,34,9538,,,,,,,0.6564881082341705,,,,,,,,,,,34,,,,,,,,,,broom,,,,9531,,baseline,,,
,,,,,,,,0,0,114,,,,,,,0.705699662394616,,,,,,,,,,,0,,,,,,,,,,carbehindtrees,,,,113,,baseline,,,
,,,,,,,,0,0,101,,,,,,,0.8631662201358956,,,,,,,,,,,0,,,,,,,,,,carcomeonlight,,,,100,,baseline,,,
,,,,,,,,212,3,391,,,,,,,0.3243435570403118,,,,,,,,,,,2,,,,,,,,,,carcomingfromlight,,,,390,,baseline,,,
,,,,,,,,0,0,155,,,,,,,0.7664653574035258,,,,,,,,,,,0,,,,,,,,,,carcominginlight,,,,154,,baseline,,,
,,,,,,,,0,0,70,,,,,,,0.8146335010032804,,,,,,,,,,,0,,,,,,,,,,carlight2,,,,69,,baseline,,,
,,,,,,,,0,0,93,,,,,,,0.8532036025867337,,,,,,,,,,,0,,,,,,,,,,carlightcome2,,,,92,,baseline,,,
,,,,,,,,0,0,86,,,,,,,0.7791630034346094,,,,,,,,,,,0,,,,,,,,,,caronlight,,,,85,,baseline,,,
,,,,,,,,0,0,117,,,,,,,0.889295126997532,,,,,,,,,,,0,,,,,,,,,,carturn117,,,,116,,baseline,,,
,,,,,,,,227,2,481,,,,,,,0.3834819595891803,,,,,,,,,,,1,,,,,,,,,,carwillturn,,,,480,,baseline,,,
,,,,,,,,0,0,91,,,,,,,0.8827460787408563,,,,,,,,,,,0,,,,,,,,,,catbrown2,,,,90,,baseline,,,
,,,,,,,,297,1,1343,,,,,,,0.6677930114214492,,,,,,,,,,,1,,,,,,,,,,catbrownback2bush,,,,1342,,baseline,,,
,,,,,,,,38,1,101,,,,,,,0.45165455384998326,,,,,,,,,,,0,,,,,,,,,,couple,,,,100,,baseline,,,
,,,,,,,,0,0,84,,,,,,,0.9334216573317238,,,,,,,,,,,0,,,,,,,,,,darkcarturn,,,,83,,baseline,,,
,,,,,,,,0,0,613,,,,,,,0.8173989907965725,,,,,,,,,,,0,,,,,,,,,,darkgirl,,,,612,,baseline,,,
,,,,,,,,95,9,749,,,,,,,0.5404547414971373,,,,,,,,,,,9,,,,,,,,,,darkouterwhiteboy,,,,748,,baseline,,,
,,,,,,,,29,1,503,,,,,,,0.7117324507194843,,,,,,,,,,,1,,,,,,,,,,darktreesboy,,,,502,,baseline,,,
,,,,,,,,576,1,1117,,,,,,,0.395898686431677,,,,,,,,,,,0,,,,,,,,,,drillmaster1117,,,,1116,,baseline,,,
,,,,,,,,471,1,982,,,,,,,0.400366960375387,,,,,,,,,,,1,,,,,,,,,,drillmasterfollowingatright,,,,981,,baseline,,,
,,,,,,,,43,1,254,,,,,,,0.5739753032550795,,,,,,,,,,,1,,,,,,,,,,farfatboy,,,,253,,baseline,,,
,,,,,,,,590,5,1160,,,,,,,0.2991503499847218,,,,,,,,,,,4,,,,,,,,,,firstexercisebook,,,,1159,,baseline,,,
,,,,,,,,43,3,193,,,,,,,0.4568760786549702,,,,,,,,,,,2,,,,,,,,,,foamatgirl`srighthand,,,,192,,baseline,,,
,,,,,,,,591,11,1146,,,,,,,0.33678522399170063,,,,,,,,,,,11,,,,,,,,,,foldedfolderatlefthand,,,,1145,,baseline,,,
,,,,,,,,0,0,151,,,,,,,0.6392091834235849,,,,,,,,,,,0,,,,,,,,,,girl2left3man1,,,,150,,baseline,,,
,,,,,,,,465,1,571,,,,,,,0.10911848399661785,,,,,,,,,,,0,,,,,,,,,,girl`sblkbag,,,,570,,baseline,,,
,,,,,,,,0,0,1130,,,,,,,0.8891242378926612,,,,,,,,,,,0,,,,,,,,,,girlafterglassdoor,,,,1129,,baseline,,,
,,,,,,,,294,4,1217,,,,,,,0.4680501336868876,,,,,,,,,,,4,,,,,,,,,,girldownstairfromlight,,,,1216,,baseline,,,
,,,,,,,,8,1,1033,,,,,,,0.8353714955991604,,,,,,,,,,,1,,,,,,,,,,girlfromlight_quezhen,,,,1032,,baseline,,,
,,,,,,,,0,0,312,,,,,,,0.8465109528281854,,,,,,,,,,,0,,,,,,,,,,girlinrain,,,,311,,baseline,,,
,,,,,,,,40,6,304,,,,,,,0.6405684096088099,,,,,,,,,,,6,,,,,,,,,,girllongskirt,,,,303,,baseline,,,
,,,,,,,,475,7,986,,,,,,,0.3715017913300957,,,,,,,,,,,6,,,,,,,,,,girlof2leaders,,,,985,,baseline,,,
,,,,,,,,93,1,308,,,,,,,0.539071020372712,,,,,,,,,,,1,,,,,,,,,,girlrightthewautress,,,,307,,baseline,,,
,,,,,,,,0,0,2858,,,,,,,0.7304171629268836,,,,,,,,,,,0,,,,,,,,,,girlunderthestreetlamp,,,,2857,,baseline,,,
,,,,,,,,39,1,282,,,,,,,0.6701741132660607,,,,,,,,,,,1,,,,,,,,,,guardunderthecolumn,,,,281,,baseline,,,
,,,,,,,,0,0,542,,,,,,,0.8196362042558805,,,,,,,,,,,0,,,,,,,,,,hugboy,,,,541,,baseline,,,
,,,,,,,,2700,22,4317,,,,,,,0.23463951829704838,,,,,,,,,,,21,,,,,,,,,,hyalinepaperfrontface,,,,4316,,baseline,,,
,,,,,,,,147,9,1475,,,,,,,0.7263307986167955,,,,,,,,,,,9,,,,,,,,,,large,,,,1474,,baseline,,,
,,,,,,,,1002,2,1116,,,,,,,0.07514452586890018,,,,,,,,,,,1,,,,,,,,,,lastleftgirl,,,,1115,,baseline,,,
,,,,,,,,1290,17,3650,,,,,,,0.508334669206233,,,,,,,,,,,16,,,,,,,,,,leftblkTboy,,,,3439,,baseline,,,
,,,,,,,,1652,35,3991,,,,,,,0.3076320313673347,,,,,,,,,,,35,,,,,,,,,,leftbottle2hang,,,,3990,,baseline,,,
,,,,,,,,953,3,1244,,,,,,,0.16282276219638508,,,,,,,,,,,2,,,,,,,,,,leftboy2jointhe4,,,,1243,,baseline,,,
,,,,,,,,199,1,744,,,,,,,0.5673632546827678,,,,,,,,,,,1,,,,,,,,,,leftboyoutofthetroop,,,,743,,baseline,,,
,,,,,,,,303,4,1400,,,,,,,0.6036600410992634,,,,,,,,,,,4,,,,,,,,,,leftchair,,,,1399,,baseline,,,
,,,,,,,,49,3,566,,,,,,,0.5813635602016314,,,,,,,,,,,2,,,,,,,,,,lefterbike,,,,565,,baseline,,,
,,,,,,,,208,6,1102,,,,,,,0.4985615813454106,,,,,,,,,,,6,,,,,,,,,,leftexcersicebookyellow,,,,1101,,baseline,,,
,,,,,,,,4,1,903,,,,,,,0.707891089001164,,,,,,,,,,,1,,,,,,,,,,leftfarboycomingpicktheball,,,,902,,baseline,,,
,,,,,,,,56,2,251,,,,,,,0.5889755751235609,,,,,,,,,,,1,,,,,,,,,,leftgirl'swhitebag,,,,249,,baseline,,,
,,,,,,,,532,19,1905,,,,,,,0.47659142521990316,,,,,,,,,,,19,,,,,,,,,,lefthyalinepaper2rgb,,,,1904,,baseline,,,
,,,,,,,,318,15,1802,,,,,,,0.619178091757629,,,,,,,,,,,15,,,,,,,,,,lefthyalinepaperfrontpants,,,,1801,,baseline,,,
,,,,,,,,253,20,1879,,,,,,,0.7153717888889061,,,,,,,,,,,20,,,,,,,,,,leftmirror,,,,1878,,baseline,,,
,,,,,,,,798,17,2265,,,,,,,0.4416407753415693,,,,,,,,,,,16,,,,,,,,,,leftmirrorlikesky,,,,2264,,baseline,,,
,,,,,,,,545,10,1732,,,,,,,0.48479644187191134,,,,,,,,,,,9,,,,,,,,,,leftmirrorside,,,,1731,,baseline,,,
,,,,,,,,14,1,170,,,,,,,0.4856537741326572,,,,,,,,,,,0,,,,,,,,,,leftopenexersicebook,,,,167,,baseline,,,
,,,,,,,,57,1,66,,,,,,,0.07512883015285438,,,,,,,,,,,0,,,,,,,,,,leftpingpongball,,,,65,,baseline,,,
,,,,,,,,21,3,148,,,,,,,0.6830214148558579,,,,,,,,,,,3,,,,,,,,,,leftrushingboy,,,,147,,baseline,,,
,,,,,,,,732,3,986,,,,,,,0.1928817400607492,,,,,,,,,,,2,,,,,,,,,,leftunderbasket,,,,985,,baseline,,,
,,,,,,,,120,3,1981,,,,,,,0.7379375312749179,,,,,,,,,,,3,,,,,,,,,,leftuphand,,,,1980,,baseline,,,
,,,,,,,,0,0,1676,,,,,,,0.7739570025639826,,,,,,,,,,,0,,,,,,,,,,littelbabycryingforahug,,,,1675,,baseline,,,
,,,,,,,,14,1,33,,,,,,,0.4495814431671775,,,,,,,,,,,0,,,,,,,,,,lowerfoamboard,,,,31,,baseline,,,
,,,,,,,,3,1,1096,,,,,,,0.8238191571819038,,,,,,,,,,,1,,,,,,,,,,mandownstair,,,,1095,,baseline,,,
,,,,,,,,0,0,408,,,,,,,0.8357644205256448,,,,,,,,,,,0,,,,,,,,,,manfromtoilet,,,,407,,baseline,,,
,,,,,,,,36,2,254,,,,,,,0.6626841204097699,,,,,,,,,,,2,,,,,,,,,,mangetsoff,,,,253,,baseline,,,
,,,,,,,,26,4,521,,,,,,,0.7187785914193104,,,,,,,,,,,4,,,,,,,,,,manoncall,,,,520,,baseline,,,
,,,,,,,,9,1,273,,,,,,,0.8139165235688537,,,,,,,,,,,1,,,,,,,,,,mansimiliar,,,,272,,baseline,,,
,,,,,,,,0,0,123,,,,,,,0.8203055185411965,,,,,,,,,,,0,,,,,,,,,,mantostartcar,,,,122,,baseline,,,
,,,,,,,,0,0,353,,,,,,,0.7944867737183369,,,,,,,,,,,0,,,,,,,,,,midblkgirl,,,,352,,baseline,,,
,,,,,,,,1755,17,7258,,,,,,,0.5983303080316447,,,,,,,,,,,17,,,,,,,,,,midboyNo_9,,,,7257,,baseline,,,
,,,,,,,,186,2,664,,,,,,,0.5597839642678389,,,,,,,,,,,1,,,,,,,,,,middrillmaster,,,,663,,baseline,,,
,,,,,,,,439,10,3226,,,,,,,0.6119938571458959,,,,,,,,,,,9,,,,,,,,,,midgreyboyrunningcoming,,,,3225,,baseline,,,
,,,,,,,,88,1,439,,,,,,,0.6226171314466531,,,,,,,,,,,0,,,,,,,,,,midof3girls,,,,438,,baseline,,,
,,,,,,,,1939,19,7309,,,,,,,0.5868995882999657,,,,,,,,,,,19,,,,,,,,,,midredboy,,,,7293,,baseline,,,
,,,,,,,,202,2,442,,,,,,,0.37676635693672544,,,,,,,,,,,1,,,,,,,,,,midrunboywithwhite,,,,441,,baseline,,,
,,,,,,,,0,0,78,,,,,,,0.8576693878996806,,,,,,,,,,,0,,,,,,,,,,minibus,,,,77,,baseline,,,
,,,,,,,,37,1,214,,,,,,,0.668696007568529,,,,,,,,,,,0,,,,,,,,,,minibusgoes2left,,,,213,,baseline,,,
,,,,,,,,0,0,254,,,,,,,0.8696196502099396,,,,,,,,,,,0,,,,,,,,,,moto,,,,253,,baseline,,,
,,,,,,,,0,0,84,,,,,,,0.7480230496362282,,,,,,,,,,,0,,,,,,,,,,motocomeonlight,,,,83,,baseline,,,
,,,,,,,,0,0,127,,,,,,,0.8074402079080787,,,,,,,,,,,0,,,,,,,,,,motogoesaloongS,,,,126,,baseline,,,
,,,,,,,,35,2,306,,,,,,,0.571128960500105,,,,,,,,,,,2,,,,,,,,,,mototaking2boys306,,,,305,,baseline,,,
,,,,,,,,0,0,122,,,,,,,0.8284147529915059,,,,,,,,,,,0,,,,,,,,,,mototurneast,,,,121,,baseline,,,
,,,,,,,,0,0,95,,,,,,,0.7768461473348535,,,,,,,,,,,0,,,,,,,,,,motowithbluetop,,,,94,,baseline,,,
,,,,,,,,11,2,808,,,,,,,0.819216880928691,,,,,,,,,,,2,,,,,,,,,,pingpingpad3,,,,807,,baseline,,,
,,,,,,,,350,12,1270,,,,,,,0.5524768803038899,,,,,,,,,,,11,,,,,,,,,,pinkwithblktopcup,,,,1269,,baseline,,,
,,,,,,,,0,0,334,,,,,,,0.835710496603667,,,,,,,,,,,0,,,,,,,,,,raincarturn,,,,333,,baseline,,,
,,,,,,,,0,0,157,,,,,,,0.8405659303588897,,,,,,,,,,,0,,,,,,,,,,rainycarcome_ab,,,,156,,baseline,,,
,,,,,,,,5,1,150,,,,,,,0.7348941221583654,,,,,,,,,,,1,,,,,,,,,,redboygoright,,,,149,,baseline,,,
,,,,,,,,0,0,262,,,,,,,0.8690508531617742,,,,,,,,,,,0,,,,,,,,,,redcarcominginlight,,,,261,,baseline,,,
,,,,,,,,0,0,104,,,,,,,0.7037199871774822,,,,,,,,,,,0,,,,,,,,,,redetricycle,,,,103,,baseline,,,
,,,,,,,,11,1,662,,,,,,,0.6937085461584012,,,,,,,,,,,1,,,,,,,,,,redmidboy,,,,661,,baseline,,,
,,,,,,,,361,2,730,,,,,,,0.4187934297237589,,,,,,,,,,,1,,,,,,,,,,redroadlatboy,,,,729,,baseline,,,
,,,,,,,,0,0,168,,,,,,,0.6902416920861179,,,,,,,,,,,0,,,,,,,,,,redtricycle,,,,167,,baseline,,,
,,,,,,,,1117,8,1750,,,,,,,0.2582798009045495,,,,,,,,,,,7,,,,,,,,,,right2ndflagformath,,,,1749,,baseline,,,
,,,,,,,,829,6,1916,,,,,,,0.4111448826059266,,,,,,,,,,,6,,,,,,,,,,right5thflag,,,,1898,,baseline,,,
,,,,,,,,105,2,225,,,,,,,0.3808770770571046,,,,,,,,,,,1,,,,,,,,,,rightbike,,,,224,,baseline,,,
,,,,,,,,0,0,416,,,,,,,0.746579276675696,,,,,,,,,,,0,,,,,,,,,,rightbike-gai,,,,415,,baseline,,,
,,,,,,,,702,5,4386,,,,,,,0.69094093241334,,,,,,,,,,,5,,,,,,,,,,rightblkboy4386,,,,4385,,baseline,,,
,,,,,,,,0,0,279,,,,,,,0.7565872673538417,,,,,,,,,,,0,,,,,,,,,,rightblkboystand,,,,277,,baseline,,,
,,,,,,,,0,0,386,,,,,,,0.79640901458569,,,,,,,,,,,0,,,,,,,,,,rightblkfatboyleftwhite,,,,385,,baseline,,,
,,,,,,,,0,0,353,,,,,,,0.6927898808460778,,,,,,,,,,,0,,,,,,,,,,rightbluewhite,,,,352,,baseline,,,
,,,,,,,,645,26,1388,,,,,,,0.30563143548297955,,,,,,,,,,,25,,,,,,,,,,rightbottlecomes,,,,1387,,baseline,,,
,,,,,,,,5,1,504,,,,,,,0.7561045276983155,,,,,,,,,,,1,,,,,,,,,,rightboy504,,,,503,,baseline,,,
,,,,,,,,418,1,1050,,,,,,,0.4956030404024394,,,,,,,,,,,0,,,,,,,,,,rightcameraman,,,,1049,,baseline,,,
,,,,,,,,429,2,561,,,,,,,0.14072311426519168,,,,,,,,,,,1,,,,,,,,,,rightcar-chongT,,,,560,,baseline,,,
,,,,,,,,315,3,604,,,,,,,0.3662055123365372,,,,,,,,,,,2,,,,,,,,,,rightcomingstrongboy,,,,603,,baseline,,,
,,,,,,,,279,2,1133,,,,,,,0.5376251245631078,,,,,,,,,,,2,,,,,,,,,,rightdarksingleman,,,,1132,,baseline,,,
,,,,,,,,609,3,668,,,,,,,0.06132429366869906,,,,,,,,,,,2,,,,,,,,,,rightgirltakingcup,,,,667,,baseline,,,
,,,,,,,,44,2,308,,,,,,,0.6272043991575559,,,,,,,,,,,2,,,,,,,,,,rightwaiter1_quezhen,,,,307,,baseline,,,
,,,,,,,,228,3,386,,,,,,,0.312387797801472,,,,,,,,,,,2,,,,,,,,,,runningcameragirl,,,,385,,baseline,,,
,,,,,,,,348,7,832,,,,,,,0.3154649145033916,,,,,,,,,,,7,,,,,,,,,,shinybikeboy2left,,,,831,,baseline,,,
,,,,,,,,35,2,359,,,,,,,0.6221145545796419,,,,,,,,,,,1,,,,,,,,,,shinycarcoming,,,,358,,baseline,,,
,,,,,,,,49,2,602,,,,,,,0.6337542111896161,,,,,,,,,,,1,,,,,,,,,,shinycarcoming2,,,,601,,baseline,,,
,,,,,,,,0,0,201,,,,,,,0.9320136892184558,,,,,,,,,,,0,,,,,,,,,,silvercarturn,,,,200,,baseline,,,
,,,,,,,,8,1,662,,,,,,,0.8267744557447286,,,,,,,,,,,1,,,,,,,,,,small-gai,,,,661,,baseline,,,
,,,,,,,,0,0,683,,,,,,,0.8292439425863936,,,,,,,,,,,0,,,,,,,,,,standblkboy,,,,682,,baseline,,,
,,,,,,,,0,0,664,,,,,,,0.7523879881364323,,,,,,,,,,,0,,,,,,,,,,swan_0109,,,,663,,baseline,,,
,,,,,,,,2,0,152,,,,,,,0.5933679078490184,,,,,,,,,,,0,,,,,,,,,,truckgonorth,,,,151,,baseline,,,
,,,,,,,,281,26,1171,,,,,,,0.5655703410354229,,,,,,,,,,,25,,,,,,,,,,turning1strowleft2ndboy,,,,1170,,baseline,,,
,,,,,,,,0,0,192,,,,,,,0.8713380098433158,,,,,,,,,,,0,,,,,,,,,,umbreboyoncall,,,,191,,baseline,,,
,,,,,,,,49,4,319,,,,,,,0.6003899534482156,,,,,,,,,,,4,,,,,,,,,,umbrella,,,,318,,baseline,,,
,,,,,,,,4,0,475,,,,,,,0.7538129833065392,,,,,,,,,,,0,,,,,,,,,,umbrellabyboy,,,,474,,baseline,,,
,,,,,,,,32,2,566,,,,,,,0.6891269896264922,,,,,,,,,,,2,,,,,,,,,,umbrellawillbefold,,,,565,,baseline,,,
,,,,,,,,9,1,490,,,,,,,0.7976843618545287,,,,,,,,,,,1,,,,,,,,,,umbrellawillopen,,,,489,,baseline,,,
,,,,,,,,0,0,680,,,,,,,0.7778174889466202,,,,,,,,,,,0,,,,,,,,,,waitresscoming,,,,679,,baseline,,,
,,,,,,,,64,4,566,,,,,,,0.6292196708922818,,,,,,,,,,,3,,,,,,,,,,whitebikebelow,,,,565,,baseline,,,
,,,,,,,,75,1,691,,,,,,,0.7462031718130017,,,,,,,,,,,1,,,,,,,,,,whiteboyrightcoccergoal,,,,690,,baseline,,,
,,,,,,,,0,0,84,,,,,,,0.8894820999030274,,,,,,,,,,,0,,,,,,,,,,whitecarcomeinrain,,,,83,,baseline,,,
,,,,,,,,146,2,683,,,,,,,0.6669357401087718,,,,,,,,,,,2,,,,,,,,,,whitecarturn683,,,,682,,baseline,,,
,,,,,,,,0,0,57,,,,,,,0.8752487982167694,,,,,,,,,,,0,,,,,,,,,,whitecarturnleft,,,,56,,baseline,,,
,,,,,,,,0,0,103,,,,,,,0.7806736250034533,,,,,,,,,,,0,,,,,,,,,,whitecarturnright,,,,102,,baseline,,,
,,,,,,,,4,1,67,,,,,,,0.6730675190979168,,,,,,,,,,,0,,,,,,,,,,whitefardown,,,,66,,baseline,,,
,,,,,,,,30,2,155,,,,,,,0.5804452646662723,,,,,,,,,,,1,,,,,,,,,,whitefargirl,,,,154,,baseline,,,
,,,,,,,,11,1,589,,,,,,,0.7692732128613594,,,,,,,,,,,1,,,,,,,,,,whitegirlinlight,,,,588,,baseline,,,
,,,,,,,,369,1,549,,,,,,,0.23147718103810852,,,,,,,,,,,0,,,,,,,,,,whitegirltakingchopsticks,,,,548,,baseline,,,
,,,,,,,,51,6,203,,,,,,,0.5992087554411111,,,,,,,,,,,6,,,,,,,,,,whiteofboys,,,,202,,baseline,,,
,,,,,,,,343,1,425,,,,,,,0.1555260656197015,,,,,,,,,,,0,,,,,,,,,,whiteridingbike,,,,424,,baseline,,,
,,,,,,,,37,2,346,,,,,,,0.7211751807454345,,,,,,,,,,,2,,,,,,,,,,whiterunningboy,,,,345,,baseline,,,
,,,,,,,,372,9,818,,,,,,,0.4213845423829336,,,,,,,,,,,8,,,,,,,,,,whiteskirtgirlcomingfromgoal,,,,817,,baseline,,,
,,,,,,,,0,0,137,,,,,,,0.8759422238857344,,,,,,,,,,,0,,,,,,,,,,whitesuvturn,,,,136,,baseline,,,
,,,,,,,,0,0,95,,,,,,,0.8207127946848252,,,,,,,,,,,0,,,,,,,,,,womanback2car,,,,94,,baseline,,,
,,,,,,,,28,1,118,,,,,,,0.4845299321834225,,,,,,,,,,,0,,,,,,,,,,yellowgirl118,,,,117,,baseline,,,
,,,,,,,,0,0,361,,,,,,,0.8321726337676107,,,,,,,,,,,0,,,,,,,,,,yellowskirt,,,,360,,baseline,,,
,,,,,,,,0,0,304,,,,,,,0.8117753201112833,,,,,,,,,,,0,,,,,,,,,,10runone,,,,303,,c1,,,
,,,,,,,,18,1,152,,,,,,,0.7476596712094363,,,,,,,,,,,1,,,,,,,,,,11leftboy,,,,151,,c1,,,
,,,,,,,,0,0,295,,,,,,,0.7981597591545819,,,,,,,,,,,0,,,,,,,,,,11runtwo,,,,294,,c1,,,
,,,,,,,,0,0,851,,,,,,,0.8423212791833219,,,,,,,,,,,0,,,,,,,,,,1blackteacher,,,,850,,c1,,,
,,,,,,,,0,0,174,,,,,,,0.7875375112062143,,,,,,,,,,,0,,,,,,,,,,1boycoming,,,,173,,c1,,,
,,,,,,,,2995,6,3377,,,,,,,0.06130505925727267,,,,,,,,,,,5,,,,,,,,,,1stcol4thboy,,,,3376,,c1,,,
,,,,,,,,699,1,732,,,,,,,0.03593739961449364,,,,,,,,,,,0,,,,,,,,,,1strowleftboyturning,,,,731,,c1,,,
,,,,,,,,224,3,3817,,,,,,,0.6312873401668089,,,,,,,,,,,2,,,,,,,,,,1strowrightdrillmaster,,,,3816,,c1,,,
,,,,,,,,1583,38,3540,,,,,,,0.3894054353062183,,,,,,,,,,,37,,,,,,,,,,1strowrightgirl3540,,,,3539,,c1,,,
,,,,,,,,2,0,222,,,,,,,0.758098524485867,,,,,,,,,,,0,,,,,,,,,,2girl,,,,221,,c1,,,
,,,,,,,,175,2,238,,,,,,,0.16798347180553763,,,,,,,,,,,1,,,,,,,,,,2girlup,,,,236,,c1,,,
,,,,,,,,0,0,270,,,,,,,0.8197828281715794,,,,,,,,,,,0,,,,,,,,,,2runseven,,,,269,,c1,,,
,,,,,,,,0,0,117,,,,,,,0.7192057728125567,,,,,,,,,,,0,,,,,,,,,,3bike1,,,,116,,c1,,,
,,,,,,,,0,0,181,,,,,,,0.7701829655591593,,,,,,,,,,,0,,,,,,,,,,3men,,,,180,,c1,,,
,,,,,,,,1,0,234,,,,,,,0.7964674018381201,,,,,,,,,,,0,,,,,,,,,,3pinkleft,,,,227,,c1,,,
,,,,,,,,256,1,331,,,,,,,0.1657201686685167,,,,,,,,,,,0,,,,,,,,,,3rdfatboy,,,,330,,c1,,,
,,,,,,,,220,3,832,,,,,,,0.5209979294534505,,,,,,,,,,,2,,,,,,,,,,3rdgrouplastboy,,,,831,,c1,,,
,,,,,,,,0,0,104,,,,,,,0.8299086679761785,,,,,,,,,,,0,,,,,,,,,,3thmoto,,,,103,,c1,,,
,,,,,,,,0,0,414,,,,,,,0.7520635423973959,,,,,,,,,,,0,,,,,,,,,,4men,,,,413,,c1,,,
,,,,,,,,57,4,315,,,,,,,0.6854504135923347,,,,,,,,,,,4,,,,,,,,,,4thboywithwhite,,,,314,,c1,,,
,,,,,,,,269,2,487,,,,,,,0.3569827415883384,,,,,,,,,,,1,,,,,,,,,,7rightorangegirl,,,,486,,c1,,,
,,,,,,,,128,1,372,,,,,,,0.4330008105919588,,,,,,,,,,,1,,,,,,,,,,AQgirlwalkinrain,,,,371,,c1,,,
,,,,,,,,0,0,95,,,,,,,0.8377875832504317,,,,,,,,,,,0,,,,,,,,,,AQtruck2north,,,,94,,c1,,,
,,,,,,,,2,0,353,,,,,,,0.8309704612059312,,,,,,,,,,,0,,,,,,,,,,ab_bikeoccluded,,,,312,,c1,,,
,,,,,,,,117,1,488,,,,,,,0.6231283793078305,,,,,,,,,,,1,,,,,,,,,,ab_blkskirtgirl,,,,487,,c1,,,
,,,,,,,,706,13,3247,,,,,,,0.5106421084109416,,,,,,,,,,,13,,,,,,,,,,ab_bolstershaking,,,,3246,,c1,,,
,,,,,,,,0,0,696,,,,,,,0.7827914914527204,,,,,,,,,,,0,,,,,,,,,,ab_girlchoosesbike,,,,695,,c1,,,
,,,,,,,,38,2,388,,,,,,,0.698143449486479,,,,,,,,,,,2,,,,,,,,,,ab_girlcrossroad,,,,355,,c1,,,
,,,,,,,,180,1,194,,,,,,,0.04023632041683667,,,,,,,,,,,0,,,,,,,,,,ab_pingpongball2,,,,193,,c1,,,
,,,,,,,,824,21,1806,,,,,,,0.2978148295546116,,,,,,,,,,,21,,,,,,,,,,ab_rightlowerredcup_quezhen,,,,1805,,c1,,,
,,,,,,,,322,2,518,,,,,,,0.28138963783241644,,,,,,,,,,,1,,,,,,,,,,ab_whiteboywithbluebag,,,,507,,c1,,,
,,,,,,,,153,9,1411,,,,,,,0.7209167589117929,,,,,,,,,,,9,,,,,,,,,,advancedredcup,,,,1410,,c1,,,
,,,,,,,,0,0,111,,,,,,,0.710501273320893,,,,,,,,,,,0,,,,,,,,,,baggirl,,,,110,,c1,,,
,,,,,,,,366,11,1505,,,,,,,0.5167693419959453,,,,,,,,,,,10,,,,,,,,,,ballshootatthebasket3times,,,,1489,,c1,,,
,,,,,,,,698,3,849,,,,,,,0.03824003559549922,,,,,,,,,,,2,,,,,,,,,,basketball849,,,,743,,c1,,,
,,,,,,,,32,2,64,,,,,,,0.278461409794218,,,,,,,,,,,1,,,,,,,,,,basketballathand,,,,63,,c1,,,
,,,,,,,,0,0,85,,,,,,,0.6782983437330263,,,,,,,,,,,0,,,,,,,,,,basketboy,,,,84,,c1,,,
,,,,,,,,0,0,280,,,,,,,0.8035534503219441,,,,,,,,,,,0,,,,,,,,,,bawgirl,,,,279,,c1,,,
,,,,,,,,1,0,199,,,,,,,0.7402450750783335,,,,,,,,,,,0,,,,,,,,,,belowdarkgirl,,,,198,,c1,,,
,,,,,,,,22,1,1223,,,,,,,0.6799818342331039,,,,,,,,,,,1,,,,,,,,,,besom3,,,,1222,,c1,,,
,,,,,,,,1,0,651,,,,,,,0.8231917827977496,,,,,,,,,,,0,,,,,,,,,,bike,,,,650,,c1,,,
,,,,,,,,6,1,257,,,,,,,0.8174098435068036,,,,,,,,,,,1,,,,,,,,,,bike2left,,,,256,,c1,,,
,,,,,,,,3,0,146,,,,,,,0.7236787592296247,,,,,,,,,,,0,,,,,,,,,,bike2trees,,,,145,,c1,,,
,,,,,,,,0,0,113,,,,,,,0.8100092467398403,,,,,,,,,,,0,,,,,,,,,,bikeboy,,,,112,,c1,,,
,,,,,,,,572,2,826,,,,,,,0.21555588320662417,,,,,,,,,,,1,,,,,,,,,,bikeboyintodark,,,,825,,c1,,,
,,,,,,,,0,0,467,,,,,,,0.7102572028132751,,,,,,,,,,,0,,,,,,,,,,bikeboyright,,,,466,,c1,,,
,,,,,,,,0,0,155,,,,,,,0.6019363649819991,,,,,,,,,,,0,,,,,,,,,,bikeboyturn,,,,154,,c1,,,
,,,,,,,,0,0,243,,,,,,,0.9257853859398564,,,,,,,,,,,0,,,,,,,,,,bikeboyturntimes,,,,242,,c1,,,
,,,,,,,,0,0,220,,,,,,,0.8550736726369457,,,,,,,,,,,0,,,,,,,,,,bikeboywithumbrella,,,,219,,c1,,,
,,,,,,,,0,0,172,,,,,,,0.7449194924735071,,,,,,,,,,,0,,,,,,,,,,bikefromlight,,,,171,,c1,,,
,,,,,,,,132,2,284,,,,,,,0.3283838105731115,,,,,,,,,,,1,,,,,,,,,,bikegoindark,,,,283,,c1,,,
,,,,,,,,0,0,140,,,,,,,0.7595582855933953,,,,,,,,,,,0,,,,,,,,,,bikeinrain,,,,139,,c1,,,
,,,,,,,,118,1,131,,,,,,,0.05224076399922772,,,,,,,,,,,0,,,,,,,,,,biketurnright,,,,130,,c1,,,
,,,,,,,,0,0,432,,,,,,,0.8666145152638963,,,,,,,,,,,0,,,,,,,,,,blackboy,,,,431,,c1,,,
,,,,,,,,0,0,295,,,,,,,0.8897825978178677,,,,,,,,,,,0,,,,,,,,,,blackboyoncall,,,,294,,c1,,,
,,,,,,,,0,0,126,,,,,,,0.7595815518696178,,,,,,,,,,,0,,,,,,,,,,blackcarturn,,,,125,,c1,,,
,,,,,,,,1,0,62,,,,,,,0.7510337659407677,,,,,,,,,,,0,,,,,,,,,,blackdown,,,,61,,c1,,,
,,,,,,,,1,0,217,,,,,,,0.7567606408419849,,,,,,,,,,,0,,,,,,,,,,blackgirl,,,,216,,c1,,,
,,,,,,,,1609,25,12862,,,,,,,0.6808648826801909,,,,,,,,,,,25,,,,,,,,,,blkboy`shead,,,,12861,,c1,,,
,,,,,,,,0,0,171,,,,,,,0.7808788505685929,,,,,,,,,,,0,,,,,,,,,,blkboyback,,,,170,,c1,,,
,,,,,,,,11,2,302,,,,,,,0.723492665676114,,,,,,,,,,,2,,,,,,,,,,blkboybetweenredandwhite,,,,301,,c1,,,
,,,,,,,,3,0,82,,,,,,,0.6987629028953828,,,,,,,,,,,0,,,,,,,,,,blkboydown,,,,81,,c1,,,
,,,,,,,,116,3,556,,,,,,,0.5832123548736562,,,,,,,,,,,3,,,,,,,,,,blkboyhead,,,,555,,c1,,,
,,,,,,,,3170,30,6983,,,,,,,0.39573251007317606,,,,,,,,,,,29,,,,,,,,,,blkboylefttheNo_21,,,,6930,,c1,,,
,,,,,,,,810,3,1436,,,,,,,0.3439705332548951,,,,,,,,,,,2,,,,,,,,,,blkboystand,,,,1435,,c1,,,
,,,,,,,,0,0,340,,,,,,,0.8644292288272665,,,,,,,,,,,0,,,,,,,,,,blkboytakesumbrella,,,,339,,c1,,,
,,,,,,,,389,2,764,,,,,,,0.30044547287949336,,,,,,,,,,,1,,,,,,,,,,blkcaratfrontbluebus,,,,763,,c1,,,
,,,,,,,,0,0,342,,,,,,,0.7470004556913004,,,,,,,,,,,0,,,,,,,,,,blkgirlumbrella,,,,341,,c1,,,
,,,,,,,,254,1,564,,,,,,,0.38699920685377504,,,,,,,,,,,0,,,,,,,,,,blkhairgirltakingblkbag,,,,563,,c1,,,
,,,,,,,,17,1,187,,,,,,,0.7196088534769104,,,,,,,,,,,1,,,,,,,,,,blkmoto2north,,,,186,,c1,,,
,,,,,,,,0,0,190,,,,,,,0.8153190860425681,,,,,,,,,,,0,,,,,,,,,,blkstandboy,,,,189,,c1,,,
,,,,,,,,0,0,142,,,,,,,0.8585839382760446,,,,,,,,,,,0,,,,,,,,,,blktribikecome,,,,141,,c1,,,
,,,,,,,,0,0,330,,,,,,,0.8404003318828225,,,,,,,,,,,0,,,,,,,,,,blueboy,,,,329,,c1,,,
,,,,,,,,1,0,421,,,,,,,0.7799746816254433,,,,,,,,,,,0,,,,,,,,,,blueboy421,,,,420,,c1,,,
,,,,,,,,0,0,1437,,,,,,,0.8646917223646983,,,,,,,,,,,0,,,,,,,,,,bluebuscoming,,,,1436,,c1,,,
,,,,,,,,1,0,222,,,,,,,0.7890886278162589,,,,,,,,,,,0,,,,,,,,,,bluegirlbiketurn,,,,221,,c1,,,
,,,,,,,,403,2,506,,,,,,,0.10445964274303993,,,,,,,,,,,1,,,,,,,,,,bottlebetweenboy`sfeet,,,,505,,c1,,,
,,,,,,,,36,5,206,,,,,,,0.6015745641105145,,,,,,,,,,,4,,,,,,,,,,boy2basketballground,,,,205,,c1,,,
,,,,,,,,73,4,1788,,,,,,,0.6834333058651697,,,,,,,,,,,3,,,,,,,,,,boy2buildings,,,,1787,,c1,,,
,,,,,,,,1,0,203,,,,,,,0.8218828768952201,,,,,,,,,,,0,,,,,,,,,,boy2trees,,,,202,,c1,,,
,,,,,,,,160,3,1083,,,,,,,0.5937684301319431,,,,,,,,,,,3,,,,,,,,,,boy2treesfindbike,,,,1082,,c1,,,
,,,,,,,,571,1,851,,,,,,,0.23023826658867547,,,,,,,,,,,0,,,,,,,,,,boy`headwithouthat,,,,850,,c1,,,
,,,,,,,,94,4,269,,,,,,,0.40816386140448946,,,,,,,,,,,3,,,,,,,,,,boy`sheadingreycol,,,,268,,c1,,,
,,,,,,,,6,1,102,,,,,,,0.7617797442203578,,,,,,,,,,,1,,,,,,,,,,boyaftertree,,,,101,,c1,,,
,,,,,,,,809,4,2469,,,,,,,0.522059123324148,,,,,,,,,,,4,,,,,,,,,,boyaroundtrees,,,,2457,,c1,,,
,,,,,,,,52,4,494,,,,,,,0.701293242545966,,,,,,,,,,,4,,,,,,,,,,boyatdoorturnright,,,,493,,c1,,,
,,,,,,,,21,1,751,,,,,,,0.7560175741481819,,,,,,,,,,,1,,,,,,,,,,boydownplatform,,,,750,,c1,,,
,,,,,,,,0,0,285,,,,,,,0.8539434764005912,,,,,,,,,,,0,,,,,,,,,,boyfromdark,,,,283,,c1,,,
,,,,,,,,6,1,319,,,,,,,0.7819544519169708,,,,,,,,,,,1,,,,,,,,,,boyinlight,,,,318,,c1,,,
,,,,,,,,29,1,975,,,,,,,0.7001741612098685,,,,,,,,,,,1,,,,,,,,,,boyinplatform,,,,974,,c1,,,
,,,,,,,,13,1,1418,,,,,,,0.8424816667147866,,,,,,,,,,,1,,,,,,,,,,boyinsnowfield3,,,,1417,,c1,,,
,,,,,,,,134,3,426,,,,,,,0.5097908843267703,,,,,,,,,,,2,,,,,,,,,,boyleftblkrunning2crowd,,,,425,,c1,,,
,,,,,,,,156,3,4921,,,,,,,0.8227787754366258,,,,,,,,,,,2,,,,,,,,,,boylefttheNo_9boy,,,,4919,,c1,,,
,,,,,,,,0,0,310,,,,,,,0.7400018261122031,,,,,,,,,,,0,,,,,,,,,,boyoncall,,,,308,,c1,,,
,,,,,,,,21,2,436,,,,,,,0.7570744774942562,,,,,,,,,,,2,,,,,,,,,,boyplayphone,,,,434,,c1,,,
,,,,,,,,817,7,1840,,,,,,,0.3211729155040307,,,,,,,,,,,6,,,,,,,,,,boyride2path,,,,1837,,c1,,,
,,,,,,,,0,0,182,,,,,,,0.9236340061045796,,,,,,,,,,,0,,,,,,,,,,boyruninsnow,,,,181,,c1,,,
,,,,,,,,30,2,464,,,,,,,0.6922389905525365,,,,,,,,,,,2,,,,,,,,,,boyscomeleft,,,,463,,c1,,,
,,,,,,,,52,1,9684,,,,,,,0.7412788528756876,,,,,,,,,,,1,,,,,,,,,,boyshead9684,,,,9683,,c1,,,
,,,,,,,,52,6,375,,,,,,,0.5489279181455416,,,,,,,,,,,5,,,,,,,,,,boyss,,,,374,,c1,,,
,,,,,,,,533,7,1432,,,,,,,0.4889495102897764,,,,,,,,,,,6,,,,,,,,,,boytakingbasketballfollowing,,,,1431,,c1,,,
,,,,,,,,0,0,262,,,,,,,0.7457774368968318,,,,,,,,,,,0,,,,,,,,,,boytakingplate2left,,,,259,,c1,,,
,,,,,,,,499,2,613,,,,,,,0.14544577778767065,,,,,,,,,,,1,,,,,,,,,,boyunder2baskets,,,,612,,c1,,,
,,,,,,,,0,0,965,,,,,,,0.7866281328594529,,,,,,,,,,,0,,,,,,,,,,boywaitgirl,,,,964,,c1,,,
,,,,,,,,0,0,658,,,,,,,0.8679176411248147,,,,,,,,,,,0,,,,,,,,,,boywalkinginsnow2,,,,657,,c1,,,
,,,,,,,,593,38,9538,,,,,,,0.6571897320027222,,,,,,,,,,,38,,,,,,,,,,broom,,,,9531,,c1,,,
,,,,,,,,0,0,114,,,,,,,0.705699662394616,,,,,,,,,,,0,,,,,,,,,,carbehindtrees,,,,113,,c1,,,
,,,,,,,,0,0,101,,,,,,,0.8631662201358956,,,,,,,,,,,0,,,,,,,,,,carcomeonlight,,,,100,,c1,,,
,,,,,,,,216,3,391,,,,,,,0.31705706255921373,,,,,,,,,,,2,,,,,,,,,,carcomingfromlight,,,,390,,c1,,,
,,,,,,,,0,0,155,,,,,,,0.7672277411695447,,,,,,,,,,,0,,,,,,,,,,carcominginlight,,,,154,,c1,,,
,,,,,,,,0,0,70,,,,,,,0.8146335010032804,,,,,,,,,,,0,,,,,,,,,,carlight2,,,,69,,c1,,,
,,,,,,,,0,0,93,,,,,,,0.8532036025867337,,,,,,,,,,,0,,,,,,,,,,carlightcome2,,,,92,,c1,,,
,,,,,,,,0,0,86,,,,,,,0.7791630034346094,,,,,,,,,,,0,,,,,,,,,,caronlight,,,,85,,c1,,,
,,,,,,,,0,0,117,,,,,,,0.889295126997532,,,,,,,,,,,0,,,,,,,,,,carturn117,,,,116,,c1,,,
,,,,,,,,231,2,481,,,,,,,0.36780581173543225,,,,,,,,,,,1,,,,,,,,,,carwillturn,,,,480,,c1,,,
,,,,,,,,0,0,91,,,,,,,0.8827460787408563,,,,,,,,,,,0,,,,,,,,,,catbrown2,,,,90,,c1,,,
,,,,,,,,297,1,1343,,,,,,,0.6677930114214492,,,,,,,,,,,1,,,,,,,,,,catbrownback2bush,,,,1342,,c1,,,
,,,,,,,,3,0,101,,,,,,,0.6586630953116521,,,,,,,,,,,0,,,,,,,,,,couple,,,,100,,c1,,,
,,,,,,,,0,0,84,,,,,,,0.9334216573317238,,,,,,,,,,,0,,,,,,,,,,darkcarturn,,,,83,,c1,,,
,,,,,,,,0,0,613,,,,,,,0.8173989907965725,,,,,,,,,,,0,,,,,,,,,,darkgirl,,,,612,,c1,,,
,,,,,,,,89,8,749,,,,,,,0.5512910727690454,,,,,,,,,,,8,,,,,,,,,,darkouterwhiteboy,,,,748,,c1,,,
,,,,,,,,30,1,503,,,,,,,0.7093243943312901,,,,,,,,,,,1,,,,,,,,,,darktreesboy,,,,502,,c1,,,
,,,,,,,,576,1,1117,,,,,,,0.395898686431677,,,,,,,,,,,0,,,,,,,,,,drillmaster1117,,,,1116,,c1,,,
,,,,,,,,518,1,982,,,,,,,0.3633653315385945,,,,,,,,,,,1,,,,,,,,,,drillmasterfollowingatright,,,,981,,c1,,,
,,,,,,,,30,1,254,,,,,,,0.5977217871363001,,,,,,,,,,,1,,,,,,,,,,farfatboy,,,,253,,c1,,,
,,,,,,,,585,5,1160,,,,,,,0.3024720089580614,,,,,,,,,,,4,,,,,,,,,,firstexercisebook,,,,1159,,c1,,,
,,,,,,,,27,2,193,,,,,,,0.5140896822868417,,,,,,,,,,,2,,,,,,,,,,foamatgirl`srighthand,,,,192,,c1,,,
,,,,,,,,212,9,1146,,,,,,,0.6049779936261284,,,,,,,,,,,9,,,,,,,,,,foldedfolderatlefthand,,,,1145,,c1,,,
,,,,,,,,0,0,151,,,,,,,0.6392091834235849,,,,,,,,,,,0,,,,,,,,,,girl2left3man1,,,,150,,c1,,,
,,,,,,,,465,1,571,,,,,,,0.10911848399661785,,,,,,,,,,,0,,,,,,,,,,girl`sblkbag,,,,570,,c1,,,
,,,,,,,,0,0,1130,,,,,,,0.8891242378926612,,,,,,,,,,,0,,,,,,,,,,girlafterglassdoor,,,,1129,,c1,,,
,,,,,,,,279,3,1217,,,,,,,0.4773689584430596,,,,,,,,,,,3,,,,,,,,,,girldownstairfromlight,,,,1216,,c1,,,
,,,,,,,,8,1,1033,,,,,,,0.8353714955991604,,,,,,,,,,,1,,,,,,,,,,girlfromlight_quezhen,,,,1032,,c1,,,
,,,,,,,,0,0,312,,,,,,,0.8465109528281854,,,,,,,,,,,0,,,,,,,,,,girlinrain,,,,311,,c1,,,
,,,,,,,,40,6,304,,,,,,,0.63954269823629,,,,,,,,,,,6,,,,,,,,,,girllongskirt,,,,303,,c1,,,
,,,,,,,,475,10,986,,,,,,,0.3703368237203789,,,,,,,,,,,9,,,,,,,,,,girlof2leaders,,,,985,,c1,,,
,,,,,,,,74,2,308,,,,,,,0.5798215520439758,,,,,,,,,,,2,,,,,,,,,,girlrightthewautress,,,,307,,c1,,,
,,,,,,,,0,0,2858,,,,,,,0.7304171629268836,,,,,,,,,,,0,,,,,,,,,,girlunderthestreetlamp,,,,2857,,c1,,,
,,,,,,,,39,1,282,,,,,,,0.6701741132660607,,,,,,,,,,,1,,,,,,,,,,guardunderthecolumn,,,,281,,c1,,,
,,,,,,,,0,0,542,,,,,,,0.8196362042558805,,,,,,,,,,,0,,,,,,,,,,hugboy,,,,541,,c1,,,
,,,,,,,,2633,29,4317,,,,,,,0.2458731365202225,,,,,,,,,,,28,,,,,,,,,,hyalinepaperfrontface,,,,4316,,c1,,,
,,,,,,,,177,6,1475,,,,,,,0.7097809473020705,,,,,,,,,,,6,,,,,,,,,,large,,,,1474,,c1,,,
,,,,,,,,1017,2,1116,,,,,,,0.06490540733618218,,,,,,,,,,,1,,,,,,,,,,lastleftgirl,,,,1115,,c1,,,
,,,,,,,,581,14,3650,,,,,,,0.6682533519672886,,,,,,,,,,,13,,,,,,,,,,leftblkTboy,,,,3439,,c1,,,
,,,,,,,,1740,35,3991,,,,,,,0.28659355322601043,,,,,,,,,,,34,,,,,,,,,,leftbottle2hang,,,,3990,,c1,,,
,,,,,,,,145,7,1244,,,,,,,0.5810733802626471,,,,,,,,,,,6,,,,,,,,,,leftboy2jointhe4,,,,1243,,c1,,,
,,,,,,,,199,1,744,,,,,,,0.5673632546827678,,,,,,,,,,,1,,,,,,,,,,leftboyoutofthetroop,,,,743,,c1,,,
,,,,,,,,310,4,1400,,,,,,,0.6012261017690298,,,,,,,,,,,4,,,,,,,,,,leftchair,,,,1399,,c1,,,
,,,,,,,,44,3,566,,,,,,,0.5831285914470077,,,,,,,,,,,2,,,,,,,,,,lefterbike,,,,565,,c1,,,
,,,,,,,,184,4,1102,,,,,,,0.5089840299804348,,,,,,,,,,,4,,,,,,,,,,leftexcersicebookyellow,,,,1101,,c1,,,
,,,,,,,,4,1,903,,,,,,,0.707891089001164,,,,,,,,,,,1,,,,,,,,,,leftfarboycomingpicktheball,,,,902,,c1,,,
,,,,,,,,56,2,251,,,,,,,0.5889755751235609,,,,,,,,,,,1,,,,,,,,,,leftgirl'swhitebag,,,,249,,c1,,,
,,,,,,,,495,18,1905,,,,,,,0.4928148476098429,,,,,,,,,,,18,,,,,,,,,,lefthyalinepaper2rgb,,,,1904,,c1,,,
,,,,,,,,406,12,1802,,,,,,,0.5775132314476924,,,,,,,,,,,12,,,,,,,,,,lefthyalinepaperfrontpants,,,,1801,,c1,,,
,,,,,,,,313,23,1879,,,,,,,0.6897501782623292,,,,,,,,,,,23,,,,,,,,,,leftmirror,,,,1878,,c1,,,
,,,,,,,,482,14,2265,,,,,,,0.5400147363179326,,,,,,,,,,,14,,,,,,,,,,leftmirrorlikesky,,,,2264,,c1,,,
,,,,,,,,627,11,1732,,,,,,,0.4563892527323123,,,,,,,,,,,10,,,,,,,,,,leftmirrorside,,,,1731,,c1,,,
,,,,,,,,14,1,170,,,,,,,0.4856537741326572,,,,,,,,,,,0,,,,,,,,,,leftopenexersicebook,,,,167,,c1,,,
,,,,,,,,58,1,66,,,,,,,0.07018994305803021,,,,,,,,,,,0,,,,,,,,,,leftpingpongball,,,,65,,c1,,,
,,,,,,,,13,1,148,,,,,,,0.7280061958550318,,,,,,,,,,,1,,,,,,,,,,leftrushingboy,,,,147,,c1,,,
,,,,,,,,732,3,986,,,,,,,0.1928817400607492,,,,,,,,,,,2,,,,,,,,,,leftunderbasket,,,,985,,c1,,,
,,,,,,,,141,2,1981,,,,,,,0.7322626528017486,,,,,,,,,,,2,,,,,,,,,,leftuphand,,,,1980,,c1,,,
,,,,,,,,0,0,1676,,,,,,,0.774116463349309,,,,,,,,,,,0,,,,,,,,,,littelbabycryingforahug,,,,1675,,c1,,,
,,,,,,,,3,1,33,,,,,,,0.722722096444076,,,,,,,,,,,1,,,,,,,,,,lowerfoamboard,,,,31,,c1,,,
,,,,,,,,16,1,1096,,,,,,,0.8184705567030026,,,,,,,,,,,0,,,,,,,,,,mandownstair,,,,1095,,c1,,,
,,,,,,,,0,0,408,,,,,,,0.8357644205256448,,,,,,,,,,,0,,,,,,,,,,manfromtoilet,,,,407,,c1,,,
,,,,,,,,40,1,254,,,,,,,0.6508410123326152,,,,,,,,,,,1,,,,,,,,,,mangetsoff,,,,253,,c1,,,
,,,,,,,,93,3,521,,,,,,,0.6309487976038368,,,,,,,,,,,3,,,,,,,,,,manoncall,,,,520,,c1,,,
,,,,,,,,12,1,273,,,,,,,0.8048446681363224,,,,,,,,,,,1,,,,,,,,,,mansimiliar,,,,272,,c1,,,
,,,,,,,,0,0,123,,,,,,,0.8203055185411965,,,,,,,,,,,0,,,,,,,,,,mantostartcar,,,,122,,c1,,,
,,,,,,,,0,0,353,,,,,,,0.7944867737183369,,,,,,,,,,,0,,,,,,,,,,midblkgirl,,,,352,,c1,,,
,,,,,,,,1237,18,7258,,,,,,,0.6576795802962291,,,,,,,,,,,18,,,,,,,,,,midboyNo_9,,,,7257,,c1,,,
,,,,,,,,182,2,664,,,,,,,0.563797753504457,,,,,,,,,,,1,,,,,,,,,,middrillmaster,,,,663,,c1,,,
,,,,,,,,737,12,3226,,,,,,,0.540845019501084,,,,,,,,,,,11,,,,,,,,,,midgreyboyrunningcoming,,,,3225,,c1,,,
,,,,,,,,85,1,439,,,,,,,0.6237758460248989,,,,,,,,,,,0,,,,,,,,,,midof3girls,,,,438,,c1,,,
,,,,,,,,2180,17,7309,,,,,,,0.5549400473056084,,,,,,,,,,,17,,,,,,,,,,midredboy,,,,7293,,c1,,,
,,,,,,,,202,2,442,,,,,,,0.3769836283096607,,,,,,,,,,,1,,,,,,,,,,midrunboywithwhite,,,,441,,c1,,,
,,,,,,,,0,0,78,,,,,,,0.8576693878996806,,,,,,,,,,,0,,,,,,,,,,minibus,,,,77,,c1,,,
,,,,,,,,37,1,214,,,,,,,0.668696007568529,,,,,,,,,,,0,,,,,,,,,,minibusgoes2left,,,,213,,c1,,,
,,,,,,,,0,0,254,,,,,,,0.8696196502099396,,,,,,,,,,,0,,,,,,,,,,moto,,,,253,,c1,,,
,,,,,,,,0,0,84,,,,,,,0.7480230496362282,,,,,,,,,,,0,,,,,,,,,,motocomeonlight,,,,83,,c1,,,
,,,,,,,,0,0,127,,,,,,,0.8074402079080787,,,,,,,,,,,0,,,,,,,,,,motogoesaloongS,,,,126,,c1,,,
,,,,,,,,40,2,306,,,,,,,0.5594636621414688,,,,,,,,,,,1,,,,,,,,,,mototaking2boys306,,,,305,,c1,,,
,,,,,,,,0,0,122,,,,,,,0.8284147529915059,,,,,,,,,,,0,,,,,,,,,,mototurneast,,,,121,,c1,,,
,,,,,,,,0,0,95,,,,,,,0.7768461473348535,,,,,,,,,,,0,,,,,,,,,,motowithbluetop,,,,94,,c1,,,
,,,,,,,,12,2,808,,,,,,,0.8182694530290846,,,,,,,,,,,2,,,,,,,,,,pingpingpad3,,,,807,,c1,,,
,,,,,,,,198,7,1270,,,,,,,0.6615268404317828,,,,,,,,,,,6,,,,,,,,,,pinkwithblktopcup,,,,1269,,c1,,,
,,,,,,,,0,0,334,,,,,,,0.835710496603667,,,,,,,,,,,0,,,,,,,,,,raincarturn,,,,333,,c1,,,
,,,,,,,,0,0,157,,,,,,,0.8405659303588897,,,,,,,,,,,0,,,,,,,,,,rainycarcome_ab,,,,156,,c1,,,
,,,,,,,,5,1,150,,,,,,,0.7348941221583654,,,,,,,,,,,1,,,,,,,,,,redboygoright,,,,149,,c1,,,
,,,,,,,,0,0,262,,,,,,,0.8690508531617742,,,,,,,,,,,0,,,,,,,,,,redcarcominginlight,,,,261,,c1,,,
,,,,,,,,0,0,104,,,,,,,0.7037199871774822,,,,,,,,,,,0,,,,,,,,,,redetricycle,,,,103,,c1,,,
,,,,,,,,11,1,662,,,,,,,0.6937085461584012,,,,,,,,,,,1,,,,,,,,,,redmidboy,,,,661,,c1,,,
,,,,,,,,267,8,730,,,,,,,0.5223195746500928,,,,,,,,,,,7,,,,,,,,,,redroadlatboy,,,,729,,c1,,,
,,,,,,,,0,0,168,,,,,,,0.6902416920861179,,,,,,,,,,,0,,,,,,,,,,redtricycle,,,,167,,c1,,,
,,,,,,,,1045,7,1750,,,,,,,0.28615190243791017,,,,,,,,,,,6,,,,,,,,,,right2ndflagformath,,,,1749,,c1,,,
,,,,,,,,416,7,1916,,,,,,,0.5517012133075846,,,,,,,,,,,7,,,,,,,,,,right5thflag,,,,1898,,c1,,,
,,,,,,,,7,1,225,,,,,,,0.7678989470750404,,,,,,,,,,,1,,,,,,,,,,rightbike,,,,224,,c1,,,
,,,,,,,,0,0,416,,,,,,,0.746579276675696,,,,,,,,,,,0,,,,,,,,,,rightbike-gai,,,,415,,c1,,,
,,,,,,,,889,7,4386,,,,,,,0.6560817947208588,,,,,,,,,,,7,,,,,,,,,,rightblkboy4386,,,,4385,,c1,,,
,,,,,,,,0,0,279,,,,,,,0.7565872673538417,,,,,,,,,,,0,,,,,,,,,,rightblkboystand,,,,277,,c1,,,
,,,,,,,,0,0,386,,,,,,,0.79640901458569,,,,,,,,,,,0,,,,,,,,,,rightblkfatboyleftwhite,,,,385,,c1,,,
,,,,,,,,0,0,353,,,,,,,0.6927898808460778,,,,,,,,,,,0,,,,,,,,,,rightbluewhite,,,,352,,c1,,,
,,,,,,,,599,24,1388,,,,,,,0.3225708455740591,,,,,,,,,,,23,,,,,,,,,,rightbottlecomes,,,,1387,,c1,,,
,,,,,,,,5,1,504,,,,,,,0.7561045276983155,,,,,,,,,,,1,,,,,,,,,,rightboy504,,,,503,,c1,,,
,,,,,,,,424,1,1050,,,,,,,0.4937757247828447,,,,,,,,,,,0,,,,,,,,,,rightcameraman,,,,1049,,c1,,,
,,,,,,,,440,2,561,,,,,,,0.12397531310570838,,,,,,,,,,,1,,,,,,,,,,rightcar-chongT,,,,560,,c1,,,
,,,,,,,,348,2,604,,,,,,,0.32042736569295777,,,,,,,,,,,1,,,,,,,,,,rightcomingstrongboy,,,,603,,c1,,,
,,,,,,,,106,3,1133,,,,,,,0.6484323636542966,,,,,,,,,,,2,,,,,,,,,,rightdarksingleman,,,,1132,,c1,,,
,,,,,,,,606,3,668,,,,,,,0.06518180622943802,,,,,,,,,,,2,,,,,,,,,,rightgirltakingcup,,,,667,,c1,,,
,,,,,,,,46,2,308,,,,,,,0.6239673993884273,,,,,,,,,,,2,,,,,,,,,,rightwaiter1_quezhen,,,,307,,c1,,,
,,,,,,,,204,3,386,,,,,,,0.3503056752187848,,,,,,,,,,,2,,,,,,,,,,runningcameragirl,,,,385,,c1,,,
,,,,,,,,296,3,832,,,,,,,0.3255445002203414,,,,,,,,,,,2,,,,,,,,,,shinybikeboy2left,,,,831,,c1,,,
,,,,,,,,41,1,359,,,,,,,0.6192914715872597,,,,,,,,,,,0,,,,,,,,,,shinycarcoming,,,,358,,c1,,,
,,,,,,,,49,2,602,,,,,,,0.6337542111896161,,,,,,,,,,,1,,,,,,,,,,shinycarcoming2,,,,601,,c1,,,
,,,,,,,,0,0,201,,,,,,,0.9320136892184558,,,,,,,,,,,0,,,,,,,,,,silvercarturn,,,,200,,c1,,,
,,,,,,,,8,1,662,,,,,,,0.8267744557447286,,,,,,,,,,,1,,,,,,,,,,small-gai,,,,661,,c1,,,
,,,,,,,,0,0,683,,,,,,,0.8292439425863936,,,,,,,,,,,0,,,,,,,,,,standblkboy,,,,682,,c1,,,
,,,,,,,,0,0,664,,,,,,,0.7523879881364323,,,,,,,,,,,0,,,,,,,,,,swan_0109,,,,663,,c1,,,
,,,,,,,,2,0,152,,,,,,,0.5933679078490184,,,,,,,,,,,0,,,,,,,,,,truckgonorth,,,,151,,c1,,,
,,,,,,,,299,25,1171,,,,,,,0.5572153021022184,,,,,,,,,,,24,,,,,,,,,,turning1strowleft2ndboy,,,,1170,,c1,,,
,,,,,,,,0,0,192,,,,,,,0.8713380098433158,,,,,,,,,,,0,,,,,,,,,,umbreboyoncall,,,,191,,c1,,,
,,,,,,,,83,4,319,,,,,,,0.5260351897105878,,,,,,,,,,,4,,,,,,,,,,umbrella,,,,318,,c1,,,
,,,,,,,,4,0,475,,,,,,,0.7538129833065392,,,,,,,,,,,0,,,,,,,,,,umbrellabyboy,,,,474,,c1,,,
,,,,,,,,49,2,566,,,,,,,0.6638597216641733,,,,,,,,,,,2,,,,,,,,,,umbrellawillbefold,,,,565,,c1,,,
,,,,,,,,11,1,490,,,,,,,0.7987223811681441,,,,,,,,,,,1,,,,,,,,,,umbrellawillopen,,,,489,,c1,,,
,,,,,,,,0,0,680,,,,,,,0.7778174889466202,,,,,,,,,,,0,,,,,,,,,,waitresscoming,,,,679,,c1,,,
,,,,,,,,48,2,566,,,,,,,0.6484070629721039,,,,,,,,,,,1,,,,,,,,,,whitebikebelow,,,,565,,c1,,,
,,,,,,,,7,1,691,,,,,,,0.823064531892121,,,,,,,,,,,1,,,,,,,,,,whiteboyrightcoccergoal,,,,690,,c1,,,
,,,,,,,,0,0,84,,,,,,,0.8894820999030274,,,,,,,,,,,0,,,,,,,,,,whitecarcomeinrain,,,,83,,c1,,,
,,,,,,,,155,2,683,,,,,,,0.6573793124834004,,,,,,,,,,,2,,,,,,,,,,whitecarturn683,,,,682,,c1,,,
,,,,,,,,0,0,57,,,,,,,0.8752487982167694,,,,,,,,,,,0,,,,,,,,,,whitecarturnleft,,,,56,,c1,,,
,,,,,,,,0,0,103,,,,,,,0.7806736250034533,,,,,,,,,,,0,,,,,,,,,,whitecarturnright,,,,102,,c1,,,
,,,,,,,,4,1,67,,,,,,,0.6730675190979168,,,,,,,,,,,0,,,,,,,,,,whitefardown,,,,66,,c1,,,
,,,,,,,,18,2,155,,,,,,,0.6056634074735737,,,,,,,,,,,1,,,,,,,,,,whitefargirl,,,,154,,c1,,,
,,,,,,,,11,1,589,,,,,,,0.7692732128613594,,,,,,,,,,,1,,,,,,,,,,whitegirlinlight,,,,588,,c1,,,
,,,,,,,,369,1,549,,,,,,,0.23147718103810852,,,,,,,,,,,0,,,,,,,,,,whitegirltakingchopsticks,,,,548,,c1,,,
,,,,,,,,46,4,203,,,,,,,0.6211505816745172,,,,,,,,,,,4,,,,,,,,,,whiteofboys,,,,202,,c1,,,
,,,,,,,,343,1,425,,,,,,,0.1555260656197015,,,,,,,,,,,0,,,,,,,,,,whiteridingbike,,,,424,,c1,,,
,,,,,,,,42,3,346,,,,,,,0.712800089726801,,,,,,,,,,,2,,,,,,,,,,whiterunningboy,,,,345,,c1,,,
,,,,,,,,233,10,818,,,,,,,0.5439392663269568,,,,,,,,,,,9,,,,,,,,,,whiteskirtgirlcomingfromgoal,,,,817,,c1,,,
,,,,,,,,0,0,137,,,,,,,0.8759422238857344,,,,,,,,,,,0,,,,,,,,,,whitesuvturn,,,,136,,c1,,,
,,,,,,,,0,0,95,,,,,,,0.8207127946848252,,,,,,,,,,,0,,,,,,,,,,womanback2car,,,,94,,c1,,,
,,,,,,,,28,1,118,,,,,,,0.4845299321834225,,,,,,,,,,,0,,,,,,,,,,yellowgirl118,,,,117,,c1,,,
,,,,,,,,0,0,361,,,,,,,0.8321726337676107,,,,,,,,,,,0,,,,,,,,,,yellowskirt,,,,360,,c1,,,
,,,,,,,,0,0,304,,,,,,,0.81183270252665,,,,,,,,,,,0,,,,,,,,,,10runone,,,,303,,old4,,,
,,,,,,,,18,1,152,,,,,,,0.7476596712094363,,,,,,,,,,,1,,,,,,,,,,11leftboy,,,,151,,old4,,,
,,,,,,,,3,1,295,,,,,,,0.790965565935429,,,,,,,,,,,0,,,,,,,,,,11runtwo,,,,294,,old4,,,
,,,,,,,,0,0,851,,,,,,,0.8423212791833219,,,,,,,,,,,0,,,,,,,,,,1blackteacher,,,,850,,old4,,,
,,,,,,,,0,0,174,,,,,,,0.7875375112062143,,,,,,,,,,,0,,,,,,,,,,1boycoming,,,,173,,old4,,,
,,,,,,,,2995,6,3377,,,,,,,0.06130505925727267,,,,,,,,,,,5,,,,,,,,,,1stcol4thboy,,,,3376,,old4,,,
,,,,,,,,699,1,732,,,,,,,0.03593739961449364,,,,,,,,,,,0,,,,,,,,,,1strowleftboyturning,,,,731,,old4,,,
,,,,,,,,224,3,3817,,,,,,,0.6315654539346777,,,,,,,,,,,2,,,,,,,,,,1strowrightdrillmaster,,,,3816,,old4,,,
,,,,,,,,1538,39,3540,,,,,,,0.3982180444772536,,,,,,,,,,,38,,,,,,,,,,1strowrightgirl3540,,,,3539,,old4,,,
,,,,,,,,2,0,222,,,,,,,0.758098524485867,,,,,,,,,,,0,,,,,,,,,,2girl,,,,221,,old4,,,
,,,,,,,,215,1,238,,,,,,,0.059674865136442504,,,,,,,,,,,0,,,,,,,,,,2girlup,,,,236,,old4,,,
,,,,,,,,0,0,270,,,,,,,0.8197828281715794,,,,,,,,,,,0,,,,,,,,,,2runseven,,,,269,,old4,,,
,,,,,,,,0,0,117,,,,,,,0.7192057728125567,,,,,,,,,,,0,,,,,,,,,,3bike1,,,,116,,old4,,,
,,,,,,,,0,0,181,,,,,,,0.7701829655591593,,,,,,,,,,,0,,,,,,,,,,3men,,,,180,,old4,,,
,,,,,,,,1,0,234,,,,,,,0.7966951355586509,,,,,,,,,,,0,,,,,,,,,,3pinkleft,,,,227,,old4,,,
,,,,,,,,4,1,331,,,,,,,0.8065126681173338,,,,,,,,,,,1,,,,,,,,,,3rdfatboy,,,,330,,old4,,,
,,,,,,,,223,3,832,,,,,,,0.5195896937361328,,,,,,,,,,,2,,,,,,,,,,3rdgrouplastboy,,,,831,,old4,,,
,,,,,,,,0,0,104,,,,,,,0.8299086679761785,,,,,,,,,,,0,,,,,,,,,,3thmoto,,,,103,,old4,,,
,,,,,,,,0,0,414,,,,,,,0.7520635423973959,,,,,,,,,,,0,,,,,,,,,,4men,,,,413,,old4,,,
,,,,,,,,57,4,315,,,,,,,0.6854504135923347,,,,,,,,,,,4,,,,,,,,,,4thboywithwhite,,,,314,,old4,,,
,,,,,,,,269,2,487,,,,,,,0.3569840004789563,,,,,,,,,,,1,,,,,,,,,,7rightorangegirl,,,,486,,old4,,,
,,,,,,,,87,1,372,,,,,,,0.519810160705496,,,,,,,,,,,1,,,,,,,,,,AQgirlwalkinrain,,,,371,,old4,,,
,,,,,,,,0,0,95,,,,,,,0.8377875832504317,,,,,,,,,,,0,,,,,,,,,,AQtruck2north,,,,94,,old4,,,
,,,,,,,,5,1,353,,,,,,,0.8288186920121337,,,,,,,,,,,1,,,,,,,,,,ab_bikeoccluded,,,,312,,old4,,,
,,,,,,,,111,1,488,,,,,,,0.6333292654489641,,,,,,,,,,,1,,,,,,,,,,ab_blkskirtgirl,,,,487,,old4,,,
,,,,,,,,334,17,3247,,,,,,,0.5925471766856137,,,,,,,,,,,17,,,,,,,,,,ab_bolstershaking,,,,3246,,old4,,,
,,,,,,,,0,0,696,,,,,,,0.7827914914527204,,,,,,,,,,,0,,,,,,,,,,ab_girlchoosesbike,,,,695,,old4,,,
,,,,,,,,31,2,388,,,,,,,0.7075068393839526,,,,,,,,,,,2,,,,,,,,,,ab_girlcrossroad,,,,355,,old4,,,
,,,,,,,,176,1,194,,,,,,,0.051531634301580045,,,,,,,,,,,0,,,,,,,,,,ab_pingpongball2,,,,193,,old4,,,
,,,,,,,,788,20,1806,,,,,,,0.30876616035304943,,,,,,,,,,,20,,,,,,,,,,ab_rightlowerredcup_quezhen,,,,1805,,old4,,,
,,,,,,,,322,2,518,,,,,,,0.28138963783241644,,,,,,,,,,,1,,,,,,,,,,ab_whiteboywithbluebag,,,,507,,old4,,,
,,,,,,,,153,9,1411,,,,,,,0.7209167589117929,,,,,,,,,,,9,,,,,,,,,,advancedredcup,,,,1410,,old4,,,
,,,,,,,,0,0,111,,,,,,,0.7171091818400142,,,,,,,,,,,0,,,,,,,,,,baggirl,,,,110,,old4,,,
,,,,,,,,260,13,1505,,,,,,,0.5591936908981767,,,,,,,,,,,12,,,,,,,,,,ballshootatthebasket3times,,,,1489,,old4,,,
,,,,,,,,469,11,849,,,,,,,0.2408210072600042,,,,,,,,,,,11,,,,,,,,,,basketball849,,,,743,,old4,,,
,,,,,,,,33,2,64,,,,,,,0.2805038261371586,,,,,,,,,,,1,,,,,,,,,,basketballathand,,,,63,,old4,,,
,,,,,,,,0,0,85,,,,,,,0.6782983437330263,,,,,,,,,,,0,,,,,,,,,,basketboy,,,,84,,old4,,,
,,,,,,,,0,0,280,,,,,,,0.8035534503219441,,,,,,,,,,,0,,,,,,,,,,bawgirl,,,,279,,old4,,,
,,,,,,,,1,0,199,,,,,,,0.7402450750783335,,,,,,,,,,,0,,,,,,,,,,belowdarkgirl,,,,198,,old4,,,
,,,,,,,,22,1,1223,,,,,,,0.6799818342331039,,,,,,,,,,,1,,,,,,,,,,besom3,,,,1222,,old4,,,
,,,,,,,,1,0,651,,,,,,,0.8231917827977496,,,,,,,,,,,0,,,,,,,,,,bike,,,,650,,old4,,,
,,,,,,,,6,1,257,,,,,,,0.8174098435068036,,,,,,,,,,,1,,,,,,,,,,bike2left,,,,256,,old4,,,
,,,,,,,,3,0,146,,,,,,,0.7236787592296247,,,,,,,,,,,0,,,,,,,,,,bike2trees,,,,145,,old4,,,
,,,,,,,,0,0,113,,,,,,,0.8100092467398403,,,,,,,,,,,0,,,,,,,,,,bikeboy,,,,112,,old4,,,
,,,,,,,,572,2,826,,,,,,,0.21555588320662417,,,,,,,,,,,1,,,,,,,,,,bikeboyintodark,,,,825,,old4,,,
,,,,,,,,0,0,467,,,,,,,0.7102572028132751,,,,,,,,,,,0,,,,,,,,,,bikeboyright,,,,466,,old4,,,
,,,,,,,,0,0,155,,,,,,,0.6019363649819991,,,,,,,,,,,0,,,,,,,,,,bikeboyturn,,,,154,,old4,,,
,,,,,,,,0,0,243,,,,,,,0.9256960332072024,,,,,,,,,,,0,,,,,,,,,,bikeboyturntimes,,,,242,,old4,,,
,,,,,,,,0,0,220,,,,,,,0.8550736726369457,,,,,,,,,,,0,,,,,,,,,,bikeboywithumbrella,,,,219,,old4,,,
,,,,,,,,0,0,172,,,,,,,0.7449194924735071,,,,,,,,,,,0,,,,,,,,,,bikefromlight,,,,171,,old4,,,
,,,,,,,,132,2,284,,,,,,,0.3283838105731115,,,,,,,,,,,1,,,,,,,,,,bikegoindark,,,,283,,old4,,,
,,,,,,,,0,0,140,,,,,,,0.7595582855933953,,,,,,,,,,,0,,,,,,,,,,bikeinrain,,,,139,,old4,,,
,,,,,,,,118,1,131,,,,,,,0.05224076399922772,,,,,,,,,,,0,,,,,,,,,,biketurnright,,,,130,,old4,,,
,,,,,,,,0,0,432,,,,,,,0.8666145152638963,,,,,,,,,,,0,,,,,,,,,,blackboy,,,,431,,old4,,,
,,,,,,,,0,0,295,,,,,,,0.8897825978178677,,,,,,,,,,,0,,,,,,,,,,blackboyoncall,,,,294,,old4,,,
,,,,,,,,0,0,126,,,,,,,0.7595815518696178,,,,,,,,,,,0,,,,,,,,,,blackcarturn,,,,125,,old4,,,
,,,,,,,,1,0,62,,,,,,,0.7510337659407677,,,,,,,,,,,0,,,,,,,,,,blackdown,,,,61,,old4,,,
,,,,,,,,1,0,217,,,,,,,0.7572893215704184,,,,,,,,,,,0,,,,,,,,,,blackgirl,,,,216,,old4,,,
,,,,,,,,1098,28,12862,,,,,,,0.7119782681923883,,,,,,,,,,,28,,,,,,,,,,blkboy`shead,,,,12861,,old4,,,
,,,,,,,,0,0,171,,,,,,,0.7808788505685929,,,,,,,,,,,0,,,,,,,,,,blkboyback,,,,170,,old4,,,
,,,,,,,,11,2,302,,,,,,,0.723492665676114,,,,,,,,,,,2,,,,,,,,,,blkboybetweenredandwhite,,,,301,,old4,,,
,,,,,,,,3,0,82,,,,,,,0.6987629028953828,,,,,,,,,,,0,,,,,,,,,,blkboydown,,,,81,,old4,,,
,,,,,,,,348,3,556,,,,,,,0.2915467357351283,,,,,,,,,,,2,,,,,,,,,,blkboyhead,,,,555,,old4,,,
,,,,,,,,2936,36,6983,,,,,,,0.41749299962236214,,,,,,,,,,,35,,,,,,,,,,blkboylefttheNo_21,,,,6930,,old4,,,
,,,,,,,,810,3,1436,,,,,,,0.3440500064781099,,,,,,,,,,,2,,,,,,,,,,blkboystand,,,,1435,,old4,,,
,,,,,,,,0,0,340,,,,,,,0.8644149916362858,,,,,,,,,,,0,,,,,,,,,,blkboytakesumbrella,,,,339,,old4,,,
,,,,,,,,322,3,764,,,,,,,0.36977233105623764,,,,,,,,,,,2,,,,,,,,,,blkcaratfrontbluebus,,,,763,,old4,,,
,,,,,,,,0,0,342,,,,,,,0.7470004556913004,,,,,,,,,,,0,,,,,,,,,,blkgirlumbrella,,,,341,,old4,,,
,,,,,,,,59,4,564,,,,,,,0.648866951786882,,,,,,,,,,,3,,,,,,,,,,blkhairgirltakingblkbag,,,,563,,old4,,,
,,,,,,,,17,1,187,,,,,,,0.7196088534769104,,,,,,,,,,,1,,,,,,,,,,blkmoto2north,,,,186,,old4,,,
,,,,,,,,0,0,190,,,,,,,0.8153190860425681,,,,,,,,,,,0,,,,,,,,,,blkstandboy,,,,189,,old4,,,
,,,,,,,,0,0,142,,,,,,,0.8585839382760446,,,,,,,,,,,0,,,,,,,,,,blktribikecome,,,,141,,old4,,,
,,,,,,,,0,0,330,,,,,,,0.8404003318828225,,,,,,,,,,,0,,,,,,,,,,blueboy,,,,329,,old4,,,
,,,,,,,,1,0,421,,,,,,,0.7790993938917665,,,,,,,,,,,0,,,,,,,,,,blueboy421,,,,420,,old4,,,
,,,,,,,,0,0,1437,,,,,,,0.8646917223646983,,,,,,,,,,,0,,,,,,,,,,bluebuscoming,,,,1436,,old4,,,
,,,,,,,,6,1,222,,,,,,,0.7698710559341722,,,,,,,,,,,1,,,,,,,,,,bluegirlbiketurn,,,,221,,old4,,,
,,,,,,,,404,2,506,,,,,,,0.10464248428108873,,,,,,,,,,,1,,,,,,,,,,bottlebetweenboy`sfeet,,,,505,,old4,,,
,,,,,,,,55,5,206,,,,,,,0.5329048521838058,,,,,,,,,,,4,,,,,,,,,,boy2basketballground,,,,205,,old4,,,
,,,,,,,,90,4,1788,,,,,,,0.6789783920649689,,,,,,,,,,,3,,,,,,,,,,boy2buildings,,,,1787,,old4,,,
,,,,,,,,1,0,203,,,,,,,0.8218828768952201,,,,,,,,,,,0,,,,,,,,,,boy2trees,,,,202,,old4,,,
,,,,,,,,160,3,1083,,,,,,,0.5937684301319431,,,,,,,,,,,3,,,,,,,,,,boy2treesfindbike,,,,1082,,old4,,,
,,,,,,,,331,7,851,,,,,,,0.43230084674931746,,,,,,,,,,,6,,,,,,,,,,boy`headwithouthat,,,,850,,old4,,,
,,,,,,,,111,3,269,,,,,,,0.36315146659202985,,,,,,,,,,,2,,,,,,,,,,boy`sheadingreycol,,,,268,,old4,,,
,,,,,,,,6,1,102,,,,,,,0.7617797442203578,,,,,,,,,,,1,,,,,,,,,,boyaftertree,,,,101,,old4,,,
,,,,,,,,812,4,2469,,,,,,,0.5208884950771312,,,,,,,,,,,4,,,,,,,,,,boyaroundtrees,,,,2457,,old4,,,
,,,,,,,,52,4,494,,,,,,,0.701293242545966,,,,,,,,,,,4,,,,,,,,,,boyatdoorturnright,,,,493,,old4,,,
,,,,,,,,21,1,751,,,,,,,0.7560175741481819,,,,,,,,,,,1,,,,,,,,,,boydownplatform,,,,750,,old4,,,
,,,,,,,,0,0,285,,,,,,,0.8256053016934563,,,,,,,,,,,0,,,,,,,,,,boyfromdark,,,,283,,old4,,,
,,,,,,,,12,2,319,,,,,,,0.7735621280994743,,,,,,,,,,,2,,,,,,,,,,boyinlight,,,,318,,old4,,,
,,,,,,,,31,2,975,,,,,,,0.6975014467204382,,,,,,,,,,,2,,,,,,,,,,boyinplatform,,,,974,,old4,,,
,,,,,,,,13,1,1418,,,,,,,0.8424816667147866,,,,,,,,,,,1,,,,,,,,,,boyinsnowfield3,,,,1417,,old4,,,
,,,,,,,,82,3,426,,,,,,,0.5972732100483781,,,,,,,,,,,2,,,,,,,,,,boyleftblkrunning2crowd,,,,425,,old4,,,
,,,,,,,,156,3,4921,,,,,,,0.8227544613039557,,,,,,,,,,,2,,,,,,,,,,boylefttheNo_9boy,,,,4919,,old4,,,
,,,,,,,,0,0,310,,,,,,,0.7400018261122031,,,,,,,,,,,0,,,,,,,,,,boyoncall,,,,308,,old4,,,
,,,,,,,,14,3,436,,,,,,,0.7686850334051761,,,,,,,,,,,3,,,,,,,,,,boyplayphone,,,,434,,old4,,,
,,,,,,,,800,7,1840,,,,,,,0.3248308840528272,,,,,,,,,,,6,,,,,,,,,,boyride2path,,,,1837,,old4,,,
,,,,,,,,0,0,182,,,,,,,0.9236340061045796,,,,,,,,,,,0,,,,,,,,,,boyruninsnow,,,,181,,old4,,,
,,,,,,,,30,2,464,,,,,,,0.6927414839657238,,,,,,,,,,,2,,,,,,,,,,boyscomeleft,,,,463,,old4,,,
,,,,,,,,22,2,9684,,,,,,,0.7441836993202874,,,,,,,,,,,2,,,,,,,,,,boyshead9684,,,,9683,,old4,,,
,,,,,,,,52,6,375,,,,,,,0.5489279181455416,,,,,,,,,,,5,,,,,,,,,,boyss,,,,374,,old4,,,
,,,,,,,,531,5,1432,,,,,,,0.4862052390734928,,,,,,,,,,,4,,,,,,,,,,boytakingbasketballfollowing,,,,1431,,old4,,,
,,,,,,,,0,0,262,,,,,,,0.7457774368968318,,,,,,,,,,,0,,,,,,,,,,boytakingplate2left,,,,259,,old4,,,
,,,,,,,,499,2,613,,,,,,,0.14544577778767065,,,,,,,,,,,1,,,,,,,,,,boyunder2baskets,,,,612,,old4,,,
,,,,,,,,0,0,965,,,,,,,0.7864792746668687,,,,,,,,,,,0,,,,,,,,,,boywaitgirl,,,,964,,old4,,,
,,,,,,,,0,0,658,,,,,,,0.8679176411248147,,,,,,,,,,,0,,,,,,,,,,boywalkinginsnow2,,,,657,,old4,,,
,,,,,,,,595,39,9538,,,,,,,0.6572798507229145,,,,,,,,,,,39,,,,,,,,,,broom,,,,9531,,old4,,,
,,,,,,,,0,0,114,,,,,,,0.705699662394616,,,,,,,,,,,0,,,,,,,,,,carbehindtrees,,,,113,,old4,,,
,,,,,,,,0,0,101,,,,,,,0.8631662201358956,,,,,,,,,,,0,,,,,,,,,,carcomeonlight,,,,100,,old4,,,
,,,,,,,,242,2,391,,,,,,,0.2845688675793641,,,,,,,,,,,1,,,,,,,,,,carcomingfromlight,,,,390,,old4,,,
,,,,,,,,0,0,155,,,,,,,0.7672277411695447,,,,,,,,,,,0,,,,,,,,,,carcominginlight,,,,154,,old4,,,
,,,,,,,,0,0,70,,,,,,,0.8146335010032804,,,,,,,,,,,0,,,,,,,,,,carlight2,,,,69,,old4,,,
,,,,,,,,0,0,93,,,,,,,0.8532036025867337,,,,,,,,,,,0,,,,,,,,,,carlightcome2,,,,92,,old4,,,
,,,,,,,,0,0,86,,,,,,,0.7791630034346094,,,,,,,,,,,0,,,,,,,,,,caronlight,,,,85,,old4,,,
,,,,,,,,0,0,117,,,,,,,0.889295126997532,,,,,,,,,,,0,,,,,,,,,,carturn117,,,,116,,old4,,,
,,,,,,,,236,2,481,,,,,,,0.3689206430920617,,,,,,,,,,,1,,,,,,,,,,carwillturn,,,,480,,old4,,,
,,,,,,,,0,0,91,,,,,,,0.8827460787408563,,,,,,,,,,,0,,,,,,,,,,catbrown2,,,,90,,old4,,,
,,,,,,,,297,1,1343,,,,,,,0.6677930114214492,,,,,,,,,,,1,,,,,,,,,,catbrownback2bush,,,,1342,,old4,,,
,,,,,,,,38,1,101,,,,,,,0.45165455384998326,,,,,,,,,,,0,,,,,,,,,,couple,,,,100,,old4,,,
,,,,,,,,0,0,84,,,,,,,0.9334216573317238,,,,,,,,,,,0,,,,,,,,,,darkcarturn,,,,83,,old4,,,
,,,,,,,,0,0,613,,,,,,,0.8164529542898423,,,,,,,,,,,0,,,,,,,,,,darkgirl,,,,612,,old4,,,
,,,,,,,,89,8,749,,,,,,,0.5512910727690454,,,,,,,,,,,8,,,,,,,,,,darkouterwhiteboy,,,,748,,old4,,,
,,,,,,,,30,1,503,,,,,,,0.7093243943312901,,,,,,,,,,,1,,,,,,,,,,darktreesboy,,,,502,,old4,,,
,,,,,,,,576,1,1117,,,,,,,0.3956651593420382,,,,,,,,,,,0,,,,,,,,,,drillmaster1117,,,,1116,,old4,,,
,,,,,,,,481,1,982,,,,,,,0.3875826879123541,,,,,,,,,,,1,,,,,,,,,,drillmasterfollowingatright,,,,981,,old4,,,
,,,,,,,,30,1,254,,,,,,,0.5977217871363001,,,,,,,,,,,1,,,,,,,,,,farfatboy,,,,253,,old4,,,
,,,,,,,,585,5,1160,,,,,,,0.3024720089580614,,,,,,,,,,,4,,,,,,,,,,firstexercisebook,,,,1159,,old4,,,
,,,,,,,,27,2,193,,,,,,,0.5140896822868417,,,,,,,,,,,2,,,,,,,,,,foamatgirl`srighthand,,,,192,,old4,,,
,,,,,,,,209,9,1146,,,,,,,0.6068913681368049,,,,,,,,,,,9,,,,,,,,,,foldedfolderatlefthand,,,,1145,,old4,,,
,,,,,,,,0,0,151,,,,,,,0.6392091834235849,,,,,,,,,,,0,,,,,,,,,,girl2left3man1,,,,150,,old4,,,
,,,,,,,,465,1,571,,,,,,,0.10911848399661785,,,,,,,,,,,0,,,,,,,,,,girl`sblkbag,,,,570,,old4,,,
,,,,,,,,0,0,1130,,,,,,,0.8889650247749551,,,,,,,,,,,0,,,,,,,,,,girlafterglassdoor,,,,1129,,old4,,,
,,,,,,,,151,3,1217,,,,,,,0.55325610675088,,,,,,,,,,,3,,,,,,,,,,girldownstairfromlight,,,,1216,,old4,,,
,,,,,,,,8,1,1033,,,,,,,0.8353714955991604,,,,,,,,,,,1,,,,,,,,,,girlfromlight_quezhen,,,,1032,,old4,,,
,,,,,,,,0,0,312,,,,,,,0.8465109528281854,,,,,,,,,,,0,,,,,,,,,,girlinrain,,,,311,,old4,,,
,,,,,,,,40,6,304,,,,,,,0.63954269823629,,,,,,,,,,,6,,,,,,,,,,girllongskirt,,,,303,,old4,,,
,,,,,,,,475,10,986,,,,,,,0.3703368237203789,,,,,,,,,,,9,,,,,,,,,,girlof2leaders,,,,985,,old4,,,
,,,,,,,,75,2,308,,,,,,,0.581831976281888,,,,,,,,,,,2,,,,,,,,,,girlrightthewautress,,,,307,,old4,,,
,,,,,,,,0,0,2858,,,,,,,0.7304171629268836,,,,,,,,,,,0,,,,,,,,,,girlunderthestreetlamp,,,,2857,,old4,,,
,,,,,,,,39,1,282,,,,,,,0.6701741132660607,,,,,,,,,,,1,,,,,,,,,,guardunderthecolumn,,,,281,,old4,,,
,,,,,,,,0,0,542,,,,,,,0.8198454064804478,,,,,,,,,,,0,,,,,,,,,,hugboy,,,,541,,old4,,,
,,,,,,,,2456,32,4317,,,,,,,0.2696459175242278,,,,,,,,,,,31,,,,,,,,,,hyalinepaperfrontface,,,,4316,,old4,,,
,,,,,,,,177,6,1475,,,,,,,0.7097809473020705,,,,,,,,,,,6,,,,,,,,,,large,,,,1474,,old4,,,
,,,,,,,,1017,2,1116,,,,,,,0.06490540733618218,,,,,,,,,,,1,,,,,,,,,,lastleftgirl,,,,1115,,old4,,,
,,,,,,,,1317,15,3650,,,,,,,0.5005791031116974,,,,,,,,,,,14,,,,,,,,,,leftblkTboy,,,,3439,,old4,,,
,,,,,,,,1751,36,3991,,,,,,,0.28533043206792086,,,,,,,,,,,35,,,,,,,,,,leftbottle2hang,,,,3990,,old4,,,
,,,,,,,,950,3,1244,,,,,,,0.16360115482705598,,,,,,,,,,,2,,,,,,,,,,leftboy2jointhe4,,,,1243,,old4,,,
,,,,,,,,197,1,744,,,,,,,0.5727666280790232,,,,,,,,,,,1,,,,,,,,,,leftboyoutofthetroop,,,,743,,old4,,,
,,,,,,,,310,4,1400,,,,,,,0.6012261017690298,,,,,,,,,,,4,,,,,,,,,,leftchair,,,,1399,,old4,,,
,,,,,,,,44,3,566,,,,,,,0.5831285914470077,,,,,,,,,,,2,,,,,,,,,,lefterbike,,,,565,,old4,,,
,,,,,,,,185,5,1102,,,,,,,0.5135119673467149,,,,,,,,,,,5,,,,,,,,,,leftexcersicebookyellow,,,,1101,,old4,,,
,,,,,,,,4,1,903,,,,,,,0.707891089001164,,,,,,,,,,,1,,,,,,,,,,leftfarboycomingpicktheball,,,,902,,old4,,,
,,,,,,,,56,2,251,,,,,,,0.5889755751235609,,,,,,,,,,,1,,,,,,,,,,leftgirl'swhitebag,,,,249,,old4,,,
,,,,,,,,494,18,1905,,,,,,,0.4932564214651276,,,,,,,,,,,18,,,,,,,,,,lefthyalinepaper2rgb,,,,1904,,old4,,,
,,,,,,,,345,13,1802,,,,,,,0.603268522422132,,,,,,,,,,,13,,,,,,,,,,lefthyalinepaperfrontpants,,,,1801,,old4,,,
,,,,,,,,313,23,1879,,,,,,,0.6897501782623292,,,,,,,,,,,23,,,,,,,,,,leftmirror,,,,1878,,old4,,,
,,,,,,,,306,13,2265,,,,,,,0.5947163147884877,,,,,,,,,,,13,,,,,,,,,,leftmirrorlikesky,,,,2264,,old4,,,
,,,,,,,,955,10,1732,,,,,,,0.31930014677437524,,,,,,,,,,,9,,,,,,,,,,leftmirrorside,,,,1731,,old4,,,
,,,,,,,,14,1,170,,,,,,,0.4856537741326572,,,,,,,,,,,0,,,,,,,,,,leftopenexersicebook,,,,167,,old4,,,
,,,,,,,,57,1,66,,,,,,,0.07418223108021442,,,,,,,,,,,0,,,,,,,,,,leftpingpongball,,,,65,,old4,,,
,,,,,,,,14,1,148,,,,,,,0.7238958128615214,,,,,,,,,,,1,,,,,,,,,,leftrushingboy,,,,147,,old4,,,
,,,,,,,,732,3,986,,,,,,,0.1928817400607492,,,,,,,,,,,2,,,,,,,,,,leftunderbasket,,,,985,,old4,,,
,,,,,,,,141,2,1981,,,,,,,0.7322626528017486,,,,,,,,,,,2,,,,,,,,,,leftuphand,,,,1980,,old4,,,
,,,,,,,,0,0,1676,,,,,,,0.774116463349309,,,,,,,,,,,0,,,,,,,,,,littelbabycryingforahug,,,,1675,,old4,,,
,,,,,,,,3,1,33,,,,,,,0.722722096444076,,,,,,,,,,,1,,,,,,,,,,lowerfoamboard,,,,31,,old4,,,
,,,,,,,,16,1,1096,,,,,,,0.8184705567030026,,,,,,,,,,,0,,,,,,,,,,mandownstair,,,,1095,,old4,,,
,,,,,,,,0,0,408,,,,,,,0.8357644205256448,,,,,,,,,,,0,,,,,,,,,,manfromtoilet,,,,407,,old4,,,
,,,,,,,,40,1,254,,,,,,,0.6508410123326152,,,,,,,,,,,1,,,,,,,,,,mangetsoff,,,,253,,old4,,,
,,,,,,,,26,4,521,,,,,,,0.7187785914193104,,,,,,,,,,,4,,,,,,,,,,manoncall,,,,520,,old4,,,
,,,,,,,,12,1,273,,,,,,,0.804209958375855,,,,,,,,,,,1,,,,,,,,,,mansimiliar,,,,272,,old4,,,
,,,,,,,,0,0,123,,,,,,,0.8186173043400757,,,,,,,,,,,0,,,,,,,,,,mantostartcar,,,,122,,old4,,,
,,,,,,,,0,0,353,,,,,,,0.7944867737183369,,,,,,,,,,,0,,,,,,,,,,midblkgirl,,,,352,,old4,,,
,,,,,,,,1592,17,7258,,,,,,,0.6166889606124987,,,,,,,,,,,17,,,,,,,,,,midboyNo_9,,,,7257,,old4,,,
,,,,,,,,185,2,664,,,,,,,0.560596048473166,,,,,,,,,,,1,,,,,,,,,,middrillmaster,,,,663,,old4,,,
,,,,,,,,585,13,3226,,,,,,,0.577277166615794,,,,,,,,,,,12,,,,,,,,,,midgreyboyrunningcoming,,,,3225,,old4,,,
,,,,,,,,85,1,439,,,,,,,0.6237758460248989,,,,,,,,,,,0,,,,,,,,,,midof3girls,,,,438,,old4,,,
,,,,,,,,1941,15,7309,,,,,,,0.5921093608178047,,,,,,,,,,,15,,,,,,,,,,midredboy,,,,7293,,old4,,,
,,,,,,,,202,2,442,,,,,,,0.3769836283096607,,,,,,,,,,,1,,,,,,,,,,midrunboywithwhite,,,,441,,old4,,,
,,,,,,,,0,0,78,,,,,,,0.8576693878996806,,,,,,,,,,,0,,,,,,,,,,minibus,,,,77,,old4,,,
,,,,,,,,37,1,214,,,,,,,0.668696007568529,,,,,,,,,,,0,,,,,,,,,,minibusgoes2left,,,,213,,old4,,,
,,,,,,,,0,0,254,,,,,,,0.8696196502099396,,,,,,,,,,,0,,,,,,,,,,moto,,,,253,,old4,,,
,,,,,,,,0,0,84,,,,,,,0.7480230496362282,,,,,,,,,,,0,,,,,,,,,,motocomeonlight,,,,83,,old4,,,
,,,,,,,,0,0,127,,,,,,,0.8074402079080787,,,,,,,,,,,0,,,,,,,,,,motogoesaloongS,,,,126,,old4,,,
,,,,,,,,40,2,306,,,,,,,0.5594636621414688,,,,,,,,,,,1,,,,,,,,,,mototaking2boys306,,,,305,,old4,,,
,,,,,,,,0,0,122,,,,,,,0.8284147529915059,,,,,,,,,,,0,,,,,,,,,,mototurneast,,,,121,,old4,,,
,,,,,,,,0,0,95,,,,,,,0.7768461473348535,,,,,,,,,,,0,,,,,,,,,,motowithbluetop,,,,94,,old4,,,
,,,,,,,,11,2,808,,,,,,,0.819216880928691,,,,,,,,,,,2,,,,,,,,,,pingpingpad3,,,,807,,old4,,,
,,,,,,,,198,7,1270,,,,,,,0.6615268404317828,,,,,,,,,,,6,,,,,,,,,,pinkwithblktopcup,,,,1269,,old4,,,
,,,,,,,,0,0,334,,,,,,,0.835710496603667,,,,,,,,,,,0,,,,,,,,,,raincarturn,,,,333,,old4,,,
,,,,,,,,0,0,157,,,,,,,0.8406863802840258,,,,,,,,,,,0,,,,,,,,,,rainycarcome_ab,,,,156,,old4,,,
,,,,,,,,5,1,150,,,,,,,0.7348941221583654,,,,,,,,,,,1,,,,,,,,,,redboygoright,,,,149,,old4,,,
,,,,,,,,0,0,262,,,,,,,0.8690508531617742,,,,,,,,,,,0,,,,,,,,,,redcarcominginlight,,,,261,,old4,,,
,,,,,,,,0,0,104,,,,,,,0.7037199871774822,,,,,,,,,,,0,,,,,,,,,,redetricycle,,,,103,,old4,,,
,,,,,,,,11,1,662,,,,,,,0.6937085461584012,,,,,,,,,,,1,,,,,,,,,,redmidboy,,,,661,,old4,,,
,,,,,,,,268,7,730,,,,,,,0.5259817197963677,,,,,,,,,,,6,,,,,,,,,,redroadlatboy,,,,729,,old4,,,
,,,,,,,,0,0,168,,,,,,,0.6902416920861179,,,,,,,,,,,0,,,,,,,,,,redtricycle,,,,167,,old4,,,
,,,,,,,,1078,7,1750,,,,,,,0.27345249981264963,,,,,,,,,,,6,,,,,,,,,,right2ndflagformath,,,,1749,,old4,,,
,,,,,,,,409,8,1916,,,,,,,0.5554338133140652,,,,,,,,,,,8,,,,,,,,,,right5thflag,,,,1898,,old4,,,
,,,,,,,,106,2,225,,,,,,,0.3779173709069242,,,,,,,,,,,1,,,,,,,,,,rightbike,,,,224,,old4,,,
,,,,,,,,0,0,416,,,,,,,0.746579276675696,,,,,,,,,,,0,,,,,,,,,,rightbike-gai,,,,415,,old4,,,
,,,,,,,,889,7,4386,,,,,,,0.6560817947208588,,,,,,,,,,,7,,,,,,,,,,rightblkboy4386,,,,4385,,old4,,,
,,,,,,,,0,0,279,,,,,,,0.7565872673538417,,,,,,,,,,,0,,,,,,,,,,rightblkboystand,,,,277,,old4,,,
,,,,,,,,0,0,386,,,,,,,0.79640901458569,,,,,,,,,,,0,,,,,,,,,,rightblkfatboyleftwhite,,,,385,,old4,,,
,,,,,,,,0,0,353,,,,,,,0.6928321740453889,,,,,,,,,,,0,,,,,,,,,,rightbluewhite,,,,352,,old4,,,
,,,,,,,,558,25,1388,,,,,,,0.3484005948464204,,,,,,,,,,,24,,,,,,,,,,rightbottlecomes,,,,1387,,old4,,,
,,,,,,,,5,1,504,,,,,,,0.7561045276983155,,,,,,,,,,,1,,,,,,,,,,rightboy504,,,,503,,old4,,,
,,,,,,,,424,1,1050,,,,,,,0.4937757247828447,,,,,,,,,,,0,,,,,,,,,,rightcameraman,,,,1049,,old4,,,
,,,,,,,,444,2,561,,,,,,,0.12588222716176775,,,,,,,,,,,1,,,,,,,,,,rightcar-chongT,,,,560,,old4,,,
,,,,,,,,320,3,604,,,,,,,0.3578783358917191,,,,,,,,,,,2,,,,,,,,,,rightcomingstrongboy,,,,603,,old4,,,
,,,,,,,,339,2,1133,,,,,,,0.504160858344951,,,,,,,,,,,1,,,,,,,,,,rightdarksingleman,,,,1132,,old4,,,
,,,,,,,,606,3,668,,,,,,,0.06559846042834222,,,,,,,,,,,2,,,,,,,,,,rightgirltakingcup,,,,667,,old4,,,
,,,,,,,,46,2,308,,,,,,,0.6239673993884273,,,,,,,,,,,2,,,,,,,,,,rightwaiter1_quezhen,,,,307,,old4,,,
,,,,,,,,226,3,386,,,,,,,0.3178986404847441,,,,,,,,,,,2,,,,,,,,,,runningcameragirl,,,,385,,old4,,,
,,,,,,,,159,3,832,,,,,,,0.48261127030336154,,,,,,,,,,,3,,,,,,,,,,shinybikeboy2left,,,,831,,old4,,,
,,,,,,,,41,1,359,,,,,,,0.6192914715872597,,,,,,,,,,,0,,,,,,,,,,shinycarcoming,,,,358,,old4,,,
,,,,,,,,49,2,602,,,,,,,0.6337542111896161,,,,,,,,,,,1,,,,,,,,,,shinycarcoming2,,,,601,,old4,,,
,,,,,,,,0,0,201,,,,,,,0.9320136892184558,,,,,,,,,,,0,,,,,,,,,,silvercarturn,,,,200,,old4,,,
,,,,,,,,8,1,662,,,,,,,0.8267744557447286,,,,,,,,,,,1,,,,,,,,,,small-gai,,,,661,,old4,,,
,,,,,,,,0,0,683,,,,,,,0.8292439425863936,,,,,,,,,,,0,,,,,,,,,,standblkboy,,,,682,,old4,,,
,,,,,,,,0,0,664,,,,,,,0.7523879881364323,,,,,,,,,,,0,,,,,,,,,,swan_0109,,,,663,,old4,,,
,,,,,,,,2,0,152,,,,,,,0.5933679078490184,,,,,,,,,,,0,,,,,,,,,,truckgonorth,,,,151,,old4,,,
,,,,,,,,299,25,1171,,,,,,,0.5572153021022184,,,,,,,,,,,24,,,,,,,,,,turning1strowleft2ndboy,,,,1170,,old4,,,
,,,,,,,,0,0,192,,,,,,,0.8713380098433158,,,,,,,,,,,0,,,,,,,,,,umbreboyoncall,,,,191,,old4,,,
,,,,,,,,59,4,319,,,,,,,0.5786215453515027,,,,,,,,,,,4,,,,,,,,,,umbrella,,,,318,,old4,,,
,,,,,,,,4,0,475,,,,,,,0.7538129833065392,,,,,,,,,,,0,,,,,,,,,,umbrellabyboy,,,,474,,old4,,,
,,,,,,,,49,2,566,,,,,,,0.6638597216641733,,,,,,,,,,,2,,,,,,,,,,umbrellawillbefold,,,,565,,old4,,,
,,,,,,,,67,1,490,,,,,,,0.7051103298465882,,,,,,,,,,,1,,,,,,,,,,umbrellawillopen,,,,489,,old4,,,
,,,,,,,,0,0,680,,,,,,,0.7778174889466202,,,,,,,,,,,0,,,,,,,,,,waitresscoming,,,,679,,old4,,,
,,,,,,,,157,1,566,,,,,,,0.5367072520179673,,,,,,,,,,,0,,,,,,,,,,whitebikebelow,,,,565,,old4,,,
,,,,,,,,84,1,691,,,,,,,0.738905570066922,,,,,,,,,,,1,,,,,,,,,,whiteboyrightcoccergoal,,,,690,,old4,,,
,,,,,,,,0,0,84,,,,,,,0.8894820999030274,,,,,,,,,,,0,,,,,,,,,,whitecarcomeinrain,,,,83,,old4,,,
,,,,,,,,144,2,683,,,,,,,0.6691159129327175,,,,,,,,,,,2,,,,,,,,,,whitecarturn683,,,,682,,old4,,,
,,,,,,,,0,0,57,,,,,,,0.8752487982167694,,,,,,,,,,,0,,,,,,,,,,whitecarturnleft,,,,56,,old4,,,
,,,,,,,,0,0,103,,,,,,,0.7806736250034533,,,,,,,,,,,0,,,,,,,,,,whitecarturnright,,,,102,,old4,,,
,,,,,,,,4,1,67,,,,,,,0.6730675190979168,,,,,,,,,,,0,,,,,,,,,,whitefardown,,,,66,,old4,,,
,,,,,,,,33,2,155,,,,,,,0.5673760554528309,,,,,,,,,,,1,,,,,,,,,,whitefargirl,,,,154,,old4,,,
,,,,,,,,11,1,589,,,,,,,0.769374062014312,,,,,,,,,,,1,,,,,,,,,,whitegirlinlight,,,,588,,old4,,,
,,,,,,,,369,1,549,,,,,,,0.23147718103810852,,,,,,,,,,,0,,,,,,,,,,whitegirltakingchopsticks,,,,548,,old4,,,
,,,,,,,,32,4,203,,,,,,,0.677766711741391,,,,,,,,,,,4,,,,,,,,,,whiteofboys,,,,202,,old4,,,
,,,,,,,,105,1,425,,,,,,,0.49840921559223494,,,,,,,,,,,1,,,,,,,,,,whiteridingbike,,,,424,,old4,,,
,,,,,,,,25,2,346,,,,,,,0.7640062625265642,,,,,,,,,,,2,,,,,,,,,,whiterunningboy,,,,345,,old4,,,
,,,,,,,,207,10,818,,,,,,,0.5597742855409613,,,,,,,,,,,9,,,,,,,,,,whiteskirtgirlcomingfromgoal,,,,817,,old4,,,
,,,,,,,,0,0,137,,,,,,,0.8759422238857344,,,,,,,,,,,0,,,,,,,,,,whitesuvturn,,,,136,,old4,,,
,,,,,,,,0,0,95,,,,,,,0.8207127946848252,,,,,,,,,,,0,,,,,,,,,,womanback2car,,,,94,,old4,,,
,,,,,,,,28,1,118,,,,,,,0.4845299321834225,,,,,,,,,,,0,,,,,,,,,,yellowgirl118,,,,117,,old4,,,
,,,,,,,,0,0,361,,,,,,,0.8321695966055338,,,,,,,,,,,0,,,,,,,,,,yellowskirt,,,,360,,old4,,,
303,303,0,1415,5.456300700992907,0,0,0,0,0,304,303,1415,0,155,303,0,0.8117753201112833,303.0000018854946,0.0,88.99697029590607,0.0,302.9999995713884,0.0,88.95951020717621,0.0,0,0,0,0,0.0,0,0,0,0,0,0,0,10runone,155,303,0,303,303,write_events_complete,0,0,0
150,133,18,755,14.071699107720487,0,0,0,18,1,152,151,755,0,7,150,1,0.7476596712094363,151.00000257002222,0.0,4.01877748966217,0.0,151.0000030202937,0.0,4.017392992973328,0.0,0,0,1,0,0.0,0,0,0,0,0,0,18,11leftboy,7,151,0,151,151,write_events_complete,0,0,0
292,290,2,1387,7.631556269823346,1,0,0,3,1,295,294,1387,0,26,292,2,0.790965565935429,294.00000278789093,0.0,14.929157614707947,0.0,293.9999979999894,0.0,14.922299087047577,0.0,0,0,0,0,0.0,0,1,1,0,0,0,3,11runtwo,26,294,1,294,294,write_events_complete,0,0,0
850,850,0,4185,4.4646039519359215,0,0,0,0,0,851,850,4185,0,698,850,0,0.8423212791833219,849.9999992863372,0.0,400.8269982933998,0.0,850.0000008923274,0.0,400.68926751613617,0.0,0,0,0,0,0.0,0,0,0,0,0,0,0,1blackteacher,698,850,0,850,850,write_events_complete,0,0,0
173,173,0,865,4.971950363135752,0,0,0,0,0,174,173,865,0,173,173,0,0.7875375112062143,173.00000120665393,0.0,99.35071098804474,0.0,172.99999875082105,0.0,99.31427812576294,0.0,0,0,0,0,0.0,0,0,0,0,0,0,0,1boycoming,173,173,0,173,173,write_events_complete,0,0,0
389,175,2995,16191,553.7239962289057,0,0,0,2995,6,3377,3376,16191,0,0,389,2987,0.06130505925727267,3376.0,0.0,0.0,0.0,3376.0,0.0,0.0,0.0,0,0,5,0,0.0,0,0,0,0,0,0,2995,1stcol4thboy,0,3376,0,3376,3376,write_events_complete,0,0,0
38,32,699,3463,207.4402340629448,0,0,0,699,1,732,731,3463,0,54,38,693,0.03593739961449364,731.0000224360593,510.2928513482629,31.016737639904022,26.99714905023575,731.0000101230723,596.5373542874997,30.995172798633575,26.977452993392944,0,0,0,0,0.0,0,0,0,0,0,0,699,1strowleftboyturning,54,731,0,731,731,write_events_complete,693,0,47
3226,3184,224,16804,170.2032789346071,2,0,0,224,3,3817,3816,16804,0,0,3226,590,0.6315654539346777,3816.0,0.0,0.0,0.0,3816.0,0.0,0.0,0.0,0,0,2,0,0.0,0,0,0,1,0,0,224,1strowrightdrillmaster,0,3816,2,3816,3816,write_events_complete,0,0,0
2070,1582,1779,17565,726.8518202520597,5,0,0,1778,31,3540,3539,17565,0,16,2070,1469,0.36692759581885787,3539.0000720020485,0.0,9.189604878425598,0.0,3538.9999282624494,0.0,9.183710634708405,0.0,0,0,30,0,0.0,0,0,0,1,1,0,1778,1strowrightgirl3540,16,3539,5,3539,3539,write_events_complete,0,0,0
212,212,2,1031,4.816162326786223,0,0,0,2,0,222,221,1031,0,121,212,9,0.758098524485867,221.00000089860777,0.0,69.5013570189476,0.0,221.00000055953026,0.0,69.4493203163147,0.0,0,0,0,0,0.0,0,0,0,0,0,0,2,2girl,121,221,0,221,221,write_events_complete,0,0,0
23,21,214,1019,50.725743010191636,3,0,0,215,1,238,236,1014,0,0,23,213,0.059674865136442504,236.0,0.0,0.0,0.0,236.0,0.0,0.0,0.0,0,0,0,0,0.0,0,1,1,0,0,0,215,2girlup,0,237,3,236,236,write_events_complete,0,0,0
269,269,0,1293,1.640377314619779,0,0,0,0,0,270,269,1293,0,80,269,0,0.8197828281715794,268.9999992013009,0.0,45.93085694313049,0.0,268.99999252550515,0.0,45.912931859493256,0.0,0,0,0,0,0.0,0,0,0,0,0,0,0,2runseven,80,269,0,269,269,write_events_complete,0,0,0
110,110,0,553,2.1183590613608994,0,0,0,0,0,117,116,553,0,48,110,6,0.7192057728125567,116.00000039921699,0.0,27.570241808891296,0.0,115.99999997871896,0.0,27.549295783042908,0.0,0,0,0,0,0.0,0,0,0,0,0,0,0,3bike1,48,116,0,116,116,write_events_complete,0,0,0
174,174,0,810,3.7393000232550233,0,0,0,0,0,181,180,810,0,134,174,6,0.7701829655591593,180.00000000908673,0.0,76.99983674287796,0.0,179.9999986860235,0.0,76.9423194527626,0.0,0,0,0,0,0.0,0,0,0,0,0,0,0,3men,134,180,0,180,180,write_events_complete,0,0,0
221,221,1,1159,5.519159748863094,0,0,0,1,0,234,227,1129,0,108,221,6,0.7964674018381201,226.99999676746492,0.0,62.03124666213989,0.0,227.00000090320802,0.0,61.99501967430115,0.0,0,0,0,0,0.0,0,0,0,0,0,0,1,3pinkleft,108,233,0,227,227,write_events_complete,0,0,0
320,312,10,1580,14.071531361492251,2,0,0,10,2,331,330,1580,0,137,320,10,0.7906008585829403,330.00000247317,0.0,78.65091949701309,0.0,329.9999967151033,0.0,78.62869209051132,0.0,0,0,2,0,0.0,0,1,1,1,1,0,10,3rdfatboy,137,330,2,330,330,write_events_complete,0,0,0
605,571,231,3438,79.35455209569318,3,0,0,232,3,832,831,3438,0,0,605,226,0.5137588466718283,831.0,0.0,0.0,0.0,831.0,0.0,0.0,0.0,0,0,2,0,0.0,0,1,1,0,0,0,232,3rdgrouplastboy,0,831,3,831,831,write_events_complete,0,0,0
99,99,0,499,1.323433814826987,0,0,0,0,0,104,103,499,0,79,99,4,0.8299086679761785,103.00000001140546,0.0,45.38603758811951,0.0,103.00000057023982,0.0,45.345204174518585,0.0,0,0,0,0,0.0,0,0,0,0,0,0,0,3thmoto,79,103,0,103,103,write_events_complete,0,0,0
401,401,0,2032,13.341734391119402,0,0,0,0,0,414,413,2032,0,413,401,12,0.7520635423973959,413.0000011370777,0.0,237.21763974428177,0.0,412.9999991007846,0.0,237.05275815725327,0.0,0,0,0,0,0.0,0,0,0,0,0,0,0,4men,413,413,0,413,413,write_events_complete,0,0,0
288,260,54,1544,33.28549631115354,1,0,0,53,4,315,314,1544,0,62,288,26,0.6960086114130548,313.99999686432244,0.0,35.59791398048401,0.0,314.0000046355687,0.0,35.58508324623108,0.0,0,0,4,0,0.0,0,0,0,1,1,0,53,4thboywithwhite,62,314,1,314,314,write_events_complete,0,0,0
267,209,269,2410,93.78160688587234,0,0,0,269,2,487,486,2410,0,123,267,219,0.3569827415883384,486.00000020146973,0.0,70.61486101150513,0.0,486.0000024421776,0.0,70.59847658872604,0.0,0,0,1,0,0.0,0,0,0,0,0,0,269,7rightorangegirl,123,486,0,486,486,write_events_complete,0,0,0
265,264,89,1759,25.459325465472354,3,0,0,88,1,372,371,1759,0,216,265,106,0.5177888554123232,371.0000016630004,0.0,124.0378588438034,0.0,370.9999986921405,0.0,123.97052359580994,0.0,0,0,1,0,0.0,0,0,0,1,1,0,88,AQgirlwalkinrain,216,371,3,371,371,write_events_complete,0,0,0
94,94,0,450,1.2259898852761801,0,0,0,0,0,95,94,450,0,94,94,0,0.8377875832504317,93.99999965802135,0.0,54.000204503536224,0.0,94.00000047800854,0.0,53.95386761426926,0.0,0,0,0,0,0.0,0,0,0,0,0,0,0,AQtruck2north,94,94,0,94,94,write_events_complete,0,0,0
306,306,2,1603,4.416768012947258,0,0,0,2,0,353,312,1403,0,103,306,6,0.8309704612059312,312.00000110814443,0.0,59.15490365028381,0.0,311.9999986967857,0.0,59.116416931152344,0.0,0,0,0,0,0.0,0,0,0,0,0,0,2,ab_bikeoccluded,103,352,0,312,312,write_events_complete,0,0,0
372,365,112,2264,16.793204911774616,2,0,0,111,1,488,487,2264,0,274,372,115,0.6327681863410585,486.9999994157561,0.6624901254331546,157.36876899003983,0.5744311213493347,486.99999584461517,1.0034288560582487,157.25681388378143,0.5739322900772095,0,0,1,0,0.0,0,0,0,1,1,0,111,ab_blkskirtgirl,274,487,2,487,487,write_events_complete,1,0,1
1866,1850,709,14174,363.7384985087402,4,0,0,709,13,3247,3246,14174,0,306,1866,1380,0.5102720444359053,3245.9999657936587,826.6740785802795,175.70219910144806,141.8258360028267,3245.9999818200777,939.1920180607269,175.64098089933395,141.77746748924255,0,0,13,0,0.0,0,0,2,2,2,0,709,ab_bolstershaking,306,3246,4,3246,3246,write_events_complete,834,0,247
691,691,0,3064,9.310245348495176,0,0,0,0,0,696,695,3064,0,203,691,4,0.7827914914527204,694.9999923435901,0.0,116.62324965000153,0.0,695.0000149635038,0.0,116.51664805412292,0.0,0,0,0,0,0.0,0,0,0,0,0,0,0,ab_girlchoosesbike,203,695,0,695,695,write_events_complete,0,0,0
314,313,32,1725,11.24317655907252,6,0,0,31,2,388,355,1567,0,257,314,41,0.7072137898681227,354.99999907433454,0.0,147.63564670085907,0.0,355.00000119937334,0.0,147.50505995750427,0.0,0,0,2,0,0.0,0,0,0,1,1,0,31,ab_girlcrossroad,257,387,4,355,355,write_events_complete,0,0,0
11,10,180,945,13.168701338918368,8,0,0,177,1,194,193,945,0,0,11,182,0.04852565432218173,193.0,0.0,0.0,0.0,193.0,0.0,0.0,0.0,0,0,0,0,0.0,0,0,0,3,1,0,177,ab_pingpongball2,0,193,8,193,193,write_events_complete,0,0,0
740,585,791,7740,318.46158119574625,4,0,0,788,20,1806,1805,7740,0,0,740,1065,0.30876616035304943,1805.0,0.0,0.0,0.0,1805.0,0.0,0.0,0.0,0,0,20,0,0.0,0,0,0,4,1,0,788,ab_rightlowerredcup_quezhen,0,1805,4,1805,1805,write_events_complete,0,0,0
180,177,322,2533,75.82293907076459,0,0,0,322,2,518,507,2483,0,137,180,327,0.28138963783241644,506.99999352048286,0.0,78.67760860919952,0.0,507.0000161363582,0.0,78.64228588342667,0.0,0,0,1,0,0.0,0,0,0,0,0,0,322,ab_whiteboywithbluebag,137,517,0,507,507,write_events_complete,0,0,0
1288,1206,153,5132,163.69093942683782,0,0,0,153,9,1411,1410,5132,0,201,1288,122,0.7209167589117929,1409.9999871238767,0.0,115.38363021612167,0.0,1409.9999984810404,0.0,115.37139570713043,0.0,0,0,9,0,0.0,0,0,0,0,0,0,153,advancedredcup,201,1410,0,1410,1410,write_events_complete,0,0,0
102,102,0,536,3.122130872750229,0,0,0,0,0,111,110,536,0,77,102,8,0.710501273320893,110.00000119362083,0.0,44.23672550916672,0.0,110.00000008643948,0.0,44.20359247922897,0.0,0,0,0,0,0.0,0,0,0,0,0,0,0,baggirl,77,110,0,110,110,write_events_complete,0,0,0
1028,1004,299,6611,86.0095493874092,14,0,0,295,12,1505,1489,6547,0,33,1028,461,0.5464802040503234,1489.0000098961636,0.0,18.94105553627014,0.0,1488.9999973955748,0.0,18.939725756645203,0.0,0,0,11,0,0.0,0,1,1,5,4,0,295,ballshootatthebasket3times,33,1504,13,1489,1489,write_events_complete,0,0,0
231,207,476,3842,77.44503473620804,9,1,0,469,11,849,743,3356,1,46,231,512,0.2408210072600042,743.0000006781024,0.0,26.41320514678955,0.0,742.9999876868018,0.0,26.402238965034485,0.0,0,1,11,0,0.0,0,0,0,7,4,0,469,basketball849,46,848,9,743,743,write_events_complete,0,0,0
17,16,33,282,8.901609092240475,1,0,0,33,2,64,63,282,0,0,17,46,0.2805038261371586,63.0,0.0,0.0,0.0,63.0,0.0,0.0,0.0,0,0,1,0,0.0,0,0,0,0,0,0,33,basketballathand,0,63,1,63,63,write_events_complete,0,0,0
74,74,0,399,4.003408454263319,0,0,0,0,0,85,84,399,0,70,74,10,0.6782983437330263,84.00000012101872,0.0,40.20207488536835,0.0,83.99999926881448,0.0,40.18285971879959,0.0,0,0,0,0,0.0,0,0,0,0,0,0,0,basketboy,70,84,0,84,84,write_events_complete,0,0,0
279,279,0,1315,3.9908212388661632,0,0,0,0,0,280,279,1315,0,265,279,0,0.8035534503219441,278.9999999504215,0.0,152.2108388543129,0.0,279.0000005327609,0.0,152.09784066677094,0.0,0,0,0,0,0.0,0,0,0,0,0,0,0,bawgirl,265,279,0,279,279,write_events_complete,0,0,0
195,195,1,972,7.669901336219954,0,0,0,1,0,199,198,972,0,33,195,3,0.7402450750783335,198.00000407133632,0.0,18.94359266757965,0.0,198.0000052507163,0.0,18.942858457565308,0.0,0,0,0,0,0.0,0,0,0,0,0,0,1,belowdarkgirl,33,198,0,198,198,write_events_complete,0,0,0
1003,1001,22,6066,32.331796398584316,0,0,0,22,1,1223,1222,6066,0,167,1003,219,0.6799818342331039,1222.00001985009,0.0,95.936563372612,0.0,1221.9999889877106,0.0,95.8696619272232,0.0,0,0,1,0,0.0,0,0,0,0,0,0,22,besom3,167,1222,0,1222,1222,write_events_complete,0,0,0
640,640,1,2946,6.645156954807163,0,0,0,1,0,651,650,2946,0,369,640,10,0.8231917827977496,649.9999916400278,0.0,211.87308102846146,0.0,649.9999970881099,0.0,211.79620176553726,0.0,0,0,0,0,0.0,0,0,0,0,0,0,1,bike,369,650,0,650,650,write_events_complete,0,0,0
251,248,6,1252,4.664526794602949,0,0,0,6,1,257,256,1252,0,195,251,5,0.8174098435068036,256.000001197579,0.0,112.00882542133331,0.0,256.000002184293,0.0,111.93250274658203,0.0,0,0,1,0,0.0,0,0,0,0,0,0,6,bike2left,195,256,0,256,256,write_events_complete,0,0,0
119,119,3,541,3.262161811454869,0,0,0,3,0,146,145,541,0,82,119,26,0.7236787592296247,144.99999952590758,0.0,47.1065309047699,0.0,145.0000018139592,0.0,47.063870906829834,0.0,0,0,0,0,0.0,0,0,0,0,0,0,3,bike2trees,82,145,0,145,145,write_events_complete,0,0,0
108,108,0,541,2.352498905580415,0,0,0,0,0,113,112,541,0,108,108,4,0.8100092467398403,112.00000015480336,0.0,62.02757781744003,0.0,111.99999954682535,0.0,61.99276465177536,0.0,0,0,0,0,0.0,0,0,0,0,0,0,0,bikeboy,108,112,0,112,112,write_events_complete,0,0,0
329,189,572,3953,206.2691750307263,1,0,0,572,2,826,825,3953,0,228,329,496,0.21555588320662417,825.0000068396896,396.4063732940791,130.9571831226349,5.740878403186798,825.0000104805353,519.4864129063919,130.92812836170197,5.741000533103943,0,0,1,0,0.0,0,0,0,0,0,0,572,bikeboyintodark,228,825,1,825,825,write_events_complete,578,0,10
415,415,0,2149,35.79770223335558,0,0,0,0,0,467,466,2149,0,305,415,51,0.7102572028132751,466.00000309129035,0.0,175.26099973917007,0.0,465.9999933277673,0.0,175.10664135217667,0.0,0,0,0,0,0.0,0,0,0,0,0,0,0,bikeboyright,305,466,0,466,466,write_events_complete,0,0,0
128,128,0,736,10.83403461685262,0,0,0,0,0,155,154,736,0,109,128,26,0.6019363649819991,154.00000184610212,0.0,62.61036139726639,0.0,153.99999991631515,0.0,62.565020859241486,0.0,0,0,0,0,0.0,0,0,0,0,0,0,0,bikeboyturn,109,154,0,154,154,write_events_complete,0,0,0
242,242,0,1163,0.5538372086605584,0,0,0,0,0,243,242,1163,0,240,242,0,0.9257853859398564,241.9999995011186,0.0,137.90616303682327,0.0,242.0000004961166,0.0,137.74817550182343,0.0,0,0,0,0,0.0,0,0,0,0,0,0,0,bikeboyturntimes,240,242,0,242,242,write_events_complete,0,0,0
219,219,0,988,1.130778887796033,0,0,0,0,0,220,219,988,0,219,219,0,0.8550736726369457,218.99999918183957,0.0,125.8016145825386,0.0,219.00000029230645,0.0,125.69891113042831,0.0,0,0,0,0,0.0,0,0,0,0,0,0,0,bikeboywithumbrella,219,219,0,219,219,write_events_complete,0,0,0
159,159,0,842,3.9796418783708227,0,0,0,0,0,172,171,842,0,32,159,12,0.7449194924735071,170.99999990142265,0.0,18.38225692510605,0.0,171.00000053767312,0.0,18.367283940315247,0.0,0,0,0,0,0.0,0,0,0,0,0,0,0,bikefromlight,32,171,0,171,171,write_events_complete,0,0,0
108,107,132,1163,13.76743411424196,0,0,0,132,2,284,283,1163,0,41,108,175,0.3283838105731115,282.9999995623017,0.0,23.547533869743347,0.0,282.99999627222627,0.0,23.53215193748474,0.0,0,0,1,0,0.0,0,0,0,0,0,0,132,bikegoindark,41,283,0,283,283,write_events_complete,0,0,0
138,138,0,654,0.9743755007710648,0,0,0,0,0,140,139,654,0,39,138,1,0.7595582855933953,139.00000113265716,0.0,22.404574632644653,0.0,138.99999835071833,0.0,22.383196234703064,0.0,0,0,0,0,0.0,0,0,0,0,0,0,0,bikeinrain,39,139,0,139,139,write_events_complete,0,0,0
22,6,118,567,82.72394995681458,0,0,0,118,1,131,130,567,0,0,22,108,0.05224076399922772,130.0,0.0,0.0,0.0,130.0,0.0,0.0,0.0,0,0,0,0,0.0,0,0,0,0,0,0,118,biketurnright,0,130,0,130,130,write_events_complete,0,0,0
431,431,0,2149,1.9701575632388264,0,0,0,0,0,432,431,2149,0,419,431,0,0.8666145152638963,431.0000002675768,0.0,240.6605594754219,0.0,431.0000003090066,0.0,240.53603219985962,0.0,0,0,0,0,0.0,0,0,0,0,0,0,0,blackboy,419,431,0,431,431,write_events_complete,0,0,0
294,294,0,1392,2.920884253237947,0,0,0,0,0,295,294,1392,0,289,294,0,0.8897825978178677,293.9999982075325,0.0,166.01137042045593,0.0,293.9999989376467,0.0,165.89114969968796,0.0,0,0,0,0,0.0,0,0,0,0,0,0,0,blackboyoncall,289,294,0,294,294,write_events_complete,0,0,0
125,125,0,594,4.234640264103849,0,0,0,0,0,126,125,594,0,125,125,0,0.7595815518696178,125.00000050290953,0.0,71.80789572000504,0.0,125.0000001642151,0.0,71.75973337888718,0.0,0,0,0,0,0.0,0,0,0,0,0,0,0,blackcarturn,125,125,0,125,125,write_events_complete,0,0,0
60,60,1,272,1.137427849701067,1,0,0,1,0,62,61,272,0,0,60,1,0.7510337659407677,61.0,0.0,0.0,0.0,61.0,0.0,0.0,0.0,0,0,0,0,0.0,0,0,0,0,0,0,1,blackdown,0,61,1,61,61,write_events_complete,0,0,0
213,213,1,964,4.33404613249075,0,0,0,1,0,217,216,964,0,72,213,3,0.7567606408419849,215.99999696705262,0.0,41.35983997583389,0.0,216.0000029680696,0.0,41.32814848423004,0.0,0,0,0,0,0.0,0,0,0,0,0,0,1,blackgirl,72,216,0,216,216,write_events_complete,0,0,0
11672,11474,1103,61951,861.7522304788913,12,0,0,1096,27,12862,12861,61951,0,6866,11672,1189,0.7120820334915094,12861.00001328201,167.74460699493352,3941.7922070622444,75.78348940610886,12861.000003639638,207.97598640334778,3941.0607683062553,75.76863831281662,0,0,27,0,0.0,0,2,2,9,7,0,1096,blkboy`shead,6866,12861,12,12861,12861,write_events_complete,219,0,132
167,167,0,769,0.7582996268866828,0,0,0,0,0,171,170,769,0,83,167,3,0.7808788505685929,169.9999982248036,0.0,47.67512649297714,0.0,169.99999987468567,0.0,47.65102833509445,0.0,0,0,0,0,0.0,0,0,0,0,0,0,0,blkboyback,83,170,0,170,170,write_events_complete,0,0,0
290,286,11,1471,13.090689643503143,0,0,0,11,2,302,301,1471,0,82,290,11,0.723492665676114,301.00000027968247,0.0,47.096835911273956,0.0,301.0000024716157,0.0,47.07129794359207,0.0,0,0,2,0,0.0,0,0,0,0,0,0,11,blkboybetweenredandwhite,82,301,0,301,301,write_events_complete,0,0,0
61,59,19,347,12.581272844583026,1,0,0,20,1,82,81,347,0,0,61,20,0.5789413009439021,81.0,0.0,0.0,0.0,81.0,0.0,0.0,0.0,0,0,0,0,0.0,0,1,1,0,0,0,20,blkboydown,0,81,1,81,81,write_events_complete,0,0,0
257,205,347,2771,139.65196969089155,14,0,0,348,3,556,555,2771,0,46,257,298,0.2915467357351283,555.000001171417,0.0,26.405838131904602,0.0,554.9999937774024,0.0,26.40104901790619,0.0,0,0,2,0,0.0,0,2,4,2,1,0,348,blkboyhead,46,555,14,555,555,write_events_complete,0,0,0
3950,3495,2963,33581,1497.0722661815994,20,0,0,2956,38,6983,6930,33325,0,1947,3950,2980,0.4149197479256761,6929.999998917305,497.1086530939535,1118.1939096450806,205.01520556211472,6929.999952261319,573.3408646971459,1117.7017859816551,204.9339646100998,0,0,37,0,0.0,0,2,3,9,5,0,2956,blkboylefttheNo_21,1947,6982,19,6930,6930,write_events_complete,746,0,357
589,555,810,6538,394.19082516928887,1,0,0,810,3,1436,1435,6538,0,580,589,846,0.3440500064781099,1435.0000056081624,628.0890087766021,333.1548483967781,103.3917766213417,1434.9999985548025,318.51198809384346,332.97236359119415,103.34371322393417,0,0,2,0,0.0,0,0,0,1,0,0,810,blkboystand,580,1435,1,1435,1435,write_events_complete,646,0,180
339,339,0,1664,3.119278709683772,0,0,0,0,0,340,339,1664,0,339,339,0,0.8644292288272665,338.99999918298676,0.0,194.7001615166664,0.0,338.99999944903226,0.0,194.57308274507523,0.0,0,0,0,0,0.0,0,0,0,0,0,0,0,blkboytakesumbrella,339,339,0,339,339,write_events_complete,0,0,0
350,329,325,3734,105.0072080302534,4,0,0,327,3,764,763,3734,0,0,350,413,0.3642903409225709,763.0,0.0,0.0,0.0,763.0,0.0,0.0,0.0,0,0,2,0,0.0,0,1,2,1,0,0,327,blkcaratfrontbluebus,0,763,4,763,763,write_events_complete,0,0,0
330,330,0,1609,6.164613436636228,0,0,0,0,0,342,341,1609,0,160,330,11,0.7470004556913004,340.99999870225844,0.0,91.91305649280548,0.0,341.0000002652026,0.0,91.83273923397064,0.0,0,0,0,0,0.0,0,0,0,0,0,0,0,blkgirlumbrella,160,341,0,341,341,write_events_complete,0,0,0
504,470,58,2561,57.745409395258214,2,0,0,59,4,564,563,2561,0,107,504,59,0.648866951786882,563.0000094528789,0.0,61.46566051244736,0.0,562.9999935515009,0.0,61.419171154499054,0.0,0,0,3,0,0.0,0,1,1,0,0,0,59,blkhairgirltakingblkbag,107,563,2,563,563,write_events_complete,0,0,0
155,147,24,842,12.239650333441508,1,0,0,25,1,187,186,842,0,69,155,31,0.6861626803427241,185.99999488859982,0.0,39.63505059480667,0.0,186.00000027718346,0.0,39.60285395383835,0.0,0,0,0,0,0.0,0,1,1,0,0,0,25,blkmoto2north,69,186,1,186,186,write_events_complete,0,0,0
189,189,0,919,2.68599587276106,0,0,0,0,0,190,189,919,0,114,189,0,0.8153190860425681,189.00000295734054,0.0,65.46970075368881,0.0,188.99999856984246,0.0,65.44367533922195,0.0,0,0,0,0,0.0,0,0,0,0,0,0,0,blkstandboy,114,189,0,189,189,write_events_complete,0,0,0
140,140,0,666,0.8502162110788613,0,0,0,0,0,142,141,666,0,130,140,1,0.8585839382760446,141.00000071618888,0.0,74.63446110486984,0.0,140.99999748157288,0.0,74.61658275127411,0.0,0,0,0,0,0.0,0,0,0,0,0,0,0,blktribikecome,130,141,0,141,141,write_events_complete,0,0,0
326,326,0,1624,1.7535050059772816,0,0,0,0,0,330,329,1624,0,317,326,3,0.8404003318828225,328.99999924003924,0.0,182.08455979824066,0.0,329.0000000520243,0.0,181.99024802446365,0.0,0,0,0,0,0.0,0,0,0,0,0,0,0,blueboy,317,329,0,329,329,write_events_complete,0,0,0
403,403,1,1961,6.441268358526899,0,0,0,1,0,421,420,1961,0,192,403,17,0.7799746816254433,419.99999736943647,0.0,110.25906443595886,0.0,420.00000113753555,0.0,110.19721192121506,0.0,0,0,0,0,0.0,0,0,0,0,0,0,1,blueboy421,192,420,0,420,420,write_events_complete,0,0,0
1436,1436,0,7071,21.17626138671664,0,0,0,0,0,1437,1436,7071,0,1435,1436,0,0.8646917223646983,1435.999999518917,0.0,824.1219519972801,0.0,1435.9999952509093,0.0,823.6817834973335,0.0,0,0,0,0,0.0,0,0,0,0,0,0,0,bluebuscoming,1435,1436,0,1436,1436,write_events_complete,0,0,0
217,213,5,1019,6.987665125886297,1,0,0,6,1,222,221,1019,0,64,217,4,0.7698710559341722,221.0000007355792,0.0,36.76337260007858,0.0,220.99999683089032,0.0,36.732107162475586,0.0,0,0,1,0,0.0,0,1,1,0,0,0,6,bluegirlbiketurn,64,221,1,221,221,write_events_complete,0,0,0
70,39,405,2090,142.43451996894,1,0,0,404,2,506,505,2090,0,1,70,435,0.10464248428108873,504.9999859929085,0.0,0.5740939378738403,0.0,505.0000037550926,0.0,0.5739263296127319,0.0,0,0,1,0,0.0,0,0,0,1,0,0,404,bottlebetweenboy`sfeet,1,505,1,505,505,write_events_complete,0,0,0
159,137,54,995,27.149935869334893,1,0,0,55,5,206,205,995,0,0,159,46,0.5329048521838058,205.0,0.0,0.0,0.0,205.0,0.0,0.0,0.0,0,0,4,0,0.0,0,1,1,0,0,0,55,boy2basketballground,0,205,1,205,205,write_events_complete,0,0,0
1633,1624,92,8177,78.9146146097326,6,0,0,91,4,1788,1787,8177,0,711,1633,154,0.6795206902628125,1786.999985333455,0.0,408.2981255054474,0.0,1786.9999975483781,0.0,408.0704678297043,0.0,0,0,3,0,0.0,0,1,1,2,1,0,91,boy2buildings,711,1787,6,1787,1787,write_events_complete,0,0,0
199,199,1,916,2.601689918284947,0,0,0,1,0,203,202,916,0,84,199,3,0.8218828768952201,202.00000158505526,0.0,48.249702870845795,0.0,201.9999990795515,0.0,48.21082478761673,0.0,0,0,0,0,0.0,0,0,0,0,0,0,1,boy2trees,84,202,0,202,202,write_events_complete,0,0,0
806,803,157,4515,36.12190152737985,1,0,0,156,3,1083,1082,4515,0,257,806,276,0.5951491531252606,1082.0000122327613,0.0,147.63399058580399,0.0,1081.9999998971966,0.0,147.50797671079636,0.0,0,0,3,0,0.0,0,0,0,1,0,0,156,boy2treesfindbike,257,1082,1,1082,1082,write_events_complete,0,0,0
609,499,331,4231,122.6092037770366,10,0,0,337,7,851,850,4231,0,0,609,241,0.4265057923618879,850.0,0.0,0.0,0.0,850.0,0.0,0.0,0.0,0,0,6,0,0.0,0,5,7,1,1,0,337,boy`headwithouthat,0,850,10,850,850,write_events_complete,0,0,0
112,107,109,1334,46.76887817975093,3,0,0,111,3,269,268,1334,0,1,112,156,0.36315146659202985,268.00000762939453,0.0,0.574076771736145,0.0,268.0,0.0,0.5739578008651733,0.0,0,0,2,0,0.0,0,1,2,0,0,0,111,boy`sheadingreycol,1,268,3,268,268,write_events_complete,0,0,0
96,95,6,367,1.5198102012522228,0,0,0,6,1,102,101,367,0,17,96,5,0.7617797442203578,101.00000255528732,0.0,9.762325644493103,0.0,100.99999968139689,0.0,9.757031083106995,0.0,0,0,1,0,0.0,0,0,0,0,0,0,6,boyaftertree,17,101,0,101,101,write_events_complete,0,0,0
1713,1570,813,11360,462.49442881100697,5,0,0,812,4,2469,2457,11329,1,1041,1713,744,0.5206706767576481,2456.9999882221446,408.12810013941885,597.923142015934,180.93630892038345,2456.999996736478,431.7289927535927,597.481808423996,180.79398703575134,0,1,4,0,0.0,0,0,0,1,0,0,812,boyaroundtrees,1041,2468,5,2457,2457,write_events_complete,568,0,315
396,389,52,2463,21.23471846940202,0,0,0,52,4,494,493,2463,0,241,396,97,0.701293242545966,493.00000438369926,0.0,138.39238917827606,0.0,493.0000004435193,0.0,138.3522664308548,0.0,0,0,4,0,0.0,0,0,0,0,0,0,52,boyatdoorturnright,241,493,0,493,493,write_events_complete,0,0,0
701,701,21,3478,20.516090830227377,0,0,0,21,1,751,750,3478,0,441,701,49,0.7560175741481819,750.0000019352135,0.0,253.24778908491135,0.0,750.0000007560471,0.0,253.12098944187164,0.0,0,0,1,0,0.0,0,0,0,0,0,0,21,boydownplatform,441,750,0,750,750,write_events_complete,0,0,0
281,281,0,1400,3.412747320159962,0,0,0,0,0,285,283,1395,0,85,281,2,0.8539434764005912,282.99999996342336,0.0,48.84047079086304,0.0,283.00000030982744,0.0,48.78894513845444,0.0,0,0,0,0,0.0,0,0,0,0,0,0,0,boyfromdark,85,284,0,283,283,write_events_complete,0,0,0
316,310,6,1207,12.856985510234285,0,0,0,6,1,319,318,1207,0,15,316,2,0.7819544519169708,318.0000011517131,0.0,8.611697256565094,0.0,318.0000039084811,0.0,8.608669757843018,0.0,0,0,1,0,0.0,0,0,0,0,0,0,6,boyinlight,15,318,0,318,318,write_events_complete,0,0,0
865,861,46,3997,24.95743599551531,4,0,0,46,2,975,974,3997,0,145,865,109,0.6909104352302132,973.9999999160419,0.0,83.31418025493622,0.0,974.0000055089818,0.0,83.22041457891464,0.0,0,0,2,0,0.0,0,1,2,2,2,0,46,boyinplatform,145,974,4,974,974,write_events_complete,0,0,0
1366,1366,13,6700,21.183755180750616,0,0,0,13,1,1418,1417,6700,0,1109,1366,51,0.8424816667147866,1416.9999959433248,12.640238436092723,636.8672180175781,4.595260262489319,1417.0000013991698,13.509667777814467,636.6001255512238,4.591475605964661,0,0,1,0,0.0,0,0,0,0,0,0,13,boyinsnowfield3,1109,1417,0,1417,1417,write_events_complete,19,0,8
343,333,78,2088,35.349168497763486,1,0,0,77,3,426,425,2088,0,0,343,82,0.6065441050321727,425.0,0.0,0.0,0.0,425.0,0.0,0.0,0.0,0,0,2,0,0.0,0,0,0,1,1,0,77,boyleftblkrunning2crowd,0,425,1,425,425,write_events_complete,0,0,0
4684,4665,156,24505,221.56930262096506,0,0,0,156,3,4921,4918,24500,0,4115,4684,235,0.8227787754366258,4917.990076346977,117.27624136314772,2363.4214867949486,66.05405789613724,4917.997618064954,141.00871947521497,2362.0845769047737,66.00619632005692,0,0,2,0,0.0,0,0,0,0,0,0,156,boylefttheNo_9boy,4116,4920,0,4919,4919,write_events_complete,145,0,115
307,307,0,1541,11.450051510026167,0,0,0,0,0,310,308,1536,0,89,307,1,0.7400018261122031,307.99999940553136,0.0,51.115799248218536,0.0,308.0000044026122,0.0,51.08130156993866,0.0,0,0,0,0,0.0,0,0,0,0,0,0,0,boyoncall,89,309,0,308,308,write_events_complete,0,0,0
428,416,14,2093,19.193476766957254,2,0,0,14,3,436,434,2088,0,156,428,6,0.7676285073944564,433.9999960394782,0.0,89.59044045209885,0.0,434.00000669683413,0.0,89.533686876297,0.0,0,0,3,0,0.0,0,1,1,1,1,0,14,boyplayphone,156,435,2,434,434,write_events_complete,0,0,0
725,690,758,8211,223.4624860345403,4,0,0,756,7,1840,1837,8203,0,334,725,1112,0.33660091818176113,1836.9999891804957,594.8337349300723,191.8821337223053,29.30036062002182,1836.9999985018162,58.468451303146836,191.7048150897026,29.274112701416016,0,0,6,0,0.0,0,1,1,3,1,0,756,boyride2path,334,1839,4,1837,1837,write_events_complete,884,0,51
181,181,0,904,0.34700250205385186,0,0,0,0,0,182,181,904,0,181,181,0,0.9236340061045796,180.99999955080528,0.0,103.95847868919373,0.0,180.99999946905112,0.0,103.9071677327156,0.0,0,0,0,0,0.0,0,0,0,0,0,0,0,boyruninsnow,181,181,0,181,181,write_events_complete,0,0,0
390,389,30,2255,21.172722188542316,0,0,0,30,2,464,463,2255,0,259,390,73,0.6922389905525365,462.9999978545023,0.0,148.76713633537292,0.0,462.9999993214975,0.0,148.65817445516586,0.0,0,0,2,0,0.0,0,0,0,0,0,0,30,boyscomeleft,259,463,0,463,463,write_events_complete,0,0,0
9229,9223,22,45779,167.2284020913284,3,0,0,22,2,9684,9683,45779,0,3340,9229,454,0.7441836993202874,9682.999992807585,0.0,1917.9366785883904,0.0,9683.000006729937,0.0,1917.2170816659927,0.0,0,0,2,0,0.0,0,0,2,1,0,0,22,boyshead9684,3340,9683,3,9683,9683,write_events_complete,0,0,0
265,248,52,1780,28.85136002407785,0,0,0,52,6,375,374,1780,0,40,265,109,0.5489279181455416,374.0000055925991,0.0,22.982273399829865,0.0,374.0000027403608,0.0,22.959099113941193,0.0,0,0,5,0,0.0,0,0,0,0,0,0,52,boyss,40,374,0,374,374,write_events_complete,0,0,0
908,879,490,6640,133.417340815807,11,0,0,487,6,1432,1431,6640,0,569,908,523,0.5108643103035697,1430.999998828364,0.0,326.70424395799637,0.0,1431.000003480085,0.0,326.6872144937515,0.0,0,0,5,0,0.0,0,1,1,4,2,0,487,boytakingbasketballfollowing,569,1431,11,1431,1431,write_events_complete,0,0,0
251,251,0,1250,3.5182663784907575,0,0,0,0,0,262,259,1240,0,116,251,8,0.7457774368968318,259.00000321491086,0.0,66.61937272548676,0.0,258.9999998640406,0.0,66.59047484397888,0.0,0,0,0,0,0.0,0,0,0,0,0,0,0,boytakingplate2left,116,261,0,259,259,write_events_complete,0,0,0
295,102,499,3008,365.2181640599316,0,0,0,499,2,613,612,3008,0,126,295,317,0.14544577778767065,611.9999951833328,469.1878638684531,72.3408100605011,56.84081184864044,611.9999979684158,465.1547085253692,72.3250617980957,56.827543795108795,0,0,1,0,0.0,0,0,0,0,0,0,499,boyunder2baskets,126,612,0,612,612,write_events_complete,479,0,99
955,955,0,4609,21.35762754419736,0,0,0,0,0,965,964,4609,0,855,955,9,0.7866281328594529,964.0000006794678,0.0,491.14935714006424,0.0,963.9999976427424,0.0,490.81002312898636,0.0,0,0,0,0,0.0,0,0,0,0,0,0,0,boywaitgirl,855,964,0,964,964,write_events_complete,0,0,0
653,653,0,3094,4.978515712098107,0,0,0,0,0,658,657,3094,0,579,653,4,0.8679176411248147,656.9999996917603,0.0,332.47383135557175,0.0,656.9999982817454,0.0,332.3529346585274,0.0,0,0,0,0,0.0,0,0,0,0,0,0,0,boywalkinginsnow2,579,657,0,657,657,write_events_complete,0,0,0
7977,7887,597,44939,480.86508943816057,2,0,0,595,39,9538,9531,44911,0,2487,7977,1554,0.6572798507229145,9530.999995821421,6.978182041285624,1428.5564339756966,1.148713231086731,9531.000065012364,6.458958149330805,1427.5914677977562,1.147838294506073,0,0,39,0,0.0,0,0,0,2,0,0,595,broom,2487,9537,2,9531,9531,write_events_complete,12,0,2
113,113,0,565,1.2986512569270658,0,0,0,0,0,114,113,565,0,0,113,0,0.705699662394616,113.0,0.0,0.0,0.0,113.0,0.0,0.0,0.0,0,0,0,0,0.0,0,0,0,0,0,0,0,carbehindtrees,0,113,0,113,113,write_events_complete,0,0,0
100,100,0,455,0.24294981846733746,0,0,0,0,0,101,100,455,0,100,100,0,0.8631662201358956,100.00000078966669,0.0,57.41095155477524,0.0,99.99999965915086,0.0,57.39861994981766,0.0,0,0,0,0,0.0,0,0,0,0,0,0,0,carcomeonlight,100,100,0,100,100,write_events_complete,0,0,0
148,131,219,1807,86.5562150817833,2,0,0,218,3,391,390,1807,0,158,148,242,0.3192628939236956,389.9999933704709,156.52501260646386,90.75516587495804,25.846373558044434,389.9999997613762,63.88804775349635,90.71215230226517,25.833012282848358,0,0,2,0,0.0,0,0,0,1,0,0,218,carcomingfromlight,158,390,2,390,390,write_events_complete,196,0,45
146,146,0,741,4.040460633924106,0,0,0,0,0,155,154,741,0,88,146,8,0.7672277411695447,153.9999997516936,0.0,50.5269820690155,0.0,154.0000003560639,0.0,50.50852560997009,0.0,0,0,0,0,0.0,0,0,0,0,0,0,0,carcominginlight,88,154,0,154,154,write_events_complete,0,0,0
69,69,0,332,0.6630700328090788,0,0,0,0,0,70,69,332,0,59,69,0,0.8146335010032804,69.0000003275479,0.0,33.884530544281006,0.0,68.99999983743743,0.0,33.862730503082275,0.0,0,0,0,0,0.0,0,0,0,0,0,0,0,carlight2,59,69,0,69,69,write_events_complete,0,0,0
92,92,0,449,0.5744320380554896,0,0,0,0,0,93,92,449,0,92,92,0,0.8532036025867337,91.99999962034232,0.0,52.83168774843216,0.0,92.00000044248911,0.0,52.80506241321564,0.0,0,0,0,0,0.0,0,0,0,0,0,0,0,carlightcome2,92,92,0,92,92,write_events_complete,0,0,0
85,85,0,408,1.9143653121246837,0,0,0,0,0,86,85,408,0,76,85,0,0.7791630034346094,84.99999934881097,0.0,43.647365152835846,0.0,84.99999993505551,0.0,43.620435535907745,0.0,0,0,0,0,0.0,0,0,0,0,0,0,0,caronlight,76,85,0,85,85,write_events_complete,0,0,0
116,116,0,579,0.29085750346026873,0,0,0,0,0,117,116,579,0,116,116,0,0.889295126997532,116.0000000434073,0.0,66.6410847902298,0.0,116.00000026896689,0.0,66.58053660392761,0.0,0,0,0,0,0.0,0,0,0,0,0,0,0,carturn117,116,116,0,116,116,write_events_complete,0,0,0
226,223,216,2163,142.6533122005521,2,0,0,216,2,481,480,2163,0,270,226,254,0.39216311550789446,479.99999798175713,199.2653414947087,155.11533772945404,93.0805384516716,479.99999587352147,194.6986899421337,155.0334613919258,93.01869833469391,0,0,1,0,0.0,0,0,1,1,1,0,216,carwillturn,270,480,2,480,480,write_events_complete,206,0,162
90,90,0,448,1.3145988409681182,0,0,0,0,0,91,90,448,0,90,90,0,0.8827460787408563,89.99999975145832,0.0,51.687137961387634,0.0,90.00000022913366,0.0,51.665194392204285,0.0,0,0,0,0,0.0,0,0,0,0,0,0,0,catbrown2,90,90,0,90,90,write_events_complete,0,0,0
1036,966,297,6314,94.11822657113457,0,0,0,297,1,1343,1342,6314,0,998,1036,306,0.6677930114214492,1341.9999992114094,98.92513331770897,573.0684016942978,0.5740482807159424,1342.0000063525806,80.34129658341408,572.902272939682,0.573975682258606,0,0,1,0,0.0,0,0,0,0,0,0,297,catbrownback2bush,998,1342,0,1342,1342,write_events_complete,343,0,1
68,59,37,456,16.251085968791333,1,0,0,38,1,101,100,456,0,19,68,32,0.45165455384998326,99.99999966502465,0.0,10.913532257080078,0.0,100.00000178213794,0.0,10.908454477787018,0.0,0,0,0,0,0.0,0,0,1,0,0,0,38,couple,19,100,1,100,100,write_events_complete,0,0,0
83,83,0,415,1.6866877517674534,0,0,0,0,0,84,83,415,0,83,83,0,0.9334216573317238,82.99999992213914,0.0,47.68487560749054,0.0,82.99999998098683,0.0,47.6408896446228,0.0,0,0,0,0,0.0,0,0,0,0,0,0,0,darkcarturn,83,83,0,83,83,write_events_complete,0,0,0
608,608,0,2944,6.236316351199717,0,0,0,0,0,613,612,2944,0,544,608,4,0.8173989907965725,611.9999999536363,0.0,312.45487636327744,0.0,612.0000013477348,0.0,312.22153371572495,0.0,0,0,0,0,0.0,0,0,0,0,0,0,0,darkgirl,544,612,0,612,612,write_events_complete,0,0,0
535,519,89,3329,45.982955479905904,0,0,0,89,8,749,748,3329,0,0,535,213,0.5512910727690454,748.0,0.0,0.0,0.0,748.0,0.0,0.0,0.0,0,0,8,0,0.0,0,0,0,0,0,0,89,darkouterwhiteboy,0,748,0,748,748,write_events_complete,0,0,0
401,401,30,1879,17.57512223508844,0,0,0,30,1,503,502,1879,0,303,401,101,0.7093243943312901,502.00000352479947,0.0,173.98321151733398,0.0,502.0000007476934,0.0,173.93092995882034,0.0,0,0,1,0,0.0,0,0,0,0,0,0,30,darktreesboy,303,502,0,502,502,write_events_complete,0,0,0
643,522,576,5418,498.4442133009834,0,0,0,576,1,1117,1116,5418,0,705,643,473,0.395898686431677,1115.9999996317563,570.5327538586905,404.9294164776802,157.38944506645203,1115.9999983095765,572.5331348352064,404.70035606622696,157.28210562467575,0,0,0,0,0.0,0,0,0,0,0,0,576,drillmaster1117,705,1116,0,1116,1116,write_events_complete,575,0,274
546,491,487,4744,115.59194623918174,2,0,0,487,1,982,981,4744,0,279,546,435,0.38605243725954885,981.0000003382863,0.0,160.19800907373428,0.0,980.999997681807,0.0,160.13395482301712,0.0,0,0,1,0,0.0,0,0,0,0,0,0,487,drillmasterfollowingatright,279,981,2,981,981,write_events_complete,0,0,0
209,206,30,1123,9.088630859214794,0,0,0,30,1,254,253,1123,0,0,209,44,0.5977217871363001,253.0,0.0,0.0,0.0,253.0,0.0,0.0,0.0,0,0,1,0,0.0,0,0,0,0,0,0,30,farfatboy,0,253,0,253,253,write_events_complete,0,0,0
486,329,585,5410,488.7633805999001,0,0,0,585,5,1160,1159,5410,0,365,486,673,0.3024720089580614,1158.9999932618734,445.15462730134203,209.57451128959656,96.45752304792404,1158.9999975798805,405.68010345759495,209.50041675567627,96.43697667121887,0,0,4,0,0.0,0,0,0,0,0,0,585,firstexercisebook,365,1159,0,1159,1159,write_events_complete,533,0,168
131,125,27,736,21.706798613456986,0,0,0,27,2,193,192,736,0,28,131,61,0.5140896822868417,192.00000063005947,0.0,16.07972937822342,0.0,191.99999772698484,0.0,16.070295989513397,0.0,0,0,2,0,0.0,0,0,0,0,0,0,27,foamatgirl`srighthand,28,192,0,192,192,write_events_complete,0,0,0
924,819,210,5328,145.28417303953725,1,0,0,209,9,1146,1145,5328,0,203,924,221,0.6068913681368049,1144.9999878235708,0.0,116.55029833316803,0.0,1145.0000018631515,0.0,116.51054066419601,0.0,0,0,9,0,0.0,0,0,0,1,1,0,209,foldedfolderatlefthand,203,1145,1,1145,1145,write_events_complete,0,0,0
122,122,0,703,5.636812226124807,0,0,0,0,0,151,150,703,0,45,122,28,0.6392091834235849,149.99999947895452,0.0,25.84420680999756,0.0,150.00000074237272,0.0,25.828226268291473,0.0,0,0,0,0,0.0,0,0,0,0,0,0,0,girl2left3man1,45,150,0,150,150,write_events_complete,0,0,0
38,38,467,2568,280.9098039646598,1,0,0,467,1,571,570,2568,0,243,38,532,0.10577430481897517,570.0000009205083,239.52092188820953,139.62436723709106,139.62436723709106,569.9999984328936,229.84816184798467,139.50521248579025,139.50521248579025,0,0,0,0,0.0,0,0,0,0,0,0,467,girl`sblkbag,243,570,1,570,570,write_events_complete,242,0,243
1129,1129,0,5107,16.227557526950395,0,0,0,0,0,1130,1129,5107,0,1114,1129,0,0.8891242378926612,1129.000002171931,0.0,639.978011906147,0.0,1128.9999994820732,0.0,639.5157278776169,0.0,0,0,0,0,0.0,0,0,0,0,0,0,0,girlafterglassdoor,1114,1129,0,1129,1129,write_events_complete,0,0,0
812,805,151,4839,50.978573377821135,1,0,0,151,3,1217,1216,4839,0,10,812,404,0.55325610675088,1215.9999895631213,0.0,5.740712404251099,0.0,1215.9999857393182,0.0,5.73975396156311,0.0,0,0,3,0,0.0,0,0,0,0,0,0,151,girldownstairfromlight,10,1216,1,1216,1216,write_events_complete,0,0,0
982,982,8,4912,16.48978752926369,0,0,0,8,1,1033,1032,4912,0,896,982,50,0.8353714955991604,1031.9999980261668,0.0,514.3567948937416,0.0,1031.9999986758291,0.0,514.3343532681465,0.0,0,0,1,0,0.0,0,0,0,0,0,0,8,girlfromlight_quezhen,896,1032,0,1032,1032,write_events_complete,0,0,0
311,311,0,1476,3.2215923188155147,0,0,0,0,0,312,311,1476,0,287,311,0,0.8465109528281854,311.0000000581464,0.0,164.86145687103271,0.0,310.99999966898696,0.0,164.7220151424408,0.0,0,0,0,0,0.0,0,0,0,0,0,0,0,girlinrain,287,311,0,311,311,write_events_complete,0,0,0
239,234,40,1368,20.70850638840374,0,0,0,40,6,304,303,1368,0,70,239,64,0.63954269823629,303.00000158643456,0.0,40.205398857593536,0.0,302.9999968374737,0.0,40.175955176353455,0.0,0,0,6,0,0.0,0,0,0,0,0,0,40,girllongskirt,70,303,0,303,303,write_events_complete,0,0,0
645,418,475,4909,466.35451272261093,0,0,0,475,10,986,985,4909,0,362,645,340,0.3703368237203789,985.0000039368788,800.516490644775,207.88756346702576,174.579902946949,985.0000043075021,703.5287647681794,207.7888114452362,174.49750262498856,0,0,9,0,0.0,0,0,0,0,0,0,475,girlof2leaders,362,985,0,985,985,write_events_complete,843,0,304
250,230,75,1468,47.408487658091715,2,0,0,75,2,308,307,1468,0,4,250,57,0.581831976281888,306.9999969005585,0.0,2.2964083552360535,0.0,307.00000147148955,0.0,2.296087861061096,0.0,0,0,2,0,0.0,0,0,1,1,1,0,75,girlrightthewautress,4,307,2,307,307,write_events_complete,0,0,0
2744,2744,0,13450,47.64353715569427,0,0,0,0,0,2858,2857,13450,0,639,2744,113,0.7304171629268836,2856.999982629505,0.0,366.94991862773895,0.0,2857.000014219535,0.0,366.75619208812714,0.0,0,0,0,0,0.0,0,0,0,0,0,0,0,girlunderthestreetlamp,639,2857,0,2857,2857,write_events_complete,0,0,0
244,221,39,1400,48.46672593823422,0,0,0,39,1,282,281,1400,0,236,244,37,0.6701741132660607,281.00000148912903,38.991547832469564,135.53019058704376,20.09698784351349,281.0000006506547,37.268872458010065,135.47051060199738,20.092158317565918,0,0,1,0,0.0,0,0,0,0,0,0,39,guardunderthecolumn,236,281,0,281,281,write_events_complete,40,0,35
533,533,0,2652,31.86075077095976,0,0,0,0,0,542,541,2652,0,401,533,8,0.8196362042558805,540.9999956163676,0.0,230.34196454286575,0.0,540.9999996376596,0.0,230.17314583063126,0.0,0,0,0,0,0.0,0,0,0,0,0,0,0,hugboy,401,541,0,541,541,write_events_complete,0,0,0
1462,1176,2462,21068,1229.725997721888,34,0,0,2460,32,4317,4316,21068,0,164,1462,2854,0.26933099105436104,4316.000009111378,68.92903488339724,94.13120472431183,40.74709218740463,4315.999972288426,300.96148657132244,94.12644159793854,40.74984407424927,0,0,31,0,0.0,0,3,10,12,4,0,2460,hyalinepaperfrontface,164,4316,34,4316,4316,write_events_complete,305,0,71
1373,1264,177,6193,114.54856019646031,0,0,0,177,6,1475,1474,6193,0,660,1373,101,0.7097809473020705,1473.9999871119057,0.0,379.0758846998215,0.0,1474.0000035591963,0.0,378.78610533475876,0.0,0,0,6,0,0.0,0,0,0,0,0,0,177,large,660,1474,0,1474,1474,write_events_complete,0,0,0
103,86,1017,5523,328.28267229788065,2,0,0,1017,2,1116,1115,5523,0,134,103,1012,0.06490540733618218,1114.9999914932507,395.534973660667,76.9307273030281,45.354895174503326,1114.9999945807372,417.52329901416175,76.9143545627594,45.34637713432312,0,0,1,0,0.0,0,0,0,0,0,0,1017,lastleftgirl,134,1115,2,1115,1115,write_events_complete,467,0,79
2346,2042,1317,17898,1021.3264869849108,6,2,0,1316,15,3650,3383,16861,3,2187,2346,1093,0.5007385501443209,3394.263868452341,978.6120650030317,1255.9529795646667,366.96123683452606,3388.483440518872,1047.298395998684,1255.381614625454,366.797800719738,0,3,14,0,0.0,0,2,2,3,3,0,1316,leftblkTboy,2232,3649,5,3439,3439,write_events_complete,1060,1,639
1222,1009,1745,17030,380.22609856983314,8,0,0,1743,36,3991,3990,17030,0,51,1222,2768,0.28749706814255116,3989.999998539274,0.0,29.27381122112274,0.0,3989.9999821482515,0.0,29.27164113521576,0.0,0,0,35,0,0.0,0,0,1,4,2,0,1743,leftbottle2hang,51,3990,8,3990,3990,write_events_complete,0,0,0
272,251,949,6136,546.9300512495439,3,0,0,950,3,1244,1243,6136,0,686,272,971,0.16360115482705598,1243.0000027620827,465.61222660898807,393.85158544778824,248.61266040802002,1243.0000013424205,551.543338348357,393.74770337343216,248.54847222566605,0,0,2,0,0.0,0,1,1,0,0,0,950,leftboy2jointhe4,686,1243,3,1243,1243,write_events_complete,671,0,433
554,525,199,3521,180.66971018271602,0,0,0,199,1,744,743,3521,0,514,554,189,0.5673632546827678,742.9999973962632,175.01179281334717,295.15684682130814,102.80175012350082,743.0000027308403,192.35483016700053,295.03397929668427,102.74948298931122,0,0,1,0,0.0,0,0,0,0,0,0,199,leftboyoutofthetroop,514,743,0,743,743,write_events_complete,195,0,179
946,937,310,6995,230.37816412477255,0,0,0,310,4,1400,1399,6995,0,1007,946,453,0.6012261017690298,1398.9999990671502,254.4954226284125,578.3484383225441,120.0385999083519,1399.0000004555725,235.86107257637,578.1965290307999,120.01104921102524,0,0,4,0,0.0,0,0,0,0,0,0,310,leftchair,1007,1399,0,1399,1399,write_events_complete,258,0,209
416,409,44,2274,24.862037935747203,0,0,0,44,3,566,565,2274,0,0,416,149,0.5831285914470077,565.0,0.0,0.0,0.0,565.0,0.0,0.0,0.0,0,0,2,0,0.0,0,0,0,0,0,0,44,lefterbike,0,565,0,565,565,write_events_complete,0,0,0
742,642,185,4936,195.2239628883093,2,0,0,185,5,1102,1101,4936,1,171,742,359,0.5135119673467149,1101.000003396548,326.14869160998506,98.16384279727936,39.03736287355423,1101.0000000265288,293.1496552897812,98.14971935749054,39.030574679374695,0,1,5,0,0.0,0,1,1,1,0,0,185,leftexcersicebookyellow,171,1101,2,1101,1101,write_events_complete,720,1,68
826,823,4,4172,17.419272711169988,0,0,0,4,1,903,902,4172,0,0,826,76,0.707891089001164,902.0,0.0,0.0,0.0,902.0,0.0,0.0,0.0,0,0,1,0,0.0,0,0,0,0,0,0,4,leftfarboycomingpicktheball,0,902,0,902,902,write_events_complete,0,0,0
178,174,56,970,8.917081887381972,0,0,0,56,2,251,249,969,0,15,178,71,0.5889755751235609,249.0000050586176,0.0,8.611703276634216,0.0,249.00000981992204,0.0,8.610098123550415,0.0,0,0,1,0,0.0,0,0,0,0,0,0,56,leftgirl'swhitebag,15,250,0,249,249,write_events_complete,0,0,0
1092,1025,495,8461,170.20111105294595,1,0,0,494,18,1905,1904,8461,0,176,1092,812,0.4932564214651276,1903.9999901480337,0.0,101.08380341529846,0.0,1904.0000109720736,0.0,101.02203422784805,0.0,0,0,18,0,0.0,0,0,0,1,1,0,494,lefthyalinepaper2rgb,176,1904,1,1904,1904,write_events_complete,0,0,0
1375,1292,336,8038,199.83001679878998,10,0,0,333,13,1802,1801,8038,0,472,1375,426,0.6086258801602639,1801.0000130219894,252.1227522380549,271.0763682126999,26.416664123535156,1800.99999776778,257.0302953040701,270.92249512672424,26.402973771095276,0,0,13,0,0.0,0,0,3,4,0,0,333,lefthyalinepaperfrontpants,472,1801,10,1801,1801,write_events_complete,261,0,46
1694,1477,313,8804,274.7386382514921,0,0,0,313,23,1879,1878,8804,0,753,1694,184,0.6897501782623292,1877.999993371721,424.73616200972555,432.32249838113785,31.579702138900757,1878.0000010542599,837.4803788230305,432.19402408599854,31.567365765571594,0,0,23,0,0.0,0,0,0,0,0,0,313,leftmirror,753,1878,0,1878,1878,write_events_complete,816,0,55
1796,1676,306,9851,260.8812628959188,3,1,0,304,13,2265,2264,9851,1,610,1796,468,0.595181853004955,2264.000000535706,58.825999550475494,350.36053639650345,13.210372626781464,2263.999990550696,55.611493512187685,350.1286538243294,13.201730728149414,0,1,13,0,0.0,0,0,0,3,1,0,304,leftmirrorlikesky,610,2264,3,2264,2264,write_events_complete,66,0,23
908,700,956,7916,427.34240616914,2,0,0,955,10,1732,1731,7916,0,0,908,823,0.31930014677437524,1731.0,0.0,0.0,0.0,1731.0,0.0,0.0,0.0,0,0,9,0,0.0,0,0,0,1,0,0,955,leftmirrorside,0,1731,2,1731,1731,write_events_complete,0,0,0
72,68,14,765,37.00156795033342,0,0,0,14,1,170,167,755,0,99,72,95,0.4856537741326572,166.99999878031448,9.555185424783001,56.832797825336456,6.316584289073944,167.00000049108388,8.791281673587635,56.83104074001312,6.3137999176979065,0,0,0,0,0.0,0,0,0,0,0,0,14,leftopenexersicebook,99,169,0,167,167,write_events_complete,12,0,11
10,7,57,317,2.738032117368146,1,0,0,57,1,66,65,317,0,2,10,55,0.07418223108021442,65.00000154972076,0.0,1.1481881141662598,0.0,64.99999874206014,0.0,1.1479436755180359,0.0,0,0,0,0,0.0,0,0,0,0,0,0,57,leftpingpongball,2,65,1,65,65,write_events_complete,0,0,0
132,129,13,721,16.935541737444588,1,0,0,14,1,148,147,721,0,16,132,15,0.7238958128615214,147.0000003696987,0.0,9.186455249786377,0.0,147.00000180405794,0.0,9.18344271183014,0.0,0,0,1,0,0.0,0,1,1,0,0,0,14,leftrushingboy,16,147,1,147,147,write_events_complete,0,0,0
312,187,732,4920,612.6104640717112,1,0,0,732,3,986,985,4920,1,814,312,673,0.1928817400607492,984.9999997411355,655.7987475115547,467.42747789621353,345.11272329092026,985.0000021231305,625.6066790106355,467.30871748924255,345.0227571129799,0,1,2,0,0.0,0,0,0,0,0,0,732,leftunderbasket,814,985,1,985,985,write_events_complete,728,1,601
1801,1800,141,9869,160.00374621375244,0,0,0,141,2,1981,1980,9869,0,1817,1801,179,0.7322626528017486,1979.9999979928277,102.0220520356385,1043.7600473761559,58.02122002840042,1979.9999996062693,104.02367992884075,1042.9842562675476,57.97259569168091,0,0,2,0,0.0,0,0,0,0,0,0,141,leftuphand,1817,1980,0,1980,1980,write_events_complete,104,0,101
1663,1663,0,7929,29.78392795563067,0,0,0,0,0,1676,1675,7929,0,177,1663,12,0.774116463349309,1675.0000109986875,0.0,101.59634464979172,0.0,1674.9999960831244,0.0,101.60366719961166,0.0,0,0,0,0,0.0,0,0,0,0,0,0,0,littelbabycryingforahug,177,1675,0,1675,1675,write_events_complete,0,0,0
28,27,3,156,4.72940884398786,0,0,0,3,1,33,31,151,0,5,28,3,0.722722096444076,31.00000007222378,0.0,2.8720937371253967,0.0,31.00000002656375,0.0,2.870205044746399,0.0,0,0,1,0,0.0,0,0,0,0,0,0,3,lowerfoamboard,5,32,0,31,31,write_events_complete,0,0,0
1067,1062,16,5248,17.007030532492745,0,0,0,16,1,1096,1095,5248,0,1011,1067,28,0.8184705567030026,1094.999999440711,0.0,580.6154496073723,0.0,1095.000000075208,0.0,580.3706635832787,0.0,0,0,0,0,0.0,0,0,0,0,0,0,16,mandownstair,1011,1095,0,1095,1095,write_events_complete,0,0,0
407,407,0,1879,3.5125563404228903,0,0,0,0,0,408,407,1879,0,351,407,0,0.8357644205256448,406.9999981890073,0.0,201.53567898273468,0.0,407.0000007658051,0.0,201.49572050571442,0.0,0,0,0,0,0.0,0,0,0,0,0,0,0,manfromtoilet,351,407,0,407,407,write_events_complete,0,0,0
207,200,40,1130,16.056280104261944,0,0,0,40,1,254,253,1130,0,142,207,46,0.6508410123326152,253.0000010371215,0.0,81.56927514076233,0.0,253.00000194494396,0.0,81.50126057863235,0.0,0,0,1,0,0.0,0,0,0,0,0,0,40,mangetsoff,142,253,0,253,253,write_events_complete,0,0,0
441,439,27,2202,14.51026288801991,1,0,0,26,4,521,520,2202,0,221,441,79,0.7187785914193104,520.0000021814086,0.0,126.94783473014832,0.0,520.0000011284573,0.0,126.84474176168442,0.0,0,0,4,0,0.0,0,0,0,1,1,0,26,manoncall,221,520,1,520,520,write_events_complete,0,0,0
260,257,12,1308,10.556666335582566,0,0,0,12,1,273,272,1308,0,168,260,12,0.8048446681363224,271.9999983631724,0.0,96.50975996255875,0.0,271.9999990303068,0.0,96.42431336641312,0.0,0,0,1,0,0.0,0,0,0,0,0,0,12,mansimiliar,168,272,0,272,272,write_events_complete,0,0,0
122,122,0,599,0.8686703667187308,0,0,0,0,0,123,122,599,0,83,122,0,0.8203055185411965,122.0000013245402,0.0,47.67906379699707,0.0,122.00000065274381,0.0,47.637460708618164,0.0,0,0,0,0,0.0,0,0,0,0,0,0,0,mantostartcar,83,122,0,122,122,write_events_complete,0,0,0
347,347,0,1628,4.8768416452045456,0,0,0,0,0,353,352,1628,0,270,347,5,0.7944867737183369,351.9999978541831,0.0,155.0565101504326,0.0,352.0000007634306,0.0,154.97568666934967,0.0,0,0,0,0,0.0,0,0,0,0,0,0,0,midblkgirl,270,352,0,352,352,write_events_complete,0,0,0
5743,5419,1599,35888,1320.4328518497316,8,2,0,1594,17,7258,7257,35888,2,5157,5743,1514,0.6166283073777294,7257.000004570981,1136.3899622843433,2961.48280364275,493.2664985656738,7256.9999974808625,1219.867144859327,2960.273948609829,493.09348499774933,0,2,17,0,0.0,0,0,0,5,5,0,1594,midboyNo_9,5157,7257,8,7257,7257,write_events_complete,1396,0,859
487,469,185,3175,123.25209522223095,1,0,0,186,2,664,663,3175,0,117,487,176,0.5597839642678389,663.0000006613561,0.0,67.177978515625,0.0,662.9999895988432,0.0,67.15096014738083,0.0,0,0,1,0,0.0,0,1,1,0,0,0,186,middrillmaster,117,663,1,663,663,write_events_complete,0,0,0
2649,2491,581,15504,424.55646900141573,6,1,0,580,8,3226,3225,15504,3,2128,2649,576,0.5819289847599222,3224.99999451739,228.74679105301965,1221.8458436727524,93.60257714986801,3224.9999923327337,309.9572704636546,1221.5538949370384,93.56898897886276,0,3,7,0,0.0,0,2,2,3,2,0,580,midgreyboyrunningcoming,2128,3225,6,3225,3225,write_events_complete,527,2,163
317,317,85,2063,31.93984685737563,0,0,0,85,1,439,438,2063,0,202,317,121,0.6237758460248989,437.9999944839284,0.0,116.04645895957947,0.0,438.00000043595907,0.0,115.94280451536179,0.0,0,0,0,0,0.0,0,0,0,0,0,0,85,midof3girls,202,438,0,438,438,write_events_complete,0,0,0
5126,4772,2315,35965,1612.6169647203544,9,3,0,2311,15,7309,7293,35891,3,4630,5126,2167,0.5499465173045943,7292.999985317213,1853.6041681610718,2658.769798874855,548.3850242495537,7293.000019630054,2122.063618268554,2657.663891375065,548.1738045215607,0,3,15,0,0.0,0,1,1,5,4,0,2311,midredboy,4630,7308,9,7293,7293,write_events_complete,2383,0,955
287,226,202,1971,70.80460672185086,0,0,0,202,2,442,441,1971,0,8,287,154,0.3769836283096607,441.00000809389104,0.0,4.592680931091309,0.0,440.99999634029683,0.0,4.591716289520264,0.0,0,0,1,0,0.0,0,0,0,0,0,0,202,midrunboywithwhite,8,441,0,441,441,write_events_complete,0,0,0
77,77,0,379,0.9608070971148438,0,0,0,0,0,78,77,379,0,77,77,0,0.8576693878996806,77.00000047011291,0.0,44.24146682024002,0.0,76.99999953441424,0.0,44.20228850841522,0.0,0,0,0,0,0.0,0,0,0,0,0,0,0,minibus,77,77,0,77,77,write_events_complete,0,0,0
179,170,37,1006,16.352297826649536,0,0,0,37,1,214,213,1006,0,139,179,34,0.668696007568529,213.00000109376083,0.0,79.84177190065384,0.0,212.9999994218791,0.0,79.80482798814774,0.0,0,0,0,0,0.0,0,0,0,0,0,0,37,minibusgoes2left,139,213,0,213,213,write_events_complete,0,0,0
253,253,0,1253,1.684528811306526,0,0,0,0,0,254,253,1253,0,212,253,0,0.8696196502099396,252.99999883616633,0.0,121.74467957019806,0.0,252.99999830938543,0.0,121.68364977836609,0.0,0,0,0,0,0.0,0,0,0,0,0,0,0,moto,212,253,0,253,253,write_events_complete,0,0,0
83,83,0,386,0.7307044099478665,0,0,0,0,0,84,83,386,0,20,83,0,0.7480230496362282,83.00000044148527,0.0,11.481935560703278,0.0,82.99999979878142,0.0,11.47864419221878,0.0,0,0,0,0,0.0,0,0,0,0,0,0,0,motocomeonlight,20,83,0,83,83,write_events_complete,0,0,0
126,126,0,569,0.733770728851374,0,0,0,0,0,127,126,569,0,61,126,0,0.8074402079080787,125.99999977979499,0.0,35.03362303972244,0.0,126.0000002840116,0.0,35.01278775930405,0.0,0,0,0,0,0.0,0,0,0,0,0,0,0,motogoesaloongS,61,126,0,126,126,write_events_complete,0,0,0
215,208,40,1234,21.204756253609563,0,0,0,40,2,306,305,1234,0,92,215,90,0.5594636621414688,305.00000033723165,0.0,52.83667480945587,0.0,304.99999642409995,0.0,52.817508816719055,0.0,0,0,1,0,0.0,0,0,0,0,0,0,40,mototaking2boys306,92,305,0,305,305,write_events_complete,0,0,0
121,121,0,571,1.5718172402621615,0,0,0,0,0,122,121,571,0,121,121,0,0.8284147529915059,121.00000004790259,0.0,69.51138693094254,0.0,120.99999998487286,0.0,69.44783169031143,0.0,0,0,0,0,0.0,0,0,0,0,0,0,0,mototurneast,121,121,0,121,121,write_events_complete,0,0,0
94,94,0,448,1.7479874777157152,0,0,0,0,0,95,94,448,0,63,94,0,0.7768461473348535,94.00000078432431,0.0,36.18868041038513,0.0,94.00000012134794,0.0,36.15924948453903,0.0,0,0,0,0,0.0,0,0,0,0,0,0,0,motowithbluetop,63,94,0,94,94,write_events_complete,0,0,0
786,785,12,3922,17.498002330908427,1,0,0,11,2,808,807,3922,0,544,786,21,0.819216880928691,807.0000013533021,0.0,312.3248812556267,0.0,806.999999722015,0.0,312.2507362961769,0.0,0,0,2,0,0.0,0,0,0,1,1,0,11,pingpingpad3,544,807,1,807,807,write_events_complete,0,0,0
1078,1017,166,4958,138.92937213692787,3,0,0,165,8,1270,1269,4958,0,11,1078,191,0.6677416055284808,1268.9999610309583,0.0,6.314230680465698,0.0,1268.999964556498,0.0,6.31448233127594,0.0,0,0,7,0,0.0,0,1,1,2,1,0,165,pinkwithblktopcup,11,1269,3,1269,1269,write_events_complete,0,0,0
333,333,0,1521,1.9902746996712264,0,0,0,0,0,334,333,1521,0,273,333,0,0.835710496603667,333.0000011085709,0.0,156.78907829523087,0.0,333.00000033369093,0.0,156.69115245342255,0.0,0,0,0,0,0.0,0,0,0,0,0,0,0,raincarturn,273,333,0,333,333,write_events_complete,0,0,0
156,156,0,716,4.030681304525739,0,0,0,0,0,157,156,716,0,130,156,0,0.8405659303588897,155.9999990781761,0.0,74.66117233037949,0.0,155.99999984989773,0.0,74.61120349168777,0.0,0,0,0,0,0.0,0,0,0,0,0,0,0,rainycarcome_ab,130,156,0,156,156,write_events_complete,0,0,0
135,135,5,670,5.267007376151174,0,0,0,5,1,150,149,670,0,16,135,14,0.7348941221583654,149.00000008907614,1.1580504262900977,9.185992777347565,0.5741502046585083,148.99999886232158,2.519009837969876,9.183924496173859,0.5740227103233337,0,0,1,0,0.0,0,0,0,0,0,0,5,redboygoright,16,149,0,149,149,write_events_complete,1,0,1
261,261,0,1304,1.2456681879997558,0,0,0,0,0,262,261,1304,0,261,261,0,0.8690508531617742,260.9999990404234,0.0,149.916146337986,0.0,260.9999993103095,0.0,149.81552815437317,0.0,0,0,0,0,0.0,0,0,0,0,0,0,0,redcarcominginlight,261,261,0,261,261,write_events_complete,0,0,0
103,103,0,515,2.153314862457571,0,0,0,0,0,104,103,515,0,67,103,0,0.7037199871774822,103.00000054053505,0.0,38.47883701324463,0.0,102.9999999448622,0.0,38.456911504268646,0.0,0,0,0,0,0.0,0,0,0,0,0,0,0,redetricycle,67,103,0,103,103,write_events_complete,0,0,0
591,589,11,3172,62.177611329255434,0,0,0,11,1,662,661,3172,0,0,591,70,0.6937085461584012,661.0,0.0,0.0,0.0,661.0,0.0,0.0,0.0,0,0,1,0,0.0,0,0,0,0,0,0,11,redmidboy,0,661,0,661,661,write_events_complete,0,0,0
445,373,352,3637,218.83776815076706,12,0,0,350,3,730,729,3637,0,225,445,284,0.43145187462938256,728.9999963353062,0.0,129.23007822036743,0.0,729.0000020182661,0.0,129.14285546541214,0.0,0,0,2,0,0.0,0,2,2,4,4,0,350,redroadlatboy,225,729,12,729,729,write_events_complete,0,0,0
144,144,0,721,6.951312520002555,0,0,0,0,0,168,167,721,0,100,144,23,0.6902416920861179,166.9999982906193,0.0,57.4441192150116,0.0,167.00000047774327,0.0,57.39604479074478,0.0,0,0,0,0,0.0,0,0,0,0,0,0,0,redtricycle,100,167,0,167,167,write_events_complete,0,0,0
815,599,1077,8116,415.5981897040388,3,0,0,1078,7,1750,1749,8116,0,2,815,934,0.27345249981264963,1748.9999118695737,0.0,1.148227035999298,0.0,1749.0000029411142,0.0,1.1478734612464905,0.0,0,0,6,0,0.0,0,1,1,0,0,0,1078,right2ndflagformath,2,1749,3,1749,1749,write_events_complete,0,0,0
1517,1348,422,9021,282.2752401355924,6,0,0,424,8,1916,1898,8936,0,7,1517,381,0.5518213894128405,1897.9999951626153,0.0,4.018359184265137,0.0,1897.9999924426772,0.0,4.017500519752502,0.0,0,0,8,0,0.0,0,2,4,2,2,0,424,right5thflag,8,1915,6,1898,1898,write_events_complete,0,0,0
108,107,105,965,58.2423779064181,1,0,0,106,2,225,224,965,0,73,108,116,0.3779173709069242,223.99999998207878,34.52043213709157,41.92557805776596,21.82880449295044,223.99999989468628,30.57078918055414,41.901950657367706,21.8131245970726,0,0,1,0,0.0,0,1,1,0,0,0,106,rightbike,73,224,1,224,224,write_events_complete,37,0,38
391,391,0,1866,12.023163346483495,0,0,0,0,0,416,415,1866,0,248,391,24,0.746579276675696,415.0000004701505,0.0,142.40727853775024,0.0,415.0000008289067,0.0,142.37161767482758,0.0,0,0,0,0,0.0,0,0,0,0,0,0,0,rightbike-gai,248,415,0,415,415,write_events_complete,0,0,0
3554,3239,889,21925,1027.001750150659,0,0,0,889,7,4386,4385,21925,0,3758,3554,831,0.6560817947208588,4385.000007482092,854.7003962906381,2158.027253806591,450.6960176229477,4385.0000052579,849.7235632735943,2157.7054760456085,450.7265703678131,0,0,7,0,0.0,0,0,0,0,0,0,889,rightblkboy4386,3758,4385,0,4385,4385,write_events_complete,888,0,785
254,254,0,1278,6.293865603597123,0,0,0,0,0,279,276,1273,0,196,254,23,0.7565872673538417,275.9971047024072,0.0,112.5526213645935,0.0,275.9995576556235,0.0,112.52923846244812,0.0,0,0,0,0,0.0,0,0,0,0,0,0,0,rightblkboystand,197,278,0,277,277,write_events_complete,0,0,0
383,383,0,1917,19.07478727278347,0,0,0,0,0,386,385,1917,0,145,383,2,0.79640901458569,385.00000476949106,0.0,83.24060451984406,0.0,385.00000737000363,0.0,83.2238199710846,0.0,0,0,0,0,0.0,0,0,0,0,0,0,0,rightblkfatboyleftwhite,145,385,0,385,385,write_events_complete,0,0,0
349,348,0,1684,19.166398494574317,0,0,0,0,0,353,352,1684,0,310,349,3,0.6927898808460778,352.0000009032422,0.0,178.05872988700867,0.0,351.99999905454075,0.0,177.9315539598465,0.0,0,0,0,0,0.0,0,0,0,0,0,0,0,rightbluewhite,310,352,0,352,352,write_events_complete,0,0,0
651,525,541,5089,189.78223455647296,4,0,0,542,26,1388,1387,5089,0,2,651,736,0.36091569906918197,1386.9999635219574,0.0,1.148093819618225,0.0,1387.0000246670772,0.0,1.1477936506271362,0.0,0,0,25,0,0.0,0,2,3,1,1,0,542,rightbottlecomes,2,1387,4,1387,1387,write_events_complete,0,0,0
492,487,5,2292,10.726645416164192,0,0,0,5,1,504,503,2292,0,121,492,11,0.7561045276983155,502.999997102823,0.0,69.47309118509293,0.0,502.99999961136865,0.0,69.45035886764526,0.0,0,0,1,0,0.0,0,0,0,0,0,0,5,rightboy504,121,503,0,503,503,write_events_complete,0,0,0
617,614,424,4499,87.41661500182832,0,0,0,424,1,1050,1049,4499,0,574,617,432,0.4937757247828447,1049.0000017250059,0.0,329.5021730661392,0.0,1049.0000192816342,0.0,329.4313749074936,0.0,0,0,0,0,0.0,0,0,0,0,0,0,424,rightcameraman,574,1049,0,1049,1049,write_events_complete,0,0,0
202,192,251,2437,53.754026584352076,3,0,0,252,4,561,560,2437,0,5,202,358,0.31477944133448527,559.9999982870804,0.0,2.870430052280426,0.0,560.0000014594533,0.0,2.8703079223632812,0.0,0,0,3,0,0.0,0,0,2,1,0,0,252,rightcar-chongT,5,560,3,560,560,write_events_complete,0,0,0
304,287,314,2565,72.23441504975696,2,0,0,313,3,604,603,2565,0,56,304,299,0.36959285131854475,602.9999848013376,0.0,32.15298014879227,0.0,602.9999906377916,0.0,32.14039182662964,0.0,0,0,2,0,0.0,0,0,1,1,1,0,313,rightcomingstrongboy,56,603,2,603,603,write_events_complete,0,0,0
743,743,339,5237,78.46180489258506,2,0,0,339,2,1133,1132,5237,0,0,743,389,0.504160858344951,1132.0,0.0,0.0,0.0,1132.0,0.0,0.0,0.0,0,0,1,0,0.0,0,0,2,0,0,0,339,rightdarksingleman,0,1132,2,1132,1132,write_events_complete,0,0,0
115,49,606,3251,223.55971567043989,7,0,0,606,3,668,667,3251,0,4,115,552,0.06559846042834222,667.0000167760701,0.0,2.2973405718803406,0.0,666.9999960194399,0.0,2.2956525683403015,0.0,0,0,2,0,0.0,0,0,0,1,0,0,606,rightgirltakingcup,4,667,7,667,667,write_events_complete,0,0,0
264,245,45,1429,32.0868807865217,1,0,0,44,2,308,307,1429,0,162,264,43,0.6272043991575559,306.9999993147089,0.0,93.04454326629639,0.0,307.0000002132063,0.0,93.00045216083527,0.0,0,0,2,0,0.0,0,0,0,1,1,0,44,rightwaiter1_quezhen,162,307,1,307,307,write_events_complete,0,0,0
165,147,225,1620,95.38635431040363,1,0,0,226,3,386,385,1620,0,52,165,220,0.3178986404847441,384.9999995398906,0.0,29.85517120361328,0.0,385.0000033372119,0.0,29.844117879867554,0.0,0,0,2,0,0.0,0,0,1,0,0,0,226,runningcameragirl,52,385,1,385,385,write_events_complete,0,0,0
432,424,161,3537,40.89513306714846,5,0,0,159,3,832,831,3537,0,11,432,399,0.48261127030336154,830.999997857045,0.0,6.318282246589661,0.0,830.9999977620926,0.0,6.314223885536194,0.0,0,0,3,0,0.0,0,0,0,3,0,0,159,shinybikeboy2left,11,831,5,831,831,write_events_complete,0,0,0
277,275,32,1631,12.159557931832325,1,0,0,32,2,359,358,1631,0,185,277,81,0.6278911156128949,358.0000015167536,0.0,106.25153684616089,0.0,358.0000007598238,0.0,106.21699160337448,0.0,0,0,1,0,0.0,0,0,1,0,0,0,32,shinycarcoming,185,358,1,358,358,write_events_complete,0,0,0
496,496,49,2811,47.89132360570278,0,0,0,49,2,602,601,2811,0,171,496,105,0.6337542111896161,600.9999984053761,13.286352346778262,98.22537529468536,6.892742335796356,601.0000011370928,18.95077785071447,98.18688297271729,6.888342022895813,0,0,1,0,0.0,0,0,0,0,0,0,49,shinycarcoming2,171,601,0,601,601,write_events_complete,23,0,12
200,200,0,997,0.7749827415232107,0,0,0,0,0,201,200,997,0,200,200,0,0.9320136892184558,199.9999991543718,0.0,114.94235283136368,0.0,199.99999949335935,0.0,114.80019015073776,0.0,0,0,0,0,0.0,0,0,0,0,0,0,0,silvercarturn,200,200,0,200,200,write_events_complete,0,0,0
647,647,8,2983,4.682443511996674,0,0,0,8,1,662,661,2983,0,517,647,14,0.8267744557447286,661.0000000162847,0.0,296.8518814444542,0.0,660.9999975277051,0.0,296.7363232374191,0.0,0,0,1,0,0.0,0,0,0,0,0,0,8,small-gai,517,661,0,661,661,write_events_complete,0,0,0
677,677,0,3399,7.557839781021967,0,0,0,0,0,683,682,3399,0,531,677,5,0.8292439425863936,682.0000007037617,0.0,304.96515917778015,0.0,682.0000003841103,0.0,304.8322106599808,0.0,0,0,0,0,0.0,0,0,0,0,0,0,0,standblkboy,531,682,0,682,682,write_events_complete,0,0,0
596,596,0,2661,20.756376591946008,0,0,0,0,0,664,663,2661,0,0,596,67,0.7523879881364323,663.0,0.0,0.0,0.0,663.0,0.0,0.0,0.0,0,0,0,0,0.0,0,0,0,0,0,0,0,swan_0109,0,663,0,663,663,write_events_complete,0,0,0
82,82,2,735,18.37829010608372,0,0,0,2,0,152,151,735,0,131,82,69,0.5933679078490184,151.0000003623869,0.0,75.28584587574005,0.0,151.0000008216445,0.0,75.18882590532303,0.0,0,0,0,0,0.0,0,0,0,0,0,0,2,truckgonorth,131,151,0,151,151,write_events_complete,0,0,0
926,815,299,5552,203.87460002740917,0,0,0,299,25,1171,1170,5552,0,2,926,244,0.5572153021022184,1169.999981045723,0.0,1.1480634212493896,0.0,1170.0,0.0,1.1478764414787292,0.0,0,0,24,0,0.0,0,0,0,0,0,0,299,turning1strowleft2ndboy,2,1170,0,1170,1170,write_events_complete,0,0,0
191,191,0,954,1.1718428038338082,0,0,0,0,0,192,191,954,0,165,191,0,0.8713380098433158,191.00000078528151,0.0,94.76885360479355,0.0,190.99999990468146,0.0,94.71150916814804,0.0,0,0,0,0,0.0,0,0,0,0,0,0,0,umbreboyoncall,165,191,0,191,191,write_events_complete,0,0,0
261,238,64,1493,42.52917353225037,3,0,0,63,4,319,318,1493,0,0,261,57,0.5719024915638133,318.0,0.0,0.0,0.0,318.0,0.0,0.0,0.0,0,0,4,0,0.0,0,0,1,2,2,0,63,umbrella,0,318,3,318,318,write_events_complete,0,0,0
451,451,4,2240,9.642952276510643,0,0,0,4,0,475,474,2240,0,113,451,23,0.7538129833065392,473.99999727828003,0.0,64.89634084701538,0.0,474.000001279186,0.0,64.85340797901154,0.0,0,0,0,0,0.0,0,0,0,0,0,0,4,umbrellabyboy,113,474,0,474,474,write_events_complete,0,0,0
470,463,35,2673,24.632759344025263,1,0,0,34,2,566,565,2673,0,277,470,95,0.6826650313357903,565.0000021928739,0.0,159.05373626947403,0.0,565.0000108300346,0.0,158.9961571097374,0.0,0,0,2,0,0.0,0,0,0,1,1,0,34,umbrellawillbefold,277,565,1,565,565,write_events_complete,0,0,0
406,405,67,2334,13.85802363043081,2,0,0,67,1,490,489,2334,0,325,406,83,0.7051103298465882,489.00000387274764,0.0,186.64075475931168,0.0,489.00000147320344,0.0,186.53989034891129,0.0,0,0,1,0,0.0,0,0,1,1,0,0,67,umbrellawillopen,325,489,2,489,489,write_events_complete,0,0,0
678,678,0,3332,20.093881866593662,0,0,0,0,0,680,679,3332,0,569,678,1,0.7778174889466202,679.0000028393877,0.0,326.8113177418709,0.0,678.9999992936973,0.0,326.65088534355164,0.0,0,0,0,0,0.0,0,0,0,0,0,0,0,waitresscoming,569,679,0,679,679,write_events_complete,0,0,0
395,392,159,2736,31.80709673090187,3,0,0,160,2,566,565,2736,0,36,395,170,0.5328882624089067,564.9999828506969,0.0,20.6701437830925,0.0,564.9999773906136,0.0,20.663814902305603,0.0,0,0,1,0,0.0,0,1,2,1,1,0,160,whitebikebelow,36,565,3,565,565,write_events_complete,0,0,0
611,601,85,3280,66.46609985408658,3,0,0,85,1,691,690,3280,0,86,611,79,0.7365352119520193,690.000012361522,0.0,49.39936852455139,0.0,689.9999993563432,0.0,49.361707627773285,0.0,0,0,1,0,0.0,0,1,1,1,1,0,85,whiteboyrightcoccergoal,86,690,3,690,690,write_events_complete,0,0,0
83,83,0,412,0.1770944221898773,0,0,0,0,0,84,83,412,0,83,83,0,0.8894820999030274,82.99999975883789,0.0,47.687330186367035,0.0,82.999999440072,0.0,47.63863277435303,0.0,0,0,0,0,0.0,0,0,0,0,0,0,0,whitecarcomeinrain,83,83,0,83,83,write_events_complete,0,0,0
533,530,145,3407,42.53499293166513,3,0,0,144,2,683,682,3407,0,456,533,149,0.6691159129327175,681.9999984673427,22.013225893964076,261.97579765319824,4.598198056221008,681.9999987966823,31.019558212182897,261.7767918109894,4.591895937919617,0,0,2,0,0.0,0,0,0,1,0,0,144,whitecarturn683,456,682,3,682,682,write_events_complete,44,0,8
56,56,0,280,0.8950332231764386,0,0,0,0,0,57,56,280,0,56,56,0,0.8752487982167694,55.99999916832667,0.0,32.17822730541229,0.0,56.00000016892521,0.0,32.1418451666832,0.0,0,0,0,0,0.0,0,0,0,0,0,0,0,whitecarturnleft,56,56,0,56,56,write_events_complete,0,0,0
102,102,0,496,1.4814337315676127,0,0,0,0,0,103,102,496,0,90,102,0,0.7806736250034533,101.99999975113411,0.0,51.72357398271561,0.0,102.00000150303829,0.0,51.670100808143616,0.0,0,0,0,0,0.0,0,0,0,0,0,0,0,whitecarturnright,90,102,0,102,102,write_events_complete,0,0,0
51,51,4,296,1.4949592129631237,0,0,0,4,1,67,66,296,0,0,51,15,0.6730675190979168,66.0,0.0,0.0,0.0,66.0,0.0,0.0,0.0,0,0,0,0,0.0,0,0,0,0,0,0,4,whitefardown,0,66,0,66,66,write_events_complete,0,0,0
122,118,32,733,23.83650765356778,1,0,0,33,2,155,154,733,0,0,122,32,0.5673760554528309,154.0,0.0,0.0,0.0,154.0,0.0,0.0,0.0,0,0,1,0,0.0,0,1,1,0,0,0,33,whitefargirl,0,154,1,154,154,write_events_complete,0,0,0
555,555,11,2684,5.133690209289906,0,0,0,11,1,589,588,2684,0,277,555,33,0.7692732128613594,587.9999993762103,0.0,159.03359234333038,0.0,587.9999992566212,0.0,158.98689901828766,0.0,0,0,1,0,0.0,0,0,0,0,0,0,11,whitegirlinlight,277,588,0,588,588,write_events_complete,0,0,0
188,179,369,2377,137.07164006100348,0,0,0,369,1,549,548,2377,0,152,188,360,0.23147718103810852,548.0000085518313,0.0,87.32058417797089,0.0,547.9999947056909,0.0,87.25206196308136,0.0,0,0,0,0,0.0,0,0,0,0,0,0,369,whitegirltakingchopsticks,152,548,0,548,548,write_events_complete,0,0,0
188,163,35,964,33.50579675594591,3,0,0,32,4,203,202,964,0,0,188,14,0.677766711741391,202.0,0.0,0.0,0.0,202.0,0.0,0.0,0.0,0,0,4,0,0.0,0,0,0,3,3,0,32,whiteofboys,0,202,3,202,202,write_events_complete,0,0,0
253,250,105,2056,19.446731331785223,5,0,0,105,1,425,424,2056,0,42,253,171,0.49840921559223494,423.9999967800795,0.0,24.110904335975647,0.0,424.0000074600457,0.0,24.10542804002762,0.0,0,0,1,0,0.0,0,0,0,0,0,0,105,whiteridingbike,42,424,5,424,424,write_events_complete,0,0,0
338,316,28,1655,22.490354815637097,1,0,0,27,2,346,345,1655,0,171,338,7,0.7435795699879808,345.0000007837205,0.0,98.20740610361099,0.0,344.99999226018554,0.0,98.14068514108658,0.0,0,0,2,0,0.0,0,0,0,1,1,0,27,whiterunningboy,171,345,1,345,345,write_events_complete,0,0,0
588,554,208,3577,69.61865871721638,3,0,0,207,10,818,817,3577,0,219,588,229,0.5597408823746776,817.0000026061018,0.0,125.74430388212204,0.0,817.0000026543265,0.0,125.69251149892807,0.0,0,0,9,0,0.0,0,1,1,2,2,0,207,whiteskirtgirlcomingfromgoal,219,817,3,817,817,write_events_complete,0,0,0
136,136,0,671,0.6962936983796961,0,0,0,0,0,137,136,671,0,136,136,0,0.8759422238857344,136.00000001948285,0.0,78.14783024787903,0.0,136.00000066095478,0.0,78.06030595302582,0.0,0,0,0,0,0.0,0,0,0,0,0,0,0,whitesuvturn,136,136,0,136,136,write_events_complete,0,0,0
93,93,0,440,1.9255218698589598,0,0,0,0,0,95,94,440,0,19,93,1,0.8207127946848252,94.00000027046455,0.0,10.912203788757324,0.0,93.9999995619695,0.0,10.905000388622284,0.0,0,0,0,0,0.0,0,0,0,0,0,0,0,womanback2car,19,94,0,94,94,write_events_complete,0,0,0
61,58,28,491,4.825477878348868,0,0,0,28,1,118,117,491,0,0,61,56,0.4845299321834225,117.0,0.0,0.0,0.0,117.0,0.0,0.0,0.0,0,0,0,0,0.0,0,0,0,0,0,0,28,yellowgirl118,0,117,0,117,117,write_events_complete,0,0,0
359,359,0,1764,5.462685016200906,0,0,0,0,0,361,360,1764,0,271,359,1,0.8321726337676107,360.00000054940404,0.0,155.69580978155136,0.0,360.0000008963572,0.0,155.5454775094986,0.0,0,0,0,0,0.0,0,0,0,0,0,0,0,yellowskirt,271,360,0,360,360,write_events_complete,0,0,0
