variant,sequence,NPR,PR,SR,valid_tracking_frames,failed_tracking_frames,failure_events,recovered_events,tracking_fps
baseline,10runone,99.67105263157895,100.0,79.68358395989975,303,0,0,0,24.149916379386376
baseline,11leftboy,88.1578947368421,88.81578947368422,74.02882205513784,151,17,1,1,29.031266530251028
baseline,11runtwo,95.59322033898306,100.0,78.41807909604522,294,0,0,0,21.679671905381827
baseline,1blackteacher,100.0,100.0,82.69263051871748,850,0,0,0,21.500061932787627
baseline,1boycoming,100.0,100.0,77.55883962780514,173,0,0,0,32.23980869053538
baseline,1stcol4thboy,4.293751850755108,6.899615042937518,5.1158396435269395,3376,3073,14,13,18.411362463600057
baseline,1strowleftboyturning,4.508196721311475,4.508196721311475,3.6755139214155608,731,699,1,0,21.102811476917047
baseline,1strowrightdrillmaster,73.82761330888133,97.8517160073356,62.48237833252242,3816,224,3,2,28.91321951612861
baseline,1strowrightgirl3540,32.96610169491526,41.38418079096045,29.27764326069411,3539,2053,35,34,21.161173376943434
baseline,2girl,87.83783783783784,99.09909909909909,74.34577434577434,221,2,0,0,43.498608914393515
baseline,2girlup,7.563025210084033,9.243697478991598,6.162464985994396,236,216,1,0,36.70190373135889
baseline,2runseven,98.88888888888889,100.0,80.49382716049381,269,0,0,0,28.411745177917872
baseline,3bike1,86.32478632478633,99.14529914529915,71.06227106227105,116,0,0,0,33.14664128881975
baseline,3men,94.47513812154696,97.23756906077348,76.05893186003684,180,0,0,0,34.914082019011175
baseline,3pinkleft,98.29059829059828,100.0,76.19047619047619,227,1,0,0,18.89890692581445
baseline,3rdfatboy,92.74924471299094,95.77039274924472,77.9887785930082,330,9,2,2,25.063451296286825
baseline,3rdgrouplastboy,67.78846153846155,73.91826923076923,51.34500915750916,831,224,4,3,23.188035849889683
baseline,3thmoto,94.23076923076923,99.03846153846155,81.91391941391942,103,0,0,0,41.90720849439732
baseline,4men,94.68599033816425,98.55072463768117,74.29261559696342,413,0,0,0,43.32705993770192
baseline,4thboywithwhite,78.73015873015873,81.26984126984127,66.83295540438398,314,59,4,4,27.23570414901232
baseline,7rightorangegirl,40.6570841889117,44.558521560574945,35.210716730223915,486,269,2,1,43.301014826534505
baseline,ab_bikeoccluded,98.01699716713881,99.43342776203966,72.48077701335492,312,2,0,0,33.972169570696
baseline,ab_blkskirtgirl,73.5655737704918,75.40983606557377,61.36807181889149,487,117,1,1,30.753980536514977
baseline,ab_bolstershaking,66.58453957499229,67.72405297197412,58.74433543050728,3246,329,15,15,20.84231909651963
baseline,ab_girlchoosesbike,97.27011494252874,99.56896551724138,77.01833607006022,695,0,0,0,40.170909257570415
baseline,ab_girlcrossroad,88.65979381443299,89.94845360824742,62.89887088856162,355,38,2,2,42.7220056894244
baseline,ab_pingpongball2,5.670103092783505,6.185567010309279,3.878252331860579,193,182,1,0,29.7281639784218
baseline,ab_rightlowerredcup_quezhen,26.411960132890368,28.62679955703212,27.653852238569847,1805,899,23,23,24.44367277600683
baseline,ab_whiteboywithbluebag,35.714285714285715,31.467181467181465,27.33958448244162,507,322,2,1,18.830615347197778
baseline,advancedredcup,58.681785967399,60.17009213323884,56.77162431237556,1410,391,12,12,50.79871501535988
baseline,AQgirlwalkinrain,71.50537634408603,73.9247311827957,51.45929339477726,371,87,1,1,31.47596711267242
baseline,AQtruck2north,100.0,100.0,82.3558897243108,94,0,0,0,33.64202361636877
baseline,baggirl,82.88288288288288,71.17117117117117,70.39897039897039,110,0,0,0,43.91536414432183
baseline,ballshootatthebasket3times,60.39867109634551,73.62126245847176,50.83372884037336,1489,362,11,10,19.299665811848925
baseline,basketball849,34.275618374558306,43.109540636042404,20.47226428851871,743,484,11,11,21.572237894219537
baseline,basketballathand,21.875,35.9375,29.24107142857143,63,33,2,1,34.73251833705128
baseline,basketboy,83.52941176470588,100.0,67.39495798319328,84,0,0,0,34.885658265390276
baseline,bawgirl,100.0,100.0,79.08163265306123,279,0,0,0,30.892003524057223
baseline,belowdarkgirl,92.46231155778895,99.49748743718592,73.07968413496052,198,1,0,0,24.522670195843386
baseline,besom3,74.65249386753884,58.29926410466067,68.33703227816065,1222,24,1,1,22.46561823375783
baseline,bike,97.84946236559139,98.77112135176651,80.90849242922974,650,1,0,0,25.4784205787006
baseline,bike2left,96.10894941634241,94.16342412451361,80.48916064480267,256,5,1,1,30.524068015213007
baseline,bike2trees,76.02739726027397,80.13698630136986,71.4938030006523,145,3,0,0,31.193916273440024
baseline,bikeboy,95.57522123893806,97.34513274336283,79.56173619890434,112,0,0,0,24.36402686335901
baseline,bikeboyintodark,32.92978208232446,26.755447941888622,30.323994004381422,825,467,4,3,23.03168774910048
baseline,bikeboyright,76.87366167023555,90.36402569593149,69.59314775160598,466,3,1,1,39.433308615201845
baseline,bikeboyturn,56.774193548387096,100.0,59.877112135176645,154,0,0,0,35.61290267367914
baseline,bikeboyturntimes,100.0,100.0,90.59376837154616,242,0,0,0,35.929672270772635
baseline,bikeboywithumbrella,100.0,100.0,83.98268398268398,219,0,0,0,30.452165160213738
baseline,bikefromlight,89.53488372093024,100.0,73.50498338870432,171,0,0,0,31.13859894232841
baseline,bikegoindark,35.91549295774648,40.845070422535215,32.99798792756539,283,132,2,1,31.17289143321829
baseline,bikeinrain,99.28571428571429,100.0,74.93197278911565,139,0,0,0,32.71860710442149
baseline,biketurnright,4.580152671755725,6.870229007633588,6.070519810977825,130,118,1,0,35.46198256257953
baseline,blackboy,99.53703703703704,100.0,84.96472663139329,431,0,0,0,23.69346248463305
baseline,blackboyoncall,100.0,100.0,87.48991121872479,294,0,0,0,44.310190144336545
baseline,blackcarturn,100.0,99.20634920634922,75.17006802721089,125,0,0,0,43.14884942973082
baseline,blackdown,95.16129032258065,98.38709677419355,74.88479262672813,61,1,0,0,31.084932443087595
baseline,blackgirl,94.47004608294931,95.85253456221197,74.45687952600395,216,1,0,0,30.360858171942557
baseline,blkboyback,94.73684210526315,87.71929824561403,76.69172932330827,170,0,0,0,28.346365734162646
baseline,blkboybetweenredandwhite,84.43708609271523,93.70860927152319,71.27089246294544,301,11,2,2,26.223763359192976
baseline,blkboydown,70.73170731707317,79.26829268292683,59.291521486643425,81,17,1,0,42.961494170481515
baseline,blkboyhead,21.58273381294964,22.302158273381295,17.76293251113395,555,432,1,0,22.810864051465764
baseline,blkboylefttheNo_21,55.577831877416585,56.265215523414,44.293965617179126,6930,2688,36,36,19.235780521758585
baseline,blkboystand,38.71866295264624,38.92757660167131,33.373126409338106,1435,825,3,2,17.842451535963924
baseline,blkboytakesumbrella,100.0,100.0,84.03361344537815,339,0,0,0,44.23958100816168
baseline,blkboy`shead,86.61949930026435,88.46213652620122,69.39119295673487,12861,1192,34,34,19.041113705627236
baseline,blkcaratfrontbluebus,42.14659685863874,68.45549738219894,39.422837197706315,763,271,3,2,41.536764926313246
baseline,blkgirlumbrella,96.49122807017544,100.0,73.50320245057088,341,0,0,0,36.27610216777148
baseline,blkhairgirltakingblkbag,74.64539007092199,65.95744680851064,58.20668693009119,563,106,6,5,22.275685159319064
baseline,blkmoto2north,71.65775401069519,83.42245989304813,63.8655462184874,186,35,2,1,34.828354103148904
baseline,blkstandboy,93.6842105263158,93.15789473684211,80.10025062656642,189,0,0,0,18.853426703581395
baseline,blktribikecome,98.59154929577466,100.0,84.43997317236754,141,0,0,0,35.09694989004973
baseline,blueboy,98.7878787878788,98.18181818181819,82.43867243867246,329,0,0,0,19.085160697382843
baseline,blueboy421,93.34916864608076,99.04988123515439,76.78995588734304,420,1,0,0,34.86565367562866
baseline,bluebuscoming,99.93041057759221,98.8865692414753,84.74666136461543,1436,0,0,0,19.69950829227962
baseline,bluegirlbiketurn,95.94594594594594,100.0,77.82067782067782,221,1,0,0,43.79779404267823
baseline,bottlebetweenboy`sfeet,13.636363636363635,23.91304347826087,16.233766233766236,505,366,3,2,25.089101015977555
baseline,boy2basketballground,37.86407766990291,64.56310679611651,36.68515950069348,205,97,3,2,34.58571433149017
baseline,boy2buildings,76.1744966442953,83.165548098434,62.81825929476936,1787,207,3,2,30.895343845627828
baseline,boy2trees,97.04433497536947,99.50738916256158,80.8116349988271,202,1,0,0,43.55272865908577
baseline,boy2treesfindbike,71.9298245614035,77.65466297322253,58.16734819504903,1082,148,3,3,41.639330165149715
baseline,boyaftertree,94.11764705882352,94.11764705882352,75.16339869281046,101,6,1,1,32.70885952520314
baseline,boyaroundtrees,61.23936816524909,65.16808424463345,51.13888406719512,2457,806,3,3,27.00690731011906
baseline,boyatdoorturnright,73.27935222672065,81.37651821862349,68.9705031810295,493,55,5,5,25.449326678372472
baseline,boydownplatform,87.7496671105193,96.6711051930759,74.33897660262507,750,19,1,1,34.251295646648714
baseline,boyfromdark,99.29824561403508,99.29824561403508,83.52548036758564,283,0,0,0,39.219349931377856
baseline,boyinlight,95.92476489028213,97.4921630094044,76.74279743245259,318,8,1,1,43.21260162448176
baseline,boyinplatform,80.92307692307692,93.12820512820514,68.96214896214894,974,33,2,2,34.84384066817933
baseline,boyinsnowfield3,94.35825105782793,94.92242595204513,82.6919202095507,1417,13,1,1,20.30052184496593
baseline,boyleftblkrunning2crowd,73.23943661971832,86.15023474178403,61.07757657053432,425,70,2,1,23.402832824766293
baseline,boylefttheNo_9boy,96.38284901442796,93.74110953058322,80.19663057257043,4919,156,3,2,20.483632045659554
baseline,boyoncall,99.35483870967742,46.45161290322581,69.70814132104455,308,0,0,0,36.47361283167557
baseline,boyplayphone,95.18348623853211,98.62385321100918,76.9659239842726,434,5,1,1,41.300395076894304
baseline,boyride2path,45.326086956521735,49.40217391304348,32.334368530020704,1837,805,5,4,26.424679833667163
baseline,boyruninsnow,100.0,100.0,85.00784929356358,181,0,0,0,22.908105640178903
baseline,boyscomeleft,35.991379310344826,41.16379310344828,30.41871921182266,463,263,3,3,34.1759464288804
baseline,boyshead9684,90.78893019413465,91.62536142090045,72.5851183100254,9683,96,3,3,19.22238700132039
baseline,boyss,52.0,81.33333333333333,53.62539682539682,374,60,6,5,44.77054462190138
baseline,boytakingbasketballfollowing,55.44692737430168,55.865921787709496,46.61811652035115,1431,567,5,4,20.165273300133553
baseline,boytakingplate2left,90.07633587786259,87.02290076335878,72.8644129407488,259,0,0,0,21.44325660574588
baseline,boyunder2baskets,17.29200652528548,18.270799347471453,16.54625961314379,612,478,3,2,26.417294759302035
baseline,boywaitgirl,93.67875647668393,97.30569948186528,77.30569948186528,964,0,0,0,37.94545219449122
baseline,boywalkinginsnow2,98.93617021276596,98.78419452887537,82.45766391663048,657,0,0,0,18.384318879460466
baseline,boy`headwithouthat,43.59576968272621,48.531139835487664,33.66907279950758,850,437,5,4,21.525387495928296
baseline,boy`sheadingreycol,25.650557620817843,41.2639405204461,25.27881040892193,268,159,4,3,31.283559688092005
baseline,broom,84.3992451247641,65.831411197316,64.83689302938622,9531,544,34,34,20.526848831043
baseline,carbehindtrees,100.0,100.0,69.79949874686717,113,0,0,0,23.381188281055802
baseline,carcomeonlight,100.0,100.0,84.44130127298445,100,0,0,0,39.031627078963226
baseline,carcomingfromlight,32.22506393861892,35.54987212276215,32.38338813786384,390,212,3,2,43.06454411116611
baseline,carcominginlight,94.19354838709677,96.12903225806451,73.73271889400922,154,0,0,0,26.027167456098052
baseline,carlight2,95.71428571428572,100.0,80.06802721088437,69,0,0,0,37.34486777416441
baseline,carlightcome2,100.0,100.0,83.87096774193549,92,0,0,0,38.59725180453807
baseline,caronlight,96.51162790697676,100.0,77.13178294573643,85,0,0,0,30.249426111464068
baseline,carturn117,100.0,100.0,87.46438746438746,116,0,0,0,31.20452394058812
baseline,carwillturn,43.65904365904366,44.07484407484408,38.095238095238095,480,227,2,1,22.8791837365326
baseline,catbrown2,100.0,97.8021978021978,86.55154369440083,90,0,0,0,27.177888390650104
baseline,catbrownback2bush,70.66269545793,70.66269545793,65.67741020458817,1342,297,1,1,20.833967889081837
baseline,couple,57.42574257425742,58.415841584158414,44.743045733144726,100,38,1,0,42.26369802832004
baseline,darkcarturn,100.0,97.61904761904762,91.38321995464852,83,0,0,0,32.308744764830756
baseline,darkgirl,99.02120717781403,100.0,80.40083896527618,612,0,0,0,42.73835211509483
baseline,darkouterwhiteboy,50.06675567423231,99.59946595460613,54.116599910992434,748,95,9,9,23.30107419987184
baseline,darktreesboy,80.31809145129225,85.48707753479125,70.16945943387296,502,29,1,1,27.836862170763855
baseline,drillmaster1117,45.9265890778872,48.433303491495074,39.01180884171036,1116,576,1,0,38.898670718431426
baseline,drillmasterfollowingatright,50.71283095723014,52.0366598778004,39.462709727475506,981,471,1,1,22.493063967233468
baseline,farfatboy,77.16535433070865,85.8267716535433,57.14285714285715,253,43,1,1,42.58288867188698
baseline,firstexercisebook,26.03448275862069,28.36206896551724,30.036945812807875,1159,590,5,4,20.934549553314845
baseline,foamatgirl`srighthand,58.03108808290155,70.98445595854922,45.793239575623,192,43,3,2,29.690278518053162
baseline,foldedfolderatlefthand,37.43455497382199,35.42757417102967,33.51200864289869,1145,591,11,11,26.641100097328312
baseline,girl2left3man1,71.52317880794702,100.0,63.41847997477136,150,0,0,0,39.98045287560696
baseline,girlafterglassdoor,99.91150442477877,96.10619469026548,85.6890012642225,1129,0,0,0,37.17609428665716
baseline,girldownstairfromlight,55.87510271158587,76.66392769104355,46.53910865907579,1216,294,4,4,20.526331356620823
baseline,girlfromlight_quezhen,93.22362052274927,94.86931268151017,82.04950905822156,1032,8,1,1,19.914519051312773
baseline,girlinrain,99.03846153846155,100.0,83.02808302808302,311,0,0,0,34.49680829043175
baseline,girllongskirt,68.0921052631579,87.82894736842105,63.51817042606517,303,40,6,6,44.983404134455625
baseline,girlof2leaders,40.06085192697768,43.6105476673428,36.81058630348691,985,475,7,6,23.863738839762558
baseline,girlrightthewautress,66.88311688311688,69.48051948051948,53.169449598021025,307,93,1,1,19.772715078121305
baseline,girlunderthestreetlamp,91.49755073477957,100.0,71.98507114532306,2857,0,0,0,20.44872876863475
baseline,girl`sblkbag,9.98248686514886,39.229422066549915,12.084063047285465,570,465,1,0,26.50945212502698
baseline,guardunderthecolumn,77.30496453900709,79.7872340425532,66.16008105369808,281,39,1,1,30.654323128975793
baseline,hugboy,92.80442804428044,98.8929889298893,79.3182217536461,541,0,0,0,43.755176286608304
baseline,hyalinepaperfrontface,23.604354876071344,27.28746814917767,23.68487816715752,4316,2700,22,21,40.4574893888593
baseline,large,85.76271186440678,84.6779661016949,71.42211460855529,1474,147,9,9,22.197656067775252
baseline,lastleftgirl,8.154121863799284,9.31899641577061,7.5354155999317305,1115,1002,2,1,21.852076961625745
baseline,leftblkTboy,60.57534246575342,62.41095890410959,47.06718851924332,3439,1290,17,16,20.36707038528525
baseline,leftbottle2hang,26.910548734652966,38.86244049110499,31.13791745713569,3990,1652,35,35,23.92562132727909
baseline,leftboy2jointhe4,15.755627009646304,23.55305466237942,16.184351554126472,1243,953,3,2,21.241764070103002
baseline,leftboyoutofthetroop,66.93548387096774,71.50537634408603,55.91397849462366,743,199,1,1,19.219049147865878
baseline,leftchair,57.285714285714285,49.07142857142857,59.367346938775526,1399,303,4,4,47.42912440965491
baseline,lefterbike,75.26501766784452,72.6148409893993,57.65606595995288,565,49,3,2,25.369958752874894
baseline,leftexcersicebookyellow,52.994555353901994,51.08892921960072,49.572206378014,1101,208,6,6,23.40268046196795
baseline,leftfarboycomingpicktheball,92.13732004429679,98.56035437430786,69.97837894847862,902,4,1,1,22.768447529890636
baseline,leftgirl'swhitebag,67.33067729083665,73.70517928286853,57.54126351735914,249,56,2,1,21.463796529034937
baseline,lefthyalinepaper2rgb,50.60367454068242,53.64829396325459,47.24909386326709,1904,532,19,19,20.94531668782703
baseline,lefthyalinepaperfrontpants,70.58823529411765,67.03662597114317,61.04857037154484,1801,318,15,15,50.44086667027429
baseline,leftmirror,79.98935604044705,76.15753060138371,70.43513520362909,1878,253,20,20,22.685145358934925
baseline,leftmirrorlikesky,52.22958057395144,52.803532008830025,43.71071165773153,2264,798,17,16,23.553982050198833
baseline,leftmirrorside,60.969976905311775,65.93533487297921,47.96271857472781,1731,545,10,9,21.157461453647457
baseline,leftopenexersicebook,41.76470588235294,47.647058823529406,48.23529411764705,167,14,1,0,27.889513032441315
baseline,leftpingpongball,10.606060606060606,13.636363636363635,6.637806637806637,65,57,1,0,27.265622932828496
baseline,leftrushingboy,80.4054054054054,83.78378378378379,67.4066924066924,147,21,3,3,24.95958263046482
baseline,leftunderbasket,16.63286004056795,14.908722109533468,19.57886602917029,985,732,3,2,21.61995609549638
baseline,leftuphand,86.21908127208481,86.11812216052499,72.56075575106367,1980,120,3,3,19.706418825940883
baseline,littelbabycryingforahug,96.00238663484487,99.76133651551312,76.13933401522901,1675,0,0,0,22.212631218954176
baseline,lowerfoamboard,54.54545454545454,57.57575757575758,44.444444444444436,31,14,1,0,29.564765989991294
baseline,mandownstair,96.80656934306569,96.71532846715328,80.8176920403198,1095,3,1,1,22.447312990544596
baseline,manfromtoilet,98.77450980392157,98.2843137254902,81.90943043884218,407,0,0,0,36.12686321884942
baseline,mangetsoff,76.37795275590551,78.34645669291339,65.44806899137609,253,36,2,2,28.845806581663748
baseline,manoncall,83.6852207293666,91.93857965451056,70.87103555433688,520,26,4,4,38.94642983154468
baseline,mansimiliar,94.87179487179486,98.53479853479854,79.78370835513692,272,9,1,1,29.466273700099133
baseline,mantostartcar,95.9349593495935,100.0,80.2555168408827,122,0,0,0,31.483891761527563
baseline,midblkgirl,96.3172804532578,100.0,78.18696883852692,352,0,0,0,32.31361100646235
baseline,midboyNo_9,69.9503995591072,73.00909341416369,58.853285045073434,7257,1755,17,17,18.976678157644958
baseline,middrillmaster,67.92168674698796,70.93373493975903,55.106138841078604,663,186,2,1,20.833691231043037
baseline,midgreyboyrunningcoming,78.05331680099195,82.20706757594544,60.372568122103154,3225,439,10,9,21.228801931264613
baseline,midof3girls,71.29840546697038,77.67653758542141,61.40579238529125,438,88,1,0,30.763912194690548
baseline,midredboy,66.45231905869477,69.2433985497332,57.5813250460945,7293,1939,19,19,18.73876002684677
baseline,midrunboywithwhite,49.7737556561086,54.07239819004525,37.4595992243051,441,202,2,1,22.79699074692374
baseline,minibus,100.0,100.0,84.43223443223444,77,0,0,0,30.702620280317497
baseline,minibusgoes2left,72.89719626168224,72.89719626168224,65.86559857587896,213,37,1,0,26.252544372421887
baseline,moto,100.0,98.4251968503937,78.36520434945632,253,0,0,0,21.1288022322746
baseline,motocomeonlight,97.61904761904762,100.0,73.92290249433108,83,0,0,0,35.84801769692498
baseline,motogoesaloongS,99.21259842519686,100.0,79.82752155980505,126,0,0,0,27.96031085859007
baseline,mototaking2boys306,65.0326797385621,69.28104575163398,56.987239340180516,305,35,2,2,21.253870342426765
baseline,mototurneast,100.0,100.0,81.49882903981265,121,0,0,0,43.04757844416651
baseline,motowithbluetop,100.0,100.0,76.44110275689222,94,0,0,0,22.902804102507854
baseline,pingpingpad3,96.16336633663366,98.14356435643565,80.39250353606788,807,11,2,2,23.719065225454894
baseline,pinkwithblktopcup,58.97637795275591,66.22047244094487,54.43944506936633,1269,350,12,11,22.065041149975066
baseline,raincarturn,99.7005988023952,100.0,82.0786997433704,333,0,0,0,36.33512369758081
baseline,rainycarcome_ab,100.0,100.0,82.55990294206855,156,0,0,0,30.258139780105314
baseline,redboygoright,86.0,91.33333333333333,72.38095238095238,149,5,1,1,20.987999655563495
baseline,redcarcominginlight,100.0,96.56488549618321,82.7517266448564,261,0,0,0,23.039812334208076
baseline,redetricycle,96.15384615384616,75.96153846153845,65.79670329670331,103,0,0,0,27.05456360508189
baseline,redmidboy,82.62839879154077,93.50453172205438,68.32829808660624,661,11,1,1,16.107728572396404
baseline,redroadlatboy,49.726027397260275,50.54794520547945,39.15198956294847,729,361,2,1,19.017967844579225
baseline,redtricycle,81.54761904761905,88.69047619047619,68.48072562358276,167,0,0,0,25.179530442529526
baseline,right2ndflagformath,29.65714285714286,36.114285714285714,25.553741496598644,1749,1117,8,7,17.925747450189373
baseline,right5thflag,50.15657620041753,55.94989561586638,40.24505418033603,1898,829,6,6,20.178214670687012
baseline,rightbike-gai,89.66346153846155,98.3173076923077,73.48901098901098,415,0,0,0,24.845520052420426
baseline,rightbike,43.55555555555555,52.44444444444445,37.777777777777786,224,105,2,1,26.802035165812374
baseline,rightblkboy4386,74.98860009119927,62.12950296397629,65.47456191779037,4385,702,5,5,17.054165913031426
baseline,rightblkboystand,92.831541218638,90.32258064516128,74.26181942310974,277,0,0,0,25.7267021343222
baseline,rightblkfatboyleftwhite,99.74093264248705,98.44559585492227,78.213668887244,385,0,0,0,24.877228328109823
baseline,rightbluewhite,94.05099150141642,99.43342776203966,68.46081208687441,352,0,0,0,41.781681891280854
baseline,rightbottlecomes,27.737752161383284,38.112391930835734,30.81858103471936,1387,645,26,25,24.165140802931344
baseline,rightboy504,94.44444444444444,99.0079365079365,74.3764172335601,503,5,1,1,24.67522786483287
baseline,rightcameraman,58.57142857142858,60.57142857142858,48.70748299319727,1049,418,1,0,23.61605792752932
baseline,rightcar-chongT,9.62566844919786,14.795008912655971,14.7440794499618,560,429,2,1,31.14508513286583
baseline,rightcomingstrongboy,45.198675496688736,47.682119205298015,36.42384105960265,603,315,3,2,23.562676242336714
baseline,rightdarksingleman,68.31421006178287,76.69902912621359,53.16689782709199,1132,279,2,2,19.3002837504145
baseline,rightgirltakingcup,6.287425149700598,8.233532934131736,6.251782149985743,667,609,3,2,21.468448327228288
baseline,rightwaiter1_quezhen,75.64935064935064,62.33766233766234,61.84291898577613,307,44,2,2,26.15253698416749
baseline,runningcameragirl,36.787564766839374,45.07772020725388,30.866025166543302,385,228,3,2,24.848165550531785
baseline,shinybikeboy2left,49.27884615384615,55.168269230769226,31.65064102564103,831,348,7,7,24.655191000149177
baseline,shinycarcoming,76.32311977715878,70.47353760445682,61.69253216606977,358,35,2,1,25.826157673519884
baseline,shinycarcoming2,72.25913621262458,70.59800664451828,60.7577914886885,601,49,2,1,23.48727102156104
baseline,silvercarturn,100.0,100.0,90.99739398246862,200,0,0,0,31.342945924722574
baseline,small-gai,97.73413897280967,96.67673716012085,81.13221119263416,661,8,1,1,24.74829193731921
baseline,standblkboy,97.9502196193265,98.24304538799414,81.39161960538243,682,0,0,0,19.92289104784101
baseline,swan_0109,87.65060240963855,100.0,74.21113023522662,663,0,0,0,23.989505981047166
baseline,truckgonorth,49.34210526315789,57.89473684210527,58.89724310776943,151,2,0,0,42.5095092932769
baseline,turning1strowleft2ndboy,64.47480785653288,75.23484201537147,55.84970111016225,1170,281,26,25,23.371677839519556
baseline,umbreboyoncall,97.91666666666666,100.0,84.05257936507937,191,0,0,0,32.105355553194926
baseline,umbrella,74.92163009404389,89.65517241379311,59.48649052097327,318,49,4,4,41.155337742719276
baseline,umbrellabyboy,90.94736842105263,98.52631578947368,72.25062656641603,474,4,0,0,33.57568995734422
baseline,umbrellawillbefold,79.68197879858657,77.73851590106007,67.98754837624095,565,32,2,2,23.642969382209074
baseline,umbrellawillopen,93.06122448979592,81.83673469387756,78.38678328474246,489,9,1,1,25.245932697424365
baseline,waitresscoming,97.94117647058823,98.82352941176471,68.0812324929972,679,0,0,0,21.206940693690235
baseline,whitebikebelow,82.68551236749117,91.51943462897526,62.09826686858489,565,64,4,3,25.319882080814825
baseline,whiteboyrightcoccergoal,87.26483357452966,89.00144717800289,73.44772930880023,690,75,1,1,24.1493875614703
baseline,whitecarcomeinrain,100.0,100.0,87.13151927437642,83,0,0,0,41.71492625081542
baseline,whitecarturn683,77.89165446559298,76.86676427525623,65.64177647632991,682,146,2,2,20.903391902339152
baseline,whitecarturnleft,100.0,100.0,79.61570593149541,56,0,0,0,28.523679273819603
baseline,whitecarturnright,95.14563106796116,90.29126213592234,76.8377253814147,102,0,0,0,34.63447760299408
baseline,whitefardown,73.13432835820896,100.0,67.16417910447761,66,4,1,0,32.371421090861816
baseline,whitefargirl,74.83870967741936,80.0,57.78801843317972,154,30,2,1,44.71179585414611
baseline,whitegirlinlight,93.71816638370119,96.60441426146011,75.58412159430836,588,11,1,1,25.763879865544983
baseline,whitegirltakingchopsticks,22.22222222222222,25.318761384335154,23.00286234712464,548,369,1,0,22.191573890356402
baseline,whiteofboys,72.41379310344827,74.8768472906404,58.8552662444288,202,51,6,6,34.67962109711456
baseline,whiteridingbike,19.058823529411764,19.294117647058822,15.484593837535012,424,343,1,0,22.41362811222552
baseline,whiterunningboy,86.70520231213872,89.88439306358381,70.90558766859345,345,37,2,2,35.00803964975599
baseline,whiteskirtgirlcomingfromgoal,45.843520782396084,54.156479217603916,41.80929095354522,817,372,9,8,25.700489084076413
baseline,whitesuvturn,100.0,100.0,85.95759471671882,136,0,0,0,43.05722136350509
baseline,womanback2car,94.73684210526315,100.0,80.75187969924814,94,0,0,0,44.15902878047092
baseline,yellowgirl118,49.152542372881356,72.03389830508475,48.506860371267145,117,28,1,0,39.06936749429997
baseline,yellowskirt,99.44598337950139,96.95290858725761,80.97876269621422,360,0,0,0,32.319413246662215
c1,10runone,99.67105263157895,100.0,79.68358395989975,303,0,0,0,31.564845106711164
c1,11leftboy,87.5,88.1578947368421,73.43358395989975,151,18,1,1,32.61458112883259
c1,11runtwo,95.59322033898306,100.0,78.41807909604522,294,0,0,0,22.19853640940996
c1,1blackteacher,100.0,100.0,82.69263051871748,850,0,0,0,19.302886197038532
c1,1boycoming,100.0,100.0,77.55883962780514,173,0,0,0,21.055489864561704
c1,1stcol4thboy,7.699141249629848,9.209357417826473,6.224177559682445,3376,2995,6,5,22.34739148471759
c1,1strowleftboyturning,4.508196721311475,4.508196721311475,3.6755139214155608,731,699,1,0,31.953116599731207
c1,1strowrightdrillmaster,73.82761330888133,98.08750327482316,62.45742729892586,3816,224,3,2,43.54346520186956
c1,1strowrightgirl3540,42.175141242937855,54.23728813559322,38.60774818401938,3539,1583,38,37,33.291217188849465
c1,2girl,87.83783783783784,99.09909909909909,74.34577434577434,221,2,0,0,39.195288091469116
c1,2girlup,17.22689075630252,27.310924369747898,17.066826730692274,236,175,2,1,40.04104973488551
c1,2runseven,98.88888888888889,100.0,80.49382716049381,269,0,0,0,32.94543683630033
c1,3bike1,86.32478632478633,99.14529914529915,71.06227106227105,116,0,0,0,39.558114631380185
c1,3men,94.47513812154696,97.23756906077348,76.05893186003684,180,0,0,0,39.24047511179517
c1,3pinkleft,98.29059829059828,100.0,76.19047619047619,227,1,0,0,31.782275960760515
c1,3rdfatboy,18.731117824773413,21.45015105740181,16.68824629549705,330,256,1,0,33.96031198431325
c1,3rdgrouplastboy,67.3076923076923,77.04326923076923,51.585393772893774,831,220,3,2,32.511700255157116
c1,3thmoto,94.23076923076923,99.03846153846155,81.91391941391942,103,0,0,0,41.24213556805559
c1,4men,94.68599033816425,98.55072463768117,74.29261559696342,413,0,0,0,38.663278477417585
c1,4thboywithwhite,79.36507936507937,81.9047619047619,67.3167044595616,314,57,4,4,32.44205097012872
c1,7rightorangegirl,40.6570841889117,44.558521560574945,35.210716730223915,486,269,2,1,42.42122773881137
c1,ab_bikeoccluded,98.01699716713881,99.43342776203966,72.48077701335492,312,2,0,0,41.7252460784941
c1,ab_blkskirtgirl,73.5655737704918,75.40983606557377,61.36807181889149,487,117,1,1,40.82316224295317
c1,ab_bolstershaking,56.298121342777954,56.57530027717893,50.927596169357784,3246,706,13,13,34.68279169116572
c1,ab_girlchoosesbike,97.27011494252874,99.56896551724138,77.01833607006022,695,0,0,0,41.25001049290298
c1,ab_girlcrossroad,88.65979381443299,89.94845360824742,62.89887088856162,355,38,2,2,41.558633190787134
c1,ab_pingpongball2,6.185567010309279,6.185567010309279,4.491899852724593,193,180,1,0,33.91078840672755
c1,ab_rightlowerredcup_quezhen,28.07308970099668,30.28792912513843,29.945156357116492,1805,824,21,21,35.839698234293174
c1,ab_whiteboywithbluebag,35.714285714285715,31.467181467181465,27.33958448244162,507,322,2,1,32.103949782607735
c1,advancedredcup,75.54925584691709,77.03756201275691,70.8312240558874,1410,153,9,9,44.747544993799885
c1,AQgirlwalkinrain,60.483870967741936,63.17204301075269,43.07475678443421,371,128,1,1,41.19464848113937
c1,AQtruck2north,100.0,100.0,82.3558897243108,94,0,0,0,41.288799092361685
c1,baggirl,82.88288288288288,71.17117117117117,70.39897039897039,110,0,0,0,38.63203383963827
c1,ballshootatthebasket3times,60.13289036544851,73.35548172757476,50.631229235880404,1489,366,11,10,34.34582112997346
c1,basketball849,15.783274440518259,18.256772673733803,3.6008749789668517,743,698,3,2,34.281965645498296
c1,basketballathand,21.875,35.9375,29.092261904761905,63,32,2,1,34.66043278497357
c1,basketboy,83.52941176470588,100.0,67.39495798319328,84,0,0,0,38.917534871598406
c1,bawgirl,100.0,100.0,79.08163265306123,279,0,0,0,41.18856816334699
c1,belowdarkgirl,92.46231155778895,99.49748743718592,73.07968413496052,198,1,0,0,33.241253878481004
c1,besom3,73.58953393295175,56.09157808667212,67.23513608223338,1222,22,1,1,33.19834667449929
c1,bike,97.84946236559139,98.77112135176651,80.90849242922974,650,1,0,0,33.00745775754782
c1,bike2left,95.71984435797665,94.16342412451361,80.19269964795255,256,6,1,1,33.80507551710362
c1,bike2trees,76.02739726027397,80.13698630136986,71.4938030006523,145,3,0,0,42.18248996681354
c1,bikeboy,95.57522123893806,97.34513274336283,79.56173619890434,112,0,0,0,33.54234859353312
c1,bikeboyintodark,21.06537530266344,14.527845036319611,21.58422691110342,825,572,2,1,33.693556526262725
c1,bikeboyright,77.30192719486081,91.00642398286938,69.99082288161517,466,0,0,0,39.255557414689
c1,bikeboyturn,56.774193548387096,100.0,59.877112135176645,154,0,0,0,39.448898685282735
c1,bikeboyturntimes,100.0,100.0,90.59376837154616,242,0,0,0,41.730385456373114
c1,bikeboywithumbrella,100.0,100.0,83.98268398268398,219,0,0,0,40.42805343310034
c1,bikefromlight,89.53488372093024,100.0,73.50498338870432,171,0,0,0,40.66803099504356
c1,bikegoindark,35.91549295774648,40.845070422535215,32.99798792756539,283,132,2,1,43.03371157021314
c1,bikeinrain,99.28571428571429,100.0,74.93197278911565,139,0,0,0,41.80406328211658
c1,biketurnright,4.580152671755725,6.870229007633588,6.070519810977825,130,118,1,0,42.67412867813823
c1,blackboy,99.53703703703704,100.0,84.96472663139329,431,0,0,0,32.825365933084534
c1,blackboyoncall,100.0,100.0,87.48991121872479,294,0,0,0,40.87311803263949
c1,blackcarturn,100.0,99.20634920634922,75.17006802721089,125,0,0,0,38.757222524142996
c1,blackdown,95.16129032258065,98.38709677419355,74.88479262672813,61,1,0,0,41.2738245411274
c1,blackgirl,94.47004608294931,95.85253456221197,74.45687952600395,216,1,0,0,39.07564072917324
c1,blkboyback,94.73684210526315,87.71929824561403,76.69172932330827,170,0,0,0,31.823950034106325
c1,blkboybetweenredandwhite,84.43708609271523,93.70860927152319,71.27089246294544,301,11,2,2,32.89007805715494
c1,blkboydown,78.04878048780488,97.5609756097561,69.16376306620208,81,3,0,0,42.08342070010494
c1,blkboyhead,69.06474820143885,77.51798561151078,57.750942103460105,555,116,3,3,31.24922261889366
c1,blkboylefttheNo_21,47.90204783044537,48.976084777316345,38.779212100134345,6930,3170,30,29,34.262722456381624
c1,blkboystand,39.55431754874652,39.693593314763234,34.15572357076535,1435,810,3,2,32.474632097669506
c1,blkboytakesumbrella,100.0,100.0,84.03361344537815,339,0,0,0,42.0799299654139
c1,blkboy`shead,83.61841082257814,85.3211009174312,66.98062213534148,12861,1609,25,25,33.154558812665634
c1,blkcaratfrontbluebus,28.664921465968586,53.010471204188484,30.216903515332827,763,389,2,1,44.658251978264445
c1,blkgirlumbrella,96.49122807017544,100.0,73.50320245057088,341,0,0,0,42.79051772516436
c1,blkhairgirltakingblkbag,47.695035460992905,40.42553191489361,38.23877068557919,563,254,1,0,32.215951759965954
c1,blkmoto2north,81.81818181818183,92.51336898395722,71.12299465240642,186,17,1,1,42.89753224113521
c1,blkstandboy,93.6842105263158,93.15789473684211,80.10025062656642,189,0,0,0,32.089115134620755
c1,blktribikecome,98.59154929577466,100.0,84.43997317236754,141,0,0,0,42.029534735502004
c1,blueboy,98.7878787878788,98.18181818181819,82.43867243867246,329,0,0,0,32.10358936222216
c1,blueboy421,93.34916864608076,99.04988123515439,76.78995588734304,420,1,0,0,42.694072311521005
c1,bluebuscoming,99.93041057759221,98.8865692414753,84.74666136461543,1436,0,0,0,32.47384797593335
c1,bluegirlbiketurn,95.94594594594594,100.0,77.82067782067782,221,1,0,0,42.817695419422456
c1,bottlebetweenboy`sfeet,6.91699604743083,14.82213438735178,10.813099943534727,505,403,2,1,34.57973115442727
c1,boy2basketballground,66.01941747572816,92.23300970873787,59.70873786407766,205,36,5,4,43.141502061390824
c1,boy2buildings,80.31319910514542,88.87024608501119,67.43901139874295,1787,73,4,3,43.08509558234634
c1,boy2trees,97.04433497536947,99.50738916256158,80.8116349988271,202,1,0,0,42.98825618829537
c1,boy2treesfindbike,71.9298245614035,77.10064635272391,57.74963725102229,1082,160,3,3,43.00747144655185
c1,boyaftertree,94.11764705882352,94.11764705882352,75.16339869281046,101,6,1,1,43.79033606356795
c1,boyaroundtrees,61.44187930336168,65.12758201701094,51.13888406719512,2457,809,4,4,41.34223082875628
c1,boyatdoorturnright,73.48178137651821,82.18623481781377,69.05725853094275,493,52,4,4,33.35578017535844
c1,boydownplatform,87.48335552596538,96.40479360852197,74.2819098345064,750,21,1,1,42.4593467556263
c1,boyfromdark,99.29824561403508,99.29824561403508,83.52548036758564,283,0,0,0,43.38972174609466
c1,boyinlight,96.55172413793103,98.11912225705329,77.07120465741156,318,6,1,1,44.11031232836922
c1,boyinplatform,81.12820512820514,93.33333333333333,69.13797313797313,974,29,1,1,43.618092585571844
c1,boyinsnowfield3,94.35825105782793,94.92242595204513,82.6919202095507,1417,13,1,1,32.137712845693386
c1,boyleftblkrunning2crowd,60.328638497652584,71.12676056338029,50.33534540576794,425,134,3,2,33.54262613876145
c1,boylefttheNo_9boy,96.34220686852267,93.7004673846779,80.18018018018017,4919,156,3,2,33.633954241354814
c1,boyoncall,99.35483870967742,46.45161290322581,69.70814132104455,308,0,0,0,43.23227823265524
c1,boyplayphone,91.5137614678899,94.95412844036697,74.34469200524246,434,21,2,2,42.679340716877526
c1,boyride2path,44.72826086956522,48.75,31.987577639751546,1837,817,7,6,43.5145929843799
c1,boyruninsnow,100.0,100.0,85.00784929356358,181,0,0,0,33.29295316662024
c1,boyscomeleft,86.20689655172413,91.59482758620689,68.34975369458127,463,30,2,2,42.34323167597021
c1,boyshead9684,91.51177199504336,92.4721189591078,72.94063846108456,9683,52,1,1,34.661516181547086
c1,boyss,51.46666666666667,81.86666666666666,54.6031746031746,374,52,6,5,41.56648988920354
c1,boytakingbasketballfollowing,58.5195530726257,58.93854748603352,48.12450119712689,1431,533,7,6,34.83491178137659
c1,boytakingplate2left,90.07633587786259,87.02290076335878,72.8644129407488,259,0,0,0,33.128048425035075
c1,boyunder2baskets,15.171288743882544,16.31321370309951,14.58090577177037,612,499,2,1,35.04652042473176
c1,boywaitgirl,93.67875647668393,97.30569948186528,77.30569948186528,964,0,0,0,40.17974923728426
c1,boywalkinginsnow2,98.93617021276596,98.78419452887537,82.45766391663048,657,0,0,0,33.22553061238196
c1,boy`headwithouthat,29.847238542890718,32.90246768507638,22.8918359353142,850,571,1,0,32.00180734182874
c1,boy`sheadingreycol,42.37918215613383,65.05576208178438,40.92759780492122,268,94,4,3,33.627372757430216
c1,broom,83.16208848815265,63.765988676871466,64.86485137145654,9531,593,38,38,35.028957533867555
c1,carbehindtrees,100.0,100.0,69.79949874686717,113,0,0,0,35.55437735305961
c1,carcomeonlight,100.0,100.0,84.44130127298445,100,0,0,0,44.206732756920864
c1,carcomingfromlight,30.946291560102303,35.294117647058826,31.66483984898307,390,216,3,2,45.79153428445533
c1,carcominginlight,94.19354838709677,96.12903225806451,73.82488479262673,154,0,0,0,34.65377498265527
c1,carlight2,95.71428571428572,100.0,80.06802721088437,69,0,0,0,44.969931053762735
c1,carlightcome2,100.0,100.0,83.87096774193549,92,0,0,0,43.90494264289798
c1,caronlight,96.51162790697676,100.0,77.13178294573643,85,0,0,0,43.4678031908193
c1,carturn117,100.0,100.0,87.46438746438746,116,0,0,0,42.76594741206083
c1,carwillturn,42.20374220374221,42.20374220374221,36.63993663993664,480,231,2,1,35.24574851783698
c1,catbrown2,100.0,97.8021978021978,86.55154369440083,90,0,0,0,34.407165859922074
c1,catbrownback2bush,70.66269545793,70.66269545793,65.67741020458817,1342,297,1,1,34.10856556738793
c1,couple,76.23762376237624,82.17821782178217,65.15794436586513,100,3,0,0,41.73287307188903
c1,darkcarturn,100.0,97.61904761904762,91.38321995464852,83,0,0,0,43.01752805205545
c1,darkgirl,99.02120717781403,100.0,80.40083896527618,612,0,0,0,43.3967581032133
c1,darkouterwhiteboy,52.7369826435247,99.73297730307075,55.16561764892873,748,89,8,8,34.806534828099565
c1,darktreesboy,80.31809145129225,85.2882703777336,69.9138502319417,502,30,1,1,34.492182457206006
c1,drillmaster1117,45.9265890778872,48.433303491495074,39.01180884171036,1116,576,1,0,44.392802340228094
c1,drillmasterfollowingatright,45.824847250509166,47.25050916496945,35.816118708175736,981,518,1,1,34.343506276159324
c1,farfatboy,79.13385826771653,92.51968503937007,59.4488188976378,253,30,1,1,44.15695430953847
c1,firstexercisebook,26.46551724137931,28.706896551724135,30.34893267651888,1159,585,5,4,35.37438294981444
c1,foamatgirl`srighthand,66.83937823834198,78.75647668393782,51.36935603256847,192,27,2,2,34.79624102561489
c1,foldedfolderatlefthand,68.32460732984293,67.80104712041884,59.7648134297349,1145,212,9,9,34.461166214180274
c1,girl2left3man1,71.52317880794702,100.0,63.41847997477136,150,0,0,0,41.97811792106058
c1,girlafterglassdoor,99.91150442477877,96.10619469026548,85.6890012642225,1129,0,0,0,44.753753111490596
c1,girldownstairfromlight,57.1076417419885,77.89646672144617,47.43905779238564,1216,279,3,3,35.014130140663895
c1,girlfromlight_quezhen,93.22362052274927,94.86931268151017,82.04950905822156,1032,8,1,1,34.1627228115312
c1,girlinrain,99.03846153846155,100.0,83.02808302808302,311,0,0,0,42.72722107487077
c1,girllongskirt,68.42105263157895,87.17105263157895,63.377192982456144,303,40,6,6,44.37368424092373
c1,girlof2leaders,39.95943204868154,43.6105476673428,36.72848449724717,985,475,10,9,34.851929790486345
c1,girlrightthewautress,71.75324675324676,75.32467532467533,57.11193568336426,307,74,2,2,33.19308046923991
c1,girlunderthestreetlamp,91.49755073477957,100.0,71.98507114532306,2857,0,0,0,35.234651700269794
c1,girl`sblkbag,9.98248686514886,39.229422066549915,12.084063047285465,570,465,1,0,36.255368309167565
c1,guardunderthecolumn,77.30496453900709,79.7872340425532,66.16008105369808,281,39,1,1,33.6979935547521
c1,hugboy,92.80442804428044,98.8929889298893,79.3182217536461,541,0,0,0,43.417286676468024
c1,hyalinepaperfrontface,23.465369469539034,26.569376882094048,24.839780711914138,4316,2633,29,28,46.471832719397625
c1,large,83.72881355932203,82.91525423728814,69.79822437449556,1474,177,6,6,34.278504728060824
c1,lastleftgirl,6.899641577060931,7.885304659498208,6.53268475849121,1115,1017,2,1,35.11912687033313
c1,leftblkTboy,77.2876712328767,80.43835616438356,61.6399217221135,3439,581,14,13,35.05418598636836
c1,leftbottle2hang,23.653219744424955,36.25657729892258,29.083294555607253,3990,1740,35,34,35.624444776536585
c1,leftboy2jointhe4,68.56913183279742,86.33440514469454,57.64431174399021,1243,145,7,6,32.711839444082386
c1,leftboyoutofthetroop,66.93548387096774,71.50537634408603,55.91397849462366,743,199,1,1,32.55303456160137
c1,leftchair,56.99999999999999,48.857142857142854,59.129251700680264,1399,310,4,4,42.9592865494353
c1,lefterbike,74.73498233215548,72.08480565371025,57.925290257445724,565,44,3,2,34.63633325953311
c1,leftexcersicebookyellow,52.813067150635206,51.27041742286751,50.60063952985912,1101,184,4,4,33.919820578539166
c1,leftfarboycomingpicktheball,92.13732004429679,98.56035437430786,69.97837894847862,902,4,1,1,33.71184804017507
c1,leftgirl'swhitebag,67.33067729083665,73.70517928286853,57.54126351735914,249,56,2,1,32.38508393446618
c1,lefthyalinepaper2rgb,53.07086614173229,55.69553805774278,48.81139857517812,1904,495,18,18,34.55705348562922
c1,lefthyalinepaperfrontpants,64.20643729189788,61.26526082130965,56.981660588763795,1801,406,12,12,44.31831396113118
c1,leftmirror,77.11548696114954,73.39010111761576,67.95407891735724,1878,313,23,23,33.54740786857056
c1,leftmirrorlikesky,64.98896247240619,65.82781456953643,53.440555029959,2264,482,14,14,33.43293594449857
c1,leftmirrorside,56.87066974595842,61.316397228637406,45.13086989992301,1731,627,11,10,34.12914369402201
c1,leftopenexersicebook,41.76470588235294,47.647058823529406,48.23529411764705,167,14,1,0,33.45403361809778
c1,leftpingpongball,10.606060606060606,12.121212121212121,6.0606060606060606,65,58,1,0,33.30963957884197
c1,leftrushingboy,85.8108108108108,90.54054054054053,71.9111969111969,147,13,1,1,33.021233765047846
c1,leftunderbasket,16.63286004056795,14.908722109533468,19.57886602917029,985,732,3,2,33.32954733274248
c1,leftuphand,85.71428571428571,85.6638061585058,71.99826927237326,1980,141,2,2,32.690169154654086
c1,littelbabycryingforahug,95.94272076372316,99.76133651551312,76.15638140697807,1675,0,0,0,33.71400334194505
c1,lowerfoamboard,87.87878787878788,90.9090909090909,69.55266955266956,31,3,1,1,33.37914139009469
c1,mandownstair,96.44160583941606,96.44160583941606,80.29197080291975,1095,16,1,0,32.3637263184942
c1,manfromtoilet,98.77450980392157,98.2843137254902,81.90943043884218,407,0,0,0,33.60931316073507
c1,mangetsoff,77.95275590551181,79.13385826771653,64.24821897262844,253,40,1,1,40.91413041794223
c1,manoncall,73.70441458733205,79.65451055662189,62.160680010967916,520,93,3,3,41.35699053265119
c1,mansimiliar,93.77289377289377,97.43589743589743,78.91156462585033,272,12,1,1,41.08439241815759
c1,mantostartcar,95.9349593495935,100.0,80.2555168408827,122,0,0,0,40.775654539434036
c1,midblkgirl,96.3172804532578,100.0,78.18696883852692,352,0,0,0,41.52590355919312
c1,midboyNo_9,76.70157068062828,80.0496004408928,64.69380256925034,7257,1237,18,18,32.843423242066294
c1,middrillmaster,68.07228915662651,71.6867469879518,55.60814687320711,663,182,2,1,33.533674769119976
c1,midgreyboyrunningcoming,69.09485430874147,72.31866088034718,53.411271514185344,3225,737,12,11,33.914003118650676
c1,midof3girls,71.29840546697038,77.44874715261959,61.52511118342553,438,85,1,0,42.841925318286776
c1,midredboy,61.85524695580791,64.85155288001094,54.51530728586413,7293,2180,17,17,33.59418344624666
c1,midrunboywithwhite,49.547511312217196,54.29864253393665,37.48114630467571,441,202,2,1,33.63451756314131
c1,minibus,100.0,100.0,84.43223443223444,77,0,0,0,41.26570375053941
c1,minibusgoes2left,72.89719626168224,72.89719626168224,65.86559857587896,213,37,1,0,34.222186074472894
c1,moto,100.0,98.4251968503937,78.36520434945632,253,0,0,0,33.3893924521491
c1,motocomeonlight,97.61904761904762,100.0,73.92290249433108,83,0,0,0,43.1397440005207
c1,motogoesaloongS,99.21259842519686,100.0,79.82752155980505,126,0,0,0,42.73590023351861
c1,mototaking2boys306,63.725490196078425,67.64705882352942,55.83566760037348,305,40,2,1,34.655335195005634
c1,mototurneast,100.0,100.0,81.49882903981265,121,0,0,0,42.73700152570436
c1,motowithbluetop,100.0,100.0,76.44110275689222,94,0,0,0,40.199938788528016
c1,pingpingpad3,96.03960396039604,98.01980198019803,80.28642149929277,807,12,2,2,34.350803283252
c1,pinkwithblktopcup,73.62204724409449,79.21259842519684,65.11436070491187,1269,198,7,6,35.7474720201184
c1,raincarturn,99.7005988023952,100.0,82.0786997433704,333,0,0,0,42.933592006480275
c1,rainycarcome_ab,100.0,100.0,82.55990294206855,156,0,0,0,42.47893041187312
c1,redboygoright,86.0,91.33333333333333,72.38095238095238,149,5,1,1,32.695931244060645
c1,redcarcominginlight,100.0,96.56488549618321,82.7517266448564,261,0,0,0,33.83737477392146
c1,redetricycle,96.15384615384616,75.96153846153845,65.79670329670331,103,0,0,0,32.84132359519882
c1,redmidboy,82.62839879154077,93.50453172205438,68.32829808660624,661,11,1,1,32.530822802445044
c1,redroadlatboy,61.23287671232877,63.561643835616444,49.31506849315069,729,267,8,7,33.189624997972416
c1,redtricycle,81.54761904761905,88.69047619047619,68.48072562358276,167,0,0,0,42.30824466502801
c1,right2ndflagformath,32.74285714285714,40.285714285714285,28.291156462585036,1749,1045,7,6,33.53013414847169
c1,right5thflag,68.78914405010438,77.40083507306889,54.011333134506415,1898,416,7,7,33.47225887905238
c1,rightbike-gai,89.66346153846155,98.3173076923077,73.48901098901098,415,0,0,0,34.51117746090532
c1,rightbike,84.44444444444444,93.77777777777779,73.48148148148147,224,7,1,1,33.64213739951054
c1,rightblkboy4386,70.47423620611035,59.6671226630187,62.077389095172954,4385,889,7,7,33.29395297018462
c1,rightblkboystand,92.831541218638,90.32258064516128,74.26181942310974,277,0,0,0,32.3399558999685
c1,rightblkfatboyleftwhite,99.74093264248705,98.44559585492227,78.213668887244,385,0,0,0,33.017694976950736
c1,rightbluewhite,94.05099150141642,99.43342776203966,68.46081208687441,352,0,0,0,42.529404831351755
c1,rightbottlecomes,28.962536023054753,41.28242074927954,32.4447646493756,1387,599,24,23,36.96754204677104
c1,rightboy504,94.44444444444444,99.0079365079365,74.3764172335601,503,5,1,1,33.0240895079286
c1,rightcameraman,58.666666666666664,60.09523809523809,48.50340136054421,1049,424,1,0,34.28085725454699
c1,rightcar-chongT,8.73440285204991,10.87344028520499,13.00398947457771,560,440,2,1,34.39587380624482
c1,rightcomingstrongboy,39.735099337748345,42.21854304635762,31.92210659098076,603,348,2,1,32.912503135197504
c1,rightdarksingleman,81.72992056487202,91.96822594880847,64.0818728197369,1132,106,3,2,34.20179213958954
c1,rightgirltakingcup,7.0359281437125745,8.682634730538922,6.622469347020245,667,606,3,2,33.49635323511234
c1,rightwaiter1_quezhen,76.62337662337663,62.98701298701299,61.44094001236857,307,46,2,2,32.81754863368638
c1,runningcameragirl,42.2279792746114,50.0,34.702689365901804,385,204,3,2,34.126947002225805
c1,shinybikeboy2left,56.61057692307693,60.09615384615385,32.749542124542124,831,296,3,2,34.615306091724456
c1,shinycarcoming,76.04456824512535,70.75208913649024,61.480302427377644,358,41,1,0,33.90595930799011
c1,shinycarcoming2,72.25913621262458,70.59800664451828,60.7577914886885,601,49,2,1,34.62025484328747
c1,silvercarturn,100.0,100.0,90.99739398246862,200,0,0,0,41.659891416174574
c1,small-gai,97.73413897280967,96.67673716012085,81.13221119263416,661,8,1,1,32.93368086156201
c1,standblkboy,97.9502196193265,98.24304538799414,81.39161960538243,682,0,0,0,33.33297277450002
c1,swan_0109,87.65060240963855,100.0,74.21113023522662,663,0,0,0,34.60357401325528
c1,truckgonorth,49.34210526315789,57.89473684210527,58.89724310776943,151,2,0,0,41.80246900580453
c1,turning1strowleft2ndboy,63.96242527754057,74.29547395388558,55.036395429222075,1170,299,25,24,34.150331499377835
c1,umbreboyoncall,97.91666666666666,100.0,84.05257936507937,191,0,0,0,41.765249804842675
c1,umbrella,64.26332288401254,78.36990595611285,52.1570383639349,318,83,4,4,43.46402092696338
c1,umbrellabyboy,90.94736842105263,98.52631578947368,72.25062656641603,474,4,0,0,43.586845297492914
c1,umbrellawillbefold,76.5017667844523,74.38162544169612,65.52246340232205,565,49,2,2,35.009333548501445
c1,umbrellawillopen,93.6734693877551,82.24489795918367,78.46452866861028,489,11,1,1,34.94598196086488
c1,waitresscoming,97.94117647058823,98.82352941176471,68.0812324929972,679,0,0,0,31.888666391581058
c1,whitebikebelow,85.68904593639576,94.34628975265018,64.02490324751808,565,48,2,1,34.035043331746955
c1,whiteboyrightcoccergoal,96.96092619392185,98.84225759768451,80.98683757149749,690,7,1,1,33.44882752610044
c1,whitecarcomeinrain,100.0,100.0,87.13151927437642,83,0,0,0,41.744746100401215
c1,whitecarturn683,76.57393850658858,75.54904831625183,64.68660670710452,682,155,2,2,32.56969287489453
c1,whitecarturnleft,100.0,100.0,79.61570593149541,56,0,0,0,41.361157668066035
c1,whitecarturnright,95.14563106796116,90.29126213592234,76.8377253814147,102,0,0,0,40.15982127359039
c1,whitefardown,73.13432835820896,100.0,67.16417910447761,66,4,1,0,42.93371882911376
c1,whitefargirl,74.19354838709677,84.51612903225806,60.36866359447004,154,18,2,1,42.87341684199506
c1,whitegirlinlight,93.71816638370119,96.60441426146011,75.58412159430836,588,11,1,1,34.33729406155871
c1,whitegirltakingchopsticks,22.22222222222222,25.318761384335154,23.00286234712464,548,369,1,0,32.216926408901436
c1,whiteofboys,74.8768472906404,77.33990147783251,61.083743842364534,202,46,4,4,42.5118657647324
c1,whiteridingbike,19.058823529411764,19.294117647058822,15.484593837535012,424,343,1,0,34.38788527253613
c1,whiterunningboy,85.54913294797689,88.72832369942196,70.07982383704928,345,42,3,2,42.66654760667297
c1,whiteskirtgirlcomingfromgoal,61.61369193154034,71.5158924205379,53.84212364652461,817,233,10,9,33.478732706560635
c1,whitesuvturn,100.0,100.0,85.95759471671882,136,0,0,0,42.13702187578428
c1,womanback2car,94.73684210526315,100.0,80.75187969924814,94,0,0,0,42.84000526276595
c1,yellowgirl118,49.152542372881356,72.03389830508475,48.506860371267145,117,28,1,0,42.26871642397135
c1,yellowskirt,99.44598337950139,96.95290858725761,80.97876269621422,360,0,0,0,41.809002330082706
old4,10runone,99.67105263157895,100.0,79.66791979949875,303,0,0,0,20.601448212419793
old4,11leftboy,87.5,88.1578947368421,73.43358395989975,151,18,1,1,22.47516484076332
old4,11runtwo,94.57627118644068,98.98305084745763,77.70782889426958,294,3,1,0,19.390957159451844
old4,1blackteacher,100.0,100.0,82.69263051871748,850,0,0,0,17.47117881762068
old4,1boycoming,100.0,100.0,77.55883962780514,173,0,0,0,19.651694185515506
old4,1stcol4thboy,7.699141249629848,9.209357417826473,6.224177559682445,3376,2995,6,5,14.102238230528025
old4,1strowleftboyturning,4.508196721311475,4.508196721311475,3.6755139214155608,731,699,1,0,20.293853415271773
old4,1strowrightdrillmaster,73.82761330888133,98.19229761592874,62.48986364260141,3816,224,3,2,23.908527870103946
old4,1strowrightgirl3540,43.27683615819209,55.42372881355932,39.474038202851766,3539,1538,39,38,16.908248611715678
old4,2girl,87.83783783783784,99.09909909909909,74.34577434577434,221,2,0,0,26.342087511419617
old4,2girlup,7.563025210084033,9.663865546218489,6.322529011604641,236,215,1,0,25.289070108109083
old4,2runseven,98.88888888888889,100.0,80.49382716049381,269,0,0,0,22.86715873020837
old4,3bike1,86.32478632478633,99.14529914529915,71.06227106227105,116,0,0,0,25.51801704164584
old4,3men,94.47513812154696,97.23756906077348,76.05893186003684,180,0,0,0,25.606211002923402
old4,3pinkleft,97.00854700854701,100.0,76.21082621082623,227,1,0,0,17.64400194229197
old4,3rdfatboy,93.95770392749245,97.2809667673716,79.28355632283127,330,4,1,1,20.838201247893924
old4,3rdgrouplastboy,67.3076923076923,76.6826923076923,51.442307692307686,831,223,3,2,19.817101918761953
old4,3thmoto,94.23076923076923,99.03846153846155,81.91391941391942,103,0,0,0,24.403726847292404
old4,4men,94.68599033816425,98.55072463768117,74.29261559696342,413,0,0,0,26.627576902608954
old4,4thboywithwhite,79.36507936507937,81.9047619047619,67.3167044595616,314,57,4,4,18.236107497268073
old4,7rightorangegirl,40.6570841889117,44.558521560574945,35.210716730223915,486,269,2,1,26.111748454510646
old4,ab_bikeoccluded,97.73371104815864,99.15014164305948,72.33238904627008,312,5,1,1,27.27918875466907
old4,ab_blkskirtgirl,74.79508196721312,76.84426229508196,62.36338797814207,487,111,1,1,26.954554673415746
old4,ab_bolstershaking,66.70773021250385,67.93963658761935,58.73993576488188,3246,334,17,17,20.208975354507814
old4,ab_girlchoosesbike,97.27011494252874,99.56896551724138,77.01833607006022,695,0,0,0,25.50621172303214
old4,ab_girlcrossroad,89.17525773195877,91.75257731958763,63.74570446735396,355,31,2,2,25.42029061938623
old4,ab_pingpongball2,9.278350515463918,9.793814432989691,5.694648993618064,193,176,1,0,22.817426729266515
old4,ab_rightlowerredcup_quezhen,29.401993355481725,31.727574750830566,31.028845646785854,1805,788,20,20,22.214243381612295
old4,ab_whiteboywithbluebag,35.714285714285715,31.467181467181465,27.33958448244162,507,322,2,1,19.432934618585083
old4,advancedredcup,75.54925584691709,77.03756201275691,70.8312240558874,1410,153,9,9,30.117966176211493
old4,AQgirlwalkinrain,71.7741935483871,74.19354838709677,51.60010240655403,371,87,1,1,27.574095049222674
old4,AQtruck2north,100.0,100.0,82.3558897243108,94,0,0,0,27.674793821987258
old4,baggirl,88.28828828828829,74.77477477477478,70.6992706992707,110,0,0,0,24.621046166689286
old4,ballshootatthebasket3times,64.31893687707641,79.33554817275747,54.84258819806993,1489,260,13,12,19.622949051679427
old4,basketball849,34.86454652532391,44.994110718492344,21.078018957877617,743,469,11,11,21.224454668821302
old4,basketballathand,21.875,35.9375,29.24107142857143,63,33,2,1,21.56190254921491
old4,basketboy,83.52941176470588,100.0,67.39495798319328,84,0,0,0,25.014868037763264
old4,bawgirl,100.0,100.0,79.08163265306123,279,0,0,0,26.04016603392876
old4,belowdarkgirl,92.46231155778895,99.49748743718592,73.07968413496052,198,1,0,0,20.853999290198526
old4,besom3,73.58953393295175,56.09157808667212,67.23513608223338,1222,22,1,1,19.79891753809851
old4,bike,97.84946236559139,98.77112135176651,80.90849242922974,650,1,0,0,20.872216775425805
old4,bike2left,95.71984435797665,94.16342412451361,80.19269964795255,256,6,1,1,19.176923483932956
old4,bike2trees,76.02739726027397,80.13698630136986,71.4938030006523,145,3,0,0,23.459582429411878
old4,bikeboy,95.57522123893806,97.34513274336283,79.56173619890434,112,0,0,0,20.97646261924271
old4,bikeboyintodark,21.06537530266344,14.527845036319611,21.58422691110342,825,572,2,1,19.250023510336565
old4,bikeboyright,77.30192719486081,91.00642398286938,69.99082288161517,466,0,0,0,24.86136293683756
old4,bikeboyturn,56.774193548387096,100.0,59.877112135176645,154,0,0,0,27.415268502713992
old4,bikeboyturntimes,100.0,100.0,90.65255731922397,242,0,0,0,26.92987676184235
old4,bikeboywithumbrella,100.0,100.0,83.98268398268398,219,0,0,0,28.272033147680915
old4,bikefromlight,89.53488372093024,100.0,73.50498338870432,171,0,0,0,26.952276325387203
old4,bikegoindark,35.91549295774648,40.845070422535215,32.99798792756539,283,132,2,1,26.55253617426226
old4,bikeinrain,99.28571428571429,100.0,74.93197278911565,139,0,0,0,26.46393594830631
old4,biketurnright,4.580152671755725,6.870229007633588,6.070519810977825,130,118,1,0,27.88227420240578
old4,blackboy,99.53703703703704,100.0,84.96472663139329,431,0,0,0,20.802433122033623
old4,blackboyoncall,100.0,100.0,87.48991121872479,294,0,0,0,26.175123514483538
old4,blackcarturn,100.0,99.20634920634922,75.17006802721089,125,0,0,0,25.249235425225415
old4,blackdown,95.16129032258065,98.38709677419355,74.88479262672813,61,1,0,0,21.55226663704681
old4,blackgirl,94.47004608294931,95.85253456221197,74.54465657230634,216,1,0,0,22.6522398119704
old4,blkboyback,94.73684210526315,87.71929824561403,76.69172932330827,170,0,0,0,17.867623185599648
old4,blkboybetweenredandwhite,84.43708609271523,93.70860927152319,71.27089246294544,301,11,2,2,20.595515393697227
old4,blkboydown,78.04878048780488,97.5609756097561,69.16376306620208,81,3,0,0,25.23312521330982
old4,blkboyhead,35.431654676258994,37.410071942446045,28.879753340184994,555,348,3,2,18.89980743452009
old4,blkboylefttheNo_21,50.46541601031076,51.78290133180582,40.93410527607864,6930,2936,36,35,20.82932090408553
old4,blkboystand,39.55431754874652,39.693593314763234,34.17562010876774,1435,810,3,2,25.654767303407436
old4,blkboytakesumbrella,100.0,100.0,84.03361344537815,339,0,0,0,32.02384403481338
old4,blkboy`shead,87.44363240553568,89.22407090654642,70.03872611087664,12861,1098,28,28,18.369006559809222
old4,blkcaratfrontbluebus,37.303664921465966,61.910994764397905,37.03565195711792,763,322,3,2,33.30223746801074
old4,blkgirlumbrella,96.49122807017544,100.0,73.50320245057088,341,0,0,0,32.14714381525577
old4,blkhairgirltakingblkbag,81.91489361702128,72.51773049645391,64.06619385342789,563,59,4,3,26.91408159240427
old4,blkmoto2north,81.81818181818183,92.51336898395722,71.12299465240642,186,17,1,1,32.177764770042785
old4,blkstandboy,93.6842105263158,93.15789473684211,80.10025062656642,189,0,0,0,26.736199617076068
old4,blktribikecome,98.59154929577466,100.0,84.43997317236754,141,0,0,0,31.973072842415032
old4,blueboy,98.7878787878788,98.18181818181819,82.43867243867246,329,0,0,0,26.64850759175376
old4,blueboy421,93.34916864608076,99.04988123515439,76.75602307431285,420,1,0,0,32.01647247801859
old4,bluebuscoming,99.93041057759221,98.8865692414753,84.74666136461543,1436,0,0,0,26.741685241791796
old4,bluegirlbiketurn,94.14414414414415,97.74774774774775,75.97597597597596,221,6,1,1,31.83704073999827
old4,bottlebetweenboy`sfeet,6.91699604743083,15.019762845849801,10.841332580463016,505,404,2,1,28.12901674823798
old4,boy2basketballground,58.252427184466015,83.00970873786407,52.958853444290334,205,55,5,4,32.06192015267271
old4,boy2buildings,79.86577181208054,88.9261744966443,66.9809310748908,1787,90,4,3,31.96776393708152
old4,boy2trees,97.04433497536947,99.50738916256158,80.8116349988271,202,1,0,0,32.16252591963016
old4,boy2treesfindbike,71.9298245614035,77.10064635272391,57.74963725102229,1082,160,3,3,32.231337648663946
old4,boyaftertree,94.11764705882352,94.11764705882352,75.16339869281046,101,6,1,1,31.8626292970692
old4,boyaroundtrees,61.23936816524909,65.0465775617659,51.01930606183339,2457,812,4,4,30.44524907374036
old4,boyatdoorturnright,73.48178137651821,82.18623481781377,69.05725853094275,493,52,4,4,26.047310732779017
old4,boydownplatform,87.48335552596538,96.40479360852197,74.2819098345064,750,21,1,1,31.902372105576564
old4,boyfromdark,99.29824561403508,99.29824561403508,80.83542188805346,283,0,0,0,32.28100549607885
old4,boyinlight,95.29780564263322,96.23824451410658,75.99641737572773,318,12,2,2,32.644803175645926
old4,boyinplatform,81.02564102564102,93.12820512820514,68.86935286935287,974,31,2,2,32.375456872709975
old4,boyinsnowfield3,94.35825105782793,94.92242595204513,82.6919202095507,1417,13,1,1,26.568452436402275
old4,boyleftblkrunning2crowd,70.4225352112676,83.33333333333334,58.94254415381176,425,82,3,2,26.082452713371076
old4,boylefttheNo_9boy,96.34220686852267,93.68014631172525,80.17921251003958,4919,156,3,2,27.496389307606805
old4,boyoncall,99.35483870967742,46.45161290322581,69.70814132104455,308,0,0,0,31.620732109876112
old4,boyplayphone,92.88990825688074,96.55963302752293,75.45871559633028,434,14,3,3,30.887060636282882
old4,boyride2path,44.83695652173913,48.96739130434782,32.399068322981364,1837,800,7,6,31.729073155784107
old4,boyruninsnow,100.0,100.0,85.00784929356358,181,0,0,0,27.217737773160476
old4,boyscomeleft,86.20689655172413,91.59482758620689,68.39080459770115,463,30,2,2,31.464549418750426
old4,boyshead9684,91.83188764973151,92.79223461379596,73.22289097382034,9683,22,2,2,27.515346014290696
old4,boyss,51.46666666666667,81.86666666666666,54.6031746031746,374,52,6,5,29.28480814330137
old4,boytakingbasketballfollowing,56.77374301675978,57.1927374301676,47.9948124501197,1431,531,5,4,27.048692032938806
old4,boytakingplate2left,90.07633587786259,87.02290076335878,72.8644129407488,259,0,0,0,25.95691308362891
old4,boyunder2baskets,15.171288743882544,16.31321370309951,14.58090577177037,612,499,2,1,26.718501500240187
old4,boywaitgirl,93.67875647668393,97.30569948186528,77.29583024919813,964,0,0,0,30.370053597742153
old4,boywalkinginsnow2,98.93617021276596,98.78419452887537,82.45766391663048,657,0,0,0,26.333479434920072
old4,boy`headwithouthat,53.93654524089306,61.104582843713274,42.86273851491243,850,331,7,6,25.815748929592413
old4,boy`sheadingreycol,36.43122676579926,58.7360594795539,36.48433351035581,268,111,3,2,26.33906309819169
old4,broom,83.14111973159991,63.461941706856784,64.8788305424917,9531,595,39,39,27.218198178135165
old4,carbehindtrees,100.0,100.0,69.79949874686717,113,0,0,0,27.26081527435557
old4,carcomeonlight,100.0,100.0,84.44130127298445,100,0,0,0,31.243394343240794
old4,carcomingfromlight,29.923273657289002,31.9693094629156,28.303495311167946,390,242,2,1,32.1772875935048
old4,carcominginlight,94.19354838709677,96.12903225806451,73.82488479262673,154,0,0,0,27.224473457808685
old4,carlight2,95.71428571428572,100.0,80.06802721088437,69,0,0,0,31.515120355258077
old4,carlightcome2,100.0,100.0,83.87096774193549,92,0,0,0,31.17070447306229
old4,caronlight,96.51162790697676,100.0,77.13178294573643,85,0,0,0,31.07802533949395
old4,carturn117,100.0,100.0,87.46438746438746,116,0,0,0,30.757796394769606
old4,carwillturn,41.78794178794179,41.58004158004158,36.66963666963667,480,236,2,1,27.495444717193397
old4,catbrown2,100.0,97.8021978021978,86.55154369440083,90,0,0,0,27.132701612331985
old4,catbrownback2bush,70.66269545793,70.66269545793,65.67741020458817,1342,297,1,1,26.879150675371793
old4,couple,57.42574257425742,58.415841584158414,44.743045733144726,100,38,1,0,30.07186798472941
old4,darkcarturn,100.0,97.61904761904762,91.38321995464852,83,0,0,0,30.7000813540567
old4,darkgirl,99.02120717781403,100.0,80.30762060125844,612,0,0,0,31.02971892631398
old4,darkouterwhiteboy,52.7369826435247,99.73297730307075,55.16561764892873,748,89,8,8,27.059657569194577
old4,darktreesboy,80.31809145129225,85.2882703777336,69.9138502319417,502,30,1,1,27.128197627414465
old4,drillmaster1117,45.9265890778872,48.433303491495074,38.999019482457264,1116,576,1,0,31.649885535542676
old4,drillmasterfollowingatright,48.77800407331975,50.20366598778004,38.22616623023954,981,481,1,1,25.757199483973526
old4,farfatboy,79.13385826771653,92.51968503937007,59.4488188976378,253,30,1,1,30.710157793550117
old4,firstexercisebook,26.46551724137931,28.706896551724135,30.34893267651888,1159,585,5,4,27.4716856560831
old4,foamatgirl`srighthand,66.83937823834198,78.75647668393782,51.36935603256847,192,27,2,2,27.177079510803754
old4,foldedfolderatlefthand,68.58638743455498,68.06282722513089,59.95179921881493,1145,209,9,9,26.707279612125216
old4,girl2left3man1,71.52317880794702,100.0,63.41847997477136,150,0,0,0,31.21053364179375
old4,girlafterglassdoor,99.91150442477877,95.929203539823,85.67635903919091,1129,0,0,0,31.886500230361015
old4,girldownstairfromlight,66.721446179129,88.41413311421529,54.939938177407356,1216,151,3,3,27.236381363076863
old4,girlfromlight_quezhen,93.22362052274927,94.86931268151017,82.04950905822156,1032,8,1,1,26.560106626185576
old4,girlinrain,99.03846153846155,100.0,83.02808302808302,311,0,0,0,30.468285062754497
old4,girllongskirt,68.42105263157895,87.17105263157895,63.377192982456144,303,40,6,6,28.97753261545813
old4,girlof2leaders,39.95943204868154,43.6105476673428,36.72848449724717,985,475,10,9,25.654957083704797
old4,girlrightthewautress,72.72727272727273,75.32467532467533,57.297464440321576,307,75,2,2,25.919336673624844
old4,girlunderthestreetlamp,91.49755073477957,100.0,71.98507114532306,2857,0,0,0,27.408775717542227
old4,girl`sblkbag,9.98248686514886,39.229422066549915,12.084063047285465,570,465,1,0,28.358180514409238
old4,guardunderthecolumn,77.30496453900709,79.7872340425532,66.16008105369808,281,39,1,1,26.19354787281817
old4,hugboy,92.80442804428044,98.8929889298893,79.34457916007732,541,0,0,0,31.053534476267664
old4,hyalinepaperfrontface,25.99027102154274,30.484132499420895,27.247758033025576,4316,2456,32,31,32.4577974510719
old4,large,83.72881355932203,82.91525423728814,69.79822437449556,1474,177,6,6,26.955046551989888
old4,lastleftgirl,6.899641577060931,7.885304659498208,6.53268475849121,1115,1017,2,1,26.847746807656552
old4,leftblkTboy,59.64383561643836,61.67123287671233,46.35616438356164,3439,1317,15,14,26.954752162177474
old4,leftbottle2hang,23.678276121272866,36.20646454522676,28.961592153774557,3990,1751,36,35,28.755965055838317
old4,leftboy2jointhe4,15.755627009646304,23.79421221864952,16.260909508497935,1243,950,3,2,27.115445760999982
old4,leftboyoutofthetroop,68.14516129032258,72.04301075268818,56.42601126472094,743,197,1,1,27.157914540817437
old4,leftchair,56.99999999999999,48.857142857142854,59.129251700680264,1399,310,4,4,32.41348142305399
old4,lefterbike,74.73498233215548,72.08480565371025,57.925290257445724,565,44,3,2,28.130256160969246
old4,leftexcersicebookyellow,54.53720508166969,52.54083484573503,51.024112004148314,1101,185,5,5,27.947338377549542
old4,leftfarboycomingpicktheball,92.13732004429679,98.56035437430786,69.97837894847862,902,4,1,1,27.538571438720734
old4,leftgirl'swhitebag,67.33067729083665,73.70517928286853,57.54126351735914,249,56,2,1,27.183215162656765
old4,lefthyalinepaper2rgb,53.1233595800525,55.748031496062985,48.85639295088116,1904,494,18,18,27.931618940704816
old4,lefthyalinepaperfrontpants,67.31409544950056,64.59489456159822,59.49209872628296,1801,345,13,13,32.5893577955021
old4,leftmirror,77.11548696114954,73.39010111761576,67.95407891735724,1878,313,23,23,27.5169997747059
old4,leftmirrorlikesky,71.65562913907286,72.84768211920529,58.83107326815937,2264,306,13,13,27.345486097948026
old4,leftmirrorside,39.31870669745958,42.725173210161664,31.60673045199604,1731,955,10,9,27.93756893238107
old4,leftopenexersicebook,41.76470588235294,47.647058823529406,48.23529411764705,167,14,1,0,27.908291280764477
old4,leftpingpongball,10.606060606060606,13.636363636363635,6.493506493506493,65,57,1,0,27.372145477223075
old4,leftrushingboy,85.13513513513513,89.86486486486487,71.4929214929215,147,14,1,1,25.820521464434513
old4,leftunderbasket,16.63286004056795,14.908722109533468,19.57886602917029,985,732,3,2,27.271185819992123
old4,leftuphand,85.71428571428571,85.6638061585058,71.99826927237326,1980,141,2,2,26.63216460408033
old4,littelbabycryingforahug,95.94272076372316,99.76133651551312,76.15638140697807,1675,0,0,0,19.37253803760447
old4,lowerfoamboard,87.87878787878788,90.9090909090909,69.55266955266956,31,3,1,1,10.923971503081113
old4,mandownstair,96.44160583941606,96.44160583941606,80.29197080291975,1095,16,1,0,19.26840956605564
old4,manfromtoilet,98.77450980392157,98.2843137254902,81.90943043884218,407,0,0,0,19.948797472918773
old4,mangetsoff,77.95275590551181,79.13385826771653,64.24821897262844,253,40,1,1,23.155350494559222
old4,manoncall,83.6852207293666,91.93857965451056,70.87103555433688,520,26,4,4,25.08794183935579
old4,mansimiliar,93.77289377289377,97.43589743589743,78.8941217512646,272,12,1,1,26.80753498158889
old4,mantostartcar,97.5609756097561,100.0,80.13937282229966,122,0,0,0,25.736705206093053
old4,midblkgirl,96.3172804532578,100.0,78.18696883852692,352,0,0,0,28.48277054301432
old4,midboyNo_9,72.07219619729953,75.17222375310003,60.6640947919537,7257,1592,17,17,16.325468540136793
old4,middrillmaster,68.07228915662651,71.08433734939759,55.19219736087205,663,185,2,1,16.548441739956726
old4,midgreyboyrunningcoming,73.96156230626161,77.21636701797892,56.96129660791781,3225,585,13,12,15.24760801840234
old4,midof3girls,71.29840546697038,77.44874715261959,61.52511118342553,438,85,1,0,20.693331034612694
old4,midredboy,67.49213298672869,70.00957723354769,58.08298966049685,7293,1941,15,15,17.381119389571694
old4,midrunboywithwhite,49.547511312217196,54.29864253393665,37.48114630467571,441,202,2,1,25.594695848694773
old4,minibus,100.0,100.0,84.43223443223444,77,0,0,0,31.08440983537725
old4,minibusgoes2left,72.89719626168224,72.89719626168224,65.86559857587896,213,37,1,0,27.799887623716938
old4,moto,100.0,98.4251968503937,78.36520434945632,253,0,0,0,27.270638089622448
old4,motocomeonlight,97.61904761904762,100.0,73.92290249433108,83,0,0,0,31.798831196495193
old4,motogoesaloongS,99.21259842519686,100.0,79.82752155980505,126,0,0,0,31.503591084650346
old4,mototaking2boys306,63.725490196078425,67.64705882352942,55.83566760037348,305,40,2,1,27.816710542687577
old4,mototurneast,100.0,100.0,81.49882903981265,121,0,0,0,31.754325581602572
old4,motowithbluetop,100.0,100.0,76.44110275689222,94,0,0,0,30.173878013451926
old4,pingpingpad3,96.16336633663366,98.14356435643565,80.39250353606788,807,11,2,2,27.61415368976779
old4,pinkwithblktopcup,73.62204724409449,79.21259842519684,65.11436070491187,1269,198,7,6,28.12761491335387
old4,raincarturn,99.7005988023952,100.0,82.0786997433704,333,0,0,0,31.994332222144525
old4,rainycarcome_ab,100.0,100.0,82.55990294206855,156,0,0,0,31.405358063181076
old4,redboygoright,86.0,91.33333333333333,72.38095238095238,149,5,1,1,26.453156957872967
old4,redcarcominginlight,100.0,96.56488549618321,82.7517266448564,261,0,0,0,27.443141240435917
old4,redetricycle,96.15384615384616,75.96153846153845,65.79670329670331,103,0,0,0,27.027947408817248
old4,redmidboy,82.62839879154077,93.50453172205438,68.32829808660624,661,11,1,1,25.33867772842784
old4,redroadlatboy,62.054794520547944,63.287671232876704,49.62165688193085,729,268,7,6,26.35324201359148
old4,redtricycle,81.54761904761905,88.69047619047619,68.48072562358276,167,0,0,0,31.285289866295887
old4,right2ndflagformath,31.428571428571427,38.4,27.03945578231292,1749,1078,7,6,26.795924908357538
old4,right5thflag,69.36325678496868,77.92275574112735,54.35928024654538,1898,409,8,8,26.549042850052828
old4,rightbike-gai,89.66346153846155,98.3173076923077,73.48901098901098,415,0,0,0,27.889080143698813
old4,rightbike,43.111111111111114,52.0,37.48148148148149,224,106,2,1,27.210057275947072
old4,rightblkboy4386,70.47423620611035,59.6671226630187,62.077389095172954,4385,889,7,7,26.981250681842237
old4,rightblkboystand,92.831541218638,90.32258064516128,74.26181942310974,277,0,0,0,26.319410083038736
old4,rightblkfatboyleftwhite,99.74093264248705,98.44559585492227,78.213668887244,385,0,0,0,27.15530816270803
old4,rightbluewhite,93.76770538243626,99.43342776203966,68.4608120868744,352,0,0,0,31.76659035290648
old4,rightbottlecomes,32.42074927953891,44.236311239193085,34.990393852065324,1387,558,25,24,29.25687547317315
old4,rightboy504,94.44444444444444,99.0079365079365,74.3764172335601,503,5,1,1,26.605081135126856
old4,rightcameraman,58.666666666666664,60.09523809523809,48.50340136054421,1049,424,1,0,27.58309041284192
old4,rightcar-chongT,8.73440285204991,12.655971479500892,13.207707325354384,560,444,2,1,27.670264182461334
old4,rightcomingstrongboy,44.205298013245034,46.688741721854306,35.588142541784926,603,320,3,2,26.94462136849635
old4,rightdarksingleman,63.37157987643425,70.96204766107678,49.82978186861681,1132,339,2,1,27.68767917127477
old4,rightgirltakingcup,7.0359281437125745,8.682634730538922,6.679498146564014,667,606,3,2,25.538230396210093
old4,rightwaiter1_quezhen,76.62337662337663,62.98701298701299,61.44094001236857,307,46,2,2,26.35505525078324
old4,runningcameragirl,37.82383419689119,45.07772020725388,31.40883296323711,385,226,3,2,27.16097533941641
old4,shinybikeboy2left,70.07211538461539,75.96153846153845,48.116987179487175,831,159,3,3,27.42301561751035
old4,shinycarcoming,76.04456824512535,70.75208913649024,61.480302427377644,358,41,1,0,27.67458814386493
old4,shinycarcoming2,72.25913621262458,70.59800664451828,60.7577914886885,601,49,2,1,27.572273052763197
old4,silvercarturn,100.0,100.0,90.99739398246862,200,0,0,0,31.02515380905019
old4,small-gai,97.73413897280967,96.67673716012085,81.13221119263416,661,8,1,1,26.71245851726099
old4,standblkboy,97.9502196193265,98.24304538799414,81.39161960538243,682,0,0,0,26.78992562817852
old4,swan_0109,87.65060240963855,100.0,74.21113023522662,663,0,0,0,27.562771555244016
old4,truckgonorth,49.34210526315789,57.89473684210527,58.89724310776943,151,2,0,0,30.998393946854073
old4,turning1strowleft2ndboy,63.96242527754057,74.29547395388558,55.036395429222075,1170,299,25,24,22.55902851094256
old4,umbreboyoncall,97.91666666666666,100.0,84.05257936507937,191,0,0,0,31.28016929414935
old4,umbrella,72.10031347962382,85.8934169278997,57.32198835647111,318,59,4,4,31.869898787433794
old4,umbrellabyboy,90.94736842105263,98.52631578947368,72.25062656641603,474,4,0,0,31.965890718246417
old4,umbrellawillbefold,76.5017667844523,74.38162544169612,65.52246340232205,565,49,2,2,28.007232068377284
old4,umbrellawillopen,82.24489795918367,72.0408163265306,69.35860058309038,489,67,1,1,28.193376243429007
old4,waitresscoming,97.94117647058823,98.82352941176471,68.0812324929972,679,0,0,0,26.059128251542834
old4,whitebikebelow,68.55123674911661,72.96819787985865,52.93622749453137,565,157,1,0,26.846905250233004
old4,whiteboyrightcoccergoal,85.96237337192476,87.4095513748191,72.75170560264628,690,84,1,1,26.312010419359375
old4,whitecarcomeinrain,100.0,100.0,87.13151927437642,83,0,0,0,31.405044985823686
old4,whitecarturn683,78.03806734992679,77.15959004392387,65.85093773966395,682,144,2,2,25.8468333411277
old4,whitecarturnleft,100.0,100.0,79.61570593149541,56,0,0,0,30.578076178045787
old4,whitecarturnright,95.14563106796116,90.29126213592234,76.8377253814147,102,0,0,0,30.542440058562516
old4,whitefardown,73.13432835820896,100.0,67.16417910447761,66,4,1,0,31.001260465269738
old4,whitefargirl,73.54838709677419,78.06451612903226,56.46697388632872,154,33,2,1,31.735269799469044
old4,whitegirlinlight,93.71816638370119,96.60441426146011,75.59220632225727,588,11,1,1,27.3987869967509
old4,whitegirltakingchopsticks,22.22222222222222,25.318761384335154,23.00286234712464,548,369,1,0,25.511427482868648
old4,whiteofboys,81.77339901477832,84.72906403940887,66.73703964344358,202,32,4,4,30.951289040367893
old4,whiteridingbike,61.1764705882353,75.29411764705883,49.5686274509804,424,105,1,1,26.995110245747096
old4,whiterunningboy,92.48554913294798,93.35260115606935,75.1720341315717,345,25,2,2,31.546398272407
old4,whiteskirtgirlcomingfromgoal,62.95843520782396,73.10513447432763,55.40808010245664,817,207,10,9,25.80321901764749
old4,whitesuvturn,100.0,100.0,85.95759471671882,136,0,0,0,30.760376622197338
old4,womanback2car,94.73684210526315,100.0,80.75187969924814,94,0,0,0,31.797257239995375
old4,yellowgirl118,49.152542372881356,72.03389830508475,48.506860371267145,117,28,1,0,31.597617996515954
old4,yellowskirt,99.44598337950139,96.95290858725761,80.99195356813085,360,0,0,0,30.91536832153689
gross_parent,10runone,99.67105263157895,100.0,79.66791979949875,303,0,0,0,26.378542477841435
gross_parent,11leftboy,87.5,88.1578947368421,73.43358395989975,151,18,1,1,24.982708951821333
gross_parent,11runtwo,94.57627118644068,98.98305084745763,77.70782889426958,294,3,1,0,26.639658512590007
gross_parent,1blackteacher,100.0,100.0,82.69263051871748,850,0,0,0,26.51995893893186
gross_parent,1boycoming,100.0,100.0,77.55883962780514,173,0,0,0,26.678934923366086
gross_parent,1stcol4thboy,7.699141249629848,9.209357417826473,6.224177559682445,3376,2995,6,5,17.4600839373812
gross_parent,1strowleftboyturning,4.508196721311475,4.508196721311475,3.6755139214155608,731,699,1,0,20.32347280725219
gross_parent,1strowrightdrillmaster,73.82761330888133,98.19229761592874,62.48986364260141,3816,224,3,2,31.049641283162465
gross_parent,1strowrightgirl3540,43.27683615819209,55.42372881355932,39.474038202851766,3539,1538,39,38,19.279503804289917
gross_parent,2girl,87.83783783783784,99.09909909909909,74.34577434577434,221,2,0,0,30.806741184114177
gross_parent,2girlup,7.563025210084033,9.663865546218489,6.322529011604641,236,215,1,0,21.974153548518913
gross_parent,2runseven,98.88888888888889,100.0,80.49382716049381,269,0,0,0,27.147603188643927
gross_parent,3bike1,86.32478632478633,99.14529914529915,71.06227106227105,116,0,0,0,30.919426002211864
gross_parent,3men,94.47513812154696,97.23756906077348,76.05893186003684,180,0,0,0,30.650061801362515
gross_parent,3pinkleft,97.00854700854701,100.0,76.21082621082623,227,1,0,0,24.513336968387744
gross_parent,3rdfatboy,93.95770392749245,97.2809667673716,79.28355632283127,330,4,1,1,26.657786620084647
gross_parent,3rdgrouplastboy,67.3076923076923,76.6826923076923,51.442307692307686,831,223,3,2,23.24889609438143
gross_parent,3thmoto,94.23076923076923,99.03846153846155,81.91391941391942,103,0,0,0,28.21538890285742
gross_parent,4men,94.68599033816425,98.55072463768117,74.29261559696342,413,0,0,0,30.2995206923229
gross_parent,4thboywithwhite,79.36507936507937,81.9047619047619,67.3167044595616,314,57,4,4,24.624966627066755
gross_parent,7rightorangegirl,40.6570841889117,44.558521560574945,35.210716730223915,486,269,2,1,24.838944289136755
gross_parent,ab_bikeoccluded,97.73371104815864,99.15014164305948,72.33238904627008,312,5,1,1,28.609585284976163
gross_parent,ab_blkskirtgirl,73.15573770491804,75.0,61.211943793911004,487,118,1,1,26.491478088315112
gross_parent,ab_bolstershaking,66.70773021250385,67.93963658761935,58.73993576488188,3246,334,17,17,24.147399905550607
gross_parent,ab_girlchoosesbike,97.27011494252874,99.56896551724138,77.01833607006022,695,0,0,0,31.294763685019603
gross_parent,ab_girlcrossroad,89.17525773195877,91.75257731958763,63.74570446735396,355,31,2,2,28.070632006689973
gross_parent,ab_pingpongball2,7.216494845360824,7.216494845360824,4.34462444771723,193,180,1,0,17.65378162362832
gross_parent,ab_rightlowerredcup_quezhen,29.401993355481725,31.727574750830566,31.028845646785854,1805,788,20,20,22.11480891921566
gross_parent,ab_whiteboywithbluebag,35.714285714285715,31.467181467181465,27.33958448244162,507,322,2,1,21.04020441329733
gross_parent,advancedredcup,75.54925584691709,77.03756201275691,70.8312240558874,1410,153,9,9,31.473645708187835
gross_parent,AQgirlwalkinrain,71.7741935483871,74.19354838709677,51.60010240655403,371,87,1,1,26.94112155313617
gross_parent,AQtruck2north,100.0,100.0,82.3558897243108,94,0,0,0,30.956870378516125
gross_parent,baggirl,88.28828828828829,74.77477477477478,70.6992706992707,110,0,0,0,28.966346068888612
gross_parent,ballshootatthebasket3times,64.31893687707641,79.33554817275747,54.84258819806993,1489,260,13,12,21.549020051384154
gross_parent,basketball849,34.86454652532391,44.994110718492344,21.078018957877617,743,469,11,11,19.031572335594873
gross_parent,basketballathand,21.875,35.9375,29.24107142857143,63,33,2,1,19.51582555678279
gross_parent,basketboy,83.52941176470588,100.0,67.39495798319328,84,0,0,0,30.734958113392143
gross_parent,bawgirl,100.0,100.0,79.08163265306123,279,0,0,0,31.24464799172289
gross_parent,belowdarkgirl,92.46231155778895,99.49748743718592,73.07968413496052,198,1,0,0,26.211483178726112
gross_parent,besom3,73.58953393295175,56.09157808667212,67.23513608223338,1222,22,1,1,26.06924524464851
gross_parent,bike,97.84946236559139,98.77112135176651,80.90849242922974,650,1,0,0,26.903667247445128
gross_parent,bike2left,95.71984435797665,94.16342412451361,80.19269964795255,256,6,1,1,26.89309156461465
gross_parent,bike2trees,76.02739726027397,80.13698630136986,71.4938030006523,145,3,0,0,29.220371816575543
gross_parent,bikeboy,95.57522123893806,97.34513274336283,79.56173619890434,112,0,0,0,27.778220821804204
gross_parent,bikeboyintodark,21.06537530266344,14.527845036319611,21.58422691110342,825,572,2,1,21.62841473720788
gross_parent,bikeboyright,77.30192719486081,91.00642398286938,69.99082288161517,466,0,0,0,30.34275806156085
gross_parent,bikeboyturn,56.774193548387096,100.0,59.877112135176645,154,0,0,0,30.827250992083748
gross_parent,bikeboyturntimes,100.0,100.0,90.65255731922397,242,0,0,0,31.443221242426635
gross_parent,bikeboywithumbrella,100.0,100.0,83.98268398268398,219,0,0,0,31.037347755306104
gross_parent,bikefromlight,89.53488372093024,100.0,73.50498338870432,171,0,0,0,29.16932782980778
gross_parent,bikegoindark,35.91549295774648,40.845070422535215,32.99798792756539,283,132,2,1,21.850348533131463
gross_parent,bikeinrain,99.28571428571429,100.0,74.93197278911565,139,0,0,0,31.869028044970506
gross_parent,biketurnright,4.580152671755725,6.870229007633588,6.070519810977825,130,118,1,0,32.25693535197021
gross_parent,blackboy,99.53703703703704,100.0,84.96472663139329,431,0,0,0,27.154830361524326
gross_parent,blackboyoncall,100.0,100.0,87.48991121872479,294,0,0,0,31.306789308580377
gross_parent,blackcarturn,100.0,99.20634920634922,75.17006802721089,125,0,0,0,30.82859856010055
gross_parent,blackdown,95.16129032258065,98.38709677419355,74.88479262672813,61,1,0,0,29.766242785135603
gross_parent,blackgirl,94.47004608294931,95.85253456221197,74.54465657230634,216,1,0,0,29.59229886513349
gross_parent,blkboyback,94.73684210526315,87.71929824561403,76.69172932330827,170,0,0,0,26.011958561089685
gross_parent,blkboybetweenredandwhite,84.43708609271523,93.70860927152319,71.27089246294544,301,11,2,2,25.146546565244332
gross_parent,blkboydown,78.04878048780488,97.5609756097561,69.16376306620208,81,3,0,0,27.695459974693172
gross_parent,blkboyhead,35.431654676258994,37.410071942446045,28.879753340184994,555,348,3,2,21.519563267233114
gross_parent,blkboylefttheNo_21,49.84963482743807,51.29600458255764,40.34560122201537,6930,2988,34,33,24.31070090781514
gross_parent,blkboystand,39.55431754874652,39.693593314763234,34.17562010876774,1435,810,3,2,23.260794962540206
gross_parent,blkboytakesumbrella,100.0,100.0,84.03361344537815,339,0,0,0,31.195175616202004
gross_parent,blkboy`shead,87.44363240553568,89.22407090654642,70.03872611087664,12861,1098,28,28,27.066358189966035
gross_parent,blkcaratfrontbluebus,37.696335078534034,62.17277486910995,37.390924956369986,763,319,3,2,27.469900058603915
gross_parent,blkgirlumbrella,96.49122807017544,100.0,73.50320245057088,341,0,0,0,31.066285124584017
gross_parent,blkhairgirltakingblkbag,81.91489361702128,72.51773049645391,64.06619385342789,563,59,4,3,23.75117363684152
gross_parent,blkmoto2north,81.81818181818183,92.51336898395722,71.12299465240642,186,17,1,1,28.576325488986157
gross_parent,blkstandboy,93.6842105263158,93.15789473684211,80.10025062656642,189,0,0,0,26.060782084381877
gross_parent,blktribikecome,98.59154929577466,100.0,84.43997317236754,141,0,0,0,30.804139170872002
gross_parent,blueboy,98.7878787878788,98.18181818181819,82.43867243867246,329,0,0,0,25.622937530763974
gross_parent,blueboy421,93.34916864608076,99.04988123515439,76.75602307431285,420,1,0,0,30.693119397889163
gross_parent,bluebuscoming,99.93041057759221,98.8865692414753,84.74666136461543,1436,0,0,0,26.373429351516553
gross_parent,bluegirlbiketurn,94.14414414414415,97.74774774774775,75.97597597597596,221,6,1,1,29.556454560476638
gross_parent,bottlebetweenboy`sfeet,6.91699604743083,15.019762845849801,10.841332580463016,505,404,2,1,21.090842591287142
gross_parent,boy2basketballground,58.252427184466015,83.00970873786407,52.958853444290334,205,55,5,4,25.433267014306775
gross_parent,boy2buildings,79.86577181208054,88.9261744966443,66.9809310748908,1787,90,4,3,29.557972587322094
gross_parent,boy2trees,97.04433497536947,99.50738916256158,80.8116349988271,202,1,0,0,30.810463583742507
gross_parent,boy2treesfindbike,71.9298245614035,77.10064635272391,57.74963725102229,1082,160,3,3,27.913763974469404
gross_parent,boyaftertree,94.11764705882352,94.11764705882352,75.16339869281046,101,6,1,1,30.265875546840988
gross_parent,boyaroundtrees,61.158363710004046,65.00607533414338,50.99809060926922,2457,813,4,4,27.965983733174966
gross_parent,boyatdoorturnright,73.48178137651821,82.18623481781377,69.05725853094275,493,52,4,4,22.756545382963104
gross_parent,boydownplatform,87.48335552596538,96.40479360852197,74.2819098345064,750,21,1,1,30.653070517724238
gross_parent,boyfromdark,99.29824561403508,99.29824561403508,80.83542188805346,283,0,0,0,31.827932034429846
gross_parent,boyinlight,95.29780564263322,96.23824451410658,75.99641737572773,318,12,2,2,31.160990592440296
gross_parent,boyinplatform,81.02564102564102,93.12820512820514,68.86935286935287,974,31,2,2,29.72762950611751
gross_parent,boyinsnowfield3,94.35825105782793,94.92242595204513,82.6919202095507,1417,13,1,1,25.98725047806728
gross_parent,boyleftblkrunning2crowd,70.4225352112676,83.33333333333334,58.94254415381176,425,82,3,2,21.988500132334718
gross_parent,boylefttheNo_9boy,96.34220686852267,93.68014631172525,80.17921251003958,4919,156,3,2,27.058486915646277
gross_parent,boyoncall,99.35483870967742,46.45161290322581,69.70814132104455,308,0,0,0,31.341134929434553
gross_parent,boyplayphone,92.88990825688074,96.55963302752293,75.45871559633028,434,14,3,3,29.17289773327368
gross_parent,boyride2path,44.83695652173913,48.80434782608696,32.31884057971015,1837,804,7,6,24.66652339455796
gross_parent,boyruninsnow,100.0,100.0,85.00784929356358,181,0,0,0,27.076037468109533
gross_parent,boyscomeleft,86.20689655172413,91.59482758620689,68.39080459770115,463,30,2,2,29.827266124790178
gross_parent,boyshead9684,91.83188764973151,92.79223461379596,73.22289097382034,9683,22,2,2,26.864309491803517
gross_parent,boyss,51.46666666666667,81.86666666666666,54.6031746031746,374,52,6,5,23.522035230732133
gross_parent,boytakingbasketballfollowing,56.77374301675978,57.1927374301676,47.9948124501197,1431,531,5,4,22.680345200409725
gross_parent,boytakingplate2left,90.07633587786259,87.02290076335878,72.8644129407488,259,0,0,0,25.942002665211433
gross_parent,boyunder2baskets,15.171288743882544,16.31321370309951,14.58090577177037,612,499,2,1,24.112361228720687
gross_parent,boywaitgirl,93.67875647668393,97.30569948186528,77.29583024919813,964,0,0,0,29.922288874616125
gross_parent,boywalkinginsnow2,98.93617021276596,98.78419452887537,82.45766391663048,657,0,0,0,26.180632878498088
gross_parent,boy`headwithouthat,38.54289071680376,43.00822561692127,30.1382127469084,850,484,5,4,20.134963897268733
gross_parent,boy`sheadingreycol,36.43122676579926,58.7360594795539,36.48433351035581,268,111,3,2,21.991942688477046
gross_parent,broom,83.14111973159991,63.461941706856784,64.8788305424917,9531,595,39,39,26.38870399591988
gross_parent,carbehindtrees,100.0,100.0,69.79949874686717,113,0,0,0,26.811681935793136
gross_parent,carcomeonlight,100.0,100.0,84.44130127298445,100,0,0,0,31.579950792282734
gross_parent,carcomingfromlight,29.923273657289002,31.9693094629156,28.303495311167946,390,242,2,1,26.68835791484915
gross_parent,carcominginlight,94.19354838709677,96.12903225806451,73.82488479262673,154,0,0,0,25.62124429091651
gross_parent,carlight2,95.71428571428572,100.0,80.06802721088437,69,0,0,0,31.56575537255122
gross_parent,carlightcome2,100.0,100.0,83.87096774193549,92,0,0,0,31.477252672329644
gross_parent,caronlight,96.51162790697676,100.0,77.13178294573643,85,0,0,0,31.43641546974436
gross_parent,carturn117,100.0,100.0,87.46438746438746,116,0,0,0,31.1868398710283
gross_parent,carwillturn,41.78794178794179,41.58004158004158,36.6003366003366,480,237,2,1,24.661473539470624
gross_parent,catbrown2,100.0,97.8021978021978,86.55154369440083,90,0,0,0,27.344150314303924
gross_parent,catbrownback2bush,70.66269545793,70.66269545793,65.67741020458817,1342,297,1,1,24.302503748674262
gross_parent,couple,57.42574257425742,58.415841584158414,44.743045733144726,100,38,1,0,26.934099361825325
gross_parent,darkcarturn,100.0,97.61904761904762,91.38321995464852,83,0,0,0,30.909137502097277
gross_parent,darkgirl,99.02120717781403,100.0,80.30762060125844,612,0,0,0,29.11329806279427
gross_parent,darkouterwhiteboy,52.7369826435247,99.73297730307075,55.16561764892873,748,89,8,8,19.650076336117227
gross_parent,darktreesboy,80.31809145129225,85.2882703777336,69.9138502319417,502,30,1,1,24.07841784062119
gross_parent,drillmaster1117,45.9265890778872,48.433303491495074,38.999019482457264,1116,576,1,0,29.960298145254395
gross_parent,drillmasterfollowingatright,48.77800407331975,50.20366598778004,38.22616623023954,981,481,1,1,19.79623552272371
gross_parent,farfatboy,79.13385826771653,92.51968503937007,59.4488188976378,253,30,1,1,25.50887744437663
gross_parent,firstexercisebook,26.46551724137931,28.706896551724135,30.34893267651888,1159,585,5,4,25.038479082396396
gross_parent,foamatgirl`srighthand,66.83937823834198,78.75647668393782,51.36935603256847,192,27,2,2,24.220038520530547
gross_parent,foldedfolderatlefthand,68.58638743455498,68.06282722513089,59.95179921881493,1145,209,9,9,23.79660807871505
gross_parent,girl2left3man1,71.52317880794702,100.0,63.41847997477136,150,0,0,0,27.523427543383683
gross_parent,girlafterglassdoor,99.91150442477877,95.929203539823,85.67635903919091,1129,0,0,0,30.165485915497143
gross_parent,girldownstairfromlight,66.721446179129,88.41413311421529,54.939938177407356,1216,151,3,3,20.606290160451163
gross_parent,girlfromlight_quezhen,93.22362052274927,94.86931268151017,82.04950905822156,1032,8,1,1,24.15555187945071
gross_parent,girlinrain,99.03846153846155,100.0,83.02808302808302,311,0,0,0,29.259527683980835
gross_parent,girllongskirt,68.42105263157895,87.17105263157895,63.377192982456144,303,40,6,6,23.649415930229658
gross_parent,girlof2leaders,39.95943204868154,43.6105476673428,36.72848449724717,985,475,10,9,23.11790568060469
gross_parent,girlrightthewautress,72.72727272727273,75.32467532467533,57.297464440321576,307,75,2,2,22.55370757499459
gross_parent,girlunderthestreetlamp,91.49755073477957,100.0,71.98507114532306,2857,0,0,0,25.078065334151542
gross_parent,girl`sblkbag,9.98248686514886,39.229422066549915,12.084063047285465,570,465,1,0,23.09849799739315
gross_parent,guardunderthecolumn,77.30496453900709,79.7872340425532,66.16008105369808,281,39,1,1,24.050689020035726
gross_parent,hugboy,92.80442804428044,98.8929889298893,79.34457916007732,541,0,0,0,29.52277323376774
gross_parent,hyalinepaperfrontface,25.99027102154274,30.484132499420895,27.247758033025576,4316,2456,32,31,23.762326697197015
gross_parent,large,83.72881355932203,82.91525423728814,69.79822437449556,1474,177,6,6,24.164310178556953
gross_parent,lastleftgirl,6.899641577060931,7.885304659498208,6.53268475849121,1115,1017,2,1,19.888160559375066
gross_parent,leftblkTboy,60.05479452054795,62.082191780821915,46.717547292889755,3439,1302,15,14,24.1508264190073
gross_parent,leftbottle2hang,23.678276121272866,36.20646454522676,28.961592153774557,3990,1751,36,35,18.98106433378832
gross_parent,leftboy2jointhe4,15.755627009646304,23.79421221864952,16.260909508497935,1243,950,3,2,22.637447893845778
gross_parent,leftboyoutofthetroop,68.14516129032258,72.04301075268818,56.42601126472094,743,197,1,1,23.98786729773491
gross_parent,leftchair,56.99999999999999,48.857142857142854,59.129251700680264,1399,310,4,4,29.829865474166752
gross_parent,lefterbike,74.73498233215548,72.08480565371025,57.925290257445724,565,44,3,2,21.018972880904467
gross_parent,leftexcersicebookyellow,54.53720508166969,52.54083484573503,51.024112004148314,1101,185,5,5,25.022927272558526
gross_parent,leftfarboycomingpicktheball,92.13732004429679,98.56035437430786,69.97837894847862,902,4,1,1,23.825392798175073
gross_parent,leftgirl'swhitebag,67.33067729083665,73.70517928286853,57.54126351735914,249,56,2,1,21.129850757305533
gross_parent,lefthyalinepaper2rgb,53.1233595800525,55.748031496062985,48.85639295088116,1904,494,18,18,20.550993598455417
gross_parent,lefthyalinepaperfrontpants,67.31409544950056,64.59489456159822,59.49209872628296,1801,345,13,13,28.155361366337868
gross_parent,leftmirror,77.11548696114954,73.39010111761576,67.95407891735724,1878,313,23,23,23.706145365840054
gross_parent,leftmirrorlikesky,71.65562913907286,72.84768211920529,58.83107326815937,2264,306,13,13,23.620781461865544
gross_parent,leftmirrorside,39.31870669745958,42.725173210161664,31.60673045199604,1731,955,10,9,21.77955610034768
gross_parent,leftopenexersicebook,41.76470588235294,47.647058823529406,48.23529411764705,167,14,1,0,25.342596758054743
gross_parent,leftpingpongball,10.606060606060606,13.636363636363635,6.493506493506493,65,57,1,0,16.465525102007216
gross_parent,leftrushingboy,85.13513513513513,89.86486486486487,71.4929214929215,147,14,1,1,22.08979695515051
gross_parent,leftunderbasket,16.63286004056795,14.908722109533468,19.57886602917029,985,732,3,2,24.567268413841678
gross_parent,leftuphand,85.71428571428571,85.6638061585058,71.99826927237326,1980,141,2,2,24.74029194827514
gross_parent,littelbabycryingforahug,95.94272076372316,99.76133651551312,76.15638140697807,1675,0,0,0,24.658280888343974
gross_parent,lowerfoamboard,87.87878787878788,90.9090909090909,69.55266955266956,31,3,1,1,23.913183697525554
gross_parent,mandownstair,96.44160583941606,96.44160583941606,80.29197080291975,1095,16,1,0,24.065443112009323
gross_parent,manfromtoilet,98.77450980392157,98.2843137254902,81.90943043884218,407,0,0,0,25.463818934451083
gross_parent,mangetsoff,77.95275590551181,79.13385826771653,64.24821897262844,253,40,1,1,26.670450995746798
gross_parent,manoncall,83.6852207293666,91.93857965451056,70.87103555433688,520,26,4,4,26.65862895013524
gross_parent,mansimiliar,93.77289377289377,97.43589743589743,78.8941217512646,272,12,1,1,28.879419047931428
gross_parent,mantostartcar,97.5609756097561,100.0,80.13937282229966,122,0,0,0,29.289483977394266
gross_parent,midblkgirl,96.3172804532578,100.0,78.18696883852692,352,0,0,0,29.497806463278422
gross_parent,midboyNo_9,71.21796638192339,74.24910443648388,59.874161844401584,7257,1664,17,17,26.369460140979008
gross_parent,middrillmaster,68.07228915662651,71.08433734939759,55.19219736087205,663,185,2,1,26.207959825221554
gross_parent,midgreyboyrunningcoming,73.96156230626161,77.21636701797892,56.96129660791781,3225,585,13,12,26.11384774726234
gross_parent,midof3girls,71.29840546697038,77.44874715261959,61.52511118342553,438,85,1,0,27.94627982808664
gross_parent,midredboy,67.66999589547133,70.21480366671227,58.24326173211109,7293,1925,15,15,26.48572646936101
gross_parent,midrunboywithwhite,49.547511312217196,54.29864253393665,37.48114630467571,441,202,2,1,19.03305715375174
gross_parent,minibus,100.0,100.0,84.43223443223444,77,0,0,0,30.72602351115191
gross_parent,minibusgoes2left,72.89719626168224,72.89719626168224,65.86559857587896,213,37,1,0,26.249261796868275
gross_parent,moto,100.0,98.4251968503937,78.36520434945632,253,0,0,0,27.35282098159957
gross_parent,motocomeonlight,97.61904761904762,100.0,73.92290249433108,83,0,0,0,32.18075609706361
gross_parent,motogoesaloongS,99.21259842519686,100.0,79.82752155980505,126,0,0,0,31.76613212103945
gross_parent,mototaking2boys306,63.725490196078425,67.64705882352942,55.83566760037348,305,40,2,1,25.535481221533672
gross_parent,mototurneast,100.0,100.0,81.49882903981265,121,0,0,0,31.490567225265593
gross_parent,motowithbluetop,100.0,100.0,76.44110275689222,94,0,0,0,30.262990758150455
gross_parent,pingpingpad3,96.16336633663366,98.14356435643565,80.39250353606788,807,11,2,2,26.846938528233867
gross_parent,pinkwithblktopcup,73.62204724409449,79.21259842519684,65.11436070491187,1269,198,7,6,24.70647973048703
gross_parent,raincarturn,99.7005988023952,100.0,82.0786997433704,333,0,0,0,31.565803906726373
gross_parent,rainycarcome_ab,100.0,100.0,82.55990294206855,156,0,0,0,31.031788958509797
gross_parent,redboygoright,86.0,91.33333333333333,72.38095238095238,149,5,1,1,25.419914329615587
gross_parent,redcarcominginlight,100.0,96.56488549618321,82.7517266448564,261,0,0,0,27.30019863890195
gross_parent,redetricycle,96.15384615384616,75.96153846153845,65.79670329670331,103,0,0,0,26.874934479785615
gross_parent,redmidboy,82.62839879154077,93.50453172205438,68.32829808660624,661,11,1,1,19.636876045012716
gross_parent,redroadlatboy,62.054794520547944,63.287671232876704,49.62165688193085,729,268,7,6,22.550778577572913
gross_parent,redtricycle,81.54761904761905,88.69047619047619,68.48072562358276,167,0,0,0,31.13015014121178
gross_parent,right2ndflagformath,31.428571428571427,38.4,27.03945578231292,1749,1078,7,6,21.471766327890222
gross_parent,right5thflag,68.37160751565762,76.77453027139875,53.56645789839944,1898,431,8,7,24.032120374958293
gross_parent,rightbike-gai,89.66346153846155,98.3173076923077,73.48901098901098,415,0,0,0,26.412854486459974
gross_parent,rightbike,43.111111111111114,52.0,37.48148148148149,224,106,2,1,23.825316199925215
gross_parent,rightblkboy4386,70.47423620611035,59.6671226630187,62.077389095172954,4385,889,7,7,26.564709847631498
gross_parent,rightblkboystand,92.831541218638,90.32258064516128,74.26181942310974,277,0,0,0,25.801596604686452
gross_parent,rightblkfatboyleftwhite,99.74093264248705,98.44559585492227,78.213668887244,385,0,0,0,25.255660191890723
gross_parent,rightbluewhite,93.76770538243626,99.43342776203966,68.4608120868744,352,0,0,0,31.54421454537883
gross_parent,rightbottlecomes,32.42074927953891,44.236311239193085,34.990393852065324,1387,558,25,24,21.938483694648912
gross_parent,rightboy504,94.44444444444444,99.0079365079365,74.3764172335601,503,5,1,1,26.34369106626786
gross_parent,rightcameraman,58.666666666666664,60.09523809523809,48.50340136054421,1049,424,1,0,23.07156294366931
gross_parent,rightcar-chongT,25.668449197860966,33.51158645276293,32.1534674475851,560,242,4,3,19.445298099593998
gross_parent,rightcomingstrongboy,44.205298013245034,46.688741721854306,35.588142541784926,603,320,3,2,20.53975923930784
gross_parent,rightdarksingleman,63.37157987643425,70.96204766107678,49.82978186861681,1132,339,2,1,23.535006676039476
gross_parent,rightgirltakingcup,7.0359281437125745,8.682634730538922,6.679498146564014,667,606,3,2,20.874081774152156
gross_parent,rightwaiter1_quezhen,76.62337662337663,62.98701298701299,61.44094001236857,307,46,2,2,24.81103220513829
gross_parent,runningcameragirl,37.82383419689119,45.07772020725388,31.50752528990871,385,226,3,2,22.939117547030328
gross_parent,shinybikeboy2left,55.769230769230774,59.495192307692314,32.43475274725275,831,299,3,2,22.08323605827179
gross_parent,shinycarcoming,76.04456824512535,70.75208913649024,61.480302427377644,358,41,1,0,24.589003023360153
gross_parent,shinycarcoming2,72.25913621262458,70.59800664451828,60.7577914886885,601,49,2,1,23.405544734071466
gross_parent,silvercarturn,100.0,100.0,90.99739398246862,200,0,0,0,30.452458304798594
gross_parent,small-gai,97.73413897280967,96.67673716012085,81.13221119263416,661,8,1,1,26.12264085477344
gross_parent,standblkboy,97.9502196193265,98.24304538799414,81.39161960538243,682,0,0,0,26.724158629592804
gross_parent,swan_0109,87.65060240963855,100.0,74.21113023522662,663,0,0,0,26.566090251471696
gross_parent,truckgonorth,49.34210526315789,57.89473684210527,58.89724310776943,151,2,0,0,29.21348463940723
gross_parent,turning1strowleft2ndboy,63.96242527754057,74.29547395388558,55.036395429222075,1170,299,25,24,18.122603146538705
gross_parent,umbreboyoncall,97.91666666666666,100.0,84.05257936507937,191,0,0,0,31.060076370292876
gross_parent,umbrella,72.10031347962382,85.8934169278997,57.32198835647111,318,59,4,4,22.388500284389327
gross_parent,umbrellabyboy,90.94736842105263,98.52631578947368,72.25062656641603,474,4,0,0,30.283494289157048
gross_parent,umbrellawillbefold,76.5017667844523,74.38162544169612,65.52246340232205,565,49,2,2,26.64757003330326
gross_parent,umbrellawillopen,82.24489795918367,72.0408163265306,69.35860058309038,489,67,1,1,25.75851780436958
gross_parent,waitresscoming,97.94117647058823,98.82352941176471,68.0812324929972,679,0,0,0,26.07749095636716
gross_parent,whitebikebelow,68.55123674911661,72.96819787985865,52.93622749453137,565,157,1,0,23.322996967740725
gross_parent,whiteboyrightcoccergoal,85.96237337192476,87.4095513748191,72.75170560264628,690,84,1,1,24.946886748472977
gross_parent,whitecarcomeinrain,100.0,100.0,87.13151927437642,83,0,0,0,31.09253945835357
gross_parent,whitecarturn683,78.03806734992679,77.15959004392387,65.85093773966395,682,144,2,2,23.75365195828419
gross_parent,whitecarturnleft,100.0,100.0,79.61570593149541,56,0,0,0,30.981326492117965
gross_parent,whitecarturnright,95.14563106796116,90.29126213592234,76.8377253814147,102,0,0,0,30.73840672397414
gross_parent,whitefardown,73.13432835820896,100.0,67.16417910447761,66,4,1,0,27.329822865944617
gross_parent,whitefargirl,73.54838709677419,78.06451612903226,56.46697388632872,154,33,2,1,27.088354876798476
gross_parent,whitegirlinlight,93.71816638370119,96.60441426146011,75.59220632225727,588,11,1,1,26.82286739934213
gross_parent,whitegirltakingchopsticks,22.22222222222222,25.318761384335154,23.00286234712464,548,369,1,0,23.253870283654862
gross_parent,whiteofboys,81.77339901477832,84.72906403940887,66.73703964344358,202,32,4,4,25.45662484903678
gross_parent,whiteridingbike,61.1764705882353,75.29411764705883,49.5686274509804,424,105,1,1,21.522841754167246
gross_parent,whiterunningboy,92.48554913294798,93.35260115606935,75.1720341315717,345,25,2,2,28.896804393733607
gross_parent,whiteskirtgirlcomingfromgoal,62.95843520782396,73.10513447432763,55.40808010245664,817,207,10,9,21.051147305340354
gross_parent,whitesuvturn,100.0,100.0,85.95759471671882,136,0,0,0,30.78392190142477
gross_parent,womanback2car,94.73684210526315,100.0,80.75187969924814,94,0,0,0,28.95996242535589
gross_parent,yellowgirl118,49.152542372881356,72.03389830508475,48.506860371267145,117,28,1,0,23.7971317256779
gross_parent,yellowskirt,99.44598337950139,96.95290858725761,80.99195356813085,360,0,0,0,30.773902962731874
state_commit,10runone,99.67105263157895,100.0,79.66791979949875,303,0,0,0,22.73199970943833
state_commit,11leftboy,87.5,88.1578947368421,73.43358395989975,151,18,1,1,21.705834240151866
state_commit,11runtwo,94.57627118644068,98.98305084745763,77.70782889426958,294,3,1,0,23.049333751234197
state_commit,1blackteacher,100.0,100.0,82.69263051871748,850,0,0,0,22.841494854472554
state_commit,1boycoming,100.0,100.0,77.55883962780514,173,0,0,0,23.06614057062785
state_commit,1stcol4thboy,7.699141249629848,9.209357417826473,6.224177559682445,3376,2995,6,5,15.665367845398317
state_commit,1strowleftboyturning,4.508196721311475,4.508196721311475,3.6755139214155608,731,699,1,0,18.095644993806577
state_commit,1strowrightdrillmaster,73.82761330888133,98.19229761592874,62.48986364260141,3816,224,3,2,26.18315340311557
state_commit,1strowrightgirl3540,43.27683615819209,55.42372881355932,39.474038202851766,3539,1538,39,38,17.237647754748963
state_commit,2girl,87.83783783783784,99.09909909909909,74.34577434577434,221,2,0,0,26.19363748050273
state_commit,2girlup,7.563025210084033,9.663865546218489,6.322529011604641,236,215,1,0,19.32421803949308
state_commit,2runseven,98.88888888888889,100.0,80.49382716049381,269,0,0,0,23.55167745571079
state_commit,3bike1,86.32478632478633,99.14529914529915,71.06227106227105,116,0,0,0,26.233240637498216
state_commit,3men,94.47513812154696,97.23756906077348,76.05893186003684,180,0,0,0,26.17225512761097
state_commit,3pinkleft,97.00854700854701,100.0,76.21082621082623,227,1,0,0,21.32914894199085
state_commit,3rdfatboy,93.95770392749245,97.2809667673716,79.28355632283127,330,4,1,1,22.847094475090586
state_commit,3rdgrouplastboy,67.3076923076923,76.6826923076923,51.442307692307686,831,223,3,2,20.47600175351957
state_commit,3thmoto,94.23076923076923,99.03846153846155,81.91391941391942,103,0,0,0,24.17513118207464
state_commit,4men,94.68599033816425,98.55072463768117,74.29261559696342,413,0,0,0,25.858998584424718
state_commit,4thboywithwhite,79.36507936507937,81.9047619047619,67.3167044595616,314,57,4,4,21.46722769597837
state_commit,7rightorangegirl,40.6570841889117,44.558521560574945,35.210716730223915,486,269,2,1,21.548832269789933
state_commit,ab_bikeoccluded,97.73371104815864,99.15014164305948,72.33238904627008,312,5,1,1,24.768140778478475
state_commit,ab_blkskirtgirl,73.15573770491804,75.0,61.211943793911004,487,118,1,1,22.883984975422152
state_commit,ab_bolstershaking,66.70773021250385,67.93963658761935,58.73993576488188,3246,334,17,17,21.127607309047583
state_commit,ab_girlchoosesbike,97.27011494252874,99.56896551724138,77.01833607006022,695,0,0,0,26.447893207999826
state_commit,ab_girlcrossroad,89.17525773195877,91.75257731958763,63.74570446735396,355,31,2,2,23.945004628862876
state_commit,ab_pingpongball2,7.216494845360824,7.216494845360824,4.34462444771723,193,180,1,0,15.965906915494953
state_commit,ab_rightlowerredcup_quezhen,29.401993355481725,31.727574750830566,31.028845646785854,1805,788,20,20,19.472426504982696
state_commit,ab_whiteboywithbluebag,35.714285714285715,31.467181467181465,27.33958448244162,507,322,2,1,18.60743196528516
state_commit,advancedredcup,75.54925584691709,77.03756201275691,70.8312240558874,1410,153,9,9,26.31008486766287
state_commit,AQgirlwalkinrain,71.7741935483871,74.19354838709677,51.60010240655403,371,87,1,1,23.423134457126515
state_commit,AQtruck2north,100.0,100.0,82.3558897243108,94,0,0,0,26.53044223594777
state_commit,baggirl,88.28828828828829,74.77477477477478,70.6992706992707,110,0,0,0,24.368724089901242
state_commit,ballshootatthebasket3times,64.31893687707641,79.33554817275747,54.84258819806993,1489,260,13,12,19.170740206303822
state_commit,basketball849,34.86454652532391,44.994110718492344,21.078018957877617,743,469,11,11,17.09952156266395
state_commit,basketballathand,21.875,35.9375,29.24107142857143,63,33,2,1,17.47934510089906
state_commit,basketboy,83.52941176470588,100.0,67.39495798319328,84,0,0,0,26.02608973468779
state_commit,bawgirl,100.0,100.0,79.08163265306123,279,0,0,0,26.436293235377743
state_commit,belowdarkgirl,92.46231155778895,99.49748743718592,73.07968413496052,198,1,0,0,22.772188660731036
state_commit,besom3,73.58953393295175,56.09157808667212,67.23513608223338,1222,22,1,1,22.4718029283475
state_commit,bike,97.84946236559139,98.77112135176651,80.90849242922974,650,1,0,0,23.104588873145644
state_commit,bike2left,95.71984435797665,94.16342412451361,80.19269964795255,256,6,1,1,23.006803199498595
state_commit,bike2trees,76.02739726027397,80.13698630136986,71.4938030006523,145,3,0,0,24.86158131290899
state_commit,bikeboy,95.57522123893806,97.34513274336283,79.56173619890434,112,0,0,0,23.762200332248714
state_commit,bikeboyintodark,21.06537530266344,14.527845036319611,21.58422691110342,825,572,2,1,18.947224778264914
state_commit,bikeboyright,77.30192719486081,91.00642398286938,69.99082288161517,466,0,0,0,25.65309901733617
state_commit,bikeboyturn,56.774193548387096,100.0,59.877112135176645,154,0,0,0,25.974657037686182
state_commit,bikeboyturntimes,100.0,100.0,90.65255731922397,242,0,0,0,26.414736037849565
state_commit,bikeboywithumbrella,100.0,100.0,83.98268398268398,219,0,0,0,26.13992963605662
state_commit,bikefromlight,89.53488372093024,100.0,73.50498338870432,171,0,0,0,24.967745040019267
state_commit,bikegoindark,35.91549295774648,40.845070422535215,32.99798792756539,283,132,2,1,19.26331583656603
state_commit,bikeinrain,99.28571428571429,100.0,74.93197278911565,139,0,0,0,26.574845224936244
state_commit,biketurnright,4.580152671755725,6.870229007633588,6.070519810977825,130,118,1,0,26.958814254941572
state_commit,blackboy,99.53703703703704,100.0,84.96472663139329,431,0,0,0,23.52247262577223
state_commit,blackboyoncall,100.0,100.0,87.48991121872479,294,0,0,0,26.470795204308526
state_commit,blackcarturn,100.0,99.20634920634922,75.17006802721089,125,0,0,0,26.190597082511964
state_commit,blackdown,95.16129032258065,98.38709677419355,74.88479262672813,61,1,0,0,25.30450254555759
state_commit,blackgirl,94.47004608294931,95.85253456221197,74.54465657230634,216,1,0,0,24.97124588173708
state_commit,blkboyback,94.73684210526315,87.71929824561403,76.69172932330827,170,0,0,0,22.62658812003441
state_commit,blkboybetweenredandwhite,84.43708609271523,93.70860927152319,71.27089246294544,301,11,2,2,22.100860459763595
state_commit,blkboydown,78.04878048780488,97.5609756097561,69.16376306620208,81,3,0,0,23.66113017817699
state_commit,blkboyhead,35.431654676258994,37.410071942446045,28.879753340184994,555,348,3,2,18.983734876429807
state_commit,blkboylefttheNo_21,49.84963482743807,51.29600458255764,40.34560122201537,6930,2988,34,33,21.57122446058865
state_commit,blkboystand,39.55431754874652,39.693593314763234,34.17562010876774,1435,810,3,2,20.626865947310556
state_commit,blkboytakesumbrella,100.0,100.0,84.03361344537815,339,0,0,0,26.56434845786107
state_commit,blkboy`shead,87.44363240553568,89.22407090654642,70.03872611087664,12861,1098,28,28,23.42556457335791
state_commit,blkcaratfrontbluebus,37.696335078534034,62.17277486910995,37.390924956369986,763,319,3,2,23.63866842753789
state_commit,blkgirlumbrella,96.49122807017544,100.0,73.50320245057088,341,0,0,0,26.605445067191738
state_commit,blkhairgirltakingblkbag,81.91489361702128,72.51773049645391,64.06619385342789,563,59,4,3,20.888943203997773
state_commit,blkmoto2north,81.81818181818183,92.51336898395722,71.12299465240642,186,17,1,1,24.458463556941883
state_commit,blkstandboy,93.6842105263158,93.15789473684211,80.10025062656642,189,0,0,0,22.806016904008622
state_commit,blktribikecome,98.59154929577466,100.0,84.43997317236754,141,0,0,0,26.454211587621373
state_commit,blueboy,98.7878787878788,98.18181818181819,82.43867243867246,329,0,0,0,22.632480871515632
state_commit,blueboy421,93.34916864608076,99.04988123515439,76.75602307431285,420,1,0,0,26.41110600789496
state_commit,bluebuscoming,99.93041057759221,98.8865692414753,84.74666136461543,1436,0,0,0,22.95809970487975
state_commit,bluegirlbiketurn,94.14414414414415,97.74774774774775,75.97597597597596,221,6,1,1,25.251992350172287
state_commit,bottlebetweenboy`sfeet,6.91699604743083,15.019762845849801,10.841332580463016,505,404,2,1,18.691841115142562
state_commit,boy2basketballground,58.252427184466015,83.00970873786407,52.958853444290334,205,55,5,4,22.10837269103814
state_commit,boy2buildings,79.86577181208054,88.9261744966443,66.9809310748908,1787,90,4,3,25.295292021693694
state_commit,boy2trees,97.04433497536947,99.50738916256158,80.8116349988271,202,1,0,0,26.168104950359858
state_commit,boy2treesfindbike,71.9298245614035,77.10064635272391,57.74963725102229,1082,160,3,3,23.8997161852288
state_commit,boyaftertree,94.11764705882352,94.11764705882352,75.16339869281046,101,6,1,1,26.06442556207397
state_commit,boyaroundtrees,61.158363710004046,65.00607533414338,50.99809060926922,2457,813,4,4,24.206883104766423
state_commit,boyatdoorturnright,73.48178137651821,82.18623481781377,69.05725853094275,493,52,4,4,20.062550893010727
state_commit,boydownplatform,87.48335552596538,96.40479360852197,74.2819098345064,750,21,1,1,26.010897271262067
state_commit,boyfromdark,99.29824561403508,99.29824561403508,80.83542188805346,283,0,0,0,27.035869836665665
state_commit,boyinlight,95.29780564263322,96.23824451410658,75.99641737572773,318,12,2,2,26.346190810705483
state_commit,boyinplatform,81.02564102564102,93.12820512820514,68.86935286935287,974,31,2,2,25.368589676522145
state_commit,boyinsnowfield3,94.35825105782793,94.92242595204513,82.6919202095507,1417,13,1,1,22.608478383570656
state_commit,boyleftblkrunning2crowd,70.4225352112676,83.33333333333334,58.94254415381176,425,82,3,2,19.638313717055944
state_commit,boylefttheNo_9boy,96.34220686852267,93.68014631172525,80.17921251003958,4919,156,3,2,23.377956389555013
state_commit,boyoncall,99.35483870967742,46.45161290322581,69.70814132104455,308,0,0,0,26.940020846493447
state_commit,boyplayphone,92.88990825688074,96.55963302752293,75.45871559633028,434,14,3,3,24.904716474703413
state_commit,boyride2path,44.83695652173913,48.80434782608696,32.31884057971015,1837,804,7,6,21.595142046261046
state_commit,boyruninsnow,100.0,100.0,85.00784929356358,181,0,0,0,23.243217049543105
state_commit,boyscomeleft,86.20689655172413,91.59482758620689,68.39080459770115,463,30,2,2,25.38131592455329
state_commit,boyshead9684,91.83188764973151,92.79223461379596,73.22289097382034,9683,22,2,2,23.355405114599655
state_commit,boyss,51.46666666666667,81.86666666666666,54.6031746031746,374,52,6,5,20.82898379712876
state_commit,boytakingbasketballfollowing,56.77374301675978,57.1927374301676,47.9948124501197,1431,531,5,4,20.162239733762714
state_commit,boytakingplate2left,90.07633587786259,87.02290076335878,72.8644129407488,259,0,0,0,22.069431971906063
state_commit,boyunder2baskets,15.171288743882544,16.31321370309951,14.58090577177037,612,499,2,1,21.417897652127717
state_commit,boywaitgirl,93.67875647668393,97.30569948186528,77.29583024919813,964,0,0,0,26.013862850308847
state_commit,boywalkinginsnow2,98.93617021276596,98.78419452887537,82.45766391663048,657,0,0,0,22.909581629870424
state_commit,boy`headwithouthat,38.54289071680376,43.00822561692127,30.1382127469084,850,484,5,4,17.96577550933149
state_commit,boy`sheadingreycol,36.43122676579926,58.7360594795539,36.48433351035581,268,111,3,2,19.32810912684677
state_commit,broom,83.14111973159991,63.461941706856784,64.8788305424917,9531,595,39,39,23.008944673463848
state_commit,carbehindtrees,100.0,100.0,69.79949874686717,113,0,0,0,23.7402645833397
state_commit,carcomeonlight,100.0,100.0,84.44130127298445,100,0,0,0,26.787278108669167
state_commit,carcomingfromlight,29.923273657289002,31.9693094629156,28.303495311167946,390,242,2,1,22.970981136412902
state_commit,carcominginlight,94.19354838709677,96.12903225806451,73.82488479262673,154,0,0,0,22.596580705191407
state_commit,carlight2,95.71428571428572,100.0,80.06802721088437,69,0,0,0,26.944708855304672
state_commit,carlightcome2,100.0,100.0,83.87096774193549,92,0,0,0,26.453679700681757
state_commit,caronlight,96.51162790697676,100.0,77.13178294573643,85,0,0,0,26.469995549741206
state_commit,carturn117,100.0,100.0,87.46438746438746,116,0,0,0,26.308362132939063
state_commit,carwillturn,41.78794178794179,41.58004158004158,36.6003366003366,480,237,2,1,21.64239425489146
state_commit,catbrown2,100.0,97.8021978021978,86.55154369440083,90,0,0,0,23.60911117394191
state_commit,catbrownback2bush,70.66269545793,70.66269545793,65.67741020458817,1342,297,1,1,21.37881323972409
state_commit,couple,57.42574257425742,58.415841584158414,44.743045733144726,100,38,1,0,23.51766238446045
state_commit,darkcarturn,100.0,97.61904761904762,91.38321995464852,83,0,0,0,26.43558357244073
state_commit,darkgirl,99.02120717781403,100.0,80.30762060125844,612,0,0,0,25.330335983027357
state_commit,darkouterwhiteboy,52.7369826435247,99.73297730307075,55.16561764892873,748,89,8,8,17.954272867093685
state_commit,darktreesboy,80.31809145129225,85.2882703777336,69.9138502319417,502,30,1,1,21.47858914678733
state_commit,drillmaster1117,45.9265890778872,48.433303491495074,38.999019482457264,1116,576,1,0,26.1145746478905
state_commit,drillmasterfollowingatright,48.77800407331975,50.20366598778004,38.22616623023954,981,481,1,1,17.927938060846206
state_commit,farfatboy,79.13385826771653,92.51968503937007,59.4488188976378,253,30,1,1,22.50786854670448
state_commit,firstexercisebook,26.46551724137931,28.706896551724135,30.34893267651888,1159,585,5,4,22.006075693748166
state_commit,foamatgirl`srighthand,66.83937823834198,78.75647668393782,51.36935603256847,192,27,2,2,21.45048572102757
state_commit,foldedfolderatlefthand,68.58638743455498,68.06282722513089,59.95179921881493,1145,209,9,9,21.06397977150286
state_commit,girl2left3man1,71.52317880794702,100.0,63.41847997477136,150,0,0,0,24.0141557238315
state_commit,girlafterglassdoor,99.91150442477877,95.929203539823,85.67635903919091,1129,0,0,0,26.013856314735257
state_commit,girldownstairfromlight,66.721446179129,88.41413311421529,54.939938177407356,1216,151,3,3,18.581109853379623
state_commit,girlfromlight_quezhen,93.22362052274927,94.86931268151017,82.04950905822156,1032,8,1,1,21.537582050100774
state_commit,girlinrain,99.03846153846155,100.0,83.02808302808302,311,0,0,0,25.403261493083466
state_commit,girllongskirt,68.42105263157895,87.17105263157895,63.377192982456144,303,40,6,6,21.12991467271601
state_commit,girlof2leaders,39.95943204868154,43.6105476673428,36.72848449724717,985,475,10,9,20.600289583822057
state_commit,girlrightthewautress,72.72727272727273,75.32467532467533,57.297464440321576,307,75,2,2,20.17982490000135
state_commit,girlunderthestreetlamp,91.49755073477957,100.0,71.98507114532306,2857,0,0,0,22.142659239530687
state_commit,girl`sblkbag,9.98248686514886,39.229422066549915,12.084063047285465,570,465,1,0,20.302234797549605
state_commit,guardunderthecolumn,77.30496453900709,79.7872340425532,66.16008105369808,281,39,1,1,21.463942861400472
state_commit,hugboy,92.80442804428044,98.8929889298893,79.34457916007732,541,0,0,0,25.598812621751602
state_commit,hyalinepaperfrontface,25.99027102154274,30.484132499420895,27.247758033025576,4316,2456,32,31,21.236974973072005
state_commit,large,83.72881355932203,82.91525423728814,69.79822437449556,1474,177,6,6,21.463858563832094
state_commit,lastleftgirl,6.899641577060931,7.885304659498208,6.53268475849121,1115,1017,2,1,17.985300390919846
state_commit,leftblkTboy,60.05479452054795,62.082191780821915,46.717547292889755,3439,1302,15,14,21.521770113912424
state_commit,leftbottle2hang,23.678276121272866,36.20646454522676,28.961592153774557,3990,1751,36,35,17.440551683968877
state_commit,leftboy2jointhe4,15.755627009646304,23.79421221864952,16.260909508497935,1243,950,3,2,20.420757170520666
state_commit,leftboyoutofthetroop,68.14516129032258,72.04301075268818,56.42601126472094,743,197,1,1,21.420622903542906
state_commit,leftchair,56.99999999999999,48.857142857142854,59.129251700680264,1399,310,4,4,25.835249300965405
state_commit,lefterbike,74.73498233215548,72.08480565371025,57.925290257445724,565,44,3,2,18.841099198437547
state_commit,leftexcersicebookyellow,54.53720508166969,52.54083484573503,51.024112004148314,1101,185,5,5,22.077218746161844
state_commit,leftfarboycomingpicktheball,92.13732004429679,98.56035437430786,69.97837894847862,902,4,1,1,21.055003545652063
state_commit,leftgirl'swhitebag,67.33067729083665,73.70517928286853,57.54126351735914,249,56,2,1,19.103301357837978
state_commit,lefthyalinepaper2rgb,53.1233595800525,55.748031496062985,48.85639295088116,1904,494,18,18,18.706234857508566
state_commit,lefthyalinepaperfrontpants,67.31409544950056,64.59489456159822,59.49209872628296,1801,345,13,13,24.502499881186743
state_commit,leftmirror,77.11548696114954,73.39010111761576,67.95407891735724,1878,313,23,23,21.133834105398282
state_commit,leftmirrorlikesky,71.65562913907286,72.84768211920529,58.83107326815937,2264,306,13,13,20.784622114421694
state_commit,leftmirrorside,39.31870669745958,42.725173210161664,31.60673045199604,1731,955,10,9,19.496652774949883
state_commit,leftopenexersicebook,41.76470588235294,47.647058823529406,48.23529411764705,167,14,1,0,22.41395586033739
state_commit,leftpingpongball,10.606060606060606,13.636363636363635,6.493506493506493,65,57,1,0,15.258060225050823
state_commit,leftrushingboy,85.13513513513513,89.86486486486487,71.4929214929215,147,14,1,1,20.084938573369193
state_commit,leftunderbasket,16.63286004056795,14.908722109533468,19.57886602917029,985,732,3,2,21.92954622430171
state_commit,leftuphand,85.71428571428571,85.6638061585058,71.99826927237326,1980,141,2,2,22.09782904718448
state_commit,littelbabycryingforahug,95.94272076372316,99.76133651551312,76.15638140697807,1675,0,0,0,22.00822632821918
state_commit,lowerfoamboard,87.87878787878788,90.9090909090909,69.55266955266956,31,3,1,1,21.584378197630468
state_commit,mandownstair,96.44160583941606,96.44160583941606,80.29197080291975,1095,16,1,0,21.588875570927954
state_commit,manfromtoilet,98.77450980392157,98.2843137254902,81.90943043884218,407,0,0,0,22.73015890066084
state_commit,mangetsoff,77.95275590551181,79.13385826771653,64.24821897262844,253,40,1,1,24.21568926031441
state_commit,manoncall,83.6852207293666,91.93857965451056,70.87103555433688,520,26,4,4,24.15013593944701
state_commit,mansimiliar,93.77289377289377,97.43589743589743,78.8941217512646,272,12,1,1,25.898534947353912
state_commit,mantostartcar,97.5609756097561,100.0,80.13937282229966,122,0,0,0,26.100305161887366
state_commit,midblkgirl,96.3172804532578,100.0,78.18696883852692,352,0,0,0,26.479816115111788
state_commit,midboyNo_9,71.21796638192339,74.24910443648388,59.874161844401584,7257,1664,17,17,23.105311193372792
state_commit,middrillmaster,68.07228915662651,71.08433734939759,55.19219736087205,663,185,2,1,23.118489504310173
state_commit,midgreyboyrunningcoming,73.96156230626161,77.21636701797892,56.96129660791781,3225,585,13,12,22.843798377793576
state_commit,midof3girls,71.29840546697038,77.44874715261959,61.52511118342553,438,85,1,0,24.177597528005062
state_commit,midredboy,67.66999589547133,70.21480366671227,58.24326173211109,7293,1925,15,15,23.09458285421556
state_commit,midrunboywithwhite,49.547511312217196,54.29864253393665,37.48114630467571,441,202,2,1,17.309313612546397
state_commit,minibus,100.0,100.0,84.43223443223444,77,0,0,0,26.106423362152633
state_commit,minibusgoes2left,72.89719626168224,72.89719626168224,65.86559857587896,213,37,1,0,22.841772428246532
state_commit,moto,100.0,98.4251968503937,78.36520434945632,253,0,0,0,23.67311880384928
state_commit,motocomeonlight,97.61904761904762,100.0,73.92290249433108,83,0,0,0,27.222114564774454
state_commit,motogoesaloongS,99.21259842519686,100.0,79.82752155980505,126,0,0,0,27.001098256592275
state_commit,mototaking2boys306,63.725490196078425,67.64705882352942,55.83566760037348,305,40,2,1,22.431783984367335
state_commit,mototurneast,100.0,100.0,81.49882903981265,121,0,0,0,26.948463152381084
state_commit,motowithbluetop,100.0,100.0,76.44110275689222,94,0,0,0,25.872013589949816
state_commit,pingpingpad3,96.16336633663366,98.14356435643565,80.39250353606788,807,11,2,2,23.546797378273435
state_commit,pinkwithblktopcup,73.62204724409449,79.21259842519684,65.11436070491187,1269,198,7,6,21.747757269229318
state_commit,raincarturn,99.7005988023952,100.0,82.0786997433704,333,0,0,0,26.544975497743224
state_commit,rainycarcome_ab,100.0,100.0,82.55990294206855,156,0,0,0,26.100658416478325
state_commit,redboygoright,86.0,91.33333333333333,72.38095238095238,149,5,1,1,22.30446233481305
state_commit,redcarcominginlight,100.0,96.56488549618321,82.7517266448564,261,0,0,0,23.791019336684418
state_commit,redetricycle,96.15384615384616,75.96153846153845,65.79670329670331,103,0,0,0,23.318043628018486
state_commit,redmidboy,82.62839879154077,93.50453172205438,68.32829808660624,661,11,1,1,17.51470568351745
state_commit,redroadlatboy,62.054794520547944,63.287671232876704,49.62165688193085,729,268,7,6,20.100075849004384
state_commit,redtricycle,81.54761904761905,88.69047619047619,68.48072562358276,167,0,0,0,26.66646665274541
state_commit,right2ndflagformath,31.428571428571427,38.4,27.03945578231292,1749,1078,7,6,19.313145741643805
state_commit,right5thflag,68.37160751565762,76.77453027139875,53.56645789839944,1898,431,8,7,21.29158433401284
state_commit,rightbike-gai,89.66346153846155,98.3173076923077,73.48901098901098,415,0,0,0,23.277260360758355
state_commit,rightbike,43.111111111111114,52.0,37.48148148148149,224,106,2,1,21.33411026654324
state_commit,rightblkboy4386,70.47423620611035,59.6671226630187,62.077389095172954,4385,889,7,7,23.276336435298177
state_commit,rightblkboystand,92.831541218638,90.32258064516128,74.26181942310974,277,0,0,0,22.639184418345366
state_commit,rightblkfatboyleftwhite,99.74093264248705,98.44559585492227,78.213668887244,385,0,0,0,22.087458178572348
state_commit,rightbluewhite,93.76770538243626,99.43342776203966,68.4608120868744,352,0,0,0,26.60899648066237
state_commit,rightbottlecomes,32.42074927953891,44.236311239193085,34.990393852065324,1387,558,25,24,19.52767043655358
state_commit,rightboy504,94.44444444444444,99.0079365079365,74.3764172335601,503,5,1,1,22.999041872007087
state_commit,rightcameraman,58.666666666666664,60.09523809523809,48.50340136054421,1049,424,1,0,20.532924357395274
state_commit,rightcar-chongT,25.668449197860966,33.51158645276293,32.1534674475851,560,242,4,3,17.616843561503348
state_commit,rightcomingstrongboy,44.205298013245034,46.688741721854306,35.588142541784926,603,320,3,2,18.56492176640556
state_commit,rightdarksingleman,63.37157987643425,70.96204766107678,49.82978186861681,1132,339,2,1,20.90443282539676
state_commit,rightgirltakingcup,7.0359281437125745,8.682634730538922,6.679498146564014,667,606,3,2,18.586271568629193
state_commit,rightwaiter1_quezhen,76.62337662337663,62.98701298701299,61.44094001236857,307,46,2,2,21.678134246096388
state_commit,runningcameragirl,37.82383419689119,45.07772020725388,31.50752528990871,385,226,3,2,20.338315860237184
state_commit,shinybikeboy2left,55.769230769230774,59.495192307692314,32.43475274725275,831,299,3,2,19.76753282203668
state_commit,shinycarcoming,76.04456824512535,70.75208913649024,61.480302427377644,358,41,1,0,21.799441872988034
state_commit,shinycarcoming2,72.25913621262458,70.59800664451828,60.7577914886885,601,49,2,1,20.887025197264652
state_commit,silvercarturn,100.0,100.0,90.99739398246862,200,0,0,0,26.44726605655204
state_commit,small-gai,97.73413897280967,96.67673716012085,81.13221119263416,661,8,1,1,23.046597576160305
state_commit,standblkboy,97.9502196193265,98.24304538799414,81.39161960538243,682,0,0,0,23.41431536778734
state_commit,swan_0109,87.65060240963855,100.0,74.21113023522662,663,0,0,0,23.119784051763208
state_commit,truckgonorth,49.34210526315789,57.89473684210527,58.89724310776943,151,2,0,0,25.158228850721798
state_commit,turning1strowleft2ndboy,63.96242527754057,74.29547395388558,55.036395429222075,1170,299,25,24,16.48017186319685
state_commit,umbreboyoncall,97.91666666666666,100.0,84.05257936507937,191,0,0,0,26.56274798527053
state_commit,umbrella,72.10031347962382,85.8934169278997,57.32198835647111,318,59,4,4,19.904031484263463
state_commit,umbrellabyboy,90.94736842105263,98.52631578947368,72.25062656641603,474,4,0,0,25.94355662905075
state_commit,umbrellawillbefold,76.5017667844523,74.38162544169612,65.52246340232205,565,49,2,2,23.451419929556717
state_commit,umbrellawillopen,82.24489795918367,72.0408163265306,69.35860058309038,489,67,1,1,22.653091097618987
state_commit,waitresscoming,97.94117647058823,98.82352941176471,68.0812324929972,679,0,0,0,22.864482921075233
state_commit,whitebikebelow,68.55123674911661,72.96819787985865,52.93622749453137,565,157,1,0,20.670580601575303
state_commit,whiteboyrightcoccergoal,85.96237337192476,87.4095513748191,72.75170560264628,690,84,1,1,21.988281740520424
state_commit,whitecarcomeinrain,100.0,100.0,87.13151927437642,83,0,0,0,26.542665091853465
state_commit,whitecarturn683,78.03806734992679,77.15959004392387,65.85093773966395,682,144,2,2,21.24106194152448
state_commit,whitecarturnleft,100.0,100.0,79.61570593149541,56,0,0,0,26.5000205863714
state_commit,whitecarturnright,95.14563106796116,90.29126213592234,76.8377253814147,102,0,0,0,26.468535874060354
state_commit,whitefardown,73.13432835820896,100.0,67.16417910447761,66,4,1,0,23.75027318895449
state_commit,whitefargirl,73.54838709677419,78.06451612903226,56.46697388632872,154,33,2,1,23.529777449424873
state_commit,whitegirlinlight,93.71816638370119,96.60441426146011,75.59220632225727,588,11,1,1,23.632681481106825
state_commit,whitegirltakingchopsticks,22.22222222222222,25.318761384335154,23.00286234712464,548,369,1,0,20.80289712842932
state_commit,whiteofboys,81.77339901477832,84.72906403940887,66.73703964344358,202,32,4,4,22.21173843297407
state_commit,whiteridingbike,61.1764705882353,75.29411764705883,49.5686274509804,424,105,1,1,19.263469784145872
state_commit,whiterunningboy,92.48554913294798,93.35260115606935,75.1720341315717,345,25,2,2,24.980056725533327
state_commit,whiteskirtgirlcomingfromgoal,62.95843520782396,73.10513447432763,55.40808010245664,817,207,10,9,19.00687408304402
state_commit,whitesuvturn,100.0,100.0,85.95759471671882,136,0,0,0,26.43016349581646
state_commit,womanback2car,94.73684210526315,100.0,80.75187969924814,94,0,0,0,24.826858158701928
state_commit,yellowgirl118,49.152542372881356,72.03389830508475,48.506860371267145,117,28,1,0,20.85394614336365
state_commit,yellowskirt,99.44598337950139,96.95290858725761,80.99195356813085,360,0,0,0,26.137970930513024
