334.000	257.000	80.000	146.000
333.357	259.587	82.471	141.749
334.127	259.494	82.833	142.003
334.241	259.202	82.666	143.106
334.604	258.930	81.073	143.541
334.932	258.466	80.567	144.317
334.826	259.396	80.402	143.523
334.620	260.103	81.271	143.700
334.778	259.855	81.200	144.180
335.141	260.101	81.429	144.002
335.620	260.298	82.336	143.533
335.566	261.442	83.694	142.164
335.755	263.925	88.487	139.170
336.160	261.282	95.102	140.395
336.909	262.066	104.734	135.914
342.831	259.770	121.950	126.678
357.054	254.583	131.496	120.485
375.015	250.567	131.847	114.901
383.599	245.377	152.228	103.586
405.227	242.649	145.757	105.798
427.863	238.556	132.223	116.315
443.234	238.754	127.084	128.494
449.037	239.037	146.830	137.622
446.365	236.312	163.214	141.597
442.038	233.996	174.069	140.098
442.167	232.942	178.184	140.750
437.208	229.058	184.363	145.760
426.756	238.941	183.483	133.637
415.695	235.288	186.370	141.957
392.472	245.772	177.627	126.192
385.177	260.068	166.836	113.366
374.743	248.227	165.924	124.607
362.798	252.971	177.238	118.711
361.549	251.533	165.449	117.422
358.960	251.295	135.287	119.911
355.480	243.801	107.822	129.870
350.495	257.820	97.786	119.458
332.242	256.844	106.326	118.627
316.620	258.017	108.547	119.696
278.341	260.403	127.381	126.130
249.812	262.182	149.179	123.815
237.926	263.187	160.717	131.875
234.273	265.047	161.978	133.567
234.215	263.624	159.997	135.695
237.335	259.320	158.129	139.850
246.699	269.317	149.427	123.469
269.065	276.756	129.957	105.839
284.650	282.813	124.352	99.614
288.335	281.537	128.111	99.301
296.158	282.962	120.825	93.603
298.925	282.133	111.598	94.370
299.016	281.259	110.642	88.597
297.603	278.504	112.233	87.112
298.595	274.985	109.206	90.078
295.285	272.985	113.115	91.199
291.969	270.981	116.131	94.919
288.565	266.337	113.671	106.001
281.807	263.182	116.575	115.693
274.525	259.085	128.724	121.861
266.493	254.970	137.471	129.350
260.394	250.977	147.849	132.101
262.140	247.480	153.306	134.036
265.396	240.502	156.552	138.703
276.593	234.688	150.109	136.549
287.018	228.414	147.885	140.527
310.433	222.306	136.940	144.434
337.286	219.711	125.649	132.818
355.390	220.589	115.679	131.427
365.565	222.832	109.529	125.507
373.016	230.985	102.070	118.620
378.693	245.784	104.736	107.680
369.135	256.847	108.638	111.346
355.732	257.187	117.397	118.633
341.016	260.494	129.902	118.503
332.728	260.475	131.290	120.273
327.953	261.386	121.102	119.417
327.822	260.544	90.201	119.710
335.460	258.271	79.883	119.644
339.879	255.045	74.696	122.095
333.535	254.243	89.532	118.829
329.693	252.978	105.942	121.493
331.628	254.710	112.355	113.113
330.982	258.065	116.421	95.727
324.442	265.624	114.506	94.022
322.707	259.505	104.092	108.923
405.929	175.320	109.747	99.070
419.464	195.149	120.012	126.747
313.947	253.618	120.620	115.878
293.726	260.632	119.891	113.520
380.570	179.264	108.987	142.928
380.879	181.267	105.442	108.461
497.748	225.655	107.229	118.935
499.680	234.001	115.092	114.977
485.488	255.951	135.260	94.241
479.150	261.137	134.967	89.276
445.403	261.958	154.764	86.583
412.471	263.717	155.235	76.403
373.842	265.240	135.892	74.887
332.313	259.915	147.064	72.555
302.532	257.164	138.843	71.462
275.883	258.090	130.038	66.523
249.338	255.506	140.129	68.689
222.313	250.045	135.205	74.947
209.235	246.724	132.681	81.637
201.107	248.693	138.981	80.351
207.033	248.458	133.129	80.061
208.262	248.941	132.812	78.749
229.493	246.237	123.123	79.035
233.730	235.636	139.960	87.514
246.808	233.169	133.330	88.911
259.077	246.700	118.350	79.291
267.118	246.136	112.699	88.748
275.129	247.106	104.489	100.354
280.502	251.788	101.522	105.075
279.576	254.980	102.531	112.508
287.972	263.615	94.207	111.765
292.744	277.166	90.997	100.313
294.073	275.632	94.179	101.600
294.780	276.772	111.796	99.681
301.478	274.589	130.447	97.967
319.137	275.193	148.187	85.847
342.168	265.700	176.808	80.064
393.401	261.154	152.919	63.810
418.266	259.436	122.731	69.880
453.904	253.263	136.436	69.500
484.998	253.674	138.043	66.132
512.722	261.529	144.068	64.455
517.893	258.258	141.381	76.334
522.154	258.596	132.424	81.693
519.154	255.477	126.345	86.565
510.206	258.071	108.568	91.015
490.446	265.354	122.538	81.067
489.857	256.296	107.618	90.929
484.283	260.705	113.186	87.389
453.031	259.289	133.987	91.913
349.704	190.363	113.225	108.065
359.417	264.982	82.411	126.452
340.214	257.255	102.497	86.279
315.298	254.329	113.646	83.246
291.956	254.493	124.303	81.849
274.494	255.151	130.908	76.336
258.196	260.142	136.140	64.821
253.335	258.908	127.738	64.748
255.870	261.446	113.885	65.478
258.280	260.781	107.720	71.957
264.072	261.829	105.015	77.842
268.570	261.798	110.343	85.608
301.307	255.598	99.340	99.193
327.067	265.874	91.385	90.736
341.287	263.014	90.782	93.311
362.347	267.563	85.207	89.447
395.328	262.531	81.506	94.493
427.753	257.746	69.525	111.575
441.945	251.928	88.239	95.213
445.159	253.584	87.244	94.931
454.723	253.298	105.575	84.270
471.797	249.865	127.973	84.917
475.299	241.848	134.506	96.073
477.343	239.765	138.744	99.529
477.790	236.401	138.211	101.994
479.791	231.675	133.030	104.857
478.899	241.002	124.377	93.721
474.530	245.745	116.359	86.996
477.877	247.272	119.562	91.849
475.736	249.250	116.561	89.456
472.015	249.645	116.935	91.568
469.280	248.722	122.933	97.311
473.466	250.168	114.162	96.360
470.460	249.178	114.102	94.312
467.861	250.999	111.873	88.896
469.559	242.037	113.700	96.435
471.760	214.964	98.037	110.612
473.607	199.979	104.127	113.533
479.357	179.041	115.076	124.805
486.240	165.589	112.814	118.019
478.634	160.283	116.083	112.470
467.810	140.436	122.627	114.405
466.486	127.426	124.860	102.680
459.971	120.843	124.451	106.949
452.569	116.883	117.837	113.578
441.698	117.044	119.441	109.258
437.756	118.129	123.871	111.061
429.595	121.719	137.998	107.300
419.943	134.609	144.652	102.558
420.321	142.916	125.712	102.027
442.436	148.646	101.150	110.356
424.321	187.568	107.557	86.015
420.727	227.158	108.203	66.304
424.721	234.624	98.394	80.468
431.854	243.456	91.557	83.809
435.742	250.078	88.724	77.994
434.114	250.726	88.409	78.220
422.623	236.379	87.611	84.956
415.065	220.320	95.121	86.558
402.890	203.067	108.204	84.637
408.198	178.455	110.185	85.772
400.857	155.940	111.109	98.130
399.643	134.955	121.818	128.757
395.340	103.851	119.816	126.320
397.536	87.242	109.735	131.186
398.202	85.735	103.845	116.367
402.342	75.448	98.367	115.819
393.654	131.877	118.042	75.177
386.051	129.513	76.524	82.933
389.543	122.484	87.988	86.888
403.343	95.023	93.134	97.638
407.514	102.132	87.754	90.061
403.821	129.326	116.208	87.253
407.572	126.930	131.872	96.859
405.930	125.185	131.109	98.134
408.696	128.470	129.814	102.246
422.136	131.389	116.763	109.977
436.377	149.313	82.576	102.699
434.335	169.147	81.237	100.814
440.715	191.486	72.157	98.206
447.431	205.387	57.726	108.959
447.416	221.443	58.390	103.866
441.770	231.468	65.481	102.349
440.914	235.253	68.744	104.687
438.758	234.972	71.338	106.311
434.421	233.814	76.677	101.676
432.681	226.196	81.518	109.865
434.751	206.288	79.811	124.710
429.842	189.989	79.059	111.312
428.377	165.943	84.137	112.771
423.828	153.122	78.786	101.666
432.624	143.950	69.750	110.664
429.921	119.204	72.285	133.204
433.561	106.681	72.501	130.363
428.704	103.750	74.685	133.499
433.417	103.189	73.004	127.251
432.246	112.332	76.315	107.933
431.793	114.495	77.979	110.235
429.283	117.932	86.043	119.799
425.358	126.037	89.061	121.267
424.743	140.560	96.174	116.538
426.902	156.811	89.332	116.629
447.462	180.962	80.701	108.805
453.250	211.155	87.931	101.913
455.577	222.120	85.630	94.014
461.374	223.966	82.992	96.268
456.441	226.545	86.469	92.853
435.485	252.686	84.626	90.214
440.195	251.380	92.435	87.769
430.760	256.536	89.569	90.038
432.034	252.038	90.910	91.982
410.780	258.446	92.439	101.865
389.308	258.697	92.930	98.006
380.021	252.106	97.406	97.310
374.839	248.774	93.698	97.108
363.877	248.087	84.837	97.965
363.237	247.732	76.453	94.931
330.959	254.311	89.432	89.839
323.396	257.790	88.885	88.713
311.227	253.353	89.407	95.685
302.415	253.519	96.033	93.827
296.431	250.961	95.094	91.190
273.688	245.737	84.397	98.251
268.828	243.930	78.667	92.236
264.562	238.825	77.657	93.262
259.293	239.133	76.701	90.305
252.766	237.725	77.463	89.996
252.948	236.714	79.688	88.714
250.363	236.520	79.973	89.207
249.938	237.204	79.493	87.930
250.048	234.464	79.404	89.886
250.121	236.924	86.213	87.074
250.219	237.322	83.007	88.221
252.486	237.961	82.903	88.791
253.779	236.854	79.984	90.977
257.520	236.444	77.601	91.445
258.958	237.888	79.446	92.243
266.874	240.159	86.156	90.427
283.426	238.414	92.489	96.079
279.727	236.824	103.916	98.275
266.791	229.388	107.146	103.039
284.329	233.509	109.157	96.912
297.140	237.143	110.733	92.299
304.359	236.577	111.674	92.433
344.579	238.268	91.038	87.155
359.242	239.854	77.808	87.585
364.953	236.047	76.626	85.797
369.065	244.427	83.827	82.044
369.192	234.919	85.476	89.475
238.136	194.392	98.104	63.380
275.908	217.118	99.750	40.373
306.838	214.339	74.537	56.692
319.829	216.645	73.959	56.507
363.187	234.801	58.813	91.495
382.195	240.783	73.318	119.880
381.620	258.009	77.684	153.330
387.909	233.345	98.191	158.181
387.958	239.303	111.012	118.212
402.181	252.640	114.006	91.114
422.896	254.479	100.733	87.040
429.291	256.306	88.801	77.332
432.985	254.203	82.897	75.987
436.011	252.806	75.946	88.572
428.544	242.614	78.592	100.215
425.566	233.776	73.313	104.053
428.244	221.951	67.409	110.449
429.523	210.072	62.920	105.637
432.520	194.899	58.486	97.209
433.979	181.734	58.269	94.461
433.941	166.111	55.660	99.007
430.558	151.362	58.391	103.888
429.271	138.776	59.485	110.072
427.870	127.679	61.489	115.553
428.928	125.065	64.237	119.194
427.409	121.961	71.108	123.764
421.142	131.782	78.089	110.809
423.162	133.748	82.637	114.906
429.194	148.803	69.724	116.624
429.267	154.154	63.680	121.196
433.660	171.831	58.832	113.933
438.928	183.767	57.390	111.316
439.104	196.264	54.707	112.411
436.395	245.217	66.514	99.018
429.494	246.908	72.458	94.136
425.578	246.279	74.357	104.113
421.347	254.371	72.484	104.348
415.598	259.845	73.070	92.877
409.947	259.573	65.328	92.985
400.446	259.846	62.160	95.187
390.598	261.129	60.935	91.334
389.728	256.422	61.172	92.838
384.902	263.799	63.217	86.802
389.434	243.271	59.231	106.646
385.157	226.060	65.382	87.053
391.399	192.045	57.482	102.746
385.328	192.647	61.779	107.002
387.718	176.582	69.705	109.650
372.912	156.958	94.642	107.725
400.498	143.362	70.981	106.513
405.075	134.883	72.242	100.679
410.694	138.237	69.662	99.391
417.988	140.180	71.648	98.777
432.251	144.805	77.274	104.154
448.072	149.545	79.345	97.844
455.395	169.273	79.965	80.922
459.075	183.538	75.437	88.633
455.562	202.249	82.355	81.858
460.300	220.023	86.757	77.242
456.365	227.936	99.354	81.362
474.235	221.365	98.616	102.542
483.286	235.198	107.128	90.416
483.252	267.282	103.753	76.818
490.958	277.930	99.562	71.702
492.930	277.412	105.267	76.150
487.303	274.352	110.934	81.305
476.394	263.586	126.121	92.127
497.590	268.254	107.656	85.745
504.041	267.149	97.439	83.106
476.854	253.826	105.454	94.027
490.651	213.884	107.374	122.709
480.995	206.424	99.761	126.634
507.978	180.292	86.242	139.922
467.183	172.504	89.963	99.401
466.198	160.364	96.348	100.976
443.385	165.464	104.655	92.968
445.583	145.300	112.191	116.911
425.867	117.964	82.029	107.663
410.981	116.247	81.658	105.234
387.251	115.915	87.057	102.739
371.255	116.399	92.872	98.926
355.928	116.992	93.712	98.866
346.152	124.497	93.415	101.984
339.165	138.549	96.308	97.959
327.495	155.934	96.992	93.001
324.177	167.617	92.111	105.341
321.318	186.788	101.712	101.067
321.881	200.903	104.269	107.758
320.041	212.668	107.890	115.127
322.168	224.819	108.073	117.981
327.403	235.227	120.491	118.820
335.922	242.417	132.758	120.615
347.359	246.958	127.223	125.114
354.238	253.933	128.765	121.453
359.490	256.361	124.239	114.100
357.537	254.616	119.499	114.186
345.034	259.220	124.634	108.239
329.162	245.773	127.975	123.372
300.213	238.396	136.568	122.681
273.635	222.681	136.582	124.792
247.984	199.205	139.249	130.361
235.302	172.524	121.262	126.871
222.789	154.036	129.076	114.642
210.748	114.665	126.656	133.664
203.943	94.541	127.420	131.259
192.026	87.109	123.806	112.109
190.781	81.294	122.578	97.280
176.222	66.450	136.193	110.029
164.760	54.541	141.477	120.480
157.346	57.128	138.810	112.102
156.835	65.847	121.936	97.604
152.197	72.561	119.376	94.215
146.594	78.055	122.844	105.701
145.954	85.503	128.013	111.530
150.262	109.444	119.208	97.125
150.659	118.574	100.731	95.040
149.232	121.496	99.523	96.610
149.604	130.329	94.175	95.639
151.293	127.676	98.119	106.773
162.300	136.359	110.577	110.178
154.640	142.785	111.289	113.233
154.247	148.170	137.358	115.753
155.993	154.351	139.153	118.250
158.837	162.253	143.268	120.839
165.077	171.428	143.019	124.086
175.604	181.933	150.546	122.571
186.865	199.854	141.854	113.170
208.460	216.116	129.190	104.819
220.837	233.429	131.045	105.972
236.016	238.346	140.708	115.563
253.391	246.113	135.411	116.629
268.700	251.119	126.337	117.569
279.130	268.154	120.832	104.294
283.826	272.624	132.004	97.021
285.834	252.560	136.006	112.244
279.176	232.056	134.535	116.530
276.740	205.893	124.157	116.008
270.516	168.796	120.681	124.423
264.670	127.136	130.186	137.386
260.070	95.126	139.436	137.080
258.598	75.062	134.941	127.269
263.257	54.126	117.980	117.161
264.598	35.089	122.436	112.080
262.806	20.114	131.076	121.045
261.145	19.030	134.722	109.523
270.051	13.507	127.376	104.569
277.102	13.879	119.257	94.313
278.516	13.158	118.918	90.198
274.717	13.978	126.431	94.475
279.864	14.461	127.559	106.430
279.475	18.182	128.894	117.865
283.018	33.913	125.041	112.512
285.417	52.617	123.128	107.683
281.790	67.132	133.715	110.067
284.182	88.186	139.667	127.277
284.472	111.334	143.487	128.600
288.314	131.153	147.226	127.016
298.235	147.319	150.625	132.904
310.827	173.304	156.831	116.891
335.693	204.052	138.559	106.298
350.736	215.904	134.674	113.331
363.814	218.994	122.233	106.848
383.420	223.290	113.470	105.424
394.045	225.058	114.517	119.361
401.108	225.753	117.130	122.708
401.283	228.174	122.630	123.104
397.196	218.774	121.480	129.962
389.950	220.279	131.181	129.410
382.957	215.658	136.426	120.006
378.647	206.252	128.666	109.384
365.854	179.492	127.867	121.798
349.886	160.003	136.208	128.470
346.643	144.535	145.677	134.486
345.376	139.740	136.988	118.130
350.419	132.337	127.674	104.238
345.014	117.255	130.647	111.329
343.227	112.210	136.007	116.688
334.505	115.337	140.554	114.463
338.707	118.763	135.430	106.770
339.599	128.878	123.967	94.210
334.155	131.094	138.812	100.171
329.258	138.686	135.778	116.481
331.984	152.735	131.605	127.351
343.923	168.977	132.492	112.717
348.372	182.762	138.305	101.780
361.755	194.062	129.516	102.410
375.665	206.905	120.037	101.442
394.630	223.951	117.189	102.538
401.011	239.390	122.290	89.925
427.343	254.086	112.413	98.127
436.357	258.769	121.054	99.121
447.030	267.531	123.293	100.274
451.318	263.278	124.173	105.300
451.326	260.476	125.212	108.405
441.144	260.512	125.806	104.423
426.609	239.606	132.786	106.594
414.930	220.140	139.935	108.982
385.891	178.275	135.850	126.555
362.200	141.254	143.189	126.257
360.870	115.342	131.639	120.890
360.379	103.068	124.278	113.109
369.760	83.114	119.348	110.387
367.849	57.236	131.949	109.111
362.227	49.571	139.631	107.024
364.293	47.998	134.218	108.440
372.788	47.265	124.890	107.770
376.758	45.467	125.276	101.698
375.381	44.286	131.283	102.556
371.470	48.504	132.202	101.812
376.110	58.204	125.095	104.362
382.976	81.117	120.080	98.044
376.849	93.284	130.717	98.991
375.562	108.486	134.339	114.181
373.993	125.562	138.448	108.541
373.881	143.382	125.223	108.800
382.813	154.567	115.407	109.182
397.316	168.066	119.148	111.533
405.119	182.844	124.247	108.633
426.282	189.655	120.039	112.814
435.447	195.549	115.298	111.694
435.809	207.756	110.908	100.670
437.624	213.390	111.080	97.494
440.757	219.975	111.483	93.893
436.325	218.177	112.075	98.171
432.348	217.611	116.824	97.420
424.935	214.375	121.706	102.125
421.555	209.258	121.950	106.287
416.761	204.721	119.060	110.093
407.348	201.236	127.351	113.012
389.091	193.713	143.583	116.301
370.579	184.323	141.540	122.045
363.694	169.359	132.268	127.632
357.878	154.738	129.769	133.230
362.136	129.000	109.861	132.305
372.026	106.722	109.274	118.607
369.676	86.137	107.697	126.060
371.728	75.015	105.492	129.428
374.604	67.408	111.878	130.585
373.134	66.936	110.733	118.936
380.722	59.182	108.526	113.337
379.014	56.899	115.455	115.700
380.907	64.767	114.298	118.642
380.550	71.739	116.961	126.524
378.196	85.334	122.667	116.869
396.201	101.420	111.099	112.597
414.816	117.278	93.988	122.904
427.273	136.796	85.364	121.077
448.020	146.969	75.954	125.213
463.674	179.694	66.446	127.864
468.232	206.084	66.816	120.479
469.457	240.720	64.490	106.072
476.248	253.790	55.877	104.593
478.491	258.532	57.024	112.027
476.091	265.039	59.745	114.101
472.749	267.565	61.834	115.114
459.834	266.348	64.212	115.964
452.591	266.385	62.728	115.143
441.535	262.283	63.016	115.639
431.941	250.203	63.827	116.504
424.894	224.759	63.165	109.740
421.213	206.521	59.746	118.165
423.002	154.507	59.933	145.216
413.564	124.599	65.066	148.342
410.272	110.625	68.025	122.422
403.519	74.899	71.193	127.371
406.971	55.454	66.058	138.590
406.019	47.675	65.219	133.908
406.623	38.577	63.550	131.089
407.832	32.944	61.000	125.493
409.318	31.306	63.266	115.126
410.557	31.039	62.920	112.929
413.639	28.561	59.525	122.341
414.111	32.328	57.319	125.982
415.361	46.749	56.493	122.241
414.509	68.077	61.054	111.188
413.807	88.780	65.452	108.208
419.077	96.050	63.624	108.681
425.551	110.365	62.474	110.023
364.420	205.498	91.263	93.302
360.651	208.498	90.192	91.530
371.028	212.469	91.754	89.845
400.613	218.144	86.820	103.362
411.946	228.430	84.890	111.213
388.168	263.457	106.305	97.349
401.139	274.690	88.221	104.300
397.789	277.609	86.083	104.218
392.121	278.469	91.047	107.194
387.573	276.630	97.132	105.422
397.586	275.274	97.053	103.056
379.511	261.680	110.496	98.789
425.820	236.774	93.398	97.552
432.412	214.863	98.304	99.879
446.478	174.199	94.347	113.599
449.737	135.605	104.581	113.052
450.805	111.934	111.611	109.750
455.890	98.465	104.005	94.842
445.659	76.759	112.961	100.281
435.028	57.177	132.161	106.779
428.838	48.401	138.135	105.112
434.009	42.292	136.617	105.396
445.194	42.946	119.614	90.348
451.254	41.049	109.839	91.163
444.869	42.414	121.199	88.266
442.218	46.658	128.154	94.554
442.776	50.059	126.862	97.563
454.978	70.905	116.550	109.586
458.098	83.135	115.176	100.363
451.569	97.441	113.592	89.540
448.384	124.222	113.035	90.110
444.094	135.628	117.365	83.769
446.601	147.307	115.467	80.701
436.602	184.302	119.746	94.900
420.903	201.831	129.798	108.495
393.254	226.080	141.960	112.333
387.606	235.728	128.724	112.108
376.964	247.117	119.639	105.750
356.899	252.482	127.567	111.837
351.293	254.824	127.321	109.334
349.880	251.106	128.224	112.169
355.897	247.315	128.608	115.692
362.769	241.204	136.546	112.161
380.738	231.100	130.103	111.995
395.731	224.016	125.894	103.319
404.607	208.388	123.423	105.719
434.132	196.538	106.259	110.827
423.289	157.880	114.218	89.326
421.246	134.709	122.140	89.481
410.877	116.327	128.142	91.055
415.108	92.433	112.103	91.673
417.452	85.479	104.227	97.324
418.828	73.914	100.979	91.073
428.447	71.061	91.515	87.309
423.276	71.670	92.801	82.585
419.570	75.328	98.723	80.341
418.845	78.649	101.708	77.621
416.579	89.619	93.711	80.839
423.015	96.270	91.683	80.070
425.508	109.209	84.653	74.858
426.757	124.519	87.338	80.857
425.005	139.508	95.078	79.124
434.049	161.559	86.237	74.328
442.926	171.204	73.353	80.564
443.217	197.674	69.231	74.484
441.100	204.822	67.410	87.258
436.528	216.339	63.569	101.195
427.052	226.137	64.464	102.352
394.461	275.087	80.416	69.531
407.529	276.273	63.017	66.951
413.617	280.333	54.632	67.159
398.203	280.724	58.936	72.475
404.780	264.150	55.723	86.095
412.718	255.729	55.248	92.169
414.098	256.817	56.286	85.430
392.833	209.066	74.940	78.133
378.505	195.478	103.923	78.871
351.303	198.073	102.804	93.052
347.329	160.181	93.400	122.205
349.234	151.318	87.932	97.139
341.698	152.796	78.699	100.000
336.898	142.285	81.482	88.598
327.230	132.351	74.443	84.668
318.337	125.946	85.025	80.359
310.325	122.543	101.070	77.790
304.231	113.562	112.424	85.236
293.665	107.287	125.054	87.248
287.887	103.415	110.289	84.968
285.716	106.152	99.378	83.316
288.603	113.367	93.431	80.762
283.246	129.589	90.409	78.737
289.197	130.488	88.667	85.024
265.139	126.212	114.971	93.718
259.991	128.010	136.074	94.881
257.685	137.479	140.204	99.310
260.615	148.460	128.433	102.769
269.563	162.776	122.542	99.315
278.096	171.639	122.213	101.708
289.647	187.894	113.440	96.628
298.868	194.332	111.974	104.172
304.246	199.705	123.136	108.237
310.725	200.085	121.636	117.258
317.017	209.917	130.079	117.359
326.002	214.141	123.682	120.163
333.579	211.004	118.101	125.118
334.533	217.207	117.452	119.316
331.654	213.610	118.283	124.981
312.735	212.123	130.069	117.399
292.718	200.480	128.199	113.811
281.758	183.542	125.576	107.770
261.196	156.373	135.223	116.532
250.660	132.725	132.048	122.080
248.599	121.385	126.279	110.611
251.125	99.891	127.313	103.087
248.361	80.743	130.214	114.497
240.627	75.676	124.322	113.981
237.331	75.723	124.068	105.942
241.048	77.857	131.406	97.873
239.751	77.769	137.042	108.991
233.921	81.877	141.076	113.802
236.332	94.095	143.597	105.697
242.656	111.119	140.845	88.250
240.073	123.615	122.727	91.376
246.680	138.300	125.060	82.176
251.937	151.046	121.292	71.847
260.822	166.882	121.496	63.146
273.455	186.477	130.903	62.309
288.281	194.664	128.704	71.880
302.227	205.333	116.987	78.435
317.478	213.299	104.519	82.518
336.671	213.548	87.733	90.301
353.965	224.201	74.407	88.600
356.059	228.550	77.675	89.892
361.761	232.445	88.301	88.922
359.464	232.702	90.574	90.603
354.495	232.345	96.600	93.001
346.215	229.459	104.384	93.737
339.861	225.088	108.766	91.659
329.162	220.578	115.935	89.835
311.490	207.443	122.579	97.424
297.212	189.787	124.001	112.217
284.638	170.007	119.180	118.563
280.343	150.486	117.512	120.142
278.498	136.355	120.363	109.488
283.366	113.880	115.463	103.228
283.274	90.016	103.229	101.373
285.065	76.419	99.099	104.902
286.427	72.096	102.186	99.823
285.791	58.233	94.366	87.484
289.719	57.837	89.363	80.083
292.805	58.279	88.925	81.232
288.778	57.558	96.853	83.729
285.418	57.090	108.389	81.837
289.792	59.480	107.738	81.292
317.726	80.051	110.506	92.095
304.192	85.828	100.894	84.739
316.742	90.593	96.368	80.419
315.360	107.146	78.753	99.551
320.084	109.488	75.201	104.072
322.969	125.941	75.866	90.974
328.765	158.967	71.453	62.969
334.965	168.300	66.391	70.796
340.020	177.228	66.206	73.039
350.003	183.163	60.242	81.402
359.868	187.285	54.043	91.368
361.980	206.071	57.233	82.317
371.004	225.929	58.029	66.957
377.867	227.168	55.786	68.655
388.128	228.820	48.479	68.048
393.327	226.835	46.585	67.627
392.766	227.101	48.167	67.619
390.667	227.885	51.044	67.315
390.377	219.720	51.028	73.517
377.178	218.729	58.624	73.138
367.276	209.966	68.163	84.597
357.894	201.617	78.047	94.943
355.327	199.039	80.253	99.554
340.292	197.003	93.530	105.586
325.491	195.951	107.591	102.739
299.979	184.182	134.258	115.467
293.694	179.625	138.539	121.132
290.687	176.201	135.447	124.869
290.668	171.708	131.220	127.286
292.583	166.120	127.277	130.950
302.433	165.614	120.114	130.279
312.438	163.772	108.505	130.582
328.553	165.336	98.831	128.796
339.372	166.673	94.548	128.352
358.743	169.062	83.898	125.038
358.671	175.774	96.678	112.980
372.422	175.178	92.279	112.390
381.159	184.017	91.355	116.374
392.751	190.327	83.160	114.091
395.381	200.197	78.486	107.248
400.483	196.946	66.029	108.785
399.403	192.088	61.678	109.413
391.282	166.590	63.637	122.715
376.030	137.364	68.093	127.973
370.191	118.992	66.551	116.325
351.092	94.222	76.331	108.100
347.583	84.959	76.468	99.541
334.367	43.691	79.031	123.356
328.841	41.452	89.918	127.411
316.516	29.176	92.471	113.728
318.318	23.907	83.021	99.642
321.058	22.125	71.773	98.896
320.413	14.391	66.017	110.043
318.306	9.479	66.041	117.688
323.293	16.510	66.620	120.001
327.512	27.111	75.654	116.157
332.111	33.987	74.869	123.860
332.975	40.787	77.625	133.039
337.036	48.449	84.417	139.090
343.692	85.701	83.368	122.545
353.898	100.044	76.801	133.219
359.923	115.395	71.574	133.606
361.678	158.091	72.458	110.410
375.574	193.624	66.141	110.238
393.233	217.162	59.075	108.061
398.967	221.563	59.534	110.486
402.100	235.977	61.407	97.240
400.905	249.257	61.963	86.420
404.880	250.975	64.212	80.353
408.981	251.051	67.489	83.034
419.160	252.395	62.329	83.248
424.108	247.600	59.778	86.862
430.528	238.936	55.301	94.471
431.676	226.947	52.570	100.955
429.920	218.946	53.882	97.720
431.852	182.223	54.195	110.627
431.129	167.153	53.510	113.402
431.485	154.602	54.742	117.874
431.478	139.379	57.721	126.882
429.975	131.254	65.268	126.685
424.865	127.507	79.615	120.118
418.674	124.348	88.039	115.853
413.715	117.448	95.208	107.638
408.238	115.441	100.864	104.357
404.715	113.882	95.419	100.327
401.382	112.314	95.436	101.914
397.545	112.098	104.771	102.416
400.640	114.302	110.351	101.222
403.442	113.378	117.005	111.299
426.497	175.636	110.775	112.134
393.511	125.336	127.212	120.417
381.074	130.835	130.573	121.054
406.826	191.016	132.327	97.806
356.183	139.236	112.911	118.802
340.909	146.252	123.354	111.644
334.939	142.161	120.952	116.098
333.150	137.977	118.565	111.720
332.477	129.596	111.474	107.765
323.928	122.929	115.084	103.565
310.427	113.242	127.320	107.807
299.601	102.534	136.140	115.517
294.851	99.546	135.038	115.153
293.559	100.492	132.452	116.379
291.448	105.209	133.808	113.254
289.362	113.667	147.741	110.507
306.981	123.107	141.593	123.617
299.524	134.682	155.509	122.973
308.189	147.265	154.792	115.925
314.783	155.706	152.651	109.678
326.862	162.482	141.358	103.237
335.013	161.455	132.286	107.110
334.949	159.197	138.812	112.383
348.070	163.022	129.792	109.581
352.795	166.957	128.922	101.145
354.507	171.957	130.098	103.768
366.884	177.771	145.369	101.607
382.357	178.809	131.975	108.338
384.946	175.792	130.803	107.183
387.060	173.426	135.206	112.151
389.359	170.893	140.696	115.881
386.859	173.591	140.679	111.508
384.954	174.998	140.049	111.121
379.584	173.792	137.247	113.603
377.622	185.182	134.029	106.265
373.111	197.743	124.943	101.194
369.265	219.387	108.059	109.779
357.931	226.001	112.268	120.015
350.512	228.245	118.493	117.510
347.852	225.861	120.661	116.559
340.174	218.238	115.708	114.715
335.378	206.627	118.890	108.758
341.346	196.039	130.777	107.791
342.557	187.932	139.881	111.227
354.509	194.950	144.339	102.045
373.560	189.290	127.613	104.683
388.829	190.070	120.715	86.684
418.309	180.821	108.257	97.999
427.173	189.553	101.933	100.299
433.663	190.123	100.341	103.758
441.945	185.974	92.719	101.432
446.568	186.792	86.085	102.178
457.172	191.706	77.342	99.878
471.959	193.279	71.016	105.526
465.997	201.390	83.388	99.419
455.064	214.018	97.741	87.699
441.642	223.497	111.138	81.473
425.028	224.302	126.853	81.790
420.909	211.126	121.941	86.946
401.836	209.160	121.284	86.420
387.053	204.659	116.840	96.753
380.069	194.200	111.625	107.431
366.937	192.463	109.947	110.689
356.041	201.907	97.365	100.037
348.753	202.133	98.231	102.960
330.833	213.981	84.207	108.828
321.133	223.414	86.629	100.001
312.278	229.755	80.142	101.149
301.952	237.540	77.663	98.954
295.514	237.371	76.493	101.310
282.650	243.050	88.246	98.613
277.151	247.176	95.450	94.299
275.060	248.960	100.073	88.898
276.940	251.753	102.022	82.864
276.893	253.334	105.018	77.985
282.852	252.075	99.394	77.509
291.862	252.348	84.115	76.688
297.022	251.819	78.789	76.406
304.551	249.212	71.217	78.798
323.503	242.623	58.294	87.710
338.112	217.332	77.295	92.436
422.748	265.372	63.496	77.121
425.760	267.820	75.032	73.159
433.790	269.899	80.253	72.105
449.319	272.589	70.098	71.499
450.434	273.855	91.014	68.376
444.582	271.442	113.423	71.920
439.093	266.590	121.360	77.427
419.422	265.186	128.808	73.194
384.573	264.099	140.111	68.645
349.726	262.504	147.236	65.433
320.141	254.401	150.548	67.957
300.688	247.653	140.248	68.672
281.029	234.984	135.061	77.472
259.148	225.261	123.787	87.388
255.649	224.516	116.042	89.582
230.155	224.474	127.637	88.314
231.423	222.980	119.275	91.078
234.791	222.027	109.771	91.336
242.365	226.677	101.003	89.094
246.390	232.019	102.550	86.416
251.962	235.263	100.803	85.684
257.016	234.594	95.406	86.078
264.124	233.597	89.230	87.186
269.543	235.105	87.894	85.775
276.690	241.105	83.925	81.519
282.563	242.502	78.017	82.462
284.787	243.072	77.227	83.754
286.131	241.994	76.614	85.033
295.681	242.412	70.907	85.095
287.797	242.416	68.500	91.389
287.461	250.228	60.821	99.524
283.791	260.292	61.074	101.207
285.966	266.926	61.518	102.287
283.081	274.112	68.211	93.540
280.368	271.451	71.331	90.458
283.805	267.746	71.407	93.950
303.936	231.685	72.417	108.110
323.302	180.495	96.889	123.650
417.891	200.282	86.196	113.142
434.130	243.251	96.789	81.410
438.137	242.780	99.116	84.146
445.667	236.303	106.871	93.945
458.227	235.632	102.369	95.813
465.629	232.852	97.178	98.065
466.949	225.439	89.524	100.652
463.241	224.521	93.646	92.261
455.213	219.377	103.480	91.955
437.770	213.805	119.927	94.776
417.050	209.657	128.386	94.684
402.269	205.108	125.669	95.864
349.058	200.523	135.325	91.756
318.946	197.666	125.210	90.242
286.412	195.824	109.030	94.589
244.424	200.127	125.639	96.049
218.193	203.136	127.015	103.322
202.940	214.001	121.465	99.159
194.177	216.899	116.151	103.662
189.614	230.055	115.837	94.706
186.031	246.704	113.244	85.857
194.006	260.049	101.426	83.920
201.138	269.988	98.254	77.791
219.836	274.890	95.361	71.906
237.656	275.468	91.879	68.920
254.357	271.913	82.440	66.492
276.884	255.623	64.626	80.940
273.988	243.896	69.075	100.859
308.596	280.788	79.164	109.305
424.582	262.951	88.448	76.023
446.775	272.300	79.278	81.227
467.207	289.436	79.704	75.842
505.235	308.276	82.432	73.976
526.490	313.272	78.693	78.650
540.905	314.125	68.158	86.640
550.747	306.289	58.107	97.865
550.588	312.067	60.658	85.395
548.916	297.859	55.649	91.868
541.607	292.057	60.249	90.636
521.619	285.616	73.960	87.161
500.468	282.593	94.111	86.533
468.657	271.758	119.259	93.221
410.896	264.537	130.296	94.570
383.009	263.017	132.110	91.456
355.596	255.171	133.037	87.623
330.662	245.559	120.420	94.304
306.183	237.240	115.757	97.253
309.969	228.088	110.423	103.992
312.546	210.349	112.275	114.856
316.194	201.423	121.137	117.391
327.133	187.936	125.667	115.542
349.579	178.038	124.560	109.969
367.048	172.817	124.335	101.598
379.397	169.502	114.193	99.857
382.189	168.462	115.186	96.584
379.338	170.346	120.827	94.167
375.777	174.000	121.440	92.293
358.998	180.575	124.351	88.627
355.224	190.087	111.598	85.037
351.194	196.121	122.165	80.796
351.906	200.953	123.563	77.456
375.606	204.326	115.022	70.784
398.525	195.975	115.712	73.926
431.461	188.845	119.623	79.886
458.493	165.786	129.312	100.612
472.658	162.698	129.544	105.518
474.984	158.666	130.823	110.613
471.557	159.175	135.478	110.394
460.358	164.226	138.181	107.822
438.331	168.922	147.126	107.583
413.452	177.645	150.193	101.212
391.836	190.298	124.288	88.692
372.861	192.989	109.756	84.226
360.707	197.606	96.430	80.733
358.342	192.490	82.299	92.359
361.274	191.239	75.006	103.577
370.354	191.345	63.431	102.598
383.361	190.937	69.999	97.809
392.599	189.156	70.586	93.952
400.571	190.090	67.684	88.645
401.273	189.647	67.113	88.145
394.458	189.425	66.899	87.513
378.656	193.121	73.953	83.306
358.710	188.545	71.718	86.195
342.695	188.008	76.579	84.058
329.057	181.275	74.080	89.982
327.258	174.872	72.738	90.615
326.480	170.558	73.898	92.839
335.722	174.149	79.965	87.228
359.624	173.355	75.530	91.353
382.372	185.251	72.216	92.736
400.474	196.318	73.970	92.792
411.523	198.032	67.331	96.539
422.681	201.047	63.954	103.557
426.855	208.366	63.211	97.011
423.406	215.041	64.697	96.059
408.919	212.321	69.903	99.781
383.953	204.456	70.002	101.678
367.138	203.596	68.458	94.621
354.461	174.648	63.003	103.487
342.572	147.518	61.464	104.104
346.342	126.226	54.999	115.891
358.931	101.895	63.604	125.691
356.180	94.358	84.631	115.505
377.391	93.116	85.486	103.302
388.581	100.352	98.314	86.295
397.507	104.162	104.067	81.055
382.384	115.277	110.768	102.876
358.251	98.165	104.933	99.473
348.125	105.773	84.953	98.631
348.290	117.276	82.328	93.122
340.085	116.700	79.726	101.054
356.796	120.254	60.954	110.517
358.833	126.360	64.490	117.806
357.794	136.490	74.742	120.568
355.942	156.244	79.021	112.911
349.337	181.330	81.243	98.098
347.950	187.500	73.272	98.394
344.502	185.944	69.501	98.251
337.632	176.252	74.681	107.213
332.035	179.611	79.459	97.402
323.897	179.552	84.639	90.961
312.529	181.719	86.013	83.319
300.410	174.068	91.307	81.818
295.096	159.660	107.041	84.868
293.708	139.831	118.015	93.821
303.798	124.460	121.978	95.376
310.787	112.819	125.467	95.569
316.229	102.209	121.605	93.802
320.604	88.480	119.218	94.217
320.882	78.821	121.969	92.142
318.002	74.545	125.276	85.172
318.186	74.520	131.827	80.685
320.255	72.357	139.528	74.493
323.507	73.192	141.463	71.830
327.682	77.930	145.874	71.249
323.611	78.778	146.309	81.383
334.827	85.845	127.324	89.644
341.101	91.864	113.635	92.676
347.028	94.411	106.144	95.958
349.725	93.600	98.831	99.874
349.345	92.436	95.994	100.987
351.960	90.653	91.335	100.444
345.943	93.237	95.910	96.993
338.580	94.494	102.991	95.980
330.796	99.518	110.816	95.907
325.138	101.812	115.591	96.338
321.592	103.083	114.674	96.974
303.395	113.805	122.058	83.472
301.686	99.140	119.089	94.650
295.900	90.009	121.680	95.892
293.905	88.615	110.946	89.433
296.329	79.435	113.175	91.673
293.539	72.203	114.431	88.109
288.397	50.396	119.873	96.387
284.758	21.076	121.214	106.308
281.157	10.037	119.727	94.212
265.308	6.395	128.527	82.320
262.447	9.446	119.855	77.610
250.895	7.150	111.031	77.646
257.697	16.118	116.961	98.716
251.004	11.533	125.814	129.343
233.960	10.997	128.012	97.697
216.623	13.407	122.066	101.472
220.981	14.050	116.064	108.546
212.209	43.846	118.402	107.747
208.675	55.957	121.032	100.573
204.521	72.606	122.524	98.394
199.930	89.835	130.244	89.236
196.876	93.038	134.705	95.825
196.816	91.090	132.935	106.676
191.175	89.829	138.008	110.875
179.555	94.095	141.476	106.298
161.920	99.014	154.047	100.290
160.097	94.853	152.568	104.122
161.594	89.959	148.395	104.211
164.100	85.966	144.493	104.602
172.136	81.288	144.849	102.738
173.309	84.772	145.438	96.705
177.254	85.508	142.717	81.727
185.892	79.167	124.640	89.719
186.030	76.211	122.390	97.549
185.758	67.935	124.628	109.621
180.299	63.880	131.607	113.493
172.173	63.426	138.386	115.575
163.481	64.970	147.901	113.897
160.852	68.481	149.627	113.805
161.710	71.238	149.782	112.179
165.464	73.629	148.539	111.275
170.590	74.602	149.721	110.477
172.260	74.310	149.385	110.820
174.562	73.275	150.748	110.814
175.165	72.413	149.068	111.603
174.303	72.842	148.224	111.395
174.017	73.869	149.769	111.951
176.084	75.298	158.243	113.177
176.497	78.544	165.562	113.299
173.752	83.835	161.140	112.526
170.054	98.136	146.636	105.189
145.853	109.139	145.679	102.612
123.904	109.555	124.941	121.733
95.056	108.711	137.193	114.639
78.961	118.201	142.300	105.054
26.056	121.428	129.293	100.909
5.020	110.927	129.846	101.861
6.887	97.460	134.159	94.144
11.113	85.510	128.250	99.691
14.891	79.256	136.165	108.558
27.202	82.509	133.511	112.688
42.395	89.662	124.652	116.576
60.420	103.600	119.141	113.848
72.721	122.195	116.550	109.774
83.735	146.654	136.916	113.867
96.884	157.025	158.220	123.568
130.517	171.661	155.762	113.809
186.565	174.342	147.556	112.256
197.046	172.872	117.923	111.559
240.031	115.398	125.589	112.348
244.042	86.577	129.446	118.460
238.917	91.004	131.572	100.537
233.868	83.900	124.885	106.539
209.603	76.363	139.625	109.928
194.319	81.752	147.495	106.352
186.108	98.970	145.252	90.370
183.884	114.955	137.016	72.449
185.237	114.059	133.797	73.855
184.933	114.212	133.376	75.299
186.249	115.022	133.354	76.430
191.504	113.391	126.390	81.194
190.729	109.854	124.532	85.172
193.285	105.259	118.676	92.515
198.148	101.827	112.075	98.034
201.665	99.786	107.721	103.819
205.125	98.782	104.756	107.332
207.336	97.363	100.926	111.037
205.631	97.661	101.904	111.019
204.116	98.197	102.523	110.952
203.089	99.208	103.233	110.005
202.872	100.013	103.033	109.257
202.738	100.974	103.061	108.099
203.089	101.760	102.875	107.032
204.126	102.203	102.002	107.769
205.008	101.515	100.621	108.269
205.418	102.624	99.865	108.118
203.970	102.503	100.622	108.584
204.050	103.192	100.233	109.240
204.426	102.822	99.541	110.829
204.764	102.724	98.723	111.175
205.717	104.146	96.831	112.059
208.155	104.728	91.603	114.793
205.515	106.356	91.865	117.418
183.817	111.466	113.836	112.460
158.314	129.210	139.933	93.273
132.258	156.170	139.307	92.256
110.907	162.384	128.836	107.105
70.049	151.414	148.177	117.956
38.430	153.316	126.399	113.047
26.963	138.026	122.823	73.032
27.556	119.567	103.374	62.493
19.147	103.555	118.567	75.565
19.550	95.804	124.898	88.583
27.810	97.815	134.817	95.488
42.154	104.017	151.591	101.465
51.981	113.139	154.026	104.921
62.249	127.464	160.416	101.788
81.103	150.962	148.466	100.221
119.067	176.544	120.343	112.815
144.439	184.115	116.768	116.307
185.304	194.842	132.007	102.422
204.193	185.053	113.416	112.607
246.729	146.277	122.451	114.211
252.561	108.395	125.315	123.118
252.437	100.990	140.996	114.728
245.822	64.093	148.668	127.627
238.112	59.947	148.941	116.331
234.966	59.274	148.085	111.506
228.435	59.543	143.831	109.523
222.965	55.575	134.194	123.081
215.166	65.088	124.802	127.900
209.879	86.368	113.844	128.047
211.275	102.645	95.479	124.195
212.824	125.653	79.288	110.504
209.255	139.348	67.989	130.807
194.340	148.313	75.946	145.669
174.591	183.999	86.680	112.297
160.748	190.374	96.405	105.837
136.405	184.042	110.295	110.547
101.947	162.595	115.732	125.022
62.177	144.071	127.381	111.683
55.245	128.793	114.840	108.165
52.635	124.431	109.535	103.213
52.475	121.575	113.773	105.227
52.782	121.944	118.641	106.968
52.426	129.448	123.593	103.646
60.312	142.170	126.527	103.217
76.226	162.536	128.810	90.888
86.220	181.032	125.499	75.375
100.109	183.112	126.813	90.166
131.223	185.354	120.993	95.658
172.198	186.157	121.173	107.042
193.051	179.198	137.366	107.043
205.730	161.570	149.663	97.199
238.955	138.964	138.754	94.799
234.937	126.328	147.214	79.348
253.786	117.999	147.117	76.223
256.277	111.221	142.276	73.213
267.402	104.618	146.530	71.835
263.521	101.389	140.882	78.984
258.883	102.607	145.178	81.166
262.550	113.395	131.597	79.894
269.993	98.001	128.938	108.165
276.408	97.447	128.494	128.973
250.432	170.616	104.055	85.147
240.603	179.146	117.660	89.996
213.504	169.505	101.743	107.441
187.441	165.547	101.849	106.326
153.091	160.589	128.865	98.247
134.031	149.474	136.677	99.051
124.430	142.140	129.566	109.908
100.198	119.134	129.118	108.766
104.082	114.000	127.610	108.264
105.806	107.782	114.557	93.120
119.174	108.435	109.196	86.729
131.697	113.918	103.983	87.080
161.562	120.368	108.266	88.626
187.504	126.295	113.033	90.768
197.097	130.398	114.087	94.230
199.409	138.386	117.053	97.887
209.193	144.794	115.900	102.543
223.293	159.404	113.689	100.909
237.652	161.403	115.726	101.086
251.601	170.694	125.064	99.444
277.305	179.467	113.909	94.408
298.171	169.211	118.789	94.179
370.622	160.608	151.330	84.061
409.637	155.692	149.634	99.111
445.193	163.336	132.599	95.493
456.556	92.803	102.152	105.591
490.678	86.163	159.369	92.919
516.063	91.929	185.698	86.922
534.588	84.814	170.289	92.103
564.004	78.624	141.106	100.430
572.058	78.957	128.264	105.588
574.941	80.765	122.812	107.598
569.012	88.410	127.868	100.579
565.943	94.898	127.786	94.535
555.877	96.976	134.984	95.442
574.504	98.441	113.626	95.530
560.494	104.793	120.528	97.034
554.183	110.517	114.224	104.066
451.234	115.925	138.249	85.569
514.932	139.956	120.898	102.886
505.218	163.883	105.508	92.737
494.843	164.430	85.137	93.423
489.913	166.335	71.891	98.111
488.261	168.080	64.899	100.021
494.667	183.761	55.170	88.371
494.650	181.154	57.859	87.113
492.172	178.399	60.993	88.881
490.991	175.833	65.094	89.568
490.444	173.227	67.906	93.470
493.216	167.483	67.789	94.489
495.735	170.619	67.445	90.887
497.828	169.166	70.643	87.253
512.943	154.160	68.059	83.636
520.696	151.004	73.178	76.468
532.831	156.871	79.598	86.774
557.963	161.342	76.245	87.992
560.389	151.064	96.553	96.795
547.177	144.876	133.254	98.222
533.945	141.879	146.220	98.693
519.325	142.062	151.151	93.483
490.013	136.807	143.805	87.468
463.282	133.705	115.544	97.966
426.381	152.001	102.350	92.150
377.434	158.594	116.759	104.960
341.837	155.264	113.128	123.505
307.779	161.076	100.007	134.886
273.033	172.473	108.457	127.302
244.020	183.109	121.930	125.770
223.270	184.709	136.718	121.029
193.635	187.797	161.160	122.405
194.642	189.164	158.271	123.177
203.043	193.425	149.422	122.526
226.079	200.702	128.034	119.103
249.940	209.594	109.222	114.704
282.060	216.084	89.718	110.499
306.318	217.438	83.779	109.793
330.798	230.759	66.127	98.162
295.485	237.438	78.019	96.255
293.143	236.638	80.507	97.801
287.862	241.778	87.229	94.830
296.273	242.121	97.770	98.898
325.991	193.515	100.706	102.657
496.798	242.923	119.229	99.014
511.160	245.030	122.837	104.542
523.390	245.573	128.737	107.200
527.299	248.513	139.325	107.780
521.209	246.316	146.225	112.150
512.122	249.264	149.829	104.896
491.580	253.001	162.432	101.382
467.488	258.883	162.737	97.349
433.808	264.257	170.338	96.002
398.155	275.492	157.324	93.324
369.376	276.070	133.422	94.455
322.417	285.547	144.772	93.225
281.108	280.131	155.660	93.023
249.059	269.668	159.081	102.172
224.706	269.199	159.384	102.233
207.089	267.587	149.081	103.844
205.738	272.368	127.388	101.506
196.763	276.363	125.615	101.701
187.076	276.988	132.141	106.081
181.292	278.586	138.305	108.059
175.033	278.838	146.771	110.809
171.057	280.772	156.358	113.904
172.409	282.304	161.453	114.975
176.388	282.415	160.835	115.853
183.369	283.407	158.833	113.966
196.729	285.396	153.297	110.722
210.995	288.021	148.427	106.822
221.238	289.177	145.018	103.562
228.763	290.092	147.015	101.602
234.152	290.555	150.813	100.616
239.453	288.597	157.488	105.123
245.763	286.057	163.928	110.912
254.777	281.218	168.115	119.059
276.719	271.926	159.566	128.787
309.448	259.093	135.537	139.805
352.301	249.343	111.578	145.138
384.075	235.604	110.561	145.112
409.480	246.524	105.587	119.465
443.417	224.730	130.003	109.857
457.043	220.592	151.809	96.921
465.828	221.649	167.854	87.090
478.688	212.555	166.438	87.848
489.560	207.444	158.182	88.507
495.727	206.033	152.964	83.027
494.278	207.582	152.710	88.091
490.860	213.229	149.724	94.747
495.443	236.373	140.476	90.483
483.335	247.426	145.986	95.331
476.529	259.510	144.144	95.615
465.729	264.656	150.447	103.205
460.167	268.403	149.905	111.877
458.488	267.331	145.224	111.180
460.099	260.795	140.999	105.156
459.099	251.118	143.585	102.739
472.569	233.384	134.136	110.879
481.239	210.745	135.825	128.586
478.311	199.377	136.318	128.937
477.550	186.978	132.352	123.025
460.953	181.353	118.631	109.283
447.896	169.598	113.697	109.182
429.261	155.056	123.319	122.427
402.786	142.932	107.935	129.561
382.390	136.509	119.521	130.594
370.918	134.329	129.666	116.242
365.199	136.757	125.753	113.910
362.474	136.649	124.079	110.597
362.925	138.210	121.922	107.095
368.605	138.413	118.372	109.464
381.438	138.930	109.325	115.537
392.036	138.562	103.874	116.327
398.943	144.267	105.275	108.324
411.009	146.829	100.351	102.547
465.991	211.246	137.938	102.245
474.630	207.087	158.320	109.514
488.652	196.858	170.351	124.787
501.446	192.238	181.797	124.950
516.361	182.683	165.048	134.420
520.322	187.807	156.796	130.181
497.873	183.986	171.986	115.125
470.778	182.778	182.965	103.613
449.870	185.925	189.777	93.004
424.193	188.453	200.738	95.196
400.268	207.094	178.797	87.936
378.071	220.623	157.981	88.400
321.664	229.642	164.286	97.104
279.870	241.151	165.769	104.755
258.961	250.537	157.177	129.638
221.648	256.184	153.982	137.395
214.522	258.865	132.321	149.257
203.630	258.786	95.049	146.890
180.136	258.432	89.092	145.127
161.381	262.665	92.353	139.700
149.034	262.635	94.858	136.762
143.061	260.520	96.209	133.948
142.331	256.562	95.982	136.160
147.685	255.109	97.262	134.790
155.336	255.700	98.629	132.134
169.165	259.040	88.989	123.911
182.232	256.907	86.566	123.241
198.158	260.505	84.637	118.384
216.289	263.961	81.116	118.984
235.089	269.140	85.437	112.279
253.015	269.332	94.730	105.365
260.685	271.242	113.375	98.257
256.360	269.532	135.986	91.738
255.594	267.688	140.915	89.674
262.172	267.404	139.280	87.923
267.000	265.934	141.243	91.027
269.695	264.691	152.494	96.177
272.189	262.235	167.646	106.570
268.773	257.956	183.081	124.742
270.177	257.059	169.702	140.383
284.488	252.413	158.545	148.465
312.382	252.846	138.276	147.456
325.240	261.319	156.445	125.163
327.371	259.295	190.111	112.427
346.617	261.091	213.944	81.530
364.543	249.376	213.361	81.173
406.313	229.855	191.446	107.296
446.492	223.179	168.475	125.840
479.656	217.244	170.087	137.091
500.340	218.479	174.125	137.924
514.113	225.115	172.026	126.517
523.554	229.050	167.342	112.356
520.783	228.166	164.092	108.417
521.295	230.669	136.972	107.809
510.745	235.383	127.545	103.704
480.702	236.881	138.887	99.828
458.204	235.605	135.075	108.888
449.945	239.978	140.199	115.372
431.783	239.203	153.556	124.049
425.689	242.960	160.585	127.851
405.125	252.032	172.701	124.413
387.138	256.877	165.960	130.176
364.323	261.710	156.411	135.922
353.094	262.085	131.924	143.264
333.126	262.593	110.954	147.097
323.998	268.637	97.208	137.699
299.576	275.766	104.891	138.563
233.260	281.304	146.069	135.218
172.515	278.351	181.227	154.790
132.025	282.246	211.400	156.064
105.074	282.509	219.221	155.711
102.941	293.988	210.057	141.430
94.977	290.699	204.660	146.234
92.201	284.127	199.597	152.993
98.799	276.848	182.584	159.177
112.321	272.673	163.261	158.890
139.290	269.255	124.999	146.268
172.099	260.522	116.700	140.078
184.355	254.798	114.000	136.456
189.609	246.069	121.581	140.909
190.643	237.497	126.873	147.570
195.719	234.572	139.074	149.067
213.884	226.912	132.309	156.534
234.838	221.826	117.277	161.061
260.635	216.843	99.480	168.218
270.667	212.739	100.621	174.956
272.400	213.898	115.163	175.389
277.098	220.188	136.467	168.492
290.498	221.698	153.497	162.978
307.994	224.407	189.573	146.378
367.424	241.588	149.154	132.171
401.824	249.933	121.418	119.779
435.149	224.639	107.541	139.423
458.569	221.927	115.021	140.079
466.848	219.276	150.653	147.335
476.811	218.456	174.883	157.822
488.406	229.514	201.194	154.800
514.088	228.580	202.381	159.906
536.118	218.268	194.978	170.473
540.726	204.733	204.202	185.457
549.403	200.061	211.618	168.511
566.538	199.356	195.414	160.757
563.560	212.828	193.739	127.773
558.418	215.638	204.295	102.765
547.043	209.293	224.653	100.665
542.623	200.063	224.772	130.503
540.354	192.793	200.741	153.948
529.491	193.528	169.743	162.601
509.847	195.704	137.349	165.497
497.758	202.548	136.208	166.972
463.049	201.692	141.462	170.525
426.037	210.197	119.271	162.146
374.677	222.549	122.853	151.948
352.853	240.306	135.122	139.818
335.307	245.788	137.121	143.203
311.458	248.296	146.965	145.179
289.231	246.068	153.609	151.941
277.123	241.818	156.871	159.227
269.120	243.217	162.675	157.654
265.763	246.397	164.922	154.737
266.976	248.268	157.122	153.149
267.195	248.820	156.000	151.565
268.350	249.323	159.073	151.690
271.723	243.980	157.923	155.837
271.502	247.012	157.856	154.139
271.586	239.157	159.878	163.331
270.564	238.928	167.159	165.012
280.906	231.190	163.378	173.050
307.444	227.085	139.882	174.091
311.880	231.072	142.451	169.661
324.654	244.453	138.826	152.698
345.021	250.807	130.306	143.693
369.693	245.753	140.192	147.506
402.396	232.757	164.423	162.909
426.891	242.867	182.880	160.118
442.908	251.750	214.389	157.838
472.612	256.576	222.669	168.575
501.126	252.170	219.831	177.231
529.250	260.586	216.185	163.076
552.060	275.407	208.883	142.898
562.500	278.669	209.741	142.303
578.060	284.549	199.257	146.831
591.073	288.890	189.773	155.734
599.725	299.356	179.977	165.465
600.090	307.850	180.906	163.929
601.885	313.698	185.001	169.681
601.451	321.712	195.055	171.249
606.070	330.633	197.875	171.896
611.001	344.249	202.316	170.666
612.649	354.807	206.567	170.578
625.294	369.681	211.677	166.241
623.713	376.807	215.343	169.113
623.409	386.462	221.618	157.390
628.638	400.701	194.745	155.019
654.195	402.372	196.141	144.721
636.212	406.657	191.020	146.773
654.746	407.980	201.269	129.443
643.702	412.659	188.004	116.555
639.749	407.557	179.866	114.928
642.440	412.719	181.041	104.564
645.731	408.309	150.411	116.361
647.132	406.091	161.039	133.282
639.841	403.407	197.374	131.488
631.465	393.043	210.970	157.118
635.629	388.130	218.694	152.892
636.406	375.821	212.317	155.961
628.082	364.152	209.730	162.537
628.011	355.215	209.249	166.705
627.860	337.165	204.132	169.088
627.201	325.125	200.059	171.686
622.012	312.806	201.852	169.844
623.737	304.707	205.248	174.463
621.541	300.112	215.002	174.899
618.905	295.203	223.216	171.870
607.234	289.659	229.902	178.350
609.836	293.487	238.693	167.692
608.691	295.158	227.172	181.211
604.635	301.096	226.815	181.501
607.254	310.431	216.552	174.491
600.147	316.995	215.960	165.049
602.302	321.577	214.086	170.031
601.593	318.963	222.835	170.791
605.811	315.402	228.386	169.220
598.708	317.124	219.706	181.396
591.827	314.410	225.802	180.779
592.709	308.517	210.623	181.832
584.282	302.834	213.318	174.844
579.036	287.195	218.331	188.529
570.674	272.393	207.170	187.407
565.861	254.823	190.504	191.892
555.405	249.500	162.282	184.476
536.359	245.174	125.750	177.487
508.424	245.872	134.643	159.306
393.925	234.270	148.549	142.054
395.334	242.340	139.590	155.308
366.703	230.561	136.680	166.868
362.631	237.571	181.607	166.759
355.254	239.330	173.706	157.720
348.428	239.607	160.330	161.120
349.501	242.940	148.844	164.177
346.340	245.429	140.119	164.067
345.220	250.244	129.042	167.983
342.468	247.943	127.304	175.864
338.043	258.255	126.171	173.335
320.652	262.071	150.427	173.718
282.212	264.759	181.143	182.884
262.717	271.066	195.944	169.640
233.077	277.317	187.631	165.733
194.663	288.063	200.771	155.232
166.558	290.960	185.674	158.119
119.655	298.364	171.873	153.305
73.618	303.210	201.178	160.601
38.322	305.373	222.655	167.266
41.822	306.536	206.599	159.669
15.021	311.758	223.476	160.192
19.085	316.533	211.961	152.742
18.354	321.598	205.281	148.893
27.044	320.470	196.712	149.344
46.918	322.362	171.936	152.438
87.553	319.326	139.574	155.531
98.561	323.361	146.433	157.395
110.855	324.311	141.748	164.841
123.249	326.288	134.779	162.096
143.953	323.509	116.831	161.598
157.531	323.360	102.019	158.774
159.779	324.024	98.030	157.964
160.539	320.982	98.315	157.044
159.213	315.030	98.997	155.316
154.318	315.474	104.969	145.886
148.892	313.318	113.246	140.035
140.547	312.366	124.838	139.988
130.706	312.353	134.088	137.270
122.486	307.991	136.429	144.597
109.829	298.542	134.184	161.515
91.915	290.196	133.768	166.947
67.525	283.706	143.654	188.320
31.211	278.413	161.856	187.786
18.345	275.506	161.591	183.222
8.066	266.455	153.562	178.174
3.903	269.561	136.094	173.728
6.320	266.820	117.645	170.915
4.890	265.037	110.110	173.246
3.890	263.711	106.774	180.306
2.520	262.055	122.933	181.155
3.835	263.180	142.712	186.368
2.323	258.772	162.252	195.713
3.522	258.620	188.981	192.607
0.000	256.946	223.603	197.370
22.169	266.838	262.763	197.573
69.036	284.051	277.938	187.592
157.326	287.350	221.363	201.091
247.958	276.937	153.033	239.422
325.124	283.226	114.856	218.741
386.991	274.180	154.244	199.635
403.456	271.915	185.411	174.862
438.386	262.103	226.227	154.641
443.409	237.868	233.832	167.243
449.057	199.517	274.390	192.843
435.062	193.901	264.172	196.691
405.967	175.638	305.164	212.989
406.990	153.272	300.660	236.400
387.113	160.843	302.271	229.984
371.166	169.124	288.896	235.637
343.851	190.050	293.435	243.432
319.948	216.397	297.344	237.002
281.864	258.348	255.651	224.731
183.490	301.855	284.665	191.898
211.273	301.055	255.222	217.221
78.998	336.756	271.414	181.069
19.885	338.925	241.550	205.160
11.960	332.001	228.114	199.416
57.822	319.653	165.550	180.475
7.361	314.146	135.648	187.413
6.433	309.756	131.711	153.009
0.626	288.929	126.924	119.296
0.000	303.684	114.294	83.509
0.972	301.929	126.825	84.310
3.548	302.308	121.492	103.481
4.036	306.798	113.904	130.259
3.593	297.875	111.828	165.029
8.378	297.349	128.006	191.465
6.909	302.704	144.764	187.224
10.077	307.210	147.708	224.971
22.068	309.074	160.226	245.371
35.794	304.392	174.043	218.574
39.767	312.957	179.026	216.620
53.507	300.167	222.617	206.730
64.528	295.447	253.443	175.897
66.799	286.764	319.529	157.358
100.480	285.023	317.188	126.735
152.311	269.812	286.209	140.348
200.840	255.027	296.219	168.157
254.452	260.769	304.761	174.810
248.719	238.347	260.467	216.349
257.303	226.386	331.376	231.714
246.220	208.278	336.864	270.924
245.683	200.242	305.118	281.326
250.973	170.463	269.198	289.035
241.078	135.869	239.405	276.954
246.154	116.782	250.702	233.579
221.272	96.060	282.853	222.764
225.586	67.580	293.218	248.550
238.924	54.971	295.540	262.291
220.170	82.556	320.837	274.445
222.162	70.288	380.970	317.910
222.150	81.710	412.970	337.538
263.765	97.547	360.214	337.844
298.484	130.613	305.127	304.328
313.007	151.692	308.876	289.036
353.367	176.169	275.280	253.397
335.863	199.454	321.280	222.482
322.595	215.770	368.439	217.953
367.121	234.277	340.961	236.540
400.446	234.440	289.236	276.440
410.496	239.593	229.443	297.898
422.764	247.832	172.554	308.927
428.521	242.933	164.711	333.067
417.670	234.254	203.584	325.141
396.899	237.841	245.593	310.381
381.111	237.673	271.662	274.138
375.864	224.545	265.539	266.698
374.104	208.308	251.941	275.018
356.572	193.695	251.907	296.179
335.496	184.832	245.566	304.792
303.179	189.772	257.418	302.003
284.339	205.879	261.236	301.329
254.345	222.633	277.896	291.773
235.084	252.447	281.494	269.054
219.142	278.003	258.510	253.341
207.542	287.286	211.123	237.927
190.475	286.483	196.863	240.292
187.664	289.106	193.629	280.829
178.266	272.765	202.017	298.550
171.647	266.522	193.529	292.614
129.414	267.197	238.311	270.700
87.807	262.344	279.512	266.621
77.845	256.497	283.436	270.686
77.333	255.886	289.063	273.262
95.425	261.158	302.626	280.094
109.845	275.068	317.713	277.271
95.542	279.398	340.135	257.011
47.067	278.608	389.323	295.367
48.759	264.955	430.076	307.188
62.114	258.969	395.722	306.430
131.711	251.306	274.804	290.848
170.783	232.754	234.190	335.007
160.120	225.741	266.944	334.033
136.543	232.502	345.999	331.383
91.534	238.859	451.236	331.658
80.653	240.604	490.744	334.054
73.316	248.346	485.806	325.345
96.873	240.292	430.105	330.443
142.015	238.730	360.944	335.199
187.858	246.131	293.526	329.771
215.632	245.345	247.027	330.414
220.676	243.522	239.218	328.514
218.424	236.420	252.687	338.546
203.897	228.599	286.466	346.101
181.493	229.750	329.432	339.293
151.606	229.201	378.473	332.205
131.937	227.587	358.660	301.741
126.417	226.349	397.109	296.939
145.762	206.792	373.907	318.512
140.917	253.207	298.757	292.987
99.420	258.967	290.491	276.283
66.966	255.895	335.581	309.053
24.873	270.808	398.554	296.050
46.306	267.757	397.570	290.620
97.123	257.813	334.793	299.209
130.252	249.466	268.407	312.450
151.339	240.879	235.350	318.028
170.343	240.586	224.142	301.185
183.698	241.233	222.113	284.251
198.153	242.406	218.576	273.816
226.905	246.432	203.342	268.918
247.697	248.070	199.738	266.615
267.036	250.575	203.755	259.670
282.332	249.659	196.354	264.848
277.331	253.861	237.537	261.872
248.099	265.994	259.649	259.485
299.008	261.720	296.736	272.402
329.788	251.085	250.722	262.346
396.946	247.351	213.682	290.598
394.664	235.298	215.148	283.802
392.102	227.292	273.136	278.679
354.521	219.503	340.000	281.043
350.642	211.246	327.323	281.125
370.134	204.263	288.141	289.668
393.269	196.346	229.573	302.954
402.269	198.421	210.779	283.417
394.096	208.124	239.827	272.086
374.425	208.756	261.034	290.464
360.108	209.957	271.045	293.350
363.145	209.834	238.009	294.025
358.379	210.815	186.255	281.113
330.498	227.153	219.655	249.715
289.525	237.763	277.832	229.968
281.708	237.319	288.749	226.036
297.853	235.385	254.633	238.595
306.212	256.760	186.987	227.942
301.367	267.471	184.631	221.190
278.715	273.005	219.609	229.762
243.521	269.074	261.563	256.990
288.260	268.360	216.728	235.257
293.890	265.771	156.202	260.040
307.117	254.809	152.327	252.837
297.461	261.562	198.572	233.551
279.477	260.647	245.164	225.314
281.008	253.271	268.329	215.640
288.383	248.606	295.940	195.585
308.006	246.194	283.306	184.210
315.841	242.593	275.853	182.824
328.271	242.290	241.199	182.341
365.740	241.883	164.182	192.262
388.795	249.483	133.193	199.348
384.591	256.090	138.698	221.868
369.200	268.827	172.601	214.184
334.686	269.235	222.852	208.233
312.793	265.941	235.356	223.025
302.808	262.971	209.800	229.949
316.473	265.067	166.142	242.721
329.984	264.237	142.727	242.109
284.373	251.148	188.616	238.895
253.243	251.630	241.624	227.919
227.207	246.484	276.033	231.259
228.867	243.382	260.796	228.827
238.849	244.854	237.940	219.143
250.859	240.737	224.851	211.758
261.071	237.644	214.400	206.284
265.291	233.915	213.087	200.198
269.500	231.886	219.717	197.092
277.745	233.204	247.957	193.251
292.836	234.529	246.447	193.284
325.166	229.418	224.025	204.837
364.734	228.664	217.254	201.973
402.091	220.602	228.600	203.312
442.326	221.884	197.037	179.813
451.065	219.319	228.892	168.880
453.708	217.926	255.851	137.400
453.809	218.754	270.934	107.357
445.407	210.880	282.484	103.486
435.165	210.719	272.876	93.531
410.964	210.139	258.290	87.995
383.084	212.020	254.254	92.233
314.186	213.857	262.287	104.258
288.378	225.261	257.576	113.733
270.133	232.635	231.666	124.880
198.221	241.897	243.233	142.182
187.173	248.858	241.132	159.340
145.942	257.019	248.727	175.592
125.102	260.013	242.515	169.068
106.815	268.063	228.129	162.422
91.765	268.023	221.051	157.529
91.779	265.260	210.871	158.602
92.079	262.364	206.749	158.305
97.250	258.605	203.831	155.378
113.004	255.935	199.777	150.444
147.380	258.399	189.035	139.629
188.094	260.202	169.107	128.714
220.818	263.521	147.692	120.199
241.906	266.206	126.563	121.424
273.222	278.718	103.000	110.347
280.367	280.955	81.233	100.801
268.685	283.978	86.883	105.895
254.986	279.476	89.921	119.372
248.954	265.585	104.077	99.984
245.753	264.132	95.056	95.504
238.848	296.590	87.850	105.589
229.715	289.863	116.349	99.660
227.440	282.518	119.467	91.870
228.190	227.216	80.652	106.106
227.769	266.425	107.829	99.455
223.133	277.899	117.501	102.070
197.501	245.768	130.351	124.417
192.863	200.135	123.240	123.197
193.802	188.322	93.816	131.683
183.318	186.782	94.718	135.130
349.745	232.280	110.453	147.775
307.349	228.928	137.996	161.352
246.487	221.578	163.651	161.955
191.971	216.357	190.999	162.509
161.136	221.317	208.513	154.064
137.958	220.661	215.480	156.892
98.296	221.245	244.346	157.142
106.322	227.303	237.521	154.419
117.304	232.928	226.118	151.952
141.276	239.073	201.120	152.310
161.266	245.615	186.386	151.487
175.353	248.654	176.849	154.787
171.300	254.970	200.204	157.205
177.027	253.376	203.822	168.920
185.239	252.682	201.088	180.108
196.467	255.054	194.600	184.271
222.813	255.624	175.761	189.692
247.061	257.482	156.242	202.858
261.577	259.924	156.298	199.689
269.000	261.703	168.069	196.981
334.244	261.992	126.353	202.197
355.557	263.229	117.391	194.647
370.772	263.263	122.121	182.093
422.497	272.010	110.321	177.148
439.073	278.291	122.271	172.123
446.832	275.999	133.994	168.451
457.497	272.649	157.030	172.936
463.614	277.225	163.059	172.512
469.120	281.411	176.494	163.998
467.660	281.253	184.824	166.739
468.338	283.535	187.860	165.017
467.137	285.727	191.581	162.594
469.141	287.319	189.194	160.448
472.116	287.536	176.155	157.201
475.562	287.249	169.120	154.061
473.120	287.580	160.430	149.178
470.541	285.957	150.242	142.553
466.878	290.932	135.829	129.040
450.007	300.362	139.647	114.237
194.621	204.384	121.745	83.913
218.630	215.589	83.580	76.480
228.548	221.030	73.366	72.412
205.568	227.946	83.823	72.724
257.540	265.018	107.204	133.343
254.406	274.202	117.533	122.746
219.329	272.363	155.345	115.321
202.148	275.264	168.317	101.772
208.542	273.467	161.294	92.531
222.386	274.020	149.069	102.719
245.281	279.325	127.599	113.567
272.035	283.109	102.835	127.673
279.125	293.242	95.813	127.581
294.838	293.233	83.391	132.874
291.914	298.421	84.199	136.300
284.311	302.898	95.030	131.832
285.617	303.033	92.488	131.434
286.985	296.798	87.145	137.751
309.096	290.297	111.952	137.255
332.697	286.020	138.487	134.691
391.748	283.912	110.898	133.772
399.976	283.727	121.099	130.020
427.576	285.551	116.837	131.547
448.145	286.590	117.499	130.879
464.246	282.441	126.214	132.117
487.322	273.600	116.617	135.033
484.519	268.245	137.967	127.141
476.055	271.340	180.122	115.807
451.685	265.704	208.100	95.770
442.463	248.112	208.092	96.037
435.949	231.365	195.880	109.697
417.936	222.057	167.763	124.066
377.299	213.140	155.268	133.259
348.017	216.975	158.523	134.108
301.701	216.261	172.401	139.995
277.139	222.858	179.592	142.660
270.861	229.482	182.143	152.353
273.711	237.847	176.146	152.381
282.051	249.575	169.506	140.822
289.979	263.519	164.459	129.256
296.061	269.813	161.446	130.823
307.087	273.002	154.831	136.337
315.034	275.345	152.314	141.746
366.890	277.335	111.790	143.976
405.041	281.369	112.837	138.011
448.353	290.216	112.091	128.767
470.526	291.575	134.606	130.519
477.542	292.167	151.113	128.541
483.297	292.777	161.915	127.450
494.202	294.196	160.004	125.460
500.503	295.138	155.002	122.710
503.455	296.764	152.599	119.170
503.641	297.117	149.404	116.704
499.543	296.831	143.633	116.489
479.929	303.781	138.417	109.474
453.682	304.489	137.733	105.921
443.028	297.450	121.311	111.777
329.450	290.832	83.538	150.656
349.672	285.456	105.585	131.387
355.804	281.087	105.090	128.248
335.650	282.910	101.926	116.014
320.528	287.744	97.496	116.660
306.931	286.284	102.912	115.250
288.612	286.507	121.878	110.501
272.865	283.276	136.373	110.198
261.623	275.935	146.971	115.479
268.850	272.456	140.715	118.695
281.338	269.968	132.913	124.500
313.009	272.451	109.080	119.781
364.581	275.158	79.386	118.204
376.357	296.624	95.358	100.468
373.975	291.219	95.472	107.706
364.258	293.416	110.090	107.560
357.376	293.885	120.168	109.941
356.926	297.297	134.129	109.361
360.267	294.636	176.855	114.458
356.839	286.584	185.258	121.737
354.270	283.526	185.888	128.434
352.319	279.703	184.687	135.503
350.280	281.780	182.640	135.946
353.275	278.578	161.765	139.943
355.466	280.222	124.891	138.794
348.702	289.766	99.362	128.413
334.257	293.194	98.380	125.927
303.842	289.764	127.750	125.880
279.098	290.135	151.282	125.406
277.545	289.971	151.147	124.840
273.552	290.959	152.043	124.512
271.380	289.805	152.004	127.178
272.929	289.623	152.307	128.941
284.780	287.441	143.719	132.041
306.026	286.371	124.529	130.522
320.287	285.757	110.219	121.887
336.110	291.900	102.419	107.485
376.208	296.557	134.074	97.629
457.842	286.735	88.344	100.807
481.653	282.815	91.836	90.633
476.827	271.295	123.745	91.830
468.592	267.495	144.159	105.003
494.692	236.292	145.183	142.798
510.988	247.577	135.201	124.306
500.176	251.480	145.232	97.404
494.869	219.753	142.378	112.225
485.457	210.306	143.045	126.208
489.896	202.663	132.259	124.996
489.355	197.819	103.587	115.590
487.255	196.156	92.084	116.098
477.984	197.673	92.655	112.176
461.525	200.041	91.045	115.211
442.945	205.829	90.592	112.801
429.130	218.400	85.376	111.758
422.284	226.542	86.590	115.410
412.661	230.091	98.275	115.550
405.477	223.694	107.643	127.095
382.661	232.101	128.837	117.282
369.357	253.554	134.433	97.616
363.813	258.878	133.354	97.703
353.630	264.330	139.823	95.610
350.576	270.950	138.449	88.794
351.046	271.212	127.064	88.747
343.004	276.047	117.316	86.841
323.749	271.096	114.177	90.933
318.326	272.647	108.873	94.327
287.296	265.507	128.630	104.443
277.166	259.081	126.657	111.424
267.748	262.578	113.638	105.923
259.630	253.841	101.266	114.371
237.485	259.470	123.881	104.035
222.840	257.698	137.368	108.483
222.849	252.078	156.672	105.242
234.014	262.592	153.984	100.938
248.238	268.329	150.151	93.947
255.807	270.855	155.852	84.514
268.604	272.649	156.695	80.058
290.963	265.769	155.850	77.772
311.236	257.105	151.976	98.190
335.453	268.704	130.741	94.514
335.998	273.023	126.212	90.547
345.369	276.429	149.120	85.568
374.486	264.789	124.083	100.590
377.466	264.196	119.988	91.906
364.476	265.559	156.783	79.599
349.387	259.454	169.170	80.543
342.318	250.869	163.709	87.685
342.422	246.824	157.830	90.181
358.239	245.521	149.520	79.609
373.003	248.009	139.670	68.723
385.641	249.784	140.091	62.621
393.682	243.443	129.894	81.051
407.793	240.491	97.043	96.361
419.765	213.923	104.010	117.586
426.165	205.813	108.281	99.299
422.384	199.281	115.375	100.635
414.369	200.417	117.778	100.785
398.513	190.091	131.400	108.278
386.357	184.824	141.547	118.983
371.573	195.245	136.720	118.046
382.789	197.397	129.390	114.140
356.756	223.047	115.932	99.091
353.003	232.751	95.229	94.734
362.725	253.428	113.651	84.944
352.740	272.132	100.485	79.666
360.137	272.474	117.669	80.614
361.854	277.436	117.312	76.982
364.482	281.828	112.052	72.197
359.402	273.600	126.355	78.243
347.405	266.619	135.468	76.699
336.801	262.953	140.786	70.382
325.277	254.271	144.015	80.329
320.299	239.929	132.571	85.457
319.025	206.233	130.776	99.120
350.658	182.919	119.210	114.246
354.411	172.495	133.609	123.385
369.407	182.112	132.321	115.116
383.689	183.289	124.581	107.654
390.184	203.260	103.260	92.886
383.803	206.906	116.027	83.681
378.916	208.633	118.018	82.695
383.559	207.972	125.194	88.291
379.473	199.374	134.028	100.177
385.187	189.649	129.238	101.778
384.318	174.078	128.620	98.415
384.127	161.234	128.508	79.698
393.180	153.805	131.335	72.914
395.884	137.975	125.005	71.317
402.830	133.689	107.382	84.808
425.255	109.160	108.922	79.174
444.647	99.521	95.717	83.387
444.174	79.986	93.295	98.891
435.632	67.412	98.898	100.380
405.478	57.611	117.183	81.806
386.085	59.084	112.271	84.631
384.043	67.843	89.326	93.606
369.621	93.607	101.248	77.207
366.431	121.876	125.362	62.144
377.637	132.600	122.646	77.830
398.427	137.580	110.265	82.752
406.366	139.786	111.034	81.956
406.957	139.880	112.645	78.054
408.259	136.803	119.482	70.000
432.228	118.441	102.240	66.606
438.047	106.723	92.790	77.195
437.995	91.525	78.068	90.126
453.225	89.092	83.674	84.703
458.762	92.907	102.953	71.851
478.965	89.912	91.546	87.776
474.768	109.712	100.976	84.480
479.777	186.849	98.861	112.851
462.130	148.523	102.280	78.748
466.332	152.387	92.276	82.311
479.458	194.896	87.016	98.349
471.478	208.662	86.740	96.720
432.310	138.475	83.716	84.953
415.763	138.843	93.041	72.696
405.790	122.752	89.589	70.383
409.548	113.628	73.225	79.762
376.953	107.312	98.777	87.024
355.260	113.911	109.263	74.311
351.922	118.582	105.292	97.923
354.206	124.703	87.739	103.770
349.161	146.909	116.470	87.244
353.390	167.393	132.882	69.183
368.459	168.818	118.753	76.787
386.281	168.221	104.588	76.699
399.520	163.744	104.676	79.759
403.634	150.992	116.057	68.418
423.088	132.203	107.831	75.666
449.032	113.924	74.125	83.823
453.826	113.255	82.429	79.996
457.603	111.150	102.856	75.382
493.995	95.511	82.541	85.522
486.397	95.330	99.599	88.865
499.683	123.656	96.177	66.233
491.105	130.092	99.969	66.578
484.556	130.682	97.458	75.954
478.390	125.755	94.783	79.958
464.905	109.253	99.855	94.061
455.124	95.579	99.129	97.356
444.688	89.780	100.274	89.736
432.643	86.896	103.780	87.862
430.992	85.931	85.574	77.252
422.733	84.603	89.893	74.145
395.063	89.833	109.461	65.290
364.983	92.563	128.975	60.752
354.677	94.207	121.056	77.348
335.610	98.552	100.524	90.622
339.620	101.676	97.186	84.245
341.672	104.760	95.327	90.798
346.666	115.180	100.664	91.230
369.021	128.254	112.468	86.059
391.761	121.918	107.500	89.386
419.645	117.451	83.767	86.387
429.400	113.840	74.985	82.587
431.324	111.972	77.205	83.104
439.446	105.627	76.498	82.588
439.966	106.402	91.007	82.375
440.228	106.007	105.470	80.979
441.330	106.719	107.178	76.585
445.512	110.901	105.577	71.535
452.559	112.823	98.845	76.789
459.573	115.949	103.956	86.633
456.525	123.567	112.449	82.687
466.203	133.145	106.958	87.208
460.413	142.597	101.936	101.604
457.452	146.785	107.593	95.974
448.664	155.414	101.129	99.939
434.133	150.540	107.022	86.845
430.001	143.619	91.833	92.707
439.480	186.336	106.752	99.517
440.440	191.508	111.770	108.099
427.512	168.244	115.017	104.732
400.675	169.426	84.201	89.610
401.695	179.587	98.352	82.414
411.893	187.936	103.303	80.389
392.148	192.763	100.584	89.263
392.226	208.473	104.124	98.380
393.279	228.195	109.532	80.660
401.909	237.059	107.502	84.920
408.512	254.945	109.008	77.323
419.318	259.718	106.332	86.919
468.816	285.291	99.502	63.795
475.751	288.097	105.547	56.197
491.981	282.341	112.922	60.526
524.154	257.399	97.537	76.193
536.199	245.905	86.474	81.303
543.589	240.513	83.684	79.139
543.039	236.336	88.633	73.802
531.484	235.165	97.106	76.417
523.088	231.230	102.638	80.963
498.884	252.071	102.605	61.807
478.162	255.045	99.167	61.594
457.872	250.149	89.595	72.022
443.412	249.081	85.380	79.233
420.819	235.730	80.588	91.813
398.621	227.469	75.847	86.917
367.716	217.209	90.077	89.855
342.775	214.439	101.345	97.857
337.106	212.785	103.588	87.343
339.212	213.644	101.427	82.202
338.338	219.924	100.753	77.967
350.116	241.420	96.437	72.331
355.407	252.178	94.110	82.983
356.512	259.853	94.693	91.466
360.226	281.196	98.014	74.515
372.918	304.222	107.838	55.648
378.621	312.464	109.778	52.790
378.424	313.617	110.956	54.106
373.464	307.024	113.442	58.788
367.686	300.468	113.718	63.669
366.539	296.631	103.507	65.608
366.258	291.877	101.674	67.960
365.916	283.855	98.950	72.791
368.309	266.228	88.344	89.582
367.558	250.624	94.856	99.337
371.251	250.526	96.470	99.247
387.529	252.555	105.500	89.378
409.674	271.234	113.072	65.137
438.763	276.452	99.273	64.333
451.432	282.423	105.992	58.101
455.241	284.067	121.009	59.043
465.118	286.081	117.575	59.088
465.052	277.366	121.480	66.063
475.685	264.269	114.131	71.879
479.993	257.416	107.156	69.719
478.461	251.505	115.980	70.625
476.577	244.050	123.426	74.111
472.468	244.032	128.076	71.473
439.024	218.935	145.267	84.623
495.304	215.393	139.707	80.806
555.947	212.263	79.773	80.352
560.225	208.635	75.395	89.791
549.720	207.222	86.527	94.477
542.224	223.458	92.494	83.901
526.796	239.066	106.784	78.825
521.572	257.492	106.471	80.163
529.737	270.154	101.966	77.939
525.290	282.370	113.162	70.475
527.605	287.645	111.161	62.154
529.444	286.146	101.143	61.610
517.222	285.150	107.059	56.322
505.155	278.520	108.095	56.889
488.918	266.585	89.289	61.291
482.905	257.838	64.690	70.936
444.441	266.092	78.372	69.078
406.954	256.123	61.432	71.271
408.459	254.957	54.405	73.884
407.867	256.356	55.396	76.362
407.440	256.711	60.942	72.991
408.282	256.557	59.589	79.893
402.788	256.793	76.041	77.524
407.884	252.810	68.863	81.602
502.642	272.871	93.220	56.341
532.800	273.797	101.845	55.220
545.187	266.434	99.728	68.326
550.842	260.722	95.345	73.340
552.920	259.520	92.882	73.404
553.255	256.622	93.544	73.227
548.217	253.679	99.084	75.835
535.893	255.855	103.605	72.626
515.538	263.921	122.879	57.509
502.912	262.982	132.701	58.746
468.120	260.585	154.340	60.590
450.702	266.088	137.017	57.303
438.216	268.419	125.672	54.011
408.624	262.149	126.771	57.219
405.699	256.030	129.749	68.510
414.084	248.187	117.479	68.237
420.939	243.888	108.106	72.695
420.014	233.391	105.298	71.282
424.723	223.189	104.184	86.624
426.998	216.834	110.290	91.808
444.070	212.038	107.399	80.119
459.959	207.105	100.879	73.794
463.879	205.655	110.672	76.414
472.838	208.278	115.947	83.160
464.435	228.872	120.074	67.872
449.885	239.672	109.389	71.149
442.186	241.329	116.406	68.568
445.086	242.409	99.790	71.393
443.666	240.474	99.002	72.903
440.174	229.162	103.390	77.047
410.049	224.706	91.721	76.449
409.164	216.752	106.941	60.776
412.922	209.548	99.637	60.847
419.721	207.504	94.881	60.161
436.709	199.623	79.618	70.724
404.819	173.314	86.989	76.256
398.684	176.431	103.662	65.019
389.013	175.264	105.305	70.171
384.353	172.953	96.119	83.248
382.644	171.110	95.235	85.453
379.589	184.692	101.784	83.181
380.106	192.599	109.874	89.643
384.282	198.162	116.946	82.898
396.281	202.473	112.902	87.612
406.147	200.615	116.164	91.371
436.271	203.874	109.672	78.008
457.426	193.453	104.456	72.035
462.882	192.592	106.691	67.681
476.337	186.549	105.103	70.885
483.909	159.449	101.912	83.547
503.932	150.773	97.264	93.396
504.969	151.673	102.469	89.582
505.425	153.918	104.053	89.423
525.268	156.812	81.151	90.086
532.014	162.914	74.504	84.783
518.082	166.850	89.609	82.772
503.916	170.784	106.129	81.607
502.247	179.399	107.374	80.246
493.489	182.679	104.690	83.736
477.805	187.621	102.026	83.051
435.470	191.394	103.242	77.408
410.697	187.605	110.225	65.295
372.070	179.634	115.110	67.056
376.205	168.159	101.987	76.017
347.553	163.426	108.780	72.739
323.835	164.614	108.694	74.369
308.406	167.383	111.793	72.438
310.327	176.882	99.583	83.438
301.028	181.253	88.838	81.081
297.887	205.960	91.294	71.729
294.702	206.518	91.634	83.515
293.629	223.998	88.574	78.256
303.117	234.258	86.033	71.833
300.850	240.726	93.775	72.446
297.739	253.088	94.049	71.440
289.101	269.449	107.867	58.655
298.444	272.942	107.780	61.592
309.561	267.190	101.750	69.286
323.003	261.481	104.599	74.375
323.081	257.709	106.066	74.264
321.089	240.186	110.591	83.400
318.687	228.695	114.548	69.008
319.988	197.740	108.592	91.079
336.602	186.017	91.909	102.091
341.111	178.049	96.893	88.437
342.315	175.266	109.418	87.456
349.263	170.814	112.393	90.118
368.321	198.983	102.511	70.303
379.185	212.054	106.362	71.516
384.636	217.148	112.937	79.840
377.570	219.155	116.388	77.491
376.984	212.382	104.047	86.856
377.776	200.292	91.427	92.766
382.723	189.308	78.062	91.100
380.512	187.292	91.233	79.880
376.281	179.592	90.196	78.492
368.473	174.182	90.852	76.995
369.493	161.659	96.958	86.893
368.114	157.474	98.575	79.721
370.140	148.255	87.967	92.679
366.000	153.910	87.832	87.474
362.187	164.653	92.854	82.555
372.559	185.061	103.440	80.924
391.970	197.456	95.889	93.527
401.263	212.928	135.495	71.901
422.856	217.322	124.620	67.416
452.625	214.065	98.129	65.902
471.020	200.823	95.598	73.495
488.581	200.242	89.303	90.189
509.620	196.051	98.488	112.353
526.133	197.759	98.518	124.681
529.695	177.292	94.036	129.623
521.623	167.057	102.012	92.041
546.174	172.415	76.769	90.256
526.514	183.275	99.726	68.289
514.680	209.460	91.869	97.389
505.758	206.075	111.104	93.199
516.380	202.168	103.099	104.737
508.563	199.476	101.938	104.659
495.641	197.299	109.473	96.625
461.406	184.370	114.535	80.470
454.731	180.919	90.994	69.882
449.861	173.733	82.629	73.377
443.303	171.759	73.537	80.412
416.076	179.262	91.160	74.616
376.087	184.367	119.472	61.627
364.987	183.604	107.671	74.069
356.885	178.441	70.688	96.583
335.841	197.853	91.493	89.710
328.280	210.424	103.520	87.027
354.007	247.378	92.950	60.395
361.374	251.082	90.482	68.790
371.852	255.317	88.935	76.845
381.988	257.953	91.729	76.763
392.842	259.684	87.746	74.681
397.789	253.168	95.418	78.330
403.259	248.520	101.106	77.574
403.450	249.405	115.225	63.432
408.327	236.689	108.026	67.805
440.581	227.710	100.747	79.451
447.132	214.212	107.800	95.853
461.532	227.300	100.969	79.207
465.296	221.877	87.846	75.131
454.232	240.153	90.977	74.463
433.473	248.993	109.930	64.419
424.359	253.731	112.550	59.113
419.632	256.814	102.643	58.682
420.770	252.058	96.828	64.928
416.230	250.043	94.955	67.844
411.913	244.337	100.332	74.138
408.800	244.205	106.828	74.628
403.921	243.087	105.232	76.267
403.927	240.646	99.885	81.137
407.114	242.751	94.567	83.978
405.226	241.845	91.986	86.531
407.171	245.608	111.736	83.952
412.573	249.696	116.857	78.770
419.066	254.240	115.457	72.169
427.253	253.071	107.525	72.824
427.782	260.350	109.863	63.638
430.395	262.321	105.793	58.679
428.260	263.551	121.120	53.949
428.473	263.011	122.424	53.817
436.167	260.132	108.287	57.957
439.815	260.895	102.248	58.026
441.388	259.907	97.431	60.457
432.952	260.392	103.951	60.938
427.633	260.895	111.702	63.522
418.991	261.937	119.852	64.553
414.807	263.263	117.865	64.110
411.110	265.100	122.256	62.819
406.700	266.839	120.966	60.845
402.656	266.385	121.908	60.326
402.486	266.791	120.474	58.765
400.577	267.580	120.850	56.303
399.725	267.897	119.766	54.941
401.011	266.733	121.409	55.357
402.065	266.318	119.425	56.351
404.255	265.963	120.942	56.411
405.563	267.162	119.064	55.422
410.304	268.401	115.098	55.593
412.913	269.851	121.664	57.845
414.870	271.829	116.970	58.988
416.605	272.577	116.157	61.109
414.839	276.442	115.115	62.445
412.910	279.881	113.672	64.290
407.858	283.960	113.208	67.507
405.725	284.574	113.015	73.774
403.254	285.308	112.619	80.770
397.667	284.366	122.493	87.343
395.767	281.607	127.649	92.457
398.026	277.053	123.635	96.152
405.459	269.073	121.879	85.637
412.468	266.108	112.111	71.793
419.325	258.448	111.115	66.221
425.455	268.685	120.915	51.383
430.045	267.026	123.483	51.048
452.417	268.017	113.386	50.103
468.465	267.207	117.545	50.569
482.672	281.097	135.548	46.892
488.768	285.370	129.524	56.298
505.391	294.796	116.811	60.218
515.239	295.925	111.841	70.209
520.176	302.712	107.999	72.574
516.909	308.624	101.640	75.720
514.668	309.708	94.339	82.338
509.029	307.210	86.295	83.401
500.846	300.945	68.646	88.609
495.784	285.087	65.733	88.004
493.855	272.854	70.150	89.347
495.433	266.097	77.412	76.585
496.944	262.729	97.101	57.169
503.988	259.399	112.851	42.350
515.012	254.262	119.440	41.346
527.247	249.395	111.870	40.681
514.691	244.430	101.222	55.604
506.046	239.951	109.090	55.215
548.437	243.346	98.546	51.827
544.085	246.848	101.781	50.751
523.989	240.331	102.505	60.677
503.553	241.307	109.619	60.610
454.605	259.165	95.171	76.708
442.402	273.110	94.380	74.289
422.907	275.327	99.680	77.441
398.385	282.732	91.961	75.682
381.993	278.343	82.540	86.617
360.896	278.065	73.413	91.207
345.526	268.110	98.020	69.504
333.479	257.823	98.001	62.463
298.788	234.540	105.611	73.927
310.486	221.912	105.402	88.623
305.931	244.044	115.461	87.978
334.845	245.076	94.532	85.396
347.186	257.494	84.910	79.003
319.535	288.462	84.821	80.951
336.706	285.641	86.144	78.874
423.042	244.691	110.257	75.416
429.954	264.273	114.645	69.428
451.807	272.156	106.363	80.936
476.000	272.180	97.208	97.339
481.671	270.897	106.285	103.396
496.709	265.127	119.727	106.856
507.809	259.890	123.455	92.513
511.437	247.613	124.536	85.992
533.379	247.773	117.133	73.437
536.675	224.985	110.173	71.929
549.895	212.540	106.244	75.978
551.880	207.360	104.999	83.779
542.097	204.847	108.697	86.330
530.667	205.852	114.421	82.125
524.616	205.175	112.983	84.991
405.793	309.264	91.838	135.109
401.722	300.314	72.805	148.272
402.215	290.778	75.009	115.411
414.950	283.575	72.785	113.806
412.800	285.216	84.261	98.666
396.121	276.799	78.533	104.598
356.222	258.047	96.671	106.554
318.560	258.405	109.003	102.653
317.259	239.219	100.658	96.137
318.114	226.897	95.101	90.938
349.717	265.591	90.474	101.948
351.514	268.339	97.019	102.202
324.162	208.781	133.067	113.704
322.035	192.829	122.755	95.574
320.466	205.005	127.661	105.667
343.560	200.590	127.740	89.207
357.933	279.065	99.260	105.791
406.981	224.200	117.935	89.949
428.761	247.032	117.220	80.251
435.003	252.493	117.350	84.586
473.611	249.969	123.012	97.847
428.207	220.163	115.013	112.458
406.238	237.097	115.365	122.479
406.356	231.210	100.421	137.775
403.538	304.509	93.274	100.728
413.589	218.269	121.805	120.729
418.218	218.846	122.560	110.247
421.607	215.836	108.375	118.643
420.076	222.159	102.668	111.560
399.043	305.564	84.640	102.681
398.436	284.891	73.903	92.242
401.064	289.341	64.596	84.797
416.144	274.717	63.146	97.892
407.005	281.334	80.633	81.956
422.769	252.673	103.500	83.514
427.776	232.962	106.132	94.367
408.724	224.248	126.011	97.141
407.460	216.920	124.514	100.918
409.552	209.946	122.399	96.760
411.474	205.019	118.240	96.909
413.781	202.892	120.195	92.864
417.682	204.068	119.318	91.579
419.387	203.685	119.087	93.300
417.637	205.727	118.364	94.569
421.914	208.632	114.450	102.059
423.393	225.969	114.323	98.948
420.067	254.035	105.569	97.605
416.186	254.714	86.840	95.688
427.091	265.026	89.498	96.066
433.191	268.801	87.437	89.836
445.286	265.252	83.064	87.183
438.279	255.247	102.217	93.487
427.689	251.786	106.418	93.237
417.526	261.222	77.216	114.234
449.169	212.109	94.531	99.486
447.384	202.170	108.892	86.141
458.698	190.610	98.668	99.744
418.569	252.376	72.677	117.696
412.758	247.529	72.682	124.970
419.580	247.976	70.869	123.336
406.106	234.230	82.559	112.941
455.289	149.523	112.298	93.644
451.032	150.412	116.231	95.785
449.608	152.490	116.958	100.378
450.363	173.706	109.645	84.210
457.892	182.977	105.246	83.337
458.569	189.010	105.784	80.027
457.989	191.127	109.196	86.951
456.804	191.423	111.462	86.974
454.598	197.916	117.226	106.510
454.202	195.549	116.833	111.328
458.202	203.351	114.042	111.443
454.389	202.274	114.411	124.730
444.889	202.302	115.009	95.043
437.184	212.988	110.698	108.800
450.437	274.752	100.378	106.657
454.600	296.498	89.148	84.783
454.152	299.194	75.135	84.977
464.231	295.455	63.937	84.084
453.718	300.739	66.140	82.882
455.438	296.741	60.906	86.617
453.388	284.657	63.628	96.850
464.738	248.581	68.248	98.915
462.110	244.570	77.916	92.856
423.786	235.222	91.959	95.135
416.426	222.461	107.820	102.060
426.374	211.524	108.325	115.466
436.251	196.876	98.030	129.240
430.940	176.895	92.559	143.667
426.316	184.731	94.505	146.848
421.701	212.406	97.839	110.851
418.086	205.721	87.407	112.976
424.242	211.983	88.938	106.734
419.767	216.228	85.508	101.990
422.947	222.479	85.177	97.305
432.567	222.274	84.173	96.442
419.675	229.780	93.257	86.860
436.494	214.614	83.294	103.039
420.646	232.249	85.709	94.471
420.351	231.536	90.976	98.918
418.839	233.211	80.249	105.680
416.235	245.382	78.005	84.989
451.538	226.109	61.594	110.635
442.254	290.540	71.051	86.998
448.996	281.616	69.153	91.975
460.888	282.094	64.881	95.612
465.681	290.092	63.291	92.777
461.973	293.149	67.504	90.532
456.264	296.727	70.841	86.093
459.227	294.554	69.180	87.776
458.298	292.505	67.277	88.058
467.119	278.153	58.404	96.068
463.823	279.915	59.101	95.259
460.106	270.306	58.471	99.246
454.230	233.531	56.090	121.841
443.228	231.155	66.677	127.942
436.883	195.918	76.363	108.920
446.728	197.700	105.619	118.955
438.195	156.118	113.615	119.720
443.438	204.321	104.230	125.818
439.855	184.787	107.248	129.034
422.529	164.809	117.710	138.321
423.466	142.795	107.494	152.655
393.745	132.132	106.601	131.317
375.751	171.877	99.359	104.820
405.059	162.247	85.923	111.088
409.457	210.301	84.321	119.334
379.771	225.637	85.147	107.127
379.296	199.493	79.071	103.633
389.539	183.131	83.362	102.436
418.486	218.514	85.090	121.255
414.360	286.357	80.108	88.159
405.692	282.727	87.385	95.923
397.135	279.898	98.045	111.035
387.996	288.598	111.740	109.985
379.521	286.331	121.587	111.592
373.710	288.541	126.865	112.003
368.240	285.976	133.105	113.556
366.765	286.982	135.202	112.858
365.292	288.843	132.224	110.332
366.180	291.248	132.634	108.062
367.383	289.394	127.558	110.812
368.180	288.550	122.316	109.993
369.921	291.002	117.219	106.600
368.292	292.334	117.256	103.864
368.805	293.573	116.949	99.111
383.138	294.032	99.829	100.148
389.282	293.801	85.771	97.584
404.512	294.397	75.695	97.556
408.821	294.123	71.132	100.482
407.954	294.516	70.761	98.925
413.443	295.880	74.002	92.659
410.382	299.263	82.768	91.498
412.067	301.449	89.990	90.855
413.649	301.896	97.133	91.301
406.203	307.081	103.922	86.958
420.726	301.428	100.230	89.956
418.014	302.055	110.069	86.007
419.205	306.284	112.782	82.459
419.579	304.086	125.738	82.136
419.702	303.332	133.859	80.917
423.363	299.385	138.594	85.417
425.404	298.770	143.263	88.748
428.265	299.999	137.134	87.732
427.328	299.927	129.884	90.302
424.871	307.327	120.783	93.461
424.288	309.722	103.936	96.431
419.028	310.735	99.697	91.023
511.070	308.059	96.529	80.053
509.705	307.434	96.471	79.368
510.031	304.838	94.926	80.894
510.482	303.395	95.208	82.856
512.082	302.671	96.331	81.212
513.214	300.803	95.823	81.673
513.646	302.997	97.275	78.889
515.482	302.901	102.888	76.224
519.759	302.126	105.685	75.603
520.565	302.234	106.232	76.754
520.635	302.380	108.882	77.478
523.549	303.420	107.339	75.371
523.149	301.798	107.950	76.306
523.997	302.491	106.512	74.990
522.711	300.459	107.150	76.401
524.408	299.935	103.554	77.331
522.427	298.987	104.255	78.244
523.398	298.848	101.279	78.690
525.726	297.948	99.307	80.017
527.360	298.183	96.127	79.942
528.165	296.942	94.616	82.354
527.231	296.099	93.452	82.097
526.901	296.734	94.300	81.770
527.267	296.802	94.952	82.670
527.582	298.473	95.629	81.591
527.511	299.378	93.696	81.103
526.343	297.902	94.510	82.449
525.122	300.355	93.298	79.808
525.094	300.736	92.000	79.979
526.159	300.839	88.106	80.330
523.674	299.605	87.232	82.947
522.193	300.472	84.775	82.094
518.996	303.673	81.616	80.216
514.644	303.220	80.848	76.894
514.933	302.882	75.841	75.799
512.160	303.621	78.418	74.635
509.465	303.976	78.752	73.798
507.912	303.275	77.358	75.382
502.814	304.258	82.771	73.624
501.094	302.898	81.990	75.320
495.416	301.922	82.827	73.350
491.294	302.130	81.815	73.470
486.752	301.784	80.548	75.058
481.070	300.991	82.524	76.008
474.847	302.015	86.357	73.504
467.876	298.979	92.170	77.013
465.815	301.787	97.243	76.445
456.606	299.774	100.187	79.557
456.318	299.210	98.121	80.916
456.050	299.691	96.253	78.466
452.756	299.836	97.700	77.633
452.623	300.252	98.145	77.625
451.405	299.514	97.091	78.119
446.065	298.235	103.618	78.005
443.869	297.848	106.564	79.308
444.525	296.414	104.276	81.294
439.837	294.552	108.477	82.858
440.153	290.580	104.381	83.931
443.064	291.018	95.546	82.752
440.997	285.639	87.007	87.382
444.473	288.753	83.288	84.307
439.948	285.762	82.225	85.189
440.120	286.246	76.548	87.393
440.668	285.361	80.235	83.721
434.411	281.188	77.218	88.499
434.182	283.795	75.490	84.315
433.309	282.916	72.445	84.411
431.578	283.456	70.175	73.482
428.588	283.781	72.085	72.326
427.644	284.577	71.946	71.111
430.626	287.584	67.719	70.856
429.784	285.571	66.553	74.701
431.303	289.696	66.682	72.423
430.240	288.705	67.818	74.836
428.365	288.514	67.855	74.951
430.839	291.020	66.798	72.903
429.663	289.718	67.421	71.019
435.328	293.157	65.660	71.563
431.089	291.031	72.410	74.751
430.401	290.041	73.591	77.496
430.441	291.490	73.466	75.666
429.848	290.362	74.106	78.824
430.827	291.051	71.909	77.212
430.409	289.567	72.129	80.506
429.248	289.623	74.294	81.239
433.006	292.340	72.150	80.893
431.602	288.158	72.300	86.672
427.806	286.768	75.211	81.606
432.189	290.993	72.317	79.810
425.971	288.790	76.597	79.945
426.397	288.445	78.362	84.717
426.659	287.697	77.591	84.991
429.333	285.334	75.089	87.675
428.470	282.232	72.877	86.061
428.481	279.487	73.622	89.561
429.379	275.967	70.761	89.150
429.720	272.270	69.009	91.267
422.595	259.829	70.835	94.862
420.268	248.580	72.673	92.009
413.057	243.197	79.902	90.169
405.376	232.301	78.803	93.384
398.670	221.121	76.671	99.864
402.243	224.787	84.890	88.393
394.854	202.489	93.553	99.382
390.298	202.716	100.071	107.839
388.612	205.362	103.258	107.723
380.714	176.178	107.237	136.572
393.370	219.124	108.220	94.771
414.865	218.333	89.234	91.424
420.966	224.372	85.942	83.762
425.807	231.494	81.215	76.367
415.881	212.511	84.840	82.222
382.456	182.454	81.258	77.818
397.549	183.131	103.465	81.203
399.890	182.004	108.430	80.385
397.439	192.945	109.369	80.436
388.214	216.667	105.329	53.967
389.662	227.511	87.527	76.209
394.052	249.815	109.939	57.006
398.267	253.051	107.230	52.607
402.116	254.715	99.719	58.735
406.626	253.997	92.618	76.563
410.768	259.666	93.039	81.413
413.101	249.845	92.302	92.569
421.219	252.985	87.631	101.152
422.428	247.020	79.218	79.953
432.913	234.918	72.641	87.711
435.378	241.092	64.839	103.438
448.258	208.165	67.522	91.635
448.653	198.611	67.886	94.892
458.677	177.185	86.099	111.430
462.826	173.906	108.871	109.408
457.150	183.408	110.149	120.903
451.664	174.124	120.876	110.431
432.248	197.468	124.357	115.891
448.934	177.106	120.403	103.786
456.780	170.018	110.337	107.648
449.819	181.487	122.115	96.238
471.845	194.628	101.567	110.683
479.798	181.045	90.672	103.768
488.054	175.431	84.593	90.217
483.356	194.692	89.293	84.341
479.120	182.727	87.504	94.017
468.048	220.639	102.057	89.394
480.729	212.174	86.018	90.517
484.146	206.563	78.358	97.621
490.796	229.001	77.692	90.799
494.165	270.374	69.159	91.787
502.478	275.879	61.985	86.049
475.477	255.384	76.812	82.204
452.949	252.793	84.086	73.566
448.985	241.439	86.247	87.039
471.130	209.621	73.514	109.766
450.289	209.359	86.145	97.286
441.338	194.159	96.574	102.911
419.502	188.068	112.641	104.996
403.014	167.947	107.359	99.402
391.318	163.904	126.838	105.373
389.230	190.207	148.586	113.115
388.422	135.824	125.490	124.096
395.756	163.952	133.452	102.178
411.213	145.326	116.794	88.832
403.010	163.978	108.827	82.549
380.964	206.705	119.961	92.232
313.062	180.570	105.963	98.532
300.922	186.627	98.508	96.265
348.647	209.173	131.470	93.673
308.820	224.757	103.609	90.731
322.532	239.253	105.129	95.231
312.335	256.939	124.948	82.775
326.258	258.975	115.436	91.555
331.668	271.293	120.363	92.560
339.140	291.735	110.680	86.177
350.615	280.283	115.245	95.237
353.777	271.716	99.597	105.729
358.811	267.883	96.653	106.934
359.397	258.305	85.971	107.879
360.976	236.171	80.683	117.994
369.926	235.122	93.972	112.185
369.703	195.957	80.413	117.221
368.004	183.434	82.010	107.786
373.755	155.253	79.400	114.217
446.696	147.673	98.825	85.538
386.816	125.911	106.436	104.972
393.466	115.403	99.201	102.726
381.172	178.015	109.363	120.152
385.983	124.534	102.501	99.119
389.625	123.012	90.925	88.362
410.441	119.742	98.344	94.186
419.024	132.714	107.239	83.379
418.568	141.748	113.979	82.877
406.502	212.003	105.051	93.245
397.463	195.931	108.761	109.329
447.172	221.543	121.804	76.525
406.400	224.809	110.011	84.565
428.531	234.901	98.864	88.493
436.962	239.890	94.816	102.946
445.007	260.880	119.427	107.123
466.632	275.813	109.529	108.574
492.340	285.351	81.832	103.373
497.164	297.334	75.853	93.251
497.518	296.228	73.621	95.117
493.894	290.606	75.137	97.815
462.348	275.021	96.376	91.505
458.846	252.205	104.624	105.133
433.384	235.508	112.277	126.942
440.052	199.606	100.747	137.697
460.198	157.867	106.573	122.968
409.917	155.628	133.904	124.435
400.952	151.709	139.662	135.509
405.376	156.260	135.059	130.032
394.331	153.000	130.113	128.882
405.990	140.508	116.261	128.446
398.821	139.603	124.857	124.567
400.248	141.242	127.050	115.488
407.232	136.909	122.849	118.379
399.490	141.120	136.740	116.733
404.574	135.726	141.277	101.090
408.094	155.862	128.807	110.717
403.127	3.449	95.606	106.591
408.225	6.157	77.427	122.748
413.139	15.147	72.553	116.298
414.265	40.886	70.116	108.966
422.816	128.651	96.772	84.429
403.648	125.463	135.118	142.664
419.725	147.858	153.953	134.292
420.771	162.392	145.493	132.528
425.104	185.369	140.112	153.312
420.955	221.358	123.503	154.575
433.480	122.985	126.433	118.199
446.735	289.685	84.383	134.566
438.327	294.849	93.201	118.346
453.838	278.030	105.839	85.363
449.811	292.103	108.922	93.710
496.814	308.002	96.454	79.780
503.585	313.840	102.147	84.392
462.524	313.406	124.383	78.357
506.385	415.750	149.891	104.124
504.396	411.346	194.600	105.575
532.099	426.621	168.139	101.946
545.505	426.032	154.912	97.209
557.905	448.566	143.361	81.821
568.369	459.208	133.804	73.274
555.459	466.138	139.256	73.393
564.529	468.765	141.835	70.135
558.391	467.274	146.763	75.260
560.278	469.406	151.499	79.537
547.883	466.081	161.585	79.012
552.010	470.039	141.775	78.382
558.889	470.180	137.766	75.209
554.299	474.523	151.217	68.308
553.281	478.351	158.153	62.757
553.868	478.389	150.585	67.220
559.752	472.800	156.659	69.728
566.225	476.022	149.583	65.206
555.690	475.174	151.035	66.869
560.262	478.894	141.795	63.570
560.359	478.806	149.343	63.347
560.170	477.215	144.969	64.003
553.347	478.630	148.909	63.225
554.117	476.365	151.467	65.557
548.931	473.538	152.197	68.595
546.370	471.952	154.910	69.242
546.906	462.128	153.398	78.294
539.932	441.852	155.893	95.585
526.876	419.445	167.866	112.845
530.703	392.291	161.387	133.407
515.508	372.080	158.874	138.746
479.798	342.674	161.036	139.940
450.133	322.764	156.648	151.509
443.192	309.390	133.500	166.914
440.599	300.169	135.553	158.798
433.335	289.126	143.959	131.740
400.222	277.716	139.055	124.312
391.175	276.389	142.139	102.536
383.117	276.182	139.372	98.789
380.736	269.375	117.173	96.884
371.602	256.205	120.299	110.299
366.119	242.803	115.555	121.477
362.404	239.116	114.453	124.673
365.017	248.453	106.383	117.204
369.235	249.369	101.994	115.902
364.235	248.187	107.780	117.903
355.305	240.189	111.356	129.569
343.210	232.482	133.035	129.112
314.741	223.357	140.472	137.042
303.274	209.480	140.749	138.948
287.953	204.541	151.247	135.282
247.555	193.608	146.833	128.751
219.467	192.980	147.828	103.886
212.016	190.666	144.536	94.567
201.969	185.056	138.849	95.987
196.401	186.052	129.714	88.918
196.368	189.555	129.374	93.837
194.431	188.867	126.820	96.712
209.760	200.368	134.098	96.456
213.868	218.014	142.842	89.178
243.038	233.084	138.768	83.589
323.886	271.192	128.834	86.853
331.810	284.304	134.826	93.347
361.605	281.338	115.028	97.653
424.636	298.110	88.541	90.511
415.218	302.218	83.478	78.284
417.737	298.731	91.080	76.675
401.640	300.076	94.350	83.900
410.704	294.380	99.470	82.055
384.935	294.111	102.866	85.776
380.656	289.121	112.874	82.404
330.436	297.456	109.167	65.310
311.040	301.253	116.599	58.067
307.752	302.650	113.971	61.694
300.803	301.363	114.463	63.152
290.333	304.454	112.437	59.580
284.348	300.928	102.991	64.651
364.368	180.619	112.362	106.832
354.135	176.595	120.557	114.692
439.201	242.438	113.624	100.486
415.216	252.157	105.336	92.158
395.271	255.639	103.798	88.272
313.313	218.072	114.116	110.688
304.108	225.624	140.027	95.653
298.172	232.245	144.467	86.917
297.220	237.108	144.818	77.496
306.355	231.979	149.963	87.291
322.133	240.287	140.927	88.668
327.240	241.859	113.491	102.830
341.115	255.959	116.187	97.659
367.056	237.670	118.998	129.460
383.572	277.182	142.388	93.337
477.522	283.857	141.813	91.355
483.820	279.608	157.521	107.065
520.552	277.509	141.624	102.328
526.976	267.248	158.557	101.608
535.595	267.199	177.115	92.244
550.088	271.298	169.534	80.593
557.454	261.205	139.884	79.738
540.149	261.005	147.176	73.353
529.734	255.876	135.273	69.448
527.128	265.305	135.289	59.379
520.845	265.945	121.558	64.451
319.006	281.341	93.601	75.797
295.596	289.604	103.107	66.525
291.738	284.005	102.095	77.095
306.628	273.708	107.711	81.937
298.701	265.774	107.386	83.070
283.670	271.426	117.536	81.138
260.655	270.978	128.386	86.908
246.046	271.004	134.116	99.215
236.661	271.614	133.128	104.880
237.167	261.582	129.009	101.429
240.369	262.145	131.903	90.466
255.991	261.228	118.844	87.612
258.214	262.937	113.341	87.093
256.712	263.834	112.777	86.226
255.044	265.296	116.004	82.173
244.722	265.465	126.849	85.000
235.681	264.119	122.961	89.142
232.318	266.978	124.284	89.146
231.126	272.705	115.325	87.640
229.474	274.696	111.215	86.346
231.479	279.740	109.415	77.653
245.238	284.207	98.770	73.115
263.694	292.678	88.638	68.247
275.789	291.466	86.711	66.194
271.298	236.687	83.442	94.951
269.958	207.920	96.747	110.748
324.401	249.642	159.801	92.337
319.167	294.596	139.516	118.630
317.835	264.910	115.985	113.242
362.223	334.188	104.200	110.379
336.902	305.485	96.933	107.737
438.186	236.184	114.507	68.049
418.144	235.581	115.980	72.168
399.461	239.033	143.428	80.322
335.176	246.849	139.582	94.227
311.067	253.221	128.627	84.736
274.086	262.316	128.355	89.575
235.697	272.231	129.522	90.449
199.918	276.927	141.907	92.845
159.748	283.166	159.322	90.223
147.981	290.132	165.668	89.731
133.908	289.759	147.684	100.363
121.461	290.771	151.346	100.774
119.244	290.680	149.681	117.449
122.892	287.143	143.249	114.610
131.740	290.925	133.159	108.155
140.994	289.701	124.401	109.522
141.950	292.139	118.547	105.888
142.537	290.540	122.356	109.896
146.957	280.201	115.667	116.739
149.579	273.748	116.711	122.153
153.846	268.069	122.327	120.049
154.805	250.879	128.529	133.765
163.444	232.735	119.844	130.765
223.787	217.131	144.173	116.448
222.648	188.015	150.505	122.420
196.046	162.839	118.210	135.806
215.953	178.026	152.455	118.173
231.783	163.621	144.133	134.609
245.737	163.777	141.971	134.943
256.520	161.818	139.044	133.869
257.970	158.643	135.222	136.054
268.842	139.531	135.530	143.100
289.131	130.085	124.318	153.680
276.002	195.192	141.520	115.167
277.142	210.358	154.647	90.346
293.509	214.174	146.997	86.260
320.176	211.508	128.448	83.444
353.137	214.876	96.204	77.086
356.140	221.921	94.115	69.187
369.311	225.787	81.613	76.063
349.564	238.108	102.041	83.176
388.760	229.277	70.411	68.708
328.109	256.844	74.638	76.663
330.445	246.060	72.658	87.890
334.537	225.090	79.994	89.067
370.828	215.642	95.011	81.609
365.460	208.897	100.528	86.623
360.070	204.324	102.299	89.172
348.970	179.389	109.383	118.051
355.324	171.868	113.389	118.609
353.553	165.794	115.993	122.600
335.490	138.930	134.409	146.021
356.951	154.234	115.887	133.853
358.026	163.428	115.434	117.298
328.872	111.700	138.845	153.574
349.742	164.399	123.872	118.009
344.508	184.628	134.465	92.516
374.444	185.432	104.390	93.762
349.153	194.872	119.910	93.210
389.074	202.831	85.708	78.931
354.673	220.456	84.900	107.035
353.414	254.301	90.695	81.347
388.090	270.847	67.259	82.471
396.032	288.176	61.564	81.121
399.197	290.546	59.510	83.634
398.571	290.651	62.783	83.463
399.067	290.122	63.108	83.995
399.343	283.657	64.108	87.175
401.264	272.497	61.501	89.138
390.678	252.690	65.596	77.782
381.020	224.881	67.546	90.191
379.549	193.060	68.781	115.068
370.505	167.973	90.538	109.640
367.265	141.160	97.286	126.410
304.484	110.472	129.589	122.112
286.689	111.360	127.263	136.039
288.782	101.918	114.319	122.935
341.469	25.049	99.913	147.471
348.297	14.350	96.446	131.760
354.045	18.279	108.008	147.420
299.193	115.138	133.582	132.769
295.194	136.361	138.052	128.759
285.093	131.523	126.885	130.612
333.372	100.388	152.526	117.804
355.244	102.945	138.669	124.873
346.099	112.853	155.475	140.354
336.728	127.718	192.907	158.227
331.823	131.287	213.681	156.781
355.585	157.467	227.933	137.086
372.935	184.096	240.655	174.818
361.813	216.994	257.435	171.438
349.865	179.719	236.463	184.825
307.826	164.104	211.640	176.115
308.606	159.868	182.103	157.984
312.941	161.650	184.916	157.169
295.378	145.700	187.458	140.566
313.747	156.081	212.678	164.310
327.658	131.952	184.174	168.583
301.979	63.132	199.786	178.480
284.159	66.018	249.285	200.307
277.426	29.824	239.813	183.326
283.618	21.707	230.401	190.797
260.154	12.940	232.299	203.594
266.424	35.514	256.120	189.192
280.051	44.142	261.630	204.834
265.051	40.814	268.509	210.291
260.287	54.385	262.901	194.176
292.069	113.184	285.425	166.372
323.297	125.361	233.246	158.721
321.723	152.376	238.981	148.551
301.202	74.383	193.713	173.880
305.513	41.403	188.183	186.984
319.164	56.813	171.706	197.226
256.408	57.875	229.533	183.495
256.238	107.531	225.363	138.699
146.601	146.101	175.938	172.004
128.206	185.691	152.353	140.885
151.202	197.743	150.243	136.210
154.883	222.857	137.579	114.269
161.927	208.958	128.788	126.378
172.639	201.088	142.527	130.839
153.843	189.401	137.853	134.885
155.967	177.646	153.613	140.370
133.744	155.737	162.638	149.167
122.149	193.725	170.693	112.580
124.524	162.327	147.138	158.120
103.484	158.343	159.475	145.181
123.131	182.777	141.250	125.137
100.678	154.216	151.482	147.029
114.451	190.983	139.797	112.497
120.062	192.520	127.131	109.140
115.552	188.019	131.684	113.068
111.842	177.500	135.866	121.648
123.293	210.106	135.048	93.328
130.995	202.628	113.582	102.443
135.124	212.380	117.743	93.201
128.169	203.167	120.357	102.517
131.499	203.032	129.086	102.528
140.521	227.950	141.094	78.996
134.293	213.397	136.600	93.486
126.106	197.984	134.744	110.481
137.758	203.005	142.087	104.462
109.718	184.323	152.922	123.986
113.394	182.708	163.930	126.979
116.723	187.930	168.972	122.460
135.555	194.023	152.102	115.587
109.527	165.283	157.541	143.733
114.294	165.388	174.646	143.802
121.168	188.675	167.646	122.774
134.662	192.864	151.554	117.592
139.111	192.460	147.624	117.547
128.569	169.541	157.705	141.870
127.553	187.347	163.657	125.253
119.863	160.656	174.107	153.408
111.165	166.846	177.243	149.456
112.930	164.224	193.831	151.916
107.865	147.612	189.032	167.830
103.037	153.616	195.009	164.815
104.366	147.764	201.306	170.184
108.368	157.364	200.261	162.109
113.050	148.906	191.301	171.554
114.922	153.725	188.148	167.697
112.600	149.500	189.658	172.864
112.592	151.150	192.572	171.726
112.857	153.513	194.060	168.383
112.711	147.474	190.130	175.727
119.567	147.099	171.972	169.658
132.541	128.581	165.169	182.411
117.658	132.094	155.700	180.779
158.687	31.959	157.239	195.022
180.358	10.546	168.039	213.418
177.847	29.497	203.285	205.698
175.312	37.322	212.254	187.593
199.401	16.486	225.619	173.464
205.191	24.492	183.670	172.301
173.854	65.866	174.315	205.698
168.019	42.870	193.033	202.538
177.533	63.219	190.876	178.310
187.327	77.418	176.462	175.184
185.205	104.623	177.484	143.857
187.017	113.316	177.088	135.684
280.478	24.437	141.314	216.431
300.737	12.519	128.362	225.186
253.929	36.801	147.689	241.318
247.946	13.227	154.323	211.500
258.964	90.018	144.302	189.042
279.708	243.557	144.028	104.393
290.713	243.423	110.782	107.118
304.562	220.629	104.291	110.559
299.926	187.627	117.409	109.428
278.474	122.183	120.560	146.153
271.755	48.742	146.044	169.868
214.568	31.090	172.684	170.610
255.557	27.184	197.424	204.895
268.551	22.270	190.628	205.363
276.405	16.925	193.723	205.046
276.040	18.567	208.507	210.240
261.989	14.739	228.792	213.812
265.017	21.600	225.990	208.986
266.029	19.617	223.012	211.034
261.989	29.675	228.961	197.772
256.117	45.093	232.690	183.637
254.118	69.980	237.169	161.269
244.820	79.750	244.454	154.239
326.760	92.157	161.978	152.826
335.318	111.504	137.651	158.044
331.749	131.055	123.982	165.395
311.554	158.333	121.041	175.821
328.855	185.890	106.346	180.088
308.614	215.649	133.257	164.091
332.839	217.131	113.549	158.523
308.612	164.513	138.308	154.687
85.751	29.135	163.809	166.518
174.460	0.000	146.928	134.173
177.551	32.024	160.102	105.936
162.841	26.011	181.690	124.406
223.289	68.686	131.796	156.458
230.080	61.668	121.361	160.376
232.031	66.317	116.173	151.961
213.698	75.990	132.307	148.463
223.816	84.355	122.212	136.582
217.648	81.637	126.021	141.492
201.448	65.124	142.221	157.106
202.661	72.694	130.231	161.930
181.514	54.876	129.098	154.693
209.269	65.816	103.125	152.693
197.591	112.562	105.445	148.945
184.969	115.982	121.198	113.258
185.978	128.937	121.956	109.461
192.943	125.036	122.061	111.113
285.979	162.014	118.835	114.038
255.693	181.998	156.663	108.522
242.433	134.510	144.468	131.168
228.832	157.971	151.391	125.019
230.046	176.061	176.170	145.488
233.065	190.766	170.215	157.298
224.786	228.458	152.353	134.189
203.318	212.644	170.686	141.768
204.199	227.510	165.135	134.059
211.865	187.294	184.043	162.869
241.711	153.269	165.751	184.192
233.862	164.596	174.109	168.154
231.741	146.142	186.416	165.793
190.114	137.777	230.031	157.582
277.826	92.990	182.108	183.770
260.358	78.329	205.506	166.496
255.015	67.075	206.128	165.306
289.085	46.381	195.885	153.656
302.284	42.198	182.294	137.612
318.627	25.424	170.568	133.757
292.811	19.702	190.613	144.493
278.019	49.917	205.063	120.777
310.477	46.690	181.113	118.054
330.119	64.384	172.998	118.973
339.556	57.917	146.359	128.177
318.498	84.697	167.799	145.593
311.073	85.481	180.310	173.601
327.376	131.628	174.235	180.602
334.838	152.632	164.113	173.234
39.640	50.534	172.571	188.646
285.662	204.347	195.009	166.723
293.903	202.834	203.124	177.268
296.114	202.968	198.598	178.286
299.279	201.042	201.355	174.276
308.146	184.665	186.036	171.175
283.503	170.965	209.590	152.123
341.958	148.482	180.169	156.952
339.753	108.199	179.373	177.908
343.082	97.997	186.284	189.705
352.133	98.774	220.770	174.439
372.015	69.699	205.851	169.981
380.644	115.501	215.575	142.078
394.659	121.172	209.489	151.345
398.868	126.786	202.785	162.471
401.016	154.022	171.234	174.507
388.685	193.401	171.709	140.547
412.505	213.422	162.196	165.105
386.821	220.612	166.946	156.640
386.738	210.891	153.744	162.477
362.154	220.870	152.594	154.295
365.621	214.660	151.178	165.112
368.096	204.929	141.246	175.019
368.579	200.315	133.173	164.253
370.125	184.923	115.624	169.501
365.763	163.116	120.600	158.210
371.485	164.586	111.839	142.119
374.755	157.991	115.060	135.388
301.606	148.582	109.358	126.671
336.612	146.887	145.461	132.314
342.709	134.442	160.313	143.789
318.576	126.250	195.193	153.610
327.280	105.423	185.441	178.508
308.132	112.163	199.013	152.071
329.344	178.030	185.151	113.914
357.328	170.260	147.831	131.082
365.242	176.202	131.724	144.644
370.432	202.206	122.382	136.460
373.501	219.502	111.847	116.008
373.160	231.733	92.020	141.634
363.249	240.464	78.599	138.355
358.604	251.411	78.662	132.341
363.588	263.423	71.907	118.005
355.689	236.381	71.711	138.958
340.385	238.096	86.921	140.677
341.483	240.044	82.952	129.951
333.239	217.385	94.376	132.875
371.085	198.953	96.256	110.958
376.767	194.091	88.989	103.906
353.714	172.227	110.967	118.904
333.953	160.048	129.789	130.126
333.451	96.809	124.416	177.416
324.333	89.721	144.285	194.674
323.228	77.281	146.748	213.212
326.626	62.324	160.598	206.645
332.400	57.417	139.638	224.080
331.701	134.407	157.290	153.125
333.723	193.232	152.664	105.931
338.578	207.479	155.270	91.384
340.743	210.442	154.580	94.274
351.700	210.012	147.911	98.715
363.335	238.310	118.480	86.242
391.378	248.911	87.950	119.995
407.619	250.362	79.839	134.403
406.001	269.015	94.842	124.406
408.401	268.776	97.740	130.461
440.001	277.834	79.360	144.005
456.460	282.623	73.344	139.448
464.604	280.011	70.536	143.293
472.681	268.372	72.153	147.371
481.774	263.727	70.603	146.412
488.146	255.443	76.980	123.749
493.902	244.326	73.267	128.268
497.167	230.320	77.295	132.366
500.938	223.058	84.897	127.830
502.989	217.760	90.361	119.946
509.175	202.945	87.286	113.523
519.267	200.821	83.887	102.465
497.222	193.422	102.753	101.250
477.119	195.767	127.268	101.347
455.406	185.148	137.610	109.224
450.281	208.720	120.275	95.741
451.253	205.323	119.187	112.983
488.915	240.502	108.616	109.141
508.040	247.695	111.329	106.085
514.210	198.518	100.202	139.808
457.875	119.505	100.810	116.651
477.565	210.563	107.489	120.305
490.847	215.933	94.198	132.232
478.948	228.761	89.045	114.783
469.096	227.785	80.621	120.910
440.777	210.148	89.159	123.756
434.994	196.216	90.174	115.943
426.726	185.542	93.973	102.536
411.582	183.909	101.538	98.279
406.811	178.195	103.569	99.246
400.112	137.449	92.057	118.036
395.549	87.951	81.934	137.134
375.608	185.604	145.199	96.935
362.432	188.729	142.416	103.363
348.940	192.409	139.488	106.513
346.515	189.799	114.044	100.388
336.670	194.448	101.646	91.025
341.677	183.812	90.674	99.046
332.972	200.791	88.527	86.188
336.806	206.029	88.886	79.631
358.651	219.305	74.836	117.762
361.786	228.098	77.283	115.321
365.122	240.726	75.104	109.713
367.852	247.774	71.886	109.384
370.899	264.597	73.540	87.854
382.308	257.136	72.442	87.978
390.648	244.985	83.465	91.751
398.548	221.473	97.450	97.480
376.669	203.777	112.252	77.192
390.555	201.335	115.421	82.601
405.193	193.695	104.648	85.463
409.734	193.669	105.836	84.862
415.746	194.194	104.727	84.111
433.618	184.851	107.977	98.193
433.759	191.934	123.874	84.626
446.214	193.064	138.983	81.774
451.630	197.525	135.603	80.494
452.196	198.255	140.488	82.528
462.683	194.048	133.721	89.919
465.785	198.031	118.978	82.139
474.684	199.749	103.535	83.310
579.697	206.019	80.841	125.808
573.555	210.802	85.506	126.109
570.933	213.338	87.246	123.594
564.961	213.799	91.665	124.384
552.826	214.025	98.065	127.787
549.341	209.997	100.855	135.454
545.110	207.869	107.507	114.972
537.791	212.397	112.133	127.402
533.070	220.527	121.231	119.666
520.334	213.333	128.515	123.699
490.339	213.600	136.436	132.144
517.930	201.444	104.995	141.858
512.196	226.738	108.384	122.411
501.765	234.317	101.592	113.593
491.161	249.262	97.910	101.897
505.171	255.803	80.862	98.622
489.572	255.808	87.285	104.141
461.412	256.243	95.573	97.991
367.871	255.088	110.458	84.134
383.943	266.477	99.481	97.672
361.041	264.901	107.388	103.995
332.562	276.079	129.141	105.237
313.135	272.383	140.397	119.007
296.418	274.076	138.213	125.653
270.325	277.569	158.009	120.587
264.725	274.353	142.686	117.070
259.866	276.521	109.994	114.116
255.444	275.120	113.684	106.990
253.274	277.559	110.422	100.317
254.370	272.940	117.168	104.804
257.532	270.421	123.891	102.323
257.850	269.069	145.497	105.396
260.523	271.559	153.833	99.608
278.357	276.827	142.934	95.786
297.348	277.002	127.832	96.241
319.017	281.577	114.629	91.223
320.520	278.268	110.466	88.685
330.329	277.068	100.076	76.406
327.745	275.695	98.159	76.725
324.770	266.877	101.943	86.722
314.520	262.336	110.697	94.182
301.508	274.257	119.314	92.251
292.650	282.283	119.562	92.755
283.941	284.011	101.579	95.875
261.900	289.912	146.030	96.786
240.386	290.615	125.491	106.177
231.563	296.070	132.581	96.812
233.073	291.285	145.503	97.617
234.264	289.268	170.574	94.614
252.454	292.031	169.818	88.145
346.289	281.897	117.594	91.250
361.201	278.940	105.083	83.469
390.402	273.336	101.657	99.112
416.434	265.015	141.805	101.554
454.954	264.456	148.835	111.974
451.241	258.254	146.771	120.910
466.173	252.898	124.583	128.802
478.597	252.588	103.378	128.468
479.793	255.774	97.743	124.694
481.799	255.459	75.376	118.630
485.020	261.623	68.376	109.141
481.901	265.410	70.252	103.634
470.896	263.267	86.237	106.901
468.974	263.669	99.434	108.501
478.436	206.037	101.786	92.937
469.087	203.197	123.122	86.615
365.593	259.243	106.112	107.657
309.192	262.414	114.785	105.244
267.593	264.642	141.939	99.887
230.330	264.676	170.488	91.219
213.325	257.832	164.396	105.581
203.905	252.894	146.124	108.919
197.954	250.542	139.562	111.032
199.865	250.406	136.939	110.533
205.123	248.140	140.047	115.792
230.941	258.781	145.669	106.328
274.267	271.118	101.582	96.100
285.236	262.309	92.378	90.411
284.478	266.381	96.724	91.320
268.907	270.435	113.406	83.388
272.032	274.994	125.150	79.478
262.168	280.759	103.646	73.034
252.756	284.233	103.734	81.093
232.169	288.308	118.177	83.654
199.479	275.166	139.457	97.074
175.585	276.241	160.138	104.747
156.488	274.518	158.657	106.199
152.204	277.887	173.327	105.679
158.488	274.989	176.143	96.797
202.112	265.168	144.967	102.117
247.467	271.776	143.337	97.162
316.239	268.086	128.043	116.740
333.166	267.390	167.929	120.603
365.209	261.104	177.245	132.676
393.876	264.305	165.776	137.741
398.558	263.879	155.210	144.086
408.261	265.466	141.416	143.276
417.320	262.101	129.171	148.679
420.978	259.522	113.480	146.894
434.605	261.516	106.481	139.807
436.124	260.252	121.244	135.222
435.365	261.433	138.816	132.072
424.347	259.916	152.298	132.404
424.787	268.798	161.038	111.245
408.585	265.127	161.243	107.911
263.507	266.356	164.248	83.370
231.605	263.787	150.962	77.409
221.232	262.185	149.009	96.206
198.734	259.276	146.130	96.782
189.869	261.148	174.635	96.896
171.232	251.828	152.450	106.339
183.142	255.007	156.121	94.831
202.669	258.666	161.463	82.609
223.940	264.621	155.685	73.559
273.484	265.820	123.225	72.248
306.003	263.395	109.581	72.338
321.863	263.069	90.029	87.121
321.630	258.760	87.656	90.987
318.383	260.035	90.388	91.014
305.660	265.967	93.509	87.666
293.176	268.736	94.834	101.864
275.234	280.813	84.098	103.602
256.883	281.291	93.303	114.796
220.093	282.704	121.038	114.258
194.641	277.635	142.561	129.539
172.762	275.177	157.011	123.698
149.724	271.555	174.318	114.320
148.432	269.126	167.992	110.897
151.817	270.114	173.294	91.116
158.065	267.446	172.085	84.191
207.426	249.817	156.439	109.980
272.127	244.936	119.012	134.824
289.894	248.318	136.904	126.756
310.799	249.840	146.056	134.672
322.561	254.062	146.979	138.309
323.474	252.249	174.592	148.065
329.108	250.840	183.169	150.462
332.515	252.390	170.079	144.719
328.403	251.592	142.204	133.702
328.237	257.284	110.748	172.007
327.857	250.459	114.339	140.258
367.543	249.597	172.347	100.522
339.328	249.645	112.463	138.088
343.985	254.730	94.143	131.912
353.787	253.394	104.756	141.699
364.547	255.887	120.220	140.934
351.740	268.450	180.541	145.848
350.188	256.234	181.002	167.982
356.681	249.222	173.726	155.012
351.236	248.531	178.154	156.553
336.690	238.323	174.132	147.015
353.887	232.289	158.070	151.304
353.336	216.977	158.470	161.895
349.632	212.817	161.683	145.287
343.919	217.006	164.960	128.618
336.319	212.806	167.098	115.997
320.585	216.649	179.955	103.097
322.603	219.294	170.623	102.464
318.687	219.376	188.974	107.468
306.710	221.347	185.184	112.568
293.363	238.764	166.108	108.701
290.787	238.254	149.452	112.630
288.424	240.576	140.156	114.405
284.782	248.501	142.926	153.244
279.808	245.622	152.965	157.828
265.409	243.061	169.438	162.023
258.265	232.590	173.163	164.240
248.414	228.323	181.685	158.646
234.202	225.671	194.688	161.043
228.512	215.433	204.904	156.541
232.642	201.449	210.228	166.264
231.604	220.353	197.969	134.071
255.847	237.961	186.031	117.144
251.167	244.253	171.174	145.716
249.814	253.515	166.438	158.058
251.905	256.835	164.274	171.790
252.668	250.051	164.684	189.291
245.614	249.684	178.557	187.830
244.205	242.370	214.107	189.650
246.068	241.210	192.232	193.235
259.408	240.022	200.385	188.107
306.702	248.172	161.667	184.592
321.527	234.118	145.217	203.640
322.847	241.448	151.139	178.183
331.915	235.170	157.611	179.184
334.970	231.097	164.043	181.832
336.276	230.779	181.553	182.937
337.907	236.502	200.280	179.227
340.494	243.178	220.086	182.588
340.228	243.824	228.201	194.370
335.074	237.153	226.635	200.309
304.488	224.369	217.127	202.889
289.090	219.715	196.504	198.712
286.746	207.864	199.869	199.893
282.921	215.459	199.641	192.342
281.156	215.059	207.572	193.675
298.174	207.603	191.869	201.421
310.350	209.165	180.623	198.359
332.740	212.364	143.348	197.725
344.534	215.914	126.032	193.902
333.828	228.689	126.111	188.808
326.479	225.253	163.770	217.819
310.161	223.856	183.716	218.303
292.875	220.788	191.811	186.836
270.390	209.848	191.394	181.999
267.861	200.418	175.594	183.796
276.918	202.888	160.899	182.699
286.165	218.123	150.674	161.428
272.464	227.840	172.284	164.831
256.063	228.184	207.017	179.226
254.155	218.732	203.528	193.273
256.237	221.260	189.314	200.105
252.762	229.092	190.466	196.095
317.633	229.826	161.273	225.425
320.314	225.483	186.933	221.798
325.710	223.141	195.663	203.823
338.204	212.451	173.821	195.408
303.648	164.714	190.617	201.500
277.140	135.661	215.319	220.211
272.337	134.819	233.166	219.265
270.584	145.942	225.602	219.998
279.600	164.547	175.880	237.112
284.925	203.004	179.735	205.263
328.426	229.673	200.854	252.195
276.562	224.912	271.711	243.624
287.768	222.454	272.297	252.562
288.527	213.733	298.108	260.415
282.986	202.887	311.904	269.995
282.844	209.785	291.469	228.660
294.607	209.567	265.117	216.133
280.194	212.933	238.241	219.078
337.090	207.689	243.650	175.867
350.508	224.676	249.007	166.895
352.354	225.969	269.717	177.080
331.834	234.367	292.626	186.155
351.989	255.075	298.689	190.352
435.839	251.030	224.914	229.440
438.221	251.095	232.424	244.873
439.627	240.954	231.684	251.550
432.227	238.257	238.347	243.271
408.281	243.191	251.734	228.493
371.745	253.372	270.128	233.553
340.147	266.303	297.769	230.860
331.033	266.963	287.833	252.852
323.028	265.683	306.855	267.342
317.538	261.216	297.972	280.263
301.746	250.755	298.600	297.506
286.725	245.861	304.188	302.661
267.486	243.655	331.504	306.970
260.238	239.789	339.939	316.287
260.511	247.554	337.241	313.736
262.857	258.154	345.484	309.700
270.438	263.427	340.452	301.299
275.364	259.612	329.736	300.764
279.466	259.911	306.738	296.570
285.037	247.085	278.379	308.291
301.085	235.925	264.276	327.709
310.745	229.879	253.993	336.355
313.371	226.725	252.990	343.206
313.261	226.037	250.541	345.022
309.330	233.648	249.372	337.692
306.790	221.293	245.538	352.444
300.989	227.701	249.733	344.790
290.992	226.056	253.577	342.943
279.950	224.194	245.374	345.446
278.635	230.703	245.387	337.368
279.838	239.775	253.968	331.373
273.741	242.886	316.026	327.499
271.156	241.604	342.579	330.521
262.347	249.235	363.136	314.381
257.352	238.914	362.530	314.686
251.764	224.714	337.210	324.034
246.370	219.766	337.173	257.896
209.552	199.511	361.396	279.505
235.499	193.407	339.690	286.047
237.089	189.714	315.490	281.524
244.218	172.788	287.359	296.465
221.299	182.066	277.686	323.612
236.169	198.870	286.188	352.237
228.183	226.672	252.743	305.962
280.570	231.819	344.930	261.099
243.740	217.166	383.436	283.235
237.347	191.083	378.509	304.743
219.147	173.329	381.940	310.078
210.772	171.237	373.291	310.984
216.646	172.270	371.870	295.877
213.304	170.854	320.966	267.342
197.951	169.881	315.470	267.102
182.791	162.101	323.074	281.855
200.935	177.018	294.372	278.614
242.722	211.368	248.017	247.963
259.779	241.662	240.864	234.571
279.618	234.919	228.033	253.343
279.407	227.951	222.155	303.505
296.250	223.321	240.336	257.720
297.101	226.104	245.383	237.443
299.896	228.671	253.297	185.748
311.672	236.143	314.564	133.169
321.209	241.592	322.818	125.141
336.185	235.179	313.454	133.154
332.215	231.002	322.878	176.835
432.658	235.535	283.168	195.694
380.325	230.425	324.836	213.540
395.598	228.045	272.311	205.816
354.617	230.508	288.006	204.639
333.424	234.617	288.805	196.659
319.386	229.550	195.998	272.881
327.473	232.934	183.634	289.321
313.209	230.896	183.649	232.570
292.025	236.522	201.219	217.520
283.971	236.787	194.217	218.300
278.214	239.711	184.928	218.919
290.237	242.937	162.835	220.577
294.662	249.284	156.763	227.982
294.230	258.272	158.438	224.879
305.072	264.983	151.731	221.203
310.416	261.041	165.853	228.180
295.948	250.034	182.903	254.543
272.983	255.870	225.939	240.768
264.750	256.603	238.971	214.283
256.247	250.676	261.246	214.252
256.184	265.362	257.548	202.588
258.640	273.447	254.546	190.123
260.153	277.384	256.373	179.508
265.987	276.487	247.257	185.222
278.423	268.916	230.781	200.065
330.868	251.685	172.030	222.438
343.223	245.636	152.609	255.614
352.562	239.877	142.468	236.991
363.513	225.615	142.722	180.954
372.701	224.172	136.950	169.277
355.211	204.951	192.200	147.989
336.946	194.407	216.455	140.942
337.190	192.696	229.365	134.083
343.513	202.851	232.545	122.224
344.837	209.347	216.047	122.084
356.793	247.632	158.779	96.885
348.752	255.340	184.700	83.551
343.006	251.624	209.656	99.038
358.785	248.117	214.036	129.892
375.600	246.122	210.744	167.348
399.860	225.448	184.862	201.980
399.934	211.060	179.132	160.702
397.813	207.921	182.442	129.951
385.778	189.785	163.230	141.720
390.108	181.016	157.049	132.831
402.383	154.781	157.812	118.664
421.476	103.607	144.541	159.548
428.633	101.485	175.951	158.071
406.490	115.477	193.194	159.724
404.290	113.558	190.354	157.178
404.718	99.195	175.750	177.008
380.540	164.347	160.813	150.439
387.538	182.504	144.363	158.299
411.545	116.028	160.547	166.792
398.272	144.997	177.932	158.201
359.067	181.880	174.870	137.416
344.217	211.024	138.960	129.723
339.083	215.408	126.199	169.419
302.764	219.982	120.361	177.139
268.747	216.785	129.707	167.944
221.952	207.605	145.797	157.257
193.078	197.393	157.559	155.838
187.940	185.455	163.168	150.022
194.478	176.520	177.104	139.788
187.478	165.697	194.921	117.937
204.205	135.474	189.256	119.879
237.814	124.868	173.696	130.710
290.300	110.033	132.913	155.504
323.358	92.324	113.695	178.530
348.994	102.668	168.313	169.963
367.270	121.181	169.846	190.231
366.610	182.915	175.818	164.804
353.421	224.434	179.108	136.898
346.626	233.887	156.836	140.109
330.934	245.418	127.609	135.901
282.946	238.673	121.208	151.407
245.451	229.828	143.194	129.462
226.342	220.157	161.650	114.199
211.803	201.343	161.214	123.326
230.849	182.765	166.498	106.828
253.765	147.674	161.799	116.184
274.458	128.355	143.844	133.623
319.492	111.859	113.123	148.830
333.105	113.843	114.214	146.189
345.781	106.426	108.915	157.930
369.678	122.726	186.460	146.130
399.661	126.924	178.719	151.510
435.790	115.105	160.293	184.660
436.003	148.384	150.157	160.196
438.346	136.538	155.963	189.336
402.560	237.758	140.574	123.851
404.552	247.376	115.934	149.586
366.138	248.185	149.815	138.104
346.338	240.040	169.655	149.120
328.484	235.763	177.136	154.908
322.615	213.562	161.779	179.306
315.022	208.084	140.913	152.599
316.765	204.207	148.745	98.096
310.042	200.839	167.131	86.107
286.347	171.772	182.243	121.480
293.203	157.455	174.653	146.852
298.771	150.708	180.252	153.291
333.079	149.868	167.131	140.145
353.041	144.324	149.446	139.880
395.968	131.127	135.171	145.669
414.672	136.507	129.268	152.014
400.356	199.747	148.141	115.576
388.519	241.706	149.211	107.777
385.562	239.563	87.054	136.165
410.365	241.157	122.932	114.371
372.623	236.158	119.329	117.063
360.491	237.210	106.219	124.603
332.179	242.420	122.043	122.198
303.998	236.812	150.788	126.497
273.057	229.143	162.876	136.422
238.833	218.412	149.586	146.149
222.987	211.115	142.209	141.555
210.347	212.665	147.457	132.949
198.547	211.235	159.709	118.133
195.346	210.533	168.982	108.283
202.216	207.164	170.038	98.443
217.957	198.757	176.765	95.906
247.222	191.071	172.209	86.075
271.259	190.879	150.158	85.304
323.438	194.658	109.388	80.327
339.987	193.726	124.565	79.336
400.193	238.022	133.442	69.399
433.813	258.147	114.097	58.518
461.824	265.094	107.043	90.038
464.347	271.084	111.967	94.478
461.881	271.009	103.721	99.969
394.686	250.268	97.176	109.227
373.268	243.471	93.697	82.705
375.665	245.797	79.793	104.712
360.359	243.030	102.800	124.530
327.899	238.490	150.233	134.540
305.600	220.498	144.547	155.350
291.207	214.987	144.359	152.099
289.294	209.523	139.745	140.848
275.828	205.058	145.734	124.639
271.483	209.792	154.330	111.128
282.776	206.542	153.563	74.861
279.398	196.926	160.006	73.542
268.915	191.846	185.857	75.266
282.781	181.547	177.045	86.921
289.350	176.904	193.156	97.121
344.996	170.744	149.149	125.663
375.531	177.486	157.676	125.465
408.595	178.476	152.500	138.032
440.441	177.779	136.097	138.792
459.755	172.127	136.601	143.765
465.561	163.245	158.738	132.718
437.151	167.149	155.243	113.098
443.439	170.269	131.854	101.431
448.942	149.275	135.995	119.010
447.644	153.976	127.924	113.183
446.351	160.524	121.345	104.920
445.270	157.205	118.222	108.323
478.997	48.559	138.618	132.883
451.263	47.262	141.524	136.704
415.207	66.441	165.905	138.287
388.857	98.324	172.068	139.883
367.488	109.873	159.625	139.345
382.650	132.159	152.075	124.921
426.924	150.998	119.754	121.175
301.064	214.778	152.788	92.431
258.431	257.919	151.544	109.074
261.019	261.536	129.251	115.079
262.668	267.825	126.074	123.211
267.953	256.872	105.640	136.762
272.003	247.861	90.769	144.906
266.205	203.884	85.528	142.628
251.478	188.326	94.134	117.783
242.430	175.224	103.564	95.879
234.146	143.286	101.722	80.932
242.361	122.606	93.406	88.396
227.098	104.891	112.291	93.411
214.221	92.900	126.324	106.206
228.955	94.524	117.480	109.609
237.241	105.852	116.815	107.930
265.764	120.911	103.165	132.008
319.052	203.094	105.002	100.652
332.662	229.584	105.075	104.177
332.992	242.012	109.865	104.850
331.728	243.895	109.283	115.805
326.639	248.196	103.760	116.234
317.331	237.033	111.160	105.693
292.382	223.756	120.838	95.526
273.728	210.601	118.930	105.711
258.032	189.727	100.099	107.425
252.729	175.967	97.624	109.280
243.082	137.753	116.038	103.902
243.775	115.967	138.768	99.066
256.370	107.196	150.357	82.898
275.797	88.744	136.830	98.030
306.404	89.908	131.582	101.050
353.860	93.355	136.087	100.579
420.770	105.958	131.273	117.354
469.297	138.348	134.605	125.112
479.972	140.486	128.104	143.400
476.707	169.073	148.917	124.341
460.018	189.512	144.529	111.343
435.192	214.522	118.472	131.355
436.739	228.188	97.067	112.572
420.723	224.170	102.348	105.250
390.729	216.340	90.611	111.748
342.457	193.170	122.029	125.454
317.130	173.414	126.123	124.771
306.564	148.504	117.476	127.357
299.339	137.652	120.961	118.419
284.660	128.877	126.355	99.535
293.690	88.577	125.352	92.629
295.483	67.202	117.512	99.205
325.961	56.975	92.190	109.462
343.942	59.908	92.431	108.573
359.458	78.789	91.673	102.893
381.250	121.915	112.748	84.646
383.685	129.008	117.972	89.102
373.315	182.981	117.605	85.080
380.995	179.107	111.757	99.667
377.396	223.551	100.709	96.605
373.816	262.673	97.476	104.013
348.341	272.435	105.590	102.525
316.032	270.464	131.648	107.401
290.141	260.601	146.776	109.331
270.184	248.706	132.979	114.220
257.951	202.579	119.595	128.756
241.914	179.110	93.707	114.330
242.438	152.309	91.257	106.330
239.267	125.730	90.717	107.765
237.960	109.173	90.457	105.636
248.331	63.246	113.503	95.936
248.529	48.168	143.054	85.688
262.344	39.401	146.035	100.233
327.482	37.148	92.901	103.818
348.278	49.905	83.566	98.311
370.839	81.246	106.607	108.926
395.723	84.906	108.881	129.929
414.206	145.193	116.251	128.105
395.771	141.639	136.842	130.465
413.657	153.228	124.101	123.980
352.857	192.199	109.757	111.584
330.085	195.923	126.519	99.572
315.161	185.191	108.476	93.567
303.402	170.215	96.126	92.139
289.774	151.960	95.423	97.250
286.547	118.872	104.049	113.413
273.759	106.536	134.969	67.259
287.405	87.694	137.237	58.633
315.045	55.874	111.411	80.504
328.683	42.219	114.846	85.085
394.764	56.645	95.067	101.583
435.971	97.007	116.407	101.345
439.339	161.075	110.227	106.445
440.912	169.272	111.918	102.436
445.549	159.925	115.010	106.290
527.769	155.648	115.960	102.056
460.723	170.212	102.270	109.214
443.743	178.525	113.075	107.055
438.170	183.239	113.892	101.702
438.453	188.833	109.545	98.780
361.709	203.174	99.366	104.035
330.302	186.114	107.474	115.196
318.888	170.222	105.897	114.514
298.200	153.111	107.998	110.079
290.000	134.749	105.141	110.337
287.575	102.032	103.833	111.736
279.610	80.123	116.153	76.275
322.660	102.527	121.438	79.931
380.328	133.180	115.925	76.876
404.992	162.171	100.249	101.225
396.409	162.037	106.376	114.028
385.717	164.951	105.345	112.183
383.604	171.060	105.374	102.821
383.638	173.664	105.411	100.686
384.973	171.722	107.963	104.760
384.563	175.338	107.515	102.593
385.484	179.626	108.333	97.892
384.490	185.838	109.994	92.186
382.798	192.905	115.025	86.026
383.154	192.719	102.024	87.171
352.182	185.174	106.041	109.487
335.121	174.503	102.550	111.181
320.756	171.631	95.539	97.367
328.831	124.618	96.408	117.375
294.183	98.714	114.788	109.893
283.080	75.992	104.055	118.987
293.207	36.004	105.597	117.697
297.459	22.235	107.346	94.690
316.867	25.133	105.475	81.883
325.583	25.877	106.705	85.969
417.267	162.521	98.724	99.515
421.788	152.252	105.658	100.313
435.231	166.374	102.489	97.538
436.998	161.952	99.983	106.888
432.737	164.405	107.296	99.822
435.473	167.701	104.842	100.943
448.046	175.683	106.906	96.015
466.804	187.724	89.264	105.196
468.697	200.375	87.950	89.929
476.472	209.067	86.785	87.857
470.263	200.900	95.447	105.263
440.000	193.685	118.934	111.796
381.294	195.981	114.295	113.132
371.519	179.458	96.686	106.268
338.557	174.898	95.766	115.185
320.968	157.534	94.237	111.345
294.973	97.704	116.210	105.063
299.336	85.673	111.356	72.744
303.408	66.860	107.010	81.519
298.993	45.199	116.093	86.840
303.284	34.456	130.965	83.735
310.872	26.749	145.033	67.579
358.975	20.152	108.576	80.163
395.032	19.100	99.678	92.607
454.587	159.221	114.073	98.876
455.757	166.343	108.399	116.730
448.070	172.574	110.179	108.668
450.580	164.589	115.274	92.599
445.338	168.647	105.885	114.822
441.819	175.701	109.455	105.770
445.521	176.132	109.952	121.427
421.056	199.794	106.467	106.542
390.390	207.589	90.276	99.444
352.409	203.437	81.131	110.764
321.450	194.286	93.657	109.921
307.619	171.076	100.590	101.349
291.538	133.295	99.705	83.060
266.813	122.062	105.973	97.335
258.142	109.326	113.168	90.576
256.229	94.532	120.391	87.158
258.937	89.332	122.478	84.464
282.516	68.809	116.608	85.326
303.529	52.698	115.216	90.497
318.954	54.720	116.630	86.734
346.323	67.758	104.903	96.959
390.998	179.908	106.245	95.021
387.684	192.983	108.986	87.738
387.283	198.650	98.209	78.470
382.082	211.842	85.932	66.124
385.017	214.023	97.941	73.760
376.138	213.838	89.369	73.960
390.053	252.355	88.399	93.687
355.223	248.605	106.677	99.685
336.556	248.120	92.826	98.414
329.419	237.455	91.097	102.351
318.192	217.248	83.007	104.142
301.717	172.545	96.222	111.220
300.795	144.698	93.819	97.894
303.381	131.345	94.446	92.008
285.907	123.279	105.616	92.328
285.621	106.944	113.767	92.700
314.469	79.600	106.478	92.095
343.873	77.137	109.402	98.919
419.272	172.155	117.170	103.415
423.509	177.177	111.691	97.517
426.313	189.602	103.269	90.365
427.993	205.439	98.867	76.580
426.596	214.683	84.210	71.921
425.615	218.392	81.404	82.402
425.041	220.307	77.475	93.566
419.428	237.473	76.967	94.822
373.792	222.897	80.126	109.252
337.069	222.170	90.398	107.610
309.336	200.627	98.478	116.505
274.816	196.859	103.028	104.223
260.817	175.196	101.903	114.195
231.570	147.537	122.923	118.953
214.421	129.315	125.983	113.879
220.799	111.905	127.748	86.094
224.805	102.316	119.634	75.258
238.602	86.891	113.102	74.055
260.279	65.715	111.818	95.914
291.187	58.316	95.027	99.812
319.914	76.943	86.510	100.142
341.880	73.966	84.028	112.132
359.031	106.762	105.959	108.715
404.930	132.616	110.579	96.128
415.082	143.161	112.670	94.458
403.817	146.358	108.737	90.174
409.634	145.251	111.360	97.703
433.025	201.963	98.601	96.843
417.185	206.682	106.161	99.631
371.416	159.201	115.319	129.939
357.356	157.343	119.128	133.275
349.512	161.279	123.344	131.771
341.881	166.230	127.469	125.911
334.053	161.132	125.890	121.885
333.618	156.851	123.916	122.293
332.080	152.744	122.101	124.893
328.533	150.987	124.879	124.543
328.370	149.625	122.833	124.972
326.412	146.941	124.250	126.393
325.911	146.303	123.978	128.532
324.534	146.476	126.447	130.612
320.582	146.311	135.422	132.908
331.467	148.757	126.938	134.818
339.375	148.938	123.161	138.290
351.177	150.158	118.049	136.485
359.362	151.365	119.774	133.633
363.817	151.782	117.118	132.793
366.512	152.143	116.311	133.392
367.505	152.759	117.447	135.695
368.879	151.363	119.563	139.342
371.392	152.789	119.078	139.005
372.198	151.946	117.925	140.422
372.585	151.306	116.585	139.684
371.972	150.604	114.857	139.585
375.467	149.079	108.072	135.198
373.353	149.391	105.189	133.280
376.904	150.996	99.899	133.388
373.973	149.971	100.291	134.641
374.860	150.792	100.130	133.807
374.278	149.323	100.466	134.887
372.340	149.265	99.872	135.702
368.773	150.534	104.217	133.976
365.363	149.836	105.945	134.061
363.549	151.838	108.506	131.156
364.636	152.170	109.250	131.313
364.996	152.948	111.076	133.936
364.479	153.129	113.611	136.073
362.213	154.029	118.301	138.194
364.733	154.732	115.922	136.287
363.143	155.176	121.122	139.486
363.661	156.423	123.519	136.682
365.590	154.067	123.100	138.435
371.019	147.685	121.473	138.984
372.131	134.041	120.388	139.198
386.291	104.291	119.788	132.398
387.590	86.109	133.647	113.987
404.769	69.858	129.518	115.230
416.400	55.183	127.630	118.263
420.519	31.808	142.792	121.672
488.854	25.239	126.837	125.191
506.542	37.316	123.188	115.087
517.193	72.124	124.399	106.677
521.658	107.767	118.925	98.633
491.577	163.790	141.591	115.365
444.722	214.052	161.714	116.101
408.015	222.854	145.812	128.211
384.996	226.247	130.509	118.348
355.261	212.793	125.083	118.174
330.623	173.946	133.682	119.557
307.466	141.279	119.543	135.984
315.668	121.492	125.485	131.262
334.771	77.678	122.922	116.749
347.285	39.047	119.376	99.832
358.397	31.933	122.343	89.646
361.269	21.163	123.851	90.372
364.563	8.709	149.822	81.646
374.414	2.753	156.333	71.021
388.474	2.189	152.061	81.407
413.378	0.000	150.899	89.615
465.772	1.683	103.523	114.560
484.893	7.004	97.720	115.848
500.922	14.499	94.531	105.340
506.683	38.220	100.990	118.692
518.840	65.950	113.658	120.973
519.044	171.451	137.343	93.771
506.011	194.606	145.646	111.849
492.147	213.989	148.465	134.152
484.911	230.047	131.044	131.237
476.150	231.373	137.138	127.538
411.961	214.110	103.586	143.120
399.683	194.206	103.737	121.579
364.412	149.014	118.172	126.087
348.459	130.310	126.393	122.993
342.092	270.714	85.221	152.044
348.207	281.828	77.324	170.689
345.530	263.505	85.897	127.961
351.409	273.992	81.065	115.724
345.446	262.670	90.357	129.505
327.297	260.097	84.939	108.485
338.738	266.790	93.127	89.247
331.121	259.912	97.261	93.504
322.045	267.654	94.873	136.251
338.481	251.856	98.613	120.324
318.548	267.295	91.602	134.303
331.135	257.884	96.449	136.018
313.712	273.991	101.645	124.443
326.578	272.126	89.339	140.575
365.704	143.973	137.511	118.420
374.330	155.149	148.194	116.176
413.512	201.746	113.930	152.742
402.292	187.560	120.139	154.334
367.956	129.184	145.710	152.402
346.860	136.953	140.478	141.870
335.291	124.461	146.020	146.113
308.535	103.452	152.809	150.220
309.270	93.157	160.348	158.105
302.755	105.337	159.434	163.570
303.052	119.744	149.722	159.685
252.144	277.864	98.870	181.218
250.009	247.138	111.423	152.101
256.916	260.653	96.222	159.160
237.070	236.931	123.564	143.787
248.371	248.035	98.884	159.809
244.187	254.148	113.932	141.617
236.612	257.597	117.376	141.849
241.947	204.958	127.606	172.424
279.182	127.964	143.813	178.952
441.094	194.211	162.950	127.482
404.716	224.924	153.767	142.176
366.756	236.655	111.059	144.873
326.123	233.228	112.089	141.373
286.562	228.398	104.661	144.467
232.528	213.156	145.312	135.395
195.205	186.664	151.361	137.154
247.174	167.430	131.456	140.244
169.339	149.399	146.739	94.496
113.849	123.725	170.639	119.182
109.764	95.510	174.085	151.777
108.763	92.457	165.153	155.159
108.557	105.849	174.091	133.096
131.739	120.136	178.225	92.307
142.799	128.886	183.816	90.080
154.488	135.805	154.389	90.218
189.042	143.972	138.380	94.483
215.222	165.089	126.849	116.602
218.634	173.189	144.215	121.195
232.211	206.112	156.564	102.478
257.065	228.028	155.807	93.112
289.284	234.604	147.089	105.368
353.580	238.155	108.003	118.724
384.360	244.630	110.041	139.136
391.879	243.010	128.180	128.127
397.535	243.465	143.743	120.887
396.503	242.896	136.050	119.924
429.950	235.261	141.433	98.505
448.317	221.873	143.056	116.311
439.380	235.094	162.221	103.738
431.008	239.163	151.022	87.086
397.191	242.039	141.767	88.577
382.637	239.454	145.884	113.903
376.586	245.219	131.164	116.465
346.943	258.450	137.873	118.413
312.509	257.421	140.849	133.664
276.284	257.518	158.845	138.523
205.350	254.603	177.237	139.521
188.093	248.687	171.009	129.358
172.984	245.828	173.243	101.823
171.890	238.316	156.470	106.050
166.173	225.300	167.964	73.471
164.875	194.277	139.950	99.504
159.410	182.499	148.266	112.294
157.136	177.315	166.617	116.566
178.044	174.487	164.373	123.106
223.159	205.384	169.662	101.172
267.313	232.639	151.775	87.009
309.633	232.321	114.156	99.439
375.745	155.480	103.167	151.364
435.548	159.389	106.268	127.234
437.104	158.718	104.003	113.063
427.264	168.049	113.097	90.477
409.733	164.944	109.075	114.416
390.331	170.357	130.008	122.455
516.808	200.214	153.436	104.331
521.561	198.010	147.330	104.967
376.446	179.143	128.157	105.712
378.688	175.356	124.533	95.880
379.034	172.570	115.408	98.698
377.244	176.649	114.267	95.063
376.957	174.813	90.693	102.386
390.790	187.703	116.224	106.072
392.687	185.715	111.085	135.141
394.662	200.220	104.347	126.524
381.613	206.496	78.455	131.260
367.615	237.892	84.758	118.480
358.744	245.283	90.627	113.686
346.961	245.525	98.572	120.477
342.307	246.523	104.339	121.956
338.983	246.581	117.584	120.533
339.887	244.562	124.306	116.541
345.048	246.887	129.470	108.301
373.735	250.795	138.670	106.391
386.551	252.092	150.550	102.110
395.411	250.903	162.100	102.779
454.688	253.002	125.854	109.540
477.128	253.451	135.922	111.672
520.211	254.070	139.688	93.844
553.385	254.651	121.697	84.138
560.071	251.255	127.555	72.503
566.926	235.236	112.998	81.673
562.245	224.548	113.096	87.289
512.206	223.481	125.960	89.212
478.061	227.557	141.278	80.983
426.972	198.549	148.287	101.480
390.026	251.942	82.692	103.891
389.635	240.222	90.557	84.203
411.000	247.299	85.940	83.261
452.857	260.443	67.785	110.679
374.458	249.026	108.047	74.774
342.503	249.323	105.206	81.135
325.695	252.670	106.552	77.388
302.157	253.695	111.071	75.796
298.018	250.327	109.134	75.218
298.694	247.201	114.110	73.439
306.453	243.072	124.754	70.279
326.307	232.976	119.486	70.436
347.843	217.103	103.872	75.226
351.875	207.193	104.337	83.220
349.960	200.638	98.655	91.486
350.749	194.157	90.313	100.503
351.497	193.211	86.899	100.803
350.713	197.250	87.411	88.710
353.227	203.034	89.966	95.488
358.420	240.232	95.740	79.231
366.618	238.821	86.697	82.370
362.075	226.239	95.697	92.053
354.649	219.216	106.937	92.486
320.587	233.967	115.406	92.098
331.732	220.152	103.806	91.539
358.040	205.762	117.825	95.078
389.261	200.571	137.079	113.609
548.575	262.731	137.350	70.416
549.425	261.582	135.481	70.239
548.463	260.027	136.899	73.728
527.310	255.317	133.204	80.294
473.077	254.850	128.930	87.029
452.092	254.748	129.548	99.162
447.695	249.713	114.442	95.717
443.752	249.962	96.764	95.068
436.611	254.531	96.917	91.187
409.824	257.986	115.966	89.005
371.711	258.981	109.036	92.337
357.410	260.027	119.941	94.024
346.136	262.817	119.058	94.808
344.325	265.597	118.934	93.281
342.694	268.936	115.136	88.110
343.934	271.409	123.907	73.655
351.995	270.478	121.907	71.325
358.444	271.733	118.827	68.893
358.863	270.766	115.597	70.593
363.728	266.711	114.615	75.884
373.305	260.171	108.520	83.168
406.415	262.725	108.716	80.562
415.577	265.081	88.221	92.481
426.623	267.610	85.923	96.249
432.849	269.598	103.187	85.398
469.286	272.953	69.758	80.426
474.799	270.239	77.930	82.925
485.025	265.786	97.822	73.531
477.887	264.105	121.949	69.913
464.646	255.528	84.310	93.877
457.454	239.797	95.670	93.593
461.346	267.761	79.710	87.146
403.690	199.733	81.825	90.349
401.425	202.849	85.439	84.073
401.693	203.029	93.213	86.357
406.042	202.609	95.316	90.325
410.662	198.980	90.313	104.717
409.649	209.621	95.529	101.274
367.714	251.982	95.693	72.063
350.238	246.080	95.168	68.345
311.895	245.839	118.336	62.742
296.310	240.922	106.586	53.595
294.344	240.752	96.230	54.036
279.110	242.955	104.520	61.166
284.590	242.335	100.498	67.234
292.528	254.406	98.989	78.853
303.458	266.475	103.344	81.013
323.657	271.733	107.959	83.051
334.994	276.633	106.752	83.902
364.656	273.864	107.621	83.303
424.470	257.561	87.347	95.447
421.307	249.373	101.534	100.270
436.632	257.051	104.309	86.439
458.370	239.174	102.891	100.678
490.257	221.921	108.058	106.477
472.413	199.006	120.186	116.703
474.408	227.835	108.260	99.621
476.612	228.600	96.644	97.965
469.579	238.870	89.166	87.397
459.527	243.796	82.111	82.994
448.360	247.734	100.340	79.735
441.904	246.365	103.346	81.329
427.163	246.756	105.467	83.962
425.706	237.354	97.314	90.126
420.225	226.799	102.599	93.573
417.799	208.852	94.881	96.893
423.275	195.437	92.755	105.669
423.417	183.444	100.749	105.353
417.142	187.041	110.900	93.978
412.161	170.781	109.671	98.033
406.505	161.600	116.719	102.855
400.051	155.250	120.968	101.295
397.005	158.181	116.296	93.782
376.245	185.254	123.663	73.550
360.497	195.709	120.067	65.792
366.179	199.442	105.983	88.391
367.026	202.676	98.129	93.084
379.480	204.528	106.514	95.245
374.869	209.870	115.156	95.645
373.827	204.374	117.022	87.208
373.265	222.101	114.347	77.248
389.125	218.419	102.110	79.683
394.271	218.102	96.279	92.831
404.059	226.206	86.005	96.535
397.186	223.582	70.788	106.069
388.359	213.155	71.791	88.697
378.857	209.485	79.590	92.654
374.531	209.479	83.840	87.792
372.765	210.158	89.296	87.960
372.718	207.270	88.838	87.348
371.340	204.013	92.316	86.547
370.256	198.834	95.279	91.658
371.695	201.253	96.640	86.481
369.032	209.390	101.507	83.577
366.564	213.538	106.677	89.627
377.583	213.893	101.866	94.796
378.825	211.909	110.025	99.356
380.254	210.456	113.755	100.708
381.906	197.699	116.472	109.352
383.156	186.803	120.101	115.702
385.725	163.395	116.649	127.635
400.516	149.033	101.199	108.180
388.749	141.445	110.023	97.524
389.034	141.983	109.460	89.705
385.363	139.282	110.504	88.233
384.105	138.066	106.175	87.343
381.399	145.360	111.642	81.692
372.823	149.394	108.775	79.586
376.727	154.391	101.166	82.980
389.695	162.636	92.680	95.860
408.112	172.757	104.571	88.872
412.153	178.667	110.394	90.249
417.683	180.443	116.014	93.130
422.029	193.086	118.910	91.651
426.760	203.484	119.805	89.023
429.477	210.683	114.910	93.585
431.918	215.992	117.848	109.400
428.099	218.966	118.554	96.319
428.048	222.102	120.731	93.238
429.958	219.169	117.693	102.783
434.001	212.677	114.021	106.539
434.669	203.897	117.301	99.173
439.637	205.609	113.085	94.973
443.497	208.202	112.117	92.729
447.606	210.591	112.307	90.410
453.279	212.347	113.408	91.073
458.651	210.234	120.788	90.539
458.910	207.922	119.370	99.741
460.183	205.066	122.908	107.133
459.516	197.589	136.059	104.013
474.916	193.390	125.795	107.232
460.654	234.223	110.533	103.443
463.522	239.315	101.373	96.821
465.947	233.471	95.660	102.935
464.205	235.933	95.323	102.374
466.813	236.397	96.538	100.046
467.808	240.662	107.986	98.055
469.188	246.157	104.668	92.398
467.739	247.666	102.912	90.775
467.032	248.033	106.290	91.830
464.000	254.777	101.914	90.886
459.096	254.760	101.083	99.901
455.033	254.883	99.271	104.632
448.387	257.144	104.138	103.717
448.543	258.176	97.901	103.001
438.012	247.097	73.672	105.292
411.991	222.213	78.589	125.661
399.096	200.110	82.130	130.609
381.554	200.505	87.882	111.820
378.565	176.641	90.550	104.430
370.241	148.494	82.575	105.661
362.364	144.232	96.234	89.407
358.557	130.067	95.059	96.569
355.803	125.196	101.165	96.088
348.667	121.741	109.892	99.558
347.121	132.817	115.920	95.719
356.361	144.663	120.154	98.872
373.411	152.120	111.151	112.265
383.845	175.867	116.937	98.395
386.155	206.199	120.139	93.181
427.975	217.187	99.132	103.040
463.294	223.416	86.772	110.900
476.681	218.890	123.425	87.333
506.164	226.836	133.761	98.444
526.568	203.365	119.817	109.973
530.529	180.666	121.482	114.267
530.572	164.002	120.289	117.581
529.220	152.341	119.980	126.070
521.035	133.072	126.229	117.933
515.951	126.410	129.670	127.143
494.879	116.398	136.909	135.818
472.684	110.682	137.703	117.593
453.578	122.871	125.061	122.269
445.036	125.821	118.081	121.000
431.783	136.841	118.962	102.561
398.683	162.752	130.824	89.480
380.964	163.230	125.906	89.824
353.932	189.834	137.142	80.774
346.515	211.493	107.364	79.797
345.595	229.193	99.493	80.765
352.382	239.494	90.169	99.524
354.806	247.143	81.976	107.374
357.506	248.813	82.224	103.902
358.770	249.326	81.684	103.680
355.593	246.479	87.147	104.538
343.536	241.005	100.172	107.857
328.559	234.273	109.605	116.144
317.560	227.521	111.428	122.405
295.410	218.512	120.567	125.988
273.900	208.927	127.992	122.255
255.499	202.139	136.892	105.545
243.979	200.947	137.688	97.859
236.584	196.084	129.505	94.966
235.694	190.168	119.364	94.691
237.344	181.646	124.486	73.609
239.541	175.844	127.705	64.307
245.934	171.801	139.460	58.734
256.073	168.276	140.164	60.819
292.851	171.006	126.415	65.070
395.900	192.517	96.417	74.155
431.077	201.383	102.053	73.056
465.009	205.557	109.148	75.138
493.369	218.604	121.303	90.958
502.444	224.759	131.681	109.149
507.634	228.501	137.668	118.257
520.270	242.884	137.423	108.798
520.954	246.181	133.933	115.506
517.400	249.985	131.835	118.679
503.473	256.168	138.164	112.634
493.792	255.954	141.547	112.903
478.322	251.705	151.307	111.713
471.890	253.097	140.361	102.283
467.961	250.798	110.540	99.737
460.426	246.487	106.304	96.740
374.226	256.690	88.995	122.434
375.141	260.292	90.814	113.957
377.909	259.346	76.765	122.290
371.164	261.623	82.403	122.150
348.744	262.314	99.665	90.410
340.066	266.744	101.288	60.301
343.593	266.827	89.866	58.076
353.775	267.437	82.407	72.838
354.336	256.317	65.772	74.616
342.036	254.052	71.966	82.174
335.469	248.532	88.415	70.107
370.261	244.951	106.828	83.465
493.679	268.444	123.760	73.764
500.123	268.760	143.455	77.633
519.445	264.818	141.063	82.879
524.341	260.583	145.325	86.684
525.768	252.061	146.236	84.763
517.036	243.275	145.094	83.441
493.992	233.787	150.453	80.679
442.912	223.685	176.160	79.387
416.635	214.923	128.514	79.411
380.524	214.559	129.295	83.272
375.093	221.719	119.926	87.579
336.530	216.322	125.841	89.912
298.924	201.490	110.995	108.909
274.037	201.105	101.506	119.571
259.574	206.674	105.389	116.935
243.005	206.634	114.402	122.262
234.968	212.197	124.274	120.317
227.744	223.043	129.182	116.049
228.246	228.252	131.983	105.513
254.152	235.574	127.993	96.348
276.927	245.823	136.900	79.694
290.598	244.693	136.082	76.663
305.163	245.707	126.613	71.342
331.060	245.022	107.021	72.544
362.913	242.589	78.907	74.384
373.303	251.177	65.103	70.995
373.446	252.027	65.093	76.367
369.135	251.866	70.387	79.838
363.532	251.836	75.177	81.167
354.776	253.621	81.637	84.026
346.980	248.758	76.513	89.924
338.025	245.382	85.232	94.258
322.388	240.802	79.225	97.208
313.867	231.928	83.948	102.284
292.971	218.204	102.080	98.145
290.599	210.149	102.007	96.674
287.852	199.049	107.197	98.871
289.005	188.558	115.232	102.901
292.625	172.178	122.581	112.191
303.530	175.015	111.293	101.597
315.973	165.879	111.687	99.362
325.135	164.643	104.052	102.482
328.339	171.807	108.376	97.379
335.072	174.762	103.483	94.948
341.101	194.429	102.534	90.426
344.663	211.480	103.023	86.412
350.484	221.557	108.649	87.311
346.733	253.330	113.539	69.320
358.570	258.514	105.737	81.575
363.195	265.351	98.734	89.881
368.420	271.680	82.958	92.844
371.861	266.561	77.163	99.215
378.911	256.728	73.431	102.455
387.540	241.824	67.941	84.600
396.028	218.078	72.759	79.488
397.512	204.204	75.887	77.710
403.299	197.597	70.498	87.912
411.520	169.151	85.925	99.521
452.088	264.582	93.717	105.405
449.877	262.238	98.830	90.560
454.006	258.419	95.203	86.910
461.252	264.479	89.390	90.672
437.145	134.144	85.603	140.012
434.670	149.449	92.382	140.238
435.132	144.550	88.157	138.822
434.588	142.672	91.876	135.742
461.669	260.158	99.464	104.300
463.538	269.358	99.661	85.764
467.221	267.882	89.746	87.708
475.853	266.444	82.961	90.446
481.985	267.148	80.605	91.958
494.809	267.260	79.146	97.725
495.538	262.844	80.731	101.724
496.848	261.346	86.709	108.248
492.360	257.915	92.898	108.560
491.188	249.562	94.157	112.376
488.356	244.134	97.287	121.017
488.368	232.975	102.925	108.010
485.662	235.112	104.028	109.900
366.205	76.605	91.834	115.751
368.171	51.187	84.071	111.760
373.316	38.951	74.773	112.945
375.161	30.697	70.315	110.570
375.538	28.526	67.541	94.644
377.669	25.804	64.414	102.220
381.824	19.071	70.006	122.268
382.375	18.953	75.672	123.895
382.329	22.199	80.763	121.181
382.331	42.421	82.264	103.584
387.059	49.566	83.349	101.437
390.901	63.261	79.738	110.326
384.290	79.388	87.757	120.943
380.657	103.131	91.322	125.185
383.163	126.778	80.405	127.374
397.850	124.979	67.770	134.206
454.992	196.435	116.103	78.102
438.436	189.160	110.082	101.159
422.933	222.818	77.862	108.682
427.746	233.599	70.478	95.535
438.262	248.229	64.081	83.806
445.814	257.346	62.087	84.172
448.735	262.603	64.708	76.418
446.195	261.092	66.461	78.273
442.033	260.586	68.716	79.679
434.688	261.363	72.434	78.797
421.522	258.704	64.627	77.260
411.602	255.201	63.933	78.140
404.399	252.608	63.059	79.048
397.488	243.440	64.295	84.902
390.213	238.921	67.166	78.810
386.918	220.554	66.601	84.968
385.752	220.438	58.005	83.649
385.111	211.063	57.025	87.035
384.526	207.049	56.588	86.888
386.744	196.519	55.504	93.198
385.739	187.512	64.281	102.519
384.546	172.757	63.486	112.801
385.525	171.333	67.508	122.458
383.002	176.653	66.616	113.285
382.393	186.080	64.976	116.056
385.833	217.359	65.976	112.040
389.761	243.489	60.719	99.511
388.958	253.185	58.216	92.187
389.214	256.726	59.766	89.963
383.067	262.520	64.811	83.149
360.122	242.581	86.601	99.104
337.262	206.406	104.261	121.375
323.180	168.358	113.494	129.477
316.348	131.092	112.086	127.344
312.824	120.329	111.877	107.031
307.698	86.554	102.694	100.333
301.062	71.648	100.613	87.860
289.284	49.791	105.869	99.699
289.814	52.637	102.179	91.601
287.021	39.551	98.018	99.876
273.206	21.967	98.317	107.912
260.545	14.411	93.945	103.744
251.333	10.385	98.365	102.847
246.142	9.569	102.114	99.426
248.051	17.105	101.548	101.570
229.569	21.565	106.896	109.887
218.587	14.534	107.395	105.839
217.055	33.420	105.160	113.634
210.048	54.552	106.956	115.873
201.128	80.305	110.433	114.086
202.269	88.493	118.113	114.744
196.402	111.786	147.971	92.602
205.099	150.194	164.798	80.843
212.483	161.436	157.322	103.474
226.761	177.340	156.301	125.485
266.227	188.843	159.204	138.407
310.258	224.379	141.580	124.743
339.713	258.000	149.247	112.130
369.987	260.179	138.157	113.486
398.587	263.498	125.014	95.794
418.438	258.658	103.204	93.183
414.805	257.001	98.604	90.057
408.276	257.789	92.336	101.686
401.343	256.617	89.032	105.306
392.348	255.707	71.425	110.628
367.773	253.988	74.396	113.678
350.375	252.164	83.491	116.575
334.072	249.645	93.386	117.609
320.308	246.230	103.170	117.178
309.866	243.570	108.855	119.054
306.258	241.184	103.280	111.670
305.443	241.410	102.864	108.742
305.628	242.239	100.319	108.523
311.113	241.334	94.105	112.652
320.300	242.750	88.875	114.125
337.018	247.283	78.530	120.300
350.493	254.599	75.045	116.605
361.801	257.756	74.144	114.860
368.763	262.985	74.796	104.298
378.060	264.276	73.709	98.061
387.905	267.426	73.402	99.813
390.891	266.139	68.089	97.744
393.969	260.068	70.095	99.668
395.115	252.456	69.551	102.083
396.267	243.996	68.184	104.664
395.350	207.664	66.911	116.618
404.254	195.110	62.449	108.215
400.520	175.122	70.322	101.037
401.187	160.617	69.239	105.924
389.433	138.806	78.326	87.006
407.059	130.641	77.482	83.476
387.428	129.151	92.815	99.077
383.841	138.502	92.525	131.604
408.060	53.672	68.441	125.626
411.781	53.057	59.392	116.009
413.895	50.591	56.941	114.498
414.261	57.698	57.964	107.994
415.667	61.289	59.017	102.519
415.678	65.078	60.760	103.807
414.187	73.788	65.158	110.136
415.304	122.000	74.930	98.102
416.406	134.501	77.484	98.646
420.841	143.433	81.418	103.264
420.016	157.822	86.207	108.039
404.890	197.506	98.832	81.412
395.946	217.258	89.498	80.564
434.619	240.308	58.139	81.741
433.556	239.102	51.776	87.614
429.731	244.636	51.340	88.902
428.650	250.052	55.495	79.716
427.100	254.075	56.179	73.880
426.408	256.739	54.111	76.951
424.060	263.333	55.586	75.795
418.354	251.843	57.797	83.044
417.709	238.363	54.316	88.086
417.954	203.125	55.196	109.435
415.559	173.057	62.197	124.513
397.676	152.760	76.411	116.473
393.252	151.032	77.817	102.991
396.520	167.811	75.091	120.577
395.241	118.835	74.053	129.771
399.316	65.648	67.821	119.219
399.330	54.201	58.858	113.417
402.142	46.473	52.304	110.050
401.871	41.925	50.135	104.572
402.501	31.015	47.530	109.210
399.860	36.453	50.643	93.571
399.522	39.813	51.159	90.461
400.446	40.311	49.070	97.872
399.202	49.335	50.657	96.953
399.410	69.230	49.146	102.084
399.078	77.101	46.707	100.820
397.114	99.606	47.586	99.671
397.653	116.576	51.131	97.725
397.276	126.728	54.374	100.209
388.875	209.990	78.273	78.623
395.278	161.769	65.675	101.525
404.456	191.027	67.139	93.397
413.043	214.714	65.613	100.590
419.094	236.876	59.128	94.651
425.354	251.053	57.718	101.968
435.221	264.327	67.220	86.423
442.276	276.001	60.869	80.544
446.423	283.428	59.503	71.848
459.211	277.121	55.600	64.905
473.523	261.041	54.183	70.145
477.757	243.913	55.262	71.558
436.179	224.077	67.783	73.451
483.551	199.735	70.567	90.634
481.366	170.315	87.719	98.074
474.609	159.586	89.873	100.315
466.230	150.066	85.089	126.538
477.602	127.279	77.054	123.537
477.304	128.054	76.453	113.336
484.950	124.379	70.790	103.335
494.171	120.555	60.981	95.776
496.766	120.564	59.610	91.076
494.570	142.993	66.634	82.421
500.124	148.457	72.143	73.761
511.018	150.273	68.299	77.794
509.090	154.961	70.885	75.464
496.385	162.302	73.407	82.337
514.890	183.278	68.960	86.016
511.663	193.841	69.226	99.658
511.718	196.851	67.943	109.988
506.165	230.245	71.293	99.077
475.007	182.417	75.942	99.855
467.232	192.005	78.081	97.634
466.917	241.223	73.055	77.859
471.661	245.384	60.362	76.645
467.865	241.614	52.783	79.878
479.693	168.056	70.635	96.721
413.498	164.528	77.073	108.982
422.027	157.978	76.139	115.933
421.158	130.704	97.370	119.943
415.955	107.965	84.759	141.656
410.668	91.152	66.186	104.559
406.572	78.583	52.535	98.058
403.930	71.791	49.938	101.125
402.797	64.040	49.667	106.776
400.502	63.601	51.021	100.612
393.195	68.166	53.152	90.374
387.374	68.192	54.405	94.275
383.481	74.142	55.784	92.218
380.515	86.082	55.381	82.647
378.835	89.817	52.843	83.762
374.656	99.225	49.849	89.561
373.831	132.152	47.986	87.466
369.166	149.756	61.262	96.980
365.808	162.405	66.087	104.108
366.393	171.900	58.990	103.649
367.793	206.586	60.616	90.339
369.344	222.584	58.530	89.785
373.460	236.371	56.933	83.869
378.055	250.381	59.789	98.581
385.575	259.100	60.117	95.927
391.889	272.933	61.970	83.635
399.260	277.786	59.266	81.912
405.439	282.433	54.909	81.884
407.421	287.840	56.184	76.698
406.533	285.651	59.661	76.880
408.452	282.776	54.623	82.288
407.893	278.851	50.612	85.699
408.353	275.454	57.983	81.303
407.392	256.882	49.660	94.945
402.891	239.844	52.559	97.331
389.060	201.973	61.386	104.555
378.077	169.239	79.558	107.996
379.288	152.989	98.011	96.392
372.729	90.311	64.417	136.283
371.276	69.122	64.984	119.797
372.751	42.766	60.136	131.079
371.729	20.216	54.992	120.520
372.005	13.636	48.791	100.058
371.460	10.758	48.096	91.547
369.359	4.680	52.137	82.991
366.697	0.000	50.735	70.711
366.124	0.000	53.392	57.229
368.451	3.766	54.175	60.482
367.982	0.000	58.708	53.412
374.095	8.741	53.355	61.787
372.359	0.000	53.861	51.897
374.292	0.000	48.645	42.850
377.668	1.016	41.789	52.569
377.321	1.206	42.771	65.880
377.409	2.316	47.000	81.332
376.003	17.157	53.254	90.437
375.071	28.373	55.071	103.831
376.017	46.314	55.741	102.866
376.031	67.362	57.226	104.681
381.971	190.878	83.066	82.167
374.906	194.898	82.150	85.618
371.005	198.647	78.607	82.687
368.487	216.213	69.516	65.333
367.856	226.382	63.200	55.845
366.546	229.237	70.544	55.161
399.466	220.174	53.377	78.094
405.962	225.667	56.291	84.593
400.046	242.820	55.157	86.430
396.640	271.178	58.297	72.951
391.465	279.367	60.246	59.701
401.681	277.700	50.881	59.125
412.423	267.791	42.540	66.703
417.844	261.990	47.100	63.972
419.220	262.322	53.427	56.002
415.365	252.715	58.817	62.550
387.670	230.642	58.057	61.799
389.175	229.486	60.256	60.941
391.535	226.790	62.032	67.095
397.756	218.726	77.394	73.578
457.364	166.230	73.749	86.741
468.380	145.256	72.951	96.848
463.072	136.033	85.375	95.575
457.985	128.866	91.910	98.895
466.900	133.616	83.098	90.110
467.702	138.390	85.841	86.307
478.018	141.412	84.755	99.095
483.074	144.843	87.298	108.002
474.420	164.501	88.720	89.577
482.090	171.117	79.211	95.122
484.781	192.752	79.402	83.020
484.256	199.700	67.821	78.095
466.895	195.850	85.562	89.464
485.001	205.262	62.442	85.219
492.664	254.015	70.565	85.773
488.674	252.800	68.818	78.750
488.646	259.007	58.865	76.502
487.366	255.993	58.607	76.964
487.039	248.154	55.665	79.771
484.910	232.934	54.874	88.125
480.955	215.889	54.176	99.379
474.884	189.082	58.656	108.166
478.072	162.600	68.625	99.314
475.817	154.061	64.333	89.784
467.053	145.188	70.269	93.545
469.595	117.696	61.795	112.897
468.536	108.857	61.751	111.817
469.321	97.365	57.007	98.604
473.103	82.709	52.355	106.140
470.790	78.647	49.841	103.007
471.513	73.851	48.812	103.247
469.404	85.186	49.757	96.100
468.784	83.989	49.545	95.156
468.553	86.884	49.383	99.659
467.744	95.535	52.833	102.958
463.308	110.452	60.394	101.852
430.137	154.662	99.008	79.258
452.833	159.420	88.219	94.027
452.517	172.916	90.819	107.377
446.801	172.682	96.566	115.748
445.819	212.004	91.373	88.575
450.656	234.380	95.940	76.656
467.492	243.981	82.651	79.531
480.511	256.773	75.832	76.621
490.006	259.397	83.123	75.283
487.358	262.677	86.048	82.675
488.983	267.518	88.399	85.013
482.940	271.510	92.488	84.123
482.862	273.101	101.060	79.083
481.217	273.685	103.812	76.146
487.401	274.280	97.667	82.525
496.880	272.721	90.745	82.586
492.614	263.393	93.015	85.376
494.157	254.799	86.833	91.157
494.238	233.706	78.697	101.913
488.989	219.512	74.443	94.305
484.706	184.841	73.353	103.906
483.330	180.627	75.124	99.379
484.915	158.019	71.020	122.087
485.834	125.144	70.881	133.875
483.596	111.798	89.391	139.867
487.242	147.925	100.766	131.892
468.080	55.537	70.951	123.268
467.255	44.929	68.053	110.039
464.215	42.045	71.948	103.850
462.425	37.541	71.879	100.774
459.847	34.846	72.167	97.851
456.289	31.872	72.118	96.889
453.982	31.933	69.669	96.324
451.424	36.772	68.933	96.174
452.138	51.788	66.033	94.800
454.682	64.744	62.708	95.498
459.602	86.553	70.173	94.543
462.718	101.449	70.929	91.020
463.542	160.426	84.934	94.650
467.362	154.929	87.434	101.867
466.804	156.624	98.343	112.596
464.318	184.432	104.100	109.000
462.008	216.462	91.092	92.878
455.908	234.817	63.831	103.037
463.400	250.849	55.615	96.832
469.833	262.700	52.381	88.633
473.537	267.885	51.980	83.408
475.650	271.008	56.787	80.336
479.563	273.050	61.918	75.878
483.505	270.535	59.382	78.596
484.832	264.663	61.260	85.672
485.804	250.497	60.304	95.962
485.968	241.564	63.014	97.730
489.723	215.408	64.741	116.008
494.488	188.222	74.142	118.456
501.379	169.770	70.551	108.304
500.552	130.824	77.603	105.604
517.294	89.865	65.798	109.956
524.102	72.196	60.993	115.990
520.719	49.532	65.472	118.960
513.939	41.196	73.021	96.906
510.420	11.247	77.457	90.681
510.512	3.462	83.041	81.267
509.605	0.000	88.441	70.386
515.446	5.918	78.641	88.934
517.550	0.136	76.391	73.624
527.326	12.472	71.946	84.066
535.971	6.620	72.615	83.267
545.199	20.402	91.263	88.555
530.835	4.904	90.962	77.195
539.019	0.000	82.854	54.109
546.190	0.385	76.325	65.500
551.297	3.262	75.258	68.143
553.822	5.137	75.007	84.401
557.966	12.158	74.784	97.205
561.030	23.249	76.401	100.569
575.764	83.300	70.939	103.155
579.235	111.544	80.099	116.252
583.777	128.278	89.910	117.020
587.294	142.648	96.400	120.664
591.490	159.637	97.044	120.785
595.387	177.032	99.443	119.689
583.145	189.719	107.846	118.658
571.869	200.326	113.278	118.487
558.744	204.094	121.187	123.119
543.998	214.541	129.657	117.688
525.111	224.532	115.933	105.152
514.630	231.303	109.537	96.211
504.986	229.053	106.755	96.529
488.376	227.589	96.764	97.951
481.605	231.304	99.091	95.232
476.474	232.418	86.747	99.556
467.211	233.205	96.702	104.911
460.899	235.455	99.452	105.012
454.749	243.852	102.097	102.649
441.998	245.013	112.243	101.823
423.834	240.387	117.368	105.431
419.259	236.836	116.701	107.926
412.004	240.358	117.342	104.745
409.282	241.235	114.966	103.380
406.008	244.702	115.678	100.066
405.208	244.277	106.019	100.205
407.578	243.517	92.624	100.762
410.335	243.348	82.046	101.016
410.988	237.564	74.359	106.137
409.651	236.629	72.060	109.717
399.672	236.659	64.680	107.609
397.630	233.885	58.383	112.996
398.227	236.700	57.881	110.592
398.466	236.748	56.515	111.458
398.918	237.639	57.291	108.134
388.173	221.110	63.324	114.679
382.734	206.469	74.406	104.475
382.477	188.604	77.127	104.543
371.328	158.261	83.626	107.699
352.231	136.980	89.169	105.001
337.181	102.615	96.215	112.361
335.610	84.160	99.778	114.736
324.446	53.672	98.145	101.188
321.063	45.553	98.015	96.106
318.677	36.226	95.873	92.221
312.635	15.527	98.363	86.788
310.040	12.210	96.006	84.437
306.278	8.715	97.066	87.153
304.692	5.744	95.205	90.437
304.687	4.316	89.646	89.244
310.752	9.203	82.109	88.445
310.087	15.924	80.883	86.675
307.893	21.362	82.594	89.606
304.431	29.609	89.756	95.923
307.121	56.238	88.319	104.603
376.502	148.694	93.350	108.348
381.083	148.069	104.724	112.264
370.925	148.130	110.697	126.869
303.094	110.182	116.051	112.757
302.331	116.963	112.166	107.013
302.092	130.972	109.537	97.906
303.199	150.457	89.543	106.308
305.882	170.501	94.896	103.868
309.786	181.691	98.678	105.616
312.613	190.983	96.534	106.884
326.438	207.735	99.261	102.240
330.680	215.058	105.526	96.065
332.516	218.489	107.457	96.580
333.894	221.322	105.080	96.349
334.612	222.917	108.539	97.264
329.203	219.492	104.152	96.239
321.622	208.789	101.459	98.602
311.673	190.230	103.307	106.351
302.161	167.443	97.194	115.959
301.672	134.942	92.465	127.417
297.993	93.709	98.316	111.965
283.103	73.303	100.663	128.811
284.716	49.738	121.970	110.729
288.015	21.146	127.420	110.405
296.578	11.733	122.941	94.496
299.378	1.943	113.566	82.744
304.495	3.661	105.562	74.102
307.412	0.000	99.990	68.936
301.787	0.000	105.144	62.688
303.887	0.000	115.981	58.608
308.281	0.000	112.205	59.137
306.642	0.000	117.608	56.762
305.091	0.000	120.705	62.205
303.359	0.000	123.325	71.024
306.942	0.000	130.260	75.605
324.436	10.995	117.871	91.775
322.636	14.630	123.296	102.765
320.647	21.906	131.350	103.787
320.557	55.249	133.969	109.235
321.133	70.127	136.429	97.656
321.390	77.715	134.923	102.834
324.538	81.231	131.739	102.532
329.192	89.384	128.780	114.489
331.928	102.678	128.453	115.908
335.831	119.256	124.618	109.056
347.487	142.815	115.428	113.495
349.950	161.598	118.209	116.580
357.397	167.587	112.960	117.014
367.333	178.153	106.834	129.729
370.732	187.228	110.436	121.332
384.279	193.863	107.124	117.711
392.934	203.036	103.890	113.294
413.232	204.344	89.222	110.007
416.224	205.789	86.419	109.800
416.998	204.072	86.137	112.884
415.734	200.123	89.148	113.809
410.390	188.705	80.137	115.656
408.274	176.181	90.548	120.405
404.284	156.797	89.308	129.047
401.272	125.220	84.124	142.272
391.949	91.101	85.641	110.560
390.695	48.178	66.182	138.035
396.276	31.019	69.546	121.112
394.365	22.804	73.711	117.622
392.414	16.771	74.928	121.932
389.791	16.560	76.545	122.610
379.123	19.493	87.426	113.131
375.899	26.088	92.259	108.655
367.122	27.694	133.630	116.719
425.746	117.336	107.137	119.602
405.800	140.418	123.120	114.080
382.217	129.335	135.933	117.006
373.908	130.894	122.179	120.258
367.233	134.248	120.841	114.889
360.284	133.996	123.693	114.495
373.212	139.386	123.726	108.480
373.921	133.338	97.462	114.317
367.901	135.913	93.346	108.339
372.744	137.243	100.365	103.861
374.795	125.829	92.931	105.631
377.710	126.049	92.624	105.644
376.960	120.296	90.786	108.910
377.530	113.248	91.584	114.692
373.120	110.124	94.036	115.408
369.304	112.434	92.851	111.787
363.747	115.146	82.878	110.658
377.639	111.121	82.573	121.408
382.137	115.518	85.580	120.347
397.263	84.991	99.512	130.975
388.355	99.778	105.067	138.479
379.558	110.640	83.026	130.366
388.968	143.044	92.965	99.962
404.841	165.295	111.842	90.229
410.763	159.359	114.668	91.304
412.231	160.131	103.839	98.880
420.188	162.064	107.931	100.003
411.547	156.896	115.340	95.099
395.841	121.828	87.405	138.968
388.083	161.841	118.376	111.319
394.343	173.274	107.312	98.906
392.644	181.033	80.472	94.927
394.809	188.086	84.826	79.578
395.938	185.150	73.055	83.671
393.511	189.643	70.993	78.323
394.232	183.472	69.476	86.854
394.978	183.978	77.923	88.151
400.062	177.612	83.489	89.111
436.808	168.781	94.831	93.057
455.019	163.488	80.476	92.974
464.576	159.947	84.290	92.376
457.082	154.400	85.606	98.142
441.923	99.745	91.860	89.087
400.295	95.452	122.476	130.258
414.690	91.046	128.205	156.021
424.325	41.491	117.108	190.017
384.769	111.060	133.460	142.501
410.348	19.541	119.809	155.937
409.960	4.109	113.494	124.836
408.071	3.397	111.016	94.437
407.840	3.306	100.942	81.786
407.751	13.901	99.234	88.182
401.947	10.212	86.287	104.548
427.607	0.000	75.087	76.514
438.262	1.017	62.387	88.835
442.091	3.786	58.537	88.568
446.352	12.719	54.988	88.956
453.838	23.869	54.838	96.498
456.614	45.469	65.191	96.338
419.391	80.972	94.294	102.893
420.782	118.398	93.826	115.257
430.476	121.316	101.104	127.506
453.754	139.659	88.440	127.562
440.465	169.483	101.634	119.231
395.085	169.680	117.598	105.296
405.453	139.497	113.054	130.441
394.321	177.082	111.761	104.620
403.369	190.160	105.299	111.081
417.561	183.399	101.040	107.333
415.535	196.996	109.825	103.110
434.584	183.463	99.984	108.469
447.892	190.100	100.992	107.785
476.123	185.320	98.517	109.614
472.202	174.187	104.556	107.049
469.092	148.997	106.526	96.495
466.206	150.735	109.826	88.889
468.483	154.237	107.121	90.542
464.958	154.822	116.907	91.354
457.869	159.309	125.094	83.236
450.982	159.605	130.932	82.923
449.188	162.102	131.452	77.710
458.901	162.863	120.596	86.980
454.215	166.319	122.871	86.589
451.791	168.189	116.124	88.074
451.005	168.507	113.561	88.997
447.506	169.755	116.047	88.324
442.410	170.043	117.348	86.389
442.763	171.040	120.296	87.028
443.796	171.489	116.125	88.911
446.229	171.708	108.283	89.815
445.816	171.536	103.563	89.215
445.770	172.375	98.752	90.526
442.724	173.653	98.605	89.534
443.182	177.757	96.800	88.203
440.499	179.076	100.750	89.455
442.614	180.897	100.866	89.449
436.137	183.307	109.132	87.880
431.188	183.426	120.261	91.005
442.147	189.944	109.382	88.474
443.541	196.125	108.169	83.470
438.057	198.942	109.637	82.194
432.166	200.985	109.126	82.375
429.172	201.099	106.378	84.037
430.696	205.864	97.551	80.818
432.645	210.365	88.728	76.616
434.745	216.401	85.307	71.497
431.192	218.582	86.003	69.784
418.860	220.652	87.975	67.511
420.994	222.996	84.726	71.587
419.321	225.921	81.787	73.714
415.903	227.263	82.932	74.933
418.212	226.136	79.359	79.388
416.542	223.530	74.852	82.667
415.146	228.282	70.889	81.647
415.536	228.623	66.830	82.025
418.003	229.460	62.843	83.394
422.012	233.301	59.113	87.257
420.019	234.651	63.065	87.354
419.613	237.756	67.885	85.985
420.551	236.470	71.654	80.732
434.554	239.125	63.567	85.529
451.514	244.295	54.313	83.327
463.948	246.672	52.243	81.698
469.628	247.806	54.702	80.778
476.880	244.005	52.361	83.765
481.838	243.750	55.474	83.874
490.515	240.500	64.177	87.206
497.135	230.409	66.491	91.975
504.400	218.766	70.551	88.820
505.337	211.242	79.372	90.435
507.063	201.552	88.399	89.928
500.195	194.534	94.543	92.805
488.115	195.633	103.974	87.878
474.080	195.335	103.020	85.667
453.708	204.575	109.159	76.742
447.708	206.293	101.393	76.981
445.564	212.262	101.391	71.875
375.365	237.596	101.484	70.608
370.732	247.414	109.958	65.722
348.183	258.489	95.001	82.828
342.100	269.002	77.857	87.182
340.597	270.984	67.937	93.854
332.184	275.018	64.046	91.352
320.508	276.125	70.089	85.280
317.462	277.672	75.955	75.090
315.606	276.313	79.343	71.601
316.049	276.698	82.979	65.076
322.775	266.981	85.164	64.584
332.630	260.511	78.810	64.447
333.542	257.071	81.144	66.501
330.702	257.597	77.246	66.215
326.948	259.351	77.862	66.616
321.890	260.642	79.798	71.193
318.293	271.969	79.019	68.653
320.527	277.543	74.202	68.223
324.243	275.737	66.346	75.714
324.983	274.633	64.011	77.759
321.848	272.939	75.134	79.504
327.019	260.281	90.548	78.302
356.815	244.514	100.804	67.500
379.087	228.073	108.129	73.065
422.135	220.381	97.695	60.809
433.415	216.852	103.478	58.915
451.565	211.958	96.376	66.892
464.556	212.789	108.921	69.875
470.712	215.287	123.286	81.304
480.588	215.168	120.708	87.978
487.799	219.788	116.210	88.550
488.208	226.416	120.073	87.053
488.068	220.386	114.246	90.076
486.579	226.275	96.189	89.975
489.239	226.596	81.708	92.296
494.059	231.628	72.770	97.800
496.711	235.193	71.777	97.672
498.417	240.899	75.242	90.449
504.042	242.775	76.694	87.648
501.344	239.937	81.476	90.143
513.134	243.037	85.047	86.119
522.022	233.543	99.848	87.129
522.027	233.005	111.818	85.758
516.099	233.963	116.014	75.109
501.838	223.434	121.697	82.055
478.168	197.640	120.383	93.696
470.237	193.529	105.469	100.080
429.096	219.757	126.385	78.680
399.393	241.487	102.787	66.212
385.487	242.543	107.627	70.640
365.272	244.456	96.191	72.750
350.585	246.672	105.832	71.572
341.714	245.386	101.305	78.055
337.756	247.252	97.230	77.176
335.300	250.590	93.660	74.546
338.170	253.196	91.797	74.115
356.536	255.950	91.838	75.956
367.573	261.537	92.316	75.372
375.086	264.270	89.500	75.059
383.963	266.969	88.439	74.064
396.464	270.261	83.918	71.774
412.976	272.623	68.933	70.447
423.246	273.481	63.634	71.236
428.410	275.537	58.839	70.101
434.826	273.495	59.880	74.303
436.412	273.410	63.648	78.967
437.337	275.345	65.048	71.860
432.258	277.053	71.506	66.363
428.254	272.853	73.592	70.308
425.723	269.225	81.329	71.151
420.336	274.843	78.399	69.315
407.761	280.556	72.661	70.468
396.492	279.835	77.580	73.528
387.453	280.499	82.128	75.292
379.116	281.330	83.911	75.478
373.181	282.330	87.322	75.245
365.269	280.172	95.924	75.423
355.509	277.737	106.111	77.920
368.982	273.356	91.813	76.443
380.124	273.575	84.498	70.047
383.613	273.287	88.531	62.327
399.957	270.019	105.608	50.386
413.318	270.283	106.758	47.021
425.670	269.764	102.897	47.305
448.047	266.218	96.181	52.679
462.535	262.198	91.763	59.660
477.817	260.528	90.368	65.533
487.963	261.096	93.251	67.067
491.246	261.414	96.293	67.205
494.233	261.527	102.583	69.472
495.818	260.980	106.530	71.271
497.533	260.104	106.136	73.739
499.325	259.267	105.674	74.309
501.318	259.515	103.822	74.564
501.502	259.856	103.255	75.360
499.576	261.043	100.178	73.613
495.546	260.202	100.128	78.235
490.009	259.964	97.686	79.157
487.170	258.838	96.531	81.864
486.454	257.909	90.261	82.595
484.507	256.322	88.877	82.228
482.934	256.370	90.267	82.818
480.830	256.326	90.440	83.744
480.248	256.595	89.767	83.141
481.907	254.861	87.758	85.769
480.965	256.544	86.328	85.898
477.914	254.717	88.798	88.518
478.235	256.479	86.007	86.150
476.306	257.802	86.293	85.040
478.673	261.607	84.599	87.543
481.677	263.747	81.027	89.133
494.066	267.664	69.193	88.323
490.554	267.818	72.768	95.006
507.611	269.139	64.483	93.570
513.401	269.545	66.552	92.095
524.802	272.502	63.490	91.604
530.895	277.054	77.380	93.293
538.058	278.078	87.287	93.171
546.102	276.653	85.961	93.451
548.769	272.802	87.629	92.958
546.058	269.401	86.165	92.327
549.199	269.014	85.426	89.286
544.174	268.583	88.489	88.074
540.467	267.583	91.960	88.532
524.711	268.186	88.183	88.325
509.984	269.607	88.021	86.820
492.315	268.576	78.372	86.559
488.534	267.293	68.718	91.314
474.205	261.977	74.913	94.056
452.121	265.809	70.944	89.935
442.339	264.662	71.185	92.626
409.005	263.107	92.953	93.253
380.179	263.879	109.846	89.095
366.677	263.405	120.211	83.883
357.381	263.251	121.105	74.070
355.805	262.251	116.723	67.711
348.856	261.287	113.944	59.810
340.371	257.942	106.225	60.346
340.802	251.765	99.671	72.395
335.845	245.870	103.815	87.559
334.238	245.688	113.507	92.424
355.934	250.054	106.345	91.036
369.236	251.897	96.622	92.107
382.334	250.965	90.120	94.376
415.500	248.518	63.654	93.753
429.415	252.746	62.486	90.374
434.113	256.299	68.759	88.767
428.805	256.732	83.088	88.690
426.261	257.069	96.643	91.191
423.496	259.206	111.034	92.181
424.955	259.543	113.055	94.655
438.139	261.578	100.959	100.249
448.678	260.886	95.412	100.879
466.040	262.857	96.564	97.711
487.483	266.299	89.682	94.221
523.697	271.942	67.841	90.733
545.500	269.351	102.755	88.969
544.670	266.988	121.890	91.053
556.654	265.870	125.430	93.134
556.250	268.399	129.477	88.846
556.082	271.689	134.768	79.316
554.391	270.618	140.340	77.782
555.955	269.568	119.593	79.895
553.776	269.897	110.140	82.891
541.881	271.743	118.793	81.958
534.995	272.020	120.420	80.450
529.119	276.972	111.927	76.423
521.415	274.861	109.817	82.122
515.102	275.232	102.319	84.809
505.617	275.613	102.790	88.549
500.226	275.150	91.721	91.323
495.342	272.782	87.147	98.573
483.249	272.384	90.648	105.421
473.118	273.284	95.243	106.646
460.446	273.661	100.823	105.781
452.644	273.448	104.698	103.145
417.733	266.044	112.825	104.238
402.609	264.300	119.510	95.899
390.803	263.598	110.498	93.421
382.521	261.841	100.210	94.982
377.906	256.431	86.402	97.733
366.975	250.209	83.337	101.362
352.576	249.547	93.038	104.163
342.864	250.004	97.960	104.296
336.132	251.212	100.199	103.973
328.692	255.780	107.241	102.860
321.992	255.959	120.253	105.339
318.114	255.649	125.400	109.001
320.301	257.882	128.954	109.420
321.874	261.360	134.069	108.489
326.426	262.592	134.411	107.926
332.005	265.680	133.087	105.231
339.556	266.746	130.320	105.406
344.661	267.655	128.698	105.418
349.340	266.813	129.352	106.371
353.538	267.278	126.724	107.710
360.641	266.163	122.005	110.974
367.589	266.436	118.173	110.696
374.940	266.522	114.785	110.308
382.295	265.711	110.066	110.877
396.694	262.165	96.517	117.012
414.371	260.915	82.432	115.360
427.823	260.532	70.891	115.870
435.245	258.206	66.559	118.994
440.361	256.199	66.717	119.741
444.220	253.067	69.053	122.245
457.051	257.984	69.169	112.669
470.698	247.969	67.140	121.431
473.684	248.492	78.039	115.734
477.504	245.968	82.639	112.682
477.428	243.068	91.265	107.599
486.001	235.631	95.589	112.613
488.987	221.206	98.733	121.703
489.523	217.811	108.711	117.020
488.318	214.600	118.879	113.098
493.589	212.553	119.367	113.430
495.774	209.824	124.385	114.450
498.443	208.459	121.857	113.026
500.935	209.084	116.248	112.388
503.335	200.964	108.057	119.585
502.267	203.501	106.693	117.113
501.042	209.534	111.986	113.319
478.424	212.649	112.843	113.234
466.544	222.033	112.767	109.954
441.927	230.784	119.935	103.523
431.006	238.775	125.670	102.340
402.675	248.899	111.148	103.041
352.920	255.248	117.528	98.539
319.732	262.616	124.595	105.713
292.767	270.405	126.453	103.667
273.588	271.611	125.332	103.146
257.014	272.604	123.018	103.159
237.326	272.974	130.319	99.922
210.132	261.215	125.569	108.777
197.905	254.028	127.280	112.413
195.329	254.225	126.784	109.160
194.128	243.254	127.725	118.761
193.769	238.338	133.503	120.852
198.491	241.422	136.101	117.619
205.465	248.672	134.983	112.084
216.751	259.124	136.492	106.544
237.191	269.436	140.504	100.909
259.130	276.077	138.120	104.710
275.838	278.194	148.551	107.565
294.840	279.690	148.528	110.217
319.176	279.388	141.244	105.352
359.893	268.493	102.632	114.392
389.505	262.156	111.457	116.049
406.736	254.848	111.874	111.946
405.336	247.423	110.934	111.452
427.436	246.159	118.980	104.346
425.475	244.829	124.845	104.678
427.313	245.859	125.791	101.483
428.881	244.451	126.014	103.199
429.954	243.991	126.536	105.058
428.832	243.789	126.892	104.985
429.779	243.789	125.664	105.715
429.546	243.811	118.766	104.516
427.536	246.705	124.441	104.199
425.458	246.948	122.525	103.705
432.241	247.083	126.588	104.999
433.852	246.365	123.537	108.000
461.426	240.231	105.585	117.404
470.429	244.899	106.232	114.379
480.058	242.977	109.449	114.609
481.917	238.145	108.759	117.954
487.114	238.675	109.847	119.931
485.917	233.343	118.266	118.887
485.997	234.404	119.425	114.457
485.361	234.740	122.025	112.643
481.752	233.057	119.406	113.710
477.939	232.986	127.117	113.363
474.251	237.439	130.803	108.443
470.115	236.132	115.323	111.728
466.864	235.108	111.814	120.142
466.336	235.039	93.541	125.473
450.335	238.554	68.258	123.538
446.042	238.036	66.715	126.711
435.631	237.336	71.229	127.706
421.345	239.421	80.805	121.979
408.140	242.070	87.929	115.711
396.136	242.390	97.143	110.801
387.175	237.273	104.533	112.600
376.365	236.401	112.381	113.058
368.929	237.491	118.101	110.646
365.248	237.045	119.759	110.803
364.479	238.317	114.344	111.129
363.387	245.382	111.629	112.416
362.883	247.438	108.893	117.781
363.552	245.862	104.431	128.165
365.001	246.892	103.755	131.522
367.488	250.299	99.236	128.862
371.886	252.424	92.672	128.263
375.630	250.301	91.957	131.060
375.478	249.803	97.222	130.791
377.282	244.161	101.280	129.462
375.282	241.487	111.991	125.692
379.411	232.732	111.771	129.333
383.368	225.128	111.818	133.991
387.165	224.952	112.441	131.238
404.060	223.681	99.993	130.230
409.474	222.989	94.382	130.347
418.950	223.515	86.086	136.680
432.425	223.334	75.675	132.303
419.985	225.929	84.019	123.484
427.093	231.523	81.820	115.351
438.344	234.123	74.233	112.092
434.773	236.989	79.300	107.330
434.044	241.518	83.731	107.008
435.045	243.707	84.539	110.670
432.025	244.357	84.395	122.276
431.851	247.815	87.555	127.728
430.440	253.482	89.680	129.575
430.067	256.513	91.736	129.493
432.116	256.510	92.129	130.382
430.701	258.838	93.457	126.972
425.921	260.231	98.195	120.616
408.424	260.030	117.787	114.021
397.744	259.662	129.975	116.709
393.796	257.819	136.073	120.097
388.895	254.811	141.246	121.605
389.903	247.555	142.488	127.808
398.594	237.937	136.915	132.819
405.067	226.993	139.240	135.698
418.120	220.316	133.112	139.494
427.113	206.497	128.258	151.323
434.344	207.710	132.343	150.053
456.065	204.503	113.998	133.308
466.584	203.222	93.963	120.566
490.005	195.377	79.125	122.239
495.764	198.998	84.756	116.912
498.334	210.665	91.736	108.654
503.607	204.518	100.875	117.469
502.138	205.821	122.566	122.063
493.897	210.212	135.355	123.613
486.100	216.019	141.193	126.766
472.231	223.000	149.516	127.776
454.251	231.008	146.600	124.085
436.160	237.381	151.475	123.510
418.277	239.717	150.143	123.807
397.159	244.288	157.297	121.004
375.219	251.828	159.933	116.471
351.908	252.290	161.903	122.061
337.366	257.697	165.844	120.247
318.536	259.989	171.896	124.471
309.664	263.429	170.714	131.169
307.523	263.992	153.436	139.132
301.420	267.369	143.845	139.138
299.074	271.151	109.179	137.916
292.313	272.143	90.632	137.353
281.609	272.766	90.898	135.261
270.449	273.175	95.447	131.985
254.372	271.322	117.736	133.926
228.769	272.055	152.730	134.302
223.506	270.417	160.565	138.081
223.421	270.216	160.984	136.870
240.656	268.303	140.425	135.560
271.107	269.460	108.203	137.330
293.876	266.908	86.106	138.287
308.619	266.554	79.647	139.273
309.660	269.402	90.967	139.568
312.700	268.488	98.101	135.940
318.298	268.019	97.557	140.205
325.427	268.874	95.883	140.464
347.885	263.771	84.160	142.122
348.865	268.912	87.416	141.069
343.174	269.513	103.041	144.812
328.221	269.415	128.707	138.687
326.631	267.574	149.664	138.361
326.074	264.005	163.581	139.473
329.665	262.746	165.508	143.116
344.876	262.966	152.602	135.755
359.166	261.658	123.901	139.460
406.064	257.369	81.780	142.567
412.377	255.472	93.191	140.319
406.501	255.714	99.434	144.811
404.985	252.427	133.239	144.916
398.313	251.347	154.961	144.121
401.938	249.608	167.773	143.564
415.905	247.927	151.672	145.602
439.109	250.193	126.845	139.571
460.043	252.108	98.674	134.874
464.988	256.286	94.200	133.338
477.827	256.508	88.393	136.028
484.127	257.588	85.336	133.103
487.949	257.255	86.894	131.730
486.952	256.424	90.061	133.302
485.671	255.551	92.285	134.785
483.824	254.973	94.058	135.542
478.287	255.283	96.992	133.312
466.319	253.524	105.481	135.464
451.811	252.218	116.571	137.364
437.702	249.270	135.425	140.865
433.212	246.728	145.466	143.375
420.377	250.049	161.789	141.985
414.230	253.752	168.824	141.172
411.247	250.678	164.015	145.898
418.338	252.565	146.016	145.925
416.546	248.212	115.171	152.361
415.999	249.009	87.603	152.289
413.221	250.071	84.529	146.380
402.902	254.524	90.371	144.474
389.980	254.924	104.618	141.701
383.925	257.862	112.065	142.064
349.297	258.505	147.852	139.919
337.045	259.515	161.716	143.432
325.166	259.523	173.983	144.098
318.727	261.726	168.095	148.657
317.180	269.015	153.203	141.609
320.156	269.255	140.281	145.105
324.907	266.390	125.161	147.483
334.125	266.809	108.951	146.761
337.459	269.580	102.247	144.310
340.165	269.656	96.860	146.577
341.039	271.209	93.934	148.079
338.770	272.533	93.118	151.487
335.211	273.352	91.322	146.647
329.293	274.938	86.912	146.933
326.358	276.509	82.386	144.982
324.502	275.260	83.203	142.904
325.454	275.732	82.613	141.971
325.241	272.847	84.495	144.079
323.394	269.885	85.546	143.795
323.684	270.222	83.892	142.246
321.136	268.848	89.680	141.461
319.060	267.120	97.580	142.708
312.556	262.940	114.165	146.880
303.187	260.598	141.649	149.563
300.180	259.574	170.051	146.543
299.398	255.986	177.051	151.643
306.605	257.342	174.774	151.360
339.640	254.316	149.594	152.764
373.333	251.616	118.995	149.877
405.955	248.898	88.749	150.176
421.950	246.839	90.955	152.100
421.129	247.186	89.772	155.387
419.065	243.981	107.674	150.480
420.194	246.592	137.034	144.197
421.347	242.782	172.634	145.041
433.711	242.209	172.020	146.001
452.734	243.141	155.826	150.861
467.808	246.304	138.140	148.317
480.220	249.572	124.888	142.980
492.247	248.834	109.914	141.216
494.273	247.339	109.439	142.069
500.303	246.087	105.093	143.712
500.818	245.973	105.933	143.251
501.727	245.426	105.426	143.722
503.745	246.685	103.057	141.692
495.620	246.870	105.611	143.436
482.867	247.300	115.677	143.058
471.340	245.212	128.761	147.317
463.863	246.228	142.870	146.635
452.018	246.275	158.576	147.390
435.810	249.821	175.586	142.819
434.797	253.342	174.710	141.753
434.664	255.076	159.067	140.717
434.403	252.253	118.564	150.806
411.180	252.991	98.282	163.045
400.983	254.581	106.924	152.452
377.261	256.911	130.145	150.556
348.051	259.057	159.936	141.861
325.845	259.035	181.920	136.608
301.185	264.937	165.384	143.513
299.297	264.717	150.642	155.710
296.216	266.119	142.209	152.986
302.331	265.086	127.271	153.641
294.566	270.010	98.548	150.532
276.043	275.479	103.791	145.097
259.540	275.508	120.923	147.177
244.166	276.648	138.142	148.607
237.731	275.905	151.314	148.780
233.810	278.525	157.314	148.078
230.086	279.471	161.751	147.737
228.707	279.977	163.884	147.591
228.642	280.659	163.970	145.898
228.655	280.889	163.677	145.596
228.754	280.533	163.315	144.693
229.838	279.616	161.967	143.929
230.443	278.817	162.478	143.166
236.764	276.971	157.523	144.345
247.923	275.252	148.487	146.068
264.785	271.940	132.639	147.130
285.987	267.678	111.529	149.869
305.729	264.690	101.631	153.433
312.887	262.661	101.922	147.224
317.813	261.646	108.183	148.127
323.006	258.836	133.054	151.400
322.863	255.827	169.059	150.934
327.950	251.899	181.483	154.461
336.295	251.517	179.882	153.544
389.825	242.987	147.004	162.578
409.835	241.013	130.097	155.916
436.896	235.803	111.809	158.575
465.855	231.369	115.060	159.512
460.521	224.284	149.031	166.461
445.497	220.783	189.450	167.146
443.999	220.060	199.427	168.773
446.382	219.281	195.732	169.271
454.262	214.608	180.717	176.035
469.004	215.858	159.341	175.364
478.498	213.318	135.639	179.796
484.635	215.807	125.945	177.086
485.005	218.217	122.840	173.786
483.886	219.916	120.837	169.099
477.747	223.197	122.568	165.575
467.675	227.420	126.770	160.864
456.003	232.012	134.308	158.078
445.690	233.758	148.230	158.497
425.379	234.153	172.250	159.220
418.253	246.224	177.182	147.578
408.452	245.883	162.686	149.943
417.193	246.225	135.824	160.557
377.024	241.686	109.938	162.633
367.889	248.381	121.826	175.683
346.495	248.685	147.081	173.348
314.719	250.984	178.928	168.912
275.491	256.088	218.433	154.798
269.603	263.318	182.309	165.047
269.456	264.057	159.206	162.904
272.027	266.310	148.055	163.782
280.830	264.409	139.897	163.231
281.970	267.172	124.105	163.567
267.006	269.857	126.444	164.455
246.926	272.696	134.970	163.032
237.496	271.039	146.732	167.130
229.108	271.577	156.484	168.403
225.235	271.002	157.249	173.169
222.159	271.486	154.386	173.946
220.588	270.905	150.617	174.523
222.448	270.269	143.612	174.746
225.877	269.817	138.062	172.748
235.380	268.394	127.518	172.855
244.328	265.504	118.542	173.753
259.420	262.947	105.917	174.517
271.968	267.102	99.702	170.551
277.795	269.106	100.417	166.532
283.576	267.442	104.071	166.672
283.228	266.713	135.349	166.690
273.632	258.617	172.414	173.721
269.994	258.444	189.988	171.274
278.281	258.446	192.722	165.349
301.409	257.244	196.287	170.173
356.602	249.835	158.184	175.463
369.102	242.998	140.876	174.291
410.481	240.953	138.111	163.544
417.211	239.385	156.152	177.863
407.329	238.898	212.057	176.053
413.152	224.807	231.672	190.779
424.024	213.840	216.607	201.877
448.078	211.833	182.967	198.031
478.172	204.340	142.739	196.262
497.386	204.799	120.209	190.523
501.985	205.539	114.200	186.737
506.767	202.504	119.980	180.817
507.447	199.953	129.595	177.921
501.335	198.429	141.407	172.823
493.098	200.553	157.607	168.978
477.358	195.778	175.912	170.613
454.639	195.214	198.573	169.251
427.537	186.392	215.771	173.475
410.564	182.812	221.228	177.247
385.392	185.000	220.536	171.227
352.799	190.210	223.387	171.221
285.337	197.819	268.951	166.144
265.563	200.631	272.497	169.048
247.895	211.689	266.709	161.392
248.260	207.508	216.120	172.740
224.575	222.179	197.545	161.518
182.089	222.453	173.620	167.955
159.369	227.796	179.804	165.381
150.376	227.367	185.205	169.993
131.250	235.215	204.601	169.596
118.196	236.929	212.688	176.395
103.195	242.513	236.673	170.803
100.083	245.604	245.919	173.329
103.551	246.519	244.831	166.104
107.841	252.972	244.294	162.965
161.324	262.377	191.461	151.219
216.406	253.565	139.954	167.433
245.159	253.718	117.454	176.104
267.487	252.240	104.216	179.956
278.407	254.854	107.164	189.051
287.683	254.238	109.455	188.868
296.819	255.913	115.115	195.236
301.187	253.264	132.376	197.229
291.420	250.766	160.403	198.218
277.084	241.185	186.422	205.503
270.415	245.471	237.788	195.019
265.776	246.503	254.146	183.829
277.226	245.231	247.051	186.382
300.326	241.120	214.743	193.675
319.280	246.169	175.728	191.844
341.661	237.403	152.557	203.208
362.275	225.988	171.847	219.306
336.018	224.162	213.811	218.946
317.578	225.329	245.781	221.087
306.380	217.356	262.363	223.930
299.680	216.195	263.573	215.536
300.667	210.508	245.588	217.712
300.681	205.444	227.036	214.012
306.403	202.636	214.459	212.158
307.020	202.873	207.963	209.522
313.312	192.978	197.102	222.115
312.322	193.678	197.480	219.132
311.752	199.078	204.556	224.129
308.466	202.888	211.485	227.014
310.108	201.892	211.996	238.525
312.098	203.655	221.317	241.864
318.788	203.197	246.360	247.255
315.147	205.860	253.800	231.212
313.903	207.058	267.696	225.475
319.930	199.746	255.920	222.959
327.405	196.392	245.229	221.329
336.776	197.369	229.052	219.995
376.538	197.617	167.521	220.968
387.253	196.882	138.757	228.015
399.344	204.812	129.749	227.883
407.482	210.608	125.481	240.500
384.554	211.281	161.874	239.478
371.582	212.460	188.202	235.503
367.078	219.422	198.804	223.127
341.768	225.443	239.740	217.617
321.945	219.758	256.765	227.893
312.255	216.423	275.506	232.514
302.470	221.512	280.943	217.225
297.502	225.748	282.097	209.847
291.583	225.047	288.689	212.297
286.894	226.139	285.455	221.600
281.129	221.741	283.950	232.007
264.121	219.455	283.967	219.903
258.314	215.107	286.274	216.595
255.273	211.378	284.523	219.403
253.213	214.490	276.706	230.468
243.996	215.788	263.595	244.126
235.814	217.645	266.196	243.795
240.975	220.369	250.734	244.870
242.210	218.336	234.705	253.374
241.486	215.112	217.011	262.988
237.407	216.055	206.432	270.986
234.460	215.428	201.839	281.187
231.742	221.699	195.091	274.475
228.817	222.728	187.383	266.774
210.686	224.671	203.522	243.491
200.449	216.202	214.846	228.152
197.418	207.250	220.620	214.569
193.247	209.625	231.795	196.370
201.682	218.392	224.775	187.835
208.972	224.978	215.962	188.184
223.830	226.736	209.701	213.526
251.450	224.019	193.331	225.689
271.833	230.800	192.113	232.000
275.540	228.451	207.953	269.727
270.601	224.921	210.712	288.221
269.240	221.726	221.080	292.332
263.790	214.229	282.922	270.575
261.085	210.000	339.005	271.774
267.706	209.111	336.485	266.567
283.180	207.032	331.978	264.410
308.525	202.441	307.297	274.160
334.982	208.395	278.846	274.189
369.454	208.766	243.809	279.811
415.333	214.826	200.015	275.741
462.434	229.797	160.817	267.108
498.695	234.942	147.863	249.535
507.801	226.637	159.576	254.362
511.156	222.507	183.764	250.965
500.276	221.136	226.890	242.299
494.481	220.280	258.404	249.222
476.066	215.522	293.460	245.390
472.422	207.439	302.424	251.733
459.985	201.375	312.844	255.312
440.467	195.178	330.243	246.966
426.736	189.451	339.711	242.859
410.889	184.550	341.839	235.705
390.853	179.380	348.814	238.662
372.127	179.757	361.073	237.106
355.436	180.137	364.768	239.686
349.676	182.383	357.273	245.482
340.359	189.990	345.411	257.254
343.313	193.166	316.948	271.990
349.925	198.172	276.243	278.642
379.646	195.457	196.377	294.857
383.000	197.729	161.208	298.138
332.866	202.881	196.189	300.733
281.396	201.998	264.610	302.353
271.399	194.833	284.309	315.643
269.605	197.397	315.464	307.264
255.384	192.066	355.631	312.735
252.287	190.067	360.957	316.045
275.217	187.019	314.421	323.851
296.641	175.185	219.671	336.789
308.222	182.204	165.471	330.260
285.666	185.796	199.403	320.226
236.566	186.075	279.478	315.670
199.037	185.897	332.842	318.467
172.996	187.313	364.119	319.688
161.466	185.966	387.212	319.945
161.533	181.754	393.157	326.193
168.693	174.245	373.144	334.497
177.806	174.297	330.362	336.708
199.370	170.346	279.987	343.579
222.149	177.015	231.682	335.138
240.015	181.006	185.863	331.792
246.002	182.889	162.163	328.373
248.436	189.113	151.490	322.217
245.082	193.773	153.230	317.151
244.807	194.928	154.267	313.113
244.851	196.089	160.353	310.357
242.594	196.954	173.214	310.165
238.406	200.884	182.180	309.080
233.873	197.479	203.392	316.409
215.570	198.623	249.605	318.425
195.816	197.041	310.087	328.299
180.732	196.211	367.122	338.515
172.901	200.285	421.789	335.044
179.415	198.746	426.733	344.485
192.670	195.490	440.296	360.704
213.564	191.628	423.407	374.270
289.989	193.986	336.293	371.545
333.556	200.633	279.135	364.717
369.155	197.776	253.863	362.211
435.656	197.366	222.362	362.041
444.722	199.852	273.674	352.182
423.107	190.686	347.077	359.153
391.490	186.976	407.869	366.233
358.047	191.641	449.830	367.008
344.218	192.317	458.415	370.222
339.361	190.788	451.770	374.694
343.968	187.780	421.344	380.145
361.068	182.888	372.299	387.033
393.232	179.730	285.150	390.410
431.352	187.950	222.490	381.433
454.580	201.839	183.115	367.166
455.488	217.258	175.130	347.563
459.076	220.309	155.820	345.483
454.366	214.736	168.085	336.949
451.495	225.399	170.678	344.836
450.830	230.822	173.558	332.987
455.826	229.851	171.345	326.145
462.767	228.478	168.290	325.321
464.495	230.578	175.077	323.746
461.311	232.882	187.854	321.373
458.589	232.201	200.020	331.862
459.716	228.309	208.275	333.768
445.762	231.682	229.994	328.844
422.942	235.508	258.450	320.457
412.473	232.049	271.011	319.888
406.437	226.452	284.967	314.178
411.704	226.549	287.273	309.706
393.245	226.199	308.509	299.247
366.450	229.197	341.140	300.690
369.806	223.009	315.875	313.791
380.532	225.157	284.496	314.973
407.238	212.842	232.872	329.164
421.633	230.490	195.742	312.646
427.060	245.231	179.266	297.196
427.637	259.130	172.885	281.638
416.874	267.560	181.844	272.151
407.312	268.619	188.754	267.001
389.651	263.155	187.783	260.263
370.811	261.198	183.103	244.722
354.794	260.139	185.014	235.509
346.959	256.997	174.098	230.435
355.914	280.824	160.345	203.602
291.019	277.927	204.917	201.262
262.687	242.639	201.714	198.167
274.088	209.952	196.723	213.912
296.561	260.160	170.999	193.609
231.971	170.896	207.581	247.630
79.564	44.200	190.408	192.880
113.653	46.763	182.837	176.338
118.782	44.936	192.674	154.162
133.647	59.900	170.660	146.181
153.893	52.889	174.628	151.343
28.450	231.796	184.023	206.459
31.390	244.200	206.951	208.856
22.725	248.938	188.495	200.449
31.862	244.148	162.482	207.812
31.617	246.640	158.993	200.506
41.762	243.413	150.978	205.309
54.316	234.981	162.328	211.875
59.112	229.706	197.838	216.169
63.968	244.129	234.279	208.982
71.445	234.764	289.045	215.193
93.929	234.746	320.503	199.103
119.949	226.181	307.592	212.577
151.502	224.329	271.050	223.396
182.228	225.293	258.658	231.851
188.993	225.838	272.102	231.426
260.038	212.010	248.917	265.305
292.798	201.525	295.146	271.956
294.179	200.917	296.533	272.434
300.005	193.326	292.887	280.391
328.784	195.917	262.760	267.025
355.196	195.345	238.953	260.082
355.561	191.858	243.218	267.196
346.239	197.472	262.765	261.528
334.729	204.000	278.024	254.595
323.626	203.022	289.809	254.621
314.453	205.292	299.957	252.843
302.305	207.031	308.354	252.286
284.759	204.008	318.506	259.799
269.074	205.548	324.562	252.515
263.185	202.419	308.137	261.583
251.546	208.807	311.488	245.736
246.462	211.616	306.557	248.739
243.679	215.509	299.709	248.747
239.903	223.337	299.129	244.988
240.431	227.039	298.689	246.142
242.634	232.514	299.870	240.830
248.150	233.669	296.198	236.533
256.081	230.630	288.911	242.477
269.819	226.884	270.287	242.781
299.162	226.393	231.128	234.479
341.584	234.380	180.540	219.127
342.714	230.341	193.660	213.312
345.610	232.532	204.657	197.563
348.238	236.264	254.070	202.211
352.412	236.699	265.409	198.299
362.713	231.779	272.104	194.170
369.809	225.760	260.917	199.611
406.086	233.529	217.517	176.225
423.795	239.406	194.431	166.374
412.963	244.160	198.182	158.731
385.902	255.697	214.329	142.276
344.443	254.030	238.164	141.900
334.877	220.544	220.480	169.187
337.346	221.565	202.929	166.934
309.294	221.371	188.900	169.886
327.369	207.702	162.252	184.799
168.832	213.078	198.617	157.654
146.694	225.024	180.269	149.572
139.910	229.785	180.593	153.266
132.041	237.418	191.909	144.529
135.676	238.871	223.257	145.150
252.575	227.686	125.200	207.962
115.201	207.967	245.401	180.248
87.568	202.560	202.293	185.067
83.847	208.586	213.108	175.593
94.322	212.373	205.393	169.260
144.385	195.912	173.100	182.297
152.493	202.215	160.544	180.364
180.608	214.643	146.957	170.375
210.122	217.529	190.675	176.405
251.480	228.001	185.305	195.005
280.867	228.673	167.054	210.672
287.436	222.787	164.527	204.331
295.108	220.946	161.710	207.798
296.027	219.682	181.296	211.238
299.417	211.249	214.964	210.535
336.399	202.392	215.582	227.476
362.606	197.013	199.723	236.471
369.233	194.011	195.338	252.012
375.662	185.964	195.043	251.307
397.105	186.767	183.805	195.765
406.230	190.172	197.774	196.606
399.916	190.076	213.794	200.217
405.774	184.258	211.093	205.979
398.472	187.373	223.188	200.855
371.363	189.628	237.147	192.975
357.195	197.828	252.687	192.911
345.665	195.265	240.158	208.285
336.175	206.317	236.240	198.314
326.243	218.580	223.363	190.652
313.621	228.249	174.539	172.071
304.547	235.969	166.315	191.287
295.719	244.120	165.085	184.056
290.143	243.738	160.607	188.111
283.944	246.679	135.187	183.514
271.551	251.580	99.700	179.366
247.121	257.310	116.953	173.386
227.368	257.093	121.531	167.705
214.646	258.399	136.390	167.097
209.232	255.706	151.158	173.393
207.338	251.492	175.772	152.895
207.417	251.540	201.434	153.647
207.171	251.828	203.072	146.360
208.482	252.714	215.518	126.477
240.756	250.409	182.530	129.602
271.935	253.035	160.048	120.524
294.711	249.983	143.731	119.391
301.847	253.855	144.702	116.166
308.003	247.761	135.073	123.642
331.327	247.335	133.840	127.261
347.453	240.037	145.142	143.832
417.710	241.965	133.139	157.751
417.548	236.665	138.697	157.255
433.875	244.217	138.944	151.649
439.289	250.536	140.338	144.962
442.366	252.831	142.390	145.664
447.581	255.706	143.903	138.928
439.676	254.554	155.346	131.977
445.952	256.165	152.019	130.291
449.200	259.765	148.291	120.742
453.324	259.250	144.790	118.316
459.048	259.553	136.896	123.255
463.693	258.383	127.989	125.408
450.679	256.522	135.226	128.449
409.560	260.315	142.552	133.059
370.617	254.434	137.810	144.430
357.560	248.167	127.353	141.509
347.477	249.980	108.366	139.319
345.282	246.983	94.338	142.983
337.080	246.937	98.080	132.970
323.924	242.206	118.023	133.683
308.049	235.708	141.633	138.515
295.828	224.980	160.695	156.993
282.241	219.014	175.793	164.683
280.370	218.009	190.659	167.729
281.512	219.501	208.558	165.975
307.490	226.366	217.702	159.639
329.456	231.639	203.952	154.936
358.043	238.171	174.530	153.509
372.646	239.639	164.437	153.249
392.575	240.321	179.796	144.884
416.138	240.647	169.885	146.124
432.374	230.986	176.259	143.330
443.471	237.744	174.845	137.008
447.325	241.870	170.830	122.523
446.556	239.710	174.087	121.322
421.250	239.927	195.217	116.093
412.785	240.086	204.566	121.401
392.040	241.506	220.922	125.280
383.878	244.354	217.350	122.877
370.388	247.227	231.720	129.436
352.363	249.679	244.207	136.330
347.082	250.036	216.892	145.679
338.895	252.147	206.222	146.250
339.332	257.813	194.341	141.906
338.440	258.398	155.973	140.711
339.657	255.723	128.104	141.320
349.230	255.131	114.636	137.244
355.215	255.110	105.250	135.384
361.374	258.442	98.246	130.332
367.207	258.626	99.010	123.589
380.905	257.978	103.195	121.339
393.680	256.252	108.745	120.039
404.443	255.331	114.614	121.573
408.270	262.478	113.432	121.514
419.742	258.364	102.214	122.063
461.904	246.622	133.528	131.755
445.780	502.237	160.166	73.095
447.321	476.491	133.039	94.694
490.675	458.045	130.538	81.531
490.174	452.450	132.299	96.576
481.277	441.487	147.069	118.050
480.458	383.830	148.576	135.192
484.840	280.323	159.582	168.727
482.132	178.195	146.318	170.833
497.780	225.840	140.987	112.079
526.158	225.713	124.917	112.176
528.365	197.784	115.789	136.546
475.387	72.853	129.155	124.060
432.131	158.535	139.263	98.802
477.799	247.606	141.329	101.962
486.682	254.407	105.810	108.786
485.941	253.685	95.437	119.324
469.715	253.483	109.890	123.370
480.187	253.905	101.205	125.239
448.925	246.698	123.608	142.866
442.030	119.559	140.709	149.145
398.134	239.742	112.025	125.009
390.687	242.445	116.690	118.268
380.852	244.872	121.703	116.716
375.896	243.205	121.865	120.278
367.340	245.419	134.459	117.273
363.405	246.271	138.269	118.985
362.756	246.434	146.387	118.963
360.436	246.548	143.456	122.642
359.738	245.706	142.998	122.925
363.026	244.522	151.401	125.399
365.022	245.353	156.876	123.842
365.175	245.896	145.924	123.255
368.511	246.260	143.643	123.091
369.775	247.261	145.526	122.870
370.647	246.765	143.092	123.049
373.313	249.347	146.172	120.125
374.895	250.701	144.045	120.529
377.360	250.055	143.244	124.693
378.500	252.543	147.813	121.262
384.088	253.861	151.296	122.966
390.317	256.369	147.729	121.949
393.261	256.890	150.016	121.273
399.439	256.860	148.455	122.510
405.073	255.884	144.656	123.003
410.729	254.010	136.780	121.094
411.062	255.205	135.570	115.207
411.085	255.229	132.235	117.259
410.165	255.107	135.341	117.143
409.475	254.401	135.203	118.242
406.257	251.979	137.060	120.675
405.434	250.668	139.515	122.343
404.626	249.413	147.221	121.368
404.880	246.681	144.097	124.863
404.857	247.098	145.074	124.253
407.511	244.768	142.764	127.439
407.578	244.687	143.289	128.406
407.410	241.925	141.917	131.451
408.040	243.297	143.651	129.895
408.652	241.691	142.409	131.598
409.439	240.839	141.324	132.153
409.787	241.135	139.910	132.183
410.042	241.486	137.714	131.780
409.615	241.330	136.400	133.135
410.089	242.425	138.149	131.697
409.626	245.610	139.317	128.601
407.503	246.235	144.394	128.164
403.663	248.245	144.367	126.242
399.167	251.290	149.512	125.623
395.391	252.344	148.801	129.631
387.420	256.331	156.804	127.361
380.225	256.598	161.986	129.240
374.380	257.337	167.540	129.659
370.615	257.450	163.011	129.787
367.613	259.578	160.479	127.168
363.252	258.767	165.065	128.166
361.630	259.888	155.855	126.916
364.180	261.276	150.502	124.379
363.527	258.461	140.502	124.577
368.559	261.047	127.618	122.800
374.049	262.617	121.863	120.436
377.877	261.226	113.669	121.582
378.379	261.685	107.416	120.654
381.070	260.750	104.880	121.308
381.864	261.966	110.379	118.936
389.483	259.785	112.974	119.497
396.024	257.564	98.060	122.665
400.282	257.142	92.363	125.353
404.279	259.283	88.414	122.927
407.682	257.656	84.899	115.970
397.310	256.608	82.275	103.178
401.433	254.744	92.992	110.616
396.141	254.136	96.655	106.364
398.483	181.763	118.355	121.846
393.346	143.713	135.407	119.397
377.308	248.469	106.094	106.394
359.530	245.939	112.662	91.050
370.817	203.868	104.515	131.196
368.912	242.344	133.918	135.842
367.454	248.800	119.206	123.352
368.605	232.209	142.418	121.325
374.038	138.430	127.696	135.038
379.522	225.627	112.158	142.234
379.709	139.779	116.950	133.506
353.271	128.998	130.285	128.055
392.737	240.105	121.108	152.663
395.489	253.979	121.854	147.154
391.867	257.146	123.940	135.062
391.205	256.264	126.448	136.035
388.895	258.708	128.306	137.786
385.576	257.221	126.308	138.102
356.675	161.231	128.947	121.375
357.278	176.333	122.664	103.654
364.536	174.357	118.244	103.987
367.537	164.198	107.066	113.949
361.211	170.194	112.633	111.352
388.870	163.899	117.376	113.367
437.289	248.273	95.013	120.740
438.073	258.774	95.544	100.406
411.464	256.081	109.783	104.270
428.565	261.500	108.373	104.604
426.980	259.298	81.965	108.788
423.263	260.082	79.804	105.083
419.555	265.155	78.554	95.113
415.352	265.126	81.734	96.818
423.963	267.139	79.602	95.684
424.934	267.616	87.818	99.769
432.589	263.121	104.059	108.775
430.514	269.549	110.605	107.814
435.503	268.938	106.318	111.003
448.576	272.544	99.664	107.452
446.309	275.640	105.080	102.912
442.508	271.366	107.682	105.291
437.599	270.851	107.625	106.666
433.195	271.615	113.597	105.466
425.753	267.267	111.215	106.531
416.818	264.955	118.739	107.234
412.039	262.810	116.372	110.876
420.402	263.027	104.905	117.063
410.701	265.192	109.977	108.972
395.755	235.020	116.051	109.754
403.332	259.322	98.735	112.335
388.336	256.597	98.411	106.050
359.170	218.059	118.385	105.299
354.608	181.106	107.079	119.294
376.227	261.991	106.020	124.609
372.383	274.181	100.558	132.446
332.137	270.647	94.596	105.627
324.484	273.669	97.747	102.414
306.046	277.487	93.202	98.328
298.779	279.028	98.377	97.515
283.878	280.560	110.881	98.945
265.958	282.227	126.911	97.478
266.892	280.647	124.764	103.023
262.298	283.593	128.344	102.456
262.343	283.504	136.235	102.660
265.749	284.772	132.721	107.243
270.261	283.574	128.309	109.054
272.150	281.221	128.673	112.374
292.384	278.780	119.551	110.671
314.776	275.840	113.456	113.341
333.648	269.764	109.049	114.447
345.508	268.828	99.997	114.050
350.400	267.925	96.475	113.955
351.914	267.506	102.844	114.848
356.699	269.137	110.870	108.305
361.073	270.441	133.245	106.415
368.589	274.885	133.950	108.308
377.875	274.598	131.938	110.653
382.554	272.181	126.868	113.512
382.739	272.626	129.192	114.228
386.438	275.199	129.945	112.102
392.415	275.438	125.360	110.993
400.066	275.052	120.095	110.029
401.197	273.556	121.049	110.197
409.423	272.344	113.407	111.311
419.954	273.611	104.815	110.112
423.959	272.610	103.751	108.674
422.568	273.427	106.456	109.185
421.888	273.896	106.672	108.650
421.506	275.302	107.606	106.746
422.138	277.334	107.227	106.687
421.495	277.979	109.119	109.585
422.099	278.931	113.671	112.019
420.072	280.064	120.940	111.478
417.810	280.008	128.803	111.724
417.627	282.003	133.648	109.902
424.706	281.889	130.606	110.682
427.069	282.784	130.265	108.706
431.616	286.197	121.618	104.777
433.204	287.029	121.507	106.950
434.767	289.563	118.382	105.954
434.062	286.671	119.426	107.258
436.677	290.795	119.362	98.459
434.902	289.718	120.601	104.823
432.482	293.698	126.656	98.488
434.861	296.728	128.295	90.329
437.345	298.816	134.516	87.720
441.263	298.281	134.404	86.169
448.644	297.728	135.630	90.947
454.181	293.421	132.732	105.698
452.532	291.280	142.041	106.632
460.193	287.721	140.185	116.744
464.866	288.052	145.227	116.689
466.530	287.002	149.195	114.313
472.348	284.401	146.641	117.799
472.891	283.541	148.389	117.350
477.920	283.060	140.982	120.021
480.861	282.658	137.267	119.108
482.502	280.333	134.962	119.730
483.191	278.858	134.557	121.233
483.706	277.903	135.124	121.952
484.446	277.837	134.737	122.698
485.087	278.466	135.194	121.902
485.089	277.617	136.320	122.695
486.288	277.424	133.899	122.733
485.599	275.104	134.952	117.845
484.966	271.553	130.304	118.877
484.201	268.357	128.937	115.195
483.716	263.296	126.217	114.456
483.824	257.699	121.575	112.859
477.482	252.244	130.090	112.226
472.039	247.508	135.759	113.340
468.397	246.953	132.448	114.407
468.833	254.967	119.782	106.584
462.072	253.108	121.440	111.235
463.452	254.458	113.689	108.058
456.418	253.494	95.562	110.395
446.364	257.652	88.834	105.556
425.397	261.774	92.486	97.145
416.212	268.774	99.891	89.556
398.426	267.933	110.247	86.156
362.707	270.166	129.845	91.182
334.285	270.040	143.237	98.721
332.690	269.895	136.494	107.457
331.685	269.753	131.591	110.420
341.218	265.746	116.899	110.178
347.027	265.315	109.923	105.967
348.506	265.709	106.611	101.811
346.182	266.985	111.644	99.941
342.896	267.478	119.684	100.499
341.209	267.499	126.299	101.446
342.473	265.133	124.664	108.640
345.111	264.030	124.271	112.062
352.281	260.513	124.460	114.492
360.767	258.186	119.540	117.668
378.547	251.564	107.707	115.837
399.494	246.038	88.556	116.879
406.865	247.492	74.180	113.778
420.899	248.623	68.545	101.412
420.341	238.402	63.940	105.904
421.535	215.989	69.613	111.069
424.751	184.892	85.564	134.331
431.193	181.566	93.647	118.725
433.122	177.255	106.525	117.538
435.801	176.622	112.055	120.809
440.667	183.762	103.840	108.705
437.139	184.069	113.915	102.129
432.044	198.210	124.994	89.831
431.147	197.930	114.160	87.370
435.189	219.438	110.534	72.171
435.586	226.724	95.284	71.188
440.084	232.761	101.822	71.524
435.664	235.098	85.165	76.726
438.802	239.408	78.463	85.948
433.845	253.245	71.736	94.025
429.016	257.857	80.626	109.011
424.897	263.377	80.189	109.453
420.147	264.073	84.682	111.153
410.083	264.172	92.612	113.894
391.989	267.587	108.397	109.302
370.362	264.479	128.135	113.608
344.626	263.632	151.306	117.434
341.016	261.091	148.466	118.908
339.957	258.297	140.868	117.921
341.335	259.326	129.001	116.929
342.154	264.084	92.560	107.312
346.390	260.128	73.944	108.687
345.831	262.208	65.953	106.257
343.243	259.040	65.038	108.616
339.339	261.788	68.791	104.271
337.577	261.336	68.675	104.468
334.075	264.984	67.722	102.505
333.936	266.369	69.531	101.781
334.187	269.737	67.941	101.435
334.576	272.633	73.936	102.552
327.335	275.771	96.627	103.489
317.640	277.175	115.936	105.416
306.904	277.868	128.967	111.991
305.696	278.327	128.605	111.223
304.996	278.703	129.369	109.850
304.891	280.795	129.798	107.857
305.408	283.299	131.505	101.151
308.522	283.822	127.019	99.395
310.886	284.827	125.893	97.629
314.477	283.691	123.706	98.664
321.339	283.342	120.848	99.306
334.833	279.947	115.602	101.939
347.514	277.733	122.752	100.146
379.117	273.285	95.183	101.067
405.037	270.162	83.232	95.213
410.368	277.628	79.692	88.563
413.982	282.260	83.368	86.251
428.737	278.144	108.997	84.555
442.699	277.629	134.899	83.982
459.808	273.027	126.229	90.984
480.707	273.481	112.013	92.935
501.519	270.065	96.230	96.775
519.870	269.375	82.369	99.411
531.175	269.395	74.700	98.506
533.038	268.854	73.233	97.538
534.651	266.938	73.032	98.565
534.359	266.704	76.404	94.203
533.391	266.118	80.243	89.189
530.163	264.100	86.026	86.527
529.533	265.079	88.215	81.143
529.182	265.360	86.056	78.418
525.736	265.740	91.584	80.208
521.737	263.815	96.579	82.321
516.139	261.489	97.937	85.001
505.467	259.880	100.363	87.411
488.616	261.478	99.711	87.084
471.125	257.627	97.227	92.576
450.148	258.253	113.152	91.025
429.024	249.748	112.838	100.670
404.642	246.175	123.121	100.112
385.635	233.756	128.893	97.251
367.359	223.600	123.030	104.875
354.339	225.555	118.827	101.536
344.339	220.124	116.280	98.669
336.840	217.714	108.776	98.786
328.050	216.387	110.911	98.699
314.440	218.227	115.265	97.024
309.628	219.383	114.905	99.860
303.699	222.687	116.933	105.707
301.952	224.873	114.593	111.298
302.757	234.168	109.485	107.486
311.848	244.362	101.545	97.561
317.357	255.425	98.503	90.936
322.711	259.904	102.010	95.389
333.944	261.608	111.498	98.859
344.707	262.726	120.904	100.963
375.786	273.197	115.245	92.938
390.377	272.230	119.185	100.197
414.548	275.053	110.691	101.319
428.436	274.537	124.036	106.299
440.487	276.557	135.876	105.645
467.197	273.713	127.844	100.141
486.742	280.382	124.020	93.146
508.705	273.960	113.772	91.282
525.385	275.340	108.774	88.978
527.817	276.706	121.168	70.727
546.472	276.065	120.556	61.005
555.143	274.573	118.716	53.152
547.314	271.402	133.464	53.381
549.846	270.623	132.758	54.083
549.601	269.844	132.819	58.508
540.979	274.707	127.715	65.683
540.870	273.462	106.556	77.850
543.641	275.447	97.201	84.224
539.221	273.161	91.966	91.124
536.354	270.845	77.591	96.317
536.361	273.042	61.477	105.261
535.282	274.430	55.093	114.319
534.320	269.814	56.441	119.297
524.420	272.460	73.114	118.058
514.402	276.508	92.449	117.714
508.735	278.657	103.093	109.788
502.700	277.791	111.058	107.660
491.967	274.920	115.747	104.452
488.509	271.014	112.184	101.672
481.860	267.308	104.231	98.661
456.031	260.884	105.667	91.821
443.927	262.632	82.201	83.455
435.292	258.379	78.379	82.564
425.804	254.217	77.038	85.487
415.086	251.788	77.387	85.957
394.418	254.294	70.616	82.894
381.529	259.067	69.988	79.358
368.365	263.168	77.274	76.623
352.852	267.324	84.882	80.620
345.147	272.666	84.430	83.143
340.209	278.917	85.630	82.340
337.451	281.136	86.266	84.865
337.933	285.563	86.460	84.155
341.416	286.281	80.121	87.342
349.174	286.429	72.410	86.700
361.907	285.996	66.890	85.767
376.350	282.234	61.899	83.764
387.182	279.814	61.937	76.151
394.122	275.624	54.530	76.619
400.513	271.680	60.583	78.011
401.389	257.612	54.699	74.568
402.389	256.708	63.724	66.974
405.265	262.713	73.017	62.133
408.597	258.027	69.884	63.068
405.403	259.624	65.405	63.007
402.982	271.776	60.827	63.615
401.139	277.730	52.280	70.341
399.862	279.112	49.929	75.808
398.385	283.315	54.553	75.753
394.367	286.679	57.242	76.760
385.681	291.475	55.932	85.516
376.126	292.092	66.960	88.131
367.256	288.447	85.376	97.790
365.463	283.869	102.836	90.621
366.993	279.551	122.801	81.653
385.644	272.475	125.375	52.489
401.143	258.828	139.508	51.363
430.788	247.689	119.168	53.754
464.857	240.415	102.329	56.083
475.477	231.397	98.410	63.969
506.501	233.599	102.474	65.661
521.589	238.367	108.218	67.245
539.481	243.089	103.983	69.230
548.379	245.225	98.878	77.227
546.865	247.652	103.241	84.279
550.903	254.564	97.278	88.579
550.091	255.689	94.431	92.331
547.273	256.780	90.393	92.129
545.641	259.115	89.845	91.346
544.709	259.457	89.205	90.512
543.246	255.962	87.315	88.388
541.839	254.171	87.015	81.871
540.232	252.929	82.141	77.140
539.520	250.573	80.993	75.838
538.288	250.528	77.200	75.544
535.746	251.444	77.715	74.446
527.886	252.781	84.186	73.059
520.265	253.278	92.272	73.677
512.841	254.290	98.192	71.316
506.244	256.700	105.393	69.554
485.578	258.870	124.220	62.658
466.596	260.343	126.333	59.646
436.097	263.546	109.449	55.005
399.764	264.125	120.011	52.366
376.139	268.525	119.598	49.126
362.440	268.673	114.819	50.817
328.272	271.554	109.662	55.128
309.355	271.610	107.242	56.212
292.699	275.021	109.136	54.774
286.669	277.671	111.778	55.020
288.487	279.997	107.401	58.601
295.537	284.468	101.811	60.945
308.300	285.857	97.807	61.960
316.840	287.236	105.121	62.457
327.371	288.029	113.369	60.958
351.944	279.559	98.750	70.626
386.331	271.491	85.654	75.288
403.787	264.920	73.979	76.651
414.168	263.044	68.059	67.680
418.491	259.833	65.357	62.598
421.520	260.315	67.135	64.886
420.859	263.038	72.133	60.445
420.407	265.471	75.959	60.095
421.347	263.486	74.758	60.965
404.868	263.781	61.856	62.158
390.175	262.469	64.389	64.848
375.193	261.013	76.704	68.012
355.245	260.482	88.258	67.520
340.681	252.106	106.136	78.219
327.339	239.321	92.182	87.295
324.100	216.014	100.616	95.368
343.139	193.471	95.412	65.693
344.036	173.218	87.755	88.686
358.012	149.737	111.110	72.930
370.629	121.851	137.267	95.767
438.078	100.902	126.221	86.964
460.660	100.564	137.309	84.766
489.438	97.668	130.155	92.447
510.261	96.342	124.052	93.886
519.613	99.433	115.448	93.879
520.859	119.055	117.394	68.479
523.263	133.674	114.010	60.770
526.526	129.638	106.493	66.120
530.497	126.402	96.595	76.623
527.346	123.429	97.312	98.875
523.025	118.905	100.365	101.353
521.854	116.373	100.453	104.709
515.532	112.702	101.166	91.927
497.017	99.028	116.324	88.335
480.266	92.876	120.334	84.054
458.656	83.882	127.724	82.581
431.557	69.685	120.406	73.152
414.112	62.544	117.984	69.962
395.830	56.648	121.225	80.901
378.483	51.942	124.710	76.062
345.652	45.369	126.658	84.993
307.003	45.595	117.859	89.172
303.353	55.324	87.048	105.302
287.318	128.081	100.931	87.077
288.513	144.810	91.556	100.481
301.886	153.547	84.032	121.132
321.555	211.711	109.706	94.766
340.939	232.581	109.283	97.060
362.384	246.319	88.946	92.220
380.874	248.151	101.448	88.923
388.256	246.207	89.051	85.649
392.250	232.656	82.280	85.783
383.347	214.535	85.775	79.421
377.374	195.456	106.420	80.114
366.827	175.453	113.915	94.722
342.617	161.019	105.381	93.931
335.876	126.073	104.795	91.552
342.079	94.636	101.458	92.523
350.340	86.819	101.733	81.773
359.611	86.847	105.676	89.480
395.218	26.900	92.113	101.882
418.360	24.358	110.194	88.176
453.427	25.426	113.730	94.350
468.273	41.537	126.418	97.853
499.998	71.481	117.966	91.240
512.237	77.778	108.507	99.100
515.501	117.901	115.518	99.547
511.248	127.400	108.260	105.746
497.703	162.908	122.248	95.380
471.634	165.626	144.308	98.726
452.507	164.470	118.035	101.392
438.864	167.182	104.304	99.731
426.735	152.241	97.379	109.108
409.841	137.982	98.757	105.092
405.023	125.612	98.232	97.850
400.743	101.304	90.760	90.703
384.884	87.709	98.740	99.669
360.990	84.399	124.759	94.379
350.132	80.015	125.871	83.543
337.467	58.634	137.278	79.889
330.602	45.153	118.814	77.286
324.730	40.635	100.475	81.005
324.661	40.620	95.095	88.966
320.551	47.875	88.955	87.777
309.712	62.324	93.399	80.699
306.831	74.248	95.535	76.672
303.640	101.013	100.894	64.937
306.096	117.890	102.087	65.391
325.406	127.832	93.814	72.162
357.324	138.694	90.052	82.875
372.051	141.699	88.297	84.834
382.019	144.459	94.185	85.893
413.789	142.427	85.851	79.736
427.114	136.994	82.318	68.370
437.902	124.948	74.835	66.449
444.955	114.900	64.620	69.677
443.714	99.310	67.873	72.972
442.020	84.396	67.311	69.951
439.658	70.341	76.546	57.497
438.115	55.959	79.622	63.228
437.904	48.520	73.570	69.726
431.846	40.896	75.403	75.078
412.843	36.035	78.387	75.137
402.416	34.432	84.679	74.509
400.077	37.834	85.405	68.013
389.099	40.056	93.681	67.544
382.902	44.365	94.833	86.600
382.123	43.739	93.714	100.781
385.865	67.982	87.025	99.129
389.446	83.353	84.219	98.179
408.042	128.826	78.749	112.874
428.964	160.602	79.727	114.397
437.723	185.362	92.871	109.540
450.380	201.063	84.416	112.880
467.831	208.284	76.833	107.164
476.670	220.501	78.070	94.390
484.813	224.039	85.897	87.590
486.752	224.416	95.982	90.881
487.824	226.070	103.096	97.594
492.331	231.107	103.287	97.090
491.605	232.551	108.677	98.072
490.186	234.296	112.500	96.902
489.323	235.329	113.241	95.591
487.950	236.659	110.562	93.601
486.825	236.346	101.563	91.770
484.827	237.673	91.194	90.220
478.123	239.006	85.214	87.685
471.456	235.695	79.742	90.910
461.943	227.868	78.977	93.288
453.026	214.319	83.378	97.572
443.333	194.123	90.808	96.359
436.912	171.026	91.749	94.885
433.451	150.380	95.431	96.201
428.951	133.786	103.896	91.726
434.682	120.795	85.337	90.681
432.332	88.653	70.441	104.715
432.777	70.755	63.357	103.293
436.539	53.452	58.917	105.759
432.546	47.442	59.920	113.598
425.861	42.071	66.117	108.908
422.003	42.283	73.495	104.261
416.803	46.016	84.606	101.130
410.318	53.147	93.702	98.773
408.327	62.240	98.880	88.477
415.911	70.633	91.503	75.198
415.301	84.431	91.165	79.112
424.741	89.234	79.356	83.730
422.992	91.599	78.584	93.878
424.415	96.124	75.862	97.769
428.378	102.521	63.171	111.181
430.472	101.168	61.145	130.373
430.537	114.362	63.593	131.670
428.241	147.535	69.890	111.107
432.044	162.695	66.810	105.344
432.126	194.701	68.504	93.085
434.228	206.474	69.098	98.547
443.347	218.548	62.227	103.612
449.038	227.775	60.094	102.493
444.427	228.733	66.343	100.266
447.085	224.228	65.384	105.411
446.421	208.797	65.046	113.459
443.850	189.633	69.818	117.828
438.313	174.918	73.527	103.589
445.570	151.109	91.011	103.175
431.314	95.357	69.189	131.557
423.460	68.612	67.765	130.291
430.330	56.560	60.707	116.046
431.990	31.649	62.490	110.154
435.894	21.111	63.244	109.371
433.116	15.753	65.982	105.700
433.131	15.412	64.666	98.803
433.332	9.083	64.595	87.392
434.759	7.503	65.990	91.260
434.746	8.830	66.841	92.517
438.878	12.704	61.563	91.042
440.898	16.417	58.813	91.486
447.624	22.690	52.987	83.851
450.254	31.763	52.582	86.734
451.443	45.768	54.356	98.782
456.465	80.659	58.607	99.791
456.299	88.428	66.325	102.251
458.155	94.741	70.375	111.142
455.741	103.907	64.673	123.277
459.283	114.977	54.035	121.928
462.649	132.727	51.255	109.631
462.636	148.688	52.880	102.695
460.887	161.045	53.191	111.670
459.551	174.207	53.200	118.774
458.748	186.160	56.785	115.182
460.880	197.086	52.072	114.535
460.889	211.376	53.794	105.702
463.848	216.177	50.406	100.553
465.421	222.370	50.930	93.413
462.265	216.604	51.464	98.118
457.856	211.669	54.424	101.199
450.313	189.033	57.877	120.301
449.554	164.107	55.710	133.784
441.497	150.396	60.830	128.631
438.011	137.048	61.946	107.393
438.714	98.707	59.475	123.997
429.664	51.669	62.019	136.676
431.718	27.278	61.962	131.005
434.864	19.610	62.171	99.117
434.642	18.884	55.064	88.564
438.532	14.235	51.705	81.012
435.544	6.769	52.899	79.379
435.862	5.197	52.483	72.361
436.656	1.894	48.401	53.701
439.090	0.000	45.799	59.603
439.907	0.644	44.858	63.287
440.404	0.976	43.968	64.054
442.350	2.114	43.512	63.163
445.233	3.264	47.314	61.645
445.477	4.614	50.058	65.131
448.209	8.948	49.072	85.464
450.902	20.805	50.032	96.641
454.916	50.387	53.225	103.689
453.519	93.384	60.211	99.749
448.445	124.605	58.954	86.520
448.384	141.684	55.781	81.212
450.512	150.546	59.830	87.294
461.690	138.003	58.850	117.468
456.780	170.116	62.649	99.923
461.374	154.227	61.539	109.174
464.353	169.013	57.657	104.504
464.954	169.426	57.720	100.706
465.535	164.089	58.870	100.526
468.562	176.689	57.846	98.279
468.173	176.900	57.178	98.678
469.672	177.642	57.270	99.069
472.401	177.679	53.436	99.626
473.748	179.416	52.957	98.222
473.673	178.284	51.131	97.970
471.484	176.453	54.841	99.617
469.264	176.615	56.828	102.942
464.908	176.630	60.276	105.085
460.855	173.200	62.535	106.168
457.506	169.774	63.477	108.916
453.151	171.536	65.216	106.379
446.580	172.089	70.614	105.235
439.485	174.061	73.274	103.826
433.578	173.712	76.266	103.349
426.960	173.917	74.443	103.151
419.184	175.965	70.729	103.495
411.773	174.992	69.432	101.738
397.541	172.864	74.033	102.613
381.587	167.284	81.933	106.258
364.012	173.402	85.611	101.922
357.119	182.046	82.262	89.555
343.315	156.604	80.578	103.156
319.705	130.803	85.924	115.421
305.231	122.282	85.831	106.075
293.833	119.471	85.747	96.519
287.563	116.306	102.232	96.189
282.671	113.661	126.939	96.038
272.961	108.872	146.886	102.087
261.523	109.327	144.684	106.764
252.139	110.664	129.685	109.521
248.216	125.511	120.993	100.613
245.905	131.909	112.318	104.928
241.369	157.934	130.162	90.475
246.298	169.320	129.279	96.731
252.208	171.317	116.705	113.287
258.786	186.348	115.048	109.515
277.337	192.176	101.072	108.442
282.085	202.257	103.152	104.701
287.320	206.611	98.902	98.412
285.387	215.582	99.728	84.603
288.086	221.152	102.581	94.566
286.381	221.507	104.823	94.207
290.308	222.319	103.753	94.373
295.493	221.454	100.963	95.103
301.897	221.941	99.340	94.846
304.614	220.709	100.329	95.873
309.751	220.369	97.307	96.095
312.519	217.650	91.612	97.624
318.216	218.642	95.238	98.408
335.781	217.276	91.328	99.714
342.800	217.226	85.395	98.826
351.509	214.807	84.413	101.107
364.672	210.053	80.919	102.865
374.267	202.152	77.758	104.899
394.868	189.356	69.444	106.810
418.040	180.724	64.209	110.012
415.072	171.270	65.016	115.180
426.774	150.061	68.424	121.075
430.901	125.280	62.365	128.559
434.547	98.395	70.534	131.535
437.526	91.535	73.158	119.317
440.444	81.043	72.953	117.733
452.590	67.365	70.887	127.422
455.397	61.525	65.169	134.701
461.731	63.491	69.108	136.973
461.755	71.933	73.275	130.770
466.573	98.934	72.423	108.729
475.992	102.019	69.489	107.377
478.016	106.963	64.892	104.200
470.780	121.151	64.905	99.263
468.486	127.204	61.205	102.678
462.722	129.337	74.144	97.007
461.169	132.386	74.193	106.613
458.474	138.531	76.265	130.425
447.444	141.400	85.316	125.408
433.931	156.019	80.506	138.911
422.955	172.997	84.733	127.380
412.818	180.260	90.218	121.193
404.294	183.296	95.491	118.463
391.753	187.753	108.982	118.483
379.038	184.353	111.347	118.880
377.213	179.230	114.077	120.107
371.303	169.417	114.078	123.373
372.463	157.139	115.798	124.834
372.869	143.603	112.054	112.892
379.383	127.154	105.951	114.782
390.942	119.292	89.883	98.948
392.176	109.355	94.991	89.439
405.170	102.519	89.895	97.346
407.187	97.568	88.499	99.956
414.745	99.559	100.038	95.509
419.984	97.318	104.195	96.412
431.111	102.470	93.721	91.243
434.039	108.278	90.827	88.052
431.657	115.189	83.756	86.050
438.275	117.491	79.385	85.295
449.714	134.575	95.830	98.345
465.321	168.480	105.412	108.188
469.410	169.649	99.605	106.164
459.005	154.166	111.065	120.218
477.890	129.888	102.635	100.316
472.131	138.620	99.365	101.120
441.667	157.886	121.996	113.153
436.913	144.995	110.482	118.063
403.439	199.466	131.872	84.476
397.066	200.227	120.644	83.263
417.535	201.684	103.159	91.763
391.151	184.383	110.926	93.274
375.351	189.251	115.766	91.631
365.014	198.921	127.365	78.325
361.204	185.632	112.885	96.061
362.334	195.460	129.420	83.994
367.457	192.971	123.153	82.260
354.671	173.596	108.655	103.150
350.422	177.233	114.902	97.553
348.919	164.593	95.168	111.690
349.781	171.038	98.969	95.141
352.371	133.784	93.512	100.271
353.908	110.616	88.883	115.123
351.096	140.843	95.684	96.408
346.463	129.557	68.681	107.710
413.521	15.883	62.337	100.825
417.701	12.162	59.730	92.788
418.853	8.454	60.188	88.909
420.077	8.199	57.292	81.129
419.564	6.327	58.121	76.809
421.390	7.119	55.819	70.799
421.112	5.533	56.310	77.985
425.536	10.401	51.454	88.070
429.664	16.804	50.312	97.153
429.085	16.099	54.696	103.475
430.006	26.371	63.207	100.840
433.958	45.566	83.955	89.575
441.072	45.648	84.988	99.720
428.861	47.072	108.664	106.124
413.122	55.384	138.959	96.942
490.629	56.407	88.287	109.992
495.278	61.231	90.651	103.515
496.633	62.912	93.190	98.948
488.043	65.611	101.959	101.434
489.360	71.205	110.276	118.770
476.241	74.114	129.643	116.929
480.960	83.832	129.673	107.403
489.359	95.496	125.487	94.378
496.739	100.615	122.744	89.082
501.220	113.317	119.711	88.400
496.849	129.380	123.939	85.920
485.887	141.886	126.476	89.693
475.203	157.193	119.074	103.856
466.556	173.824	119.276	106.551
463.313	189.965	110.361	114.433
462.307	201.243	111.121	109.989
469.068	216.474	99.197	111.141
469.066	222.033	96.660	113.980
469.051	224.721	99.088	114.901
471.839	222.275	99.564	110.225
471.348	217.021	105.190	109.962
474.194	206.871	109.193	117.198
479.619	203.783	111.419	104.317
488.774	191.093	115.296	113.057
498.876	174.758	126.525	128.050
492.592	148.878	141.990	126.398
500.528	123.432	139.021	120.662
492.612	94.393	149.014	125.046
490.844	64.621	152.503	127.888
492.244	42.955	146.821	139.496
493.151	25.501	135.737	135.020
489.278	19.190	128.603	115.334
482.099	11.824	127.616	98.774
474.553	7.375	130.163	88.867
457.953	6.866	129.852	81.216
438.230	1.946	132.627	73.964
427.234	2.997	123.961	75.344
427.597	2.414	114.383	76.175
428.150	1.937	109.731	72.876
426.062	5.226	105.371	70.880
417.957	7.475	112.650	78.115
401.590	10.763	128.560	84.430
397.280	13.949	129.467	87.764
385.036	22.384	135.386	102.879
379.050	44.763	127.533	125.641
375.869	89.011	119.698	103.083
370.761	95.754	117.666	103.170
360.912	95.162	122.879	111.000
346.010	104.608	135.592	111.353
337.797	121.420	135.553	98.437
330.975	143.519	125.797	83.889
323.088	154.288	131.329	76.056
316.158	179.015	132.987	55.943
307.746	181.807	130.026	57.284
302.252	184.858	127.888	57.255
298.325	178.287	125.903	59.591
293.321	181.974	125.229	52.729
286.752	172.909	125.274	55.240
288.210	172.877	120.531	55.262
283.008	165.505	118.085	56.233
285.871	168.451	116.666	57.550
293.146	170.576	114.113	58.664
291.365	176.175	116.080	55.442
302.442	180.642	113.019	55.994
296.880	185.654	114.558	54.126
297.496	189.078	114.433	52.308
303.818	192.356	113.630	52.159
305.387	195.917	113.973	52.036
321.343	197.870	112.854	57.551
327.369	202.392	110.518	64.623
313.325	207.039	127.250	65.875
310.187	207.017	136.643	72.071
314.464	208.624	143.659	76.657
320.883	208.120	147.383	81.974
334.616	211.831	145.939	83.857
341.293	212.591	139.891	82.279
347.562	211.197	146.578	82.583
356.712	208.101	139.860	80.714
373.457	199.662	125.313	82.508
397.548	187.699	112.784	81.318
392.527	165.231	116.172	79.013
387.599	143.840	131.203	76.019
372.341	129.400	134.399	73.253
389.271	111.863	116.264	98.684
394.295	108.978	109.395	96.144
369.278	82.779	124.374	85.003
369.851	58.331	135.191	76.063
372.126	52.605	137.657	79.451
372.180	48.379	136.291	77.037
369.138	46.386	139.539	77.814
371.089	46.429	132.676	81.272
371.797	47.416	121.830	83.174
375.038	49.416	113.246	93.646
374.847	56.593	114.834	97.146
404.098	89.871	94.882	104.650
402.264	100.508	93.864	101.615
414.281	128.153	90.349	95.930
411.279	146.812	108.598	86.580
403.499	164.850	118.323	80.542
391.640	183.689	131.354	75.842
387.107	185.407	132.576	80.876
407.823	198.843	114.224	84.534
395.431	202.924	116.006	91.975
399.481	205.696	107.377	102.420
404.069	206.430	104.621	110.823
397.366	209.768	105.303	113.789
388.481	210.837	115.947	112.896
380.023	205.536	123.021	117.057
373.424	199.193	115.393	115.202
352.485	193.235	115.918	105.407
342.657	167.301	114.161	108.566
338.145	142.688	104.031	121.355
334.318	99.537	92.768	127.578
333.629	84.357	90.877	122.140
329.506	56.024	94.601	115.477
327.380	36.343	86.303	101.787
317.687	18.421	85.293	111.658
308.177	16.376	87.926	110.673
305.417	13.009	88.618	102.800
302.352	8.988	89.255	79.125
300.766	8.812	86.340	77.795
295.964	9.225	87.816	80.485
293.396	8.853	90.669	84.549
286.504	8.819	94.196	89.115
276.618	10.035	98.484	92.941
271.080	13.219	97.064	107.923
266.636	14.029	98.675	116.488
281.444	52.517	139.177	110.541
277.791	61.426	123.542	126.139
277.493	91.434	146.534	122.765
297.833	122.397	169.976	84.149
293.714	146.132	167.423	73.018
293.367	159.572	158.855	86.886
339.941	187.072	141.475	87.870
307.432	207.096	127.437	107.732
317.412	244.954	126.863	89.525
339.303	228.466	127.774	107.054
334.838	259.659	147.150	81.370
350.733	232.581	118.720	109.487
350.246	224.551	120.758	116.260
350.334	217.850	130.281	121.984
349.575	211.499	130.813	126.297
360.084	199.608	122.237	136.127
391.893	192.570	93.582	129.708
394.283	174.668	93.295	129.568
407.576	133.407	81.188	142.982
412.233	101.983	82.197	129.767
424.884	68.778	83.394	137.500
422.673	24.896	94.817	147.427
413.351	16.554	104.766	126.244
425.627	11.583	88.711	116.068
430.117	16.222	85.879	101.593
434.671	22.611	87.480	88.051
422.257	16.594	107.836	90.835
426.998	10.884	106.428	93.641
418.753	6.547	101.416	97.505
430.903	12.927	89.604	89.175
429.686	13.305	93.946	88.725
430.161	14.795	94.952	86.100
426.402	11.788	94.350	90.678
422.531	4.325	104.973	87.848
430.440	6.531	102.521	91.194
443.187	5.823	84.792	94.049
454.365	11.902	83.412	104.645
444.144	25.325	96.574	120.983
436.876	30.284	98.545	131.513
419.370	51.717	118.899	126.573
407.941	86.646	135.893	107.883
413.934	100.473	148.369	98.481
393.909	129.426	157.371	108.627
395.828	137.035	150.090	123.915
392.166	148.399	135.420	135.626
385.899	156.331	134.383	144.765
379.120	170.713	124.295	140.947
377.910	162.504	112.056	151.862
371.266	168.446	113.807	153.941
366.186	172.142	107.615	148.754
362.833	181.456	102.510	147.075
360.452	195.486	96.023	136.296
356.616	201.314	76.898	129.149
350.829	200.577	69.589	127.888
340.315	189.420	68.555	135.429
328.107	191.945	71.763	132.610
319.451	171.404	71.394	149.165
307.993	154.593	74.768	166.492
298.682	134.135	77.731	177.450
292.940	123.921	85.427	164.951
283.793	101.557	92.010	142.901
333.508	93.307	126.526	81.498
337.504	92.311	124.880	67.340
309.105	85.189	133.329	79.305
303.686	42.494	120.980	100.801
306.762	15.915	114.161	109.327
255.229	8.091	99.257	109.503
255.766	6.010	91.844	82.022
254.849	4.150	88.062	67.869
273.074	3.977	69.807	69.161
286.348	3.117	57.414	70.796
288.733	3.404	57.951	68.140
289.331	3.201	62.049	66.438
287.119	9.536	75.981	65.694
287.456	12.718	83.577	85.173
279.924	13.673	93.804	100.660
279.195	19.535	92.829	105.980
284.309	28.416	90.128	106.983
293.247	27.293	96.544	113.632
292.836	34.927	93.556	125.195
292.323	22.423	93.995	113.431
289.160	61.678	96.522	112.696
279.547	32.771	103.316	112.012
297.527	84.816	112.893	108.489
278.645	93.464	131.110	106.151
256.334	82.602	163.449	112.072
253.810	79.564	177.217	89.702
234.373	98.049	161.150	104.110
243.368	111.626	162.885	103.745
248.803	133.127	145.359	105.544
257.224	154.551	142.089	86.980
266.841	161.463	132.605	95.082
282.501	168.316	118.640	105.770
295.975	193.289	115.082	100.629
302.230	185.437	127.113	113.247
305.634	176.931	143.412	125.934
299.965	194.159	139.827	115.267
299.463	198.766	138.192	109.780
299.768	200.216	142.495	106.043
304.900	184.744	151.608	124.125
286.349	154.908	155.127	152.956
287.334	176.694	145.835	137.104
287.199	185.097	142.558	125.135
285.319	185.694	150.891	115.923
281.588	175.024	152.676	121.047
276.427	177.093	152.446	119.490
279.062	176.781	146.127	120.428
279.393	179.516	150.579	122.742
279.304	168.519	168.028	123.363
283.836	161.101	163.044	114.681
284.776	138.911	159.342	114.399
287.838	129.826	156.724	101.211
285.565	102.334	146.285	101.183
288.399	79.418	134.377	114.483
290.924	60.971	125.608	123.029
290.011	53.801	124.099	124.247
288.011	38.891	123.313	128.358
285.403	26.902	116.626	127.180
282.410	25.847	117.723	120.294
284.075	24.254	120.100	122.676
290.179	29.351	118.555	139.173
281.774	42.137	130.212	151.802
279.531	56.434	126.871	143.420
293.757	81.614	117.134	127.708
298.416	106.067	111.136	118.020
301.845	133.694	119.140	122.017
307.838	146.835	121.285	122.118
316.797	156.810	128.194	129.139
335.298	183.543	124.724	123.218
337.409	202.274	100.268	130.300
337.428	211.308	99.893	118.447
339.313	209.069	95.719	119.084
332.924	203.078	103.522	112.948
332.142	181.971	97.831	105.484
329.533	163.781	108.590	113.041
318.371	138.075	119.033	127.932
317.213	120.411	114.127	129.715
315.806	93.666	103.902	122.512
321.154	69.987	97.911	121.770
322.827	48.291	105.466	108.585
325.341	23.581	91.301	107.103
330.885	14.346	89.756	113.873
328.748	12.683	97.022	108.926
327.304	11.695	104.328	114.172
324.595	9.683	113.296	119.048
326.802	11.041	111.953	119.800
323.015	13.845	111.838	114.941
330.008	23.577	113.859	111.915
383.501	124.883	109.211	75.547
346.084	66.817	105.210	106.552
351.484	76.403	102.128	112.114
370.534	95.327	101.218	116.142
373.950	94.878	97.186	122.403
392.129	134.358	88.542	105.803
404.619	157.382	88.119	107.339
416.910	166.127	78.651	118.822
427.931	183.427	73.785	130.891
436.387	196.747	69.354	123.039
444.585	209.031	70.279	114.450
454.960	218.797	62.135	110.864
459.641	206.866	59.339	114.320
456.868	191.520	59.460	120.744
447.844	168.493	65.125	136.785
443.913	150.623	66.840	137.027
429.863	126.799	79.022	120.681
429.518	90.048	76.777	119.904
422.706	59.533	74.096	120.800
420.023	44.209	76.968	125.101
416.802	28.848	71.463	111.366
414.422	20.017	67.344	105.627
413.126	15.870	60.784	97.690
412.560	14.554	58.839	93.981
413.779	12.361	57.027	98.537
404.812	10.886	59.123	105.952
402.834	13.868	58.722	111.571
398.988	19.077	60.738	113.588
397.235	24.060	64.672	112.493
394.890	28.954	71.258	115.995
395.798	44.153	85.191	119.527
385.854	70.258	105.957	114.470
374.021	76.737	103.990	106.889
401.236	115.633	113.048	92.368
400.398	151.612	113.900	72.450
400.377	164.152	109.687	75.078
398.414	195.384	103.164	72.865
411.602	217.076	95.181	74.497
387.041	222.284	99.751	97.055
392.375	243.730	86.825	103.705
399.382	250.851	93.314	103.010
401.163	245.582	92.475	106.037
392.981	242.748	107.973	91.997
386.366	223.946	114.642	94.731
385.673	208.919	109.640	102.616
386.408	195.425	110.502	106.108
402.932	173.552	95.347	103.645
392.533	150.694	104.756	92.441
387.725	144.104	99.408	77.470
386.077	138.834	101.192	78.292
388.879	109.633	103.366	68.535
385.273	94.712	111.881	75.717
382.332	80.826	115.354	94.444
382.550	73.610	122.344	105.203
385.288	72.081	118.962	110.926
388.237	76.813	117.420	112.532
392.883	87.693	115.517	106.682
394.088	103.250	115.477	93.042
400.025	129.601	118.214	75.900
404.604	146.821	104.505	69.210
407.814	159.184	102.444	62.848
411.974	167.519	104.595	62.876
416.116	171.006	106.861	63.256
424.056	176.292	107.686	61.472
429.183	180.675	109.295	59.718
428.607	188.599	106.733	58.351
431.920	187.462	106.316	69.084
437.901	182.917	111.703	82.312
440.417	175.206	118.579	93.527
441.944	169.631	117.058	100.486
446.899	167.831	117.024	107.366
455.508	168.508	114.844	109.833
464.650	175.520	117.690	105.147
469.059	182.635	134.422	104.691
477.125	197.943	138.088	104.564
480.381	213.517	144.882	103.613
507.963	232.028	115.806	93.463
514.426	254.279	107.884	75.252
497.194	259.047	102.764	73.446
499.609	257.545	77.607	77.680
487.148	257.389	80.164	78.383
484.243	265.816	81.608	73.605
476.793	267.745	77.378	77.211
476.910	269.504	67.837	82.107
476.879	272.241	63.657	77.212
477.294	272.153	78.224	71.680
467.744	268.361	85.568	74.236
459.260	268.754	96.486	67.455
454.136	266.920	99.865	64.363
451.934	263.843	103.539	63.969
453.440	258.590	107.384	64.727
455.174	246.570	100.351	69.683
463.753	233.564	99.818	72.350
469.000	221.122	91.974	71.679
462.522	206.453	95.663	70.878
459.886	183.442	94.760	81.604
458.628	158.716	92.117	91.924
457.952	142.688	83.508	95.959
457.284	129.694	77.843	98.576
455.735	121.473	68.592	100.596
453.119	117.744	58.218	97.951
451.363	117.894	64.533	93.448
446.397	116.624	63.444	89.204
441.844	117.750	66.998	84.504
436.966	117.959	68.675	87.966
432.518	122.634	72.591	105.823
429.694	128.331	86.672	103.094
430.464	136.802	91.485	103.137
431.781	145.237	82.511	97.083
450.226	157.787	68.593	96.229
459.640	178.642	61.832	89.759
466.527	185.897	60.266	91.751
469.486	192.310	72.652	93.913
465.149	196.040	83.287	92.464
460.115	199.463	99.080	89.429
460.522	203.606	100.618	81.827
455.558	200.918	107.891	77.781
451.946	197.507	111.531	76.884
444.304	196.522	118.020	74.680
435.110	194.302	122.771	74.742
428.956	191.678	117.885	76.075
419.240	191.475	113.269	79.897
427.979	198.547	89.647	77.915
398.922	196.413	81.193	87.510
376.204	201.226	85.254	94.852
361.916	206.158	94.204	100.021
323.133	219.009	114.927	92.823
310.485	224.810	107.421	95.094
301.253	240.623	105.956	83.014
297.535	248.174	100.320	80.533
298.954	251.450	98.596	81.953
304.362	253.474	101.969	85.088
316.542	258.321	100.875	83.283
325.383	260.268	103.166	80.268
340.880	263.694	97.512	73.559
361.130	266.341	86.389	65.831
380.803	239.091	75.070	83.875
401.946	244.338	67.872	89.414
417.406	228.812	101.714	97.057
459.498	241.964	97.811	69.897
494.576	237.132	71.754	65.864
495.757	225.842	74.360	77.564
497.630	211.588	75.517	90.758
504.752	204.587	71.389	95.379
506.777	201.459	66.604	100.895
500.650	201.107	73.791	100.288
481.086	200.679	96.154	96.400
466.861	205.375	106.420	89.009
458.093	204.408	92.364	89.740
459.203	208.204	90.916	86.593
459.448	212.472	92.093	83.157
463.590	213.620	102.886	82.147
468.469	214.247	102.844	82.036
474.136	214.149	100.184	82.811
477.728	216.025	99.351	83.599
485.299	216.331	87.976	89.725
486.199	217.957	81.636	97.488
454.208	220.197	80.584	89.318
413.402	223.656	87.040	89.434
401.361	245.009	87.727	89.042
351.550	255.159	78.581	82.081
328.651	251.101	82.989	78.455
312.466	244.638	84.210	83.846
295.200	239.318	86.481	88.141
281.801	233.595	90.270	89.693
279.449	228.703	86.620	95.476
279.508	226.573	85.459	99.135
283.022	224.128	89.944	95.913
292.716	223.502	99.379	93.758
308.144	231.689	105.189	76.499
332.094	235.617	113.284	62.421
364.432	226.418	106.873	74.363
404.986	209.182	104.514	79.786
443.970	190.050	95.884	100.837
456.409	191.545	119.036	93.646
504.594	180.336	93.272	109.602
527.026	173.708	84.389	98.734
547.193	173.263	88.563	117.603
555.496	175.067	87.569	115.232
571.937	191.383	79.852	101.060
575.342	199.675	84.360	92.802
568.844	213.244	92.480	83.345
553.682	218.035	103.877	88.362
548.246	224.838	103.360	90.412
544.998	227.354	103.733	95.167
544.970	228.662	101.509	97.674
547.212	227.064	101.408	98.724
545.818	225.342	105.799	104.785
547.175	222.551	107.658	109.303
545.632	217.641	114.912	113.629
545.462	217.228	115.986	111.046
543.381	211.977	116.402	108.252
538.186	209.409	116.883	107.272
532.435	206.641	113.523	105.241
524.697	203.322	107.972	107.657
513.381	197.376	106.286	103.772
495.443	195.571	106.889	97.944
475.387	190.551	95.941	96.163
457.711	186.152	94.548	92.599
436.933	184.324	101.253	85.439
415.731	184.187	87.289	85.651
387.203	186.032	98.217	76.822
363.370	187.897	98.769	73.705
343.071	190.257	114.261	73.557
327.057	191.856	122.823	75.106
324.106	193.732	113.663	74.574
316.435	195.742	114.416	76.928
315.320	197.587	106.410	81.223
313.997	200.574	103.785	85.641
312.872	205.681	95.375	87.116
316.996	210.270	88.951	89.490
322.369	215.911	88.895	94.789
326.900	224.624	83.085	93.688
329.101	232.986	78.511	91.563
335.676	239.631	71.942	93.765
340.472	252.928	67.123	99.076
348.878	258.853	77.234	107.907
360.738	274.889	75.651	101.051
365.198	275.126	77.946	97.659
380.476	261.437	81.685	100.361
407.880	235.359	70.647	114.406
403.773	255.304	91.833	107.569
411.395	220.991	90.753	99.020
439.743	212.072	87.484	89.945
463.342	229.054	89.989	73.224
485.962	216.201	88.603	81.503
482.887	210.870	108.441	68.837
479.958	204.037	111.676	61.377
488.721	198.306	115.112	64.380
490.917	198.071	119.506	62.399
491.471	198.311	116.976	62.876
500.874	202.302	118.536	61.718
507.791	203.573	106.790	73.809
523.865	219.717	92.230	70.445
535.305	227.627	78.140	77.804
537.164	233.400	74.048	82.780
539.705	235.356	68.861	86.490
536.538	234.484	64.205	89.818
541.176	229.380	65.075	96.044
506.204	210.753	74.293	66.412
420.649	252.556	60.999	82.228
400.998	252.695	70.490	79.864
361.427	248.856	81.174	76.299
343.668	247.365	93.555	74.106
330.058	243.930	99.194	75.459
310.479	243.198	117.670	69.678
298.842	243.272	127.658	66.278
301.423	242.779	136.166	62.755
318.801	241.659	130.305	60.837
345.360	241.443	123.032	61.864
371.646	242.258	121.674	68.485
396.593	239.313	124.225	69.629
447.596	232.311	100.197	82.772
473.415	230.520	94.323	89.801
501.842	237.592	77.293	88.534
522.006	233.126	81.963	91.272
542.243	230.699	101.208	88.201
553.226	232.963	105.111	80.920
548.621	226.833	122.437	82.307
548.673	224.803	122.428	78.603
544.304	222.520	122.284	72.756
539.484	221.530	104.645	69.654
527.364	213.016	94.814	78.202
512.879	203.918	91.015	87.341
510.636	201.637	90.504	89.615
481.245	202.487	80.547	88.283
429.452	201.549	90.611	84.003
427.061	204.145	88.745	87.713
430.969	221.890	85.769	138.509
421.859	197.197	107.687	124.775
404.293	187.207	119.527	79.523
410.198	180.083	106.949	71.435
433.993	205.993	93.405	62.622
476.657	203.280	68.745	74.561
478.981	205.799	72.006	71.473
478.829	208.751	80.215	72.815
477.587	212.550	94.392	79.391
476.586	208.863	109.202	87.018
471.052	209.583	121.254	88.942
469.524	216.140	123.138	83.890
467.294	221.757	118.379	77.555
451.337	235.375	128.438	64.587
417.729	245.350	130.077	59.652
405.614	251.920	113.795	65.643
396.248	254.802	111.352	69.048
364.214	257.578	124.241	73.643
332.517	269.475	134.615	72.767
308.725	280.701	123.598	67.822
297.110	285.105	112.679	72.141
285.976	284.927	106.052	76.733
279.075	284.143	102.788	77.316
275.290	283.083	103.319	78.078
273.561	278.524	107.886	84.747
280.229	274.427	103.604	90.443
300.167	269.792	91.866	90.335
307.523	271.436	100.719	83.733
317.288	270.231	100.767	79.249
339.657	277.564	88.108	70.652
339.187	276.718	87.974	67.320
319.402	290.982	103.239	79.490
328.612	293.896	105.016	95.302
336.815	288.864	123.806	98.270
464.999	249.942	73.919	81.827
488.757	248.237	76.451	78.780
496.582	244.148	84.843	72.995
501.847	241.771	96.959	63.809
518.677	234.497	111.850	68.010
523.513	212.173	116.792	88.136
520.650	186.721	120.277	110.638
514.883	186.082	121.190	107.082
506.508	185.769	106.887	109.738
489.169	178.823	109.944	107.256
464.527	183.888	78.508	102.366
437.834	187.105	90.421	100.178
422.631	187.966	103.866	105.268
410.420	189.049	114.793	109.453
403.792	189.754	120.915	112.008
404.250	189.036	120.086	114.574
412.397	190.523	110.789	113.317
423.083	190.977	100.959	113.518
437.402	192.918	91.327	112.665
459.832	195.323	73.868	109.990
477.295	197.781	66.605	112.237
481.596	203.000	74.726	102.081
482.913	209.124	89.675	105.870
490.508	219.143	97.117	101.548
495.093	229.683	93.241	96.960
493.712	230.277	93.090	103.382
481.999	226.838	84.128	105.581
450.157	230.176	68.975	90.547
408.640	247.704	96.926	91.108
333.685	265.186	80.955	68.035
316.953	266.848	89.046	69.416
295.476	261.154	97.815	74.777
267.168	255.080	108.975	80.374
249.516	253.527	115.114	80.908
244.923	251.690	115.004	85.072
240.117	251.461	118.614	92.804
242.319	253.034	118.395	95.942
249.512	255.547	118.289	95.943
258.763	259.671	123.651	95.271
276.291	261.601	131.516	98.402
295.573	254.365	138.036	106.436
323.272	245.751	149.626	111.160
354.198	245.587	146.978	102.403
385.628	239.269	142.068	94.046
402.871	230.153	141.461	79.849
434.809	217.610	132.514	80.338
459.093	201.410	132.685	90.996
463.291	187.167	144.272	102.778
468.196	178.080	148.535	103.054
469.552	172.732	142.995	108.786
464.757	174.203	137.308	104.012
458.567	176.642	122.297	100.319
459.872	176.701	112.165	100.464
464.868	179.084	117.405	97.776
467.040	181.729	120.953	94.939
464.778	181.709	123.591	94.773
463.570	182.858	129.038	93.459
464.962	182.381	127.807	91.733
463.757	185.172	130.370	84.815
463.555	184.759	129.876	78.395
463.049	182.384	128.979	71.775
455.969	175.550	129.766	64.605
445.663	167.333	131.454	58.403
437.198	159.103	126.090	53.333
430.671	149.368	114.172	60.805
415.724	137.062	131.553	73.057
423.292	127.216	132.657	78.087
423.998	122.557	123.418	87.107
427.582	121.000	114.627	95.522
424.511	122.854	114.028	100.119
433.221	131.368	107.296	104.097
425.582	143.578	87.973	111.383
429.453	156.545	81.868	113.229
432.036	171.081	71.257	113.503
436.360	182.385	63.857	118.980
441.065	189.655	61.821	123.068
442.090	197.920	61.551	116.539
443.410	206.627	61.525	108.703
446.515	190.162	60.522	120.912
449.250	181.597	61.807	128.448
451.951	171.097	63.334	129.625
454.096	162.231	65.609	121.546
455.093	148.388	63.753	115.343
456.169	131.258	61.747	112.295
454.315	115.383	60.657	120.405
449.501	100.222	65.444	129.770
452.287	98.665	63.591	126.212
454.476	106.059	65.522	113.712
457.731	110.197	60.373	100.749
453.156	112.649	61.291	106.763
454.218	116.936	62.137	121.247
450.240	134.315	71.836	116.107
448.554	144.909	71.871	115.298
452.205	144.953	66.258	124.440
448.598	156.479	66.072	117.820
451.279	167.279	66.237	110.662
447.993	191.919	64.301	98.079
445.831	197.555	67.770	106.352
443.059	206.784	68.039	108.313
442.143	208.745	71.143	107.753
436.231	201.280	70.975	114.556
433.176	187.740	74.480	117.753
433.594	173.182	81.120	113.366
429.781	153.942	90.556	113.049
430.637	130.999	97.059	116.326
430.782	104.629	98.539	120.283
432.939	83.488	96.582	121.743
437.348	73.643	92.891	110.412
444.287	70.211	89.456	95.506
448.911	60.680	85.717	103.967
454.875	49.454	79.525	112.348
460.006	46.496	74.528	121.488
465.492	50.294	65.641	132.427
465.631	60.544	64.973	124.689
467.372	79.446	69.185	114.029
469.247	92.879	78.121	108.146
463.949	107.462	94.812	110.166
459.190	117.917	101.487	106.562
447.946	134.694	116.457	91.431
436.927	155.372	133.967	80.022
430.052	165.185	144.666	78.249
435.731	173.125	132.052	74.519
430.196	173.761	131.129	77.230
431.551	176.489	121.962	80.427
425.627	179.642	120.088	89.056
423.398	186.044	118.336	92.184
421.692	193.438	119.145	94.022
423.310	202.944	116.540	86.849
426.703	202.963	117.939	87.505
427.880	204.441	123.661	90.683
428.784	205.623	125.570	92.761
424.990	194.449	134.262	102.710
426.449	178.091	136.189	114.925
429.008	164.913	135.819	118.671
434.368	148.975	128.151	106.995
449.507	127.639	112.205	110.034
451.640	100.077	112.109	128.817
442.482	93.503	115.579	125.882
435.619	91.376	122.051	108.752
424.324	82.387	127.866	111.040
401.608	74.028	139.711	120.075
394.490	76.497	143.613	118.726
387.667	82.419	148.201	115.193
384.163	91.289	149.598	110.301
379.247	102.949	137.118	100.828
371.659	111.010	124.198	96.168
372.118	117.490	112.479	90.646
370.112	121.375	114.283	93.558
367.352	124.791	117.018	90.792
364.510	127.454	117.884	88.805
362.408	128.373	118.713	89.222
364.574	129.138	116.993	90.056
368.250	131.488	113.588	89.114
371.761	134.170	110.700	87.756
375.179	136.354	107.618	88.231
380.359	137.430	105.414	90.332
384.158	137.208	103.725	91.537
385.099	137.112	105.328	92.454
386.373	135.978	107.985	92.970
387.655	137.228	110.660	94.907
386.136	136.255	113.237	96.494
385.950	135.888	115.377	96.917
386.739	137.305	112.944	95.531
386.335	137.021	114.168	94.459
386.051	136.278	113.378	94.982
385.994	136.074	114.509	94.944
385.492	136.634	113.076	93.080
384.347	136.641	110.415	92.547
384.997	137.350	104.176	91.223
385.066	139.723	102.714	88.353
383.882	142.078	100.882	86.844
383.606	139.786	103.239	87.712
382.953	141.861	101.558	85.984
381.994	141.496	103.232	85.838
381.502	142.034	103.996	86.250
381.015	141.817	104.133	86.640
379.950	141.852	103.856	87.175
379.865	140.600	105.501	87.025
379.755	139.882	104.427	85.236
379.441	137.207	104.382	81.410
378.884	132.940	108.051	76.160
377.731	124.508	110.059	71.188
372.059	112.531	112.872	75.492
364.671	106.060	121.604	77.751
362.290	100.988	101.570	80.258
367.740	99.414	91.220	87.703
371.125	95.307	75.863	99.159
374.507	96.959	73.587	105.473
371.998	94.942	68.847	110.009
366.861	104.777	67.501	112.961
359.569	116.998	76.685	110.146
345.638	124.575	90.530	106.235
330.224	134.301	108.522	97.064
329.793	151.117	115.588	83.059
334.101	162.015	121.537	69.056
334.023	169.491	122.683	58.376
338.364	166.676	112.383	61.488
342.596	165.094	110.753	66.603
343.210	165.158	118.954	68.155
341.305	166.564	116.008	68.885
339.659	168.760	118.296	68.343
342.569	168.864	114.060	71.832
340.956	171.241	111.693	71.584
336.523	170.253	112.271	71.971
332.479	167.153	106.986	79.533
334.549	167.380	99.408	95.966
336.257	196.195	88.829	85.419
305.622	224.320	94.261	64.885
290.506	225.329	90.235	63.812
281.523	220.398	94.750	76.887
282.086	213.487	82.606	91.820
278.257	204.848	66.156	100.048
257.334	198.180	77.285	92.138
247.134	194.072	85.051	82.495
245.493	189.815	94.991	75.074
245.576	185.623	100.962	76.726
253.626	184.421	106.072	77.291
262.908	183.417	102.511	79.971
289.223	186.825	89.194	93.110
312.639	186.409	76.917	99.882
335.974	192.908	84.756	96.436
348.543	193.075	95.131	89.618
366.901	174.991	111.453	82.100
377.059	155.171	114.418	86.488
391.575	144.198	106.483	88.958
418.735	136.994	101.804	91.152
431.685	132.793	96.719	87.068
441.673	124.272	93.479	94.932
444.808	122.442	95.055	96.453
446.733	122.991	98.055	98.530
446.844	128.051	103.266	102.906
439.026	143.709	108.674	94.697
425.369	156.946	115.718	87.961
416.510	166.721	144.094	77.080
404.813	188.843	145.617	71.715
403.839	190.855	136.170	81.796
401.479	187.889	118.931	92.655
399.258	180.734	91.415	103.183
398.111	163.028	77.487	117.665
393.847	158.814	79.784	114.636
391.659	157.642	80.417	114.685
392.864	156.642	79.359	113.480
397.826	161.038	75.136	116.538
403.911	162.666	68.512	120.307
407.617	168.513	67.821	114.266
408.147	177.880	81.645	107.190
399.332	182.089	98.294	95.955
391.854	185.848	106.120	79.748
393.453	185.205	116.751	71.040
390.322	181.035	117.483	58.375
394.703	176.572	111.627	56.348
402.730	172.497	132.844	56.017
405.848	166.314	151.517	59.707
409.825	165.035	153.081	60.709
409.110	164.084	155.560	62.271
415.140	164.998	151.459	66.035
408.620	169.242	142.638	69.159
415.429	180.732	133.963	70.715
411.692	193.672	130.693	76.026
415.388	208.178	113.569	89.354
414.270	221.968	112.088	106.180
415.034	231.185	115.503	121.703
412.205	231.708	127.431	131.616
402.146	240.884	140.587	127.534
403.235	241.183	143.233	132.489
401.771	242.738	143.939	129.071
397.638	244.223	145.646	119.786
396.558	246.466	138.547	115.696
392.537	247.034	135.513	117.783
393.690	243.743	124.233	124.802
398.344	240.334	108.024	136.980
398.707	239.512	97.943	139.618
397.341	236.275	89.754	139.008
396.468	234.470	81.903	137.503
394.611	233.292	78.946	132.931
393.585	229.861	79.614	128.547
393.436	225.761	81.727	122.911
393.893	221.863	84.134	121.846
394.526	219.386	88.437	120.215
395.056	218.625	96.651	118.296
397.492	218.844	105.061	115.575
400.924	217.620	113.227	115.411
407.189	215.911	120.169	114.372
419.616	214.284	121.457	119.169
425.525	213.705	129.460	121.035
430.623	209.509	150.192	128.731
438.404	202.678	159.397	137.279
452.148	194.983	163.731	143.519
478.292	187.173	153.659	141.335
490.891	178.663	151.021	138.045
508.257	171.474	138.218	136.603
521.827	169.461	130.459	128.965
526.776	169.046	125.968	125.407
528.297	169.916	126.021	120.763
525.067	173.539	128.190	116.377
518.851	175.286	130.557	113.435
513.774	177.662	125.112	109.754
506.405	175.696	118.695	111.523
500.078	172.688	109.314	120.880
488.365	169.185	104.544	124.090
471.716	167.567	106.186	129.001
454.405	164.681	104.931	134.386
433.189	163.884	110.112	133.506
414.579	162.849	109.874	133.002
393.218	163.040	116.954	132.836
371.672	164.443	123.893	130.708
352.793	163.922	131.941	137.653
337.144	161.450	138.439	143.554
317.515	164.198	145.379	146.313
311.689	175.536	140.177	135.611
310.929	189.981	140.401	122.925
315.038	195.488	138.908	120.021
321.937	207.519	141.478	111.896
332.468	213.472	145.253	117.526
359.381	214.788	138.196	119.037
381.818	209.201	140.555	123.150
412.084	204.687	123.009	130.820
420.457	199.452	132.717	137.772
453.879	189.422	118.367	140.704
474.153	180.661	115.232	134.856
495.902	170.370	130.045	131.359
505.004	155.715	129.161	140.438
510.775	139.505	139.480	149.024
519.954	126.982	145.264	155.561
514.624	122.635	158.301	160.557
519.338	121.352	158.592	162.509
514.559	124.450	161.280	162.470
503.413	139.040	161.894	159.175
491.879	148.743	159.997	153.368
481.662	162.653	163.146	143.819
468.800	167.873	166.379	141.553
453.511	171.739	172.504	152.383
437.111	173.849	179.714	160.551
422.198	187.895	149.326	149.635
411.921	197.613	140.566	138.587
393.438	206.529	141.888	129.901
387.089	209.689	140.162	128.980
386.663	202.669	140.376	129.636
395.571	204.941	131.226	126.725
406.196	207.349	120.857	125.997
419.743	206.653	111.290	130.147
428.970	208.662	118.158	135.762
436.899	200.336	125.075	154.380
440.733	198.593	137.775	154.962
446.703	197.015	142.148	163.987
453.829	197.181	154.404	159.207
459.872	187.811	159.409	165.764
470.310	186.979	157.192	158.311
480.057	184.979	151.337	151.470
483.628	180.267	148.718	147.791
488.696	182.049	142.341	144.117
490.257	182.046	139.000	141.182
487.490	181.491	135.028	141.447
483.452	186.374	129.320	136.650
475.956	194.365	126.468	133.743
465.293	196.585	113.517	139.063
457.599	195.157	116.670	147.485
440.631	195.628	131.769	152.613
426.236	199.598	138.193	161.823
408.929	204.979	149.065	159.282
389.588	215.075	158.139	153.911
371.865	221.610	163.061	149.272
344.551	222.510	176.321	155.883
321.637	226.989	186.825	154.274
313.299	231.063	175.109	158.180
296.174	235.293	176.557	154.411
277.914	233.729	177.899	153.973
260.508	232.955	179.086	156.645
251.990	230.142	165.997	159.358
242.664	237.829	159.984	152.985
235.272	241.896	156.131	146.897
230.388	249.221	147.303	138.951
227.119	254.213	135.615	127.932
221.618	260.793	133.547	120.042
221.655	257.789	130.914	122.670
222.258	260.848	136.348	120.284
229.311	260.740	139.495	121.294
236.898	265.823	151.960	117.649
250.254	270.237	157.508	122.770
256.608	261.441	176.321	137.781
270.802	247.392	184.100	155.850
295.283	236.799	199.170	157.988
317.008	225.393	192.674	154.989
357.460	213.297	162.639	149.286
366.498	198.497	167.848	135.044
378.703	186.065	173.757	133.816
390.909	182.225	171.916	127.930
397.763	183.247	168.652	116.584
397.173	183.145	170.536	107.047
390.862	186.882	177.920	102.213
380.378	191.148	174.312	101.165
369.390	199.093	178.564	107.507
358.806	202.603	164.199	124.223
347.950	204.996	167.206	135.864
338.795	207.578	163.377	144.819
329.918	217.001	156.948	138.515
322.493	225.894	158.133	133.713
314.250	237.822	158.423	131.434
313.471	239.889	157.002	134.725
312.832	240.836	157.795	133.905
313.858	240.665	156.981	131.965
316.345	239.742	155.060	127.107
319.936	234.606	152.775	125.294
322.644	231.271	154.198	125.433
328.338	228.869	155.801	125.807
340.293	227.163	152.789	125.478
352.031	226.395	157.557	127.105
367.630	226.059	159.608	129.230
389.580	223.673	154.844	138.272
409.867	219.456	161.838	149.087
435.000	213.314	169.450	160.826
455.479	209.870	166.863	167.560
487.703	193.876	163.070	170.594
514.788	191.705	164.283	155.098
535.024	191.502	168.306	152.101
545.976	194.922	181.234	128.146
545.377	179.979	204.063	134.243
538.097	164.919	208.079	149.154
529.507	154.186	210.239	159.432
521.225	151.074	202.452	164.479
512.782	148.986	197.560	168.706
494.255	152.970	191.903	170.728
463.989	162.677	186.829	163.490
440.019	171.800	198.511	156.907
426.829	169.472	204.401	165.224
389.881	173.980	176.753	176.012
335.172	198.365	189.364	155.152
286.436	200.326	206.470	153.648
238.045	203.460	211.956	160.672
213.186	202.924	203.610	150.821
198.987	194.091	198.693	149.031
174.400	180.942	194.594	150.438
146.497	171.939	191.521	151.977
123.756	168.212	197.010	154.738
114.424	168.066	199.630	157.165
99.477	172.166	207.036	157.066
90.122	179.450	217.834	157.638
86.939	190.605	216.521	154.520
95.080	201.608	203.871	149.447
114.060	205.566	192.606	151.391
135.999	201.485	182.867	161.951
151.645	193.058	190.688	169.716
175.527	171.433	207.350	179.392
205.291	160.982	214.243	176.131
239.916	148.229	210.130	173.941
261.684	144.679	197.313	172.474
267.917	139.866	202.135	169.150
276.256	144.858	197.988	167.136
274.256	146.424	203.953	171.984
271.502	146.871	204.843	177.290
268.516	146.364	200.634	184.503
272.565	148.845	186.398	184.985
267.955	150.360	187.468	188.531
265.886	151.672	178.640	188.394
266.010	154.990	170.782	185.605
267.358	156.878	163.728	186.330
266.282	159.600	163.763	187.054
272.422	168.484	156.934	179.397
278.109	179.403	154.676	168.332
277.679	191.814	163.653	159.107
289.832	206.886	167.277	163.520
295.818	208.408	167.548	170.030
303.436	208.925	161.353	176.081
316.000	209.508	151.340	175.522
328.783	210.048	133.960	173.171
352.132	205.240	119.590	177.300
376.474	199.430	103.564	177.259
390.912	204.362	103.547	165.605
404.395	201.335	102.568	170.091
413.363	197.736	118.647	175.349
418.587	205.459	135.085	159.824
425.016	199.047	145.864	162.773
431.211	196.493	153.192	161.341
429.816	198.880	161.804	153.270
419.484	196.531	171.516	149.525
401.419	194.305	188.142	149.843
384.631	189.845	192.809	153.434
366.304	186.817	199.915	162.466
347.573	179.021	212.565	186.822
332.593	175.793	225.564	199.088
317.366	172.224	234.106	211.226
297.887	177.502	242.000	212.174
289.266	173.321	244.479	224.550
276.796	175.443	249.059	226.294
265.957	176.589	262.261	227.641
260.404	171.670	262.979	229.781
254.278	170.172	264.590	229.838
249.867	165.497	261.733	234.131
240.634	162.834	263.134	236.789
229.478	164.295	270.807	235.837
219.224	166.017	273.348	232.342
203.559	168.623	275.483	224.307
185.770	173.193	275.131	214.452
163.616	174.186	269.336	206.208
133.584	192.122	272.997	181.370
99.066	213.048	284.218	154.071
67.257	228.714	287.735	127.187
39.212	245.014	289.635	105.961
21.913	248.557	259.869	106.391
13.504	258.291	234.530	107.364
4.403	257.407	225.167	121.355
18.213	249.755	224.247	142.297
69.929	244.961	188.920	154.384
117.807	237.725	140.931	160.053
164.330	231.381	110.781	158.423
199.491	227.062	87.586	150.498
221.767	217.244	90.360	153.321
247.629	218.702	82.822	142.317
252.480	196.115	94.254	130.580
254.157	222.917	126.086	124.927
250.666	211.925	133.750	129.602
367.235	241.531	147.760	95.166
383.213	246.751	129.040	93.447
377.709	238.494	126.957	106.326
330.147	235.914	152.448	123.405
294.315	215.982	127.050	130.725
280.578	233.438	111.198	131.633
279.833	240.064	100.772	125.803
252.633	244.597	80.222	125.396
237.539	238.878	89.855	137.554
207.303	237.867	130.045	141.374
177.145	236.928	160.001	145.970
148.184	230.706	188.646	157.879
106.649	227.415	223.494	170.671
92.931	226.485	224.226	179.821
99.340	220.514	220.769	189.135
103.097	216.339	217.539	192.630
119.908	207.410	202.740	196.895
172.071	192.318	160.839	188.909
210.648	188.403	148.875	183.335
230.358	199.021	170.798	161.250
249.631	200.198	179.604	156.900
280.451	204.500	179.215	145.745
309.297	200.453	192.295	144.010
334.206	179.866	243.458	161.386
392.605	178.334	240.887	160.964
431.944	179.582	244.943	167.231
430.286	183.389	259.811	164.753
430.972	187.548	260.626	166.253
437.132	188.671	243.804	177.088
441.148	191.589	194.861	177.675
440.300	190.686	183.013	181.005
453.318	187.155	164.047	183.391
451.760	186.438	166.692	183.326
448.735	187.982	168.899	179.835
453.568	187.423	183.939	180.509
449.436	191.602	198.694	178.316
445.333	192.758	212.532	178.582
443.201	195.315	215.724	176.335
434.164	196.079	225.689	185.695
426.847	202.626	214.078	180.752
416.270	204.596	183.706	180.261
404.342	211.229	192.025	176.380
391.654	213.909	177.661	177.624
386.682	210.000	208.494	193.000
376.282	209.516	198.228	199.750
357.853	204.564	188.648	197.565
341.412	203.836	176.931	192.194
308.050	206.660	171.615	185.678
275.614	216.847	168.877	184.542
230.859	223.804	205.212	181.193
197.222	230.046	235.690	195.222
168.835	231.445	264.072	208.654
152.603	235.735	278.329	210.381
148.950	234.818	277.650	217.715
148.708	233.771	274.997	221.128
151.591	235.056	263.016	221.457
157.578	235.290	257.417	221.059
162.537	237.238	251.173	221.174
167.159	238.039	245.321	222.749
171.206	237.948	239.594	224.725
172.346	239.212	243.049	224.421
173.223	239.297	242.507	227.369
172.747	240.933	245.236	227.877
169.534	241.149	251.226	228.593
167.003	240.612	257.031	231.659
164.854	238.566	258.379	235.843
163.459	237.935	260.682	237.259
163.008	237.564	270.094	237.473
163.390	236.897	285.426	242.707
164.675	236.206	291.116	245.813
168.826	233.661	294.267	250.557
173.448	231.816	294.675	251.045
178.836	230.209	294.156	252.328
188.672	227.489	287.978	255.628
198.536	225.876	279.196	255.739
207.848	228.217	270.904	250.877
220.920	227.487	256.711	252.138
236.002	226.527	240.978	249.543
252.199	219.288	220.156	256.137
265.392	219.970	208.882	256.089
285.162	216.761	190.477	255.963
300.776	217.215	178.285	252.626
316.612	217.347	164.209	250.390
330.141	212.603	152.821	250.400
339.367	212.201	147.164	249.479
347.951	214.182	145.379	245.715
359.077	219.529	141.338	234.950
370.137	222.659	135.564	228.853
376.300	224.082	134.444	223.948
380.474	224.277	132.694	224.892
382.285	224.884	131.906	224.715
383.924	225.092	129.654	225.819
384.229	225.198	125.772	229.128
382.507	222.315	125.908	235.232
376.930	222.387	126.854	236.558
372.586	224.069	127.811	233.701
370.205	223.914	125.958	236.103
369.016	224.378	124.423	235.409
367.850	226.399	122.470	232.866
367.423	225.141	121.262	231.675
368.223	225.004	119.235	230.890
368.567	224.499	118.314	230.763
367.475	224.901	119.863	232.801
367.364	225.112	120.936	232.445
366.483	224.787	121.986	232.691
364.996	224.353	124.239	235.055
365.432	221.752	125.383	237.779
363.988	223.409	126.245	236.541
364.503	223.077	125.389	237.854
363.362	223.739	126.234	238.017
362.558	224.664	126.429	236.485
360.312	224.157	129.145	238.564
357.154	224.896	131.909	238.239
354.050	221.346	135.092	242.344
350.373	219.793	137.984	244.550
346.670	218.643	138.775	246.001
340.956	219.995	142.553	246.893
333.216	219.528	149.331	247.507
327.996	219.087	154.996	248.507
323.326	220.308	158.999	246.546
320.627	220.661	159.823	246.446
318.965	218.914	161.044	248.623
317.460	219.708	162.263	248.463
317.347	220.300	161.772	248.817
317.347	221.594	162.171	247.510
316.698	221.831	162.140	247.787
317.228	222.889	161.300	247.243
316.741	221.922	161.592	248.020
316.654	222.044	161.381	247.482
317.524	223.241	161.120	247.236
317.106	221.881	161.915	246.987
318.137	221.831	160.594	246.763
318.467	221.090	160.652	246.831
320.259	220.647	158.663	248.031
320.023	220.494	159.585	248.013
320.330	221.121	159.873	247.897
320.726	221.476	159.781	248.312
321.395	222.066	159.610	247.894
323.282	222.041	158.209	248.412
324.738	222.041	157.253	248.412
325.539	221.566	156.356	248.291
326.633	221.209	155.529	248.563
326.808	221.447	155.354	248.495
327.054	222.702	155.223	247.393
327.158	223.176	155.117	247.087
326.350	222.227	156.617	247.868
327.125	221.989	155.441	249.204
327.212	221.153	155.450	249.616
327.966	222.041	154.716	248.754
328.490	221.751	154.404	248.597
329.260	220.855	153.943	248.956
330.461	221.328	152.862	248.313
331.331	221.092	152.300	248.124
331.322	220.737	152.808	247.885
331.667	221.210	152.841	248.431
332.503	222.034	152.128	247.607
333.371	221.263	151.474	248.438
334.033	221.563	151.407	247.482
334.217	221.855	151.624	246.588
334.982	221.440	150.982	246.662
335.491	221.791	150.691	245.888
335.935	222.606	150.150	245.073
337.307	222.141	148.807	245.707
337.984	221.250	148.997	245.501
339.068	222.024	148.728	246.332
341.320	223.007	145.567	246.171
343.033	222.567	145.010	243.128
345.331	223.595	143.407	241.132
346.902	223.975	141.968	239.113
345.367	223.933	143.595	237.027
342.554	224.914	148.018	235.854
335.955	224.690	154.925	238.703
325.970	224.539	164.610	238.909
316.708	223.698	174.159	238.211
303.838	221.244	186.239	239.869
295.615	218.695	193.372	242.169
286.016	215.733	200.830	245.527
278.325	215.697	206.646	245.532
270.305	215.670	213.827	245.307
264.461	216.501	219.194	245.432
262.173	215.171	218.467	252.634
262.264	215.390	220.167	252.580
260.366	213.779	222.503	256.161
256.949	214.194	227.133	257.284
253.802	213.223	231.885	258.564
252.510	212.331	233.491	261.474
251.188	211.573	235.300	263.638
251.767	211.706	234.920	264.577
254.394	210.645	231.784	266.719
259.224	211.573	227.110	265.972
260.696	213.017	224.580	264.021
261.701	213.371	222.961	262.831
265.913	213.745	217.825	261.883
268.894	213.418	210.136	259.451
270.601	214.244	206.069	255.430
272.711	216.350	202.332	250.998
275.972	217.352	196.439	248.482
278.877	217.940	191.918	247.012
279.341	218.538	189.290	244.041
279.411	219.705	187.056	241.995
280.341	218.965	184.854	241.956
280.447	220.841	183.472	238.574
280.445	221.244	183.194	236.896
276.873	221.210	185.095	238.338
273.444	222.180	187.687	238.377
270.055	222.375	189.833	240.288
266.821	222.780	191.336	241.136
266.724	222.569	192.027	243.599
264.926	223.466	194.166	242.812
262.957	224.063	196.830	243.714
263.322	222.709	198.449	248.025
263.476	222.642	199.717	248.598
265.836	223.276	198.294	242.934
270.533	221.737	193.099	243.500
282.533	221.784	181.327	244.991
290.964	224.036	174.779	245.764
303.578	227.715	162.804	250.249
316.679	232.461	153.315	253.223
324.903	236.441	145.920	244.885
360.478	234.161	124.258	248.455
370.969	229.359	128.631	244.008
374.765	228.962	143.163	241.872
376.600	230.807	175.509	231.466
371.304	230.539	202.189	224.706
372.638	222.371	238.069	221.850
365.989	221.046	261.416	219.385
359.995	220.363	277.181	229.936
357.165	218.188	284.463	221.528
377.765	219.607	267.022	222.565
392.974	213.067	246.789	227.049
399.914	210.719	229.523	228.680
405.840	211.528	215.314	229.708
421.753	206.533	186.548	238.572
439.189	205.445	156.928	240.585
452.204	209.206	129.344	236.461
456.034	216.511	122.190	226.293
457.762	220.484	118.294	218.586
456.130	221.578	118.329	211.785
447.728	223.755	127.026	207.277
432.666	223.274	144.711	207.194
420.471	224.390	160.995	207.862
403.144	223.043	183.386	211.563
391.823	218.058	198.406	221.359
376.373	217.939	215.556	226.306
336.320	222.909	254.863	218.243
303.170	233.030	280.483	192.277
305.892	226.597	262.798	213.963
302.731	224.639	253.543	207.626
302.411	223.939	241.507	205.660
304.802	220.820	225.578	210.780
308.124	218.393	217.676	208.971
309.810	218.615	212.647	207.448
310.890	218.131	209.091	207.231
311.922	218.709	209.788	205.164
313.066	221.230	213.233	203.876
313.952	223.599	218.880	205.088
313.476	223.257	225.621	207.931
310.026	221.966	234.822	214.204
304.806	221.675	246.421	215.725
299.460	221.353	256.816	207.565
297.827	220.559	257.676	208.739
294.092	221.756	259.996	206.797
290.641	223.951	258.600	205.412
284.938	226.330	255.599	204.951
278.406	227.418	251.617	208.113
266.818	227.300	237.011	207.567
260.838	230.568	227.772	209.808
257.726	231.479	216.624	209.009
250.772	237.290	203.227	199.693
242.935	238.411	168.877	191.093
236.895	241.569	144.187	192.344
230.121	246.583	137.003	198.032
223.750	250.597	134.684	207.070
210.331	254.006	130.504	204.380
