431.000	263.000	74.000	81.000
441.802	259.899	67.268	83.115
451.942	258.027	68.292	81.834
463.830	255.978	66.870	81.408
473.914	253.646	67.967	81.419
484.691	252.779	66.816	80.184
493.863	252.469	67.770	81.332
502.052	252.396	68.401	80.504
511.052	250.821	68.752	81.774
521.075	249.484	67.309	81.159
530.874	248.789	66.302	80.691
540.083	248.215	65.923	80.420
548.968	247.738	67.194	81.124
559.537	245.856	67.587	83.064
570.830	244.777	66.628	83.657
581.885	244.956	66.937	82.896
594.966	245.409	67.553	81.835
609.821	245.291	66.460	82.091
626.998	245.643	65.173	82.305
642.724	245.287	65.950	83.379
658.097	244.431	66.201	83.508
674.891	242.416	65.746	85.022
690.470	240.825	67.021	86.571
703.149	239.950	70.672	84.910
712.915	236.850	70.855	84.755
720.173	232.504	68.557	86.544
723.077	230.213	68.423	85.126
723.628	228.271	67.334	84.466
725.225	226.626	67.669	82.904
727.042	225.189	66.414	81.973
727.069	225.481	66.843	81.903
726.028	226.298	64.582	82.881
722.318	228.995	65.424	82.472
718.119	230.567	65.804	81.129
712.671	231.590	65.442	81.492
706.365	231.862	65.507	81.151
699.893	232.026	65.390	81.392
693.048	232.782	64.917	81.784
685.729	233.935	64.998	82.819
670.186	235.560	65.518	83.721
660.426	238.310	65.150	83.183
650.595	240.784	64.997	82.977
640.420	243.520	66.029	82.128
631.975	244.941	66.566	81.911
623.615	246.147	66.868	82.431
617.836	246.422	65.427	83.799
612.241	246.864	65.330	83.564
607.672	247.088	65.157	81.339
605.479	247.116	65.328	79.437
605.169	246.617	64.466	78.103
605.089	245.177	65.670	79.174
607.413	244.616	66.198	80.079
610.167	244.422	67.575	80.604
614.849	243.956	67.079	81.237
619.283	243.468	67.628	81.398
622.341	242.864	67.778	78.279
625.121	241.881	67.789	77.512
625.963	241.758	67.913	77.191
627.114	241.215	67.570	76.752
626.589	241.334	67.326	77.391
623.963	241.165	67.028	78.148
619.966	241.321	68.093	77.570
614.897	240.950	69.733	78.674
609.824	240.287	71.813	81.605
605.407	241.220	69.416	81.826
602.867	241.446	68.054	82.150
600.978	241.591	66.576	81.428
599.000	241.365	66.788	81.356
597.297	240.894	66.852	81.463
594.461	239.918	66.348	80.844
590.793	239.477	67.822	80.934
587.736	239.115	67.992	81.404
583.715	239.500	68.295	83.279
579.463	241.378	68.409	85.422
574.743	243.085	68.044	83.171
569.884	244.358	67.826	82.547
564.890	243.811	67.733	82.452
560.947	244.306	67.597	82.072
554.282	242.389	67.537	82.840
546.733	240.893	69.890	80.785
540.733	239.277	68.990	81.466
533.116	238.979	69.671	80.978
525.084	238.876	68.137	79.602
517.502	238.440	66.454	78.729
508.583	239.186	65.761	79.499
499.067	241.135	65.823	79.360
490.280	242.726	64.965	79.976
480.922	243.837	65.080	80.752
471.007	243.699	66.386	81.572
463.143	242.522	66.044	79.930
460.282	239.096	62.930	81.146
453.006	234.968	64.720	82.775
447.725	231.889	65.202	84.439
442.819	230.314	66.167	85.174
438.818	230.782	65.346	84.217
436.114	231.785	65.229	85.872
431.830	234.572	66.178	85.206
430.179	235.179	65.265	82.497
429.964	236.600	63.077	81.594
428.646	237.805	64.102	79.906
427.453	237.732	65.136	78.366
427.969	238.812	63.037	77.488
427.231	238.885	62.482	77.339
426.231	238.601	62.599	77.608
423.702	239.255	63.704	77.217
421.743	239.398	63.443	78.896
419.325	239.814	63.908	79.093
417.130	240.230	63.594	78.684
414.975	240.556	63.504	78.711
413.123	240.920	63.437	77.657
411.342	241.595	63.900	78.339
410.318	241.282	64.261	77.641
409.493	240.959	64.815	77.536
408.877	240.527	64.755	77.876
408.952	240.672	64.175	78.098
408.952	240.477	64.134	78.283
408.711	240.477	64.499	78.763
408.934	241.037	64.417	78.637
408.681	241.125	64.644	77.757
408.849	241.462	64.868	78.256
408.507	241.750	64.859	78.286
408.658	241.750	64.485	78.126
408.642	241.762	63.546	77.641
407.828	241.635	63.611	77.484
408.528	241.867	63.429	76.227
410.370	242.119	62.464	76.349
412.137	242.337	62.687	76.649
414.169	242.565	64.371	77.529
418.963	241.969	63.474	78.423
424.815	241.337	63.040	79.957
429.514	241.210	63.466	79.862
435.846	241.369	63.877	79.952
442.224	241.294	65.077	81.330
449.262	241.865	66.457	81.745
458.685	241.753	65.228	82.611
466.755	242.390	65.493	81.662
474.863	242.297	65.165	82.116
482.628	242.703	65.840	81.765
489.134	242.081	66.677	82.149
496.507	240.922	66.520	80.056
501.976	238.121	66.302	82.569
506.175	235.164	66.804	84.215
511.717	232.090	65.187	83.516
514.355	230.197	67.171	84.141
518.428	229.674	66.073	83.456
523.744	232.459	64.784	86.247
528.106	239.623	64.018	86.599
531.539	247.876	65.644	86.695
536.917	254.162	64.446	87.410
543.126	259.616	64.669	85.772
549.395	263.627	64.364	82.586
552.512	265.105	67.653	82.015
555.822	263.974	68.259	83.689
555.089	261.879	71.125	85.185
549.664	258.088	75.544	85.880
543.185	255.268	77.754	87.618
534.821	255.074	77.797	87.726
526.629	259.760	79.125	86.909
519.878	268.906	78.688	87.900
511.043	287.187	83.639	83.520
511.221	301.992	81.232	81.970
501.321	318.040	77.362	78.865
496.273	334.221	86.060	82.622
496.929	344.198	89.074	87.119
497.698	354.865	85.414	84.320
499.784	362.902	81.232	87.351
502.649	369.325	77.775	86.205
505.299	373.650	78.259	89.307
508.195	374.852	78.495	90.119
511.878	377.264	84.872	83.368
521.385	378.621	78.793	76.856
525.171	379.237	81.759	73.222
531.351	376.750	81.119	74.699
539.343	377.096	82.883	76.298
545.172	374.511	85.577	74.939
549.184	368.764	82.379	82.739
553.414	364.346	81.108	84.448
556.657	356.329	79.741	86.692
560.696	345.788	75.233	92.405
561.920	336.937	77.902	93.566
563.488	319.150	78.975	92.433
566.622	299.704	79.372	91.828
572.358	284.715	78.892	88.090
576.961	266.208	77.980	88.638
581.258	247.210	77.440	95.064
586.720	230.309	74.067	93.314
588.754	221.330	75.272	90.723
593.077	216.807	73.724	87.691
597.372	215.454	73.701	86.838
604.032	215.938	70.951	90.026
607.297	223.073	69.981	91.058
609.537	233.303	69.199	89.044
611.260	237.182	71.125	86.291
614.142	235.732	70.207	88.510
616.547	230.994	69.403	88.892
618.232	224.817	68.638	89.573
617.356	222.707	70.341	86.822
617.765	221.581	69.710	87.215
617.164	221.398	69.379	87.838
616.514	222.573	69.117	87.890
615.441	223.884	68.949	86.126
614.201	223.234	68.271	86.224
612.514	223.086	69.335	85.445
610.333	222.958	70.041	84.891
608.830	223.171	70.151	84.200
607.101	223.521	71.053	83.329
606.751	222.976	70.325	84.327
606.814	222.214	70.509	85.837
606.550	221.576	70.860	86.855
607.603	221.125	72.041	87.346
610.001	219.905	72.208	86.981
611.468	218.679	72.803	87.886
614.811	219.020	72.991	88.095
618.318	219.626	73.373	89.588
626.227	221.869	70.878	89.307
633.985	224.747	71.555	88.879
641.811	225.530	72.129	87.956
650.692	224.921	72.055	86.672
658.737	219.993	70.450	89.538
664.252	216.139	71.523	88.937
669.028	209.588	72.339	89.860
672.807	203.524	71.562	90.477
675.619	197.698	70.481	90.139
676.731	193.851	71.325	88.480
679.886	191.055	70.703	87.673
681.752	188.348	71.330	86.750
685.577	185.716	70.491	88.636
689.294	184.955	70.794	88.035
692.589	183.743	71.975	88.187
695.814	182.264	74.257	86.917
699.162	181.274	73.466	86.904
699.491	180.558	73.973	86.590
699.250	180.524	73.675	87.594
697.918	181.064	74.103	86.807
696.351	181.412	73.898	87.463
694.097	182.125	73.639	86.732
691.773	182.851	74.126	87.713
689.477	182.448	74.222	89.087
687.082	183.771	74.211	87.568
684.633	182.790	73.391	87.155
680.451	182.237	73.264	86.848
674.571	181.990	73.909	86.418
667.696	182.739	73.884	85.737
659.217	182.626	73.536	86.106
650.403	182.620	73.742	87.580
640.833	181.704	73.226	87.884
631.099	182.071	75.376	89.037
621.722	183.204	71.083	90.720
610.833	185.501	68.727	89.298
598.643	186.536	68.649	90.832
582.047	187.083	72.952	89.962
574.177	183.616	70.354	90.101
564.403	179.248	71.745	90.080
558.186	174.353	72.423	90.018
553.418	170.473	73.513	89.416
550.293	166.302	72.664	89.942
547.960	164.485	72.678	88.875
546.158	162.889	72.903	89.499
544.860	160.330	73.401	91.163
544.224	158.757	75.135	90.208
545.194	157.720	76.253	88.591
548.244	157.041	75.687	88.387
550.649	157.964	75.772	88.070
552.533	158.421	75.366	89.254
553.258	159.464	75.238	91.460
552.493	164.067	74.083	91.528
549.569	168.889	73.802	91.300
545.855	172.090	72.196	90.969
540.254	175.269	72.413	90.764
533.120	176.658	73.814	90.248
525.118	172.001	74.692	93.167
516.451	166.714	77.485	95.044
507.721	162.648	75.494	96.448
495.262	164.872	75.250	92.575
481.963	168.801	74.551	91.396
468.133	173.825	74.752	92.189
456.184	179.949	74.278	92.963
444.850	183.692	72.998	92.434
434.518	184.512	72.911	92.182
425.995	185.088	71.431	93.351
417.330	186.045	71.644	92.597
412.263	186.775	71.415	92.100
409.366	187.685	72.925	90.866
407.637	187.449	72.133	89.043
407.807	187.681	71.464	89.011
408.256	187.911	71.584	89.600
410.862	187.920	71.583	89.986
414.117	187.656	70.827	89.976
416.646	187.296	71.030	90.000
418.506	187.072	71.525	89.803
421.574	186.925	71.607	88.991
423.481	186.867	72.029	89.337
425.469	186.920	71.611	88.776
427.186	186.999	71.377	88.418
428.017	187.272	71.780	87.513
428.941	187.403	71.808	87.147
429.476	187.372	71.802	86.616
430.092	187.805	71.718	86.531
430.935	188.834	72.258	87.972
435.253	190.002	71.339	88.571
441.455	193.966	69.949	87.982
448.129	197.768	68.718	87.323
455.354	202.057	68.226	88.437
463.193	206.836	68.095	88.991
471.813	210.152	68.614	88.935
480.784	213.015	70.305	88.567
489.819	212.723	69.810	89.318
496.312	211.487	70.112	88.141
498.862	208.834	71.358	88.784
501.268	202.875	71.927	91.452
503.785	196.823	73.226	91.669
507.573	188.257	72.255	91.533
509.627	182.058	74.219	90.657
512.944	180.463	75.460	88.663
517.808	180.876	75.584	90.440
523.180	188.824	74.365	90.990
529.128	195.431	73.054	92.868
536.620	202.400	70.982	91.461
545.096	206.410	69.461	89.126
552.485	206.979	71.144	88.124
562.279	205.413	69.624	87.811
568.158	203.405	71.330	86.958
574.640	199.481	71.603	87.223
579.852	196.251	72.741	87.610
584.923	193.365	72.114	87.631
587.945	191.465	72.768	85.737
590.128	189.891	73.179	87.038
590.913	189.152	73.526	88.152
590.793	188.104	73.182	86.967
588.549	187.281	72.513	86.869
583.780	188.491	71.481	88.817
577.707	190.990	72.425	89.477
569.548	193.012	73.115	90.266
560.572	195.181	73.148	90.331
551.938	197.806	71.299	90.172
542.400	201.321	71.376	90.003
535.133	203.765	71.033	89.568
529.245	205.764	71.861	91.541
524.402	207.651	72.182	93.569
520.358	210.086	71.739	92.321
516.840	211.846	71.376	92.685
514.638	214.611	71.105	91.216
513.975	216.904	70.942	89.611
513.722	219.045	71.030	87.733
514.572	221.174	71.816	87.757
516.791	224.384	70.911	86.773
518.047	227.562	71.106	85.040
518.912	229.859	70.911	84.883
519.200	231.871	71.245	83.688
519.238	233.048	71.258	85.068
519.398	234.373	70.692	84.361
519.910	235.884	70.633	82.376
520.282	234.705	70.154	83.304
520.523	234.038	71.216	83.042
522.438	232.298	70.980	83.058
526.105	229.089	70.566	83.949
529.955	225.655	70.501	85.977
534.007	222.142	72.929	86.508
543.541	217.377	71.802	87.494
553.174	213.571	71.596	87.341
563.930	208.481	74.847	87.473
578.755	202.751	73.408	89.784
592.089	197.796	73.014	91.293
606.342	195.068	74.616	92.987
621.661	191.996	72.685	95.280
632.777	187.961	73.035	96.269
639.614	184.601	77.734	89.376
646.059	180.318	77.483	87.816
650.402	177.266	79.538	87.085
656.439	175.052	78.589	87.736
661.117	174.092	78.955	89.061
668.268	173.733	78.343	92.023
671.218	175.877	80.148	90.417
674.967	175.993	80.500	90.172
679.203	176.174	80.264	89.582
683.139	176.376	79.018	89.163
685.817	176.160	80.267	88.447
686.772	176.186	80.953	89.038
687.721	175.984	81.874	89.868
688.077	174.925	84.509	92.954
689.464	174.176	86.088	95.799
691.686	173.589	86.352	96.506
693.014	173.519	87.167	97.101
694.215	173.334	87.120	97.357
694.602	173.236	86.559	96.937
694.562	173.401	86.965	96.962
694.014	173.015	87.595	96.017
693.227	173.328	88.785	95.392
690.785	174.470	88.598	96.212
686.569	177.409	88.229	95.582
681.086	179.902	89.277	95.884
676.480	182.174	88.065	96.502
671.873	183.613	87.672	96.539
667.586	184.069	88.167	96.492
664.593	185.804	87.638	96.012
662.463	187.196	86.990	94.845
659.979	189.396	85.643	96.973
657.398	192.491	84.544	98.445
655.838	197.496	83.395	98.400
652.680	200.504	83.655	98.359
650.443	202.649	83.189	94.885
649.297	204.018	82.264	91.980
649.867	203.544	79.334	89.491
654.366	201.479	78.743	87.565
662.127	201.069	77.759	89.142
671.829	201.125	76.699	89.844
682.568	202.424	78.027	89.400
695.345	204.047	78.449	90.443
708.609	207.043	78.991	90.958
723.405	212.197	77.318	89.747
736.345	218.216	76.420	87.715
748.562	221.515	76.048	87.063
759.835	221.720	73.768	85.382
766.946	221.145	73.915	82.897
772.015	219.224	73.513	82.040
773.976	217.367	74.054	82.396
774.168	216.151	74.204	83.566
770.091	219.554	74.307	83.780
763.188	224.123	74.502	84.554
753.382	229.770	75.597	84.769
742.818	236.432	75.459	83.454
730.669	240.610	72.155	84.091
715.588	244.537	75.210	82.502
699.746	244.479	75.821	86.426
683.874	242.790	73.916	86.384
666.577	242.000	75.117	84.660
647.486	237.245	74.886	86.107
631.749	233.080	75.934	85.026
618.034	228.401	74.301	84.270
603.710	224.877	75.252	80.997
589.427	222.788	75.338	80.754
574.526	226.017	75.046	79.070
562.061	230.699	71.855	82.374
543.850	236.446	77.135	86.168
530.432	241.404	78.225	88.200
521.922	246.194	74.280	83.595
507.463	250.356	81.692	89.771
494.264	251.738	93.324	90.693
481.462	253.485	85.857	85.942
471.521	252.531	76.940	84.094
464.207	246.234	74.993	86.111
455.910	238.069	72.502	82.745
452.448	231.573	69.392	82.862
449.918	228.588	67.083	80.484
446.412	226.333	67.333	79.695
443.744	226.190	67.296	78.254
440.569	227.786	66.827	79.140
439.533	229.352	65.943	77.589
439.183	229.742	64.795	76.330
438.573	228.453	65.219	76.525
438.559	226.814	66.586	76.381
440.125	225.442	68.099	76.082
442.529	223.689	69.148	77.516
445.753	222.889	70.093	78.177
450.285	222.254	70.089	79.740
455.121	222.573	70.257	79.487
460.488	222.836	70.066	79.536
463.124	222.391	70.129	79.988
464.080	222.029	69.670	79.702
463.104	221.718	69.815	79.821
459.045	221.718	70.218	79.701
451.900	223.292	69.012	79.959
444.125	224.623	69.854	79.531
435.551	226.848	68.802	79.497
427.133	228.649	67.755	80.078
418.014	230.850	67.414	79.421
406.752	233.203	67.390	77.448
398.526	233.269	67.330	78.201
390.897	233.727	66.606	77.975
383.943	236.116	67.543	77.927
378.792	239.049	66.821	76.453
374.150	242.536	66.372	75.648
373.005	244.130	66.017	76.692
375.835	246.263	66.181	77.527
384.776	246.998	64.985	79.557
394.137	247.373	64.523	80.737
406.186	247.629	65.399	80.315
417.026	247.394	65.997	81.310
427.504	245.189	65.366	80.343
435.614	241.116	65.048	79.041
441.511	234.609	65.951	78.172
449.670	227.797	66.459	76.152
456.230	225.081	67.855	75.103
466.871	223.911	65.821	76.376
475.924	226.413	65.588	77.955
486.950	230.737	64.620	78.859
501.447	238.875	64.427	79.976
511.081	243.718	67.726	77.578
522.202	245.413	66.136	72.750
533.558	245.943	63.947	68.558
539.361	247.423	60.857	68.348
550.581	250.380	51.491	66.321
554.775	251.146	54.566	65.312
579.304	227.914	70.019	84.371
578.777	233.695	71.623	86.117
578.405	235.135	72.882	85.132
577.631	239.737	71.930	84.404
574.822	242.105	72.203	82.057
570.747	245.127	73.093	80.119
567.207	246.742	72.496	80.118
564.270	247.962	72.252	78.772
562.344	251.547	72.621	76.578
560.849	249.420	71.335	80.137
521.182	287.071	58.545	72.860
518.963	296.897	53.869	67.770
516.236	294.995	50.926	63.308
511.404	288.349	48.680	61.598
505.705	291.303	48.917	58.828
500.683	291.003	48.138	61.255
493.948	291.615	48.062	60.899
483.121	288.437	71.447	60.368
489.536	259.263	72.892	81.670
477.043	261.528	73.161	81.985
467.340	262.130	72.797	81.517
457.496	262.143	74.113	81.652
446.957	262.971	74.626	81.734
436.272	261.267	71.241	80.462
430.954	260.237	69.150	81.617
425.566	259.814	70.321	81.035
481.018	286.272	57.725	72.794
474.102	290.724	60.310	66.662
478.798	288.847	60.897	60.907
485.721	290.491	59.214	61.599
492.781	290.847	59.984	62.890
500.547	290.795	60.484	65.184
507.900	290.492	62.196	66.888
519.675	290.558	63.602	70.041
528.605	289.234	63.755	70.514
538.774	288.107	63.890	75.511
549.562	285.722	64.026	73.016
559.872	282.888	62.777	74.374
569.608	276.591	63.634	77.480
575.252	272.543	64.146	77.856
580.242	268.738	63.100	77.437
583.348	267.518	64.069	74.546
585.742	266.962	63.896	74.937
587.750	269.233	64.055	75.401
588.523	270.788	63.217	79.074
588.368	273.095	63.305	77.966
588.098	275.221	62.682	76.054
587.750	275.621	62.218	74.352
587.616	275.961	61.598	73.371
587.313	276.112	61.867	73.052
587.215	276.837	62.438	72.400
587.500	276.940	62.586	73.325
587.794	276.991	63.099	74.076
588.882	276.286	63.594	74.644
592.760	275.032	64.291	74.097
597.499	273.288	64.332	74.250
602.714	271.078	64.415	74.533
609.789	268.853	63.352	74.987
616.275	266.164	63.228	75.783
623.018	263.428	63.280	75.799
625.996	262.544	65.517	74.042
630.108	261.168	65.396	74.700
633.088	261.122	65.851	74.375
634.240	262.012	66.212	75.852
634.123	262.984	65.348	80.143
630.666	266.279	66.068	80.864
625.143	268.854	67.801	79.383
616.994	271.004	68.223	78.333
608.246	272.180	68.733	77.357
593.013	273.767	70.201	77.755
582.391	275.739	69.695	78.285
572.387	276.140	69.976	77.701
563.778	274.114	68.408	78.455
555.304	272.753	68.074	77.164
547.640	266.965	64.914	78.237
543.829	264.176	62.246	75.497
540.520	261.755	60.050	74.493
537.045	260.213	59.955	73.162
534.779	258.501	59.390	73.372
533.838	257.455	58.789	68.876
533.226	256.061	57.690	66.250
534.742	253.339	57.551	62.973
537.715	250.470	58.823	59.199
544.290	249.059	58.004	57.406
554.798	245.387	55.858	58.750
564.513	245.373	54.121	56.860
572.340	243.233	54.522	56.810
579.932	242.544	55.962	56.943
587.182	241.888	57.350	56.351
594.292	241.705	61.289	57.771
603.577	242.656	61.317	56.831
609.666	242.907	62.109	57.200
616.507	242.422	63.554	60.864
624.224	241.560	62.245	62.333
632.703	241.139	63.435	64.710
636.495	240.659	62.981	64.435
640.255	242.343	63.058	60.400
643.641	241.437	64.131	60.958
646.492	240.560	64.007	60.226
650.238	238.596	62.104	58.138
657.819	237.030	56.657	58.293
670.003	235.105	47.348	59.559
679.280	237.101	43.402	54.950
686.993	237.821	41.280	51.719
683.121	239.983	50.498	47.791
670.875	210.762	69.459	67.544
672.181	195.058	78.664	78.734
679.495	194.408	79.204	79.624
688.067	193.464	77.683	80.701
694.787	194.337	78.593	80.407
686.636	232.336	55.868	54.982
689.297	236.939	44.829	46.574
690.373	237.376	41.385	45.883
689.431	238.609	41.520	45.026
687.802	240.053	41.744	44.939
685.853	241.625	43.061	44.243
682.462	242.531	46.329	42.816
678.495	242.129	49.056	46.198
673.516	242.455	53.804	47.722
669.682	243.232	56.961	53.906
660.810	243.618	63.055	57.967
655.906	244.190	60.632	59.438
647.629	245.263	62.040	58.993
639.408	245.514	61.374	65.615
631.341	247.104	60.053	65.756
622.222	247.409	60.408	70.467
612.388	247.132	65.725	75.782
606.968	245.097	61.637	75.810
600.790	243.137	60.260	72.101
595.090	240.469	59.551	72.117
590.397	240.756	58.671	73.813
586.100	240.884	58.544	75.641
582.337	242.034	60.192	76.445
579.437	243.669	60.267	75.321
576.820	244.054	59.639	74.720
574.073	244.373	60.429	73.344
572.328	244.085	60.112	73.438
571.223	244.011	59.292	73.610
570.253	244.233	59.235	72.850
569.036	244.034	59.812	72.823
568.615	243.576	58.550	73.310
567.683	243.706	58.666	73.447
566.744	243.487	58.820	73.273
565.906	243.413	59.343	72.813
565.036	242.852	59.177	72.664
564.454	243.104	59.093	73.412
563.712	243.324	60.130	74.019
564.251	243.344	59.821	76.504
564.783	243.123	59.916	76.319
565.769	242.758	61.125	75.051
567.894	242.123	62.262	73.598
572.541	241.021	61.731	72.964
578.221	240.269	61.717	72.803
582.617	240.156	63.029	72.214
588.858	241.545	64.269	72.507
593.468	242.231	65.583	74.420
598.733	243.304	65.498	74.941
603.981	244.137	66.020	74.672
609.259	243.449	65.001	75.085
615.318	241.890	65.312	75.123
619.884	240.739	64.055	75.015
622.806	240.479	63.089	75.654
625.073	240.066	61.218	75.465
625.981	240.408	60.442	74.885
626.425	239.867	60.289	75.265
626.813	239.227	60.821	76.745
626.729	239.567	60.995	76.983
626.327	240.740	60.994	78.026
625.336	241.428	61.588	76.695
624.614	240.280	62.133	75.295
625.303	237.700	60.949	75.511
625.427	234.426	60.761	76.152
625.888	232.509	60.583	74.681
626.296	229.959	59.982	75.420
625.520	228.553	59.951	73.971
624.968	227.014	59.418	74.191
622.608	226.580	59.802	73.388
617.969	226.620	60.562	72.034
611.994	229.376	61.247	70.515
604.016	232.765	61.955	70.725
596.528	235.723	63.172	71.567
590.250	239.428	62.536	70.300
583.814	241.144	62.621	70.538
578.869	241.784	62.821	71.604
572.554	242.757	63.651	72.502
569.146	242.845	63.524	74.274
566.929	242.286	62.928	75.316
566.313	241.497	62.338	74.920
566.124	240.671	62.556	74.302
567.241	238.262	63.095	73.893
569.905	236.685	62.678	72.517
572.666	234.815	62.466	72.567
574.319	233.558	62.635	74.275
574.783	233.871	63.391	74.245
575.026	234.484	62.469	74.534
574.040	234.822	61.847	73.883
570.702	235.032	62.087	72.491
565.599	235.468	62.576	73.206
559.175	236.349	62.737	71.900
551.517	238.269	61.509	72.119
545.527	239.616	61.188	70.933
540.240	240.644	59.922	70.415
534.773	241.539	60.144	69.830
530.609	242.032	58.544	70.666
524.948	243.572	59.113	70.190
520.141	245.051	57.459	70.960
515.048	246.834	58.267	69.696
511.659	246.556	58.010	70.828
509.054	246.793	57.848	71.457
506.988	246.628	58.860	71.476
505.919	246.546	59.560	71.088
505.075	246.199	60.394	71.603
507.058	245.337	61.286	72.595
509.835	245.283	63.160	72.319
516.145	246.427	63.823	72.077
523.628	246.813	61.892	73.179
532.822	247.209	58.808	74.707
540.666	248.082	58.553	75.777
549.581	249.141	59.790	75.540
557.189	248.815	60.979	74.251
565.189	246.553	62.260	75.696
569.917	244.815	62.407	74.951
574.543	243.825	63.667	74.074
579.464	243.740	63.783	75.239
582.870	243.479	63.764	75.578
586.425	242.996	63.003	75.506
589.029	243.822	62.526	75.319
591.156	243.649	62.604	76.196
593.297	244.138	62.439	75.946
595.539	244.772	62.134	76.057
597.760	244.239	62.709	76.416
599.847	244.015	62.802	75.817
601.678	244.064	62.093	76.267
602.805	244.064	61.708	76.115
603.152	243.980	61.666	75.773
603.631	243.825	61.172	76.078
603.569	243.358	61.550	76.583
603.692	242.771	61.327	77.342
603.378	242.858	62.135	76.805
603.403	242.544	62.438	76.212
603.981	242.184	62.369	75.567
604.593	241.928	62.064	75.674
604.526	241.254	62.414	75.565
604.060	241.031	62.236	76.481
603.007	240.910	61.579	78.241
602.185	241.688	61.162	78.122
601.001	242.222	61.845	77.868
600.388	242.272	61.950	77.028
598.948	243.882	62.937	77.032
598.402	244.412	62.584	78.435
596.915	246.556	62.761	78.381
594.205	247.037	63.271	78.029
590.755	246.983	63.371	77.516
586.143	247.089	63.271	77.392
580.889	247.310	64.235	76.120
574.776	247.369	62.624	77.686
569.820	247.272	62.847	78.370
563.786	245.956	64.037	77.354
560.473	244.658	63.246	79.249
555.696	243.657	64.978	78.643
554.256	242.074	64.200	77.819
552.931	240.806	64.017	77.662
550.912	239.535	64.859	79.278
549.029	238.491	66.230	80.820
547.717	237.256	66.542	82.212
546.194	237.356	67.893	80.863
544.974	236.666	68.983	81.945
544.334	236.178	70.008	82.726
544.469	235.266	69.118	82.450
543.531	234.314	70.244	82.873
542.794	233.674	70.597	83.215
541.684	233.390	71.595	82.057
541.181	233.279	70.940	83.217
540.638	232.583	70.935	82.290
540.254	233.369	70.797	80.510
540.925	234.103	69.553	80.226
541.044	234.461	69.068	81.314
541.190	234.340	68.967	81.354
541.372	234.936	68.876	81.085
540.824	235.354	68.885	80.665
540.731	235.609	68.901	79.333
541.571	235.781	69.399	77.764
543.017	236.143	67.450	78.427
543.772	236.942	67.770	77.881
545.871	237.932	67.608	77.178
550.097	238.865	66.887	76.454
554.662	239.503	67.583	75.839
560.013	240.134	67.704	76.117
568.905	242.264	64.983	76.387
576.230	244.801	64.678	76.079
585.808	247.207	66.899	77.875
595.656	248.241	67.210	79.589
605.559	249.291	67.309	81.462
615.620	249.004	68.093	80.949
626.888	247.751	67.171	81.116
638.697	245.310	67.411	78.913
648.664	242.708	66.910	78.173
657.380	241.251	65.423	75.544
666.185	239.358	63.563	73.774
671.900	237.825	64.585	70.649
679.202	236.181	63.713	69.569
686.086	236.799	61.832	67.765
691.409	239.169	61.441	65.277
697.652	243.931	58.823	62.266
703.478	246.711	56.640	60.270
708.356	246.917	54.613	57.800
712.423	246.214	52.767	59.132
714.431	245.485	50.542	61.602
715.717	244.949	49.058	62.588
715.761	245.084	44.241	60.158
714.318	244.551	50.390	58.345
709.494	246.613	52.529	58.746
704.976	247.146	53.732	54.605
698.248	242.555	57.405	60.834
689.259	238.903	62.245	65.117
678.482	235.653	60.183	68.578
669.850	236.229	62.154	68.085
659.793	239.408	62.216	68.825
651.678	241.205	61.418	74.634
643.653	246.064	63.508	75.317
636.963	249.823	63.653	71.045
633.091	248.915	63.923	71.335
629.979	247.118	63.458	72.595
628.008	245.689	62.472	73.032
626.216	244.632	62.293	72.461
624.870	244.795	61.619	72.043
622.917	245.014	62.121	72.243
621.930	245.325	61.026	72.681
620.749	245.185	60.822	72.127
619.519	245.114	61.398	71.009
618.471	244.848	61.526	70.575
617.825	244.677	61.098	70.996
617.647	244.917	60.815	71.255
617.777	244.869	60.998	70.380
617.683	244.408	61.194	70.527
617.522	243.869	62.177	70.592
617.806	244.182	62.627	69.876
618.356	244.182	62.879	70.446
619.517	244.269	62.747	70.813
620.224	244.447	63.425	70.377
621.126	244.383	63.138	69.928
621.676	244.644	62.968	68.192
621.833	244.441	62.507	67.509
622.336	243.454	62.012	68.173
622.434	242.123	61.354	69.188
619.712	241.295	62.757	69.027
616.276	241.258	63.109	68.319
613.766	239.742	63.060	69.423
608.542	239.995	64.876	70.995
605.349	239.525	65.612	67.860
602.732	238.386	63.628	66.313
596.693	237.835	64.990	66.657
595.526	237.129	63.634	66.460
592.507	236.153	63.898	66.767
589.733	236.160	64.349	67.168
586.355	235.948	65.571	67.320
584.947	235.833	64.046	68.290
582.891	235.228	63.989	68.533
581.273	235.107	64.515	67.285
580.243	235.040	66.495	67.579
579.287	234.308	70.187	68.404
578.859	233.319	65.495	73.382
578.465	234.570	65.243	72.106
577.525	234.310	64.519	72.068
577.043	234.987	64.670	73.588
575.974	235.367	65.545	75.694
575.655	235.526	65.176	77.496
575.122	236.363	65.047	79.472
574.838	235.997	64.704	81.478
574.066	236.029	64.816	79.126
572.923	235.903	65.418	76.807
572.072	235.321	65.484	77.089
571.596	234.330	65.077	77.969
570.873	232.895	64.924	79.716
567.937	231.402	68.454	82.586
565.520	233.522	72.142	77.831
563.569	232.995	70.544	78.379
561.091	232.887	69.764	78.188
560.509	233.099	68.914	77.090
556.660	234.208	72.154	77.490
552.934	234.562	70.345	77.301
550.776	234.719	69.214	77.096
548.235	234.926	68.408	77.452
546.517	234.630	67.648	77.174
544.800	234.636	67.433	76.869
543.485	235.344	67.479	75.684
543.231	234.494	66.929	76.109
542.696	234.170	66.893	76.155
542.873	233.911	66.500	76.223
543.296	233.906	66.330	77.020
544.029	233.911	66.082	77.339
544.969	234.221	66.475	76.142
547.736	234.951	65.152	75.400
549.701	235.185	64.973	73.864
552.131	235.611	63.869	72.917
554.013	235.406	63.016	72.451
555.165	235.082	62.874	71.796
556.197	234.697	62.207	72.104
556.903	234.354	62.349	72.051
557.615	233.092	61.514	72.503
557.935	233.429	62.906	72.757
558.448	232.531	61.521	70.562
556.071	232.998	62.401	70.895
555.367	232.455	61.621	73.042
555.615	232.648	60.364	72.515
555.130	232.848	60.324	71.174
555.701	232.836	61.123	69.120
556.400	233.700	61.315	65.193
557.862	233.801	62.385	63.684
559.955	233.640	64.367	65.137
561.888	233.989	61.661	67.011
563.748	234.093	60.808	69.834
563.592	230.062	75.178	70.026
588.134	205.804	73.207	79.892
584.955	204.257	74.576	77.815
582.793	206.233	74.012	76.236
582.471	203.981	72.839	77.091
580.696	203.666	73.744	78.551
579.799	203.521	73.137	76.757
578.596	203.688	74.184	76.191
578.571	204.449	72.590	80.994
576.624	204.857	76.549	75.285
578.257	204.537	68.042	78.917
577.276	205.876	70.459	77.022
576.943	205.186	68.523	77.250
575.621	205.047	71.093	76.466
574.950	204.264	70.355	77.120
574.137	204.460	72.067	77.285
573.549	203.661	72.648	76.177
573.018	203.705	72.193	77.038
571.868	202.701	71.292	77.635
569.292	202.451	73.389	79.090
568.918	202.320	72.409	78.835
569.491	200.998	71.391	79.741
570.015	205.110	69.439	76.793
569.227	202.087	68.992	78.754
570.538	204.150	68.249	73.152
570.948	203.872	68.651	72.939
571.549	203.322	69.214	73.066
572.136	203.551	68.937	74.492
571.741	203.273	71.719	76.243
570.799	201.720	70.150	79.075
570.850	204.895	68.893	75.953
570.279	204.934	68.902	75.572
570.010	204.275	68.820	75.832
568.800	203.663	69.735	76.808
568.453	203.526	70.295	76.599
568.570	203.518	70.632	76.752
568.768	203.889	70.726	76.908
568.620	203.772	70.874	77.601
570.284	204.436	69.450	77.053
568.466	204.448	71.236	75.526
568.490	203.213	72.141	76.963
569.430	202.846	72.176	77.897
569.522	202.666	72.647	79.359
570.992	203.230	71.960	78.927
599.437	229.025	86.171	77.254
574.230	209.312	70.724	78.948
576.603	209.181	70.599	73.870
639.169	233.613	65.192	66.126
648.509	236.726	62.461	64.647
658.406	236.417	60.656	64.480
664.001	235.995	61.904	68.122
669.140	234.106	63.264	70.827
675.350	232.444	62.659	72.366
678.444	231.017	64.007	71.668
682.947	230.379	64.408	71.003
686.028	229.624	64.197	72.333
687.591	227.483	64.323	73.724
690.057	227.105	63.814	74.309
691.568	227.654	63.453	75.727
691.123	229.513	64.484	76.599
692.400	230.465	63.737	76.230
692.314	230.463	64.696	75.560
692.367	231.240	63.616	75.245
691.948	231.011	62.859	75.267
690.113	231.212	64.342	74.532
688.868	230.428	64.963	74.695
688.262	230.454	64.354	74.861
687.291	231.300	65.166	74.278
686.707	230.886	64.992	74.908
686.228	230.921	65.001	75.065
685.749	231.620	65.148	73.990
685.810	231.735	65.151	74.059
686.256	232.078	64.285	74.319
686.211	231.621	64.733	73.981
686.934	232.465	65.332	72.694
688.127	232.580	65.659	73.171
688.872	232.660	65.906	73.575
689.777	232.836	66.109	73.591
690.948	232.620	66.073	73.840
692.758	232.718	66.974	72.851
695.046	231.855	67.991	75.293
698.257	232.698	67.940	75.808
701.624	230.903	67.973	76.504
705.713	230.165	67.148	75.984
710.049	227.550	66.224	77.229
712.690	226.112	67.063	76.218
714.379	224.963	68.719	76.080
717.063	223.903	68.424	75.905
718.294	223.060	69.273	74.517
720.520	222.570	69.578	73.018
721.506	222.599	68.690	72.330
722.616	222.544	67.963	71.264
722.956	223.041	68.199	71.758
723.177	223.452	68.369	73.034
723.434	223.769	67.797	73.059
723.743	223.390	68.045	73.857
723.235	223.128	69.048	74.528
723.329	223.931	69.348	74.327
724.005	224.221	68.203	75.037
723.007	224.811	69.489	73.708
722.675	224.777	69.418	74.510
721.396	225.782	69.894	75.572
720.239	225.904	70.883	75.509
718.079	227.670	71.220	74.762
713.029	229.068	72.537	72.890
710.367	229.429	72.666	72.522
706.629	229.317	73.076	72.926
703.301	231.061	72.196	71.780
699.850	230.343	72.104	73.285
694.841	231.214	71.622	70.800
692.182	229.764	70.593	71.960
690.629	228.363	70.250	72.651
688.033	227.134	68.203	73.422
685.854	227.612	67.362	73.516
683.143	227.556	67.295	73.904
678.957	230.341	67.100	71.874
673.754	232.331	66.999	70.311
668.149	233.865	66.033	70.099
662.810	234.404	66.304	70.091
655.554	234.334	68.008	72.248
650.265	235.161	67.345	71.371
645.341	235.617	67.030	71.652
641.521	235.127	66.545	71.967
638.268	234.514	65.957	71.808
635.724	233.900	65.863	72.047
634.305	233.484	66.684	70.905
634.019	232.969	66.251	71.277
633.803	232.679	66.163	71.930
633.598	231.949	67.645	72.727
637.045	231.772	67.533	73.772
641.274	231.357	67.351	74.554
645.144	230.386	67.633	75.109
649.359	230.514	68.095	74.573
655.488	229.752	67.282	75.222
660.358	228.803	67.148	75.510
666.367	227.494	68.386	75.434
670.778	226.328	68.527	76.079
674.279	224.903	69.090	75.792
677.572	223.688	68.015	76.089
680.178	223.823	68.450	75.344
683.851	224.471	68.326	75.815
686.433	224.772	67.940	76.048
688.495	224.006	68.495	75.552
690.046	223.315	68.462	75.168
692.003	223.353	69.145	74.464
693.942	222.366	68.614	75.458
695.942	222.772	68.140	74.824
697.157	222.832	69.782	74.095
698.327	222.604	69.748	74.326
699.388	223.300	69.412	73.867
699.961	223.442	69.188	73.866
700.445	223.382	68.900	73.919
700.296	223.698	68.961	73.771
700.112	223.961	68.574	74.207
699.766	223.764	68.645	74.361
697.874	223.998	69.340	75.351
696.194	224.109	69.830	76.465
694.026	224.428	68.734	78.762
689.922	226.507	68.755	78.767
685.973	228.923	68.268	77.083
679.667	230.413	66.954	77.330
675.444	230.528	65.576	77.041
672.460	230.752	64.889	76.593
670.264	231.274	64.461	75.156
669.677	231.403	63.443	74.313
667.844	231.555	64.464	74.533
667.220	231.636	64.078	74.045
666.718	231.505	63.656	74.096
665.589	231.156	63.390	74.222
664.293	231.385	63.535	73.880
663.164	231.581	63.863	72.684
662.445	230.911	64.998	72.117
662.592	230.139	64.644	71.892
662.402	229.894	64.973	71.134
662.191	230.099	64.769	70.479
660.600	230.027	65.253	71.117
658.080	230.568	64.392	71.608
655.099	231.568	64.101	71.094
650.280	232.473	65.096	71.142
646.308	233.679	64.810	71.316
641.296	235.304	64.726	74.090
637.848	236.369	64.093	74.142
633.998	237.436	63.811	72.351
631.404	236.971	62.713	72.745
629.110	236.238	62.579	72.943
627.341	234.400	61.663	73.408
626.969	233.649	60.743	74.240
626.445	233.068	61.301	73.766
626.642	232.718	60.334	73.116
626.969	233.826	59.942	69.399
628.021	234.233	59.309	68.264
629.802	235.805	60.265	67.037
632.434	236.077	61.300	68.060
636.024	236.996	61.237	70.262
641.377	237.582	60.881	67.857
648.070	239.428	59.808	67.798
653.901	240.640	59.940	67.059
659.194	239.749	60.250	68.631
663.591	241.388	60.780	73.246
668.692	240.788	62.064	73.058
672.088	238.937	62.980	73.526
675.999	238.371	62.814	72.364
676.939	235.589	65.774	70.524
679.851	233.108	66.664	71.494
683.255	230.393	66.679	69.926
691.081	229.505	63.610	72.584
700.817	229.447	59.523	73.007
704.539	229.177	62.371	73.964
710.043	228.296	62.730	75.246
715.860	228.548	62.592	73.405
722.893	227.066	62.323	74.650
725.540	227.741	65.850	74.336
730.733	228.876	64.303	72.449
734.069	226.845	64.749	72.861
737.665	227.319	64.803	71.615
740.432	226.010	65.868	71.731
741.840	226.684	64.651	73.220
742.690	226.156	63.871	77.156
741.586	227.007	63.934	75.397
737.321	226.894	65.031	75.083
730.318	227.915	64.830	73.732
723.010	229.333	63.819	72.715
714.992	229.894	64.446	71.457
706.174	230.381	64.782	73.099
696.597	230.238	65.424	76.430
687.659	230.097	63.077	79.905
679.210	230.920	62.917	77.118
669.414	232.950	62.972	78.029
660.610	233.272	60.926	81.156
648.180	236.344	64.034	80.282
637.713	239.471	64.763	76.206
630.339	240.997	66.772	80.617
626.477	243.576	64.416	78.931
620.832	245.302	65.554	78.444
614.063	248.871	65.272	75.874
607.251	251.841	65.019	77.772
602.363	254.503	65.520	75.294
598.137	257.326	64.233	76.448
594.394	260.703	65.155	73.430
591.523	263.177	64.895	74.725
589.113	267.715	66.096	72.717
588.576	270.708	64.642	71.016
588.725	273.929	62.885	68.010
587.562	275.356	62.985	71.419
589.291	277.254	62.015	69.709
587.264	278.823	58.147	71.007
537.475	252.404	73.766	78.567
540.796	248.878	73.203	79.575
543.465	248.730	72.695	77.617
544.016	248.587	72.727	78.207
543.674	248.408	73.448	79.288
544.035	248.239	72.372	83.069
543.713	250.359	72.211	84.705
542.941	252.149	71.715	85.236
541.241	253.194	71.697	87.051
537.704	255.301	72.754	84.919
535.434	256.772	71.941	83.488
532.830	258.212	71.558	81.991
531.136	258.407	71.451	82.228
528.940	258.652	72.704	81.621
528.024	258.113	73.233	82.878
527.400	256.814	73.949	85.978
528.606	257.365	73.684	86.474
530.104	258.705	73.435	83.982
531.628	259.856	75.806	81.417
534.915	262.096	75.324	79.969
538.058	262.965	74.118	77.858
511.782	302.040	76.931	68.554
511.054	304.830	60.488	61.162
507.115	306.770	52.067	55.283
501.844	307.099	54.440	55.480
496.877	307.146	56.829	59.997
490.717	308.412	62.318	60.823
484.356	307.684	66.702	65.796
477.870	308.723	71.527	69.911
474.176	306.324	68.848	69.705
470.756	305.899	67.791	70.026
471.109	303.235	66.018	71.906
471.153	303.397	62.500	71.405
470.455	303.786	61.835	70.247
469.174	304.623	61.831	70.039
468.838	305.658	61.094	68.390
469.102	306.250	60.845	67.782
470.848	305.543	60.794	68.220
473.186	304.956	62.035	68.610
477.498	304.289	62.594	68.997
482.913	304.258	61.016	69.853
488.827	304.375	61.050	70.742
494.921	304.439	61.580	71.346
502.882	304.310	60.818	72.494
512.091	304.793	64.421	73.037
520.675	305.018	64.288	74.532
530.167	304.581	64.830	74.988
539.199	304.805	65.406	74.023
549.440	303.533	63.835	75.782
558.277	301.406	64.793	75.432
564.526	298.654	64.113	76.102
568.702	295.637	64.876	75.947
572.978	292.680	63.961	74.930
576.156	290.637	64.558	73.843
579.634	288.823	63.841	75.037
581.847	288.581	64.461	74.876
583.915	289.246	65.064	75.377
586.177	288.518	65.289	75.723
587.729	287.725	65.892	75.175
590.060	286.777	66.651	74.239
592.025	285.828	67.066	75.715
594.930	286.961	66.093	75.651
597.519	286.609	65.171	75.594
599.602	286.957	64.889	74.954
601.817	286.463	64.204	76.015
603.105	286.206	63.835	77.425
604.153	286.297	62.791	76.627
604.202	286.222	62.842	77.324
604.146	286.048	62.837	77.912
603.720	286.828	63.040	76.133
603.664	287.554	62.496	75.861
603.487	287.954	62.732	75.891
602.256	289.317	63.138	76.795
600.576	291.012	64.084	76.637
599.444	292.407	64.229	75.227
597.421	293.739	63.603	73.650
595.288	294.213	62.633	73.978
590.942	295.135	64.268	74.478
587.570	297.037	64.560	73.931
581.445	296.722	63.842	76.223
576.718	296.769	64.363	76.245
572.529	296.725	64.430	76.008
568.088	296.776	64.252	75.843
565.114	296.820	63.746	75.469
561.646	297.587	64.405	73.314
559.382	297.588	62.753	73.522
558.187	297.095	61.776	71.385
557.366	296.522	60.118	69.960
557.014	296.454	58.347	66.734
556.025	296.285	57.290	65.460
556.015	297.904	51.970	61.423
554.839	298.827	48.284	58.990
553.344	300.545	48.440	56.665
555.937	285.263	68.222	67.948
547.981	275.158	72.363	77.007
538.119	271.020	80.442	80.436
534.954	270.717	81.192	81.444
531.966	275.790	86.856	75.970
539.674	286.449	80.993	66.730
554.449	288.023	69.126	65.705
568.073	287.758	60.404	63.563
562.535	291.602	58.173	60.649
572.150	290.972	52.229	60.015
572.081	293.935	46.932	56.163
573.385	294.835	47.404	55.740
572.352	294.242	49.797	55.941
573.461	292.565	47.730	57.749
574.864	291.678	46.507	57.291
575.434	291.553	47.532	57.052
574.503	290.639	48.793	57.545
575.331	288.616	48.480	60.705
571.063	289.420	50.369	60.767
554.171	289.637	63.851	61.164
543.768	275.889	73.391	72.018
538.058	268.027	76.611	78.170
535.353	258.905	75.146	85.071
537.302	254.637	72.821	84.902
538.319	250.732	71.016	85.798
539.405	246.337	70.273	86.725
540.282	241.373	71.087	86.858
543.828	236.854	72.362	83.909
546.409	232.755	74.748	83.211
550.284	229.938	74.933	82.373
556.705	228.398	74.417	81.530
564.535	225.141	72.374	82.045
572.116	219.328	70.009	81.671
577.295	215.187	71.357	75.393
583.589	217.564	69.988	78.306
584.933	154.164	102.460	100.406
621.069	146.005	118.376	100.246
583.630	200.471	83.167	91.041
592.276	204.471	70.926	81.776
593.009	206.773	72.916	81.942
593.176	207.499	73.863	78.495
592.574	207.642	72.903	80.117
590.943	209.367	71.293	78.157
590.064	209.924	70.950	78.082
588.492	210.160	70.693	78.327
586.819	208.068	71.882	77.809
585.372	207.541	70.744	77.999
581.993	205.642	71.200	76.665
578.883	203.673	71.862	77.257
574.027	203.093	73.337	76.860
568.980	203.374	74.002	77.950
561.370	205.685	78.116	79.204
554.513	208.904	81.234	78.017
571.097	232.649	78.933	66.431
583.662	243.001	56.568	65.297
586.164	250.015	48.701	59.400
578.944	249.968	51.914	57.586
572.304	251.134	58.149	60.563
567.166	250.853	59.818	63.217
564.864	248.001	60.552	65.480
559.790	245.742	62.923	67.632
561.040	244.295	60.009	70.938
560.753	242.828	59.908	71.370
563.093	241.976	61.558	71.715
569.539	243.936	60.738	74.814
577.392	248.794	60.128	74.957
584.867	251.714	61.405	77.642
592.088	254.394	63.491	78.427
597.517	253.921	63.893	81.025
601.542	254.575	65.694	78.862
606.420	255.625	64.588	79.087
610.541	255.527	63.313	79.040
614.429	253.522	63.443	78.189
617.113	251.821	65.033	79.934
622.571	250.004	64.263	79.638
624.614	247.871	66.669	81.239
630.609	247.031	66.924	80.100
637.232	246.500	68.625	79.459
644.267	245.996	70.189	80.116
654.719	246.997	69.760	78.692
664.034	246.804	70.074	79.588
673.587	246.022	68.277	80.249
679.852	246.207	70.439	80.023
686.409	245.915	71.391	79.509
693.214	246.924	71.586	78.397
698.621	247.349	72.042	78.445
705.952	248.196	71.273	77.706
718.608	249.627	66.196	77.432
728.907	249.812	63.524	78.292
731.958	252.322	69.650	76.764
742.095	253.185	67.717	77.719
750.138	252.811	67.924	79.197
758.795	254.012	68.604	79.180
768.572	257.515	68.962	77.454
778.447	256.780	70.889	79.556
789.144	256.022	71.848	80.840
800.651	255.422	72.047	80.888
814.545	253.465	69.785	84.326
825.292	254.404	70.081	82.254
834.517	255.262	69.000	80.161
841.649	256.569	68.518	77.911
845.237	258.044	67.994	74.550
848.640	258.885	67.123	73.103
850.150	259.615	66.077	70.944
849.766	258.667	65.730	71.007
846.096	259.684	67.012	70.861
839.793	258.440	67.348	75.622
831.826	261.254	68.537	76.812
824.722	261.302	68.149	78.392
816.358	261.738	68.487	78.160
806.265	264.707	69.455	79.987
794.122	265.041	70.061	82.696
778.565	269.536	70.564	82.220
763.559	274.188	70.622	83.585
747.249	281.087	67.426	82.824
726.516	286.024	66.433	81.980
702.298	291.640	67.975	79.935
677.957	294.788	71.308	81.784
656.829	296.932	73.820	78.219
637.136	296.140	73.444	80.283
622.371	294.830	69.951	78.742
604.309	294.247	69.893	79.022
596.722	290.313	61.001	79.906
587.011	287.601	63.291	78.635
582.364	287.725	63.102	76.901
581.299	287.640	60.417	77.465
581.218	288.987	61.682	77.305
584.927	291.431	63.268	76.203
591.268	292.655	63.099	76.225
599.505	293.497	63.393	75.763
608.255	292.801	63.108	75.911
616.255	290.949	62.947	75.973
624.199	290.745	62.787	75.184
628.615	289.078	64.837	75.632
633.321	287.651	64.989	76.064
635.944	286.944	66.949	75.798
641.077	285.487	65.590	74.632
646.445	284.118	65.167	75.795
651.445	284.419	65.167	75.092
655.759	282.260	65.501	76.851
659.383	281.605	66.124	75.941
663.319	280.399	66.437	75.568
667.383	278.490	66.174	76.257
669.857	276.577	67.488	77.246
672.504	277.088	67.689	77.753
673.071	276.535	68.937	77.482
673.499	277.147	69.096	76.751
672.801	280.688	66.915	72.846
667.265	282.297	67.785	65.911
660.990	283.241	66.096	63.458
657.143	284.569	61.457	61.404
652.990	285.417	58.144	56.103
599.548	250.673	70.827	79.764
586.250	245.713	76.986	80.364
578.100	245.995	76.681	83.187
566.984	245.875	78.070	83.307
558.941	262.142	77.436	75.845
494.856	290.108	67.694	72.332
479.651	301.533	62.166	63.442
458.424	302.056	63.407	62.570
436.551	301.851	62.824	65.128
415.817	303.315	63.921	64.783
398.927	304.403	61.780	67.100
384.546	306.968	62.482	67.547
375.929	310.048	62.513	68.407
370.278	311.688	63.239	76.440
369.366	312.497	61.393	76.126
369.500	312.254	60.099	77.372
371.062	311.720	60.856	75.601
374.130	310.685	60.584	76.018
377.942	310.349	61.212	74.229
382.404	309.310	61.521	75.371
386.508	307.585	62.653	75.746
391.351	305.437	65.152	77.127
395.135	304.761	67.011	76.818
398.876	304.588	66.505	76.292
400.259	304.751	67.093	75.015
402.175	305.166	65.681	72.986
403.881	305.250	64.586	73.237
406.022	305.040	65.435	74.338
410.045	304.954	65.934	74.813
414.538	304.957	66.074	74.503
420.383	304.989	64.827	74.668
424.488	306.206	64.724	73.594
425.041	305.465	63.926	74.763
425.033	304.807	64.164	74.279
424.697	304.722	64.807	73.438
425.074	304.005	64.122	74.262
424.739	303.872	64.593	74.401
421.609	304.685	65.511	73.734
416.015	305.321	65.839	74.153
409.318	305.570	65.725	75.290
399.893	305.755	66.637	77.430
384.789	308.824	69.506	77.253
374.137	309.348	69.477	78.143
363.359	310.548	70.716	77.016
355.016	308.673	70.717	78.051
347.372	306.200	71.855	79.954
338.723	303.553	71.634	81.428
331.518	302.209	72.245	82.020
324.355	303.086	72.967	82.216
318.596	301.485	73.234	81.288
311.774	301.391	75.038	79.907
306.946	300.076	74.715	81.548
303.748	299.512	75.452	83.208
300.354	300.348	75.945	84.222
297.862	302.007	73.907	84.179
295.933	304.315	72.813	83.288
292.610	306.876	73.338	82.437
288.966	307.788	73.982	83.424
284.135	308.110	75.085	84.958
277.637	307.721	76.622	84.127
270.612	304.802	76.605	84.167
262.743	300.428	74.578	84.141
256.253	298.560	75.346	84.165
250.037	296.038	75.831	86.736
244.810	294.807	75.801	90.332
241.119	295.623	75.666	91.012
240.543	296.623	73.225	90.573
237.042	298.771	75.162	87.568
236.388	299.228	74.047	87.714
234.978	299.909	74.237	87.604
234.595	300.057	73.566	88.032
234.304	299.902	73.712	88.791
234.742	299.452	74.687	89.395
237.304	299.317	75.649	89.478
241.421	299.622	74.510	89.077
244.894	299.000	73.907	90.062
249.604	299.224	73.993	89.717
254.962	299.402	72.476	91.398
259.532	301.421	72.689	92.593
263.267	304.796	73.286	95.518
265.047	309.119	75.698	95.226
266.967	314.377	76.720	95.374
269.862	317.443	74.342	95.638
271.762	320.285	73.381	95.620
273.405	323.140	71.266	94.724
272.862	326.434	71.248	94.785
269.565	332.137	71.998	92.534
266.062	335.555	72.328	93.190
259.991	339.341	75.056	92.338
254.280	342.762	78.244	90.797
250.208	343.550	76.330	91.398
247.966	342.533	75.017	90.981
248.662	339.767	70.402	90.601
249.432	334.529	68.975	91.593
251.717	328.798	70.043	92.999
255.542	320.948	70.690	95.632
262.506	311.714	70.055	96.174
268.416	307.269	70.575	93.980
275.313	301.741	69.804	93.887
281.286	294.581	69.582	93.912
289.699	288.714	71.423	92.861
303.456	278.221	71.813	94.716
315.744	269.743	72.091	93.445
329.176	263.397	73.253	91.074
345.289	254.287	72.791	93.993
362.055	243.216	74.156	95.734
380.275	232.861	74.558	94.750
398.882	226.076	74.554	94.901
417.640	216.165	75.550	97.390
435.633	204.145	77.006	98.436
453.118	192.691	74.826	98.195
472.493	180.762	77.506	96.780
483.718	173.914	79.651	93.680
498.343	166.341	75.824	94.834
509.687	159.319	74.325	94.921
519.869	151.814	75.513	93.533
529.988	143.514	75.947	93.504
538.096	136.598	74.647	94.127
543.950	133.049	74.070	92.689
548.802	133.040	73.594	91.646
553.048	135.022	72.990	92.586
554.753	139.719	73.774	91.711
556.637	142.096	72.754	94.792
556.741	146.806	72.851	95.275
556.459	151.727	73.136	95.452
555.889	156.187	72.945	97.374
556.808	162.388	74.047	98.314
560.229	171.923	74.239	97.807
566.372	184.547	74.057	98.108
570.857	197.350	72.853	99.731
575.321	212.465	71.836	98.256
579.037	228.590	71.291	96.144
583.518	240.074	72.574	97.029
589.095	250.807	74.637	97.640
597.413	260.258	72.417	98.439
603.278	270.900	73.180	96.772
607.029	279.882	73.526	95.731
607.666	286.980	75.225	91.697
607.966	289.692	76.045	91.524
608.158	291.371	78.003	90.466
608.636	293.111	79.923	89.846
611.782	295.298	81.473	91.904
614.647	295.692	82.491	92.436
619.680	295.617	82.073	92.518
624.125	294.814	82.628	92.158
629.680	294.381	81.581	90.544
634.784	293.547	80.936	89.295
638.702	292.698	80.606	89.829
640.635	291.644	83.011	88.531
645.757	289.121	82.186	88.950
652.758	286.631	80.928	88.384
659.328	281.891	80.635	91.036
665.295	277.872	81.221	90.865
671.295	271.558	81.924	93.265
676.561	266.454	83.772	92.778
683.371	262.172	82.548	92.668
687.600	254.341	83.715	95.112
689.691	251.300	85.609	90.092
691.531	247.011	86.258	89.940
693.876	243.301	85.135	89.266
695.738	238.732	84.247	87.987
696.989	234.717	82.885	85.743
697.640	230.421	80.665	85.720
696.040	227.299	78.806	83.409
692.731	224.408	79.188	85.754
687.755	221.131	80.464	84.382
681.042	216.271	81.122	84.280
675.392	212.451	81.244	86.586
670.518	208.056	79.771	87.537
664.909	201.654	78.362	88.159
659.273	199.301	78.288	83.966
655.036	194.622	76.631	85.562
651.412	188.802	74.817	86.337
648.468	187.065	71.913	83.459
646.311	186.539	71.859	82.224
645.979	184.588	70.704	82.900
646.625	176.957	68.889	86.282
645.851	176.141	68.018	83.419
645.898	175.582	68.518	82.532
646.401	174.971	66.511	85.293
645.651	175.905	67.324	89.565
645.718	183.513	67.225	90.418
644.380	199.428	67.783	86.247
644.610	210.682	66.776	86.938
645.137	221.718	65.705	87.623
646.009	234.007	66.545	86.156
648.013	245.411	66.128	86.124
649.728	258.702	64.977	85.097
649.592	270.098	65.672	84.052
648.299	278.990	66.564	84.938
646.941	285.641	66.048	87.587
643.836	294.625	66.669	87.541
640.496	303.014	65.697	87.657
637.719	310.357	62.045	86.789
630.920	311.995	60.840	88.680
604.272	298.585	76.706	95.181
590.795	290.172	88.142	93.998
594.362	288.292	93.551	97.606
576.763	330.447	67.203	85.852
568.038	336.199	64.608	77.599
560.328	339.788	64.031	85.218
551.972	342.352	71.109	82.785
543.231	345.305	70.075	83.837
536.785	346.891	70.407	83.512
530.027	348.593	68.250	83.698
524.990	349.772	67.707	83.257
518.679	350.760	66.876	80.755
512.234	351.633	65.177	78.530
506.794	350.254	66.379	81.286
501.973	348.291	66.018	84.602
498.547	345.749	65.239	82.841
496.718	342.876	63.060	81.782
495.330	342.033	62.172	80.750
494.511	338.277	61.135	80.613
495.078	331.538	59.166	82.399
496.305	324.570	58.652	81.391
498.073	313.749	58.546	82.936
500.113	301.019	59.332	83.675
502.212	289.717	60.352	83.220
506.581	272.734	60.366	84.432
511.494	261.371	61.735	84.350
518.204	252.214	63.009	85.005
525.914	236.477	63.573	85.225
533.113	228.944	62.815	83.880
541.524	221.785	63.779	85.508
547.931	211.694	67.205	87.868
556.502	207.802	70.470	83.788
565.324	206.121	73.919	84.434
574.934	203.074	75.106	83.994
583.917	196.949	74.973	83.171
591.455	193.163	75.032	83.349
599.841	191.545	74.287	83.928
608.440	191.467	71.954	80.347
612.436	189.404	71.721	78.286
616.095	185.409	69.103	77.256
618.835	181.579	69.390	79.394
622.438	178.821	68.240	80.938
625.716	177.239	70.397	80.114
627.735	174.568	70.349	82.389
628.342	172.665	72.183	83.930
629.238	172.746	73.494	84.294
632.816	175.138	71.834	84.707
631.860	180.132	72.140	83.662
628.919	184.001	71.702	83.309
620.484	187.937	71.369	82.483
610.966	189.837	75.062	80.932
601.536	191.702	72.549	79.117
593.309	193.589	69.839	80.088
587.314	193.789	70.137	82.600
580.038	194.915	71.924	82.466
572.422	195.185	71.484	81.176
563.982	195.915	72.303	79.031
557.207	195.364	73.034	79.375
554.213	194.874	72.487	79.913
550.843	194.466	72.463	80.588
546.499	195.254	73.382	80.247
543.546	195.384	72.444	80.695
538.215	195.932	74.167	80.240
534.801	195.842	74.708	79.352
533.401	194.816	74.724	79.699
531.005	194.473	75.090	79.358
530.237	193.801	76.257	80.614
529.090	193.571	76.641	82.196
527.753	194.177	76.765	82.247
526.011	193.585	77.848	81.820
527.229	189.754	76.600	83.697
530.521	186.353	78.783	83.136
543.628	181.021	79.498	83.374
558.094	176.600	75.862	84.803
571.828	173.713	75.025	85.301
585.700	173.159	74.808	83.603
600.290	172.322	77.087	85.149
617.654	175.180	85.090	81.240
636.921	176.078	85.355	87.450
658.352	178.671	82.600	84.584
676.705	182.251	84.321	81.685
688.662	184.689	87.766	79.919
698.713	188.634	93.673	79.878
709.814	190.627	91.749	78.863
712.190	190.724	92.082	78.550
712.698	190.622	91.721	78.279
708.620	188.013	91.477	79.089
699.989	182.263	88.913	84.555
687.863	178.856	88.378	87.220
673.679	175.741	87.648	88.922
658.060	170.409	86.544	91.486
645.104	166.518	89.886	90.849
625.601	159.357	86.795	92.270
612.453	157.028	86.496	88.695
598.246	154.959	87.817	87.756
585.971	153.863	86.642	86.631
573.216	153.101	88.247	85.849
559.198	155.753	91.757	84.217
555.540	158.407	87.437	85.052
554.132	159.687	85.322	82.912
553.287	160.515	84.114	81.337
554.016	159.761	84.431	82.770
555.581	161.702	84.937	84.347
557.597	158.735	83.959	84.007
563.405	163.179	82.608	84.205
569.432	161.884	81.396	87.455
575.773	161.833	82.520	87.806
581.789	161.532	82.771	88.546
587.933	162.334	80.358	88.729
591.957	162.774	78.564	87.195
594.516	161.726	79.755	88.131
597.466	161.270	80.379	87.797
600.131	161.151	79.229	88.227
601.374	160.717	79.451	87.105
599.660	159.869	78.728	88.062
594.032	158.299	79.016	89.854
583.866	156.801	83.094	92.700
569.790	159.025	85.826	92.751
557.420	160.276	87.251	96.127
542.867	164.746	86.574	91.488
524.949	169.395	84.676	92.717
505.957	172.630	85.391	91.823
486.575	172.231	86.706	95.436
470.690	175.146	86.008	95.001
454.510	181.954	84.402	96.710
436.115	185.178	85.771	95.598
419.903	188.622	85.763	95.479
405.771	193.474	84.039	94.055
391.466	200.495	81.209	90.736
379.534	204.347	82.301	90.059
370.684	202.309	79.834	93.330
363.977	202.483	82.390	89.080
359.064	199.852	81.855	87.753
353.074	196.370	81.760	88.941
350.146	191.702	76.734	89.986
348.959	188.477	72.803	90.249
347.307	185.034	71.992	89.505
341.581	183.645	79.264	89.490
336.408	186.087	82.462	87.932
333.380	188.130	82.203	85.052
328.539	189.418	83.543	83.645
325.215	189.889	84.207	86.053
325.492	190.123	82.844	85.545
324.581	191.016	83.110	86.703
325.230	190.908	85.309	91.464
329.882	187.860	86.490	95.474
337.271	187.144	87.957	96.608
345.812	186.923	87.483	95.547
352.418	187.344	90.162	93.680
361.646	186.747	86.754	94.220
371.000	185.996	86.357	93.034
383.094	185.138	86.067	92.631
396.031	184.383	84.983	93.293
404.123	186.453	86.433	90.923
417.212	188.416	83.141	89.258
427.128	187.467	80.183	89.855
439.693	189.214	76.661	88.273
448.259	192.682	77.599	83.971
458.822	195.580	77.870	82.287
468.470	194.365	76.607	85.412
480.377	194.363	75.020	88.029
489.668	192.827	75.449	88.937
496.635	190.999	78.321	88.226
505.690	186.429	71.815	89.165
507.914	183.014	71.662	88.024
508.103	180.692	72.218	87.915
505.769	179.175	71.248	89.545
501.680	180.698	68.595	89.811
493.587	184.602	69.671	88.268
485.532	187.310	71.702	88.949
476.403	188.698	72.458	89.371
464.916	188.510	73.082	91.237
452.538	189.399	74.152	90.928
438.878	190.166	75.964	89.139
429.015	191.447	74.026	91.846
419.518	193.122	74.341	91.827
411.242	195.689	74.992	91.750
403.176	196.585	76.852	90.814
395.698	200.694	75.304	91.174
391.083	203.040	73.830	89.658
385.181	205.683	73.942	90.080
379.227	208.356	75.296	89.151
374.035	209.552	73.259	92.560
366.912	208.797	73.185	93.560
360.578	208.291	73.640	92.862
354.997	206.049	73.721	93.739
348.695	201.614	73.736	93.208
343.285	197.465	73.261	92.335
338.025	191.568	73.016	93.500
333.555	188.698	71.795	92.746
329.638	188.266	72.748	91.888
327.538	187.081	71.024	92.317
325.732	186.228	71.086	91.531
324.820	186.512	71.053	90.518
324.694	187.326	71.607	90.903
325.845	187.692	72.667	90.827
328.822	188.714	71.541	89.348
332.974	188.698	70.207	88.583
338.774	188.848	67.058	87.372
338.800	189.084	69.221	89.215
340.211	189.452	71.857	87.018
341.385	188.584	72.199	89.913
340.808	190.145	74.407	91.722
337.827	191.936	75.449	94.453
333.349	193.644	77.066	95.069
330.133	191.193	77.344	92.807
325.396	193.819	77.560	86.737
320.376	194.598	78.478	86.416
315.389	195.617	78.629	85.442
315.422	197.083	75.702	85.356
313.710	197.102	76.404	85.536
313.860	197.442	75.751	84.943
314.826	198.415	75.533	83.341
316.061	199.762	75.148	82.424
318.967	198.548	74.353	85.574
321.483	199.151	75.655	85.625
325.096	199.643	75.459	85.513
328.655	199.064	76.637	84.711
332.074	198.238	77.793	84.263
334.742	197.969	79.505	84.172
335.993	196.684	77.495	83.807
337.038	196.274	77.225	84.506
336.491	196.184	79.236	84.348
336.094	196.667	78.826	83.584
334.292	196.570	76.152	85.103
330.828	197.369	76.624	83.590
327.541	197.668	77.350	84.279
325.921	197.986	77.191	84.029
324.462	197.900	76.557	84.967
321.792	198.241	78.611	84.055
321.993	198.026	78.617	85.105
322.626	198.699	79.327	85.097
324.464	199.029	80.214	83.472
328.026	198.812	81.734	85.295
332.074	198.675	82.949	85.180
337.252	198.110	82.734	85.379
342.055	197.375	81.940	85.226
344.619	196.959	82.244	85.465
347.292	197.424	82.163	83.458
348.483	195.992	81.604	84.319
349.154	195.318	81.400	85.060
349.827	194.953	81.955	85.388
350.205	193.882	80.507	87.351
346.309	193.844	80.286	88.846
343.030	195.956	79.594	87.037
337.904	197.371	79.794	84.766
331.220	198.500	79.101	84.869
325.407	198.528	78.546	83.019
317.755	199.087	78.479	83.895
314.812	199.368	77.737	83.235
309.185	200.256	79.436	83.176
308.715	199.941	76.810	84.164
306.797	199.819	77.223	84.670
306.613	199.926	77.502	84.775
306.775	199.883	78.422	85.045
308.811	200.624	79.951	83.739
313.026	200.742	79.780	84.880
317.350	200.207	80.379	85.414
321.643	199.597	82.165	85.602
327.842	198.977	81.968	85.512
334.597	198.341	81.128	85.137
340.041	198.040	81.721	83.595
344.979	196.597	82.566	85.045
351.100	195.959	83.430	84.739
357.765	194.443	83.016	83.472
364.422	194.427	80.588	84.424
371.719	194.147	82.445	86.866
377.413	192.042	81.302	87.349
383.506	192.526	79.757	92.493
392.443	194.171	79.033	94.093
405.028	194.529	76.091	95.197
416.662	194.899	75.156	95.920
427.129	194.164	76.711	97.945
439.861	191.353	76.820	97.954
450.205	189.057	76.532	96.716
456.352	184.323	80.468	95.395
462.661	177.240	82.663	98.800
470.929	171.141	81.360	97.793
475.827	167.292	81.426	92.791
479.850	163.733	83.448	93.367
483.893	160.769	84.450	94.555
488.469	158.457	82.231	95.857
489.538	158.828	82.378	96.192
489.757	160.388	82.463	97.143
488.820	161.745	82.883	97.115
487.531	163.018	81.983	96.414
485.873	164.293	81.159	93.756
484.370	164.723	80.504	91.569
483.650	164.384	79.305	91.154
482.717	163.731	79.763	91.639
482.269	162.909	80.717	92.523
482.397	162.903	82.825	92.201
484.041	162.279	83.308	94.369
486.702	162.163	84.069	96.251
489.425	161.319	85.100	98.080
492.073	161.246	85.658	97.616
494.378	161.254	85.871	97.435
496.154	161.007	85.878	97.943
497.231	160.810	84.923	97.619
496.527	161.077	84.006	96.511
493.293	163.053	83.266	97.598
486.588	165.803	82.996	97.919
478.933	169.689	81.956	98.907
467.071	173.476	83.233	98.310
455.561	175.510	82.909	97.768
443.999	178.143	81.958	101.646
430.159	180.891	81.924	100.617
415.178	182.126	81.697	100.674
401.679	181.772	80.458	100.003
389.572	180.683	80.008	100.055
377.358	178.667	78.908	100.437
365.842	176.392	78.585	100.494
355.170	174.141	77.681	100.177
342.720	171.379	77.741	98.832
332.705	171.212	76.866	99.417
321.905	172.819	77.481	98.350
312.653	175.655	78.105	98.659
306.049	178.815	77.143	96.559
301.729	180.670	76.283	96.322
298.122	180.481	76.147	96.634
295.032	179.369	77.372	98.600
293.306	179.634	79.338	98.422
292.979	180.158	79.804	96.837
297.232	180.231	80.884	95.364
303.123	178.995	80.521	96.410
311.023	178.210	80.595	98.259
319.777	177.308	79.030	98.203
328.277	176.076	78.891	98.607
337.125	174.484	78.870	100.900
347.273	173.462	78.689	100.597
356.161	173.951	79.263	100.083
366.573	173.917	79.287	99.275
376.314	175.275	80.975	98.577
387.361	177.217	81.425	99.149
399.943	177.681	82.004	100.692
413.930	179.470	81.613	100.471
428.761	181.395	81.030	96.657
442.866	181.981	82.665	95.628
456.992	177.378	83.045	99.420
468.807	175.524	84.384	97.626
477.123	169.659	85.116	100.507
485.615	167.681	81.606	99.792
487.285	165.686	83.671	99.012
488.988	162.860	82.596	99.285
489.468	161.165	81.350	96.214
487.270	160.012	80.958	95.338
484.706	157.902	81.996	95.866
482.605	158.126	82.842	97.114
481.775	159.306	81.331	96.723
478.521	161.629	83.464	98.069
476.764	161.705	83.443	96.941
475.935	162.387	85.683	91.714
475.802	163.092	85.306	89.917
476.940	161.608	87.321	90.777
479.893	159.626	88.607	91.744
483.261	155.501	88.314	93.419
487.165	152.860	89.017	95.151
491.507	150.551	90.143	96.210
495.855	149.782	91.340	95.673
503.061	148.414	90.097	95.426
506.404	147.045	90.551	95.114
507.022	146.453	94.861	93.475
508.207	147.673	99.211	92.086
512.101	146.401	100.615	92.985
515.817	146.757	101.245	91.535
518.853	145.694	99.430	92.987
520.973	145.805	99.718	92.020
523.471	145.426	98.138	92.986
525.594	146.053	97.896	92.114
527.280	146.338	97.740	92.639
527.703	146.861	97.832	92.248
527.684	146.475	98.423	93.370
526.493	146.813	100.037	94.543
525.952	147.711	101.116	92.765
525.283	149.679	97.924	92.665
525.186	152.318	93.855	93.218
521.258	155.594	93.039	90.788
513.031	157.959	94.202	90.567
503.952	157.702	96.892	89.762
493.156	157.592	95.987	90.154
485.838	155.964	94.832	88.693
480.063	156.152	92.606	86.386
476.441	155.183	91.285	85.064
474.210	154.473	90.502	85.663
472.608	154.096	88.865	85.377
471.475	152.513	89.775	86.191
471.143	152.947	91.011	85.456
473.526	153.101	91.199	85.656
478.132	154.324	91.791	85.195
488.551	154.432	92.205	86.896
499.382	154.858	90.815	87.550
509.940	158.752	90.906	86.729
520.773	163.179	90.915	85.930
531.617	165.976	90.527	87.343
546.125	171.100	90.756	88.247
559.034	175.896	88.814	87.447
569.623	179.589	89.816	86.529
581.232	179.760	87.034	87.850
593.267	175.278	80.375	93.923
600.982	169.912	78.879	96.602
603.035	165.472	80.765	94.778
605.954	161.182	79.366	93.672
607.810	155.972	77.436	91.663
608.756	151.255	78.181	90.850
609.553	148.781	79.629	87.565
611.436	147.215	79.693	88.903
612.267	148.403	82.039	90.713
612.542	151.401	84.078	92.915
615.228	153.085	83.270	94.251
616.750	153.318	85.020	91.334
619.079	153.282	84.484	89.709
621.252	151.872	83.906	90.615
622.807	151.290	84.151	92.329
625.183	150.908	83.336	94.529
626.636	151.781	84.720	95.501
628.702	152.401	83.657	95.118
630.068	152.913	84.110	95.417
631.977	154.507	83.098	95.751
634.251	156.089	83.979	96.809
636.609	159.084	83.325	96.169
638.844	162.145	82.820	95.531
640.404	166.534	82.746	95.315
642.369	169.789	82.340	95.788
644.918	173.703	81.477	96.566
646.869	179.406	80.902	95.879
648.337	184.264	80.408	95.142
648.152	190.931	80.208	92.119
648.677	195.209	78.262	92.038
648.157	200.164	77.272	91.250
646.788	203.756	76.765	90.800
647.349	203.815	75.640	90.483
646.893	202.948	76.750	89.947
648.368	201.349	74.346	88.266
649.752	198.733	74.960	86.499
652.639	195.388	74.783	86.503
656.384	192.892	75.296	89.684
662.616	192.449	75.457	91.644
669.215	194.304	76.693	91.995
677.684	195.633	75.890	93.452
687.790	199.030	75.819	91.709
694.907	200.132	75.133	90.842
698.554	200.268	75.108	89.706
700.245	199.861	77.000	89.869
700.274	199.540	79.362	89.045
698.605	199.363	80.540	90.205
695.875	200.157	81.040	90.960
693.113	200.762	81.226	91.880
689.570	202.727	80.290	91.316
686.042	205.315	77.496	90.587
677.762	210.261	74.749	89.513
673.222	214.725	72.002	89.120
666.765	220.528	70.879	87.668
661.795	226.109	69.835	87.126
656.727	230.615	70.656	84.942
651.270	233.481	72.115	83.498
647.025	234.788	72.027	84.309
643.089	236.736	71.078	85.926
639.614	242.202	70.396	86.269
637.390	246.876	66.995	87.106
631.640	255.564	68.081	86.386
626.754	260.426	67.087	89.521
622.586	270.715	66.584	85.408
615.309	275.998	70.431	86.141
607.745	280.999	70.043	86.114
596.859	285.158	71.843	86.700
589.664	287.047	71.929	85.759
579.589	287.163	73.727	83.164
573.803	285.688	72.316	82.711
566.368	284.234	73.113	82.586
558.301	281.261	73.209	82.360
554.811	276.319	70.916	83.286
552.356	267.787	69.211	86.881
549.827	255.341	67.481	90.155
548.362	238.157	65.210	87.593
548.478	225.954	64.555	84.040
553.801	226.130	62.886	84.971
557.983	223.663	63.460	84.457
561.446	222.066	62.928	81.708
565.420	222.895	63.474	81.878
573.246	226.836	63.708	83.117
578.135	231.019	63.158	80.264
580.803	233.806	62.925	79.997
581.529	236.848	63.002	79.305
581.429	238.519	62.282	79.595
580.651	239.609	61.192	78.344
578.761	239.586	60.280	77.485
576.719	238.164	59.250	76.918
574.861	237.015	59.162	75.247
574.283	235.752	59.848	74.995
574.519	234.411	60.192	74.987
578.020	234.197	59.802	76.983
585.117	234.809	58.509	79.122
592.869	235.983	58.998	78.925
602.165	236.657	62.381	79.676
612.264	237.477	64.262	79.523
621.438	236.455	64.522	80.867
631.589	235.561	63.570	79.419
639.815	233.968	61.861	79.914
645.905	231.792	60.575	78.477
648.153	230.808	60.639	77.114
650.138	229.415	61.317	76.636
651.539	227.610	63.383	76.835
654.217	225.985	63.652	78.239
656.307	225.023	65.173	77.369
657.801	223.741	67.071	77.610
660.379	221.758	68.026	78.900
662.458	219.408	67.885	80.113
665.413	216.719	67.460	79.940
666.989	215.051	68.794	78.830
669.403	213.532	69.930	80.072
673.167	213.192	70.838	80.462
676.015	213.033	72.736	78.768
681.147	214.200	70.592	77.967
686.553	214.239	71.112	79.426
690.873	214.599	72.617	78.147
694.375	214.129	74.059	76.974
697.800	213.089	72.991	78.234
698.262	212.819	74.303	78.235
698.499	212.441	72.203	78.818
696.647	213.160	71.843	78.375
692.300	213.824	72.576	77.970
686.661	213.838	74.331	77.548
679.207	214.397	73.267	78.423
674.292	215.026	74.620	79.483
665.514	214.918	72.224	81.353
659.629	215.407	68.710	82.566
650.091	217.169	70.336	81.810
640.540	219.952	70.372	81.122
633.725	220.839	68.271	86.445
635.342	219.042	62.106	88.128
589.089	159.501	99.124	123.804
608.627	138.264	106.309	96.630
590.747	224.925	66.731	94.258
586.983	228.698	61.792	82.426
582.949	227.951	61.277	81.410
574.230	224.034	65.165	82.805
567.832	221.659	66.595	81.847
562.408	220.806	64.497	80.798
555.479	220.884	65.704	78.367
549.851	220.956	64.936	80.230
544.915	221.811	63.750	80.966
541.950	222.639	63.643	82.488
539.242	223.542	64.201	83.209
537.226	223.698	64.345	83.594
535.502	224.509	64.542	81.960
534.666	224.980	64.905	81.597
534.546	225.139	64.846	81.361
534.650	225.192	64.042	82.212
533.562	226.741	65.387	81.566
532.731	227.229	65.610	83.581
530.938	228.005	66.653	83.569
527.539	227.868	65.264	84.512
522.322	228.674	66.015	83.854
515.569	229.036	65.489	83.008
506.447	229.365	64.593	82.371
496.179	228.122	64.031	81.652
486.223	226.996	64.078	81.667
475.996	226.841	64.361	79.527
465.490	227.116	66.016	78.209
456.871	228.315	64.524	77.835
443.802	230.648	64.460	78.106
432.558	231.286	64.912	80.182
419.106	232.479	66.642	79.305
407.259	233.316	66.589	78.349
395.445	233.531	67.280	77.205
381.736	232.159	66.595	78.762
373.110	230.315	65.304	81.069
363.651	229.164	64.859	81.293
354.559	230.105	66.053	79.115
347.359	231.613	66.427	79.098
339.393	233.286	66.460	78.701
333.999	234.460	65.522	78.725
329.124	234.745	66.061	78.136
325.529	235.366	65.740	77.942
322.634	236.201	65.489	77.548
319.503	236.630	65.546	78.115
317.465	237.016	65.715	78.222
316.253	238.366	65.299	77.902
315.139	238.071	65.210	78.608
314.311	238.275	65.504	78.835
314.041	238.222	66.262	78.299
313.826	237.745	67.117	78.923
314.330	237.839	67.428	78.787
315.102	237.785	67.200	78.998
315.912	237.839	67.768	79.024
318.480	237.352	68.691	79.224
322.224	236.825	69.204	79.424
327.256	236.781	69.597	78.610
335.019	236.414	68.143	78.663
345.026	236.101	66.728	78.200
357.666	234.648	68.391	78.281
371.215	233.881	67.887	78.438
387.321	232.336	66.860	79.255
404.588	231.500	66.498	79.997
422.168	230.088	68.945	79.678
444.071	227.170	73.839	79.422
465.786	222.332	73.197	81.560
486.222	218.648	71.658	82.029
505.508	215.133	70.925	82.210
523.171	211.612	70.533	83.455
541.814	209.002	72.702	82.042
556.579	206.245	71.428	82.620
569.131	205.049	70.369	81.792
579.926	203.904	67.566	81.776
584.455	204.500	67.575	80.319
585.996	203.917	66.969	81.943
586.086	204.716	66.384	80.681
582.252	205.942	66.300	80.435
576.782	209.271	65.212	79.066
567.984	211.843	65.652	78.105
556.531	213.703	66.627	78.244
545.588	215.215	66.074	78.781
533.384	215.896	66.319	78.171
520.091	216.321	67.411	78.307
508.011	217.199	67.371	79.550
492.336	218.837	67.623	80.226
478.642	220.922	66.885	79.298
464.215	222.808	67.230	78.941
448.988	225.357	67.048	78.966
436.227	228.711	67.836	77.983
420.000	231.946	69.213	77.789
407.431	235.496	68.243	75.760
393.916	238.375	69.055	76.585
379.669	240.954	69.153	76.433
365.053	245.335	68.311	75.468
347.006	247.306	69.218	77.657
331.263	251.115	71.304	76.686
315.714	254.489	72.644	76.002
298.053	257.575	75.282	77.983
283.234	261.564	78.225	78.456
271.214	267.837	78.714	78.381
257.660	277.174	82.462	71.263
253.597	288.576	79.402	71.165
256.410	296.908	79.274	71.549
252.935	310.279	79.856	70.314
257.353	327.567	74.769	69.083
259.009	338.096	76.504	65.337
267.892	346.119	77.061	64.902
270.770	343.609	76.561	68.400
274.859	354.910	79.822	65.197
283.131	354.786	73.562	63.802
280.672	352.469	71.428	64.822
282.575	349.793	72.701	66.755
279.210	348.650	77.785	68.371
435.740	275.249	29.288	77.001
427.738	275.331	60.019	71.685
415.935	277.578	61.157	68.605
407.657	278.908	61.532	66.944
401.927	279.597	61.396	67.906
396.042	280.119	62.425	68.820
393.075	280.361	61.953	69.932
392.343	279.288	61.526	71.226
392.571	277.994	61.203	72.247
393.955	275.657	59.821	76.036
360.607	270.680	81.571	87.519
372.533	256.998	75.849	88.502
383.934	241.437	69.751	92.534
393.604	232.729	68.953	80.954
402.707	227.466	68.041	78.234
408.824	227.630	68.367	75.982
413.990	228.422	69.284	82.992
416.815	229.262	69.570	84.757
424.306	238.989	64.828	84.296
427.480	245.799	64.921	84.166
429.988	249.666	65.890	81.433
431.780	250.309	65.795	81.437
434.061	248.998	64.897	81.060
435.664	247.016	64.660	81.146
436.660	245.182	64.917	80.773
437.626	243.430	64.733	80.835
438.078	241.537	64.638	79.982
438.739	240.482	64.914	79.100
439.115	239.572	64.765	79.942
439.343	239.056	64.888	79.887
439.364	238.334	65.086	80.027
438.153	238.217	65.993	78.374
437.485	238.087	65.466	79.332
436.093	238.209	66.106	80.531
435.630	238.309	66.783	80.393
435.224	237.946	67.636	81.411
436.565	237.560	69.216	83.487
438.971	236.850	70.768	84.934
439.313	235.200	75.237	76.780
441.475	233.302	77.785	77.849
447.161	232.115	77.999	78.656
454.484	230.819	80.198	81.366
467.293	232.246	77.325	80.784
477.769	231.685	76.632	82.420
488.049	231.176	75.861	81.763
496.825	230.940	77.338	80.801
507.293	229.615	76.787	80.774
519.797	228.898	75.768	80.737
529.142	227.449	80.245	80.519
536.574	225.402	82.663	83.044
546.354	222.711	77.380	86.376
553.664	221.803	75.556	85.833
559.761	220.371	76.535	85.106
565.877	218.902	75.981	85.335
569.430	217.406	78.229	86.373
574.843	216.488	77.325	84.608
578.867	215.319	77.727	84.989
584.731	213.586	78.788	84.605
589.706	212.333	79.174	85.861
594.588	211.122	79.777	85.185
598.275	210.228	80.610	84.241
601.765	208.964	80.705	83.227
603.993	208.442	80.549	80.994
605.301	207.539	79.696	81.777
605.003	206.877	78.845	81.493
604.185	206.254	78.443	82.047
602.072	206.631	78.736	77.785
599.120	208.860	80.481	79.020
597.170	210.309	81.088	76.572
596.247	211.436	79.682	76.352
594.585	212.127	79.996	73.743
593.617	212.070	80.183	74.205
591.925	210.613	80.621	74.692
589.424	210.119	80.971	74.372
587.152	209.191	79.724	74.404
583.245	208.607	77.829	74.481
576.460	208.275	78.097	74.338
564.338	207.849	80.864	76.244
551.297	209.946	81.428	77.407
537.883	214.332	81.761	79.478
524.614	221.138	79.437	79.749
512.402	229.385	75.633	83.715
494.458	241.759	77.487	85.756
478.093	255.790	83.554	80.465
466.355	263.752	85.041	78.519
459.920	273.780	84.093	75.266
449.595	282.574	82.221	70.588
445.986	293.817	77.905	69.118
448.571	302.101	74.907	65.515
446.924	306.181	72.847	65.573
449.458	310.265	71.173	64.020
451.144	312.097	72.040	66.083
453.974	315.216	72.256	64.655
456.036	318.120	74.686	62.112
459.341	317.900	76.475	63.103
463.650	314.663	76.968	65.013
465.955	310.145	82.050	67.382
472.108	300.076	83.853	74.675
479.809	291.787	86.111	79.143
492.136	283.038	81.742	82.918
502.895	269.129	82.681	88.482
515.498	257.025	79.175	85.922
527.316	243.946	79.043	86.488
539.380	230.425	74.544	88.181
547.756	218.571	72.984	86.233
553.224	208.936	73.425	84.796
560.235	202.185	73.453	84.459
567.891	197.452	72.288	82.079
574.014	196.953	70.836	81.738
577.634	198.372	71.153	81.988
580.011	200.840	70.840	82.438
581.413	203.573	70.095	80.557
581.200	204.417	69.435	80.359
578.020	204.836	70.178	78.815
573.027	205.467	70.819	78.003
567.311	206.898	71.635	77.009
561.503	207.798	71.976	78.235
552.152	210.014	72.948	78.461
544.732	212.833	73.344	80.808
537.708	217.122	74.223	82.777
533.047	221.610	72.964	83.735
530.717	226.610	71.072	84.373
528.637	233.625	71.472	83.813
530.103	235.824	71.183	84.963
533.522	238.236	73.389	82.441
540.699	239.610	73.269	81.897
549.407	240.970	75.108	83.747
561.378	246.146	81.284	83.870
573.475	253.334	80.421	84.278
586.831	262.054	81.813	86.833
601.223	274.723	82.281	81.582
614.233	285.595	81.741	77.515
629.833	300.010	79.736	72.022
637.154	311.028	81.580	70.752
645.122	319.141	83.787	71.023
652.001	324.417	81.133	68.987
659.166	327.182	79.841	66.910
664.444	325.863	81.723	65.873
668.536	319.361	80.516	67.503
673.628	314.572	77.480	68.407
677.625	308.029	76.966	69.230
680.969	302.301	77.380	67.518
686.751	295.655	79.021	67.851
689.857	287.351	78.281	72.055
689.559	275.539	80.265	76.135
687.006	264.883	79.912	75.653
684.309	255.969	77.877	76.192
679.231	242.671	77.003	78.839
672.230	230.485	76.581	81.511
663.195	218.028	76.272	85.224
654.798	205.890	76.783	86.685
648.134	196.594	76.053	89.539
640.080	190.536	74.646	89.404
632.846	190.240	75.065	84.256
626.497	192.542	75.595	81.873
621.283	195.176	74.117	81.930
617.530	197.656	73.019	80.936
614.273	197.508	72.107	82.839
612.210	195.185	73.066	84.920
612.135	194.870	72.769	85.655
611.981	196.174	72.782	83.674
614.664	197.033	72.773	86.629
615.880	199.009	73.650	83.959
617.514	200.768	74.135	83.998
618.711	204.092	73.403	82.076
619.587	205.804	73.215	82.878
620.822	206.829	72.382	85.513
622.752	208.644	72.141	86.333
624.609	211.223	71.438	82.513
625.800	210.905	71.317	82.808
626.278	210.528	72.226	82.419
627.650	208.873	72.290	82.165
629.132	205.838	69.309	82.890
629.416	203.535	68.335	82.017
629.424	202.041	68.679	81.129
629.556	201.036	67.673	80.814
627.172	201.147	71.485	79.327
623.890	200.829	71.558	80.054
620.208	202.573	72.032	80.588
615.406	204.974	73.687	81.233
609.252	208.403	72.926	80.320
602.285	211.226	72.877	82.529
593.629	215.646	70.692	83.418
583.735	219.956	71.339	83.097
574.103	221.644	68.983	84.441
560.968	223.284	70.013	85.022
547.217	223.459	70.214	85.781
533.774	225.144	71.589	82.817
518.931	224.486	70.794	82.407
509.429	222.344	68.982	82.003
501.193	219.437	68.340	81.042
494.032	217.640	69.423	80.747
488.138	215.258	70.172	80.332
482.829	212.526	74.742	83.025
477.226	209.557	73.513	83.608
473.295	209.182	68.790	82.463
470.685	209.136	68.218	85.187
466.584	206.683	68.137	90.843
468.787	204.996	67.116	92.843
468.197	206.680	70.129	88.510
472.205	206.957	70.102	88.547
475.260	207.016	70.429	88.180
479.119	207.848	71.233	85.622
482.602	207.067	72.855	84.554
487.354	206.420	73.906	85.011
491.620	206.064	75.656	85.179
498.789	206.274	75.380	82.632
504.022	206.976	74.680	87.317
506.352	208.243	72.036	84.616
514.511	207.341	67.560	81.844
518.389	207.413	69.678	79.490
523.087	205.582	68.620	79.791
526.140	205.513	70.708	80.168
530.544	204.979	72.359	81.802
535.348	205.368	73.035	82.362
544.238	206.171	70.052	83.724
553.076	207.899	68.477	83.978
560.709	210.160	69.017	81.864
570.969	210.065	70.336	80.858
581.032	209.924	69.965	79.429
591.242	208.729	67.854	79.309
597.982	207.532	69.724	78.411
604.827	204.352	69.879	78.584
613.050	200.191	68.898	80.596
617.155	197.430	70.011	80.094
621.578	194.142	70.321	79.675
625.544	191.770	70.941	79.918
628.973	190.650	73.461	80.261
632.659	190.085	74.894	81.384
636.152	189.232	75.336	81.377
639.599	189.064	75.119	81.489
642.450	189.064	74.408	81.447
644.874	188.748	74.944	81.216
647.313	189.074	75.344	80.726
649.313	189.128	74.770	80.181
651.337	189.171	73.514	79.843
652.305	188.953	72.935	79.060
652.640	189.160	73.200	77.736
653.829	188.628	72.498	77.900
654.493	187.995	72.327	77.984
654.454	187.575	72.896	78.746
653.671	187.048	75.168	79.614
650.020	187.532	79.673	80.870
649.451	187.506	81.460	82.869
650.680	187.286	81.321	84.449
650.985	187.104	81.136	83.997
650.386	187.591	81.068	82.339
650.426	187.921	80.322	82.604
649.594	188.123	80.402	82.500
648.540	188.335	80.332	82.840
647.102	189.300	81.473	83.060
645.662	189.670	82.446	82.831
644.801	190.101	82.174	81.559
643.238	193.133	85.165	75.830
643.671	193.295	84.013	75.154
643.800	193.348	83.955	75.772
643.775	193.546	82.965	77.009
644.096	194.051	83.029	76.190
644.518	193.390	82.558	76.932
644.835	193.269	83.127	77.306
644.743	192.333	83.652	77.775
644.727	191.128	83.616	78.878
644.726	190.339	83.609	79.496
644.153	190.135	84.880	79.823
643.863	190.059	85.298	79.774
643.347	189.607	85.683	80.204
643.376	189.489	85.347	80.418
642.948	189.572	85.321	80.656
642.548	189.363	85.521	80.812
642.149	189.194	86.251	80.856
641.767	188.700	85.775	81.666
641.371	188.146	86.626	82.165
641.181	188.084	87.503	81.800
641.553	188.062	87.089	82.468
641.204	188.530	87.039	82.553
641.028	188.505	87.215	82.589
640.867	188.227	87.314	82.379
640.809	188.270	87.283	82.444
641.099	187.969	86.949	82.800
640.983	187.796	87.198	83.082
641.041	187.882	87.230	82.886
640.925	188.141	87.614	82.465
640.867	188.270	87.762	82.444
640.458	187.926	88.351	82.735
640.021	187.769	88.461	82.538
639.603	187.508	88.388	82.479
639.965	188.013	87.541	81.785
639.551	189.077	87.435	80.307
639.711	189.235	87.373	79.842
639.215	189.547	86.753	79.070
638.434	190.372	86.111	77.650
635.684	190.987	85.633	75.720
631.720	191.155	85.025	76.128
627.910	190.972	84.435	73.992
625.358	189.190	84.716	76.842
624.083	190.357	84.662	73.571
623.590	190.054	83.766	74.432
622.935	190.083	83.588	74.590
622.220	189.332	85.167	74.907
622.426	187.526	85.155	76.963
624.381	185.674	84.283	80.410
626.123	185.599	84.090	81.030
627.801	185.984	84.411	79.566
628.497	185.597	88.622	79.878
631.577	185.133	87.859	81.397
627.633	185.488	93.021	81.068
635.392	185.593	87.379	79.570
637.370	185.500	86.147	78.421
638.428	186.579	85.696	75.443
640.170	186.535	82.917	75.792
641.007	187.242	82.877	75.310
640.974	187.426	81.605	75.208
640.694	187.350	81.005	76.156
638.755	186.856	82.045	78.259
637.168	187.230	83.326	78.363
634.460	188.220	84.590	76.592
632.097	187.852	83.493	76.525
628.576	188.051	81.311	76.338
621.044	189.750	81.458	76.309
613.395	192.086	81.226	75.817
606.870	195.184	82.398	74.555
600.194	198.890	79.817	72.818
591.509	201.068	75.342	71.667
582.399	202.042	74.620	74.169
573.207	206.168	77.213	70.385
563.923	206.963	75.594	70.013
554.799	205.424	74.253	73.034
546.669	203.047	74.124	73.964
536.979	200.520	78.121	76.534
528.135	197.687	85.582	79.530
523.371	194.863	83.378	82.824
517.984	195.009	71.169	80.057
514.729	195.979	74.197	79.677
512.537	195.644	72.635	79.398
510.296	197.498	72.823	78.078
508.647	197.833	73.056	79.332
507.654	197.309	72.396	80.511
507.035	197.796	71.813	80.002
506.595	198.589	71.688	78.462
507.047	197.622	70.612	79.188
506.737	198.468	71.254	79.886
507.667	197.375	71.794	80.938
510.119	198.689	72.821	81.001
513.227	200.147	75.496	79.877
520.752	199.788	72.996	78.676
528.900	199.819	72.068	79.946
538.785	199.577	70.675	80.243
548.833	200.208	70.822	78.543
558.225	200.882	73.741	77.627
569.852	200.945	73.059	78.676
580.048	201.160	74.554	79.619
591.816	198.811	74.516	81.174
602.757	195.261	72.739	82.360
611.504	191.823	72.311	82.751
617.349	188.274	73.224	82.711
621.664	185.261	73.949	82.360
624.540	183.032	74.332	82.226
625.596	181.553	78.116	81.853
625.931	180.595	81.846	82.315
628.498	180.344	83.292	83.085
629.448	182.679	87.823	81.410
632.768	182.980	87.242	83.380
635.588	184.717	87.592	83.008
637.865	185.079	88.121	82.695
639.388	185.502	87.140	81.858
639.867	185.170	87.901	79.510
641.528	184.797	86.748	78.941
642.515	184.854	85.884	78.489
642.881	184.885	85.742	76.669
643.898	184.642	84.095	77.040
644.432	183.213	84.747	77.139
645.465	182.532	84.478	76.782
645.727	182.556	84.516	76.788
646.666	182.556	83.688	76.990
647.755	183.312	83.138	77.176
649.007	184.193	82.679	77.928
649.933	184.351	83.543	77.363
651.521	184.472	84.117	78.331
653.057	183.799	84.871	79.864
654.422	183.396	86.219	81.455
656.285	183.390	86.162	80.771
658.146	182.615	86.450	80.950
660.815	182.417	86.007	79.830
663.039	181.265	85.557	80.593
665.531	180.563	85.472	80.038
668.032	179.719	86.801	80.883
670.413	178.221	87.824	81.283
672.911	177.980	89.179	81.117
674.956	177.399	91.362	81.246
678.569	177.203	92.943	80.171
684.011	176.284	91.527	80.398
687.581	176.671	92.089	80.874
692.000	177.227	91.275	79.151
695.738	176.420	89.821	79.297
698.652	176.955	88.926	78.141
699.571	178.389	89.766	76.961
700.304	178.604	88.877	77.717
700.399	179.679	88.145	77.572
699.485	180.506	87.977	78.424
696.115	181.693	88.919	78.146
693.023	182.624	89.346	78.380
688.759	182.702	90.128	80.093
683.722	184.784	89.178	79.550
675.618	186.860	89.584	79.835
666.742	189.200	87.406	79.641
659.684	192.124	84.477	77.756
652.109	195.129	82.867	76.239
643.298	197.292	81.175	75.221
635.118	199.498	79.668	74.504
625.605	201.789	78.577	73.172
617.642	203.290	77.330	74.080
607.474	205.898	77.753	73.682
598.415	207.722	77.759	72.961
590.427	207.977	78.753	74.473
581.299	208.147	79.941	75.898
575.423	207.637	80.258	76.560
568.621	207.717	80.798	77.302
563.007	207.043	81.513	78.641
552.247	207.608	85.780	79.262
540.696	207.563	91.539	83.032
535.109	211.126	89.556	80.767
529.379	212.174	95.786	86.682
522.753	218.433	96.725	91.452
518.647	224.652	79.689	83.908
524.139	232.358	72.891	82.201
496.013	220.246	116.802	99.863
476.269	54.214	128.317	135.317
505.874	34.197	154.383	146.505
558.871	23.813	133.409	141.401
594.141	18.215	127.346	123.543
444.967	234.441	93.455	96.680
435.413	231.981	74.742	98.180
427.322	235.491	79.237	90.257
418.945	231.605	78.626	90.327
413.828	232.126	80.741	86.005
409.928	229.052	80.467	87.307
405.426	231.064	81.505	84.694
401.092	231.622	82.016	84.972
398.884	231.635	82.005	84.864
394.632	229.802	81.837	85.157
391.749	227.901	80.376	84.246
388.727	225.978	80.632	84.118
387.372	223.800	80.734	84.562
387.016	221.800	79.814	84.539
388.253	218.815	80.413	85.387
390.340	216.177	83.908	86.704
396.827	212.769	82.285	88.296
404.807	208.375	79.550	86.844
411.077	201.459	80.361	86.133
421.314	191.484	80.976	88.972
433.021	182.341	79.923	92.858
444.309	171.924	80.183	93.295
454.521	166.896	82.231	90.993
469.515	166.303	81.086	91.014
486.456	164.356	79.858	90.647
497.029	160.895	80.426	90.061
504.105	159.452	83.105	89.387
509.146	159.904	84.517	90.244
511.746	159.936	85.392	90.693
513.444	160.189	84.980	90.843
513.926	159.678	85.355	92.276
513.426	159.459	85.771	92.275
513.471	159.112	83.288	92.068
511.096	159.029	83.496	90.951
509.928	159.059	83.635	92.051
510.540	159.817	82.576	91.320
511.719	160.657	83.266	92.148
513.302	161.540	84.738	92.788
515.291	162.350	85.124	92.814
515.803	162.159	86.593	91.657
517.714	162.000	84.442	93.365
516.732	161.971	84.851	93.322
514.071	161.829	84.627	90.858
510.109	160.936	79.367	94.489
499.500	164.056	80.126	96.948
486.883	167.994	82.264	94.410
471.941	168.156	78.218	91.010
461.958	169.719	76.436	92.217
451.968	170.865	76.799	94.087
444.605	174.725	76.811	94.172
435.376	175.281	76.254	95.693
427.547	177.105	74.903	93.474
417.997	179.092	74.964	93.266
408.951	181.175	75.435	91.507
401.215	183.512	73.933	88.699
392.358	184.292	75.090	90.858
387.428	185.122	75.454	87.387
385.707	185.292	75.026	88.074
384.455	185.083	74.566	87.914
384.165	185.116	74.361	88.131
384.038	185.292	76.208	88.859
385.091	185.300	75.571	89.126
387.002	185.622	75.362	88.097
390.969	186.902	74.042	86.494
393.252	186.872	74.183	86.423
394.988	187.733	74.395	86.744
396.073	188.857	74.304	84.553
397.639	188.664	72.353	84.353
398.964	189.992	70.630	82.832
399.560	190.735	70.748	83.504
401.147	191.693	70.637	81.745
403.765	191.319	69.550	83.652
406.084	191.995	70.414	82.753
408.371	192.752	71.892	81.149
411.871	192.793	72.227	82.998
415.451	192.593	76.468	84.575
422.677	192.402	77.730	88.060
433.178	190.768	81.477	85.663
447.859	187.493	83.398	85.601
467.711	184.083	83.864	82.960
484.826	186.661	86.293	79.812
503.688	189.384	90.079	80.938
525.381	193.366	91.071	82.029
545.669	200.974	91.779	85.029
564.453	209.354	98.671	85.630
602.626	227.701	89.789	74.809
626.163	234.492	82.165	73.084
640.528	240.480	84.327	72.561
654.876	245.184	81.351	72.999
663.651	250.833	84.398	71.325
673.215	253.989	85.462	69.994
682.368	254.299	87.094	69.120
690.406	254.189	87.585	68.702
701.172	252.480	85.451	68.496
708.024	248.039	84.631	71.138
711.553	244.822	81.676	71.031
711.055	238.339	81.012	72.080
706.183	230.636	82.746	74.157
693.375	217.786	85.207	78.381
676.101	203.296	90.259	84.249
662.971	189.990	88.030	92.453
645.994	176.285	87.555	92.188
625.140	162.112	88.386	100.471
602.809	154.983	85.979	94.270
577.548	151.589	87.832	92.256
553.540	150.354	90.808	88.930
532.783	152.840	91.737	92.293
511.053	160.990	97.793	92.183
494.305	168.416	92.062	89.298
478.713	171.905	96.542	85.970
466.116	172.657	98.382	86.231
454.656	176.461	100.924	84.082
446.748	180.387	97.202	82.193
439.998	183.759	92.591	78.808
437.905	183.118	91.878	80.222
436.611	184.923	90.633	78.613
434.527	185.694	89.880	78.768
433.240	183.362	89.332	80.657
433.011	182.613	90.710	81.562
433.808	182.047	88.955	82.336
436.934	181.753	87.645	82.119
440.355	180.855	88.390	82.648
444.696	180.290	88.475	82.964
448.128	179.271	91.486	83.387
452.470	180.078	92.627	82.452
456.300	180.114	93.493	81.695
461.583	180.418	89.129	82.568
463.403	178.383	89.413	83.329
465.509	180.317	87.001	85.515
465.429	179.039	86.904	85.341
465.313	179.044	86.665	87.135
463.962	178.611	86.691	89.207
459.717	181.218	86.666	91.770
453.417	181.654	90.260	93.610
445.921	182.381	90.571	93.524
434.951	183.143	94.582	89.178
425.938	189.046	90.208	84.430
415.193	194.965	85.736	80.051
404.402	192.167	87.484	85.033
390.711	195.182	88.968	82.137
374.506	199.526	89.640	82.317
360.656	203.512	91.051	82.087
349.674	212.921	85.326	81.745
336.728	224.536	79.575	74.286
330.514	239.222	71.244	71.742
251.488	244.681	62.626	74.081
246.153	242.966	63.451	74.660
240.511	243.919	67.002	67.940
231.505	243.237	67.998	70.597
225.637	242.848	67.587	73.096
219.011	244.286	68.360	75.253
214.485	246.259	68.037	74.432
207.835	247.323	69.270	76.181
202.521	248.375	69.186	76.486
197.154	248.967	69.613	75.783
194.934	251.427	68.303	73.245
194.310	250.925	69.351	72.974
194.885	251.990	69.457	72.958
197.369	252.563	68.450	73.880
200.857	251.843	68.893	73.941
208.174	253.291	74.714	88.174
234.030	272.725	70.423	80.910
242.022	265.882	73.782	78.620
250.399	248.257	75.893	92.823
236.442	242.211	74.190	97.269
234.982	254.159	70.701	79.873
236.411	251.189	68.864	80.240
298.168	185.949	87.518	83.564
307.458	180.694	88.988	91.013
321.423	180.727	87.089	92.963
329.786	182.613	84.679	90.772
333.102	182.355	83.343	91.721
334.576	183.261	82.741	87.886
334.391	183.947	82.659	86.814
332.784	182.371	83.898	89.074
329.862	183.131	82.328	89.775
326.360	184.800	81.369	89.101
322.244	186.256	81.200	89.288
318.832	187.101	81.655	87.894
317.154	187.313	81.387	89.157
317.036	187.290	81.174	89.238
317.844	187.108	82.263	91.877
321.435	187.890	85.006	95.185
332.604	189.304	83.188	92.884
345.019	187.551	81.943	94.528
361.477	184.284	82.258	97.988
376.655	184.268	85.290	96.296
397.639	182.952	84.812	96.187
419.024	181.300	84.754	97.399
442.938	177.603	87.398	98.856
470.964	173.563	84.466	101.484
496.090	169.566	86.018	97.825
520.817	164.682	87.276	98.476
541.399	161.318	87.720	98.971
559.876	157.353	85.745	93.502
578.009	155.051	85.459	96.451
591.374	152.165	86.026	93.471
603.935	151.745	81.641	92.348
611.422	150.755	80.896	88.156
614.957	151.208	81.394	85.869
616.125	151.745	82.298	85.420
615.412	153.541	81.122	83.509
611.210	154.599	81.650	84.120
606.634	154.104	82.888	83.558
601.238	154.169	83.949	84.227
597.077	153.989	84.430	81.978
593.606	153.897	83.953	79.062
591.533	153.757	84.000	78.647
590.120	154.319	82.630	80.118
589.209	154.591	82.407	80.598
588.603	154.425	81.931	81.089
589.187	154.384	81.225	82.126
587.637	154.882	81.897	82.571
584.330	156.638	81.847	83.140
577.821	157.513	83.475	83.967
571.271	160.000	82.905	83.232
561.711	160.690	82.746	82.633
552.329	161.942	85.004	85.302
541.247	160.729	85.728	89.497
529.052	160.215	86.161	88.672
515.617	162.590	87.274	91.252
503.723	164.845	87.392	95.064
490.642	168.799	87.143	93.566
479.051	171.914	87.838	94.136
467.936	177.034	89.839	93.821
455.946	183.612	84.680	94.533
446.998	190.821	81.842	95.976
437.547	196.535	77.843	98.171
420.980	202.325	82.813	90.789
409.947	205.836	86.520	88.766
401.393	212.298	84.819	94.316
394.113	220.675	84.074	95.019
386.009	228.013	82.388	92.623
374.284	233.340	80.464	94.993
358.736	241.892	80.803	101.359
340.701	251.392	82.380	101.543
322.197	260.573	84.532	97.368
310.914	272.803	76.372	96.851
290.026	282.824	80.146	93.740
275.154	289.592	80.777	99.505
263.641	300.965	78.959	96.970
249.860	309.944	79.958	91.310
240.246	315.523	80.010	89.452
232.846	317.898	78.473	91.277
232.623	322.610	77.323	93.290
232.333	327.304	79.247	93.574
239.835	332.383	78.687	90.059
245.414	334.737	79.897	91.529
256.814	338.202	78.211	94.719
269.052	344.370	82.496	97.491
287.904	350.486	84.838	90.458
306.921	358.015	84.012	85.761
326.403	363.991	84.186	80.283
349.767	371.610	86.953	75.470
366.607	379.823	85.449	76.972
398.643	382.872	85.113	75.077
414.050	393.269	89.350	73.771
432.406	400.812	90.154	73.696
453.227	403.481	85.281	71.961
468.465	406.406	82.999	68.977
477.337	406.306	81.468	68.973
492.719	401.224	75.387	71.541
498.597	399.383	75.806	71.659
504.285	396.972	77.733	71.597
516.567	392.326	82.409	75.236
521.710	385.947	85.408	77.359
525.237	381.971	74.017	76.706
528.120	372.909	69.339	78.684
525.885	365.893	69.932	75.986
523.208	353.329	71.875	78.673
511.011	336.302	80.472	82.099
505.604	321.755	80.804	83.698
503.251	307.454	77.381	86.362
496.694	288.399	78.373	87.248
493.645	273.164	77.021	84.130
486.441	261.984	76.323	84.444
480.362	249.801	78.645	87.315
481.744	240.039	75.651	92.601
481.209	241.499	73.168	85.412
480.584	241.877	71.916	84.765
480.632	245.518	70.262	86.307
480.267	249.142	68.455	84.370
484.637	245.562	65.770	84.387
486.817	247.588	65.213	81.939
467.150	238.021	91.664	104.449
463.647	104.546	133.461	110.643
502.963	101.066	128.864	114.595
460.996	252.824	84.543	107.708
468.722	262.055	73.876	98.112
466.300	264.693	74.017	91.759
463.781	268.450	74.800	90.739
458.515	270.904	77.151	89.703
454.215	272.937	78.974	89.847
451.000	274.437	80.335	89.377
449.891	276.066	78.042	89.897
447.881	276.042	78.328	88.821
446.755	276.482	78.933	88.819
445.755	276.403	79.647	89.172
447.390	275.956	79.737	87.778
450.426	275.717	80.496	88.441
453.119	273.376	80.470	88.912
456.310	271.728	79.906	84.863
463.204	271.555	80.525	90.827
474.922	272.924	80.500	89.781
487.841	276.665	81.318	89.341
502.688	276.966	81.830	92.045
516.736	276.810	80.805	94.649
527.252	275.641	84.546	96.316
536.177	273.630	85.896	94.727
544.377	271.267	83.230	92.551
551.566	267.337	80.632	90.059
556.360	263.293	81.316	88.014
559.991	256.948	79.541	91.547
561.962	253.758	78.776	88.973
562.342	251.275	76.962	88.288
562.220	250.332	76.784	87.786
562.294	250.727	78.696	85.162
560.344	248.362	77.905	86.555
560.253	248.464	77.495	86.616
558.094	246.677	78.557	86.198
557.187	245.933	79.796	87.552
558.944	243.810	81.049	88.954
562.060	243.694	82.255	90.409
566.226	242.611	82.798	90.310
570.620	241.396	83.851	90.623
574.655	241.197	85.341	91.677
578.941	240.381	85.339	90.654
581.091	240.143	85.637	91.317
581.686	239.793	86.046	90.234
582.483	239.653	85.078	88.302
579.367	239.422	86.388	87.141
576.623	240.484	85.418	88.190
572.436	242.435	84.610	86.190
566.545	242.763	85.310	84.413
559.798	245.163	86.953	83.516
553.508	247.013	87.123	81.982
545.985	248.647	86.291	82.418
536.847	251.032	89.024	81.082
528.124	252.745	90.454	81.506
519.718	254.086	91.294	84.016
508.879	256.561	91.538	87.061
498.346	262.572	91.832	85.571
489.182	268.756	92.778	85.771
480.648	276.321	86.766	73.439
473.252	284.322	82.745	69.047
467.278	293.325	79.568	71.323
465.844	303.838	71.568	69.318
457.444	313.416	64.625	72.030
411.847	331.264	65.197	82.588
414.190	335.836	74.691	78.807
401.995	337.676	65.464	76.018
400.519	342.478	62.645	74.701
394.884	344.681	62.204	73.700
388.833	345.283	62.802	73.410
381.600	346.658	64.629	71.126
373.630	345.624	63.575	76.240
365.676	348.349	64.366	72.675
357.941	349.265	64.343	72.626
350.726	350.029	64.472	71.678
344.116	350.469	67.438	70.630
338.613	350.895	67.658	70.306
334.547	351.486	68.268	69.436
333.414	350.174	66.732	71.474
331.522	350.389	66.624	70.712
332.148	344.977	66.833	74.469
330.239	349.800	66.643	69.826
329.080	350.931	66.486	70.224
332.953	345.999	64.177	73.781
329.731	347.342	66.263	73.730
332.636	344.744	66.289	75.904
332.167	346.548	65.923	76.287
333.395	344.496	66.263	73.294
334.367	342.547	67.802	71.634
336.118	339.201	67.998	72.686
337.271	338.353	67.129	72.455
340.092	338.395	65.382	72.337
342.138	336.078	66.272	73.304
343.992	333.892	66.693	73.536
346.314	330.705	66.760	75.322
349.374	326.322	66.015	76.174
351.845	322.608	65.744	76.022
354.702	317.498	67.810	75.903
357.985	314.532	67.347	75.396
361.624	310.531	66.550	76.311
366.644	306.846	65.642	75.889
370.049	300.149	66.526	76.812
376.104	291.757	66.197	77.882
381.387	287.854	66.247	77.529
387.015	282.512	65.568	77.813
392.981	277.059	65.379	78.184
400.670	271.955	62.777	77.648
406.149	268.982	64.849	77.389
411.975	264.421	65.259	79.227
417.295	265.508	65.513	75.402
421.727	264.882	63.784	75.279
425.869	265.288	63.426	74.656
429.263	265.206	63.212	73.287
432.258	266.611	61.815	72.347
433.870	267.617	60.765	72.380
435.058	268.598	60.629	72.121
435.163	270.061	60.408	72.065
432.595	272.548	62.468	74.957
429.520	276.598	62.553	76.467
427.499	280.013	60.634	76.869
424.105	282.887	60.202	77.427
421.389	285.385	60.256	77.898
417.129	286.187	60.199	81.864
411.467	287.055	60.866	79.196
407.525	289.915	60.858	78.902
402.498	293.255	61.357	77.589
396.915	289.945	62.631	83.517
401.379	300.357	55.718	79.929
388.850	303.312	61.699	73.556
383.964	302.831	61.719	73.642
380.406	302.246	60.874	75.609
377.036	302.255	62.393	78.216
376.129	302.673	62.348	79.376
374.971	303.710	62.800	79.235
376.473	303.706	61.066	74.685
381.801	302.032	61.235	75.253
388.292	299.686	60.106	78.989
396.823	296.037	59.596	77.408
407.206	292.586	59.503	77.902
417.586	290.723	59.989	78.865
429.990	288.497	60.267	79.695
441.598	286.550	61.382	77.009
456.445	284.573	58.767	76.333
468.398	281.492	59.994	75.225
478.902	278.520	59.819	76.111
492.147	270.894	59.439	83.774
501.818	269.320	61.868	85.448
508.841	270.328	63.330	83.451
516.097	270.615	61.950	81.721
522.846	270.152	62.111	84.827
525.977	271.030	61.428	80.744
527.594	272.451	62.723	83.730
529.818	271.828	56.762	81.384
529.156	269.362	57.903	78.629
591.832	202.698	79.710	89.544
586.648	198.135	78.801	93.012
576.898	200.576	85.388	91.257
567.976	202.841	88.357	93.533
558.180	205.230	86.535	97.710
547.314	208.183	86.777	100.063
535.893	213.489	85.925	97.869
523.934	217.978	85.726	96.817
509.402	220.397	89.131	97.193
495.422	224.623	89.300	94.595
480.590	228.427	92.860	92.655
466.774	231.734	89.625	95.772
455.147	234.881	83.929	90.318
441.536	240.062	82.591	86.871
430.143	242.341	82.796	90.390
420.833	245.545	82.266	92.829
410.041	248.187	83.100	94.932
401.247	250.835	83.063	93.579
393.947	252.561	82.425	91.406
389.827	253.748	82.209	93.350
388.352	253.373	80.206	91.488
386.700	253.846	81.836	92.542
387.930	254.151	82.539	92.405
392.681	255.077	83.446	92.617
399.384	254.029	86.519	95.254
416.170	251.152	85.048	98.308
433.371	251.007	86.108	95.027
453.460	250.707	85.988	91.841
473.008	249.163	86.369	92.055
495.573	247.626	83.423	91.334
513.698	248.354	84.948	91.961
533.437	246.904	85.702	92.241
554.618	242.285	82.941	91.866
573.306	237.656	82.116	92.712
589.141	234.433	82.346	91.097
599.819	230.748	81.480	91.066
610.037	230.406	78.575	89.330
615.032	226.337	80.891	90.787
622.053	223.116	79.400	89.402
626.148	219.517	78.467	89.933
625.302	219.499	78.694	87.779
623.385	220.737	77.932	86.512
621.904	223.137	77.712	84.059
620.486	223.241	78.942	83.051
622.419	223.334	79.958	83.142
623.082	223.155	80.838	84.208
624.017	223.917	80.428	82.390
623.376	222.468	80.784	82.829
623.348	221.053	82.027	84.140
626.178	221.513	82.498	84.625
629.476	222.364	82.758	84.621
633.469	222.310	81.160	84.499
636.558	223.137	80.668	84.487
639.197	223.617	81.319	84.406
643.548	224.120	82.434	83.911
645.782	222.862	82.309	84.711
648.476	222.233	80.937	85.526
649.524	222.490	80.028	84.427
649.736	222.605	79.834	84.581
650.220	222.831	79.680	83.926
651.029	222.238	81.374	84.265
651.661	221.086	80.439	84.691
652.189	221.147	81.177	84.408
651.414	220.234	80.568	84.603
649.259	221.258	80.171	83.426
646.862	221.915	80.367	83.489
644.066	222.235	80.321	84.451
641.093	222.540	80.164	84.015
639.664	223.453	80.164	82.933
639.611	222.238	80.423	83.798
640.637	221.718	81.420	84.511
641.569	222.136	80.151	84.523
639.372	223.422	80.829	83.782
637.831	224.851	80.146	82.855
637.663	224.491	79.539	83.301
637.452	224.063	80.289	84.211
637.424	223.887	80.227	84.256
637.155	224.222	80.083	84.007
636.235	223.894	80.631	85.053
633.086	224.954	81.170	84.947
631.510	225.230	81.130	85.058
630.107	225.954	80.738	85.611
628.230	222.490	81.163	88.816
627.340	221.080	82.562	89.954
628.426	217.949	81.199	91.518
629.982	217.102	81.246	91.675
634.813	214.819	80.088	93.231
637.731	212.123	81.326	91.333
640.269	211.002	81.066	91.212
642.806	207.786	81.419	91.360
645.729	205.225	81.468	91.856
646.598	201.814	84.261	89.191
649.164	200.597	84.723	89.694
652.448	198.575	84.585	88.640
656.220	196.342	85.085	90.364
656.344	195.753	84.117	89.423
655.437	194.827	83.942	89.112
647.988	194.079	83.304	88.790
635.238	197.076	84.925	86.710
620.776	201.716	86.109	83.522
605.781	203.251	86.682	94.733
590.080	206.344	88.389	94.529
575.943	209.219	86.039	97.941
561.042	212.095	85.652	93.936
546.125	214.330	85.100	93.995
532.498	218.094	84.168	94.009
519.227	222.566	83.487	93.584
508.593	226.622	82.068	92.245
499.364	229.884	81.190	92.988
491.656	232.249	81.142	94.251
484.989	236.884	81.137	93.451
480.407	240.391	80.166	92.150
477.285	240.477	79.286	92.410
476.226	240.274	80.074	92.793
476.270	240.813	79.159	92.468
478.312	239.710	81.471	91.779
481.243	239.489	84.234	90.709
487.917	240.404	82.524	90.785
495.490	239.483	81.643	89.819
507.611	238.983	80.145	92.405
519.853	238.797	81.571	93.866
536.241	238.091	82.050	93.738
553.969	236.127	82.034	93.023
570.178	233.523	83.504	92.594
587.549	229.014	83.229	94.879
601.695	225.492	84.417	93.592
615.423	220.736	84.380	93.847
625.065	213.531	85.637	97.539
635.255	207.584	83.234	96.838
643.726	206.335	81.223	92.789
651.384	205.661	82.110	88.965
658.720	204.882	82.522	87.570
662.992	205.837	84.117	84.096
669.074	205.581	83.089	85.495
672.834	207.148	83.939	80.580
675.844	207.349	84.309	79.118
679.081	207.507	82.607	80.198
680.217	207.674	83.780	79.348
681.402	206.250	84.133	79.898
683.207	205.886	83.478	80.393
684.240	204.751	83.945	81.156
685.477	204.368	84.692	80.448
685.540	204.599	86.562	80.298
686.760	205.010	87.702	77.798
689.548	204.606	87.002	77.158
691.883	204.717	85.968	77.412
693.112	205.204	85.459	76.368
693.857	205.637	85.298	76.022
694.743	206.455	85.128	74.612
695.790	205.729	85.220	74.168
697.428	205.622	84.780	74.635
698.293	206.251	84.445	74.322
699.386	206.530	83.718	74.346
700.142	206.521	83.412	74.632
700.058	206.278	83.950	74.835
699.707	206.914	84.650	74.756
699.697	206.622	83.799	75.427
699.712	206.147	83.544	75.454
699.372	206.141	83.439	76.616
697.932	205.805	84.144	78.198
695.092	206.821	84.736	79.218
693.442	208.619	81.400	79.554
689.400	211.406	81.839	78.174
684.698	213.828	83.333	77.415
678.561	216.028	84.327	76.676
672.951	216.173	84.760	77.665
667.399	216.419	84.840	79.662
660.486	217.555	85.825	80.502
655.272	217.949	84.397	81.409
647.604	219.194	86.183	79.779
642.663	220.091	84.045	80.730
636.821	221.481	84.532	81.376
630.917	224.208	85.406	80.774
625.272	226.108	86.226	80.226
618.293	227.991	87.819	80.969
613.576	228.851	85.775	83.922
607.538	230.762	86.291	84.777
598.789	231.879	84.073	86.598
588.194	233.171	86.000	86.359
575.452	233.641	86.730	89.511
564.490	232.786	86.266	89.607
554.136	233.108	86.142	89.561
543.751	230.672	87.221	92.419
532.131	230.127	86.238	90.556
521.356	227.808	85.990	91.284
512.382	228.072	85.309	90.133
504.360	227.540	85.330	87.063
498.819	226.072	83.374	88.039
492.866	224.972	83.261	88.779
487.103	226.069	85.974	87.931
483.896	226.101	84.602	90.376
481.446	227.495	83.036	90.569
478.331	227.782	84.220	90.105
475.839	228.166	84.740	87.699
474.354	227.406	84.918	87.647
473.711	227.800	84.130	87.888
473.175	227.621	84.243	87.439
471.650	228.647	84.491	86.183
470.503	228.547	83.707	85.727
468.553	228.154	84.513	85.377
468.318	228.100	84.669	86.502
468.464	228.099	85.172	87.761
469.209	228.756	86.004	88.656
472.654	227.890	86.342	91.355
476.533	229.975	87.851	88.721
486.277	231.421	85.498	90.048
497.056	230.658	83.762	89.427
507.091	229.813	84.589	92.280
518.167	228.395	86.146	93.818
532.553	226.513	87.421	94.145
551.540	220.756	85.974	96.835
563.558	218.234	86.878	97.411
575.879	214.601	85.738	98.992
583.852	210.352	88.013	97.437
594.007	205.797	86.216	97.055
601.203	200.474	86.015	98.261
608.089	197.838	86.469	95.860
616.273	195.853	85.169	93.757
623.774	196.133	84.784	91.098
629.552	195.678	84.795	89.863
634.231	196.177	85.530	87.767
638.750	194.505	84.292	89.846
640.035	195.339	85.040	87.415
641.600	194.814	85.909	85.621
642.623	195.094	88.568	85.654
647.232	194.436	85.155	86.034
635.737	197.818	93.951	81.634
630.828	201.833	93.720	79.824
625.499	205.814	92.337	77.642
617.203	210.350	91.095	76.413
606.793	219.881	90.992	73.761
599.346	228.266	80.214	74.416
591.085	235.755	77.959	75.840
584.038	249.777	80.108	72.166
579.076	262.816	75.399	70.160
573.485	275.231	73.645	68.330
570.000	282.100	75.537	69.783
566.110	283.539	77.750	70.330
559.735	290.222	82.014	68.050
556.129	292.334	90.535	67.004
549.885	293.430	92.973	68.531
541.763	294.050	95.996	67.780
536.285	293.969	94.205	67.977
529.874	294.620	98.527	66.486
528.737	291.312	91.805	68.573
526.793	284.841	86.317	68.445
527.512	278.801	78.888	68.722
530.266	270.039	75.274	68.522
535.899	258.976	80.010	71.604
545.282	247.792	88.406	73.245
559.287	234.999	93.186	79.063
573.502	227.356	95.627	82.180
585.708	221.393	95.759	83.419
599.512	215.217	97.958	82.522
610.132	210.492	91.728	90.295
618.193	205.355	85.843	90.177
620.321	206.576	86.351	88.637
616.370	206.241	87.738	88.810
609.626	208.995	89.032	87.352
600.812	211.705	87.778	88.140
586.453	214.643	92.308	89.095
579.196	216.482	87.526	89.911
566.353	219.201	87.594	90.939
553.962	219.561	87.930	94.622
542.934	221.350	86.512	95.797
530.776	222.168	86.027	93.334
521.435	222.004	85.727	92.877
512.919	221.994	86.299	92.381
505.606	220.913	85.493	91.693
500.575	216.257	85.614	93.434
497.990	214.100	83.873	92.583
492.146	214.931	84.462	91.036
488.839	216.502	82.695	89.634
482.848	217.756	84.449	89.145
479.631	217.876	84.282	90.291
476.370	217.936	82.950	90.450
474.409	217.736	83.724	87.659
471.866	218.983	84.059	85.367
471.861	218.536	82.566	85.884
471.496	218.683	82.585	85.538
471.669	218.243	83.609	84.859
473.765	215.729	82.742	88.176
476.693	214.386	83.405	90.985
482.607	214.890	83.646	91.107
489.739	213.676	83.244	93.638
496.499	214.606	85.380	94.338
504.295	214.362	85.587	91.844
512.874	213.883	84.511	86.315
519.905	213.530	84.225	86.171
526.242	213.472	85.088	85.441
534.444	213.781	83.486	84.612
539.539	215.726	84.851	82.443
542.839	218.763	88.557	77.563
549.865	218.553	87.261	76.143
556.818	217.565	87.138	77.142
564.378	215.957	86.610	77.619
567.928	213.289	87.873	78.992
570.940	210.202	89.106	79.357
573.343	207.319	90.071	81.145
576.464	204.623	90.253	81.228
579.842	202.647	90.385	80.531
581.547	201.226	90.185	80.799
582.670	199.333	90.374	81.352
583.807	197.315	90.826	81.781
584.315	196.071	90.833	80.826
584.018	194.471	90.830	80.483
581.608	193.478	90.983	79.577
576.654	192.164	91.182	78.516
571.055	190.698	91.077	79.306
563.740	190.433	91.464	77.491
553.891	189.864	93.248	76.461
546.425	191.537	91.273	76.468
538.132	193.407	90.919	75.424
529.487	196.422	90.811	73.847
519.796	198.079	90.660	73.771
511.510	198.768	88.946	75.287
504.486	200.577	87.590	75.784
497.940	201.094	85.957	77.982
491.604	202.569	84.284	77.917
487.627	203.239	81.326	77.108
484.023	204.465	79.699	76.173
480.508	206.058	80.464	76.653
475.272	210.212	82.803	77.505
471.487	211.471	85.008	80.941
470.244	212.770	84.362	81.510
468.612	213.781	84.995	80.448
467.200	213.607	85.221	80.839
466.974	213.994	85.708	77.769
468.070	214.973	83.956	75.695
468.546	215.031	82.950	77.735
468.160	214.864	84.045	79.792
468.528	215.504	84.126	79.989
468.699	215.555	83.508	80.237
468.356	215.472	83.355	82.294
466.543	215.222	85.295	82.934
466.929	215.881	85.493	84.908
466.875	215.212	86.222	87.675
470.243	217.105	86.885	82.155
474.518	216.131	87.752	82.753
480.076	214.770	90.881	82.814
486.767	215.397	90.530	85.131
499.052	214.096	91.029	85.562
507.057	214.065	92.219	90.277
524.005	215.344	89.927	87.141
538.197	216.068	90.478	94.127
552.663	215.604	102.526	100.766
563.954	212.985	110.973	107.141
576.647	209.254	99.867	111.767
590.157	206.671	97.314	107.538
597.065	201.056	96.622	99.110
612.209	197.015	88.314	97.759
617.029	192.279	89.690	98.555
623.039	188.575	90.682	94.990
629.287	185.441	90.319	93.142
635.650	183.442	88.838	93.099
641.580	182.942	88.394	88.481
647.233	183.313	87.435	87.836
652.436	185.178	88.315	85.953
657.350	186.034	88.211	86.751
662.712	186.350	85.352	85.350
665.734	185.547	85.392	87.506
667.284	184.411	86.576	88.266
667.928	184.495	88.516	86.484
669.528	184.795	89.101	83.543
672.730	185.499	87.854	76.373
675.670	185.963	84.454	75.560
673.814	188.161	85.269	80.771
618.391	259.669	74.659	87.073
613.514	266.272	68.589	88.397
600.075	272.125	64.007	86.317
581.272	277.444	67.036	84.309
556.378	282.941	65.177	78.468
537.822	288.535	68.403	81.329
519.848	291.322	69.998	86.202
503.207	295.553	68.774	80.450
488.130	299.314	68.036	77.577
466.536	300.885	72.460	75.211
458.436	302.174	69.757	73.791
449.640	301.302	69.556	74.741
442.871	299.954	71.351	74.074
438.251	299.537	69.815	72.768
433.120	298.059	69.684	73.466
428.752	298.214	70.158	72.267
424.867	298.318	70.029	72.393
419.958	298.563	69.879	73.423
415.858	298.198	71.415	73.431
413.109	299.275	71.636	72.050
410.120	299.190	71.049	74.585
408.286	299.425	70.927	72.769
405.896	299.670	71.600	72.405
516.353	210.267	69.335	89.584
500.607	214.555	85.421	83.490
487.474	212.092	88.860	87.098
477.723	211.244	88.052	88.886
468.809	211.450	86.528	86.619
460.148	212.326	85.104	87.473
453.228	212.533	82.603	86.865
447.738	214.072	82.167	85.900
444.682	214.100	79.557	88.407
440.858	214.800	79.109	90.124
435.888	215.371	80.056	91.656
432.204	216.437	78.339	93.117
428.535	217.846	79.263	93.973
425.484	218.903	79.600	94.360
422.551	219.614	79.251	94.318
420.448	220.108	77.705	94.896
418.246	220.435	77.624	93.775
416.140	219.805	77.377	93.823
413.929	221.248	77.450	91.869
412.822	221.277	77.464	91.070
411.769	221.638	77.906	91.115
411.031	221.637	77.947	91.689
410.247	221.827	78.244	91.894
410.174	222.102	77.681	91.681
409.079	223.054	77.429	91.531
408.817	224.047	77.110	91.026
408.305	224.860	77.051	90.073
408.436	225.527	76.787	89.997
408.604	225.359	75.818	89.821
408.824	225.264	75.571	90.719
409.304	224.859	76.041	90.838
409.719	224.290	76.555	90.050
411.565	224.802	76.803	90.897
414.870	225.358	76.939	92.455
417.762	224.358	77.713	92.502
421.969	223.715	77.817	93.615
427.837	223.250	77.592	94.074
435.240	222.994	77.030	96.204
443.335	222.080	77.517	97.864
453.296	221.738	77.456	100.450
462.691	220.985	79.422	102.785
474.141	220.758	82.679	99.519
488.705	220.423	83.037	96.163
502.879	219.736	83.356	96.517
517.999	217.867	82.700	93.816
532.948	214.817	81.274	93.025
547.624	211.432	80.955	92.397
559.554	208.918	79.121	92.355
569.860	206.446	78.157	93.435
573.504	203.983	81.748	91.746
579.766	200.681	81.531	90.741
587.801	195.957	80.871	90.626
594.987	192.838	79.829	91.068
601.130	190.866	81.301	91.527
607.783	190.651	81.196	92.372
612.994	190.084	80.133	93.527
615.731	189.448	80.228	94.210
616.696	187.306	79.973	95.516
616.834	185.651	79.964	95.694
615.627	185.134	80.105	94.514
615.078	184.431	80.908	94.589
614.849	184.862	83.355	94.760
614.935	185.645	84.770	94.864
615.307	185.561	85.033	94.694
613.191	186.175	85.196	93.822
607.747	188.538	87.085	92.459
598.577	191.888	89.080	90.846
589.994	195.000	87.916	90.415
578.685	199.154	88.519	89.474
564.156	203.708	90.481	91.152
547.214	210.310	95.219	94.250
515.285	223.237	95.542	93.055
495.319	234.279	100.773	91.935
472.832	245.704	99.299	85.840
452.175	257.348	99.858	84.525
429.367	268.263	99.323	81.209
403.475	279.023	97.059	74.617
377.487	289.296	94.535	69.301
354.146	298.310	101.068	69.446
334.568	306.831	95.289	69.178
319.103	313.584	99.837	69.078
365.679	303.137	83.976	85.393
377.574	298.228	68.526	74.195
376.788	299.185	68.581	69.577
375.852	293.612	66.133	68.303
376.107	289.371	66.743	69.340
381.318	284.620	65.749	69.452
386.585	276.584	66.088	71.655
393.483	268.700	67.531	72.759
401.885	264.269	68.076	68.753
414.398	257.238	63.937	75.916
324.624	239.539	86.301	81.442
339.939	222.267	92.543	84.437
360.240	205.171	97.513	85.646
380.241	187.804	98.469	93.646
402.853	175.678	95.386	96.529
425.822	160.419	94.855	104.553
446.337	152.646	94.454	100.670
465.082	145.293	92.362	102.010
482.513	141.102	91.357	102.893
497.625	139.828	89.817	97.271
513.364	137.120	87.995	96.721
525.474	133.768	86.566	96.542
531.418	130.208	87.570	95.001
532.072	130.030	87.281	92.702
529.615	128.848	85.907	94.376
522.434	127.935	84.476	95.053
514.802	127.153	83.550	94.774
504.726	126.632	84.172	96.708
493.352	128.479	85.298	97.204
480.330	132.032	85.802	97.454
465.279	134.772	86.874	98.346
453.736	138.777	86.043	99.297
441.336	143.303	86.732	100.209
430.993	147.634	86.605	101.849
421.505	153.114	86.601	102.269
414.490	158.933	84.562	98.608
410.223	163.149	84.271	97.787
408.732	166.106	84.800	97.627
407.799	170.192	83.908	97.529
407.925	173.880	84.410	95.331
409.183	178.890	85.911	95.178
412.773	182.519	87.689	96.199
418.592	185.745	88.329	96.838
429.103	189.778	88.836	95.775
442.072	194.154	88.322	95.679
460.215	199.874	91.858	94.138
480.726	204.792	94.941	94.214
504.334	207.242	98.975	99.347
528.042	207.767	102.223	97.719
558.878	211.421	100.551	91.311
588.297	210.474	103.693	87.237
608.784	205.515	101.533	94.292
622.167	202.568	103.483	92.405
633.951	195.809	102.982	94.198
646.717	189.318	99.364	91.196
651.204	181.803	99.806	91.747
655.793	171.611	95.919	95.337
655.579	162.819	92.471	94.948
652.519	154.119	92.067	93.285
646.628	147.797	92.562	95.813
643.455	137.803	88.506	98.529
639.517	135.330	87.579	98.585
635.581	134.244	87.218	99.818
630.742	134.764	88.963	97.960
628.838	134.704	85.870	97.143
627.723	134.196	86.371	95.581
626.964	133.197	88.120	95.193
627.564	132.228	87.739	93.592
628.202	129.891	88.647	94.210
628.219	128.438	89.646	91.352
628.875	126.798	91.073	90.583
630.644	125.383	90.312	91.109
631.006	122.873	89.881	93.221
631.405	121.138	87.396	94.156
629.040	121.008	86.836	92.270
626.441	119.742	85.730	92.561
620.322	118.923	86.586	93.121
615.157	119.310	85.757	92.732
610.059	119.467	85.249	93.893
602.441	120.228	87.676	93.884
593.354	121.727	89.917	94.059
582.489	122.675	89.652	95.845
572.535	127.553	90.652	94.775
562.638	133.484	90.700	93.755
552.786	139.752	90.045	92.799
543.179	142.912	90.952	94.006
535.564	147.445	91.768	91.050
532.344	151.565	93.983	86.897
529.898	157.818	95.393	84.459
531.774	163.441	89.996	87.592
531.304	173.440	90.946	89.904
528.803	186.016	93.166	88.801
524.329	194.484	95.857	95.889
519.679	204.178	98.146	100.419
512.212	212.810	94.255	96.505
502.579	221.017	95.921	88.344
483.562	227.660	95.259	85.515
468.226	231.540	96.651	84.369
450.804	236.455	96.461	79.005
431.966	239.839	96.728	79.328
412.662	247.023	91.428	76.369
394.136	250.062	94.806	81.099
367.094	259.597	98.118	75.120
350.905	271.181	98.372	80.979
338.441	277.740	97.013	80.124
322.198	287.413	95.967	85.110
310.727	297.697	93.135	77.283
299.828	308.880	91.193	72.743
293.506	316.954	84.722	69.750
287.839	323.131	79.206	71.400
283.016	327.785	76.652	68.573
274.210	332.753	80.535	67.267
278.777	337.194	79.683	67.351
277.500	337.788	82.694	65.241
276.811	336.826	78.792	64.257
272.229	338.380	84.725	67.147
286.642	337.532	84.614	65.147
290.058	337.661	83.832	66.136
297.913	335.661	88.471	67.355
310.963	333.414	93.257	67.782
319.215	327.574	95.134	73.255
337.324	321.363	98.343	76.919
354.019	308.603	95.631	86.297
371.949	301.220	102.590	81.640
392.536	294.313	108.477	83.391
412.433	283.740	101.047	85.408
435.063	274.144	100.109	84.644
455.332	270.274	98.894	85.559
474.683	262.168	95.706	91.895
494.478	257.639	94.420	91.310
510.052	250.351	90.395	95.081
521.937	239.402	90.541	99.164
531.472	225.728	88.587	104.129
535.542	212.405	88.256	99.086
541.484	195.230	87.234	104.133
544.232	180.289	89.772	100.346
546.394	173.567	90.830	90.718
554.399	173.787	89.117	94.419
558.900	170.512	89.847	97.765
566.009	164.396	84.654	100.113
572.976	162.558	81.811	98.983
580.807	162.334	81.735	98.249
584.537	158.067	83.217	98.366
588.976	151.217	83.538	99.200
595.397	149.758	83.962	98.945
602.913	148.544	82.949	99.642
610.131	145.449	84.835	99.759
616.208	143.013	85.246	98.704
623.803	143.275	83.518	97.915
631.290	148.127	82.952	96.878
635.700	153.325	81.070	95.161
636.519	156.299	81.867	93.731
635.439	157.122	81.560	95.494
627.795	158.886	84.060	96.750
619.318	159.658	86.015	99.636
606.563	163.740	88.731	99.126
591.943	166.527	89.498	99.684
575.945	168.297	88.032	102.648
559.960	172.964	86.774	102.778
539.301	177.815	89.225	104.221
518.692	181.506	91.439	104.535
488.247	183.879	94.437	105.278
470.813	189.119	92.184	104.909
452.189	191.775	97.209	104.507
431.202	192.407	100.051	106.947
414.783	190.306	99.197	109.443
396.445	192.864	103.298	103.058
386.388	190.999	93.700	103.286
377.822	194.242	93.800	103.411
369.792	195.789	93.783	97.821
367.996	195.256	84.296	102.145
365.153	194.201	82.552	97.066
364.000	193.940	81.541	96.987
363.618	193.930	81.541	97.776
364.277	193.874	81.581	98.075
365.337	193.609	82.648	97.078
367.375	193.072	81.905	98.318
370.132	192.026	83.587	99.854
374.445	189.063	86.179	99.263
378.412	186.732	89.851	100.378
388.202	185.371	89.734	98.973
398.419	184.879	89.178	99.008
413.917	182.622	88.576	103.671
430.504	183.037	89.339	98.739
451.335	173.690	86.714	107.697
474.973	175.764	87.347	104.963
498.693	170.944	84.300	106.603
512.395	170.899	91.508	103.533
535.078	167.345	90.235	104.262
555.911	163.694	90.687	108.223
580.377	159.590	91.930	106.262
606.953	155.218	89.532	106.945
629.519	149.207	90.118	111.435
648.203	148.236	92.696	107.706
662.346	146.682	94.965	106.076
676.951	143.318	92.688	104.764
685.440	145.439	88.391	98.993
689.863	142.358	88.056	98.246
689.995	140.942	87.293	92.849
688.640	142.699	85.227	94.874
682.105	145.461	86.892	97.639
673.063	149.821	85.936	96.829
662.920	152.491	86.717	99.978
648.919	154.708	89.290	104.520
634.614	160.380	90.760	104.599
620.253	161.857	90.651	106.248
604.884	167.511	91.306	101.838
592.116	172.581	90.935	103.045
579.133	176.479	92.183	104.977
566.955	182.319	90.371	105.343
554.684	189.747	90.916	104.800
538.135	199.852	92.770	103.254
524.232	209.082	96.262	103.388
513.958	213.224	98.607	109.242
501.946	224.267	92.549	104.807
485.289	233.145	94.006	99.522
468.066	235.499	88.805	92.941
454.857	233.540	86.141	94.665
444.273	227.927	84.538	97.116
439.358	222.254	81.268	95.630
438.433	220.639	79.273	93.925
439.010	218.256	77.488	92.035
443.149	213.340	78.414	93.192
449.024	208.138	81.138	93.976
459.907	206.491	81.264	92.428
471.972	206.834	81.107	89.481
484.864	205.936	80.851	88.257
496.305	206.321	79.440	86.437
506.629	206.433	78.512	85.549
516.259	206.320	77.872	85.843
522.444	206.523	78.046	84.279
527.071	203.669	77.428	81.094
532.679	201.927	73.687	80.083
534.985	200.196	71.228	76.577
534.174	201.836	69.678	81.088
532.181	201.264	71.366	81.009
529.054	202.583	67.523	95.751
407.956	117.478	96.879	101.255
419.594	119.272	99.091	102.125
429.833	121.186	100.324	106.051
439.456	121.119	104.599	107.920
452.216	117.447	100.815	108.094
462.742	112.373	98.579	114.087
466.377	115.289	100.570	107.576
471.501	115.030	91.061	93.499
474.785	113.817	91.276	97.277
476.759	109.094	95.619	102.612
475.944	105.327	98.636	106.428
476.539	105.625	98.293	105.244
476.032	104.648	97.370	105.621
475.438	104.106	95.850	104.821
474.894	105.948	96.355	102.809
475.933	104.411	94.983	103.964
478.969	105.713	94.195	102.616
484.387	107.072	96.862	101.603
493.682	107.932	92.172	101.715
500.045	114.115	91.348	96.848
510.519	113.860	92.968	100.914
518.137	117.149	93.974	100.196
529.465	118.411	92.250	98.847
540.644	119.220	88.669	97.470
549.893	121.118	89.561	101.108
420.345	218.559	78.039	94.609
425.494	222.545	77.135	90.078
430.947	222.999	77.093	87.590
436.389	222.986	76.207	87.112
442.368	222.886	75.570	86.320
452.708	222.378	72.623	85.296
458.879	222.052	72.666	83.717
467.831	220.862	70.017	84.480
473.585	219.598	70.817	84.300
477.335	218.946	71.908	83.625
482.239	218.596	70.630	83.483
482.614	218.447	72.085	83.191
483.012	217.790	72.342	83.601
482.066	217.529	71.615	84.786
478.301	219.227	71.321	85.416
468.276	224.199	71.268	83.956
459.723	225.703	71.718	83.402
449.342	227.706	72.941	83.534
439.650	229.236	72.511	83.766
429.901	230.875	72.447	83.895
417.781	234.443	73.215	81.766
410.125	235.986	72.859	81.442
403.004	236.998	72.651	81.554
398.065	238.067	71.696	81.700
392.975	239.987	72.875	81.384
388.816	241.240	74.336	80.639
387.215	240.636	74.063	83.019
386.612	241.361	74.299	82.648
388.126	242.764	74.208	81.806
390.388	242.539	76.357	82.206
397.752	244.704	76.376	83.102
403.989	246.864	76.331	81.988
411.413	250.228	76.894	83.392
420.678	253.833	75.958	85.120
429.222	259.092	75.995	86.638
439.880	270.193	75.930	91.862
445.755	280.513	75.411	93.167
449.862	289.081	74.808	92.538
451.754	297.228	72.649	90.393
451.779	303.237	72.610	89.367
450.860	310.467	71.965	87.985
449.481	313.966	70.664	85.904
446.646	317.917	70.647	85.245
442.396	321.902	69.310	83.259
437.636	322.635	68.697	84.105
428.339	327.574	70.325	82.676
423.099	329.733	70.063	83.229
418.113	334.071	71.319	81.771
414.322	336.147	70.473	82.562
410.534	338.334	71.890	82.322
410.410	341.039	69.873	80.008
411.807	342.413	68.532	81.276
414.392	345.544	69.739	80.320
417.474	347.686	71.163	79.672
420.763	350.830	73.449	77.622
426.304	354.925	72.936	77.111
430.787	358.233	72.293	75.793
434.877	359.642	71.130	76.120
436.945	362.717	71.101	74.877
438.351	364.521	70.753	73.129
438.667	365.495	69.442	71.947
436.917	364.900	69.871	71.898
432.803	364.998	70.407	71.424
427.820	365.642	70.912	71.815
421.537	367.579	71.545	72.983
414.656	369.769	68.935	75.503
408.288	373.253	67.825	74.933
401.796	376.889	67.838	74.457
395.000	380.374	68.348	71.894
388.599	382.627	66.797	71.321
381.901	384.576	64.436	71.550
378.186	384.766	63.230	70.420
375.386	383.280	61.964	70.423
373.337	381.298	61.430	69.276
372.292	379.713	60.042	67.114
371.517	378.039	58.561	66.972
370.542	377.658	58.305	65.161
369.867	378.426	57.834	63.434
370.685	378.392	56.574	62.091
372.196	377.836	56.093	60.141
375.027	375.543	54.956	61.613
377.649	374.279	53.801	63.653
381.050	371.412	53.308	66.663
385.301	368.695	48.688	68.383
386.871	369.105	52.699	66.348
383.283	283.057	85.251	78.602
376.987	277.227	86.322	84.005
373.015	273.652	86.010	88.130
370.936	274.596	83.925	85.253
369.899	268.735	82.728	90.096
370.131	264.793	82.709	88.609
370.773	260.091	81.535	92.056
373.098	258.588	79.856	89.306
370.355	254.873	80.379	85.928
372.097	249.855	84.029	89.705
397.798	242.499	85.807	97.077
393.728	238.552	84.850	88.473
399.375	233.522	84.758	90.989
402.816	228.805	87.285	92.404
408.216	225.855	86.239	94.842
412.540	222.999	84.249	94.086
415.598	221.323	83.265	93.282
419.088	220.059	82.490	92.106
422.435	217.981	82.111	92.152
425.839	216.933	82.199	90.850
434.057	215.648	80.115	95.041
440.372	214.572	79.765	94.996
446.145	214.220	80.162	93.901
451.631	213.523	81.099	91.404
456.807	212.914	80.848	93.084
457.784	214.152	83.066	84.149
461.128	212.882	82.702	87.703
463.795	214.431	81.500	84.343
462.454	216.238	79.882	89.084
458.182	219.581	77.852	93.111
449.829	223.763	79.966	90.882
439.474	227.421	82.124	88.135
429.161	231.377	85.224	87.415
418.372	234.971	87.557	89.937
409.621	238.245	87.376	90.401
398.340	241.800	86.122	93.869
384.958	247.258	88.502	98.649
368.924	252.812	91.155	94.371
352.336	257.054	95.147	88.385
335.834	261.288	96.058	86.549
316.800	261.182	97.299	89.904
299.874	265.161	99.961	89.015
284.857	267.798	99.470	88.737
272.831	271.209	96.437	89.094
256.964	273.099	99.845	89.498
243.905	276.233	98.918	89.619
231.918	279.408	99.086	90.348
218.571	282.509	101.515	91.179
215.927	284.653	93.828	89.755
204.646	286.945	96.779	89.332
197.812	287.981	96.235	88.840
192.179	289.123	94.621	87.169
187.911	289.100	93.835	86.767
178.785	289.699	97.464	85.874
184.045	290.220	90.603	85.656
189.689	290.908	86.452	85.561
191.777	291.263	86.468	90.539
196.186	293.174	99.027	89.422
203.324	291.627	92.287	89.222
211.730	287.832	91.589	89.753
221.228	287.412	92.436	93.425
232.864	287.650	92.981	92.885
243.461	286.736	94.946	91.754
255.833	285.583	96.373	88.662
273.519	284.362	90.654	87.248
286.363	283.963	88.826	85.242
297.945	282.376	89.125	82.774
305.833	281.917	90.707	80.997
317.837	279.024	90.906	88.154
324.591	279.649	92.263	88.259
332.326	279.267	89.839	84.208
336.197	279.303	91.857	82.329
344.108	278.259	88.651	83.490
347.777	279.032	90.162	83.287
351.271	280.140	91.061	82.425
355.361	282.087	89.642	81.815
355.889	283.872	89.079	81.933
357.099	285.941	86.595	81.126
354.219	286.346	86.269	82.932
349.130	287.403	87.383	81.908
348.144	288.234	84.883	82.560
341.081	287.889	87.274	81.676
335.403	287.597	89.195	79.884
333.260	285.739	86.978	80.490
327.226	284.006	88.011	81.241
321.412	282.043	90.412	79.471
326.166	279.293	83.504	80.296
322.202	278.718	82.829	76.983
319.548	277.339	83.213	77.952
311.313	274.700	87.052	79.876
304.983	272.154	87.865	82.148
299.381	271.056	87.741	82.960
293.736	269.939	86.450	85.411
289.867	269.823	84.739	86.295
285.694	270.315	83.780	87.174
281.320	270.454	83.154	87.525
280.444	271.123	82.206	86.579
280.469	271.780	81.734	86.797
281.356	272.012	79.803	86.995
283.840	272.236	80.071	86.590
288.191	273.198	80.536	85.397
293.069	272.669	81.927	85.327
302.081	272.368	79.860	84.983
307.232	272.857	82.239	85.921
316.195	273.120	82.050	90.270
325.456	274.354	83.993	90.671
337.343	275.758	86.315	89.386
353.219	275.787	88.327	87.209
369.368	272.561	88.281	83.007
382.658	266.332	90.049	84.513
504.560	305.933	77.181	72.674
502.148	307.888	69.462	63.892
499.937	308.234	69.030	68.486
445.148	242.637	87.914	91.895
454.451	230.703	90.362	99.078
466.539	222.437	91.935	104.618
481.132	213.582	89.834	103.726
491.934	208.245	92.215	101.722
501.691	200.523	95.476	102.505
516.721	197.044	94.849	103.050
463.080	268.014	70.917	73.046
466.288	262.072	67.652	67.258
469.478	254.838	66.211	74.150
472.177	247.556	67.204	78.505
476.660	239.442	66.903	86.354
481.628	231.878	69.067	89.269
497.697	221.680	69.159	83.704
503.038	217.625	70.299	79.837
512.395	215.699	69.640	80.202
517.790	214.203	71.118	79.736
527.098	212.398	69.518	79.620
532.870	211.588	70.719	81.770
537.729	211.656	70.540	83.486
541.044	211.560	70.332	83.535
542.243	212.397	70.115	83.412
542.523	212.252	69.848	82.629
541.272	212.411	70.049	81.633
539.929	211.683	68.673	82.404
535.936	211.671	70.453	82.232
533.187	211.467	69.886	83.306
529.317	211.498	71.062	83.138
526.118	211.646	70.764	83.317
524.951	211.897	70.201	82.040
524.373	211.411	70.540	80.427
525.692	211.304	71.064	80.211
528.266	210.650	71.374	80.421
533.657	209.683	72.107	80.219
538.703	209.297	73.280	80.586
548.036	207.447	71.137	81.393
554.799	205.640	71.468	81.048
558.690	203.274	72.097	81.208
561.619	201.227	72.270	80.992
563.078	199.607	71.661	82.642
563.211	199.207	72.189	82.733
562.946	197.946	71.535	83.006
562.716	196.925	70.045	84.395
563.039	196.526	70.655	84.878
562.247	196.824	70.306	85.324
561.700	196.788	70.759	86.473
562.005	196.937	70.172	88.036
561.897	196.838	70.825	87.271
561.405	197.008	70.931	87.462
560.015	197.935	70.829	86.401
558.515	199.856	70.467	85.506
556.010	202.405	70.759	85.922
554.024	205.140	69.943	86.527
547.954	208.459	70.370	85.876
541.344	209.955	71.552	87.123
532.418	212.189	71.014	86.177
523.997	214.213	71.894	86.471
515.658	217.261	73.601	86.880
501.001	222.992	75.359	84.925
489.307	224.807	75.621	84.908
475.693	226.986	76.631	84.191
462.411	228.397	76.851	84.648
447.867	230.308	78.000	83.567
431.862	231.129	76.791	83.055
419.805	232.131	75.818	83.234
408.312	232.189	76.789	83.952
398.561	231.819	76.780	84.104
391.242	231.221	76.765	84.548
382.910	230.593	75.532	83.652
377.953	230.965	75.318	82.407
374.117	230.311	74.636	82.558
370.488	229.732	74.747	82.507
368.546	229.605	75.415	81.883
367.153	227.541	75.662	83.643
368.018	225.778	74.804	83.468
369.135	224.999	75.967	83.063
371.906	222.969	76.521	84.771
374.656	221.245	77.697	85.716
378.174	220.194	78.590	85.865
380.396	219.631	78.978	85.901
382.504	218.611	79.553	86.243
383.975	216.606	79.039	86.944
385.258	214.875	78.170	88.239
384.990	213.789	78.435	88.259
383.448	213.847	77.925	87.292
381.477	214.272	77.131	86.323
378.805	214.984	76.437	85.471
375.872	216.165	75.751	84.624
372.300	217.212	75.072	84.798
368.970	218.799	75.245	84.094
366.701	219.462	76.355	84.161
366.149	219.002	76.660	83.872
366.134	218.261	77.611	84.439
368.547	218.129	78.837	84.301
371.324	216.296	80.014	85.708
375.953	214.897	80.683	86.198
381.321	214.164	81.265	85.624
387.650	212.572	80.797	87.082
395.827	211.306	80.572	87.603
403.084	210.160	80.366	87.872
409.070	209.579	81.484	87.851
417.186	208.768	80.287	87.627
423.638	207.973	81.172	87.126
436.239	206.250	78.063	88.200
446.889	204.875	75.932	87.374
454.369	202.532	76.865	87.218
461.740	199.620	77.072	88.211
467.352	197.221	78.868	88.420
474.755	193.571	79.351	89.027
478.291	191.564	81.949	88.637
482.731	188.824	82.439	90.229
486.460	186.401	83.750	90.977
490.087	183.786	84.791	92.274
493.481	181.575	85.054	92.983
496.651	180.370	86.209	92.565
498.448	178.994	86.866	91.589
499.877	178.388	87.325	91.100
502.285	177.388	85.814	91.159
503.466	177.257	86.266	90.426
504.466	176.653	85.799	91.211
504.533	176.278	85.930	91.525
504.801	175.883	85.719	93.092
504.724	176.089	85.542	93.592
502.074	176.602	86.280	93.395
499.913	176.790	85.110	94.225
496.686	177.460	84.136	94.299
492.514	178.198	83.998	93.350
487.152	179.490	84.506	92.801
479.999	180.350	84.345	93.067
473.746	182.092	83.589	93.292
466.266	184.039	84.156	92.839
458.053	185.164	84.439	93.584
449.423	186.142	85.144	93.553
442.081	186.671	84.159	93.822
434.788	187.394	82.035	91.604
429.398	188.376	79.961	88.798
426.411	189.259	77.342	85.910
423.475	188.989	77.035	83.987
421.950	188.316	76.046	84.237
420.145	188.407	76.676	83.441
420.172	187.159	77.125	84.967
421.336	186.232	78.584	85.980
424.611	184.845	79.700	87.293
428.973	183.939	81.118	87.825
435.095	182.407	81.803	89.008
442.016	181.016	80.842	90.649
448.650	180.365	81.123	90.927
455.978	179.113	81.240	91.079
463.727	177.737	81.601	92.003
475.145	177.155	82.258	93.260
486.041	176.854	81.919	94.666
497.646	175.235	82.833	96.562
509.714	173.979	82.789	96.835
522.342	172.140	81.871	96.495
535.388	170.315	81.621	95.776
546.691	170.327	81.574	92.720
557.090	170.756	81.300	91.740
565.755	171.563	81.323	90.439
574.647	171.669	81.146	90.211
582.359	173.159	81.328	91.131
587.180	174.550	82.529	89.821
593.987	172.800	81.610	90.220
598.523	170.867	82.746	91.108
603.152	169.701	84.071	92.563
607.253	166.772	86.054	94.344
610.681	164.133	84.543	93.636
612.418	160.195	83.462	94.953
614.439	157.057	84.285	95.733
615.569	153.821	85.732	96.311
619.197	151.240	86.131	94.782
624.713	147.125	86.463	97.213
631.473	144.478	85.873	98.135
639.128	143.078	85.591	97.642
646.962	141.918	83.078	96.838
654.979	139.546	82.651	96.915
660.665	137.870	83.093	96.199
665.342	137.006	83.654	94.968
669.199	136.231	84.661	94.492
670.883	134.931	85.885	95.185
671.770	135.667	86.305	95.313
671.855	136.277	86.393	95.599
669.551	137.792	87.163	95.850
667.285	138.976	85.391	97.227
662.394	140.871	86.310	96.508
656.551	142.783	86.609	95.560
651.835	144.030	86.684	95.414
648.609	144.421	85.811	95.477
644.990	145.112	86.023	94.281
640.723	145.439	88.047	93.882
638.881	144.978	88.142	92.161
637.663	144.912	88.575	91.613
637.451	144.633	88.533	91.266
637.716	144.586	88.526	91.555
638.049	144.821	89.235	91.018
639.124	144.615	89.568	90.680
641.675	143.618	90.542	92.753
645.364	143.535	91.853	93.365
651.378	143.218	91.854	94.034
657.857	143.654	92.649	94.286
666.230	145.056	92.287	93.775
671.370	145.463	90.812	93.571
673.511	146.325	90.331	92.397
674.357	146.223	90.605	92.051
672.284	146.585	91.417	92.309
666.408	148.274	89.899	93.285
657.620	150.645	90.756	93.044
647.102	152.876	91.374	94.681
634.154	156.415	93.259	94.045
620.801	159.812	92.201	95.239
602.306	164.763	94.698	96.118
587.420	171.075	93.312	95.280
571.671	174.324	92.785	94.596
556.635	177.031	92.543	93.925
544.418	177.831	92.210	95.410
525.484	178.381	91.409	92.565
517.179	178.048	90.742	92.858
511.874	177.971	88.617	92.316
506.898	178.709	88.774	90.365
503.489	178.242	87.810	90.521
499.876	178.373	88.569	89.314
498.441	178.552	89.037	89.518
496.293	179.850	91.670	89.019
493.270	182.650	95.924	85.694
491.902	186.406	96.807	85.185
490.971	190.062	97.951	87.203
489.773	196.263	98.595	86.986
487.042	203.241	96.742	84.998
483.247	212.143	96.661	85.609
479.208	221.286	93.018	86.575
474.354	237.505	91.214	81.622
470.467	248.745	88.400	78.849
465.050	256.053	88.125	76.500
457.557	263.532	92.858	72.863
452.788	266.326	91.445	73.357
446.657	269.434	92.542	72.877
441.641	271.554	94.469	72.277
438.847	273.258	94.581	73.629
434.367	274.708	94.797	72.203
429.676	275.610	93.841	71.513
423.324	275.636	96.844	72.010
417.885	273.811	96.796	73.132
417.113	271.339	96.451	73.922
415.911	266.181	94.887	78.011
416.930	260.563	94.890	79.187
420.385	252.875	94.730	82.188
424.756	244.572	91.845	87.340
430.914	236.506	93.599	91.198
437.508	229.446	96.499	91.090
443.654	219.839	101.126	93.489
453.841	211.610	102.766	92.076
466.299	200.418	100.571	94.534
478.892	190.139	101.029	96.476
488.582	181.309	99.651	94.436
499.924	173.790	101.023	93.968
517.011	165.684	96.612	95.028
529.500	162.850	99.736	93.398
540.882	156.564	101.272	98.378
552.079	153.813	100.981	102.092
563.131	154.258	99.040	101.495
574.399	154.912	100.197	97.789
583.100	150.166	98.963	99.585
592.683	147.757	100.253	101.244
604.255	149.555	100.469	98.046
616.329	147.021	100.903	100.657
630.926	146.446	100.712	101.685
641.061	146.021	99.545	101.152
652.016	144.387	96.308	105.810
659.731	145.434	97.057	103.656
666.078	145.205	96.254	103.651
670.996	146.161	96.729	102.069
672.342	146.335	97.233	98.901
673.817	146.500	95.269	97.572
674.354	147.380	93.162	94.833
675.054	147.527	90.744	95.020
671.741	147.736	91.140	93.923
668.150	147.411	92.453	93.684
665.348	146.671	92.948	94.242
663.631	146.438	92.377	94.348
662.903	145.463	92.128	94.085
662.463	144.768	92.135	94.953
662.208	143.823	92.920	96.089
662.873	142.852	93.830	97.795
663.466	142.306	94.281	98.502
664.155	142.728	94.415	97.425
664.287	142.760	94.740	97.404
665.090	142.154	94.380	98.589
664.345	142.066	96.126	98.595
664.233	142.069	94.710	99.515
663.181	142.938	96.212	99.568
662.010	144.033	95.391	98.605
659.526	145.805	94.599	100.083
654.421	147.256	96.281	99.793
649.159	148.886	95.796	102.171
643.906	151.921	95.513	102.557
638.380	153.626	95.588	104.416
629.900	159.009	97.432	98.283
622.273	161.439	94.370	95.081
613.250	166.509	94.460	94.908
605.815	169.664	92.129	98.630
596.146	175.688	88.290	97.303
587.564	181.326	87.216	97.214
578.342	187.330	86.616	93.846
571.838	191.272	85.223	91.010
568.541	194.607	81.272	89.096
565.875	196.161	77.988	87.143
564.069	195.883	75.495	86.235
563.301	193.115	74.387	88.181
562.988	190.548	74.292	89.985
562.704	189.251	73.748	88.609
561.736	188.305	74.144	87.640
560.200	189.305	73.462	85.440
559.068	191.688	71.914	83.897
557.979	194.380	69.857	83.419
556.067	195.953	69.030	82.009
554.585	196.411	67.154	80.265
550.661	195.142	66.876	79.031
545.315	194.571	70.642	77.654
546.646	192.697	67.829	78.114
548.956	192.177	66.237	78.507
552.586	190.815	67.441	79.083
546.859	194.305	69.878	78.391
546.863	193.459	73.884	73.251
529.724	171.359	94.249	94.654
507.100	130.109	102.794	107.498
512.822	128.297	102.589	106.826
524.956	126.364	98.891	105.666
530.709	122.709	97.319	104.725
537.802	124.275	96.299	100.474
542.834	123.511	97.441	98.784
549.685	122.303	97.662	97.907
558.571	120.168	96.157	99.117
563.847	121.472	96.587	94.457
551.348	199.385	66.489	99.297
549.756	203.142	66.818	95.614
545.165	202.813	67.611	80.944
538.932	207.500	63.164	73.907
531.527	206.669	67.100	82.311
522.253	207.880	68.281	84.777
513.109	211.892	67.771	85.198
502.441	215.737	68.334	83.757
481.400	219.498	69.903	84.333
470.514	221.909	67.887	86.304
457.049	224.368	69.407	85.186
446.858	227.068	67.729	83.704
436.370	229.208	69.007	83.014
427.567	230.362	67.154	80.213
418.305	232.195	67.357	81.499
411.662	234.097	67.788	81.188
405.513	235.985	67.846	79.618
400.938	236.680	67.974	79.971
397.676	236.781	68.002	79.940
395.886	234.579	67.456	83.403
395.981	232.973	67.293	85.639
399.096	232.980	67.169	84.849
403.197	232.158	68.749	86.963
407.155	230.719	73.114	85.992
413.675	228.474	73.947	87.623
420.465	225.958	73.807	84.931
424.818	223.145	74.810	81.235
429.052	220.499	74.036	80.766
431.522	220.150	74.839	78.921
432.569	219.484	74.352	79.720
432.566	218.999	73.551	79.320
430.694	218.243	74.247	80.875
428.670	218.417	74.592	81.563
425.445	218.290	74.771	84.737
421.393	219.504	75.803	85.936
417.355	220.698	75.939	86.754
412.726	221.941	76.696	85.892
409.838	223.453	75.697	86.943
408.180	227.089	74.657	90.661
410.397	234.084	75.109	97.682
415.142	252.873	75.924	92.634
423.254	269.430	74.248	91.964
433.280	283.938	73.968	92.763
442.658	299.383	76.055	89.873
449.896	307.741	78.183	88.316
456.290	312.120	76.253	89.317
460.156	316.481	75.875	89.194
461.804	318.969	75.409	89.377
459.069	322.893	73.764	90.850
453.662	328.377	74.115	89.032
447.525	333.340	75.251	86.945
442.839	335.465	74.267	86.474
439.181	337.964	73.463	86.937
436.512	343.759	72.603	88.258
435.826	348.251	70.838	87.801
435.021	351.927	72.073	87.528
435.333	353.226	72.320	85.627
436.319	353.462	71.256	83.134
436.889	351.245	70.251	83.588
438.183	349.644	71.190	83.133
440.547	348.181	72.180	82.774
443.410	347.628	72.831	83.068
446.016	347.074	73.322	84.348
449.816	348.521	73.889	82.682
451.739	347.894	74.126	84.842
452.792	347.953	74.673	83.535
454.175	347.333	73.907	83.483
454.596	346.569	72.884	83.241
454.826	345.615	71.675	82.939
453.946	344.640	70.945	83.134
452.643	343.588	69.451	83.268
450.342	344.406	69.623	81.169
446.865	343.286	71.237	80.677
442.093	342.711	72.472	81.313
437.065	342.858	74.276	80.023
431.596	343.613	75.650	79.964
428.206	343.773	76.137	80.316
423.562	344.997	76.460	80.491
418.803	345.437	75.559	82.417
413.300	346.141	75.873	82.076
407.714	347.059	74.936	81.714
401.275	347.530	74.891	80.594
394.962	345.195	74.456	81.835
388.393	340.647	74.185	83.081
383.543	337.638	75.582	82.768
379.708	335.016	73.494	85.053
377.818	333.358	69.817	82.454
375.005	331.625	68.981	81.548
373.129	331.121	68.053	80.762
372.706	329.468	68.162	81.919
373.416	327.610	69.899	82.761
379.260	324.380	69.883	83.339
387.624	319.502	68.939	85.072
391.624	317.271	69.892	83.502
391.840	314.874	69.642	84.351
389.398	313.703	69.693	82.230
385.577	311.391	70.777	82.449
385.480	308.338	68.978	84.501
385.744	306.934	71.140	83.561
387.620	305.891	71.396	84.173
388.411	305.424	71.368	83.946
389.596	304.875	69.955	84.217
389.465	304.596	69.079	85.923
386.184	307.706	68.175	87.082
376.185	310.682	72.603	87.427
365.693	312.595	75.304	88.585
357.625	315.411	76.670	86.468
350.323	317.588	77.288	85.354
340.219	320.546	76.593	89.981
329.585	324.850	77.427	91.587
319.269	328.652	77.812	94.090
309.786	333.438	78.969	90.234
302.166	337.768	79.173	88.711
294.941	340.822	79.524	88.411
289.793	343.907	77.562	88.518
286.017	346.321	76.815	88.300
281.008	347.796	78.053	88.424
275.632	350.083	78.266	87.067
271.192	351.960	77.130	85.333
269.129	352.425	78.455	84.568
266.010	353.038	78.425	84.959
262.294	353.441	79.031	85.208
259.511	354.585	79.319	85.252
257.967	354.814	78.782	84.637
256.761	353.894	79.108	84.355
256.466	352.135	78.352	83.979
255.339	349.213	77.679	83.185
252.334	346.494	77.783	83.616
250.738	343.059	76.881	84.779
249.375	338.812	77.126	84.407
249.030	335.638	76.965	87.206
249.155	333.438	76.724	87.097
249.236	331.572	77.354	87.316
249.700	330.330	77.663	86.298
248.845	329.079	77.834	86.407
248.052	328.434	78.029	84.252
248.924	327.537	75.078	82.556
248.847	324.398	72.265	84.957
248.014	322.155	71.667	81.869
249.079	319.703	70.477	82.751
249.469	318.399	70.985	81.573
250.637	315.398	70.530	82.521
251.245	312.158	70.971	82.831
251.166	306.307	72.144	85.932
251.673	295.553	73.294	87.418
252.379	284.987	73.829	87.643
254.714	274.539	73.653	89.614
256.213	257.388	74.914	94.208
259.171	242.538	75.464	91.813
268.939	235.667	76.264	85.128
284.498	233.787	76.888	87.653
301.736	231.295	77.039	87.568
316.670	228.817	78.043	85.963
332.534	228.489	77.178	84.221
360.216	228.487	79.592	85.853
374.394	228.904	79.163	85.728
387.283	228.578	75.495	86.715
392.316	226.543	79.262	85.783
399.842	224.876	76.342	86.464
404.547	220.128	77.051	85.067
406.757	216.875	76.570	85.084
408.460	213.751	76.856	84.352
410.810	213.305	77.870	83.190
414.455	216.524	80.267	82.912
419.404	217.883	82.778	93.319
419.790	218.786	83.771	93.759
419.924	222.144	84.940	92.240
422.250	222.746	91.456	92.975
424.465	221.507	99.392	95.281
430.344	220.557	96.305	97.620
436.477	222.123	94.964	95.271
442.013	221.979	92.800	96.207
445.803	223.520	94.000	94.390
447.193	223.951	94.179	96.067
449.646	225.379	91.499	92.488
454.049	223.211	87.285	91.391
451.576	221.578	86.928	87.898
445.865	218.865	87.356	85.962
441.828	217.513	87.648	86.107
438.195	213.849	84.357	86.470
433.186	217.157	84.247	82.544
429.662	221.401	80.672	79.229
426.742	220.675	79.889	79.309
424.800	222.610	78.997	78.383
424.575	218.293	78.960	82.434
424.581	219.095	80.332	82.162
427.120	218.453	81.369	83.265
431.122	217.943	80.371	83.642
434.543	215.168	80.670	83.887
439.697	210.633	81.318	85.938
443.161	208.811	82.503	86.429
448.352	206.683	81.545	84.953
453.544	204.453	80.146	84.763
456.844	202.077	80.922	82.985
460.254	200.780	80.170	82.998
462.454	200.881	78.874	83.379
463.621	200.227	78.956	83.748
463.830	199.726	80.773	84.267
463.343	198.883	81.374	84.689
463.364	198.947	79.893	84.645
462.263	199.883	80.058	84.653
459.943	200.828	79.993	84.444
456.066	204.213	81.487	82.448
451.452	205.347	84.551	82.589
444.718	207.978	83.273	84.804
439.318	208.006	83.038	86.461
434.214	209.289	85.328	85.683
428.413	212.172	83.831	86.872
423.122	212.707	82.887	86.462
414.596	213.524	81.889	84.057
406.745	210.181	82.664	86.725
398.691	210.208	84.045	84.265
389.449	206.575	85.100	86.122
381.337	205.652	86.310	83.704
368.656	206.356	89.351	81.713
362.731	206.545	87.823	82.521
358.777	206.520	88.292	83.587
354.762	207.435	88.106	83.485
351.616	207.883	87.882	83.471
345.281	210.111	88.001	80.955
343.820	208.392	88.711	82.758
342.202	207.667	89.639	83.529
342.285	207.726	90.696	82.346
345.763	206.890	91.993	84.489
355.593	204.893	90.583	86.420
361.816	204.908	95.056	84.576
373.467	204.283	92.817	85.612
388.366	205.074	88.795	85.031
401.156	207.316	87.875	82.557
416.438	209.364	86.843	82.689
429.886	210.390	87.816	81.761
446.737	209.305	86.044	83.449
463.260	206.496	85.886	83.923
479.812	203.745	84.919	82.600
497.884	198.149	82.526	82.485
510.047	192.143	82.556	86.098
522.973	184.835	77.988	92.934
529.988	181.621	80.415	89.941
538.061	177.910	80.408	90.077
546.315	175.569	81.149	89.956
554.358	176.258	79.648	88.901
559.506	175.309	80.062	89.121
561.268	177.468	81.899	87.252
561.768	179.139	84.167	85.771
562.227	179.768	86.815	85.853
562.797	180.728	88.798	83.598
564.344	180.874	88.073	82.563
566.879	179.475	87.747	85.937
569.105	178.836	87.574	87.496
571.661	179.260	88.707	88.939
575.540	176.891	85.092	94.911
577.896	177.210	85.399	93.544
579.805	177.340	85.888	95.120
580.704	177.810	86.792	93.262
582.771	178.398	85.924	92.356
584.074	179.512	85.664	90.668
584.551	180.847	85.653	90.058
585.615	181.505	85.404	90.508
585.947	181.879	84.923	91.200
584.634	182.281	85.270	91.055
583.931	182.282	85.648	90.834
583.300	182.142	85.572	91.034
582.531	182.235	85.693	91.731
581.285	181.883	85.911	92.282
580.662	182.188	86.020	92.174
580.238	182.675	85.356	91.201
579.588	184.074	85.239	90.139
579.512	183.633	83.557	89.990
579.325	183.367	83.444	90.103
578.884	184.101	83.365	88.845
578.304	183.443	83.606	89.319
577.721	182.767	83.522	89.780
576.551	183.050	85.564	89.267
575.241	184.618	85.385	88.643
573.726	186.741	84.150	87.748
572.343	187.867	82.860	88.957
569.414	190.438	83.078	88.699
563.804	191.472	84.925	88.616
557.932	192.863	86.690	87.606
547.399	194.654	90.759	86.862
539.730	199.458	91.479	81.118
532.648	203.146	89.812	80.541
525.880	207.209	87.117	80.241
519.235	212.314	87.244	76.637
511.072	215.619	84.744	75.958
501.963	219.171	82.921	75.112
492.223	221.994	82.741	75.833
482.065	223.327	83.322	76.138
472.273	223.467	84.384	77.991
460.579	222.539	83.144	77.680
452.282	221.503	84.428	77.824
444.660	219.797	84.988	79.726
439.011	217.960	83.948	78.626
433.270	216.213	83.523	79.065
427.914	214.231	82.228	79.966
424.213	214.539	82.543	78.000
421.483	212.077	81.823	80.331
418.802	212.047	82.830	82.428
416.659	212.301	79.013	80.995
412.873	212.049	80.139	79.454
410.090	213.107	79.619	80.333
407.595	213.007	79.953	81.731
405.016	213.213	79.609	82.467
401.883	212.227	78.984	83.637
398.511	213.297	78.639	84.300
395.269	211.570	78.633	85.996
392.929	212.359	80.354	83.274
392.348	212.794	79.163	82.786
386.427	211.153	78.756	84.176
388.503	211.569	80.552	86.374
388.542	212.067	78.380	81.975
388.579	212.172	77.280	84.887
387.753	212.484	77.070	80.936
387.125	212.717	77.740	81.333
386.416	212.970	79.721	82.510
383.902	210.636	81.120	82.208
387.424	209.984	83.044	86.236
388.973	209.437	83.938	87.428
391.705	210.759	83.844	86.804
398.380	209.877	84.194	86.119
402.898	209.280	85.022	85.165
407.207	210.563	88.629	83.544
412.007	209.285	84.652	82.457
415.878	207.233	83.132	81.129
420.751	207.798	82.624	78.705
425.732	207.293	82.310	79.022
430.577	206.797	82.716	79.675
435.975	206.650	82.351	80.469
441.438	206.543	83.098	82.004
447.251	205.762	82.928	82.261
452.974	205.081	82.626	80.778
455.771	202.490	81.859	81.659
457.304	197.817	79.810	82.850
456.757	194.763	79.906	84.910
456.354	191.360	79.267	84.103
455.936	186.205	77.851	82.087
455.810	184.514	80.205	82.000
456.233	183.698	80.386	79.272
458.372	181.504	81.932	80.187
462.099	182.323	83.212	80.007
467.829	181.865	82.710	80.835
473.142	181.677	84.274	82.404
478.722	180.564	83.612	80.943
485.090	179.992	84.469	83.324
491.605	178.722	84.505	81.973
501.254	178.987	84.071	82.715
507.934	177.348	85.151	84.037
516.852	178.202	84.168	81.522
524.250	177.846	83.624	79.181
531.261	175.398	81.501	81.211
536.051	174.919	83.634	81.862
540.512	175.394	82.540	82.144
543.201	174.873	81.548	82.360
460.917	242.029	71.836	81.262
460.452	246.967	65.410	73.274
462.213	245.683	65.176	75.449
464.602	245.824	65.138	74.969
467.822	247.062	63.831	70.716
470.674	247.221	66.022	71.933
474.060	249.351	66.435	69.778
478.556	251.936	66.286	66.685
481.701	250.877	66.175	68.895
484.137	250.545	64.830	67.687
484.680	252.561	66.151	65.028
484.050	248.780	66.613	69.454
479.175	245.944	65.332	66.256
474.484	246.063	64.458	67.102
466.404	246.533	64.361	65.821
456.956	246.807	64.297	68.145
445.692	249.187	65.008	67.908
431.248	250.800	64.009	66.346
417.610	250.787	64.242	66.706
405.353	249.733	63.988	68.645
393.259	250.238	64.916	67.437
381.655	249.995	65.367	69.340
369.657	249.966	63.047	70.463
358.676	250.984	64.973	71.946
351.780	250.998	63.514	67.346
344.092	250.028	64.619	69.239
337.008	248.670	65.075	70.429
330.067	248.349	64.361	71.572
325.196	248.956	64.220	72.146
319.811	250.770	63.693	70.893
312.896	251.818	64.695	70.783
305.284	252.150	65.292	71.502
293.587	255.995	66.014	68.815
282.604	255.962	67.565	72.841
272.458	260.648	69.340	73.778
266.881	265.593	67.698	76.688
263.142	272.131	64.972	80.335
257.302	280.970	65.297	82.876
253.706	286.792	64.768	81.478
249.222	291.426	65.024	78.724
245.539	293.653	66.112	75.036
244.069	294.506	64.666	74.179
239.138	294.037	67.372	74.345
232.587	292.505	68.288	74.578
227.177	291.681	67.588	74.584
219.915	291.383	68.378	75.355
213.842	290.691	68.458	74.938
208.219	290.081	68.816	74.042
206.593	287.761	67.204	73.675
204.654	284.932	67.677	75.968
204.532	279.462	67.331	79.980
204.224	275.358	70.268	82.163
206.846	267.814	70.360	80.532
210.112	258.543	69.867	82.758
212.936	251.442	70.803	83.068
214.647	245.992	76.362	81.596
219.826	243.532	74.784	80.739
223.550	240.081	74.180	78.918
225.618	239.423	72.282	77.235
227.292	240.171	70.776	74.977
227.698	240.993	69.798	74.232
222.796	240.642	72.751	75.085
215.179	242.553	75.068	73.199
207.632	242.744	74.943	75.055
198.513	243.441	76.168	73.833
188.342	242.394	76.914	75.998
176.909	241.634	77.838	75.869
163.224	242.527	80.076	75.320
154.230	242.979	78.007	76.419
145.558	241.962	77.429	78.143
138.874	242.326	76.336	79.568
132.723	242.528	76.117	78.662
127.481	244.518	76.611	76.937
124.699	243.020	75.630	78.458
121.508	242.512	76.214	77.286
120.101	241.546	75.735	77.678
117.407	241.545	76.428	76.628
115.932	241.798	75.568	74.905
112.003	238.956	76.275	77.325
109.422	238.787	75.620	76.587
105.850	238.002	76.407	77.125
102.832	236.816	77.230	77.955
101.831	237.504	76.267	77.368
101.489	237.703	76.575	78.398
102.014	238.228	79.447	77.908
103.909	237.261	82.337	79.060
109.626	233.612	81.950	82.808
118.708	233.115	81.475	84.621
125.180	232.756	82.282	87.337
132.155	230.459	84.240	89.327
145.075	227.966	80.857	90.566
152.880	224.475	84.296	90.102
163.201	219.537	86.025	91.538
175.269	219.397	86.265	91.521
187.064	215.827	87.662	91.017
199.951	213.513	89.999	90.418
210.494	209.483	93.102	90.234
227.819	202.731	79.619	96.716
241.805	200.421	86.126	91.767
254.043	198.056	84.205	95.299
266.077	194.866	85.017	96.468
277.431	192.611	86.633	97.528
289.829	190.824	87.027	96.591
302.558	188.461	85.809	97.438
314.558	186.057	86.196	97.100
327.140	182.012	85.201	97.316
339.866	180.183	85.892	97.586
351.811	175.847	84.652	99.479
360.345	177.162	87.137	98.421
369.483	176.325	86.475	96.272
375.277	173.898	86.726	94.668
566.693	186.461	34.341	89.566
566.433	189.466	71.045	77.048
560.254	191.668	73.180	78.223
553.917	191.314	73.765	80.649
546.406	194.334	73.478	79.312
536.930	198.023	73.584	79.957
528.100	202.629	71.197	76.046
517.261	205.816	70.238	74.635
505.267	210.854	68.172	72.332
492.564	213.714	66.574	68.495
482.467	215.624	66.098	70.150
472.149	220.305	68.297	71.307
400.956	160.568	80.016	85.822
400.775	162.137	87.086	87.235
407.606	164.645	90.288	88.732
419.471	164.422	94.487	83.088
382.107	236.076	76.787	84.095
372.168	236.245	66.724	78.537
364.035	236.688	67.782	80.965
355.824	236.060	69.188	77.879
348.636	237.083	69.793	80.728
345.512	236.632	67.504	78.398
342.577	237.967	68.305	77.840
341.552	237.662	68.465	75.060
340.668	236.387	68.709	75.662
342.399	236.241	68.734	75.566
345.536	235.040	69.679	75.673
350.108	234.826	69.782	77.119
354.563	233.749	70.556	77.447
357.693	233.317	71.848	78.636
361.973	232.721	71.294	77.869
364.918	231.089	70.994	79.444
368.666	231.117	70.443	77.963
370.571	229.684	70.265	78.754
372.138	228.109	69.596	78.695
372.960	226.181	68.622	79.474
373.969	223.180	68.177	80.132
380.202	218.348	68.354	80.984
386.957	216.078	68.731	78.146
391.627	215.460	70.075	76.080
392.888	215.157	70.167	74.753
393.770	215.413	69.793	71.707
393.687	214.620	71.267	72.191
395.185	213.692	71.766	73.817
397.893	212.321	71.176	75.695
400.795	212.479	72.369	75.071
403.902	210.870	72.630	75.815
407.069	209.040	72.411	76.519
409.054	208.053	71.998	75.920
410.099	206.910	72.928	75.582
412.597	205.566	73.202	76.613
417.926	204.820	72.983	76.708
427.623	202.172	71.308	77.823
432.170	201.255	73.648	78.135
437.459	200.038	73.702	77.763
441.124	199.579	74.472	75.040
444.598	198.919	74.065	76.158
449.369	197.681	74.045	75.872
454.194	196.572	74.107	76.124
459.787	196.139	73.912	75.633
467.156	194.573	72.765	76.922
473.019	193.520	74.134	78.540
485.700	193.213	72.264	78.387
495.252	192.998	71.387	78.316
503.869	191.880	74.186	77.538
515.248	190.577	73.045	78.122
528.978	187.534	70.702	80.661
543.155	184.522	71.041	81.355
553.687	181.984	70.299	80.284
562.992	178.968	69.806	80.933
569.474	175.617	70.072	81.326
574.959	172.388	70.611	80.637
583.098	168.557	66.904	82.559
585.750	167.541	68.705	81.480
588.941	166.358	70.116	82.255
591.300	164.450	72.064	83.532
593.258	163.309	72.823	83.977
595.064	162.631	72.862	83.758
596.765	161.803	72.958	83.048
597.556	160.730	73.427	83.980
598.400	159.878	73.244	83.849
599.019	159.712	73.824	82.969
599.248	159.323	74.355	82.889
599.437	159.653	74.002	82.356
598.813	159.867	74.104	81.365
597.536	159.219	73.053	82.116
594.815	158.964	72.635	82.524
589.498	159.573	72.504	83.129
582.377	160.757	74.556	83.091
574.667	163.094	76.419	83.834
565.598	164.505	78.060	83.797
555.802	166.220	80.669	83.854
540.592	168.638	80.968	85.563
525.926	172.493	79.532	84.376
510.161	174.207	81.784	84.669
489.362	177.654	84.835	83.492
468.019	183.634	84.251	83.969
433.896	191.576	85.082	83.798
411.798	200.626	85.752	77.058
396.391	209.510	83.764	75.521
382.432	219.528	79.661	73.509
361.025	228.960	86.151	76.860
335.856	250.336	93.680	71.679
321.917	266.362	90.105	66.749
313.085	272.362	89.139	65.543
304.515	279.594	85.296	64.311
296.067	284.632	85.207	64.555
287.940	290.089	83.112	62.321
283.965	291.826	86.776	63.568
281.468	292.623	85.643	64.498
278.114	293.427	87.240	63.343
274.879	292.982	90.212	62.940
270.170	292.199	88.351	63.458
266.044	292.298	86.458	63.382
261.362	292.476	86.962	62.753
254.302	292.596	85.786	62.942
251.427	292.244	85.212	63.290
247.236	289.283	85.201	65.738
245.265	284.140	81.002	67.834
242.611	276.335	76.783	68.833
246.823	265.395	74.783	70.702
253.936	252.562	79.518	73.331
262.205	240.583	79.121	71.679
269.367	229.169	81.146	83.700
278.007	219.872	82.152	87.988
290.506	212.685	82.100	89.393
307.619	209.804	81.143	87.885
330.858	204.735	80.074	87.778
350.632	201.951	77.705	86.451
369.395	201.876	75.293	85.890
386.177	201.887	75.060	86.276
402.848	202.169	74.871	85.526
423.624	199.892	75.922	88.055
442.298	199.523	76.789	88.692
460.766	198.813	75.696	88.067
477.189	199.421	74.675	87.799
491.115	198.031	72.416	87.890
503.700	196.551	71.507	86.992
509.659	195.598	70.784	85.848
512.062	194.754	71.803	83.604
512.851	194.214	71.977	81.606
511.993	194.366	72.703	79.112
508.147	193.894	72.558	79.898
502.746	194.037	73.038	80.941
494.687	194.796	73.440	80.806
487.291	195.806	71.197	81.767
475.868	196.743	73.823	82.087
460.868	197.077	76.038	82.564
449.190	198.988	73.978	83.836
437.540	200.106	72.892	84.307
425.540	201.694	73.312	83.849
414.881	201.816	75.260	85.488
408.758	201.671	74.757	85.851
403.304	202.776	74.311	85.113
400.753	202.183	73.140	87.498
399.191	200.428	71.623	88.096
398.155	199.314	71.866	86.600
400.239	197.743	75.274	88.710
402.112	195.631	77.598	84.898
406.616	193.872	78.513	84.663
412.193	194.039	77.968	84.477
420.590	192.461	76.486	80.936
428.365	192.888	76.776	81.089
433.247	192.435	77.815	84.498
443.059	191.145	73.788	85.108
446.055	191.797	76.645	82.795
453.429	190.783	74.593	81.511
461.931	189.366	72.628	81.812
468.451	189.061	74.142	79.005
475.704	188.528	73.070	81.584
482.451	188.961	76.862	83.638
487.223	195.201	82.455	84.290
493.933	199.477	83.019	85.307
497.777	205.049	85.418	81.851
506.199	212.091	89.502	84.508
510.000	226.516	88.860	79.712
454.046	243.218	70.079	67.374
447.475	246.825	68.524	61.971
442.393	247.873	67.880	63.861
440.484	248.113	65.553	66.350
439.658	248.719	65.122	62.859
440.050	249.520	65.136	63.566
440.989	249.272	65.715	64.333
442.652	249.871	66.159	64.115
443.312	249.828	65.433	64.015
442.643	250.200	65.686	63.565
438.992	251.408	66.472	63.160
431.992	252.697	67.702	63.351
425.606	253.497	66.409	64.179
416.941	255.105	66.018	63.470
407.907	254.337	65.194	66.424
396.953	255.807	65.836	67.761
383.056	255.616	67.338	69.101
369.005	256.620	68.823	69.601
354.659	256.469	71.710	70.293
342.692	257.825	70.638	69.804
332.259	258.050	68.847	71.705
322.373	257.383	67.513	73.972
309.235	256.324	65.843	73.722
297.600	255.755	67.694	71.595
290.595	257.195	67.922	70.447
290.764	256.532	66.219	70.127
291.420	256.051	65.349	71.941
292.305	256.543	65.452	70.849
294.099	255.990	63.974	71.073
297.161	256.311	62.882	70.331
300.308	255.261	64.383	75.600
305.043	256.122	64.785	74.300
310.936	254.911	65.206	80.120
316.909	255.314	64.784	79.907
324.259	256.425	64.528	78.125
332.758	255.911	63.118	77.223
340.696	256.258	63.359	78.116
349.935	255.399	63.534	76.993
356.350	256.287	64.029	78.882
361.421	255.264	63.704	78.061
365.312	256.025	64.418	78.479
368.243	257.324	63.133	75.963
370.008	258.238	62.947	74.518
371.306	257.566	62.148	76.458
371.279	258.217	61.909	75.507
369.832	259.336	62.188	77.351
366.067	258.692	61.292	76.848
362.124	260.105	58.400	76.161
356.034	261.255	57.515	77.092
346.787	261.787	58.083	78.365
337.535	263.306	57.885	77.812
326.908	263.815	57.276	79.225
314.398	265.433	58.925	79.817
297.718	266.910	61.937	78.754
278.888	268.740	62.615	79.851
258.545	271.160	64.768	80.454
236.704	270.426	66.768	79.543
211.929	275.069	65.974	80.325
194.415	276.671	66.283	78.504
178.182	278.494	67.533	77.770
166.449	279.409	68.348	76.637
161.374	281.577	65.626	73.620
156.755	280.325	66.010	72.866
156.534	278.886	63.944	73.463
157.717	276.566	65.877	75.043
162.504	274.518	66.614	74.872
171.942	273.763	64.471	73.659
184.216	271.613	64.815	75.063
195.249	269.904	65.507	76.036
209.604	267.423	63.897	78.007
224.270	263.475	63.489	78.499
240.965	258.102	61.896	79.908
258.541	251.020	66.961	78.758
275.143	245.130	65.469	77.902
291.366	240.671	65.214	78.507
306.447	236.754	65.401	81.095
319.706	234.455	66.721	83.265
335.681	231.040	67.126	79.492
345.539	230.609	67.513	79.453
354.322	229.500	67.618	77.561
362.437	223.291	66.389	83.600
367.106	224.696	67.872	79.993
374.600	221.719	66.629	80.904
375.641	223.343	68.996	78.510
378.472	222.268	67.923	80.853
380.164	220.779	67.908	83.753
382.493	220.708	66.601	80.625
384.215	219.943	66.106	80.010
385.122	216.306	65.939	87.204
386.226	220.254	66.449	83.169
384.978	221.657	67.145	81.503
382.314	219.821	66.632	81.922
377.436	220.319	67.678	77.081
375.049	218.775	66.909	77.982
371.463	218.052	67.163	78.053
366.676	215.223	67.178	79.296
361.465	216.565	68.043	73.689
355.273	215.641	69.829	74.704
350.320	217.053	69.802	73.654
344.569	215.381	69.337	75.851
340.321	213.305	68.419	75.379
337.864	211.327	67.721	79.107
334.695	212.448	68.985	78.295
331.874	210.421	68.449	80.432
329.456	210.774	70.224	79.180
327.930	208.305	70.507	82.743
326.645	210.414	71.314	77.592
326.457	208.274	71.521	81.052
326.033	208.015	72.181	79.112
326.344	207.566	71.212	80.949
325.210	208.601	71.190	78.501
323.422	206.140	72.176	81.873
322.202	204.041	70.679	83.636
319.000	198.637	73.386	88.378
316.936	188.952	78.229	89.976
314.330	189.092	78.940	94.328
311.041	188.842	82.500	90.189
310.674	187.416	79.193	95.875
309.232	186.755	79.973	94.865
311.828	187.169	76.999	94.145
318.577	184.766	72.145	91.299
317.453	183.525	73.592	93.881
316.207	181.318	75.404	92.578
314.546	176.797	77.860	96.113
314.448	175.638	80.419	94.905
315.427	172.979	81.778	96.226
319.906	172.652	79.971	94.439
323.315	170.599	77.780	95.530
325.802	173.228	79.514	94.250
328.119	168.135	80.552	97.944
330.903	168.735	81.291	97.332
337.781	168.226	79.706	99.032
342.643	169.421	79.265	96.200
348.033	171.799	77.419	92.579
352.557	171.060	77.135	90.725
357.219	171.589	78.424	87.860
360.879	167.358	80.448	91.209
365.127	166.971	79.804	91.057
371.587	167.294	76.732	89.212
375.814	167.122	77.722	89.880
382.457	167.358	77.955	88.978
390.303	167.349	77.204	87.535
395.062	167.464	78.004	86.559
389.310	164.127	83.236	94.861
464.037	198.233	100.211	106.676
467.882	200.540	102.876	108.809
474.162	203.889	101.571	110.450
480.737	208.604	100.344	109.437
488.347	211.598	100.620	107.951
496.283	211.359	100.352	108.515
503.895	211.383	100.607	106.809
512.332	209.813	99.255	106.966
501.363	200.522	111.048	109.916
523.941	201.770	98.119	108.489
528.487	194.972	99.242	106.288
530.888	190.683	102.359	106.786
534.329	186.664	103.689	111.005
539.410	189.520	103.262	108.765
545.155	195.774	102.528	103.208
490.663	269.909	79.980	101.031
499.968	279.934	71.046	95.654
507.256	278.022	77.359	89.153
511.346	272.886	76.714	86.905
517.147	271.358	74.399	86.057
518.912	268.038	70.610	88.337
518.370	267.679	62.394	89.182
518.028	270.872	60.141	88.228
525.795	276.081	63.870	86.272
526.739	281.139	68.342	87.553
528.343	275.693	68.347	85.136
543.588	233.000	102.204	98.321
552.692	217.329	100.214	100.608
551.976	216.924	100.076	104.182
551.753	216.640	99.346	106.098
552.778	217.000	99.082	106.752
552.095	214.746	100.851	106.055
551.005	214.469	98.783	104.102
550.102	214.143	99.655	101.823
547.238	214.455	100.387	102.516
542.105	218.811	101.591	102.379
536.163	221.741	100.369	101.166
530.046	221.125	97.963	101.995
515.959	219.516	101.864	103.516
508.054	216.636	98.933	104.023
495.509	212.130	101.582	106.301
486.677	206.880	99.257	107.581
476.396	203.332	99.438	106.565
465.370	195.120	98.739	106.921
457.473	192.120	97.200	104.811
449.490	187.025	96.896	107.109
442.803	187.301	96.807	103.822
436.217	189.836	95.042	101.925
430.817	191.335	93.173	102.850
427.012	193.785	92.030	102.999
422.797	195.157	92.851	102.633
419.551	195.332	92.750	101.803
416.347	195.015	92.788	100.955
413.905	195.057	92.850	99.560
410.806	195.453	92.667	100.344
410.415	192.775	91.877	104.411
408.137	192.652	93.850	104.547
405.614	194.173	95.271	104.629
403.588	195.133	95.963	105.721
400.934	199.051	97.935	104.527
399.726	203.179	98.009	104.817
399.342	205.982	96.761	106.193
398.136	206.723	96.471	108.317
394.867	210.388	98.588	106.486
392.259	213.703	98.444	107.339
391.053	216.886	96.233	108.751
388.562	221.231	95.242	111.330
384.893	225.999	95.734	109.435
381.155	230.131	95.075	109.172
376.375	237.332	95.832	106.484
374.474	239.621	96.299	108.354
372.858	241.480	98.410	109.536
374.126	244.328	100.051	108.694
378.893	245.596	101.765	107.903
390.598	246.765	98.684	107.106
397.954	246.729	97.965	106.514
406.214	245.827	96.285	105.892
414.480	243.752	95.138	104.640
422.031	240.749	93.535	103.765
431.168	236.822	91.943	100.415
436.421	234.326	93.112	100.472
444.100	234.592	91.633	99.130
451.145	235.703	90.703	97.180
457.899	237.651	89.087	94.308
463.876	240.872	89.317	103.874
468.612	243.431	87.347	99.862
472.601	246.244	85.826	97.071
475.638	249.008	87.389	95.304
478.594	251.895	88.752	96.266
483.583	252.830	86.898	96.690
484.964	254.674	88.132	95.939
486.825	254.070	86.310	94.596
487.362	251.965	88.224	95.045
488.545	252.199	88.200	96.447
490.013	250.483	86.718	98.224
489.525	250.505	87.367	97.557
489.202	250.752	87.520	96.986
489.922	250.678	87.040	97.538
490.260	251.342	87.147	98.990
490.438	252.475	87.496	98.583
490.288	253.328	86.936	99.416
489.484	254.650	85.300	98.233
484.328	256.474	87.493	98.494
479.539	258.157	88.356	98.518
470.283	259.903	90.273	99.886
461.211	262.175	90.894	102.356
451.131	264.229	92.090	101.165
440.806	266.206	92.140	100.753
428.591	269.806	91.867	99.079
416.324	273.289	91.627	99.114
404.839	276.717	91.747	97.922
393.443	278.163	93.733	96.655
383.850	278.191	93.103	95.155
376.210	278.023	92.818	95.075
369.162	277.059	91.672	94.067
364.571	275.417	88.159	95.490
361.786	272.101	84.273	92.891
357.025	271.713	84.853	91.910
353.218	266.710	84.965	96.451
348.861	263.692	88.190	95.456
348.552	263.699	87.715	92.754
348.049	262.675	89.056	94.456
348.320	262.812	90.410	93.839
350.129	262.425	90.650	92.088
352.906	260.813	90.697	92.161
355.124	259.156	89.719	92.281
357.364	259.719	89.612	91.353
358.742	260.084	88.015	91.310
359.374	260.634	88.250	90.221
359.951	260.188	88.398	90.537
360.533	259.419	87.373	90.990
360.674	258.671	86.883	90.876
360.859	257.554	86.997	90.685
360.313	255.222	87.037	91.320
360.845	251.081	86.350	94.158
361.215	249.458	85.738	93.926
363.297	245.061	88.341	94.815
367.325	241.464	89.926	95.641
377.812	240.696	87.195	94.606
388.871	238.261	88.109	95.139
399.643	236.187	87.384	96.713
410.742	234.010	87.823	96.894
423.369	232.885	88.611	95.508
438.761	227.635	88.183	95.240
456.852	217.946	88.431	95.194
473.783	211.547	89.244	96.643
490.568	202.727	90.543	97.331
506.352	194.586	89.673	97.818
521.572	188.070	88.122	97.586
538.050	180.600	90.970	98.623
549.990	167.899	90.443	102.959
559.504	155.063	90.260	103.492
569.158	141.975	90.174	103.026
579.501	132.633	88.816	99.624
593.544	126.097	87.560	98.439
606.864	122.001	83.141	99.792
612.679	121.751	83.859	94.692
615.905	121.060	84.903	93.730
618.989	119.608	85.064	94.697
620.578	119.677	85.531	93.922
621.603	119.807	84.023	94.592
620.387	123.736	81.787	98.409
618.212	130.504	82.034	98.082
615.811	136.775	82.267	97.806
612.637	142.260	83.115	93.509
610.886	144.951	84.518	91.511
611.218	145.029	84.389	92.183
613.755	144.352	86.779	93.021
620.988	144.628	85.940	94.882
630.077	146.956	86.996	98.722
637.053	151.773	86.734	97.499
641.068	153.598	86.964	95.289
644.511	155.962	86.382	94.279
649.651	155.743	87.482	95.939
660.179	154.852	86.409	97.551
670.245	155.457	85.338	97.069
676.469	155.119	85.808	96.053
677.673	155.672	84.741	96.524
677.531	161.203	83.571	98.143
674.125	170.913	85.446	98.240
669.024	176.676	86.495	106.091
659.255	186.073	89.081	107.482
648.086	196.253	90.406	104.814
640.716	204.464	87.617	100.011
637.775	211.486	83.439	97.411
635.394	217.338	82.393	94.607
633.081	224.101	81.027	94.066
629.004	230.178	81.355	95.777
621.640	236.903	80.076	97.977
606.640	249.920	83.005	95.132
590.920	258.346	85.324	93.344
577.421	263.618	85.494	91.982
565.331	267.813	85.399	89.486
557.516	270.687	81.809	87.514
556.093	267.801	80.720	88.417
556.643	264.269	79.410	90.138
555.911	259.355	79.135	91.400
555.308	255.468	78.968	90.325
555.540	252.974	77.703	89.461
553.473	250.344	77.690	88.553
546.997	246.986	76.886	88.834
535.942	245.442	77.766	88.802
519.775	244.728	80.484	88.319
504.763	241.486	80.512	90.152
491.540	234.435	79.133	90.213
489.525	229.323	76.404	88.942
490.518	227.392	78.196	88.660
500.785	227.591	79.185	87.129
514.879	228.940	81.326	89.267
539.293	232.960	83.355	93.449
560.766	236.667	82.810	92.805
579.572	236.982	80.929	88.562
595.902	232.619	77.719	91.890
609.665	227.161	78.518	92.871
625.720	223.376	78.921	92.691
642.933	220.898	80.471	92.537
659.873	223.277	81.889	94.411
678.871	230.263	82.787	93.058
698.454	234.439	82.979	92.565
720.123	235.447	82.472	93.846
735.392	234.781	79.545	91.611
743.504	236.140	75.709	87.495
741.674	235.625	74.850	86.010
733.304	234.660	75.528	86.582
719.198	236.729	78.195	88.402
702.543	236.980	80.379	89.720
688.478	237.819	79.801	88.980
674.234	238.406	79.208	88.706
659.960	237.770	80.203	88.606
646.839	236.615	79.166	89.215
633.641	235.493	77.413	87.621
621.147	233.965	78.996	87.893
610.440	232.728	79.558	87.318
600.826	231.811	80.682	86.651
593.228	228.718	81.342	86.309
587.718	221.254	79.602	91.733
584.454	216.189	79.043	90.835
579.461	211.328	80.130	89.847
574.376	207.634	81.139	87.823
569.888	205.453	81.433	85.541
565.154	204.215	79.270	84.140
559.449	204.283	79.024	82.530
552.895	203.911	79.721	83.621
545.534	203.424	78.311	82.063
538.585	203.128	75.790	81.315
530.513	204.615	73.676	80.394
522.301	205.280	73.490	79.289
514.240	205.441	73.713	79.667
507.468	205.007	74.652	79.407
500.827	205.276	75.034	79.130
494.050	204.422	75.602	79.723
487.663	204.763	75.409	78.878
480.748	205.630	77.130	77.435
472.264	205.426	79.540	77.920
461.368	205.833	78.542	77.073
450.497	207.794	76.870	77.160
449.692	207.119	69.274	77.802
422.489	199.594	86.298	90.698
344.282	254.044	72.422	102.398
406.034	206.431	59.597	90.950
388.011	209.231	69.993	70.790
372.605	210.886	75.420	72.442
357.376	211.620	76.675	77.729
341.699	213.682	78.312	79.905
324.532	215.649	80.509	79.123
290.621	216.470	79.137	80.811
272.309	218.311	79.977	80.624
253.302	217.584	80.467	81.271
236.935	215.986	80.349	81.747
223.134	213.796	80.109	82.665
205.321	209.827	80.058	81.652
196.569	209.300	75.179	81.029
191.553	207.519	74.103	78.214
187.546	207.150	74.840	76.408
191.721	207.902	74.862	76.628
190.820	209.853	72.246	81.574
189.179	212.118	73.643	80.605
189.790	212.634	76.042	79.352
193.448	207.723	75.391	83.999
198.017	201.493	75.038	86.836
207.313	199.577	73.935	83.226
214.644	199.317	74.862	83.322
222.167	198.587	74.415	83.232
228.733	201.043	74.259	81.581
235.650	204.489	73.213	83.417
242.943	203.553	72.960	82.999
247.522	204.864	73.003	80.594
251.797	204.846	72.953	79.608
256.006	204.892	72.861	81.217
259.873	207.406	72.008	79.523
263.408	209.373	71.079	78.714
265.058	210.088	70.153	77.524
266.296	210.255	69.764	77.481
266.936	210.462	70.459	77.078
268.008	209.942	72.273	77.598
271.452	209.676	70.902	78.095
274.129	208.298	71.456	78.621
276.523	208.676	71.185	78.655
279.062	208.255	72.418	77.589
283.579	207.515	72.447	79.056
289.522	207.208	72.868	77.826
295.924	206.044	72.645	80.365
302.838	205.828	73.824	79.918
311.105	205.140	73.021	78.528
317.826	204.473	74.502	79.512
329.571	205.119	76.776	79.343
341.149	204.732	75.901	81.403
354.148	204.323	74.928	80.223
366.862	204.905	74.807	80.032
378.279	202.238	75.168	82.148
389.547	198.858	76.222	82.530
396.539	194.994	75.083	84.710
402.942	191.946	73.796	82.613
407.920	190.209	74.185	81.633
412.735	189.498	74.046	80.537
418.573	189.531	73.673	80.139
422.515	190.172	74.142	80.012
425.865	192.356	73.705	78.591
429.656	191.790	73.613	78.382
431.326	190.147	75.908	79.184
434.538	188.242	74.650	79.848
436.627	187.204	74.050	80.628
438.313	186.187	74.454	81.152
439.365	186.379	73.226	80.588
441.004	185.672	73.372	80.613
442.053	185.792	73.948	79.743
443.705	185.803	73.875	79.320
445.058	185.423	74.000	79.645
447.079	183.532	72.592	81.652
448.763	182.447	73.494	81.838
449.748	181.853	74.605	82.017
450.750	181.909	74.655	81.701
451.403	180.439	74.151	82.090
451.127	179.661	73.790	82.157
449.177	179.530	74.160	80.779
444.797	178.760	75.886	82.220
440.559	177.163	76.186	83.905
435.165	177.985	77.007	84.035
430.071	178.818	76.684	83.927
423.339	180.559	75.671	83.526
414.780	182.436	75.528	81.472
407.615	183.248	75.423	81.517
398.172	184.353	76.444	80.530
388.194	184.938	77.423	80.243
378.341	185.939	76.452	80.498
365.694	187.200	78.961	81.195
356.907	187.663	76.172	82.058
347.867	187.810	77.444	83.312
340.162	187.231	76.023	84.947
332.971	186.585	76.317	85.535
326.548	185.707	75.161	85.546
322.578	184.141	74.758	84.818
319.326	182.152	76.188	83.974
317.557	179.381	74.959	85.330
316.082	178.174	76.408	85.138
315.199	177.865	76.763	85.319
314.631	177.623	76.628	85.247
315.006	177.406	76.157	85.464
314.856	177.686	77.522	84.668
315.736	177.898	78.217	85.118
317.969	178.612	78.335	85.855
320.494	179.054	79.071	86.092
323.862	179.515	79.538	86.059
326.837	180.364	80.101	85.260
329.237	180.857	81.220	84.368
332.677	180.519	80.145	84.448
334.150	180.771	79.629	84.455
334.843	180.900	78.849	84.269
334.978	181.283	78.608	83.798
333.810	180.984	78.790	84.065
331.714	180.984	78.862	84.803
329.198	181.699	78.439	84.636
326.603	182.497	78.384	82.808
323.221	181.419	78.668	86.327
319.116	180.166	77.614	88.010
312.817	180.465	75.800	88.657
308.662	181.946	73.687	90.204
304.015	183.894	73.959	88.242
299.063	184.774	75.501	88.074
295.365	184.714	75.480	88.151
293.147	184.045	74.335	89.775
291.869	183.945	74.637	90.307
291.891	183.171	75.870	92.149
296.645	182.254	76.381	91.976
305.823	181.814	73.242	91.321
314.506	181.996	72.770	92.539
321.936	183.359	73.345	92.242
329.045	184.308	73.296	93.433
334.630	185.176	73.767	92.939
338.360	184.932	75.326	94.339
339.548	185.909	77.492	92.864
342.046	185.995	77.894	91.140
346.323	183.727	77.728	92.564
351.507	182.376	77.547	91.792
358.645	181.353	76.521	90.334
368.236	181.397	75.023	90.562
377.408	182.361	77.599	90.827
385.043	185.774	82.333	87.451
397.470	188.098	83.115	89.208
408.922	191.401	85.778	87.524
423.144	194.483	86.199	86.807
438.204	198.533	87.105	84.571
457.865	199.147	83.977	85.636
474.160	199.462	84.300	82.149
491.688	198.537	83.783	81.685
507.315	197.761	84.123	79.316
521.867	197.425	84.231	73.693
534.624	197.569	82.821	71.886
541.743	197.504	85.443	75.066
548.072	196.641	87.907	78.314
555.565	195.575	85.138	78.287
558.672	195.042	83.489	78.228
557.667	194.529	85.891	76.442
551.178	196.469	85.037	76.089
541.697	195.609	84.277	76.276
530.833	193.880	81.171	80.134
513.306	187.662	86.688	87.851
496.084	183.933	89.018	90.761
480.893	179.366	87.930	93.283
466.842	176.662	87.275	93.579
452.343	176.553	85.746	90.974
441.082	175.414	81.021	90.466
436.242	174.925	76.155	89.337
433.608	173.995	77.080	89.230
433.892	172.814	75.736	90.823
436.810	171.427	74.821	90.592
442.139	169.242	75.145	91.382
448.271	167.279	75.214	91.430
455.374	165.408	76.081	90.683
463.379	163.019	76.207	90.678
473.788	160.765	75.382	90.823
487.237	158.663	76.281	93.296
501.924	157.140	76.478	95.679
515.613	156.295	78.084	96.317
530.385	154.092	77.055	98.386
543.862	153.984	79.488	99.310
559.508	153.441	79.917	99.263
572.683	154.100	76.538	98.092
579.929	154.405	78.321	96.810
580.545	156.193	79.107	93.564
579.032	158.192	79.089	91.244
569.247	158.078	81.794	96.930
554.154	158.938	85.461	97.555
541.870	159.131	83.997	101.449
524.767	159.773	87.090	101.196
509.690	159.291	87.251	98.937
494.674	156.040	85.936	98.021
480.602	156.352	85.497	91.858
468.424	156.143	83.542	91.089
457.234	157.394	82.275	90.968
446.435	160.211	82.834	91.155
435.632	163.485	81.432	88.058
428.334	166.084	80.963	89.007
422.651	168.187	79.507	88.534
417.913	167.905	78.979	88.944
414.779	168.711	78.227	86.795
412.693	166.780	77.463	86.962
410.994	165.889	78.168	88.066
409.418	164.313	78.978	90.294
407.250	164.640	79.363	88.585
403.665	163.149	79.201	89.599
396.102	165.407	81.083	85.958
386.372	164.882	83.416	86.426
378.220	164.135	83.040	88.609
368.944	164.351	83.181	87.826
360.756	165.321	83.335	89.484
343.650	168.989	83.944	88.803
336.522	170.753	84.234	89.781
329.572	172.462	84.074	88.113
323.717	174.700	82.141	87.753
320.399	176.682	79.326	87.583
316.919	180.540	79.792	89.106
314.983	184.430	78.698	86.015
314.652	184.057	78.061	86.016
313.578	182.906	77.944	87.387
313.327	181.876	78.201	87.634
313.654	179.379	78.233	87.826
316.096	175.857	77.785	88.369
320.536	173.741	78.359	87.875
326.114	172.424	78.583	87.907
331.663	172.514	79.038	87.283
340.269	172.630	76.866	88.015
344.195	173.863	77.458	87.373
346.061	175.013	78.111	86.694
348.415	176.099	77.268	88.680
349.797	177.930	76.962	87.223
351.830	179.528	76.277	87.478
353.441	181.539	76.888	88.325
356.906	187.044	76.296	91.197
360.937	194.782	76.262	91.609
365.201	199.499	77.898	97.920
373.757	211.511	77.128	95.515
382.133	221.460	76.140	95.500
389.744	231.190	77.643	94.184
396.684	238.149	77.646	94.439
402.166	241.756	77.953	94.532
407.039	245.354	77.301	94.929
410.525	246.708	76.728	93.381
410.492	247.781	78.417	93.075
410.538	248.571	78.762	92.057
409.760	248.836	79.516	91.289
409.860	251.188	76.709	94.777
407.949	255.427	77.133	93.938
406.435	258.140	76.679	94.337
404.330	261.247	77.627	93.929
402.737	263.573	76.780	93.377
401.929	265.685	76.091	93.012
401.358	266.302	74.620	92.893
401.268	268.582	74.751	92.555
402.584	269.334	75.097	92.969
405.188	269.575	75.038	91.793
408.988	269.227	75.031	91.458
414.253	267.343	73.903	92.527
420.304	264.648	75.303	94.355
428.994	260.776	75.154	94.157
438.922	255.179	74.529	94.836
449.455	247.777	76.123	95.796
462.800	240.113	77.752	97.406
478.942	233.219	77.088	97.587
494.525	227.551	79.056	98.014
510.095	221.536	81.632	96.689
529.415	214.648	81.391	92.619
545.952	210.160	81.234	92.978
559.845	206.092	81.809	94.796
572.409	201.946	80.140	95.604
580.539	200.384	80.326	92.845
587.983	198.440	79.933	92.057
592.097	197.039	80.201	91.250
594.798	195.420	80.064	90.486
596.058	194.015	80.332	90.171
596.308	193.698	80.973	89.829
596.122	194.607	81.620	89.764
596.183	196.631	82.230	89.549
597.464	198.685	81.359	90.337
597.397	202.451	82.290	89.387
597.090	204.447	83.163	92.578
596.338	207.200	82.186	93.453
593.048	209.368	82.711	93.781
590.416	210.884	79.512	93.441
585.683	212.563	80.269	91.601
579.238	214.531	80.967	89.921
570.824	216.542	81.075	89.638
562.493	218.536	79.563	88.399
549.714	219.436	81.065	88.065
536.889	220.924	80.859	87.119
525.288	220.916	81.646	86.139
511.807	217.948	83.975	87.311
499.487	213.608	81.240	90.059
485.599	209.444	84.096	89.383
470.541	205.634	83.539	89.605
453.315	205.090	84.471	88.588
431.617	206.709	86.717	86.199
417.229	207.370	87.934	88.226
401.900	208.104	88.071	88.504
382.681	209.466	87.179	86.700
362.479	207.702	86.173	88.981
335.050	205.771	90.189	88.763
313.754	205.399	93.767	89.890
299.288	202.425	92.928	94.412
285.925	201.168	92.762	93.715
276.492	200.140	92.589	94.521
270.281	198.773	91.127	92.301
267.181	196.401	90.278	92.495
265.976	195.344	85.233	93.310
265.788	195.624	86.227	91.160
267.464	190.881	85.658	96.531
270.122	191.587	87.836	94.057
273.217	191.792	85.903	89.961
275.227	189.882	84.619	89.565
278.601	191.862	85.012	85.950
281.902	190.202	85.285	87.953
285.616	189.558	86.364	89.149
295.939	187.936	82.610	89.231
301.547	186.708	83.478	89.702
309.365	185.813	83.916	88.409
320.336	183.797	81.403	89.832
325.230	182.744	85.795	90.295
336.797	180.077	85.948	89.420
341.726	179.076	91.089	93.894
354.449	180.465	88.039	93.381
360.547	182.989	90.598	94.153
370.852	184.702	89.988	94.713
383.911	189.645	90.363	93.947
394.800	191.184	89.792	92.848
405.271	189.131	89.832	94.893
417.457	190.417	88.975	93.491
426.637	190.450	90.692	93.569
440.285	194.645	90.348	90.656
447.754	191.319	88.843	90.032
453.843	195.098	89.055	87.094
459.113	194.381	86.532	89.712
461.096	193.653	86.212	91.313
460.972	193.991	87.751	90.986
458.390	194.472	88.468	89.943
457.933	193.488	87.436	88.708
457.335	191.258	85.996	88.018
455.724	191.085	85.883	88.086
454.376	191.203	84.758	88.304
453.532	193.062	82.922	88.906
452.403	193.980	81.390	89.105
451.606	195.369	80.465	86.698
452.661	192.414	79.062	87.568
452.949	190.422	79.155	88.538
452.890	190.042	79.441	88.646
452.848	190.085	79.745	88.057
452.723	190.208	80.135	88.367
453.356	190.170	80.068	89.215
455.675	192.593	80.972	87.270
459.644	192.879	80.480	87.304
462.910	192.933	81.012	87.093
466.658	192.977	81.369	87.282
471.506	192.361	80.879	87.458
478.113	191.857	80.637	88.149
483.789	192.259	80.352	89.989
489.674	193.592	80.125	89.889
493.886	193.558	80.309	91.288
497.439	195.383	80.813	89.622
500.248	196.190	79.748	89.302
501.161	196.986	79.563	89.650
500.444	197.136	78.574	89.674
496.206	198.170	79.937	89.032
492.186	198.585	78.605	89.803
483.869	200.066	79.717	88.868
476.098	201.868	79.575	89.583
467.421	204.206	78.797	89.363
456.210	206.152	78.973	88.256
445.064	208.426	78.949	88.126
430.162	210.501	81.951	86.921
418.942	211.843	81.140	87.910
408.774	213.348	80.473	86.763
400.072	213.348	79.209	86.021
392.271	214.229	79.790	85.423
384.693	214.167	78.738	84.808
380.836	214.984	78.139	84.323
378.783	215.069	77.474	84.489
377.380	214.969	77.166	84.451
377.199	214.212	76.643	84.859
376.840	213.517	76.883	85.107
377.088	213.406	76.692	85.014
376.631	213.212	77.553	84.803
376.886	214.418	77.258	84.956
377.438	215.580	77.030	85.846
377.562	217.462	78.629	85.781
378.302	217.814	78.059	86.082
379.271	217.881	77.307	85.283
380.722	217.926	77.522	85.021
381.829	217.556	77.298	84.933
382.860	216.461	76.972	84.578
383.911	215.960	75.585	84.671
383.311	216.535	75.681	83.424
381.754	216.244	75.608	83.347
379.061	215.923	75.426	84.066
375.670	216.123	74.495	83.988
372.147	216.596	75.244	83.141
369.580	215.707	74.181	83.256
366.512	215.015	73.708	82.473
362.033	214.239	73.163	82.525
354.261	213.997	72.742	83.193
346.737	214.747	73.869	84.280
338.453	215.764	74.991	85.280
330.674	217.716	75.363	85.004
323.861	218.202	74.995	84.918
317.637	218.365	73.636	84.777
314.207	219.047	73.219	82.806
314.441	217.499	72.097	83.589
313.942	216.237	76.715	85.281
319.807	217.191	78.441	84.796
329.610	215.878	79.416	86.944
339.692	216.231	77.550	88.467
348.350	216.167	77.535	89.774
356.543	216.717	78.399	89.218
362.426	217.030	80.744	90.696
369.122	217.664	82.962	92.629
376.062	219.368	83.102	93.714
382.578	220.979	83.628	93.640
389.185	223.138	83.758	93.507
397.258	225.963	81.033	92.552
406.091	228.729	80.238	89.128
414.752	229.321	77.024	87.993
421.627	228.935	75.142	87.487
427.395	229.578	74.448	85.353
431.451	229.165	75.011	84.580
436.451	228.340	75.229	83.156
441.115	226.722	73.793	83.022
443.895	224.695	74.070	83.053
446.640	222.458	73.420	83.088
448.226	219.919	73.433	83.528
449.550	217.279	72.758	82.268
450.276	215.076	71.314	82.495
450.024	213.180	70.232	82.500
449.023	212.437	69.865	81.631
446.522	211.334	70.497	80.204
441.449	211.283	70.526	79.300
436.300	211.468	70.277	76.873
429.749	212.276	70.869	76.939
421.322	213.593	72.383	83.514
415.921	216.219	72.959	83.103
408.619	219.819	70.333	85.090
401.824	223.525	71.413	87.046
394.184	229.563	70.360	89.601
386.859	237.875	70.221	91.780
380.708	247.877	70.079	87.747
378.942	257.977	70.252	90.533
377.296	265.973	73.973	89.109
378.674	268.825	81.422	89.553
384.920	268.783	81.576	92.483
393.865	269.197	80.829	89.238
403.304	268.504	79.197	89.349
412.854	267.774	77.789	90.065
422.135	268.032	75.976	86.069
428.133	266.778	77.077	86.980
434.748	266.026	75.574	85.806
440.117	266.428	74.493	85.039
441.524	266.010	76.150	85.214
440.893	265.671	78.639	86.492
439.045	265.729	81.198	88.393
441.860	266.135	78.431	90.387
442.735	268.693	75.216	89.759
442.851	270.926	72.211	88.791
443.615	270.945	69.534	88.605
441.953	273.084	75.155	87.281
441.637	274.295	76.995	87.674
443.407	275.555	76.120	83.836
447.197	274.592	75.597	82.377
449.362	271.536	75.911	82.612
451.366	268.478	74.994	83.940
452.408	264.798	73.696	86.025
451.585	261.717	73.221	84.933
449.316	259.817	73.541	83.452
446.727	256.737	73.508	83.528
444.615	252.129	73.905	83.513
442.871	248.316	74.995	83.727
443.867	244.503	76.012	83.427
449.739	240.833	77.367	81.954
457.364	237.440	78.224	82.889
466.335	232.413	79.529	86.790
477.168	229.238	79.427	88.420
489.993	227.637	81.581	88.200
499.393	226.019	80.983	88.674
507.186	224.527	81.856	88.461
513.406	221.633	82.476	88.246
518.756	218.761	82.236	87.353
523.548	216.341	81.800	86.281
531.088	213.760	80.786	86.656
536.589	212.186	80.379	87.199
543.051	211.186	79.309	86.550
549.374	209.364	79.123	86.799
558.101	209.376	78.722	84.873
566.140	210.369	78.880	84.795
574.140	207.817	77.360	86.644
580.998	207.324	76.701	87.318
585.215	209.235	78.402	82.597
589.113	210.586	78.237	82.250
592.302	211.256	79.051	81.509
596.072	209.519	79.515	83.628
599.558	207.474	80.205	84.101
603.804	206.088	79.991	84.320
606.704	205.831	80.089	84.054
607.545	206.211	80.276	82.609
607.505	206.123	80.949	81.004
604.084	205.682	79.913	83.349
595.186	207.611	79.902	81.564
581.553	211.225	81.003	80.928
564.935	213.741	85.886	81.165
548.874	213.572	88.320	83.965
531.783	213.131	81.981	83.306
513.670	212.818	82.238	84.046
497.716	211.380	81.466	88.227
482.668	212.086	82.244	87.575
473.233	210.917	78.074	90.982
463.669	211.640	78.509	88.996
455.575	211.940	79.707	87.341
449.662	211.660	79.499	87.281
443.539	210.946	79.182	84.567
437.775	210.163	78.872	84.806
429.817	206.365	78.412	81.645
423.366	207.669	78.823	79.668
416.567	208.972	77.891	79.525
408.621	211.269	76.837	78.490
403.318	212.307	76.590	78.040
399.402	213.048	76.281	77.777
397.591	213.905	76.114	76.506
397.415	211.915	76.281	78.722
400.292	210.842	77.537	78.246
406.340	210.033	76.845	79.308
413.267	210.662	77.018	79.211
421.886	212.181	77.354	80.517
430.061	214.530	78.685	80.193
440.364	216.768	78.062	82.153
449.727	220.431	77.415	82.468
458.625	221.398	77.259	82.924
467.795	222.720	77.803	84.811
477.891	224.863	77.231	83.801
487.692	225.335	78.954	82.964
497.938	225.465	79.063	83.222
507.287	225.453	81.050	83.950
518.115	224.463	83.368	85.395
526.451	223.052	85.206	85.371
537.928	221.114	86.545	89.010
548.798	219.428	85.889	88.119
554.931	216.701	87.115	87.432
558.660	217.151	88.333	84.108
561.510	216.376	86.999	84.664
563.313	214.844	86.933	83.713
564.275	214.825	88.165	82.809
565.763	215.631	87.396	80.414
566.551	215.797	85.504	81.791
567.705	215.657	85.768	83.651
569.470	217.487	84.464	85.167
569.973	216.045	85.049	86.941
569.285	215.711	86.068	87.061
568.628	215.638	86.133	86.812
567.512	215.934	86.250	84.447
567.650	216.649	84.582	82.686
566.892	216.265	84.843	82.669
570.110	218.466	80.367	79.825
573.395	218.215	78.815	79.391
575.068	217.015	78.959	77.936
576.478	214.064	78.455	80.458
576.740	213.720	80.294	79.032
577.861	213.334	79.381	77.937
577.674	212.097	79.684	76.573
579.065	209.498	81.850	78.045
580.654	209.890	79.341	78.394
583.981	211.623	76.438	78.354
586.996	212.095	76.109	76.870
589.263	210.447	76.739	78.305
589.862	211.701	74.462	78.507
589.902	211.773	75.496	78.062
587.359	211.263	77.803	79.147
584.487	210.991	77.995	80.690
579.438	213.251	77.819	80.342
572.339	211.671	80.854	82.229
565.461	213.289	77.473	81.572
557.348	215.173	78.393	80.735
542.399	216.446	83.184	83.355
533.508	218.002	78.785	86.603
517.728	218.462	85.124	88.315
505.528	217.387	81.576	91.524
495.970	215.699	82.384	90.548
486.891	216.269	83.929	90.447
480.916	215.201	75.344	86.420
476.740	213.911	75.824	86.221
474.173	211.048	75.316	85.615
469.997	209.660	77.880	85.470
468.719	206.718	77.414	86.820
466.015	204.295	77.027	87.376
461.435	202.846	77.765	86.568
455.029	201.510	76.427	85.904
450.613	203.080	76.211	83.228
446.320	203.546	76.284	82.784
441.896	205.284	75.267	83.577
437.294	206.968	76.036	83.135
433.407	206.856	74.791	83.094
430.553	205.300	75.464	84.056
427.882	203.742	76.440	84.543
425.629	203.990	78.061	83.433
425.169	204.284	78.125	84.126
424.789	205.123	78.354	84.608
423.923	204.577	78.607	85.726
421.713	203.788	79.037	86.319
417.861	203.421	79.577	87.860
413.486	203.074	80.186	90.025
409.863	203.742	80.584	90.991
403.872	205.248	82.332	89.204
399.180	205.754	83.548	88.380
395.617	205.301	83.138	89.188
392.678	205.315	83.189	88.430
389.074	204.944	83.669	87.599
387.159	203.754	82.284	88.393
385.825	203.244	80.642	88.168
384.448	203.272	80.775	86.748
383.135	203.163	81.112	86.431
382.006	202.959	81.241	86.670
380.985	202.977	81.398	86.875
379.985	202.933	81.713	87.035
379.189	202.674	82.448	87.668
378.666	202.550	82.403	87.235
377.898	201.641	82.872	86.442
377.174	200.686	82.393	86.119
376.962	200.126	81.997	85.821
377.333	199.871	81.601	86.584
377.642	199.924	82.194	87.497
377.289	199.819	83.572	87.140
377.864	199.293	82.690	87.058
379.331	197.415	81.309	87.612
380.398	195.407	82.564	87.392
382.796	193.412	83.459	87.850
385.527	192.065	85.716	86.619
389.049	191.216	86.657	87.729
392.822	190.454	84.869	87.440
396.352	191.641	81.078	87.407
399.206	190.520	77.743	87.381
399.914	190.115	77.480	84.156
399.943	189.729	76.899	82.321
399.843	189.081	76.073	81.790
399.453	189.272	75.611	81.324
399.428	189.736	74.863	81.586
398.289	190.528	76.164	80.887
397.095	190.727	75.694	80.761
396.032	190.324	75.334	80.747
395.419	190.650	74.870	80.492
394.991	190.870	74.105	80.589
392.858	191.573	75.425	83.361
389.628	193.260	75.371	85.819
386.554	198.173	74.532	86.687
383.684	203.073	73.417	86.415
378.370	204.365	76.657	84.549
373.020	205.251	80.094	85.624
366.831	204.817	82.621	86.933
360.527	203.099	82.827	90.616
351.462	202.459	83.260	91.399
341.756	202.706	84.795	90.378
332.182	203.277	83.541	89.286
319.618	203.949	82.596	88.680
310.014	204.067	81.703	87.057
302.048	202.867	80.195	86.482
296.114	202.203	79.821	84.919
292.946	200.832	80.559	85.629
292.520	199.434	79.876	86.561
292.027	198.039	82.184	87.527
296.071	196.917	81.733	88.414
300.214	196.380	82.462	88.439
304.966	196.112	83.340	89.045
310.146	196.224	83.752	88.931
313.847	196.949	84.363	89.039
316.375	197.367	84.154	89.251
318.736	197.285	84.761	89.902
320.121	197.257	85.963	89.171
322.319	196.354	87.252	89.288
324.216	195.468	88.432	89.581
327.590	194.816	88.207	90.165
330.363	194.281	89.130	89.447
334.453	193.188	89.072	90.123
338.530	193.260	89.332	89.970
342.616	193.145	88.918	91.476
344.541	193.523	88.594	90.106
347.670	193.074	85.759	89.920
350.391	192.537	83.975	88.602
353.187	192.904	81.357	88.192
354.872	192.596	79.103	87.390
357.329	192.821	77.200	87.967
359.509	193.490	77.205	86.686
361.949	193.924	77.191	85.872
364.365	194.010	77.866	85.178
366.266	193.812	78.853	85.092
367.678	193.204	79.695	85.054
369.610	193.402	79.683	84.849
370.700	192.689	80.077	85.239
371.441	192.861	79.898	84.394
372.052	192.900	79.528	84.269
372.425	192.466	78.546	84.507
372.251	192.266	78.616	84.208
371.963	191.525	78.491	84.692
371.399	191.580	78.616	84.651
371.392	191.637	78.563	84.595
371.133	191.693	78.862	84.624
370.989	191.750	79.012	84.181
370.873	191.410	79.577	84.564
370.804	191.913	80.634	83.685
371.308	191.641	81.028	84.584
371.775	191.861	80.724	85.134
371.942	190.912	81.096	86.201
367.999	191.702	83.959	84.949
362.033	191.649	88.072	85.146
358.448	192.326	91.316	82.972
357.451	191.195	91.996	84.281
356.741	190.373	92.291	85.123
355.773	190.136	92.552	85.162
355.401	190.002	92.904	85.241
355.082	189.918	92.243	86.420
355.069	190.075	92.354	87.178
355.181	189.514	92.883	88.170
354.428	189.565	93.524	89.891
353.975	189.008	93.877	90.737
353.908	188.231	94.006	91.083
353.469	187.655	93.879	90.686
353.158	187.655	93.804	88.904
354.632	188.024	93.212	87.234
359.119	189.047	90.553	84.579
362.546	188.216	88.581	85.263
366.592	187.293	86.644	85.476
368.946	187.344	85.386	84.577
370.098	187.069	84.919	84.049
370.911	187.374	84.620	82.986
371.351	187.850	84.471	83.188
371.175	187.813	84.142	83.288
371.565	187.426	83.859	82.832
371.458	186.884	83.561	83.475
370.692	187.487	83.693	82.697
371.137	187.714	82.854	82.388
371.149	188.232	82.466	81.794
370.793	188.317	81.776	81.758
370.751	189.094	81.405	80.774
370.410	189.113	80.673	80.923
372.856	187.016	75.787	84.244
373.166	186.744	75.075	84.086
373.477	187.302	74.677	83.122
373.269	187.647	74.497	82.058
372.967	188.033	73.945	81.576
372.707	188.161	73.263	81.752
371.858	188.353	72.759	82.177
370.512	188.518	72.838	81.929
369.483	189.171	71.664	82.320
366.999	191.276	71.981	82.768
364.851	193.389	72.041	82.679
362.295	196.169	73.348	82.862
361.232	197.769	72.632	83.536
360.865	200.964	71.932	81.822
360.454	205.722	71.733	79.751
359.929	209.595	72.238	80.743
361.692	213.263	69.972	83.097
363.335	217.346	69.071	82.720
364.298	221.392	68.433	82.499
363.519	224.630	70.005	83.395
364.172	224.830	70.282	86.511
365.064	225.859	68.698	84.817
365.546	227.195	68.641	82.058
365.686	227.142	69.452	82.124
366.550	230.473	69.635	78.844
368.387	230.006	66.132	80.116
370.562	229.945	64.108	81.384
375.840	229.606	59.881	81.672
380.857	229.462	57.070	84.239
384.022	230.706	54.358	82.454
390.886	231.112	49.993	75.916
396.062	236.289	49.776	85.036
388.709	258.294	62.741	83.696
399.651	248.081	81.582	101.132
396.034	163.977	97.546	104.786
395.735	159.652	97.793	102.520
386.470	159.347	97.796	105.704
375.320	158.336	99.541	105.042
364.499	157.996	101.619	101.463
398.495	220.101	76.839	85.585
400.237	220.556	69.702	77.168
397.180	222.222	69.306	78.949
395.696	224.885	68.080	76.195
397.735	227.531	68.158	75.814
401.085	229.107	68.549	77.604
404.899	228.788	71.789	85.348
413.117	229.712	70.080	84.704
420.862	229.697	70.248	84.117
430.356	229.411	69.997	84.993
440.683	230.242	69.798	88.591
450.448	231.441	71.591	90.883
460.671	233.817	73.779	90.848
471.908	236.251	73.923	91.131
484.019	236.876	73.009	90.400
495.648	238.333	72.211	89.714
503.048	237.565	73.343	90.345
507.116	236.954	75.933	89.013
510.912	232.707	76.939	90.590
513.947	229.424	80.842	89.509
516.898	225.135	80.486	83.465
518.093	221.966	80.782	84.147
519.786	220.683	79.321	81.964
521.474	220.503	78.313	82.107
522.842	220.882	78.485	82.861
525.538	221.129	80.084	84.027
528.237	221.913	81.977	84.422
533.035	221.390	82.663	85.922
538.622	221.144	83.150	87.636
544.360	221.235	83.522	89.196
551.887	221.587	84.224	91.059
557.358	221.909	85.791	91.043
562.564	221.746	86.249	89.810
567.324	220.911	85.194	90.338
570.471	220.863	84.810	89.346
572.977	221.022	84.807	89.195
575.549	221.339	86.250	87.645
577.952	221.430	85.085	88.195
579.971	221.412	84.929	87.901
582.567	222.131	83.805	87.066
585.069	222.321	82.624	87.539
586.840	222.636	81.755	85.694
587.502	222.324	81.757	86.042
588.555	222.595	81.546	84.396
589.531	222.017	80.806	83.373
590.225	221.097	81.832	82.378
591.432	219.576	80.740	82.793
591.048	218.812	81.550	82.732
591.432	217.598	80.930	83.465
591.305	216.684	81.324	82.999
592.115	216.500	78.673	82.781
591.874	214.554	78.768	83.443
590.573	214.184	79.046	83.406
588.876	212.752	79.959	84.667
586.999	212.492	79.497	84.179
583.377	212.346	77.655	83.826
578.554	213.296	77.248	81.504
573.194	215.028	77.091	80.264
566.851	214.397	77.114	81.855
559.736	213.542	79.890	84.791
550.553	213.775	79.222	84.931
538.542	215.550	78.275	84.713
527.875	215.039	78.064	86.523
514.671	216.585	78.884	85.606
499.735	218.094	78.370	86.242
483.283	218.425	81.249	88.034
466.382	219.561	79.947	88.765
449.946	217.766	80.338	92.171
433.931	215.289	80.804	90.751
420.274	213.992	80.430	89.586
410.709	210.823	75.453	88.650
401.493	209.911	76.726	89.293
397.004	208.035	75.659	86.979
393.342	205.470	76.571	86.564
392.700	203.458	76.109	88.017
392.719	200.631	75.466	90.573
392.506	200.358	78.047	88.555
395.779	200.713	77.130	89.437
398.113	201.336	77.392	88.392
399.076	202.231	78.104	90.912
400.634	203.630	78.516	91.590
401.858	205.997	76.905	90.225
401.784	206.901	77.795	89.824
403.026	206.815	76.966	90.974
403.127	207.815	77.788	91.995
403.079	208.689	78.273	89.994
403.185	209.085	78.244	89.665
405.658	208.951	77.359	89.983
407.560	209.177	78.680	90.121
411.194	209.003	81.008	89.457
420.025	207.499	76.742	91.629
426.595	208.363	75.083	90.823
431.157	208.177	74.818	90.157
434.421	208.449	73.875	88.785
436.878	208.940	72.957	88.188
439.618	210.686	74.449	87.007
443.605	212.369	73.180	86.023
445.814	212.558	73.292	86.531
449.232	212.097	72.947	86.354
453.125	209.174	71.859	87.106
455.496	207.838	71.888	86.620
461.201	208.493	69.579	91.978
461.074	215.973	71.227	95.219
463.774	226.384	70.120	98.359
466.269	235.890	70.212	98.517
469.290	244.937	69.776	96.955
471.947	252.742	70.062	93.736
473.379	257.140	71.536	92.130
474.819	260.984	70.741	90.236
473.525	264.615	73.117	88.411
472.237	265.865	73.003	88.497
470.516	267.557	74.833	87.744
470.004	268.468	74.806	87.744
470.547	267.454	73.696	88.254
469.637	265.875	74.010	89.462
469.135	263.689	74.777	89.801
469.938	259.889	72.983	90.996
469.447	256.936	72.749	91.054
468.867	253.136	73.107	91.251
469.299	248.977	71.974	92.166
469.065	244.909	71.250	92.710
468.669	240.736	70.531	93.124
467.166	238.834	72.509	94.025
467.463	235.646	72.574	93.886
466.573	234.358	74.416	93.706
468.149	232.159	73.602	93.756
471.013	230.666	74.758	92.171
476.568	230.290	75.373	91.125
483.163	229.616	77.096	87.871
492.047	228.149	75.983	87.020
500.688	227.355	75.470	84.261
510.464	225.400	74.087	83.808
515.895	223.949	73.772	83.703
518.826	222.820	74.662	82.634
519.788	221.740	75.169	82.863
521.135	221.106	74.578	82.959
519.273	222.272	76.321	83.273
518.648	224.170	75.098	84.330
515.633	226.824	75.714	83.857
513.173	228.757	74.100	84.321
509.803	231.167	74.476	83.898
505.653	233.988	74.668	82.348
501.598	234.236	73.693	83.334
494.279	235.560	75.592	83.982
485.528	237.007	76.974	84.951
477.645	237.580	77.837	84.927
465.975	239.863	77.190	84.552
457.302	242.252	77.101	84.988
448.875	244.876	76.288	85.372
441.020	247.505	76.341	83.929
436.682	247.365	74.101	83.706
434.831	245.417	72.324	83.866
434.941	242.597	73.269	84.630
441.215	239.728	74.189	84.160
451.062	237.478	74.782	85.049
463.742	235.440	74.798	85.093
480.707	233.077	74.307	85.497
491.780	231.380	75.629	86.158
503.061	228.689	74.087	87.570
510.935	225.110	74.797	88.052
516.368	221.850	75.629	86.979
523.172	217.140	73.672	88.984
529.312	212.177	73.532	90.484
535.670	208.001	73.722	91.557
540.985	208.392	74.323	88.600
544.907	208.533	74.881	88.162
547.404	207.333	74.359	88.439
548.829	206.333	76.468	88.134
550.415	205.029	78.810	89.394
552.809	203.760	78.531	90.155
553.962	203.248	78.998	89.806
555.023	203.228	79.504	89.853
555.706	203.280	79.532	91.054
554.972	206.168	80.384	89.818
551.547	207.947	83.037	88.975
544.738	210.438	86.886	88.825
529.398	216.268	89.597	86.785
511.909	222.990	96.026	84.615
493.697	230.791	94.497	84.122
474.321	239.498	97.413	81.115
454.763	246.416	98.089	80.624
432.607	255.643	95.942	78.349
412.365	262.799	96.937	76.080
393.597	272.407	95.506	74.065
375.215	282.648	98.034	74.799
358.516	291.378	102.074	77.064
340.648	301.811	102.819	71.947
334.156	310.433	100.258	67.548
337.149	314.413	88.933	66.990
340.803	317.376	89.675	64.170
343.673	320.080	86.412	63.552
343.196	318.955	92.100	65.260
349.886	320.858	86.685	64.597
353.888	321.320	87.924	63.262
358.574	321.041	88.955	63.223
363.869	319.336	88.597	64.255
368.213	317.465	90.029	65.290
366.963	314.926	94.739	67.693
368.316	313.476	95.601	66.369
370.020	309.690	97.943	70.023
371.650	302.622	96.012	73.746
375.011	296.900	98.527	75.363
383.359	283.123	91.202	75.063
395.588	271.552	86.325	76.021
413.665	260.321	89.358	82.730
429.261	248.536	88.464	87.737
442.308	240.393	84.338	91.579
451.865	227.724	93.177	96.779
469.665	212.292	84.620	99.517
474.566	204.926	86.693	95.561
424.886	240.829	71.165	72.559
418.596	244.277	66.312	68.370
410.946	245.700	65.985	68.084
402.907	245.775	65.874	74.752
394.880	246.088	66.594	76.770
385.378	248.667	66.889	71.169
376.539	244.815	66.041	73.421
364.924	244.468	67.430	70.487
355.485	243.397	67.833	73.649
347.579	243.769	69.761	75.301
338.688	239.904	70.648	77.489
331.995	242.252	68.893	73.898
324.193	241.001	70.288	73.026
318.605	241.777	69.990	72.008
314.556	240.430	69.333	73.635
310.177	240.886	70.394	74.282
304.593	240.509	71.768	72.220
298.416	238.058	70.769	74.303
293.305	237.358	70.222	76.223
289.977	237.505	71.428	77.318
287.088	237.818	71.953	77.298
283.836	237.623	72.244	75.520
278.949	237.548	72.374	74.653
276.260	236.168	72.439	76.281
275.393	237.053	73.296	76.013
274.819	236.845	73.077	76.799
274.831	236.150	71.677	77.507
274.457	234.535	70.818	77.696
273.887	232.156	72.218	77.582
273.453	231.060	72.331	77.269
273.931	229.576	71.665	77.705
274.026	228.894	71.645	78.173
272.020	230.001	72.651	75.778
269.818	229.160	73.393	76.217
266.354	228.453	75.191	76.832
260.971	227.150	77.073	77.605
255.603	226.774	76.843	78.315
248.319	227.005	78.660	79.077
242.574	227.731	79.060	78.901
236.213	228.408	79.832	79.064
229.731	228.009	80.012	79.613
222.828	228.293	80.666	80.058
217.612	226.188	80.400	81.661
213.177	222.153	79.222	81.066
205.983	220.194	80.499	80.900
201.548	219.028	79.911	78.039
198.358	217.645	79.199	77.073
197.499	216.755	79.343	75.636
197.332	215.107	80.292	76.490
197.991	214.130	80.774	76.796
198.888	213.043	83.424	77.872
201.461	213.354	82.519	76.940
202.650	211.799	82.185	76.902
201.067	210.177	81.608	78.676
195.238	210.445	82.230	80.293
188.657	209.580	82.637	81.345
182.684	209.126	81.403	80.259
176.430	208.045	80.347	78.261
172.199	207.214	78.651	76.068
169.797	206.692	75.849	74.899
165.817	205.826	76.038	76.356
161.676	206.499	77.576	76.604
157.256	209.203	77.776	75.420
154.476	205.995	78.454	79.432
150.358	207.252	78.854	79.355
145.714	206.514	78.779	78.769
139.172	204.311	80.262	81.962
132.174	204.038	79.837	84.003
124.042	205.510	81.210	85.009
116.408	208.328	81.833	85.250
109.794	211.383	82.239	85.654
104.737	212.770	82.065	84.168
101.392	213.940	81.363	82.786
98.539	212.183	82.455	84.637
97.144	210.794	83.390	84.734
97.477	206.699	84.987	87.887
97.900	202.245	88.392	90.210
102.660	201.141	88.543	89.243
108.027	199.535	88.464	89.170
114.158	196.030	89.602	90.941
121.663	194.572	89.997	91.385
131.706	190.804	90.985	93.952
145.198	187.859	91.253	96.051
158.007	186.295	90.931	96.929
170.804	184.713	91.910	96.081
184.185	182.511	91.772	95.315
198.149	181.027	92.050	96.446
214.199	179.030	92.002	95.898
227.557	178.342	92.273	94.586
241.432	178.486	91.088	93.862
252.585	178.556	90.944	91.785
262.020	179.243	90.726	89.034
280.734	174.807	88.116	91.981
283.043	177.351	88.747	84.878
283.958	174.597	88.340	87.132
279.641	173.460	90.345	88.690
265.950	172.769	94.703	88.466
249.567	170.769	97.414	91.360
232.476	167.553	100.724	92.986
215.284	166.252	102.562	91.845
201.790	165.579	101.024	90.061
190.958	163.465	100.388	90.114
184.741	161.746	97.809	90.895
182.737	160.337	97.922	92.176
181.489	159.653	97.862	90.832
180.852	157.336	98.208	91.165
180.824	155.527	98.519	91.111
179.968	153.897	99.242	90.914
179.489	152.759	97.672	92.730
178.615	152.379	96.918	92.670
177.874	153.103	96.599	93.370
177.894	154.953	96.905	92.589
177.173	155.627	97.256	93.225
176.716	156.911	96.441	91.259
174.182	155.961	95.846	91.214
170.640	155.495	94.702	90.736
166.145	154.793	95.364	90.232
161.681	153.888	96.172	90.137
159.655	152.736	96.210	91.706
158.811	152.918	96.037	91.268
158.441	152.828	96.034	90.758
158.561	152.678	95.794	91.205
157.624	152.304	96.350	90.402
157.106	151.970	94.698	91.033
155.440	151.169	95.289	92.255
153.545	151.396	94.780	92.827
152.933	153.105	94.421	93.980
152.317	158.461	96.050	95.389
152.450	162.878	96.035	96.594
156.575	165.103	92.595	100.085
157.916	169.343	92.357	97.556
159.482	171.342	92.615	94.093
162.823	169.283	91.225	95.845
166.523	166.671	96.881	95.934
173.796	163.708	103.471	92.781
188.209	157.802	104.171	95.691
207.957	152.168	104.392	95.150
232.290	147.501	101.782	97.082
254.209	145.845	102.621	95.612
277.880	144.690	102.158	96.970
299.928	145.871	101.733	95.979
320.607	148.523	100.378	96.797
340.627	153.332	99.969	95.665
356.734	156.979	99.193	94.448
372.192	160.242	96.527	93.604
384.838	161.959	96.662	93.210
393.490	163.387	94.520	92.964
402.713	165.443	94.168	91.454
408.848	165.621	93.730	91.300
413.971	166.064	92.636	90.481
417.861	164.036	92.855	91.422
421.493	164.325	91.959	90.458
423.000	165.326	93.248	89.558
426.454	165.647	93.262	90.428
429.381	166.698	93.165	90.629
433.200	167.346	92.748	90.270
437.220	167.135	92.835	89.692
441.791	168.207	93.659	86.321
446.203	168.756	94.298	86.607
450.609	171.652	95.679	85.036
457.386	172.164	94.697	86.881
464.862	172.524	94.235	87.395
476.272	172.809	91.625	87.386
482.743	174.126	90.842	85.879
485.820	177.847	91.944	82.763
489.240	181.679	92.028	82.707
492.461	185.842	91.940	82.484
499.933	190.566	90.506	83.620
505.507	193.266	92.358	81.694
513.470	192.435	94.175	84.694
523.211	192.126	91.931	86.109
534.734	191.521	89.626	87.241
544.460	190.718	93.097	88.201
557.161	191.991	92.236	87.884
570.853	191.359	93.787	89.388
585.620	194.675	93.443	85.921
600.558	192.908	96.927	88.212
617.039	194.886	96.674	88.560
631.871	198.225	95.947	85.706
647.005	196.714	94.263	87.591
660.700	198.673	93.899	83.908
672.616	198.935	94.196	85.928
685.825	199.451	95.745	84.338
698.581	197.396	94.978	86.604
708.647	194.847	96.922	87.630
715.918	192.946	99.365	88.878
722.261	192.344	101.392	87.069
730.198	189.723	100.302	88.519
736.312	187.819	100.568	87.935
742.196	188.268	98.957	86.138
748.046	187.939	98.543	88.283
756.117	190.359	98.788	88.801
762.185	189.964	97.838	90.005
768.108	192.232	97.959	86.572
771.963	193.825	96.823	83.630
775.336	196.596	94.643	82.021
776.660	198.887	92.616	85.922
776.636	205.871	90.930	87.683
771.925	217.420	89.815	86.233
766.757	225.319	89.709	86.115
761.003	232.059	88.248	84.968
756.398	238.859	87.162	80.684
752.793	242.300	86.917	78.255
749.313	244.170	85.142	76.709
746.611	245.415	84.600	75.347
743.975	245.011	83.994	74.924
741.478	242.806	83.091	75.824
739.194	241.689	81.697	73.835
737.252	240.991	80.787	71.278
734.275	240.874	80.333	71.400
729.540	242.061	80.508	71.393
723.737	245.123	80.087	70.184
717.050	248.427	79.716	69.513
708.506	250.990	81.149	68.623
702.393	252.294	80.912	68.140
695.280	252.869	80.654	67.604
686.995	253.224	80.974	67.783
678.265	253.264	81.361	68.067
668.539	252.860	81.656	67.078
660.177	252.650	81.761	67.498
652.568	252.518	81.315	66.917
646.671	252.525	80.062	67.191
642.927	253.262	77.584	66.014
640.567	254.635	76.704	64.579
640.191	255.831	75.834	64.691
641.395	257.130	75.295	64.683
644.863	258.461	75.244	64.627
649.645	258.188	75.888	65.514
655.104	257.870	76.633	66.370
661.305	257.801	75.878	67.397
667.786	256.812	74.960	68.742
674.723	255.729	74.898	69.087
681.818	254.777	74.580	68.982
690.764	254.961	74.568	68.391
698.130	255.845	74.423	66.684
704.795	256.530	74.045	66.479
711.337	258.281	72.289	66.494
714.603	259.750	71.486	65.203
715.988	260.082	70.030	66.330
714.110	262.221	71.206	65.449
709.000	264.538	72.901	65.525
700.755	266.724	74.734	66.326
689.560	268.520	77.536	66.899
676.597	269.850	76.417	66.606
665.005	269.979	74.874	66.869
650.172	269.256	75.419	66.888
637.168	269.213	73.795	66.577
622.548	268.948	76.153	66.246
608.725	268.254	75.042	65.108
597.077	268.978	73.058	66.348
585.801	269.366	72.522	65.426
576.768	269.356	69.236	65.499
567.378	269.321	69.638	65.399
558.814	269.810	67.689	64.566
550.764	270.187	69.080	65.748
545.059	271.462	69.464	66.443
542.645	271.504	67.545	67.646
542.283	273.887	65.570	67.692
542.566	276.917	65.655	68.582
543.831	277.846	66.409	68.703
546.916	279.703	67.179	68.118
552.197	282.020	69.076	66.858
557.831	282.903	69.131	64.990
560.043	283.481	70.271	64.963
561.700	282.492	71.485	68.405
562.488	286.171	65.798	66.879
559.666	287.519	64.249	66.558
555.514	289.750	64.769	66.980
548.511	292.100	64.468	64.815
543.088	292.163	64.241	63.232
536.893	291.341	64.203	62.877
530.893	290.793	64.837	62.446
524.578	290.004	64.178	62.213
517.242	289.310	64.885	63.403
511.357	288.031	63.996	63.807
504.329	286.039	65.023	63.610
498.104	286.193	63.322	60.997
492.387	286.220	62.206	61.897
483.716	286.475	62.173	60.725
475.358	287.459	60.463	60.843
466.247	287.639	61.128	59.283
459.634	286.404	57.721	58.093
454.755	285.726	55.604	53.949
443.898	285.185	56.666	53.891
439.337	281.950	54.844	51.068
418.018	277.108	66.102	42.553
393.049	221.132	75.856	79.942
396.187	219.665	78.083	83.166
399.694	218.930	81.286	82.602
402.678	217.402	84.956	83.928
411.964	215.317	81.255	85.373
419.803	214.777	79.032	82.186
425.246	217.233	78.450	80.060
428.480	219.268	81.451	80.662
433.276	222.336	82.534	81.454
439.457	227.378	82.887	80.717
447.140	230.093	81.326	80.783
454.260	231.856	81.345	81.585
464.312	227.937	80.105	85.264
468.868	225.898	82.056	85.032
473.756	221.524	81.293	86.260
476.837	217.040	81.850	86.296
480.259	212.088	81.411	86.216
483.710	206.403	82.406	84.973
486.578	201.058	82.580	88.398
490.366	199.997	82.092	87.451
495.100	197.227	82.110	87.583
500.994	195.530	81.653	84.763
509.290	192.971	80.821	85.792
515.612	192.977	80.960	84.425
520.483	192.005	81.936	85.480
526.321	192.406	81.141	85.153
529.773	195.316	81.655	83.039
534.119	198.983	82.349	81.795
538.909	200.637	82.158	84.054
543.879	202.358	82.193	84.564
548.918	201.059	81.721	85.527
552.429	200.429	83.360	84.749
556.898	198.092	82.792	83.769
558.368	196.977	83.075	84.553
561.415	197.351	80.953	89.332
561.207	200.993	81.749	89.475
561.819	202.192	80.487	88.697
560.906	200.920	79.849	88.917
559.495	199.052	79.299	88.817
558.499	198.310	79.578	90.101
557.762	199.692	81.005	91.295
557.161	202.292	80.886	97.248
558.808	217.299	82.298	96.192
560.183	226.557	80.399	96.894
558.334	235.165	81.178	95.329
556.332	243.491	81.720	94.849
554.663	248.774	82.775	92.905
552.084	253.232	84.296	92.557
550.268	256.931	83.715	93.241
548.966	258.557	84.692	91.118
549.448	258.779	83.325	90.174
550.138	257.147	81.722	90.482
550.743	254.782	81.440	90.793
551.149	254.038	80.901	89.519
550.990	253.078	81.081	89.241
548.843	252.933	81.941	87.504
547.693	252.615	82.102	87.187
546.749	253.811	81.378	86.220
546.371	257.216	82.293	88.712
548.569	260.153	83.173	87.984
550.860	260.910	83.646	88.107
552.290	260.511	82.574	89.370
551.525	260.762	82.115	90.070
547.260	262.798	83.595	89.987
544.194	267.351	83.395	92.300
542.727	273.329	82.661	92.565
541.573	277.466	81.611	89.568
540.270	277.543	80.748	88.805
536.733	276.285	80.089	87.124
533.578	272.703	79.704	87.795
531.522	266.928	78.928	89.316
528.606	261.483	79.665	88.881
524.461	257.903	80.689	86.583
517.958	253.831	81.104	84.942
510.141	251.907	82.230	85.488
498.262	250.799	85.643	85.733
484.973	249.451	84.079	87.765
470.161	249.939	83.371	88.071
451.497	251.703	82.553	88.049
438.245	254.990	82.711	87.604
426.306	258.472	84.211	87.215
418.783	263.508	85.898	87.836
415.130	269.961	86.659	86.269
414.570	280.547	89.756	80.845
416.593	287.337	97.143	75.619
420.845	291.530	100.329	73.373
428.717	294.253	102.464	73.120
439.734	297.449	102.037	71.126
453.580	299.891	98.668	70.529
465.719	301.882	99.860	69.923
476.205	302.570	99.390	69.618
487.473	303.475	100.861	69.738
496.555	304.254	101.515	69.347
507.104	303.471	99.802	70.508
515.391	302.713	99.566	70.973
520.769	301.228	99.652	71.790
523.820	299.343	99.488	71.954
524.159	298.241	95.745	71.381
527.178	295.869	95.177	72.160
521.791	293.110	100.605	73.028
522.748	289.563	100.305	74.479
522.378	286.806	97.689	74.471
525.977	284.830	101.063	75.545
533.646	279.588	100.720	81.862
541.026	274.346	100.146	84.821
552.069	270.090	97.862	88.654
568.942	266.903	90.320	87.807
582.951	260.720	85.205	90.820
598.274	256.675	84.287	88.959
607.760	251.480	84.170	90.294
617.052	246.857	83.501	88.406
622.429	237.885	82.771	91.622
625.281	230.326	81.754	94.381
627.909	223.255	80.975	94.782
629.457	217.823	78.641	95.269
629.224	216.306	78.126	91.699
629.506	216.774	77.498	90.127
628.547	218.651	78.490	89.697
626.063	219.577	80.096	89.295
624.305	219.731	80.121	88.123
622.678	219.498	80.523	87.065
621.522	218.132	79.777	86.732
620.041	216.084	80.175	86.920
617.749	214.631	79.970	85.466
615.519	212.129	79.764	86.128
613.230	210.059	79.505	86.294
609.601	209.465	79.812	84.847
604.815	209.728	79.673	84.554
599.056	211.317	79.317	84.000
594.481	212.649	78.363	84.517
589.177	213.792	78.813	84.805
584.619	214.539	78.619	84.108
580.344	214.355	78.304	83.654
577.299	212.802	77.196	83.486
575.451	212.359	77.019	81.646
574.951	211.258	77.019	82.323
575.689	210.464	78.250	82.774
577.525	211.041	78.194	82.600
578.894	211.608	78.881	82.947
580.438	212.950	78.306	82.622
581.415	212.955	78.759	85.032
582.587	213.955	79.619	85.425
585.726	214.651	81.100	85.473
593.583	216.311	80.333	87.850
602.136	217.494	81.381	89.658
611.624	219.364	80.824	91.951
619.761	223.115	82.486	93.044
627.372	225.850	83.785	92.636
635.865	229.101	86.760	88.431
642.398	231.244	87.049	86.125
646.627	236.612	90.812	81.302
651.503	240.500	90.540	81.420
653.867	245.231	91.000	80.650
655.606	251.485	89.522	77.866
656.882	256.914	88.721	75.437
660.041	262.676	86.355	72.654
663.917	267.401	84.366	73.672
666.306	273.141	84.396	72.466
667.694	279.372	86.242	69.220
671.440	282.720	83.657	69.340
673.121	287.737	82.842	67.913
674.687	293.171	81.553	69.900
676.527	299.642	81.223	70.010
676.446	306.589	82.658	69.259
677.058	310.443	83.086	68.361
680.927	313.250	81.626	67.964
686.924	315.634	79.299	66.638
690.405	316.698	78.761	65.403
694.957	316.663	78.203	64.271
698.804	314.636	75.509	64.802
698.445	312.080	76.091	65.671
693.746	309.237	78.787	66.212
686.917	306.908	80.618	66.385
679.200	305.588	83.076	66.368
673.654	305.037	82.897	67.115
668.713	305.036	82.691	67.446
667.357	306.334	81.234	66.286
666.411	308.419	80.334	65.993
665.291	310.495	80.445	65.454
664.373	310.491	80.049	65.837
662.472	308.000	79.821	67.369
659.601	304.401	80.048	68.521
656.833	299.993	80.051	69.385
655.429	295.041	79.199	70.137
653.553	292.171	79.579	69.922
653.341	289.020	77.892	70.074
651.386	286.345	78.714	69.893
648.506	282.460	79.822	71.329
644.609	275.207	80.852	76.386
640.469	267.443	81.831	80.050
635.474	256.593	81.787	84.221
630.997	242.433	78.703	92.194
626.317	226.703	82.331	90.070
624.911	214.764	78.887	85.888
624.019	205.952	79.195	85.205
621.857	204.699	79.697	84.253
622.134	206.430	78.507	84.905
625.142	209.918	78.448	86.073
631.863	215.495	78.527	87.201
638.922	218.286	81.554	91.438
648.852	219.769	82.853	86.272
657.339	218.235	93.085	83.811
665.049	215.534	86.357	88.789
670.950	217.617	82.823	91.932
676.174	219.811	78.632	91.651
678.075	220.785	79.913	85.498
679.119	220.621	79.232	83.043
677.397	218.336	79.799	83.801
672.421	216.024	80.514	85.946
667.114	215.689	79.972	86.681
661.606	217.341	78.955	89.380
655.798	217.857	79.240	90.266
649.162	217.735	79.850	93.450
643.509	218.070	80.071	89.209
637.735	217.368	79.601	89.446
632.164	216.129	77.539	88.219
626.660	216.904	78.938	82.959
620.316	216.356	79.682	81.789
613.139	216.338	80.330	81.735
606.330	216.713	81.539	84.368
602.059	216.733	81.493	87.226
598.400	216.774	83.127	88.359
596.796	216.689	82.166	87.217
599.258	215.016	79.296	86.912
597.897	214.383	79.963	83.878
604.690	213.665	71.458	85.195
604.183	216.459	68.784	81.725
593.687	231.375	71.505	85.664
567.529	143.944	101.744	109.781
574.490	146.166	95.437	99.350
519.743	220.114	84.962	94.521
512.313	226.613	87.854	95.972
497.097	226.650	88.706	95.749
476.332	225.679	90.213	91.511
463.778	227.732	90.541	89.528
451.398	228.171	91.601	91.094
444.351	226.918	87.378	93.680
433.829	226.866	86.448	94.138
425.905	227.988	86.587	91.771
422.139	228.008	84.004	90.736
424.190	227.433	81.669	87.410
422.811	228.238	82.480	90.190
427.226	229.545	82.922	91.257
431.042	231.668	85.599	93.746
435.780	232.930	88.283	95.415
445.515	233.284	88.072	95.114
454.319	233.849	87.831	95.309
462.840	233.654	86.972	93.621
470.469	232.602	84.401	91.605
477.030	231.418	79.922	89.363
478.982	231.866	79.058	87.465
479.328	232.158	74.948	87.096
475.964	233.313	75.037	84.614
474.120	233.200	73.806	82.793
472.078	233.120	74.702	81.693
472.010	232.112	73.624	83.099
472.826	231.858	73.189	83.995
475.397	232.856	72.528	82.562
478.734	233.179	72.296	82.248
482.339	234.653	73.566	81.309
487.399	235.253	73.847	81.119
491.912	235.759	75.027	80.647
497.874	234.721	74.801	82.942
503.789	234.247	79.567	87.886
511.021	232.944	75.291	89.339
515.211	232.786	75.678	87.142
519.915	232.533	75.022	86.112
524.391	232.478	73.892	85.549
527.908	232.377	73.389	85.311
530.113	233.089	73.249	85.717
530.408	235.015	72.019	85.567
528.858	236.981	71.690	85.320
525.304	240.095	71.878	82.708
520.854	241.653	72.063	81.210
514.399	242.568	72.326	80.170
510.077	242.955	72.220	78.732
506.411	242.727	72.468	79.117
503.789	243.217	73.059	80.435
501.675	243.020	72.581	80.027
500.524	240.961	71.001	80.324
499.511	239.404	71.264	80.777
500.177	238.984	69.674	80.917
500.466	238.264	71.471	82.147
506.006	239.747	69.091	84.482
513.370	241.738	68.489	84.572
520.812	242.323	67.089	85.868
527.624	243.663	66.421	84.632
531.912	244.264	67.307	83.139
534.476	244.398	67.645	81.929
536.427	245.181	67.077	81.935
537.105	246.008	66.764	82.809
536.951	246.657	66.121	83.498
536.203	246.450	65.603	83.910
533.627	246.951	67.341	83.325
530.014	247.194	68.320	81.763
525.468	246.749	69.243	83.047
517.619	247.402	70.860	84.440
509.671	248.573	69.821	85.713
502.078	249.043	71.629	84.247
495.424	249.069	70.467	85.548
490.822	247.782	72.011	82.820
485.985	245.916	72.756	82.382
482.599	244.109	71.744	82.390
480.355	244.569	70.558	83.041
478.279	250.071	70.029	84.354
477.400	256.964	69.842	88.742
479.187	265.060	70.447	91.145
482.127	271.633	71.606	90.356
486.127	276.794	72.891	87.484
492.213	278.370	73.273	84.866
496.399	275.877	73.762	84.734
499.606	272.994	73.922	84.100
501.695	268.452	73.018	86.587
502.448	265.084	71.406	87.531
501.190	262.562	71.548	85.790
498.958	260.626	71.664	84.174
495.861	259.032	72.415	82.870
491.649	258.044	74.202	83.001
489.200	257.394	75.015	84.119
487.740	257.202	74.353	83.720
486.885	255.965	73.595	84.259
487.174	254.991	73.695	83.175
488.094	254.090	73.312	83.800
489.466	254.135	74.178	84.232
492.477	253.870	75.295	84.466
498.344	253.032	75.147	85.356
502.848	252.530	77.450	85.779
506.859	251.177	80.176	85.955
509.009	249.847	83.815	86.962
510.971	249.553	87.524	87.572
513.461	252.178	89.653	85.056
517.977	255.222	92.538	83.477
524.901	259.023	96.543	82.345
531.570	264.907	96.312	82.023
538.010	274.717	93.698	81.584
545.892	282.411	89.333	78.651
553.539	289.992	85.504	73.497
554.585	293.403	84.291	72.949
554.317	294.457	83.363	72.685
553.209	294.130	84.342	72.773
549.243	293.024	85.766	71.689
541.844	290.605	87.899	73.352
535.011	288.254	89.233	73.314
523.779	285.754	88.915	74.008
509.265	282.452	91.381	75.951
494.573	280.117	95.959	76.612
481.224	278.109	95.917	76.185
467.735	274.912	97.156	76.719
454.752	272.521	95.930	76.714
439.757	270.373	96.714	76.605
429.505	269.782	98.501	75.460
422.686	267.629	96.848	76.964
418.356	268.812	97.633	74.130
415.666	266.033	97.086	75.122
418.175	261.874	92.859	74.551
417.088	256.615	93.281	77.692
421.102	251.652	91.889	77.358
423.358	246.304	90.353	82.878
426.589	241.405	90.493	82.575
433.688	233.918	91.354	84.230
445.143	229.178	88.096	89.738
459.756	223.684	82.084	92.336
473.205	219.584	80.310	91.295
490.424	218.623	77.163	89.371
507.138	217.422	77.773	88.801
519.412	214.793	75.891	90.298
529.690	212.537	73.745	90.995
535.234	212.602	73.846	89.155
537.404	213.216	75.038	88.607
538.245	213.212	75.067	88.286
539.088	212.458	74.433	87.560
538.982	211.669	73.356	86.846
536.805	210.583	73.222	85.749
534.689	208.413	72.494	85.659
531.220	205.900	73.028	84.733
527.458	203.994	73.292	84.602
522.858	201.163	73.820	85.416
515.852	198.593	74.262	86.190
506.868	196.489	73.473	87.155
496.210	194.354	74.301	87.124
486.895	191.844	75.102	87.229
480.389	189.836	74.324	85.944
477.238	187.489	73.384	84.739
476.464	186.532	72.677	83.616
477.776	185.729	73.935	82.715
483.903	183.745	73.316	83.973
491.616	181.577	72.688	84.812
501.859	180.411	73.490	85.110
513.131	180.870	75.680	85.976
527.803	182.265	76.075	87.574
539.253	183.637	75.961	91.615
547.310	186.968	77.115	92.387
551.302	190.128	76.118	91.643
552.897	192.254	73.733	91.706
550.346	196.524	72.571	89.380
545.790	200.080	72.431	86.679
537.138	201.632	74.815	87.178
531.385	200.850	74.907	88.223
522.094	200.601	76.458	88.685
513.335	198.392	77.064	91.031
500.066	197.326	79.712	91.130
488.334	196.456	81.606	90.757
474.804	197.371	83.506	88.996
459.476	198.775	84.604	87.006
442.404	200.883	86.323	87.184
426.315	202.622	89.773	87.421
407.425	205.081	92.353	83.488
389.959	205.855	93.113	83.192
373.188	205.571	93.617	82.100
356.757	204.448	93.344	80.976
345.282	202.586	91.158	80.594
333.776	201.478	92.512	79.741
325.497	199.526	93.980	80.551
321.795	198.633	93.126	80.378
321.903	198.405	92.950	80.432
323.777	199.165	95.390	81.729
330.949	200.268	95.253	82.955
339.430	199.746	94.570	81.545
347.449	196.866	93.000	81.480
354.906	193.749	91.467	81.328
362.278	191.607	92.798	81.445
368.761	190.430	92.033	81.979
374.294	189.319	92.357	81.373
380.972	188.050	90.835	80.946
387.799	189.034	89.836	81.092
394.596	191.317	88.880	79.223
400.144	192.032	89.158	80.434
404.530	194.200	89.645	80.954
406.825	197.085	90.578	79.033
408.801	200.066	88.913	79.559
408.947	201.486	87.650	79.084
408.579	202.643	88.316	78.446
406.768	203.807	92.570	77.721
406.916	200.536	94.553	81.795
411.065	204.123	92.364	80.058
414.420	205.032	93.169	80.628
414.810	205.629	96.454	81.674
415.435	207.570	97.350	81.601
414.556	208.896	95.880	82.739
413.638	212.572	94.675	83.100
413.126	215.029	95.229	83.008
412.780	216.293	96.044	82.477
413.530	216.780	96.191	82.201
415.722	215.798	95.692	82.836
419.944	211.858	93.573	83.108
424.199	205.961	90.979	83.648
427.726	200.239	87.965	85.326
428.620	197.081	87.518	85.082
429.332	194.161	84.597	86.422
430.929	191.003	78.361	88.952
427.397	188.756	77.245	91.726
422.751	187.665	76.648	94.297
416.787	185.444	77.012	95.174
412.343	182.134	75.782	96.467
407.514	180.525	75.463	94.296
402.468	179.304	75.198	90.947
398.385	176.734	75.513	91.180
395.311	175.764	75.381	89.030
393.062	174.680	75.164	87.942
391.953	173.771	73.151	88.051
390.424	172.876	73.731	87.531
389.615	171.964	74.262	87.848
389.376	171.531	76.045	88.860
392.359	172.420	76.165	89.658
392.462	173.434	79.972	89.876
399.217	172.551	76.916	91.860
401.823	173.140	76.381	91.620
402.510	174.040	76.789	91.009
401.341	174.453	77.452	91.282
400.105	173.905	78.210	90.457
399.439	172.812	77.925	90.077
399.098	171.679	78.053	90.648
398.813	171.455	78.823	90.384
398.906	171.550	78.934	90.469
400.266	172.776	79.154	90.558
403.389	173.641	76.901	92.349
405.746	174.963	77.348	92.255
407.031	175.415	76.168	92.044
406.514	174.849	75.919	92.453
403.499	173.133	75.089	92.347
396.306	170.863	74.592	89.959
386.336	169.725	77.611	87.721
378.012	167.268	78.526	87.583
371.442	166.534	78.233	86.582
366.824	165.354	76.787	87.267
362.088	165.639	76.544	85.586
359.025	166.270	76.508	84.657
356.987	168.089	76.398	84.310
355.565	169.381	78.004	82.542
357.042	170.047	76.850	82.597
357.251	170.343	78.634	81.331
357.600	170.092	78.239	81.258
356.970	169.166	77.801	82.400
355.397	169.170	77.580	82.513
353.316	169.128	78.007	82.998
350.390	170.089	78.227	82.018
347.819	169.710	78.583	82.382
345.051	169.964	78.567	82.477
342.277	170.040	79.197	82.027
339.873	170.338	79.295	81.680
338.005	170.545	79.420	81.253
336.908	170.339	79.499	81.480
336.148	170.503	79.121	81.725
333.615	170.419	79.293	82.355
328.608	171.047	79.242	83.165
320.075	173.952	80.865	82.880
313.747	175.969	80.551	83.826
308.109	177.389	80.205	83.518
304.951	177.539	79.451	83.207
303.893	176.381	78.983	83.562
304.114	173.574	79.046	84.503
304.565	173.163	79.341	83.381
305.804	172.726	79.910	82.464
306.442	172.580	79.138	82.472
305.738	173.045	79.030	81.218
305.077	169.873	77.207	83.130
304.039	166.861	77.253	83.370
304.030	162.600	76.262	84.629
303.972	159.979	75.937	83.832
303.324	159.355	76.209	82.044
302.677	158.636	76.240	80.996
300.620	158.438	75.942	81.869
296.277	161.530	77.367	82.653
292.985	165.832	78.027	82.594
291.720	170.179	78.327	83.330
291.662	176.119	79.281	82.236
295.042	178.394	78.311	83.601
297.730	180.835	78.634	83.776
299.205	182.381	79.788	82.678
300.602	183.381	79.560	81.562
302.615	183.671	78.559	81.666
303.993	184.751	78.880	81.766
306.995	184.797	78.334	82.421
311.064	184.372	78.464	82.995
315.789	183.986	78.246	83.472
323.412	182.786	78.704	85.485
334.100	184.296	80.216	85.321
348.581	185.804	82.229	85.596
368.125	185.893	82.803	87.563
389.706	185.294	83.945	94.733
412.993	187.886	85.347	96.264
435.502	190.130	83.646	94.419
455.331	189.732	83.257	94.062
473.515	189.174	85.970	95.628
490.104	182.533	83.334	97.703
504.652	179.635	83.358	96.907
514.303	180.483	84.908	97.519
521.717	185.070	84.759	92.550
530.028	186.349	82.947	94.451
533.428	196.527	78.322	92.154
533.104	201.649	77.729	90.017
523.732	206.219	80.879	88.824
515.157	206.101	80.198	92.791
502.214	206.219	81.447	92.246
491.771	203.947	79.880	92.385
477.829	201.769	83.593	91.744
472.998	198.091	81.341	94.693
467.725	196.000	80.931	91.058
466.775	194.932	77.328	86.995
462.685	194.212	77.401	85.335
463.751	192.585	76.835	88.602
462.393	192.353	75.156	88.690
463.487	192.876	75.800	87.328
462.953	192.437	77.429	86.637
462.758	191.744	76.814	86.420
463.452	190.669	78.085	88.849
468.198	190.450	79.098	91.825
473.264	190.568	80.292	96.891
479.161	193.869	82.522	95.517
485.381	195.637	82.352	93.440
488.448	196.847	82.673	91.057
489.826	197.748	83.177	89.112
489.912	197.671	82.998	88.564
491.392	197.256	82.691	89.953
493.677	197.451	83.374	91.070
497.557	201.360	82.108	91.992
499.809	203.434	82.582	92.667
500.491	206.350	83.561	90.598
501.176	209.872	82.572	90.095
500.894	212.509	82.565	90.737
498.698	215.307	83.478	92.213
498.393	219.615	81.452	93.992
499.640	223.006	81.904	95.883
503.378	228.869	80.843	93.800
507.846	231.631	80.346	91.483
512.661	230.988	79.356	90.301
519.408	228.269	78.492	89.833
522.878	225.421	79.323	89.780
524.634	221.669	79.438	90.248
522.926	217.958	81.249	91.756
520.207	216.403	82.385	90.960
516.201	212.614	81.341	92.478
510.272	208.187	82.478	93.197
504.292	202.615	82.757	93.889
498.017	198.433	84.149	92.661
492.146	195.926	86.096	90.476
487.275	193.848	85.802	88.760
482.750	193.758	89.259	85.881
479.538	194.021	91.922	83.475
478.393	193.218	92.684	82.580
479.045	192.150	92.326	84.384
484.505	191.129	90.579	86.562
495.045	191.443	89.644	86.476
506.983	190.290	91.164	90.108
519.406	190.457	93.527	91.553
531.694	191.221	95.479	91.382
544.917	191.118	94.704	91.445
554.350	191.776	96.455	91.260
560.695	192.297	98.469	91.990
567.033	191.620	97.172	89.795
571.869	191.207	95.801	86.984
574.908	191.681	94.442	85.021
575.566	190.473	92.503	86.923
570.003	191.864	94.937	85.475
564.067	191.777	93.197	85.065
556.310	191.804	92.298	83.173
545.834	190.512	91.214	80.473
539.239	188.647	87.899	80.123
532.311	187.876	85.924	79.777
523.912	187.649	84.299	79.694
516.594	186.971	85.140	78.758
510.337	185.634	85.014	78.995
506.748	185.347	85.076	78.633
505.836	184.887	85.138	78.857
504.561	183.887	87.256	80.588
505.893	183.626	88.337	84.283
510.523	185.417	89.303	88.504
516.129	187.451	92.793	87.669
523.386	187.413	94.481	87.224
532.485	185.880	94.479	86.868
542.041	184.159	94.161	85.836
550.636	182.381	93.229	86.308
555.333	181.330	93.764	86.392
558.288	182.024	94.534	87.635
559.044	184.059	94.853	89.593
559.158	185.465	94.225	91.515
558.131	187.780	93.939	90.003
556.810	187.090	95.669	88.512
555.548	184.761	94.456	88.083
554.641	184.331	93.962	85.729
554.057	183.382	93.076	85.558
552.938	183.921	92.988	85.177
552.544	184.803	92.758	88.426
552.325	186.799	92.391	88.345
553.630	188.630	90.661	89.250
555.609	188.288	89.950	89.482
556.794	188.652	88.279	88.789
557.597	187.931	87.350	87.978
557.947	186.401	83.261	89.457
553.343	186.633	83.522	88.346
546.446	187.735	84.128	87.623
535.486	190.821	85.143	86.080
527.222	193.395	86.431	92.609
517.507	194.631	84.900	91.051
507.328	193.029	89.153	93.677
498.983	190.732	77.736	96.414
478.138	191.980	77.698	96.421
471.290	191.706	81.568	94.354
463.706	190.134	81.846	93.862
456.588	189.569	83.500	94.569
454.156	185.285	83.424	96.157
453.240	181.980	86.502	91.968
452.521	179.808	88.049	92.797
450.426	178.076	88.143	91.497
446.874	176.984	88.283	94.391
442.224	177.068	89.677	95.616
438.368	179.740	89.618	94.610
435.604	181.082	88.057	95.525
432.723	181.812	87.507	93.284
430.727	181.763	87.414	91.966
429.167	181.628	87.376	91.832
428.606	179.319	87.336	92.206
430.439	177.121	83.556	93.638
432.164	175.933	81.371	93.316
433.062	176.053	81.035	92.269
433.778	176.135	80.148	91.416
433.779	177.799	79.013	91.588
433.055	178.508	77.431	92.601
429.461	180.506	78.678	92.256
425.763	182.607	78.285	90.699
421.868	184.968	77.849	86.166
417.204	183.856	76.723	86.351
411.117	184.207	75.552	85.384
401.593	185.503	74.140	84.778
390.210	188.930	73.439	82.991
379.305	191.057	73.919	84.652
369.251	193.988	73.118	86.209
360.403	196.799	74.038	87.117
354.937	197.064	74.089	87.335
350.598	196.193	74.724	86.766
347.897	192.884	74.201	86.454
347.388	187.090	73.771	89.031
348.636	185.094	75.491	86.898
350.470	183.790	76.097	87.414
352.832	183.945	76.658	88.195
354.572	185.511	78.150	88.194
355.178	184.847	81.620	90.022
355.311	184.426	84.181	90.046
355.391	184.059	83.903	90.879
353.404	182.629	84.300	92.326
351.768	181.203	81.804	90.358
347.717	181.671	80.040	89.627
341.724	182.774	80.761	88.005
334.603	183.614	82.510	86.982
327.356	182.686	83.689	87.300
319.417	182.157	86.419	87.307
313.026	181.331	87.925	86.785
307.433	181.928	90.289	82.084
302.525	180.244	90.378	81.673
300.073	178.469	88.688	80.943
298.227	175.268	86.948	81.143
295.816	170.589	88.178	80.233
295.273	168.973	88.150	80.541
298.980	168.005	86.531	79.459
302.656	167.988	86.846	80.893
307.333	169.098	87.996	80.948
314.038	169.613	86.625	83.906
318.017	171.548	88.853	82.615
321.011	173.454	88.956	82.923
325.544	174.183	86.593	82.836
328.062	178.750	87.397	80.065
332.048	181.990	85.556	78.986
328.673	184.091	90.172	80.217
331.825	186.248	87.423	82.280
333.579	185.623	86.258	84.196
336.802	184.369	85.629	85.794
341.699	184.842	85.561	83.955
344.373	183.801	85.961	82.965
347.403	182.208	85.433	83.359
347.929	183.218	86.491	84.554
348.099	183.290	87.466	85.982
348.191	183.616	87.690	86.206
347.148	182.140	88.039	86.865
346.169	180.583	87.978	87.117
345.812	177.179	86.391	87.075
346.174	173.830	82.531	86.795
342.277	171.408	82.001	88.306
339.645	170.625	79.703	88.601
334.371	173.189	79.029	90.432
331.581	176.202	78.911	90.179
329.763	177.363	79.529	88.951
329.261	176.798	80.122	90.065
330.007	175.651	81.255	88.997
335.353	174.140	80.873	88.122
346.099	173.648	78.498	86.139
357.440	174.033	76.671	88.672
367.876	175.140	77.265	88.895
378.822	177.795	76.104	95.570
388.203	186.964	76.377	99.049
395.844	195.768	75.869	99.994
402.240	203.680	75.502	97.716
406.678	205.718	74.778	94.199
410.151	205.801	73.798	91.785
411.791	205.329	72.941	89.898
411.896	204.903	72.864	89.263
411.297	205.443	73.057	90.179
410.173	206.260	74.387	91.151
409.876	205.029	74.563	91.371
412.300	201.479	74.351	90.598
417.266	199.300	73.312	91.585
421.537	197.711	75.716	92.140
427.195	197.080	75.197	94.115
431.253	199.641	75.830	96.321
433.614	205.307	75.927	96.790
436.083	211.067	74.135	95.777
436.310	215.087	73.154	92.731
435.956	215.317	72.423	92.097
434.397	212.486	72.219	91.437
432.171	210.496	71.978	89.994
429.631	210.366	70.448	90.259
425.864	215.338	70.093	91.982
423.178	220.629	71.343	91.570
422.116	222.966	73.838	90.319
427.043	223.047	74.578	92.524
435.446	221.823	72.034	92.478
444.736	219.964	70.410	91.405
451.503	217.821	74.043	91.318
461.379	215.318	75.584	91.392
473.914	212.949	73.515	91.304
484.087	212.268	73.133	91.218
493.024	211.999	72.251	90.192
499.992	210.284	74.712	90.431
503.795	205.359	77.439	92.888
508.691	201.974	78.444	93.381
510.878	199.061	80.040	92.654
513.581	196.123	80.244	88.386
515.473	193.257	77.243	86.850
516.195	191.990	76.784	85.394
515.580	191.753	77.160	83.673
515.873	190.930	77.406	83.407
517.052	190.743	77.268	83.475
518.092	190.445	77.706	84.053
518.394	190.184	78.496	85.258
518.422	189.771	79.318	85.990
519.305	189.509	81.290	86.143
523.228	188.042	81.646	86.546
527.486	185.202	81.595	88.766
533.175	181.693	79.471	89.036
531.663	180.676	82.351	89.961
528.904	181.890	84.850	91.071
526.512	182.235	86.873	92.473
522.941	183.260	88.225	92.294
518.393	184.451	89.695	88.766
514.540	185.940	92.016	83.171
512.602	185.282	91.048	84.031
512.123	185.546	89.796	82.368
510.479	186.459	87.748	82.349
509.805	186.399	87.446	83.871
508.902	185.010	88.535	85.056
508.649	182.244	88.929	87.998
507.833	181.736	88.769	88.451
505.588	180.991	89.725	88.729
502.316	180.532	90.475	88.956
501.133	181.925	88.919	89.821
498.759	184.030	88.538	89.581
497.069	184.293	88.901	90.501
496.399	185.640	89.125	88.295
496.552	187.936	89.219	86.362
500.620	187.772	84.296	86.854
507.263	188.143	85.184	86.378
515.626	186.979	84.671	87.513
521.864	186.935	85.773	87.300
529.283	185.595	85.884	88.486
533.985	186.391	83.890	88.693
537.020	185.650	81.862	88.818
537.463	186.530	81.764	87.504
537.298	185.595	80.799	87.994
533.245	183.866	84.268	88.665
529.835	185.842	83.273	85.779
526.708	186.000	85.184	85.877
524.902	186.769	85.983	85.097
524.593	188.115	82.716	86.043
524.663	188.843	82.514	86.282
525.346	188.437	83.161	88.043
529.231	187.931	84.460	88.516
533.565	188.727	85.287	85.768
539.164	188.454	84.906	84.943
543.195	187.045	87.846	84.299
548.683	185.216	87.154	85.114
552.109	180.593	88.939	90.163
554.180	180.677	89.015	89.376
554.097	180.117	90.342	88.095
554.689	180.126	89.332	87.143
554.717	180.760	88.073	88.079
552.602	182.395	88.579	85.280
550.834	183.230	86.769	84.957
546.292	184.392	85.397	83.697
541.591	185.384	83.703	84.667
536.762	185.319	82.555	87.221
532.243	183.369	79.211	87.938
427.558	226.927	70.667	88.866
433.772	232.067	65.317	80.318
441.610	234.900	64.610	71.386
448.715	233.529	64.524	60.271
510.153	176.750	75.054	92.636
507.544	178.842	77.238	97.995
503.484	186.927	81.988	105.540
499.295	204.117	83.984	104.116
497.421	214.478	81.840	107.938
493.232	227.900	85.894	107.033
486.265	239.009	91.004	99.772
478.373	246.056	81.880	96.281
468.423	248.065	78.409	93.668
457.818	246.313	82.285	90.495
449.430	244.742	79.088	91.218
440.662	241.730	79.053	89.660
436.879	240.083	74.867	89.334
430.788	238.775	75.696	89.665
427.555	237.907	77.935	92.886
426.185	235.829	77.432	93.150
425.475	233.900	78.852	92.926
426.576	231.930	77.016	93.368
429.046	230.493	79.366	91.873
434.569	228.687	79.130	94.430
440.791	227.008	79.128	95.846
443.882	226.196	81.114	90.376
443.610	227.204	80.730	89.432
443.378	228.503	74.878	86.910
434.393	230.581	75.304	88.217
419.594	234.258	77.029	89.093
404.116	236.191	75.786	89.759
385.112	236.532	76.799	91.519
365.874	236.587	76.921	94.391
349.321	236.380	80.928	93.378
334.232	234.066	80.138	97.936
321.007	229.531	82.049	94.230
308.740	227.345	82.825	90.515
298.210	220.999	81.200	88.582
290.091	213.349	79.023	89.672
282.675	207.835	80.062	91.416
278.212	202.105	81.269	92.866
277.841	197.679	78.402	91.540
277.289	192.821	78.554	89.014
278.086	191.026	78.418	89.678
280.459	190.067	80.047	90.798
284.204	190.180	81.133	90.480
288.159	189.362	83.218	90.967
298.011	189.735	81.693	91.909
305.034	191.531	81.009	90.706
309.587	190.995	81.498	90.658
312.375	190.113	82.743	90.807
313.440	190.122	82.955	90.404
314.084	190.422	81.776	89.645
313.313	190.748	81.443	88.498
311.637	191.090	80.831	88.534
311.709	190.164	79.960	89.744
310.525	190.235	80.977	89.449
311.104	189.933	80.433	89.732
311.302	190.729	81.213	88.887
312.548	190.625	81.496	89.455
313.225	189.997	81.230	89.800
314.610	191.134	81.401	88.663
317.858	191.103	85.643	88.886
327.714	191.215	83.771	89.940
339.936	193.211	82.395	88.238
351.754	195.990	82.414	87.838
364.843	202.126	83.478	87.744
382.860	213.611	85.393	88.818
395.796	220.272	89.219	86.664
412.738	228.658	91.534	80.679
429.275	234.963	93.907	75.418
443.112	241.198	98.317	75.800
455.488	251.980	98.945	73.377
465.519	259.687	97.322	76.019
467.834	268.795	97.120	75.550
472.800	276.896	93.858	72.496
473.677	283.555	94.911	70.188
478.665	285.167	94.223	71.148
477.673	287.640	97.468	70.557
480.403	292.226	96.662	71.277
480.962	298.379	92.727	74.798
477.132	306.040	89.319	74.288
472.987	314.151	85.729	74.277
466.642	318.305	88.076	70.204
461.520	319.845	88.518	69.542
462.125	321.393	85.281	69.559
460.781	322.981	86.856	71.187
459.146	324.403	91.949	70.835
458.485	322.611	95.325	72.113
463.919	319.958	92.017	72.879
454.149	319.999	86.599	72.483
437.198	322.028	89.418	71.300
549.739	311.585	69.370	69.829
544.038	313.291	65.001	68.436
540.261	314.335	65.935	69.064
536.619	315.150	65.652	72.813
533.279	317.753	65.611	70.587
527.535	319.354	62.118	73.452
519.754	322.144	63.327	69.222
513.200	320.357	61.884	71.594
506.173	315.320	62.713	75.575
501.291	312.131	64.198	73.579
496.256	310.096	63.409	72.764
492.611	307.122	63.755	70.035
489.100	304.982	63.248	71.243
485.085	299.960	63.959	70.748
481.451	298.910	63.492	72.063
478.839	295.338	63.418	76.868
468.178	291.017	68.709	76.810
413.796	292.991	74.211	73.773
406.204	289.560	89.563	75.554
405.678	284.447	75.610	75.877
396.599	279.708	81.268	81.139
398.116	272.221	87.966	83.101
402.955	265.876	92.252	86.404
406.964	259.244	88.318	89.970
408.209	251.656	86.117	93.938
406.520	246.358	87.479	97.400
406.062	239.560	82.495	95.455
403.110	227.336	81.477	95.522
397.833	213.702	83.192	96.408
404.138	205.803	77.523	96.754
405.801	204.531	77.132	93.661
407.446	205.559	80.478	91.261
410.149	214.343	78.127	92.245
411.658	220.512	77.245	94.368
413.714	227.924	78.139	94.832
416.577	230.686	78.590	95.413
419.409	233.885	80.451	91.730
428.623	233.430	78.789	89.113
436.595	227.585	79.981	91.507
449.255	225.899	79.850	88.954
465.044	224.820	77.923	88.826
480.387	224.847	81.159	89.793
495.390	227.464	85.969	90.058
517.044	227.691	83.842	91.380
539.989	228.629	82.947	91.623
558.465	231.195	85.024	91.280
581.558	230.721	87.987	94.586
595.429	231.546	90.711	93.979
615.823	230.048	87.370	95.861
635.790	226.804	86.683	96.866
651.375	224.057	90.769	96.552
672.835	220.743	91.720	99.106
687.789	218.891	93.907	95.593
702.351	217.674	89.899	93.713
712.239	217.087	87.913	95.072
718.798	222.399	87.380	91.712
725.497	226.526	84.756	91.965
730.171	235.527	79.889	90.589
726.814	241.000	77.228	93.465
713.996	243.335	80.439	93.003
697.477	249.355	82.198	90.705
682.639	255.157	79.534	89.192
667.514	256.259	80.434	87.396
655.961	254.040	73.541	90.415
645.747	250.001	69.025	89.071
627.761	243.886	72.423	86.479
618.626	234.636	71.617	84.210
610.560	229.183	68.140	84.729
603.222	228.280	67.345	80.670
602.610	226.409	65.742	80.136
602.912	225.006	67.815	79.388
608.572	226.207	65.928	80.101
611.862	232.530	66.290	80.816
612.989	236.981	68.648	81.727
615.104	240.989	65.955	81.955
615.346	243.811	64.354	78.690
614.646	245.291	64.312	76.746
609.690	241.169	66.173	79.127
605.033	237.183	63.529	77.175
599.343	228.343	65.242	79.957
594.185	223.225	63.318	78.262
585.257	220.092	63.351	76.233
577.048	219.393	64.407	75.454
567.631	220.060	65.382	76.784
558.199	223.026	64.474	76.415
545.326	227.876	63.632	76.325
535.752	232.004	59.214	70.548
521.799	232.119	61.991	64.814
511.252	230.722	60.533	73.857
506.593	221.121	57.827	69.059
436.017	169.578	70.493	83.049
436.079	172.147	70.477	83.039
436.597	172.140	70.998	85.179
436.889	174.503	70.890	85.870
436.018	181.937	72.328	77.072
436.887	182.898	72.147	82.370
438.039	186.087	73.689	79.370
440.757	185.121	74.635	79.194
443.412	182.821	74.209	80.850
444.329	179.630	75.075	82.826
444.709	177.819	75.563	81.780
442.674	178.314	76.192	76.553
440.460	179.071	74.866	74.145
436.311	177.133	75.379	77.677
432.308	175.359	76.279	80.743
429.268	175.727	77.675	80.579
427.423	174.076	78.980	80.509
382.614	243.853	64.314	69.908
380.535	243.229	64.987	68.860
377.255	243.126	62.464	70.585
373.457	241.320	63.328	72.121
369.301	241.224	63.642	73.499
367.597	240.940	63.067	74.625
367.069	242.684	63.258	75.022
367.659	245.636	63.796	75.706
368.758	246.338	63.777	77.182
370.291	247.439	65.517	76.212
371.852	247.539	64.759	75.789
372.703	247.590	64.540	74.992
372.465	247.251	64.519	74.540
370.466	245.963	64.141	74.680
367.226	244.067	62.905	74.304
362.792	241.888	62.791	73.525
356.911	239.862	63.059	73.252
350.994	238.740	63.410	73.486
346.116	239.310	63.467	73.693
340.325	239.325	63.596	74.603
336.190	239.362	64.275	75.245
333.251	239.855	64.670	75.522
331.805	239.616	65.015	76.705
330.594	240.019	65.843	76.905
330.786	241.184	65.846	77.244
331.887	242.084	65.445	76.439
333.006	241.346	65.179	76.602
334.611	240.346	64.840	75.774
336.503	238.518	65.401	75.532
338.828	236.610	65.746	74.465
340.714	234.358	66.078	75.545
343.220	233.245	66.401	76.147
346.489	234.061	66.400	75.748
350.383	236.080	67.852	74.613
357.473	238.975	67.780	76.187
365.545	241.058	66.692	76.967
374.948	242.619	65.425	77.527
384.764	243.983	65.332	75.841
395.992	244.324	63.797	75.944
410.334	245.316	64.699	77.992
421.795	245.957	64.677	79.919
431.906	247.939	66.355	78.567
442.960	247.142	64.731	78.362
452.376	246.100	64.130	78.225
461.812	244.468	64.358	77.281
468.138	240.792	63.487	77.630
472.310	237.896	62.733	76.647
474.821	236.156	63.471	74.767
476.899	235.239	62.642	75.399
478.381	236.324	62.559	76.403
480.553	240.237	62.491	77.225
482.306	241.910	61.475	77.041
482.739	241.653	62.228	76.488
483.252	239.020	62.133	76.519
485.911	234.802	62.001	75.462
488.238	232.017	63.657	74.924
490.227	230.173	63.819	75.875
491.883	227.777	62.652	76.458
493.815	225.005	61.935	76.171
495.665	222.556	61.317	75.636
496.792	219.962	60.962	74.767
497.039	219.019	60.555	74.461
496.175	218.712	60.159	73.577
493.906	218.743	60.485	73.443
491.686	219.234	60.266	74.549
488.758	220.980	60.584	73.409
486.729	222.100	60.102	71.684
485.301	223.118	59.210	70.029
484.310	224.104	59.236	68.476
484.176	223.852	59.379	68.008
484.754	225.461	61.939	69.188
485.610	226.489	60.543	69.443
507.477	183.999	80.477	88.510
500.525	182.729	81.315	84.601
491.467	186.068	81.666	90.341
478.127	192.550	79.198	83.154
458.250	188.173	82.449	88.360
432.029	176.077	81.621	91.125
480.077	211.030	67.827	90.258
464.806	205.433	62.272	88.169
441.442	196.341	65.933	72.656
433.652	196.170	65.466	65.611
429.584	197.715	63.160	68.820
428.753	201.546	62.747	67.202
430.718	204.974	61.916	71.523
435.930	211.480	61.103	74.383
440.478	217.830	61.594	78.001
443.914	224.846	62.625	82.669
445.307	232.681	64.360	81.303
447.931	239.111	63.288	79.409
448.496	245.681	64.397	78.157
448.052	248.110	62.287	77.074
444.754	250.078	63.043	75.817
441.967	250.822	62.723	75.205
439.215	250.342	63.057	74.702
438.293	247.708	62.426	74.879
437.252	245.135	62.998	75.256
436.772	242.109	62.768	75.047
436.097	239.654	61.914	74.753
435.328	238.845	61.401	74.157
434.270	238.682	61.755	73.676
433.665	239.385	62.168	74.314
435.688	241.063	62.869	74.868
439.666	242.867	62.981	73.259
443.864	243.283	62.762	72.051
449.727	241.507	63.307	73.529
455.671	238.888	62.115	75.128
461.745	236.400	61.237	76.453
464.914	235.194	61.917	76.350
467.029	233.164	59.286	76.110
467.838	230.410	58.595	74.761
467.700	227.898	56.469	75.138
467.063	224.927	55.582	74.762
465.721	222.475	55.928	73.905
464.408	220.017	56.410	72.644
463.444	216.618	56.674	72.520
462.706	214.777	56.352	72.282
461.333	212.812	57.118	71.304
459.745	210.667	57.795	71.773
457.864	209.395	58.440	72.114
455.618	209.247	59.697	74.867
453.697	208.687	61.050	75.557
451.615	207.790	62.761	74.589
448.793	206.980	64.412	74.433
445.333	205.911	66.785	75.584
440.286	206.863	68.747	75.791
434.617	208.915	68.624	77.317
428.339	210.750	68.747	78.203
420.465	212.933	70.218	78.659
412.196	214.003	70.220	79.409
399.492	214.573	69.203	79.568
389.892	214.941	70.656	77.861
380.952	214.467	68.232	78.019
372.708	214.158	68.241	77.569
364.364	213.897	67.961	76.737
356.355	213.321	68.645	77.132
352.859	213.881	67.411	76.100
348.896	214.703	66.818	74.909
346.515	214.975	65.522	74.266
345.177	215.004	65.142	73.936
343.868	215.912	64.663	73.836
342.532	215.521	64.122	73.786
339.572	215.555	63.890	71.459
336.785	214.722	64.611	68.383
335.402	215.277	64.442	64.904
334.593	214.374	62.190	62.357
336.770	213.232	56.387	58.649
335.832	211.690	52.661	60.431
339.505	214.423	48.815	57.146
305.749	183.220	72.171	83.207
305.982	170.896	74.254	88.970
311.232	173.612	75.216	85.678
314.299	174.573	78.604	84.491
293.360	217.438	59.149	60.834
289.834	218.372	60.196	54.520
282.334	219.416	63.055	59.807
276.016	220.837	65.314	64.793
272.739	220.807	66.373	69.911
270.087	221.033	65.353	71.777
265.667	222.012	66.138	70.488
258.056	222.587	66.445	70.928
251.885	222.778	65.993	72.300
244.955	223.142	66.364	72.980
236.893	222.587	66.312	73.647
228.330	222.022	66.498	74.738
217.624	220.882	67.287	75.653
211.858	220.118	66.598	74.623
207.826	219.192	66.061	74.080
204.640	218.309	65.595	73.420
203.331	217.066	64.769	74.576
202.380	216.325	64.761	74.428
202.732	216.094	65.623	75.122
207.598	217.337	65.395	74.758
213.472	217.718	65.894	76.224
220.337	219.515	66.553	76.029
231.725	220.679	66.707	76.275
242.040	220.273	66.699	77.721
254.446	220.818	66.541	78.023
268.418	221.934	65.255	78.613
283.635	223.025	64.529	78.394
306.848	223.071	66.070	77.140
321.198	222.283	66.585	77.157
335.975	220.842	65.820	76.600
349.837	220.338	65.457	76.891
360.465	220.234	64.914	75.740
368.828	219.673	63.760	76.478
368.944	219.258	64.767	75.347
368.891	219.084	65.187	73.782
368.220	218.115	63.913	73.751
366.421	217.184	64.276	71.570
362.235	215.429	63.727	74.185
357.921	214.032	62.897	75.607
354.039	213.236	62.309	76.337
349.899	212.806	61.004	76.063
345.029	213.667	60.686	75.754
342.043	213.294	61.171	75.763
341.453	212.747	60.615	76.230
342.081	212.881	61.042	75.408
345.376	212.520	60.393	76.098
349.347	212.616	60.077	77.006
354.371	214.889	60.600	76.385
359.916	215.394	60.484	77.665
364.779	216.307	60.189	77.610
366.740	216.983	60.967	76.451
367.313	216.221	60.691	77.947
366.812	215.226	60.254	77.196
366.039	213.370	60.751	78.083
364.664	212.362	61.191	78.468
364.324	211.227	60.782	76.203
363.914	210.209	60.884	74.303
363.445	209.301	60.759	72.139
362.773	208.219	61.230	71.100
362.385	207.308	61.038	71.221
361.570	206.159	61.858	71.581
361.183	205.429	61.820	72.323
360.697	204.643	62.310	72.850
361.906	203.883	62.828	72.353
364.729	203.132	62.093	72.499
366.927	202.746	62.448	71.983
368.895	202.304	62.701	71.779
371.801	201.452	63.024	71.738
374.097	200.319	62.592	72.717
377.537	200.063	62.918	72.046
383.467	199.668	61.982	71.938
389.721	200.053	62.036	72.060
395.891	200.670	61.120	73.179
402.508	200.989	61.400	72.576
406.471	201.670	61.587	71.247
409.553	201.552	61.038	71.890
410.637	202.737	60.885	72.277
411.321	203.928	60.618	71.990
411.452	204.379	60.771	71.213
410.627	204.883	60.441	69.875
407.963	204.535	60.792	69.509
403.501	203.932	61.605	69.517
399.328	202.173	62.519	71.095
395.571	200.070	61.689	70.232
392.456	198.797	61.298	70.200
390.496	198.552	60.746	69.370
389.813	198.313	59.529	68.792
392.006	198.311	57.710	67.806
397.520	198.659	54.221	66.823
403.165	199.739	52.654	64.080
409.420	200.916	49.725	61.738
414.927	202.992	48.150	58.085
420.046	203.567	53.808	59.511
422.128	204.064	54.477	65.017
422.352	204.028	53.283	64.667
422.317	201.323	71.111	69.782
430.249	149.822	78.659	83.133
421.981	151.629	80.031	84.221
411.806	155.919	80.038	79.567
399.557	156.579	80.841	79.292
386.245	156.463	80.582	79.663
372.653	156.291	80.644	78.577
358.729	153.881	78.412	79.027
346.310	149.732	81.810	79.890
338.847	148.123	79.352	81.979
333.570	148.838	76.839	82.121
329.296	148.260	75.434	79.492
434.746	197.164	62.921	62.309
443.420	199.750	58.005	63.808
444.692	200.770	59.835	66.149
447.139	202.227	59.777	66.997
448.262	202.835	59.845	71.770
449.108	204.165	60.424	74.095
451.293	207.269	59.121	72.994
453.005	209.410	60.382	69.977
458.560	210.014	59.291	68.849
463.190	209.805	61.340	68.225
469.719	209.276	61.429	68.853
478.495	209.199	62.470	68.422
483.454	206.976	61.887	69.293
486.027	203.974	62.945	70.532
486.414	200.864	62.893	71.528
484.180	200.105	63.178	71.306
482.537	200.917	62.379	71.779
481.615	201.689	64.311	74.627
484.361	204.576	65.855	76.307
487.669	207.826	66.104	77.759
488.495	210.491	65.108	79.253
485.437	213.867	65.520	78.651
482.300	215.718	64.598	78.134
480.668	216.732	63.905	79.020
480.580	218.883	65.182	78.543
484.158	220.353	64.254	76.650
486.879	219.751	62.548	76.647
487.966	216.949	61.834	76.300
487.294	213.568	60.574	74.937
487.087	211.830	59.948	73.881
487.384	210.583	60.594	74.201
488.760	212.962	61.798	75.422
489.501	216.642	62.205	77.548
488.809	219.544	62.254	79.884
485.433	223.848	64.470	79.825
481.777	228.390	64.956	80.430
476.984	233.421	66.717	79.795
474.466	236.755	65.670	78.957
473.591	238.494	66.583	76.543
474.340	238.579	67.684	78.365
477.155	238.526	66.387	78.376
482.352	237.521	66.137	76.687
485.984	236.549	65.276	75.233
489.386	235.311	65.031	76.100
490.751	234.145	65.349	76.165
490.834	233.731	66.087	75.642
490.514	232.981	65.679	76.327
488.457	232.556	65.399	75.938
484.024	231.725	66.377	76.756
479.273	231.998	66.334	77.712
472.038	233.815	67.236	77.977
462.075	237.143	66.035	76.528
453.126	236.598	67.117	77.251
443.959	237.595	66.689	78.232
433.956	239.016	66.990	79.062
424.367	238.999	67.777	77.845
414.603	237.008	66.418	76.741
408.441	234.494	66.261	75.743
403.590	232.382	65.978	75.010
399.802	230.357	65.420	74.805
396.688	229.206	65.450	73.559
395.240	228.338	65.124	73.710
394.948	227.683	66.052	73.520
395.606	227.072	66.058	75.027
395.655	227.654	65.772	76.217
394.099	229.622	65.390	75.618
392.654	230.277	66.001	76.898
392.681	231.435	65.778	78.406
396.039	232.621	66.096	78.125
400.631	232.851	66.686	77.748
405.631	232.051	66.379	77.708
410.922	229.152	67.069	78.255
413.200	226.449	67.271	78.689
414.260	224.865	66.317	77.901
414.453	223.889	65.302	78.836
410.138	226.570	66.785	79.950
404.886	231.633	65.509	79.035
401.819	233.243	64.550	79.970
398.531	235.040	64.804	78.867
395.353	235.433	64.521	77.156
391.706	235.763	64.495	75.440
388.268	236.322	63.992	75.042
386.013	236.537	63.530	75.164
382.665	236.115	63.832	75.571
377.188	236.099	64.789	74.804
370.479	235.463	65.019	75.901
361.430	238.051	64.511	75.211
353.838	239.592	63.976	75.742
347.842	241.688	62.271	72.734
340.712	241.915	61.017	71.477
333.200	242.807	59.910	70.109
324.816	243.428	58.913	66.760
319.379	243.480	58.805	63.863
314.605	243.126	58.486	61.284
310.983	242.290	59.738	60.228
309.943	242.828	59.917	58.689
309.575	243.819	62.382	56.533
314.259	245.506	61.568	57.861
324.380	243.959	57.855	59.710
333.055	243.681	57.292	59.002
341.856	244.228	56.618	62.271
349.861	242.488	59.333	63.223
359.891	241.234	61.854	68.505
374.012	241.245	61.060	70.135
386.107	239.579	59.234	62.189
397.873	237.838	54.378	68.437
377.235	238.158	86.535	52.492
375.524	186.593	86.106	83.153
392.213	185.330	85.830	81.261
407.823	190.793	88.525	88.162
407.599	232.948	65.459	61.801
410.433	233.048	66.699	60.313
410.601	232.797	65.311	67.635
410.506	232.507	64.717	80.059
409.944	232.416	63.841	80.660
408.838	232.775	64.263	81.380
408.279	233.979	63.996	80.156
406.994	234.609	63.912	79.557
405.113	234.880	63.655	79.660
402.465	235.071	62.803	79.317
398.411	235.451	64.303	78.816
394.646	235.124	63.522	79.940
389.382	236.231	64.258	79.364
383.772	236.684	63.028	79.637
378.841	237.071	60.963	78.648
372.545	237.429	61.515	77.718
366.735	237.438	62.554	76.997
360.047	237.010	61.784	77.061
355.094	236.754	61.280	76.040
350.778	236.980	61.322	75.623
345.839	236.872	60.819	76.038
339.920	236.378	60.908	77.044
334.676	236.254	61.253	76.049
329.504	235.737	60.183	77.440
322.640	237.005	61.185	77.895
316.438	236.649	61.203	78.402
309.655	237.062	61.176	78.279
300.904	237.062	61.819	79.022
292.837	237.463	61.019	78.879
284.158	237.957	60.540	78.540
277.636	238.173	59.615	76.733
272.661	238.227	59.556	75.467
270.074	237.686	60.086	75.704
269.094	236.758	59.234	75.087
268.195	236.066	59.677	74.864
267.680	235.222	59.688	74.489
267.065	234.170	59.173	74.723
265.365	233.991	59.291	74.231
264.343	233.478	59.359	73.779
263.354	232.688	60.557	75.703
263.591	232.142	60.656	77.522
265.346	231.708	60.331	77.129
267.960	231.044	61.443	77.544
270.059	230.649	62.928	78.324
273.316	230.185	63.073	78.392
276.336	229.725	62.719	80.073
278.016	230.684	63.272	79.849
281.013	231.399	61.792	80.780
285.230	231.796	61.246	78.859
290.900	231.744	61.087	78.569
296.843	232.220	60.999	77.734
302.904	232.401	60.970	78.807
310.476	232.659	60.053	77.809
317.803	231.610	59.741	78.514
325.821	231.397	60.777	78.578
336.054	232.069	60.278	78.893
346.525	233.031	60.713	79.821
358.203	233.411	60.994	80.039
367.203	235.366	61.458	79.512
376.143	235.501	62.810	78.748
384.394	236.462	62.623	78.951
393.173	236.411	60.402	79.296
399.281	236.264	60.665	78.419
403.146	236.454	60.704	79.017
403.406	236.586	63.524	79.107
404.999	235.958	64.705	80.465
407.108	236.413	64.294	79.338
409.217	236.802	64.408	79.520
410.144	237.205	64.632	79.593
410.392	237.609	65.039	80.269
410.349	238.732	64.452	79.710
408.477	238.419	62.998	79.691
403.937	238.920	62.833	80.468
398.777	239.752	62.410	80.155
391.234	240.496	62.312	79.530
383.240	241.240	62.612	81.275
374.202	242.699	63.808	82.713
364.783	246.928	65.077	82.858
358.572	249.415	63.850	82.191
352.909	251.105	64.674	81.548
349.900	251.989	64.198	81.157
348.039	252.735	64.528	80.342
347.118	252.398	64.630	80.151
346.786	252.257	65.360	79.528
347.584	252.451	65.074	79.552
348.672	254.126	64.938	81.505
349.617	256.798	65.725	83.597
350.164	258.894	65.492	83.802
349.991	258.770	64.978	82.735
349.988	254.514	63.838	83.094
351.764	249.315	63.390	83.091
357.277	246.947	62.682	81.752
364.650	248.884	62.812	80.946
370.905	255.027	63.097	83.675
375.543	261.749	64.303	84.063
379.190	265.671	64.635	84.185
381.255	266.707	64.897	82.678
383.926	265.666	64.111	83.164
385.625	263.717	63.496	82.115
386.637	262.710	63.377	81.165
385.884	261.734	64.067	81.093
384.597	260.753	63.169	80.645
382.610	260.514	62.093	79.527
379.945	260.346	61.712	79.204
375.145	261.206	62.360	79.563
370.130	261.346	61.789	79.637
363.626	259.644	61.036	80.203
352.532	255.893	60.992	80.454
340.964	252.714	61.016	81.057
329.659	252.224	60.642	79.680
319.158	252.197	60.477	79.819
311.051	252.837	61.199	78.161
305.321	253.010	61.909	78.176
302.177	253.371	61.565	76.842
301.143	251.408	60.303	78.052
300.988	249.944	60.409	78.333
302.156	248.901	60.853	77.860
304.216	248.441	61.740	78.503
305.806	247.998	62.437	79.572
307.339	247.490	63.008	80.292
308.089	247.427	63.813	80.598
309.010	246.622	63.440	80.299
309.481	245.515	61.975	80.449
308.564	244.410	61.246	79.475
305.229	243.763	61.730	78.351
302.627	242.945	60.326	79.193
298.526	242.960	59.592	78.702
293.270	243.465	61.795	78.133
291.887	242.940	61.293	78.531
291.046	242.229	61.019	78.446
291.653	241.401	62.351	77.814
296.645	240.078	60.867	79.437
302.543	240.304	59.969	79.123
309.530	239.949	60.032	80.511
316.914	239.654	61.035	81.275
324.204	239.739	63.961	80.824
333.413	238.768	63.741	81.724
342.753	238.156	63.350	81.637
351.279	238.133	62.453	81.195
359.550	238.894	62.815	80.373
367.062	239.880	63.292	79.660
374.245	240.672	62.947	79.557
382.058	243.317	61.478	79.195
388.657	245.033	61.058	80.599
396.282	245.077	62.265	81.263
408.588	244.232	61.625	81.556
421.773	242.603	60.439	82.067
432.887	242.002	61.618	81.609
443.313	240.355	62.437	81.841
451.159	238.490	60.370	81.330
455.078	238.587	61.213	79.260
456.580	238.996	62.273	79.694
457.604	239.766	62.287	80.667
456.921	240.228	62.755	82.180
454.762	241.413	61.543	82.033
451.145	242.327	61.111	80.259
448.342	243.324	60.066	78.959
444.286	243.597	59.069	77.641
440.620	242.888	59.291	77.946
439.585	241.700	58.807	78.355
439.022	240.564	59.502	77.515
440.652	238.125	60.054	76.350
443.529	235.725	58.530	78.071
446.166	234.000	56.828	77.075
449.321	205.764	67.285	86.830
418.014	196.211	93.640	87.028
437.556	214.083	83.915	76.599
455.142	235.434	62.625	71.401
456.260	236.383	60.224	72.763
454.352	238.245	60.169	77.320
452.347	240.551	62.608	82.178
452.403	240.815	62.952	82.094
456.664	239.753	64.221	79.867
464.707	238.208	63.820	79.612
475.693	235.256	64.371	78.851
486.699	231.962	67.221	79.190
498.632	229.580	67.356	77.346
512.317	228.426	68.663	76.950
522.206	229.033	66.741	77.037
531.249	231.300	64.987	75.495
537.574	234.096	64.342	74.175
541.942	235.758	65.892	73.041
545.297	236.321	64.902	71.919
548.936	236.262	67.749	70.786
553.065	234.013	67.515	73.562
558.660	233.851	67.676	72.975
567.609	231.466	68.349	75.139
578.119	230.329	70.340	76.093
587.142	229.824	67.694	76.416
596.665	229.217	66.852	75.969
603.443	230.134	68.374	78.212
609.014	231.028	67.009	77.907
614.605	232.644	66.293	77.262
617.954	232.845	67.845	75.730
620.786	232.154	68.660	76.951
621.610	231.739	66.234	76.020
619.364	233.252	67.553	75.034
614.649	233.001	68.090	73.398
607.306	232.076	68.126	75.448
595.079	230.645	68.297	77.459
582.600	228.755	68.592	77.896
568.121	225.651	68.577	80.551
550.984	223.052	68.541	80.928
536.039	222.088	68.958	81.098
522.638	220.868	71.135	78.943
512.997	219.701	70.107	77.994
506.052	220.026	66.658	76.225
502.233	220.636	67.011	74.101
501.033	218.673	67.094	73.546
500.425	217.295	68.642	72.959
502.215	217.546	68.980	74.282
506.130	216.980	71.767	77.539
510.323	216.860	74.598	81.541
520.608	215.585	73.284	81.075
532.797	214.270	70.939	83.523
547.641	211.183	72.023	89.229
557.538	211.450	71.306	83.347
561.712	211.144	74.866	80.175
561.663	212.309	70.855	79.845
556.875	214.719	72.763	84.402
547.505	219.584	70.768	83.245
535.692	223.506	69.890	82.057
523.407	224.523	68.985	81.281
510.566	224.713	70.049	80.190
498.801	223.454	71.658	80.668
490.086	223.297	72.541	79.503
482.578	223.470	71.645	81.335
478.811	225.165	72.320	79.633
478.588	225.420	70.254	79.767
477.182	223.755	70.795	79.404
474.919	221.586	71.306	79.729
473.712	219.929	69.872	79.130
472.799	219.190	69.072	78.261
471.832	221.211	71.654	79.841
474.225	223.782	70.132	77.655
474.738	225.050	69.273	77.511
475.299	226.079	70.187	75.123
475.935	227.194	69.597	76.549
476.853	227.859	69.865	75.907
476.768	226.792	70.017	77.537
477.537	226.574	69.817	75.890
479.066	226.454	71.479	74.817
480.878	227.076	69.422	74.817
481.173	227.619	68.484	76.176
480.169	229.723	67.893	78.326
477.065	231.531	68.344	80.348
476.851	231.389	66.313	80.005
476.238	230.478	65.535	78.978
474.626	227.656	65.159	79.531
472.482	227.575	65.186	78.006
470.360	227.859	65.213	79.325
467.312	230.471	66.670	78.573
466.404	232.451	66.281	80.121
466.385	235.120	66.371	79.243
467.676	235.811	65.605	78.982
470.141	234.067	65.716	78.195
473.217	232.376	65.619	77.096
476.424	231.448	65.258	77.646
476.607	231.124	65.452	77.431
474.258	232.661	66.079	78.462
473.259	233.431	65.240	78.789
471.424	232.850	65.917	78.436
469.082	232.798	66.058	78.045
464.006	232.792	67.179	78.092
456.923	230.238	67.137	79.932
447.949	229.946	67.364	78.757
439.719	232.044	66.701	80.942
430.937	237.212	66.201	81.014
420.544	240.706	65.512	80.757
413.192	242.526	66.410	80.197
407.362	243.662	65.938	79.404
401.374	241.866	65.871	78.493
400.165	238.251	62.666	78.437
399.686	236.009	60.882	76.534
399.237	232.925	59.950	75.606
398.029	232.347	59.882	74.501
394.773	232.373	61.241	75.250
389.143	233.888	63.474	76.668
385.995	233.265	62.740	76.270
382.552	230.148	62.919	77.055
377.642	226.395	62.328	77.334
371.605	223.837	62.834	76.593
366.654	222.814	64.462	76.783
363.094	224.135	63.008	77.168
360.772	225.090	62.810	78.218
359.314	226.633	62.970	77.221
359.880	227.216	61.105	77.202
359.824	226.045	61.195	76.786
362.883	223.276	60.615	75.101
368.088	221.926	60.516	73.988
373.129	220.989	60.979	75.609
378.586	222.042	61.135	75.632
382.257	225.116	62.370	76.817
384.393	229.166	62.739	75.350
386.188	228.535	61.667	75.918
387.730	227.503	62.409	75.942
389.646	222.759	61.954	77.183
389.761	219.865	61.207	76.290
389.435	220.172	61.210	75.797
388.834	223.881	62.510	75.102
389.336	226.951	61.708	75.605
389.500	230.076	61.949	75.664
390.641	232.355	61.737	75.240
391.894	234.216	60.028	73.580
392.257	234.085	59.270	72.184
392.290	233.563	59.289	71.601
392.484	232.693	60.483	72.407
392.740	232.251	61.317	71.802
393.613	232.414	61.075	69.933
393.820	234.358	61.107	67.753
392.780	236.096	61.305	67.938
392.484	236.490	61.171	65.991
393.414	236.231	60.609	63.807
397.919	234.476	58.284	61.091
404.149	232.072	54.861	61.405
413.661	230.122	50.328	61.688
424.602	228.162	45.656	62.753
434.466	227.381	42.011	57.571
412.449	204.564	70.438	72.553
413.579	188.182	74.606	83.494
424.588	189.580	77.648	81.197
436.859	195.534	79.133	77.178
424.032	233.364	61.151	62.360
422.939	235.842	62.035	63.831
419.081	237.676	62.936	64.293
413.518	238.977	63.468	68.069
407.331	237.120	62.295	74.122
402.861	235.168	62.345	74.688
400.190	234.361	62.561	73.043
398.893	233.379	61.527	73.216
397.210	232.214	61.729	74.631
394.221	233.556	62.774	74.634
389.648	236.291	63.178	76.347
381.957	239.898	63.498	76.953
377.469	239.886	64.741	77.917
376.982	238.577	63.612	79.189
377.429	237.617	63.285	78.223
378.618	237.568	61.915	77.310
379.685	236.311	60.593	77.295
378.973	235.604	60.140	78.195
376.118	234.728	60.177	77.930
369.808	234.272	62.054	79.292
366.195	235.153	61.875	82.133
360.969	238.025	64.043	82.613
357.859	238.382	63.511	83.256
355.479	238.323	63.829	83.683
353.188	238.122	64.836	82.434
352.337	237.018	65.044	81.355
351.737	233.469	64.874	79.053
353.415	230.891	64.491	76.822
356.170	229.011	65.205	75.642
359.491	227.142	64.646	76.524
360.828	226.441	64.562	76.302
361.569	227.839	63.398	77.425
361.001	228.059	64.496	75.583
361.978	226.794	64.046	74.328
362.547	225.171	62.762	75.024
361.934	222.806	60.775	75.138
358.450	220.955	61.566	71.433
356.642	220.124	61.861	73.107
354.938	221.108	62.038	74.855
353.284	222.948	63.495	73.691
352.764	224.488	64.517	73.202
353.137	225.174	66.161	72.688
354.867	223.792	65.221	72.795
357.381	220.923	64.450	73.665
360.697	217.545	66.097	73.937
364.537	215.485	67.829	73.520
368.749	214.152	68.422	74.528
370.780	214.548	67.247	75.906
370.873	218.553	66.932	75.626
368.291	221.420	64.899	76.454
361.238	224.493	66.193	75.607
358.990	224.289	62.892	75.516
358.113	223.859	62.132	73.665
356.827	222.558	62.025	72.781
355.321	221.214	61.123	72.381
350.303	219.196	61.649	72.697
347.314	218.668	61.854	72.614
346.631	220.130	62.296	74.509
347.066	222.129	62.897	78.771
347.478	224.166	64.751	79.518
350.010	224.687	64.902	81.143
355.665	226.571	65.136	80.453
361.133	226.339	65.970	79.379
370.923	224.617	64.236	81.324
383.687	222.785	62.357	84.678
395.690	222.054	62.593	85.141
406.910	221.099	65.205	86.125
419.198	220.975	62.154	84.277
424.112	225.431	63.059	84.499
424.023	228.680	63.884	81.904
422.787	229.192	63.819	81.720
421.361	229.830	63.631	80.191
419.796	230.327	62.627	77.669
419.366	229.807	60.745	77.883
418.480	229.084	60.401	77.294
418.237	229.149	59.950	75.670
418.264	228.815	59.936	74.799
419.553	227.763	60.823	75.331
424.060	226.647	59.989	75.906
428.801	225.379	59.135	76.425
431.956	224.979	60.388	75.453
436.772	224.330	59.709	76.074
442.095	225.596	59.618	78.454
445.572	227.660	61.419	77.952
449.007	228.337	61.834	78.791
453.150	228.943	61.800	78.562
456.998	229.414	61.814	78.957
459.443	229.678	62.866	78.515
463.374	228.368	63.059	78.709
470.369	226.757	62.408	79.053
478.033	225.914	61.774	79.478
483.435	226.145	61.615	79.631
487.525	227.712	63.090	81.222
488.944	230.833	65.950	81.625
489.676	231.716	66.629	80.129
493.129	231.391	67.290	79.908
499.729	230.198	67.299	78.668
506.106	228.865	67.055	78.168
509.572	227.449	66.427	78.841
511.592	226.118	66.330	78.824
514.999	225.536	65.519	80.596
518.157	228.993	66.585	81.660
523.542	234.593	66.730	80.370
528.253	235.730	64.760	78.361
533.820	235.336	63.453	77.335
538.187	234.890	63.332	75.864
542.021	232.038	63.098	75.802
550.088	226.485	62.315	76.918
557.189	226.688	61.623	75.028
561.106	229.996	61.675	73.153
562.927	232.600	61.450	73.118
564.260	234.681	61.319	73.506
565.260	237.824	60.627	73.163
566.282	237.193	60.190	73.736
568.344	235.500	60.412	74.000
569.503	233.329	59.497	73.595
569.624	230.137	58.627	73.596
566.595	224.645	60.004	75.090
563.659	223.885	59.440	71.861
561.629	226.354	59.671	71.218
560.578	229.571	57.436	73.192
559.416	230.054	55.502	74.984
559.009	229.545	55.114	74.301
559.525	227.722	52.855	75.199
561.205	224.913	52.872	75.917
564.183	219.663	56.393	76.895
568.721	188.801	59.721	99.456
567.831	181.735	70.374	84.431
568.076	177.361	77.284	91.475
588.142	210.270	69.536	94.148
592.896	216.240	62.406	88.318
591.198	219.449	62.052	78.102
589.677	224.131	60.218	70.918
586.600	223.417	62.057	70.956
585.818	221.169	61.346	73.490
583.486	218.630	61.754	72.666
580.225	216.423	61.912	74.886
575.800	215.378	59.951	73.972
571.490	218.126	59.535	74.417
568.816	223.413	58.442	75.801
565.962	229.665	58.331	74.048
563.206	232.088	58.074	72.138
560.877	234.386	58.296	71.048
559.551	234.377	58.234	71.082
557.361	233.844	57.746	70.388
556.870	231.937	57.153	70.451
556.593	230.224	57.675	70.652
556.063	229.421	58.950	71.198
553.704	229.535	60.514	74.352
548.941	232.146	61.323	78.767
542.172	236.581	63.630	80.071
534.380	240.444	64.773	81.321
523.073	244.652	64.351	80.674
512.778	247.394	64.031	79.367
501.729	247.858	63.942	76.755
491.572	244.936	63.702	76.638
482.470	241.032	62.756	76.960
467.799	235.904	63.774	77.324
457.839	234.339	63.488	76.524
448.581	233.052	63.998	76.147
440.460	232.999	64.640	76.289
433.463	232.986	65.166	76.572
428.475	235.708	63.566	77.363
425.379	236.653	63.431	76.057
423.557	236.168	62.590	76.034
423.323	234.010	63.501	75.565
426.233	231.906	64.214	75.589
428.242	230.895	65.038	74.380
428.887	232.133	63.590	74.439
427.284	235.124	62.752	75.690
424.085	236.902	62.973	75.352
420.664	237.900	63.167	74.301
416.778	237.184	62.495	74.081
412.135	236.255	63.458	74.076
406.337	234.671	63.321	75.111
399.497	233.910	64.584	75.325
393.412	233.820	64.631	75.355
385.784	236.442	65.571	75.962
381.975	238.379	64.496	75.683
379.349	239.521	63.544	73.827
377.817	239.723	63.129	73.167
377.021	239.095	63.267	73.131
377.468	236.371	63.621	73.314
385.002	232.938	64.004	76.909
393.561	231.663	63.731	77.022
404.880	231.414	62.281	75.940
417.083	231.987	60.402	78.069
432.821	231.397	59.395	79.109
448.535	230.454	59.049	80.863
464.690	228.873	59.227	80.351
481.852	228.481	59.994	80.688
497.783	226.572	61.133	81.388
513.328	225.287	63.779	83.359
527.230	224.291	63.294	81.558
536.742	222.704	64.144	81.923
546.122	220.766	64.184	82.182
554.934	217.939	64.006	80.451
561.612	215.497	65.121	79.168
564.568	214.294	64.761	78.819
564.727	214.805	63.678	77.498
561.887	216.802	62.422	78.076
556.137	217.848	62.929	77.314
550.915	220.110	60.899	77.614
548.400	222.213	60.070	77.712
546.102	224.218	61.232	76.430
544.930	224.686	61.054	75.614
544.187	225.525	60.431	72.346
546.737	227.263	61.701	71.669
553.074	230.156	60.665	70.214
559.412	229.514	60.025	70.090
567.703	228.595	60.167	69.750
577.419	229.107	59.296	69.527
586.561	230.002	58.575	69.078
592.526	231.747	57.435	69.293
597.441	234.234	56.496	70.527
601.740	236.935	56.476	69.900
604.079	236.523	57.029	68.239
604.223	235.830	56.110	68.935
601.679	235.501	56.749	67.316
599.269	235.106	56.112	68.385
594.797	236.100	56.277	70.621
589.168	237.987	57.472	71.031
583.727	239.543	57.310	73.185
578.654	240.820	57.898	71.269
573.141	239.243	57.890	70.435
569.119	236.357	56.429	70.463
566.353	235.702	55.980	69.000
563.882	234.832	55.979	71.040
561.083	237.077	57.078	71.973
560.102	238.441	57.499	73.950
560.760	239.074	57.477	76.338
562.800	238.605	58.745	75.939
567.526	236.768	59.068	74.802
574.405	233.788	60.320	75.177
581.465	232.084	60.254	76.270
588.237	231.221	59.437	76.408
593.571	229.638	59.186	76.354
594.965	227.685	61.480	77.150
596.870	224.908	62.774	78.327
598.225	222.612	63.944	78.251
598.904	221.273	63.735	77.979
597.653	221.193	65.036	77.191
593.502	221.386	65.620	76.633
587.081	222.279	66.096	76.907
583.972	222.528	64.509	77.229
582.565	220.751	63.685	76.889
582.075	218.213	63.121	77.132
583.700	214.712	63.099	78.668
586.273	210.566	64.066	78.167
589.863	207.259	64.053	77.569
594.374	204.135	63.485	77.105
597.601	201.468	64.530	78.346
602.491	200.374	64.695	77.844
607.242	200.230	65.750	78.221
609.650	200.440	65.277	77.761
609.960	199.095	63.998	79.097
609.485	199.594	65.675	78.335
608.655	196.359	64.394	80.849
607.432	190.965	63.296	82.870
606.161	184.910	63.382	84.779
603.248	179.957	65.223	83.917
600.835	177.764	65.145	81.139
598.227	177.755	65.076	83.022
592.548	182.739	66.455	86.397
586.425	188.225	69.174	86.990
583.397	189.697	68.527	84.361
582.244	189.216	67.992	83.236
581.749	185.012	66.293	85.771
579.198	179.365	66.153	86.020
575.294	177.047	66.575	81.566
570.089	176.143	67.726	81.942
564.993	179.670	68.189	86.541
559.650	186.119	68.899	87.022
552.776	192.164	69.440	85.802
548.128	195.501	67.824	85.987
539.800	196.863	70.345	84.608
531.832	195.152	69.865	83.984
524.560	192.574	66.538	83.120
515.599	191.974	66.865	84.028
504.904	195.099	68.312	86.790
491.217	198.332	69.337	90.282
478.377	200.916	70.246	90.090
466.629	201.583	70.908	88.243
457.500	198.290	72.253	90.216
449.693	191.445	71.662	89.711
439.724	184.197	70.688	88.499
428.021	179.780	69.660	85.704
415.802	179.831	69.423	83.574
404.749	184.395	68.344	85.052
394.874	190.645	68.763	86.267
387.346	195.812	67.212	85.386
383.574	195.634	67.765	83.041
381.922	191.408	67.258	83.493
380.658	186.908	67.681	81.701
380.913	186.015	67.057	81.044
381.183	185.532	67.647	81.109
380.999	187.905	66.614	81.431
378.745	191.647	67.218	80.813
376.933	194.221	67.513	80.086
375.599	194.434	67.725	79.526
373.562	191.416	67.121	82.276
370.015	187.698	68.800	84.608
364.530	186.080	70.442	86.177
357.391	188.777	70.708	80.562
354.199	192.320	69.227	78.784
349.883	192.987	70.355	78.500
347.273	193.963	70.269	78.256
344.672	193.086	71.767	79.130
340.572	192.364	71.400	79.062
335.721	193.196	71.099	78.441
333.171	194.389	70.945	77.839
332.693	195.627	70.766	78.129
335.877	194.674	72.898	81.134
346.448	192.703	73.213	79.653
356.461	192.261	72.327	79.565
365.012	192.420	72.083	79.524
371.195	191.994	71.513	79.227
376.112	192.626	71.006	78.849
378.273	193.613	71.741	79.546
379.679	194.470	70.346	80.933
377.818	194.994	70.487	81.672
374.924	196.577	71.637	80.726
372.721	196.623	71.695	81.198
369.994	197.315	71.492	79.874
370.306	197.314	69.976	81.435
371.766	195.091	69.687	85.918
372.818	195.136	70.961	87.005
375.682	195.184	72.790	85.775
380.507	196.818	72.840	82.042
383.837	197.386	72.777	81.020
386.573	197.846	73.518	79.932
389.727	197.413	75.246	81.964
395.954	199.922	75.887	83.188
407.300	203.598	75.288	82.413
418.358	204.888	71.184	82.479
423.463	205.846	72.117	78.333
425.807	203.116	70.801	78.972
426.585	201.481	70.106	79.972
424.535	208.166	70.257	80.077
424.158	216.185	69.197	84.041
423.877	224.806	68.534	87.469
423.538	231.748	69.804	89.501
424.854	238.926	72.253	85.307
434.672	239.626	70.570	84.359
443.114	240.408	71.661	84.659
449.676	242.929	73.704	86.948
454.690	248.474	74.430	84.358
457.907	248.856	74.459	83.814
461.861	243.996	74.652	84.381
466.257	238.012	73.148	84.196
470.106	232.780	72.215	84.480
472.152	230.075	72.816	83.207
473.276	229.017	71.881	82.659
474.927	231.630	72.392	83.055
478.522	233.711	72.721	82.480
484.820	234.433	72.242	83.032
491.796	233.824	72.010	83.047
498.522	232.134	71.993	82.115
503.966	230.646	72.985	81.833
507.446	230.242	72.010	82.039
508.800	230.617	72.643	82.478
510.238	230.573	72.407	82.918
511.201	231.433	72.740	82.862
513.208	230.994	71.480	83.837
513.851	231.443	73.614	81.728
516.794	230.050	73.821	82.039
518.351	229.387	74.880	81.295
519.327	227.724	74.456	82.334
518.327	226.267	72.165	81.135
515.374	225.754	71.013	80.138
510.563	224.595	70.984	79.957
505.666	223.870	71.943	79.286
504.587	223.679	71.451	79.232
503.306	226.027	74.323	83.349
507.501	228.789	76.257	89.424
515.800	233.831	76.765	91.578
527.611	238.445	76.418	90.735
535.169	243.802	79.580	86.628
539.230	246.311	78.736	85.740
537.029	249.637	77.226	85.730
531.237	254.307	78.791	85.875
526.234	258.855	77.971	87.268
521.543	262.771	78.055	86.009
519.235	260.362	76.730	86.470
515.266	253.796	75.938	86.425
512.435	249.399	74.500	85.316
506.398	246.217	73.838	83.992
497.150	245.474	74.361	83.137
483.649	248.605	74.664	82.401
473.327	252.513	73.938	83.786
461.986	256.984	74.302	82.853
452.797	258.140	74.682	82.678
446.704	258.378	74.731	82.261
444.194	257.543	72.881	82.225
443.015	256.232	73.200	82.967
445.134	254.845	74.363	84.367
452.607	257.588	74.254	85.116
462.893	259.272	74.666	87.536
475.249	261.112	82.177	89.554
492.417	260.791	78.123	95.283
508.490	261.718	78.036	98.385
524.092	265.522	79.578	90.917
536.841	267.933	81.318	88.050
548.305	268.028	83.247	88.873
564.600	265.039	80.796	88.612
574.216	263.774	81.108	88.116
581.338	265.071	80.368	85.162
585.370	264.074	80.544	85.720
587.744	263.688	79.468	86.359
587.883	264.745	78.020	85.791
581.817	267.736	77.740	85.899
572.451	270.670	77.836	86.233
559.578	272.886	76.437	84.503
544.566	267.430	76.597	88.606
528.131	256.771	76.694	91.701
513.968	250.359	75.339	91.006
497.334	249.238	73.723	86.809
476.306	244.455	78.172	84.589
459.430	238.818	79.071	86.768
436.221	238.434	81.481	87.654
416.460	239.354	92.474	88.460
399.092	245.980	82.191	88.776
378.747	250.225	89.058	93.743
362.485	260.064	87.957	88.412
350.022	272.131	84.511	86.685
343.159	281.316	85.994	88.884
339.959	292.290	86.903	82.821
337.412	298.520	88.016	81.718
336.193	301.492	85.982	81.582
334.493	302.392	90.420	82.737
332.930	302.809	89.124	83.350
330.215	303.607	88.710	82.372
327.301	303.844	87.899	82.607
323.118	305.673	87.365	81.632
322.361	303.811	86.433	84.537
325.185	301.483	84.973	87.403
331.306	299.650	86.264	84.580
342.977	292.736	82.430	87.999
356.416	289.042	83.370	86.226
384.981	285.541	76.632	86.717
409.980	283.202	74.262	87.344
436.216	281.207	76.109	85.624
466.467	278.454	77.190	85.958
496.323	279.526	80.551	86.777
534.971	286.171	81.737	85.548
557.753	296.497	83.754	82.907
577.629	303.953	80.267	82.618
590.642	309.750	79.427	80.212
600.591	312.962	78.920	79.255
606.018	315.762	82.022	77.929
607.986	317.249	83.574	76.346
609.874	317.008	83.077	76.860
610.254	316.343	82.927	75.864
610.803	312.294	82.174	76.295
611.679	304.380	80.848	77.396
613.190	294.664	79.992	79.304
616.252	284.293	79.658	80.614
624.324	271.133	75.735	86.599
630.996	258.734	73.733	90.157
634.712	243.117	74.483	89.252
638.341	228.581	72.732	90.120
638.983	219.395	73.913	88.632
641.125	210.135	71.448	89.083
641.570	200.278	71.507	89.659
639.295	194.861	71.931	82.431
636.324	193.697	71.552	77.152
629.422	198.307	71.893	84.521
623.112	208.311	70.568	86.815
615.926	216.503	72.196	85.653
609.334	224.845	71.528	88.086
609.180	232.369	68.481	86.142
608.522	236.851	66.319	83.599
606.750	238.103	66.948	81.141
605.370	238.840	65.789	79.113
605.506	237.976	65.853	79.232
607.029	235.141	67.825	81.962
612.951	232.798	68.115	82.947
620.262	230.994	68.899	84.136
629.225	229.507	71.276	83.697
644.774	226.141	67.419	84.679
649.625	225.646	73.958	85.904
661.132	224.284	72.367	83.790
671.608	225.622	71.719	81.575
679.415	225.998	71.594	82.793
681.366	228.681	76.051	80.815
682.709	228.859	80.537	78.444
684.291	228.260	79.520	79.672
684.905	227.964	78.546	80.226
683.431	227.472	78.701	79.732
679.978	226.679	77.301	82.677
671.086	221.843	78.775	82.749
657.447	216.329	80.500	84.553
637.487	212.085	80.133	83.501
613.664	211.984	81.006	81.141
582.847	210.953	85.104	80.673
559.546	210.392	85.020	85.620
540.938	213.433	83.997	83.856
524.790	216.188	81.486	85.409
511.315	218.291	79.932	85.373
493.164	224.391	78.590	82.467
484.496	230.771	76.745	83.230
474.902	233.394	74.931	84.745
467.975	238.720	72.541	79.840
463.179	242.016	71.394	76.948
456.191	244.403	72.059	78.302
456.771	245.296	72.317	78.730
459.245	246.445	72.947	75.769
467.595	242.638	69.070	78.963
477.519	239.777	65.292	79.273
491.509	234.253	63.576	79.301
501.849	233.081	65.424	77.145
513.477	233.286	64.260	76.369
522.672	235.625	64.841	78.043
529.963	240.311	64.276	80.218
535.164	247.676	66.144	82.429
538.190	250.920	66.306	80.784
538.276	251.406	65.613	78.386
536.200	251.538	65.318	76.897
531.008	251.182	66.666	77.433
514.843	250.538	68.524	78.375
503.914	249.027	67.928	78.340
495.593	246.615	68.145	77.866
490.105	244.589	68.348	77.493
483.534	242.534	68.800	77.248
475.122	239.122	67.551	77.693
471.033	237.394	66.212	76.207
466.863	237.994	66.843	75.257
463.984	240.084	66.086	75.579
461.189	243.034	65.700	75.107
459.142	245.004	65.587	74.322
458.557	244.616	65.427	74.285
457.645	243.481	66.093	74.533
457.006	242.258	65.865	74.682
457.017	239.544	65.815	76.432
461.517	233.223	69.457	77.881
472.265	230.107	68.329	78.888
483.130	225.657	67.693	79.511
496.495	222.717	66.806	79.653
511.549	222.138	66.565	78.861
528.238	227.476	67.028	81.516
537.348	232.825	67.461	83.284
544.685	235.833	66.058	85.050
550.382	236.760	64.972	84.060
551.750	236.525	65.539	84.906
552.054	235.439	65.609	83.202
550.554	231.920	65.399	83.098
548.283	227.548	65.568	82.351
543.125	224.480	67.353	82.104
539.720	223.864	65.682	79.045
536.482	226.867	65.584	79.705
534.605	230.955	63.907	81.952
533.208	233.826	64.957	80.926
534.155	235.492	62.969	78.669
537.432	236.346	62.135	77.045
543.093	236.734	61.297	75.097
553.886	236.610	61.003	73.612
565.439	236.727	58.580	74.693
574.753	235.746	59.918	75.372
587.582	234.551	61.207	77.096
603.408	234.593	63.656	76.910
613.987	234.503	63.325	77.187
623.224	234.349	63.952	77.393
631.394	234.401	63.367	75.764
635.239	234.581	64.608	73.513
639.012	235.324	63.231	73.874
639.651	234.361	62.554	74.419
638.109	233.515	64.013	75.152
634.860	232.584	64.413	75.655
632.343	232.155	64.201	74.231
628.914	231.420	63.980	73.191
623.590	231.551	64.989	74.779
619.023	233.125	64.779	77.073
614.204	233.894	65.383	76.202
611.468	234.223	65.413	76.046
610.231	232.878	64.461	76.818
609.932	232.357	63.828	77.391
609.834	230.642	64.951	76.294
612.192	229.346	64.693	76.594
613.227	229.500	64.590	79.638
613.357	230.116	64.649	82.990
612.582	232.785	64.760	82.597
612.008	234.831	64.818	82.390
612.838	236.314	65.717	80.960
614.389	235.615	64.135	79.859
614.412	234.874	63.716	78.638
613.453	234.013	63.544	75.659
612.568	233.377	63.105	73.727
611.230	232.821	63.704	72.906
609.131	234.578	64.148	74.868
606.413	238.520	64.290	74.442
604.690	241.908	63.528	72.499
605.148	242.477	62.371	71.676
605.707	241.042	63.521	72.518
607.784	238.653	65.118	73.321
609.674	235.824	64.826	72.954
610.873	233.718	64.662	72.273
613.663	232.723	64.838	71.325
616.271	231.695	64.602	71.955
617.635	230.102	65.145	73.033
619.160	227.613	64.996	73.471
619.991	223.792	63.832	74.810
619.781	219.288	63.571	75.711
619.833	215.556	64.816	77.202
621.141	212.773	66.217	78.685
622.515	211.092	67.529	79.535
623.584	210.389	68.477	78.570
624.478	209.389	68.489	78.984
624.501	209.234	68.714	78.823
624.198	208.662	68.578	77.639
624.530	207.355	68.874	76.577
625.539	205.449	67.480	76.784
625.852	203.726	67.361	77.082
625.424	202.798	67.701	76.999
625.093	202.113	67.736	76.646
625.414	201.538	68.452	76.172
626.944	200.639	68.903	76.018
628.576	200.765	69.133	76.967
630.667	201.157	69.147	78.434
632.049	201.772	68.739	79.613
632.862	202.676	69.019	77.809
633.299	202.782	68.659	77.519
633.098	203.045	68.942	76.915
632.844	202.993	68.881	77.084
631.629	202.630	69.872	77.369
629.706	202.730	70.452	77.492
627.050	202.935	69.154	78.305
621.874	204.125	70.148	76.807
616.989	205.592	69.258	78.716
609.237	207.112	70.348	79.480
601.260	208.806	69.807	80.083
592.669	210.100	70.182	80.828
584.559	211.448	67.650	81.474
574.604	211.643	67.872	80.543
563.109	213.869	69.901	77.964
550.707	216.509	71.028	75.931
535.250	217.744	71.605	76.688
523.938	218.324	68.830	76.556
512.168	217.162	66.895	77.419
497.617	215.889	70.501	81.343
487.696	213.971	71.239	82.241
478.392	211.409	70.330	81.573
471.767	208.745	69.635	82.785
464.711	206.963	72.130	84.514
459.120	205.745	72.390	83.273
452.747	205.914	73.543	80.637
448.397	205.858	71.944	79.296
443.507	204.507	72.036	78.003
441.037	203.246	71.121	79.365
439.422	202.666	70.594	79.535
437.588	201.920	71.222	79.453
435.719	201.786	72.072	79.407
434.423	202.963	72.156	78.896
435.567	202.626	72.608	79.286
438.694	202.896	72.042	80.579
442.371	201.746	73.717	80.975
448.402	200.930	75.863	80.821
455.858	200.598	75.526	82.208
462.525	201.421	76.206	84.795
471.289	203.521	76.054	88.433
480.111	208.167	77.535	91.963
491.208	217.066	82.078	95.354
503.729	235.452	85.151	87.129
518.028	244.774	86.902	81.933
529.114	253.805	88.285	79.544
541.668	260.829	86.606	76.548
557.215	272.211	82.918	71.521
568.265	276.678	81.782	72.724
574.113	278.076	84.383	75.231
577.148	283.017	81.820	75.264
579.873	287.130	83.522	74.602
580.602	289.994	83.406	73.380
580.985	292.581	82.803	70.617
578.036	293.964	80.751	68.724
576.677	293.913	78.455	68.271
573.188	291.222	79.368	70.361
564.473	289.497	84.536	71.035
562.301	285.131	85.694	74.868
555.485	281.245	85.946	73.847
547.212	276.589	86.191	72.214
541.300	268.957	85.141	80.755
528.892	259.467	81.893	84.964
516.847	252.898	80.233	84.253
504.598	246.946	78.167	85.271
489.506	243.515	77.216	85.444
472.446	242.984	81.821	84.267
459.487	243.733	82.623	83.215
452.533	245.305	83.090	81.472
445.354	249.122	87.270	77.868
439.118	253.025	92.064	76.813
432.310	256.769	94.718	76.666
423.483	261.434	95.323	76.207
419.174	264.578	93.897	77.843
415.014	269.245	95.007	78.720
412.838	272.198	94.460	79.162
411.344	272.449	93.143	79.134
407.616	271.266	94.255	79.133
405.765	268.661	94.181	80.919
405.433	266.909	93.000	81.212
404.885	266.359	94.555	81.049
407.368	263.200	93.714	83.371
408.606	257.342	90.244	84.765
407.799	253.923	90.733	84.867
406.428	251.673	88.645	84.407
404.528	249.687	87.361	83.874
401.810	247.021	84.656	83.576
396.933	240.576	82.445	85.455
391.509	235.088	77.715	86.216
388.459	231.173	74.479	84.036
386.951	227.318	72.626	83.020
387.170	223.850	68.918	82.761
388.157	215.250	68.324	81.604
391.680	207.306	67.830	79.343
395.027	199.804	68.625	79.000
399.554	196.247	67.881	76.029
401.940	195.590	67.473	77.269
405.341	199.408	66.562	80.840
407.893	201.772	67.363	80.064
412.772	204.776	65.582	83.367
417.989	208.821	65.617	82.726
422.788	212.293	66.650	81.576
426.355	211.952	67.221	81.386
427.140	210.881	67.442	80.918
425.119	209.770	66.917	81.289
418.600	208.439	65.700	83.029
411.135	207.589	65.693	83.021
402.052	208.926	66.249	81.683
392.075	209.600	66.053	80.429
382.188	209.785	66.844	82.335
373.068	209.223	66.639	82.114
364.411	209.034	65.719	81.522
354.833	210.581	66.378	80.053
346.108	214.106	66.621	76.377
338.438	216.704	67.167	76.306
334.768	216.037	66.370	77.068
334.291	216.175	65.769	77.017
338.928	214.849	66.629	77.369
348.650	213.771	67.213	77.005
361.913	210.350	65.546	80.438
373.786	207.891	66.703	80.705
384.944	207.753	67.263	76.884
394.479	207.205	64.374	75.688
398.578	207.255	63.544	76.488
399.146	207.025	64.005	77.499
397.934	208.267	63.291	78.421
393.843	209.174	63.227	77.481
388.690	209.117	62.783	78.578
383.880	209.905	63.593	77.265
382.586	207.826	63.577	78.267
381.353	206.701	64.832	78.178
381.236	204.413	64.461	80.463
381.722	202.017	63.227	80.320
383.086	200.078	62.476	80.334
387.050	200.644	61.910	79.074
393.023	202.710	60.394	78.722
397.563	203.993	62.603	78.805
405.169	206.126	61.055	77.535
411.890	207.163	62.355	74.965
417.634	205.938	61.444	75.142
424.679	204.247	61.682	74.677
429.684	203.104	63.171	74.419
433.788	203.477	62.107	74.646
435.528	203.108	62.764	75.283
435.692	203.697	62.371	75.428
433.420	206.629	62.953	74.880
431.872	206.996	60.842	75.855
428.490	207.968	62.522	74.523
427.516	207.166	61.857	75.609
426.347	206.029	62.064	76.685
426.702	205.260	60.681	76.753
426.369	206.847	60.922	77.783
425.881	208.615	61.395	78.701
425.314	209.788	61.515	78.465
426.111	209.814	60.619	78.018
426.421	210.248	60.525	77.255
425.923	210.450	61.413	76.365
426.446	210.383	60.691	76.224
426.728	210.394	60.504	74.982
425.930	210.384	61.664	75.085
425.768	210.707	61.734	74.733
425.535	211.079	61.421	74.160
424.030	211.642	62.485	72.832
422.726	212.764	62.319	72.503
421.457	213.952	61.315	72.544
420.599	214.253	60.852	73.605
419.265	215.199	61.483	72.845
419.060	215.579	60.726	72.827
418.969	215.451	60.889	73.467
418.148	215.508	61.530	73.585
418.649	215.320	61.299	73.863
418.247	214.686	61.538	74.349
417.030	213.251	62.171	76.117
413.039	211.650	63.193	75.389
409.570	212.101	63.415	74.227
408.832	212.514	62.188	74.404
408.535	213.079	61.771	74.160
408.315	212.520	60.764	75.334
407.646	210.059	60.245	75.560
406.559	204.808	60.825	76.045
406.981	203.271	59.975	75.884
407.329	202.609	60.908	74.962
412.179	203.164	60.160	77.150
416.935	208.320	61.754	74.162
422.352	211.869	61.903	74.704
427.470	214.613	61.540	75.387
430.652	217.988	62.663	75.550
434.128	221.351	61.963	77.949
436.204	226.222	62.460	76.963
440.360	229.461	62.744	77.925
445.754	231.540	62.961	80.656
452.603	234.502	62.912	82.028
458.731	238.033	62.525	80.952
465.022	238.964	63.545	83.637
470.433	240.148	63.714	83.720
476.449	240.657	63.884	83.123
482.675	240.846	64.647	82.733
490.920	240.277	62.310	81.608
497.833	240.950	62.994	81.159
499.614	242.747	65.047	80.903
500.710	244.845	65.264	82.438
502.558	245.335	65.427	83.668
505.423	244.430	66.215	84.873
510.812	242.016	67.402	83.456
516.653	238.834	66.669	83.281
521.695	237.900	65.883	80.648
524.025	237.718	65.587	78.445
527.911	237.169	65.965	78.156
533.171	241.845	66.873	78.471
538.383	245.333	66.360	79.344
541.829	249.661	65.224	79.397
546.193	253.295	64.278	78.999
549.373	257.635	63.542	79.156
549.801	261.648	63.367	79.258
549.551	264.214	62.618	79.233
548.597	266.267	62.554	77.928
547.232	267.381	62.641	77.639
546.397	270.060	62.558	75.719
546.692	274.222	62.744	76.702
547.158	277.875	62.997	78.950
546.897	281.275	62.928	78.567
546.871	283.457	61.943	77.677
545.209	286.787	62.324	76.651
544.955	290.506	62.475	75.924
547.723	290.239	63.896	76.951
549.422	289.357	64.103	76.705
548.958	286.346	63.015	76.379
546.378	279.953	63.364	78.456
538.131	270.470	64.098	77.932
529.780	266.621	64.409	79.536
520.515	266.148	63.373	77.297
508.695	268.916	64.214	80.547
494.219	275.478	64.885	81.449
469.062	281.614	64.133	82.523
459.221	284.517	65.014	80.904
450.144	288.082	64.176	80.300
445.963	291.335	62.629	79.044
444.470	292.088	61.996	77.953
441.760	293.755	61.818	78.362
439.419	294.879	62.013	78.571
436.888	295.570	62.019	78.801
434.714	295.943	61.811	77.400
433.832	294.745	61.191	76.974
435.443	292.778	60.497	76.423
436.999	291.532	60.497	76.278
439.130	291.154	60.596	75.700
442.130	290.794	60.453	76.363
446.524	290.378	59.744	76.741
451.449	286.924	59.564	76.996
454.016	284.411	60.675	77.829
456.345	281.146	60.085	78.124
458.636	277.613	59.592	78.298
461.037	272.754	59.524	79.447
476.063	270.695	58.288	78.132
494.885	270.798	55.919	75.496
507.039	268.985	52.328	76.578
519.043	269.372	50.422	73.449
530.981	268.904	45.936	71.770
538.378	268.943	43.099	69.639
539.630	269.718	39.111	66.477
528.799	203.319	63.159	74.881
532.543	207.284	65.706	73.576
527.678	202.280	71.410	75.032
582.650	249.166	65.372	73.520
586.870	249.757	59.648	71.782
591.059	248.989	59.054	70.211
591.322	248.663	57.062	73.220
589.236	250.012	56.944	76.679
585.308	249.605	58.674	75.495
580.034	246.890	58.737	77.996
573.887	245.499	58.689	74.711
570.779	244.448	59.001	72.672
570.074	243.484	57.619	72.134
571.004	242.810	59.421	70.707
572.121	244.291	60.092	70.736
573.543	246.562	60.672	68.683
575.052	247.490	61.002	70.860
576.655	249.217	61.515	70.845
579.763	252.493	60.843	67.686
582.429	251.217	61.614	69.027
584.512	251.260	61.968	68.989
586.624	250.274	60.958	68.655
587.141	248.941	59.653	69.569
584.733	244.692	60.629	70.814
579.360	243.926	62.433	68.563
576.622	243.750	62.598	67.960
574.565	243.934	62.920	67.388
573.485	244.237	63.083	66.424
573.492	243.731	63.141	66.710
573.658	244.128	62.713	66.144
573.403	245.358	62.565	65.185
571.964	245.200	63.223	64.895
570.307	243.724	63.751	65.764
569.040	243.284	63.103	66.513
566.970	242.880	64.143	66.308
566.095	243.571	63.863	65.649
565.904	244.864	63.336	64.612
566.925	246.315	62.137	65.435
568.292	246.677	63.107	65.757
569.326	247.443	62.445	66.020
567.855	247.381	63.342	65.433
562.894	247.354	64.768	66.013
559.124	244.756	64.268	67.543
553.842	242.142	66.007	69.786
551.539	242.015	66.038	70.780
549.312	242.596	65.773	70.708
546.800	243.450	63.660	71.286
538.606	244.170	66.553	73.144
530.612	245.363	66.014	72.952
524.386	246.967	66.102	74.710
519.295	247.949	67.502	71.019
515.872	247.823	66.965	72.505
512.398	248.268	66.948	72.822
507.168	247.570	67.281	72.669
498.738	243.351	64.786	76.255
491.663	241.555	64.438	75.097
485.584	240.316	64.834	75.829
480.590	239.695	66.221	75.316
476.826	239.190	67.391	75.688
475.444	238.464	66.703	77.889
475.093	238.895	64.810	78.816
473.923	239.231	64.139	78.927
471.827	239.672	63.662	78.901
470.854	240.803	62.559	79.382
470.392	242.824	63.548	79.802
470.685	244.231	62.964	79.917
470.191	244.374	63.117	80.307
468.857	243.574	63.063	79.985
465.994	241.990	63.024	77.528
462.817	240.103	61.941	75.962
459.799	239.149	61.969	74.787
457.354	238.771	62.168	76.127
456.385	238.707	62.360	76.383
456.035	238.478	62.363	77.025
457.661	236.777	61.875	76.940
459.584	234.651	61.633	77.732
460.065	232.983	62.559	77.736
460.113	230.712	62.871	79.287
460.140	229.835	62.115	78.761
462.651	230.596	64.820	77.941
466.262	231.713	66.324	79.184
470.564	233.537	67.382	79.430
473.351	235.246	67.954	76.159
475.323	235.974	66.695	74.964
474.629	234.027	65.923	74.727
471.625	231.985	66.117	73.910
467.122	230.025	66.533	74.575
464.095	229.404	66.779	74.259
462.932	229.353	65.740	76.237
463.768	231.622	66.406	77.549
463.681	233.422	65.462	77.804
461.944	235.629	65.257	77.837
455.703	238.445	65.508	76.128
445.970	238.437	65.770	75.777
428.219	235.257	66.247	75.404
414.074	231.588	65.034	75.965
404.498	229.447	65.079	76.046
396.257	228.789	64.517	74.586
392.272	229.338	63.490	71.925
389.656	230.228	63.127	74.165
388.592	231.803	63.006	74.407
387.934	232.630	62.397	74.539
386.524	233.293	62.910	74.501
385.422	233.624	61.816	72.573
374.140	232.301	62.179	71.934
368.989	230.685	62.064	71.818
363.576	229.243	62.523	71.504
358.525	228.106	63.004	70.744
353.082	226.940	62.929	71.336
348.718	225.594	62.601	70.285
347.935	225.488	62.192	71.202
348.484	224.576	62.568	71.496
349.646	223.940	62.495	71.762
351.035	222.504	63.251	72.083
354.197	221.718	63.823	71.603
357.468	221.837	64.041	74.612
363.504	222.514	62.909	72.978
372.176	224.406	62.111	72.114
381.300	224.832	60.895	75.214
388.755	225.083	61.383	76.002
393.139	224.869	61.130	77.299
394.806	224.772	60.995	76.783
394.263	223.832	60.262	75.104
392.174	222.989	58.925	74.517
388.960	221.967	58.326	74.691
384.517	220.725	58.860	79.100
383.237	219.942	58.898	79.026
381.593	218.863	59.720	78.082
381.963	217.114	59.434	77.648
384.959	216.474	57.153	78.705
387.004	217.918	55.700	81.090
392.698	221.630	51.423	78.642
396.443	222.671	51.452	78.119
404.534	222.543	51.819	78.257
386.629	210.194	64.448	94.360
372.711	191.625	68.141	91.764
380.636	188.441	66.992	87.669
381.467	188.228	70.564	96.095
383.124	194.855	75.022	95.730
380.748	219.967	68.193	80.205
380.851	217.710	57.052	78.434
380.635	216.575	55.787	79.173
380.840	215.927	56.746	76.345
381.937	215.673	57.100	73.450
381.558	217.260	61.128	73.732
381.749	218.235	60.962	73.261
382.421	219.373	60.971	73.227
382.394	221.024	62.241	72.070
382.527	221.559	62.757	70.925
382.533	220.869	61.926	73.526
381.714	219.504	61.643	73.517
380.277	218.865	61.175	71.332
378.198	218.604	61.366	71.242
374.261	220.548	63.085	69.801
370.168	223.144	64.003	70.243
368.532	223.100	64.154	70.817
366.873	222.645	63.600	70.818
363.468	220.806	63.453	70.524
359.814	219.042	61.706	70.803
352.371	219.155	61.163	69.478
346.269	219.154	61.339	71.231
341.139	220.717	61.476	72.186
336.494	223.158	62.017	71.262
333.107	223.967	62.339	71.001
330.251	224.877	63.015	70.565
329.394	224.159	63.089	71.162
329.165	222.643	63.168	72.561
331.329	221.883	63.383	72.317
334.248	221.934	62.777	72.150
336.319	221.452	63.126	72.820
337.655	221.665	63.059	73.239
338.819	223.207	62.865	73.309
339.083	223.632	62.565	73.308
338.816	223.045	61.608	73.764
338.643	221.190	61.300	73.334
338.322	219.631	61.524	73.061
337.332	217.993	61.802	72.593
335.592	217.843	62.581	71.526
333.976	217.477	62.859	71.799
331.139	217.980	63.686	71.273
329.566	217.932	63.646	71.248
326.643	216.915	63.995	72.373
323.921	216.845	64.580	72.891
322.210	218.012	64.713	71.732
322.659	220.086	63.807	70.872
323.114	222.179	64.444	69.219
325.543	222.201	66.575	69.025
330.655	220.526	67.103	71.495
335.346	219.021	68.052	71.976
342.776	217.439	68.600	73.501
348.199	217.641	68.252	73.330
354.560	219.195	65.523	74.782
359.671	221.668	65.107	73.177
370.348	224.576	59.948	76.924
359.087	222.444	74.563	77.700
303.325	256.400	82.443	107.840
319.038	254.169	86.253	117.205
359.809	230.626	116.428	138.182
378.099	213.447	111.204	101.203
357.567	219.849	63.412	82.873
354.405	218.014	62.750	75.760
350.333	216.334	61.896	74.591
346.724	215.535	62.300	72.500
345.581	214.198	62.481	73.135
348.903	211.820	63.844	73.141
356.002	209.685	63.472	73.827
363.725	208.258	63.603	73.866
372.642	207.286	63.341	73.759
382.449	207.375	62.921	73.515
392.555	207.406	62.613	73.887
401.008	205.794	62.141	74.209
407.420	204.063	61.223	73.821
411.901	203.023	61.601	74.608
415.251	202.587	61.264	74.884
416.737	202.408	60.945	75.372
417.496	202.296	61.217	76.378
418.054	200.437	60.869	76.203
418.274	198.509	61.117	76.381
418.631	197.297	61.212	76.595
418.599	196.503	62.809	76.898
420.917	196.508	62.925	76.342
422.750	196.905	62.382	76.868
424.306	197.565	62.357	75.854
425.185	199.324	61.919	75.327
424.807	199.623	61.720	75.398
423.920	199.921	62.312	75.105
423.137	200.221	63.354	75.729
423.636	201.729	64.452	74.895
425.058	201.573	64.650	74.873
427.046	199.851	64.382	74.870
429.944	197.949	64.690	74.825
432.467	197.346	65.170	75.658
434.503	197.229	65.634	75.332
440.156	197.615	65.190	74.884
447.467	198.839	64.215	75.058
455.754	199.841	63.501	74.273
464.586	201.066	62.492	74.867
471.441	201.146	63.096	76.486
480.113	202.691	61.930	77.082
486.559	203.943	61.073	74.669
492.316	205.115	61.901	74.276
497.976	208.520	61.789	73.305
503.422	210.679	60.408	71.357
507.460	211.326	59.544	71.975
510.385	211.408	59.422	71.272
512.517	210.319	60.389	69.834
514.639	209.643	59.995	70.013
516.426	209.501	59.996	68.535
517.520	210.184	58.814	66.195
516.003	210.513	58.085	65.801
513.225	212.227	56.612	66.258
509.853	213.039	56.576	66.790
505.364	213.290	55.876	67.437
499.429	213.700	54.847	67.768
492.837	214.112	55.498	66.244
487.514	213.115	54.434	65.173
484.657	212.489	55.162	64.443
484.474	211.308	54.305	64.373
486.071	211.061	54.622	62.929
491.460	212.376	54.716	62.124
498.827	215.468	51.958	60.434
503.966	216.772	51.957	58.386
508.695	217.327	51.845	58.347
512.491	215.998	50.821	62.553
514.463	213.754	52.121	64.840
513.370	190.949	61.772	84.771
507.217	183.785	71.852	84.430
494.611	182.038	73.458	79.868
482.717	184.449	82.417	76.080
473.848	182.460	77.538	77.027
512.608	208.373	62.586	75.257
513.156	208.890	63.386	67.282
513.666	209.358	60.381	67.568
511.858	210.395	59.105	60.300
510.822	209.425	56.909	58.318
509.545	204.448	55.840	58.872
509.073	201.668	56.458	59.054
509.760	200.713	55.392	62.275
513.897	201.681	55.988	61.643
517.352	203.934	56.465	62.844
518.895	205.320	58.552	64.607
521.600	207.170	57.423	61.874
522.178	205.904	58.781	63.123
523.217	204.112	58.277	65.580
524.995	202.279	58.020	63.779
527.866	199.090	59.377	63.228
530.146	198.013	60.209	62.917
534.618	198.725	59.815	62.416
537.309	198.872	59.780	61.738
538.651	199.378	60.631	61.023
538.919	199.639	58.911	61.938
538.021	199.654	58.060	61.625
537.255	197.480	57.160	63.390
536.832	195.366	57.325	63.311
537.387	194.260	57.873	61.912
539.000	195.465	58.752	61.848
540.091	198.063	56.966	63.163
538.789	201.606	57.153	61.389
535.847	203.833	58.224	59.884
533.972	204.704	58.331	60.095
530.740	204.829	57.007	62.823
526.346	204.898	56.361	63.660
522.673	203.211	56.456	64.287
518.021	203.279	56.972	65.336
512.841	202.619	57.652	65.112
507.975	203.165	58.068	64.911
502.929	205.292	58.136	64.696
497.559	206.914	57.310	65.355
490.080	204.727	57.455	68.937
483.630	203.170	59.499	69.525
478.582	200.458	58.476	70.718
474.138	196.903	59.099	71.640
469.803	198.852	59.656	71.633
464.657	202.168	57.333	72.719
458.736	203.892	56.252	73.292
452.229	205.806	56.848	72.819
448.904	206.184	55.691	71.239
445.680	206.039	57.511	72.580
443.564	205.865	60.369	72.396
443.128	204.737	62.727	72.410
445.097	203.682	64.218	71.243
448.060	203.872	64.165	72.195
451.005	204.325	64.764	71.302
453.299	204.361	64.080	71.170
454.181	204.477	63.730	70.654
454.796	204.199	63.453	70.303
454.782	204.511	62.690	71.304
453.205	206.532	62.355	70.577
450.833	207.750	62.825	70.830
448.162	208.775	65.008	71.393
445.611	209.063	66.422	70.697
445.611	207.525	65.656	71.240
446.177	205.154	66.316	71.526
447.147	203.184	68.034	71.746
448.846	201.873	69.349	70.570
451.504	201.320	69.075	71.191
453.098	200.096	69.568	72.605
456.497	200.733	68.689	73.474
459.633	203.292	70.290	74.110
463.160	203.643	70.675	75.297
468.961	202.058	69.522	73.711
475.204	197.486	67.145	74.848
480.338	193.378	66.021	74.238
484.345	190.705	66.333	71.856
487.333	188.950	65.289	71.700
490.240	188.731	65.208	73.195
491.345	189.024	66.662	72.807
493.321	189.169	66.428	73.226
496.765	189.469	66.370	73.280
499.025	190.969	66.898	72.477
499.740	191.425	67.344	70.788
500.284	190.030	66.952	71.075
500.805	189.361	65.650	69.796
501.555	188.836	64.685	70.436
502.565	189.688	64.791	71.379
502.112	191.590	65.961	72.757
502.325	193.326	68.629	73.229
502.754	194.285	67.786	74.732
502.975	194.762	67.677	72.637
504.306	193.381	66.913	72.849
506.136	192.081	66.715	71.318
507.283	190.919	67.331	71.371
508.769	189.878	66.777	71.850
509.804	190.787	66.880	72.692
510.331	192.578	66.288	74.373
509.390	195.080	66.737	73.871
508.975	195.950	67.619	74.480
508.790	195.862	67.795	74.793
508.744	194.578	68.104	73.402
509.161	193.494	67.850	73.317
507.848	192.910	68.252	72.664
506.770	190.751	68.306	74.151
505.365	189.732	68.618	75.454
504.524	189.488	66.981	77.449
503.134	192.053	67.259	78.523
502.713	194.501	67.712	79.090
503.576	196.185	68.074	77.345
506.924	194.899	67.835	77.365
510.082	193.536	67.151	75.744
513.798	191.135	65.205	74.241
517.601	189.623	64.414	73.079
520.119	188.020	64.545	73.201
522.543	188.361	65.212	73.184
523.681	190.039	65.456	74.412
522.983	193.134	65.914	74.624
519.529	194.463	67.300	76.379
515.703	195.062	67.375	76.191
513.068	195.540	67.791	73.776
509.925	193.036	66.964	74.023
505.805	191.463	67.838	73.504
503.466	191.546	67.347	74.231
499.975	192.397	68.477	76.150
496.192	194.279	69.204	77.239
491.576	195.646	69.727	78.238
485.143	195.986	70.346	77.578
477.251	195.520	69.799	78.163
466.985	195.436	70.260	79.538
462.308	195.301	71.334	78.446
460.522	195.110	71.638	76.548
461.407	195.026	70.473	76.225
462.479	194.682	70.293	74.853
465.893	193.516	70.786	75.500
472.042	192.565	70.463	78.339
476.614	191.934	71.964	79.985
481.202	191.788	72.307	80.610
484.622	191.630	73.551	80.157
488.020	189.828	74.742	79.793
491.800	188.479	73.886	79.386
493.629	187.448	74.584	81.576
494.082	188.446	75.480	79.785
494.538	188.212	75.778	79.089
492.865	188.188	75.048	79.587
488.909	187.964	74.862	79.021
482.708	188.361	75.887	79.694
476.723	188.033	76.364	80.264
471.038	187.406	76.433	79.925
468.391	185.366	76.097	79.765
467.294	180.911	75.150	80.770
465.810	176.998	74.634	79.165
465.379	173.852	75.016	78.506
465.872	173.947	75.228	79.261
465.406	177.793	74.720	81.165
463.810	180.695	77.448	83.445
464.295	182.421	78.825	83.508
465.821	183.129	78.714	81.435
469.628	179.854	78.565	80.994
475.756	175.038	76.363	81.377
478.411	172.527	76.400	80.489
480.136	171.445	75.612	80.096
481.317	171.446	75.198	79.838
479.904	171.986	76.868	80.059
480.493	175.711	75.581	81.642
480.731	176.846	76.655	82.008
481.464	177.098	77.362	81.375
482.563	176.131	76.774	79.751
485.081	172.920	75.286	79.470
487.246	168.195	75.706	80.348
489.414	166.955	77.589	79.325
493.795	166.025	76.137	83.460
495.447	169.107	77.883	81.174
497.945	170.970	76.887	84.919
498.438	173.256	76.989	85.869
498.419	174.053	76.818	86.178
497.392	173.216	76.105	84.068
495.398	171.284	75.957	81.369
492.047	168.299	74.860	80.660
486.482	165.551	74.394	79.419
483.323	165.918	73.594	80.192
481.624	168.605	74.198	81.942
480.868	171.339	73.614	84.996
479.260	173.015	75.142	85.447
478.742	173.904	76.065	84.813
478.968	172.758	75.297	84.201
479.228	171.664	73.669	83.526
478.749	170.627	74.824	81.197
480.365	170.705	73.916	81.765
481.851	171.446	71.929	81.134
482.543	172.787	71.577	80.514
481.891	174.834	72.142	80.547
480.325	175.441	71.453	81.316
477.364	175.731	71.301	80.111
474.101	175.779	71.103	80.246
471.242	175.454	70.532	80.289
467.884	174.760	70.819	79.792
464.254	173.955	71.832	78.557
460.417	173.519	73.352	78.695
458.421	172.384	74.739	77.867
457.312	171.118	74.090	79.141
456.852	170.406	73.922	78.908
458.106	169.996	73.331	76.940
460.000	169.229	71.286	79.255
461.137	171.294	71.530	81.504
461.581	174.209	73.019	83.917
462.134	175.611	72.777	86.946
464.234	175.446	73.579	86.637
466.478	174.196	74.589	79.945
471.410	173.923	74.496	78.143
474.715	169.236	72.965	81.891
475.645	167.362	71.874	82.094
475.454	166.528	73.329	83.241
476.313	166.070	72.091	84.952
474.728	166.816	71.839	84.037
472.520	169.097	72.532	82.000
469.573	172.440	73.847	98.081
469.068	176.489	72.867	99.088
465.983	179.180	72.738	95.374
460.844	181.589	74.401	86.567
458.145	181.715	77.503	83.298
456.343	181.274	76.739	81.009
456.808	179.334	76.825	81.213
456.206	178.768	77.457	80.229
457.858	176.845	87.493	83.963
459.094	174.528	78.017	84.653
461.237	176.165	74.919	83.324
460.132	179.464	76.732	82.252
460.966	180.589	74.360	84.815
459.711	179.751	74.752	82.130
457.773	178.054	75.057	81.850
454.433	173.159	76.820	81.995
451.928	166.618	76.592	83.523
448.200	165.376	77.734	80.036
446.727	164.851	79.808	81.319
446.627	164.608	79.499	84.067
443.353	166.936	80.917	83.996
439.824	166.251	80.648	87.903
434.186	163.720	84.260	88.005
423.085	159.456	82.987	85.811
414.186	153.826	82.408	84.891
410.811	152.208	80.071	83.039
406.886	151.097	77.133	84.134
402.246	150.900	76.108	86.076
396.270	155.521	76.166	85.822
390.389	158.588	73.843	84.804
381.565	160.256	70.934	83.982
373.304	161.020	70.456	82.759
365.168	161.664	71.000	78.577
340.844	159.841	69.446	76.495
330.690	157.810	72.236	78.338
323.321	158.409	70.396	80.148
320.356	161.538	68.915	82.065
318.736	162.626	66.651	83.423
313.206	167.535	65.338	79.508
310.484	166.758	64.494	79.133
307.353	165.460	65.791	78.767
305.679	163.340	65.109	79.304
306.194	161.283	66.489	79.821
309.000	160.060	65.221	79.025
311.647	159.689	66.392	78.832
315.036	160.008	67.178	78.785
319.806	160.177	66.235	78.507
321.536	159.814	67.550	81.946
322.976	161.261	67.158	84.264
324.121	162.589	66.995	84.735
323.541	163.666	66.254	86.638
320.870	164.961	65.999	86.235
316.325	164.575	67.441	84.164
313.690	163.151	66.890	83.070
313.154	160.370	66.218	83.241
312.022	160.055	65.542	83.309
309.826	160.588	65.666	84.435
308.843	161.481	65.856	84.920
308.483	163.340	66.619	85.267
309.154	162.683	66.740	88.220
309.518	162.484	67.962	85.128
309.392	161.636	68.416	83.836
309.432	160.099	68.020	82.551
308.759	160.010	68.078	79.715
308.501	160.837	67.322	78.968
307.734	162.505	68.250	79.285
307.319	163.513	67.632	79.503
306.607	163.514	66.856	78.826
303.569	164.418	67.094	77.378
300.343	164.373	67.092	77.547
293.288	162.233	68.858	77.726
290.730	160.555	68.619	77.077
290.803	159.580	67.058	76.330
291.485	158.699	67.786	75.000
294.192	157.390	68.080	74.650
296.801	157.482	69.705	74.577
300.110	157.843	70.091	75.493
301.396	158.135	71.267	75.692
303.381	158.381	70.642	75.357
304.051	158.096	68.924	75.062
304.072	156.642	68.503	75.089
303.420	154.434	67.794	75.636
302.145	154.100	67.893	74.119
301.504	154.592	67.345	73.379
299.723	154.626	67.455	73.165
298.286	154.723	66.926	73.480
301.832	154.272	61.520	74.225
311.444	154.892	51.134	72.370
298.550	154.582	59.309	75.317
272.472	152.197	81.352	87.618
260.690	145.247	92.363	91.713
230.611	110.587	123.933	117.457
307.289	5.975	133.994	107.634
338.619	0.000	126.497	111.756
367.692	0.122	132.278	105.702
584.897	155.512	71.770	82.535
588.303	157.249	67.206	68.939
589.557	160.352	69.037	67.347
598.148	160.443	61.526	70.663
559.769	148.571	91.552	93.859
510.150	116.765	123.132	115.395
333.051	165.773	41.472	88.584
303.552	164.707	67.689	79.693
307.494	162.862	66.134	77.867
310.482	162.831	64.445	79.186
312.822	163.063	62.824	80.973
311.762	165.334	63.006	81.588
310.154	168.293	61.640	82.440
306.888	170.851	61.882	81.088
299.067	172.651	61.060	80.300
289.230	174.501	63.737	79.022
277.498	174.389	65.291	79.875
266.718	174.196	64.354	80.427
255.190	174.196	65.366	80.587
245.580	173.373	66.390	82.427
239.993	173.642	67.800	81.495
239.727	172.525	65.674	80.906
242.261	171.727	66.086	78.512
251.970	169.524	65.779	78.190
267.953	168.454	65.091	77.723
280.871	170.359	65.110	76.517
290.260	170.453	68.559	76.815
304.083	171.135	66.753	77.251
314.215	172.766	67.123	74.746
326.158	173.990	65.287	74.298
335.112	173.755	63.569	73.443
338.714	173.624	65.617	72.937
339.799	172.822	63.658	74.040
338.356	172.990	62.549	74.163
332.575	172.610	62.461	74.200
321.577	173.357	64.287	73.824
311.021	173.654	63.170	74.585
298.844	173.740	62.699	75.013
284.894	173.890	61.703	75.317
268.216	172.790	62.985	75.285
255.784	172.032	63.498	76.661
248.871	171.581	63.957	74.877
243.163	170.807	64.400	74.315
242.569	170.166	63.045	75.144
245.156	169.187	64.893	75.190
251.852	167.791	66.511	75.407
265.605	166.360	67.570	78.241
281.595	165.621	68.111	80.024
293.094	165.720	69.989	79.659
316.888	166.587	72.347	80.043
331.476	167.190	71.021	80.874
340.635	167.221	72.165	81.398
346.155	166.810	73.216	81.008
349.766	166.528	74.281	81.910
350.673	166.039	73.537	81.351
349.504	165.760	71.909	81.285
342.227	165.875	73.575	79.907
328.905	165.630	74.673	80.594
311.349	165.212	75.982	81.193
293.945	163.599	71.808	82.873
281.076	164.747	71.966	80.575
266.474	164.242	71.778	80.925
254.413	164.892	69.901	80.152
245.788	163.865	69.271	79.429
240.244	164.213	68.211	76.740
239.189	163.875	66.138	76.360
241.933	163.752	67.855	76.094
252.716	162.714	68.238	77.853
268.402	161.839	65.786	78.669
296.762	162.158	66.204	79.170
309.513	162.368	66.887	77.767
321.605	163.394	66.634	76.958
332.240	163.794	66.328	76.975
341.871	163.177	65.821	76.653
348.836	162.766	66.260	76.296
351.070	161.761	65.451	76.326
349.555	161.193	64.632	75.001
344.855	161.422	65.374	73.742
334.392	161.138	64.891	74.768
318.090	161.022	64.765	75.002
302.614	159.843	63.842	77.983
284.988	158.741	66.236	79.753
267.504	158.181	68.421	81.064
250.120	158.494	69.102	82.056
233.813	159.526	69.552	81.211
228.358	158.814	69.418	79.572
223.352	159.411	70.729	77.144
224.139	159.264	69.602	77.794
227.540	158.680	69.284	77.821
238.444	158.973	70.644	77.662
246.170	158.573	71.048	79.061
257.014	158.889	70.426	80.170
268.935	158.102	70.402	81.668
281.830	157.976	70.542	80.985
294.960	157.528	70.711	81.845
305.582	157.569	70.082	81.006
314.893	158.732	69.371	79.339
321.000	159.467	68.757	77.885
325.228	159.886	68.629	77.337
328.223	160.096	69.322	76.669
328.423	159.942	68.662	76.669
327.952	160.236	67.596	76.600
323.565	163.012	68.188	73.847
317.436	163.289	68.257	74.274
308.676	163.599	67.152	73.866
301.790	162.602	66.629	75.007
293.757	160.453	66.602	75.594
288.234	158.706	68.050	75.967
284.948	157.642	68.625	76.143
283.837	157.613	68.394	75.240
283.971	156.845	68.248	75.123
287.954	154.964	69.135	75.963
299.223	152.503	69.046	77.749
313.478	151.244	68.498	77.660
336.648	149.171	70.946	78.183
351.892	148.621	70.012	79.047
368.714	149.173	69.693	79.637
386.192	149.621	69.752	79.445
403.918	149.452	70.687	79.660
430.720	148.996	71.331	82.920
432.354	148.334	71.053	82.236
445.220	147.832	71.123	82.170
456.894	147.364	70.131	82.516
465.461	146.847	68.692	82.441
467.855	147.016	69.599	80.767
468.626	145.811	69.079	81.079
464.415	143.873	67.971	81.816
455.900	142.599	66.678	82.623
444.957	143.007	68.157	81.458
433.493	141.311	69.620	82.710
420.035	139.900	69.594	82.738
411.101	141.372	66.927	80.737
401.834	141.444	65.741	81.288
392.692	142.749	65.806	81.164
384.972	142.541	66.474	83.165
380.670	144.520	67.307	79.945
379.033	144.729	67.129	78.729
378.495	143.992	69.279	79.790
387.568	143.027	66.296	80.925
397.580	143.108	66.644	81.750
410.878	142.391	67.702	83.687
423.235	143.364	68.162	82.740
435.807	142.930	68.895	83.366
447.377	141.773	68.949	84.572
457.303	140.810	69.486	84.994
464.351	140.181	69.106	84.927
469.180	139.170	70.258	85.440
471.379	138.852	69.594	85.267
471.743	138.310	68.855	84.636
467.979	137.644	68.627	86.077
458.066	136.888	69.152	86.432
442.359	136.081	72.200	84.956
429.024	134.039	72.028	85.725
414.129	132.638	72.873	85.214
401.151	132.742	71.142	86.722
387.386	136.464	70.740	84.563
373.962	140.366	71.207	82.672
364.504	142.280	71.795	81.443
360.315	142.898	71.135	81.292
359.692	141.992	69.849	80.578
358.929	141.996	69.516	80.337
361.018	140.618	69.394	80.205
366.817	139.512	69.737	81.662
373.219	137.539	72.392	83.116
383.497	135.249	71.873	85.364
393.442	133.994	73.840	86.379
405.499	133.611	75.488	87.448
417.845	133.966	74.987	87.798
429.280	135.769	73.451	88.369
438.228	140.539	74.697	87.876
444.537	144.133	74.827	86.272
448.531	148.202	74.596	86.525
448.329	150.880	74.900	85.175
445.339	153.956	75.482	84.668
440.175	158.212	76.277	86.748
432.283	164.094	75.112	88.770
422.447	169.789	75.768	88.142
413.861	171.571	76.010	87.805
405.960	172.620	77.730	86.409
400.145	171.913	77.782	85.688
395.068	171.377	78.574	84.600
391.447	171.355	77.766	84.549
389.671	171.783	76.636	84.372
387.668	173.296	76.780	84.280
386.956	174.713	75.874	83.350
387.388	175.887	75.682	81.595
389.892	176.273	74.690	80.857
392.001	175.755	75.566	80.902
395.226	174.567	74.262	81.615
395.942	174.788	75.094	80.390
396.015	174.377	75.826	80.280
393.158	174.487	74.474	83.014
383.734	177.992	71.240	77.643
371.366	181.430	72.458	82.974
360.349	183.278	73.215	84.059
348.581	184.403	75.389	85.800
336.102	183.318	76.040	89.404
324.292	181.904	75.028	90.317
315.029	180.168	74.495	85.511
309.115	178.064	73.868	82.079
308.909	175.999	71.447	82.864
310.719	172.124	72.952	85.499
319.014	169.251	73.466	88.621
333.506	168.555	75.456	85.926
350.879	168.542	75.792	84.620
369.742	168.648	77.111	86.709
389.727	168.200	79.233	84.505
407.369	168.827	77.473	83.826
420.708	170.296	77.157	83.456
432.108	170.356	72.961	82.096
436.374	172.128	76.082	78.122
438.562	172.175	75.110	77.296
437.466	171.793	74.614	76.436
433.760	170.893	73.508	77.337
428.307	171.293	73.046	77.339
422.374	171.099	72.904	76.646
416.311	171.917	73.509	77.305
412.224	172.435	75.730	74.639
412.758	172.371	72.105	76.323
412.983	172.192	75.891	77.689
421.006	173.872	76.651	78.257
435.168	172.204	77.426	80.465
453.571	171.338	73.749	81.728
468.778	169.747	73.365	82.874
484.985	169.323	74.395	82.559
501.008	168.606	74.676	85.404
530.279	168.224	74.691	81.846
546.793	168.365	74.764	80.813
558.374	167.050	74.731	79.282
565.137	165.617	74.155	79.662
569.047	164.453	72.573	80.954
568.836	163.205	72.662	81.575
565.005	160.616	71.636	81.050
555.954	158.260	72.784	82.633
545.314	157.214	74.064	80.024
533.096	155.905	73.943	79.740
519.457	155.735	74.590	78.743
508.058	155.182	75.342	79.865
498.613	155.643	74.464	79.280
490.721	154.693	73.262	80.083
485.550	155.020	71.147	78.766
483.545	157.151	68.877	76.696
483.751	156.962	71.167	77.828
489.689	156.924	71.956	80.212
499.541	158.201	72.224	81.525
509.877	158.653	73.106	82.151
521.261	159.865	74.590	80.127
533.949	160.734	74.523	79.465
545.065	160.962	74.648	78.678
555.750	161.007	72.751	78.973
565.758	162.245	71.855	77.445
574.209	163.769	71.187	75.739
575.479	162.154	72.739	74.092
574.230	159.352	72.911	74.494
566.889	156.553	74.285	75.679
557.041	154.515	76.174	77.799
541.968	153.227	77.306	80.504
530.231	152.976	77.249	81.963
518.290	152.589	76.804	83.354
507.841	153.338	76.892	84.206
499.273	153.870	76.370	85.470
491.190	155.080	74.562	85.964
485.397	157.880	75.101	84.002
482.703	161.549	74.567	80.592
483.269	162.904	71.395	79.875
484.605	163.526	70.231	79.418
489.215	163.784	71.723	82.375
494.486	164.204	71.624	81.035
498.668	165.319	71.119	80.872
500.105	166.160	71.233	81.018
500.382	166.416	70.967	80.403
499.690	165.485	71.257	81.721
493.944	165.000	73.619	82.868
485.953	163.267	72.025	82.915
476.858	163.020	70.970	80.711
465.084	161.767	72.050	81.283
451.519	161.333	71.146	81.342
438.109	160.801	72.840	81.691
426.076	160.820	72.426	81.748
414.724	161.909	71.376	80.439
405.601	162.893	70.311	79.865
396.847	162.676	70.065	79.736
392.836	162.676	69.949	80.180
390.244	161.756	69.492	80.455
389.262	162.141	70.116	78.866
390.738	161.693	69.501	79.472
396.967	161.533	69.888	79.686
404.599	161.741	69.137	81.204
414.255	161.920	68.483	81.017
424.698	162.581	66.234	82.927
432.883	163.413	66.422	84.095
438.277	164.286	67.680	85.164
441.965	163.365	68.161	87.415
441.818	163.379	71.252	87.303
439.118	162.584	72.797	88.519
431.065	162.415	75.643	87.682
422.326	162.312	75.657	86.135
412.820	163.227	75.611	84.757
403.820	163.108	74.325	83.741
394.944	163.722	74.319	82.295
387.620	164.324	74.856	81.177
381.973	163.331	75.328	82.194
377.853	163.106	75.222	82.927
375.635	161.992	75.567	83.615
376.084	161.202	76.587	84.391
381.355	159.364	79.799	86.965
393.589	158.152	81.216	88.956
408.775	156.279	79.800	91.072
426.049	155.258	77.179	93.113
443.550	155.141	75.471	90.356
457.958	154.690	74.679	88.817
468.826	155.024	73.165	89.836
477.734	155.474	70.972	89.383
482.585	155.583	73.190	87.980
483.922	155.837	75.084	86.319
484.721	154.488	74.606	89.008
478.720	154.481	78.829	89.027
471.338	154.486	80.161	88.530
466.708	153.798	79.235	89.839
462.599	152.912	79.151	90.380
462.706	148.701	77.536	92.057
461.460	150.551	76.441	92.115
463.751	150.628	75.893	91.941
466.446	152.264	75.546	89.914
474.075	151.858	74.348	89.781
483.551	152.744	74.404	88.773
493.359	152.714	74.369	90.022
507.241	150.850	72.758	89.319
518.186	153.012	74.778	91.652
527.669	151.137	75.037	89.313
535.923	150.996	75.811	88.200
541.278	152.271	73.767	84.604
541.528	152.255	73.770	86.448
537.699	151.810	75.931	87.730
529.452	156.304	76.520	88.049
517.634	155.533	76.193	85.475
505.870	157.296	76.109	84.976
494.203	155.714	74.886	86.293
483.430	155.298	75.691	85.437
478.593	154.822	76.016	84.251
476.874	154.347	74.492	82.455
476.578	152.884	73.904	83.519
480.602	152.163	73.044	87.987
486.332	153.973	72.671	83.418
495.035	153.408	73.354	83.950
504.816	152.713	73.948	84.520
515.174	152.664	73.796	85.614
526.279	151.384	74.861	85.317
536.946	150.218	75.580	86.614
543.937	151.399	76.046	84.021
546.523	151.875	74.980	84.786
548.378	152.236	74.071	82.525
544.875	152.736	73.280	87.073
534.438	155.921	75.892	82.454
521.153	155.385	77.571	84.602
510.347	156.080	77.993	84.018
499.455	154.354	78.763	85.127
490.592	153.596	78.319	84.708
487.714	152.053	77.073	83.547
486.579	150.524	76.496	84.133
487.787	148.758	75.927	87.523
492.225	149.620	76.438	87.322
501.833	148.452	76.316	86.258
510.176	148.861	76.528	87.745
519.428	149.358	76.334	85.862
525.110	149.057	76.669	84.918
529.392	149.055	75.612	84.030
531.970	148.911	74.778	85.757
532.062	148.915	74.946	87.203
527.016	153.580	77.404	89.775
520.721	156.482	76.789	87.841
509.755	160.965	77.933	91.823
496.302	160.541	79.811	90.773
481.769	160.993	81.815	89.944
469.587	159.747	83.167	89.469
463.721	155.323	79.591	91.307
464.069	150.517	76.075	91.533
465.548	149.902	76.740	91.275
475.849	150.544	76.514	96.215
489.786	153.731	76.129	95.298
503.742	157.562	76.725	95.193
517.408	161.216	79.919	97.119
532.084	166.622	81.212	94.502
543.463	168.494	81.215	94.989
555.956	174.260	78.692	92.113
566.581	177.409	79.002	93.310
574.512	180.978	78.675	89.857
578.573	182.924	77.758	83.767
577.529	182.385	76.876	87.733
569.295	183.321	79.533	85.341
560.420	179.358	81.006	88.014
550.186	175.781	81.398	91.411
539.857	172.067	80.941	92.496
532.576	169.146	81.010	92.259
526.020	168.272	80.490	88.893
523.355	166.260	77.805	88.160
522.831	165.674	78.195	85.717
525.155	163.900	79.033	83.130
534.870	160.822	78.063	89.027
543.933	159.356	79.832	89.586
556.869	158.415	78.320	89.440
568.535	159.030	80.674	89.575
581.312	160.056	80.028	91.568
591.652	159.832	80.334	93.047
599.016	159.366	81.574	94.422
605.046	158.599	82.173	92.472
606.822	161.679	81.314	89.123
607.756	157.923	80.958	94.253
604.592	156.224	81.010	95.099
594.236	156.835	83.041	92.257
581.612	155.996	84.844	89.103
572.840	155.428	82.595	88.557
563.014	153.258	84.411	90.135
556.356	151.319	82.376	90.021
551.012	150.491	81.968	87.996
550.720	149.193	82.537	90.302
551.289	148.998	82.037	89.141
555.205	148.976	82.373	90.953
562.173	148.582	81.615	90.260
568.088	148.168	82.556	91.719
575.475	147.965	81.908	92.218
581.237	148.058	81.874	91.755
587.227	148.597	80.816	91.942
587.525	148.443	81.530	92.091
587.483	148.875	81.379	93.122
582.844	149.798	81.747	91.633
572.897	151.547	81.912	92.077
560.633	153.249	83.599	93.179
545.994	152.912	85.768	93.040
531.565	152.520	84.111	93.224
517.551	153.954	80.667	91.396
501.001	154.626	81.323	89.912
486.904	155.611	79.805	87.871
477.537	158.328	77.590	84.873
475.632	158.035	75.600	83.963
475.190	158.208	71.564	83.288
475.073	157.123	70.479	82.791
477.657	156.832	70.992	82.622
480.514	154.878	71.066	82.214
483.691	152.172	72.302	82.881
486.295	149.005	72.683	84.090
486.975	146.439	72.952	84.049
486.476	145.049	73.058	83.351
486.179	144.838	72.919	83.170
487.200	147.137	72.148	83.124
489.538	149.336	74.944	82.216
498.091	149.707	72.853	83.623
510.300	149.416	72.200	85.889
519.773	151.338	73.139	85.746
524.802	153.628	74.995	83.256
527.582	152.358	75.157	84.921
530.634	147.310	74.023	86.857
533.951	141.169	75.659	87.858
537.708	134.803	73.374	90.436
539.530	130.853	73.396	88.764
541.060	126.603	73.200	89.017
543.483	123.205	73.768	88.080
548.743	119.199	73.121	88.380
551.789	116.456	74.230	87.457
556.408	112.599	73.610	87.689
562.187	109.134	72.437	87.661
570.399	106.566	70.401	85.079
579.943	102.331	68.632	86.611
585.655	102.287	68.534	83.973
591.877	103.436	66.351	81.934
597.423	106.792	66.479	81.088
600.625	112.219	66.056	80.569
603.864	118.132	67.456	81.859
606.478	121.967	68.775	81.077
609.462	123.666	69.216	79.964
613.249	124.415	68.832	78.652
616.746	125.203	67.746	79.691
618.919	130.153	67.342	84.824
619.336	139.622	66.210	88.577
619.302	153.863	66.766	87.978
619.195	167.504	67.804	88.377
621.025	176.294	67.027	88.592
622.710	176.723	66.325	85.522
627.201	168.198	65.939	89.383
630.443	157.021	66.654	88.851
632.749	148.720	66.101	87.668
633.179	146.701	65.378	83.864
632.990	146.920	64.034	82.234
630.704	149.568	64.800	81.984
631.145	149.142	65.012	81.108
635.413	144.964	65.879	81.687
638.849	138.251	67.076	82.981
640.159	134.887	67.134	81.120
639.481	136.258	66.945	84.012
636.209	146.005	67.441	87.185
631.732	156.455	67.918	85.934
630.874	161.657	68.539	80.874
634.418	161.337	69.329	79.014
638.521	156.012	67.461	80.944
641.149	151.264	66.773	80.292
642.660	150.477	66.697	77.666
642.347	154.724	66.429	75.305
639.563	162.833	66.493	82.227
636.018	175.315	66.660	84.785
632.306	187.011	68.723	86.256
629.983	197.570	70.042	87.705
626.807	208.568	70.584	87.150
620.968	219.296	72.223	87.301
611.217	232.121	73.341	86.983
599.975	242.860	72.691	88.765
586.403	254.138	74.171	86.609
574.717	262.593	72.962	79.888
565.687	265.149	73.035	78.078
557.895	262.555	73.031	79.201
553.711	254.663	71.130	84.224
551.394	245.916	69.977	85.326
552.794	234.915	68.687	86.853
555.434	224.637	66.752	87.038
557.917	218.603	66.265	83.507
560.876	216.170	65.423	80.187
565.437	213.578	65.968	79.290
572.031	211.758	65.386	79.477
579.907	211.251	66.340	78.640
587.062	209.978	68.470	79.694
594.733	207.806	67.350	80.561
599.349	206.334	68.132	80.246
601.851	204.636	67.223	80.967
602.224	204.662	68.295	80.654
599.097	205.889	68.905	81.314
590.552	208.897	71.315	81.675
580.248	208.882	69.584	81.696
567.965	208.540	68.418	81.952
553.582	208.315	68.809	80.856
533.840	209.301	69.683	80.692
518.098	208.370	67.628	80.560
507.104	206.918	65.226	81.042
499.029	203.954	64.364	81.656
496.412	200.085	64.660	81.072
495.159	196.717	64.404	79.654
495.863	193.255	67.460	77.716
503.906	190.561	63.992	75.579
512.560	188.156	63.122	79.771
522.900	188.067	64.277	79.643
537.306	189.381	65.608	77.193
551.231	189.130	65.863	77.486
567.556	186.402	66.510	80.172
586.221	182.358	64.881	82.669
602.469	179.375	65.776	83.087
616.132	177.240	66.298	82.715
624.171	175.605	65.154	80.651
627.092	175.667	65.292	80.996
626.113	178.681	67.789	83.149
623.063	181.574	67.350	82.218
620.741	181.841	65.213	80.738
617.664	179.718	65.244	81.948
614.657	177.014	64.572	80.129
611.153	174.483	64.375	79.250
605.503	174.699	66.726	77.488
597.283	179.919	67.282	79.582
590.989	185.042	66.324	80.575
587.203	188.252	65.993	81.716
584.831	193.412	65.544	80.638
584.330	193.999	65.167	78.745
586.324	192.208	67.331	78.464
593.225	186.629	67.491	80.594
602.053	181.233	66.612	80.730
606.997	179.408	68.061	77.834
609.078	178.785	68.112	76.827
609.106	182.462	67.353	74.164
604.763	186.301	67.897	74.476
597.069	191.815	67.115	79.804
588.007	196.826	70.517	77.983
579.547	196.520	67.233	80.365
572.662	192.222	66.190	80.941
565.190	191.133	67.329	79.724
558.514	190.187	66.175	80.186
551.138	192.684	66.860	79.038
543.810	195.691	63.902	79.591
534.963	197.904	62.926	79.332
523.002	200.655	63.544	78.289
508.651	202.532	65.693	78.321
493.977	204.480	65.661	77.812
479.836	206.877	67.371	76.388
467.230	206.794	68.669	75.363
463.621	203.208	66.277	78.958
459.757	201.855	66.407	78.079
457.248	200.617	65.940	77.721
454.682	200.275	66.464	77.391
452.822	200.639	66.731	75.935
451.387	199.807	66.867	76.213
449.398	199.598	66.920	75.976
448.767	198.807	66.995	76.289
448.078	198.588	67.387	76.063
448.404	197.858	66.564	76.299
448.296	196.655	66.947	76.962
449.769	194.653	68.124	78.284
453.396	192.278	68.324	78.090
457.200	191.042	68.193	78.043
459.469	190.840	67.258	78.222
459.822	191.315	66.799	78.467
458.859	191.163	66.065	79.581
456.952	192.779	66.046	80.312
453.293	196.125	68.117	79.755
444.777	198.929	69.614	78.625
437.646	199.468	71.233	78.852
431.583	199.030	72.600	78.659
430.083	199.089	70.147	80.926
426.527	200.522	72.485	79.277
426.167	199.894	75.628	80.005
429.928	198.463	76.078	81.459
432.779	196.120	76.862	80.973
436.356	192.949	75.868	80.967
439.315	191.224	75.330	80.247
442.150	191.278	76.074	80.946
445.952	192.171	74.480	82.898
446.788	194.130	74.912	83.175
448.711	196.368	74.509	81.469
453.381	197.323	74.147	82.717
461.150	195.024	75.785	82.361
465.239	193.182	76.864	82.141
468.927	192.159	78.340	82.299
471.413	190.476	75.711	85.012
471.747	190.347	74.864	84.971
469.211	191.081	73.075	84.714
465.261	192.685	71.774	84.601
455.708	196.398	74.084	82.563
448.136	197.158	72.481	83.748
441.960	195.963	69.813	87.177
437.614	192.200	68.979	92.124
435.917	183.078	67.484	88.495
434.576	178.238	67.772	91.863
434.027	174.150	66.593	91.304
433.440	173.687	66.909	87.566
431.551	173.697	66.930	89.415
429.170	175.386	67.798	87.653
428.633	176.705	66.779	88.225
428.656	176.587	67.279	88.530
431.467	175.938	69.063	89.882
439.062	168.421	68.451	92.038
447.614	165.708	68.506	90.714
457.136	165.144	70.314	88.651
467.351	165.647	69.993	87.443
476.845	166.845	69.939	85.568
485.320	167.620	70.718	84.670
493.686	167.408	71.054	84.655
499.563	167.237	72.186	85.167
504.478	165.994	72.979	83.535
506.002	165.562	75.662	82.138
507.904	166.553	74.139	83.263
503.981	169.072	73.558	86.020
499.559	173.188	71.736	84.162
493.245	174.953	69.784	84.905
484.774	175.298	67.312	84.755
475.392	169.986	64.237	85.673
464.260	170.136	65.780	83.363
455.582	170.967	64.867	81.889
445.420	171.785	64.979	80.934
433.404	171.819	65.660	82.601
423.544	172.319	67.175	80.749
421.403	172.880	65.734	81.258
422.424	174.305	64.662	80.441
425.713	176.688	64.191	82.195
430.918	176.528	63.279	84.284
436.722	174.252	64.254	85.359
447.954	171.865	67.145	81.489
466.946	167.363	65.542	83.229
487.068	165.876	66.768	84.175
503.625	167.020	68.616	84.957
515.446	169.998	72.035	82.763
521.889	171.580	69.994	81.961
522.796	170.822	68.960	82.522
519.161	169.413	69.702	81.537
510.565	166.607	73.099	81.573
501.797	162.763	73.857	81.176
493.823	162.076	69.315	77.442
487.862	163.416	68.980	77.008
483.492	164.615	67.107	77.962
479.613	164.641	67.453	79.326
476.287	162.351	64.552	79.447
466.871	154.960	67.255	80.215
453.431	147.348	69.324	77.636
438.675	141.472	64.698	84.006
420.599	138.342	66.222	84.824
406.779	137.885	67.180	82.919
396.728	135.428	66.089	85.147
391.552	134.693	64.966	84.237
387.064	132.035	63.879	85.157
383.900	129.906	63.785	83.680
379.043	126.820	64.657	81.576
373.808	124.222	66.969	80.819
372.591	122.729	65.763	83.919
367.725	124.169	67.513	85.175
364.032	125.394	67.611	87.645
352.195	128.842	70.402	85.945
340.728	130.491	70.037	84.243
330.869	128.307	69.588	85.130
322.148	130.923	71.452	83.655
319.465	130.677	73.152	90.337
318.573	133.337	72.380	94.392
318.249	142.880	72.342	91.883
321.698	150.114	74.453	90.916
326.157	156.554	72.602	86.819
325.045	157.569	68.505	88.525
315.754	160.984	68.519	84.026
308.018	163.320	71.437	84.604
306.322	167.339	69.653	89.489
304.945	172.094	70.204	90.957
307.517	179.814	71.643	88.661
314.937	185.873	71.033	86.639
321.566	189.138	70.151	84.828
326.247	190.801	68.492	84.774
330.130	193.020	67.622	84.286
335.187	193.823	65.995	83.355
341.181	192.358	65.721	83.075
348.517	190.069	68.525	83.945
354.063	188.622	67.165	84.632
355.401	188.455	67.263	85.337
356.619	192.241	68.358	85.018
360.018	196.147	67.338	84.255
365.545	198.998	65.637	83.340
371.209	201.451	66.219	84.497
375.344	205.982	64.350	86.138
373.662	215.519	63.575	89.175
364.278	229.253	62.544	90.039
356.212	245.780	62.127	90.042
354.444	258.401	62.670	85.965
355.149	263.293	63.431	83.940
356.826	264.834	62.744	81.552
362.165	263.514	61.587	82.612
367.908	259.571	60.656	81.836
369.676	255.429	60.828	81.878
369.636	249.356	60.570	84.186
370.063	241.155	60.225	86.379
369.429	232.042	60.692	86.514
370.892	224.076	60.823	84.836
374.806	218.779	62.145	83.295
385.926	214.981	61.122	82.567
398.981	213.626	58.699	81.728
413.876	212.550	54.072	81.559
429.635	208.340	53.220	83.313
445.229	206.180	51.604	80.414
460.143	202.006	52.152	75.856
468.008	180.937	62.409	92.259
473.539	138.271	91.251	120.787
481.198	122.813	89.332	95.183
486.633	126.135	86.023	86.092
488.172	128.496	83.978	85.804
549.373	178.366	59.857	82.416
546.283	176.621	60.787	81.244
537.477	174.386	64.436	84.599
524.759	178.546	63.957	83.025
510.471	179.226	60.751	81.392
493.618	181.335	61.832	80.878
476.935	183.286	62.085	78.344
461.882	185.764	62.353	79.975
448.263	187.182	61.067	79.681
438.489	188.518	61.838	82.065
430.642	190.538	64.663	78.375
428.933	190.911	64.909	80.529
428.081	191.416	68.493	79.323
435.703	190.662	71.300	79.666
446.435	189.671	73.943	79.036
462.610	185.278	72.070	81.186
481.068	182.291	70.436	84.921
499.009	179.133	74.215	85.997
519.624	176.428	72.893	86.442
536.861	174.291	71.292	85.947
553.250	172.249	70.518	87.612
563.690	170.194	73.324	88.015
573.525	170.084	72.875	85.548
580.707	168.778	73.574	84.008
581.787	170.314	73.476	83.117
581.241	170.365	72.735	81.229
574.725	170.243	73.341	82.393
565.360	172.912	71.177	83.089
552.905	176.305	72.892	81.013
542.883	176.484	72.362	80.865
532.597	176.031	73.240	81.603
523.216	173.891	72.566	83.513
515.856	172.208	73.243	83.346
511.652	172.899	73.315	79.463
511.149	174.096	72.838	77.290
511.785	175.879	72.433	78.040
516.425	177.171	71.855	80.429
522.496	176.656	71.849	80.154
529.818	175.195	72.561	80.488
539.288	171.894	71.033	80.274
549.672	167.370	66.645	81.081
559.153	164.913	70.651	79.724
567.279	162.489	74.530	81.039
570.797	165.390	72.240	78.564
570.903	166.597	72.791	76.916
566.941	167.121	72.512	78.182
559.723	167.254	72.563	81.388
551.027	165.913	72.220	81.380
541.659	165.252	73.941	82.341
531.919	168.369	71.800	82.896
521.944	170.281	72.422	82.633
513.702	174.742	75.324	76.434
510.546	178.629	72.773	72.562
509.710	178.375	71.667	72.857
509.792	178.675	71.305	72.833
514.684	178.090	70.094	74.784
522.200	175.521	68.430	78.060
530.502	172.188	68.955	81.599
539.053	169.202	70.284	82.642
545.038	166.696	69.433	82.890
547.122	163.259	68.111	84.100
547.359	163.086	68.314	82.247
547.255	167.691	67.286	85.802
544.719	170.423	67.755	92.634
543.066	185.619	67.386	88.197
541.541	195.781	68.009	88.086
539.273	202.457	69.169	88.675
535.807	208.072	69.945	84.508
530.422	207.981	68.580	83.498
522.428	207.068	68.710	83.717
513.809	205.793	69.420	84.406
505.703	205.111	70.260	84.018
496.285	204.411	70.054	83.322
487.995	202.291	69.282	83.446
482.099	199.380	68.261	84.990
477.165	197.210	69.468	84.892
475.695	194.930	69.002	85.090
476.674	192.930	69.726	82.400
479.295	189.784	71.231	82.134
483.776	186.634	71.702	82.348
490.113	183.767	70.434	82.872
493.787	182.169	71.258	82.366
497.193	181.140	71.479	82.412
500.868	180.049	71.595	82.930
506.980	179.526	70.980	81.660
513.038	177.847	70.740	81.391
517.133	175.508	72.102	81.862
519.317	172.945	73.827	82.255
520.788	172.132	72.773	83.122
520.262	173.895	71.715	87.019
516.273	176.464	71.256	94.151
510.414	179.824	70.651	97.466
499.014	187.823	73.054	89.876
490.272	190.226	72.863	88.304
484.446	191.715	71.671	84.392
482.670	191.189	69.950	83.563
481.597	192.160	69.893	82.644
481.444	191.187	69.262	82.470
481.983	190.143	67.936	81.427
483.097	189.450	68.407	79.862
484.397	189.189	68.391	78.356
485.233	189.699	67.868	77.571
485.597	189.110	67.868	77.743
486.421	186.505	67.938	78.633
489.092	181.555	70.120	81.608
491.514	177.784	69.472	81.786
494.959	175.442	69.094	81.006
496.452	173.946	69.717	80.150
497.291	172.785	68.922	80.554
495.549	172.117	68.475	80.944
492.720	173.519	67.257	81.450
486.298	175.716	68.702	82.386
481.470	179.096	67.945	83.520
475.358	181.841	67.513	81.915
471.769	183.301	67.711	81.249
470.802	182.212	68.095	81.215
471.037	179.314	68.451	80.834
474.409	176.255	68.345	80.963
479.870	175.225	68.189	80.677
483.890	175.244	68.292	78.989
488.357	174.836	67.468	78.583
493.644	174.571	66.749	79.410
498.337	174.839	66.839	81.115
503.318	176.572	65.582	80.906
505.496	177.682	66.893	79.533
507.685	177.892	68.191	79.487
510.127	177.621	68.413	79.900
512.381	177.135	68.638	79.707
513.284	176.335	67.716	79.861
513.296	176.094	67.697	79.313
508.574	176.886	67.461	80.598
501.697	178.079	66.955	82.377
494.391	180.688	65.485	83.602
484.078	185.047	65.426	83.487
475.200	188.088	64.758	84.314
467.244	190.135	66.432	82.500
462.848	190.886	67.066	83.104
461.978	190.699	66.793	82.320
462.281	189.864	67.691	80.923
468.487	188.727	65.543	79.837
475.078	187.976	65.342	80.991
482.051	187.006	65.853	81.693
489.747	185.998	66.193	80.851
497.628	183.643	67.021	81.368
505.637	181.881	65.865	81.865
512.742	181.616	65.159	82.159
517.349	182.629	65.498	82.306
519.659	185.067	66.117	81.977
518.897	187.278	68.203	81.030
519.526	187.372	67.436	82.274
517.262	186.832	68.287	82.412
514.636	184.766	67.923	83.460
510.445	183.037	67.862	82.597
503.882	182.855	67.555	84.177
496.103	185.258	66.328	84.252
486.258	189.410	65.022	83.745
471.452	192.436	67.105	84.892
454.076	193.237	69.352	86.654
429.413	192.696	73.394	85.945
410.180	194.511	76.985	84.227
393.570	198.255	82.943	82.680
383.032	203.787	86.985	77.935
378.169	206.498	89.658	76.905
377.850	205.884	89.661	77.066
381.996	200.884	88.368	79.688
391.033	195.552	87.715	80.531
404.714	190.432	84.253	80.521
419.701	186.883	84.273	79.842
447.754	184.682	84.382	80.123
464.172	185.894	86.269	79.843
478.620	189.140	85.784	80.648
488.114	193.327	85.546	79.311
490.683	195.053	88.111	78.599
491.777	194.488	88.373	78.851
487.993	191.632	90.088	78.902
483.391	185.735	89.245	80.629
476.846	180.835	89.254	81.105
469.313	178.157	88.865	79.428
489.618	171.814	75.618	78.149
491.595	171.142	74.049	80.500
495.656	166.828	73.759	81.967
499.451	164.671	74.129	81.884
503.846	162.903	73.955	82.000
503.651	163.487	76.495	79.797
506.081	164.380	74.721	79.981
507.970	166.976	72.664	79.679
509.563	171.486	71.130	79.832
507.242	174.788	71.275	80.239
505.022	177.122	71.356	79.418
503.195	176.551	70.789	79.980
503.061	172.866	70.419	82.456
503.336	170.150	70.607	82.952
503.767	168.644	71.282	81.653
503.594	167.716	70.752	81.329
502.539	167.214	70.613	80.156
498.958	167.304	72.315	79.768
494.491	166.361	72.688	83.211
490.610	164.163	73.117	82.353
486.665	162.790	76.072	82.941
486.251	162.627	73.944	81.725
485.001	162.871	74.538	82.432
484.888	163.860	74.023	82.993
485.173	163.054	73.902	85.897
485.988	161.138	73.488	85.478
488.448	157.612	70.830	86.668
489.417	155.482	70.450	86.371
489.353	154.458	69.853	84.311
490.022	153.876	69.099	84.596
489.166	154.364	69.776	83.682
488.254	154.252	69.944	83.042
486.032	154.381	70.989	81.901
483.096	154.381	70.256	81.090
479.205	155.378	70.129	82.530
475.364	158.081	70.281	84.582
471.955	160.225	69.070	86.256
467.492	161.719	70.153	85.264
463.284	160.551	70.326	84.070
461.447	158.589	69.360	83.372
460.486	155.742	69.710	83.176
462.335	154.865	69.881	82.162
468.658	154.381	69.034	83.551
476.461	155.220	69.323	85.218
483.575	155.411	68.166	84.950
489.350	155.888	68.227	86.257
494.080	157.094	69.117	86.943
496.628	158.472	70.510	86.881
497.677	160.856	70.377	86.601
496.480	160.754	70.996	85.387
494.149	160.257	70.789	85.271
490.742	159.771	70.705	84.926
485.757	159.365	70.559	84.698
479.219	159.129	69.254	85.561
470.540	160.562	70.095	84.664
461.663	162.637	70.058	85.998
453.441	165.769	69.888	86.008
444.261	169.398	71.832	85.379
434.129	172.015	73.308	86.377
426.620	172.097	73.186	87.044
424.291	170.801	73.177	85.275
423.702	168.938	71.402	84.674
423.403	168.673	72.089	85.471
425.195	172.112	75.502	85.660
430.117	178.771	77.939	85.882
435.118	186.609	78.883	84.457
440.615	191.185	74.671	88.604
437.936	205.085	81.017	80.760
433.730	215.923	80.147	81.799
423.898	230.061	78.187	77.485
414.496	239.767	77.675	75.992
405.443	247.121	78.608	75.608
394.173	252.017	78.368	72.915
386.007	253.884	80.689	78.636
381.230	257.653	83.599	73.636
376.671	259.803	78.081	77.624
369.314	261.748	77.241	76.602
359.756	264.024	77.636	85.888
350.451	266.402	77.973	79.721
337.977	269.980	74.795	82.538
330.316	272.594	76.461	79.991
327.994	273.309	75.124	74.331
327.727	271.885	71.582	77.233
336.052	265.515	68.470	81.972
351.594	250.531	66.035	82.536
376.042	179.425	58.231	83.690
398.652	175.705	62.751	88.557
403.758	206.019	78.548	106.677
416.602	210.653	79.759	93.984
431.827	192.381	83.055	105.042
443.416	183.308	86.343	104.669
454.438	178.733	81.994	96.417
457.928	169.957	79.656	92.103
463.088	159.004	80.304	91.599
468.292	149.866	78.194	90.076
473.901	146.048	73.745	88.680
477.584	146.270	73.184	87.064
480.149	145.822	73.183	87.176
481.494	146.049	71.305	87.097
482.647	145.714	71.208	86.117
483.417	144.688	69.805	87.433
483.353	143.272	70.122	87.073
483.466	141.676	68.860	87.398
484.152	141.201	68.045	87.284
487.548	140.723	67.425	87.210
492.346	139.588	66.320	87.668
495.307	138.443	67.688	86.862
500.997	136.433	67.563	87.813
505.328	133.837	68.290	88.654
508.443	131.812	69.079	89.604
511.472	131.503	69.113	92.376
513.081	134.024	70.176	94.145
512.774	137.339	70.482	94.079
512.543	139.330	69.610	91.542
512.189	139.848	68.994	89.089
514.006	139.391	68.662	87.952
516.344	138.680	67.999	87.057
519.906	138.663	67.740	87.189
525.859	139.831	67.171	88.427
534.283	142.387	68.576	89.648
543.265	144.699	69.918	89.214
553.956	145.428	70.494	90.650
564.220	148.016	72.507	91.479
574.625	150.262	73.330	93.359
585.865	152.572	73.246	95.115
596.125	154.676	72.799	95.686
604.155	154.805	74.086	93.197
609.871	153.048	75.583	90.754
612.912	151.371	76.411	89.265
613.717	151.219	77.675	87.547
609.863	150.719	78.085	87.772
602.392	151.318	72.466	87.004
592.021	151.391	71.842	87.555
580.764	151.916	73.019	87.690
568.949	153.964	74.498	84.904
559.148	155.386	76.976	85.177
549.657	156.834	76.998	84.182
542.020	158.296	76.480	83.456
534.512	158.841	77.108	84.592
526.139	160.171	74.568	83.754
517.087	159.365	74.555	84.149
508.237	159.800	73.031	82.898
500.021	159.493	73.015	84.262
495.761	160.319	69.589	83.762
493.880	160.080	67.194	81.701
493.743	158.824	64.662	81.252
494.387	157.007	64.756	80.603
495.490	155.183	65.932	80.942
500.950	155.188	64.896	82.347
507.006	155.460	65.472	83.018
510.289	155.748	67.639	83.257
513.857	156.430	66.886	83.098
515.404	157.555	68.572	82.847
515.163	158.119	68.330	83.501
511.799	158.084	67.203	84.824
503.143	157.476	68.133	84.926
493.398	156.168	65.696	84.493
482.430	153.826	63.364	84.264
468.731	149.636	62.450	86.934
452.654	143.904	65.143	89.076
443.504	138.139	64.907	88.427
435.899	135.098	65.277	86.368
430.948	133.835	64.597	82.549
426.548	132.684	64.313	82.640
419.782	132.610	65.674	84.086
411.811	132.791	66.856	85.899
403.746	136.077	66.749	85.961
396.839	139.842	65.596	87.550
390.294	144.254	66.613	87.006
387.951	148.060	65.299	84.426
387.948	147.932	64.383	84.527
390.256	146.293	64.145	85.119
396.202	142.105	64.864	84.972
402.149	136.996	67.536	84.930
412.283	132.759	67.142	84.900
419.663	131.207	68.136	84.005
427.357	131.153	66.227	82.164
432.510	133.081	66.044	81.961
433.934	133.697	66.485	81.510
435.241	133.310	66.322	81.978
436.658	131.777	64.691	83.430
436.069	131.148	63.889	85.075
432.826	131.531	64.762	84.287
427.394	131.572	63.977	84.939
422.492	130.622	64.646	84.318
420.385	128.121	63.892	85.236
418.236	126.891	64.325	84.520
417.066	126.296	64.892	83.644
416.219	126.838	64.371	85.093
414.418	130.093	63.512	86.209
413.244	133.900	61.742	86.706
412.224	139.138	62.931	85.868
414.123	142.287	62.289	85.757
418.392	144.310	63.052	84.380
428.108	143.717	62.448	85.264
438.859	140.384	63.954	87.965
454.537	135.814	65.704	91.735
473.706	131.171	66.164	91.803
494.079	127.638	66.739	90.673
512.660	126.280	69.449	88.473
527.920	125.252	71.922	89.810
538.332	124.701	71.835	89.751
545.636	123.011	71.462	88.196
550.567	120.148	70.999	87.301
554.012	117.756	69.475	86.071
555.984	116.663	68.154	85.457
556.037	115.938	68.116	86.067
556.366	116.044	67.352	85.603
556.185	116.674	67.055	84.866
555.868	118.609	66.721	85.448
555.396	120.813	66.814	85.832
555.112	122.518	66.165	84.381
555.516	123.443	65.800	83.611
556.339	125.020	67.733	83.018
558.528	126.969	69.000	83.714
562.593	127.435	68.181	85.703
565.279	128.233	69.875	84.833
569.470	127.193	69.155	84.130
571.656	125.158	68.843	83.708
575.932	120.297	69.327	83.971
581.928	118.334	70.353	84.405
588.510	118.425	68.583	85.912
596.051	121.046	66.987	86.026
600.633	123.793	69.106	85.009
603.861	125.734	73.185	86.316
604.371	125.215	72.860	87.644
603.983	124.222	71.995	88.911
599.559	124.005	72.224	89.386
593.873	125.078	70.891	89.161
586.340	126.808	70.740	88.247
578.551	129.542	71.235	87.747
568.798	132.573	71.965	87.090
558.736	133.435	73.886	86.656
549.238	132.463	71.536	87.362
538.567	131.718	71.019	89.450
523.286	133.333	73.077	89.658
507.913	133.273	73.648	90.080
493.164	133.241	73.642	91.531
479.605	133.451	71.676	93.960
464.260	135.421	71.909	93.143
450.359	137.749	71.863	91.448
439.842	138.413	73.838	90.993
434.596	137.232	72.993	92.450
429.579	135.756	74.081	92.614
426.117	131.543	74.608	93.024
424.813	125.586	73.549	93.422
425.156	123.050	71.600	91.579
425.370	122.532	70.415	90.608
425.983	122.461	70.195	92.516
425.284	123.788	71.174	93.928
423.844	125.935	72.890	93.455
422.219	126.768	73.903	91.853
420.624	125.243	72.034	91.769
418.865	123.534	70.730	92.104
416.415	123.099	70.269	91.204
414.358	123.883	70.950	90.326
414.985	126.039	70.974	90.593
416.972	128.342	71.423	90.943
423.547	130.160	70.705	89.854
433.181	130.337	69.938	90.858
444.007	129.993	70.755	90.364
455.670	129.667	70.357	90.029
470.088	128.229	71.349	90.016
486.041	127.251	71.514	89.371
501.282	127.779	73.734	89.794
517.360	127.459	72.618	90.421
529.013	127.053	72.494	89.592
537.181	123.728	72.076	89.081
542.221	118.217	71.364	89.827
546.234	111.928	72.948	90.463
552.647	105.433	71.112	88.773
557.520	101.691	70.449	86.478
562.847	100.174	69.426	86.948
565.769	101.477	69.165	87.882
566.249	105.638	70.332	87.142
568.142	109.976	69.529	86.623
569.306	110.399	68.952	90.674
570.285	111.333	70.036	88.989
571.337	109.861	70.137	88.322
574.221	106.187	70.897	90.595
578.234	102.364	71.657	91.831
584.440	101.732	70.428	92.277
588.926	101.278	71.585	93.057
595.087	102.397	71.580	92.481
603.154	105.569	70.700	92.177
609.571	110.426	71.163	91.621
612.606	114.138	72.478	90.081
614.201	115.108	70.578	89.138
613.606	114.711	69.411	90.384
608.610	115.658	71.220	90.499
600.495	116.117	70.180	90.912
593.334	117.053	70.841	89.062
586.651	119.663	69.624	88.645
577.714	123.182	70.198	88.208
567.318	126.803	70.936	87.976
554.368	128.800	71.883	89.739
538.937	129.104	73.280	89.050
525.524	127.836	71.472	89.716
508.929	128.274	71.525	88.066
490.841	129.569	72.179	87.172
472.543	134.107	78.124	89.464
459.190	141.187	79.364	87.478
442.160	149.772	78.759	87.153
384.738	162.366	74.870	86.005
385.791	167.324	68.200	81.308
374.803	168.731	59.886	84.055
371.100	168.801	59.417	82.380
368.421	166.734	58.456	74.435
368.153	164.575	58.537	67.085
369.391	163.145	57.661	73.653
370.428	161.869	58.449	76.523
372.525	162.836	59.097	75.248
375.913	162.742	58.592	72.502
378.392	163.176	58.520	69.921
378.872	162.639	58.488	69.958
378.748	162.107	58.766	70.723
379.699	161.895	58.043	70.996
381.242	161.253	57.157	69.968
382.131	158.981	57.429	71.212
385.018	155.834	57.496	72.028
388.377	153.072	56.215	70.897
392.276	153.340	56.507	69.957
395.163	152.773	57.409	70.703
399.596	152.533	55.205	70.337
401.948	151.675	56.906	71.274
406.472	149.305	56.651	71.896
410.988	148.485	56.329	72.301
413.648	146.864	56.866	77.705
415.795	146.949	57.374	72.866
416.881	146.158	58.752	74.050
417.719	146.825	59.765	75.950
417.234	147.324	61.292	75.364
414.176	146.043	59.735	75.160
410.714	145.272	59.169	73.182
405.873	145.067	57.879	72.890
399.392	145.525	57.076	74.117
389.609	147.873	60.544	74.142
380.506	152.355	62.113	70.040
374.348	153.817	60.189	71.175
370.486	152.429	58.603	74.134
364.901	147.792	58.659	74.362
361.365	144.925	58.788	73.733
356.135	143.001	60.364	72.416
350.065	142.456	60.833	75.038
342.994	143.771	60.468	75.707
334.176	149.318	60.639	75.759
325.915	152.450	61.061	76.413
317.209	153.740	61.663	71.826
312.063	151.916	59.564	74.670
309.367	148.388	58.282	76.565
307.660	146.388	57.142	75.325
305.492	144.442	57.714	76.498
303.805	143.488	59.214	74.969
303.838	142.890	59.414	78.770
302.093	144.032	60.477	79.582
298.560	145.667	61.736	79.419
293.359	145.878	64.808	76.282
291.283	143.751	63.321	77.114
288.404	142.784	63.892	74.171
287.425	141.802	63.515	76.005
286.193	143.300	62.492	77.100
284.914	145.251	62.936	75.857
284.119	145.013	63.721	74.775
284.109	144.621	64.534	75.216
287.056	141.722	65.737	76.550
290.359	138.410	67.329	76.170
294.706	137.124	67.654	74.915
299.598	137.614	67.027	74.285
301.650	138.368	67.448	73.986
302.628	138.319	67.664	73.396
302.744	137.223	67.915	73.017
300.837	136.753	67.994	74.272
293.612	136.312	70.726	77.122
287.246	137.676	71.034	77.490
281.212	136.731	70.544	76.132
274.392	135.682	71.693	75.311
269.541	133.352	72.435	76.151
266.685	129.183	70.589	74.374
264.126	125.813	71.483	73.330
263.041	124.714	70.700	73.671
261.176	122.328	71.347	75.666
256.108	120.298	72.479	74.657
250.185	119.143	73.079	75.075
243.183	118.038	74.486	76.624
234.340	121.260	75.183	74.796
227.557	122.784	74.054	77.301
220.016	123.591	74.794	76.371
212.161	120.097	77.333	81.095
212.106	116.778	73.471	81.994
212.509	113.180	72.131	82.978
215.012	110.406	73.282	81.958
218.085	115.053	70.173	76.806
218.607	115.207	70.974	80.157
219.789	116.963	70.521	82.960
220.671	122.305	69.243	86.503
220.781	125.128	69.176	87.326
221.917	124.560	71.285	88.996
225.246	125.568	72.197	87.019
230.609	126.526	74.130	88.568
237.590	121.211	77.051	94.248
251.247	113.880	75.878	97.299
267.549	109.095	76.602	98.106
284.783	110.994	77.484	93.781
302.144	114.331	77.797	89.958
319.529	113.629	78.674	86.331
331.651	113.697	78.397	84.500
345.534	113.271	78.657	84.503
358.060	112.725	76.356	87.658
369.024	115.927	74.867	85.173
376.896	117.906	77.805	84.429
385.326	117.494	76.471	85.186
514.902	162.211	64.526	79.878
513.037	161.233	59.917	77.311
505.840	159.092	58.813	76.807
499.681	155.720	58.360	75.515
493.920	153.954	57.409	68.449
487.648	156.256	55.041	69.613
475.868	162.138	55.157	66.271
409.880	120.386	66.796	88.894
399.422	123.880	72.847	89.991
385.388	126.895	73.776	90.445
370.896	131.317	76.363	90.379
360.761	133.520	76.914	89.262
355.078	132.631	78.453	88.649
352.370	132.806	79.429	88.233
352.132	130.764	82.861	88.323
358.573	125.111	83.405	91.916
376.008	121.021	79.545	91.600
391.784	115.920	81.735	91.656
412.267	115.751	87.770	88.805
439.882	113.332	86.801	89.929
471.048	110.409	87.843	91.962
497.324	109.362	91.065	92.992
526.623	106.859	90.261	92.665
486.384	173.124	68.983	81.478
495.818	173.713	59.973	74.924
495.778	175.063	56.968	78.843
487.181	180.974	54.025	76.552
472.623	182.767	53.426	78.963
456.013	183.053	52.559	78.885
438.414	179.881	54.799	79.540
419.544	174.098	58.206	80.605
403.091	170.348	59.846	79.782
392.831	171.008	59.764	75.643
384.295	171.980	59.377	75.257
375.527	174.054	59.553	76.128
368.032	176.585	60.282	76.005
363.951	178.082	60.137	75.424
362.565	178.831	59.836	76.670
363.040	179.333	59.077	76.184
365.118	178.818	58.830	76.267
367.871	177.436	59.557	76.045
375.606	173.243	58.236	82.960
387.620	169.667	58.146	82.326
401.900	161.775	58.169	85.202
413.961	160.102	59.034	82.167
425.692	158.055	59.130	80.688
432.440	159.678	57.540	78.916
432.540	163.829	59.641	81.038
431.171	168.609	58.041	81.604
425.979	173.242	57.796	79.377
418.018	175.146	57.331	77.947
408.661	172.642	58.997	79.234
401.406	168.151	58.459	81.115
394.739	164.780	58.712	79.904
387.693	162.397	61.637	78.433
385.123	162.135	60.193	78.547
383.815	164.803	59.065	79.191
381.993	167.882	59.567	79.301
380.735	171.100	60.194	79.715
380.785	173.497	60.053	77.781
381.889	171.665	60.316	80.092
387.313	171.271	59.361	79.998
392.602	170.049	60.562	80.249
401.090	166.249	59.421	80.022
406.830	164.602	61.067	78.593
411.969	162.923	61.829	79.235
414.253	162.422	60.917	78.696
415.338	164.610	61.034	79.545
413.924	168.244	60.786	81.559
409.734	171.611	60.244	82.898
405.623	175.021	60.012	80.499
402.974	173.871	60.736	80.345
401.874	169.531	59.967	82.230
400.410	166.254	61.499	80.941
402.390	166.248	61.030	78.560
405.146	167.046	62.557	76.906
408.184	168.468	62.439	78.048
410.790	172.126	63.346	77.709
414.473	174.984	62.962	79.633
415.471	177.875	64.644	77.383
419.777	178.481	63.997	77.759
428.952	178.555	62.223	79.009
435.999	176.942	62.084	80.927
446.109	174.820	60.289	81.114
457.507	170.837	59.680	81.117
466.828	166.709	61.714	80.145
477.044	164.486	60.303	80.231
484.059	161.915	60.959	80.245
486.754	160.539	63.384	79.036
490.777	160.448	62.999	77.800
493.969	160.751	63.144	79.129
497.149	161.243	61.992	78.306
498.966	161.174	62.672	77.363
501.601	160.096	62.907	78.217
504.685	158.386	63.097	78.809
507.640	155.201	64.183	78.140
510.781	154.840	64.385	77.821
513.781	157.289	63.200	79.738
515.690	161.482	62.091	81.281
516.590	166.374	63.269	79.491
517.404	166.644	63.100	78.967
518.341	162.327	61.640	81.229
519.684	155.157	61.030	81.318
519.052	152.764	61.081	78.495
517.970	151.242	61.434	76.681
515.545	153.434	63.368	77.290
514.147	156.390	62.923	78.095
512.008	157.748	62.214	77.054
507.881	155.330	63.568	79.089
506.064	147.938	62.134	82.149
503.347	140.354	62.341	82.161
499.662	136.968	61.398	79.220
493.820	136.430	65.086	77.334
486.920	136.074	66.342	80.686
479.310	138.479	67.961	80.514
469.606	141.985	69.421	81.850
461.267	143.979	69.512	83.591
455.684	145.080	68.331	83.460
450.526	144.497	66.808	83.764
446.965	142.297	65.464	83.181
445.192	138.889	63.764	82.471
441.156	139.301	66.856	81.528
440.718	138.047	65.797	82.021
439.212	137.328	66.058	79.800
439.491	136.616	64.232	79.185
439.717	135.615	63.650	75.332
439.528	134.227	65.034	74.360
440.523	133.867	66.550	74.348
442.092	133.115	67.140	76.315
442.892	134.108	69.569	77.819
444.795	136.536	70.728	79.567
447.092	138.996	71.862	80.162
450.871	141.419	71.812	80.782
456.560	141.297	71.418	80.707
461.614	140.047	69.912	79.769
463.983	138.785	68.706	78.210
464.623	137.429	66.844	78.582
463.280	137.019	65.836	79.774
460.695	138.165	66.224	80.612
460.023	139.895	66.079	80.811
459.949	140.749	65.779	80.388
459.912	140.060	66.368	76.747
461.989	138.589	65.477	75.413
464.911	136.932	64.990	75.857
465.720	138.506	67.182	77.894
468.941	141.429	66.198	81.157
471.052	145.649	65.704	80.163
473.403	146.177	67.564	80.567
477.823	144.295	67.832	79.555
482.291	141.014	72.231	81.370
490.017	136.287	74.703	85.247
501.636	134.221	73.183	87.101
514.066	132.796	72.778	87.385
525.132	130.274	74.061	88.469
537.769	128.627	73.145	87.208
549.193	128.530	73.866	85.865
558.117	129.370	72.144	83.460
565.654	131.237	70.865	82.396
569.707	131.215	72.044	82.953
574.216	131.677	72.876	82.751
578.664	132.087	74.683	81.371
583.778	130.997	75.594	81.606
585.823	129.732	75.716	83.055
585.966	128.083	76.809	84.618
581.533	129.755	78.502	86.163
576.510	133.844	77.135	88.134
566.655	137.607	77.580	86.437
555.730	137.608	76.150	86.253
543.111	137.578	77.282	84.377
532.853	137.305	77.247	83.441
526.643	137.743	74.747	83.097
521.966	138.393	74.712	83.048
519.880	137.683	74.456	81.245
520.096	134.436	73.539	83.205
524.636	130.524	75.445	85.249
534.618	126.428	76.214	86.692
545.385	122.012	77.917	88.822
557.051	121.904	77.713	89.168
569.923	121.723	79.005	89.586
581.898	121.438	77.955	88.515
591.897	121.364	77.740	88.143
599.259	122.192	78.754	86.772
602.194	123.291	79.231	84.417
603.285	123.290	79.098	84.829
602.389	123.682	78.641	85.928
598.456	124.684	81.481	84.654
595.324	125.298	80.424	85.304
591.146	125.428	80.759	86.793
587.032	127.522	80.716	87.205
582.005	129.424	81.351	88.625
574.434	129.867	83.446	87.270
567.003	127.382	83.438	88.460
560.328	125.971	84.124	89.290
553.802	126.053	83.752	89.371
548.781	126.603	81.508	90.221
545.939	126.433	81.399	87.586
546.655	125.277	80.496	87.799
548.922	124.408	82.978	88.481
557.322	124.134	82.230	88.621
568.683	124.317	81.882	89.985
577.428	125.595	83.416	88.595
587.647	123.850	84.007	86.827
596.990	121.464	82.934	86.778
606.070	120.792	83.248	85.855
612.366	119.801	83.701	86.829
614.391	118.826	84.979	87.510
615.340	118.743	84.885	86.361
614.204	117.810	85.319	87.926
606.935	118.151	87.722	89.647
596.107	119.642	90.307	92.596
582.307	123.544	88.895	94.574
562.892	128.793	93.621	94.845
544.451	129.716	94.537	94.154
527.050	132.221	91.606	91.023
510.170	134.680	92.350	88.360
495.148	136.565	91.885	86.991
479.374	136.308	89.729	84.913
467.385	137.141	86.404	85.289
458.452	137.754	88.675	81.700
456.638	136.231	85.080	82.520
457.351	133.354	82.582	83.100
459.154	131.421	82.644	81.263
464.416	129.855	82.333	85.483
470.133	128.354	82.904	86.303
477.247	126.588	79.044	86.285
479.438	123.706	81.488	86.519
479.881	122.154	80.293	85.221
476.288	121.174	82.088	85.313
467.515	121.461	85.473	87.543
456.923	121.085	87.690	88.736
452.628	121.599	85.996	87.280
444.557	119.009	90.161	88.457
436.138	117.944	89.635	87.779
424.855	116.640	86.374	87.052
411.607	114.055	87.129	91.174
396.171	112.736	83.252	91.826
381.687	112.505	85.406	89.537
369.895	113.952	84.904	88.640
362.076	115.864	85.596	86.977
358.728	116.286	86.259	83.676
360.227	114.080	84.674	86.176
366.717	112.162	86.829	88.276
376.203	110.067	89.390	89.260
390.817	109.635	88.610	91.469
405.064	109.925	88.870	93.527
419.736	108.206	84.679	94.856
431.070	106.350	85.204	93.289
438.861	104.133	85.396	93.020
446.065	103.821	84.283	91.256
450.097	103.067	81.936	90.903
455.180	103.230	80.034	90.423
461.919	104.157	79.751	90.831
464.410	104.669	82.416	88.842
469.717	106.652	82.589	92.069
474.766	107.879	82.915	91.532
479.606	109.073	80.351	90.033
481.224	110.138	83.244	90.104
484.337	109.756	84.032	90.343
489.726	109.590	85.210	89.247
494.639	109.743	84.674	87.516
500.506	109.469	84.610	88.438
508.897	107.267	84.824	86.297
518.210	104.833	86.179	87.238
528.575	102.178	88.486	88.671
538.700	99.640	90.443	90.913
550.431	98.576	89.427	91.999
558.709	97.199	88.018	93.815
564.838	98.047	88.558	92.541
571.547	99.081	84.093	96.235
574.035	101.028	82.245	95.188
575.490	102.917	81.038	91.132
576.351	101.138	80.813	89.962
578.310	98.705	80.757	86.392
579.948	97.088	80.850	84.164
581.349	97.308	80.612	82.193
583.468	97.893	80.210	84.811
584.759	100.509	81.265	85.752
585.458	101.773	80.371	88.052
585.726	102.551	79.858	89.840
586.919	102.731	78.204	89.031
587.415	102.554	77.424	87.804
586.346	102.704	78.554	87.444
582.948	102.798	79.509	87.496
578.296	103.127	79.770	86.458
572.789	102.887	81.059	86.038
565.571	103.168	79.933	83.572
557.319	104.527	79.347	81.266
545.728	108.716	79.198	81.616
534.139	111.749	78.017	83.620
523.041	113.996	77.340	85.222
512.414	116.620	78.058	86.087
500.562	116.520	77.702	86.038
490.001	114.788	77.633	87.751
480.391	114.236	76.073	88.623
471.207	112.520	79.636	87.967
463.123	109.700	80.305	89.917
456.778	106.396	79.781	89.464
452.304	103.789	78.945	86.989
447.678	100.476	78.907	89.085
440.573	97.572	80.639	89.996
433.824	94.958	79.370	91.218
427.258	94.676	79.122	91.431
423.005	96.572	77.790	91.709
417.674	98.817	77.623	90.784
412.032	102.239	77.582	90.336
407.779	105.852	76.771	90.818
402.487	109.230	77.387	89.000
398.772	111.388	76.844	85.933
394.442	111.542	76.717	85.558
392.435	110.751	75.782	86.799
390.390	109.594	75.713	86.555
389.164	107.945	75.703	85.664
389.056	106.279	75.627	85.968
392.036	103.524	75.602	87.873
395.669	100.709	76.357	88.957
400.640	97.316	77.168	89.656
405.161	93.092	77.147	90.645
408.727	91.149	76.762	89.235
414.447	89.971	74.820	89.981
416.002	92.229	76.095	90.708
415.644	95.805	76.266	93.425
412.418	99.904	75.509	92.136
406.487	100.856	76.900	87.354
401.514	98.341	76.644	87.135
391.053	94.488	77.829	87.858
379.879	94.583	79.355	86.643
363.744	97.019	81.780	86.445
351.677	98.576	79.134	88.799
338.858	100.281	78.762	88.027
329.452	99.843	77.763	88.455
321.815	100.208	78.354	88.933
315.762	100.016	77.739	88.617
313.717	100.388	76.795	88.052
312.115	101.415	77.581	85.810
312.041	100.548	77.879	85.977
313.811	98.733	79.271	87.964
321.242	98.848	79.415	87.476
328.217	98.729	80.569	88.392
339.237	99.231	79.236	89.133
346.855	98.711	81.297	89.195
354.664	98.420	80.193	89.793
360.045	98.235	79.450	90.518
361.817	99.808	79.335	92.277
360.185	102.182	79.072	92.705
355.531	104.323	79.921	93.284
350.683	106.438	79.723	91.403
345.362	105.956	79.069	89.813
338.060	104.780	78.577	87.631
332.120	104.053	78.322	89.024
325.823	106.678	77.386	89.378
318.970	109.753	78.080	87.798
313.301	111.129	76.813	88.659
305.956	111.011	76.382	91.880
301.606	111.986	77.463	87.740
301.017	111.402	73.487	91.552
299.636	112.712	74.089	91.480
299.463	113.387	74.383	91.543
301.836	113.076	76.045	92.624
311.368	112.709	73.713	93.520
322.977	111.224	72.552	94.247
334.542	110.361	73.962	96.173
346.217	109.806	75.756	96.935
358.282	109.445	76.170	96.761
368.407	108.762	73.697	95.583
372.002	108.790	75.236	92.819
374.765	107.535	73.639	94.288
373.372	109.654	74.224	93.271
369.418	112.784	73.889	92.232
366.517	112.405	73.667	92.725
364.091	112.567	73.280	91.605
363.369	112.175	71.912	89.701
362.225	111.905	72.380	89.492
361.494	112.128	73.092	88.994
362.315	113.509	72.836	88.407
364.283	114.960	73.932	87.351
369.368	114.583	72.752	87.839
376.168	112.539	71.587	88.383
384.506	110.966	72.478	89.695
392.839	110.222	71.125	91.425
401.607	110.693	71.120	92.817
409.233	112.619	71.621	91.203
417.384	113.803	71.507	91.097
427.174	115.682	72.153	91.437
437.267	115.448	70.978	92.904
446.688	115.343	70.829	93.649
455.347	116.279	71.083	91.958
462.603	118.213	70.643	90.864
467.673	121.133	70.643	91.143
468.263	121.420	71.608	91.264
467.781	120.787	72.369	92.165
464.062	118.815	70.615	91.589
454.427	118.155	69.713	91.357
440.970	120.129	69.234	92.720
424.489	125.519	69.415	93.154
408.664	131.596	68.140	91.610
390.343	135.578	68.931	89.890
371.474	138.923	69.005	87.966
352.491	142.406	70.418	87.933
339.019	148.186	69.775	86.052
327.314	151.867	69.705	87.260
318.636	154.819	68.338	85.263
313.113	156.243	66.913	83.937
311.154	155.559	65.623	80.890
312.308	152.720	65.720	81.637
319.926	149.538	66.070	81.636
331.162	147.940	65.770	83.584
345.371	146.925	65.910	83.574
358.821	146.640	67.079	81.471
370.395	145.707	65.833	82.455
379.914	145.583	64.887	83.251
386.195	148.520	63.261	81.666
386.639	150.875	63.805	80.656
384.654	151.805	64.294	80.686
380.146	149.892	64.821	80.394
373.583	146.897	63.626	79.748
363.480	145.851	64.867	79.561
352.842	146.609	64.821	81.621
338.251	151.293	65.006	82.448
320.903	153.678	65.107	84.370
303.241	154.841	65.730	83.729
287.473	154.998	65.142	82.751
276.188	155.590	64.005	83.058
267.254	158.305	62.207	82.563
262.767	161.765	61.959	81.756
261.102	163.327	62.893	81.760
262.770	164.253	66.278	83.319
271.064	161.232	68.800	84.910
297.161	156.831	73.872	83.945
317.223	153.296	70.406	84.511
335.516	152.448	71.985	83.815
355.582	152.872	72.309	82.985
374.721	150.840	70.667	83.947
390.389	149.228	72.912	85.678
405.417	150.089	71.873	86.978
412.149	149.165	72.707	88.220
416.333	147.724	72.734	87.067
417.521	144.374	72.720	88.456
418.770	142.036	72.053	88.051
419.710	140.884	70.202	86.988
419.277	139.064	69.091	86.325
415.739	137.723	67.365	86.954
409.161	138.723	67.548	86.389
402.140	141.407	66.889	85.261
396.002	145.280	66.732	85.614
390.055	148.882	67.060	86.173
385.198	150.289	67.202	85.777
382.734	150.402	68.680	82.908
384.761	147.402	68.837	84.604
392.537	143.344	68.267	84.993
403.963	141.646	67.181	85.378
414.572	140.920	66.619	85.806
419.030	140.579	70.391	86.205
419.673	139.969	71.294	86.822
419.443	141.255	74.119	87.476
419.217	145.087	71.783	87.416
415.375	149.162	70.089	87.333
407.166	152.295	70.782	84.232
397.089	152.684	70.832	83.220
389.004	151.413	72.124	84.349
383.400	148.524	73.081	85.658
377.870	146.291	74.511	85.698
374.451	144.523	73.921	86.105
369.707	144.571	74.879	84.132
366.573	144.181	74.610	84.917
364.986	143.567	75.288	85.140
364.552	142.698	75.863	86.134
365.257	141.838	75.706	87.595
366.715	140.149	76.990	87.496
370.610	136.206	76.223	87.238
374.856	134.140	74.314	86.644
376.836	132.764	73.826	87.005
377.150	132.889	74.029	88.589
372.834	134.898	75.033	89.574
368.389	135.808	75.029	87.508
363.951	134.971	75.576	87.089
360.342	131.269	75.296	87.890
357.402	127.883	73.997	88.487
351.782	126.971	75.634	86.364
344.366	128.484	75.624	87.764
337.714	129.697	73.568	86.954
329.375	131.202	72.899	88.942
320.268	131.795	75.372	86.994
315.941	131.520	75.249	83.974
313.301	129.556	74.807	85.394
310.710	127.680	75.020	85.689
308.742	126.065	74.102	84.307
306.623	126.264	73.438	83.225
304.518	127.859	72.591	83.630
301.796	129.716	72.368	83.545
298.400	130.290	72.975	85.689
296.431	130.664	73.969	86.201
297.722	130.246	74.423	86.298
301.112	129.670	76.663	88.085
307.555	128.449	76.330	87.348
315.438	129.033	78.001	84.881
324.893	130.166	76.966	84.540
332.673	131.589	75.383	84.328
334.628	136.507	75.745	82.114
335.617	136.602	74.496	81.950
336.015	136.867	74.538	80.780
334.922	136.624	74.857	79.405
332.145	136.267	75.519	78.428
324.626	135.471	76.199	77.722
317.871	135.200	75.386	79.316
309.593	135.855	73.774	82.080
299.280	137.965	74.750	83.252
288.152	141.388	74.075	79.892
276.455	144.411	75.387	83.326
271.407	146.419	74.887	83.983
271.399	146.797	71.932	85.234
272.503	145.503	70.473	84.899
277.204	141.602	71.092	85.688
285.189	139.064	69.244	84.725
293.262	138.640	69.266	85.369
301.114	141.573	69.303	85.063
308.319	143.432	68.586	85.283
316.755	144.539	68.311	85.052
325.944	144.448	68.119	85.153
336.128	141.991	69.151	84.577
345.155	137.566	69.377	84.850
350.048	136.314	69.725	84.646
351.256	137.155	68.522	84.666
344.298	139.636	70.037	85.033
332.900	142.783	70.587	87.934
319.880	143.722	71.169	89.027
308.693	148.007	69.558	88.330
299.714	149.930	69.636	85.777
296.812	150.152	68.454	83.797
296.177	151.138	68.565	81.729
300.890	150.937	68.022	80.912
308.973	148.273	67.862	81.948
317.587	145.609	67.358	81.356
326.758	145.608	67.402	79.787
337.356	145.836	70.021	79.855
348.597	145.783	67.675	84.091
358.338	146.460	68.216	84.253
369.434	145.042	68.581	83.881
383.071	142.982	67.759	84.962
396.866	140.673	70.695	85.781
408.312	137.109	67.889	87.352
415.591	135.641	67.455	85.847
416.871	133.066	69.201	87.668
417.150	132.882	68.012	88.319
412.340	134.838	66.730	88.632
405.759	137.106	67.415	88.698
398.088	137.782	69.005	89.111
393.779	137.163	70.185	87.391
392.710	133.972	70.095	85.714
394.559	129.834	72.778	83.530
399.309	126.045	72.573	83.814
403.061	123.979	73.410	82.743
406.234	121.915	73.585	81.945
408.150	121.797	72.960	78.371
409.260	121.418	74.427	78.845
410.452	120.684	73.399	79.891
409.721	121.053	74.900	78.625
410.186	119.898	75.807	79.883
414.075	118.275	76.215	80.081
420.484	114.797	74.946	79.953
425.766	114.719	73.860	79.060
432.028	113.388	72.196	81.655
438.907	115.014	70.785	82.303
442.261	115.055	73.130	81.947
446.691	114.106	73.400	82.393
449.803	113.710	72.136	82.584
451.580	113.598	71.049	81.888
451.921	113.499	70.202	80.973
450.588	114.699	71.233	80.506
449.354	116.138	70.675	81.597
446.849	117.077	70.173	83.584
441.031	118.201	68.824	84.508
433.209	119.444	67.146	84.619
422.852	122.314	67.652	87.664
411.458	125.811	69.205	87.721
403.267	131.176	69.458	87.100
399.949	133.867	70.202	85.095
398.652	136.986	71.012	82.068
402.199	137.366	70.394	79.317
414.568	131.604	69.663	85.463
427.122	128.831	70.071	84.833
441.229	127.457	71.543	84.752
456.660	127.094	69.692	85.345
468.612	129.812	68.175	84.299
478.993	132.636	68.932	83.516
483.964	133.785	69.566	82.197
485.116	134.181	70.146	82.237
485.563	134.514	69.304	83.014
481.721	135.262	69.853	84.459
473.588	137.431	70.312	84.883
466.061	137.747	69.952	85.582
458.539	136.945	70.971	85.948
448.524	134.204	72.391	86.897
438.674	131.922	72.404	87.111
428.402	131.865	71.826	85.954
417.961	138.089	72.700	84.774
409.034	143.416	71.735	83.974
399.813	146.810	72.246	84.074
394.064	148.116	71.227	82.989
391.406	147.841	70.472	82.755
391.506	145.722	70.388	84.124
394.124	142.963	71.603	84.282
397.379	139.133	72.331	85.427
400.501	137.818	72.183	84.167
402.430	138.623	71.259	83.944
401.604	141.492	69.919	87.719
394.839	146.299	70.296	88.714
384.131	152.449	70.636	85.721
371.892	154.445	71.808	83.079
362.213	150.116	72.513	86.329
353.778	146.412	72.259	87.577
345.978	144.465	72.430	85.407
340.748	144.569	70.629	82.457
332.814	146.737	70.062	81.388
323.491	150.244	69.657	82.710
315.158	151.949	70.836	81.856
309.499	151.355	71.712	83.251
306.284	150.640	72.486	82.436
305.305	148.310	72.381	83.642
306.340	145.230	71.872	85.941
309.101	142.234	73.907	87.077
312.320	140.217	74.963	88.285
316.081	140.296	74.571	88.799
319.348	142.806	73.415	89.012
320.036	145.119	72.222	88.094
318.973	145.296	71.775	87.618
317.817	142.212	71.454	88.580
316.441	139.546	72.608	87.864
316.647	137.320	71.648	87.974
316.760	137.097	71.986	87.925
316.113	137.684	71.518	87.526
312.792	138.781	71.263	87.761
305.551	140.124	70.615	86.229
295.892	141.033	70.529	85.987
284.397	142.954	70.880	85.646
276.745	144.120	69.479	85.390
270.131	147.470	69.332	82.690
267.637	147.047	68.752	81.569
267.182	145.832	68.047	82.212
271.291	141.346	71.876	84.816
284.632	136.597	71.283	88.080
301.016	134.984	71.066	88.243
315.401	134.016	74.903	86.818
333.253	134.153	74.058	90.103
351.507	135.854	73.354	89.325
362.236	138.435	72.279	89.804
372.314	143.380	70.357	87.567
379.456	147.046	68.390	84.293
381.654	147.801	68.798	82.019
384.042	146.946	69.189	81.495
386.576	145.142	70.080	80.759
389.924	143.250	70.658	80.120
394.201	141.193	71.120	81.479
398.530	140.187	71.578	82.061
404.308	138.284	70.388	83.803
405.280	137.819	73.080	83.077
405.974	136.383	73.457	83.747
407.202	135.399	75.230	83.411
409.708	133.664	76.309	84.698
415.547	132.125	76.508	85.455
422.486	129.487	76.393	86.475
430.996	127.515	75.659	87.475
439.806	125.842	74.974	87.162
445.133	125.091	76.359	86.254
451.891	124.403	75.776	86.519
455.465	125.012	74.885	87.258
456.664	125.840	73.871	88.845
456.779	127.683	73.741	89.276
455.548	129.620	73.794	88.847
454.800	131.385	73.179	88.783
451.802	132.731	73.752	86.783
449.876	132.880	73.496	86.684
450.207	132.519	73.864	86.631
458.811	131.161	73.947	89.281
474.868	130.937	74.848	90.326
491.690	131.978	77.162	91.329
510.025	135.973	77.839	90.715
525.525	137.111	75.557	90.261
532.188	136.875	74.035	88.719
533.438	134.861	73.891	87.771
530.433	134.126	73.824	86.803
524.852	134.188	70.403	85.240
516.671	134.767	68.771	83.938
509.130	133.339	68.940	84.277
501.832	130.612	67.246	84.900
493.542	129.750	67.734	85.176
487.849	127.154	69.180	87.126
477.353	124.582	71.537	86.344
468.698	125.552	70.818	83.833
461.238	128.470	69.647	83.165
454.187	131.517	67.673	83.637
446.739	135.825	68.658	84.300
445.636	135.790	68.647	84.950
445.222	136.083	70.714	83.253
449.238	133.220	71.372	82.934
457.607	127.335	72.657	86.076
468.255	122.321	73.135	86.887
482.881	118.438	73.365	87.265
495.073	118.938	73.927	86.234
505.868	120.668	73.663	87.401
511.642	122.615	75.473	84.277
512.540	123.251	74.097	85.831
511.956	124.917	72.636	84.859
507.512	125.268	72.808	84.506
499.937	126.068	72.739	83.389
492.797	126.331	74.253	79.502
488.699	126.626	73.468	77.903
485.033	124.136	74.275	80.290
480.875	123.061	73.929	77.483
476.123	122.819	74.012	80.777
473.175	124.732	73.242	82.801
469.182	127.702	73.621	84.130
467.094	129.186	73.564	85.125
466.168	132.061	73.238	85.285
465.118	134.762	72.273	82.424
466.177	133.583	72.226	83.273
472.188	129.133	72.404	84.902
480.073	127.677	73.478	84.129
491.905	124.420	71.931	87.565
501.592	126.378	73.006	85.290
510.934	127.638	75.073	84.698
517.828	128.945	72.594	85.574
519.456	131.100	72.753	84.896
517.094	131.446	75.271	88.017
509.515	129.903	78.801	88.694
500.337	129.985	81.901	90.052
493.198	130.664	81.374	90.033
482.805	131.165	81.029	89.206
474.646	133.848	79.692	87.233
465.916	136.635	81.061	85.464
453.216	136.824	80.545	82.438
442.385	138.133	80.111	82.320
433.302	140.237	79.446	86.170
424.259	143.441	77.670	88.566
411.499	147.321	76.947	88.407
398.457	148.403	76.405	86.890
388.034	148.552	81.178	84.807
382.004	147.669	82.314	82.552
379.941	144.889	85.614	84.794
378.473	141.055	84.598	85.478
381.996	135.042	81.830	83.916
383.606	132.532	82.534	85.343
387.275	132.331	79.301	87.936
393.201	131.819	74.732	87.945
396.870	134.792	71.478	85.515
397.525	135.436	72.156	85.281
398.324	137.645	72.829	83.419
398.556	137.112	73.035	83.358
397.594	137.196	72.629	81.982
397.264	133.527	71.474	84.754
393.957	133.263	71.254	85.992
388.528	134.394	72.921	85.911
382.128	136.518	72.603	90.424
373.697	139.355	72.504	89.440
362.820	142.156	72.354	88.578
349.956	142.005	74.615	90.554
337.942	144.883	76.255	88.461
326.400	147.840	76.156	86.988
319.027	151.133	71.757	83.863
313.941	148.728	71.409	86.166
312.702	146.728	71.188	87.046
313.356	141.654	74.588	90.752
324.908	137.456	70.699	91.338
333.934	133.455	73.892	90.247
348.414	133.900	72.836	87.838
361.655	134.472	75.110	85.581
374.768	135.245	76.175	83.383
388.680	134.889	74.753	83.776
401.112	134.473	74.699	84.016
415.140	133.724	72.918	85.588
427.172	134.559	74.164	84.485
437.694	137.431	74.543	82.505
446.718	137.433	73.800	85.020
452.713	139.201	74.377	84.645
457.447	139.632	75.002	83.910
465.640	140.464	72.872	81.983
468.620	139.232	74.838	82.229
471.454	140.833	73.814	82.540
471.749	145.034	72.649	80.650
471.031	148.050	72.571	83.459
466.912	150.656	72.850	81.829
462.368	151.009	71.989	80.943
455.808	151.636	72.388	79.876
451.731	151.309	73.005	79.381
449.157	150.623	73.390	79.695
447.752	152.096	74.060	78.417
449.185	151.531	75.285	82.591
459.647	151.228	72.764	83.859
467.930	148.075	74.864	85.147
480.316	145.497	74.344	85.745
493.522	144.161	74.534	86.431
500.713	145.221	76.822	84.335
508.500	148.047	75.801	83.459
514.232	150.287	75.448	83.310
517.572	149.814	75.009	83.046
519.143	149.277	73.382	83.288
518.298	146.258	72.888	84.433
515.260	143.064	72.275	83.008
511.279	141.946	72.560	81.664
507.909	142.269	73.262	80.097
504.743	144.379	72.850	79.416
502.823	145.054	73.729	80.428
501.355	145.161	73.554	81.601
501.019	142.810	71.713	83.812
502.038	138.314	72.523	85.922
504.679	135.256	72.733	86.646
507.433	135.609	73.864	85.833
511.596	138.345	74.419	83.627
515.646	140.207	74.071	84.262
518.069	142.154	73.719	83.233
519.840	142.488	72.883	82.864
519.311	140.200	71.963	84.796
515.674	140.487	73.050	83.403
512.825	141.336	71.682	82.509
508.909	143.224	73.921	82.136
506.553	146.469	72.395	81.618
506.782	147.161	72.037	80.694
506.307	144.168	71.499	83.711
506.541	141.663	70.872	85.167
507.467	140.081	72.014	85.089
508.928	141.213	71.479	82.218
510.719	141.953	71.774	81.883
512.792	144.726	72.310	81.379
515.401	147.406	72.025	80.025
516.836	148.629	71.849	79.394
519.074	149.156	71.727	79.157
519.817	150.395	72.310	77.999
519.786	149.515	71.785	79.136
516.366	146.604	71.867	81.082
511.333	145.038	72.566	81.348
504.819	145.053	73.730	79.586
498.227	146.663	75.266	80.366
489.820	146.541	76.530	81.123
481.985	148.992	77.101	80.610
474.402	151.588	75.366	78.977
466.735	154.216	72.785	75.889
462.115	155.407	72.248	76.748
461.492	153.887	72.152	80.105
460.734	154.000	70.146	81.027
459.875	152.534	70.163	83.247
458.882	152.027	70.337	84.865
458.776	153.187	70.227	85.705
455.587	152.681	72.743	84.765
453.857	150.863	72.428	85.279
452.504	148.998	72.116	84.943
450.728	147.279	71.654	83.998
446.450	145.730	73.389	83.074
440.553	145.120	74.775	83.389
432.441	144.615	75.699	83.748
423.021	145.573	73.959	84.736
411.763	146.928	73.552	84.744
401.452	148.830	73.147	83.600
389.616	149.652	73.683	82.827
378.207	150.173	73.276	83.735
366.226	150.260	73.289	83.629
352.033	150.456	74.525	83.390
344.391	151.117	71.772	83.078
337.658	152.661	72.185	81.710
332.287	153.308	72.262	81.349
329.692	153.571	71.685	80.530
329.214	152.801	71.237	81.000
329.373	152.159	71.417	81.579
333.120	150.776	73.327	82.022
340.629	148.495	73.349	82.701
351.048	146.266	73.033	84.736
362.871	145.648	72.945	85.525
375.888	146.873	74.410	86.028
386.993	147.340	74.189	87.679
397.070	149.243	72.662	86.491
404.081	150.632	72.832	85.852
410.162	153.115	71.926	86.143
416.181	156.046	72.092	87.825
421.450	159.650	72.234	87.892
427.488	162.151	72.596	85.477
432.906	161.300	73.678	84.265
438.560	159.238	73.334	84.745
444.490	156.391	71.789	83.797
446.623	154.904	71.037	81.850
448.720	154.055	69.499	81.457
449.255	155.129	69.870	80.276
449.270	156.547	69.978	81.553
449.089	157.859	68.883	82.400
447.623	156.959	68.834	83.637
445.162	155.622	67.279	83.112
442.786	154.604	68.909	83.582
439.820	152.750	67.519	85.233
430.227	153.590	72.636	84.315
427.333	156.200	71.975	80.439
427.373	155.820	71.889	81.121
427.530	156.636	75.621	80.530
431.906	153.920	77.833	82.609
447.181	148.448	78.487	84.163
462.614	145.757	77.916	85.445
477.206	144.127	79.965	86.947
489.389	142.819	83.425	86.335
501.994	142.899	82.849	86.521
511.697	144.360	83.437	85.104
518.773	146.788	83.180	82.456
523.783	148.450	81.644	82.471
529.533	149.261	77.744	82.427
532.105	147.340	75.812	82.827
534.366	144.957	72.297	82.532
532.898	143.600	71.647	81.212
531.304	143.339	72.269	79.923
529.849	142.608	73.605	79.711
528.051	139.576	72.536	82.129
517.865	139.242	74.170	81.463
505.422	139.433	78.219	82.021
499.192	141.856	75.252	80.822
490.423	144.570	74.942	81.087
484.730	146.759	72.335	79.536
480.779	146.896	70.361	79.437
479.113	143.831	74.731	82.174
484.033	137.564	76.095	88.694
494.961	130.802	76.419	91.766
506.802	124.996	77.125	90.575
521.710	123.672	75.773	84.764
532.204	124.633	76.840	84.887
541.136	125.961	77.275	84.079
548.228	126.877	77.251	82.087
554.256	126.378	77.972	83.174
562.599	123.814	77.551	84.878
567.841	121.514	78.067	86.889
575.588	121.339	78.204	86.671
586.262	120.270	75.339	86.187
591.408	118.727	76.746	85.144
594.200	116.454	77.557	86.292
595.332	115.285	75.856	88.105
592.670	116.081	77.934	88.776
589.649	117.712	75.437	89.188
585.828	120.059	74.404	88.631
582.047	123.462	73.910	85.963
580.930	123.678	74.469	85.406
583.823	121.981	76.639	87.254
592.263	119.872	76.423	88.857
603.249	117.850	76.444	89.986
617.358	117.830	76.660	91.685
627.887	120.110	79.897	92.333
641.639	121.731	79.639	94.296
655.236	123.074	78.486	93.989
665.344	123.588	77.786	90.918
668.815	121.806	80.326	88.446
672.486	118.605	78.572	91.337
673.244	117.187	75.938	90.854
668.940	116.683	76.981	88.044
663.353	117.784	78.076	87.210
654.169	119.012	79.774	87.654
645.993	120.976	79.926	87.205
640.823	123.317	77.715	86.598
637.121	124.226	76.066	88.087
634.125	126.656	76.342	84.223
633.030	127.626	76.222	83.863
633.770	125.281	78.858	86.568
641.390	123.755	78.534	87.275
653.410	121.997	78.965	89.568
668.311	119.673	79.852	92.507
688.244	119.581	80.402	94.514
706.471	119.865	79.235	96.940
720.719	119.862	80.465	96.860
732.866	119.227	81.260	95.531
741.728	119.097	80.874	93.680
745.326	118.755	83.418	92.532
746.577	117.800	83.096	91.845
743.964	116.280	82.750	90.727
742.351	113.559	86.066	88.556
741.928	110.051	84.876	87.228
748.468	108.733	83.301	88.654
751.723	108.867	83.802	89.755
753.083	110.313	83.544	91.150
751.723	114.139	82.651	93.551
748.203	120.305	82.899	92.631
742.322	125.901	81.564	93.052
736.941	131.248	81.228	89.787
732.843	133.719	80.284	87.738
731.823	133.624	80.121	86.694
731.617	132.632	81.724	88.210
735.422	130.092	82.134	88.546
739.566	128.629	82.681	89.674
743.945	126.800	81.743	89.333
745.527	122.559	82.109	90.412
746.848	117.924	78.634	89.491
745.823	112.709	77.083	87.619
743.149	112.622	78.205	86.206
740.111	111.911	78.868	87.112
735.795	112.123	78.866	86.654
731.659	112.502	77.977	85.961
724.625	113.101	79.451	84.450
717.937	115.185	79.438	82.535
710.749	115.238	80.065	82.758
702.362	115.009	81.288	82.929
692.324	114.880	80.211	83.586
677.516	115.113	82.071	86.949
660.091	115.560	83.085	89.979
643.723	116.581	85.108	86.153
628.266	116.124	83.967	88.344
612.987	115.221	83.896	89.181
596.353	116.367	86.211	90.025
585.917	118.569	83.983	89.347
577.049	122.065	83.711	86.746
570.662	124.395	80.459	86.254
567.862	124.463	79.810	86.921
568.055	121.048	79.079	89.912
571.352	116.259	77.830	90.459
576.600	112.939	78.248	90.196
583.782	109.064	79.158	91.543
591.101	108.693	79.331	89.868
596.285	109.041	80.164	88.354
598.528	108.523	81.068	89.106
597.990	110.872	81.420	87.362
591.738	111.712	83.146	87.929
578.472	111.475	84.986	87.430
561.494	111.884	87.161	84.469
547.936	113.260	85.782	83.756
534.389	114.028	84.097	84.139
519.073	115.348	85.527	84.664
502.203	117.396	86.524	85.173
479.857	119.981	87.947	84.868
459.671	123.687	88.081	85.552
439.126	129.402	85.115	89.458
420.779	136.197	87.107	89.154
407.828	141.183	83.632	91.700
399.077	136.227	79.528	97.071
363.152	140.528	116.414	118.429
335.055	147.768	150.486	160.281
329.959	131.054	202.922	225.790
342.767	65.863	225.324	250.994
391.712	97.092	124.117	155.433
406.337	125.403	88.251	98.772
417.364	128.746	80.928	97.753
421.908	130.732	80.639	94.498
422.107	130.288	82.262	89.172
423.370	127.612	80.022	92.314
420.024	132.209	78.162	88.001
413.450	138.056	79.046	88.750
405.275	143.923	78.414	88.255
396.823	151.170	79.141	86.199
390.952	153.565	78.087	85.923
388.592	151.423	75.612	87.610
388.146	149.470	75.663	88.563
390.234	149.788	80.136	87.299
394.985	150.059	79.889	85.965
397.116	147.512	76.562	87.627
395.969	142.404	74.590	90.131
394.253	137.394	74.228	92.032
393.056	135.781	73.839	90.959
393.297	134.393	72.184	89.574
393.198	130.443	72.481	91.138
394.781	130.459	73.758	87.904
395.421	131.580	75.688	86.501
398.391	130.266	75.176	87.698
399.820	127.100	72.943	89.344
400.547	123.988	72.938	90.456
398.973	120.385	71.802	88.604
394.397	122.862	69.959	87.834
388.228	124.930	70.439	88.336
381.031	127.301	73.481	87.693
379.735	127.976	72.628	87.779
379.491	129.002	72.261	85.316
380.095	128.646	71.310	84.386
378.091	127.292	70.387	85.714
368.230	126.782	74.735	86.200
361.304	127.231	74.949	86.945
353.689	129.838	75.077	86.971
346.196	133.173	75.132	86.889
341.740	134.313	75.651	86.716
340.491	134.248	77.221	87.525
343.234	133.488	77.488	88.407
352.286	133.122	76.322	87.908
361.698	132.175	76.906	87.905
372.111	132.595	77.000	88.437
381.286	132.800	76.133	88.481
389.534	131.635	77.848	89.261
397.500	130.033	75.801	89.218
404.518	128.177	75.189	88.061
409.698	129.076	73.552	84.614
411.167	129.805	72.848	83.078
410.164	131.976	71.406	84.610
406.346	133.912	72.276	86.665
404.348	135.287	70.850	85.979
400.769	137.278	69.893	84.791
394.875	139.308	68.550	87.396
384.597	144.789	69.341	86.939
371.072	149.259	70.950	87.241
357.754	150.814	69.173	89.066
344.774	155.261	68.747	89.044
332.671	159.834	68.444	88.956
322.997	161.853	69.525	88.686
319.737	163.268	68.357	87.374
319.965	162.663	68.499	84.019
328.140	160.588	67.449	86.001
340.988	159.247	67.162	85.475
354.814	157.501	67.986	85.039
371.019	157.091	68.556	85.636
385.379	156.916	68.356	86.604
396.555	155.097	68.294	88.245
404.839	152.901	69.010	86.692
412.695	150.752	68.595	85.913
417.818	150.245	66.601	84.323
419.042	150.250	65.794	85.884
419.266	151.179	65.337	86.593
417.789	151.683	66.565	86.438
413.771	152.002	69.822	85.948
410.670	152.323	70.808	84.290
405.408	154.580	71.481	84.962
396.919	159.429	71.762	84.845
386.397	161.900	71.781	84.721
376.214	163.571	71.025	83.451
366.240	165.734	71.465	83.739
356.874	169.029	73.082	83.574
347.380	172.638	74.084	83.777
339.756	174.635	74.687	83.770
338.260	175.142	69.778	81.437
336.451	173.959	68.684	81.096
338.274	168.246	69.809	82.458
345.929	162.950	69.681	84.396
356.784	160.871	69.953	83.696
368.011	158.166	69.639	83.516
376.371	153.248	70.713	83.953
385.303	151.271	71.049	78.915
394.272	148.625	70.478	79.779
400.187	147.981	68.765	79.033
401.290	147.399	69.971	74.974
403.786	146.496	67.839	77.983
405.157	145.261	67.019	79.793
404.731	143.936	67.559	79.087
406.976	143.027	65.403	80.566
408.765	144.137	65.094	81.625
409.923	148.027	65.239	80.906
409.544	150.040	64.335	78.335
406.223	150.847	64.706	76.247
401.457	153.244	67.483	80.505
396.728	155.687	65.943	82.741
388.830	162.911	65.593	80.189
382.453	168.078	67.286	78.389
378.634	170.842	68.642	73.721
379.100	169.268	67.175	74.461
380.490	166.436	69.093	77.059
386.817	161.701	70.647	80.028
390.838	156.284	72.932	83.930
396.374	158.968	76.194	81.265
409.666	158.437	74.073	77.711
417.625	157.546	73.048	80.525
422.498	156.995	74.045	78.182
428.511	154.635	74.922	81.695
436.340	153.824	76.390	81.494
444.557	152.106	76.546	80.802
451.810	148.695	76.218	80.094
457.457	145.216	78.329	80.885
460.754	143.797	76.619	81.397
462.005	142.932	75.110	82.841
460.287	143.644	74.915	85.059
453.020	144.535	75.190	88.078
443.962	145.751	75.941	85.040
437.582	145.585	75.592	83.590
429.427	144.299	78.838	83.053
426.227	143.612	75.908	88.386
417.358	146.628	77.524	88.394
405.916	149.435	79.717	88.967
401.047	152.276	74.913	86.086
387.910	153.231	80.199	86.405
382.085	153.236	80.701	86.532
379.103	153.103	79.975	86.205
378.321	152.568	79.845	85.040
382.119	151.727	78.791	86.411
387.795	151.200	81.448	87.141
396.588	148.905	83.090	88.602
412.176	147.708	79.854	86.217
423.178	143.989	81.304	85.972
433.297	139.977	83.261	87.367
444.709	143.948	85.460	83.372
452.597	146.365	79.694	84.449
456.688	147.562	77.297	80.924
451.965	148.947	80.757	88.086
453.405	146.396	80.888	91.443
450.889	140.437	81.927	87.580
450.245	135.619	82.525	86.972
449.022	132.863	82.382	87.832
446.908	131.694	82.753	90.165
444.095	131.411	83.791	92.313
440.824	131.352	82.188	90.424
437.133	131.503	80.949	87.946
433.585	131.008	79.628	87.256
429.884	130.415	78.297	88.371
426.997	130.527	77.595	88.059
426.772	130.745	76.378	87.636
428.065	132.270	77.427	85.759
436.309	131.312	78.790	86.308
450.775	129.404	80.172	86.944
469.808	126.102	79.450	85.939
486.159	125.309	82.811	84.887
504.803	126.651	84.082	82.992
522.996	124.118	81.541	85.140
537.923	120.678	82.296	89.063
547.818	123.191	82.938	88.019
556.322	124.842	82.586	88.121
561.559	126.344	80.958	88.133
565.469	126.126	80.327	88.737
567.958	126.540	78.300	92.395
570.651	126.824	77.467	88.563
571.462	126.086	76.082	89.828
569.199	127.067	75.385	88.036
565.365	130.258	75.704	86.602
559.810	133.629	76.459	85.250
549.220	135.962	77.879	86.456
539.881	139.515	76.339	86.253
526.233	141.026	77.718	89.445
512.334	144.103	78.391	91.730
496.345	145.516	82.410	89.250
483.258	146.383	80.238	86.707
475.376	145.571	76.907	87.896
471.338	143.543	76.429	88.142
470.432	141.999	76.303	92.016
473.381	139.445	77.388	94.100
478.688	136.621	77.447	88.769
481.526	137.291	78.926	87.194
484.957	137.187	77.713	89.310
484.928	137.296	77.124	89.799
481.146	139.348	76.580	88.884
469.836	142.962	76.269	85.955
458.347	144.119	76.237	85.897
448.657	145.231	72.910	86.584
437.764	143.899	73.205	87.716
428.910	142.945	73.081	87.039
418.117	141.921	73.434	87.185
408.554	144.115	74.307	86.143
396.855	146.613	74.040	87.949
380.712	150.006	76.350	88.592
359.134	151.969	78.253	89.124
334.528	155.957	78.186	85.548
316.134	157.283	78.824	85.818
304.147	158.992	76.633	84.588
300.334	160.964	74.012	81.373
299.241	159.832	74.392	83.062
304.844	156.034	75.457	84.624
314.333	152.946	75.939	84.731
327.043	150.558	76.652	84.034
340.588	146.712	75.230	83.124
351.189	143.237	74.201	84.919
359.115	142.609	75.774	83.880
364.810	142.651	76.152	84.757
370.440	145.617	74.113	84.671
372.059	147.092	73.194	83.930
371.825	148.295	73.229	82.732
369.861	145.915	71.796	83.803
365.541	142.070	72.723	84.365
359.935	138.630	74.175	83.758
354.052	137.820	75.590	83.038
345.944	138.056	78.544	82.904
337.562	136.368	75.802	85.924
327.199	135.970	76.488	86.357
317.753	136.338	78.181	85.277
315.624	136.207	77.006	84.595
310.822	136.911	78.374	84.302
308.026	138.423	77.615	81.684
306.163	138.592	79.046	80.332
309.914	137.504	81.181	83.777
315.741	135.611	83.222	86.018
327.649	132.612	80.577	85.025
337.628	130.532	79.781	86.387
352.378	130.887	75.223	86.671
357.517	132.527	79.857	86.804
365.242	132.821	80.058	84.850
367.003	131.611	81.191	85.794
369.477	131.718	80.209	89.242
371.203	132.179	78.098	88.684
365.031	132.482	78.943	90.919
359.865	132.415	81.115	92.295
355.079	132.163	80.287	93.625
350.784	133.265	79.628	96.193
346.517	134.545	79.413	91.897
340.791	134.320	78.260	88.961
334.579	135.578	77.848	84.491
328.487	136.508	77.055	83.723
321.242	140.415	74.644	83.675
315.300	144.623	73.245	82.751
311.343	148.512	73.243	78.878
311.118	147.187	72.766	79.018
312.326	145.491	75.258	79.325
323.553	144.693	74.938	79.493
336.560	146.118	76.369	80.096
352.689	147.398	75.272	81.856
367.606	147.488	74.728	83.075
380.268	147.637	75.394	84.114
392.772	147.434	75.352	84.400
403.500	148.371	73.238	85.653
409.205	149.067	74.365	85.461
413.085	148.686	76.633	87.117
417.776	148.836	76.846	87.273
422.327	148.085	76.326	87.121
424.636	149.580	77.817	87.871
426.225	154.236	78.766	88.687
429.029	159.495	79.565	85.879
431.438	166.212	79.482	86.707
433.453	172.304	78.130	83.130
435.800	169.065	79.207	87.507
442.485	164.144	79.251	85.797
453.523	158.467	79.426	84.622
463.884	153.937	78.247	87.177
475.405	153.055	76.736	88.069
486.638	151.233	77.935	88.603
499.154	148.231	80.321	86.884
513.599	141.778	80.052	88.496
529.618	135.833	78.720	90.805
544.719	132.182	79.505	89.215
552.333	131.370	79.629	89.193
556.389	130.956	79.092	87.438
561.117	129.541	76.775	89.768
565.614	128.313	76.072	90.354
571.290	125.593	75.561	89.841
575.156	125.809	72.878	85.878
574.945	126.579	71.342	88.228
571.810	127.620	73.201	87.402
567.451	128.562	73.701	86.319
564.628	129.917	72.926	87.014
560.109	133.833	75.050	85.407
555.568	132.108	74.930	90.443
554.141	131.451	74.373	92.516
553.377	133.838	74.470	91.461
553.265	137.191	74.934	90.537
547.244	143.390	78.422	88.169
541.819	145.415	78.604	88.798
539.191	144.588	78.304	89.393
540.898	142.810	76.760	92.289
545.714	140.963	75.374	91.321
549.351	138.211	74.233	90.196
550.494	133.496	73.203	91.899
548.513	131.974	75.175	89.654
544.719	130.923	76.049	84.134
541.753	127.264	75.801	86.124
541.300	125.182	73.233	86.653
540.664	128.380	72.683	84.940
540.364	128.633	76.113	85.142
541.839	130.213	75.190	86.767
542.099	130.276	75.067	89.284
541.397	130.310	74.491	89.722
539.340	131.920	73.166	87.757
536.721	130.698	73.020	89.719
534.319	128.549	74.738	91.454
531.093	129.086	76.148	91.847
528.823	128.348	77.758	91.950
524.553	130.179	79.386	92.071
518.387	131.618	80.768	92.936
508.872	143.576	81.672	84.932
496.854	142.164	81.040	84.684
483.334	142.623	83.195	84.772
470.960	143.737	83.233	85.540
458.642	144.392	84.709	85.951
446.692	145.942	80.944	86.096
434.268	148.229	81.812	84.831
424.336	149.605	78.360	86.401
412.427	151.444	77.807	85.269
403.034	151.062	75.196	84.182
393.985	149.509	75.066	83.734
384.667	147.378	75.848	82.893
377.838	145.154	76.573	83.154
371.500	142.305	76.191	83.168
363.612	139.799	74.472	83.336
355.358	138.648	76.693	81.420
348.330	137.615	77.306	81.382
340.187	136.174	79.051	80.515
336.215	133.996	77.206	81.350
333.653	132.013	73.872	82.896
329.433	131.732	75.503	81.541
327.621	130.260	76.554	82.756
324.945	129.287	76.646	82.652
323.445	127.817	78.772	83.501
323.022	127.826	79.148	84.905
322.314	129.041	80.506	86.476
320.926	129.103	81.157	90.109
320.640	133.949	79.543	87.760
320.958	139.782	77.809	85.260
319.925	147.160	76.453	84.965
317.738	152.872	75.874	86.815
314.231	161.127	75.891	84.108
307.861	166.832	77.798	77.851
303.436	165.624	76.328	76.867
297.933	161.278	75.948	79.412
293.252	156.989	75.512	79.563
287.141	152.760	76.409	80.691
281.279	149.808	77.591	79.633
278.913	148.323	78.034	79.502
277.350	147.355	79.377	77.315
277.616	145.777	79.525	77.481
280.561	144.067	79.555	79.734
287.037	143.596	79.726	79.866
293.101	144.031	79.869	79.879
300.882	144.965	79.226	80.236
307.147	146.221	79.616	80.528
312.177	147.907	79.966	80.985
317.227	150.335	80.130	80.106
317.874	153.441	85.180	76.164
320.956	151.751	84.219	77.232
323.128	148.321	82.112	80.772
321.228	145.352	82.328	80.820
316.220	144.166	84.151	80.546
314.946	145.472	81.955	79.352
315.171	147.198	81.092	76.654
315.962	148.083	80.977	74.493
317.286	147.590	80.947	75.119
319.458	147.570	80.754	75.069
321.206	148.317	80.352	75.798
322.742	149.066	80.337	75.793
323.957	149.199	80.755	76.804
325.032	149.656	81.342	76.432
325.758	149.197	82.595	76.141
326.514	148.311	82.729	76.739
327.134	146.326	82.362	79.083
326.496	146.162	83.463	79.135
326.026	145.273	83.300	79.004
326.080	143.674	83.621	79.644
326.112	142.649	84.025	79.774
327.005	142.101	83.585	79.724
328.216	141.723	82.753	79.032
329.794	142.374	82.133	77.245
333.269	142.628	81.164	77.386
337.288	143.018	80.459	78.634
341.485	144.549	80.256	80.079
346.180	146.907	80.141	79.814
352.010	148.956	79.675	80.150
361.670	150.273	75.071	85.035
368.240	153.549	75.900	85.086
376.404	156.255	76.183	83.900
387.755	156.930	77.232	82.313
401.978	152.588	76.571	83.621
417.111	150.161	77.197	82.387
430.711	147.859	77.443	83.550
445.193	143.786	76.698	85.340
457.753	139.366	74.677	88.173
468.607	134.569	72.159	89.632
475.480	132.302	72.601	87.525
479.567	130.489	73.337	86.088
485.394	128.635	71.334	89.952
493.619	129.758	67.114	87.760
494.624	131.929	72.845	85.527
496.498	132.450	74.494	88.108
498.515	129.588	72.536	88.458
497.013	128.027	72.305	88.495
493.460	127.033	71.823	88.991
490.358	126.643	71.633	87.945
488.671	126.922	72.805	86.587
489.409	125.560	74.318	85.222
493.945	124.509	74.942	85.581
499.395	125.578	75.368	88.111
504.407	126.429	76.753	87.327
507.837	126.383	78.485	86.132
508.700	123.903	78.027	88.345
507.406	123.213	77.157	89.075
503.603	123.026	76.709	87.655
503.403	121.786	75.260	86.800
506.125	120.182	78.065	86.653
514.741	119.725	78.183	86.833
524.115	120.251	78.779	86.885
532.543	118.843	77.579	87.792
538.850	118.483	77.516	86.968
542.079	117.702	78.656	87.601
544.702	116.571	79.865	87.856
549.803	115.734	78.281	88.638
554.002	117.309	78.309	87.506
556.548	119.342	79.447	85.497
559.210	120.426	79.474	84.272
559.565	121.010	78.313	85.580
554.264	122.641	81.340	86.855
546.510	125.766	82.831	91.405
536.686	129.719	85.169	94.938
525.260	135.751	85.917	95.873
514.995	139.443	84.574	93.438
504.515	141.373	83.585	92.296
494.816	141.585	82.659	92.059
484.476	142.308	82.164	91.570
475.364	143.604	78.869	91.439
467.376	144.421	77.215	91.926
459.666	144.499	76.448	92.700
450.294	143.944	77.476	92.382
437.320	142.462	78.161	90.603
422.779	139.642	78.359	88.170
413.363	137.866	76.597	86.015
404.786	136.896	76.696	86.435
397.594	134.414	76.758	88.233
392.978	132.842	75.304	85.804
386.423	132.194	76.821	83.338
383.536	131.168	75.118	84.800
379.393	133.007	75.692	83.306
376.845	134.835	75.042	81.984
373.213	136.171	74.876	80.561
368.653	136.743	73.592	80.194
364.065	137.465	74.600	79.582
362.601	135.277	73.341	81.523
361.504	134.038	76.438	81.998
362.387	133.487	78.961	83.128
365.932	132.855	79.679	85.277
369.001	131.655	78.292	87.874
370.412	131.122	80.211	88.673
370.780	131.719	79.059	92.217
369.370	133.573	78.871	95.482
366.079	137.881	79.756	95.771
362.316	140.771	78.818	94.245
356.503	141.906	80.684	92.628
350.710	142.505	80.755	92.601
342.932	143.690	81.768	94.098
335.264	144.678	81.959	93.992
328.845	145.725	79.911	93.238
324.861	147.549	78.004	90.069
321.119	149.154	75.794	88.414
316.999	149.744	73.563	87.755
314.320	148.386	71.304	87.964
313.135	147.413	70.025	85.039
313.088	146.368	71.597	84.203
318.135	144.619	72.033	85.300
324.354	142.638	72.884	86.135
332.148	141.378	73.623	87.496
337.305	140.583	73.319	87.101
339.177	139.941	73.283	86.798
339.645	140.571	73.203	85.750
340.216	142.354	72.492	84.433
340.057	143.213	71.919	83.055
337.295	143.737	72.510	81.421
332.999	144.634	72.667	82.260
325.125	147.029	73.818	82.966
314.693	149.333	74.860	84.480
304.828	153.698	73.833	84.464
296.688	156.900	74.706	84.849
290.037	160.309	74.361	83.858
285.951	163.246	73.900	80.803
284.782	164.027	74.044	78.794
287.829	162.055	74.398	81.579
294.411	158.856	75.410	84.356
306.030	157.446	75.278	86.928
317.628	156.153	75.171	86.395
327.683	154.727	74.754	86.031
335.947	153.778	75.185	84.467
343.179	153.205	73.307	85.012
346.423	154.487	73.357	83.935
347.362	154.768	72.987	83.711
347.210	155.488	72.710	82.569
346.984	155.050	71.406	82.614
346.410	154.220	71.715	82.024
346.705	152.913	70.620	82.067
346.185	151.504	69.923	81.774
344.702	151.214	70.403	81.240
342.671	152.736	70.242	79.532
340.272	154.764	71.453	80.568
339.958	157.183	71.413	80.961
339.730	158.213	73.746	80.239
344.015	156.729	75.223	82.578
355.774	153.997	73.517	82.610
367.764	152.788	70.315	82.807
378.541	153.499	68.287	82.494
384.749	155.151	69.099	82.366
387.320	156.736	70.891	81.430
389.943	158.473	70.982	80.871
390.475	158.887	70.373	81.077
387.667	158.887	70.362	81.241
381.794	158.895	71.044	82.170
375.152	160.432	69.602	82.120
366.741	162.990	69.748	82.691
355.265	165.002	70.917	81.148
345.233	166.002	71.411	80.844
335.584	166.255	71.768	80.646
327.804	165.159	72.408	80.212
323.242	163.635	71.165	78.944
321.343	163.830	71.540	76.729
322.742	163.045	72.236	77.323
328.789	161.772	71.260	77.685
335.447	157.137	71.313	81.080
344.956	152.398	70.483	83.572
357.589	150.998	71.810	81.647
370.794	151.325	69.946	82.032
381.338	152.869	69.245	82.739
390.491	154.546	69.121	83.828
395.931	158.091	71.108	82.692
402.080	162.349	70.855	84.315
405.126	163.298	69.814	81.654
404.792	163.671	69.758	79.750
398.112	161.682	70.516	82.010
386.393	158.283	70.908	83.976
369.937	155.141	70.063	81.591
349.435	151.878	73.453	84.668
328.610	149.207	75.263	86.731
308.368	145.698	76.952	86.395
289.178	143.640	78.681	84.434
272.417	142.881	78.146	82.933
260.941	143.717	77.215	82.116
250.513	145.076	77.405	80.581
243.589	146.084	77.905	78.342
241.966	144.123	76.899	78.468
244.482	137.936	77.554	81.891
249.322	132.511	81.171	84.510
261.609	126.578	80.787	88.761
274.540	121.958	80.102	90.151
286.826	118.988	79.718	89.117
294.697	113.509	80.173	91.417
297.068	110.374	79.729	88.365
296.148	105.659	79.216	90.844
293.848	97.321	79.294	93.333
294.012	89.888	79.295	94.245
295.874	82.852	80.242	88.926
297.157	81.564	78.932	88.056
293.233	88.211	83.309	86.801
285.105	100.527	88.454	91.266
276.357	114.007	90.188	96.867
262.115	136.701	94.246	92.987
253.540	151.079	95.470	94.328
244.489	159.704	98.215	94.579
238.131	165.436	96.635	92.702
234.990	166.580	96.906	91.714
233.891	165.131	98.109	93.297
238.205	157.511	95.353	94.891
244.778	140.205	95.507	99.686
258.495	120.391	96.301	103.880
281.409	106.117	89.829	103.777
309.993	97.861	95.422	102.978
331.147	96.135	90.624	101.404
345.553	99.703	86.172	101.452
348.676	104.586	85.644	98.378
348.229	107.249	85.961	99.854
343.210	109.966	89.298	100.409
337.993	109.900	89.782	100.040
331.075	108.510	91.482	100.258
322.505	105.612	92.355	100.346
314.024	101.479	92.632	101.087
303.157	95.168	91.001	102.575
294.678	91.950	90.516	100.591
286.888	90.302	91.440	97.721
281.129	88.598	91.521	98.464
278.966	88.574	90.871	98.203
279.351	88.405	90.308	101.613
282.785	89.398	89.339	102.336
285.785	89.571	89.045	101.375
287.476	88.981	88.567	101.212
287.555	87.094	88.547	99.978
287.324	84.906	88.547	99.109
284.775	83.561	90.433	97.070
282.462	81.685	87.981	96.572
277.047	80.858	88.492	95.155
270.101	80.097	89.123	94.919
260.985	79.899	91.006	93.834
252.987	78.179	91.291	95.498
244.041	77.728	93.538	94.842
236.254	75.659	93.578	96.038
227.514	74.123	95.173	96.992
219.774	71.015	95.495	97.868
214.547	68.380	93.994	99.532
207.235	65.859	96.862	101.833
202.497	62.447	96.670	104.466
196.894	59.896	98.524	105.457
190.158	56.068	100.573	107.464
186.425	53.144	100.553	108.239
184.225	50.847	101.265	108.259
182.251	49.075	101.443	107.763
181.698	47.419	100.356	107.555
182.085	43.788	99.520	109.774
182.748	41.108	100.831	110.690
183.797	39.481	101.815	111.224
185.078	36.751	104.962	113.462
187.380	34.154	106.845	115.114
