334.000	257.000	80.000	146.000
333.357	259.587	82.471	141.749
334.127	259.494	82.833	142.003
334.241	259.202	82.666	143.106
334.604	258.930	81.073	143.541
334.932	258.466	80.567	144.317
334.826	259.396	80.402	143.523
334.620	260.103	81.271	143.700
334.778	259.855	81.200	144.180
335.141	260.101	81.429	144.002
335.620	260.298	82.336	143.533
335.566	261.442	83.694	142.164
335.755	263.925	88.487	139.170
336.160	261.282	95.102	140.395
336.909	262.066	104.734	135.914
342.831	259.770	121.950	126.678
357.054	254.583	131.496	120.485
375.015	250.567	131.847	114.901
383.599	245.377	152.228	103.586
405.227	242.649	145.757	105.798
427.863	238.556	132.223	116.315
242.928	94.281	56.030	137.246
449.037	239.037	146.830	137.622
446.365	236.312	163.214	141.597
771.901	322.639	63.883	149.919
769.462	343.863	76.739	146.085
768.027	346.087	84.307	157.045
946.700	363.913	13.300	160.300
782.834	530.348	64.136	41.956
960.000	403.742	0.000	115.591
808.618	377.562	54.785	112.409
755.988	341.834	116.798	157.547
812.670	388.491	50.581	102.466
815.588	388.225	47.523	101.436
814.252	392.906	46.284	96.540
695.212	442.471	36.618	66.547
803.036	299.866	56.622	129.958
804.562	378.839	58.650	114.171
734.925	529.301	127.998	41.208
749.976	532.529	123.024	38.737
785.091	412.430	72.541	134.929
806.053	377.167	61.920	113.733
812.530	384.980	51.051	102.751
815.665	384.811	45.772	101.366
815.108	380.959	44.997	105.010
582.512	410.560	150.195	110.174
258.848	264.879	168.834	123.652
285.933	278.283	120.723	105.823
295.343	282.061	120.374	96.706
296.235	282.894	115.448	93.784
298.084	283.277	112.311	90.417
299.292	281.699	108.424	85.333
298.573	278.778	110.961	86.546
298.635	275.894	109.696	89.012
294.794	273.355	113.301	90.992
292.197	270.810	115.116	95.583
288.272	266.229	113.754	106.181
281.807	263.182	116.575	115.693
274.525	259.085	128.724	121.861
266.493	254.970	137.471	129.350
260.394	250.977	147.849	132.101
262.140	247.480	153.306	134.036
265.396	240.502	156.552	138.703
276.593	234.688	150.109	136.549
287.018	228.414	147.885	140.527
310.433	222.306	136.940	144.434
337.286	219.711	125.649	132.818
355.390	220.589	115.679	131.427
365.565	222.832	109.529	125.507
373.016	230.985	102.070	118.620
378.693	245.784	104.736	107.680
369.135	256.847	108.638	111.346
355.732	257.187	117.397	118.633
341.016	260.494	129.902	118.503
332.728	260.475	131.290	120.273
327.953	261.386	121.102	119.417
327.822	260.544	90.201	119.710
335.460	258.271	79.883	119.644
339.879	255.045	74.696	122.095
333.535	254.243	89.532	118.829
329.693	252.978	105.942	121.493
331.628	254.710	112.355	113.113
330.982	258.065	116.421	95.727
324.442	265.624	114.506	94.022
321.707	262.144	114.221	109.458
322.138	259.612	108.715	108.436
313.673	250.499	141.413	113.061
368.661	187.896	178.936	194.896
369.360	184.571	152.755	191.173
368.787	165.632	161.318	166.122
499.170	205.841	109.598	135.945
501.370	215.235	105.092	131.154
499.066	212.089	113.993	136.393
492.278	260.841	131.570	88.874
477.862	260.296	138.854	90.500
444.920	262.177	159.007	86.580
411.373	263.397	151.649	76.903
377.674	264.542	128.561	79.318
334.800	259.786	141.449	73.397
299.283	257.163	142.558	69.716
271.244	257.673	134.332	68.447
247.290	256.083	142.894	67.434
231.792	251.030	129.645	74.633
207.257	247.890	135.545	80.575
201.453	247.819	137.751	80.617
207.322	248.198	132.050	80.465
206.553	248.628	133.700	79.789
228.315	247.197	124.149	78.134
236.527	235.295	136.754	86.660
242.990	231.250	138.209	90.224
257.428	241.951	120.724	84.887
265.654	247.481	112.423	86.385
274.676	246.075	104.343	101.510
276.876	250.812	104.856	103.510
282.809	253.847	99.110	113.084
286.935	263.181	95.208	112.317
291.219	276.593	92.119	100.886
294.252	275.874	94.459	101.079
295.113	276.108	111.456	100.106
299.575	272.035	134.716	99.225
310.592	273.571	156.408	90.687
344.015	266.021	177.088	76.391
386.652	260.712	160.899	65.241
430.743	256.749	130.528	73.704
456.668	252.585	139.945	69.903
320.540	213.856	98.227	124.041
516.095	261.442	145.382	64.472
518.456	259.086	137.815	76.120
521.944	258.025	132.475	81.738
517.864	255.031	125.237	87.325
510.523	259.171	107.159	89.588
366.972	207.294	33.034	93.551
327.279	235.009	143.597	198.874
346.090	197.586	135.169	160.369
344.543	212.246	183.676	268.017
207.216	176.924	322.452	357.182
285.268	46.668	336.331	529.332
193.932	51.630	544.229	524.370
272.268	0.000	673.339	576.000
960.000	476.082	0.000	99.918
960.000	481.098	0.000	94.902
257.452	204.935	230.631	149.739
273.678	97.989	266.948	303.904
254.641	254.224	121.090	77.571
260.232	260.456	109.891	73.430
264.342	263.694	102.610	76.806
268.567	264.648	110.379	83.185
300.732	259.043	98.345	94.953
328.331	263.807	88.887	91.813
341.751	262.616	89.965	93.519
361.115	267.715	83.134	89.589
402.475	262.137	79.274	94.823
427.640	258.300	72.289	106.241
440.628	252.774	84.506	98.776
442.914	231.176	139.041	121.101
454.616	240.851	120.854	99.138
463.011	248.702	135.107	87.787
473.881	229.363	142.403	108.352
477.956	225.737	139.123	114.782
291.252	55.914	47.462	125.488
480.408	234.680	132.961	102.050
479.390	237.752	126.837	94.573
475.420	245.832	118.190	86.409
477.930	246.244	119.479	92.070
475.583	249.206	117.623	89.629
473.074	249.952	116.010	91.618
469.426	250.227	120.024	95.657
473.500	249.487	114.639	96.727
470.173	248.791	115.809	95.091
469.524	251.444	115.522	91.064
468.312	244.588	112.088	95.037
474.076	211.090	103.259	117.150
305.483	63.486	43.955	93.595
478.248	183.962	113.437	126.617
293.937	37.561	50.864	119.473
476.220	168.453	120.463	111.849
476.522	141.082	118.937	117.478
462.311	123.800	123.520	108.851
461.930	128.881	123.673	108.109
452.747	119.355	117.825	110.256
443.210	117.475	121.498	108.273
431.304	114.354	129.540	113.365
424.456	125.113	143.051	104.191
246.199	83.663	65.437	132.739
422.411	144.112	54.560	94.489
446.236	163.736	83.221	94.859
307.633	286.630	39.168	98.281
420.772	226.673	107.058	66.016
423.695	234.782	98.365	81.506
429.489	243.310	94.494	84.125
293.893	112.060	54.843	76.491
433.675	250.570	89.764	78.424
418.942	237.367	90.140	84.733
409.215	219.603	95.707	85.793
401.973	201.734	105.767	79.280
389.653	173.448	140.360	196.041
386.170	65.313	169.067	354.935
233.988	267.983	463.812	308.017
343.685	484.013	380.414	91.987
403.506	217.834	147.048	283.734
207.008	345.606	435.163	218.498
392.393	79.147	111.939	128.430
381.248	131.824	137.336	87.435
381.366	115.358	106.843	90.043
394.412	98.406	103.156	107.896
389.605	84.294	120.691	137.946
386.785	91.416	143.299	221.365
390.428	111.481	163.971	324.761
382.617	100.902	194.169	373.785
324.961	222.923	384.648	353.077
557.357	576.000	311.101	0.000
405.518	141.649	146.550	184.544
399.643	140.606	148.053	312.482
397.322	170.996	84.709	225.596
398.431	180.381	138.719	261.802
250.535	406.218	434.265	169.782
381.563	576.000	256.113	0.000
383.021	576.000	265.744	0.000
307.707	576.000	265.484	0.000
36.297	322.254	129.177	190.636
430.239	224.909	82.374	126.759
431.366	223.227	82.705	110.537
432.549	204.485	79.971	128.930
426.692	191.562	82.790	111.695
271.913	220.751	66.596	140.264
456.818	415.881	55.221	73.673
424.972	228.387	90.032	216.475
410.557	70.632	120.851	355.913
415.368	155.820	101.239	276.873
388.566	188.719	105.851	195.771
355.838	428.393	272.682	147.607
428.292	104.031	78.671	118.200
430.903	113.030	77.886	114.972
275.002	238.963	58.821	114.627
426.499	122.564	51.362	105.348
295.657	235.310	42.882	89.366
275.155	44.668	35.934	112.101
442.577	172.140	86.222	116.670
281.579	264.357	29.242	124.492
268.179	245.848	96.485	104.003
369.834	174.054	126.820	182.843
410.687	76.026	156.193	322.523
372.155	98.620	249.960	359.702
718.637	0.000	222.725	17.522
785.870	0.000	109.271	0.000
660.833	20.752	146.772	149.782
436.923	261.740	44.370	126.059
283.679	285.709	54.031	118.467
383.897	251.041	96.153	90.208
370.076	247.953	91.266	99.666
363.376	248.639	82.026	95.520
362.089	248.126	74.442	95.038
336.293	252.757	85.554	88.835
323.237	256.962	85.392	90.935
310.923	252.804	90.402	93.446
303.634	254.487	94.805	93.891
296.106	250.473	95.157	92.281
274.133	244.500	84.600	95.725
268.342	245.310	75.389	90.611
265.608	241.123	74.161	89.731
259.837	239.954	73.906	89.802
252.625	236.649	76.700	91.187
319.470	113.233	80.385	67.693
250.392	236.774	80.938	88.404
249.805	236.257	79.736	88.878
250.021	234.689	80.831	89.608
250.124	237.012	87.287	87.112
250.030	237.016	81.650	88.465
252.655	237.692	82.901	88.796
253.822	237.212	80.150	90.631
258.046	236.382	77.235	91.599
259.957	238.287	79.346	91.770
268.944	239.180	85.774	90.801
281.370	239.279	93.063	95.019
271.272	232.489	111.651	102.255
262.342	224.172	108.578	107.895
282.701	234.529	103.641	100.266
268.023	188.324	130.293	129.975
338.978	239.369	94.208	88.911
353.536	237.161	78.552	91.409
360.783	239.502	72.647	89.317
367.563	235.302	74.570	85.113
368.369	243.461	83.040	83.289
374.180	233.885	82.841	82.880
379.000	234.732	83.427	84.065
363.109	235.308	91.055	82.842
336.872	226.390	92.785	107.697
368.557	241.500	88.682	107.745
382.313	256.527	85.626	94.794
348.648	242.122	117.123	218.707
563.435	415.581	149.060	98.511
375.215	189.069	170.065	252.347
385.310	226.368	117.756	173.221
372.523	169.701	180.002	262.935
362.460	108.972	205.803	348.663
305.941	200.763	304.916	375.237
150.280	202.726	553.943	373.274
234.069	0.000	685.808	0.000
701.777	576.000	179.620	0.000
404.136	216.541	96.756	132.283
418.043	215.842	78.046	116.728
262.712	87.541	26.992	99.909
289.273	277.214	25.022	115.349
252.565	270.196	84.829	106.945
368.491	156.711	119.421	186.493
386.591	140.513	161.169	316.295
383.576	114.911	195.051	344.939
349.167	174.156	276.034	354.156
171.549	359.132	581.849	214.215
452.018	576.000	375.475	0.000
217.849	576.000	420.721	0.000
0.000	576.000	314.748	0.000
363.601	88.250	178.198	457.030
4.979	414.561	166.369	130.609
428.116	157.511	76.054	133.088
257.481	25.277	38.116	93.947
290.639	258.005	32.941	115.306
437.119	234.602	65.685	104.522
363.435	241.114	111.654	154.125
384.042	412.508	247.388	154.189
346.397	576.000	208.715	0.000
428.050	576.000	187.346	0.000
323.106	162.238	247.314	333.346
321.279	103.628	172.670	267.242
384.598	255.604	68.938	101.492
388.866	255.613	63.327	96.148
259.480	167.035	41.585	106.792
389.392	243.582	59.147	103.433
382.757	224.911	65.050	92.196
355.182	277.207	57.737	101.694
356.877	215.754	102.021	172.665
343.477	169.863	146.357	298.735
251.513	82.384	250.362	408.216
0.000	513.738	173.487	62.262
347.753	0.000	195.937	0.000
330.293	125.371	157.277	125.375
404.628	134.022	96.304	110.622
431.516	141.319	83.464	107.095
382.352	328.839	90.557	57.008
355.238	303.724	74.847	93.440
439.632	178.624	114.936	111.030
764.130	305.155	146.190	200.435
960.000	362.882	0.000	187.298
960.000	416.301	0.000	107.355
786.072	373.713	79.810	132.299
803.122	373.684	63.650	130.862
806.402	383.058	58.947	122.421
804.974	379.918	58.124	121.854
806.160	383.016	57.302	118.727
807.631	385.009	54.830	116.184
810.154	380.229	52.674	116.336
810.158	383.960	52.064	115.286
810.811	381.283	50.877	119.542
809.933	383.637	51.632	116.781
938.933	403.715	21.067	123.773
807.202	392.517	53.175	109.647
807.741	384.015	58.461	113.896
787.931	374.045	71.320	120.839
798.891	371.895	65.774	132.068
803.315	379.956	62.498	122.804
807.040	383.770	56.709	115.840
807.099	383.480	55.087	115.171
807.525	384.378	55.833	111.941
807.185	384.088	56.457	112.273
806.776	385.612	56.415	112.070
808.029	384.533	54.484	115.564
807.198	383.739	54.261	112.813
808.692	387.452	51.880	108.334
807.984	387.191	53.338	111.305
809.836	380.254	52.873	114.698
810.010	386.943	53.298	108.752
812.068	387.913	50.508	106.285
813.198	390.132	48.299	102.601
814.601	389.924	46.597	104.013
810.823	385.492	47.786	108.588
810.353	381.749	48.662	115.035
810.771	385.554	51.376	111.043
811.549	387.588	50.178	108.635
805.963	393.338	54.676	98.900
813.416	389.996	45.220	104.816
812.327	390.916	46.729	102.454
812.532	391.506	47.393	102.671
807.714	391.902	52.398	103.033
807.995	386.853	53.283	105.967
806.582	386.485	55.444	105.884
804.985	384.221	57.813	107.725
783.267	376.893	74.216	113.041
802.981	385.778	61.454	110.683
766.135	331.434	128.574	160.225
755.028	376.816	115.098	117.892
795.482	379.702	72.695	114.995
806.488	384.861	57.266	108.577
806.213	388.729	56.044	106.544
807.464	388.661	55.055	109.137
807.364	386.590	56.651	111.655
806.860	386.940	58.488	110.475
806.233	388.216	56.355	108.443
804.575	385.075	55.076	111.830
806.348	387.158	55.121	108.280
803.859	385.091	56.002	111.874
805.922	386.422	56.434	110.357
803.380	383.883	56.469	113.316
805.732	386.365	57.514	109.120
802.111	385.536	58.740	110.516
807.032	386.950	56.717	109.421
805.879	386.027	57.238	112.475
801.143	380.286	60.508	116.013
729.901	533.825	120.437	37.381
798.452	377.563	68.678	121.122
802.791	382.062	64.449	113.551
729.870	535.692	119.668	36.823
791.123	375.814	72.126	123.592
802.348	383.152	71.449	114.874
793.243	372.387	73.678	125.468
798.698	384.049	69.848	115.231
804.159	383.887	66.235	113.036
807.776	387.859	57.411	105.854
810.565	392.475	53.293	102.799
813.466	394.129	49.440	101.752
813.871	395.677	48.494	99.604
806.746	389.769	56.054	111.315
804.955	383.792	56.631	112.228
804.904	384.799	61.261	112.411
487.828	138.354	51.015	233.218
805.805	386.013	57.835	108.977
501.031	202.522	50.502	199.647
502.148	165.433	51.868	201.238
795.732	380.404	65.817	117.528
804.857	381.358	63.953	118.425
789.832	383.484	72.965	109.963
796.306	377.148	67.585	120.953
803.415	383.000	60.572	111.924
488.032	185.663	50.426	234.986
803.587	383.952	63.138	115.403
802.761	383.695	59.256	109.162
804.777	385.550	60.494	109.285
803.005	385.075	60.017	109.267
803.773	386.514	60.789	107.702
803.438	385.426	60.344	109.427
803.528	385.964	60.813	109.622
801.769	386.802	62.865	107.746
803.436	387.484	62.206	107.478
787.439	383.879	74.697	111.866
794.585	383.971	71.293	115.542
799.751	384.302	67.498	112.651
784.285	378.256	80.588	117.730
799.708	384.079	66.153	114.592
801.728	385.224	63.239	109.990
800.926	383.906	64.028	110.495
729.123	533.243	123.903	37.749
796.325	381.821	66.670	116.189
801.836	385.324	63.973	110.900
798.998	382.658	61.976	111.230
483.984	115.974	123.885	174.498
794.846	351.804	52.051	134.288
798.086	382.276	66.116	115.511
799.243	384.130	63.334	112.817
478.167	165.366	120.795	207.734
801.089	382.999	65.256	118.264
806.505	388.275	59.613	107.171
811.114	391.774	51.272	101.763
811.907	394.615	47.916	101.206
814.758	395.454	44.859	102.688
807.499	390.023	54.226	107.897
811.746	391.514	50.516	102.509
813.751	393.925	45.624	99.073
814.908	394.711	44.311	101.077
812.318	393.216	47.454	101.698
814.915	393.555	44.346	104.390
814.437	394.108	45.725	104.790
815.150	397.782	45.159	99.265
813.880	397.016	46.894	99.182
811.378	396.013	49.420	101.913
810.101	396.119	49.823	100.951
810.526	395.778	49.500	100.844
811.659	395.849	47.416	100.473
812.689	392.830	46.686	104.619
813.677	394.425	46.166	101.755
812.787	395.412	46.448	102.558
807.132	392.806	52.676	106.021
808.764	389.466	51.840	106.696
516.929	173.512	111.292	125.109
735.113	210.560	74.904	144.392
359.319	115.578	134.145	117.446
476.091	0.000	145.056	0.000
371.021	81.111	121.216	115.292
368.193	59.453	131.347	109.853
347.528	0.000	147.093	0.000
353.619	0.000	147.829	0.000
375.246	49.250	124.045	106.152
377.049	45.585	124.213	101.515
360.852	0.000	139.020	0.000
360.273	0.000	144.631	0.000
377.066	58.253	124.759	104.146
504.125	166.830	88.134	107.675
350.807	242.510	42.072	125.730
395.812	137.470	117.194	72.926
263.560	88.944	77.997	111.603
227.991	82.881	60.856	111.968
216.431	218.368	33.803	137.283
214.077	148.368	72.840	123.110
230.888	260.021	32.218	134.472
236.351	273.778	36.116	132.417
251.581	94.643	67.909	118.565
262.831	201.719	66.914	112.400
280.624	292.454	27.992	117.103
289.044	110.364	36.736	116.756
285.574	276.678	28.740	124.652
276.896	255.924	89.583	96.554
170.814	168.803	107.596	115.829
421.125	196.494	151.255	125.852
218.494	21.354	39.890	127.908
237.880	46.915	41.066	124.516
228.735	35.948	53.507	139.713
370.954	185.094	144.869	121.235
365.462	168.461	129.827	128.040
462.163	304.810	142.181	151.185
785.098	294.446	41.736	164.083
803.347	386.001	63.709	113.029
799.575	383.546	67.303	117.750
802.300	385.824	64.242	108.904
488.755	158.393	104.856	217.017
773.528	379.001	88.183	114.685
800.468	381.354	67.386	114.676
801.918	383.452	64.018	114.631
784.228	381.646	80.131	118.541
795.236	383.589	73.289	114.929
782.067	378.414	86.915	123.636
800.204	389.985	77.031	114.825
768.180	378.674	96.483	111.343
417.101	127.904	108.541	226.652
792.020	374.331	75.928	122.630
778.813	381.716	87.423	115.157
798.346	381.465	73.011	115.205
458.426	214.881	69.917	294.012
769.803	380.292	97.287	116.208
770.587	376.042	93.371	120.061
803.576	376.904	70.050	116.906
794.676	383.925	75.906	110.876
800.250	385.131	68.775	114.471
804.817	392.532	62.028	107.739
806.185	392.564	56.418	108.383
798.751	388.942	60.729	112.044
804.256	393.742	58.281	108.016
804.658	390.946	55.848	109.844
803.032	389.829	57.287	110.338
800.147	390.048	59.355	109.685
803.954	390.462	54.807	107.833
801.956	389.074	55.955	109.249
807.915	391.232	51.202	106.923
808.395	388.741	52.107	108.985
811.339	392.920	49.403	101.958
741.082	370.170	125.357	131.981
759.603	367.575	100.480	124.366
768.121	375.975	93.062	122.053
791.551	377.037	75.470	118.561
795.347	378.055	66.632	114.638
727.310	530.933	111.018	40.543
728.416	528.793	109.505	43.527
802.136	378.162	64.032	116.076
789.134	379.937	70.711	110.654
805.853	378.370	60.515	115.376
805.351	387.326	53.480	102.819
809.875	387.536	47.692	102.829
811.683	386.083	44.880	107.758
812.025	387.539	45.178	104.477
812.055	386.744	44.787	107.005
811.158	386.413	45.289	108.551
812.104	387.548	45.106	107.638
811.805	387.165	44.548	107.642
810.453	387.870	45.977	104.953
810.484	386.716	45.352	108.632
808.666	385.657	48.592	106.450
804.713	384.122	51.355	111.314
807.412	385.951	50.918	109.891
808.085	390.832	50.909	102.259
805.307	386.487	50.131	107.254
809.058	387.083	48.738	109.583
806.311	392.310	51.297	100.263
808.864	389.107	48.223	108.723
807.870	389.040	50.918	108.996
805.326	389.019	52.828	105.530
808.570	392.906	48.864	101.485
737.965	374.286	123.981	125.772
803.051	385.799	55.381	111.799
794.011	382.572	62.389	112.878
802.046	386.857	62.972	109.560
806.565	388.478	53.527	107.172
809.964	395.182	49.812	99.916
758.566	374.127	82.567	72.096
790.992	388.029	63.606	108.028
800.478	386.864	60.141	110.400
804.219	386.828	54.925	109.306
810.002	392.845	49.139	102.723
810.992	392.964	45.614	102.841
810.668	390.863	45.325	107.885
809.546	392.923	47.582	102.899
808.955	390.997	47.085	105.322
808.128	390.766	46.916	104.229
809.229	389.405	46.854	105.195
809.011	389.505	47.689	109.305
808.280	391.516	50.699	106.781
807.743	391.325	50.222	105.692
809.447	393.860	49.170	103.001
809.544	391.964	47.817	105.240
809.348	390.680	48.007	108.994
809.346	393.543	49.355	103.232
808.514	394.056	48.561	103.680
806.807	392.361	50.660	106.136
807.687	391.966	50.745	104.890
809.174	393.372	49.862	103.274
810.882	395.658	48.056	100.833
810.361	392.965	46.110	103.634
808.954	390.523	47.607	105.554
807.226	390.866	48.907	104.423
806.986	390.224	49.217	104.487
807.554	391.275	48.668	103.829
801.154	386.744	54.182	108.587
804.451	387.855	52.037	108.511
805.016	386.688	52.296	109.382
806.050	390.928	52.678	105.003
806.597	390.771	52.834	106.059
806.213	394.189	53.334	102.996
806.850	392.076	50.359	105.071
808.286	387.969	49.938	107.560
733.395	370.505	129.255	132.979
763.623	372.824	100.384	120.487
758.033	377.671	100.637	116.255
784.205	380.869	77.740	116.472
798.004	384.100	69.642	115.081
804.456	385.192	60.116	113.548
793.133	381.773	75.329	117.753
789.667	376.947	70.591	121.154
803.830	387.050	65.328	111.715
778.218	379.254	82.303	116.457
798.150	385.410	71.259	113.946
785.698	370.515	76.040	125.199
762.936	377.900	91.033	112.958
791.643	375.561	70.933	121.124
794.883	381.563	65.337	112.507
808.280	385.282	56.472	110.169
811.505	385.274	51.155	105.584
810.574	380.267	50.414	109.417
810.266	381.325	52.274	104.426
808.575	378.679	51.885	106.773
735.997	528.166	112.972	43.667
758.577	450.136	79.564	110.610
758.993	367.594	103.381	90.451
795.838	367.749	67.472	115.070
463.811	160.652	69.804	195.985
800.461	374.417	59.297	109.297
805.668	375.155	54.880	108.980
740.124	514.110	105.393	54.358
472.841	257.635	53.539	155.338
434.066	209.921	101.441	123.339
367.981	323.844	102.086	46.932
253.529	139.149	156.891	113.770
374.479	317.858	75.884	33.668
449.584	164.901	65.580	103.507
270.600	171.132	134.400	151.646
287.901	182.948	119.314	103.480
298.369	192.207	110.707	105.535
303.775	199.163	122.757	109.631
310.687	200.064	120.984	116.477
317.489	209.721	131.249	118.450
325.703	212.688	124.254	121.877
333.488	210.249	117.347	125.122
334.394	216.822	117.839	120.036
332.957	214.230	117.292	123.936
313.905	212.647	127.984	116.666
293.923	201.538	127.275	112.585
282.518	182.663	123.529	108.129
262.203	156.283	132.787	115.808
250.628	132.724	130.107	121.760
247.725	122.264	124.724	109.698
250.814	99.882	126.935	103.397
247.461	83.700	130.630	112.179
240.869	76.639	127.058	113.234
237.157	75.910	123.641	105.499
240.675	78.187	131.371	97.170
391.113	314.229	101.936	42.021
298.048	286.774	22.662	80.306
294.376	261.224	70.125	83.222
264.258	212.011	104.890	93.278
263.193	258.242	115.016	117.875
244.894	136.807	130.657	83.747
252.508	151.348	123.097	72.711
486.194	175.449	24.307	93.580
473.097	178.121	33.195	68.550
288.281	194.664	128.704	71.880
154.481	20.433	54.524	52.793
163.189	57.152	61.364	95.497
179.878	64.321	43.759	61.579
201.074	121.314	35.164	110.469
228.169	293.597	32.543	101.456
227.367	253.639	34.716	110.202
228.389	235.639	39.037	102.320
223.355	254.487	29.157	119.223
212.159	226.299	41.129	104.525
198.242	119.675	41.127	117.940
191.802	75.557	43.818	91.004
176.793	71.163	62.046	95.730
151.916	32.529	40.169	60.278
284.638	170.007	119.180	118.563
280.343	150.486	117.512	120.142
278.498	136.355	120.363	109.488
450.382	370.887	94.499	53.417
330.407	102.423	145.971	138.312
471.557	401.480	83.301	42.190
446.888	297.100	66.672	23.274
470.048	397.472	83.368	46.430
468.950	395.992	83.747	49.790
470.289	396.398	82.632	49.835
361.866	156.145	140.393	85.275
203.661	225.136	32.713	127.980
287.895	60.455	110.990	81.754
338.736	101.535	157.184	169.409
337.016	103.453	148.881	144.599
336.765	150.001	219.977	281.517
249.799	44.468	353.294	447.187
154.079	0.000	357.317	0.000
651.588	0.000	235.519	0.000
323.011	128.192	154.310	123.366
347.481	156.124	127.175	90.773
340.086	167.212	85.221	83.505
351.878	172.802	81.211	90.835
220.218	188.757	33.824	121.727
229.493	234.985	29.432	108.646
239.141	118.502	44.649	105.621
377.931	224.699	55.735	72.717
276.478	131.396	52.433	32.964
362.851	144.081	54.923	36.314
392.295	227.678	48.927	67.218
359.349	144.983	61.446	32.726
296.765	139.609	53.236	30.208
243.319	198.390	46.508	43.933
369.550	114.837	53.687	57.382
374.740	117.837	72.148	69.982
268.097	69.784	34.669	96.422
368.880	205.935	47.670	43.037
301.790	136.522	32.842	36.158
249.023	86.761	23.023	35.009
310.656	150.437	40.964	36.416
292.613	175.152	101.750	106.955
456.473	246.502	21.692	55.592
451.276	224.100	51.408	66.079
420.722	177.432	76.317	87.452
463.559	315.486	82.612	70.055
432.324	247.756	83.152	104.871
346.039	171.596	87.957	118.158
181.840	167.208	54.319	112.091
192.697	168.258	48.081	105.508
195.141	166.377	51.823	106.117
214.444	206.991	29.118	128.214
389.864	189.513	83.085	110.035
393.642	200.288	79.951	106.221
244.091	91.377	41.757	123.514
249.712	230.086	27.389	126.106
253.120	253.023	23.964	120.208
227.977	239.493	26.921	123.972
368.480	117.015	67.764	116.591
217.930	289.141	26.228	70.563
206.074	80.955	54.513	110.324
335.880	46.361	77.587	118.946
342.647	124.774	130.054	203.585
314.494	17.638	116.807	140.522
312.605	24.211	94.249	115.307
318.266	21.802	78.653	103.190
319.962	13.989	68.293	110.607
318.466	9.211	65.875	118.577
323.574	16.936	67.402	119.097
332.099	0.000	81.934	0.000
192.504	0.000	112.701	0.652
344.117	0.000	83.759	0.000
171.617	47.733	47.417	97.112
378.558	280.771	85.817	57.934
354.428	97.296	75.739	133.998
423.132	339.112	66.052	35.168
378.511	219.406	82.673	133.242
201.970	177.236	43.562	127.634
221.450	266.323	25.581	117.527
246.058	104.598	51.110	96.077
250.568	281.439	28.237	113.197
400.485	248.209	61.610	85.768
283.605	239.082	30.849	100.974
411.780	252.052	63.240	84.343
415.028	251.363	65.388	83.410
421.447	247.797	61.625	85.966
410.188	215.375	80.858	122.953
245.492	129.699	52.614	120.011
275.101	272.781	31.568	127.611
372.200	179.163	66.308	20.899
317.756	115.770	37.882	60.162
429.823	149.186	62.974	126.952
287.270	317.528	64.796	89.187
402.286	162.532	83.577	183.256
423.696	121.532	95.802	132.222
241.902	290.925	30.386	115.899
411.837	121.151	100.731	107.244
251.171	86.475	68.147	111.355
250.924	109.055	63.141	116.238
255.134	85.154	74.653	109.568
250.783	81.685	68.460	113.345
400.692	113.877	108.826	101.751
242.131	206.565	28.174	138.938
401.948	117.411	122.101	112.585
225.308	203.254	34.339	153.449
211.583	293.423	33.911	120.806
356.391	133.035	127.579	111.127
342.849	134.621	183.116	129.677
342.298	0.000	156.237	0.000
337.219	0.000	161.834	0.000
176.799	315.223	122.344	128.698
328.493	129.291	121.907	111.938
323.123	121.498	115.467	105.036
314.052	112.683	124.188	107.431
299.101	103.788	136.034	111.973
559.147	314.036	57.306	93.767
555.196	328.645	55.810	76.926
290.100	105.475	135.946	112.034
284.188	0.000	149.897	0.000
380.801	347.899	84.392	63.105
370.428	343.316	86.823	103.156
385.653	381.104	89.173	88.890
312.746	156.515	155.122	107.837
327.306	161.652	140.657	105.620
335.665	161.318	132.344	106.822
185.384	53.646	93.865	115.917
174.460	21.777	62.506	102.800
352.141	167.378	127.715	102.530
185.076	26.417	53.677	92.773
367.180	177.373	143.275	105.101
383.991	177.425	132.343	108.988
208.051	380.154	24.914	85.543
387.023	173.846	129.903	111.281
205.393	265.558	34.191	127.654
206.047	368.894	27.554	95.681
203.279	268.724	34.782	131.315
414.358	403.462	119.867	68.916
423.312	323.078	97.737	120.800
375.171	202.775	123.739	98.274
213.648	234.401	27.997	133.942
357.848	227.687	111.239	118.180
350.150	230.365	118.681	114.424
348.386	226.942	116.966	116.145
340.584	218.461	114.796	115.405
161.177	201.115	92.739	121.308
337.458	202.291	84.447	101.850
345.180	193.935	129.929	101.560
400.085	387.020	105.865	78.281
268.996	261.988	43.276	107.938
273.596	238.280	97.607	104.219
420.864	196.730	86.111	90.208
287.017	361.895	46.820	57.449
289.871	333.870	71.177	72.126
310.692	307.212	87.304	94.724
361.334	233.022	69.735	117.594
458.653	186.033	76.749	105.252
314.996	249.714	34.870	118.576
322.931	118.007	35.518	107.813
322.930	121.824	34.517	100.074
318.503	299.604	29.850	97.803
205.876	220.829	30.027	34.735
208.053	260.521	36.513	41.364
199.150	219.875	51.284	83.810
197.300	224.060	67.696	107.460
192.879	278.378	102.557	125.444
365.592	192.424	107.142	105.587
205.324	175.380	36.487	118.853
201.781	141.337	44.581	119.795
200.268	57.967	36.313	52.373
320.942	222.415	86.364	100.692
312.071	229.266	79.013	102.137
302.143	237.821	77.041	98.513
295.308	237.984	76.670	100.305
281.876	243.136	88.417	97.901
276.980	247.505	95.332	94.136
275.591	249.151	98.835	89.037
276.502	251.794	102.010	82.922
277.009	253.334	104.812	77.890
282.168	252.418	98.818	77.079
290.661	251.714	83.957	77.312
296.845	252.094	79.260	75.840
304.551	249.212	71.217	78.798
323.503	242.623	58.294	87.710
338.112	217.332	77.295	92.436
422.748	265.372	63.496	77.121
425.760	267.820	75.032	73.159
433.790	269.899	80.253	72.105
449.319	272.589	70.098	71.499
450.434	273.855	91.014	68.376
335.149	168.079	64.143	98.142
439.093	266.590	121.360	77.427
419.422	265.186	128.808	73.194
384.573	264.099	140.111	68.645
349.726	262.504	147.236	65.433
320.141	254.401	150.548	67.957
300.688	247.653	140.248	68.672
281.029	234.984	135.061	77.472
259.148	225.261	123.787	87.388
255.649	224.516	116.042	89.582
230.155	224.474	127.637	88.314
476.502	166.596	34.077	95.527
234.791	222.027	109.771	91.336
242.365	226.677	101.003	89.094
246.390	232.019	102.550	86.416
251.962	235.263	100.803	85.684
257.016	234.594	95.406	86.078
440.856	140.733	46.542	122.924
269.543	235.105	87.894	85.775
276.690	241.105	83.925	81.519
282.563	242.502	78.017	82.462
284.787	243.072	77.227	83.754
286.131	241.994	76.614	85.033
295.681	242.412	70.907	85.095
287.797	242.416	68.500	91.389
287.461	250.228	60.821	99.524
283.791	260.292	61.074	101.207
285.966	266.926	61.518	102.287
283.081	274.112	68.211	93.540
280.368	271.451	71.331	90.458
283.805	267.746	71.407	93.950
278.640	264.509	89.521	88.152
326.954	206.517	78.300	112.715
425.627	238.134	81.821	75.110
432.434	243.711	93.449	77.151
438.036	243.731	99.647	82.934
445.477	236.274	106.895	93.610
458.021	234.795	103.227	96.658
464.996	232.760	98.203	98.322
467.054	225.206	89.255	100.938
463.241	224.521	93.646	92.261
455.213	219.377	103.480	91.955
437.770	213.805	119.927	94.776
417.050	209.657	128.386	94.684
402.269	205.108	125.669	95.864
349.058	200.523	135.325	91.756
318.946	197.666	125.210	90.242
286.412	195.824	109.030	94.589
244.424	200.127	125.639	96.049
218.193	203.136	127.015	103.322
202.940	214.001	121.465	99.159
194.177	216.899	116.151	103.662
189.614	230.055	115.837	94.706
186.031	246.704	113.244	85.857
194.006	260.049	101.426	83.920
201.138	269.988	98.254	77.791
219.836	274.890	95.361	71.906
237.656	275.468	91.879	68.920
121.725	234.182	64.821	97.215
276.884	255.623	64.626	80.940
273.988	243.896	69.075	100.859
308.596	280.788	79.164	109.305
424.582	262.951	88.448	76.023
446.775	272.300	79.278	81.227
467.207	289.436	79.704	75.842
505.235	308.276	82.432	73.976
526.490	313.272	78.693	78.650
540.905	314.125	68.158	86.640
550.747	306.289	58.107	97.865
498.024	199.197	98.840	55.360
493.876	207.962	88.654	33.468
541.607	292.057	60.249	90.636
465.231	186.068	105.343	42.816
500.468	282.593	94.111	86.533
366.292	145.229	33.553	61.672
410.896	264.537	130.296	94.570
383.009	263.017	132.110	91.456
355.596	255.171	133.037	87.623
330.662	245.559	120.420	94.304
306.183	237.240	115.757	97.253
149.166	211.117	52.567	121.772
150.881	122.647	35.057	144.591
316.194	201.423	121.137	117.391
327.133	187.936	125.667	115.542
349.579	178.038	124.560	109.969
367.048	172.817	124.335	101.598
379.397	169.502	114.193	99.857
382.189	168.462	115.186	96.584
226.544	154.071	71.274	116.470
223.607	161.610	54.452	109.150
220.942	268.980	30.874	114.952
205.231	269.004	41.585	115.574
214.042	222.444	67.796	114.023
243.853	211.863	101.485	97.026
375.382	205.341	116.570	70.770
400.654	196.410	112.291	73.726
433.467	189.474	120.032	79.362
459.700	165.180	128.372	101.286
472.839	162.413	129.713	105.748
474.717	158.666	131.457	110.500
471.544	159.175	135.587	110.464
460.358	164.226	138.181	107.822
438.331	168.922	147.126	107.583
413.452	177.645	150.193	101.212
391.836	190.298	124.288	88.692
240.138	250.135	29.721	115.362
232.716	280.708	28.240	97.574
230.783	276.385	26.983	102.597
223.743	274.355	88.671	76.873
253.730	221.974	105.236	105.745
372.589	173.629	86.643	115.302
390.308	187.701	75.499	94.597
257.731	239.710	25.603	124.599
269.528	182.146	52.378	110.023
414.302	192.593	43.915	95.401
380.141	190.097	68.682	86.252
358.624	188.884	71.969	85.563
342.531	187.937	76.436	84.089
216.280	106.477	68.331	87.416
327.258	174.872	72.738	90.615
199.276	152.405	42.012	109.826
204.641	133.527	101.299	95.232
359.828	167.285	80.538	99.106
380.505	186.631	78.088	94.761
570.848	115.190	22.157	102.181
266.299	127.156	37.864	111.795
277.762	177.081	39.312	109.464
284.195	150.324	41.996	114.306
292.748	200.369	54.001	98.814
412.118	204.934	60.457	105.300
382.677	205.155	70.928	101.713
244.234	144.549	31.252	127.162
229.881	165.776	41.816	123.527
342.526	146.748	60.524	103.197
347.338	126.370	54.611	117.170
203.355	247.437	28.546	104.536
355.776	95.005	85.185	124.155
359.780	123.878	170.984	236.068
792.812	323.112	59.537	155.579
801.648	385.012	116.707	115.241
396.743	103.171	109.690	311.936
525.216	166.325	38.033	41.028
343.228	50.073	192.269	379.345
390.260	0.000	234.026	0.000
395.123	501.186	198.813	74.814
380.406	419.260	157.900	122.062
390.074	524.419	181.249	51.581
418.427	576.000	145.910	0.000
380.313	497.404	114.628	78.596
350.229	149.800	112.168	114.753
561.625	325.675	70.142	62.684
517.573	349.271	88.005	71.118
458.773	340.560	108.229	84.433
328.814	431.571	94.066	123.745
435.159	76.703	82.128	67.703
313.235	168.010	106.520	105.320
153.970	98.534	43.738	131.494
149.171	141.676	116.922	93.678
296.281	141.047	110.725	91.317
303.243	124.592	123.720	94.586
310.314	113.228	124.764	95.046
316.694	102.001	121.432	95.344
320.255	89.086	119.215	92.281
321.513	77.653	121.297	92.318
317.077	75.211	123.936	86.425
316.877	74.730	132.257	81.052
321.171	72.581	137.895	74.852
323.136	73.851	142.167	71.194
328.089	75.990	144.761	73.370
327.191	80.517	146.277	79.482
174.995	96.563	32.869	95.779
341.505	91.216	113.106	94.682
348.313	95.159	105.182	95.376
347.211	94.441	100.992	98.077
459.312	260.776	110.476	77.066
355.662	111.344	86.321	79.357
347.245	92.527	94.284	97.427
338.665	93.504	103.954	98.395
188.326	89.853	36.531	110.950
178.167	92.336	41.653	108.429
168.350	95.888	44.295	104.169
161.528	96.969	53.607	95.886
154.199	93.489	51.404	97.857
142.279	84.779	54.169	112.083
135.968	88.282	54.827	107.081
145.533	86.551	57.346	103.131
143.312	81.786	61.311	114.261
288.829	53.890	123.058	93.466
285.323	27.611	119.087	101.342
281.504	11.204	116.493	93.408
275.986	7.225	120.015	78.784
252.452	15.068	98.488	100.925
342.187	0.000	129.746	0.000
219.897	0.000	169.754	161.633
237.201	9.325	145.605	129.120
212.263	9.559	146.393	99.607
241.326	60.724	113.291	102.972
217.852	20.291	112.970	106.570
213.573	44.529	121.614	105.388
208.870	55.436	118.270	100.290
205.335	72.468	121.922	99.270
40.783	112.010	52.712	120.301
197.473	91.537	134.385	97.370
194.952	94.740	135.760	102.234
212.594	0.000	129.778	0.000
177.333	96.535	141.435	104.350
160.810	103.390	154.154	95.334
160.713	96.438	152.097	103.267
161.983	89.551	149.466	105.802
164.632	85.334	145.355	105.446
168.020	82.493	148.593	101.801
170.204	83.256	150.158	96.875
174.744	84.680	142.594	82.703
183.706	79.540	128.090	91.373
184.706	75.670	124.325	98.981
191.707	0.000	134.943	0.000
187.631	0.000	137.956	0.000
35.366	0.000	159.426	25.816
162.516	66.834	160.436	117.717
159.685	68.738	151.870	114.119
161.156	71.176	150.199	112.280
164.834	74.108	150.092	110.580
170.650	74.613	150.412	110.659
171.870	73.708	148.784	111.546
174.562	73.275	150.748	110.814
175.165	72.413	149.068	111.603
174.303	72.842	148.224	111.395
174.017	73.869	149.769	111.951
176.084	75.298	158.243	113.177
176.497	78.544	165.562	113.299
173.752	83.835	161.140	112.526
169.925	0.000	170.134	0.000
173.395	0.000	158.182	0.000
125.421	109.045	125.353	120.372
95.500	108.460	138.130	113.847
85.224	119.077	143.251	103.935
238.784	104.103	114.152	101.270
148.857	103.632	228.391	97.233
442.555	289.715	118.143	135.582
0.000	211.016	0.000	126.292
14.720	79.139	136.775	108.675
27.463	81.877	134.221	113.065
40.202	90.192	127.632	116.009
60.745	102.352	114.696	117.250
73.428	122.069	114.903	110.124
83.969	147.883	136.884	112.705
96.056	157.389	158.812	122.975
130.517	171.661	155.762	113.809
186.565	174.342	147.556	112.256
197.046	172.872	117.923	111.559
240.031	115.398	125.589	112.348
244.042	86.577	129.446	118.460
238.917	91.004	131.572	100.537
233.868	83.900	124.885	106.539
64.131	303.203	34.229	64.903
194.319	81.752	147.495	106.352
186.108	98.970	145.252	90.370
183.884	114.955	137.016	72.449
39.266	112.066	121.347	80.932
186.256	114.784	117.003	71.020
186.778	114.543	131.830	76.094
31.880	186.663	64.406	102.785
34.401	185.373	62.352	106.528
192.932	105.487	119.591	92.202
198.186	101.571	112.208	98.841
201.686	99.644	107.740	103.060
204.940	98.879	104.398	107.034
40.866	95.658	104.159	103.394
205.144	97.587	102.324	111.262
203.438	98.122	103.214	111.139
202.302	99.181	103.855	109.876
202.035	99.940	103.968	109.385
202.574	100.667	103.087	108.095
203.320	101.772	102.813	107.485
204.136	102.274	101.801	107.753
205.217	101.590	100.080	108.032
206.073	102.912	99.365	107.087
204.735	103.101	100.325	108.308
204.302	102.562	99.779	109.763
204.893	103.065	99.205	110.450
205.069	103.346	98.414	111.031
205.358	104.366	97.001	111.896
208.285	104.803	91.558	114.659
205.452	106.356	92.214	117.536
183.633	111.411	114.041	112.515
155.076	125.459	143.554	96.961
132.707	150.760	143.495	99.045
110.321	161.117	126.403	108.068
68.634	153.101	136.511	115.420
37.061	152.079	120.682	112.121
299.946	105.831	31.450	94.440
244.469	99.281	33.651	93.407
18.274	102.275	118.504	76.860
21.329	95.761	125.426	89.234
28.773	96.830	135.832	96.627
293.416	95.723	36.176	102.881
53.043	114.342	157.326	102.877
416.951	249.186	79.145	87.434
351.760	181.770	98.839	111.657
190.030	174.031	48.481	104.239
146.434	188.448	115.709	110.754
183.080	195.248	129.066	104.160
202.269	191.501	120.695	106.777
216.413	168.876	116.089	101.238
239.367	116.432	139.706	122.619
263.701	113.884	170.107	292.235
243.576	56.945	175.454	146.625
235.248	56.673	160.273	120.846
240.711	57.219	145.663	111.512
229.021	57.879	140.065	110.055
222.440	56.108	131.974	121.384
214.772	67.056	126.216	128.022
210.705	86.699	115.688	129.496
210.302	102.124	98.904	126.445
346.643	0.000	96.414	0.000
208.036	139.852	69.650	134.572
193.688	151.174	77.433	143.588
173.285	183.446	89.921	114.804
159.973	188.961	98.722	107.762
134.720	183.929	111.591	109.598
103.096	162.278	123.441	126.664
58.024	143.987	129.309	113.584
52.030	130.942	116.100	105.312
51.228	123.424	109.897	102.537
50.390	120.525	116.714	105.116
294.022	117.200	37.600	117.915
50.982	128.389	125.015	103.575
59.326	140.457	126.937	105.703
74.209	161.688	129.638	92.707
330.589	170.413	31.734	106.690
98.297	184.333	137.717	90.874
131.459	187.179	122.849	97.813
175.385	187.302	127.078	107.246
190.610	180.296	135.246	105.962
215.322	162.918	147.870	97.210
233.948	143.154	144.989	92.229
234.899	129.336	147.390	78.099
258.286	119.755	144.308	79.195
273.151	112.080	138.467	76.191
262.784	103.685	146.271	72.472
263.950	98.497	146.482	79.991
261.722	99.507	146.347	81.754
258.927	0.000	152.919	0.000
284.063	0.000	126.176	0.000
249.360	110.456	139.999	116.230
247.677	167.126	108.736	89.361
240.017	177.870	118.208	90.661
211.732	169.673	104.458	107.098
184.014	165.529	106.737	105.750
150.461	158.679	131.569	100.019
122.185	151.404	147.865	108.573
113.553	136.958	142.753	118.607
101.314	123.863	128.283	114.586
102.937	116.562	131.376	106.128
105.740	108.666	116.485	94.706
119.448	109.027	109.090	89.334
130.826	113.924	108.588	87.797
161.369	122.210	115.485	87.261
184.118	124.319	118.152	92.837
192.940	130.916	118.983	97.295
197.316	135.221	120.820	102.517
207.744	145.620	118.119	103.675
222.639	158.918	116.650	101.301
235.912	162.892	117.724	102.189
252.512	169.438	125.811	102.300
277.569	176.935	120.193	92.886
296.900	164.120	110.316	104.466
281.134	178.114	142.355	89.044
298.516	121.488	82.438	102.044
280.558	127.015	83.850	89.340
262.796	156.003	84.673	73.307
321.848	77.068	141.650	136.982
273.416	154.357	103.792	105.306
521.534	84.446	180.321	104.034
837.038	271.624	59.689	118.323
833.478	453.314	93.011	54.996
841.732	474.812	93.204	73.394
720.803	344.114	56.870	43.961
648.045	330.981	46.789	67.172
653.847	325.326	86.440	75.015
625.129	326.415	104.246	76.087
624.285	328.834	109.168	80.229
835.557	397.348	33.247	110.568
852.744	309.926	49.484	80.194
782.823	434.544	85.381	45.266
849.402	299.999	43.264	91.228
760.925	413.604	86.632	68.116
849.442	489.856	93.289	62.359
825.941	321.402	96.881	198.889
360.347	397.712	274.764	149.046
836.421	287.964	66.569	107.687
843.646	292.512	53.843	103.207
848.017	297.530	47.581	94.426
845.241	302.684	45.560	90.747
841.355	300.259	49.760	94.693
769.862	437.809	96.490	54.186
780.252	393.959	97.361	95.958
635.220	327.105	96.632	90.168
513.597	184.973	83.149	65.311
536.297	156.545	75.190	82.310
558.482	161.750	75.130	90.063
429.917	138.193	25.431	103.832
412.642	113.379	26.556	97.305
808.969	251.632	39.287	110.382
819.781	283.449	64.726	105.028
845.921	294.763	45.932	97.880
780.972	448.739	99.963	38.004
958.906	328.958	1.094	108.389
848.427	306.123	37.174	92.923
847.285	307.845	40.535	93.630
847.340	308.379	42.186	97.028
847.530	308.571	42.225	97.257
779.824	456.459	94.789	40.245
784.517	401.537	90.186	87.300
839.529	319.206	61.051	114.637
844.659	310.376	52.422	103.714
772.948	287.077	123.382	134.799
619.420	351.016	146.978	102.096
631.078	360.617	125.814	98.183
621.929	364.170	121.312	104.956
455.914	435.573	43.584	114.715
651.644	372.713	113.246	94.203
297.354	189.573	132.564	159.937
625.733	389.367	136.830	97.203
632.247	388.141	143.880	90.079
471.974	245.108	87.912	93.783
334.017	109.800	33.757	43.053
496.119	244.539	121.098	97.988
336.969	188.990	28.636	101.888
343.995	191.427	27.810	117.414
348.191	166.919	36.792	126.690
345.259	174.240	43.555	118.947
509.179	247.154	154.644	107.787
323.900	71.606	35.450	134.624
466.329	259.838	164.638	97.056
299.990	139.184	82.247	155.046
395.690	277.270	167.495	92.893
366.263	279.454	137.124	91.424
324.305	286.294	142.829	93.481
282.402	279.124	152.977	93.008
251.287	270.809	156.932	99.220
224.361	274.282	158.964	95.124
206.571	272.122	151.839	98.409
203.356	274.230	131.257	99.449
191.860	281.700	128.569	96.831
171.738	277.818	147.033	105.535
170.919	275.760	150.644	112.034
166.973	278.125	157.515	112.207
166.709	279.558	163.216	115.824
170.516	281.396	163.978	116.512
175.297	281.628	164.403	117.017
182.916	282.859	160.033	116.117
196.342	285.555	153.715	111.094
211.032	287.891	148.525	107.133
220.281	289.084	146.805	103.868
229.234	289.481	146.024	102.705
234.558	289.451	150.009	101.794
239.814	288.406	157.561	104.872
245.752	286.235	164.077	110.808
256.024	282.563	167.391	117.150
278.430	272.749	157.437	126.676
312.784	263.177	130.735	134.572
352.862	252.448	110.898	140.726
384.257	234.781	110.045	145.913
409.557	245.660	104.909	119.757
442.839	223.287	131.175	110.867
455.992	220.286	152.253	97.287
612.078	443.259	152.223	80.886
558.214	380.059	175.576	122.409
774.078	336.575	144.725	133.792
496.651	206.514	151.184	81.485
493.258	208.410	154.666	87.176
323.574	77.311	34.597	90.639
317.769	73.383	32.916	103.488
328.132	69.915	31.688	85.253
306.679	98.432	46.280	123.756
465.300	265.975	149.596	104.049
463.570	268.246	149.298	112.464
457.171	268.111	146.728	110.415
459.938	261.436	141.148	104.412
459.098	252.254	143.013	101.700
564.899	410.440	164.674	126.134
479.582	210.719	137.396	134.601
482.629	198.161	134.479	129.456
477.700	186.759	132.420	124.787
410.148	171.968	184.601	135.010
438.895	162.890	129.105	121.969
429.251	153.885	131.584	126.955
401.612	143.854	108.555	126.415
385.309	139.214	117.992	121.430
369.886	135.266	128.248	111.508
365.889	136.619	125.897	115.999
363.377	136.062	123.459	114.924
363.393	138.155	121.800	108.088
369.366	137.753	116.508	111.598
380.914	138.668	109.723	116.960
392.299	139.375	101.502	115.075
625.701	338.408	33.775	74.443
690.209	469.195	60.956	14.770
661.951	423.736	101.206	75.208
535.908	285.079	87.254	30.064
603.368	397.214	79.840	19.597
505.841	196.469	168.747	109.684
312.157	187.616	38.434	145.456
525.789	184.419	155.596	129.968
515.880	397.575	196.671	112.754
460.500	182.489	196.011	101.526
447.877	184.384	190.732	93.007
428.311	189.415	191.615	94.140
404.346	207.636	175.038	87.086
379.805	220.995	161.691	86.963
315.082	231.457	134.990	91.938
278.585	244.678	151.853	100.906
265.924	251.526	145.165	123.879
225.970	262.529	148.738	133.864
215.422	258.971	121.626	147.257
202.948	260.059	89.938	143.565
181.314	259.590	92.895	145.334
161.503	260.095	93.011	141.839
381.237	505.620	61.797	61.302
400.263	255.539	35.512	121.128
143.388	256.553	95.224	136.435
387.672	248.805	36.004	117.339
155.723	257.582	96.797	129.235
402.529	252.315	29.048	104.107
404.021	272.689	29.324	98.089
198.334	258.913	85.181	119.123
372.185	113.198	73.796	68.058
236.075	270.520	84.422	110.625
284.129	128.425	108.288	62.820
251.328	267.524	124.794	105.287
256.066	420.075	143.005	132.539
255.323	265.890	140.013	98.879
260.655	267.343	141.190	86.342
267.254	265.841	140.465	91.393
270.428	265.233	152.143	95.921
271.827	261.926	167.489	104.251
269.477	258.541	185.000	121.432
269.272	255.979	172.692	139.082
288.565	251.245	149.074	148.589
315.784	251.669	135.673	145.787
324.128	261.388	156.513	124.596
327.773	259.116	188.161	110.553
348.578	261.055	211.634	83.135
367.121	249.643	210.938	78.757
406.800	229.690	192.394	107.828
445.744	222.249	166.999	126.210
481.288	214.882	166.888	140.428
501.321	218.418	173.220	137.288
515.536	225.824	170.257	127.429
518.986	228.354	172.051	112.802
520.069	228.424	165.602	107.160
521.330	231.300	137.188	107.279
511.334	235.545	127.737	103.580
481.320	236.946	138.411	99.655
459.098	238.961	140.582	107.464
451.171	242.838	137.548	114.024
325.777	67.289	102.079	132.966
424.790	243.746	159.769	127.039
283.126	57.970	123.842	127.505
388.663	259.423	164.477	127.267
362.483	262.032	156.713	134.636
353.016	263.183	130.963	140.790
331.004	262.229	108.711	146.024
323.522	268.382	95.738	140.124
300.947	274.387	104.101	141.702
237.167	281.408	141.806	132.685
174.980	279.861	179.171	152.522
133.805	282.246	207.132	154.969
105.205	281.602	217.139	156.400
91.684	287.170	224.435	150.134
84.612	285.533	220.449	152.081
87.305	281.155	206.992	156.609
95.674	276.215	186.884	158.853
112.042	271.884	162.940	161.002
0.000	63.199	5.110	185.978
349.347	257.253	96.583	158.038
181.984	255.360	117.844	136.049
189.951	245.331	121.175	142.314
307.879	87.951	127.718	134.886
194.437	237.761	145.328	145.315
213.379	226.244	133.305	158.396
235.218	218.625	117.572	164.580
263.199	223.005	96.853	162.459
273.495	210.610	103.885	175.102
270.951	215.866	120.123	172.228
278.614	220.046	135.098	167.065
289.548	221.875	156.234	160.592
305.313	224.863	192.960	146.099
370.179	242.031	148.711	125.614
408.189	242.456	112.040	126.367
436.254	229.103	108.258	134.691
460.500	222.274	118.162	138.931
464.645	217.918	156.021	148.474
476.457	222.310	177.579	153.934
489.731	222.155	197.183	161.324
514.346	226.649	202.197	161.770
266.242	513.475	245.910	62.525
546.076	239.455	148.773	146.412
387.141	88.530	136.228	139.308
565.770	201.609	195.373	162.238
564.269	208.778	192.267	132.736
557.267	214.669	207.298	105.107
545.641	208.991	225.891	101.214
332.823	86.546	81.846	120.519
304.239	65.063	66.212	175.475
758.987	41.003	180.192	184.646
507.094	193.131	136.965	166.266
496.365	199.571	134.985	169.073
460.287	201.581	140.728	172.511
429.078	210.875	121.486	162.792
374.069	227.324	119.049	152.377
358.108	241.060	131.094	139.871
335.062	247.077	140.138	142.679
308.281	247.427	146.037	146.572
288.391	243.137	151.884	155.658
277.171	244.447	159.308	156.812
230.006	69.478	154.905	147.946
263.603	239.589	164.450	158.495
266.575	249.860	158.052	149.536
267.074	249.813	159.620	151.200
267.092	249.117	145.728	152.379
271.504	245.746	154.696	152.417
270.951	245.637	156.409	154.311
269.729	240.149	161.413	162.542
269.529	239.365	167.722	164.745
281.392	231.190	162.435	171.448
304.179	226.990	142.973	174.786
313.994	231.724	139.487	167.942
323.743	250.242	139.407	148.071
342.846	256.593	134.327	138.909
376.959	246.734	138.136	145.359
396.738	228.174	159.546	174.012
431.676	248.043	188.066	160.297
288.175	49.851	201.306	166.500
437.406	261.009	249.442	164.764
327.074	573.458	244.226	2.542
532.331	257.976	218.292	166.072
373.461	263.524	51.136	115.315
328.488	271.678	102.129	141.238
577.325	282.994	200.722	148.384
589.798	287.365	190.099	155.967
601.670	300.818	177.922	166.133
346.073	260.267	39.819	179.703
342.868	253.481	43.140	213.576
601.578	322.135	197.108	173.256
328.991	261.736	63.391	255.031
332.859	256.768	62.610	250.379
338.123	254.317	50.147	248.973
337.259	250.081	52.290	253.507
327.231	70.436	350.794	302.945
181.537	243.136	281.119	250.140
683.732	576.000	172.821	0.000
206.587	245.556	253.483	193.941
207.059	247.289	257.630	183.749
205.746	250.395	256.316	176.481
207.054	250.567	254.674	167.316
214.133	247.692	255.965	170.976
202.872	250.624	277.125	169.816
209.411	241.650	268.402	166.972
217.997	245.597	246.039	174.532
216.111	237.043	248.587	176.517
220.415	241.172	240.338	172.318
221.251	238.387	253.446	175.574
226.472	243.231	245.427	173.466
241.719	238.254	236.441	185.385
222.391	238.366	247.885	182.270
250.994	240.467	229.191	186.226
239.292	235.193	229.076	194.532
258.738	234.760	229.280	200.223
224.014	241.904	241.877	189.220
249.827	242.270	211.520	195.335
265.934	243.027	208.486	199.824
268.440	240.457	210.165	203.866
269.931	244.321	213.624	203.878
270.687	245.652	214.433	206.035
270.682	248.951	215.417	205.342
282.600	247.946	212.168	211.416
271.059	250.740	218.932	209.957
279.242	254.818	210.180	205.635
281.847	252.887	202.644	206.417
289.407	257.199	196.025	201.874
285.673	254.262	198.886	206.969
294.150	253.216	191.668	210.109
296.072	253.426	186.143	210.172
299.347	254.155	180.130	210.740
308.119	253.135	175.050	215.418
319.198	255.515	161.039	212.841
328.176	254.593	159.004	223.373
328.628	260.243	149.018	212.430
337.304	261.856	140.717	205.843
324.907	221.919	244.293	265.436
334.300	236.941	152.855	265.430
393.448	240.387	231.932	162.856
374.118	241.274	194.611	159.601
371.427	237.827	182.621	155.094
360.038	242.010	169.985	159.551
351.337	244.238	158.880	157.069
347.914	240.740	148.180	164.592
347.254	245.989	138.639	165.260
345.595	250.120	129.238	167.777
342.244	248.443	127.555	174.378
338.895	255.669	124.253	175.600
322.358	261.219	149.611	174.218
283.185	264.759	172.214	186.220
257.927	271.166	199.707	170.279
229.279	271.790	196.434	170.982
194.068	287.402	204.954	158.516
165.731	288.841	184.985	160.557
118.822	299.437	179.994	153.663
70.578	302.166	208.534	160.852
208.458	55.744	181.169	160.058
37.520	308.966	209.371	157.348
19.019	312.182	220.726	158.229
21.212	316.434	207.569	152.480
14.390	321.656	208.790	148.638
295.339	266.792	137.372	150.541
247.248	52.972	124.636	93.821
87.169	317.553	138.831	155.540
99.007	321.596	146.003	159.547
110.629	324.761	142.715	164.701
123.649	325.871	134.362	163.491
143.875	324.084	116.930	161.386
156.784	324.883	103.266	156.739
159.835	324.529	98.093	157.457
161.202	320.340	97.531	157.710
159.670	314.324	99.297	159.100
155.622	315.368	105.832	146.768
150.179	312.490	114.888	141.885
137.489	314.128	128.077	138.768
130.790	313.288	136.366	136.175
119.787	309.620	143.963	141.337
108.784	301.956	138.603	158.963
91.646	291.908	133.804	180.190
58.605	284.632	152.723	202.020
18.126	283.995	176.809	203.015
4.909	273.803	176.145	198.380
2.402	270.069	154.439	181.401
3.820	267.988	134.674	174.639
4.901	266.646	116.255	170.881
0.000	306.755	0.000	166.635
2.523	263.076	101.533	184.304
0.510	260.286	119.446	188.981
226.858	53.518	117.242	92.289
272.068	36.418	129.234	124.044
183.953	500.413	191.102	75.587
0.000	254.644	214.789	191.566
442.981	251.735	71.029	153.470
69.817	285.975	255.663	189.036
149.080	285.996	238.191	203.879
243.085	275.909	163.351	205.907
331.619	282.455	110.118	211.180
389.670	281.804	154.268	190.669
408.207	262.142	258.963	204.538
431.177	256.923	261.087	162.019
443.485	235.894	259.876	169.542
481.414	576.000	264.143	0.000
473.905	576.000	257.480	0.000
419.778	163.633	300.487	221.878
276.710	39.983	204.874	190.891
160.218	0.000	274.675	0.000
375.708	171.203	284.701	232.090
338.955	196.246	297.156	236.288
309.279	217.117	308.040	234.131
275.006	258.069	275.596	229.899
202.767	298.694	272.037	203.140
331.212	565.028	284.177	10.972
62.095	337.270	287.955	184.311
19.955	343.755	240.826	210.852
10.152	335.553	234.397	212.837
40.673	325.858	164.895	170.482
15.697	317.844	129.406	173.617
264.528	310.760	180.028	265.240
300.721	269.849	48.154	125.294
271.903	256.850	95.720	94.971
267.591	253.623	94.550	114.708
266.955	261.359	97.775	129.341
272.238	263.312	97.363	128.262
271.200	253.585	93.768	106.845
272.566	258.648	91.480	115.831
111.093	332.045	37.448	155.962
268.126	266.246	99.082	140.487
267.369	250.321	117.276	125.993
81.614	69.136	122.917	77.617
4.372	321.471	226.429	254.529
0.000	166.302	8.850	233.099
0.000	171.875	0.000	133.262
98.941	295.096	139.807	120.435
199.783	93.683	205.555	45.431
160.616	46.156	196.393	100.964
213.792	274.280	281.803	148.983
258.765	264.939	307.892	173.941
249.151	238.231	257.721	212.000
264.013	231.361	333.895	229.783
243.668	212.894	343.697	264.444
247.054	201.146	305.056	279.889
253.239	168.791	260.597	287.276
249.719	139.513	239.822	271.331
240.606	115.868	257.516	238.445
218.329	82.103	285.350	239.755
219.251	73.879	302.994	246.732
212.876	50.588	346.876	306.523
223.874	78.024	330.557	280.361
543.281	0.000	347.368	0.000
232.542	75.522	380.233	339.706
265.507	111.862	358.694	325.888
291.449	142.650	316.825	291.771
332.934	160.375	282.756	278.095
365.034	183.792	260.280	237.797
342.330	211.556	311.485	212.538
315.419	219.568	356.548	208.327
350.765	0.000	311.988	0.000
5.270	532.241	359.831	43.759
264.627	222.529	252.719	296.454
424.050	257.535	169.109	296.866
436.388	250.826	153.720	313.673
422.977	243.514	197.284	315.973
400.447	232.155	239.479	314.301
380.101	248.381	259.803	255.211
381.128	245.047	245.209	238.881
370.684	226.865	239.305	253.597
349.326	216.790	241.176	263.802
337.384	212.709	227.680	263.561
322.989	228.439	231.158	261.788
303.785	241.377	245.715	253.913
260.960	239.909	270.578	263.198
239.077	268.790	264.912	248.373
216.508	293.718	241.291	228.731
199.736	301.289	197.917	226.285
208.339	300.371	171.617	217.710
182.944	304.732	183.416	257.690
162.023	295.913	204.693	270.563
171.330	290.953	186.810	261.499
113.042	273.241	242.100	251.763
93.683	266.897	265.697	254.893
79.834	259.781	277.658	258.266
0.000	532.052	114.395	43.948
62.549	506.383	130.637	68.543
110.324	416.275	118.788	119.889
129.708	334.433	176.137	149.127
143.786	272.457	206.169	198.533
108.886	281.400	319.997	254.565
0.000	576.000	175.158	0.000
466.417	576.000	292.461	0.000
179.986	241.734	212.558	321.593
161.314	237.906	246.922	307.779
107.709	222.667	405.488	340.669
92.335	576.000	450.650	0.000
79.725	0.000	477.815	0.000
71.407	226.925	489.900	344.225
487.876	576.000	472.124	0.000
519.170	576.000	440.830	0.000
158.543	244.102	322.619	331.327
205.907	236.494	256.212	339.506
212.509	240.911	246.586	332.612
216.533	237.283	251.775	338.359
202.351	229.372	285.688	346.267
182.332	230.094	327.942	339.173
156.934	232.106	360.237	323.293
127.713	231.247	370.370	297.213
123.644	225.885	400.521	297.384
145.945	207.012	372.680	318.292
140.536	248.009	295.187	306.229
101.952	250.070	287.477	289.657
75.553	255.733	315.863	303.483
36.689	266.025	374.653	302.932
54.369	264.374	381.409	299.176
91.796	253.187	339.860	311.202
139.332	243.007	262.664	320.466
153.567	243.093	236.984	319.555
170.846	239.697	225.187	302.865
183.212	238.732	223.198	286.933
202.234	241.026	214.776	275.613
227.968	246.346	201.553	266.605
249.342	248.725	197.700	265.199
268.534	249.879	201.934	250.028
286.344	249.299	196.013	258.702
286.551	255.335	233.907	258.305
252.607	262.838	257.934	262.726
304.741	261.871	275.562	263.658
320.341	251.607	261.434	262.304
390.446	246.514	209.533	292.297
397.669	235.405	219.774	284.733
399.101	224.281	265.945	277.997
349.265	222.428	349.836	280.074
679.359	576.000	280.641	0.000
709.496	576.000	250.504	0.000
386.532	204.218	229.267	287.528
402.720	207.918	197.923	261.176
399.991	217.974	225.943	255.980
396.416	220.275	242.747	279.182
367.734	221.755	249.367	275.087
364.261	221.924	209.642	273.975
357.204	230.929	181.289	257.161
329.207	230.285	218.355	246.573
298.563	237.619	258.171	226.943
284.521	238.973	286.879	220.365
296.565	236.560	254.991	236.009
306.159	256.002	185.431	229.942
301.238	267.744	184.761	220.801
278.829	273.111	219.911	229.826
243.949	269.074	262.989	257.178
288.316	266.995	217.698	236.740
294.449	263.019	161.733	257.456
306.952	257.947	154.572	246.299
297.229	261.773	199.134	233.395
279.579	260.647	245.522	225.458
281.003	253.271	262.354	215.426
287.365	246.984	297.088	201.110
309.477	245.813	284.201	184.979
316.025	244.087	277.189	180.520
331.002	236.049	242.318	190.487
352.972	236.712	192.379	199.291
388.087	246.382	133.393	200.923
386.151	252.488	138.202	221.576
375.533	264.573	159.388	224.264
331.619	265.875	211.764	208.738
316.890	266.035	236.381	218.968
306.367	259.612	204.834	234.506
321.018	265.815	160.912	248.763
328.618	261.376	141.570	243.892
281.704	249.701	192.471	242.298
245.317	248.240	250.468	233.528
248.417	63.009	225.080	262.190
225.556	245.612	262.619	221.761
238.125	245.144	239.982	218.128
249.420	240.737	225.750	211.502
260.506	237.980	214.872	205.822
264.631	233.478	213.436	200.392
269.394	231.464	220.139	197.638
276.494	233.101	248.570	193.479
295.004	234.771	240.740	190.429
337.126	230.813	209.047	199.363
367.938	230.727	240.347	196.882
397.484	227.345	230.820	190.750
445.487	220.680	189.417	183.756
451.400	220.297	222.393	159.930
458.692	219.385	249.416	133.793
450.599	218.204	273.368	107.924
440.687	212.049	284.880	100.221
448.714	213.225	257.581	92.087
420.720	212.139	244.883	86.212
383.325	213.271	256.488	90.944
317.032	214.610	261.912	102.953
289.346	228.586	255.893	112.628
274.301	230.616	234.119	126.551
197.931	244.363	261.595	138.289
181.534	249.179	249.178	152.986
142.820	250.382	250.157	180.362
127.460	264.081	241.876	164.747
106.798	268.996	227.753	160.485
91.315	269.514	219.036	156.815
92.855	265.785	209.053	157.569
93.911	262.915	204.609	157.095
98.318	259.108	201.803	153.467
116.057	256.879	198.647	148.895
149.739	259.146	186.844	137.842
188.155	260.539	169.084	128.232
220.369	263.863	145.893	120.007
242.004	267.153	126.237	120.136
278.921	275.939	96.660	112.994
282.358	279.343	79.221	96.550
268.751	280.859	76.470	101.825
434.395	260.404	164.325	98.692
462.494	263.845	167.841	85.877
292.569	278.186	34.917	113.185
323.905	213.629	97.586	119.531
343.512	254.187	77.005	101.116
536.368	233.592	204.488	103.916
331.065	261.967	40.125	129.160
533.406	231.599	224.770	108.458
521.397	228.599	225.581	118.431
492.505	224.596	220.891	131.034
456.323	212.735	205.471	159.252
437.218	222.653	186.213	160.490
392.734	233.224	159.959	153.361
339.542	229.432	146.032	161.337
301.014	222.412	152.693	169.006
244.486	220.319	171.695	160.729
195.520	222.263	190.565	156.472
156.704	217.137	210.019	158.697
124.207	219.988	227.335	158.807
97.849	220.687	244.997	159.126
105.640	225.937	235.930	155.257
116.816	232.760	225.652	151.946
140.666	239.547	201.468	151.407
162.708	244.242	182.947	153.143
176.098	248.098	176.228	155.743
172.697	254.447	196.636	158.489
176.560	253.444	203.592	167.116
186.266	255.299	198.911	180.362
195.899	255.736	195.495	184.161
222.350	254.574	176.297	191.138
243.741	255.890	161.882	206.026
263.124	258.359	158.585	202.433
270.722	262.281	169.929	195.741
333.770	261.731	126.887	204.734
355.010	263.249	118.143	197.723
371.545	261.134	122.786	183.492
218.369	66.526	153.208	147.565
441.474	274.793	121.621	177.766
252.270	64.856	127.242	142.548
456.636	270.006	155.529	174.882
461.926	277.044	162.532	172.475
467.339	281.908	178.286	163.891
467.763	281.063	185.161	166.925
468.147	284.704	188.170	163.396
470.952	281.973	190.159	165.898
469.748	287.191	189.210	158.153
471.600	287.720	174.614	156.093
476.856	289.152	167.190	151.481
475.343	288.891	157.592	147.166
470.143	286.508	149.950	141.115
466.230	291.453	134.634	128.223
269.837	161.533	72.858	97.944
418.653	293.984	109.647	127.071
401.300	291.631	101.149	115.399
307.544	293.352	198.257	138.492
290.153	256.476	113.081	146.440
276.861	271.681	101.661	130.970
258.094	273.836	114.818	123.592
219.760	273.890	152.563	113.374
202.216	275.535	167.566	100.509
208.434	274.156	161.753	91.711
223.152	274.282	146.637	103.395
288.085	176.950	91.880	164.662
271.707	275.510	106.769	135.345
279.688	292.955	95.816	131.596
294.662	293.071	84.372	133.301
291.264	295.331	85.946	137.426
285.580	301.843	92.917	135.087
285.618	303.415	91.321	133.104
285.221	297.571	98.520	139.325
301.624	288.823	111.260	138.173
287.743	206.647	208.211	227.879
702.741	576.000	135.809	0.000
385.185	279.943	140.332	141.798
428.483	282.291	115.638	135.839
446.303	285.533	118.187	131.749
464.581	281.860	123.872	131.274
271.290	172.416	61.579	128.604
484.564	269.722	137.217	124.477
291.025	242.856	64.575	122.091
271.924	179.427	35.777	120.321
810.451	344.171	58.117	118.100
486.921	223.849	138.536	122.433
815.121	388.090	89.816	110.164
835.736	393.398	77.783	110.517
918.054	469.529	41.946	102.754
824.184	389.353	89.646	115.529
813.560	392.614	89.151	113.603
825.644	392.748	85.768	110.455
824.525	394.984	81.644	107.913
843.541	397.610	71.132	105.597
849.183	397.070	65.807	107.680
851.423	396.829	60.189	108.639
851.783	398.049	59.728	106.144
852.025	398.271	58.001	107.636
927.796	457.387	32.204	105.538
806.899	386.545	79.384	58.716
824.232	394.500	75.834	110.370
841.178	395.766	70.520	108.527
807.763	386.945	99.731	96.732
830.593	389.964	81.153	115.950
813.978	388.106	94.899	114.887
816.101	389.541	87.502	111.236
830.494	393.380	82.667	111.874
813.260	382.088	94.930	117.513
824.828	392.665	84.008	111.268
836.785	394.769	72.391	107.003
819.116	390.818	82.916	111.255
832.652	394.842	78.710	109.096
845.455	403.057	68.254	102.835
851.556	398.471	62.916	106.527
859.561	405.938	53.065	96.969
851.345	407.155	58.754	95.585
856.151	402.864	52.244	100.958
848.587	403.759	59.497	100.231
846.834	395.562	61.677	110.580
829.839	395.107	79.638	106.850
906.234	478.342	53.766	97.658
850.916	411.244	74.333	111.240
846.415	397.256	67.741	108.518
856.994	399.308	55.550	104.568
847.250	404.119	64.418	100.325
835.443	397.813	72.089	102.579
843.772	402.339	63.585	99.338
838.068	395.363	69.067	108.398
832.537	397.335	76.305	105.718
807.003	383.342	100.797	67.341
840.796	394.511	67.186	111.576
803.452	384.128	96.921	86.037
810.080	387.772	102.605	119.251
814.345	391.608	97.335	110.271
815.033	391.361	87.275	108.101
834.321	393.862	77.897	109.462
829.411	391.879	81.764	114.262
478.037	273.810	58.852	151.063
838.598	394.019	76.439	109.183
810.332	386.464	98.660	107.618
831.586	390.935	81.934	111.505
811.095	381.285	97.337	113.080
825.018	384.944	89.114	115.615
777.000	536.502	143.873	39.498
819.930	389.188	90.121	110.264
830.590	391.720	76.287	108.422
836.233	393.144	71.690	107.666
799.260	376.444	100.270	70.553
812.117	383.598	89.221	112.739
836.889	389.581	72.851	110.721
808.819	392.265	96.869	98.031
844.467	392.436	65.695	107.760
833.337	395.235	75.061	104.991
510.161	261.985	95.612	163.906
834.429	392.438	74.623	108.927
503.728	239.716	141.859	130.240
302.750	68.852	52.166	127.923
335.491	129.624	102.790	99.443
507.031	205.171	122.368	129.056
317.033	103.626	56.322	150.162
492.958	198.011	99.821	116.992
488.129	196.334	92.511	117.788
473.576	197.191	97.495	115.209
458.648	198.855	97.285	117.342
289.716	276.018	32.418	139.117
281.266	324.805	28.072	117.248
423.189	219.776	87.085	121.552
411.918	225.696	100.238	120.525
398.037	223.444	115.389	127.399
386.388	221.655	124.623	127.347
373.753	224.303	133.295	125.360
357.917	257.586	141.115	96.675
353.682	261.073	140.456	98.495
350.797	262.099	138.652	97.663
351.341	264.691	134.572	94.842
342.085	268.262	125.305	94.461
322.462	255.077	133.134	105.877
318.397	262.495	124.021	103.540
282.820	259.464	143.256	108.303
260.454	254.198	157.889	113.923
257.709	251.575	120.533	114.350
258.590	237.733	96.099	124.970
231.497	247.660	126.952	113.211
221.636	243.762	157.177	118.568
220.702	250.808	160.831	105.085
231.732	263.519	153.515	95.962
246.982	267.714	154.459	79.086
257.418	272.269	160.215	74.718
273.027	271.887	156.983	71.871
296.933	264.154	156.423	80.167
320.624	255.586	141.661	97.804
337.202	262.860	141.458	100.303
336.302	271.611	149.507	91.038
342.538	274.353	152.947	86.898
375.088	258.273	131.887	102.142
375.827	258.999	130.518	89.249
357.996	263.421	160.499	69.455
343.715	257.210	176.239	77.603
342.799	251.042	166.745	81.184
347.262	245.588	159.363	87.864
362.615	244.838	142.508	75.753
377.749	246.933	140.212	69.540
381.914	250.741	142.241	61.096
247.815	129.115	59.568	115.193
420.555	221.293	94.279	112.994
428.166	201.176	94.759	123.940
426.936	203.150	107.274	103.131
269.591	299.849	30.474	124.883
411.452	193.278	120.652	108.046
395.960	189.095	131.995	108.354
383.605	182.141	145.318	120.421
371.174	191.386	132.385	121.045
366.069	198.337	111.273	113.535
357.410	219.004	101.043	104.817
352.093	231.910	108.625	94.674
365.877	250.808	120.246	87.202
353.265	264.488	125.682	84.333
359.802	273.673	125.310	78.604
363.602	275.331	124.426	76.750
369.712	112.870	125.772	111.516
358.246	271.891	130.234	78.027
347.211	264.184	137.343	76.586
333.261	255.466	142.258	67.941
322.715	248.817	154.026	68.612
318.846	227.278	141.948	83.609
327.068	190.478	138.553	109.516
345.217	177.996	143.697	119.042
356.660	169.875	144.325	130.040
367.500	184.175	138.295	113.217
384.575	188.391	125.789	105.365
389.427	206.113	111.017	88.115
384.703	207.046	116.268	85.125
376.930	210.756	122.610	81.763
377.263	203.412	125.345	90.756
379.721	197.857	133.695	102.724
383.782	188.992	132.254	98.568
370.836	173.753	140.866	105.740
381.334	159.961	131.115	82.979
393.120	151.555	129.780	68.467
398.365	139.526	133.828	69.471
262.536	305.444	33.673	71.418
241.901	315.741	65.548	79.518
237.147	284.027	89.636	114.497
425.143	61.580	138.659	141.763
428.489	0.000	127.528	0.000
403.818	0.000	139.675	0.000
535.731	282.572	82.764	34.356
385.625	64.956	91.192	95.375
355.151	93.045	136.358	79.112
361.248	108.025	133.283	75.320
376.342	131.093	118.104	78.087
525.569	254.242	89.584	102.260
405.540	138.053	111.890	83.351
265.856	265.941	36.292	96.664
406.913	135.313	122.800	69.336
275.995	259.539	35.036	91.513
432.893	102.021	96.379	80.251
432.674	89.272	86.929	89.928
294.008	173.276	53.626	111.589
457.314	93.382	108.467	79.312
323.751	266.835	45.237	53.586
322.188	262.979	78.339	81.462
315.010	331.879	105.958	91.920
331.102	275.739	133.381	107.665
468.422	152.550	99.464	144.158
274.309	319.353	36.950	128.129
443.120	133.727	93.618	127.872
432.805	183.016	151.020	272.427
408.469	136.882	259.120	346.694
449.356	0.000	234.664	0.000
336.839	89.750	281.465	447.793
338.146	0.000	176.790	0.000
335.165	0.000	165.622	0.000
337.983	0.000	132.947	0.000
454.924	192.408	121.060	121.255
347.357	142.005	123.893	95.855
352.175	165.541	132.739	71.334
367.056	168.735	117.851	76.319
232.730	29.271	26.803	99.448
255.731	235.304	43.860	113.926
266.061	261.904	40.504	105.696
419.664	120.719	111.507	84.438
443.376	111.583	81.614	87.802
451.957	112.323	82.368	84.462
326.308	273.899	61.969	47.889
339.392	268.593	81.445	81.238
478.391	132.244	117.567	176.035
482.903	145.275	136.062	154.781
260.834	91.968	47.194	187.090
479.410	123.325	37.568	118.433
477.550	125.450	90.439	83.470
348.139	94.142	60.949	103.456
318.835	235.216	111.762	112.287
441.174	92.845	105.231	93.787
294.066	273.354	40.864	64.044
431.714	85.235	86.899	79.112
422.112	83.836	90.783	75.752
393.124	88.364	109.861	64.566
362.846	91.713	128.589	60.665
355.460	93.969	125.768	76.692
336.900	98.685	104.155	89.725
340.356	103.538	92.970	82.289
342.551	105.779	93.864	85.099
347.702	114.444	96.217	90.996
369.552	127.345	117.690	85.953
384.210	120.788	118.006	90.826
402.213	118.356	101.752	85.190
266.280	267.335	26.741	78.650
301.683	267.938	48.504	49.470
326.772	244.917	100.610	71.603
433.241	114.052	100.893	145.772
433.643	105.328	116.723	97.552
439.520	106.566	113.255	85.502
444.596	109.233	107.824	76.288
451.785	113.342	100.428	75.967
455.392	116.574	110.825	86.877
311.922	121.308	88.503	101.994
464.601	132.471	110.453	89.245
456.526	141.431	109.117	107.381
450.021	146.184	116.070	98.038
435.735	152.826	115.389	131.263
432.957	149.668	114.307	148.383
428.960	141.145	110.668	141.955
429.942	140.517	112.228	149.061
432.272	149.320	151.901	299.715
777.508	334.533	143.046	157.010
950.208	217.870	9.792	157.630
960.000	326.016	0.000	101.620
960.000	169.636	0.000	140.390
960.000	169.241	0.000	139.694
960.000	198.563	0.000	147.777
960.000	198.660	0.000	147.754
960.000	198.465	0.000	147.354
810.898	378.546	105.651	110.867
829.275	379.659	90.468	112.534
810.012	378.305	100.987	115.682
830.999	380.187	87.335	111.110
478.509	270.977	171.255	190.735
916.590	433.265	43.410	133.392
960.000	435.264	0.000	100.657
956.043	434.646	3.957	101.076
856.477	387.848	56.589	100.799
844.135	388.443	63.614	103.438
849.915	383.801	66.031	109.148
852.202	388.543	58.162	103.990
851.527	389.170	56.099	102.446
848.518	388.440	58.410	103.749
824.134	376.688	81.088	110.988
841.034	381.493	73.365	112.452
819.753	377.082	90.735	113.279
836.266	379.329	78.672	111.768
817.680	378.925	92.631	114.366
832.319	383.242	83.585	107.137
812.177	374.754	97.976	118.921
815.752	379.871	97.609	110.628
835.717	382.620	81.880	109.677
828.379	381.256	84.272	109.541
820.051	382.424	89.574	111.216
838.908	385.718	76.667	104.962
818.461	374.850	91.977	117.684
833.203	382.037	80.555	110.633
813.463	376.751	95.765	117.146
831.098	382.157	84.503	108.717
809.852	376.731	96.502	113.548
838.347	381.377	75.852	109.683
816.360	377.079	92.293	113.386
839.882	383.419	73.506	109.381
817.234	374.308	93.066	117.049
821.794	381.069	88.865	110.832
916.745	451.068	43.255	119.595
855.081	386.041	73.820	114.858
834.982	377.921	74.844	112.847
817.079	381.645	91.167	112.604
836.386	383.904	76.148	106.789
817.744	374.156	92.219	116.884
822.694	380.607	86.318	108.179
835.792	384.733	76.628	105.224
816.965	377.267	91.552	112.948
831.843	384.621	79.365	104.439
814.738	377.833	95.480	112.681
829.590	382.470	82.262	107.282
814.851	380.413	95.437	115.009
826.789	380.866	85.404	110.344
817.413	383.665	92.527	109.820
835.351	384.096	75.765	106.764
816.940	380.081	96.758	113.917
921.064	440.049	38.936	134.589
960.000	480.293	0.000	95.707
960.000	445.653	0.000	93.972
853.342	391.743	55.093	100.674
851.162	392.074	55.016	102.045
852.680	390.828	56.599	103.606
852.020	390.573	54.800	102.772
851.940	391.130	54.121	102.886
851.909	390.539	53.708	103.253
564.956	252.936	53.412	130.310
554.182	245.073	40.061	135.834
852.368	391.251	56.463	102.414
852.357	391.729	54.665	101.940
852.237	390.828	55.048	102.226
853.010	390.334	53.889	103.424
852.828	392.421	53.715	101.052
851.403	391.417	53.654	102.200
853.049	391.394	52.127	101.621
853.027	389.685	53.123	104.051
855.627	391.580	52.060	101.500
850.228	390.188	57.506	102.984
854.575	389.650	54.517	103.413
853.706	393.251	54.663	99.583
852.767	393.652	54.428	99.624
855.120	393.838	51.324	100.312
850.477	391.367	56.250	102.222
853.265	388.145	58.316	105.097
855.669	392.799	54.072	100.297
851.597	393.977	56.080	100.385
853.954	392.464	56.845	101.843
852.580	392.895	55.509	100.121
850.952	390.262	56.233	103.113
850.484	387.258	57.200	106.274
853.468	389.123	56.881	105.278
853.027	393.254	55.785	97.973
849.170	389.058	57.775	104.463
852.402	386.603	58.234	108.456
852.205	390.010	57.945	103.765
856.121	393.032	54.428	98.842
850.351	392.271	57.899	102.252
853.669	389.123	60.536	103.897
853.629	394.434	57.907	101.216
851.119	392.971	58.012	94.468
852.747	390.982	54.083	103.522
853.792	391.372	54.900	101.771
853.457	392.302	55.876	101.137
853.165	392.958	55.233	100.798
852.637	392.464	55.972	101.859
856.369	394.153	53.876	100.721
858.363	394.789	51.647	95.683
856.521	397.170	51.072	95.156
858.465	396.668	50.360	96.618
859.173	397.202	49.043	95.984
860.135	397.413	48.027	96.234
859.420	399.410	49.537	92.914
860.198	400.834	48.378	91.634
856.548	399.120	50.151	94.188
859.300	400.694	50.315	92.784
856.185	400.044	50.733	93.064
855.923	398.343	52.556	95.799
855.782	395.272	51.497	99.223
854.462	395.701	54.540	97.556
853.169	395.461	55.234	94.868
856.494	393.551	52.764	99.985
854.105	394.014	54.267	98.668
855.736	392.304	52.661	100.464
855.631	390.380	53.116	101.821
857.809	390.915	52.644	101.109
855.890	392.068	54.040	100.835
860.184	392.033	48.456	100.300
857.069	392.883	50.461	98.883
855.725	393.261	52.382	98.572
796.019	522.954	115.197	52.031
775.415	576.000	113.256	0.000
834.198	456.512	93.050	116.594
847.368	389.329	68.005	104.912
854.077	389.240	58.718	102.435
855.922	394.148	53.605	96.753
857.843	395.350	50.363	96.167
860.489	396.314	48.336	94.793
860.307	397.682	47.356	93.552
856.506	397.767	50.278	93.589
859.915	396.550	47.127	94.433
856.426	398.100	50.674	92.926
805.075	380.726	81.151	84.527
854.242	385.968	54.295	101.024
835.357	482.356	95.463	90.058
854.642	392.753	57.830	102.242
850.831	392.203	58.591	94.625
849.715	390.149	56.675	100.173
854.329	388.287	55.089	102.549
850.591	391.938	58.937	97.537
854.600	391.674	57.443	99.103
852.116	393.633	56.878	96.392
853.251	391.076	53.928	99.669
852.938	390.685	53.079	102.073
857.266	390.268	51.175	100.492
854.641	391.596	51.895	99.292
855.264	391.462	50.954	99.688
854.022	390.908	53.116	100.851
852.192	390.263	55.128	101.533
853.868	389.907	55.822	101.543
852.278	391.574	56.667	100.363
852.419	391.904	57.453	99.928
852.906	391.461	56.179	100.117
850.233	393.244	57.584	97.014
855.998	391.226	54.721	101.938
852.654	393.950	55.608	98.853
850.375	392.294	57.321	98.851
851.885	392.423	56.849	98.729
852.798	392.074	54.803	99.266
850.613	388.864	57.473	103.286
853.001	387.168	56.615	106.532
852.981	390.175	55.471	102.523
849.753	392.676	58.297	98.318
852.651	388.964	58.151	103.866
849.663	390.611	57.989	101.818
852.620	389.646	56.805	102.789
850.585	389.897	59.373	103.030
852.578	389.543	58.954	102.533
927.506	460.832	32.494	99.756
812.366	379.451	70.860	53.699
825.158	387.921	73.896	103.827
960.000	416.961	0.000	107.422
960.000	415.988	0.000	107.077
847.435	387.994	62.730	104.030
923.688	455.861	36.312	104.391
804.045	375.685	85.723	60.957
553.042	248.318	61.791	175.925
844.458	387.619	66.130	105.119
923.735	453.384	36.265	106.437
799.750	380.737	90.019	62.564
850.638	389.029	58.997	103.567
853.337	387.903	60.779	105.511
859.782	391.675	52.977	100.463
850.934	392.068	59.725	102.579
927.286	463.086	32.714	97.778
814.231	381.982	69.957	47.951
807.662	380.228	91.646	73.518
834.226	383.205	77.738	110.165
815.046	376.040	99.669	117.378
776.791	505.927	145.745	66.002
807.868	376.333	104.605	113.964
826.788	381.322	92.492	111.488
809.191	376.821	101.947	114.878
833.241	382.406	85.731	109.904
812.582	380.348	101.388	116.646
825.356	384.583	91.190	108.946
475.703	233.830	149.099	193.983
900.105	389.416	59.895	146.918
960.000	333.205	0.000	110.517
960.000	333.893	0.000	110.347
804.378	373.134	110.336	113.767
816.415	381.182	98.935	110.176
829.661	384.828	88.536	106.687
815.951	385.987	103.230	109.938
829.030	380.381	88.026	113.607
815.825	383.599	99.421	109.796
921.319	443.369	38.681	129.805
960.000	450.377	0.000	88.891
960.000	449.943	0.000	90.377
850.966	392.128	60.774	101.218
857.048	391.971	57.862	101.666
855.072	395.059	55.175	97.800
852.716	396.565	55.049	98.015
854.421	394.140	55.313	100.630
856.648	395.013	52.999	99.921
854.413	398.397	52.992	94.895
856.939	396.652	52.950	98.113
853.095	398.905	53.715	93.949
857.018	396.195	52.418	99.284
854.010	398.943	53.683	94.534
854.763	394.947	53.591	99.953
853.260	395.051	54.820	99.673
853.062	394.463	55.766	100.638
854.825	393.938	54.756	100.059
854.300	395.679	53.214	98.129
853.668	394.694	53.713	99.737
852.874	392.773	55.662	101.598
854.584	393.428	54.219	100.978
855.394	395.221	52.143	99.038
852.823	394.316	54.319	98.941
845.894	389.571	60.185	103.241
850.711	388.538	60.555	105.890
854.771	390.178	59.119	103.705
854.264	394.484	56.257	100.108
853.330	394.920	54.850	99.283
855.258	394.276	54.545	100.510
859.102	396.498	50.630	99.243
856.238	399.249	52.251	91.671
858.696	398.952	47.839	95.145
779.847	471.762	103.800	88.152
826.937	384.720	88.748	117.794
815.206	373.068	103.983	120.282
807.359	377.206	104.512	117.927
826.435	379.581	87.810	113.847
796.163	527.121	138.957	48.879
842.889	416.984	78.067	135.471
946.567	501.001	13.433	74.999
809.986	377.166	97.447	112.541
831.051	381.619	84.549	109.698
816.756	382.925	95.301	112.752
812.285	384.864	96.816	106.397
808.137	383.681	97.372	105.493
811.566	382.751	95.433	107.092
836.778	382.258	77.425	108.521
805.715	380.474	101.547	85.021
813.507	381.587	98.915	112.050
807.862	380.610	99.484	109.369
812.192	381.716	99.542	107.368
831.466	383.037	82.191	107.997
800.749	371.806	108.443	72.087
801.260	379.614	101.534	102.063
807.808	377.713	101.353	115.198
914.560	438.547	45.440	130.974
858.195	392.590	74.432	107.090
957.867	328.928	2.133	106.363
845.667	390.116	68.731	101.918
818.381	382.434	91.909	112.233
918.061	445.349	41.939	122.858
857.576	391.115	71.922	105.528
958.621	329.588	1.379	114.119
841.316	386.213	68.657	107.559
809.202	369.753	97.197	104.742
837.336	377.771	77.711	115.271
811.491	379.799	96.086	112.266
830.176	383.650	83.710	107.579
812.771	381.555	95.068	109.509
837.146	384.431	77.189	106.554
840.370	385.809	81.869	109.893
843.800	389.111	71.878	104.368
819.265	376.522	90.445	113.588
846.240	388.131	68.615	106.795
850.825	384.522	64.134	107.556
853.559	387.823	58.910	104.695
835.657	403.751	91.577	145.543
644.078	391.691	49.889	131.678
384.932	212.315	76.583	211.489
593.931	192.661	43.789	122.970
564.929	218.993	69.900	93.770
339.669	212.624	156.248	113.770
604.763	393.263	104.186	55.803
574.594	333.101	118.073	125.262
422.894	268.488	123.597	89.649
396.743	278.942	108.175	80.686
522.973	258.487	93.932	108.235
479.018	261.986	120.861	115.668
571.016	235.479	131.998	126.993
293.064	249.290	128.668	70.497
289.037	238.917	113.895	68.744
300.033	224.641	111.255	92.152
312.115	210.363	107.968	121.253
317.003	233.848	106.693	101.555
331.045	240.848	90.084	95.235
338.897	128.338	153.042	192.424
350.439	193.179	145.512	115.265
411.177	236.996	124.277	85.011
431.725	265.862	117.366	67.806
449.502	271.468	108.576	79.345
473.192	271.790	100.055	95.833
345.217	308.724	76.693	101.507
342.525	305.628	99.259	103.928
507.377	259.142	125.532	91.321
352.670	290.428	78.616	157.678
377.875	310.944	48.371	110.211
376.892	309.328	49.137	108.452
542.377	215.861	117.599	77.078
405.995	338.055	32.188	104.524
389.903	324.382	85.121	150.008
385.064	302.519	81.121	107.032
389.156	298.779	81.849	109.288
394.117	298.106	81.414	107.836
397.342	294.609	77.752	118.775
405.013	290.332	76.116	115.657
416.331	286.472	77.817	112.265
409.145	279.374	98.276	105.274
401.352	280.585	78.285	113.304
350.572	248.526	103.178	116.036
326.397	247.156	121.779	109.119
311.693	242.794	117.141	96.092
315.242	226.077	119.853	104.893
312.272	202.431	131.175	120.038
312.178	205.772	128.953	130.875
316.033	197.061	134.604	119.837
322.550	193.792	138.447	110.403
327.357	195.434	140.030	103.447
340.379	195.360	143.365	97.363
384.857	201.530	123.661	97.880
395.251	218.784	139.929	97.914
375.860	244.789	176.188	231.275
825.797	347.287	45.358	118.755
792.990	544.979	118.702	24.777
576.067	382.173	163.633	122.856
928.148	475.730	31.852	94.418
878.774	470.966	78.324	94.070
860.212	400.478	57.023	95.134
859.969	400.759	58.364	94.721
859.742	404.179	57.287	89.523
862.447	403.694	58.697	92.897
857.984	400.343	58.731	93.122
859.863	399.895	54.401	94.597
860.492	403.731	56.347	90.964
860.284	402.749	56.422	92.875
857.709	403.725	59.835	91.512
855.451	404.712	60.460	90.602
858.021	402.694	59.199	93.542
855.818	403.168	59.765	91.839
855.842	403.222	60.118	93.708
855.472	402.300	60.613	96.381
846.120	405.992	72.812	93.548
715.963	481.767	63.480	89.986
440.561	230.789	95.423	161.456
409.605	202.332	124.771	103.508
411.728	201.540	125.262	94.360
413.957	207.010	121.013	95.858
420.084	212.335	117.243	102.149
422.019	226.724	117.770	104.688
416.930	249.578	100.179	122.918
415.771	259.560	105.376	103.929
416.830	262.940	102.782	100.497
415.629	263.753	100.404	101.352
431.615	262.470	93.055	100.388
429.206	256.037	90.619	109.402
407.786	251.672	79.453	114.895
412.772	254.743	72.017	112.140
444.413	212.149	100.827	94.705
442.435	197.051	114.079	90.092
447.444	193.777	110.896	92.525
419.548	251.616	78.610	120.224
444.034	137.812	135.299	186.384
391.857	112.887	192.906	301.246
424.338	136.180	202.945	344.386
733.352	576.000	211.158	0.000
447.544	150.424	130.521	107.208
447.252	152.336	123.121	103.151
447.208	167.938	117.910	90.610
455.197	180.187	107.690	84.787
458.203	181.105	99.689	90.612
455.942	185.482	102.863	88.636
455.921	188.606	107.743	87.484
455.419	196.648	113.704	105.813
453.185	192.329	111.368	112.834
454.968	199.412	112.385	103.376
474.922	208.455	97.302	112.904
419.575	186.799	137.336	197.192
431.105	178.717	153.704	293.021
438.452	151.654	159.618	298.400
346.142	127.806	281.216	345.776
431.422	0.000	207.947	0.000
204.687	7.905	138.844	182.423
415.252	286.669	93.947	127.152
442.860	294.388	75.649	109.726
444.074	272.414	75.344	107.267
459.142	247.528	63.434	107.048
319.564	275.594	63.021	118.426
410.504	131.914	134.095	178.769
416.997	212.312	117.929	142.133
418.128	123.421	134.064	295.707
220.597	370.716	407.632	194.084
370.634	576.000	235.921	0.000
368.682	576.000	251.143	0.000
382.408	118.265	221.385	423.409
413.104	163.544	121.256	185.372
425.272	93.937	85.689	161.121
425.267	93.863	77.823	121.078
420.864	220.584	96.290	101.218
421.469	200.233	91.842	120.502
429.814	216.460	102.022	107.734
417.117	194.234	101.823	126.377
433.602	218.787	94.031	133.928
418.971	236.466	94.578	119.471
420.656	228.050	86.138	123.910
428.325	249.991	123.962	233.984
407.550	226.094	195.041	349.906
234.852	94.964	447.044	372.831
199.549	0.000	327.890	0.000
180.770	0.000	186.568	0.000
433.582	131.451	158.936	311.469
736.120	203.177	175.052	253.039
424.880	263.722	106.718	133.704
438.127	282.201	93.252	111.628
441.951	280.286	83.975	100.113
461.943	274.297	66.451	100.078
460.214	262.410	64.541	109.997
317.934	257.079	67.690	111.620
449.974	221.753	60.541	129.741
289.973	97.523	64.120	44.449
284.452	78.022	53.638	93.096
437.261	161.178	59.839	110.750
297.096	108.106	46.688	118.426
435.264	127.207	49.547	121.590
434.089	126.383	74.632	120.704
417.855	142.434	107.181	146.323
411.324	193.962	156.744	305.838
354.131	514.169	199.083	61.831
354.453	576.000	163.050	0.000
357.024	163.019	192.481	292.139
429.024	174.305	64.377	106.554
394.642	182.750	94.649	113.669
367.465	180.242	106.382	94.249
403.342	183.887	86.494	110.047
425.663	250.629	87.609	97.176
389.284	183.656	134.153	174.653
405.506	277.152	92.166	100.014
395.437	277.453	101.841	112.934
386.402	284.094	115.140	114.336
380.575	285.787	122.837	113.526
372.032	284.315	129.393	115.557
367.197	284.443	133.753	114.010
365.304	285.479	136.407	112.543
363.920	285.585	133.763	112.262
364.746	287.322	135.023	111.286
366.569	286.506	130.382	111.575
367.503	286.061	123.558	111.598
369.289	289.174	118.277	107.303
367.471	292.998	115.351	101.708
368.713	293.609	115.403	98.272
386.452	290.928	95.059	97.215
401.916	290.564	75.839	97.652
406.565	294.113	73.347	99.030
409.001	293.466	70.357	99.619
408.529	294.314	69.783	98.823
412.854	295.707	77.404	94.342
386.951	176.439	89.063	133.582
421.501	302.607	85.540	94.246
405.704	301.865	99.989	89.932
409.085	303.978	102.092	88.540
417.750	304.641	106.448	86.716
415.016	300.732	115.201	86.820
419.768	305.371	118.966	84.464
418.798	305.325	132.582	79.409
419.157	303.576	139.804	78.456
423.721	299.438	140.194	83.586
426.599	298.299	144.908	88.068
428.348	298.444	137.959	88.025
427.477	299.900	132.379	96.463
425.560	308.512	117.170	105.807
420.893	310.886	114.831	100.177
416.501	309.759	106.570	93.282
512.123	306.735	94.836	112.572
509.010	307.813	101.508	98.396
509.137	305.818	102.893	83.256
509.121	303.760	99.042	81.470
512.865	302.425	95.602	83.103
514.930	301.120	93.558	84.642
513.564	300.465	97.898	82.358
512.905	301.607	108.040	79.975
516.639	302.471	114.085	74.700
518.059	302.018	109.439	75.654
518.496	300.811	112.196	77.819
517.731	301.433	112.552	76.478
520.415	300.326	109.839	77.172
521.921	300.621	108.969	75.514
522.682	301.074	108.808	74.917
522.826	300.313	106.238	75.501
521.342	297.792	105.482	78.099
524.120	299.769	101.484	76.301
526.289	298.370	98.336	78.171
526.411	297.898	95.848	78.611
526.174	298.289	97.002	78.395
526.030	296.340	96.490	80.157
525.723	297.738	95.683	79.141
526.108	296.927	95.809	80.582
526.017	297.796	95.684	81.252
526.215	298.974	96.574	79.507
525.477	298.689	97.164	80.990
395.350	254.024	53.001	108.300
523.308	299.582	93.179	80.556
523.772	300.164	91.631	80.698
480.027	179.346	106.819	91.222
520.814	297.717	85.063	83.694
516.525	303.467	82.642	79.236
395.503	253.292	37.960	108.567
512.833	302.240	77.693	75.607
508.748	302.428	80.550	75.006
503.406	301.991	83.353	75.146
496.927	301.616	86.843	76.354
497.062	303.426	87.104	73.348
497.705	303.118	84.753	73.469
380.787	204.262	34.143	84.142
491.603	301.784	81.735	73.657
483.753	302.691	82.563	73.021
478.123	299.553	84.719	77.485
472.526	299.064	86.861	74.660
467.518	301.301	91.011	73.962
466.673	300.685	92.146	75.344
458.088	300.109	96.950	76.517
454.007	299.905	98.783	78.356
452.433	299.415	99.143	77.774
450.170	300.134	99.340	76.799
447.251	298.014	102.339	78.291
445.972	297.893	102.505	78.785
444.425	295.947	103.877	79.892
440.679	295.193	106.396	81.868
440.719	295.474	106.655	81.587
437.405	294.435	109.949	82.704
435.703	290.535	109.471	83.887
440.316	289.918	98.953	84.086
442.584	288.227	85.825	85.640
442.134	287.042	86.412	86.511
439.163	286.335	84.915	85.641
618.049	245.562	34.288	108.679
440.743	285.970	85.604	82.918
433.393	281.248	77.379	87.004
435.875	285.791	75.900	82.350
433.927	283.547	72.818	84.647
523.077	267.362	79.428	91.029
426.837	282.541	76.433	77.755
427.034	284.544	74.288	71.102
582.972	419.186	26.560	46.613
448.778	296.021	64.538	69.099
434.475	288.937	61.534	75.184
429.039	289.822	69.506	74.936
430.215	288.321	67.943	76.668
431.842	289.794	65.993	73.452
429.458	290.848	69.291	70.343
436.233	292.906	67.342	75.545
430.496	290.589	74.373	75.818
432.017	291.343	74.435	79.324
541.823	270.704	77.464	104.780
640.072	293.066	95.227	117.448
401.299	284.571	152.826	164.168
417.345	289.321	100.432	110.042
257.094	284.237	37.355	116.963
411.201	282.526	105.466	102.856
430.055	289.965	78.033	89.045
428.309	288.080	76.139	86.697
569.819	383.964	61.282	98.905
414.462	295.043	100.980	158.378
400.631	287.907	111.445	92.102
422.485	289.204	84.351	86.335
431.686	287.843	76.752	90.414
538.320	268.341	77.035	112.619
643.251	296.092	81.932	125.089
636.407	289.079	133.086	163.881
412.552	263.661	94.980	117.336
622.979	236.812	49.266	129.784
376.557	239.770	119.775	122.895
390.647	230.325	94.299	115.989
392.743	226.316	85.985	106.254
395.605	219.524	76.885	111.439
395.552	204.283	89.753	113.102
397.949	204.311	93.892	109.444
602.449	390.348	45.943	71.862
589.047	387.323	84.995	103.254
371.815	132.547	129.949	169.890
417.548	206.132	73.262	93.382
542.894	284.683	76.675	122.026
409.831	219.178	96.333	86.796
431.384	226.196	76.702	80.862
565.241	326.906	62.971	85.915
371.146	227.020	138.885	125.815
383.698	179.171	125.799	88.115
386.164	191.912	107.846	73.570
547.293	68.536	75.195	96.635
412.853	200.685	67.405	71.660
396.867	217.855	89.120	70.846
388.795	243.850	109.474	61.931
271.646	239.623	70.799	82.264
398.308	248.621	62.608	64.429
406.519	253.692	84.489	72.466
289.898	142.983	50.040	88.380
412.068	247.772	90.228	93.063
420.555	254.205	87.207	99.945
425.245	250.629	80.295	101.614
586.479	426.984	61.439	56.289
437.151	223.558	71.507	94.592
446.183	215.003	70.552	92.615
451.757	196.065	64.545	94.803
449.804	175.754	77.396	103.301
449.751	159.965	101.636	102.249
409.765	242.523	170.951	196.843
399.874	143.913	244.752	276.422
223.552	347.301	583.506	210.384
0.000	576.000	391.070	0.000
510.205	576.000	373.744	0.000
346.732	0.000	528.226	521.015
354.510	71.876	399.435	485.201
387.155	78.785	287.925	449.621
401.604	166.339	239.651	228.343
285.787	209.931	413.411	267.025
345.882	0.000	415.910	536.145
236.113	576.000	481.486	0.000
442.846	0.000	277.630	0.000
309.210	133.436	356.605	368.432
379.043	50.608	415.088	451.135
264.626	7.987	533.172	568.013
0.000	576.000	333.434	0.000
206.817	221.877	585.141	342.555
345.369	99.115	341.092	453.120
400.035	164.270	160.199	130.255
420.448	185.989	124.910	135.779
223.098	199.237	121.467	130.481
423.649	168.639	112.866	114.866
416.844	174.698	114.145	121.972
237.409	55.552	41.455	139.440
390.510	135.936	117.161	134.125
380.685	174.019	147.857	109.618
361.781	111.160	77.540	121.648
351.905	114.814	82.970	115.039
337.055	115.247	101.156	126.256
328.258	120.451	94.212	126.650
150.739	132.482	86.373	130.242
187.591	58.966	76.827	92.917
304.525	187.098	90.213	86.411
283.696	165.904	146.691	142.519
306.106	208.493	117.328	105.941
306.194	249.817	122.728	92.994
312.542	254.621	127.392	88.403
324.741	256.532	105.877	102.509
331.709	270.414	124.337	93.291
174.040	115.265	70.160	111.848
164.344	113.578	66.364	112.268
177.516	120.353	58.417	114.585
193.271	122.408	46.582	113.311
203.066	135.254	48.864	107.312
361.184	238.269	84.989	120.807
198.189	107.365	61.629	114.903
388.380	218.716	76.952	131.108
374.685	190.777	88.538	101.911
376.923	159.537	76.262	108.993
383.008	154.274	151.687	127.351
355.561	214.277	208.320	248.945
288.837	161.357	355.311	309.973
692.733	576.000	267.267	0.000
336.894	272.133	349.012	303.867
261.407	21.928	437.151	507.256
230.462	0.000	384.294	0.000
320.062	0.000	427.677	570.085
213.393	0.000	436.488	0.000
237.102	576.000	389.064	0.000
302.446	54.653	445.375	507.820
359.117	0.000	419.235	485.421
0.000	0.000	298.666	0.000
367.183	63.217	336.653	453.818
230.792	0.000	504.793	512.861
15.935	0.000	403.816	0.000
231.538	21.140	482.974	554.860
83.719	56.140	748.787	519.860
0.000	0.000	20.703	358.538
396.996	210.128	222.987	209.090
440.801	250.149	137.785	137.292
454.103	258.330	119.211	120.959
453.728	246.231	115.774	113.693
463.376	211.704	97.393	130.911
455.345	201.938	91.816	135.428
439.494	163.313	104.015	120.122
398.432	145.067	160.405	175.085
375.418	215.169	236.184	309.504
390.900	125.318	173.262	173.598
126.969	104.590	106.603	203.706
432.771	292.082	153.458	188.616
419.312	237.781	129.308	156.360
413.097	30.094	108.506	62.388
375.301	41.722	158.753	172.850
408.506	5.316	100.746	75.598
348.415	53.869	174.728	167.139
622.546	424.800	145.592	54.928
583.502	396.337	144.848	88.475
509.611	346.258	132.554	124.519
485.665	314.434	109.948	150.607
409.944	273.630	141.186	139.873
420.887	113.522	129.979	161.770
404.347	108.030	158.777	173.289
408.411	139.132	159.927	147.987
177.017	137.413	124.935	162.753
40.534	83.689	155.696	169.756
88.723	148.435	169.914	171.046
388.485	23.851	219.611	320.164
296.492	0.000	353.731	483.403
252.460	0.000	312.016	0.000
295.532	43.588	429.745	532.412
145.871	0.000	610.829	576.000
181.030	576.000	480.753	0.000
0.000	0.000	325.054	0.000
229.900	118.049	501.061	442.318
374.012	0.000	356.322	0.000
471.275	404.105	254.728	123.988
517.343	424.057	190.691	100.459
543.831	432.105	159.237	90.839
555.501	446.800	148.905	84.655
564.470	456.483	136.448	72.157
564.862	469.362	138.239	66.611
412.496	103.295	168.650	193.963
531.892	460.357	183.022	89.280
442.646	233.218	124.424	107.225
535.817	466.206	162.284	81.835
455.277	335.757	230.896	183.145
550.722	576.000	238.531	0.000
654.577	576.000	245.878	0.000
407.956	185.798	138.390	178.869
152.460	200.772	108.581	150.049
426.185	239.739	113.892	130.004
414.501	268.333	121.238	104.260
418.831	268.873	123.387	104.862
396.893	252.546	142.711	121.849
376.307	47.358	162.111	112.087
378.171	58.812	158.514	101.564
389.112	244.084	160.211	125.442
176.529	284.605	96.558	143.326
205.756	258.802	155.074	126.904
295.755	245.885	174.916	126.097
382.742	227.491	163.159	148.631
383.396	212.781	153.126	159.017
422.052	244.452	120.883	140.610
407.774	241.475	133.097	134.497
420.023	235.886	115.693	142.485
496.040	326.904	173.113	164.248
450.857	265.691	230.794	249.558
447.005	305.699	143.050	164.810
469.839	280.697	235.713	248.032
98.922	103.436	102.043	218.296
393.387	276.655	166.459	131.247
388.109	270.103	149.113	108.819
385.690	269.838	145.673	106.733
377.737	270.831	145.640	95.236
207.995	102.829	98.655	136.188
196.192	101.168	82.587	125.879
184.367	89.659	92.444	136.561
177.424	104.843	89.286	134.554
183.972	112.297	80.426	129.501
195.814	102.367	73.815	119.764
192.933	101.591	76.879	125.096
319.730	224.906	159.984	156.014
308.076	218.830	154.353	138.826
297.697	208.553	148.939	136.778
286.110	200.953	154.933	131.057
238.437	192.116	220.996	152.291
220.149	192.549	203.346	113.409
220.915	193.144	170.837	102.405
190.530	186.729	265.945	135.049
187.378	182.305	219.971	102.534
153.423	179.086	304.511	122.945
201.191	183.987	224.545	112.153
221.844	188.369	177.227	105.059
238.935	196.163	151.964	107.932
251.800	202.299	149.652	108.714
249.709	218.290	234.989	119.030
314.224	215.950	269.751	150.818
222.471	19.750	178.224	129.825
410.565	294.135	112.282	100.402
388.814	135.588	126.847	117.617
531.087	267.496	125.819	81.297
513.568	258.099	142.426	88.969
526.427	248.841	154.340	90.605
564.425	239.151	139.389	91.611
402.747	93.218	51.089	122.907
599.247	232.701	124.363	74.213
463.182	179.046	42.888	98.248
587.797	224.753	136.682	91.539
570.315	222.843	151.128	107.099
388.559	157.382	112.068	130.166
524.135	205.631	164.395	137.347
321.296	172.636	214.713	153.043
350.349	175.207	145.310	125.478
415.080	246.208	125.481	118.465
341.966	210.851	195.165	245.056
317.459	170.749	176.173	161.808
304.473	192.436	146.976	138.633
301.607	201.915	146.494	119.109
298.679	219.574	147.791	96.350
290.320	234.540	155.752	80.207
307.444	231.411	150.125	83.811
323.348	233.612	146.407	89.182
157.533	68.204	92.625	112.900
167.535	80.150	96.721	112.290
373.660	233.081	126.904	128.669
378.278	274.231	154.766	99.906
362.234	223.837	216.633	157.432
87.646	68.920	126.480	154.381
399.225	273.085	184.815	255.053
352.870	149.188	293.249	411.556
497.344	220.307	218.292	200.255
531.538	245.274	175.369	106.083
553.738	263.047	142.006	72.232
546.339	259.665	139.753	68.418
538.700	259.175	129.347	69.755
535.547	264.710	131.164	57.269
530.361	266.485	122.845	60.487
501.199	268.355	96.657	116.158
452.046	272.414	106.249	129.601
390.692	257.280	140.962	122.160
311.184	241.192	130.491	111.605
133.110	79.031	96.163	126.805
273.404	271.401	126.690	81.336
254.657	271.896	134.451	85.996
100.190	112.607	96.528	120.742
68.722	144.803	96.047	150.923
237.246	263.053	130.199	95.779
240.265	261.963	129.016	85.984
254.510	259.353	119.389	85.941
256.724	262.096	113.771	84.612
257.055	265.131	112.937	82.396
254.593	265.034	114.883	81.273
115.879	169.374	94.915	117.648
236.868	265.391	121.501	88.238
87.044	165.797	97.008	121.640
231.386	271.495	113.443	87.429
86.110	178.783	90.184	110.993
229.421	276.744	109.905	79.137
250.232	246.729	174.385	110.329
123.543	166.722	83.151	103.150
268.210	291.608	81.801	93.565
279.444	220.486	95.001	109.228
413.382	259.455	112.004	65.691
292.260	114.610	82.424	111.294
431.907	247.096	94.728	78.379
422.419	234.929	104.433	70.950
455.546	240.626	153.233	64.769
298.545	283.345	189.980	181.362
283.417	52.190	175.204	339.508
357.971	218.614	190.548	106.794
391.603	230.698	148.031	94.826
464.094	63.578	150.418	115.678
547.099	19.331	157.524	121.804
257.044	262.453	121.119	107.364
232.238	265.822	130.397	101.228
208.324	274.127	133.952	102.717
165.271	283.397	154.654	90.097
148.813	289.504	159.522	88.624
134.016	290.861	143.878	101.381
118.176	290.653	151.419	97.046
120.432	290.148	144.110	112.370
121.429	288.430	143.107	112.816
129.988	288.291	134.072	109.060
140.614	291.253	127.171	107.608
140.430	292.072	121.183	105.386
140.582	290.272	125.135	110.194
144.211	280.240	120.223	116.096
148.710	274.097	117.420	121.393
152.085	267.979	126.610	120.369
153.768	250.965	135.998	128.724
165.449	231.660	124.805	128.254
270.957	214.216	105.127	114.643
188.004	166.787	179.027	143.468
195.832	210.702	221.747	251.893
133.345	95.311	308.605	415.945
190.515	23.755	406.299	503.850
238.917	0.000	542.505	576.000
235.309	0.000	616.716	576.000
922.743	195.308	37.257	380.692
206.233	116.015	221.900	245.720
171.335	97.218	190.730	192.129
260.646	174.317	151.121	157.973
272.629	193.205	158.668	122.883
289.742	199.863	161.660	98.390
588.285	437.896	41.823	71.450
583.625	428.297	85.506	73.008
614.522	303.646	94.813	33.175
650.301	305.454	101.016	37.579
619.986	414.283	136.136	103.278
645.585	369.364	149.470	121.622
638.281	316.549	159.122	154.777
278.968	236.572	134.700	252.432
522.811	419.772	141.067	56.394
486.313	331.814	121.163	123.211
344.872	203.042	117.081	97.431
537.879	59.847	79.336	125.279
372.922	178.351	87.055	107.961
533.490	61.033	76.754	115.098
380.282	180.170	89.112	107.445
542.235	62.367	77.094	122.095
381.762	163.574	91.403	115.471
361.375	147.194	116.827	130.283
267.436	80.889	196.179	180.318
289.110	32.913	210.591	322.017
276.228	32.828	240.438	480.215
0.000	0.000	145.484	0.000
279.168	76.291	307.383	444.339
219.555	569.263	337.820	6.737
280.056	66.267	312.013	485.326
67.187	576.000	360.153	0.000
634.321	576.000	193.823	0.000
336.245	256.232	121.209	117.560
547.969	264.049	87.373	176.548
383.412	280.844	92.808	102.895
392.033	281.064	72.727	98.881
396.580	282.687	67.862	92.590
399.294	267.842	63.856	93.736
391.784	253.897	63.768	87.057
362.661	166.945	90.999	156.955
367.582	164.642	89.869	146.910
352.618	154.575	109.553	130.211
304.160	132.291	132.970	130.036
522.919	38.208	108.318	149.273
430.169	106.208	151.743	147.021
361.217	371.902	145.391	107.211
388.282	377.358	127.869	105.866
404.532	382.942	111.292	107.244
331.162	212.649	121.974	47.825
320.520	225.473	113.789	38.738
423.084	395.028	117.936	94.045
428.748	395.310	116.245	96.506
400.815	362.423	160.532	120.816
340.140	313.898	199.506	139.076
358.110	251.961	237.471	170.824
439.493	217.773	238.479	187.064
341.917	319.815	506.018	256.185
30.061	576.000	412.724	0.000
0.000	0.000	809.838	524.021
0.000	189.020	960.000	386.980
0.000	0.000	17.057	442.106
12.199	126.043	216.541	227.079
82.150	142.580	257.272	253.509
298.595	124.210	195.593	217.957
307.354	136.882	188.860	192.791
257.722	76.368	308.548	290.004
328.214	73.391	167.380	256.932
748.083	213.731	87.727	210.441
665.054	200.506	207.374	164.002
255.195	74.969	250.691	344.524
310.827	59.594	402.083	324.455
238.041	17.497	297.022	273.435
227.446	19.478	294.014	239.036
224.030	16.942	290.603	236.679
215.726	11.600	308.414	217.405
302.626	204.920	355.287	251.608
7.525	0.000	286.301	0.000
217.721	0.000	295.759	0.000
183.937	76.816	504.101	398.654
374.293	576.000	515.443	0.000
143.206	6.773	344.677	232.908
127.461	26.022	307.278	210.226
121.881	18.560	259.580	240.421
562.675	357.455	159.388	128.343
353.850	133.136	108.492	109.402
484.368	44.430	118.169	130.640
152.517	191.975	141.657	137.427
150.373	195.581	134.796	138.656
153.242	189.972	135.128	144.644
134.444	19.704	198.854	308.132
124.665	157.476	210.904	170.614
87.823	93.306	275.442	292.960
109.221	75.836	226.084	244.998
153.384	104.891	342.111	247.101
512.067	174.431	36.464	130.789
113.583	128.505	156.799	171.822
101.423	131.701	156.532	166.106
332.501	282.623	134.168	145.523
119.596	148.612	127.991	146.069
93.354	139.944	157.490	154.899
381.835	18.298	103.772	179.180
84.030	118.623	191.495	188.357
80.703	113.974	186.871	184.793
497.176	106.479	47.804	189.191
83.662	119.594	187.008	185.712
200.051	408.862	146.624	108.349
213.183	315.927	128.347	160.335
77.430	122.356	207.714	189.111
82.124	127.602	196.284	179.336
82.001	128.200	192.830	179.072
79.755	117.431	187.826	188.851
78.990	127.187	182.597	177.378
82.584	127.550	198.528	177.374
84.081	134.619	205.478	172.774
83.005	127.654	207.451	181.566
86.986	131.967	201.075	178.377
86.666	130.759	203.694	178.942
87.708	132.161	201.255	178.602
85.438	130.396	206.560	179.675
87.466	129.839	201.410	182.061
84.896	134.885	207.202	176.181
87.012	133.211	205.190	177.941
87.025	134.205	206.202	179.450
86.632	136.714	212.106	176.597
90.083	137.628	212.411	176.231
89.772	139.491	212.648	174.633
88.304	137.511	217.640	177.344
90.631	140.198	217.827	179.592
91.613	140.314	212.770	177.701
91.403	139.635	214.254	181.118
93.051	143.430	215.417	175.501
93.208	141.456	213.247	179.340
94.536	141.989	210.866	178.400
89.562	140.609	204.343	181.004
94.348	142.936	213.010	179.986
97.299	144.207	212.453	173.338
100.396	128.142	191.619	190.183
110.579	121.988	178.205	174.390
151.710	32.233	197.025	216.640
119.430	19.039	276.306	288.711
0.000	0.000	121.099	0.000
109.975	12.705	273.755	301.661
120.790	15.643	255.358	216.502
157.628	21.565	226.083	189.878
79.927	48.653	290.545	431.817
127.283	25.881	256.365	285.996
154.076	26.126	220.941	212.436
141.659	9.510	212.975	179.238
171.509	6.473	195.554	159.531
327.924	311.418	153.926	130.414
84.335	72.054	314.052	269.271
193.443	9.212	240.371	213.774
270.821	13.268	162.822	250.302
160.787	111.528	248.952	391.511
542.628	576.000	286.792	0.000
169.302	30.886	234.808	236.525
187.103	11.640	259.020	313.449
303.829	156.507	136.093	177.295
307.089	100.241	144.050	199.258
319.638	26.648	149.187	224.478
319.857	14.856	150.982	210.079
289.227	0.000	194.236	190.476
244.801	31.555	223.108	195.052
253.287	31.290	213.406	199.055
256.487	19.814	217.821	213.347
243.047	10.605	241.051	222.660
248.004	20.156	238.785	208.972
258.122	15.357	229.767	211.328
264.260	21.738	224.598	207.183
268.577	33.162	221.655	196.116
260.035	42.703	230.407	184.662
259.532	68.990	231.388	162.296
273.725	70.574	217.314	160.395
330.821	79.028	153.927	162.271
627.192	402.079	97.774	74.929
329.869	169.379	114.108	248.411
308.364	136.795	129.639	211.547
313.475	184.159	127.445	192.900
326.473	196.021	111.380	177.856
634.765	389.286	35.769	135.233
611.212	411.706	126.237	87.669
459.919	241.242	37.881	95.752
270.505	81.088	228.266	203.775
433.967	243.085	29.358	130.334
494.118	302.514	226.409	181.143
199.433	62.686	152.894	171.183
532.189	406.054	67.667	66.167
225.699	60.302	126.895	158.868
170.836	197.763	147.867	195.648
188.707	70.758	142.556	161.042
211.722	66.848	133.738	157.757
84.354	26.543	236.856	189.022
45.323	8.770	257.670	427.003
91.662	183.200	207.934	294.696
8.883	52.145	322.794	501.952
48.643	51.841	269.855	414.786
60.341	126.368	243.288	347.272
103.581	0.000	336.478	464.355
94.101	186.934	234.766	367.744
83.231	206.847	201.951	334.191
37.298	76.287	275.530	471.612
119.601	49.275	308.434	257.905
145.040	46.484	241.297	230.451
205.430	151.907	206.093	175.996
223.307	158.663	188.833	187.160
223.378	156.231	197.330	199.133
207.406	162.256	200.427	196.154
208.316	154.972	197.217	212.009
213.742	154.314	197.744	198.382
223.668	141.022	183.627	184.589
219.014	145.379	192.880	176.057
69.920	58.851	323.198	310.058
194.915	112.498	228.774	174.455
218.488	80.595	220.200	176.552
51.180	216.460	229.143	352.354
22.907	65.167	299.997	510.833
28.874	30.418	457.387	506.838
30.512	127.137	263.445	411.395
44.298	231.092	235.815	271.659
72.321	229.218	199.823	245.061
69.454	231.178	201.306	236.888
29.458	66.130	306.269	440.170
37.441	208.533	243.920	296.871
42.211	15.023	324.204	206.888
41.563	37.362	299.216	503.564
60.231	13.717	371.098	275.621
129.292	13.777	319.232	295.465
149.633	0.000	519.960	429.930
48.407	30.895	514.474	471.565
12.932	18.057	379.193	347.189
247.831	194.538	246.210	195.480
287.906	192.817	213.773	194.957
292.409	200.522	204.939	175.159
324.571	181.741	171.447	151.529
333.222	164.015	163.849	145.260
341.469	142.231	162.647	163.621
345.194	117.684	167.533	182.589
347.430	96.019	168.948	188.233
166.004	282.209	179.090	259.514
147.646	211.339	273.831	364.661
164.188	211.749	223.977	298.300
189.702	266.234	211.195	238.007
127.861	180.097	337.081	372.545
37.307	34.459	525.616	541.541
126.199	0.000	610.532	576.000
153.963	110.298	357.221	404.200
0.000	576.000	178.579	0.000
360.169	206.370	191.247	178.756
369.735	219.441	147.944	167.519
366.188	214.256	152.174	172.315
363.023	208.463	148.816	171.686
369.022	198.645	132.918	170.608
131.957	82.346	90.995	181.008
217.431	235.943	192.933	289.131
375.166	164.095	107.645	143.848
347.475	153.057	133.875	151.726
316.591	142.413	169.121	148.536
352.901	107.200	146.501	171.423
345.980	97.003	154.248	176.870
338.397	55.768	194.501	199.922
268.765	123.709	319.431	383.759
487.096	555.452	307.478	20.548
302.627	157.707	225.940	289.413
316.790	186.750	193.923	224.394
387.717	196.748	111.491	123.032
371.755	187.480	122.405	133.535
176.933	85.967	71.847	152.909
371.109	221.940	93.395	149.964
175.105	73.640	90.325	146.408
181.975	96.477	73.894	115.718
174.731	101.427	79.829	114.968
182.399	98.138	84.011	86.669
177.944	101.179	77.835	79.263
174.195	109.241	65.312	118.179
335.012	213.540	81.403	123.031
366.958	196.640	95.995	108.234
528.929	63.644	89.873	120.718
318.704	115.779	141.613	201.120
534.093	62.234	82.472	129.181
328.741	203.152	146.217	221.671
324.710	72.583	146.165	211.589
320.735	72.284	154.645	215.756
258.304	192.590	305.213	322.693
282.863	17.691	310.534	513.074
122.977	0.000	533.112	550.294
238.605	0.000	565.925	576.000
195.787	0.000	419.443	0.000
235.538	0.000	257.854	0.000
340.262	189.887	171.264	113.505
363.821	222.091	128.066	115.001
374.326	242.400	102.381	125.239
406.586	216.826	85.191	163.466
404.270	266.391	94.892	130.276
412.415	277.703	97.094	122.438
439.520	276.048	78.997	146.078
458.180	282.484	72.837	141.025
278.435	138.995	54.998	74.562
289.477	141.508	56.193	81.571
299.554	136.107	57.096	104.124
486.823	256.317	73.649	121.291
489.840	240.494	77.583	127.699
496.381	233.346	78.274	132.157
321.500	396.689	53.324	104.146
339.800	230.280	176.116	217.799
498.299	154.021	117.071	163.140
512.807	170.207	99.118	136.753
615.328	395.821	140.782	84.343
605.924	314.127	131.589	139.250
479.916	126.307	142.005	171.955
342.641	431.178	368.617	127.765
488.455	161.357	133.344	150.902
425.862	76.749	197.411	212.835
457.745	220.701	183.268	221.482
343.396	245.367	341.772	330.633
373.711	8.452	279.686	529.638
213.137	0.000	505.712	547.515
0.000	0.000	129.820	0.000
334.145	206.418	317.757	302.044
0.000	576.000	371.145	0.000
423.978	185.902	137.220	170.167
429.251	180.984	115.311	147.484
420.101	169.620	107.415	131.186
414.073	178.542	123.509	111.034
406.622	159.565	102.942	128.376
403.806	114.659	108.180	154.111
388.935	91.227	131.024	163.853
376.097	86.593	110.588	141.186
364.596	94.652	136.673	138.806
573.195	384.849	116.438	55.486
536.282	382.082	137.559	108.923
403.894	404.753	320.827	104.806
357.910	244.282	191.635	198.492
62.193	197.996	94.953	224.143
360.441	170.673	84.465	157.575
159.898	95.863	77.277	136.869
167.194	104.820	64.732	126.570
365.589	234.187	78.790	118.013
368.373	229.392	81.232	118.398
369.253	259.696	81.886	92.672
491.746	383.416	88.323	89.200
468.842	312.981	90.460	116.048
381.913	212.616	159.052	128.397
397.342	196.604	132.118	119.704
363.257	215.946	204.056	201.502
381.675	145.570	199.342	144.084
137.664	124.162	140.950	197.318
355.069	335.995	295.837	192.861
199.567	576.000	327.350	0.000
381.990	36.429	288.439	366.427
430.834	6.053	219.475	269.854
458.206	183.906	153.104	99.009
457.849	200.056	148.578	87.446
464.760	202.113	130.960	93.320
465.461	204.958	125.410	96.873
582.450	196.408	77.880	136.184
576.026	200.829	84.717	131.956
400.314	282.137	39.613	145.139
568.724	213.872	89.319	123.357
556.638	214.470	100.271	123.540
551.032	213.108	101.334	131.405
697.780	253.292	122.156	178.817
538.552	200.741	126.160	138.621
535.427	209.843	118.779	132.365
340.474	291.430	86.484	105.325
520.348	232.725	55.560	104.132
528.706	214.161	100.721	116.695
533.475	201.991	100.524	126.860
507.928	229.192	112.022	112.579
499.180	235.165	97.363	110.863
500.049	246.064	89.662	104.546
508.503	253.417	78.173	100.227
437.802	125.080	84.352	74.708
418.378	260.765	145.306	166.921
403.841	254.314	116.205	86.398
257.472	107.258	87.808	100.780
358.504	268.236	110.186	104.766
335.046	270.288	127.165	106.045
317.962	269.529	138.802	121.883
122.674	88.704	93.312	140.039
267.046	277.224	156.640	118.053
263.129	273.581	123.134	113.998
83.469	152.409	88.756	147.260
255.516	275.474	115.697	105.032
254.652	276.708	113.195	98.371
253.914	272.607	119.349	103.334
258.972	270.166	121.648	102.172
260.328	271.518	141.854	102.203
85.856	98.256	95.053	134.902
279.209	276.179	143.281	96.650
296.286	278.710	135.010	93.214
164.347	125.898	139.797	115.870
323.136	276.618	122.432	89.753
328.430	277.067	101.416	79.339
329.335	273.074	100.006	78.354
326.803	268.674	99.653	82.973
317.635	261.511	107.554	91.553
304.754	264.654	115.543	97.097
290.331	279.671	121.309	93.599
283.369	280.159	112.786	97.750
255.915	279.034	147.205	103.854
237.560	286.502	119.305	106.412
227.048	292.294	155.148	107.255
225.819	292.739	150.516	98.339
233.317	290.834	179.282	94.303
256.363	291.445	173.599	88.540
76.914	143.972	91.683	141.328
337.924	266.177	147.334	98.186
387.459	266.870	139.094	110.631
435.976	255.300	151.157	116.907
441.584	258.069	153.625	118.864
447.543	258.165	150.677	122.301
462.000	254.181	128.444	126.984
472.877	250.531	106.128	127.902
478.816	253.028	95.666	125.946
478.208	253.801	78.388	120.395
481.007	262.251	71.271	109.570
479.934	268.065	72.564	103.555
466.705	261.810	84.932	107.337
453.595	246.122	122.293	130.001
260.816	84.181	91.163	136.791
376.839	231.295	204.012	258.818
360.185	252.743	117.476	136.061
613.273	361.274	64.140	135.626
267.403	266.211	143.643	100.689
233.001	267.037	167.553	86.675
214.152	256.595	139.865	99.804
202.657	252.413	138.825	105.945
196.053	253.030	141.125	105.943
199.586	250.364	142.978	110.226
208.133	245.577	135.122	116.494
239.461	262.307	133.728	107.136
63.747	142.600	92.996	147.643
261.659	247.459	157.081	126.335
285.116	265.273	97.819	89.141
271.747	268.498	139.111	102.106
263.817	273.463	137.545	93.605
258.827	281.351	109.733	84.086
250.361	283.494	109.782	80.675
233.627	286.118	120.008	84.020
200.784	276.072	139.238	93.336
174.969	275.706	161.342	105.976
154.616	274.004	157.170	106.219
152.348	277.208	173.066	104.182
164.623	271.166	171.908	99.742
24.422	259.550	155.089	124.185
118.943	271.446	185.481	110.145
305.839	243.526	192.415	264.622
354.485	258.068	199.128	129.873
369.128	260.798	180.092	135.759
140.370	107.797	110.109	160.296
399.490	265.518	154.491	139.947
411.380	265.750	139.425	143.943
423.462	262.288	123.251	148.184
423.494	259.879	117.392	147.427
439.155	263.075	104.226	140.233
438.808	262.276	114.143	135.284
446.908	262.303	137.718	129.722
434.473	255.040	147.557	137.019
409.251	265.074	173.948	119.363
402.068	258.925	177.317	114.338
263.257	260.167	173.091	94.636
227.314	266.338	164.058	85.261
204.657	260.467	164.138	90.819
184.104	255.661	167.634	97.603
166.621	251.853	163.286	107.741
160.187	249.652	163.038	108.474
183.176	250.904	158.505	97.629
174.611	47.614	173.517	115.393
223.874	264.524	165.460	71.699
69.249	274.934	124.020	128.713
352.105	66.887	198.807	203.607
298.174	244.603	160.622	132.599
83.327	116.194	92.619	167.812
324.081	253.998	65.987	114.385
309.545	263.245	99.687	91.429
287.348	270.071	107.029	110.185
276.600	278.834	89.916	118.627
248.804	269.472	160.694	129.678
214.986	277.214	133.662	130.208
197.268	278.494	150.553	127.623
166.673	273.616	159.533	120.806
144.359	270.992	171.606	110.512
134.924	268.826	179.874	104.489
141.646	268.681	187.228	87.993
162.154	265.029	172.414	90.048
174.502	248.783	231.347	120.069
34.815	241.222	174.209	131.955
291.354	247.309	135.479	133.947
314.116	250.213	144.061	135.693
322.439	253.882	154.643	137.508
325.044	253.678	163.064	144.267
328.601	248.874	181.985	150.716
338.265	250.937	170.436	147.546
328.494	252.735	145.746	135.144
327.608	245.479	115.325	141.894
127.468	79.058	103.446	116.391
140.986	97.567	86.882	149.608
319.853	245.748	173.827	276.413
339.628	249.194	178.856	206.651
354.675	266.656	210.441	309.344
350.698	257.428	191.725	194.100
346.528	252.639	195.592	178.497
722.003	274.887	97.006	190.640
338.333	252.701	211.311	227.403
336.175	241.953	186.208	183.817
331.855	233.841	182.920	153.111
332.524	224.134	167.771	154.226
347.499	225.288	161.911	147.528
346.603	212.016	162.738	150.004
341.299	213.421	164.218	128.522
338.471	213.035	168.558	114.723
322.455	219.045	182.611	98.414
324.111	221.030	176.922	101.239
320.079	219.804	186.829	104.273
309.400	218.824	192.187	114.354
291.937	236.152	171.563	115.876
290.338	238.342	150.908	120.158
288.961	234.991	140.901	136.971
286.101	245.678	142.442	162.617
292.473	247.936	148.187	165.529
261.423	244.259	175.712	160.772
262.987	233.710	171.122	160.577
245.430	225.657	188.502	152.550
234.950	219.895	195.289	161.099
230.161	198.370	203.341	175.844
228.348	184.866	203.827	173.779
237.560	214.484	200.013	140.471
248.463	236.114	190.346	114.837
251.973	243.924	171.693	138.496
252.070	249.980	167.607	161.745
251.998	258.735	166.067	164.728
250.372	249.814	173.997	190.950
244.573	250.423	186.631	188.173
151.624	530.936	233.076	45.064
262.549	370.166	153.116	168.965
257.735	248.905	202.328	178.478
301.699	243.629	170.319	194.818
319.652	240.594	153.584	197.541
323.744	236.425	150.024	186.659
272.674	28.649	213.051	272.924
319.153	220.166	188.547	221.267
0.000	219.670	158.411	190.715
298.744	221.952	243.755	214.578
365.470	240.412	178.124	180.970
349.800	241.501	215.396	195.259
334.685	231.086	221.598	201.732
17.848	194.227	170.194	213.078
294.743	215.381	184.931	201.707
288.620	209.430	198.239	199.313
289.189	214.939	197.364	191.254
281.260	213.643	206.928	191.559
292.882	208.556	196.842	198.836
307.817	207.779	183.436	200.497
327.536	217.218	153.695	192.092
52.849	217.970	114.520	206.069
333.946	226.206	131.825	191.202
71.772	93.368	93.738	200.235
308.279	220.669	185.557	218.702
287.273	218.976	199.673	185.346
268.570	211.903	196.059	169.906
265.735	201.225	181.109	182.551
273.218	204.316	162.618	182.552
282.332	219.092	146.179	158.133
269.542	228.799	175.388	162.194
253.222	227.993	210.683	174.774
250.269	220.622	209.056	187.858
262.743	221.070	184.079	192.365
285.339	219.913	184.586	306.047
317.864	225.456	146.545	204.468
318.883	221.688	180.731	228.996
320.419	214.305	194.637	210.711
315.064	178.472	190.276	230.658
291.834	143.737	198.407	220.883
272.807	136.853	218.425	216.768
269.827	132.867	231.931	218.308
270.970	144.407	224.891	211.546
266.321	80.480	252.900	367.182
294.623	200.487	206.021	214.464
295.096	219.221	192.810	216.347
295.634	228.434	246.960	247.048
281.781	217.436	289.874	256.550
274.221	211.926	312.761	257.175
307.880	576.000	288.927	0.000
282.556	209.965	294.009	242.025
302.738	208.085	269.976	221.736
285.287	210.157	258.628	217.335
317.841	206.005	271.315	176.792
357.516	219.157	224.491	167.938
788.896	315.523	76.899	161.997
589.034	285.171	63.099	118.843
420.288	262.380	236.412	239.675
435.282	247.901	223.303	229.741
438.443	247.375	231.371	238.437
434.099	239.720	236.438	246.740
404.032	0.000	194.542	202.442
430.759	246.894	229.717	222.436
383.700	576.000	286.750	0.000
344.683	264.399	277.026	234.336
329.775	265.514	283.451	250.172
323.421	256.801	295.917	282.031
314.529	250.711	298.117	292.549
610.575	576.000	305.767	0.000
286.831	241.272	308.679	310.174
608.727	576.000	317.637	0.000
282.224	576.000	323.367	0.000
258.547	255.987	335.499	303.191
266.018	261.788	338.888	305.797
270.655	262.459	342.596	305.722
275.318	262.269	324.809	297.951
278.829	258.592	303.797	300.215
281.517	247.404	282.134	307.773
300.283	235.601	264.702	328.477
311.682	229.549	254.087	337.143
312.193	227.059	254.969	343.575
312.569	226.371	251.076	344.451
309.191	233.973	249.511	337.367
306.927	221.122	245.551	352.615
300.989	227.701	249.733	344.790
290.992	226.056	253.577	342.943
279.950	224.194	245.374	345.446
278.635	230.703	245.387	337.368
279.838	239.775	253.968	331.373
273.741	242.886	316.026	327.499
271.156	241.604	342.579	330.521
262.347	249.235	363.136	314.381
257.352	238.914	362.530	314.686
251.764	224.714	337.210	324.034
246.370	219.766	337.173	257.896
209.552	199.511	361.396	279.505
235.499	193.407	339.690	286.047
237.089	189.714	315.490	281.524
244.218	172.788	287.359	296.465
221.299	182.066	277.686	323.612
236.169	198.870	286.188	352.237
228.183	226.672	252.743	305.962
280.570	231.819	344.930	261.099
243.740	217.166	383.436	283.235
237.347	191.083	378.509	304.743
219.147	173.329	381.940	310.078
210.772	171.237	373.291	310.984
216.646	172.270	371.870	295.877
213.304	170.854	320.966	267.342
197.951	169.881	315.470	267.102
182.791	162.101	323.074	281.855
200.935	177.018	294.372	278.614
242.722	211.368	248.017	247.963
371.557	303.745	309.296	226.927
279.618	234.919	228.033	253.343
279.407	227.951	222.155	303.505
296.250	223.321	240.336	257.720
297.101	226.104	245.383	237.443
299.896	228.671	253.297	185.748
311.672	236.143	314.564	133.169
321.209	241.592	322.818	125.141
336.185	235.179	313.454	133.154
332.215	231.002	322.878	176.835
432.658	235.535	283.168	195.694
380.325	230.425	324.836	213.540
395.598	228.045	272.311	205.816
354.617	230.508	288.006	204.639
333.424	234.617	288.805	196.659
319.386	229.550	195.998	272.881
327.473	232.934	183.634	289.321
313.209	230.896	183.649	232.570
292.025	236.522	201.219	217.520
283.971	236.787	194.217	218.300
278.214	239.711	184.928	218.919
290.237	242.937	162.835	220.577
551.332	355.998	182.787	129.070
287.983	252.912	162.123	238.196
301.022	267.379	154.412	222.268
311.957	253.800	159.217	236.949
687.659	184.886	100.967	237.963
269.918	250.780	212.195	214.101
261.989	254.191	246.523	203.782
257.560	255.166	259.338	208.985
256.262	263.965	261.091	198.468
261.587	271.459	254.248	195.535
262.297	276.202	255.225	182.330
266.056	274.618	247.494	188.733
275.658	267.173	236.861	200.695
333.283	249.861	172.299	210.017
573.842	352.772	187.700	119.490
365.695	236.016	137.945	189.758
367.280	227.573	141.073	172.228
367.853	220.292	140.055	183.461
360.092	207.020	188.943	148.126
114.101	336.046	72.756	167.173
335.766	192.109	228.625	135.983
348.362	318.421	169.296	196.307
356.665	215.232	217.841	132.565
347.582	240.701	174.201	102.401
349.034	254.064	183.871	86.162
341.687	249.724	210.717	100.443
357.571	246.484	215.604	123.807
371.965	242.417	212.038	176.827
399.129	223.383	182.082	193.567
401.798	210.750	178.140	167.689
398.704	205.945	160.752	136.529
178.078	243.272	79.387	184.068
351.017	186.832	255.253	188.797
395.518	175.542	132.362	94.119
629.335	393.250	58.886	55.997
655.923	409.096	67.629	74.177
547.180	503.404	59.892	64.650
416.870	124.277	181.227	175.984
405.642	130.469	162.811	150.336
172.918	334.577	66.493	159.116
393.847	138.516	164.958	217.354
285.486	257.147	375.558	253.017
382.180	47.017	217.779	250.007
357.550	0.000	258.769	384.606
83.211	39.763	467.552	516.555
0.000	0.000	233.284	0.000
289.284	212.263	159.851	207.043
267.615	211.202	136.797	182.635
215.350	208.811	156.992	153.058
188.297	198.157	167.378	160.669
193.068	185.893	163.275	148.737
190.177	177.916	179.446	142.136
153.088	163.597	262.532	207.121
200.833	136.945	192.563	115.103
249.460	123.179	162.177	132.850
288.718	111.566	136.080	152.380
323.174	91.608	114.096	179.470
350.647	101.118	170.303	171.105
371.756	138.251	169.956	185.032
310.832	210.922	267.770	327.983
356.964	223.994	187.590	138.045
345.100	230.619	181.731	140.115
336.019	244.438	146.671	140.369
274.217	236.582	138.858	144.518
242.717	227.736	150.660	133.220
220.673	218.715	161.965	119.560
221.603	204.620	164.845	115.213
20.240	333.032	74.467	157.277
250.633	141.211	178.429	127.067
35.220	84.970	152.447	163.541
320.648	110.977	113.764	151.916
333.946	113.089	114.880	149.365
125.390	107.575	90.590	163.039
355.423	110.889	224.951	164.502
72.874	201.659	75.600	206.385
4.790	282.954	166.506	185.229
398.038	93.237	215.930	230.388
540.090	342.214	198.851	148.729
389.452	227.092	164.212	126.485
397.784	248.206	139.595	148.155
366.431	246.883	150.143	141.172
346.135	239.472	169.567	151.764
327.910	235.243	178.313	155.750
323.316	212.099	149.839	178.237
314.425	208.464	140.214	135.788
319.482	206.862	153.291	106.499
308.654	199.971	164.377	88.348
288.083	173.832	181.087	119.529
641.395	372.690	37.190	129.991
626.806	369.248	77.007	110.409
577.272	306.377	109.287	128.404
492.731	244.099	124.782	144.724
391.994	150.599	115.875	115.353
217.773	55.637	64.059	122.585
688.563	415.476	45.202	52.530
679.361	433.390	69.163	66.512
577.948	452.705	18.685	82.045
657.163	396.214	116.510	118.092
407.511	268.598	145.982	215.610
369.233	239.803	89.684	107.153
331.763	242.924	120.431	121.567
305.846	236.869	145.447	126.131
274.114	229.078	158.833	135.945
241.011	217.979	144.314	145.497
220.330	211.811	148.225	139.579
210.263	212.552	148.054	133.573
198.983	211.612	158.448	118.923
196.284	210.442	167.502	107.958
201.664	207.095	169.139	99.270
212.679	197.991	172.312	97.910
246.943	191.793	168.073	85.552
267.563	191.380	156.881	84.123
316.938	194.499	118.135	80.562
337.023	201.285	140.049	73.480
192.425	87.855	60.417	107.674
446.093	255.959	98.096	70.818
456.881	262.936	104.288	94.156
462.206	270.085	115.622	101.425
476.871	496.943	107.216	41.011
390.741	248.485	96.257	104.122
378.146	245.649	93.479	88.522
372.860	241.053	80.780	106.605
358.960	244.575	105.766	123.994
179.525	135.015	82.222	148.844
305.863	221.261	145.958	155.529
290.650	214.649	146.348	156.990
283.544	207.915	147.616	145.858
270.822	205.035	152.400	125.887
271.961	208.686	154.873	117.118
501.926	465.279	111.840	73.401
270.584	200.348	168.126	74.075
271.282	187.609	187.551	79.206
283.329	182.776	174.027	86.627
289.903	177.610	192.760	98.480
90.161	306.407	89.130	143.829
379.025	176.066	157.912	128.736
374.862	153.224	216.053	171.640
436.463	162.917	160.462	151.376
458.398	163.798	149.984	154.337
452.422	169.335	155.563	127.668
247.619	132.967	133.412	146.222
442.424	172.388	130.731	101.261
414.848	141.118	216.899	173.205
554.546	396.234	189.021	114.318
582.061	389.942	171.929	85.159
469.884	475.460	130.623	88.235
289.582	35.601	92.361	125.027
578.776	395.782	138.225	49.224
419.149	134.018	159.402	218.500
386.246	86.242	183.415	165.709
119.348	241.238	77.723	186.546
363.045	127.633	150.052	133.507
355.513	157.076	183.532	123.775
288.599	221.576	149.579	119.051
264.191	253.242	140.916	120.072
259.480	263.711	132.940	107.957
261.959	268.140	129.726	123.794
266.407	255.840	104.983	139.624
270.959	247.932	91.113	138.238
265.832	200.937	88.070	134.901
257.025	194.901	87.675	114.230
97.848	161.220	99.255	129.638
240.638	149.526	94.743	81.225
238.917	120.152	95.287	85.379
230.259	104.162	108.157	95.740
214.128	92.104	126.990	107.239
219.450	92.233	124.994	111.894
242.037	107.880	112.455	112.895
72.260	116.552	113.916	146.385
318.223	196.408	115.460	124.798
330.562	228.755	103.959	103.393
173.134	231.192	98.261	110.546
333.079	244.689	106.908	116.635
327.116	248.206	109.755	118.177
306.849	241.366	118.033	105.506
293.334	226.599	120.897	100.901
271.836	209.943	124.629	106.086
257.218	190.363	108.111	103.159
252.944	178.121	100.088	110.784
242.048	145.909	117.930	106.751
242.171	115.950	143.313	98.438
254.410	107.590	152.498	85.918
94.118	87.410	136.457	115.193
136.009	91.544	159.739	96.588
230.730	90.232	165.388	117.788
67.897	52.518	174.145	143.891
156.688	71.846	176.713	134.586
431.675	27.410	200.388	253.660
421.984	77.506	240.480	410.081
420.478	51.561	272.292	440.073
93.632	208.642	79.893	228.771
447.105	30.512	198.170	326.221
420.859	220.665	105.896	115.226
401.002	213.197	86.317	117.208
337.391	176.821	136.092	148.170
320.307	168.335	135.269	136.015
308.891	149.834	121.059	130.542
300.008	136.166	119.198	119.843
286.344	127.076	127.524	97.947
126.144	99.890	131.814	122.685
302.833	72.453	129.402	102.309
320.360	61.021	100.472	108.348
336.903	58.460	105.147	104.040
352.726	47.483	117.449	143.729
376.367	113.988	154.578	100.893
198.054	276.504	51.065	129.843
388.978	141.432	173.793	132.048
170.458	265.431	60.384	168.252
388.812	164.475	176.751	292.904
368.008	260.108	117.665	117.131
341.035	267.397	119.277	106.991
315.901	269.869	126.478	111.756
137.787	109.679	88.331	120.499
272.503	252.485	125.837	106.790
255.737	202.349	106.343	123.555
248.313	181.126	93.228	124.619
239.944	147.742	91.202	111.674
239.424	128.802	93.965	103.327
239.383	109.254	88.779	112.471
83.561	78.516	119.184	110.688
244.478	43.492	128.958	96.913
265.491	38.593	128.147	98.838
306.959	34.823	109.741	100.541
384.430	110.537	168.310	171.024
128.871	321.743	48.313	166.303
111.865	309.998	163.088	133.390
382.758	46.926	181.926	238.211
391.747	69.942	188.052	412.692
169.887	298.526	43.555	149.690
353.231	189.692	107.967	119.654
325.879	197.242	125.396	107.785
315.146	190.065	119.320	89.435
303.639	174.625	110.959	85.782
161.972	129.052	87.426	116.987
282.749	116.237	102.727	111.823
281.477	96.322	128.464	80.321
318.065	309.580	137.885	35.623
355.998	280.167	126.997	97.946
383.944	201.861	120.928	133.599
189.084	284.522	49.618	144.636
437.074	155.444	113.687	113.903
438.227	166.487	107.750	103.183
559.144	396.906	119.234	33.301
467.014	465.303	39.488	88.520
443.857	467.046	61.463	80.771
442.598	463.432	62.663	106.500
446.457	481.903	68.028	94.097
429.499	485.278	73.518	85.909
444.344	483.033	61.404	85.856
435.434	474.462	66.278	91.059
322.366	205.366	166.022	137.382
310.552	162.740	124.669	143.994
301.230	144.180	108.364	135.180
291.526	131.662	104.450	117.041
122.811	93.039	126.437	118.783
37.926	44.086	154.540	128.286
118.728	48.386	138.458	106.441
176.971	74.363	152.559	106.612
265.714	54.572	157.153	139.253
390.239	155.367	127.006	118.344
386.162	161.571	118.628	111.437
403.647	56.223	106.690	93.869
443.949	278.960	89.043	24.974
386.170	195.447	77.475	78.064
386.376	168.938	106.708	111.311
383.955	181.895	110.501	96.694
230.950	341.390	29.480	89.700
125.263	271.576	93.496	72.701
380.423	202.603	122.695	167.287
348.758	186.679	139.749	126.638
341.066	173.452	132.946	130.156
319.523	156.185	122.025	117.939
318.380	122.667	116.857	119.382
283.248	111.882	130.221	101.451
115.857	93.870	120.588	146.496
72.567	13.075	164.541	147.106
275.276	15.693	132.014	127.946
378.912	163.015	129.858	98.564
407.963	157.881	113.404	102.707
405.492	152.740	95.774	105.434
432.286	157.994	96.874	102.138
440.982	163.436	92.960	106.381
434.283	160.383	106.551	103.711
432.393	165.326	108.214	98.660
435.473	167.822	104.787	100.712
280.931	169.750	70.037	119.433
464.774	189.847	41.185	98.938
478.004	200.162	75.906	84.441
353.682	138.784	56.873	96.477
654.523	382.756	32.803	40.893
401.266	195.191	148.537	134.103
378.211	190.950	121.205	129.711
364.453	182.710	102.925	119.862
352.838	175.703	105.206	114.491
311.462	141.889	111.772	80.669
306.912	107.251	112.007	110.297
297.522	74.203	116.262	94.761
300.057	61.004	112.900	82.941
297.693	42.283	122.253	87.333
149.860	55.269	122.024	93.983
305.622	22.845	120.384	78.626
368.416	20.850	95.796	82.374
398.602	46.009	155.650	209.194
110.643	342.622	67.938	152.140
448.791	167.029	122.887	113.481
446.439	168.397	106.082	112.965
446.366	157.999	125.770	96.757
284.843	65.347	71.017	119.591
447.383	173.952	104.525	109.186
446.612	177.929	107.618	119.699
425.372	191.516	109.964	100.533
396.418	198.264	117.257	105.690
337.999	197.735	98.056	99.851
322.812	187.887	93.403	108.298
304.852	175.853	100.249	97.404
293.014	141.105	102.847	96.797
263.373	130.613	106.831	81.476
262.121	108.812	107.402	86.301
263.053	95.223	110.815	88.667
251.817	87.232	122.696	86.717
130.877	54.584	134.473	101.193
300.667	49.605	119.430	96.318
165.498	61.802	127.106	92.684
344.667	51.344	104.297	102.346
394.791	175.178	103.602	98.029
548.906	395.324	81.944	30.801
478.760	459.757	52.360	63.413
479.107	458.786	52.113	66.235
475.267	460.045	56.147	64.217
475.063	461.959	56.172	64.008
474.171	465.314	56.443	62.172
476.279	464.807	55.101	62.541
478.199	459.591	54.515	63.209
479.084	457.277	53.039	73.122
480.032	460.361	53.789	74.719
419.767	455.673	63.877	48.041
426.678	460.025	60.399	62.081
491.870	455.332	50.709	66.406
433.208	461.997	57.641	56.799
494.849	455.364	47.094	67.049
496.538	455.418	47.024	71.416
495.275	455.241	51.854	73.783
496.532	455.515	53.101	79.128
496.144	455.784	53.777	85.233
493.973	453.592	56.344	79.326
494.027	453.024	60.723	84.303
494.686	453.864	67.166	84.004
492.214	457.073	72.050	78.547
489.630	452.726	73.508	65.109
493.272	453.420	70.907	87.298
481.707	448.988	78.787	63.308
489.937	454.583	76.584	68.366
493.242	458.322	68.031	67.508
418.571	408.081	82.093	78.930
197.444	162.653	162.812	136.227
233.102	144.599	121.531	151.628
209.526	127.207	130.660	128.001
16.116	103.222	150.272	131.769
366.660	112.984	235.071	196.816
284.813	145.341	325.872	430.659
254.040	135.077	557.777	440.923
200.195	576.000	488.732	0.000
338.462	90.726	300.097	400.889
363.098	234.588	303.004	245.828
346.409	75.781	237.190	426.435
328.231	51.451	290.208	446.471
351.463	112.541	258.022	364.975
430.280	576.000	264.359	0.000
382.220	0.000	243.596	0.000
361.947	83.877	199.755	304.397
242.570	282.970	32.212	137.121
364.436	153.713	133.437	143.004
257.865	258.137	83.437	122.415
347.257	164.314	122.923	129.362
342.132	162.987	128.386	128.968
621.565	303.366	46.687	141.529
333.204	151.970	127.273	130.859
596.242	358.042	60.737	116.261
573.859	311.428	70.313	129.755
409.019	176.095	40.501	85.580
367.714	144.507	87.466	102.191
564.499	210.034	38.153	130.387
312.088	140.149	142.471	197.777
320.771	141.248	135.582	140.159
328.965	144.791	129.365	138.686
338.552	147.481	125.080	140.615
635.161	354.112	31.349	107.771
643.713	319.603	26.926	116.677
370.157	144.475	109.666	140.825
367.425	152.626	116.517	133.342
588.487	220.641	92.168	178.821
365.034	151.695	123.806	141.844
371.169	152.417	120.490	139.212
620.423	169.079	72.995	164.005
421.190	149.663	73.571	140.383
379.134	150.838	110.629	140.075
608.916	181.667	82.935	162.042
287.684	222.507	156.854	254.609
378.355	150.020	98.383	136.211
606.056	362.332	58.275	90.427
335.719	249.713	36.599	168.877
266.655	264.575	82.664	110.676
369.457	153.182	108.836	141.761
366.452	153.759	113.566	139.369
352.154	145.982	127.525	144.874
338.436	149.927	137.376	142.012
355.875	150.016	123.453	142.865
356.647	153.912	118.795	142.480
357.364	153.930	123.607	140.133
408.739	456.746	92.069	62.676
411.066	437.032	73.785	68.934
305.324	310.031	51.948	31.317
314.138	319.641	68.832	58.210
313.318	326.013	69.414	51.980
371.065	147.541	120.656	138.484
371.513	130.747	124.030	143.604
389.427	100.323	119.146	139.927
380.827	103.631	146.519	203.066
396.610	45.634	141.438	144.727
323.789	74.399	181.133	183.536
409.013	24.324	177.473	159.611
525.915	400.447	200.909	41.127
395.015	108.640	214.943	227.217
409.645	422.459	93.750	90.597
400.609	417.426	90.719	84.992
270.374	285.021	72.468	95.247
447.233	189.844	182.075	145.107
265.197	271.132	77.306	97.363
274.950	276.449	75.834	85.913
355.924	211.836	143.979	125.255
332.304	168.620	132.630	124.722
339.213	184.972	166.716	273.255
286.946	68.789	225.502	427.189
320.191	70.870	177.890	309.857
321.689	34.506	164.121	170.133
350.090	21.657	140.074	114.466
320.581	0.000	183.003	223.843
259.820	0.000	257.248	434.107
648.528	0.000	267.930	0.000
438.929	374.413	282.370	96.998
390.173	230.753	183.524	199.925
97.440	425.455	50.357	134.952
258.458	283.864	121.543	149.984
470.753	11.666	128.022	146.543
503.400	32.711	112.287	135.089
450.094	156.142	145.426	88.164
288.332	283.736	92.478	108.245
352.134	166.873	55.248	121.989
494.818	216.257	147.604	132.188
319.163	267.599	106.588	131.386
324.942	269.192	96.732	127.429
415.721	211.240	95.522	140.861
391.408	188.074	109.655	131.813
358.742	146.492	125.694	134.239
346.757	124.439	134.700	129.765
362.794	105.312	128.054	136.262
331.383	276.414	97.787	147.139
288.513	259.831	132.574	204.641
347.412	164.998	201.504	324.788
333.726	236.963	119.024	118.102
323.279	232.043	108.366	224.455
317.634	263.084	129.661	166.898
297.428	252.021	109.614	145.973
314.226	257.597	110.630	146.262
328.602	236.463	100.505	135.332
311.653	255.404	97.921	115.488
321.122	266.567	91.881	124.243
325.614	262.007	89.121	127.814
476.748	187.882	202.915	219.431
490.318	169.754	162.838	174.392
473.740	184.852	163.347	162.057
428.056	204.700	117.219	161.428
389.997	191.335	126.292	154.601
352.512	151.802	143.728	147.258
344.729	129.128	149.092	155.187
337.837	122.818	152.120	158.745
325.490	323.751	99.349	138.485
281.517	281.720	139.007	212.909
300.531	94.846	184.478	425.259
282.427	92.119	172.721	220.062
289.890	104.841	152.088	172.441
274.006	102.770	125.918	173.212
258.093	234.085	108.881	184.003
260.585	78.437	102.058	141.271
250.570	262.430	113.091	130.750
237.086	256.842	104.852	142.332
31.567	97.121	96.013	133.657
246.480	110.685	63.690	97.036
245.896	116.859	63.837	94.754
441.250	195.830	147.582	128.637
277.586	220.600	159.130	144.662
325.375	230.433	209.682	246.371
302.127	227.397	131.823	163.951
277.215	221.372	115.364	158.954
212.802	209.850	156.889	141.453
208.698	184.658	156.169	149.552
164.136	160.930	161.340	142.634
132.869	145.614	173.836	104.417
109.907	118.665	172.260	125.389
107.879	92.866	175.343	154.263
107.902	93.533	169.232	153.357
108.844	105.697	170.696	132.821
275.155	274.747	103.743	199.225
291.628	264.401	104.892	179.519
574.846	366.221	56.172	130.728
292.297	326.729	106.749	108.349
310.829	347.606	94.240	73.318
299.550	278.881	84.620	126.543
245.682	211.483	136.690	91.826
272.485	226.697	139.579	91.155
307.745	234.396	131.171	113.106
350.875	239.487	108.927	115.737
381.849	245.232	119.765	133.010
392.697	242.779	129.123	128.690
194.118	99.568	67.782	137.814
494.569	35.089	169.059	78.749
450.811	207.365	180.509	145.641
450.937	207.838	184.322	140.344
438.146	226.802	199.563	116.724
419.348	235.369	180.963	96.969
231.762	116.688	30.383	112.192
391.692	238.540	145.156	113.574
244.388	34.221	119.365	56.908
385.297	126.851	109.462	127.942
311.451	257.512	143.528	135.445
294.859	255.971	155.496	140.185
206.804	253.536	172.029	138.305
186.362	248.548	171.801	129.430
173.456	246.748	173.424	103.237
168.637	237.258	158.900	103.064
163.449	225.080	167.159	73.290
169.144	194.824	136.560	98.762
161.365	182.100	148.373	112.842
160.201	179.012	164.034	115.402
177.791	179.532	164.323	118.652
158.691	194.878	257.373	113.552
284.988	216.772	328.956	263.162
286.629	169.847	205.878	184.302
390.443	141.528	164.705	153.398
419.075	150.321	116.863	141.642
424.331	154.417	110.485	121.942
425.931	155.938	111.048	108.447
261.304	272.112	31.385	118.099
504.748	185.186	170.274	182.948
529.684	206.775	138.442	103.371
516.009	200.286	151.534	105.072
417.546	178.994	162.196	114.808
374.213	175.850	132.828	104.388
379.591	176.824	122.670	94.553
223.276	87.745	45.949	127.324
375.666	175.535	91.584	100.084
383.414	181.568	113.767	105.571
393.999	198.616	110.928	127.537
212.591	29.055	88.050	122.395
380.108	209.991	98.288	122.776
203.510	62.468	57.402	101.766
358.400	245.205	92.286	115.514
347.346	245.698	98.974	120.576
342.323	246.711	104.831	121.900
338.782	246.558	117.507	121.628
339.706	244.549	123.868	118.956
154.131	128.469	67.190	129.071
164.289	373.548	41.650	134.482
383.150	246.564	150.200	108.070
392.880	251.882	161.490	106.243
453.611	253.278	127.060	108.380
305.973	175.285	215.112	157.530
478.472	233.020	190.710	121.443
262.066	209.449	100.181	131.190
546.547	185.283	146.051	135.632
559.647	233.125	134.008	92.169
549.409	218.581	126.721	94.720
535.868	215.066	125.045	90.858
493.284	200.738	130.903	95.867
433.708	194.450	158.289	109.567
391.239	252.558	91.974	107.811
425.449	176.459	94.957	101.063
404.981	245.561	92.125	81.714
410.994	245.628	92.829	87.664
366.710	247.561	115.112	76.982
337.931	248.309	106.548	80.882
326.275	251.219	104.844	79.799
193.274	123.042	74.715	93.194
297.754	249.984	112.182	75.525
299.173	247.365	115.529	72.864
308.439	240.022	124.760	72.517
171.899	98.017	57.537	99.296
348.086	218.433	103.243	74.318
222.369	189.351	89.677	88.633
349.801	200.490	98.991	91.803
204.442	73.730	52.111	94.712
360.198	42.053	114.519	123.660
350.499	195.083	86.238	89.404
354.868	203.918	85.904	94.764
392.403	208.751	139.664	174.268
367.023	193.818	131.293	131.201
357.129	212.568	125.161	110.131
472.890	180.321	107.846	119.086
413.370	195.846	116.435	117.390
452.274	186.497	119.440	129.393
528.819	262.058	129.668	72.687
390.826	236.901	40.638	91.795
551.144	260.749	133.908	68.728
552.808	260.128	132.199	73.505
531.420	259.135	149.566	74.427
532.533	255.513	132.511	79.543
443.474	221.422	122.313	111.733
453.861	250.546	106.031	104.865
452.921	254.220	95.895	100.497
433.854	134.686	86.220	88.544
306.486	115.913	63.964	62.275
291.942	126.490	68.729	85.529
419.297	135.707	81.287	84.364
356.987	259.018	120.471	94.714
346.668	263.492	121.440	93.934
344.701	265.611	119.064	94.331
341.942	268.593	115.670	86.794
341.877	272.684	128.557	72.590
347.369	270.016	126.017	76.014
357.911	270.529	120.274	71.003
357.837	271.930	117.746	69.558
364.795	267.245	115.260	75.162
231.157	131.379	82.143	97.472
406.510	264.206	93.375	81.536
418.114	266.882	87.837	90.117
511.065	463.477	65.198	26.654
509.753	457.261	36.365	61.413
493.098	414.708	51.309	53.681
470.715	266.975	93.463	82.566
471.736	269.178	111.842	76.852
457.568	238.624	94.156	84.576
459.770	225.306	87.641	100.669
463.935	255.711	82.996	91.497
385.726	247.716	148.428	119.624
402.426	191.420	115.108	115.311
399.602	201.065	101.941	97.521
397.532	200.817	101.433	90.684
405.196	204.892	99.620	89.036
264.825	303.027	36.206	104.035
381.612	269.240	41.358	53.225
376.552	259.336	70.696	51.607
355.724	248.737	85.389	62.752
315.891	244.745	113.935	61.332
297.269	241.630	103.992	53.418
295.078	242.255	96.783	51.028
282.121	243.030	102.541	61.434
169.170	111.304	36.692	83.716
164.746	117.491	41.579	108.874
302.393	264.368	105.414	78.287
323.233	271.294	105.355	82.429
336.989	276.121	103.883	84.328
365.277	273.673	105.768	83.500
227.711	208.927	107.704	94.816
432.562	264.088	52.563	88.793
444.846	256.586	75.751	83.174
458.375	247.628	92.009	92.628
493.472	223.527	98.669	102.713
442.713	213.405	149.409	188.311
466.379	204.599	125.485	123.350
472.695	227.197	107.465	101.285
469.091	236.857	95.917	90.429
459.724	242.899	83.784	85.317
440.131	250.981	105.463	83.218
433.017	247.341	110.510	85.187
426.641	246.475	106.471	86.425
426.086	236.619	98.649	89.064
419.088	228.072	101.380	95.061
420.450	208.363	92.113	99.379
278.948	73.752	59.879	80.750
269.514	245.628	44.902	118.788
419.410	175.164	111.881	102.720
415.041	174.545	112.876	99.124
258.033	134.061	74.495	126.135
401.310	156.758	113.496	107.674
394.905	159.926	112.742	96.485
367.713	186.850	117.385	67.062
363.910	197.649	115.098	66.085
365.613	199.842	103.466	89.316
367.316	201.807	97.144	93.853
376.241	203.055	104.572	98.706
374.289	208.118	120.849	98.349
372.954	204.441	119.638	91.311
366.624	221.614	119.857	85.536
381.450	217.850	108.752	82.463
393.945	215.187	101.056	97.288
407.484	230.998	84.369	92.073
400.261	226.215	66.076	104.508
389.947	208.274	71.803	96.656
256.815	311.386	28.632	99.004
375.276	208.811	82.257	89.857
549.943	396.930	38.680	28.812
511.830	318.237	69.796	107.651
369.956	201.198	90.018	99.594
369.011	196.063	98.802	95.122
370.985	201.065	99.199	87.576
368.210	209.220	102.114	84.278
367.124	212.416	105.969	91.803
376.928	212.188	103.226	97.270
377.079	215.014	108.572	97.114
379.509	213.120	117.394	97.406
382.979	201.389	115.737	106.712
378.726	197.550	121.591	112.906
379.855	213.364	120.848	109.653
395.613	150.519	103.582	143.933
380.128	142.252	122.976	97.534
384.222	138.129	114.456	95.719
234.642	309.284	69.536	82.159
374.799	125.558	120.197	105.536
374.216	144.524	128.789	81.427
372.246	150.130	117.339	80.890
379.072	156.354	100.762	83.453
386.735	158.773	93.491	99.694
407.369	171.794	108.486	90.599
412.956	178.807	118.946	92.027
418.976	181.489	119.420	89.755
421.323	191.883	118.826	93.838
425.979	203.724	120.545	89.291
430.132	209.861	114.182	93.957
431.508	216.459	116.574	105.106
429.656	220.521	116.180	102.837
428.554	218.371	119.960	99.028
431.496	219.195	117.233	103.854
432.823	213.436	113.445	105.662
439.086	200.134	114.340	110.337
438.954	201.323	113.753	100.213
441.333	207.492	113.672	94.061
447.455	209.893	113.011	91.736
298.526	66.927	39.030	106.226
459.224	209.601	120.736	93.927
463.108	207.425	118.875	100.276
456.631	205.135	127.307	106.838
472.532	198.422	126.263	105.057
464.884	196.731	136.057	102.517
461.474	233.898	110.973	103.412
463.754	239.256	99.777	98.114
466.147	233.292	95.654	103.962
464.212	235.752	95.605	102.447
310.300	146.517	39.273	106.391
468.204	242.834	110.963	94.705
315.175	104.858	41.569	96.656
465.597	245.987	102.371	92.756
463.389	246.829	110.202	92.946
462.382	253.440	103.348	93.376
458.696	255.279	102.302	100.025
454.741	254.814	100.454	105.444
448.249	257.186	104.561	103.869
448.167	257.507	98.753	104.061
438.554	243.855	73.769	108.412
413.428	222.245	76.467	124.263
397.804	200.481	81.974	120.338
384.119	194.623	90.085	117.768
373.887	190.847	82.343	101.641
370.413	159.369	98.394	113.537
358.657	145.794	105.502	88.296
358.184	132.483	98.458	92.753
355.236	125.601	101.326	95.784
348.178	121.530	110.330	100.019
347.424	132.834	114.878	101.525
354.306	141.791	123.361	102.516
375.967	155.803	114.615	111.393
382.745	175.921	112.041	96.572
382.279	196.711	114.380	99.655
424.400	216.279	95.641	100.922
465.098	218.104	93.590	107.659
307.488	168.405	56.978	110.309
510.208	220.824	134.695	102.056
525.908	205.187	124.336	108.406
524.495	181.486	122.894	104.752
530.006	169.985	120.828	118.577
529.697	157.305	119.323	120.754
348.503	250.885	31.715	139.054
510.116	115.162	136.991	160.639
486.912	114.363	145.615	129.420
467.200	115.330	143.405	120.158
610.836	397.065	141.610	42.066
433.037	126.660	150.215	129.803
228.060	149.666	75.471	141.088
412.001	143.205	128.588	110.960
377.956	152.179	139.674	100.722
363.400	190.010	162.012	75.380
347.820	210.619	113.501	82.001
345.351	228.178	100.841	79.036
352.608	239.177	89.467	101.107
354.056	245.992	82.328	107.822
356.564	249.489	83.062	103.066
358.380	249.535	82.348	104.397
355.005	246.058	88.012	105.359
342.653	240.061	102.240	109.388
327.527	233.425	111.425	116.949
314.095	226.827	117.032	124.987
292.942	216.530	119.352	129.259
272.451	208.383	129.142	122.102
253.160	202.592	138.239	106.371
242.819	201.560	139.509	100.071
235.895	195.436	130.342	97.429
234.103	191.300	118.054	94.857
232.313	183.073	123.999	81.052
239.507	170.852	127.033	73.292
246.631	171.701	138.296	57.945
254.666	169.223	143.081	59.258
287.969	171.697	130.111	63.185
226.901	169.310	166.162	136.878
281.857	123.650	188.958	225.456
229.539	163.187	152.606	131.056
49.949	417.195	149.041	94.552
88.711	397.232	149.132	88.282
236.744	164.976	129.392	132.395
275.643	171.146	126.403	115.303
314.457	170.283	122.462	124.527
510.440	251.845	111.861	115.415
501.554	257.027	138.596	111.951
357.220	253.199	74.880	121.005
476.430	250.739	152.562	112.879
467.177	252.081	132.841	103.532
470.845	251.098	120.430	100.213
456.304	246.364	103.105	100.043
438.520	239.428	98.398	97.333
378.906	259.221	84.247	124.495
362.353	139.302	153.232	176.268
364.185	262.119	115.040	149.246
352.902	265.116	105.401	129.767
336.738	263.738	110.311	101.258
348.298	270.008	97.811	91.759
345.796	266.393	88.747	70.128
349.638	261.436	82.210	74.005
370.950	199.304	129.903	111.164
326.560	264.826	82.996	58.933
332.724	255.661	106.301	77.668
489.417	268.807	80.369	79.940
503.135	269.669	135.158	75.067
519.358	265.591	138.969	77.980
525.331	261.185	140.899	80.314
529.630	250.293	143.313	73.218
518.015	242.620	141.782	78.752
496.336	234.621	145.395	78.800
444.959	224.322	172.020	78.169
417.578	209.985	130.242	80.386
378.333	211.081	132.887	83.380
371.618	221.837	123.509	82.744
330.696	213.053	122.848	96.282
172.111	75.853	65.251	143.615
272.830	199.667	104.085	116.237
240.603	208.156	121.168	120.066
245.199	207.455	118.691	122.166
234.737	209.269	125.288	121.546
226.487	221.194	129.624	117.326
225.134	228.311	135.017	106.008
250.414	237.650	135.802	97.282
272.302	245.378	134.235	84.506
279.246	241.194	142.523	80.064
316.680	241.765	122.807	74.903
332.106	243.105	104.898	75.859
201.245	130.220	66.350	88.719
372.871	251.036	65.225	71.558
372.904	251.722	65.746	77.269
369.222	251.807	70.467	79.860
363.204	251.936	75.639	82.622
353.801	252.310	81.654	84.318
347.248	249.448	77.339	90.249
338.463	245.419	90.131	93.798
320.794	241.571	86.172	97.396
312.753	232.744	85.643	99.079
295.200	217.544	100.249	97.886
291.398	209.162	101.505	98.791
287.804	198.577	107.393	100.646
288.214	188.332	114.820	105.119
291.846	173.960	123.187	112.180
302.663	175.577	111.294	101.262
316.689	167.475	109.633	97.947
443.902	235.829	90.946	73.891
326.169	181.967	144.283	151.378
328.637	159.272	124.494	114.149
341.569	186.698	104.396	97.619
346.097	203.385	104.028	94.469
347.846	227.961	116.825	79.827
349.927	251.952	111.760	72.879
219.034	116.705	67.176	81.465
363.899	264.029	98.794	91.078
219.576	176.888	64.549	106.565
372.249	266.428	77.175	99.255
379.016	256.838	73.549	100.783
384.931	239.644	70.605	89.817
396.303	215.488	70.778	81.837
406.336	207.293	70.512	74.222
447.753	275.951	102.198	135.742
451.973	260.959	98.393	116.025
470.866	461.672	97.547	93.506
449.736	316.698	106.065	33.031
432.623	195.013	73.346	62.145
625.192	421.286	41.361	50.817
553.009	494.472	26.893	44.515
525.627	439.182	69.386	50.288
465.368	273.842	94.746	175.925
537.763	483.391	47.877	72.294
462.992	283.462	96.981	130.474
473.206	262.843	104.590	102.566
388.276	253.587	88.769	73.012
269.260	138.437	52.631	83.460
383.704	277.673	82.495	95.121
381.008	280.276	77.593	99.654
377.156	274.875	72.536	108.468
372.867	258.403	74.479	123.383
369.004	238.365	78.695	133.818
365.938	204.084	111.876	104.028
362.978	154.293	100.983	115.782
360.084	137.505	89.058	124.580
363.597	108.446	92.507	104.106
212.784	89.995	77.719	116.264
370.255	56.126	75.438	116.994
371.911	40.381	77.592	113.010
218.283	211.486	31.240	77.189
375.005	28.912	68.492	96.985
242.818	20.414	68.042	93.555
241.976	19.538	61.269	96.386
219.471	28.902	76.751	112.073
216.319	68.194	59.092	128.973
216.526	32.146	75.619	108.337
385.731	48.837	85.835	101.616
390.816	61.550	80.998	111.805
449.622	104.446	106.066	97.822
381.103	106.914	86.995	127.399
209.051	77.123	83.732	106.461
397.009	124.294	69.753	135.349
457.025	202.608	107.380	72.393
608.411	392.570	82.862	26.037
608.620	332.405	62.036	92.449
433.069	163.711	119.370	142.763
446.848	122.867	64.805	98.276
446.612	259.425	61.391	82.299
448.653	261.799	64.343	77.800
337.495	158.909	37.861	48.943
442.565	261.374	68.505	79.892
434.673	261.731	72.897	79.464
420.300	257.026	66.127	79.277
463.824	191.698	92.017	83.801
403.895	252.555	63.763	79.774
396.527	246.028	64.910	82.971
389.989	237.953	67.610	80.362
386.609	221.940	65.693	83.427
269.186	249.735	48.066	107.467
385.621	210.905	55.846	86.612
384.735	207.697	56.922	86.453
385.204	199.719	56.510	90.370
387.164	194.311	58.830	92.572
384.646	175.535	62.014	108.300
244.731	168.234	46.366	115.135
383.951	176.633	64.918	114.991
234.811	149.844	55.760	112.609
387.063	216.745	65.992	111.770
239.812	185.232	43.285	125.458
388.948	252.515	57.740	92.477
389.165	254.906	59.804	92.279
382.967	262.360	65.404	84.686
357.695	241.098	88.966	100.176
338.267	208.507	104.338	126.562
322.444	167.392	109.738	120.742
315.307	136.491	109.206	124.561
310.417	121.088	115.629	112.396
305.546	87.085	104.378	102.357
301.733	73.518	100.653	83.899
292.323	52.907	101.892	95.859
288.652	47.960	105.579	102.239
280.563	35.596	104.867	105.850
269.449	17.835	100.209	107.660
261.946	14.761	93.186	102.159
252.799	11.455	97.795	102.082
245.509	11.723	103.173	97.903
250.282	18.291	100.182	100.546
231.382	21.911	104.417	112.657
219.061	15.177	108.174	108.173
214.402	33.845	115.028	117.662
208.955	52.911	105.659	116.856
203.634	77.580	107.822	119.449
200.925	98.218	120.192	103.351
194.699	121.947	149.376	84.473
203.949	140.673	155.914	86.033
216.388	162.326	157.798	101.900
419.840	170.279	134.385	123.831
265.639	191.796	158.203	134.329
516.739	493.581	121.061	57.949
340.892	258.392	148.514	112.767
369.070	261.245	140.848	112.464
397.859	263.127	127.214	97.729
418.984	259.574	103.165	91.453
416.419	257.237	96.274	90.032
408.976	256.737	91.517	103.730
401.230	255.644	89.156	106.286
391.635	255.326	72.393	110.912
368.540	254.213	74.391	113.890
350.825	252.676	82.213	117.114
333.718	249.850	94.817	115.847
319.799	247.130	104.077	114.322
314.974	241.335	103.022	119.694
303.570	240.782	106.011	113.349
304.818	241.265	102.902	109.716
307.014	240.534	98.375	112.976
310.295	241.850	96.215	112.698
320.869	244.497	91.244	112.349
336.922	246.901	78.557	120.961
351.227	255.865	74.678	113.877
363.089	257.276	71.565	116.037
370.944	262.498	76.122	106.437
376.959	264.827	75.584	100.096
237.974	252.834	55.488	94.220
391.682	265.405	68.353	102.541
394.228	260.903	71.548	101.123
395.126	253.160	68.683	104.044
396.581	241.016	67.573	109.172
396.629	213.105	65.275	118.822
405.996	199.396	61.354	106.483
394.801	170.970	73.685	108.519
403.134	158.418	65.739	104.208
265.976	229.539	23.581	109.844
360.300	152.480	49.641	75.452
362.380	147.785	61.285	76.165
360.379	141.360	114.969	127.443
635.146	332.435	25.323	94.291
680.313	447.065	68.277	50.957
594.926	351.687	25.936	22.347
580.575	404.678	67.092	84.367
551.476	343.027	35.468	117.592
508.919	323.607	24.694	132.106
676.474	432.827	100.057	129.872
677.397	430.788	98.103	132.259
396.184	115.688	186.077	225.260
378.785	120.769	175.911	362.135
159.958	432.029	31.195	88.880
128.069	456.096	59.541	54.164
118.026	457.664	63.041	51.153
135.103	465.293	54.254	44.522
131.428	464.179	55.176	42.016
133.142	462.688	53.673	42.480
132.227	464.418	52.997	42.189
138.733	464.928	49.768	40.152
242.533	305.206	81.056	20.871
289.977	296.728	59.114	60.017
307.092	295.877	49.334	122.497
291.043	293.615	62.100	85.033
301.689	275.782	64.929	94.115
299.295	277.173	66.376	93.623
273.790	279.319	86.122	65.276
314.595	294.483	40.640	107.021
293.411	288.209	61.583	61.836
290.091	297.393	58.855	60.044
131.926	459.350	54.313	45.072
245.937	282.501	82.736	40.274
294.149	290.000	62.440	82.758
309.519	294.188	44.849	120.456
314.286	291.427	43.819	124.136
289.571	275.899	71.345	66.193
292.984	279.041	68.850	68.217
271.170	278.580	83.368	65.630
124.864	466.192	59.746	42.134
317.189	290.658	41.984	120.713
125.443	466.575	59.641	42.586
291.301	282.109	68.693	66.145
124.107	466.367	61.613	41.119
288.691	280.210	72.250	66.173
289.326	282.056	68.667	91.249
269.565	278.580	83.891	65.628
119.791	467.275	66.017	40.729
310.493	276.704	56.362	113.510
118.979	468.120	68.033	41.243
276.265	269.443	88.552	69.380
317.624	269.502	52.407	97.444
120.049	467.437	67.587	41.154
321.505	269.164	50.552	96.064
428.290	383.203	108.646	79.778
456.017	237.568	85.027	207.686
457.301	209.433	92.117	126.518
474.777	206.288	83.527	103.815
327.614	306.633	29.246	104.061
443.181	226.028	31.837	58.635
449.447	202.304	47.266	83.278
448.571	184.808	60.124	105.043
473.720	143.373	75.411	111.750
473.703	129.468	80.815	108.163
483.176	126.814	74.919	103.333
495.133	120.158	66.472	94.826
496.583	119.837	60.996	93.875
494.590	143.032	72.731	82.128
505.250	17.479	79.813	77.445
505.308	150.569	67.072	63.345
520.880	39.349	69.067	70.284
502.694	172.973	72.775	41.113
528.162	185.958	50.582	79.729
455.950	229.846	74.080	62.887
521.554	214.281	56.540	94.514
501.814	242.180	71.650	92.405
478.282	224.634	96.628	167.572
423.174	184.617	190.256	247.271
80.990	241.367	118.134	214.350
130.262	219.062	89.328	197.278
357.979	230.217	246.746	251.472
168.890	187.397	442.289	303.444
462.575	576.000	361.162	0.000
0.000	152.448	158.994	255.582
414.470	155.774	123.459	142.593
209.449	221.584	41.066	179.738
400.935	85.499	79.718	150.610
404.735	74.323	65.158	112.302
401.853	68.784	57.167	104.691
401.925	63.500	50.545	106.365
269.185	162.260	24.605	99.053
272.780	132.440	22.996	97.455
386.629	0.000	63.141	48.183
439.947	159.972	68.976	69.695
377.793	180.082	59.717	93.737
253.683	145.944	18.526	117.268
240.082	128.193	54.718	87.619
245.327	131.096	69.099	90.282
365.703	156.334	72.421	107.624
368.457	166.775	66.187	108.320
369.039	173.601	62.095	101.848
368.735	205.298	61.847	90.854
369.219	220.158	56.806	91.412
248.926	138.833	24.221	88.664
378.513	249.331	62.450	99.391
384.876	257.376	61.977	98.015
390.936	273.110	62.242	84.291
274.996	233.917	19.160	96.960
405.233	282.949	55.574	81.597
406.832	286.741	57.123	77.797
406.175	286.411	58.285	75.937
407.484	281.667	51.292	82.798
407.890	278.779	52.460	81.026
407.752	271.571	57.385	85.196
406.702	256.347	51.922	95.391
403.608	244.478	53.064	95.150
394.099	209.292	61.342	100.652
263.409	223.600	21.495	102.325
226.171	221.467	78.480	89.857
375.416	98.136	57.636	124.867
373.673	61.490	61.141	122.601
374.662	37.251	60.780	137.635
372.321	19.877	54.003	126.165
372.081	11.557	49.081	105.418
369.034	56.951	78.428	132.400
556.197	239.835	63.342	93.996
358.993	9.459	78.534	193.509
396.675	174.148	114.448	148.301
381.763	142.966	126.152	114.322
333.969	40.453	136.621	231.279
334.172	119.784	166.491	161.576
369.254	128.538	181.192	298.593
358.236	119.557	230.348	338.186
353.624	112.365	199.887	324.214
353.933	119.576	183.369	281.913
410.196	394.856	127.989	60.536
418.799	391.199	117.690	52.769
397.078	207.173	115.969	211.406
329.005	28.750	187.223	310.707
331.560	150.771	183.596	281.939
377.421	189.198	111.888	99.735
375.219	196.491	109.475	85.949
372.762	201.014	87.992	84.491
368.493	215.157	69.145	69.808
368.197	224.613	63.996	59.166
367.016	224.292	78.475	61.024
265.745	208.385	26.016	99.843
287.321	260.241	24.477	92.370
289.941	249.438	32.110	96.803
402.279	260.935	58.519	73.123
298.125	377.153	22.225	53.862
398.391	278.296	55.577	57.776
411.346	270.446	44.100	63.664
418.740	261.084	48.522	62.164
365.547	221.254	82.022	101.740
366.765	235.213	129.927	197.848
306.664	161.880	205.987	251.989
349.313	127.828	208.064	326.952
353.669	200.942	189.345	206.526
289.328	135.729	245.723	264.161
347.285	112.803	218.165	352.204
374.858	112.621	248.128	363.038
287.468	234.649	242.786	128.668
361.412	71.953	212.545	336.841
411.849	138.551	157.329	225.260
456.060	129.050	113.612	119.381
476.920	140.058	92.172	102.451
479.190	143.178	94.177	102.151
469.400	162.100	94.540	92.933
328.263	171.150	53.594	107.072
484.028	184.463	31.824	87.099
485.495	203.171	61.968	74.315
478.007	189.196	90.751	142.168
472.249	209.767	87.847	107.153
487.732	247.929	71.836	88.676
489.290	251.933	67.826	84.068
487.839	256.818	60.205	72.464
488.447	256.059	56.397	74.984
487.249	249.171	54.598	77.608
484.390	232.009	53.740	88.998
365.190	349.933	26.631	69.626
474.928	186.456	59.587	109.625
333.924	257.760	35.159	104.756
422.462	171.005	68.059	67.048
433.786	182.764	108.582	150.922
392.302	96.749	168.019	252.807
443.594	109.332	105.502	177.896
445.516	94.755	96.120	150.372
601.732	371.162	106.609	45.874
438.320	181.193	97.869	156.112
424.300	142.796	148.185	136.783
466.910	77.393	57.058	105.129
467.839	83.195	51.859	98.392
468.122	85.367	51.219	102.140
339.905	110.684	22.561	114.674
464.260	109.722	59.588	102.633
331.900	136.527	36.168	101.121
220.777	165.248	63.877	97.423
211.663	149.644	79.891	108.037
216.852	172.757	115.644	121.007
274.566	211.148	218.227	172.589
281.671	240.819	317.079	149.062
461.312	247.097	101.800	84.613
442.443	243.511	135.430	206.709
374.290	172.528	248.560	300.881
442.228	200.921	150.388	233.577
465.175	233.610	118.250	123.663
485.045	261.298	102.600	91.930
480.729	273.321	106.775	82.826
483.113	273.615	103.963	79.865
486.637	274.078	100.685	81.932
494.804	273.726	93.266	81.980
494.998	262.806	92.389	85.273
490.410	255.450	89.592	91.308
351.328	233.769	41.256	106.861
351.208	233.331	35.768	117.063
482.631	193.773	76.955	99.669
481.501	168.410	72.345	110.453
332.385	281.747	42.577	100.788
484.715	166.967	93.293	113.275
453.965	94.150	152.806	221.469
473.440	102.796	127.088	187.935
466.442	140.496	158.882	329.441
462.733	89.276	142.076	214.811
450.623	62.310	154.798	298.441
428.483	88.981	230.413	401.737
372.429	65.440	385.481	510.560
445.289	23.416	106.485	151.633
237.536	15.365	52.911	122.927
449.405	36.441	74.646	95.625
452.388	52.738	66.896	91.693
325.549	57.833	40.655	95.209
325.677	77.377	42.340	95.105
461.915	100.566	73.920	89.389
461.086	155.138	80.794	94.988
323.173	86.004	42.103	98.180
317.199	285.168	48.325	95.906
300.361	156.430	44.135	129.501
294.513	177.668	60.399	127.025
461.262	233.120	58.454	106.547
470.435	256.715	49.092	96.096
471.803	263.396	49.463	90.070
474.475	267.330	51.163	82.298
478.769	271.769	54.447	79.230
479.055	273.731	61.486	76.318
483.950	271.037	59.490	78.266
484.134	264.082	62.204	86.922
625.862	208.422	39.284	114.509
491.996	247.915	54.446	93.613
490.977	219.428	63.988	111.320
343.560	383.474	33.158	68.147
317.242	353.286	58.049	87.108
488.902	127.034	95.297	149.938
286.845	150.067	68.339	130.831
341.495	294.399	38.233	59.443
327.184	253.652	59.858	76.965
467.169	115.595	112.990	150.778
476.963	112.028	117.365	131.281
475.968	132.707	111.023	115.818
297.889	106.623	69.728	146.286
290.950	158.209	138.462	128.378
180.242	193.504	130.653	167.664
282.197	187.061	257.711	195.936
482.881	77.398	147.558	194.363
520.235	126.710	101.316	162.668
508.087	8.656	101.060	105.698
496.401	135.332	108.652	105.709
545.501	0.656	76.887	65.082
552.056	3.647	75.251	68.167
491.001	144.820	107.437	37.337
551.917	7.334	82.843	130.231
510.241	132.454	91.549	105.285
524.457	80.843	124.945	226.499
321.242	192.480	280.428	256.251
363.239	361.090	44.159	61.970
408.047	297.171	31.337	97.932
414.082	343.370	36.006	83.474
594.277	177.522	98.824	121.075
582.270	191.765	107.219	115.216
571.406	199.926	114.625	117.563
511.428	427.802	119.491	65.669
544.245	212.866	126.076	118.545
355.622	222.772	67.269	134.188
356.915	452.155	70.006	46.683
367.840	284.403	40.975	100.619
359.801	237.059	44.562	119.916
480.944	230.610	97.487	96.382
477.398	227.854	86.134	102.853
325.815	141.732	49.629	110.196
305.075	96.902	51.325	103.598
307.759	106.219	50.963	100.618
435.453	242.682	115.776	103.811
270.753	231.824	44.341	116.779
257.206	224.981	25.704	119.498
251.338	219.645	28.434	124.587
249.178	224.175	27.729	119.690
249.277	222.674	27.233	119.114
245.580	96.269	36.833	98.947
248.155	102.289	37.171	100.772
409.985	242.963	82.382	101.869
264.826	220.656	31.637	115.623
263.062	236.237	34.545	115.998
264.351	223.860	40.670	108.856
256.020	231.626	31.001	117.263
398.195	237.484	58.508	110.368
256.617	230.504	29.688	112.878
259.002	217.404	28.172	110.741
261.286	234.799	23.932	109.227
382.221	207.668	74.074	100.912
243.892	176.714	38.042	108.763
238.996	177.928	44.338	123.248
346.536	131.694	80.511	92.689
344.018	108.933	97.058	101.715
336.106	84.174	98.616	109.138
323.427	58.300	97.374	91.648
181.065	57.663	68.916	90.836
319.174	37.285	95.129	89.893
313.544	14.984	97.152	87.017
310.679	12.423	95.340	84.468
446.152	157.025	88.013	77.244
350.082	125.704	124.094	137.857
304.602	36.388	114.775	115.180
359.302	145.830	109.467	108.603
567.191	371.028	67.057	48.107
514.813	476.520	58.631	34.311
501.556	418.494	83.596	89.826
508.447	441.912	69.989	88.590
508.765	425.052	74.473	80.823
429.725	437.602	79.036	97.434
310.399	132.783	141.058	131.982
306.924	128.631	128.487	208.854
305.396	114.419	129.196	142.267
303.552	134.382	118.596	106.464
302.518	146.565	96.649	106.144
306.950	172.020	94.570	102.702
310.381	181.473	93.620	108.104
316.721	193.940	94.235	109.636
326.028	208.130	100.669	103.092
328.123	215.185	104.340	94.961
331.804	218.653	105.473	95.745
333.611	222.270	105.147	97.289
333.992	223.639	107.635	97.584
324.406	217.245	125.826	108.105
319.696	206.898	108.641	99.903
313.451	190.670	102.208	112.572
303.040	169.318	102.693	112.167
300.369	139.784	98.310	124.067
292.636	91.465	103.903	120.872
289.686	73.128	112.986	132.911
261.009	48.951	124.984	117.643
283.405	19.074	132.725	115.173
405.495	138.847	133.571	112.764
292.755	4.650	120.596	104.912
303.051	2.303	109.831	79.486
296.314	39.012	133.768	169.938
632.067	382.378	34.303	45.451
628.692	356.228	48.046	65.373
463.100	162.851	118.331	93.386
312.443	73.820	153.393	213.645
334.120	226.567	135.342	131.197
299.946	24.994	139.167	67.073
159.219	62.590	85.296	113.975
322.928	11.913	119.110	92.795
322.513	14.753	123.313	103.994
322.606	19.907	134.734	102.896
319.829	50.616	133.403	113.077
434.283	135.185	140.869	124.700
326.176	77.502	132.593	110.477
321.776	82.527	135.886	113.518
337.326	91.659	122.648	106.011
337.914	105.864	120.537	107.462
337.044	120.483	124.837	105.913
347.016	144.323	116.260	99.974
349.909	156.484	113.513	108.906
358.557	164.621	110.464	126.682
365.506	180.610	112.551	119.248
371.212	189.884	112.391	117.054
384.188	194.782	108.092	119.569
402.137	204.161	96.682	110.560
412.319	206.231	90.049	108.472
416.607	206.316	85.392	109.255
416.456	204.119	86.983	113.595
259.485	217.443	24.812	116.311
219.179	130.081	81.585	65.677
403.999	176.475	88.972	138.720
404.933	158.158	89.312	127.641
401.945	134.915	90.963	137.668
393.202	103.446	95.199	156.578
388.575	50.698	76.169	139.729
207.765	176.154	39.257	121.704
238.402	52.332	40.207	107.066
393.427	17.731	72.812	117.242
407.401	151.205	87.413	101.966
260.905	216.451	21.966	106.703
233.654	217.556	64.625	88.918
355.866	35.263	117.380	173.106
387.618	118.459	138.688	132.828
400.486	117.228	129.891	140.522
341.780	19.142	190.449	279.827
357.997	0.000	242.911	437.886
224.782	0.000	420.758	512.881
777.297	0.000	182.703	0.000
256.576	28.336	353.424	422.339
721.209	0.000	238.791	0.000
336.006	48.269	182.363	213.742
352.469	68.140	154.447	179.641
361.389	95.148	132.313	142.724
372.517	95.268	116.265	138.492
374.092	5.235	104.580	113.496
364.734	2.230	99.593	80.992
373.164	114.907	82.818	105.425
344.306	19.566	147.833	180.967
362.233	15.360	124.488	128.522
379.292	111.136	111.221	129.808
382.159	0.000	102.500	115.348
384.478	110.179	101.011	128.178
385.683	104.905	109.934	141.140
401.800	138.083	122.671	118.267
404.613	155.584	121.436	96.126
417.026	152.235	110.353	98.201
410.298	153.783	108.743	98.005
417.196	169.741	106.438	91.019
420.529	101.690	83.816	108.236
395.249	116.115	96.511	113.528
392.616	166.796	95.046	101.120
395.849	160.116	96.913	108.866
393.987	178.175	95.712	97.621
393.720	175.734	91.758	98.423
393.290	184.655	90.079	85.245
393.347	183.142	84.907	86.064
264.117	215.002	21.064	102.318
393.810	179.015	73.872	90.040
395.973	173.493	78.372	96.912
387.521	148.862	108.252	114.035
389.690	167.262	120.944	99.301
402.303	165.595	118.511	96.381
388.954	173.660	111.794	92.818
388.900	171.759	102.339	98.321
390.767	169.715	99.115	103.624
387.439	185.410	89.109	107.477
391.481	157.581	100.889	96.806
430.928	148.974	105.695	99.064
445.096	141.553	112.214	103.823
431.793	142.444	119.110	102.664
396.738	137.928	141.493	121.085
394.415	132.853	131.367	133.757
396.544	146.676	147.473	121.793
401.243	123.155	144.618	132.692
416.610	44.094	131.613	186.898
400.202	148.065	217.746	265.300
325.099	216.400	348.699	359.600
314.565	52.443	426.344	523.557
232.394	0.000	370.831	0.000
363.179	281.099	484.497	294.901
403.592	177.134	129.505	157.337
377.568	123.942	128.668	141.169
380.513	135.517	126.155	131.524
383.052	151.784	131.859	122.737
394.796	152.536	127.171	130.275
379.835	188.062	122.602	105.705
387.957	178.332	102.859	104.760
388.871	169.674	126.691	118.401
392.208	164.445	110.900	118.170
418.001	185.373	108.257	112.821
428.036	182.016	101.910	104.943
418.959	188.096	106.433	102.883
435.403	200.726	93.679	106.736
280.995	402.168	25.743	53.125
282.647	217.118	41.158	130.756
466.992	169.933	106.105	112.065
469.238	156.448	106.811	102.351
466.541	149.445	113.445	88.492
612.498	364.490	77.877	31.325
682.928	447.518	77.704	41.575
601.997	348.969	23.645	31.510
585.869	331.756	23.918	27.624
567.777	318.778	29.606	21.997
676.490	440.811	90.403	125.528
505.071	286.918	71.180	25.406
575.402	299.516	51.118	74.819
441.079	169.317	117.543	88.353
293.774	343.730	28.772	76.546
268.547	314.585	62.237	72.468
245.825	266.716	89.972	91.629
228.543	221.757	107.531	113.222
243.718	220.124	146.067	97.979
420.248	191.499	161.947	231.880
434.603	165.641	133.941	124.454
615.473	251.266	133.205	159.694
440.099	171.137	113.274	104.887
276.698	227.343	27.059	121.430
439.990	179.414	103.355	93.872
292.925	377.680	30.357	48.446
430.804	183.977	118.154	91.275
278.336	240.673	27.844	110.753
443.130	196.363	108.570	83.344
437.319	199.544	110.923	81.816
622.570	360.793	65.722	74.973
292.648	271.318	24.121	112.744
432.116	205.853	95.854	80.777
631.066	373.572	25.896	49.021
434.913	216.240	86.779	71.700
431.944	218.796	86.999	69.336
415.308	220.146	91.607	67.498
420.736	222.869	84.486	71.369
419.081	224.803	81.918	73.751
296.809	234.677	42.421	98.369
417.870	226.772	79.124	79.316
417.692	225.310	73.327	81.218
414.910	227.934	68.873	81.279
297.065	282.230	27.297	99.475
420.657	231.123	61.957	82.606
304.696	246.395	32.128	112.234
424.747	227.929	61.313	90.645
425.964	238.336	61.872	88.248
421.047	233.778	74.174	65.861
315.932	279.235	36.483	86.959
449.442	245.669	54.928	80.550
462.104	245.244	52.978	81.757
352.397	265.511	24.195	97.645
478.425	244.400	51.832	84.642
483.794	243.985	53.887	83.366
491.595	240.432	63.786	86.386
633.962	173.863	39.422	105.759
509.456	217.845	65.557	88.255
507.267	212.042	77.795	89.474
646.487	369.254	68.601	55.152
628.476	361.461	75.870	100.686
476.798	187.768	128.584	112.152
631.377	152.017	60.697	103.145
345.365	245.158	31.240	108.779
442.092	205.919	106.944	76.001
616.114	381.699	63.838	46.947
426.762	216.093	95.496	85.037
363.743	249.230	114.577	64.345
349.362	257.506	92.934	85.007
342.152	268.294	78.471	87.731
340.605	270.550	69.052	93.416
331.904	275.397	65.800	90.601
321.099	275.779	69.284	85.889
319.214	276.515	74.324	78.731
316.325	275.315	78.174	71.932
315.225	275.643	83.340	68.692
320.726	268.001	87.323	65.677
331.514	260.207	79.745	66.176
332.884	257.378	79.472	67.603
329.484	258.746	77.145	65.214
327.248	262.222	77.239	64.788
321.555	261.427	79.639	72.135
318.040	273.584	78.671	66.179
320.610	276.985	73.485	68.845
324.493	274.505	66.914	77.936
324.435	273.655	64.928	79.076
321.891	271.923	75.095	80.226
325.794	261.670	90.123	79.467
359.643	243.100	103.724	67.004
240.648	226.995	48.353	87.192
256.501	221.867	23.763	94.679
615.873	383.781	22.775	36.926
625.652	362.173	31.298	45.599
491.108	247.408	89.223	90.323
471.715	221.221	126.764	112.709
482.351	215.156	119.287	88.852
434.416	393.130	118.733	74.679
486.581	237.018	113.630	70.291
432.939	394.478	76.094	57.729
488.256	226.248	91.257	90.466
488.223	223.595	81.384	99.341
490.767	226.010	77.424	105.226
495.732	237.511	74.678	97.676
497.818	241.822	76.538	91.027
428.717	395.664	78.577	59.817
504.933	241.341	80.923	89.206
511.045	243.344	86.464	87.005
523.889	233.473	98.237	87.025
522.318	232.859	110.037	88.885
419.332	407.112	101.382	68.096
499.481	223.899	122.301	77.962
477.237	196.560	127.910	95.378
315.409	144.242	56.689	125.574
429.107	220.183	127.899	77.053
399.235	240.745	105.633	65.538
383.118	242.247	107.751	71.146
364.144	244.498	97.010	72.513
242.031	229.671	64.757	95.552
341.839	246.808	101.285	77.161
339.100	248.224	98.237	75.551
335.644	250.436	92.217	74.227
339.259	253.211	90.722	73.429
357.089	255.456	91.247	75.874
367.359	261.293	92.033	74.336
375.583	264.469	88.086	74.968
256.015	228.278	36.765	90.730
396.228	270.077	84.870	71.623
278.572	197.608	45.195	86.977
422.258	273.509	65.372	71.059
428.586	274.724	61.288	70.864
433.642	275.856	60.012	73.549
437.101	270.422	64.471	79.347
437.185	275.737	65.075	70.705
432.306	278.810	68.342	66.081
428.965	273.423	74.491	68.607
424.519	270.923	78.950	70.989
420.551	271.479	79.008	72.332
408.761	279.991	70.983	70.250
396.408	279.895	77.678	73.952
387.702	280.595	82.346	75.109
379.176	281.568	84.461	75.481
372.973	282.520	87.840	74.970
365.585	375.904	106.662	102.943
355.896	275.389	106.061	85.596
368.675	273.197	92.726	76.971
243.877	256.129	62.843	90.339
383.334	273.062	91.662	63.415
273.867	235.128	25.857	80.094
287.311	142.630	55.727	64.193
425.581	268.144	103.306	47.962
448.344	265.007	95.510	53.803
463.459	260.673	91.215	61.578
479.033	258.764	89.178	66.560
487.784	259.771	94.560	68.483
490.585	260.547	98.391	68.104
494.994	260.816	103.308	70.657
495.350	261.265	105.443	71.163
497.421	259.744	107.802	73.939
500.008	259.471	104.577	74.471
501.307	260.270	103.898	73.847
501.371	260.481	102.895	74.811
498.452	262.030	101.775	72.907
494.908	260.458	100.586	78.141
490.251	260.752	96.785	78.463
359.977	324.179	29.156	100.997
485.102	256.495	91.726	84.773
483.729	254.893	89.553	84.416
480.999	255.207	91.684	84.270
480.046	257.381	90.664	82.312
480.623	256.115	88.650	83.256
481.159	252.402	86.419	88.085
480.301	256.735	85.835	85.909
347.380	237.399	42.615	106.660
478.527	256.051	84.191	86.760
476.611	257.824	84.374	84.766
477.895	261.314	85.819	88.147
481.700	263.815	81.883	89.233
493.191	266.493	69.922	89.536
496.424	267.626	67.588	93.352
506.028	268.413	64.925	96.533
515.549	270.892	64.892	91.136
524.288	273.383	63.422	92.048
532.521	277.256	74.399	93.315
539.579	278.497	84.735	93.315
546.492	277.305	85.069	92.493
545.597	273.720	89.444	91.697
548.147	269.630	84.920	93.077
409.629	420.467	43.157	73.961
487.037	425.284	99.772	66.531
529.876	262.095	113.081	133.457
516.744	262.901	105.340	97.850
508.182	270.462	94.427	88.691
492.485	269.672	82.890	86.839
484.758	265.910	69.140	92.905
474.487	262.009	76.202	94.284
451.891	265.297	70.048	90.858
442.763	265.400	71.129	92.624
407.050	262.618	93.212	92.874
383.031	263.498	107.736	90.019
366.936	264.203	120.064	81.133
358.812	263.509	120.949	74.517
355.781	262.380	117.436	66.581
351.562	261.672	108.671	59.668
341.445	258.681	105.434	59.332
340.474	251.968	99.710	72.617
335.791	245.911	104.781	86.154
333.885	246.877	111.151	93.484
357.019	250.198	104.471	91.790
363.233	252.140	101.540	91.003
394.141	250.539	78.211	94.963
260.118	222.249	25.275	101.977
431.475	254.029	59.620	89.026
433.749	256.767	68.299	87.501
310.990	149.728	60.600	74.191
505.222	402.059	89.905	62.935
443.964	375.055	91.503	74.173
442.426	399.292	98.943	120.738
432.200	262.856	114.172	100.265
274.046	218.647	27.432	113.066
473.279	263.037	97.579	97.952
485.808	268.137	88.056	93.211
525.232	271.581	67.140	89.383
544.119	271.075	105.222	86.518
444.625	391.114	77.464	87.284
549.620	265.157	132.361	108.317
560.066	266.704	129.505	88.028
548.977	272.384	137.563	82.838
550.767	270.166	133.400	78.502
555.399	269.041	118.643	82.641
553.341	269.282	109.420	82.715
541.492	271.729	118.288	81.740
534.967	272.831	119.960	78.364
528.889	277.158	111.681	76.294
521.435	275.388	110.038	81.648
515.276	275.321	102.302	84.835
506.357	276.105	101.726	87.995
499.664	275.851	91.711	90.565
491.901	272.909	90.806	99.195
483.490	271.109	90.866	107.326
475.101	271.700	94.522	108.684
459.659	272.092	102.019	107.031
449.734	272.482	106.325	101.451
430.184	269.628	107.065	103.513
400.074	265.242	121.042	99.977
389.318	263.755	114.786	93.876
383.014	263.201	103.151	89.719
377.219	259.714	84.780	95.054
367.358	252.253	84.864	101.020
352.676	250.419	91.773	101.990
201.333	230.837	67.875	120.188
336.668	251.374	98.752	102.820
179.138	113.462	58.171	98.235
452.924	451.572	89.979	64.224
364.618	384.599	104.677	110.650
295.189	394.580	136.846	145.597
317.507	257.936	140.384	119.568
319.304	263.992	136.654	108.030
329.248	264.836	135.086	106.255
337.684	265.827	131.641	106.966
343.448	267.474	130.855	105.492
348.529	267.978	129.494	105.650
352.981	267.268	127.451	108.755
360.742	265.494	122.217	109.903
367.750	265.672	118.569	110.440
374.166	266.152	116.119	111.010
381.850	265.449	110.860	112.071
396.075	262.229	97.408	118.332
414.883	259.968	82.350	117.967
428.347	259.579	70.518	115.015
435.143	258.009	66.892	119.386
440.271	255.360	66.929	120.952
444.151	253.788	68.818	123.200
457.255	256.949	69.211	112.694
470.792	248.138	67.267	122.037
308.903	129.624	46.900	106.532
313.926	204.648	53.914	124.356
317.554	227.020	52.260	119.617
315.119	115.912	50.279	109.367
317.490	142.292	43.327	126.724
315.145	202.073	51.468	134.243
310.831	68.533	48.230	109.509
494.228	210.731	123.937	121.137
496.921	208.506	124.553	116.094
499.499	206.080	119.125	115.300
502.528	206.210	112.462	115.330
323.747	110.760	53.970	133.405
317.294	414.422	70.843	78.593
502.905	211.133	109.697	111.370
330.013	406.917	58.760	82.431
362.753	357.536	92.280	105.071
434.115	244.464	108.993	104.231
433.644	241.350	118.233	100.929
398.888	249.450	110.036	101.800
361.595	256.792	109.236	105.150
320.357	261.482	120.195	110.049
301.216	268.729	115.799	105.507
265.495	269.619	133.096	104.555
254.937	272.014	127.400	106.765
227.755	271.010	137.662	100.027
206.272	263.012	131.980	105.340
199.299	257.633	126.283	109.181
194.747	249.384	129.704	114.105
194.454	241.889	127.750	121.544
193.358	238.565	131.308	121.300
198.880	240.769	136.394	118.272
205.278	247.815	135.742	113.272
218.875	257.112	135.184	108.225
239.340	267.476	135.261	104.895
256.608	275.779	140.969	103.037
273.996	280.518	149.262	107.028
297.011	277.021	145.191	112.702
329.917	277.979	127.626	109.624
364.317	267.419	98.446	116.562
390.941	262.824	112.173	111.440
403.372	254.086	116.046	110.744
412.080	248.076	115.497	110.631
422.706	245.459	111.168	105.716
261.550	230.083	28.682	118.530
264.995	224.616	29.851	118.877
260.419	224.313	31.768	125.322
262.370	223.630	28.736	127.779
261.347	224.419	28.852	122.285
259.295	220.478	30.466	121.873
261.347	222.044	29.447	122.426
263.392	227.094	28.151	125.922
259.103	229.116	28.498	121.617
430.721	247.536	124.256	104.914
435.369	244.622	121.655	109.673
264.266	228.376	29.241	129.970
472.330	241.974	107.525	117.311
477.305	239.039	109.942	123.583
480.504	237.938	113.301	121.065
485.285	238.006	113.649	121.683
484.991	232.738	120.047	120.811
487.508	234.033	119.249	116.059
485.420	233.656	122.461	114.173
482.099	232.795	123.804	114.742
479.526	234.891	127.972	112.843
472.642	236.176	133.074	109.679
470.917	237.798	115.154	110.325
470.076	235.853	107.478	124.300
464.470	234.511	94.794	125.324
450.421	231.959	67.903	128.180
444.834	237.820	68.811	126.281
435.642	236.648	71.491	128.506
271.253	234.955	25.136	116.483
258.874	234.573	31.132	118.494
396.292	241.256	97.424	112.519
386.975	236.337	104.359	113.688
375.951	236.370	112.830	113.121
369.666	235.999	118.020	112.274
366.182	238.040	117.478	110.021
363.985	239.457	115.551	110.009
362.729	242.477	112.344	114.483
362.658	246.916	108.755	118.125
363.271	245.619	104.986	128.594
364.450	246.303	104.601	132.498
168.524	126.432	65.310	144.871
181.386	237.770	47.946	157.351
375.630	251.078	92.085	129.937
375.126	249.844	97.212	131.607
376.958	243.111	102.187	131.247
375.725	241.275	111.523	127.449
191.708	298.008	26.738	155.058
383.337	225.842	111.721	133.926
386.638	224.858	113.285	131.553
404.256	223.768	99.542	130.596
408.898	218.997	94.812	133.625
415.506	221.712	89.831	140.119
423.861	219.750	82.192	138.039
244.652	221.058	37.726	141.113
428.442	232.157	79.946	114.963
438.784	233.414	74.795	113.645
433.428	235.228	81.062	109.350
432.610	238.845	85.304	109.016
436.243	242.582	83.175	111.038
431.922	244.382	84.154	121.556
432.630	247.739	86.703	128.246
430.249	250.320	90.141	133.022
429.819	251.877	91.399	136.043
432.130	257.064	91.609	130.707
431.369	258.606	92.965	128.256
255.542	223.467	34.318	128.246
408.453	259.910	117.997	114.071
397.609	258.937	130.432	117.452
391.069	258.060	137.986	120.412
390.446	252.750	140.056	123.660
389.278	249.070	141.862	126.262
187.852	264.504	39.731	172.413
406.027	227.395	136.417	134.904
416.982	220.965	134.668	139.194
425.547	206.824	130.943	151.027
434.296	208.346	132.018	151.207
210.766	314.645	53.241	145.786
465.500	203.545	98.915	119.398
295.838	237.691	27.989	136.781
496.699	198.104	84.980	116.920
335.507	71.997	39.532	107.926
507.452	197.238	100.886	125.171
326.757	100.419	50.713	133.788
494.058	210.138	135.384	124.021
486.159	215.076	141.673	127.557
286.865	225.818	34.675	140.549
463.660	406.574	160.634	152.390
256.280	209.787	29.675	122.067
419.772	239.782	149.379	123.910
397.896	244.809	156.100	121.088
375.922	252.180	159.600	116.960
350.964	251.643	160.665	122.672
337.169	257.440	164.905	120.183
317.367	258.664	174.904	125.790
314.366	257.180	161.989	137.082
308.747	262.294	152.025	140.809
302.268	266.378	142.905	140.380
299.065	270.982	108.745	137.937
103.341	380.333	95.353	140.552
283.189	272.601	92.327	135.694
270.359	273.041	95.380	131.352
256.957	272.348	114.686	132.996
230.179	270.967	151.142	135.429
223.260	270.559	160.648	137.753
223.539	269.986	160.773	137.505
240.027	268.573	140.798	135.291
270.709	269.719	108.968	136.926
294.040	266.908	85.800	137.883
308.659	267.110	80.602	139.260
125.472	125.706	86.021	99.716
121.672	118.445	87.898	104.996
319.840	267.019	99.345	135.755
130.737	118.782	87.945	103.070
140.179	125.486	90.458	102.754
158.688	158.311	69.393	140.849
343.661	270.131	102.577	143.356
142.839	161.989	92.457	142.514
115.549	148.837	110.416	145.956
326.430	263.860	163.746	139.229
329.467	263.201	165.058	142.053
349.678	263.910	148.105	135.889
132.290	77.125	91.852	120.802
166.962	201.106	58.230	153.076
412.019	254.365	93.214	142.824
406.343	255.262	100.071	145.228
403.026	252.357	130.817	144.062
187.287	262.488	46.515	151.784
401.806	248.256	167.036	144.251
417.213	250.080	149.568	142.842
439.244	252.043	125.394	137.414
231.538	220.991	67.947	141.826
272.096	246.050	60.857	134.254
279.803	272.131	37.317	137.764
484.447	257.405	84.930	133.157
302.291	112.277	57.239	106.444
488.039	256.183	89.029	133.686
485.307	256.172	91.989	133.863
296.036	109.884	67.110	122.718
478.180	255.022	96.285	134.553
466.409	253.803	105.294	134.988
276.313	278.074	35.748	137.015
255.229	223.225	42.031	149.929
225.205	225.869	60.642	132.517
205.555	223.860	68.071	137.696
408.616	245.148	183.314	151.687
151.882	242.873	69.722	149.867
413.287	249.535	155.349	151.480
179.167	251.363	44.335	153.497
415.829	248.168	88.804	153.911
411.122	251.730	86.785	144.083
402.982	255.057	90.754	142.969
391.982	255.710	103.599	143.034
379.855	257.084	117.628	140.013
347.995	259.507	150.449	139.857
123.377	394.020	106.702	139.402
320.783	263.497	102.194	141.152
326.478	263.561	156.372	140.886
319.141	269.205	150.616	139.609
319.560	269.523	141.025	144.656
94.747	80.200	107.467	138.230
106.328	139.924	96.648	157.249
122.664	148.619	80.477	155.216
136.984	153.241	72.972	144.515
141.336	156.295	77.132	142.934
140.260	162.947	79.158	143.167
135.842	161.081	74.699	141.657
132.920	163.798	78.696	143.151
326.367	275.502	83.417	145.717
134.000	134.182	82.728	102.846
132.672	175.191	86.838	140.489
135.374	129.784	83.430	99.345
323.320	271.122	83.428	142.324
323.964	269.347	84.120	144.038
321.941	268.758	89.279	141.499
319.298	266.951	97.152	142.477
308.070	264.877	120.941	145.727
303.949	259.986	143.309	150.307
300.933	259.558	169.388	146.121
300.325	257.265	176.219	150.599
309.799	256.442	170.281	148.597
345.067	254.313	144.495	152.942
372.140	253.643	118.281	147.535
161.504	341.760	43.714	157.105
419.008	246.225	92.817	151.773
420.566	246.908	88.245	157.517
216.957	204.624	60.920	139.067
420.196	245.460	137.753	144.372
203.982	182.141	69.267	139.341
190.212	215.772	73.377	145.432
453.156	243.989	155.580	150.013
220.716	223.614	68.186	141.571
476.987	236.137	135.795	160.088
492.651	249.591	114.857	142.390
494.498	246.104	109.792	143.218
285.607	128.822	78.015	151.713
499.349	246.204	106.872	142.173
500.954	246.010	105.961	142.786
503.065	247.559	103.331	142.002
495.468	247.292	106.419	142.192
482.900	247.518	114.753	142.902
281.277	273.215	34.246	138.920
260.859	333.201	37.496	147.828
242.359	234.102	57.824	145.666
226.061	228.568	59.625	144.650
198.103	218.419	68.206	140.010
200.119	221.464	71.808	135.576
434.510	252.158	117.849	150.663
411.149	253.443	98.797	162.829
195.451	227.849	47.822	146.296
377.681	257.774	129.667	146.945
350.860	258.251	155.307	141.240
121.165	116.848	99.599	159.164
300.927	263.559	165.053	146.020
297.771	265.710	151.864	154.069
296.806	266.119	140.781	152.676
302.719	265.417	121.515	153.204
295.391	270.750	101.063	149.807
276.473	274.450	104.748	145.066
75.027	168.173	120.111	152.458
244.602	276.838	137.044	148.112
237.994	276.415	150.991	149.072
233.810	278.525	157.314	148.078
230.086	279.471	161.751	147.737
228.707	279.977	163.884	147.591
228.642	280.659	163.970	145.898
228.655	280.889	163.677	145.596
228.754	280.533	163.315	144.693
229.838	279.616	161.967	143.929
230.443	278.817	162.478	143.166
236.764	276.971	157.523	144.345
247.923	275.252	148.487	146.068
264.785	271.940	132.639	147.130
285.987	267.678	111.529	149.869
305.729	264.690	101.631	153.433
312.887	262.661	101.922	147.224
317.813	261.646	108.183	148.127
323.006	258.836	133.054	151.400
322.863	255.827	169.059	150.934
327.950	251.899	181.483	154.461
336.295	251.517	179.882	153.544
389.825	242.987	147.004	162.578
409.835	241.013	130.097	155.916
436.896	235.803	111.809	158.575
217.138	201.111	63.031	151.007
239.233	58.352	88.847	134.759
210.247	205.072	97.837	158.103
173.410	200.872	95.207	165.159
446.382	219.281	195.732	169.271
454.262	214.608	180.717	176.035
469.004	215.858	159.341	175.364
478.498	213.318	135.639	179.796
484.635	215.807	125.945	177.086
485.005	218.217	122.840	173.786
483.886	219.916	120.837	169.099
477.747	223.197	122.568	165.575
467.675	227.420	126.770	160.864
456.003	232.012	134.308	158.078
445.690	233.758	148.230	158.497
425.379	234.153	172.250	159.220
418.253	246.224	177.182	147.578
408.452	245.883	162.686	149.943
417.193	246.225	135.824	160.557
377.024	241.686	109.938	162.633
367.889	248.381	121.826	175.683
346.495	248.685	147.081	173.348
314.719	250.984	178.928	168.912
275.491	256.088	218.433	154.798
269.603	263.318	182.309	165.047
269.456	264.057	159.206	162.904
272.027	266.310	148.055	163.782
280.830	264.409	139.897	163.231
35.191	125.502	111.283	178.881
45.170	138.054	106.264	177.378
246.926	272.696	134.970	163.032
237.496	271.039	146.732	167.130
229.108	271.577	156.484	168.403
225.235	271.002	157.249	173.169
222.159	271.486	154.386	173.946
220.588	270.905	150.617	174.523
222.448	270.269	143.612	174.746
225.877	269.817	138.062	172.748
235.380	268.394	127.518	172.855
0.000	133.683	102.881	190.056
2.150	141.871	108.815	188.264
25.203	66.763	111.327	117.596
277.891	265.793	101.866	170.992
284.912	263.791	112.963	170.768
284.274	262.249	143.234	173.095
272.864	257.723	183.674	175.043
269.067	257.307	180.413	173.293
277.868	255.118	207.119	165.708
294.987	255.535	200.367	174.797
216.551	541.549	194.553	34.451
277.791	387.876	108.427	160.242
358.083	239.599	113.516	154.270
144.983	69.587	63.571	130.884
195.197	32.959	76.864	72.290
430.991	508.626	220.326	67.374
431.768	555.184	191.453	20.816
475.650	422.578	117.257	134.043
491.790	239.206	118.750	156.688
508.994	213.548	103.466	176.886
304.378	228.640	115.368	196.265
498.769	209.974	122.635	168.676
511.774	205.831	124.711	167.239
318.735	237.394	90.916	184.382
503.716	210.899	134.599	152.016
493.732	200.992	156.553	162.657
463.543	198.912	189.913	161.932
439.799	189.133	199.663	167.332
401.428	0.000	237.567	4.042
433.457	0.000	153.075	0.000
337.233	191.810	236.722	165.918
301.564	213.431	243.948	147.267
269.222	201.832	265.305	166.711
247.881	214.052	270.491	155.520
240.800	218.343	223.356	160.084
230.335	225.018	198.511	155.672
183.659	226.551	174.703	161.304
162.808	229.312	177.534	161.555
144.551	227.448	192.114	169.791
133.593	233.935	201.917	173.390
118.379	237.988	213.320	174.089
101.461	243.237	238.164	169.890
0.000	184.592	65.049	183.455
102.830	246.711	244.046	167.415
108.946	253.431	243.664	161.192
161.399	262.193	190.175	150.784
220.886	255.592	136.149	165.636
246.185	255.655	114.893	173.892
267.048	254.149	102.472	176.277
268.069	64.286	160.449	63.758
288.332	255.904	107.990	188.334
297.587	254.114	114.583	197.467
300.279	255.984	132.791	194.880
290.722	248.487	154.114	199.909
280.610	240.748	181.708	205.645
9.387	575.682	280.479	0.318
260.883	243.482	256.784	191.314
280.993	246.155	220.862	185.201
304.161	241.830	208.649	191.452
317.488	246.413	176.260	191.127
334.724	237.826	156.741	202.192
351.601	228.009	169.572	218.436
333.560	223.501	198.658	222.743
237.637	561.574	241.963	14.426
300.918	217.950	274.650	229.845
132.052	115.139	139.235	37.076
302.773	214.700	207.274	209.677
39.054	556.955	275.280	19.045
287.036	202.697	237.247	213.983
313.521	206.185	188.337	199.943
516.623	201.528	138.850	222.047
495.669	193.191	147.008	207.691
306.195	202.099	213.451	218.544
303.993	212.366	223.645	219.427
317.247	522.654	238.702	53.346
353.104	544.334	208.246	31.666
339.562	576.000	176.631	0.000
405.864	576.000	170.000	0.000
313.409	206.279	281.124	224.774
318.763	200.398	268.068	226.655
330.932	195.630	247.052	225.829
613.431	0.000	237.325	0.000
381.332	200.083	164.010	218.669
387.884	199.743	136.983	225.436
410.515	211.756	117.169	226.633
118.511	146.075	101.607	199.983
113.270	139.309	110.483	206.670
364.332	218.315	196.029	229.752
367.299	13.811	223.906	143.344
259.365	576.000	246.466	0.000
70.097	576.000	312.650	0.000
311.525	221.820	278.461	225.479
576.275	576.000	314.394	0.000
566.158	576.000	323.369	0.000
288.193	230.944	290.853	205.509
286.569	231.589	285.164	218.344
276.635	223.886	279.430	228.624
260.183	222.192	288.507	220.468
254.447	217.391	293.537	212.235
253.177	576.000	302.821	0.000
267.657	576.000	288.012	0.000
240.720	218.940	273.506	242.489
516.153	566.885	299.656	9.115
245.556	221.894	245.977	241.137
242.278	219.635	233.583	247.963
241.149	218.551	216.610	260.548
238.687	217.309	204.178	269.843
235.238	212.244	200.068	285.503
231.911	220.508	195.050	274.682
227.705	223.619	189.296	266.644
211.772	225.005	202.518	241.812
204.069	215.607	210.563	224.852
201.785	206.697	214.238	212.529
198.297	209.871	223.884	198.566
204.025	218.098	220.879	190.278
210.798	225.874	214.655	186.604
229.946	222.697	208.435	208.810
252.002	225.879	194.869	218.910
272.691	227.509	185.800	220.479
274.602	226.102	202.850	255.499
271.390	224.350	206.194	277.249
269.751	220.399	218.905	283.153
269.062	217.602	294.642	269.724
267.212	212.109	328.829	273.166
269.563	206.396	335.460	266.126
286.012	210.465	325.051	259.847
605.061	0.000	303.221	0.000
334.022	203.924	280.581	276.092
367.348	207.467	245.631	280.299
415.335	213.459	198.340	279.821
463.123	229.754	160.465	269.063
100.431	148.925	112.817	214.741
500.654	225.489	160.664	247.770
509.857	221.188	176.405	248.435
500.320	218.696	219.820	244.047
514.519	539.698	254.878	36.302
355.296	271.194	48.324	102.307
474.775	204.134	297.260	252.344
474.887	576.000	304.728	0.000
723.570	576.000	236.430	0.000
423.821	190.178	341.945	240.038
704.012	576.000	255.988	0.000
390.159	178.610	351.153	240.315
371.629	178.604	360.339	238.647
355.619	179.994	364.129	239.152
349.549	182.527	357.232	245.198
340.359	189.990	345.411	257.254
343.313	193.166	316.948	271.990
349.925	198.172	276.243	278.642
377.772	555.499	222.791	20.501
383.000	195.981	171.168	297.665
330.938	206.170	200.505	302.043
288.905	195.890	259.988	309.361
238.365	197.954	344.475	309.349
233.583	194.219	371.919	310.037
225.162	189.697	396.627	319.891
213.010	0.000	373.747	0.000
255.131	0.000	332.964	0.000
633.946	576.000	296.470	0.000
642.795	576.000	285.030	0.000
286.292	196.940	195.984	309.216
240.589	187.600	274.233	312.783
199.338	187.736	333.469	314.873
173.803	187.641	364.239	319.790
158.232	187.307	395.766	317.976
158.298	185.507	397.111	319.269
168.526	175.152	371.188	336.892
178.763	174.251	330.554	339.154
200.771	171.927	279.790	342.006
219.948	178.052	231.274	331.022
240.704	178.809	182.364	332.761
0.000	422.057	152.303	153.943
0.000	429.168	156.944	146.832
244.869	190.609	154.181	323.705
244.761	194.007	154.812	315.465
244.761	195.219	160.654	312.395
241.986	197.098	171.460	311.315
236.558	198.966	183.710	309.447
233.909	200.068	202.649	313.021
216.717	200.422	248.323	316.436
196.657	195.294	308.236	331.751
488.636	576.000	380.552	0.000
455.861	576.000	415.244	0.000
179.561	199.106	425.202	344.671
535.640	576.000	424.360	0.000
201.315	0.000	471.537	0.000
296.493	196.851	325.636	364.759
328.780	204.088	282.291	363.385
338.665	199.217	280.203	363.192
432.750	188.419	227.186	374.724
442.513	196.418	276.408	357.719
424.234	190.193	343.755	361.295
743.562	576.000	216.438	0.000
358.118	192.843	445.427	361.850
344.379	200.666	459.841	359.617
345.198	192.832	445.755	371.827
347.756	185.234	418.243	380.538
356.340	184.024	375.515	388.000
401.449	0.000	304.727	0.000
720.519	576.000	239.481	0.000
460.036	0.000	223.027	116.811
706.076	576.000	253.924	0.000
457.671	205.025	158.248	361.805
126.976	426.246	273.267	149.754
446.222	205.854	180.108	358.386
449.319	206.720	183.480	355.094
455.497	210.122	180.137	340.105
469.348	213.676	171.459	352.587
465.346	215.174	184.617	337.527
462.518	226.212	192.662	336.889
470.228	235.329	193.561	329.786
711.949	562.830	245.706	13.170
317.669	98.771	137.268	381.991
424.332	220.665	256.574	336.817
406.932	225.764	279.811	326.168
392.362	225.756	300.643	318.618
398.503	222.867	300.770	309.650
397.666	223.616	308.097	298.948
366.068	228.512	343.241	302.680
367.933	221.295	316.206	315.329
379.287	224.193	286.271	316.150
405.670	211.350	234.440	331.311
709.226	576.000	249.519	0.000
426.264	234.136	179.270	309.532
74.382	21.624	157.035	245.034
414.493	268.699	183.713	269.912
406.594	267.053	189.403	268.929
387.479	263.022	189.433	258.933
368.065	263.237	185.246	241.639
349.807	260.499	190.240	233.944
322.702	257.515	194.570	228.457
302.995	269.556	210.763	205.551
152.483	174.996	347.340	326.948
274.587	178.986	211.641	274.085
269.944	186.477	180.537	259.062
83.208	44.611	180.161	189.255
96.760	246.325	198.702	145.964
99.999	50.349	172.106	160.162
59.611	243.467	207.364	173.428
121.872	33.455	180.145	166.073
36.351	207.119	272.396	255.599
34.478	236.501	251.611	214.985
33.439	238.137	269.494	205.100
29.791	235.697	275.544	212.451
28.329	243.789	194.521	207.603
29.244	249.531	169.780	202.161
27.196	247.360	163.727	201.166
40.553	245.205	153.876	205.454
51.096	235.216	162.438	210.238
62.118	230.761	194.420	214.288
35.273	230.566	332.071	234.984
66.400	213.861	318.529	234.260
93.683	230.864	327.760	205.160
117.897	226.381	333.540	212.768
147.277	228.187	272.759	220.280
188.346	549.643	290.841	26.357
139.479	221.810	392.692	298.298
261.779	227.448	206.891	239.258
294.703	213.838	283.681	265.038
295.314	199.682	293.773	274.613
300.903	193.472	293.109	279.880
310.561	193.326	288.175	277.846
318.606	194.780	286.074	268.922
319.040	194.418	288.270	268.187
322.227	199.272	290.622	265.096
323.671	200.502	290.316	262.629
318.648	202.329	294.947	257.825
311.913	202.601	302.305	257.385
300.404	206.175	309.404	252.599
286.172	204.688	316.021	257.753
271.336	204.876	322.241	257.730
261.451	202.834	313.315	263.749
251.253	209.146	312.205	248.782
243.142	213.700	311.951	245.896
242.788	215.380	301.546	248.538
239.952	222.075	300.032	247.105
239.089	222.945	301.309	249.371
242.065	233.752	300.234	240.711
247.298	235.102	298.296	232.793
256.091	231.141	288.513	242.126
270.887	227.795	269.565	241.717
304.601	227.160	225.930	232.570
346.281	229.369	176.033	213.182
347.114	232.532	184.319	210.199
346.633	232.958	190.929	194.209
350.014	235.995	253.271	199.229
351.103	0.000	275.384	66.805
349.969	229.097	291.941	212.590
364.883	221.481	272.390	197.874
364.831	232.474	257.880	175.880
364.667	232.770	252.513	176.566
385.631	233.897	226.473	171.579
355.493	249.686	243.816	149.719
340.149	254.088	244.890	138.385
174.647	114.368	186.120	131.060
336.115	200.131	195.843	191.763
324.024	221.515	176.648	173.371
318.247	212.938	166.267	181.661
174.963	209.260	194.869	169.674
139.571	230.604	223.205	146.228
144.062	241.427	207.914	145.701
112.987	226.650	269.155	169.572
118.099	235.889	241.888	152.317
143.362	0.000	264.086	361.716
81.471	207.095	286.484	186.077
77.487	202.650	210.972	186.688
84.012	207.802	212.367	175.381
97.012	209.804	201.306	172.967
145.799	195.370	178.180	181.960
158.142	204.010	162.706	179.225
189.737	207.749	159.445	178.094
209.079	205.355	158.720	183.223
259.965	220.673	164.310	188.548
282.731	223.204	160.207	207.096
289.363	225.278	160.460	208.865
295.757	221.297	160.786	206.258
297.699	218.260	180.874	212.136
300.753	211.249	214.428	211.037
336.289	204.513	215.473	225.013
363.126	199.591	199.463	223.045
373.989	193.459	191.086	232.732
380.636	190.959	186.873	244.987
402.946	186.150	185.848	192.548
403.535	198.668	197.500	186.276
404.233	193.000	209.116	195.236
405.079	185.869	211.324	203.903
399.532	185.160	220.766	203.864
365.955	191.620	242.683	186.103
357.291	193.895	247.425	192.370
348.478	203.228	237.906	195.946
334.604	206.762	236.826	193.310
326.572	221.767	233.497	186.672
311.652	231.950	180.379	171.725
305.929	240.936	164.790	180.358
298.256	240.578	162.212	188.953
289.998	247.005	155.936	183.486
285.697	246.551	123.944	182.035
322.982	0.000	235.756	285.039
247.801	257.056	115.135	170.351
225.984	256.451	123.450	166.803
214.745	258.546	138.471	166.849
209.500	255.279	151.089	173.698
208.074	252.383	174.772	151.617
290.898	51.394	156.150	170.926
207.446	239.285	196.978	161.760
209.852	252.830	211.819	127.218
238.576	249.749	184.966	127.861
272.004	249.788	158.810	127.451
61.478	102.303	116.856	163.284
300.072	251.265	140.690	116.194
225.099	229.090	243.630	147.042
347.167	236.616	185.796	149.594
363.645	228.113	177.459	164.640
385.792	236.985	166.052	157.795
408.854	239.442	145.168	161.439
426.010	242.820	142.412	156.717
434.477	250.528	143.252	142.216
438.660	251.590	142.195	148.520
447.021	255.750	144.833	135.962
443.103	254.284	151.791	135.910
447.306	257.478	149.768	127.461
448.164	259.274	149.059	121.220
455.980	259.357	141.933	119.175
459.490	259.705	135.591	122.447
460.458	256.837	131.062	125.936
268.969	259.848	57.258	150.868
88.683	139.027	96.225	110.916
370.302	244.708	139.840	148.550
333.686	28.526	251.654	246.480
139.603	38.204	106.604	126.135
139.529	229.714	94.515	160.297
146.417	244.037	89.717	145.068
320.849	246.057	118.868	129.229
129.899	114.074	92.507	162.856
93.518	167.196	106.827	188.786
284.012	218.302	177.052	164.771
18.798	40.078	133.767	182.605
279.249	216.570	122.578	170.302
321.648	227.449	195.911	157.740
338.177	231.767	194.403	154.814
360.233	236.414	174.062	154.283
371.997	239.851	163.119	151.778
390.297	239.519	168.560	150.088
423.015	239.340	159.042	145.099
433.303	232.958	175.283	142.103
442.176	237.737	173.497	136.926
449.518	240.129	167.569	127.334
447.205	239.616	170.488	120.582
420.983	238.800	188.342	114.891
413.765	239.308	200.734	123.321
392.552	242.104	216.970	121.350
387.603	244.033	215.242	121.853
372.025	248.185	222.330	130.457
354.406	249.921	234.014	134.513
347.411	250.927	206.131	143.757
342.161	253.617	214.601	144.118
339.111	255.555	188.979	142.921
338.205	258.162	152.453	141.414
341.188	257.153	124.177	138.766
162.072	102.594	175.511	151.289
355.457	255.421	102.895	134.577
362.073	256.447	97.189	130.372
366.834	258.246	98.159	124.737
190.414	243.906	92.878	134.617
386.848	255.267	106.989	122.745
208.804	240.745	70.697	142.206
409.783	254.874	110.682	125.480
373.290	247.124	190.290	158.475
403.563	102.696	179.063	179.492
362.368	0.000	262.936	343.874
265.693	0.000	409.035	486.893
312.389	0.000	428.321	507.633
302.742	0.000	364.382	479.932
351.380	0.000	382.517	502.864
307.131	0.000	374.818	446.469
170.709	0.000	540.987	538.120
319.943	0.000	379.508	448.163
290.833	0.000	309.338	0.000
443.460	158.963	208.575	195.085
479.877	206.894	171.788	140.835
518.658	205.964	135.105	132.873
496.724	504.951	137.629	36.151
470.813	294.403	133.707	210.252
435.586	73.647	164.125	172.066
466.979	246.604	118.696	146.673
439.650	257.456	156.911	290.528
393.202	162.417	295.572	406.451
122.191	212.877	80.290	195.388
419.907	0.000	184.931	339.707
393.982	237.440	177.587	139.554
391.056	240.367	132.060	120.470
199.905	89.365	88.162	124.114
199.031	83.835	97.634	123.756
366.327	244.541	132.578	118.964
178.495	227.444	76.699	155.646
175.532	70.809	87.410	127.729
166.567	239.805	99.772	145.952
361.980	244.863	147.845	124.589
159.334	223.968	81.045	158.515
365.340	244.597	152.622	123.595
163.530	59.230	97.142	126.252
164.472	114.819	88.875	139.270
169.484	236.081	102.315	144.437
167.495	240.143	110.572	140.882
373.470	247.608	146.679	122.295
174.972	244.939	105.114	136.677
178.226	251.452	120.146	130.519
181.435	123.787	87.769	139.955
181.567	50.792	85.548	110.650
389.717	256.569	146.238	121.790
393.430	256.796	147.800	120.464
194.891	240.251	102.262	140.851
201.290	245.130	103.276	138.303
410.840	253.475	133.674	121.947
410.725	256.149	134.925	115.384
411.235	255.430	130.743	115.846
228.624	255.898	86.548	125.283
224.466	257.604	94.737	124.514
221.972	289.439	58.688	158.419
405.349	250.419	141.225	122.613
404.817	248.233	145.664	123.054
205.395	244.231	81.844	137.158
203.765	236.415	87.874	141.587
407.511	245.397	142.545	126.623
204.876	233.326	87.462	149.327
205.185	220.728	73.077	164.261
202.793	170.194	57.999	160.942
408.831	241.506	140.995	131.685
204.303	222.325	57.778	161.297
204.035	116.728	60.056	149.025
202.560	176.925	60.700	156.253
409.878	242.030	138.171	132.290
203.373	183.643	64.189	152.094
206.014	244.439	82.411	145.762
205.655	123.348	67.604	142.412
203.042	245.048	115.631	140.532
399.636	249.166	147.877	129.796
395.394	253.425	147.048	129.232
187.842	246.086	118.641	144.566
380.441	256.884	161.850	129.127
164.716	240.828	92.998	154.923
157.139	56.708	88.386	137.632
154.242	119.822	85.649	149.767
153.202	59.147	93.001	124.538
152.722	64.320	91.303	128.096
157.277	103.896	60.578	162.567
364.472	256.267	134.981	127.883
165.090	130.028	87.550	149.538
181.853	335.521	66.416	166.126
188.047	259.896	95.330	132.022
196.355	256.266	94.861	136.232
201.013	103.769	104.756	102.105
381.272	262.703	97.382	117.328
392.112	261.158	101.649	112.454
227.237	110.734	89.742	89.093
222.646	102.514	86.744	95.307
224.916	102.643	82.248	90.181
407.318	263.475	84.779	105.476
401.458	257.278	81.086	103.725
403.853	259.043	93.492	111.894
401.603	235.933	111.150	115.051
393.434	83.757	140.173	182.464
395.461	162.168	112.424	121.980
381.576	162.901	122.028	103.761
391.846	235.551	124.890	146.437
183.217	268.738	61.176	153.384
373.015	132.146	54.990	109.597
373.239	114.903	134.374	212.450
313.812	6.084	242.592	310.152
227.398	0.000	377.196	453.338
229.265	0.000	457.607	442.637
255.360	0.000	340.605	444.873
48.620	0.000	633.882	529.476
96.678	576.000	483.931	0.000
0.000	0.000	194.624	0.000
17.564	166.085	113.782	235.988
404.613	258.163	113.285	142.943
369.584	233.251	136.512	144.639
348.343	145.218	131.735	136.683
352.376	146.269	123.734	130.516
361.815	157.455	128.249	118.517
359.311	129.265	122.342	144.351
362.009	153.462	129.645	130.178
367.516	156.833	128.434	116.507
382.073	151.993	124.876	125.690
394.118	149.113	121.335	130.058
404.076	142.311	123.918	137.930
435.683	251.705	95.674	116.940
427.458	258.715	100.394	111.436
421.345	264.070	83.756	106.273
420.210	268.345	85.485	95.816
422.111	263.780	77.059	97.901
411.358	266.938	83.401	96.953
417.852	265.231	81.615	98.233
421.086	262.217	86.743	101.270
431.957	262.621	98.623	108.815
433.421	253.331	119.309	193.506
376.552	189.574	198.895	280.310
452.398	262.053	103.735	119.859
440.766	269.944	106.764	108.918
357.651	223.644	184.435	173.147
428.717	238.604	132.595	137.650
359.602	255.833	195.061	220.620
354.306	79.998	213.918	438.027
316.203	36.713	340.458	510.560
54.843	187.033	126.914	196.391
433.863	244.575	103.978	131.172
409.729	262.593	111.655	111.151
391.996	234.612	116.889	113.349
400.742	261.717	96.131	111.761
349.971	230.620	154.479	172.803
98.242	101.624	126.134	165.558
371.781	255.075	112.802	127.791
186.851	94.596	84.866	120.958
228.372	143.144	122.106	90.159
334.753	266.314	97.883	111.029
171.512	123.490	67.984	96.107
165.063	133.880	79.824	97.580
163.563	148.563	77.097	100.342
284.004	281.299	111.112	98.517
127.050	137.398	83.804	109.782
105.879	125.134	76.307	118.367
96.511	155.929	81.304	143.092
89.661	147.249	85.857	142.400
92.678	131.319	87.097	146.972
95.860	133.281	85.368	145.466
111.517	134.338	100.648	111.049
285.555	279.190	121.143	110.553
126.966	132.318	105.688	116.369
333.080	269.873	108.066	116.811
343.469	266.871	100.940	115.074
349.802	269.095	95.833	114.338
351.473	267.955	103.442	112.916
357.822	268.275	112.741	107.764
362.574	271.766	129.843	108.960
368.681	274.998	134.559	107.957
641.189	396.967	37.674	105.788
678.039	441.804	79.282	92.359
377.561	270.105	145.995	120.896
333.412	206.367	169.111	177.594
668.895	402.942	100.981	98.593
660.594	394.640	110.487	107.358
378.422	268.699	149.204	114.573
216.771	145.393	119.364	124.598
413.954	270.539	106.599	113.138
247.073	160.809	69.653	108.538
265.865	254.325	75.438	123.849
261.244	192.421	72.805	112.444
421.707	275.546	107.210	107.311
422.083	277.118	107.138	106.903
261.321	166.399	28.391	132.611
256.760	167.030	27.037	116.768
255.308	168.468	25.991	96.664
247.857	168.913	26.072	108.022
419.338	282.729	133.011	111.209
425.511	282.264	129.132	109.328
248.095	161.885	55.029	112.928
430.152	285.728	123.750	103.475
262.759	124.708	77.680	111.883
265.886	202.128	40.629	138.106
434.089	287.041	120.491	100.529
269.835	129.460	63.698	106.085
271.633	133.369	69.656	99.212
266.384	128.899	70.280	103.871
436.278	297.731	137.673	85.547
439.344	294.478	129.882	93.899
443.439	295.425	135.363	89.030
284.890	128.040	71.295	108.330
453.783	294.272	131.452	100.855
455.444	293.272	139.764	110.287
272.235	113.948	54.945	122.525
465.169	287.698	145.230	116.429
271.487	105.987	64.066	131.407
471.964	284.376	146.729	118.222
473.623	283.604	147.523	117.438
274.376	148.679	64.936	137.268
281.991	142.819	53.092	142.919
285.723	147.944	54.607	144.780
290.586	107.104	55.744	126.956
292.109	107.298	50.537	131.112
296.860	109.061	47.848	133.240
295.494	109.615	48.410	131.097
290.876	104.078	49.121	134.941
289.395	103.632	50.227	135.675
481.569	277.777	137.381	112.803
295.269	145.369	43.109	144.950
484.852	270.352	128.454	112.338
484.193	264.249	124.001	112.429
487.487	256.636	123.415	115.179
475.829	249.202	136.668	114.963
471.598	245.999	136.898	114.984
470.007	245.199	133.636	116.675
470.315	253.271	120.039	108.749
462.562	248.925	118.443	113.611
289.186	95.662	29.557	108.642
455.332	251.201	94.369	112.711
294.970	118.593	45.459	100.092
423.561	260.776	93.487	98.498
413.747	265.115	101.578	92.372
399.004	267.972	107.375	88.627
314.287	133.607	126.128	112.326
331.489	265.420	149.827	103.284
330.149	268.220	141.485	100.817
330.383	269.550	132.093	105.899
343.878	265.306	115.934	109.545
346.203	264.893	109.855	107.628
349.646	264.339	105.751	102.267
345.574	266.125	114.292	99.576
343.349	265.641	120.529	100.945
341.985	268.139	124.769	102.890
171.308	149.650	65.186	132.902
344.367	265.341	126.507	108.929
168.594	368.857	54.220	138.092
363.163	257.770	119.224	116.490
382.431	250.985	105.973	116.156
396.056	250.338	90.114	116.574
414.672	240.029	73.811	119.603
416.909	242.504	66.376	106.780
421.853	235.395	67.727	104.251
282.811	297.713	27.795	112.942
429.574	183.224	99.709	137.044
430.413	175.746	101.148	129.597
250.944	357.969	70.282	94.942
437.783	172.404	127.338	170.950
433.378	170.324	121.611	119.003
253.274	371.496	75.737	86.762
427.959	166.391	136.074	146.060
431.552	186.744	118.796	101.687
436.437	217.677	108.563	70.866
642.919	336.967	30.691	86.733
434.564	239.444	120.646	76.866
312.156	255.615	80.238	73.880
801.539	302.301	39.388	128.732
797.319	341.722	92.660	83.836
809.605	339.482	86.267	120.832
960.000	310.237	0.000	112.323
960.000	376.315	0.000	118.242
843.337	350.245	55.552	116.355
960.000	388.734	0.000	106.090
960.000	388.819	0.000	106.864
846.441	358.831	54.521	106.656
844.317	357.219	54.239	106.755
793.153	307.213	119.981	155.955
960.000	364.230	0.000	175.027
960.000	363.680	0.000	171.778
808.469	343.280	93.747	121.230
424.492	142.918	80.955	289.010
841.584	345.989	59.261	123.589
843.663	354.496	55.942	109.407
845.812	354.884	49.988	108.154
847.505	357.250	47.354	104.659
851.200	358.254	43.408	104.176
848.415	360.647	50.849	107.407
847.751	537.140	79.528	34.808
834.124	375.802	95.253	171.463
675.557	441.769	94.514	133.422
827.710	351.353	90.503	115.477
839.425	357.579	68.167	104.641
839.979	364.703	63.927	99.976
842.189	365.777	61.090	99.099
844.949	365.733	59.663	98.015
846.792	367.229	58.201	97.438
846.577	367.029	55.123	97.606
850.425	369.615	51.982	96.346
845.000	370.938	58.211	93.886
849.435	372.131	55.172	92.361
859.672	546.549	77.290	19.281
853.187	528.097	57.585	42.948
853.381	521.875	48.698	45.265
851.556	522.995	48.840	41.342
846.323	528.773	52.772	37.996
851.587	528.832	51.462	39.497
850.085	529.532	53.180	39.833
853.068	534.293	46.380	35.847
837.847	438.150	81.136	115.624
852.334	374.922	65.668	108.302
837.323	359.976	76.519	106.556
836.364	358.425	69.596	106.248
838.656	358.195	67.063	107.304
842.304	361.200	63.797	104.266
842.249	362.028	61.675	103.054
841.789	361.591	63.243	103.730
844.874	362.921	57.614	99.936
848.969	547.949	78.809	22.980
848.889	533.667	61.188	38.901
852.486	526.326	55.460	43.264
856.383	513.926	51.431	51.383
853.476	518.953	61.622	46.221
850.072	511.262	74.051	52.666
839.133	485.913	93.229	76.219
854.705	415.528	80.677	132.263
960.000	446.947	0.000	121.072
960.000	446.408	0.000	120.003
960.000	440.847	0.000	125.171
837.098	361.857	66.121	101.698
884.496	450.194	75.504	111.497
788.590	360.316	123.072	169.818
956.582	483.742	3.418	92.258
823.265	355.537	79.651	110.314
840.727	355.183	62.067	110.433
848.434	362.480	55.597	103.375
866.021	540.553	85.398	32.371
843.507	370.473	78.493	180.270
830.441	350.288	96.226	121.708
846.755	355.131	67.352	112.088
794.833	336.663	123.766	185.311
946.875	395.982	13.125	151.332
849.692	363.447	55.995	100.738
851.701	366.348	45.766	97.548
848.616	367.954	48.447	98.185
845.505	367.514	51.772	98.211
889.776	537.303	70.224	29.825
882.825	503.844	56.993	55.225
841.015	375.955	81.027	142.958
844.549	360.310	69.140	108.208
852.583	365.334	46.180	97.251
851.249	368.261	46.957	95.869
849.278	368.451	47.782	96.510
841.184	364.254	55.160	100.635
851.440	363.437	43.818	100.011
849.189	365.935	47.430	98.706
850.105	367.236	46.377	97.593
849.989	368.492	47.096	96.857
848.041	368.554	50.127	96.888
849.245	367.178	48.923	98.534
845.030	365.708	52.624	99.455
889.795	538.996	70.205	28.831
886.735	513.885	52.139	53.422
884.717	498.964	68.022	64.072
853.623	473.036	94.154	89.116
856.674	390.893	76.921	143.343
845.948	362.821	63.232	104.030
851.458	364.142	49.707	99.967
851.223	367.591	47.508	97.183
847.398	368.387	51.183	97.679
849.465	366.919	50.638	98.683
849.577	367.085	49.917	98.180
850.585	367.445	49.864	98.618
849.298	367.735	50.506	97.369
850.158	369.009	50.212	96.234
879.418	541.204	71.097	22.679
886.017	521.532	56.854	48.252
887.482	472.236	64.173	84.513
807.252	355.462	98.134	139.018
854.006	370.516	42.813	89.940
851.476	365.861	47.152	96.275
850.164	367.674	48.664	96.149
851.960	368.740	48.738	95.739
851.701	369.491	48.760	96.123
878.958	541.164	66.757	20.754
852.374	524.056	46.766	44.397
857.227	526.238	45.360	41.643
850.736	530.893	53.415	37.945
857.357	536.868	44.054	33.293
840.157	435.397	67.221	120.866
849.391	365.384	54.469	100.609
850.854	366.610	49.035	97.190
852.775	367.948	46.844	96.506
849.708	368.980	49.306	96.530
848.946	367.608	50.144	97.277
850.769	367.701	48.627	97.878
879.248	541.466	70.787	21.520
884.583	526.662	58.662	44.010
869.777	513.299	58.748	54.735
846.510	531.743	60.867	34.889
858.357	538.041	44.699	32.315
837.748	437.708	71.178	120.149
850.721	372.265	56.773	113.257
848.256	362.143	54.648	100.431
851.048	549.008	75.118	18.904
846.944	542.826	57.389	29.516
846.431	510.052	45.845	27.636
853.323	373.600	36.919	82.079
855.871	373.842	40.312	88.653
854.662	376.230	42.999	89.448
853.602	375.930	45.004	90.494
850.941	370.131	47.769	94.791
848.866	370.223	52.569	95.117
851.365	367.560	48.643	96.363
854.158	370.405	48.060	95.116
851.615	371.828	48.756	93.493
852.519	371.267	47.996	94.163
852.127	369.665	48.225	94.371
853.404	370.316	47.669	94.453
853.153	370.487	48.034	93.177
850.207	370.828	50.559	93.314
879.517	539.256	70.335	21.748
898.779	530.120	51.648	41.727
897.971	525.957	51.666	41.230
899.592	488.353	51.787	65.166
884.505	477.455	70.215	87.986
852.070	414.455	70.230	116.389
847.187	361.305	70.216	103.327
829.895	353.006	72.877	108.074
507.216	245.248	109.559	85.836
844.816	355.916	60.757	108.266
852.243	361.784	57.326	103.604
853.905	363.872	51.130	101.139
853.938	367.901	48.648	97.446
851.928	369.101	49.562	97.387
852.235	369.321	47.771	95.525
847.039	366.316	52.143	98.748
891.079	538.842	67.348	28.020
853.371	536.923	57.085	39.077
853.596	532.131	61.233	40.905
852.814	533.786	52.805	37.223
852.043	529.808	52.040	40.439
855.995	533.986	47.721	36.581
851.700	531.709	48.656	40.437
856.439	537.615	46.746	34.833
840.814	427.937	65.804	132.653
848.911	362.327	60.666	104.581
847.838	362.589	55.669	102.713
850.829	363.654	53.122	102.774
852.085	364.441	51.160	102.041
850.797	365.704	50.728	100.175
853.269	368.157	47.372	97.300
851.529	369.049	48.897	98.561
853.474	369.244	45.306	95.972
850.464	369.871	48.113	96.490
877.394	542.956	70.119	19.962
883.388	514.953	53.741	56.221
837.457	380.455	84.799	155.226
833.273	355.985	82.337	110.330
834.953	350.586	73.008	112.920
807.603	344.507	97.757	85.358
839.492	356.995	64.149	107.387
881.973	450.090	77.741	104.908
870.578	438.927	76.746	119.989
856.329	367.735	56.272	96.836
851.130	368.331	52.995	96.468
853.703	368.817	49.110	95.652
853.613	369.182	49.016	96.063
854.622	369.784	47.713	95.297
854.588	369.468	46.906	95.704
853.902	369.781	47.478	95.624
853.352	369.624	48.028	95.135
854.877	370.915	47.431	93.863
851.009	368.538	49.456	96.987
855.019	369.056	46.987	94.153
852.017	369.133	50.395	95.789
854.814	371.091	47.697	93.434
851.922	370.343	48.815	95.253
855.944	370.625	47.239	93.770
850.296	370.991	49.907	94.670
862.431	544.934	72.947	17.917
847.813	537.918	54.679	38.082
852.193	530.572	53.555	41.135
851.244	526.646	53.790	42.044
855.291	521.410	46.758	44.594
849.171	519.187	51.281	45.751
852.650	514.934	53.475	48.138
845.454	519.551	65.548	45.555
833.077	384.811	84.049	148.224
847.236	358.228	68.783	106.940
840.390	363.006	64.319	101.997
850.789	357.089	54.122	106.111
853.720	545.914	76.908	23.902
853.081	526.707	62.199	44.741
851.803	522.432	58.769	45.265
850.658	518.084	57.366	46.099
846.363	522.742	61.762	42.101
856.722	519.107	55.102	45.218
848.232	525.306	64.352	41.452
856.415	520.702	53.490	45.315
850.784	520.258	58.740	44.302
848.449	521.423	63.504	42.338
846.922	388.155	74.023	147.571
841.656	358.621	74.628	111.715
847.017	359.514	67.080	104.672
850.739	364.538	62.206	101.102
854.966	364.646	52.441	98.526
852.032	368.169	51.062	96.005
850.213	368.606	51.808	96.255
853.700	369.258	47.846	96.017
849.977	370.254	50.073	94.210
853.314	369.021	49.099	96.067
849.610	368.421	51.122	96.328
853.385	367.107	47.786	97.473
851.206	367.938	50.325	97.549
851.956	367.070	49.109	96.901
854.304	368.146	47.284	96.634
843.685	363.826	57.952	100.595
850.059	361.851	53.755	103.053
851.269	363.832	52.054	100.533
855.546	364.179	48.888	100.939
853.838	365.773	49.290	98.985
846.694	364.818	55.497	99.401
852.193	364.163	51.291	99.808
855.825	365.611	47.228	99.152
851.701	367.056	50.119	98.357
852.309	367.232	47.925	98.040
849.920	365.759	49.925	99.178
853.986	365.490	45.346	98.256
851.621	367.980	48.181	95.607
847.944	365.762	51.822	98.013
856.839	366.639	43.480	96.294
854.973	369.288	46.922	94.182
853.621	369.568	47.888	96.133
854.326	370.625	45.724	95.785
846.790	366.488	52.109	97.785
855.792	367.719	47.378	95.850
848.853	368.241	52.278	95.716
854.337	365.523	44.959	98.218
851.815	366.596	48.823	97.909
854.075	365.329	46.706	99.048
855.832	367.056	46.543	99.301
850.483	366.465	51.605	98.577
856.051	365.816	46.330	99.651
856.217	367.877	46.502	97.952
845.926	363.604	55.560	100.214
889.220	536.277	70.780	33.752
884.339	493.622	59.142	67.024
824.584	351.405	85.640	115.226
844.657	357.181	53.216	102.385
861.385	373.924	35.868	88.000
847.612	368.679	48.772	92.683
857.867	370.814	47.684	93.286
854.110	372.663	47.526	92.229
843.548	363.543	55.365	98.731
888.788	536.554	71.212	30.373
892.859	507.543	54.844	50.201
830.371	348.783	78.384	117.125
852.288	384.719	39.742	70.812
855.854	374.187	36.336	82.915
856.411	376.952	41.932	84.383
856.732	377.882	40.939	86.608
854.811	377.523	43.109	86.488
856.770	375.710	41.287	88.957
854.047	373.873	43.649	91.263
849.229	366.075	49.052	97.303
854.982	368.521	46.553	95.636
853.545	368.976	48.265	96.056
854.288	369.270	47.033	96.675
854.326	369.847	45.947	95.862
847.954	367.150	52.420	97.089
855.021	368.344	44.052	95.290
850.360	369.908	51.093	93.991
855.123	367.308	45.402	96.952
853.602	368.448	47.982	96.820
853.026	367.614	48.672	96.601
853.144	369.026	48.528	95.350
850.338	368.855	51.357	95.520
855.285	368.275	46.140	96.608
851.942	369.662	50.673	95.875
875.365	542.114	72.928	21.872
880.502	520.257	56.664	49.755
845.405	391.729	81.430	147.230
960.000	436.409	0.000	134.171
844.747	355.558	65.631	108.385
853.140	360.354	57.872	104.810
855.147	364.747	50.642	97.015
852.353	367.515	49.670	96.188
856.131	369.829	47.629	94.584
850.434	368.702	51.934	94.623
856.901	368.626	46.791	96.052
852.413	370.403	50.195	94.665
851.476	369.579	49.144	94.377
851.536	367.759	49.963	96.394
856.307	369.257	46.135	95.389
842.237	365.269	59.038	96.790
853.639	366.055	47.898	99.316
853.319	368.268	49.473	96.044
850.152	367.550	52.417	96.671
851.810	366.888	50.810	97.052
851.722	368.633	50.462	95.178
852.793	368.362	49.624	95.826
850.873	368.497	51.681	96.350
880.401	537.535	72.959	27.486
892.747	496.093	53.726	60.520
893.751	465.910	56.296	84.907
857.965	415.937	67.674	115.018
846.833	359.598	67.565	105.034
844.295	359.738	58.924	103.540
853.376	360.062	49.028	104.045
850.200	363.661	53.143	101.571
852.605	364.943	50.961	100.859
851.962	367.407	51.134	99.551
863.963	548.284	79.822	19.491
862.847	529.894	68.341	43.311
842.192	373.603	71.295	173.885
837.743	355.727	83.090	111.763
800.672	341.346	96.258	83.042
804.503	345.029	99.992	77.077
851.023	359.095	55.469	104.174
879.514	539.118	74.141	31.806
847.837	545.573	54.754	30.427
816.259	442.722	90.722	122.670
799.028	334.631	113.373	93.927
648.507	397.999	102.023	88.386
430.314	60.720	101.922	55.524
454.298	0.000	57.390	0.000
450.290	32.734	54.330	95.505
449.130	46.389	56.401	99.128
418.797	126.174	121.293	146.617
441.611	149.545	115.042	157.183
439.066	152.030	107.480	99.344
435.926	73.373	131.437	191.061
421.535	93.151	154.609	338.136
458.741	0.000	205.894	0.000
737.585	0.000	185.004	0.000
423.815	126.260	149.310	313.130
811.688	329.434	140.327	163.759
456.380	174.124	70.315	124.563
459.692	198.910	57.536	112.554
460.794	206.897	52.982	109.106
463.037	215.330	51.137	100.983
607.655	360.966	33.512	56.195
462.322	218.933	51.452	96.040
459.142	214.903	53.974	98.194
453.831	263.724	56.412	138.491
449.609	179.577	61.445	119.655
625.677	349.762	35.521	69.103
437.477	136.832	59.893	109.518
578.472	272.418	58.858	86.771
462.117	322.357	42.404	88.079
443.801	320.151	61.136	89.968
439.246	302.198	63.101	99.976
435.816	153.731	119.792	183.614
425.678	235.179	69.752	111.786
423.775	150.811	83.130	106.207
436.304	124.611	88.437	112.811
423.154	145.936	104.415	110.517
424.681	135.375	105.456	111.287
425.560	128.259	107.973	109.506
418.982	125.092	115.631	111.806
412.039	109.967	122.308	113.140
430.068	140.813	113.176	104.354
785.887	340.167	138.357	128.225
960.000	370.514	0.000	155.258
890.015	495.089	25.795	73.751
960.000	251.954	0.000	115.571
960.000	252.744	0.000	118.234
840.317	355.218	70.158	108.762
803.009	342.903	86.118	91.606
801.682	338.736	100.854	80.740
843.269	357.756	62.265	107.289
960.000	393.177	0.000	98.180
960.000	393.260	0.000	101.000
854.133	365.572	52.997	99.969
887.810	535.629	69.540	33.964
900.246	519.538	46.773	47.178
900.964	515.548	51.465	48.978
899.734	473.783	52.303	77.794
886.057	437.096	60.077	113.001
847.973	364.501	64.789	99.629
851.916	366.046	55.625	96.951
855.270	366.820	49.035	98.492
850.189	367.253	53.083	96.470
852.120	365.623	50.878	100.378
893.160	536.599	66.361	30.387
897.382	523.810	49.165	44.241
900.261	515.028	45.870	51.094
853.549	391.320	75.466	154.359
812.869	348.091	98.765	109.349
835.163	350.783	90.748	113.743
784.438	479.011	131.561	88.163
836.037	387.658	81.127	121.828
852.747	359.471	63.862	105.672
854.933	365.578	54.976	99.856
853.711	365.277	49.591	98.483
851.067	366.597	53.234	98.969
846.700	365.181	57.201	98.843
854.384	363.540	48.397	101.938
853.235	366.317	50.108	98.089
850.969	366.507	52.877	98.066
852.185	367.245	50.931	97.140
851.413	368.662	51.439	95.979
854.112	369.455	50.091	95.223
853.272	370.534	49.355	94.088
854.351	370.729	48.163	93.771
855.236	371.064	46.349	93.350
853.811	373.007	47.087	92.071
854.032	371.408	47.193	93.684
854.316	371.828	47.452	93.184
854.732	371.144	46.864	93.342
854.631	371.811	46.497	93.125
854.137	371.438	47.202	93.193
853.419	371.335	49.598	92.802
854.048	370.311	48.452	94.119
850.182	368.092	51.914	97.483
855.797	370.378	45.924	93.149
859.829	370.410	45.612	94.095
850.189	375.159	52.801	89.755
851.468	367.581	48.487	93.726
849.150	368.808	50.578	94.707
853.425	371.904	45.595	92.063
851.129	370.218	48.790	93.141
848.218	367.765	52.268	94.654
855.551	369.649	44.911	94.769
845.167	367.584	55.383	95.132
851.687	366.549	50.376	98.315
853.479	368.047	51.243	96.932
836.452	360.664	62.845	99.407
836.490	546.517	88.676	26.335
833.051	382.392	77.537	169.391
804.771	344.585	104.537	114.619
830.235	349.552	84.972	118.097
816.925	350.163	89.624	114.376
799.074	339.627	101.820	96.930
816.990	341.037	90.990	122.113
794.763	343.091	107.855	92.783
817.029	340.084	90.654	124.616
435.840	69.753	111.862	239.903
820.890	353.095	85.489	113.416
463.743	75.292	52.112	274.407
798.202	341.557	107.106	101.830
822.298	341.842	88.068	123.245
456.850	122.247	119.287	259.738
798.223	341.773	106.338	106.087
822.658	338.740	83.094	123.441
465.328	125.715	118.936	220.199
800.159	338.839	99.070	62.440
526.257	212.818	42.319	188.885
804.986	344.433	91.537	71.518
800.432	341.128	96.232	66.451
812.821	341.389	87.190	77.823
845.809	359.505	50.097	99.767
853.978	361.656	47.595	99.993
898.304	527.804	61.247	31.182
846.931	546.977	53.966	29.023
820.020	453.743	90.620	112.052
459.494	173.981	126.442	139.713
381.724	183.701	107.501	121.903
372.903	178.649	114.493	120.191
371.620	170.745	113.930	124.081
371.664	157.342	119.023	120.825
372.980	143.207	110.934	113.625
379.066	128.588	104.591	112.408
353.198	310.436	115.867	91.140
487.208	333.228	112.634	109.527
391.095	128.069	159.028	239.231
815.335	315.889	53.440	146.509
409.559	99.951	99.745	102.052
414.552	94.956	109.040	103.648
428.852	101.149	99.308	91.406
443.753	305.604	92.592	31.162
491.653	198.140	71.979	66.454
437.128	205.616	103.962	123.064
453.803	166.776	113.341	116.030
475.989	135.882	111.435	123.103
453.215	166.696	118.037	113.899
406.154	382.517	199.603	94.143
393.676	398.441	227.301	156.118
405.749	305.863	154.750	147.303
333.964	179.756	226.270	203.394
376.851	77.713	231.693	371.061
352.908	72.805	256.129	401.223
529.109	533.432	312.453	42.568
349.895	141.751	204.737	286.697
402.506	189.541	105.136	118.412
355.453	244.097	154.212	188.272
409.699	280.630	112.464	125.718
397.095	277.444	158.712	155.842
379.469	205.061	127.564	119.356
363.649	176.174	124.050	99.243
353.639	186.551	126.984	86.705
295.369	270.932	146.169	155.165
338.187	142.185	127.718	137.960
341.552	133.591	135.639	126.220
408.764	79.252	92.883	112.994
412.102	61.759	81.704	106.306
345.349	173.375	134.575	166.810
354.312	42.810	153.484	293.587
812.846	279.378	64.008	181.541
368.469	0.000	142.477	301.578
351.671	0.000	203.159	395.445
401.437	10.932	137.421	207.753
406.210	9.521	125.330	129.554
417.189	22.036	103.402	108.517
417.537	3.027	65.209	82.177
423.857	6.552	54.071	91.707
428.917	14.154	50.435	97.351
426.602	16.635	55.549	98.371
428.583	26.901	65.560	100.721
439.306	0.000	80.901	0.000
444.051	0.000	82.296	0.000
373.427	107.731	128.586	184.724
458.809	0.000	105.747	0.000
467.851	0.000	109.514	0.000
486.119	0.000	107.383	0.000
485.499	0.000	110.929	0.000
489.055	0.000	107.475	0.000
482.680	0.000	118.565	0.000
468.249	0.000	133.943	0.000
476.420	0.000	129.142	0.000
485.552	0.000	130.990	0.000
488.692	0.000	134.775	0.000
598.502	0.000	145.157	0.000
499.042	0.000	130.667	0.000
335.521	260.942	57.157	114.858
328.855	233.113	95.069	106.022
464.501	178.448	110.954	107.612
467.201	193.566	106.980	102.737
468.667	212.209	104.235	98.220
470.414	221.772	96.717	103.215
470.667	226.714	96.519	108.323
469.376	228.426	99.113	109.976
472.003	223.227	100.141	107.729
469.753	219.384	106.191	106.615
474.751	212.718	108.786	111.303
482.065	201.833	109.344	106.549
320.020	245.932	57.499	105.273
498.954	175.081	126.215	124.989
309.904	278.236	36.900	136.304
501.928	134.330	143.259	189.113
497.823	88.173	150.354	137.266
349.071	0.000	168.875	0.000
817.105	335.104	43.328	86.800
856.183	364.016	40.608	100.274
819.485	513.285	82.110	41.416
786.001	350.414	126.779	117.333
882.649	537.557	67.800	23.294
786.948	349.436	123.706	118.963
838.933	344.940	84.094	118.691
847.390	360.323	66.091	103.806
856.484	365.872	49.618	97.866
855.577	369.299	45.729	94.685
853.869	371.007	46.707	93.149
849.899	369.627	50.551	94.587
850.834	366.849	49.820	98.796
877.302	532.799	77.755	32.726
840.229	386.094	85.838	159.931
960.000	310.865	0.000	131.097
849.644	353.508	59.609	108.874
848.860	361.389	57.017	100.568
850.076	543.795	77.729	25.061
852.872	534.671	52.568	36.484
851.445	528.204	49.523	42.465
857.813	540.666	45.725	31.187
844.710	441.162	73.085	122.834
851.467	364.941	56.453	101.659
854.282	366.882	48.347	97.248
855.624	368.432	45.508	96.692
854.320	370.805	46.927	95.127
853.439	369.739	46.768	96.097
848.826	366.756	51.072	98.334
854.189	369.466	47.796	95.812
853.018	369.446	47.366	97.063
849.498	366.539	50.813	98.087
853.119	368.611	47.637	96.830
847.152	364.756	53.331	100.019
852.056	365.588	51.569	99.361
853.510	368.549	47.519	95.976
853.322	369.377	48.315	96.267
852.573	369.648	47.604	97.033
854.095	368.843	46.217	96.630
848.690	366.386	51.832	98.323
853.155	367.951	46.351	97.250
848.095	365.569	52.280	99.298
853.590	368.806	46.267	96.794
848.278	369.549	52.245	96.007
887.365	535.328	72.635	31.097
882.295	490.044	62.128	68.059
835.831	355.760	77.905	118.244
895.668	454.228	13.417	35.586
854.386	374.009	43.718	88.137
855.201	370.221	43.351	95.473
851.964	369.615	47.850	96.912
849.698	367.711	49.919	97.618
891.135	539.628	66.453	24.272
837.510	508.773	51.416	54.617
838.125	515.725	77.482	50.875
837.488	498.307	85.861	71.375
839.870	495.174	71.374	80.826
831.920	471.272	89.959	102.548
840.842	382.832	73.230	129.522
846.176	356.606	67.305	108.460
847.426	359.090	59.440	104.763
848.051	361.667	56.506	103.014
851.420	547.242	85.357	25.687
828.937	399.923	91.947	156.285
960.000	320.679	0.000	130.644
386.694	122.911	136.835	262.425
844.420	350.892	63.797	113.560
847.224	354.778	61.879	108.561
848.933	361.900	57.896	102.235
851.540	544.971	84.127	28.014
836.086	400.713	91.710	155.267
960.000	321.586	0.000	133.565
389.531	156.927	137.961	228.870
846.816	359.260	59.075	103.663
852.090	362.520	53.516	102.456
852.755	367.151	50.850	98.543
852.486	369.042	49.049	95.230
852.004	368.871	49.085	96.844
852.071	367.790	49.204	98.157
851.199	368.592	49.413	96.886
895.757	535.099	62.548	27.801
894.421	523.879	53.598	44.524
897.491	482.339	53.712	71.181
870.122	438.607	63.849	106.065
856.900	369.603	52.769	94.306
849.624	368.139	53.469	97.306
853.387	368.199	47.554	96.073
839.063	360.122	60.382	101.373
859.685	547.651	82.071	25.219
846.496	392.192	71.629	165.052
408.709	157.377	54.190	248.296
842.113	355.680	66.284	108.267
847.369	358.225	60.559	107.471
850.055	359.276	55.930	106.891
850.538	361.745	54.926	104.642
850.877	363.593	53.252	102.992
853.403	363.147	51.017	103.938
853.324	365.000	50.580	101.929
851.743	367.547	51.124	98.314
853.125	547.519	79.800	18.292
838.546	406.655	71.852	153.787
845.195	358.283	65.796	110.164
846.007	358.860	59.887	104.627
849.147	357.279	55.469	107.293
850.367	358.815	54.446	106.014
854.132	360.935	52.053	103.314
853.209	364.297	50.148	100.407
851.991	365.402	50.583	100.252
855.108	368.535	46.136	94.861
851.621	369.525	50.261	95.196
879.794	540.233	70.373	22.770
846.661	400.563	68.554	153.201
846.404	356.645	69.020	109.776
846.200	358.465	59.073	105.540
851.666	358.785	53.224	106.189
854.760	360.855	51.142	104.159
854.417	364.768	49.347	100.626
853.551	366.841	49.271	99.248
853.213	366.540	49.738	99.269
852.219	366.336	50.662	99.893
854.348	548.184	78.212	18.591
841.198	404.709	70.926	151.648
848.820	374.809	54.612	92.087
849.271	369.949	45.072	83.505
855.957	369.145	42.656	94.492
852.033	371.431	49.330	93.159
853.053	369.533	48.456	96.211
885.289	536.014	67.534	25.990
895.279	517.679	49.603	48.636
894.847	507.373	58.389	55.958
835.678	372.410	87.288	149.702
841.571	354.448	74.580	112.280
842.365	353.376	67.581	109.117
848.731	356.173	61.128	109.412
847.075	359.684	62.082	105.722
845.742	359.381	62.706	105.210
850.697	361.194	56.712	104.637
851.909	361.453	54.714	104.654
849.998	362.532	56.838	104.552
850.744	362.648	54.388	103.318
852.569	363.550	52.372	103.069
852.341	364.913	53.448	102.648
852.341	364.485	53.225	102.785
852.988	364.677	51.977	102.418
852.397	364.478	52.660	102.100
851.350	364.765	52.793	102.213
850.859	363.612	53.298	103.016
852.626	363.964	50.058	103.480
850.116	364.621	53.172	101.919
853.062	365.055	49.371	101.097
851.703	367.271	51.167	98.650
851.593	366.947	50.211	99.127
851.900	368.093	49.424	98.391
849.179	366.978	52.021	98.964
850.994	366.507	49.237	99.978
852.246	366.947	48.918	99.503
851.794	367.690	49.752	98.835
851.956	368.232	48.752	97.442
849.859	367.562	51.040	98.554
852.997	368.501	47.681	96.764
847.729	366.934	53.921	98.144
847.209	363.909	53.574	100.199
850.197	364.129	50.802	99.948
855.084	367.103	47.206	97.556
883.501	533.016	67.372	27.970
843.315	544.736	56.752	31.264
827.718	432.670	72.587	131.137
845.398	366.658	68.723	118.796
845.929	358.801	61.759	106.181
848.556	361.823	57.591	103.233
848.525	362.260	57.505	103.521
806.145	347.330	81.643	92.800
845.340	352.646	62.433	112.231
850.067	358.600	58.629	105.952
805.186	345.933	84.163	81.546
800.101	341.059	96.656	62.921
786.776	270.039	126.948	159.718
960.000	400.245	0.000	149.553
291.643	75.140	190.254	309.829
406.254	108.486	68.102	168.250
800.388	345.488	108.842	89.774
824.672	338.801	80.008	124.959
454.059	143.026	76.423	247.383
795.299	344.318	107.788	72.059
812.726	349.576	86.454	108.455
851.262	352.159	58.733	112.329
806.010	345.096	87.931	71.575
803.923	344.911	93.449	67.981
827.096	354.011	68.193	107.543
852.859	356.689	58.246	109.071
836.341	359.637	68.715	104.693
801.323	342.768	93.891	75.977
801.023	345.081	95.929	68.651
807.937	343.812	91.021	74.448
835.235	356.506	62.257	107.246
804.335	345.947	92.172	77.050
800.515	343.473	91.571	70.290
804.425	345.113	91.875	68.511
798.716	355.072	117.549	164.214
293.720	153.697	152.318	163.184
826.943	351.224	97.450	123.318
803.672	342.971	87.496	98.077
811.183	344.502	89.286	112.030
854.657	356.152	53.650	109.052
853.824	365.121	48.659	99.392
852.509	367.840	49.926	98.229
859.864	545.425	73.564	19.439
844.737	414.045	67.127	141.774
848.120	364.216	62.914	106.439
840.235	360.788	63.702	104.832
846.920	358.007	53.309	107.860
849.958	359.574	53.693	106.662
870.098	542.402	80.433	30.681
845.243	529.236	61.937	44.371
829.312	384.653	81.118	163.390
830.601	353.305	83.008	114.253
811.414	347.072	89.781	117.362
843.937	351.120	60.339	114.365
844.836	355.720	62.321	110.281
847.333	357.088	59.345	109.227
847.672	362.403	54.853	102.231
848.603	362.358	54.046	104.235
871.026	542.362	80.298	30.668
843.562	388.925	91.633	163.547
804.620	343.971	104.029	115.044
822.923	342.523	85.085	124.253
843.653	351.362	64.623	118.240
800.309	342.104	88.322	84.223
840.251	355.358	62.985	114.914
842.481	353.806	60.214	112.685
846.566	354.015	56.288	112.325
851.685	360.674	52.568	104.776
852.823	365.072	50.183	100.167
849.122	544.942	80.167	20.044
849.225	534.106	57.128	36.561
828.897	407.918	71.575	147.194
798.706	346.314	106.109	99.613
820.385	344.409	86.602	118.907
834.646	354.451	80.866	113.495
793.776	344.633	103.928	80.662
832.225	348.028	73.165	118.601
860.682	461.558	91.707	98.235
873.764	417.302	79.828	140.961
833.762	359.686	75.103	114.007
803.262	343.270	92.100	95.945
844.414	351.355	65.230	113.580
838.657	353.218	67.674	111.496
807.854	341.157	83.010	94.037
800.796	342.649	94.634	93.830
823.695	340.693	80.972	123.715
837.771	355.116	75.883	110.734
799.455	343.917	90.865	78.923
796.987	344.132	98.692	68.369
800.377	346.387	95.537	76.495
800.245	341.381	96.678	69.753
816.008	347.168	77.176	113.144
839.781	351.267	67.137	113.599
843.010	356.861	64.633	108.623
836.156	359.548	65.239	105.407
847.133	355.542	54.074	113.102
845.263	358.370	58.220	107.771
845.750	360.019	58.302	106.492
847.396	362.543	56.080	103.159
851.352	366.342	52.169	100.202
852.457	369.001	49.257	96.364
849.750	369.227	49.457	97.153
881.526	539.398	69.437	24.451
849.311	539.583	55.357	35.873
834.739	423.239	74.035	141.824
844.879	367.246	65.143	112.641
845.568	357.616	61.243	105.327
848.813	359.616	55.655	106.420
849.211	362.542	53.779	104.177
850.191	365.176	50.723	100.835
856.332	546.557	80.749	20.429
856.201	529.458	71.702	43.075
836.011	374.105	88.086	171.675
376.696	90.931	146.389	348.558
828.187	351.996	80.221	111.111
839.873	352.431	66.055	111.536
845.445	355.836	61.607	110.072
838.769	363.105	61.690	100.489
849.236	360.735	51.678	106.576
843.349	364.840	57.308	99.792
845.284	363.550	54.195	100.663
846.056	364.423	53.069	99.825
847.058	365.431	52.053	99.863
849.589	367.386	49.525	97.707
880.894	539.634	71.946	23.300
900.465	517.126	48.456	49.774
846.296	391.951	80.467	154.578
651.879	402.662	68.037	91.948
675.944	443.287	83.834	49.535
387.363	151.300	99.414	88.764
317.357	314.426	100.281	70.868
391.105	147.196	148.625	140.119
387.327	153.809	204.715	315.265
371.762	87.445	152.605	128.092
359.571	0.000	152.653	0.000
373.090	0.000	147.373	0.000
383.332	72.157	118.530	112.203
390.728	77.353	115.466	109.675
392.016	87.775	117.042	106.032
395.683	109.136	115.110	86.409
401.248	130.387	115.904	74.204
405.137	147.851	100.621	70.002
408.126	156.917	102.195	67.649
414.461	164.723	105.249	66.788
417.043	170.549	101.164	64.532
423.532	176.762	103.344	61.948
606.960	318.496	35.069	54.067
428.018	187.699	105.518	59.811
430.268	186.905	106.755	68.756
435.679	183.045	115.366	81.899
344.481	316.731	112.193	106.171
342.708	305.487	116.165	116.750
446.290	168.967	118.435	106.074
454.754	171.317	115.159	107.423
315.709	305.567	136.402	117.531
324.116	298.411	121.948	113.325
329.867	292.205	124.040	98.474
480.734	217.494	131.363	99.308
502.923	243.133	120.145	81.313
361.208	310.089	52.957	112.950
496.381	255.856	103.587	75.895
502.545	257.117	76.240	79.063
490.194	253.889	74.293	79.435
478.129	270.361	86.343	70.396
473.886	266.871	65.390	77.153
474.017	270.705	59.715	79.818
474.885	272.842	59.375	78.242
474.925	272.081	68.198	73.533
467.133	266.929	91.475	73.200
458.563	267.172	94.480	68.057
454.404	266.465	101.590	65.154
336.543	262.329	51.880	71.992
452.254	259.149	109.156	63.829
335.978	306.965	67.958	101.535
462.591	232.975	100.596	73.063
334.784	288.763	53.469	81.360
462.508	196.875	34.415	77.138
487.056	204.043	66.924	62.259
610.873	300.454	39.395	63.043
527.981	229.118	31.556	42.919
507.746	193.681	51.748	70.655
411.099	307.856	45.110	51.015
467.965	159.976	100.935	91.718
445.594	116.401	74.829	108.111
442.858	116.684	67.570	97.234
440.376	117.896	69.719	87.200
317.918	280.575	60.891	38.751
309.322	299.967	59.927	23.575
429.260	129.514	83.482	101.584
430.944	135.952	82.500	101.763
433.273	144.119	79.440	100.998
620.124	309.738	34.119	64.423
452.064	162.275	73.828	103.203
468.784	183.933	61.781	95.983
467.296	191.620	71.591	94.179
465.463	195.553	84.092	92.388
460.921	199.776	99.380	88.935
461.678	203.474	100.494	81.693
423.095	334.616	94.884	96.140
448.208	199.219	113.440	75.849
443.152	196.112	119.308	74.703
433.433	194.064	124.787	74.837
430.269	191.185	112.795	76.021
418.665	190.468	109.525	79.235
425.887	199.056	87.591	77.221
395.073	194.052	76.649	85.576
376.364	200.703	86.607	93.281
353.833	206.395	100.981	97.228
328.677	221.031	109.772	90.167
311.384	231.780	106.664	87.098
301.888	240.689	105.586	83.030
297.359	247.847	102.494	79.999
296.397	250.455	98.631	82.493
304.298	254.169	100.747	83.547
317.121	258.378	99.048	82.405
326.427	259.967	101.689	79.475
335.103	262.497	97.573	74.336
356.150	265.256	74.856	63.517
385.604	246.732	64.399	80.778
421.186	215.314	98.605	70.295
420.186	216.116	109.207	70.847
415.745	224.400	106.430	66.014
493.578	237.256	71.993	66.919
632.235	316.916	39.106	82.445
529.997	237.097	42.860	60.836
447.144	352.249	27.140	19.546
509.454	203.520	64.579	97.851
482.369	377.677	77.179	40.467
470.881	321.716	64.196	88.114
467.260	212.921	100.151	78.402
337.717	249.280	36.593	86.060
457.838	208.522	89.085	85.864
459.796	211.999	93.399	82.036
462.650	213.302	101.913	81.138
466.289	214.191	109.808	81.320
473.236	213.425	104.264	82.900
478.151	215.550	98.900	84.574
480.597	214.014	91.114	90.637
473.851	215.414	90.206	95.119
403.055	224.672	141.525	164.955
401.222	181.571	167.559	261.843
327.047	103.737	282.724	366.463
332.491	54.288	281.044	419.391
294.855	216.137	208.479	162.211
297.199	240.185	131.831	94.413
286.303	235.949	92.597	94.780
485.078	206.461	34.860	95.939
485.688	190.492	26.272	79.250
486.499	195.581	20.397	80.251
487.359	199.671	20.690	82.335
494.985	199.961	21.086	76.369
508.773	199.960	28.935	80.865
331.198	235.239	112.847	61.605
366.058	224.430	108.373	72.623
404.158	212.852	104.845	76.893
443.252	196.078	97.915	95.390
454.596	205.667	111.611	86.977
504.353	189.445	92.209	98.971
528.329	177.225	84.251	103.303
551.967	171.167	83.487	113.790
396.355	299.392	44.245	114.304
557.304	180.425	95.608	119.273
568.810	198.249	92.063	96.440
564.108	211.765	97.410	86.406
428.886	301.391	28.272	112.391
546.739	233.838	36.182	79.848
542.911	232.403	98.565	86.565
405.137	295.713	41.204	105.428
544.712	219.589	107.752	109.085
544.968	222.989	108.238	108.432
781.154	327.721	34.902	129.342
544.855	217.588	120.782	117.005
544.870	214.357	116.931	114.357
541.860	212.251	117.526	109.286
537.889	208.248	114.457	107.255
531.124	204.892	113.558	106.470
522.614	200.789	109.446	109.088
511.040	197.157	108.018	104.339
493.141	194.486	114.904	101.028
476.610	190.337	102.011	97.717
324.566	283.600	82.365	105.600
437.370	184.318	107.284	85.257
414.810	184.253	116.019	86.560
387.306	184.943	138.717	77.600
360.189	186.544	122.842	74.862
340.350	190.123	123.893	74.829
255.950	24.822	153.727	74.147
322.954	189.960	120.479	79.670
327.026	13.185	138.986	75.655
335.631	0.000	152.712	0.000
315.019	200.965	98.145	83.312
314.462	205.754	92.277	86.393
318.526	211.117	86.824	89.312
323.397	215.014	89.481	94.938
327.069	225.494	81.227	91.563
329.770	232.165	79.836	91.339
333.991	240.902	70.518	93.549
341.843	252.685	65.119	96.922
348.988	251.987	72.728	116.207
360.643	273.023	73.703	101.881
447.496	425.899	106.988	64.068
317.193	261.510	131.890	106.457
383.163	247.106	97.606	101.815
416.582	204.082	83.210	89.438
427.148	208.503	67.827	73.154
436.260	211.390	83.283	77.421
470.087	229.306	83.620	72.318
355.252	254.236	29.582	87.773
465.783	216.295	131.904	68.059
470.280	193.081	124.729	70.998
478.783	193.789	126.347	68.717
347.493	297.082	58.908	88.808
270.639	198.436	98.309	61.832
284.942	120.865	104.072	84.152
505.877	204.800	59.901	57.038
545.725	223.774	70.383	63.834
542.993	230.265	72.947	71.711
538.694	233.676	73.242	78.703
542.957	236.063	69.767	84.960
539.095	227.674	63.515	93.707
541.798	216.806	67.466	104.812
523.735	202.698	76.279	81.172
487.954	88.005	83.171	85.580
302.471	173.555	36.700	110.285
370.954	247.315	81.706	74.551
350.549	246.268	87.604	74.983
332.027	243.381	97.431	75.418
310.732	242.083	120.504	70.028
298.446	243.284	131.175	65.348
301.368	243.958	131.388	62.609
316.584	241.263	133.548	61.757
341.550	238.400	126.735	65.785
368.533	241.073	124.023	69.847
394.028	237.359	128.139	66.974
443.165	231.813	103.785	82.434
472.813	227.737	95.857	91.575
502.644	231.484	77.981	91.140
524.999	234.071	87.083	88.974
389.484	285.919	58.642	96.204
553.522	232.268	105.135	81.357
418.545	285.614	26.182	111.846
544.401	219.964	123.942	84.168
540.563	221.670	126.577	74.502
535.244	219.939	110.098	70.060
525.519	211.027	96.156	79.466
512.090	201.851	89.661	88.720
506.500	199.947	88.214	89.927
502.780	203.129	84.714	89.966
440.615	209.031	89.313	83.634
437.703	203.116	89.891	80.781
419.201	209.316	97.994	65.998
428.543	241.225	102.877	165.959
322.628	312.797	126.262	112.087
335.031	282.452	110.055	105.799
173.711	406.295	29.202	104.306
472.278	201.089	74.627	75.238
480.166	205.273	71.626	72.891
479.578	208.343	81.844	76.523
481.084	209.521	94.448	84.167
478.884	208.670	111.565	89.322
473.518	210.387	122.826	87.513
469.305	216.970	127.363	83.524
465.897	221.231	123.059	77.893
454.695	240.452	122.245	59.271
425.504	245.402	125.906	57.715
405.474	253.791	118.686	60.142
399.745	255.451	109.130	68.025
572.287	165.325	59.325	103.931
560.193	198.493	60.793	115.903
313.333	280.995	127.615	67.953
296.757	286.153	116.715	70.173
285.589	286.509	113.325	74.193
277.394	284.720	108.239	76.247
274.308	283.847	105.883	77.543
271.934	280.078	111.074	82.760
273.668	407.022	118.150	108.823
310.156	434.785	123.136	130.469
306.993	268.592	104.355	88.455
522.529	162.319	29.049	110.010
333.654	274.458	88.692	70.403
349.161	275.636	78.013	65.069
409.397	161.837	125.595	128.275
412.498	154.927	126.073	105.470
419.993	159.993	110.487	113.429
396.974	203.458	142.381	210.447
388.670	152.535	216.073	374.038
363.349	121.874	283.052	435.961
455.527	160.139	189.684	177.293
507.368	188.784	131.733	115.795
519.592	205.645	123.607	95.736
521.989	192.668	120.974	104.913
518.647	187.982	116.151	108.656
511.624	187.286	113.545	106.338
492.570	182.543	124.037	109.031
463.802	182.421	73.110	101.568
413.600	332.880	90.691	97.765
407.545	336.394	100.027	97.887
409.027	187.922	116.212	109.223
404.482	188.845	120.892	111.723
406.005	190.568	118.263	112.734
410.736	190.392	111.920	113.027
421.935	192.703	102.196	113.357
441.759	194.000	85.642	112.156
461.770	195.616	71.933	109.156
478.771	200.150	64.320	107.132
485.998	204.396	70.454	99.735
489.070	210.103	86.063	105.557
494.225	223.757	95.079	97.406
494.287	227.498	94.872	97.724
492.756	237.240	95.167	94.783
454.584	165.911	110.686	141.802
428.598	188.505	85.497	128.454
315.930	259.150	129.723	180.597
321.155	256.792	99.766	73.852
314.607	267.075	91.823	67.699
293.776	263.524	101.377	71.784
263.189	257.150	113.092	75.917
248.973	253.939	115.735	79.001
243.525	251.174	116.238	86.044
233.706	379.190	131.804	115.787
520.455	186.059	26.750	43.260
248.559	254.338	124.182	95.703
494.858	155.774	36.491	100.839
272.791	261.287	136.940	98.518
292.991	255.489	143.304	107.443
554.925	356.064	67.362	133.123
388.099	245.245	110.759	102.394
387.081	241.203	140.571	89.785
408.312	228.985	137.915	79.038
437.977	215.764	133.608	80.379
302.113	256.556	89.848	141.328
463.825	186.358	114.061	104.877
471.058	180.262	145.070	103.586
297.476	243.630	98.134	110.950
464.227	178.779	91.669	96.702
465.007	180.027	116.252	94.803
462.898	180.150	109.591	97.018
467.052	182.313	116.330	94.129
468.364	182.517	119.268	93.460
468.735	182.880	120.545	92.995
312.100	257.015	67.094	124.375
467.659	186.724	69.187	91.403
465.685	189.512	124.541	79.781
463.379	187.064	132.306	76.270
457.850	183.680	136.097	69.977
454.917	177.526	132.829	63.286
444.015	169.241	140.786	55.828
435.184	158.175	136.444	52.433
323.500	310.807	76.045	61.306
407.639	138.002	154.022	82.623
414.839	126.499	143.649	81.731
421.362	121.887	128.451	87.868
424.601	119.586	117.805	95.131
424.331	122.226	111.811	99.188
428.767	130.655	105.427	102.632
307.061	305.343	101.031	89.780
423.614	166.835	103.242	209.565
428.389	165.677	87.031	122.383
436.154	182.459	67.610	118.921
441.941	190.278	60.953	122.372
441.969	196.339	61.036	118.090
443.922	197.761	60.135	117.515
318.940	296.836	70.961	111.542
441.768	434.143	90.072	95.916
416.186	133.023	146.761	166.234
443.435	0.000	114.974	0.000
298.395	295.556	75.203	119.298
453.620	161.106	67.065	81.410
453.132	112.027	58.520	126.988
451.493	97.822	60.541	131.314
454.062	96.698	62.880	126.121
299.016	300.151	80.303	48.450
455.703	108.601	57.423	102.644
455.705	111.857	56.896	106.874
456.737	113.598	56.405	123.119
449.782	135.806	69.257	112.908
450.385	142.921	67.892	114.933
451.621	142.671	63.218	125.133
452.778	155.585	59.410	117.895
451.516	168.465	63.052	110.923
446.933	191.867	65.908	97.413
445.225	196.172	68.322	107.907
441.818	202.974	70.119	111.011
441.389	207.055	68.555	110.546
437.011	200.433	71.003	115.196
432.292	186.756	72.571	118.994
434.023	172.980	78.865	113.612
429.662	152.547	88.167	113.051
429.538	133.552	94.375	114.145
431.254	98.996	96.601	123.073
431.185	85.035	98.435	118.773
435.664	74.786	94.857	110.441
441.265	68.961	92.384	96.420
444.922	0.000	87.054	0.000
322.881	0.000	128.768	0.000
460.603	47.181	74.138	113.236
465.129	51.068	65.610	128.483
538.714	0.000	113.729	0.000
340.507	0.000	118.931	0.000
469.158	93.307	75.826	105.272
468.768	105.737	83.728	111.836
460.235	121.465	99.758	101.842
445.512	135.470	116.390	91.200
434.605	153.679	135.816	81.716
429.055	164.485	143.713	78.499
309.953	304.133	92.899	112.789
319.254	309.663	79.355	101.642
427.455	176.412	124.291	81.374
422.835	181.671	122.902	86.716
422.504	188.943	120.298	88.930
421.865	193.758	119.218	91.679
424.319	202.624	117.976	87.066
427.263	202.004	119.272	89.200
429.263	202.614	122.462	92.341
289.036	256.498	98.101	149.275
428.270	192.897	137.254	101.431
425.363	181.599	143.456	111.941
431.347	166.034	133.758	117.797
437.758	149.935	124.218	106.331
449.765	124.845	111.442	113.458
450.846	102.482	112.781	125.805
443.363	95.706	116.505	120.005
436.173	90.981	121.481	104.433
422.111	80.163	129.540	113.491
397.564	73.859	140.964	120.667
391.696	75.945	145.995	118.079
385.666	83.244	149.830	113.420
382.280	90.380	148.226	110.736
378.493	102.812	127.234	101.667
374.351	110.849	116.957	96.275
372.978	119.132	113.724	91.043
372.907	122.043	112.063	91.260
369.749	124.703	115.675	89.917
294.394	302.596	98.354	75.000
187.218	375.848	118.529	99.350
82.146	323.808	135.484	119.406
62.777	274.594	171.937	152.910
5.568	386.525	168.777	159.752
268.523	198.521	266.972	244.820
334.955	63.696	262.433	449.506
250.736	22.732	403.748	535.160
364.492	94.072	220.924	361.819
776.649	236.628	179.586	223.352
771.721	310.288	162.759	159.976
936.668	375.925	23.332	164.781
782.440	496.662	125.513	73.762
852.460	361.496	55.526	99.734
855.054	362.743	47.236	100.215
851.108	362.044	50.932	100.762
889.080	513.465	70.920	50.918
829.280	349.966	85.625	114.988
829.705	352.792	78.584	108.005
923.516	249.286	36.484	115.246
854.949	287.181	82.267	117.559
834.634	349.771	67.862	112.810
843.854	355.982	63.368	107.684
844.412	362.050	61.841	100.277
845.368	363.369	58.773	97.416
848.926	364.641	54.372	98.109
852.428	365.638	50.798	96.228
852.097	366.447	52.155	96.971
850.030	364.640	55.085	97.973
852.959	365.735	51.462	96.448
852.052	364.209	52.796	97.836
891.304	516.566	68.696	47.173
826.421	373.149	96.453	154.575
831.849	350.418	84.497	112.291
825.006	353.768	80.056	105.705
840.769	349.326	74.228	112.005
843.994	351.463	68.697	109.090
836.026	355.956	71.263	107.602
848.717	356.781	58.619	103.971
850.723	360.589	56.080	102.615
853.210	359.002	52.917	103.081
853.850	360.725	50.207	100.709
854.051	363.293	49.472	99.278
852.656	363.382	50.059	99.196
853.914	363.704	48.959	99.010
853.442	363.944	50.344	98.708
853.385	364.117	49.566	98.223
853.482	364.309	48.422	97.700
855.522	365.012	46.105	98.645
848.972	367.010	51.689	94.103
852.960	363.457	47.435	97.197
852.231	361.895	48.381	101.286
853.096	362.251	47.990	98.681
852.483	364.153	50.753	98.492
851.425	361.888	51.755	99.614
853.288	362.260	49.093	99.511
852.156	362.197	48.853	98.538
851.960	361.137	49.777	100.565
852.603	361.662	49.262	99.607
852.852	362.186	50.889	98.286
852.893	361.483	50.709	99.727
852.772	360.821	50.861	100.756
853.456	360.342	50.492	100.949
852.335	359.814	51.920	100.137
852.517	359.852	51.778	100.793
852.802	360.328	51.681	100.602
853.302	361.214	51.684	99.647
852.767	362.153	50.936	98.747
852.545	361.204	50.876	99.262
852.658	362.750	49.796	98.229
875.287	508.635	84.713	50.713
831.252	366.266	92.492	151.194
833.002	350.639	80.328	109.552
837.447	348.090	71.901	110.608
847.984	350.263	59.580	110.623
850.551	358.080	58.871	101.955
880.653	511.059	79.347	58.388
869.813	454.636	79.205	94.499
849.601	360.522	68.685	108.541
808.147	339.617	90.928	99.314
831.013	347.117	71.496	114.336
838.888	352.349	66.926	107.677
846.140	354.156	58.756	105.525
867.469	517.064	92.531	54.793
784.250	334.287	123.652	118.963
854.425	370.724	43.166	90.373
852.619	367.395	47.438	94.488
851.354	365.707	48.124	96.835
849.367	362.831	50.839	100.083
851.450	365.473	49.927	97.426
849.722	364.184	51.301	98.859
851.609	365.180	48.333	97.748
810.786	342.146	77.148	84.950
840.115	354.183	57.443	105.451
879.942	510.636	80.058	60.272
872.196	450.911	80.000	97.968
798.166	331.472	104.916	79.651
826.434	348.990	69.544	110.718
848.884	352.216	64.290	110.178
832.831	354.826	74.356	108.315
809.791	339.031	92.019	113.356
843.092	349.851	61.883	110.111
841.483	358.691	61.752	100.975
863.173	516.752	96.827	55.824
777.545	332.777	141.605	136.610
380.640	151.031	192.121	284.046
830.867	341.290	82.644	121.853
832.724	345.858	76.085	117.005
820.610	354.941	81.027	107.755
827.450	348.140	74.962	117.129
830.204	350.190	78.247	113.334
832.763	353.470	69.392	107.801
836.597	351.630	66.756	112.078
841.503	351.642	62.431	113.110
844.553	358.191	57.744	104.492
847.103	360.367	55.634	104.649
849.319	363.692	54.406	101.557
852.359	366.833	51.323	99.180
849.646	364.828	53.651	101.032
851.254	365.191	51.365	100.774
852.329	365.609	50.793	100.459
851.444	364.916	52.076	101.707
851.306	364.860	53.083	101.718
851.529	364.719	52.943	101.117
852.485	365.182	53.631	100.989
847.499	364.444	55.395	100.848
850.279	365.993	53.193	99.268
850.836	364.905	53.380	101.163
851.258	365.517	54.369	100.386
852.135	364.142	54.046	102.282
853.131	364.662	53.012	101.132
851.105	365.654	54.700	99.445
851.957	366.567	54.749	99.431
851.469	365.092	55.321	100.360
852.579	365.252	55.141	100.450
852.309	364.986	54.747	99.829
854.708	367.719	52.192	98.228
845.234	365.311	60.634	99.509
845.144	364.012	58.883	101.924
850.359	363.309	56.090	101.037
890.845	520.925	69.155	52.092
825.470	377.889	95.884	154.476
824.898	348.134	83.049	121.778
807.186	310.377	59.222	124.720
491.804	165.780	163.027	131.355
519.925	172.353	132.769	122.700
520.748	175.306	129.727	112.810
514.065	178.073	127.156	109.130
336.059	287.707	72.431	128.629
337.716	310.043	107.306	105.131
455.255	311.468	138.422	166.280
462.901	166.545	115.692	136.458
448.639	163.722	112.354	138.783
431.947	162.238	113.179	138.039
415.848	162.048	112.211	136.857
397.842	162.632	114.643	139.461
373.672	162.270	124.438	141.414
353.969	162.817	135.309	140.652
338.413	161.836	140.211	143.217
321.072	162.161	144.972	146.910
312.759	175.855	142.526	135.314
313.046	187.276	137.620	124.436
317.373	198.673	137.020	113.555
325.566	204.212	142.627	109.730
334.019	213.818	149.388	112.489
353.549	210.985	149.341	121.713
382.502	207.071	143.423	124.332
409.660	203.356	127.327	133.328
572.364	372.798	154.280	108.645
755.674	169.947	143.994	141.720
806.604	353.851	109.329	119.053
499.112	173.425	120.396	120.371
508.890	153.405	124.026	142.103
790.645	298.055	46.330	141.040
800.251	351.553	97.965	85.452
510.657	121.832	162.749	160.526
512.004	122.412	167.828	167.449
802.372	219.719	101.888	81.622
845.545	358.923	67.178	109.326
525.648	147.928	123.192	155.362
483.527	163.535	152.722	143.990
811.195	332.351	45.672	102.826
791.254	301.885	41.888	156.994
797.648	325.234	36.483	126.041
426.224	209.729	136.333	126.063
417.842	212.278	129.763	123.923
395.954	217.984	134.182	114.814
387.715	214.599	135.238	114.348
385.937	217.398	132.721	106.677
394.747	212.843	122.666	112.781
402.141	213.505	115.476	115.280
418.938	215.600	108.796	121.995
433.907	214.247	110.209	124.391
436.446	213.161	122.883	139.841
442.521	211.415	130.024	140.559
446.261	213.207	138.611	144.063
453.715	213.308	151.207	142.778
461.429	210.179	154.660	142.291
796.337	304.212	38.710	148.336
477.471	201.065	151.383	137.507
840.064	351.984	66.050	117.898
845.991	361.822	63.460	106.394
850.228	364.236	58.027	104.341
851.424	367.586	55.788	101.093
854.256	367.590	51.915	101.822
852.287	366.826	53.312	101.892
855.366	369.400	50.544	102.343
849.206	366.635	56.309	104.272
854.458	368.129	52.894	103.430
852.597	364.480	53.971	104.713
852.173	368.333	55.063	101.812
854.581	367.118	51.275	101.957
851.562	367.231	53.719	101.957
855.437	368.946	50.342	101.337
852.693	366.427	52.517	103.243
855.494	370.414	49.355	99.680
846.247	367.623	58.602	102.504
851.643	363.654	53.307	108.712
852.083	363.871	53.451	106.139
852.067	366.704	52.280	104.206
854.882	368.559	50.276	102.837
851.288	365.623	53.750	104.855
853.428	363.332	52.128	110.500
851.554	366.456	55.035	104.128
854.084	364.522	51.668	109.660
851.536	365.270	54.770	106.141
848.900	362.713	57.876	112.750
847.998	361.248	59.011	110.643
848.710	364.573	57.486	106.288
850.948	367.780	55.121	102.993
853.608	366.595	51.437	106.030
854.016	368.104	51.580	104.899
781.597	324.940	132.321	112.759
818.492	349.411	91.744	120.587
836.080	351.755	78.038	116.915
845.176	361.456	65.930	108.878
850.208	366.115	55.933	103.959
854.318	368.722	51.998	104.941
854.700	368.469	51.219	105.711
854.878	369.913	51.390	103.285
851.660	366.778	53.829	104.560
853.428	367.070	52.654	109.323
853.335	365.944	53.602	108.862
854.203	367.422	52.897	106.968
854.658	368.317	51.613	105.027
854.172	367.857	51.840	104.443
853.672	368.436	52.590	104.586
853.401	368.629	53.755	104.833
854.858	369.217	51.450	104.489
854.591	370.528	50.725	101.518
855.563	372.538	49.527	99.288
852.480	373.208	52.017	100.489
852.999	375.002	50.647	95.771
853.387	374.482	53.210	97.743
856.102	374.153	47.608	99.471
845.025	370.041	59.434	101.467
848.867	368.795	54.126	103.204
854.169	372.472	50.091	98.612
852.457	373.095	51.453	96.806
856.633	375.115	47.073	97.910
844.773	373.309	60.117	97.907
851.163	368.161	52.032	104.163
768.897	305.553	137.447	141.942
784.723	307.503	114.212	151.742
516.410	191.368	182.785	161.053
814.951	308.423	55.199	129.560
821.972	338.447	91.778	133.664
821.806	340.277	96.023	126.759
827.499	340.034	92.333	124.610
541.444	156.356	194.983	164.587
786.014	322.064	138.674	165.812
790.306	310.113	117.969	168.809
776.391	313.570	139.076	181.291
759.751	314.883	153.223	165.062
775.792	308.255	130.010	164.071
792.858	300.949	114.367	158.264
809.717	345.584	98.141	120.800
824.321	355.645	88.599	118.413
839.962	360.475	65.838	109.922
844.274	368.965	57.276	102.370
851.175	370.527	50.353	100.857
852.049	371.600	48.832	102.736
855.092	374.913	48.837	98.045
852.807	375.184	51.534	98.814
783.688	347.299	128.274	108.969
768.828	516.953	127.139	59.047
843.073	366.703	62.471	105.809
850.684	371.962	56.817	100.534
852.734	373.448	52.337	99.113
782.751	337.699	128.465	121.930
820.523	359.374	85.412	109.357
767.984	515.786	130.896	60.151
776.810	510.363	123.848	60.601
780.139	510.652	122.611	49.256
797.382	350.557	109.736	124.280
805.231	357.384	103.748	113.597
801.100	354.491	97.831	75.694
815.989	362.101	79.430	106.832
847.208	366.918	56.012	106.562
851.555	374.437	51.563	99.868
854.216	378.914	49.742	96.412
852.371	378.652	49.888	97.734
851.806	378.152	48.943	98.730
852.015	377.923	49.363	99.334
852.282	378.278	49.295	98.464
849.500	375.448	52.117	101.570
842.378	370.898	58.588	105.778
840.339	366.924	59.317	109.269
837.427	364.617	63.483	110.309
810.068	356.080	85.674	108.252
832.116	357.762	68.276	117.835
837.495	367.393	66.573	107.330
833.560	365.194	66.921	110.376
845.746	372.034	61.926	104.904
848.918	374.893	57.175	101.572
851.043	374.078	53.922	103.134
852.796	375.039	52.592	101.863
850.320	374.443	53.461	101.055
851.845	373.494	51.649	105.227
848.453	373.144	55.293	103.614
839.313	371.315	61.788	105.237
845.558	368.861	57.364	106.719
844.939	370.682	59.264	103.943
847.426	372.923	56.890	101.773
848.677	372.803	55.741	103.642
852.557	373.847	53.065	103.307
851.492	377.447	50.917	98.658
847.055	375.971	55.296	100.857
830.854	367.087	65.901	109.231
764.353	518.935	137.198	57.065
821.393	353.303	81.878	123.725
827.450	357.732	90.841	117.793
820.269	362.010	84.318	112.914
822.930	364.112	80.651	111.584
846.182	368.361	74.086	110.175
847.410	374.909	73.170	105.796
813.946	357.127	87.344	110.952
828.263	357.616	79.120	121.106
808.822	363.186	88.616	112.883
839.471	366.859	67.431	110.205
842.387	370.319	62.631	107.059
844.954	372.436	57.568	103.665
846.558	375.421	53.500	104.450
845.857	374.810	55.002	107.399
849.156	380.521	51.244	98.718
841.720	380.018	53.757	97.306
821.699	367.635	68.978	107.534
821.488	363.387	73.483	109.566
823.681	370.153	68.662	103.959
803.898	360.200	89.926	88.619
836.623	364.958	60.808	115.097
841.770	373.391	60.603	104.154
848.744	374.855	49.849	103.251
851.911	378.388	47.417	99.505
850.219	381.070	46.145	95.474
850.090	381.860	45.837	94.079
851.432	382.595	47.203	94.416
849.589	382.947	47.746	94.351
850.405	382.316	46.991	94.674
850.733	382.292	47.370	94.291
850.359	381.940	47.986	94.161
850.317	382.239	47.133	93.590
850.281	381.255	47.433	94.757
849.707	380.648	48.138	94.975
851.707	380.069	45.132	95.058
851.002	381.190	46.874	93.349
851.132	381.075	48.095	93.669
851.251	380.889	46.754	94.101
847.925	378.060	50.779	95.596
850.889	376.941	46.598	96.641
851.513	377.424	45.775	95.059
851.541	377.958	47.221	93.925
803.528	356.551	83.073	77.832
813.558	354.632	81.741	98.982
841.943	363.329	60.399	108.970
850.367	371.644	52.542	100.875
853.266	376.401	49.106	98.022
853.891	381.075	45.618	93.235
853.724	382.696	46.090	93.466
853.873	383.495	45.782	93.900
853.449	384.776	45.947	93.367
853.038	384.507	45.894	95.153
854.635	384.608	46.347	95.846
853.602	385.530	47.421	96.107
853.074	385.954	47.311	95.952
853.128	386.662	45.942	96.179
852.096	388.251	47.611	95.008
849.794	389.309	48.907	92.718
850.066	385.784	47.762	95.907
850.942	385.158	45.342	95.521
849.738	384.590	44.195	94.402
848.809	383.479	45.226	95.224
847.995	383.285	45.364	94.684
848.702	383.638	43.936	94.557
846.108	380.588	47.145	97.314
845.598	379.522	47.022	98.522
847.859	380.944	44.037	96.909
843.642	378.631	48.625	96.921
847.104	380.878	45.114	95.845
842.642	378.742	49.179	98.248
845.959	378.882	46.780	98.204
841.503	379.489	50.378	95.808
845.691	379.122	45.043	95.708
838.377	377.559	51.779	96.357
843.822	376.989	44.589	97.551
844.698	379.978	43.607	93.271
845.169	381.340	43.366	92.068
840.755	382.167	44.417	90.419
843.208	381.848	41.850	88.713
840.489	384.364	43.095	87.322
843.052	385.350	42.371	87.879
846.003	386.197	40.353	87.861
847.388	384.445	40.886	92.558
847.289	386.043	42.973	95.102
848.059	387.288	44.166	95.057
849.038	388.559	45.301	97.027
851.509	389.688	43.854	96.774
853.437	392.584	42.769	94.154
848.476	394.634	48.581	93.646
853.249	393.356	44.789	95.028
848.775	391.275	48.102	95.305
849.967	387.967	46.189	98.995
850.843	389.193	45.727	97.726
849.947	389.940	47.353	96.270
846.228	387.133	51.533	97.663
849.896	385.572	49.872	102.170
850.414	387.170	48.650	103.538
851.006	389.232	47.934	100.078
852.299	390.114	46.752	99.656
844.057	386.488	54.894	101.214
844.244	381.611	54.009	105.369
844.834	379.970	54.327	104.720
841.890	378.959	59.104	107.166
844.418	378.687	55.139	108.979
844.153	379.468	55.504	107.708
844.612	381.264	53.890	104.451
846.815	382.193	54.586	104.029
850.901	386.281	50.663	101.488
851.898	387.506	47.648	102.408
853.801	390.822	45.913	97.980
854.334	393.395	45.372	94.206
847.723	394.142	51.130	89.597
854.462	392.941	44.429	92.104
848.587	394.389	50.015	92.145
854.773	392.274	44.256	93.858
847.649	392.937	50.862	92.815
855.864	389.478	44.815	97.759
850.852	393.568	47.854	90.712
857.044	394.441	42.887	91.969
852.008	396.002	45.831	90.088
850.506	391.542	48.784	93.871
855.775	391.085	42.195	95.378
852.507	392.882	47.301	93.359
853.379	394.122	45.473	90.645
853.669	395.385	46.316	90.637
853.298	392.845	47.372	91.731
856.701	394.865	42.074	91.521
853.857	396.415	46.015	90.088
852.376	392.442	48.479	92.512
854.323	392.189	45.917	92.162
852.134	390.185	49.944	94.372
850.714	389.593	51.221	95.771
856.806	390.027	46.047	97.542
857.029	393.072	46.546	93.941
856.727	394.199	46.648	92.504
849.547	392.368	51.301	92.688
854.471	390.845	47.254	95.650
854.010	391.994	47.427	93.073
858.512	393.138	43.588	93.511
859.342	395.634	41.827	90.134
852.814	397.369	47.998	89.148
853.665	394.705	49.012	90.499
857.742	394.242	45.025	91.941
858.938	393.875	43.826	92.629
850.345	393.329	49.769	90.873
852.983	391.841	49.152	94.920
859.317	393.819	45.353	93.001
852.383	395.681	48.165	89.754
859.291	395.003	42.042	91.648
856.857	397.679	44.291	87.425
860.467	399.360	41.268	86.897
859.836	399.053	43.829	87.274
858.768	398.928	43.998	87.601
858.620	399.479	42.774	85.738
859.691	401.321	43.106	84.259
860.062	400.087	44.575	85.663
858.684	400.271	43.390	85.748
860.628	400.122	44.978	85.537
859.292	399.498	43.624	86.615
859.769	399.426	44.905	86.829
859.279	398.220	45.258	88.014
859.365	397.712	44.417	88.694
857.979	396.463	46.331	89.489
860.959	396.171	43.077	89.757
857.313	398.299	45.204	87.107
857.305	396.799	46.323	88.728
857.348	395.160	44.540	90.544
858.069	395.167	45.591	90.419
856.998	394.879	46.748	91.282
854.031	394.200	48.898	90.773
859.229	394.580	44.981	92.121
856.163	394.394	45.714	91.608
859.791	395.385	42.936	90.478
858.856	395.253	44.479	89.698
861.382	396.161	41.509	88.701
859.889	398.324	42.040	86.137
862.236	398.828	41.531	85.694
863.139	400.138	40.515	84.668
856.726	399.531	45.692	85.480
858.610	396.263	45.411	88.373
861.239	395.670	40.607	89.007
860.879	398.844	42.416	86.158
860.473	398.882	42.989	86.012
859.917	399.678	43.346	84.689
863.522	400.398	41.423	83.698
863.954	400.219	40.044	84.180
830.381	369.449	79.057	113.292
484.991	267.221	45.450	139.926
854.338	380.822	57.937	103.113
857.687	386.041	49.878	98.698
861.358	390.541	45.068	93.707
861.570	392.949	43.259	90.952
850.367	393.501	50.692	90.165
857.628	391.167	50.525	94.095
851.433	388.768	52.776	95.588
858.251	389.989	47.872	94.381
861.179	390.776	43.748	93.485
855.867	394.099	47.168	89.058
861.959	393.634	40.688	89.974
860.566	399.460	42.150	82.432
862.143	397.400	40.246	84.868
863.991	399.411	41.601	83.959
860.137	397.934	43.698	84.953
860.956	396.746	43.353	86.481
859.803	397.550	44.608	85.795
861.897	396.065	45.477	87.060
859.830	397.239	45.556	85.332
859.588	395.436	46.043	88.123
856.511	392.682	48.095	90.871
857.359	391.806	47.420	91.715
857.565	392.035	46.666	90.617
859.784	393.229	43.777	89.523
863.643	394.935	42.015	87.532
860.312	398.088	43.332	83.119
862.101	396.863	44.069	85.251
859.400	399.242	45.930	82.994
861.914	397.116	45.057	85.617
859.194	398.925	47.345	83.688
860.290	394.306	46.666	87.845
855.690	393.710	49.064	89.359
860.929	390.794	43.703	92.343
860.328	394.882	44.536	86.784
862.814	397.698	41.640	84.020
864.688	399.093	40.544	82.137
865.620	401.250	39.427	80.500
865.004	396.228	38.773	84.514
857.557	398.189	44.616	81.133
864.993	398.622	41.501	82.274
865.443	398.360	40.519	83.297
865.633	398.360	40.161	83.326
865.443	399.717	41.011	82.329
865.778	399.259	39.892	82.194
865.644	397.572	38.117	83.640
865.301	398.851	39.008	82.892
864.412	398.190	39.622	82.795
820.013	371.494	90.951	112.843
836.396	375.366	80.501	105.624
504.252	216.790	46.638	196.944
265.711	221.335	200.526	244.129
242.261	535.903	216.862	40.097
306.278	576.000	178.763	0.000
265.170	219.063	201.305	243.984
263.649	214.890	202.028	248.443
263.534	218.388	204.429	238.629
265.757	216.396	200.416	240.283
271.187	215.744	195.388	240.816
284.230	216.552	182.186	235.869
283.905	218.531	183.385	242.965
295.736	228.440	175.761	244.105
308.940	231.505	165.552	236.278
319.357	223.948	151.299	229.783
360.904	225.101	125.109	237.407
368.822	233.657	127.642	238.482
377.217	223.200	139.781	243.374
378.860	233.110	170.737	224.159
374.099	231.483	206.702	219.149
375.618	223.329	238.687	216.762
364.164	222.951	260.502	215.866
258.671	16.745	198.622	206.072
361.158	219.106	271.040	210.441
393.624	576.000	262.309	0.000
801.820	326.484	152.191	191.359
395.216	213.827	233.731	221.706
405.749	212.226	215.048	229.166
420.910	205.386	187.694	239.956
438.122	205.208	159.073	241.312
450.763	208.527	131.048	236.976
455.988	215.376	123.391	228.387
457.666	219.336	117.914	220.163
456.095	220.076	117.991	213.330
447.347	223.374	127.798	208.207
433.829	225.857	142.177	203.909
421.472	227.074	159.424	204.808
404.740	224.039	180.698	210.299
390.731	221.292	199.780	217.166
375.369	219.831	216.185	223.955
338.231	225.075	251.678	207.699
303.437	229.980	277.656	209.862
304.321	229.467	263.676	204.660
302.978	227.718	247.687	200.224
304.601	224.779	237.580	206.986
305.200	220.156	225.677	208.651
308.646	217.829	216.759	206.021
310.583	216.759	210.619	208.872
312.163	218.942	208.611	204.914
312.834	220.669	209.557	201.905
314.056	222.178	211.513	202.427
314.172	223.800	218.759	204.489
313.219	223.469	225.708	207.860
309.908	221.966	234.940	214.204
304.806	221.675	246.421	215.725
299.460	221.353	256.816	207.565
297.827	220.559	257.676	208.739
294.092	221.756	259.996	206.797
290.641	223.951	258.600	205.412
284.938	226.330	255.599	204.951
278.406	227.418	251.617	208.113
266.818	227.300	237.011	207.567
260.838	230.568	227.772	209.808
257.726	231.479	216.624	209.009
250.772	237.290	203.227	199.693
242.935	238.411	168.877	191.093
236.895	241.569	144.187	192.344
230.121	246.583	137.003	198.032
223.750	250.597	134.684	207.070
210.331	254.006	130.504	204.380
