482.000	275.000	48.000	82.000
482.811	275.894	47.941	81.534
484.560	276.967	48.509	80.943
487.235	277.777	49.973	80.070
490.328	278.271	51.607	79.501
493.077	278.544	53.818	79.854
499.431	278.568	57.989	80.643
503.349	278.731	60.318	81.868
507.096	278.739	61.820	82.488
512.105	278.768	62.124	81.888
516.077	278.451	63.051	81.565
521.804	279.490	64.668	81.113
523.770	279.830	65.383	80.231
526.499	279.776	64.722	80.446
528.868	279.256	63.801	81.077
529.166	278.895	64.278	81.346
529.078	279.054	64.681	81.225
529.956	279.892	63.025	80.330
527.160	279.133	64.537	80.971
524.679	278.320	63.975	80.730
522.626	278.775	62.601	81.102
519.251	280.192	62.851	81.436
513.931	280.334	61.882	80.940
512.191	280.016	58.069	79.959
509.758	279.824	55.219	79.771
505.981	280.014	53.831	80.482
501.564	280.883	53.488	79.760
496.651	279.511	50.157	80.942
493.794	278.808	48.795	79.657
490.401	278.209	48.336	78.905
488.473	277.901	47.475	78.465
487.321	277.680	46.467	78.550
486.099	276.754	45.814	79.006
485.439	276.881	46.312	78.845
485.273	276.169	46.831	79.060
485.573	275.698	47.183	79.318
485.843	274.076	48.854	79.696
487.729	269.465	51.708	81.397
490.235	265.295	52.306	82.185
493.006	261.292	53.246	82.414
495.571	257.083	54.089	82.850
495.989	253.094	56.383	82.933
497.755	248.862	59.206	81.721
499.473	247.210	59.735	81.965
502.447	246.336	58.455	81.695
504.987	246.075	58.573	80.554
506.466	245.490	57.956	79.704
507.727	242.058	57.603	80.302
507.188	239.732	57.584	79.683
503.354	240.593	59.778	81.022
497.573	246.975	61.091	84.103
494.332	256.349	61.201	86.835
487.546	282.682	61.965	86.836
484.236	299.774	61.117	88.505
479.739	316.466	61.138	88.533
475.182	330.687	60.008	86.439
470.987	341.055	58.331	83.426
466.345	336.074	55.666	85.541
459.709	321.155	56.185	91.280
457.255	304.003	54.323	92.008
457.043	288.452	53.803	92.090
458.853	276.605	54.875	89.805
471.294	257.827	55.253	88.154
482.191	251.311	56.057	86.131
493.547	245.889	56.909	86.419
506.840	244.405	57.788	84.483
520.369	244.974	56.745	83.027
538.101	247.986	55.362	82.498
542.499	250.983	55.129	83.998
541.169	254.593	57.558	86.240
535.106	261.408	59.475	85.001
525.569	268.127	59.881	85.327
508.917	281.750	59.769	85.401
498.496	289.143	60.312	83.092
489.672	293.132	61.793	83.602
482.650	294.618	64.429	83.897
478.289	293.940	65.467	84.030
474.196	284.878	63.144	86.486
471.035	273.542	62.734	88.618
466.774	262.014	62.424	90.712
462.748	252.114	61.461	89.347
455.980	243.112	62.267	86.619
446.522	235.442	60.686	82.768
438.154	232.227	61.379	82.234
430.658	230.790	62.274	81.723
422.986	229.187	61.850	81.726
415.542	227.256	61.193	82.375
405.214	222.981	56.557	82.555
398.737	221.096	54.356	80.548
392.979	218.171	53.567	79.992
387.326	214.612	53.024	80.406
381.832	211.937	54.081	80.281
378.027	209.145	52.899	79.699
375.934	207.614	51.999	79.443
373.449	206.737	52.987	79.427
371.389	206.400	53.143	79.005
370.246	205.516	53.240	80.540
369.194	205.329	53.924	81.075
367.863	205.261	55.249	81.751
367.374	204.857	55.568	82.032
367.051	203.304	55.082	81.971
365.304	200.934	54.994	81.499
360.078	197.264	56.144	79.843
355.835	195.630	56.324	79.174
349.547	194.707	58.306	79.527
343.844	193.903	59.895	81.264
340.377	194.224	59.769	83.557
338.202	200.448	58.136	84.195
340.666	208.648	56.048	86.810
341.940	223.779	56.865	83.850
343.285	233.616	55.461	84.176
343.406	243.159	55.573	83.984
342.277	257.115	56.639	82.512
343.972	264.308	54.655	82.527
344.898	270.309	53.776	81.702
345.850	273.608	52.758	82.893
346.743	276.783	51.247	81.203
346.896	279.264	50.464	79.717
346.011	280.384	51.063	78.923
346.083	280.694	50.822	79.451
344.864	281.498	52.009	79.523
344.355	281.816	52.246	80.226
344.138	282.481	52.445	80.535
343.939	283.254	52.582	80.248
344.125	283.832	52.286	79.921
343.991	284.206	52.560	80.268
344.241	284.787	52.006	80.765
344.817	286.544	51.171	80.869
344.197	287.740	51.875	80.612
344.270	288.863	51.685	80.237
344.000	289.930	51.952	79.972
343.855	290.549	51.842	79.991
343.177	291.168	52.743	79.971
342.553	291.327	53.467	80.132
342.488	291.068	53.558	80.254
342.695	290.913	53.249	80.299
342.842	290.990	53.204	80.414
342.813	291.068	53.267	80.391
342.250	291.068	53.560	80.309
341.620	291.145	53.990	79.957
341.411	291.338	53.865	79.874
340.041	291.222	54.669	79.662
338.503	290.925	55.019	80.038
336.099	290.925	56.312	80.038
334.494	290.960	55.773	79.189
332.617	290.316	55.745	78.957
330.067	289.457	55.670	78.911
326.994	288.536	54.824	78.677
325.280	287.952	53.461	78.548
324.155	287.477	51.871	78.195
321.145	287.005	51.929	78.763
319.336	286.886	51.508	78.372
317.697	286.921	51.399	77.667
316.272	286.421	50.103	77.993
314.982	286.272	50.539	78.398
314.677	285.853	50.119	79.042
314.164	285.701	49.663	79.654
314.469	285.625	49.011	80.306
314.995	285.815	49.001	80.198
315.860	286.005	49.420	80.594
317.356	286.085	50.327	80.331
319.303	286.810	51.806	79.838
321.996	288.270	54.329	79.077
322.399	288.145	56.667	80.786
323.940	288.470	57.863	81.180
325.330	289.084	60.494	81.971
326.383	290.448	61.932	81.942
329.197	293.871	62.148	81.407
330.900	295.645	61.326	82.216
331.657	297.566	60.916	81.773
332.196	299.085	60.555	81.549
333.672	299.969	59.044	81.658
333.806	300.271	58.416	81.021
334.552	300.083	57.463	81.032
334.598	300.061	56.812	80.831
335.329	299.824	55.281	80.972
335.499	300.255	54.370	80.543
335.811	300.705	53.731	80.987
335.991	301.236	53.885	81.114
336.320	301.472	53.962	81.136
336.901	302.197	54.051	81.350
337.243	303.019	54.311	81.269
336.364	303.707	56.290	82.120
336.169	304.494	57.327	81.992
335.370	305.244	58.389	81.552
333.979	305.481	59.750	81.963
333.684	305.418	59.523	82.640
333.341	305.859	58.993	82.596
333.274	307.333	57.131	82.571
333.897	309.072	54.661	82.371
335.198	310.937	52.037	82.169
335.008	312.458	50.279	81.862
334.314	313.554	49.872	81.313
334.459	314.395	48.661	80.852
334.525	314.548	48.223	80.956
334.615	314.782	47.714	80.907
334.745	315.959	47.718	81.408
335.266	317.571	47.890	81.141
336.729	319.409	47.952	81.426
335.756	319.934	50.653	80.914
336.486	319.307	51.528	81.497
338.631	318.575	51.189	81.391
340.386	317.417	51.143	80.213
342.152	312.060	51.413	80.659
343.340	307.592	51.004	81.119
344.396	304.867	50.416	80.236
343.055	303.768	52.103	79.696
341.277	303.323	53.741	79.562
341.071	302.563	53.742	79.304
340.944	299.920	53.733	79.759
341.872	295.211	52.344	80.390
341.123	290.462	52.768	79.590
338.841	286.540	54.389	79.782
337.219	284.528	55.271	78.730
336.282	284.453	55.639	79.813
337.360	287.836	55.329	81.288
339.974	293.529	54.053	81.334
342.126	299.441	53.468	81.102
342.946	308.730	54.006	77.789
344.588	310.706	53.075	80.310
344.654	312.027	54.000	80.128
343.406	313.075	55.793	79.732
342.343	313.715	57.130	80.264
342.458	316.172	57.655	81.238
343.466	319.087	57.166	81.368
344.345	321.821	56.646	82.203
344.621	324.171	56.680	82.077
344.125	325.940	57.357	81.605
344.590	326.793	56.894	82.405
344.204	327.481	57.483	82.704
345.746	328.351	55.910	82.484
346.312	329.336	55.073	82.556
347.122	330.549	54.419	81.863
346.732	330.862	54.572	80.772
346.942	330.334	54.133	80.415
346.749	329.441	53.859	80.018
347.392	328.559	53.018	80.059
347.702	328.292	52.341	78.669
347.645	326.853	51.637	78.737
347.709	326.394	51.070	78.896
347.158	326.353	51.342	78.026
345.965	325.815	52.032	78.073
345.584	325.460	52.040	78.415
344.211	324.585	52.978	78.076
343.779	323.318	52.867	78.015
344.024	321.150	52.186	78.121
343.144	319.270	52.644	77.871
341.911	317.740	53.633	78.000
342.058	316.859	53.584	78.533
342.577	316.747	53.383	78.238
342.532	316.664	53.515	79.437
343.528	317.748	53.224	80.119
342.529	319.762	54.449	81.764
343.182	325.207	54.182	81.688
343.571	329.678	53.879	81.698
345.765	334.494	51.879	81.371
345.381	337.163	52.563	81.260
344.499	338.338	54.012	80.930
343.874	337.828	54.533	80.489
343.721	337.340	54.486	80.678
344.286	336.768	53.804	81.008
345.583	337.042	52.158	81.477
345.191	338.145	52.607	81.207
344.859	338.289	52.630	81.197
344.011	337.739	52.946	80.181
343.731	335.998	52.629	80.066
344.616	334.654	51.339	79.559
344.571	332.320	50.680	79.554
344.254	329.002	50.619	79.210
343.507	327.815	51.303	78.640
342.642	325.341	51.509	78.358
340.365	322.641	53.227	78.302
338.727	319.899	53.970	78.370
337.580	315.529	53.746	78.011
335.623	312.399	54.928	78.655
333.985	310.024	55.758	78.449
333.034	308.638	55.647	78.780
329.928	308.274	57.385	79.365
329.967	313.436	53.777	80.368
328.590	316.815	52.265	80.708
326.859	319.552	51.736	80.653
324.519	321.732	52.599	80.594
323.582	323.521	52.778	80.065
323.950	324.975	50.287	80.176
324.089	327.969	47.158	81.191
324.285	330.281	46.802	80.249
324.704	332.357	46.256	79.589
325.887	333.536	46.250	79.116
328.647	334.314	46.766	79.449
330.854	335.091	47.226	78.598
332.916	335.314	48.237	78.402
335.177	335.548	49.808	77.936
337.273	333.399	51.484	78.986
341.119	330.591	53.799	78.786
343.385	328.693	54.886	79.884
345.293	328.065	55.647	80.628
347.586	328.137	56.433	80.991
350.663	328.626	56.140	80.968
354.538	329.313	56.808	79.961
356.615	328.568	56.534	80.277
359.412	328.134	55.894	79.383
361.227	327.394	55.673	78.461
361.774	326.068	56.209	78.042
362.598	324.340	55.810	77.455
362.431	322.758	56.233	77.461
361.848	321.535	57.063	78.399
361.603	321.058	57.410	79.016
361.696	322.332	56.553	79.891
360.592	327.258	54.105	80.108
359.987	330.188	52.809	79.940
358.764	332.255	51.947	80.042
358.606	333.850	50.186	79.988
358.678	335.322	48.575	79.651
357.892	336.835	47.146	78.347
357.249	337.277	46.819	78.250
356.466	336.849	46.876	78.038
355.899	335.602	47.185	77.402
355.819	334.018	47.125	77.340
355.873	331.922	48.197	77.837
355.597	330.087	49.581	78.314
355.669	327.203	50.605	78.473
355.677	323.855	51.823	79.152
356.827	319.628	51.858	80.249
356.168	316.557	53.278	80.347
354.080	311.877	56.069	80.391
352.720	310.017	58.109	80.293
351.213	306.953	59.269	81.034
349.837	304.938	60.091	80.395
347.547	300.241	60.348	80.651
346.428	297.513	59.920	81.082
345.260	294.167	59.026	82.576
343.549	292.561	57.803	82.525
342.111	289.957	56.685	82.890
340.458	286.992	54.393	81.474
339.424	285.882	53.875	80.199
338.406	284.382	53.360	79.805
337.523	282.879	53.395	79.563
337.282	281.472	53.206	79.280
336.824	280.243	53.358	79.282
336.546	279.243	53.900	79.809
336.859	278.758	54.305	80.127
337.021	278.379	54.958	80.585
337.930	278.785	55.228	80.311
340.307	278.902	54.219	80.799
341.434	280.321	54.042	80.314
342.743	281.496	53.597	81.574
344.793	285.023	52.367	82.194
347.295	289.909	50.986	81.600
349.253	299.019	50.032	79.689
350.705	300.931	49.478	80.039
351.527	302.147	49.796	79.523
353.598	303.410	48.840	78.544
354.476	304.247	49.649	77.951
354.709	305.297	50.619	77.856
357.267	307.337	50.635	78.472
358.229	309.019	51.280	77.745
359.044	310.261	51.827	78.124
359.822	311.322	52.395	78.203
361.364	312.823	52.027	78.020
363.595	315.334	51.226	78.298
363.394	316.799	52.480	77.096
364.337	316.783	52.334	77.469
364.709	316.043	52.666	77.309
365.652	315.347	52.359	77.367
366.136	314.770	52.536	76.988
366.068	314.671	53.067	76.813
366.968	314.820	52.784	77.619
367.825	315.322	52.416	78.012
368.342	316.136	52.199	77.526
368.216	314.663	51.910	77.535
370.077	310.855	48.858	78.036
370.794	307.747	47.337	77.148
370.712	306.903	47.005	75.077
369.331	306.090	47.173	74.379
369.689	306.714	45.759	75.512
369.364	307.552	45.849	75.063
368.644	305.710	45.783	75.207
368.910	301.516	44.865	76.098
369.167	300.344	44.662	75.369
369.730	300.624	45.228	76.118
370.142	301.445	46.516	76.959
370.564	302.146	47.894	77.073
372.088	301.373	49.678	77.566
373.783	300.179	50.488	77.303
377.823	298.252	50.615	77.674
378.444	298.409	52.165	77.092
378.649	298.297	54.022	77.396
379.932	298.504	54.693	77.150
381.155	298.972	54.173	77.174
381.992	299.719	54.096	76.102
383.051	300.006	53.403	76.233
383.925	300.293	52.785	76.110
384.590	300.476	52.079	75.872
384.236	300.564	52.059	76.267
383.902	300.718	51.401	75.595
383.176	300.756	50.741	75.335
380.961	299.623	51.244	75.869
380.766	298.793	50.511	76.445
379.501	298.342	50.649	76.769
379.477	298.357	50.135	77.328
379.274	298.522	50.139	77.390
378.788	298.262	50.316	76.993
378.901	298.024	50.203	77.474
379.404	297.737	49.951	77.413
380.550	298.062	49.524	77.251
381.629	298.712	49.591	76.607
382.236	300.063	50.026	76.493
381.732	300.519	51.356	76.753
381.185	300.576	52.645	77.470
382.032	300.710	53.419	77.679
382.613	301.358	53.566	76.951
383.682	302.667	52.513	77.094
384.152	304.396	52.147	77.608
383.759	306.252	52.779	77.086
384.280	308.070	52.091	76.531
385.196	310.143	51.750	78.022
387.367	314.071	51.418	77.683
388.728	316.931	51.610	76.389
393.543	317.736	50.742	76.550
403.730	321.400	52.145	75.670
416.292	326.905	52.224	75.541
431.176	332.341	53.325	76.255
446.999	335.740	52.714	77.291
460.226	336.853	53.794	77.946
482.495	336.335	54.411	76.175
498.313	335.796	55.216	76.528
513.748	335.869	54.751	76.373
524.015	332.320	51.911	77.924
527.861	325.334	49.442	78.938
527.275	321.429	49.933	75.912
528.331	323.600	47.935	77.732
527.981	330.805	48.340	76.514
528.259	333.560	48.005	75.383
525.264	331.849	50.693	75.570
525.032	319.027	50.329	80.810
525.184	315.625	50.813	78.118
524.504	313.585	51.362	77.225
523.466	312.884	52.505	77.096
523.892	312.464	52.670	76.865
523.827	310.302	52.240	77.049
524.088	308.235	51.806	77.307
523.400	307.426	52.009	76.408
521.283	307.650	52.504	76.411
521.296	308.628	51.256	77.290
520.173	309.554	49.971	76.501
520.514	307.951	48.786	76.986
520.182	307.212	47.779	75.930
519.164	306.745	47.875	76.209
517.551	306.676	48.686	76.245
514.581	308.288	50.308	76.220
512.382	308.730	52.128	76.781
511.687	309.445	52.054	76.399
511.055	309.907	51.965	76.154
510.066	309.187	51.193	75.044
510.219	305.270	49.043	75.019
510.387	304.639	47.329	75.323
509.236	305.841	45.504	76.170
507.064	309.987	45.605	76.024
505.438	312.828	45.873	75.905
504.131	314.006	46.048	75.082
504.259	313.258	45.707	74.553
503.898	312.321	45.721	75.493
503.442	313.124	45.632	74.769
503.136	314.172	45.591	74.992
502.539	314.312	47.281	75.258
502.895	313.139	47.745	75.124
502.990	310.002	48.074	74.253
502.800	307.806	48.717	73.542
501.119	306.852	50.377	73.665
500.665	305.748	51.670	75.062
500.678	305.774	52.113	75.389
499.910	305.835	53.120	75.460
499.006	305.818	53.991	75.396
499.201	305.615	53.269	75.601
499.989	307.289	51.659	75.849
501.070	308.746	49.695	76.408
501.138	310.924	48.927	75.847
499.718	312.751	50.052	74.982
497.707	313.856	51.255	74.718
493.732	314.456	53.416	74.440
491.916	313.944	53.974	75.287
490.699	313.615	54.409	75.345
488.990	312.968	55.481	75.790
487.468	313.057	56.113	76.178
484.809	316.507	55.795	75.677
482.876	317.527	54.740	75.709
481.481	318.501	52.219	74.038
480.228	317.949	48.665	73.021
478.123	316.037	46.160	73.015
476.545	310.320	41.093	73.457
473.991	306.519	41.944	73.960
471.410	302.038	45.010	73.845
469.830	296.590	48.593	75.356
469.521	291.273	50.738	76.645
473.974	281.461	52.881	77.260
477.908	276.175	53.237	76.378
483.594	272.402	52.379	75.969
488.341	271.781	51.895	74.296
494.311	271.758	49.396	74.548
504.327	275.313	44.845	74.356
509.731	279.019	45.202	73.903
513.290	282.922	48.173	74.028
516.648	288.148	50.542	73.160
518.760	291.950	54.140	73.442
518.650	298.337	60.076	70.817
519.060	300.562	60.770	69.810
518.261	302.731	62.901	69.442
516.548	304.516	63.999	70.086
514.949	306.499	64.044	69.907
509.679	309.145	63.537	70.272
506.936	308.622	60.650	72.162
502.132	308.455	59.754	72.749
497.612	308.701	56.985	72.322
496.141	308.648	50.807	71.988
487.475	308.546	45.557	70.959
478.664	307.196	45.445	70.766
473.961	304.317	42.084	72.532
468.724	303.559	41.806	71.560
463.835	300.816	42.748	72.083
459.660	297.372	44.186	72.232
457.689	297.110	46.887	72.121
456.369	295.637	48.706	72.057
457.763	294.563	48.291	72.248
460.702	294.486	48.824	72.139
466.833	295.472	47.416	70.703
476.818	294.671	45.419	70.060
485.497	293.766	43.561	68.803
491.269	291.788	45.682	69.708
498.132	290.711	48.349	70.342
508.597	291.051	52.539	68.816
514.135	291.290	54.981	68.883
519.163	292.450	56.499	67.911
523.604	292.813	57.692	67.988
526.509	293.748	57.556	66.297
527.866	294.710	58.742	66.270
527.120	296.515	60.917	65.842
526.733	296.768	61.956	65.579
524.634	296.837	63.822	65.963
521.857	296.626	65.169	67.044
519.184	298.305	62.637	68.042
512.067	303.419	61.091	68.842
506.405	306.984	59.367	69.518
500.533	310.672	58.473	69.584
495.491	311.731	57.710	69.556
492.001	312.483	55.182	68.535
483.972	308.968	49.089	68.048
476.903	304.694	47.140	69.002
472.670	301.603	44.385	69.641
465.552	300.086	44.843	70.502
439.828	277.266	65.076	72.925
432.610	271.260	77.385	70.019
436.025	273.641	76.026	71.733
435.264	274.738	74.183	73.327
428.898	278.207	81.478	93.901
448.237	287.320	57.526	82.320
464.604	303.175	46.960	72.525
474.069	304.914	42.372	69.722
481.897	302.501	40.833	69.400
488.703	300.833	41.406	68.868
527.115	224.183	45.495	20.151
508.261	299.018	46.764	67.493
513.924	297.881	49.335	67.966
519.838	297.006	52.148	68.305
525.645	298.879	54.420	66.232
531.064	299.227	55.453	65.752
536.575	301.126	58.287	64.351
538.990	301.391	59.908	64.507
542.080	301.100	58.994	64.242
542.799	301.055	59.255	62.623
541.594	299.685	61.432	63.301
537.892	299.609	62.987	65.912
534.880	303.663	62.255	66.552
530.462	310.025	62.511	66.676
526.284	314.848	61.518	65.758
521.208	316.281	61.084	65.783
513.320	313.989	58.888	65.374
507.140	308.493	53.980	67.244
498.759	303.387	51.703	67.293
489.676	298.738	50.965	66.650
485.202	293.540	47.166	67.943
456.347	270.191	57.157	84.317
453.344	261.968	64.686	86.195
459.098	261.616	68.881	68.725
468.507	264.001	65.993	69.510
468.334	270.455	68.866	69.824
479.494	275.464	58.791	65.051
478.827	272.948	58.743	65.667
476.392	266.395	58.850	70.223
467.682	264.965	65.136	72.601
456.382	264.727	52.323	86.721
436.903	263.816	79.181	92.842
428.846	269.650	78.962	73.478
463.924	273.048	71.539	99.473
491.050	303.282	44.389	68.766
502.254	310.244	44.663	68.599
517.702	322.757	51.177	65.011
525.748	325.957	55.987	62.386
532.402	325.410	59.443	62.003
538.338	321.615	62.647	63.148
542.711	316.711	65.853	64.233
549.536	306.995	67.296	64.017
551.806	303.140	67.365	62.771
553.152	304.368	67.482	59.911
556.593	304.005	65.483	67.172
560.105	312.651	62.692	73.518
564.495	350.268	58.656	75.812
565.700	370.556	56.190	74.238
564.766	389.804	53.633	74.065
560.491	408.347	51.832	72.099
556.205	421.785	50.725	72.649
546.830	444.814	47.140	70.711
540.542	456.533	46.177	71.191
535.820	469.706	44.114	70.639
532.144	483.728	43.149	70.726
528.478	495.337	43.162	73.192
517.548	415.147	54.547	28.843
526.317	454.326	43.330	37.608
500.287	452.749	63.727	116.212
374.243	504.800	185.310	71.200
368.081	491.995	224.978	84.005
370.227	576.000	170.284	0.000
382.275	576.000	182.797	0.000
359.138	364.432	219.781	211.568
324.700	369.998	270.385	206.002
374.719	522.598	248.892	53.402
381.547	407.081	284.946	163.380
362.294	505.122	242.350	70.308
360.123	377.424	256.062	198.576
336.478	296.706	215.250	279.294
327.667	267.612	305.033	308.388
360.334	336.991	196.144	239.009
386.276	424.269	158.706	143.122
596.436	576.000	115.792	0.000
392.313	414.092	55.815	91.858
395.978	406.861	47.494	86.119
394.679	386.511	46.578	80.875
394.848	373.077	45.155	84.458
389.469	359.655	67.864	135.590
292.992	399.557	138.295	160.087
324.942	191.280	199.777	233.386
383.120	293.513	127.867	143.454
354.389	177.350	196.201	198.660
391.564	299.629	44.792	85.731
395.431	285.598	43.028	86.993
396.001	271.404	43.426	88.478
396.339	248.060	43.035	83.602
398.169	237.834	41.843	83.327
393.824	226.666	44.956	79.337
395.902	221.268	43.985	75.842
394.680	212.930	43.309	73.596
395.033	199.241	43.464	73.090
462.933	262.528	45.674	73.124
461.899	251.189	45.527	77.662
460.662	240.325	45.118	77.525
459.711	230.392	45.596	76.171
459.601	216.155	43.556	70.826
458.846	213.900	44.697	67.495
458.538	213.289	45.053	68.202
458.420	214.939	43.787	66.831
458.525	218.860	42.877	67.442
455.729	223.803	42.374	66.740
456.400	224.995	41.910	66.832
455.382	225.423	42.398	66.770
454.482	226.341	42.846	67.511
454.203	230.801	41.322	67.083
453.755	243.194	40.509	70.015
454.761	249.404	40.114	69.871
453.901	256.596	40.607	70.215
454.369	262.863	41.641	69.569
455.107	270.117	41.029	67.198
456.761	278.351	40.811	67.952
457.468	280.607	41.608	68.188
458.821	284.454	42.030	67.449
459.235	287.726	42.674	64.804
459.417	287.566	43.959	65.695
461.740	278.731	43.813	66.534
461.808	272.111	45.003	67.586
461.892	265.613	46.099	67.452
462.671	260.754	46.287	67.034
463.671	257.159	46.317	67.054
464.470	254.878	46.488	67.147
465.220	255.327	45.766	65.293
465.967	249.986	45.090	69.175
464.345	249.108	45.395	66.853
464.106	246.618	45.754	65.891
462.932	243.256	43.711	66.500
461.395	250.069	45.509	65.925
461.620	254.979	42.197	67.834
460.989	262.964	42.864	68.528
461.087	270.900	42.310	68.581
460.230	281.643	41.204	64.927
460.699	281.550	40.897	63.632
458.802	279.763	42.019	63.983
458.570	272.322	41.458	68.323
458.882	265.007	41.184	69.621
456.159	257.197	42.044	70.463
456.110	243.282	41.657	70.903
457.076	237.356	40.319	69.140
456.245	231.170	40.598	69.055
456.761	226.717	40.567	68.602
457.631	222.605	40.102	66.327
455.883	214.973	39.296	65.636
458.253	209.339	37.236	65.966
456.500	204.014	38.370	66.733
458.188	201.245	37.722	65.439
459.439	201.024	36.537	62.609
459.819	201.153	37.566	67.298
460.117	208.201	38.697	69.242
461.109	215.612	38.726	70.052
460.208	223.359	38.302	72.170
460.348	236.010	41.781	70.788
461.414	255.310	42.043	68.771
462.472	263.484	42.039	66.948
463.229	268.919	41.984	68.323
462.989	277.737	43.300	66.575
462.584	285.403	43.827	67.753
463.426	303.701	43.656	65.787
462.968	305.972	44.515	67.163
463.858	312.348	43.055	63.239
464.085	313.634	43.490	61.402
464.566	312.170	42.629	61.554
464.289	300.741	41.059	68.321
464.280	293.547	41.171	69.678
463.719	287.040	41.291	71.404
464.583	281.431	40.592	70.295
462.218	265.884	46.288	88.155
464.955	269.535	43.666	70.657
467.009	270.412	43.071	65.212
462.832	260.637	50.070	110.310
467.292	252.446	44.790	78.449
469.758	249.293	43.580	70.870
471.442	236.918	42.284	66.570
470.101	232.817	41.973	65.152
471.502	230.953	40.865	63.611
524.933	206.235	39.243	49.014
520.701	202.833	40.103	57.029
545.992	231.412	61.613	66.932
448.311	336.199	23.628	58.652
396.788	282.631	41.228	46.943
464.170	222.137	39.760	60.832
400.127	271.253	40.138	61.682
401.805	269.939	41.683	64.303
402.812	270.108	43.065	65.102
401.249	257.631	51.108	78.758
402.360	251.931	52.233	82.574
406.392	258.513	45.658	70.638
465.903	251.217	42.781	65.650
472.275	255.645	38.202	65.276
474.119	260.886	39.598	64.122
475.184	264.114	40.066	64.724
474.156	268.097	42.170	64.139
477.192	274.339	41.493	62.128
477.779	276.063	41.944	60.467
479.557	277.623	40.653	61.198
481.254	279.245	39.703	60.223
478.313	276.879	45.842	70.102
481.631	282.957	39.326	60.116
477.701	281.240	46.087	67.037
481.572	285.422	40.787	60.774
482.839	286.594	39.522	60.015
482.766	286.355	39.493	60.247
483.210	283.775	38.685	59.896
484.658	281.612	38.013	60.640
484.127	277.507	38.839	61.842
484.702	273.291	39.355	62.535
483.810	269.049	41.301	63.089
485.115	261.816	43.107	62.655
483.949	256.540	44.022	62.980
484.901	252.269	43.758	62.788
484.845	247.331	43.778	63.052
486.207	243.929	42.885	61.806
488.656	236.753	41.895	61.503
489.023	235.294	41.211	59.630
488.715	233.121	41.323	59.373
488.703	232.732	41.229	58.818
488.161	232.197	40.640	59.561
487.508	234.986	38.391	59.533
487.743	236.380	37.626	59.574
487.683	238.639	37.573	58.996
486.210	240.607	37.075	59.514
486.303	243.916	37.420	59.818
484.352	250.179	37.173	57.823
484.688	251.262	36.690	58.241
483.583	252.306	37.201	58.081
482.582	252.249	37.211	58.629
478.748	252.211	39.675	57.470
472.387	241.533	44.303	61.266
470.265	234.080	42.935	62.813
468.673	226.497	42.458	62.440
466.190	219.244	42.491	61.265
464.848	213.065	42.068	59.764
462.172	197.285	40.544	63.242
457.388	187.690	42.027	66.485
460.023	178.264	39.610	69.397
385.864	195.897	47.713	66.555
450.028	256.861	45.788	75.731
437.370	151.369	58.811	130.681
801.990	229.896	44.609	171.037
826.790	302.131	65.602	114.375
817.227	177.192	78.914	100.034
863.617	172.847	76.650	46.403
871.082	154.504	55.690	92.714
851.457	139.326	63.036	129.465
820.986	84.810	78.511	188.624
753.417	154.009	117.080	166.275
751.104	209.010	122.043	146.039
362.283	138.267	137.782	313.544
363.021	147.302	172.348	253.869
296.303	228.610	206.250	225.816
767.606	264.581	126.696	172.910
767.585	264.352	120.697	174.086
773.635	262.656	112.714	165.947
760.713	287.319	123.394	166.500
754.186	314.363	118.395	132.462
756.888	273.939	110.175	151.604
754.225	257.459	107.615	168.708
758.187	255.300	106.852	174.703
757.658	247.321	111.665	180.116
756.182	255.942	112.499	174.373
764.935	284.753	114.806	178.575
835.773	170.063	106.822	155.262
759.481	363.340	132.129	124.242
759.905	379.409	133.240	108.077
763.104	377.085	108.308	121.828
768.329	336.999	104.656	117.888
775.775	340.011	93.910	85.360
776.669	360.854	87.399	94.724
810.697	357.143	68.008	110.717
787.655	352.347	78.322	103.569
812.745	353.117	71.191	116.694
797.097	345.362	83.555	107.456
816.004	352.142	74.938	120.720
791.410	335.763	96.835	115.428
769.169	336.362	109.819	105.759
755.943	357.466	129.779	108.232
389.652	184.321	107.958	267.585
419.613	576.000	156.815	0.000
547.977	196.156	69.971	93.673
508.997	208.402	76.489	76.528
447.818	224.296	51.922	65.896
552.467	259.181	42.392	79.112
457.031	236.732	44.025	57.002
529.959	202.411	30.907	43.598
529.579	210.150	29.656	44.074
456.726	244.141	44.420	53.658
456.485	244.270	44.518	54.248
527.228	205.406	31.302	46.489
518.228	205.071	39.558	44.584
528.202	198.064	29.769	43.331
524.438	198.325	30.651	43.248
525.537	199.335	29.442	39.954
534.080	205.718	27.049	39.383
481.038	231.574	23.371	56.944
530.875	196.859	27.227	39.778
477.010	232.219	26.194	51.791
529.328	193.105	34.253	44.175
458.498	231.548	46.109	54.882
414.433	277.815	39.721	79.833
419.180	338.830	56.470	90.688
419.922	217.620	84.930	146.530
425.464	224.883	74.000	78.663
421.444	241.871	53.762	71.899
422.819	248.909	54.121	70.428
423.545	256.668	46.302	68.610
423.263	263.780	56.966	65.054
453.654	265.893	45.776	62.930
455.024	271.133	44.323	57.261
530.469	224.206	36.416	48.467
456.022	254.460	43.392	63.923
454.442	248.874	43.482	63.070
454.619	242.958	44.474	63.078
454.303	238.334	44.741	62.428
571.202	260.543	13.007	62.478
443.507	228.691	52.816	63.548
425.279	211.190	71.825	80.472
443.432	221.630	53.546	64.896
453.356	221.217	43.975	61.511
455.353	216.272	42.823	59.542
557.623	228.330	24.659	70.240
475.014	213.761	24.825	59.466
528.694	181.867	27.806	42.155
472.039	218.426	26.562	55.123
533.127	181.568	29.536	41.245
456.399	223.617	45.509	59.410
530.521	190.388	31.801	44.213
456.341	229.961	45.157	61.023
455.754	234.688	45.695	59.684
454.394	239.789	45.072	59.517
455.539	241.574	44.098	58.166
455.458	245.227	44.477	58.712
455.243	249.014	44.667	59.473
456.355	253.504	42.521	58.992
529.779	217.687	30.010	42.226
454.348	258.682	43.332	55.966
453.993	254.618	43.356	58.322
453.668	250.128	44.037	60.255
526.852	209.501	38.474	47.501
450.218	237.759	46.087	60.140
449.292	236.887	49.641	57.012
529.986	206.759	37.616	61.866
558.858	217.815	52.837	73.724
609.544	242.542	62.553	86.436
574.892	229.134	96.528	102.709
393.748	207.647	105.263	101.629
530.924	184.552	12.675	49.687
475.028	241.450	15.039	30.562
465.262	277.672	26.815	25.838
530.750	223.448	11.174	58.311
535.034	190.742	21.133	50.165
518.880	185.956	11.978	58.626
409.436	235.479	49.355	63.810
533.224	200.902	14.607	53.622
527.349	204.571	13.589	53.688
404.961	253.902	44.743	64.345
525.626	217.228	11.274	53.093
407.112	258.014	45.078	61.972
414.016	259.728	41.290	61.623
420.232	256.624	38.496	61.713
422.989	250.794	37.874	65.386
423.518	246.239	39.036	65.930
422.149	242.318	39.689	66.746
424.641	237.848	39.465	65.607
517.465	182.725	32.935	58.159
422.352	234.908	44.441	60.345
388.184	234.461	68.960	57.807
383.872	234.588	50.249	57.043
384.195	234.537	51.258	55.823
480.762	171.987	36.228	54.044
385.894	232.024	50.818	56.335
479.594	170.547	39.589	51.649
388.770	234.427	52.428	58.200
444.407	357.436	45.515	17.501
443.312	340.863	35.482	58.808
390.277	252.301	80.928	106.046
393.362	241.243	76.946	65.867
378.330	221.327	102.489	107.506
393.101	244.748	70.977	67.979
390.867	249.297	61.897	63.057
521.796	197.506	25.509	70.405
520.312	201.974	11.320	53.987
388.153	253.358	51.475	59.389
491.440	195.242	33.550	64.503
385.863	254.784	51.398	57.605
388.477	255.515	49.915	56.936
384.877	256.250	48.670	57.111
492.638	196.948	22.240	38.760
391.099	261.384	55.769	59.133
521.206	210.645	12.635	57.084
415.405	262.113	45.408	63.600
412.076	257.057	47.556	65.593
414.153	252.749	44.232	66.148
416.537	248.309	39.859	65.833
414.674	244.841	49.001	62.295
413.195	245.268	53.641	61.589
415.046	245.732	57.000	61.336
398.235	156.790	62.533	49.487
426.119	254.200	55.430	63.096
427.300	266.246	56.939	62.479
431.627	271.538	54.000	63.646
434.201	276.898	52.919	60.859
439.115	193.131	54.000	43.545
426.509	274.910	62.244	64.643
432.833	274.668	47.702	62.040
422.954	273.920	55.555	61.104
408.464	270.093	52.974	63.237
410.534	265.793	50.016	65.829
413.516	263.730	51.917	64.709
419.537	259.349	44.940	62.365
420.871	258.416	44.413	61.906
419.479	257.485	47.221	62.406
455.751	177.252	45.408	28.870
457.247	175.561	47.627	24.158
424.666	249.005	47.031	63.334
422.638	245.754	49.710	64.421
422.528	244.357	49.845	64.074
424.009	242.478	47.698	63.917
424.818	242.058	46.398	64.605
423.415	243.012	47.677	65.407
421.762	244.511	51.237	64.725
420.027	245.229	56.046	65.108
418.498	247.035	58.040	64.440
401.742	154.844	69.738	38.752
413.063	254.777	66.751	65.266
405.089	256.014	50.188	64.470
446.768	257.075	54.022	57.590
441.381	257.452	58.588	57.066
415.301	168.088	79.936	50.813
434.244	256.127	61.683	57.806
430.569	163.985	73.689	55.716
406.319	255.829	55.408	64.585
407.989	165.978	74.268	56.359
410.843	256.640	61.550	66.311
518.537	181.234	51.022	81.709
410.638	257.739	47.479	64.485
408.908	258.215	49.205	62.106
405.530	256.594	53.769	63.876
401.767	256.505	58.152	63.547
398.193	253.683	61.850	65.125
403.109	253.902	58.492	64.413
413.023	254.176	48.326	63.887
417.097	252.594	45.941	64.878
417.792	252.319	46.504	64.587
418.186	252.159	46.375	64.109
376.252	171.728	80.429	40.559
417.282	251.269	47.633	65.118
417.192	250.685	47.128	65.038
415.996	249.089	48.444	65.095
503.346	198.298	45.134	64.594
501.845	201.688	56.497	72.748
372.182	242.351	93.383	77.732
508.712	173.903	45.879	62.537
424.215	256.107	40.289	58.094
423.454	256.009	42.723	65.331
510.138	223.807	42.010	74.071
521.128	217.529	34.409	75.423
513.975	213.327	40.045	82.158
419.278	241.232	46.098	65.476
520.482	205.644	32.876	76.078
428.016	240.550	28.483	62.479
418.615	239.924	36.719	61.348
416.976	238.194	36.891	61.659
414.241	235.026	37.610	63.334
409.132	231.930	37.200	61.869
405.105	227.403	39.971	65.823
402.394	227.110	43.814	66.188
399.121	226.638	51.985	67.986
396.372	228.700	59.592	68.976
398.609	234.018	71.843	65.591
389.341	237.634	76.505	67.955
410.843	238.485	66.205	63.834
405.597	242.090	73.214	61.321
411.592	242.983	63.808	62.357
413.948	247.037	61.829	63.864
411.435	248.942	63.092	62.649
413.410	251.293	54.131	63.059
411.220	253.605	52.424	62.571
410.588	254.465	48.955	61.917
407.007	254.781	43.847	61.774
400.534	253.754	47.025	61.886
389.193	252.684	57.575	63.107
375.202	249.627	66.952	65.297
385.830	250.597	54.878	65.503
398.724	250.330	43.811	65.838
398.574	250.568	42.345	64.907
399.934	249.745	43.659	65.445
400.263	250.559	41.690	64.268
402.119	251.483	41.883	64.157
404.231	254.741	44.966	64.415
360.518	247.720	57.698	65.316
356.517	251.894	59.643	64.428
352.576	254.048	61.500	65.126
348.291	256.905	62.159	63.652
344.616	256.977	62.402	65.132
338.005	260.176	58.275	64.113
430.740	252.230	55.229	65.317
432.497	248.437	54.306	66.548
433.371	245.255	44.546	65.319
318.277	256.189	51.856	64.321
439.249	239.087	21.782	48.430
312.918	253.610	41.949	63.243
313.615	253.263	39.972	63.214
315.108	253.776	39.053	63.037
317.738	255.543	40.055	64.772
325.420	263.503	41.190	66.028
330.575	267.514	39.942	64.951
334.841	270.117	39.101	62.649
337.319	270.149	42.520	62.426
339.482	267.564	46.855	64.206
342.083	262.068	54.260	65.103
342.192	257.572	59.470	66.953
430.910	252.119	51.491	65.948
424.255	248.924	49.452	65.750
345.289	248.851	67.521	63.792
339.854	243.687	72.083	62.250
405.714	236.157	46.869	67.542
349.432	238.852	65.142	62.073
335.417	239.433	70.539	60.275
396.720	226.521	48.025	68.009
380.154	216.890	57.743	81.117
318.500	234.397	73.294	64.233
315.836	236.138	70.208	63.568
314.597	236.995	65.854	65.206
310.254	239.009	65.200	66.429
307.498	245.491	57.799	65.922
289.498	232.053	72.885	92.451
403.703	212.791	51.044	63.350
304.013	254.397	49.788	67.147
303.529	257.777	47.078	66.630
303.860	262.058	46.178	65.924
303.741	262.825	46.736	65.427
304.309	262.913	48.531	65.275
307.138	261.093	48.145	65.264
309.267	256.302	49.767	67.717
313.572	246.864	55.287	68.438
316.191	241.754	59.766	68.889
429.743	238.633	45.627	67.473
432.134	244.823	52.068	70.311
327.377	228.037	67.557	69.996
337.109	217.471	71.097	72.063
342.910	212.211	71.285	71.332
348.097	208.133	71.298	72.329
355.081	207.183	70.068	71.534
361.766	206.731	67.548	70.368
371.064	208.315	64.286	71.196
372.390	209.618	65.507	69.654
373.600	210.779	65.501	71.610
373.437	214.167	65.352	72.716
373.718	217.975	63.524	75.870
371.013	231.877	62.615	82.391
370.022	238.589	63.238	85.116
369.071	248.877	62.906	84.131
367.872	261.030	62.733	78.287
366.551	265.565	60.770	75.096
360.090	261.959	59.125	75.706
358.048	255.086	57.603	77.591
356.874	249.046	56.669	77.864
357.232	244.779	54.643	76.375
357.631	243.583	55.003	73.575
363.185	246.002	54.797	73.605
364.417	247.178	57.808	74.270
366.366	248.070	58.952	74.241
368.192	243.760	59.452	77.065
368.688	234.963	60.131	81.222
367.413	212.971	58.458	85.432
365.347	203.995	59.563	84.781
364.312	197.931	58.950	82.503
440.930	269.108	54.584	70.782
359.920	193.737	60.960	76.841
437.230	273.424	52.803	72.512
436.173	273.988	52.247	72.840
358.027	198.726	60.901	81.671
357.669	203.841	60.924	81.898
356.801	207.686	59.953	82.265
356.967	220.061	55.666	80.252
357.026	225.441	56.592	80.405
356.382	231.687	56.171	80.935
354.589	238.372	57.451	80.990
353.224	244.682	57.679	81.822
351.388	257.555	55.905	79.725
351.027	263.769	56.287	78.390
351.718	268.360	55.574	77.780
350.248	270.219	56.265	76.489
349.750	271.270	56.348	76.020
352.646	273.869	53.625	75.346
353.185	274.595	53.187	74.606
355.543	276.544	51.255	74.681
357.532	277.799	49.671	74.739
358.502	278.645	50.175	74.441
362.076	278.258	49.998	73.849
362.384	274.471	51.315	75.439
363.790	269.274	52.948	79.513
364.427	263.588	55.958	79.539
366.670	256.863	56.068	80.802
374.180	246.987	56.090	78.944
381.598	244.054	52.186	75.373
388.544	241.521	61.093	75.983
396.149	239.392	66.603	95.744
400.346	241.519	61.882	105.835
395.055	271.352	60.455	85.783
391.025	277.750	60.601	78.285
389.392	225.235	69.220	93.648
398.236	219.519	67.145	74.835
382.766	276.895	49.134	69.852
381.066	276.125	41.714	72.348
380.045	279.334	42.334	72.986
379.281	283.377	42.990	73.780
379.593	287.678	44.497	72.123
379.645	288.079	47.547	73.550
389.459	211.210	64.987	83.077
388.079	208.129	61.442	78.238
383.290	206.489	61.862	76.642
379.778	205.774	58.425	72.184
373.394	204.517	57.108	76.909
422.953	292.973	52.422	77.220
429.215	301.670	54.575	78.497
436.025	312.336	58.176	76.791
442.090	321.987	61.487	78.449
447.916	330.179	63.793	78.809
455.097	347.946	66.656	72.656
349.066	297.775	40.368	79.840
461.656	350.755	67.154	68.895
461.933	343.088	68.076	72.548
463.017	330.778	66.443	76.968
461.329	293.095	61.721	79.209
458.787	270.740	60.172	81.566
454.584	259.085	59.570	77.863
450.327	248.310	59.738	75.731
446.284	242.335	57.344	74.739
437.193	243.773	56.742	71.435
433.774	244.805	55.454	72.988
428.834	247.678	53.174	73.272
422.358	247.905	51.737	73.176
419.135	249.219	49.505	73.539
410.600	257.564	46.694	77.640
382.620	288.888	59.008	99.511
387.801	299.206	57.703	98.563
392.310	305.600	58.076	100.941
395.386	309.166	59.613	100.139
399.307	295.141	62.558	109.941
400.847	294.885	64.590	102.995
403.147	290.345	62.870	94.219
405.272	269.129	60.250	99.987
402.321	250.629	61.019	108.210
401.790	277.829	59.775	73.786
396.399	281.652	63.224	71.077
395.020	285.627	60.962	69.272
404.873	220.662	51.842	70.740
387.793	287.011	59.647	69.682
416.525	215.659	53.158	75.792
420.022	221.696	54.433	74.409
377.586	296.561	50.247	75.422
428.014	234.978	53.784	84.059
372.649	315.642	42.915	85.104
371.524	331.202	42.610	81.540
368.930	354.378	43.451	71.597
368.431	355.722	44.359	70.173
440.262	310.280	53.659	70.669
370.325	334.012	43.215	85.035
430.636	279.041	63.347	88.531
373.267	283.771	50.614	89.682
375.750	270.373	52.656	85.923
378.283	264.133	53.877	79.457
429.751	270.700	50.878	71.814
385.440	255.161	57.489	75.724
384.508	239.819	79.708	110.818
419.576	273.025	45.475	86.091
416.091	289.391	44.076	76.441
416.853	296.290	41.357	73.117
416.609	304.228	39.121	75.740
415.959	327.063	38.383	73.113
416.830	335.268	38.568	70.587
416.700	340.575	39.589	65.514
416.826	338.563	41.566	67.897
419.026	330.905	40.553	72.506
421.166	310.509	43.966	77.058
421.550	296.638	47.227	80.299
422.118	288.140	50.149	77.824
424.577	279.816	49.248	75.547
425.024	272.564	51.692	73.837
425.408	267.684	55.807	68.814
426.663	268.835	56.032	70.560
427.690	270.841	55.773	74.941
428.281	277.873	54.989	73.670
428.472	281.943	54.474	68.453
428.322	259.437	50.883	84.953
427.688	238.692	48.599	87.399
423.779	220.948	48.407	85.507
423.463	211.923	46.497	78.895
421.886	206.712	47.104	72.228
366.862	266.304	50.467	79.226
419.374	216.697	42.966	76.044
417.834	225.614	42.342	71.985
417.324	232.431	41.870	67.163
370.445	296.079	53.407	66.240
373.302	283.926	50.735	73.231
413.636	219.316	42.151	72.147
412.965	218.535	42.509	68.496
414.781	218.194	44.548	67.571
379.481	263.747	46.290	68.725
386.416	263.016	43.820	68.824
388.674	263.090	44.387	70.019
390.368	262.283	45.077	70.988
392.164	261.249	46.662	70.645
392.896	259.991	49.173	69.954
398.474	254.594	52.851	68.907
400.072	248.711	60.363	75.460
401.995	244.348	56.120	81.210
404.943	242.674	52.178	84.534
407.170	255.388	43.844	76.648
406.326	276.380	41.202	69.003
405.720	282.707	40.024	66.187
405.472	284.651	39.768	65.625
410.583	251.781	59.392	59.473
408.400	251.871	59.152	59.713
408.402	264.577	44.787	82.038
412.252	259.733	47.763	84.888
413.613	256.764	49.895	86.386
416.606	265.888	50.563	75.122
431.356	284.012	43.991	63.656
382.091	259.245	51.670	64.593
455.418	281.894	49.957	62.775
461.853	281.572	53.262	61.124
466.673	279.711	58.450	61.094
471.780	279.085	61.277	59.993
479.395	276.413	67.083	58.267
482.219	274.597	66.822	57.696
483.012	273.336	68.010	56.877
482.839	271.678	68.769	56.616
483.117	269.178	67.062	57.488
478.452	266.974	63.780	59.250
475.257	266.686	62.246	60.022
472.106	266.455	58.821	60.666
468.145	263.412	51.685	62.103
381.842	267.926	55.988	60.803
384.363	260.383	63.514	62.531
384.935	259.342	66.937	58.639
384.704	258.502	66.542	57.048
385.494	259.250	66.530	55.630
386.085	260.618	66.771	55.418
454.236	249.113	52.302	64.975
382.594	262.195	64.437	58.766
460.080	251.096	54.920	64.535
464.448	251.386	50.569	63.661
364.645	257.401	56.781	60.641
347.771	253.074	48.399	62.529
343.058	252.115	41.513	62.043
335.693	250.509	41.675	61.601
329.384	249.017	45.098	62.301
324.808	248.188	49.238	62.673
322.550	247.483	53.094	63.102
322.525	248.534	55.133	60.964
325.000	248.452	55.754	60.830
329.488	247.999	54.890	61.623
335.470	247.972	53.205	63.349
348.749	249.066	54.294	63.607
360.269	250.818	50.284	62.462
370.642	249.971	51.678	63.783
382.944	249.519	53.219	64.121
393.345	244.030	59.050	67.975
415.453	227.628	56.051	72.763
427.673	218.058	62.618	88.343
427.112	206.390	70.582	92.821
444.941	194.039	72.411	76.152
446.669	182.634	79.200	82.607
386.642	184.001	57.528	77.178
463.946	148.880	73.869	66.723
380.120	162.111	55.865	70.606
378.136	156.148	57.333	69.018
378.356	151.809	57.442	67.370
380.380	133.840	72.995	85.516
381.585	127.625	124.312	99.520
576.601	97.804	92.111	118.223
445.457	141.450	74.710	80.761
406.001	164.673	55.014	94.215
424.377	199.204	61.640	107.175
415.725	227.058	72.823	98.956
441.223	260.943	69.692	92.894
458.096	286.918	63.855	79.342
462.817	308.071	65.835	66.527
474.859	316.880	68.504	59.072
480.465	319.772	65.220	56.827
483.014	321.852	66.463	58.710
485.962	325.687	65.043	60.318
487.579	330.396	63.166	59.853
486.251	330.229	61.431	59.618
486.220	320.087	57.871	67.644
484.626	307.526	55.837	73.726
481.136	294.750	53.419	77.186
477.689	283.846	51.491	76.040
466.309	273.307	52.329	65.801
460.693	272.129	49.491	63.416
454.820	271.329	49.674	63.283
448.881	270.622	50.061	62.923
443.157	269.668	49.877	63.297
432.931	269.503	48.012	64.176
427.033	270.920	47.848	66.938
422.105	273.978	46.650	70.359
417.675	282.158	45.153	72.134
413.158	293.900	45.071	74.470
409.192	308.227	44.259	72.165
402.353	328.727	41.517	71.224
337.505	316.655	49.742	61.008
392.326	341.080	43.226	69.916
391.017	343.836	41.531	69.048
383.970	342.964	40.987	67.636
381.784	335.106	39.617	70.771
378.972	325.911	39.783	72.040
376.787	315.386	37.771	73.229
373.736	306.078	38.238	71.584
367.223	286.465	38.849	70.124
363.977	279.978	39.243	68.414
360.792	276.406	40.240	66.793
358.355	275.375	40.164	65.179
355.108	274.415	40.469	65.656
348.410	276.059	40.533	64.994
344.577	277.213	40.556	64.496
340.115	278.606	40.250	64.285
335.056	280.162	40.511	65.134
329.778	283.717	41.814	66.485
319.072	295.555	45.855	67.836
314.805	302.821	47.001	66.975
310.552	309.185	48.054	65.439
306.449	311.277	49.555	66.730
303.533	314.286	50.787	64.468
300.450	314.140	52.410	64.011
300.578	313.446	51.756	63.307
301.663	310.713	51.393	63.761
303.257	309.235	51.337	63.462
305.760	307.061	51.574	63.291
308.366	304.776	52.262	63.559
316.879	298.315	55.182	63.366
322.803	292.438	56.044	64.858
330.261	288.328	55.888	64.042
338.589	284.834	55.508	63.670
348.491	282.073	54.175	62.904
368.276	281.171	47.161	60.506
379.428	282.172	42.895	61.711
461.085	249.677	44.899	72.125
551.263	179.935	48.802	80.146
553.324	289.099	50.649	93.618
677.515	249.137	45.801	101.541
718.561	262.634	96.283	124.169
684.533	209.198	127.729	149.560
471.131	288.471	58.123	72.636
478.404	285.048	56.653	67.102
495.937	274.123	56.862	64.830
502.732	270.802	57.119	64.769
511.023	269.449	57.408	65.358
518.952	269.843	56.222	65.539
525.112	271.109	56.137	65.038
531.492	271.947	56.219	66.001
530.399	271.216	59.425	67.128
531.245	271.259	59.338	67.387
528.430	271.116	60.992	67.625
525.442	270.200	62.390	68.301
517.502	265.578	62.282	69.402
513.184	258.729	63.736	72.148
507.422	252.805	64.152	73.379
501.987	248.723	63.246	72.318
498.405	245.484	60.200	70.998
491.984	244.238	56.268	71.768
488.709	247.377	54.275	72.562
485.782	251.854	52.351	72.005
481.704	253.977	50.245	72.293
387.448	243.483	55.516	75.027
388.469	241.420	59.833	76.320
388.234	239.683	61.012	75.888
387.684	237.782	62.233	77.043
387.185	239.018	62.191	74.494
387.591	240.973	60.211	76.195
384.001	247.031	63.049	75.270
383.045	245.233	62.739	75.622
381.078	243.241	62.827	76.148
379.117	239.159	62.040	77.568
377.503	232.583	61.475	80.211
439.057	228.645	53.033	75.848
365.680	215.241	67.392	85.568
376.566	218.404	57.582	79.321
446.752	226.616	53.423	73.610
451.191	225.654	52.439	73.640
454.699	219.710	51.555	76.574
454.564	219.798	51.702	76.754
476.919	255.040	54.378	76.090
475.141	253.474	57.393	76.375
476.920	253.480	55.347	75.443
475.531	253.209	56.711	75.817
475.544	252.891	56.586	76.040
475.389	252.684	57.175	76.397
475.330	252.967	57.449	76.212
475.392	252.864	57.423	76.240
475.298	252.967	57.407	76.174
475.640	253.070	57.065	75.996
472.794	234.245	64.774	107.280
476.426	254.675	60.826	76.354
478.111	252.941	53.518	76.355
477.064	253.852	54.946	75.143
478.070	253.751	54.207	75.482
482.441	252.868	51.136	76.587
483.082	253.297	51.479	76.114
484.144	252.966	51.417	76.184
485.113	252.819	52.423	76.645
485.784	253.631	53.514	75.718
488.054	253.887	55.403	75.277
487.696	252.729	57.170	76.707
489.531	252.103	57.701	76.930
490.446	252.195	58.723	76.761
490.904	253.169	60.002	75.824
491.109	253.073	61.459	75.881
491.036	252.774	61.825	75.829
491.236	252.463	61.461	75.952
490.673	251.976	61.971	76.203
490.394	252.352	61.196	76.203
488.045	251.516	59.490	76.968
486.801	251.730	58.202	76.997
485.455	251.245	57.251	77.248
484.228	250.851	56.086	77.258
484.372	251.144	54.748	76.843
480.176	250.871	52.336	76.886
477.134	251.008	54.328	76.526
476.242	250.413	53.021	76.923
474.133	240.659	58.361	97.966
474.946	249.603	50.738	79.836
475.058	249.611	52.036	77.327
472.760	250.170	51.619	76.823
473.944	250.974	51.901	75.819
472.792	251.040	51.911	76.845
474.011	251.318	51.816	76.257
476.419	251.821	52.063	76.344
477.105	252.583	51.993	76.495
479.689	253.071	52.252	75.963
481.741	253.237	52.867	78.075
484.214	253.297	53.461	78.625
486.974	252.955	54.439	76.449
488.308	253.869	55.272	76.131
490.619	254.687	55.730	76.421
491.723	255.698	57.112	76.249
492.867	256.275	58.067	76.470
495.523	258.429	57.549	74.999
495.358	258.106	59.270	76.681
496.527	258.740	59.214	75.551
496.970	258.507	59.286	75.508
497.175	257.890	59.112	75.709
496.910	257.301	59.312	75.491
495.215	256.787	59.464	75.589
493.015	255.360	59.890	77.133
491.065	255.545	60.007	75.991
489.175	254.186	59.567	76.218
487.966	253.388	58.977	75.787
484.046	251.736	56.356	76.122
480.932	251.475	56.236	76.456
479.479	251.265	53.817	76.331
477.689	251.026	53.935	76.541
478.888	250.575	49.317	78.360
475.612	250.898	48.036	77.383
474.642	252.044	48.636	75.401
474.821	252.139	46.452	75.258
475.415	252.491	47.679	76.621
475.653	252.708	47.483	76.743
385.371	219.035	67.756	77.057
482.392	256.306	47.851	77.134
485.326	257.321	48.643	77.292
488.884	258.343	49.424	76.014
493.438	260.148	49.502	78.379
499.928	274.392	54.398	83.275
503.825	282.332	56.268	83.754
508.462	292.481	57.569	79.903
511.235	297.988	60.689	77.735
514.555	299.578	62.389	75.667
519.007	293.783	64.754	77.020
520.209	289.415	65.065	76.991
519.283	285.999	67.079	76.248
517.705	282.627	68.629	75.188
514.654	280.311	71.385	73.979
508.115	274.412	71.242	74.842
503.661	274.463	71.181	72.450
498.894	273.768	70.796	73.069
491.688	273.471	70.596	75.893
484.413	275.932	68.897	77.996
470.454	282.650	63.575	77.961
462.529	283.660	60.479	77.032
455.247	281.755	56.778	77.399
449.567	277.804	52.571	78.478
441.532	272.870	50.694	79.293
429.036	270.137	50.619	75.254
415.809	246.519	61.117	95.369
397.848	228.040	74.933	98.253
395.440	229.245	77.322	96.769
393.788	231.201	77.724	93.137
387.723	232.843	80.718	93.137
381.460	232.764	79.598	92.686
374.988	235.174	79.285	78.095
370.878	236.741	75.487	81.501
362.063	241.594	75.700	82.657
339.348	252.764	77.106	87.892
330.654	262.417	70.903	86.670
456.491	289.563	61.925	78.063
306.085	267.200	75.479	92.311
301.913	275.644	61.167	83.312
283.115	274.885	55.337	82.901
274.981	273.526	55.074	82.391
268.341	270.477	53.212	82.050
263.270	265.350	53.645	83.926
260.850	260.095	55.220	85.378
261.782	251.548	56.746	85.357
265.298	251.032	57.619	82.842
270.729	251.116	58.299	83.432
278.901	253.215	55.366	84.088
287.994	255.851	50.750	82.671
297.916	258.935	56.456	80.265
303.923	253.540	60.646	84.570
308.706	246.954	64.652	86.052
315.073	239.528	65.810	87.950
321.402	235.470	66.700	86.582
331.888	231.775	67.300	84.824
337.373	231.856	67.678	84.073
341.295	231.782	68.140	84.678
343.892	229.742	69.008	85.656
345.570	226.027	69.561	87.461
344.700	218.742	70.088	87.745
343.798	216.276	71.224	85.640
341.926	213.892	71.273	85.454
336.943	211.371	76.265	84.946
333.284	209.965	78.444	85.666
326.730	212.721	78.315	86.722
320.584	214.874	81.715	88.093
316.239	217.891	81.460	87.945
312.776	219.942	79.815	88.517
310.363	221.056	77.574	87.724
305.421	223.206	73.042	87.839
305.413	223.237	67.735	87.501
304.873	225.219	63.309	87.064
304.579	228.794	60.089	87.705
306.510	233.680	57.079	89.621
309.502	252.091	53.146	91.743
437.474	261.819	43.795	85.964
309.754	270.913	51.301	86.180
435.338	253.225	38.475	87.766
308.610	274.857	51.944	84.179
311.470	270.393	52.362	84.711
313.087	269.387	54.363	84.742
315.732	269.352	56.190	84.530
317.904	270.203	57.980	85.296
320.562	271.826	59.127	86.573
325.729	275.421	61.884	86.101
327.739	274.719	63.002	86.719
331.334	270.977	62.892	89.008
332.826	264.622	63.971	91.232
334.755	258.573	65.091	91.510
338.181	246.212	70.328	93.847
340.915	239.178	70.890	95.098
343.642	232.385	71.588	95.551
345.092	224.825	71.907	96.648
346.371	218.740	72.748	96.823
347.364	207.528	74.889	96.202
346.922	203.797	76.309	93.379
347.144	201.538	76.598	91.506
348.034	199.545	76.372	91.389
345.417	199.451	78.969	92.148
342.382	207.840	78.972	92.650
340.148	213.567	78.453	93.548
335.621	219.564	81.792	94.060
332.472	227.323	80.331	93.163
328.785	235.420	78.682	91.766
320.704	247.670	73.379	89.693
315.269	254.589	70.304	87.446
310.389	258.224	69.100	87.646
305.309	261.282	66.807	87.767
300.851	263.654	60.666	87.985
292.553	267.225	52.781	87.672
288.766	269.260	50.782	85.406
285.850	269.559	50.330	86.138
282.786	269.592	51.425	86.034
281.058	268.921	51.460	86.897
280.195	272.100	52.440	87.897
282.489	275.231	52.656	87.846
285.621	277.750	52.670	87.717
291.091	279.567	51.424	86.618
296.890	281.588	50.914	85.219
309.115	283.705	53.866	86.335
317.367	284.567	55.683	85.820
325.971	283.952	58.844	87.327
334.258	283.237	62.654	88.217
342.472	280.843	66.028	90.462
349.608	277.239	70.492	92.250
364.594	268.545	76.922	93.401
371.151	263.299	79.098	94.887
377.680	255.993	79.658	97.590
383.454	250.262	78.461	97.600
391.617	236.295	70.481	102.719
393.908	228.326	71.851	99.959
394.889	219.499	77.796	96.761
395.530	210.426	79.837	97.352
394.690	203.875	80.024	93.996
387.952	194.547	85.573	94.769
466.010	284.645	58.393	87.790
379.068	188.625	89.144	96.768
375.709	190.122	83.345	94.036
371.043	191.583	83.104	96.281
359.525	198.872	80.968	97.944
351.275	204.230	80.157	97.504
343.748	207.861	81.059	100.032
337.140	213.930	76.973	99.619
331.069	219.540	72.442	97.925
318.490	232.668	67.531	95.073
311.423	238.342	64.692	94.238
305.109	244.023	59.942	93.756
299.178	249.083	57.140	93.967
293.981	255.121	55.765	94.118
290.153	260.718	54.928	94.301
284.031	271.074	55.187	94.481
283.382	275.389	53.928	94.371
283.307	279.898	53.498	93.493
285.285	283.222	52.961	92.188
287.596	285.720	53.733	92.260
445.498	220.802	15.316	73.924
300.200	287.727	57.664	93.276
306.385	286.861	60.094	93.883
311.483	284.145	65.194	95.304
324.428	276.330	72.124	99.408
330.949	271.245	74.894	102.143
337.552	266.367	77.546	102.415
343.883	261.814	74.470	100.191
348.537	255.708	70.728	101.437
368.902	255.226	77.484	104.695
365.583	233.454	80.457	130.295
360.609	227.443	84.979	132.820
364.384	221.264	82.015	132.852
359.844	216.167	89.322	99.906
379.106	237.825	62.193	130.396
378.499	228.951	63.337	130.054
360.411	206.497	67.828	137.659
339.535	207.217	89.371	104.643
329.519	202.876	89.338	109.422
328.826	202.759	84.889	107.461
313.633	217.056	81.399	104.027
425.230	273.982	59.608	96.946
429.763	272.683	65.999	97.493
436.218	270.530	71.074	95.469
445.092	266.710	72.413	96.206
460.011	260.885	78.470	95.495
466.459	255.127	81.377	96.512
471.901	250.666	82.581	96.096
475.488	245.347	84.185	95.855
478.754	241.412	84.753	95.263
481.693	234.186	87.060	94.528
480.773	231.523	86.921	93.060
480.579	229.120	88.191	93.709
480.827	228.172	86.419	93.121
478.820	226.920	83.936	93.960
473.449	229.322	79.777	96.237
469.879	231.070	78.496	96.866
465.142	233.567	76.920	96.976
459.971	236.551	75.253	96.957
454.691	240.312	73.757	95.844
442.990	244.611	71.034	96.187
436.846	247.269	69.427	96.675
429.364	249.127	69.935	97.023
424.542	251.264	68.651	98.602
422.756	254.477	62.801	97.353
417.103	258.861	56.285	99.289
382.062	231.653	77.353	115.397
390.421	226.690	89.693	118.498
394.810	222.637	84.528	102.221
409.407	218.643	95.999	100.061
417.438	212.653	102.940	94.595
411.335	212.021	105.995	94.600
408.398	209.309	108.156	97.190
407.016	212.472	108.133	94.287
402.834	212.780	102.264	96.355
391.127	220.017	89.062	100.285
429.799	255.062	72.040	120.014
447.702	273.685	63.087	102.370
366.746	231.505	95.395	109.466
347.333	236.496	100.735	105.887
322.744	245.947	96.863	110.236
307.988	248.577	91.103	107.536
294.039	251.329	83.844	108.079
278.339	254.347	79.274	105.715
265.290	255.698	71.824	105.280
238.459	257.778	69.324	104.492
226.996	258.348	71.719	103.021
218.622	257.341	74.890	104.155
212.940	256.507	77.606	104.944
209.249	255.486	80.725	105.911
210.700	253.834	82.890	107.080
405.592	222.280	37.503	103.361
222.280	252.668	86.070	108.148
231.788	253.345	86.129	108.244
244.556	254.274	84.271	107.721
279.860	255.821	80.779	106.773
300.649	256.287	79.087	105.700
321.777	256.063	82.765	105.284
338.370	254.195	89.507	105.565
488.840	286.101	72.607	99.545
467.945	281.361	68.876	99.969
423.492	235.598	96.050	116.232
415.770	224.328	103.471	117.771
430.853	218.463	100.459	130.853
431.837	207.128	130.464	138.987
605.081	59.202	113.524	120.219
444.477	199.355	146.365	139.532
407.681	257.622	69.989	109.094
405.782	258.431	68.539	105.834
406.335	258.669	69.433	105.034
414.791	260.378	69.244	106.596
421.940	262.812	70.057	107.376
426.125	225.927	85.994	142.501
415.502	224.682	101.294	138.564
399.789	230.096	104.146	121.235
481.585	281.253	69.385	103.599
496.851	282.410	72.429	101.646
508.022	284.506	82.085	100.444
520.269	286.770	84.542	99.047
530.858	288.849	90.210	95.504
549.966	289.778	100.270	91.073
557.528	291.276	99.466	87.766
563.468	291.424	99.908	85.936
569.472	291.102	98.111	85.330
572.591	290.104	97.577	85.045
576.886	289.754	94.600	85.497
577.449	288.716	91.615	88.824
575.531	288.498	89.643	90.210
575.288	285.681	82.954	94.757
572.826	286.318	78.868	95.197
564.427	284.373	72.607	98.115
560.463	283.958	65.836	97.640
557.193	282.114	59.896	97.120
552.627	280.833	57.309	96.482
547.799	279.229	56.667	96.875
540.630	277.396	56.492	95.803
538.628	277.044	54.803	95.101
536.727	277.878	54.209	93.729
533.390	278.152	56.414	93.276
529.696	277.833	60.173	93.552
526.907	277.399	64.529	94.513
524.135	275.809	68.338	95.524
519.011	287.804	70.240	83.539
499.605	238.216	84.592	124.883
501.098	222.375	86.408	137.639
529.922	213.865	86.248	115.175
538.071	211.850	84.492	113.356
548.150	209.978	82.122	114.137
556.912	209.983	80.592	114.703
563.271	210.473	80.625	112.066
573.716	210.754	80.674	110.986
577.399	211.653	81.404	110.572
578.942	211.536	83.736	111.415
581.385	212.087	84.782	111.334
581.366	211.653	86.453	112.165
581.911	211.900	88.796	113.190
580.971	213.010	90.266	112.451
578.680	213.820	91.197	112.507
574.977	215.583	92.445	111.460
569.588	217.242	93.868	111.272
555.261	221.764	97.539	110.213
545.319	224.194	100.928	110.737
534.882	225.767	101.433	112.801
524.506	228.494	99.431	113.268
511.261	230.781	99.921	112.026
488.425	234.900	90.664	133.387
465.392	234.274	95.916	119.809
455.997	239.454	90.896	111.943
443.585	239.206	81.864	112.579
536.240	266.756	82.473	101.391
549.500	260.196	88.599	99.563
388.696	235.230	81.291	115.081
378.174	232.744	82.280	116.136
370.796	230.997	82.827	116.367
364.709	228.686	82.046	115.555
562.075	228.564	91.612	123.045
358.867	221.548	73.575	113.460
360.078	219.074	70.090	112.115
360.787	215.356	70.417	111.988
361.310	212.418	73.394	111.387
365.760	202.250	78.833	113.876
368.415	198.248	83.055	112.504
375.281	192.919	82.664	113.583
379.631	188.278	84.306	113.491
384.254	182.972	85.045	114.695
394.460	174.718	84.480	115.430
398.017	170.963	87.724	113.801
401.044	168.365	90.631	112.988
406.871	165.020	88.511	113.373
497.616	161.795	73.560	111.527
419.210	154.571	86.736	113.081
420.940	151.284	79.408	112.780
425.682	151.294	81.658	112.652
425.066	149.426	86.107	113.278
427.763	148.454	83.355	111.328
427.014	148.953	77.501	110.606
419.001	145.140	99.465	118.691
482.835	155.312	81.302	108.735
481.905	154.224	82.385	109.942
483.453	153.096	81.563	109.073
484.365	152.298	83.039	110.820
482.864	151.390	83.393	114.015
482.994	153.422	80.669	113.309
482.728	155.383	79.990	111.704
483.905	156.357	77.423	110.758
483.483	157.489	75.443	110.293
482.936	158.014	74.741	109.295
483.586	158.179	73.092	109.249
486.050	157.958	72.487	109.297
486.083	159.196	71.008	107.988
487.491	159.284	73.766	107.368
485.017	160.071	78.105	107.813
485.403	159.014	81.271	109.083
486.164	158.842	78.820	109.632
485.784	159.195	81.109	108.808
486.969	158.842	81.362	109.578
488.310	158.106	78.928	109.688
489.126	158.180	79.005	109.254
490.502	158.195	78.286	108.755
491.561	158.263	76.167	108.611
491.121	158.768	74.831	108.212
491.370	158.901	76.648	107.428
488.423	159.992	76.649	107.171
489.107	160.419	78.647	107.056
489.256	161.351	79.720	106.587
486.715	162.560	82.996	106.024
483.940	162.294	83.840	106.932
481.380	161.642	87.243	107.660
478.480	160.237	85.144	108.800
478.307	161.488	80.521	107.183
473.648	161.641	79.859	107.665
437.008	162.642	102.803	110.593
432.232	164.176	101.404	108.882
430.698	163.406	96.182	109.179
431.252	161.588	88.642	110.631
432.709	162.928	81.647	110.218
433.949	161.226	71.433	111.121
433.529	160.866	72.565	112.878
430.860	160.981	75.095	112.186
429.145	161.082	76.618	111.923
427.530	159.469	77.767	114.093
432.738	160.074	72.061	114.035
427.825	157.888	75.708	114.112
432.478	156.998	71.620	117.605
437.296	158.204	67.167	116.015
435.836	157.722	64.583	114.197
430.667	157.131	70.576	111.678
423.309	153.837	73.330	114.297
418.198	153.333	78.542	115.328
421.274	153.968	75.749	115.567
421.569	152.966	70.391	116.882
417.763	152.115	70.188	114.775
419.229	151.388	70.417	120.751
418.487	150.799	68.625	117.297
414.404	150.251	70.383	116.186
391.750	150.963	83.656	108.505
403.368	147.890	88.413	116.262
410.059	149.444	77.358	120.773
390.532	149.657	89.115	111.256
429.297	154.978	64.401	122.252
419.108	157.432	77.028	118.215
425.234	155.840	69.578	124.168
404.186	153.626	79.019	119.322
417.037	155.532	72.293	122.969
401.420	152.560	82.385	114.398
412.406	153.782	73.670	122.740
421.196	156.260	65.764	120.505
416.786	158.552	68.281	118.791
415.308	159.217	68.586	118.426
414.613	161.110	66.993	117.874
410.940	156.469	68.626	121.482
407.364	156.782	69.297	121.971
406.448	157.590	67.777	123.681
407.516	159.055	66.531	123.920
404.307	159.279	67.276	121.466
403.459	158.646	68.653	125.116
392.560	158.709	73.499	121.060
389.051	158.568	77.210	124.384
383.253	157.066	80.484	124.188
384.426	157.398	77.725	122.161
388.794	157.797	75.813	123.271
396.070	157.540	69.945	125.580
394.369	158.156	69.863	122.312
393.162	158.322	67.884	122.343
390.241	157.319	68.045	122.826
393.147	159.042	64.036	122.620
387.285	162.986	65.325	119.910
378.112	156.569	75.195	124.218
380.570	157.645	69.468	123.528
376.482	154.870	72.985	125.513
382.453	157.729	66.334	123.802
374.025	156.737	70.713	124.726
377.155	159.251	67.800	123.432
374.671	159.840	69.124	123.471
375.638	160.864	67.148	123.377
378.431	164.072	64.599	120.634
373.532	164.076	68.826	121.282
376.264	167.984	67.867	118.134
374.975	165.323	71.252	120.833
376.874	169.394	71.286	117.786
377.162	168.028	73.845	118.767
387.338	173.939	69.823	115.117
389.783	174.926	71.627	111.787
391.447	172.689	74.001	110.891
399.464	179.892	70.928	110.752
410.737	185.529	64.522	108.402
415.930	190.418	65.635	105.704
415.927	193.823	69.788	102.941
415.146	194.272	73.679	103.997
414.639	192.337	77.382	108.108
416.475	193.420	73.572	110.253
384.195	187.739	73.963	111.336
377.129	185.612	79.534	103.991
380.758	188.064	72.195	103.306
390.445	188.742	73.127	109.922
392.200	192.443	72.774	117.404
391.313	195.524	68.376	118.957
388.403	196.658	73.552	116.531
387.702	200.263	69.205	115.109
395.949	200.525	69.597	109.078
416.558	203.193	69.493	97.922
420.303	202.947	72.680	103.106
419.965	206.524	76.311	99.160
421.754	208.095	76.540	98.993
424.253	209.050	76.084	97.339
428.708	209.606	73.852	97.726
428.002	210.931	69.216	97.045
426.140	212.179	66.301	95.322
419.320	212.883	69.800	95.598
393.815	215.087	74.056	100.577
395.557	215.865	75.847	101.589
403.428	216.126	67.423	100.890
407.912	217.226	63.639	98.617
406.702	216.284	68.366	98.876
403.400	216.318	76.103	97.329
402.282	216.278	80.992	97.136
396.514	216.876	90.789	94.354
387.088	216.493	85.538	94.042
385.468	215.874	104.837	94.564
380.771	216.674	84.030	92.865
376.372	216.908	91.795	91.691
376.451	217.572	79.564	92.136
372.204	217.384	81.357	90.794
374.133	217.822	78.939	91.822
369.112	216.657	80.430	91.163
372.389	217.092	80.452	91.681
368.216	216.843	82.739	90.194
367.150	216.307	79.327	90.741
387.087	211.027	113.351	106.512
371.099	215.503	83.597	91.374
375.704	208.661	120.194	109.771
408.641	214.723	72.400	95.015
397.040	214.767	79.908	95.099
403.392	214.667	71.050	95.130
403.569	215.243	65.754	94.556
397.850	215.911	74.383	95.749
388.406	216.809	85.819	96.821
383.394	217.220	90.357	96.506
394.899	216.545	111.678	93.590
424.910	217.099	85.358	88.404
373.558	221.577	58.419	95.896
369.889	221.152	66.168	97.036
371.862	227.714	56.418	94.131
417.209	216.670	88.730	91.432
376.121	227.363	71.743	97.321
375.684	229.350	71.833	94.036
388.899	228.452	68.971	98.286
393.086	230.407	64.791	96.670
394.138	232.519	62.923	95.132
387.252	232.972	73.904	94.891
378.124	232.963	76.478	90.340
371.901	235.040	77.573	89.219
370.709	237.760	110.740	89.281
362.122	236.743	94.779	90.281
357.510	229.889	130.450	102.674
371.171	236.380	111.969	94.970
361.960	232.058	85.859	94.884
410.772	231.124	81.135	98.045
399.223	232.360	86.458	99.939
378.410	226.919	65.716	94.986
384.108	227.812	71.974	91.576
391.951	228.078	66.917	93.574
390.785	229.366	71.435	103.334
385.288	232.308	80.846	99.382
384.526	232.401	81.161	98.036
381.970	237.913	68.793	92.117
378.655	239.159	59.528	89.438
370.627	237.812	56.961	88.939
368.033	237.942	60.105	89.268
365.345	236.017	66.051	91.816
363.167	235.189	65.107	89.759
361.757	235.227	67.483	91.509
368.859	237.805	65.401	87.596
376.705	237.420	71.682	88.362
379.404	237.281	67.886	88.391
371.704	237.021	74.108	89.112
366.010	236.816	82.169	89.852
340.146	236.989	93.833	84.809
333.606	238.273	102.445	81.036
329.902	238.726	101.749	78.943
331.037	238.211	97.283	78.217
331.369	237.682	93.852	77.752
331.133	237.830	92.258	76.973
332.277	237.114	88.083	77.714
332.033	236.317	86.793	78.974
332.010	236.441	87.607	78.798
332.733	236.577	85.664	78.539
335.305	237.943	83.029	77.163
338.351	237.201	80.016	77.689
341.514	237.394	80.360	78.347
349.411	237.121	86.787	79.710
364.573	236.994	88.519	84.019
383.410	237.510	66.005	86.999
384.445	238.158	64.013	86.305
381.971	237.514	70.292	86.760
380.241	236.328	68.770	87.273
375.380	235.086	62.886	86.954
369.234	232.865	54.869	88.178
367.211	232.926	57.503	88.811
366.492	232.136	57.190	89.446
365.721	232.555	56.100	88.463
368.539	232.352	54.214	87.865
372.849	232.285	51.736	86.457
376.074	229.678	54.154	88.301
378.619	227.042	62.189	89.348
380.881	224.566	67.941	90.458
383.224	223.075	62.728	91.087
377.153	219.687	76.086	88.829
374.639	218.907	85.150	90.639
364.472	218.957	89.736	89.467
388.547	221.567	79.664	90.405
382.092	219.016	85.650	92.563
355.624	211.702	115.134	102.169
387.899	223.479	79.353	87.806
397.771	224.863	67.389	86.388
400.472	227.413	64.663	83.991
400.546	226.881	64.717	85.412
398.819	227.529	60.965	86.129
397.700	228.862	60.885	84.538
396.443	228.306	58.920	84.950
391.871	225.610	60.264	87.517
386.318	222.983	64.898	88.726
373.536	218.225	63.836	90.111
378.449	218.074	59.071	92.772
378.337	218.702	55.660	93.474
376.439	219.818	63.998	91.912
375.146	220.228	71.277	91.266
376.201	219.878	71.946	90.549
374.324	219.916	70.575	89.690
394.423	216.948	73.148	84.034
395.686	218.620	75.586	82.450
385.513	219.475	87.770	82.783
399.811	219.828	69.982	83.434
392.572	220.167	79.824	84.043
396.018	220.459	71.640	85.402
379.130	223.642	65.783	89.300
382.351	224.283	66.289	90.250
387.624	223.585	68.258	91.570
388.117	224.497	69.818	91.410
388.714	225.522	69.526	91.492
389.645	225.538	68.221	92.067
391.308	226.314	66.832	91.729
392.706	226.441	65.615	91.532
392.529	226.198	65.945	92.673
392.940	226.378	66.068	91.436
392.231	226.181	67.356	92.022
392.798	226.279	67.286	91.878
392.780	225.793	66.776	90.651
393.047	225.806	66.319	90.713
391.126	226.049	66.417	90.093
390.591	226.751	67.170	89.418
390.336	226.444	64.725	89.603
388.683	226.389	61.108	88.784
386.591	227.288	62.952	87.635
385.903	226.219	61.971	88.758
384.727	226.436	61.307	88.125
383.583	226.250	60.592	88.386
382.190	225.603	62.150	88.319
382.282	224.871	60.891	89.526
382.255	224.954	61.713	89.341
381.226	223.517	62.472	90.346
380.927	222.874	62.594	92.039
380.558	222.361	63.535	94.049
379.005	221.916	65.745	95.215
378.421	221.698	66.988	95.741
377.831	221.388	67.512	95.407
377.913	220.941	66.958	95.530
376.845	220.426	66.644	95.089
377.302	220.190	65.507	94.418
377.298	220.408	65.107	93.772
376.880	220.519	65.037	93.370
376.316	220.075	65.391	93.547
375.239	219.434	62.806	93.248
375.110	218.606	60.621	94.272
374.424	219.854	60.003	92.977
374.432	220.812	60.676	91.078
372.372	221.672	62.963	90.819
370.500	223.409	68.385	89.661
369.574	223.817	70.258	90.288
368.499	224.343	73.322	90.846
366.101	225.619	78.560	88.883
362.702	226.915	86.812	86.890
377.961	229.003	78.577	83.237
394.509	228.524	69.838	81.888
399.923	229.896	68.927	79.842
402.597	230.520	68.205	79.474
348.999	233.081	66.076	81.819
349.676	232.820	57.382	80.978
412.498	232.307	66.270	81.311
414.377	233.627	65.868	79.943
344.448	230.641	55.315	82.307
417.051	233.830	65.187	79.635
419.836	233.305	62.377	79.881
421.476	233.164	61.163	80.499
421.229	233.131	61.585	80.767
421.445	234.398	61.990	79.822
422.130	235.081	61.864	78.951
423.064	236.037	61.671	78.265
423.701	235.568	61.341	78.561
423.779	235.904	61.341	78.476
424.015	236.220	62.142	78.512
424.949	235.663	61.381	78.316
425.467	236.010	62.620	78.254
425.280	237.151	63.926	80.372
426.546	238.116	61.570	76.822
421.015	233.957	70.674	89.669
426.727	236.476	62.087	79.744
426.710	238.129	61.871	78.060
427.935	235.624	60.451	79.778
429.638	236.476	58.371	77.768
430.776	235.366	56.550	78.530
432.424	235.569	54.397	77.956
433.050	234.603	50.165	77.686
433.070	234.356	50.222	77.031
432.934	234.859	49.140	76.191
433.194	234.800	48.647	75.711
432.647	234.530	49.856	76.390
432.972	234.539	49.307	75.988
432.946	234.348	51.403	75.769
432.159	233.315	53.654	76.558
432.157	233.597	55.578	76.680
431.473	233.475	57.263	76.307
431.623	235.379	59.121	75.214
432.007	236.843	60.529	74.658
434.023	238.355	59.138	74.335
423.882	225.333	70.081	104.489
438.517	239.429	55.982	75.309
442.333	240.759	52.671	75.813
447.537	243.117	46.448	74.447
448.724	244.970	45.035	72.372
448.879	245.460	46.789	73.273
448.982	243.464	49.493	81.518
448.742	245.796	46.663	74.293
451.346	247.904	45.296	72.820
451.428	249.847	42.205	71.106
360.722	250.607	52.722	75.325
446.581	248.457	52.443	77.765
448.126	247.475	49.529	73.974
447.656	246.854	54.218	74.592
450.135	247.337	52.888	74.292
450.242	247.216	54.255	74.439
453.577	246.785	52.334	74.903
456.321	246.808	51.116	74.775
370.105	248.925	49.421	75.797
455.642	246.177	57.624	77.589
458.572	246.032	50.435	74.419
459.756	245.540	52.228	73.815
455.936	244.642	54.767	74.434
446.433	242.341	67.631	78.777
448.460	242.065	62.687	74.774
448.418	241.923	60.849	73.968
448.061	241.806	59.506	73.612
446.732	242.310	57.649	73.225
375.435	238.237	58.976	74.738
449.339	243.534	50.406	73.407
376.290	239.584	53.993	73.971
446.803	241.240	46.554	73.875
446.060	240.939	44.003	72.322
442.994	239.587	44.723	71.909
441.168	238.174	46.054	73.009
439.043	236.471	47.579	72.784
438.112	234.122	49.403	72.545
438.182	230.570	49.660	73.981
439.065	226.228	48.498	72.768
440.367	222.294	48.512	73.082
384.865	212.615	47.649	74.737
439.349	216.469	53.372	74.237
438.494	213.521	49.692	72.975
435.872	211.139	50.211	70.718
434.696	208.577	49.906	72.122
435.594	208.187	49.832	70.363
434.388	206.743	47.014	70.786
432.331	206.201	45.993	70.219
397.424	207.385	53.702	72.906
396.352	206.251	72.909	73.827
395.569	205.262	74.552	74.031
395.908	205.099	71.991	74.129
396.490	204.312	69.941	74.167
396.630	204.593	70.217	73.543
396.957	204.856	69.381	73.037
397.167	204.662	69.037	73.227
396.861	204.843	67.842	72.979
396.674	205.396	66.454	72.315
396.317	206.197	65.608	73.069
396.118	206.435	67.612	73.395
396.446	207.862	69.459	73.580
396.327	207.283	68.478	75.851
396.208	206.836	68.872	76.733
396.261	206.983	68.236	80.647
396.474	207.728	63.374	80.508
399.225	208.858	62.200	81.105
399.878	208.735	63.476	85.750
398.642	210.191	63.574	84.908
398.237	215.060	62.205	82.228
399.770	216.451	59.817	80.872
397.783	217.651	61.831	79.531
394.296	220.277	64.677	75.685
391.395	223.509	67.477	71.732
386.776	221.981	73.390	75.592
385.821	221.860	74.835	78.114
390.550	220.932	70.948	79.860
416.648	218.104	48.671	74.190
418.119	216.543	49.112	70.229
418.320	213.470	51.249	70.073
417.630	212.385	52.700	69.254
417.392	212.420	52.938	68.525
417.461	211.614	54.116	68.896
417.004	211.542	54.997	68.475
416.862	213.451	55.110	68.262
416.754	215.341	55.365	68.148
417.539	217.097	54.133	67.756
417.680	219.317	53.749	68.605
417.646	221.899	53.093	67.754
417.165	226.130	52.360	69.981
417.788	226.883	51.076	70.382
417.197	228.927	50.566	71.290
416.657	231.998	49.595	70.657
415.321	234.211	50.503	69.687
414.084	238.117	49.180	69.257
413.113	238.390	50.283	69.424
412.294	240.161	50.744	68.151
411.737	240.120	50.451	69.068
411.652	240.941	50.276	69.200
411.717	241.166	50.157	69.498
412.036	241.802	50.057	69.133
412.901	241.933	50.507	69.255
413.504	242.576	50.677	69.005
414.411	242.802	50.460	68.997
415.901	243.079	50.878	68.754
416.193	243.020	51.874	68.644
414.268	241.739	54.189	69.142
414.381	240.896	55.118	69.219
414.934	238.183	55.442	69.998
417.084	234.670	53.169	71.108
416.864	233.745	53.216	70.308
415.375	232.119	53.399	69.299
416.019	230.885	51.617	69.264
416.013	230.211	49.660	68.528
412.936	226.669	47.745	69.441
410.615	224.658	48.066	69.788
411.056	224.229	47.926	68.835
409.280	222.558	45.856	69.203
407.949	220.347	45.959	69.758
407.321	219.076	43.706	67.754
405.342	217.648	45.497	67.313
401.113	216.139	48.065	68.771
389.359	214.905	61.112	70.473
375.928	212.943	67.618	72.126
377.367	210.201	74.525	73.640
378.852	209.138	73.601	74.262
379.553	207.908	72.952	75.013
379.950	206.436	73.524	76.614
381.529	206.647	72.475	76.471
383.635	203.805	67.671	80.043
384.076	204.751	60.388	80.522
384.093	204.430	62.404	81.356
385.316	206.270	56.440	80.102
385.763	206.426	58.563	80.019
387.097	205.612	58.809	82.043
388.473	207.051	56.912	80.659
389.575	207.990	57.639	79.585
390.560	208.324	54.807	79.494
392.756	210.438	59.471	76.773
395.191	211.861	64.866	73.197
396.758	214.164	65.904	70.304
398.067	213.380	66.476	70.100
400.616	212.839	65.161	71.795
403.627	210.154	63.053	74.994
408.201	208.194	61.035	78.669
406.845	203.697	63.532	82.512
416.470	205.688	54.408	82.714
429.106	214.658	43.035	76.369
432.452	220.681	41.691	70.958
431.352	219.480	43.263	70.062
432.934	220.348	43.592	68.726
432.132	219.460	44.059	69.217
431.592	218.255	44.180	69.584
432.215	217.085	42.957	69.161
426.837	215.254	47.247	67.548
411.963	211.483	60.011	70.113
410.124	211.401	61.235	69.631
404.756	211.061	66.075	69.362
403.228	207.631	67.217	73.972
402.912	206.710	55.348	76.461
401.810	208.974	50.993	75.859
401.101	209.117	52.790	74.920
401.417	208.687	53.822	75.853
401.437	207.429	55.098	76.121
401.549	207.254	56.056	76.078
402.066	207.189	64.087	74.571
403.477	207.169	66.428	74.394
403.794	207.877	67.781	73.077
403.886	208.470	68.782	72.001
403.817	208.874	69.664	70.981
403.827	209.130	69.893	70.725
404.152	210.140	69.705	69.434
404.578	210.837	69.033	68.704
405.455	211.315	68.255	68.119
405.379	211.485	68.453	68.669
405.447	211.377	68.499	69.641
405.553	211.880	68.097	69.735
405.693	213.356	67.776	68.920
405.588	213.401	68.313	69.334
406.105	214.560	68.421	68.475
406.798	215.111	68.517	68.529
407.658	215.588	68.106	68.313
407.649	215.613	68.536	68.481
408.007	216.699	68.494	67.478
407.565	216.344	69.131	67.946
407.739	216.200	69.208	68.976
407.342	216.693	69.809	68.735
406.643	217.458	70.412	68.411
406.060	217.449	70.212	68.721
405.029	218.741	70.486	67.799
403.416	219.287	69.398	67.772
402.609	219.728	69.780	67.230
401.116	221.381	69.530	66.202
399.428	220.450	68.744	67.662
397.700	222.065	69.429	66.485
392.692	224.183	69.556	66.017
391.525	225.231	69.224	65.435
389.106	225.694	69.471	65.681
386.569	226.714	69.595	65.462
383.498	226.391	69.864	66.167
376.550	229.234	70.420	65.197
374.047	229.624	68.867	64.821
369.914	229.664	69.317	64.600
366.816	230.797	68.737	63.339
363.151	231.385	68.349	62.559
356.975	232.649	65.908	61.058
354.165	231.068	65.238	62.611
351.556	230.577	65.002	63.314
349.962	230.643	64.134	63.375
348.158	230.756	63.472	63.014
346.252	231.353	63.146	62.505
346.081	231.942	62.538	62.375
346.355	231.902	61.764	62.747
347.585	232.647	59.912	62.772
349.554	233.127	59.677	62.392
354.052	234.847	64.512	61.509
357.569	234.462	65.079	62.898
362.404	235.261	63.980	63.700
366.404	235.267	66.291	64.753
372.178	236.196	67.005	64.335
383.847	232.237	67.452	68.988
390.804	232.860	69.648	69.060
395.523	229.678	74.039	71.766
402.300	227.583	74.222	72.867
407.873	226.199	76.590	72.285
420.871	221.068	77.145	73.870
422.293	220.083	81.528	72.738
426.071	217.561	82.319	73.605
429.369	214.405	83.249	74.983
432.911	216.060	82.014	71.708
436.018	213.861	81.220	71.942
438.051	216.371	80.173	68.942
438.493	215.060	79.833	70.002
436.980	214.961	79.842	69.717
434.849	215.072	80.283	70.573
427.986	216.474	79.674	72.233
424.434	219.480	79.304	70.771
419.460	221.559	79.643	70.846
414.997	222.246	77.709	72.383
410.154	222.635	76.637	73.220
398.492	228.349	75.326	70.702
393.306	229.781	74.297	69.650
386.894	232.254	74.759	67.593
382.124	233.261	72.391	66.233
376.698	234.648	71.193	64.513
366.584	235.498	68.202	62.616
362.179	234.034	66.927	62.748
358.310	233.613	63.944	61.589
355.379	230.754	62.859	63.584
352.618	229.324	62.180	63.998
348.270	228.959	62.919	63.120
346.458	227.492	63.904	63.587
345.240	228.401	64.071	62.922
346.184	228.314	63.004	62.540
346.537	228.795	62.367	62.770
349.404	228.018	57.685	66.780
351.429	230.043	57.269	65.959
356.813	230.906	58.525	65.394
359.584	230.915	59.183	66.427
365.061	231.422	60.288	67.955
374.955	232.377	55.347	68.383
379.167	231.996	58.101	69.984
386.729	231.143	58.790	69.764
393.414	229.893	62.586	70.288
399.565	228.433	65.519	71.572
410.820	222.121	68.159	74.882
412.887	223.259	72.954	72.720
416.526	220.098	74.218	73.716
419.969	219.238	75.508	73.210
420.672	217.553	79.033	73.392
426.475	218.185	76.774	71.652
426.818	219.304	78.176	70.056
427.357	219.884	78.277	69.398
428.143	221.112	76.461	68.722
426.377	221.080	77.210	70.390
421.544	222.511	76.271	72.757
418.698	224.382	74.956	72.377
415.335	226.154	74.262	72.043
410.924	226.896	74.320	72.523
406.671	228.662	73.748	71.957
395.681	233.664	72.057	68.178
389.020	232.235	72.810	68.608
382.262	235.058	73.472	65.964
377.158	234.004	71.717	66.361
372.137	234.770	69.273	64.832
361.501	233.983	66.465	62.329
356.164	232.488	66.406	62.491
351.476	229.983	64.339	63.889
347.078	228.134	64.883	64.279
344.157	226.914	64.118	64.399
339.781	222.893	65.068	65.544
338.431	223.254	63.945	63.753
337.747	222.507	64.395	63.886
341.501	222.676	60.944	63.133
338.386	221.116	63.527	63.839
341.160	222.593	66.424	63.427
344.591	222.778	66.303	63.899
348.874	224.400	65.118	63.319
354.787	224.773	64.924	63.759
358.977	225.315	67.319	64.325
373.718	228.310	66.427	63.692
377.947	228.314	70.559	63.648
382.048	228.398	76.205	64.106
391.683	226.134	74.705	66.261
400.727	224.961	74.328	67.209
414.169	223.614	77.113	66.276
417.778	220.595	80.674	68.506
424.203	220.345	80.756	66.886
429.665	218.583	80.693	67.162
432.737	217.025	82.439	67.587
439.227	215.971	82.531	67.268
440.709	216.202	81.199	66.633
443.377	216.361	79.930	65.946
444.058	218.019	80.574	64.225
444.416	217.329	80.442	65.332
441.474	218.524	80.718	65.853
438.151	217.630	81.568	67.442
434.164	218.707	81.393	68.179
429.909	220.591	80.829	66.906
426.179	222.643	78.754	67.608
415.638	225.933	77.069	67.909
411.141	227.824	77.439	67.314
404.708	228.961	76.354	67.023
399.251	230.202	74.050	65.866
392.320	231.094	74.086	65.662
379.839	233.588	72.138	63.419
373.154	231.249	70.819	65.069
366.830	230.835	70.357	65.144
361.740	229.527	68.357	65.790
356.253	228.845	67.545	65.076
351.891	226.132	66.226	66.719
345.305	225.542	61.647	65.392
340.494	223.585	65.559	66.228
338.060	222.796	63.390	66.547
336.237	223.441	63.844	65.407
337.828	224.169	59.840	64.747
344.461	223.919	53.233	64.613
339.692	223.332	58.123	66.126
341.555	224.928	57.302	65.277
340.189	225.447	62.694	65.057
344.688	227.048	65.425	65.839
349.578	228.544	65.909	65.463
354.912	229.905	66.996	64.876
363.212	231.809	66.486	63.797
366.272	231.943	73.531	64.424
372.533	232.589	76.008	63.930
387.365	231.158	79.480	67.665
393.511	229.989	81.897	68.391
402.579	225.512	82.067	73.170
410.698	225.866	82.187	72.058
416.664	225.217	85.446	71.741
433.130	222.952	83.630	70.139
436.782	220.605	87.060	71.329
441.911	218.819	86.657	71.328
445.717	217.514	86.449	71.421
450.434	217.635	84.519	70.389
454.623	215.482	84.604	70.931
455.169	216.744	85.218	69.213
456.144	216.817	85.199	69.051
455.937	217.096	84.843	68.802
455.278	217.390	83.912	69.365
448.588	216.668	84.031	73.253
443.656	221.211	84.716	69.276
439.123	222.515	83.907	69.220
433.353	223.684	83.295	69.026
427.345	223.527	83.351	70.830
414.776	225.329	79.022	69.458
407.325	226.785	79.977	66.777
400.633	225.770	78.464	67.730
393.380	225.495	77.008	67.435
386.708	225.520	75.419	66.914
377.667	223.731	68.653	66.577
369.945	220.861	69.083	66.693
364.475	218.979	69.517	67.296
360.579	216.840	68.758	68.593
355.332	215.392	69.688	68.272
353.005	213.287	65.639	68.315
351.715	212.119	64.480	68.588
350.430	212.402	64.608	67.990
496.555	198.666	19.591	76.288
349.381	212.292	65.150	67.460
475.143	144.584	39.643	103.053
354.619	215.833	67.455	66.190
358.607	216.664	68.102	67.889
362.364	219.116	68.409	66.597
366.874	220.142	68.822	66.850
379.504	220.869	69.336	68.080
385.521	222.251	73.154	67.923
391.994	223.272	75.595	67.568
398.602	223.716	77.231	67.638
404.854	223.188	79.361	68.347
418.862	221.102	81.206	69.589
425.292	215.428	82.159	75.755
431.932	215.570	83.748	74.192
438.243	214.172	82.950	74.076
443.211	212.896	83.168	73.670
452.743	210.534	83.308	73.582
454.025	208.413	85.787	74.107
456.343	209.105	85.037	73.646
457.806	209.829	84.882	72.548
458.940	210.438	84.768	71.852
458.689	212.079	84.758	71.278
457.652	212.200	84.763	72.100
455.004	214.692	85.014	71.383
450.500	214.670	85.998	74.315
445.763	216.684	86.688	73.877
434.278	222.004	86.010	72.816
428.747	223.589	85.659	73.315
421.018	226.522	86.767	73.046
412.612	229.101	86.716	71.770
403.601	231.459	87.389	70.395
387.411	232.698	82.556	70.733
376.541	233.634	83.497	70.155
367.939	233.517	80.530	70.261
357.998	232.321	79.945	70.885
348.441	230.788	75.506	71.418
332.876	226.108	71.173	73.702
325.075	223.805	70.881	75.424
318.466	221.061	69.334	76.609
312.478	218.778	68.478	76.558
307.163	216.895	67.549	77.104
307.082	216.602	59.454	73.977
311.164	217.212	51.665	73.286
312.019	218.618	48.957	71.243
310.818	219.358	51.045	70.052
310.339	219.211	50.960	69.873
309.644	218.601	52.160	72.032
308.693	218.467	55.920	72.342
308.867	218.426	61.641	73.498
308.939	218.947	67.298	74.444
312.702	221.411	69.324	73.136
326.524	222.731	72.751	73.108
334.404	222.767	76.778	73.778
341.182	222.720	80.236	73.781
348.659	223.066	84.603	72.198
355.246	222.596	88.137	71.906
373.885	216.747	91.093	75.142
381.985	215.360	90.866	74.944
389.744	212.312	92.066	75.841
395.723	209.839	94.401	76.527
402.590	207.036	94.978	76.856
412.596	202.647	92.518	77.670
416.563	203.207	92.852	75.574
418.723	202.636	94.102	75.080
420.912	203.280	93.221	73.530
421.996	203.210	92.597	72.932
422.587	203.862	92.720	71.608
423.090	204.112	91.676	72.249
421.812	203.987	90.935	73.422
419.803	205.951	91.329	73.537
415.942	206.897	92.082	73.270
406.766	209.082	92.041	75.387
402.206	212.975	90.704	73.842
396.062	213.807	90.522	75.043
390.639	215.483	89.301	74.500
382.500	217.951	88.696	74.261
369.184	221.176	86.010	73.329
360.697	223.356	87.663	71.298
352.900	222.945	86.587	71.731
345.985	222.829	86.689	71.570
340.083	222.174	85.397	71.935
326.225	220.427	80.030	71.119
318.385	218.005	79.208	72.545
315.033	215.070	74.751	74.411
307.114	212.048	71.500	75.837
320.114	211.538	58.946	74.905
316.249	210.141	48.908	71.768
314.234	208.888	44.620	70.946
311.663	207.982	43.004	69.954
309.009	206.965	41.982	69.384
306.432	204.439	41.747	69.756
304.067	204.618	40.971	69.215
304.508	203.971	41.465	69.521
303.981	204.949	41.385	69.417
306.316	205.328	40.744	71.128
309.036	207.169	40.572	70.313
316.133	210.195	42.512	70.905
308.260	209.912	57.495	73.535
315.686	210.319	53.614	76.055
318.623	213.508	57.408	74.025
319.033	215.203	66.098	74.437
322.094	217.868	74.994	74.587
334.527	222.415	84.486	73.030
339.897	222.904	89.856	72.057
349.505	223.541	91.883	71.807
358.673	222.475	94.613	73.413
379.253	217.856	98.542	75.868
389.726	217.240	98.617	76.105
399.105	212.373	96.627	78.576
408.462	208.973	102.405	79.317
418.110	203.600	101.623	81.228
435.440	193.284	101.850	84.348
439.544	196.629	102.316	78.215
445.663	191.590	100.174	79.342
449.602	191.089	100.562	76.332
453.580	187.156	99.535	78.305
460.381	185.807	100.433	76.317
460.275	185.799	101.500	75.732
461.424	186.667	100.717	76.505
461.670	187.328	100.141	77.922
459.686	191.695	99.879	76.889
453.420	196.547	91.504	82.021
447.398	202.052	101.934	79.771
441.583	205.506	100.645	81.132
433.842	210.552	101.577	80.264
423.952	213.086	105.487	82.952
415.168	217.164	105.469	83.325
392.773	224.855	101.950	81.118
380.528	228.787	100.343	78.531
368.360	231.182	99.435	77.400
356.207	233.633	97.641	73.946
335.832	229.277	91.334	75.921
321.888	226.742	86.409	76.275
310.821	222.769	88.175	78.056
303.040	219.128	78.101	78.283
461.446	102.048	37.210	84.717
274.380	204.834	75.076	79.508
266.735	199.433	76.344	80.525
260.136	194.183	76.767	81.824
254.852	190.320	76.564	82.813
250.434	187.570	75.913	82.351
246.951	186.536	76.354	81.256
242.966	187.261	75.802	79.374
242.022	187.925	75.920	79.426
241.485	190.093	75.226	79.846
241.713	192.902	76.100	79.788
247.025	196.556	72.579	79.825
254.779	199.891	68.632	81.143
249.836	199.080	72.458	80.037
378.897	212.088	59.778	75.638
376.692	215.056	73.652	76.381
379.007	215.947	80.027	76.308
385.990	216.936	74.166	77.451
373.927	217.533	65.167	76.344
379.708	217.557	83.617	76.711
376.008	219.685	78.324	75.542
374.030	218.321	82.850	76.923
372.376	218.671	82.024	76.701
371.754	218.751	83.838	76.281
370.289	219.481	81.753	75.817
371.056	218.952	84.971	76.140
384.458	218.556	72.413	77.449
366.085	216.859	75.587	77.946
365.545	216.465	80.998	78.372
371.017	216.088	81.708	79.311
360.803	215.627	78.776	77.750
365.710	214.968	77.254	78.937
367.205	214.895	76.920	78.708
357.892	213.624	72.349	78.385
393.189	215.548	52.445	77.572
381.751	215.604	61.709	76.481
356.229	214.194	73.289	76.400
357.590	214.217	73.491	76.952
354.204	214.354	66.358	76.374
379.255	215.382	63.398	77.403
351.194	214.417	71.927	77.044
356.885	215.475	78.486	77.662
348.541	206.622	89.996	87.856
352.234	217.652	70.518	76.569
350.287	215.713	65.715	77.711
359.459	218.214	73.504	77.859
347.173	207.856	88.664	88.234
349.652	219.652	70.866	76.338
367.201	219.359	67.112	77.025
381.583	219.680	51.634	75.852
384.516	221.707	56.865	74.500
384.687	221.280	49.025	74.960
385.532	221.745	52.170	73.391
385.419	221.602	49.794	74.348
384.534	221.695	50.599	73.441
384.277	221.745	51.601	73.213
383.562	221.751	50.647	73.536
383.991	221.645	51.583	73.030
383.427	221.595	49.444	73.836
384.097	221.058	50.030	74.031
383.567	221.690	47.478	73.585
383.582	221.514	47.556	73.264
383.069	221.590	47.515	73.171
381.828	221.416	48.397	73.098
380.716	221.013	48.807	73.519
378.952	221.384	49.153	72.940
379.534	220.889	50.033	72.975
379.945	219.854	48.179	73.425
379.252	219.912	47.796	73.409
378.604	220.139	48.560	73.132
379.102	220.013	50.601	73.343
378.957	219.745	48.744	74.000
377.573	220.688	50.783	73.430
377.897	220.894	50.307	73.743
378.066	221.142	50.636	73.819
374.186	221.743	51.807	74.342
373.367	221.957	53.701	73.767
372.298	222.670	52.745	74.069
371.430	223.610	51.020	73.544
369.598	225.375	51.612	73.262
367.917	228.022	48.100	73.696
364.448	229.227	49.465	73.736
355.703	230.678	53.987	73.450
336.241	230.163	69.223	75.965
340.932	230.976	62.718	76.285
351.814	234.845	53.446	75.118
325.392	234.847	59.663	74.774
335.229	237.024	69.122	74.187
353.782	240.005	50.347	72.958
336.330	240.651	64.559	73.367
322.099	241.140	61.486	73.255
327.293	243.024	68.846	73.086
322.504	243.916	59.555	72.690
322.518	245.042	69.852	72.359
321.611	245.990	56.707	71.639
323.641	246.709	64.964	73.065
322.412	251.045	59.419	70.255
323.052	250.400	55.319	71.854
323.220	251.515	53.704	72.219
325.871	251.952	57.470	72.190
328.292	253.699	46.785	71.299
332.815	255.337	57.100	70.857
334.215	256.112	63.461	71.307
334.398	257.343	59.651	70.524
334.813	257.962	53.905	70.395
339.033	258.667	56.629	70.345
340.663	259.994	57.984	68.539
343.530	260.150	59.495	69.029
352.062	260.756	61.879	68.288
351.082	260.400	54.007	68.621
354.205	259.470	61.883	69.099
357.882	258.979	61.998	68.770
361.275	258.592	63.381	68.650
360.792	257.996	63.029	68.914
366.635	258.346	63.985	68.199
364.485	257.113	60.995	68.891
385.338	257.240	60.318	67.745
369.956	255.994	65.708	68.611
371.165	254.845	61.853	68.662
379.277	254.400	68.081	68.485
375.931	254.401	66.719	68.694
378.127	250.858	64.673	69.996
379.313	248.920	64.071	70.676
383.537	247.837	70.382	70.850
383.457	247.654	66.999	69.871
385.867	245.999	64.557	69.477
417.145	243.151	51.547	67.527
391.917	242.553	65.110	68.003
393.610	238.725	66.168	70.866
398.342	237.258	65.282	70.523
410.933	235.603	62.440	69.590
428.431	232.264	48.250	67.966
430.373	231.966	48.742	66.597
431.478	230.793	49.917	66.526
431.829	229.740	51.770	65.855
433.452	228.913	50.825	65.728
431.051	228.837	56.419	64.536
434.224	228.385	54.504	64.980
434.443	228.557	53.954	64.363
435.821	228.391	52.751	64.391
434.468	228.084	54.676	65.207
435.354	229.123	53.413	63.657
412.797	229.241	60.907	66.071
399.232	228.551	70.465	69.795
397.652	228.416	70.016	69.865
398.702	230.263	78.055	66.712
390.008	229.188	68.908	68.258
387.519	228.309	64.083	68.781
386.369	228.263	79.737	68.265
393.438	226.215	72.922	69.952
385.263	226.291	79.173	68.427
390.425	222.726	68.458	69.995
386.704	224.488	65.096	67.794
366.654	223.630	71.818	67.787
378.527	223.842	61.201	67.000
354.358	221.533	66.796	68.288
350.219	220.537	70.562	68.909
348.188	219.932	61.736	69.088
351.727	221.337	59.961	67.650
351.222	220.018	58.374	69.081
350.601	219.235	57.175	70.298
347.565	221.407	59.121	68.677
350.338	224.199	55.874	66.277
357.928	225.762	50.535	65.351
349.937	225.405	60.891	66.071
347.784	227.861	66.120	64.741
379.493	231.185	48.097	63.523
389.713	231.976	42.538	62.528
393.469	233.879	47.595	60.908
400.350	233.437	49.359	63.171
404.507	234.978	52.752	62.567
371.428	231.724	46.644	62.996
424.084	236.179	56.678	60.244
379.389	229.774	51.934	65.282
433.861	236.542	59.396	58.990
438.910	237.536	59.460	57.814
447.191	237.142	59.498	57.535
450.033	236.947	59.290	58.411
414.903	229.839	89.725	64.017
397.731	230.568	57.340	63.551
399.444	233.364	55.852	60.313
397.470	237.697	57.210	59.230
389.706	235.231	71.141	65.478
390.649	240.038	57.874	60.051
387.565	240.837	55.585	60.598
382.892	242.619	55.485	61.142
372.363	245.001	55.475	62.120
365.727	246.162	52.969	61.638
359.093	246.692	51.216	61.989
353.690	246.356	47.350	62.474
431.292	244.857	36.916	59.460
334.250	248.913	41.448	60.448
323.573	246.285	46.742	63.358
433.116	243.475	23.822	61.634
313.967	249.399	39.209	59.630
309.637	248.894	39.399	59.573
304.037	246.403	39.179	60.452
302.371	247.229	38.679	59.780
301.207	247.125	39.031	59.746
300.727	246.458	39.451	60.049
302.058	246.009	39.271	60.432
306.986	246.488	38.777	59.236
311.044	246.768	38.347	58.441
315.437	246.360	37.644	58.551
320.993	246.069	37.175	58.687
327.387	244.954	37.007	59.426
339.724	245.491	38.529	56.961
347.204	244.694	39.415	57.000
352.924	244.484	43.207	57.192
359.149	243.344	45.387	58.432
364.588	241.599	47.660	60.201
372.649	237.834	49.957	62.108
376.798	236.194	52.460	61.096
380.192	234.199	53.754	61.398
382.450	232.532	52.665	61.490
384.557	229.839	48.979	62.118
387.161	227.912	47.396	61.390
387.982	227.148	47.827	60.679
387.283	227.788	49.785	59.930
383.790	228.917	51.416	58.663
379.451	229.813	52.020	59.254
372.267	232.199	51.548	60.579
366.994	233.619	52.416	60.898
361.594	236.187	51.687	59.627
356.322	238.458	50.300	59.296
350.907	240.806	49.389	59.438
341.751	245.152	45.336	59.812
337.175	246.804	40.047	60.157
332.818	248.648	37.702	59.444
327.776	250.419	35.833	58.961
322.358	252.072	36.737	58.223
315.331	253.072	39.401	58.683
314.007	254.047	41.711	58.356
313.271	254.820	42.313	57.881
313.406	255.053	42.902	57.992
314.993	255.217	42.934	58.823
321.204	257.618	41.718	59.212
326.179	259.203	41.016	59.365
332.617	261.176	38.593	58.174
340.337	263.569	37.439	56.943
346.204	265.471	40.017	56.345
355.553	267.650	46.894	55.834
360.241	268.329	49.167	55.610
443.080	269.124	41.098	58.694
369.429	268.667	51.908	55.552
371.105	268.808	54.424	55.239
376.771	269.470	55.589	56.364
379.323	269.725	54.831	56.982
380.593	270.871	54.202	56.924
380.297	271.455	55.333	57.139
378.378	273.498	57.033	57.078
371.657	275.894	57.455	58.199
366.385	276.848	59.296	58.543
361.613	278.552	58.842	56.892
356.365	279.066	55.902	55.827
349.593	279.633	55.260	54.192
337.932	279.333	47.326	54.046
330.770	278.594	43.504	55.206
323.483	278.354	41.573	55.110
316.765	277.712	39.090	54.772
309.823	276.945	38.103	54.705
372.674	273.771	34.171	62.360
293.787	273.164	41.651	56.033
289.856	272.225	38.571	55.318
287.365	271.249	37.700	55.322
286.547	269.048	35.981	56.144
286.648	263.546	32.437	56.043
286.975	258.678	31.571	57.276
287.808	252.581	32.761	57.997
289.101	244.339	34.645	59.989
289.945	235.732	37.216	60.059
291.236	225.439	38.352	62.195
293.970	204.132	39.588	63.339
295.162	192.520	40.118	63.927
296.548	181.429	39.836	64.236
297.202	170.378	40.533	65.000
297.413	160.744	41.241	64.086
299.475	144.823	40.473	60.036
300.580	137.712	39.493	60.157
301.284	133.382	39.240	58.350
302.591	130.819	38.566	56.765
303.323	130.197	38.904	56.272
305.264	132.750	38.479	58.448
306.229	135.598	38.503	61.481
307.405	140.831	38.676	63.561
308.286	147.403	39.204	65.616
309.519	155.004	39.559	68.929
311.817	175.148	39.173	72.726
312.344	186.356	39.008	74.527
314.399	198.764	38.724	74.073
317.461	211.347	37.285	73.840
319.069	225.682	37.310	71.395
322.530	250.560	37.229	64.096
323.464	259.902	38.073	61.394
325.111	268.272	37.900	58.302
326.366	274.262	38.343	56.105
327.748	278.008	38.325	54.768
329.212	279.588	39.060	54.297
329.941	279.393	39.481	53.857
330.668	277.169	38.708	54.630
330.772	273.219	38.562	55.923
331.684	269.010	37.980	56.497
332.064	256.782	37.211	59.981
331.845	249.365	36.372	60.766
331.577	239.025	35.887	63.075
330.855	229.017	35.423	64.757
329.736	219.206	35.590	64.931
327.793	199.325	36.030	65.958
326.144	189.474	36.652	64.815
325.433	180.090	35.980	65.125
323.838	170.938	36.898	64.513
323.222	162.010	36.312	64.894
320.962	148.593	37.131	61.270
320.607	143.135	36.627	60.050
319.485	139.049	36.980	58.251
318.665	134.829	36.872	58.241
317.882	133.613	36.971	57.700
317.620	133.662	37.112	57.515
317.391	135.724	36.454	58.989
317.778	138.920	35.702	61.029
317.257	143.172	36.147	61.975
317.332	148.980	36.108	62.378
317.615	158.401	37.135	65.699
317.784	165.439	38.413	65.504
318.453	171.654	38.599	66.291
319.886	177.546	38.633	67.342
322.151	185.046	37.821	65.619
327.420	198.174	35.977	61.677
330.068	203.299	35.718	60.127
333.145	205.586	35.328	60.109
335.894	208.584	35.202	58.758
339.474	211.139	35.938	57.649
344.313	212.473	36.559	57.482
347.597	212.624	39.511	57.157
351.082	211.926	41.538	58.025
354.188	210.707	44.171	59.816
356.604	209.329	46.560	60.831
358.446	207.909	46.756	60.213
359.607	206.360	46.713	60.413
360.292	205.781	46.629	60.376
360.624	205.454	46.111	59.867
360.565	204.555	45.867	60.286
359.937	203.943	46.671	61.592
359.184	203.369	46.746	62.718
358.429	203.181	46.793	62.700
357.479	203.505	47.118	63.092
356.887	202.935	46.238	63.504
355.109	202.080	45.554	63.678
353.819	201.757	46.921	63.380
353.078	201.862	46.950	62.496
352.455	200.945	46.681	62.525
351.893	200.653	47.184	62.138
352.578	198.932	46.681	62.574
352.897	197.552	46.045	61.653
353.342	196.198	46.002	63.944
354.905	194.540	44.700	64.158
358.148	194.309	44.502	65.095
364.643	193.032	44.621	64.562
369.402	192.837	52.821	64.597
371.325	192.330	51.288	65.048
375.296	192.284	56.910	65.610
380.921	193.616	57.660	64.908
385.583	195.145	60.191	64.003
388.486	196.504	60.600	63.479
391.347	197.843	60.571	62.847
394.357	197.728	61.532	63.726
395.412	198.679	61.364	63.668
396.874	200.025	57.604	65.711
396.315	202.354	58.378	65.650
397.687	202.915	61.883	67.353
397.348	204.362	54.441	67.150
426.999	203.513	56.254	63.784
429.455	208.074	51.492	62.885
431.045	210.002	50.171	60.386
432.100	211.632	47.882	61.671
430.735	210.694	47.617	62.646
392.189	211.054	41.183	65.271
427.623	209.980	42.077	63.061
425.900	207.949	41.528	64.717
423.569	206.628	40.635	63.977
422.211	204.797	40.497	65.161
383.048	205.320	45.198	69.147
380.303	199.859	47.822	69.570
378.339	197.553	46.604	67.667
376.546	194.426	45.694	68.408
373.563	192.973	47.133	67.330
369.480	191.007	55.173	67.729
371.019	188.629	47.417	67.556
366.249	187.578	48.923	67.438
363.998	186.106	51.555	67.577
374.540	186.283	55.744	68.162
374.924	184.853	53.325	68.547
383.108	184.343	46.128	68.089
386.250	184.478	44.988	66.608
386.536	183.513	44.181	67.417
377.681	182.049	51.437	68.197
364.045	180.170	55.623	67.329
392.807	178.830	51.759	70.834
399.934	179.946	50.168	70.317
391.798	179.394	62.492	70.846
399.429	180.177	60.840	70.568
403.679	180.422	61.203	70.517
408.463	182.873	67.030	69.020
413.883	183.304	66.531	69.597
420.130	183.587	66.429	70.269
425.187	184.860	66.196	69.060
432.639	185.525	66.578	68.790
436.584	184.872	64.782	68.974
448.228	187.413	66.161	67.433
347.399	155.108	55.974	62.972
456.521	188.961	68.910	66.444
355.077	162.546	62.975	45.223
460.285	193.205	64.828	67.264
461.483	195.868	68.828	66.736
456.946	198.207	72.060	69.351
452.202	201.344	74.074	69.389
346.323	172.071	72.401	58.906
433.593	209.213	72.927	69.386
422.386	211.113	77.746	68.120
411.156	213.052	77.769	68.245
402.648	213.895	76.321	68.920
391.205	214.016	75.060	70.295
374.480	215.893	68.733	69.106
352.354	212.547	76.356	73.545
342.309	208.148	73.091	75.955
332.048	203.837	71.245	77.992
320.312	198.837	70.080	77.315
301.489	191.733	70.976	76.336
298.821	187.249	69.331	77.598
295.803	182.425	66.684	80.624
291.972	179.787	68.214	77.608
286.527	175.390	66.525	77.695
280.538	172.923	62.529	74.167
283.999	172.446	55.472	71.558
282.330	171.163	55.280	72.134
280.867	169.954	55.028	72.027
281.396	169.919	53.214	71.720
282.225	169.708	51.885	71.509
281.707	169.581	52.393	71.450
282.624	169.113	52.547	71.628
285.283	168.496	51.029	71.804
287.552	169.244	51.399	71.029
291.273	168.735	51.131	71.318
292.936	166.635	54.212	72.728
405.998	137.824	40.960	68.204
316.919	170.400	35.824	67.753
308.737	169.193	48.611	70.606
308.099	167.137	51.309	72.024
417.400	131.747	39.472	72.022
324.888	169.429	40.152	69.626
318.585	169.114	52.057	71.487
438.100	128.565	31.021	60.835
413.351	143.670	49.137	41.126
330.079	183.717	45.212	72.190
327.005	185.781	51.047	75.927
328.954	190.366	50.648	76.949
326.404	192.459	55.221	78.840
327.055	195.071	57.460	78.306
325.916	197.312	62.629	76.404
327.731	195.832	64.139	78.729
331.426	195.414	65.328	80.322
336.906	196.453	63.326	81.946
342.676	198.131	60.570	82.149
351.636	202.599	57.093	79.098
360.208	200.947	51.319	80.176
366.620	200.154	49.502	80.526
369.181	199.309	50.598	80.155
376.373	197.368	50.082	83.178
381.851	196.561	51.248	80.766
387.261	196.471	51.234	79.339
392.344	195.042	51.139	79.370
399.242	195.734	48.380	79.062
403.784	196.278	47.811	79.137
411.369	194.603	47.197	81.674
416.342	198.992	47.942	78.597
418.763	199.156	49.079	78.630
420.458	198.337	49.927	78.588
421.527	197.170	50.639	79.181
421.708	194.030	52.336	80.017
421.598	192.929	51.024	79.439
420.878	192.394	51.466	78.476
420.709	191.470	51.353	78.088
420.850	191.194	50.307	77.175
420.363	191.782	49.048	76.525
419.510	192.633	47.907	76.731
419.712	194.145	49.363	75.747
419.083	194.858	46.591	77.250
419.312	195.832	49.801	76.779
418.021	198.804	47.381	76.622
416.508	198.745	48.294	77.636
415.219	197.343	50.307	78.902
414.649	194.844	51.600	79.167
414.366	193.776	49.697	79.546
414.221	194.308	49.695	78.266
414.460	194.573	49.031	78.018
414.041	196.309	47.936	77.711
414.034	196.425	49.018	77.967
413.499	195.712	48.748	78.416
412.862	196.505	49.214	76.914
412.416	197.415	47.087	76.177
411.494	197.690	49.130	78.594
410.390	200.459	49.544	81.320
408.460	205.126	49.530	85.435
405.718	224.170	48.880	90.502
404.206	238.281	50.387	92.710
401.737	251.015	50.389	89.825
398.954	261.481	51.043	88.695
395.843	269.642	51.136	86.350
388.611	279.904	53.789	81.221
385.719	279.807	55.060	79.942
381.804	272.807	57.703	84.996
381.513	262.064	56.288	90.473
376.368	250.912	57.894	92.285
361.490	227.128	60.587	89.869
360.626	218.324	64.105	87.954
357.836	211.195	63.408	86.377
357.219	209.911	61.265	81.501
370.051	213.972	48.622	77.898
373.232	220.728	42.448	75.290
368.642	222.699	43.152	74.082
361.796	218.674	48.471	76.963
351.519	217.979	55.980	78.037
351.696	216.485	54.001	76.452
354.027	218.551	45.981	75.949
353.191	219.924	45.445	74.952
353.976	221.521	43.308	73.190
352.250	221.572	41.799	72.627
350.585	220.668	43.456	73.803
346.972	222.145	44.099	71.889
345.380	222.350	43.883	71.841
343.704	221.766	45.235	71.885
306.527	215.960	47.869	73.566
303.820	217.100	45.152	74.094
304.696	211.615	72.055	81.786
301.264	217.319	46.364	73.395
302.122	217.120	44.311	74.293
301.875	217.006	44.894	74.427
301.356	217.421	44.178	73.605
304.213	214.898	45.609	76.418
302.319	215.542	46.309	75.417
305.950	214.162	48.736	76.129
306.896	207.354	69.109	84.745
307.234	207.047	80.354	86.420
335.464	216.876	56.004	74.651
345.933	217.115	47.801	72.783
347.736	216.856	51.160	73.754
351.645	216.318	51.888	73.191
346.018	214.992	61.483	73.517
356.804	213.461	54.372	75.320
341.216	212.746	66.027	74.167
375.162	215.896	48.154	72.464
377.878	215.521	50.078	72.592
383.023	215.204	49.350	71.992
392.290	215.828	48.685	71.287
398.321	215.486	48.022	71.443
403.223	215.378	47.874	71.339
410.432	215.791	44.426	70.205
416.240	215.792	42.478	70.964
516.165	193.339	34.960	77.288
423.883	213.426	47.178	69.786
426.344	212.768	50.316	70.753
420.900	209.435	58.684	73.174
410.955	208.613	68.173	72.788
425.064	208.432	64.533	72.317
440.964	208.293	59.641	72.640
452.684	209.250	51.802	70.886
456.021	209.713	54.508	70.197
440.485	209.104	75.232	71.956
439.565	216.224	61.545	77.604
442.216	222.634	55.917	78.339
448.035	230.967	53.117	74.411
452.008	232.421	59.174	72.505
453.580	227.965	63.695	74.681
459.572	219.355	55.825	77.117
462.451	213.669	54.239	76.019
464.452	208.083	53.804	75.213
466.362	203.134	54.194	74.766
467.562	200.318	55.759	73.633
467.551	199.851	57.119	72.676
465.601	200.079	57.824	73.271
460.845	200.883	61.969	73.655
457.335	203.015	62.288	72.913
451.579	204.358	61.202	75.036
434.237	209.147	63.886	75.625
427.316	210.172	73.850	76.136
415.004	211.879	70.401	76.929
406.307	216.154	61.016	76.211
395.462	216.432	64.223	76.936
404.227	219.796	61.599	76.224
387.545	217.148	62.109	78.567
379.198	217.518	59.922	78.389
361.885	216.689	60.488	77.206
340.148	213.077	65.686	79.076
329.606	214.613	56.054	78.977
321.693	220.174	55.850	78.554
421.094	150.373	58.019	86.003
283.298	212.334	78.267	100.627
297.855	224.782	55.156	79.300
290.195	212.163	59.047	83.360
275.374	199.487	65.415	88.228
285.502	197.033	62.976	83.275
295.087	194.673	62.774	80.577
309.977	193.770	61.693	81.497
316.073	193.655	71.043	87.270
317.366	196.435	76.414	88.177
330.796	199.977	77.142	87.116
350.973	205.397	69.710	83.059
365.708	206.834	68.354	82.720
374.195	204.738	75.267	78.423
403.654	204.827	72.167	78.478
409.756	204.997	71.344	78.322
428.028	204.941	70.303	77.685
439.570	203.728	76.962	76.664
441.646	201.243	77.711	75.581
457.225	197.247	71.428	74.407
390.790	83.517	102.382	55.383
469.966	192.904	79.681	75.609
472.980	192.188	79.140	75.215
474.158	192.518	76.036	74.752
471.388	192.177	81.218	73.846
465.557	194.276	84.704	73.514
456.710	196.833	76.678	75.625
451.193	199.956	80.645	75.333
442.973	201.461	77.063	76.339
420.862	206.474	80.111	78.499
403.195	210.021	79.333	75.864
388.087	212.776	76.859	75.360
371.210	214.158	84.660	76.587
371.221	213.870	84.935	78.916
353.117	215.598	66.630	78.731
337.586	213.280	61.935	80.399
322.525	212.579	60.553	79.970
305.141	208.617	61.464	83.073
290.575	206.873	61.575	81.495
270.464	202.484	57.680	81.705
261.273	199.348	57.653	81.860
256.292	201.393	58.220	80.562
251.059	198.156	59.499	81.492
247.958	198.191	59.763	81.929
248.719	200.245	56.752	78.698
249.273	200.245	57.656	79.751
254.416	201.221	56.539	80.191
256.980	200.999	58.702	81.763
263.788	200.225	58.668	83.458
274.355	201.456	62.083	82.574
279.731	199.748	63.948	85.139
291.724	200.738	66.642	85.599
302.982	204.212	66.881	82.738
311.770	204.225	69.674	81.957
337.724	203.292	58.484	81.553
348.384	202.273	59.058	82.405
354.507	200.759	61.833	84.232
358.214	198.267	62.381	84.512
395.648	201.934	57.144	81.875
414.882	204.830	57.623	75.284
425.238	202.485	58.901	76.401
436.154	200.549	57.916	75.709
442.297	197.680	60.942	76.354
449.895	196.293	61.434	75.497
457.247	192.976	62.738	75.164
460.511	191.083	64.202	75.118
463.201	191.468	64.432	74.243
464.768	190.146	63.664	74.825
466.048	191.287	63.467	73.200
465.181	194.386	61.832	73.568
462.941	196.653	61.604	74.882
459.719	199.754	60.786	74.857
456.179	203.155	58.906	74.728
449.742	206.322	60.155	74.705
439.025	210.631	57.949	74.484
430.069	213.472	58.307	74.494
365.246	198.839	52.205	77.649
368.758	199.136	50.308	79.443
367.408	200.335	53.264	79.867
370.549	202.874	58.048	87.719
363.521	203.870	60.682	91.278
353.833	204.973	63.902	89.365
342.576	206.808	68.563	86.212
333.598	208.431	70.604	81.932
325.457	206.934	62.043	80.446
316.490	204.840	59.854	81.437
306.932	201.714	60.240	82.729
306.802	199.970	55.220	81.375
301.009	198.490	55.116	80.402
288.822	193.779	57.882	81.616
287.151	195.377	58.425	77.922
285.952	193.546	56.985	77.759
286.944	193.627	54.575	77.593
288.481	193.358	54.616	77.056
292.147	192.702	60.653	78.587
292.958	191.481	65.795	81.515
301.088	193.967	67.371	81.667
313.093	194.210	67.259	84.186
321.309	195.617	68.716	82.383
336.332	200.245	71.986	80.738
352.248	202.642	80.600	80.493
365.009	205.131	78.852	78.315
376.795	205.292	77.452	76.782
397.416	205.906	77.100	76.653
422.720	204.432	77.935	75.808
407.153	84.651	85.224	77.931
447.657	199.448	82.188	74.883
391.431	74.611	96.099	60.868
460.327	195.826	83.742	74.030
372.986	71.699	100.815	56.381
474.279	194.207	75.198	71.964
474.469	193.668	73.926	72.346
474.539	194.969	74.104	71.276
471.416	193.033	75.301	75.558
459.948	199.544	74.333	75.927
453.808	203.735	74.094	75.006
446.207	205.873	70.144	76.155
432.222	210.274	70.146	75.961
420.461	211.159	68.281	78.753
408.857	215.753	88.249	80.671
405.870	216.979	71.819	78.296
404.734	218.495	59.642	79.590
387.118	217.706	59.638	80.892
376.103	218.518	56.602	80.892
315.434	212.416	61.336	80.725
311.457	210.852	75.803	83.546
294.083	206.156	71.082	85.002
300.997	204.856	70.587	86.330
302.370	205.838	67.354	84.985
297.261	204.026	61.881	83.984
297.042	205.449	60.298	82.354
299.639	207.605	56.645	80.313
261.849	200.854	83.307	82.739
272.937	197.854	66.458	83.953
286.232	204.259	73.656	86.777
289.481	204.237	71.082	88.872
303.504	206.875	71.244	91.700
316.589	208.349	63.192	95.092
330.993	209.761	57.320	97.227
340.718	212.637	58.268	96.745
352.006	212.366	70.641	84.057
343.697	233.722	50.589	78.929
345.452	233.922	49.557	78.707
342.867	231.888	46.830	79.443
336.935	224.378	45.898	81.002
333.820	222.011	49.834	81.758
331.579	219.049	50.300	80.280
330.498	216.445	49.976	81.745
461.518	184.851	84.786	83.480
329.644	211.739	50.273	80.585
329.799	210.396	49.600	81.288
331.744	210.185	47.579	81.229
462.891	182.781	77.913	81.889
335.620	210.404	46.578	81.537
339.640	213.365	45.922	81.662
445.119	196.002	44.764	77.158
344.968	217.939	45.311	80.491
346.754	220.670	45.989	80.304
349.017	220.952	46.601	80.817
395.675	203.309	50.961	82.526
381.655	204.097	59.563	82.569
360.435	209.289	50.309	93.790
360.141	205.691	51.628	96.991
354.979	203.186	56.484	99.919
357.730	209.912	53.913	93.188
360.100	213.643	50.528	88.719
357.901	216.337	49.594	82.644
313.523	193.515	51.144	87.362
307.323	195.175	50.064	81.437
300.635	193.739	46.937	81.603
300.506	193.996	45.670	80.566
299.138	193.435	45.557	81.565
299.188	193.562	47.813	81.451
300.879	193.876	47.277	81.967
306.876	193.779	54.881	84.827
337.959	197.547	60.816	85.357
336.754	197.516	64.720	85.304
337.579	197.900	70.385	83.160
348.836	198.468	68.052	82.620
355.181	197.200	72.519	81.882
365.510	196.654	77.117	81.586
372.752	196.470	74.877	80.358
385.043	194.340	69.596	82.007
391.868	193.995	72.702	80.321
413.246	193.049	73.808	79.299
411.853	191.793	74.837	78.107
416.836	191.813	74.558	77.040
420.153	191.730	71.825	77.116
421.981	191.767	69.036	77.506
420.683	193.478	70.867	77.880
416.446	195.399	73.422	78.513
410.984	198.158	74.606	79.567
403.565	201.256	73.922	79.564
400.304	203.329	78.993	79.717
384.984	209.018	74.449	78.564
366.924	210.350	76.093	82.057
349.719	210.557	84.574	83.359
342.402	209.836	79.635	85.481
331.112	210.428	76.174	85.829
320.201	209.031	72.861	87.433
301.269	204.533	68.558	88.377
276.483	198.514	79.208	89.315
267.642	194.659	80.394	90.121
258.468	191.566	83.138	88.225
255.618	186.448	79.625	90.412
254.931	184.716	76.339	86.876
261.966	184.951	67.124	85.280
257.849	184.216	72.565	85.379
255.368	184.974	79.121	87.189
260.996	184.390	80.701	89.004
272.750	191.347	82.346	87.909
282.964	194.784	80.635	87.438
295.020	199.429	77.754	87.680
309.870	204.631	76.562	87.177
326.137	206.369	70.810	89.654
358.807	208.261	56.354	93.592
369.586	210.109	65.182	94.056
368.411	208.144	73.783	93.516
416.367	216.514	59.994	84.953
428.717	212.094	66.764	84.212
450.000	205.075	74.858	85.473
457.715	202.038	78.687	82.844
465.069	197.701	82.196	82.122
472.403	193.181	83.389	80.583
478.261	191.010	84.344	78.412
484.519	185.807	82.841	77.508
484.908	186.651	83.874	75.002
484.856	185.843	83.644	76.152
482.637	187.486	82.071	77.134
463.189	180.755	101.492	90.201
466.401	194.348	80.335	84.651
458.083	199.726	78.833	83.431
449.526	203.588	77.740	85.870
438.786	207.299	77.861	86.272
426.978	211.717	72.113	87.426
409.726	214.426	70.119	92.871
384.484	194.480	66.908	111.738
362.799	207.860	71.417	99.304
342.559	221.320	68.560	86.499
411.682	197.727	54.137	88.549
302.624	215.554	59.203	84.223
430.858	201.430	45.163	87.040
437.210	203.949	25.863	86.030
265.337	205.729	59.746	87.486
257.440	204.082	60.459	87.339
250.824	200.213	60.739	88.562
250.512	202.031	59.209	85.598
251.408	201.286	58.416	85.944
255.845	201.647	59.909	85.224
260.791	201.225	60.160	86.524
274.296	203.946	58.504	84.456
285.213	204.935	57.780	83.282
299.432	205.009	54.904	85.020
312.719	205.142	54.179	85.186
327.131	205.078	55.478	85.560
349.672	203.325	61.527	85.907
364.117	200.515	54.332	85.337
411.502	202.560	61.162	88.617
416.225	197.927	59.042	89.193
420.102	193.494	57.087	93.733
428.097	184.948	53.000	96.766
433.997	179.285	54.529	97.726
440.746	174.782	60.042	98.028
444.650	174.506	64.982	98.020
449.515	175.059	68.977	95.035
456.083	174.068	68.461	94.476
457.239	178.582	58.172	94.086
458.507	181.026	55.290	92.064
458.622	182.829	52.107	90.445
451.667	180.910	57.387	92.661
443.535	187.995	56.070	88.973
443.352	181.564	89.402	90.108
429.528	185.439	66.341	93.984
419.686	186.771	68.491	98.950
409.664	191.313	58.464	98.556
392.270	196.153	62.241	97.659
380.859	196.261	66.265	101.035
367.839	198.506	64.254	100.764
354.171	202.542	61.987	99.112
346.742	204.919	60.000	100.099
296.322	207.227	58.883	88.828
277.592	208.237	62.062	88.541
258.515	208.847	58.765	88.938
347.078	224.752	72.648	87.504
353.497	225.808	74.483	89.309
375.779	231.307	61.537	89.362
389.295	234.173	56.392	89.534
401.318	238.558	52.834	88.745
412.490	243.023	53.186	88.016
420.342	247.221	58.941	88.266
431.376	255.228	66.934	85.987
436.350	257.215	67.537	87.758
435.336	259.797	71.155	88.273
436.953	262.883	70.558	88.417
436.370	265.712	69.864	87.863
430.974	272.864	69.961	86.973
426.957	274.054	69.083	88.316
424.172	275.626	65.293	89.049
409.292	271.247	71.217	99.915
400.965	274.442	68.238	90.772
387.286	273.860	63.839	89.624
352.828	275.123	73.240	91.046
361.630	269.318	69.521	95.071
361.270	266.436	78.450	94.283
355.503	263.380	62.901	93.044
342.684	260.490	65.409	91.383
392.404	266.248	79.224	82.489
334.631	254.586	55.502	94.834
337.198	263.869	110.432	84.984
390.716	266.288	82.473	81.931
389.943	269.834	75.486	88.118
340.823	259.488	64.094	92.824
348.485	261.575	74.037	93.777
355.443	262.953	68.307	103.173
354.667	271.076	67.639	111.081
310.537	287.439	76.692	101.497
295.080	298.962	76.848	93.419
281.491	301.371	68.509	91.742
429.256	285.307	46.653	90.985
247.320	307.643	59.401	90.684
214.410	309.288	64.081	88.725
200.889	308.725	68.053	88.166
189.782	308.348	71.340	88.152
179.966	307.349	75.459	87.160
174.227	306.630	76.749	86.084
171.972	306.120	76.936	85.268
172.438	306.055	77.850	84.309
179.169	306.953	75.970	85.127
189.355	308.839	73.062	85.518
202.656	309.919	69.463	87.701
212.786	311.033	72.268	89.312
243.816	313.428	68.482	90.010
266.023	314.092	62.750	90.506
286.953	311.917	61.308	91.209
304.513	309.956	66.410	91.538
336.053	301.368	78.475	94.739
363.703	356.245	77.708	138.237
364.769	278.055	87.228	109.336
343.122	269.989	73.881	101.889
328.461	262.227	74.430	100.871
307.491	256.072	86.223	91.112
296.943	250.678	92.032	87.608
292.017	247.499	96.196	84.621
288.067	247.317	99.402	81.111
287.998	247.261	102.285	79.761
300.704	248.155	101.052	84.284
309.493	249.370	96.494	88.856
368.824	251.957	118.970	98.858
392.644	266.459	86.467	109.256
366.149	254.519	79.403	116.850
334.648	294.426	84.448	99.954
320.220	297.221	76.873	97.602
299.804	299.357	73.589	97.471
277.807	301.113	70.313	96.461
255.533	301.886	70.384	95.685
218.124	299.449	76.276	94.287
202.759	296.995	76.097	94.489
187.891	296.090	78.299	94.769
176.346	295.225	79.015	92.794
166.073	294.167	79.460	92.613
156.786	293.262	77.716	93.191
156.770	292.757	74.435	93.848
155.103	293.999	74.011	93.456
159.255	293.894	70.316	94.268
164.469	294.725	67.508	96.264
173.317	295.720	63.400	96.427
188.299	296.135	61.503	97.478
201.339	295.571	60.417	98.799
214.467	295.900	59.238	98.402
227.976	295.694	61.728	98.735
243.234	294.770	63.039	98.956
272.258	288.636	68.516	100.543
286.334	284.740	73.557	103.546
297.892	280.154	80.123	105.249
310.893	276.979	81.734	104.067
325.794	274.213	74.986	101.756
344.945	266.187	65.334	105.093
361.387	265.344	70.858	105.165
370.248	262.410	73.953	109.009
371.876	261.482	78.610	108.328
377.209	260.595	77.336	109.384
385.137	260.093	73.676	109.988
390.108	262.135	72.427	107.327
393.668	263.148	69.930	106.648
398.052	263.172	67.315	105.417
403.988	266.497	73.790	102.366
409.597	268.211	76.131	101.733
412.773	269.893	72.770	101.181
412.535	271.173	64.985	100.976
414.066	270.818	68.962	101.679
417.616	273.202	63.572	101.150
424.955	274.553	59.210	101.281
431.634	274.632	59.443	99.818
435.487	275.979	58.005	97.728
436.967	278.027	59.412	96.167
434.937	279.602	60.385	94.507
440.620	274.172	56.021	95.784
445.265	273.520	53.034	96.886
441.687	274.338	51.684	94.046
321.752	175.910	59.080	44.352
446.444	272.672	57.405	95.874
446.960	274.998	59.444	94.925
447.445	277.080	59.736	94.454
448.511	278.503	59.290	94.497
450.210	279.930	59.505	94.945
452.062	281.503	58.872	94.530
457.414	283.462	56.386	93.988
460.062	284.733	54.269	93.012
462.451	285.295	53.410	92.318
464.089	285.312	52.881	92.082
464.606	285.578	53.393	91.979
464.694	286.052	54.645	91.186
463.723	286.265	56.212	90.944
463.667	286.645	55.172	89.910
463.888	286.440	53.011	89.413
462.963	285.878	51.719	89.031
460.290	283.525	50.781	89.077
457.814	281.249	51.404	88.592
456.715	279.362	50.108	87.391
454.989	276.745	49.441	86.720
453.947	272.355	48.134	87.253
451.092	268.138	49.174	85.841
450.278	266.876	49.444	84.034
450.285	265.530	49.372	83.518
450.328	265.417	49.174	81.741
450.083	265.042	49.051	81.551
450.458	265.431	48.084	81.301
450.642	266.047	47.063	82.736
450.432	267.162	46.100	83.752
449.676	268.277	46.097	84.636
448.976	269.776	46.649	84.415
446.805	271.585	47.244	84.484
444.710	273.199	49.274	83.946
442.880	273.959	51.125	83.708
440.996	274.312	52.256	83.721
439.487	274.323	53.312	82.656
437.343	274.309	54.393	80.623
436.041	273.610	55.705	79.979
435.154	273.354	56.819	79.933
434.716	273.581	57.718	79.590
435.155	273.898	59.477	80.195
438.762	274.814	58.478	83.315
441.929	275.136	57.482	84.360
446.014	275.458	54.282	83.923
449.420	275.584	51.721	83.196
453.193	274.509	48.449	83.279
458.289	267.918	45.725	86.369
459.875	265.918	47.416	84.228
460.530	264.856	48.793	82.755
460.430	264.454	50.459	80.569
460.032	262.954	51.387	80.105
456.701	261.808	54.035	81.761
452.797	261.403	56.410	83.480
448.193	261.923	57.566	85.115
443.877	263.816	57.082	85.568
438.490	265.855	57.636	84.175
427.238	267.142	52.314	83.996
419.485	266.268	50.211	83.713
408.814	263.900	54.037	85.361
397.481	261.712	58.768	86.253
386.735	258.922	63.869	87.609
373.352	253.412	65.244	85.097
371.633	248.968	64.679	86.509
359.430	248.005	67.504	85.344
362.526	245.795	62.023	85.948
341.905	246.123	67.096	87.276
331.530	248.270	64.038	84.723
331.062	247.231	53.523	84.458
363.194	239.320	55.212	85.518
365.673	237.889	51.964	85.040
366.015	234.434	51.609	87.002
361.607	232.317	53.390	86.745
359.308	232.466	54.022	86.670
355.406	233.253	52.665	85.667
352.095	235.500	50.822	84.221
347.910	236.588	50.338	82.995
339.916	236.564	49.549	82.029
334.082	237.741	53.814	81.723
331.941	237.783	53.828	80.629
329.176	238.119	52.804	81.089
327.975	238.684	52.276	79.626
325.651	239.169	48.911	79.624
324.061	239.944	50.559	78.210
266.346	248.225	69.365	84.098
266.928	253.357	61.438	85.160
268.557	256.840	57.023	83.264
273.337	256.965	50.642	80.241
274.523	257.902	49.768	80.290
315.202	239.880	50.016	82.011
317.067	241.816	49.049	81.538
314.692	242.909	52.368	81.253
307.916	247.016	54.729	82.997
301.109	248.869	58.110	81.749
299.230	250.264	55.054	81.577
294.057	251.532	53.359	81.211
245.058	271.766	51.135	77.921
230.017	277.408	53.891	77.378
353.408	200.433	35.533	70.811
265.809	268.622	48.951	78.129
249.925	270.918	56.311	77.518
193.913	276.859	67.388	77.015
334.624	170.383	37.535	56.898
332.871	168.650	34.321	49.429
318.437	170.623	33.768	49.659
324.185	172.848	28.152	51.201
323.616	271.761	20.715	68.861
316.273	168.057	27.539	46.978
317.052	171.305	24.540	64.916
190.616	272.962	68.002	76.154
204.017	277.909	65.289	78.485
210.454	281.521	59.847	78.165
223.253	280.375	48.933	79.064
228.821	277.454	49.174	79.421
232.291	274.797	56.232	78.324
235.526	272.590	63.261	76.894
239.515	271.807	67.971	77.571
240.842	268.649	86.023	86.735
281.295	279.626	57.083	75.147
284.427	281.773	60.639	72.447
289.175	282.494	62.433	71.365
295.510	280.529	63.048	72.365
428.611	209.869	34.328	68.116
307.655	279.178	65.804	71.684
311.438	278.139	67.202	72.943
318.187	276.051	65.657	74.334
326.620	274.174	65.178	74.759
331.704	272.485	64.831	73.934
348.818	265.884	60.553	76.808
354.033	264.351	59.498	75.221
360.518	262.576	62.402	74.757
368.436	259.092	61.284	75.014
377.815	256.059	67.368	72.581
382.308	253.174	71.877	72.977
385.980	252.867	75.963	70.982
394.954	251.695	73.835	69.369
400.187	250.741	76.664	69.351
408.368	254.197	77.568	65.705
411.447	254.900	80.962	64.119
416.651	252.727	81.080	65.182
420.076	249.629	78.233	66.271
422.481	246.941	75.439	66.224
423.950	242.000	70.209	68.072
424.637	237.363	67.662	69.385
425.219	240.685	64.428	71.969
425.820	248.665	61.751	73.795
419.682	254.764	62.807	76.519
418.719	258.898	62.073	78.201
416.025	261.578	57.731	78.035
415.415	260.529	57.775	76.573
411.656	254.323	58.088	78.405
396.709	248.087	75.093	77.427
385.641	244.556	67.108	75.094
391.901	244.863	58.479	77.640
392.295	248.243	53.665	78.136
392.913	251.605	57.495	76.691
391.870	252.846	61.844	75.888
392.204	251.488	60.739	75.446
392.848	249.993	57.411	72.589
392.503	246.585	57.790	75.340
392.906	247.059	61.774	76.799
393.510	251.388	67.370	74.593
395.117	252.622	69.888	75.244
391.367	254.055	68.400	74.792
388.359	254.321	75.574	73.707
388.670	253.917	72.111	73.318
389.097	252.159	66.500	74.924
386.802	252.019	68.932	75.221
411.576	257.768	55.397	73.781
425.188	261.711	46.682	71.568
423.405	262.468	48.383	70.482
424.380	262.697	48.245	70.173
425.259	262.387	48.871	70.359
427.776	262.412	50.893	70.941
429.191	262.517	53.065	70.862
390.630	276.200	44.590	73.673
393.588	277.119	46.200	74.196
396.516	280.437	49.074	73.046
402.742	281.825	60.166	85.877
407.287	279.820	59.111	97.758
409.157	288.818	68.561	97.653
409.816	300.978	71.431	91.809
409.713	303.245	70.367	88.635
411.192	301.237	64.795	89.291
410.944	298.724	62.595	87.213
409.097	295.288	56.348	86.165
398.390	300.710	59.241	76.944
394.265	303.810	55.812	75.988
385.337	308.843	53.764	75.737
447.205	286.444	41.571	71.180
450.484	285.514	45.231	72.644
455.415	285.805	47.502	72.436
461.731	285.226	48.143	71.627
475.781	282.108	50.093	72.493
485.190	279.944	47.078	72.497
495.145	277.108	44.770	73.416
504.953	274.222	45.372	74.072
512.895	273.024	49.126	73.803
525.794	271.286	56.605	71.568
530.506	269.481	59.421	71.471
534.801	268.070	62.470	69.939
537.760	266.796	65.231	68.910
541.346	264.188	65.764	69.484
545.599	260.669	66.732	69.854
547.801	259.888	66.073	70.161
548.998	259.686	65.075	69.273
550.214	259.343	62.058	69.113
549.535	259.171	60.206	68.881
544.600	259.365	57.109	70.692
540.938	259.835	55.557	70.744
536.322	261.727	54.443	68.595
531.045	262.274	52.490	67.616
525.641	262.705	51.565	67.083
514.950	263.037	49.029	66.668
508.543	264.424	48.476	66.103
502.163	265.316	47.924	65.788
495.401	267.370	48.618	65.262
488.145	268.968	49.931	64.733
476.008	271.777	50.536	65.422
469.316	272.883	49.892	65.593
460.689	275.082	51.103	63.355
453.235	276.441	51.358	62.847
446.711	277.564	49.342	62.855
438.736	280.899	41.070	61.552
434.492	281.187	34.773	62.773
430.350	284.993	31.050	59.815
429.437	331.411	37.331	52.227
419.181	330.021	44.873	51.666
422.398	331.635	43.361	51.167
419.097	328.963	47.236	51.868
271.873	291.583	59.488	69.063
279.149	291.928	56.084	65.544
286.428	291.252	54.872	65.777
301.514	289.185	54.613	65.698
310.517	287.185	58.496	66.577
321.710	285.233	54.790	67.859
320.810	284.137	58.518	68.045
345.528	281.887	50.644	66.772
366.563	277.435	49.728	67.482
377.369	273.668	53.931	69.133
386.548	272.686	57.228	67.887
395.130	272.304	59.498	66.015
403.854	271.586	61.217	65.275
419.815	271.297	65.187	64.393
428.972	271.877	63.366	64.886
437.285	273.459	62.547	64.998
446.062	274.951	60.065	64.246
452.653	276.266	58.729	63.722
461.699	277.475	56.614	64.049
465.899	277.571	54.373	63.865
469.298	277.629	52.279	63.609
470.465	277.661	52.179	63.506
471.302	277.278	51.817	63.932
471.856	276.660	51.375	64.865
472.465	276.317	49.706	64.875
472.448	275.225	48.385	65.501
471.949	274.876	46.980	65.131
470.716	275.035	46.469	65.184
469.591	277.145	43.174	65.347
468.605	279.066	43.406	64.594
467.961	280.920	42.240	64.991
467.534	283.351	40.910	64.034
466.899	284.425	40.445	63.655
466.616	285.599	39.409	63.682
465.677	286.116	40.194	63.565
464.984	284.578	40.624	63.670
464.871	279.083	41.201	67.441
464.057	273.653	42.512	69.459
464.464	262.947	43.377	72.855
464.391	258.313	43.834	72.263
464.215	251.796	43.878	72.319
465.135	246.836	44.044	70.280
466.508	241.712	43.068	68.983
468.002	233.195	42.281	69.279
468.466	230.599	42.299	65.797
468.993	228.543	42.799	65.537
470.212	227.867	42.105	65.104
470.844	227.997	41.688	65.294
471.672	229.448	42.382	65.380
471.608	231.168	43.410	64.827
471.954	233.817	44.209	65.686
470.912	236.119	46.267	66.598
468.348	238.388	49.130	65.382
467.097	239.825	50.669	66.450
465.799	239.939	50.210	66.281
466.443	240.327	48.996	66.205
466.246	241.071	48.588	66.417
465.599	241.450	47.906	66.806
465.082	242.105	44.917	66.387
465.848	241.673	44.134	66.765
465.847	242.096	44.188	66.919
464.910	243.334	44.453	66.630
464.537	246.757	43.931	66.460
465.305	253.344	43.624	68.041
465.884	258.108	43.724	69.983
466.715	264.288	44.733	69.198
466.917	269.865	46.289	68.781
466.554	272.679	48.427	70.499
468.431	279.498	48.281	71.536
468.391	284.880	49.667	71.075
469.180	290.021	49.850	72.695
468.951	294.565	51.772	73.899
468.887	302.821	52.288	71.080
469.463	308.480	51.723	68.630
467.559	318.300	51.960	67.439
466.791	322.294	52.893	66.940
463.130	325.867	55.438	66.986
462.416	331.042	54.559	61.843
455.081	329.154	54.648	62.156
452.150	316.378	53.452	70.900
441.489	297.181	59.397	81.943
435.379	275.937	62.356	84.399
431.997	258.521	59.552	80.634
432.638	244.607	53.808	77.515
420.413	240.520	55.245	59.642
430.244	239.839	44.846	69.999
422.182	248.222	46.077	67.342
422.362	253.705	43.353	65.941
415.661	254.653	45.810	64.528
405.205	249.530	47.276	64.846
410.995	248.202	40.620	62.436
404.039	246.854	45.923	63.430
405.019	247.179	43.453	66.456
401.707	250.785	45.456	65.797
400.954	257.427	43.526	64.363
403.958	258.738	41.681	64.728
404.451	259.114	42.972	63.865
403.740	259.152	43.979	63.672
405.588	259.674	42.261	62.675
407.618	260.086	40.654	60.713
404.327	259.475	43.831	60.690
408.670	259.337	40.736	60.993
407.206	259.887	44.120	59.721
401.399	257.580	47.955	61.141
406.699	256.479	43.817	60.826
407.266	256.420	43.426	60.999
407.239	256.462	43.430	60.543
406.636	256.231	43.125	61.592
405.363	255.619	43.551	61.444
404.755	255.982	44.975	61.382
405.158	254.844	45.313	62.722
406.740	254.118	44.972	63.023
407.127	253.206	46.327	63.820
408.447	251.423	46.924	63.886
410.040	250.894	48.774	62.234
412.136	250.324	47.919	61.680
412.882	250.074	48.624	61.837
413.732	249.538	49.116	62.347
415.787	249.511	47.611	61.885
418.823	250.413	46.281	63.099
415.929	251.857	48.152	62.575
407.935	252.785	50.738	62.763
413.699	251.424	47.012	64.233
412.123	248.871	45.848	66.491
418.118	244.019	40.124	63.700
417.114	240.490	41.348	62.446
416.797	239.484	41.733	61.756
417.779	238.343	41.051	61.578
418.608	238.127	40.181	60.346
421.685	237.960	40.362	60.598
422.876	238.224	40.927	61.386
425.845	239.160	40.153	63.599
428.297	242.972	39.532	62.044
428.992	244.853	42.435	63.180
433.339	251.430	45.256	65.085
435.376	254.187	47.020	66.890
438.718	257.765	47.335	65.229
442.437	259.490	47.664	67.236
445.902	264.114	48.209	65.809
450.654	269.763	51.065	68.016
451.839	271.620	53.586	66.043
454.688	274.144	52.580	64.277
456.380	274.816	52.854	64.164
457.806	274.297	53.914	64.642
401.185	223.444	40.455	64.521
460.345	271.043	53.161	64.253
406.011	224.865	39.580	65.831
460.950	268.956	53.052	62.799
459.025	251.762	59.150	83.301
460.856	265.118	52.414	64.840
461.005	264.936	51.176	63.119
461.112	262.774	48.790	64.310
460.334	262.763	48.481	63.433
459.982	261.104	47.196	63.567
462.657	260.186	44.777	63.607
463.462	260.169	43.394	62.674
460.126	259.497	43.247	62.736
464.379	259.161	42.025	65.162
463.389	259.979	45.111	63.650
466.996	262.240	44.359	65.023
424.183	259.449	52.815	63.551
475.818	266.874	39.728	63.744
412.621	260.101	57.425	64.662
407.314	262.068	59.067	64.319
393.799	262.225	59.775	64.792
494.666	273.512	45.824	64.050
380.804	263.384	55.546	64.768
372.585	264.025	54.915	65.144
364.926	264.443	52.227	64.760
348.755	265.871	45.156	64.069
341.454	265.035	43.573	65.428
334.564	265.610	43.534	65.190
327.645	265.549	45.430	65.249
323.465	265.590	46.984	65.314
319.760	264.682	49.430	66.053
321.012	264.196	48.824	65.548
323.647	263.488	48.393	66.241
328.416	263.127	47.626	66.162
335.512	263.102	44.896	66.645
349.620	266.088	41.853	65.366
354.475	266.197	46.654	65.722
358.711	266.167	51.770	66.789
364.165	265.693	54.979	66.610
370.010	262.214	56.476	68.362
377.953	252.091	60.160	71.815
379.888	234.946	64.358	88.215
387.404	236.133	58.925	77.644
390.823	228.435	57.725	77.170
393.815	219.999	56.365	76.966
397.707	207.013	56.219	76.025
398.276	203.258	56.233	74.666
399.867	201.731	56.640	73.186
391.885	193.261	66.018	84.156
399.546	204.349	57.789	71.265
402.752	212.041	55.428	75.355
468.893	279.099	49.478	70.719
402.714	226.808	55.488	76.488
468.761	269.391	49.030	74.884
406.802	244.480	49.235	76.602
469.800	253.359	47.966	76.023
470.480	250.018	48.911	73.379
470.483	246.488	49.345	72.761
470.991	243.808	49.484	73.492
470.945	243.160	50.465	72.735
470.775	242.490	53.108	73.176
471.968	242.561	52.982	74.285
473.893	245.489	51.385	73.158
475.606	248.386	50.619	73.671
475.175	250.514	52.602	75.429
477.567	259.101	52.948	75.368
478.255	263.173	53.920	75.999
402.554	238.202	52.300	77.890
480.028	271.643	53.964	73.961
480.539	275.877	54.176	73.029
480.187	282.242	55.401	73.351
396.299	220.750	61.998	76.076
395.208	220.984	63.780	74.764
479.059	289.563	56.035	73.897
478.901	290.739	55.075	73.199
477.024	290.279	56.023	73.510
473.564	288.411	54.400	73.378
472.868	286.953	54.752	73.909
469.993	283.166	54.033	75.430
467.300	279.889	54.573	76.783
462.668	275.801	54.358	75.599
373.266	279.307	51.578	79.169
367.951	283.752	51.334	78.348
453.929	268.093	56.059	77.233
452.738	268.712	56.311	75.526
450.166	267.542	54.601	75.715
451.259	266.178	55.114	77.686
416.754	250.444	67.930	90.832
421.096	248.546	68.594	91.826
427.942	246.793	72.794	91.353
431.752	247.118	74.464	90.745
435.663	246.780	74.960	91.087
438.464	247.424	75.424	90.808
439.996	247.450	76.135	91.128
444.387	249.959	76.085	91.244
445.719	250.585	74.954	91.501
447.269	252.424	73.691	90.975
447.297	252.171	73.533	92.333
446.518	253.041	72.592	93.426
443.401	254.539	73.087	95.405
441.391	255.396	72.507	95.291
438.677	256.070	72.368	95.659
435.553	256.477	72.408	95.566
431.388	257.663	73.448	95.446
422.226	258.758	74.928	94.850
417.143	258.511	76.130	95.674
412.183	258.361	76.509	95.473
407.114	258.217	76.637	95.489
412.091	257.193	65.972	96.342
404.757	258.430	61.464	95.308
393.147	240.444	68.163	112.660
390.098	238.923	68.964	111.546
387.332	238.226	67.943	111.483
414.684	234.891	79.945	96.650
418.953	239.931	91.686	88.648
411.492	238.596	95.566	90.835
388.252	239.388	113.197	95.923
410.903	242.736	94.944	87.429
402.411	247.999	90.059	95.778
408.115	254.448	69.814	97.980
420.912	254.891	65.217	98.434
430.206	254.517	66.790	100.321
444.055	255.585	67.309	98.685
452.378	256.259	75.980	98.642
470.181	256.060	89.809	100.937
473.822	257.623	96.946	98.441
479.690	257.767	101.571	97.473
485.795	258.655	103.811	93.909
489.769	258.097	107.286	92.876
493.404	258.688	109.154	90.940
491.565	258.329	113.085	89.962
486.317	257.550	114.961	92.146
336.236	241.597	45.023	105.839
330.493	241.755	67.361	107.571
470.809	257.859	110.571	101.599
462.169	260.261	90.214	103.071
457.622	258.839	80.880	105.391
443.981	258.423	78.628	106.791
427.644	248.170	80.458	117.033
413.236	237.563	88.287	122.262
393.241	249.943	81.964	114.685
389.786	232.896	183.072	147.685
381.773	251.281	80.536	112.994
456.238	237.615	123.533	81.961
451.553	237.857	119.951	87.104
386.855	255.623	76.202	124.581
395.489	254.687	74.786	128.764
398.509	263.399	79.651	125.191
405.598	281.520	78.691	113.448
422.937	284.525	72.826	117.366
438.399	293.895	87.425	113.694
443.128	297.679	97.634	113.687
448.008	301.091	104.098	111.617
456.621	302.163	105.711	111.600
464.424	304.603	106.499	109.992
469.562	306.610	110.630	106.729
471.035	306.128	109.987	106.170
469.946	304.901	111.535	107.171
465.745	304.543	112.883	108.139
459.291	304.611	114.352	108.183
442.634	302.608	114.399	111.281
445.513	299.425	104.382	114.486
442.236	300.380	91.701	116.350
410.427	271.737	110.393	143.122
403.362	257.416	149.658	155.741
428.809	251.833	158.545	104.465
449.522	248.642	151.628	101.760
455.594	245.404	148.082	91.037
457.782	243.242	152.177	87.583
458.819	245.304	149.396	84.457
445.115	248.151	151.429	93.894
437.114	252.284	156.404	101.285
430.960	258.960	141.924	108.200
431.641	263.879	129.930	116.927
374.526	270.880	96.054	140.802
401.699	299.335	80.776	127.872
330.751	280.824	89.456	127.742
429.346	305.989	88.234	130.980
441.112	304.854	102.529	131.136
450.019	306.665	112.459	126.021
466.690	308.766	129.296	119.032
685.985	133.164	84.029	132.242
511.746	309.661	110.167	106.737
502.637	313.165	126.690	104.481
501.823	312.483	130.865	104.105
501.646	312.430	130.280	106.665
494.137	312.089	132.739	113.079
488.175	310.201	130.517	118.573
479.866	310.505	127.424	119.568
470.386	310.599	125.063	126.183
463.945	306.113	97.595	132.128
424.782	290.519	111.007	146.542
409.840	276.516	142.305	129.359
412.278	261.869	176.913	164.287
435.544	262.268	166.878	113.092
434.746	250.491	174.916	96.185
450.495	255.455	163.363	90.185
440.212	252.337	166.161	92.624
436.955	253.976	160.850	94.598
426.319	258.242	159.143	102.627
343.185	253.970	208.677	216.066
400.510	295.576	99.886	147.299
417.203	299.343	93.209	146.153
432.773	302.067	94.562	144.194
441.021	305.977	108.113	138.806
453.951	308.206	128.930	135.755
465.711	309.836	129.933	133.190
474.489	310.294	132.752	131.269
694.859	128.915	111.854	133.294
481.470	312.152	140.156	125.887
480.397	313.004	142.575	121.613
476.584	312.748	141.798	120.929
470.713	312.544	141.585	122.626
461.913	312.555	139.011	125.055
450.522	312.198	138.887	128.965
423.431	311.208	129.331	137.382
406.805	312.933	129.559	139.063
395.918	308.552	111.441	142.673
379.771	307.923	110.591	141.885
338.093	286.069	125.798	160.734
351.451	247.842	173.374	130.194
340.189	248.250	190.881	116.096
586.034	91.929	154.524	144.753
722.023	311.401	139.254	119.533
334.905	226.726	229.153	122.218
336.649	231.409	192.728	119.469
331.091	232.376	182.579	128.618
322.139	234.875	174.516	139.754
314.477	239.219	166.416	150.111
284.871	244.539	154.197	160.345
282.454	303.591	103.273	172.743
302.257	331.464	98.068	155.252
307.562	334.342	110.219	154.237
314.241	336.272	119.112	153.248
318.899	340.078	127.645	149.729
327.379	338.409	138.065	149.095
337.515	340.196	134.461	147.225
343.812	337.196	133.657	149.063
348.908	333.082	130.290	151.839
353.581	326.550	128.022	154.725
355.915	317.248	122.705	159.888
362.248	312.479	116.229	162.481
358.006	308.606	115.973	164.092
360.880	305.461	114.314	165.451
360.626	303.256	113.393	165.916
352.073	295.273	114.858	171.480
347.532	291.848	118.438	174.604
349.033	290.553	118.767	172.678
178.383	374.843	119.070	141.656
345.722	288.546	117.616	172.822
347.526	295.927	108.373	174.494
347.805	301.865	108.745	175.363
348.192	308.007	109.434	173.652
349.051	315.232	109.815	176.434
352.874	325.099	110.083	175.822
361.175	345.890	106.107	173.367
362.632	356.540	102.655	171.176
366.171	363.966	106.454	170.404
365.939	374.298	113.885	170.064
369.716	376.310	114.114	166.230
373.679	379.918	117.039	163.689
377.500	379.895	118.017	162.382
383.420	376.701	115.944	163.358
389.124	373.959	113.158	162.744
185.803	218.403	131.371	168.353
412.902	365.925	102.235	166.420
419.807	362.787	102.502	162.448
428.204	356.743	101.175	163.901
436.106	353.621	101.840	162.750
443.213	348.433	104.910	163.357
455.882	340.536	115.517	166.077
459.714	338.021	125.729	167.711
463.321	337.008	134.389	167.447
465.848	335.224	142.896	168.823
470.100	334.974	147.926	169.056
476.102	335.962	154.066	167.587
475.540	335.433	154.480	168.413
474.842	336.198	154.936	167.820
470.043	336.531	155.990	168.334
464.991	336.970	156.214	171.035
453.983	339.703	152.711	172.909
447.922	340.990	146.735	174.262
439.469	344.224	142.646	172.896
432.254	345.396	133.972	174.222
421.908	347.414	130.937	174.210
403.757	345.604	117.092	174.872
395.432	346.960	106.211	173.390
388.112	348.770	100.862	172.952
379.791	349.365	96.608	170.828
373.428	350.178	95.056	170.277
361.464	352.676	96.816	169.162
357.960	355.403	96.575	167.723
356.803	356.259	98.910	168.521
355.562	355.431	99.334	171.450
355.424	353.929	101.760	174.362
359.651	354.761	106.826	175.383
363.716	355.567	110.345	175.910
365.643	356.796	116.216	177.102
365.820	357.950	127.241	178.205
369.327	357.895	134.021	180.293
377.422	359.805	143.157	181.801
380.667	361.183	146.071	181.530
385.488	364.080	147.695	180.491
387.598	364.897	149.351	181.013
388.588	363.940	151.424	182.699
388.809	363.658	152.120	183.733
391.720	365.014	147.940	182.995
390.328	364.676	145.463	184.532
389.042	364.635	142.177	185.152
388.594	365.311	138.530	186.499
387.857	366.851	134.843	188.108
383.536	375.494	128.519	185.179
379.789	379.005	127.051	189.542
376.662	383.098	126.002	187.656
373.729	387.974	126.349	183.164
370.094	390.242	126.733	179.918
363.477	391.678	130.963	178.313
358.554	388.770	135.596	181.282
355.648	383.430	138.175	186.363
351.772	378.031	141.443	190.590
347.902	372.703	143.508	194.049
341.325	356.421	145.196	201.448
334.641	352.939	150.015	202.280
329.396	347.481	150.719	206.017
324.476	343.730	151.329	205.146
319.991	340.770	151.257	206.107
310.662	337.498	151.748	206.011
306.423	334.915	149.840	205.975
302.489	331.792	146.459	205.675
300.897	328.630	141.063	205.255
298.885	325.381	138.024	205.527
297.243	320.178	131.377	204.922
295.327	315.109	125.979	207.740
291.628	311.582	124.949	209.414
288.507	309.597	123.657	209.620
285.651	309.675	122.340	207.443
281.454	307.879	121.888	205.896
278.354	306.888	123.113	207.525
275.922	306.522	124.245	208.822
275.305	305.306	126.175	209.773
274.468	305.123	126.672	209.757
275.100	302.831	131.403	212.049
273.957	300.046	136.298	214.290
272.334	297.071	142.503	216.670
272.062	294.113	146.474	217.814
274.168	290.815	146.662	218.928
275.001	284.032	152.580	218.742
277.276	280.501	152.990	217.100
276.042	276.530	156.152	217.922
275.249	272.291	157.993	218.468
278.362	267.605	155.605	219.505
279.580	258.126	153.316	220.479
281.808	253.830	149.274	219.852
281.220	249.323	148.477	219.835
278.069	242.980	149.481	221.196
276.733	237.473	148.726	222.218
272.547	226.588	148.816	221.836
270.182	222.706	148.756	221.137
268.291	217.020	149.338	223.116
266.309	212.904	149.501	223.387
265.551	209.374	148.643	223.903
265.478	204.298	146.586	223.473
265.685	203.873	145.256	223.333
266.160	203.002	144.685	223.232
266.114	202.715	144.114	222.593
267.925	201.969	143.036	224.915
269.087	201.855	143.397	226.607
271.733	202.500	141.927	226.510
271.752	201.705	144.252	227.980
274.125	202.140	144.803	227.832
279.143	203.765	143.193	227.303
285.114	205.235	143.865	227.048
288.317	204.995	145.295	228.502
292.142	204.929	147.469	228.014
296.378	206.230	147.483	228.713
300.304	206.500	148.379	229.388
306.729	208.522	148.191	230.225
308.262	207.817	150.682	230.831
309.363	208.837	152.704	232.823
314.560	210.638	149.732	232.527
315.252	212.780	151.065	232.158
317.737	214.626	150.276	234.383
317.274	215.583	152.251	233.351
317.314	216.313	152.548	234.953
317.432	217.024	153.018	235.837
317.979	219.110	152.030	235.317
319.469	220.901	150.056	235.890
318.654	223.102	151.264	234.667
320.414	223.996	150.048	237.053
321.806	225.857	149.283	237.297
322.735	227.981	148.819	237.500
325.233	229.959	146.171	239.034
325.844	231.587	147.104	239.333
326.733	232.377	146.537	241.482
326.534	233.082	147.979	243.442
325.950	233.574	150.014	244.539
326.567	235.221	148.991	245.363
327.073	236.028	149.127	246.273
327.882	237.814	146.923	245.444
326.270	238.549	147.298	246.759
324.974	239.527	147.612	247.869
324.293	242.433	144.315	250.358
320.781	243.953	146.073	251.443
320.273	246.259	144.265	252.068
319.905	246.117	143.941	255.635
318.760	247.985	143.018	256.220
315.747	253.059	143.625	260.930
311.411	254.886	146.700	261.522
306.560	257.691	149.401	261.300
305.914	259.676	148.836	264.533
303.250	261.751	151.458	263.925
300.273	267.363	153.520	269.540
299.422	270.723	155.209	269.926
298.440	274.003	156.980	268.063
297.529	275.884	157.985	268.996
296.606	275.805	159.642	270.952
295.770	276.480	161.309	276.194
294.363	276.845	163.812	276.767
290.748	275.507	167.406	279.407
290.463	275.040	169.060	282.941
288.608	273.516	172.505	286.922
285.425	272.812	177.446	292.905
282.728	271.202	182.739	295.435
280.588	270.419	186.830	297.884
281.158	269.293	187.258	300.397
282.681	268.713	185.642	301.663
282.150	265.858	187.758	304.939
282.131	262.440	188.939	308.012
283.217	261.304	189.411	310.272
281.507	260.153	192.764	310.214
281.693	259.047	193.916	311.171
280.553	256.805	194.624	313.730
277.063	255.519	197.524	314.760
273.985	255.412	200.145	316.119
273.043	257.072	199.192	313.008
271.623	258.102	199.251	312.564
267.212	259.143	201.309	314.833
263.780	261.941	204.196	309.177
265.594	262.535	202.224	309.325
277.707	263.082	194.266	309.763
282.040	263.543	195.421	307.774
293.504	264.856	197.394	305.091
300.597	265.438	199.462	304.091
304.489	265.794	207.039	302.531
317.478	263.573	206.926	304.476
325.078	264.191	209.933	303.371
338.209	265.051	218.673	301.320
342.303	267.442	224.583	298.557
349.412	267.841	227.061	298.896
353.091	268.665	229.891	299.832
360.412	269.918	227.564	297.625
369.162	271.578	227.951	298.417
372.185	272.583	227.230	295.468
374.610	273.582	224.329	295.848
376.426	274.031	224.252	294.376
376.939	275.841	223.593	293.351
377.417	274.858	221.241	294.044
374.886	275.252	221.585	293.940
376.833	275.645	215.862	292.388
373.204	274.813	215.989	293.487
366.646	273.252	218.249	295.131
357.371	273.269	218.228	295.923
351.109	272.467	216.930	296.290
339.359	270.645	221.611	298.547
327.880	269.836	225.250	299.595
317.684	269.398	227.782	299.537
305.039	264.673	224.449	304.910
291.716	261.991	227.212	308.164
279.325	259.114	231.095	310.364
270.331	257.501	231.806	314.421
262.952	255.064	232.142	315.158
253.979	253.757	232.167	316.201
238.012	255.037	232.909	316.384
227.246	252.522	229.442	317.221
216.472	253.141	229.532	316.388
207.293	251.436	229.599	317.663
194.353	250.658	233.387	319.732
179.697	248.529	231.722	324.453
169.788	244.620	234.492	328.336
164.496	242.883	237.266	328.922
154.917	239.664	246.722	329.861
151.142	234.693	255.343	332.246
142.782	228.211	265.045	333.657
138.429	228.465	259.924	330.108
130.892	224.808	276.849	329.716
124.224	222.812	255.849	328.661
115.547	215.202	279.201	326.991
106.367	212.867	253.681	324.784
102.798	208.811	294.345	321.847
95.975	207.164	279.538	322.120
95.374	208.447	294.747	317.005
87.841	209.213	290.933	319.191
76.939	213.320	293.862	313.781
71.094	215.233	303.635	310.294
59.974	215.206	288.274	313.270
57.655	218.896	299.098	313.415
46.998	219.499	273.943	310.366
36.740	222.123	280.549	313.360
36.972	221.333	305.088	312.970
25.718	222.534	221.587	314.515
16.678	221.191	224.530	316.172
13.630	222.843	208.343	314.208
6.521	224.356	220.760	312.440
4.795	222.413	231.820	313.654
2.787	216.627	194.374	320.446
10.005	220.110	214.040	315.908
18.142	214.967	285.346	317.435
3.867	215.484	210.809	320.124
2.487	219.845	203.334	313.258
3.411	220.798	209.028	312.602
3.983	220.306	207.111	313.058
6.660	220.910	222.026	312.031
14.343	219.208	218.671	310.836
20.869	216.513	216.269	311.913
40.871	214.918	232.249	313.457
58.803	210.997	287.919	315.576
46.272	207.587	247.077	319.462
65.308	213.999	234.167	313.028
76.488	212.646	259.225	311.611
88.625	209.191	276.932	314.931
158.504	207.130	268.608	305.562
117.713	209.572	264.270	310.653
152.700	204.473	260.179	308.934
208.082	200.921	265.042	306.378
181.146	196.931	243.373	314.052
197.577	198.904	258.847	308.912
211.800	197.787	271.435	309.305
248.561	198.193	258.885	310.215
259.117	193.068	280.809	313.429
282.025	196.701	279.005	309.342
300.283	196.479	276.537	311.777
318.993	195.523	270.012	315.073
349.437	199.075	258.275	313.105
359.671	200.069	260.687	309.667
370.862	200.069	258.405	311.226
381.877	199.862	257.679	312.215
394.686	202.246	255.530	313.146
418.892	205.122	246.735	315.642
428.344	207.589	244.661	314.029
440.481	208.233	238.103	313.947
452.655	210.930	230.898	313.558
460.782	213.863	225.923	313.180
470.725	218.746	221.816	308.231
469.341	218.772	229.508	310.270
467.453	219.522	238.667	309.409
466.322	218.855	244.855	313.462
467.440	216.126	249.348	316.661
475.143	220.031	251.736	313.980
498.074	221.110	231.675	316.153
510.617	224.510	223.067	312.873
518.239	230.727	218.137	306.380
523.852	236.378	212.048	303.636
519.256	242.551	216.966	299.039
517.913	243.503	216.606	299.363
515.091	246.978	217.926	296.908
512.268	248.139	218.653	296.001
507.846	251.556	219.779	291.974
498.886	255.446	220.553	285.997
492.344	257.973	220.111	285.266
484.057	262.390	221.221	280.299
476.243	265.925	221.423	277.581
466.419	268.673	221.840	275.638
464.396	273.155	200.378	273.893
465.932	275.970	185.177	273.544
468.280	283.087	164.962	268.244
444.997	292.204	168.499	261.270
422.250	314.965	176.691	237.272
395.855	295.582	164.036	265.276
365.604	285.076	174.716	269.594
354.554	286.135	173.095	271.395
340.869	285.499	168.830	270.751
333.650	287.452	165.665	268.769
320.357	285.268	154.879	268.910
314.248	286.595	156.201	268.465
310.489	283.664	157.181	271.140
310.455	280.660	156.971	270.148
307.569	281.575	159.705	272.955
314.736	279.423	161.555	268.297
318.050	280.040	164.653	273.808
328.545	280.066	163.158	269.944
337.096	281.362	166.547	270.272
347.271	279.318	170.695	273.399
371.198	289.446	169.059	267.198
386.853	294.586	172.180	263.835
405.683	293.703	166.185	259.808
432.648	294.251	158.651	262.771
444.854	298.066	164.662	260.645
451.927	294.042	198.440	264.832
463.595	295.343	202.730	263.229
481.063	300.484	201.631	260.407
487.977	301.506	209.311	261.771
500.164	306.874	212.528	258.206
521.675	317.953	217.316	252.651
530.477	322.791	213.994	248.439
541.673	328.178	208.196	243.153
547.024	330.388	207.662	240.707
551.021	334.883	207.100	236.230
556.605	342.691	203.344	228.973
559.534	345.006	198.749	227.745
562.911	346.216	192.446	227.047
562.829	349.318	188.576	222.427
562.900	349.750	186.529	221.915
553.004	347.055	191.550	224.634
547.719	342.324	193.863	229.138
540.851	340.025	196.331	231.822
533.417	336.951	200.325	235.169
527.915	334.177	200.968	237.724
516.178	326.203	200.974	245.825
509.993	320.618	198.072	251.826
504.974	316.016	194.383	256.030
499.058	311.012	193.320	259.799
495.589	304.677	188.356	265.443
486.243	292.435	185.492	270.204
482.492	282.669	184.275	273.036
476.162	271.114	187.756	277.749
477.780	262.635	185.546	279.337
478.652	256.090	185.373	278.608
472.723	241.378	192.476	279.017
470.762	232.969	194.099	282.083
471.029	229.887	193.477	280.146
470.563	229.828	195.372	275.249
474.858	229.481	192.075	275.386
480.554	235.914	186.462	277.785
482.394	246.067	183.027	275.722
483.853	255.713	179.004	275.461
483.348	270.537	175.144	273.838
484.884	287.080	169.986	269.847
485.818	314.679	170.988	258.350
484.174	331.124	171.486	237.149
482.426	340.957	173.032	229.318
483.042	346.840	169.378	223.737
483.006	347.388	167.966	223.004
475.857	338.391	176.528	232.034
474.724	327.263	179.186	243.080
474.666	314.995	180.674	252.027
470.943	301.162	184.314	258.348
468.720	290.689	184.047	261.405
467.928	275.813	180.846	264.350
468.487	273.034	178.293	261.083
468.976	273.917	177.074	258.613
469.003	276.457	174.888	255.610
472.292	281.263	170.512	257.679
462.387	292.340	176.970	255.648
454.867	294.490	183.555	253.230
446.758	296.127	188.151	254.517
447.864	298.760	180.739	254.869
449.842	302.844	174.262	250.910
449.555	306.394	162.513	247.898
444.378	309.831	159.416	244.143
441.413	312.162	149.225	243.249
430.014	317.968	150.609	237.501
423.152	320.421	147.081	235.203
413.207	325.491	147.572	232.800
395.397	330.285	146.513	231.135
387.115	333.858	154.965	229.531
380.703	330.149	159.300	232.838
375.421	328.620	161.298	234.194
371.457	329.600	162.016	232.827
365.498	328.371	166.228	233.289
364.042	327.486	164.088	232.900
366.868	324.508	160.072	231.735
366.879	320.190	159.073	231.501
368.077	314.245	158.126	231.291
369.180	296.832	157.030	235.478
371.186	290.238	155.191	234.394
370.278	283.766	155.198	234.999
372.172	277.725	154.552	234.253
372.159	274.569	154.895	231.022
371.895	268.814	155.417	229.019
372.667	268.418	153.931	228.282
376.043	269.797	150.752	225.797
380.167	271.565	147.080	224.164
385.473	273.820	143.768	222.313
386.190	277.610	145.183	221.754
387.290	279.166	146.451	223.658
390.732	286.236	146.228	217.902
396.451	291.489	140.374	214.829
386.486	286.183	151.498	222.846
409.068	288.765	138.083	225.001
415.917	290.603	138.468	228.543
414.639	292.560	144.715	228.448
417.808	295.329	147.383	227.518
414.978	294.325	157.884	229.791
428.264	295.557	161.530	229.053
433.272	296.726	164.834	225.796
438.645	296.268	167.540	224.049
441.350	295.222	170.603	224.356
444.791	292.870	172.430	226.899
448.179	287.872	177.250	228.251
449.470	285.415	178.862	228.884
449.021	281.919	181.287	230.025
445.789	278.292	185.327	232.794
442.177	274.004	186.663	234.451
433.362	265.635	187.533	235.045
427.877	261.476	184.822	236.241
419.316	257.402	184.056	238.185
420.906	253.002	171.234	241.021
415.333	251.635	164.907	236.203
387.089	248.222	162.359	235.575
375.323	248.045	168.735	235.913
367.285	246.204	179.310	234.623
360.292	243.234	177.602	235.502
355.546	242.353	144.894	234.926
346.806	246.025	132.380	232.018
345.204	246.722	128.018	231.202
343.023	246.231	127.376	232.971
343.935	249.002	126.613	231.246
345.169	249.899	124.487	229.732
348.887	250.932	128.085	228.163
355.639	252.403	135.031	227.868
354.894	249.737	145.773	232.581
360.669	248.961	151.503	233.778
376.582	252.145	149.874	231.665
392.336	254.408	152.189	231.943
405.836	259.546	168.378	229.439
414.469	264.564	174.185	229.674
418.666	267.186	182.570	228.582
421.648	272.599	189.314	224.169
424.992	276.474	194.311	222.878
425.488	281.637	197.801	219.989
424.141	283.672	198.126	219.048
420.210	284.678	196.603	219.418
416.730	286.402	192.957	221.538
414.103	286.030	185.671	222.724
419.966	290.260	155.718	222.133
414.188	293.614	145.487	220.133
397.012	294.361	143.328	221.446
366.275	297.495	151.213	216.413
348.392	288.007	147.584	225.730
456.684	257.693	175.169	199.803
321.938	274.720	127.312	228.725
313.567	269.774	127.851	227.288
305.498	265.529	129.403	227.781
299.547	262.938	131.942	226.540
298.891	257.409	131.901	229.970
301.022	254.863	135.001	231.228
306.037	252.700	137.642	234.296
316.727	253.382	135.381	235.998
325.622	256.267	132.769	235.676
332.231	262.712	142.597	239.779
334.795	267.799	149.393	237.298
337.863	271.516	151.751	237.300
341.371	274.680	152.995	235.144
347.464	275.838	152.921	234.065
355.802	278.575	147.712	234.085
361.950	282.550	144.217	230.056
367.857	285.055	138.090	231.184
370.401	288.916	135.206	228.537
372.326	289.963	134.485	231.429
375.699	295.391	136.764	228.362
376.266	298.308	137.950	225.206
379.405	297.613	137.415	226.307
381.615	298.620	139.691	225.836
382.841	304.255	142.765	220.429
398.570	304.221	134.712	224.151
406.199	301.293	136.695	228.622
414.933	303.266	138.622	226.285
419.449	306.732	144.184	224.900
421.484	303.560	151.283	225.323
409.028	289.906	170.406	233.093
403.585	288.012	178.803	235.636
399.893	286.493	185.982	237.560
397.975	286.812	191.652	238.807
397.819	286.764	191.644	239.169
396.380	278.135	184.651	245.033
391.284	272.349	183.641	249.769
390.345	270.435	176.201	249.196
392.515	268.332	162.598	248.998
386.315	268.598	151.215	246.322
360.498	269.325	154.644	242.664
347.878	267.127	168.055	245.481
329.815	270.353	197.667	245.549
318.932	276.509	207.036	243.313
309.553	278.879	205.871	246.125
300.361	290.761	203.739	239.714
301.538	299.964	202.741	237.980
305.813	307.290	197.163	235.193
316.033	314.810	182.710	229.974
325.246	319.316	174.133	225.898
344.455	329.124	159.446	219.425
354.515	333.377	152.351	216.584
363.594	335.131	148.173	215.486
370.696	337.027	145.683	212.083
372.684	338.375	149.319	211.683
368.861	339.779	160.265	215.980
364.526	339.974	171.474	217.543
362.652	337.765	177.021	219.924
360.643	333.617	182.313	224.305
358.884	329.411	188.289	230.277
368.959	320.999	174.963	239.571
380.507	324.128	168.393	236.242
400.637	326.151	160.056	233.933
409.546	326.008	157.322	232.502
430.364	323.871	153.228	235.668
431.999	318.310	197.953	235.544
436.788	323.149	211.623	227.594
433.857	322.614	226.240	223.940
430.892	324.733	236.387	215.242
429.248	324.005	236.399	212.108
430.686	321.546	222.035	209.662
433.534	322.672	206.433	208.633
446.338	323.850	173.501	210.924
451.608	320.083	142.109	214.942
416.510	314.233	163.687	220.794
353.875	271.653	228.408	285.471
311.680	296.312	205.022	241.384
329.735	327.753	157.497	213.265
310.208	325.874	172.020	214.571
292.227	322.200	187.959	219.293
275.289	318.677	203.287	225.118
276.323	317.330	200.626	227.260
285.879	312.966	194.840	234.220
296.685	308.068	186.694	239.507
311.158	306.605	177.784	238.378
344.298	300.519	156.530	240.637
361.668	294.100	148.119	245.570
377.095	292.532	151.590	249.276
378.699	294.625	169.715	247.453
387.199	288.058	176.164	254.646
391.713	281.319	181.382	257.384
400.128	279.437	187.088	252.308
408.470	281.039	184.480	248.277
414.584	281.132	184.291	245.815
413.990	278.380	185.799	249.213
401.041	277.341	197.728	252.347
393.099	278.853	201.593	253.339
382.708	276.956	205.233	259.206
372.473	278.974	220.272	261.815
367.012	283.893	223.885	257.186
361.493	289.916	198.095	257.010
348.042	299.393	168.609	250.014
345.276	301.424	148.345	247.556
344.658	306.503	137.505	240.696
343.361	311.609	134.702	236.053
343.226	312.063	134.674	236.385
352.591	310.152	131.130	231.621
363.086	323.256	123.663	216.536
370.999	310.719	140.433	219.197
338.352	299.645	178.652	225.862
398.799	308.142	136.369	215.858
413.837	292.052	159.181	226.071
416.468	294.104	170.642	223.295
418.136	292.232	183.369	225.671
419.498	289.708	192.363	227.545
424.026	290.169	192.840	229.990
431.044	293.192	183.156	237.238
425.287	295.077	180.874	242.036
425.963	296.432	162.211	245.028
422.543	301.995	144.511	244.444
405.385	309.081	141.851	239.085
359.957	313.166	168.859	244.300
336.971	318.164	200.996	241.278
322.323	321.533	220.039	239.546
312.460	326.824	227.078	239.406
306.677	330.694	222.954	238.567
315.565	338.723	204.356	231.545
324.781	339.328	194.203	229.693
337.623	341.479	184.396	225.175
351.649	342.365	168.286	220.614
369.986	343.535	149.879	214.524
391.662	344.739	129.981	203.935
400.187	345.522	129.447	196.473
404.134	346.937	128.588	194.283
406.502	345.616	127.424	193.752
405.856	346.547	126.665	196.814
389.206	343.042	139.416	206.502
374.026	342.269	158.281	211.901
361.662	341.969	177.656	215.591
352.832	341.097	189.976	220.204
347.218	340.468	199.341	223.035
345.688	336.384	204.349	230.750
353.127	332.362	198.046	235.634
364.950	327.759	180.110	242.223
384.129	328.166	171.674	239.845
400.408	329.541	161.533	236.732
424.298	323.520	178.190	239.066
417.611	318.663	211.070	239.941
421.061	315.870	226.130	237.884
422.911	311.273	240.187	235.708
423.010	314.012	250.012	226.029
423.318	311.484	248.295	220.193
419.725	310.163	242.066	218.077
422.050	306.564	230.756	220.769
428.540	306.192	202.864	217.532
441.965	301.301	160.919	222.733
397.065	303.370	197.556	217.625
772.653	128.264	138.753	226.727
344.411	306.558	132.335	208.697
322.382	298.748	144.704	212.998
298.617	292.638	156.086	218.880
470.430	278.198	222.465	206.414
203.632	256.899	258.958	297.255
248.385	288.082	194.653	225.734
253.322	286.519	189.354	231.465
261.460	276.614	178.375	241.339
285.185	264.445	153.233	247.499
300.584	259.517	144.460	247.631
302.985	256.047	152.951	249.826
306.847	253.367	163.818	253.850
305.467	254.066	180.580	251.188
306.673	252.615	193.169	246.196
310.509	246.969	190.865	247.885
310.432	243.077	192.967	248.707
312.422	240.167	188.171	248.819
321.990	242.964	177.487	243.778
311.804	242.636	180.073	247.385
306.923	248.253	175.786	243.249
302.570	253.999	166.621	241.688
294.553	258.596	167.498	241.272
287.861	261.447	174.261	238.550
278.738	260.619	149.582	239.061
270.844	265.062	141.802	232.982
263.420	265.800	136.288	230.389
255.429	267.388	134.584	228.455
247.806	268.990	132.232	226.951
242.291	269.738	130.765	224.811
244.415	268.095	127.767	225.052
247.566	267.492	125.667	224.536
249.361	266.824	125.683	223.822
251.670	266.949	127.947	222.605
257.167	270.984	138.809	220.197
259.381	269.798	152.225	222.073
263.628	270.752	161.727	219.853
265.777	267.596	167.528	219.885
264.927	265.131	172.340	220.559
270.714	257.019	174.067	226.254
271.999	249.607	174.916	233.965
272.522	239.392	172.992	242.436
273.034	230.022	169.540	249.262
267.827	222.530	171.533	257.374
259.624	208.404	179.557	266.288
252.039	205.808	190.028	262.611
248.105	202.495	196.556	261.523
244.216	200.487	207.554	257.977
243.268	200.165	216.557	255.249
241.522	197.570	230.842	252.661
240.549	195.870	227.211	251.836
238.667	196.847	218.799	249.716
238.422	194.774	216.472	252.326
239.680	197.669	178.428	248.255
243.956	201.418	179.234	247.013
246.472	213.295	174.916	233.770
246.752	207.340	177.635	237.948
250.107	212.354	176.221	231.706
249.028	210.561	175.384	231.168
247.838	207.686	177.127	231.962
248.157	204.985	176.473	233.372
239.644	209.075	184.861	226.473
229.210	212.913	191.346	218.155
221.377	210.026	196.083	219.121
204.396	201.128	204.315	224.084
200.905	207.454	199.522	215.917
193.382	208.297	207.911	212.796
186.494	204.319	209.010	216.781
187.763	200.653	209.032	218.436
172.725	199.541	229.139	212.983
162.278	194.913	238.424	213.511
154.452	195.489	246.196	208.622
148.050	194.895	249.492	207.197
140.215	194.786	256.368	204.769
133.399	191.188	264.193	204.069
130.319	188.309	266.038	206.509
128.889	184.803	263.781	210.800
126.325	179.989	262.324	221.278
127.861	179.211	259.492	226.894
133.045	182.311	246.099	234.847
134.073	194.522	239.994	229.078
137.391	201.616	231.708	226.410
137.815	207.789	227.173	225.584
137.870	211.779	222.780	225.033
143.295	212.682	211.130	228.289
140.946	216.495	212.700	225.457
140.220	217.779	213.243	224.614
142.037	218.222	209.742	222.809
142.671	219.492	207.292	221.252
140.737	219.947	211.942	218.787
139.485	220.377	214.326	216.719
138.899	220.266	215.675	215.962
137.472	219.823	219.276	214.835
131.919	226.042	230.595	205.702
132.306	224.654	231.272	205.215
130.432	224.236	233.542	204.780
129.670	222.061	233.003	206.421
130.003	219.984	231.634	208.032
129.531	218.607	232.455	209.234
125.876	216.285	232.779	210.131
120.961	213.099	235.222	211.806
120.783	211.546	235.551	213.229
116.904	208.743	238.576	215.191
116.705	212.450	237.030	210.851
114.878	211.324	240.048	209.999
110.376	207.101	242.327	213.148
107.452	200.482	244.390	218.815
103.886	201.498	245.839	217.730
103.123	198.760	245.008	219.598
96.576	193.268	248.157	222.251
92.341	190.588	250.033	223.316
89.958	185.734	251.154	227.275
84.694	183.835	250.301	228.853
79.991	180.808	251.244	233.372
77.577	178.961	247.300	235.402
73.665	177.859	249.582	238.867
73.712	175.065	252.087	242.885
77.435	177.061	255.424	241.777
83.253	182.124	259.483	235.333
95.634	193.365	256.476	225.333
116.707	193.560	256.926	224.259
128.363	189.686	263.513	224.955
144.619	187.567	266.408	222.473
156.144	183.716	271.909	219.344
170.199	174.846	273.708	218.710
187.649	152.454	286.115	228.477
190.044	145.446	290.338	247.298
196.156	134.351	299.082	270.535
201.954	127.043	312.584	284.335
205.013	116.632	316.290	295.940
202.434	101.278	298.705	223.190
204.934	104.201	291.826	193.717
206.839	102.254	288.408	191.037
305.074	281.615	282.698	172.458
202.448	104.090	292.594	186.361
203.526	116.006	281.725	183.763
329.636	263.848	283.530	185.792
189.620	140.503	284.921	190.980
190.752	151.968	276.721	202.767
185.729	168.811	318.647	196.112
183.951	198.815	297.923	191.242
176.978	203.823	277.801	207.478
175.994	195.842	311.832	225.095
160.912	196.214	297.758	245.014
382.666	576.000	321.585	0.000
150.001	272.137	252.567	200.173
300.730	168.965	284.313	151.857
149.932	262.549	243.877	217.709
150.420	252.964	243.130	228.798
145.198	250.209	249.794	226.734
152.864	231.949	258.655	226.347
153.764	225.176	263.729	221.711
157.507	210.590	276.038	224.046
160.168	194.400	322.644	224.294
168.822	176.457	308.245	235.982
171.381	144.280	293.973	281.256
175.912	131.723	271.882	230.034
180.349	124.789	268.812	198.764
181.048	116.614	267.606	190.618
298.480	283.245	265.623	177.449
301.249	275.356	280.098	179.935
299.228	280.119	292.006	171.877
295.572	268.222	292.406	179.736
192.935	138.435	244.799	197.299
197.625	148.454	296.264	235.294
189.582	165.829	350.917	229.387
191.536	180.163	346.456	204.354
190.413	182.886	348.889	211.696
186.080	176.172	351.475	231.077
179.713	169.596	359.483	247.727
162.991	157.910	373.324	270.444
198.123	152.835	352.043	172.813
251.739	158.498	298.517	156.514
156.031	242.941	185.281	215.950
158.811	245.092	177.758	215.530
150.529	217.974	185.169	235.200
156.176	209.724	309.433	232.013
177.101	198.651	287.577	240.535
188.371	196.392	314.701	223.514
197.744	191.179	272.695	229.852
225.374	180.907	246.918	225.209
236.843	173.870	215.583	222.518
237.978	168.979	201.354	223.320
239.604	163.397	176.266	223.889
243.354	158.941	180.061	226.916
253.507	156.438	176.208	222.911
246.017	157.457	184.701	222.985
260.378	155.407	169.027	223.253
252.570	157.215	179.207	222.994
262.961	155.612	169.967	220.752
269.289	158.297	162.194	219.187
275.145	158.054	155.184	219.986
274.977	158.718	154.001	218.579
274.936	158.505	154.117	219.239
277.813	159.883	152.087	217.562
282.407	160.082	150.254	217.680
282.396	160.607	151.271	217.006
283.997	161.339	150.928	215.384
282.155	159.051	153.065	216.053
285.151	156.858	150.888	215.018
281.309	150.395	153.612	216.366
272.239	147.506	164.951	220.586
274.111	142.821	163.962	229.870
276.561	138.856	179.775	237.602
277.447	137.244	205.831	244.472
284.337	116.841	217.461	275.419
288.038	174.336	258.623	222.451
296.570	218.470	255.239	185.848
312.965	236.244	257.694	167.763
313.592	254.899	253.355	160.817
317.937	252.364	257.104	168.555
308.845	256.526	273.111	164.688
312.682	250.062	261.434	165.567
311.291	246.617	261.247	161.515
308.325	238.464	262.525	161.689
304.418	222.140	262.670	167.787
303.372	214.112	255.874	166.733
316.965	205.453	239.347	152.030
335.775	197.276	214.591	145.697
333.207	191.130	217.824	156.406
350.612	179.983	188.111	162.298
324.546	179.647	155.538	181.535
330.681	180.612	158.420	184.838
329.474	175.683	173.280	179.859
332.958	173.684	183.925	174.217
340.874	172.498	184.650	141.873
339.649	177.511	211.339	147.725
328.807	174.036	212.955	161.426
339.652	175.051	212.608	130.232
333.040	180.369	223.293	131.403
330.363	184.361	247.491	127.531
329.642	187.081	263.055	134.637
336.205	188.636	270.186	139.508
360.720	189.759	252.390	136.464
380.390	191.362	247.559	138.574
397.078	199.434	248.285	141.429
410.499	204.046	233.710	143.150
417.401	209.907	234.081	142.850
425.887	215.479	230.866	142.580
430.934	218.593	229.806	144.240
438.982	225.940	223.063	142.894
440.519	230.784	225.349	141.941
441.812	232.292	223.008	142.639
442.009	235.009	220.939	141.683
440.786	236.914	220.895	142.540
435.105	240.598	218.139	142.540
428.009	243.230	219.353	140.980
421.352	246.735	227.366	139.750
411.073	248.436	225.587	139.965
399.736	253.963	223.517	134.952
376.797	254.387	232.192	135.645
354.510	252.055	232.720	139.851
361.027	256.793	216.066	134.042
363.467	255.274	203.013	133.957
352.868	217.105	155.108	174.121
308.801	258.129	196.816	139.149
299.732	266.072	191.219	132.735
293.569	260.166	203.699	134.804
288.290	264.457	212.040	129.266
286.468	267.531	213.485	122.909
284.817	267.451	208.055	118.547
281.647	262.155	208.853	125.426
281.373	260.917	208.334	125.165
282.416	264.467	203.300	122.269
284.656	261.040	198.123	128.082
288.075	264.530	166.359	128.260
299.813	240.915	183.178	150.529
334.801	214.662	141.351	174.595
319.237	228.130	178.856	168.212
318.255	238.884	213.322	158.072
356.468	270.012	204.646	132.385
365.145	273.743	213.214	132.871
379.704	272.799	209.132	136.633
391.704	271.584	205.279	139.348
400.858	274.403	203.105	138.756
415.521	273.791	203.575	141.502
421.667	274.036	205.406	141.967
423.843	273.476	202.219	142.735
426.146	275.484	201.068	139.964
426.092	274.983	199.344	141.947
425.636	276.361	198.606	142.248
422.949	277.333	202.298	142.206
420.187	278.123	202.109	142.135
416.844	278.418	201.751	142.577
412.986	280.039	201.801	140.865
410.366	281.059	197.938	140.026
400.175	281.222	199.094	140.022
395.798	280.086	200.241	139.896
391.791	277.328	204.357	140.519
388.762	274.581	204.407	140.527
385.041	268.364	203.387	142.252
244.158	189.846	117.887	168.561
373.577	250.560	213.379	142.381
369.461	244.221	210.974	140.454
367.206	238.385	221.536	136.237
368.187	232.216	203.409	135.921
361.974	220.848	232.083	131.904
347.430	211.111	228.190	133.816
345.507	209.454	248.502	129.063
346.691	208.781	239.283	125.307
355.946	206.116	239.210	120.263
367.625	202.700	228.820	116.062
376.565	199.782	224.304	118.741
383.453	198.654	222.315	118.726
391.129	198.513	217.924	118.863
400.805	197.954	211.921	119.095
411.930	201.424	212.695	119.153
419.292	203.585	210.734	120.098
423.822	205.710	212.590	121.141
428.561	208.192	215.704	123.105
432.892	211.719	213.935	125.088
444.819	220.914	212.537	125.043
451.239	225.680	202.935	127.118
438.816	227.245	221.943	133.545
428.087	232.288	231.403	137.615
432.435	235.935	235.592	132.684
441.062	244.053	219.561	134.128
450.574	245.246	213.957	139.582
451.708	238.918	221.875	150.206
466.150	247.191	214.710	145.708
477.705	255.995	203.976	144.108
484.540	266.102	202.506	145.556
485.280	272.609	206.512	142.429
489.996	285.088	206.655	134.161
491.086	286.756	208.012	138.845
459.311	169.971	124.813	170.632
495.056	308.294	204.085	135.815
447.831	168.671	123.876	170.158
487.633	294.161	216.169	139.430
486.985	293.630	218.295	137.267
485.284	292.320	217.053	137.989
479.702	283.288	224.975	141.391
475.524	278.079	229.174	140.786
473.851	270.261	222.192	141.012
471.360	263.792	228.219	141.144
465.295	263.226	225.221	136.196
466.748	259.604	229.797	135.087
466.557	257.739	218.397	133.418
472.011	251.921	226.068	136.127
459.796	250.821	226.021	135.286
462.054	246.625	232.223	135.381
465.130	235.962	227.396	133.798
465.366	232.917	228.666	130.520
465.360	229.249	226.351	131.158
464.104	228.351	227.131	129.041
465.137	227.775	221.200	128.802
461.498	225.871	219.979	132.662
458.395	229.743	221.335	132.064
456.661	233.568	217.942	133.991
451.551	238.053	221.562	131.660
444.060	239.870	215.770	127.367
422.144	237.027	216.570	152.216
423.202	239.616	215.144	137.502
409.116	229.583	195.176	176.298
419.460	232.303	172.097	171.187
427.025	236.478	155.348	164.137
443.697	232.679	127.559	162.765
445.902	236.450	124.703	155.623
432.969	242.153	139.681	147.130
444.561	235.680	126.832	152.827
431.479	240.721	140.218	146.389
426.710	228.903	135.058	156.166
418.129	225.530	142.116	158.439
414.301	231.946	186.024	150.728
397.377	232.165	212.599	144.072
395.861	237.241	222.206	138.759
384.131	246.048	257.464	135.524
402.789	247.941	253.127	135.552
423.392	249.908	239.682	138.275
432.053	252.163	234.024	140.366
441.254	255.580	227.597	141.975
454.520	262.945	231.969	144.372
458.131	265.863	237.630	147.545
461.705	269.572	236.424	147.459
463.367	271.656	235.782	149.602
463.462	272.749	235.652	150.174
457.181	275.939	235.555	149.727
451.720	276.537	238.567	149.569
445.649	278.747	236.117	147.984
436.142	280.442	241.959	145.082
425.191	279.689	241.098	145.853
405.564	282.479	243.263	143.686
381.877	285.595	254.341	145.935
366.446	284.732	266.430	145.311
355.624	281.352	255.919	144.721
327.442	276.462	269.719	158.833
340.056	241.141	179.524	199.352
349.882	299.120	246.615	136.614
348.286	287.788	239.647	151.108
342.701	292.688	241.836	152.538
339.569	300.709	242.639	152.230
342.490	325.433	240.324	140.111
353.556	334.675	237.455	134.727
344.632	330.998	247.962	146.442
343.097	333.100	253.717	147.846
346.288	334.771	250.196	147.159
352.234	337.706	251.498	150.863
352.064	338.609	262.437	150.554
354.897	339.707	255.380	150.648
357.400	336.199	257.096	155.155
362.701	336.126	267.766	152.555
366.461	325.076	266.032	160.325
374.727	312.910	261.904	162.449
372.169	301.717	264.888	166.082
370.096	291.372	266.836	167.140
355.622	278.257	275.163	169.686
358.003	258.540	272.105	166.999
362.978	248.992	271.703	154.505
343.688	240.792	288.857	147.758
341.453	232.812	294.028	148.828
334.536	225.797	295.724	147.220
353.569	218.683	286.442	138.378
358.833	216.993	275.569	145.212
364.794	214.739	272.199	146.638
369.153	212.912	259.696	145.151
371.482	216.100	254.072	141.503
373.836	225.821	247.498	139.443
376.254	228.222	245.336	141.848
377.348	234.835	242.420	140.619
378.755	239.245	239.336	140.945
377.029	243.455	234.849	140.892
368.870	253.023	237.205	140.604
368.909	256.365	228.832	143.976
378.098	258.712	213.300	146.144
383.972	259.016	207.349	153.915
389.237	259.651	197.753	152.831
387.017	255.231	183.321	170.866
377.611	253.618	185.015	179.599
386.927	248.538	174.311	191.022
397.471	262.217	152.476	187.860
408.829	265.122	133.099	188.676
434.358	287.623	111.731	181.543
445.941	305.292	106.749	153.123
452.798	312.596	100.213	146.593
463.827	307.689	94.707	150.625
470.080	316.253	95.387	141.607
477.355	305.806	95.774	148.086
478.884	298.646	100.683	152.385
480.770	282.444	107.080	167.231
483.991	278.044	110.397	170.172
483.168	265.869	112.015	181.856
484.968	269.600	104.670	180.305
483.724	269.978	110.997	180.783
485.140	271.312	105.825	180.454
488.135	271.633	105.945	180.774
489.572	272.757	107.327	181.313
487.753	272.052	115.416	186.526
489.685	275.370	120.113	180.366
489.076	272.174	126.411	183.767
491.147	271.137	129.830	182.693
487.736	271.170	137.292	180.572
483.442	267.551	143.602	179.589
483.290	258.701	145.100	183.063
481.984	256.505	140.047	184.105
477.486	254.561	133.116	182.563
474.637	249.782	123.662	183.838
736.204	167.631	106.299	211.126
391.691	244.435	133.089	178.533
387.175	227.586	134.595	189.274
398.123	211.406	119.438	205.095
392.687	190.792	116.276	226.202
388.641	187.753	114.012	234.680
381.105	177.173	119.102	244.910
381.226	191.111	113.469	232.689
372.715	177.360	118.895	249.678
367.326	150.041	115.424	279.706
360.480	222.086	115.069	217.521
347.513	262.267	110.631	187.451
339.725	272.994	111.455	176.523
335.009	271.910	109.131	178.300
329.579	269.692	105.620	180.341
371.337	113.295	102.332	178.172
368.960	115.094	101.777	171.735
324.876	264.205	101.704	181.698
322.779	264.910	102.738	179.861
324.342	263.056	102.076	180.863
324.639	262.227	101.060	180.340
325.686	261.281	102.100	182.442
327.843	262.812	100.129	178.963
327.128	261.108	101.409	180.748
328.856	261.210	100.783	179.846
326.810	261.709	104.429	178.427
328.870	264.851	100.963	175.927
326.669	263.891	100.755	177.883
326.368	266.207	100.799	177.444
322.305	269.565	101.381	175.815
321.498	269.678	102.471	175.519
359.050	141.425	106.705	163.093
307.478	279.430	103.096	167.016
302.603	277.995	102.378	165.670
297.466	280.166	102.442	160.122
291.292	288.356	103.193	150.288
281.130	279.537	96.851	150.238
275.591	275.824	99.298	153.868
359.256	205.829	102.058	141.220
359.971	223.051	103.539	134.385
279.207	235.081	136.545	150.153
290.809	246.911	140.650	150.715
258.285	245.524	95.762	163.061
255.894	245.605	97.077	160.604
255.522	244.494	96.532	159.378
253.067	242.453	98.038	160.888
252.232	239.764	96.514	161.551
249.982	237.572	97.062	162.326
251.184	237.215	95.826	161.710
252.115	237.611	96.352	161.782
251.812	235.838	95.432	162.062
252.548	227.341	98.214	164.491
255.540	225.962	97.061	165.455
341.951	293.606	87.446	136.180
333.830	303.093	98.919	131.324
332.774	300.869	94.073	128.455
323.008	306.741	102.156	124.000
321.862	299.682	100.127	121.605
317.767	311.686	103.245	119.621
323.004	300.391	96.265	114.679
316.867	308.477	100.478	119.193
316.203	303.138	103.144	126.727
313.713	315.472	105.639	113.229
313.973	311.657	104.824	120.592
302.757	174.597	117.763	177.325
311.433	309.052	105.996	118.298
315.308	309.522	105.284	121.400
316.335	314.474	107.825	113.916
319.066	311.742	106.549	119.116
323.382	312.302	107.075	118.571
326.782	313.532	108.208	118.195
341.655	288.994	109.242	129.925
351.012	298.380	112.259	139.286
352.494	297.230	117.721	146.807
365.553	295.378	111.348	148.517
374.798	293.314	109.929	149.462
393.280	286.046	108.782	157.837
402.637	284.591	107.078	156.803
412.530	284.794	106.867	157.102
421.061	276.035	107.018	166.323
428.817	275.862	108.093	167.809
443.480	269.341	104.336	170.783
446.203	265.366	106.718	171.268
451.892	264.053	104.078	169.165
455.604	257.313	107.957	172.671
459.536	255.591	108.106	173.324
466.172	252.983	108.346	171.943
470.477	251.457	106.959	173.902
470.491	253.449	106.618	171.254
475.986	251.605	107.559	172.925
478.060	254.914	105.843	170.887
482.302	250.844	107.130	177.007
482.531	255.090	101.948	175.063
485.857	252.004	106.738	178.176
485.332	250.609	102.526	181.824
486.779	254.074	107.596	177.584
483.663	253.482	102.622	179.017
483.015	251.158	108.118	178.878
478.781	251.061	103.582	180.299
474.552	247.998	111.913	180.871
468.081	240.227	105.150	187.212
704.334	62.930	108.162	173.419
399.469	222.990	180.532	196.903
774.921	91.550	93.722	234.737
714.181	186.443	139.908	199.885
423.922	217.560	132.015	192.571
695.703	87.043	119.344	213.662
390.264	193.943	182.219	225.611
726.973	84.039	113.087	216.618
457.403	233.442	117.755	182.808
461.805	236.711	114.215	176.667
458.767	237.408	111.840	176.819
455.459	237.077	110.922	177.868
451.407	237.907	109.370	178.073
446.841	243.175	108.253	174.559
441.600	248.253	106.669	171.673
437.676	245.195	112.142	176.426
391.667	230.475	118.471	177.790
390.985	227.845	118.868	178.576
390.514	225.956	121.408	181.014
390.303	223.425	122.947	183.857
392.071	224.530	121.892	183.402
391.775	224.184	122.095	183.298
392.596	226.250	121.720	181.022
391.963	224.297	121.833	182.280
392.179	226.074	121.190	181.200
390.827	227.694	126.226	178.971
391.954	225.546	126.063	181.791
391.788	224.471	125.378	182.347
391.668	222.974	124.896	183.137
392.104	223.414	124.296	183.114
390.832	225.715	126.046	181.111
390.923	224.719	125.666	181.427
389.832	224.043	126.281	183.170
389.658	221.034	124.217	185.545
391.213	222.985	123.199	183.537
389.225	227.156	126.207	180.505
390.236	224.092	124.590	182.793
389.529	227.039	123.806	181.254
389.490	228.527	122.980	179.131
388.539	225.683	124.655	181.888
388.961	224.593	125.744	182.380
389.066	224.959	123.944	183.708
390.266	223.470	123.686	184.712
390.089	224.837	121.583	183.470
390.791	226.507	122.548	182.581
390.092	228.782	123.161	180.761
389.333	224.481	124.412	183.202
390.252	226.184	123.079	182.508
391.458	224.644	120.482	183.542
389.402	226.279	121.778	182.390
389.443	225.922	124.004	183.222
388.599	225.955	124.501	182.790
388.291	224.217	125.776	183.994
389.461	223.974	122.338	185.032
389.729	224.346	122.835	184.282
389.579	227.161	123.697	182.094
390.119	226.083	122.411	182.987
390.922	231.131	123.653	179.454
392.520	229.805	122.484	179.904
390.729	228.896	123.674	183.035
391.452	237.828	134.846	176.896
387.712	232.350	143.328	178.245
380.337	233.242	151.447	184.009
380.022	233.956	154.466	181.070
397.896	233.710	142.722	185.062
344.908	230.778	132.200	188.778
344.097	229.233	125.119	188.123
340.447	238.864	113.822	180.398
459.764	235.146	119.609	195.112
323.468	236.285	117.814	185.272
310.470	239.899	107.092	184.645
489.982	240.871	114.478	190.394
499.412	245.392	113.344	186.438
503.021	241.725	107.833	190.451
282.138	245.851	105.240	178.426
519.592	251.808	97.526	182.830
266.341	249.163	104.625	174.173
263.706	247.637	103.581	175.859
261.245	244.572	102.699	178.464
258.270	247.463	102.584	175.120
258.141	249.019	99.570	174.492
258.248	246.629	101.868	176.050
257.666	247.559	99.746	176.036
262.676	246.008	97.797	176.294
262.255	245.657	101.266	175.319
267.386	244.456	102.301	177.524
269.070	245.356	105.662	175.581
271.828	241.711	106.705	179.140
274.958	241.134	108.352	180.644
277.688	240.981	110.530	180.915
284.414	239.767	109.770	181.656
520.544	251.733	109.549	190.252
292.703	235.666	111.243	186.536
297.718	233.160	111.437	189.227
301.661	231.727	114.127	189.500
313.717	226.020	117.378	194.045
485.874	248.643	126.072	191.045
476.579	250.591	128.417	186.928
467.576	245.412	130.628	191.657
455.566	247.861	133.163	188.028
445.080	242.623	134.687	193.259
423.970	240.409	143.568	193.826
738.112	87.419	95.792	218.995
752.867	114.388	85.060	218.013
406.719	203.862	120.799	225.435
402.963	197.653	134.845	235.844
742.698	125.085	103.014	222.179
393.981	221.324	121.305	216.731
391.102	199.291	128.132	237.638
388.677	219.255	124.935	218.131
388.387	218.089	122.843	222.841
390.438	216.004	125.654	224.935
389.622	210.487	130.842	233.494
392.939	204.657	124.609	234.522
390.358	207.089	141.159	237.820
392.678	220.995	151.367	230.801
423.127	256.603	136.907	196.662
434.506	263.644	135.640	194.539
439.708	269.034	136.279	192.524
455.746	268.576	130.126	194.927
478.454	266.965	125.386	201.329
489.604	266.225	128.024	200.797
500.207	267.474	126.994	201.665
512.441	262.207	125.154	206.557
522.818	267.175	123.294	202.561
771.167	267.627	127.993	218.036
544.765	274.325	113.114	196.633
552.909	280.708	113.737	190.841
556.847	278.969	113.303	193.310
556.829	280.078	114.508	193.902
556.143	280.505	115.779	195.289
552.929	281.800	114.010	195.346
548.868	284.368	113.856	194.773
544.694	285.325	114.820	195.576
539.821	289.848	115.573	193.519
529.027	294.857	114.228	193.762
521.843	297.574	116.957	194.351
516.024	298.235	117.126	196.616
507.771	300.572	117.736	197.206
498.523	303.520	117.807	196.481
481.528	311.335	113.788	193.908
468.240	317.095	118.276	189.211
457.473	320.731	120.720	187.166
446.235	325.512	120.802	183.204
434.666	323.410	120.851	187.518
411.019	340.631	119.931	169.763
402.685	353.318	128.266	154.932
392.149	346.081	120.607	169.752
385.780	353.339	115.847	156.213
378.562	339.606	110.121	164.144
373.223	324.098	110.120	181.659
377.759	234.428	167.595	264.978
376.041	278.902	115.905	236.757
374.030	232.805	169.365	280.073
378.816	249.615	134.921	266.842
396.521	318.429	123.525	202.888
405.289	347.730	126.698	174.124
415.619	338.784	132.285	184.663
426.238	336.758	134.339	186.792
439.416	330.129	135.487	193.462
463.480	316.762	134.900	206.248
477.162	314.810	133.830	202.708
489.203	310.385	134.268	204.378
500.439	305.057	132.820	205.942
512.502	301.403	130.880	206.712
533.162	296.089	124.545	208.468
541.187	298.505	124.071	204.455
548.843	295.815	122.449	205.522
554.726	296.214	121.778	205.310
560.182	295.370	120.950	205.422
564.767	296.300	119.826	204.664
570.006	294.083	120.361	206.983
570.338	294.086	119.423	207.473
571.123	290.825	120.864	211.477
571.565	290.270	121.071	212.728
572.130	293.047	120.788	210.326
572.607	292.515	121.113	213.644
571.926	294.992	118.939	213.849
570.702	299.211	117.594	212.807
569.126	304.271	114.923	211.351
566.389	311.733	113.198	207.950
558.292	324.281	111.720	202.393
554.362	334.364	111.588	195.508
550.970	340.756	110.308	192.703
547.378	345.024	109.593	191.630
542.672	351.019	109.723	189.072
534.847	361.214	106.917	183.274
528.802	368.018	107.752	177.516
524.294	375.148	107.035	170.068
517.588	376.018	108.460	167.029
511.003	379.292	108.248	159.023
499.805	375.370	106.155	150.927
492.331	372.797	108.887	146.980
486.440	371.046	108.125	141.644
480.051	371.738	105.552	134.127
474.479	365.869	104.782	133.239
466.112	360.118	106.217	127.328
462.136	353.768	105.795	127.749
458.436	359.935	105.068	115.484
458.346	350.847	100.093	119.497
466.439	322.523	95.520	145.524
448.491	302.588	118.887	177.625
425.173	283.977	144.118	201.164
404.592	257.562	146.334	234.527
394.621	284.833	132.431	217.994
373.782	267.580	141.075	236.842
487.935	256.962	110.030	212.143
482.807	270.359	120.335	203.837
491.903	273.911	114.985	205.550
496.051	279.972	115.174	206.908
500.131	285.310	115.917	208.937
340.621	273.301	130.258	221.750
333.273	257.827	132.477	226.586
331.890	253.264	131.560	225.988
336.709	251.153	129.040	221.312
326.848	235.274	136.336	231.171
328.648	225.404	138.979	227.636
520.790	352.828	119.914	212.820
329.239	213.374	142.236	227.508
331.075	198.456	141.850	226.271
519.539	375.528	122.070	194.458
517.097	385.426	120.451	184.611
514.896	388.062	120.183	178.926
335.965	177.244	146.254	220.075
343.138	182.554	145.761	208.947
351.882	184.381	138.825	199.887
507.280	376.234	115.199	174.991
505.087	374.092	114.589	174.712
503.281	379.175	109.634	166.002
498.562	367.435	109.133	169.481
493.953	366.645	110.384	164.914
489.133	367.514	108.174	150.258
487.102	368.859	105.374	137.624
484.460	372.680	105.826	125.615
481.214	371.110	108.958	119.031
480.360	362.626	108.451	121.163
485.249	319.069	110.873	153.351
470.510	298.437	127.884	187.389
440.080	267.369	156.146	227.874
431.055	275.989	165.755	227.145
420.640	277.423	163.698	231.902
410.697	288.997	148.590	231.619
404.577	286.352	151.199	224.852
397.679	288.448	143.937	222.873
390.057	278.153	148.712	234.499
384.570	276.371	148.077	232.662
509.519	265.459	118.968	211.783
510.360	275.896	122.410	208.205
509.718	271.174	123.935	214.911
509.665	273.748	121.448	219.836
509.621	281.501	122.413	219.506
510.959	290.544	115.370	226.499
509.029	289.465	121.739	235.574
508.050	317.299	117.289	215.554
510.140	313.384	121.632	225.333
509.944	327.508	117.203	216.874
510.696	334.772	119.175	217.402
508.917	348.520	114.578	207.185
507.841	361.148	117.753	196.525
341.059	187.141	141.410	218.969
343.317	184.858	140.673	214.593
337.386	175.315	150.824	212.712
501.211	366.707	110.956	193.893
500.198	371.512	109.990	186.396
499.668	374.223	107.583	183.690
496.187	369.264	106.699	187.820
492.240	368.277	105.868	184.114
490.324	354.591	109.899	194.545
487.544	348.767	107.632	197.393
485.062	341.224	110.440	200.366
481.527	349.174	107.932	189.103
475.849	354.831	110.921	176.634
474.904	351.611	113.415	172.700
471.327	356.056	111.511	163.007
469.495	351.454	110.709	161.477
466.576	335.812	112.513	170.717
463.372	305.229	116.481	186.270
458.660	302.691	120.153	183.531
454.872	296.617	123.455	182.629
451.491	279.709	125.121	192.074
455.030	255.989	125.257	206.811
350.273	239.929	154.648	229.178
350.002	246.448	146.881	223.112
350.854	254.942	148.248	221.020
350.598	258.864	149.538	220.870
347.429	259.210	145.997	223.581
349.101	271.704	144.832	217.003
349.083	273.874	142.353	214.373
347.125	274.551	142.330	216.602
346.095	274.972	142.139	215.774
345.375	276.441	140.973	216.340
337.839	280.657	144.007	213.337
340.572	281.421	140.634	212.417
337.104	279.634	142.445	210.941
335.789	278.316	142.041	214.182
330.748	276.674	143.867	212.867
315.752	270.064	148.611	214.960
313.299	265.845	147.649	216.844
441.708	233.638	115.793	198.163
293.221	260.369	146.751	219.705
283.125	261.710	148.891	217.462
472.008	244.161	115.383	199.254
484.055	251.176	118.061	195.360
245.932	261.526	137.981	206.956
510.049	251.817	114.398	203.717
525.190	260.429	113.002	197.275
555.518	268.148	104.350	191.926
568.655	282.881	105.470	179.003
581.417	271.917	103.844	189.940
592.406	275.186	104.232	188.215
599.539	272.023	105.524	191.557
612.443	276.981	102.964	185.309
614.082	265.023	103.832	194.481
614.634	276.789	103.239	181.534
616.424	267.032	103.214	190.039
614.898	274.462	101.111	181.747
607.072	270.073	101.613	186.719
600.508	266.613	104.752	190.988
594.427	271.889	104.415	186.097
587.142	268.524	104.561	190.072
579.192	269.111	105.527	188.705
562.594	266.030	101.428	187.973
547.309	269.663	102.449	188.711
533.572	275.053	103.655	184.593
519.366	265.894	103.829	197.102
504.856	276.196	103.865	188.947
477.313	270.082	105.524	194.494
350.417	222.561	124.636	198.517
448.526	281.412	108.915	183.001
428.074	255.147	109.384	205.628
413.020	218.932	115.655	237.995
395.285	250.987	107.791	206.105
384.518	258.543	104.214	195.781
376.876	264.616	104.147	190.071
370.962	267.346	104.981	187.408
366.274	261.595	106.749	189.146
364.433	262.990	108.081	189.146
363.060	266.258	106.044	185.775
365.863	269.435	109.735	181.349
371.931	266.048	98.452	183.861
375.885	254.349	102.536	196.564
382.220	244.317	103.131	205.733
398.081	251.934	109.322	198.697
409.401	283.472	106.417	166.684
414.702	290.919	107.533	160.002
426.171	278.801	103.506	167.537
434.035	273.826	104.960	173.840
452.517	256.491	102.033	186.955
460.864	266.540	105.239	179.616
470.248	260.429	106.198	183.748
480.624	263.832	106.379	180.415
488.637	269.700	107.171	175.574
230.963	249.037	136.032	210.303
220.460	255.528	129.209	207.616
219.573	255.839	126.679	202.903
222.369	256.966	121.465	202.201
221.125	273.029	117.037	184.617
222.699	268.019	117.771	190.587
227.827	270.329	116.936	188.196
232.958	267.499	117.138	189.026
235.052	267.837	120.343	190.256
243.488	264.413	121.606	191.670
257.347	258.147	123.194	195.417
264.292	256.705	128.442	192.978
272.512	253.269	127.656	193.561
281.363	246.383	129.527	197.423
288.784	242.984	131.526	196.089
308.836	235.017	133.924	198.694
324.643	229.706	129.062	200.619
331.464	226.770	137.336	199.568
348.991	222.480	133.867	196.170
469.148	259.616	111.079	191.239
458.023	285.679	105.693	168.410
444.941	269.848	105.988	175.873
440.124	298.110	106.696	150.962
431.255	252.114	97.559	192.875
427.910	229.716	98.373	212.940
416.071	249.918	96.110	195.464
411.098	262.540	96.592	180.497
411.652	256.100	93.170	182.894
411.159	265.398	94.258	173.654
407.447	256.107	93.192	180.335
411.235	256.784	98.240	181.703
415.025	255.991	90.357	183.270
416.114	234.403	94.180	202.661
421.898	242.902	94.516	196.454
421.333	232.787	100.106	202.452
430.977	241.369	100.713	196.120
433.508	263.275	105.030	174.530
440.476	272.251	102.255	167.322
450.348	278.748	99.823	162.650
457.026	280.723	99.577	160.745
475.508	268.659	93.220	174.311
481.184	281.268	95.916	163.563
488.391	280.978	95.671	164.944
496.546	284.278	94.486	163.365
506.076	285.976	93.185	160.177
522.046	291.586	89.109	155.760
525.819	291.850	90.639	155.681
240.860	256.384	121.360	183.599
235.914	268.791	115.571	170.868
234.505	265.366	112.617	173.296
232.043	265.995	109.476	172.190
232.322	265.483	108.569	172.781
231.611	265.565	109.150	172.460
235.467	265.810	109.226	171.857
237.216	263.289	111.764	174.533
247.795	258.688	109.877	176.615
253.880	260.593	111.736	174.827
258.038	255.126	114.511	178.997
266.244	249.968	115.452	182.682
274.873	246.783	119.919	182.458
293.968	238.073	121.077	183.796
303.542	235.442	123.294	182.061
490.295	272.201	92.470	171.833
480.913	279.169	93.843	162.795
472.272	279.049	94.698	161.633
455.515	291.108	93.056	148.332
443.736	292.320	96.382	142.479
434.386	288.699	98.698	143.544
427.032	271.429	94.625	159.385
423.623	235.403	85.928	200.105
414.284	267.764	87.768	166.994
411.613	260.917	88.698	168.469
410.634	269.971	90.980	161.519
407.155	270.334	90.496	161.776
406.513	270.106	94.121	161.460
405.778	278.632	93.341	154.511
405.796	270.456	94.117	161.140
405.805	273.014	93.219	159.575
405.661	269.950	94.040	161.350
405.913	277.573	94.290	154.208
406.073	268.798	91.691	159.929
406.482	273.682	91.861	155.183
405.813	268.625	92.079	159.750
407.568	284.554	91.139	143.020
407.475	269.689	90.297	155.675
407.680	278.787	92.696	146.776
407.510	271.522	93.130	154.311
506.547	215.272	110.086	165.309
508.447	216.770	108.752	162.438
508.855	214.823	106.029	163.546
508.103	219.839	104.866	161.064
505.257	218.168	104.719	163.713
503.861	219.155	106.267	164.453
379.414	251.297	108.340	193.493
384.194	271.733	91.721	155.980
379.046	280.060	91.465	151.471
374.278	243.635	112.816	203.541
375.709	264.194	96.767	163.925
374.693	269.725	95.521	161.860
375.223	272.653	90.570	159.507
380.198	260.627	96.721	171.239
376.363	229.164	138.907	202.364
385.616	254.649	89.753	180.345
391.619	243.379	92.936	192.741
388.014	235.304	99.189	197.201
408.196	263.791	92.186	178.078
419.295	292.689	91.232	151.709
343.552	235.874	100.447	155.060
436.596	285.435	82.177	157.771
323.265	238.907	108.135	158.713
308.735	239.786	105.073	159.517
464.150	285.550	82.283	162.838
466.697	286.883	83.427	153.754
472.954	284.436	86.923	158.917
478.817	281.651	83.581	157.634
278.831	254.036	96.675	149.252
274.652	250.019	98.334	155.313
272.157	251.350	98.410	154.335
269.219	248.479	99.539	157.246
268.096	246.715	98.655	158.854
266.668	246.293	98.676	159.102
266.760	247.157	99.279	157.306
267.324	246.324	99.482	157.826
270.409	244.767	99.585	159.317
477.414	268.760	88.481	161.706
467.145	262.934	86.638	166.555
466.485	267.467	87.100	162.223
287.727	231.061	105.112	165.844
453.381	266.488	87.583	163.206
447.658	272.538	89.948	164.046
440.162	272.264	86.046	158.444
426.902	274.521	84.596	158.774
415.523	283.808	90.231	152.097
406.788	289.534	92.789	148.333
398.525	300.319	90.015	138.300
376.129	326.093	95.356	109.874
368.873	306.689	87.110	131.474
359.055	291.857	87.444	144.982
349.327	278.359	89.594	157.689
341.267	277.357	90.869	158.621
322.565	276.885	92.114	157.121
314.183	279.229	93.664	154.119
307.707	275.477	93.207	155.973
301.818	275.806	94.936	154.720
296.581	276.414	94.916	153.730
289.734	275.076	95.457	153.118
288.389	274.157	95.848	154.310
287.601	277.727	95.898	150.166
286.621	273.429	97.284	154.393
286.523	276.571	95.527	152.264
286.668	275.848	97.137	152.655
289.991	279.436	95.342	148.329
293.101	277.993	95.573	150.659
296.300	279.597	95.942	151.001
301.490	275.819	93.764	154.832
309.032	276.338	92.701	157.956
321.497	273.600	86.849	166.794
329.046	274.835	90.428	166.813
336.736	259.525	92.459	184.356
343.181	277.483	93.949	167.489
359.178	299.780	88.692	148.746
367.234	297.796	88.362	146.168
279.482	273.530	97.597	150.988
383.805	295.532	85.220	150.538
389.402	303.805	84.530	144.282
392.787	296.409	85.357	151.625
399.728	304.431	87.219	146.032
397.663	299.639	89.064	152.225
401.841	300.454	86.498	151.011
402.741	300.030	86.779	150.899
403.595	297.631	85.052	152.157
401.936	290.518	86.179	156.633
400.794	290.239	84.872	153.109
236.185	307.999	91.802	161.468
238.729	307.978	94.723	156.918
236.674	293.347	111.605	179.027
385.828	283.543	88.851	152.390
385.222	282.730	92.566	150.525
381.856	280.745	92.877	150.803
381.273	280.664	93.910	147.388
379.078	278.785	89.569	145.970
376.967	267.871	93.283	150.078
383.404	269.950	87.629	147.090
382.147	262.808	84.479	152.489
301.126	278.106	95.748	164.580
305.054	292.882	105.244	164.657
313.860	291.981	108.215	159.805
318.984	294.094	107.992	161.111
325.142	292.532	113.382	160.745
337.966	290.659	113.860	161.601
347.162	281.063	115.417	169.153
362.633	250.820	117.883	195.014
369.505	253.221	120.764	186.945
378.456	257.825	119.323	175.837
376.629	256.610	127.768	170.653
369.661	254.244	117.791	153.861
365.761	239.688	167.475	174.608
362.538	285.624	80.224	114.877
362.238	280.038	82.501	124.008
361.716	273.579	84.305	134.749
361.918	272.299	82.281	138.484
362.145	267.829	81.917	146.011
361.188	268.342	83.714	148.302
361.183	270.274	84.454	148.246
363.923	273.904	81.139	146.495
367.802	276.716	81.810	147.038
374.949	283.237	80.759	148.329
378.600	283.986	81.708	149.745
383.175	286.061	80.948	149.754
389.655	295.211	80.891	143.580
396.741	306.629	80.704	133.862
413.517	335.305	79.169	114.783
370.135	203.717	103.503	118.190
425.828	321.716	84.534	129.814
343.989	235.154	99.176	136.404
446.604	317.651	78.992	136.513
323.990	232.097	105.104	156.808
467.821	308.971	82.744	143.956
310.676	240.267	100.546	158.535
479.488	305.501	85.775	147.311
484.200	303.234	87.328	147.131
493.071	296.752	87.525	148.919
497.557	294.370	87.214	147.699
497.337	287.818	89.331	150.803
302.131	271.903	79.511	162.359
496.350	279.642	89.447	150.183
492.377	269.023	82.558	149.692
488.386	262.223	83.270	152.193
484.082	258.949	81.463	151.098
476.993	252.771	80.539	150.079
471.230	250.117	81.007	146.940
460.510	237.004	81.885	151.593
319.632	292.988	93.351	159.433
445.947	235.123	84.708	148.178
439.650	231.791	85.716	146.845
340.887	286.203	105.591	158.485
360.999	280.604	106.364	157.808
370.635	283.821	108.652	152.665
384.187	266.410	106.982	166.066
387.706	260.917	112.531	169.676
396.336	251.126	112.943	172.980
407.540	250.506	114.764	159.100
409.753	251.611	116.965	152.023
405.459	241.168	101.533	153.795
404.120	244.693	93.222	154.607
404.866	240.773	82.455	161.076
409.876	247.829	81.883	164.620
411.929	249.538	82.371	162.993
414.578	264.575	79.053	155.313
419.193	278.303	80.845	146.293
424.441	284.718	78.981	143.320
409.262	207.235	101.007	142.780
436.019	283.224	85.922	151.166
445.912	297.849	79.282	144.247
455.371	324.995	77.018	115.801
458.444	325.162	79.977	114.686
475.300	319.324	78.046	122.355
367.349	247.184	102.909	146.977
484.613	297.035	80.377	145.046
345.628	252.674	100.652	153.868
340.380	259.009	97.523	155.382
505.554	294.085	81.449	142.540
510.555	290.430	81.165	143.931
515.177	287.624	81.122	143.816
517.593	287.950	81.935	142.096
520.809	286.190	82.213	140.989
528.849	276.404	78.104	144.064
528.400	280.097	78.955	137.247
531.578	272.021	78.523	142.476
532.666	273.244	78.949	140.177
534.013	273.114	79.025	138.946
536.243	272.135	79.858	140.461
536.860	270.576	79.764	143.589
536.586	271.753	80.204	141.728
536.194	271.522	80.586	142.661
536.075	272.516	80.093	142.081
533.918	274.660	79.494	142.016
533.252	275.968	77.575	141.320
531.096	278.655	77.174	141.354
527.987	281.119	77.410	140.636
522.604	283.229	78.092	141.309
511.542	287.922	79.677	142.800
503.531	289.331	81.956	142.421
495.412	290.638	81.640	142.645
365.340	256.939	96.961	156.134
478.537	290.747	81.351	148.951
462.373	290.405	80.184	145.333
426.327	252.113	104.855	182.690
434.584	244.171	104.722	189.627
429.609	249.328	101.504	188.575
424.421	271.302	85.185	164.927
411.569	281.812	80.564	150.105
408.546	283.745	80.822	146.559
404.973	283.800	79.042	144.523
402.822	283.711	81.592	142.078
412.277	261.729	109.091	314.271
135.024	21.470	442.828	500.356
5.927	0.000	942.239	560.075
677.856	0.000	282.144	0.000
721.751	0.000	238.249	0.000
736.034	0.000	223.966	0.000
0.000	0.000	298.820	0.000
0.000	0.000	277.496	0.000
3.703	0.000	956.297	0.000
0.000	0.000	265.507	0.000
8.600	0.000	951.400	0.000
0.000	0.000	960.000	0.000
657.239	576.000	302.761	0.000
16.662	0.000	943.338	0.000
0.000	0.000	960.000	0.000
0.000	0.000	301.865	0.000
0.000	0.000	299.121	0.000
5.194	11.080	891.986	564.834
0.000	0.000	296.700	0.000
0.000	14.551	917.612	559.275
11.145	9.811	896.328	566.189
4.570	11.080	901.050	564.920
9.024	9.811	897.585	566.189
0.492	9.175	904.280	566.825
4.749	9.811	896.702	566.189
0.000	10.069	890.827	560.425
0.000	4.226	887.744	569.701
101.916	14.987	778.283	561.013
885.455	492.528	74.545	83.472
833.037	446.165	108.714	94.110
480.943	290.199	44.489	228.955
363.300	158.156	161.824	259.055
390.681	261.027	141.799	314.973
390.325	252.840	115.747	161.218
393.606	256.991	105.309	153.902
396.354	259.388	106.020	154.196
403.890	259.239	106.228	158.867
412.029	257.905	102.849	162.668
421.332	258.307	94.175	165.579
407.719	255.794	105.899	163.282
400.962	254.456	110.335	168.168
395.761	251.869	112.343	168.856
396.059	253.054	114.058	167.961
396.579	252.604	112.903	168.740
396.367	252.151	112.178	169.192
395.825	252.265	112.994	169.739
395.569	255.288	111.659	166.870
393.488	252.103	114.104	168.141
391.297	253.660	116.437	168.048
392.721	251.612	114.911	168.116
390.563	252.647	114.055	168.470
392.777	251.680	112.894	168.921
389.773	253.771	113.854	166.700
390.449	251.228	115.092	169.105
388.418	252.442	114.123	168.171
389.043	255.192	113.907	165.855
389.103	251.550	110.339	168.091
399.405	247.086	100.056	172.645
398.685	244.268	97.421	171.706
400.340	242.784	89.563	173.690
396.325	243.831	87.923	177.550
386.449	235.710	105.979	176.109
380.185	275.635	85.147	147.784
441.778	224.474	112.490	147.511
369.396	274.011	78.934	139.937
363.670	273.682	78.700	139.640
464.577	219.502	109.963	144.822
349.184	273.175	79.032	136.091
346.676	274.379	83.311	131.877
344.454	272.805	81.689	132.977
344.205	272.303	83.308	133.245
344.480	272.852	82.514	131.695
344.408	273.470	83.483	132.864
346.711	274.620	81.814	132.313
347.935	275.855	82.384	131.418
350.469	276.095	81.921	132.305
351.598	276.351	82.961	133.662
356.303	280.059	81.974	131.241
355.731	278.571	82.240	132.733
358.289	279.013	82.642	133.273
361.754	278.426	82.577	133.958
365.741	278.688	81.746	135.148
376.363	276.324	77.420	139.675
381.607	275.749	79.269	140.448
387.225	268.646	79.422	149.608
394.539	250.154	83.643	166.433
400.594	242.655	96.616	171.147
416.069	257.435	87.776	160.005
434.629	274.287	77.292	146.942
441.041	280.664	83.899	138.622
451.116	281.277	77.904	136.865
459.645	280.438	77.414	139.236
476.351	281.927	77.701	134.445
486.130	282.717	76.535	132.155
492.165	280.240	79.514	134.548
496.187	279.602	81.450	135.187
500.601	280.182	81.577	134.151
506.698	274.869	83.669	137.571
505.601	275.657	83.805	132.391
507.431	272.365	83.062	133.590
510.561	272.671	80.370	131.939
512.193	273.878	79.835	130.513
505.525	274.584	77.983	127.039
500.004	273.028	79.493	126.715
495.557	269.419	78.701	128.261
488.757	267.375	77.610	128.561
480.805	259.901	76.040	135.306
400.063	256.081	101.877	135.802
402.691	252.594	126.636	137.779
408.496	247.633	121.477	141.901
418.301	247.732	109.047	142.670
422.518	245.708	103.990	142.992
416.929	244.574	111.619	144.968
415.833	243.061	106.340	144.247
414.298	245.379	112.127	141.983
408.791	230.817	136.782	164.932
411.112	244.220	128.795	142.707
413.627	246.261	118.212	143.336
414.969	245.984	114.332	145.300
416.492	246.569	108.383	145.675
415.982	247.656	105.833	143.786
403.369	249.637	119.117	144.142
380.409	264.226	100.478	134.532
372.478	263.673	99.034	139.175
361.944	267.992	99.330	136.496
351.403	268.561	104.469	137.017
493.236	259.178	80.743	138.484
331.334	271.147	90.252	131.992
518.016	266.392	76.912	126.396
686.270	132.720	73.783	123.389
529.571	265.172	73.006	126.345
535.070	269.603	72.179	123.920
540.738	271.273	71.427	123.197
541.184	271.870	71.520	124.329
540.672	272.388	70.645	125.016
539.979	274.185	68.837	123.490
538.339	274.820	68.162	123.636
699.489	135.667	63.962	96.982
372.789	268.796	33.420	131.390
521.516	279.884	68.232	121.907
515.869	281.369	68.516	120.388
362.744	257.713	78.520	135.592
492.870	280.649	67.825	122.562
485.324	283.206	68.111	121.948
404.159	257.037	77.012	129.000
468.899	290.284	68.604	114.918
446.601	262.369	76.218	142.722
442.966	244.840	82.774	157.632
439.938	243.969	92.321	154.011
457.128	240.704	98.504	132.020
463.984	236.632	101.569	133.942
474.335	235.562	98.390	134.115
482.479	233.954	98.067	131.267
486.265	233.660	96.340	131.066
488.926	233.226	95.155	131.698
408.165	269.899	70.927	128.314
484.771	232.658	98.382	131.367
484.793	236.574	96.463	131.203
483.845	236.137	94.517	132.046
478.862	239.090	93.958	130.567
479.192	238.492	89.266	131.238
466.067	240.332	93.289	130.810
435.775	244.967	80.727	153.810
430.629	248.141	89.114	145.568
417.287	246.723	103.381	148.593
394.045	241.868	138.399	153.606
387.538	248.299	94.954	134.979
369.211	255.465	94.681	133.340
503.572	277.834	71.383	120.871
336.545	249.728	99.052	141.744
331.715	263.372	86.496	129.789
526.735	274.977	64.219	120.315
309.005	267.558	76.109	125.776
300.704	270.527	75.361	123.354
297.257	272.006	72.390	121.953
292.831	274.061	72.238	121.187
290.455	275.146	71.295	120.430
289.977	277.096	69.326	119.222
289.047	277.730	71.674	118.382
290.584	276.493	72.939	119.686
293.509	276.851	74.115	119.151
297.001	277.112	75.352	118.686
506.494	249.992	22.885	93.087
308.883	278.147	79.016	120.172
314.605	278.633	79.086	121.828
319.285	279.115	79.907	123.146
323.158	279.929	82.418	123.773
331.782	280.036	82.242	125.598
334.106	279.686	85.263	127.240
337.843	278.635	86.213	128.497
341.820	276.651	86.087	130.481
344.682	275.535	87.713	133.091
349.113	271.765	90.807	139.530
352.445	269.020	89.886	142.456
355.335	266.064	90.305	144.111
356.233	263.565	91.392	143.602
356.758	257.324	90.961	147.717
357.432	248.813	92.598	145.760
356.020	245.235	94.037	147.614
354.217	242.876	95.864	148.800
353.890	241.704	94.605	148.817
353.206	241.522	93.774	147.652
346.663	241.635	94.559	149.365
342.851	242.439	97.559	152.067
339.397	245.224	99.398	152.352
335.293	248.598	102.185	152.474
331.562	252.974	106.539	149.939
319.225	261.082	106.079	150.992
313.588	267.090	104.208	149.010
307.030	271.229	103.249	148.847
300.137	275.569	102.648	147.260
294.271	280.878	101.059	145.376
283.263	289.222	95.786	143.313
278.064	294.686	92.110	140.818
273.549	300.954	88.467	137.185
269.435	305.428	85.188	133.574
266.456	308.426	81.940	131.548
263.392	310.238	79.920	130.692
258.266	313.054	78.960	127.919
257.182	312.557	79.185	128.450
254.593	309.762	81.816	131.529
253.730	309.905	83.384	131.674
253.338	307.168	84.322	134.422
254.175	301.074	87.245	139.129
256.721	294.311	88.928	145.698
259.855	288.090	91.486	149.155
266.125	281.933	92.472	153.135
274.427	276.494	93.566	152.599
296.768	262.646	100.147	159.385
415.055	280.214	85.117	149.547
333.155	250.893	88.291	164.119
343.405	241.283	102.371	165.914
363.073	238.716	107.325	186.554
379.562	241.980	95.733	186.186
376.510	244.893	87.459	181.819
375.918	251.360	84.138	174.252
371.769	265.612	84.490	159.473
370.778	265.846	77.456	156.400
444.108	236.950	94.027	176.320
435.114	247.788	94.937	171.616
434.573	249.541	91.808	170.010
432.557	254.202	89.375	167.521
430.531	252.920	87.708	169.197
419.694	255.290	89.001	168.105
382.436	255.959	119.580	166.697
364.308	256.418	129.832	168.212
362.888	252.184	128.476	174.502
359.673	253.839	125.088	173.201
352.551	263.608	113.967	167.829
337.544	261.372	123.816	171.001
322.759	265.677	143.749	168.742
301.328	263.875	123.162	169.685
395.721	275.560	95.552	168.015
415.916	279.226	97.496	163.374
422.121	267.435	102.507	176.325
425.456	270.109	106.857	176.878
433.240	264.871	105.277	178.302
440.891	266.170	102.026	175.210
436.231	258.857	106.334	179.765
432.418	254.657	104.466	181.625
427.057	251.254	104.141	182.786
419.218	252.906	102.978	179.040
406.233	254.896	108.918	177.196
261.492	296.134	110.134	178.111
268.609	295.596	108.086	176.461
280.501	297.018	107.620	174.494
292.859	308.363	107.712	161.681
305.930	306.301	109.192	159.311
331.070	278.938	114.987	177.235
337.442	277.473	114.119	177.872
355.607	276.896	106.250	178.565
346.094	271.684	118.065	179.758
346.107	269.981	120.264	180.057
347.711	267.474	121.902	179.995
346.013	265.276	122.737	182.770
343.540	266.934	121.608	181.735
339.485	268.939	117.659	181.795
336.976	272.587	112.627	179.057
329.680	275.870	99.257	182.078
317.428	281.689	102.480	178.424
296.784	281.347	111.991	179.738
282.601	283.691	111.477	181.464
270.634	281.725	124.546	185.675
246.781	291.172	116.845	180.820
234.652	291.201	112.955	178.081
227.616	295.090	107.616	180.025
224.215	294.969	102.112	180.890
362.304	276.414	107.736	180.294
368.685	289.637	105.708	175.398
225.550	283.371	110.718	192.467
232.661	281.164	111.034	192.837
243.715	277.950	109.812	193.561
258.292	272.033	111.257	197.470
288.207	277.216	113.210	188.428
304.927	263.867	122.303	197.434
317.082	256.447	124.063	201.006
317.348	253.371	141.476	203.946
316.015	251.356	161.732	204.463
326.552	243.960	177.268	210.203
316.497	245.812	194.296	204.493
328.682	243.871	190.442	208.295
330.544	243.035	189.439	209.131
345.766	243.798	180.727	208.209
350.562	244.060	172.671	211.039
359.573	246.253	170.250	212.997
366.215	247.118	161.864	215.306
372.255	250.801	154.530	212.943
376.794	255.331	146.231	210.099
368.055	259.440	141.523	210.799
358.063	264.933	152.703	207.409
344.108	265.010	174.941	209.234
335.430	264.193	190.999	211.701
323.695	260.727	136.492	215.087
301.355	260.871	126.965	219.893
466.532	270.688	136.192	205.115
479.852	273.163	125.280	203.286
482.172	266.916	133.840	211.303
283.391	270.809	118.147	213.839
485.092	247.991	128.989	221.949
480.634	253.384	126.015	215.605
297.064	272.278	124.369	211.989
304.800	273.814	124.461	207.845
313.808	274.823	124.923	207.900
331.450	271.287	127.907	210.313
339.852	271.309	127.702	206.969
347.196	271.081	129.520	203.073
355.423	275.205	135.270	197.130
365.011	272.841	135.558	195.210
375.317	264.010	133.019	200.650
372.954	261.200	134.539	203.492
374.607	256.436	133.092	208.437
368.988	256.335	136.506	208.028
366.719	252.749	134.789	211.214
361.569	249.119	133.259	216.706
359.950	240.119	132.531	227.120
356.861	237.218	131.850	230.561
352.790	235.335	134.558	232.931
349.084	235.308	137.219	233.058
344.433	232.513	139.950	236.581
342.374	232.456	139.520	237.430
338.700	232.020	138.387	238.333
331.535	230.785	140.469	240.131
323.632	229.348	140.372	242.207
298.316	221.852	148.837	246.918
287.599	218.753	147.896	250.077
272.753	215.607	152.257	251.854
257.995	213.314	156.040	254.725
246.162	211.486	155.700	254.766
226.659	201.492	157.352	261.473
213.322	202.403	160.541	258.709
206.703	199.634	159.372	259.136
202.688	197.729	158.970	261.169
200.322	197.521	160.248	261.120
200.906	195.739	161.527	263.904
205.923	195.258	165.791	268.927
211.252	195.508	169.172	271.388
222.365	196.479	171.288	275.471
234.067	199.258	171.830	276.328
260.257	206.486	177.651	272.136
279.873	212.355	182.842	269.703
300.103	215.269	183.196	269.761
323.008	214.685	182.159	268.114
345.585	216.457	182.862	269.094
384.733	214.501	185.665	270.874
403.938	209.790	190.230	274.048
419.512	210.266	194.471	269.354
433.857	209.871	198.945	267.406
448.331	204.157	199.903	271.871
470.390	200.792	199.352	273.627
478.506	197.967	200.856	276.267
479.332	199.836	205.964	272.527
479.587	200.498	207.034	274.130
482.996	202.250	203.471	273.047
471.028	208.145	208.997	270.909
459.712	213.677	212.795	268.473
448.862	214.738	211.571	271.747
432.397	220.695	214.082	268.912
417.492	222.487	211.989	270.253
386.413	232.458	199.491	270.286
368.999	234.243	199.434	268.471
350.685	234.873	194.762	269.100
332.243	234.028	187.679	268.830
311.213	234.788	185.560	265.755
280.721	236.099	173.669	264.374
258.291	246.013	173.767	253.155
241.128	249.758	172.873	249.934
226.876	256.568	172.396	243.872
214.216	258.764	173.887	241.086
205.264	258.701	171.803	240.806
193.613	260.467	175.837	241.895
190.440	260.033	176.926	244.227
191.533	259.074	178.797	246.611
196.170	257.002	183.386	249.936
206.547	254.393	181.594	250.975
226.914	254.393	184.145	253.807
239.359	251.665	187.952	256.517
251.366	247.401	190.944	263.015
260.358	246.527	199.184	265.373
267.313	242.660	208.834	268.700
282.587	238.228	218.538	272.671
286.948	237.392	227.503	277.159
294.204	231.320	231.270	282.651
300.151	227.604	232.635	286.924
304.537	224.552	233.573	290.660
317.540	221.161	232.860	295.758
321.151	221.103	235.240	299.130
326.848	217.898	232.104	300.448
331.331	216.562	231.428	300.167
334.290	214.801	232.260	299.532
343.882	215.973	228.307	296.841
343.684	213.801	230.124	297.391
343.755	212.776	231.341	298.012
343.559	215.694	233.010	297.286
339.094	218.446	238.520	295.994
326.459	226.010	248.073	292.888
320.249	225.594	252.201	295.406
306.938	232.680	262.876	290.803
292.814	236.085	270.508	289.796
274.908	240.300	280.819	285.894
247.205	237.235	279.980	293.066
236.750	243.562	278.962	290.582
226.440	246.575	228.849	288.460
223.949	252.381	264.242	281.706
220.664	249.603	225.584	287.463
212.407	249.834	236.868	287.452
210.247	245.363	225.251	289.543
212.261	237.828	207.464	293.061
216.605	234.824	190.620	291.070
224.254	234.264	185.999	288.012
215.281	234.230	205.560	285.088
204.577	229.984	216.799	286.917
211.857	223.673	206.931	291.857
212.697	223.364	201.243	288.789
202.670	222.165	204.839	285.930
190.761	218.430	197.179	286.021
175.107	219.523	201.474	286.693
154.402	222.577	210.432	282.094
148.663	225.387	205.986	280.491
147.533	230.620	201.534	275.345
152.354	235.826	202.628	270.742
158.921	234.877	206.438	274.485
170.019	232.593	210.487	278.543
183.055	230.609	213.559	283.607
197.988	236.018	215.953	283.469
236.992	231.105	220.772	290.405
259.400	230.100	226.238	291.926
282.565	227.154	228.749	295.888
304.098	222.457	235.247	300.723
327.080	220.595	237.419	302.019
366.878	209.668	246.106	312.648
387.205	208.135	249.741	313.521
405.405	205.961	250.220	314.854
416.080	205.739	255.711	313.314
427.869	198.107	251.058	321.522
437.024	199.558	251.103	321.987
430.765	198.138	255.348	326.532
428.696	200.210	249.593	327.314
423.081	200.749	247.700	330.470
413.209	202.762	244.647	331.878
375.774	215.332	238.916	322.797
351.530	224.365	253.164	317.145
329.168	225.293	268.766	321.515
311.574	227.686	286.250	321.719
297.963	226.568	299.365	325.569
279.630	227.796	290.900	325.142
267.660	235.361	312.271	321.704
348.047	0.000	255.643	49.185
237.014	243.126	226.808	314.574
232.370	241.278	229.015	318.229
230.717	244.385	226.902	316.109
229.547	245.464	223.430	316.017
226.193	245.925	225.959	314.698
225.056	248.365	225.070	312.901
222.140	245.130	228.420	316.257
221.582	247.442	228.916	313.268
220.066	248.517	234.560	312.320
221.826	248.653	225.131	313.140
217.672	247.433	230.572	315.024
217.826	251.531	234.675	310.597
216.142	248.763	233.408	313.159
216.411	247.991	231.626	313.721
218.212	251.231	227.259	310.034
217.811	245.438	225.584	315.736
216.721	244.849	227.102	315.988
370.626	243.404	199.474	325.491
209.994	235.830	219.086	321.682
201.432	239.621	216.891	319.970
187.689	229.175	221.025	326.815
181.484	236.311	213.575	320.932
157.417	238.124	207.451	315.740
466.881	239.776	167.615	315.260
135.896	240.524	203.586	310.879
472.364	238.741	175.714	319.822
472.926	246.463	178.711	309.626
480.811	251.866	169.601	302.206
111.441	249.210	195.184	305.926
113.012	250.250	194.464	305.777
112.120	250.397	194.699	305.526
112.088	251.855	196.419	303.756
112.343	251.127	197.648	304.588
470.907	245.279	168.350	306.331
468.490	241.146	168.436	310.634
466.859	239.264	168.035	313.599
115.181	241.335	195.561	311.552
114.828	241.254	195.848	310.811
114.556	240.214	196.853	311.213
461.801	234.726	168.679	318.404
461.665	227.637	166.020	326.220
460.490	235.114	161.324	318.507
136.787	229.054	189.287	312.956
436.214	230.441	161.100	322.142
426.896	228.395	167.936	324.402
163.150	215.997	197.196	313.733
398.132	223.160	165.010	321.229
192.107	204.380	199.480	317.315
196.128	205.389	210.264	315.226
198.069	199.040	206.999	316.458
205.380	204.881	202.728	313.128
203.081	207.381	201.980	308.880
204.502	204.512	202.454	307.455
201.848	206.190	202.121	304.752
201.875	209.476	204.836	301.745
200.857	207.321	205.231	302.896
199.775	205.847	206.962	303.555
198.878	207.509	205.942	299.941
198.447	207.892	205.902	300.724
195.905	207.023	205.562	301.490
194.605	209.332	206.114	301.679
191.050	210.968	205.067	302.876
188.167	211.778	203.083	304.646
186.985	210.199	204.434	307.831
185.268	212.337	208.244	306.296
187.936	207.001	212.915	310.279
197.091	205.476	248.911	315.112
211.877	202.482	244.806	320.018
217.189	194.788	234.568	327.880
215.795	194.342	235.831	327.807
213.959	192.908	234.929	329.241
212.647	191.144	233.654	332.130
211.495	189.254	234.165	333.107
210.483	188.770	235.170	334.274
208.493	190.060	238.994	331.621
203.875	188.776	246.274	332.886
201.345	187.004	249.122	336.062
191.621	190.834	266.988	331.295
190.588	191.979	276.249	328.927
193.482	188.732	280.852	331.006
196.037	186.883	244.620	330.177
194.623	188.737	213.744	327.006
190.806	192.766	209.574	319.056
198.538	195.375	202.791	318.922
198.591	193.762	205.690	320.429
194.753	194.211	210.190	317.627
200.527	197.092	205.140	316.382
190.693	197.114	203.233	311.733
183.338	205.097	207.654	299.924
173.757	206.099	202.506	294.986
157.404	203.976	204.623	292.130
141.852	198.140	200.338	296.503
126.016	200.781	198.698	293.189
107.572	208.422	180.415	289.555
102.146	220.646	176.180	278.278
100.010	225.090	169.354	274.824
99.732	226.249	167.627	273.909
103.268	228.880	165.924	271.595
126.786	228.912	160.539	272.163
141.596	230.971	164.662	267.552
159.411	235.640	167.565	259.993
174.193	240.591	174.396	253.017
185.985	239.255	177.847	252.436
363.788	275.870	154.828	220.565
212.197	229.464	178.390	255.855
212.811	228.334	177.014	258.553
216.178	226.709	169.483	263.315
220.247	228.955	169.683	263.358
224.005	233.471	171.168	264.274
226.855	238.175	171.675	262.763
229.743	243.385	174.511	261.007
231.750	247.565	177.787	259.127
238.924	250.036	177.980	255.315
247.078	249.639	188.532	253.133
243.447	247.900	201.015	251.982
237.494	241.849	213.310	255.215
230.998	232.233	224.134	262.729
228.646	223.540	234.023	270.160
218.563	214.163	212.716	267.666
211.881	208.251	193.841	269.380
200.015	207.858	178.988	266.922
191.153	207.357	172.230	263.270
175.467	207.621	174.834	266.179
149.847	208.753	168.995	267.925
134.370	213.801	172.379	265.360
124.721	215.929	171.557	266.087
402.032	210.239	157.906	282.957
122.400	227.954	153.944	255.583
126.183	228.042	152.630	256.187
407.801	211.411	149.979	290.205
389.807	221.438	152.287	276.533
153.342	220.651	164.385	259.839
165.750	216.015	170.208	263.425
188.911	213.930	178.684	265.576
199.205	206.646	178.996	272.409
203.306	209.977	185.258	267.005
215.015	209.718	205.796	271.500
227.634	211.108	213.454	274.386
257.897	206.628	178.201	276.304
271.198	203.750	180.775	277.013
267.736	198.689	201.797	282.147
263.051	185.158	221.201	287.782
274.713	171.257	220.073	289.422
289.791	169.605	209.368	288.852
287.549	168.280	206.671	290.916
278.653	173.166	203.855	291.090
268.292	187.475	196.242	281.271
248.279	201.824	196.983	267.670
217.370	198.416	168.429	270.583
199.998	208.785	163.004	264.945
186.395	215.674	157.567	261.282
177.306	225.695	154.415	254.671
176.646	230.252	146.826	254.766
182.952	234.991	148.300	258.929
190.777	247.284	150.798	252.972
200.733	256.167	151.117	251.966
208.187	261.824	156.324	256.540
220.188	273.743	157.543	256.451
239.675	295.441	156.638	251.585
250.927	305.901	156.069	246.629
260.131	308.775	157.571	246.839
270.899	312.581	157.420	245.336
278.022	317.368	159.003	241.668
285.463	321.145	164.154	239.364
287.787	320.962	167.229	240.760
289.728	323.365	167.397	243.292
290.397	326.956	169.190	243.020
292.981	331.128	168.364	241.538
294.154	336.784	160.962	238.121
294.647	339.027	160.178	235.562
294.878	341.166	159.926	232.633
295.323	343.608	160.512	229.983
293.954	346.641	161.887	226.515
291.411	355.887	160.186	216.507
292.380	359.052	157.018	214.103
293.676	364.093	155.393	208.791
294.945	372.272	152.963	199.262
295.257	377.727	149.298	193.258
299.682	393.131	138.177	177.185
301.431	399.694	134.867	171.191
301.825	406.476	132.825	164.571
298.201	190.313	137.302	210.972
301.779	403.393	136.438	165.626
304.473	413.051	132.129	158.765
306.267	421.049	129.842	151.264
309.070	429.007	127.565	143.815
312.599	436.349	124.949	137.707
299.642	240.340	131.445	167.105
318.083	444.941	123.844	131.059
316.624	449.597	129.174	125.721
301.538	262.414	128.241	187.329
310.641	264.822	126.092	172.475
312.366	265.459	124.658	175.626
316.718	455.080	126.862	120.182
314.139	267.994	135.553	158.256
313.251	437.361	135.058	135.511
315.750	451.444	132.019	123.299
319.077	257.174	134.491	176.874
313.889	442.094	136.359	131.210
313.871	441.273	137.705	134.288
320.304	237.822	136.954	186.824
309.905	434.762	141.706	140.975
308.287	432.031	140.791	143.894
309.892	425.845	130.080	150.155
312.519	223.197	129.025	206.677
304.089	419.731	131.632	153.569
301.344	417.920	129.532	155.183
301.134	417.023	126.978	155.861
295.156	415.703	130.230	157.364
303.305	221.644	123.052	205.558
290.889	407.867	136.165	168.133
287.453	407.049	139.804	167.889
283.986	406.571	138.909	168.188
273.993	397.754	139.740	175.354
311.049	235.241	126.744	212.745
255.404	390.583	141.537	182.641
246.798	387.976	141.410	184.399
239.299	386.434	141.282	184.219
228.173	374.680	129.868	188.219
224.316	370.338	129.021	186.028
220.266	359.879	127.552	190.695
217.137	350.338	127.419	194.397
217.616	342.379	127.199	195.296
354.719	300.774	111.161	195.447
226.009	316.714	127.720	199.418
228.284	304.092	135.183	202.234
237.859	297.589	124.069	199.204
245.653	290.172	117.167	200.345
263.464	274.904	125.433	216.109
273.112	271.882	128.668	230.621
285.133	268.761	125.010	230.751
291.703	263.750	118.728	235.448
295.697	260.350	127.153	221.580
306.528	250.278	140.163	205.793
303.634	246.398	134.870	207.038
305.483	242.490	135.940	203.202
308.462	236.495	133.721	201.492
306.339	229.229	143.856	197.161
301.883	216.017	138.327	193.469
301.728	209.868	143.379	198.162
296.719	202.860	144.428	198.035
291.054	193.975	145.636	196.146
286.530	188.174	143.883	196.529
276.076	177.846	144.400	189.224
274.103	176.816	140.722	189.452
270.056	176.676	143.630	186.358
266.689	176.313	142.760	187.741
264.781	179.440	140.479	189.583
380.414	332.744	118.981	200.754
251.037	202.999	142.990	189.078
256.140	212.101	135.418	191.738
254.712	220.512	136.136	190.012
255.148	229.715	135.312	188.302
255.254	242.393	130.408	188.484
256.013	248.890	128.267	187.149
257.848	256.240	125.844	185.196
258.386	263.796	119.255	182.437
259.209	269.477	114.556	179.378
260.135	278.685	114.499	179.092
262.434	285.934	115.369	179.160
264.703	293.121	118.534	180.914
266.387	300.895	117.367	181.265
267.579	309.329	117.375	180.899
269.104	316.213	117.449	182.354
269.526	331.505	117.365	184.167
268.851	339.533	117.387	182.607
266.543	348.864	117.726	180.611
262.767	356.227	118.295	180.040
258.447	364.480	119.316	177.575
248.988	373.774	119.414	175.773
243.331	375.326	120.950	174.806
241.149	374.465	119.416	175.438
239.313	372.285	117.035	176.895
236.320	365.919	116.372	179.663
232.275	346.503	119.556	187.044
231.305	337.376	124.127	191.094
232.954	326.249	125.594	190.582
237.866	313.810	122.449	192.284
239.464	302.152	123.771	192.934
244.764	277.724	123.779	194.914
247.987	267.083	123.630	188.612
249.625	255.044	117.561	189.966
249.008	244.437	115.239	186.127
249.725	235.254	116.427	184.535
252.413	214.812	117.090	185.114
253.922	210.900	122.682	181.961
257.706	205.448	124.413	180.085
260.552	201.590	126.857	180.072
263.112	199.402	125.225	178.101
265.306	200.085	126.124	178.186
265.552	203.039	128.666	177.359
265.363	207.105	131.038	178.573
266.509	211.820	130.746	180.183
268.113	217.313	129.563	179.944
274.049	227.421	122.714	181.794
277.595	233.391	117.613	178.676
283.178	237.941	109.399	177.244
288.314	241.242	104.647	176.146
293.340	245.132	101.425	172.992
299.447	251.875	100.108	171.046
298.933	256.682	103.984	165.964
299.530	259.510	104.176	165.068
298.710	260.323	105.398	164.580
299.084	260.719	103.914	163.881
298.504	259.630	102.610	165.557
293.774	260.509	103.453	165.172
287.927	260.786	104.720	165.697
280.588	261.992	107.581	166.531
272.386	262.576	113.054	167.334
257.003	264.454	113.447	168.342
249.369	267.252	112.655	166.717
239.450	270.434	113.151	166.632
229.693	273.123	113.383	165.577
223.120	276.218	104.508	163.301
209.175	279.674	97.445	158.987
203.392	280.107	95.863	157.921
201.280	281.935	92.204	155.107
201.290	281.610	89.443	154.277
200.053	281.309	89.471	153.263
206.470	278.175	90.310	153.729
212.774	276.376	91.716	154.384
220.722	272.080	92.940	156.593
230.347	270.308	94.578	157.116
239.474	265.292	98.653	159.657
262.737	261.806	102.495	158.645
273.443	258.564	105.769	160.937
284.915	255.647	106.918	163.561
294.466	250.762	110.130	165.749
303.162	246.004	110.430	165.417
316.224	239.462	105.301	160.958
323.327	236.341	100.292	159.549
326.608	231.886	98.637	159.290
327.058	227.787	98.350	159.765
327.888	225.725	97.408	158.565
327.288	218.820	91.364	155.518
327.385	215.875	91.381	156.020
327.551	211.701	90.486	155.265
326.733	210.132	89.138	150.910
327.474	207.285	87.893	150.860
329.620	205.183	85.668	148.735
331.028	205.341	84.427	148.582
334.940	207.704	82.328	148.925
339.692	210.029	79.552	150.626
