anchor_fixed_offset.actual_crop_area_pixels,anchor_fixed_offset.all_six_alternatives_batched_crop_count,anchor_fixed_offset.all_six_alternatives_batched_query_count,anchor_fixed_offset.all_six_alternatives_batched_visual_seconds,anchor_fixed_offset.area_factor,anchor_fixed_offset.extra_c1_selected_iou,anchor_fixed_offset.extra_candidate_count,anchor_fixed_offset.extra_dense256_oracle_iou,anchor_fixed_offset.extra_dense_hann5_count,anchor_fixed_offset.extra_dense_hann5_oracle_iou,anchor_fixed_offset.extra_dense_raw5_count,anchor_fixed_offset.extra_dense_raw5_oracle_iou,anchor_fixed_offset.extra_selected_score,anchor_fixed_offset.extra_template_source,anchor_fixed_offset.extra_top5_oracle_iou,anchor_fixed_offset.extra_visual_forwards_per_query,anchor_fixed_offset.target_center_inside_actual_adjusted_crop,anchor_fixed_offset.union_candidate_count,anchor_fixed_offset.union_original5_plus_dense_hann5_oracle_iou,anchor_fixed_offset.union_original5_plus_dense_raw5_oracle_iou,anchor_fixed_offset.union_original5_plus_extra5_oracle_iou,anchor_fixed_offset.union_score_selected_iou,anchor_fixed_offset.usable_image_crop,anchor_fixed_offset.visual_input_size,anchor_local.actual_crop_area_pixels,anchor_local.all_six_alternatives_batched_crop_count,anchor_local.all_six_alternatives_batched_query_count,anchor_local.all_six_alternatives_batched_visual_seconds,anchor_local.area_factor,anchor_local.extra_c1_selected_iou,anchor_local.extra_candidate_count,anchor_local.extra_dense256_oracle_iou,anchor_local.extra_dense_hann5_count,anchor_local.extra_dense_hann5_oracle_iou,anchor_local.extra_dense_raw5_count,anchor_local.extra_dense_raw5_oracle_iou,anchor_local.extra_selected_score,anchor_local.extra_template_source,anchor_local.extra_top5_oracle_iou,anchor_local.extra_visual_forwards_per_query,anchor_local.target_center_inside_actual_adjusted_crop,anchor_local.union_candidate_count,anchor_local.union_original5_plus_dense_hann5_oracle_iou,anchor_local.union_original5_plus_dense_raw5_oracle_iou,anchor_local.union_original5_plus_extra5_oracle_iou,anchor_local.union_score_selected_iou,anchor_local.usable_image_crop,anchor_local.visual_input_size,anchor_motion_0.actual_crop_area_pixels,anchor_motion_0.all_six_alternatives_batched_crop_count,anchor_motion_0.all_six_alternatives_batched_query_count,anchor_motion_0.all_six_alternatives_batched_visual_seconds,anchor_motion_0.area_factor,anchor_motion_0.extra_c1_selected_iou,anchor_motion_0.extra_candidate_count,anchor_motion_0.extra_dense256_oracle_iou,anchor_motion_0.extra_dense_hann5_count,anchor_motion_0.extra_dense_hann5_oracle_iou,anchor_motion_0.extra_dense_raw5_count,anchor_motion_0.extra_dense_raw5_oracle_iou,anchor_motion_0.extra_selected_score,anchor_motion_0.extra_template_source,anchor_motion_0.extra_top5_oracle_iou,anchor_motion_0.extra_visual_forwards_per_query,anchor_motion_0.reason,anchor_motion_0.requested_crop_area_pixels,anchor_motion_0.target_center_inside_actual_adjusted_crop,anchor_motion_0.union_candidate_count,anchor_motion_0.union_original5_plus_dense_hann5_oracle_iou,anchor_motion_0.union_original5_plus_dense_raw5_oracle_iou,anchor_motion_0.union_original5_plus_extra5_oracle_iou,anchor_motion_0.union_score_selected_iou,anchor_motion_0.usable_image_crop,anchor_motion_0.visual_input_size,anchor_motion_1.actual_crop_area_pixels,anchor_motion_1.all_six_alternatives_batched_crop_count,anchor_motion_1.all_six_alternatives_batched_query_count,anchor_motion_1.all_six_alternatives_batched_visual_seconds,anchor_motion_1.area_factor,anchor_motion_1.extra_c1_selected_iou,anchor_motion_1.extra_candidate_count,anchor_motion_1.extra_dense256_oracle_iou,anchor_motion_1.extra_dense_hann5_count,anchor_motion_1.extra_dense_hann5_oracle_iou,anchor_motion_1.extra_dense_raw5_count,anchor_motion_1.extra_dense_raw5_oracle_iou,anchor_motion_1.extra_selected_score,anchor_motion_1.extra_template_source,anchor_motion_1.extra_top5_oracle_iou,anchor_motion_1.extra_visual_forwards_per_query,anchor_motion_1.target_center_inside_actual_adjusted_crop,anchor_motion_1.union_candidate_count,anchor_motion_1.union_original5_plus_dense_hann5_oracle_iou,anchor_motion_1.union_original5_plus_dense_raw5_oracle_iou,anchor_motion_1.union_original5_plus_extra5_oracle_iou,anchor_motion_1.union_score_selected_iou,anchor_motion_1.usable_image_crop,anchor_motion_1.visual_input_size,anchor_motion_2.actual_crop_area_pixels,anchor_motion_2.all_six_alternatives_batched_crop_count,anchor_motion_2.all_six_alternatives_batched_query_count,anchor_motion_2.all_six_alternatives_batched_visual_seconds,anchor_motion_2.area_factor,anchor_motion_2.extra_c1_selected_iou,anchor_motion_2.extra_candidate_count,anchor_motion_2.extra_dense256_oracle_iou,anchor_motion_2.extra_dense_hann5_count,anchor_motion_2.extra_dense_hann5_oracle_iou,anchor_motion_2.extra_dense_raw5_count,anchor_motion_2.extra_dense_raw5_oracle_iou,anchor_motion_2.extra_selected_score,anchor_motion_2.extra_template_source,anchor_motion_2.extra_top5_oracle_iou,anchor_motion_2.extra_visual_forwards_per_query,anchor_motion_2.target_center_inside_actual_adjusted_crop,anchor_motion_2.union_candidate_count,anchor_motion_2.union_original5_plus_dense_hann5_oracle_iou,anchor_motion_2.union_original5_plus_dense_raw5_oracle_iou,anchor_motion_2.union_original5_plus_extra5_oracle_iou,anchor_motion_2.union_score_selected_iou,anchor_motion_2.usable_image_crop,anchor_motion_2.visual_input_size,anchor_widened.actual_crop_area_pixels,anchor_widened.all_six_alternatives_batched_crop_count,anchor_widened.all_six_alternatives_batched_query_count,anchor_widened.all_six_alternatives_batched_visual_seconds,anchor_widened.area_factor,anchor_widened.extra_c1_selected_iou,anchor_widened.extra_candidate_count,anchor_widened.extra_dense256_oracle_iou,anchor_widened.extra_dense_hann5_count,anchor_widened.extra_dense_hann5_oracle_iou,anchor_widened.extra_dense_raw5_count,anchor_widened.extra_dense_raw5_oracle_iou,anchor_widened.extra_selected_score,anchor_widened.extra_template_source,anchor_widened.extra_top5_oracle_iou,anchor_widened.extra_visual_forwards_per_query,anchor_widened.target_center_inside_actual_adjusted_crop,anchor_widened.union_candidate_count,anchor_widened.union_original5_plus_dense_hann5_oracle_iou,anchor_widened.union_original5_plus_dense_raw5_oracle_iou,anchor_widened.union_original5_plus_extra5_oracle_iou,anchor_widened.union_score_selected_iou,anchor_widened.usable_image_crop,anchor_widened.visual_input_size,cache,cache_choice_slot_equal,cache_features_max_abs_difference,cache_original5_slots_max_abs_difference_pixels,cache_row,cache_selected_iou,cache_valid_candidates,dense256_oracle_iou,dense_hann5_candidate_count,dense_hann5_oracle_iou,dense_raw5_candidate_count,dense_raw5_oracle_iou,hann16_candidate_count,hann16_oracle_iou,local_peak_oracle_iou,motion_top_probability_mode,original_actual_crop_area_pixels,query_frame,raw5_candidate_count,raw5_oracle_iou,replayed_failed,replayed_missing_candidate,replayed_original5_oracle_iou,replayed_selected_iou,replayed_valid_candidates,sequence,target_center_inside_actual_adjusted_crop
59049.0,12,2,0.07433033222332597,4.0,0.0,5,0.0,5,0.0,5,0.0,0.49247726798057556,protected first-frame anchor for both z and d,0.0,1,False,8,0.0,0.0,0.0,0.0,True,"[224, 224]",59049.0,12,2,0.07433033222332597,4.0,0.0,3,0.0,5,0.0,5,0.0,0.6065351963043213,protected first-frame anchor for both z and d,0.0,1,False,6,0.0,0.0,0.0,0.0,True,"[224, 224]",58564.0,12,2,0.07433033222332597,4.0,0.0,3,0.0,5,0.0,5,0.0,0.4768999516963959,protected first-frame anchor for both z and d,0.0,1,,,False,6,0.0,0.0,0.0,0.0,True,"[224, 224]",58806.0,12,2,0.07433033222332597,4.0,0.0,3,0.0,5,0.0,5,0.0,0.7913316488265991,protected first-frame anchor for both z and d,0.0,1,False,6,0.0,0.0,0.0,0.0,True,"[224, 224]",58564.0,12,2,0.07433033222332597,4.0,0.0,3,0.0,5,0.0,5,0.0,0.6921786069869995,protected first-frame anchor for both z and d,0.0,1,False,6,0.0,0.0,0.0,0.0,True,"[224, 224]",234496.171875,12,2,0.07433033222332597,8.0,0.48671135663603404,5,0.5568048969871994,5,0.48671135663603404,5,0.48671135663603404,0.36344319581985474,protected first-frame anchor for both z and d,0.48671135663603404,1,True,8,0.48671135663603404,0.48671135663603404,0.48671135663603404,0.0,True,"[224, 224]",/data/gb/outputs/abc_temporal_train_s42_20261003,True,0.0,0.0,45,0.0,3,0.0,5,0.0,5,0.0,3,0.0,0.0,1,59049.0,101,3,0.0,True,True,0.0,0.0,3,elector_1227,False
53824.0,12,2,0.07433033222332597,4.0,0.0,5,0.0,5,0.0,5,0.0,0.4417468011379242,protected first-frame anchor for both z and d,0.0,1,False,10,0.0,0.0,0.0,0.0,True,"[224, 224]",53824.0,12,2,0.07433033222332597,4.0,0.0,4,0.0,5,0.0,5,0.0,0.7402937412261963,protected first-frame anchor for both z and d,0.0,1,False,9,0.0,0.0,0.0,0.0,True,"[224, 224]",53361.0,12,2,0.07433033222332597,4.0,0.0,2,0.0,5,0.0,5,0.0,0.4843757748603821,protected first-frame anchor for both z and d,0.0,1,,,False,7,0.0,0.0,0.0,0.0,True,"[224, 224]",53824.0,12,2,0.07433033222332597,4.0,0.0,4,0.0,5,0.0,5,0.0,0.7023389339447021,protected first-frame anchor for both z and d,0.0,1,False,9,0.0,0.0,0.0,0.0,True,"[224, 224]",53824.0,12,2,0.07433033222332597,4.0,0.0,5,0.0,5,0.0,5,0.0,0.7285320162773132,protected first-frame anchor for both z and d,0.0,1,False,10,0.0,0.0,0.0,0.0,True,"[224, 224]",214369.0,12,2,0.07433033222332597,8.0,0.0,5,0.0,5,0.0,5,0.0,0.5500110387802124,protected first-frame anchor for both z and d,0.0,1,False,10,0.0,0.0,0.0,0.0,True,"[224, 224]",/data/gb/outputs/abc_temporal_train_s42_20261003,True,0.0,0.0,48,0.0,5,0.0,5,0.0,5,0.0,5,0.0,0.0,1,53824.0,175,5,0.0,True,True,0.0,0.0,5,blkboycoming,False
16900.0,6,1,0.039696221705526114,4.0,0.0,5,0.0,5,0.0,5,0.0,0.4445522725582123,protected first-frame anchor for both z and d,0.0,1,False,10,0.0,0.0,0.0,0.0,True,"[224, 224]",16770.0,6,1,0.039696221705526114,4.0,0.0,5,0.0,5,0.0,5,0.0,0.7716112732887268,protected first-frame anchor for both z and d,0.0,1,False,10,0.0,0.0,0.0,0.0,True,"[224, 224]",16641.0,6,1,0.039696221705526114,4.0,0.0,5,0.0,5,0.0,5,0.0,0.45686963200569153,protected first-frame anchor for both z and d,0.0,1,,,False,10,0.0,0.0,0.0,0.0,True,"[224, 224]",16770.0,6,1,0.039696221705526114,4.0,0.0,5,0.0,5,0.0,5,0.0,0.7591684460639954,protected first-frame anchor for both z and d,0.0,1,False,10,0.0,0.0,0.0,0.0,True,"[224, 224]",16770.0,6,1,0.039696221705526114,4.0,0.0,3,0.0,5,0.0,5,0.0,0.7366942763328552,protected first-frame anchor for both z and d,0.0,1,False,8,0.0,0.0,0.0,0.0,True,"[224, 224]",66822.0,6,1,0.039696221705526114,8.0,0.0,5,0.0,5,0.0,5,0.0,0.562264084815979,protected first-frame anchor for both z and d,0.0,1,False,10,0.0,0.0,0.0,0.0,True,"[224, 224]",/data/gb/outputs/abc_temporal_train_s42_20261003,True,0.0,0.0,70,0.0,5,0.0,5,0.0,5,0.0,5,0.0,0.0,1,16770.0,55,5,0.0,True,True,0.0,0.0,5,whiteshoesleftbottle-gai,False
103190.4140625,12,2,0.07888927310705185,4.0,0.0,5,0.0,5,0.0,5,0.0,0.47462794184684753,protected first-frame anchor for both z and d,0.0,1,False,10,0.15698043574070855,0.15698043574070855,0.15698043574070855,0.15698043574070855,True,"[224, 224]",103684.0,12,2,0.07888927310705185,4.0,0.18307513039715584,5,0.29472310778961974,5,0.29121433880499425,5,0.29121433880499425,0.5891698002815247,protected first-frame anchor for both z and d,0.18307513039715584,1,True,10,0.29121433880499425,0.29121433880499425,0.18307513039715584,0.15698043574070855,True,"[224, 224]",103684.0,12,2,0.07888927310705185,4.0,0.0,5,0.2963902354836307,5,0.16169253621355065,5,0.16418160284100328,0.5112707018852234,protected first-frame anchor for both z and d,0.0,1,,,True,10,0.16169253621355065,0.16418160284100328,0.15698043574070855,0.15698043574070855,True,"[224, 224]",103362.0,12,2,0.07888927310705185,4.0,0.1664797491915882,4,0.2859138107987158,5,0.2785436823329888,5,0.2851125088950504,0.6253408789634705,protected first-frame anchor for both z and d,0.1664797491915882,1,True,9,0.2785436823329888,0.2851125088950504,0.1664797491915882,0.1664797491915882,True,"[224, 224]",103362.0,12,2,0.07888927310705185,4.0,0.1423990732589079,5,0.2821256206973067,5,0.2461813045368329,5,0.2461813045368329,0.5905659794807434,protected first-frame anchor for both z and d,0.1423990732589079,1,True,10,0.2461813045368329,0.2461813045368329,0.15698043574070855,0.15698043574070855,True,"[224, 224]",410933.59375,12,2,0.07888927310705185,8.0,0.12765915893670932,5,0.14450120687663,5,0.12765915893670932,5,0.12765915893670932,0.5814264416694641,protected first-frame anchor for both z and d,0.12765915893670932,1,True,10,0.15698043574070855,0.15698043574070855,0.15698043574070855,0.15698043574070855,True,"[224, 224]",/data/gb/outputs/abc_temporal_train_s42_20261003,True,0.0,0.0,109,0.15698044002056122,5,0.3095797439338322,5,0.3049256148605343,5,0.3049256148605343,7,0.15698043574070855,0.15698043574070855,1,103684.0,232,5,0.15698043574070855,True,True,0.15698043574070855,0.15698043574070855,5,firstboythroughtrees,True
233975.78125,12,2,0.07888927310705185,4.0,0.0,5,0.0,5,0.0,5,0.0,0.3728366494178772,protected first-frame anchor for both z and d,0.0,1,False,10,0.0,0.0,0.0,0.0,True,"[224, 224]",230097.0,12,2,0.07888927310705185,4.0,0.0,5,0.0,5,0.0,5,0.0,0.8559443950653076,protected first-frame anchor for both z and d,0.0,1,False,10,0.0,0.0,0.0,0.0,True,"[224, 224]",231863.453125,12,2,0.07888927310705185,4.0,0.0,5,0.0,5,0.0,5,0.0,0.4665970504283905,protected first-frame anchor for both z and d,0.0,1,,,False,10,0.0,0.0,0.0,0.0,True,"[224, 224]",230756.3125,12,2,0.07888927310705185,4.0,0.0,5,0.0,5,0.0,5,0.0,0.8616815805435181,protected first-frame anchor for both z and d,0.0,1,False,10,0.0,0.0,0.0,0.0,True,"[224, 224]",231990.640625,12,2,0.07888927310705185,4.0,0.0,5,0.0,5,0.0,5,0.0,0.7935887575149536,protected first-frame anchor for both z and d,0.0,1,False,10,0.0,0.0,0.0,0.0,True,"[224, 224]",918572.0625,12,2,0.07888927310705185,8.0,0.0,5,0.11412014556325212,5,0.0,5,0.0,0.5555173754692078,protected first-frame anchor for both z and d,0.08430682039832633,1,True,10,0.0,0.0,0.08430682039832633,0.0,True,"[224, 224]",/data/gb/outputs/abc_temporal_train_s42_20261003,True,0.0,0.0,110,0.0,5,0.0,5,0.0,5,0.0,16,0.0,0.0,1,230097.0,137,5,0.0,True,True,0.0,0.0,5,ab_minibusstops,False
24180.0,6,1,0.03928250400349498,4.0,0.0,5,0.04898871135627615,5,0.0,5,0.0265092466129791,0.46306708455085754,protected first-frame anchor for both z and d,0.0265092466129791,1,False,9,0.16736786913273743,0.16736786913273743,0.16736786913273743,0.16736786913273743,True,"[224, 224]",24180.0,6,1,0.03928250400349498,4.0,0.16656547778425548,4,0.4658121602329319,5,0.34868017252351646,5,0.2456226727470556,0.7617812156677246,protected first-frame anchor for both z and d,0.16656547778425548,1,True,8,0.34868017252351646,0.2456226727470556,0.16736786913273743,0.16736786913273743,True,"[224, 224]",24025.0,6,1,0.03928250400349498,4.0,0.057275867615013694,5,0.45171989311184324,5,0.2878932418804882,5,0.32874621238869156,0.4479253590106964,protected first-frame anchor for both z and d,0.202986981685253,1,,,True,9,0.2878932418804882,0.32874621238869156,0.202986981685253,0.16736786913273743,True,"[224, 224]",24180.0,6,1,0.03928250400349498,4.0,0.16200955537884776,3,0.49365992616286797,5,0.3602252947065237,5,0.24813019803689632,0.7318418622016907,protected first-frame anchor for both z and d,0.16200955537884776,1,True,7,0.3602252947065237,0.24813019803689632,0.16736786913273743,0.16736786913273743,True,"[224, 224]",24025.0,6,1,0.03928250400349498,4.0,0.15678057259185288,3,0.48825251446383466,5,0.38402685971638023,5,0.1642294017669169,0.7246578335762024,protected first-frame anchor for both z and d,0.15678057259185288,1,True,7,0.38402685971638023,0.16736786913273743,0.16736786913273743,0.16736786913273743,True,"[224, 224]",96721.0,6,1,0.03928250400349498,8.0,0.03298958354017616,5,0.15848725233122174,5,0.13123464614861316,5,0.0886726047854203,0.7067381143569946,protected first-frame anchor for both z and d,0.03298958354017616,1,True,9,0.16736786913273743,0.16736786913273743,0.16736786913273743,0.16736786913273743,True,"[224, 224]",/data/gb/outputs/abc_temporal_train_s42_20261003,True,0.0,0.0,134,0.1673678755760193,4,0.465564694808688,5,0.3492392399064007,5,0.24560720799445782,4,0.16736786913273743,0.16988432236132936,1,24180.0,152,4,0.16736786913273743,True,True,0.16736786913273743,0.16736786913273743,4,manaftercar,True
51076.0,18,3,0.11519663035869598,4.0,0.0,5,0.0,5,0.0,5,0.0,0.4454919099807739,protected first-frame anchor for both z and d,0.0,1,False,10,0.0,0.0,0.0,0.0,True,"[224, 224]",50913.28125,18,3,0.11519663035869598,4.0,0.0,5,0.0,5,0.0,5,0.0,0.6612681746482849,protected first-frame anchor for both z and d,0.0,1,False,10,0.0,0.0,0.0,0.0,True,"[224, 224]",50746.55078125,18,3,0.11519663035869598,4.0,0.0,5,0.0,5,0.0,5,0.0,0.4757145941257477,protected first-frame anchor for both z and d,0.0,1,,,False,10,0.0,0.0,0.0,0.0,True,"[224, 224]",50913.28125,18,3,0.11519663035869598,4.0,0.0,5,0.0,5,0.0,5,0.0,0.6575278639793396,protected first-frame anchor for both z and d,0.0,1,False,10,0.0,0.0,0.0,0.0,True,"[224, 224]",50910.01171875,18,3,0.11519663035869598,4.0,0.0,5,0.0,5,0.0,5,0.0,0.6870205402374268,protected first-frame anchor for both z and d,0.0,1,False,10,0.0,0.0,0.0,0.0,True,"[224, 224]",202501.453125,18,3,0.11519663035869598,8.0,0.0,5,0.5723437948970789,5,0.39499396887302557,5,0.5723437948970789,0.490928053855896,protected first-frame anchor for both z and d,0.39499396887302557,1,True,10,0.39499396887302557,0.5723437948970789,0.39499396887302557,0.0,True,"[224, 224]",/data/gb/outputs/abc_temporal_train_s42_20261003,True,0.0,0.0,207,0.0,5,0.0,5,0.0,5,0.0,12,0.0,0.0,1,50913.28125,174,5,0.0,True,True,0.0,0.0,5,1strowrightgirl,False
64506.29296875,18,3,0.11519663035869598,4.0,0.0,5,0.0,5,0.0,5,0.0,0.4639158248901367,protected first-frame anchor for both z and d,0.0,1,False,10,0.0,0.0,0.0,0.0,True,"[224, 224]",64516.0,18,3,0.11519663035869598,4.0,0.0,5,0.0,5,0.0,5,0.0,0.5193695425987244,protected first-frame anchor for both z and d,0.0,1,False,10,0.0,0.0,0.0,0.0,True,"[224, 224]",64512.0,18,3,0.11519663035869598,4.0,0.0,5,0.0,5,0.0,5,0.0,0.4673425853252411,protected first-frame anchor for both z and d,0.0,1,,,False,10,0.0,0.0,0.0,0.0,True,"[224, 224]",65025.0,18,3,0.11519663035869598,4.0,0.0,5,0.0,5,0.0,5,0.0,0.5143468379974365,protected first-frame anchor for both z and d,0.0,1,False,10,0.0,0.0,0.0,0.0,True,"[224, 224]",64770.0,18,3,0.11519663035869598,4.0,0.0,5,0.0,5,0.0,5,0.0,0.5222576260566711,protected first-frame anchor for both z and d,0.0,1,False,10,0.0,0.0,0.0,0.0,True,"[224, 224]",256188.640625,18,3,0.11519663035869598,8.0,0.0,5,0.0,5,0.0,5,0.0,0.7457095384597778,protected first-frame anchor for both z and d,0.0,1,False,10,0.0,0.0,0.0,0.0,True,"[224, 224]",/data/gb/outputs/abc_temporal_train_s42_20261003,True,0.0,0.0,221,0.0,5,0.0,5,0.0,5,0.0,8,0.0,0.0,1,64516.0,20,5,0.0,True,True,0.0,0.0,5,ab_pingpongball3,False
13924.0,18,3,0.11519663035869598,4.0,0.0,5,0.0,5,0.0,5,0.0,0.4496673047542572,protected first-frame anchor for both z and d,0.0,1,False,10,0.0,0.0,0.0,0.0,True,"[224, 224]",13806.0,18,3,0.11519663035869598,4.0,0.0,5,0.0,5,0.0,5,0.0,0.5912737846374512,protected first-frame anchor for both z and d,0.0,1,False,10,0.0,0.0,0.0,0.0,True,"[224, 224]",13689.0,18,3,0.11519663035869598,4.0,0.0,4,0.0,5,0.0,5,0.0,0.6335636377334595,protected first-frame anchor for both z and d,0.0,1,,,False,9,0.0,0.0,0.0,0.0,True,"[224, 224]",13689.0,18,3,0.11519663035869598,4.0,0.0,5,0.0,5,0.0,5,0.0,0.5791326761245728,protected first-frame anchor for both z and d,0.0,1,False,10,0.0,0.0,0.0,0.0,True,"[224, 224]",13806.0,18,3,0.11519663035869598,4.0,0.0,5,0.0,5,0.0,5,0.0,0.5729040503501892,protected first-frame anchor for both z and d,0.0,1,False,10,0.0,0.0,0.0,0.0,True,"[224, 224]",54990.0,18,3,0.11519663035869598,8.0,0.0,5,0.7849254007810261,5,0.0,5,0.7849254007810261,0.5239200592041016,protected first-frame anchor for both z and d,0.7849254007810261,1,True,10,0.0,0.7849254007810261,0.7849254007810261,0.0,True,"[224, 224]",/data/gb/outputs/abc_temporal_train_s42_20261003,True,0.0,0.0,223,0.0,5,0.0,5,0.0,5,0.0,10,0.0,0.0,1,13806.0,245,5,0.0,True,True,0.0,0.0,5,boybesidesbar2putcup,False
26244.0,6,1,0.04041155707091093,4.0,0.0,5,0.0,5,0.0,5,0.0,0.4565882086753845,protected first-frame anchor for both z and d,0.0,1,False,10,0.0,0.0,0.0,0.0,True,"[224, 224]",26244.0,6,1,0.04041155707091093,4.0,0.0,5,0.0,5,0.0,5,0.0,0.5425857305526733,protected first-frame anchor for both z and d,0.0,1,False,10,0.0,0.0,0.0,0.0,True,"[224, 224]",26244.0,6,1,0.04041155707091093,4.0,0.0,5,0.0,5,0.0,5,0.0,0.5460332632064819,protected first-frame anchor for both z and d,0.0,1,,,False,10,0.0,0.0,0.0,0.0,True,"[224, 224]",26406.0,6,1,0.04041155707091093,4.0,0.0,4,0.0,5,0.0,5,0.0,0.4830472469329834,protected first-frame anchor for both z and d,0.0,1,False,9,0.0,0.0,0.0,0.0,True,"[224, 224]",26244.0,6,1,0.04041155707091093,4.0,0.0,5,0.0,5,0.0,5,0.0,0.5095368027687073,protected first-frame anchor for both z and d,0.0,1,False,10,0.0,0.0,0.0,0.0,True,"[224, 224]",104448.0,6,1,0.04041155707091093,8.0,0.0,5,0.0,5,0.0,5,0.0,0.4550923705101013,protected first-frame anchor for both z and d,0.0,1,False,10,0.0,0.0,0.0,0.0,True,"[224, 224]",/data/gb/outputs/abc_temporal_train_s42_20261003,True,0.0,0.0,228,0.0,5,0.0,5,0.0,5,0.0,6,0.0,0.0,1,26244.0,51,5,0.0,True,True,0.0,0.0,5,basketballatright,False
54756.0,12,2,0.07712611090391874,4.0,0.0,5,0.0,5,0.0,5,0.0,0.5140966773033142,protected first-frame anchor for both z and d,0.0,1,False,9,0.0,0.0,0.0,0.0,True,"[224, 224]",54289.0,12,2,0.07712611090391874,4.0,0.0,4,0.0,5,0.0,5,0.0,0.5223600268363953,protected first-frame anchor for both z and d,0.0,1,False,8,0.0,0.0,0.0,0.0,True,"[224, 224]",54522.0,12,2,0.07712611090391874,4.0,0.0,3,0.0,5,0.0,5,0.0,0.5888782739639282,protected first-frame anchor for both z and d,0.0,1,,,False,7,0.0,0.0,0.0,0.0,True,"[224, 224]",54522.0,12,2,0.07712611090391874,4.0,0.0,3,0.0,5,0.0,5,0.0,0.5389817357063293,protected first-frame anchor for both z and d,0.0,1,False,7,0.0,0.0,0.0,0.0,True,"[224, 224]",54522.0,12,2,0.07712611090391874,4.0,0.0,5,0.0,5,0.0,5,0.0,0.47097596526145935,protected first-frame anchor for both z and d,0.0,1,False,9,0.0,0.0,0.0,0.0,True,"[224, 224]",218089.0,12,2,0.07712611090391874,8.0,0.0,5,0.0,5,0.0,5,0.0,0.5073196887969971,protected first-frame anchor for both z and d,0.0,1,False,9,0.0,0.0,0.0,0.0,True,"[224, 224]",/data/gb/outputs/abc_temporal_train_s42_20261003,True,0.0,0.0,296,0.0,4,0.0,5,0.0,5,0.0,4,0.0,0.0,1,54289.0,251,4,0.0,True,True,0.0,0.0,4,blkboycoming,False
394507.4375,12,2,0.07712611090391874,4.0,0.0,5,0.0,5,0.0,5,0.0,0.45713621377944946,protected first-frame anchor for both z and d,0.0,1,False,10,0.0,0.0,0.0,0.0,True,"[224, 224]",396628.59375,12,2,0.07712611090391874,4.0,0.0,5,0.00578866967052109,5,0.0,5,0.0,0.8759925961494446,protected first-frame anchor for both z and d,0.0,1,False,10,0.0,0.0,0.0,0.0,True,"[224, 224]",395553.09375,12,2,0.07712611090391874,4.0,0.0,5,0.0,5,0.0,5,0.0,0.5275317430496216,protected first-frame anchor for both z and d,0.0,1,,,False,10,0.0,0.0,0.0,0.0,True,"[224, 224]",397349.71875,12,2,0.07712611090391874,4.0,0.0,5,0.014575297258188551,5,0.0,5,0.0,0.8418018221855164,protected first-frame anchor for both z and d,0.0,1,False,10,0.0,0.0,0.0,0.0,True,"[224, 224]",396905.40625,12,2,0.07712611090391874,4.0,0.0,5,0.04557658033174079,5,0.0,5,0.0,0.6792809963226318,protected first-frame anchor for both z and d,0.008815060686640739,1,False,10,0.0,0.0,0.008815060686640739,0.0,True,"[224, 224]",1575275.25,12,2,0.07712611090391874,8.0,0.0,5,0.7057543066038418,5,0.0,5,0.678874926447054,0.5794751048088074,protected first-frame anchor for both z and d,0.678874926447054,1,True,10,0.0,0.678874926447054,0.678874926447054,0.0,True,"[224, 224]",/data/gb/outputs/abc_temporal_train_s42_20261003,True,0.0,0.0,313,0.0,5,0.016363825467085934,5,0.0,5,0.0,12,0.0,0.0,1,396628.59375,67,5,0.0,True,True,0.0,0.0,5,boyputtinghandup,False
104976.0,18,3,0.11224349122494459,4.0,0.0,5,0.0,5,0.0,5,0.0,0.4412910044193268,protected first-frame anchor for both z and d,0.0,1,False,10,0.0,0.0,0.0,0.0,True,"[224, 224]",104652.0,18,3,0.11224349122494459,4.0,0.0,4,0.0,5,0.0,5,0.0,0.7739464640617371,protected first-frame anchor for both z and d,0.0,1,False,9,0.0,0.0,0.0,0.0,True,"[224, 224]",104329.0,18,3,0.11224349122494459,4.0,0.7879202804838138,5,0.853309851726644,5,0.7879202804838138,5,0.7879202804838138,0.8078662753105164,protected first-frame anchor for both z and d,0.7879202804838138,1,,,True,10,0.7879202804838138,0.7879202804838138,0.7879202804838138,0.7879202804838138,True,"[224, 224]",104652.0,18,3,0.11224349122494459,4.0,0.0,5,0.0,5,0.0,5,0.0,0.7787727117538452,protected first-frame anchor for both z and d,0.0,1,False,10,0.0,0.0,0.0,0.0,True,"[224, 224]",104976.0,18,3,0.11224349122494459,4.0,0.0,5,0.0,5,0.0,5,0.0,0.7319505214691162,protected first-frame anchor for both z and d,0.0,1,False,10,0.0,0.0,0.0,0.0,True,"[224, 224]",415316.03125,18,3,0.11224349122494459,8.0,0.0,5,0.8535303128959718,5,0.0,5,0.8237039024079532,0.6065777540206909,protected first-frame anchor for both z and d,0.8237039024079532,1,True,10,0.0,0.8237039024079532,0.8237039024079532,0.0,True,"[224, 224]",/data/gb/outputs/abc_temporal_train_s42_20261003,True,0.0,0.0,339,0.0,5,0.0,5,0.0,5,0.0,6,0.0,0.0,1,104652.0,240,5,0.0,True,True,0.0,0.0,5,hyalinepaperfrontclothes,False
237169.0,18,3,0.11224349122494459,4.0,0.0,5,0.3874418143110611,5,0.21701753224606232,5,0.331882623750948,0.7222010493278503,protected first-frame anchor for both z and d,0.21701753224606232,1,False,10,0.21701753224606232,0.331882623750948,0.21701753224606232,0.0,True,"[224, 224]",236007.6875,18,3,0.11224349122494459,4.0,0.0,5,0.0,5,0.0,5,0.0,0.4779157340526581,protected first-frame anchor for both z and d,0.0,1,False,10,0.0,0.0,0.0,0.0,True,"[224, 224]",237169.0,18,3,0.11224349122494459,4.0,0.0,5,0.14404752949918417,5,0.11103265964355125,5,0.14404752949918417,0.7903386354446411,protected first-frame anchor for both z and d,0.11227533073213986,1,,,False,10,0.11103265964355125,0.14404752949918417,0.11227533073213986,0.0,True,"[224, 224]",237147.828125,18,3,0.11224349122494459,4.0,0.0,5,0.0,5,0.0,5,0.0,0.4790984094142914,protected first-frame anchor for both z and d,0.0,1,False,10,0.0,0.0,0.0,0.0,True,"[224, 224]",235736.5,18,3,0.11224349122494459,4.0,0.0,5,0.0,5,0.0,5,0.0,0.4748174548149109,protected first-frame anchor for both z and d,0.0,1,False,10,0.0,0.0,0.0,0.0,True,"[224, 224]",942554.3125,18,3,0.11224349122494459,8.0,0.0,5,0.44542411371141416,5,0.32861713440152784,5,0.3324439515780473,0.5300651788711548,protected first-frame anchor for both z and d,0.32861713440152784,1,False,10,0.32861713440152784,0.3324439515780473,0.32861713440152784,0.0,True,"[224, 224]",/data/gb/outputs/abc_temporal_train_s42_20261003,True,0.0,0.0,345,0.0,5,0.0,5,0.0,5,0.0,5,0.0,0.0,1,236007.6875,204,5,0.0,True,True,0.0,0.0,5,yellowgirlwithbowl,False
22744.615234375,18,3,0.11224349122494459,4.0,0.0,5,0.4629144547523587,5,0.13657379827603178,5,0.2109698397130012,0.4427523910999298,protected first-frame anchor for both z and d,0.0,1,True,10,0.13657379827603178,0.2109698397130012,0.11154135342708602,0.0,True,"[224, 224]",22400.0,18,3,0.11224349122494459,4.0,0.0,5,0.8254500334191806,5,0.37534300598114595,5,0.4079164601606199,0.6622465252876282,protected first-frame anchor for both z and d,0.1442294086339963,1,True,10,0.37534300598114595,0.4079164601606199,0.1442294086339963,0.0,True,"[224, 224]",22549.33203125,18,3,0.11224349122494459,4.0,0.0,5,0.15753863736156998,5,0.0,5,0.07628771703781649,0.5116340517997742,protected first-frame anchor for both z and d,0.0017853836837230556,1,,,False,10,0.11154135342708602,0.11154135342708602,0.11154135342708602,0.0,True,"[224, 224]",22336.36328125,18,3,0.11224349122494459,4.0,0.008199829993908126,5,0.7885685291952065,5,0.47220816076398897,5,0.47220816076398897,0.6192859411239624,protected first-frame anchor for both z and d,0.35758372465056537,1,True,10,0.47220816076398897,0.47220816076398897,0.35758372465056537,0.0,True,"[224, 224]",22400.0,18,3,0.11224349122494459,4.0,0.02026407682542806,5,0.8097292909599891,5,0.7499929619874577,5,0.5282708213019497,0.5972294211387634,protected first-frame anchor for both z and d,0.25417445116751936,1,True,10,0.7499929619874577,0.5282708213019497,0.25417445116751936,0.0,True,"[224, 224]",89445.5234375,18,3,0.11224349122494459,8.0,0.18765117182332108,5,0.7390210974951095,5,0.4492527774382335,5,0.18765117182332108,0.6327303051948547,protected first-frame anchor for both z and d,0.18765117182332108,1,True,10,0.4492527774382335,0.18765117182332108,0.18765117182332108,0.0,True,"[224, 224]",/data/gb/outputs/abc_temporal_train_s42_20261003,True,0.0,0.0,350,0.0,5,0.6567929251860621,5,0.3846495848051357,5,0.6011519943425875,9,0.18342233255501517,0.18342233255501517,1,22400.0,158,5,0.11154135342708602,True,True,0.11154135342708602,0.0,5,highright2ndboy,True
59040.0,24,4,0.15088013326749206,4.0,0.0,5,0.0,5,0.0,5,0.0,0.44166022539138794,protected first-frame anchor for both z and d,0.0,1,False,10,0.0,0.0,0.0,0.0,True,"[224, 224]",60352.0,24,4,0.15088013326749206,4.0,0.0,5,0.0,5,0.0,5,0.0,0.5106087327003479,protected first-frame anchor for both z and d,0.0,1,False,10,0.0,0.0,0.0,0.0,True,"[224, 224]",60113.453125,24,4,0.15088013326749206,4.0,0.0,5,0.0,5,0.0,5,0.0,0.4545400142669678,protected first-frame anchor for both z and d,0.0,1,,,False,10,0.0,0.0,0.0,0.0,True,"[224, 224]",60436.6484375,24,4,0.15088013326749206,4.0,0.0,5,0.0,5,0.0,5,0.0,0.5612701177597046,protected first-frame anchor for both z and d,0.0,1,False,10,0.0,0.0,0.0,0.0,True,"[224, 224]",60770.09375,24,4,0.15088013326749206,4.0,0.0,5,0.0,5,0.0,5,0.0,0.6003773212432861,protected first-frame anchor for both z and d,0.0,1,False,10,0.0,0.0,0.0,0.0,True,"[224, 224]",245380.640625,24,4,0.15088013326749206,8.0,0.0,5,0.10279848684654101,5,0.0,5,0.0,0.45291805267333984,protected first-frame anchor for both z and d,0.0,1,True,10,0.0,0.0,0.0,0.0,True,"[224, 224]",/data/gb/outputs/abc_temporal_train_s42_20261003,True,0.0,0.0,352,0.0,5,0.0,5,0.0,5,0.0,16,0.0,0.0,1,60352.0,111,5,0.0,True,True,0.0,0.0,5,ab_moto2north0,False
28352.876953125,24,4,0.15088013326749206,4.0,0.0,5,0.0,5,0.0,5,0.0,0.49580085277557373,protected first-frame anchor for both z and d,0.0,1,False,10,0.0,0.0,0.0,0.0,True,"[224, 224]",28521.642578125,24,4,0.15088013326749206,4.0,0.0,5,0.0,5,0.0,5,0.0,0.7578302621841431,protected first-frame anchor for both z and d,0.0,1,False,10,0.0,0.0,0.0,0.0,True,"[224, 224]",28561.0,24,4,0.15088013326749206,4.0,0.0,5,0.0,5,0.0,5,0.0,0.4428202509880066,protected first-frame anchor for both z and d,0.0,1,,,False,10,0.0,0.0,0.0,0.0,True,"[224, 224]",28590.546875,24,4,0.15088013326749206,4.0,0.0,5,0.0,5,0.0,5,0.0,0.623274028301239,protected first-frame anchor for both z and d,0.0,1,False,10,0.0,0.0,0.0,0.0,True,"[224, 224]",28392.0,24,4,0.15088013326749206,4.0,0.0,5,0.0,5,0.0,5,0.0,0.5666070580482483,protected first-frame anchor for both z and d,0.0,1,False,10,0.0,0.0,0.0,0.0,True,"[224, 224]",113524.59375,24,4,0.15088013326749206,8.0,0.0,5,0.0,5,0.0,5,0.0,0.5599843859672546,protected first-frame anchor for both z and d,0.0,1,False,10,0.0,0.0,0.0,0.0,True,"[224, 224]",/data/gb/outputs/abc_temporal_train_s42_20261003,True,0.0,0.0,356,0.0,5,0.0,5,0.0,5,0.0,16,0.0,0.0,1,28521.642578125,94,5,0.0,True,True,0.0,0.0,5,pingpongball,False
48400.0,24,4,0.15088013326749206,4.0,0.0,5,0.0,5,0.0,5,0.0,0.4601411521434784,protected first-frame anchor for both z and d,0.0,1,False,10,0.0,0.0,0.0,0.0,True,"[224, 224]",48180.0,24,4,0.15088013326749206,4.0,0.0,5,0.0,5,0.0,5,0.0,0.8124786019325256,protected first-frame anchor for both z and d,0.0,1,False,10,0.0,0.0,0.0,0.0,True,"[224, 224]",48400.0,24,4,0.15088013326749206,4.0,0.0,5,0.0,5,0.0,5,0.0,0.45790889859199524,protected first-frame anchor for both z and d,0.0,1,,,False,10,0.0,0.0,0.0,0.0,True,"[224, 224]",48180.0,24,4,0.15088013326749206,4.0,0.0,5,0.0,5,0.0,5,0.0,0.799318253993988,protected first-frame anchor for both z and d,0.0,1,False,10,0.0,0.0,0.0,0.0,True,"[224, 224]",48180.0,24,4,0.15088013326749206,4.0,0.0,5,0.0,5,0.0,5,0.0,0.7396610975265503,protected first-frame anchor for both z and d,0.0,1,False,10,0.0,0.0,0.0,0.0,True,"[224, 224]",192282.0,24,4,0.15088013326749206,8.0,0.0,5,0.0,5,0.0,5,0.0,0.5592084527015686,protected first-frame anchor for both z and d,0.0,1,False,10,0.0,0.0,0.0,0.0,True,"[224, 224]",/data/gb/outputs/abc_temporal_train_s42_20261003,True,0.0,0.0,365,0.0,5,0.0,5,0.0,5,0.0,13,0.0,0.0,1,48180.0,65,5,0.0,True,True,0.0,0.0,5,pingpongball2,False
242688.734375,24,4,0.15088013326749206,4.0,0.0,5,0.5902339167464901,5,0.0,5,0.5550561703761986,0.446124404668808,protected first-frame anchor for both z and d,0.5550561703761986,1,True,10,0.0,0.5550561703761986,0.5550561703761986,0.0,True,"[224, 224]",242051.671875,24,4,0.15088013326749206,4.0,0.0,5,0.0,5,0.0,5,0.0,0.9341986775398254,protected first-frame anchor for both z and d,0.0,1,False,10,0.0,0.0,0.0,0.0,True,"[224, 224]",243459.03125,24,4,0.15088013326749206,4.0,0.0,5,0.0,5,0.0,5,0.0,0.46826356649398804,protected first-frame anchor for both z and d,0.0,1,,,False,10,0.0,0.0,0.0,0.0,True,"[224, 224]",243583.0625,24,4,0.15088013326749206,4.0,0.0,5,0.0,5,0.0,5,0.0,0.934505045413971,protected first-frame anchor for both z and d,0.0,1,False,10,0.0,0.0,0.0,0.0,True,"[224, 224]",242118.96875,24,4,0.15088013326749206,4.0,0.0,5,0.0,5,0.0,5,0.0,0.9400268197059631,protected first-frame anchor for both z and d,0.0,1,False,10,0.0,0.0,0.0,0.0,True,"[224, 224]",966813.375,24,4,0.15088013326749206,8.0,0.0,5,0.1072214637602066,5,0.0,5,0.0,0.5844256281852722,protected first-frame anchor for both z and d,0.0,1,True,10,0.0,0.0,0.0,0.0,True,"[224, 224]",/data/gb/outputs/abc_temporal_train_s42_20261003,True,0.0,0.0,379,0.0,5,0.0,5,0.0,5,0.0,14,0.0,0.0,1,242051.671875,197,5,0.0,True,True,0.0,0.0,5,ab_minibusstops,False
290433.34375,6,1,0.0436567859724164,4.0,0.0,5,0.2051321344208064,5,0.0,5,0.0,0.5477698445320129,protected first-frame anchor for both z and d,0.019726556919037127,1,False,10,0.0,0.0,0.019726556919037127,0.0,True,"[224, 224]",288999.09375,6,1,0.0436567859724164,4.0,0.0,5,0.0,5,0.0,5,0.0,0.5271088480949402,protected first-frame anchor for both z and d,0.0,1,False,10,0.0,0.0,0.0,0.0,True,"[224, 224]",289506.75,6,1,0.0436567859724164,4.0,0.0,5,0.0,5,0.0,5,0.0,0.6691972017288208,protected first-frame anchor for both z and d,0.0,1,,,False,10,0.0,0.0,0.0,0.0,True,"[224, 224]",289618.25,6,1,0.0436567859724164,4.0,0.0,5,0.0,5,0.0,5,0.0,0.5570600628852844,protected first-frame anchor for both z and d,0.0,1,False,10,0.0,0.0,0.0,0.0,True,"[224, 224]",287832.8125,6,1,0.0436567859724164,4.0,0.0,5,0.0,5,0.0,5,0.0,0.560494065284729,protected first-frame anchor for both z and d,0.0,1,False,10,0.0,0.0,0.0,0.0,True,"[224, 224]",1149913.125,6,1,0.0436567859724164,8.0,0.0,5,0.08135379035388957,5,0.0,5,0.0,0.47631925344467163,protected first-frame anchor for both z and d,0.0,1,False,10,0.0,0.0,0.0,0.0,True,"[224, 224]",/data/gb/outputs/abc_temporal_train_s42_20261003,True,0.0,0.0,407,0.0,5,0.0,5,0.0,5,0.0,16,0.0,0.0,1,288999.09375,180,5,0.0,True,True,0.0,0.0,5,rightblkboybesidesred,False
29929.0,6,1,0.04043996101245284,4.0,0.0,5,0.0,5,0.0,5,0.0,0.4428323805332184,protected first-frame anchor for both z and d,0.0,1,False,10,0.05424811429309383,0.05424811429309383,0.05424811429309383,0.05424811429309383,True,"[224, 224]",29929.0,6,1,0.04043996101245284,4.0,0.40901974980206934,5,0.7610243591389011,5,0.4707432632021387,5,0.40901974980206934,0.45528432726860046,protected first-frame anchor for both z and d,0.40901974980206934,1,True,10,0.4707432632021387,0.40901974980206934,0.40901974980206934,0.05424811429309383,True,"[224, 224]",30102.0,6,1,0.04043996101245284,4.0,0.0,5,0.0,5,0.0,5,0.0,0.458520770072937,protected first-frame anchor for both z and d,0.0,1,,,False,10,0.05424811429309383,0.05424811429309383,0.05424811429309383,0.05424811429309383,True,"[224, 224]",30276.0,6,1,0.04043996101245284,4.0,0.44571862633197673,5,0.7067586511539162,5,0.44571862633197673,5,0.44571862633197673,0.45859870314598083,protected first-frame anchor for both z and d,0.44571862633197673,1,True,10,0.44571862633197673,0.44571862633197673,0.44571862633197673,0.05424811429309383,True,"[224, 224]",29929.0,6,1,0.04043996101245284,4.0,0.16214550642992323,4,0.7197899440972938,5,0.5511637113697428,5,0.5511637113697428,0.5491496324539185,protected first-frame anchor for both z and d,0.2927535274080141,1,True,9,0.5511637113697428,0.5511637113697428,0.2927535274080141,0.05424811429309383,True,"[224, 224]",119955.2265625,6,1,0.04043996101245284,8.0,0.3731419512570725,5,0.3731419512570725,5,0.3731419512570725,5,0.3731419512570725,0.4814552664756775,protected first-frame anchor for both z and d,0.3731419512570725,1,True,10,0.3731419512570725,0.3731419512570725,0.3731419512570725,0.05424811429309383,True,"[224, 224]",/data/gb/outputs/abc_temporal_train_s42_20261003,True,0.0,0.0,431,0.05424811318516731,5,0.6354807476430955,5,0.46846031834979307,5,0.14618049207570333,5,0.05424811429309383,0.05424811429309383,1,29929.0,114,5,0.05424811429309383,True,True,0.05424811429309383,0.05424811429309383,5,ab_bikeboycoming,True
45796.0,18,3,0.11496727727353573,4.0,0.0,5,0.32084838220573786,5,0.0,5,0.21958877317244074,0.44210416078567505,protected first-frame anchor for both z and d,0.0013960610494462317,1,True,10,0.17721010471376636,0.21958877317244074,0.17721010471376636,0.17721010471376636,True,"[224, 224]",45796.0,18,3,0.11496727727353573,4.0,0.18123759004802986,5,0.8000964514038611,5,0.7221257194701938,5,0.7377865512731803,0.842561662197113,protected first-frame anchor for both z and d,0.18123759004802986,1,True,10,0.7221257194701938,0.7377865512731803,0.18123759004802986,0.17721010471376636,True,"[224, 224]",46010.0,18,3,0.11496727727353573,4.0,0.7635243960730514,4,0.9399263075434513,5,0.7635243960730514,5,0.8456822858332547,0.5965738892555237,protected first-frame anchor for both z and d,0.7635243960730514,1,,,True,9,0.7635243960730514,0.8456822858332547,0.7635243960730514,0.17721010471376636,True,"[224, 224]",45796.0,18,3,0.11496727727353573,4.0,0.1878280672692098,5,0.7443660851317258,5,0.7443660851317258,5,0.7065019250731448,0.8568467497825623,protected first-frame anchor for both z and d,0.1878280672692098,1,True,10,0.7443660851317258,0.7065019250731448,0.1878280672692098,0.17721010471376636,True,"[224, 224]",46010.0,18,3,0.11496727727353573,4.0,0.20317904618794916,5,0.8883074720756238,5,0.7999175428649207,5,0.7999175428649207,0.779725193977356,protected first-frame anchor for both z and d,0.20317904618794916,1,True,10,0.7999175428649207,0.7999175428649207,0.20317904618794916,0.17721010471376636,True,"[224, 224]",184900.0,18,3,0.11496727727353573,8.0,0.7463756671442768,5,0.7893271541521224,5,0.7463756671442768,5,0.7463756671442768,0.6415327787399292,protected first-frame anchor for both z and d,0.7463756671442768,1,True,10,0.7463756671442768,0.7463756671442768,0.7463756671442768,0.17721010471376636,True,"[224, 224]",/data/gb/outputs/abc_temporal_train_s42_20261003,True,0.0,0.0,460,0.17721010744571686,5,0.7521162503728395,5,0.6845055830938304,5,0.6978682472915739,6,0.17721010471376636,0.1764488122702119,1,45796.0,147,5,0.17721010471376636,True,True,0.17721010471376636,0.17721010471376636,5,the4thwhiteboy,True
33124.0,18,3,0.11496727727353573,4.0,0.0,5,0.28618772928215297,5,0.0,5,0.0,0.4429571032524109,protected first-frame anchor for both z and d,0.0,1,True,10,0.37684284002968127,0.37684284002968127,0.37684284002968127,0.0,True,"[224, 224]",32942.0,18,3,0.11496727727353573,4.0,0.0,5,0.41160993533162693,5,0.0,5,0.37410258078943415,0.6271253228187561,protected first-frame anchor for both z and d,0.37410258078943415,1,True,10,0.37684284002968127,0.37684284002968127,0.37684284002968127,0.0,True,"[224, 224]",32761.0,18,3,0.11496727727353573,4.0,0.18540181520703855,5,0.8157202512224623,5,0.7475003916038769,5,0.8157202512224623,0.6808907985687256,protected first-frame anchor for both z and d,0.18540181520703855,1,,,True,10,0.7475003916038769,0.8157202512224623,0.37684284002968127,0.18540181520703855,True,"[224, 224]",32761.0,18,3,0.11496727727353573,4.0,0.0,5,0.30100195604220986,5,0.26381612701528273,5,0.2756640176995061,0.6344215869903564,protected first-frame anchor for both z and d,0.2756640176995061,1,False,10,0.37684284002968127,0.37684284002968127,0.37684284002968127,0.0,True,"[224, 224]",32761.0,18,3,0.11496727727353573,4.0,0.0,5,0.24895754462700376,5,0.232065105847141,5,0.232065105847141,0.6329518556594849,protected first-frame anchor for both z and d,0.232065105847141,1,False,10,0.37684284002968127,0.37684284002968127,0.37684284002968127,0.0,True,"[224, 224]",131406.0,18,3,0.11496727727353573,8.0,0.0,5,0.5595600893207691,5,0.5365907276430959,5,0.5595600893207691,0.5560969114303589,protected first-frame anchor for both z and d,0.4833309752250522,1,True,10,0.5365907276430959,0.5595600893207691,0.4833309752250522,0.0,True,"[224, 224]",/data/gb/outputs/abc_temporal_train_s42_20261003,True,0.0,0.0,463,0.0,5,0.4083154205908344,5,0.0,5,0.37126665927674335,9,0.37684284002968127,0.37684284002968127,1,32942.0,78,5,0.37126665927674335,True,True,0.37684284002968127,0.0,5,left3rdrunwaygirlbesideswhitepants,True
82240.484375,18,3,0.11496727727353573,4.0,0.7301725066943382,5,0.7578944458512527,5,0.7301725066943382,5,0.7301725066943382,0.5434703230857849,protected first-frame anchor for both z and d,0.7301725066943382,1,True,10,0.7301725066943382,0.7301725066943382,0.7301725066943382,0.0,True,"[224, 224]",82240.484375,18,3,0.11496727727353573,4.0,0.0,5,0.052888412132381754,5,0.0,5,0.0,0.6088671088218689,protected first-frame anchor for both z and d,0.0,1,False,10,0.0,0.0,0.0,0.0,True,"[224, 224]",82468.9453125,18,3,0.11496727727353573,4.0,0.0,5,0.4800206628923983,5,0.0,5,0.0,0.44508615136146545,protected first-frame anchor for both z and d,0.476132502596762,1,,,True,10,0.0,0.0,0.476132502596762,0.0,True,"[224, 224]",82806.4453125,18,3,0.11496727727353573,4.0,0.0,5,0.2930003667585492,5,0.0,5,0.0,0.6437815427780151,protected first-frame anchor for both z and d,0.0,1,False,10,0.0,0.0,0.0,0.0,True,"[224, 224]",82594.90625,18,3,0.11496727727353573,4.0,0.0,5,0.32385773513567073,5,0.0,5,0.0,0.56252521276474,protected first-frame anchor for both z and d,0.0,1,False,10,0.0,0.0,0.0,0.0,True,"[224, 224]",332269.90625,18,3,0.11496727727353573,8.0,0.0,5,0.2658333382155238,5,0.0,5,0.0,0.4110650420188904,protected first-frame anchor for both z and d,0.0,1,True,10,0.0,0.0,0.0,0.0,True,"[224, 224]",/data/gb/outputs/abc_temporal_train_s42_20261003,True,0.0,0.0,472,0.0,5,0.06428566664573773,5,0.0,5,0.0,16,0.0,0.0,1,82240.484375,62,5,0.0,True,True,0.0,0.0,5,ab_moto2north0,False
24336.0,18,3,0.11260916898027062,4.0,0.0,5,0.0,5,0.0,5,0.0,0.7181740999221802,protected first-frame anchor for both z and d,0.0,1,False,7,0.0,0.0,0.0,0.0,True,"[224, 224]",24492.0,18,3,0.11260916898027062,4.0,0.0,2,0.0,5,0.0,5,0.0,0.5298400521278381,protected first-frame anchor for both z and d,0.0,1,False,4,0.0,0.0,0.0,0.0,True,"[224, 224]",24336.0,18,3,0.11260916898027062,4.0,0.0,5,0.0,5,0.0,5,0.0,0.49884873628616333,protected first-frame anchor for both z and d,0.0,1,,,False,7,0.0,0.0,0.0,0.0,True,"[224, 224]",24649.0,18,3,0.11260916898027062,4.0,0.0,3,0.0,5,0.0,5,0.0,0.5273412466049194,protected first-frame anchor for both z and d,0.0,1,False,5,0.0,0.0,0.0,0.0,True,"[224, 224]",24649.0,18,3,0.11260916898027062,4.0,0.0,5,0.0,5,0.0,5,0.0,0.5135363936424255,protected first-frame anchor for both z and d,0.0,1,False,7,0.0,0.0,0.0,0.0,True,"[224, 224]",97192.296875,18,3,0.11260916898027062,8.0,0.0,5,0.0,5,0.0,5,0.0,0.457139790058136,protected first-frame anchor for both z and d,0.0,1,False,7,0.0,0.0,0.0,0.0,True,"[224, 224]",/data/gb/outputs/abc_temporal_train_s42_20261003,True,0.0,0.0,487,0.0,2,0.0,5,0.0,5,0.0,2,0.0,0.0,1,24492.0,18,2,0.0,True,True,0.0,0.0,2,basketballatright,False
30800.0,18,3,0.11260916898027062,4.0,0.016541716271575687,5,0.3437953797479182,5,0.016541716271575687,5,0.016541716271575687,0.4557236433029175,protected first-frame anchor for both z and d,0.016541716271575687,1,False,10,0.016541716271575687,0.016541716271575687,0.016541716271575687,0.0,True,"[224, 224]",30625.0,18,3,0.11260916898027062,4.0,0.0,5,0.0,5,0.0,5,0.0,0.6602454781532288,protected first-frame anchor for both z and d,0.0,1,False,10,0.0,0.0,0.0,0.0,True,"[224, 224]",30625.0,18,3,0.11260916898027062,4.0,0.8065148329895999,5,0.8364361543746552,5,0.8065148329895999,5,0.8065148329895999,0.44198861718177795,protected first-frame anchor for both z and d,0.8065148329895999,1,,,True,10,0.8065148329895999,0.8065148329895999,0.8065148329895999,0.0,True,"[224, 224]",30800.0,18,3,0.11260916898027062,4.0,0.0,5,0.0,5,0.0,5,0.0,0.666526198387146,protected first-frame anchor for both z and d,0.0,1,False,10,0.0,0.0,0.0,0.0,True,"[224, 224]",30800.0,18,3,0.11260916898027062,4.0,0.0,5,0.0,5,0.0,5,0.0,0.7580882906913757,protected first-frame anchor for both z and d,0.0,1,False,10,0.0,0.0,0.0,0.0,True,"[224, 224]",123201.0,18,3,0.11260916898027062,8.0,0.0,5,0.5252602089714657,5,0.0,5,0.0,0.4766998589038849,protected first-frame anchor for both z and d,0.5252602089714657,1,True,10,0.0,0.0,0.5252602089714657,0.0,True,"[224, 224]",/data/gb/outputs/abc_temporal_train_s42_20261003,True,0.0,0.0,501,0.0,5,0.0,5,0.0,5,0.0,7,0.0,0.0,1,30625.0,227,5,0.0,True,True,0.0,0.0,5,leftboyleftblkbackpack,False
99297.8828125,18,3,0.11260916898027062,4.0,0.0,5,0.0,5,0.0,5,0.0,0.44106432795524597,protected first-frame anchor for both z and d,0.0,1,False,10,0.0,0.0,0.0,0.0,True,"[224, 224]",97598.0078125,18,3,0.11260916898027062,4.0,0.0,5,0.0,5,0.0,5,0.0,0.4922197461128235,protected first-frame anchor for both z and d,0.0,1,False,10,0.0,0.0,0.0,0.0,True,"[224, 224]",97481.921875,18,3,0.11260916898027062,4.0,0.0,5,0.0,5,0.0,5,0.0,0.44404685497283936,protected first-frame anchor for both z and d,0.0,1,,,False,10,0.0,0.0,0.0,0.0,True,"[224, 224]",97842.8671875,18,3,0.11260916898027062,4.0,0.0,5,0.0,5,0.0,5,0.0,0.5960816740989685,protected first-frame anchor for both z and d,0.0,1,False,10,0.0,0.0,0.0,0.0,True,"[224, 224]",97731.8828125,18,3,0.11260916898027062,4.0,0.0,5,0.0,5,0.0,5,0.0,0.5861400961875916,protected first-frame anchor for both z and d,0.0,1,False,10,0.0,0.0,0.0,0.0,True,"[224, 224]",392285.0625,18,3,0.11260916898027062,8.0,0.0,5,0.05694405177112748,5,0.03571129111197719,5,0.05441262245792757,0.45215409994125366,protected first-frame anchor for both z and d,0.05694405177112748,1,True,10,0.03571129111197719,0.05441262245792757,0.05694405177112748,0.0,True,"[224, 224]",/data/gb/outputs/abc_temporal_train_s42_20261003,True,0.0,0.0,502,0.0,5,0.0,5,0.0,5,0.0,16,0.0,0.0,1,97598.0078125,151,5,0.0,True,True,0.0,0.0,5,ab_moto2north0,False
116180.3359375,12,2,0.07752821128815413,4.0,0.0,5,0.0,5,0.0,5,0.0,0.3826958239078522,protected first-frame anchor for both z and d,0.0,1,False,10,0.0,0.0,0.0,0.0,True,"[224, 224]",116964.0,12,2,0.07752821128815413,4.0,0.0,5,0.5670426133552007,5,0.03377236852805228,5,0.10091359796209964,0.8974053263664246,protected first-frame anchor for both z and d,0.0,1,True,10,0.03377236852805228,0.10091359796209964,0.0,0.0,True,"[224, 224]",116964.0,12,2,0.07752821128815413,4.0,0.0,4,0.6086977145249907,5,0.0,5,0.37245996443602924,0.3344230651855469,protected first-frame anchor for both z and d,0.0,1,,,True,9,0.0,0.37245996443602924,0.0,0.0,True,"[224, 224]",116964.0,12,2,0.07752821128815413,4.0,0.0,5,0.6293839599738843,5,0.037711431114623335,5,0.2067573077220203,0.8770660758018494,protected first-frame anchor for both z and d,0.0,1,True,10,0.037711431114623335,0.2067573077220203,0.0,0.0,True,"[224, 224]",116964.0,12,2,0.07752821128815413,4.0,0.0,5,0.5655755439916084,5,0.03291842671576725,5,0.09980841673189117,0.8954538106918335,protected first-frame anchor for both z and d,0.0,1,True,10,0.03291842671576725,0.09980841673189117,0.0,0.0,True,"[224, 224]",464672.5,12,2,0.07752821128815413,8.0,0.0,5,0.22105786769556876,5,0.09293529681533272,5,0.0966044558936335,0.7703236937522888,protected first-frame anchor for both z and d,0.0,1,True,10,0.09293529681533272,0.0966044558936335,0.0,0.0,True,"[224, 224]",/data/gb/outputs/abc_temporal_train_s42_20261003,True,0.0,0.0,540,0.0,5,0.819550887162038,5,0.04824670487600896,5,0.819550887162038,8,0.0,0.0,1,116964.0,254,5,0.0,True,True,0.0,0.0,5,whiteboy`head,True
18943.275390625,12,2,0.07752821128815413,4.0,0.0,5,0.0,5,0.0,5,0.0,0.4537040591239929,protected first-frame anchor for both z and d,0.0,1,False,10,0.0,0.0,0.0,0.0,True,"[224, 224]",19044.0,12,2,0.07752821128815413,4.0,0.0,5,0.0,5,0.0,5,0.0,0.5225991010665894,protected first-frame anchor for both z and d,0.0,1,False,10,0.0,0.0,0.0,0.0,True,"[224, 224]",19092.830078125,12,2,0.07752821128815413,4.0,0.0,5,0.0,5,0.0,5,0.0,0.4407411217689514,protected first-frame anchor for both z and d,0.0,1,,,False,10,0.0,0.0,0.0,0.0,True,"[224, 224]",19044.0,12,2,0.07752821128815413,4.0,0.0,5,0.0,5,0.0,5,0.0,0.5075501799583435,protected first-frame anchor for both z and d,0.0,1,False,10,0.0,0.0,0.0,0.0,True,"[224, 224]",19044.0,12,2,0.07752821128815413,4.0,0.0,5,0.0,5,0.0,5,0.0,0.5615930557250977,protected first-frame anchor for both z and d,0.0,1,False,10,0.0,0.0,0.0,0.0,True,"[224, 224]",75097.4375,12,2,0.07752821128815413,8.0,0.0,5,0.0,5,0.0,5,0.0,0.48715025186538696,protected first-frame anchor for both z and d,0.0,1,False,10,0.0,0.0,0.0,0.0,True,"[224, 224]",/data/gb/outputs/abc_temporal_train_s42_20261003,True,0.0,0.0,542,0.0,5,0.0,5,0.0,5,0.0,6,0.0,0.0,1,19044.0,173,5,0.0,True,True,0.0,0.0,5,blackbag,False
29794.251953125,12,2,0.0776058929041028,4.0,0.0,5,0.38739141260154386,5,0.0,5,0.2122849451178902,0.5162460207939148,protected first-frame anchor for both z and d,0.10461228449167935,1,False,10,0.09058731600652156,0.2122849451178902,0.10461228449167935,0.0,True,"[224, 224]",29929.0,12,2,0.0776058929041028,4.0,0.2085268698396366,4,0.693185360939659,5,0.2085268698396366,5,0.2085268698396366,0.4805154502391815,protected first-frame anchor for both z and d,0.2085268698396366,1,True,9,0.2085268698396366,0.2085268698396366,0.2085268698396366,0.09058731600652156,True,"[224, 224]",29929.0,12,2,0.0776058929041028,4.0,0.0,5,0.11238633446186176,5,0.0,5,0.10560694934747149,0.4549657702445984,protected first-frame anchor for both z and d,0.0771049327510282,1,,,False,10,0.09058731600652156,0.10560694934747149,0.09058731600652156,0.09058731600652156,True,"[224, 224]",29929.0,12,2,0.0776058929041028,4.0,0.15334153732869055,5,0.6648659444206548,5,0.2918730055949183,5,0.2918730055949183,0.49963343143463135,protected first-frame anchor for both z and d,0.15334153732869055,1,True,10,0.2918730055949183,0.2918730055949183,0.15334153732869055,0.15334153732869055,True,"[224, 224]",29929.0,12,2,0.0776058929041028,4.0,0.22967013016368407,5,0.6681275723721252,5,0.22967013016368407,5,0.22967013016368407,0.4754883646965027,protected first-frame anchor for both z and d,0.22967013016368407,1,True,10,0.22967013016368407,0.22967013016368407,0.22967013016368407,0.09058731600652156,True,"[224, 224]",118471.703125,12,2,0.0776058929041028,8.0,0.16475248374551738,5,0.32331704593969857,5,0.32047792938140723,5,0.18141818060046103,0.4350799322128296,protected first-frame anchor for both z and d,0.16475248374551738,1,True,10,0.32047792938140723,0.18141818060046103,0.16475248374551738,0.09058731600652156,True,"[224, 224]",/data/gb/outputs/abc_temporal_train_s42_20261003,True,0.0,0.0,578,0.090587317943573,5,0.6913582291569025,5,0.16055142286828752,5,0.09058731600652156,5,0.09058731600652156,0.03170022799262246,1,29929.0,125,5,0.09058731600652156,True,True,0.09058731600652156,0.09058731600652156,5,ab_bikeboycoming,True
173555.90625,12,2,0.0776058929041028,4.0,0.0,5,0.1457366969117751,5,0.0,5,0.1457366969117751,0.4417000412940979,protected first-frame anchor for both z and d,0.0,1,True,10,0.062335717982277446,0.1457366969117751,0.062335717982277446,0.0,True,"[224, 224]",175142.0,12,2,0.0776058929041028,4.0,0.0,5,0.06604960706082487,5,0.027804553705632947,5,0.01179648941651279,0.7945131063461304,protected first-frame anchor for both z and d,0.062335717982277446,1,True,10,0.062335717982277446,0.062335717982277446,0.062335717982277446,0.0,True,"[224, 224]",174225.234375,12,2,0.0776058929041028,4.0,0.0,5,0.14121604820702172,5,0.0,5,0.12707105446809483,0.5052557587623596,protected first-frame anchor for both z and d,0.0,1,,,True,10,0.062335717982277446,0.12707105446809483,0.062335717982277446,0.0,True,"[224, 224]",174724.0,12,2,0.0776058929041028,4.0,0.0,5,0.06525335863067094,5,0.03980854144904223,5,0.0,0.8251275420188904,protected first-frame anchor for both z and d,0.06010156709400344,1,True,10,0.062335717982277446,0.062335717982277446,0.062335717982277446,0.0,True,"[224, 224]",174724.0,12,2,0.0776058929041028,4.0,0.0,5,0.06441546394720418,5,0.030279648001492555,5,0.012952026369370965,0.7235427498817444,protected first-frame anchor for both z and d,0.05851884523929888,1,True,10,0.062335717982277446,0.062335717982277446,0.062335717982277446,0.0,True,"[224, 224]",689093.625,12,2,0.0776058929041028,8.0,0.0,5,0.02784879534776234,5,0.020932746973058393,5,0.025647547865689072,0.7232744097709656,protected first-frame anchor for both z and d,0.009830134563863667,1,True,10,0.062335717982277446,0.062335717982277446,0.062335717982277446,0.0,True,"[224, 224]",/data/gb/outputs/abc_temporal_train_s42_20261003,True,0.0,0.0,592,0.0,5,0.06604960706082487,5,0.027804553705632947,5,0.01179648941651279,9,0.062335717982277446,0.062335717982277446,1,175142.0,65,5,0.062335717982277446,True,True,0.062335717982277446,0.0,5,dogfollowinggirl,True
66822.0,6,1,0.04833068139851093,4.0,0.0,5,0.0,5,0.0,5,0.0,0.44451379776000977,protected first-frame anchor for both z and d,0.0,1,False,10,0.0,0.0,0.0,0.0,True,"[224, 224]",67081.0,6,1,0.04833068139851093,4.0,0.0,4,0.0,5,0.0,5,0.0,0.5478813648223877,protected first-frame anchor for both z and d,0.0,1,False,9,0.0,0.0,0.0,0.0,True,"[224, 224]",66822.0,6,1,0.04833068139851093,4.0,0.0,5,0.0,5,0.0,5,0.0,0.447083979845047,protected first-frame anchor for both z and d,0.0,1,,,False,10,0.0,0.0,0.0,0.0,True,"[224, 224]",66822.0,6,1,0.04833068139851093,4.0,0.0,3,0.0,5,0.0,5,0.0,0.46366333961486816,protected first-frame anchor for both z and d,0.0,1,False,8,0.0,0.0,0.0,0.0,True,"[224, 224]",66822.0,6,1,0.04833068139851093,4.0,0.0,4,0.0,5,0.0,5,0.0,0.5098206400871277,protected first-frame anchor for both z and d,0.0,1,False,9,0.0,0.0,0.0,0.0,True,"[224, 224]",266027.53125,6,1,0.04833068139851093,8.0,0.0,5,0.600234179930238,5,0.0,5,0.4719308268052071,0.5278911590576172,protected first-frame anchor for both z and d,0.4719308268052071,1,True,10,0.0,0.4719308268052071,0.4719308268052071,0.0,True,"[224, 224]",/data/gb/outputs/abc_temporal_train_s42_20261003,True,0.0,0.0,629,0.0,5,0.0,5,0.0,5,0.0,5,0.0,0.0,1,67081.0,206,5,0.0,True,True,0.0,0.0,5,left3rdrunwaygirlbesideswhitepants,False
159657.375,6,1,0.04224425507709384,4.0,0.614265825793741,5,0.6222893571725755,5,0.614265825793741,5,0.614265825793741,0.4408496618270874,protected first-frame anchor for both z and d,0.614265825793741,1,True,10,0.614265825793741,0.614265825793741,0.614265825793741,0.0,True,"[224, 224]",160400.015625,6,1,0.04224425507709384,4.0,0.0,5,0.2744678486604414,5,0.2465712424480363,5,0.2465712424480363,0.47895747423171997,protected first-frame anchor for both z and d,0.2465712424480363,1,False,10,0.282264155579946,0.282264155579946,0.282264155579946,0.0,True,"[224, 224]",159659.578125,6,1,0.04224425507709384,4.0,0.8833241716632629,5,0.9204031247853675,5,0.8833241716632629,5,0.8833241716632629,0.6743157505989075,protected first-frame anchor for both z and d,0.8833241716632629,1,,,True,10,0.8833241716632629,0.8833241716632629,0.8833241716632629,0.0,True,"[224, 224]",160400.015625,6,1,0.04224425507709384,4.0,0.0,5,0.27798503749584846,5,0.24781687734376248,5,0.24781687734376248,0.5134743452072144,protected first-frame anchor for both z and d,0.24781687734376248,1,False,10,0.282264155579946,0.282264155579946,0.282264155579946,0.0,True,"[224, 224]",160000.0,6,1,0.04224425507709384,4.0,0.0,5,0.22107939791779335,5,0.18503341834709278,5,0.22107939791779335,0.490928053855896,protected first-frame anchor for both z and d,0.18503341834709278,1,False,10,0.282264155579946,0.282264155579946,0.282264155579946,0.0,True,"[224, 224]",638245.875,6,1,0.04224425507709384,8.0,0.0,5,0.7347892070931517,5,0.16341872775858027,5,0.6048992781492761,0.44207724928855896,protected first-frame anchor for both z and d,0.678324352974315,1,True,10,0.282264155579946,0.6048992781492761,0.678324352974315,0.0,True,"[224, 224]",/data/gb/outputs/abc_temporal_train_s42_20261003,True,0.0,0.0,656,0.0,5,0.3215872313978786,5,0.0,5,0.282264155579946,9,0.282264155579946,0.282264155579946,1,160400.015625,219,5,0.282264155579946,True,True,0.282264155579946,0.0,5,rightblkgirl,False
26732.0,6,1,0.04389069927856326,4.0,0.0,5,0.0,5,0.0,5,0.0,0.6831402778625488,protected first-frame anchor for both z and d,0.0,1,False,10,0.4778583108189844,0.4778583108189844,0.4778583108189844,0.0,True,"[224, 224]",26569.0,6,1,0.04389069927856326,4.0,0.0,5,0.4813682572088649,5,0.0,5,0.4778353193778693,0.738528311252594,protected first-frame anchor for both z and d,0.4778353193778693,1,True,10,0.4778583108189844,0.4778583108189844,0.4778583108189844,0.0,True,"[224, 224]",26896.0,6,1,0.04389069927856326,4.0,0.0,5,0.0,5,0.0,5,0.0,0.48736023902893066,protected first-frame anchor for both z and d,0.0,1,,,False,10,0.4778583108189844,0.4778583108189844,0.4778583108189844,0.0,True,"[224, 224]",26569.0,6,1,0.04389069927856326,4.0,0.0,5,0.4982146543099733,5,0.0,5,0.4982146543099733,0.782951295375824,protected first-frame anchor for both z and d,0.4982146543099733,1,True,10,0.4778583108189844,0.4982146543099733,0.4982146543099733,0.0,True,"[224, 224]",26732.0,6,1,0.04389069927856326,4.0,0.0,5,0.49106774813930637,5,0.0,5,0.47373524186026966,0.727297306060791,protected first-frame anchor for both z and d,0.47373524186026966,1,True,10,0.4778583108189844,0.4778583108189844,0.4778583108189844,0.0,True,"[224, 224]",106929.0,6,1,0.04389069927856326,8.0,0.0,5,0.10865510020935962,5,0.0,5,0.0,0.5306304097175598,protected first-frame anchor for both z and d,0.022883926320826593,1,True,10,0.4778583108189844,0.4778583108189844,0.4778583108189844,0.0,True,"[224, 224]",/data/gb/outputs/abc_temporal_train_s42_20261003,True,0.0,0.0,764,0.0,5,0.4816432865408684,5,0.0,5,0.4778583108189844,8,0.4778583108189844,0.4778583108189844,1,26569.0,228,5,0.4778583108189844,True,True,0.4778583108189844,0.0,5,2boysatblkcarend,True
52900.0,18,3,0.11093596275895834,4.0,0.0,5,0.40393294230437127,5,0.0,5,0.0,0.4900360405445099,protected first-frame anchor for both z and d,0.1865029690708568,1,True,10,0.2025437244654522,0.2025437244654522,0.2025437244654522,0.18384475422079088,True,"[224, 224]",52900.0,18,3,0.11093596275895834,4.0,0.18384475422079088,5,0.39632916347602726,5,0.2864988221023885,5,0.23620783128223083,0.6020383834838867,protected first-frame anchor for both z and d,0.2025437244654522,1,True,10,0.2864988221023885,0.23620783128223083,0.2025437244654522,0.18384475422079088,True,"[224, 224]",52900.0,18,3,0.11093596275895834,4.0,0.0,5,0.38952288864714013,5,0.0,5,0.0,0.48009800910949707,protected first-frame anchor for both z and d,0.1635022001174672,1,,,True,10,0.2025437244654522,0.2025437244654522,0.2025437244654522,0.18384475422079088,True,"[224, 224]",52900.0,18,3,0.11093596275895834,4.0,0.11631739520038423,5,0.4855903349176439,5,0.21716062063342442,5,0.20740860478263506,0.540935218334198,protected first-frame anchor for both z and d,0.20740860478263506,1,True,10,0.21716062063342442,0.20740860478263506,0.20740860478263506,0.18384475422079088,True,"[224, 224]",52900.0,18,3,0.11093596275895834,4.0,0.16019857573199112,5,0.429623879807436,5,0.29844332864073264,5,0.20088278529245418,0.6112170815467834,protected first-frame anchor for both z and d,0.16019857573199112,1,True,10,0.29844332864073264,0.2025437244654522,0.2025437244654522,0.16019857573199112,True,"[224, 224]",211200.578125,18,3,0.11093596275895834,8.0,0.2617124379131586,5,0.2640227720151402,5,0.2617124379131586,5,0.2617124379131586,0.4604053199291229,protected first-frame anchor for both z and d,0.2617124379131586,1,True,10,0.2617124379131586,0.2617124379131586,0.2617124379131586,0.18384475422079088,True,"[224, 224]",/data/gb/outputs/abc_temporal_train_s42_20261003,True,0.0,0.0,771,0.18384476006031036,5,0.39632916347602726,5,0.2864988221023885,5,0.23620783128223083,12,0.2025437244654522,0.2025437244654522,1,52900.0,146,5,0.2025437244654522,True,True,0.2025437244654522,0.18384475422079088,5,AQmanfromdarktrees,True
246913.515625,18,3,0.11093596275895834,4.0,0.0,5,0.6226977501308203,5,0.0,5,0.429768432243652,0.4426369369029999,protected first-frame anchor for both z and d,0.0,1,True,10,0.03775627670136774,0.429768432243652,0.03775627670136774,0.03775627670136774,True,"[224, 224]",246931.84375,18,3,0.11093596275895834,4.0,0.07850249098060616,5,0.4731186006992193,5,0.2806220161606906,5,0.28809557223805127,0.6816842555999756,protected first-frame anchor for both z and d,0.07850249098060616,1,True,10,0.2806220161606906,0.28809557223805127,0.07850249098060616,0.03775627670136774,True,"[224, 224]",246726.921875,18,3,0.11093596275895834,4.0,0.0,5,0.4271736970312552,5,0.4271736970312552,5,0.2939527569651919,0.4405162036418915,protected first-frame anchor for both z and d,0.07293758117918342,1,,,True,10,0.4271736970312552,0.2939527569651919,0.07293758117918342,0.03775627670136774,True,"[224, 224]",248157.21875,18,3,0.11093596275895834,4.0,0.1533152876762399,5,0.4297736765401135,5,0.26567393319765614,5,0.26113640228637014,0.6264030337333679,protected first-frame anchor for both z and d,0.1533152876762399,1,True,10,0.26567393319765614,0.26113640228637014,0.1533152876762399,0.03775627670136774,True,"[224, 224]",247262.78125,18,3,0.11093596275895834,4.0,0.06970267898399683,5,0.4698276679346891,5,0.29345441523598365,5,0.2987083712984611,0.7055560946464539,protected first-frame anchor for both z and d,0.06970267898399683,1,True,10,0.29345441523598365,0.2987083712984611,0.06970267898399683,0.03775627670136774,True,"[224, 224]",989728.0625,18,3,0.11093596275895834,8.0,0.07048175659735212,5,0.3355283686375824,5,0.11395847994993695,5,0.07048175659735212,0.5304092764854431,protected first-frame anchor for both z and d,0.07048175659735212,1,True,10,0.11395847994993695,0.07048175659735212,0.07048175659735212,0.03775627670136774,True,"[224, 224]",/data/gb/outputs/abc_temporal_train_s42_20261003,True,0.0,0.0,784,0.03775627538561821,5,0.4276087519165144,5,0.30865379469755994,5,0.30865379469755994,7,0.03775627670136774,0.025217404976549215,1,246931.84375,253,5,0.03775627670136774,True,True,0.03775627670136774,0.03775627670136774,5,whitebetweenblackandblue,True
27225.0,18,3,0.11093596275895834,4.0,0.0,5,0.0,5,0.0,5,0.0,0.46759548783302307,protected first-frame anchor for both z and d,0.0,1,False,10,0.0,0.0,0.0,0.0,True,"[224, 224]",27225.0,18,3,0.11093596275895834,4.0,0.0,5,0.0,5,0.0,5,0.0,0.5521911978721619,protected first-frame anchor for both z and d,0.0,1,False,10,0.0,0.0,0.0,0.0,True,"[224, 224]",27390.0,18,3,0.11093596275895834,4.0,0.0,5,0.0,5,0.0,5,0.0,0.49728184938430786,protected first-frame anchor for both z and d,0.0,1,,,False,10,0.0,0.0,0.0,0.0,True,"[224, 224]",27225.0,18,3,0.11093596275895834,4.0,0.0,5,0.0,5,0.0,5,0.0,0.5135131478309631,protected first-frame anchor for both z and d,0.0,1,False,10,0.0,0.0,0.0,0.0,True,"[224, 224]",27225.0,18,3,0.11093596275895834,4.0,0.0,5,0.0,5,0.0,5,0.0,0.5611347556114197,protected first-frame anchor for both z and d,0.0,1,False,10,0.0,0.0,0.0,0.0,True,"[224, 224]",108310.5859375,18,3,0.11093596275895834,8.0,0.0,5,0.0,5,0.0,5,0.0,0.4658949077129364,protected first-frame anchor for both z and d,0.0,1,False,10,0.0,0.0,0.0,0.0,True,"[224, 224]",/data/gb/outputs/abc_temporal_train_s42_20261003,True,0.0,0.0,787,0.0,5,0.0,5,0.0,5,0.0,8,0.0,0.0,1,27225.0,26,5,0.0,True,True,0.0,0.0,5,basketballatright,False
27451.275390625,18,3,0.11130059231072664,4.0,0.0,5,0.0,5,0.0,5,0.0,0.45312565565109253,protected first-frame anchor for both z and d,0.0,1,False,10,0.0,0.0,0.0,0.0,True,"[224, 224]",27889.0,18,3,0.11130059231072664,4.0,0.0,5,0.0,5,0.0,5,0.0,0.5560188293457031,protected first-frame anchor for both z and d,0.0,1,False,10,0.0,0.0,0.0,0.0,True,"[224, 224]",27556.0,18,3,0.11130059231072664,4.0,0.0,5,0.0,5,0.0,5,0.0,0.5210382342338562,protected first-frame anchor for both z and d,0.0,1,,,False,10,0.0,0.0,0.0,0.0,True,"[224, 224]",27722.0,18,3,0.11130059231072664,4.0,0.0,5,0.0,5,0.0,5,0.0,0.5546963810920715,protected first-frame anchor for both z and d,0.0,1,False,10,0.0,0.0,0.0,0.0,True,"[224, 224]",27722.0,18,3,0.11130059231072664,4.0,0.0,5,0.0,5,0.0,5,0.0,0.5299316644668579,protected first-frame anchor for both z and d,0.0,1,False,10,0.0,0.0,0.0,0.0,True,"[224, 224]",109762.390625,18,3,0.11130059231072664,8.0,0.0,5,0.0,5,0.0,5,0.0,0.46463462710380554,protected first-frame anchor for both z and d,0.0,1,False,10,0.0,0.0,0.0,0.0,True,"[224, 224]",/data/gb/outputs/abc_temporal_train_s42_20261003,True,0.0,0.0,803,0.0,5,0.0,5,0.0,5,0.0,6,0.0,0.0,1,27889.0,47,5,0.0,True,True,0.0,0.0,5,basketballatright,False
104386.8671875,18,3,0.11130059231072664,4.0,0.0,5,0.3286132872941773,5,0.0,5,0.2865862562258951,0.4424911141395569,protected first-frame anchor for both z and d,0.2865862562258951,1,False,10,0.21731266803872232,0.2865862562258951,0.2865862562258951,0.0,True,"[224, 224]",104329.0,18,3,0.11130059231072664,4.0,0.012593688339622633,4,0.33343601343118506,5,0.33343601343118506,5,0.012593688339622633,0.5785070061683655,protected first-frame anchor for both z and d,0.012593688339622633,1,True,9,0.33343601343118506,0.21731266803872232,0.21731266803872232,0.012593688339622633,True,"[224, 224]",104652.0,18,3,0.11130059231072664,4.0,0.0,4,0.43998233672601167,5,0.032426626845697706,5,0.43998233672601167,0.5153547525405884,protected first-frame anchor for both z and d,0.011434760314822736,1,,,True,9,0.21731266803872232,0.43998233672601167,0.21731266803872232,0.0,True,"[224, 224]",104652.0,18,3,0.11130059231072664,4.0,0.0,5,0.5876861558482711,5,0.5601168468052112,5,0.07362265857852943,0.6268094778060913,protected first-frame anchor for both z and d,0.04866758298828513,1,True,10,0.5601168468052112,0.21731266803872232,0.21731266803872232,0.0,True,"[224, 224]",104652.0,18,3,0.11130059231072664,4.0,0.00010327569072494682,4,0.34728020602783016,5,0.3163359545591273,5,0.15297750597200332,0.6007267236709595,protected first-frame anchor for both z and d,0.00010327569072494682,1,True,9,0.3163359545591273,0.21731266803872232,0.21731266803872232,0.00010327569072494682,True,"[224, 224]",415811.5,18,3,0.11130059231072664,8.0,0.0,3,0.24552701676606975,5,0.24552701676606975,5,0.24552701676606975,0.5102498531341553,protected first-frame anchor for both z and d,0.0,1,True,8,0.24552701676606975,0.24552701676606975,0.21731266803872232,0.0,True,"[224, 224]",/data/gb/outputs/abc_temporal_train_s42_20261003,True,0.0,0.0,821,0.0,5,0.43206810826300085,5,0.3908217402862932,5,0.12595153979070506,6,0.21731266803872232,0.21731266803872232,1,104329.0,153,5,0.21731266803872232,True,True,0.21731266803872232,0.0,5,firstboythroughtrees,True
25839.671875,18,3,0.11130059231072664,4.0,0.0,5,0.0,5,0.0,5,0.0,0.45656490325927734,protected first-frame anchor for both z and d,0.0,1,False,10,0.0,0.0,0.0,0.0,True,"[224, 224]",25921.0,18,3,0.11130059231072664,4.0,0.0,5,0.0,5,0.0,5,0.0,0.46593379974365234,protected first-frame anchor for both z and d,0.0,1,False,10,0.0,0.0,0.0,0.0,True,"[224, 224]",25829.62109375,18,3,0.11130059231072664,4.0,0.0,5,0.0,5,0.0,5,0.0,0.4589047431945801,protected first-frame anchor for both z and d,0.0,1,,,False,10,0.0,0.0,0.0,0.0,True,"[224, 224]",25921.0,18,3,0.11130059231072664,4.0,0.0,5,0.0,5,0.0,5,0.0,0.4678666889667511,protected first-frame anchor for both z and d,0.0,1,False,10,0.0,0.0,0.0,0.0,True,"[224, 224]",26082.0,18,3,0.11130059231072664,4.0,0.0,5,0.0,5,0.0,5,0.0,0.46156105399131775,protected first-frame anchor for both z and d,0.0,1,False,10,0.0,0.0,0.0,0.0,True,"[224, 224]",103211.484375,18,3,0.11130059231072664,8.0,0.0,5,0.0,5,0.0,5,0.0,0.532078206539154,protected first-frame anchor for both z and d,0.0,1,False,10,0.0,0.0,0.0,0.0,True,"[224, 224]",/data/gb/outputs/abc_temporal_train_s42_20261003,True,0.0,0.0,822,0.0,5,0.0,5,0.0,5,0.0,11,0.0,0.0,1,25921.0,12,5,0.0,True,True,0.0,0.0,5,ab_pingpongball3,False
240590.0,12,2,0.08023413689807057,4.0,0.0,5,0.5198947943908032,5,0.0659721692220495,5,0.49646163618060574,0.4427851140499115,protected first-frame anchor for both z and d,0.4798671907538811,1,True,10,0.48739802494528134,0.49646163618060574,0.48739802494528134,0.0,True,"[224, 224]",239187.984375,12,2,0.08023413689807057,4.0,0.0,5,0.5119865764680975,5,0.5065131614847385,5,0.5119865764680975,0.6798998713493347,protected first-frame anchor for both z and d,0.5119865764680975,1,True,10,0.5065131614847385,0.5119865764680975,0.5119865764680975,0.0,True,"[224, 224]",241081.0,12,2,0.08023413689807057,4.0,0.45171758640514176,5,0.4780860088564763,5,0.45171758640514176,5,0.45171758640514176,0.6004791855812073,protected first-frame anchor for both z and d,0.45171758640514176,1,,,True,10,0.48739802494528134,0.48739802494528134,0.48739802494528134,0.0,True,"[224, 224]",240079.359375,12,2,0.08023413689807057,4.0,0.0,5,0.5103666187228413,5,0.47081330227639745,5,0.5001041809357265,0.6531948447227478,protected first-frame anchor for both z and d,0.4961067240042605,1,True,10,0.48739802494528134,0.5001041809357265,0.4961067240042605,0.0,True,"[224, 224]",239790.703125,12,2,0.08023413689807057,4.0,0.0,5,0.5051558878733707,5,0.4823579674968304,5,0.493657063355927,0.6729253530502319,protected first-frame anchor for both z and d,0.493657063355927,1,True,10,0.48739802494528134,0.493657063355927,0.493657063355927,0.0,True,"[224, 224]",955417.375,12,2,0.08023413689807057,8.0,0.0,5,0.3055584194628366,5,0.2996826609011067,5,0.2808168190150529,0.6307265758514404,protected first-frame anchor for both z and d,0.0,1,True,10,0.48739802494528134,0.48739802494528134,0.48739802494528134,0.0,True,"[224, 224]",/data/gb/outputs/abc_temporal_train_s42_20261003,True,0.0,0.0,845,0.0,5,0.48861880270063135,5,0.48318244288780204,5,0.48739802494528134,11,0.48739802494528134,0.48739802494528134,1,239187.984375,228,5,0.48739802494528134,True,True,0.48739802494528134,0.0,5,rightbattle,True
127449.0,12,2,0.08023413689807057,4.0,0.10419963825726301,4,0.7247853053091748,5,0.2845806802995984,5,0.7037068140957768,0.47080981731414795,protected first-frame anchor for both z and d,0.10419963825726301,1,True,8,0.2845806802995984,0.7037068140957768,0.10419963825726301,0.0,True,"[224, 224]",127449.0,12,2,0.08023413689807057,4.0,0.0,4,0.6822166436285315,5,0.0,5,0.0,0.6417821049690247,protected first-frame anchor for both z and d,0.0,1,True,8,0.0,0.0,0.0,0.0,True,"[224, 224]",128164.0,12,2,0.08023413689807057,4.0,0.732524495864248,3,0.7645070328745498,5,0.732524495864248,5,0.732524495864248,0.6498908400535583,protected first-frame anchor for both z and d,0.732524495864248,1,,,True,7,0.732524495864248,0.732524495864248,0.732524495864248,0.732524495864248,True,"[224, 224]",127806.0,12,2,0.08023413689807057,4.0,0.0,5,0.6463957278884008,5,0.0,5,0.0,0.6499373912811279,protected first-frame anchor for both z and d,0.0,1,True,9,0.0,0.0,0.0,0.0,True,"[224, 224]",127806.0,12,2,0.08023413689807057,4.0,0.0,5,0.6904968938750424,5,0.593389285255326,5,0.5872323576053485,0.6094546914100647,protected first-frame anchor for both z and d,0.0,1,True,9,0.593389285255326,0.5872323576053485,0.0,0.0,True,"[224, 224]",506880.0,12,2,0.08023413689807057,8.0,0.0,2,0.4588928118740591,5,0.4273243846736375,5,0.4273243846736375,0.5319476127624512,protected first-frame anchor for both z and d,0.0,1,True,6,0.4273243846736375,0.4273243846736375,0.0,0.0,True,"[224, 224]",/data/gb/outputs/abc_temporal_train_s42_20261003,True,0.0,0.0,861,0.0,4,0.6557241596656028,5,0.440712444501324,5,0.4689655257457271,4,0.0,0.0,1,127449.0,188,4,0.0,True,True,0.0,0.0,4,midpinkblkglasscup,True
155236.0,12,2,0.08021520497277379,4.0,0.0,5,0.0,5,0.0,5,0.0,0.4061293601989746,protected first-frame anchor for both z and d,0.0,1,False,10,0.0061959067056174336,0.0061959067056174336,0.0061959067056174336,0.0,True,"[224, 224]",155236.0,12,2,0.08021520497277379,4.0,0.0,5,0.022347874105787743,5,0.0,5,0.01958756032185205,0.5356826782226562,protected first-frame anchor for both z and d,0.017687942781060857,1,False,10,0.0061959067056174336,0.01958756032185205,0.017687942781060857,0.0,True,"[224, 224]",154447.984375,12,2,0.08021520497277379,4.0,0.8080607533302745,5,0.8908096372288273,5,0.8080607533302745,5,0.8080607533302745,0.5226833820343018,protected first-frame anchor for both z and d,0.8080607533302745,1,,,True,10,0.8080607533302745,0.8080607533302745,0.8080607533302745,0.0,True,"[224, 224]",155236.0,12,2,0.08021520497277379,4.0,0.0,5,0.015725095592355718,5,0.0,5,0.013763429646870428,0.5474592447280884,protected first-frame anchor for both z and d,0.01148842097644837,1,False,10,0.0061959067056174336,0.013763429646870428,0.01148842097644837,0.0,True,"[224, 224]",155630.0,12,2,0.08021520497277379,4.0,0.0,5,0.0,5,0.0,5,0.0,0.61375892162323,protected first-frame anchor for both z and d,0.0,1,False,10,0.0061959067056174336,0.0061959067056174336,0.0061959067056174336,0.0,True,"[224, 224]",615796.375,12,2,0.08021520497277379,8.0,0.0,5,0.8497670118176304,5,0.7002859629812238,5,0.8065163633293178,0.4441750645637512,protected first-frame anchor for both z and d,0.8065163633293178,1,True,10,0.7002859629812238,0.8065163633293178,0.8065163633293178,0.0,True,"[224, 224]",/data/gb/outputs/abc_temporal_train_s42_20261003,True,0.0,0.0,865,0.0,5,0.007664686428012632,5,0.0,5,0.0,9,0.006509784730314276,0.006509784730314276,1,155236.0,232,5,0.0061959067056174336,True,True,0.0061959067056174336,0.0,5,rightblkgirl,False
393523.21875,12,2,0.08021520497277379,4.0,0.0,5,0.0,5,0.0,5,0.0,0.41210153698921204,protected first-frame anchor for both z and d,0.0,1,False,10,0.004833968222121956,0.004833968222121956,0.004833968222121956,0.0,True,"[224, 224]",394652.59375,12,2,0.08021520497277379,4.0,0.0,5,0.02264231466219847,5,0.0,5,0.0,0.7949438095092773,protected first-frame anchor for both z and d,0.0040720282351813086,1,False,10,0.004833968222121956,0.004833968222121956,0.004833968222121956,0.0,True,"[224, 224]",392766.0,12,2,0.08021520497277379,4.0,0.0,5,0.0,5,0.0,5,0.0,0.6097744703292847,protected first-frame anchor for both z and d,0.0,1,,,False,10,0.004833968222121956,0.004833968222121956,0.004833968222121956,0.0,True,"[224, 224]",393364.46875,12,2,0.08021520497277379,4.0,0.0,5,0.03944206471548126,5,0.0,5,0.0,0.8568005561828613,protected first-frame anchor for both z and d,0.01385717209420676,1,False,10,0.004833968222121956,0.004833968222121956,0.01385717209420676,0.0,True,"[224, 224]",393659.1875,12,2,0.08021520497277379,4.0,0.0,5,0.09328602991561369,5,0.0,5,0.0,0.6743152737617493,protected first-frame anchor for both z and d,0.08949517284549109,1,False,10,0.004833968222121956,0.004833968222121956,0.08949517284549109,0.0,True,"[224, 224]",1566116.625,12,2,0.08021520497277379,8.0,0.0,5,0.7412586258632781,5,0.0,5,0.7240261860528635,0.7064279913902283,protected first-frame anchor for both z and d,0.7412586258632781,1,True,10,0.004833968222121956,0.7240261860528635,0.7412586258632781,0.0,True,"[224, 224]",/data/gb/outputs/abc_temporal_train_s42_20261003,True,0.0,0.0,885,0.0,5,0.04372651962431309,5,0.0,5,0.0,12,0.004833968222121956,0.004833968222121956,1,394652.59375,68,5,0.004833968222121956,True,True,0.004833968222121956,0.0,5,boyputtinghandup,False
214363.78125,6,1,0.04236687393859029,4.0,0.0,5,0.0,5,0.0,5,0.0,0.44206786155700684,protected first-frame anchor for both z and d,0.0,1,False,10,0.4451349081669376,0.4451349081669376,0.4451349081669376,0.0,True,"[224, 224]",215264.0,6,1,0.04236687393859029,4.0,0.0,5,0.48547997094137796,5,0.4643119885201254,5,0.4643119885201254,0.5376766324043274,protected first-frame anchor for both z and d,0.4643119885201254,1,True,10,0.4643119885201254,0.4643119885201254,0.4643119885201254,0.0,True,"[224, 224]",215329.296875,6,1,0.04236687393859029,4.0,0.49286383765708647,5,0.4972758945684619,5,0.49286383765708647,5,0.49286383765708647,0.7310807704925537,protected first-frame anchor for both z and d,0.49286383765708647,1,,,True,10,0.49286383765708647,0.49286383765708647,0.49286383765708647,0.49286383765708647,True,"[224, 224]",214996.921875,6,1,0.04236687393859029,4.0,0.0,5,0.5019140962775401,5,0.4822818926656041,5,0.5019140962775401,0.6697194576263428,protected first-frame anchor for both z and d,0.499455544610562,1,True,10,0.4822818926656041,0.5019140962775401,0.499455544610562,0.0,True,"[224, 224]",215127.84375,6,1,0.04236687393859029,4.0,0.0,5,0.5360315021127793,5,0.5170793579503624,5,0.5170793579503624,0.4406743049621582,protected first-frame anchor for both z and d,0.5170793579503624,1,True,10,0.5170793579503624,0.5170793579503624,0.5170793579503624,0.0,True,"[224, 224]",853971.8125,6,1,0.04236687393859029,8.0,0.0,5,0.2717468856517012,5,0.2607782061332129,5,0.2666996804899467,0.5714226961135864,protected first-frame anchor for both z and d,0.0,1,True,10,0.4451349081669376,0.4451349081669376,0.4451349081669376,0.0,True,"[224, 224]",/data/gb/outputs/abc_temporal_train_s42_20261003,True,0.0,0.0,912,0.0,5,0.45805331727454546,5,0.4451349081669376,5,0.4451349081669376,16,0.4451349081669376,0.4438031373643138,1,215264.0,231,5,0.4451349081669376,True,True,0.4451349081669376,0.0,5,rightbattle,True
76584.9609375,6,1,0.04110145382583141,4.0,0.0,5,0.0,5,0.0,5,0.0,0.46800485253334045,protected first-frame anchor for both z and d,0.0,1,False,10,0.0,0.0,0.0,0.0,True,"[224, 224]",76584.9609375,6,1,0.04110145382583141,4.0,0.0,5,0.0,5,0.0,5,0.0,0.5710328817367554,protected first-frame anchor for both z and d,0.0,1,False,10,0.0,0.0,0.0,0.0,True,"[224, 224]",76452.0,6,1,0.04110145382583141,4.0,0.0,5,0.5744923186332205,5,0.0,5,0.44516903571968536,0.45976951718330383,protected first-frame anchor for both z and d,0.44516903571968536,1,,,True,10,0.0,0.44516903571968536,0.44516903571968536,0.0,True,"[224, 224]",76420.6953125,6,1,0.04110145382583141,4.0,0.0,5,0.0,5,0.0,5,0.0,0.5641758441925049,protected first-frame anchor for both z and d,0.0,1,False,10,0.0,0.0,0.0,0.0,True,"[224, 224]",76584.9609375,6,1,0.04110145382583141,4.0,0.0,5,0.0,5,0.0,5,0.0,0.6011544466018677,protected first-frame anchor for both z and d,0.0,1,False,10,0.0,0.0,0.0,0.0,True,"[224, 224]",304335.78125,6,1,0.04110145382583141,8.0,0.0,5,0.43782208383986637,5,0.4233449863467791,5,0.4222053047173435,0.4484702944755554,protected first-frame anchor for both z and d,0.4222053047173435,1,True,10,0.4233449863467791,0.4222053047173435,0.4222053047173435,0.0,True,"[224, 224]",/data/gb/outputs/abc_temporal_train_s42_20261003,True,0.0,0.0,930,0.0,5,0.0,5,0.0,5,0.0,11,0.0,0.0,1,76584.9609375,78,5,0.0,True,True,0.0,0.0,5,rainyboyaftertrees,False
58322.0,12,2,0.07944330619648099,4.0,0.0,5,0.0,5,0.0,5,0.0,0.44582846760749817,protected first-frame anchor for both z and d,0.0,1,False,10,0.0,0.0,0.0,0.0,True,"[224, 224]",58081.0,12,2,0.07944330619648099,4.0,0.0,5,0.0,5,0.0,5,0.0,0.6317310333251953,protected first-frame anchor for both z and d,0.0,1,False,10,0.0,0.0,0.0,0.0,True,"[224, 224]",58081.0,12,2,0.07944330619648099,4.0,0.0,5,0.0,5,0.0,5,0.0,0.6504185795783997,protected first-frame anchor for both z and d,0.0,1,,,False,10,0.0,0.0,0.0,0.0,True,"[224, 224]",58081.0,12,2,0.07944330619648099,4.0,0.0,5,0.0,5,0.0,5,0.0,0.6346669793128967,protected first-frame anchor for both z and d,0.0,1,False,10,0.0,0.0,0.0,0.0,True,"[224, 224]",58322.0,12,2,0.07944330619648099,4.0,0.0,5,0.0,5,0.0,5,0.0,0.6754854917526245,protected first-frame anchor for both z and d,0.0,1,False,10,0.0,0.0,0.0,0.0,True,"[224, 224]",232162.0,12,2,0.07944330619648099,8.0,0.0,5,0.8074007225439735,5,0.7924536386007947,5,0.7924536386007947,0.45848625898361206,protected first-frame anchor for both z and d,0.7924536386007947,1,True,10,0.7924536386007947,0.7924536386007947,0.7924536386007947,0.0,True,"[224, 224]",/data/gb/outputs/abc_temporal_train_s42_20261003,True,0.0,0.0,980,0.0,5,0.0,5,0.0,5,0.0,5,0.0,0.0,1,58081.0,254,5,0.0,True,True,0.0,0.0,5,runninggreenboyafterwhite,False
190412.265625,12,2,0.07944330619648099,4.0,0.0,5,0.5136922019994258,5,0.0797843585930172,5,0.4591003387100218,0.445080429315567,protected first-frame anchor for both z and d,0.05626963673638936,1,True,10,0.0797843585930172,0.4591003387100218,0.05831593861925861,0.05831593861925861,True,"[224, 224]",190624.0,12,2,0.07944330619648099,4.0,0.061443046654995635,5,0.7895314911575992,5,0.7095860052941121,5,0.7425116751306817,0.6919785737991333,protected first-frame anchor for both z and d,0.061443046654995635,1,True,10,0.7095860052941121,0.7425116751306817,0.061443046654995635,0.05831593861925861,True,"[224, 224]",191502.046875,12,2,0.07944330619648099,4.0,0.7459752352868277,5,0.876015290665152,5,0.7527826176240389,5,0.7459752352868277,0.6738764047622681,protected first-frame anchor for both z and d,0.7459752352868277,1,,,True,10,0.7527826176240389,0.7459752352868277,0.7459752352868277,0.05831593861925861,True,"[224, 224]",190833.234375,12,2,0.07944330619648099,4.0,0.0,5,0.90503082865307,5,0.05892443944527674,5,0.818505899506893,0.6647723913192749,protected first-frame anchor for both z and d,0.8240906197107644,1,True,10,0.05892443944527674,0.818505899506893,0.8240906197107644,0.05831593861925861,True,"[224, 224]",190358.59375,12,2,0.07944330619648099,4.0,0.05978179249651943,5,0.9206001848606546,5,0.05978179249651943,5,0.7565118595988418,0.5592653751373291,protected first-frame anchor for both z and d,0.05978179249651943,1,True,10,0.05978179249651943,0.7565118595988418,0.05978179249651943,0.05831593861925861,True,"[224, 224]",763682.5625,12,2,0.07944330619648099,8.0,0.7867521391218358,5,0.8017033412219647,5,0.7867521391218358,5,0.7867521391218358,0.5832727551460266,protected first-frame anchor for both z and d,0.7867521391218358,1,True,10,0.7867521391218358,0.7867521391218358,0.7867521391218358,0.05831593861925861,True,"[224, 224]",/data/gb/outputs/abc_temporal_train_s42_20261003,True,0.0,0.0,982,0.0583159402012825,5,0.8068181404605604,5,0.716503227135588,5,0.7518056099259081,7,0.05831593861925861,0.06250773584036824,1,190624.0,190,5,0.05831593861925861,True,True,0.05831593861925861,0.05831593861925861,5,righthunchblack,True
45796.0,12,2,0.0750892860814929,4.0,0.0,5,0.0,5,0.0,5,0.0,0.44238749146461487,protected first-frame anchor for both z and d,0.0,1,False,10,0.0,0.0,0.0,0.0,True,"[224, 224]",45796.0,12,2,0.0750892860814929,4.0,0.0,5,0.0,5,0.0,5,0.0,0.4829702079296112,protected first-frame anchor for both z and d,0.0,1,False,10,0.0,0.0,0.0,0.0,True,"[224, 224]",45796.0,12,2,0.0750892860814929,4.0,0.0,5,0.0,5,0.0,5,0.0,0.44819706678390503,protected first-frame anchor for both z and d,0.0,1,,,False,10,0.0,0.0,0.0,0.0,True,"[224, 224]",45796.0,12,2,0.0750892860814929,4.0,0.0,5,0.0,5,0.0,5,0.0,0.4939858317375183,protected first-frame anchor for both z and d,0.0,1,False,10,0.0,0.0,0.0,0.0,True,"[224, 224]",45796.0,12,2,0.0750892860814929,4.0,0.0,5,0.0,5,0.0,5,0.0,0.4902244508266449,protected first-frame anchor for both z and d,0.0,1,False,10,0.0,0.0,0.0,0.0,True,"[224, 224]",182756.015625,12,2,0.0750892860814929,8.0,0.0,5,0.0,5,0.0,5,0.0,0.4940214157104492,protected first-frame anchor for both z and d,0.0,1,False,10,0.0,0.0,0.0,0.0,True,"[224, 224]",/data/gb/outputs/abc_temporal_train_s43_20261003,True,0.0,0.0,10,0.0,5,0.0,5,0.0,5,0.0,9,0.0,0.0,1,45796.0,245,5,0.0,True,True,0.0,0.0,5,basketballatboysrighthand,False
327317.71875,12,2,0.0750892860814929,4.0,0.0,5,0.32531984861833385,5,0.0,5,0.26414416549015574,0.45076635479927063,protected first-frame anchor for both z and d,0.0,1,True,7,0.1182229559980003,0.26414416549015574,0.1182229559980003,0.1182229559980003,True,"[224, 224]",329078.1875,12,2,0.0750892860814929,4.0,0.11122965490564879,3,0.20744133512269775,5,0.1978397125227624,5,0.1978397125227624,0.4943302571773529,protected first-frame anchor for both z and d,0.11122965490564879,1,True,5,0.1978397125227624,0.1978397125227624,0.1182229559980003,0.1182229559980003,True,"[224, 224]",327123.9375,12,2,0.0750892860814929,4.0,0.0,5,0.19877097474551667,5,0.0,5,0.1748388698842139,0.4906589090824127,protected first-frame anchor for both z and d,0.16041193470687898,1,,,True,7,0.1182229559980003,0.1748388698842139,0.16041193470687898,0.1182229559980003,True,"[224, 224]",329154.5625,12,2,0.0750892860814929,4.0,0.18446540959427787,3,0.19793618483955833,5,0.1848894736639951,5,0.18446540959427787,0.4888111352920532,protected first-frame anchor for both z and d,0.18446540959427787,1,True,5,0.1848894736639951,0.18446540959427787,0.18446540959427787,0.1182229559980003,True,"[224, 224]",328441.65625,12,2,0.0750892860814929,4.0,0.19040546299656277,4,0.2025839184076035,5,0.19040546299656277,5,0.19411165915532605,0.4874444901943207,protected first-frame anchor for both z and d,0.19411165915532605,1,True,6,0.19040546299656277,0.19411165915532605,0.19411165915532605,0.1182229559980003,True,"[224, 224]",1309090.0,12,2,0.0750892860814929,8.0,0.0758239715400633,5,0.07975405373296278,5,0.07799322952585144,5,0.07799322952585144,0.4965864419937134,protected first-frame anchor for both z and d,0.0758239715400633,1,True,7,0.1182229559980003,0.1182229559980003,0.1182229559980003,0.1182229559980003,True,"[224, 224]",/data/gb/outputs/abc_temporal_train_s43_20261003,True,0.0,0.0,14,0.11822295933961868,2,0.22276843243903735,5,0.21207619890364215,5,0.21207619890364215,2,0.1182229559980003,0.1182229559980003,1,329078.1875,75,2,0.1182229559980003,True,True,0.1182229559980003,0.1182229559980003,2,twoperpson_1202,True
34225.0,11,2,0.07324055302888155,4.0,0.0,5,0.0,5,0.0,5,0.0,0.4693755507469177,protected first-frame anchor for both z and d,0.0,1,False,10,0.0,0.0,0.0,0.0,True,"[224, 224]",34021.7265625,11,2,0.07324055302888155,4.0,0.0,5,0.0,5,0.0,5,0.0,0.7316495180130005,protected first-frame anchor for both z and d,0.0,1,False,10,0.0,0.0,0.0,0.0,True,"[224, 224]",,11,2,0.07324055302888155,4.0,0.0,0,0.0,0,0.0,0,0.0,,protected first-frame anchor for both z and d,0.0,0,empty image extent; adjusted crop has no finite inverse,33862.79157765452,False,5,0.0,0.0,0.0,0.0,False,"[224, 224]",34009.37890625,11,2,0.07324055302888155,4.0,0.0,5,0.0,5,0.0,5,0.0,0.8042702078819275,protected first-frame anchor for both z and d,0.0,1,False,10,0.0,0.0,0.0,0.0,True,"[224, 224]",34009.37890625,11,2,0.07324055302888155,4.0,0.0,5,0.0,5,0.0,5,0.0,0.7904939651489258,protected first-frame anchor for both z and d,0.0,1,False,10,0.0,0.0,0.0,0.0,True,"[224, 224]",135748.921875,11,2,0.07324055302888155,8.0,0.0,5,0.0,5,0.0,5,0.0,0.5717156529426575,protected first-frame anchor for both z and d,0.0,1,False,10,0.0,0.0,0.0,0.0,True,"[224, 224]",/data/gb/outputs/abc_temporal_train_s43_20261003,True,0.0,0.0,47,0.0,5,0.0,5,0.0,5,0.0,16,0.0,0.0,1,34021.7265625,41,5,0.0,True,True,0.0,0.0,5,ab_pingpongball3,False
239374.234375,11,2,0.07324055302888155,4.0,0.0,5,0.0,5,0.0,5,0.0,0.4842120110988617,protected first-frame anchor for both z and d,0.0,1,False,10,0.0,0.0,0.0,0.0,True,"[224, 224]",241228.375,11,2,0.07324055302888155,4.0,0.0,5,0.0,5,0.0,5,0.0,0.8706673383712769,protected first-frame anchor for both z and d,0.0,1,False,10,0.0,0.0,0.0,0.0,True,"[224, 224]",241398.09375,11,2,0.07324055302888155,4.0,0.0,5,0.0,5,0.0,5,0.0,0.4778471887111664,protected first-frame anchor for both z and d,0.0,1,,,False,10,0.0,0.0,0.0,0.0,True,"[224, 224]",241345.984375,11,2,0.07324055302888155,4.0,0.0,5,0.0,5,0.0,5,0.0,0.8630621433258057,protected first-frame anchor for both z and d,0.0,1,False,10,0.0,0.0,0.0,0.0,True,"[224, 224]",240888.78125,11,2,0.07324055302888155,4.0,0.0,5,0.0,5,0.0,5,0.0,0.8592612147331238,protected first-frame anchor for both z and d,0.0,1,False,10,0.0,0.0,0.0,0.0,True,"[224, 224]",963245.75,11,2,0.07324055302888155,8.0,0.0,5,0.12505925283936437,5,0.0,5,0.0,0.6079976558685303,protected first-frame anchor for both z and d,0.0,1,True,10,0.0,0.0,0.0,0.0,True,"[224, 224]",/data/gb/outputs/abc_temporal_train_s43_20261003,True,0.0,0.0,60,0.0,5,0.0,5,0.0,5,0.0,14,0.0,0.0,1,241228.375,226,5,0.0,True,True,0.0,0.0,5,ab_minibusstops,False
492578.53125,12,2,0.07747829472646117,4.0,0.0,5,0.5939671636757946,5,0.0,5,0.5875777662493064,0.4426369369029999,protected first-frame anchor for both z and d,0.5875777662493064,1,True,10,0.0,0.5875777662493064,0.5875777662493064,0.0,True,"[224, 224]",490286.84375,12,2,0.07747829472646117,4.0,0.0,5,0.0,5,0.0,5,0.0,0.6066485643386841,protected first-frame anchor for both z and d,0.0,1,False,10,0.0,0.0,0.0,0.0,True,"[224, 224]",494358.28125,12,2,0.07747829472646117,4.0,0.871993251105199,5,0.8789456337432474,5,0.871993251105199,5,0.871993251105199,0.7965018153190613,protected first-frame anchor for both z and d,0.871993251105199,1,,,True,10,0.871993251105199,0.871993251105199,0.871993251105199,0.0,True,"[224, 224]",490975.65625,12,2,0.07747829472646117,4.0,0.0,5,0.0,5,0.0,5,0.0,0.5476279854774475,protected first-frame anchor for both z and d,0.0,1,False,10,0.0,0.0,0.0,0.0,True,"[224, 224]",488959.75,12,2,0.07747829472646117,4.0,0.0,5,0.0,5,0.0,5,0.0,0.598052442073822,protected first-frame anchor for both z and d,0.0,1,False,10,0.0,0.0,0.0,0.0,True,"[224, 224]",1944581.875,12,2,0.07747829472646117,8.0,0.0,5,0.5779476163228134,5,0.5692250227606763,5,0.5692250227606763,0.4807530641555786,protected first-frame anchor for both z and d,0.5692250227606763,1,True,10,0.5692250227606763,0.5692250227606763,0.5692250227606763,0.0,True,"[224, 224]",/data/gb/outputs/abc_temporal_train_s43_20261003,True,0.0,0.0,81,0.0,5,0.0,5,0.0,5,0.0,12,0.0,0.0,1,490286.84375,125,5,0.0,True,True,0.0,0.0,5,yellowgirlwithbowl,False
8100.0,12,2,0.07747829472646117,4.0,0.0,5,0.0,5,0.0,5,0.0,0.651921808719635,protected first-frame anchor for both z and d,0.0,1,False,9,0.03581851646225141,0.03581851646225141,0.03581851646225141,0.03581851646225141,True,"[224, 224]",8100.0,12,2,0.07747829472646117,4.0,0.0358089753744493,4,0.753780904650096,5,0.42236751654886534,5,0.6556519637270842,0.6733842492103577,protected first-frame anchor for both z and d,0.0358089753744493,1,True,8,0.42236751654886534,0.6556519637270842,0.03581851646225141,0.03581851646225141,True,"[224, 224]",8190.0,12,2,0.07747829472646117,4.0,0.20918046025953316,4,0.7947459846845846,5,0.6026630948143683,5,0.5781372164969628,0.45417430996894836,protected first-frame anchor for both z and d,0.20918046025953316,1,,,True,8,0.6026630948143683,0.5781372164969628,0.20918046025953316,0.03581851646225141,True,"[224, 224]",8190.0,12,2,0.07747829472646117,4.0,0.039035283933900496,3,0.7321088344297374,5,0.4327337002741708,5,0.4239491602021604,0.7486898303031921,protected first-frame anchor for both z and d,0.039035283933900496,1,True,7,0.4327337002741708,0.4239491602021604,0.039035283933900496,0.039035283933900496,True,"[224, 224]",8190.0,12,2,0.07747829472646117,4.0,0.03406005458250487,3,0.7041583881134476,5,0.09823730614953895,5,0.11841986854849154,0.6579933762550354,protected first-frame anchor for both z and d,0.03406005458250487,1,True,7,0.09823730614953895,0.11841986854849154,0.03581851646225141,0.03581851646225141,True,"[224, 224]",32400.0,12,2,0.07747829472646117,8.0,0.10302491813522237,5,0.39709937519382366,5,0.39052736559372286,5,0.39052736559372286,0.5918630361557007,protected first-frame anchor for both z and d,0.10302491813522237,1,True,9,0.39052736559372286,0.39052736559372286,0.10302491813522237,0.03581851646225141,True,"[224, 224]",/data/gb/outputs/abc_temporal_train_s43_20261003,True,0.0,0.0,89,0.035818517208099365,4,0.753780904650096,5,0.42236751654886534,5,0.6553716726505178,4,0.03581851646225141,0.03581851646225141,1,8100.0,57,4,0.03581851646225141,True,True,0.03581851646225141,0.03581851646225141,4,glassesboyhead,True
216167.671875,18,3,0.11139050079509616,4.0,0.0,5,0.10627337770950497,5,0.06964114155550945,5,0.09000093256764184,0.44183436036109924,protected first-frame anchor for both z and d,0.06640285160781838,1,False,10,0.13076176329512398,0.13076176329512398,0.13076176329512398,0.13076176329512398,True,"[224, 224]",216690.0,18,3,0.11139050079509616,4.0,0.13011134836962787,5,0.35171894144508037,5,0.19425100307946797,5,0.1831239016332246,0.6331200003623962,protected first-frame anchor for both z and d,0.24712547776767355,1,True,10,0.19425100307946797,0.1831239016332246,0.24712547776767355,0.13076176329512398,True,"[224, 224]",215820.96875,18,3,0.11139050079509616,4.0,0.0,5,0.11276883662968679,5,0.07200503136857718,5,0.08841172375662937,0.4435868263244629,protected first-frame anchor for both z and d,0.06650962762950706,1,,,False,10,0.13076176329512398,0.13076176329512398,0.13076176329512398,0.13076176329512398,True,"[224, 224]",217156.0,18,3,0.11139050079509616,4.0,0.14013249046047155,5,0.3571199566362744,5,0.14184672684277488,5,0.16300484301224571,0.8084343671798706,protected first-frame anchor for both z and d,0.27132114557248754,1,True,10,0.14184672684277488,0.16300484301224571,0.27132114557248754,0.14013249046047155,True,"[224, 224]",217156.0,18,3,0.11139050079509616,4.0,0.13432092766630585,5,0.3737705617308968,5,0.16952581957294785,5,0.17680485132636145,0.6432183384895325,protected first-frame anchor for both z and d,0.19578900399386726,1,True,10,0.16952581957294785,0.17680485132636145,0.19578900399386726,0.13076176329512398,True,"[224, 224]",864287.6875,18,3,0.11139050079509616,8.0,0.45060824978702246,5,0.7773749060055338,5,0.7413718951104038,5,0.7184409956272695,0.8577449917793274,protected first-frame anchor for both z and d,0.45060824978702246,1,True,10,0.7413718951104038,0.7184409956272695,0.45060824978702246,0.45060824978702246,True,"[224, 224]",/data/gb/outputs/abc_temporal_train_s43_20261003,True,0.0,0.0,104,0.1307617574930191,5,0.2886730729389451,5,0.19182624743753177,5,0.19182624743753177,7,0.13076176329512398,0.12723516027036696,1,216690.0,188,5,0.13076176329512398,True,True,0.13076176329512398,0.13076176329512398,5,leftfallenchair_inf_white,True
163216.0,18,3,0.11139050079509616,4.0,0.0,5,0.2428998160000773,5,0.0,5,0.0,0.44319337606430054,protected first-frame anchor for both z and d,0.0,1,True,10,0.14383368382574777,0.14383368382574777,0.14383368382574777,0.0,True,"[224, 224]",163216.0,18,3,0.11139050079509616,4.0,0.0,5,0.1619747357191846,5,0.1412112600565056,5,0.0,0.44743677973747253,protected first-frame anchor for both z and d,0.13405771707536485,1,True,10,0.14383368382574777,0.14383368382574777,0.14383368382574777,0.0,True,"[224, 224]",163216.0,18,3,0.11139050079509616,4.0,0.0,5,0.3331420949891987,5,0.0,5,0.0,0.4435999095439911,protected first-frame anchor for both z and d,0.0,1,,,True,10,0.14383368382574777,0.14383368382574777,0.14383368382574777,0.0,True,"[224, 224]",163216.0,18,3,0.11139050079509616,4.0,0.019126300126763102,5,0.20391302175816403,5,0.1772190353401984,5,0.019126300126763102,0.4672420620918274,protected first-frame anchor for both z and d,0.20391302175816403,1,True,10,0.1772190353401984,0.14383368382574777,0.20391302175816403,0.019126300126763102,True,"[224, 224]",163620.0,18,3,0.11139050079509616,4.0,0.0,5,0.22219917595847366,5,0.1991643826377374,5,0.0,0.4992077946662903,protected first-frame anchor for both z and d,0.0,1,True,10,0.1991643826377374,0.14383368382574777,0.14383368382574777,0.0,True,"[224, 224]",645567.6875,18,3,0.11139050079509616,8.0,0.05729200034308614,5,0.058017735756919125,5,0.05729200034308614,5,0.05729200034308614,0.46461182832717896,protected first-frame anchor for both z and d,0.05729200034308614,1,True,10,0.14383368382574777,0.14383368382574777,0.14383368382574777,0.05729200034308614,True,"[224, 224]",/data/gb/outputs/abc_temporal_train_s43_20261003,True,0.0,0.0,114,0.0,5,0.18070365469443947,5,0.032751217603044926,5,0.0,8,0.14383368382574777,0.14383368382574777,1,163216.0,236,5,0.0,True,True,0.14383368382574777,0.0,5,basketballshooting2,True
58564.0,18,3,0.11139050079509616,4.0,0.0,5,0.42122205613423896,5,0.0,5,0.35235550327922555,0.44262751936912537,protected first-frame anchor for both z and d,0.408525758202018,1,True,10,0.4862966078574139,0.4862966078574139,0.4862966078574139,0.0,True,"[224, 224]",58564.0,18,3,0.11139050079509616,4.0,0.0,5,0.5211424127526296,5,0.46355997409888583,5,0.5009819569060064,0.8258951902389526,protected first-frame anchor for both z and d,0.4857552126057272,1,True,10,0.4862966078574139,0.5009819569060064,0.4862966078574139,0.0,True,"[224, 224]",58806.0,18,3,0.11139050079509616,4.0,0.0,5,0.0,5,0.0,5,0.0,0.44202518463134766,protected first-frame anchor for both z and d,0.0,1,,,False,10,0.4862966078574139,0.4862966078574139,0.4862966078574139,0.0,True,"[224, 224]",58806.0,18,3,0.11139050079509616,4.0,0.0,5,0.5154508983070403,5,0.48133642153359024,5,0.4657831966266192,0.8052679896354675,protected first-frame anchor for both z and d,0.4657831966266192,1,True,10,0.4862966078574139,0.4862966078574139,0.4862966078574139,0.0,True,"[224, 224]",58564.0,18,3,0.11139050079509616,4.0,0.0,5,0.4832277853564335,5,0.40209627875013243,5,0.4832277853564335,0.8335255980491638,protected first-frame anchor for both z and d,0.4832277853564335,1,True,10,0.4862966078574139,0.4862966078574139,0.4862966078574139,0.0,True,"[224, 224]",233032.09375,18,3,0.11139050079509616,8.0,0.0,5,0.3941562693450182,5,0.3722881095999954,5,0.3784209633444691,0.8132815957069397,protected first-frame anchor for both z and d,0.3784209633444691,1,True,10,0.4862966078574139,0.4862966078574139,0.4862966078574139,0.0,True,"[224, 224]",/data/gb/outputs/abc_temporal_train_s43_20261003,True,0.0,0.0,116,0.0,5,0.5190871222043802,5,0.505254013110352,5,0.5189300866365851,10,0.4862966078574139,0.4862966078574139,1,58564.0,226,5,0.4862966078574139,True,True,0.4862966078574139,0.0,5,leftclosedexersicebook,True
297167.75,18,3,0.11683210078626871,4.0,0.0,5,0.0,5,0.0,5,0.0,0.4410877227783203,protected first-frame anchor for both z and d,0.0,1,False,10,0.4105688717240267,0.4105688717240267,0.4105688717240267,0.01652464445171319,True,"[224, 224]",298617.1875,18,3,0.11683210078626871,4.0,0.0,5,0.4229453357400493,5,0.0677176001577295,5,0.4192488000312054,0.4652571976184845,protected first-frame anchor for both z and d,0.4192488000312054,1,True,10,0.4105688717240267,0.4192488000312054,0.4192488000312054,0.01652464445171319,True,"[224, 224]",297701.1875,18,3,0.11683210078626871,4.0,0.0,5,0.26163319124283135,5,0.0,5,0.0,0.4664746820926666,protected first-frame anchor for both z and d,0.0,1,,,True,10,0.4105688717240267,0.4105688717240267,0.4105688717240267,0.01652464445171319,True,"[224, 224]",297557.21875,18,3,0.11683210078626871,4.0,0.0,5,0.45783329500661457,5,0.008700847967820929,5,0.0,0.4665480852127075,protected first-frame anchor for both z and d,0.3950960319388173,1,True,10,0.4105688717240267,0.4105688717240267,0.4105688717240267,0.01652464445171319,True,"[224, 224]",298285.90625,18,3,0.11683210078626871,4.0,0.0,5,0.362913756921644,5,0.08290841495098114,5,0.0,0.4507383108139038,protected first-frame anchor for both z and d,0.2933901652147042,1,True,10,0.4105688717240267,0.4105688717240267,0.4105688717240267,0.01652464445171319,True,"[224, 224]",1171459.0,18,3,0.11683210078626871,8.0,0.025851912607679696,5,0.14721397344656395,5,0.06191289013691662,5,0.06191289013691662,0.4782600402832031,protected first-frame anchor for both z and d,0.025851912607679696,1,True,10,0.4105688717240267,0.4105688717240267,0.4105688717240267,0.025851912607679696,True,"[224, 224]",/data/gb/outputs/abc_temporal_train_s43_20261003,True,0.0,0.0,144,0.016524644568562508,5,0.5071256638047145,5,0.16488308471017082,5,0.5071256638047145,11,0.4105688717240267,0.4105688717240267,1,298617.1875,246,5,0.4105688717240267,True,True,0.4105688717240267,0.01652464445171319,5,girlplayingphone,True
50176.0,18,3,0.11683210078626871,4.0,0.0,5,0.4709552134102563,5,0.0,5,0.0,0.4425537586212158,protected first-frame anchor for both z and d,0.0,1,True,10,0.04380209781806467,0.04380209781806467,0.04380209781806467,0.0,True,"[224, 224]",49952.0,18,3,0.11683210078626871,4.0,0.0,5,0.40362488407466357,5,0.036053675023313,5,0.016769033667493077,0.6588289141654968,protected first-frame anchor for both z and d,0.016769033667493077,1,True,10,0.04380209781806467,0.04380209781806467,0.04380209781806467,0.0,True,"[224, 224]",50176.0,18,3,0.11683210078626871,4.0,4.505456051019038e-05,5,0.3498889707073351,5,0.27450774675101286,5,4.505456051019038e-05,0.624962568283081,protected first-frame anchor for both z and d,4.505456051019038e-05,1,,,True,10,0.27450774675101286,0.04380209781806467,0.04380209781806467,0.0,True,"[224, 224]",49952.0,18,3,0.11683210078626871,4.0,0.0,5,0.4450008652087947,5,0.017424813834955134,5,0.01705168612413188,0.6403502225875854,protected first-frame anchor for both z and d,0.0,1,True,10,0.04380209781806467,0.04380209781806467,0.04380209781806467,0.0,True,"[224, 224]",50176.0,18,3,0.11683210078626871,4.0,0.0,5,0.39144660734087156,5,0.0,5,0.05071986244091341,0.6449723839759827,protected first-frame anchor for both z and d,0.0,1,True,10,0.04380209781806467,0.05071986244091341,0.04380209781806467,0.0,True,"[224, 224]",198386.34375,18,3,0.11683210078626871,8.0,0.0,5,0.25392055932372315,5,0.2225587848783286,5,0.0,0.4872341454029083,protected first-frame anchor for both z and d,0.02040778772401127,1,True,10,0.2225587848783286,0.04380209781806467,0.04380209781806467,0.0,True,"[224, 224]",/data/gb/outputs/abc_temporal_train_s43_20261003,True,0.0,0.0,154,0.0,5,0.3815933544477915,5,0.058241906703211395,5,0.04380209781806467,11,0.04380209781806467,0.04380209781806467,1,49952.0,166,5,0.04380209781806467,True,True,0.04380209781806467,0.0,5,rightboyleader,True
224398.234375,18,3,0.11683210078626871,4.0,0.0,5,0.0,5,0.0,5,0.0,0.44150134921073914,protected first-frame anchor for both z and d,0.0,1,False,10,0.0,0.0,0.0,0.0,True,"[224, 224]",222764.515625,18,3,0.11683210078626871,4.0,0.0,5,0.0,5,0.0,5,0.0,0.5341135263442993,protected first-frame anchor for both z and d,0.0,1,False,10,0.0,0.0,0.0,0.0,True,"[224, 224]",224626.6875,18,3,0.11683210078626871,4.0,0.0,5,0.0,5,0.0,5,0.0,0.5633144378662109,protected first-frame anchor for both z and d,0.0,1,,,False,10,0.0,0.0,0.0,0.0,True,"[224, 224]",222649.34375,18,3,0.11683210078626871,4.0,0.0,5,0.0,5,0.0,5,0.0,0.5723947286605835,protected first-frame anchor for both z and d,0.0,1,False,10,0.0,0.0,0.0,0.0,True,"[224, 224]",223707.84375,18,3,0.11683210078626871,4.0,0.0,5,0.0,5,0.0,5,0.0,0.6069036722183228,protected first-frame anchor for both z and d,0.0,1,False,10,0.0,0.0,0.0,0.0,True,"[224, 224]",892401.875,18,3,0.11683210078626871,8.0,0.0,5,0.0,5,0.0,5,0.0,0.49370962381362915,protected first-frame anchor for both z and d,0.0,1,False,10,0.0,0.0,0.0,0.0,True,"[224, 224]",/data/gb/outputs/abc_temporal_train_s43_20261003,True,0.0,0.0,158,0.0,5,0.0,5,0.0,5,0.0,16,0.0,0.0,1,222764.515625,183,5,0.0,True,True,0.0,0.0,5,rightblkboybesidesred,False
200161.5625,6,1,0.042881215922534466,4.0,0.0,5,0.0,5,0.0,5,0.0,0.4433925449848175,protected first-frame anchor for both z and d,0.0,1,False,9,0.0,0.0,0.0,0.0,True,"[224, 224]",199779.09375,6,1,0.042881215922534466,4.0,0.0,5,0.0,5,0.0,5,0.0,0.6190206408500671,protected first-frame anchor for both z and d,0.0,1,False,9,0.0,0.0,0.0,0.0,True,"[224, 224]",199808.0,6,1,0.042881215922534466,4.0,0.0,4,0.0,5,0.0,5,0.0,0.45658817887306213,protected first-frame anchor for both z and d,0.0,1,,,False,8,0.0,0.0,0.0,0.0,True,"[224, 224]",200241.546875,6,1,0.042881215922534466,4.0,0.0,5,0.0,5,0.0,5,0.0,0.6286949515342712,protected first-frame anchor for both z and d,0.0,1,False,9,0.0,0.0,0.0,0.0,True,"[224, 224]",199798.8125,6,1,0.042881215922534466,4.0,0.0,5,0.0,5,0.0,5,0.0,0.5989331007003784,protected first-frame anchor for both z and d,0.0,1,False,9,0.0,0.0,0.0,0.0,True,"[224, 224]",793292.9375,6,1,0.042881215922534466,8.0,0.0,5,0.0,5,0.0,5,0.0,0.5845635533332825,protected first-frame anchor for both z and d,0.0,1,False,9,0.0,0.0,0.0,0.0,True,"[224, 224]",/data/gb/outputs/abc_temporal_train_s43_20261003,True,0.0,0.0,165,0.0,4,0.0,5,0.0,5,0.0,4,0.0,0.0,1,199779.09375,222,4,0.0,True,True,0.0,0.0,4,blackdresswithwhitefar,False
26817.28125,6,1,0.040502488147467375,4.0,0.0,5,0.0,5,0.0,5,0.0,0.44134366512298584,protected first-frame anchor for both z and d,0.0,1,False,10,0.07756192281829395,0.07756192281829395,0.07756192281829395,0.0,True,"[224, 224]",26685.583984375,6,1,0.040502488147467375,4.0,0.0,5,0.10935042964252802,5,0.0,5,0.07768610399319999,0.5044403076171875,protected first-frame anchor for both z and d,0.07768610399319999,1,False,10,0.07756192281829395,0.07768610399319999,0.07768610399319999,0.0,True,"[224, 224]",26569.0,6,1,0.040502488147467375,4.0,0.23402035665753296,5,0.23919946020642208,5,0.23402035665753296,5,0.23402035665753296,0.8762299418449402,protected first-frame anchor for both z and d,0.23402035665753296,1,,,True,10,0.23402035665753296,0.23402035665753296,0.23402035665753296,0.23402035665753296,True,"[224, 224]",26359.8828125,6,1,0.040502488147467375,4.0,0.0,5,0.0,5,0.0,5,0.0,0.48042434453964233,protected first-frame anchor for both z and d,0.0,1,False,10,0.07756192281829395,0.07756192281829395,0.07756192281829395,0.0,True,"[224, 224]",26489.09765625,6,1,0.040502488147467375,4.0,0.0,5,0.0,5,0.0,5,0.0,0.47443947196006775,protected first-frame anchor for both z and d,0.0,1,False,10,0.07756192281829395,0.07756192281829395,0.07756192281829395,0.0,True,"[224, 224]",105929.875,6,1,0.040502488147467375,8.0,0.1329530247539218,5,0.13842565787823558,5,0.1329530247539218,5,0.1329530247539218,0.5793777704238892,protected first-frame anchor for both z and d,0.1329530247539218,1,True,10,0.1329530247539218,0.1329530247539218,0.1329530247539218,0.1329530247539218,True,"[224, 224]",/data/gb/outputs/abc_temporal_train_s43_20261003,True,0.0,0.0,198,0.0,5,0.10885483175750235,5,0.0,5,0.07756192281829395,5,0.07756192281829395,0.07756192281829395,1,26685.583984375,8,5,0.07756192281829395,True,True,0.07756192281829395,0.0,5,pingpongball2,False
424864.8125,18,3,0.1107912459410727,4.0,0.0,5,0.4599503205695774,5,0.04403173906860145,5,0.41101070096082354,0.4428021013736725,protected first-frame anchor for both z and d,0.41101070096082354,1,True,10,0.3591502237118519,0.41101070096082354,0.41101070096082354,0.0,True,"[224, 224]",427101.1875,18,3,0.1107912459410727,4.0,0.0,5,0.3733441260260355,5,0.0,5,0.35951064097007485,0.7514477968215942,protected first-frame anchor for both z and d,0.35951064097007485,1,False,10,0.3591502237118519,0.35951064097007485,0.35951064097007485,0.0,True,"[224, 224]",426821.34375,18,3,0.1107912459410727,4.0,0.0,5,0.0,5,0.0,5,0.0,0.4807530641555786,protected first-frame anchor for both z and d,0.0,1,,,False,10,0.3591502237118519,0.3591502237118519,0.3591502237118519,0.0,True,"[224, 224]",427101.1875,18,3,0.1107912459410727,4.0,0.0,5,0.23381286894974843,5,0.0,5,0.0,0.7612103819847107,protected first-frame anchor for both z and d,0.22686307585684834,1,False,10,0.3591502237118519,0.3591502237118519,0.3591502237118519,0.0,True,"[224, 224]",428697.5,18,3,0.1107912459410727,4.0,0.0,5,0.3017521340643818,5,0.0,5,0.2881270844637644,0.7188118696212769,protected first-frame anchor for both z and d,0.2881270844637644,1,False,10,0.3591502237118519,0.3591502237118519,0.3591502237118519,0.0,True,"[224, 224]",1681534.5,18,3,0.1107912459410727,8.0,0.0,5,0.7901235248269064,5,0.003979571109529229,5,0.7901235248269064,0.6819488406181335,protected first-frame anchor for both z and d,0.7291028928439032,1,True,10,0.3591502237118519,0.7901235248269064,0.7291028928439032,0.0,True,"[224, 224]",/data/gb/outputs/abc_temporal_train_s43_20261003,True,0.0,0.0,235,0.0,5,0.37510958189262655,5,0.0,5,0.3591502237118519,11,0.3591502237118519,0.3591502237118519,1,427101.1875,55,5,0.3591502237118519,True,True,0.3591502237118519,0.0,5,boyputtinghandup,False
42436.0,18,3,0.1107912459410727,4.0,0.0,5,0.0,5,0.0,5,0.0,0.4411591589450836,protected first-frame anchor for both z and d,0.0,1,False,7,0.0,0.0,0.0,0.0,True,"[224, 224]",42642.00390625,18,3,0.1107912459410727,4.0,0.0,2,0.3511230201240097,5,0.028323568914297294,5,0.12617180568732825,0.6967930197715759,protected first-frame anchor for both z and d,0.0,1,True,4,0.028323568914297294,0.12617180568732825,0.0,0.0,True,"[224, 224]",42436.0,18,3,0.1107912459410727,4.0,0.0,5,0.3642465496708236,5,0.0013955291586147955,5,0.24333263228764357,0.44322818517684937,protected first-frame anchor for both z and d,0.24333263228764357,1,,,True,7,0.0013955291586147955,0.24333263228764357,0.24333263228764357,0.0,True,"[224, 224]",42436.0,18,3,0.1107912459410727,4.0,0.0,2,0.3731678940088567,5,0.06437338754618155,5,0.06437338754618155,0.6879510879516602,protected first-frame anchor for both z and d,0.0,1,True,4,0.06437338754618155,0.06437338754618155,0.0,0.0,True,"[224, 224]",42642.00390625,18,3,0.1107912459410727,4.0,0.0,2,0.3640423706362781,5,0.054556285191035184,5,0.19742486047345495,0.67535400390625,protected first-frame anchor for both z and d,0.0,1,True,4,0.054556285191035184,0.19742486047345495,0.0,0.0,True,"[224, 224]",169332.0,18,3,0.1107912459410727,8.0,0.06378932019048678,4,0.21958244173923372,5,0.11670769363969068,5,0.1775478857389052,0.5142295360565186,protected first-frame anchor for both z and d,0.06378932019048678,1,True,6,0.11670769363969068,0.1775478857389052,0.06378932019048678,0.0,True,"[224, 224]",/data/gb/outputs/abc_temporal_train_s43_20261003,True,0.0,0.0,243,0.0,2,0.3511230201240097,5,0.028323568914297294,5,0.12617180568732825,2,0.0,0.0,1,42642.00390625,125,2,0.0,True,True,0.0,0.0,2,higherthwartbottle_quezhen,True
16900.0,18,3,0.1107912459410727,4.0,0.0,5,0.0,5,0.0,5,0.0,0.44212859869003296,protected first-frame anchor for both z and d,0.0,1,False,9,0.0,0.0,0.0,0.0,True,"[224, 224]",17030.0,18,3,0.1107912459410727,4.0,0.0,4,0.0,5,0.0,5,0.0,0.5563204288482666,protected first-frame anchor for both z and d,0.0,1,False,8,0.0,0.0,0.0,0.0,True,"[224, 224]",16963.10546875,18,3,0.1107912459410727,4.0,0.0,5,0.0,5,0.0,5,0.0,0.44204142689704895,protected first-frame anchor for both z and d,0.0,1,,,False,9,0.0,0.0,0.0,0.0,True,"[224, 224]",16900.0,18,3,0.1107912459410727,4.0,0.0,5,0.0,5,0.0,5,0.0,0.5192372798919678,protected first-frame anchor for both z and d,0.0,1,False,9,0.0,0.0,0.0,0.0,True,"[224, 224]",17030.0,18,3,0.1107912459410727,4.0,0.0,5,0.0,5,0.0,5,0.0,0.521510660648346,protected first-frame anchor for both z and d,0.0,1,False,9,0.0,0.0,0.0,0.0,True,"[224, 224]",67445.7421875,18,3,0.1107912459410727,8.0,0.0,5,0.0,5,0.0,5,0.0,0.47507163882255554,protected first-frame anchor for both z and d,0.0,1,False,9,0.0,0.0,0.0,0.0,True,"[224, 224]",/data/gb/outputs/abc_temporal_train_s43_20261003,True,0.0,0.0,255,0.0,4,0.0,5,0.0,5,0.0,4,0.0,0.0,1,17030.0,176,4,0.0,True,True,0.0,0.0,4,blackbag,False
54756.0,6,1,0.039972239173948765,4.0,0.0,3,0.0,5,0.0,5,0.0,0.4682497978210449,protected first-frame anchor for both z and d,0.0,1,False,8,0.0,0.0,0.0,0.0,True,"[224, 224]",54756.0,6,1,0.039972239173948765,4.0,0.0,5,0.0,5,0.0,5,0.0,0.7743948698043823,protected first-frame anchor for both z and d,0.0,1,False,10,0.0,0.0,0.0,0.0,True,"[224, 224]",54756.0,6,1,0.039972239173948765,4.0,0.0,2,0.0,5,0.0,5,0.0,0.4646175503730774,protected first-frame anchor for both z and d,0.0,1,,,False,7,0.0,0.0,0.0,0.0,True,"[224, 224]",54756.0,6,1,0.039972239173948765,4.0,0.0,5,0.0,5,0.0,5,0.0,0.731950581073761,protected first-frame anchor for both z and d,0.0,1,False,10,0.0,0.0,0.0,0.0,True,"[224, 224]",54756.0,6,1,0.039972239173948765,4.0,0.0,5,0.0,5,0.0,5,0.0,0.7408096194267273,protected first-frame anchor for both z and d,0.0,1,False,10,0.0,0.0,0.0,0.0,True,"[224, 224]",219024.0,6,1,0.039972239173948765,8.0,0.0,5,0.709120031862729,5,0.0,5,0.0,0.5547959804534912,protected first-frame anchor for both z and d,0.35091177643885124,1,True,10,0.0,0.0,0.35091177643885124,0.0,True,"[224, 224]",/data/gb/outputs/abc_temporal_train_s43_20261003,True,0.0,0.0,317,0.0,5,0.0,5,0.0,5,0.0,6,0.0,0.0,1,54756.0,156,5,0.0,True,True,0.0,0.0,5,blkboycoming,False
40804.0,18,3,0.1123477490618825,4.0,0.0,5,0.1519379210556515,5,0.0,5,0.0,0.45634180307388306,protected first-frame anchor for both z and d,0.0,1,False,10,0.0,0.0,0.0,0.0,True,"[224, 224]",40804.0,18,3,0.1123477490618825,4.0,0.0,5,0.0,5,0.0,5,0.0,0.8090547323226929,protected first-frame anchor for both z and d,0.0,1,False,10,0.0,0.0,0.0,0.0,True,"[224, 224]",40457.03515625,18,3,0.1123477490618825,4.0,0.0,5,0.0,5,0.0,5,0.0,0.446392685174942,protected first-frame anchor for both z and d,0.0,1,,,False,10,0.0,0.0,0.0,0.0,True,"[224, 224]",40804.0,18,3,0.1123477490618825,4.0,0.0,4,0.0,5,0.0,5,0.0,0.8834019899368286,protected first-frame anchor for both z and d,0.0,1,False,9,0.0,0.0,0.0,0.0,True,"[224, 224]",40804.0,18,3,0.1123477490618825,4.0,0.0,5,0.0,5,0.0,5,0.0,0.7913470268249512,protected first-frame anchor for both z and d,0.0,1,False,10,0.0,0.0,0.0,0.0,True,"[224, 224]",160862.453125,18,3,0.1123477490618825,8.0,0.0,5,0.585294369558399,5,0.0,5,0.37189762246973046,0.6148045063018799,protected first-frame anchor for both z and d,0.37189762246973046,1,True,10,0.0,0.37189762246973046,0.37189762246973046,0.0,True,"[224, 224]",/data/gb/outputs/abc_temporal_train_s43_20261003,True,0.0,0.0,321,0.0,5,0.0,5,0.0,5,0.0,5,0.0,0.0,1,40804.0,191,5,0.0,True,True,0.0,0.0,5,sitleftboy,False
108255.171875,18,3,0.1123477490618825,4.0,0.0,5,0.0,5,0.0,5,0.0,0.4413778483867645,protected first-frame anchor for both z and d,0.0,1,False,10,0.0,0.0,0.0,0.0,True,"[224, 224]",107079.5546875,18,3,0.1123477490618825,4.0,0.0,5,0.0,5,0.0,5,0.0,0.6504197120666504,protected first-frame anchor for both z and d,0.0,1,False,10,0.0,0.0,0.0,0.0,True,"[224, 224]",107227.859375,18,3,0.1123477490618825,4.0,0.0,5,0.036589872530194294,5,0.0,5,0.0,0.4609827399253845,protected first-frame anchor for both z and d,0.0,1,,,False,10,0.0,0.0,0.0,0.0,True,"[224, 224]",106986.2109375,18,3,0.1123477490618825,4.0,0.0,5,0.0,5,0.0,5,0.0,0.6687894463539124,protected first-frame anchor for both z and d,0.0,1,False,10,0.0,0.0,0.0,0.0,True,"[224, 224]",107320.4921875,18,3,0.1123477490618825,4.0,0.0,5,0.0,5,0.0,5,0.0,0.6351544857025146,protected first-frame anchor for both z and d,0.0,1,False,10,0.0,0.0,0.0,0.0,True,"[224, 224]",428223.28125,18,3,0.1123477490618825,8.0,0.0,5,0.09931617337933256,5,0.0,5,0.0,0.6114473342895508,protected first-frame anchor for both z and d,0.0,1,True,10,0.0,0.0,0.0,0.0,True,"[224, 224]",/data/gb/outputs/abc_temporal_train_s43_20261003,True,0.0,0.0,322,0.0,5,0.0,5,0.0,5,0.0,15,0.0,0.0,1,107079.5546875,113,5,0.0,True,True,0.0,0.0,5,ab_redboyatbike,False
63154.69140625,18,3,0.1123477490618825,4.0,0.0,5,0.0,5,0.0,5,0.0,0.4446834325790405,protected first-frame anchor for both z and d,0.0,1,False,8,0.36144172870780605,0.36144172870780605,0.36144172870780605,0.0,True,"[224, 224]",62823.0625,18,3,0.1123477490618825,4.0,0.0,3,0.6342037531018336,5,0.0,5,0.0,0.6662336587905884,protected first-frame anchor for both z and d,0.36144172870780605,1,True,6,0.36144172870780605,0.36144172870780605,0.36144172870780605,0.0,True,"[224, 224]",63252.0,18,3,0.1123477490618825,4.0,0.010420985918598451,5,0.6302635108996458,5,0.010420985918598451,5,0.010420985918598451,0.49970534443855286,protected first-frame anchor for both z and d,0.010420985918598451,1,,,True,8,0.36144172870780605,0.36144172870780605,0.36144172870780605,0.0,True,"[224, 224]",62960.515625,18,3,0.1123477490618825,4.0,0.0,3,0.6784978368964092,5,0.0,5,0.0,0.6734827756881714,protected first-frame anchor for both z and d,0.13919159432983091,1,True,6,0.36144172870780605,0.36144172870780605,0.36144172870780605,0.0,True,"[224, 224]",63149.5859375,18,3,0.1123477490618825,4.0,0.0,5,0.7622405626811684,5,0.0,5,0.0,0.6311219930648804,protected first-frame anchor for both z and d,0.0,1,True,8,0.36144172870780605,0.36144172870780605,0.36144172870780605,0.0,True,"[224, 224]",256579.546875,18,3,0.1123477490618825,8.0,0.0,5,0.3927805881749108,5,0.0,5,0.0,0.5941596031188965,protected first-frame anchor for both z and d,0.0,1,True,8,0.36144172870780605,0.36144172870780605,0.36144172870780605,0.0,True,"[224, 224]",/data/gb/outputs/abc_temporal_train_s43_20261003,True,0.0,0.0,330,0.0,3,0.6342037531018336,5,0.0,5,0.0,3,0.36144172870780605,0.36144172870780605,1,62823.0625,161,3,0.36144172870780605,True,True,0.36144172870780605,0.0,3,1strow3rdboymid,True
11129.9990234375,6,1,0.042479698080569506,4.0,0.5291313683612162,4,0.6817238045479309,5,0.6023384628847144,5,0.6602282534585673,0.6696416735649109,protected first-frame anchor for both z and d,0.5291313683612162,1,True,7,0.6023384628847144,0.6602282534585673,0.5291313683612162,0.0,True,"[224, 224]",11129.9990234375,6,1,0.042479698080569506,4.0,0.0,3,0.16241644044573042,5,0.0,5,0.14833577788823077,0.670830249786377,protected first-frame anchor for both z and d,0.14833577788823077,1,False,6,0.14902005937460128,0.14902005937460128,0.14902005937460128,0.0,True,"[224, 224]",11024.998046875,6,1,0.042479698080569506,4.0,0.5656012905907457,5,0.7066816970778984,5,0.5894386093647043,5,0.6437251721664226,0.7877920269966125,protected first-frame anchor for both z and d,0.5656012905907457,1,,,True,8,0.5894386093647043,0.6437251721664226,0.5656012905907457,0.5656012905907457,True,"[224, 224]",11024.998046875,6,1,0.042479698080569506,4.0,0.0,5,0.2775152392597308,5,0.0,5,0.24007509479678749,0.6832064986228943,protected first-frame anchor for both z and d,0.24007509479678749,1,False,8,0.14902005937460128,0.24007509479678749,0.24007509479678749,0.0,True,"[224, 224]",11024.998046875,6,1,0.042479698080569506,4.0,0.0,5,0.2311966229982049,5,0.0,5,0.22977858654893316,0.6580897569656372,protected first-frame anchor for both z and d,0.22977858654893316,1,False,8,0.14902005937460128,0.22977858654893316,0.22977858654893316,0.0,True,"[224, 224]",43889.99609375,6,1,0.042479698080569506,8.0,0.0,5,0.4588050159265131,5,0.36840770074336654,5,0.38700755604287024,0.4677227735519409,protected first-frame anchor for both z and d,0.38700755604287024,1,True,8,0.36840770074336654,0.38700755604287024,0.38700755604287024,0.0,True,"[224, 224]",/data/gb/outputs/abc_temporal_train_s43_20261003,True,0.0,0.0,359,0.0,3,0.16268191754452246,5,0.0,5,0.14902005937460128,3,0.14902005937460128,0.14902005937460128,1,11129.9990234375,20,3,0.14902005937460128,True,True,0.14902005937460128,0.0,3,blackbag,False
270395.96875,6,1,0.041652369778603315,4.0,0.0,5,0.0,5,0.0,5,0.0,0.45833510160446167,protected first-frame anchor for both z and d,0.0,1,False,10,0.0,0.0,0.0,0.0,True,"[224, 224]",271530.75,6,1,0.041652369778603315,4.0,0.0,5,0.0,5,0.0,5,0.0,0.9086416363716125,protected first-frame anchor for both z and d,0.0,1,False,10,0.0,0.0,0.0,0.0,True,"[224, 224]",269318.53125,6,1,0.041652369778603315,4.0,0.0,5,0.0,5,0.0,5,0.0,0.4766998589038849,protected first-frame anchor for both z and d,0.0,1,,,False,10,0.0,0.0,0.0,0.0,True,"[224, 224]",270240.4375,6,1,0.041652369778603315,4.0,0.0,5,0.0,5,0.0,5,0.0,0.899625301361084,protected first-frame anchor for both z and d,0.0,1,False,10,0.0,0.0,0.0,0.0,True,"[224, 224]",267951.75,6,1,0.041652369778603315,4.0,0.0,5,0.0,5,0.0,5,0.0,0.8871234059333801,protected first-frame anchor for both z and d,0.0,1,False,10,0.0,0.0,0.0,0.0,True,"[224, 224]",1080429.125,6,1,0.041652369778603315,8.0,0.0,5,0.14162135117265653,5,0.0,5,0.0,0.5903393030166626,protected first-frame anchor for both z and d,0.0672835846461067,1,True,10,0.0,0.0,0.0672835846461067,0.0,True,"[224, 224]",/data/gb/outputs/abc_temporal_train_s43_20261003,True,0.0,0.0,412,0.0,5,0.0,5,0.0,5,0.0,16,0.0,0.0,1,271530.75,170,5,0.0,True,True,0.0,0.0,5,ab_minibusstops,False
68906.0,12,2,0.0769281629472971,4.0,0.0,5,0.35610785405935086,5,0.0,5,0.35610785405935086,0.5181859135627747,protected first-frame anchor for both z and d,0.0,1,True,9,0.4957238109351235,0.4957238109351235,0.4957238109351235,0.0,True,"[224, 224]",68906.0,12,2,0.0769281629472971,4.0,0.0,4,0.4958955591852094,5,0.31836991323203956,5,0.4958955591852094,0.6535454392433167,protected first-frame anchor for both z and d,0.4958955591852094,1,True,8,0.4957238109351235,0.4958955591852094,0.4958955591852094,0.0,True,"[224, 224]",68906.0,12,2,0.0769281629472971,4.0,0.1684177763742153,5,0.45147769257007414,5,0.4299200842484922,5,0.45147769257007414,0.4560389518737793,protected first-frame anchor for both z and d,0.45147769257007414,1,,,True,9,0.4957238109351235,0.4957238109351235,0.4957238109351235,0.0,True,"[224, 224]",68906.0,12,2,0.0769281629472971,4.0,0.0,3,0.46739744048059123,5,0.12501923283515218,5,0.0,0.6541105508804321,protected first-frame anchor for both z and d,0.0,1,True,7,0.4957238109351235,0.4957238109351235,0.4957238109351235,0.0,True,"[224, 224]",68644.0,12,2,0.0769281629472971,4.0,0.0,3,0.4545354107804904,5,0.0,5,0.0,0.7353217005729675,protected first-frame anchor for both z and d,0.0,1,True,7,0.4957238109351235,0.4957238109351235,0.4957238109351235,0.0,True,"[224, 224]",274576.0,12,2,0.0769281629472971,8.0,0.0,5,0.1675472017779722,5,0.1506082722261176,5,0.1506082722261176,0.5255045294761658,protected first-frame anchor for both z and d,0.0,1,True,9,0.4957238109351235,0.4957238109351235,0.4957238109351235,0.0,True,"[224, 224]",/data/gb/outputs/abc_temporal_train_s43_20261003,True,0.0,0.0,433,0.0,4,0.4957238109351235,5,0.31836991323203956,5,0.4957238109351235,4,0.4957238109351235,0.4957238109351235,1,68906.0,186,4,0.4957238109351235,True,True,0.4957238109351235,0.0,4,higherthwartbottle_quezhen,True
14884.0,12,2,0.0769281629472971,4.0,0.0,5,0.0,5,0.0,5,0.0,0.44099491834640503,protected first-frame anchor for both z and d,0.0,1,False,10,0.07125416523530231,0.07125416523530231,0.07125416523530231,0.040036540818149884,True,"[224, 224]",15006.0,12,2,0.0769281629472971,4.0,0.04625495573163118,4,0.5812309226907343,5,0.15226731534332938,5,0.3860503981779384,0.8050562143325806,protected first-frame anchor for both z and d,0.04625495573163118,1,True,9,0.15226731534332938,0.3860503981779384,0.07125416523530231,0.040036540818149884,True,"[224, 224]",14949.7392578125,12,2,0.0769281629472971,4.0,0.0,5,0.1684381083690409,5,0.050175987976923034,5,0.12670874404768112,0.4423690438270569,protected first-frame anchor for both z and d,0.04185160632270659,1,,,False,10,0.07125416523530231,0.12670874404768112,0.07125416523530231,0.040036540818149884,True,"[224, 224]",14884.0,12,2,0.0769281629472971,4.0,0.035727039511744184,5,0.558696945505935,5,0.2293247205161355,5,0.46361772111683125,0.806957483291626,protected first-frame anchor for both z and d,0.46361772111683125,1,True,10,0.2293247205161355,0.46361772111683125,0.46361772111683125,0.040036540818149884,True,"[224, 224]",15006.0,12,2,0.0769281629472971,4.0,0.03965290959793391,5,0.5987476198013476,5,0.3582752916774922,5,0.46366937988280976,0.8248382210731506,protected first-frame anchor for both z and d,0.03965290959793391,1,True,10,0.3582752916774922,0.46366937988280976,0.07125416523530231,0.040036540818149884,True,"[224, 224]",58716.234375,12,2,0.0769281629472971,8.0,0.0685504114579602,5,0.2774864458231419,5,0.15527013289605232,5,0.190956570270261,0.651921808719635,protected first-frame anchor for both z and d,0.0685504114579602,1,True,10,0.15527013289605232,0.190956570270261,0.07125416523530231,0.040036540818149884,True,"[224, 224]",/data/gb/outputs/abc_temporal_train_s43_20261003,True,0.0,0.0,434,0.04003654047846794,5,0.5531996129208988,5,0.14780196815410926,5,0.23857717949813334,6,0.07125416523530231,0.07125416523530231,1,15006.0,148,5,0.07125416523530231,True,True,0.07125416523530231,0.040036540818149884,5,girlbike156,True
66306.0,6,1,0.04206836223602295,4.0,0.8502090958752452,2,0.8716434063670236,5,0.8502090958752452,5,0.8502090958752452,0.7063350677490234,protected first-frame anchor for both z and d,0.8502090958752452,1,True,6,0.8502090958752452,0.8502090958752452,0.8502090958752452,0.0,True,"[224, 224]",66306.0,6,1,0.04206836223602295,4.0,0.0,4,0.0,5,0.0,5,0.0,0.8486676216125488,protected first-frame anchor for both z and d,0.0,1,False,8,0.0,0.0,0.0,0.0,True,"[224, 224]",66049.0,6,1,0.04206836223602295,4.0,0.7905666203273402,3,0.8318688319173506,5,0.7905666203273402,5,0.7905666203273402,0.5119778513908386,protected first-frame anchor for both z and d,0.7905666203273402,1,,,True,7,0.7905666203273402,0.7905666203273402,0.7905666203273402,0.0,True,"[224, 224]",66049.0,6,1,0.04206836223602295,4.0,0.0,3,0.0,5,0.0,5,0.0,0.8697453737258911,protected first-frame anchor for both z and d,0.0,1,False,7,0.0,0.0,0.0,0.0,True,"[224, 224]",66049.0,6,1,0.04206836223602295,4.0,0.0,4,0.0,5,0.0,5,0.0,0.878442108631134,protected first-frame anchor for both z and d,0.0,1,False,8,0.0,0.0,0.0,0.0,True,"[224, 224]",263879.28125,6,1,0.04206836223602295,8.0,0.0,5,0.5081171379547205,5,0.4445835679018973,5,0.4445835679018973,0.5898336172103882,protected first-frame anchor for both z and d,0.4445835679018973,1,True,9,0.4445835679018973,0.4445835679018973,0.4445835679018973,0.0,True,"[224, 224]",/data/gb/outputs/abc_temporal_train_s43_20261003,True,0.0,0.0,461,0.0,4,0.0,5,0.0,5,0.0,4,0.0,0.0,1,66306.0,148,4,0.0,True,True,0.0,0.0,4,theleftestrunningboy,False
266639.09375,12,2,0.080578597728163,4.0,0.0,5,0.4336946149536597,5,0.0,5,0.30266538646901886,0.44181370735168457,protected first-frame anchor for both z and d,0.0,1,False,10,0.17120725398791967,0.30266538646901886,0.17120725398791967,0.17120725398791967,True,"[224, 224]",266561.75,12,2,0.080578597728163,4.0,0.857005570164716,5,0.8850406055673132,5,0.857005570164716,5,0.857005570164716,0.8745664358139038,protected first-frame anchor for both z and d,0.857005570164716,1,True,10,0.857005570164716,0.857005570164716,0.857005570164716,0.17120725398791967,True,"[224, 224]",265567.03125,12,2,0.080578597728163,4.0,0.0,5,0.8824361422500497,5,0.08006974785327754,5,0.8591165437264044,0.4411580562591553,protected first-frame anchor for both z and d,0.3952108551037442,1,,,True,10,0.17120725398791967,0.8591165437264044,0.3952108551037442,0.17120725398791967,True,"[224, 224]",266752.1875,12,2,0.080578597728163,4.0,0.8784888864593097,5,0.8947381317231834,5,0.8784888864593097,5,0.8784888864593097,0.8620179891586304,protected first-frame anchor for both z and d,0.8784888864593097,1,True,10,0.8784888864593097,0.8784888864593097,0.8784888864593097,0.17120725398791967,True,"[224, 224]",266175.625,12,2,0.080578597728163,4.0,0.8750437103031885,5,0.8750437103031885,5,0.8750437103031885,5,0.8750437103031885,0.7887195348739624,protected first-frame anchor for both z and d,0.8750437103031885,1,True,10,0.8750437103031885,0.8750437103031885,0.8750437103031885,0.17120725398791967,True,"[224, 224]",1067424.125,12,2,0.080578597728163,8.0,0.0,5,0.757101649096213,5,0.757101649096213,5,0.757101649096213,0.7472439408302307,protected first-frame anchor for both z and d,0.757101649096213,1,True,10,0.757101649096213,0.757101649096213,0.757101649096213,0.17120725398791967,True,"[224, 224]",/data/gb/outputs/abc_temporal_train_s43_20261003,True,0.0,0.0,484,0.1712072491645813,5,0.8892327785932338,5,0.8892327785932338,5,0.8892327785932338,16,0.17120725398791967,0.1756253358345033,1,266561.75,222,5,0.17120725398791967,True,True,0.17120725398791967,0.17120725398791967,5,midboyplayingphone,True
120305.125,12,2,0.080578597728163,4.0,0.0,5,0.5803337099525531,5,0.0,5,0.5253640162002519,0.38057953119277954,protected first-frame anchor for both z and d,0.0,1,True,10,0.20803850016834396,0.5253640162002519,0.20803850016834396,0.0,True,"[224, 224]",120756.0,12,2,0.080578597728163,4.0,0.0,5,0.5724054685164651,5,0.15718519539753606,5,0.45993772557930507,0.8873175382614136,protected first-frame anchor for both z and d,0.20267925681744517,1,True,10,0.20803850016834396,0.45993772557930507,0.20803850016834396,0.0,True,"[224, 224]",121104.0,12,2,0.080578597728163,4.0,0.2850929149034862,5,0.5407347672355032,5,0.4027382076674276,5,0.2850929149034862,0.4705009162425995,protected first-frame anchor for both z and d,0.2850929149034862,1,,,True,10,0.4027382076674276,0.2850929149034862,0.2850929149034862,0.0,True,"[224, 224]",120756.0,12,2,0.080578597728163,4.0,0.0,5,0.5833144213948972,5,0.18000143833978205,5,0.5001856350058713,0.8222290873527527,protected first-frame anchor for both z and d,0.25593822217069645,1,True,10,0.20803850016834396,0.5001856350058713,0.25593822217069645,0.0,True,"[224, 224]",120756.0,12,2,0.080578597728163,4.0,0.0,5,0.6397643084909966,5,0.0,5,0.3715430338059691,0.8987908363342285,protected first-frame anchor for both z and d,0.20996252852667896,1,True,10,0.20803850016834396,0.3715430338059691,0.20996252852667896,0.0,True,"[224, 224]",475882.9375,12,2,0.080578597728163,8.0,0.0,5,0.22239857286245923,5,0.2193023254872689,5,0.13433904817724832,0.6116200685501099,protected first-frame anchor for both z and d,0.13433904817724832,1,True,10,0.2193023254872689,0.20803850016834396,0.20803850016834396,0.0,True,"[224, 224]",/data/gb/outputs/abc_temporal_train_s43_20261003,True,0.0,0.0,511,0.0,5,0.5581193873033593,5,0.2061783393222617,5,0.4930325190454301,7,0.20803850016834396,0.20803850016834396,1,120756.0,38,5,0.20803850016834396,True,True,0.20803850016834396,0.0,5,blkboygoleft,True
5376.0,6,1,0.0423784707672894,4.0,0.0,5,0.0,5,0.0,5,0.0,0.4908381700515747,protected first-frame anchor for both z and d,0.0,1,False,10,0.0,0.0,0.0,0.0,True,"[224, 224]",5402.0,6,1,0.0423784707672894,4.0,0.0,5,0.5097503572458317,5,0.0,5,0.010114762140943933,0.8208299875259399,protected first-frame anchor for both z and d,0.0,1,True,10,0.0,0.010114762140943933,0.0,0.0,True,"[224, 224]",5329.0,6,1,0.0423784707672894,4.0,0.0,4,0.2540835752403908,5,0.0,5,0.013805470449570164,0.8551249504089355,protected first-frame anchor for both z and d,0.0,1,,,False,9,0.0,0.013805470449570164,0.0,0.0,True,"[224, 224]",5329.0,6,1,0.0423784707672894,4.0,0.0,5,0.0,5,0.0,5,0.0,0.43441131711006165,protected first-frame anchor for both z and d,0.0,1,False,10,0.0,0.0,0.0,0.0,True,"[224, 224]",5402.0,6,1,0.0423784707672894,4.0,0.0,5,0.0,5,0.0,5,0.0,0.44660627841949463,protected first-frame anchor for both z and d,0.0,1,False,10,0.0,0.0,0.0,0.0,True,"[224, 224]",21264.931640625,6,1,0.0423784707672894,8.0,0.0,5,0.7771954669099244,5,0.0,5,0.43461079696136473,0.57925945520401,protected first-frame anchor for both z and d,0.0,1,True,10,0.0,0.43461079696136473,0.0,0.0,True,"[224, 224]",/data/gb/outputs/abc_temporal_train_s43_20261003,True,0.0,0.0,535,0.0,5,0.5094161663427177,5,0.0,5,0.0092942345865445,6,0.2576354636735002,0.2576354636735002,1,5402.0,69,5,0.2576354636735002,True,True,0.0,0.0,5,bikeboycome,True
120125.0859375,30,5,0.1961027062498033,4.0,0.0,5,0.13049087727023026,5,0.010229294161699279,5,0.08539464451431668,0.4584173858165741,protected first-frame anchor for both z and d,0.013744002701887859,1,False,10,0.0692797752986517,0.08539464451431668,0.0692797752986517,0.0692797752986517,True,"[224, 224]",120409.0,30,5,0.1961027062498033,4.0,0.042285335544401226,5,0.45481241349194973,5,0.4294400608720038,5,0.26032483440306975,0.8472902178764343,protected first-frame anchor for both z and d,0.042285335544401226,1,True,10,0.4294400608720038,0.26032483440306975,0.0692797752986517,0.042285335544401226,True,"[224, 224]",120825.6015625,30,5,0.1961027062498033,4.0,0.034521511470321675,5,0.10295119935395218,5,0.034521511470321675,5,0.08049734618790633,0.4883454144001007,protected first-frame anchor for both z and d,0.034521511470321675,1,,,False,10,0.0692797752986517,0.08049734618790633,0.0692797752986517,0.0692797752986517,True,"[224, 224]",120756.0,30,5,0.1961027062498033,4.0,0.04423042510947704,5,0.5147214048217779,5,0.48907533153744215,5,0.21892352384391003,0.8901261687278748,protected first-frame anchor for both z and d,0.04423042510947704,1,True,10,0.48907533153744215,0.21892352384391003,0.0692797752986517,0.04423042510947704,True,"[224, 224]",121104.0,30,5,0.1961027062498033,4.0,0.03730522605943773,5,0.40253217672946184,5,0.3297040278923762,5,0.2977914050223121,0.8822202086448669,protected first-frame anchor for both z and d,0.03730522605943773,1,True,10,0.3297040278923762,0.2977914050223121,0.0692797752986517,0.03730522605943773,True,"[224, 224]",478448.1875,30,5,0.1961027062498033,8.0,0.06794812632138834,5,0.23896559255320962,5,0.23567013137522883,5,0.06794812632138834,0.6143975257873535,protected first-frame anchor for both z and d,0.06794812632138834,1,True,10,0.23567013137522883,0.0692797752986517,0.0692797752986517,0.0692797752986517,True,"[224, 224]",/data/gb/outputs/abc_temporal_train_s43_20261003,True,0.0,0.0,547,0.06927977502346039,5,0.6070941232868016,5,0.27406878574371696,5,0.27406878574371696,5,0.0692797752986517,0.0692797752986517,1,120409.0,150,5,0.0692797752986517,True,True,0.0692797752986517,0.0692797752986517,5,boytoleft_inf_white,True
237678.390625,30,5,0.1961027062498033,4.0,0.0,5,0.11067667835112904,5,0.0,5,0.05510536708520912,0.4428425133228302,protected first-frame anchor for both z and d,0.0,1,False,10,0.0,0.05510536708520912,0.0,0.0,True,"[224, 224]",235824.59375,30,5,0.1961027062498033,4.0,0.0,5,0.0,5,0.0,5,0.0,0.4802427291870117,protected first-frame anchor for both z and d,0.0,1,False,10,0.0,0.0,0.0,0.0,True,"[224, 224]",237612.46875,30,5,0.1961027062498033,4.0,0.0,5,0.07746248059876386,5,0.0,5,0.03369482975467388,0.7196491956710815,protected first-frame anchor for both z and d,0.0,1,,,False,10,0.0,0.03369482975467388,0.0,0.0,True,"[224, 224]",236921.953125,30,5,0.1961027062498033,4.0,0.0,5,0.0,5,0.0,5,0.0,0.5179249048233032,protected first-frame anchor for both z and d,0.0,1,False,10,0.0,0.0,0.0,0.0,True,"[224, 224]",235473.171875,30,5,0.1961027062498033,4.0,0.0,5,0.0,5,0.0,5,0.0,0.5536597371101379,protected first-frame anchor for both z and d,0.0,1,False,10,0.0,0.0,0.0,0.0,True,"[224, 224]",934135.8125,30,5,0.1961027062498033,8.0,0.0,5,0.3217931678214561,5,0.3188349804708426,5,0.3216220218085401,0.5168811678886414,protected first-frame anchor for both z and d,0.3188349804708426,1,False,10,0.3188349804708426,0.3216220218085401,0.3188349804708426,0.0,True,"[224, 224]",/data/gb/outputs/abc_temporal_train_s43_20261003,True,0.0,0.0,552,0.0,5,0.0,5,0.0,5,0.0,8,0.0,0.0,1,235824.59375,221,5,0.0,True,True,0.0,0.0,5,yellowgirlwithbowl,False
22500.0,30,5,0.1961027062498033,4.0,0.0,5,0.051459120367102845,5,0.0,5,0.0,0.4919256865978241,protected first-frame anchor for both z and d,0.0,1,False,10,0.0,0.0,0.0,0.0,True,"[224, 224]",22650.0,30,5,0.1961027062498033,4.0,0.0,5,0.05024034298053968,5,0.0,5,0.0,0.5385078191757202,protected first-frame anchor for both z and d,0.0,1,False,10,0.0,0.0,0.0,0.0,True,"[224, 224]",22500.0,30,5,0.1961027062498033,4.0,0.0,5,0.9468208463698775,5,0.9060484831330329,5,0.8742810226119144,0.751926064491272,protected first-frame anchor for both z and d,0.8742810226119144,1,,,True,10,0.9060484831330329,0.8742810226119144,0.8742810226119144,0.0,True,"[224, 224]",22650.0,30,5,0.1961027062498033,4.0,0.0,5,0.2634263999044042,5,0.0,5,0.0,0.5661797523498535,protected first-frame anchor for both z and d,0.2634263999044042,1,False,10,0.0,0.0,0.2634263999044042,0.0,True,"[224, 224]",22500.0,30,5,0.1961027062498033,4.0,0.0,5,0.12189935032198239,5,0.0,5,0.0,0.6302708387374878,protected first-frame anchor for both z and d,0.0,1,False,10,0.0,0.0,0.0,0.0,True,"[224, 224]",90902.0,30,5,0.1961027062498033,8.0,0.0,5,0.23605088761001308,5,0.0,5,0.0,0.3874906599521637,protected first-frame anchor for both z and d,0.0,1,True,10,0.0,0.0,0.0,0.0,True,"[224, 224]",/data/gb/outputs/abc_temporal_train_s43_20261003,True,0.0,0.0,553,0.0,5,0.05659994924251573,5,0.0,5,0.0,7,0.0,0.0,1,22650.0,78,5,0.0,True,True,0.0,0.0,5,boybesidesblkcarrunning,False
4356.0,30,5,0.1961027062498033,4.0,0.0,5,0.5023199059269577,5,0.10369846138292906,5,0.2655025691881708,0.4876980781555176,protected first-frame anchor for both z and d,0.18030253964095835,1,True,10,0.16682591300601413,0.2655025691881708,0.18030253964095835,0.011832803524167584,True,"[224, 224]",4356.0,30,5,0.1961027062498033,4.0,0.0,4,0.37467778861541245,5,0.37467778861541245,5,0.13995966823621045,0.6258373260498047,protected first-frame anchor for both z and d,0.17123762736724635,1,True,9,0.37467778861541245,0.16682591300601413,0.17123762736724635,0.0,True,"[224, 224]",4356.0,30,5,0.1961027062498033,4.0,0.05563253011458926,5,0.7382258827236753,5,0.7215804079586801,5,0.12157721739772635,0.46051955223083496,protected first-frame anchor for both z and d,0.05563253011458926,1,,,True,10,0.7215804079586801,0.16682591300601413,0.16682591300601413,0.011832803524167584,True,"[224, 224]",4356.0,30,5,0.1961027062498033,4.0,0.0,5,0.5458229941728303,5,0.13920622060228213,5,0.13920622060228213,0.6330665349960327,protected first-frame anchor for both z and d,0.06217642345280721,1,True,10,0.16682591300601413,0.16682591300601413,0.16682591300601413,0.0,True,"[224, 224]",4356.0,30,5,0.1961027062498033,4.0,0.0,5,0.4516338334104962,5,0.13954263761791794,5,0.11063311718702903,0.6666725873947144,protected first-frame anchor for both z and d,0.08001468439147928,1,True,10,0.16682591300601413,0.16682591300601413,0.16682591300601413,0.0,True,"[224, 224]",17161.0,30,5,0.1961027062498033,8.0,0.20139409053363624,5,0.3248312391993154,5,0.26586138373034135,5,0.20139409053363624,0.47469109296798706,protected first-frame anchor for both z and d,0.20139409053363624,1,True,10,0.26586138373034135,0.20139409053363624,0.20139409053363624,0.011832803524167584,True,"[224, 224]",/data/gb/outputs/abc_temporal_train_s43_20261003,True,0.0,0.0,560,0.01183280348777771,5,0.32729858883383844,5,0.1614540505930425,5,0.128649867638323,5,0.16682591300601413,0.16682591300601413,1,4356.0,124,5,0.16682591300601413,True,True,0.16682591300601413,0.011832803524167584,5,umbrellainred,True
14280.0,30,5,0.1961027062498033,4.0,0.0,5,0.0,5,0.0,5,0.0,0.4573492109775543,protected first-frame anchor for both z and d,0.0,1,False,8,0.0,0.0,0.0,0.0,True,"[224, 224]",14280.0,30,5,0.1961027062498033,4.0,0.7815628970782796,4,0.9047023080691665,5,0.8165838476549881,5,0.8165838476549881,0.5753922462463379,protected first-frame anchor for both z and d,0.7815628970782796,1,True,7,0.8165838476549881,0.8165838476549881,0.7815628970782796,0.0,True,"[224, 224]",14161.0,30,5,0.1961027062498033,4.0,0.0,5,0.0,5,0.0,5,0.0,0.3759344816207886,protected first-frame anchor for both z and d,0.0,1,,,False,8,0.0,0.0,0.0,0.0,True,"[224, 224]",14161.0,30,5,0.1961027062498033,4.0,0.0,5,0.9434467895703095,5,0.8982873283150837,5,0.9434467895703095,0.6667213439941406,protected first-frame anchor for both z and d,0.9434467895703095,1,True,8,0.8982873283150837,0.9434467895703095,0.9434467895703095,0.0,True,"[224, 224]",14161.0,30,5,0.1961027062498033,4.0,0.7520316626268331,5,0.9093828829585622,5,0.7644827482439622,5,0.8796485876274532,0.5307289958000183,protected first-frame anchor for both z and d,0.7520316626268331,1,True,8,0.7644827482439622,0.8796485876274532,0.7520316626268331,0.0,True,"[224, 224]",56644.0,30,5,0.1961027062498033,8.0,0.002740229323090433,5,0.4771708091827758,5,0.4771708091827758,5,0.002740229323090433,0.5042190551757812,protected first-frame anchor for both z and d,0.002740229323090433,1,True,8,0.4771708091827758,0.002740229323090433,0.002740229323090433,0.0,True,"[224, 224]",/data/gb/outputs/abc_temporal_train_s43_20261003,True,0.0,0.0,561,0.0,3,0.6710947069781313,5,0.5131836622741844,5,0.4676654318623025,3,0.0,0.0,1,14280.0,124,3,0.0,True,True,0.0,0.0,3,moto2north1,True
26076.302734375,6,1,0.04115232964977622,4.0,0.0,5,0.0,5,0.0,5,0.0,0.4427357614040375,protected first-frame anchor for both z and d,0.0,1,False,10,0.0,0.0,0.0,0.0,True,"[224, 224]",26244.0,6,1,0.04115232964977622,4.0,0.0,5,0.0,5,0.0,5,0.0,0.4558822512626648,protected first-frame anchor for both z and d,0.0,1,False,10,0.0,0.0,0.0,0.0,True,"[224, 224]",26166.859375,6,1,0.04115232964977622,4.0,0.0,5,0.0,5,0.0,5,0.0,0.47132164239883423,protected first-frame anchor for both z and d,0.0,1,,,False,10,0.0,0.0,0.0,0.0,True,"[224, 224]",26244.0,6,1,0.04115232964977622,4.0,0.0,5,0.0,5,0.0,5,0.0,0.46034368872642517,protected first-frame anchor for both z and d,0.0,1,False,10,0.0,0.0,0.0,0.0,True,"[224, 224]",26244.0,6,1,0.04115232964977622,4.0,0.0,5,0.0,5,0.0,5,0.0,0.4622785151004791,protected first-frame anchor for both z and d,0.0,1,False,10,0.0,0.0,0.0,0.0,True,"[224, 224]",104091.3203125,6,1,0.04115232964977622,8.0,0.0,5,0.0,5,0.0,5,0.0,0.5050520896911621,protected first-frame anchor for both z and d,0.0,1,False,10,0.0,0.0,0.0,0.0,True,"[224, 224]",/data/gb/outputs/abc_temporal_train_s43_20261003,True,0.0,0.0,610,0.0,5,0.0,5,0.0,5,0.0,11,0.0,0.0,1,26244.0,13,5,0.0,True,True,0.0,0.0,5,ab_pingpongball3,False
28900.0,24,4,0.15892584482207894,4.0,0.0,5,0.5304355960676755,5,0.26651710339171897,5,0.46777677235104975,0.4456998407840729,protected first-frame anchor for both z and d,0.46777677235104975,1,True,9,0.26651710339171897,0.46777677235104975,0.46777677235104975,0.04667218439935789,True,"[224, 224]",28900.0,24,4,0.15892584482207894,4.0,0.017953446334586683,5,0.702267879199855,5,0.702267879199855,5,0.18833309258048023,0.7448886036872864,protected first-frame anchor for both z and d,0.017953446334586683,1,True,9,0.702267879199855,0.18833309258048023,0.04667218439935789,0.017953446334586683,True,"[224, 224]",28730.0,24,4,0.15892584482207894,4.0,0.0,5,0.6699946859814236,5,0.12092821218604817,5,0.6509887994038669,0.45038169622421265,protected first-frame anchor for both z and d,0.07240732547888039,1,,,True,9,0.12092821218604817,0.6509887994038669,0.07240732547888039,0.04667218439935789,True,"[224, 224]",28900.0,24,4,0.15892584482207894,4.0,0.028408519941215266,5,0.6344719796911602,5,0.6208232212191576,5,0.43945890210959243,0.5436732172966003,protected first-frame anchor for both z and d,0.028408519941215266,1,True,9,0.6208232212191576,0.43945890210959243,0.04667218439935789,0.04667218439935789,True,"[224, 224]",28730.0,24,4,0.15892584482207894,4.0,0.0,5,0.6675767606788182,5,0.6425079228396192,5,0.39074486811950854,0.5766041874885559,protected first-frame anchor for both z and d,0.0,1,True,9,0.6425079228396192,0.39074486811950854,0.04667218439935789,0.04667218439935789,True,"[224, 224]",115600.0,24,4,0.15892584482207894,8.0,0.29256997896322545,5,0.36217307551738087,5,0.3283486658805314,5,0.3427001498774078,0.573778510093689,protected first-frame anchor for both z and d,0.29256997896322545,1,True,9,0.3283486658805314,0.3427001498774078,0.29256997896322545,0.04667218439935789,True,"[224, 224]",/data/gb/outputs/abc_temporal_train_s43_20261003,True,0.0,0.0,646,0.04667218402028084,4,0.7259553117424857,5,0.7259553117424857,5,0.7259553117424857,4,0.04667218439935789,0.0,1,28900.0,142,4,0.04667218439935789,True,True,0.04667218439935789,0.04667218439935789,4,4boysbesidesblkcar,True
41411.99609375,24,4,0.15892584482207894,4.0,0.0,5,0.594466153091837,5,0.0,5,0.39822690519395687,0.44353097677230835,protected first-frame anchor for both z and d,0.0,1,True,10,0.0,0.39822690519395687,0.0,0.0,True,"[224, 224]",41411.99609375,24,4,0.15892584482207894,4.0,0.0,5,0.0,5,0.0,5,0.0,0.5978876948356628,protected first-frame anchor for both z and d,0.0,1,False,10,0.0,0.0,0.0,0.0,True,"[224, 224]",41411.99609375,24,4,0.15892584482207894,4.0,0.0,5,0.0,5,0.0,5,0.0,0.6897803544998169,protected first-frame anchor for both z and d,0.0,1,,,False,10,0.0,0.0,0.0,0.0,True,"[224, 224]",41189.8828125,24,4,0.15892584482207894,4.0,0.0,5,0.0,5,0.0,5,0.0,0.6569986343383789,protected first-frame anchor for both z and d,0.0,1,False,10,0.0,0.0,0.0,0.0,True,"[224, 224]",41353.84375,24,4,0.15892584482207894,4.0,0.0,5,0.0,5,0.0,5,0.0,0.6152122020721436,protected first-frame anchor for both z and d,0.0,1,False,10,0.0,0.0,0.0,0.0,True,"[224, 224]",164521.546875,24,4,0.15892584482207894,8.0,0.0,5,0.424372472845185,5,0.0,5,0.19217233818118165,0.49555736780166626,protected first-frame anchor for both z and d,0.0,1,True,10,0.0,0.19217233818118165,0.0,0.0,True,"[224, 224]",/data/gb/outputs/abc_temporal_train_s43_20261003,True,0.0,0.0,661,0.0,5,0.0,5,0.0,5,0.0,7,0.0,0.0,1,41411.99609375,213,5,0.0,True,True,0.0,0.0,5,rightboyleader,False
45509.94140625,24,4,0.15892584482207894,4.0,0.0,5,0.0,5,0.0,5,0.0,0.4475969672203064,protected first-frame anchor for both z and d,0.0,1,False,10,0.0,0.0,0.0,0.0,True,"[224, 224]",45272.18359375,24,4,0.15892584482207894,4.0,0.0,5,0.0,5,0.0,5,0.0,0.6714926362037659,protected first-frame anchor for both z and d,0.0,1,False,10,0.0,0.0,0.0,0.0,True,"[224, 224]",45279.84375,24,4,0.15892584482207894,4.0,0.0,5,0.0,5,0.0,5,0.0,0.5843672752380371,protected first-frame anchor for both z and d,0.0,1,,,False,10,0.0,0.0,0.0,0.0,True,"[224, 224]",45272.18359375,24,4,0.15892584482207894,4.0,0.0,5,0.0,5,0.0,5,0.0,0.6714926362037659,protected first-frame anchor for both z and d,0.0,1,False,10,0.0,0.0,0.0,0.0,True,"[224, 224]",45242.96484375,24,4,0.15892584482207894,4.0,0.0,5,0.0,5,0.0,5,0.0,0.6344904899597168,protected first-frame anchor for both z and d,0.0,1,False,10,0.0,0.0,0.0,0.0,True,"[224, 224]",181619.65625,24,4,0.15892584482207894,8.0,0.0,5,0.5956132625729503,5,0.0,5,0.0,0.5330725908279419,protected first-frame anchor for both z and d,0.5144187210245911,1,True,10,0.0,0.0,0.5144187210245911,0.0,True,"[224, 224]",/data/gb/outputs/abc_temporal_train_s43_20261003,True,0.0,0.0,665,0.0,5,0.0,5,0.0,5,0.0,9,0.0,0.0,1,45272.18359375,195,5,0.0,True,True,0.0,0.0,5,1strowrightgirl,False
31861.998046875,24,4,0.15892584482207894,4.0,0.0,5,0.09049179664656455,5,0.0,5,0.08673579142727848,0.45984333753585815,protected first-frame anchor for both z and d,0.08673579142727848,1,False,10,0.16188287538264248,0.16188287538264248,0.16188287538264248,0.0,True,"[224, 224]",32041.0,24,4,0.15892584482207894,4.0,0.0,5,0.6892598042635587,5,0.11848288628941414,5,0.19055557690656982,0.7628239989280701,protected first-frame anchor for both z and d,0.19055557690656982,1,True,10,0.16188287538264248,0.19055557690656982,0.19055557690656982,0.0,True,"[224, 224]",31683.994140625,24,4,0.15892584482207894,4.0,0.5262177694551192,5,0.8162620451570265,5,0.5262177694551192,5,0.5262177694551192,0.5593907237052917,protected first-frame anchor for both z and d,0.5262177694551192,1,,,True,10,0.5262177694551192,0.5262177694551192,0.5262177694551192,0.0,True,"[224, 224]",32041.0,24,4,0.15892584482207894,4.0,0.0,5,0.6892598042635587,5,0.11848288628941414,5,0.19055557690656982,0.7628239989280701,protected first-frame anchor for both z and d,0.19055557690656982,1,True,10,0.16188287538264248,0.19055557690656982,0.19055557690656982,0.0,True,"[224, 224]",31861.998046875,24,4,0.15892584482207894,4.0,0.0,5,0.5093321012229569,5,0.0,5,0.0,0.7377157807350159,protected first-frame anchor for both z and d,0.4081775476428917,1,True,10,0.16188287538264248,0.16188287538264248,0.4081775476428917,0.0,True,"[224, 224]",127806.0,24,4,0.15892584482207894,8.0,0.0,5,0.30542929165674415,5,0.0,5,0.0,0.5110293626785278,protected first-frame anchor for both z and d,0.0,1,True,10,0.16188287538264248,0.16188287538264248,0.16188287538264248,0.0,True,"[224, 224]",/data/gb/outputs/abc_temporal_train_s43_20261003,True,0.0,0.0,670,0.0,5,0.6848408710416172,5,0.051398941060208474,5,0.0,6,0.16188287538264248,0.16188287538264248,1,32041.0,107,5,0.16188287538264248,True,True,0.16188287538264248,0.0,5,boybetween2blkcar,True
46878.72265625,24,4,0.1543553350493312,4.0,0.0,5,0.0,5,0.0,5,0.0,0.443271666765213,protected first-frame anchor for both z and d,0.0,1,False,10,0.0,0.0,0.0,0.0,True,"[224, 224]",47406.25,24,4,0.1543553350493312,4.0,0.0,5,0.0,5,0.0,5,0.0,0.5868741273880005,protected first-frame anchor for both z and d,0.0,1,False,10,0.0,0.0,0.0,0.0,True,"[224, 224]",47124.5859375,24,4,0.1543553350493312,4.0,0.0,5,0.0,5,0.0,5,0.0,0.44893506169319153,protected first-frame anchor for both z and d,0.0,1,,,False,10,0.0,0.0,0.0,0.0,True,"[224, 224]",47291.39453125,24,4,0.1543553350493312,4.0,0.0,5,0.0,5,0.0,5,0.0,0.567225992679596,protected first-frame anchor for both z and d,0.0,1,False,10,0.0,0.0,0.0,0.0,True,"[224, 224]",47088.0,24,4,0.1543553350493312,4.0,0.0,5,0.0,5,0.0,5,0.0,0.5241152048110962,protected first-frame anchor for both z and d,0.0,1,False,10,0.0,0.0,0.0,0.0,True,"[224, 224]",187645.125,24,4,0.1543553350493312,8.0,0.0,5,0.4326844860088946,5,0.0,5,0.0,0.5097144842147827,protected first-frame anchor for both z and d,0.0,1,True,10,0.0,0.0,0.0,0.0,True,"[224, 224]",/data/gb/outputs/abc_temporal_train_s43_20261003,True,0.0,0.0,682,0.0,5,0.0,5,0.0,5,0.0,12,0.0,0.0,1,47406.25,251,5,0.0,True,True,0.0,0.0,5,rainyboyaftertrees,False
142098.875,24,4,0.1543553350493312,4.0,0.0,5,0.0,5,0.0,5,0.0,0.4532991349697113,protected first-frame anchor for both z and d,0.0,1,False,10,0.0,0.0,0.0,0.0,True,"[224, 224]",142294.640625,24,4,0.1543553350493312,4.0,0.0,5,0.0,5,0.0,5,0.0,0.4761630594730377,protected first-frame anchor for both z and d,0.0,1,False,10,0.0,0.0,0.0,0.0,True,"[224, 224]",142581.953125,24,4,0.1543553350493312,4.0,0.0,5,0.0,5,0.0,5,0.0,0.4430578947067261,protected first-frame anchor for both z and d,0.0,1,,,False,10,0.0,0.0,0.0,0.0,True,"[224, 224]",141776.8125,24,4,0.1543553350493312,4.0,0.0,5,0.0,5,0.0,5,0.0,0.4978335499763489,protected first-frame anchor for both z and d,0.0,1,False,10,0.0,0.0,0.0,0.0,True,"[224, 224]",142290.6875,24,4,0.1543553350493312,4.0,0.0,5,0.0,5,0.0,5,0.0,0.49187996983528137,protected first-frame anchor for both z and d,0.0,1,False,10,0.0,0.0,0.0,0.0,True,"[224, 224]",574500.875,24,4,0.1543553350493312,8.0,0.013774866630378855,5,0.05827362654166283,5,0.0438528293786959,5,0.05711310766245806,0.3928772807121277,protected first-frame anchor for both z and d,0.013774866630378855,1,True,10,0.0438528293786959,0.05711310766245806,0.013774866630378855,0.0,True,"[224, 224]",/data/gb/outputs/abc_temporal_train_s43_20261003,True,0.0,0.0,686,0.0,5,0.0,5,0.0,5,0.0,16,0.0,0.0,1,142294.640625,130,5,0.0,True,True,0.0,0.0,5,ab_moto2north0,False
75121.953125,24,4,0.1543553350493312,4.0,0.0,5,0.0,5,0.0,5,0.0,0.44290444254875183,protected first-frame anchor for both z and d,0.0,1,False,10,0.0,0.0,0.0,0.0,True,"[224, 224]",74649.4140625,24,4,0.1543553350493312,4.0,0.0,5,0.0,5,0.0,5,0.0,0.48672229051589966,protected first-frame anchor for both z and d,0.0,1,False,10,0.0,0.0,0.0,0.0,True,"[224, 224]",75515.7265625,24,4,0.1543553350493312,4.0,0.0,5,0.0,5,0.0,5,0.0,0.44097405672073364,protected first-frame anchor for both z and d,0.0,1,,,False,10,0.0,0.0,0.0,0.0,True,"[224, 224]",74666.25,24,4,0.1543553350493312,4.0,0.0,5,0.0,5,0.0,5,0.0,0.4943123757839203,protected first-frame anchor for both z and d,0.0,1,False,10,0.0,0.0,0.0,0.0,True,"[224, 224]",75106.2578125,24,4,0.1543553350493312,4.0,0.0,5,0.0,5,0.0,5,0.0,0.5225990414619446,protected first-frame anchor for both z and d,0.0,1,False,10,0.0,0.0,0.0,0.0,True,"[224, 224]",299209.46875,24,4,0.1543553350493312,8.0,0.0,5,0.0,5,0.0,5,0.0,0.6494475603103638,protected first-frame anchor for both z and d,0.0,1,False,10,0.0,0.0,0.0,0.0,True,"[224, 224]",/data/gb/outputs/abc_temporal_train_s43_20261003,True,0.0,0.0,696,0.0,5,0.0,5,0.0,5,0.0,6,0.0,0.0,1,74649.4140625,81,5,0.0,True,True,0.0,0.0,5,ab_pingpongball,False
14400.0,24,4,0.1543553350493312,4.0,0.0,5,0.3818436285771841,5,0.0,5,0.3672565719025467,0.48394277691841125,protected first-frame anchor for both z and d,0.3672565719025467,1,False,10,0.0,0.3672565719025467,0.3672565719025467,0.0,True,"[224, 224]",14400.0,24,4,0.1543553350493312,4.0,0.0,5,0.0,5,0.0,5,0.0,0.6382415294647217,protected first-frame anchor for both z and d,0.0,1,False,10,0.0,0.0,0.0,0.0,True,"[224, 224]",14161.0,24,4,0.1543553350493312,4.0,0.0,2,0.0,5,0.0,5,0.0,0.5575588941574097,protected first-frame anchor for both z and d,0.0,1,,,False,7,0.0,0.0,0.0,0.0,True,"[224, 224]",14280.0,24,4,0.1543553350493312,4.0,0.0,5,0.0,5,0.0,5,0.0,0.6485029458999634,protected first-frame anchor for both z and d,0.0,1,False,10,0.0,0.0,0.0,0.0,True,"[224, 224]",14280.0,24,4,0.1543553350493312,4.0,0.0,5,0.0,5,0.0,5,0.0,0.6439536809921265,protected first-frame anchor for both z and d,0.0,1,False,10,0.0,0.0,0.0,0.0,True,"[224, 224]",57121.0,24,4,0.1543553350493312,8.0,0.0,5,0.31364682156421636,5,0.0,5,0.0,0.5556294918060303,protected first-frame anchor for both z and d,0.294302703978066,1,False,10,0.0,0.0,0.294302703978066,0.0,True,"[224, 224]",/data/gb/outputs/abc_temporal_train_s43_20261003,True,0.0,0.0,698,0.0,5,0.0,5,0.0,5,0.0,8,0.0,0.0,1,14400.0,184,5,0.0,True,True,0.0,0.0,5,boybesidesbar2putcup,False
257886.15625,6,1,0.040774155873805285,4.0,0.0,5,0.0,5,0.0,5,0.0,0.4436354637145996,protected first-frame anchor for both z and d,0.0,1,False,9,0.054236328647656866,0.054236328647656866,0.054236328647656866,0.0,True,"[224, 224]",258514.9375,6,1,0.040774155873805285,4.0,0.0,3,0.1500286402449558,5,0.03327433985943867,5,0.03305795721702007,0.6015925407409668,protected first-frame anchor for both z and d,0.03305795721702007,1,True,7,0.054236328647656866,0.054236328647656866,0.054236328647656866,0.0,True,"[224, 224]",256977.703125,6,1,0.040774155873805285,4.0,0.017525967746865965,5,0.18957506788127565,5,0.017525967746865965,5,0.13852913491031688,0.5970706343650818,protected first-frame anchor for both z and d,0.017525967746865965,1,,,True,9,0.054236328647656866,0.13852913491031688,0.054236328647656866,0.017525967746865965,True,"[224, 224]",258511.53125,6,1,0.040774155873805285,4.0,0.0,3,0.1676549654891322,5,0.1676549654891322,5,0.08335199373052575,0.5838062763214111,protected first-frame anchor for both z and d,0.07204515998325196,1,True,7,0.1676549654891322,0.08335199373052575,0.07204515998325196,0.0,True,"[224, 224]",258816.328125,6,1,0.040774155873805285,4.0,0.0,4,0.15299664112106107,5,0.056807374784192434,5,0.131691654437695,0.5956457257270813,protected first-frame anchor for both z and d,0.05415341115353247,1,True,8,0.056807374784192434,0.131691654437695,0.054236328647656866,0.0,True,"[224, 224]",1030686.875,6,1,0.040774155873805285,8.0,0.04670637303896589,5,0.11114745085233912,5,0.11114745085233912,5,0.11114745085233912,0.48439693450927734,protected first-frame anchor for both z and d,0.07526296084345904,1,True,9,0.11114745085233912,0.11114745085233912,0.07526296084345904,0.0,True,"[224, 224]",/data/gb/outputs/abc_temporal_train_s43_20261003,True,0.0,0.0,707,0.0,4,0.16054888188720062,5,0.05118079579781096,5,0.11777420953865153,4,0.054236328647656866,0.054236328647656866,1,258514.9375,35,4,0.054236328647656866,True,True,0.054236328647656866,0.0,4,blklittlebag,True
29584.0,18,3,0.1112531372345984,4.0,0.0,5,0.0,5,0.0,5,0.0,0.4777787923812866,protected first-frame anchor for both z and d,0.0,1,False,8,0.13856038565540454,0.13856038565540454,0.13856038565540454,0.13856038565540454,True,"[224, 224]",29412.0,18,3,0.1112531372345984,4.0,0.13856038565540454,3,0.40420523341794773,5,0.39518877963615356,5,0.3020051245259272,0.6378704309463501,protected first-frame anchor for both z and d,0.13856038565540454,1,True,6,0.39518877963615356,0.3020051245259272,0.13856038565540454,0.13856038565540454,True,"[224, 224]",29412.0,18,3,0.1112531372345984,4.0,0.0,5,0.41429040528551125,5,0.20671315724475223,5,0.20929585433003303,0.44719064235687256,protected first-frame anchor for both z and d,0.16148106955738972,1,,,True,8,0.20671315724475223,0.20929585433003303,0.16148106955738972,0.13856038565540454,True,"[224, 224]",29412.0,18,3,0.1112531372345984,4.0,0.21229156060200444,4,0.41237953913296155,5,0.40497854930803995,5,0.21229156060200444,0.6829830408096313,protected first-frame anchor for both z and d,0.21229156060200444,1,True,7,0.40497854930803995,0.21229156060200444,0.21229156060200444,0.21229156060200444,True,"[224, 224]",29412.0,18,3,0.1112531372345984,4.0,0.21187565204502543,4,0.42756291025008186,5,0.3981903032848528,5,0.4113386402401839,0.7185601592063904,protected first-frame anchor for both z and d,0.21187565204502543,1,True,7,0.3981903032848528,0.4113386402401839,0.21187565204502543,0.21187565204502543,True,"[224, 224]",117992.0,18,3,0.1112531372345984,8.0,0.005773714056717388,5,0.13396559276063147,5,0.13396559276063147,5,0.06922581580129981,0.6387948393821716,protected first-frame anchor for both z and d,0.005773714056717388,1,True,8,0.13856038565540454,0.13856038565540454,0.13856038565540454,0.005773714056717388,True,"[224, 224]",/data/gb/outputs/abc_temporal_train_s43_20261003,True,0.0,0.0,738,0.13856038451194763,3,0.40420523341794773,5,0.39518877963615356,5,0.3020051245259272,3,0.13856038565540454,0.1500357830647338,1,29412.0,153,3,0.13856038565540454,True,True,0.13856038565540454,0.13856038565540454,3,manaftercar,True
89701.3515625,18,3,0.1112531372345984,4.0,0.0,5,0.0,5,0.0,5,0.0,0.4544695019721985,protected first-frame anchor for both z and d,0.0,1,False,10,0.0,0.0,0.0,0.0,True,"[224, 224]",89654.2734375,18,3,0.1112531372345984,4.0,0.0,5,0.0,5,0.0,5,0.0,0.5296661853790283,protected first-frame anchor for both z and d,0.0,1,False,10,0.0,0.0,0.0,0.0,True,"[224, 224]",89074.3515625,18,3,0.1112531372345984,4.0,0.0,5,0.0,5,0.0,5,0.0,0.5307753682136536,protected first-frame anchor for both z and d,0.0,1,,,False,10,0.0,0.0,0.0,0.0,True,"[224, 224]",89232.890625,18,3,0.1112531372345984,4.0,0.0,5,0.0,5,0.0,5,0.0,0.5686624646186829,protected first-frame anchor for both z and d,0.0,1,False,10,0.0,0.0,0.0,0.0,True,"[224, 224]",88732.4140625,18,3,0.1112531372345984,4.0,0.0,5,0.0,5,0.0,5,0.0,0.598712682723999,protected first-frame anchor for both z and d,0.0,1,False,10,0.0,0.0,0.0,0.0,True,"[224, 224]",362551.8125,18,3,0.1112531372345984,8.0,0.0,5,0.02455501081546987,5,0.0,5,0.0,0.5570151209831238,protected first-frame anchor for both z and d,0.0,1,True,10,0.0,0.0,0.0,0.0,True,"[224, 224]",/data/gb/outputs/abc_temporal_train_s43_20261003,True,0.0,0.0,765,0.0,5,0.0,5,0.0,5,0.0,16,0.0,0.0,1,89654.2734375,164,5,0.0,True,True,0.0,0.0,5,ab_redboyatbike,False
83521.0,18,3,0.1112531372345984,4.0,0.0,5,0.15953842991747227,5,0.0,5,0.07454511902826848,0.5161181688308716,protected first-frame anchor for both z and d,0.019052770227487883,1,False,7,0.02834827806198638,0.07454511902826848,0.02834827806198638,0.02834827806198638,True,"[224, 224]",83521.0,18,3,0.1112531372345984,4.0,0.07262695053259627,2,0.7505409308863786,5,0.28129255771159983,5,0.28106559879784815,0.6529080867767334,protected first-frame anchor for both z and d,0.07262695053259627,1,True,4,0.28129255771159983,0.28106559879784815,0.07262695053259627,0.02834827806198638,True,"[224, 224]",83521.0,18,3,0.1112531372345984,4.0,0.0,5,0.0,5,0.0,5,0.0,0.4409988224506378,protected first-frame anchor for both z and d,0.0,1,,,False,7,0.02834827806198638,0.02834827806198638,0.02834827806198638,0.02834827806198638,True,"[224, 224]",83521.0,18,3,0.1112531372345984,4.0,0.06526813160309194,2,0.7025834885208265,5,0.23783102016929905,5,0.23783102016929905,0.6185643076896667,protected first-frame anchor for both z and d,0.06526813160309194,1,True,4,0.23783102016929905,0.23783102016929905,0.06526813160309194,0.02834827806198638,True,"[224, 224]",83521.0,18,3,0.1112531372345984,4.0,0.07262695053259627,2,0.7505409308863786,5,0.28129255771159983,5,0.28106559879784815,0.6529080867767334,protected first-frame anchor for both z and d,0.07262695053259627,1,True,4,0.28129255771159983,0.28106559879784815,0.07262695053259627,0.02834827806198638,True,"[224, 224]",331483.125,18,3,0.1112531372345984,8.0,0.07617303739375667,5,0.3338974139956705,5,0.22913642611212912,5,0.22913642611212912,0.6903129816055298,protected first-frame anchor for both z and d,0.07617303739375667,1,True,7,0.22913642611212912,0.22913642611212912,0.07617303739375667,0.02834827806198638,True,"[224, 224]",/data/gb/outputs/abc_temporal_train_s43_20261003,True,0.0,0.0,766,0.028348278254270554,2,0.7731678106552775,5,0.2728184607538902,5,0.2868930018179705,2,0.02834827806198638,0.02834827806198638,1,83521.0,70,2,0.02834827806198638,True,True,0.02834827806198638,0.02834827806198638,2,elector_1227,True
300666.6875,6,1,0.043257004115730524,4.0,0.0,5,0.4557138845937821,5,0.0,5,0.4282315198137649,0.4547538757324219,protected first-frame anchor for both z and d,0.0,1,False,10,0.0,0.4282315198137649,0.0,0.0,True,"[224, 224]",301085.71875,6,1,0.043257004115730524,4.0,0.666055191185549,5,0.7509371108770644,5,0.666055191185549,5,0.666055191185549,0.6881608963012695,protected first-frame anchor for both z and d,0.666055191185549,1,True,10,0.666055191185549,0.666055191185549,0.666055191185549,0.0,True,"[224, 224]",301840.0,6,1,0.043257004115730524,4.0,0.7550015385650857,5,0.7819710899716381,5,0.7550015385650857,5,0.7550015385650857,0.7906691431999207,protected first-frame anchor for both z and d,0.7550015385650857,1,,,True,10,0.7550015385650857,0.7550015385650857,0.7550015385650857,0.0,True,"[224, 224]",301014.4375,6,1,0.043257004115730524,4.0,0.6997361560241308,5,0.763835461221679,5,0.6997361560241308,5,0.6997361560241308,0.5934202075004578,protected first-frame anchor for both z and d,0.6997361560241308,1,True,10,0.6997361560241308,0.6997361560241308,0.6997361560241308,0.0,True,"[224, 224]",301085.71875,6,1,0.043257004115730524,4.0,0.701388206833773,5,0.754928032930487,5,0.701388206833773,5,0.701388206833773,0.6019992232322693,protected first-frame anchor for both z and d,0.701388206833773,1,True,10,0.701388206833773,0.701388206833773,0.701388206833773,0.0,True,"[224, 224]",1200411.0,6,1,0.043257004115730524,8.0,0.47870030306275985,5,0.47870030306275985,5,0.47870030306275985,5,0.47870030306275985,0.6648372411727905,protected first-frame anchor for both z and d,0.47870030306275985,1,True,10,0.47870030306275985,0.47870030306275985,0.47870030306275985,0.0,True,"[224, 224]",/data/gb/outputs/abc_temporal_train_s43_20261003,True,0.0,0.0,773,0.0,5,0.7793064533632816,5,0.4941541559495791,5,0.7737930009280872,9,0.0,0.0,1,301085.71875,178,5,0.0,True,True,0.0,0.0,5,nearestleftblack,True
108271.0546875,12,2,0.07747701415792108,4.0,0.0,5,0.10091466881447707,5,0.04847515577017743,5,0.08047922739183284,0.44433456659317017,protected first-frame anchor for both z and d,0.04847515577017743,1,False,8,0.17643162361112144,0.17643162361112144,0.17643162361112144,0.17643162361112144,True,"[224, 224]",108900.0,12,2,0.07747701415792108,4.0,0.17613644225716152,3,0.5516008436408812,5,0.26981364652279066,5,0.5215485541468173,0.8550503253936768,protected first-frame anchor for both z and d,0.17613644225716152,1,True,6,0.26981364652279066,0.5215485541468173,0.17643162361112144,0.17643162361112144,True,"[224, 224]",108570.0,12,2,0.07747701415792108,4.0,0.0,5,0.0,5,0.0,5,0.0,0.45045992732048035,protected first-frame anchor for both z and d,0.0,1,,,False,8,0.17643162361112144,0.17643162361112144,0.17643162361112144,0.17643162361112144,True,"[224, 224]",108570.0,12,2,0.07747701415792108,4.0,0.16243920455933428,4,0.5498452833960403,5,0.343029472553405,5,0.343029472553405,0.8470673561096191,protected first-frame anchor for both z and d,0.16243920455933428,1,True,7,0.343029472553405,0.343029472553405,0.17643162361112144,0.17643162361112144,True,"[224, 224]",108241.0,12,2,0.07747701415792108,4.0,0.17479733375228895,4,0.569281347273905,5,0.3776072379554827,5,0.5051842995434466,0.8217443823814392,protected first-frame anchor for both z and d,0.17479733375228895,1,True,7,0.3776072379554827,0.5051842995434466,0.17643162361112144,0.17643162361112144,True,"[224, 224]",430953.25,12,2,0.07747701415792108,8.0,0.6748240746276982,5,0.7951673454365737,5,0.6748240746276982,5,0.7853272921582839,0.829403817653656,protected first-frame anchor for both z and d,0.6748240746276982,1,True,8,0.6748240746276982,0.7853272921582839,0.6748240746276982,0.17643162361112144,True,"[224, 224]",/data/gb/outputs/abc_temporal_train_s43_20261003,True,0.0,0.0,804,0.17643162608146667,3,0.48402427133372133,5,0.36128222022139095,5,0.36128222022139095,3,0.17643162361112144,0.17643162361112144,1,108900.0,235,3,0.17643162361112144,True,True,0.17643162361112144,0.17643162361112144,3,thefirstexcersicebook,True
80117.796875,12,2,0.07747701415792108,4.0,0.0,5,0.0,5,0.0,5,0.0,0.441452294588089,protected first-frame anchor for both z and d,0.0,1,False,10,0.0,0.0,0.0,0.0,True,"[224, 224]",80940.0,12,2,0.07747701415792108,4.0,0.0,3,0.0,5,0.0,5,0.0,0.6655513048171997,protected first-frame anchor for both z and d,0.0,1,False,8,0.0,0.0,0.0,0.0,True,"[224, 224]",80940.0,12,2,0.07747701415792108,4.0,0.0,4,0.0,5,0.0,5,0.0,0.7763526439666748,protected first-frame anchor for both z and d,0.0,1,,,False,9,0.0,0.0,0.0,0.0,True,"[224, 224]",80940.0,12,2,0.07747701415792108,4.0,0.0,4,0.0,5,0.0,5,0.0,0.5388038158416748,protected first-frame anchor for both z and d,0.0,1,False,9,0.0,0.0,0.0,0.0,True,"[224, 224]",80940.0,12,2,0.07747701415792108,4.0,0.0,4,0.0,5,0.0,5,0.0,0.6791738867759705,protected first-frame anchor for both z and d,0.0,1,False,9,0.0,0.0,0.0,0.0,True,"[224, 224]",318718.78125,12,2,0.07747701415792108,8.0,0.0,5,0.0,5,0.0,5,0.0,0.5872946977615356,protected first-frame anchor for both z and d,0.0,1,False,10,0.0,0.0,0.0,0.0,True,"[224, 224]",/data/gb/outputs/abc_temporal_train_s43_20261003,True,0.0,0.0,814,0.0,5,0.0,5,0.0,5,0.0,9,0.0,0.0,1,80940.0,247,5,0.0,True,True,0.0,0.0,5,blkboygoleft,False
26896.0,12,2,0.08618743531405926,4.0,0.19551607197457624,5,0.2844139521823398,5,0.19551607197457624,5,0.19551607197457624,0.4556828737258911,protected first-frame anchor for both z and d,0.19551607197457624,1,True,10,0.19589855948353524,0.19589855948353524,0.19589855948353524,0.0,True,"[224, 224]",26896.0,12,2,0.08618743531405926,4.0,0.0,5,0.27349299036070107,5,0.0,5,0.0,0.7996832132339478,protected first-frame anchor for both z and d,0.19589855948353524,1,True,10,0.19589855948353524,0.19589855948353524,0.19589855948353524,0.0,True,"[224, 224]",27225.0,12,2,0.08618743531405926,4.0,0.0,5,0.0,5,0.0,5,0.0,0.5936932563781738,protected first-frame anchor for both z and d,0.0,1,,,False,10,0.19589855948353524,0.19589855948353524,0.19589855948353524,0.0,True,"[224, 224]",26896.0,12,2,0.08618743531405926,4.0,0.0,5,0.0,5,0.0,5,0.0,0.7858128547668457,protected first-frame anchor for both z and d,0.0,1,False,10,0.19589855948353524,0.19589855948353524,0.19589855948353524,0.0,True,"[224, 224]",27060.0,12,2,0.08618743531405926,4.0,0.0,5,0.0,5,0.0,5,0.0,0.5084205269813538,protected first-frame anchor for both z and d,0.0,1,False,10,0.19589855948353524,0.19589855948353524,0.19589855948353524,0.0,True,"[224, 224]",107912.0,12,2,0.08618743531405926,8.0,0.0,5,0.14706777151573847,5,0.0,5,0.0,0.536455512046814,protected first-frame anchor for both z and d,0.0,1,True,10,0.19589855948353524,0.19589855948353524,0.19589855948353524,0.0,True,"[224, 224]",/data/gb/outputs/abc_temporal_train_s43_20261003,True,0.0,0.0,839,0.0,5,0.27349299036070107,5,0.0,5,0.0,6,0.19589855948353524,0.2153031451347884,1,26896.0,248,5,0.19589855948353524,True,True,0.19589855948353524,0.0,5,2boysatblkcarend,True
51351.44921875,12,2,0.08618743531405926,4.0,0.0,5,0.0,5,0.0,5,0.0,0.5597488880157471,protected first-frame anchor for both z and d,0.0,1,False,9,0.0,0.0,0.0,0.0,True,"[224, 224]",50913.703125,12,2,0.08618743531405926,4.0,0.0,4,0.0,5,0.0,5,0.0,0.4792044460773468,protected first-frame anchor for both z and d,0.0,1,False,8,0.0,0.0,0.0,0.0,True,"[224, 224]",51878.40234375,12,2,0.08618743531405926,4.0,0.0,5,0.0,5,0.0,5,0.0,0.4411374032497406,protected first-frame anchor for both z and d,0.0,1,,,False,9,0.0,0.0,0.0,0.0,True,"[224, 224]",50915.109375,12,2,0.08618743531405926,4.0,0.0,5,0.0,5,0.0,5,0.0,0.47375649213790894,protected first-frame anchor for both z and d,0.0,1,False,9,0.0,0.0,0.0,0.0,True,"[224, 224]",50937.828125,12,2,0.08618743531405926,4.0,0.0,5,0.0,5,0.0,5,0.0,0.4852171242237091,protected first-frame anchor for both z and d,0.0,1,False,9,0.0,0.0,0.0,0.0,True,"[224, 224]",203941.296875,12,2,0.08618743531405926,8.0,0.0,5,0.0,5,0.0,5,0.0,0.5250042676925659,protected first-frame anchor for both z and d,0.0,1,False,9,0.0,0.0,0.0,0.0,True,"[224, 224]",/data/gb/outputs/abc_temporal_train_s43_20261003,True,0.0,0.0,848,0.0,4,0.0,5,0.0,5,0.0,4,0.0,0.0,1,50913.703125,85,4,0.0,True,True,0.0,0.0,4,ab_pingpongball,False
375665.46875,6,1,0.04152659606188536,4.0,0.0,5,0.0,5,0.0,5,0.0,0.37606745958328247,protected first-frame anchor for both z and d,0.0,1,False,10,0.0,0.0,0.0,0.0,True,"[224, 224]",374566.90625,6,1,0.04152659606188536,4.0,0.0,5,0.0,5,0.0,5,0.0,0.7834240198135376,protected first-frame anchor for both z and d,0.0,1,False,10,0.0,0.0,0.0,0.0,True,"[224, 224]",376064.625,6,1,0.04152659606188536,4.0,0.7754146659272445,5,0.7813193662382025,5,0.7754146659272445,5,0.7754146659272445,0.4167415499687195,protected first-frame anchor for both z and d,0.7754146659272445,1,,,True,10,0.7754146659272445,0.7754146659272445,0.7754146659272445,0.0,True,"[224, 224]",371622.8125,6,1,0.04152659606188536,4.0,0.0,5,0.0,5,0.0,5,0.0,0.7554312348365784,protected first-frame anchor for both z and d,0.0,1,False,10,0.0,0.0,0.0,0.0,True,"[224, 224]",372895.09375,6,1,0.04152659606188536,4.0,0.0,3,0.0,5,0.0,5,0.0,0.7732171416282654,protected first-frame anchor for both z and d,0.0,1,False,8,0.0,0.0,0.0,0.0,True,"[224, 224]",1489501.375,6,1,0.04152659606188536,8.0,0.0,5,0.6232818679863669,5,0.5935758527008829,5,0.5935758527008829,0.47743847966194153,protected first-frame anchor for both z and d,0.5935758527008829,1,True,10,0.5935758527008829,0.5935758527008829,0.5935758527008829,0.0,True,"[224, 224]",/data/gb/outputs/abc_temporal_train_s43_20261003,True,0.0,0.0,886,0.0,5,0.0,5,0.0,5,0.0,8,0.0,0.0,1,374566.90625,102,5,0.0,True,True,0.0,0.0,5,yellowgirlwithbowl,False
17424.0,6,1,0.04251543711870909,4.0,0.0,5,0.0,5,0.0,5,0.0,0.4453372657299042,protected first-frame anchor for both z and d,0.0,1,False,10,0.0,0.0,0.0,0.0,True,"[224, 224]",17424.0,6,1,0.04251543711870909,4.0,0.0,5,0.0,5,0.0,5,0.0,0.5584816336631775,protected first-frame anchor for both z and d,0.0,1,False,10,0.0,0.0,0.0,0.0,True,"[224, 224]",17424.0,6,1,0.04251543711870909,4.0,0.0,5,0.0,5,0.0,5,0.0,0.5736304521560669,protected first-frame anchor for both z and d,0.0,1,,,False,10,0.0,0.0,0.0,0.0,True,"[224, 224]",17424.0,6,1,0.04251543711870909,4.0,0.0,5,0.0,5,0.0,5,0.0,0.5689510703086853,protected first-frame anchor for both z and d,0.0,1,False,10,0.0,0.0,0.0,0.0,True,"[224, 224]",17689.0,6,1,0.04251543711870909,4.0,0.0,5,0.0,5,0.0,5,0.0,0.5808634757995605,protected first-frame anchor for both z and d,0.0,1,False,10,0.0,0.0,0.0,0.0,True,"[224, 224]",69696.0,6,1,0.04251543711870909,8.0,0.0,5,0.12644318038427688,5,0.0,5,0.0,0.7103866338729858,protected first-frame anchor for both z and d,0.0,1,False,10,0.0,0.0,0.0,0.0,True,"[224, 224]",/data/gb/outputs/abc_temporal_train_s43_20261003,True,0.0,0.0,922,0.0,5,0.0,5,0.0,5,0.0,6,0.0,0.0,1,17424.0,224,5,0.0,True,True,0.0,0.0,5,basketballshooting2,False
35156.0,18,3,0.11415698006749153,4.0,0.0,5,0.0,5,0.0,5,0.0,0.4413006603717804,protected first-frame anchor for both z and d,0.0,1,False,10,0.0,0.0,0.0,0.0,True,"[224, 224]",35132.109375,18,3,0.11415698006749153,4.0,0.0,5,0.0,5,0.0,5,0.0,0.7826358675956726,protected first-frame anchor for both z and d,0.0,1,False,10,0.0,0.0,0.0,0.0,True,"[224, 224]",34969.0,18,3,0.11415698006749153,4.0,0.0,5,0.0,5,0.0,5,0.0,0.5231477618217468,protected first-frame anchor for both z and d,0.0,1,,,False,10,0.0,0.0,0.0,0.0,True,"[224, 224]",35170.46484375,18,3,0.11415698006749153,4.0,0.0,5,0.0,5,0.0,5,0.0,0.7814593315124512,protected first-frame anchor for both z and d,0.0,1,False,10,0.0,0.0,0.0,0.0,True,"[224, 224]",34899.4453125,18,3,0.11415698006749153,4.0,0.0,5,0.0,5,0.0,5,0.0,0.7789633274078369,protected first-frame anchor for both z and d,0.0,1,False,10,0.0,0.0,0.0,0.0,True,"[224, 224]",140373.328125,18,3,0.11415698006749153,8.0,0.0,5,0.0,5,0.0,5,0.0,0.4753275215625763,protected first-frame anchor for both z and d,0.0,1,False,10,0.0,0.0,0.0,0.0,True,"[224, 224]",/data/gb/outputs/abc_temporal_train_s43_20261003,True,0.0,0.0,960,0.0,5,0.0,5,0.0,5,0.0,10,0.0,0.0,1,35132.109375,253,5,0.0,True,True,0.0,0.0,5,manfromcar302,False
67600.0,18,3,0.11415698006749153,4.0,0.0,5,0.0,5,0.0,5,0.0,0.4425026774406433,protected first-frame anchor for both z and d,0.0,1,False,8,0.0,0.0,0.0,0.0,True,"[224, 224]",67600.0,18,3,0.11415698006749153,4.0,0.0,3,0.0,5,0.0,5,0.0,0.49210989475250244,protected first-frame anchor for both z and d,0.0,1,False,6,0.0,0.0,0.0,0.0,True,"[224, 224]",67340.0,18,3,0.11415698006749153,4.0,0.0,5,0.0,5,0.0,5,0.0,0.2792559266090393,protected first-frame anchor for both z and d,0.0,1,,,False,8,0.0,0.0,0.0,0.0,True,"[224, 224]",67081.0,18,3,0.11415698006749153,4.0,0.0,5,0.0,5,0.0,5,0.0,0.5167272090911865,protected first-frame anchor for both z and d,0.0,1,False,8,0.0,0.0,0.0,0.0,True,"[224, 224]",67600.0,18,3,0.11415698006749153,4.0,0.0,5,0.0,5,0.0,5,0.0,0.532433807849884,protected first-frame anchor for both z and d,0.0,1,False,8,0.0,0.0,0.0,0.0,True,"[224, 224]",270461.625,18,3,0.11415698006749153,8.0,0.0,5,0.0,5,0.0,5,0.0,0.4621856212615967,protected first-frame anchor for both z and d,0.0,1,False,8,0.0,0.0,0.0,0.0,True,"[224, 224]",/data/gb/outputs/abc_temporal_train_s43_20261003,True,0.0,0.0,976,0.0,3,0.0,5,0.0,5,0.0,3,0.0,0.0,1,67600.0,85,3,0.0,True,True,0.0,0.0,3,whiteshoesleftbottle-gai,False
51318.8125,18,3,0.11415698006749153,4.0,0.0,5,0.0,5,0.0,5,0.0,0.4502270519733429,protected first-frame anchor for both z and d,0.0,1,False,10,0.0,0.0,0.0,0.0,True,"[224, 224]",51529.0,18,3,0.11415698006749153,4.0,0.0,5,0.0,5,0.0,5,0.0,0.8386576771736145,protected first-frame anchor for both z and d,0.0,1,False,10,0.0,0.0,0.0,0.0,True,"[224, 224]",51756.0,18,3,0.11415698006749153,4.0,0.0867926178514374,5,0.10089705398082488,5,0.0867926178514374,5,0.0867926178514374,0.4407466650009155,protected first-frame anchor for both z and d,0.08784697221779145,1,,,True,10,0.0867926178514374,0.0867926178514374,0.08784697221779145,0.0,True,"[224, 224]",51756.0,18,3,0.11415698006749153,4.0,0.0,5,0.023094125316986604,5,0.0,5,0.0,0.8142508268356323,protected first-frame anchor for both z and d,0.014794472820498871,1,False,10,0.0,0.0,0.014794472820498871,0.0,True,"[224, 224]",51529.0,18,3,0.11415698006749153,4.0,0.0,5,0.001788412137641703,5,0.0,5,0.0,0.8362603783607483,protected first-frame anchor for both z and d,0.0,1,False,10,0.0,0.0,0.0,0.0,True,"[224, 224]",204321.453125,18,3,0.11415698006749153,8.0,0.0,5,0.03588554496390645,5,0.0,5,0.0,0.7143473029136658,protected first-frame anchor for both z and d,0.0,1,True,10,0.0,0.0,0.0,0.0,True,"[224, 224]",/data/gb/outputs/abc_temporal_train_s43_20261003,True,0.0,0.0,984,0.0,5,0.0,5,0.0,5,0.0,5,0.0,0.0,1,51529.0,73,5,0.0,True,True,0.0,0.0,5,pingpongball2,False
23104.0,12,2,0.07780433120205998,4.0,0.5530497786088612,5,0.8339118968643682,5,0.8145980314003209,5,0.7705784766489284,0.6746969819068909,protected first-frame anchor for both z and d,0.5530497786088612,1,True,9,0.8145980314003209,0.7705784766489284,0.5530497786088612,0.03689188818400776,True,"[224, 224]",23104.0,12,2,0.07780433120205998,4.0,0.04478809668736862,3,0.8300105092680484,5,0.5118885938733811,5,0.4797899068548734,0.7816252708435059,protected first-frame anchor for both z and d,0.04478809668736862,1,True,7,0.5118885938733811,0.4797899068548734,0.04478809668736862,0.04478809668736862,True,"[224, 224]",23104.0,12,2,0.07780433120205998,4.0,0.0,4,0.24479449673892967,5,0.0,5,0.0,0.47867709398269653,protected first-frame anchor for both z and d,0.0,1,,,False,8,0.03689188818400776,0.03689188818400776,0.03689188818400776,0.03689188818400776,True,"[224, 224]",23104.0,12,2,0.07780433120205998,4.0,0.07180254547899763,3,0.8177523878198462,5,0.6095462364985869,5,0.6095462364985869,0.7301773428916931,protected first-frame anchor for both z and d,0.07180254547899763,1,True,7,0.6095462364985869,0.6095462364985869,0.07180254547899763,0.03689188818400776,True,"[224, 224]",23104.0,12,2,0.07780433120205998,4.0,0.06115955036912015,3,0.8609731460055331,5,0.3386425991144589,5,0.6200840007263656,0.7354260087013245,protected first-frame anchor for both z and d,0.06115955036912015,1,True,7,0.3386425991144589,0.6200840007263656,0.06115955036912015,0.03689188818400776,True,"[224, 224]",91809.0,12,2,0.07780433120205998,8.0,0.6426719376423374,5,0.7988532396529157,5,0.6426719376423374,5,0.6426719376423374,0.7295893430709839,protected first-frame anchor for both z and d,0.6426719376423374,1,True,9,0.6426719376423374,0.6426719376423374,0.6426719376423374,0.03689188818400776,True,"[224, 224]",/data/gb/outputs/abc_temporal_train_s43_20261003,True,0.0,0.0,1001,0.036891888827085495,4,0.8191497674184809,5,0.48118969579526405,5,0.4223181893457564,4,0.03689188818400776,0.03689188818400776,1,23104.0,82,4,0.03689188818400776,True,True,0.03689188818400776,0.03689188818400776,4,darkredcarturn,True
3721.0,12,2,0.07780433120205998,4.0,0.0,5,0.5762202207830455,5,0.0,5,0.005296426950919449,0.615386962890625,protected first-frame anchor for both z and d,0.12174398735517485,1,True,9,0.09194549174532092,0.09194549174532092,0.12174398735517485,0.0,True,"[224, 224]",3721.0,12,2,0.07780433120205998,4.0,0.0776399594334046,5,0.6313114134999896,5,0.22012955572700438,5,0.0797296377321221,0.6383652687072754,protected first-frame anchor for both z and d,0.0776399594334046,1,True,9,0.22012955572700438,0.09194549174532092,0.09194549174532092,0.0776399594334046,True,"[224, 224]",3721.0,12,2,0.07780433120205998,4.0,0.0,5,0.0,5,0.0,5,0.0,0.6015926003456116,protected first-frame anchor for both z and d,0.0,1,,,False,9,0.09194549174532092,0.09194549174532092,0.09194549174532092,0.0,True,"[224, 224]",3721.0,12,2,0.07780433120205998,4.0,0.05728676947966239,5,0.5755131597192198,5,0.14472970188302503,5,0.13895455645820076,0.61878502368927,protected first-frame anchor for both z and d,0.05728676947966239,1,True,9,0.14472970188302503,0.13895455645820076,0.09194549174532092,0.05728676947966239,True,"[224, 224]",3721.0,12,2,0.07780433120205998,4.0,0.07450861236440011,5,0.5883051305806146,5,0.21693598327594155,5,0.07450861236440011,0.6159703731536865,protected first-frame anchor for both z and d,0.07450861236440011,1,True,9,0.21693598327594155,0.09194549174532092,0.09194549174532092,0.07450861236440011,True,"[224, 224]",14762.0,12,2,0.07780433120205998,8.0,0.2669917268133508,5,0.2943630102049724,5,0.2669917268133508,5,0.2669917268133508,0.5728426575660706,protected first-frame anchor for both z and d,0.2669917268133508,1,True,9,0.2669917268133508,0.2669917268133508,0.2669917268133508,0.2669917268133508,True,"[224, 224]",/data/gb/outputs/abc_temporal_train_s43_20261003,True,0.0,0.0,1006,0.09194549173116684,4,0.713995128955202,5,0.2410593878618076,5,0.20271175903677857,4,0.09194549174532092,0.09194549174532092,1,3721.0,206,4,0.09194549174532092,True,True,0.09194549174532092,0.09194549174532092,4,dogouttrees,True
37452.2109375,12,2,0.07654110295698047,4.0,0.0,5,0.0,5,0.0,5,0.0,0.4410577416419983,protected first-frame anchor for both z and d,0.0,1,False,9,0.0,0.0,0.0,0.0,True,"[224, 224]",37442.00390625,12,2,0.07654110295698047,4.0,0.0,2,0.38126212089213396,5,0.0,5,0.11657797442816657,0.8539959788322449,protected first-frame anchor for both z and d,0.0,1,True,6,0.0,0.11657797442816657,0.0,0.0,True,"[224, 224]",37249.0,12,2,0.07654110295698047,4.0,0.0,5,0.3738361181778498,5,0.07703331503090037,5,0.0,0.5374998450279236,protected first-frame anchor for both z and d,0.0,1,,,True,9,0.07703331503090037,0.0,0.0,0.0,True,"[224, 224]",37249.0,12,2,0.07654110295698047,4.0,0.0,2,0.3926759076053219,5,0.0,5,0.0,0.904167652130127,protected first-frame anchor for both z and d,0.0,1,True,6,0.0,0.0,0.0,0.0,True,"[224, 224]",37442.00390625,12,2,0.07654110295698047,4.0,0.0,5,0.37709175626361263,5,0.0,5,0.0,0.823309600353241,protected first-frame anchor for both z and d,0.0,1,True,9,0.0,0.0,0.0,0.0,True,"[224, 224]",149784.515625,12,2,0.07654110295698047,8.0,0.0,5,0.1318396618656688,5,0.0,5,0.0,0.5847831964492798,protected first-frame anchor for both z and d,0.0,1,True,9,0.0,0.0,0.0,0.0,True,"[224, 224]",/data/gb/outputs/abc_temporal_train_s44_20261003,True,0.0,0.0,43,0.0,4,0.3832553131656164,5,0.0,5,0.0,4,0.0,0.0,1,37442.00390625,232,4,0.0,True,True,0.0,0.0,4,4boysbesidesblkcar,True
13456.0,12,2,0.07654110295698047,4.0,0.0,5,0.0,5,0.0,5,0.0,0.50807124376297,protected first-frame anchor for both z and d,0.0,1,False,10,0.0,0.0,0.0,0.0,True,"[224, 224]",13572.0,12,2,0.07654110295698047,4.0,0.0,5,0.0,5,0.0,5,0.0,0.4867742657661438,protected first-frame anchor for both z and d,0.0,1,False,10,0.0,0.0,0.0,0.0,True,"[224, 224]",13572.0,12,2,0.07654110295698047,4.0,0.0,5,0.0,5,0.0,5,0.0,0.45460572838783264,protected first-frame anchor for both z and d,0.0,1,,,False,10,0.0,0.0,0.0,0.0,True,"[224, 224]",13689.0,12,2,0.07654110295698047,4.0,0.0,5,0.0,5,0.0,5,0.0,0.4938792884349823,protected first-frame anchor for both z and d,0.0,1,False,10,0.0,0.0,0.0,0.0,True,"[224, 224]",13689.0,12,2,0.07654110295698047,4.0,0.0,5,0.0,5,0.0,5,0.0,0.46601471304893494,protected first-frame anchor for both z and d,0.0,1,False,10,0.0,0.0,0.0,0.0,True,"[224, 224]",54056.0,12,2,0.07654110295698047,8.0,0.0,5,0.0,5,0.0,5,0.0,0.44166749715805054,protected first-frame anchor for both z and d,0.0,1,False,10,0.0,0.0,0.0,0.0,True,"[224, 224]",/data/gb/outputs/abc_temporal_train_s44_20261003,True,0.0,0.0,45,0.0,5,0.0,5,0.0,5,0.0,10,0.0,0.0,1,13572.0,251,5,0.0,True,True,0.0,0.0,5,umbrellainred,False
45249.44921875,6,1,0.042667757254093885,4.0,0.0,5,0.0,5,0.0,5,0.0,0.3148795962333679,protected first-frame anchor for both z and d,0.0,1,False,10,0.0,0.0,0.0,0.0,True,"[224, 224]",45369.0078125,6,1,0.042667757254093885,4.0,0.0,5,0.0,5,0.0,5,0.0,0.600703239440918,protected first-frame anchor for both z and d,0.0,1,False,10,0.0,0.0,0.0,0.0,True,"[224, 224]",45369.0078125,6,1,0.042667757254093885,4.0,0.0,5,0.4810245218408279,5,0.12039440134996363,5,0.12039440134996363,0.548644483089447,protected first-frame anchor for both z and d,0.12039440134996363,1,,,True,10,0.12039440134996363,0.12039440134996363,0.12039440134996363,0.0,True,"[224, 224]",45369.0078125,6,1,0.042667757254093885,4.0,0.0,5,0.0,5,0.0,5,0.0,0.6503978967666626,protected first-frame anchor for both z and d,0.0,1,False,10,0.0,0.0,0.0,0.0,True,"[224, 224]",45369.0078125,6,1,0.042667757254093885,4.0,0.0,5,0.0,5,0.0,5,0.0,0.637994110584259,protected first-frame anchor for both z and d,0.0,1,False,10,0.0,0.0,0.0,0.0,True,"[224, 224]",180803.375,6,1,0.042667757254093885,8.0,0.0,5,0.23726163159070895,5,0.09815524859481009,5,0.17390399698380213,0.4759748876094818,protected first-frame anchor for both z and d,0.09815524859481009,1,True,10,0.09815524859481009,0.17390399698380213,0.09815524859481009,0.0,True,"[224, 224]",/data/gb/outputs/abc_temporal_train_s44_20261003,True,0.0,0.0,90,0.0,5,0.0,5,0.0,5,0.0,11,0.0,0.0,1,45369.0078125,184,5,0.0,True,True,0.0,0.0,5,rightboyleader,False
28224.0,6,1,0.04081054404377937,4.0,0.0,5,0.23716691421498215,5,0.23709384996800303,5,0.23709384996800303,0.440663605928421,protected first-frame anchor for both z and d,0.23709384996800303,1,False,10,0.23709384996800303,0.23709384996800303,0.23709384996800303,0.05962372727470961,True,"[224, 224]",28392.0,6,1,0.04081054404377937,4.0,0.05925595709124219,5,0.6311742853162075,5,0.4819532408745945,5,0.6284896896482997,0.6444095373153687,protected first-frame anchor for both z and d,0.05925595709124219,1,True,10,0.4819532408745945,0.6284896896482997,0.05962372727470961,0.05925595709124219,True,"[224, 224]",28392.0,6,1,0.04081054404377937,4.0,0.039932286384972565,5,0.6125127507841601,5,0.039932286384972565,5,0.6116108258634908,0.6790600419044495,protected first-frame anchor for both z and d,0.039932286384972565,1,,,True,10,0.05962372727470961,0.6116108258634908,0.05962372727470961,0.039932286384972565,True,"[224, 224]",28561.0,6,1,0.04081054404377937,4.0,0.07013169168625838,5,0.6261540065713597,5,0.5880269391606672,5,0.6261540065713597,0.5504946708679199,protected first-frame anchor for both z and d,0.07013169168625838,1,True,10,0.5880269391606672,0.6261540065713597,0.07013169168625838,0.05962372727470961,True,"[224, 224]",28392.0,6,1,0.04081054404377937,4.0,0.12494819501000193,4,0.60297092966888,5,0.5877236823407708,5,0.5877236823407708,0.5601692795753479,protected first-frame anchor for both z and d,0.12494819501000193,1,True,9,0.5877236823407708,0.5877236823407708,0.12494819501000193,0.05962372727470961,True,"[224, 224]",113056.453125,6,1,0.04081054404377937,8.0,0.357359116636187,5,0.3973688248808512,5,0.357359116636187,5,0.357359116636187,0.6292094588279724,protected first-frame anchor for both z and d,0.357359116636187,1,True,10,0.357359116636187,0.357359116636187,0.357359116636187,0.05962372727470961,True,"[224, 224]",/data/gb/outputs/abc_temporal_train_s44_20261003,True,0.0,0.0,101,0.05962372571229935,5,0.6301735362602348,5,0.4838910199127292,5,0.6285673327438721,6,0.05962372727470961,0.03891632258547068,1,28392.0,68,5,0.05962372727470961,True,True,0.05962372727470961,0.05962372727470961,5,girlleft2right2,True
32580.0,6,1,0.04151445487514138,4.0,0.19707775715731324,5,0.3984541493304776,5,0.28565246670197164,5,0.24222971199256663,0.5782221555709839,protected first-frame anchor for both z and d,0.24222971199256663,1,True,10,0.28565246670197164,0.24222971199256663,0.24222971199256663,0.0,True,"[224, 224]",32761.0,6,1,0.04151445487514138,4.0,0.0,5,0.438846052569912,5,0.0,5,0.4368740079878523,0.6911122798919678,protected first-frame anchor for both z and d,0.03431458009377619,1,True,10,0.03163235487041559,0.4368740079878523,0.03431458009377619,0.0,True,"[224, 224]",32400.0,6,1,0.04151445487514138,4.0,0.0,5,0.0,5,0.0,5,0.0,0.47590965032577515,protected first-frame anchor for both z and d,0.0,1,,,False,10,0.03163235487041559,0.03163235487041559,0.03163235487041559,0.0,True,"[224, 224]",32400.0,6,1,0.04151445487514138,4.0,0.0,5,0.4333876800015222,5,0.1519113592121941,5,0.4234438422031592,0.7398608922958374,protected first-frame anchor for both z and d,0.1519113592121941,1,True,10,0.1519113592121941,0.4234438422031592,0.1519113592121941,0.0,True,"[224, 224]",32580.0,6,1,0.04151445487514138,4.0,0.0,5,0.46543659229512213,5,0.0,5,0.43774858661786453,0.6953815817832947,protected first-frame anchor for both z and d,0.08381575387667868,1,True,10,0.03163235487041559,0.43774858661786453,0.08381575387667868,0.0,True,"[224, 224]",130321.0,6,1,0.04151445487514138,8.0,0.0,5,0.17129781394774918,5,0.0,5,0.0,0.5317424535751343,protected first-frame anchor for both z and d,0.1345809107481186,1,True,10,0.03163235487041559,0.03163235487041559,0.1345809107481186,0.0,True,"[224, 224]",/data/gb/outputs/abc_temporal_train_s44_20261003,True,0.0,0.0,157,0.0,5,0.4407614002546062,5,0.0,5,0.4407614002546062,7,0.03163235487041559,0.03163235487041559,1,32761.0,184,5,0.03163235487041559,True,True,0.03163235487041559,0.0,5,2boysatblkcarend,True
171717.78125,6,1,0.04118951316922903,4.0,0.36658546967478733,5,0.36897140189755295,5,0.36658546967478733,5,0.36658546967478733,0.2850773334503174,protected first-frame anchor for both z and d,0.36658546967478733,1,False,10,0.36658546967478733,0.36658546967478733,0.36658546967478733,0.0,True,"[224, 224]",172029.4375,6,1,0.04118951316922903,4.0,0.0,5,0.0,5,0.0,5,0.0,0.48881107568740845,protected first-frame anchor for both z and d,0.0,1,False,10,0.0,0.0,0.0,0.0,True,"[224, 224]",172225.0,6,1,0.04118951316922903,4.0,0.0,5,0.7201334495925586,5,0.6999508513138852,5,0.6999508513138852,0.46434009075164795,protected first-frame anchor for both z and d,0.6999508513138852,1,,,True,10,0.6999508513138852,0.6999508513138852,0.6999508513138852,0.0,True,"[224, 224]",171920.0,6,1,0.04118951316922903,4.0,0.0,5,0.0,5,0.0,5,0.0,0.5075501203536987,protected first-frame anchor for both z and d,0.0,1,False,10,0.0,0.0,0.0,0.0,True,"[224, 224]",171662.34375,6,1,0.04118951316922903,4.0,0.0,5,0.0,5,0.0,5,0.0,0.5267877578735352,protected first-frame anchor for both z and d,0.0,1,False,10,0.0,0.0,0.0,0.0,True,"[224, 224]",686647.3125,6,1,0.04118951316922903,8.0,0.0,5,0.36038653713406255,5,0.3536163580768144,5,0.3536163580768144,0.4794527292251587,protected first-frame anchor for both z and d,0.3536163580768144,1,True,10,0.3536163580768144,0.3536163580768144,0.3536163580768144,0.0,True,"[224, 224]",/data/gb/outputs/abc_temporal_train_s44_20261003,True,0.0,0.0,211,0.0,5,0.0,5,0.0,5,0.0,7,0.0,0.0,1,172029.4375,141,5,0.0,True,True,0.0,0.0,5,rightblkboy,False
82588.9921875,12,2,0.07996526407077909,4.0,0.0,5,0.0,5,0.0,5,0.0,0.4423457682132721,protected first-frame anchor for both z and d,0.0,1,False,10,0.1380275316972095,0.1380275316972095,0.1380275316972095,0.0,True,"[224, 224]",82761.9921875,12,2,0.07996526407077909,4.0,0.0,5,0.1457785941668104,5,0.1380275316972095,5,0.1380275316972095,0.6082397103309631,protected first-frame anchor for both z and d,0.1380275316972095,1,False,10,0.1380275316972095,0.1380275316972095,0.1380275316972095,0.0,True,"[224, 224]",82155.84375,12,2,0.07996526407077909,4.0,0.0,5,0.0,5,0.0,5,0.0,0.44046610593795776,protected first-frame anchor for both z and d,0.0,1,,,False,10,0.1380275316972095,0.1380275316972095,0.1380275316972095,0.0,True,"[224, 224]",82270.734375,12,2,0.07996526407077909,4.0,0.0,4,0.170096956491573,5,0.15411417539802386,5,0.15411417539802386,0.5239764451980591,protected first-frame anchor for both z and d,0.15411417539802386,1,False,9,0.15411417539802386,0.15411417539802386,0.15411417539802386,0.0,True,"[224, 224]",82096.515625,12,2,0.07996526407077909,4.0,0.0,5,0.1957131827098686,5,0.14748272293112827,5,0.1493820745511148,0.5921850204467773,protected first-frame anchor for both z and d,0.14748272293112827,1,False,10,0.14748272293112827,0.1493820745511148,0.14748272293112827,0.0,True,"[224, 224]",327600.15625,12,2,0.07996526407077909,8.0,0.0,5,0.39896834541966536,5,0.0,5,0.39896834541966536,0.4508854150772095,protected first-frame anchor for both z and d,0.39896834541966536,1,True,10,0.1380275316972095,0.39896834541966536,0.39896834541966536,0.0,True,"[224, 224]",/data/gb/outputs/abc_temporal_train_s44_20261003,True,0.0,0.0,229,0.0,5,0.1457785941668104,5,0.1380275316972095,5,0.1380275316972095,5,0.1380275316972095,0.1380275316972095,1,82761.9921875,142,5,0.1380275316972095,True,True,0.1380275316972095,0.0,5,blackbag,False
6400.0,12,2,0.07996526407077909,4.0,0.0,5,0.0,5,0.0,5,0.0,0.3543553650379181,protected first-frame anchor for both z and d,0.0,1,False,10,0.13976286664059118,0.13976286664059118,0.13976286664059118,0.0,True,"[224, 224]",6320.0,12,2,0.07996526407077909,4.0,0.0,5,0.14192604680731552,5,0.0,5,0.1384310396845604,0.6681537628173828,protected first-frame anchor for both z and d,0.1384310396845604,1,False,10,0.13976286664059118,0.13976286664059118,0.13976286664059118,0.0,True,"[224, 224]",6241.0,12,2,0.07996526407077909,4.0,0.0,5,0.0,5,0.0,5,0.0,0.45102420449256897,protected first-frame anchor for both z and d,0.0,1,,,False,10,0.13976286664059118,0.13976286664059118,0.13976286664059118,0.0,True,"[224, 224]",6320.0,12,2,0.07996526407077909,4.0,0.0,5,0.027795314256158346,5,0.0,5,0.0,0.6473628282546997,protected first-frame anchor for both z and d,0.0,1,False,10,0.13976286664059118,0.13976286664059118,0.13976286664059118,0.0,True,"[224, 224]",6400.0,12,2,0.07996526407077909,4.0,0.0,5,0.012917703039643848,5,0.0,5,0.0,0.6665911674499512,protected first-frame anchor for both z and d,0.0,1,False,10,0.13976286664059118,0.13976286664059118,0.13976286664059118,0.0,True,"[224, 224]",25122.0,12,2,0.07996526407077909,8.0,0.0,5,0.4371919530583055,5,0.0,5,0.4371919530583055,0.6403502225875854,protected first-frame anchor for both z and d,0.4371919530583055,1,True,10,0.13976286664059118,0.4371919530583055,0.4371919530583055,0.0,True,"[224, 224]",/data/gb/outputs/abc_temporal_train_s44_20261003,True,0.0,0.0,240,0.0,5,0.14302923106469942,5,0.0,5,0.13976286664059118,7,0.13976286664059118,0.13976286664059118,1,6320.0,221,5,0.13976286664059118,True,True,0.13976286664059118,0.0,5,dogouttrees,False
393523.21875,12,2,0.08047254895791411,4.0,0.0,5,0.0,5,0.0,5,0.0,0.41210153698921204,protected first-frame anchor for both z and d,0.0,1,False,10,0.004833968222121956,0.004833968222121956,0.004833968222121956,0.0,True,"[224, 224]",394652.59375,12,2,0.08047254895791411,4.0,0.0,5,0.02264231466219847,5,0.0,5,0.0,0.7949438095092773,protected first-frame anchor for both z and d,0.0040720282351813086,1,False,10,0.004833968222121956,0.004833968222121956,0.004833968222121956,0.0,True,"[224, 224]",392766.0,12,2,0.08047254895791411,4.0,0.0,5,0.0,5,0.0,5,0.0,0.6097744703292847,protected first-frame anchor for both z and d,0.0,1,,,False,10,0.004833968222121956,0.004833968222121956,0.004833968222121956,0.0,True,"[224, 224]",393364.46875,12,2,0.08047254895791411,4.0,0.0,5,0.03944206471548126,5,0.0,5,0.0,0.8568005561828613,protected first-frame anchor for both z and d,0.01385717209420676,1,False,10,0.004833968222121956,0.004833968222121956,0.01385717209420676,0.0,True,"[224, 224]",393659.1875,12,2,0.08047254895791411,4.0,0.0,5,0.09328602991561369,5,0.0,5,0.0,0.6743152737617493,protected first-frame anchor for both z and d,0.08949517284549109,1,False,10,0.004833968222121956,0.004833968222121956,0.08949517284549109,0.0,True,"[224, 224]",1566116.625,12,2,0.08047254895791411,8.0,0.0,5,0.7412586258632781,5,0.0,5,0.7240261860528635,0.7064279913902283,protected first-frame anchor for both z and d,0.7412586258632781,1,True,10,0.004833968222121956,0.7240261860528635,0.7412586258632781,0.0,True,"[224, 224]",/data/gb/outputs/abc_temporal_train_s44_20261003,True,0.0,0.0,275,0.0,5,0.04372651962431309,5,0.0,5,0.0,12,0.004833968222121956,0.004833968222121956,1,394652.59375,68,5,0.004833968222121956,True,True,0.004833968222121956,0.0,5,boyputtinghandup,False
57165.5625,12,2,0.08047254895791411,4.0,0.07708817443883169,5,0.43458064622736553,5,0.25111366385918243,5,0.29986339995342887,0.45308607816696167,protected first-frame anchor for both z and d,0.07708817443883169,1,True,10,0.4482006344553138,0.4482006344553138,0.4482006344553138,0.0,True,"[224, 224]",56979.8359375,12,2,0.08047254895791411,4.0,0.0,5,0.6265833848915386,5,0.0,5,0.44567472949294606,0.6612774729728699,protected first-frame anchor for both z and d,0.44567472949294606,1,True,10,0.4482006344553138,0.4482006344553138,0.4482006344553138,0.0,True,"[224, 224]",56507.16796875,12,2,0.08047254895791411,4.0,0.0,5,0.0,5,0.0,5,0.0,0.5640117526054382,protected first-frame anchor for both z and d,0.0,1,,,False,10,0.4482006344553138,0.4482006344553138,0.4482006344553138,0.0,True,"[224, 224]",56940.0234375,12,2,0.08047254895791411,4.0,0.0,5,0.5859072907108088,5,0.0,5,0.4259545854767125,0.6111020445823669,protected first-frame anchor for both z and d,0.4259545854767125,1,True,10,0.4482006344553138,0.4482006344553138,0.4482006344553138,0.0,True,"[224, 224]",56920.4609375,12,2,0.08047254895791411,4.0,0.0,5,0.680597757083247,5,0.0,5,0.4974642955616179,0.6193743944168091,protected first-frame anchor for both z and d,0.49285766821287674,1,True,10,0.4482006344553138,0.4974642955616179,0.49285766821287674,0.0,True,"[224, 224]",227508.5625,12,2,0.08047254895791411,8.0,0.08198392625786334,5,0.5227001370181453,5,0.4491021371907232,5,0.4491021371907232,0.5280203223228455,protected first-frame anchor for both z and d,0.4491021371907232,1,True,10,0.4491021371907232,0.4491021371907232,0.4491021371907232,0.0,True,"[224, 224]",/data/gb/outputs/abc_temporal_train_s44_20261003,True,0.0,0.0,285,0.0,5,0.5744910062495923,5,0.039840210001050994,5,0.4482006344553138,12,0.4482006344553138,0.4482006344553138,1,56979.8359375,217,5,0.4482006344553138,True,True,0.4482006344553138,0.0,5,1strowrightgirl,True
32400.0,18,3,0.11406514002010226,4.0,0.0,5,0.0,5,0.0,5,0.0,0.4445977509021759,protected first-frame anchor for both z and d,0.0,1,False,10,0.24985467982826437,0.24985467982826437,0.24985467982826437,0.0,True,"[224, 224]",32220.0,18,3,0.11406514002010226,4.0,0.0,5,0.49079824200272665,5,0.0,5,0.0,0.8010348081588745,protected first-frame anchor for both z and d,0.0,1,True,10,0.24985467982826437,0.24985467982826437,0.24985467982826437,0.0,True,"[224, 224]",32041.0,18,3,0.11406514002010226,4.0,0.0,5,0.4588025919129804,5,0.0,5,0.0,0.6993094682693481,protected first-frame anchor for both z and d,0.2758726859962603,1,,,True,10,0.24985467982826437,0.24985467982826437,0.2758726859962603,0.0,True,"[224, 224]",32041.0,18,3,0.11406514002010226,4.0,0.0,5,0.6056839019246562,5,0.0,5,0.0,0.6937432885169983,protected first-frame anchor for both z and d,0.5053407437308081,1,True,10,0.24985467982826437,0.24985467982826437,0.5053407437308081,0.0,True,"[224, 224]",32041.0,18,3,0.11406514002010226,4.0,0.0,5,0.5864406887911174,5,0.0,5,0.0,0.8322779536247253,protected first-frame anchor for both z and d,0.361374970907291,1,True,10,0.24985467982826437,0.24985467982826437,0.361374970907291,0.0,True,"[224, 224]",128942.125,18,3,0.11406514002010226,8.0,0.0,5,0.19699615808707377,5,0.0,5,0.0,0.6510323882102966,protected first-frame anchor for both z and d,0.09491140484934557,1,True,10,0.24985467982826437,0.24985467982826437,0.24985467982826437,0.0,True,"[224, 224]",/data/gb/outputs/abc_temporal_train_s44_20261003,True,0.0,0.0,320,0.0,5,0.5072170460868808,5,0.0,5,0.0,6,0.24985467982826437,0.24985467982826437,1,32220.0,251,5,0.24985467982826437,True,True,0.24985467982826437,0.0,5,4boysbesidesblkcar,True
32220.0,18,3,0.11406514002010226,4.0,0.0,5,0.3900603431140566,5,0.06684578201556973,5,0.38140323817069915,0.4437065124511719,protected first-frame anchor for both z and d,0.056845928003351344,1,False,9,0.08150279083882749,0.38140323817069915,0.08150279083882749,0.08150279083882749,True,"[224, 224]",32041.0,18,3,0.11406514002010226,4.0,0.07227504957714219,4,0.7935586804511944,5,0.7935586804511944,5,0.7374261691952185,0.7584075331687927,protected first-frame anchor for both z and d,0.07227504957714219,1,True,8,0.7935586804511944,0.7374261691952185,0.08150279083882749,0.08150279083882749,True,"[224, 224]",32220.0,18,3,0.11406514002010226,4.0,0.09272117696394859,3,0.19547264698904077,5,0.09272117696394859,5,0.13909662278502977,0.5037510991096497,protected first-frame anchor for both z and d,0.09272117696394859,1,,,False,7,0.09272117696394859,0.13909662278502977,0.09272117696394859,0.08150279083882749,True,"[224, 224]",32041.0,18,3,0.11406514002010226,4.0,0.07227504957714219,4,0.7935586804511944,5,0.7935586804511944,5,0.7374261691952185,0.7584075331687927,protected first-frame anchor for both z and d,0.07227504957714219,1,True,8,0.7935586804511944,0.7374261691952185,0.08150279083882749,0.08150279083882749,True,"[224, 224]",32041.0,18,3,0.11406514002010226,4.0,0.08432932986260734,4,0.86119724423588,5,0.7429211161227769,5,0.7429211161227769,0.738694965839386,protected first-frame anchor for both z and d,0.08432932986260734,1,True,8,0.7429211161227769,0.7429211161227769,0.08432932986260734,0.08150279083882749,True,"[224, 224]",128881.0,18,3,0.11406514002010226,8.0,0.5245796599155957,5,0.5872721571553665,5,0.5245796599155957,5,0.5245796599155957,0.5324899554252625,protected first-frame anchor for both z and d,0.5245796599155957,1,True,9,0.5245796599155957,0.5245796599155957,0.5245796599155957,0.08150279083882749,True,"[224, 224]",/data/gb/outputs/abc_temporal_train_s44_20261003,True,0.0,0.0,336,0.08150278776884079,4,0.7375021314344873,5,0.7357063058635446,5,0.6714217546726557,4,0.08150279083882749,0.08150279083882749,1,32041.0,198,4,0.08150279083882749,True,True,0.08150279083882749,0.08150279083882749,4,rightofthe4girls,True
36352.0,18,3,0.11406514002010226,4.0,0.0,5,0.0,5,0.0,5,0.0,0.44092291593551636,protected first-frame anchor for both z and d,0.0,1,False,8,0.0,0.0,0.0,0.0,True,"[224, 224]",36644.5703125,18,3,0.11406514002010226,4.0,0.0,3,0.0,5,0.0,5,0.0,0.8148346543312073,protected first-frame anchor for both z and d,0.0,1,False,6,0.0,0.0,0.0,0.0,True,"[224, 224]",36516.2265625,18,3,0.11406514002010226,4.0,0.0,5,0.0,5,0.0,5,0.0,0.4408986270427704,protected first-frame anchor for both z and d,0.0,1,,,False,8,0.0,0.0,0.0,0.0,True,"[224, 224]",36578.96875,18,3,0.11406514002010226,4.0,0.0,4,0.0,5,0.0,5,0.0,0.7888237237930298,protected first-frame anchor for both z and d,0.0,1,False,7,0.0,0.0,0.0,0.0,True,"[224, 224]",36611.9375,18,3,0.11406514002010226,4.0,0.0,3,0.0,5,0.0,5,0.0,0.7995995879173279,protected first-frame anchor for both z and d,0.0,1,False,6,0.0,0.0,0.0,0.0,True,"[224, 224]",145957.8125,18,3,0.11406514002010226,8.0,0.0,5,0.0,5,0.0,5,0.0,0.7292399406433105,protected first-frame anchor for both z and d,0.0,1,False,8,0.0,0.0,0.0,0.0,True,"[224, 224]",/data/gb/outputs/abc_temporal_train_s44_20261003,True,0.0,0.0,342,0.0,3,0.0,5,0.0,5,0.0,3,0.0,0.0,1,36644.5703125,35,3,0.0,True,True,0.0,0.0,3,ab_pingpongball3,False
54756.0,6,1,0.040306149050593376,4.0,0.0,5,0.0,5,0.0,5,0.0,0.4713789224624634,protected first-frame anchor for both z and d,0.0,1,False,8,0.0,0.0,0.0,0.0,True,"[224, 224]",54990.0,6,1,0.040306149050593376,4.0,0.0,3,0.33709715513253186,5,0.059189017096486864,5,0.31960428276212743,0.6382337808609009,protected first-frame anchor for both z and d,0.0,1,True,6,0.059189017096486864,0.31960428276212743,0.0,0.0,True,"[224, 224]",55225.0,6,1,0.040306149050593376,4.0,0.0,4,0.3190482496300865,5,0.19815160118422429,5,0.0,0.4800599217414856,protected first-frame anchor for both z and d,0.0,1,,,True,7,0.19815160118422429,0.0,0.0,0.0,True,"[224, 224]",54990.0,6,1,0.040306149050593376,4.0,0.0,5,0.36952950335165097,5,0.0,5,0.33777084268149177,0.588494598865509,protected first-frame anchor for both z and d,0.08573019825512651,1,True,8,0.0,0.33777084268149177,0.08573019825512651,0.0,True,"[224, 224]",54756.0,6,1,0.040306149050593376,4.0,0.0,5,0.359063103237602,5,0.0,5,0.33048661969436216,0.6164963245391846,protected first-frame anchor for both z and d,0.15080623430161824,1,True,8,0.0,0.33048661969436216,0.15080623430161824,0.0,True,"[224, 224]",219024.0,6,1,0.040306149050593376,8.0,0.0,5,0.14382067843268342,5,0.1392679811773267,5,0.1392679811773267,0.4896228611469269,protected first-frame anchor for both z and d,0.13667344233766998,1,True,8,0.1392679811773267,0.1392679811773267,0.13667344233766998,0.0,True,"[224, 224]",/data/gb/outputs/abc_temporal_train_s44_20261003,True,0.0,0.0,371,0.0,3,0.33727473727385554,5,0.05802713505673889,5,0.32279452631981187,3,0.0,0.0,1,54990.0,136,3,0.0,True,True,0.0,0.0,3,whitewoman_1202,True
44944.0,30,5,0.1858657249249518,4.0,0.0,5,0.0,5,0.0,5,0.0,0.6826866865158081,protected first-frame anchor for both z and d,0.0,1,False,10,0.0,0.0,0.0,0.0,True,"[224, 224]",44944.0,30,5,0.1858657249249518,4.0,0.0,5,0.0,5,0.0,5,0.0,0.6759622097015381,protected first-frame anchor for both z and d,0.0,1,False,10,0.0,0.0,0.0,0.0,True,"[224, 224]",44944.0,30,5,0.1858657249249518,4.0,0.0,5,0.0,5,0.0,5,0.0,0.8395006060600281,protected first-frame anchor for both z and d,0.0,1,,,False,10,0.0,0.0,0.0,0.0,True,"[224, 224]",44944.0,30,5,0.1858657249249518,4.0,0.0,5,0.0,5,0.0,5,0.0,0.7524287104606628,protected first-frame anchor for both z and d,0.0,1,False,10,0.0,0.0,0.0,0.0,True,"[224, 224]",44731.99609375,30,5,0.1858657249249518,4.0,0.0,5,0.0,5,0.0,5,0.0,0.8250359296798706,protected first-frame anchor for both z and d,0.0,1,False,10,0.0,0.0,0.0,0.0,True,"[224, 224]",178596.953125,30,5,0.1858657249249518,8.0,0.0,5,0.0,5,0.0,5,0.0,0.5902594327926636,protected first-frame anchor for both z and d,0.0,1,False,10,0.0,0.0,0.0,0.0,True,"[224, 224]",/data/gb/outputs/abc_temporal_train_s44_20261003,True,0.0,0.0,388,0.0,5,0.0,5,0.0,5,0.0,12,0.0,0.0,1,44944.0,140,5,0.0,True,True,0.0,0.0,5,2boys,False
56169.0,30,5,0.1858657249249518,4.0,0.0,5,0.0,5,0.0,5,0.0,0.44704946875572205,protected first-frame anchor for both z and d,0.0,1,False,10,0.0,0.0,0.0,0.0,True,"[224, 224]",56169.0,30,5,0.1858657249249518,4.0,0.0,5,0.0,5,0.0,5,0.0,0.6806265115737915,protected first-frame anchor for both z and d,0.0,1,False,10,0.0,0.0,0.0,0.0,True,"[224, 224]",55932.0,30,5,0.1858657249249518,4.0,0.0,2,0.0,5,0.0,5,0.0,0.5145800709724426,protected first-frame anchor for both z and d,0.0,1,,,False,7,0.0,0.0,0.0,0.0,True,"[224, 224]",55932.0,30,5,0.1858657249249518,4.0,0.0,5,0.0,5,0.0,5,0.0,0.8208943009376526,protected first-frame anchor for both z and d,0.0,1,False,10,0.0,0.0,0.0,0.0,True,"[224, 224]",56169.0,30,5,0.1858657249249518,4.0,0.0,5,0.0,5,0.0,5,0.0,0.6695337295532227,protected first-frame anchor for both z and d,0.0,1,False,10,0.0,0.0,0.0,0.0,True,"[224, 224]",223729.0,30,5,0.1858657249249518,8.0,0.0,5,0.45447892113306215,5,0.0,5,0.0,0.642218828201294,protected first-frame anchor for both z and d,0.13940619197665732,1,True,10,0.0,0.0,0.13940619197665732,0.0,True,"[224, 224]",/data/gb/outputs/abc_temporal_train_s44_20261003,True,0.0,0.0,394,0.0,5,0.0,5,0.0,5,0.0,6,0.0,0.0,1,56169.0,145,5,0.0,True,True,0.0,0.0,5,blkboycoming,False
73712.0,30,5,0.1858657249249518,4.0,0.0,5,0.45911645650250543,5,0.4538201868285005,5,0.4538201868285005,0.4487035870552063,protected first-frame anchor for both z and d,0.4538201868285005,1,True,10,0.4538201868285005,0.4538201868285005,0.4538201868285005,0.1877522905028522,True,"[224, 224]",73064.546875,30,5,0.1858657249249518,4.0,0.15825751403372465,5,0.724507055098123,5,0.6235199273307771,5,0.6341186953900836,0.7843369245529175,protected first-frame anchor for both z and d,0.15825751403372465,1,True,10,0.6235199273307771,0.6341186953900836,0.1877522905028522,0.1877522905028522,True,"[224, 224]",73827.171875,30,5,0.1858657249249518,4.0,0.0656118694108969,5,0.7879819263659815,5,0.0656118694108969,5,0.735396830042038,0.5470209121704102,protected first-frame anchor for both z and d,0.0656118694108969,1,,,True,10,0.1877522905028522,0.735396830042038,0.1877522905028522,0.1877522905028522,True,"[224, 224]",73069.6328125,30,5,0.1858657249249518,4.0,0.14972386633648507,5,0.6824804709429657,5,0.6261770606694413,5,0.6655380760104308,0.7297086119651794,protected first-frame anchor for both z and d,0.14972386633648507,1,True,10,0.6261770606694413,0.6655380760104308,0.1877522905028522,0.1877522905028522,True,"[224, 224]",73504.875,30,5,0.1858657249249518,4.0,0.17937108986941203,5,0.7894986614631629,5,0.7581986167730508,5,0.7894986614631629,0.7827462553977966,protected first-frame anchor for both z and d,0.17937108986941203,1,True,10,0.7581986167730508,0.7894986614631629,0.1877522905028522,0.1877522905028522,True,"[224, 224]",296374.90625,30,5,0.1858657249249518,8.0,0.21615219538559996,5,0.3594419563076621,5,0.3539884796804341,5,0.3539884796804341,0.6142813563346863,protected first-frame anchor for both z and d,0.21615219538559996,1,True,10,0.3539884796804341,0.3539884796804341,0.21615219538559996,0.1877522905028522,True,"[224, 224]",/data/gb/outputs/abc_temporal_train_s44_20261003,True,0.0,0.0,397,0.18775229156017303,5,0.7595596203921451,5,0.7206764291235329,5,0.7506420619860944,7,0.1877522905028522,0.1895991232512451,1,73064.546875,47,5,0.1877522905028522,True,True,0.1877522905028522,0.1877522905028522,5,midboy,True
63756.0,30,5,0.1858657249249518,4.0,0.0,5,0.2641260436413154,5,0.0,5,0.144810296052033,0.4580094814300537,protected first-frame anchor for both z and d,0.144810296052033,1,False,9,0.22597587079261058,0.22597587079261058,0.22597587079261058,0.0,True,"[224, 224]",63756.0,30,5,0.1858657249249518,4.0,0.0,4,0.3838007219791472,5,0.0,5,0.22597587079261058,0.8272843956947327,protected first-frame anchor for both z and d,0.22597587079261058,1,True,8,0.22597587079261058,0.22597587079261058,0.22597587079261058,0.0,True,"[224, 224]",63756.0,30,5,0.1858657249249518,4.0,0.5284577833173556,2,0.7674742948073373,5,0.5859317229656709,5,0.5284577833173556,0.5186818242073059,protected first-frame anchor for both z and d,0.5284577833173556,1,,,True,6,0.5859317229656709,0.5284577833173556,0.5284577833173556,0.0,True,"[224, 224]",63756.0,30,5,0.1858657249249518,4.0,0.0,4,0.41926974882028545,5,0.0,5,0.30296984868809657,0.8338741660118103,protected first-frame anchor for both z and d,0.1843304648972874,1,True,8,0.22597587079261058,0.30296984868809657,0.22597587079261058,0.0,True,"[224, 224]",63756.0,30,5,0.1858657249249518,4.0,0.0,4,0.42347516552930087,5,0.0,5,0.23955698619875923,0.8270322680473328,protected first-frame anchor for both z and d,0.23955698619875923,1,True,8,0.22597587079261058,0.23955698619875923,0.23955698619875923,0.0,True,"[224, 224]",254125.390625,30,5,0.1858657249249518,8.0,0.0,5,0.5143606878114326,5,0.5074941633423635,5,0.5074941633423635,0.5236994624137878,protected first-frame anchor for both z and d,0.5074941633423635,1,True,9,0.5074941633423635,0.5074941633423635,0.5074941633423635,0.0,True,"[224, 224]",/data/gb/outputs/abc_temporal_train_s44_20261003,True,0.0,0.0,404,0.0,4,0.3838007219791472,5,0.0,5,0.22597587079261058,4,0.22597587079261058,0.22597587079261058,1,63756.0,126,4,0.22597587079261058,True,True,0.22597587079261058,0.0,4,ab_leftfoam,True
1126543.125,30,5,0.1858657249249518,4.0,0.0,5,0.1525778971363257,5,0.0,5,0.12644518030953594,0.4420606791973114,protected first-frame anchor for both z and d,0.0,1,True,10,0.06183331951805301,0.12644518030953594,0.06183331951805301,0.03287714352274857,True,"[224, 224]",1111190.625,30,5,0.1858657249249518,4.0,0.02919422090406534,5,0.11089735724778396,5,0.03645488504589266,5,0.02919422090406534,0.5157992839813232,protected first-frame anchor for both z and d,0.08886522900331476,1,True,10,0.06183331951805301,0.06183331951805301,0.08886522900331476,0.03287714352274857,True,"[224, 224]",1123739.875,30,5,0.1858657249249518,4.0,0.0,5,0.0,5,0.0,5,0.0,0.44069957733154297,protected first-frame anchor for both z and d,0.0,1,,,False,10,0.06183331951805301,0.06183331951805301,0.06183331951805301,0.03287714352274857,True,"[224, 224]",1120298.75,30,5,0.1858657249249518,4.0,0.015871682469560777,5,0.1088248196802382,5,0.0377889376533159,5,0.015871682469560777,0.5500110983848572,protected first-frame anchor for both z and d,0.10838495521360032,1,True,10,0.06183331951805301,0.06183331951805301,0.10838495521360032,0.015871682469560777,True,"[224, 224]",1120298.75,30,5,0.1858657249249518,4.0,0.017378498659070256,5,0.10955357906791803,5,0.028487209729255347,5,0.017378498659070256,0.5296753644943237,protected first-frame anchor for both z and d,0.017378498659070256,1,True,10,0.06183331951805301,0.06183331951805301,0.06183331951805301,0.03287714352274857,True,"[224, 224]",4387305.5,30,5,0.1858657249249518,8.0,0.015786566478819607,5,0.06969165302073682,5,0.016621054356189376,5,0.015786566478819607,0.6989245414733887,protected first-frame anchor for both z and d,0.015786566478819607,1,True,10,0.06183331951805301,0.06183331951805301,0.06183331951805301,0.015786566478819607,True,"[224, 224]",/data/gb/outputs/abc_temporal_train_s44_20261003,True,0.0,0.0,407,0.03287714347243309,5,0.07083454549267358,5,0.03773954475822728,5,0.03287714352274857,16,0.06183331951805301,0.06183331951805301,1,1111190.625,241,5,0.06183331951805301,True,True,0.06183331951805301,0.03287714352274857,5,twopeopleelec-gai,True
13924.0,6,1,0.04107384104281664,4.0,0.0,5,0.0,5,0.0,5,0.0,0.5298217535018921,protected first-frame anchor for both z and d,0.0,1,False,10,0.0,0.0,0.0,0.0,True,"[224, 224]",13924.0,6,1,0.04107384104281664,4.0,0.0,5,0.0,5,0.0,5,0.0,0.6923119425773621,protected first-frame anchor for both z and d,0.0,1,False,10,0.0,0.0,0.0,0.0,True,"[224, 224]",13924.0,6,1,0.04107384104281664,4.0,0.6222031034318314,5,0.6668134840915224,5,0.6222031034318314,5,0.6222031034318314,0.5439673066139221,protected first-frame anchor for both z and d,0.6222031034318314,1,,,True,10,0.6222031034318314,0.6222031034318314,0.6222031034318314,0.0,True,"[224, 224]",14042.0,6,1,0.04107384104281664,4.0,0.0,4,0.06152501454599007,5,0.0,5,0.0,0.7227377891540527,protected first-frame anchor for both z and d,0.0,1,False,9,0.0,0.0,0.0,0.0,True,"[224, 224]",13924.0,6,1,0.04107384104281664,4.0,0.0,5,0.013139402397518835,5,0.0,5,0.0,0.7014011740684509,protected first-frame anchor for both z and d,0.0,1,False,10,0.0,0.0,0.0,0.0,True,"[224, 224]",55248.28515625,6,1,0.04107384104281664,8.0,0.0,5,0.2728434547334367,5,0.0,5,0.0,0.6475205421447754,protected first-frame anchor for both z and d,0.0,1,True,10,0.0,0.0,0.0,0.0,True,"[224, 224]",/data/gb/outputs/abc_temporal_train_s44_20261003,True,0.0,0.0,459,0.0,5,0.0,5,0.0,5,0.0,5,0.0,0.0,1,13924.0,58,5,0.0,True,True,0.0,0.0,5,pingpongball,False
363134.71875,12,2,0.07929210923612118,4.0,0.0,5,0.0,5,0.0,5,0.0,0.4437844157218933,protected first-frame anchor for both z and d,0.0,1,False,9,0.0,0.0,0.0,0.0,True,"[224, 224]",362817.0,12,2,0.07929210923612118,4.0,0.0,5,0.0,5,0.0,5,0.0,0.7451789379119873,protected first-frame anchor for both z and d,0.0,1,False,9,0.0,0.0,0.0,0.0,True,"[224, 224]",364412.625,12,2,0.07929210923612118,4.0,0.8538694126484355,5,0.9037259927244491,5,0.8538694126484355,5,0.8538694126484355,0.6972986459732056,protected first-frame anchor for both z and d,0.8538694126484355,1,,,True,9,0.8538694126484355,0.8538694126484355,0.8538694126484355,0.0,True,"[224, 224]",364512.40625,12,2,0.07929210923612118,4.0,0.0,5,0.0,5,0.0,5,0.0,0.7173686027526855,protected first-frame anchor for both z and d,0.0,1,False,9,0.0,0.0,0.0,0.0,True,"[224, 224]",364848.28125,12,2,0.07929210923612118,4.0,0.0,5,0.0,5,0.0,5,0.0,0.667762815952301,protected first-frame anchor for both z and d,0.0,1,False,9,0.0,0.0,0.0,0.0,True,"[224, 224]",1445742.0,12,2,0.07929210923612118,8.0,0.8639300985809493,5,0.9073068194140369,5,0.8639300985809493,5,0.8639300985809493,0.4563407897949219,protected first-frame anchor for both z and d,0.8639300985809493,1,True,9,0.8639300985809493,0.8639300985809493,0.8639300985809493,0.0,True,"[224, 224]",/data/gb/outputs/abc_temporal_train_s44_20261003,True,0.0,0.0,504,0.0,4,0.0,5,0.0,5,0.0,4,0.0,0.0,1,362817.0,170,4,0.0,True,True,0.0,0.0,4,yellowgirlwithbowl,False
69888.0078125,12,2,0.07929210923612118,4.0,0.0,5,0.0,5,0.0,5,0.0,0.4412826597690582,protected first-frame anchor for both z and d,0.0,1,False,10,0.0,0.0,0.0,0.0,True,"[224, 224]",66953.0703125,12,2,0.07929210923612118,4.0,0.0,5,0.0,5,0.0,5,0.0,0.5051079988479614,protected first-frame anchor for both z and d,0.0,1,False,10,0.0,0.0,0.0,0.0,True,"[224, 224]",67435.7890625,12,2,0.07929210923612118,4.0,0.0,5,0.002310552052767801,5,0.0,5,0.0,0.5518747568130493,protected first-frame anchor for both z and d,0.0,1,,,False,10,0.0,0.0,0.0,0.0,True,"[224, 224]",67385.125,12,2,0.07929210923612118,4.0,0.0,5,0.0,5,0.0,5,0.0,0.531240701675415,protected first-frame anchor for both z and d,0.0,1,False,10,0.0,0.0,0.0,0.0,True,"[224, 224]",67538.828125,12,2,0.07929210923612118,4.0,0.0,5,0.0,5,0.0,5,0.0,0.5359525680541992,protected first-frame anchor for both z and d,0.0,1,False,10,0.0,0.0,0.0,0.0,True,"[224, 224]",270788.84375,12,2,0.07929210923612118,8.0,0.0,5,0.2624965869073368,5,0.0,5,0.0,0.6451607942581177,protected first-frame anchor for both z and d,0.0,1,True,10,0.0,0.0,0.0,0.0,True,"[224, 224]",/data/gb/outputs/abc_temporal_train_s44_20261003,True,0.0,0.0,507,0.0,5,0.0,5,0.0,5,0.0,16,0.0,0.0,1,66953.0703125,96,5,0.0,True,True,0.0,0.0,5,ab_redboyatbike,False
25839.671875,12,2,0.0769760450348258,4.0,0.0,5,0.0,5,0.0,5,0.0,0.45656490325927734,protected first-frame anchor for both z and d,0.0,1,False,10,0.0,0.0,0.0,0.0,True,"[224, 224]",25921.0,12,2,0.0769760450348258,4.0,0.0,5,0.0,5,0.0,5,0.0,0.46593379974365234,protected first-frame anchor for both z and d,0.0,1,False,10,0.0,0.0,0.0,0.0,True,"[224, 224]",25829.62109375,12,2,0.0769760450348258,4.0,0.0,5,0.0,5,0.0,5,0.0,0.4589047431945801,protected first-frame anchor for both z and d,0.0,1,,,False,10,0.0,0.0,0.0,0.0,True,"[224, 224]",25921.0,12,2,0.0769760450348258,4.0,0.0,5,0.0,5,0.0,5,0.0,0.4678666889667511,protected first-frame anchor for both z and d,0.0,1,False,10,0.0,0.0,0.0,0.0,True,"[224, 224]",26082.0,12,2,0.0769760450348258,4.0,0.0,5,0.0,5,0.0,5,0.0,0.46156105399131775,protected first-frame anchor for both z and d,0.0,1,False,10,0.0,0.0,0.0,0.0,True,"[224, 224]",103211.484375,12,2,0.0769760450348258,8.0,0.0,5,0.0,5,0.0,5,0.0,0.532078206539154,protected first-frame anchor for both z and d,0.0,1,False,10,0.0,0.0,0.0,0.0,True,"[224, 224]",/data/gb/outputs/abc_temporal_train_s44_20261003,True,0.0,0.0,537,0.0,5,0.0,5,0.0,5,0.0,11,0.0,0.0,1,25921.0,12,5,0.0,True,True,0.0,0.0,5,ab_pingpongball3,False
256661.15625,12,2,0.0769760450348258,4.0,0.0,5,0.0,5,0.0,5,0.0,0.4418964684009552,protected first-frame anchor for both z and d,0.0,1,False,10,0.0,0.0,0.0,0.0,True,"[224, 224]",255072.890625,12,2,0.0769760450348258,4.0,0.0,5,0.0,5,0.0,5,0.0,0.5238378643989563,protected first-frame anchor for both z and d,0.0,1,False,10,0.0,0.0,0.0,0.0,True,"[224, 224]",256424.59375,12,2,0.0769760450348258,4.0,0.0,5,0.0,5,0.0,5,0.0,0.5970651507377625,protected first-frame anchor for both z and d,0.0,1,,,False,10,0.0,0.0,0.0,0.0,True,"[224, 224]",255074.0625,12,2,0.0769760450348258,4.0,0.0,5,0.0,5,0.0,5,0.0,0.557172417640686,protected first-frame anchor for both z and d,0.0,1,False,10,0.0,0.0,0.0,0.0,True,"[224, 224]",255057.71875,12,2,0.0769760450348258,4.0,0.0,5,0.0,5,0.0,5,0.0,0.552477240562439,protected first-frame anchor for both z and d,0.0,1,False,10,0.0,0.0,0.0,0.0,True,"[224, 224]",1018368.0,12,2,0.0769760450348258,8.0,0.0,5,0.012133378289222459,5,0.0,5,0.0,0.5035319924354553,protected first-frame anchor for both z and d,0.0,1,False,10,0.0,0.0,0.0,0.0,True,"[224, 224]",/data/gb/outputs/abc_temporal_train_s44_20261003,True,0.0,0.0,540,0.0,5,0.0,5,0.0,5,0.0,16,0.0,0.0,1,255072.890625,183,5,0.0,True,True,0.0,0.0,5,rightblkboybesidesred,False
28900.0,12,2,0.07935809018090367,4.0,0.5268500525330986,5,0.5867994698433482,5,0.5268500525330986,5,0.5268500525330986,0.7406931519508362,protected first-frame anchor for both z and d,0.5268500525330986,1,True,10,0.5268500525330986,0.5268500525330986,0.5268500525330986,0.0,True,"[224, 224]",28900.0,12,2,0.07935809018090367,4.0,0.0,5,0.29866522689224995,5,0.28490184571241123,5,0.2922678722352438,0.6330130100250244,protected first-frame anchor for both z and d,0.2922678722352438,1,False,10,0.28490184571241123,0.2922678722352438,0.2922678722352438,0.0,True,"[224, 224]",28900.0,12,2,0.07935809018090367,4.0,0.0,5,0.0,5,0.0,5,0.0,0.5241152048110962,protected first-frame anchor for both z and d,0.0,1,,,False,10,0.2824293247513315,0.2824293247513315,0.2824293247513315,0.0,True,"[224, 224]",28900.0,12,2,0.07935809018090367,4.0,0.0,5,0.2870264568110158,5,0.0,5,0.2870264568110158,0.7387949228286743,protected first-frame anchor for both z and d,0.2870264568110158,1,False,10,0.2824293247513315,0.2870264568110158,0.2870264568110158,0.0,True,"[224, 224]",28900.0,12,2,0.07935809018090367,4.0,0.0,5,0.33419946473329903,5,0.33419946473329903,5,0.33371338711675136,0.6914036870002747,protected first-frame anchor for both z and d,0.33371338711675136,1,False,10,0.33419946473329903,0.33371338711675136,0.33371338711675136,0.0,True,"[224, 224]",114287.515625,12,2,0.07935809018090367,8.0,0.0,4,0.5478776565683182,5,0.5050146771419187,5,0.5050146771419187,0.5723152756690979,protected first-frame anchor for both z and d,0.5050146771419187,1,True,9,0.5050146771419187,0.5050146771419187,0.5050146771419187,0.0,True,"[224, 224]",/data/gb/outputs/abc_temporal_train_s44_20261003,True,0.0,0.0,545,0.0,5,0.29807170000067407,5,0.2824293247513315,5,0.2824293247513315,7,0.2824293247513315,0.2824293247513315,1,28900.0,200,5,0.2824293247513315,True,True,0.2824293247513315,0.0,5,rightbottle-gai,False
104574.0,12,2,0.07935809018090367,4.0,0.0,5,0.0,5,0.0,5,0.0,0.7259568572044373,protected first-frame anchor for both z and d,0.0,1,False,10,0.0,0.0,0.0,0.0,True,"[224, 224]",104609.5546875,12,2,0.07935809018090367,4.0,0.0,5,0.0,5,0.0,5,0.0,0.6098244786262512,protected first-frame anchor for both z and d,0.0,1,False,10,0.0,0.0,0.0,0.0,True,"[224, 224]",105248.0,12,2,0.07935809018090367,4.0,0.0,5,0.0,5,0.0,5,0.0,0.6855743527412415,protected first-frame anchor for both z and d,0.0,1,,,False,10,0.0,0.0,0.0,0.0,True,"[224, 224]",104787.8828125,12,2,0.07935809018090367,4.0,0.0,5,0.0,5,0.0,5,0.0,0.6321502327919006,protected first-frame anchor for both z and d,0.0,1,False,10,0.0,0.0,0.0,0.0,True,"[224, 224]",105280.0078125,12,2,0.07935809018090367,4.0,0.0,5,0.0,5,0.0,5,0.0,0.6100451946258545,protected first-frame anchor for both z and d,0.0,1,False,10,0.0,0.0,0.0,0.0,True,"[224, 224]",427841.65625,12,2,0.07935809018090367,8.0,0.0,5,0.01791751512506715,5,0.0,5,0.0,0.6393566131591797,protected first-frame anchor for both z and d,0.0,1,True,10,0.0,0.0,0.0,0.0,True,"[224, 224]",/data/gb/outputs/abc_temporal_train_s44_20261003,True,0.0,0.0,551,0.0,5,0.0,5,0.0,5,0.0,16,0.0,0.0,1,104609.5546875,210,5,0.0,True,True,0.0,0.0,5,ab_redboyatbike,False
271048.40625,6,1,0.042711242102086544,4.0,0.0,5,0.0,5,0.0,5,0.0,0.44254472851753235,protected first-frame anchor for both z and d,0.0,1,False,10,0.0,0.0,0.0,0.0,True,"[224, 224]",273180.46875,6,1,0.042711242102086544,4.0,0.0,5,0.0,5,0.0,5,0.0,0.49392664432525635,protected first-frame anchor for both z and d,0.0,1,False,10,0.0,0.0,0.0,0.0,True,"[224, 224]",273502.9375,6,1,0.042711242102086544,4.0,0.0,5,0.2602156414612599,5,0.2152387548266028,5,0.23442597127133064,0.5048847794532776,protected first-frame anchor for both z and d,0.20995289493056024,1,,,False,10,0.2152387548266028,0.23442597127133064,0.20995289493056024,0.0,True,"[224, 224]",272902.5625,6,1,0.042711242102086544,4.0,0.0,5,0.0,5,0.0,5,0.0,0.5064045786857605,protected first-frame anchor for both z and d,0.0,1,False,10,0.0,0.0,0.0,0.0,True,"[224, 224]",273964.28125,6,1,0.042711242102086544,4.0,0.0,5,0.0,5,0.0,5,0.0,0.5324715971946716,protected first-frame anchor for both z and d,0.0,1,False,10,0.0,0.0,0.0,0.0,True,"[224, 224]",1084950.5,6,1,0.042711242102086544,8.0,0.0,5,0.6370158979981722,5,0.5990137378097627,5,0.5990137378097627,0.4481338560581207,protected first-frame anchor for both z and d,0.5990137378097627,1,True,10,0.5990137378097627,0.5990137378097627,0.5990137378097627,0.0,True,"[224, 224]",/data/gb/outputs/abc_temporal_train_s44_20261003,True,0.0,0.0,583,0.0,5,0.0,5,0.0,5,0.0,7,0.0,0.0,1,273180.46875,225,5,0.0,True,True,0.0,0.0,5,yellowgirlwithbowl,False
38531.27734375,6,1,0.04493520176038146,4.0,0.0,5,0.0,5,0.0,5,0.0,0.44419342279434204,protected first-frame anchor for both z and d,0.0,1,False,10,0.0,0.0,0.0,0.0,True,"[224, 224]",38809.0,6,1,0.04493520176038146,4.0,0.0,5,0.608755543246346,5,0.49807020444252353,5,0.02013726461578676,0.7160929441452026,protected first-frame anchor for both z and d,0.025184264737837518,1,True,10,0.49807020444252353,0.02013726461578676,0.025184264737837518,0.0,True,"[224, 224]",38611.99609375,6,1,0.04493520176038146,4.0,0.014739637516682147,5,0.8348429407829416,5,0.6392098426369913,5,0.033599140264740625,0.5235612392425537,protected first-frame anchor for both z and d,0.014739637516682147,1,,,True,10,0.6392098426369913,0.033599140264740625,0.014739637516682147,0.0,True,"[224, 224]",38611.99609375,6,1,0.04493520176038146,4.0,0.0,5,0.7304059063395258,5,0.5800679804857779,5,0.5436153347683387,0.6739748120307922,protected first-frame anchor for both z and d,0.018883884869372137,1,True,10,0.5800679804857779,0.5436153347683387,0.018883884869372137,0.0,True,"[224, 224]",38809.0,6,1,0.04493520176038146,4.0,0.01342022833588805,5,0.9024535121739133,5,0.8286930180794327,5,0.8286930180794327,0.6152703762054443,protected first-frame anchor for both z and d,0.02775350678294335,1,True,10,0.8286930180794327,0.8286930180794327,0.02775350678294335,0.0,True,"[224, 224]",154345.375,6,1,0.04493520176038146,8.0,0.5885351942228176,5,0.5885351942228176,5,0.5885351942228176,5,0.5885351942228176,0.5480506420135498,protected first-frame anchor for both z and d,0.5885351942228176,1,True,10,0.5885351942228176,0.5885351942228176,0.5885351942228176,0.0,True,"[224, 224]",/data/gb/outputs/abc_temporal_train_s44_20261003,True,0.0,0.0,642,0.0,5,0.8165277970953847,5,0.3978406143323391,5,0.7448936296167709,7,0.0,0.0,1,38809.0,191,5,0.0,True,True,0.0,0.0,5,left4thblkboyback,True
155582.015625,12,2,0.07705384213477373,4.0,0.0,5,0.4366629891862983,5,0.01657507196859669,5,0.4366629891862983,0.4499993622303009,protected first-frame anchor for both z and d,0.3040190471279968,1,True,10,0.1678640748408414,0.4366629891862983,0.3040190471279968,0.0,True,"[224, 224]",157212.015625,12,2,0.07705384213477373,4.0,0.6822798105896374,3,0.8076446784388688,5,0.6822798105896374,5,0.6822798105896374,0.35572323203086853,protected first-frame anchor for both z and d,0.6822798105896374,1,True,8,0.6822798105896374,0.6822798105896374,0.6822798105896374,0.0,True,"[224, 224]",156424.265625,12,2,0.07705384213477373,4.0,0.7146265887213079,5,0.7817472901198174,5,0.7146265887213079,5,0.7146265887213079,0.7547749280929565,protected first-frame anchor for both z and d,0.7146265887213079,1,,,True,10,0.7146265887213079,0.7146265887213079,0.7146265887213079,0.0,True,"[224, 224]",156816.03125,12,2,0.07705384213477373,4.0,0.5714752192636137,2,0.7930990654397652,5,0.7725678590406551,5,0.7725678590406551,0.24552790820598602,protected first-frame anchor for both z and d,0.5714752192636137,1,True,7,0.7725678590406551,0.7725678590406551,0.5714752192636137,0.0,True,"[224, 224]",157212.015625,12,2,0.07705384213477373,4.0,0.0,3,0.8126202546546399,5,0.7777238294190535,5,0.7787581938267099,0.4434826374053955,protected first-frame anchor for both z and d,0.6749346946874824,1,True,8,0.7777238294190535,0.7787581938267099,0.6749346946874824,0.0,True,"[224, 224]",624296.6875,12,2,0.07705384213477373,8.0,0.5281067322114694,5,0.5459231133146263,5,0.5281067322114694,5,0.5281067322114694,0.690831184387207,protected first-frame anchor for both z and d,0.5281067322114694,1,True,10,0.5281067322114694,0.5281067322114694,0.5281067322114694,0.0,True,"[224, 224]",/data/gb/outputs/abc_temporal_train_s44_20261003,True,0.0,0.0,675,0.0,5,0.7172666815198341,5,0.3012749192622806,5,0.6415738836689423,7,0.1678640748408414,0.1678640748408414,1,157212.015625,179,5,0.1678640748408414,True,True,0.1678640748408414,0.0,5,rightblkgirl,True
112560.0,12,2,0.07705384213477373,4.0,0.0,5,0.1682235121156467,5,0.03428595395215335,5,0.0,0.44246307015419006,protected first-frame anchor for both z and d,0.1682235121156467,1,True,10,0.03428595395215335,0.0,0.1682235121156467,0.0,True,"[224, 224]",110783.0703125,12,2,0.07705384213477373,4.0,0.0,5,0.0,5,0.0,5,0.0,0.541488766670227,protected first-frame anchor for both z and d,0.0,1,False,10,0.0,0.0,0.0,0.0,True,"[224, 224]",111713.8515625,12,2,0.07705384213477373,4.0,0.0,5,0.0,5,0.0,5,0.0,0.37664058804512024,protected first-frame anchor for both z and d,0.0,1,,,False,10,0.0,0.0,0.0,0.0,True,"[224, 224]",110682.109375,12,2,0.07705384213477373,4.0,0.0,5,0.0,5,0.0,5,0.0,0.5547794103622437,protected first-frame anchor for both z and d,0.0,1,False,10,0.0,0.0,0.0,0.0,True,"[224, 224]",111046.234375,12,2,0.07705384213477373,4.0,0.0,5,0.0,5,0.0,5,0.0,0.5224196910858154,protected first-frame anchor for both z and d,0.0,1,False,10,0.0,0.0,0.0,0.0,True,"[224, 224]",452567.84375,12,2,0.07705384213477373,8.0,0.0,5,0.017858406066038647,5,0.0,5,0.0,0.61081463098526,protected first-frame anchor for both z and d,0.0,1,True,10,0.0,0.0,0.0,0.0,True,"[224, 224]",/data/gb/outputs/abc_temporal_train_s44_20261003,True,0.0,0.0,683,0.0,5,0.0,5,0.0,5,0.0,16,0.0,0.0,1,110783.0703125,205,5,0.0,True,True,0.0,0.0,5,ab_redboyatbike,False
46656.0,6,1,0.041567163076251745,4.0,0.0,5,0.0,5,0.0,5,0.0,0.7085075378417969,protected first-frame anchor for both z and d,0.0,1,False,8,0.0,0.0,0.0,0.0,True,"[224, 224]",46872.0,6,1,0.041567163076251745,4.0,0.0,3,0.0,5,0.0,5,0.0,0.5082166194915771,protected first-frame anchor for both z and d,0.0,1,False,6,0.0,0.0,0.0,0.0,True,"[224, 224]",46656.0,6,1,0.041567163076251745,4.0,0.4118442800938248,5,0.5434794638039729,5,0.488899724651456,5,0.5025958686663016,0.4705546498298645,protected first-frame anchor for both z and d,0.4118442800938248,1,,,True,8,0.488899724651456,0.5025958686663016,0.4118442800938248,0.0,True,"[224, 224]",46872.0,6,1,0.041567163076251745,4.0,0.0,5,0.0,5,0.0,5,0.0,0.51621413230896,protected first-frame anchor for both z and d,0.0,1,False,8,0.0,0.0,0.0,0.0,True,"[224, 224]",46656.0,6,1,0.041567163076251745,4.0,0.0,5,0.0,5,0.0,5,0.0,0.5406743884086609,protected first-frame anchor for both z and d,0.0,1,False,8,0.0,0.0,0.0,0.0,True,"[224, 224]",186192.0,6,1,0.041567163076251745,8.0,0.0,5,0.4851170483877701,5,0.0,5,0.4776257461239283,0.4721668064594269,protected first-frame anchor for both z and d,0.4776257461239283,1,True,8,0.0,0.4776257461239283,0.4776257461239283,0.0,True,"[224, 224]",/data/gb/outputs/abc_temporal_train_s44_20261003,True,0.0,0.0,720,0.0,3,0.0,5,0.0,5,0.0,3,0.0,0.0,1,46872.0,80,3,0.0,True,True,0.0,0.0,3,higherthwartbottle_quezhen,False
291597.4375,12,2,0.0782750858925283,4.0,0.0,5,0.20364786441585925,5,0.0,5,0.18424954481521408,0.44475314021110535,protected first-frame anchor for both z and d,0.0,1,False,10,0.2829461108981255,0.2829461108981255,0.2829461108981255,0.008993781418399864,True,"[224, 224]",291805.21875,12,2,0.0782750858925283,4.0,0.0,5,0.284171778234779,5,0.24496512756174066,5,0.2648946525723009,0.49611884355545044,protected first-frame anchor for both z and d,0.2552927835414692,1,True,10,0.2829461108981255,0.2829461108981255,0.2829461108981255,0.0,True,"[224, 224]",291543.21875,12,2,0.0782750858925283,4.0,0.0,5,0.0,5,0.0,5,0.0,0.47160935401916504,protected first-frame anchor for both z and d,0.0,1,,,False,10,0.2829461108981255,0.2829461108981255,0.2829461108981255,0.008993781418399864,True,"[224, 224]",293521.6875,12,2,0.0782750858925283,4.0,0.0,5,0.2793629104193829,5,0.12550107076742442,5,0.26022706198259205,0.536746621131897,protected first-frame anchor for both z and d,0.0,1,True,10,0.2829461108981255,0.2829461108981255,0.2829461108981255,0.0,True,"[224, 224]",292226.21875,12,2,0.0782750858925283,4.0,0.0,5,0.3087222846837403,5,0.13352369293442012,5,0.2876247781292512,0.5137694478034973,protected first-frame anchor for both z and d,0.0,1,True,10,0.2829461108981255,0.2876247781292512,0.2829461108981255,0.0,True,"[224, 224]",1142286.875,12,2,0.0782750858925283,8.0,0.0,5,0.15053436027759418,5,0.10731169806578439,5,0.10731169806578439,0.5399684906005859,protected first-frame anchor for both z and d,0.0,1,True,10,0.2829461108981255,0.2829461108981255,0.2829461108981255,0.0,True,"[224, 224]",/data/gb/outputs/abc_temporal_train_s44_20261003,True,0.0,0.0,740,0.008993781171739101,5,0.3000330874472749,5,0.25138684900171065,5,0.2829461108981255,9,0.2829461108981255,0.2829461108981255,1,291805.21875,81,5,0.2829461108981255,True,True,0.2829461108981255,0.008993781418399864,5,bike2trees86,True
168627.421875,12,2,0.0782750858925283,4.0,0.6031961788788714,5,0.6031961788788714,5,0.6031961788788714,5,0.6031961788788714,0.8212875127792358,protected first-frame anchor for both z and d,0.6031961788788714,1,True,10,0.6031961788788714,0.6031961788788714,0.6031961788788714,0.6031961788788714,True,"[224, 224]",168627.421875,12,2,0.0782750858925283,4.0,0.0,5,0.13511410936189217,5,0.11120133404360771,5,0.13511410936189217,0.4691605865955353,protected first-frame anchor for both z and d,0.11120133404360771,1,False,10,0.11697362670847337,0.13511410936189217,0.11697362670847337,0.0,True,"[224, 224]",167960.65625,12,2,0.0782750858925283,4.0,0.6426077547205724,5,0.6478975837357741,5,0.6426077547205724,5,0.6426077547205724,0.8094696402549744,protected first-frame anchor for both z and d,0.6426077547205724,1,,,True,10,0.6426077547205724,0.6426077547205724,0.6426077547205724,0.6426077547205724,True,"[224, 224]",169194.65625,12,2,0.0782750858925283,4.0,0.0,5,0.30430692757221284,5,0.2791419858254275,5,0.30430692757221284,0.4514458179473877,protected first-frame anchor for both z and d,0.2791419858254275,1,False,10,0.2791419858254275,0.30430692757221284,0.2791419858254275,0.0,True,"[224, 224]",168505.96875,12,2,0.0782750858925283,4.0,0.0,3,0.20220248350665998,5,0.19285360660074866,5,0.19285360660074866,0.4538591206073761,protected first-frame anchor for both z and d,0.19285360660074866,1,False,8,0.19285360660074866,0.19285360660074866,0.19285360660074866,0.0,True,"[224, 224]",676356.3125,12,2,0.0782750858925283,8.0,0.0,5,0.25524057866383776,5,0.0,5,0.2306027844943356,0.5152949094772339,protected first-frame anchor for both z and d,0.25524057866383776,1,True,10,0.11697362670847337,0.2306027844943356,0.25524057866383776,0.0,True,"[224, 224]",/data/gb/outputs/abc_temporal_train_s44_20261003,True,0.0,0.0,757,0.0,5,0.13725666495704889,5,0.11697362670847337,5,0.13725666495704889,5,0.11697362670847337,0.12425975463410757,1,168627.421875,140,5,0.11697362670847337,True,True,0.11697362670847337,0.0,5,2whitegirl,False
103684.0,12,2,0.08040644275024533,4.0,0.0,5,0.5503857651845258,5,0.043664525959612524,5,0.5421687200697005,0.4461473226547241,protected first-frame anchor for both z and d,0.5421687200697005,1,True,10,0.043664525959612524,0.5421687200697005,0.5421687200697005,0.0,True,"[224, 224]",103684.0,12,2,0.08040644275024533,4.0,0.0,5,0.956135187209229,5,0.9041309472010792,5,0.0,0.5417985320091248,protected first-frame anchor for both z and d,0.8872160958407617,1,True,10,0.9041309472010792,0.004441409736444219,0.8872160958407617,0.0,True,"[224, 224]",103684.0,12,2,0.08040644275024533,4.0,0.0,4,0.0,5,0.0,5,0.0,0.6109867691993713,protected first-frame anchor for both z and d,0.0,1,,,False,9,0.004441409736444219,0.004441409736444219,0.004441409736444219,0.0,True,"[224, 224]",103684.0,12,2,0.08040644275024533,4.0,0.0,5,0.9504879414581232,5,0.930360232248279,5,0.0,0.5309757590293884,protected first-frame anchor for both z and d,0.90811535586172,1,True,10,0.930360232248279,0.004441409736444219,0.90811535586172,0.0,True,"[224, 224]",103684.0,12,2,0.08040644275024533,4.0,0.8540042387892429,5,0.9288759051783377,5,0.9008746294049716,5,0.0,0.546022891998291,protected first-frame anchor for both z and d,0.8540042387892429,1,True,10,0.9008746294049716,0.004441409736444219,0.8540042387892429,0.0,True,"[224, 224]",411998.53125,12,2,0.08040644275024533,8.0,0.0,5,0.7771502701156326,5,0.7075168733547603,5,0.6749073473893978,0.5812053680419922,protected first-frame anchor for both z and d,0.0,1,True,10,0.7075168733547603,0.6749073473893978,0.004441409736444219,0.0,True,"[224, 224]",/data/gb/outputs/abc_temporal_train_s44_20261003,True,0.0,0.0,778,0.0,5,0.7157092702461997,5,0.45168163704495545,5,0.0,7,0.004441409736444219,0.004441409736444219,1,103684.0,182,5,0.0005469222826249021,True,True,0.004441409736444219,0.0,5,manatwhiteright,True
32435.19921875,12,2,0.08040644275024533,4.0,0.0,5,0.0,5,0.0,5,0.0,0.4411117136478424,protected first-frame anchor for both z and d,0.0,1,False,10,0.0,0.0,0.0,0.0,True,"[224, 224]",32513.546875,12,2,0.08040644275024533,4.0,0.0,5,0.0,5,0.0,5,0.0,0.7402911186218262,protected first-frame anchor for both z and d,0.0,1,False,10,0.0,0.0,0.0,0.0,True,"[224, 224]",32761.0,12,2,0.08040644275024533,4.0,0.0,5,0.0,5,0.0,5,0.0,0.5583003759384155,protected first-frame anchor for both z and d,0.0,1,,,False,10,0.0,0.0,0.0,0.0,True,"[224, 224]",32677.251953125,12,2,0.08040644275024533,4.0,0.0,5,0.0,5,0.0,5,0.0,0.720133364200592,protected first-frame anchor for both z and d,0.0,1,False,10,0.0,0.0,0.0,0.0,True,"[224, 224]",32637.921875,12,2,0.08040644275024533,4.0,0.0,5,0.0,5,0.0,5,0.0,0.7071657180786133,protected first-frame anchor for both z and d,0.0,1,False,10,0.0,0.0,0.0,0.0,True,"[224, 224]",131428.828125,12,2,0.08040644275024533,8.0,0.0,5,0.0,5,0.0,5,0.0,0.6404590010643005,protected first-frame anchor for both z and d,0.0,1,False,10,0.0,0.0,0.0,0.0,True,"[224, 224]",/data/gb/outputs/abc_temporal_train_s44_20261003,True,0.0,0.0,790,0.0,5,0.0,5,0.0,5,0.0,7,0.0,0.0,1,32513.546875,200,5,0.0,True,True,0.0,0.0,5,manfromcar302,False
154449.0,24,4,0.15418624877929688,4.0,0.0,5,0.0,5,0.0,5,0.0,0.44252049922943115,protected first-frame anchor for both z and d,0.0,1,False,10,0.0,0.0,0.0,0.0,True,"[224, 224]",153427.203125,24,4,0.15418624877929688,4.0,0.0,5,0.0,5,0.0,5,0.0,0.6428511142730713,protected first-frame anchor for both z and d,0.0,1,False,10,0.0,0.0,0.0,0.0,True,"[224, 224]",153663.96875,24,4,0.15418624877929688,4.0,0.0,5,0.0,5,0.0,5,0.0,0.4413568079471588,protected first-frame anchor for both z and d,0.0,1,,,False,10,0.0,0.0,0.0,0.0,True,"[224, 224]",152874.359375,24,4,0.15418624877929688,4.0,0.0,5,0.0,5,0.0,5,0.0,0.6320969462394714,protected first-frame anchor for both z and d,0.0,1,False,10,0.0,0.0,0.0,0.0,True,"[224, 224]",153892.984375,24,4,0.15418624877929688,4.0,0.0,5,0.0,5,0.0,5,0.0,0.6427410244941711,protected first-frame anchor for both z and d,0.0,1,False,10,0.0,0.0,0.0,0.0,True,"[224, 224]",611669.3125,24,4,0.15418624877929688,8.0,0.0,5,0.0,5,0.0,5,0.0,0.6733843684196472,protected first-frame anchor for both z and d,0.0,1,False,10,0.0,0.0,0.0,0.0,True,"[224, 224]",/data/gb/outputs/abc_temporal_train_s44_20261003,True,0.0,0.0,801,0.0,5,0.0,5,0.0,5,0.0,11,0.0,0.0,1,153427.203125,180,5,0.0,True,True,0.0,0.0,5,rightblkboy,False
44940.515625,24,4,0.15418624877929688,4.0,0.0,5,0.0,5,0.0,5,0.0,0.6349126100540161,protected first-frame anchor for both z and d,0.0,1,False,10,0.3840729856737454,0.3840729856737454,0.3840729856737454,0.002443811023562301,True,"[224, 224]",44639.16015625,24,4,0.15418624877929688,4.0,0.0,5,0.7336550983370246,5,0.43814631003898274,5,0.08643435617090656,0.7145487070083618,protected first-frame anchor for both z and d,0.0501773545646579,1,True,10,0.43814631003898274,0.3840729856737454,0.3840729856737454,0.0,True,"[224, 224]",44866.265625,24,4,0.15418624877929688,4.0,0.0,5,0.0,5,0.0,5,0.0,0.5089800357818604,protected first-frame anchor for both z and d,0.0,1,,,False,10,0.3840729856737454,0.3840729856737454,0.3840729856737454,0.002443811023562301,True,"[224, 224]",44882.7109375,24,4,0.15418624877929688,4.0,0.0,5,0.7305061682702052,5,0.5018278096153895,5,0.07856995259120576,0.7395612001419067,protected first-frame anchor for both z and d,0.05855273981085159,1,True,10,0.5018278096153895,0.3840729856737454,0.3840729856737454,0.0,True,"[224, 224]",44717.796875,24,4,0.15418624877929688,4.0,0.007217421840991695,4,0.6498574137733114,5,0.2203253654105909,5,0.11038323333408849,0.6849296689033508,protected first-frame anchor for both z and d,0.03702379775252975,1,True,9,0.3840729856737454,0.3840729856737454,0.3840729856737454,0.007217421840991695,True,"[224, 224]",178437.953125,24,4,0.15418624877929688,8.0,0.006527810600539011,5,0.5195296509936054,5,0.2640071201639287,5,0.2640071201639287,0.46468019485473633,protected first-frame anchor for both z and d,0.10097254200096807,1,True,10,0.3840729856737454,0.3840729856737454,0.3840729856737454,0.002443811023562301,True,"[224, 224]",/data/gb/outputs/abc_temporal_train_s44_20261003,True,0.0,0.0,803,0.002443810924887657,5,0.8840020474676072,5,0.5169969062645174,5,0.08959611517591669,9,0.3840729856737454,0.3840729856737454,1,44639.16015625,220,5,0.3840729856737454,True,True,0.3840729856737454,0.002443811023562301,5,girlsquattingbesidesleftbar,True
207048.640625,24,4,0.15418624877929688,4.0,0.0,5,0.5235821201181207,5,0.0041465090287525,5,0.3570537017272305,0.45106562972068787,protected first-frame anchor for both z and d,0.08445184612956491,1,True,8,0.10606796929472652,0.3570537017272305,0.10606796929472652,0.10606796929472652,True,"[224, 224]",207494.3125,24,4,0.15418624877929688,4.0,0.26315201792828014,5,0.7553365735497368,5,0.3937056272074689,5,0.5284136720753145,0.6126298904418945,protected first-frame anchor for both z and d,0.3721145867331269,1,True,8,0.3937056272074689,0.5284136720753145,0.3721145867331269,0.10606796929472652,True,"[224, 224]",207936.0,24,4,0.15418624877929688,4.0,0.3782220727963665,5,0.7566502150531257,5,0.4535791471911667,5,0.4676418070485628,0.4605960547924042,protected first-frame anchor for both z and d,0.3947448981690914,1,,,True,8,0.4535791471911667,0.4676418070485628,0.3947448981690914,0.10606796929472652,True,"[224, 224]",207936.0,24,4,0.15418624877929688,4.0,0.09022019822677622,5,0.35872588844280673,5,0.13011777944739764,5,0.35872588844280673,0.7246158719062805,protected first-frame anchor for both z and d,0.09022019822677622,1,True,8,0.13011777944739764,0.35872588844280673,0.10606796929472652,0.09022019822677622,True,"[224, 224]",207936.0,24,4,0.15418624877929688,4.0,0.07508077123369529,5,0.3104178802329835,5,0.110528095524913,5,0.22611535233561747,0.7359267473220825,protected first-frame anchor for both z and d,0.07508077123369529,1,True,8,0.110528095524913,0.22611535233561747,0.10606796929472652,0.07508077123369529,True,"[224, 224]",820372.75,24,4,0.15418624877929688,8.0,0.25330499961645997,5,0.42773737483988244,5,0.39920281039383626,5,0.4060906429846394,0.6167888641357422,protected first-frame anchor for both z and d,0.25330499961645997,1,True,8,0.39920281039383626,0.4060906429846394,0.25330499961645997,0.10606796929472652,True,"[224, 224]",/data/gb/outputs/abc_temporal_train_s44_20261003,True,0.0,0.0,824,0.1060679703950882,3,0.7902118506734401,5,0.3710639985290453,5,0.5225069158928924,3,0.10606796929472652,0.10606796929472652,1,207494.3125,174,3,0.10606796929472652,True,True,0.10606796929472652,0.10606796929472652,3,ab_hyalinepaperatground,True
79524.0,24,4,0.15418624877929688,4.0,0.0,5,0.009912669904026039,5,0.0,5,0.008857024809416528,0.47092288732528687,protected first-frame anchor for both z and d,0.0,1,False,10,0.0840231651833179,0.0840231651833179,0.0840231651833179,0.0840231651833179,True,"[224, 224]",79233.8515625,24,4,0.15418624877929688,4.0,0.051464164877541824,5,0.24119637118319684,5,0.051464164877541824,5,0.12918314955527535,0.5958635210990906,protected first-frame anchor for both z and d,0.051464164877541824,1,True,10,0.0840231651833179,0.12918314955527535,0.0840231651833179,0.0840231651833179,True,"[224, 224]",79448.4140625,24,4,0.15418624877929688,4.0,0.0,5,0.01551468548306736,5,0.0,5,0.01551468548306736,0.44061923027038574,protected first-frame anchor for both z and d,0.0,1,,,False,10,0.0840231651833179,0.0840231651833179,0.0840231651833179,0.0840231651833179,True,"[224, 224]",79042.6875,24,4,0.15418624877929688,4.0,0.17131198936517272,5,0.2791335360235373,5,0.17131198936517272,5,0.17131198936517272,0.5802509784698486,protected first-frame anchor for both z and d,0.17131198936517272,1,True,10,0.17131198936517272,0.17131198936517272,0.17131198936517272,0.0840231651833179,True,"[224, 224]",78760.6953125,24,4,0.15418624877929688,4.0,0.039748666050665814,5,0.2514697012110418,5,0.21047728629347912,5,0.060573821681114255,0.5812727808952332,protected first-frame anchor for both z and d,0.039748666050665814,1,True,10,0.21047728629347912,0.0840231651833179,0.0840231651833179,0.0840231651833179,True,"[224, 224]",314378.09375,24,4,0.15418624877929688,8.0,0.05650963274879843,5,0.10608453164495782,5,0.09196057995809322,5,0.05782258677881473,0.5804039239883423,protected first-frame anchor for both z and d,0.05650963274879843,1,True,10,0.09196057995809322,0.0840231651833179,0.0840231651833179,0.0840231651833179,True,"[224, 224]",/data/gb/outputs/abc_temporal_train_s44_20261003,True,0.0,0.0,825,0.08402316272258759,5,0.2594497508244279,5,0.25541584394066114,5,0.25541584394066114,9,0.0840231651833179,0.14688755118642707,1,79233.8515625,71,5,0.0840231651833179,True,True,0.0840231651833179,0.0840231651833179,5,belowrightwhiteboy,True
98910.0,6,1,0.04125166777521372,4.0,0.0,5,0.0,5,0.0,5,0.0,0.4410642981529236,protected first-frame anchor for both z and d,0.0,1,False,10,0.4232766429370471,0.4232766429370471,0.4232766429370471,0.0,True,"[224, 224]",98910.0,6,1,0.04125166777521372,4.0,0.0,5,0.45543902894378646,5,0.0,5,0.0,0.6151248216629028,protected first-frame anchor for both z and d,0.42720906185223945,1,True,10,0.4232766429370471,0.4232766429370471,0.42720906185223945,0.0,True,"[224, 224]",99225.0,6,1,0.04125166777521372,4.0,0.0,5,0.0,5,0.0,5,0.0,0.4697006940841675,protected first-frame anchor for both z and d,0.0,1,,,False,10,0.4232766429370471,0.4232766429370471,0.4232766429370471,0.0,True,"[224, 224]",99225.0,6,1,0.04125166777521372,4.0,0.0,5,0.0,5,0.0,5,0.0,0.6492823958396912,protected first-frame anchor for both z and d,0.0,1,False,10,0.4232766429370471,0.4232766429370471,0.4232766429370471,0.0,True,"[224, 224]",98910.0,6,1,0.04125166777521372,4.0,0.0,5,0.0,5,0.0,5,0.0,0.6880165934562683,protected first-frame anchor for both z and d,0.0,1,False,10,0.4232766429370471,0.4232766429370471,0.4232766429370471,0.0,True,"[224, 224]",391435.125,6,1,0.04125166777521372,8.0,0.0,5,0.08926925790820284,5,0.003215951961877051,5,0.003215951961877051,0.5355286002159119,protected first-frame anchor for both z and d,0.0,1,True,10,0.4232766429370471,0.4232766429370471,0.4232766429370471,0.0,True,"[224, 224]",/data/gb/outputs/abc_temporal_train_s44_20261003,True,0.0,0.0,837,0.0,5,0.4522613177993741,5,0.0,5,0.0,6,0.4232766429370471,0.4232766429370471,1,98910.0,52,5,0.4232766429370471,True,True,0.4232766429370471,0.0,5,higherthwartbottle_quezhen,True
36352.0,12,2,0.0745849609375,4.0,0.0,5,0.0,5,0.0,5,0.0,0.44092291593551636,protected first-frame anchor for both z and d,0.0,1,False,8,0.0,0.0,0.0,0.0,True,"[224, 224]",36644.5703125,12,2,0.0745849609375,4.0,0.0,3,0.0,5,0.0,5,0.0,0.8148346543312073,protected first-frame anchor for both z and d,0.0,1,False,6,0.0,0.0,0.0,0.0,True,"[224, 224]",36516.2265625,12,2,0.0745849609375,4.0,0.0,5,0.0,5,0.0,5,0.0,0.4408986270427704,protected first-frame anchor for both z and d,0.0,1,,,False,8,0.0,0.0,0.0,0.0,True,"[224, 224]",36578.96875,12,2,0.0745849609375,4.0,0.0,4,0.0,5,0.0,5,0.0,0.7888275980949402,protected first-frame anchor for both z and d,0.0,1,False,7,0.0,0.0,0.0,0.0,True,"[224, 224]",36611.9375,12,2,0.0745849609375,4.0,0.0,3,0.0,5,0.0,5,0.0,0.7995995879173279,protected first-frame anchor for both z and d,0.0,1,False,6,0.0,0.0,0.0,0.0,True,"[224, 224]",145957.8125,12,2,0.0745849609375,8.0,0.0,5,0.0,5,0.0,5,0.0,0.7292399406433105,protected first-frame anchor for both z and d,0.0,1,False,8,0.0,0.0,0.0,0.0,True,"[224, 224]",/data/gb/outputs/abc_temporal_train_s44_20261003,True,0.0,0.0,869,0.0,3,0.0,5,0.0,5,0.0,3,0.0,0.0,1,36644.5703125,35,3,0.0,True,True,0.0,0.0,3,ab_pingpongball3,False
89700.0,12,2,0.0745849609375,4.0,0.31727789766159015,5,0.32554148490510054,5,0.31727789766159015,5,0.31727789766159015,0.5547411441802979,protected first-frame anchor for both z and d,0.31727789766159015,1,True,8,0.31727789766159015,0.31727789766159015,0.31727789766159015,0.31727789766159015,True,"[224, 224]",89700.0,12,2,0.0745849609375,4.0,0.0,3,0.09779946516487024,5,0.0,5,0.08678601429297884,0.4836684465408325,protected first-frame anchor for both z and d,0.08412883719462795,1,False,6,0.08412883719462795,0.08678601429297884,0.08412883719462795,0.0,True,"[224, 224]",89700.0,12,2,0.0745849609375,4.0,0.29339640654470966,5,0.39138902152320165,5,0.3512616549013468,5,0.3512616549013468,0.5948244333267212,protected first-frame anchor for both z and d,0.29339640654470966,1,,,True,8,0.3512616549013468,0.3512616549013468,0.29339640654470966,0.29339640654470966,True,"[224, 224]",89700.0,12,2,0.0745849609375,4.0,0.0,2,0.0,5,0.0,5,0.0,0.4726216197013855,protected first-frame anchor for both z and d,0.0,1,False,5,0.08412883719462795,0.08412883719462795,0.08412883719462795,0.0,True,"[224, 224]",89700.0,12,2,0.0745849609375,4.0,0.0,2,0.0,5,0.0,5,0.0,0.5039709806442261,protected first-frame anchor for both z and d,0.0,1,False,5,0.08412883719462795,0.08412883719462795,0.08412883719462795,0.0,True,"[224, 224]",357620.6875,12,2,0.0745849609375,8.0,0.0,5,0.2242676113229573,5,0.2099309996236022,5,0.2099309996236022,0.4604528546333313,protected first-frame anchor for both z and d,0.2099309996236022,1,True,8,0.2099309996236022,0.2099309996236022,0.2099309996236022,0.0,True,"[224, 224]",/data/gb/outputs/abc_temporal_train_s44_20261003,True,0.0,0.0,872,0.0,3,0.09779946516487024,5,0.0,5,0.08688287622705443,3,0.08412883719462795,0.08412883719462795,1,89700.0,76,3,0.08412883719462795,True,True,0.08412883719462795,0.0,3,higherthwartbottle_quezhen,False
474490.96875,12,2,0.07784904493018985,4.0,0.0,5,0.2408933644761345,5,0.13110085946506092,5,0.06735740855219269,0.4433436691761017,protected first-frame anchor for both z and d,0.06735740855219269,1,True,10,0.19142018456547888,0.19142018456547888,0.19142018456547888,0.19142018456547888,True,"[224, 224]",473573.15625,12,2,0.07784904493018985,4.0,0.17531691335840907,5,0.67835295101023,5,0.512888441200346,5,0.512888441200346,0.7568755745887756,protected first-frame anchor for both z and d,0.17531691335840907,1,True,10,0.512888441200346,0.512888441200346,0.19142018456547888,0.19142018456547888,True,"[224, 224]",472372.59375,12,2,0.07784904493018985,4.0,0.0,5,0.6433791015797847,5,0.34887977550814475,5,0.6433791015797847,0.6596011519432068,protected first-frame anchor for both z and d,0.10329027212919473,1,,,True,10,0.34887977550814475,0.6433791015797847,0.19142018456547888,0.19142018456547888,True,"[224, 224]",475547.09375,12,2,0.07784904493018985,4.0,0.3755857052563815,5,0.8366563578252068,5,0.8366563578252068,5,0.8366563578252068,0.6728433966636658,protected first-frame anchor for both z and d,0.3755857052563815,1,True,10,0.8366563578252068,0.8366563578252068,0.3755857052563815,0.19142018456547888,True,"[224, 224]",474463.875,12,2,0.07784904493018985,4.0,0.09004771072434821,5,0.6674153709166305,5,0.6108594956527286,5,0.6282175706193868,0.6403812766075134,protected first-frame anchor for both z and d,0.09004771072434821,1,True,10,0.6108594956527286,0.6282175706193868,0.19142018456547888,0.19142018456547888,True,"[224, 224]",1891709.375,12,2,0.07784904493018985,8.0,0.3972142748115016,5,0.4738819360508036,5,0.3972142748115016,5,0.3972142748115016,0.5712642669677734,protected first-frame anchor for both z and d,0.3972142748115016,1,True,10,0.3972142748115016,0.3972142748115016,0.3972142748115016,0.19142018456547888,True,"[224, 224]",/data/gb/outputs/abc_temporal_train_s44_20261003,True,0.0,0.0,902,0.19142018258571625,5,0.6775804152859549,5,0.6775804152859549,5,0.5270075090664186,16,0.19142018456547888,0.19142018456547888,1,473573.15625,62,5,0.19142018456547888,True,True,0.19142018456547888,0.19142018456547888,5,greenrightblack,True
210222.3125,12,2,0.07784904493018985,4.0,0.0,5,0.0,5,0.0,5,0.0,0.7129677534103394,protected first-frame anchor for both z and d,0.0,1,False,10,0.499719222927977,0.499719222927977,0.499719222927977,0.0,True,"[224, 224]",210222.3125,12,2,0.07784904493018985,4.0,0.0,5,0.7475496850114464,5,0.0,5,0.4303451908334386,0.47876453399658203,protected first-frame anchor for both z and d,0.005003466213160746,1,True,10,0.499719222927977,0.499719222927977,0.499719222927977,0.0,True,"[224, 224]",210471.234375,12,2,0.07784904493018985,4.0,0.17287532525285684,2,0.48045209062821637,5,0.4280089613129784,5,0.36715577576315067,0.5497966408729553,protected first-frame anchor for both z and d,0.17287532525285684,1,,,True,7,0.499719222927977,0.499719222927977,0.499719222927977,0.17287532525285684,True,"[224, 224]",210740.09375,12,2,0.07784904493018985,4.0,0.0,5,0.658481493267841,5,0.0,5,0.0,0.4865666627883911,protected first-frame anchor for both z and d,0.49269481402525184,1,True,10,0.499719222927977,0.499719222927977,0.499719222927977,0.0,True,"[224, 224]",210181.09375,12,2,0.07784904493018985,4.0,0.0,5,0.7561907018034348,5,0.0,5,0.46868023037711104,0.492074579000473,protected first-frame anchor for both z and d,0.46868023037711104,1,True,10,0.499719222927977,0.499719222927977,0.499719222927977,0.0,True,"[224, 224]",838894.75,12,2,0.07784904493018985,8.0,0.0,5,0.2731908966894969,5,0.07897390820779299,5,0.09753481118291803,0.4747699797153473,protected first-frame anchor for both z and d,0.0,1,True,10,0.499719222927977,0.499719222927977,0.499719222927977,0.0,True,"[224, 224]",/data/gb/outputs/abc_temporal_train_s44_20261003,True,0.0,0.0,918,0.0,5,0.7211258470420819,5,0.0,5,0.0,7,0.499719222927977,0.499719222927977,1,210222.3125,224,5,0.499719222927977,True,True,0.499719222927977,0.0,5,greenboy,True
