budget_candidate_recalled_frames,c1_same_state_correct_frames,c1_same_state_failed_frames,candidate_evaluations,candidate_quality_squared_error_sum,changed_candidate_indices,correct_query_writes_prevented,extra_visual_forwards,failed_frames,failure_events,frames,known_active_template_frames,known_candidate_evaluations,known_paused_query_writes,known_template_updates,local_candidate_recalled_frames,local_missing_frames,mean_valid_iou,memory_rgb_target_read_known_mass,memory_rgb_target_read_wrong_mass,memory_rgb_target_write_known_mass,memory_rgb_target_write_wrong_mass,memory_tir_target_read_known_mass,memory_tir_target_read_wrong_mass,memory_tir_target_write_known_mass,memory_tir_target_write_wrong_mass,missing_correct_candidates_reintroduced,paused_query_writes,recovered_events,reintroduced_candidates_selected_correctly,requested_extra_area_sum_pixels_squared,requested_extra_searches,same_state_harms,same_state_iou_degradations,same_state_iou_improvements,same_state_rescues,searches_without_new_correct_candidate,selected_failed_frames,sequence,template_updates,tracking_frames,valid_changed_candidate_indices,valid_frames,valid_tracking_frames,variant,wrong_active_template_frames_localization_proxy,wrong_query_writes_prevented_localization_proxy,wrong_template_updates_localization_proxy
,,,,,,,,0,0,123,,,,,,,0.7029954154230007,,,,,,,,,,,0,,,,,,,,,,afterrain,,,,122,,baseline,,,
,,,,,,,,0,0,313,,,,,,,0.8381289985991728,,,,,,,,,,,0,,,,,,,,,,aftertree,,,,312,,baseline,,,
,,,,,,,,8,2,659,,,,,,,0.6693548022897362,,,,,,,,,,,2,,,,,,,,,,baby,,,,658,,baseline,,,
,,,,,,,,2,0,280,,,,,,,0.7521939533938521,,,,,,,,,,,0,,,,,,,,,,baginhand,,,,279,,baseline,,,
,,,,,,,,38,3,222,,,,,,,0.6824941341832398,,,,,,,,,,,3,,,,,,,,,,baketballwaliking,,,,221,,baseline,,,
,,,,,,,,22,1,225,,,,,,,0.7209338130440217,,,,,,,,,,,1,,,,,,,,,,balancebike,,,,224,,baseline,,,
,,,,,,,,0,0,75,,,,,,,0.7654404835390907,,,,,,,,,,,0,,,,,,,,,,basketball2,,,,74,,baseline,,,
,,,,,,,,0,0,282,,,,,,,0.8864641355713747,,,,,,,,,,,0,,,,,,,,,,bicyclecity,,,,281,,baseline,,,
,,,,,,,,0,0,333,,,,,,,0.8634316303965217,,,,,,,,,,,0,,,,,,,,,,bike,,,,332,,baseline,,,
,,,,,,,,0,0,177,,,,,,,0.7381337891791362,,,,,,,,,,,0,,,,,,,,,,bikeman,,,,176,,baseline,,,
,,,,,,,,0,0,175,,,,,,,0.7576531691059614,,,,,,,,,,,0,,,,,,,,,,bikemove1,,,,174,,baseline,,,
,,,,,,,,67,1,333,,,,,,,0.34065560828190905,,,,,,,,,,,0,,,,,,,,,,biketwo,,,,332,,baseline,,,
,,,,,,,,0,0,498,,,,,,,0.808648544396355,,,,,,,,,,,0,,,,,,,,,,blackwoman,,,,497,,baseline,,,
,,,,,,,,0,0,299,,,,,,,0.8656123510685836,,,,,,,,,,,0,,,,,,,,,,blueCar,,,,298,,baseline,,,
,,,,,,,,0,0,261,,,,,,,0.7795603794481646,,,,,,,,,,,0,,,,,,,,,,bluebike,,,,260,,baseline,,,
,,,,,,,,0,0,190,,,,,,,0.4202707373158042,,,,,,,,,,,0,,,,,,,,,,boundaryandfast,,,,189,,baseline,,,
,,,,,,,,0,0,89,,,,,,,0.8706142423871942,,,,,,,,,,,0,,,,,,,,,,bus6,,,,88,,baseline,,,
,,,,,,,,1,0,219,,,,,,,0.41721809143486766,,,,,,,,,,,0,,,,,,,,,,call,,,,218,,baseline,,,
,,,,,,,,0,0,415,,,,,,,0.8611159630052776,,,,,,,,,,,0,,,,,,,,,,car,,,,414,,baseline,,,
,,,,,,,,0,0,212,,,,,,,0.8639821759187738,,,,,,,,,,,0,,,,,,,,,,car10,,,,211,,baseline,,,
,,,,,,,,0,0,161,,,,,,,0.7513563269417834,,,,,,,,,,,0,,,,,,,,,,car20,,,,160,,baseline,,,
,,,,,,,,0,0,501,,,,,,,0.8669282297236891,,,,,,,,,,,0,,,,,,,,,,car3,,,,500,,baseline,,,
,,,,,,,,15,1,604,,,,,,,0.7474107956609717,,,,,,,,,,,1,,,,,,,,,,car37,,,,603,,baseline,,,
,,,,,,,,0,0,147,,,,,,,0.7922638786048287,,,,,,,,,,,0,,,,,,,,,,car4,,,,146,,baseline,,,
,,,,,,,,0,0,254,,,,,,,0.8491073992680533,,,,,,,,,,,0,,,,,,,,,,car41,,,,253,,baseline,,,
,,,,,,,,0,0,210,,,,,,,0.8533471210485978,,,,,,,,,,,0,,,,,,,,,,car66,,,,209,,baseline,,,
,,,,,,,,0,0,267,,,,,,,0.7577789938104641,,,,,,,,,,,0,,,,,,,,,,carLight,,,,266,,baseline,,,
,,,,,,,,27,1,230,,,,,,,0.7642983987179894,,,,,,,,,,,1,,,,,,,,,,caraftertree,,,,229,,baseline,,,
,,,,,,,,0,0,418,,,,,,,0.878931955412106,,,,,,,,,,,0,,,,,,,,,,carnotfar,,,,417,,baseline,,,
,,,,,,,,5,1,417,,,,,,,0.795219741368308,,,,,,,,,,,1,,,,,,,,,,carnotmove,,,,416,,baseline,,,
,,,,,,,,0,0,180,,,,,,,0.6674515107839118,,,,,,,,,,,0,,,,,,,,,,carred,,,,179,,baseline,,,
,,,,,,,,12,0,140,,,,,,,0.45471816917250213,,,,,,,,,,,0,,,,,,,,,,child,,,,139,,baseline,,,
,,,,,,,,174,2,319,,,,,,,0.34492941785012843,,,,,,,,,,,1,,,,,,,,,,child1,,,,318,,baseline,,,
,,,,,,,,278,4,621,,,,,,,0.38608662957820666,,,,,,,,,,,3,,,,,,,,,,child3,,,,620,,baseline,,,
,,,,,,,,114,1,524,,,,,,,0.6295750646594108,,,,,,,,,,,0,,,,,,,,,,child4,,,,523,,baseline,,,
,,,,,,,,227,1,239,,,,,,,0.024075908651160882,,,,,,,,,,,0,,,,,,,,,,children2,,,,238,,baseline,,,
,,,,,,,,20,1,136,,,,,,,0.5284752674972002,,,,,,,,,,,1,,,,,,,,,,children3,,,,135,,baseline,,,
,,,,,,,,7,0,103,,,,,,,0.4553829930129431,,,,,,,,,,,0,,,,,,,,,,children4,,,,102,,baseline,,,
,,,,,,,,0,0,768,,,,,,,0.6877088427772461,,,,,,,,,,,0,,,,,,,,,,crossroad,,,,767,,baseline,,,
,,,,,,,,17,1,1041,,,,,,,0.6650115876116635,,,,,,,,,,,1,,,,,,,,,,crouch,,,,1040,,baseline,,,
,,,,,,,,96,3,187,,,,,,,0.2947037822759816,,,,,,,,,,,3,,,,,,,,,,cycle1,,,,186,,baseline,,,
,,,,,,,,0,0,403,,,,,,,0.7135156249959106,,,,,,,,,,,0,,,,,,,,,,cycle2,,,,402,,baseline,,,
,,,,,,,,0,0,436,,,,,,,0.9041463576123149,,,,,,,,,,,0,,,,,,,,,,cycle3,,,,435,,baseline,,,
,,,,,,,,0,0,336,,,,,,,0.8255644238991747,,,,,,,,,,,0,,,,,,,,,,cycle4,,,,335,,baseline,,,
,,,,,,,,0,0,114,,,,,,,0.8729023021170587,,,,,,,,,,,0,,,,,,,,,,cycle5,,,,113,,baseline,,,
,,,,,,,,13,3,454,,,,,,,0.6547258295876314,,,,,,,,,,,3,,,,,,,,,,diamond,,,,453,,baseline,,,
,,,,,,,,1,0,45,,,,,,,0.7367321850533801,,,,,,,,,,,0,,,,,,,,,,dog,,,,44,,baseline,,,
,,,,,,,,208,1,983,,,,,,,0.6328073219811411,,,,,,,,,,,0,,,,,,,,,,dog1,,,,982,,baseline,,,
,,,,,,,,0,0,347,,,,,,,0.8362754825987434,,,,,,,,,,,0,,,,,,,,,,dog10,,,,346,,baseline,,,
,,,,,,,,5,1,87,,,,,,,0.6741846916203089,,,,,,,,,,,1,,,,,,,,,,dog11,,,,86,,baseline,,,
,,,,,,,,0,0,126,,,,,,,0.7477698143078868,,,,,,,,,,,0,,,,,,,,,,elecbike,,,,125,,baseline,,,
,,,,,,,,0,0,463,,,,,,,0.7204883619870022,,,,,,,,,,,0,,,,,,,,,,elecbike10,,,,462,,baseline,,,
,,,,,,,,122,3,582,,,,,,,0.5198866239766176,,,,,,,,,,,2,,,,,,,,,,elecbike2,,,,581,,baseline,,,
,,,,,,,,0,0,144,,,,,,,0.6079109296768634,,,,,,,,,,,0,,,,,,,,,,elecbike3,,,,143,,baseline,,,
,,,,,,,,0,0,211,,,,,,,0.8204207979924558,,,,,,,,,,,0,,,,,,,,,,elecbikechange2,,,,210,,baseline,,,
,,,,,,,,2,0,208,,,,,,,0.782910074113803,,,,,,,,,,,0,,,,,,,,,,elecbikeinfrontcar,,,,207,,baseline,,,
,,,,,,,,0,0,95,,,,,,,0.8867110024614189,,,,,,,,,,,0,,,,,,,,,,elecbikewithhat,,,,94,,baseline,,,
,,,,,,,,0,0,137,,,,,,,0.6143694425789515,,,,,,,,,,,0,,,,,,,,,,elecbikewithlight,,,,136,,baseline,,,
,,,,,,,,2,0,185,,,,,,,0.7987236643548996,,,,,,,,,,,0,,,,,,,,,,elecbikewithlight1,,,,184,,baseline,,,
,,,,,,,,115,1,1335,,,,,,,0.6319009030681171,,,,,,,,,,,1,,,,,,,,,,face1,,,,1334,,baseline,,,
,,,,,,,,1,0,128,,,,,,,0.7018147116141387,,,,,,,,,,,0,,,,,,,,,,floor-1,,,,127,,baseline,,,
,,,,,,,,78,5,596,,,,,,,0.5713920171289727,,,,,,,,,,,5,,,,,,,,,,flower1,,,,595,,baseline,,,
,,,,,,,,0,0,422,,,,,,,0.810909630411603,,,,,,,,,,,0,,,,,,,,,,flower2,,,,421,,baseline,,,
,,,,,,,,3,0,672,,,,,,,0.8390202755726816,,,,,,,,,,,0,,,,,,,,,,fog,,,,671,,baseline,,,
,,,,,,,,0,0,303,,,,,,,0.8480137876950832,,,,,,,,,,,0,,,,,,,,,,fog6,,,,302,,baseline,,,
,,,,,,,,95,2,453,,,,,,,0.5745267033927124,,,,,,,,,,,1,,,,,,,,,,glass,,,,452,,baseline,,,
,,,,,,,,0,0,266,,,,,,,0.7401989059550418,,,,,,,,,,,0,,,,,,,,,,glass2,,,,265,,baseline,,,
,,,,,,,,0,0,345,,,,,,,0.745261355268139,,,,,,,,,,,0,,,,,,,,,,graycar2,,,,344,,baseline,,,
,,,,,,,,0,0,491,,,,,,,0.8392192549413938,,,,,,,,,,,0,,,,,,,,,,green,,,,490,,baseline,,,
,,,,,,,,0,0,129,,,,,,,0.8592825071610655,,,,,,,,,,,0,,,,,,,,,,greentruck,,,,128,,baseline,,,
,,,,,,,,0,0,282,,,,,,,0.6955747860187914,,,,,,,,,,,0,,,,,,,,,,greyman,,,,281,,baseline,,,
,,,,,,,,0,0,154,,,,,,,0.7150569290179137,,,,,,,,,,,0,,,,,,,,,,greywoman,,,,153,,baseline,,,
,,,,,,,,4,0,441,,,,,,,0.792307454676385,,,,,,,,,,,0,,,,,,,,,,guidepost,,,,440,,baseline,,,
,,,,,,,,15,1,417,,,,,,,0.6780387749911263,,,,,,,,,,,1,,,,,,,,,,hotglass,,,,416,,baseline,,,
,,,,,,,,0,0,1080,,,,,,,0.817741471008185,,,,,,,,,,,0,,,,,,,,,,hotkettle,,,,1079,,baseline,,,
,,,,,,,,0,0,630,,,,,,,0.8399916961085384,,,,,,,,,,,0,,,,,,,,,,inglassandmobile,,,,629,,baseline,,,
,,,,,,,,0,0,444,,,,,,,0.7855603878245208,,,,,,,,,,,0,,,,,,,,,,jump,,,,443,,baseline,,,
,,,,,,,,81,3,1424,,,,,,,0.6968817900493703,,,,,,,,,,,3,,,,,,,,,,kettle,,,,1423,,baseline,,,
,,,,,,,,1450,1,1623,,,,,,,0.06862892301404604,,,,,,,,,,,0,,,,,,,,,,kite2,,,,1622,,baseline,,,
,,,,,,,,0,0,1400,,,,,,,0.7098421349151698,,,,,,,,,,,0,,,,,,,,,,kite4,,,,1399,,baseline,,,
,,,,,,,,0,0,733,,,,,,,0.825279686823379,,,,,,,,,,,0,,,,,,,,,,luggage,,,,732,,baseline,,,
,,,,,,,,0,0,746,,,,,,,0.7733134431276151,,,,,,,,,,,0,,,,,,,,,,man2,,,,745,,baseline,,,
,,,,,,,,17,2,329,,,,,,,0.768690125025639,,,,,,,,,,,2,,,,,,,,,,man22,,,,328,,baseline,,,
,,,,,,,,116,3,403,,,,,,,0.5180001345005147,,,,,,,,,,,2,,,,,,,,,,man23,,,,402,,baseline,,,
,,,,,,,,67,1,558,,,,,,,0.6591728945060714,,,,,,,,,,,1,,,,,,,,,,man24,,,,557,,baseline,,,
,,,,,,,,15,1,449,,,,,,,0.7423681347337693,,,,,,,,,,,1,,,,,,,,,,man26,,,,448,,baseline,,,
,,,,,,,,54,5,479,,,,,,,0.5624442743810817,,,,,,,,,,,5,,,,,,,,,,man28,,,,478,,baseline,,,
,,,,,,,,88,2,269,,,,,,,0.48606606501229077,,,,,,,,,,,2,,,,,,,,,,man29,,,,268,,baseline,,,
,,,,,,,,0,0,3627,,,,,,,0.8977733946179814,,,,,,,,,,,0,,,,,,,,,,man3,,,,3626,,baseline,,,
,,,,,,,,161,1,589,,,,,,,0.5918990860094284,,,,,,,,,,,0,,,,,,,,,,man4,,,,588,,baseline,,,
,,,,,,,,9,1,265,,,,,,,0.654597911384462,,,,,,,,,,,1,,,,,,,,,,man45,,,,264,,baseline,,,
,,,,,,,,0,0,598,,,,,,,0.8184992741226184,,,,,,,,,,,0,,,,,,,,,,man5,,,,597,,baseline,,,
,,,,,,,,0,0,552,,,,,,,0.7463865148972466,,,,,,,,,,,0,,,,,,,,,,man55,,,,551,,baseline,,,
,,,,,,,,0,0,393,,,,,,,0.6319664577633635,,,,,,,,,,,0,,,,,,,,,,man68,,,,392,,baseline,,,
,,,,,,,,0,0,120,,,,,,,0.6431638179815351,,,,,,,,,,,0,,,,,,,,,,man69,,,,119,,baseline,,,
,,,,,,,,2320,16,4140,,,,,,,0.3164367706393392,,,,,,,,,,,15,,,,,,,,,,man7,,,,4139,,baseline,,,
,,,,,,,,861,5,2584,,,,,,,0.46691032669594135,,,,,,,,,,,4,,,,,,,,,,man8,,,,2583,,baseline,,,
,,,,,,,,0,0,212,,,,,,,0.7783553873978079,,,,,,,,,,,0,,,,,,,,,,man88,,,,211,,baseline,,,
,,,,,,,,0,0,502,,,,,,,0.6829721569532506,,,,,,,,,,,0,,,,,,,,,,man9,,,,501,,baseline,,,
,,,,,,,,0,0,492,,,,,,,0.7236234198499033,,,,,,,,,,,0,,,,,,,,,,manafterrain,,,,491,,baseline,,,
,,,,,,,,115,1,117,,,,,,,0.0060541639053473826,,,,,,,,,,,0,,,,,,,,,,mancross,,,,116,,baseline,,,
,,,,,,,,17,1,222,,,,,,,0.729100835955345,,,,,,,,,,,1,,,,,,,,,,mancross1,,,,221,,baseline,,,
,,,,,,,,0,0,337,,,,,,,0.7446520719272098,,,,,,,,,,,0,,,,,,,,,,mancrossandup,,,,336,,baseline,,,
,,,,,,,,8,1,391,,,,,,,0.6888326562594681,,,,,,,,,,,1,,,,,,,,,,mandrivecar,,,,390,,baseline,,,
,,,,,,,,87,1,249,,,,,,,0.46524191369696777,,,,,,,,,,,1,,,,,,,,,,manfaraway,,,,248,,baseline,,,
,,,,,,,,0,0,177,,,,,,,0.7885294870128867,,,,,,,,,,,0,,,,,,,,,,maninblack,,,,176,,baseline,,,
,,,,,,,,52,4,419,,,,,,,0.6163414309352273,,,,,,,,,,,4,,,,,,,,,,maninglass,,,,418,,baseline,,,
,,,,,,,,0,0,126,,,,,,,0.6997044062962728,,,,,,,,,,,0,,,,,,,,,,maningreen2,,,,125,,baseline,,,
,,,,,,,,0,0,158,,,,,,,0.7116302570814368,,,,,,,,,,,0,,,,,,,,,,maninred,,,,157,,baseline,,,
,,,,,,,,0,0,339,,,,,,,0.780403793268321,,,,,,,,,,,0,,,,,,,,,,manlight,,,,338,,baseline,,,
,,,,,,,,3,1,77,,,,,,,0.7499078764706214,,,,,,,,,,,1,,,,,,,,,,manoccpart,,,,76,,baseline,,,
,,,,,,,,0,0,450,,,,,,,0.8479745093896256,,,,,,,,,,,0,,,,,,,,,,manonboundary,,,,449,,baseline,,,
,,,,,,,,13,1,249,,,,,,,0.7595203999836174,,,,,,,,,,,1,,,,,,,,,,manonelecbike,,,,248,,baseline,,,
,,,,,,,,0,0,99,,,,,,,0.9255005748493977,,,,,,,,,,,0,,,,,,,,,,manontricycle,,,,98,,baseline,,,
,,,,,,,,0,0,99,,,,,,,0.6515940360089715,,,,,,,,,,,0,,,,,,,,,,manout2,,,,98,,baseline,,,
,,,,,,,,0,0,334,,,,,,,0.5659966669675814,,,,,,,,,,,0,,,,,,,,,,manup,,,,333,,baseline,,,
,,,,,,,,0,0,387,,,,,,,0.7806601669438109,,,,,,,,,,,0,,,,,,,,,,manwithbag,,,,386,,baseline,,,
,,,,,,,,17,3,577,,,,,,,0.7950940333287095,,,,,,,,,,,3,,,,,,,,,,manwithbag4,,,,576,,baseline,,,
,,,,,,,,51,1,80,,,,,,,0.28542415603800686,,,,,,,,,,,0,,,,,,,,,,manwithbasketball,,,,79,,baseline,,,
,,,,,,,,0,0,984,,,,,,,0.5780534862422606,,,,,,,,,,,0,,,,,,,,,,manwithluggage,,,,983,,baseline,,,
,,,,,,,,0,0,504,,,,,,,0.8225607269032418,,,,,,,,,,,0,,,,,,,,,,manwithumbrella,,,,503,,baseline,,,
,,,,,,,,571,2,645,,,,,,,0.0694011416124868,,,,,,,,,,,1,,,,,,,,,,manypeople,,,,644,,baseline,,,
,,,,,,,,3,1,674,,,,,,,0.8089031997089774,,,,,,,,,,,1,,,,,,,,,,manypeople1,,,,673,,baseline,,,
,,,,,,,,0,0,453,,,,,,,0.8307786933300296,,,,,,,,,,,0,,,,,,,,,,manypeople2,,,,452,,baseline,,,
,,,,,,,,0,0,900,,,,,,,0.7641025830780146,,,,,,,,,,,0,,,,,,,,,,mobile,,,,899,,baseline,,,
,,,,,,,,5,1,68,,,,,,,0.7110938343648547,,,,,,,,,,,1,,,,,,,,,,night2,,,,67,,baseline,,,
,,,,,,,,0,0,199,,,,,,,0.8602894368737884,,,,,,,,,,,0,,,,,,,,,,nightcar,,,,198,,baseline,,,
,,,,,,,,18,1,160,,,,,,,0.7226158191369898,,,,,,,,,,,1,,,,,,,,,,nightrun,,,,159,,baseline,,,
,,,,,,,,11,2,286,,,,,,,0.6961017654077141,,,,,,,,,,,2,,,,,,,,,,nightthreepeople,,,,285,,baseline,,,
,,,,,,,,28,2,624,,,,,,,0.7664988948049472,,,,,,,,,,,2,,,,,,,,,,notmove,,,,623,,baseline,,,
,,,,,,,,0,0,454,,,,,,,0.6933235240941075,,,,,,,,,,,0,,,,,,,,,,oldman,,,,453,,baseline,,,
,,,,,,,,1,0,103,,,,,,,0.7546295117669474,,,,,,,,,,,0,,,,,,,,,,oldman2,,,,102,,baseline,,,
,,,,,,,,0,0,234,,,,,,,0.8283195618114885,,,,,,,,,,,0,,,,,,,,,,oldwoman,,,,233,,baseline,,,
,,,,,,,,0,0,920,,,,,,,0.8638622086867667,,,,,,,,,,,0,,,,,,,,,,orangeman1,,,,919,,baseline,,,
,,,,,,,,160,3,375,,,,,,,0.4201962262974044,,,,,,,,,,,2,,,,,,,,,,people,,,,374,,baseline,,,
,,,,,,,,110,3,1529,,,,,,,0.7078703032174319,,,,,,,,,,,3,,,,,,,,,,people1,,,,1528,,baseline,,,
,,,,,,,,1,0,926,,,,,,,0.6896031915375335,,,,,,,,,,,0,,,,,,,,,,people3,,,,925,,baseline,,,
,,,,,,,,0,0,1456,,,,,,,0.7395167690390838,,,,,,,,,,,0,,,,,,,,,,playsoccer,,,,1455,,baseline,,,
,,,,,,,,44,3,329,,,,,,,0.4815569083273163,,,,,,,,,,,2,,,,,,,,,,push,,,,328,,baseline,,,
,,,,,,,,0,0,1011,,,,,,,0.7195001016307774,,,,,,,,,,,0,,,,,,,,,,rainingwaliking,,,,1010,,baseline,,,
,,,,,,,,0,0,109,,,,,,,0.6800818663516515,,,,,,,,,,,0,,,,,,,,,,raningcar,,,,108,,baseline,,,
,,,,,,,,44,1,1390,,,,,,,0.7812765166160861,,,,,,,,,,,1,,,,,,,,,,redbag,,,,1389,,baseline,,,
,,,,,,,,0,0,218,,,,,,,0.8136168347599548,,,,,,,,,,,0,,,,,,,,,,redcar,,,,217,,baseline,,,
,,,,,,,,31,1,243,,,,,,,0.7685360717393325,,,,,,,,,,,1,,,,,,,,,,redcar2,,,,242,,baseline,,,
,,,,,,,,0,0,330,,,,,,,0.811292575400086,,,,,,,,,,,0,,,,,,,,,,redmanchange,,,,329,,baseline,,,
,,,,,,,,574,3,657,,,,,,,0.09141799380508914,,,,,,,,,,,2,,,,,,,,,,rmo,,,,656,,baseline,,,
,,,,,,,,72,3,298,,,,,,,0.500163218402491,,,,,,,,,,,2,,,,,,,,,,run,,,,297,,baseline,,,
,,,,,,,,6,1,85,,,,,,,0.7142154662800146,,,,,,,,,,,0,,,,,,,,,,run1,,,,84,,baseline,,,
,,,,,,,,5,1,207,,,,,,,0.6946933325945714,,,,,,,,,,,1,,,,,,,,,,run2,,,,206,,baseline,,,
,,,,,,,,69,4,916,,,,,,,0.7320547573913239,,,,,,,,,,,4,,,,,,,,,,scooter,,,,915,,baseline,,,
,,,,,,,,8,2,847,,,,,,,0.7173656412234872,,,,,,,,,,,2,,,,,,,,,,shake,,,,846,,baseline,,,
,,,,,,,,0,0,234,,,,,,,0.8430541376449352,,,,,,,,,,,0,,,,,,,,,,shoeslight,,,,233,,baseline,,,
,,,,,,,,0,0,488,,,,,,,0.8208062550786694,,,,,,,,,,,0,,,,,,,,,,single1,,,,487,,baseline,,,
,,,,,,,,0,0,325,,,,,,,0.7664053748318126,,,,,,,,,,,0,,,,,,,,,,single3,,,,324,,baseline,,,
,,,,,,,,24,2,1326,,,,,,,0.8127957971858901,,,,,,,,,,,2,,,,,,,,,,soccer,,,,1325,,baseline,,,
,,,,,,,,3,0,379,,,,,,,0.7758524750778066,,,,,,,,,,,0,,,,,,,,,,soccer2,,,,378,,baseline,,,
,,,,,,,,971,1,1168,,,,,,,0.18000957896299388,,,,,,,,,,,0,,,,,,,,,,soccerinhand,,,,1167,,baseline,,,
,,,,,,,,0,0,346,,,,,,,0.8046367492654859,,,,,,,,,,,0,,,,,,,,,,straw,,,,345,,baseline,,,
,,,,,,,,74,1,677,,,,,,,0.6743253589246591,,,,,,,,,,,1,,,,,,,,,,stroller,,,,676,,baseline,,,
,,,,,,,,0,0,230,,,,,,,0.7127159487236074,,,,,,,,,,,0,,,,,,,,,,supbus,,,,229,,baseline,,,
,,,,,,,,0,0,165,,,,,,,0.7077187209218694,,,,,,,,,,,0,,,,,,,,,,supbus2,,,,164,,baseline,,,
,,,,,,,,0,0,576,,,,,,,0.8417874663730492,,,,,,,,,,,0,,,,,,,,,,takeout,,,,575,,baseline,,,
,,,,,,,,2,0,171,,,,,,,0.7383582235118241,,,,,,,,,,,0,,,,,,,,,,tallman,,,,170,,baseline,,,
,,,,,,,,0,0,254,,,,,,,0.7745848192063559,,,,,,,,,,,0,,,,,,,,,,threeman,,,,253,,baseline,,,
,,,,,,,,24,2,429,,,,,,,0.7472607093011909,,,,,,,,,,,1,,,,,,,,,,threeman2,,,,428,,baseline,,,
,,,,,,,,1,0,593,,,,,,,0.8482876685994848,,,,,,,,,,,0,,,,,,,,,,threepeople,,,,592,,baseline,,,
,,,,,,,,26,2,229,,,,,,,0.6953427377899171,,,,,,,,,,,2,,,,,,,,,,threewoman2,,,,228,,baseline,,,
,,,,,,,,2,0,499,,,,,,,0.7971162024176154,,,,,,,,,,,0,,,,,,,,,,together,,,,498,,baseline,,,
,,,,,,,,28,1,1693,,,,,,,0.7976181235757877,,,,,,,,,,,0,,,,,,,,,,toy1,,,,1692,,baseline,,,
,,,,,,,,0,0,1125,,,,,,,0.7467196502139938,,,,,,,,,,,0,,,,,,,,,,toy3,,,,1124,,baseline,,,
,,,,,,,,0,0,990,,,,,,,0.7142777287963432,,,,,,,,,,,0,,,,,,,,,,toy4,,,,989,,baseline,,,
,,,,,,,,0,0,1258,,,,,,,0.8310787386326701,,,,,,,,,,,0,,,,,,,,,,tree2,,,,1257,,baseline,,,
,,,,,,,,282,2,1903,,,,,,,0.6784941695634112,,,,,,,,,,,1,,,,,,,,,,tree3,,,,1902,,baseline,,,
,,,,,,,,772,2,2106,,,,,,,0.5149067943256638,,,,,,,,,,,1,,,,,,,,,,tree5,,,,2105,,baseline,,,
,,,,,,,,0,0,218,,,,,,,0.8115145518997174,,,,,,,,,,,0,,,,,,,,,,trees,,,,217,,baseline,,,
,,,,,,,,0,0,225,,,,,,,0.8689716304749153,,,,,,,,,,,0,,,,,,,,,,tricycle,,,,224,,baseline,,,
,,,,,,,,0,0,321,,,,,,,0.8003404262562339,,,,,,,,,,,0,,,,,,,,,,tricycle1,,,,320,,baseline,,,
,,,,,,,,0,0,235,,,,,,,0.8587453792612341,,,,,,,,,,,0,,,,,,,,,,tricycle2,,,,234,,baseline,,,
,,,,,,,,0,0,469,,,,,,,0.7604307961008014,,,,,,,,,,,0,,,,,,,,,,tricycle6,,,,468,,baseline,,,
,,,,,,,,0,0,332,,,,,,,0.7804114673909169,,,,,,,,,,,0,,,,,,,,,,tricycle9,,,,331,,baseline,,,
,,,,,,,,0,0,295,,,,,,,0.7802130783619914,,,,,,,,,,,0,,,,,,,,,,tricyclefaraway,,,,294,,baseline,,,
,,,,,,,,0,0,613,,,,,,,0.8020498515808633,,,,,,,,,,,0,,,,,,,,,,tricycletwo,,,,612,,baseline,,,
,,,,,,,,0,0,84,,,,,,,0.8547664933213409,,,,,,,,,,,0,,,,,,,,,,twoelecbike,,,,83,,baseline,,,
,,,,,,,,4,0,238,,,,,,,0.7987235140551,,,,,,,,,,,0,,,,,,,,,,twoelecbike1,,,,237,,baseline,,,
,,,,,,,,0,0,1299,,,,,,,0.7148292503912729,,,,,,,,,,,0,,,,,,,,,,twoman,,,,1298,,baseline,,,
,,,,,,,,7,0,1001,,,,,,,0.7067391622923694,,,,,,,,,,,0,,,,,,,,,,twoman1,,,,1000,,baseline,,,
,,,,,,,,9,1,392,,,,,,,0.7437281818226922,,,,,,,,,,,0,,,,,,,,,,twoman2,,,,391,,baseline,,,
,,,,,,,,0,0,867,,,,,,,0.6318674102531506,,,,,,,,,,,0,,,,,,,,,,twoperson,,,,866,,baseline,,,
,,,,,,,,0,0,161,,,,,,,0.7187115001181382,,,,,,,,,,,0,,,,,,,,,,twowoman,,,,160,,baseline,,,
,,,,,,,,0,0,684,,,,,,,0.8166338907187575,,,,,,,,,,,0,,,,,,,,,,twowoman1,,,,683,,baseline,,,
,,,,,,,,59,1,379,,,,,,,0.6314612766484686,,,,,,,,,,,0,,,,,,,,,,walking40,,,,378,,baseline,,,
,,,,,,,,3,0,416,,,,,,,0.6761278574964236,,,,,,,,,,,0,,,,,,,,,,walking41,,,,415,,baseline,,,
,,,,,,,,1,0,106,,,,,,,0.7751495675639434,,,,,,,,,,,0,,,,,,,,,,walkingman,,,,105,,baseline,,,
,,,,,,,,414,3,648,,,,,,,0.30641348645656846,,,,,,,,,,,2,,,,,,,,,,walkingman1,,,,647,,baseline,,,
,,,,,,,,170,2,508,,,,,,,0.3470849263477959,,,,,,,,,,,1,,,,,,,,,,walkingman12,,,,507,,baseline,,,
,,,,,,,,308,2,569,,,,,,,0.290437617923348,,,,,,,,,,,1,,,,,,,,,,walkingman20,,,,568,,baseline,,,
,,,,,,,,160,1,502,,,,,,,0.5296879954080334,,,,,,,,,,,0,,,,,,,,,,walkingman41,,,,501,,baseline,,,
,,,,,,,,44,1,83,,,,,,,0.3239999324005814,,,,,,,,,,,0,,,,,,,,,,walkingmantiny,,,,82,,baseline,,,
,,,,,,,,37,1,426,,,,,,,0.7210707454221178,,,,,,,,,,,0,,,,,,,,,,walkingnight,,,,425,,baseline,,,
,,,,,,,,2,0,1433,,,,,,,0.7786836644220932,,,,,,,,,,,0,,,,,,,,,,walkingtogether,,,,1432,,baseline,,,
,,,,,,,,0,0,387,,,,,,,0.75659991357795,,,,,,,,,,,0,,,,,,,,,,walkingtogether1,,,,386,,baseline,,,
,,,,,,,,14,1,601,,,,,,,0.6852153558432122,,,,,,,,,,,1,,,,,,,,,,walkingtogetherright,,,,600,,baseline,,,
,,,,,,,,0,0,642,,,,,,,0.7904217848689209,,,,,,,,,,,0,,,,,,,,,,walkingwithbag1,,,,641,,baseline,,,
,,,,,,,,0,0,1277,,,,,,,0.7515903208756513,,,,,,,,,,,0,,,,,,,,,,walkingwithbag2,,,,1276,,baseline,,,
,,,,,,,,0,0,348,,,,,,,0.5828223348488439,,,,,,,,,,,0,,,,,,,,,,walkingwoman,,,,347,,baseline,,,
,,,,,,,,3,1,391,,,,,,,0.7485825871424502,,,,,,,,,,,1,,,,,,,,,,whitebag,,,,390,,baseline,,,
,,,,,,,,0,0,180,,,,,,,0.8747593745060278,,,,,,,,,,,0,,,,,,,,,,whitecar,,,,179,,baseline,,,
,,,,,,,,0,0,448,,,,,,,0.8670295370380299,,,,,,,,,,,0,,,,,,,,,,whitecar3,,,,447,,baseline,,,
,,,,,,,,10,1,148,,,,,,,0.7614888499392725,,,,,,,,,,,0,,,,,,,,,,whitecar4,,,,147,,baseline,,,
,,,,,,,,0,0,164,,,,,,,0.7118103592128151,,,,,,,,,,,0,,,,,,,,,,whitecarafterrain,,,,163,,baseline,,,
,,,,,,,,32,4,1143,,,,,,,0.7323315728437431,,,,,,,,,,,4,,,,,,,,,,whiteman1,,,,1142,,baseline,,,
,,,,,,,,0,0,578,,,,,,,0.5856836596668107,,,,,,,,,,,0,,,,,,,,,,whitesuv,,,,577,,baseline,,,
,,,,,,,,23,2,272,,,,,,,0.6879038221072743,,,,,,,,,,,1,,,,,,,,,,woamn46,,,,271,,baseline,,,
,,,,,,,,0,0,146,,,,,,,0.8121443640541591,,,,,,,,,,,0,,,,,,,,,,woamnwithbike,,,,145,,baseline,,,
,,,,,,,,0,0,138,,,,,,,0.8458807172735255,,,,,,,,,,,0,,,,,,,,,,woman,,,,137,,baseline,,,
,,,,,,,,4,0,1009,,,,,,,0.7834500586924221,,,,,,,,,,,0,,,,,,,,,,woman1,,,,1008,,baseline,,,
,,,,,,,,4,1,688,,,,,,,0.7728520943053017,,,,,,,,,,,1,,,,,,,,,,woman100,,,,687,,baseline,,,
,,,,,,,,0,0,288,,,,,,,0.7062294509194016,,,,,,,,,,,0,,,,,,,,,,woman2,,,,287,,baseline,,,
,,,,,,,,0,0,230,,,,,,,0.7735417079399742,,,,,,,,,,,0,,,,,,,,,,woman3,,,,229,,baseline,,,
,,,,,,,,1,0,424,,,,,,,0.5407641504750955,,,,,,,,,,,0,,,,,,,,,,woman4,,,,423,,baseline,,,
,,,,,,,,0,0,348,,,,,,,0.7579722188188184,,,,,,,,,,,0,,,,,,,,,,woman48,,,,347,,baseline,,,
,,,,,,,,0,0,77,,,,,,,0.7048839869467617,,,,,,,,,,,0,,,,,,,,,,woman6,,,,76,,baseline,,,
,,,,,,,,1,0,434,,,,,,,0.8420153263743841,,,,,,,,,,,0,,,,,,,,,,woman89,,,,433,,baseline,,,
,,,,,,,,0,0,94,,,,,,,0.7540073620687052,,,,,,,,,,,0,,,,,,,,,,woman96,,,,93,,baseline,,,
,,,,,,,,0,0,546,,,,,,,0.8541855757019241,,,,,,,,,,,0,,,,,,,,,,woman99,,,,545,,baseline,,,
,,,,,,,,0,0,602,,,,,,,0.8099011776231415,,,,,,,,,,,0,,,,,,,,,,womancross,,,,601,,baseline,,,
,,,,,,,,0,0,127,,,,,,,0.6970147325453042,,,,,,,,,,,0,,,,,,,,,,womanfaraway,,,,126,,baseline,,,
,,,,,,,,1,0,738,,,,,,,0.8209569052351444,,,,,,,,,,,0,,,,,,,,,,womaninblackwithbike,,,,737,,baseline,,,
,,,,,,,,0,0,578,,,,,,,0.7856162859717933,,,,,,,,,,,0,,,,,,,,,,womanleft,,,,577,,baseline,,,
,,,,,,,,1,0,112,,,,,,,0.7741475079978895,,,,,,,,,,,0,,,,,,,,,,womanpink,,,,111,,baseline,,,
,,,,,,,,0,0,102,,,,,,,0.7945733267585039,,,,,,,,,,,0,,,,,,,,,,womanred,,,,101,,baseline,,,
,,,,,,,,9,2,656,,,,,,,0.7240865747623106,,,,,,,,,,,2,,,,,,,,,,womanrun,,,,655,,baseline,,,
,,,,,,,,9,1,169,,,,,,,0.7008322631799883,,,,,,,,,,,1,,,,,,,,,,womanwithbag6,,,,168,,baseline,,,
,,,,,,,,0,0,597,,,,,,,0.8740354132783682,,,,,,,,,,,0,,,,,,,,,,yellowcar,,,,596,,baseline,,,
,,,,,,,,0,0,123,,,,,,,0.7029954154230007,,,,,,,,,,,0,,,,,,,,,,afterrain,,,,122,,c1,,,
,,,,,,,,0,0,313,,,,,,,0.8381289985991728,,,,,,,,,,,0,,,,,,,,,,aftertree,,,,312,,c1,,,
,,,,,,,,202,1,659,,,,,,,0.3810858631420184,,,,,,,,,,,0,,,,,,,,,,baby,,,,658,,c1,,,
,,,,,,,,2,0,280,,,,,,,0.7521939533938521,,,,,,,,,,,0,,,,,,,,,,baginhand,,,,279,,c1,,,
,,,,,,,,38,3,222,,,,,,,0.6824941341832398,,,,,,,,,,,3,,,,,,,,,,baketballwaliking,,,,221,,c1,,,
,,,,,,,,18,1,225,,,,,,,0.731527771621385,,,,,,,,,,,1,,,,,,,,,,balancebike,,,,224,,c1,,,
,,,,,,,,0,0,75,,,,,,,0.7654404835390907,,,,,,,,,,,0,,,,,,,,,,basketball2,,,,74,,c1,,,
,,,,,,,,0,0,282,,,,,,,0.8864641355713747,,,,,,,,,,,0,,,,,,,,,,bicyclecity,,,,281,,c1,,,
,,,,,,,,0,0,333,,,,,,,0.8634316303965217,,,,,,,,,,,0,,,,,,,,,,bike,,,,332,,c1,,,
,,,,,,,,0,0,177,,,,,,,0.7381337891791362,,,,,,,,,,,0,,,,,,,,,,bikeman,,,,176,,c1,,,
,,,,,,,,0,0,175,,,,,,,0.7576531691059614,,,,,,,,,,,0,,,,,,,,,,bikemove1,,,,174,,c1,,,
,,,,,,,,67,1,333,,,,,,,0.3422227881124609,,,,,,,,,,,0,,,,,,,,,,biketwo,,,,332,,c1,,,
,,,,,,,,0,0,498,,,,,,,0.808648544396355,,,,,,,,,,,0,,,,,,,,,,blackwoman,,,,497,,c1,,,
,,,,,,,,0,0,299,,,,,,,0.8656123510685836,,,,,,,,,,,0,,,,,,,,,,blueCar,,,,298,,c1,,,
,,,,,,,,0,0,261,,,,,,,0.7795603794481646,,,,,,,,,,,0,,,,,,,,,,bluebike,,,,260,,c1,,,
,,,,,,,,0,0,190,,,,,,,0.4202707373158042,,,,,,,,,,,0,,,,,,,,,,boundaryandfast,,,,189,,c1,,,
,,,,,,,,0,0,89,,,,,,,0.8706142423871942,,,,,,,,,,,0,,,,,,,,,,bus6,,,,88,,c1,,,
,,,,,,,,3,1,219,,,,,,,0.4123705331240271,,,,,,,,,,,0,,,,,,,,,,call,,,,218,,c1,,,
,,,,,,,,0,0,415,,,,,,,0.8611159630052776,,,,,,,,,,,0,,,,,,,,,,car,,,,414,,c1,,,
,,,,,,,,0,0,212,,,,,,,0.8639821759187738,,,,,,,,,,,0,,,,,,,,,,car10,,,,211,,c1,,,
,,,,,,,,0,0,161,,,,,,,0.7513563269417834,,,,,,,,,,,0,,,,,,,,,,car20,,,,160,,c1,,,
,,,,,,,,0,0,501,,,,,,,0.8669282297236891,,,,,,,,,,,0,,,,,,,,,,car3,,,,500,,c1,,,
,,,,,,,,16,1,604,,,,,,,0.7461185760191364,,,,,,,,,,,1,,,,,,,,,,car37,,,,603,,c1,,,
,,,,,,,,0,0,147,,,,,,,0.7922638786048287,,,,,,,,,,,0,,,,,,,,,,car4,,,,146,,c1,,,
,,,,,,,,0,0,254,,,,,,,0.8491073992680533,,,,,,,,,,,0,,,,,,,,,,car41,,,,253,,c1,,,
,,,,,,,,0,0,210,,,,,,,0.8533471210485978,,,,,,,,,,,0,,,,,,,,,,car66,,,,209,,c1,,,
,,,,,,,,0,0,267,,,,,,,0.7577789938104641,,,,,,,,,,,0,,,,,,,,,,carLight,,,,266,,c1,,,
,,,,,,,,27,1,230,,,,,,,0.7642983987179894,,,,,,,,,,,1,,,,,,,,,,caraftertree,,,,229,,c1,,,
,,,,,,,,0,0,418,,,,,,,0.878931955412106,,,,,,,,,,,0,,,,,,,,,,carnotfar,,,,417,,c1,,,
,,,,,,,,9,1,417,,,,,,,0.7904168654374844,,,,,,,,,,,1,,,,,,,,,,carnotmove,,,,416,,c1,,,
,,,,,,,,0,0,180,,,,,,,0.6674515107839118,,,,,,,,,,,0,,,,,,,,,,carred,,,,179,,c1,,,
,,,,,,,,17,1,140,,,,,,,0.44695706589339357,,,,,,,,,,,0,,,,,,,,,,child,,,,139,,c1,,,
,,,,,,,,171,2,319,,,,,,,0.3526370629862856,,,,,,,,,,,1,,,,,,,,,,child1,,,,318,,c1,,,
,,,,,,,,299,4,621,,,,,,,0.36414988668914156,,,,,,,,,,,3,,,,,,,,,,child3,,,,620,,c1,,,
,,,,,,,,114,1,524,,,,,,,0.6295750646594108,,,,,,,,,,,0,,,,,,,,,,child4,,,,523,,c1,,,
,,,,,,,,227,1,239,,,,,,,0.024009187396433537,,,,,,,,,,,0,,,,,,,,,,children2,,,,238,,c1,,,
,,,,,,,,37,1,136,,,,,,,0.4587666933285788,,,,,,,,,,,1,,,,,,,,,,children3,,,,135,,c1,,,
,,,,,,,,7,0,103,,,,,,,0.4553829930129431,,,,,,,,,,,0,,,,,,,,,,children4,,,,102,,c1,,,
,,,,,,,,0,0,768,,,,,,,0.6877088427772461,,,,,,,,,,,0,,,,,,,,,,crossroad,,,,767,,c1,,,
,,,,,,,,12,1,1041,,,,,,,0.6681688526820175,,,,,,,,,,,1,,,,,,,,,,crouch,,,,1040,,c1,,,
,,,,,,,,84,3,187,,,,,,,0.3411557032385431,,,,,,,,,,,3,,,,,,,,,,cycle1,,,,186,,c1,,,
,,,,,,,,0,0,403,,,,,,,0.7135156249959106,,,,,,,,,,,0,,,,,,,,,,cycle2,,,,402,,c1,,,
,,,,,,,,0,0,436,,,,,,,0.9041463576123149,,,,,,,,,,,0,,,,,,,,,,cycle3,,,,435,,c1,,,
,,,,,,,,0,0,336,,,,,,,0.8255644238991747,,,,,,,,,,,0,,,,,,,,,,cycle4,,,,335,,c1,,,
,,,,,,,,0,0,114,,,,,,,0.8729023021170587,,,,,,,,,,,0,,,,,,,,,,cycle5,,,,113,,c1,,,
,,,,,,,,13,3,454,,,,,,,0.6547258295876314,,,,,,,,,,,3,,,,,,,,,,diamond,,,,453,,c1,,,
,,,,,,,,1,0,45,,,,,,,0.7367321850533801,,,,,,,,,,,0,,,,,,,,,,dog,,,,44,,c1,,,
,,,,,,,,80,1,983,,,,,,,0.7170018606989028,,,,,,,,,,,0,,,,,,,,,,dog1,,,,982,,c1,,,
,,,,,,,,0,0,347,,,,,,,0.8362754825987434,,,,,,,,,,,0,,,,,,,,,,dog10,,,,346,,c1,,,
,,,,,,,,8,2,87,,,,,,,0.6555459206092097,,,,,,,,,,,2,,,,,,,,,,dog11,,,,86,,c1,,,
,,,,,,,,0,0,126,,,,,,,0.7477698143078868,,,,,,,,,,,0,,,,,,,,,,elecbike,,,,125,,c1,,,
,,,,,,,,0,0,463,,,,,,,0.7204883619870022,,,,,,,,,,,0,,,,,,,,,,elecbike10,,,,462,,c1,,,
,,,,,,,,164,3,582,,,,,,,0.47643632950292886,,,,,,,,,,,2,,,,,,,,,,elecbike2,,,,581,,c1,,,
,,,,,,,,0,0,144,,,,,,,0.6079109296768634,,,,,,,,,,,0,,,,,,,,,,elecbike3,,,,143,,c1,,,
,,,,,,,,0,0,211,,,,,,,0.8204207979924558,,,,,,,,,,,0,,,,,,,,,,elecbikechange2,,,,210,,c1,,,
,,,,,,,,2,0,208,,,,,,,0.782910074113803,,,,,,,,,,,0,,,,,,,,,,elecbikeinfrontcar,,,,207,,c1,,,
,,,,,,,,0,0,95,,,,,,,0.8867110024614189,,,,,,,,,,,0,,,,,,,,,,elecbikewithhat,,,,94,,c1,,,
,,,,,,,,0,0,137,,,,,,,0.6143694425789515,,,,,,,,,,,0,,,,,,,,,,elecbikewithlight,,,,136,,c1,,,
,,,,,,,,0,0,185,,,,,,,0.8065509807484131,,,,,,,,,,,0,,,,,,,,,,elecbikewithlight1,,,,184,,c1,,,
,,,,,,,,0,0,1335,,,,,,,0.7004183487047276,,,,,,,,,,,0,,,,,,,,,,face1,,,,1334,,c1,,,
,,,,,,,,0,0,128,,,,,,,0.7028781135238034,,,,,,,,,,,0,,,,,,,,,,floor-1,,,,127,,c1,,,
,,,,,,,,70,7,596,,,,,,,0.5786088216055316,,,,,,,,,,,7,,,,,,,,,,flower1,,,,595,,c1,,,
,,,,,,,,0,0,422,,,,,,,0.810909630411603,,,,,,,,,,,0,,,,,,,,,,flower2,,,,421,,c1,,,
,,,,,,,,3,0,672,,,,,,,0.8390202755726816,,,,,,,,,,,0,,,,,,,,,,fog,,,,671,,c1,,,
,,,,,,,,0,0,303,,,,,,,0.8480137876950832,,,,,,,,,,,0,,,,,,,,,,fog6,,,,302,,c1,,,
,,,,,,,,99,2,453,,,,,,,0.5684649193311071,,,,,,,,,,,1,,,,,,,,,,glass,,,,452,,c1,,,
,,,,,,,,0,0,266,,,,,,,0.7401989059550418,,,,,,,,,,,0,,,,,,,,,,glass2,,,,265,,c1,,,
,,,,,,,,0,0,345,,,,,,,0.745261355268139,,,,,,,,,,,0,,,,,,,,,,graycar2,,,,344,,c1,,,
,,,,,,,,0,0,491,,,,,,,0.8392192549413938,,,,,,,,,,,0,,,,,,,,,,green,,,,490,,c1,,,
,,,,,,,,0,0,129,,,,,,,0.8592825071610655,,,,,,,,,,,0,,,,,,,,,,greentruck,,,,128,,c1,,,
,,,,,,,,0,0,282,,,,,,,0.6955747860187914,,,,,,,,,,,0,,,,,,,,,,greyman,,,,281,,c1,,,
,,,,,,,,0,0,154,,,,,,,0.7150569290179137,,,,,,,,,,,0,,,,,,,,,,greywoman,,,,153,,c1,,,
,,,,,,,,4,0,441,,,,,,,0.792307454676385,,,,,,,,,,,0,,,,,,,,,,guidepost,,,,440,,c1,,,
,,,,,,,,19,1,417,,,,,,,0.671405231316622,,,,,,,,,,,1,,,,,,,,,,hotglass,,,,416,,c1,,,
,,,,,,,,0,0,1080,,,,,,,0.817741471008185,,,,,,,,,,,0,,,,,,,,,,hotkettle,,,,1079,,c1,,,
,,,,,,,,0,0,630,,,,,,,0.8399916961085384,,,,,,,,,,,0,,,,,,,,,,inglassandmobile,,,,629,,c1,,,
,,,,,,,,0,0,444,,,,,,,0.7855603878245208,,,,,,,,,,,0,,,,,,,,,,jump,,,,443,,c1,,,
,,,,,,,,80,3,1424,,,,,,,0.6974691683627022,,,,,,,,,,,3,,,,,,,,,,kettle,,,,1423,,c1,,,
,,,,,,,,1450,1,1623,,,,,,,0.06862892301404604,,,,,,,,,,,0,,,,,,,,,,kite2,,,,1622,,c1,,,
,,,,,,,,0,0,1400,,,,,,,0.7098421349151698,,,,,,,,,,,0,,,,,,,,,,kite4,,,,1399,,c1,,,
,,,,,,,,0,0,733,,,,,,,0.825279686823379,,,,,,,,,,,0,,,,,,,,,,luggage,,,,732,,c1,,,
,,,,,,,,0,0,746,,,,,,,0.7733134431276151,,,,,,,,,,,0,,,,,,,,,,man2,,,,745,,c1,,,
,,,,,,,,29,3,329,,,,,,,0.7399722195687726,,,,,,,,,,,3,,,,,,,,,,man22,,,,328,,c1,,,
,,,,,,,,115,3,403,,,,,,,0.5195836009860336,,,,,,,,,,,2,,,,,,,,,,man23,,,,402,,c1,,,
,,,,,,,,67,1,558,,,,,,,0.6591728945060714,,,,,,,,,,,1,,,,,,,,,,man24,,,,557,,c1,,,
,,,,,,,,12,1,449,,,,,,,0.7474476537397161,,,,,,,,,,,1,,,,,,,,,,man26,,,,448,,c1,,,
,,,,,,,,58,4,479,,,,,,,0.5562537403867944,,,,,,,,,,,4,,,,,,,,,,man28,,,,478,,c1,,,
,,,,,,,,88,2,269,,,,,,,0.48788847160434207,,,,,,,,,,,2,,,,,,,,,,man29,,,,268,,c1,,,
,,,,,,,,0,0,3627,,,,,,,0.8977733946179814,,,,,,,,,,,0,,,,,,,,,,man3,,,,3626,,c1,,,
,,,,,,,,163,2,589,,,,,,,0.5907743508280884,,,,,,,,,,,1,,,,,,,,,,man4,,,,588,,c1,,,
,,,,,,,,3,0,265,,,,,,,0.6695437464847042,,,,,,,,,,,0,,,,,,,,,,man45,,,,264,,c1,,,
,,,,,,,,0,0,598,,,,,,,0.8184992741226184,,,,,,,,,,,0,,,,,,,,,,man5,,,,597,,c1,,,
,,,,,,,,2,0,552,,,,,,,0.7440857651918741,,,,,,,,,,,0,,,,,,,,,,man55,,,,551,,c1,,,
,,,,,,,,0,0,393,,,,,,,0.6319664577633635,,,,,,,,,,,0,,,,,,,,,,man68,,,,392,,c1,,,
,,,,,,,,0,0,120,,,,,,,0.6431638179815351,,,,,,,,,,,0,,,,,,,,,,man69,,,,119,,c1,,,
,,,,,,,,1378,12,4140,,,,,,,0.5141930358125081,,,,,,,,,,,12,,,,,,,,,,man7,,,,4139,,c1,,,
,,,,,,,,585,4,2584,,,,,,,0.5327678003648779,,,,,,,,,,,3,,,,,,,,,,man8,,,,2583,,c1,,,
,,,,,,,,0,0,212,,,,,,,0.7783553873978079,,,,,,,,,,,0,,,,,,,,,,man88,,,,211,,c1,,,
,,,,,,,,0,0,502,,,,,,,0.6829721569532506,,,,,,,,,,,0,,,,,,,,,,man9,,,,501,,c1,,,
,,,,,,,,0,0,492,,,,,,,0.7236234198499033,,,,,,,,,,,0,,,,,,,,,,manafterrain,,,,491,,c1,,,
,,,,,,,,116,1,117,,,,,,,0.0,,,,,,,,,,,0,,,,,,,,,,mancross,,,,116,,c1,,,
,,,,,,,,17,1,222,,,,,,,0.729100835955345,,,,,,,,,,,1,,,,,,,,,,mancross1,,,,221,,c1,,,
,,,,,,,,0,0,337,,,,,,,0.7446520719272098,,,,,,,,,,,0,,,,,,,,,,mancrossandup,,,,336,,c1,,,
,,,,,,,,33,1,391,,,,,,,0.6579238910583166,,,,,,,,,,,1,,,,,,,,,,mandrivecar,,,,390,,c1,,,
,,,,,,,,170,1,249,,,,,,,0.2186770977744001,,,,,,,,,,,0,,,,,,,,,,manfaraway,,,,248,,c1,,,
,,,,,,,,0,0,177,,,,,,,0.7885294870128867,,,,,,,,,,,0,,,,,,,,,,maninblack,,,,176,,c1,,,
,,,,,,,,41,3,419,,,,,,,0.6393959333428343,,,,,,,,,,,3,,,,,,,,,,maninglass,,,,418,,c1,,,
,,,,,,,,0,0,126,,,,,,,0.6997044062962728,,,,,,,,,,,0,,,,,,,,,,maningreen2,,,,125,,c1,,,
,,,,,,,,0,0,158,,,,,,,0.7116302570814368,,,,,,,,,,,0,,,,,,,,,,maninred,,,,157,,c1,,,
,,,,,,,,0,0,339,,,,,,,0.780403793268321,,,,,,,,,,,0,,,,,,,,,,manlight,,,,338,,c1,,,
,,,,,,,,3,1,77,,,,,,,0.7499078764706214,,,,,,,,,,,1,,,,,,,,,,manoccpart,,,,76,,c1,,,
,,,,,,,,0,0,450,,,,,,,0.8479745093896256,,,,,,,,,,,0,,,,,,,,,,manonboundary,,,,449,,c1,,,
,,,,,,,,16,1,249,,,,,,,0.7511102022498234,,,,,,,,,,,1,,,,,,,,,,manonelecbike,,,,248,,c1,,,
,,,,,,,,0,0,99,,,,,,,0.9255005748493977,,,,,,,,,,,0,,,,,,,,,,manontricycle,,,,98,,c1,,,
,,,,,,,,0,0,99,,,,,,,0.6515940360089715,,,,,,,,,,,0,,,,,,,,,,manout2,,,,98,,c1,,,
,,,,,,,,0,0,334,,,,,,,0.5659966669675814,,,,,,,,,,,0,,,,,,,,,,manup,,,,333,,c1,,,
,,,,,,,,0,0,387,,,,,,,0.7806601669438109,,,,,,,,,,,0,,,,,,,,,,manwithbag,,,,386,,c1,,,
,,,,,,,,13,3,577,,,,,,,0.8004838080005808,,,,,,,,,,,3,,,,,,,,,,manwithbag4,,,,576,,c1,,,
,,,,,,,,3,1,80,,,,,,,0.7387693283760695,,,,,,,,,,,1,,,,,,,,,,manwithbasketball,,,,79,,c1,,,
,,,,,,,,0,0,984,,,,,,,0.5780534862422606,,,,,,,,,,,0,,,,,,,,,,manwithluggage,,,,983,,c1,,,
,,,,,,,,0,0,504,,,,,,,0.8225607269032418,,,,,,,,,,,0,,,,,,,,,,manwithumbrella,,,,503,,c1,,,
,,,,,,,,199,3,645,,,,,,,0.2364848782870252,,,,,,,,,,,2,,,,,,,,,,manypeople,,,,644,,c1,,,
,,,,,,,,3,1,674,,,,,,,0.8089031997089774,,,,,,,,,,,1,,,,,,,,,,manypeople1,,,,673,,c1,,,
,,,,,,,,0,0,453,,,,,,,0.8307786933300296,,,,,,,,,,,0,,,,,,,,,,manypeople2,,,,452,,c1,,,
,,,,,,,,0,0,900,,,,,,,0.7641025830780146,,,,,,,,,,,0,,,,,,,,,,mobile,,,,899,,c1,,,
,,,,,,,,5,1,68,,,,,,,0.7066511365109298,,,,,,,,,,,1,,,,,,,,,,night2,,,,67,,c1,,,
,,,,,,,,0,0,199,,,,,,,0.8602894368737884,,,,,,,,,,,0,,,,,,,,,,nightcar,,,,198,,c1,,,
,,,,,,,,19,1,160,,,,,,,0.7174703486487191,,,,,,,,,,,1,,,,,,,,,,nightrun,,,,159,,c1,,,
,,,,,,,,11,2,286,,,,,,,0.6961017654077141,,,,,,,,,,,2,,,,,,,,,,nightthreepeople,,,,285,,c1,,,
,,,,,,,,0,0,624,,,,,,,0.7933618490600705,,,,,,,,,,,0,,,,,,,,,,notmove,,,,623,,c1,,,
,,,,,,,,0,0,454,,,,,,,0.6933235240941075,,,,,,,,,,,0,,,,,,,,,,oldman,,,,453,,c1,,,
,,,,,,,,1,0,103,,,,,,,0.7546295117669474,,,,,,,,,,,0,,,,,,,,,,oldman2,,,,102,,c1,,,
,,,,,,,,68,1,234,,,,,,,0.601435909931947,,,,,,,,,,,0,,,,,,,,,,oldwoman,,,,233,,c1,,,
,,,,,,,,0,0,920,,,,,,,0.8638622086867667,,,,,,,,,,,0,,,,,,,,,,orangeman1,,,,919,,c1,,,
,,,,,,,,137,1,375,,,,,,,0.45915818629251254,,,,,,,,,,,0,,,,,,,,,,people,,,,374,,c1,,,
,,,,,,,,122,3,1529,,,,,,,0.702610617880199,,,,,,,,,,,3,,,,,,,,,,people1,,,,1528,,c1,,,
,,,,,,,,0,0,926,,,,,,,0.6903635499547518,,,,,,,,,,,0,,,,,,,,,,people3,,,,925,,c1,,,
,,,,,,,,0,0,1456,,,,,,,0.7395167690390838,,,,,,,,,,,0,,,,,,,,,,playsoccer,,,,1455,,c1,,,
,,,,,,,,42,3,329,,,,,,,0.48377144873011996,,,,,,,,,,,2,,,,,,,,,,push,,,,328,,c1,,,
,,,,,,,,0,0,1011,,,,,,,0.7195001016307774,,,,,,,,,,,0,,,,,,,,,,rainingwaliking,,,,1010,,c1,,,
,,,,,,,,0,0,109,,,,,,,0.6800818663516515,,,,,,,,,,,0,,,,,,,,,,raningcar,,,,108,,c1,,,
,,,,,,,,0,0,1390,,,,,,,0.8038880564656828,,,,,,,,,,,0,,,,,,,,,,redbag,,,,1389,,c1,,,
,,,,,,,,0,0,218,,,,,,,0.8136168347599548,,,,,,,,,,,0,,,,,,,,,,redcar,,,,217,,c1,,,
,,,,,,,,31,1,243,,,,,,,0.7685360717393325,,,,,,,,,,,1,,,,,,,,,,redcar2,,,,242,,c1,,,
,,,,,,,,0,0,330,,,,,,,0.811292575400086,,,,,,,,,,,0,,,,,,,,,,redmanchange,,,,329,,c1,,,
,,,,,,,,455,1,657,,,,,,,0.20248029579984378,,,,,,,,,,,0,,,,,,,,,,rmo,,,,656,,c1,,,
,,,,,,,,205,1,298,,,,,,,0.23942862472607981,,,,,,,,,,,0,,,,,,,,,,run,,,,297,,c1,,,
,,,,,,,,38,1,85,,,,,,,0.4327144128892665,,,,,,,,,,,0,,,,,,,,,,run1,,,,84,,c1,,,
,,,,,,,,2,0,207,,,,,,,0.7053583660682442,,,,,,,,,,,0,,,,,,,,,,run2,,,,206,,c1,,,
,,,,,,,,81,3,916,,,,,,,0.724831569289121,,,,,,,,,,,3,,,,,,,,,,scooter,,,,915,,c1,,,
,,,,,,,,9,2,847,,,,,,,0.7165207412442182,,,,,,,,,,,2,,,,,,,,,,shake,,,,846,,c1,,,
,,,,,,,,0,0,234,,,,,,,0.8430541376449352,,,,,,,,,,,0,,,,,,,,,,shoeslight,,,,233,,c1,,,
,,,,,,,,0,0,488,,,,,,,0.8208062550786694,,,,,,,,,,,0,,,,,,,,,,single1,,,,487,,c1,,,
,,,,,,,,0,0,325,,,,,,,0.7664053748318126,,,,,,,,,,,0,,,,,,,,,,single3,,,,324,,c1,,,
,,,,,,,,24,2,1326,,,,,,,0.8127957971858901,,,,,,,,,,,2,,,,,,,,,,soccer,,,,1325,,c1,,,
,,,,,,,,3,0,379,,,,,,,0.7758524750778066,,,,,,,,,,,0,,,,,,,,,,soccer2,,,,378,,c1,,,
,,,,,,,,971,1,1168,,,,,,,0.18000957896299388,,,,,,,,,,,0,,,,,,,,,,soccerinhand,,,,1167,,c1,,,
,,,,,,,,0,0,346,,,,,,,0.8046367492654859,,,,,,,,,,,0,,,,,,,,,,straw,,,,345,,c1,,,
,,,,,,,,74,1,677,,,,,,,0.6743253589246591,,,,,,,,,,,1,,,,,,,,,,stroller,,,,676,,c1,,,
,,,,,,,,0,0,230,,,,,,,0.7127159487236074,,,,,,,,,,,0,,,,,,,,,,supbus,,,,229,,c1,,,
,,,,,,,,0,0,165,,,,,,,0.7077187209218694,,,,,,,,,,,0,,,,,,,,,,supbus2,,,,164,,c1,,,
,,,,,,,,0,0,576,,,,,,,0.8417874663730492,,,,,,,,,,,0,,,,,,,,,,takeout,,,,575,,c1,,,
,,,,,,,,2,0,171,,,,,,,0.7369403771796602,,,,,,,,,,,0,,,,,,,,,,tallman,,,,170,,c1,,,
,,,,,,,,0,0,254,,,,,,,0.7745848192063559,,,,,,,,,,,0,,,,,,,,,,threeman,,,,253,,c1,,,
,,,,,,,,24,2,429,,,,,,,0.7472607093011909,,,,,,,,,,,1,,,,,,,,,,threeman2,,,,428,,c1,,,
,,,,,,,,1,0,593,,,,,,,0.8482876685994848,,,,,,,,,,,0,,,,,,,,,,threepeople,,,,592,,c1,,,
,,,,,,,,26,2,229,,,,,,,0.6953427377899171,,,,,,,,,,,2,,,,,,,,,,threewoman2,,,,228,,c1,,,
,,,,,,,,2,0,499,,,,,,,0.7971162024176154,,,,,,,,,,,0,,,,,,,,,,together,,,,498,,c1,,,
,,,,,,,,28,1,1693,,,,,,,0.7976181235757877,,,,,,,,,,,0,,,,,,,,,,toy1,,,,1692,,c1,,,
,,,,,,,,0,0,1125,,,,,,,0.7467196502139938,,,,,,,,,,,0,,,,,,,,,,toy3,,,,1124,,c1,,,
,,,,,,,,0,0,990,,,,,,,0.7142777287963432,,,,,,,,,,,0,,,,,,,,,,toy4,,,,989,,c1,,,
,,,,,,,,0,0,1258,,,,,,,0.8310787386326701,,,,,,,,,,,0,,,,,,,,,,tree2,,,,1257,,c1,,,
,,,,,,,,299,1,1903,,,,,,,0.6728072986294712,,,,,,,,,,,0,,,,,,,,,,tree3,,,,1902,,c1,,,
,,,,,,,,575,2,2106,,,,,,,0.5856948620590996,,,,,,,,,,,1,,,,,,,,,,tree5,,,,2105,,c1,,,
,,,,,,,,0,0,218,,,,,,,0.8115145518997174,,,,,,,,,,,0,,,,,,,,,,trees,,,,217,,c1,,,
,,,,,,,,0,0,225,,,,,,,0.8689716304749153,,,,,,,,,,,0,,,,,,,,,,tricycle,,,,224,,c1,,,
,,,,,,,,0,0,321,,,,,,,0.8003404262562339,,,,,,,,,,,0,,,,,,,,,,tricycle1,,,,320,,c1,,,
,,,,,,,,0,0,235,,,,,,,0.8587453792612341,,,,,,,,,,,0,,,,,,,,,,tricycle2,,,,234,,c1,,,
,,,,,,,,0,0,469,,,,,,,0.7604307961008014,,,,,,,,,,,0,,,,,,,,,,tricycle6,,,,468,,c1,,,
,,,,,,,,0,0,332,,,,,,,0.7804114673909169,,,,,,,,,,,0,,,,,,,,,,tricycle9,,,,331,,c1,,,
,,,,,,,,0,0,295,,,,,,,0.7802130783619914,,,,,,,,,,,0,,,,,,,,,,tricyclefaraway,,,,294,,c1,,,
,,,,,,,,0,0,613,,,,,,,0.8020498515808633,,,,,,,,,,,0,,,,,,,,,,tricycletwo,,,,612,,c1,,,
,,,,,,,,0,0,84,,,,,,,0.8547664933213409,,,,,,,,,,,0,,,,,,,,,,twoelecbike,,,,83,,c1,,,
,,,,,,,,11,1,238,,,,,,,0.7643852944470115,,,,,,,,,,,1,,,,,,,,,,twoelecbike1,,,,237,,c1,,,
,,,,,,,,0,0,1299,,,,,,,0.7148292503912729,,,,,,,,,,,0,,,,,,,,,,twoman,,,,1298,,c1,,,
,,,,,,,,7,0,1001,,,,,,,0.7068066686935605,,,,,,,,,,,0,,,,,,,,,,twoman1,,,,1000,,c1,,,
,,,,,,,,9,1,392,,,,,,,0.7437281818226922,,,,,,,,,,,0,,,,,,,,,,twoman2,,,,391,,c1,,,
,,,,,,,,0,0,867,,,,,,,0.6318674102531506,,,,,,,,,,,0,,,,,,,,,,twoperson,,,,866,,c1,,,
,,,,,,,,0,0,161,,,,,,,0.7187115001181382,,,,,,,,,,,0,,,,,,,,,,twowoman,,,,160,,c1,,,
,,,,,,,,0,0,684,,,,,,,0.8166338907187575,,,,,,,,,,,0,,,,,,,,,,twowoman1,,,,683,,c1,,,
,,,,,,,,73,1,379,,,,,,,0.6131129347110851,,,,,,,,,,,0,,,,,,,,,,walking40,,,,378,,c1,,,
,,,,,,,,3,0,416,,,,,,,0.6761278574964236,,,,,,,,,,,0,,,,,,,,,,walking41,,,,415,,c1,,,
,,,,,,,,1,0,106,,,,,,,0.7751495675639434,,,,,,,,,,,0,,,,,,,,,,walkingman,,,,105,,c1,,,
,,,,,,,,414,3,648,,,,,,,0.30641348645656846,,,,,,,,,,,2,,,,,,,,,,walkingman1,,,,647,,c1,,,
,,,,,,,,35,3,508,,,,,,,0.4724212055585589,,,,,,,,,,,3,,,,,,,,,,walkingman12,,,,507,,c1,,,
,,,,,,,,303,2,569,,,,,,,0.295235123599983,,,,,,,,,,,1,,,,,,,,,,walkingman20,,,,568,,c1,,,
,,,,,,,,157,1,502,,,,,,,0.5362627001123776,,,,,,,,,,,0,,,,,,,,,,walkingman41,,,,501,,c1,,,
,,,,,,,,44,1,83,,,,,,,0.3239999324005814,,,,,,,,,,,0,,,,,,,,,,walkingmantiny,,,,82,,c1,,,
,,,,,,,,8,1,426,,,,,,,0.7554333205236398,,,,,,,,,,,1,,,,,,,,,,walkingnight,,,,425,,c1,,,
,,,,,,,,1,0,1433,,,,,,,0.7792065630692647,,,,,,,,,,,0,,,,,,,,,,walkingtogether,,,,1432,,c1,,,
,,,,,,,,0,0,387,,,,,,,0.75659991357795,,,,,,,,,,,0,,,,,,,,,,walkingtogether1,,,,386,,c1,,,
,,,,,,,,18,2,601,,,,,,,0.6818899371140018,,,,,,,,,,,1,,,,,,,,,,walkingtogetherright,,,,600,,c1,,,
,,,,,,,,0,0,642,,,,,,,0.7904217848689209,,,,,,,,,,,0,,,,,,,,,,walkingwithbag1,,,,641,,c1,,,
,,,,,,,,0,0,1277,,,,,,,0.7515903208756513,,,,,,,,,,,0,,,,,,,,,,walkingwithbag2,,,,1276,,c1,,,
,,,,,,,,0,0,348,,,,,,,0.5828223348488439,,,,,,,,,,,0,,,,,,,,,,walkingwoman,,,,347,,c1,,,
,,,,,,,,3,1,391,,,,,,,0.7485825871424502,,,,,,,,,,,1,,,,,,,,,,whitebag,,,,390,,c1,,,
,,,,,,,,0,0,180,,,,,,,0.8747593745060278,,,,,,,,,,,0,,,,,,,,,,whitecar,,,,179,,c1,,,
,,,,,,,,0,0,448,,,,,,,0.8670295370380299,,,,,,,,,,,0,,,,,,,,,,whitecar3,,,,447,,c1,,,
,,,,,,,,10,1,148,,,,,,,0.7614888499392725,,,,,,,,,,,0,,,,,,,,,,whitecar4,,,,147,,c1,,,
,,,,,,,,0,0,164,,,,,,,0.7118103592128151,,,,,,,,,,,0,,,,,,,,,,whitecarafterrain,,,,163,,c1,,,
,,,,,,,,14,1,1143,,,,,,,0.743457141230273,,,,,,,,,,,1,,,,,,,,,,whiteman1,,,,1142,,c1,,,
,,,,,,,,0,0,578,,,,,,,0.5856836596668107,,,,,,,,,,,0,,,,,,,,,,whitesuv,,,,577,,c1,,,
,,,,,,,,20,1,272,,,,,,,0.696667482690525,,,,,,,,,,,1,,,,,,,,,,woamn46,,,,271,,c1,,,
,,,,,,,,0,0,146,,,,,,,0.8121443640541591,,,,,,,,,,,0,,,,,,,,,,woamnwithbike,,,,145,,c1,,,
,,,,,,,,0,0,138,,,,,,,0.8458807172735255,,,,,,,,,,,0,,,,,,,,,,woman,,,,137,,c1,,,
,,,,,,,,4,0,1009,,,,,,,0.7834500586924221,,,,,,,,,,,0,,,,,,,,,,woman1,,,,1008,,c1,,,
,,,,,,,,6,1,688,,,,,,,0.7706912435492875,,,,,,,,,,,1,,,,,,,,,,woman100,,,,687,,c1,,,
,,,,,,,,0,0,288,,,,,,,0.7062294509194016,,,,,,,,,,,0,,,,,,,,,,woman2,,,,287,,c1,,,
,,,,,,,,0,0,230,,,,,,,0.7735417079399742,,,,,,,,,,,0,,,,,,,,,,woman3,,,,229,,c1,,,
,,,,,,,,1,0,424,,,,,,,0.5407641504750955,,,,,,,,,,,0,,,,,,,,,,woman4,,,,423,,c1,,,
,,,,,,,,0,0,348,,,,,,,0.7579722188188184,,,,,,,,,,,0,,,,,,,,,,woman48,,,,347,,c1,,,
,,,,,,,,0,0,77,,,,,,,0.7048839869467617,,,,,,,,,,,0,,,,,,,,,,woman6,,,,76,,c1,,,
,,,,,,,,1,0,434,,,,,,,0.8420153263743841,,,,,,,,,,,0,,,,,,,,,,woman89,,,,433,,c1,,,
,,,,,,,,0,0,94,,,,,,,0.7540073620687052,,,,,,,,,,,0,,,,,,,,,,woman96,,,,93,,c1,,,
,,,,,,,,0,0,546,,,,,,,0.8541855757019241,,,,,,,,,,,0,,,,,,,,,,woman99,,,,545,,c1,,,
,,,,,,,,0,0,602,,,,,,,0.8099011776231415,,,,,,,,,,,0,,,,,,,,,,womancross,,,,601,,c1,,,
,,,,,,,,0,0,127,,,,,,,0.6970147325453042,,,,,,,,,,,0,,,,,,,,,,womanfaraway,,,,126,,c1,,,
,,,,,,,,1,0,738,,,,,,,0.8209569052351444,,,,,,,,,,,0,,,,,,,,,,womaninblackwithbike,,,,737,,c1,,,
,,,,,,,,0,0,578,,,,,,,0.7856162859717933,,,,,,,,,,,0,,,,,,,,,,womanleft,,,,577,,c1,,,
,,,,,,,,1,0,112,,,,,,,0.7741475079978895,,,,,,,,,,,0,,,,,,,,,,womanpink,,,,111,,c1,,,
,,,,,,,,0,0,102,,,,,,,0.7945733267585039,,,,,,,,,,,0,,,,,,,,,,womanred,,,,101,,c1,,,
,,,,,,,,2,0,656,,,,,,,0.730041586779048,,,,,,,,,,,0,,,,,,,,,,womanrun,,,,655,,c1,,,
,,,,,,,,9,1,169,,,,,,,0.7008322631799883,,,,,,,,,,,1,,,,,,,,,,womanwithbag6,,,,168,,c1,,,
,,,,,,,,0,0,597,,,,,,,0.8740354132783682,,,,,,,,,,,0,,,,,,,,,,yellowcar,,,,596,,c1,,,
122,122,0,559,1.9306210680726994,0,0,0,0,0,123,122,559,0,15,122,0,0.7029954154230007,122.00000256317092,0.0,8.552997350692749,0.0,121.99999990530812,0.0,8.542266726493835,0.0,0,0,0,0,0.0,0,0,0,0,0,0,0,afterrain,15,122,0,122,122,best_native_policy_complete,0,0,0
311,311,1,1508,2.81462189556359,1,0,0,2,0,313,312,1508,0,81,311,1,0.8341199681907913,311.9999980393427,0.0,46.28830307722092,0.0,312.0000014137826,0.0,46.13340735435486,0.0,0,0,0,0,0.0,0,1,1,0,0,0,2,aftertree,81,312,1,312,312,best_native_policy_complete,0,0,0
628,627,10,3178,25.679690694037397,5,0,0,10,2,659,658,3178,0,369,628,30,0.6671990361991603,658.0000062005458,0.0,210.71752458810806,0.0,658.0000018347055,0.0,210.11133819818497,0.0,0,0,2,0,0.0,0,0,2,1,1,0,10,baby,369,658,5,658,658,best_native_policy_complete,0,0,0
271,270,2,961,2.1062762295147834,1,0,0,2,0,280,279,961,0,33,271,8,0.7512509944433351,279.0000025763259,0.0,18.834878265857697,0.0,278.9999919356139,0.0,18.786964178085327,0.0,0,0,0,0,0.0,0,0,1,0,0,0,2,baginhand,33,279,1,279,279,best_native_policy_complete,0,0,0
183,183,38,984,29.98892643653988,0,0,0,38,3,222,221,984,0,2,183,38,0.6824941341832398,221.0,0.0,1.1410263776779175,0.0,221.00000091864985,0.0,1.1391283869743347,0.0,0,0,3,0,0.0,0,0,0,0,0,0,38,baketballwaliking,2,221,0,221,221,best_native_policy_complete,0,0,0
197,195,19,948,6.165615218598502,2,0,0,18,1,225,224,948,0,16,197,27,0.7310465906431973,224.000003750464,0.0,9.142487466335297,0.0,224.00000029766986,0.0,9.118154168128967,0.0,0,0,1,0,0.0,0,0,0,1,1,0,18,balancebike,16,224,2,224,224,best_native_policy_complete,0,0,0
74,74,0,353,1.769455790289745,0,0,0,0,0,75,74,353,0,0,74,0,0.7654404835390907,74.0,0.0,0.0,0.0,74.0,0.0,0.0,0.0,0,0,0,0,0.0,0,0,0,0,0,0,0,basketball2,0,74,0,74,74,best_native_policy_complete,0,0,0
281,281,0,1387,1.1016048465789292,0,0,0,0,0,282,281,1387,0,279,281,0,0.8864641355713747,281.000000320733,0.0,159.61464035511017,0.0,281.00000013001875,0.0,159.0167664885521,0.0,0,0,0,0,0.0,0,0,0,0,0,0,0,bicyclecity,279,281,0,281,281,best_native_policy_complete,0,0,0
332,332,0,1612,1.7248122174721003,0,0,0,0,0,333,332,1612,0,332,332,0,0.8634316303965217,331.9999999575825,0.0,189.73072803020477,0.0,331.9999989335057,7.9839492543571895,189.07522362470627,4.555159568786621,0,0,0,0,0.0,0,0,0,0,0,0,0,bike,332,332,0,332,332,best_native_policy_complete,0,0,0
176,176,0,873,3.536294677210452,0,0,0,0,0,177,176,873,0,0,176,0,0.7381337891791362,176.0,0.0,0.0,0.0,176.0,0.0,0.0,0.0,0,0,0,0,0.0,0,0,0,0,0,0,0,bikeman,0,176,0,176,176,best_native_policy_complete,0,0,0
174,174,0,800,1.6862190939603436,0,0,0,0,0,175,174,800,0,59,174,0,0.7576531691059614,174.00000176792003,0.0,33.72887134552002,0.0,173.99999857262506,0.0,33.63266956806183,0.0,0,0,0,0,0.0,0,0,0,0,0,0,0,bikemove1,59,174,0,174,174,best_native_policy_complete,0,0,0
68,68,59,1580,46.73671884704591,9,0,0,58,1,333,332,1580,0,10,68,264,0.3501716490852937,332.00001205494436,0.0,5.707866072654724,0.0,331.99999476180756,0.0,5.6940919160842896,0.0,0,0,0,0,0.0,0,0,4,5,0,0,58,biketwo,10,332,9,332,332,best_native_policy_complete,0,0,0
497,497,0,1844,6.0765240798369415,0,0,0,0,0,498,497,1844,0,0,497,0,0.808648544396355,497.0,0.0,0.0,0.0,497.0,0.0,0.0,0.0,0,0,0,0,0.0,0,0,0,0,0,0,0,blackwoman,0,497,0,497,497,best_native_policy_complete,0,0,0
298,298,0,1478,1.8793028967947216,0,0,0,0,0,299,298,1478,0,298,298,0,0.8656123510685836,297.9999994600154,0.0,170.46909421682358,0.0,298.0000002119912,0.0,169.86698991060257,0.0,0,0,0,0,0.0,0,0,0,0,0,0,0,blueCar,298,298,0,298,298,best_native_policy_complete,0,0,0
260,260,0,1288,6.577999590466969,0,0,0,0,0,261,260,1288,0,236,260,0,0.7795603794481646,260.0000022857682,0.0,135.00594848394394,0.0,259.9999973735249,0.0,134.49746996164322,0.0,0,0,0,0,0.0,0,0,0,0,0,0,0,bluebike,236,260,0,260,260,best_native_policy_complete,0,0,0
15,15,147,941,79.05679048472079,2,0,0,148,1,190,189,941,0,40,15,174,0.11631397353778178,189.00000103796862,100.50105990135407,22.859006524086,20.573832631111145,188.99999976182573,59.5925472243072,22.815388321876526,20.535865008831024,0,0,0,0,0.0,0,0,1,0,0,0,148,boundaryandfast,40,189,2,189,189,best_native_policy_complete,112,0,36
88,88,0,416,0.6446658437569958,0,0,0,0,0,89,88,416,0,88,88,0,0.8706142423871942,88.00000017799127,0.0,50.3670117855072,0.0,87.99999898108807,0.0,50.137052834033966,0.0,0,0,0,0,0.0,0,0,0,0,0,0,0,bus6,88,88,0,88,88,best_native_policy_complete,0,0,0
40,38,2,1053,25.51220203594289,1,0,0,1,0,219,218,1053,0,0,40,178,0.41721809143486766,218.0,0.0,0.0,0.0,218.0,0.0,0.0,0.0,0,0,0,0,0.0,0,0,0,1,1,0,1,call,0,218,1,218,218,best_native_policy_complete,0,0,0
414,414,0,2030,2.6528010679938445,0,0,0,0,0,415,414,2030,0,414,414,0,0.8611159630052776,414.00000043096003,0.0,236.90703165531158,0.0,414.00000126756163,0.0,236.15352720022202,0.0,0,0,0,0,0.0,0,0,0,0,0,0,0,car,414,414,0,414,414,best_native_policy_complete,0,0,0
211,211,0,1040,0.7861379617984359,0,0,0,0,0,212,211,1040,0,211,211,0,0.8639821759187738,210.99999895675901,0.0,120.44249486923218,0.0,210.9999998389576,0.0,120.28547894954681,0.0,0,0,0,0,0.0,0,0,0,0,0,0,0,car10,211,211,0,211,211,best_native_policy_complete,0,0,0
159,159,0,799,5.857064969631025,0,0,0,0,0,161,160,799,0,160,159,1,0.7513563269417834,159.9999998542579,0.0,91.52047920227051,0.0,159.99999899626008,0.0,91.29808408021927,0.0,0,0,0,0,0.0,0,0,0,0,0,0,0,car20,160,160,0,160,160,best_native_policy_complete,0,0,0
500,500,0,2323,2.156196292972957,0,0,0,0,0,501,500,2323,0,449,500,0,0.8669282297236891,499.9999976374038,0.0,256.83344835042953,0.0,499.9999964569944,0.0,255.81844902038574,0.0,0,0,0,0,0.0,0,0,0,0,0,0,0,car3,449,500,0,500,500,best_native_policy_complete,0,0,0
394,387,213,2904,41.239446050328034,20,0,0,212,1,604,603,2904,0,87,394,209,0.5057683364327206,602.9999927910116,0.0,49.68585616350174,0.0,602.9999916844,0.0,49.540957391262054,0.0,0,0,1,0,0.0,0,1,3,3,1,0,212,car37,87,603,20,603,603,best_native_policy_complete,0,0,0
146,146,0,719,4.221799188579665,0,0,0,0,0,147,146,719,0,146,146,0,0.7922638786048287,146.00000040968683,0.0,83.55672812461853,0.0,145.9999989093338,0.0,83.21521681547165,0.0,0,0,0,0,0.0,0,0,0,0,0,0,0,car4,146,146,0,146,146,best_native_policy_complete,0,0,0
253,253,0,1258,3.323052336202255,0,0,0,0,0,254,253,1258,0,253,253,0,0.8491073992680533,252.99999976048647,0.0,144.53788775205612,0.0,252.99999996057272,0.0,144.28388971090317,0.0,0,0,0,0,0.0,0,0,0,0,0,0,0,car41,253,253,0,253,253,best_native_policy_complete,0,0,0
209,209,0,1042,0.9781727605509397,0,0,0,0,0,210,209,1042,0,209,209,0,0.8533471210485978,209.00000056512167,0.0,119.58882039785385,0.0,209.00000024671525,0.0,119.23507523536682,0.0,0,0,0,0,0.0,0,0,0,0,0,0,0,car66,209,209,0,209,209,best_native_policy_complete,0,0,0
266,266,0,1330,4.792156685945628,0,0,0,0,0,267,266,1330,0,251,266,0,0.7577789938104641,266.00000177691027,0.0,143.426020860672,0.0,265.9999999990099,0.0,142.94021153450012,0.0,0,0,0,0,0.0,0,0,0,0,0,0,0,carLight,251,266,0,266,266,best_native_policy_complete,0,0,0
198,195,27,1124,21.290892978983912,0,0,0,27,1,230,229,1124,0,208,198,31,0.7642983987179894,228.9999998506125,28.891966599073225,119.05707585811615,10.295851290225983,229.00000022257416,23.888753887088786,118.75462591648102,10.277021169662476,0,0,1,0,0.0,0,0,0,0,0,0,27,caraftertree,208,229,0,229,229,best_native_policy_complete,34,0,18
417,417,0,2053,2.872532487111842,0,0,0,0,0,418,417,2053,0,417,417,0,0.878931955412106,417.0000005690661,0.0,238.4992761015892,0.0,416.9999993069579,0.0,237.5422579050064,0.0,0,0,0,0,0.0,0,0,0,0,0,0,0,carnotfar,417,417,0,417,417,best_native_policy_complete,0,0,0
407,400,9,1915,11.601613426682166,1,0,0,8,1,417,416,1915,0,0,407,9,0.7922177059492304,416.0,0.0,0.0,0.0,416.0,0.0,0.0,0.0,0,0,1,0,0.0,0,0,0,1,1,0,8,carnotmove,0,416,1,416,416,best_native_policy_complete,0,0,0
165,165,0,886,13.049125567915747,0,0,0,0,0,180,179,886,0,162,165,14,0.6674515107839118,178.99999940155007,0.0,92.56795942783356,0.0,179.00000103596233,1.5180706211030626,92.25153559446335,1.1388967037200928,0,0,0,0,0.0,0,0,0,0,0,0,0,carred,162,179,0,179,179,best_native_policy_complete,0,0,0
68,68,17,597,8.003360675150855,0,0,0,17,1,140,139,597,0,0,68,71,0.44695706589339357,139.0,0.0,0.0,0.0,139.0,0.0,0.0,0.0,0,0,0,0,0.0,0,0,0,0,0,0,17,child,0,139,0,139,139,best_native_policy_complete,0,0,0
199,135,173,1286,172.05558213666671,1,0,0,174,2,319,318,1286,0,177,199,119,0.34492941785012843,317.9999994286304,148.53038829112904,101.10218262672424,92.534796833992,317.9999992770967,153.5346029485383,100.9083663225174,92.35861152410507,0,0,1,0,0.0,0,1,1,0,0,0,174,child1,177,318,1,318,318,best_native_policy_complete,162,0,162
301,243,348,2943,155.34112846036,16,0,0,347,4,621,620,2943,0,0,301,319,0.3017892795981371,620.0,0.0,0.0,0.0,620.0,0.0,0.0,0.0,0,0,3,0,0.0,0,2,2,4,1,0,347,child3,0,620,16,620,620,best_native_policy_complete,0,0,0
474,407,114,2082,127.5343354460973,0,0,0,114,1,524,523,2082,0,340,474,49,0.6295750646594108,523.0000027668164,106.52455131426119,194.04168194532394,62.17259967327118,523.0000002342534,106.27300219252776,193.66160303354263,62.072853207588196,0,0,0,0,0.0,0,0,0,0,0,0,114,child4,340,523,0,523,523,best_native_policy_complete,109,0,109
21,6,220,1133,76.8352802092092,12,0,0,220,1,239,238,1133,0,0,21,217,0.03929688804583127,238.0,0.0,0.0,0.0,238.0,0.0,0.0,0.0,0,0,0,0,0.0,0,0,1,1,1,0,220,children2,0,238,12,238,238,best_native_policy_complete,0,0,0
87,72,56,587,24.786689991651667,8,0,0,58,3,136,135,587,0,0,87,48,0.38622612748508633,135.0,0.0,0.0,0.0,135.0,0.0,0.0,0.0,0,0,2,0,0.0,0,3,4,3,2,0,58,children3,0,135,8,135,135,best_native_policy_complete,0,0,0
27,27,26,466,10.944986923809683,5,0,0,27,1,103,102,466,0,2,27,75,0.37847132441297743,102.00000106679298,0.0,1.1400319933891296,0.0,101.99999901412917,0.0,1.1390165090560913,0.0,0,0,0,0,0.0,0,0,2,1,0,0,27,children4,2,102,5,102,102,best_native_policy_complete,0,0,0
766,766,0,3507,25.749370312745025,0,0,0,0,0,768,767,3507,0,513,766,1,0.6877088427772461,767.0000027572129,0.0,293.4150478839874,0.0,766.9999969025944,0.0,292.405109167099,0.0,0,0,0,0,0.0,0,0,0,0,0,0,0,crossroad,513,767,0,767,767,best_native_policy_complete,0,0,0
1009,1002,17,4801,47.359675411884226,2,0,0,17,1,1041,1040,4801,0,121,1009,31,0.6650115876116635,1040.0000225271854,0.0,69.16661334037781,0.0,1039.9999977747864,0.0,68.98275882005692,0.0,0,0,1,0,0.0,0,1,1,1,1,0,17,crouch,121,1040,2,1040,1040,best_native_policy_complete,0,0,0
153,73,97,892,42.758149275995,1,0,0,98,2,187,186,892,0,0,153,33,0.2923503138365111,186.0,0.0,0.0,0.0,186.0,0.0,0.0,0.0,0,0,2,0,0.0,0,1,1,0,0,0,98,cycle1,0,186,1,186,186,best_native_policy_complete,0,0,0
393,393,0,1778,11.971465251013921,0,0,0,0,0,403,402,1778,0,235,393,9,0.7135156249959106,402.000001409047,0.0,134.34172827005386,0.0,401.99999609444916,1.0025920983523953,134.02474159002304,0.5705317258834839,0,0,0,0,0.0,0,0,0,0,0,0,0,cycle2,235,402,0,402,402,best_native_policy_complete,0,0,0
435,435,0,1980,6.379610594268192,0,0,0,0,0,436,435,1980,0,433,435,0,0.9041463576123149,435.00000128307147,0.0,247.56156450510025,0.0,434.9999995675056,0.0,246.8023937344551,0.0,0,0,0,0,0.0,0,0,0,0,0,0,0,cycle3,433,435,0,435,435,best_native_policy_complete,0,0,0
335,335,0,1592,4.630336576035924,0,0,0,0,0,336,335,1592,0,283,335,0,0.8255644238991747,334.99999964609844,0.0,161.7490150332451,0.0,335.0000013246713,0.0,161.38137656450272,0.0,0,0,0,0,0.0,0,0,0,0,0,0,0,cycle4,283,335,0,335,335,best_native_policy_complete,0,0,0
112,112,0,519,0.38088855985618175,0,0,0,0,0,114,113,519,0,108,112,1,0.8729023021170587,112.9999995042809,0.0,61.73668473958969,0.0,113.00000068698574,0.0,61.58235275745392,0.0,0,0,0,0,0.0,0,0,0,0,0,0,0,cycle5,108,113,0,113,113,best_native_policy_complete,0,0,0
396,393,13,2037,13.061702288148622,0,0,0,13,3,454,453,2037,0,7,396,57,0.6547258295876314,452.9999973492075,0.0,3.9980358481407166,0.0,453.0000004052516,0.0,3.989143431186676,0.0,0,0,3,0,0.0,0,0,0,0,0,0,13,diamond,7,453,0,453,453,best_native_policy_complete,0,0,0
44,43,1,174,0.7627956539910183,1,0,0,0,0,45,44,174,0,0,44,0,0.743914683839844,44.0,0.0,0.0,0.0,44.0,0.0,0.0,0.0,0,0,0,0,0.0,0,0,0,1,1,0,0,dog,0,44,1,44,44,best_native_policy_complete,0,0,0
758,757,214,3748,102.48118555184757,13,0,0,215,1,983,982,3748,0,200,758,224,0.6307285264111433,981.9999971724034,0.0,114.25381970405579,0.0,982.0000020449438,0.0,113.96606105566025,0.0,0,0,0,0,0.0,0,0,1,0,0,0,215,dog1,200,982,13,982,982,best_native_policy_complete,0,0,0
346,346,0,1611,2.6281540958704332,0,0,0,0,0,347,346,1611,0,169,346,0,0.8362754825987434,345.9999941545611,0.0,96.60129082202911,0.0,346.00000161572626,0.0,96.30491375923157,0.0,0,0,0,0,0.0,0,0,0,0,0,0,0,dog10,169,346,0,346,346,best_native_policy_complete,0,0,0
79,75,8,338,7.102957431801036,3,0,0,7,2,87,86,338,0,0,79,7,0.6643350763973864,86.0,0.0,0.0,0.0,86.0,0.0,0.0,0.0,0,0,1,0,0.0,0,1,1,2,0,0,7,dog11,0,86,3,86,86,best_native_policy_complete,0,0,0
125,125,0,573,3.4826124257286732,0,0,0,0,0,126,125,573,0,104,125,0,0.7477698143078868,125.00000058829875,0.0,59.35938507318497,0.0,125.00000014749433,0.0,59.2375265955925,0.0,0,0,0,0,0.0,0,0,0,0,0,0,0,elecbike,104,125,0,125,125,best_native_policy_complete,0,0,0
438,435,4,2145,11.45224003073462,2,0,0,4,1,463,462,2145,0,122,438,24,0.7157044313175162,462.0000049550133,0.0,69.70099943876266,0.0,462.00000123233787,0.0,69.49173933267593,0.0,0,0,1,0,0.0,0,1,1,1,1,0,4,elecbike10,122,462,2,462,462,best_native_policy_complete,0,0,0
243,241,290,2663,85.56126635261796,16,0,0,290,3,582,581,2663,0,25,243,338,0.32527806353249683,580.9999998970679,21.509389344710616,14.255265414714813,14.255265414714813,580.9999999723099,21.53894595579575,14.243221998214722,14.243221998214722,0,0,2,0,0.0,0,1,2,1,0,0,290,elecbike2,25,581,16,581,581,best_native_policy_complete,24,0,25
135,135,0,699,12.672788473061235,0,0,0,0,0,144,143,699,0,24,135,8,0.6079109296768634,142.9999994369507,0.0,13.707381069660187,0.0,143.00000015942635,0.0,13.664592921733856,0.0,0,0,0,0,0.0,0,0,0,0,0,0,0,elecbike3,24,143,0,143,143,best_native_policy_complete,0,0,0
210,210,0,1005,2.6179018676262413,0,0,0,0,0,211,210,1005,0,207,210,0,0.8204207979924558,210.00000084143483,0.0,118.3292538523674,0.0,209.9999998815397,0.0,117.92235732078552,0.0,0,0,0,0,0.0,0,0,0,0,0,0,0,elecbikechange2,207,210,0,210,210,best_native_policy_complete,0,0,0
199,199,6,997,3.6945423021344865,6,0,0,7,1,208,207,997,0,144,199,8,0.7691955960416136,206.99999973164387,0.0,82.28940373659134,0.0,206.99999981255073,0.0,82.00318956375122,0.0,0,0,1,0,0.0,0,0,5,1,0,0,7,elecbikeinfrontcar,144,207,6,207,207,best_native_policy_complete,0,0,0
94,94,0,462,0.9041841665138607,0,0,0,0,0,95,94,462,0,94,94,0,0.8867110024614189,94.00000043688458,0.0,53.743574380874634,0.0,94.0000004260251,0.0,53.5380003452301,0.0,0,0,0,0,0.0,0,0,0,0,0,0,0,elecbikewithhat,94,94,0,94,94,best_native_policy_complete,0,0,0
136,136,0,611,10.55120925238058,0,0,0,0,0,137,136,611,0,120,136,0,0.6143694425789515,136.0000006146846,0.0,68.50661826133728,0.0,135.9999990772814,0.0,68.38921999931335,0.0,0,0,0,0,0.0,0,0,0,0,0,0,0,elecbikewithlight,120,136,0,136,136,best_native_policy_complete,0,0,0
184,184,0,903,1.4623689653067231,0,0,0,0,0,185,184,903,0,96,184,0,0.8065509807484131,184.00000101535915,0.0,54.877344608306885,0.0,183.99999978322592,0.0,54.68494898080826,0.0,0,0,0,0,0.0,0,0,0,0,0,0,0,elecbikewithlight1,96,184,0,184,184,best_native_policy_complete,0,0,0
1225,1112,117,6455,99.59764378021345,2,0,0,117,1,1335,1334,6455,0,107,1225,109,0.630636355016986,1334.0000392857787,0.0,61.11403924226761,0.0,1333.999990822949,0.0,61.03621804714203,0.0,0,0,1,0,0.0,0,1,1,1,1,0,117,face1,107,1334,2,1334,1334,best_native_policy_complete,0,0,0
114,114,11,612,4.056092840466124,6,0,0,12,1,128,127,612,0,0,114,13,0.6469471951532297,127.0,0.0,0.0,0.0,127.0,0.0,0.0,0.0,0,0,1,0,0.0,0,1,2,1,0,0,12,floor-1,0,127,6,127,127,best_native_policy_complete,0,0,0
485,463,69,2627,47.80947313341955,8,0,0,63,6,596,595,2627,0,3,485,110,0.5859904025010709,594.9999976336917,0.0,1.7149401903152466,0.0,595.0000063422169,0.0,1.7076706290245056,0.0,0,0,6,0,0.0,0,0,1,7,4,0,63,flower1,3,595,8,595,595,best_native_policy_complete,0,0,0
416,416,0,1880,1.9304032818368522,0,0,0,0,0,422,421,1880,0,362,416,5,0.810909630411603,421.0000002831255,0.0,207.05574053525925,0.0,421.0000001679929,0.0,206.08168524503708,0.0,0,0,0,0,0.0,0,0,0,0,0,0,0,flower2,362,421,0,421,421,best_native_policy_complete,0,0,0
668,666,3,3286,18.94923393612823,0,0,0,3,0,672,671,3286,0,211,668,3,0.8390202755726816,671.0000002230338,0.0,120.44565272331238,0.0,671.0000031056863,0.0,120.15651285648346,0.0,0,0,0,0,0.0,0,0,0,0,0,0,3,fog,211,671,0,671,671,best_native_policy_complete,0,0,0
302,302,0,1475,2.886968516814314,0,0,0,0,0,303,302,1475,0,302,302,0,0.8480137876950832,302.00000075404,0.0,172.62078994512558,0.0,301.9999993317498,0.0,171.9802661538124,0.0,0,0,0,0,0.0,0,0,0,0,0,0,0,fog6,302,302,0,302,302,best_native_policy_complete,0,0,0
343,342,99,2058,28.98270662891978,17,0,0,92,2,453,452,2058,0,231,343,109,0.5775113055630278,451.9999974701448,0.0,132.03075164556503,0.0,452.0000064277085,0.0,131.6356983780861,0.0,0,0,1,0,0.0,0,0,5,12,0,0,92,glass,231,452,17,452,452,best_native_policy_complete,0,0,0
264,264,0,912,3.4564559432015804,0,0,0,0,0,266,265,912,0,50,264,1,0.7401989059550418,264.9999969870598,0.0,28.60068553686142,0.0,265.0000045526356,0.0,28.466834545135498,0.0,0,0,0,0,0.0,0,0,0,0,0,0,0,glass2,50,265,0,265,265,best_native_policy_complete,0,0,0
337,337,0,1706,5.8735466246357815,0,0,0,0,0,345,344,1706,0,232,337,7,0.745261355268139,344.00000042365014,0.0,132.70150697231293,0.0,344.0000002767427,0.0,132.34527099132538,0.0,0,0,0,0,0.0,0,0,0,0,0,0,0,graycar2,232,344,0,344,344,best_native_policy_complete,0,0,0
490,490,0,2426,11.23687468227063,0,0,0,0,0,491,490,2426,0,490,490,0,0.8392192549413938,490.0000001796986,0.0,280.04284036159515,0.0,489.99999980107873,0.0,279.1810012459755,0.0,0,0,0,0,0.0,0,0,0,0,0,0,0,green,490,490,0,490,490,best_native_policy_complete,0,0,0
128,128,0,603,0.8454900477845932,0,0,0,0,0,129,128,603,0,128,128,0,0.8592825071610655,128.00000031729715,0.0,73.22683489322662,0.0,127.99999883618239,0.0,72.93740111589432,0.0,0,0,0,0,0.0,0,0,0,0,0,0,0,greentruck,128,128,0,128,128,best_native_policy_complete,0,0,0
250,250,0,1212,9.11559884210733,0,0,0,0,0,282,281,1212,0,121,250,31,0.6955747860187914,281.0000009566634,0.0,69.21076542139053,0.0,280.999998542415,0.0,68.9520760178566,0.0,0,0,0,0,0.0,0,0,0,0,0,0,0,greyman,121,281,0,281,281,best_native_policy_complete,0,0,0
153,153,0,734,5.164494027098902,0,0,0,0,0,154,153,734,0,120,153,0,0.7150569290179137,152.9999995365524,0.0,68.58365124464035,0.0,153.00000032673753,0.0,68.4210957288742,0.0,0,0,0,0,0.0,0,0,0,0,0,0,0,greywoman,120,153,0,153,153,best_native_policy_complete,0,0,0
421,421,4,2162,7.945322549844789,0,0,0,4,0,441,440,2162,0,209,421,19,0.792307454676385,440.00000157695473,0.0,119.20024991035461,0.0,439.99999944201505,0.0,118.99281114339828,0.0,0,0,0,0,0.0,0,0,0,0,0,0,4,guidepost,209,440,0,440,440,best_native_policy_complete,0,0,0
399,398,16,1500,5.50102217378962,6,0,0,14,1,417,416,1500,0,0,399,17,0.6782014523796888,416.0,0.0,0.0,0.0,416.0,0.0,0.0,0.0,0,0,1,0,0.0,0,0,2,2,1,0,14,hotglass,0,416,6,416,416,best_native_policy_complete,0,0,0
1079,1079,0,4687,12.22646390684708,0,0,0,0,0,1080,1079,4687,0,0,1079,0,0.817741471008185,1079.0,0.0,0.0,0.0,1079.0,0.0,0.0,0.0,0,0,0,0,0.0,0,0,0,0,0,0,0,hotkettle,0,1079,0,1079,1079,best_native_policy_complete,0,0,0
629,629,0,2887,3.6594823251533413,0,0,0,0,0,630,629,2887,0,618,629,0,0.8399916961085384,628.9999996331229,0.0,352.4755488038063,0.0,628.9999998423125,0.0,352.3406971693039,0.0,0,0,0,0,0.0,0,0,0,0,0,0,0,inglassandmobile,618,629,0,629,629,best_native_policy_complete,0,0,0
443,443,0,2079,8.113456802057854,0,0,0,0,0,444,443,2079,0,261,443,0,0.7855603878245208,442.99999838723073,0.0,149.3227415084839,0.0,442.9999945480598,0.0,148.74393290281296,0.0,0,0,0,0,0.0,0,0,0,0,0,0,0,jump,261,443,0,443,443,best_native_policy_complete,0,0,0
1269,1267,74,5091,50.04149479102989,6,0,0,71,2,1424,1423,5091,0,0,1269,154,0.7021557656392529,1423.0,0.0,0.0,0.0,1423.0,0.0,0.0,0.0,0,0,2,0,0.0,0,0,2,3,2,0,71,kettle,0,1423,6,1423,1423,best_native_policy_complete,0,0,0
1007,1007,206,7001,50.00133463743779,24,0,0,207,2,1623,1622,7001,0,0,1007,615,0.5048063334477736,1622.0,0.0,0.0,0.0,1622.0,0.0,0.0,0.0,0,0,1,0,0.0,0,1,3,2,0,0,207,kite2,0,1622,24,1622,1622,best_native_policy_complete,0,0,0
171,170,1213,4727,245.57449727622486,16,0,0,1214,1,1400,1399,4727,0,20,171,1228,0.09338371149146049,1399.0000190648616,0.0,11.410251319408417,0.0,1398.999957281697,0.0,11.403444230556488,0.0,0,0,1,0,0.0,0,1,1,1,0,0,1214,kite4,20,1399,16,1399,1399,best_native_policy_complete,0,0,0
732,732,0,3618,6.1904946486370465,0,0,0,0,0,733,732,3618,0,603,732,0,0.825279686823379,732.0000028671323,0.0,344.54187631607056,0.0,731.999999535498,0.0,343.55729752779007,0.0,0,0,0,0,0.0,0,0,0,0,0,0,0,luggage,603,732,0,732,732,best_native_policy_complete,0,0,0
745,745,0,3599,16.47538002401651,0,0,0,0,0,746,745,3599,0,745,745,0,0.7733134431276151,744.9999996205447,0.0,425.95448088645935,0.0,745.0000007445352,0.0,424.57397443056107,0.0,0,0,0,0,0.0,0,0,0,0,0,0,0,man2,745,745,0,745,745,best_native_policy_complete,0,0,0
322,302,26,1555,26.900472277073604,1,0,0,25,3,329,328,1555,0,154,322,6,0.7505788371648446,328.00000444749384,0.0,88.06383395195007,0.0,328.0000017818806,0.0,87.78506702184677,0.0,0,0,3,0,0.0,0,0,0,1,1,0,25,man22,154,328,1,328,328,best_native_policy_complete,0,0,0
259,243,116,1858,36.6061610419634,2,0,0,116,3,403,402,1858,0,94,259,143,0.5180001345005147,402.0000022067514,0.0,53.8096923828125,0.0,402.00000249434015,0.0,53.595758974552155,0.0,0,0,2,0,0.0,0,0,0,0,0,0,116,man23,94,402,2,402,402,best_native_policy_complete,0,0,0
489,468,67,2528,76.85106237805995,0,0,0,67,1,558,557,2528,0,451,489,68,0.6591728945060714,557.0000037581412,101.96493841807282,257.8652248978615,37.746051132678986,556.9999948197817,125.6340597375416,256.9801695346832,37.59964460134506,0,0,1,0,0.0,0,0,0,0,0,0,67,man24,451,557,0,557,557,best_native_policy_complete,66,0,66
424,418,24,1150,11.403446020261715,1,0,0,25,1,449,448,1150,0,370,424,24,0.7369151670137885,447.9999988075739,0.0,211.3101596236229,0.0,447.9999968351672,0.0,210.86494207382202,0.0,0,0,1,0,0.0,0,0,1,0,0,0,25,man26,370,448,1,448,448,best_native_policy_complete,0,0,0
294,274,129,2160,57.509755485033565,6,0,0,129,5,479,478,2160,0,0,294,184,0.4445717403828692,478.0,0.0,0.0,0.0,478.0,0.0,0.0,0.0,0,0,4,0,0.0,0,2,2,2,2,0,129,man28,0,478,6,478,478,best_native_policy_complete,0,0,0
149,138,82,1268,35.35227348436642,2,0,0,80,2,269,268,1268,0,106,149,119,0.502109195698953,267.99999851766086,0.0,60.58396273851395,0.0,267.9999981108239,0.0,60.40431535243988,0.0,0,0,2,0,0.0,0,0,0,2,1,0,80,man29,106,268,2,268,268,best_native_policy_complete,0,0,0
3620,3620,0,17962,131.65666690191617,0,2,0,0,0,3627,3626,17962,2,3498,3620,6,0.897767706020508,3625.999998842317,0.0,1999.9917722344398,0.0,3626.0000000001046,5.2052767598740335,1993.7838762402534,2.8469579815864563,0,2,0,0,0.0,0,0,0,0,0,0,0,man3,3498,3626,0,3626,3626,best_native_policy_complete,0,0,0
454,413,163,2483,149.89677094346808,1,0,0,162,2,589,588,2483,0,351,454,134,0.5922381908934516,587.999998458813,148.51569456637122,200.7685329914093,74.93097287416458,587.9999980194102,149.535593615197,199.9656119942665,72.9213736653328,0,0,1,0,0.0,0,0,0,1,1,0,162,man4,351,588,1,588,588,best_native_policy_complete,158,0,128
244,236,18,1167,19.847493343026304,3,0,0,19,2,265,264,1167,0,0,244,20,0.6265535029703835,264.0,0.0,0.0,0.0,264.0,0.0,0.0,0.0,0,0,1,0,0.0,0,1,2,1,1,0,19,man45,0,264,3,264,264,best_native_policy_complete,0,0,0
595,595,0,2767,6.04048862856852,0,0,0,0,0,598,597,2767,0,446,595,2,0.8184992741226184,597.0000018600371,0.0,254.9647001028061,0.0,597.0000032879594,0.0,254.0681984424591,0.0,0,0,0,0,0.0,0,0,0,0,0,0,0,man5,446,597,0,597,597,best_native_policy_complete,0,0,0
540,539,2,2261,9.5874225345488,0,0,0,2,0,552,551,2261,0,118,540,11,0.7440857651918741,550.9999923016753,0.0,67.41682040691376,0.0,550.9999971607069,0.0,67.20432770252228,0.0,0,0,0,0,0.0,0,0,0,0,0,0,2,man55,118,551,0,551,551,best_native_policy_complete,0,0,0
365,365,0,1923,21.684553947215846,0,0,0,0,0,393,392,1923,0,241,365,27,0.6319664577633635,391.9999996817851,0.0,137.7104417681694,0.0,391.9999999306961,0.0,137.27383732795715,0.0,0,0,0,0,0.0,0,0,0,0,0,0,0,man68,241,392,0,392,392,best_native_policy_complete,0,0,0
116,116,0,510,1.6308181405286963,0,0,0,0,0,120,119,510,0,0,116,3,0.6431638179815351,119.0,0.0,0.0,0.0,119.0,0.0,0.0,0.0,0,0,0,0,0.0,0,0,0,0,0,0,0,man69,0,119,0,119,119,best_native_policy_complete,0,0,0
2792,2469,1565,20217,1042.9899937832415,53,0,0,1566,15,4140,4139,20217,0,1930,2792,1347,0.48033586990192856,4139.000011006839,0.0,1103.156764626503,0.0,4139.00001479386,0.0,1099.4417448043823,0.0,0,0,15,0,0.0,0,20,22,21,20,0,1566,man7,1930,4139,53,4139,4139,best_native_policy_complete,0,0,0
1892,1869,601,12615,80.16871608308203,4,0,0,601,5,2584,2583,12615,0,0,1892,691,0.5278684770584177,2583.0,0.0,0.0,0.0,2583.0,0.0,0.0,0.0,0,0,4,0,0.0,0,2,2,2,0,0,601,man8,0,2583,4,2583,2583,best_native_policy_complete,0,0,0
211,211,0,1016,5.305165228839264,0,0,0,0,0,212,211,1016,0,209,211,0,0.7783553873978079,211.00000028407547,0.0,119.36750209331512,0.0,210.9999992154707,0.0,119.11833226680756,0.0,0,0,0,0,0.0,0,0,0,0,0,0,0,man88,209,211,0,211,211,best_native_policy_complete,0,0,0
436,436,0,2448,27.963499099455856,0,0,0,0,0,502,501,2448,0,361,436,65,0.6829721569532506,501.0000047450223,0.0,206.51445525884628,0.0,501.0000067632829,0.0,205.6576755642891,0.0,0,0,0,0,0.0,0,0,0,0,0,0,0,man9,361,501,0,501,501,best_native_policy_complete,0,0,0
484,484,0,2027,10.676471916179677,0,0,0,0,0,492,491,2027,0,0,484,7,0.7236234198499033,491.0,0.0,0.0,0.0,491.0,0.0,0.0,0.0,0,0,0,0,0.0,0,0,0,0,0,0,0,manafterrain,0,491,0,491,491,best_native_policy_complete,0,0,0
71,59,57,548,28.633745329383753,6,0,0,56,2,117,116,548,0,4,71,45,0.37038067513811546,115.99999806774869,0.0,2.2814605236053467,0.0,116.00000046997556,0.0,2.2774168252944946,0.0,0,0,2,0,0.0,0,1,1,2,2,0,56,mancross,4,116,6,116,116,best_native_policy_complete,0,0,0
198,195,24,1011,11.352025265094309,2,0,0,25,1,222,221,1011,0,99,198,23,0.7141031992329756,220.99999753384898,0.0,56.464204013347626,0.0,221.00000166621555,0.0,56.380580365657806,0.0,0,0,1,0,0.0,0,0,2,0,0,0,25,mancross1,99,221,2,221,221,best_native_policy_complete,0,0,0
326,326,0,1639,3.315989274894015,0,0,0,0,0,337,336,1639,0,167,326,10,0.7446520719272098,335.99999873919415,0.0,95.31042820215225,0.0,336.0000025646371,7.385769936377192,95.08788698911667,4.554971277713776,0,0,0,0,0.0,0,0,0,0,0,0,0,mancrossandup,167,336,0,336,336,best_native_policy_complete,0,0,0
336,331,13,1815,24.10316201547915,2,0,0,11,1,391,390,1815,0,169,336,54,0.6854427425319055,389.99999680812107,0.0,96.57237774133682,0.0,389.99999764642826,0.0,96.26413142681122,0.0,0,0,1,0,0.0,0,0,0,2,0,0,11,mandrivecar,169,390,2,390,390,best_native_policy_complete,0,0,0
123,123,124,1183,7.689257526121954,6,0,0,125,1,249,248,1183,0,0,123,125,0.3634927970298598,248.0,0.0,0.0,0.0,248.0,0.0,0.0,0.0,0,0,1,0,0.0,0,1,1,1,0,0,125,manfaraway,0,248,6,248,248,best_native_policy_complete,0,0,0
176,176,0,850,3.760145336399911,0,0,0,0,0,177,176,850,0,149,176,0,0.7885294870128867,176.00000038899506,0.0,85.15419083833694,0.0,176.00000019674715,0.0,84.92363095283508,0.0,0,0,0,0,0.0,0,0,0,0,0,0,0,maninblack,149,176,0,176,176,best_native_policy_complete,0,0,0
331,307,61,1556,42.83735155819102,2,0,0,61,3,419,418,1556,0,15,331,87,0.6013485444189555,418.00000799944974,0.0,8.567476093769073,0.0,417.99999958970125,0.0,8.539816737174988,0.0,0,0,3,0,0.0,0,0,1,1,0,0,61,maninglass,15,418,2,418,418,best_native_policy_complete,0,0,0
125,125,0,623,8.516694889476419,0,0,0,0,0,126,125,623,0,124,125,0,0.6997044062962728,124.99999982365517,0.0,70.88612473011017,0.0,125.00000047276112,0.0,70.69423824548721,0.0,0,0,0,0,0.0,0,0,0,0,0,0,0,maningreen2,124,125,0,125,125,best_native_policy_complete,0,0,0
157,157,0,745,2.4981142055600962,0,0,0,0,0,158,157,745,0,6,157,0,0.7116302570814368,157.00000244266218,0.0,3.4233426451683044,0.0,157.00000211708934,0.0,3.4167478680610657,0.0,0,0,0,0,0.0,0,0,0,0,0,0,0,maninred,6,157,0,157,157,best_native_policy_complete,0,0,0
338,338,0,1542,3.9206121647084977,0,0,0,0,0,339,338,1542,0,278,338,0,0.780403793268321,337.99999949881845,0.0,158.81222772598267,0.0,338.00000036753124,0.0,158.3156361579895,0.0,0,0,0,0,0.0,0,0,0,0,0,0,0,manlight,278,338,0,338,338,best_native_policy_complete,0,0,0
63,63,12,378,3.3515398714860702,2,0,0,13,1,77,76,378,0,0,63,13,0.6596170140040775,76.0,0.0,0.0,0.0,76.0,0.0,0.0,0.0,0,0,0,0,0.0,0,0,1,0,0,0,13,manoccpart,0,76,2,76,76,best_native_policy_complete,0,0,0
449,449,0,2206,3.5332188273937843,0,0,0,0,0,450,449,2206,0,275,449,0,0.8479745093896256,449.00000252350947,0.0,157.3049556016922,0.0,449.00000288171896,0.0,156.63277959823608,0.0,0,0,0,0,0.0,0,0,0,0,0,0,0,manonboundary,275,449,0,449,449,best_native_policy_complete,0,0,0
239,233,7,1122,6.041887110085758,1,0,0,6,1,249,248,1122,0,115,239,9,0.7736924646696409,247.9999998243222,0.0,65.75143349170685,0.0,248.00000183336135,0.0,65.50187265872955,0.0,0,0,1,0,0.0,0,0,0,1,1,0,6,manonelecbike,115,248,1,248,248,best_native_policy_complete,0,0,0
98,98,0,488,0.8082582829049496,0,0,0,0,0,99,98,488,0,98,98,0,0.9255005748493977,97.99999976452798,0.0,55.966741383075714,0.0,98.00000013901662,0.0,55.81112653017044,0.0,0,0,0,0,0.0,0,0,0,0,0,0,0,manontricycle,98,98,0,98,98,best_native_policy_complete,0,0,0
92,92,0,455,4.709484957440726,0,0,0,0,0,99,98,455,0,24,92,6,0.6515940360089715,97.99999991932205,0.0,13.732129395008087,0.0,98.00000008828896,0.0,13.695107758045197,0.0,0,0,0,0,0.0,0,0,0,0,0,0,0,manout2,24,98,0,98,98,best_native_policy_complete,0,0,0
252,252,0,1489,15.886216875363036,0,0,0,0,0,334,333,1489,0,0,252,81,0.5659966669675814,333.0,0.0,0.0,0.0,333.0,0.0,0.0,0.0,0,0,0,0,0.0,0,0,0,0,0,0,0,manup,0,333,0,333,333,best_native_policy_complete,0,0,0
386,386,0,1719,8.251253552531734,0,0,0,0,0,387,386,1719,0,383,386,0,0.7806601669438109,385.9999999269883,0.0,218.68917787075043,0.0,386.00000095081583,0.0,218.13729041814804,0.0,0,0,0,0,0.0,0,0,0,0,0,0,0,manwithbag,383,386,0,386,386,best_native_policy_complete,0,0,0
546,540,18,2581,12.07725606691848,3,0,0,19,3,577,576,2581,0,474,546,30,0.7935981241969342,576.0000006084051,0.0,270.6505438685417,0.0,576.0000012987516,0.0,269.9684897661209,0.0,0,0,3,0,0.0,0,1,2,1,1,0,19,manwithbag4,474,576,3,576,576,best_native_policy_complete,0,0,0
74,74,3,336,3.050900703080634,0,0,0,3,1,80,79,336,0,17,74,5,0.7387693283760695,78.99999976049088,0.0,9.709664583206177,0.0,78.99999892814559,0.0,9.679836392402649,0.0,0,0,1,0,0.0,0,0,0,0,0,0,3,manwithbasketball,17,79,0,79,79,best_native_policy_complete,0,0,0
757,757,0,4753,112.28784476813127,0,0,0,0,0,984,983,4753,0,943,757,226,0.5780534862422606,983.0000007092381,0.0,539.0574994683266,0.0,983.000000570056,0.0,537.0919276475906,0.0,0,0,0,0,0.0,0,0,0,0,0,0,0,manwithluggage,943,983,0,983,983,best_native_policy_complete,0,0,0
503,502,1,2485,9.662681719991895,2,0,0,1,0,504,503,2485,0,302,503,0,0.8214921014944206,502.99999890667453,0.0,172.57436394691467,0.0,502.9999978364882,0.0,172.02634370326996,0.0,0,0,0,0,0.0,0,1,1,1,1,0,1,manwithumbrella,302,503,2,503,503,best_native_policy_complete,0,0,0
59,48,581,3106,304.3259873064235,18,0,0,583,2,645,644,3106,0,91,59,585,0.05973847234210165,643.9999998014663,87.56382380060494,51.979200541973114,51.979200541973114,643.9999999098789,87.54919661349663,51.85208159685135,51.85208159685135,0,0,1,0,0.0,0,0,2,0,0,0,583,manypeople,91,644,18,644,644,best_native_policy_complete,90,0,91
641,641,3,3323,15.181575198645842,0,0,0,3,1,674,673,3323,0,546,641,32,0.8089031997089774,672.9999974425546,2.9494415053845926,312.35749477148056,1.7174895405769348,673.0000029164777,13.308272379504078,311.6799345612526,7.422920107841492,0,0,1,0,0.0,0,0,0,0,0,0,3,manypeople1,546,673,0,673,673,best_native_policy_complete,3,0,3
452,452,0,2053,2.2932846275362393,0,0,0,0,0,453,452,2053,0,452,452,0,0.8307786933300296,452.00000116975673,0.0,258.28888058662415,0.0,452.0000021289234,0.0,257.64797961711884,0.0,0,0,0,0,0.0,0,0,0,0,0,0,0,manypeople2,452,452,0,452,452,best_native_policy_complete,0,0,0
899,899,0,3975,9.636292552498965,0,0,0,0,0,900,899,3975,0,516,899,0,0.7641025830780146,899.0000025605042,0.0,294.5239233970642,0.0,899.000002654013,0.0,294.06857693195343,0.0,0,0,0,0,0.0,0,0,0,0,0,0,0,mobile,516,899,0,899,899,best_native_policy_complete,0,0,0
67,62,5,335,9.952417519520896,4,0,0,4,0,68,67,335,0,0,67,0,0.7262334591450978,67.0,0.0,0.0,0.0,67.0,0.0,0.0,0.0,0,0,0,0,0.0,0,1,1,3,2,0,4,night2,0,67,4,67,67,best_native_policy_complete,0,0,0
198,198,0,977,1.3855214884788296,0,0,0,0,0,199,198,977,0,198,198,0,0.8602894368737884,197.99999967922733,0.0,113.10406583547592,0.0,198.00000055580233,0.0,112.9191467165947,0.0,0,0,0,0,0.0,0,0,0,0,0,0,0,nightcar,198,198,0,198,198,best_native_policy_complete,0,0,0
147,141,17,719,9.011270244606997,1,0,0,16,1,160,159,719,0,0,147,12,0.733710860503052,159.0,0.0,0.0,0.0,159.0,0.0,0.0,0.0,0,0,1,0,0.0,0,0,0,1,1,0,16,nightrun,0,159,1,159,159,best_native_policy_complete,0,0,0
270,263,11,1145,8.292814582503155,0,0,0,11,2,286,285,1145,0,18,270,15,0.6961017654077141,284.9999998473348,0.0,10.255605340003967,0.0,284.9999999159693,0.0,10.25449812412262,0.0,0,0,2,0,0.0,0,0,0,0,0,0,11,nightthreepeople,18,285,0,285,285,best_native_policy_complete,0,0,0
602,573,49,2758,28.83066025273309,12,0,0,49,4,624,623,2758,0,17,602,21,0.7530576498850591,622.9999991416665,0.0,9.6914923787117,0.0,622.999998102053,0.0,9.681142091751099,0.0,0,0,4,0,0.0,0,3,4,4,4,0,49,notmove,17,623,12,623,623,best_native_policy_complete,0,0,0
386,386,0,2262,9.482178927824055,0,0,0,0,0,454,453,2262,0,6,386,67,0.6933235240941075,453.00000615551016,0.0,3.4191715121269226,0.0,452.99999819960374,0.0,3.4187455773353577,0.0,0,0,0,0,0.0,0,0,0,0,0,0,0,oldman,6,453,0,453,453,best_native_policy_complete,0,0,0
101,100,1,500,1.9097754211938733,1,0,0,0,0,103,102,500,0,0,101,1,0.7615593476916815,102.0,0.0,0.0,0.0,102.0,0.0,0.0,0.0,0,0,0,0,0.0,0,0,0,1,1,0,0,oldman2,0,102,1,102,102,best_native_policy_complete,0,0,0
231,230,1,1038,2.9383881277797514,1,0,0,0,0,234,233,1038,0,64,231,2,0.8283195618114885,232.99999790547093,0.0,36.549206614494324,0.0,232.99999859216865,0.0,36.481545984745026,0.0,0,0,0,0,0.0,0,0,0,1,1,0,0,oldwoman,64,233,1,233,233,best_native_policy_complete,0,0,0
919,919,0,4553,1.746543287631991,0,0,0,0,0,920,919,4553,0,858,919,0,0.8638622086867667,919.0000017603655,0.0,490.6119436621666,0.0,918.999999804769,0.0,489.16489112377167,0.0,0,0,0,0,0.0,0,0,0,0,0,0,0,orangeman1,858,919,0,919,919,best_native_policy_complete,0,0,0
252,215,126,1831,62.255451706702154,13,0,0,127,3,375,374,1831,0,57,252,122,0.46776781687781716,373.9999941407141,0.0,32.561109840869904,0.0,374.0000002548036,0.0,32.47216874361038,0.0,0,0,2,0,0.0,0,2,4,2,2,0,127,people,57,374,13,374,374,best_native_policy_complete,0,0,0
1459,1412,112,7202,105.22062460553141,14,0,0,108,4,1529,1528,7202,0,888,1459,69,0.7089517847441159,1528.0000036468987,0.0,506.96181190013885,0.0,1527.9999944331971,0.0,505.92478424310684,0.0,0,0,4,0,0.0,0,3,4,8,6,0,108,people1,888,1528,14,1528,1528,best_native_policy_complete,0,0,0
885,885,0,4342,11.80653928159277,0,0,0,0,0,926,925,4342,0,141,885,40,0.6903635499547518,924.9999916114963,0.0,80.47426801919937,0.0,924.999997061142,0.0,80.31529068946838,0.0,0,0,0,0,0.0,0,0,0,0,0,0,0,people3,141,925,0,925,925,best_native_policy_complete,0,0,0
1446,1446,0,6617,32.295016697411214,0,0,0,0,0,1456,1455,6617,0,975,1446,9,0.7395167690390838,1455.0000008485392,0.0,557.2674040198326,0.0,1455.0000012837243,0.0,555.264116704464,0.0,0,0,0,0,0.0,0,0,0,0,0,0,0,playsoccer,975,1455,0,1455,1455,best_native_policy_complete,0,0,0
179,175,42,1565,25.373438992468714,1,0,0,42,3,329,328,1565,0,0,179,149,0.48377144873011996,328.0,0.0,0.0,0.0,328.0,0.0,0.0,0.0,0,0,2,0,0.0,0,0,0,0,0,0,42,push,0,328,1,328,328,best_native_policy_complete,0,0,0
1009,1009,0,4776,32.27045100769614,0,0,0,0,0,1011,1010,4776,0,401,1009,1,0.7195001016307774,1009.99999682156,0.0,229.01874685287476,0.0,1010.0000043427201,0.0,228.58280032873154,0.0,0,0,0,0,0.0,0,0,0,0,0,0,0,rainingwaliking,401,1010,0,1010,1010,best_native_policy_complete,0,0,0
95,92,0,538,12.125697811853016,0,0,0,0,0,109,108,538,0,108,95,13,0.6800818663516515,108.00000033916892,0.0,61.64749276638031,0.0,107.99999924022099,0.0,61.5327250957489,0.0,0,0,0,0,0.0,0,0,0,0,0,0,0,raningcar,108,108,0,108,108,best_native_policy_complete,0,0,0
1389,1387,2,6320,27.931875325041652,4,0,0,2,0,1390,1389,6320,0,1044,1389,0,0.802808038202707,1389.0000001380467,0.0,596.8598989248276,0.0,1388.9999988104007,0.0,594.9924433231354,0.0,0,0,0,0,0.0,0,2,2,2,2,0,2,redbag,1044,1389,4,1389,1389,best_native_policy_complete,0,0,0
217,217,0,1069,1.769349964933896,0,0,0,0,0,218,217,1069,0,209,217,0,0.8136168347599548,216.99999977428493,0.0,119.2540967464447,0.0,217.00000035184698,0.0,119.07026308774948,0.0,0,0,0,0,0.0,0,0,0,0,0,0,0,redcar,209,217,0,217,217,best_native_policy_complete,0,0,0
209,209,31,1148,2.1468911635226564,0,0,0,31,1,243,242,1148,0,199,209,33,0.7685360717393325,242.00000165452556,0.0,113.7454861998558,0.0,242.00000465385136,0.0,113.54400509595871,0.0,0,0,1,0,0.0,0,0,0,0,0,0,31,redcar2,199,242,0,242,242,best_native_policy_complete,0,0,0
327,327,0,1633,3.726738149566201,0,0,0,0,0,330,329,1633,0,280,327,2,0.811292575400086,329.0000003621751,0.0,159.99925392866135,0.0,329.00000187799003,0.0,159.5481440424919,0.0,0,0,0,0,0.0,0,0,0,0,0,0,0,redmanchange,280,329,0,329,329,best_native_policy_complete,0,0,0
247,91,556,3166,236.32838230108229,50,0,0,556,6,657,656,3166,0,45,247,409,0.1053287189206109,655.9999998585658,79.54840597496732,25.674535274505615,25.674535274505615,655.9999995576453,75.48725452758556,25.654698252677917,25.654698252677917,0,0,5,0,0.0,0,7,13,11,6,0,556,rmo,45,656,50,656,656,best_native_policy_complete,132,0,45
192,186,60,1425,19.89774924034613,2,0,0,60,2,298,297,1425,0,23,192,105,0.5164042551434559,296.9999958281555,0.0,13.116907179355621,0.0,296.99999709675427,0.0,13.106789827346802,0.0,0,0,1,0,0.0,0,0,1,1,1,0,60,run,23,297,2,297,297,best_native_policy_complete,0,0,0
83,78,5,376,4.386531711802636,2,0,0,5,1,85,84,376,0,0,83,1,0.7233755716452679,84.0,0.0,0.0,0.0,84.0,0.0,0.0,0.0,0,0,0,0,0.0,0,1,1,1,1,0,5,run1,0,84,2,84,84,best_native_policy_complete,0,0,0
196,196,4,981,7.874151105566406,1,0,0,5,1,207,206,981,0,158,196,10,0.6946933325945714,205.99999976025646,0.0,90.34340846538544,0.0,205.99999918759508,0.0,90.0175501704216,0.0,0,0,1,0,0.0,0,1,1,0,0,0,5,run2,158,206,1,206,206,best_native_policy_complete,0,0,0
820,798,69,3704,54.60078827156047,6,0,0,67,3,916,915,3704,0,567,820,95,0.7335583662508662,914.9999997479355,48.63069338447516,323.9190565943718,1.1426178812980652,915.0000012707478,0.0,322.95473980903625,0.0,0,0,3,0,0.0,0,1,2,4,3,0,67,scooter,567,915,6,915,915,best_native_policy_complete,0,0,0
772,768,13,4194,25.18007286132372,6,0,0,14,2,847,846,4194,0,509,772,74,0.7142185677761701,846.0000023675831,0.0,290.97077363729477,0.0,845.9999990376716,0.0,289.97140711545944,0.0,0,0,2,0,0.0,0,1,2,3,0,0,14,shake,509,846,6,846,846,best_native_policy_complete,0,0,0
233,233,0,1080,0.8366390303514364,0,0,0,0,0,234,233,1080,0,174,233,0,0.8430541376449352,233.00000093965645,0.0,99.27998274564743,0.0,232.999996904391,0.0,99.0793845653534,0.0,0,0,0,0,0.0,0,0,0,0,0,0,0,shoeslight,174,233,0,233,233,best_native_policy_complete,0,0,0
487,487,0,2180,3.2126197391261924,0,0,0,0,0,488,487,2180,0,487,487,0,0.8208062550786694,487.00000084458924,0.0,278.1309662461281,0.0,487.00000004441944,5.761496073893648,277.68061685562134,3.4200817346572876,0,0,0,0,0.0,0,0,0,0,0,0,0,single1,487,487,0,487,487,best_native_policy_complete,0,0,0
320,320,0,1568,2.782411570457726,0,0,0,0,0,325,324,1568,0,4,320,4,0.7664053748318126,324.0000047695295,0.0,2.282843589782715,0.0,324.00000484195766,0.0,2.2776474952697754,0.0,0,0,0,0,0.0,0,0,0,0,0,0,0,single3,4,324,0,324,324,best_native_policy_complete,0,0,0
1277,1275,33,5779,17.894664156337704,8,0,0,33,2,1326,1325,5779,0,1024,1277,48,0.8077275699601882,1324.9999989634957,0.0,584.7035621404648,0.0,1324.9999991479294,6.600803529547753,583.1792867779732,5.124685645103455,0,0,2,0,0.0,0,1,1,1,0,0,33,soccer,1024,1325,8,1325,1325,best_native_policy_complete,0,0,0
371,370,3,1808,5.058331721550774,0,0,0,3,0,379,378,1808,0,345,371,7,0.7758524750778066,378.0000004573818,0.0,197.0633869767189,0.0,378.00000174653877,10.08530830889307,196.4781860113144,7.403029680252075,0,0,0,0,0.0,0,0,0,0,0,0,3,soccer2,345,378,0,378,378,best_native_policy_complete,0,0,0
193,192,975,5656,125.35571369095092,14,0,0,976,1,1168,1167,5656,0,42,193,974,0.12072703296608782,1167.0000091594393,0.0,23.96579998731613,0.0,1167.0000000060054,0.0,23.91012418270111,0.0,0,0,0,0,0.0,0,1,1,0,0,0,976,soccerinhand,42,1167,14,1167,1167,best_native_policy_complete,0,0,0
345,345,0,1632,4.800613317174738,0,0,0,0,0,346,345,1632,0,0,345,0,0.8046367492654859,345.0,0.0,0.0,0.0,345.0,0.0,0.0,0.0,0,0,0,0,0.0,0,0,0,0,0,0,0,straw,0,345,0,345,345,best_native_policy_complete,0,0,0
486,486,74,3269,89.42148341983359,0,0,0,74,1,677,676,3269,0,612,486,190,0.6743253589246591,675.9999985827895,88.01350150743353,350.1881583929062,50.36166024208069,676.0000023354258,85.01197359887297,349.22714215517044,48.519031405448914,0,0,1,0,0.0,0,0,0,0,0,0,74,stroller,612,676,0,676,676,best_native_policy_complete,74,0,74
223,222,0,1144,15.020713720649173,0,0,0,0,0,230,229,1144,0,229,223,6,0.7127159487236074,229.00000048012032,0.0,130.7838488817215,0.0,229.0000008311778,0.0,130.41200202703476,0.0,0,0,0,0,0.0,0,0,0,0,0,0,0,supbus,229,229,0,229,229,best_native_policy_complete,0,0,0
156,156,0,796,9.907807407708878,0,0,0,0,0,165,164,796,0,163,156,8,0.7077187209218694,163.9999999388889,0.0,93.27299427986145,0.0,163.99999977443093,2.5152208243344716,92.83339613676071,1.7085152864456177,0,0,0,0,0.0,0,0,0,0,0,0,0,supbus2,163,164,0,164,164,best_native_policy_complete,0,0,0
575,575,0,2691,3.107559334635028,0,0,0,0,0,576,575,2691,0,457,575,0,0.8417874663730492,574.9999981452933,0.0,260.9018458724022,0.0,575.0000022865914,0.0,260.3505594134331,0.0,0,0,0,0,0.0,0,0,0,0,0,0,0,takeout,457,575,0,575,575,best_native_policy_complete,0,0,0
167,164,3,808,5.444442125461716,3,0,0,2,0,171,170,808,0,103,167,3,0.7383582235118241,169.99999744323486,0.0,58.83007085323334,0.0,169.99999775878493,0.0,58.65886527299881,0.0,0,0,0,0,0.0,0,1,1,2,2,0,2,tallman,103,170,3,170,170,best_native_policy_complete,0,0,0
248,248,0,1239,5.052706554866274,0,0,0,0,0,254,253,1239,0,13,248,5,0.7745848192063559,252.99999535626435,0.0,7.43917840719223,0.0,252.9999989458651,0.0,7.4234238266944885,0.0,0,0,0,0,0.0,0,0,0,0,0,0,0,threeman,13,253,0,253,253,best_native_policy_complete,0,0,0
411,400,24,2000,21.08961276691299,0,0,0,24,2,429,428,2000,0,243,411,17,0.7472607093011909,427.9999981069503,0.0,138.94019520282745,0.0,428.00000167294894,0.0,138.43807554244995,0.0,0,0,1,0,0.0,0,0,0,0,0,0,24,threeman2,243,428,0,428,428,best_native_policy_complete,0,0,0
591,591,1,2928,9.476982595889258,0,0,0,1,0,593,592,2928,0,577,591,1,0.8482876685994848,592.0000006800302,0.0,329.6949967741966,0.0,592.000001579863,0.0,328.93549066782,0.0,0,0,0,0,0.0,0,0,0,0,0,0,1,threepeople,577,592,0,592,592,best_native_policy_complete,0,0,0
199,197,29,1088,16.16375944653412,6,0,0,29,2,229,228,1088,0,0,199,29,0.6849349448095949,228.0,0.0,0.0,0.0,228.0,0.0,0.0,0.0,0,0,2,0,0.0,0,0,0,2,0,0,29,threewoman2,0,228,6,228,228,best_native_policy_complete,0,0,0
493,491,2,2247,6.718176645477682,0,0,0,2,0,499,498,2247,0,156,493,5,0.7971162024176154,498.000000197046,0.0,88.971715092659,0.0,498.0000030653343,0.0,88.8773981332779,0.0,0,0,0,0,0.0,0,0,0,0,0,0,2,together,156,498,0,498,498,best_native_policy_complete,0,0,0
1644,1641,28,8231,38.33321469515119,0,0,0,28,1,1693,1692,8231,0,580,1644,48,0.7976181235757877,1692.0000038166904,0.0,331.6651474237442,0.0,1691.9999866227058,0.0,330.45948964357376,0.0,0,0,0,0,0.0,0,0,0,0,0,0,28,toy1,580,1692,0,1692,1692,best_native_policy_complete,0,0,0
1121,1121,0,5081,9.668149922213358,0,0,0,0,0,1125,1124,5081,0,20,1121,3,0.7467196502139938,1123.999994110878,0.0,11.412442803382874,0.0,1123.9999943724542,0.0,11.386353194713593,0.0,0,0,0,0,0.0,0,0,0,0,0,0,0,toy3,20,1124,0,1124,1124,best_native_policy_complete,0,0,0
977,977,0,4597,7.62460242755414,0,0,0,0,0,990,989,4597,0,0,977,12,0.7142777287963432,989.0,0.0,0.0,0.0,989.0,0.0,0.0,0.0,0,0,0,0,0.0,0,0,0,0,0,0,0,toy4,0,989,0,989,989,best_native_policy_complete,0,0,0
1255,1255,0,5645,13.606008072894102,0,0,0,0,0,1258,1257,5645,0,1117,1255,2,0.8310787386326701,1256.9999938606638,0.0,638.3114562034607,0.0,1256.9999983040957,0.0,636.3073499202728,0.0,0,0,0,0,0.0,0,0,0,0,0,0,0,tree2,1117,1257,0,1257,1257,best_native_policy_complete,0,0,0
1738,1596,276,9354,328.8328065773147,3,0,0,275,2,1903,1902,9354,0,1815,1738,164,0.6816155846919562,1901.9999990960982,235.89243840322578,1037.8681043982506,144.07883363962173,1902.0000006225562,254.54648408543,1034.6815925836563,144.2079342007637,0,0,1,0,0.0,0,1,1,2,2,0,275,tree3,1815,1902,3,1902,1902,best_native_policy_complete,256,0,252
1414,1327,771,10419,658.5571282444896,1,0,0,772,2,2106,2105,10419,0,1986,1414,691,0.5149067943256638,2105.000005926201,719.7852630841992,1134.7087275385857,417.180010676384,2105.000002010059,747.7607014792028,1131.5099555253983,415.8838384151459,0,0,1,0,0.0,0,1,1,0,0,0,772,tree5,1986,2105,1,2105,2105,best_native_policy_complete,769,0,730
217,217,0,895,3.63086782522312,0,0,0,0,0,218,217,895,0,95,217,0,0.8115145518997174,217.00000047633068,0.0,54.16748833656311,0.0,217.00000003755338,0.0,54.101112604141235,0.0,0,0,0,0,0.0,0,0,0,0,0,0,0,trees,95,217,0,217,217,best_native_policy_complete,0,0,0
224,224,0,1029,0.9927028733054506,0,0,0,0,0,225,224,1029,0,207,224,0,0.8689716304749153,223.9999995505464,0.0,118.30230909585953,0.0,223.9999997022578,0.0,117.87076616287231,0.0,0,0,0,0,0.0,0,0,0,0,0,0,0,tricycle,207,224,0,224,224,best_native_policy_complete,0,0,0
320,320,0,1563,5.040550605762141,0,0,0,0,0,321,320,1563,0,320,320,0,0.8003404262562339,320.00000107584253,0.0,183.04635113477707,0.0,319.9999997892849,0.0,182.44969534873962,0.0,0,0,0,0,0.0,0,0,0,0,0,0,0,tricycle1,320,320,0,320,320,best_native_policy_complete,0,0,0
234,234,0,1092,1.6936570404508586,0,0,0,0,0,235,234,1092,0,234,234,0,0.8587453792612341,233.99999929278243,0.0,133.86923480033875,0.0,234.00000037098334,0.0,133.37177127599716,0.0,0,0,0,0,0.0,0,0,0,0,0,0,0,tricycle2,234,234,0,234,234,best_native_policy_complete,0,0,0
467,467,0,2313,13.143141608803383,0,0,0,0,0,469,468,2313,0,463,467,1,0.7604307961008014,467.99999949270756,0.0,264.7105293869972,0.0,468.000001698096,0.0,263.66188967227936,0.0,0,0,0,0,0.0,0,0,0,0,0,0,0,tricycle6,463,468,0,468,468,best_native_policy_complete,0,0,0
331,331,0,1648,9.878852076897665,0,0,0,0,0,332,331,1648,0,330,331,0,0.7804114673909169,331.000001567964,0.0,188.41516590118408,0.0,331.00000123055554,1.898983349776917,187.97759699821472,1.1393751502037048,0,0,0,0,0.0,0,0,0,0,0,0,0,tricycle9,330,331,0,331,331,best_native_policy_complete,0,0,0
294,294,0,1455,3.1911389834575123,0,0,0,0,0,295,294,1455,0,253,294,0,0.7802130783619914,294.00000023144725,0.0,144.62912368774414,0.0,294.00000020795517,0.0,144.0428622364998,0.0,0,0,0,0,0.0,0,0,0,0,0,0,0,tricyclefaraway,253,294,0,294,294,best_native_policy_complete,0,0,0
612,612,0,2981,15.447038824173944,0,0,0,0,0,613,612,2981,0,612,612,0,0.8020498515808633,612.0000008752061,0.0,349.95716416835785,0.0,612.0000002382253,0.0,348.75649785995483,0.0,0,0,0,0,0.0,0,0,0,0,0,0,0,tricycletwo,612,612,0,612,612,best_native_policy_complete,0,0,0
83,83,0,412,0.654689298135499,0,0,0,0,0,84,83,412,0,83,83,0,0.8547664933213409,83.00000025154785,0.0,47.40889763832092,0.0,83.00000013466635,0.0,47.26278418302536,0.0,0,0,0,0,0.0,0,0,0,0,0,0,0,twoelecbike,83,83,0,83,83,best_native_policy_complete,0,0,0
235,233,3,1164,13.934950239870345,2,0,0,3,0,238,237,1164,0,65,235,2,0.8023747566624854,237.00000017134866,0.0,37.17252939939499,0.0,236.9999990512551,0.0,37.0485845208168,0.0,0,0,0,0,0.0,0,1,1,1,1,0,3,twoelecbike1,65,237,2,237,237,best_native_policy_complete,0,0,0
1126,1126,0,6402,61.33551155780828,0,0,0,0,0,1299,1298,6402,0,716,1126,172,0.7148292503912729,1298.0000079009005,0.0,409.4161528944969,0.0,1297.999997791265,0.0,408.08845829963684,0.0,0,0,0,0,0.0,0,0,0,0,0,0,0,twoman,716,1298,0,1298,1298,best_native_policy_complete,0,0,0
988,986,7,4561,23.847184475749486,0,0,0,7,0,1001,1000,4561,0,11,988,12,0.7068066686935605,999.9999980514523,0.0,6.288181245326996,0.0,999.9999981117394,0.0,6.26767098903656,0.0,0,0,0,0,0.0,0,0,0,0,0,0,7,twoman1,11,1000,0,1000,1000,best_native_policy_complete,0,0,0
380,379,11,1753,12.98524982510766,2,0,0,12,2,392,391,1753,0,0,380,11,0.7384797858938364,391.0,0.0,0.0,0.0,391.0,0.0,0.0,0.0,0,0,1,0,0.0,0,1,1,1,0,0,12,twoman2,0,391,2,391,391,best_native_policy_complete,0,0,0
713,713,0,4089,38.62388650582268,0,0,0,0,0,867,866,4089,0,388,713,153,0.6318674102531506,865.999992850351,0.0,221.90213805437088,0.0,865.9999985074631,0.0,220.9720864892006,0.0,0,0,0,0,0.0,0,0,0,0,0,0,0,twoperson,388,866,0,866,866,best_native_policy_complete,0,0,0
158,158,0,758,5.7620872745009395,0,0,0,0,0,161,160,758,0,151,158,2,0.7187115001181382,160.00000102222117,0.0,86.28827667236328,0.0,160.00000036120898,0.0,86.02157270908356,0.0,0,0,0,0,0.0,0,0,0,0,0,0,0,twowoman,151,160,0,160,160,best_native_policy_complete,0,0,0
683,683,0,3234,9.980809081820471,0,0,0,0,0,684,683,3234,0,680,683,0,0.8166338907187575,682.9999987478226,0.0,388.76721596717834,0.0,682.9999971904614,0.0,387.8278881907463,0.0,0,0,0,0,0.0,0,0,0,0,0,0,0,twowoman1,680,683,0,683,683,best_native_policy_complete,0,0,0
272,261,80,1819,32.551864603455584,3,0,0,81,1,379,378,1819,0,131,272,106,0.6002622740982947,378.00000088600723,0.0,74.79013246297836,0.0,378.00000566675305,56.153869569301605,74.60567551851273,0.5692861676216125,0,0,0,0,0.0,0,1,1,0,0,0,81,walking40,131,378,3,378,378,best_native_policy_complete,0,0,0
394,394,3,1696,6.2241913640172974,0,0,0,3,0,416,415,1696,0,0,394,21,0.6761278574964236,415.0,0.0,0.0,0.0,415.0,0.0,0.0,0.0,0,0,0,0,0.0,0,0,0,0,0,0,3,walking41,0,415,0,415,415,best_native_policy_complete,0,0,0
104,104,1,458,0.6870377383723822,0,0,0,1,0,106,105,458,0,21,104,1,0.7751495675639434,104.99999972329029,0.0,11.977194130420685,0.0,105.00000025601727,0.0,11.9609255194664,0.0,0,0,0,0,0.0,0,0,0,0,0,0,1,walkingman,21,105,0,105,105,best_native_policy_complete,0,0,0
335,232,414,2985,229.1914508331479,2,0,0,414,3,648,647,2985,0,0,335,312,0.30641348645656846,647.0,0.0,0.0,0.0,647.0,0.0,0.0,0.0,0,0,2,0,0.0,0,0,0,0,0,0,414,walkingman1,0,647,2,647,647,best_native_policy_complete,0,0,0
227,226,35,2187,25.490498208798336,0,0,0,35,3,508,507,2187,0,0,227,280,0.4724212055585589,507.0,0.0,0.0,0.0,507.0,0.0,0.0,0.0,0,0,3,0,0.0,0,0,0,0,0,0,35,walkingman12,0,507,0,507,507,best_native_policy_complete,0,0,0
358,282,191,2590,71.2181131230256,3,0,0,191,2,569,568,2590,0,2,358,210,0.40165225658593673,567.9999934732914,0.0,1.1420279741287231,0.0,567.9999918172743,0.0,1.1392128467559814,0.0,0,0,2,0,0.0,0,1,1,1,0,0,191,walkingman20,2,568,3,568,568,best_native_policy_complete,0,0,0
367,337,160,2310,64.69192122410098,1,0,0,160,1,502,501,2310,0,83,367,134,0.5296468706361404,501.0000144488432,0.0,47.447965919971466,0.0,501.00000551085924,0.0,47.28658962249756,0.0,0,0,0,0,0.0,0,0,0,0,0,0,160,walkingman41,83,501,1,501,501,best_native_policy_complete,0,0,0
39,35,44,344,10.1611923080775,0,0,0,44,1,83,82,344,0,0,39,43,0.3239999324005814,82.0,0.0,0.0,0.0,82.0,0.0,0.0,0.0,0,0,0,0,0.0,0,0,0,0,0,0,44,walkingmantiny,0,82,0,82,82,best_native_policy_complete,0,0,0
390,390,4,1740,23.696281557225745,1,0,0,3,0,426,425,1740,0,30,390,35,0.7600409217989373,425.0000164730488,0.0,17.116557836532593,0.0,424.99998823835443,0.0,17.094714760780334,0.0,0,0,0,0,0.0,0,0,0,1,0,0,3,walkingnight,30,425,1,425,425,best_native_policy_complete,0,0,0
1402,1401,1,6640,47.040047776627475,1,0,0,2,0,1433,1432,6640,0,1133,1402,30,0.7786836644220932,1432.0000011833256,0.0,647.702968120575,0.0,1432.0000029359476,0.0,645.529597222805,0.0,0,0,0,0,0.0,0,1,1,0,0,0,2,walkingtogether,1133,1432,1,1432,1432,best_native_policy_complete,0,0,0
386,386,0,1909,7.657354447188168,0,0,0,0,0,387,386,1909,0,306,386,0,0.75659991357795,385.99999908489355,0.0,174.98141223192215,0.0,385.9999986693756,0.0,174.42438489198685,0.0,0,0,0,0,0.0,0,0,0,0,0,0,0,walkingtogether1,306,386,0,386,386,best_native_policy_complete,0,0,0
547,546,15,2857,23.033644216018136,1,0,0,14,1,601,600,2857,0,314,547,53,0.6852153558432122,600.0000040246933,0.0,179.30495589971542,0.0,599.9999989688857,0.0,178.81486636400223,0.0,0,0,1,0,0.0,0,0,0,1,0,0,14,walkingtogetherright,314,600,1,600,600,best_native_policy_complete,0,0,0
630,630,0,3120,6.362288812468464,0,0,0,0,0,642,641,3120,0,505,630,11,0.7904217848689209,640.999999787662,0.0,288.73689180612564,0.0,640.9999980946603,1.0015507801953576,288.06074607372284,0.5697548389434814,0,0,0,0,0.0,0,0,0,0,0,0,0,walkingwithbag1,505,641,0,641,641,best_native_policy_complete,0,0,0
1276,1276,0,5977,28.407463536926908,0,0,0,0,0,1277,1276,5977,0,1260,1276,0,0.7515903208756513,1275.9999968686966,0.0,719.7537094950676,0.0,1276.0000013327524,5.754529744542989,717.8306570053101,3.987169027328491,0,0,0,0,0.0,0,0,0,0,0,0,0,walkingwithbag2,1260,1276,0,1276,1276,best_native_policy_complete,0,0,0
249,249,0,1662,29.021487574818508,0,0,0,0,0,348,347,1662,0,214,249,98,0.5828223348488439,347.0000022005951,0.0,122.40726208686829,0.0,346.99999789349056,0.0,121.95080518722534,0.0,0,0,0,0,0.0,0,0,0,0,0,0,0,walkingwoman,214,347,0,347,347,best_native_policy_complete,0,0,0
386,385,2,1678,5.594082407900092,1,0,0,1,0,391,390,1678,0,27,386,4,0.7510473163944463,389.99999642495345,0.0,15.417145788669586,0.0,389.99999718370304,0.0,15.379947245121002,0.0,0,0,0,0,0.0,0,0,0,1,0,0,1,whitebag,27,390,1,390,390,best_native_policy_complete,0,0,0
179,179,0,830,0.8960931692621956,0,0,0,0,0,180,179,830,0,179,179,0,0.8747593745060278,178.99999975534283,0.0,102.4722552895546,0.0,179.0000005022743,0.0,102.11577200889587,0.0,0,0,0,0,0.0,0,0,0,0,0,0,0,whitecar,179,179,0,179,179,best_native_policy_complete,0,0,0
447,447,0,2223,2.221778782203208,0,0,0,0,0,448,447,2223,0,447,447,0,0.8670295370380299,447.00000182604333,0.0,255.74803495407104,0.0,447.00000038206724,0.0,254.6593319773674,0.0,0,0,0,0,0.0,0,0,0,0,0,0,0,whitecar3,447,447,0,447,447,best_native_policy_complete,0,0,0
127,127,10,735,9.391929003227029,0,0,0,10,1,148,147,735,0,147,127,20,0.7614888499392725,147.00000005461013,6.636091682149318,84.08292776346207,5.720923185348511,147.00000039825676,6.640914795431276,83.71618121862411,5.694309115409851,0,0,0,0,0.0,0,0,0,0,0,0,10,whitecar4,147,147,0,147,147,best_native_policy_complete,9,0,10
157,157,0,808,8.626408174689125,0,0,0,0,0,164,163,808,0,163,157,6,0.7118103592128151,163.00000012429072,0.0,93.17040967941284,0.0,162.9999994707202,0.0,92.83795028924942,0.0,0,0,0,0,0.0,0,0,0,0,0,0,0,whitecarafterrain,163,163,0,163,163,best_native_policy_complete,0,0,0
733,703,385,5025,79.78680480730632,12,0,0,388,5,1143,1142,5025,0,0,733,409,0.4899411960501708,1142.0,0.0,0.0,0.0,1142.0,0.0,0.0,0.0,0,0,4,0,0.0,0,5,6,3,3,0,388,whiteman1,0,1142,12,1142,1142,best_native_policy_complete,0,0,0
369,369,0,2845,83.68042393326607,0,0,0,0,0,578,577,2845,0,577,369,208,0.5856836596668107,577.0000009441625,0.0,330.30884087085724,0.0,576.9999984304081,0.0,329.1986472606659,0.0,0,0,0,0,0.0,0,0,0,0,0,0,0,whitesuv,577,577,0,577,577,best_native_policy_complete,0,0,0
248,242,27,1183,24.342890142206663,5,0,0,29,2,272,271,1183,0,0,248,23,0.6761000591186889,271.0,0.0,0.0,0.0,271.0,0.0,0.0,0.0,0,0,2,0,0.0,0,3,3,2,1,0,29,woamn46,0,271,5,271,271,best_native_policy_complete,0,0,0
144,144,0,653,1.7737664399473079,0,0,0,0,0,146,145,653,0,137,144,1,0.8121443640541591,144.99999819834989,0.0,78.2526820898056,0.0,144.99999951166924,0.0,78.00650578737259,0.0,0,0,0,0,0.0,0,0,0,0,0,0,0,woamnwithbike,137,145,0,145,145,best_native_policy_complete,0,0,0
137,137,0,651,0.6740989507255131,0,0,0,0,0,138,137,651,0,127,137,0,0.8458807172735255,136.9999996170879,0.0,72.63103580474854,0.0,137.00000119245843,0.0,72.40217912197113,0.0,0,0,0,0,0.0,0,0,0,0,0,0,0,woman,127,137,0,137,137,best_native_policy_complete,0,0,0
740,738,267,4767,87.00198487278197,6,0,0,267,1,1009,1008,4767,0,435,740,268,0.5906231028495108,1008.0000001624735,0.0,248.7552069425583,0.0,1008.0000100824948,0.0,247.8932831287384,0.0,0,0,1,0,0.0,0,1,2,2,1,0,267,woman1,435,1008,6,1008,1008,best_native_policy_complete,0,0,0
659,652,8,3045,17.568747291965106,1,0,0,9,1,688,687,3045,0,505,659,28,0.7674480842547962,686.9999980138775,0.0,288.25701946020126,0.0,687.0000013631031,0.0,287.7811168432236,0.0,0,0,1,0,0.0,0,1,1,0,0,0,9,woman100,505,687,1,687,687,best_native_policy_complete,0,0,0
286,286,0,1333,4.2835467839298955,0,0,0,0,0,288,287,1333,0,0,286,1,0.7062294509194016,287.0,0.0,0.0,0.0,287.0,0.0,0.0,0.0,0,0,0,0,0.0,0,0,0,0,0,0,0,woman2,0,287,0,287,287,best_native_policy_complete,0,0,0
229,229,0,908,2.546031811839511,0,0,0,0,0,230,229,908,0,0,229,0,0.7735417079399742,229.0,0.0,0.0,0.0,229.0,0.0,0.0,0.0,0,0,0,0,0.0,0,0,0,0,0,0,0,woman3,0,229,0,229,229,best_native_policy_complete,0,0,0
271,271,1,1859,31.960788392606922,0,0,0,1,0,424,423,1859,0,157,271,152,0.5407641504750955,423.00000648261255,0.0,89.5167585015297,0.0,422.9999991341664,0.0,89.39973431825638,0.0,0,0,0,0,0.0,0,0,0,0,0,0,1,woman4,157,423,0,423,423,best_native_policy_complete,0,0,0
347,347,0,1705,8.430663946879214,0,0,0,0,0,348,347,1705,0,321,347,0,0.7579722188188184,346.99999988039224,0.0,183.30829191207886,0.0,346.9999989868916,0.0,182.79497927427292,0.0,0,0,0,0,0.0,0,0,0,0,0,0,0,woman48,321,347,0,347,347,best_native_policy_complete,0,0,0
76,76,0,338,1.1325362230052443,0,0,0,0,0,77,76,338,0,0,76,0,0.7048839869467617,76.0,0.0,0.0,0.0,76.0,0.0,0.0,0.0,0,0,0,0,0.0,0,0,0,0,0,0,0,woman6,0,76,0,76,76,best_native_policy_complete,0,0,0
337,334,96,1805,37.05238062676021,2,0,0,97,1,434,433,1805,0,292,337,96,0.6613338116510071,432.99999869270425,0.0,166.64515054225922,0.0,433.0000009293907,0.0,166.29995721578598,0.0,0,0,0,0,0.0,0,1,1,0,0,0,97,woman89,292,433,2,433,433,best_native_policy_complete,0,0,0
91,91,0,465,1.092761685108347,0,0,0,0,0,94,93,465,0,30,91,2,0.7540073620687052,92.99999977173962,0.0,17.149012744426727,0.0,92.9999989585653,0.0,17.0989790558815,0.0,0,0,0,0,0.0,0,0,0,0,0,0,0,woman96,30,93,0,93,93,best_native_policy_complete,0,0,0
545,545,0,2618,2.5055598677618227,0,0,0,0,0,546,545,2618,0,291,545,0,0.8541855757019241,545.0000076212791,0.0,166.0787389278412,0.0,545.0000021540949,0.0,165.69143855571747,0.0,0,0,0,0,0.0,0,0,0,0,0,0,0,woman99,291,545,0,545,545,best_native_policy_complete,0,0,0
601,601,0,2825,5.625911305305055,0,0,0,0,0,602,601,2825,0,428,601,0,0.8099011776231415,601.0000006683181,0.0,244.3141758441925,0.0,600.9999993777687,0.0,243.84868383407593,0.0,0,0,0,0,0.0,0,0,0,0,0,0,0,womancross,428,601,0,601,601,best_native_policy_complete,0,0,0
123,123,0,476,1.8311434247943073,0,0,0,0,0,127,126,476,0,0,123,3,0.6970147325453042,126.0,0.0,0.0,0.0,126.0,0.0,0.0,0.0,0,0,0,0,0.0,0,0,0,0,0,0,0,womanfaraway,0,126,0,126,126,best_native_policy_complete,0,0,0
733,731,1,3039,12.93041797771937,0,0,0,1,0,738,737,3039,0,259,733,4,0.8209569052351444,737.0000029526345,0.0,147.86351495981216,0.0,736.9999945095777,0.0,147.49902391433716,0.0,0,0,0,0,0.0,0,0,0,0,0,0,1,womaninblackwithbike,259,737,0,737,737,best_native_policy_complete,0,0,0
577,577,0,2721,9.425991515047995,0,0,0,0,0,578,577,2721,0,549,577,0,0.7856162859717933,576.9999985557087,0.0,313.72095066308975,0.0,576.9999988575341,0.0,312.67530047893524,0.0,0,0,0,0,0.0,0,0,0,0,0,0,0,womanleft,549,577,0,577,577,best_native_policy_complete,0,0,0
106,106,3,502,5.355070298223703,1,0,0,4,1,112,111,502,0,0,106,5,0.762589392528536,111.0,0.0,0.0,0.0,111.0,0.0,0.0,0.0,0,0,1,0,0.0,0,0,1,0,0,0,4,womanpink,0,111,1,111,111,best_native_policy_complete,0,0,0
101,101,0,457,3.4691265801693847,0,0,0,0,0,102,101,457,0,96,101,0,0.7945733267585039,101.00000003516273,0.0,54.81404620409012,0.0,101.00000003310137,0.0,54.682175636291504,0.0,0,0,0,0,0.0,0,0,0,0,0,0,0,womanred,96,101,0,101,101,best_native_policy_complete,0,0,0
630,625,13,2956,22.424251913734643,8,0,0,11,2,656,655,2956,0,298,630,25,0.7224289911340822,655.0000035474939,0.0,170.26707714796066,0.0,655.000010052432,0.0,169.70846962928772,0.0,0,0,2,0,0.0,0,3,3,5,3,0,11,womanrun,298,655,8,655,655,best_native_policy_complete,0,0,0
156,156,9,804,4.134435645026942,0,0,0,9,1,169,168,804,0,45,156,12,0.7008322631799883,168.00000024551042,0.0,25.709376454353333,0.0,168.00000011304186,0.0,25.640824615955353,0.0,0,0,1,0,0.0,0,0,0,0,0,0,9,womanwithbag6,45,168,0,168,168,best_native_policy_complete,0,0,0
596,596,0,2886,19.213486039749824,0,0,0,0,0,597,596,2886,0,554,596,0,0.8740354132783682,596.0000001299153,0.0,316.51231825351715,0.0,595.9999984128168,0.0,315.6044942140579,0.0,0,0,0,0,0.0,0,0,0,0,0,0,0,yellowcar,554,596,0,596,596,best_native_policy_complete,0,0,0
