variant,sequence,frame_zero_based,region,candidate,searched_region,extra_executed,pause,gt_known,same_state_c1_iou,selected_iou
unsafe_writes,2girlgoleft,90,0,0,2,True,False,True,0.5146436689039918,0.5146436689039918
unsafe_writes,2girlgoleft,93,0,0,2,True,False,True,0.5522928059597897,0.5522928059597897
unsafe_writes,2girlgoleft,127,0,0,2,True,False,True,0.6848979389390631,0.6848979389390631
unsafe_writes,2girlgoleft,128,0,0,2,True,False,True,0.5864358549565335,0.5864358549565335
unsafe_writes,2outdark,105,0,0,2,True,False,True,0.8051318842541635,0.8051318842541635
unsafe_writes,2outdark,106,0,0,2,True,False,True,0.6789191563400734,0.6789191563400734
unsafe_writes,3whitemen,20,0,0,2,True,False,True,0.1891069323301553,0.1891069323301553
unsafe_writes,3whitemen,21,0,1,2,True,False,True,0.10566053287561544,0.0
unsafe_writes,3whitemen,23,0,0,2,True,False,True,0.14927991699213247,0.14927991699213247
unsafe_writes,3whitemen,24,0,0,2,True,False,True,0.33595230720257974,0.33595230720257974
unsafe_writes,3whitemen,25,0,0,2,True,False,True,0.09656384956580226,0.09656384956580226
unsafe_writes,3whitemen,26,0,0,2,True,False,True,0.36739920034225904,0.031288944358074944
unsafe_writes,3whitemen,28,0,0,2,True,False,True,0.0,0.0
unsafe_writes,3whitemen,30,0,1,0,False,False,True,0.0,0.0
unsafe_writes,3whitemen,32,0,1,0,False,False,True,0.6386060221677017,0.4785541175512206
unsafe_writes,3whitemen,43,0,1,2,True,False,True,0.20390693967110451,0.07240925641741144
unsafe_writes,3whitemen,44,0,0,2,True,False,True,0.5109735626809648,0.5109735626809648
unsafe_writes,3whitemen,45,0,0,2,True,False,True,0.20537808554758794,0.20537808554758794
unsafe_writes,3whitemen,46,0,0,2,True,False,True,0.03580555423318226,0.03580555423318226
unsafe_writes,3whitemen,47,0,0,2,True,False,True,0.8056862271847001,0.8056862271847001
unsafe_writes,3whitemen,49,2,0,2,True,False,True,0.18022177758820143,0.0
unsafe_writes,3whitemen,53,0,3,0,False,False,True,0.0,0.2597861312567014
unsafe_writes,3whitemen,54,0,0,2,True,False,True,0.8081967333813553,0.8081967333813553
unsafe_writes,3whitemen,65,0,0,2,True,False,True,0.6717491179296871,0.6717491179296871
unsafe_writes,3whitemen,69,0,0,2,True,False,True,0.794012765656405,0.794012765656405
unsafe_writes,3whitemen,73,0,0,2,True,False,True,0.5805904154277108,0.5805904154277108
unsafe_writes,3whitemen,75,0,0,2,True,False,True,0.6461105263942498,0.6461105263942498
unsafe_writes,3whitemen,76,0,0,2,True,False,True,0.0726425313680813,0.0726425313680813
unsafe_writes,3whitemen,77,0,0,2,True,False,True,0.7973424879959397,0.7973424879959397
unsafe_writes,3whitemen,80,0,0,2,True,False,True,0.4294903452974051,0.4294903452974051
unsafe_writes,3whitemen,81,0,0,2,True,False,True,0.13241430491279924,0.13241430491279924
unsafe_writes,3whitemen,83,0,0,2,True,False,True,0.6773134358550965,0.6773134358550965
unsafe_writes,3whitemen,86,0,0,2,True,False,True,0.7084242867785459,0.7084242867785459
unsafe_writes,3whitemen,88,0,0,2,True,False,True,0.18816012618488603,0.18816012618488603
unsafe_writes,3whitemen,89,0,0,2,True,False,True,0.6205067119051016,0.6205067119051016
unsafe_writes,3whitemen,90,0,1,0,False,False,True,0.5324771321439444,0.0
unsafe_writes,3whitemen,91,0,1,2,True,False,True,0.09454156966133152,0.6011350388188234
unsafe_writes,3whitemen,93,0,0,2,True,False,True,0.8069571602461545,0.8069571602461545
unsafe_writes,3whitemen,97,0,0,2,True,False,True,0.5319445859176777,0.5319445859176777
unsafe_writes,3whitemen,98,0,0,2,True,False,True,0.54788631762819,0.54788631762819
unsafe_writes,3whitemen,100,0,0,2,True,False,True,0.4905551135883876,0.4905551135883876
unsafe_writes,3whitemen,102,0,1,0,False,False,True,0.924211926846039,0.0
unsafe_writes,3whitemen,104,0,0,2,True,False,True,0.04792669517699785,0.04792669517699785
unsafe_writes,3whitemen,105,0,0,2,True,False,True,0.0,0.0
unsafe_writes,3whitemen,107,0,2,0,False,False,True,0.0,0.31766700122958647
unsafe_writes,3whitemen,109,0,0,2,True,False,True,0.6928712940362647,0.6928712940362647
unsafe_writes,3whitemen,110,0,1,2,True,False,True,0.7578552720696216,0.0
unsafe_writes,3whitemen,111,0,2,0,False,False,True,0.0929758357898659,0.6804414383594033
unsafe_writes,3whitemen,112,0,0,2,True,False,True,0.747341386613444,0.747341386613444
unsafe_writes,3whitemen,114,0,0,2,True,False,True,0.5832737669252751,0.5832737669252751
unsafe_writes,3whitemen,116,0,0,2,True,False,True,0.6312354170754967,0.6312354170754967
unsafe_writes,3whitemen,123,0,0,2,True,False,True,0.12664430123413226,0.12664430123413226
unsafe_writes,3whitemen,125,0,2,2,True,False,True,0.6582437014550508,0.0
unsafe_writes,3whitemen,126,0,1,2,True,False,True,0.0,0.672061388504761
unsafe_writes,3whitemen,128,0,0,2,True,False,True,0.2135478756492155,0.2135478756492155
unsafe_writes,3whitemen,129,0,0,2,True,False,True,0.28974975036069756,0.28974975036069756
unsafe_writes,3whitemen,130,0,0,2,True,False,True,0.511142049843498,0.511142049843498
unsafe_writes,3whitemen,131,0,0,2,True,False,True,0.5394730253517388,0.5394730253517388
unsafe_writes,3whitemen,132,0,2,0,False,False,True,0.40023415892339387,0.0
unsafe_writes,3whitemen,133,0,0,2,True,False,True,0.0,0.0
unsafe_writes,3whitemen,134,0,0,2,True,False,True,0.0,0.0
unsafe_writes,3whitemen,135,0,1,2,True,False,True,0.0,0.25578219649222106
unsafe_writes,3whitemen,137,0,0,2,True,False,True,0.3486722551820114,0.3486722551820114
unsafe_writes,3whitemen,138,0,0,2,True,False,True,0.3290314946365682,0.3290314946365682
unsafe_writes,3whitemen,141,0,2,0,False,False,True,0.32518856273418667,0.0
unsafe_writes,3whitemen,142,0,0,2,True,False,True,0.0,0.0
unsafe_writes,3whitemen,143,0,1,2,True,False,True,0.0,0.5776275751117215
unsafe_writes,3whitemen,144,0,0,2,True,False,True,0.4699785911227906,0.4699785911227906
unsafe_writes,3whitemen,146,0,0,2,True,False,True,0.021238046199685133,0.021238046199685133
unsafe_writes,3whitemen,147,0,0,2,True,False,True,0.35726943975895037,0.0
unsafe_writes,3whitemen,149,0,0,2,True,False,True,0.0,0.0
unsafe_writes,3whitemen,150,0,1,2,True,False,True,0.0,0.23707024582676028
unsafe_writes,3whitemen,154,0,2,0,False,False,True,0.2535654192952742,0.0
unsafe_writes,3whitemen,156,0,3,0,False,False,True,0.0,0.23443022191113053
unsafe_writes,3whitemen,158,0,1,0,False,False,True,0.24681453221898914,0.0
unsafe_writes,3whitemen,159,0,1,2,True,False,True,0.0,0.17194688561612506
unsafe_writes,3whitemen,161,0,2,0,False,False,True,0.19356897981274288,0.0
unsafe_writes,3whitemen,162,0,0,2,True,False,True,0.0,0.0
unsafe_writes,3whitemen,163,0,0,2,True,False,True,0.0,0.0
unsafe_writes,3whitemen,164,0,0,2,True,False,True,0.036909144685131505,0.036909144685131505
unsafe_writes,3whitemen,167,0,1,0,False,False,True,0.0,0.26314570994022346
unsafe_writes,3whitemen,173,0,0,2,True,False,True,0.038401916510064506,0.038401916510064506
unsafe_writes,3whitemen,174,0,0,2,True,False,True,0.041789918730822315,0.041789918730822315
unsafe_writes,3whitemen,175,0,0,2,True,False,True,0.06318926143215257,0.06318926143215257
unsafe_writes,3whitemen,177,0,0,2,True,False,True,0.018411056379275856,0.018411056379275856
unsafe_writes,3whitemen,178,0,0,2,True,False,True,0.0,0.0
unsafe_writes,3whitemen,179,0,0,2,True,False,True,0.009702844009321508,0.009702844009321508
unsafe_writes,3whitemen,180,0,0,2,True,False,True,0.0,0.0
unsafe_writes,3whitemen,181,2,1,2,True,False,True,0.0,0.0
unsafe_writes,3whitemen,183,0,0,2,True,False,True,0.0,0.0
unsafe_writes,3whitemen,189,0,1,0,False,False,True,0.0,0.0
unsafe_writes,3whitemen,190,2,0,2,True,False,True,0.0,0.0
unsafe_writes,3whitemen,191,0,1,0,False,False,True,0.0,0.0
unsafe_writes,3whitemen,192,2,0,2,True,False,True,0.0,0.0
unsafe_writes,3whitemen,194,0,0,2,True,False,True,0.0,0.0
unsafe_writes,3whitemen,195,0,1,2,True,False,True,0.0,0.0
unsafe_writes,3whitemen,198,0,1,0,False,False,True,0.0,0.0
unsafe_writes,3whitemen,212,0,1,0,False,False,True,0.0,0.0
unsafe_writes,3whitemen,220,0,0,2,True,False,True,0.0,0.0
unsafe_writes,3whitemen,223,0,0,2,True,False,True,0.0,0.0
unsafe_writes,3whitemen,234,0,1,0,False,False,True,0.0,0.0
unsafe_writes,3whitemen,244,0,0,2,True,False,True,0.0,0.0
unsafe_writes,3whitemen,248,0,0,2,True,False,True,0.0,0.0
unsafe_writes,3whitemen,250,0,0,2,True,False,True,0.0,0.0
unsafe_writes,3whitemen,251,0,0,2,True,False,True,0.0,0.0
unsafe_writes,3whitemen,254,0,0,2,True,False,True,0.0,0.0
unsafe_writes,3whitemen,257,0,0,2,True,False,True,0.0,0.0
unsafe_writes,3whitemen,258,0,0,2,True,False,True,0.0,0.0
unsafe_writes,3whitemen,261,0,0,2,True,False,True,0.0,0.0
unsafe_writes,3whitemen,264,0,0,2,True,False,True,0.0,0.0
unsafe_writes,3whitemen,265,0,0,2,True,False,True,0.0,0.0
unsafe_writes,3whitemen,266,0,0,2,True,False,True,0.0,0.0
unsafe_writes,3whitemen,267,0,0,2,True,False,True,0.0,0.0
unsafe_writes,3whitemen,268,0,0,2,True,False,True,0.0,0.0
unsafe_writes,3whitemen,269,0,0,2,True,False,True,0.0,0.0
unsafe_writes,3whitemen,270,0,0,2,True,False,True,0.0,0.0
unsafe_writes,3whitemen,271,0,0,2,True,False,True,0.0,0.0
unsafe_writes,3whitemen,272,2,0,2,True,False,True,0.0,0.0
unsafe_writes,3whitemen,284,0,1,0,False,False,True,0.0,0.0
unsafe_writes,3whitemen,285,0,0,2,True,False,True,0.0,0.0
unsafe_writes,3whitemen,286,2,0,2,True,False,True,0.0,0.0
unsafe_writes,3whitemen,287,0,1,0,False,False,True,0.0,0.0
unsafe_writes,3whitemen,288,2,0,2,True,False,True,0.0,0.0
unsafe_writes,3whitemen,308,0,1,2,True,False,True,0.0,0.0
unsafe_writes,3whitemen,317,0,0,2,True,False,True,0.0,0.0
unsafe_writes,3whitemen,319,0,1,0,False,False,True,0.0,0.0
unsafe_writes,3whitemen,320,0,1,2,True,False,True,0.0,0.0
unsafe_writes,3whitemen,322,0,0,2,True,False,True,0.0,0.0
unsafe_writes,3whitemen,336,0,0,2,True,False,True,0.0,0.0
unsafe_writes,3whitemen,338,0,0,2,True,False,True,0.0,0.0
unsafe_writes,3whitemen,352,0,1,2,True,False,True,0.0,0.0
unsafe_writes,3whitemen,353,0,0,2,True,False,True,0.0,0.0
unsafe_writes,3whitemen,354,0,0,2,True,False,True,0.0,0.0
unsafe_writes,3whitemen,359,0,0,2,True,False,True,0.0,0.0
unsafe_writes,3whitemen,360,0,0,2,True,False,True,0.0,0.0
unsafe_writes,3whitemen,371,0,0,2,True,False,True,0.0,0.0
unsafe_writes,3whitemen,372,0,0,2,True,False,True,0.0,0.0
unsafe_writes,3whitemen,373,0,0,2,True,False,True,0.0,0.0
unsafe_writes,3whitemen,383,0,0,2,True,False,True,0.0,0.0
unsafe_writes,3whitemen,387,0,0,2,True,False,True,0.0,0.0
unsafe_writes,3whitemen,388,0,0,2,True,False,True,0.0,0.0
unsafe_writes,3whitemen,390,0,0,2,True,False,True,0.0,0.0
unsafe_writes,3whitemen,391,0,0,2,True,False,True,0.0,0.0
unsafe_writes,3whitemen,392,0,0,2,True,False,True,0.0,0.0
unsafe_writes,3whitemen,394,0,0,2,True,False,True,0.0,0.0
unsafe_writes,3whitemen,396,0,0,2,True,False,True,0.0,0.0
unsafe_writes,3whitemen,398,0,0,2,True,False,True,0.0,0.0
unsafe_writes,3whitemen,400,0,0,2,True,False,True,0.0,0.0
unsafe_writes,3whitemen,403,0,0,2,True,False,True,0.0,0.0
unsafe_writes,3whitemen,407,0,0,2,True,False,True,0.0,0.0
unsafe_writes,3whitemen,408,0,0,2,True,False,True,0.0,0.0
unsafe_writes,3whitemen,410,2,0,2,True,False,True,0.0,0.0
unsafe_writes,3whitemen,431,0,1,0,False,False,True,0.0,0.0
unsafe_writes,3whitemen,434,0,1,0,False,False,True,0.0,0.0
unsafe_writes,3whitemen,436,0,1,0,False,False,True,0.0,0.0
unsafe_writes,3whitemen,437,0,1,0,False,False,True,0.0,0.0
unsafe_writes,3whitemen,438,0,1,0,False,False,True,0.0,0.0
unsafe_writes,3whitemen,440,0,1,0,False,False,True,0.0,0.0
unsafe_writes,9whitegirl,83,0,0,2,True,False,True,0.19901346447888504,0.19901346447888504
unsafe_writes,9whitegirl,85,0,0,2,True,False,True,0.010361222437559162,0.010361222437559162
unsafe_writes,9whitegirl,86,0,1,2,True,False,True,0.0,0.0
unsafe_writes,9whitegirl,88,0,0,0,False,False,True,0.0,0.8434266403636081
unsafe_writes,9whitegirl,96,0,0,2,True,False,True,0.5820291615255007,0.5820291615255007
unsafe_writes,Aboydownbike,256,0,0,2,True,False,True,0.5813318714775457,0.5813318714775457
unsafe_writes,Aboydownbike,311,0,0,2,True,False,True,0.4479205199286916,0.4479205199286916
unsafe_writes,Aboydownbike,313,0,1,2,True,False,True,0.450040300725893,0.0
unsafe_writes,Aboydownbike,347,0,0,0,False,False,True,0.0,0.6740351225742328
unsafe_writes,Aboydownbike,412,0,0,2,True,False,True,0.6018454575348757,0.6018454575348757
unsafe_writes,Aboydownbike,416,0,1,2,True,False,True,0.1172098225078428,0.011719292040335854
unsafe_writes,Aboydownbike,420,0,1,0,False,False,True,0.0438398083906401,0.777313793417143
unsafe_writes,Aboydownbike,519,0,0,0,False,False,True,0.9408744002543219,0.0
unsafe_writes,Aboydownbike,521,0,1,2,True,False,True,0.0,0.8564107273709902
unsafe_writes,Aboydownbike,523,0,1,2,True,False,True,0.8574555653810113,0.8574555653810113
unsafe_writes,Aboydownbike,525,0,1,0,False,False,True,0.9348701944160662,0.0
unsafe_writes,Aboydownbike,529,0,0,0,False,False,True,0.8840614706249831,0.0
unsafe_writes,Aboydownbike,540,0,0,0,False,False,True,0.9101632926150465,0.0
unsafe_writes,Aboydownbike,555,0,1,0,False,False,True,0.8917802707189055,0.0
unsafe_writes,Aboydownbike,556,0,1,0,False,False,True,0.0,0.7353777595499611
unsafe_writes,Aboydownbike,564,0,0,2,True,False,True,0.9632908354231685,0.9632908354231685
unsafe_writes,Aboydownbike,567,0,0,0,False,False,True,0.8294953637354104,0.0
unsafe_writes,Aboydownbike,627,2,2,2,True,False,True,0.7197082756220222,0.31558250236727164
unsafe_writes,Aboydownbike,635,2,0,2,True,False,True,0.7764077586567484,0.5358321228159973
unsafe_writes,Aboydownbike,640,0,0,0,False,False,True,0.6706057359887161,0.0
unsafe_writes,Aboydownbike,707,0,1,0,False,False,True,0.0,0.03500085218384531
unsafe_writes,Aboydownbike,708,2,4,2,True,False,True,0.07487850731238953,0.09510285415695885
unsafe_writes,Aboydownbike,709,2,0,2,True,False,True,0.19583331401123785,0.6076099075343891
unsafe_writes,Aboydownbike,978,0,0,2,True,False,True,0.7062905644909601,0.7062905644909601
unsafe_writes,ab_bolster,84,0,0,2,True,False,True,0.2387872025488072,0.2387872025488072
unsafe_writes,ab_bolster,85,0,0,2,True,False,True,0.11860041721673466,0.11860041721673466
unsafe_writes,ab_bolster,86,2,0,2,True,False,True,0.12280343732619213,0.4819275969837161
unsafe_writes,ab_bolster,87,0,0,2,True,False,True,0.2952718659128272,0.2952718659128272
unsafe_writes,ab_bolster,124,0,0,2,True,False,True,0.8596921987804172,0.8596921987804172
unsafe_writes,ab_bolster,132,0,0,2,True,False,True,0.5333774959098863,0.5333774959098863
unsafe_writes,ab_bolster,133,2,0,2,True,False,True,0.3936979476619173,0.08863265646860173
unsafe_writes,ab_bolster,135,0,0,2,True,False,True,0.17785521824444314,0.17785521824444314
unsafe_writes,ab_bolster,178,0,0,2,True,False,True,0.7665399544253922,0.7665399544253922
unsafe_writes,ab_bolster,186,0,0,2,True,False,True,0.5678759102500119,0.5678759102500119
unsafe_writes,ab_bolster,195,0,0,2,True,False,True,0.5626330387578778,0.5626330387578778
unsafe_writes,ab_bolster,196,0,0,2,True,False,True,0.2996247020101431,0.2996247020101431
unsafe_writes,ab_bolster,197,0,0,2,True,False,True,0.2507838891304975,0.2507838891304975
unsafe_writes,ab_bolster,198,0,0,2,True,False,True,0.8409597848037756,0.8409597848037756
unsafe_writes,ab_bolster,201,0,0,2,True,False,True,0.8344463552828068,0.8344463552828068
unsafe_writes,ab_bolster,202,0,0,2,True,False,True,0.46363515160709556,0.46363515160709556
unsafe_writes,ab_bolster,203,2,0,2,True,False,True,0.48828235601510994,0.7815753598008437
unsafe_writes,ab_bolster,204,0,0,2,True,False,True,0.8719917287073969,0.8719917287073969
unsafe_writes,ab_bolster,206,0,0,2,True,False,True,0.7121229891333413,0.7121229891333413
unsafe_writes,ab_bolster,213,0,0,2,True,False,True,0.8428603274707815,0.8428603274707815
unsafe_writes,ab_bolster,214,0,0,2,True,False,True,0.7948882332415342,0.7948882332415342
unsafe_writes,ab_bolster,238,0,0,2,True,False,True,0.5396269577045477,0.5396269577045477
unsafe_writes,ab_bolster,240,0,0,2,True,False,True,0.6682531550446422,0.6682531550446422
unsafe_writes,ab_bolster,241,0,0,2,True,False,True,0.6722741773281625,0.6722741773281625
unsafe_writes,ab_bolster,242,0,0,2,True,False,True,0.47373409088587387,0.47373409088587387
unsafe_writes,ab_bolster,243,0,0,2,True,False,True,0.4205062910091816,0.4205062910091816
unsafe_writes,ab_bolster,244,0,0,2,True,False,True,0.4629293673755348,0.4629293673755348
unsafe_writes,ab_bolster,245,0,0,2,True,False,True,0.4302918785087935,0.4302918785087935
unsafe_writes,ab_bolster,246,0,0,2,True,False,True,0.4015020599095314,0.4015020599095314
unsafe_writes,ab_bolster,276,0,0,2,True,False,True,0.5657593089201658,0.5657593089201658
unsafe_writes,ab_bolster,279,0,0,2,True,False,True,0.8748952950247874,0.8748952950247874
unsafe_writes,ab_bolster,282,0,0,2,True,False,True,0.8066968306855297,0.8066968306855297
unsafe_writes,ab_bolster,284,0,0,2,True,False,True,0.751262124416263,0.751262124416263
unsafe_writes,ab_bolster,285,0,0,2,True,False,True,0.6977713849443953,0.6977713849443953
unsafe_writes,ab_bolster,286,0,0,2,True,False,True,0.3472359337174579,0.3472359337174579
unsafe_writes,ab_bolster,289,0,0,2,True,False,True,0.44620061596100763,0.44620061596100763
unsafe_writes,ab_bolster,290,0,0,2,True,False,True,0.22636125220820272,0.22636125220820272
unsafe_writes,ab_bolster,291,0,0,2,True,False,True,0.46510844586522476,0.46510844586522476
unsafe_writes,ab_bolster,312,0,0,2,True,False,True,0.7048626941134865,0.7048626941134865
unsafe_writes,ab_bolster,318,0,0,2,True,False,True,0.6916311186251962,0.6916311186251962
unsafe_writes,ab_bolster,326,0,0,2,True,False,True,0.45719151244570877,0.45719151244570877
unsafe_writes,ab_bolster,331,0,0,2,True,False,True,0.6154306839339818,0.6154306839339818
unsafe_writes,ab_bolster,332,0,0,2,True,False,True,0.44127025523949487,0.44127025523949487
unsafe_writes,ab_bolster,337,2,0,2,True,False,True,0.7432245505548649,0.5458289691709001
unsafe_writes,ab_bolster,339,0,0,2,True,False,True,0.5070628039166979,0.5070628039166979
unsafe_writes,ab_bolster,342,0,0,2,True,False,True,0.676620277578968,0.676620277578968
unsafe_writes,ab_bolster,358,0,0,2,True,False,True,0.5336849740755147,0.5336849740755147
unsafe_writes,ab_bolster,359,0,0,2,True,False,True,0.6464179923416056,0.6464179923416056
unsafe_writes,ab_bolster,360,0,0,2,True,False,True,0.6957916460585323,0.6957916460585323
unsafe_writes,ab_bolster,361,0,0,2,True,False,True,0.6508219521307896,0.6508219521307896
unsafe_writes,ab_bolster,387,0,0,2,True,False,True,0.7412947790274088,0.7412947790274088
unsafe_writes,ab_bolster,391,0,0,2,True,False,True,0.6999365309614958,0.6999365309614958
unsafe_writes,ab_bolster,394,0,0,2,True,False,True,0.774758206745107,0.774758206745107
unsafe_writes,ab_bolster,395,0,0,2,True,False,True,0.8103742207590705,0.8103742207590705
unsafe_writes,ab_bolster,398,0,0,2,True,False,True,0.7111308452134047,0.7111308452134047
unsafe_writes,ab_bolster,421,0,0,2,True,False,True,0.7483075623448473,0.7483075623448473
unsafe_writes,ab_bolster,449,0,0,2,True,False,True,0.8155267956798518,0.8155267956798518
unsafe_writes,ab_bolster,450,0,0,2,True,False,True,0.7903861079779997,0.7903861079779997
unsafe_writes,ab_bolster,451,0,0,2,True,False,True,0.7836212459956371,0.7836212459956371
unsafe_writes,ab_bolster,480,0,0,2,True,False,True,0.7031381376707803,0.7031381376707803
unsafe_writes,ab_bolster,494,0,0,2,True,False,True,0.8966585088867088,0.8966585088867088
unsafe_writes,ab_bolster,495,0,0,2,True,False,True,0.8596515918519098,0.8596515918519098
unsafe_writes,ab_bolster,567,0,0,2,True,False,True,0.6871971595629527,0.6871971595629527
unsafe_writes,ab_bolster,594,0,0,2,True,False,True,0.4718319500335779,0.4718319500335779
unsafe_writes,ab_bolster,596,0,0,2,True,False,True,0.9154465052502601,0.9154465052502601
unsafe_writes,ab_bolster,619,0,0,2,True,False,True,0.7209202689506222,0.7209202689506222
unsafe_writes,ab_bolster,625,0,0,2,True,False,True,0.6864749362341607,0.6864749362341607
unsafe_writes,ab_bolster,630,0,0,2,True,False,True,0.4892632926185488,0.4892632926185488
unsafe_writes,ab_bolster,632,0,0,2,True,False,True,0.6910671418059077,0.6910671418059077
unsafe_writes,ab_bolster,633,0,0,2,True,False,True,0.5537794545896125,0.5537794545896125
unsafe_writes,ab_bolster,635,0,0,2,True,False,True,0.6068836774346621,0.6068836774346621
unsafe_writes,ab_bolster,636,0,0,2,True,False,True,0.5860116557253111,0.5860116557253111
unsafe_writes,ab_bolster,637,0,0,2,True,False,True,0.15516374020206244,0.15516374020206244
unsafe_writes,ab_bolster,638,0,0,2,True,False,True,0.16138717723521037,0.16138717723521037
unsafe_writes,ab_bolster,639,0,0,2,True,False,True,0.1752196056133437,0.1752196056133437
unsafe_writes,ab_bolster,640,0,0,2,True,False,True,0.01817224301454675,0.01817224301454675
unsafe_writes,ab_bolster,641,0,0,2,True,False,True,0.24157378880688246,0.24157378880688246
unsafe_writes,ab_bolster,642,0,0,2,True,False,True,0.5217843036162089,0.5217843036162089
unsafe_writes,ab_bolster,643,0,0,2,True,False,True,0.9550129021350187,0.9550129021350187
unsafe_writes,ab_bolster,709,0,0,2,True,False,True,0.7683805188567085,0.7683805188567085
unsafe_writes,ab_bolster,710,0,0,2,True,False,True,0.7892198741361812,0.7892198741361812
unsafe_writes,ab_bolster,716,0,0,2,True,False,True,0.738464342387632,0.738464342387632
unsafe_writes,ab_bolster,717,0,0,2,True,False,True,0.7785412705452635,0.7785412705452635
unsafe_writes,ab_bolster,722,0,0,2,True,False,True,0.5972299076561473,0.5972299076561473
unsafe_writes,ab_bolster,764,0,0,2,True,False,True,0.5622545509897581,0.5622545509897581
unsafe_writes,ab_bolster,765,0,0,2,True,False,True,0.6220258966319487,0.6220258966319487
unsafe_writes,ab_bolster,800,0,0,2,True,False,True,0.7119182708284991,0.7119182708284991
unsafe_writes,ab_bolster,801,0,0,2,True,False,True,0.7130691025506505,0.7130691025506505
unsafe_writes,ab_bolster,802,0,0,2,True,False,True,0.7803851898736569,0.7803851898736569
unsafe_writes,ab_bolster,804,0,0,2,True,False,True,0.8978776861290044,0.8978776861290044
unsafe_writes,ab_bolster,805,0,0,2,True,False,True,0.7584507537001111,0.7584507537001111
unsafe_writes,ab_bolster,808,0,0,2,True,False,True,0.6302547286122137,0.6302547286122137
unsafe_writes,ab_bolster,810,0,0,2,True,False,True,0.791558656332131,0.791558656332131
unsafe_writes,ab_bolster,850,0,0,2,True,False,True,0.5661017061518417,0.5661017061518417
unsafe_writes,ab_bolster,851,0,0,2,True,False,True,0.3899586919270396,0.3899586919270396
unsafe_writes,ab_bolster,852,0,0,2,True,False,True,0.615446680509113,0.615446680509113
unsafe_writes,ab_bolster,885,0,0,2,True,False,True,0.22111935703107824,0.22111935703107824
unsafe_writes,ab_bolster,921,0,0,2,True,False,True,0.2715886950598215,0.2715886950598215
unsafe_writes,ab_bolster,922,0,0,2,True,False,True,0.13164516552452102,0.13164516552452102
unsafe_writes,ab_bolster,923,0,1,2,True,False,True,0.14909827043665633,0.2559065978751246
unsafe_writes,ab_bolster,950,0,0,2,True,False,True,0.23363741064029706,0.23363741064029706
unsafe_writes,ab_bolster,952,2,0,2,True,False,True,0.08451993402366238,0.16856153948493063
unsafe_writes,ab_bolster,953,0,0,2,True,False,True,0.27226538102751946,0.27226538102751946
unsafe_writes,ab_bolster,954,0,0,2,True,False,True,0.4352276839098143,0.4352276839098143
unsafe_writes,ab_bolster,955,0,0,2,True,False,True,0.6540169218218661,0.6540169218218661
unsafe_writes,ab_bolster,984,0,0,2,True,False,True,0.5816441869397864,0.5816441869397864
unsafe_writes,ab_bolster,1006,0,0,2,True,False,True,0.6384502876889773,0.6384502876889773
unsafe_writes,ab_bolster,1021,0,0,2,True,False,True,0.6822396199924907,0.6822396199924907
unsafe_writes,ab_bolster,1027,0,0,2,True,False,True,0.6901445709140261,0.6901445709140261
unsafe_writes,ab_bolster,1028,0,0,2,True,False,True,0.6928592212305267,0.6928592212305267
unsafe_writes,ab_bolster,1031,0,0,2,True,False,True,0.45154727130554656,0.45154727130554656
unsafe_writes,ab_bolster,1046,0,0,2,True,False,True,0.5443058055848806,0.5443058055848806
unsafe_writes,ab_bolster,1082,0,0,2,True,False,True,0.5842759743781869,0.5842759743781869
unsafe_writes,ab_bolster,1083,0,0,2,True,False,True,0.4946674792143174,0.4946674792143174
unsafe_writes,ab_bolster,1084,0,0,2,True,False,True,0.4372796971807133,0.4372796971807133
unsafe_writes,ab_bolster,1085,0,0,2,True,False,True,0.43543673716908793,0.43543673716908793
unsafe_writes,ab_bolster,1086,0,0,2,True,False,True,0.4442804411843856,0.4442804411843856
unsafe_writes,ab_bolster,1089,0,0,2,True,False,True,0.753034042879064,0.753034042879064
unsafe_writes,ab_bolster,1182,0,0,2,True,False,True,0.578278003364304,0.578278003364304
unsafe_writes,ab_bolster,1228,0,0,2,True,False,True,0.7024975506001239,0.7024975506001239
unsafe_writes,ab_bolster,1235,0,0,2,True,False,True,0.5787735408711909,0.5787735408711909
unsafe_writes,ab_bolster,1242,0,0,2,True,False,True,0.5289498862791948,0.5289498862791948
unsafe_writes,ab_bolster,1261,2,0,2,True,False,True,0.04437681874664078,0.3491748820822705
unsafe_writes,ab_bolster,1272,0,0,2,True,False,True,0.778216499635568,0.778216499635568
unsafe_writes,ab_bolster,1273,0,0,2,True,False,True,0.6166294720971756,0.6166294720971756
unsafe_writes,ab_bolster,1274,0,0,2,True,False,True,0.4804598186684062,0.4804598186684062
unsafe_writes,ab_bolster,1298,0,0,2,True,False,True,0.8134723886639758,0.8134723886639758
unsafe_writes,ab_bolster,1316,2,0,2,True,False,True,0.0,0.10946619749105964
unsafe_writes,ab_bolster,1540,0,0,2,True,False,True,0.878735174638097,0.878735174638097
unsafe_writes,ab_bolster,1541,0,0,2,True,False,True,0.9226402278178234,0.9226402278178234
unsafe_writes,ab_bolster,1542,2,2,2,True,False,True,0.8520436770744223,0.000825688486081916
unsafe_writes,ab_bolster,1580,0,0,0,False,False,True,0.0,0.7329187200853099
unsafe_writes,ab_bolster,1584,0,0,2,True,False,True,0.5171312229559041,0.5171312229559041
unsafe_writes,ab_bolster,1638,0,0,2,True,False,True,0.853340747129315,0.853340747129315
unsafe_writes,ab_bolster,1640,0,0,2,True,False,True,0.8753644835768843,0.8753644835768843
unsafe_writes,ab_bolster,1642,0,0,2,True,False,True,0.44468335927154096,0.44468335927154096
unsafe_writes,ab_bolster,1655,0,0,2,True,False,True,0.8665554790373716,0.8665554790373716
unsafe_writes,ab_bolster,1657,0,0,2,True,False,True,0.7539194522528091,0.7539194522528091
unsafe_writes,ab_bolster,1661,0,0,2,True,False,True,0.36089468052290763,0.36089468052290763
unsafe_writes,ab_bolster,1662,0,0,2,True,False,True,0.6844345996301642,0.6844345996301642
unsafe_writes,ab_bolster,1663,0,0,2,True,False,True,0.5550262924760918,0.5550262924760918
unsafe_writes,ab_bolster,1664,0,0,2,True,False,True,0.7349401575047396,0.7349401575047396
unsafe_writes,ab_bolster,1690,0,0,2,True,False,True,0.9151542899217546,0.9151542899217546
unsafe_writes,ab_bolster,1734,0,0,2,True,False,True,0.7348865795685608,0.7348865795685608
unsafe_writes,ab_bolster,1855,2,0,2,True,False,True,0.0,0.767156350034519
unsafe_writes,ab_bolster,1869,0,0,2,True,False,True,0.8669373815130704,0.8669373815130704
unsafe_writes,ab_bolster,1870,0,0,2,True,False,True,0.8595264207419855,0.8595264207419855
unsafe_writes,ab_bolster,1906,0,0,2,True,False,True,0.6100543191125798,0.6100543191125798
unsafe_writes,ab_bolster,1907,0,0,2,True,False,True,0.5846077006838282,0.5846077006838282
unsafe_writes,ab_bolster,1908,0,0,2,True,False,True,0.7766984106745742,0.7766984106745742
unsafe_writes,ab_bolster,1925,0,0,2,True,False,True,0.3826420770175623,0.3826420770175623
unsafe_writes,ab_bolster,1962,0,0,2,True,False,True,0.8402036054397279,0.8402036054397279
unsafe_writes,ab_bolster,1963,0,1,2,True,False,True,0.7408532532049373,0.030495787924187213
unsafe_writes,ab_bolster,2000,0,0,2,True,False,True,0.33026663811745766,0.33026663811745766
unsafe_writes,ab_bolster,2008,0,0,2,True,False,True,0.6973824332028125,0.6973824332028125
unsafe_writes,ab_bolster,2056,0,0,2,True,False,True,0.7400912215303206,0.7400912215303206
unsafe_writes,ab_bolster,2086,0,0,2,True,False,True,0.3844351255835366,0.3844351255835366
unsafe_writes,ab_bolster,2087,0,0,2,True,False,True,0.49225062127638136,0.49225062127638136
unsafe_writes,ab_bolster,2088,0,0,2,True,False,True,0.6344433711241774,0.6344433711241774
unsafe_writes,ab_bolster,2090,0,0,2,True,False,True,0.6384918305321095,0.6384918305321095
unsafe_writes,ab_bolster,2091,0,0,2,True,False,True,0.5813933928874097,0.5813933928874097
unsafe_writes,ab_bolster,2100,2,0,2,True,False,True,0.8807980599062292,0.563114896158846
unsafe_writes,ab_bolster,2110,0,0,2,True,False,True,0.7450607487546879,0.7450607487546879
unsafe_writes,ab_bolster,2112,0,0,2,True,False,True,0.8877037812947104,0.8877037812947104
unsafe_writes,ab_bolster,2113,0,0,2,True,False,True,0.7357984952893156,0.7357984952893156
unsafe_writes,ab_bolster,2115,0,0,2,True,False,True,0.7389377032486818,0.7389377032486818
unsafe_writes,ab_bolster,2117,0,0,2,True,False,True,0.8531659371918708,0.8531659371918708
unsafe_writes,ab_bolster,2137,0,0,2,True,False,True,0.7169403390275573,0.7169403390275573
unsafe_writes,ab_bolster,2138,2,0,2,True,False,True,0.8462443835325977,0.1519100104110264
unsafe_writes,ab_bolster,2139,0,0,2,True,False,True,0.4008283169526832,0.4008283169526832
unsafe_writes,ab_bolster,2140,0,0,2,True,False,True,0.5727339348100101,0.5727339348100101
unsafe_writes,ab_bolster,2173,0,0,2,True,False,True,0.8519849426741173,0.8519849426741173
unsafe_writes,ab_bolster,2174,0,0,2,True,False,True,0.2190088848644227,0.2190088848644227
unsafe_writes,ab_bolster,2175,0,0,2,True,False,True,0.7458266064388445,0.7458266064388445
unsafe_writes,ab_bolster,2232,0,0,2,True,False,True,0.455533068263484,0.455533068263484
unsafe_writes,ab_bolster,2233,0,0,2,True,False,True,0.2554038493837747,0.2554038493837747
unsafe_writes,ab_bolster,2234,0,0,2,True,False,True,0.5723178849302021,0.5723178849302021
unsafe_writes,ab_bolster,2249,2,0,2,True,False,True,0.5196116324383222,0.2875857579270796
unsafe_writes,ab_bolster,2250,0,0,2,True,False,True,0.1950287097767709,0.1950287097767709
unsafe_writes,ab_bolster,2256,0,0,2,True,False,True,0.0,0.0
unsafe_writes,ab_bolster,2261,0,0,2,True,False,True,0.0,0.0
unsafe_writes,ab_bolster,2263,0,0,2,True,False,True,0.0,0.0
unsafe_writes,ab_bolster,2264,0,2,0,False,False,True,0.0,0.0
unsafe_writes,ab_bolster,2277,0,0,2,True,False,True,0.7972848711656264,0.7972848711656264
unsafe_writes,ab_bolster,2278,0,0,2,True,False,True,0.9186825981933399,0.9186825981933399
unsafe_writes,ab_bolster,2287,0,0,2,True,False,True,0.5996904856118666,0.5996904856118666
unsafe_writes,ab_bolster,2290,0,0,2,True,False,True,0.800430433880465,0.800430433880465
unsafe_writes,ab_bolster,2291,0,0,2,True,False,True,0.44132116100186625,0.44132116100186625
unsafe_writes,ab_bolster,2292,0,0,2,True,False,True,0.7007495248981945,0.7007495248981945
unsafe_writes,ab_bolster,2316,0,0,2,True,False,True,0.700347019558522,0.700347019558522
unsafe_writes,ab_bolster,2317,0,0,2,True,False,True,0.6792447758144838,0.6792447758144838
unsafe_writes,ab_bolster,2318,0,0,2,True,False,True,0.8077026493056496,0.8077026493056496
unsafe_writes,ab_bolster,2344,0,0,2,True,False,True,0.665428400193649,0.665428400193649
unsafe_writes,ab_bolster,2358,0,0,2,True,False,True,0.72034037896228,0.72034037896228
unsafe_writes,ab_bolster,2365,0,0,2,True,False,True,0.5216770619442873,0.5216770619442873
unsafe_writes,ab_bolster,2366,0,1,0,False,False,True,0.2875335571667127,0.0
unsafe_writes,ab_bolster,2367,0,1,0,False,False,True,0.0,0.5289337571978606
unsafe_writes,ab_bolster,2369,0,0,2,True,False,True,0.7601015576651939,0.7601015576651939
unsafe_writes,ab_bolster,2372,0,0,2,True,False,True,0.40715287618494844,0.40715287618494844
unsafe_writes,ab_bolster,2397,0,1,0,False,False,True,0.14581869741825745,0.641276135234458
unsafe_writes,ab_bolster,2398,0,0,2,True,False,True,0.6864685742566662,0.6864685742566662
unsafe_writes,ab_bolster,2401,0,0,2,True,False,True,0.6533141710906956,0.6533141710906956
unsafe_writes,ab_bolster,2451,0,0,2,True,False,True,0.5844882555718807,0.5844882555718807
unsafe_writes,ab_bolster,2452,0,0,2,True,False,True,0.7214180275124711,0.7214180275124711
unsafe_writes,ab_bolster,2470,0,0,2,True,False,True,0.7660432725836053,0.7660432725836053
unsafe_writes,ab_bolster,2472,2,0,2,True,False,True,0.53466532771929,0.3099982433373502
unsafe_writes,ab_bolster,2474,0,0,2,True,False,True,0.45249784852893543,0.45249784852893543
unsafe_writes,ab_bolster,2475,0,0,2,True,False,True,0.47612541435091305,0.47612541435091305
unsafe_writes,ab_bolster,2476,0,0,2,True,False,True,0.44118381994859523,0.44118381994859523
unsafe_writes,ab_bolster,2477,0,0,2,True,False,True,0.3659117901635145,0.3659117901635145
unsafe_writes,ab_bolster,2478,0,0,2,True,False,True,0.6623625956170185,0.6623625956170185
unsafe_writes,ab_bolster,2480,0,0,2,True,False,True,0.8547299834068253,0.8547299834068253
unsafe_writes,ab_bolster,2482,0,0,2,True,False,True,0.7961317864933226,0.7961317864933226
unsafe_writes,ab_bolster,2483,0,0,2,True,False,True,0.633394746142093,0.633394746142093
unsafe_writes,ab_bolster,2484,0,0,2,True,False,True,0.7177263117119002,0.7177263117119002
unsafe_writes,ab_bolster,2485,0,0,2,True,False,True,0.5873557931004985,0.5873557931004985
unsafe_writes,ab_bolster,2486,0,0,2,True,False,True,0.5801236700778213,0.5801236700778213
unsafe_writes,ab_bolster,2487,0,0,2,True,False,True,0.555610433114714,0.555610433114714
unsafe_writes,ab_bolster,2488,0,0,2,True,False,True,0.45629486555203186,0.45629486555203186
unsafe_writes,ab_bolster,2489,0,0,2,True,False,True,0.3120722868862827,0.3120722868862827
unsafe_writes,ab_bolster,2490,0,0,2,True,False,True,0.17131617325155138,0.17131617325155138
unsafe_writes,ab_bolster,2491,0,0,2,True,False,True,0.05971283869169887,0.05971283869169887
unsafe_writes,ab_bolster,2492,0,0,0,False,False,True,0.06396257355372552,0.3546738536378898
unsafe_writes,ab_bolster,2500,0,1,2,True,False,True,0.758994591718759,0.0
unsafe_writes,ab_bolster,2502,0,0,2,True,False,True,0.0,0.0
unsafe_writes,ab_bolster,2503,0,0,2,True,False,True,0.0,0.0
unsafe_writes,ab_bolster,2504,2,0,2,True,False,True,0.0,0.5192005785482219
unsafe_writes,ab_bolster,2505,0,0,2,True,False,True,0.6307117999143015,0.6307117999143015
unsafe_writes,ab_bolster,2506,0,0,2,True,False,True,0.578799579477187,0.578799579477187
unsafe_writes,ab_bolster,2507,0,0,2,True,False,True,0.7415932667093572,0.7415932667093572
unsafe_writes,ab_bolster,2508,0,1,2,True,False,True,0.5190307602858822,0.0
unsafe_writes,ab_bolster,2509,0,0,2,True,False,True,0.00698207270636969,0.00698207270636969
unsafe_writes,ab_bolster,2511,0,0,2,True,False,True,0.5604697044106426,0.5604697044106426
unsafe_writes,ab_bolster,2514,0,0,2,True,False,True,0.6909086400615638,0.6909086400615638
unsafe_writes,ab_bolster,2515,0,0,2,True,False,True,0.4322503233087185,0.4322503233087185
unsafe_writes,ab_bolster,2517,0,0,2,True,False,True,0.41994317371415274,0.41994317371415274
unsafe_writes,ab_bolster,2518,2,1,2,True,False,True,0.2216938969011584,0.2833758381705308
unsafe_writes,ab_bolster,2519,0,0,2,True,False,True,0.3021261709017396,0.3021261709017396
unsafe_writes,ab_bolster,2520,0,0,2,True,False,True,0.4956552941205475,0.4956552941205475
unsafe_writes,ab_bolster,2521,0,0,2,True,False,True,0.6770908833718128,0.6770908833718128
unsafe_writes,ab_bolster,2522,0,0,2,True,False,True,0.5938307017626488,0.5938307017626488
unsafe_writes,ab_bolster,2523,0,0,2,True,False,True,0.5867976793628483,0.5867976793628483
unsafe_writes,ab_bolster,2524,0,0,2,True,False,True,0.6813814912851556,0.6813814912851556
unsafe_writes,ab_bolster,2525,0,0,2,True,False,True,0.667372980313935,0.667372980313935
unsafe_writes,ab_bolster,2526,0,0,2,True,False,True,0.46928279308476367,0.46928279308476367
unsafe_writes,ab_bolster,2527,0,0,2,True,False,True,0.7191111849188052,0.7191111849188052
unsafe_writes,ab_bolster,2528,2,0,2,True,False,True,0.8033800961489941,0.3511472504181036
unsafe_writes,ab_bolster,2529,0,0,2,True,False,True,0.167106435002336,0.167106435002336
unsafe_writes,ab_bolster,2530,0,0,2,True,False,True,0.027154083890716836,0.027154083890716836
unsafe_writes,ab_bolster,2531,0,0,2,True,False,True,0.0,0.0
unsafe_writes,ab_bolster,2532,0,0,2,True,False,True,0.0,0.0
unsafe_writes,ab_bolster,2533,0,0,2,True,False,True,0.5527073147952609,0.5527073147952609
unsafe_writes,ab_bolster,2534,0,0,2,True,False,True,0.6849996586782475,0.6849996586782475
unsafe_writes,ab_bolster,2535,0,0,2,True,False,True,0.5564884052299653,0.5564884052299653
unsafe_writes,ab_bolster,2536,0,0,2,True,False,True,0.47908735618878345,0.47908735618878345
unsafe_writes,ab_bolster,2537,0,0,2,True,False,True,0.734223477169256,0.734223477169256
unsafe_writes,ab_bolster,2538,0,0,2,True,False,True,0.861377834604404,0.861377834604404
unsafe_writes,ab_bolster,2540,0,0,2,True,False,True,0.8192617450603217,0.8192617450603217
unsafe_writes,ab_bolster,2541,0,0,2,True,False,True,0.13963005557716007,0.13963005557716007
unsafe_writes,ab_bolster,2554,0,0,2,True,False,True,0.5675109169564071,0.5675109169564071
unsafe_writes,ab_bolster,2555,0,0,2,True,False,True,0.39799095367997533,0.39799095367997533
unsafe_writes,ab_bolster,2557,0,0,2,True,False,True,0.4567090627255819,0.4567090627255819
unsafe_writes,ab_bolster,2558,0,0,2,True,False,True,0.5525465020503498,0.5525465020503498
unsafe_writes,ab_bolster,2560,0,0,2,True,False,True,0.44435012091973547,0.44435012091973547
unsafe_writes,ab_bolster,2561,0,0,2,True,False,True,0.13460182544295954,0.13460182544295954
unsafe_writes,ab_bolster,2562,0,0,2,True,False,True,0.6770681067338563,0.6770681067338563
unsafe_writes,ab_bolster,2565,0,0,2,True,False,True,0.0,0.0
unsafe_writes,ab_bolster,2566,0,0,2,True,False,True,0.0,0.0
unsafe_writes,ab_bolster,2568,0,1,2,True,False,True,0.01064117516961912,0.6430197482326092
unsafe_writes,ab_bolster,2574,0,0,2,True,False,True,0.7274488420204488,0.7274488420204488
unsafe_writes,ab_bolster,2579,0,0,2,True,False,True,0.5532991062568726,0.5532991062568726
unsafe_writes,ab_bolster,2580,0,0,2,True,False,True,0.4907317362776955,0.4907317362776955
unsafe_writes,ab_bolster,2581,0,0,2,True,False,True,0.4371788713253249,0.4371788713253249
unsafe_writes,ab_bolster,2582,0,0,2,True,False,True,0.43950688366583274,0.43950688366583274
unsafe_writes,ab_bolster,2583,0,0,2,True,False,True,0.41016517976518146,0.41016517976518146
unsafe_writes,ab_bolster,2585,0,0,2,True,False,True,0.5295960469243308,0.5295960469243308
unsafe_writes,ab_bolster,2591,0,0,2,True,False,True,0.46893253781019156,0.46893253781019156
unsafe_writes,ab_bolster,2592,0,0,2,True,False,True,0.22066697114834868,0.22066697114834868
unsafe_writes,ab_bolster,2593,0,0,2,True,False,True,0.21421007435638195,0.21421007435638195
unsafe_writes,ab_bolster,2594,0,0,2,True,False,True,0.15635055426934852,0.15635055426934852
unsafe_writes,ab_bolster,2596,0,0,2,True,False,True,0.15738643662689583,0.15738643662689583
unsafe_writes,ab_bolster,2597,0,0,2,True,False,True,0.08683478347438024,0.08683478347438024
unsafe_writes,ab_bolster,2598,0,0,2,True,False,True,0.027998053382914077,0.027998053382914077
unsafe_writes,ab_bolster,2599,0,0,2,True,False,True,0.013686079810973714,0.7449901916047174
unsafe_writes,ab_bolster,2600,0,0,2,True,False,True,0.6824471991963816,0.6824471991963816
unsafe_writes,ab_bolster,2601,0,1,0,False,False,True,0.6985912159491507,0.0
unsafe_writes,ab_bolster,2602,2,0,2,True,False,True,0.0,0.4250206961658542
unsafe_writes,ab_bolster,2603,0,0,2,True,False,True,0.17607168263411033,0.17607168263411033
unsafe_writes,ab_bolster,2604,0,0,2,True,False,True,0.05283016689275137,0.05283016689275137
unsafe_writes,ab_bolster,2606,0,0,2,True,False,True,0.12088235684304689,0.12088235684304689
unsafe_writes,ab_bolster,2607,0,0,2,True,False,True,0.11095151420361489,0.11095151420361489
unsafe_writes,ab_bolster,2608,0,0,2,True,False,True,0.16373534704026765,0.16373534704026765
unsafe_writes,ab_bolster,2609,0,0,2,True,False,True,0.27399467466766453,0.27399467466766453
unsafe_writes,ab_bolster,2623,0,0,2,True,False,True,0.35828252438116975,0.35828252438116975
unsafe_writes,ab_bolster,2624,0,0,2,True,False,True,0.5413368553390054,0.5413368553390054
unsafe_writes,ab_bolster,2626,0,0,2,True,False,True,0.6769136605194125,0.6769136605194125
unsafe_writes,ab_bolster,2627,0,0,2,True,False,True,0.6149708008879385,0.6149708008879385
unsafe_writes,ab_bolster,2628,0,0,2,True,False,True,0.27705004845571907,0.27705004845571907
unsafe_writes,ab_bolster,2629,0,0,2,True,False,True,0.1761364473553313,0.1761364473553313
unsafe_writes,ab_bolster,2630,0,0,2,True,False,True,0.19744320379734157,0.19744320379734157
unsafe_writes,ab_bolster,2631,0,0,2,True,False,True,0.2400137400623483,0.2400137400623483
unsafe_writes,ab_bolster,2632,0,0,2,True,False,True,0.2668473462449554,0.2668473462449554
unsafe_writes,ab_bolster,2633,0,0,2,True,False,True,0.3782243856189007,0.3782243856189007
unsafe_writes,ab_bolster,2634,0,0,2,True,False,True,0.533668028172646,0.533668028172646
unsafe_writes,ab_bolster,2635,0,0,2,True,False,True,0.5302096876756432,0.5302096876756432
unsafe_writes,ab_bolster,2636,0,0,2,True,False,True,0.3402431693171745,0.3402431693171745
unsafe_writes,ab_bolster,2637,0,0,2,True,False,True,0.5308544372054868,0.5308544372054868
unsafe_writes,ab_bolster,2638,0,0,2,True,False,True,0.7417499015387921,0.7417499015387921
unsafe_writes,ab_bolster,2779,0,0,2,True,False,True,0.5134869874100211,0.5134869874100211
unsafe_writes,ab_bolster,2780,0,0,2,True,False,True,0.37940036565122537,0.37940036565122537
unsafe_writes,ab_bolster,2781,0,0,2,True,False,True,0.2926895566145968,0.2926895566145968
unsafe_writes,ab_bolster,2782,0,0,2,True,False,True,0.33987143290045824,0.33987143290045824
unsafe_writes,ab_bolster,2783,0,0,2,True,False,True,0.11637552924447157,0.11637552924447157
unsafe_writes,ab_bolster,2784,0,0,2,True,False,True,0.08149682998441497,0.08149682998441497
unsafe_writes,ab_bolster,2788,0,0,2,True,False,True,0.7240408789298901,0.7240408789298901
unsafe_writes,ab_bolster,2801,0,0,2,True,False,True,0.5167612595326437,0.5167612595326437
unsafe_writes,ab_bolster,2806,0,0,2,True,False,True,0.6486794963551525,0.6486794963551525
unsafe_writes,ab_bolster,2808,0,0,2,True,False,True,0.3664268894496066,0.3664268894496066
unsafe_writes,ab_bolster,2809,0,0,2,True,False,True,0.5312985691431877,0.5312985691431877
unsafe_writes,ab_bolster,2810,0,0,2,True,False,True,0.4619341919298657,0.4619341919298657
unsafe_writes,ab_bolster,2811,0,0,2,True,False,True,0.487965013720982,0.487965013720982
unsafe_writes,ab_bolster,2813,0,0,2,True,False,True,0.4987549995868355,0.4987549995868355
unsafe_writes,ab_bolster,2814,0,0,2,True,False,True,0.5474953489655922,0.5474953489655922
unsafe_writes,ab_bolster,2817,0,0,2,True,False,True,0.14911751400634415,0.14911751400634415
unsafe_writes,ab_bolster,2818,0,0,2,True,False,True,0.45031991611299343,0.45031991611299343
unsafe_writes,ab_bolster,2819,0,0,2,True,False,True,0.48357824341942984,0.48357824341942984
unsafe_writes,ab_bolster,2820,0,0,2,True,False,True,0.5410957660829512,0.5410957660829512
unsafe_writes,ab_bolster,2821,0,0,2,True,False,True,0.5108750169012082,0.5108750169012082
unsafe_writes,ab_bolster,2822,0,0,2,True,False,True,0.17566801788520686,0.17566801788520686
unsafe_writes,ab_bolster,2823,0,0,2,True,False,True,0.10378338311524822,0.10378338311524822
unsafe_writes,ab_bolster,2824,0,0,2,True,False,True,0.11543986930109676,0.11543986930109676
unsafe_writes,ab_bolster,2825,2,1,2,True,False,True,0.26857689121066347,0.5187615489774714
unsafe_writes,ab_bolster,2826,0,0,2,True,False,True,0.48041528527152555,0.48041528527152555
unsafe_writes,ab_bolster,2827,0,0,2,True,False,True,0.3447438740636595,0.3447438740636595
unsafe_writes,ab_bolster,2829,0,0,2,True,False,True,0.41672881216037944,0.41672881216037944
unsafe_writes,ab_bolster,2831,0,0,2,True,False,True,0.47848173642296776,0.47848173642296776
unsafe_writes,ab_bolster,2833,0,0,2,True,False,True,0.24268471422868163,0.24268471422868163
unsafe_writes,ab_bolster,2834,0,0,2,True,False,True,0.3908956817866163,0.3908956817866163
unsafe_writes,ab_bolster,2835,0,0,2,True,False,True,0.5821417163784979,0.5821417163784979
unsafe_writes,ab_bolster,2836,0,0,2,True,False,True,0.6086759738170158,0.6086759738170158
unsafe_writes,ab_bolster,2837,0,0,2,True,False,True,0.67897137176843,0.67897137176843
unsafe_writes,ab_bolster,2838,0,0,2,True,False,True,0.7768482238993847,0.7768482238993847
unsafe_writes,ab_bolster,2839,0,0,2,True,False,True,0.5981064477646775,0.5981064477646775
unsafe_writes,ab_bolster,2840,0,0,2,True,False,True,0.6975768951979547,0.6975768951979547
unsafe_writes,ab_bolster,2841,0,0,2,True,False,True,0.5734107008936663,0.5734107008936663
unsafe_writes,ab_bolster,2844,0,0,2,True,False,True,0.7141785656336063,0.7141785656336063
unsafe_writes,ab_bolster,2845,0,0,2,True,False,True,0.700221589237316,0.700221589237316
unsafe_writes,ab_bolster,2854,0,0,2,True,False,True,0.53696080615368,0.53696080615368
unsafe_writes,ab_bolster,2856,0,0,2,True,False,True,0.6432419893955156,0.6432419893955156
unsafe_writes,ab_bolster,2859,0,0,2,True,False,True,0.6840750275934252,0.6840750275934252
unsafe_writes,ab_bolster,2861,0,0,2,True,False,True,0.6034024615521437,0.6034024615521437
unsafe_writes,ab_bolster,2864,2,0,2,True,False,True,0.7467779642584271,0.24989390394476507
unsafe_writes,ab_bolster,2865,0,0,2,True,False,True,0.5845609416009628,0.5845609416009628
unsafe_writes,ab_bolster,2866,0,0,2,True,False,True,0.409906753449463,0.409906753449463
unsafe_writes,ab_bolster,2867,0,0,2,True,False,True,0.5195627169278227,0.5195627169278227
unsafe_writes,ab_bolster,2868,0,0,2,True,False,True,0.29385324878070096,0.29385324878070096
unsafe_writes,ab_bolster,2869,0,0,2,True,False,True,0.5414834967106746,0.5414834967106746
unsafe_writes,ab_bolster,2870,0,0,2,True,False,True,0.5302873862056426,0.5302873862056426
unsafe_writes,ab_bolster,2871,0,0,2,True,False,True,0.8030848787363816,0.8030848787363816
unsafe_writes,ab_bolster,2872,0,0,2,True,False,True,0.7848986290564406,0.7848986290564406
unsafe_writes,ab_bolster,2873,0,0,2,True,False,True,0.7339411047041535,0.7339411047041535
unsafe_writes,ab_bolster,2874,0,0,2,True,False,True,0.593235281138529,0.593235281138529
unsafe_writes,ab_bolster,2879,2,0,2,True,False,True,0.5252906314067519,0.460830439571872
unsafe_writes,ab_bolster,2880,0,0,2,True,False,True,0.41938198663689136,0.41938198663689136
unsafe_writes,ab_bolster,2881,0,0,2,True,False,True,0.6778194136729975,0.6778194136729975
unsafe_writes,ab_bolster,2882,0,0,2,True,False,True,0.5324147892793036,0.5324147892793036
unsafe_writes,ab_bolster,2883,0,0,2,True,False,True,0.4649691426653591,0.4649691426653591
unsafe_writes,ab_bolster,2884,0,0,2,True,False,True,0.2485440116558455,0.2485440116558455
unsafe_writes,ab_bolster,2885,0,0,2,True,False,True,0.05115037701203321,0.05115037701203321
unsafe_writes,ab_bolster,2886,0,0,2,True,False,True,0.018494855545334806,0.018494855545334806
unsafe_writes,ab_bolster,2887,0,0,2,True,False,True,0.0,0.0
unsafe_writes,ab_bolster,2888,0,0,2,True,False,True,0.0,0.0
unsafe_writes,ab_bolster,2889,0,0,2,True,False,True,0.0,0.0
unsafe_writes,ab_bolster,2891,0,0,2,True,False,True,0.0,0.0
unsafe_writes,ab_bolster,2892,0,0,2,True,False,True,0.0,0.0
unsafe_writes,ab_bolster,2893,0,0,2,True,False,True,0.0,0.0
unsafe_writes,ab_bolster,2894,0,0,0,False,False,True,0.0,0.20721418422869978
unsafe_writes,ab_bolster,2897,0,0,2,True,False,True,0.7836303631515434,0.7836303631515434
unsafe_writes,ab_bolster,2899,2,0,2,True,False,True,0.053988940183160264,0.03809813301798059
unsafe_writes,ab_bolster,2907,0,0,2,True,False,True,0.704958298464096,0.704958298464096
unsafe_writes,ab_bolster,2908,0,0,2,True,False,True,0.7847246523267742,0.7847246523267742
unsafe_writes,ab_bolster,2909,0,1,2,True,False,True,0.34794480732660193,0.0
unsafe_writes,ab_bolster,2910,0,3,0,False,False,True,0.0,0.5500297946785025
unsafe_writes,ab_bolster,2911,2,0,2,True,False,True,0.8214301486824286,0.7428211705879304
unsafe_writes,ab_bolster,2920,0,1,2,True,False,True,0.7291171550416651,0.0
unsafe_writes,ab_bolster,2921,2,0,2,True,False,True,0.0,0.7107070310626604
unsafe_writes,ab_bolster,2922,0,1,0,False,False,True,0.731607056336975,0.0
unsafe_writes,ab_bolster,2923,0,1,0,False,False,True,0.0,0.0
unsafe_writes,ab_bolster,2929,0,0,2,True,False,True,0.0,0.0
unsafe_writes,ab_bolster,2930,0,0,0,False,False,True,0.0,0.0
unsafe_writes,ab_bolster,2934,0,1,0,False,False,True,0.0,0.0
unsafe_writes,ab_bolster,2936,0,0,0,False,False,True,0.0,0.0
unsafe_writes,ab_bolster,2937,0,1,0,False,False,True,0.0,0.0
unsafe_writes,ab_bolster,2938,0,0,2,True,False,True,0.0,0.0
unsafe_writes,ab_bolster,2939,0,1,2,True,False,True,0.0,0.0
unsafe_writes,ab_bolster,2940,0,1,0,False,False,True,0.0,0.0
unsafe_writes,ab_bolster,2945,0,0,2,True,False,True,0.0,0.0
unsafe_writes,ab_bolster,2946,0,0,2,True,False,True,0.0,0.0
unsafe_writes,ab_bolster,2947,2,0,2,True,False,True,0.0,0.7444594222936718
unsafe_writes,ab_bolster,2974,2,0,2,True,False,True,0.42495839445553046,0.47087553541524696
unsafe_writes,ab_bolster,2975,0,0,2,True,False,True,0.47597330692844414,0.47597330692844414
unsafe_writes,ab_bolster,2989,0,0,2,True,False,True,0.6409036869916563,0.6409036869916563
unsafe_writes,ab_bolster,2990,0,1,0,False,False,True,0.6517147787137302,0.0
unsafe_writes,ab_bolster,2992,0,0,2,True,False,True,0.19567991903940035,0.19567991903940035
unsafe_writes,ab_bolster,2994,2,0,2,True,False,True,0.3994342636466498,0.6380601694412121
unsafe_writes,ab_bolster,3004,0,0,2,True,False,True,0.7170813550868006,0.7170813550868006
unsafe_writes,ab_bolster,3005,0,0,2,True,False,True,0.572366017345849,0.572366017345849
unsafe_writes,ab_bolster,3010,2,0,2,True,False,True,0.6451886762711089,0.41756696490743295
unsafe_writes,ab_bolster,3012,0,0,2,True,False,True,0.7040527844544376,0.7040527844544376
unsafe_writes,ab_bolster,3013,0,0,2,True,False,True,0.734286606414585,0.734286606414585
unsafe_writes,ab_bolster,3014,2,0,2,True,False,True,0.769155437858652,0.0
unsafe_writes,ab_bolster,3015,0,0,2,True,False,True,0.0,0.0
unsafe_writes,ab_bolster,3016,0,0,2,True,False,True,0.032083608019194715,0.032083608019194715
unsafe_writes,ab_bolster,3017,0,0,2,True,False,True,0.0,0.0
unsafe_writes,ab_bolster,3018,2,0,2,True,False,True,0.01723963578861711,0.2578301121307807
unsafe_writes,ab_bolster,3019,0,0,2,True,False,True,0.3428900172228671,0.3428900172228671
unsafe_writes,ab_bolster,3037,0,0,2,True,False,True,0.0987670418755044,0.0987670418755044
unsafe_writes,ab_bolster,3038,0,0,2,True,False,True,0.051354687553773364,0.051354687553773364
unsafe_writes,ab_bolster,3040,0,1,0,False,False,True,0.0,0.47592578667547225
unsafe_writes,ab_bolster,3043,2,0,2,True,False,True,0.2988109142094047,0.0
unsafe_writes,ab_bolster,3044,0,0,2,True,False,True,0.0,0.0
unsafe_writes,ab_bolster,3045,0,2,2,True,False,True,0.0,0.0
unsafe_writes,ab_bolster,3046,2,1,2,True,False,True,0.0,0.0
unsafe_writes,ab_bolster,3047,0,0,2,True,False,True,0.1471663925660232,0.1471663925660232
unsafe_writes,ab_bolster,3072,0,0,2,True,False,True,0.6405199910166961,0.6405199910166961
unsafe_writes,ab_bolster,3078,0,0,2,True,False,True,0.37247850061628274,0.37247850061628274
unsafe_writes,ab_bolster,3079,0,0,2,True,False,True,0.144878311633311,0.144878311633311
unsafe_writes,ab_bolster,3087,0,0,2,True,False,True,0.13684807432780285,0.13684807432780285
unsafe_writes,ab_bolster,3089,0,0,2,True,False,True,0.3910709160323015,0.3910709160323015
unsafe_writes,ab_bolster,3091,0,0,2,True,False,True,0.07353335638248444,0.07353335638248444
unsafe_writes,ab_bolster,3092,0,0,2,True,False,True,0.12229645445162864,0.12229645445162864
unsafe_writes,ab_bolster,3093,2,0,2,True,False,True,0.25587756737291834,0.42433718730281256
unsafe_writes,ab_bolster,3095,0,0,2,True,False,True,0.3239075737779873,0.3239075737779873
unsafe_writes,ab_bolster,3106,0,0,2,True,False,True,0.22804967412423294,0.22804967412423294
unsafe_writes,ab_bolster,3109,0,0,2,True,False,True,0.3506730419547376,0.3506730419547376
unsafe_writes,ab_bolster,3117,0,0,2,True,False,True,0.4952743261722289,0.4952743261722289
unsafe_writes,ab_bolster,3119,2,1,2,True,False,True,0.39807205742211244,0.3526313897388743
unsafe_writes,ab_bolster,3120,0,0,2,True,False,True,0.3970919617449389,0.3970919617449389
unsafe_writes,ab_bolster,3121,0,0,2,True,False,True,0.533007241489478,0.533007241489478
unsafe_writes,ab_bolster,3123,0,0,2,True,False,True,0.4570326219174659,0.4570326219174659
unsafe_writes,ab_bolster,3124,0,0,2,True,False,True,0.5268293128665387,0.5268293128665387
unsafe_writes,ab_bolster,3125,0,0,2,True,False,True,0.5962919989252126,0.5962919989252126
unsafe_writes,ab_bolster,3126,0,0,2,True,False,True,0.11990986842761567,0.11990986842761567
unsafe_writes,ab_bolster,3127,0,0,2,True,False,True,0.11844646581930521,0.11844646581930521
unsafe_writes,ab_bolster,3130,2,4,2,True,False,True,0.3056635691908164,0.2404833587503172
unsafe_writes,ab_bolster,3131,0,0,2,True,False,True,0.30129259312839585,0.30129259312839585
unsafe_writes,ab_bolster,3132,0,1,2,True,False,True,0.2351292474225027,0.0
unsafe_writes,ab_bolster,3133,0,2,0,False,False,True,0.0,0.0
unsafe_writes,ab_bolster,3134,0,1,2,True,False,True,0.0,0.0
unsafe_writes,ab_bolster,3135,0,0,2,True,False,True,0.0,0.0
unsafe_writes,ab_bolster,3136,0,0,2,True,False,True,0.0,0.0
unsafe_writes,ab_bolster,3137,0,0,2,True,False,True,0.0,0.0
unsafe_writes,ab_bolster,3138,0,0,2,True,False,True,0.0,0.0
unsafe_writes,ab_bolster,3139,0,0,2,True,False,True,0.0,0.0
unsafe_writes,ab_bolster,3140,2,3,2,True,False,True,0.0,0.0
unsafe_writes,ab_bolster,3142,0,3,0,False,False,True,0.0,0.0
unsafe_writes,ab_bolster,3143,2,1,2,True,False,True,0.0,0.04139996173491346
unsafe_writes,ab_bolster,3144,2,1,2,True,False,True,0.07371383450078853,0.02816069723017187
unsafe_writes,ab_bolster,3145,0,0,2,True,False,True,0.1356052623633889,0.1356052623633889
unsafe_writes,ab_bolster,3146,0,0,2,True,False,True,0.18955592403279434,0.18955592403279434
unsafe_writes,ab_bolster,3147,2,0,2,True,False,True,0.09909572923148577,0.1300636089548162
unsafe_writes,ab_bolster,3148,0,0,2,True,False,True,0.1531363190216123,0.1531363190216123
unsafe_writes,ab_bolster,3149,0,0,2,True,False,True,0.16721006688616155,0.16721006688616155
unsafe_writes,ab_bolster,3150,2,0,2,True,False,True,0.188316399193586,0.13046254114072497
unsafe_writes,ab_bolster,3151,0,0,2,True,False,True,0.09420344499382649,0.09420344499382649
unsafe_writes,ab_bolster,3152,0,0,2,True,False,True,0.09851446013321895,0.09851446013321895
unsafe_writes,ab_bolster,3153,2,0,2,True,False,True,0.13733056486495449,0.10970943680534366
unsafe_writes,ab_bolster,3154,0,0,2,True,False,True,0.12403567737028849,0.12403567737028849
unsafe_writes,ab_bolster,3155,0,0,2,True,False,True,0.003936637603559114,0.003936637603559114
unsafe_writes,ab_bolster,3156,0,0,2,True,False,True,0.0,0.0
unsafe_writes,ab_bolster,3157,2,0,2,True,False,True,0.0,0.1817136056851726
unsafe_writes,ab_bolster,3158,0,0,2,True,False,True,0.2697861502552324,0.2697861502552324
unsafe_writes,ab_bolster,3159,0,0,2,True,False,True,0.3276000343361585,0.3276000343361585
unsafe_writes,ab_bolster,3160,2,0,2,True,False,True,0.3863378270331824,0.2988951123521858
unsafe_writes,ab_bolster,3161,0,0,2,True,False,True,0.5625208288259946,0.5625208288259946
unsafe_writes,ab_bolster,3162,0,0,2,True,False,True,0.5399238418914852,0.5399238418914852
unsafe_writes,ab_bolster,3167,0,0,2,True,False,True,0.5468664392856603,0.5468664392856603
unsafe_writes,ab_bolster,3170,2,0,2,True,False,True,0.6657623107958532,0.7254661417100849
unsafe_writes,ab_bolster,3171,0,0,2,True,False,True,0.742701158720033,0.742701158720033
unsafe_writes,ab_bolster,3172,0,0,2,True,False,True,0.6208207862833056,0.6208207862833056
unsafe_writes,ab_bolster,3174,0,0,2,True,False,True,0.44700505016203385,0.44700505016203385
unsafe_writes,ab_bolster,3175,2,0,2,True,False,True,0.4702343069679468,0.9086794891094966
unsafe_writes,ab_bolster,3177,0,0,2,True,False,True,0.5281874346995284,0.5281874346995284
unsafe_writes,ab_bolster,3187,0,0,2,True,False,True,0.4429173200641865,0.4429173200641865
unsafe_writes,ab_bolster,3188,0,0,2,True,False,True,0.5748330168624889,0.5748330168624889
unsafe_writes,ab_bolster,3189,0,0,2,True,False,True,0.4686742766866558,0.4686742766866558
unsafe_writes,ab_bolster,3190,0,0,2,True,False,True,0.5934681706053001,0.5934681706053001
unsafe_writes,ab_bolster,3197,0,0,2,True,False,True,0.4649198088058265,0.4649198088058265
unsafe_writes,ab_bolster,3199,0,0,2,True,False,True,0.5638431895004375,0.5638431895004375
unsafe_writes,ab_bolster,3214,0,0,2,True,False,True,0.6198577033337574,0.6198577033337574
unsafe_writes,ab_bolster,3215,0,0,2,True,False,True,0.35713326010495144,0.35713326010495144
unsafe_writes,ab_bolster,3216,0,0,2,True,False,True,0.2678368518300086,0.2678368518300086
unsafe_writes,ab_bolster,3217,0,0,2,True,False,True,0.38988675231490044,0.38988675231490044
unsafe_writes,ab_bolster,3218,0,0,2,True,False,True,0.5140003738578202,0.5140003738578202
unsafe_writes,ab_bolster,3219,0,0,2,True,False,True,0.5248348743950094,0.5248348743950094
unsafe_writes,ab_bolster,3220,0,0,2,True,False,True,0.6514276348842691,0.6514276348842691
unsafe_writes,ab_bolster,3221,0,0,2,True,False,True,0.5460368449363608,0.5460368449363608
unsafe_writes,ab_bolster,3222,2,0,2,True,False,True,0.5066942847561774,0.21356233726824228
unsafe_writes,ab_bolster,3223,0,0,2,True,False,True,0.26582069893156696,0.26582069893156696
unsafe_writes,ab_bolster,3224,0,0,2,True,False,True,0.24450772325743805,0.24450772325743805
unsafe_writes,ab_bolster,3226,0,0,2,True,False,True,0.17374382156136442,0.17374382156136442
unsafe_writes,ab_bolster,3227,0,0,2,True,False,True,0.14934600553858837,0.14934600553858837
unsafe_writes,ab_bolster,3228,0,0,2,True,False,True,0.574634626565201,0.574634626565201
unsafe_writes,ab_bolster,3229,0,0,2,True,False,True,0.20571104386659725,0.20571104386659725
unsafe_writes,ab_bolster,3234,0,0,2,True,False,True,0.23160565302842523,0.23160565302842523
unsafe_writes,ab_bolster,3235,0,0,2,True,False,True,0.20374089291632183,0.20374089291632183
unsafe_writes,ab_bolster,3236,2,1,2,True,False,True,0.201381380196468,0.3677102497818059
unsafe_writes,ab_bolster,3237,0,0,2,True,False,True,0.6531579775221732,0.6531579775221732
unsafe_writes,ab_bolster,3238,0,0,2,True,False,True,0.7683451622585409,0.7683451622585409
unsafe_writes,ab_bolster,3239,0,0,2,True,False,True,0.6647158385459659,0.6647158385459659
unsafe_writes,ab_bolster,3240,2,0,2,True,False,True,0.25521493068872547,0.1391959551128152
unsafe_writes,ab_bolster,3253,2,0,2,True,False,True,0.45957677358084786,0.675931309532455
unsafe_writes,ab_bolster,3256,0,0,2,True,False,True,0.5236015320320563,0.5236015320320563
unsafe_writes,ab_bolster,3260,0,3,0,False,False,True,0.41129140166081357,0.0
unsafe_writes,ab_bolster,3261,0,1,2,True,False,True,0.0,0.0
unsafe_writes,ab_bolster,3262,0,1,0,False,False,True,0.0,0.04327049779647391
unsafe_writes,ab_bolster,3267,0,0,2,True,False,True,0.0,0.0
unsafe_writes,ab_bolster,3271,0,0,2,True,False,True,0.0,0.0
unsafe_writes,ab_bolster,3272,2,0,2,True,False,True,0.0,0.0
unsafe_writes,ab_bolster,3273,0,0,2,True,False,True,0.00677152851431711,0.00677152851431711
unsafe_writes,ab_bolster,3274,2,0,2,True,False,True,0.4048094536092068,0.005577208775018241
unsafe_writes,ab_bolster,3275,0,0,2,True,False,True,0.6336530819318069,0.6336530819318069
unsafe_writes,ab_bolster,3276,2,0,2,True,False,True,0.6718585277007633,0.09306662490663961
unsafe_writes,ab_bolster,3277,0,0,0,False,False,True,0.036422158211256904,0.6620772259298718
unsafe_writes,ab_bolster,3278,0,0,2,True,False,True,0.5998226069286536,0.5998226069286536
unsafe_writes,ab_bolster,3279,0,0,2,True,False,True,0.9298109688777774,0.9298109688777774
unsafe_writes,ab_bolster,3280,2,0,2,True,False,True,0.5292238609648948,0.10990996202867324
unsafe_writes,ab_bolster,3281,0,0,2,True,False,True,0.6023699038943827,0.6023699038943827
unsafe_writes,ab_bolster,3290,0,0,2,True,False,True,0.5093674553779871,0.5093674553779871
unsafe_writes,ab_bolster,3291,0,0,2,True,False,True,0.6419563914104224,0.6419563914104224
unsafe_writes,ab_bolster,3292,0,0,2,True,False,True,0.8041485427484751,0.8041485427484751
unsafe_writes,ab_bolster,3293,0,0,2,True,False,True,0.6414083488684137,0.6414083488684137
unsafe_writes,ab_bolster,3294,0,0,2,True,False,True,0.8973728983704025,0.8973728983704025
unsafe_writes,ab_bolster,3295,2,2,2,True,False,True,0.8059997917170919,0.0
unsafe_writes,ab_bolster,3298,0,0,2,True,False,True,0.0,0.0
unsafe_writes,ab_bolster,3300,2,0,2,True,False,True,0.0,0.0
unsafe_writes,ab_bolster,3301,0,0,2,True,False,True,0.0,0.0
unsafe_writes,ab_bolster,3302,2,0,2,True,False,True,0.13157476785586536,0.0
unsafe_writes,ab_bolster,3303,0,0,2,True,False,True,0.0,0.0
unsafe_writes,ab_bolster,3304,2,0,2,True,False,True,0.23914435172701531,0.06109244391450282
unsafe_writes,ab_bolster,3306,0,0,2,True,False,True,0.5628920045359291,0.5628920045359291
unsafe_writes,ab_bolster,3312,0,0,2,True,False,True,0.6236820473820011,0.6236820473820011
unsafe_writes,ab_bolster,3313,2,0,2,True,False,True,0.6861483441350497,0.015895548945794022
unsafe_writes,ab_bolster,3314,0,0,2,True,False,True,0.7760752030233401,0.7760752030233401
unsafe_writes,ab_bolster,3316,2,0,2,True,False,True,0.7002361790959863,0.011165336702301984
unsafe_writes,ab_bolster,3317,0,0,2,True,False,True,0.8173136776868156,0.8173136776868156
unsafe_writes,ab_bolster,3318,0,0,2,True,False,True,0.6638302328425314,0.6638302328425314
unsafe_writes,ab_bolster,3319,2,0,2,True,False,True,0.5414973732939234,0.023938750754226145
unsafe_writes,ab_bolster,3320,0,0,2,True,False,True,0.0,0.7243274545343429
unsafe_writes,ab_bolster,3321,0,0,2,True,False,True,0.842848251547606,0.842848251547606
unsafe_writes,ab_bolster,3322,0,0,2,True,False,True,0.6453279180885042,0.6453279180885042
unsafe_writes,ab_bolster,3323,0,0,2,True,False,True,0.6499863184546344,0.6499863184546344
unsafe_writes,ab_bolster,3331,0,0,2,True,False,True,0.6326876691039818,0.6326876691039818
unsafe_writes,ab_bolster,3332,0,0,2,True,False,True,0.4576586036303851,0.4576586036303851
unsafe_writes,ab_bolster,3333,0,0,2,True,False,True,0.1450871488943436,0.1450871488943436
unsafe_writes,ab_bolster,3334,0,0,2,True,False,True,0.14931692682541117,0.14931692682541117
unsafe_writes,ab_bolster,3337,2,0,2,True,False,True,0.4983291843741454,0.36450237681206404
unsafe_writes,ab_bolster,3338,0,0,2,True,False,True,0.3036242837721555,0.3036242837721555
unsafe_writes,ab_bolster,3341,0,0,2,True,False,True,0.31968581789161316,0.31968581789161316
unsafe_writes,ab_bolster,3342,0,0,2,True,False,True,0.3533373919497687,0.3533373919497687
unsafe_writes,ab_bolster,3346,0,0,2,True,False,True,0.41130338347512807,0.41130338347512807
unsafe_writes,ab_bolster,3351,0,0,2,True,False,True,0.5215524695362909,0.5215524695362909
unsafe_writes,ab_bolster,3352,0,0,2,True,False,True,0.4523233599984174,0.4523233599984174
unsafe_writes,ab_bolster,3357,0,0,2,True,False,True,0.6804277065075697,0.6804277065075697
unsafe_writes,ab_bolster,3358,0,0,2,True,False,True,0.5966934815600197,0.5966934815600197
unsafe_writes,ab_bolster,3360,0,0,2,True,False,True,0.5144629943629859,0.5144629943629859
unsafe_writes,ab_bolster,3361,0,0,2,True,False,True,0.5368760744357511,0.5368760744357511
unsafe_writes,ab_bolster,3362,0,0,2,True,False,True,0.5587368254419364,0.5587368254419364
unsafe_writes,ab_bolster,3367,0,0,2,True,False,True,0.40635825185674557,0.40635825185674557
unsafe_writes,ab_bolster,3381,0,0,2,True,False,True,0.6434156495086089,0.6434156495086089
unsafe_writes,ab_bolster,3382,0,0,2,True,False,True,0.5448822158499956,0.5448822158499956
unsafe_writes,ab_bolster,3384,0,0,2,True,False,True,0.598385330472831,0.598385330472831
unsafe_writes,ab_bolster,3385,0,0,0,False,False,True,0.3900792947235314,0.5864091764561141
unsafe_writes,ab_bolster,3386,0,0,2,True,False,True,0.21073790996292707,0.21073790996292707
unsafe_writes,ab_bolster,3387,0,0,2,True,False,True,0.2758327723620146,0.2758327723620146
unsafe_writes,ab_bolster,3388,0,0,2,True,False,True,0.17013217384242257,0.17013217384242257
unsafe_writes,ab_bolster,3389,0,1,0,False,False,True,0.49395792317081466,0.7965860411567275
unsafe_writes,ab_bolster,3390,0,0,2,True,False,True,0.4010440133323727,0.4010440133323727
unsafe_writes,ab_bolster,3391,0,0,2,True,False,True,0.6082443842095435,0.6082443842095435
unsafe_writes,ab_bolster,3392,0,0,2,True,False,True,0.5818958784459972,0.5818958784459972
unsafe_writes,ab_bolster,3393,0,0,2,True,False,True,0.5528283781745422,0.5528283781745422
unsafe_writes,ab_bolster,3398,0,0,2,True,False,True,0.6397598682625318,0.6397598682625318
unsafe_writes,ab_bolster,3400,0,0,2,True,False,True,0.4582651292227411,0.4582651292227411
unsafe_writes,ab_bolster,3403,0,0,2,True,False,True,0.348114925538036,0.348114925538036
unsafe_writes,ab_bolster,3404,0,0,2,True,False,True,0.5968898262215033,0.5968898262215033
unsafe_writes,ab_bolster,3405,0,0,2,True,False,True,0.48189703525732547,0.48189703525732547
unsafe_writes,ab_bolster,3406,0,0,2,True,False,True,0.2991826053658063,0.2991826053658063
unsafe_writes,ab_bolster,3407,0,0,2,True,False,True,0.32365022239282526,0.32365022239282526
unsafe_writes,ab_bolster,3408,0,0,2,True,False,True,0.3268873215980584,0.3268873215980584
unsafe_writes,ab_bolster,3409,0,0,2,True,False,True,0.31409511116654354,0.31409511116654354
unsafe_writes,ab_bolster,3419,0,0,2,True,False,True,0.3511688481618982,0.3511688481618982
unsafe_writes,ab_bolster,3421,0,0,2,True,False,True,0.4787010916369819,0.4787010916369819
unsafe_writes,ab_bolster,3422,0,0,2,True,False,True,0.18233451081407617,0.18233451081407617
unsafe_writes,ab_bolster,3425,2,0,2,True,False,True,0.13628555385493343,0.2668099714767005
unsafe_writes,ab_bolster,3426,0,0,2,True,False,True,0.2861589688976331,0.2861589688976331
unsafe_writes,ab_bolster,3429,0,0,2,True,False,True,0.0884475744984697,0.0884475744984697
unsafe_writes,ab_bolster,3430,0,0,2,True,False,True,0.15496034145757712,0.15496034145757712
unsafe_writes,ab_bolster,3431,0,0,2,True,False,True,0.19625967809248754,0.19625967809248754
unsafe_writes,ab_bolster,3438,0,0,2,True,False,True,0.9250786865542809,0.9250786865542809
unsafe_writes,ab_bolster,3443,0,0,2,True,False,True,0.7865378979604769,0.7865378979604769
unsafe_writes,ab_bolster,3444,0,0,2,True,False,True,0.8950679222913324,0.8950679222913324
unsafe_writes,ab_bolster,3450,0,0,2,True,False,True,0.7039366805099737,0.7039366805099737
unsafe_writes,ab_bolster,3451,0,0,2,True,False,True,0.6164760504526895,0.6164760504526895
unsafe_writes,ab_bolster,3477,2,0,2,True,False,True,0.5840063349005205,0.6036076824348475
unsafe_writes,ab_bolster,3497,0,0,2,True,False,True,0.8088177975791936,0.8088177975791936
unsafe_writes,ab_bolster,3498,0,0,2,True,False,True,0.5995103555820886,0.5995103555820886
unsafe_writes,ab_bolster,3533,0,0,2,True,False,True,0.8158921718122321,0.8158921718122321
unsafe_writes,ab_bolster,3551,0,0,2,True,False,True,0.6135218572394495,0.6135218572394495
unsafe_writes,ab_bolster,3563,0,0,2,True,False,True,0.4537651670393578,0.4537651670393578
unsafe_writes,ab_bolster,3572,0,0,2,True,False,True,0.45797590585883546,0.45797590585883546
unsafe_writes,ab_bolster,3573,0,0,2,True,False,True,0.6141499984104907,0.6141499984104907
unsafe_writes,ab_bolster,3576,0,0,2,True,False,True,0.42523448837350053,0.42523448837350053
unsafe_writes,ab_bolster,3578,0,0,2,True,False,True,0.6233364626676349,0.6233364626676349
unsafe_writes,ab_bolster,3581,0,0,2,True,False,True,0.7766432875890611,0.7766432875890611
unsafe_writes,ab_bolster,3655,0,0,2,True,False,True,0.6100332049351541,0.6100332049351541
unsafe_writes,ab_bolster,3656,0,0,2,True,False,True,0.5615372595911444,0.5615372595911444
unsafe_writes,ab_bolster,3710,0,0,2,True,False,True,0.3572201537315666,0.3572201537315666
unsafe_writes,ab_bolster,3728,0,0,2,True,False,True,0.5191784805379751,0.5191784805379751
unsafe_writes,ab_bolster,3729,0,0,2,True,False,True,0.45089394762772667,0.45089394762772667
unsafe_writes,ab_bolster,3734,0,0,2,True,False,True,0.9306518293466841,0.9306518293466841
unsafe_writes,ab_bolster,3779,0,0,2,True,False,True,0.7150089283236284,0.7150089283236284
unsafe_writes,ab_bolster,3785,0,0,2,True,False,True,0.41876147912937023,0.41876147912937023
unsafe_writes,ab_bolster,3789,0,0,2,True,False,True,0.45475102152611374,0.45475102152611374
unsafe_writes,ab_bolster,3790,0,0,2,True,False,True,0.6531744440145955,0.6531744440145955
unsafe_writes,ab_bolster,3802,0,0,2,True,False,True,0.646804635409357,0.646804635409357
unsafe_writes,ab_bolster,3813,0,0,2,True,False,True,0.5111599297795888,0.5111599297795888
unsafe_writes,ab_bolster,3822,0,0,2,True,False,True,0.3924123335572174,0.3924123335572174
unsafe_writes,ab_bolster,3824,0,0,2,True,False,True,0.7203532131189337,0.7203532131189337
unsafe_writes,ab_bolster,3842,0,0,2,True,False,True,0.29997464770690985,0.29997464770690985
unsafe_writes,ab_bolster,3867,0,0,2,True,False,True,0.5378161852022304,0.5378161852022304
unsafe_writes,ab_bolster,3886,0,0,2,True,False,True,0.17013215623869907,0.17013215623869907
unsafe_writes,ab_bolster,3888,0,0,2,True,False,True,0.7048626231462177,0.7048626231462177
unsafe_writes,ab_bolster,3889,0,0,2,True,False,True,0.5791263327027206,0.5791263327027206
unsafe_writes,ab_bolster,3890,0,0,2,True,False,True,0.5108769637504916,0.5108769637504916
unsafe_writes,ab_bolster,3892,0,0,2,True,False,True,0.8328796456303273,0.8328796456303273
unsafe_writes,ab_bolster,3894,0,0,2,True,False,True,0.6930481239211114,0.6930481239211114
unsafe_writes,ab_bolster,3896,0,0,2,True,False,True,0.5961595397358597,0.5961595397358597
unsafe_writes,ab_bolster,3897,0,0,2,True,False,True,0.46297705527007277,0.46297705527007277
unsafe_writes,ab_bolster,3898,0,1,2,True,False,True,0.215843445112456,0.0
unsafe_writes,ab_bolster,3899,2,1,2,True,False,True,0.0,0.38570093927480165
unsafe_writes,ab_bolster,3900,0,0,2,True,False,True,0.6927220592820624,0.6927220592820624
unsafe_writes,ab_bolster,3905,0,0,2,True,False,True,0.9023109846629452,0.9023109846629452
unsafe_writes,ab_bolster,3906,0,0,2,True,False,True,0.7129947107717572,0.7129947107717572
unsafe_writes,ab_bolster,3907,0,0,2,True,False,True,0.6458294564697445,0.6458294564697445
unsafe_writes,ab_bolster,3930,2,0,2,True,False,True,0.47393182760186114,0.34036259173073485
unsafe_writes,ab_bolster,3934,0,0,2,True,False,True,0.3862779174314889,0.3862779174314889
unsafe_writes,ab_bolster,3949,2,0,2,True,False,True,0.6256926294886507,0.7638836052642677
unsafe_writes,ab_bolster,3950,0,0,2,True,False,True,0.7361310421697738,0.7361310421697738
unsafe_writes,ab_bolster,3951,0,0,2,True,False,True,0.7575511235353787,0.7575511235353787
unsafe_writes,ab_bolster,3961,0,0,2,True,False,True,0.7870465321035122,0.7870465321035122
unsafe_writes,ab_bolster,3962,0,0,2,True,False,True,0.6574301780459131,0.6574301780459131
unsafe_writes,ab_bolster,3964,0,0,2,True,False,True,0.43240667851151826,0.43240667851151826
unsafe_writes,ab_bolster,3968,0,0,2,True,False,True,0.7517115144556051,0.7517115144556051
unsafe_writes,ab_bolster,3969,0,0,2,True,False,True,0.7976160004473447,0.7976160004473447
unsafe_writes,ab_bolster,3970,0,2,2,True,False,True,0.4092796025561746,0.0
unsafe_writes,ab_bolster,3980,0,0,2,True,False,True,0.6065739138707892,0.6065739138707892
unsafe_writes,ab_bolster,3982,0,0,2,True,False,True,0.6278561112193927,0.6278561112193927
unsafe_writes,ab_bolster,3983,0,0,2,True,False,True,0.7234154301220467,0.7234154301220467
unsafe_writes,ab_bolster,3985,2,1,2,True,False,True,0.4115829885166017,0.0
unsafe_writes,ab_bolster,3987,0,1,2,True,False,True,0.0,0.0
unsafe_writes,ab_bolster,3988,0,1,0,False,False,True,0.0,0.0171931077779075
unsafe_writes,ab_bolster,3992,0,0,2,True,False,True,0.2897417793690201,0.2897417793690201
unsafe_writes,ab_bolster,3993,0,0,2,True,False,True,0.3498141206133396,0.3498141206133396
unsafe_writes,ab_bolster,4000,0,0,2,True,False,True,0.5075799811724656,0.5075799811724656
unsafe_writes,ab_bolster,4001,0,0,2,True,False,True,0.7933292836259949,0.7933292836259949
unsafe_writes,ab_bolster,4002,2,2,2,True,False,True,0.37943510908619577,0.3326734211999471
unsafe_writes,ab_bolster,4003,0,2,2,True,False,True,0.2780624198936053,0.0
unsafe_writes,ab_bolster,4008,0,0,2,True,False,True,0.0,0.0
unsafe_writes,ab_bolster,4019,0,0,2,True,False,True,0.6616733244433866,0.6616733244433866
unsafe_writes,ab_bolster,4020,0,1,2,True,False,True,0.13024105113546225,0.0
unsafe_writes,ab_bolster,4022,0,1,0,False,False,True,0.0,0.0
unsafe_writes,ab_bolster,4023,0,2,0,False,False,True,0.0,0.34906833980621893
unsafe_writes,ab_bolster,4024,0,1,2,True,False,True,0.321632472133006,0.0
unsafe_writes,ab_bolster,4025,0,1,0,False,False,True,0.0,0.0
unsafe_writes,ab_bolster,4029,0,2,0,False,False,True,0.0,0.0
unsafe_writes,ab_bolster,4036,2,0,2,True,False,True,0.0,0.5553795049583256
unsafe_writes,ab_bolster,4040,0,0,2,True,False,True,0.49885996372659147,0.49885996372659147
unsafe_writes,ab_bolster,4041,0,0,2,True,False,True,0.6486420360302569,0.6486420360302569
unsafe_writes,ab_bolster,4047,0,0,2,True,False,True,0.6217173735009712,0.6217173735009712
unsafe_writes,ab_bolster,4048,0,1,2,True,False,True,0.5224221742278453,0.0
unsafe_writes,ab_bolster,4053,0,0,2,True,False,True,0.2715799873435425,0.2715799873435425
unsafe_writes,ab_bolster,4061,0,0,2,True,False,True,0.5851447593389252,0.5851447593389252
unsafe_writes,ab_bolster,4069,0,0,2,True,False,True,0.7661554109463161,0.7661554109463161
unsafe_writes,ab_bolster,4074,0,0,2,True,False,True,0.2949489200293263,0.2949489200293263
unsafe_writes,ab_bolster,4076,0,0,2,True,False,True,0.4425751084921193,0.4425751084921193
unsafe_writes,ab_bolster,4082,0,0,2,True,False,True,0.6359151213514791,0.6359151213514791
unsafe_writes,ab_bolster,4083,0,0,2,True,False,True,0.7769936187781489,0.7769936187781489
unsafe_writes,ab_bolster,4085,0,0,2,True,False,True,0.6866183802074807,0.6866183802074807
unsafe_writes,ab_bolster,4087,0,0,2,True,False,True,0.7907482081553023,0.7907482081553023
unsafe_writes,ab_bolster,4094,0,0,2,True,False,True,0.5320003686621373,0.5320003686621373
unsafe_writes,ab_bolster,4103,0,0,2,True,False,True,0.8009692405284692,0.8009692405284692
unsafe_writes,ab_bolster,4105,0,0,2,True,False,True,0.7162616698852687,0.7162616698852687
unsafe_writes,ab_bolster,4106,0,0,2,True,False,True,0.7347843333626629,0.7347843333626629
unsafe_writes,ab_bolster,4107,0,0,2,True,False,True,0.682872087213937,0.682872087213937
unsafe_writes,ab_bolster,4108,0,3,2,True,False,True,0.624398896405225,0.0
unsafe_writes,ab_bolster,4109,0,1,0,False,False,True,0.0,0.1836664738230937
unsafe_writes,ab_bolster,4110,2,0,2,True,False,True,0.44582075460081083,0.7118678491724845
unsafe_writes,ab_bolster,4165,0,0,2,True,False,True,0.5836729712557112,0.5836729712557112
unsafe_writes,ab_bolster,4166,0,0,2,True,False,True,0.4918900837723662,0.4918900837723662
unsafe_writes,ab_bolster,4167,0,0,2,True,False,True,0.7293036190530439,0.7293036190530439
unsafe_writes,ab_bolster,4168,2,0,2,True,False,True,0.5911996379591448,0.42066224509423467
unsafe_writes,ab_bolster,4169,0,0,2,True,False,True,0.5625299946225916,0.5625299946225916
unsafe_writes,ab_bolster,4170,2,0,2,True,False,True,0.5761254797400865,0.3232020873869601
unsafe_writes,ab_bolster,4171,0,0,2,True,False,True,0.47537861084913746,0.47537861084913746
unsafe_writes,ab_bolster,4177,0,0,2,True,False,True,0.4457260275457214,0.4457260275457214
unsafe_writes,ab_bolster,4178,0,0,2,True,False,True,0.41925336480650155,0.41925336480650155
unsafe_writes,ab_bolster,4179,0,0,2,True,False,True,0.4611923163308457,0.4611923163308457
unsafe_writes,ab_bolster,4180,2,0,2,True,False,True,0.6583749778034663,0.41797290181307156
unsafe_writes,ab_bolster,4181,0,0,2,True,False,True,0.44839154807133674,0.44839154807133674
unsafe_writes,ab_bolster,4182,0,1,2,True,False,True,0.11743393363426233,0.0
unsafe_writes,ab_bolster,4184,2,1,2,True,False,True,0.0,0.3106379252262416
unsafe_writes,ab_bolster,4185,0,1,2,True,False,True,0.28859116624548115,0.0
unsafe_writes,ab_bolster,4190,0,1,2,True,False,True,0.0,0.0
unsafe_writes,ab_bolster,4191,0,0,2,True,False,True,0.0,0.0
unsafe_writes,ab_bolster,4193,0,1,0,False,False,True,0.0,0.0
unsafe_writes,ab_bolster,4195,0,2,0,False,False,True,0.0,0.0
unsafe_writes,ab_bolster,4196,0,1,0,False,False,True,0.02108875701148298,0.0
unsafe_writes,ab_bolster,4198,2,0,2,True,False,True,0.06878032602900819,0.748823903788035
unsafe_writes,ab_bolster,4205,0,0,2,True,False,True,0.0,0.0
unsafe_writes,ab_bolster,4206,0,0,2,True,False,True,0.0,0.0
unsafe_writes,ab_bolster,4207,0,0,2,True,False,True,0.0,0.0
unsafe_writes,ab_bolster,4208,0,0,2,True,False,True,0.0,0.0
unsafe_writes,ab_bolster,4209,0,0,2,True,False,True,0.0,0.0
unsafe_writes,ab_bolster,4210,0,1,2,True,False,True,0.0,0.2137186694208787
unsafe_writes,ab_bolster,4211,2,0,2,True,False,True,0.6977274082901358,0.7893142110966508
unsafe_writes,ab_bolster,4212,0,0,2,True,False,True,0.7043950621495912,0.7043950621495912
unsafe_writes,ab_bolster,4219,0,0,2,True,False,True,0.8093695175341519,0.8093695175341519
unsafe_writes,ab_bolster,4221,0,1,0,False,False,True,0.2191944056895386,0.0
unsafe_writes,ab_bolster,4223,0,0,2,True,False,True,0.0,0.0
unsafe_writes,ab_bolster,4225,0,1,2,True,False,True,0.0,0.0
unsafe_writes,ab_bolster,4226,0,1,2,True,False,True,0.0,0.0
unsafe_writes,ab_bolster,4227,0,2,0,False,False,True,0.0,0.0
unsafe_writes,ab_bolster,4228,0,1,2,True,False,True,0.0,0.0
unsafe_writes,ab_bolster,4232,2,0,2,True,False,True,0.0,0.6828549938318504
unsafe_writes,ab_bolster,4233,0,0,2,True,False,True,0.8114729135535613,0.8114729135535613
unsafe_writes,ab_bolster,4234,0,0,2,True,False,True,0.6127484490184828,0.6127484490184828
unsafe_writes,ab_bolster,4237,0,0,2,True,False,True,0.39907416261118533,0.39907416261118533
unsafe_writes,ab_bolster,4238,0,0,2,True,False,True,0.4422596394817293,0.4422596394817293
unsafe_writes,ab_bolster,4248,0,0,2,True,False,True,0.7036224016628447,0.7036224016628447
unsafe_writes,ab_bolster,4249,0,0,2,True,False,True,0.6511121919951727,0.6511121919951727
unsafe_writes,ab_bolster,4250,0,0,2,True,False,True,0.8266169425207076,0.8266169425207076
unsafe_writes,ab_bolster,4267,0,0,2,True,False,True,0.7497888055668915,0.7497888055668915
unsafe_writes,ab_bolster,4284,0,1,0,False,False,True,0.45015827957102017,0.2966976932511998
unsafe_writes,ab_bolster,4285,0,0,2,True,False,True,0.47220553182599134,0.47220553182599134
unsafe_writes,ab_bolster,4288,0,0,2,True,False,True,0.0,0.0
unsafe_writes,ab_bolster,4293,0,0,2,True,False,True,0.02056010704961122,0.02056010704961122
unsafe_writes,ab_bolster,4296,0,0,2,True,False,True,0.16961285305382287,0.16961285305382287
unsafe_writes,ab_bolster,4312,0,0,2,True,False,True,0.6686379554854228,0.6686379554854228
unsafe_writes,ab_bolster,4319,0,1,0,False,False,True,0.5349171982347667,0.0
unsafe_writes,ab_bolster,4324,0,0,2,True,False,True,0.46997249133938396,0.46997249133938396
unsafe_writes,ab_bolster,4341,0,0,2,True,False,True,0.25486161045751726,0.25486161045751726
unsafe_writes,ab_bolster,4344,0,1,0,False,False,True,0.0,0.19202515691161712
unsafe_writes,ab_bolster,4369,0,0,2,True,False,True,0.6615238889294675,0.6615238889294675
unsafe_writes,ab_bolster,4376,0,1,2,True,False,True,0.3032429971460533,0.3032429971460533
unsafe_writes,ab_bolster,4377,0,0,2,True,False,True,0.2481158382322825,0.2481158382322825
unsafe_writes,ab_bolster,4378,0,0,2,True,False,True,0.2821299392670769,0.2821299392670769
unsafe_writes,ab_bolster,4398,0,1,0,False,False,True,0.5142921456148303,0.0
unsafe_writes,ab_bolster,4401,0,0,2,True,False,True,0.7250063619770966,0.7250063619770966
unsafe_writes,ab_bolster,4402,0,0,2,True,False,True,0.6968139875260014,0.6968139875260014
unsafe_writes,ab_bolster,4403,0,0,2,True,False,True,0.6670325543769919,0.6670325543769919
unsafe_writes,ab_bolster,4405,0,0,2,True,False,True,0.7480470939476555,0.7480470939476555
unsafe_writes,ab_bolster,4498,0,0,2,True,False,True,0.6472946974798299,0.6472946974798299
unsafe_writes,ab_bolster,4523,0,0,2,True,False,True,0.6445172859316225,0.6445172859316225
unsafe_writes,ab_bolster,4549,0,0,2,True,False,True,0.60118281825637,0.60118281825637
unsafe_writes,ab_bolster,4562,0,0,2,True,False,True,0.22813361578706895,0.22813361578706895
unsafe_writes,ab_bolster,4563,0,0,2,True,False,True,0.2879523975630811,0.2879523975630811
unsafe_writes,ab_bolster,4564,0,0,2,True,False,True,0.3002393838179609,0.3002393838179609
unsafe_writes,ab_bolster,4565,0,0,2,True,False,True,0.38939769876245167,0.38939769876245167
unsafe_writes,ab_bolster,4566,0,0,2,True,False,True,0.40445804149895903,0.40445804149895903
unsafe_writes,ab_bolster,4571,0,1,0,False,False,True,0.0,0.22956629270769546
unsafe_writes,ab_bolster,4618,0,0,2,True,False,True,0.7324873704576761,0.7324873704576761
unsafe_writes,ab_bolster,4632,0,0,2,True,False,True,0.0,0.0
unsafe_writes,ab_bolster,4634,0,2,2,True,False,True,0.0,0.31252514547785865
unsafe_writes,ab_bolster,4636,0,1,0,False,False,True,0.0,0.4928872173113865
unsafe_writes,ab_bolster,4638,0,0,2,True,False,True,0.47864068865964926,0.47864068865964926
unsafe_writes,ab_bolster,4641,0,0,2,True,False,True,0.37751435798228333,0.37751435798228333
unsafe_writes,ab_bolster,4651,0,0,2,True,False,True,0.49016890073358055,0.49016890073358055
unsafe_writes,ab_bolster,4688,0,0,2,True,False,True,0.9082213799183841,0.9082213799183841
unsafe_writes,ab_bolster,4709,0,0,2,True,False,True,0.7480148933434702,0.7480148933434702
unsafe_writes,ab_bolster,4717,0,0,2,True,False,True,0.6969717856002001,0.6969717856002001
unsafe_writes,ab_bolster,4754,0,0,2,True,False,True,0.6089499413954199,0.6089499413954199
unsafe_writes,ab_bolster,4758,0,0,2,True,False,True,0.5201403905853005,0.5201403905853005
unsafe_writes,ab_bolster,4763,0,0,2,True,False,True,0.7989283059967751,0.7989283059967751
unsafe_writes,ab_bolster,4764,0,0,2,True,False,True,0.8204870047776665,0.8204870047776665
unsafe_writes,ab_bolster,4765,0,0,2,True,False,True,0.8009842062803244,0.8009842062803244
unsafe_writes,ab_bolster,4766,0,0,2,True,False,True,0.7620875167524439,0.7620875167524439
unsafe_writes,ab_bolster,4767,0,1,2,True,False,True,0.7696736525974368,0.0
unsafe_writes,ab_bolster,4768,0,1,0,False,False,True,0.12683421714881968,0.6434974981422991
unsafe_writes,ab_bolster,4773,0,0,2,True,False,True,0.5680506251292711,0.5680506251292711
unsafe_writes,ab_bolster,4777,0,0,2,True,False,True,0.6907080595480568,0.6907080595480568
unsafe_writes,ab_bolster,4782,0,0,2,True,False,True,0.6309805908731834,0.6309805908731834
unsafe_writes,ab_bolster,4783,0,0,2,True,False,True,0.7280667778720376,0.7280667778720376
unsafe_writes,ab_bolster,4786,0,0,2,True,False,True,0.5784774337702207,0.5784774337702207
unsafe_writes,ab_bolster,4788,0,0,2,True,False,True,0.6452226747385144,0.6452226747385144
unsafe_writes,ab_bolster,4790,0,0,2,True,False,True,0.747367054999731,0.747367054999731
unsafe_writes,ab_bolster,4792,0,0,2,True,False,True,0.7946483480932028,0.7946483480932028
unsafe_writes,ab_bolster,4795,0,0,2,True,False,True,0.9061452227217562,0.9061452227217562
unsafe_writes,ab_bolster,4798,0,0,2,True,False,True,0.7444025131017408,0.7444025131017408
unsafe_writes,ab_bolster,4800,0,0,2,True,False,True,0.8183422936875788,0.8183422936875788
unsafe_writes,ab_bolster,4801,0,0,2,True,False,True,0.8229907905483622,0.8229907905483622
unsafe_writes,ab_bolster,4806,0,0,2,True,False,True,0.46038117640881326,0.46038117640881326
unsafe_writes,ab_bolster,4807,0,0,2,True,False,True,0.4781992270565819,0.4781992270565819
unsafe_writes,ab_bolster,4808,0,0,2,True,False,True,0.5212739875309029,0.5212739875309029
unsafe_writes,ab_bolster,4817,0,0,2,True,False,True,0.5793288315875822,0.5793288315875822
unsafe_writes,ab_bolster,4818,0,0,2,True,False,True,0.5204966562487134,0.5204966562487134
unsafe_writes,ab_bolster,4819,0,0,2,True,False,True,0.4106566047638774,0.4106566047638774
unsafe_writes,ab_bolster,4821,0,0,2,True,False,True,0.3538683302871897,0.3538683302871897
unsafe_writes,ab_bolster,4824,0,0,2,True,False,True,0.6125641497175396,0.6125641497175396
unsafe_writes,ab_bolster,4825,0,0,2,True,False,True,0.6531784295511188,0.6531784295511188
unsafe_writes,ab_bolster,4826,0,0,2,True,False,True,0.49863488297138586,0.49863488297138586
unsafe_writes,ab_bolster,4827,0,0,2,True,False,True,0.4793194376545178,0.4793194376545178
unsafe_writes,ab_bolster,4829,0,0,2,True,False,True,0.5586007864088681,0.5586007864088681
unsafe_writes,ab_bolster,4830,0,0,2,True,False,True,0.5443459207707341,0.5443459207707341
unsafe_writes,ab_bolster,4831,0,0,2,True,False,True,0.539641382060271,0.539641382060271
unsafe_writes,ab_bolster,4833,0,0,2,True,False,True,0.5626292693280438,0.5626292693280438
unsafe_writes,ab_bolster,4835,0,0,2,True,False,True,0.21882381200151152,0.21882381200151152
unsafe_writes,ab_bolster,4836,0,0,2,True,False,True,0.2643919402420669,0.5250297430390329
unsafe_writes,ab_bolster,4837,0,0,2,True,False,True,0.5807551685168049,0.5807551685168049
unsafe_writes,ab_bolster,4840,0,1,0,False,False,True,0.34018031869757237,0.261655238272491
unsafe_writes,ab_bolster,4843,0,0,2,True,False,True,0.412701338817279,0.412701338817279
unsafe_writes,ab_bolster,4845,0,1,2,True,False,True,0.8522772818905094,0.0
unsafe_writes,ab_bolster,4849,0,3,0,False,False,True,0.0,0.0
unsafe_writes,ab_bolster,4850,2,2,2,True,False,True,0.0,0.18881561555835918
unsafe_writes,ab_bolster,4874,0,0,2,True,False,True,0.35952146263409784,0.35952146263409784
unsafe_writes,ab_bolster,4875,0,0,2,True,False,True,0.5622587470113809,0.5622587470113809
unsafe_writes,ab_bolster,4876,0,0,2,True,False,True,0.5444561530651113,0.5444561530651113
unsafe_writes,ab_bolster,4879,0,0,2,True,False,True,0.8120851567156541,0.8120851567156541
unsafe_writes,ab_bolster,4883,2,0,2,True,False,True,0.732733811100985,0.11827324166038201
unsafe_writes,ab_bolster,4884,0,0,2,True,False,True,0.07043335131807164,0.07043335131807164
unsafe_writes,ab_bolster,4885,0,0,2,True,False,True,0.3122847453793015,0.3122847453793015
unsafe_writes,ab_bolster,4886,2,2,2,True,False,True,0.4802266539260621,0.0
unsafe_writes,ab_bolster,4887,0,2,0,False,False,True,0.0,0.0
unsafe_writes,ab_bolster,4888,0,0,2,True,False,True,0.0,0.0
unsafe_writes,ab_bolster,4889,0,0,2,True,False,True,0.0,0.0
unsafe_writes,ab_bolster,4891,0,1,2,True,False,True,0.0,0.16868522496533456
unsafe_writes,ab_bolster,4898,0,0,2,True,False,True,0.6722385775146086,0.6722385775146086
unsafe_writes,ab_bolster,4899,0,0,2,True,False,True,0.5211243271199625,0.5211243271199625
unsafe_writes,ab_bolster,4900,0,0,2,True,False,True,0.2286479271971084,0.2286479271971084
unsafe_writes,ab_bolster,4905,0,0,2,True,False,True,0.5667884449360855,0.5667884449360855
unsafe_writes,ab_bolster,4906,0,0,2,True,False,True,0.5098598502667373,0.5098598502667373
unsafe_writes,ab_bolster,4907,0,0,2,True,False,True,0.6738243490146852,0.6738243490146852
unsafe_writes,ab_bolster,4908,0,0,2,True,False,True,0.46978150375900085,0.46978150375900085
unsafe_writes,ab_bolster,4909,0,0,2,True,False,True,0.44505342976734324,0.44505342976734324
unsafe_writes,ab_bolster,4922,0,0,2,True,False,True,0.6307785189643795,0.6307785189643795
unsafe_writes,ab_bolster,4923,0,2,0,False,False,True,0.6469617391321927,0.14614125186283036
unsafe_writes,ab_bolster,4927,0,0,2,True,False,True,0.6105524873148033,0.6105524873148033
unsafe_writes,ab_bolster,4931,0,0,2,True,False,True,0.5125844721347385,0.5125844721347385
unsafe_writes,ab_bolster,4932,0,0,2,True,False,True,0.5638470193370216,0.5638470193370216
unsafe_writes,ab_bolster,4933,0,0,2,True,False,True,0.5728237366203768,0.5728237366203768
unsafe_writes,ab_bolster,4934,0,0,2,True,False,True,0.5029876992462577,0.5029876992462577
unsafe_writes,ab_bolster,4937,0,0,2,True,False,True,0.46595758525323483,0.46595758525323483
unsafe_writes,ab_bolster,4940,0,0,2,True,False,True,0.6693463341521352,0.6693463341521352
unsafe_writes,ab_bolster,4942,0,0,2,True,False,True,0.6493359756365235,0.6493359756365235
unsafe_writes,ab_bolster,4943,0,0,2,True,False,True,0.7022034086758182,0.7022034086758182
unsafe_writes,ab_bolster,4946,0,0,2,True,False,True,0.7644694444005024,0.7644694444005024
unsafe_writes,ab_bolster,4947,0,0,2,True,False,True,0.9101997156303534,0.9101997156303534
unsafe_writes,ab_bolster,4948,0,0,2,True,False,True,0.8613321311994422,0.8613321311994422
unsafe_writes,ab_bolster,4954,0,0,2,True,False,True,0.6166179387491663,0.6166179387491663
unsafe_writes,ab_bolster,4955,0,0,2,True,False,True,0.3782702330859735,0.3782702330859735
unsafe_writes,ab_bolster,4956,0,0,2,True,False,True,0.59283089481231,0.59283089481231
unsafe_writes,ab_bolster,4958,0,0,2,True,False,True,0.5641902848929137,0.5641902848929137
unsafe_writes,ab_bolster,4959,0,0,2,True,False,True,0.6017392182800803,0.6017392182800803
unsafe_writes,ab_bolster,4975,0,0,2,True,False,True,0.8066298754140399,0.8066298754140399
unsafe_writes,ab_bolster,4976,0,0,2,True,False,True,0.6451871603785619,0.6451871603785619
unsafe_writes,ab_bolster,4978,0,0,2,True,False,True,0.3808075278935417,0.3808075278935417
unsafe_writes,ab_bolster,4979,0,0,2,True,False,True,0.4420408950996378,0.4420408950996378
unsafe_writes,ab_bolster,4980,0,0,2,True,False,True,0.6120782072334354,0.6120782072334354
unsafe_writes,ab_bolster,4981,0,0,2,True,False,True,0.8009503799460249,0.8009503799460249
unsafe_writes,ab_bolster,5011,0,0,2,True,False,True,0.826181569325098,0.826181569325098
unsafe_writes,ab_bolster,5015,0,0,2,True,False,True,0.8766207995511607,0.8766207995511607
unsafe_writes,ab_bolster,5019,0,0,2,True,False,True,0.388740568402269,0.388740568402269
unsafe_writes,ab_bolster,5021,2,0,2,True,False,True,0.46438956944009874,0.0
unsafe_writes,ab_bolster,5022,0,0,2,True,False,True,0.0,0.7434344881249328
unsafe_writes,ab_bolster,5023,0,0,2,True,False,True,0.42584701307428646,0.42584701307428646
unsafe_writes,ab_bolster,5024,0,0,2,True,False,True,0.3518748531618961,0.3518748531618961
unsafe_writes,ab_bolster,5027,0,0,2,True,False,True,0.45262600388672564,0.45262600388672564
unsafe_writes,ab_bolster,5031,2,0,2,True,False,True,0.832043049837946,0.4238545436449296
unsafe_writes,ab_bolster,5069,0,0,2,True,False,True,0.5806173042329269,0.5806173042329269
unsafe_writes,ab_bolster,5085,0,0,2,True,False,True,0.7147456614381932,0.7147456614381932
unsafe_writes,ab_bolster,5089,0,0,2,True,False,True,0.4989180792493941,0.4989180792493941
unsafe_writes,ab_bolster,5107,0,0,2,True,False,True,0.6677074390690626,0.6677074390690626
unsafe_writes,ab_bolster,5108,0,0,2,True,False,True,0.47948915271061904,0.47948915271061904
unsafe_writes,ab_bolster,5109,0,0,2,True,False,True,0.5813589062334764,0.5813589062334764
unsafe_writes,ab_bolster,5112,0,0,2,True,False,True,0.7753434509537869,0.7753434509537869
unsafe_writes,ab_bolster,5113,0,0,2,True,False,True,0.8247311689542807,0.8247311689542807
unsafe_writes,ab_bolster,5115,0,0,2,True,False,True,0.9126971245621022,0.9126971245621022
unsafe_writes,ab_bolster,5116,0,0,2,True,False,True,0.7773785596529345,0.7773785596529345
unsafe_writes,ab_bolster,5117,0,0,2,True,False,True,0.7890280251660794,0.7890280251660794
unsafe_writes,ab_bolster,5124,0,0,2,True,False,True,0.8684437109486085,0.8684437109486085
unsafe_writes,ab_bolster,5143,0,0,2,True,False,True,0.6065175963727448,0.6065175963727448
unsafe_writes,ab_bolster,5146,0,0,2,True,False,True,0.6306982008333675,0.6306982008333675
unsafe_writes,ab_bolster,5147,0,0,2,True,False,True,0.7211416859351405,0.7211416859351405
unsafe_writes,ab_bolster,5151,0,0,2,True,False,True,0.5448181590861965,0.5448181590861965
unsafe_writes,ab_bolster,5152,0,0,2,True,False,True,0.3694242616457147,0.3694242616457147
unsafe_writes,ab_bolster,5153,0,0,2,True,False,True,0.189274467743353,0.189274467743353
unsafe_writes,ab_bolster,5154,0,1,2,True,False,False,,
unsafe_writes,ab_bolster,5155,0,0,2,True,False,False,,
unsafe_writes,ab_bolster,5158,0,0,2,True,False,False,,
unsafe_writes,ab_bolster,5159,0,0,2,True,False,False,,
unsafe_writes,ab_bolster,5161,0,0,2,True,False,False,,
unsafe_writes,ab_bolster,5162,0,0,2,True,False,False,,
unsafe_writes,ab_bolster,5163,0,0,2,True,False,False,,
unsafe_writes,ab_bolster,5164,0,1,0,False,False,True,0.0,0.0
unsafe_writes,ab_bolster,5165,0,0,2,True,False,True,0.4351404581396999,0.4351404581396999
unsafe_writes,ab_bolster,5166,0,1,2,True,False,True,0.3672550147523143,0.0
unsafe_writes,ab_bolster,5167,0,0,0,False,False,True,0.0,0.7876869031753754
unsafe_writes,ab_bolster,5168,0,0,2,True,False,True,0.7865197789216404,0.7865197789216404
unsafe_writes,ab_bolster,5170,0,0,2,True,False,True,0.8459353092954865,0.8459353092954865
unsafe_writes,ab_bolster,5173,0,2,0,False,False,True,0.7706315009927549,0.0
unsafe_writes,ab_bolster,5175,0,0,2,True,False,True,0.0,0.0
unsafe_writes,ab_bolster,5176,0,0,2,True,False,True,0.0,0.0
unsafe_writes,ab_bolster,5178,0,0,2,True,False,True,0.0,0.0
unsafe_writes,ab_bolster,5179,0,0,2,True,False,True,0.0,0.0
unsafe_writes,ab_bolster,5180,0,0,2,True,False,True,0.0,0.0
unsafe_writes,ab_bolster,5181,0,0,2,True,False,True,0.12456779969913306,0.12456779969913306
unsafe_writes,ab_bolster,5182,0,0,2,True,False,True,0.06387496077535332,0.06387496077535332
unsafe_writes,ab_bolster,5183,0,0,2,True,False,True,0.0,0.0
unsafe_writes,ab_bolster,5184,0,0,2,True,False,True,0.0024211880982853004,0.0024211880982853004
unsafe_writes,ab_bolster,5185,0,0,2,True,False,True,0.020799510198628905,0.020799510198628905
unsafe_writes,ab_bolster,5186,0,0,2,True,False,True,0.0601930300563953,0.0601930300563953
unsafe_writes,ab_bolster,5190,0,0,2,True,False,True,0.23802207240106324,0.23802207240106324
unsafe_writes,ab_bolster,5192,0,0,2,True,False,True,0.2410603451155948,0.2410603451155948
unsafe_writes,ab_bolster,5193,0,0,2,True,False,True,0.20878239909629492,0.20878239909629492
unsafe_writes,ab_bolster,5194,0,0,2,True,False,True,0.12115344397526974,0.12115344397526974
unsafe_writes,ab_bolster,5195,0,0,2,True,False,True,0.17557695687123828,0.17557695687123828
unsafe_writes,ab_bolster,5196,0,0,2,True,False,True,0.03657716916359958,0.03657716916359958
unsafe_writes,ab_bolster,5197,0,0,2,True,False,True,0.06081065018263975,0.06081065018263975
unsafe_writes,ab_bolster,5198,0,0,2,True,False,True,0.03484521850802831,0.03484521850802831
unsafe_writes,ab_bolster,5199,0,0,2,True,False,True,0.10336803658603633,0.10336803658603633
unsafe_writes,ab_bolster,5200,0,0,2,True,False,True,0.12681232572190088,0.12681232572190088
unsafe_writes,ab_bolster,5201,0,0,2,True,False,True,0.32822775356204414,0.32822775356204414
unsafe_writes,ab_bolster,5202,0,0,2,True,False,True,0.27488150175149517,0.27488150175149517
unsafe_writes,ab_bolster,5203,0,1,2,True,False,True,0.2119350396821358,0.0
unsafe_writes,ab_bolster,5204,0,1,2,True,False,True,0.0,0.12852029881860888
unsafe_writes,ab_bolster,5205,0,0,2,True,False,True,0.22432263072559055,0.22432263072559055
unsafe_writes,ab_bolster,5206,0,0,2,True,False,True,0.2899633014343094,0.2899633014343094
unsafe_writes,ab_bolster,5207,0,0,2,True,False,True,0.5125742783967666,0.5125742783967666
unsafe_writes,ab_bolster,5213,0,0,2,True,False,True,0.2858619755873692,0.2858619755873692
unsafe_writes,ab_bolster,5214,0,0,2,True,False,True,0.3342662722585779,0.3342662722585779
unsafe_writes,ab_bolster,5215,0,0,2,True,False,True,0.35396862659491424,0.35396862659491424
unsafe_writes,ab_bolster,5216,0,0,2,True,False,True,0.11025123878479279,0.11025123878479279
unsafe_writes,ab_bolster,5217,0,0,2,True,False,True,0.18042477268276064,0.18042477268276064
unsafe_writes,ab_bolster,5222,0,0,2,True,False,True,0.2014977059961451,0.2014977059961451
unsafe_writes,ab_bolster,5224,0,0,2,True,False,True,0.2622867282030613,0.2622867282030613
unsafe_writes,ab_bolster,5225,0,0,2,True,False,True,0.16742975941446783,0.16742975941446783
unsafe_writes,ab_bolster,5226,0,0,2,True,False,True,0.24618991020563877,0.24618991020563877
unsafe_writes,ab_bolster,5227,0,0,2,True,False,True,0.4158245539905323,0.4158245539905323
unsafe_writes,ab_bolster,5228,0,0,2,True,False,True,0.41279402468792764,0.41279402468792764
unsafe_writes,ab_bolster,5229,0,0,2,True,False,True,0.6188808183159584,0.6188808183159584
unsafe_writes,ab_bolster,5241,0,0,2,True,False,True,0.7334514229806772,0.7334514229806772
unsafe_writes,ab_bolster,5243,0,0,2,True,False,True,0.8248230112965343,0.8248230112965343
unsafe_writes,ab_bolster,5272,0,0,2,True,False,True,0.6076048106694513,0.6076048106694513
unsafe_writes,ab_bolster,5292,0,0,2,True,False,True,0.6296569331062616,0.6296569331062616
unsafe_writes,ab_bolster,5313,0,0,2,True,False,True,0.683723771641594,0.683723771641594
unsafe_writes,ab_bolster,5317,0,0,2,True,False,True,0.7057886736084853,0.7057886736084853
unsafe_writes,ab_bolster,5338,0,0,2,True,False,True,0.3965897002066264,0.3965897002066264
unsafe_writes,ab_bolster,5339,0,0,2,True,False,True,0.6506241094053942,0.6506241094053942
unsafe_writes,ab_bolster,6057,0,0,2,True,False,True,0.6399845526830239,0.6399845526830239
unsafe_writes,ab_bolster,6058,0,0,2,True,False,True,0.024209740277751256,0.024209740277751256
unsafe_writes,ab_bolster,6059,0,0,2,True,False,True,0.16584926348549048,0.0
unsafe_writes,ab_bolster,6060,0,0,2,True,False,True,0.0,0.0
unsafe_writes,ab_bolster,6065,0,1,0,False,False,True,0.0,0.2729969182798199
unsafe_writes,ab_bolster,6119,0,0,2,True,False,True,0.8400828214477638,0.8400828214477638
unsafe_writes,ab_bolster,6123,0,0,2,True,False,True,0.6205600202875114,0.6205600202875114
unsafe_writes,ab_bolster,6191,0,0,2,True,False,True,0.6649973600669522,0.6649973600669522
unsafe_writes,ab_bolster,6192,0,0,2,True,False,True,0.7300057461450108,0.7300057461450108
unsafe_writes,ab_bolster,6232,0,0,2,True,False,True,0.832223775564749,0.832223775564749
unsafe_writes,ab_bolster,6233,0,1,0,False,False,True,0.4834361391489801,0.0
unsafe_writes,ab_bolster,6235,2,1,2,True,False,True,0.0,0.08404305369555512
unsafe_writes,ab_bolster,6236,0,0,2,True,False,True,0.0,0.0
unsafe_writes,ab_bolster,6238,0,0,2,True,False,True,0.0,0.0
unsafe_writes,ab_bolster,6239,0,0,2,True,False,True,0.0,0.0
unsafe_writes,ab_bolster,6240,0,0,2,True,False,True,0.0,0.0
unsafe_writes,ab_bolster,6241,0,1,0,False,False,True,0.0,0.5220286238985015
unsafe_writes,ab_bolster,6242,0,1,0,False,False,True,0.7657968312402552,0.0
unsafe_writes,ab_bolster,6243,0,2,0,False,False,True,0.0,0.6854395520668969
unsafe_writes,ab_bolster,6246,0,0,2,True,False,True,0.6055957291432987,0.6055957291432987
unsafe_writes,ab_bolster,6250,0,1,0,False,False,True,0.42619002826145874,0.0
unsafe_writes,ab_bolster,6251,2,0,2,True,False,True,0.0,0.3457300711644355
unsafe_writes,ab_bolster,6253,0,0,2,True,False,True,0.4579482852192783,0.4579482852192783
unsafe_writes,ab_bolster,6324,0,0,2,True,False,True,0.5023961889942934,0.5023961889942934
unsafe_writes,ab_bolster,6325,0,0,2,True,False,True,0.4542241794456864,0.4542241794456864
unsafe_writes,ab_bolster,6328,0,0,2,True,False,True,0.33897711506533534,0.33897711506533534
unsafe_writes,ab_bolster,6331,0,2,2,True,False,True,0.5093728072632531,0.0
unsafe_writes,ab_bolster,6332,0,0,2,True,False,True,0.0,0.0
unsafe_writes,ab_bolster,6333,0,1,0,False,False,True,0.0,0.22002708029400125
unsafe_writes,ab_bolster,6334,0,2,0,False,False,True,0.42298421975262046,0.0
unsafe_writes,ab_bolster,6335,0,1,2,True,False,True,0.027754929617365337,0.767778144269656
unsafe_writes,ab_bolster,6336,0,1,2,True,False,True,0.8090077199650638,0.0
unsafe_writes,ab_bolster,6337,0,2,2,True,False,True,0.0,0.17078158037248214
unsafe_writes,ab_bolster,6338,0,2,0,False,False,True,0.18708354916693176,0.0
unsafe_writes,ab_bolster,6339,2,0,2,True,False,True,0.0,0.0
unsafe_writes,ab_bolster,6340,0,0,2,True,False,True,0.7642049854992639,0.7642049854992639
unsafe_writes,ab_bolster,6341,0,0,2,True,False,True,0.6942020356007361,0.6942020356007361
unsafe_writes,ab_bolster,6342,0,2,2,True,False,True,0.636989731751182,0.0
unsafe_writes,ab_bolster,6343,0,0,2,True,False,True,0.0,0.0
unsafe_writes,ab_bolster,6344,0,1,0,False,False,True,0.0,0.0
unsafe_writes,ab_bolster,6345,0,1,2,True,False,True,0.036684275633785894,0.08579700041537748
unsafe_writes,ab_bolster,6346,0,0,2,True,False,True,0.07276284549782316,0.07276284549782316
unsafe_writes,ab_bolster,6347,0,0,2,True,False,True,0.05216426580713634,0.05216426580713634
unsafe_writes,ab_bolster,6350,0,0,2,True,False,True,0.16770576081278188,0.16770576081278188
unsafe_writes,ab_bolster,6351,0,2,0,False,False,True,0.32021420741908657,0.0
unsafe_writes,ab_bolster,6357,0,3,0,False,False,True,0.03945189161670856,0.12523660805001505
unsafe_writes,ab_bolster,6358,0,0,2,True,False,True,0.5070860546583923,0.5070860546583923
unsafe_writes,ab_bolster,6369,0,0,2,True,False,True,0.798596067177,0.798596067177
unsafe_writes,ab_bolster,6370,0,0,2,True,False,True,0.8645093860162121,0.8645093860162121
unsafe_writes,ab_bolster,6371,0,0,2,True,False,True,0.6514447424613482,0.6514447424613482
unsafe_writes,ab_bolster,6372,0,1,2,True,False,True,0.5143693942591333,0.0
unsafe_writes,ab_bolster,6373,0,1,2,True,False,True,0.0,0.2757005137211388
unsafe_writes,ab_bolster,6374,0,2,0,False,False,True,0.4598650244985675,0.0
unsafe_writes,ab_bolster,6375,0,1,2,True,False,True,0.0,0.0
unsafe_writes,ab_bolster,6376,0,3,0,False,False,True,0.0,0.0
unsafe_writes,ab_bolster,6377,0,1,0,False,False,True,0.0,0.0
unsafe_writes,ab_bolster,6378,0,1,0,False,False,True,0.04164387807922942,0.0
unsafe_writes,ab_bolster,6380,0,1,2,True,False,True,0.0,0.10877733739240113
unsafe_writes,ab_bolster,6485,0,1,0,False,False,True,0.6943755822283881,0.2553034879764651
unsafe_writes,ab_bolster,6494,0,0,2,True,False,True,0.7214017979728471,0.7214017979728471
unsafe_writes,ab_bolster,6666,0,0,2,True,False,True,0.907113294827655,0.907113294827655
unsafe_writes,ab_bolster,6685,0,0,2,True,False,True,0.7810880872554371,0.7810880872554371
unsafe_writes,ab_bolster,6686,0,0,2,True,False,True,0.6512308573536201,0.6512308573536201
unsafe_writes,ab_bolster,6697,0,0,2,True,False,True,0.3190881845572683,0.3190881845572683
unsafe_writes,ab_bolster,6699,0,0,2,True,False,True,0.3408109408425302,0.3408109408425302
unsafe_writes,ab_bolster,6711,0,0,2,True,False,True,0.5632515479187203,0.5632515479187203
unsafe_writes,ab_bolster,6717,0,0,2,True,False,True,0.7790359553211411,0.7790359553211411
unsafe_writes,ab_bolster,6722,0,0,2,True,False,True,0.48302037321782393,0.48302037321782393
unsafe_writes,ab_bolster,6734,0,0,2,True,False,True,0.8575947291607582,0.8575947291607582
unsafe_writes,ab_bolster,6735,0,0,2,True,False,True,0.5249378057576156,0.5249378057576156
unsafe_writes,ab_bolster,6739,0,0,2,True,False,True,0.24447810619272906,0.24447810619272906
unsafe_writes,ab_bolster,6740,0,0,2,True,False,True,0.661001045217588,0.661001045217588
unsafe_writes,ab_bolster,6741,0,0,2,True,False,True,0.5505496370211285,0.5505496370211285
unsafe_writes,ab_bolster,6744,0,0,2,True,False,True,0.6765666702857768,0.6765666702857768
unsafe_writes,ab_bolster,6766,0,0,2,True,False,True,0.643440016754125,0.643440016754125
unsafe_writes,ab_bolster,6767,0,0,2,True,False,True,0.6098706606800869,0.6098706606800869
unsafe_writes,ab_bolster,6789,0,0,2,True,False,True,0.44022618832532406,0.44022618832532406
unsafe_writes,ab_bolster,6790,0,0,2,True,False,True,0.6400648454964522,0.6400648454964522
unsafe_writes,ab_bolster,6814,0,0,2,True,False,True,0.8043712077670173,0.8043712077670173
unsafe_writes,ab_bolster,6843,0,0,2,True,False,True,0.500236137490046,0.500236137490046
unsafe_writes,ab_bolster,6844,0,0,2,True,False,True,0.6313622471332037,0.6313622471332037
unsafe_writes,ab_bolster,6858,0,0,2,True,False,True,0.726977549119471,0.726977549119471
unsafe_writes,ab_bolster,6879,0,0,2,True,False,True,0.5299338365601989,0.5299338365601989
unsafe_writes,ab_bolster,6880,0,0,2,True,False,True,0.6526067767717821,0.6526067767717821
unsafe_writes,ab_bolster,6881,0,0,2,True,False,True,0.5400106578943323,0.5400106578943323
unsafe_writes,ab_bolster,6882,0,0,2,True,False,True,0.4473165777702658,0.4473165777702658
unsafe_writes,ab_bolster,6883,0,0,2,True,False,True,0.5975895340610287,0.5975895340610287
unsafe_writes,ab_bolster,6894,0,0,2,True,False,True,0.6008930472211182,0.6008930472211182
unsafe_writes,ab_bolster,6896,0,0,2,True,False,True,0.687266140139428,0.687266140139428
unsafe_writes,ab_bolster,6964,0,0,2,True,False,True,0.7344303081799823,0.7344303081799823
unsafe_writes,ab_bolster,6982,0,0,2,True,False,True,0.7036007301015225,0.7036007301015225
unsafe_writes,ab_bolster,7000,0,0,2,True,False,True,0.6585874088306956,0.6585874088306956
unsafe_writes,ab_bolster,7006,0,0,2,True,False,True,0.26717822204503744,0.26717822204503744
unsafe_writes,ab_bolster,7007,0,0,2,True,False,True,0.3274442655779437,0.3274442655779437
unsafe_writes,ab_bolster,7008,0,0,2,True,False,True,0.30876917310420104,0.30876917310420104
unsafe_writes,ab_bolster,7009,0,0,2,True,False,True,0.3936424666590934,0.3936424666590934
unsafe_writes,ab_bolster,7010,0,0,2,True,False,True,0.30539074074913114,0.30539074074913114
unsafe_writes,ab_bolster,7011,0,0,2,True,False,True,0.2565809554548429,0.2565809554548429
unsafe_writes,ab_bolster,7012,0,0,2,True,False,True,0.07827655069904073,0.07827655069904073
unsafe_writes,ab_bolster,7015,0,0,2,True,False,True,0.06333485978933323,0.06333485978933323
unsafe_writes,ab_bolster,7017,0,0,2,True,False,True,0.3002382155389999,0.3002382155389999
unsafe_writes,ab_bolster,7019,0,0,2,True,False,True,0.23584409191220146,0.23584409191220146
unsafe_writes,ab_bolster,7020,0,0,2,True,False,True,0.27596673041759356,0.27596673041759356
unsafe_writes,ab_bolster,7022,0,0,2,True,False,True,0.16370761058427577,0.16370761058427577
unsafe_writes,ab_bolster,7023,0,0,2,True,False,True,0.11347099831765337,0.11347099831765337
unsafe_writes,ab_bolster,7024,0,0,2,True,False,True,0.34500893499126417,0.34500893499126417
unsafe_writes,ab_bolster,7025,0,0,2,True,False,True,0.49724020828660265,0.49724020828660265
unsafe_writes,ab_bolster,7026,0,0,2,True,False,True,0.6366831356118894,0.6366831356118894
unsafe_writes,ab_bolster,7037,0,0,2,True,False,True,0.8337120744862025,0.8337120744862025
unsafe_writes,ab_bolster,7043,0,0,2,True,False,True,0.4665580330540891,0.4665580330540891
unsafe_writes,ab_bolster,7044,0,0,2,True,False,True,0.7405268150294105,0.7405268150294105
unsafe_writes,ab_bolster,7053,0,0,2,True,False,True,0.7488382456134566,0.7488382456134566
unsafe_writes,ab_bolster,7075,0,0,2,True,False,True,0.7633981822997502,0.7633981822997502
unsafe_writes,ab_bolster,7076,0,0,2,True,False,True,0.7452108898992211,0.7452108898992211
unsafe_writes,ab_bolster,7077,0,0,2,True,False,True,0.8677735119752863,0.8677735119752863
unsafe_writes,ab_bolster,7080,0,0,2,True,False,True,0.8017201783053511,0.8017201783053511
unsafe_writes,ab_bolster,7126,0,0,2,True,False,True,0.7031581955122431,0.7031581955122431
unsafe_writes,ab_bolster,7127,0,0,2,True,False,True,0.43690091141161114,0.43690091141161114
unsafe_writes,ab_bolster,7128,0,0,2,True,False,True,0.2134608889717606,0.2134608889717606
unsafe_writes,ab_bolster,7129,0,0,2,True,False,True,0.6613199776898921,0.6613199776898921
unsafe_writes,ab_bolster,7137,0,0,2,True,False,True,0.5669184077278098,0.5669184077278098
unsafe_writes,ab_bolster,7170,0,0,2,True,False,True,0.6588731447741243,0.6588731447741243
unsafe_writes,ab_bolster,7173,0,0,2,True,False,True,0.712235728083192,0.712235728083192
unsafe_writes,ab_bolster,7174,0,0,2,True,False,True,0.6199437991373714,0.6199437991373714
unsafe_writes,ab_bolster,7180,0,0,2,True,False,True,0.6710665300972484,0.6710665300972484
unsafe_writes,ab_bolster,7196,0,0,2,True,False,True,0.2502231656658588,0.2502231656658588
unsafe_writes,ab_bolster,7198,0,1,0,False,False,True,0.12087522382315362,0.0
unsafe_writes,ab_bolster,7199,0,0,0,False,False,True,0.0,0.13072425010803215
unsafe_writes,ab_bolster,7204,2,0,2,True,False,True,0.3969077485742299,0.0
unsafe_writes,ab_bolster,7205,0,0,0,False,False,True,0.0,0.4025470067477247
unsafe_writes,ab_bolster,7206,0,0,2,True,False,True,0.7800334111828684,0.7800334111828684
unsafe_writes,ab_bolster,7233,0,0,2,True,False,True,0.08561289072251224,0.08561289072251224
unsafe_writes,ab_bolster,7235,0,0,2,True,False,True,0.16265784880384757,0.16265784880384757
unsafe_writes,ab_bolster,7236,0,0,2,True,False,True,0.5035286153445737,0.5035286153445737
unsafe_writes,ab_bolster,7237,0,0,2,True,False,True,0.3549836473196426,0.3549836473196426
unsafe_writes,ab_bolster,7238,0,0,2,True,False,True,0.4225424297713726,0.4225424297713726
unsafe_writes,ab_bolster,7239,0,0,2,True,False,True,0.3984457291421314,0.3984457291421314
unsafe_writes,ab_bolster,7240,0,0,2,True,False,True,0.5120224999154308,0.5120224999154308
unsafe_writes,ab_bolster,7246,0,0,2,True,False,True,0.8442048001923417,0.8442048001923417
unsafe_writes,ab_bolster,7247,0,0,2,True,False,True,0.7878872944658296,0.7878872944658296
unsafe_writes,ab_bolster,7248,0,0,2,True,False,True,0.7386960572174096,0.7386960572174096
unsafe_writes,ab_bolster,7249,0,0,2,True,False,True,0.7755123438666868,0.7755123438666868
unsafe_writes,ab_bolster,7251,0,0,2,True,False,True,0.8338435308867387,0.8338435308867387
unsafe_writes,ab_bolster,7252,0,0,2,True,False,True,0.7937559724007855,0.7937559724007855
unsafe_writes,ab_bolster,7253,0,0,2,True,False,True,0.7327117545144329,0.7327117545144329
unsafe_writes,ab_bolster,7254,0,0,2,True,False,True,0.9166015284550755,0.9166015284550755
unsafe_writes,ab_bolster,7255,0,0,2,True,False,True,0.7730731473231917,0.7730731473231917
unsafe_writes,ab_bolster,7256,0,0,2,True,False,True,0.8286876338826202,0.8286876338826202
unsafe_writes,ab_bolster,7257,0,0,2,True,False,True,0.7984062220713567,0.7984062220713567
unsafe_writes,ab_bolster,7259,0,0,2,True,False,True,0.730772583188854,0.730772583188854
unsafe_writes,ab_bolster,7267,0,0,2,True,False,True,0.5994914794378281,0.5994914794378281
unsafe_writes,ab_bolster,7282,0,0,2,True,False,True,0.7754398921967987,0.7754398921967987
unsafe_writes,ab_bolster,7283,0,0,2,True,False,True,0.8452157681935876,0.8452157681935876
unsafe_writes,ab_bolster,7287,0,0,2,True,False,True,0.824537881850985,0.824537881850985
unsafe_writes,ab_bolster,7291,0,0,2,True,False,True,0.8722568739690136,0.8722568739690136
unsafe_writes,ab_bolster,7306,0,0,2,True,False,True,0.8780568957649166,0.8780568957649166
unsafe_writes,ab_bolster,7310,0,0,2,True,False,True,0.78242193045209,0.78242193045209
unsafe_writes,ab_bolster,7321,0,0,2,True,False,True,0.6665694681513112,0.6665694681513112
unsafe_writes,ab_bolster,7352,0,0,2,True,False,True,0.7373699354611731,0.7373699354611731
unsafe_writes,ab_bolster,7353,0,0,2,True,False,True,0.40927340582104305,0.40927340582104305
unsafe_writes,ab_bolster,7368,0,0,2,True,False,True,0.5592378179280959,0.5592378179280959
unsafe_writes,ab_bolster,7369,0,0,2,True,False,True,0.8764549373143653,0.8764549373143653
unsafe_writes,ab_bolster,7456,0,0,2,True,False,True,0.3919873258133038,0.3919873258133038
unsafe_writes,ab_bolster,7457,0,1,0,False,False,True,0.3611038990288109,0.6860017747156554
unsafe_writes,ab_bolster,7458,0,0,2,True,False,True,0.6332342057909783,0.6332342057909783
unsafe_writes,ab_bolster,7476,0,0,2,True,False,True,0.6295217621853444,0.6295217621853444
unsafe_writes,ab_bolster,7477,0,0,2,True,False,True,0.5669445355232362,0.5669445355232362
unsafe_writes,ab_bolster,7478,0,0,2,True,False,True,0.6720640025054272,0.6720640025054272
unsafe_writes,ab_bolster,7495,0,0,2,True,False,True,0.6218339230827638,0.6218339230827638
unsafe_writes,ab_bolster,7539,0,0,2,True,False,True,0.7256121277566189,0.7256121277566189
unsafe_writes,ab_bolster,7540,0,1,2,True,False,True,0.6017306445929121,0.3176378355829911
unsafe_writes,ab_bolster,7541,0,0,2,True,False,True,0.13589561989296856,0.13589561989296856
unsafe_writes,ab_bolster,7543,0,1,0,False,False,True,0.13243412123815185,0.5776973427041
unsafe_writes,ab_bolster,7547,0,0,2,True,False,True,0.5568585315108806,0.5568585315108806
unsafe_writes,ab_bolster,7548,0,0,2,True,False,True,0.711526540158726,0.711526540158726
unsafe_writes,ab_bolster,7558,0,2,0,False,False,True,0.08145388522669995,0.25172139321497816
unsafe_writes,ab_bolster,7584,0,0,2,True,False,True,0.3311647933670341,0.3311647933670341
unsafe_writes,ab_bolster,7585,0,0,2,True,False,True,0.3614227540274822,0.3614227540274822
unsafe_writes,ab_bolster,7586,0,0,2,True,False,True,0.3446405565363499,0.3446405565363499
unsafe_writes,ab_bolster,7587,0,0,2,True,False,True,0.5713510660479074,0.5713510660479074
unsafe_writes,ab_bolster,7590,0,0,2,True,False,True,0.5469102461002531,0.5469102461002531
unsafe_writes,ab_bolster,7619,0,2,0,False,False,True,0.35388117091674837,0.0
unsafe_writes,ab_bolster,7620,0,0,2,True,False,True,0.0,0.0
unsafe_writes,ab_bolster,7621,0,1,0,False,False,True,0.0,0.7168819748742873
unsafe_writes,ab_bolster,7647,0,0,2,True,False,True,0.4720632653864601,0.4720632653864601
unsafe_writes,ab_bolster,7648,0,0,2,True,False,True,0.38394797881287973,0.38394797881287973
unsafe_writes,ab_bolster,7649,2,0,2,True,False,True,0.464349897898011,0.32292590379625913
unsafe_writes,ab_bolster,7650,0,0,2,True,False,True,0.3696604817797274,0.3696604817797274
unsafe_writes,ab_bolster,8128,0,0,2,True,False,True,0.4607293470959716,0.4607293470959716
unsafe_writes,ab_bolster,8131,0,0,0,False,False,True,0.19212161150853985,0.4561239973576508
unsafe_writes,ab_bolster,8136,0,0,2,True,False,True,0.6044863051487928,0.6044863051487928
unsafe_writes,ab_bolster,8137,0,0,2,True,False,True,0.5086103379068283,0.5086103379068283
unsafe_writes,ab_bolster,8173,0,0,2,True,False,True,0.6647357151028378,0.6647357151028378
unsafe_writes,ab_motocometurn,39,0,1,2,True,False,True,0.0,0.6119137588407925
unsafe_writes,ab_motocometurn,40,2,0,2,True,False,True,0.0,0.6160011299887833
unsafe_writes,ab_motocometurn,127,0,0,2,True,False,False,,
unsafe_writes,ab_motocometurn,130,2,2,2,True,False,True,0.2123553064002087,0.0
unsafe_writes,ab_motocometurn,131,2,2,2,True,False,True,0.0,0.653581888736455
unsafe_writes,ab_rightcupcoming_infwhite_quezhen,616,0,0,2,True,False,True,0.7604446676396904,0.7604446676396904
unsafe_writes,ab_rightcupcoming_infwhite_quezhen,620,0,1,2,True,False,True,0.34497129786827596,0.03320557698366979
unsafe_writes,ab_rightcupcoming_infwhite_quezhen,621,0,0,2,True,False,True,0.16429745320068936,0.16429745320068936
unsafe_writes,ab_rightcupcoming_infwhite_quezhen,623,0,0,2,True,False,True,0.35446731164520395,0.35446731164520395
unsafe_writes,ab_rightcupcoming_infwhite_quezhen,625,2,1,2,True,False,True,0.21648350982701078,0.0
unsafe_writes,ab_rightcupcoming_infwhite_quezhen,630,0,0,2,True,False,True,0.0,0.0
unsafe_writes,ab_rightcupcoming_infwhite_quezhen,631,0,1,2,True,False,True,0.0,0.9001012170982429
unsafe_writes,ab_rightcupcoming_infwhite_quezhen,694,0,1,0,False,False,True,0.7029647046101648,0.0
unsafe_writes,ab_rightcupcoming_infwhite_quezhen,696,0,1,0,False,False,True,0.0,0.882049535832916
unsafe_writes,ab_rightcupcoming_infwhite_quezhen,725,0,1,0,False,False,True,0.8074702468291411,0.0
unsafe_writes,ab_rightcupcoming_infwhite_quezhen,726,0,1,0,False,False,True,0.0,0.8658800452673755
unsafe_writes,ab_rightcupcoming_infwhite_quezhen,727,0,1,0,False,False,True,0.8431338927894243,0.0
unsafe_writes,ab_rightcupcoming_infwhite_quezhen,729,0,0,2,True,False,True,0.0,0.0
unsafe_writes,ab_rightcupcoming_infwhite_quezhen,738,0,0,0,False,False,True,0.0,0.879578065082071
unsafe_writes,ab_rightcupcoming_infwhite_quezhen,792,0,1,0,False,False,True,0.8205437387018661,0.0
unsafe_writes,ab_rightcupcoming_infwhite_quezhen,923,0,0,2,True,False,True,0.860909605039203,0.860909605039203
unsafe_writes,ab_rightcupcoming_infwhite_quezhen,937,0,0,2,True,False,True,0.8175708893004329,0.8175708893004329
unsafe_writes,ab_rightcupcoming_infwhite_quezhen,944,0,0,2,True,False,True,0.8011430056583975,0.8011430056583975
unsafe_writes,ab_rightcupcoming_infwhite_quezhen,945,0,0,2,True,False,True,0.6644025834989452,0.6644025834989452
unsafe_writes,ab_rightcupcoming_infwhite_quezhen,990,0,0,2,True,False,True,0.42993729009272885,0.42993729009272885
unsafe_writes,ab_rightcupcoming_infwhite_quezhen,1043,0,0,2,True,False,True,0.26738814299732,0.26738814299732
unsafe_writes,ab_rightcupcoming_infwhite_quezhen,1044,0,0,2,True,False,True,0.21412481183948337,0.21412481183948337
unsafe_writes,ab_rightcupcoming_infwhite_quezhen,1045,0,0,2,True,False,True,0.4512124329203271,0.4512124329203271
unsafe_writes,ab_rightcupcoming_infwhite_quezhen,1169,0,1,0,False,False,True,0.0,0.9263239835813935
unsafe_writes,ab_rightcupcoming_infwhite_quezhen,1174,0,1,0,False,False,True,0.9092638591854343,0.0
unsafe_writes,ab_rightcupcoming_infwhite_quezhen,1183,0,0,2,True,False,True,0.0,0.0
unsafe_writes,ab_rightcupcoming_infwhite_quezhen,1212,0,0,0,False,False,True,0.8651843938187199,0.0
unsafe_writes,ab_rightcupcoming_infwhite_quezhen,1232,0,1,0,False,False,True,0.7350660679784529,0.0
unsafe_writes,ab_rightcupcoming_infwhite_quezhen,1233,0,0,2,True,False,True,0.0,0.0
unsafe_writes,ab_rightcupcoming_infwhite_quezhen,1247,0,0,0,False,False,True,0.8222862133816914,0.0
unsafe_writes,ab_rightcupcoming_infwhite_quezhen,1254,0,0,0,False,False,True,0.8780492285193542,0.012300210014293725
unsafe_writes,ab_rightcupcoming_infwhite_quezhen,1277,0,0,2,True,False,True,0.4664225822174895,0.4664225822174895
unsafe_writes,ab_rightcupcoming_infwhite_quezhen,1358,0,1,2,True,False,True,0.0,0.3226521684768414
unsafe_writes,ab_rightcupcoming_infwhite_quezhen,1471,0,0,2,True,False,True,0.0,0.0
unsafe_writes,ab_rightcupcoming_infwhite_quezhen,1472,0,0,2,True,False,True,0.0,0.0
unsafe_writes,ab_rightcupcoming_infwhite_quezhen,1525,0,0,2,True,False,True,0.0,0.0
unsafe_writes,ab_rightcupcoming_infwhite_quezhen,1689,0,0,0,False,False,True,0.8586829951718498,0.5077541573017188
unsafe_writes,ab_rightcupcoming_infwhite_quezhen,1731,0,0,0,False,False,True,0.9267588391242704,0.08855191823846568
unsafe_writes,ab_rightcupcoming_infwhite_quezhen,1829,0,0,2,True,False,True,0.0,0.0
unsafe_writes,ab_rightcupcoming_infwhite_quezhen,2011,0,0,2,True,False,True,0.48760283404480226,0.48760283404480226
unsafe_writes,ab_rightcupcoming_infwhite_quezhen,2727,0,1,0,False,False,True,0.0,0.20539165170676432
unsafe_writes,ab_rightcupcoming_infwhite_quezhen,2895,0,0,2,True,False,True,0.047192488177691165,0.047192488177691165
unsafe_writes,ab_rightcupcoming_infwhite_quezhen,2903,0,1,0,False,False,True,0.0,0.7121988437849075
unsafe_writes,ab_rightcupcoming_infwhite_quezhen,2935,0,1,0,False,False,True,0.0,0.8388525081492605
unsafe_writes,ab_rightcupcoming_infwhite_quezhen,3062,0,0,2,True,False,True,0.38781218787549343,0.38781218787549343
unsafe_writes,ab_rightcupcoming_infwhite_quezhen,3063,0,0,2,True,False,True,0.35825674615259445,0.35825674615259445
unsafe_writes,ab_rightcupcoming_infwhite_quezhen,3064,0,0,2,True,False,True,0.37612426016505474,0.37612426016505474
unsafe_writes,ab_rightcupcoming_infwhite_quezhen,3242,0,0,2,True,False,True,0.2241755259243682,0.2241755259243682
unsafe_writes,ab_rightcupcoming_infwhite_quezhen,3249,0,0,2,True,False,True,0.22031132994336639,0.22031132994336639
unsafe_writes,ab_rightcupcoming_infwhite_quezhen,3250,0,0,2,True,False,True,0.13303116867579265,0.13303116867579265
unsafe_writes,ab_rightcupcoming_infwhite_quezhen,3299,0,0,2,True,False,True,0.2867065959298865,0.2867065959298865
unsafe_writes,ab_rightcupcoming_infwhite_quezhen,3432,0,1,0,False,False,True,0.6006979690117659,0.3082886884969486
unsafe_writes,ab_rightcupcoming_infwhite_quezhen,3439,0,0,2,True,False,True,0.19960628435905256,0.19960628435905256
unsafe_writes,ab_rightcupcoming_infwhite_quezhen,3481,0,0,2,True,False,True,0.08360245099536513,0.08360245099536513
unsafe_writes,ab_rightcupcoming_infwhite_quezhen,3562,0,1,0,False,False,True,0.0,0.8410585478064398
unsafe_writes,ab_rightcupcoming_infwhite_quezhen,3578,0,0,2,True,False,True,0.3439966977227642,0.3439966977227642
unsafe_writes,ab_rightcupcoming_infwhite_quezhen,3623,0,0,0,False,False,True,0.8591648341064395,0.004265463771115596
unsafe_writes,ab_rightcupcoming_infwhite_quezhen,3625,0,0,2,True,False,True,0.0,0.8412957380473933
unsafe_writes,ab_rightcupcoming_infwhite_quezhen,3934,0,2,0,False,False,True,0.048318313035685484,0.01898772189384528
unsafe_writes,ab_rightcupcoming_infwhite_quezhen,3935,0,0,2,True,False,True,0.060649519696007084,0.0
unsafe_writes,ab_rightcupcoming_infwhite_quezhen,4072,0,0,0,False,False,True,0.0,0.8033220104243463
unsafe_writes,ab_rightcupcoming_infwhite_quezhen,4075,0,0,2,True,False,True,0.8879678447963075,0.8879678447963075
unsafe_writes,ab_rightcupcoming_infwhite_quezhen,4158,0,1,0,False,False,True,0.9300546713184022,0.0
unsafe_writes,ab_rightcupcoming_infwhite_quezhen,4167,0,1,0,False,False,True,0.0,0.9103100247898883
unsafe_writes,ab_rightcupcoming_infwhite_quezhen,4245,0,0,2,True,False,True,0.8284265377913934,0.8284265377913934
unsafe_writes,ab_rightcupcoming_infwhite_quezhen,4274,0,0,2,True,False,True,0.8281452728855446,0.8281452728855446
unsafe_writes,ab_rightcupcoming_infwhite_quezhen,4278,0,1,0,False,False,True,0.8050414752359429,0.16676535948141202
unsafe_writes,ab_rightcupcoming_infwhite_quezhen,4279,0,0,0,False,False,True,0.13654215620694007,0.8413724414826028
unsafe_writes,ab_rightcupcoming_infwhite_quezhen,4281,0,0,2,True,False,True,0.5927926225312583,0.5927926225312583
unsafe_writes,ab_rightcupcoming_infwhite_quezhen,4333,0,0,0,False,False,True,0.0,0.8488197467470636
unsafe_writes,ab_rightcupcoming_infwhite_quezhen,4343,0,1,0,False,False,True,0.8756741007522321,0.0
unsafe_writes,ab_rightcupcoming_infwhite_quezhen,4346,0,0,0,False,False,True,0.0,0.7863035695702754
unsafe_writes,ab_rightcupcoming_infwhite_quezhen,4349,0,0,2,True,False,True,0.9016454266807601,0.9016454266807601
unsafe_writes,ab_rightcupcoming_infwhite_quezhen,4350,0,0,2,True,False,True,0.9093751352391501,0.9093751352391501
unsafe_writes,ab_rightcupcoming_infwhite_quezhen,4527,0,1,0,False,False,True,0.8045349068698244,0.0
unsafe_writes,ab_rightcupcoming_infwhite_quezhen,4533,0,1,0,False,False,True,0.0,0.7629170248612689
unsafe_writes,ab_rightcupcoming_infwhite_quezhen,4534,0,0,2,True,False,True,0.8673389305689859,0.8673389305689859
unsafe_writes,ab_rightcupcoming_infwhite_quezhen,4535,2,0,2,True,False,True,0.8593742717346197,0.0
unsafe_writes,ab_rightcupcoming_infwhite_quezhen,4972,0,0,2,True,False,True,0.0,0.0
unsafe_writes,ab_rightcupcoming_infwhite_quezhen,5361,0,0,2,True,False,True,0.05868842778263312,0.05868842778263312
unsafe_writes,ab_rightcupcoming_infwhite_quezhen,5362,0,0,2,True,False,True,0.05056174285955961,0.05056174285955961
unsafe_writes,ab_rightcupcoming_infwhite_quezhen,5409,0,0,0,False,False,True,0.032351876665703404,0.8383643010019495
unsafe_writes,ab_rightcupcoming_infwhite_quezhen,5465,0,1,0,False,False,True,0.9052931905456127,0.0
unsafe_writes,ab_rightcupcoming_infwhite_quezhen,5501,0,0,2,True,False,True,0.0,0.0
unsafe_writes,ab_rightcupcoming_infwhite_quezhen,6175,0,0,2,True,False,True,0.3297081580688693,0.3297081580688693
unsafe_writes,ab_rightcupcoming_infwhite_quezhen,6176,0,0,2,True,False,True,0.19222952962674997,0.19222952962674997
unsafe_writes,ab_rightcupcoming_infwhite_quezhen,6177,0,0,2,True,False,True,0.21726325660414922,0.21726325660414922
unsafe_writes,ab_rightcupcoming_infwhite_quezhen,6178,0,0,2,True,False,True,0.197879311980727,0.197879311980727
unsafe_writes,ab_rightcupcoming_infwhite_quezhen,6179,0,0,2,True,False,True,0.1385737427138375,0.1385737427138375
unsafe_writes,ab_rightcupcoming_infwhite_quezhen,6180,0,0,2,True,False,True,0.176452676501351,0.176452676501351
unsafe_writes,ab_rightcupcoming_infwhite_quezhen,6181,0,1,2,True,False,True,0.1477106852155194,0.0
unsafe_writes,ab_rightcupcoming_infwhite_quezhen,6182,0,0,2,True,False,True,0.0021541194388195457,0.0021541194388195457
unsafe_writes,ab_rightcupcoming_infwhite_quezhen,6183,2,0,2,True,False,True,0.0,0.09574533879481997
unsafe_writes,ab_rightcupcoming_infwhite_quezhen,6184,2,0,2,True,False,True,0.13497614740886968,0.033763685594283145
unsafe_writes,ab_rightcupcoming_infwhite_quezhen,6185,2,0,2,True,False,True,0.05101125710466376,0.021484174142294504
unsafe_writes,ab_rightcupcoming_infwhite_quezhen,6188,2,0,2,True,False,True,0.08516999648902072,0.02459572330075877
unsafe_writes,ab_rightcupcoming_infwhite_quezhen,6190,0,0,2,True,False,True,0.0844489635437893,0.0844489635437893
unsafe_writes,ab_rightcupcoming_infwhite_quezhen,6191,2,0,2,True,False,True,0.10510565397799025,0.03419176328980584
unsafe_writes,ab_rightcupcoming_infwhite_quezhen,6192,2,0,2,True,False,True,0.054195916095670364,0.021419270833333334
unsafe_writes,ab_rightcupcoming_infwhite_quezhen,6193,0,0,2,True,False,True,0.033283076093377995,0.033283076093377995
unsafe_writes,ab_rightcupcoming_infwhite_quezhen,6194,2,0,2,True,False,True,0.0706963956793347,0.021702452114036114
unsafe_writes,ab_rightcupcoming_infwhite_quezhen,6195,2,0,2,True,False,True,0.03320538618848839,0.021674262152777776
unsafe_writes,ab_rightcupcoming_infwhite_quezhen,6198,0,0,2,True,False,True,0.24108244436232612,0.24108244436232612
unsafe_writes,ab_rightcupcoming_infwhite_quezhen,6406,0,0,2,True,False,True,0.4305775885193439,0.4305775885193439
unsafe_writes,ab_rightcupcoming_infwhite_quezhen,6440,0,0,2,True,False,True,0.3377486292220564,0.3377486292220564
unsafe_writes,ab_rightcupcoming_infwhite_quezhen,6484,0,0,2,True,False,True,0.8911380784552821,0.8911380784552821
unsafe_writes,ab_rightcupcoming_infwhite_quezhen,6674,0,1,0,False,False,True,0.9427286209145291,0.0
unsafe_writes,basketball,5,0,1,2,True,False,True,0.0,0.2996957262780338
unsafe_writes,basketball,11,0,1,2,True,False,True,0.0,0.0
unsafe_writes,basketball,12,0,1,0,False,False,True,0.24106787042581757,0.38836338560976635
unsafe_writes,basketball,18,0,0,2,True,False,True,0.7578079385903895,0.7578079385903895
unsafe_writes,basketball,23,2,0,2,True,False,True,0.0,0.397272400189341
unsafe_writes,basketball,24,0,0,2,True,False,True,0.646490309257914,0.646490309257914
unsafe_writes,basketball,29,0,0,2,True,False,True,0.7913753515830931,0.7913753515830931
unsafe_writes,basketball,30,0,2,0,False,False,True,0.0,0.08039832421538502
unsafe_writes,basketball,32,0,1,0,False,False,True,0.0,0.5458684698131491
unsafe_writes,basketball,36,2,0,2,True,False,True,0.0,0.31998642556803564
unsafe_writes,basketball,37,0,1,0,False,False,True,0.13174952670532075,0.0
unsafe_writes,basketball,43,2,0,2,True,False,True,0.0,0.6643160860004639
unsafe_writes,basketball,44,0,0,0,False,False,True,0.0,0.9106422452055811
unsafe_writes,basketball,45,0,1,0,False,False,True,0.0,0.5929937168647572
unsafe_writes,basketball,46,0,0,2,True,False,True,0.0,0.7449156178776422
unsafe_writes,basketball,50,0,2,0,False,False,True,0.0,0.18281424902943913
unsafe_writes,basketball,55,2,0,2,True,False,True,0.0,0.5462312822011649
unsafe_writes,basketball,62,0,1,2,True,False,True,0.0,0.38308344255879345
unsafe_writes,basketball,68,2,0,2,True,False,True,0.0,0.9002064277256352
unsafe_writes,basketball,75,0,1,2,True,False,True,0.0,0.3944990327479177
unsafe_writes,basketball,81,2,0,2,True,False,True,0.0,0.5119223428450816
unsafe_writes,basketball,94,0,2,0,False,False,True,0.0,0.11595353669133725
unsafe_writes,basketball,151,0,2,0,False,False,True,0.022824633888721246,0.0
unsafe_writes,basketball,153,0,1,0,False,False,True,0.0,0.0
unsafe_writes,basketball,154,0,1,0,False,False,True,0.0,0.0
unsafe_writes,basketball,155,0,0,2,True,False,True,0.0,0.0
unsafe_writes,basketball,156,0,1,0,False,False,True,0.0,0.0
unsafe_writes,basketball,163,0,1,2,True,False,True,0.0,0.0
unsafe_writes,basketball,164,0,1,0,False,False,True,0.0,0.0
unsafe_writes,basketball,165,0,2,0,False,False,True,0.0,0.0
unsafe_writes,basketball,166,0,1,0,False,False,True,0.0,0.0
unsafe_writes,basketball,167,0,1,0,False,False,True,0.0,0.0
unsafe_writes,basketball,168,0,1,0,False,False,True,0.0,0.0
unsafe_writes,basketball,169,0,2,0,False,False,True,0.0,0.0
unsafe_writes,basketball,170,2,1,2,True,False,True,0.0,0.0
unsafe_writes,basketball,171,0,1,0,False,False,True,0.0,0.19750727129472292
unsafe_writes,basketball,172,2,0,2,True,False,True,0.0,0.0
unsafe_writes,basketball,173,2,0,2,True,False,True,0.0,0.0
unsafe_writes,basketballshooting,3,0,0,2,True,False,True,0.5644530672856931,0.5644530672856931
unsafe_writes,basketballshooting,5,0,0,2,True,False,True,0.8569503642540431,0.8569503642540431
unsafe_writes,basketballshooting,8,0,0,2,True,False,True,0.7449723224315323,0.7449723224315323
unsafe_writes,basketballshooting,31,0,0,2,True,False,True,0.6194858694828972,0.6194858694828972
unsafe_writes,basketballshooting,48,0,0,2,True,False,True,0.5235949368216151,0.5235949368216151
unsafe_writes,basketballshooting,49,0,0,2,True,False,True,0.32671692252593737,0.32671692252593737
unsafe_writes,basketballshooting,50,0,1,0,False,False,True,0.029369160625948153,0.3244577877331871
unsafe_writes,basketballshooting,52,0,1,0,False,False,True,0.5271371003881036,0.0
unsafe_writes,basketballshooting,53,0,1,0,False,False,True,0.0,0.20541299529292967
unsafe_writes,basketballshooting,54,0,0,2,True,False,True,0.0,0.0
unsafe_writes,basketballshooting,55,0,2,0,False,False,True,0.0,0.5250963056066514
unsafe_writes,basketballshooting,57,0,3,0,False,False,True,0.28084624475838915,0.0
unsafe_writes,basketballshooting,58,0,1,0,False,False,True,0.041259514463542146,0.15207723201407403
unsafe_writes,basketballshooting,59,0,0,2,True,False,True,0.24756540998349333,0.24756540998349333
unsafe_writes,basketballshooting,60,0,0,2,True,False,True,0.3119481712030188,0.3119481712030188
unsafe_writes,basketballshooting,61,0,0,2,True,False,True,0.29282391077867714,0.29282391077867714
unsafe_writes,basketballshooting,62,2,1,2,True,False,True,0.3180783786537678,0.0
unsafe_writes,basketballshooting,66,0,0,2,True,False,True,0.0,0.0
unsafe_writes,basketballshooting,67,2,1,2,True,False,True,0.0,0.0
unsafe_writes,basketballshooting,79,0,1,0,False,False,True,0.0,0.6083390523096863
unsafe_writes,basketballshooting,84,2,0,2,True,False,True,0.252551395200316,0.0
unsafe_writes,basketballshooting,98,0,0,2,True,False,True,0.233687336114315,0.233687336114315
unsafe_writes,basketballshooting,101,0,0,2,True,False,True,0.08557616882040289,0.08557616882040289
unsafe_writes,basketballshooting,102,0,0,2,True,False,True,0.014945881391571103,0.014945881391571103
unsafe_writes,bikecoming,48,0,0,2,True,False,True,0.44196916887797916,0.44196916887797916
unsafe_writes,bikecoming,49,0,0,2,True,False,True,0.39089529735091627,0.39089529735091627
unsafe_writes,bikecoming,50,0,0,2,True,False,True,0.37593025350764037,0.37593025350764037
unsafe_writes,bikecoming,51,0,0,2,True,False,True,0.399044703077693,0.399044703077693
unsafe_writes,bikecoming,52,0,0,2,True,False,True,0.39969396313884614,0.39969396313884614
unsafe_writes,bikecoming,53,0,0,2,True,False,True,0.41490856575263674,0.41490856575263674
unsafe_writes,bikecoming,54,0,0,2,True,False,True,0.29395005129634955,0.29395005129634955
unsafe_writes,bikecoming,55,0,0,2,True,False,True,0.3224812618675671,0.3224812618675671
unsafe_writes,bikecoming,56,0,0,2,True,False,True,0.2708584023130145,0.2708584023130145
unsafe_writes,bikecoming,57,0,0,2,True,False,True,0.32888336746740626,0.32888336746740626
unsafe_writes,bikecoming,58,0,0,2,True,False,True,0.39118060793483966,0.39118060793483966
unsafe_writes,bikecoming,59,0,0,2,True,False,True,0.2971360244749583,0.2971360244749583
unsafe_writes,bikecoming,60,0,0,2,True,False,True,0.36905354288952225,0.36905354288952225
unsafe_writes,bikecoming,61,0,0,2,True,False,True,0.19958196789713795,0.19958196789713795
unsafe_writes,bikecoming,62,0,0,2,True,False,True,0.21771758380589476,0.21771758380589476
unsafe_writes,bikecoming,63,0,0,2,True,False,True,0.2974308162240306,0.2974308162240306
unsafe_writes,bikecoming,64,0,0,2,True,False,True,0.2622326155622448,0.2622326155622448
unsafe_writes,bikecoming,65,0,0,2,True,False,True,0.15914197237100838,0.15914197237100838
unsafe_writes,bikecoming,66,0,0,2,True,False,True,0.07149426568040229,0.07149426568040229
unsafe_writes,bikecoming,67,0,0,2,True,False,True,0.0,0.0
unsafe_writes,bikecoming,68,0,0,2,True,False,True,0.06384457306130616,0.06384457306130616
unsafe_writes,bikecoming,69,0,0,2,True,False,True,0.0,0.0
unsafe_writes,bikecoming,70,0,0,2,True,False,True,0.0,0.0
unsafe_writes,bikecoming,71,0,0,2,True,False,True,0.07637646698252988,0.07637646698252988
unsafe_writes,bikecoming,72,0,0,2,True,False,True,0.4476630160405533,0.4476630160405533
unsafe_writes,bikecoming,73,0,1,2,True,False,True,0.3200944592064563,0.0
unsafe_writes,bikecoming,74,0,0,2,True,False,True,0.0,0.0
unsafe_writes,bikecoming,75,0,0,2,True,False,True,0.32160927652583793,0.32160927652583793
unsafe_writes,bikecoming,77,2,0,2,True,False,True,0.33772167268268166,0.44551417031794854
unsafe_writes,blackboy256,236,0,0,2,True,False,True,0.5395120454570941,0.5395120454570941
unsafe_writes,blackboy256,238,0,0,2,True,False,True,0.5002008684957633,0.5002008684957633
unsafe_writes,blackboy256,249,0,2,0,False,False,True,0.4160740504381891,0.0
unsafe_writes,blackboy256,250,2,0,2,True,False,True,0.0,0.3343648214747282
unsafe_writes,blackboy256,251,0,0,2,True,False,True,0.5494559424116296,0.5494559424116296
unsafe_writes,blackboy256,252,0,0,2,True,False,True,0.39113830121528714,0.39113830121528714
unsafe_writes,blackboy256,254,0,0,2,True,False,True,0.06425623743112975,0.06425623743112975
unsafe_writes,blackboy256,255,0,0,2,True,False,True,0.06538672846214492,0.06538672846214492
unsafe_writes,blackman_0115,273,0,2,0,False,False,True,0.3199702593113352,0.0
unsafe_writes,blackman_0115,275,0,1,0,False,False,True,0.0,0.3025077959531519
unsafe_writes,blkboywithumbrella,414,0,1,2,True,False,True,0.5555653662873501,0.0
unsafe_writes,blkboywithumbrella,416,0,0,2,True,False,True,0.550138998768922,0.550138998768922
unsafe_writes,blkboywithumbrella,426,0,0,2,True,False,True,0.6217401464860535,0.6217401464860535
unsafe_writes,blkboywithumbrella,428,0,0,2,True,False,True,0.539001614478075,0.539001614478075
unsafe_writes,blkboywithumbrella,429,0,1,2,True,False,True,0.5037238376433848,0.019152969345004205
unsafe_writes,blkboywithumbrella,430,0,1,0,False,False,True,0.03283726260927542,0.6365355905225575
unsafe_writes,blkboywithumbrella,446,0,0,2,True,False,True,0.47987986748548045,0.47987986748548045
unsafe_writes,boybackpack,31,0,1,0,False,False,True,0.0,0.6785255656178161
unsafe_writes,boybackpack,32,0,0,2,True,False,True,0.6871766961268656,0.6871766961268656
unsafe_writes,boybackpack,33,0,0,2,True,False,True,0.5660126253658748,0.5660126253658748
unsafe_writes,boybackpack,34,0,0,2,True,False,True,0.6787695828391606,0.6787695828391606
unsafe_writes,boybackpack,35,0,0,2,True,False,True,0.712437525753775,0.712437525753775
unsafe_writes,boybackpack,36,0,0,2,True,False,True,0.7971316718820413,0.7971316718820413
unsafe_writes,boybackpack,37,0,0,2,True,False,True,0.6737638192098765,0.6737638192098765
unsafe_writes,boybackpack,38,0,0,2,True,False,True,0.6462686629500266,0.6462686629500266
unsafe_writes,boybackpack,39,0,0,2,True,False,True,0.6494698273551296,0.6494698273551296
unsafe_writes,boybackpack,42,0,2,2,True,False,True,0.5049269990960946,0.0
unsafe_writes,boybackpack,43,0,1,2,True,False,True,0.0,0.3083733944052028
unsafe_writes,boybackpack,50,0,0,2,True,False,True,0.39959924919511547,0.39959924919511547
unsafe_writes,boybackpack,51,0,0,2,True,False,True,0.6027273605508666,0.6027273605508666
unsafe_writes,boybackpack,52,2,0,2,True,False,True,0.5446342844827882,0.0
unsafe_writes,boybackpack,53,0,0,2,True,False,True,0.0,0.0
unsafe_writes,boybackpack,55,0,0,2,True,False,True,0.0,0.0
unsafe_writes,boybackpack,56,0,0,2,True,False,True,0.0,0.0
unsafe_writes,boybackpack,57,0,0,2,True,False,True,0.0,0.0
unsafe_writes,boybackpack,58,0,0,2,True,False,True,0.0,0.0
unsafe_writes,boybackpack,59,0,0,2,True,False,True,0.0,0.0
unsafe_writes,boybackpack,60,0,0,2,True,False,True,0.0,0.0
unsafe_writes,boybackpack,61,0,1,2,True,False,True,0.0,0.0
unsafe_writes,boybackpack,62,0,0,2,True,False,True,0.054766002528655815,0.054766002528655815
unsafe_writes,boybackpack,64,0,0,2,True,False,True,0.6285915315759809,0.6285915315759809
unsafe_writes,boybackpack,65,0,0,2,True,False,True,0.6814148467697208,0.6814148467697208
unsafe_writes,boybackpack,107,0,0,2,True,False,True,0.5679328226012305,0.5679328226012305
unsafe_writes,boybackpack,108,0,0,2,True,False,True,0.5955541619901847,0.5955541619901847
unsafe_writes,boybackpack,109,0,0,2,True,False,True,0.6542865325560824,0.6542865325560824
unsafe_writes,boybackpack,110,0,0,2,True,False,True,0.6856637024875576,0.6856637024875576
unsafe_writes,boybackpack,111,0,0,2,True,False,True,0.5447245778127291,0.5447245778127291
unsafe_writes,boybackpack,112,0,0,2,True,False,True,0.7180651095081763,0.7180651095081763
unsafe_writes,boybackpack,116,0,1,0,False,False,True,0.7474298041686515,0.4512206031776119
unsafe_writes,boybackpack,117,0,0,2,True,False,True,0.492694190070353,0.492694190070353
unsafe_writes,boybackpack,118,0,0,2,True,False,True,0.4726081900025717,0.4726081900025717
unsafe_writes,boybackpack,120,2,0,2,True,False,True,0.46717630594782544,0.0
unsafe_writes,boybackpack,122,0,1,0,False,False,True,0.0,0.8223285716935018
unsafe_writes,boybackpack,130,0,0,2,True,False,True,0.6419858338236012,0.6419858338236012
unsafe_writes,boybackpack,156,0,0,2,True,False,True,0.2961880744479813,0.2961880744479813
unsafe_writes,boybackpack,161,0,0,2,True,False,True,0.20641416442008556,0.20641416442008556
unsafe_writes,boybackpack,206,0,0,2,True,False,True,0.6677564853208565,0.6677564853208565
unsafe_writes,boybackpack,207,0,0,2,True,False,True,0.7798405858562326,0.7798405858562326
unsafe_writes,boybackpack,208,2,0,2,True,False,True,0.7186700724618597,0.0
unsafe_writes,boybackpack,224,0,0,2,True,False,True,0.0,0.0
unsafe_writes,boybackpack,244,0,0,2,True,False,True,0.5683052692102516,0.5683052692102516
unsafe_writes,boybackpack,245,0,0,2,True,False,True,0.5766192691656395,0.5766192691656395
unsafe_writes,boybesidescarwithouthat,11,0,1,2,True,False,True,0.3565181531190976,0.3565181531190976
unsafe_writes,boybesidescarwithouthat,17,0,1,2,True,False,True,0.0,0.3161042438743728
unsafe_writes,boybesidescarwithouthat,22,0,0,2,True,False,True,0.41917728922699266,0.41917728922699266
unsafe_writes,boybesidescarwithouthat,23,0,0,2,True,False,True,0.3720239997914287,0.3720239997914287
unsafe_writes,boybesidescarwithouthat,29,0,0,2,True,False,True,0.6414310616958463,0.0
unsafe_writes,boybesidescarwithouthat,31,0,0,0,False,False,True,0.0,0.0
unsafe_writes,boybesidescarwithouthat,32,0,0,0,False,False,True,0.0,0.7930246288259281
unsafe_writes,boybesidescarwithouthat,71,0,0,2,True,False,True,0.8249799303429881,0.8249799303429881
unsafe_writes,boybesidescarwithouthat,73,0,0,2,True,False,True,0.8821335015817868,0.0
unsafe_writes,boybesidescarwithouthat,76,0,1,2,True,False,True,0.0,0.0
unsafe_writes,boybesidescarwithouthat,90,0,1,0,False,False,True,0.0,0.0
unsafe_writes,boybesidescarwithouthat,111,0,0,2,True,False,True,0.0,0.0
unsafe_writes,boybesidescarwithouthat,120,0,1,0,False,False,True,0.0,0.0
unsafe_writes,boybesidescarwithouthat,123,0,1,0,False,False,True,0.0,0.0
unsafe_writes,boybesidescarwithouthat,141,0,0,2,True,False,True,0.0,0.0
unsafe_writes,boybesidescarwithouthat,144,0,0,2,True,False,True,0.0,0.0
unsafe_writes,boybesidescarwithouthat,148,0,0,2,True,False,True,0.0,0.0
unsafe_writes,boybesidescarwithouthat,149,0,0,2,True,False,True,0.0,0.0
unsafe_writes,boybesidescarwithouthat,150,0,1,2,True,False,True,0.0,0.0
unsafe_writes,boybesidescarwithouthat,151,0,0,2,True,False,True,0.0,0.0
unsafe_writes,boybesidescarwithouthat,152,0,0,2,True,False,True,0.0,0.0
unsafe_writes,boybesidescarwithouthat,153,0,1,0,False,False,True,0.0,0.0
unsafe_writes,boybesidescarwithouthat,155,0,0,2,True,False,True,0.0,0.0
unsafe_writes,boybesidescarwithouthat,156,0,0,2,True,False,True,0.0,0.0
unsafe_writes,boybesidescarwithouthat,158,0,0,2,True,False,True,0.0,0.0
unsafe_writes,boybesidescarwithouthat,159,0,0,2,True,False,True,0.0,0.0
unsafe_writes,boybesidescarwithouthat,166,0,0,2,True,False,True,0.0,0.0
unsafe_writes,boybesidescarwithouthat,167,0,0,2,True,False,True,0.0,0.0
unsafe_writes,boybesidescarwithouthat,170,0,0,2,True,False,True,0.0,0.0
unsafe_writes,boybesidescarwithouthat,171,0,0,2,True,False,True,0.0,0.0
unsafe_writes,boybesidescarwithouthat,173,0,0,2,True,False,True,0.0,0.0
unsafe_writes,boybesidescarwithouthat,174,0,0,2,True,False,True,0.0,0.0
unsafe_writes,boybesidescarwithouthat,175,0,4,0,False,False,True,0.0,0.0
unsafe_writes,boybesidescarwithouthat,176,0,2,2,True,False,True,0.0,0.0
unsafe_writes,boybesidescarwithouthat,177,0,0,2,True,False,True,0.0,0.0
unsafe_writes,boybesidescarwithouthat,180,0,1,0,False,False,True,0.0,0.0
unsafe_writes,boybesidescarwithouthat,181,0,2,2,True,False,True,0.0,0.0
unsafe_writes,boybesidescarwithouthat,182,0,1,0,False,False,True,0.0,0.0
unsafe_writes,boybesidescarwithouthat,184,0,0,2,True,False,True,0.0,0.0
unsafe_writes,boybesidescarwithouthat,186,0,0,2,True,False,True,0.0,0.0
unsafe_writes,boybesidescarwithouthat,187,0,0,2,True,False,True,0.0,0.0
unsafe_writes,boybesidescarwithouthat,189,0,0,2,True,False,True,0.0,0.0
unsafe_writes,boybesidescarwithouthat,190,0,1,0,False,False,True,0.0,0.0
unsafe_writes,boybesidescarwithouthat,192,0,1,0,False,False,True,0.0,0.0
unsafe_writes,boybesidescarwithouthat,197,0,0,2,True,False,True,0.0,0.0
unsafe_writes,boybesidescarwithouthat,198,0,0,2,True,False,True,0.0,0.0
unsafe_writes,boybesidescarwithouthat,199,0,0,2,True,False,True,0.0,0.0
unsafe_writes,boybesidescarwithouthat,201,0,1,2,True,False,True,0.0,0.0
unsafe_writes,boybesidescarwithouthat,205,0,1,2,True,False,True,0.0,0.0
unsafe_writes,boybesidescarwithouthat,213,0,0,2,True,False,True,0.0,0.0
unsafe_writes,boybesidescarwithouthat,214,0,0,2,True,False,True,0.0,0.0
unsafe_writes,boybesidescarwithouthat,215,0,0,2,True,False,True,0.0,0.0
unsafe_writes,boybesidescarwithouthat,216,0,2,2,True,False,True,0.0,0.0
unsafe_writes,boybesidescarwithouthat,217,0,1,2,True,False,True,0.0,0.0
unsafe_writes,boybesidescarwithouthat,218,0,0,2,True,False,True,0.0,0.0
unsafe_writes,boybesidescarwithouthat,221,0,0,2,True,False,True,0.0,0.0
unsafe_writes,boybesidescarwithouthat,223,0,0,2,True,False,True,0.0,0.0
unsafe_writes,boybesidescarwithouthat,224,0,0,2,True,False,True,0.0,0.7891915777946482
unsafe_writes,boybesidescarwithouthat,242,0,0,2,True,False,True,0.09070462539213066,0.09070462539213066
unsafe_writes,boybesidescarwithouthat,243,0,0,2,True,False,True,0.1930994582882942,0.1930994582882942
unsafe_writes,boybesidescarwithouthat,248,0,0,2,True,False,True,0.0,0.0
unsafe_writes,boybesidescarwithouthat,250,0,0,2,True,False,True,0.37204352245482136,0.37204352245482136
unsafe_writes,boybesidescarwithouthat,256,0,0,2,True,False,True,0.0,0.0
unsafe_writes,boybesidescarwithouthat,279,0,1,0,False,False,True,0.0,0.0
unsafe_writes,boybesidescarwithouthat,301,0,0,2,True,False,True,0.0,0.0
unsafe_writes,boybesidescarwithouthat,303,2,2,2,True,False,True,0.0,0.0
unsafe_writes,boybesidescarwithouthat,304,2,1,2,True,False,True,0.0,0.0
unsafe_writes,boybesidescarwithouthat,307,2,0,2,True,False,True,0.0,0.0
unsafe_writes,boybesidescarwithouthat,308,0,1,0,False,False,True,0.0,0.0
unsafe_writes,boybesidescarwithouthat,312,0,0,0,False,False,True,0.0,0.0
unsafe_writes,boybesidescarwithouthat,313,0,0,2,True,False,True,0.0,0.0
unsafe_writes,boybesidescarwithouthat,314,0,1,0,False,False,True,0.0,0.0
unsafe_writes,boyfollowing,97,0,0,2,True,False,True,0.6924503681477951,0.6924503681477951
unsafe_writes,boyfollowing,98,0,0,2,True,False,True,0.7604350494650272,0.7604350494650272
unsafe_writes,boyfollowing,103,0,1,2,True,False,True,0.7313148252771217,0.0
unsafe_writes,boyfollowing,105,0,0,0,False,False,True,0.0,0.662869364724734
unsafe_writes,boyfollowing,138,0,0,2,True,False,True,0.676521375442152,0.676521375442152
unsafe_writes,boyfollowing,141,0,0,2,True,False,True,0.6651018894722299,0.6651018894722299
unsafe_writes,boyfollowing,164,0,0,2,True,False,True,0.5607764748030418,0.5607764748030418
unsafe_writes,boyfollowing,171,0,0,2,True,False,True,0.469527491836879,0.469527491836879
unsafe_writes,boyfollowing,172,0,0,2,True,False,True,0.36543261700458374,0.36543261700458374
unsafe_writes,boyfollowing,173,0,0,2,True,False,True,0.30245448560576527,0.30245448560576527
unsafe_writes,boyfollowing,184,0,0,2,True,False,True,0.5234220050827302,0.5234220050827302
unsafe_writes,boyfollowing,185,0,0,2,True,False,True,0.39001602738742325,0.39001602738742325
unsafe_writes,boyfollowing,186,0,0,2,True,False,True,0.5528683835279915,0.5528683835279915
unsafe_writes,boyfollowing,187,0,0,2,True,False,True,0.6191890588634864,0.6191890588634864
unsafe_writes,boyfollowing,234,2,4,2,True,False,True,0.15109205762049513,0.0
unsafe_writes,boyfollowing,235,0,0,2,True,False,True,0.0,0.0
unsafe_writes,boyfollowing,236,0,0,2,True,False,True,0.0,0.0
unsafe_writes,boyfollowing,243,2,0,2,True,False,True,0.0,0.0
unsafe_writes,boyfollowing,244,0,0,2,True,False,True,0.0,0.0
unsafe_writes,boyfollowing,245,0,0,2,True,False,True,0.0,0.0
unsafe_writes,boyfollowing,246,0,0,2,True,False,True,0.0,0.0
unsafe_writes,boyfollowing,249,0,0,2,True,False,True,0.0,0.0
unsafe_writes,boyfollowing,250,0,0,2,True,False,True,0.0,0.0
unsafe_writes,boyfollowing,252,0,1,0,False,False,True,0.0,0.0
unsafe_writes,boyfollowing,253,0,3,0,False,False,True,0.0,0.0
unsafe_writes,boyfollowing,258,0,1,2,True,False,True,0.0,0.0
unsafe_writes,boyfollowing,259,0,2,0,False,False,True,0.023506932781456793,0.0
unsafe_writes,boyfollowing,260,0,0,2,True,False,True,0.0,0.0
unsafe_writes,boyfollowing,261,2,0,2,True,False,True,0.0,0.0
unsafe_writes,boyfollowing,262,0,2,2,True,False,True,0.0,0.0
unsafe_writes,boyfollowing,263,0,1,2,True,False,True,0.0,0.0
unsafe_writes,boyfollowing,264,0,0,2,True,False,True,0.0,0.0
unsafe_writes,boyfollowing,265,0,1,2,True,False,True,0.0,0.0
unsafe_writes,boyfollowing,272,0,2,0,False,False,True,0.0,0.0
unsafe_writes,boyfollowing,277,0,0,2,True,False,True,0.0,0.0
unsafe_writes,boyfollowing,278,0,0,2,True,False,True,0.0,0.0
unsafe_writes,boyfollowing,279,0,0,2,True,False,True,0.0,0.0
unsafe_writes,boyfollowing,281,0,0,2,True,False,True,0.0,0.0
unsafe_writes,boyleave,380,0,0,2,True,False,True,0.7298678794853422,0.7298678794853422
unsafe_writes,boyrightrubbish,48,0,0,2,True,False,True,0.5053139281402633,0.5053139281402633
unsafe_writes,boyrightrubbish,50,0,1,2,True,False,True,0.41760132833071384,0.5923764833668093
unsafe_writes,boyrightrubbish,51,0,0,2,True,False,True,0.45261948010910247,0.45261948010910247
unsafe_writes,boyrightrubbish,52,0,0,2,True,False,True,0.6527974916310174,0.6527974916310174
unsafe_writes,boyrightrubbish,62,2,0,2,True,False,True,0.2771711397570606,0.0
unsafe_writes,boyrightrubbish,63,0,0,2,True,False,True,0.1318032850582283,0.1318032850582283
unsafe_writes,boyrightrubbish,64,0,0,2,True,False,True,0.35435608705074756,0.35435608705074756
unsafe_writes,boyrightrubbish,66,0,0,2,True,False,True,0.46977443717169887,0.46977443717169887
unsafe_writes,boyrightrubbish,67,0,0,2,True,False,True,0.529793649565296,0.529793649565296
unsafe_writes,boysback,132,0,1,2,True,False,True,0.0,0.6475367686892909
unsafe_writes,boysumbrella,21,0,0,2,True,False,True,0.28514304177105787,0.28514304177105787
unsafe_writes,boysumbrella,23,0,0,2,True,False,True,0.19336902061843958,0.19336902061843958
unsafe_writes,boysumbrella,24,2,3,2,True,False,True,0.20330458452307523,0.0
unsafe_writes,boysumbrella,26,0,0,2,True,False,True,0.0,0.0
unsafe_writes,boysumbrella,27,0,0,2,True,False,True,0.0,0.0
unsafe_writes,boysumbrella,29,0,0,2,True,False,True,0.0,0.0
unsafe_writes,boysumbrella,32,0,0,2,True,False,True,0.0,0.0
unsafe_writes,boysumbrella,39,0,0,2,True,False,True,0.0,0.0
unsafe_writes,boysumbrella,40,0,0,2,True,False,True,0.0,0.0
unsafe_writes,boysumbrella,41,2,2,2,True,False,True,0.0,0.043772196025638255
unsafe_writes,boysumbrella,42,2,1,2,True,False,True,0.03163510631961073,0.03203459554363133
unsafe_writes,boysumbrella,43,0,0,2,True,False,True,0.03582898412016143,0.03582898412016143
unsafe_writes,boysumbrella,46,0,0,2,True,False,True,0.04131003962001109,0.04131003962001109
unsafe_writes,boysumbrella,47,2,0,2,True,False,True,0.03861014332367943,0.027140067019069007
unsafe_writes,boysumbrella,49,0,0,2,True,False,True,0.0004188320189471192,0.0004188320189471192
unsafe_writes,boysumbrella,50,0,0,2,True,False,True,0.05491642865699026,0.05491642865699026
unsafe_writes,boysumbrella,52,2,0,2,True,False,True,0.1685273524987787,0.023641731923553223
unsafe_writes,boysumbrella,53,2,0,2,True,False,True,0.025760035455881656,0.01875757080450607
unsafe_writes,boysumbrella,55,2,1,2,True,False,True,0.047140082239118024,0.008641734481238096
unsafe_writes,boysumbrella,57,0,0,2,True,False,True,0.02910827662112883,0.02910827662112883
unsafe_writes,boysumbrella,59,2,0,2,True,False,True,0.046358689543595163,0.022973742488557294
unsafe_writes,boysumbrella,61,0,0,2,True,False,True,0.0,0.0
unsafe_writes,boysumbrella,62,2,0,2,True,False,True,0.019284342284393914,0.0206786327242851
unsafe_writes,boysumbrella,65,2,0,2,True,False,True,0.0,0.0
unsafe_writes,boysumbrella,69,2,0,2,True,False,True,0.0,0.0
unsafe_writes,boysumbrella,97,0,0,2,True,False,True,0.0,0.0
unsafe_writes,boysumbrella,98,0,0,2,True,False,True,0.0,0.0
unsafe_writes,boysumbrella,99,0,0,0,False,False,True,0.0,0.39532564890737976
unsafe_writes,boysumbrella,101,0,0,2,True,False,True,0.7349513971775368,0.7349513971775368
unsafe_writes,boysumbrella,126,0,1,0,False,False,True,0.4091679026076952,0.0
unsafe_writes,boysumbrella,127,0,1,2,True,False,True,0.0,0.7595836717583343
unsafe_writes,boysumbrella,395,0,0,2,True,False,True,0.8214528784224621,0.8214528784224621
unsafe_writes,boysumbrella,397,0,0,2,True,False,True,0.8556750317650802,0.8556750317650802
unsafe_writes,boysumbrella,399,0,0,2,True,False,True,0.792192958547876,0.792192958547876
unsafe_writes,boysumbrella,414,0,0,2,True,False,True,0.4340039369617197,0.4340039369617197
unsafe_writes,boysumbrella,415,0,1,2,True,False,True,0.5190927895096804,0.0
unsafe_writes,boysumbrella,416,0,1,2,True,False,True,0.0,0.6395227962284064
unsafe_writes,boysumbrella,420,0,0,2,True,False,True,0.9279903503060783,0.9279903503060783
unsafe_writes,boysumbrella,421,0,1,0,False,False,True,0.6141580999566645,0.0
unsafe_writes,boysumbrella,422,2,1,2,True,False,True,0.0,0.0
unsafe_writes,boysumbrella,423,0,0,2,True,False,True,0.0,0.6031318817494481
unsafe_writes,boysumbrella,425,0,0,2,True,False,True,0.2768952293964513,0.2768952293964513
unsafe_writes,boysumbrella,436,0,0,2,True,False,True,0.8197173012798962,0.8197173012798962
unsafe_writes,boysumbrella,438,0,1,0,False,False,True,0.5692645133401113,0.027245665041678788
unsafe_writes,boysumbrella,439,0,0,2,True,False,True,0.5519712291468573,0.5519712291468573
unsafe_writes,boytakepath,119,2,0,2,True,False,True,0.8876150997842319,0.6626111965598149
unsafe_writes,boytakepath,131,0,2,0,False,False,True,0.0,0.0
unsafe_writes,boytakepath,132,0,0,2,True,False,True,0.42286098602382094,0.42286098602382094
unsafe_writes,boytakepath,154,0,0,2,True,False,True,0.6822286231023351,0.6822286231023351
unsafe_writes,boytakepath,155,0,0,2,True,False,True,0.7351519285566555,0.7351519285566555
unsafe_writes,boytakepath,165,0,0,2,True,False,True,0.15406420632671203,0.15406420632671203
unsafe_writes,boytakepath,166,2,0,2,True,False,True,0.1529784233863922,0.0
unsafe_writes,boytakepath,167,0,0,2,True,False,True,0.0,0.0
unsafe_writes,boytakepath,169,0,0,2,True,False,True,0.0,0.0
unsafe_writes,boytakepath,170,0,0,2,True,False,True,0.0,0.0
unsafe_writes,boytakepath,172,0,0,2,True,False,True,0.0,0.0
unsafe_writes,boytakepath,174,0,0,2,True,False,True,0.0,0.0
unsafe_writes,boytakepath,175,0,0,2,True,False,True,0.0,0.0
unsafe_writes,boytakepath,176,2,3,2,True,False,True,0.0,0.21495565048201487
unsafe_writes,boytakepath,177,0,0,2,True,False,True,0.45221461240939353,0.45221461240939353
unsafe_writes,boytakepath,195,0,0,2,True,False,True,0.7688876529739596,0.7688876529739596
unsafe_writes,boytakepath,197,0,2,2,True,False,True,0.4257766172408196,0.0
unsafe_writes,boytakepath,198,0,1,2,True,False,True,0.0,0.0
unsafe_writes,boytakepath,199,2,1,2,True,False,True,0.0,0.587922531733966
unsafe_writes,boytakepath,201,0,0,2,True,False,True,0.6373276669437891,0.6373276669437891
unsafe_writes,boytakepath,202,0,0,2,True,False,True,0.34383670473057104,0.34383670473057104
unsafe_writes,boytakepath,206,2,1,2,True,False,True,0.5786187116160102,0.0
unsafe_writes,boytakepath,208,0,0,2,True,False,True,0.0,0.0
unsafe_writes,boytakepath,209,0,0,2,True,False,True,0.0,0.0
unsafe_writes,boytakepath,211,0,0,2,True,False,True,0.0,0.0
unsafe_writes,boytakepath,218,0,0,2,True,False,True,0.0,0.0
unsafe_writes,boytakepath,221,0,1,0,False,False,True,0.0198134353520144,0.22220488311975256
unsafe_writes,boytakepath,222,2,0,2,True,False,True,0.2739217699058778,0.0
unsafe_writes,boytakepath,238,0,0,2,True,False,True,0.0,0.0
unsafe_writes,boytakepath,239,0,0,2,True,False,True,0.0,0.0
unsafe_writes,boytakepath,240,0,0,2,True,False,True,0.0,0.0
unsafe_writes,boytakepath,242,0,0,2,True,False,True,0.0,0.0
unsafe_writes,boytakepath,243,0,0,2,True,False,True,0.0,0.0
unsafe_writes,boytakepath,244,2,1,2,True,False,True,0.0,0.0
unsafe_writes,boytakepath,246,0,1,2,True,False,True,0.0,0.0
unsafe_writes,boytakepath,247,2,2,2,True,False,True,0.0,0.0
unsafe_writes,boytakepath,248,2,1,2,True,False,True,0.0,0.0
unsafe_writes,boytakepath,249,0,2,2,True,False,True,0.0,0.0
unsafe_writes,boytakepath,250,0,2,0,False,False,True,0.0,0.0
unsafe_writes,boytakepath,251,0,0,2,True,False,True,0.0,0.0
unsafe_writes,boytakepath,252,0,1,2,True,False,True,0.04997978301978627,0.28698867337895845
unsafe_writes,boytakepath,256,0,1,2,True,False,True,0.22253710752874223,0.0
unsafe_writes,boytakepath,258,0,1,2,True,False,True,0.0,0.0
unsafe_writes,boytakepath,259,0,0,2,True,False,True,0.0,0.0
unsafe_writes,boytakepath,260,0,4,0,False,False,True,0.0,0.0
unsafe_writes,boytakepath,262,2,1,2,True,False,True,0.0,0.0
unsafe_writes,boytakepath,264,0,0,2,True,False,True,0.0,0.0
unsafe_writes,boytakepath,274,0,0,2,True,False,True,0.0,0.0
unsafe_writes,boytakepath,276,0,0,2,True,False,True,0.431145419520062,0.431145419520062
unsafe_writes,boytakepath,284,0,1,0,False,False,True,0.2626973971202114,0.0
unsafe_writes,boytakepath,286,0,1,0,False,False,True,0.17682972754107917,0.0
unsafe_writes,boytakepath,291,0,1,2,True,False,True,0.0,0.4623749440276841
unsafe_writes,boytakepath,292,0,0,2,True,False,True,0.4064965155640727,0.4064965155640727
unsafe_writes,boytakepath,293,0,0,2,True,False,True,0.6156268169585642,0.6156268169585642
unsafe_writes,boytakepath,297,0,0,2,True,False,True,0.24557343469228554,0.24557343469228554
unsafe_writes,boytakepath,298,0,1,0,False,False,True,0.4460802933516634,0.0
unsafe_writes,boytakepath,301,0,0,2,True,False,True,0.0019257486919884317,0.0019257486919884317
unsafe_writes,boytakepath,304,0,2,0,False,False,True,0.0,0.0
unsafe_writes,boytakepath,306,0,4,0,False,False,True,0.0,0.0
unsafe_writes,boytakepath,311,0,0,2,True,False,True,0.0,0.0
unsafe_writes,boytakepath,319,0,2,0,False,False,True,0.0,0.0
unsafe_writes,boytakepath,321,0,2,0,False,False,True,0.0,0.0
unsafe_writes,boytakepath,322,0,3,2,True,False,True,0.0,0.0
unsafe_writes,boytakepath,324,0,1,0,False,False,True,0.017330351891250727,0.28068356451869525
unsafe_writes,boytakepath,326,0,1,0,False,False,True,0.06088293250983147,0.0
unsafe_writes,boytakepath,331,0,0,2,True,False,True,0.04056716074919999,0.04056716074919999
unsafe_writes,boytakepath,335,0,1,0,False,False,True,0.012469952806828458,0.0
unsafe_writes,boytakepath,336,0,1,2,True,False,True,0.0,0.0
unsafe_writes,boytakepath,339,2,0,2,True,False,True,0.016009907382896277,0.0
unsafe_writes,boytakepath,340,0,0,2,True,False,True,0.0,0.0
unsafe_writes,boytakepath,341,0,0,2,True,False,True,0.0,0.0
unsafe_writes,boytakepath,342,0,0,2,True,False,True,0.0,0.0
unsafe_writes,boytakepath,346,0,2,0,False,False,True,0.2741203446715056,0.0
unsafe_writes,boytakepath,354,0,0,2,True,False,True,0.10754758460623129,0.10754758460623129
unsafe_writes,boytakepath,357,0,0,2,True,False,True,0.0,0.0
unsafe_writes,boytakepath,364,0,0,2,True,False,True,0.0,0.0
unsafe_writes,boytakepath,367,2,0,2,True,False,True,0.0,0.0
unsafe_writes,boytakepath,368,0,0,2,True,False,True,0.0,0.0
unsafe_writes,boytakepath,369,0,0,2,True,False,True,0.0,0.0
unsafe_writes,boytakepath,370,0,0,2,True,False,True,0.0,0.0
unsafe_writes,boytakepath,382,0,1,0,False,False,True,0.0,0.12148809986289244
unsafe_writes,boytakepath,383,2,0,2,True,False,True,0.041562510970068835,0.055198694058902924
unsafe_writes,boytakepath,384,2,2,2,True,False,True,0.022083851670687337,0.026834426360983536
unsafe_writes,boytakepath,385,0,0,2,True,False,True,0.04290216262516929,0.04290216262516929
unsafe_writes,boytakepath,386,0,0,2,True,False,True,0.014885215387835061,0.014885215387835061
unsafe_writes,boytakepath,392,0,2,2,True,False,True,0.0,0.0
unsafe_writes,boytakepath,393,0,1,2,True,False,True,0.0,0.0
unsafe_writes,boytakepath,394,0,1,0,False,False,True,0.0,0.0
unsafe_writes,boytakepath,395,0,0,2,True,False,True,0.03997617307412768,0.03997617307412768
unsafe_writes,boytakepath,401,0,2,0,False,False,True,0.0,0.0
unsafe_writes,boytakepath,402,0,0,2,True,False,True,0.0,0.0
unsafe_writes,boytakepath,403,0,0,2,True,False,True,0.0,0.0
unsafe_writes,boytakepath,404,0,1,0,False,False,True,0.0,0.0
unsafe_writes,boytakepath,405,0,1,0,False,False,True,0.0,0.0
unsafe_writes,boytakepath,406,0,0,2,True,False,True,0.0,0.0
unsafe_writes,boytakepath,409,0,0,2,True,False,True,0.0,0.0
unsafe_writes,boytakepath,416,0,0,2,True,False,True,0.0,0.0
unsafe_writes,boytakepath,422,0,1,0,False,False,True,0.0,0.0
unsafe_writes,boytakepath,424,0,2,0,False,False,True,0.0,0.0
unsafe_writes,boytakepath,433,0,0,2,True,False,True,0.0,0.0
unsafe_writes,boytakepath,444,2,2,2,True,False,True,0.0,0.0
unsafe_writes,boytakepath,446,0,1,0,False,False,True,0.0,0.0
unsafe_writes,boytakepath,459,0,0,2,True,False,True,0.32585268140732604,0.32585268140732604
unsafe_writes,boytakepath,462,0,1,0,False,False,True,0.1636658215647039,0.0
unsafe_writes,boytakepath,467,0,0,2,True,False,True,0.0,0.0
unsafe_writes,boytakepath,469,0,0,2,True,False,True,0.0,0.0
unsafe_writes,boytakepath,471,0,1,0,False,False,True,0.0,0.2399584265090174
unsafe_writes,boytakepath,475,0,1,0,False,False,True,0.15635532377548364,0.0
unsafe_writes,boytakepath,478,0,0,2,True,False,True,0.0,0.0
unsafe_writes,boytakepath,480,0,0,2,True,False,True,0.0,0.0
unsafe_writes,boytakepath,481,0,0,2,True,False,True,0.0,0.0
unsafe_writes,boytakepath,484,0,0,2,True,False,True,0.194265990136136,0.194265990136136
unsafe_writes,boytakepath,486,0,0,2,True,False,True,0.15307284124344925,0.15307284124344925
unsafe_writes,boytakepath,488,0,0,2,True,False,True,0.16216955658814564,0.16216955658814564
unsafe_writes,boytakepath,500,0,0,2,True,False,True,0.0,0.0
unsafe_writes,boytakepath,501,0,0,2,True,False,True,0.0,0.0
unsafe_writes,boytakepath,502,0,0,2,True,False,True,0.0,0.0
unsafe_writes,boytakepath,503,0,0,2,True,False,True,0.014699276669664597,0.014699276669664597
unsafe_writes,boytakepath,506,0,0,2,True,False,True,0.2148872859367062,0.2148872859367062
unsafe_writes,boytakepath,510,0,2,0,False,False,True,0.16220650172958948,0.0
unsafe_writes,boytakepath,514,0,0,2,True,False,True,0.0,0.0
unsafe_writes,boytakepath,515,2,3,2,True,False,True,0.0,0.0
unsafe_writes,boytakepath,519,0,0,2,True,False,True,0.0,0.0
unsafe_writes,boytakepath,520,0,0,2,True,False,True,0.0,0.0
unsafe_writes,boytakepath,522,0,0,2,True,False,True,0.0,0.0
unsafe_writes,boytakepath,525,0,0,2,True,False,True,0.0,0.0
unsafe_writes,boytakepath,532,0,0,2,True,False,True,0.0,0.0
unsafe_writes,boytakepath,533,0,0,2,True,False,True,0.0,0.0
unsafe_writes,boytakepath,536,0,0,2,True,False,True,0.0,0.0
unsafe_writes,boytakepath,540,0,0,2,True,False,True,0.0,0.0
unsafe_writes,boytakepath,541,0,0,2,True,False,True,0.0,0.0
unsafe_writes,boytakepath,542,2,1,2,True,False,True,0.0,0.1045563668499657
unsafe_writes,boytakepath,543,0,0,2,True,False,True,0.3518650253548472,0.3518650253548472
unsafe_writes,boytakepath,565,0,0,2,True,False,True,0.46393455388840277,0.46393455388840277
unsafe_writes,boytakepath,566,2,2,2,True,False,True,0.22847070641672096,0.0
unsafe_writes,boytakepath,567,0,1,0,False,False,True,0.0,0.0
unsafe_writes,boytakepath,568,0,0,2,True,False,True,0.0,0.0
unsafe_writes,boytakepath,571,0,0,2,True,False,True,0.0,0.0
unsafe_writes,boytakepath,572,0,1,0,False,False,True,0.0,0.0
unsafe_writes,boytakepath,573,2,0,2,True,False,True,0.0,0.0
unsafe_writes,boytakepath,574,0,1,2,True,False,True,0.0,0.0
unsafe_writes,boytakepath,575,0,0,2,True,False,True,0.0,0.0
unsafe_writes,boytakepath,576,0,0,2,True,False,True,0.0,0.0
unsafe_writes,boytakepath,577,0,0,2,True,False,True,0.0,0.0
unsafe_writes,boytakepath,578,0,0,2,True,False,True,0.0,0.0
unsafe_writes,boytakepath,580,0,3,2,True,False,True,0.0,0.0
unsafe_writes,boytakepath,581,0,1,0,False,False,True,0.0,0.0
unsafe_writes,boytakepath,582,2,2,2,True,False,True,0.0,0.2773204193523923
unsafe_writes,boytakepath,639,0,0,2,True,False,True,0.0,0.0
unsafe_writes,boytakepath,640,0,0,2,True,False,True,0.0,0.0
unsafe_writes,boytakepath,641,0,0,2,True,False,True,0.0,0.0
unsafe_writes,boytakepath,642,0,0,2,True,False,True,0.0,0.0
unsafe_writes,boytakepath,644,0,0,2,True,False,True,0.0,0.0
unsafe_writes,boytakepath,647,2,1,2,True,False,True,0.1233736832018937,0.045307382122256136
unsafe_writes,boytakepath,648,0,0,2,True,False,True,0.053731550718498985,0.053731550718498985
unsafe_writes,boytakepath,653,0,0,2,True,False,True,0.0,0.0
unsafe_writes,boytakepath,660,0,0,2,True,False,True,0.0,0.0
unsafe_writes,boytakepath,732,0,0,2,True,False,True,0.0,0.0
unsafe_writes,boytakepath,733,0,0,2,True,False,True,0.0,0.0
unsafe_writes,boytakepath,734,0,0,2,True,False,True,0.0,0.0
unsafe_writes,boytakepath,735,0,0,2,True,False,True,0.0,0.0
unsafe_writes,boytakepath,736,0,0,2,True,False,True,0.0,0.0
unsafe_writes,boytakepath,737,0,0,2,True,False,True,0.0,0.0
unsafe_writes,boytakepath,738,0,0,2,True,False,True,0.0,0.0
unsafe_writes,boytakepath,739,0,0,2,True,False,True,0.0,0.0
unsafe_writes,boytakepath,740,0,0,2,True,False,True,0.0,0.0
unsafe_writes,boytakepath,741,0,0,2,True,False,True,0.0,0.0
unsafe_writes,boytakepath,742,0,0,2,True,False,True,0.0,0.0
unsafe_writes,boytakepath,743,0,0,2,True,False,True,0.0,0.0
unsafe_writes,boytakepath,744,0,0,2,True,False,True,0.0,0.0
unsafe_writes,boytakepath,745,0,0,2,True,False,True,0.0,0.0
unsafe_writes,boytakepath,746,0,0,2,True,False,True,0.0,0.0
unsafe_writes,boytakepath,747,0,0,2,True,False,True,0.0,0.0
unsafe_writes,boytakepath,748,0,0,2,True,False,True,0.0,0.0
unsafe_writes,boytakepath,749,0,0,2,True,False,True,0.0,0.0
unsafe_writes,boytakepath,750,0,1,2,True,False,True,0.0,0.0
unsafe_writes,boytakepath,751,0,1,0,False,False,True,0.0,0.0
unsafe_writes,boytakepath,752,0,1,2,True,False,True,0.0,0.37903435559529874
unsafe_writes,dotat43,92,0,2,0,False,False,True,0.0,0.0
unsafe_writes,dotat43,95,0,1,0,False,False,True,0.0,0.0
unsafe_writes,dotat43,97,0,1,0,False,False,True,0.0,0.6210042822051787
unsafe_writes,dotat43,172,0,1,0,False,False,True,0.7888155316840699,0.0
unsafe_writes,dotat43,174,0,1,0,False,False,True,0.0,0.0
unsafe_writes,dotat43,175,0,1,0,False,False,True,0.0,0.8010440528461428
unsafe_writes,dotat43,226,0,0,0,False,False,True,0.0,0.8728781851341443
unsafe_writes,dotat43,228,0,1,0,False,False,True,0.8834131148539676,0.0
unsafe_writes,dotat43,235,0,2,0,False,False,True,0.0,0.0
unsafe_writes,dotat43,242,0,2,0,False,False,True,0.0,0.0
unsafe_writes,dotat43,244,0,1,0,False,False,True,0.0,0.7027023757506455
unsafe_writes,dotat43,256,0,1,0,False,False,True,0.7939599278606502,0.0
unsafe_writes,dotat43,257,0,1,0,False,False,True,0.0,0.7610552370049926
unsafe_writes,dotat43,261,0,1,0,False,False,True,0.7679169738557942,0.0
unsafe_writes,dotat43,266,0,1,0,False,False,True,0.0,0.0
unsafe_writes,dotat43,267,0,1,0,False,False,True,0.0,0.0
unsafe_writes,dotat43,268,0,1,0,False,False,True,0.0,0.0
unsafe_writes,dotat43,269,0,1,0,False,False,True,0.0,0.0
unsafe_writes,dotat43,271,0,1,0,False,False,True,0.0,0.0
unsafe_writes,dotat43,281,0,1,0,False,False,True,0.0,0.7681930629422102
unsafe_writes,dotat43,336,0,1,0,False,False,True,0.7675056809008083,0.0
unsafe_writes,dotat43,340,0,0,0,False,False,True,0.0,0.8058981302764137
unsafe_writes,dotat43,417,0,0,0,False,False,True,0.9447684624508593,0.0
unsafe_writes,dotat43,418,0,1,0,False,False,True,0.0,0.800717537915123
unsafe_writes,dotat43,429,0,0,0,False,False,True,0.0,0.7718214086661314
unsafe_writes,dotat43,434,0,1,0,False,False,True,0.0,0.0
unsafe_writes,dotat43,435,0,2,0,False,False,True,0.0,0.6624174987527665
unsafe_writes,dotat43,437,0,1,0,False,False,True,0.780695958915153,0.0
unsafe_writes,dotat43,439,0,0,0,False,False,True,0.0,0.8845879665398535
unsafe_writes,dotat43,443,0,1,0,False,False,True,0.6706342051459457,0.0
unsafe_writes,dotat43,445,0,4,0,False,False,True,0.0,0.6636605282130363
unsafe_writes,dotat43,453,0,4,0,False,False,True,0.0,0.6842542390233793
unsafe_writes,dotat43,469,0,3,0,False,False,True,0.7049865148305619,0.0
unsafe_writes,dotat43,470,0,2,0,False,False,True,0.0,0.5504269813112094
unsafe_writes,dotat43,488,0,3,0,False,False,True,0.0,0.0
unsafe_writes,dotat43,489,0,0,0,False,False,True,0.0,0.0
unsafe_writes,dotat43,490,0,0,0,False,False,True,0.0,0.0
unsafe_writes,dotat43,491,0,3,0,False,False,True,0.0,0.0
unsafe_writes,dotat43,494,0,4,0,False,False,True,0.0,0.0
unsafe_writes,dotat43,495,0,0,2,True,False,True,0.0,0.6608801372680166
unsafe_writes,dotat43,501,0,3,0,False,False,True,0.0,0.0
unsafe_writes,dotat43,506,0,3,0,False,False,True,0.0,0.0
unsafe_writes,dotat43,507,0,4,2,True,False,True,0.0,0.0
unsafe_writes,dotat43,509,0,0,0,False,False,True,0.0,0.7662297660957559
unsafe_writes,dotat43,510,0,0,0,False,False,True,0.0,0.573642955740315
unsafe_writes,dotat43,511,0,1,0,False,False,True,0.39841186254327837,0.09192374736292273
unsafe_writes,dotat43,512,0,1,0,False,False,True,0.4033324005020648,0.36652176822958654
unsafe_writes,dotat43,531,0,2,0,False,False,True,0.0,0.7352808876801857
unsafe_writes,dotat43,533,0,2,0,False,False,True,0.7810452367623713,0.0
unsafe_writes,dotat43,534,0,1,0,False,False,True,0.0,0.24794116223602336
unsafe_writes,dotat43,536,0,3,0,False,False,True,0.17268101996768603,0.0
unsafe_writes,dotat43,537,0,1,0,False,False,True,0.6982495710499229,0.0
unsafe_writes,dotat43,538,0,2,0,False,False,True,0.0,0.0
unsafe_writes,dotat43,541,0,1,0,False,False,True,0.0,0.0
unsafe_writes,dotat43,542,0,1,0,False,False,True,0.0,0.0
unsafe_writes,dotat43,543,0,1,0,False,False,True,0.0,0.0
unsafe_writes,dotat43,544,2,3,2,True,False,True,0.0,0.0
unsafe_writes,dotat43,545,0,0,0,False,False,True,0.0,0.8083046431758693
unsafe_writes,dotat43,546,0,3,0,False,False,True,0.6049007723157899,0.0
unsafe_writes,dotat43,547,0,0,2,True,False,True,0.019414268482914446,0.019414268482914446
unsafe_writes,dotat43,548,0,2,0,False,False,True,0.04931903134976883,0.0
unsafe_writes,dotat43,596,0,1,0,False,False,True,0.8841534781561264,0.0
unsafe_writes,dotat43,597,0,1,0,False,False,True,0.0,0.0
unsafe_writes,dotat43,598,0,1,0,False,False,True,0.0,0.0
unsafe_writes,dotat43,599,0,1,0,False,False,True,0.0,0.0
unsafe_writes,dotat43,600,2,1,2,True,False,True,0.0,0.0
unsafe_writes,dotat43,606,0,2,0,False,False,True,0.0,0.0
unsafe_writes,dotat43,607,0,3,2,True,False,True,0.0,0.0
unsafe_writes,dotat43,609,0,1,2,True,False,True,0.0,0.0
unsafe_writes,dotat43,610,0,0,0,False,False,True,0.0,0.0
unsafe_writes,dotat43,612,0,1,0,False,False,True,0.0,0.0
unsafe_writes,dotat43,613,0,2,0,False,False,True,0.0,0.0
unsafe_writes,dotat43,614,0,1,2,True,False,True,0.0,0.0
unsafe_writes,dotat43,615,0,1,0,False,False,True,0.0,0.7329687203570943
unsafe_writes,dotat43,616,0,2,0,False,False,True,0.6580028689108579,0.0
unsafe_writes,dotat43,617,0,0,0,False,False,True,0.0,0.0
unsafe_writes,dotat43,618,0,2,0,False,False,True,0.0,0.0
unsafe_writes,dotat43,619,2,2,2,True,False,True,0.0,0.0
unsafe_writes,dotat43,620,0,1,2,True,False,True,0.0,0.030216476988907687
unsafe_writes,dotat43,621,0,0,2,True,False,True,0.015950195803810872,0.015950195803810872
unsafe_writes,dotat43,622,0,2,0,False,False,True,0.0,0.0
unsafe_writes,dotat43,623,0,3,0,False,False,True,0.0,0.0
unsafe_writes,dotat43,624,0,3,0,False,False,True,0.0,0.0
unsafe_writes,dotat43,630,0,1,0,False,False,True,0.810215411037975,0.0
unsafe_writes,dotat43,631,0,3,0,False,False,True,0.09610934586843468,0.0
unsafe_writes,dotat43,632,0,1,0,False,False,True,0.0,0.5525634441790711
unsafe_writes,dotat43,633,0,0,2,True,False,True,0.7469880987041133,0.7469880987041133
unsafe_writes,dotat43,659,0,3,0,False,False,True,0.7450932538696557,0.0
unsafe_writes,dotat43,679,0,3,0,False,False,True,0.8287991686692537,0.0
unsafe_writes,dotat43,680,0,0,0,False,False,True,0.0,0.0
unsafe_writes,dotat43,681,0,1,0,False,False,True,0.0,0.0
unsafe_writes,dotat43,684,0,0,0,False,False,True,0.0,0.0
unsafe_writes,dotat43,685,0,1,0,False,False,True,0.0,0.0
unsafe_writes,dotat43,686,0,1,0,False,False,True,0.0,0.0
unsafe_writes,dotat43,687,0,2,2,True,False,True,0.0,0.6632760330663967
unsafe_writes,dotat43,700,0,3,0,False,False,True,0.6802132309278288,0.0
unsafe_writes,dotat43,706,0,1,0,False,False,True,0.7857911788052957,0.0
unsafe_writes,dotat43,707,0,0,0,False,False,True,0.0,0.7842849942439257
unsafe_writes,dotat43,709,0,4,0,False,False,True,0.8936108095728034,0.0
unsafe_writes,dotat43,711,0,2,0,False,False,True,0.0,0.0
unsafe_writes,dotat43,712,0,4,0,False,False,True,0.0,0.0
unsafe_writes,dotat43,713,0,4,0,False,False,True,0.0,0.0
unsafe_writes,dotat43,714,0,1,0,False,False,True,0.0,0.0
unsafe_writes,dotat43,724,0,0,0,False,False,True,0.0,0.0
unsafe_writes,dotat43,725,0,1,0,False,False,True,0.0,0.0
unsafe_writes,dotat43,747,0,1,0,False,False,True,0.787206591873589,0.0
unsafe_writes,dotat43,750,0,3,0,False,False,True,0.771327552767778,0.0
unsafe_writes,dotat43,752,0,0,2,True,False,True,0.854189038397776,0.854189038397776
unsafe_writes,dotat43,763,0,1,0,False,False,True,0.9089963028973908,0.0
unsafe_writes,dotat43,764,0,1,0,False,False,True,0.0,0.0
unsafe_writes,dotat43,765,0,0,0,False,False,True,0.0,0.0
unsafe_writes,dotat43,766,0,2,0,False,False,True,0.0,0.0
unsafe_writes,dotat43,767,0,1,0,False,False,True,0.0,0.0
unsafe_writes,dotat43,770,0,1,0,False,False,True,0.0,0.0
unsafe_writes,dotat43,771,0,2,0,False,False,True,0.0,0.0
unsafe_writes,dotat43,772,0,1,0,False,False,True,0.0,0.0
unsafe_writes,dotat43,782,0,1,0,False,False,True,0.0,0.0
unsafe_writes,dotat43,788,0,2,0,False,False,True,0.0,0.8108038367142493
unsafe_writes,dotat43,791,0,1,0,False,False,True,0.7025222276649058,0.5672908433635595
unsafe_writes,dotat43,807,0,3,0,False,False,True,0.02199587189805157,0.0
unsafe_writes,dotat43,808,0,3,0,False,False,True,0.01919665383441132,0.0
unsafe_writes,dotat43,809,0,0,2,True,False,True,0.0,0.6056805373834714
unsafe_writes,dotat43,810,0,1,0,False,False,True,0.8565702405124717,0.016367472107858407
unsafe_writes,dotat43,817,0,1,0,False,False,True,0.9059349809109669,0.0037536779940145234
unsafe_writes,dotat43,819,0,1,0,False,False,True,0.8215132186618019,0.0
unsafe_writes,dotat43,820,0,1,2,True,False,True,0.0,0.0
unsafe_writes,dotat43,822,0,1,0,False,False,True,0.0,0.9032060047271869
unsafe_writes,dotat43,832,0,0,0,False,False,True,0.8028058333738369,0.016308057302223917
unsafe_writes,dotat43,838,0,0,0,False,False,True,0.026811102172903382,0.825002222605418
unsafe_writes,dotat43,845,0,0,0,False,False,True,0.7692238121242994,0.0
unsafe_writes,dotat43,847,0,1,0,False,False,True,0.0,0.0
unsafe_writes,dotat43,848,0,4,0,False,False,True,0.0,0.0
unsafe_writes,dotat43,849,0,1,0,False,False,True,0.0,0.0
unsafe_writes,dotat43,850,0,1,0,False,False,True,0.0,0.2861898965789157
unsafe_writes,dotat43,851,0,2,0,False,False,True,0.00915293053982784,0.0
unsafe_writes,dotat43,852,0,1,0,False,False,True,0.0,0.0
unsafe_writes,dotat43,853,0,1,0,False,False,True,0.0,0.9044443825751917
unsafe_writes,dotat43,856,0,1,0,False,False,True,0.5340164271665111,0.0
unsafe_writes,dotat43,857,0,1,0,False,False,True,0.0,0.8038376407829501
unsafe_writes,dotat43,868,0,2,0,False,False,True,0.8510782998124097,0.0
unsafe_writes,dotat43,869,0,0,0,False,False,True,0.0,0.0
unsafe_writes,dotat43,870,0,2,2,True,False,True,0.0,0.0
unsafe_writes,dotat43,871,0,2,0,False,False,True,0.0,0.42109645679165875
unsafe_writes,dotat43,874,0,1,0,False,False,True,0.7940576915929578,0.0
unsafe_writes,dotat43,875,0,1,0,False,False,True,0.0,0.0
unsafe_writes,dotat43,892,0,1,0,False,False,True,0.0,0.0
unsafe_writes,dotat43,904,0,1,0,False,False,True,0.0,0.0
unsafe_writes,dotat43,905,0,1,0,False,False,True,0.0,0.0
unsafe_writes,dotat43,907,0,1,0,False,False,True,0.0,0.6573620429154997
unsafe_writes,dotat43,912,0,3,0,False,False,True,0.8334362547730354,0.0
unsafe_writes,dotat43,913,0,1,0,False,False,True,0.0,0.0
unsafe_writes,dotat43,918,0,0,2,True,False,True,0.8696501109131652,0.8696501109131652
unsafe_writes,dotat43,922,0,0,2,True,False,True,0.8659015680650722,0.8659015680650722
unsafe_writes,dotat43,923,0,0,2,True,False,True,0.8711219964739623,0.8711219964739623
unsafe_writes,dotat43,925,0,0,2,True,False,True,0.8927888897513008,0.8927888897513008
unsafe_writes,dotat43,926,0,0,2,True,False,True,0.8359731691120323,0.8359731691120323
unsafe_writes,dotat43,928,0,0,2,True,False,True,0.8440952704037085,0.8440952704037085
unsafe_writes,dotat43,929,0,0,2,True,False,True,0.8458416455704206,0.8458416455704206
unsafe_writes,exercisebook,108,0,0,2,True,False,True,0.5557381235325266,0.5557381235325266
unsafe_writes,exercisebook,173,0,0,0,False,False,True,0.04957930297091717,0.5282047739808162
unsafe_writes,exercisebook,180,0,0,0,False,False,True,0.08584935756793455,0.6043763025815336
unsafe_writes,exercisebook,317,0,0,6,True,False,True,0.004498550166912357,0.004498550166912357
unsafe_writes,exercisebook,360,0,1,0,False,False,True,0.0,0.8442081082644993
unsafe_writes,exercisebook,363,0,0,0,False,False,True,0.8877899000800973,0.1043325798201152
unsafe_writes,exercisebook,437,0,0,2,True,False,True,0.8510769392112041,0.8510769392112041
unsafe_writes,exercisebook,757,0,1,0,False,False,True,0.3582371999934173,0.0
unsafe_writes,exercisebook,772,0,0,0,False,False,True,0.5045502239124962,0.0
unsafe_writes,exercisebook,773,0,0,2,True,False,True,0.0,0.0
unsafe_writes,exercisebook,774,0,1,2,True,False,True,0.0,0.33126834089545804
unsafe_writes,exercisebook,831,0,0,2,True,False,True,0.4497277732539939,0.4497277732539939
unsafe_writes,exercisebook,844,0,0,2,True,False,True,0.38749474264052836,0.38749474264052836
unsafe_writes,exercisebook,846,0,0,2,True,False,True,0.2884009961514231,0.2884009961514231
unsafe_writes,exercisebook,853,0,1,0,False,False,True,0.573209682936613,0.0
unsafe_writes,exercisebook,856,0,0,0,False,False,True,0.0,0.41303293099272775
unsafe_writes,exercisebook,862,0,1,0,False,False,True,0.4484366776021072,0.0
unsafe_writes,exercisebook,897,0,0,2,True,False,True,0.5321795429243035,0.5321795429243035
unsafe_writes,exercisebook,916,0,0,2,True,False,True,0.8888792829029599,0.0
unsafe_writes,exercisebook,977,0,1,0,False,False,True,0.42665877159813953,0.0
unsafe_writes,exercisebook,978,0,0,2,True,False,True,0.0,0.0
unsafe_writes,exercisebook,987,0,0,2,True,False,True,0.0,0.0
unsafe_writes,exercisebook,988,0,0,2,True,False,True,0.0,0.0
unsafe_writes,exercisebook,989,0,0,2,True,False,True,0.0,0.0
unsafe_writes,exercisebook,990,0,0,2,True,False,True,0.0,0.0
unsafe_writes,exercisebook,992,0,1,0,False,False,True,0.0,0.5028436795478
unsafe_writes,exercisebook,1116,0,0,0,False,False,True,0.06999662338110837,0.7563969636881118
unsafe_writes,exercisebook,1143,0,0,2,True,False,True,0.25504168009243733,0.25504168009243733
unsafe_writes,exercisebook,1148,0,0,2,True,False,True,0.5621868843826942,0.5621868843826942
unsafe_writes,exercisebook,1155,0,1,0,False,False,True,0.0,0.41512763661040275
unsafe_writes,exercisebook,1156,0,0,2,True,False,True,0.7029909039025464,0.7029909039025464
unsafe_writes,exercisebook,1157,0,0,2,True,False,True,0.5399900197826178,0.5399900197826178
unsafe_writes,exercisebook,1159,0,0,2,True,False,True,0.8101104284379521,0.8101104284379521
unsafe_writes,folddenumbrellainhand,15,0,0,2,True,False,True,0.5623187916973308,0.5623187916973308
unsafe_writes,folddenumbrellainhand,16,2,0,2,True,False,True,0.060089960093817354,0.6080182030024385
unsafe_writes,girlblack,195,0,1,0,False,False,True,0.0,0.7987871667711862
unsafe_writes,girlblack,328,0,2,0,False,False,True,0.0,0.729509065098141
unsafe_writes,girlblack,338,0,1,0,False,False,True,0.0,0.768433010244365
unsafe_writes,girlblack,339,0,0,0,False,False,True,0.8192113413106287,0.0
unsafe_writes,girlblack,350,0,1,2,True,False,True,0.0,0.0
unsafe_writes,girlintrees,10,0,0,2,True,False,True,0.7463230645712431,0.7463230645712431
unsafe_writes,girlintrees,11,0,0,2,True,False,True,0.7324343437223139,0.7324343437223139
unsafe_writes,girlintrees,13,0,0,2,True,False,True,0.45370731884671,0.45370731884671
unsafe_writes,girlintrees,15,0,0,2,True,False,True,0.03991434576749796,0.03991434576749796
unsafe_writes,girlintrees,16,2,0,2,True,False,True,0.476235841119965,0.0
unsafe_writes,girlintrees,19,0,1,0,False,False,True,0.0,0.07748079598867194
unsafe_writes,girlintrees,20,2,0,2,True,False,True,0.4496630660511931,0.0
unsafe_writes,girlintrees,45,2,0,2,True,False,True,0.0,0.0
unsafe_writes,girlintrees,48,0,2,0,False,False,True,0.0,0.39762879008361884
unsafe_writes,girlintrees,55,0,0,2,True,False,True,0.5703409401253425,0.5703409401253425
unsafe_writes,girlintrees,56,0,0,2,True,False,True,0.6121885622212544,0.6121885622212544
unsafe_writes,girlwithredhat,116,0,0,2,True,False,True,0.0,0.0
unsafe_writes,girlwithredhat,117,0,0,2,True,False,True,0.11541515264422748,0.11541515264422748
unsafe_writes,girlwithredhat,118,0,0,2,True,False,True,0.6963689735030517,0.6963689735030517
unsafe_writes,girlwithredhat,130,0,0,2,True,False,True,0.6782194776287628,0.6782194776287628
unsafe_writes,girlwithredhat,131,0,0,2,True,False,True,0.516002627572729,0.516002627572729
unsafe_writes,girlwithredhat,132,0,0,2,True,False,True,0.5998426428947801,0.5998426428947801
unsafe_writes,girlwithredhat,142,0,0,2,True,False,True,0.6600577288787177,0.6600577288787177
unsafe_writes,guardatbike_ab,50,0,2,0,False,False,False,,
unsafe_writes,guardatbike_ab,86,0,0,2,True,False,True,0.0,0.0
unsafe_writes,guardatbike_ab,95,0,1,2,True,False,True,0.0,0.19032567355181493
unsafe_writes,guardman,71,0,0,0,False,False,True,0.0,0.6159937534548741
unsafe_writes,guardman,72,0,0,2,True,False,True,0.715074480735865,0.715074480735865
unsafe_writes,guardman,73,0,1,2,True,False,True,0.6462128388006186,0.0
unsafe_writes,guardman,74,0,0,2,True,False,True,0.0,0.0
unsafe_writes,guardman,77,0,0,2,True,False,True,0.0,0.0
unsafe_writes,guardman,79,0,0,2,True,False,True,0.0,0.0
unsafe_writes,guardman,81,0,1,0,False,False,True,0.0,0.0
unsafe_writes,guardman,88,0,0,2,True,False,True,0.0,0.0
unsafe_writes,guardman,91,0,0,2,True,False,True,0.0,0.0
unsafe_writes,guardman,99,0,0,2,True,False,True,0.0,0.0
unsafe_writes,guardman,100,0,0,2,True,False,True,0.0,0.0
unsafe_writes,guardman,101,0,0,2,True,False,True,0.0,0.0
unsafe_writes,guardman,106,0,0,2,True,False,True,0.0,0.0
unsafe_writes,guardman,107,0,0,2,True,False,True,0.0,0.0
unsafe_writes,guardman,110,0,0,2,True,False,True,0.0,0.0
unsafe_writes,guardman,111,0,0,2,True,False,True,0.0,0.0
unsafe_writes,leftbasketball,18,0,0,2,True,False,True,0.6973788330213356,0.6973788330213356
unsafe_writes,leftbasketball,56,0,1,0,False,False,True,0.29513400957046687,0.0
unsafe_writes,leftbasketball,57,0,0,2,True,False,True,0.0,0.0
unsafe_writes,leftbasketball,58,0,1,2,True,False,True,0.0,0.0
unsafe_writes,leftbasketball,60,0,0,2,True,False,True,0.0,0.0
unsafe_writes,leftbasketball,62,0,0,2,True,False,True,0.0,0.0
unsafe_writes,leftbasketball,64,0,0,2,True,False,True,0.0,0.0
unsafe_writes,leftbasketball,65,0,0,2,True,False,True,0.0,0.0
unsafe_writes,leftbasketball,66,0,0,2,True,False,True,0.0,0.0
unsafe_writes,leftbasketball,67,0,0,2,True,False,True,0.0,0.0
unsafe_writes,leftbasketball,69,0,0,2,True,False,True,0.0,0.0
unsafe_writes,leftbasketball,70,0,0,2,True,False,True,0.0,0.0
unsafe_writes,leftbasketball,71,0,0,2,True,False,True,0.0,0.0
unsafe_writes,leftbasketball,72,0,1,0,False,False,True,0.0,0.0
unsafe_writes,leftbasketball,73,2,1,2,True,False,True,0.0,0.0
unsafe_writes,leftbasketball,76,2,0,2,True,False,True,0.0,0.0
unsafe_writes,leftbasketball,80,0,0,2,True,False,True,0.0,0.0
unsafe_writes,leftbasketball,81,0,0,2,True,False,True,0.0,0.0
unsafe_writes,leftbasketball,82,0,0,2,True,False,True,0.0,0.0
unsafe_writes,leftbasketball,84,2,0,2,True,False,True,0.0,0.0
unsafe_writes,leftbasketball,86,2,2,2,True,False,True,0.0,0.13711054229077851
unsafe_writes,leftbasketball,87,0,0,2,True,False,True,0.4893909636807841,0.4893909636807841
unsafe_writes,leftbasketball,88,0,0,2,True,False,True,0.8234790785984863,0.8234790785984863
unsafe_writes,leftbasketball,107,2,0,2,True,False,True,0.6386148483935642,0.07869018051980918
unsafe_writes,leftbasketball,108,0,0,2,True,False,True,0.21489884579549737,0.21489884579549737
unsafe_writes,leftbasketball,109,0,0,2,True,False,True,0.3574762227191479,0.3574762227191479
unsafe_writes,leftbasketball,110,0,0,2,True,False,True,0.353200580080864,0.353200580080864
unsafe_writes,leftbasketball,111,0,0,2,True,False,True,0.4154960821638495,0.4154960821638495
unsafe_writes,leftbasketball,112,0,0,2,True,False,True,0.4764627332163547,0.4764627332163547
unsafe_writes,leftbasketball,114,0,0,2,True,False,True,0.5313292777219363,0.5313292777219363
unsafe_writes,leftbasketball,116,0,0,2,True,False,True,0.2714640718042798,0.2714640718042798
unsafe_writes,leftbasketball,117,0,0,2,True,False,True,0.6033005171229656,0.6033005171229656
unsafe_writes,leftbasketball,119,0,1,2,True,False,True,0.574604416334842,0.0
unsafe_writes,leftbasketball,124,0,0,2,True,False,True,0.005533872189492037,0.005533872189492037
unsafe_writes,leftbasketball,205,0,0,2,True,False,True,0.40033116746419106,0.40033116746419106
unsafe_writes,leftbasketball,206,0,0,2,True,False,True,0.4271673727169599,0.4271673727169599
unsafe_writes,leftbasketball,208,0,0,2,True,False,True,0.3458056010035372,0.3458056010035372
unsafe_writes,leftbasketball,209,0,0,2,True,False,True,0.3960381352892572,0.3960381352892572
unsafe_writes,leftbasketball,215,0,0,2,True,False,True,0.38727886550980756,0.38727886550980756
unsafe_writes,leftbasketball,216,0,0,2,True,False,True,0.22260107036289084,0.22260107036289084
unsafe_writes,leftbasketball,217,0,0,2,True,False,True,0.6593422479384302,0.6593422479384302
unsafe_writes,leftbasketball,236,0,0,2,True,False,True,0.838477346446059,0.838477346446059
unsafe_writes,leftbasketball,237,0,0,2,True,False,True,0.8457938076406065,0.8457938076406065
unsafe_writes,leftbasketball,238,0,0,2,True,False,True,0.8789194280307897,0.8789194280307897
unsafe_writes,leftbasketball,247,0,0,2,True,False,True,0.6075707937872361,0.6075707937872361
unsafe_writes,leftbasketball,248,0,0,2,True,False,True,0.0,0.0
unsafe_writes,leftbasketball,249,0,0,2,True,False,True,0.6947298305958965,0.6947298305958965
unsafe_writes,leftbasketball,254,0,0,2,True,False,True,0.8249727993403385,0.8249727993403385
unsafe_writes,leftbasketball,292,0,0,2,True,False,True,0.9434423271227576,0.9434423271227576
unsafe_writes,leftbasketball,303,0,0,2,True,False,True,0.917244999155665,0.917244999155665
unsafe_writes,leftbasketball,305,2,2,2,True,False,True,0.5193979061013926,0.1476644781280508
unsafe_writes,leftbasketball,306,0,0,2,True,False,True,0.2154683521316906,0.2154683521316906
unsafe_writes,leftbasketball,307,0,0,2,True,False,True,0.25869556261873944,0.25869556261873944
unsafe_writes,leftbasketball,308,0,0,2,True,False,True,0.40274542991311385,0.40274542991311385
unsafe_writes,leftbasketball,309,0,0,2,True,False,True,0.4571762261513263,0.4571762261513263
unsafe_writes,leftbasketball,310,2,1,2,True,False,True,0.3059843960255363,0.0
unsafe_writes,leftbasketball,311,2,1,2,True,False,True,0.0,0.12782766381385657
unsafe_writes,leftbasketball,312,2,0,2,True,False,True,0.10170666157124535,0.0711488434490067
unsafe_writes,leftbasketball,313,2,0,2,True,False,True,0.08589164797830233,0.050198197649254456
unsafe_writes,leftbasketball,315,2,0,2,True,False,True,0.093876632388217,0.05206127438895561
unsafe_writes,leftbasketball,317,0,0,2,True,False,True,0.07062625898824215,0.07062625898824215
unsafe_writes,leftbasketball,318,0,0,2,True,False,True,0.12163290108764062,0.12163290108764062
unsafe_writes,leftbasketball,319,0,0,2,True,False,True,0.6647182712123182,0.6647182712123182
unsafe_writes,leftbasketball,325,0,3,2,True,False,True,0.07359514962476263,0.0
unsafe_writes,leftbasketball,326,0,0,2,True,False,True,0.0,0.0
unsafe_writes,leftbasketball,327,0,1,0,False,False,True,0.0,0.7145177403675195
unsafe_writes,leftbasketball,349,0,0,2,True,False,True,0.45910823276167373,0.45910823276167373
unsafe_writes,leftbasketball,350,2,0,2,True,False,True,0.29432845767138166,0.18999199206286996
unsafe_writes,leftbasketball,351,2,0,2,True,False,True,0.17162505665208394,0.08822416522122384
unsafe_writes,leftbasketball,353,0,0,2,True,False,True,0.12874519642068016,0.12874519642068016
unsafe_writes,leftbasketball,354,2,1,2,True,False,True,0.14101221292415672,0.05021781200746665
unsafe_writes,leftbasketball,356,0,0,2,True,False,True,0.10274306023618378,0.10274306023618378
unsafe_writes,leftbasketball,357,2,1,2,True,False,True,0.08872961647287927,0.050013864540389606
unsafe_writes,leftbasketball,359,2,0,2,True,False,True,0.05937652413837867,0.04281019255420431
unsafe_writes,leftbasketball,360,2,0,2,True,False,True,0.09955835539890745,0.0
unsafe_writes,leftbasketball,362,2,1,2,True,False,True,0.06386007743046616,0.026092355421053447
unsafe_writes,leftbasketball,363,0,0,2,True,False,True,0.04090503744174468,0.04090503744174468
unsafe_writes,leftbasketball,364,0,0,2,True,False,True,0.07247073652559037,0.07247073652559037
unsafe_writes,leftbasketball,365,0,0,2,True,False,True,0.06898561688445481,0.06898561688445481
unsafe_writes,leftbasketball,366,2,0,2,True,False,True,0.10282932826761627,0.040524947134430125
unsafe_writes,leftbasketball,367,0,0,2,True,False,True,0.041935490442419746,0.041935490442419746
unsafe_writes,leftbasketball,368,2,0,2,True,False,True,0.10457529182243841,0.07004169681627936
unsafe_writes,leftbasketball,371,0,0,2,True,False,True,0.08183688337047154,0.08183688337047154
unsafe_writes,leftbasketball,372,2,2,2,True,False,True,0.10307534586619609,0.05301845067726988
unsafe_writes,leftbasketball,373,0,0,2,True,False,True,0.09034064193800763,0.09034064193800763
unsafe_writes,leftbasketball,375,2,0,2,True,False,True,0.1585987784792949,0.06325395432410698
unsafe_writes,leftbasketball,377,2,0,2,True,False,True,0.09649038248621915,0.052823352669735146
unsafe_writes,leftbasketball,380,2,0,2,True,False,True,0.1229180229269865,0.05819830382621692
unsafe_writes,leftbasketball,382,2,0,2,True,False,True,0.11155774064921778,0.056778217245139345
unsafe_writes,leftbasketball,384,2,0,2,True,False,True,0.12065013645609195,0.05853001861140355
unsafe_writes,leftbasketball,385,2,0,2,True,False,True,0.10118949212382557,0.028083405645598115
unsafe_writes,leftbasketball,388,2,1,2,True,False,True,0.06025789200833241,0.028141268599087776
unsafe_writes,leftbasketball,389,0,0,2,True,False,True,0.1113210425552368,0.1113210425552368
unsafe_writes,leftbasketball,390,0,0,2,True,False,True,0.08165207460107289,0.08165207460107289
unsafe_writes,leftbasketball,391,0,0,2,True,False,True,0.16518047119674417,0.16518047119674417
unsafe_writes,leftbasketball,392,0,0,2,True,False,True,0.2867745456319693,0.2867745456319693
unsafe_writes,leftbasketball,394,2,0,2,True,False,True,0.3595533387724338,0.1440746288868406
unsafe_writes,leftbasketball,395,2,0,2,True,False,True,0.0,0.0
unsafe_writes,leftbasketball,396,2,0,2,True,False,True,0.06083962578113572,0.03766795400733295
unsafe_writes,leftbasketball,397,0,0,2,True,False,True,0.02758056724156111,0.02758056724156111
unsafe_writes,leftbasketball,398,2,0,2,True,False,True,0.017353469327946135,0.016011765980582408
unsafe_writes,leftbasketball,399,0,0,2,True,False,True,0.061080659095189,0.061080659095189
unsafe_writes,leftbasketball,400,0,0,2,True,False,True,0.036965485314057245,0.036965485314057245
unsafe_writes,leftbasketball,401,2,0,2,True,False,True,0.07609984377383301,0.03203720168643357
unsafe_writes,leftbasketball,402,2,0,2,True,False,True,0.06444697621052999,0.019137927756038953
unsafe_writes,leftbasketball,403,0,0,2,True,False,True,0.02603763255944389,0.02603763255944389
unsafe_writes,leftbasketball,404,0,0,2,True,False,True,0.03033488771143552,0.03033488771143552
unsafe_writes,leftbasketball,405,0,0,2,True,False,True,0.030336447210209797,0.030336447210209797
unsafe_writes,leftbasketball,406,2,0,2,True,False,True,0.13500445802036998,0.03318001952475253
unsafe_writes,leftbasketball,409,2,1,2,True,False,True,0.06509000583795915,0.04052709399872562
unsafe_writes,leftbasketball,475,0,1,0,False,False,True,0.0636144602314316,0.0
unsafe_writes,leftbasketball,476,0,1,0,False,False,True,0.0,0.07033589420631058
unsafe_writes,leftbasketball,477,0,0,0,False,False,True,0.06728851429934407,0.0
unsafe_writes,leftbasketball,480,0,1,0,False,False,True,0.0,0.07186498378390452
unsafe_writes,leftbasketball,484,0,0,2,True,False,True,0.07906734673251464,0.0
unsafe_writes,leftbasketball,485,0,1,0,False,False,True,0.0,0.07347818128345293
unsafe_writes,leftbasketball,487,0,0,2,True,False,True,0.08413879683487016,0.0
unsafe_writes,leftbasketball,488,0,0,0,False,False,True,0.0,0.09250938701590992
unsafe_writes,leftbasketball,490,0,1,0,False,False,True,0.08367927181732694,0.0
unsafe_writes,leftbasketball,491,0,1,0,False,False,True,0.0,0.10785915270138259
unsafe_writes,leftbasketball,496,0,0,2,True,False,True,0.0959944720237765,0.0959944720237765
unsafe_writes,leftbasketball,497,0,0,2,True,False,True,0.08665284428483558,0.08665284428483558
unsafe_writes,leftbasketball,499,0,0,2,True,False,True,0.11411949260923467,0.11411949260923467
unsafe_writes,leftbasketball,500,0,0,2,True,False,True,0.12973782038323894,0.12973782038323894
unsafe_writes,leftbasketball,510,0,0,2,True,False,True,0.061841571100105734,0.061841571100105734
unsafe_writes,leftbasketball,511,0,0,2,True,False,True,0.018372666710826418,0.018372666710826418
unsafe_writes,leftbasketball,512,0,0,2,True,False,True,0.0,0.0
unsafe_writes,leftbasketball,513,0,0,2,True,False,True,0.02826153322879318,0.02826153322879318
unsafe_writes,leftbasketball,515,0,0,2,True,False,True,0.010074514786654852,0.010074514786654852
unsafe_writes,leftbasketball,516,0,0,2,True,False,True,0.0,0.0
unsafe_writes,leftbasketball,517,0,0,2,True,False,True,0.04467650206456792,0.04467650206456792
unsafe_writes,leftbasketball,518,0,0,0,False,False,True,0.06726031652225024,0.0
unsafe_writes,leftbasketball,519,2,2,2,True,False,True,0.0,0.005202531604751763
unsafe_writes,leftbasketball,522,0,0,0,False,False,True,0.040146878663394774,0.0
unsafe_writes,leftbasketball,531,0,0,2,True,False,True,0.0485116773610241,0.0485116773610241
unsafe_writes,leftbasketball,532,0,0,2,True,False,True,0.030736644821508757,0.030736644821508757
unsafe_writes,leftbasketball,533,0,0,2,True,False,True,0.0268078700954318,0.0268078700954318
unsafe_writes,leftbasketball,534,0,0,2,True,False,True,0.026193902654893277,0.026193902654893277
unsafe_writes,leftbasketball,535,0,0,2,True,False,True,0.03765643472839005,0.03765643472839005
unsafe_writes,leftbasketball,537,0,0,2,True,False,True,0.047401404351862804,0.047401404351862804
unsafe_writes,leftbasketball,543,0,0,2,True,False,True,0.0,0.0
unsafe_writes,leftbasketball,557,0,0,2,True,False,True,0.0,0.0
unsafe_writes,leftbasketball,566,0,0,2,True,False,True,0.0,0.0
unsafe_writes,leftbasketball,567,0,0,2,True,False,True,0.0,0.0
unsafe_writes,leftbasketball,569,0,0,2,True,False,True,0.0,0.0
unsafe_writes,leftbasketball,610,0,1,0,False,False,True,0.0,0.0
unsafe_writes,leftbasketball,620,0,1,2,True,False,True,0.0,0.0
unsafe_writes,leftbasketball,623,0,3,2,True,False,True,0.0,0.0
unsafe_writes,leftbasketball,633,0,0,2,True,False,True,0.0,0.0
unsafe_writes,leftbasketball,641,0,0,2,True,False,True,0.0,0.0
unsafe_writes,leftbasketball,648,2,1,2,True,False,True,0.0,0.0
unsafe_writes,leftbasketball,649,0,0,2,True,False,True,0.0,0.0
unsafe_writes,leftbasketball,650,0,0,2,True,False,True,0.0,0.0
unsafe_writes,leftbasketball,651,0,0,2,True,False,True,0.0,0.0
unsafe_writes,leftbasketball,653,0,0,2,True,False,True,0.0,0.0
unsafe_writes,leftbasketball,654,0,0,2,True,False,True,0.0,0.0
unsafe_writes,leftbasketball,655,0,0,2,True,False,True,0.0,0.0
unsafe_writes,leftbasketball,668,0,0,2,True,False,True,0.0,0.0
unsafe_writes,leftbasketball,682,0,0,2,True,False,True,0.0,0.0
unsafe_writes,leftbasketball,690,0,0,2,True,False,True,0.0,0.0
unsafe_writes,leftbasketball,747,0,0,2,True,False,True,0.0,0.0
unsafe_writes,leftbasketball,786,0,0,2,True,False,True,0.0,0.0
unsafe_writes,leftbasketball,811,2,1,2,True,False,True,0.0,0.0
unsafe_writes,leftbasketball,812,2,0,2,True,False,True,0.0,0.0
unsafe_writes,leftbasketball,814,0,0,2,True,False,True,0.0,0.0
unsafe_writes,leftbasketball,818,0,0,2,True,False,True,0.0,0.0
unsafe_writes,leftbasketball,819,0,0,2,True,False,True,0.0,0.0
unsafe_writes,leftbasketball,820,0,0,2,True,False,True,0.0,0.0
unsafe_writes,leftbasketball,821,0,0,2,True,False,True,0.0,0.0
unsafe_writes,leftbasketball,822,0,0,0,False,False,True,0.0,0.0
unsafe_writes,leftbasketball,823,0,0,2,True,False,True,0.0,0.0
unsafe_writes,leftbasketball,824,0,0,2,True,False,True,0.0,0.0
unsafe_writes,leftbasketball,825,0,0,2,True,False,True,0.0,0.0
unsafe_writes,leftbasketball,826,0,0,2,True,False,True,0.0,0.0
unsafe_writes,leftbasketball,827,0,0,2,True,False,True,0.0,0.0
unsafe_writes,leftbasketball,831,0,0,2,True,False,True,0.0,0.0
unsafe_writes,leftbasketball,834,0,0,2,True,False,True,0.0,0.0
unsafe_writes,leftbasketball,835,0,0,2,True,False,True,0.0,0.0
unsafe_writes,leftbasketball,836,0,0,2,True,False,True,0.0,0.0
unsafe_writes,leftbasketball,837,0,0,2,True,False,True,0.0,0.0
unsafe_writes,leftbasketball,838,0,1,2,True,False,True,0.0,0.0
unsafe_writes,leftbasketball,842,0,0,2,True,False,True,0.0,0.0
unsafe_writes,leftbasketball,843,0,0,2,True,False,True,0.0,0.0
unsafe_writes,leftbasketball,844,0,0,2,True,False,True,0.0,0.0
unsafe_writes,leftbasketball,845,0,0,2,True,False,True,0.0,0.0
unsafe_writes,leftbasketball,846,0,0,2,True,False,True,0.0,0.0
unsafe_writes,leftbasketball,853,2,0,2,True,False,True,0.0,0.037992291560828714
unsafe_writes,leftbasketball,854,0,0,2,True,False,True,0.0,0.0
unsafe_writes,leftbasketball,855,0,0,2,True,False,True,0.0,0.0
unsafe_writes,leftbasketball,856,0,0,2,True,False,True,0.0,0.0
unsafe_writes,leftbasketball,857,0,0,2,True,False,True,0.0,0.0
unsafe_writes,leftbasketball,858,0,0,2,True,False,True,0.0,0.0
unsafe_writes,leftbasketball,859,0,0,2,True,False,True,0.0,0.0
unsafe_writes,leftbasketball,860,0,0,2,True,False,True,0.0,0.0
unsafe_writes,leftbasketball,861,0,0,2,True,False,True,0.0,0.0
unsafe_writes,leftbasketball,862,0,0,2,True,False,True,0.0,0.0
unsafe_writes,leftbasketball,863,0,0,2,True,False,True,0.0,0.0
unsafe_writes,leftbasketball,864,0,1,2,True,False,True,0.0,0.19109860194849063
unsafe_writes,leftbasketball,865,0,0,2,True,False,True,0.21681942195977844,0.21681942195977844
unsafe_writes,leftbasketball,869,0,0,2,True,False,True,0.35545150861144326,0.35545150861144326
unsafe_writes,leftbasketball,877,0,2,0,False,False,True,0.11768318326348257,0.0
unsafe_writes,leftbasketball,878,0,0,2,True,False,True,0.0,0.0
unsafe_writes,leftbasketball,880,0,0,2,True,False,True,0.0,0.0
unsafe_writes,leftbasketball,881,0,0,2,True,False,True,0.0,0.0
unsafe_writes,leftbasketball,882,0,0,2,True,False,True,0.0,0.0
unsafe_writes,leftbasketball,883,0,0,2,True,False,True,0.0,0.0
unsafe_writes,leftbasketball,884,0,0,2,True,False,True,0.0,0.0
unsafe_writes,leftbasketball,885,0,0,2,True,False,True,0.0,0.0
unsafe_writes,leftbasketball,886,0,0,2,True,False,True,0.0,0.0
unsafe_writes,leftbasketball,887,0,1,2,True,False,True,0.0,0.19873552462252211
unsafe_writes,leftbasketball,888,0,0,2,True,False,True,0.2622446861079732,0.2622446861079732
unsafe_writes,leftbasketball,889,0,0,2,True,False,True,0.27257784610196684,0.27257784610196684
unsafe_writes,leftbasketball,891,0,0,2,True,False,True,0.1621703971807344,0.1621703971807344
unsafe_writes,leftbasketball,894,0,0,2,True,False,True,0.15626045519512188,0.15626045519512188
unsafe_writes,leftbasketball,895,0,0,2,True,False,True,0.1586556972943357,0.1586556972943357
unsafe_writes,leftbasketball,896,0,0,2,True,False,True,0.15521888838099812,0.15521888838099812
unsafe_writes,leftbasketball,898,0,1,2,True,False,True,0.15509450698091065,0.0
unsafe_writes,leftbasketball,906,0,0,2,True,False,True,0.0,0.0
unsafe_writes,leftbasketball,912,0,0,2,True,False,True,0.0,0.0
unsafe_writes,leftbasketball,914,0,0,2,True,False,True,0.0,0.0
unsafe_writes,leftbasketball,915,0,0,2,True,False,True,0.0,0.0
unsafe_writes,leftbasketball,919,0,0,2,True,False,True,0.0,0.0
unsafe_writes,leftbasketball,920,0,0,2,True,False,True,0.0,0.0
unsafe_writes,leftbasketball,921,0,0,2,True,False,True,0.0,0.0
unsafe_writes,leftbasketball,922,0,0,2,True,False,True,0.0,0.0
unsafe_writes,leftbasketball,923,0,0,2,True,False,True,0.0,0.0
unsafe_writes,leftbasketball,924,0,0,2,True,False,True,0.0,0.0
unsafe_writes,leftbasketball,925,0,0,2,True,False,True,0.0,0.0
unsafe_writes,leftbasketball,927,0,1,0,False,False,True,0.0,0.0
unsafe_writes,leftbasketball,928,0,2,2,True,False,True,0.0,0.0
unsafe_writes,leftbasketball,930,0,0,2,True,False,True,0.0,0.0
unsafe_writes,leftbasketball,931,0,0,2,True,False,True,0.0,0.0
unsafe_writes,leftbasketball,941,0,0,2,True,False,True,0.0,0.0
unsafe_writes,leftbasketball,942,0,0,2,True,False,True,0.0,0.0
unsafe_writes,leftbasketball,945,0,0,2,True,False,True,0.0,0.0
unsafe_writes,leftbasketball,948,0,0,2,True,False,True,0.0,0.0
unsafe_writes,leftbasketball,949,0,0,2,True,False,True,0.0,0.0
unsafe_writes,leftbasketball,950,0,0,2,True,False,True,0.0,0.0
unsafe_writes,leftbasketball,951,0,0,2,True,False,True,0.0,0.0
unsafe_writes,leftbasketball,960,0,0,2,True,False,True,0.0,0.0
unsafe_writes,leftbasketball,961,0,1,2,True,False,True,0.0,0.0
unsafe_writes,leftbasketball,966,0,2,0,False,False,True,0.0,0.0
unsafe_writes,leftbasketball,967,0,0,0,False,False,True,0.0,0.0
unsafe_writes,leftbasketball,971,0,1,0,False,False,True,0.0,0.0
unsafe_writes,leftbasketball,980,0,1,0,False,False,True,0.0,0.0
unsafe_writes,leftbasketball,981,0,0,2,True,False,True,0.0,0.0
unsafe_writes,leftbasketball,984,0,2,0,False,False,True,0.0,0.0
unsafe_writes,leftbasketball,985,0,1,0,False,False,True,0.0,0.0
unsafe_writes,leftbasketball,989,0,0,2,True,False,True,0.0,0.0
unsafe_writes,leftbasketball,990,0,0,2,True,False,True,0.0,0.0
unsafe_writes,leftbasketball,995,0,2,0,False,False,True,0.0,0.0
unsafe_writes,leftbasketball,996,0,2,0,False,False,True,0.0,0.0
unsafe_writes,leftbasketball,1010,0,0,2,True,False,True,0.0,0.0
unsafe_writes,leftbasketball,1012,0,0,2,True,False,True,0.0,0.0
unsafe_writes,leftbasketball,1015,0,0,2,True,False,True,0.0,0.0
unsafe_writes,leftbasketball,1016,0,0,2,True,False,True,0.0,0.0
unsafe_writes,leftbasketball,1017,0,0,2,True,False,True,0.0,0.0
unsafe_writes,leftbasketball,1018,0,0,2,True,False,True,0.0,0.0
unsafe_writes,leftbasketball,1021,0,0,2,True,False,True,0.0,0.0
unsafe_writes,leftbasketball,1022,0,0,2,True,False,True,0.0,0.0
unsafe_writes,leftbasketball,1023,0,0,2,True,False,True,0.0,0.0
unsafe_writes,leftbasketball,1024,0,0,2,True,False,True,0.0,0.0
unsafe_writes,leftbasketball,1025,0,0,2,True,False,True,0.0,0.0
unsafe_writes,leftbasketball,1026,0,0,2,True,False,True,0.0,0.0
unsafe_writes,leftbasketball,1028,0,0,2,True,False,True,0.0,0.0
unsafe_writes,leftbasketball,1031,0,0,2,True,False,True,0.0,0.0
unsafe_writes,leftbasketball,1032,0,0,2,True,False,True,0.0,0.0
unsafe_writes,leftbasketball,1033,0,0,2,True,False,True,0.0,0.0
unsafe_writes,leftbasketball,1037,0,1,0,False,False,True,0.0,0.0
unsafe_writes,leftbasketball,1042,0,0,0,False,False,True,0.0,0.0
unsafe_writes,leftbasketball,1044,0,0,2,True,False,True,0.0,0.0
unsafe_writes,leftbasketball,1047,0,1,0,False,False,True,0.0,0.0
unsafe_writes,leftbasketball,1057,0,0,2,True,False,True,0.0,0.0
unsafe_writes,leftbasketball,1079,0,0,2,True,False,True,0.0,0.0
unsafe_writes,leftbasketball,1087,0,0,2,True,False,True,0.0,0.0
unsafe_writes,leftbasketball,1088,0,0,2,True,False,True,0.0,0.0
unsafe_writes,leftbasketball,1089,0,0,2,True,False,True,0.0,0.0
unsafe_writes,leftbasketball,1099,0,1,0,False,False,True,0.0,0.0
unsafe_writes,leftbasketball,1100,0,2,0,False,False,True,0.0,0.0
unsafe_writes,leftbasketball,1112,0,1,0,False,False,True,0.0,0.0
unsafe_writes,leftbasketball,1113,0,0,2,True,False,True,0.0,0.0
unsafe_writes,leftbasketball,1115,0,0,2,True,False,True,0.0,0.0
unsafe_writes,leftbasketball,1118,0,0,2,True,False,True,0.0,0.0
unsafe_writes,leftbasketball,1119,0,0,2,True,False,True,0.0,0.0
unsafe_writes,leftbasketball,1120,0,1,2,True,False,True,0.0,0.0
unsafe_writes,leftbasketball,1121,0,0,2,True,False,True,0.0,0.0
unsafe_writes,leftbasketball,1126,0,0,2,True,False,True,0.0,0.0
unsafe_writes,leftbasketball,1134,0,0,2,True,False,True,0.0,0.0
unsafe_writes,leftbasketball,1140,0,1,2,True,False,True,0.0,0.0
unsafe_writes,leftbasketball,1141,0,0,2,True,False,True,0.0,0.0
unsafe_writes,leftbasketball,1142,0,0,2,True,False,True,0.0,0.0
unsafe_writes,leftbasketball,1144,0,0,2,True,False,True,0.0,0.0
unsafe_writes,leftbasketball,1153,0,0,2,True,False,True,0.0,0.0
unsafe_writes,leftbasketball,1154,0,0,2,True,False,True,0.0,0.0
unsafe_writes,leftbasketball,1158,0,0,2,True,False,True,0.0,0.0
unsafe_writes,leftbasketball,1159,0,0,2,True,False,True,0.0,0.0
unsafe_writes,leftbasketball,1160,0,0,2,True,False,True,0.0,0.0
unsafe_writes,leftbasketball,1168,0,0,2,True,False,True,0.0,0.0
unsafe_writes,leftbasketball,1169,0,0,2,True,False,True,0.0,0.0
unsafe_writes,leftbasketball,1172,0,0,2,True,False,True,0.0,0.0
unsafe_writes,leftbasketball,1177,0,0,2,True,False,True,0.0,0.0
unsafe_writes,leftbasketball,1179,0,0,2,True,False,True,0.0,0.0
unsafe_writes,leftbasketball,1192,0,0,2,True,False,True,0.0,0.0
unsafe_writes,leftbasketball,1205,0,0,2,True,False,True,0.0,0.0
unsafe_writes,leftbasketball,1206,0,0,2,True,False,True,0.0,0.0
unsafe_writes,leftbasketball,1208,0,0,2,True,False,True,0.0,0.0
unsafe_writes,leftbasketball,1209,0,0,2,True,False,True,0.0,0.0
unsafe_writes,leftbasketball,1210,0,0,2,True,False,True,0.0,0.0
unsafe_writes,leftbasketball,1212,0,0,2,True,False,True,0.0,0.0
unsafe_writes,leftbasketball,1215,0,0,2,True,False,True,0.0,0.0
unsafe_writes,leftbasketball,1216,0,0,2,True,False,True,0.0,0.0
unsafe_writes,leftbasketball,1217,0,0,2,True,False,True,0.0,0.0
unsafe_writes,leftbasketball,1218,0,0,2,True,False,True,0.0,0.0
unsafe_writes,leftbasketball,1219,0,0,2,True,False,True,0.0,0.0
unsafe_writes,leftbasketball,1220,0,0,2,True,False,True,0.0,0.0
unsafe_writes,leftbasketball,1221,0,0,2,True,False,True,0.0,0.0
unsafe_writes,leftbasketball,1222,0,0,2,True,False,True,0.0,0.0
unsafe_writes,leftbasketball,1223,0,0,2,True,False,True,0.0,0.0
unsafe_writes,leftbasketball,1224,0,0,2,True,False,True,0.0,0.0
unsafe_writes,leftbasketball,1225,0,0,2,True,False,True,0.0,0.0
unsafe_writes,leftbasketball,1226,0,0,2,True,False,True,0.0,0.0
unsafe_writes,leftbasketball,1227,0,0,2,True,False,True,0.0,0.0
unsafe_writes,leftbasketball,1228,0,0,2,True,False,True,0.0,0.0
unsafe_writes,leftbasketball,1245,0,0,0,False,False,True,0.0,0.0
unsafe_writes,leftbasketball,1252,0,0,0,False,False,True,0.0,0.0
unsafe_writes,leftbasketball,1261,0,1,0,False,False,True,0.0,0.0
unsafe_writes,leftbasketball,1265,0,1,0,False,False,True,0.0,0.4314701745613522
unsafe_writes,leftbasketball,1410,0,2,2,True,False,True,0.5286133102537615,0.0
unsafe_writes,leftbasketball,1411,0,0,2,True,False,True,0.09554063280711564,0.09554063280711564
unsafe_writes,leftbasketball,1412,0,0,2,True,False,True,0.20780417538516271,0.20780417538516271
unsafe_writes,leftbasketball,1414,0,0,2,True,False,True,0.35291976662964275,0.35291976662964275
unsafe_writes,leftbasketball,1415,0,0,2,True,False,True,0.35217567244787523,0.35217567244787523
unsafe_writes,leftbasketball,1416,0,0,2,True,False,True,0.3260372333747644,0.3260372333747644
unsafe_writes,leftbasketball,1417,2,2,2,True,False,True,0.42696145750197745,0.0
unsafe_writes,leftbasketball,1418,0,0,2,True,False,True,0.0,0.0
unsafe_writes,leftbasketball,1419,0,0,2,True,False,True,0.0,0.0
unsafe_writes,leftbasketball,1420,0,0,2,True,False,True,0.0,0.0
unsafe_writes,leftbasketball,1421,0,0,2,True,False,True,0.0,0.0
unsafe_writes,leftbasketball,1422,0,0,2,True,False,True,0.0,0.0
unsafe_writes,leftbasketball,1423,0,0,2,True,False,True,0.0,0.0
unsafe_writes,leftbasketball,1424,0,0,2,True,False,True,0.0,0.0
unsafe_writes,leftbasketball,1425,0,0,2,True,False,True,0.0,0.0
unsafe_writes,leftbasketball,1426,0,0,2,True,False,True,0.0,0.0
unsafe_writes,leftbasketball,1427,0,0,2,True,False,True,0.0,0.0
unsafe_writes,leftbasketball,1428,0,0,2,True,False,True,0.0,0.0
unsafe_writes,leftbasketball,1429,0,0,2,True,False,True,0.0,0.0
unsafe_writes,leftbasketball,1430,0,0,2,True,False,True,0.0,0.0
unsafe_writes,leftbasketball,1431,0,0,2,True,False,True,0.0,0.0
unsafe_writes,leftbasketball,1432,0,0,2,True,False,True,0.0,0.0
unsafe_writes,leftbasketball,1433,0,0,2,True,False,True,0.0,0.0
unsafe_writes,leftbasketball,1434,0,0,2,True,False,True,0.0,0.0
unsafe_writes,leftbasketball,1435,0,0,2,True,False,True,0.0,0.0
unsafe_writes,leftbasketball,1437,0,0,2,True,False,True,0.0,0.0
unsafe_writes,leftbasketball,1438,0,0,2,True,False,True,0.0,0.0
unsafe_writes,leftbasketball,1439,0,0,2,True,False,True,0.0,0.0
unsafe_writes,leftbasketball,1440,0,0,2,True,False,True,0.0,0.0
unsafe_writes,leftbasketball,1441,0,0,2,True,False,True,0.0,0.0
unsafe_writes,leftbasketball,1442,0,0,2,True,False,True,0.0,0.0
unsafe_writes,leftbasketball,1443,0,0,2,True,False,True,0.0,0.0
unsafe_writes,leftbasketball,1444,0,0,2,True,False,True,0.0,0.0
unsafe_writes,leftbasketball,1445,2,1,2,True,False,True,0.0,0.2891327589570992
unsafe_writes,leftbasketball,1479,0,0,2,True,False,True,0.6204749662012973,0.6204749662012973
unsafe_writes,leftbasketball,1496,2,0,2,True,False,True,0.15049052015871864,0.3446745624738622
unsafe_writes,leftbasketball,1497,0,0,2,True,False,True,0.30419829314281016,0.30419829314281016
unsafe_writes,leftbasketball,1498,0,0,2,True,False,True,0.18353719028833015,0.18353719028833015
unsafe_writes,leftbasketball,1499,0,0,2,True,False,True,0.01599106681597862,0.02790014689141816
unsafe_writes,leftbasketball,1501,0,0,2,True,False,True,0.5187428837847493,0.5187428837847493
unsafe_writes,leftbasketball,1510,0,0,2,True,False,True,0.7102376092726509,0.7102376092726509
unsafe_writes,leftbasketball,1511,0,0,2,True,False,True,0.8285715462500038,0.8285715462500038
unsafe_writes,leftbasketball,1513,0,1,0,False,False,True,0.8265226982995408,0.0
unsafe_writes,leftbasketball,1514,2,0,2,True,False,True,0.0,0.0
unsafe_writes,leftbasketball,1515,2,1,2,True,False,True,0.0,0.0
unsafe_writes,leftbasketball,1517,2,2,2,True,False,True,0.0,0.07811067856864917
unsafe_writes,leftbasketball,1518,2,0,2,True,False,True,0.0,0.0
unsafe_writes,leftbasketball,1519,0,2,0,False,False,True,0.0,0.0
unsafe_writes,leftbasketball,1520,0,0,2,True,False,True,0.0,0.0
unsafe_writes,leftbasketball,1521,0,1,2,True,False,True,0.0,0.0
unsafe_writes,leftbasketball,1522,0,1,0,False,False,True,0.0,0.0
unsafe_writes,leftbasketball,1523,0,1,0,False,False,True,0.0,0.0
unsafe_writes,leftbasketball,1524,0,2,0,False,False,True,0.0,0.0
unsafe_writes,leftbasketball,1525,0,2,0,False,False,True,0.0,0.0
unsafe_writes,leftbasketball,1527,0,1,0,False,False,True,0.0,0.0
unsafe_writes,leftbasketball,1528,0,2,0,False,False,True,0.0,0.0
unsafe_writes,leftbasketball,1531,0,0,2,True,False,True,0.0,0.0
unsafe_writes,leftbasketball,1532,2,0,2,True,False,True,0.0,0.0
unsafe_writes,leftbasketball,1533,0,0,2,True,False,True,0.0,0.0
unsafe_writes,leftbasketball,1534,0,0,2,True,False,True,0.0,0.0
unsafe_writes,leftbasketball,1535,0,0,2,True,False,True,0.0,0.0
unsafe_writes,leftbasketball,1536,0,0,2,True,False,True,0.0,0.0
unsafe_writes,leftbasketball,1538,0,1,2,True,False,True,0.0,0.0
unsafe_writes,leftbasketball,1539,0,0,2,True,False,True,0.0,0.0
unsafe_writes,leftbasketball,1541,0,0,2,True,False,True,0.0,0.0
unsafe_writes,leftbasketball,1542,0,1,0,False,False,True,0.0,0.0
unsafe_writes,leftbasketball,1543,0,1,2,True,False,True,0.0,0.0
unsafe_writes,leftbasketball,1545,0,3,0,False,False,True,0.0,0.0
unsafe_writes,leftbasketball,1546,0,0,2,True,False,True,0.0,0.0
unsafe_writes,leftbasketball,1547,0,0,2,True,False,True,0.0,0.0
unsafe_writes,leftbasketball,1548,0,0,2,True,False,True,0.0,0.0
unsafe_writes,leftbasketball,1549,0,0,2,True,False,True,0.0,0.0
unsafe_writes,leftbasketball,1551,0,0,2,True,False,True,0.0,0.0
unsafe_writes,leftbasketball,1552,0,0,2,True,False,True,0.0,0.0
unsafe_writes,leftbasketball,1553,0,0,2,True,False,True,0.0,0.0
unsafe_writes,leftbasketball,1556,0,0,2,True,False,True,0.0,0.0
unsafe_writes,leftbasketball,1557,0,0,2,True,False,True,0.0,0.0
unsafe_writes,leftbasketball,1558,0,2,0,False,False,True,0.0,0.0
unsafe_writes,leftbasketball,1559,0,2,0,False,False,True,0.0,0.0
unsafe_writes,leftbasketball,1560,0,3,0,False,False,True,0.0,0.0
unsafe_writes,leftbasketball,1562,2,1,2,True,False,True,0.0,0.7731558663908539
unsafe_writes,leftbasketball,1570,0,0,2,True,False,True,0.36723198322933076,0.36723198322933076
unsafe_writes,leftbasketball,1571,0,0,2,True,False,True,0.35587375172654134,0.35587375172654134
unsafe_writes,leftbasketball,1572,0,0,2,True,False,True,0.3922705448664407,0.3922705448664407
unsafe_writes,leftbasketball,1573,0,0,2,True,False,True,0.27799778533649466,0.27799778533649466
unsafe_writes,leftbasketball,1574,0,0,2,True,False,True,0.16127175888353956,0.16127175888353956
unsafe_writes,leftbasketball,1575,0,0,2,True,False,True,0.11357697762395874,0.11357697762395874
unsafe_writes,leftbasketball,1576,0,0,2,True,False,True,0.10464067445829792,0.10464067445829792
unsafe_writes,leftbasketball,1577,0,0,2,True,False,True,0.14319415005270605,0.14319415005270605
unsafe_writes,leftbasketball,1578,0,0,2,True,False,True,0.1256001603252169,0.1256001603252169
unsafe_writes,leftbasketball,1579,0,0,2,True,False,True,0.6598249034617151,0.6598249034617151
unsafe_writes,leftof2girls,70,0,0,2,True,False,True,0.7597727146250881,0.7597727146250881
unsafe_writes,leftof2girls,79,0,1,0,False,False,True,0.7965337656829804,0.0
unsafe_writes,leftof2girls,83,0,0,0,False,False,True,0.0,0.8088549415048302
unsafe_writes,lonelyman,182,0,0,2,True,False,True,0.332652825678222,0.332652825678222
unsafe_writes,lonelyman,183,0,0,2,True,False,True,0.350722745285694,0.350722745285694
unsafe_writes,lonelyman,184,0,0,2,True,False,True,0.4582839688747175,0.4582839688747175
unsafe_writes,lonelyman,185,0,1,0,False,False,True,0.3333139312200635,0.0
unsafe_writes,lonelyman,186,0,0,2,True,False,True,0.4665443715489213,0.4665443715489213
unsafe_writes,lonelyman,191,0,0,2,True,False,True,0.36136207670593595,0.36136207670593595
unsafe_writes,lonelyman,193,2,0,2,True,False,True,0.28548916737706304,0.08351609484849015
unsafe_writes,lonelyman,194,0,0,2,True,False,True,0.206243636710807,0.206243636710807
unsafe_writes,lonelyman,201,0,0,2,True,False,True,0.5950336700221485,0.5950336700221485
unsafe_writes,lonelyman,203,0,2,0,False,False,True,0.35492011587330213,0.0
unsafe_writes,lonelyman,204,0,1,0,False,False,True,0.0,0.5673327240029654
unsafe_writes,lonelyman,208,0,1,2,True,False,True,0.4705429388237993,0.0
unsafe_writes,lonelyman,209,0,0,2,True,False,True,0.0,0.6759072983543998
unsafe_writes,lonelyman,211,0,3,0,False,False,True,0.44334832845929195,0.0
unsafe_writes,lonelyman,212,0,0,2,True,False,True,0.0,0.646366515436874
unsafe_writes,lonelyman,239,0,0,2,True,False,True,0.14451720803658177,0.14451720803658177
unsafe_writes,lonelyman,240,0,1,0,False,False,True,0.09537037390606097,0.0
unsafe_writes,lonelyman,241,0,0,2,True,False,True,0.0,0.0
unsafe_writes,lonelyman,242,0,0,2,True,False,True,0.0,0.0
unsafe_writes,lonelyman,243,0,0,2,True,False,True,0.0,0.0
unsafe_writes,lonelyman,244,0,0,2,True,False,True,0.0,0.0
unsafe_writes,lonelyman,245,0,0,2,True,False,True,0.0,0.0
unsafe_writes,lonelyman,246,0,0,2,True,False,True,0.0,0.0
unsafe_writes,lonelyman,248,0,0,2,True,False,True,0.0,0.0
unsafe_writes,lonelyman,249,0,0,2,True,False,True,0.0,0.0
unsafe_writes,lonelyman,251,0,4,2,True,False,True,0.0,0.0
unsafe_writes,lonelyman,252,0,1,0,False,False,True,0.0,0.0
unsafe_writes,lonelyman,253,0,3,0,False,False,True,0.0,0.020090238908453628
unsafe_writes,lonelyman,255,0,3,0,False,False,True,0.39142537401499694,0.0
unsafe_writes,lonelyman,256,0,4,0,False,False,True,0.0,0.0
unsafe_writes,lonelyman,257,2,1,2,True,False,True,0.0,0.0
unsafe_writes,lonelyman,258,2,1,2,True,False,True,0.0,0.0
unsafe_writes,lonelyman,259,0,0,2,True,False,True,0.0,0.0
unsafe_writes,lonelyman,260,2,0,2,True,False,True,0.0,0.0
unsafe_writes,lonelyman,261,0,0,2,True,False,True,0.024836475635286164,0.024836475635286164
unsafe_writes,lonelyman,262,0,0,2,True,False,True,0.144009763966418,0.144009763966418
unsafe_writes,lonelyman,263,0,0,2,True,False,True,0.21549933108348787,0.21549933108348787
unsafe_writes,lonelyman,265,0,0,2,True,False,True,0.5791807478737353,0.5791807478737353
unsafe_writes,lonelyman,268,0,1,0,False,False,True,0.5192975128882145,0.0
unsafe_writes,lonelyman,270,2,1,2,True,False,True,0.0,0.0
unsafe_writes,man2startmoto,34,0,0,2,True,False,True,0.6835271860913452,0.6835271860913452
unsafe_writes,man2startmoto,35,0,1,2,True,False,True,0.6351668987195482,0.0
unsafe_writes,man2startmoto,39,0,0,2,True,False,True,0.0,0.0
unsafe_writes,man2startmoto,40,0,1,2,True,False,True,0.0,0.7563339221562563
unsafe_writes,man2startmoto,42,0,0,2,True,False,True,0.2756608612979346,0.2756608612979346
unsafe_writes,man2startmoto,43,0,0,2,True,False,True,0.6455103034271675,0.6455103034271675
unsafe_writes,man2startmoto,63,0,0,2,True,False,True,0.5139273957865491,0.5139273957865491
unsafe_writes,man2startmoto,64,0,2,0,False,False,True,0.28553553371581875,0.00015618161977141786
unsafe_writes,man2startmoto,65,0,0,2,True,False,True,0.13254800248648338,0.13254800248648338
unsafe_writes,man2startmoto,66,0,1,0,False,False,True,0.2015853536991651,0.22888424689186815
unsafe_writes,man2startmoto,68,0,0,2,True,False,True,0.5437149919570704,0.5437149919570704
unsafe_writes,man2startmoto,78,0,0,2,True,False,True,0.5423657031466407,0.5423657031466407
unsafe_writes,man2startmoto,240,0,0,2,True,False,True,0.3026967509504882,0.3026967509504882
unsafe_writes,man2startmoto,251,0,0,2,True,False,True,0.3106566632383605,0.3106566632383605
unsafe_writes,man2startmoto,364,0,0,2,True,False,True,0.0,0.0
unsafe_writes,man2startmoto,372,0,0,2,True,False,True,0.0,0.0
unsafe_writes,man2startmoto,373,0,0,2,True,False,True,0.0,0.0
unsafe_writes,man2startmoto,376,0,0,2,True,False,True,0.0,0.0
unsafe_writes,man2startmoto,408,0,0,2,True,False,True,0.48921929736484826,0.48921929736484826
unsafe_writes,man2startmoto,426,0,0,2,True,False,True,0.7475310383236564,0.7475310383236564
unsafe_writes,man2startmoto,458,0,3,0,False,False,True,0.000570887610598576,0.0
unsafe_writes,man2startmoto,462,0,1,2,True,False,True,0.0,0.5198804691174195
unsafe_writes,man2startmoto,478,0,0,2,True,False,True,0.3560815744530456,0.3560815744530456
unsafe_writes,man2startmoto,480,0,0,2,True,False,True,0.6204649950991815,0.6204649950991815
unsafe_writes,manafetrtrees,26,0,0,2,True,False,True,0.7938724467315431,0.7938724467315431
unsafe_writes,manafetrtrees,28,0,0,2,True,False,True,0.5172610409587484,0.5172610409587484
unsafe_writes,manafetrtrees,29,0,0,2,True,False,True,0.6513362909293785,0.6513362909293785
unsafe_writes,manafetrtrees,39,0,0,0,False,False,True,0.0,0.8066330228141387
unsafe_writes,manafetrtrees,41,0,0,2,True,False,True,0.5124986085217429,0.5124986085217429
unsafe_writes,manafetrtrees,43,0,0,2,True,False,True,0.156119335325005,0.156119335325005
unsafe_writes,manafetrtrees,46,2,1,2,True,False,True,0.29330855298040176,0.0
unsafe_writes,manafetrtrees,48,2,2,2,True,False,True,0.11470940967536146,0.001664476691182881
unsafe_writes,manafetrtrees,49,2,1,2,True,False,True,0.0,0.0399543841037366
unsafe_writes,manafetrtrees,50,0,0,2,True,False,True,0.038341216454569275,0.038341216454569275
unsafe_writes,manafetrtrees,51,0,0,2,True,False,True,0.12581733229582762,0.12581733229582762
unsafe_writes,manafetrtrees,53,2,0,2,True,False,True,0.04244467840836027,0.06581403249217813
unsafe_writes,manafetrtrees,54,0,0,2,True,False,True,0.14953917072163447,0.14953917072163447
unsafe_writes,manafetrtrees,55,2,0,2,True,False,True,0.18315492474769823,0.04096974208818091
unsafe_writes,manafetrtrees,56,0,0,2,True,False,True,0.005762823139318815,0.005762823139318815
unsafe_writes,manafetrtrees,57,0,0,2,True,False,True,0.19391085258319174,0.19391085258319174
unsafe_writes,manafetrtrees,58,0,0,2,True,False,True,0.274353626407107,0.274353626407107
unsafe_writes,manafetrtrees,59,2,0,2,True,False,True,0.26842742197517844,0.026745558621721614
unsafe_writes,manafetrtrees,60,0,0,2,True,False,True,0.0,0.0
unsafe_writes,manafetrtrees,61,2,0,2,True,False,True,0.0,0.0
unsafe_writes,manafetrtrees,64,0,0,2,True,False,True,0.0,0.0
unsafe_writes,manafetrtrees,65,0,0,2,True,False,True,0.0,0.0
unsafe_writes,manafetrtrees,66,0,0,2,True,False,True,0.0,0.0
unsafe_writes,manafetrtrees,67,0,0,2,True,False,True,0.0,0.0
unsafe_writes,manafetrtrees,68,0,0,2,True,False,True,0.0,0.0
unsafe_writes,manafetrtrees,70,0,0,2,True,False,True,0.0,0.0
unsafe_writes,manafetrtrees,71,0,0,2,True,False,True,0.0,0.0
unsafe_writes,manafetrtrees,72,0,0,2,True,False,True,0.0,0.0
unsafe_writes,manafetrtrees,73,0,0,2,True,False,True,0.0,0.0
unsafe_writes,manafetrtrees,74,0,0,2,True,False,True,0.0,0.0
unsafe_writes,manafetrtrees,75,0,0,2,True,False,True,0.0,0.0
unsafe_writes,manafetrtrees,76,0,0,2,True,False,True,0.0,0.0
unsafe_writes,manafetrtrees,78,0,0,2,True,False,True,0.0,0.0
unsafe_writes,manafetrtrees,79,0,1,0,False,False,True,0.0,0.0
unsafe_writes,manafetrtrees,80,0,0,2,True,False,True,0.0,0.0
unsafe_writes,manafetrtrees,81,0,1,2,True,False,True,0.0,0.0
unsafe_writes,manafetrtrees,82,0,3,0,False,False,True,0.0,0.0
unsafe_writes,manafetrtrees,83,0,2,0,False,False,True,0.0,0.0
unsafe_writes,manafetrtrees,84,0,0,2,True,False,True,0.0,0.0
unsafe_writes,manafetrtrees,86,0,2,0,False,False,True,0.0,0.0
unsafe_writes,manafetrtrees,87,0,0,2,True,False,True,0.0,0.0
unsafe_writes,manafetrtrees,88,0,0,2,True,False,True,0.0,0.0
unsafe_writes,manafetrtrees,89,0,0,2,True,False,True,0.0,0.0
unsafe_writes,manafetrtrees,90,0,0,2,True,False,True,0.0,0.0
unsafe_writes,manafetrtrees,91,0,0,2,True,False,True,0.0,0.0
unsafe_writes,manafetrtrees,92,0,0,2,True,False,True,0.0,0.0
unsafe_writes,manafetrtrees,93,0,0,2,True,False,True,0.0,0.0
unsafe_writes,manafetrtrees,94,0,0,2,True,False,True,0.0,0.0
unsafe_writes,manafetrtrees,95,2,2,2,True,False,True,0.0,0.0
unsafe_writes,manafetrtrees,96,2,1,2,True,False,True,0.0,0.0
unsafe_writes,manafetrtrees,97,0,1,2,True,False,True,0.0,0.0
unsafe_writes,manafetrtrees,98,0,0,2,True,False,True,0.0,0.0
unsafe_writes,manafetrtrees,99,2,0,2,True,False,True,0.0,0.0
unsafe_writes,moto2north2,179,0,0,2,True,False,True,0.6894268834118358,0.6894268834118358
unsafe_writes,moto2north2,203,0,0,2,True,False,True,0.0,0.0
unsafe_writes,moto2north2,204,0,1,0,False,False,True,0.6026201638991353,0.0
unsafe_writes,motobesidescar,18,0,0,2,True,False,True,0.37743399560436053,0.37743399560436053
unsafe_writes,motobesidescar,19,0,0,2,True,False,True,0.5962922403365064,0.5962922403365064
unsafe_writes,motobesidescar,22,0,0,2,True,False,True,0.6185566655195631,0.6185566655195631
unsafe_writes,motobesidescar,23,0,0,2,True,False,True,0.32919191988682134,0.32919191988682134
unsafe_writes,motobesidescar,24,0,0,2,True,False,True,0.5131518436697352,0.5131518436697352
unsafe_writes,motobesidescar,25,0,0,2,True,False,True,0.48610938279122967,0.48610938279122967
unsafe_writes,motobesidescar,26,0,0,2,True,False,True,0.40532924151349864,0.40532924151349864
unsafe_writes,motobesidescar,27,0,0,2,True,False,True,0.43746099160247065,0.43746099160247065
unsafe_writes,motobesidescar,29,0,0,2,True,False,True,0.6208341852408308,0.6208341852408308
unsafe_writes,motobesidescar,30,0,0,2,True,False,True,0.4876656608096467,0.4876656608096467
unsafe_writes,motobesidescar,33,0,0,2,True,False,True,0.556079880581062,0.556079880581062
unsafe_writes,motobesidescar,34,0,0,2,True,False,True,0.5811303110438822,0.5811303110438822
unsafe_writes,motobesidescar,36,0,0,2,True,False,True,0.5213082783185242,0.5213082783185242
unsafe_writes,motobesidescar,38,0,0,2,True,False,True,0.6619919285015091,0.6619919285015091
unsafe_writes,openthisexersicebook,13,0,0,2,True,False,True,0.8202504562095775,0.8202504562095775
unsafe_writes,openthisexersicebook,21,0,0,2,True,False,True,0.7971204026350429,0.7971204026350429
unsafe_writes,openthisexersicebook,25,0,0,2,True,False,True,0.835271403029621,0.835271403029621
unsafe_writes,openthisexersicebook,26,0,0,2,True,False,True,0.7219973907988416,0.7219973907988416
unsafe_writes,openthisexersicebook,27,0,0,2,True,False,True,0.6768642592038195,0.6768642592038195
unsafe_writes,openthisexersicebook,28,2,0,2,True,False,True,0.7473777590012054,0.30614274633908756
unsafe_writes,openthisexersicebook,29,0,0,2,True,False,True,0.4292160049435896,0.4292160049435896
unsafe_writes,openthisexersicebook,30,0,0,2,True,False,True,0.5559080835602073,0.5559080835602073
unsafe_writes,openthisexersicebook,31,2,0,2,True,False,True,0.4899358195906841,0.41610780345794346
unsafe_writes,openthisexersicebook,33,0,1,2,True,False,True,0.3163194325188497,0.0
unsafe_writes,openthisexersicebook,34,0,2,0,False,False,True,0.0,0.0
unsafe_writes,openthisexersicebook,35,0,1,2,True,False,True,0.0,0.0
unsafe_writes,openthisexersicebook,36,2,1,2,True,False,True,0.0,0.4168778422219748
unsafe_writes,openthisexersicebook,353,0,1,0,False,False,True,0.3259169322746459,0.25545698956773827
unsafe_writes,openthisexersicebook,358,0,0,0,False,False,True,0.26178447483852496,0.3477638514337727
unsafe_writes,openthisexersicebook,367,0,0,0,False,False,True,0.2676625247011114,0.3329794961498264
unsafe_writes,openthisexersicebook,371,0,0,0,False,False,True,0.37690390682828384,0.3694085937365981
unsafe_writes,openthisexersicebook,375,0,2,0,False,False,True,0.3935434726013765,0.2459139063448048
unsafe_writes,openthisexersicebook,476,0,0,2,True,False,True,0.3868143512669587,0.3868143512669587
unsafe_writes,outer2leftmirrorback,136,0,0,2,True,False,True,0.7923245211642016,0.7923245211642016
unsafe_writes,outer2leftmirrorback,137,0,0,0,False,False,True,0.7731057477195992,0.0
unsafe_writes,outer2leftmirrorback,149,0,0,2,True,False,True,0.0,0.0
unsafe_writes,outer2leftmirrorback,150,0,0,2,True,False,True,0.0,0.0
unsafe_writes,outer2leftmirrorback,282,0,1,0,False,False,True,0.0,0.7157790663603023
unsafe_writes,outer2leftmirrorback,284,0,0,2,True,False,True,0.7317428810087636,0.7317428810087636
unsafe_writes,outer2leftmirrorback,285,0,0,2,True,False,True,0.8704010944670204,0.0
unsafe_writes,outer2leftmirrorback,286,0,0,2,True,False,True,0.0,0.0
unsafe_writes,outer2leftmirrorback,304,0,0,2,True,False,True,0.0,0.0
unsafe_writes,outer2leftmirrorback,305,0,0,2,True,False,True,0.0,0.0
unsafe_writes,outer2leftmirrorback,308,0,1,0,False,False,True,0.0,0.5843177489077783
unsafe_writes,outer2leftmirrorback,310,0,0,0,False,False,True,0.8907416513105764,0.0
unsafe_writes,outer2leftmirrorback,333,0,1,0,False,False,True,0.0,0.7420633781160659
unsafe_writes,outer2leftmirrorback,454,0,0,2,True,False,True,0.4339011157343296,0.4339011157343296
unsafe_writes,outer2leftmirrorback,460,0,0,0,False,False,True,0.0,0.8294322915543413
unsafe_writes,outer2leftmirrorback,492,0,0,2,True,False,True,0.4071284003917897,0.4071284003917897
unsafe_writes,outer2leftmirrorback,520,0,0,2,True,False,True,0.0,0.0
unsafe_writes,outer2leftmirrorback,532,0,0,2,True,False,True,0.0,0.0
unsafe_writes,outer2leftmirrorback,736,0,0,2,True,False,True,0.3425872225416552,0.3425872225416552
unsafe_writes,outer2leftmirrorback,737,0,0,2,True,False,True,0.15403561652776926,0.15403561652776926
unsafe_writes,outer2leftmirrorback,738,0,0,2,True,False,True,0.2358090837230152,0.2358090837230152
unsafe_writes,outer2leftmirrorback,742,0,0,2,True,False,True,0.34446915570276837,0.34446915570276837
unsafe_writes,outer2leftmirrorback,773,0,0,2,True,False,True,0.715406173701843,0.715406173701843
unsafe_writes,outer2leftmirrorback,774,0,0,2,True,False,True,0.2592641662258338,0.2592641662258338
unsafe_writes,outer2leftmirrorback,775,0,0,2,True,False,True,0.35103334393784424,0.35103334393784424
unsafe_writes,outer2leftmirrorback,776,0,0,2,True,False,True,0.44669205190837924,0.44669205190837924
unsafe_writes,outer2leftmirrorback,783,0,0,2,True,False,True,0.45305525808730346,0.45305525808730346
unsafe_writes,outer2leftmirrorback,919,0,0,2,True,False,True,0.1903526992485793,0.1903526992485793
unsafe_writes,outer2leftmirrorback,920,0,0,2,True,False,True,0.2002826058058678,0.2002826058058678
unsafe_writes,outer2leftmirrorback,921,0,0,2,True,False,True,0.42674179129405515,0.42674179129405515
unsafe_writes,outer2leftmirrorback,922,0,0,2,True,False,True,0.3823742255092719,0.3823742255092719
unsafe_writes,outer2leftmirrorback,923,0,0,2,True,False,True,0.2268014114162211,0.2268014114162211
unsafe_writes,outer2leftmirrorback,924,0,0,2,True,False,True,0.1604642852856957,0.1604642852856957
unsafe_writes,outer2leftmirrorback,925,0,0,2,True,False,True,0.2606847227690507,0.2606847227690507
unsafe_writes,outer2leftmirrorback,929,0,0,2,True,False,True,0.22377850002145877,0.22377850002145877
unsafe_writes,outer2leftmirrorback,931,0,0,2,True,False,True,0.061939611325101916,0.061939611325101916
unsafe_writes,outer2leftmirrorback,1151,0,0,2,True,False,True,0.6014701900501169,0.6014701900501169
unsafe_writes,outer2leftmirrorback,1159,0,0,2,True,False,True,0.16499086238427713,0.16499086238427713
unsafe_writes,outer2leftmirrorback,1163,0,0,0,False,False,True,0.004988039738972085,0.35632476019936016
unsafe_writes,outer2leftmirrorback,1258,0,0,2,True,False,True,0.23937949363992062,0.23937949363992062
unsafe_writes,outer2leftmirrorback,1259,0,0,2,True,False,True,0.1985001474569193,0.1985001474569193
unsafe_writes,outer2leftmirrorback,1263,0,0,2,True,False,True,0.2888641449237669,0.2888641449237669
unsafe_writes,outer2leftmirrorback,1303,0,0,2,True,False,True,0.3686480922916713,0.3686480922916713
unsafe_writes,outer2leftmirrorback,1326,0,1,0,False,False,True,0.8647736351029331,0.0
unsafe_writes,outer2leftmirrorback,1328,0,0,2,True,False,True,0.0,0.0
unsafe_writes,outer2leftmirrorback,1330,0,0,2,True,False,True,0.0,0.0
unsafe_writes,outer2leftmirrorback,1331,0,0,2,True,False,True,0.0,0.7312946883006818
unsafe_writes,outer2leftmirrorback,1335,0,1,0,False,False,True,0.8494607221617442,0.0
unsafe_writes,outer2leftmirrorback,1337,0,0,2,True,False,True,0.0,0.5398522851589314
unsafe_writes,outer2leftmirrorback,1341,0,0,2,True,False,True,0.5835524538997998,0.5835524538997998
unsafe_writes,outer2leftmirrorback,1356,0,1,0,False,False,True,0.7526447546674292,0.0
unsafe_writes,outer2leftmirrorback,1358,0,0,0,False,False,True,0.0,0.7517430587865181
unsafe_writes,outer2leftmirrorback,1448,0,0,0,False,False,True,0.5833417435596299,0.11596447213204641
unsafe_writes,outer2leftmirrorback,1502,0,0,2,True,False,True,0.5425275447962145,0.5425275447962145
unsafe_writes,outer2leftmirrorback,1602,0,1,0,False,False,True,0.0,0.49610639826146125
unsafe_writes,outer2leftmirrorback,1617,0,0,0,False,False,True,0.8047831793122526,0.06993083270296571
unsafe_writes,outer2leftmirrorback,1661,0,1,0,False,False,True,0.8236672961455751,0.017539217580156054
unsafe_writes,outer2leftmirrorback,1663,0,0,0,False,False,True,0.08405889288290311,0.9343226280417162
unsafe_writes,outer2leftmirrorback,1692,0,1,0,False,False,True,0.6325566231497455,0.0
unsafe_writes,outer2leftmirrorback,1724,0,0,2,True,False,True,0.47403551634887764,0.47403551634887764
unsafe_writes,outer2leftmirrorback,1739,0,0,2,True,False,True,0.03190813878687942,0.03190813878687942
unsafe_writes,outer2leftmirrorback,1740,0,0,0,False,False,True,0.0,0.6725959290191424
unsafe_writes,outer2leftmirrorback,1783,0,0,0,False,False,True,0.8553138252635953,0.06338332154475218
unsafe_writes,outer2leftmirrorback,1795,0,0,2,True,False,True,0.2844693263682742,0.2844693263682742
unsafe_writes,outer2leftmirrorback,1816,0,0,0,False,False,True,0.802313247861195,0.2158766109950286
unsafe_writes,outer2leftmirrorback,1818,0,0,0,False,False,True,0.08807928407820982,0.7074641374607797
unsafe_writes,outer2leftmirrorback,1883,0,1,0,False,False,True,0.844707699639868,0.0006466942987017229
unsafe_writes,outer2leftmirrorback,1915,0,0,2,True,False,True,0.5726965772468584,0.5726965772468584
unsafe_writes,rightbiggreenboy,42,0,1,0,False,False,True,0.9049494550285859,0.0
unsafe_writes,rightbiggreenboy,44,0,1,0,False,False,True,0.8754591940931266,0.0
unsafe_writes,rightbiggreenboy,46,0,1,0,False,False,True,0.8800388178903239,0.0
unsafe_writes,rightbiggreenboy,48,0,1,0,False,False,True,0.9215770910331298,0.0
unsafe_writes,rightbiggreenboy,49,0,0,0,False,False,True,0.8774028061149655,0.0
unsafe_writes,rightbiggreenboy,51,0,1,0,False,False,True,0.8673459853203334,0.0
unsafe_writes,rightbiggreenboy,64,0,1,0,False,False,True,0.8328525984498537,0.0
unsafe_writes,rightbiggreenboy,65,0,0,2,True,False,True,0.0,0.0
unsafe_writes,rightbiggreenboy,66,0,0,2,True,False,True,0.0,0.0
unsafe_writes,rightbiggreenboy,67,0,0,2,True,False,True,0.0,0.0
unsafe_writes,rightbiggreenboy,68,0,1,2,True,False,True,0.0,0.8848382411124107
unsafe_writes,rightbiggreenboy,197,0,1,0,False,False,True,0.838133071300846,0.0
unsafe_writes,rightbiggreenboy,203,0,0,2,True,False,True,0.0,0.0
unsafe_writes,rightbiggreenboy,204,0,0,2,True,False,True,0.0,0.0
unsafe_writes,rightbiggreenboy,205,0,0,2,True,False,True,0.0,0.0
unsafe_writes,rightbiggreenboy,207,0,0,2,True,False,True,0.0,0.0
unsafe_writes,rightbiggreenboy,211,0,1,0,False,False,True,0.0,0.793031939170753
unsafe_writes,rightbiggreenboy,217,0,1,0,False,False,True,0.7867556697877206,0.0
unsafe_writes,rightbiggreenboy,218,0,0,2,True,False,True,0.0,0.0
unsafe_writes,rightbiggreenboy,219,0,0,2,True,False,True,0.0,0.0
unsafe_writes,rightbiggreenboy,221,0,0,2,True,False,True,0.0,0.0
unsafe_writes,rightbiggreenboy,223,0,0,2,True,False,True,0.0,0.0
unsafe_writes,rightbiggreenboy,227,0,0,2,True,False,True,0.8403737824558133,0.8403737824558133
unsafe_writes,rightbiggreenboy,232,0,0,2,True,False,True,0.8471329492345018,0.8471329492345018
unsafe_writes,rightbiggreenboy,265,0,0,2,True,False,True,0.0,0.0
unsafe_writes,rightbiggreenboy,266,0,0,2,True,False,True,0.0,0.0
unsafe_writes,rightbiggreenboy,267,0,0,2,True,False,True,0.0,0.0
unsafe_writes,rightbiggreenboy,268,0,0,2,True,False,True,0.0,0.0
unsafe_writes,rightbiggreenboy,269,0,0,2,True,False,True,0.0,0.0
unsafe_writes,rightbiggreenboy,270,0,0,2,True,False,True,0.0,0.0
unsafe_writes,rightbiggreenboy,271,0,0,2,True,False,True,0.0,0.0
unsafe_writes,rightbiggreenboy,274,0,0,2,True,False,True,0.0,0.0
unsafe_writes,rightbiggreenboy,275,0,0,2,True,False,True,0.0,0.0
unsafe_writes,rightbiggreenboy,276,0,0,2,True,False,True,0.0,0.0
unsafe_writes,rightbiggreenboy,277,0,0,2,True,False,True,0.0,0.0
unsafe_writes,rightbiggreenboy,278,0,0,2,True,False,True,0.0,0.0
unsafe_writes,rightbiggreenboy,279,0,0,2,True,False,True,0.0,0.0
unsafe_writes,rightbiggreenboy,280,0,0,2,True,False,True,0.0,0.0
unsafe_writes,rightbiggreenboy,281,0,0,2,True,False,True,0.0,0.0
unsafe_writes,rightbiggreenboy,283,0,0,2,True,False,True,0.0,0.0
unsafe_writes,rightbiggreenboy,284,0,0,0,False,False,True,0.0,0.0
unsafe_writes,rightbiggreenboy,285,0,0,2,True,False,True,0.0,0.0
unsafe_writes,rightbiggreenboy,286,0,0,2,True,False,True,0.0,0.0
unsafe_writes,rightbiggreenboy,335,0,0,2,True,False,True,0.0,0.0
unsafe_writes,rightbiggreenboy,342,0,0,2,True,False,True,0.0,0.0
unsafe_writes,rightbiggreenboy,390,0,0,2,True,False,True,0.0,0.0
unsafe_writes,rightbiggreenboy,392,0,0,2,True,False,True,0.0,0.0
unsafe_writes,rightbiggreenboy,393,0,0,2,True,False,True,0.0,0.0
unsafe_writes,rightbiggreenboy,394,0,0,2,True,False,True,0.0,0.0
unsafe_writes,rightbiggreenboy,401,0,0,2,True,False,True,0.0,0.0
unsafe_writes,rightbiggreenboy,403,0,0,2,True,False,True,0.0,0.0
unsafe_writes,rightbiggreenboy,404,0,0,2,True,False,True,0.0,0.0
unsafe_writes,rightbiggreenboy,405,0,0,2,True,False,True,0.03598804111637291,0.03598804111637291
unsafe_writes,rightbiggreenboy,406,0,0,2,True,False,True,0.11901588841944166,0.11901588841944166
unsafe_writes,rightbiggreenboy,407,0,0,2,True,False,True,0.07390117889427622,0.07390117889427622
unsafe_writes,rightbiggreenboy,408,0,0,2,True,False,True,0.15917553797118658,0.15917553797118658
unsafe_writes,rightbiggreenboy,409,0,0,2,True,False,True,0.23507155957110526,0.23507155957110526
unsafe_writes,rightbiggreenboy,411,0,0,2,True,False,True,0.2867979655816303,0.2867979655816303
unsafe_writes,rightbiggreenboy,413,0,0,2,True,False,True,0.18888954381948775,0.18888954381948775
unsafe_writes,rightbiggreenboy,414,0,0,2,True,False,True,0.27967879632510395,0.27967879632510395
unsafe_writes,rightbiggreenboy,415,0,0,2,True,False,True,0.4342584949824943,0.4342584949824943
unsafe_writes,rightbiggreenboy,416,0,0,2,True,False,True,0.4354704127218691,0.4354704127218691
unsafe_writes,rightbiggreenboy,417,0,0,2,True,False,True,0.5877573322469914,0.5877573322469914
unsafe_writes,rightbiggreenboy,418,0,0,2,True,False,True,0.44363856696606013,0.44363856696606013
unsafe_writes,rightbiggreenboy,419,0,0,2,True,False,True,0.33617059099373076,0.33617059099373076
unsafe_writes,rightbiggreenboy,420,0,0,2,True,False,True,0.24648018679573702,0.24648018679573702
unsafe_writes,rightbiggreenboy,421,0,0,2,True,False,True,0.21296959858323197,0.21296959858323197
unsafe_writes,rightbiggreenboy,426,0,0,2,True,False,True,0.10562023302791133,0.10562023302791133
unsafe_writes,rightbiggreenboy,427,0,0,0,False,False,True,0.1305412483392933,0.5685028362685274
unsafe_writes,rightbiggreenboy,428,0,0,2,True,False,True,0.18694015503667583,0.18694015503667583
unsafe_writes,rightbiggreenboy,441,0,1,0,False,False,True,0.2856254172403327,0.0
unsafe_writes,rightbiggreenboy,444,0,0,2,True,False,True,0.0,0.0
unsafe_writes,rightbiggreenboy,445,0,1,2,True,False,True,0.0,0.46820892587153495
unsafe_writes,rightbiggreenboy,446,0,0,2,True,False,True,0.5659049426025996,0.5659049426025996
unsafe_writes,rightbiggreenboy,447,0,1,0,False,False,True,0.5689291783577201,0.0
unsafe_writes,rightbiggreenboy,449,0,1,0,False,False,True,0.0,0.0
unsafe_writes,rightbiggreenboy,450,0,1,0,False,False,True,0.0,0.0
unsafe_writes,rightbiggreenboy,452,0,0,2,True,False,True,0.0,0.0
unsafe_writes,rightbiggreenboy,453,0,0,2,True,False,True,0.0,0.0
unsafe_writes,rightbiggreenboy,454,0,0,2,True,False,True,0.0,0.0
unsafe_writes,rightbiggreenboy,455,0,0,2,True,False,True,0.0,0.0
unsafe_writes,rightbiggreenboy,456,0,0,2,True,False,True,0.0,0.0
unsafe_writes,rightbiggreenboy,457,0,0,2,True,False,True,0.48600034424515354,0.48600034424515354
unsafe_writes,rightbiggreenboy,458,0,0,2,True,False,True,0.7295985079146567,0.7295985079146567
unsafe_writes,rightbiggreenboy,459,0,0,2,True,False,True,0.45122471389238283,0.45122471389238283
unsafe_writes,rightbiggreenboy,466,0,0,2,True,False,True,0.0,0.0
unsafe_writes,rightbiggreenboy,467,0,0,2,True,False,True,0.0,0.0
unsafe_writes,rightbiggreenboy,468,0,0,2,True,False,True,0.0,0.0
unsafe_writes,rightbiggreenboy,469,0,0,2,True,False,True,0.20102997945211565,0.20102997945211565
unsafe_writes,rightbiggreenboy,470,0,0,2,True,False,True,0.38781176717195553,0.38781176717195553
unsafe_writes,rightbiggreenboy,471,0,0,2,True,False,True,0.6982773678409023,0.6982773678409023
unsafe_writes,rightbiggreenboy,472,0,0,2,True,False,True,0.7717585679164399,0.7717585679164399
unsafe_writes,rightbiggreenboy,473,0,1,2,True,False,True,0.7523164866522779,0.0
unsafe_writes,rightbiggreenboy,476,0,0,2,True,False,True,0.0,0.0
unsafe_writes,rightbiggreenboy,477,0,1,0,False,False,True,0.0,0.0
unsafe_writes,rightbiggreenboy,478,0,1,2,True,False,True,0.0,0.0
unsafe_writes,rightbiggreenboy,479,0,0,2,True,False,True,0.0,0.0
unsafe_writes,rightbiggreenboy,480,0,0,2,True,False,True,0.0,0.0
unsafe_writes,rightbiggreenboy,481,0,0,2,True,False,True,0.0,0.0
unsafe_writes,rightbiggreenboy,482,0,0,2,True,False,True,0.0,0.0
unsafe_writes,rightbiggreenboy,483,0,0,2,True,False,True,0.0,0.0
unsafe_writes,rightbiggreenboy,485,0,0,2,True,False,True,0.0,0.0
unsafe_writes,rightbiggreenboy,486,0,0,2,True,False,True,0.0,0.0
unsafe_writes,rightbiggreenboy,487,0,0,2,True,False,True,0.0,0.0
unsafe_writes,rightbiggreenboy,489,0,0,2,True,False,True,0.0,0.0
unsafe_writes,rightbiggreenboy,490,0,0,2,True,False,True,0.0,0.0
unsafe_writes,rightbiggreenboy,491,2,0,2,True,False,True,0.0,0.0
unsafe_writes,rightbiggreenboy,492,0,1,0,False,False,True,0.0,0.0
unsafe_writes,rightbiggreenboy,493,0,0,2,True,False,True,0.0,0.0
unsafe_writes,rightbiggreenboy,494,0,0,2,True,False,True,0.0,0.0
unsafe_writes,rightbiggreenboy,495,0,0,2,True,False,True,0.0,0.0
unsafe_writes,rightbiggreenboy,496,0,0,2,True,False,True,0.0,0.0
unsafe_writes,rightbiggreenboy,498,0,0,2,True,False,True,0.0,0.0
unsafe_writes,rightbiggreenboy,500,0,0,2,True,False,True,0.0,0.0
unsafe_writes,rightbiggreenboy,501,0,0,2,True,False,True,0.0,0.0
unsafe_writes,rightbiggreenboy,502,0,0,2,True,False,True,0.0,0.0
unsafe_writes,rightbiggreenboy,504,0,0,2,True,False,True,0.0,0.0
unsafe_writes,rightbiggreenboy,505,0,0,2,True,False,True,0.0,0.0
unsafe_writes,rightbiggreenboy,506,0,0,2,True,False,True,0.0,0.0
unsafe_writes,rightbiggreenboy,507,0,0,2,True,False,True,0.0,0.0
unsafe_writes,rightbiggreenboy,508,2,2,2,True,False,True,0.0,0.0
unsafe_writes,rightbiggreenboy,509,0,0,2,True,False,True,0.0,0.0
unsafe_writes,rightbiggreenboy,512,0,1,0,False,False,True,0.0,0.0
unsafe_writes,rightbiggreenboy,513,0,0,2,True,False,True,0.0,0.0
unsafe_writes,rightbiggreenboy,514,0,1,0,False,False,True,0.0,0.0
unsafe_writes,rightbiggreenboy,521,0,0,2,True,False,True,0.0,0.0
unsafe_writes,rightbiggreenboy,522,0,0,2,True,False,True,0.0,0.0
unsafe_writes,rightbiggreenboy,524,0,0,2,True,False,True,0.0,0.0
unsafe_writes,rightbiggreenboy,525,0,0,2,True,False,True,0.0,0.0
unsafe_writes,rightbiggreenboy,526,0,0,2,True,False,True,0.0,0.0
unsafe_writes,rightbiggreenboy,533,0,0,2,True,False,True,0.0,0.0
unsafe_writes,rightbiggreenboy,534,2,0,2,True,False,True,0.0,0.0
unsafe_writes,rightbiggreenboy,535,0,0,2,True,False,True,0.0,0.0
unsafe_writes,rightbiggreenboy,549,0,1,0,False,False,True,0.0,0.0
unsafe_writes,rightbiggreenboy,550,0,1,0,False,False,True,0.0,0.0
unsafe_writes,rightbiggreenboy,553,0,0,2,True,False,True,0.0,0.0
unsafe_writes,rightbiggreenboy,555,0,1,0,False,False,True,0.0,0.0
unsafe_writes,rightbiggreenboy,556,2,2,2,True,False,True,0.0,0.0
unsafe_writes,rightbiggreenboy,609,0,1,0,False,False,True,0.0,0.0
unsafe_writes,rightbiggreenboy,614,0,1,0,False,False,True,0.0,0.0
unsafe_writes,rightbiggreenboy,618,0,0,2,True,False,True,0.0,0.0
unsafe_writes,rightbiggreenboy,642,0,0,0,False,False,True,0.0,0.0
unsafe_writes,rightbiggreenboy,646,0,1,0,False,False,True,0.0,0.0
unsafe_writes,rightbiggreenboy,647,0,1,0,False,False,True,0.0,0.0
unsafe_writes,rightbiggreenboy,656,0,1,0,False,False,True,0.0,0.0
unsafe_writes,rightbiggreenboy,657,0,1,0,False,False,True,0.0,0.0
unsafe_writes,rightbiggreenboy,661,0,0,2,True,False,True,0.0,0.0
unsafe_writes,rightbiggreenboy,662,0,0,2,True,False,True,0.0,0.0
unsafe_writes,rightbiggreenboy,667,0,0,2,True,False,True,0.0,0.0
unsafe_writes,rightbiggreenboy,668,0,0,2,True,False,True,0.0,0.0
unsafe_writes,rightbiggreenboy,669,0,0,2,True,False,True,0.0,0.0
unsafe_writes,rightbiggreenboy,670,0,0,2,True,False,True,0.0,0.0
unsafe_writes,rightbiggreenboy,671,0,0,2,True,False,True,0.0,0.0
unsafe_writes,rightbiggreenboy,672,0,0,2,True,False,True,0.0,0.0
unsafe_writes,rightbiggreenboy,673,0,0,2,True,False,True,0.0,0.0
unsafe_writes,rightbiggreenboy,674,0,0,2,True,False,True,0.0,0.0
unsafe_writes,rightbiggreenboy,692,0,0,2,True,False,True,0.0,0.0
unsafe_writes,rightbiggreenboy,693,0,0,2,True,False,True,0.0,0.0
unsafe_writes,rightbiggreenboy,694,0,0,2,True,False,True,0.0,0.0
unsafe_writes,rightbiggreenboy,695,0,0,2,True,False,True,0.0,0.0
unsafe_writes,rightbiggreenboy,696,0,0,2,True,False,True,0.0,0.0
unsafe_writes,rightbiggreenboy,708,0,1,0,False,False,True,0.0,0.0
unsafe_writes,rightbiggreenboy,719,0,0,2,True,False,True,0.4307470848857776,0.4307470848857776
unsafe_writes,rightbiggreenboy,760,0,1,0,False,False,True,0.0,0.5262124063487948
unsafe_writes,rightbiggreenboy,761,0,0,2,True,False,True,0.49348350999286,0.49348350999286
unsafe_writes,rightbiggreenboy,762,0,0,2,True,False,True,0.5602515963164781,0.5602515963164781
unsafe_writes,rightbiggreenboy,763,0,0,2,True,False,True,0.6351926638664444,0.6351926638664444
unsafe_writes,rightbiggreenboy,764,0,0,2,True,False,True,0.8223161847150918,0.8223161847150918
unsafe_writes,rightbiggreenboy,765,0,2,2,True,False,True,0.5648398727449784,0.0
unsafe_writes,rightbiggreenboy,769,0,1,0,False,False,True,0.0,0.01870640552105926
unsafe_writes,rightbiggreenboy,771,0,1,2,True,False,True,0.0,0.8331724024139434
unsafe_writes,rightbiggreenboy,773,0,1,0,False,False,True,0.5925632984666641,0.0
unsafe_writes,rightbiggreenboy,776,0,0,2,True,False,True,0.7177799121789993,0.7177799121789993
unsafe_writes,rightbiggreenboy,777,0,0,2,True,False,True,0.6972101802265338,0.6972101802265338
unsafe_writes,rightbiggreenboy,780,0,0,2,True,False,True,0.8706537753579144,0.8706537753579144
unsafe_writes,rightbiggreenboy,785,0,1,2,True,False,True,0.8379275489088326,0.0
unsafe_writes,rightbiggreenboy,787,0,1,0,False,False,True,0.0,0.8712877138792351
unsafe_writes,rightbiggreenboy,789,0,0,0,False,False,True,0.9081364663706315,0.0
unsafe_writes,rightbiggreenboy,792,0,0,2,True,False,True,0.9016127190436305,0.9016127190436305
unsafe_writes,rightbiggreenboy,801,0,0,2,True,False,True,0.3048509522256158,0.3048509522256158
unsafe_writes,rightbiggreenboy,803,0,0,2,True,False,True,0.5472320921122192,0.5472320921122192
unsafe_writes,rightbiggreenboy,804,0,0,2,True,False,True,0.8874668659553001,0.8874668659553001
unsafe_writes,rightbiggreenboy,820,0,0,2,True,False,True,0.16308837804553955,0.16308837804553955
unsafe_writes,rightbiggreenboy,821,0,0,2,True,False,True,0.0,0.0
unsafe_writes,rightbiggreenboy,822,2,1,2,True,False,True,0.0,0.0
unsafe_writes,rightbiggreenboy,825,0,0,0,False,False,True,0.0,0.8050186922889349
unsafe_writes,rightboy`shead,185,0,0,2,True,False,True,0.8099641185101232,0.8099641185101232
unsafe_writes,rightboy`shead,237,0,0,0,False,False,True,0.7947300959758324,0.01745245409058362
unsafe_writes,rightboy`shead,240,0,0,0,False,False,True,0.8329373159852197,0.0
unsafe_writes,rightboy`shead,245,0,0,0,False,False,True,0.7500032878645092,0.0
unsafe_writes,rightboy`shead,246,0,1,0,False,False,True,0.0,0.53255152675565
unsafe_writes,rightboy`shead,250,0,1,0,False,False,True,0.7023675960738028,0.0
unsafe_writes,rightboy`shead,251,0,3,0,False,False,True,0.0,0.0
unsafe_writes,rightboy`shead,252,0,0,2,True,False,True,0.0,0.0
unsafe_writes,rightboy`shead,253,0,0,2,True,False,True,0.0,0.0
unsafe_writes,rightboy`shead,255,0,0,2,True,False,True,0.0,0.0
unsafe_writes,rightboy`shead,258,0,2,0,False,False,True,0.0,0.0
unsafe_writes,rightboy`shead,261,0,1,0,False,False,True,0.0,0.0
unsafe_writes,rightboy`shead,262,0,2,2,True,False,True,0.0,0.0
unsafe_writes,rightboy`shead,263,0,1,2,True,False,True,0.0,0.0
unsafe_writes,rightboy`shead,264,0,1,0,False,False,True,0.0,0.0
unsafe_writes,rightboy`shead,266,0,1,2,True,False,True,0.0,0.0
unsafe_writes,rightboy`shead,267,0,0,2,True,False,True,0.0,0.0
unsafe_writes,rightboy`shead,268,2,0,2,True,False,True,0.0,0.0
unsafe_writes,rightboy`shead,269,0,0,2,True,False,True,0.0,0.0
unsafe_writes,rightboy`shead,270,0,0,2,True,False,True,0.0,0.0
unsafe_writes,rightboy`shead,271,0,0,2,True,False,True,0.0,0.0
unsafe_writes,rightboy`shead,274,0,0,2,True,False,True,0.0,0.0
unsafe_writes,rightboy`shead,277,0,3,0,False,False,True,0.0,0.27979748559440826
unsafe_writes,rightboy`shead,278,0,0,2,True,False,True,0.7278280394842863,0.7278280394842863
unsafe_writes,rightboy`shead,279,0,0,2,True,False,True,0.6830842075004963,0.6830842075004963
unsafe_writes,rightboy`shead,280,0,1,2,True,False,True,0.6908788999513819,0.0
unsafe_writes,rightboy`shead,281,0,0,0,False,False,True,0.0,0.0
unsafe_writes,rightboy`shead,282,0,3,0,False,False,True,0.0,0.0
unsafe_writes,rightboy`shead,283,2,3,2,True,False,True,0.0,0.0
unsafe_writes,rightboy`shead,284,0,1,0,False,False,True,0.0,0.0
unsafe_writes,rightboy`shead,285,0,4,0,False,False,True,0.0,0.0
unsafe_writes,rightboy`shead,286,0,3,0,False,False,True,0.0,0.0
unsafe_writes,rightboy`shead,287,0,1,0,False,False,True,0.0,0.0
unsafe_writes,rightboy`shead,288,0,2,0,False,False,True,0.0,0.0
unsafe_writes,rightboy`shead,289,2,1,2,True,False,True,0.0,0.0
unsafe_writes,rightboy`shead,291,0,0,2,True,False,True,0.0,0.0
unsafe_writes,rightboy`shead,293,0,0,2,True,False,True,0.0,0.0
unsafe_writes,rightboy`shead,294,0,0,2,True,False,True,0.0,0.0
unsafe_writes,rightboy`shead,295,0,3,2,True,False,True,0.0,0.0
unsafe_writes,rightboy`shead,297,0,4,0,False,False,True,0.0,0.0
unsafe_writes,rightboy`shead,298,0,1,2,True,False,True,0.0,0.0
unsafe_writes,rightboy`shead,299,0,2,0,False,False,True,0.0,0.0
unsafe_writes,rightboy`shead,302,0,0,2,True,False,True,0.0,0.0
unsafe_writes,rightboy`shead,303,0,0,2,True,False,True,0.0,0.0
unsafe_writes,rightboy`shead,306,0,0,2,True,False,True,0.0,0.0
unsafe_writes,rightboy`shead,310,2,1,2,True,False,True,0.0,0.0
unsafe_writes,rightboy`shead,314,0,2,0,False,False,True,0.0,0.0
unsafe_writes,rightboy`shead,315,0,1,2,True,False,True,0.0,0.0
unsafe_writes,rightboy`shead,318,0,1,0,False,False,True,0.0,0.0
unsafe_writes,rightholdball1096,368,2,0,2,True,False,False,,
unsafe_writes,rightholdball1096,437,2,0,2,True,False,True,0.0,0.8042753973527799
unsafe_writes,rightholdball1096,1075,0,0,2,True,False,True,0.8547258418385374,0.8547258418385374
unsafe_writes,rightholdball1096,1084,0,0,0,False,False,True,0.7828566881406209,0.0
unsafe_writes,rightredboy,383,0,0,2,True,False,True,0.6206961622314433,0.6206961622314433
unsafe_writes,rightredboy,384,0,0,2,True,False,True,0.4329256636238328,0.4329256636238328
unsafe_writes,rightredboy,385,0,0,2,True,False,True,0.6006786640754892,0.6006786640754892
unsafe_writes,rightredboy,386,0,0,2,True,False,True,0.5815428914566841,0.5815428914566841
unsafe_writes,rightredboy,387,0,0,2,True,False,True,0.3534760726003103,0.3534760726003103
unsafe_writes,rightredboy,388,0,0,2,True,False,True,0.24973447764203047,0.24973447764203047
unsafe_writes,rightshiningmirror,467,0,1,0,False,False,True,0.04396720634046931,0.5739815767441291
unsafe_writes,rightshiningmirror,496,2,0,2,True,False,True,0.5804116205464404,0.0
unsafe_writes,rightshiningmirror,523,0,0,2,True,False,True,0.0,0.0
unsafe_writes,rightshiningmirror,525,0,0,2,True,False,True,0.00837885216753909,0.00837885216753909
unsafe_writes,rightshiningmirror,526,0,0,2,True,False,True,0.3937029650851265,0.3937029650851265
unsafe_writes,rightshiningmirror,554,0,1,2,True,False,True,0.15669244404644822,0.0
unsafe_writes,rightshiningmirror,555,0,3,0,False,False,True,0.0,0.0
unsafe_writes,rightshiningmirror,556,0,1,2,True,False,True,0.0,0.0
unsafe_writes,rightshiningmirror,559,0,0,2,True,False,True,0.0,0.0
unsafe_writes,rightshiningmirror,560,0,0,2,True,False,True,0.0,0.0
unsafe_writes,rightshiningmirror,569,0,0,2,True,False,True,0.0,0.0
unsafe_writes,rightshiningmirror,570,0,0,2,True,False,True,0.0,0.0
unsafe_writes,rightshiningmirror,571,0,0,2,True,False,True,0.02341177520029375,0.02341177520029375
unsafe_writes,rightshiningmirror,572,0,0,2,True,False,True,0.2525329257951258,0.2525329257951258
unsafe_writes,rightshiningmirror,574,2,0,2,True,False,True,0.3596992435245827,0.17169527239458512
unsafe_writes,rightshiningmirror,575,0,0,2,True,False,True,0.22680169973416436,0.22680169973416436
unsafe_writes,rightshiningmirror,576,0,0,2,True,False,True,0.23324630399656957,0.23324630399656957
unsafe_writes,rightshiningmirror,577,0,0,2,True,False,True,0.3478427536097328,0.3478427536097328
unsafe_writes,rightshiningmirror,593,0,1,0,False,False,True,0.6530478798816086,0.15622065136781288
unsafe_writes,rightshiningmirror,594,0,0,2,True,False,True,0.16611697258089692,0.16611697258089692
unsafe_writes,rightshiningmirror,595,2,0,2,True,False,True,0.21273869193107858,0.16863160185438653
unsafe_writes,rightshiningmirror,596,2,0,2,True,False,True,0.27902883436472065,0.1442584663636496
unsafe_writes,rightshiningmirror,597,0,0,2,True,False,True,0.28559935668155934,0.28559935668155934
unsafe_writes,rightshiningmirror,598,0,0,2,True,False,True,0.5761091136209541,0.5761091136209541
unsafe_writes,rightshiningmirror,827,0,0,2,True,False,True,0.7355662120913079,0.7355662120913079
unsafe_writes,rightshiningmirror,829,2,0,2,True,False,True,0.41094465566650934,0.0
unsafe_writes,rightshiningmirror,833,0,0,2,True,False,True,0.0,0.0
unsafe_writes,rightshiningmirror,861,0,0,2,True,False,True,0.0,0.0
unsafe_writes,rightshiningmirror,865,0,0,2,True,False,True,0.0,0.0
unsafe_writes,rightshiningmirror,883,0,1,0,False,False,True,0.0,0.2330896316170775
unsafe_writes,righttallnine-gai,880,0,0,2,True,False,True,0.0,0.0
unsafe_writes,righttallnine-gai,881,0,0,2,True,False,True,0.0,0.8690452997199771
unsafe_writes,stripeman,131,0,0,2,True,False,True,0.0,0.6958461156459902
unsafe_writes,stripeman,133,2,0,2,True,False,True,0.0,0.2501748514616038
unsafe_writes,stripeman,134,0,0,2,True,False,True,0.3779556098089278,0.3779556098089278
unsafe_writes,stripeman,149,0,0,2,True,False,True,0.7117501277350894,0.7117501277350894
unsafe_writes,stripeman,150,0,1,2,True,False,True,0.7428916373246692,0.0
unsafe_writes,stripeman,153,0,0,2,True,False,True,0.0,0.8241762982960095
unsafe_writes,stripeman,155,0,2,0,False,False,True,0.5832801694009294,0.0
unsafe_writes,stripeman,156,2,2,2,True,False,True,0.0,0.43562691987811514
unsafe_writes,stripeman,158,0,0,2,True,False,True,0.3734888010870581,0.3734888010870581
unsafe_writes,stripeman,159,2,0,2,True,False,True,0.6217514584021848,0.6206215153998537
unsafe_writes,stripeman,200,0,0,2,True,False,True,0.5079645742833223,0.5079645742833223
unsafe_writes,stubesideswhitecar,22,0,0,2,True,False,True,0.795201808000451,0.795201808000451
unsafe_writes,stubesideswhitecar,24,0,0,2,True,False,True,0.7982314008622838,0.7982314008622838
unsafe_writes,stubesideswhitecar,25,2,2,2,True,False,True,0.7051522662201716,0.0
unsafe_writes,stubesideswhitecar,26,0,1,0,False,False,True,0.0,0.0
unsafe_writes,stubesideswhitecar,31,0,1,0,False,False,True,0.0,0.0
unsafe_writes,stubesideswhitecar,32,0,1,0,False,False,True,0.0,0.8087713249432223
unsafe_writes,stubesideswhitecar,35,0,0,2,True,False,True,0.8124033397281661,0.8124033397281661
unsafe_writes,stubesideswhitecar,40,0,0,2,True,False,True,0.8311368404816128,0.8311368404816128
unsafe_writes,stubesideswhitecar,45,0,1,0,False,False,True,0.0,0.43968907431023607
unsafe_writes,stubesideswhitecar,46,0,0,0,False,False,True,0.0,0.22936078664699736
unsafe_writes,stubesideswhitecar,51,0,2,0,False,False,True,0.0,0.0
unsafe_writes,stubesideswhitecar,53,0,1,2,True,False,True,0.0,0.0
unsafe_writes,stubesideswhitecar,65,0,0,2,True,False,True,0.0,0.0
unsafe_writes,stubesideswhitecar,67,0,0,0,False,False,True,0.0,0.0
unsafe_writes,stubesideswhitecar,76,0,1,0,False,False,True,0.0,0.0
unsafe_writes,stubesideswhitecar,77,0,1,2,True,False,True,0.0,0.0
unsafe_writes,stubesideswhitecar,78,0,0,2,True,False,True,0.0,0.0
unsafe_writes,stubesideswhitecar,81,0,1,2,True,False,True,0.0,0.0
unsafe_writes,stubesideswhitecar,82,0,0,2,True,False,True,0.0,0.0
unsafe_writes,stubesideswhitecar,83,0,1,0,False,False,True,0.0,0.0
unsafe_writes,stubesideswhitecar,84,0,0,0,False,False,True,0.0,0.0
unsafe_writes,stubesideswhitecar,92,0,0,2,True,False,True,0.0,0.0
unsafe_writes,stubesideswhitecar,94,0,0,2,True,False,True,0.0,0.0
unsafe_writes,stubesideswhitecar,95,0,0,2,True,False,True,0.0,0.0
unsafe_writes,stubesideswhitecar,109,0,0,2,True,False,True,0.0,0.0
unsafe_writes,stubesideswhitecar,110,0,1,0,False,False,True,0.0,0.0
unsafe_writes,stubesideswhitecar,111,0,1,2,True,False,True,0.0,0.0
unsafe_writes,stubesideswhitecar,115,0,2,2,True,False,True,0.0,0.0
unsafe_writes,stubesideswhitecar,116,0,1,0,False,False,True,0.0,0.0
unsafe_writes,stubesideswhitecar,117,0,0,0,False,False,True,0.0,0.0
unsafe_writes,stubesideswhitecar,118,2,0,2,True,False,True,0.0,0.03839677891528817
unsafe_writes,stubesideswhitecar,139,0,0,2,True,False,True,0.3245807282186471,0.3245807282186471
unsafe_writes,stubesideswhitecar,141,0,1,0,False,False,True,0.2588237802087581,0.506760249309667
unsafe_writes,suitcase,252,0,1,0,False,False,True,0.38310984015980093,0.0
unsafe_writes,suitcase,253,0,0,2,True,False,True,0.0,0.0
unsafe_writes,suitcase,258,0,0,2,True,False,True,0.5162880822546635,0.5162880822546635
unsafe_writes,suitcase,309,0,1,0,False,False,True,0.729872672852105,0.0
unsafe_writes,suitcase,310,0,0,0,False,False,True,0.0,0.615693743110555
unsafe_writes,suitcase,311,0,0,2,True,False,True,0.0,0.0
unsafe_writes,suitcase,314,0,0,0,False,False,True,0.0,0.7278835704043168
unsafe_writes,suitcase,315,0,0,2,True,False,True,0.0,0.0
unsafe_writes,suitcase,316,0,0,0,False,False,True,0.0,0.746872073387183
unsafe_writes,suitcase,322,0,1,0,False,False,True,0.7245153119047548,0.0
unsafe_writes,suitcase,323,0,0,2,True,False,True,0.0,0.0
unsafe_writes,suitcase,326,0,0,0,False,False,True,0.0,0.4274775625174081
unsafe_writes,suitcase,327,0,1,0,False,False,True,0.3862987395580531,0.0
unsafe_writes,suitcase,328,0,1,2,True,False,True,0.0,0.42050900782948564
unsafe_writes,suitcase,329,0,1,0,False,False,True,0.7697322148651407,0.0
unsafe_writes,suitcase,337,0,1,0,False,False,True,0.4221965959973852,0.0
unsafe_writes,suitcase,338,0,2,2,True,False,True,0.0,0.3377748519429228
unsafe_writes,suitcase,349,0,1,0,False,False,True,0.4796576645908587,0.0
unsafe_writes,suitcase,350,0,1,2,True,False,True,0.0,0.27249577173538764
unsafe_writes,suitcase,417,0,1,0,False,False,True,0.7416637577122618,0.0
unsafe_writes,suitcase,418,0,1,0,False,False,True,0.0,0.5202145029394315
unsafe_writes,suitcase,419,0,1,0,False,False,True,0.5165849174149654,0.0
unsafe_writes,suitcase,424,0,1,0,False,False,True,0.0,0.4927393831518599
unsafe_writes,suitcase,426,0,0,0,False,False,True,0.4174060853597062,0.0
unsafe_writes,suitcase,432,0,1,0,False,False,True,0.0,0.4711509978140921
unsafe_writes,suitcase,435,0,1,0,False,False,True,0.4424000708208325,0.0
unsafe_writes,suitcase,442,0,1,0,False,False,True,0.0,0.5178082739273244
unsafe_writes,tallboyblack,38,0,0,2,True,False,True,0.5159547980360906,0.5159547980360906
unsafe_writes,tallboyblack,39,0,0,2,True,False,True,0.5390313469777597,0.5390313469777597
unsafe_writes,tallboyblack,42,0,0,2,True,False,True,0.7883433750543727,0.7883433750543727
unsafe_writes,tallboyblack,45,0,0,2,True,False,True,0.7414892556097119,0.7414892556097119
unsafe_writes,waiterontheothersideofwindow,13,0,1,2,True,False,True,0.13547530164349864,0.0
unsafe_writes,waiterontheothersideofwindow,14,2,3,2,True,False,True,0.0,0.0
unsafe_writes,waiterontheothersideofwindow,15,2,1,2,True,False,True,0.0,0.0
unsafe_writes,waiterontheothersideofwindow,16,2,0,2,True,False,True,0.0,0.0
unsafe_writes,waiterontheothersideofwindow,18,0,1,2,True,False,True,0.0,0.0
unsafe_writes,waiterontheothersideofwindow,19,2,0,2,True,False,True,0.0,0.0
unsafe_writes,waiterontheothersideofwindow,21,2,0,2,True,False,True,0.0,0.0
unsafe_writes,waiterontheothersideofwindow,22,0,0,2,True,False,True,0.0,0.0
unsafe_writes,waiterontheothersideofwindow,23,0,0,2,True,False,True,0.0,0.0
unsafe_writes,waiterontheothersideofwindow,24,0,1,0,False,False,True,0.0,0.0
unsafe_writes,waiterontheothersideofwindow,25,2,0,2,True,False,True,0.0,0.0
unsafe_writes,waiterontheothersideofwindow,26,0,0,0,False,False,True,0.0,0.0
unsafe_writes,waiterontheothersideofwindow,27,2,0,2,True,False,True,0.0,0.0
unsafe_writes,waiterontheothersideofwindow,28,0,0,2,True,False,True,0.0,0.0
unsafe_writes,waiterontheothersideofwindow,29,2,0,2,True,False,True,0.0,0.0
unsafe_writes,waiterontheothersideofwindow,31,2,0,2,True,False,True,0.0,0.0
unsafe_writes,waiterontheothersideofwindow,34,2,1,2,True,False,True,0.0,0.0
unsafe_writes,waiterontheothersideofwindow,35,0,1,0,False,False,True,0.0,0.0
unsafe_writes,waiterontheothersideofwindow,36,0,0,2,True,False,True,0.0,0.0
unsafe_writes,waiterontheothersideofwindow,37,2,0,2,True,False,True,0.0,0.0
unsafe_writes,waiterontheothersideofwindow,38,0,1,0,False,False,True,0.0,0.0
unsafe_writes,waiterontheothersideofwindow,39,2,0,2,True,False,True,0.0,0.0
unsafe_writes,waiterontheothersideofwindow,40,0,1,0,False,False,True,0.0,0.0
unsafe_writes,waiterontheothersideofwindow,41,2,0,2,True,False,True,0.0,0.0
unsafe_writes,waiterontheothersideofwindow,42,0,0,0,False,False,True,0.0,0.0
unsafe_writes,waiterontheothersideofwindow,43,2,0,2,True,False,True,0.0,0.0
unsafe_writes,waiterontheothersideofwindow,44,0,0,2,True,False,True,0.0,0.0
unsafe_writes,waiterontheothersideofwindow,45,2,0,2,True,False,True,0.0,0.0
unsafe_writes,waiterontheothersideofwindow,46,0,1,0,False,False,True,0.0,0.0
unsafe_writes,waiterontheothersideofwindow,47,0,1,0,False,False,True,0.0,0.0
unsafe_writes,waiterontheothersideofwindow,48,2,0,2,True,False,True,0.0,0.0
unsafe_writes,waiterontheothersideofwindow,49,0,1,0,False,False,True,0.0,0.0
unsafe_writes,waiterontheothersideofwindow,50,2,1,2,True,False,True,0.0,0.0
unsafe_writes,waiterontheothersideofwindow,51,0,0,2,True,False,True,0.0,0.0
unsafe_writes,waiterontheothersideofwindow,52,0,0,2,True,False,True,0.0,0.0
unsafe_writes,waiterontheothersideofwindow,54,0,1,0,False,False,True,0.0,0.0
unsafe_writes,waiterontheothersideofwindow,55,0,0,2,True,False,True,0.0,0.0
unsafe_writes,waiterontheothersideofwindow,57,0,0,2,True,False,True,0.0,0.0
unsafe_writes,waiterontheothersideofwindow,58,0,0,2,True,False,True,0.0,0.0
unsafe_writes,waiterontheothersideofwindow,59,2,1,2,True,False,True,0.0,0.0
unsafe_writes,waiterontheothersideofwindow,60,0,1,0,False,False,True,0.0,0.0
unsafe_writes,waiterontheothersideofwindow,61,2,0,2,True,False,True,0.0,0.0
unsafe_writes,waiterontheothersideofwindow,62,0,0,0,False,False,True,0.0,0.0
unsafe_writes,waiterontheothersideofwindow,63,2,0,2,True,False,True,0.0,0.0
unsafe_writes,waiterontheothersideofwindow,64,2,0,2,True,False,True,0.0,0.0
unsafe_writes,waiterontheothersideofwindow,66,2,0,2,True,False,True,0.0,0.0
unsafe_writes,waiterontheothersideofwindow,68,2,0,2,True,False,True,0.0,0.0
unsafe_writes,waiterontheothersideofwindow,70,2,0,2,True,False,True,0.0,0.0
unsafe_writes,waiterontheothersideofwindow,72,2,0,2,True,False,True,0.0,0.0
unsafe_writes,waiterontheothersideofwindow,73,2,0,2,True,False,True,0.0,0.0
unsafe_writes,waiterontheothersideofwindow,76,2,0,2,True,False,True,0.0,0.0
unsafe_writes,waiterontheothersideofwindow,77,0,0,2,True,False,True,0.0,0.0
unsafe_writes,waiterontheothersideofwindow,78,0,0,2,True,False,True,0.0,0.0
unsafe_writes,waiterontheothersideofwindow,79,2,0,2,True,False,True,0.0,0.0
unsafe_writes,waiterontheothersideofwindow,80,0,0,2,True,False,True,0.0,0.0
unsafe_writes,waiterontheothersideofwindow,81,2,0,2,True,False,True,0.0,0.0
unsafe_writes,waiterontheothersideofwindow,82,0,0,2,True,False,True,0.0,0.0
unsafe_writes,waiterontheothersideofwindow,84,2,0,2,True,False,True,0.0,0.0
unsafe_writes,waiterontheothersideofwindow,85,0,0,2,True,False,True,0.0,0.0
unsafe_writes,waiterontheothersideofwindow,86,2,0,2,True,False,True,0.0,0.0
unsafe_writes,waiterontheothersideofwindow,87,2,0,2,True,False,True,0.0,0.0
unsafe_writes,waiterontheothersideofwindow,88,0,0,2,True,False,True,0.0,0.0
unsafe_writes,waiterontheothersideofwindow,89,2,0,2,True,False,True,0.0,0.0
unsafe_writes,waiterontheothersideofwindow,91,0,0,2,True,False,True,0.0,0.0
unsafe_writes,waiterontheothersideofwindow,92,2,1,2,True,False,True,0.0,0.0
unsafe_writes,waiterontheothersideofwindow,93,0,0,2,True,False,True,0.0,0.0
unsafe_writes,waiterontheothersideofwindow,94,0,0,2,True,False,True,0.0,0.0
unsafe_writes,waiterontheothersideofwindow,95,0,0,2,True,False,True,0.0,0.0
unsafe_writes,waiterontheothersideofwindow,96,2,0,2,True,False,True,0.0,0.0
unsafe_writes,waiterontheothersideofwindow,98,2,0,2,True,False,True,0.0,0.0
unsafe_writes,waiterontheothersideofwindow,99,0,0,2,True,False,True,0.0,0.0
unsafe_writes,waiterontheothersideofwindow,100,0,0,2,True,False,True,0.0,0.0
unsafe_writes,waiterontheothersideofwindow,101,2,0,2,True,False,True,0.0,0.0
unsafe_writes,waiterontheothersideofwindow,103,2,0,2,True,False,True,0.0,0.0
unsafe_writes,waiterontheothersideofwindow,106,2,0,2,True,False,True,0.0,0.0
unsafe_writes,waiterontheothersideofwindow,107,0,0,2,True,False,True,0.0,0.0
unsafe_writes,waiterontheothersideofwindow,108,2,0,2,True,False,True,0.0,0.0
unsafe_writes,waiterontheothersideofwindow,109,0,0,2,True,False,True,0.0,0.0
unsafe_writes,waiterontheothersideofwindow,110,2,0,2,True,False,True,0.0,0.0
unsafe_writes,waiterontheothersideofwindow,111,0,0,2,True,False,True,0.0,0.0
unsafe_writes,waiterontheothersideofwindow,112,2,0,2,True,False,True,0.0,0.0
unsafe_writes,waiterontheothersideofwindow,114,0,0,2,True,False,True,0.0,0.0
unsafe_writes,waiterontheothersideofwindow,115,2,1,2,True,False,True,0.0,0.0
unsafe_writes,waiterontheothersideofwindow,116,0,0,2,True,False,True,0.0,0.0
unsafe_writes,waiterontheothersideofwindow,117,0,0,0,False,False,True,0.0,0.0
unsafe_writes,waiterontheothersideofwindow,118,0,0,2,True,False,True,0.0,0.0
unsafe_writes,waiterontheothersideofwindow,119,0,1,0,False,False,True,0.0,0.0
unsafe_writes,waiterontheothersideofwindow,120,2,0,2,True,False,True,0.0,0.0
unsafe_writes,waiterontheothersideofwindow,121,2,0,2,True,False,True,0.0,0.0
unsafe_writes,waiterontheothersideofwindow,122,0,0,2,True,False,True,0.0,0.0
unsafe_writes,waiterontheothersideofwindow,123,0,0,2,True,False,True,0.0,0.0
unsafe_writes,waiterontheothersideofwindow,124,0,2,0,False,False,True,0.0,0.0
unsafe_writes,waiterontheothersideofwindow,125,0,2,2,True,False,True,0.0,0.0
unsafe_writes,waiterontheothersideofwindow,127,2,2,2,True,False,True,0.0,0.0
unsafe_writes,waiterontheothersideofwindow,128,2,0,2,True,False,True,0.0,0.0
unsafe_writes,waiterontheothersideofwindow,129,0,0,2,True,False,True,0.0,0.0
unsafe_writes,waiterontheothersideofwindow,130,0,0,2,True,False,True,0.0,0.0
unsafe_writes,waiterontheothersideofwindow,131,0,0,2,True,False,True,0.0,0.0
unsafe_writes,waiterontheothersideofwindow,132,0,2,0,False,False,True,0.0,0.0
unsafe_writes,waiterontheothersideofwindow,134,0,0,2,True,False,True,0.0,0.0
unsafe_writes,waiterontheothersideofwindow,135,0,0,2,True,False,True,0.0,0.0
unsafe_writes,waiterontheothersideofwindow,136,0,0,2,True,False,True,0.0,0.0
unsafe_writes,waiterontheothersideofwindow,137,0,0,2,True,False,True,0.0,0.0
unsafe_writes,waiterontheothersideofwindow,139,0,0,2,True,False,True,0.0,0.0
unsafe_writes,waiterontheothersideofwindow,172,0,0,2,True,False,True,0.0,0.0
unsafe_writes,waiterontheothersideofwindow,174,0,0,2,True,False,True,0.0,0.0
unsafe_writes,waiterontheothersideofwindow,176,0,0,2,True,False,True,0.0,0.0
unsafe_writes,waiterontheothersideofwindow,177,0,0,2,True,False,True,0.0,0.0
unsafe_writes,waiterontheothersideofwindow,178,0,0,2,True,False,True,0.0,0.0
unsafe_writes,waiterontheothersideofwindow,179,0,0,2,True,False,True,0.0,0.0
unsafe_writes,waiterontheothersideofwindow,184,0,0,2,True,False,True,0.0,0.0
unsafe_writes,waiterontheothersideofwindow,186,0,0,2,True,False,True,0.0,0.0
unsafe_writes,waiterontheothersideofwindow,187,0,0,2,True,False,True,0.0,0.0
unsafe_writes,waiterontheothersideofwindow,188,0,0,2,True,False,True,0.0,0.0
unsafe_writes,waiterontheothersideofwindow,189,0,0,2,True,False,True,0.0,0.0
unsafe_writes,waiterontheothersideofwindow,190,0,0,2,True,False,True,0.0,0.0
unsafe_writes,waiterontheothersideofwindow,191,0,0,2,True,False,True,0.0,0.0
unsafe_writes,waiterontheothersideofwindow,192,0,0,2,True,False,True,0.0,0.0
unsafe_writes,waiterontheothersideofwindow,193,0,0,2,True,False,True,0.0,0.0
unsafe_writes,waiterontheothersideofwindow,194,0,0,2,True,False,True,0.0,0.0
unsafe_writes,waiterontheothersideofwindow,195,0,0,2,True,False,True,0.0,0.0
unsafe_writes,waiterontheothersideofwindow,196,0,0,2,True,False,True,0.0,0.0
unsafe_writes,waiterontheothersideofwindow,198,0,0,2,True,False,True,0.0,0.0
unsafe_writes,waiterontheothersideofwindow,199,0,0,2,True,False,True,0.0,0.0
unsafe_writes,waiterontheothersideofwindow,201,0,0,2,True,False,True,0.0,0.0
unsafe_writes,waiterontheothersideofwindow,202,0,0,2,True,False,True,0.0,0.0
unsafe_writes,waiterontheothersideofwindow,204,0,0,2,True,False,True,0.0,0.0
unsafe_writes,waiterontheothersideofwindow,205,0,0,2,True,False,True,0.0,0.0
unsafe_writes,waiterontheothersideofwindow,206,0,0,2,True,False,True,0.0,0.0
unsafe_writes,waiterontheothersideofwindow,215,0,1,0,False,False,True,0.0,0.0
unsafe_writes,waiterontheothersideofwindow,216,2,0,2,True,False,True,0.0,0.0
unsafe_writes,waiterontheothersideofwindow,218,2,0,2,True,False,True,0.0,0.0
unsafe_writes,waiterontheothersideofwindow,219,0,0,2,True,False,True,0.0,0.0
unsafe_writes,waiterontheothersideofwindow,222,2,0,2,True,False,True,0.0,0.0
unsafe_writes,waiterontheothersideofwindow,228,0,0,2,True,False,True,0.0,0.0
unsafe_writes,waiterontheothersideofwindow,230,2,0,2,True,False,True,0.0,0.0
unsafe_writes,waiterontheothersideofwindow,236,2,0,2,True,False,True,0.0,0.0
unsafe_writes,waiterontheothersideofwindow,238,2,0,2,True,False,True,0.0,0.0
unsafe_writes,waiterontheothersideofwindow,240,2,2,2,True,False,True,0.0,0.0
unsafe_writes,waiterontheothersideofwindow,242,0,0,0,False,False,True,0.0,0.0
unsafe_writes,waiterontheothersideofwindow,243,0,1,0,False,False,True,0.0,0.38298357793400795
unsafe_writes,whiteaftertrees,44,0,1,2,True,False,True,0.48902893567747696,0.0
unsafe_writes,whiteaftertrees,45,0,0,2,True,False,True,0.6329100624081345,0.6329100624081345
unsafe_writes,whiteaftertrees,47,0,0,2,True,False,True,0.6464827075720965,0.6464827075720965
unsafe_writes,whiteaftertrees,49,0,0,2,True,False,True,0.7382252623816218,0.7382252623816218
unsafe_writes,whiteaftertrees,50,0,0,2,True,False,True,0.1592238397352634,0.1592238397352634
unsafe_writes,whiteaftertrees,54,0,0,2,True,False,True,0.6938041790281592,0.6938041790281592
unsafe_writes,whiteaftertrees,67,0,0,2,True,False,True,0.7292385169575838,0.7292385169575838
unsafe_writes,whiteaftertrees,68,0,0,2,True,False,True,0.7408699832391384,0.7408699832391384
unsafe_writes,whiteaftertrees,69,2,2,2,True,False,True,0.49073580041357706,0.11537290777497493
unsafe_writes,whiteaftertrees,70,0,0,2,True,False,True,0.45620136133327605,0.45620136133327605
unsafe_writes,whiteaftertrees,71,0,0,2,True,False,True,0.44981700754442927,0.44981700754442927
unsafe_writes,whiteaftertrees,74,0,1,0,False,False,True,0.0,0.5408346565450703
unsafe_writes,whiteaftertrees,75,0,2,2,True,False,True,0.42875570501998067,0.0
unsafe_writes,whiteaftertrees,76,0,0,2,True,False,True,0.0,0.0
unsafe_writes,whiteaftertrees,77,0,1,0,False,False,True,0.0,0.0
unsafe_writes,whiteaftertrees,78,2,4,2,True,False,True,0.0,0.0029470037571075
unsafe_writes,whiteaftertrees,83,0,2,0,False,False,True,0.0,0.0
unsafe_writes,whiteaftertrees,86,0,0,2,True,False,True,0.0,0.0
unsafe_writes,whiteaftertrees,87,0,0,2,True,False,True,0.0,0.0
unsafe_writes,whiteaftertrees,88,0,0,2,True,False,True,0.0,0.0
unsafe_writes,whiteaftertrees,89,0,0,2,True,False,True,0.0,0.0
unsafe_writes,whiteaftertrees,90,0,0,2,True,False,True,0.0,0.0
unsafe_writes,whiteaftertrees,91,0,0,2,True,False,True,0.0,0.0
unsafe_writes,whiteaftertrees,92,0,0,2,True,False,True,0.11098286175527024,0.11098286175527024
unsafe_writes,whiteaftertrees,93,0,0,2,True,False,True,0.17937499706350382,0.17937499706350382
unsafe_writes,whiteaftertrees,95,0,0,2,True,False,True,0.15874027990642195,0.15874027990642195
unsafe_writes,whiteaftertrees,96,0,0,2,True,False,True,0.22117066460780818,0.22117066460780818
unsafe_writes,whiteaftertrees,97,0,0,2,True,False,True,0.10190732121371561,0.10190732121371561
unsafe_writes,whiteaftertrees,98,0,0,2,True,False,True,0.0,0.0
unsafe_writes,whiteaftertrees,99,0,0,2,True,False,True,0.1777064692771234,0.1777064692771234
unsafe_writes,whiteaftertrees,101,0,0,2,True,False,True,0.17346620062170862,0.17346620062170862
unsafe_writes,whiteaftertrees,103,0,0,2,True,False,True,0.27408967321693856,0.27408967321693856
unsafe_writes,whiteaftertrees,105,0,0,2,True,False,True,0.29924875139147816,0.29924875139147816
unsafe_writes,whiteaftertrees,106,0,0,2,True,False,True,0.33393029855356465,0.33393029855356465
unsafe_writes,whiteaftertrees,107,0,0,2,True,False,True,0.34644363570518466,0.34644363570518466
unsafe_writes,whiteaftertrees,108,0,0,2,True,False,True,0.32006069003765847,0.32006069003765847
unsafe_writes,whiteaftertrees,110,0,0,2,True,False,True,0.35189590375637747,0.35189590375637747
unsafe_writes,whiteaftertrees,112,0,0,2,True,False,True,0.30881166233824264,0.30881166233824264
unsafe_writes,whiteaftertrees,113,0,0,2,True,False,True,0.03276666613679608,0.03276666613679608
unsafe_writes,whiteaftertrees,115,0,0,2,True,False,True,0.33389345532131665,0.33389345532131665
unsafe_writes,whiteaftertrees,118,0,0,2,True,False,True,0.0008029536671713771,0.0008029536671713771
unsafe_writes,whiteaftertrees,122,0,0,2,True,False,True,0.0,0.0
unsafe_writes,whiteaftertrees,125,0,0,2,True,False,True,0.0,0.0
unsafe_writes,whiteaftertrees,129,0,0,2,True,False,True,0.0,0.0
unsafe_writes,whiteaftertrees,130,0,0,2,True,False,True,0.0,0.0
unsafe_writes,whiteaftertrees,132,0,0,2,True,False,True,0.0,0.0
unsafe_writes,whiteaftertrees,137,0,0,2,True,False,True,0.0,0.0
unsafe_writes,whiteaftertrees,139,0,0,2,True,False,True,0.0,0.0
unsafe_writes,whiteaftertrees,140,0,0,2,True,False,True,0.0,0.0
unsafe_writes,whiteaftertrees,142,0,0,2,True,False,True,0.0,0.0
unsafe_writes,whiteaftertrees,144,0,0,2,True,False,True,0.0,0.0
unsafe_writes,whiteaftertrees,146,0,0,2,True,False,True,0.0,0.0
unsafe_writes,whiteaftertrees,147,0,0,2,True,False,True,0.0,0.0
unsafe_writes,whiteaftertrees,148,0,0,2,True,False,True,0.0,0.0
unsafe_writes,whiteaftertrees,149,0,0,2,True,False,True,0.0,0.0
unsafe_writes,whiteaftertrees,150,0,0,2,True,False,True,0.0,0.0
unsafe_writes,whiteaftertrees,151,0,0,2,True,False,True,0.0,0.0
unsafe_writes,whiteaftertrees,152,0,0,2,True,False,True,0.0,0.0
unsafe_writes,whiteaftertrees,153,0,0,2,True,False,True,0.0,0.0
unsafe_writes,whiteaftertrees,154,0,0,2,True,False,True,0.0,0.0
unsafe_writes,whiteaftertrees,155,0,0,2,True,False,True,0.0,0.0
unsafe_writes,whiteaftertrees,156,0,0,2,True,False,True,0.0,0.0
unsafe_writes,whiteaftertrees,158,0,0,2,True,False,True,0.0,0.0
unsafe_writes,whiteaftertrees,159,0,0,2,True,False,True,0.0,0.0
unsafe_writes,whiteaftertrees,160,0,0,2,True,False,True,0.0,0.0
unsafe_writes,whiteaftertrees,163,0,0,2,True,False,True,0.0,0.0
unsafe_writes,whiteaftertrees,164,0,0,2,True,False,True,0.0,0.0
unsafe_writes,whiteaftertrees,165,2,1,2,True,False,True,0.0,0.0
unsafe_writes,whiteaftertrees,166,2,2,2,True,False,True,0.0,0.0
unsafe_writes,whiteaftertrees,167,0,0,2,True,False,True,0.0,0.0
unsafe_writes,whiteaftertrees,168,2,2,2,True,False,True,0.0,0.0
unsafe_writes,whiteaftertrees,169,0,0,2,True,False,True,0.0,0.0
unsafe_writes,whiteaftertrees,170,2,0,2,True,False,True,0.0,0.0
unsafe_writes,whiteaftertrees,171,0,0,2,True,False,True,0.0,0.0
unsafe_writes,whiteaftertrees,172,0,0,2,True,False,True,0.0,0.0
unsafe_writes,whiteaftertrees,173,2,1,2,True,False,True,0.0,0.0
unsafe_writes,whiteaftertrees,174,0,0,2,True,False,True,0.0,0.0
unsafe_writes,whiteaftertrees,175,2,0,2,True,False,True,0.0,0.0
unsafe_writes,whiteaftertrees,176,0,0,2,True,False,True,0.0,0.0
unsafe_writes,whiteaftertrees,177,2,2,2,True,False,True,0.0,0.06062019677600589
unsafe_writes,whiteaftertrees,178,0,0,2,True,False,True,0.18556906522961714,0.18556906522961714
unsafe_writes,whiteaftertrees,179,0,0,2,True,False,True,0.4616405087569046,0.4616405087569046
unsafe_writes,whiteaftertrees,193,0,3,2,True,False,True,0.478714240822163,0.0
unsafe_writes,whiteaftertrees,194,0,1,0,False,False,True,0.0,0.0
unsafe_writes,whiteaftertrees,195,2,1,2,True,False,True,0.0,0.0
unsafe_writes,whiteaftertrees,196,0,0,2,True,False,True,0.046794382132643655,0.046794382132643655
unsafe_writes,whiteaftertrees,197,0,2,2,True,False,True,0.1559204192782124,0.0
unsafe_writes,whiteaftertrees,198,0,3,0,False,False,True,0.0,0.0
unsafe_writes,whiteaftertrees,199,0,1,0,False,False,True,0.0,0.0
unsafe_writes,whiteaftertrees,200,0,1,0,False,False,True,0.0,0.0
unsafe_writes,whiteaftertrees,203,2,0,2,True,False,True,0.0,0.6973247839007931
unsafe_writes,whiteaftertrees,217,2,1,2,True,False,True,0.0,0.24856451486475353
unsafe_writes,whiteaftertrees,218,0,0,2,True,False,True,0.2520391724920024,0.2520391724920024
unsafe_writes,yellowexcesicebook,137,0,1,0,False,False,True,0.44167286854275745,0.43313955873344684
unsafe_writes,yellowexcesicebook,142,0,0,2,True,False,True,0.7270875923605954,0.7270875923605954
