334.000	257.000	80.000	146.000
333.357	259.587	82.471	141.749
334.127	259.494	82.833	142.003
334.241	259.202	82.666	143.106
334.604	258.930	81.073	143.541
334.932	258.466	80.567	144.317
334.826	259.396	80.402	143.523
334.620	260.103	81.271	143.700
334.778	259.855	81.200	144.180
335.141	260.101	81.429	144.002
335.620	260.298	82.336	143.533
335.566	261.442	83.694	142.164
335.755	263.925	88.487	139.170
336.160	261.282	95.102	140.395
336.909	262.066	104.734	135.914
342.831	259.770	121.950	126.678
357.054	254.583	131.496	120.485
375.015	250.567	131.847	114.901
383.599	245.377	152.228	103.586
405.227	242.649	145.757	105.798
427.863	238.556	132.223	116.315
443.234	238.754	127.084	128.494
449.037	239.037	146.830	137.622
446.365	236.312	163.214	141.597
442.038	233.996	174.069	140.098
442.167	232.942	178.184	140.750
437.208	229.058	184.363	145.760
426.756	238.941	183.483	133.637
415.695	235.288	186.370	141.957
392.472	245.772	177.627	126.192
385.177	260.068	166.836	113.366
374.743	248.227	165.924	124.607
362.798	252.971	177.238	118.711
361.549	251.533	165.449	117.422
358.960	251.295	135.287	119.911
355.480	243.801	107.822	129.870
350.495	257.820	97.786	119.458
332.242	256.844	106.326	118.627
316.620	258.017	108.547	119.696
278.341	260.403	127.381	126.130
249.812	262.182	149.179	123.815
237.926	263.187	160.717	131.875
234.273	265.047	161.978	133.567
234.215	263.624	159.997	135.695
237.335	259.320	158.129	139.850
246.699	269.317	149.427	123.469
269.065	276.756	129.957	105.839
284.650	282.813	124.352	99.614
288.335	281.537	128.111	99.301
296.158	282.962	120.825	93.603
298.925	282.133	111.598	94.370
299.016	281.259	110.642	88.597
297.603	278.504	112.233	87.112
298.595	274.985	109.206	90.078
295.285	272.985	113.115	91.199
291.969	270.981	116.131	94.919
288.565	266.337	113.671	106.001
281.807	263.182	116.575	115.693
274.525	259.085	128.724	121.861
266.493	254.970	137.471	129.350
260.394	250.977	147.849	132.101
262.140	247.480	153.306	134.036
265.396	240.502	156.552	138.703
276.593	234.688	150.109	136.549
287.018	228.414	147.885	140.527
310.433	222.306	136.940	144.434
337.286	219.711	125.649	132.818
355.390	220.589	115.679	131.427
365.565	222.832	109.529	125.507
373.016	230.985	102.070	118.620
378.693	245.784	104.736	107.680
369.135	256.847	108.638	111.346
355.732	257.187	117.397	118.633
341.016	260.494	129.902	118.503
332.728	260.475	131.290	120.273
327.953	261.386	121.102	119.417
327.822	260.544	90.201	119.710
335.460	258.271	79.883	119.644
339.879	255.045	74.696	122.095
333.535	254.243	89.532	118.829
329.693	252.978	105.942	121.493
331.628	254.710	112.355	113.113
330.982	258.065	116.421	95.727
324.442	265.624	114.506	94.022
321.707	262.144	114.221	109.458
400.531	175.446	120.091	105.899
338.320	245.400	116.772	125.689
322.825	255.213	114.667	116.402
370.964	194.584	112.170	155.152
375.095	173.368	131.349	124.689
488.539	235.137	116.044	108.201
499.499	224.824	104.812	122.134
499.930	233.586	112.390	113.040
490.180	257.064	131.230	92.809
481.464	260.012	132.973	90.587
447.878	261.231	154.741	86.568
408.270	264.272	155.941	77.755
364.875	264.288	135.612	78.121
333.785	257.471	140.956	76.015
301.753	257.842	140.776	71.465
275.034	257.141	131.376	68.325
248.507	255.291	140.891	69.211
231.792	251.030	129.645	74.633
207.257	247.890	135.545	80.575
201.453	247.819	137.751	80.617
207.322	248.198	132.050	80.465
206.553	248.628	133.700	79.789
228.315	247.197	124.149	78.134
236.527	235.295	136.754	86.660
242.990	231.250	138.209	90.224
257.428	241.951	120.724	84.887
265.654	247.481	112.423	86.385
274.676	246.075	104.343	101.510
276.876	250.812	104.856	103.510
282.809	253.847	99.110	113.084
286.935	263.181	95.208	112.317
291.219	276.593	92.119	100.886
294.252	275.874	94.459	101.079
295.113	276.108	111.456	100.106
299.575	272.035	134.716	99.225
310.592	273.571	156.408	90.687
344.015	266.021	177.088	76.391
386.652	260.712	160.899	65.241
430.743	256.749	130.528	73.704
456.668	252.585	139.945	69.903
483.246	254.306	140.688	65.975
516.095	261.442	145.382	64.472
518.456	259.086	137.815	76.120
521.944	258.025	132.475	81.738
517.864	255.031	125.237	87.325
510.523	259.171	107.159	89.588
488.569	265.123	125.846	79.622
488.900	258.087	109.598	91.098
317.537	193.733	91.606	103.431
339.349	198.323	106.061	95.572
329.107	193.611	100.794	102.312
355.158	261.359	79.509	84.571
347.874	263.840	90.736	75.278
321.871	256.120	107.205	82.735
294.647	255.033	123.211	81.392
273.136	255.138	132.222	78.413
259.609	256.462	136.117	69.486
252.646	259.559	130.488	63.485
255.420	261.657	115.101	64.922
257.840	261.079	110.180	71.727
263.705	261.216	105.922	78.298
269.328	261.971	110.444	85.172
296.295	255.833	102.603	98.110
327.005	263.290	90.121	93.521
341.267	261.831	91.040	95.454
358.154	267.769	85.115	89.409
400.638	263.790	80.351	91.993
427.310	258.993	70.275	109.486
441.671	251.972	88.756	96.426
445.156	255.456	86.887	96.358
457.704	250.805	106.843	87.165
464.614	251.003	134.950	83.101
472.903	242.380	139.942	95.112
477.464	236.084	138.244	103.053
477.583	238.318	139.568	101.515
478.677	231.430	133.386	103.254
477.733	240.019	125.538	91.247
474.695	245.779	118.181	87.207
477.398	247.339	120.094	91.699
475.612	249.057	116.776	89.884
471.654	249.939	117.047	91.553
469.707	248.303	120.960	97.296
474.209	249.065	113.479	97.392
467.336	248.924	117.501	95.241
468.491	248.754	118.256	93.893
467.269	239.720	117.155	98.769
474.445	210.688	111.677	114.391
481.031	195.270	110.296	116.892
489.104	174.836	108.402	124.739
483.983	165.933	109.367	124.856
477.519	159.699	119.056	111.188
470.811	134.666	118.348	116.216
461.186	128.955	131.702	103.256
459.938	121.228	125.081	102.842
455.407	118.056	114.769	111.893
438.753	116.892	116.985	109.156
433.387	117.745	126.947	109.788
430.187	130.475	137.782	99.172
427.198	138.211	142.019	100.306
423.767	143.523	141.008	105.549
431.126	158.741	110.122	107.505
420.268	205.057	108.670	70.050
420.880	225.558	103.432	68.231
402.692	233.085	89.696	81.668
429.030	243.355	91.114	83.724
439.952	250.310	84.159	78.982
438.370	251.227	85.475	79.288
415.863	236.772	91.918	85.470
407.107	219.294	102.527	87.186
406.086	201.195	104.011	78.965
408.524	178.599	110.587	75.448
414.611	174.709	103.877	104.477
403.761	172.354	96.418	118.660
395.781	113.778	111.984	114.190
387.474	95.605	113.282	123.177
396.372	84.398	104.842	117.698
385.363	103.319	118.694	113.676
386.005	124.185	108.254	91.555
384.749	124.409	93.422	87.115
397.501	91.313	99.529	101.447
381.503	181.403	117.410	103.694
396.823	95.320	104.538	109.318
399.589	123.834	116.544	87.880
414.329	127.153	124.211	95.251
400.132	126.644	137.321	96.142
405.308	130.159	134.647	99.163
417.068	134.435	121.133	102.963
435.940	145.578	89.281	107.185
428.284	179.251	89.400	90.732
439.041	197.667	73.108	90.326
450.116	205.381	58.571	104.600
445.226	223.008	59.556	100.810
442.707	232.261	65.336	101.830
440.628	236.598	69.194	103.568
438.918	234.247	71.158	106.464
433.943	234.089	77.551	102.067
431.603	225.923	82.388	105.617
432.581	205.301	80.425	125.491
426.839	188.498	83.636	110.126
430.667	165.925	81.672	116.836
423.149	152.779	79.308	100.431
431.728	144.278	71.140	113.182
428.962	117.922	71.363	131.014
434.894	104.993	70.983	128.865
430.932	103.771	76.702	130.421
435.482	106.126	69.438	120.856
432.528	111.577	74.701	108.275
431.901	113.739	78.011	111.174
429.201	116.287	83.653	121.033
424.859	126.332	92.981	115.973
422.510	136.215	95.874	112.660
426.132	154.623	89.861	116.238
442.816	175.878	83.768	114.800
450.630	210.674	84.267	112.108
456.308	218.433	82.516	100.230
453.781	224.781	83.538	101.147
449.580	224.031	90.172	98.511
433.945	253.187	87.146	86.936
435.566	255.220	88.295	90.607
430.736	256.417	93.673	85.969
428.568	251.865	92.716	92.429
412.192	256.482	91.879	103.112
387.608	264.779	90.036	96.719
377.807	260.354	94.349	88.782
375.653	245.918	93.011	99.384
358.744	245.907	88.919	99.365
360.593	246.910	81.885	94.639
329.643	253.477	88.934	92.991
321.835	256.752	89.454	89.733
311.176	253.802	92.431	96.228
301.326	252.720	96.323	95.031
295.950	250.071	94.970	92.409
273.771	245.716	83.994	97.181
268.380	244.428	75.937	91.538
265.443	239.401	74.131	91.317
259.272	240.241	74.166	90.308
252.683	236.354	77.686	91.656
252.611	236.039	79.539	89.515
250.392	236.774	80.938	88.404
249.805	236.257	79.736	88.878
250.021	234.689	80.831	89.608
250.124	237.012	87.287	87.112
250.030	237.016	81.650	88.465
252.655	237.692	82.901	88.796
253.822	237.212	80.150	90.631
258.046	236.382	77.235	91.599
259.957	238.287	79.346	91.770
268.944	239.180	85.774	90.801
281.370	239.279	93.063	95.019
271.272	232.489	111.651	102.255
262.342	224.172	108.578	107.895
282.701	234.529	103.641	100.266
288.472	228.443	111.421	96.819
338.978	239.369	94.208	88.911
353.536	237.161	78.552	91.409
360.783	239.502	72.647	89.317
367.563	235.302	74.570	85.113
368.369	243.461	83.040	83.289
374.180	233.885	82.841	82.880
240.169	191.473	93.631	64.369
276.068	206.478	97.344	45.595
304.554	214.581	77.949	54.732
316.282	215.833	73.697	58.917
358.031	227.634	59.475	90.823
376.239	242.078	71.949	122.336
372.670	266.547	77.647	155.455
383.160	238.232	97.826	163.806
396.253	244.277	108.715	108.552
412.240	257.089	109.011	83.678
423.808	251.223	95.309	83.415
429.069	255.572	87.671	75.064
431.961	254.267	81.874	78.603
431.541	250.000	75.080	87.476
427.538	243.953	80.657	102.098
425.522	234.003	75.349	106.179
427.832	221.014	68.201	111.059
428.986	212.221	63.504	105.114
432.454	195.153	57.723	95.788
434.060	182.787	58.117	94.764
433.472	165.457	56.067	98.068
431.719	150.800	58.441	103.770
429.149	138.526	59.754	109.098
429.005	128.578	61.309	114.444
427.518	126.349	64.911	119.513
425.042	123.852	76.728	121.645
421.029	128.296	77.285	112.521
422.783	138.617	88.422	109.671
422.407	154.218	76.970	116.748
431.080	150.281	63.887	120.252
431.183	169.548	61.325	116.685
438.689	172.352	62.145	123.264
440.251	190.326	56.516	116.975
436.974	227.408	68.409	100.288
423.678	251.995	76.981	100.829
423.821	247.589	77.986	100.774
421.074	252.561	71.683	100.115
416.054	262.621	72.594	90.937
408.894	260.625	66.178	92.961
399.967	259.368	61.873	94.838
391.406	260.206	61.905	93.264
388.455	259.002	62.235	91.716
381.395	274.984	62.525	76.399
386.612	244.237	60.650	100.394
386.195	222.118	66.235	93.857
381.160	185.272	68.079	112.070
326.086	177.765	105.004	113.898
354.994	158.303	107.409	133.124
353.059	148.732	117.615	108.156
376.710	135.452	95.982	106.550
401.489	136.293	74.621	102.550
411.426	136.433	70.266	101.590
418.569	138.427	71.666	101.507
322.040	133.988	90.724	90.576
358.241	162.659	98.059	98.237
448.695	159.521	81.575	100.018
454.322	181.692	79.540	96.522
457.688	195.890	79.005	89.664
462.124	219.106	88.475	80.895
453.857	222.957	101.807	85.313
470.547	215.885	101.328	106.634
486.259	206.461	104.664	115.588
476.001	259.511	118.015	86.318
490.405	276.288	101.351	74.133
489.603	279.962	110.007	74.404
488.105	275.545	110.528	80.566
475.859	263.726	125.374	92.347
494.288	263.598	109.074	90.897
491.284	262.642	111.305	88.271
472.571	252.342	117.267	94.583
482.515	211.735	111.671	125.232
476.574	211.232	99.102	127.467
481.936	178.979	98.147	114.514
472.789	162.147	102.167	109.430
471.876	169.617	105.874	92.447
495.901	133.405	104.062	84.872
501.034	137.501	98.745	87.405
427.269	111.191	73.407	112.862
406.894	116.987	85.821	104.280
389.768	113.299	87.200	105.444
370.155	115.856	95.598	98.071
355.537	116.486	93.195	99.596
345.538	123.963	93.029	102.521
339.019	138.318	96.505	97.902
327.814	155.869	99.345	100.913
324.704	168.928	94.720	103.228
320.597	185.809	100.159	101.534
321.430	201.443	102.870	106.193
320.401	214.018	109.508	112.344
322.199	225.365	109.116	116.639
327.373	235.595	120.137	118.722
335.360	243.194	131.502	120.380
347.667	248.076	126.129	123.951
355.434	251.669	127.725	123.427
360.627	257.143	122.722	114.920
357.481	254.192	120.585	114.564
346.249	259.059	124.881	108.623
331.406	253.964	127.063	114.714
309.169	247.846	128.202	114.197
273.730	221.724	138.239	125.131
249.108	197.631	140.385	131.118
235.119	173.328	122.829	125.874
224.426	156.279	128.350	112.399
212.586	111.493	125.588	137.613
205.833	94.238	132.695	133.258
193.696	87.825	121.405	111.594
192.013	81.150	119.756	98.434
179.545	62.681	132.954	114.253
163.277	52.724	143.265	123.014
155.125	55.534	140.276	114.053
155.014	65.011	125.653	97.962
151.782	71.806	120.917	95.748
145.914	77.450	123.014	103.288
146.627	86.754	126.340	110.407
148.287	100.868	120.024	103.552
150.348	110.226	102.063	103.930
149.373	114.184	104.699	104.719
149.663	120.049	100.829	106.168
150.655	129.147	109.581	107.765
154.699	134.991	126.538	108.658
155.215	141.807	127.626	114.724
156.019	147.661	131.984	115.820
156.128	154.717	140.395	117.676
158.943	161.948	144.930	120.289
164.578	170.420	143.306	124.768
176.868	181.816	148.780	122.878
187.393	199.612	140.050	113.430
210.044	217.487	124.942	103.688
223.343	232.518	126.894	105.321
237.615	240.521	138.184	113.993
253.352	250.928	134.779	112.058
268.972	251.292	122.830	117.577
279.384	269.994	121.475	101.749
283.950	276.684	132.815	92.661
285.744	258.507	133.261	105.987
281.955	233.440	132.411	115.286
278.369	211.589	122.866	110.706
271.105	177.984	122.468	114.719
265.165	131.720	125.586	133.840
260.226	96.092	138.352	137.084
258.218	75.370	134.506	126.388
263.033	53.932	117.570	116.675
264.579	34.843	122.692	111.831
262.806	20.114	131.076	121.045
261.145	19.030	134.722	109.523
270.051	13.507	127.376	104.569
277.102	13.879	119.257	94.313
278.516	13.158	118.918	90.198
274.717	13.978	126.431	94.475
279.864	14.461	127.559	106.430
279.475	18.182	128.894	117.865
283.018	33.913	125.041	112.512
285.417	52.617	123.128	107.683
281.790	67.132	133.715	110.067
284.182	88.186	139.667	127.277
284.472	111.334	143.487	128.600
288.314	131.153	147.226	127.016
298.235	147.319	150.625	132.904
310.827	173.304	156.831	116.891
335.693	204.052	138.559	106.298
350.736	215.904	134.674	113.331
363.814	218.994	122.233	106.848
383.420	223.290	113.470	105.424
394.045	225.058	114.517	119.361
401.108	225.753	117.130	122.708
401.283	228.174	122.630	123.104
397.196	218.774	121.480	129.962
389.950	220.279	131.181	129.410
382.957	215.658	136.426	120.006
378.647	206.252	128.666	109.384
365.854	179.492	127.867	121.798
349.886	160.003	136.208	128.470
346.643	144.535	145.677	134.486
345.376	139.740	136.988	118.130
350.419	132.337	127.674	104.238
345.014	117.255	130.647	111.329
343.227	112.210	136.007	116.688
334.505	115.337	140.554	114.463
338.707	118.763	135.430	106.770
339.599	128.878	123.967	94.210
334.155	131.094	138.812	100.171
329.258	138.686	135.778	116.481
331.984	152.735	131.605	127.351
343.923	168.977	132.492	112.717
348.372	182.762	138.305	101.780
361.755	194.062	129.516	102.410
375.665	206.905	120.037	101.442
394.630	223.951	117.189	102.538
401.011	239.390	122.290	89.925
427.343	254.086	112.413	98.127
436.357	258.769	121.054	99.121
447.030	267.531	123.293	100.274
451.318	263.278	124.173	105.300
451.326	260.476	125.212	108.405
441.144	260.512	125.806	104.423
426.609	239.606	132.786	106.594
414.930	220.140	139.935	108.982
385.891	178.275	135.850	126.555
362.200	141.254	143.189	126.257
360.870	115.342	131.639	120.890
360.379	103.068	124.278	113.109
369.760	83.114	119.348	110.387
367.849	57.236	131.949	109.111
362.227	49.571	139.631	107.024
364.293	47.998	134.218	108.440
372.788	47.265	124.890	107.770
376.758	45.467	125.276	101.698
375.381	44.286	131.283	102.556
371.470	48.504	132.202	101.812
376.110	58.204	125.095	104.362
382.976	81.117	120.080	98.044
376.849	93.284	130.717	98.991
375.562	108.486	134.339	114.181
373.993	125.562	138.448	108.541
373.881	143.382	125.223	108.800
382.813	154.567	115.407	109.182
397.316	168.066	119.148	111.533
405.119	182.844	124.247	108.633
426.282	189.655	120.039	112.814
435.447	195.549	115.298	111.694
435.809	207.756	110.908	100.670
437.624	213.390	111.080	97.494
440.757	219.975	111.483	93.893
436.325	218.177	112.075	98.171
432.348	217.611	116.824	97.420
424.935	214.375	121.706	102.125
421.555	209.258	121.950	106.287
416.761	204.721	119.060	110.093
407.348	201.236	127.351	113.012
389.091	193.713	143.583	116.301
370.579	184.323	141.540	122.045
363.694	169.359	132.268	127.632
357.878	154.738	129.769	133.230
362.136	129.000	109.861	132.305
372.026	106.722	109.274	118.607
369.676	86.137	107.697	126.060
371.728	75.015	105.492	129.428
374.604	67.408	111.878	130.585
373.134	66.936	110.733	118.936
380.722	59.182	108.526	113.337
379.014	56.899	115.455	115.700
380.907	64.767	114.298	118.642
380.550	71.739	116.961	126.524
378.196	85.334	122.667	116.869
396.201	101.420	111.099	112.597
414.816	117.278	93.988	122.904
427.273	136.796	85.364	121.077
448.020	146.969	75.954	125.213
463.674	179.694	66.446	127.864
468.232	206.084	66.816	120.479
469.457	240.720	64.490	106.072
476.248	253.790	55.877	104.593
478.491	258.532	57.024	112.027
476.091	265.039	59.745	114.101
472.749	267.565	61.834	115.114
459.834	266.348	64.212	115.964
452.591	266.385	62.728	115.143
441.535	262.283	63.016	115.639
431.941	250.203	63.827	116.504
424.894	224.759	63.165	109.740
421.213	206.521	59.746	118.165
423.002	154.507	59.933	145.216
413.564	124.599	65.066	148.342
410.272	110.625	68.025	122.422
403.519	74.899	71.193	127.371
406.971	55.454	66.058	138.590
406.019	47.675	65.219	133.908
406.623	38.577	63.550	131.089
407.832	32.944	61.000	125.493
409.318	31.306	63.266	115.126
410.557	31.039	62.920	112.929
413.639	28.561	59.525	122.341
414.111	32.328	57.319	125.982
415.361	46.749	56.493	122.241
414.509	68.077	61.054	111.188
413.807	88.780	65.452	108.208
419.077	96.050	63.624	108.681
425.551	110.365	62.474	110.023
364.420	205.498	91.263	93.302
360.651	208.498	90.192	91.530
371.028	212.469	91.754	89.845
400.613	218.144	86.820	103.362
411.946	228.430	84.890	111.213
401.555	267.977	93.803	97.405
405.865	275.739	83.341	99.390
395.699	279.489	87.863	104.970
395.801	278.989	87.251	107.938
395.292	277.046	89.923	106.381
396.647	275.729	98.931	103.755
377.474	263.692	105.839	98.585
427.071	236.972	93.261	100.882
427.463	213.306	102.883	99.325
447.762	172.203	98.337	115.079
450.087	135.317	105.750	117.085
452.047	117.010	111.716	111.645
456.079	98.500	104.688	96.305
445.029	75.689	113.943	102.319
432.526	56.316	133.017	108.867
428.136	48.816	139.881	105.963
435.169	42.285	134.768	106.073
442.505	43.288	122.461	89.298
448.723	42.325	112.928	89.600
445.380	43.386	121.458	87.272
442.565	46.475	127.493	94.666
445.529	48.647	123.557	95.978
457.006	73.019	115.209	106.717
463.560	87.112	108.646	95.886
447.068	100.058	115.687	81.537
445.759	128.142	116.496	91.784
442.466	137.543	118.654	78.010
444.142	146.384	116.894	79.815
435.395	182.944	121.016	91.082
415.765	202.875	135.578	105.033
392.635	233.958	139.154	105.294
388.378	237.963	126.499	109.952
375.380	247.430	122.573	105.425
358.622	249.999	126.291	111.454
354.541	254.411	121.256	109.578
350.142	252.817	127.738	109.647
353.093	247.765	129.858	115.073
360.285	241.744	139.684	110.876
381.606	231.771	129.152	112.610
391.532	223.619	129.098	106.063
418.529	209.534	110.070	104.911
452.756	196.144	115.123	97.845
434.045	156.244	105.065	91.256
419.020	135.225	121.721	84.350
410.557	118.533	124.737	89.450
415.098	91.157	113.556	96.053
415.982	83.641	109.599	97.480
420.218	73.145	106.608	96.239
426.821	70.501	91.510	87.928
422.734	71.670	96.099	83.223
419.773	74.918	100.667	80.560
418.969	78.513	102.937	78.656
415.681	89.810	95.502	83.331
422.752	96.677	92.294	80.566
426.641	110.385	89.958	75.563
425.306	123.486	94.582	83.127
425.519	142.732	97.788	78.167
421.823	159.496	99.579	72.441
444.112	170.738	73.830	82.396
446.271	196.169	67.344	76.839
439.672	204.745	68.984	86.603
436.930	217.684	63.876	99.949
426.898	225.898	64.322	102.591
394.461	275.087	80.416	69.531
407.529	276.273	63.017	66.951
413.617	280.333	54.632	67.159
398.203	280.724	58.936	72.475
404.780	264.150	55.723	86.095
412.718	255.729	55.248	92.169
414.098	256.817	56.286	85.430
392.833	209.066	74.940	78.133
364.633	217.239	102.332	71.824
354.955	215.783	88.868	76.450
343.171	152.739	78.450	78.496
351.024	154.936	76.482	80.617
364.303	206.835	87.844	88.102
336.790	142.776	83.627	89.853
326.997	132.055	75.771	81.112
318.530	127.316	86.488	78.966
310.346	122.180	102.187	78.889
303.062	112.752	112.681	85.935
295.800	107.312	123.021	85.429
288.583	103.778	109.106	84.627
285.411	105.746	100.008	84.270
288.284	112.527	94.291	80.766
283.957	130.166	90.465	78.648
291.186	130.570	87.611	84.879
265.132	126.479	116.141	93.285
259.384	128.247	134.651	95.097
258.592	138.132	138.280	98.685
262.137	148.043	127.539	103.579
269.519	162.776	123.494	100.254
278.564	172.239	123.673	101.381
289.904	187.271	111.307	96.912
298.321	194.506	116.841	101.753
303.710	199.670	121.196	110.151
309.634	200.374	122.393	115.040
317.489	209.721	131.249	118.450
325.703	212.688	124.254	121.877
333.488	210.249	117.347	125.122
334.394	216.822	117.839	120.036
332.957	214.230	117.292	123.936
313.905	212.647	127.984	116.666
293.923	201.538	127.275	112.585
282.518	182.663	123.529	108.129
262.203	156.283	132.787	115.808
250.628	132.724	130.107	121.760
247.725	122.264	124.724	109.698
250.814	99.882	126.935	103.397
247.461	83.700	130.630	112.179
240.869	76.639	127.058	113.234
237.157	75.910	123.641	105.499
240.675	78.187	131.371	97.170
237.824	78.075	138.653	108.861
235.456	82.110	140.959	113.687
236.795	94.361	143.977	105.509
243.024	111.026	139.471	88.215
240.342	123.783	121.547	91.117
246.491	137.856	123.997	82.604
251.951	151.577	123.492	71.558
261.184	167.389	122.311	62.889
274.410	186.377	128.943	61.119
287.847	193.214	130.542	72.865
302.527	205.616	117.808	77.732
317.685	213.973	104.145	81.845
336.540	213.148	87.869	90.835
353.750	224.047	74.761	88.835
357.490	228.180	78.149	90.294
361.765	231.823	88.175	89.091
357.885	232.502	93.005	90.927
354.328	232.027	96.950	93.451
346.082	229.198	104.388	94.043
340.044	224.869	107.189	91.658
330.050	220.455	113.562	90.719
311.586	207.499	122.315	97.449
296.909	190.785	121.859	110.666
285.704	170.363	116.767	117.780
280.122	150.726	117.966	119.598
278.498	136.355	120.363	109.488
283.366	113.880	115.463	103.228
283.274	90.016	103.229	101.373
285.065	76.419	99.099	104.902
286.427	72.096	102.186	99.823
285.791	58.233	94.366	87.484
289.719	57.837	89.363	80.083
292.050	58.041	90.555	79.753
289.256	58.009	96.571	83.024
286.408	57.647	106.406	82.947
289.751	60.564	107.004	79.958
299.098	69.056	97.404	82.363
307.875	86.506	94.845	81.350
318.471	91.392	94.601	78.854
313.644	107.205	79.311	99.309
320.549	109.536	74.653	104.562
324.012	123.890	75.094	93.082
328.608	157.723	70.896	64.141
336.073	168.486	66.782	70.905
336.078	177.273	69.728	74.248
349.757	181.206	67.619	82.984
359.614	177.625	57.259	94.360
362.533	209.225	58.844	79.765
372.457	226.923	56.928	66.282
378.266	226.700	55.419	68.734
388.033	227.835	48.131	68.710
393.590	226.938	45.111	68.168
392.798	228.231	47.384	66.747
390.406	226.445	50.406	68.629
390.129	220.483	50.967	73.253
378.506	217.001	58.295	74.695
368.216	211.163	68.701	83.468
355.946	200.746	79.686	95.121
356.485	198.756	78.276	99.747
340.273	196.444	93.957	105.301
327.551	195.693	105.623	103.544
302.251	185.671	133.021	114.243
294.229	179.890	138.330	121.040
290.837	176.401	135.545	124.669
290.668	171.708	131.220	127.286
292.583	166.120	127.277	130.950
302.433	165.614	120.114	130.279
312.438	163.772	108.505	130.582
328.553	165.336	98.831	128.796
339.372	166.673	94.548	128.352
358.743	169.062	83.898	125.038
358.671	175.774	96.678	112.980
372.422	175.178	92.279	112.390
381.159	184.017	91.355	116.374
392.751	190.327	83.160	114.091
395.381	200.197	78.486	107.248
400.483	196.946	66.029	108.785
399.403	192.088	61.678	109.413
391.282	166.590	63.637	122.715
376.030	137.364	68.093	127.973
370.191	118.992	66.551	116.325
351.092	94.222	76.331	108.100
347.583	84.959	76.468	99.541
334.367	43.691	79.031	123.356
328.841	41.452	89.918	127.411
316.516	29.176	92.471	113.728
318.318	23.907	83.021	99.642
321.058	22.125	71.773	98.896
320.413	14.391	66.017	110.043
318.306	9.479	66.041	117.688
323.293	16.510	66.620	120.001
327.512	27.111	75.654	116.157
332.111	33.987	74.869	123.860
332.975	40.787	77.625	133.039
337.036	48.449	84.417	139.090
343.692	85.701	83.368	122.545
353.898	100.044	76.801	133.219
359.923	115.395	71.574	133.606
361.678	158.091	72.458	110.410
375.574	193.624	66.141	110.238
393.233	217.162	59.075	108.061
398.967	221.563	59.534	110.486
402.100	235.977	61.407	97.240
400.905	249.257	61.963	86.420
404.880	250.975	64.212	80.353
408.981	251.051	67.489	83.034
419.160	252.395	62.329	83.248
424.108	247.600	59.778	86.862
430.528	238.936	55.301	94.471
431.676	226.947	52.570	100.955
429.920	218.946	53.882	97.720
431.852	182.223	54.195	110.627
431.129	167.153	53.510	113.402
431.485	154.602	54.742	117.874
431.478	139.379	57.721	126.882
429.975	131.254	65.268	126.685
424.865	127.507	79.615	120.118
418.674	124.348	88.039	115.853
413.715	117.448	95.208	107.638
408.238	115.441	100.864	104.357
404.715	113.882	95.419	100.327
401.382	112.314	95.436	101.914
397.545	112.098	104.771	102.416
400.640	114.302	110.351	101.222
403.442	113.378	117.005	111.299
439.248	190.247	102.825	98.360
402.671	133.426	122.291	110.253
427.794	189.060	113.840	107.751
428.801	186.336	113.876	101.834
362.520	137.936	109.858	114.957
349.188	142.901	117.619	111.267
335.306	142.025	119.265	115.198
333.244	138.465	118.189	111.530
331.681	129.483	112.941	106.462
323.928	122.929	115.084	103.565
310.427	113.242	127.320	107.807
299.601	102.534	136.140	115.517
294.851	99.546	135.038	115.153
293.559	100.492	132.452	116.379
291.448	105.209	133.808	113.254
289.362	113.667	147.741	110.507
306.981	123.107	141.593	123.617
299.524	134.682	155.509	122.973
308.189	147.265	154.792	115.925
314.783	155.706	152.651	109.678
326.862	162.482	141.358	103.237
335.013	161.455	132.286	107.110
334.949	159.197	138.812	112.383
348.070	163.022	129.792	109.581
352.795	166.957	128.922	101.145
354.507	171.957	130.098	103.768
366.884	177.771	145.369	101.607
382.357	178.809	131.975	108.338
384.946	175.792	130.803	107.183
387.060	173.426	135.206	112.151
389.359	170.893	140.696	115.881
386.859	173.591	140.679	111.508
384.954	174.998	140.049	111.121
379.584	173.792	137.247	113.603
377.622	185.182	134.029	106.265
373.111	197.743	124.943	101.194
369.265	219.387	108.059	109.779
357.931	226.001	112.268	120.015
350.512	228.245	118.493	117.510
347.852	225.861	120.661	116.559
340.174	218.238	115.708	114.715
335.378	206.627	118.890	108.758
341.346	196.039	130.777	107.791
342.557	187.932	139.881	111.227
354.509	194.950	144.339	102.045
373.560	189.290	127.613	104.683
388.829	190.070	120.715	86.684
418.309	180.821	108.257	97.999
427.173	189.553	101.933	100.299
433.663	190.123	100.341	103.758
441.945	185.974	92.719	101.432
446.568	186.792	86.085	102.178
457.172	191.706	77.342	99.878
471.959	193.279	71.016	105.526
465.997	201.390	83.388	99.419
455.064	214.018	97.741	87.699
441.642	223.497	111.138	81.473
425.028	224.302	126.853	81.790
420.909	211.126	121.941	86.946
401.836	209.160	121.284	86.420
387.053	204.659	116.840	96.753
380.069	194.200	111.625	107.431
366.937	192.463	109.947	110.689
356.041	201.907	97.365	100.037
348.753	202.133	98.231	102.960
330.833	213.981	84.207	108.828
321.133	223.414	86.629	100.001
312.278	229.755	80.142	101.149
301.952	237.540	77.663	98.954
295.514	237.371	76.493	101.310
282.650	243.050	88.246	98.613
277.151	247.176	95.450	94.299
275.060	248.960	100.073	88.898
276.940	251.753	102.022	82.864
276.893	253.334	105.018	77.985
282.852	252.075	99.394	77.509
291.862	252.348	84.115	76.688
297.022	251.819	78.789	76.406
304.551	249.212	71.217	78.798
323.503	242.623	58.294	87.710
338.112	217.332	77.295	92.436
422.748	265.372	63.496	77.121
425.760	267.820	75.032	73.159
433.790	269.899	80.253	72.105
449.319	272.589	70.098	71.499
450.434	273.855	91.014	68.376
444.582	271.442	113.423	71.920
439.093	266.590	121.360	77.427
419.422	265.186	128.808	73.194
384.573	264.099	140.111	68.645
349.726	262.504	147.236	65.433
320.141	254.401	150.548	67.957
300.688	247.653	140.248	68.672
281.029	234.984	135.061	77.472
259.148	225.261	123.787	87.388
255.649	224.516	116.042	89.582
230.155	224.474	127.637	88.314
231.423	222.980	119.275	91.078
234.791	222.027	109.771	91.336
242.365	226.677	101.003	89.094
246.390	232.019	102.550	86.416
251.962	235.263	100.803	85.684
257.016	234.594	95.406	86.078
264.124	233.597	89.230	87.186
269.543	235.105	87.894	85.775
276.690	241.105	83.925	81.519
282.563	242.502	78.017	82.462
284.787	243.072	77.227	83.754
286.131	241.994	76.614	85.033
295.681	242.412	70.907	85.095
287.797	242.416	68.500	91.389
287.461	250.228	60.821	99.524
283.791	260.292	61.074	101.207
285.966	266.926	61.518	102.287
283.081	274.112	68.211	93.540
280.368	271.451	71.331	90.458
283.805	267.746	71.407	93.950
278.640	264.509	89.521	88.152
326.954	206.517	78.300	112.715
425.627	238.134	81.821	75.110
432.434	243.711	93.449	77.151
438.036	243.731	99.647	82.934
445.477	236.274	106.895	93.610
458.021	234.795	103.227	96.658
464.996	232.760	98.203	98.322
467.054	225.206	89.255	100.938
463.241	224.521	93.646	92.261
455.213	219.377	103.480	91.955
437.770	213.805	119.927	94.776
417.050	209.657	128.386	94.684
402.269	205.108	125.669	95.864
349.058	200.523	135.325	91.756
318.946	197.666	125.210	90.242
286.412	195.824	109.030	94.589
244.424	200.127	125.639	96.049
218.193	203.136	127.015	103.322
202.940	214.001	121.465	99.159
194.177	216.899	116.151	103.662
189.614	230.055	115.837	94.706
186.031	246.704	113.244	85.857
194.006	260.049	101.426	83.920
201.138	269.988	98.254	77.791
219.836	274.890	95.361	71.906
237.656	275.468	91.879	68.920
254.357	271.913	82.440	66.492
276.884	255.623	64.626	80.940
273.988	243.896	69.075	100.859
308.596	280.788	79.164	109.305
424.582	262.951	88.448	76.023
446.775	272.300	79.278	81.227
467.207	289.436	79.704	75.842
505.235	308.276	82.432	73.976
526.490	313.272	78.693	78.650
540.905	314.125	68.158	86.640
550.747	306.289	58.107	97.865
550.588	312.067	60.658	85.395
548.916	297.859	55.649	91.868
541.607	292.057	60.249	90.636
521.619	285.616	73.960	87.161
500.468	282.593	94.111	86.533
468.657	271.758	119.259	93.221
410.896	264.537	130.296	94.570
383.009	263.017	132.110	91.456
355.596	255.171	133.037	87.623
330.662	245.559	120.420	94.304
306.183	237.240	115.757	97.253
309.969	228.088	110.423	103.992
312.546	210.349	112.275	114.856
316.194	201.423	121.137	117.391
327.133	187.936	125.667	115.542
349.579	178.038	124.560	109.969
367.048	172.817	124.335	101.598
379.397	169.502	114.193	99.857
382.189	168.462	115.186	96.584
379.338	170.346	120.827	94.167
375.777	174.000	121.440	92.293
358.998	180.575	124.351	88.627
355.224	190.087	111.598	85.037
351.194	196.121	122.165	80.796
351.906	200.953	123.563	77.456
375.606	204.326	115.022	70.784
398.525	195.975	115.712	73.926
431.461	188.845	119.623	79.886
458.493	165.786	129.312	100.612
472.658	162.698	129.544	105.518
474.984	158.666	130.823	110.613
471.557	159.175	135.478	110.394
460.358	164.226	138.181	107.822
438.331	168.922	147.126	107.583
413.452	177.645	150.193	101.212
391.836	190.298	124.288	88.692
372.861	192.989	109.756	84.226
360.707	197.606	96.430	80.733
358.342	192.490	82.299	92.359
361.274	191.239	75.006	103.577
370.354	191.345	63.431	102.598
383.361	190.937	69.999	97.809
392.599	189.156	70.586	93.952
400.571	190.090	67.684	88.645
401.273	189.647	67.113	88.145
394.458	189.425	66.899	87.513
378.656	193.121	73.953	83.306
358.710	188.545	71.718	86.195
342.695	188.008	76.579	84.058
329.057	181.275	74.080	89.982
327.258	174.872	72.738	90.615
326.480	170.558	73.898	92.839
335.722	174.149	79.965	87.228
359.624	173.355	75.530	91.353
382.372	185.251	72.216	92.736
400.474	196.318	73.970	92.792
411.523	198.032	67.331	96.539
422.681	201.047	63.954	103.557
426.855	208.366	63.211	97.011
423.406	215.041	64.697	96.059
408.919	212.321	69.903	99.781
383.953	204.456	70.002	101.678
367.138	203.596	68.458	94.621
354.461	174.648	63.003	103.487
342.572	147.518	61.464	104.104
346.342	126.226	54.999	115.891
358.931	101.895	63.604	125.691
356.180	94.358	84.631	115.505
377.391	93.116	85.486	103.302
396.087	101.485	108.434	81.142
398.836	101.730	115.220	76.898
389.295	111.674	109.430	96.890
369.555	88.180	119.007	103.882
349.472	105.282	93.595	103.962
343.120	112.126	86.131	94.941
338.996	114.517	80.027	102.494
356.813	120.159	61.189	110.234
358.833	126.360	64.490	117.806
357.794	136.490	74.742	120.568
355.942	156.244	79.021	112.911
349.337	181.330	81.243	98.098
347.950	187.500	73.272	98.394
344.502	185.944	69.501	98.251
337.632	176.252	74.681	107.213
332.035	179.611	79.459	97.402
323.897	179.552	84.639	90.961
312.529	181.719	86.013	83.319
300.410	174.068	91.307	81.818
295.096	159.660	107.041	84.868
293.708	139.831	118.015	93.821
303.798	124.460	121.978	95.376
310.787	112.819	125.467	95.569
316.229	102.209	121.605	93.802
320.604	88.480	119.218	94.217
320.882	78.821	121.969	92.142
318.002	74.545	125.276	85.172
318.186	74.520	131.827	80.685
320.255	72.357	139.528	74.493
323.507	73.192	141.463	71.830
327.682	77.930	145.874	71.249
323.611	78.778	146.309	81.383
334.827	85.845	127.324	89.644
341.101	91.864	113.635	92.676
347.028	94.411	106.144	95.958
349.725	93.600	98.831	99.874
349.345	92.436	95.994	100.987
351.960	90.653	91.335	100.444
345.943	93.237	95.910	96.993
338.580	94.494	102.991	95.980
330.796	99.518	110.816	95.907
325.138	101.812	115.591	96.338
321.592	103.083	114.674	96.974
303.395	113.805	122.058	83.472
301.686	99.140	119.089	94.650
295.900	90.009	121.680	95.892
293.905	88.615	110.946	89.433
296.329	79.435	113.175	91.673
293.539	72.203	114.431	88.109
288.397	50.396	119.873	96.387
284.758	21.076	121.214	106.308
281.157	10.037	119.727	94.212
282.211	0.000	132.689	82.886
259.678	6.909	105.217	79.747
253.628	16.568	102.985	112.960
266.747	8.016	123.928	90.180
255.192	19.300	123.256	127.308
244.023	10.130	120.701	96.195
219.924	16.052	126.796	110.809
219.565	15.699	117.674	111.042
213.625	45.685	117.656	106.257
211.022	57.330	115.177	101.760
205.070	70.001	124.792	99.137
200.861	88.799	129.353	88.765
196.769	92.358	134.224	96.444
196.816	91.090	132.935	106.676
191.175	89.829	138.008	110.875
179.555	94.095	141.476	106.298
161.920	99.014	154.047	100.290
160.097	94.853	152.568	104.122
161.594	89.959	148.395	104.211
164.100	85.966	144.493	104.602
172.136	81.288	144.849	102.738
173.309	84.772	145.438	96.705
177.254	85.508	142.717	81.727
185.892	79.167	124.640	89.719
186.030	76.211	122.390	97.549
185.758	67.935	124.628	109.621
180.299	63.880	131.607	113.493
172.173	63.426	138.386	115.575
163.481	64.970	147.901	113.897
160.852	68.481	149.627	113.805
161.710	71.238	149.782	112.179
165.464	73.629	148.539	111.275
170.590	74.602	149.721	110.477
172.260	74.310	149.385	110.820
174.562	73.275	150.748	110.814
175.165	72.413	149.068	111.603
174.303	72.842	148.224	111.395
174.017	73.869	149.769	111.951
176.084	75.298	158.243	113.177
176.497	78.544	165.562	113.299
173.752	83.835	161.140	112.526
170.054	98.136	146.636	105.189
145.853	109.139	145.679	102.612
123.904	109.555	124.941	121.733
95.056	108.711	137.193	114.639
43.607	121.173	160.204	102.580
24.241	120.461	125.116	103.563
4.417	110.838	134.612	103.231
7.393	97.449	134.719	97.571
9.028	85.335	132.698	100.177
14.700	80.088	130.790	109.030
26.885	82.355	133.628	112.690
42.441	89.662	124.313	116.576
60.035	103.743	117.624	114.178
73.428	122.069	114.903	110.124
83.969	147.883	136.884	112.705
96.056	157.389	158.812	122.975
130.517	171.661	155.762	113.809
186.565	174.342	147.556	112.256
197.046	172.872	117.923	111.559
240.031	115.398	125.589	112.348
244.042	86.577	129.446	118.460
238.917	91.004	131.572	100.537
233.868	83.900	124.885	106.539
209.603	76.363	139.625	109.928
194.319	81.752	147.495	106.352
186.108	98.970	145.252	90.370
183.884	114.955	137.016	72.449
185.237	114.059	133.797	73.855
184.933	114.212	133.376	75.299
186.249	115.022	133.354	76.430
191.504	113.391	126.390	81.194
190.729	109.854	124.532	85.172
193.285	105.259	118.676	92.515
198.148	101.827	112.075	98.034
201.665	99.786	107.721	103.819
205.125	98.782	104.756	107.332
207.336	97.363	100.926	111.037
205.631	97.661	101.904	111.019
204.116	98.197	102.523	110.952
203.089	99.208	103.233	110.005
202.872	100.013	103.033	109.257
202.738	100.974	103.061	108.099
203.089	101.760	102.875	107.032
204.126	102.203	102.002	107.769
205.008	101.515	100.621	108.269
205.418	102.624	99.865	108.118
203.970	102.503	100.622	108.584
204.050	103.192	100.233	109.240
204.426	102.822	99.541	110.829
204.764	102.724	98.723	111.175
205.717	104.146	96.831	112.059
208.155	104.728	91.603	114.793
205.515	106.356	91.865	117.418
183.817	111.466	113.836	112.460
158.314	129.210	139.933	93.273
132.258	156.170	139.307	92.256
110.907	162.384	128.836	107.105
70.049	151.414	148.177	117.956
38.430	153.316	126.399	113.047
26.963	138.026	122.823	73.032
27.556	119.567	103.374	62.493
19.147	103.555	118.567	75.565
19.550	95.804	124.898	88.583
27.810	97.815	134.817	95.488
42.154	104.017	151.591	101.465
51.981	113.139	154.026	104.921
62.249	127.464	160.416	101.788
81.103	150.962	148.466	100.221
119.067	176.544	120.343	112.815
144.439	184.115	116.768	116.307
185.304	194.842	132.007	102.422
204.193	185.053	113.416	112.607
246.729	146.277	122.451	114.211
252.561	108.395	125.315	123.118
252.437	100.990	140.996	114.728
245.822	64.093	148.668	127.627
238.112	59.947	148.941	116.331
234.966	59.274	148.085	111.506
228.435	59.543	143.831	109.523
222.965	55.575	134.194	123.081
215.166	65.088	124.802	127.900
209.879	86.368	113.844	128.047
211.275	102.645	95.479	124.195
212.824	125.653	79.288	110.504
209.255	139.348	67.989	130.807
194.340	148.313	75.946	145.669
174.591	183.999	86.680	112.297
160.748	190.374	96.405	105.837
136.405	184.042	110.295	110.547
101.947	162.595	115.732	125.022
62.177	144.071	127.381	111.683
55.245	128.793	114.840	108.165
52.635	124.431	109.535	103.213
52.475	121.575	113.773	105.227
52.782	121.944	118.641	106.968
52.426	129.448	123.593	103.646
60.312	142.170	126.527	103.217
76.226	162.536	128.810	90.888
86.220	181.032	125.499	75.375
100.109	183.112	126.813	90.166
131.223	185.354	120.993	95.658
172.198	186.157	121.173	107.042
193.051	179.198	137.366	107.043
205.730	161.570	149.663	97.199
238.955	138.964	138.754	94.799
234.937	126.328	147.214	79.348
253.786	117.999	147.117	76.223
283.603	113.631	144.103	70.427
277.574	104.230	132.023	67.308
261.273	101.665	141.333	74.785
261.070	100.894	144.852	82.512
262.328	107.548	133.348	86.554
295.392	102.377	113.618	124.222
304.901	105.185	91.729	118.274
250.511	171.721	102.082	85.250
240.340	179.078	119.171	91.078
213.271	168.902	103.372	108.333
185.834	166.220	102.845	105.161
152.382	160.589	128.288	98.978
147.809	158.178	124.894	103.121
140.060	148.233	120.172	105.463
107.227	128.509	127.757	99.762
105.210	116.998	129.192	102.481
105.486	108.617	115.023	92.531
119.174	107.015	110.229	87.617
131.907	113.767	104.621	87.881
161.300	120.919	109.675	87.812
187.146	126.449	112.779	90.846
196.581	129.751	114.684	94.983
197.576	136.079	118.001	98.073
207.615	144.627	115.697	103.684
223.190	156.616	110.157	104.262
238.299	161.720	111.485	101.292
251.764	169.190	125.919	96.725
265.988	175.681	122.241	92.589
299.654	176.178	108.798	96.523
367.824	157.193	133.170	79.801
410.473	154.589	142.715	96.575
441.115	123.383	126.150	95.959
447.025	93.355	97.118	101.319
496.881	89.773	150.229	83.489
520.727	93.282	178.497	85.284
536.968	84.179	167.667	93.829
564.001	78.483	141.156	101.072
571.439	78.613	128.414	106.574
574.610	81.222	123.374	106.521
571.020	87.498	125.420	101.092
562.838	94.293	130.634	95.631
558.690	95.211	133.062	96.828
565.350	98.282	121.917	95.172
555.277	104.226	124.146	97.866
558.624	105.456	109.979	107.266
455.144	114.339	137.120	93.111
518.467	158.742	117.278	90.621
507.553	160.250	101.926	92.452
495.187	163.917	80.137	91.152
490.483	165.199	72.840	93.986
487.328	164.408	66.009	101.513
493.443	182.336	57.766	87.987
494.473	179.409	57.889	90.268
492.646	178.511	60.797	89.003
490.620	176.012	65.496	89.389
491.150	171.464	67.875	95.194
492.582	171.685	67.862	93.704
496.530	169.999	66.827	93.116
494.789	163.823	75.288	85.111
511.928	149.288	67.801	79.418
521.397	152.611	72.352	85.600
532.508	153.169	79.459	87.195
557.734	161.408	77.144	88.154
560.431	149.977	97.195	98.227
544.540	143.143	135.854	100.019
533.266	143.241	146.286	98.007
519.124	143.287	148.808	92.845
499.133	138.179	135.298	86.246
464.017	136.409	116.659	94.342
426.610	152.154	100.608	91.168
376.925	158.944	116.632	103.537
341.462	151.075	115.378	126.083
308.382	158.446	99.140	137.771
272.896	172.799	105.223	128.129
243.997	183.184	122.022	126.076
222.771	185.249	136.788	120.924
193.123	187.486	162.037	122.567
190.972	189.972	162.157	122.554
201.896	192.969	150.942	123.518
228.173	200.748	127.091	119.312
250.744	209.991	107.856	114.114
281.606	216.462	90.580	109.686
305.959	218.160	83.580	109.072
328.709	231.391	67.578	97.086
281.507	237.169	81.112	92.670
290.595	241.039	84.369	96.760
287.689	239.898	87.490	88.732
310.502	226.691	86.727	81.522
329.001	250.999	102.875	94.990
329.019	197.185	82.326	98.306
321.123	186.785	101.950	107.238
341.551	139.027	125.982	125.794
528.547	243.614	127.907	110.425
519.050	247.138	149.879	109.941
512.102	248.926	149.397	104.919
491.919	254.613	161.259	99.698
469.186	257.786	160.880	98.142
433.288	265.504	169.750	94.476
397.739	276.286	158.445	93.455
370.331	277.104	132.898	95.381
326.639	282.836	142.580	96.105
278.778	281.623	155.909	91.394
248.854	271.555	160.868	100.993
225.550	272.882	158.792	97.743
209.009	268.062	138.310	102.547
204.923	273.147	128.647	101.318
193.879	279.828	127.339	98.486
174.550	276.430	143.940	107.200
164.670	279.320	155.466	108.435
165.321	278.628	158.905	113.576
164.927	279.787	165.328	116.348
169.226	281.412	166.146	116.927
174.431	281.428	165.309	118.120
181.823	282.860	161.645	116.100
196.509	285.031	154.549	112.374
210.239	288.074	149.726	106.837
220.294	288.499	145.936	104.888
229.284	289.418	145.701	102.768
234.016	290.555	150.721	100.560
239.453	288.597	157.488	105.123
245.763	286.057	163.928	110.912
254.777	281.218	168.115	119.059
276.719	271.926	159.566	128.787
309.448	259.093	135.537	139.805
352.301	249.343	111.578	145.138
384.075	235.604	110.561	145.112
409.480	246.524	105.587	119.465
443.417	224.730	130.003	109.857
457.043	220.592	151.809	96.921
465.828	221.649	167.854	87.090
478.688	212.555	166.438	87.848
489.560	207.444	158.182	88.507
495.727	206.033	152.964	83.027
494.278	207.582	152.710	88.091
490.860	213.229	149.724	94.747
495.443	236.373	140.476	90.483
483.335	247.426	145.986	95.331
476.529	259.510	144.144	95.615
465.729	264.656	150.447	103.205
460.167	268.403	149.905	111.877
458.488	267.331	145.224	111.180
460.099	260.795	140.999	105.156
459.099	251.118	143.585	102.739
472.569	233.384	134.136	110.879
481.239	210.745	135.825	128.586
478.311	199.377	136.318	128.937
477.550	186.978	132.352	123.025
460.953	181.353	118.631	109.283
447.896	169.598	113.697	109.182
429.261	155.056	123.319	122.427
402.786	142.932	107.935	129.561
382.390	136.509	119.521	130.594
370.918	134.329	129.666	116.242
365.199	136.757	125.753	113.910
362.474	136.649	124.079	110.597
362.925	138.210	121.922	107.095
368.605	138.413	118.372	109.464
381.438	138.930	109.325	115.537
392.036	138.562	103.874	116.327
398.943	144.267	105.275	108.324
411.009	146.829	100.351	102.547
465.991	211.246	137.938	102.245
474.630	207.087	158.320	109.514
488.652	196.858	170.351	124.787
501.446	192.238	181.797	124.950
516.361	182.683	165.048	134.420
520.322	187.807	156.796	130.181
497.873	183.986	171.986	115.125
470.778	182.778	182.965	103.613
449.870	185.925	189.777	93.004
424.193	188.453	200.738	95.196
400.268	207.094	178.797	87.936
378.071	220.623	157.981	88.400
321.664	229.642	164.286	97.104
279.870	241.151	165.769	104.755
258.961	250.537	157.177	129.638
221.648	256.184	153.982	137.395
214.522	258.865	132.321	149.257
203.630	258.786	95.049	146.890
180.136	258.432	89.092	145.127
161.381	262.665	92.353	139.700
149.034	262.635	94.858	136.762
143.061	260.520	96.209	133.948
142.331	256.562	95.982	136.160
147.685	255.109	97.262	134.790
155.336	255.700	98.629	132.134
169.165	259.040	88.989	123.911
182.232	256.907	86.566	123.241
198.158	260.505	84.637	118.384
216.289	263.961	81.116	118.984
235.089	269.140	85.437	112.279
253.015	269.332	94.730	105.365
260.685	271.242	113.375	98.257
256.360	269.532	135.986	91.738
255.594	267.688	140.915	89.674
262.172	267.404	139.280	87.923
267.000	265.934	141.243	91.027
269.695	264.691	152.494	96.177
272.189	262.235	167.646	106.570
268.773	257.956	183.081	124.742
270.177	257.059	169.702	140.383
284.488	252.413	158.545	148.465
312.382	252.846	138.276	147.456
325.240	261.319	156.445	125.163
327.371	259.295	190.111	112.427
346.617	261.091	213.944	81.530
364.543	249.376	213.361	81.173
406.313	229.855	191.446	107.296
446.492	223.179	168.475	125.840
479.656	217.244	170.087	137.091
500.340	218.479	174.125	137.924
514.113	225.115	172.026	126.517
523.554	229.050	167.342	112.356
520.783	228.166	164.092	108.417
521.295	230.669	136.972	107.809
510.745	235.383	127.545	103.704
480.702	236.881	138.887	99.828
458.204	235.605	135.075	108.888
449.945	239.978	140.199	115.372
431.783	239.203	153.556	124.049
425.689	242.960	160.585	127.851
405.125	252.032	172.701	124.413
387.138	256.877	165.960	130.176
364.323	261.710	156.411	135.922
353.094	262.085	131.924	143.264
333.126	262.593	110.954	147.097
323.998	268.637	97.208	137.699
299.576	275.766	104.891	138.563
233.260	281.304	146.069	135.218
172.515	278.351	181.227	154.790
132.025	282.246	211.400	156.064
105.074	282.509	219.221	155.711
102.941	293.988	210.057	141.430
94.977	290.699	204.660	146.234
92.201	284.127	199.597	152.993
98.799	276.848	182.584	159.177
112.321	272.673	163.261	158.890
139.290	269.255	124.999	146.268
172.099	260.522	116.700	140.078
184.355	254.798	114.000	136.456
189.609	246.069	121.581	140.909
190.643	237.497	126.873	147.570
195.719	234.572	139.074	149.067
213.884	226.912	132.309	156.534
234.838	221.826	117.277	161.061
260.635	216.843	99.480	168.218
270.667	212.739	100.621	174.956
272.400	213.898	115.163	175.389
277.098	220.188	136.467	168.492
290.498	221.698	153.497	162.978
307.994	224.407	189.573	146.378
367.424	241.588	149.154	132.171
401.824	249.933	121.418	119.779
435.149	224.639	107.541	139.423
458.569	221.927	115.021	140.079
466.848	219.276	150.653	147.335
476.811	218.456	174.883	157.822
488.406	229.514	201.194	154.800
514.088	228.580	202.381	159.906
536.118	218.268	194.978	170.473
540.726	204.733	204.202	185.457
549.403	200.061	211.618	168.511
566.538	199.356	195.414	160.757
563.560	212.828	193.739	127.773
558.418	215.638	204.295	102.765
547.043	209.293	224.653	100.665
542.623	200.063	224.772	130.503
540.354	192.793	200.741	153.948
529.491	193.528	169.743	162.601
509.847	195.704	137.349	165.497
497.758	202.548	136.208	166.972
463.049	201.692	141.462	170.525
426.037	210.197	119.271	162.146
374.677	222.549	122.853	151.948
352.853	240.306	135.122	139.818
335.307	245.788	137.121	143.203
311.458	248.296	146.965	145.179
289.231	246.068	153.609	151.941
277.123	241.818	156.871	159.227
269.120	243.217	162.675	157.654
265.763	246.397	164.922	154.737
266.976	248.268	157.122	153.149
267.195	248.820	156.000	151.565
268.350	249.323	159.073	151.690
271.723	243.980	157.923	155.837
271.502	247.012	157.856	154.139
271.586	239.157	159.878	163.331
270.564	238.928	167.159	165.012
280.906	231.190	163.378	173.050
307.444	227.085	139.882	174.091
311.880	231.072	142.451	169.661
324.654	244.453	138.826	152.698
345.021	250.807	130.306	143.693
369.693	245.753	140.192	147.506
402.396	232.757	164.423	162.909
426.891	242.867	182.880	160.118
442.908	251.750	214.389	157.838
472.612	256.576	222.669	168.575
501.126	252.170	219.831	177.231
529.250	260.586	216.185	163.076
552.060	275.407	208.883	142.898
562.500	278.669	209.741	142.303
578.060	284.549	199.257	146.831
591.073	288.890	189.773	155.734
599.725	299.356	179.977	165.465
600.090	307.850	180.906	163.929
601.885	313.698	185.001	169.681
601.451	321.712	195.055	171.249
606.070	330.633	197.875	171.896
611.001	344.249	202.316	170.666
612.649	354.807	206.567	170.578
625.294	369.681	211.677	166.241
623.713	376.807	215.343	169.113
623.409	386.462	221.618	157.390
628.638	400.701	194.745	155.019
654.195	402.372	196.141	144.721
636.212	406.657	191.020	146.773
654.746	407.980	201.269	129.443
643.702	412.659	188.004	116.555
639.749	407.557	179.866	114.928
642.440	412.719	181.041	104.564
645.731	408.309	150.411	116.361
647.132	406.091	161.039	133.282
639.841	403.407	197.374	131.488
631.465	393.043	210.970	157.118
635.629	388.130	218.694	152.892
636.406	375.821	212.317	155.961
628.082	364.152	209.730	162.537
628.011	355.215	209.249	166.705
627.860	337.165	204.132	169.088
627.201	325.125	200.059	171.686
622.012	312.806	201.852	169.844
623.737	304.707	205.248	174.463
621.541	300.112	215.002	174.899
618.905	295.203	223.216	171.870
607.234	289.659	229.902	178.350
609.836	293.487	238.693	167.692
608.691	295.158	227.172	181.211
604.635	301.096	226.815	181.501
607.254	310.431	216.552	174.491
600.147	316.995	215.960	165.049
602.302	321.577	214.086	170.031
601.593	318.963	222.835	170.791
605.811	315.402	228.386	169.220
598.708	317.124	219.706	181.396
591.827	314.410	225.802	180.779
592.709	308.517	210.623	181.832
584.282	302.834	213.318	174.844
579.036	287.195	218.331	188.529
570.674	272.393	207.170	187.407
565.861	254.823	190.504	191.892
555.405	249.500	162.282	184.476
536.359	245.174	125.750	177.487
508.424	245.872	134.643	159.306
393.925	234.270	148.549	142.054
395.334	242.340	139.590	155.308
366.703	230.561	136.680	166.868
362.631	237.571	181.607	166.759
355.254	239.330	173.706	157.720
348.428	239.607	160.330	161.120
349.501	242.940	148.844	164.177
346.340	245.429	140.119	164.067
345.220	250.244	129.042	167.983
342.468	247.943	127.304	175.864
338.043	258.255	126.171	173.335
320.652	262.071	150.427	173.718
282.212	264.759	181.143	182.884
262.717	271.066	195.944	169.640
233.077	277.317	187.631	165.733
194.663	288.063	200.771	155.232
166.558	290.960	185.674	158.119
119.655	298.364	171.873	153.305
73.618	303.210	201.178	160.601
38.322	305.373	222.655	167.266
41.822	306.536	206.599	159.669
15.021	311.758	223.476	160.192
19.085	316.533	211.961	152.742
18.354	321.598	205.281	148.893
27.044	320.470	196.712	149.344
46.918	322.362	171.936	152.438
87.553	319.326	139.574	155.531
98.561	323.361	146.433	157.395
110.855	324.311	141.748	164.841
123.249	326.288	134.779	162.096
143.953	323.509	116.831	161.598
157.531	323.360	102.019	158.774
159.779	324.024	98.030	157.964
160.539	320.982	98.315	157.044
159.213	315.030	98.997	155.316
154.318	315.474	104.969	145.886
148.892	313.318	113.246	140.035
140.547	312.366	124.838	139.988
130.706	312.353	134.088	137.270
122.486	307.991	136.429	144.597
109.829	298.542	134.184	161.515
91.915	290.196	133.768	166.947
67.525	283.706	143.654	188.320
31.211	278.413	161.856	187.786
18.345	275.506	161.591	183.222
8.066	266.455	153.562	178.174
3.903	269.561	136.094	173.728
6.320	266.820	117.645	170.915
4.890	265.037	110.110	173.246
3.890	263.711	106.774	180.306
2.520	262.055	122.933	181.155
3.835	263.180	142.712	186.368
2.323	258.772	162.252	195.713
3.522	258.620	188.981	192.607
0.000	256.946	223.603	197.370
22.169	266.838	262.763	197.573
69.036	284.051	277.938	187.592
157.326	287.350	221.363	201.091
247.958	276.937	153.033	239.422
255.460	285.671	141.078	221.873
383.801	277.391	164.972	206.140
404.449	268.913	216.326	180.402
428.648	259.205	241.634	153.324
446.666	240.865	233.739	164.005
443.889	209.180	269.617	183.218
430.057	179.690	298.018	208.847
424.732	158.073	301.695	228.182
411.165	159.543	298.938	228.484
377.919	159.698	313.439	233.860
370.377	166.469	291.822	238.421
343.235	194.683	294.184	241.258
316.597	216.079	299.886	236.799
292.255	263.013	257.314	219.761
203.168	296.275	272.152	198.829
161.713	304.282	295.674	207.567
61.480	331.696	295.847	186.948
16.493	340.446	243.792	206.772
10.990	333.164	232.321	206.805
30.046	323.596	176.727	175.341
12.044	316.698	135.286	184.528
6.035	305.132	130.089	163.853
2.095	290.617	127.961	118.462
0.000	302.267	114.528	80.824
0.631	300.135	125.831	84.925
3.018	305.145	123.464	100.066
3.603	307.711	111.718	112.858
2.223	299.041	111.838	164.077
8.267	297.189	127.590	190.101
6.789	302.463	144.030	188.502
10.077	307.210	147.708	224.971
22.068	309.074	160.226	245.371
35.794	304.392	174.043	218.574
39.767	312.957	179.026	216.620
53.507	300.167	222.617	206.730
64.528	295.447	253.443	175.897
66.799	286.764	319.529	157.358
100.480	285.023	317.188	126.735
152.311	269.812	286.209	140.348
200.840	255.027	296.219	168.157
254.452	260.769	304.761	174.810
248.719	238.347	260.467	216.349
257.303	226.386	331.376	231.714
246.220	208.278	336.864	270.924
245.683	200.242	305.118	281.326
250.973	170.463	269.198	289.035
241.078	135.869	239.405	276.954
246.154	116.782	250.702	233.579
217.565	111.180	296.759	204.327
226.364	73.346	286.868	238.393
240.745	57.128	300.274	257.774
221.823	82.437	315.794	270.781
222.281	71.016	375.305	321.337
225.927	89.026	407.723	330.375
266.570	105.149	343.607	332.806
294.064	129.310	316.138	305.402
323.906	151.266	298.983	287.855
355.383	179.938	276.326	250.751
336.466	199.059	321.243	223.886
311.039	216.408	378.268	216.599
349.914	227.393	358.904	237.727
400.330	232.415	287.113	270.762
415.025	238.374	225.890	306.286
423.419	244.601	171.841	309.624
430.235	240.741	161.367	331.975
414.042	248.314	206.432	318.237
397.150	245.216	241.269	305.782
381.841	242.297	267.987	267.677
368.602	234.677	272.512	250.912
364.887	213.678	259.160	269.518
354.486	193.247	248.725	297.402
335.556	185.509	245.708	307.051
303.361	188.588	257.182	304.240
278.200	202.236	266.567	305.326
253.925	218.828	279.837	295.472
232.954	242.017	283.853	281.487
218.308	268.564	261.862	259.665
201.484	283.875	214.948	243.021
192.973	285.761	194.323	263.663
187.902	287.085	201.954	281.572
177.784	277.258	198.780	294.581
169.336	272.246	201.118	283.664
132.595	264.998	235.127	273.027
85.905	262.619	281.961	265.493
81.079	251.882	279.104	274.750
81.069	254.933	288.147	272.957
94.980	261.673	301.034	277.196
109.889	270.488	319.371	275.017
83.587	279.439	350.456	272.620
53.054	276.067	384.000	290.057
48.883	266.087	426.353	306.106
61.695	258.937	400.037	307.705
144.750	249.762	274.431	310.076
175.642	239.576	236.208	334.546
164.594	226.098	261.093	331.728
136.138	232.605	349.555	332.793
99.502	236.361	444.145	333.922
74.376	243.783	494.382	331.806
73.272	246.141	486.953	324.995
99.509	232.321	430.574	338.912
141.313	230.262	362.553	344.097
188.934	243.878	291.470	332.122
215.171	245.013	247.191	330.746
220.282	243.361	239.613	328.453
218.424	236.420	252.520	338.546
203.897	228.599	286.466	346.101
181.493	229.750	329.432	339.293
151.606	229.201	378.473	332.205
131.937	227.587	358.660	301.741
126.417	226.349	397.109	296.939
145.762	206.792	373.907	318.512
140.917	253.207	298.757	292.987
99.420	258.967	290.491	276.283
66.966	255.895	335.581	309.053
24.873	270.808	398.554	296.050
46.306	267.757	397.570	290.620
97.123	257.813	334.793	299.209
130.252	249.466	268.407	312.450
151.339	240.879	235.350	318.028
170.343	240.586	224.142	301.185
183.698	241.233	222.113	284.251
198.153	242.406	218.576	273.816
226.905	246.432	203.342	268.918
247.697	248.070	199.738	266.615
267.036	250.575	203.755	259.670
282.332	249.659	196.354	264.848
277.331	253.861	237.537	261.872
248.099	265.994	259.649	259.485
299.008	261.720	296.736	272.402
329.788	251.085	250.722	262.346
396.946	247.351	213.682	290.598
394.664	235.298	215.148	283.802
392.102	227.292	273.136	278.679
354.521	219.503	340.000	281.043
350.642	211.246	327.323	281.125
370.134	204.263	288.141	289.668
393.269	196.346	229.573	302.954
402.269	198.421	210.779	283.417
394.096	208.124	239.827	272.086
374.425	208.756	261.034	290.464
360.108	209.957	271.045	293.350
363.145	209.834	238.009	294.025
358.379	210.815	186.255	281.113
330.498	227.153	219.655	249.715
289.525	237.763	277.832	229.968
281.708	237.319	288.749	226.036
297.853	235.385	254.633	238.595
306.212	256.760	186.987	227.942
301.367	267.471	184.631	221.190
278.715	273.005	219.609	229.762
243.521	269.074	261.563	256.990
288.260	268.360	216.728	235.257
293.890	265.771	156.202	260.040
307.117	254.809	152.327	252.837
297.461	261.562	198.572	233.551
279.477	260.647	245.164	225.314
281.008	253.271	268.329	215.640
288.383	248.606	295.940	195.585
308.006	246.194	283.306	184.210
315.841	242.593	275.853	182.824
328.271	242.290	241.199	182.341
365.740	241.883	164.182	192.262
388.795	249.483	133.193	199.348
384.591	256.090	138.698	221.868
369.200	268.827	172.601	214.184
334.686	269.235	222.852	208.233
312.793	265.941	235.356	223.025
302.808	262.971	209.800	229.949
316.473	265.067	166.142	242.721
329.984	264.237	142.727	242.109
284.373	251.148	188.616	238.895
253.243	251.630	241.624	227.919
227.207	246.484	276.033	231.259
228.867	243.382	260.796	228.827
238.849	244.854	237.940	219.143
250.859	240.737	224.851	211.758
261.071	237.644	214.400	206.284
265.291	233.915	213.087	200.198
269.500	231.886	219.717	197.092
277.745	233.204	247.957	193.251
292.836	234.529	246.447	193.284
325.166	229.418	224.025	204.837
364.734	228.664	217.254	201.973
402.091	220.602	228.600	203.312
442.326	221.884	197.037	179.813
451.065	219.319	228.892	168.880
453.708	217.926	255.851	137.400
453.809	218.754	270.934	107.357
445.407	210.880	282.484	103.486
435.165	210.719	272.876	93.531
410.964	210.139	258.290	87.995
383.084	212.020	254.254	92.233
314.186	213.857	262.287	104.258
288.378	225.261	257.576	113.733
270.133	232.635	231.666	124.880
198.221	241.897	243.233	142.182
187.173	248.858	241.132	159.340
145.942	257.019	248.727	175.592
125.102	260.013	242.515	169.068
106.815	268.063	228.129	162.422
91.765	268.023	221.051	157.529
91.779	265.260	210.871	158.602
92.079	262.364	206.749	158.305
97.250	258.605	203.831	155.378
113.004	255.935	199.777	150.444
147.380	258.399	189.035	139.629
188.094	260.202	169.107	128.714
220.818	263.521	147.692	120.199
241.906	266.206	126.563	121.424
273.222	278.718	103.000	110.347
280.367	280.955	81.233	100.801
268.685	283.978	86.883	105.895
254.986	279.476	89.921	119.372
248.954	265.585	104.077	99.984
245.753	264.132	95.056	95.504
238.848	296.590	87.850	105.589
229.715	289.863	116.349	99.660
227.440	282.518	119.467	91.870
224.798	261.970	126.518	92.034
226.428	265.633	108.531	116.294
207.297	285.115	128.532	102.998
230.424	249.948	133.162	115.255
212.889	203.170	145.396	135.028
183.958	176.054	118.692	138.200
190.797	188.651	126.055	121.192
346.608	231.043	132.331	156.050
308.652	226.470	141.203	164.209
251.839	222.216	166.390	160.106
192.081	220.158	190.930	157.537
162.288	219.956	204.447	155.563
127.675	219.735	225.428	157.075
94.033	220.967	247.763	158.801
106.165	227.461	237.423	153.542
117.222	233.094	225.962	151.487
140.992	239.231	201.254	152.044
161.598	245.271	185.472	151.831
175.141	248.839	177.121	154.431
171.300	254.970	200.204	157.205
177.027	253.376	203.822	168.920
185.239	252.682	201.088	180.108
196.467	255.054	194.600	184.271
222.813	255.624	175.761	189.692
247.061	257.482	156.242	202.858
261.577	259.924	156.298	199.689
269.000	261.703	168.069	196.981
334.244	261.992	126.353	202.197
355.557	263.229	117.391	194.647
370.772	263.263	122.121	182.093
422.497	272.010	110.321	177.148
439.073	278.291	122.271	172.123
446.832	275.999	133.994	168.451
457.497	272.649	157.030	172.936
463.614	277.225	163.059	172.512
469.120	281.411	176.494	163.998
467.660	281.253	184.824	166.739
468.338	283.535	187.860	165.017
467.137	285.727	191.581	162.594
469.141	287.319	189.194	160.448
472.116	287.536	176.155	157.201
475.562	287.249	169.120	154.061
473.120	287.580	160.430	149.178
470.541	285.957	150.242	142.553
466.878	290.932	135.829	129.040
450.007	300.362	139.647	114.237
421.636	295.816	109.269	122.091
397.416	300.338	102.663	106.729
346.943	288.839	114.777	116.740
306.265	271.916	97.523	129.420
280.549	270.063	93.062	131.000
257.031	271.725	116.925	127.754
220.332	271.619	154.513	115.501
202.477	274.198	167.862	103.380
208.993	272.472	160.268	93.927
226.455	273.998	142.338	99.261
247.000	276.777	122.675	110.703
270.835	282.446	100.260	125.322
287.887	291.857	82.901	127.566
294.150	290.982	76.811	134.877
294.327	297.154	77.992	134.564
287.984	303.992	85.826	129.495
289.324	304.730	82.307	130.755
289.336	300.653	81.565	130.534
295.755	289.492	80.600	138.874
396.487	269.813	97.688	110.494
400.607	278.310	97.496	109.923
412.752	281.985	106.751	128.843
440.005	288.493	101.564	128.928
452.698	287.131	109.567	130.376
466.011	285.859	123.984	128.496
489.410	274.003	112.606	134.448
486.828	271.198	132.742	122.736
481.841	271.951	174.247	109.559
460.517	271.115	199.407	89.661
446.463	246.830	203.583	96.391
439.798	230.612	190.995	109.873
424.359	226.098	165.770	119.926
380.289	214.583	148.831	129.287
351.071	217.484	157.065	132.626
308.367	219.722	159.561	136.951
279.130	227.466	176.434	134.867
271.634	229.523	180.067	150.996
273.427	237.677	176.339	152.195
282.472	251.689	168.371	138.168
290.023	266.429	163.994	126.019
295.945	270.948	161.206	129.709
306.743	273.570	154.653	135.853
313.631	275.411	153.074	141.209
365.192	277.649	114.488	143.058
406.314	280.864	111.043	138.994
450.003	290.695	109.711	128.363
467.168	292.345	136.918	128.827
476.243	293.226	152.108	127.225
483.423	291.164	161.378	129.124
490.281	292.476	163.215	123.633
498.246	294.418	156.436	122.423
500.721	294.997	155.216	120.529
501.053	294.574	151.767	119.324
499.069	295.440	144.729	118.254
484.244	301.555	135.968	111.820
461.092	303.676	131.743	107.482
451.660	293.506	114.014	116.612
427.183	294.507	108.634	118.047
327.023	273.376	90.906	121.266
353.889	276.102	97.475	130.424
339.205	279.051	109.984	116.110
318.824	287.332	93.716	114.765
306.452	284.871	102.319	116.454
290.453	286.491	121.016	109.308
270.591	282.541	140.319	109.034
265.424	276.184	144.084	114.055
268.730	270.989	140.910	119.898
285.181	270.256	129.803	123.382
309.443	267.827	112.074	124.423
355.667	275.989	91.833	118.331
375.078	297.644	99.258	99.318
373.869	291.051	96.304	107.297
364.447	292.864	112.190	107.834
356.682	295.723	120.172	108.080
359.559	296.856	125.698	106.887
362.489	296.019	176.441	111.256
356.267	288.985	186.293	118.844
355.251	290.555	185.926	121.681
352.541	282.488	183.710	131.819
350.662	281.710	182.660	136.645
353.837	278.334	160.341	140.257
355.306	278.823	124.671	140.301
348.273	289.481	94.093	129.202
334.357	293.515	97.989	126.069
304.276	292.766	126.345	123.238
279.422	290.577	151.504	125.168
277.621	289.905	150.775	125.071
272.837	291.612	151.308	124.359
270.493	289.520	152.360	127.932
272.488	289.110	152.449	129.731
284.984	287.214	143.588	132.398
306.026	286.371	124.529	130.522
320.287	285.757	110.219	121.887
336.110	291.900	102.419	107.485
349.908	290.406	107.489	99.558
458.131	290.867	89.740	96.236
481.993	281.563	90.226	89.714
475.921	269.566	121.673	91.344
474.574	259.980	142.669	110.385
497.773	236.194	142.781	143.000
510.838	248.802	135.238	123.102
503.725	251.192	141.477	102.769
496.903	222.912	141.395	110.605
486.814	210.142	141.238	124.524
488.935	203.291	134.022	127.227
489.926	198.042	104.733	116.950
488.930	196.020	91.458	116.961
476.889	197.673	93.622	112.232
461.724	199.672	92.327	116.561
444.160	205.362	90.283	112.714
430.394	216.910	83.712	113.948
417.072	232.733	92.031	109.825
411.037	223.496	100.154	126.836
402.738	222.571	111.015	128.470
382.039	224.338	130.094	125.222
370.178	241.400	134.380	109.855
361.841	265.009	138.299	90.430
354.029	260.693	138.057	97.932
352.756	268.508	136.562	91.044
351.546	273.046	129.068	87.284
344.486	270.535	121.300	91.237
324.028	257.632	127.092	103.842
318.979	264.932	110.153	102.197
291.400	265.252	123.528	106.496
269.992	256.516	132.135	111.624
262.864	260.985	115.829	107.730
261.568	252.952	98.652	113.604
237.653	257.929	122.164	104.744
226.691	256.440	137.706	107.484
224.485	253.815	161.652	105.926
233.699	263.053	159.056	99.813
247.991	268.372	154.319	92.508
256.819	271.061	156.998	84.808
270.677	272.421	153.713	77.878
290.758	268.172	154.734	79.565
317.606	263.036	144.429	94.835
333.613	265.290	130.303	96.956
335.514	274.115	133.096	89.234
341.933	275.980	132.204	84.554
376.772	270.195	114.404	96.180
376.646	264.548	120.966	94.938
364.386	264.281	156.200	78.492
348.039	260.818	167.323	78.766
341.915	250.825	159.549	84.740
344.837	246.642	156.916	90.502
358.656	245.072	148.621	79.727
372.841	247.904	139.648	68.788
385.744	249.758	139.574	63.048
393.682	243.443	129.894	81.051
407.793	240.491	97.043	96.361
419.765	213.923	104.010	117.586
426.165	205.813	108.281	99.299
422.384	199.281	115.375	100.635
414.369	200.417	117.778	100.785
398.513	190.091	131.400	108.278
386.357	184.824	141.547	118.983
371.573	195.245	136.720	118.046
382.789	197.397	129.390	114.140
356.756	223.047	115.932	99.091
353.003	232.751	95.229	94.734
362.725	253.428	113.651	84.944
352.740	272.132	100.485	79.666
360.137	272.474	117.669	80.614
361.854	277.436	117.312	76.982
364.482	281.828	112.052	72.197
359.402	273.600	126.355	78.243
347.405	266.619	135.468	76.699
336.801	262.953	140.786	70.382
325.277	254.271	144.015	80.329
320.299	239.929	132.571	85.457
319.025	206.233	130.776	99.120
350.658	182.919	119.210	114.246
354.411	172.495	133.609	123.385
369.407	182.112	132.321	115.116
383.689	183.289	124.581	107.654
390.184	203.260	103.260	92.886
383.803	206.906	116.027	83.681
378.916	208.633	118.018	82.695
383.559	207.972	125.194	88.291
379.473	199.374	134.028	100.177
382.635	193.686	117.765	123.098
367.209	174.536	141.549	91.333
384.202	159.530	127.493	81.466
395.000	152.582	134.662	67.467
398.180	140.727	122.891	77.580
405.220	120.957	113.510	78.683
424.968	109.666	111.387	81.611
445.408	98.926	95.075	85.927
446.114	78.668	91.382	99.721
435.038	66.290	100.217	99.502
405.755	57.420	117.231	79.855
386.319	60.518	116.389	83.755
382.921	67.145	87.486	93.352
359.791	93.227	103.113	76.554
368.329	120.390	123.290	63.668
377.503	132.325	120.669	78.269
399.588	136.185	110.313	84.187
405.296	138.979	112.530	82.566
407.050	139.697	112.878	79.569
408.221	136.785	119.683	70.125
433.116	117.290	105.981	66.857
435.733	105.375	97.546	77.468
435.959	91.080	79.068	90.927
453.121	88.926	83.226	84.913
461.795	94.727	99.470	70.911
476.585	97.239	93.266	89.494
476.831	105.853	98.818	86.155
472.759	131.089	103.624	65.169
463.441	145.274	96.319	72.639
458.656	145.666	86.588	81.845
451.148	144.038	75.040	88.415
475.121	211.029	84.684	90.842
431.064	139.684	80.324	85.248
414.790	138.421	94.337	64.177
407.761	125.074	86.452	69.603
408.704	115.173	73.424	78.635
377.522	110.566	96.821	81.663
356.633	116.800	109.056	72.057
352.122	119.503	103.835	96.918
354.375	125.407	88.226	103.504
349.233	146.760	116.334	87.469
353.377	167.641	133.480	68.983
368.459	168.818	118.753	76.787
386.281	168.221	104.588	76.699
399.520	163.744	104.676	79.759
403.634	150.992	116.057	68.418
423.088	132.203	107.831	75.666
449.032	113.924	74.125	83.823
453.826	113.255	82.429	79.996
457.603	111.150	102.856	75.382
501.049	191.339	97.908	111.226
508.914	191.758	104.665	110.885
512.972	191.831	110.544	112.325
487.580	128.963	111.886	114.506
484.098	132.456	130.747	138.876
472.412	122.551	102.043	99.647
462.317	106.349	102.195	97.875
455.754	93.891	98.623	109.295
444.505	87.913	100.787	97.599
433.431	85.737	103.232	89.193
432.306	85.720	84.843	78.246
423.034	84.763	89.498	73.910
396.273	89.751	108.325	65.810
362.885	92.450	130.188	60.943
354.283	93.923	124.393	78.038
336.823	97.629	102.057	91.192
339.206	102.324	94.894	83.675
340.198	105.927	98.091	87.618
345.963	115.480	97.800	90.770
368.947	128.077	116.496	85.036
388.141	120.833	112.803	91.612
416.883	117.882	87.013	87.737
427.833	114.505	76.227	82.637
431.795	111.776	76.618	82.318
439.434	105.784	78.669	82.065
438.589	106.027	91.788	83.587
440.177	105.683	105.215	84.289
441.538	108.090	107.023	76.230
445.263	111.100	106.056	70.929
452.559	112.823	98.845	76.789
459.573	115.949	103.956	86.633
456.525	123.567	112.449	82.687
466.203	133.145	106.958	87.208
460.413	142.597	101.936	101.604
457.452	146.785	107.593	95.974
448.664	155.414	101.129	99.939
434.133	150.540	107.022	86.845
430.001	143.619	91.833	92.707
439.480	186.336	106.752	99.517
422.498	144.290	81.323	89.809
410.337	160.766	79.612	75.558
403.286	169.290	76.636	79.750
407.943	180.175	91.201	79.756
412.072	187.241	99.840	80.196
392.293	192.581	100.275	90.926
391.963	209.102	104.298	97.230
393.529	226.463	108.935	82.867
401.764	237.239	107.884	85.250
408.611	254.936	110.092	76.294
419.658	260.741	105.642	85.434
468.796	285.555	98.723	64.156
475.984	288.167	105.880	56.062
492.510	282.553	112.943	59.741
524.353	257.302	97.130	76.337
536.339	245.854	86.139	81.464
543.589	240.513	83.684	79.139
543.039	236.336	88.633	73.802
531.484	235.165	97.106	76.417
523.088	231.230	102.638	80.963
498.884	252.071	102.605	61.807
478.162	255.045	99.167	61.594
457.872	250.149	89.595	72.022
443.412	249.081	85.380	79.233
420.819	235.730	80.588	91.813
398.621	227.469	75.847	86.917
367.716	217.209	90.077	89.855
342.775	214.439	101.345	97.857
337.106	212.785	103.588	87.343
339.212	213.644	101.427	82.202
338.338	219.924	100.753	77.967
350.116	241.420	96.437	72.331
355.407	252.178	94.110	82.983
356.512	259.853	94.693	91.466
360.226	281.196	98.014	74.515
372.918	304.222	107.838	55.648
378.621	312.464	109.778	52.790
378.424	313.617	110.956	54.106
373.464	307.024	113.442	58.788
367.686	300.468	113.718	63.669
366.539	296.631	103.507	65.608
366.258	291.877	101.674	67.960
365.916	283.855	98.950	72.791
368.309	266.228	88.344	89.582
367.558	250.624	94.856	99.337
371.251	250.526	96.470	99.247
387.529	252.555	105.500	89.378
409.674	271.234	113.072	65.137
438.763	276.452	99.273	64.333
451.432	282.423	105.992	58.101
455.241	284.067	121.009	59.043
465.118	286.081	117.575	59.088
465.052	277.366	121.480	66.063
475.685	264.269	114.131	71.879
479.993	257.416	107.156	69.719
478.461	251.505	115.980	70.625
476.577	244.050	123.426	74.111
499.262	245.362	114.132	59.354
521.517	229.858	109.028	68.369
542.602	218.397	91.899	78.635
557.061	217.929	77.066	76.609
559.217	210.330	75.262	89.085
549.658	207.711	86.334	92.382
542.195	224.877	92.135	82.985
527.482	238.151	107.184	80.090
520.925	255.276	105.584	81.683
528.474	270.835	105.339	77.163
524.062	282.032	113.937	70.047
526.826	287.988	112.307	61.476
528.639	286.234	101.441	61.416
517.417	285.190	107.026	55.861
503.264	279.004	108.146	55.952
486.867	266.830	90.177	60.920
480.145	257.566	67.934	70.094
405.700	235.152	67.620	82.170
407.831	256.003	65.039	69.873
409.780	256.059	57.859	77.903
407.365	257.047	57.753	78.821
407.786	255.686	60.965	75.845
408.473	256.962	61.041	81.021
402.917	258.865	80.812	79.521
405.352	254.985	74.435	78.206
501.125	272.714	98.076	55.961
526.070	274.276	107.329	55.063
546.119	266.956	99.123	67.092
551.324	260.411	95.445	73.105
552.752	259.374	92.436	73.354
553.265	256.346	92.984	73.987
549.441	253.170	98.065	76.285
535.234	255.924	104.201	72.831
515.628	263.621	122.939	57.741
503.257	262.537	131.433	58.840
468.383	260.497	154.220	60.740
450.789	265.815	137.530	57.576
436.210	267.576	126.184	53.055
411.247	263.835	125.347	56.055
406.642	254.345	123.949	68.538
414.566	248.554	114.653	69.495
421.512	245.020	108.685	72.980
420.483	234.049	105.456	70.053
425.330	223.122	104.181	84.710
426.404	215.957	110.910	93.856
441.757	212.118	106.065	82.427
464.443	204.439	97.558	70.986
474.785	205.200	99.719	74.959
458.015	215.340	116.016	89.899
461.344	226.614	126.626	79.427
450.348	238.061	118.094	72.621
442.902	242.097	122.655	69.362
442.436	242.263	103.408	73.450
442.029	241.006	101.122	72.366
440.115	229.576	102.699	78.606
411.795	223.284	98.705	79.362
409.127	215.833	110.319	61.395
413.145	206.172	109.686	64.577
423.830	208.432	102.785	60.265
437.998	199.392	87.510	70.348
402.961	171.326	83.280	73.988
400.808	177.572	106.986	66.719
389.010	175.564	106.665	70.032
384.256	173.277	95.855	82.516
382.817	170.894	95.324	85.744
379.092	183.899	101.956	83.771
380.325	192.629	109.397	90.147
384.542	197.480	116.234	84.674
396.905	203.194	113.011	88.829
406.991	201.710	114.913	89.685
435.161	202.804	113.275	79.602
456.890	196.939	102.860	69.337
462.152	194.552	103.982	64.305
477.897	185.285	97.694	71.517
488.553	157.107	96.155	87.185
504.968	150.612	97.108	92.429
507.633	151.580	100.519	89.117
505.299	154.295	105.148	89.641
524.400	156.272	82.847	90.999
532.194	163.049	74.327	84.821
517.545	166.930	90.364	82.692
505.204	171.620	105.188	81.222
505.140	178.451	104.995	80.922
493.234	181.162	101.704	86.924
473.034	188.064	105.269	82.502
444.828	194.037	114.466	75.633
412.400	186.997	99.844	68.989
379.979	179.348	100.069	65.495
376.297	171.228	97.106	70.877
348.416	165.118	106.206	69.660
324.412	164.027	108.602	72.856
309.408	167.634	109.595	72.963
310.776	176.593	97.338	83.420
301.884	181.291	87.468	81.315
298.102	206.125	91.716	70.699
294.718	205.624	91.384	84.177
291.899	223.303	90.088	78.567
297.439	232.912	91.007	72.747
300.163	241.427	96.810	72.484
296.725	252.052	93.148	73.103
291.393	270.544	106.157	58.640
297.769	273.794	106.865	61.193
307.252	268.497	102.198	67.763
324.426	262.039	98.801	72.025
323.310	258.559	103.042	72.937
321.569	239.939	109.725	79.757
318.458	228.354	113.157	73.523
320.686	198.219	107.856	89.821
337.394	186.878	91.411	100.925
341.256	178.095	96.301	87.527
342.761	175.483	110.578	87.324
349.620	170.670	111.306	91.017
368.321	198.983	102.511	70.303
379.185	212.054	106.362	71.516
384.636	217.148	112.937	79.840
377.570	219.155	116.388	77.491
376.984	212.382	104.047	86.856
377.776	200.292	91.427	92.766
382.723	189.308	78.062	91.100
380.512	187.292	91.233	79.880
376.281	179.592	90.196	78.492
368.473	174.182	90.852	76.995
369.493	161.659	96.958	86.893
368.114	157.474	98.575	79.721
370.140	148.255	87.967	92.679
366.000	153.910	87.832	87.474
362.187	164.653	92.854	82.555
372.559	185.061	103.440	80.924
391.970	197.456	95.889	93.527
401.263	212.928	135.495	71.901
422.856	217.322	124.620	67.416
452.625	214.065	98.129	65.902
471.020	200.823	95.598	73.495
479.405	198.488	97.986	72.840
507.427	198.967	95.572	112.569
526.539	209.320	94.637	116.225
521.690	170.040	103.381	101.358
525.050	165.617	97.012	94.348
545.887	172.752	76.424	89.538
526.755	182.836	99.346	67.769
513.826	207.459	95.040	99.157
504.391	206.562	113.734	94.094
514.536	202.976	103.833	104.888
514.086	198.859	95.744	108.847
501.479	197.202	108.458	99.564
463.626	187.162	105.315	79.997
454.010	180.506	91.174	70.427
451.716	173.018	81.459	74.464
442.525	172.268	75.013	79.818
415.544	179.779	90.716	72.886
376.253	184.466	119.041	62.305
365.309	184.895	111.043	72.674
359.228	177.928	68.352	97.467
335.092	198.206	93.072	89.811
328.203	213.582	104.608	81.429
355.119	248.301	91.346	59.420
361.719	251.034	89.249	69.248
371.833	255.427	88.470	76.591
382.120	257.865	90.401	76.877
392.874	259.121	88.557	75.206
397.877	252.619	95.713	78.809
403.151	248.075	101.158	79.069
405.584	249.590	113.312	63.420
405.051	239.393	103.605	69.869
397.615	239.172	76.424	76.071
401.892	243.871	74.846	73.887
462.627	226.793	83.268	76.247
466.720	225.129	83.498	71.034
455.462	236.263	92.127	70.935
432.856	252.101	106.635	62.374
426.756	255.107	109.363	56.660
421.186	257.025	103.525	58.415
418.089	249.304	96.798	66.433
418.818	251.636	93.491	66.228
410.459	246.148	102.225	72.865
405.578	245.850	107.946	73.067
404.324	245.373	103.114	73.486
404.730	242.586	100.226	79.543
407.121	242.090	93.882	84.621
405.735	242.670	93.055	85.291
406.468	244.576	110.385	84.663
412.847	250.193	117.581	77.289
418.995	254.514	115.259	71.787
427.545	253.029	107.077	72.952
427.860	260.515	110.010	63.473
430.395	262.321	105.793	58.679
428.260	263.551	121.120	53.949
428.473	263.011	122.424	53.817
436.167	260.132	108.287	57.957
439.815	260.895	102.248	58.026
441.388	259.907	97.431	60.457
432.952	260.392	103.951	60.938
427.633	260.895	111.702	63.522
418.991	261.937	119.852	64.553
414.807	263.263	117.865	64.110
411.110	265.100	122.256	62.819
406.700	266.839	120.966	60.845
402.656	266.385	121.908	60.326
402.486	266.791	120.474	58.765
400.577	267.580	120.850	56.303
399.725	267.897	119.766	54.941
401.011	266.733	121.409	55.357
402.065	266.318	119.425	56.351
404.255	265.963	120.942	56.411
405.563	267.162	119.064	55.422
410.304	268.401	115.098	55.593
412.913	269.851	121.664	57.845
414.870	271.829	116.970	58.988
416.605	272.577	116.157	61.109
414.839	276.442	115.115	62.445
412.910	279.881	113.672	64.290
407.858	283.960	113.208	67.507
405.725	284.574	113.015	73.774
403.254	285.308	112.619	80.770
397.667	284.366	122.493	87.343
395.767	281.607	127.649	92.457
398.026	277.053	123.635	96.152
405.459	269.073	121.879	85.637
412.468	266.108	112.111	71.793
419.325	258.448	111.115	66.221
425.455	268.685	120.915	51.383
430.045	267.026	123.483	51.048
452.417	268.017	113.386	50.103
468.465	267.207	117.545	50.569
482.672	281.097	135.548	46.892
488.768	285.370	129.524	56.298
505.391	294.796	116.811	60.218
515.239	295.925	111.841	70.209
520.176	302.712	107.999	72.574
516.909	308.624	101.640	75.720
514.668	309.708	94.339	82.338
509.029	307.210	86.295	83.401
500.846	300.945	68.646	88.609
495.784	285.087	65.733	88.004
493.855	272.854	70.150	89.347
495.433	266.097	77.412	76.585
496.944	262.729	97.101	57.169
503.988	259.399	112.851	42.350
515.012	254.262	119.440	41.346
527.247	249.395	111.870	40.681
366.896	223.356	85.792	88.012
359.972	220.094	91.901	93.395
361.917	216.369	96.558	91.988
360.122	210.707	96.107	95.620
348.084	205.045	107.445	99.379
349.101	220.982	116.231	85.294
341.201	237.556	116.657	92.063
363.059	371.534	73.681	97.288
364.335	370.379	72.651	83.046
397.828	282.533	89.562	74.033
380.826	279.670	86.013	82.604
359.931	273.678	71.928	92.275
339.260	265.585	97.057	75.846
327.755	254.588	109.666	67.862
291.020	231.585	107.609	75.602
301.409	224.553	122.369	90.157
311.060	237.144	103.835	92.660
325.529	260.005	101.773	75.828
334.157	259.957	95.041	79.033
322.521	278.001	91.049	82.294
323.694	296.221	87.896	62.176
334.948	305.982	81.141	83.038
424.885	263.538	102.596	67.818
456.687	273.086	99.506	82.405
478.828	272.801	93.975	98.488
483.299	270.930	105.311	103.554
498.023	265.091	117.866	105.986
506.637	259.202	124.998	94.375
513.222	246.451	124.170	87.860
533.410	248.174	116.635	75.208
534.852	221.454	110.888	74.141
548.256	215.941	108.855	72.722
549.131	209.710	109.122	80.783
539.529	204.969	112.013	85.330
529.670	206.256	114.270	81.465
524.710	204.906	112.813	84.717
366.427	273.190	87.996	125.361
394.843	291.593	79.117	148.338
394.668	290.113	84.340	124.657
415.433	278.552	83.101	116.661
410.380	281.149	89.518	103.562
395.664	278.017	80.150	108.083
354.614	249.395	96.538	115.696
319.202	245.105	117.956	105.337
318.883	250.329	103.738	112.291
315.316	219.556	128.518	110.392
335.579	232.469	118.899	128.626
303.340	200.299	128.436	136.858
310.447	197.084	127.026	109.908
321.098	191.349	122.983	80.644
330.422	197.110	121.497	78.646
348.601	203.249	125.312	79.063
381.774	207.935	106.249	83.480
401.889	226.151	131.425	83.168
416.328	233.842	120.757	87.896
445.310	252.319	128.717	87.719
475.858	246.994	125.409	105.056
430.622	238.311	157.896	112.308
421.448	217.308	108.563	116.709
410.975	232.022	112.720	127.627
391.329	300.897	97.892	118.879
427.723	215.729	113.153	112.448
416.915	219.873	122.709	116.533
434.174	218.501	117.283	108.676
394.766	304.931	79.954	101.175
389.178	300.699	71.915	91.316
395.131	296.728	68.738	81.438
402.841	286.586	63.184	90.473
465.858	237.858	84.598	82.716
407.732	220.093	79.435	92.586
435.689	240.151	101.663	88.292
429.411	232.579	103.443	94.296
409.312	223.573	123.984	97.921
407.833	216.882	124.234	100.246
409.900	209.878	121.776	99.194
412.823	206.588	118.213	97.129
413.993	205.021	122.625	88.638
419.082	203.135	119.996	90.688
420.236	202.254	117.940	93.545
418.255	207.755	119.615	94.004
420.376	208.981	112.787	100.621
422.230	226.855	116.589	97.913
420.112	253.106	104.217	102.631
416.523	255.962	98.334	96.297
422.624	264.344	96.381	94.399
427.781	268.309	95.207	89.306
426.433	263.981	91.673	92.783
427.311	256.822	92.160	94.794
429.701	249.967	94.152	90.847
406.848	251.202	88.465	105.305
432.170	215.086	104.257	97.509
444.837	198.020	104.995	90.470
451.212	199.137	104.764	95.894
457.038	186.600	103.310	93.813
450.824	178.940	95.114	100.404
419.612	227.167	71.443	112.640
407.942	237.523	80.072	109.162
427.089	246.100	74.780	106.795
449.572	152.960	108.284	94.696
450.776	153.896	115.566	104.245
449.760	170.048	113.801	88.258
455.359	182.025	107.691	81.554
459.824	185.610	100.848	84.552
457.214	188.721	110.303	84.004
457.445	192.496	108.744	87.277
456.254	195.776	115.520	97.374
454.759	195.908	115.727	110.869
453.970	203.272	117.425	111.636
457.024	200.763	110.225	122.481
448.152	205.974	116.910	105.662
428.611	233.253	119.993	118.607
432.430	273.363	109.335	112.013
451.484	291.602	99.908	89.096
454.465	298.681	73.023	86.667
464.984	295.420	62.570	85.667
455.476	299.935	65.243	82.221
455.049	295.762	60.847	86.745
452.576	288.662	64.724	92.880
459.571	250.942	63.398	97.429
457.250	245.433	76.059	89.501
424.397	241.589	85.051	86.295
414.890	229.050	106.813	97.673
425.298	212.223	101.744	114.477
430.569	203.774	100.516	120.741
432.954	164.705	87.325	146.536
425.504	197.411	98.730	133.218
430.115	192.563	90.072	130.179
428.425	97.353	73.068	107.732
427.358	96.127	67.897	101.809
426.723	95.325	64.343	100.206
423.543	97.516	64.568	93.953
421.684	100.363	62.503	91.141
423.462	141.061	61.319	85.378
423.612	151.102	68.319	75.401
428.446	158.690	70.814	83.825
474.229	188.532	75.025	68.610
487.761	187.682	68.877	67.972
438.624	200.029	66.095	97.314
442.873	228.032	65.028	109.129
438.781	285.761	73.490	86.019
460.698	274.990	60.347	100.228
456.948	280.867	66.767	97.961
463.017	290.062	65.243	91.477
467.146	293.151	61.936	90.639
457.785	298.949	70.015	84.820
459.368	296.089	68.556	85.945
456.729	296.181	68.942	83.552
466.093	281.954	60.271	93.625
464.205	277.899	58.822	96.286
459.846	268.397	58.351	99.501
453.854	228.837	56.105	125.683
439.326	219.357	66.180	111.230
441.712	186.384	71.931	103.490
438.420	170.729	71.295	105.904
435.144	155.835	68.120	119.430
434.359	147.141	82.238	137.707
432.295	147.905	107.302	134.373
429.466	156.205	116.467	149.767
409.991	177.225	128.950	133.373
392.434	159.439	132.108	145.539
376.615	176.872	135.945	143.728
398.863	164.104	126.887	142.151
369.761	175.703	131.718	128.896
375.673	174.565	108.939	120.564
362.467	177.533	103.099	99.743
398.556	183.963	85.348	123.050
426.467	248.308	92.307	100.853
412.459	284.784	82.138	80.853
406.333	283.398	88.036	94.349
397.493	281.119	98.015	108.950
387.686	291.248	111.542	107.160
380.435	288.126	120.456	109.611
373.918	284.764	127.821	114.494
367.899	286.154	133.123	113.173
367.316	289.128	136.453	110.075
366.290	288.878	131.783	110.370
366.406	290.797	132.105	108.587
367.383	289.394	127.558	110.812
368.180	288.550	122.316	109.993
369.921	291.002	117.219	106.600
368.292	292.334	117.256	103.864
368.805	293.573	116.949	99.111
383.138	294.032	99.829	100.148
389.282	293.801	85.771	97.584
404.512	294.397	75.695	97.556
408.821	294.123	71.132	100.482
407.954	294.516	70.761	98.925
413.443	295.880	74.002	92.659
410.382	299.263	82.768	91.498
412.067	301.449	89.990	90.855
413.649	301.896	97.133	91.301
406.203	307.081	103.922	86.958
420.726	301.428	100.230	89.956
418.014	302.055	110.069	86.007
419.205	306.284	112.782	82.459
419.579	304.086	125.738	82.136
419.702	303.332	133.859	80.917
423.363	299.385	138.594	85.417
425.404	298.770	143.263	88.748
428.265	299.999	137.134	87.732
427.328	299.927	129.884	90.302
424.871	307.327	120.783	93.461
424.288	309.722	103.936	96.431
419.028	310.735	99.697	91.023
511.070	308.059	96.529	80.053
509.705	307.434	96.471	79.368
510.031	304.838	94.926	80.894
510.482	303.395	95.208	82.856
512.082	302.671	96.331	81.212
513.214	300.803	95.823	81.673
513.646	302.997	97.275	78.889
515.482	302.901	102.888	76.224
519.759	302.126	105.685	75.603
520.565	302.234	106.232	76.754
520.635	302.380	108.882	77.478
523.549	303.420	107.339	75.371
523.149	301.798	107.950	76.306
523.997	302.491	106.512	74.990
522.711	300.459	107.150	76.401
524.408	299.935	103.554	77.331
522.427	298.987	104.255	78.244
523.398	298.848	101.279	78.690
525.726	297.948	99.307	80.017
527.360	298.183	96.127	79.942
528.165	296.942	94.616	82.354
527.231	296.099	93.452	82.097
526.901	296.734	94.300	81.770
527.267	296.802	94.952	82.670
527.582	298.473	95.629	81.591
527.511	299.378	93.696	81.103
526.343	297.902	94.510	82.449
525.122	300.355	93.298	79.808
525.094	300.736	92.000	79.979
526.159	300.839	88.106	80.330
523.674	299.605	87.232	82.947
522.193	300.472	84.775	82.094
518.996	303.673	81.616	80.216
514.644	303.220	80.848	76.894
514.933	302.882	75.841	75.799
512.160	303.621	78.418	74.635
509.465	303.976	78.752	73.798
507.912	303.275	77.358	75.382
502.814	304.258	82.771	73.624
501.094	302.898	81.990	75.320
495.416	301.922	82.827	73.350
491.294	302.130	81.815	73.470
486.752	301.784	80.548	75.058
481.070	300.991	82.524	76.008
474.847	302.015	86.357	73.504
467.876	298.979	92.170	77.013
465.815	301.787	97.243	76.445
456.606	299.774	100.187	79.557
456.318	299.210	98.121	80.916
456.050	299.691	96.253	78.466
452.756	299.836	97.700	77.633
452.623	300.252	98.145	77.625
451.405	299.514	97.091	78.119
446.065	298.235	103.618	78.005
443.869	297.848	106.564	79.308
444.525	296.414	104.276	81.294
439.837	294.552	108.477	82.858
440.153	290.580	104.381	83.931
443.064	291.018	95.546	82.752
440.997	285.639	87.007	87.382
444.473	288.753	83.288	84.307
439.948	285.762	82.225	85.189
440.120	286.246	76.548	87.393
440.668	285.361	80.235	83.721
434.411	281.188	77.218	88.499
434.182	283.795	75.490	84.315
433.309	282.916	72.445	84.411
431.578	283.456	70.175	73.482
428.588	283.781	72.085	72.326
427.644	284.577	71.946	71.111
430.626	287.584	67.719	70.856
429.784	285.571	66.553	74.701
431.303	289.696	66.682	72.423
430.240	288.705	67.818	74.836
428.365	288.514	67.855	74.951
430.839	291.020	66.798	72.903
429.663	289.718	67.421	71.019
435.328	293.157	65.660	71.563
431.089	291.031	72.410	74.751
430.401	290.041	73.591	77.496
430.441	291.490	73.466	75.666
429.848	290.362	74.106	78.824
430.827	291.051	71.909	77.212
430.409	289.567	72.129	80.506
429.248	289.623	74.294	81.239
433.006	292.340	72.150	80.893
431.602	288.158	72.300	86.672
427.806	286.768	75.211	81.606
432.189	290.993	72.317	79.810
425.971	288.790	76.597	79.945
426.397	288.445	78.362	84.717
426.659	287.697	77.591	84.991
429.333	285.334	75.089	87.675
428.470	282.232	72.877	86.061
428.481	279.487	73.622	89.561
429.379	275.967	70.761	89.150
429.720	272.270	69.009	91.267
422.595	259.829	70.835	94.862
420.268	248.580	72.673	92.009
413.057	243.197	79.902	90.169
405.376	232.301	78.803	93.384
398.670	221.121	76.671	99.864
402.243	224.787	84.890	88.393
394.854	202.489	93.553	99.382
390.298	202.716	100.071	107.839
388.612	205.362	103.258	107.723
380.714	176.178	107.237	136.572
393.370	219.124	108.220	94.771
414.865	218.333	89.234	91.424
420.966	224.372	85.942	83.762
425.807	231.494	81.215	76.367
380.014	180.381	70.444	91.163
379.923	179.770	90.595	79.039
393.356	186.334	102.482	81.047
407.320	205.387	97.125	62.061
398.813	212.410	89.676	54.290
401.882	201.621	89.239	67.930
399.882	218.633	97.016	75.641
390.390	247.394	118.927	59.158
396.657	250.801	106.696	54.815
401.752	251.653	94.983	62.251
406.341	254.046	96.097	79.970
410.743	259.625	94.536	83.064
413.780	251.129	89.590	98.125
419.728	248.208	87.464	101.472
425.538	245.647	79.038	88.173
431.345	234.261	73.106	92.657
432.936	232.598	68.722	103.606
440.169	209.465	74.094	95.391
451.575	202.415	66.234	94.674
447.447	175.156	84.862	103.430
442.072	193.404	112.256	109.133
459.018	206.346	102.733	101.836
456.405	187.083	114.627	104.484
453.996	179.835	117.890	111.264
449.974	170.714	117.094	104.969
463.138	168.128	107.578	102.154
449.067	179.982	120.125	89.958
464.657	224.617	100.693	83.797
464.578	246.160	98.304	70.562
490.630	262.462	64.322	70.111
501.947	273.813	54.521	65.052
515.334	238.939	50.647	66.854
517.421	237.820	51.143	71.390
516.819	243.574	51.341	69.219
516.321	256.089	51.102	67.469
505.502	288.092	54.631	68.935
504.296	292.100	53.402	66.509
503.474	284.628	53.735	73.772
489.515	252.225	65.219	82.775
446.192	253.158	81.675	70.542
440.773	240.410	89.264	81.737
465.645	213.658	80.141	113.829
443.771	209.402	94.526	102.895
436.669	197.729	102.210	105.589
426.612	185.893	111.359	105.951
419.281	186.164	113.804	113.914
401.323	168.935	130.619	113.520
371.750	162.326	144.049	108.509
341.631	133.410	154.466	163.968
342.997	107.521	92.611	136.995
338.875	112.760	99.585	127.716
335.133	132.547	89.005	113.943
324.050	173.265	83.943	90.185
318.506	172.271	96.035	100.117
308.789	189.209	100.732	93.559
311.698	205.625	102.648	88.892
310.212	218.421	100.066	87.258
318.717	237.962	107.779	89.537
316.284	253.249	121.125	85.245
324.346	260.913	111.327	88.991
338.061	276.405	118.454	85.717
342.774	279.092	111.988	96.465
349.921	290.732	120.067	84.935
353.900	272.832	101.019	105.309
357.273	267.912	97.607	107.784
358.587	256.173	87.367	111.749
360.920	243.689	81.796	109.896
370.911	238.684	93.246	120.301
382.345	210.374	90.305	122.369
373.691	192.787	87.404	98.804
376.237	178.645	81.419	103.552
387.759	143.800	70.270	114.758
384.357	141.924	101.393	112.935
392.198	107.086	99.187	102.780
380.732	130.535	104.900	89.487
399.413	102.081	109.674	99.691
389.150	120.773	111.362	95.901
365.001	127.668	126.565	125.485
398.378	176.672	124.541	123.876
392.027	160.771	147.419	111.656
412.242	188.298	129.661	115.728
386.079	154.074	142.137	94.710
398.123	208.011	148.295	84.170
412.752	232.221	134.197	83.558
446.290	237.501	119.064	88.302
449.613	251.863	112.611	98.255
478.161	266.886	99.310	99.771
434.004	282.525	112.292	97.725
485.159	284.695	89.528	104.507
494.269	295.311	78.357	94.452
497.360	294.177	73.383	97.168
491.837	288.717	76.680	99.775
460.461	273.846	99.883	99.380
456.563	254.613	108.351	104.515
399.439	172.711	85.677	109.480
389.359	137.047	108.350	93.474
394.226	189.933	85.270	109.777
392.073	174.875	91.128	121.105
397.035	151.497	120.860	121.296
403.996	158.156	124.933	129.269
399.516	160.122	121.970	121.344
399.982	152.562	121.699	122.456
386.677	149.075	136.080	107.886
393.166	145.386	131.408	109.660
418.504	139.111	111.061	110.538
417.703	143.193	118.796	108.103
407.851	139.232	121.840	103.100
392.379	93.497	121.943	117.519
403.308	4.060	92.596	107.132
409.386	6.294	77.231	126.942
412.366	14.725	71.287	120.986
414.485	37.009	72.487	114.434
421.800	126.815	94.171	84.819
426.570	145.358	133.098	129.598
418.958	147.929	148.755	132.362
418.005	165.735	147.173	127.416
424.552	185.398	143.509	142.710
423.571	218.522	144.103	109.730
443.021	274.822	80.198	147.506
435.457	277.909	87.243	127.341
453.381	296.015	94.777	168.368
435.055	286.004	110.265	110.496
449.098	289.415	110.563	76.551
457.872	251.060	132.504	125.068
522.489	424.171	168.763	95.639
475.921	420.966	166.915	93.928
486.557	424.023	173.483	97.457
496.517	415.161	192.278	106.417
530.006	424.001	174.682	103.263
548.455	437.145	154.065	89.730
560.459	450.769	139.733	81.091
572.913	455.316	131.025	76.305
573.139	461.973	129.193	70.614
577.819	469.905	128.658	72.740
551.139	466.877	148.243	74.406
570.857	464.644	149.399	83.206
548.816	465.374	150.480	83.766
453.555	270.490	116.656	103.016
456.592	249.350	96.032	109.854
376.659	199.824	81.255	114.403
373.495	203.860	77.397	100.519
382.968	227.143	99.421	98.193
374.386	232.708	92.397	91.217
427.386	275.831	117.442	103.802
427.127	271.788	116.065	100.572
407.653	268.757	133.928	103.805
434.487	392.063	91.758	101.185
427.045	307.936	114.997	73.664
427.452	394.724	94.527	98.076
438.118	389.097	89.840	103.717
428.825	381.513	92.046	110.036
441.498	395.277	95.117	101.953
441.390	387.535	84.466	104.461
439.474	389.814	95.031	101.681
435.496	273.271	100.646	104.782
424.350	258.436	106.206	114.676
445.060	384.531	86.053	105.277
454.325	373.048	87.150	108.157
435.899	353.277	108.737	119.771
462.540	315.944	130.521	113.516
432.945	305.336	134.527	129.239
437.266	292.575	132.322	120.722
397.361	282.719	126.989	119.851
390.070	277.512	139.999	104.813
384.415	277.248	132.447	96.760
377.785	272.901	122.897	94.471
372.833	255.554	121.585	109.633
367.282	246.279	115.556	117.185
361.892	239.846	113.859	125.031
364.017	247.491	115.367	117.439
369.449	248.313	103.173	116.855
367.286	246.321	105.793	123.251
362.301	239.191	111.048	128.559
349.697	230.538	128.419	131.544
316.156	222.763	134.551	140.136
303.059	210.194	140.991	137.519
286.602	204.175	150.242	132.846
251.486	193.416	148.103	130.507
220.919	193.440	147.497	103.367
214.337	190.876	139.376	95.118
195.834	186.493	142.423	92.397
195.330	186.113	129.460	88.571
193.138	190.682	131.387	92.051
193.940	189.169	130.400	96.727
210.453	209.396	131.869	90.110
211.534	218.933	135.823	83.121
247.957	235.847	127.151	83.284
329.061	275.408	122.375	82.831
350.340	280.286	125.733	85.959
379.735	289.264	118.694	85.537
421.311	297.351	84.665	90.448
419.940	299.113	75.781	80.287
415.302	300.964	86.963	74.481
414.667	300.401	83.629	81.301
405.671	294.771	84.609	89.137
394.523	293.967	91.603	85.094
379.419	292.085	98.647	82.100
331.300	300.338	116.756	61.694
314.814	303.149	121.547	57.475
305.082	299.615	112.947	62.999
298.753	300.709	112.462	61.612
295.000	302.567	103.137	59.557
285.372	301.370	104.186	61.899
279.277	295.859	111.830	67.953
281.860	284.820	124.274	80.351
352.953	188.939	108.170	109.107
400.517	251.495	107.825	99.780
404.824	256.272	97.817	89.523
310.963	218.889	111.368	107.505
304.284	223.254	134.093	99.727
299.034	235.124	140.690	86.379
296.389	234.332	148.394	79.873
312.614	232.761	146.435	77.358
325.074	239.136	136.106	90.387
324.168	241.109	125.249	101.835
338.405	243.952	114.352	110.166
371.631	223.308	132.766	138.919
376.189	258.221	152.626	122.835
471.230	277.110	152.039	112.755
493.440	278.219	151.990	103.527
520.251	282.879	143.324	101.722
534.615	270.705	156.332	95.573
552.802	269.722	158.144	87.859
564.407	269.117	148.904	82.645
555.007	263.599	141.258	71.834
545.194	263.327	142.574	69.874
532.842	256.473	134.139	68.067
533.107	264.471	132.827	57.892
327.398	291.262	97.029	67.311
306.252	291.062	100.531	70.326
302.257	290.108	90.263	70.524
300.720	284.335	94.628	78.022
311.066	269.903	103.564	86.114
294.586	268.146	109.957	81.902
277.792	270.028	122.102	83.013
258.768	274.410	132.887	86.525
241.305	269.196	141.812	102.211
236.853	271.521	135.535	105.135
237.608	263.010	129.387	102.128
239.977	262.061	134.010	90.274
255.808	260.607	119.547	88.403
257.717	263.571	114.077	86.793
257.619	264.692	113.284	84.550
256.178	266.587	114.848	80.984
243.806	264.744	127.292	86.512
236.003	265.023	124.245	89.314
231.409	267.873	127.742	89.424
231.811	273.838	115.521	86.713
227.476	278.897	110.686	82.592
235.709	280.600	103.530	77.928
246.867	283.050	100.325	74.279
262.678	291.185	91.950	69.698
275.127	292.458	88.628	64.730
271.413	237.072	92.514	96.175
265.554	218.288	124.580	110.815
418.644	256.054	116.608	62.988
428.856	250.252	98.876	69.259
424.212	241.945	99.245	71.589
305.254	140.734	90.946	123.010
260.568	166.977	128.061	104.385
263.401	159.676	140.395	122.299
410.727	233.525	133.611	80.214
393.714	235.515	134.453	84.422
327.317	250.411	148.888	80.216
310.313	255.376	131.332	91.596
263.265	262.934	137.851	87.245
237.278	270.453	127.756	95.667
217.930	271.662	140.089	100.018
166.832	283.401	154.419	90.910
149.163	290.100	156.328	88.684
134.695	289.231	144.372	101.457
122.111	290.288	147.517	104.725
121.922	288.550	144.692	118.371
123.980	288.877	147.784	113.910
131.270	292.247	131.604	107.820
140.935	289.522	126.470	110.183
141.623	294.201	119.062	103.871
142.566	291.320	122.710	108.498
147.312	279.613	116.011	118.667
147.636	274.080	117.194	122.759
153.011	266.708	122.765	120.246
156.287	253.161	128.168	128.831
167.753	234.123	115.043	123.804
256.969	220.097	113.470	104.880
208.494	187.942	142.347	116.719
218.112	183.268	155.731	118.966
248.948	188.757	126.722	114.071
235.329	183.580	140.315	112.926
243.172	160.075	137.371	141.176
250.680	148.319	136.812	147.587
254.471	163.188	141.645	143.826
222.018	120.946	138.785	156.579
270.927	168.615	134.026	134.514
272.458	195.086	144.930	104.071
279.895	205.884	156.129	92.171
286.747	210.380	156.556	90.930
308.870	214.454	141.010	84.403
335.656	215.430	112.485	78.373
355.588	222.590	93.807	69.052
368.796	224.894	81.322	75.761
380.083	225.553	72.635	73.216
394.010	224.926	62.832	68.777
338.537	260.901	64.997	71.598
339.933	243.800	69.846	85.814
348.445	222.173	87.718	93.501
333.676	214.902	121.067	93.805
360.100	206.353	107.127	88.405
332.606	207.419	125.227	85.334
348.166	169.346	114.029	126.887
356.202	177.518	112.250	112.319
348.398	161.060	118.865	130.585
347.886	157.288	122.349	128.094
362.251	160.178	107.508	123.302
265.472	87.415	117.683	107.686
272.034	95.914	97.034	102.375
331.490	96.897	81.752	101.872
341.847	157.276	119.634	113.125
338.456	113.884	78.151	141.125
388.044	198.308	83.837	83.095
339.045	203.991	72.828	107.480
345.709	227.279	89.063	95.259
361.323	258.596	89.645	78.087
388.614	268.952	68.145	85.193
394.695	286.943	63.135	78.776
399.991	290.753	58.548	83.866
399.023	290.316	62.404	83.670
399.476	290.409	62.780	83.790
399.671	284.897	63.783	86.441
400.855	271.684	62.150	87.810
391.609	254.018	65.924	80.223
378.417	225.611	70.845	92.270
380.040	191.023	68.404	119.317
373.156	166.579	91.104	107.269
338.975	132.431	117.406	124.992
294.578	119.913	123.409	95.061
297.629	120.686	113.821	126.569
294.250	110.216	102.951	119.816
346.490	23.455	95.439	152.846
344.281	12.267	100.604	142.368
358.280	16.774	105.939	144.813
298.734	123.711	135.352	125.170
297.398	137.475	130.931	125.060
299.238	79.015	142.905	160.535
315.801	93.865	172.838	118.115
355.745	94.100	137.152	124.681
357.933	105.425	144.169	132.811
342.389	122.658	173.560	141.719
321.003	145.573	219.816	146.798
358.227	169.066	241.432	158.939
368.695	189.101	278.011	194.861
331.862	179.141	224.763	180.286
347.665	194.002	235.325	175.941
298.541	167.149	199.840	160.831
312.441	165.042	194.392	160.434
311.820	141.717	185.722	151.643
305.268	149.277	177.987	147.198
323.485	174.503	205.726	158.452
335.910	162.349	212.085	172.310
300.387	74.207	201.584	205.199
306.692	74.091	226.782	220.625
281.778	65.145	271.375	212.436
281.810	39.443	249.139	200.255
253.942	31.327	265.698	207.518
228.241	25.237	284.563	197.651
258.839	34.987	275.593	199.510
263.159	32.910	267.312	201.605
251.353	41.281	278.017	187.952
283.010	72.415	254.213	177.881
297.998	105.708	252.318	158.715
340.298	162.376	248.528	147.418
305.672	105.296	168.993	156.916
283.855	52.236	213.361	188.334
300.242	69.720	201.039	189.474
207.253	30.776	238.397	181.321
181.268	92.105	205.780	200.265
123.572	126.138	184.820	186.760
130.404	176.780	163.316	152.370
148.889	195.253	150.637	140.499
158.178	219.983	137.426	116.659
161.412	208.193	129.610	126.675
170.323	205.771	151.971	121.932
153.741	186.158	143.545	138.853
135.215	185.231	169.259	132.364
149.722	163.578	160.860	147.982
121.535	158.438	150.313	145.645
130.485	176.023	145.062	126.390
108.224	178.424	148.451	122.908
122.330	176.297	142.365	127.999
100.473	165.241	150.260	134.568
113.737	185.514	137.671	115.017
120.682	204.591	127.788	97.389
118.808	196.175	123.822	103.198
117.051	199.138	131.623	100.835
124.799	212.038	127.744	89.848
129.968	200.612	110.618	103.795
129.455	198.261	109.662	105.947
123.566	199.941	107.939	104.774
132.173	208.808	124.869	96.240
136.833	223.976	138.640	82.698
131.080	212.379	133.716	96.311
125.249	195.431	131.734	113.004
132.664	183.675	136.610	123.941
115.224	179.686	148.785	129.432
121.841	198.442	166.113	111.182
127.535	190.437	158.456	119.971
125.626	182.708	161.474	126.809
134.235	198.920	156.487	110.190
114.919	170.452	155.445	139.269
101.786	150.052	165.928	156.671
103.695	161.517	181.921	150.496
119.737	165.999	163.161	144.829
135.668	183.308	149.169	128.737
129.138	182.099	161.609	130.847
124.459	176.826	168.347	137.750
122.132	189.556	175.925	124.464
115.211	159.521	184.063	155.949
113.956	150.760	181.647	167.215
107.363	146.713	192.169	172.513
111.932	146.242	190.172	173.412
109.397	146.639	193.053	175.829
111.047	150.913	195.327	168.474
109.582	149.762	197.091	169.527
105.657	151.038	203.836	170.908
105.402	151.923	202.928	170.007
108.963	148.010	190.279	172.895
111.822	153.091	194.310	169.329
119.511	150.774	175.726	167.517
135.410	136.921	164.652	178.687
130.358	109.553	164.028	188.600
153.319	67.306	222.892	182.307
171.820	6.617	213.037	212.655
169.052	9.564	187.773	202.208
158.661	19.636	200.669	176.246
166.637	11.133	191.537	172.628
188.870	24.050	189.232	166.684
182.362	38.961	189.672	185.596
164.005	42.885	204.256	185.198
159.868	52.732	205.065	194.138
180.386	76.592	188.896	172.878
187.440	104.439	185.224	146.111
260.236	12.987	153.592	202.868
303.735	13.014	120.836	181.424
287.496	164.173	132.418	146.904
281.382	217.855	110.139	124.289
286.381	263.362	96.628	87.554
287.087	265.981	89.955	78.736
297.697	258.245	102.358	83.986
296.283	242.958	91.992	97.183
308.264	215.347	104.854	114.405
330.011	172.848	106.596	117.191
300.354	114.330	121.002	153.609
307.258	37.394	138.491	181.129
110.190	36.402	169.292	157.667
209.975	28.801	163.923	199.643
270.654	25.420	199.696	203.192
266.018	22.877	211.331	207.595
257.982	9.915	225.952	221.196
257.038	17.007	233.770	215.380
256.816	17.561	233.843	211.078
263.497	21.283	228.847	208.540
267.941	28.359	223.281	198.748
256.972	50.263	233.134	179.406
264.904	64.810	230.194	164.880
248.814	74.947	242.730	160.744
334.274	92.370	157.192	155.229
339.688	112.301	134.894	152.869
334.489	134.707	120.263	155.687
309.579	141.386	133.219	159.326
325.275	185.773	112.397	185.414
185.948	228.936	146.637	177.987
340.754	205.135	111.438	167.639
314.321	163.871	135.462	156.726
319.235	165.506	151.098	157.082
90.658	50.882	159.810	187.387
132.357	33.928	192.479	176.311
193.109	71.299	169.490	163.507
198.977	65.935	154.849	163.256
213.112	65.329	137.345	159.544
226.056	63.346	124.492	156.550
221.838	77.392	125.747	147.588
223.728	82.419	122.218	142.879
224.037	83.451	120.188	143.187
225.299	72.380	119.078	154.739
182.541	54.506	145.036	160.166
171.730	60.699	154.536	152.331
183.465	66.072	141.915	155.109
189.610	74.309	117.079	145.932
186.118	97.569	122.042	134.287
184.005	130.709	126.677	103.869
189.554	123.644	177.609	112.315
257.200	113.064	185.563	152.861
271.424	102.674	195.502	164.853
254.115	108.983	191.120	170.593
231.517	125.465	185.899	167.117
240.439	178.625	167.309	148.838
228.431	212.263	163.649	136.796
229.531	237.072	142.693	120.387
208.445	237.293	143.492	118.443
219.177	241.613	142.152	121.114
196.399	184.718	176.408	150.507
253.918	188.606	146.655	157.520
233.852	154.766	171.580	163.488
212.171	155.271	203.856	164.468
197.630	130.401	221.870	161.523
242.119	88.578	206.782	169.140
259.951	72.023	183.283	181.054
261.406	70.156	188.528	158.855
276.615	52.330	200.958	145.262
327.959	35.150	160.370	148.565
286.975	12.741	185.304	129.836
275.728	11.406	217.280	146.792
226.233	45.674	249.825	123.350
102.604	269.528	180.987	224.281
38.775	225.778	198.266	185.191
13.521	144.721	210.905	215.004
51.979	37.653	208.636	210.839
126.059	34.763	183.433	163.761
126.221	46.442	181.578	182.880
104.463	19.406	181.630	211.796
155.763	316.342	167.251	185.211
296.549	206.596	199.178	163.179
292.971	208.404	203.930	171.733
297.088	202.377	199.295	179.482
296.164	215.944	202.114	160.847
322.734	189.356	168.847	160.266
320.660	171.525	177.252	146.515
336.958	141.354	175.381	164.575
343.054	115.789	174.597	184.873
345.569	97.142	173.680	192.341
362.289	84.031	212.535	186.226
364.280	69.790	221.971	161.978
378.793	118.566	208.946	152.980
403.680	124.522	196.192	155.491
405.932	125.701	210.580	163.668
397.808	148.084	180.417	167.715
390.011	190.658	170.250	147.543
386.556	208.346	168.837	148.294
392.280	212.536	160.774	162.923
393.128	211.121	152.181	169.378
352.497	221.161	161.917	154.815
365.050	211.829	152.015	157.815
376.181	202.699	133.407	174.180
377.692	197.865	122.117	170.714
379.856	182.600	110.655	149.442
364.976	186.737	118.847	131.247
372.584	175.617	111.237	131.535
290.111	167.185	127.756	109.914
298.052	151.829	131.845	118.913
357.836	132.052	134.583	143.314
354.513	133.434	143.993	146.371
322.970	129.499	185.729	148.973
324.940	143.535	188.112	140.780
310.427	174.836	199.570	107.818
333.498	182.267	181.906	102.846
361.810	175.687	155.070	119.701
377.566	191.532	124.514	121.381
389.410	206.722	110.949	96.865
387.848	212.028	105.893	98.456
382.658	224.615	85.460	131.570
372.785	251.297	75.744	121.377
366.014	253.284	70.073	123.953
327.044	244.248	101.193	129.286
354.775	236.930	78.990	145.747
343.004	236.322	80.809	145.393
344.028	234.826	94.951	135.693
351.237	199.820	115.862	123.537
371.066	196.566	94.815	103.305
376.141	194.520	90.310	100.656
360.640	181.563	105.735	108.908
342.070	167.438	124.495	125.636
338.671	71.791	103.334	150.267
341.395	64.403	123.195	148.489
337.250	61.547	110.537	164.731
332.393	66.531	146.413	181.294
331.622	61.385	140.664	225.920
325.030	173.954	162.878	118.514
336.723	194.726	155.794	103.121
339.774	203.515	151.515	93.749
342.976	212.723	146.195	89.240
352.266	212.329	146.281	98.459
363.295	235.614	118.754	87.682
373.430	245.660	88.214	117.968
408.310	246.834	76.317	131.672
404.952	269.619	90.876	125.438
406.693	271.301	102.741	127.227
418.012	275.825	99.401	135.127
456.110	281.454	73.824	138.804
465.536	275.715	70.854	149.432
471.253	269.897	73.323	145.405
480.590	269.195	71.359	138.252
487.842	249.881	73.998	121.893
495.495	238.757	70.761	130.538
497.363	230.573	81.037	132.920
500.777	222.187	85.596	134.890
489.917	216.883	102.211	118.323
483.683	206.309	108.941	107.996
491.186	196.114	108.554	105.196
515.684	189.403	93.613	108.257
479.510	189.146	131.491	104.086
451.066	206.177	130.965	91.198
466.581	226.092	130.201	86.875
461.232	211.637	118.080	107.658
509.808	171.183	102.265	148.861
441.773	192.439	136.957	133.128
463.946	112.477	116.210	125.720
482.343	205.061	118.974	132.214
465.096	164.533	110.367	147.690
488.059	224.434	96.262	141.792
471.827	231.096	89.517	118.195
466.100	226.292	83.757	120.102
453.947	209.191	78.853	127.383
436.761	196.706	86.233	117.051
431.011	187.227	92.210	105.223
418.622	183.753	108.511	96.972
334.100	99.970	94.381	96.728
371.368	164.496	112.417	117.466
394.578	94.331	95.324	149.428
389.751	149.822	135.694	119.152
382.886	104.292	100.451	144.145
346.700	182.090	144.441	117.632
344.698	186.180	107.101	104.866
332.923	195.367	105.722	87.173
339.629	191.547	90.199	91.724
332.420	200.456	80.647	84.375
337.228	205.567	89.467	81.437
356.768	220.239	77.145	121.416
361.711	220.915	78.968	122.838
364.011	247.858	73.357	106.678
367.361	249.003	71.608	101.141
372.441	263.769	70.335	88.696
382.655	257.724	74.540	87.746
390.152	243.108	83.224	92.858
388.686	216.254	104.137	97.143
389.922	204.712	116.731	86.526
395.368	205.182	117.977	86.656
410.139	194.104	115.528	82.387
410.803	194.620	99.423	82.890
416.690	193.472	102.811	81.258
435.742	183.462	102.321	99.966
440.131	196.329	125.701	79.887
443.894	203.123	132.866	70.976
455.482	203.270	125.531	74.289
455.345	202.978	128.515	76.597
463.952	202.112	124.870	81.990
468.690	201.842	121.981	84.064
584.614	198.724	73.730	133.972
575.659	209.249	84.774	122.558
574.287	210.883	84.180	123.755
570.557	213.401	87.103	122.670
564.619	213.840	92.290	123.740
551.967	211.915	98.648	127.240
549.036	209.560	101.358	136.365
543.370	208.497	106.835	131.165
537.538	223.914	115.027	117.189
531.836	211.820	120.868	119.779
519.876	216.575	130.523	119.725
498.508	214.980	135.105	128.152
510.021	208.388	120.218	135.387
506.600	220.454	115.658	123.916
501.086	233.559	98.239	114.098
504.526	252.239	85.682	98.925
512.417	257.280	73.225	96.296
492.046	253.619	85.961	103.277
398.712	254.096	99.552	81.454
396.991	256.693	117.721	86.917
375.901	266.806	106.242	98.881
357.476	268.304	111.286	108.962
330.812	268.888	130.874	109.551
313.974	271.477	137.672	121.765
296.418	274.076	138.213	125.653
270.325	277.569	158.009	120.587
264.725	274.353	142.686	117.070
259.866	276.521	109.994	114.116
255.444	275.120	113.684	106.990
253.274	277.559	110.422	100.317
254.370	272.940	117.168	104.804
257.532	270.421	123.891	102.323
257.850	269.069	145.497	105.396
260.523	271.559	153.833	99.608
278.357	276.827	142.934	95.786
297.348	277.002	127.832	96.241
319.017	281.577	114.629	91.223
320.520	278.268	110.466	88.685
330.329	277.068	100.076	76.406
327.745	275.695	98.159	76.725
324.770	266.877	101.943	86.722
314.520	262.336	110.697	94.182
301.508	274.257	119.314	92.251
292.650	282.283	119.562	92.755
283.941	284.011	101.579	95.875
261.900	289.912	146.030	96.786
240.386	290.615	125.491	106.177
231.563	296.070	132.581	96.812
233.073	291.285	145.503	97.617
234.264	289.268	170.574	94.614
252.454	292.031	169.818	88.145
285.872	291.711	146.084	84.982
368.203	277.119	127.202	91.136
385.559	270.918	132.494	101.447
427.441	255.473	144.676	104.730
455.252	263.892	142.002	112.980
454.860	256.577	142.801	122.356
462.575	257.871	127.860	122.477
476.755	252.772	102.702	127.384
481.558	256.110	86.566	123.553
481.476	254.159	76.863	117.712
485.555	262.696	66.020	108.696
480.976	265.616	71.665	103.635
469.013	264.294	83.267	105.861
466.094	263.055	100.123	109.345
443.387	270.821	129.093	105.958
459.699	251.263	129.736	120.615
358.252	246.141	95.387	144.637
303.086	262.316	122.154	107.083
267.125	264.674	148.615	103.606
234.181	264.678	165.189	96.637
214.271	257.611	164.824	106.966
202.145	252.769	144.006	108.668
198.181	252.525	137.381	108.606
199.946	251.264	143.404	109.892
204.409	247.665	141.930	117.802
236.370	256.101	133.421	111.765
273.812	270.107	102.011	98.934
284.386	263.490	96.291	88.293
278.987	269.484	102.607	92.688
260.373	272.214	118.909	83.445
268.635	275.491	124.295	79.713
259.240	278.852	103.074	74.644
252.660	283.366	102.105	82.456
232.944	288.354	117.538	83.464
201.618	276.311	136.456	95.951
173.522	273.939	157.068	108.730
156.156	274.013	161.137	106.947
146.861	279.152	174.583	104.224
160.895	273.447	172.848	99.555
203.890	265.925	145.868	103.342
243.496	271.312	153.204	95.221
307.246	275.122	125.007	111.428
351.145	272.970	170.221	109.322
376.932	262.624	171.475	131.842
382.190	265.424	172.162	135.695
399.516	266.923	156.584	140.277
409.534	263.765	139.033	146.736
416.464	260.512	129.838	150.750
422.984	258.663	114.486	147.944
439.484	262.477	101.758	140.389
439.847	264.044	110.923	133.875
442.095	263.135	139.018	129.867
424.730	260.976	149.128	134.148
398.598	271.421	156.437	140.256
462.141	266.688	133.521	117.338
279.896	266.363	151.161	76.306
240.567	261.228	144.793	83.031
217.049	263.201	157.676	95.221
196.104	264.283	160.016	93.897
184.310	257.828	176.263	100.136
169.822	252.227	162.664	104.808
180.210	253.215	154.715	96.575
204.443	259.292	158.898	84.938
232.810	266.546	150.732	72.055
252.077	264.446	139.682	71.150
303.233	259.456	106.270	75.329
325.311	261.512	88.018	86.107
322.195	261.329	85.830	86.426
316.427	262.874	90.407	92.002
309.707	261.055	96.823	90.252
289.911	268.230	106.690	101.955
276.305	279.256	88.950	106.215
256.960	281.643	96.486	113.975
219.858	281.391	118.756	112.773
192.886	280.187	145.723	129.555
173.387	273.541	153.545	126.487
150.085	271.623	173.732	113.196
145.976	268.598	166.487	108.969
149.406	270.199	175.642	88.209
164.308	268.181	167.868	84.113
203.511	252.921	163.613	106.177
273.878	241.502	120.744	135.021
285.318	246.901	136.091	105.900
303.935	248.536	127.276	94.673
320.462	254.583	145.348	132.170
324.860	256.097	177.960	142.141
329.032	251.050	184.484	151.512
330.723	250.713	173.636	148.247
327.946	251.116	143.089	131.878
328.846	247.252	125.227	134.407
379.299	244.260	152.059	110.620
406.378	258.529	141.430	107.670
302.731	245.923	128.279	151.888
348.613	247.206	112.965	144.436
357.412	247.328	118.311	140.171
359.552	260.065	159.345	144.244
352.215	253.521	182.674	167.293
346.934	257.916	190.268	171.662
354.554	246.208	177.774	161.240
340.784	255.609	168.692	154.032
334.144	239.058	172.639	146.431
340.471	232.435	170.222	148.726
355.266	224.609	158.378	151.500
351.742	211.477	154.729	151.717
345.100	216.767	161.115	125.566
333.215	212.778	173.275	113.382
322.817	217.724	181.109	102.057
324.101	220.156	177.297	101.550
318.021	219.037	190.579	106.383
306.149	220.107	179.799	113.317
291.579	236.702	164.687	112.680
290.904	238.069	150.261	115.387
286.827	241.973	146.145	117.948
288.755	247.523	138.856	152.497
283.373	246.794	152.063	160.854
261.356	242.706	176.428	165.034
255.010	235.242	176.320	163.284
245.447	230.117	185.284	150.683
231.743	224.508	194.573	159.964
228.084	215.915	203.703	157.180
231.773	201.200	209.894	165.626
231.824	216.566	197.304	138.586
252.006	238.717	183.096	111.947
251.268	244.174	169.007	144.267
248.894	252.630	167.334	159.542
252.311	258.171	163.889	168.199
251.129	251.314	168.689	189.966
246.625	246.936	177.528	190.599
244.285	243.273	216.017	186.294
246.907	241.906	201.940	193.190
253.366	243.822	211.024	185.969
304.122	240.854	166.960	199.711
316.439	236.836	151.704	202.592
324.755	238.798	149.597	181.759
328.727	235.723	146.320	177.917
333.442	232.813	150.848	178.310
338.096	231.646	162.540	180.193
340.088	235.947	186.707	181.475
336.563	242.639	225.233	182.148
340.457	239.700	231.902	198.952
331.682	235.105	233.124	200.625
304.087	224.232	223.229	206.974
286.386	215.439	200.796	204.251
286.559	208.575	199.884	201.560
284.374	214.953	201.244	193.820
282.580	211.919	206.798	195.097
295.294	208.245	194.529	199.017
311.430	209.165	179.725	198.225
331.601	213.504	144.034	198.122
343.925	215.228	126.809	194.719
333.738	227.783	127.069	189.193
325.039	225.469	165.266	217.541
311.472	223.530	180.706	216.793
293.084	220.072	190.599	188.577
269.620	210.363	191.940	180.791
267.499	201.123	177.626	182.557
275.928	202.126	160.623	182.120
286.224	213.969	143.819	166.677
270.087	230.448	174.061	159.197
253.563	228.690	209.293	179.290
251.145	220.284	205.043	191.522
260.880	221.260	184.969	199.682
277.150	228.469	176.644	200.457
318.794	225.680	159.656	225.944
321.178	222.712	180.796	229.015
326.505	220.849	194.349	204.318
346.037	214.051	167.481	195.978
306.365	172.947	182.433	192.498
273.667	134.211	215.014	220.760
270.350	135.650	235.798	216.793
268.864	145.306	217.630	216.923
295.233	175.021	203.790	216.417
286.538	197.194	174.614	214.641
264.206	213.002	193.232	197.326
277.003	229.039	249.673	232.055
275.688	215.130	287.295	248.765
280.862	212.519	296.093	263.002
284.058	203.748	304.637	270.335
289.086	210.066	309.029	243.543
288.683	212.912	267.059	218.529
352.994	226.171	282.688	186.151
290.000	215.348	259.467	194.636
360.711	211.103	239.620	175.776
369.516	229.840	263.014	170.129
382.825	234.643	266.428	183.653
380.996	255.652	272.000	211.587
427.902	256.077	229.688	228.970
439.733	248.102	229.289	247.809
439.627	240.954	231.684	251.550
432.227	238.257	238.347	243.271
408.281	243.191	251.734	228.493
371.745	253.372	270.128	233.553
340.147	266.303	297.769	230.860
331.033	266.963	287.833	252.852
323.028	265.683	306.855	267.342
317.538	261.216	297.972	280.263
301.746	250.755	298.600	297.506
286.725	245.861	304.188	302.661
267.486	243.655	331.504	306.970
260.238	239.789	339.939	316.287
260.511	247.554	337.241	313.736
262.857	258.154	345.484	309.700
270.438	263.427	340.452	301.299
275.364	259.612	329.736	300.764
279.466	259.911	306.738	296.570
285.037	247.085	278.379	308.291
301.085	235.925	264.276	327.709
310.745	229.879	253.993	336.355
313.371	226.725	252.990	343.206
313.261	226.037	250.541	345.022
309.330	233.648	249.372	337.692
306.790	221.293	245.538	352.444
300.989	227.701	249.733	344.790
290.992	226.056	253.577	342.943
279.950	224.194	245.374	345.446
278.635	230.703	245.387	337.368
279.838	239.775	253.968	331.373
273.741	242.886	316.026	327.499
271.156	241.604	342.579	330.521
262.347	249.235	363.136	314.381
257.352	238.914	362.530	314.686
251.764	224.714	337.210	324.034
246.370	219.766	337.173	257.896
209.552	199.511	361.396	279.505
235.499	193.407	339.690	286.047
237.089	189.714	315.490	281.524
244.218	172.788	287.359	296.465
322.373	178.929	200.725	279.574
316.752	197.047	223.280	251.715
317.666	236.157	291.158	219.599
247.494	237.667	324.075	248.644
251.091	216.543	371.466	281.388
235.713	194.863	363.250	292.793
230.125	173.863	358.466	312.891
223.415	174.081	364.046	305.602
226.603	177.864	362.292	265.796
209.003	176.131	317.459	252.856
195.272	170.410	320.960	270.810
186.071	164.971	321.019	282.388
199.996	178.942	295.146	277.001
239.621	204.213	252.668	254.188
261.924	234.733	237.868	251.004
273.260	240.446	230.465	285.355
277.865	230.386	228.963	328.355
295.806	224.390	248.614	259.113
312.446	224.196	234.521	208.571
301.647	225.543	256.733	185.938
313.365	235.749	307.833	138.642
318.933	241.396	328.409	128.234
327.528	239.311	267.257	156.872
329.437	241.767	207.195	169.738
352.624	238.078	232.919	196.191
315.312	232.014	238.883	187.529
410.464	231.524	242.537	202.551
406.035	233.950	240.771	203.556
331.092	229.049	267.498	199.629
314.310	226.000	203.162	211.943
325.143	228.297	177.568	237.430
324.360	235.272	166.133	237.079
290.030	237.077	200.883	217.093
282.830	237.368	195.597	217.830
277.814	239.571	184.914	219.739
290.237	242.937	162.835	220.577
294.662	249.284	156.763	227.982
294.230	258.272	158.438	224.879
305.072	264.983	151.731	221.203
310.416	261.041	165.853	228.180
295.948	250.034	182.903	254.543
272.983	255.870	225.939	240.768
264.750	256.603	238.971	214.283
256.247	250.676	261.246	214.252
256.184	265.362	257.548	202.588
258.640	273.447	254.546	190.123
260.153	277.384	256.373	179.508
265.987	276.487	247.257	185.222
278.423	268.916	230.781	200.065
330.868	251.685	172.030	222.438
343.223	245.636	152.609	255.614
352.562	239.877	142.468	236.991
363.513	225.615	142.722	180.954
372.701	224.172	136.950	169.277
355.211	204.951	192.200	147.989
336.946	194.407	216.455	140.942
337.190	192.696	229.365	134.083
343.513	202.851	232.545	122.224
344.837	209.347	216.047	122.084
356.793	247.632	158.779	96.885
348.752	255.340	184.700	83.551
343.006	251.624	209.656	99.038
358.785	248.117	214.036	129.892
375.600	246.122	210.744	167.348
399.860	225.448	184.862	201.980
399.934	211.060	179.132	160.702
397.813	207.921	182.442	129.951
385.778	189.785	163.230	141.720
390.108	181.016	157.049	132.831
402.383	154.781	157.812	118.664
421.476	103.607	144.541	159.548
428.633	101.485	175.951	158.071
406.490	115.477	193.194	159.724
404.290	113.558	190.354	157.178
404.718	99.195	175.750	177.008
380.540	164.347	160.813	150.439
387.538	182.504	144.363	158.299
397.442	142.207	162.151	168.223
401.622	120.653	172.221	177.511
356.549	222.524	141.563	161.539
351.163	207.092	138.145	146.000
340.078	213.536	120.173	155.745
305.609	220.444	119.777	170.139
269.501	214.363	130.280	168.468
219.368	211.760	152.667	157.570
190.166	197.661	161.785	152.860
191.715	181.776	166.596	149.658
195.954	180.039	181.968	141.849
182.990	166.548	198.368	127.089
195.828	134.603	201.090	121.738
248.648	126.878	164.801	130.405
285.117	113.223	135.744	149.597
323.147	94.942	110.918	171.326
351.402	113.731	157.892	162.642
369.627	134.798	179.415	181.469
359.911	209.496	178.329	140.459
347.927	216.966	178.694	138.796
339.737	233.625	163.671	139.061
332.989	245.980	126.707	140.337
279.586	239.682	127.323	145.384
250.473	230.363	140.751	127.326
224.274	220.979	159.198	112.319
224.352	204.346	160.783	113.089
230.721	182.032	170.356	103.175
256.460	148.125	156.703	113.243
283.060	131.405	136.581	131.447
318.772	117.268	112.104	143.689
332.109	116.473	114.474	143.630
346.323	102.441	108.023	161.553
353.534	121.517	155.639	145.597
407.873	124.644	169.269	148.163
442.316	115.654	158.025	184.327
437.725	130.990	150.864	180.965
441.698	135.084	148.040	190.346
404.251	238.913	161.695	113.152
403.592	247.601	118.450	146.286
366.993	248.377	146.711	137.570
344.698	240.749	170.682	148.919
328.898	235.518	177.745	155.652
321.778	213.273	158.109	179.490
312.894	208.278	138.656	154.588
316.817	204.293	154.680	98.098
312.311	199.630	162.702	91.918
289.647	171.390	179.707	119.790
294.148	158.459	176.869	143.057
301.780	149.559	179.407	153.725
335.265	145.999	164.497	139.576
365.667	137.786	139.557	150.262
398.258	126.211	133.769	147.048
414.992	152.578	131.292	139.032
397.309	199.844	152.634	131.532
370.069	236.328	117.238	118.245
382.983	245.276	91.228	119.712
415.736	244.048	120.758	98.155
384.181	238.859	120.638	117.092
365.631	238.850	109.606	131.668
328.441	237.505	126.378	125.992
301.821	237.837	149.827	125.334
274.605	229.524	158.062	137.111
240.236	218.234	145.088	144.122
221.813	212.131	144.020	138.312
211.530	213.833	144.909	132.867
198.071	213.090	158.805	116.172
199.094	210.880	167.780	108.017
202.180	207.229	170.103	98.837
211.034	198.376	176.624	96.382
247.727	191.565	168.783	85.533
267.258	190.763	156.076	84.695
317.580	192.922	115.415	80.984
341.095	204.144	147.914	75.082
403.671	240.794	135.464	74.183
427.113	257.285	128.174	65.672
446.820	257.647	105.330	79.608
463.289	271.392	110.146	96.573
462.400	269.605	102.703	100.439
395.487	251.322	100.686	109.989
371.318	247.077	95.102	88.456
375.619	243.860	84.091	107.282
358.477	242.670	110.174	127.131
331.733	239.627	140.794	138.958
304.177	221.862	148.057	152.406
290.798	215.401	144.865	150.540
290.599	207.890	138.644	140.454
276.802	206.642	143.333	124.768
270.713	209.228	152.665	114.066
284.051	208.527	157.687	71.848
274.928	198.743	164.740	73.887
274.078	191.261	181.893	76.765
282.244	181.553	172.027	88.603
290.268	178.000	195.223	97.550
355.295	168.645	161.111	126.470
385.162	174.539	156.627	133.806
415.093	173.973	135.701	146.564
441.966	174.142	136.696	136.842
449.051	184.278	138.612	132.742
454.341	163.115	157.139	129.870
442.496	168.676	149.728	112.545
446.259	170.596	132.644	101.165
450.625	147.737	134.837	119.256
449.829	154.436	125.387	114.269
443.369	154.541	126.056	113.731
437.097	149.471	129.254	115.336
475.763	48.212	139.977	128.235
444.406	48.062	159.232	128.418
412.009	58.568	171.819	142.453
388.351	101.246	176.442	131.946
366.177	111.409	160.999	138.399
361.019	129.931	149.755	126.290
368.042	149.557	164.944	136.355
295.524	224.230	147.380	115.370
265.673	255.150	144.595	114.268
260.518	261.479	129.496	117.165
262.940	267.492	124.021	125.758
268.309	257.506	106.584	136.042
272.073	243.335	92.245	133.863
262.232	211.774	92.393	141.564
253.780	191.188	95.126	117.214
248.123	164.929	92.886	109.461
232.646	138.678	100.110	74.364
240.642	123.017	94.105	87.568
230.436	102.581	108.506	94.336
213.260	92.157	127.694	106.613
219.969	92.514	124.515	111.494
239.625	108.192	112.695	110.584
267.132	136.526	115.436	144.361
317.534	183.770	122.892	131.315
327.917	223.278	108.293	116.182
333.801	239.119	113.192	122.343
331.432	246.007	111.111	117.340
327.971	247.707	105.366	115.305
302.832	239.301	116.982	99.326
293.815	229.871	116.154	103.092
273.441	211.027	114.291	91.968
261.978	193.261	102.524	102.624
252.083	178.335	95.928	107.024
241.755	138.861	116.254	100.140
242.511	115.768	136.652	85.854
257.139	107.293	151.274	82.698
276.060	88.497	137.573	97.941
306.233	90.152	130.474	101.145
348.944	85.734	131.961	103.256
440.715	124.193	149.502	123.067
461.947	133.125	139.932	130.972
473.828	143.541	132.134	131.286
465.593	180.407	151.503	120.289
446.301	216.519	153.439	91.135
484.463	156.795	119.778	124.060
439.585	226.429	97.563	121.785
419.878	224.264	102.481	106.615
389.699	217.309	92.314	112.290
342.045	190.993	122.141	116.234
319.676	176.110	129.352	118.172
305.722	152.421	118.628	124.951
297.311	139.835	124.467	111.884
292.193	126.022	125.576	102.360
275.892	86.140	142.609	121.418
294.181	69.240	128.161	105.552
317.030	60.995	106.228	107.679
336.101	57.387	108.772	107.222
358.872	66.713	111.482	115.801
382.900	113.677	119.581	89.824
384.497	122.321	112.774	92.873
376.408	167.404	120.889	90.662
381.738	187.020	97.625	92.804
390.055	232.251	116.585	92.828
375.109	265.904	98.451	101.760
345.241	272.520	105.782	103.334
320.536	270.882	126.645	110.950
291.134	266.569	141.014	104.579
271.949	244.622	130.171	113.926
268.304	200.795	126.168	131.233
241.545	173.398	95.211	133.409
244.254	157.543	86.309	122.552
240.849	127.778	92.166	115.089
236.853	109.078	93.451	95.994
242.458	64.729	112.347	91.542
250.475	45.590	141.205	86.282
261.715	41.113	144.042	89.011
329.091	39.642	92.279	98.191
346.536	45.869	82.019	100.718
411.270	189.638	79.860	80.005
411.398	171.037	80.057	99.978
420.557	164.722	98.254	108.915
414.372	162.793	112.406	111.347
404.582	151.886	121.460	124.527
350.056	189.883	108.973	114.567
330.108	197.958	121.732	104.060
315.880	184.012	114.758	108.754
302.631	169.947	115.242	96.904
287.340	150.223	103.931	97.870
281.634	117.270	105.923	112.197
280.833	104.531	129.687	63.426
290.172	87.970	129.989	58.704
310.579	54.993	114.542	81.358
330.762	41.083	113.926	86.855
392.651	66.824	101.231	98.989
431.580	135.193	123.166	105.851
440.651	165.518	109.277	101.839
441.877	172.079	105.034	98.043
445.113	177.006	102.271	94.142
443.096	190.095	103.478	84.737
445.464	181.810	107.566	94.722
437.372	190.207	113.265	95.388
441.433	189.111	107.354	103.258
430.944	181.918	113.971	105.416
371.300	196.460	98.991	111.325
335.858	183.504	101.569	122.498
325.572	174.108	108.410	129.322
303.791	150.915	109.268	120.558
285.396	130.938	107.369	123.384
273.347	102.285	113.957	97.192
288.608	81.741	101.275	86.649
301.833	77.801	112.812	87.995
369.591	111.895	107.778	94.620
386.193	145.794	114.287	92.931
447.360	280.843	74.859	109.959
461.734	403.263	61.500	79.908
451.986	408.686	83.766	75.423
442.920	406.574	99.323	70.483
436.040	389.332	93.618	76.993
446.039	356.578	87.329	90.253
455.003	279.886	71.771	96.035
382.839	179.615	101.333	99.023
383.470	192.393	109.433	88.737
384.032	195.851	113.564	90.049
352.564	188.629	104.110	107.897
336.017	186.713	110.264	98.947
321.508	160.072	109.936	100.508
317.289	138.904	115.741	96.572
290.336	118.753	103.784	94.254
336.528	112.656	113.895	135.907
295.354	42.078	91.296	116.443
297.453	29.273	106.436	90.032
311.762	25.012	106.151	84.882
333.268	21.041	103.384	87.326
353.073	17.323	98.595	86.268
389.034	13.179	93.282	85.846
400.224	16.647	100.221	83.759
428.808	162.626	98.309	77.538
432.171	165.714	106.367	101.605
437.674	167.343	101.955	104.729
451.056	173.210	117.306	96.303
460.848	181.432	100.363	107.823
468.869	202.863	86.605	92.704
477.132	209.602	83.621	89.259
454.530	199.998	94.407	107.061
465.168	195.636	101.647	109.156
381.312	207.045	110.069	95.811
356.871	182.337	110.179	115.692
348.366	163.235	102.805	119.969
319.573	129.950	107.241	107.271
297.940	100.265	114.897	87.751
304.615	81.904	113.133	80.627
303.882	69.246	109.243	77.954
299.358	43.848	118.100	87.560
305.632	36.545	132.998	81.552
311.044	26.715	143.082	68.891
360.396	20.152	108.484	80.561
393.744	24.416	100.697	91.643
453.490	161.341	112.009	101.757
453.720	162.347	111.864	117.884
447.599	169.039	103.447	112.167
449.127	168.149	119.657	84.035
438.171	162.405	113.675	114.522
440.224	169.994	113.325	106.886
441.414	175.286	110.943	120.216
421.429	197.771	112.777	106.516
400.399	202.116	85.308	104.293
350.104	201.082	85.950	118.660
326.861	195.047	87.845	110.476
307.409	172.192	99.811	101.923
292.346	136.262	98.817	100.137
267.118	122.508	106.057	89.340
261.741	106.598	112.848	84.132
259.233	96.957	114.712	83.424
264.881	86.461	114.274	85.310
279.255	71.324	116.919	85.511
304.157	51.901	112.249	93.411
318.602	54.996	117.850	87.085
350.598	66.472	105.778	97.337
392.297	179.362	99.844	94.605
389.764	189.598	105.816	89.796
389.073	202.255	104.708	76.096
384.680	212.352	94.029	68.259
378.313	212.865	93.515	68.631
381.443	223.511	87.991	75.378
383.226	251.360	86.064	93.771
352.712	250.092	100.554	97.003
337.882	247.962	91.242	100.053
328.852	237.913	88.099	99.380
318.765	218.530	84.457	102.958
313.472	154.459	99.324	104.513
298.058	144.788	95.888	100.696
291.132	132.536	103.505	89.726
290.267	120.531	112.698	90.349
283.140	102.248	118.423	95.185
298.425	76.852	129.405	91.314
322.564	73.328	128.580	102.690
414.944	174.306	116.478	106.863
423.958	173.267	109.895	101.098
429.605	181.981	105.154	92.242
423.395	207.391	111.280	78.039
425.870	212.665	88.537	77.082
427.005	220.045	79.801	87.530
428.741	216.575	77.250	91.933
421.591	240.078	83.549	99.949
369.570	230.980	77.246	100.681
339.894	223.594	94.037	108.432
304.128	203.690	108.624	123.809
276.095	188.579	104.839	104.600
260.410	172.683	107.205	116.929
227.314	135.756	113.642	122.165
228.433	130.584	108.007	113.006
221.419	116.942	119.379	89.549
224.108	100.384	121.742	78.389
238.521	88.295	113.267	71.972
259.533	68.344	109.599	94.251
291.531	54.794	94.069	100.580
318.152	75.231	88.882	105.763
347.080	89.506	92.756	116.307
393.600	162.447	123.215	107.328
386.338	137.723	128.999	93.228
409.658	141.029	101.167	97.046
404.918	144.267	106.802	92.590
411.582	145.708	107.122	96.085
415.875	198.681	105.253	96.770
410.162	202.359	102.662	101.537
368.784	157.250	116.522	132.615
360.501	157.326	117.920	137.456
348.917	162.539	123.543	130.860
340.820	163.762	129.829	128.303
334.473	159.875	128.775	123.226
332.575	158.267	125.470	122.594
332.747	152.175	122.407	124.945
329.076	150.748	124.272	124.871
328.578	149.951	123.066	124.726
326.618	147.272	124.674	127.437
324.513	144.974	125.858	130.793
325.907	144.953	125.101	132.001
322.192	146.746	133.900	133.256
331.222	146.329	127.213	137.567
336.077	148.297	127.581	139.905
350.084	149.325	120.701	138.491
359.858	150.011	119.668	136.299
363.175	151.266	117.597	133.682
367.392	151.836	115.864	133.905
366.827	153.096	118.431	135.543
366.507	152.223	122.074	139.428
371.660	152.443	118.973	139.077
372.513	151.842	117.606	140.852
372.585	151.306	116.585	139.684
371.972	150.604	114.857	139.585
375.467	149.079	108.072	135.198
373.353	149.391	105.189	133.280
376.904	150.996	99.899	133.388
373.973	149.971	100.291	134.641
374.860	150.792	100.130	133.807
374.278	149.323	100.466	134.887
372.340	149.265	99.872	135.702
368.773	150.534	104.217	133.976
365.363	149.836	105.945	134.061
363.549	151.838	108.506	131.156
364.636	152.170	109.250	131.313
364.996	152.948	111.076	133.936
364.479	153.129	113.611	136.073
362.213	154.029	118.301	138.194
364.733	154.732	115.922	136.287
363.143	155.176	121.122	139.486
363.661	156.423	123.519	136.682
365.590	154.067	123.100	138.435
371.019	147.685	121.473	138.984
372.131	134.041	120.388	139.198
386.291	104.291	119.788	132.398
387.590	86.109	133.647	113.987
404.769	69.858	129.518	115.230
416.400	55.183	127.630	118.263
420.519	31.808	142.792	121.672
488.854	25.239	126.837	125.191
506.542	37.316	123.188	115.087
517.193	72.124	124.399	106.677
521.658	107.767	118.925	98.633
491.577	163.790	141.591	115.365
260.718	278.225	86.766	111.126
275.511	264.058	80.892	103.232
386.174	228.976	111.531	116.184
375.958	213.592	127.057	112.219
335.533	173.517	125.268	127.582
310.424	144.155	116.312	131.809
323.553	122.751	121.843	120.328
344.660	95.575	117.551	106.475
354.853	36.880	116.728	100.779
359.582	42.328	122.102	106.859
348.061	23.328	123.599	96.927
374.310	7.561	144.218	83.370
371.423	4.327	156.979	73.474
379.698	11.332	158.292	97.831
415.607	8.074	148.129	89.491
456.004	11.633	115.168	109.837
482.018	18.865	98.876	112.369
497.422	17.811	91.536	115.223
502.301	41.969	105.666	115.369
435.072	143.671	158.238	98.382
519.735	172.375	134.588	101.606
500.516	190.085	149.789	115.978
494.145	213.251	150.288	135.139
485.819	231.196	132.906	133.856
473.849	231.670	136.009	126.005
412.596	216.155	99.355	140.900
390.917	190.446	110.432	126.242
358.825	146.622	127.708	132.819
350.898	130.435	134.365	133.788
343.487	271.292	84.529	156.521
338.849	269.857	89.021	135.352
345.711	272.588	86.294	122.749
350.097	268.717	81.567	127.661
349.696	265.617	83.516	140.678
338.224	248.357	101.000	119.315
340.652	261.614	99.359	126.742
334.505	257.723	108.293	89.088
314.495	269.007	93.006	118.245
320.813	262.308	99.149	111.546
319.516	259.710	93.996	112.071
316.583	258.043	95.654	108.711
321.267	272.142	86.156	137.338
322.229	274.668	93.007	141.330
314.527	266.407	99.174	131.547
333.125	274.513	89.131	150.377
427.279	204.485	114.844	130.937
407.961	194.252	111.746	141.722
349.851	160.167	138.152	137.140
343.470	130.156	145.735	140.039
342.196	126.609	147.032	147.121
292.111	92.504	150.971	153.421
313.184	84.038	160.039	152.679
302.090	113.074	161.058	147.957
301.259	113.752	155.229	162.253
220.470	267.748	111.976	161.561
244.749	250.380	114.725	158.908
230.286	227.742	107.420	170.881
243.442	240.567	101.275	146.024
229.733	267.599	84.532	137.883
226.030	264.961	92.539	126.416
227.202	259.017	91.782	130.463
226.718	261.690	89.041	122.833
230.813	258.420	93.936	118.231
231.687	263.668	92.941	107.423
244.267	269.820	89.560	111.226
254.623	272.601	92.204	121.387
325.328	240.292	102.577	111.046
304.264	230.095	82.774	135.458
233.188	238.743	136.717	109.797
201.965	190.935	130.887	132.850
157.058	170.298	148.315	121.145
148.340	144.493	153.905	101.882
114.396	119.438	167.897	122.647
109.614	94.256	173.642	152.240
108.883	92.376	165.597	154.265
108.327	105.962	174.530	132.497
131.739	120.136	178.225	92.307
142.799	128.886	183.816	90.080
154.488	135.805	154.389	90.218
189.042	143.972	138.380	94.483
215.222	165.089	126.849	116.602
218.634	173.189	144.215	121.195
232.211	206.112	156.564	102.478
257.065	228.028	155.807	93.112
289.284	234.604	147.089	105.368
353.580	238.155	108.003	118.724
384.360	244.630	110.041	139.136
391.879	243.010	128.180	128.127
397.535	243.465	143.743	120.887
396.503	242.896	136.050	119.924
429.950	235.261	141.433	98.505
448.317	221.873	143.056	116.311
439.380	235.094	162.221	103.738
431.008	239.163	151.022	87.086
397.191	242.039	141.767	88.577
382.637	239.454	145.884	113.903
376.586	245.219	131.164	116.465
346.943	258.450	137.873	118.413
312.509	257.421	140.849	133.664
276.284	257.518	158.845	138.523
205.350	254.603	177.237	139.521
188.093	248.687	171.009	129.358
172.984	245.828	173.243	101.823
167.409	246.244	156.689	136.726
163.753	219.934	185.321	84.453
156.342	188.051	148.685	108.424
154.397	182.077	151.269	113.705
159.065	176.714	166.021	118.065
178.306	175.859	167.075	122.110
209.742	207.672	181.255	98.619
262.852	232.226	155.073	83.918
311.116	231.909	122.063	101.020
370.002	163.751	104.863	146.506
398.830	155.811	136.863	137.176
429.565	159.853	116.269	119.632
426.164	159.850	114.263	101.811
411.364	167.218	112.527	129.401
401.938	173.428	116.049	122.292
523.013	210.642	147.227	99.575
512.353	200.458	153.851	105.323
416.861	180.159	173.908	113.681
372.628	177.891	135.695	116.208
377.643	175.855	129.048	95.212
379.637	175.917	115.360	100.756
376.601	174.510	96.713	100.563
386.044	182.081	112.894	112.281
397.887	203.545	107.481	124.097
389.107	195.183	93.982	127.682
383.923	214.305	95.617	121.831
368.338	234.643	86.288	125.460
358.873	246.090	92.399	116.439
347.366	245.454	97.673	121.403
343.160	247.048	102.955	120.665
338.138	246.512	118.410	120.724
340.006	244.002	121.898	118.062
344.911	245.442	127.172	110.316
374.834	248.738	129.895	108.081
386.742	251.193	143.436	102.202
393.526	248.211	148.818	109.217
450.703	252.550	131.603	111.102
437.940	185.943	129.813	104.282
493.198	262.244	163.663	90.705
538.799	257.338	131.835	78.117
558.964	249.787	125.949	79.556
563.848	237.174	117.425	80.715
559.286	219.542	115.749	95.201
517.979	215.660	131.590	94.960
469.013	242.748	137.942	68.941
425.898	177.547	130.007	103.947
386.834	247.570	93.418	93.045
391.660	245.824	90.200	84.312
404.277	245.192	90.435	73.699
413.920	242.740	90.128	84.625
370.177	248.777	113.442	76.416
342.363	247.269	117.981	80.536
321.676	252.015	98.192	79.781
302.514	251.913	112.349	77.118
297.110	250.472	112.051	76.441
298.477	247.063	116.703	73.501
306.562	237.960	125.946	73.969
325.273	235.342	121.808	70.333
348.669	217.837	104.103	74.115
352.241	208.082	103.328	82.730
350.154	201.377	98.133	90.625
350.826	194.150	90.035	99.524
350.769	193.589	87.587	101.821
351.345	194.550	87.950	92.913
353.147	204.302	93.175	94.221
358.895	237.564	92.414	84.339
368.553	227.453	84.044	92.728
356.134	230.760	95.829	84.586
350.053	223.933	101.802	89.937
347.520	229.757	96.743	94.162
349.337	207.166	108.499	98.514
335.211	231.880	104.705	102.854
357.461	228.255	91.529	103.281
385.190	178.764	107.367	99.191
413.017	175.776	103.868	111.296
555.207	260.950	124.034	71.441
528.567	257.386	128.641	77.936
453.320	243.229	123.018	98.323
452.183	250.171	139.053	98.269
448.158	251.564	103.950	96.357
448.136	250.506	90.704	96.695
440.210	257.680	91.814	90.375
410.934	256.849	110.789	89.898
371.036	258.219	109.953	92.589
357.198	259.921	119.188	93.912
347.175	263.191	119.926	93.287
344.368	265.973	113.865	93.928
340.800	269.947	117.222	87.460
342.130	273.168	128.095	73.491
348.124	271.185	126.629	70.177
358.303	271.306	119.244	68.920
358.863	270.766	115.597	70.593
363.728	266.711	114.615	75.884
361.206	272.364	113.701	78.648
411.133	259.830	96.103	84.491
419.681	265.513	95.481	91.370
417.626	269.755	91.084	90.620
433.507	267.990	101.857	92.423
466.338	274.551	74.730	77.363
474.321	269.965	80.961	80.988
475.082	267.211	90.464	76.200
461.256	239.344	83.386	90.175
459.698	221.304	86.528	94.606
466.404	252.604	89.737	96.418
461.818	261.946	76.387	99.226
404.961	198.264	82.881	92.876
402.426	202.669	89.544	84.467
401.756	202.479	95.364	87.399
409.118	206.242	93.175	82.958
410.211	213.547	89.636	101.466
390.276	253.371	88.696	75.728
368.919	250.046	91.533	68.318
348.666	246.179	96.318	67.332
310.951	245.968	118.099	62.146
296.421	240.349	107.599	55.873
295.239	240.228	96.167	55.387
279.091	242.912	103.544	61.541
284.633	242.600	99.455	67.164
290.996	253.679	98.647	78.811
302.574	264.738	104.537	77.347
323.579	270.243	105.721	81.900
339.174	275.684	103.230	83.678
363.720	273.236	105.769	83.001
425.624	254.315	84.902	96.107
428.143	256.970	91.967	93.082
440.560	256.281	108.078	89.149
481.352	226.296	102.569	107.306
497.068	203.496	104.621	117.176
490.939	221.642	96.975	102.312
484.164	227.124	95.965	98.275
481.897	231.240	95.510	92.735
467.123	240.850	97.867	84.256
459.719	244.394	82.025	83.321
456.711	247.674	99.259	79.225
445.118	244.964	99.097	83.673
424.886	246.572	101.893	85.376
424.978	235.410	96.768	92.402
419.614	227.055	104.097	92.401
415.927	205.858	94.424	95.280
422.661	197.336	91.082	103.979
422.929	180.825	103.209	97.810
421.608	181.429	106.653	99.432
412.244	171.523	111.879	98.196
407.444	163.436	114.656	105.513
399.580	159.582	112.355	103.916
397.094	158.375	118.330	96.523
368.645	177.398	127.511	82.457
366.149	196.244	114.595	66.467
367.022	200.388	104.056	86.456
367.629	202.183	97.785	94.488
378.965	204.881	107.809	94.849
374.913	209.120	115.301	96.606
373.374	205.312	118.388	87.011
370.326	220.094	116.452	89.393
385.811	217.064	107.560	86.941
387.138	216.059	96.099	96.963
405.359	223.682	86.190	98.334
396.372	221.893	68.661	106.665
385.492	213.115	72.936	90.987
378.951	209.241	79.882	90.689
375.645	209.324	82.712	87.156
373.204	208.733	89.381	86.543
372.751	208.322	89.416	88.718
371.268	200.939	91.220	90.292
371.040	199.372	97.357	88.484
372.716	201.434	95.844	84.403
369.123	209.006	100.177	83.923
365.839	214.171	108.352	87.744
377.583	213.893	101.866	94.796
378.825	211.909	110.025	99.356
380.254	210.456	113.755	100.708
381.906	197.699	116.472	109.352
383.156	186.803	120.101	115.702
385.725	163.395	116.649	127.635
400.516	149.033	101.199	108.180
388.749	141.445	110.023	97.524
389.034	141.983	109.460	89.705
385.363	139.282	110.504	88.233
384.105	138.066	106.175	87.343
381.399	145.360	111.642	81.692
372.823	149.394	108.775	79.586
376.727	154.391	101.166	82.980
389.695	162.636	92.680	95.860
408.112	172.757	104.571	88.872
412.153	178.667	110.394	90.249
417.683	180.443	116.014	93.130
422.029	193.086	118.910	91.651
426.760	203.484	119.805	89.023
429.477	210.683	114.910	93.585
431.918	215.992	117.848	109.400
428.099	218.966	118.554	96.319
428.048	222.102	120.731	93.238
429.958	219.169	117.693	102.783
434.001	212.677	114.021	106.539
434.669	203.897	117.301	99.173
439.637	205.609	113.085	94.973
443.497	208.202	112.117	92.729
447.606	210.591	112.307	90.410
453.279	212.347	113.408	91.073
458.651	210.234	120.788	90.539
458.910	207.922	119.370	99.741
460.183	205.066	122.908	107.133
459.516	197.589	136.059	104.013
474.916	193.390	125.795	107.232
460.654	234.223	110.533	103.443
463.522	239.315	101.373	96.821
465.947	233.471	95.660	102.935
464.205	235.933	95.323	102.374
466.813	236.397	96.538	100.046
467.808	240.662	107.986	98.055
469.188	246.157	104.668	92.398
467.739	247.666	102.912	90.775
467.032	248.033	106.290	91.830
464.000	254.777	101.914	90.886
459.096	254.760	101.083	99.901
455.033	254.883	99.271	104.632
448.387	257.144	104.138	103.717
448.543	258.176	97.901	103.001
438.012	247.097	73.672	105.292
411.991	222.213	78.589	125.661
399.096	200.110	82.130	130.609
381.554	200.505	87.882	111.820
378.565	176.641	90.550	104.430
371.288	154.078	88.669	116.296
362.690	146.210	106.897	84.184
360.118	134.073	97.847	92.091
355.654	124.339	101.331	96.548
348.216	120.635	110.027	100.997
346.730	132.285	116.881	99.315
354.123	140.499	122.873	107.667
373.832	152.634	113.066	105.953
377.371	176.765	122.940	100.653
399.090	202.807	110.953	104.573
413.729	213.210	102.412	106.158
459.211	223.175	93.356	105.108
479.949	211.223	117.133	90.965
505.224	225.582	137.353	95.835
521.337	201.590	133.681	101.845
525.969	185.204	124.239	123.006
527.575	170.620	127.663	109.479
528.907	150.446	119.369	122.095
516.970	133.247	130.063	129.359
509.394	122.757	133.662	134.110
490.126	115.107	140.695	134.078
470.018	110.409	142.706	124.866
452.315	119.644	127.837	115.058
439.129	127.291	123.961	109.101
425.284	138.095	132.387	99.585
437.949	162.180	128.223	94.247
378.028	160.450	135.914	95.257
363.051	172.423	128.601	95.502
343.839	215.461	107.028	73.938
345.788	227.417	98.284	83.440
352.649	238.673	90.665	100.857
354.924	246.246	82.767	107.567
356.919	250.162	82.458	102.319
358.633	249.063	81.638	105.016
355.284	246.274	87.394	105.010
342.944	241.095	102.001	108.027
327.372	232.761	108.034	117.610
310.007	228.334	121.210	122.568
292.812	217.612	118.228	127.155
273.983	208.671	128.424	122.761
254.592	202.417	137.990	105.605
243.725	201.305	137.651	98.811
236.997	196.240	129.964	95.495
233.734	190.985	120.174	95.057
233.539	184.632	123.755	79.686
240.602	173.587	123.592	70.030
245.227	172.548	134.609	59.035
255.781	169.687	140.889	59.252
292.700	171.006	125.544	65.426
387.854	189.851	105.335	74.891
431.480	203.045	104.732	71.459
460.334	206.682	111.978	76.668
493.636	220.193	120.095	89.002
503.717	224.697	129.224	108.233
509.179	228.740	135.239	114.954
526.444	244.286	131.472	108.981
519.973	244.350	134.866	118.421
515.911	248.551	135.180	119.909
503.844	255.656	136.247	113.797
494.071	255.756	141.025	112.731
477.603	252.542	154.967	113.661
468.226	251.677	130.364	103.356
467.864	249.824	108.943	103.495
460.292	247.997	107.046	97.333
447.315	239.051	107.836	92.738
379.171	253.301	95.792	121.859
374.449	259.314	86.435	123.758
367.912	259.255	86.595	118.095
362.657	265.398	86.247	109.811
336.030	263.194	106.975	70.019
340.357	268.310	98.510	58.765
352.006	266.184	81.536	73.591
347.318	261.721	76.255	70.884
332.096	260.890	83.643	72.167
340.659	258.843	93.094	62.677
376.504	260.929	114.560	80.587
493.144	269.692	138.030	74.118
499.413	266.539	145.494	80.529
516.778	265.060	143.891	82.722
526.783	261.436	142.327	86.943
525.306	250.713	142.310	79.203
519.680	242.487	142.301	79.917
500.018	234.791	151.326	80.485
443.836	223.013	175.697	81.108
415.365	213.752	132.849	78.717
391.484	207.990	120.606	89.098
379.188	230.244	117.111	78.928
352.025	225.808	114.977	80.603
317.135	212.866	105.334	93.895
276.270	204.824	105.353	109.509
249.054	211.273	112.241	113.071
246.208	210.571	111.382	119.359
235.541	211.199	123.255	122.376
227.744	222.434	129.303	115.899
227.919	225.832	131.223	108.279
249.981	236.683	131.613	94.499
275.750	243.687	134.325	85.587
282.030	244.891	144.203	76.539
316.073	242.924	122.769	73.661
335.674	243.671	101.582	74.899
362.787	243.132	80.774	73.835
373.048	251.445	64.506	70.748
373.547	251.043	65.275	77.669
369.359	251.324	69.506	80.157
363.657	251.942	74.976	80.937
354.919	253.541	81.393	84.168
347.389	248.983	77.383	90.533
338.228	245.109	87.484	94.278
320.816	242.073	82.545	97.255
313.138	230.894	86.584	101.498
294.658	218.611	100.515	96.707
291.324	210.030	101.605	96.536
287.615	199.347	107.746	99.018
288.891	189.615	116.992	101.375
292.834	172.759	123.373	112.058
301.523	173.655	115.053	99.103
316.305	166.128	108.644	100.096
324.809	168.308	101.755	98.866
331.937	167.912	104.252	99.970
333.857	176.153	104.243	94.046
341.980	188.549	105.178	97.443
343.893	208.297	106.597	90.037
347.299	228.272	114.269	81.174
345.788	251.352	113.012	72.828
357.953	258.601	105.302	81.409
363.838	264.001	99.039	90.780
368.859	271.302	83.479	92.782
372.056	266.865	78.001	98.741
378.939	256.728	73.408	101.665
385.508	240.139	70.087	88.638
396.375	216.058	70.577	81.644
396.289	204.904	76.720	76.388
401.407	199.036	74.669	96.595
456.646	262.584	90.570	101.633
460.603	266.707	92.167	100.841
461.355	265.300	92.377	92.353
461.701	267.387	89.222	90.770
464.333	268.121	88.552	92.142
463.985	269.498	92.454	90.270
464.458	271.590	91.004	95.204
459.983	269.650	93.285	88.840
465.973	267.593	91.659	91.290
469.078	264.097	86.795	95.496
471.017	269.207	87.668	92.940
472.581	268.723	86.080	92.441
474.514	269.840	84.646	89.295
383.417	275.933	85.910	87.297
381.274	279.232	77.858	103.637
376.127	275.440	74.615	109.072
372.813	259.110	73.238	123.114
370.361	237.594	78.306	134.347
363.038	200.812	103.223	119.909
364.142	164.399	97.508	127.622
363.408	121.746	93.208	138.077
365.610	100.926	90.599	128.663
366.529	79.590	88.181	108.469
369.440	54.534	83.709	117.254
372.177	36.654	74.111	118.523
373.659	29.329	72.511	119.729
373.489	28.543	69.971	94.371
377.447	26.135	64.406	99.185
382.006	19.385	68.736	122.564
382.430	20.966	75.805	122.285
382.567	23.338	80.635	120.686
382.784	43.043	82.361	103.537
386.786	49.547	84.236	101.053
391.079	63.178	79.517	110.061
388.314	75.068	82.854	119.980
382.330	113.821	83.190	128.521
387.141	125.911	78.231	122.303
397.718	126.550	69.454	130.818
456.445	197.661	100.203	77.479
415.369	199.139	66.191	105.593
421.856	218.475	66.168	106.094
429.362	232.995	66.671	94.464
438.551	248.826	63.507	82.457
445.385	258.923	62.061	82.224
448.716	263.139	64.203	75.938
446.383	262.101	66.220	77.166
443.147	260.842	67.892	80.027
434.957	261.572	72.255	78.748
421.332	258.760	64.743	77.092
411.602	255.201	63.933	78.140
404.399	252.608	63.059	79.048
397.488	243.440	64.295	84.902
390.213	238.921	67.166	78.810
386.918	220.554	66.601	84.968
385.752	220.438	58.005	83.649
385.111	211.063	57.025	87.035
384.526	207.049	56.588	86.888
386.744	196.519	55.504	93.198
385.739	187.512	64.281	102.519
384.546	172.757	63.486	112.801
385.525	171.333	67.508	122.458
383.002	176.653	66.616	113.285
382.393	186.080	64.976	116.056
385.833	217.359	65.976	112.040
389.761	243.489	60.719	99.511
388.958	253.185	58.216	92.187
389.214	256.726	59.766	89.963
383.067	262.520	64.811	83.149
360.122	242.581	86.601	99.104
337.262	206.406	104.261	121.375
323.180	168.358	113.494	129.477
316.348	131.092	112.086	127.344
312.824	120.329	111.877	107.031
307.698	86.554	102.694	100.333
301.062	71.648	100.613	87.860
289.284	49.791	105.869	99.699
289.814	52.637	102.179	91.601
287.021	39.551	98.018	99.876
274.275	20.963	87.395	105.885
262.454	14.376	91.811	101.562
252.661	11.324	98.258	101.846
246.758	10.227	102.075	100.008
247.763	16.127	102.467	102.460
230.352	23.695	109.510	104.187
219.357	23.122	112.616	101.514
214.084	32.026	111.723	110.760
210.323	63.110	107.325	110.334
202.543	79.402	105.952	108.321
200.714	102.326	117.341	101.758
198.970	122.484	144.779	83.091
203.573	140.226	157.736	85.382
219.808	161.260	152.748	104.753
229.020	176.190	150.389	125.532
266.289	190.539	156.939	135.663
309.286	230.887	141.362	117.896
338.405	257.795	151.576	111.731
372.548	257.884	141.642	111.817
398.071	264.554	122.126	93.092
417.997	259.063	102.750	92.642
416.294	256.458	98.443	91.972
408.345	257.939	93.248	102.493
402.179	256.997	90.093	106.701
391.313	256.091	72.464	109.636
367.890	253.988	74.861	113.833
350.406	252.636	83.775	117.129
333.436	250.110	94.913	115.305
319.465	247.916	104.791	113.734
309.842	244.186	109.321	117.460
305.558	241.208	104.345	112.658
305.201	241.378	103.160	108.837
307.116	240.388	98.657	112.102
310.406	241.480	95.697	113.526
320.738	244.607	91.304	112.476
336.922	246.901	78.557	120.961
351.227	255.865	74.678	113.877
363.089	257.276	71.565	116.037
370.944	262.498	76.122	106.437
376.959	264.827	75.584	100.096
387.337	267.288	74.196	100.465
391.682	265.405	68.353	102.541
394.228	260.903	71.548	101.123
395.126	253.160	68.683	104.044
396.581	241.016	67.573	109.172
396.629	213.105	65.275	118.822
405.996	199.396	61.354	106.483
394.801	170.970	73.685	108.519
403.134	158.418	65.739	104.208
393.749	137.537	73.967	98.121
360.351	142.591	74.167	78.241
403.654	91.776	66.724	114.760
413.112	66.262	67.364	131.051
410.673	53.999	64.577	120.124
411.434	49.057	59.054	118.593
414.179	48.435	56.870	117.222
413.660	55.937	59.181	108.026
414.988	61.456	60.839	102.121
414.542	65.430	62.787	107.350
413.884	71.677	67.482	116.615
414.129	126.306	77.271	97.002
419.959	132.698	75.356	98.330
422.013	139.351	81.539	109.388
418.517	160.166	90.030	111.064
409.033	202.038	98.925	76.457
403.370	215.303	82.136	84.517
432.464	237.895	60.226	85.503
432.368	238.996	54.025	88.703
429.882	248.705	53.517	87.754
430.620	253.934	54.569	76.243
427.689	254.617	55.908	71.289
427.200	263.327	56.323	67.265
423.329	267.262	56.920	71.533
419.207	260.516	58.717	74.431
418.709	247.201	53.013	82.953
418.094	198.732	52.980	109.412
413.750	174.209	63.117	113.085
401.224	153.882	72.512	114.259
393.612	144.858	79.748	97.749
398.734	118.345	73.379	113.285
401.062	80.484	68.589	116.249
400.328	63.875	60.281	117.426
402.240	51.676	55.818	114.061
402.473	48.193	51.884	109.472
401.844	41.964	50.679	106.587
402.604	29.491	47.724	112.862
399.244	36.088	51.156	95.671
399.502	39.563	51.341	89.310
400.503	41.202	49.126	96.510
399.302	48.835	49.796	98.401
399.318	69.317	48.416	100.328
399.491	76.722	46.250	102.360
395.438	95.827	50.025	102.761
398.664	115.726	50.413	97.865
395.465	124.674	55.311	102.746
387.959	210.801	81.897	81.846
396.023	163.231	63.191	99.104
404.465	186.815	66.498	97.826
409.432	209.688	69.278	102.697
420.215	234.856	57.550	99.099
426.741	247.748	55.814	105.564
436.159	264.821	69.596	88.168
443.157	275.305	60.378	80.151
448.182	279.317	57.998	77.083
458.973	277.082	55.008	65.625
473.562	259.717	54.633	71.992
471.716	240.869	59.517	73.963
475.905	206.992	67.132	93.231
475.855	199.469	77.247	93.085
488.328	173.172	78.323	104.840
432.683	161.814	95.736	95.109
463.624	155.580	86.640	128.284
473.583	131.988	82.536	144.056
472.416	129.963	95.104	118.414
478.237	121.416	77.253	101.047
492.889	118.867	60.104	89.268
492.380	118.423	61.712	95.234
401.879	145.252	83.155	88.774
496.002	147.967	74.737	74.680
508.748	152.239	72.684	76.151
506.716	156.650	74.164	76.487
495.748	162.516	79.551	79.146
519.230	184.142	63.680	81.492
518.787	194.770	62.877	94.412
516.804	213.191	64.614	98.478
496.519	237.525	76.712	98.952
492.263	233.130	67.875	97.910
480.999	242.524	64.965	77.553
475.649	249.812	63.856	69.533
473.750	251.011	58.584	68.430
470.697	245.064	49.321	73.948
463.082	194.264	72.595	87.887
413.767	162.344	76.940	96.242
427.906	155.110	64.444	107.668
424.309	149.073	92.961	121.775
414.715	113.900	81.864	150.117
406.879	88.773	71.611	119.739
405.035	78.738	55.078	99.968
404.769	70.571	49.002	104.282
402.771	64.850	49.136	104.726
400.832	64.200	49.829	101.727
393.402	69.394	53.443	88.891
387.318	68.203	53.599	92.337
383.737	74.609	56.488	93.545
380.185	86.083	57.064	83.082
378.374	88.965	52.334	84.715
374.631	99.283	50.389	87.317
373.531	126.134	47.913	92.093
368.950	149.710	61.632	99.866
367.476	165.358	67.021	104.920
367.682	171.832	61.775	102.735
369.157	207.627	64.091	92.344
369.694	221.911	59.305	90.104
372.894	234.826	56.894	85.834
377.566	249.101	60.225	96.495
384.236	257.668	62.046	95.598
391.825	272.817	62.385	85.916
399.128	277.140	59.491	82.058
405.346	283.356	55.206	81.143
407.233	287.258	55.818	77.292
405.969	285.602	59.068	76.823
407.915	281.161	53.874	83.406
408.029	279.660	52.595	82.714
407.013	274.168	57.952	83.852
405.552	255.026	52.397	92.223
403.098	243.096	52.664	94.863
391.051	205.790	61.658	102.068
377.935	171.858	76.229	108.862
378.739	154.020	98.103	104.281
374.212	83.888	65.631	142.226
372.439	72.033	65.563	123.629
374.092	50.766	64.426	128.484
372.778	22.026	54.748	124.255
372.388	13.520	48.288	103.848
371.309	11.650	49.555	92.166
369.598	3.588	50.669	82.408
366.821	0.000	51.505	70.461
364.810	0.000	55.426	59.338
365.234	0.000	55.782	50.993
370.601	2.781	54.204	48.553
369.593	0.000	53.619	41.963
375.055	0.000	47.681	45.161
376.628	0.000	45.732	43.233
378.350	1.061	41.680	52.873
377.135	1.269	43.181	66.503
377.927	1.523	46.579	82.682
376.334	18.022	53.337	89.916
375.673	29.469	55.651	103.577
375.887	48.289	55.998	99.466
376.274	70.559	56.259	103.030
373.101	102.307	60.986	84.141
375.033	192.129	67.175	89.126
371.788	198.014	74.642	83.471
368.226	215.324	69.106	67.537
368.294	226.020	63.461	56.629
366.400	227.349	74.530	58.236
396.578	216.384	51.373	80.092
396.960	222.167	48.888	81.120
399.737	243.052	54.049	85.597
399.474	269.118	58.037	79.289
392.330	278.084	60.692	61.529
401.832	275.385	52.406	59.476
413.717	264.167	41.002	66.028
415.911	259.030	48.292	65.452
419.670	242.647	52.492	70.235
419.852	250.966	59.496	64.294
389.601	230.512	56.843	65.100
388.560	226.609	65.703	65.650
390.327	226.027	69.264	67.301
398.942	216.014	80.104	73.980
458.571	164.673	69.983	89.231
469.646	146.750	71.708	92.916
463.617	138.411	85.151	93.490
460.933	133.362	87.436	100.169
465.790	136.067	84.388	87.528
466.423	139.459	87.282	87.247
483.540	139.965	81.175	92.602
481.995	147.224	87.178	104.394
474.784	164.882	92.925	88.768
482.211	173.152	80.280	92.090
485.358	193.853	81.021	81.077
484.838	200.865	69.332	77.560
469.739	198.582	85.747	89.064
471.821	227.195	77.984	82.149
490.831	246.206	66.412	85.915
490.656	253.583	67.897	80.484
488.026	257.115	58.976	74.168
487.429	254.247	56.929	78.402
485.485	246.162	54.774	81.875
482.734	235.784	58.383	86.558
481.878	215.712	53.592	100.096
475.194	192.107	58.581	107.238
477.435	165.164	67.002	97.574
476.156	155.826	61.643	86.143
423.480	161.298	73.394	82.216
468.518	121.368	64.664	105.071
417.589	140.997	79.022	100.874
463.705	93.235	61.769	114.567
472.404	80.425	53.162	107.408
472.761	76.923	50.033	102.418
472.028	72.629	49.630	101.525
470.168	84.082	49.391	94.628
468.471	84.952	49.341	93.790
469.115	86.583	49.055	98.202
467.874	94.860	52.925	99.806
464.442	112.403	57.419	101.670
426.431	149.945	73.697	85.522
458.255	157.438	69.562	77.552
459.533	168.413	75.884	99.963
453.108	172.818	89.142	112.457
448.847	216.443	84.000	82.885
450.906	232.888	93.069	76.436
466.074	243.103	83.783	77.728
475.948	254.952	74.747	77.266
491.054	259.372	79.315	83.647
488.825	260.865	87.210	81.253
488.170	267.956	90.110	85.777
483.472	272.154	95.154	83.935
482.539	273.699	98.999	78.873
480.997	274.229	101.818	74.463
484.919	274.265	94.360	82.685
490.422	271.209	95.489	83.647
494.046	261.665	94.649	84.019
489.858	254.216	90.173	92.040
493.241	237.784	78.372	96.666
488.064	217.408	77.478	95.768
484.671	190.695	74.905	99.586
483.538	178.311	75.217	101.591
485.005	155.947	69.130	119.285
475.233	171.792	88.207	108.887
483.198	125.855	88.493	150.319
479.120	74.607	79.197	155.572
468.871	50.308	70.487	132.674
466.386	44.000	70.138	112.863
464.583	42.015	71.430	103.987
462.293	38.147	71.910	101.246
459.616	34.943	72.954	98.218
456.439	32.594	72.278	96.374
453.979	32.467	69.670	94.865
451.544	37.558	68.113	91.906
452.446	51.769	65.885	94.261
454.904	64.854	62.068	96.982
460.205	88.090	70.520	90.812
461.581	101.299	74.811	89.614
460.555	153.112	81.021	99.819
468.901	155.771	90.455	104.791
467.047	157.374	98.333	115.042
463.384	179.425	106.156	110.285
459.518	217.604	83.160	99.549
461.089	231.645	58.525	108.246
469.656	256.675	50.466	94.747
471.342	263.975	50.158	87.975
474.184	268.215	51.309	84.953
476.577	270.137	55.656	80.826
478.383	272.842	62.719	77.669
483.449	270.656	59.942	78.888
483.958	264.380	62.577	86.483
484.944	249.366	61.545	97.861
485.573	240.153	64.358	99.127
489.017	215.973	65.876	116.668
494.796	186.991	73.294	120.518
500.712	168.718	72.113	109.922
501.148	128.439	75.817	104.105
519.399	87.412	63.812	110.608
522.930	72.794	62.979	109.881
521.318	53.869	65.260	113.699
513.625	43.987	73.152	101.405
504.290	10.367	78.866	90.833
510.157	2.652	83.917	82.433
509.884	0.488	88.582	70.844
512.462	4.460	85.858	75.940
518.079	1.077	78.756	76.301
530.051	12.860	74.304	89.963
535.935	7.977	75.555	81.962
542.142	10.227	85.930	80.292
542.554	8.282	91.297	80.177
538.946	0.000	83.082	60.240
545.720	1.232	75.104	66.489
552.581	1.514	77.442	70.026
554.940	4.754	74.327	87.774
558.737	11.526	74.592	100.769
560.962	20.136	77.111	103.467
577.439	78.376	72.398	100.982
578.283	113.690	81.623	114.513
583.691	127.406	90.591	118.675
588.018	142.998	95.890	120.760
593.599	159.444	96.812	122.529
594.631	176.197	99.140	121.622
584.142	189.719	106.127	117.902
571.630	198.903	112.574	119.721
556.871	203.765	122.076	123.463
545.187	214.181	126.533	116.985
525.634	224.940	116.000	105.889
513.462	229.521	109.405	97.914
505.412	228.408	108.411	96.249
489.171	227.346	96.673	98.332
482.942	232.464	97.360	94.378
476.977	233.029	85.717	98.558
463.065	229.881	99.335	108.668
461.833	233.501	98.098	106.841
458.398	245.569	97.179	100.781
440.300	246.456	110.132	100.147
423.411	238.973	117.176	105.465
418.363	238.307	117.675	107.058
412.879	239.386	116.403	105.731
409.561	241.506	115.420	103.383
406.038	244.754	115.599	100.218
405.496	242.302	105.612	101.835
407.282	244.472	94.823	99.510
410.166	243.562	82.329	101.114
411.116	237.681	73.988	106.656
409.913	235.750	69.043	110.504
400.649	236.837	65.206	108.796
397.030	233.421	59.347	113.972
398.159	237.214	57.944	110.795
398.520	236.703	57.316	111.233
399.038	237.876	57.552	107.157
388.429	221.726	62.549	111.832
382.827	207.806	74.090	104.412
381.851	188.900	77.966	104.116
372.851	162.029	84.202	106.761
346.555	135.101	90.436	104.245
340.444	109.054	98.631	101.111
336.146	84.984	101.018	108.201
323.766	57.739	98.204	94.475
321.240	47.796	97.178	93.640
319.797	34.979	94.726	90.491
313.050	15.641	98.600	87.152
310.092	12.274	96.842	84.456
307.143	8.813	95.638	86.201
306.050	7.066	94.910	90.335
304.406	5.008	90.608	88.310
310.150	9.348	82.260	88.196
310.378	16.170	80.258	86.888
307.976	21.646	82.691	90.026
303.774	30.302	89.995	95.396
301.299	45.465	99.154	108.406
366.042	148.207	106.046	110.004
313.434	119.503	117.659	133.025
309.967	108.166	106.742	118.369
304.180	113.422	110.710	120.449
303.344	125.985	114.771	103.632
302.864	131.135	119.708	100.721
302.420	152.019	101.792	107.081
307.347	170.613	95.936	104.786
310.437	183.143	92.445	107.475
313.695	193.834	97.674	102.833
326.896	205.763	100.246	106.117
329.407	211.083	105.477	99.235
332.582	218.286	110.435	96.437
334.285	221.879	109.694	96.010
334.370	222.127	108.921	99.526
329.511	218.870	102.153	94.112
324.577	210.313	102.359	95.365
314.623	193.224	101.492	105.246
303.124	168.270	97.962	112.251
300.870	136.184	98.472	124.402
293.461	89.174	102.205	114.820
290.658	68.690	113.047	115.459
304.374	48.507	104.622	109.889
287.777	29.400	127.281	99.483
294.398	15.332	123.089	96.895
306.218	5.279	110.640	92.596
305.550	1.502	103.181	71.748
302.701	0.000	101.932	73.988
312.441	15.619	103.375	85.333
304.682	0.000	114.212	59.762
319.751	0.105	109.000	82.805
332.696	21.719	105.364	103.086
308.321	0.310	116.471	63.850
303.614	0.000	124.062	69.474
306.836	0.000	130.808	76.402
324.131	11.037	118.847	92.413
323.471	14.548	121.123	108.386
323.058	20.927	131.628	104.221
325.844	54.638	132.168	112.577
334.651	80.863	144.950	115.789
323.996	78.820	135.572	114.153
321.427	83.101	137.475	111.154
332.360	91.369	129.074	109.945
327.689	109.305	130.358	108.840
336.937	121.596	125.111	106.241
345.981	140.354	118.573	115.212
351.004	155.666	114.882	113.198
357.944	165.478	111.019	114.651
367.678	182.349	109.416	124.923
372.436	188.114	108.733	122.157
386.345	196.612	103.166	118.594
405.649	198.717	94.011	115.791
413.630	207.017	88.433	106.933
416.970	206.427	85.293	109.336
416.624	204.562	85.687	113.075
414.932	200.017	90.270	112.594
410.539	191.516	82.648	115.905
406.412	176.336	83.353	118.465
410.657	156.864	94.909	127.247
403.510	133.397	93.104	139.463
392.929	96.242	93.101	164.576
389.372	46.531	81.768	143.393
393.305	27.071	80.012	135.080
391.711	24.269	76.438	125.094
391.159	20.760	75.842	118.852
389.592	17.201	76.666	114.868
380.793	19.753	91.134	114.328
374.769	33.904	91.667	134.009
361.489	41.882	124.531	152.345
400.384	128.318	129.189	132.781
392.524	125.159	125.363	126.571
378.583	125.194	128.169	127.058
387.400	132.587	124.007	115.841
373.589	137.164	127.704	111.751
376.291	137.886	135.309	115.122
374.379	140.265	122.280	113.565
370.693	129.447	100.315	117.049
364.838	129.738	96.833	114.002
377.836	136.029	107.157	106.294
399.424	15.671	104.563	100.697
390.167	5.845	102.355	97.944
378.860	113.016	81.531	114.589
373.550	112.289	83.271	113.061
363.960	98.560	99.742	118.635
358.805	103.761	98.684	120.563
364.745	7.846	106.245	96.498
372.863	5.231	98.538	82.799
387.134	6.206	80.689	84.255
396.105	11.777	72.850	82.590
401.666	18.187	74.376	104.009
387.502	113.392	64.405	119.094
391.470	145.844	85.358	100.056
406.143	160.259	106.481	93.218
416.133	152.558	110.126	100.799
422.091	153.168	99.811	96.872
421.653	100.799	82.940	99.256
391.399	120.536	105.471	107.333
394.886	173.739	92.014	90.981
403.602	183.196	94.271	81.374
393.473	177.052	90.512	95.001
394.743	179.501	84.270	91.849
394.483	186.808	94.408	81.195
394.139	182.496	88.285	88.770
393.796	182.209	84.912	87.527
395.075	174.578	88.911	96.656
389.942	170.635	99.508	95.676
392.765	166.210	112.009	99.911
407.112	166.137	112.875	101.536
422.143	163.478	106.565	97.911
394.405	184.387	105.316	84.169
389.984	178.069	97.624	90.855
393.852	169.157	95.472	88.529
391.752	169.348	93.393	101.557
395.801	160.876	110.112	98.157
426.000	147.898	111.911	100.142
439.363	140.199	122.587	104.172
419.922	10.489	101.124	115.003
408.923	1.888	104.545	102.171
397.857	3.482	118.593	90.448
399.859	1.246	111.864	84.563
421.754	2.132	90.670	86.208
409.445	11.321	81.958	98.955
425.417	6.726	87.884	113.358
436.242	1.764	67.018	106.637
440.937	5.350	61.041	100.414
445.596	10.188	56.034	95.325
450.585	24.568	56.084	93.853
456.016	47.199	64.173	94.460
413.435	94.137	93.329	100.301
400.782	121.692	106.966	126.873
380.280	120.855	124.393	133.777
387.552	146.219	122.893	131.022
377.297	193.873	102.663	106.675
385.075	179.513	88.534	94.222
389.990	182.311	88.173	91.907
395.326	190.382	84.058	93.934
400.338	195.800	87.552	90.533
400.930	195.192	92.156	90.968
399.860	198.299	103.459	92.102
442.001	195.992	87.161	104.514
441.100	189.552	102.840	102.920
464.685	171.985	107.949	98.216
475.322	166.078	100.236	104.148
475.410	154.129	101.737	92.491
469.391	148.337	106.940	87.709
469.348	153.696	107.265	87.924
463.982	155.717	119.024	88.546
460.635	159.836	122.686	84.219
452.316	160.542	129.948	79.179
450.279	161.803	132.474	80.173
458.540	162.072	121.555	85.237
451.533	166.118	125.273	86.423
454.308	167.441	114.163	89.496
445.441	167.733	117.074	88.588
444.728	169.441	120.754	88.245
444.332	170.218	119.428	87.704
442.425	171.253	117.874	86.856
443.450	173.020	111.941	87.977
447.077	172.273	102.653	89.197
446.726	172.292	99.490	87.677
448.365	173.641	94.427	88.898
445.049	174.837	94.056	88.591
444.732	177.833	94.225	87.812
440.822	179.228	96.703	89.038
442.888	182.136	102.080	87.847
436.609	183.509	107.938	88.298
430.514	183.320	121.967	91.368
441.311	190.561	110.295	88.428
440.383	195.482	109.334	84.212
438.037	197.566	111.209	83.793
433.244	202.441	109.625	81.038
429.916	202.577	105.491	82.728
431.947	205.709	95.899	80.785
432.722	210.807	89.018	76.408
434.913	216.240	86.779	71.700
431.944	218.796	86.999	69.336
415.308	220.146	91.607	67.498
420.736	222.869	84.486	71.369
419.081	224.803	81.918	73.751
413.314	226.402	85.441	75.564
417.870	226.772	79.124	79.316
417.692	225.310	73.327	81.218
414.910	227.934	68.873	81.279
419.276	225.726	64.827	86.760
420.657	231.123	61.957	82.606
419.508	231.123	60.480	87.387
424.747	227.929	61.313	90.645
425.964	238.336	61.872	88.248
421.047	233.778	74.174	65.861
442.234	240.236	55.714	84.391
449.442	245.669	54.928	80.550
462.104	245.244	52.978	81.757
470.486	246.683	51.450	81.646
478.425	244.400	51.832	84.642
483.794	243.985	53.887	83.366
491.595	240.432	63.786	86.386
497.384	230.535	66.635	92.102
504.174	218.244	70.628	89.229
505.983	210.704	78.887	91.228
505.965	200.929	89.733	90.684
500.043	193.357	95.829	95.428
487.741	195.195	105.526	87.830
473.636	195.472	107.324	86.037
452.565	202.766	109.812	77.587
439.240	205.625	109.300	77.226
438.492	196.017	105.501	90.027
372.896	239.264	106.012	67.131
370.452	246.636	110.569	66.907
348.866	256.515	95.162	84.570
343.357	265.393	77.206	91.072
340.663	271.364	67.840	92.024
332.322	274.571	64.236	91.363
322.127	275.663	69.266	84.426
318.059	277.366	75.295	76.236
316.015	276.317	78.883	71.142
315.225	275.643	83.340	68.692
320.726	268.001	87.323	65.677
331.514	260.207	79.745	66.176
332.884	257.378	79.472	67.603
329.484	258.746	77.145	65.214
327.248	262.222	77.239	64.788
321.555	261.427	79.639	72.135
318.040	273.584	78.671	66.179
320.610	276.985	73.485	68.845
324.493	274.505	66.914	77.936
324.435	273.655	64.928	79.076
321.891	271.923	75.095	80.226
325.794	261.670	90.123	79.467
359.643	243.100	103.724	67.004
381.263	229.441	113.599	68.125
416.289	218.331	105.013	64.771
439.650	217.030	100.430	63.113
454.507	211.975	100.417	66.177
463.040	210.308	111.406	73.807
469.455	214.526	125.553	83.669
480.669	215.282	122.405	91.198
487.599	220.603	116.278	90.281
489.353	225.653	121.183	90.559
487.498	220.002	118.045	87.614
484.462	223.548	103.250	93.661
484.840	220.560	90.355	102.687
489.744	229.890	79.659	104.500
495.898	236.334	74.101	97.829
499.475	240.822	75.074	91.073
503.166	240.357	77.454	90.977
505.565	241.579	80.982	88.922
510.100	243.418	86.707	86.613
523.966	233.678	97.979	87.069
522.207	233.939	111.552	84.700
515.877	235.410	118.188	72.859
505.034	228.272	119.451	77.995
476.582	196.872	124.096	95.682
469.988	196.146	112.677	101.172
414.104	234.129	108.317	68.002
401.954	242.218	100.423	67.512
384.209	242.804	109.268	70.446
364.084	244.228	99.132	72.704
352.014	245.727	107.686	73.350
341.367	246.413	101.674	77.950
338.723	248.256	99.403	76.015
335.642	250.298	92.543	74.391
338.865	253.222	91.116	73.654
356.922	255.499	91.581	75.660
367.359	261.293	92.033	74.336
375.583	264.469	88.086	74.968
384.136	266.876	88.222	73.465
396.228	270.077	84.870	71.623
413.517	272.664	69.444	70.644
422.258	273.509	65.372	71.059
428.586	274.724	61.288	70.864
433.642	275.856	60.012	73.549
437.101	270.422	64.471	79.347
437.185	275.737	65.075	70.705
432.306	278.810	68.342	66.081
428.965	273.423	74.491	68.607
424.519	270.923	78.950	70.989
420.551	271.479	79.008	72.332
408.761	279.991	70.983	70.250
396.408	279.895	77.678	73.952
387.702	280.595	82.346	75.109
379.176	281.568	84.461	75.481
372.973	282.520	87.840	74.970
365.762	280.378	95.387	75.217
356.373	278.140	105.161	77.107
368.815	274.138	91.914	75.261
380.576	273.436	83.374	70.430
383.521	273.428	91.026	62.625
399.642	269.305	105.159	51.314
413.501	270.103	106.383	47.084
428.051	269.128	101.114	47.418
449.901	265.142	94.035	53.847
462.900	261.093	92.246	60.649
479.033	258.764	89.178	66.560
487.784	259.771	94.560	68.483
490.585	260.547	98.391	68.104
494.994	260.816	103.308	70.657
495.350	261.265	105.443	71.163
497.421	259.744	107.802	73.939
500.008	259.471	104.577	74.471
501.307	260.270	103.898	73.847
501.371	260.481	102.895	74.811
498.452	262.030	101.775	72.907
494.908	260.458	100.586	78.141
490.251	260.752	96.785	78.463
487.457	258.451	94.777	81.672
485.102	256.495	91.726	84.773
483.729	254.893	89.553	84.416
480.999	255.207	91.684	84.270
480.046	257.381	90.664	82.312
480.623	256.115	88.650	83.256
481.159	252.402	86.419	88.085
480.301	256.735	85.835	85.909
477.064	253.238	86.969	88.851
478.527	256.051	84.191	86.760
476.611	257.824	84.374	84.766
477.895	261.314	85.819	88.147
481.700	263.815	81.883	89.233
493.191	266.493	69.922	89.536
496.424	267.626	67.588	93.352
506.028	268.413	64.925	96.533
515.549	270.892	64.892	91.136
524.288	273.383	63.422	92.048
532.521	277.256	74.399	93.315
539.579	278.497	84.735	93.315
546.492	277.305	85.069	92.493
545.597	273.720	89.444	91.697
548.147	269.630	84.920	93.077
551.640	267.388	83.164	91.650
542.665	269.766	88.795	86.261
539.667	267.045	90.716	89.144
522.972	269.114	91.064	87.486
506.391	269.731	89.059	87.052
492.748	268.925	76.780	87.184
485.810	266.810	69.244	88.613
474.651	262.041	75.453	94.912
452.935	265.340	66.719	91.271
443.590	264.734	70.018	94.964
408.636	262.768	93.028	93.843
381.918	263.513	108.977	88.415
367.815	263.767	115.432	84.096
359.127	263.718	121.337	72.063
354.823	262.318	119.153	65.412
348.975	261.034	112.677	59.522
340.700	257.837	105.659	60.016
340.469	252.120	99.953	72.175
335.791	245.911	104.781	86.154
333.885	246.877	111.151	93.484
357.019	250.198	104.471	91.790
363.233	252.140	101.540	91.003
394.141	250.539	78.211	94.963
419.184	250.319	60.784	91.444
431.475	254.029	59.620	89.026
433.749	256.767	68.299	87.501
428.521	256.500	82.342	87.804
426.130	257.219	98.416	91.412
423.644	259.084	112.730	92.475
426.411	259.091	114.405	95.586
428.573	261.523	110.627	100.127
448.757	261.439	107.454	100.886
476.949	265.045	96.955	96.448
494.168	267.974	84.643	92.134
524.219	270.874	65.801	91.163
544.374	270.505	106.465	87.720
545.825	266.777	121.380	91.082
556.203	266.872	126.938	93.168
551.593	268.545	137.704	92.081
552.451	269.799	137.041	79.487
551.329	271.105	134.612	79.314
555.822	269.319	120.561	84.177
552.997	269.435	110.893	82.122
542.065	272.130	117.500	81.618
534.620	273.540	119.745	78.200
529.499	276.638	111.616	76.331
521.435	274.645	110.176	82.211
514.754	275.154	103.195	84.887
506.549	276.330	101.649	88.330
499.785	278.623	93.174	89.035
490.251	272.514	91.820	98.772
483.486	270.887	92.501	107.043
473.464	271.282	96.302	109.330
458.993	272.193	102.325	107.376
449.828	272.309	106.236	104.790
426.969	266.543	114.184	103.802
402.794	266.098	124.167	96.851
400.768	262.957	109.119	96.006
384.346	259.598	103.400	97.225
377.620	259.156	85.454	95.303
366.771	252.425	82.977	100.334
352.688	249.348	91.850	103.253
343.617	250.167	95.298	103.231
336.722	251.412	98.355	102.990
330.018	255.714	106.053	103.391
322.340	256.588	119.383	105.388
317.831	256.991	126.579	107.597
320.609	257.059	128.276	109.852
322.267	260.671	133.512	109.183
326.426	264.639	134.607	105.877
334.068	266.767	131.275	104.485
341.493	266.795	128.752	105.266
345.850	268.027	127.390	105.104
350.001	267.713	128.852	105.634
354.176	267.211	126.432	108.576
361.021	266.256	122.134	108.704
368.035	265.851	117.983	110.462
373.851	265.970	116.424	111.345
381.824	265.086	111.129	112.457
394.141	261.956	99.780	118.877
412.522	260.663	84.160	118.063
427.064	258.815	72.191	116.527
435.308	257.629	67.040	119.652
440.064	255.189	67.104	121.851
443.788	253.628	69.864	120.735
457.867	256.916	67.915	115.825
470.911	246.431	66.188	122.925
473.373	247.811	77.289	115.535
475.207	244.757	84.697	114.422
476.826	241.933	90.322	110.282
486.229	236.765	97.714	114.025
492.064	223.730	101.819	118.962
491.376	219.159	113.340	118.800
487.940	216.397	123.909	112.119
493.612	211.409	122.741	122.427
497.230	205.498	123.801	119.586
498.509	206.096	116.753	115.781
502.458	205.938	114.011	116.485
501.732	202.049	111.162	119.160
504.282	201.720	109.524	119.075
495.536	211.819	119.334	112.142
477.742	212.943	124.202	117.080
472.866	212.184	116.721	120.872
441.941	226.264	122.033	110.171
430.851	238.667	124.368	106.375
395.885	248.018	116.911	105.924
351.927	254.725	111.693	104.345
314.988	262.018	130.574	108.311
294.823	267.640	126.369	106.577
272.055	269.946	128.922	104.780
254.798	273.710	128.386	103.387
226.675	270.326	142.023	102.456
204.623	261.509	131.349	109.340
198.754	256.420	126.304	110.976
194.358	250.192	129.871	114.296
193.397	242.454	128.488	118.793
193.653	238.618	132.985	121.252
197.952	239.610	137.745	120.765
204.804	246.196	138.115	114.627
219.175	259.871	137.285	105.828
236.391	268.919	142.382	102.035
257.265	275.328	140.789	104.366
272.774	279.792	148.955	108.000
294.652	277.383	144.743	113.072
326.615	275.433	130.891	111.024
348.632	268.069	114.424	112.161
380.504	265.284	106.228	121.438
399.700	254.084	119.834	112.023
418.982	247.276	114.661	109.088
425.047	245.359	119.468	105.354
426.017	245.984	119.861	102.604
426.503	246.770	125.421	100.744
427.783	244.239	126.091	103.266
430.129	243.991	126.506	105.509
428.617	243.515	127.912	105.764
429.556	243.748	126.857	106.382
429.112	243.534	123.137	105.629
425.881	245.404	123.508	104.536
424.426	247.344	122.495	102.470
432.155	246.909	127.660	105.442
434.693	245.519	122.648	108.987
461.682	239.670	105.766	118.502
472.807	243.449	105.758	115.521
478.712	239.089	109.649	124.542
480.405	237.027	113.419	124.245
485.093	237.603	114.768	121.319
485.131	230.274	121.568	125.595
487.271	233.209	118.441	115.193
484.563	233.074	120.218	114.041
483.000	233.789	123.302	113.334
480.034	234.285	125.134	112.931
476.796	235.650	127.974	109.338
471.576	235.737	113.752	114.069
466.053	232.997	110.543	127.700
464.602	234.348	97.210	123.384
450.613	236.170	68.921	125.561
445.746	237.443	67.674	127.958
434.979	240.608	70.379	125.100
421.328	237.957	81.363	123.915
407.830	241.015	88.589	116.575
395.435	241.122	97.269	113.416
386.491	235.961	104.898	115.765
376.019	236.275	112.989	114.206
368.365	236.574	118.691	112.356
364.743	237.332	120.090	110.614
363.987	237.633	115.403	112.853
362.179	243.799	112.216	114.425
362.030	246.678	109.839	119.189
363.026	245.700	105.683	129.017
364.174	246.222	104.828	132.872
368.197	251.149	99.263	128.946
372.745	250.780	92.716	130.459
374.635	250.315	92.377	131.789
375.083	248.818	95.985	132.358
376.488	242.719	104.822	131.010
374.451	242.985	110.262	126.715
378.685	230.762	110.314	133.469
382.196	224.328	112.107	135.047
386.087	224.043	114.280	133.225
403.713	223.770	100.389	132.008
411.075	222.142	93.540	131.855
417.792	222.077	87.104	140.556
429.980	223.250	78.669	134.969
421.086	225.136	84.815	126.125
428.147	231.716	80.556	114.993
439.437	232.217	74.377	114.647
432.862	236.438	82.616	109.424
431.404	239.622	86.456	111.405
433.257	242.336	85.921	113.065
431.261	242.439	85.759	125.806
433.085	244.765	86.918	130.628
428.894	249.584	90.960	133.854
429.431	253.952	92.605	133.052
430.935	256.061	93.976	131.466
430.534	258.617	94.542	129.741
426.271	259.662	98.898	121.367
409.060	258.782	117.948	115.656
396.429	259.108	131.936	118.176
391.759	257.061	138.558	121.197
388.295	253.224	142.563	123.661
391.026	248.612	142.698	126.789
397.502	236.881	137.189	135.877
407.233	224.782	136.809	138.042
413.765	217.392	137.179	143.146
424.072	206.940	132.216	150.935
434.272	208.014	132.706	152.794
457.135	205.305	113.893	132.261
466.914	202.641	92.905	120.994
489.274	195.268	80.757	123.007
496.867	197.829	84.442	117.465
498.534	208.254	91.167	111.982
505.573	200.574	101.513	121.849
503.071	206.900	123.159	121.850
493.793	209.392	135.843	124.203
484.844	214.246	142.790	129.090
472.190	222.804	151.856	129.577
455.310	229.527	145.923	126.257
437.078	236.697	151.468	124.161
419.369	240.076	151.414	123.825
398.574	243.873	157.479	122.733
374.820	251.066	160.694	119.008
350.325	251.146	163.147	124.028
336.623	257.084	165.858	120.638
317.816	259.737	174.188	124.903
316.488	258.503	159.468	136.370
309.913	262.213	151.275	139.825
302.120	268.482	141.484	137.237
299.755	270.556	108.259	137.026
292.698	272.308	90.410	137.640
282.463	272.487	90.276	135.410
267.885	272.915	96.079	131.730
254.246	270.580	118.345	133.765
229.102	271.768	152.756	134.428
223.828	270.403	160.774	137.590
223.421	270.289	160.876	136.798
242.299	269.057	139.402	135.057
275.905	266.166	103.632	138.703
293.212	267.423	86.103	139.463
308.045	266.442	80.792	141.084
310.691	267.691	89.715	138.521
312.472	268.112	98.745	135.719
316.281	267.373	101.124	139.133
333.009	266.482	90.942	138.980
348.872	264.925	85.641	138.690
349.379	267.951	85.797	142.077
347.834	268.543	98.499	144.074
333.129	268.533	123.618	141.891
324.990	267.795	149.895	136.350
326.846	263.553	160.851	140.753
330.432	262.138	163.803	141.203
344.747	263.613	152.082	135.291
376.385	260.599	107.380	140.072
406.843	256.628	80.416	145.691
413.274	256.385	92.997	140.618
406.824	254.947	98.280	146.776
405.417	252.532	127.989	145.434
398.851	250.349	151.758	145.865
402.563	249.594	166.176	143.470
418.042	247.956	147.867	145.368
439.943	250.607	124.492	138.134
460.026	251.741	97.036	135.836
463.933	255.687	93.985	131.991
477.090	256.159	88.106	136.766
484.035	257.836	85.315	132.313
487.225	256.726	86.367	132.239
487.607	256.242	89.106	133.677
485.777	255.439	91.460	134.467
483.773	254.437	93.272	135.651
478.125	255.125	96.072	134.524
466.963	253.896	104.536	134.830
452.817	253.531	115.609	135.854
441.508	249.490	130.892	140.097
438.121	246.892	139.366	141.887
425.501	249.844	155.930	142.395
415.662	252.879	167.357	141.470
411.924	252.141	162.886	146.271
418.814	250.083	145.037	148.665
413.989	247.208	117.590	152.433
413.732	248.275	91.124	152.638
410.964	249.459	86.558	146.834
403.312	253.095	90.189	145.581
390.893	253.221	103.993	145.101
383.986	258.767	112.464	140.081
348.963	258.344	145.877	140.925
336.343	260.252	162.925	140.851
324.888	259.113	172.758	144.559
319.967	259.717	168.994	149.825
318.468	268.124	152.040	144.357
320.023	269.637	140.360	144.314
326.793	265.961	122.672	149.020
331.342	267.433	111.137	146.660
338.297	269.822	100.148	144.837
340.351	270.430	97.320	144.468
341.597	271.330	95.229	146.810
340.033	271.342	93.859	149.989
335.460	271.945	94.262	147.705
329.612	273.833	88.759	147.747
326.936	275.552	83.177	142.423
325.513	275.664	83.774	140.872
325.017	275.986	84.223	141.520
324.740	272.577	83.996	140.962
323.765	270.829	83.360	142.609
324.357	268.547	84.414	144.495
321.644	267.407	90.006	142.688
318.254	266.911	98.435	142.583
308.797	263.181	115.121	146.084
304.639	260.302	140.870	149.358
300.218	258.727	166.507	145.853
299.029	256.702	177.485	150.118
308.932	256.465	171.535	148.038
340.142	254.523	149.201	152.433
370.660	252.152	122.455	149.254
405.754	249.268	87.992	150.279
418.521	247.637	93.751	150.263
420.890	246.614	89.603	154.652
419.515	243.809	103.401	150.329
420.749	243.911	134.835	145.063
423.803	242.600	161.820	143.969
434.254	241.949	167.321	149.543
453.534	243.218	155.230	150.681
467.250	246.519	136.909	148.901
479.380	246.837	125.834	145.862
492.967	247.293	110.188	142.684
492.921	245.766	110.186	143.198
497.126	245.061	107.718	144.453
499.701	245.737	106.438	142.929
501.237	245.132	105.661	143.525
502.442	247.295	103.441	141.841
496.302	247.678	105.813	141.598
484.223	247.967	113.780	142.447
473.326	243.775	125.789	146.952
466.628	245.793	139.797	147.875
459.954	244.557	150.609	148.387
436.866	250.664	175.209	142.000
434.385	253.587	174.654	140.977
434.231	254.860	163.944	139.030
433.333	252.163	119.865	150.848
411.120	252.253	98.295	162.342
401.211	254.813	107.227	152.572
377.507	255.806	129.917	150.398
348.396	258.165	158.118	142.565
328.002	258.301	179.857	136.985
301.479	264.441	163.997	145.596
299.737	264.566	150.790	154.844
296.684	266.275	141.255	152.213
301.462	265.674	119.570	152.648
295.975	270.605	101.571	148.954
277.285	274.133	103.699	146.016
262.434	275.029	118.641	147.305
247.079	276.314	134.020	147.904
240.267	275.719	148.856	149.483
234.162	277.869	154.201	147.771
230.386	279.798	161.052	147.001
228.935	280.020	162.870	146.542
228.699	280.662	163.220	145.628
228.671	280.761	163.617	145.134
229.166	280.457	162.467	144.202
230.263	279.871	161.824	143.395
230.992	279.001	161.634	142.709
237.938	277.513	156.300	143.406
248.601	274.719	146.556	146.130
264.749	271.859	132.163	147.702
285.813	267.678	111.812	150.092
305.776	265.154	102.277	154.243
312.821	263.557	101.962	144.881
318.934	261.337	107.574	144.235
322.975	260.918	127.845	145.573
322.822	257.194	169.185	154.385
327.744	251.537	180.653	154.921
336.919	251.116	178.011	153.296
388.815	242.874	147.502	163.101
409.265	242.085	131.501	154.095
435.778	230.048	112.413	162.222
466.859	232.932	117.021	158.523
459.364	226.246	153.751	162.835
445.593	220.992	189.783	166.737
443.857	219.442	199.924	169.614
445.978	217.925	194.755	171.399
453.575	213.402	180.771	176.423
468.646	213.418	159.537	176.634
479.743	212.876	134.835	179.657
483.062	215.621	127.917	175.727
484.952	218.351	122.795	172.252
484.437	219.728	119.802	168.316
478.169	223.178	121.736	164.320
468.462	227.398	125.530	161.132
460.069	232.251	130.261	157.837
448.295	234.833	143.641	157.233
431.254	236.911	164.858	155.591
415.725	246.073	180.642	147.705
410.126	249.214	163.373	148.024
412.580	244.423	142.190	162.310
378.249	240.454	111.558	163.772
366.552	248.519	124.186	173.683
350.212	248.310	142.952	174.102
312.543	251.943	181.956	165.777
276.329	258.043	218.895	150.328
267.426	263.685	184.604	164.137
268.193	264.703	162.425	161.487
271.520	265.397	147.760	164.906
281.017	264.462	138.202	163.213
282.172	267.609	125.046	162.135
267.485	269.752	129.407	164.311
247.325	272.323	134.626	163.908
237.867	271.755	149.737	166.380
230.574	272.487	155.644	166.511
224.832	274.095	159.585	166.864
223.932	271.377	152.833	172.996
220.873	270.539	151.018	173.610
222.729	271.004	144.160	174.129
225.493	270.165	138.250	171.943
235.669	268.116	127.145	173.621
244.598	264.816	118.410	174.674
259.989	262.853	105.482	174.928
271.968	267.102	99.702	170.551
277.795	269.106	100.417	166.532
283.576	267.442	104.071	166.672
283.228	266.713	135.349	166.690
273.632	258.617	172.414	173.721
269.994	258.444	189.988	171.274
278.281	258.446	192.722	165.349
301.409	257.244	196.287	170.173
356.602	249.835	158.184	175.463
369.102	242.998	140.876	174.291
410.481	240.953	138.111	163.544
417.211	239.385	156.152	177.863
407.329	238.898	212.057	176.053
413.152	224.807	231.672	190.779
424.024	213.840	216.607	201.877
448.078	211.833	182.967	198.031
478.172	204.340	142.739	196.262
497.386	204.799	120.209	190.523
501.985	205.539	114.200	186.737
506.767	202.504	119.980	180.817
507.447	199.953	129.595	177.921
501.335	198.429	141.407	172.823
493.098	200.553	157.607	168.978
477.358	195.778	175.912	170.613
454.639	195.214	198.573	169.251
427.537	186.392	215.771	173.475
410.564	182.812	221.228	177.247
385.392	185.000	220.536	171.227
352.799	190.210	223.387	171.221
285.337	197.819	268.951	166.144
265.563	200.631	272.497	169.048
247.895	211.689	266.709	161.392
248.260	207.508	216.120	172.740
224.575	222.179	197.545	161.518
182.089	222.453	173.620	167.955
159.369	227.796	179.804	165.381
150.376	227.367	185.205	169.993
131.250	235.215	204.601	169.596
118.196	236.929	212.688	176.395
103.195	242.513	236.673	170.803
100.083	245.604	245.919	173.329
103.551	246.519	244.831	166.104
107.841	252.972	244.294	162.965
161.324	262.377	191.461	151.219
216.406	253.565	139.954	167.433
245.159	253.718	117.454	176.104
267.487	252.240	104.216	179.956
278.407	254.854	107.164	189.051
287.683	254.238	109.455	188.868
296.819	255.913	115.115	195.236
301.187	253.264	132.376	197.229
291.420	250.766	160.403	198.218
277.084	241.185	186.422	205.503
270.415	245.471	237.788	195.019
265.776	246.503	254.146	183.829
277.226	245.231	247.051	186.382
300.326	241.120	214.743	193.675
319.280	246.169	175.728	191.844
341.661	237.403	152.557	203.208
362.275	225.988	171.847	219.306
336.018	224.162	213.811	218.946
317.578	225.329	245.781	221.087
306.380	217.356	262.363	223.930
299.680	216.195	263.573	215.536
300.667	210.508	245.588	217.712
300.681	205.444	227.036	214.012
306.403	202.636	214.459	212.158
307.020	202.873	207.963	209.522
313.312	192.978	197.102	222.115
312.322	193.678	197.480	219.132
311.752	199.078	204.556	224.129
308.466	202.888	211.485	227.014
310.108	201.892	211.996	238.525
312.098	203.655	221.317	241.864
318.788	203.197	246.360	247.255
315.147	205.860	253.800	231.212
313.903	207.058	267.696	225.475
319.930	199.746	255.920	222.959
327.405	196.392	245.229	221.329
336.776	197.369	229.052	219.995
376.538	197.617	167.521	220.968
387.253	196.882	138.757	228.015
399.344	204.812	129.749	227.883
407.482	210.608	125.481	240.500
384.554	211.281	161.874	239.478
371.582	212.460	188.202	235.503
367.078	219.422	198.804	223.127
341.768	225.443	239.740	217.617
321.945	219.758	256.765	227.893
312.255	216.423	275.506	232.514
302.470	221.512	280.943	217.225
297.502	225.748	282.097	209.847
291.583	225.047	288.689	212.297
286.894	226.139	285.455	221.600
281.129	221.741	283.950	232.007
264.121	219.455	283.967	219.903
258.314	215.107	286.274	216.595
255.273	211.378	284.523	219.403
253.213	214.490	276.706	230.468
243.996	215.788	263.595	244.126
235.814	217.645	266.196	243.795
240.975	220.369	250.734	244.870
242.210	218.336	234.705	253.374
241.486	215.112	217.011	262.988
237.407	216.055	206.432	270.986
234.460	215.428	201.839	281.187
231.742	221.699	195.091	274.475
228.817	222.728	187.383	266.774
210.686	224.671	203.522	243.491
200.449	216.202	214.846	228.152
197.418	207.250	220.620	214.569
193.247	209.625	231.795	196.370
201.682	218.392	224.775	187.835
208.972	224.978	215.962	188.184
223.830	226.736	209.701	213.526
251.450	224.019	193.331	225.689
271.833	230.800	192.113	232.000
275.540	228.451	207.953	269.727
270.601	224.921	210.712	288.221
269.240	221.726	221.080	292.332
263.790	214.229	282.922	270.575
261.085	210.000	339.005	271.774
267.706	209.111	336.485	266.567
283.180	207.032	331.978	264.410
308.525	202.441	307.297	274.160
334.982	208.395	278.846	274.189
369.454	208.766	243.809	279.811
415.333	214.826	200.015	275.741
462.434	229.797	160.817	267.108
498.695	234.942	147.863	249.535
507.801	226.637	159.576	254.362
511.156	222.507	183.764	250.965
500.276	221.136	226.890	242.299
494.481	220.280	258.404	249.222
476.066	215.522	293.460	245.390
472.422	207.439	302.424	251.733
459.985	201.375	312.844	255.312
440.467	195.178	330.243	246.966
426.736	189.451	339.711	242.859
410.889	184.550	341.839	235.705
390.853	179.380	348.814	238.662
372.127	179.757	361.073	237.106
355.436	180.137	364.768	239.686
349.676	182.383	357.273	245.482
340.359	189.990	345.411	257.254
343.313	193.166	316.948	271.990
349.925	198.172	276.243	278.642
379.646	195.457	196.377	294.857
383.000	197.729	161.208	298.138
332.866	202.881	196.189	300.733
281.396	201.998	264.610	302.353
271.399	194.833	284.309	315.643
269.605	197.397	315.464	307.264
255.384	192.066	355.631	312.735
252.287	190.067	360.957	316.045
275.217	187.019	314.421	323.851
296.641	175.185	219.671	336.789
308.222	182.204	165.471	330.260
285.666	185.796	199.403	320.226
236.566	186.075	279.478	315.670
199.037	185.897	332.842	318.467
172.996	187.313	364.119	319.688
161.466	185.966	387.212	319.945
161.533	181.754	393.157	326.193
168.693	174.245	373.144	334.497
177.806	174.297	330.362	336.708
199.370	170.346	279.987	343.579
222.149	177.015	231.682	335.138
240.015	181.006	185.863	331.792
246.002	182.889	162.163	328.373
248.436	189.113	151.490	322.217
245.082	193.773	153.230	317.151
244.807	194.928	154.267	313.113
244.851	196.089	160.353	310.357
242.594	196.954	173.214	310.165
238.406	200.884	182.180	309.080
233.873	197.479	203.392	316.409
215.570	198.623	249.605	318.425
195.816	197.041	310.087	328.299
180.732	196.211	367.122	338.515
172.901	200.285	421.789	335.044
179.415	198.746	426.733	344.485
192.670	195.490	440.296	360.704
213.564	191.628	423.407	374.270
289.989	193.986	336.293	371.545
333.556	200.633	279.135	364.717
369.155	197.776	253.863	362.211
435.656	197.366	222.362	362.041
444.722	199.852	273.674	352.182
423.107	190.686	347.077	359.153
391.490	186.976	407.869	366.233
358.047	191.641	449.830	367.008
344.218	192.317	458.415	370.222
339.361	190.788	451.770	374.694
343.968	187.780	421.344	380.145
361.068	182.888	372.299	387.033
393.232	179.730	285.150	390.410
431.352	187.950	222.490	381.433
454.580	201.839	183.115	367.166
455.488	217.258	175.130	347.563
459.076	220.309	155.820	345.483
454.366	214.736	168.085	336.949
451.495	225.399	170.678	344.836
450.830	230.822	173.558	332.987
455.826	229.851	171.345	326.145
462.767	228.478	168.290	325.321
464.495	230.578	175.077	323.746
461.311	232.882	187.854	321.373
458.589	232.201	200.020	331.862
459.716	228.309	208.275	333.768
445.762	231.682	229.994	328.844
422.942	235.508	258.450	320.457
412.473	232.049	271.011	319.888
406.437	226.452	284.967	314.178
411.704	226.549	287.273	309.706
393.245	226.199	308.509	299.247
366.450	229.197	341.140	300.690
369.806	223.009	315.875	313.791
380.532	225.157	284.496	314.973
407.238	212.842	232.872	329.164
421.633	230.490	195.742	312.646
427.060	245.231	179.266	297.196
427.637	259.130	172.885	281.638
416.874	267.560	181.844	272.151
407.312	268.619	188.754	267.001
389.651	263.155	187.783	260.263
370.811	261.198	183.103	244.722
354.794	260.139	185.014	235.509
346.959	256.997	174.098	230.435
355.914	280.824	160.345	203.602
291.019	277.927	204.917	201.262
262.687	242.639	201.714	198.167
274.088	209.952	196.723	213.912
296.561	260.160	170.999	193.609
231.971	170.896	207.581	247.630
62.795	100.665	202.928	301.535
58.300	220.983	239.475	204.495
33.116	257.496	230.694	187.979
39.752	238.650	226.920	212.745
34.958	237.026	245.786	206.130
32.212	238.627	260.649	203.338
28.917	242.572	241.644	212.231
21.773	250.575	208.412	201.266
25.116	247.286	173.119	204.386
31.123	245.361	161.984	203.694
39.560	243.087	153.964	206.866
54.468	238.195	159.899	208.917
55.863	231.521	193.050	217.996
60.903	242.268	224.709	213.102
74.502	229.115	286.093	219.517
103.913	236.098	305.761	197.726
123.923	228.929	309.504	205.264
146.109	224.400	285.607	221.701
186.052	223.404	258.334	234.949
185.315	226.921	264.385	228.516
258.224	210.233	297.061	267.165
285.362	199.411	301.274	281.612
302.055	197.367	287.653	278.397
300.550	192.449	292.627	279.634
328.784	195.917	262.760	267.025
355.196	195.345	238.953	260.082
355.561	191.858	243.218	267.196
346.239	197.472	262.765	261.528
334.729	204.000	278.024	254.595
323.626	203.022	289.809	254.621
314.453	205.292	299.957	252.843
302.305	207.031	308.354	252.286
284.759	204.008	318.506	259.799
269.074	205.548	324.562	252.515
263.185	202.419	308.137	261.583
251.546	208.807	311.488	245.736
246.462	211.616	306.557	248.739
243.679	215.509	299.709	248.747
239.903	223.337	299.129	244.988
240.431	227.039	298.689	246.142
242.634	232.514	299.870	240.830
248.150	233.669	296.198	236.533
256.081	230.630	288.911	242.477
269.819	226.884	270.287	242.781
299.162	226.393	231.128	234.479
341.584	234.380	180.540	219.127
342.714	230.341	193.660	213.312
345.610	232.532	204.657	197.563
348.238	236.264	254.070	202.211
352.412	236.699	265.409	198.299
362.713	231.779	272.104	194.170
369.809	225.760	260.917	199.611
406.086	233.529	217.517	176.225
423.795	239.406	194.431	166.374
412.963	244.160	198.182	158.731
385.902	255.697	214.329	142.276
344.443	254.030	238.164	141.900
338.656	248.323	216.240	138.956
337.821	215.373	181.236	170.497
325.839	218.293	182.510	174.833
309.129	204.949	170.114	186.032
207.326	215.012	196.220	176.104
160.086	241.989	239.345	147.309
140.178	230.872	217.330	147.197
138.634	235.428	211.458	148.165
120.687	228.402	227.066	156.707
100.054	217.858	239.321	171.714
74.722	206.697	229.799	178.030
85.106	207.038	202.701	178.525
85.315	213.718	213.411	169.904
96.675	202.590	204.053	178.725
135.612	196.920	195.740	183.120
166.776	202.039	168.227	179.799
182.366	206.349	153.172	175.547
209.941	218.429	158.838	175.730
264.837	215.204	176.070	202.709
279.634	225.796	165.254	205.011
287.328	227.716	163.443	201.073
295.698	219.250	160.831	207.525
296.038	219.399	181.415	211.104
299.417	211.249	214.964	210.535
336.399	202.392	215.582	227.476
362.606	197.013	199.723	236.471
369.233	194.011	195.338	252.012
375.662	185.964	195.043	251.307
397.105	186.767	183.805	195.765
406.230	190.172	197.774	196.606
399.916	190.076	213.794	200.217
405.774	184.258	211.093	205.979
398.472	187.373	223.188	200.855
371.363	189.628	237.147	192.975
357.195	197.828	252.687	192.911
345.665	195.265	240.158	208.285
336.175	206.317	236.240	198.314
326.243	218.580	223.363	190.652
313.621	228.249	174.539	172.071
304.547	235.969	166.315	191.287
295.719	244.120	165.085	184.056
290.143	243.738	160.607	188.111
283.944	246.679	135.187	183.514
271.551	251.580	99.700	179.366
247.121	257.310	116.953	173.386
227.368	257.093	121.531	167.705
214.646	258.399	136.390	167.097
209.232	255.706	151.158	173.393
207.338	251.492	175.772	152.895
207.417	251.540	201.434	153.647
207.171	251.828	203.072	146.360
208.482	252.714	215.518	126.477
240.756	250.409	182.530	129.602
271.935	253.035	160.048	120.524
294.711	249.983	143.731	119.391
301.847	253.855	144.702	116.166
308.003	247.761	135.073	123.642
331.327	247.335	133.840	127.261
347.453	240.037	145.142	143.832
417.710	241.965	133.139	157.751
417.548	236.665	138.697	157.255
433.875	244.217	138.944	151.649
439.289	250.536	140.338	144.962
442.366	252.831	142.390	145.664
447.581	255.706	143.903	138.928
439.676	254.554	155.346	131.977
445.952	256.165	152.019	130.291
449.200	259.765	148.291	120.742
453.324	259.250	144.790	118.316
459.048	259.553	136.896	123.255
463.693	258.383	127.989	125.408
450.679	256.522	135.226	128.449
409.560	260.315	142.552	133.059
370.617	254.434	137.810	144.430
357.560	248.167	127.353	141.509
347.477	249.980	108.366	139.319
345.282	246.983	94.338	142.983
337.080	246.937	98.080	132.970
323.924	242.206	118.023	133.683
308.049	235.708	141.633	138.515
295.828	224.980	160.695	156.993
282.241	219.014	175.793	164.683
280.370	218.009	190.659	167.729
281.512	219.501	208.558	165.975
307.490	226.366	217.702	159.639
329.456	231.639	203.952	154.936
358.043	238.171	174.530	153.509
372.646	239.639	164.437	153.249
392.575	240.321	179.796	144.884
416.138	240.647	169.885	146.124
432.374	230.986	176.259	143.330
443.471	237.744	174.845	137.008
447.325	241.870	170.830	122.523
446.556	239.710	174.087	121.322
421.250	239.927	195.217	116.093
412.785	240.086	204.566	121.401
392.040	241.506	220.922	125.280
383.878	244.354	217.350	122.877
370.388	247.227	231.720	129.436
352.363	249.679	244.207	136.330
347.082	250.036	216.892	145.679
338.895	252.147	206.222	146.250
339.332	257.813	194.341	141.906
338.440	258.398	155.973	140.711
339.657	255.723	128.104	141.320
349.230	255.131	114.636	137.244
355.215	255.110	105.250	135.384
361.374	258.442	98.246	130.332
367.207	258.626	99.010	123.589
380.905	257.978	103.195	121.339
393.680	256.252	108.745	120.039
404.443	255.331	114.614	121.573
408.270	262.478	113.432	121.514
419.742	258.364	102.214	122.063
461.904	246.622	133.528	131.755
445.780	502.237	160.166	73.095
447.321	476.491	133.039	94.694
490.675	458.045	130.538	81.531
490.174	452.450	132.299	96.576
481.277	441.487	147.069	118.050
412.254	231.022	117.573	81.575
441.928	136.229	137.836	148.411
476.298	68.825	117.384	126.107
471.464	61.017	118.396	115.920
424.685	92.827	144.705	113.219
404.037	154.827	151.906	117.471
527.332	214.728	116.319	122.570
496.799	219.947	133.129	114.877
481.661	250.871	119.333	124.064
479.466	254.426	107.682	117.168
429.674	150.519	136.878	107.984
482.206	250.820	101.739	135.640
451.213	256.074	124.094	115.938
458.731	249.914	118.751	141.293
442.457	149.291	140.808	182.007
404.563	238.219	127.423	128.856
389.695	242.203	113.160	119.750
381.337	243.706	123.737	117.988
375.197	245.177	125.688	118.504
367.437	243.653	140.006	119.602
364.010	246.467	138.647	118.464
363.546	246.280	145.151	120.007
361.152	246.308	147.419	122.408
358.148	245.712	145.581	122.526
358.647	244.889	152.316	124.625
365.440	243.973	163.548	124.416
364.978	244.507	150.719	125.249
366.878	244.581	144.005	125.062
369.899	244.974	145.387	124.599
370.330	246.731	141.857	122.391
374.081	248.387	145.187	122.830
375.224	250.533	143.868	119.535
378.072	252.153	144.740	119.279
378.932	251.767	145.132	122.897
386.437	254.013	147.246	122.585
390.615	255.489	149.204	121.875
395.444	256.522	147.115	121.025
399.731	256.697	145.826	121.855
405.413	255.993	145.153	122.284
410.594	253.929	136.449	121.303
411.062	255.205	135.570	115.207
411.085	255.229	132.235	117.259
410.165	255.107	135.341	117.143
409.475	254.401	135.203	118.242
406.257	251.979	137.060	120.675
405.434	250.668	139.515	122.343
404.626	249.413	147.221	121.368
404.880	246.681	144.097	124.863
404.857	247.098	145.074	124.253
407.511	244.768	142.764	127.439
407.578	244.687	143.289	128.406
407.410	241.925	141.917	131.451
408.040	243.297	143.651	129.895
408.652	241.691	142.409	131.598
409.439	240.839	141.324	132.153
409.787	241.135	139.910	132.183
410.042	241.486	137.714	131.780
409.615	241.330	136.400	133.135
410.089	242.425	138.149	131.697
409.626	245.610	139.317	128.601
407.503	246.235	144.394	128.164
403.663	248.245	144.367	126.242
399.167	251.290	149.512	125.623
395.391	252.344	148.801	129.631
387.420	256.331	156.804	127.361
380.225	256.598	161.986	129.240
374.380	257.337	167.540	129.659
370.615	257.450	163.011	129.787
367.613	259.578	160.479	127.168
363.252	258.767	165.065	128.166
361.630	259.888	155.855	126.916
364.180	261.276	150.502	124.379
363.527	258.461	140.502	124.577
368.559	261.047	127.618	122.800
374.049	262.617	121.863	120.436
377.877	261.226	113.669	121.582
378.379	261.685	107.416	120.654
381.070	260.750	104.880	121.308
381.864	261.966	110.379	118.936
389.483	259.785	112.974	119.497
396.024	257.564	98.060	122.665
400.282	257.142	92.363	125.353
404.279	259.283	88.414	122.927
407.682	257.656	84.899	115.970
397.310	256.608	82.275	103.178
401.433	254.744	92.992	110.616
396.141	254.136	96.655	106.364
398.483	181.763	118.355	121.846
393.346	143.713	135.407	119.397
377.308	248.469	106.094	106.394
359.530	245.939	112.662	91.050
370.817	203.868	104.515	131.196
368.912	242.344	133.918	135.842
367.454	248.800	119.206	123.352
368.605	232.209	142.418	121.325
374.038	138.430	127.696	135.038
379.522	225.627	112.158	142.234
379.709	139.779	116.950	133.506
353.271	128.998	130.285	128.055
392.737	240.105	121.108	152.663
395.489	253.979	121.854	147.154
391.867	257.146	123.940	135.062
391.205	256.264	126.448	136.035
388.895	258.708	128.306	137.786
385.576	257.221	126.308	138.102
356.675	161.231	128.947	121.375
357.278	176.333	122.664	103.654
364.536	174.357	118.244	103.987
367.537	164.198	107.066	113.949
361.211	170.194	112.633	111.352
388.870	163.899	117.376	113.367
437.289	248.273	95.013	120.740
438.073	258.774	95.544	100.406
411.464	256.081	109.783	104.270
428.565	261.500	108.373	104.604
426.980	259.298	81.965	108.788
423.263	260.082	79.804	105.083
419.555	265.155	78.554	95.113
415.352	265.126	81.734	96.818
423.963	267.139	79.602	95.684
424.934	267.616	87.818	99.769
432.589	263.121	104.059	108.775
430.514	269.549	110.605	107.814
435.503	268.938	106.318	111.003
448.576	272.544	99.664	107.452
446.309	275.640	105.080	102.912
442.508	271.366	107.682	105.291
437.599	270.851	107.625	106.666
433.195	271.615	113.597	105.466
425.753	267.267	111.215	106.531
416.818	264.955	118.739	107.234
412.039	262.810	116.372	110.876
420.402	263.027	104.905	117.063
410.701	265.192	109.977	108.972
395.755	235.020	116.051	109.754
403.332	259.322	98.735	112.335
388.336	256.597	98.411	106.050
359.170	218.059	118.385	105.299
354.608	181.106	107.079	119.294
376.227	261.991	106.020	124.609
342.916	272.119	105.817	97.926
334.195	271.032	85.036	97.270
322.692	275.034	86.826	99.698
308.364	275.309	91.713	100.522
299.443	278.287	99.644	98.832
282.423	280.400	113.249	98.271
267.147	281.623	124.682	97.951
266.236	281.480	125.389	102.607
263.847	283.363	127.045	103.021
263.302	284.487	132.340	102.338
265.906	282.791	138.745	107.872
267.022	285.639	130.685	107.108
273.538	280.889	128.464	113.240
283.064	279.069	125.389	111.224
316.566	274.591	112.974	114.001
343.380	269.324	99.103	114.224
348.740	265.551	95.113	118.827
350.206	266.980	96.208	115.182
351.897	267.673	101.012	114.085
356.991	268.385	112.559	107.577
361.446	271.657	133.388	109.200
365.896	274.065	139.096	110.059
379.374	274.476	129.760	111.841
382.317	271.192	126.640	114.862
383.069	272.834	128.674	114.442
386.255	275.082	130.623	112.144
388.852	274.232	130.131	113.054
398.321	274.396	121.107	111.165
401.398	274.242	121.472	109.906
412.175	272.606	111.040	111.887
414.071	274.341	109.718	109.706
424.204	274.572	103.611	107.051
423.070	272.836	105.186	110.389
421.888	273.896	106.672	108.650
421.506	275.302	107.606	106.746
422.138	277.334	107.227	106.687
421.495	277.979	109.119	109.585
422.099	278.931	113.671	112.019
420.072	280.064	120.940	111.478
417.810	280.008	128.803	111.724
417.627	282.003	133.648	109.902
424.706	281.889	130.606	110.682
427.069	282.784	130.265	108.706
431.616	286.197	121.618	104.777
433.204	287.029	121.507	106.950
434.767	289.563	118.382	105.954
434.062	286.671	119.426	107.258
436.677	290.795	119.362	98.459
434.902	289.718	120.601	104.823
432.482	293.698	126.656	98.488
434.861	296.728	128.295	90.329
437.345	298.816	134.516	87.720
441.263	298.281	134.404	86.169
448.644	297.728	135.630	90.947
454.181	293.421	132.732	105.698
452.532	291.280	142.041	106.632
460.193	287.721	140.185	116.744
464.866	288.052	145.227	116.689
466.530	287.002	149.195	114.313
472.348	284.401	146.641	117.799
472.891	283.541	148.389	117.350
477.920	283.060	140.982	120.021
480.861	282.658	137.267	119.108
482.502	280.333	134.962	119.730
483.191	278.858	134.557	121.233
483.706	277.903	135.124	121.952
484.446	277.837	134.737	122.698
485.087	278.466	135.194	121.902
485.089	277.617	136.320	122.695
486.288	277.424	133.899	122.733
485.599	275.104	134.952	117.845
484.966	271.553	130.304	118.877
484.201	268.357	128.937	115.195
483.716	263.296	126.217	114.456
483.824	257.699	121.575	112.859
477.482	252.244	130.090	112.226
472.039	247.508	135.759	113.340
468.397	246.953	132.448	114.407
468.833	254.967	119.782	106.584
462.072	253.108	121.440	111.235
463.452	254.458	113.689	108.058
456.418	253.494	95.562	110.395
446.364	257.652	88.834	105.556
425.397	261.774	92.486	97.145
416.212	268.774	99.891	89.556
398.426	267.933	110.247	86.156
362.707	270.166	129.845	91.182
334.285	270.040	143.237	98.721
332.690	269.895	136.494	107.457
331.685	269.753	131.591	110.420
341.218	265.746	116.899	110.178
347.027	265.315	109.923	105.967
348.506	265.709	106.611	101.811
346.182	266.985	111.644	99.941
342.896	267.478	119.684	100.499
341.209	267.499	126.299	101.446
342.473	265.133	124.664	108.640
345.111	264.030	124.271	112.062
352.281	260.513	124.460	114.492
360.767	258.186	119.540	117.668
378.547	251.564	107.707	115.837
399.494	246.038	88.556	116.879
406.865	247.492	74.180	113.778
420.899	248.623	68.545	101.412
420.341	238.402	63.940	105.904
421.535	215.989	69.613	111.069
424.751	184.892	85.564	134.331
431.193	181.566	93.647	118.725
433.122	177.255	106.525	117.538
435.801	176.622	112.055	120.809
440.667	183.762	103.840	108.705
437.139	184.069	113.915	102.129
432.044	198.210	124.994	89.831
431.147	197.930	114.160	87.370
435.189	219.438	110.534	72.171
435.586	226.724	95.284	71.188
440.084	232.761	101.822	71.524
435.664	235.098	85.165	76.726
438.802	239.408	78.463	85.948
433.845	253.245	71.736	94.025
429.016	257.857	80.626	109.011
424.897	263.377	80.189	109.453
420.147	264.073	84.682	111.153
410.083	264.172	92.612	113.894
391.989	267.587	108.397	109.302
370.362	264.479	128.135	113.608
344.626	263.632	151.306	117.434
341.016	261.091	148.466	118.908
339.957	258.297	140.868	117.921
341.335	259.326	129.001	116.929
342.154	264.084	92.560	107.312
346.390	260.128	73.944	108.687
345.831	262.208	65.953	106.257
343.243	259.040	65.038	108.616
339.339	261.788	68.791	104.271
337.577	261.336	68.675	104.468
334.075	264.984	67.722	102.505
333.936	266.369	69.531	101.781
334.187	269.737	67.941	101.435
334.576	272.633	73.936	102.552
327.335	275.771	96.627	103.489
317.640	277.175	115.936	105.416
306.904	277.868	128.967	111.991
305.696	278.327	128.605	111.223
304.996	278.703	129.369	109.850
304.891	280.795	129.798	107.857
305.408	283.299	131.505	101.151
308.522	283.822	127.019	99.395
310.886	284.827	125.893	97.629
314.477	283.691	123.706	98.664
321.339	283.342	120.848	99.306
334.833	279.947	115.602	101.939
347.514	277.733	122.752	100.146
379.117	273.285	95.183	101.067
405.037	270.162	83.232	95.213
410.368	277.628	79.692	88.563
413.982	282.260	83.368	86.251
428.737	278.144	108.997	84.555
442.699	277.629	134.899	83.982
459.808	273.027	126.229	90.984
480.707	273.481	112.013	92.935
501.519	270.065	96.230	96.775
519.870	269.375	82.369	99.411
531.175	269.395	74.700	98.506
533.038	268.854	73.233	97.538
534.651	266.938	73.032	98.565
534.359	266.704	76.404	94.203
533.391	266.118	80.243	89.189
530.163	264.100	86.026	86.527
529.533	265.079	88.215	81.143
529.182	265.360	86.056	78.418
525.736	265.740	91.584	80.208
521.737	263.815	96.579	82.321
516.139	261.489	97.937	85.001
505.467	259.880	100.363	87.411
488.616	261.478	99.711	87.084
471.125	257.627	97.227	92.576
450.148	258.253	113.152	91.025
429.024	249.748	112.838	100.670
404.642	246.175	123.121	100.112
385.635	233.756	128.893	97.251
367.359	223.600	123.030	104.875
354.339	225.555	118.827	101.536
344.339	220.124	116.280	98.669
336.840	217.714	108.776	98.786
328.050	216.387	110.911	98.699
314.440	218.227	115.265	97.024
309.628	219.383	114.905	99.860
303.699	222.687	116.933	105.707
301.952	224.873	114.593	111.298
302.757	234.168	109.485	107.486
311.848	244.362	101.545	97.561
317.357	255.425	98.503	90.936
322.711	259.904	102.010	95.389
333.944	261.608	111.498	98.859
344.707	262.726	120.904	100.963
375.786	273.197	115.245	92.938
390.377	272.230	119.185	100.197
414.548	275.053	110.691	101.319
428.436	274.537	124.036	106.299
440.487	276.557	135.876	105.645
467.197	273.713	127.844	100.141
486.742	280.382	124.020	93.146
508.705	273.960	113.772	91.282
525.385	275.340	108.774	88.978
527.817	276.706	121.168	70.727
546.472	276.065	120.556	61.005
555.143	274.573	118.716	53.152
547.314	271.402	133.464	53.381
549.846	270.623	132.758	54.083
549.601	269.844	132.819	58.508
540.979	274.707	127.715	65.683
540.870	273.462	106.556	77.850
543.641	275.447	97.201	84.224
539.221	273.161	91.966	91.124
536.354	270.845	77.591	96.317
536.361	273.042	61.477	105.261
535.282	274.430	55.093	114.319
534.320	269.814	56.441	119.297
524.420	272.460	73.114	118.058
514.402	276.508	92.449	117.714
508.735	278.657	103.093	109.788
502.700	277.791	111.058	107.660
491.967	274.920	115.747	104.452
488.509	271.014	112.184	101.672
481.860	267.308	104.231	98.661
456.031	260.884	105.667	91.821
443.927	262.632	82.201	83.455
435.292	258.379	78.379	82.564
425.804	254.217	77.038	85.487
415.086	251.788	77.387	85.957
394.418	254.294	70.616	82.894
381.529	259.067	69.988	79.358
368.365	263.168	77.274	76.623
352.852	267.324	84.882	80.620
345.147	272.666	84.430	83.143
340.209	278.917	85.630	82.340
337.451	281.136	86.266	84.865
337.933	285.563	86.460	84.155
341.416	286.281	80.121	87.342
349.174	286.429	72.410	86.700
361.907	285.996	66.890	85.767
376.350	282.234	61.899	83.764
387.182	279.814	61.937	76.151
394.122	275.624	54.530	76.619
400.513	271.680	60.583	78.011
401.389	257.612	54.699	74.568
402.389	256.708	63.724	66.974
405.265	262.713	73.017	62.133
408.597	258.027	69.884	63.068
405.403	259.624	65.405	63.007
402.982	271.776	60.827	63.615
401.139	277.730	52.280	70.341
399.862	279.112	49.929	75.808
398.385	283.315	54.553	75.753
394.367	286.679	57.242	76.760
385.681	291.475	55.932	85.516
376.126	292.092	66.960	88.131
367.256	288.447	85.376	97.790
365.463	283.869	102.836	90.621
366.993	279.551	122.801	81.653
385.644	272.475	125.375	52.489
401.143	258.828	139.508	51.363
430.788	247.689	119.168	53.754
464.857	240.415	102.329	56.083
475.477	231.397	98.410	63.969
506.501	233.599	102.474	65.661
521.589	238.367	108.218	67.245
539.481	243.089	103.983	69.230
548.379	245.225	98.878	77.227
546.865	247.652	103.241	84.279
550.903	254.564	97.278	88.579
550.091	255.689	94.431	92.331
547.273	256.780	90.393	92.129
545.641	259.115	89.845	91.346
544.709	259.457	89.205	90.512
543.246	255.962	87.315	88.388
541.839	254.171	87.015	81.871
540.232	252.929	82.141	77.140
539.520	250.573	80.993	75.838
538.288	250.528	77.200	75.544
535.746	251.444	77.715	74.446
527.886	252.781	84.186	73.059
520.265	253.278	92.272	73.677
512.841	254.290	98.192	71.316
506.244	256.700	105.393	69.554
485.578	258.870	124.220	62.658
466.596	260.343	126.333	59.646
436.097	263.546	109.449	55.005
399.764	264.125	120.011	52.366
376.139	268.525	119.598	49.126
362.440	268.673	114.819	50.817
328.272	271.554	109.662	55.128
309.355	271.610	107.242	56.212
292.699	275.021	109.136	54.774
286.669	277.671	111.778	55.020
288.487	279.997	107.401	58.601
295.537	284.468	101.811	60.945
308.300	285.857	97.807	61.960
316.840	287.236	105.121	62.457
327.371	288.029	113.369	60.958
351.944	279.559	98.750	70.626
386.331	271.491	85.654	75.288
403.787	264.920	73.979	76.651
414.168	263.044	68.059	67.680
418.491	259.833	65.357	62.598
421.520	260.315	67.135	64.886
420.859	263.038	72.133	60.445
420.407	265.471	75.959	60.095
421.347	263.486	74.758	60.965
404.868	263.781	61.856	62.158
390.175	262.469	64.389	64.848
375.193	261.013	76.704	68.012
355.245	260.482	88.258	67.520
340.681	252.106	106.136	78.219
327.339	239.321	92.182	87.295
324.100	216.014	100.616	95.368
343.139	193.471	95.412	65.693
344.036	173.218	87.755	88.686
358.012	149.737	111.110	72.930
379.473	135.714	120.005	78.078
432.073	101.883	127.291	88.743
454.739	99.615	147.111	84.044
490.223	95.667	130.425	90.827
505.543	96.143	128.337	95.542
520.663	102.691	116.780	91.235
519.804	117.638	115.364	70.616
523.036	133.561	112.774	61.678
526.791	129.682	107.525	67.019
530.838	126.182	96.078	77.382
527.421	121.980	97.397	91.674
532.094	140.359	89.913	93.476
523.340	119.413	93.588	107.774
510.211	110.432	106.672	91.924
498.649	101.424	114.771	87.031
482.964	93.057	118.793	82.214
458.879	84.204	127.204	78.690
427.086	70.114	124.390	72.204
413.594	61.666	118.707	70.986
393.665	55.821	123.764	79.591
376.057	51.763	124.516	75.860
347.103	45.213	123.473	82.955
304.632	48.400	118.051	90.406
303.743	58.604	88.667	104.402
288.582	124.291	101.319	91.769
289.418	141.573	87.380	104.442
301.082	144.609	86.338	128.527
318.904	213.516	116.228	92.121
340.578	233.468	115.874	96.754
362.329	247.641	94.755	92.863
379.044	248.349	96.815	88.495
388.369	246.152	93.672	86.254
393.247	232.527	79.899	84.544
385.465	218.299	92.225	77.688
382.201	195.386	107.649	79.107
366.838	176.738	114.902	92.046
345.347	160.305	108.492	94.375
334.778	124.764	109.737	93.547
342.064	94.438	98.689	94.888
349.582	87.215	101.614	81.073
342.963	74.353	107.753	92.040
398.169	31.445	95.703	101.122
416.350	23.792	110.791	88.722
458.639	26.224	109.649	93.798
471.689	48.777	123.590	91.457
502.096	73.436	115.548	92.296
514.811	84.620	109.114	104.325
514.743	116.671	119.210	104.386
510.077	133.649	112.688	100.523
499.341	164.862	123.095	94.009
473.334	164.381	143.231	98.690
455.925	164.466	117.092	103.131
442.773	165.894	103.619	100.632
425.183	155.889	99.793	104.211
409.973	138.381	98.165	104.232
404.922	127.361	97.700	94.126
401.622	100.644	89.820	90.587
382.687	87.563	100.939	100.246
363.774	83.358	121.545	97.501
348.234	80.658	126.160	86.437
341.055	59.160	132.402	85.774
329.051	45.618	119.095	81.296
324.551	40.068	101.613	83.445
324.397	40.503	95.299	89.196
320.526	47.444	88.814	88.209
309.003	61.822	95.271	80.392
303.957	75.551	99.244	73.537
304.503	107.057	102.401	57.604
308.642	120.263	100.450	62.270
327.573	128.764	89.081	70.583
357.638	138.155	89.904	82.205
371.908	141.539	88.305	84.473
382.343	144.812	94.805	86.340
415.044	142.412	84.120	80.454
429.194	136.673	84.040	66.656
436.944	124.521	77.418	66.403
444.506	114.314	65.537	71.005
444.147	98.700	67.913	75.738
442.631	84.215	67.305	70.689
440.103	70.306	78.072	57.404
437.853	56.262	77.505	63.010
437.784	48.830	73.668	69.993
431.196	40.569	74.693	75.541
413.433	36.556	77.674	74.862
403.109	34.530	84.033	74.606
400.672	38.500	84.694	67.475
389.498	40.571	93.183	66.376
382.719	44.517	95.961	86.708
382.446	43.201	93.641	102.826
384.042	65.628	87.758	99.091
389.294	85.097	85.162	96.449
404.810	111.727	79.908	120.846
427.232	159.714	82.839	116.967
437.810	182.964	93.010	114.350
448.322	199.307	86.042	113.827
464.982	208.287	78.889	107.025
477.863	220.321	77.709	94.831
484.581	223.497	85.995	88.599
486.892	225.240	95.587	90.137
487.833	226.645	102.862	95.541
491.378	230.704	105.030	96.810
491.931	232.606	108.099	98.574
490.560	233.697	111.957	98.012
489.589	235.676	113.299	95.298
487.950	236.659	110.562	93.601
486.825	236.346	101.563	91.770
484.827	237.673	91.194	90.220
478.123	239.006	85.214	87.685
471.456	235.695	79.742	90.910
461.943	227.868	78.977	93.288
453.026	214.319	83.378	97.572
443.333	194.123	90.808	96.359
436.912	171.026	91.749	94.885
433.451	150.380	95.431	96.201
428.951	133.786	103.896	91.726
434.682	120.795	85.337	90.681
432.332	88.653	70.441	104.715
432.777	70.755	63.357	103.293
436.539	53.452	58.917	105.759
432.546	47.442	59.920	113.598
425.861	42.071	66.117	108.908
422.003	42.283	73.495	104.261
416.803	46.016	84.606	101.130
410.318	53.147	93.702	98.773
408.327	62.240	98.880	88.477
415.911	70.633	91.503	75.198
415.301	84.431	91.165	79.112
424.741	89.234	79.356	83.730
422.992	91.599	78.584	93.878
424.415	96.124	75.862	97.769
428.378	102.521	63.171	111.181
430.472	101.168	61.145	130.373
430.537	114.362	63.593	131.670
428.241	147.535	69.890	111.107
432.044	162.695	66.810	105.344
432.126	194.701	68.504	93.085
434.228	206.474	69.098	98.547
443.347	218.548	62.227	103.612
449.038	227.775	60.094	102.493
444.427	228.733	66.343	100.266
447.085	224.228	65.384	105.411
446.421	208.797	65.046	113.459
443.850	189.633	69.818	117.828
438.313	174.918	73.527	103.589
445.570	151.109	91.011	103.175
431.314	95.357	69.189	131.557
423.460	68.612	67.765	130.291
430.330	56.560	60.707	116.046
431.990	31.649	62.490	110.154
435.894	21.111	63.244	109.371
433.116	15.753	65.982	105.700
433.131	15.412	64.666	98.803
433.332	9.083	64.595	87.392
434.759	7.503	65.990	91.260
434.746	8.830	66.841	92.517
438.878	12.704	61.563	91.042
440.898	16.417	58.813	91.486
447.624	22.690	52.987	83.851
450.254	31.763	52.582	86.734
451.443	45.768	54.356	98.782
456.465	80.659	58.607	99.791
456.299	88.428	66.325	102.251
458.155	94.741	70.375	111.142
455.741	103.907	64.673	123.277
459.283	114.977	54.035	121.928
462.649	132.727	51.255	109.631
462.636	148.688	52.880	102.695
460.887	161.045	53.191	111.670
459.551	174.207	53.200	118.774
458.748	186.160	56.785	115.182
460.880	197.086	52.072	114.535
460.889	211.376	53.794	105.702
463.848	216.177	50.406	100.553
465.421	222.370	50.930	93.413
462.265	216.604	51.464	98.118
457.856	211.669	54.424	101.199
450.313	189.033	57.877	120.301
449.554	164.107	55.710	133.784
441.497	150.396	60.830	128.631
438.011	137.048	61.946	107.393
438.714	98.707	59.475	123.997
429.664	51.669	62.019	136.676
431.718	27.278	61.962	131.005
434.864	19.610	62.171	99.117
434.642	18.884	55.064	88.564
438.532	14.235	51.705	81.012
435.544	6.769	52.899	79.379
435.862	5.197	52.483	72.361
436.656	1.894	48.401	53.701
439.090	0.000	45.799	59.603
439.907	0.644	44.858	63.287
440.404	0.976	43.968	64.054
442.350	2.114	43.512	63.163
445.233	3.264	47.314	61.645
445.477	4.614	50.058	65.131
448.209	8.948	49.072	85.464
450.902	20.805	50.032	96.641
454.916	50.387	53.225	103.689
453.519	93.384	60.211	99.749
448.445	124.605	58.954	86.520
448.384	141.684	55.781	81.212
450.512	150.546	59.830	87.294
461.690	138.003	58.850	117.468
456.780	170.116	62.649	99.923
461.374	154.227	61.539	109.174
464.353	169.013	57.657	104.504
464.954	169.426	57.720	100.706
465.535	164.089	58.870	100.526
468.562	176.689	57.846	98.279
468.173	176.900	57.178	98.678
469.672	177.642	57.270	99.069
472.401	177.679	53.436	99.626
473.748	179.416	52.957	98.222
473.673	178.284	51.131	97.970
471.484	176.453	54.841	99.617
469.264	176.615	56.828	102.942
464.908	176.630	60.276	105.085
460.855	173.200	62.535	106.168
457.506	169.774	63.477	108.916
453.151	171.536	65.216	106.379
446.580	172.089	70.614	105.235
439.485	174.061	73.274	103.826
433.578	173.712	76.266	103.349
426.960	173.917	74.443	103.151
419.184	175.965	70.729	103.495
411.773	174.992	69.432	101.738
397.541	172.864	74.033	102.613
381.587	167.284	81.933	106.258
364.012	173.402	85.611	101.922
357.119	182.046	82.262	89.555
343.315	156.604	80.578	103.156
319.705	130.803	85.924	115.421
305.231	122.282	85.831	106.075
293.833	119.471	85.747	96.519
287.563	116.306	102.232	96.189
282.671	113.661	126.939	96.038
272.961	108.872	146.886	102.087
261.523	109.327	144.684	106.764
252.139	110.664	129.685	109.521
248.216	125.511	120.993	100.613
245.905	131.909	112.318	104.928
241.369	157.934	130.162	90.475
246.298	169.320	129.279	96.731
252.208	171.317	116.705	113.287
258.786	186.348	115.048	109.515
277.337	192.176	101.072	108.442
282.085	202.257	103.152	104.701
287.320	206.611	98.902	98.412
285.387	215.582	99.728	84.603
288.086	221.152	102.581	94.566
286.381	221.507	104.823	94.207
290.308	222.319	103.753	94.373
295.493	221.454	100.963	95.103
301.897	221.941	99.340	94.846
304.614	220.709	100.329	95.873
309.751	220.369	97.307	96.095
312.519	217.650	91.612	97.624
318.216	218.642	95.238	98.408
335.781	217.276	91.328	99.714
342.800	217.226	85.395	98.826
351.509	214.807	84.413	101.107
364.672	210.053	80.919	102.865
374.267	202.152	77.758	104.899
394.868	189.356	69.444	106.810
418.040	180.724	64.209	110.012
415.072	171.270	65.016	115.180
426.774	150.061	68.424	121.075
430.901	125.280	62.365	128.559
434.547	98.395	70.534	131.535
437.526	91.535	73.158	119.317
440.444	81.043	72.953	117.733
452.590	67.365	70.887	127.422
455.397	61.525	65.169	134.701
461.731	63.491	69.108	136.973
461.755	71.933	73.275	130.770
466.573	98.934	72.423	108.729
475.992	102.019	69.489	107.377
478.016	106.963	64.892	104.200
470.780	121.151	64.905	99.263
468.486	127.204	61.205	102.678
462.722	129.337	74.144	97.007
461.169	132.386	74.193	106.613
458.474	138.531	76.265	130.425
447.444	141.400	85.316	125.408
433.931	156.019	80.506	138.911
422.955	172.997	84.733	127.380
412.818	180.260	90.218	121.193
404.294	183.296	95.491	118.463
391.753	187.753	108.982	118.483
379.038	184.353	111.347	118.880
377.213	179.230	114.077	120.107
371.303	169.417	114.078	123.373
372.463	157.139	115.798	124.834
372.869	143.603	112.054	112.892
379.383	127.154	105.951	114.782
390.942	119.292	89.883	98.948
392.176	109.355	94.991	89.439
405.170	102.519	89.895	97.346
407.187	97.568	88.499	99.956
414.745	99.559	100.038	95.509
419.984	97.318	104.195	96.412
431.111	102.470	93.721	91.243
434.039	108.278	90.827	88.052
451.591	114.866	91.607	88.208
437.317	120.705	84.246	90.726
466.456	172.627	97.140	100.142
455.176	189.140	111.331	88.860
452.107	176.900	112.753	102.260
441.815	191.730	111.452	89.764
436.411	187.792	120.904	93.003
470.634	134.853	93.774	97.188
445.397	159.488	114.654	103.128
437.020	143.339	112.688	118.289
418.504	191.975	122.560	91.751
415.568	193.728	108.785	95.228
403.703	190.382	108.372	94.536
398.031	195.411	118.214	102.412
378.671	182.898	119.466	91.989
366.366	196.841	113.792	79.672
366.356	197.100	118.765	81.027
371.667	197.224	120.199	77.621
376.744	188.012	112.298	88.446
357.060	178.022	108.564	97.926
349.194	173.041	113.389	102.698
345.261	164.916	103.991	110.095
355.203	154.744	115.303	117.296
403.978	79.643	97.476	122.891
406.975	60.880	95.154	109.393
411.587	47.877	74.727	113.459
414.768	29.291	59.056	91.607
418.642	14.852	57.525	99.609
418.484	11.884	58.280	92.399
418.605	8.701	60.695	88.393
420.077	8.199	57.292	81.129
419.564	6.327	58.121	76.809
421.390	7.119	55.819	70.799
421.112	5.533	56.310	77.985
425.536	10.401	51.454	88.070
429.664	16.804	50.312	97.153
429.085	16.099	54.696	103.475
430.006	26.371	63.207	100.840
433.958	45.566	83.955	89.575
441.072	45.648	84.988	99.720
428.861	47.072	108.664	106.124
425.884	65.591	132.161	91.617
486.020	56.527	92.785	109.823
491.385	60.719	90.838	99.014
498.623	62.619	90.829	98.709
487.139	66.820	103.480	103.312
485.750	71.175	113.291	116.246
467.946	75.071	135.820	118.416
479.460	82.614	131.210	110.735
491.399	93.197	125.160	94.943
498.296	103.039	121.646	88.210
497.674	118.918	118.148	84.481
498.755	128.753	121.292	89.691
487.810	137.855	123.583	91.912
470.505	160.891	124.752	99.488
461.913	171.787	126.418	104.814
460.213	186.030	113.353	116.458
462.346	200.451	110.621	108.693
469.443	215.197	99.439	111.440
469.505	223.204	96.689	114.259
468.147	224.638	99.876	114.211
471.042	223.053	101.409	107.650
470.117	217.119	105.496	109.463
471.693	210.703	111.485	109.338
478.692	203.195	111.793	105.106
485.598	187.781	118.977	116.516
497.836	171.764	128.041	123.586
485.235	148.524	148.352	117.697
498.924	123.097	139.457	122.052
491.862	95.152	149.604	124.456
489.844	65.221	152.730	126.564
492.206	43.027	145.602	137.320
493.345	25.543	136.515	133.851
490.774	19.285	127.791	116.412
482.709	11.462	126.002	100.839
474.031	7.687	130.708	86.329
462.570	8.323	134.668	76.065
436.837	3.252	130.390	78.442
431.476	0.898	125.039	72.983
428.248	1.938	116.287	74.599
428.213	1.370	109.675	73.322
425.567	3.176	106.080	70.473
418.845	7.396	112.333	77.053
401.016	10.492	128.012	84.243
398.359	13.658	129.695	84.997
385.637	21.296	135.771	103.331
378.214	43.247	126.251	126.305
375.318	87.943	118.315	104.065
371.690	94.278	117.914	102.067
358.379	95.531	117.027	112.212
346.841	106.284	133.269	108.551
338.203	124.855	127.918	98.424
330.350	140.413	122.307	87.279
323.538	158.542	128.419	73.064
314.244	180.193	134.121	53.966
309.484	182.374	134.397	58.926
300.061	185.055	129.048	52.702
298.060	177.793	127.956	60.705
292.840	181.441	124.586	52.418
290.279	172.148	119.875	56.750
286.947	169.453	119.848	57.415
285.500	163.989	118.371	61.309
284.111	166.811	119.059	59.321
291.432	172.192	117.815	57.080
294.633	176.785	112.943	55.900
294.091	181.247	117.804	54.977
297.978	184.572	112.783	56.294
301.111	189.289	112.174	52.276
303.548	193.099	113.117	50.935
306.898	196.872	118.066	51.531
329.959	197.177	104.282	59.406
325.874	203.023	111.505	62.855
313.178	207.317	127.959	65.254
310.187	207.017	136.643	72.071
314.464	208.624	143.659	76.657
320.883	208.120	147.383	81.974
334.616	211.831	145.939	83.857
341.293	212.591	139.891	82.279
347.562	211.197	146.578	82.583
356.712	208.101	139.860	80.714
373.457	199.662	125.313	82.508
397.548	187.699	112.784	81.318
392.527	165.231	116.172	79.013
387.599	143.840	131.203	76.019
372.341	129.400	134.399	73.253
389.271	111.863	116.264	98.684
394.295	108.978	109.395	96.144
389.145	73.209	126.044	85.212
367.304	59.381	138.040	71.348
374.008	52.212	132.440	77.706
370.911	49.107	135.646	76.279
368.534	47.913	136.835	75.312
370.464	46.292	130.068	81.657
369.310	47.077	124.382	87.706
374.404	49.780	113.857	93.674
374.550	56.179	115.406	97.239
403.309	89.169	95.327	105.472
401.118	99.405	95.629	106.709
409.905	128.267	94.573	95.997
414.514	145.444	107.005	88.365
405.710	166.231	114.636	79.259
394.382	184.512	126.992	75.154
390.230	185.933	130.064	79.758
402.669	198.365	118.239	83.954
396.747	203.022	113.874	93.043
398.593	204.765	111.221	102.135
404.203	206.431	102.305	112.661
397.472	211.199	108.050	112.383
388.148	211.301	115.953	112.939
380.023	205.536	123.021	117.057
373.424	199.193	115.393	115.202
352.485	193.235	115.918	105.407
342.657	167.301	114.161	108.566
338.145	142.688	104.031	121.355
334.318	99.537	92.768	127.578
333.629	84.357	90.877	122.140
329.506	56.024	94.601	115.477
327.380	36.343	86.303	101.787
317.687	18.421	85.293	111.658
308.177	16.376	87.926	110.673
305.417	13.009	88.618	102.800
302.352	8.988	89.255	79.125
300.766	8.812	86.340	77.795
295.964	9.225	87.816	80.485
293.396	8.853	90.669	84.549
286.504	8.819	94.196	89.115
276.618	10.035	98.484	92.941
271.080	13.219	97.064	107.923
266.636	14.029	98.675	116.488
286.810	67.780	136.390	104.954
275.955	59.090	118.513	130.073
273.123	80.261	126.165	122.496
305.590	132.259	155.813	77.813
289.524	145.569	167.880	75.660
292.456	163.637	150.137	80.387
315.620	185.919	143.061	90.186
305.307	218.875	123.699	97.586
323.028	236.419	121.475	96.652
336.634	259.065	131.642	79.957
337.720	249.925	137.797	92.777
350.237	231.431	126.239	111.185
353.078	222.731	123.154	117.463
349.856	243.143	137.268	98.537
356.098	226.456	124.150	114.155
361.045	196.971	119.106	136.511
391.116	194.088	95.203	129.335
394.039	170.905	92.840	134.069
407.662	133.468	81.250	144.836
412.117	102.907	82.522	130.177
427.109	70.940	83.152	136.205
420.935	27.778	97.234	145.841
411.836	18.187	106.321	123.685
424.353	11.346	90.745	114.609
425.759	13.611	90.689	98.310
429.708	13.581	92.003	86.989
387.914	100.810	110.117	103.319
389.743	93.744	117.462	119.174
376.202	122.752	120.292	115.189
382.598	73.348	125.736	138.709
411.680	11.801	109.813	93.673
413.308	15.343	104.633	88.029
414.379	16.832	109.751	89.826
411.694	11.905	109.334	91.762
423.665	10.137	104.584	93.213
446.639	7.107	81.474	92.216
456.083	11.908	81.484	110.310
444.670	28.120	96.241	118.535
435.107	29.438	99.113	133.269
421.131	50.593	115.531	128.888
411.034	84.940	136.107	107.171
399.697	111.819	155.169	94.259
385.475	126.208	153.815	101.589
394.675	135.830	156.840	129.040
392.917	149.119	140.546	133.253
386.381	154.256	133.165	148.010
375.932	167.165	130.281	143.404
375.461	162.668	115.730	152.827
369.993	168.594	114.404	153.510
365.968	171.889	108.485	151.075
360.916	179.918	103.726	147.537
358.514	194.379	96.967	137.159
356.497	199.222	77.699	131.968
347.943	200.327	72.409	126.169
340.363	188.967	68.397	136.832
327.667	192.028	72.255	132.985
319.118	171.573	71.859	148.821
307.993	154.593	74.768	166.492
298.682	134.135	77.731	177.450
295.955	126.039	80.479	158.047
267.997	114.047	98.272	144.240
262.598	83.806	105.666	128.806
263.964	41.565	98.478	139.945
270.957	56.265	141.925	112.656
301.941	38.563	151.088	109.580
291.350	14.502	135.749	117.886
240.868	4.492	104.703	113.243
257.550	4.433	89.418	70.832
256.500	5.908	85.836	67.872
280.155	5.164	62.392	67.190
287.649	4.116	55.489	68.522
288.590	3.321	57.839	67.697
289.482	3.041	62.219	66.595
286.983	9.295	76.312	65.247
286.961	11.787	83.353	84.171
279.805	10.785	94.288	99.753
278.926	11.980	98.561	106.940
281.038	18.517	103.641	116.251
290.722	37.132	98.991	123.734
291.395	40.244	96.257	117.113
291.805	27.130	93.783	118.021
289.279	26.478	97.901	114.788
277.051	29.730	106.472	110.938
290.616	61.827	111.277	130.899
269.638	67.825	138.602	114.190
260.711	67.691	167.003	88.391
250.056	84.921	164.207	95.989
234.039	93.751	125.884	107.572
237.599	115.099	138.935	102.504
247.684	129.946	137.929	98.726
255.347	149.498	127.569	89.786
269.566	164.647	127.340	99.095
282.235	171.346	117.327	108.020
297.524	187.719	121.460	101.337
302.027	187.764	128.314	110.127
305.143	191.802	142.987	110.694
302.837	187.947	144.426	119.654
299.022	194.438	149.844	115.380
299.768	179.108	144.243	124.882
288.913	177.866	157.340	130.709
289.396	196.919	150.220	122.039
288.506	180.457	146.739	133.131
285.858	187.034	143.559	122.322
286.411	183.914	148.296	119.352
281.213	170.905	152.049	124.564
277.455	176.140	153.237	121.228
278.768	178.474	148.491	119.727
277.782	183.569	156.438	119.011
280.164	171.777	171.382	121.909
283.980	160.351	161.333	117.766
287.117	142.196	158.233	112.808
289.102	129.590	153.227	99.147
286.629	102.392	142.974	97.355
288.961	80.093	133.778	113.317
288.676	58.275	118.013	123.569
289.358	56.291	128.076	118.289
285.587	38.773	123.513	129.738
286.263	25.865	116.099	127.275
282.466	25.430	114.025	119.375
284.377	24.737	118.939	120.987
290.289	27.581	117.192	140.472
281.200	43.002	128.787	148.895
279.340	56.742	124.764	142.243
293.562	82.519	118.249	126.476
298.416	106.067	111.136	118.020
301.845	133.694	119.140	122.017
307.838	146.835	121.285	122.118
316.797	156.810	128.194	129.139
335.298	183.543	124.724	123.218
337.409	202.274	100.268	130.300
337.428	211.308	99.893	118.447
339.313	209.069	95.719	119.084
332.924	203.078	103.522	112.948
332.142	181.971	97.831	105.484
329.533	163.781	108.590	113.041
318.371	138.075	119.033	127.932
317.213	120.411	114.127	129.715
315.806	93.666	103.902	122.512
321.154	69.987	97.911	121.770
322.827	48.291	105.466	108.585
325.341	23.581	91.301	107.103
330.885	14.346	89.756	113.873
328.748	12.683	97.022	108.926
327.304	11.695	104.328	114.172
324.595	9.683	113.296	119.048
326.802	11.041	111.953	119.800
323.015	13.845	111.838	114.941
330.008	23.577	113.859	111.915
383.501	124.883	109.211	75.547
346.084	66.817	105.210	106.552
351.484	76.403	102.128	112.114
370.534	95.327	101.218	116.142
373.950	94.878	97.186	122.403
392.129	134.358	88.542	105.803
404.619	157.382	88.119	107.339
416.910	166.127	78.651	118.822
427.931	183.427	73.785	130.891
436.387	196.747	69.354	123.039
444.585	209.031	70.279	114.450
454.960	218.797	62.135	110.864
459.641	206.866	59.339	114.320
456.868	191.520	59.460	120.744
447.844	168.493	65.125	136.785
443.913	150.623	66.840	137.027
429.863	126.799	79.022	120.681
429.518	90.048	76.777	119.904
422.706	59.533	74.096	120.800
420.023	44.209	76.968	125.101
416.802	28.848	71.463	111.366
414.422	20.017	67.344	105.627
413.126	15.870	60.784	97.690
412.560	14.554	58.839	93.981
413.779	12.361	57.027	98.537
404.812	10.886	59.123	105.952
402.834	13.868	58.722	111.571
398.988	19.077	60.738	113.588
397.235	24.060	64.672	112.493
394.890	28.954	71.258	115.995
395.798	44.153	85.191	119.527
385.854	70.258	105.957	114.470
374.021	76.737	103.990	106.889
401.236	115.633	113.048	92.368
400.398	151.612	113.900	72.450
400.377	164.152	109.687	75.078
398.414	195.384	103.164	72.865
411.602	217.076	95.181	74.497
387.041	222.284	99.751	97.055
392.375	243.730	86.825	103.705
399.382	250.851	93.314	103.010
401.163	245.582	92.475	106.037
392.981	242.748	107.973	91.997
386.366	223.946	114.642	94.731
385.673	208.919	109.640	102.616
386.408	195.425	110.502	106.108
402.932	173.552	95.347	103.645
392.533	150.694	104.756	92.441
387.725	144.104	99.408	77.470
386.077	138.834	101.192	78.292
388.879	109.633	103.366	68.535
385.273	94.712	111.881	75.717
382.332	80.826	115.354	94.444
382.550	73.610	122.344	105.203
385.288	72.081	118.962	110.926
388.237	76.813	117.420	112.532
392.883	87.693	115.517	106.682
394.088	103.250	115.477	93.042
400.025	129.601	118.214	75.900
404.604	146.821	104.505	69.210
407.814	159.184	102.444	62.848
411.974	167.519	104.595	62.876
416.116	171.006	106.861	63.256
424.056	176.292	107.686	61.472
429.183	180.675	109.295	59.718
428.607	188.599	106.733	58.351
431.920	187.462	106.316	69.084
437.901	182.917	111.703	82.312
440.417	175.206	118.579	93.527
441.944	169.631	117.058	100.486
446.899	167.831	117.024	107.366
455.508	168.508	114.844	109.833
464.650	175.520	117.690	105.147
469.059	182.635	134.422	104.691
477.125	197.943	138.088	104.564
480.381	213.517	144.882	103.613
507.963	232.028	115.806	93.463
514.426	254.279	107.884	75.252
497.194	259.047	102.764	73.446
499.609	257.545	77.607	77.680
487.148	257.389	80.164	78.383
484.243	265.816	81.608	73.605
476.793	267.745	77.378	77.211
476.910	269.504	67.837	82.107
476.879	272.241	63.657	77.212
477.294	272.153	78.224	71.680
467.744	268.361	85.568	74.236
459.260	268.754	96.486	67.455
454.136	266.920	99.865	64.363
451.934	263.843	103.539	63.969
453.440	258.590	107.384	64.727
455.174	246.570	100.351	69.683
463.753	233.564	99.818	72.350
469.000	221.122	91.974	71.679
462.522	206.453	95.663	70.878
459.886	183.442	94.760	81.604
458.628	158.716	92.117	91.924
457.952	142.688	83.508	95.959
457.284	129.694	77.843	98.576
455.735	121.473	68.592	100.596
453.119	117.744	58.218	97.951
451.363	117.894	64.533	93.448
446.397	116.624	63.444	89.204
441.844	117.750	66.998	84.504
436.966	117.959	68.675	87.966
432.518	122.634	72.591	105.823
429.694	128.331	86.672	103.094
430.464	136.802	91.485	103.137
431.781	145.237	82.511	97.083
450.226	157.787	68.593	96.229
459.640	178.642	61.832	89.759
466.527	185.897	60.266	91.751
469.486	192.310	72.652	93.913
465.149	196.040	83.287	92.464
460.115	199.463	99.080	89.429
460.522	203.606	100.618	81.827
455.558	200.918	107.891	77.781
451.946	197.507	111.531	76.884
444.304	196.522	118.020	74.680
435.110	194.302	122.771	74.742
428.956	191.678	117.885	76.075
419.240	191.475	113.269	79.897
427.979	198.547	89.647	77.915
398.922	196.413	81.193	87.510
376.204	201.226	85.254	94.852
361.916	206.158	94.204	100.021
323.133	219.009	114.927	92.823
310.485	224.810	107.421	95.094
301.253	240.623	105.956	83.014
297.535	248.174	100.320	80.533
298.954	251.450	98.596	81.953
304.362	253.474	101.969	85.088
316.542	258.321	100.875	83.283
325.383	260.268	103.166	80.268
340.880	263.694	97.512	73.559
361.130	266.341	86.389	65.831
380.803	239.091	75.070	83.875
401.946	244.338	67.872	89.414
417.406	228.812	101.714	97.057
459.498	241.964	97.811	69.897
494.576	237.132	71.754	65.864
495.757	225.842	74.360	77.564
497.630	211.588	75.517	90.758
504.752	204.587	71.389	95.379
506.777	201.459	66.604	100.895
500.650	201.107	73.791	100.288
481.086	200.679	96.154	96.400
466.861	205.375	106.420	89.009
458.093	204.408	92.364	89.740
459.203	208.204	90.916	86.593
459.448	212.472	92.093	83.157
463.590	213.620	102.886	82.147
468.469	214.247	102.844	82.036
474.136	214.149	100.184	82.811
477.728	216.025	99.351	83.599
485.299	216.331	87.976	89.725
486.199	217.957	81.636	97.488
463.071	213.679	77.714	94.210
420.464	221.846	98.829	81.287
401.446	246.643	88.271	84.428
352.253	254.731	79.042	79.778
329.647	250.969	80.932	78.442
312.555	244.711	84.471	83.339
295.200	239.318	86.481	88.141
281.801	233.595	90.270	89.693
279.449	228.703	86.620	95.476
279.508	226.573	85.459	99.135
283.022	224.128	89.944	95.913
292.716	223.502	99.379	93.758
308.144	231.689	105.189	76.499
332.094	235.617	113.284	62.421
364.432	226.418	106.873	74.363
404.986	209.182	104.514	79.786
443.970	190.050	95.884	100.837
456.409	191.545	119.036	93.646
504.594	180.336	93.272	109.602
527.026	173.708	84.389	98.734
547.193	173.263	88.563	117.603
555.496	175.067	87.569	115.232
571.937	191.383	79.852	101.060
575.342	199.675	84.360	92.802
568.844	213.244	92.480	83.345
553.682	218.035	103.877	88.362
548.246	224.838	103.360	90.412
544.998	227.354	103.733	95.167
544.970	228.662	101.509	97.674
547.212	227.064	101.408	98.724
545.818	225.342	105.799	104.785
547.175	222.551	107.658	109.303
545.632	217.641	114.912	113.629
545.462	217.228	115.986	111.046
543.381	211.977	116.402	108.252
538.186	209.409	116.883	107.272
532.435	206.641	113.523	105.241
524.697	203.322	107.972	107.657
513.381	197.376	106.286	103.772
495.443	195.571	106.889	97.944
475.387	190.551	95.941	96.163
457.711	186.152	94.548	92.599
436.933	184.324	101.253	85.439
415.731	184.187	87.289	85.651
387.203	186.032	98.217	76.822
363.370	187.897	98.769	73.705
343.071	190.257	114.261	73.557
327.057	191.856	122.823	75.106
324.106	193.732	113.663	74.574
316.435	195.742	114.416	76.928
315.320	197.587	106.410	81.223
313.997	200.574	103.785	85.641
312.872	205.681	95.375	87.116
316.996	210.270	88.951	89.490
322.369	215.911	88.895	94.789
326.900	224.624	83.085	93.688
329.101	232.986	78.511	91.563
335.676	239.631	71.942	93.765
340.472	252.928	67.123	99.076
348.878	258.853	77.234	107.907
360.738	274.889	75.651	101.051
365.198	275.126	77.946	97.659
380.476	261.437	81.685	100.361
393.692	260.418	101.249	94.165
406.039	235.323	82.570	116.673
418.063	202.771	89.468	79.025
449.794	215.010	83.133	77.315
470.306	229.361	81.773	72.524
494.354	218.652	79.621	77.876
499.937	217.065	93.341	62.106
498.774	209.843	96.344	54.071
495.836	202.263	107.733	59.511
492.802	200.666	111.547	60.764
491.652	200.390	115.098	60.282
500.689	200.767	118.470	62.461
507.429	202.973	107.033	73.952
521.425	217.700	94.411	72.573
533.830	226.907	79.495	76.715
536.603	232.694	73.185	83.719
540.061	235.922	68.699	85.969
538.221	232.676	63.378	90.878
543.449	228.802	62.797	96.698
511.924	207.497	70.613	68.214
420.449	253.218	59.579	80.475
401.638	252.637	68.372	80.418
363.588	249.069	79.735	75.086
345.936	246.917	89.547	74.470
332.237	243.562	96.292	75.412
311.374	242.657	117.167	70.837
298.585	243.205	128.411	66.513
301.391	242.684	134.828	63.032
319.182	241.355	130.832	61.324
345.161	241.283	125.522	62.405
371.940	241.802	117.621	71.960
397.937	238.530	123.612	68.773
448.270	231.696	100.657	82.857
475.720	229.733	91.286	89.214
502.961	236.630	76.315	90.064
522.399	233.363	81.049	91.465
543.135	230.427	100.233	87.345
554.925	232.762	103.890	82.082
549.348	226.496	121.330	82.383
548.854	225.108	122.197	77.961
543.955	222.498	122.428	72.657
539.942	221.361	104.713	69.639
527.207	212.842	95.220	78.687
513.538	203.967	90.109	87.474
508.782	202.020	89.745	88.710
480.575	198.507	86.998	91.367
438.630	222.877	92.882	82.509
433.310	203.974	89.200	77.670
436.298	218.152	86.010	67.731
431.052	223.531	85.694	63.338
423.157	214.753	95.852	52.158
424.920	219.433	93.777	53.598
469.091	203.891	67.139	70.474
478.360	205.595	66.566	68.721
480.338	207.284	69.883	69.337
479.943	208.742	79.139	72.460
477.404	211.874	94.754	79.052
477.303	208.507	110.092	88.432
471.251	209.818	121.410	88.474
469.153	216.143	124.103	84.369
467.421	221.609	118.893	78.140
451.231	236.620	128.381	63.297
417.848	245.702	129.184	59.347
404.274	251.525	115.981	65.725
396.376	255.673	111.353	67.857
362.290	258.092	126.043	73.205
331.182	269.126	135.308	73.283
308.727	282.400	124.599	65.750
296.762	285.390	112.780	71.979
285.976	284.927	106.052	76.733
279.075	284.143	102.788	77.316
275.290	283.083	103.319	78.078
273.561	278.524	107.886	84.747
280.229	274.427	103.604	90.443
300.167	269.792	91.866	90.335
307.523	271.436	100.719	83.733
317.288	270.231	100.767	79.249
339.657	277.564	88.108	70.652
339.187	276.718	87.974	67.320
319.402	290.982	103.239	79.490
328.612	293.896	105.016	95.302
336.815	288.864	123.806	98.270
427.920	262.700	110.875	96.343
485.021	246.150	84.120	84.389
496.362	245.929	85.952	71.888
500.419	241.727	94.912	63.724
518.472	233.597	111.311	67.995
524.308	212.861	117.130	87.350
520.082	186.288	120.696	110.923
515.044	186.132	120.746	106.924
506.508	185.769	106.887	109.738
489.169	178.823	109.944	107.256
464.527	183.888	78.508	102.366
437.834	187.105	90.421	100.178
422.631	187.966	103.866	105.268
410.420	189.049	114.793	109.453
403.792	189.754	120.915	112.008
404.250	189.036	120.086	114.574
412.397	190.523	110.789	113.317
423.083	190.977	100.959	113.518
437.402	192.918	91.327	112.665
459.832	195.323	73.868	109.990
477.295	197.781	66.605	112.237
481.596	203.000	74.726	102.081
482.913	209.124	89.675	105.870
490.508	219.143	97.117	101.548
495.093	229.683	93.241	96.960
493.712	230.277	93.090	103.382
481.999	226.838	84.128	105.581
450.421	228.135	76.050	94.933
300.446	248.767	90.992	78.046
335.309	267.339	79.672	68.454
317.070	267.079	89.285	69.735
295.908	261.472	98.029	74.399
266.512	254.590	110.069	80.578
249.446	253.183	116.826	81.234
244.416	251.214	113.836	85.913
238.174	251.626	119.585	92.412
243.686	253.162	115.972	95.503
249.171	255.493	116.665	95.358
257.756	258.841	121.132	94.770
274.311	261.029	129.890	98.430
294.140	254.605	138.770	108.654
323.809	248.575	149.867	109.054
351.938	240.967	149.307	107.063
385.662	239.834	142.234	91.951
409.110	229.556	135.839	79.520
438.381	216.365	128.270	79.899
461.110	202.353	130.493	89.639
464.674	188.365	143.817	100.226
467.386	178.279	146.950	105.477
467.816	174.857	143.929	104.105
462.551	175.418	138.365	103.099
457.675	176.604	124.266	100.136
460.542	178.727	111.025	98.736
467.203	180.390	114.629	96.355
467.165	181.555	119.029	94.957
466.600	181.398	120.655	94.879
466.781	183.024	123.469	93.254
465.427	184.511	127.459	90.025
464.600	186.038	128.584	84.225
463.179	185.808	129.050	76.186
459.544	183.594	130.750	69.172
454.357	176.915	130.091	62.503
440.608	168.554	138.459	55.627
435.231	158.218	125.274	55.440
421.771	149.806	114.812	61.324
419.183	137.463	123.103	71.509
423.543	127.109	131.815	80.777
423.609	121.901	126.198	86.450
427.617	120.585	116.048	94.291
425.103	121.875	113.015	99.962
434.212	130.088	105.714	102.307
427.433	145.752	81.955	107.091
430.291	157.419	76.747	110.611
432.755	169.991	69.872	115.066
437.432	181.322	62.209	119.659
443.008	189.145	58.662	122.724
442.475	197.866	59.910	117.095
443.921	205.899	59.943	108.715
446.394	191.900	60.781	118.862
449.683	187.309	60.006	121.985
450.972	172.368	60.893	128.617
454.717	161.332	60.703	122.683
454.939	150.046	63.369	112.015
456.045	130.264	59.421	113.056
454.552	112.540	58.478	122.656
450.288	99.783	62.113	128.660
452.665	96.589	61.033	127.369
454.293	102.073	61.088	115.691
457.159	108.343	55.230	101.845
454.132	113.694	56.351	104.582
455.458	113.722	55.494	121.647
453.436	133.446	64.538	115.026
450.145	145.541	67.520	113.232
453.407	146.258	60.743	121.731
452.799	155.414	58.753	116.694
452.130	169.358	62.084	108.703
447.242	191.681	63.594	98.608
444.779	196.015	67.269	108.110
442.944	204.048	66.284	110.814
442.258	206.668	67.332	109.499
436.923	199.630	68.732	114.321
433.566	188.098	70.823	116.896
433.846	170.217	77.556	115.749
430.511	152.961	87.909	112.066
430.282	134.315	92.366	114.477
432.152	101.220	94.112	122.414
433.174	83.977	95.215	120.325
439.003	74.570	90.821	108.313
444.031	70.022	89.520	95.504
449.267	60.018	85.174	102.838
455.433	49.140	78.948	111.639
460.651	47.308	73.679	118.632
466.180	51.165	64.141	129.621
466.486	62.478	63.622	120.555
468.135	78.294	66.817	112.934
470.716	93.637	73.381	105.186
469.795	105.586	83.156	112.052
461.465	121.882	97.418	101.134
446.649	136.415	113.337	89.670
436.986	154.878	135.491	80.665
431.588	165.175	141.079	77.500
437.553	173.378	128.994	73.764
433.070	174.041	126.313	76.625
429.401	176.249	121.927	81.298
427.957	180.078	116.728	87.974
423.178	187.659	117.286	89.346
422.906	194.907	116.822	89.801
425.336	203.738	114.816	84.311
428.490	205.635	116.504	84.004
429.641	204.741	121.407	89.476
428.736	205.419	126.330	92.031
426.294	196.318	134.973	100.011
426.863	180.735	139.113	112.515
431.768	165.980	134.002	117.441
438.379	149.831	124.088	107.751
451.776	127.510	109.104	111.462
452.503	100.043	110.356	128.154
444.234	94.445	114.637	122.882
436.429	91.212	121.284	104.512
427.304	81.634	123.892	111.126
404.819	73.292	136.005	121.352
393.382	74.514	143.977	120.326
387.364	83.654	147.010	112.382
382.764	91.896	147.395	108.468
379.096	102.801	131.173	102.080
374.620	111.331	117.538	94.119
372.090	116.974	112.335	92.638
370.489	122.184	113.115	91.548
367.377	124.828	115.258	89.575
364.561	127.561	116.186	90.674
361.074	128.339	120.314	90.868
361.956	128.784	120.398	91.617
365.976	131.747	115.946	90.298
369.271	133.742	112.379	89.325
372.069	136.873	110.287	88.244
380.269	137.284	106.286	90.420
383.957	136.057	106.370	92.996
386.629	135.682	105.250	94.609
388.326	136.681	105.697	92.807
389.801	136.575	104.399	95.042
389.431	137.688	102.717	94.391
389.070	138.827	103.831	92.525
390.787	138.384	100.891	93.328
389.756	137.433	100.815	94.469
389.774	137.265	101.265	92.580
388.825	137.708	101.251	93.141
387.407	138.444	101.821	90.776
386.586	138.381	103.010	90.996
385.631	139.524	102.041	90.604
384.468	139.413	103.200	89.095
384.517	140.236	103.652	88.777
384.170	140.075	103.999	88.111
382.961	142.562	103.210	86.404
381.945	142.623	105.245	85.607
381.597	142.001	104.927	87.496
381.113	142.233	105.109	87.649
380.117	142.524	104.957	87.129
379.750	141.644	105.308	87.098
379.607	139.955	105.661	84.972
379.167	137.453	105.201	81.628
378.511	132.610	110.765	77.682
375.859	123.368	112.369	72.993
366.899	112.122	119.864	75.527
359.933	105.232	122.055	78.091
362.204	101.254	99.468	80.467
365.932	99.640	91.523	88.065
368.337	93.123	78.019	100.527
369.282	93.592	77.829	109.851
371.311	95.030	69.452	111.313
365.868	105.240	68.613	116.413
357.870	114.908	77.224	108.633
345.737	124.460	91.849	106.764
330.254	134.915	109.034	97.060
329.128	149.384	117.088	86.195
333.805	162.696	121.593	68.549
335.729	170.259	122.681	56.772
339.908	166.888	113.321	60.306
342.820	165.127	106.316	65.704
346.268	165.396	117.400	66.590
341.536	167.457	114.917	67.541
340.467	170.066	117.091	66.224
343.296	170.195	111.717	68.502
341.766	171.664	109.805	69.543
337.611	170.307	109.424	69.912
333.611	166.549	104.338	80.125
336.118	167.196	97.911	98.951
337.014	196.352	89.178	82.724
308.929	223.086	92.215	63.853
290.792	225.328	91.896	64.359
280.464	220.409	97.783	76.778
281.363	214.096	83.405	89.876
279.461	206.320	64.849	96.985
259.447	198.560	73.212	90.316
248.766	194.796	82.142	79.862
245.531	191.276	91.878	72.909
245.360	186.883	98.414	74.171
251.533	185.888	106.622	73.830
270.916	183.978	91.541	78.803
292.143	186.821	82.898	89.402
313.529	187.080	73.313	95.694
335.051	194.040	85.120	93.900
348.922	194.380	93.926	87.566
368.336	174.374	107.210	84.755
379.975	155.276	108.232	89.248
391.544	145.887	107.040	86.235
423.870	138.163	99.091	88.448
435.292	132.537	93.192	89.377
444.690	122.808	91.779	95.506
446.062	122.584	94.969	95.429
446.419	122.923	98.309	98.900
447.060	126.910	102.255	102.376
441.521	143.136	106.310	94.605
428.140	156.670	119.527	86.918
422.349	166.140	143.242	74.772
409.287	188.884	140.336	59.575
401.071	190.568	133.765	77.136
400.575	188.579	114.646	91.285
401.168	181.108	90.509	103.441
400.644	163.894	74.986	117.677
395.482	159.859	76.448	110.981
392.504	158.206	78.416	113.483
393.885	158.666	77.456	111.274
399.287	159.885	72.784	116.743
403.697	161.919	67.575	121.167
407.778	167.997	65.967	116.073
410.165	178.269	79.514	106.530
401.417	183.817	99.759	94.343
392.814	185.683	111.684	79.220
393.400	185.587	120.189	70.629
390.062	180.137	115.570	58.644
395.086	176.560	106.463	55.963
403.241	173.254	122.448	56.435
408.104	167.514	145.023	57.721
409.130	163.013	149.402	62.370
412.288	163.074	151.266	62.912
417.259	164.219	148.556	68.021
413.704	167.298	132.754	75.620
417.534	182.017	135.482	70.522
413.686	194.271	124.812	74.010
416.755	209.325	112.400	86.987
415.736	222.052	110.830	105.051
416.609	230.416	113.471	120.485
413.328	232.963	126.656	131.706
405.257	240.129	137.288	129.656
405.408	241.439	142.448	130.985
407.160	242.748	139.537	127.945
399.687	243.535	141.179	119.503
399.246	246.792	137.964	113.498
393.401	248.095	133.279	116.360
393.491	245.041	124.110	123.506
395.033	243.593	111.806	131.274
398.571	241.142	98.234	140.343
397.322	237.478	89.750	140.535
396.093	234.052	82.312	140.124
393.862	232.456	80.450	131.796
393.722	229.370	79.005	128.152
393.628	225.297	80.872	122.234
394.417	221.778	82.847	120.788
394.040	219.485	88.938	119.483
394.949	218.952	96.484	118.085
397.816	218.178	104.532	115.956
401.365	217.451	111.169	116.250
406.173	215.290	121.774	114.986
419.001	215.179	121.639	117.430
425.997	214.055	128.584	120.616
431.416	210.223	150.354	128.460
438.983	202.721	158.561	136.536
452.345	194.717	161.101	143.274
478.088	187.045	152.575	140.087
490.605	178.825	150.898	138.156
509.478	171.209	135.714	133.696
520.973	169.690	131.121	128.618
526.479	169.180	126.243	125.747
528.314	170.397	125.546	119.767
526.875	173.355	127.247	115.300
521.871	175.736	128.430	112.855
515.203	176.025	125.876	112.453
505.110	175.559	122.235	113.679
496.775	173.007	118.855	122.908
486.187	169.994	110.813	127.011
470.705	167.015	108.310	133.708
454.452	164.035	108.901	137.788
435.820	162.253	109.761	137.935
415.711	161.751	114.014	136.595
398.708	162.430	115.059	136.296
376.910	162.426	122.055	138.983
361.030	162.074	126.265	141.461
347.934	161.138	126.580	146.676
326.752	164.158	138.921	148.253
316.347	174.561	140.344	139.202
310.254	183.561	142.462	127.643
313.814	190.298	140.133	122.660
321.129	201.696	139.571	114.083
333.953	209.250	140.354	115.012
353.294	213.233	141.378	117.139
381.149	207.658	135.281	127.950
408.598	204.199	127.989	133.226
420.182	193.827	130.046	144.400
453.336	185.598	121.242	142.986
473.521	178.775	115.388	136.082
494.735	169.563	129.917	129.470
506.590	155.125	127.343	139.713
511.760	139.009	139.562	147.477
522.292	126.295	141.041	155.509
516.208	123.339	156.444	158.418
519.078	122.082	158.238	160.304
514.823	124.842	160.316	162.161
503.696	139.075	162.538	158.947
492.486	148.481	159.773	152.562
482.104	162.140	161.486	143.870
469.275	167.584	163.633	142.453
453.826	171.232	172.955	151.979
437.267	173.947	176.261	159.936
421.869	200.547	143.340	137.462
414.356	209.549	135.526	127.789
395.651	209.721	136.678	128.231
387.227	212.360	136.618	124.542
387.951	210.205	134.066	119.814
394.563	209.470	127.118	116.934
405.444	210.531	117.494	119.673
419.428	212.404	110.065	125.631
431.674	212.552	113.507	128.374
437.680	209.237	122.509	143.372
441.839	209.853	132.454	141.475
446.461	210.961	142.430	145.166
454.554	206.985	147.665	153.649
463.429	204.489	150.298	149.498
470.067	204.417	152.690	142.857
480.861	198.955	146.360	138.312
487.566	190.621	143.073	139.757
491.630	183.597	140.278	144.139
497.134	176.829	131.721	150.121
494.594	174.481	127.897	150.814
490.489	179.504	124.142	145.138
483.031	194.645	117.301	133.421
472.421	197.566	106.774	137.942
458.975	200.216	111.138	140.870
443.124	206.272	124.407	144.309
428.583	212.854	131.259	149.098
413.485	213.113	139.082	155.416
395.672	217.696	148.813	150.412
376.147	224.080	154.545	148.072
352.929	225.260	166.144	151.899
328.612	231.017	176.535	153.888
315.272	234.963	171.628	152.337
298.654	235.851	171.298	152.956
281.019	236.405	173.668	152.197
261.955	239.326	173.100	148.419
252.970	234.488	164.931	155.165
243.464	241.958	158.712	147.591
236.217	246.540	155.221	141.277
231.445	251.192	139.173	136.007
228.552	256.382	131.052	126.176
221.500	260.659	130.389	120.358
221.273	260.241	128.548	120.169
221.735	262.280	134.015	119.172
228.812	260.195	140.465	123.099
237.648	266.316	149.348	118.344
249.881	269.913	158.689	122.400
256.688	262.837	169.817	134.887
270.904	249.840	183.514	152.442
297.986	239.192	187.609	152.691
327.612	227.225	181.624	149.472
358.403	216.198	159.984	144.775
369.076	200.573	161.539	130.023
385.187	187.452	161.044	132.931
399.074	184.059	162.818	124.640
403.872	184.183	161.505	112.387
400.064	185.233	166.158	102.342
393.337	189.790	172.234	98.886
382.405	196.307	165.395	94.996
373.582	203.437	164.025	101.287
359.485	206.282	156.364	116.815
353.673	207.388	155.992	133.447
340.214	209.913	158.180	141.601
330.785	222.740	154.986	132.983
324.263	229.038	154.344	131.391
318.011	238.680	152.653	128.162
314.690	240.319	154.498	132.798
314.151	240.945	155.818	133.051
314.817	240.692	155.634	130.856
316.966	239.649	154.046	127.132
320.043	234.584	153.027	125.633
322.154	231.345	154.758	125.498
327.637	229.119	155.808	125.618
340.760	227.300	152.502	125.186
352.563	226.489	157.186	126.620
369.615	226.147	158.086	128.828
389.365	223.977	156.319	137.392
410.847	219.071	161.969	149.085
435.548	212.992	169.355	161.066
455.484	209.534	166.632	167.725
488.080	193.603	162.463	171.021
514.788	191.351	163.832	155.029
534.411	190.364	167.454	153.239
545.982	195.233	181.273	128.555
545.853	181.187	202.346	133.007
536.759	165.355	209.553	149.905
528.131	156.456	211.423	157.916
521.970	151.807	202.399	164.183
502.868	152.183	202.687	164.753
491.977	153.492	190.856	169.852
464.069	164.562	181.022	160.716
440.763	172.990	194.805	153.570
428.593	168.185	201.773	163.257
359.823	180.820	194.340	172.599
321.544	198.298	199.713	160.315
284.550	196.723	200.438	165.929
238.523	204.614	208.361	162.928
212.175	201.956	204.484	149.905
197.885	193.239	198.770	148.376
174.123	180.853	195.367	149.842
148.037	173.428	190.556	149.671
125.611	168.014	197.530	154.152
112.079	168.483	202.441	155.828
100.703	172.492	206.219	156.418
89.688	179.609	217.987	156.914
87.006	191.688	217.041	153.020
94.996	201.221	206.066	149.279
113.254	203.671	192.875	152.410
135.673	200.080	182.681	163.114
151.546	192.333	190.467	170.441
175.798	171.142	207.802	178.406
206.002	160.169	214.550	176.657
240.347	148.093	210.791	174.325
260.296	144.774	199.190	172.484
267.536	140.282	204.063	168.573
274.169	141.922	201.778	170.479
276.382	145.232	202.359	173.875
270.059	146.597	207.186	177.564
269.651	147.963	201.941	182.459
272.926	148.751	185.241	185.333
267.042	150.106	191.571	187.846
267.168	152.256	175.982	190.786
266.000	154.611	171.403	185.860
267.060	156.908	163.539	186.389
265.902	159.508	164.724	186.888
272.964	170.972	156.850	176.118
276.838	180.354	156.458	168.428
275.258	190.777	164.710	159.120
290.386	204.958	165.292	164.042
296.401	208.745	165.939	169.987
302.705	208.960	165.598	173.779
315.900	206.164	152.319	179.218
329.707	206.181	134.145	176.584
350.767	204.011	120.622	178.392
376.098	199.230	103.220	176.541
391.668	204.760	101.728	165.951
404.004	198.371	102.061	170.242
415.955	207.830	117.619	169.635
417.872	197.335	135.623	169.809
425.135	195.492	146.213	166.235
432.136	196.564	153.820	162.113
430.671	198.592	159.950	154.960
419.484	198.292	171.681	147.619
400.711	194.985	188.921	149.177
384.479	189.678	192.705	153.886
366.304	186.902	200.028	162.382
348.240	178.838	212.150	187.138
330.779	174.990	228.167	199.892
317.424	172.731	233.998	211.106
299.724	172.814	242.506	219.026
288.451	176.677	244.593	218.756
277.189	179.980	248.030	219.992
266.888	175.368	258.422	228.535
260.248	171.670	262.549	230.018
254.278	170.327	264.590	229.683
249.867	165.497	261.733	234.131
240.634	162.834	263.134	236.789
229.478	164.295	270.807	235.837
219.224	166.017	273.348	232.342
203.559	168.623	275.483	224.307
185.770	173.193	275.131	214.452
163.616	174.186	269.336	206.208
133.584	192.122	272.997	181.370
99.066	213.048	284.218	154.071
67.257	228.714	287.735	127.187
39.212	245.014	289.635	105.961
21.913	248.557	259.869	106.391
13.504	258.291	234.530	107.364
4.403	257.407	225.167	121.355
18.213	249.755	224.247	142.297
69.929	244.961	188.920	154.384
117.807	237.725	140.931	160.053
164.330	231.381	110.781	158.423
199.491	227.062	87.586	150.498
221.767	217.244	90.360	153.321
247.629	218.702	82.822	142.317
252.480	196.115	94.254	130.580
254.157	222.917	126.086	124.927
250.666	211.925	133.750	129.602
367.235	241.531	147.760	95.166
383.213	246.751	129.040	93.447
377.709	238.494	126.957	106.326
330.147	235.914	152.448	123.405
294.315	215.982	127.050	130.725
280.578	233.438	111.198	131.633
279.833	240.064	100.772	125.803
252.633	244.597	80.222	125.396
237.539	238.878	89.855	137.554
207.303	237.867	130.045	141.374
177.145	236.928	160.001	145.970
148.184	230.706	188.646	157.879
106.649	227.415	223.494	170.671
92.931	226.485	224.226	179.821
99.340	220.514	220.769	189.135
103.097	216.339	217.539	192.630
119.908	207.410	202.740	196.895
172.071	192.318	160.839	188.909
210.648	188.403	148.875	183.335
230.358	199.021	170.798	161.250
249.631	200.198	179.604	156.900
280.451	204.500	179.215	145.745
309.297	200.453	192.295	144.010
334.206	179.866	243.458	161.386
392.605	178.334	240.887	160.964
431.944	179.582	244.943	167.231
430.286	183.389	259.811	164.753
430.972	187.548	260.626	166.253
437.132	188.671	243.804	177.088
441.148	191.589	194.861	177.675
440.300	190.686	183.013	181.005
453.318	187.155	164.047	183.391
451.760	186.438	166.692	183.326
448.735	187.982	168.899	179.835
453.568	187.423	183.939	180.509
449.436	191.602	198.694	178.316
445.333	192.758	212.532	178.582
443.201	195.315	215.724	176.335
434.164	196.079	225.689	185.695
426.847	202.626	214.078	180.752
416.270	204.596	183.706	180.261
404.342	211.229	192.025	176.380
391.654	213.909	177.661	177.624
386.682	210.000	208.494	193.000
376.282	209.516	198.228	199.750
357.853	204.564	188.648	197.565
341.412	203.836	176.931	192.194
308.050	206.660	171.615	185.678
275.614	216.847	168.877	184.542
230.859	223.804	205.212	181.193
197.222	230.046	235.690	195.222
168.835	231.445	264.072	208.654
152.603	235.735	278.329	210.381
148.950	234.818	277.650	217.715
148.708	233.771	274.997	221.128
151.591	235.056	263.016	221.457
157.578	235.290	257.417	221.059
162.537	237.238	251.173	221.174
167.159	238.039	245.321	222.749
171.206	237.948	239.594	224.725
172.346	239.212	243.049	224.421
173.223	239.297	242.507	227.369
172.747	240.933	245.236	227.877
169.534	241.149	251.226	228.593
167.003	240.612	257.031	231.659
164.854	238.566	258.379	235.843
163.459	237.935	260.682	237.259
163.008	237.564	270.094	237.473
163.390	236.897	285.426	242.707
164.675	236.206	291.116	245.813
168.826	233.661	294.267	250.557
173.448	231.816	294.675	251.045
178.836	230.209	294.156	252.328
188.672	227.489	287.978	255.628
198.536	225.876	279.196	255.739
207.848	228.217	270.904	250.877
220.920	227.487	256.711	252.138
236.002	226.527	240.978	249.543
252.199	219.288	220.156	256.137
265.392	219.970	208.882	256.089
285.162	216.761	190.477	255.963
300.776	217.215	178.285	252.626
316.612	217.347	164.209	250.390
330.141	212.603	152.821	250.400
339.367	212.201	147.164	249.479
347.951	214.182	145.379	245.715
359.077	219.529	141.338	234.950
370.137	222.659	135.564	228.853
376.300	224.082	134.444	223.948
380.474	224.277	132.694	224.892
382.285	224.884	131.906	224.715
383.924	225.092	129.654	225.819
384.229	225.198	125.772	229.128
382.507	222.315	125.908	235.232
376.930	222.387	126.854	236.558
372.586	224.069	127.811	233.701
370.205	223.914	125.958	236.103
369.016	224.378	124.423	235.409
367.850	226.399	122.470	232.866
367.423	225.141	121.262	231.675
368.223	225.004	119.235	230.890
368.567	224.499	118.314	230.763
367.475	224.901	119.863	232.801
367.364	225.112	120.936	232.445
366.483	224.787	121.986	232.691
364.996	224.353	124.239	235.055
365.432	221.752	125.383	237.779
363.988	223.409	126.245	236.541
364.503	223.077	125.389	237.854
363.362	223.739	126.234	238.017
362.558	224.664	126.429	236.485
360.312	224.157	129.145	238.564
357.154	224.896	131.909	238.239
354.050	221.346	135.092	242.344
350.373	219.793	137.984	244.550
346.670	218.643	138.775	246.001
340.956	219.995	142.553	246.893
333.216	219.528	149.331	247.507
327.996	219.087	154.996	248.507
323.326	220.308	158.999	246.546
320.627	220.661	159.823	246.446
318.965	218.914	161.044	248.623
317.460	219.708	162.263	248.463
317.347	220.300	161.772	248.817
317.347	221.594	162.171	247.510
316.698	221.831	162.140	247.787
317.228	222.889	161.300	247.243
316.741	221.922	161.592	248.020
316.654	222.044	161.381	247.482
317.524	223.241	161.120	247.236
317.106	221.881	161.915	246.987
318.137	221.831	160.594	246.763
318.467	221.090	160.652	246.831
320.259	220.647	158.663	248.031
320.023	220.494	159.585	248.013
320.330	221.121	159.873	247.897
320.726	221.476	159.781	248.312
321.395	222.066	159.610	247.894
323.282	222.041	158.209	248.412
324.738	222.041	157.253	248.412
325.539	221.566	156.356	248.291
326.633	221.209	155.529	248.563
326.808	221.447	155.354	248.495
327.054	222.702	155.223	247.393
327.158	223.176	155.117	247.087
326.350	222.227	156.617	247.868
327.125	221.989	155.441	249.204
327.212	221.153	155.450	249.616
327.966	222.041	154.716	248.754
328.490	221.751	154.404	248.597
329.260	220.855	153.943	248.956
330.461	221.328	152.862	248.313
331.331	221.092	152.300	248.124
331.322	220.737	152.808	247.885
331.667	221.210	152.841	248.431
332.503	222.034	152.128	247.607
333.371	221.263	151.474	248.438
334.033	221.563	151.407	247.482
334.217	221.855	151.624	246.588
334.982	221.440	150.982	246.662
335.491	221.791	150.691	245.888
335.935	222.606	150.150	245.073
337.307	222.141	148.807	245.707
337.984	221.250	148.997	245.501
339.068	222.024	148.728	246.332
341.320	223.007	145.567	246.171
343.033	222.567	145.010	243.128
345.331	223.595	143.407	241.132
346.902	223.975	141.968	239.113
345.367	223.933	143.595	237.027
342.554	224.914	148.018	235.854
335.955	224.690	154.925	238.703
325.970	224.539	164.610	238.909
316.708	223.698	174.159	238.211
303.838	221.244	186.239	239.869
295.615	218.695	193.372	242.169
286.016	215.733	200.830	245.527
278.325	215.697	206.646	245.532
270.305	215.670	213.827	245.307
264.461	216.501	219.194	245.432
262.173	215.171	218.467	252.634
262.264	215.390	220.167	252.580
260.366	213.779	222.503	256.161
256.949	214.194	227.133	257.284
253.802	213.223	231.885	258.564
252.510	212.331	233.491	261.474
251.188	211.573	235.300	263.638
251.767	211.706	234.920	264.577
254.394	210.645	231.784	266.719
259.224	211.573	227.110	265.972
260.696	213.017	224.580	264.021
261.701	213.371	222.961	262.831
265.913	213.745	217.825	261.883
268.894	213.418	210.136	259.451
270.601	214.244	206.069	255.430
272.711	216.350	202.332	250.998
275.972	217.352	196.439	248.482
278.877	217.940	191.918	247.012
279.341	218.538	189.290	244.041
279.411	219.705	187.056	241.995
280.341	218.965	184.854	241.956
280.447	220.841	183.472	238.574
280.445	221.244	183.194	236.896
276.873	221.210	185.095	238.338
273.444	222.180	187.687	238.377
270.055	222.375	189.833	240.288
266.821	222.780	191.336	241.136
266.724	222.569	192.027	243.599
264.926	223.466	194.166	242.812
262.957	224.063	196.830	243.714
263.322	222.709	198.449	248.025
263.476	222.642	199.717	248.598
265.836	223.276	198.294	242.934
270.533	221.737	193.099	243.500
282.533	221.784	181.327	244.991
290.964	224.036	174.779	245.764
303.578	227.715	162.804	250.249
316.679	232.461	153.315	253.223
324.903	236.441	145.920	244.885
360.478	234.161	124.258	248.455
370.969	229.359	128.631	244.008
374.765	228.962	143.163	241.872
376.600	230.807	175.509	231.466
371.304	230.539	202.189	224.706
372.638	222.371	238.069	221.850
365.989	221.046	261.416	219.385
359.995	220.363	277.181	229.936
357.165	218.188	284.463	221.528
377.765	219.607	267.022	222.565
392.974	213.067	246.789	227.049
399.914	210.719	229.523	228.680
405.840	211.528	215.314	229.708
421.753	206.533	186.548	238.572
439.189	205.445	156.928	240.585
452.204	209.206	129.344	236.461
456.034	216.511	122.190	226.293
457.762	220.484	118.294	218.586
456.130	221.578	118.329	211.785
447.728	223.755	127.026	207.277
432.666	223.274	144.711	207.194
420.471	224.390	160.995	207.862
403.144	223.043	183.386	211.563
391.823	218.058	198.406	221.359
376.373	217.939	215.556	226.306
336.320	222.909	254.863	218.243
303.170	233.030	280.483	192.277
305.892	226.597	262.798	213.963
302.731	224.639	253.543	207.626
302.411	223.939	241.507	205.660
304.802	220.820	225.578	210.780
308.124	218.393	217.676	208.971
309.810	218.615	212.647	207.448
310.890	218.131	209.091	207.231
311.922	218.709	209.788	205.164
313.066	221.230	213.233	203.876
313.952	223.599	218.880	205.088
313.476	223.257	225.621	207.931
310.026	221.966	234.822	214.204
304.806	221.675	246.421	215.725
299.460	221.353	256.816	207.565
297.827	220.559	257.676	208.739
294.092	221.756	259.996	206.797
290.641	223.951	258.600	205.412
284.938	226.330	255.599	204.951
278.406	227.418	251.617	208.113
266.818	227.300	237.011	207.567
260.838	230.568	227.772	209.808
257.726	231.479	216.624	209.009
250.772	237.290	203.227	199.693
242.935	238.411	168.877	191.093
236.895	241.569	144.187	192.344
230.121	246.583	137.003	198.032
223.750	250.597	134.684	207.070
210.331	254.006	130.504	204.380
