variant,sequence,frame_zero_based,region,candidate,searched_region,extra_executed,pause,gt_known,same_state_c1_iou,selected_iou
prefix_own_s42_unsafe_write,2girlgoleft,90,0,0,2,True,False,True,0.5146436689039918,0.5146436689039918
prefix_own_s42_unsafe_write,2girlgoleft,93,0,0,2,True,False,True,0.5522928059597897,0.5522928059597897
prefix_own_s42_unsafe_write,3whitemen,20,0,0,2,True,False,True,0.1891069323301553,0.1891069323301553
prefix_own_s42_unsafe_write,3whitemen,22,0,2,0,False,False,True,0.12642641541783656,0.16419552020742922
prefix_own_s42_unsafe_write,3whitemen,26,0,0,2,True,False,True,0.0,0.0
prefix_own_s42_unsafe_write,3whitemen,44,0,1,2,True,False,True,0.0,0.5153896087215876
prefix_own_s42_unsafe_write,3whitemen,47,0,1,0,False,False,True,0.0888194395923912,0.30609308938549024
prefix_own_s42_unsafe_write,3whitemen,52,0,1,0,False,False,True,0.7485696194697207,0.07317254094681862
prefix_own_s42_unsafe_write,3whitemen,53,0,0,2,True,False,True,0.25927578950597674,0.25927578950597674
prefix_own_s42_unsafe_write,3whitemen,76,0,0,2,True,False,True,0.0726425313680813,0.0726425313680813
prefix_own_s42_unsafe_write,3whitemen,100,0,0,2,True,False,True,0.49017438731252516,0.49017438731252516
prefix_own_s42_unsafe_write,3whitemen,102,0,1,0,False,False,True,0.8373720884258258,0.0
prefix_own_s42_unsafe_write,3whitemen,109,0,1,0,False,False,True,0.0,0.08211451026754553
prefix_own_s42_unsafe_write,3whitemen,110,0,2,0,False,False,True,0.0,0.520762815849869
prefix_own_s42_unsafe_write,3whitemen,112,0,0,2,True,False,True,0.7787893826411482,0.7787893826411482
prefix_own_s42_unsafe_write,3whitemen,136,0,0,2,True,False,True,0.35025277146114736,0.35025277146114736
prefix_own_s42_unsafe_write,3whitemen,139,0,1,0,False,False,True,0.6000876514719168,0.0
prefix_own_s42_unsafe_write,3whitemen,144,0,1,0,False,False,True,0.0,0.3757257638983116
prefix_own_s42_unsafe_write,3whitemen,154,0,1,0,False,False,True,0.19899112481865475,0.0
prefix_own_s42_unsafe_write,3whitemen,156,0,1,0,False,False,True,0.0,0.22699609730686496
prefix_own_s42_unsafe_write,3whitemen,157,0,2,0,False,False,True,0.25649975956814275,0.0
prefix_own_s42_unsafe_write,3whitemen,158,0,1,0,False,False,True,0.0,0.6084572564881989
prefix_own_s42_unsafe_write,3whitemen,159,0,0,2,True,False,True,0.1965367845747772,0.0
prefix_own_s42_unsafe_write,3whitemen,160,0,1,0,False,False,True,0.0,0.654532503371543
prefix_own_s42_unsafe_write,3whitemen,167,0,2,0,False,False,True,0.15557452326236895,0.0
prefix_own_s42_unsafe_write,3whitemen,168,0,0,0,False,False,True,0.0,0.074920588436052
prefix_own_s42_unsafe_write,3whitemen,170,0,0,0,False,False,True,0.7920056712426173,0.043566047975911765
prefix_own_s42_unsafe_write,3whitemen,173,0,0,2,True,False,True,0.038822246302356866,0.038822246302356866
prefix_own_s42_unsafe_write,3whitemen,177,0,1,2,True,False,True,0.018411056379275856,0.7649348235443021
prefix_own_s42_unsafe_write,3whitemen,178,0,1,0,False,False,True,0.40055224858572197,0.0
prefix_own_s42_unsafe_write,3whitemen,179,0,0,2,True,False,True,0.0,0.0
prefix_own_s42_unsafe_write,3whitemen,180,0,0,2,True,False,True,0.05679392115670339,0.05679392115670339
prefix_own_s42_unsafe_write,3whitemen,183,0,0,2,True,False,True,0.0,0.0
prefix_own_s42_unsafe_write,3whitemen,186,0,1,0,False,False,True,0.0,0.3252104470481423
prefix_own_s42_unsafe_write,3whitemen,189,0,1,0,False,False,True,0.0,0.6745314456694212
prefix_own_s42_unsafe_write,3whitemen,190,0,0,2,True,False,True,0.3657187967449394,0.3657187967449394
prefix_own_s42_unsafe_write,3whitemen,192,0,0,2,True,False,True,0.009867125275137067,0.009867125275137067
prefix_own_s42_unsafe_write,3whitemen,193,0,0,2,True,False,True,0.0,0.0
prefix_own_s42_unsafe_write,3whitemen,194,0,1,0,False,False,True,0.249709291221529,0.4246221272499895
prefix_own_s42_unsafe_write,3whitemen,211,2,1,2,True,False,True,0.3940692104017668,0.0
prefix_own_s42_unsafe_write,3whitemen,213,0,0,2,True,False,True,0.0,0.0
prefix_own_s42_unsafe_write,3whitemen,214,0,0,2,True,False,True,0.0,0.0
prefix_own_s42_unsafe_write,3whitemen,215,0,0,2,True,False,True,0.0,0.0
prefix_own_s42_unsafe_write,3whitemen,216,0,0,2,True,False,True,0.0,0.0
prefix_own_s42_unsafe_write,3whitemen,217,2,2,2,True,False,True,0.0,0.2861957501625157
prefix_own_s42_unsafe_write,3whitemen,218,0,0,2,True,False,True,0.2203403319290783,0.2203403319290783
prefix_own_s42_unsafe_write,3whitemen,219,0,2,2,True,False,True,0.1298266546929137,0.20252624713418776
prefix_own_s42_unsafe_write,3whitemen,221,0,0,2,True,False,True,0.6163627383881106,0.6163627383881106
prefix_own_s42_unsafe_write,3whitemen,222,0,1,0,False,False,True,0.4934361930958805,0.0
prefix_own_s42_unsafe_write,3whitemen,223,0,0,2,True,False,True,0.0,0.0
prefix_own_s42_unsafe_write,3whitemen,239,0,1,0,False,False,True,0.0,0.0
prefix_own_s42_unsafe_write,3whitemen,241,0,2,0,False,False,True,0.0,0.2220256937648984
prefix_own_s42_unsafe_write,3whitemen,242,2,2,2,True,False,True,0.3557688122515921,0.40991575294577637
prefix_own_s42_unsafe_write,3whitemen,243,0,0,2,True,False,True,0.26629749770950845,0.26629749770950845
prefix_own_s42_unsafe_write,3whitemen,244,0,0,2,True,False,True,0.25666509548448907,0.25666509548448907
prefix_own_s42_unsafe_write,3whitemen,247,2,1,2,True,False,True,0.25305028523559336,0.20853171145300958
prefix_own_s42_unsafe_write,3whitemen,248,0,0,2,True,False,True,0.3365721763085226,0.3365721763085226
prefix_own_s42_unsafe_write,3whitemen,250,2,3,2,True,False,True,0.3492782385414116,0.30444161352121824
prefix_own_s42_unsafe_write,3whitemen,251,0,0,2,True,False,True,0.29657486739888494,0.29657486739888494
prefix_own_s42_unsafe_write,3whitemen,252,0,0,2,True,False,True,0.10029918838244375,0.10029918838244375
prefix_own_s42_unsafe_write,3whitemen,253,0,0,2,True,False,True,0.16538994860240847,0.16538994860240847
prefix_own_s42_unsafe_write,3whitemen,254,2,2,2,True,False,True,0.1284362284149946,0.5562232881434562
prefix_own_s42_unsafe_write,3whitemen,255,2,0,2,True,False,True,0.32730332548028707,0.04915981209536062
prefix_own_s42_unsafe_write,3whitemen,256,0,1,2,True,False,True,0.06896366716012697,0.049347151918062285
prefix_own_s42_unsafe_write,3whitemen,259,0,0,2,True,False,True,0.0,0.0
prefix_own_s42_unsafe_write,3whitemen,260,0,2,0,False,False,True,0.0,0.0
prefix_own_s42_unsafe_write,3whitemen,262,0,1,0,False,False,True,0.0,0.0
prefix_own_s42_unsafe_write,3whitemen,263,0,0,2,True,False,True,0.0,0.0
prefix_own_s42_unsafe_write,3whitemen,267,0,1,0,False,False,True,0.0,0.0
prefix_own_s42_unsafe_write,3whitemen,282,0,1,0,False,False,True,0.0,0.0
prefix_own_s42_unsafe_write,3whitemen,285,0,1,0,False,False,True,0.0,0.0
prefix_own_s42_unsafe_write,3whitemen,293,0,0,2,True,False,True,0.0,0.0
prefix_own_s42_unsafe_write,3whitemen,296,0,0,2,True,False,True,0.0,0.0
prefix_own_s42_unsafe_write,3whitemen,297,0,1,0,False,False,True,0.0,0.0
prefix_own_s42_unsafe_write,3whitemen,299,0,0,2,True,False,True,0.0,0.0
prefix_own_s42_unsafe_write,3whitemen,303,0,0,2,True,False,True,0.0,0.0
prefix_own_s42_unsafe_write,3whitemen,304,0,0,2,True,False,True,0.0,0.0
prefix_own_s42_unsafe_write,3whitemen,305,0,0,2,True,False,True,0.0,0.0
prefix_own_s42_unsafe_write,3whitemen,306,0,0,2,True,False,True,0.0,0.0
prefix_own_s42_unsafe_write,3whitemen,307,0,0,2,True,False,True,0.0,0.0
prefix_own_s42_unsafe_write,3whitemen,309,0,0,2,True,False,True,0.0,0.0
prefix_own_s42_unsafe_write,3whitemen,310,0,0,2,True,False,True,0.0,0.0
prefix_own_s42_unsafe_write,3whitemen,311,0,0,2,True,False,True,0.0,0.0
prefix_own_s42_unsafe_write,3whitemen,312,0,0,2,True,False,True,0.0,0.0
prefix_own_s42_unsafe_write,3whitemen,313,0,0,2,True,False,True,0.0,0.0
prefix_own_s42_unsafe_write,3whitemen,314,0,0,2,True,False,True,0.0,0.0
prefix_own_s42_unsafe_write,3whitemen,315,0,1,0,False,False,True,0.0,0.0
prefix_own_s42_unsafe_write,3whitemen,322,0,0,0,False,False,True,0.0,0.0
prefix_own_s42_unsafe_write,3whitemen,346,0,0,2,True,False,True,0.0,0.0
prefix_own_s42_unsafe_write,3whitemen,353,0,0,2,True,False,True,0.0,0.0
prefix_own_s42_unsafe_write,3whitemen,387,0,0,2,True,False,True,0.0,0.0
prefix_own_s42_unsafe_write,3whitemen,416,0,1,0,False,False,True,0.0,0.0
prefix_own_s42_unsafe_write,3whitemen,419,0,0,2,True,False,True,0.0,0.0
prefix_own_s42_unsafe_write,3whitemen,421,0,0,2,True,False,True,0.0,0.0
prefix_own_s42_unsafe_write,3whitemen,423,0,0,2,True,False,True,0.0,0.0
prefix_own_s42_unsafe_write,3whitemen,444,2,4,2,True,False,True,0.0,0.0
prefix_own_s42_unsafe_write,9whitegirl,88,0,0,0,False,False,True,0.0,0.8434266403636081
prefix_own_s42_unsafe_write,9whitegirl,96,0,0,2,True,False,True,0.5820291615255007,0.5820291615255007
prefix_own_s42_unsafe_write,Aboydownbike,313,0,1,2,True,False,True,0.450040300725893,0.0
prefix_own_s42_unsafe_write,Aboydownbike,347,0,0,0,False,False,True,0.0,0.6740351225742328
prefix_own_s42_unsafe_write,Aboydownbike,412,0,0,2,True,False,True,0.6018454575348757,0.6018454575348757
prefix_own_s42_unsafe_write,Aboydownbike,419,0,1,0,False,False,True,0.056546842136844175,0.7413530868658668
prefix_own_s42_unsafe_write,Aboydownbike,529,0,0,0,False,False,True,0.884862438117248,0.0
prefix_own_s42_unsafe_write,Aboydownbike,530,0,1,0,False,False,True,0.0,0.7786781978735683
prefix_own_s42_unsafe_write,Aboydownbike,531,0,0,0,False,False,True,0.8320902595189125,0.0
prefix_own_s42_unsafe_write,Aboydownbike,534,0,0,0,False,False,True,0.8585001993685245,0.0
prefix_own_s42_unsafe_write,Aboydownbike,535,0,1,0,False,False,True,0.0,0.9388177601802461
prefix_own_s42_unsafe_write,Aboydownbike,541,0,0,0,False,False,True,0.9124223500505947,0.0
prefix_own_s42_unsafe_write,Aboydownbike,564,0,0,2,True,False,True,0.9333695483207713,0.9333695483207713
prefix_own_s42_unsafe_write,Aboydownbike,567,0,0,0,False,False,True,0.777070836347397,0.0
prefix_own_s42_unsafe_write,Aboydownbike,618,0,0,2,True,False,True,0.0,0.0
prefix_own_s42_unsafe_write,Aboydownbike,619,0,0,2,True,False,True,0.0,0.0
prefix_own_s42_unsafe_write,Aboydownbike,620,2,0,2,True,False,True,0.0,0.5154931513386823
prefix_own_s42_unsafe_write,ab_bolster,84,0,0,2,True,False,True,0.2387872025488072,0.2387872025488072
prefix_own_s42_unsafe_write,ab_bolster,85,0,0,2,True,False,True,0.11860041721673466,0.11860041721673466
prefix_own_s42_unsafe_write,ab_bolster,86,2,1,2,True,False,True,0.12280343732619213,0.4228843687065043
prefix_own_s42_unsafe_write,ab_bolster,87,0,0,2,True,False,True,0.19532821122733657,0.19532821122733657
prefix_own_s42_unsafe_write,ab_bolster,88,0,0,2,True,False,True,0.060584840501389445,0.060584840501389445
prefix_own_s42_unsafe_write,ab_bolster,124,0,0,2,True,False,True,0.7118685375221478,0.7118685375221478
prefix_own_s42_unsafe_write,ab_bolster,133,2,0,2,True,False,True,0.3617964486462849,0.08289816034324407
prefix_own_s42_unsafe_write,ab_bolster,134,0,0,2,True,False,True,0.18718387388212002,0.18718387388212002
prefix_own_s42_unsafe_write,ab_bolster,135,0,0,2,True,False,True,0.24820583436419358,0.24820583436419358
prefix_own_s42_unsafe_write,ab_bolster,196,0,0,2,True,False,True,0.3530122649189794,0.3530122649189794
prefix_own_s42_unsafe_write,ab_bolster,197,0,0,2,True,False,True,0.28789123173298753,0.28789123173298753
prefix_own_s42_unsafe_write,ab_bolster,198,0,0,2,True,False,True,0.6962916397584501,0.6962916397584501
prefix_own_s42_unsafe_write,ab_bolster,201,0,0,2,True,False,True,0.5252019496330103,0.5252019496330103
prefix_own_s42_unsafe_write,ab_bolster,203,2,0,2,True,False,True,0.3938869105204207,0.7809077771194726
prefix_own_s42_unsafe_write,ab_bolster,277,0,0,2,True,False,True,0.62317022808539,0.62317022808539
prefix_own_s42_unsafe_write,ab_bolster,278,0,0,2,True,False,True,0.6383302957619259,0.6383302957619259
prefix_own_s42_unsafe_write,ab_bolster,284,2,0,2,True,False,True,0.751262124416263,0.0
prefix_own_s42_unsafe_write,ab_bolster,285,0,0,2,True,False,True,0.10266326813349391,0.10266326813349391
prefix_own_s42_unsafe_write,ab_bolster,289,0,0,2,True,False,True,0.5785315091127443,0.5785315091127443
prefix_own_s42_unsafe_write,ab_bolster,290,0,0,2,True,False,True,0.23030620244053898,0.23030620244053898
prefix_own_s42_unsafe_write,ab_bolster,329,0,0,2,True,False,True,0.4877267805192031,0.4877267805192031
prefix_own_s42_unsafe_write,ab_bolster,330,0,0,2,True,False,True,0.43907503627365496,0.0015236002191379115
prefix_own_s42_unsafe_write,ab_bolster,332,0,0,2,True,False,True,0.42743984600162854,0.42743984600162854
prefix_own_s42_unsafe_write,ab_bolster,339,0,0,2,True,False,True,0.5638842316230341,0.5638842316230341
prefix_own_s42_unsafe_write,ab_bolster,361,0,0,2,True,False,True,0.7480881713955285,0.7480881713955285
prefix_own_s42_unsafe_write,ab_bolster,636,0,0,2,True,False,True,0.5860116557253111,0.5860116557253111
prefix_own_s42_unsafe_write,ab_bolster,637,0,0,2,True,False,True,0.15516374020206244,0.15516374020206244
prefix_own_s42_unsafe_write,ab_bolster,638,0,0,2,True,False,True,0.16138717723521037,0.16138717723521037
prefix_own_s42_unsafe_write,ab_bolster,639,0,0,2,True,False,True,0.1752196056133437,0.1752196056133437
prefix_own_s42_unsafe_write,ab_bolster,640,0,0,2,True,False,True,0.01817224301454675,0.01817224301454675
prefix_own_s42_unsafe_write,ab_bolster,642,0,0,2,True,False,True,0.5217843036162089,0.5217843036162089
prefix_own_s42_unsafe_write,ab_bolster,709,0,0,2,True,False,True,0.7683805188567085,0.7683805188567085
prefix_own_s42_unsafe_write,ab_bolster,710,0,0,2,True,False,True,0.7892198741361812,0.7892198741361812
prefix_own_s42_unsafe_write,ab_bolster,716,0,0,2,True,False,True,0.738464342387632,0.738464342387632
prefix_own_s42_unsafe_write,ab_bolster,922,0,0,2,True,False,True,0.13164516552452102,0.13164516552452102
prefix_own_s42_unsafe_write,ab_bolster,923,0,1,2,True,False,True,0.14909827043665633,0.2559065978751246
prefix_own_s42_unsafe_write,ab_bolster,952,2,0,2,True,False,True,0.08451993402366238,0.16856153948493063
prefix_own_s42_unsafe_write,ab_bolster,954,0,0,2,True,False,True,0.4352276839098143,0.4352276839098143
prefix_own_s42_unsafe_write,ab_bolster,955,0,0,2,True,False,True,0.6540169218218661,0.6540169218218661
prefix_own_s42_unsafe_write,ab_bolster,1048,0,0,2,True,False,True,0.4288618517867956,0.4288618517867956
prefix_own_s42_unsafe_write,ab_bolster,1258,2,0,2,True,False,True,0.031986857629298995,0.5556318058575045
prefix_own_s42_unsafe_write,ab_bolster,1260,0,0,2,True,False,True,0.2984060950328406,0.2984060950328406
prefix_own_s42_unsafe_write,ab_bolster,1261,2,0,2,True,False,True,0.08259664377082902,0.041849771802293385
prefix_own_s42_unsafe_write,ab_bolster,1316,2,0,2,True,False,True,0.0,0.10946619749105964
prefix_own_s42_unsafe_write,ab_bolster,1542,2,2,2,True,False,True,0.8520436770744223,0.000825688486081916
prefix_own_s42_unsafe_write,ab_bolster,1657,0,0,2,True,False,True,0.7539194522528091,0.7539194522528091
prefix_own_s42_unsafe_write,ab_bolster,1663,0,0,2,True,False,True,0.5550262924760918,0.5550262924760918
prefix_own_s42_unsafe_write,ab_bolster,1664,0,0,2,True,False,True,0.7349401575047396,0.7349401575047396
prefix_own_s42_unsafe_write,ab_bolster,1854,2,0,2,True,False,True,0.0,0.7875650359801272
prefix_own_s42_unsafe_write,ab_bolster,1906,0,0,2,True,False,True,0.6885645703446425,0.6885645703446425
prefix_own_s42_unsafe_write,ab_bolster,1908,0,0,2,True,False,True,0.6364302744658857,0.6364302744658857
prefix_own_s42_unsafe_write,ab_bolster,1963,0,0,2,True,False,True,0.05378824832877937,0.05378824832877937
prefix_own_s42_unsafe_write,ab_bolster,2000,0,0,2,True,False,True,0.33026663811745766,0.33026663811745766
prefix_own_s42_unsafe_write,ab_bolster,2091,0,0,2,True,False,True,0.5813933928874097,0.5813933928874097
prefix_own_s42_unsafe_write,ab_bolster,2113,0,0,2,True,False,True,0.7357984952893156,0.7357984952893156
prefix_own_s42_unsafe_write,ab_bolster,2136,0,0,2,True,False,True,0.7493732248561848,0.7493732248561848
prefix_own_s42_unsafe_write,ab_bolster,2138,2,0,2,True,False,True,0.8462443835325977,0.1519100104110264
prefix_own_s42_unsafe_write,ab_bolster,2139,0,0,2,True,False,True,0.4008283169526832,0.4008283169526832
prefix_own_s42_unsafe_write,ab_bolster,2175,0,0,2,True,False,True,0.7458266064388445,0.7458266064388445
prefix_own_s42_unsafe_write,ab_bolster,2233,0,0,2,True,False,True,0.2554038493837747,0.2554038493837747
prefix_own_s42_unsafe_write,ab_bolster,2234,0,0,2,True,False,True,0.5723178849302021,0.5723178849302021
prefix_own_s42_unsafe_write,ab_bolster,2249,0,1,0,False,False,True,0.5196116324383222,0.0
prefix_own_s42_unsafe_write,ab_bolster,2255,0,0,2,True,False,True,0.0,0.0
prefix_own_s42_unsafe_write,ab_bolster,2256,0,0,2,True,False,True,0.0,0.0
prefix_own_s42_unsafe_write,ab_bolster,2258,0,0,2,True,False,True,0.0,0.0
prefix_own_s42_unsafe_write,ab_bolster,2260,0,0,2,True,False,True,0.0,0.0
prefix_own_s42_unsafe_write,ab_bolster,2261,0,0,2,True,False,True,0.0,0.0
prefix_own_s42_unsafe_write,ab_bolster,2262,0,0,2,True,False,True,0.0,0.0
prefix_own_s42_unsafe_write,ab_bolster,2263,0,0,2,True,False,True,0.0,0.0
prefix_own_s42_unsafe_write,ab_bolster,2264,2,0,2,True,False,True,0.0,0.7308437960269123
prefix_own_s42_unsafe_write,ab_bolster,2365,0,0,2,True,False,True,0.5216770619442873,0.5216770619442873
prefix_own_s42_unsafe_write,ab_bolster,2366,0,1,0,False,False,True,0.2875335571667127,0.0
prefix_own_s42_unsafe_write,ab_bolster,2367,0,1,0,False,False,True,0.0,0.5289337571978606
prefix_own_s42_unsafe_write,ab_bolster,2396,0,0,2,True,False,True,0.17007804322817288,0.17007804322817288
prefix_own_s42_unsafe_write,ab_bolster,2397,2,0,2,True,False,True,0.14581869741825745,0.5873341732278679
prefix_own_s42_unsafe_write,ab_bolster,2472,0,0,2,True,False,True,0.53466532771929,0.53466532771929
prefix_own_s42_unsafe_write,ab_bolster,2473,0,3,2,True,False,True,0.5414439551675316,0.0
prefix_own_s42_unsafe_write,ab_bolster,2474,0,1,2,True,False,True,0.0,0.0
prefix_own_s42_unsafe_write,ab_bolster,2478,2,2,2,True,False,True,0.0,0.41353008404728214
prefix_own_s42_unsafe_write,ab_bolster,2485,0,0,2,True,False,True,0.6115620260197129,0.6115620260197129
prefix_own_s42_unsafe_write,ab_bolster,2487,0,0,2,True,False,True,0.5974955253234521,0.5974955253234521
prefix_own_s42_unsafe_write,ab_bolster,2488,0,0,2,True,False,True,0.2667782169512716,0.2667782169512716
prefix_own_s42_unsafe_write,ab_bolster,2489,0,0,2,True,False,True,0.10222261970317005,0.10222261970317005
prefix_own_s42_unsafe_write,ab_bolster,2490,0,0,2,True,False,True,0.12229292445326341,0.12229292445326341
prefix_own_s42_unsafe_write,ab_bolster,2491,0,0,2,True,False,True,0.044349548640702605,0.044349548640702605
prefix_own_s42_unsafe_write,ab_bolster,2492,2,0,2,True,False,True,0.10591934783479805,0.3689245151382335
prefix_own_s42_unsafe_write,ab_bolster,2500,0,1,2,True,False,True,0.5427154000792396,0.0
prefix_own_s42_unsafe_write,ab_bolster,2501,0,0,2,True,False,True,0.0,0.0
prefix_own_s42_unsafe_write,ab_bolster,2502,0,0,2,True,False,True,0.0,0.0
prefix_own_s42_unsafe_write,ab_bolster,2503,0,0,2,True,False,True,0.0,0.0
prefix_own_s42_unsafe_write,ab_bolster,2504,0,0,2,True,False,True,0.0,0.0
prefix_own_s42_unsafe_write,ab_bolster,2506,2,1,2,True,False,True,0.0,0.4500277792864014
prefix_own_s42_unsafe_write,ab_bolster,2508,0,1,2,True,False,True,0.5555709040741331,0.0
prefix_own_s42_unsafe_write,ab_bolster,2510,0,0,2,True,False,True,0.20069377628253,0.20069377628253
prefix_own_s42_unsafe_write,ab_bolster,2514,0,0,2,True,False,True,0.6645584447776072,0.6645584447776072
prefix_own_s42_unsafe_write,ab_bolster,2515,0,0,2,True,False,True,0.45208744873698936,0.45208744873698936
prefix_own_s42_unsafe_write,ab_bolster,2516,0,0,2,True,False,True,0.3454904427406342,0.3454904427406342
prefix_own_s42_unsafe_write,ab_bolster,2517,2,1,2,True,False,True,0.2947214533717757,0.2152301443935859
prefix_own_s42_unsafe_write,ab_bolster,2518,0,0,2,True,False,True,0.36399637747688474,0.36399637747688474
prefix_own_s42_unsafe_write,ab_bolster,2519,0,0,2,True,False,True,0.31173374537193294,0.31173374537193294
prefix_own_s42_unsafe_write,ab_bolster,2520,2,3,2,True,False,True,0.5730887062050879,0.12877556970974502
prefix_own_s42_unsafe_write,ab_bolster,2521,0,0,2,True,False,True,0.3102150326136673,0.3102150326136673
prefix_own_s42_unsafe_write,ab_bolster,2522,0,0,2,True,False,True,0.5337974539526498,0.5337974539526498
prefix_own_s42_unsafe_write,ab_bolster,2525,0,0,2,True,False,True,0.731944483777474,0.731944483777474
prefix_own_s42_unsafe_write,ab_bolster,2527,0,0,2,True,False,True,0.5937616346974188,0.5937616346974188
prefix_own_s42_unsafe_write,ab_bolster,2529,0,0,2,True,False,True,0.37240864037373583,0.37240864037373583
prefix_own_s42_unsafe_write,ab_bolster,2530,0,0,2,True,False,True,0.05683618807310381,0.05683618807310381
prefix_own_s42_unsafe_write,ab_bolster,2531,0,0,2,True,False,True,0.0,0.0
prefix_own_s42_unsafe_write,ab_bolster,2532,0,0,2,True,False,True,0.0,0.0
prefix_own_s42_unsafe_write,ab_bolster,2533,0,0,2,True,False,True,0.12283655231672454,0.12283655231672454
prefix_own_s42_unsafe_write,ab_bolster,2534,0,0,2,True,False,True,0.5568900441079393,0.0
prefix_own_s42_unsafe_write,ab_bolster,2535,0,0,2,True,False,True,0.11691825613547469,0.11691825613547469
prefix_own_s42_unsafe_write,ab_bolster,2536,0,0,2,True,False,True,0.4690554215389986,0.4690554215389986
prefix_own_s42_unsafe_write,ab_bolster,2537,0,0,2,True,False,True,0.7262435451798924,0.7262435451798924
prefix_own_s42_unsafe_write,ab_bolster,2541,0,0,2,True,False,True,0.14582097759002488,0.14582097759002488
prefix_own_s42_unsafe_write,ab_bolster,2542,0,0,2,True,False,True,0.6607991359809867,0.6607991359809867
prefix_own_s42_unsafe_write,ab_bolster,2561,0,0,2,True,False,True,0.11618060332568075,0.11618060332568075
prefix_own_s42_unsafe_write,ab_bolster,2562,0,0,2,True,False,True,0.6000599188877657,0.6000599188877657
prefix_own_s42_unsafe_write,ab_bolster,2568,0,0,2,True,False,True,0.006090140700529447,0.006090140700529447
prefix_own_s42_unsafe_write,ab_bolster,2580,0,0,2,True,False,True,0.5424040196196469,0.5424040196196469
prefix_own_s42_unsafe_write,ab_bolster,2581,0,0,2,True,False,True,0.36160661941661426,0.36160661941661426
prefix_own_s42_unsafe_write,ab_bolster,2582,0,0,2,True,False,True,0.36861644029007873,0.36861644029007873
prefix_own_s42_unsafe_write,ab_bolster,2596,0,0,2,True,False,True,0.290066791453385,0.290066791453385
prefix_own_s42_unsafe_write,ab_bolster,2600,0,0,0,False,False,True,0.030672682311181244,0.8122244453565993
prefix_own_s42_unsafe_write,ab_bolster,2602,0,0,2,True,False,True,0.6773255034043024,0.6773255034043024
prefix_own_s42_unsafe_write,ab_bolster,2609,0,1,0,False,False,True,0.5633256269448201,0.35375511056836434
prefix_own_s42_unsafe_write,ab_bolster,2627,0,0,2,True,False,True,0.4047166628709044,0.4047166628709044
prefix_own_s42_unsafe_write,ab_bolster,2631,0,0,2,True,False,True,0.21722437442209458,0.21722437442209458
prefix_own_s42_unsafe_write,ab_bolster,2632,0,0,2,True,False,True,0.18283713374830413,0.18283713374830413
prefix_own_s42_unsafe_write,ab_bolster,2633,0,0,2,True,False,True,0.27953399193634587,0.27953399193634587
prefix_own_s42_unsafe_write,ab_bolster,2634,0,0,2,True,False,True,0.30588092348659784,0.30588092348659784
prefix_own_s42_unsafe_write,ab_bolster,2635,0,0,2,True,False,True,0.41175082827933873,0.41175082827933873
prefix_own_s42_unsafe_write,ab_bolster,2636,0,0,2,True,False,True,0.21147208964556236,0.21147208964556236
prefix_own_s42_unsafe_write,ab_bolster,2639,0,0,2,True,False,True,0.5599726949000859,0.5599726949000859
prefix_own_s42_unsafe_write,ab_bolster,2781,0,0,2,True,False,True,0.2926895566145968,0.2926895566145968
prefix_own_s42_unsafe_write,ab_bolster,2782,0,0,2,True,False,True,0.33987143290045824,0.33987143290045824
prefix_own_s42_unsafe_write,ab_bolster,2783,0,0,2,True,False,True,0.11637552924447157,0.11637552924447157
prefix_own_s42_unsafe_write,ab_bolster,2787,0,0,2,True,False,True,0.6261650791541272,0.6261650791541272
prefix_own_s42_unsafe_write,ab_bolster,2788,0,0,2,True,False,True,0.7240408789298901,0.7240408789298901
prefix_own_s42_unsafe_write,ab_bolster,2793,0,0,2,True,False,True,0.6290381842554508,0.6290381842554508
prefix_own_s42_unsafe_write,ab_bolster,2804,0,0,2,True,False,True,0.7455668476105282,0.7455668476105282
prefix_own_s42_unsafe_write,ab_bolster,2806,0,0,2,True,False,True,0.6486794963551525,0.6486794963551525
prefix_own_s42_unsafe_write,ab_bolster,2807,0,0,2,True,False,True,0.4361327096522279,0.4361327096522279
prefix_own_s42_unsafe_write,ab_bolster,2809,0,0,2,True,False,True,0.5312985691431877,0.5312985691431877
prefix_own_s42_unsafe_write,ab_bolster,2810,0,0,2,True,False,True,0.4619341919298657,0.4619341919298657
prefix_own_s42_unsafe_write,ab_bolster,2811,0,0,2,True,False,True,0.487965013720982,0.487965013720982
prefix_own_s42_unsafe_write,ab_bolster,2816,0,0,2,True,False,True,0.31314199871119663,0.31314199871119663
prefix_own_s42_unsafe_write,ab_bolster,2817,0,0,2,True,False,True,0.14911751400634415,0.14911751400634415
prefix_own_s42_unsafe_write,ab_bolster,2818,0,0,2,True,False,True,0.45031991611299343,0.45031991611299343
prefix_own_s42_unsafe_write,ab_bolster,2819,0,0,2,True,False,True,0.48357824341942984,0.48357824341942984
prefix_own_s42_unsafe_write,ab_bolster,2820,0,0,2,True,False,True,0.5410957660829512,0.5410957660829512
prefix_own_s42_unsafe_write,ab_bolster,2822,0,0,2,True,False,True,0.17566801788520686,0.17566801788520686
prefix_own_s42_unsafe_write,ab_bolster,2825,2,1,2,True,False,True,0.26857689121066347,0.5187615489774714
prefix_own_s42_unsafe_write,ab_bolster,2826,0,0,2,True,False,True,0.48041528527152555,0.48041528527152555
prefix_own_s42_unsafe_write,ab_bolster,2827,0,0,2,True,False,True,0.3447438740636595,0.3447438740636595
prefix_own_s42_unsafe_write,ab_bolster,2834,0,0,2,True,False,True,0.3908956817866163,0.3908956817866163
prefix_own_s42_unsafe_write,ab_bolster,2836,0,0,2,True,False,True,0.6086759738170158,0.6086759738170158
prefix_own_s42_unsafe_write,ab_bolster,2840,0,0,2,True,False,True,0.6975768951979547,0.6975768951979547
prefix_own_s42_unsafe_write,ab_bolster,2841,0,0,2,True,False,True,0.5734107008936663,0.5734107008936663
prefix_own_s42_unsafe_write,ab_bolster,2842,0,0,2,True,False,True,0.7160333130039294,0.7160333130039294
prefix_own_s42_unsafe_write,ab_bolster,2843,2,0,2,True,False,True,0.8322445237527798,0.44095455873471856
prefix_own_s42_unsafe_write,ab_bolster,2844,0,0,2,True,False,True,0.527711248029311,0.527711248029311
prefix_own_s42_unsafe_write,ab_bolster,2855,2,2,2,True,False,True,0.6219525895453906,0.517995678772257
prefix_own_s42_unsafe_write,ab_bolster,2856,0,0,2,True,False,True,0.4619845462552215,0.4619845462552215
prefix_own_s42_unsafe_write,ab_bolster,2857,0,0,2,True,False,True,0.7904989131901583,0.7904989131901583
prefix_own_s42_unsafe_write,ab_bolster,2859,0,0,2,True,False,True,0.30455068882963854,0.30455068882963854
prefix_own_s42_unsafe_write,ab_bolster,2864,2,4,2,True,False,True,0.15161135467862527,0.18050825849047747
prefix_own_s42_unsafe_write,ab_bolster,2865,0,0,2,True,False,True,0.20364613379250904,0.20364613379250904
prefix_own_s42_unsafe_write,ab_bolster,2866,0,0,2,True,False,True,0.5640376476591283,0.5640376476591283
prefix_own_s42_unsafe_write,ab_bolster,2867,0,0,2,True,False,True,0.5912047413887482,0.5912047413887482
prefix_own_s42_unsafe_write,ab_bolster,2868,0,0,2,True,False,True,0.27814702835245253,0.27814702835245253
prefix_own_s42_unsafe_write,ab_bolster,2870,0,0,2,True,False,True,0.4486960550756081,0.4486960550756081
prefix_own_s42_unsafe_write,ab_bolster,2871,0,0,2,True,False,True,0.6856954050230863,0.6856954050230863
prefix_own_s42_unsafe_write,ab_bolster,2872,0,0,2,True,False,True,0.8401189920477903,0.8401189920477903
prefix_own_s42_unsafe_write,ab_bolster,2873,0,0,2,True,False,True,0.7916454767404726,0.7916454767404726
prefix_own_s42_unsafe_write,ab_bolster,2879,2,0,2,True,False,True,0.5051440656641174,0.49263729668138045
prefix_own_s42_unsafe_write,ab_bolster,2881,0,0,2,True,False,True,0.5629553230423787,0.5629553230423787
prefix_own_s42_unsafe_write,ab_bolster,2882,0,0,2,True,False,True,0.7441353181388872,0.7441353181388872
prefix_own_s42_unsafe_write,ab_bolster,2883,0,0,2,True,False,True,0.548817342923442,0.548817342923442
prefix_own_s42_unsafe_write,ab_bolster,2889,0,0,2,True,False,True,0.0,0.0
prefix_own_s42_unsafe_write,ab_bolster,2890,0,0,2,True,False,True,0.0,0.0
prefix_own_s42_unsafe_write,ab_bolster,2891,0,0,2,True,False,True,0.0,0.0
prefix_own_s42_unsafe_write,ab_bolster,2892,0,0,2,True,False,True,0.0,0.0
prefix_own_s42_unsafe_write,ab_bolster,2893,0,0,2,True,False,True,0.0,0.0
prefix_own_s42_unsafe_write,ab_bolster,2894,2,2,2,True,False,True,0.0,0.0
prefix_own_s42_unsafe_write,ab_bolster,2895,0,0,2,True,False,True,0.0,0.6871802274401883
prefix_own_s42_unsafe_write,ab_bolster,2898,0,0,2,True,False,True,0.7524631500856737,0.7524631500856737
prefix_own_s42_unsafe_write,ab_bolster,2899,2,0,2,True,False,True,0.08847799550149613,0.03437102553928879
prefix_own_s42_unsafe_write,ab_bolster,2906,2,3,2,True,False,True,0.0,0.06246370451061172
prefix_own_s42_unsafe_write,ab_bolster,2907,0,0,2,True,False,True,0.0,0.7155839958138308
prefix_own_s42_unsafe_write,ab_bolster,2908,0,0,2,True,False,True,0.7264280639838872,0.7264280639838872
prefix_own_s42_unsafe_write,ab_bolster,2909,2,0,2,True,False,True,0.3217081566953826,0.0
prefix_own_s42_unsafe_write,ab_bolster,2910,0,0,0,False,False,True,0.0,0.5534995368870352
prefix_own_s42_unsafe_write,ab_bolster,2911,0,0,2,True,False,True,0.6491373873910352,0.6491373873910352
prefix_own_s42_unsafe_write,ab_bolster,2920,2,4,2,True,False,True,0.6374142353246804,0.0
prefix_own_s42_unsafe_write,ab_bolster,2921,0,2,0,False,False,True,0.0,0.0
prefix_own_s42_unsafe_write,ab_bolster,2922,0,1,2,True,False,True,0.0,0.0
prefix_own_s42_unsafe_write,ab_bolster,2923,2,0,2,True,False,True,0.0,0.0
prefix_own_s42_unsafe_write,ab_bolster,2924,2,0,2,True,False,True,0.0,0.4335303402777943
prefix_own_s42_unsafe_write,ab_bolster,2928,0,2,0,False,False,True,0.0,0.0
prefix_own_s42_unsafe_write,ab_bolster,2929,0,1,0,False,False,True,0.0,0.0
prefix_own_s42_unsafe_write,ab_bolster,2930,2,0,2,True,False,True,0.0,0.0
prefix_own_s42_unsafe_write,ab_bolster,2935,0,0,0,False,False,True,0.0,0.0
prefix_own_s42_unsafe_write,ab_bolster,2936,0,1,0,False,False,True,0.0,0.0
prefix_own_s42_unsafe_write,ab_bolster,2938,0,0,2,True,False,True,0.0,0.0
prefix_own_s42_unsafe_write,ab_bolster,2947,2,0,2,True,False,True,0.0,0.7671455180495439
prefix_own_s42_unsafe_write,ab_bolster,2973,0,0,2,True,False,True,0.7872877755464405,0.7872877755464405
prefix_own_s42_unsafe_write,ab_bolster,2978,0,0,2,True,False,True,0.14414664061227755,0.14414664061227755
prefix_own_s42_unsafe_write,ab_bolster,2979,0,0,2,True,False,True,0.0,0.0
prefix_own_s42_unsafe_write,ab_bolster,2980,0,0,2,True,False,True,0.0,0.0
prefix_own_s42_unsafe_write,ab_bolster,2981,0,0,2,True,False,True,0.0,0.0
prefix_own_s42_unsafe_write,ab_bolster,2982,0,0,2,True,False,True,0.0,0.0
prefix_own_s42_unsafe_write,ab_bolster,2983,0,0,2,True,False,True,0.0,0.0
prefix_own_s42_unsafe_write,ab_bolster,2984,2,0,2,True,False,True,0.0,0.0
prefix_own_s42_unsafe_write,ab_bolster,2985,0,0,2,True,False,True,0.0,0.0
prefix_own_s42_unsafe_write,ab_bolster,2986,0,0,0,False,False,True,0.0,0.7598584155868046
prefix_own_s42_unsafe_write,ab_bolster,2989,0,0,2,True,False,True,0.6778035340385087,0.6778035340385087
prefix_own_s42_unsafe_write,ab_bolster,3004,0,0,2,True,False,True,0.6841788941426753,0.6841788941426753
prefix_own_s42_unsafe_write,ab_bolster,3005,0,0,2,True,False,True,0.5378611836146673,0.5378611836146673
prefix_own_s42_unsafe_write,ab_bolster,3014,2,0,2,True,False,True,0.7135420080693506,0.00013102058645335425
prefix_own_s42_unsafe_write,ab_bolster,3015,0,0,2,True,False,True,0.0,0.0
prefix_own_s42_unsafe_write,ab_bolster,3016,0,0,2,True,False,True,0.0,0.0
prefix_own_s42_unsafe_write,ab_bolster,3017,0,0,2,True,False,True,0.0,0.0
prefix_own_s42_unsafe_write,ab_bolster,3018,2,0,2,True,False,True,0.0358868095639261,0.2737375908166876
prefix_own_s42_unsafe_write,ab_bolster,3019,0,0,2,True,False,True,0.42229890604179865,0.42229890604179865
prefix_own_s42_unsafe_write,ab_bolster,3040,0,1,2,True,False,True,0.0,0.5055762537375249
prefix_own_s42_unsafe_write,ab_bolster,3044,2,0,2,True,False,True,0.12304609175055184,0.0
prefix_own_s42_unsafe_write,ab_bolster,3045,0,0,2,True,False,True,0.0,0.0
prefix_own_s42_unsafe_write,ab_bolster,3046,0,2,2,True,False,True,0.0,0.0
prefix_own_s42_unsafe_write,ab_bolster,3047,0,1,2,True,False,True,0.0,0.47953640841475603
prefix_own_s42_unsafe_write,ab_bolster,3048,2,0,2,True,False,True,0.6075054800917612,0.6208767470802179
prefix_own_s42_unsafe_write,ab_bolster,3070,0,0,2,True,False,True,0.18021532405211227,0.18021532405211227
prefix_own_s42_unsafe_write,ab_bolster,3072,0,0,2,True,False,True,0.7909689509328025,0.7909689509328025
prefix_own_s42_unsafe_write,ab_bolster,3078,0,0,2,True,False,True,0.3054298557016133,0.3054298557016133
prefix_own_s42_unsafe_write,ab_bolster,3079,0,0,2,True,False,True,0.14264486463951587,0.14264486463951587
prefix_own_s42_unsafe_write,ab_bolster,3088,0,0,2,True,False,True,0.5032100785880158,0.5032100785880158
prefix_own_s42_unsafe_write,ab_bolster,3090,0,0,2,True,False,True,0.38287561241271717,0.38287561241271717
prefix_own_s42_unsafe_write,ab_bolster,3093,2,2,2,True,False,True,0.4503689774296064,0.3185360118981602
prefix_own_s42_unsafe_write,ab_bolster,3099,0,0,2,True,False,True,0.29379323519635936,0.29379323519635936
prefix_own_s42_unsafe_write,ab_bolster,3101,0,0,2,True,False,True,0.5192880844051071,0.5192880844051071
prefix_own_s42_unsafe_write,ab_bolster,3120,0,0,2,True,False,True,0.24014417210797287,0.24014417210797287
prefix_own_s42_unsafe_write,ab_bolster,3121,0,0,2,True,False,True,0.2706833714429512,0.2706833714429512
prefix_own_s42_unsafe_write,ab_bolster,3123,0,0,2,True,False,True,0.07626746152453305,0.07626746152453305
prefix_own_s42_unsafe_write,ab_bolster,3125,0,0,2,True,False,True,0.6259084321891544,0.6259084321891544
prefix_own_s42_unsafe_write,ab_bolster,3126,0,0,2,True,False,True,0.20293205069645304,0.20293205069645304
prefix_own_s42_unsafe_write,ab_bolster,3129,0,0,2,True,False,True,0.1288453406342019,0.1288453406342019
prefix_own_s42_unsafe_write,ab_bolster,3130,0,0,2,True,False,True,0.47029827420142795,0.47029827420142795
prefix_own_s42_unsafe_write,ab_bolster,3131,0,0,2,True,False,True,0.4366362569808134,0.4366362569808134
prefix_own_s42_unsafe_write,ab_bolster,3132,0,0,2,True,False,True,0.2532904791571796,0.2532904791571796
prefix_own_s42_unsafe_write,ab_bolster,3133,2,1,2,True,False,True,0.17706827295496796,0.08691079188861958
prefix_own_s42_unsafe_write,ab_bolster,3134,0,0,2,True,False,True,0.0,0.0
prefix_own_s42_unsafe_write,ab_bolster,3135,0,0,2,True,False,True,0.01531952469862613,0.01531952469862613
prefix_own_s42_unsafe_write,ab_bolster,3136,0,0,2,True,False,True,0.03434015115299399,0.03434015115299399
prefix_own_s42_unsafe_write,ab_bolster,3137,0,0,2,True,False,True,0.0,0.0
prefix_own_s42_unsafe_write,ab_bolster,3138,0,0,2,True,False,True,0.0,0.0
prefix_own_s42_unsafe_write,ab_bolster,3139,0,0,2,True,False,True,0.0,0.0
prefix_own_s42_unsafe_write,ab_bolster,3140,0,0,2,True,False,True,0.005147380980600068,0.005147380980600068
prefix_own_s42_unsafe_write,ab_bolster,3141,0,0,2,True,False,True,0.04769224036874104,0.04769224036874104
prefix_own_s42_unsafe_write,ab_bolster,3142,2,0,2,True,False,True,0.04909666221199489,0.0835082067779177
prefix_own_s42_unsafe_write,ab_bolster,3143,0,0,2,True,False,True,0.041864141333470266,0.041864141333470266
prefix_own_s42_unsafe_write,ab_bolster,3144,2,3,2,True,False,True,0.05862904690322598,0.024704415894163015
prefix_own_s42_unsafe_write,ab_bolster,3145,0,0,2,True,False,True,0.1358643895638336,0.1358643895638336
prefix_own_s42_unsafe_write,ab_bolster,3146,2,1,2,True,False,True,0.16783690554803554,0.09623586646678849
prefix_own_s42_unsafe_write,ab_bolster,3147,0,0,2,True,False,True,0.16303759698648074,0.16303759698648074
prefix_own_s42_unsafe_write,ab_bolster,3148,0,0,2,True,False,True,0.1473035147024799,0.1473035147024799
prefix_own_s42_unsafe_write,ab_bolster,3149,2,0,2,True,False,True,0.2000318411413575,0.12953736826248224
prefix_own_s42_unsafe_write,ab_bolster,3150,0,0,2,True,False,True,0.1339182951505031,0.1339182951505031
prefix_own_s42_unsafe_write,ab_bolster,3151,0,0,2,True,False,True,0.0932332121995021,0.0932332121995021
prefix_own_s42_unsafe_write,ab_bolster,3152,2,0,2,True,False,True,0.11868637502554683,0.12835817899605872
prefix_own_s42_unsafe_write,ab_bolster,3153,0,0,2,True,False,True,0.1470026780788145,0.1470026780788145
prefix_own_s42_unsafe_write,ab_bolster,3154,0,0,2,True,False,True,0.10493612477932615,0.10493612477932615
prefix_own_s42_unsafe_write,ab_bolster,3155,0,0,2,True,False,True,0.0,0.0
prefix_own_s42_unsafe_write,ab_bolster,3156,2,2,2,True,False,True,0.0,0.06889462854740312
prefix_own_s42_unsafe_write,ab_bolster,3157,0,0,2,True,False,True,0.22687583251653456,0.22687583251653456
prefix_own_s42_unsafe_write,ab_bolster,3158,0,0,2,True,False,True,0.14828187116001193,0.14828187116001193
prefix_own_s42_unsafe_write,ab_bolster,3159,0,0,2,True,False,True,0.0,0.0
prefix_own_s42_unsafe_write,ab_bolster,3160,2,0,2,True,False,True,0.06766438062255589,0.2746608240808386
prefix_own_s42_unsafe_write,ab_bolster,3161,0,0,2,True,False,True,0.4990762362865131,0.4990762362865131
prefix_own_s42_unsafe_write,ab_bolster,3162,0,0,2,True,False,True,0.5828872466274503,0.5828872466274503
prefix_own_s42_unsafe_write,ab_bolster,3163,0,0,2,True,False,True,0.6375262642299776,0.6375262642299776
prefix_own_s42_unsafe_write,ab_bolster,3168,0,0,2,True,False,True,0.5127042575470924,0.5127042575470924
prefix_own_s42_unsafe_write,ab_bolster,3169,2,0,2,True,False,True,0.4793776524986645,0.7500590636308205
prefix_own_s42_unsafe_write,ab_bolster,3216,0,0,2,True,False,True,0.2967690515889104,0.2967690515889104
prefix_own_s42_unsafe_write,ab_bolster,3217,0,0,2,True,False,True,0.38580355456729937,0.38580355456729937
prefix_own_s42_unsafe_write,ab_bolster,3218,0,0,2,True,False,True,0.49250716036140185,0.49250716036140185
prefix_own_s42_unsafe_write,ab_bolster,3219,0,0,2,True,False,True,0.5727139915198108,0.5727139915198108
prefix_own_s42_unsafe_write,ab_bolster,3220,0,0,2,True,False,True,0.6832356579938547,0.6832356579938547
prefix_own_s42_unsafe_write,ab_bolster,3221,0,0,2,True,False,True,0.5651841647185987,0.5651841647185987
prefix_own_s42_unsafe_write,ab_bolster,3222,2,2,2,True,False,True,0.45498040527846184,0.1705740662870564
prefix_own_s42_unsafe_write,ab_bolster,3223,0,0,2,True,False,True,0.2770596045649134,0.2770596045649134
prefix_own_s42_unsafe_write,ab_bolster,3224,0,0,2,True,False,True,0.3007253100036317,0.3007253100036317
prefix_own_s42_unsafe_write,ab_bolster,3227,0,0,2,True,False,True,0.8125390455697422,0.8125390455697422
prefix_own_s42_unsafe_write,ab_bolster,3229,2,1,2,True,False,True,0.14165809783540095,0.5218338100723658
prefix_own_s42_unsafe_write,ab_bolster,3230,2,3,2,True,False,True,0.5320535476883907,0.26501195977946296
prefix_own_s42_unsafe_write,ab_bolster,3231,0,0,2,True,False,True,0.38765076216797034,0.38765076216797034
prefix_own_s42_unsafe_write,ab_bolster,3232,0,0,2,True,False,True,0.2993259462547714,0.2993259462547714
prefix_own_s42_unsafe_write,ab_bolster,3233,0,0,2,True,False,True,0.24918893409480758,0.24918893409480758
prefix_own_s42_unsafe_write,ab_bolster,3236,2,0,2,True,False,True,0.4665998091192219,0.33540712256292504
prefix_own_s42_unsafe_write,ab_bolster,3237,0,0,2,True,False,True,0.3518326754996465,0.3518326754996465
prefix_own_s42_unsafe_write,ab_bolster,3238,0,0,2,True,False,True,0.49566305189900517,0.49566305189900517
prefix_own_s42_unsafe_write,ab_bolster,3239,2,0,2,True,False,True,0.5589228255219342,0.3005816330724841
prefix_own_s42_unsafe_write,ab_bolster,3254,2,0,2,True,False,True,0.0879650605764721,0.6754684809631443
prefix_own_s42_unsafe_write,ab_bolster,3256,0,0,2,True,False,True,0.47228332413255714,0.47228332413255714
prefix_own_s42_unsafe_write,ab_bolster,3258,2,0,2,True,False,True,0.44059526493146417,0.5567755906738794
prefix_own_s42_unsafe_write,ab_bolster,3259,2,3,2,True,False,True,0.6419781672415803,0.27662112310908443
prefix_own_s42_unsafe_write,ab_bolster,3260,0,0,2,True,False,True,0.3314346912073507,0.3314346912073507
prefix_own_s42_unsafe_write,ab_bolster,3261,0,0,2,True,False,True,0.2768275628373184,0.2768275628373184
prefix_own_s42_unsafe_write,ab_bolster,3269,2,1,2,True,False,True,0.0,0.0
prefix_own_s42_unsafe_write,ab_bolster,3271,2,0,2,True,False,True,0.0,0.0
prefix_own_s42_unsafe_write,ab_bolster,3272,0,0,2,True,False,True,0.0,0.0
prefix_own_s42_unsafe_write,ab_bolster,3273,2,0,2,True,False,True,0.26113961343158854,0.002865142230064899
prefix_own_s42_unsafe_write,ab_bolster,3274,0,0,2,True,False,True,0.0,0.0
prefix_own_s42_unsafe_write,ab_bolster,3275,0,0,2,True,False,True,0.07535125984884888,0.07535125984884888
prefix_own_s42_unsafe_write,ab_bolster,3276,2,0,2,True,False,True,0.10454945700178549,0.03982901220221718
prefix_own_s42_unsafe_write,ab_bolster,3277,0,0,2,True,False,True,0.8421765131853414,0.8421765131853414
prefix_own_s42_unsafe_write,ab_bolster,3279,0,0,2,True,False,True,0.7016406596041438,0.7016406596041438
prefix_own_s42_unsafe_write,ab_bolster,3280,2,0,2,True,False,True,0.6402528134427419,0.10001698688675116
prefix_own_s42_unsafe_write,ab_bolster,3281,0,0,2,True,False,True,0.6831498535876512,0.6831498535876512
prefix_own_s42_unsafe_write,ab_bolster,3291,2,0,2,True,False,True,0.6388442393070854,0.38225764419085523
prefix_own_s42_unsafe_write,ab_bolster,3292,0,0,2,True,False,True,0.527630907882763,0.527630907882763
prefix_own_s42_unsafe_write,ab_bolster,3293,0,0,2,True,False,True,0.6396359909273791,0.6396359909273791
prefix_own_s42_unsafe_write,ab_bolster,3294,0,0,2,True,False,True,0.7850402296936803,0.7850402296936803
prefix_own_s42_unsafe_write,ab_bolster,3296,2,0,2,True,False,True,0.8335514928343696,0.0
prefix_own_s42_unsafe_write,ab_bolster,3298,0,0,2,True,False,True,0.0,0.0
prefix_own_s42_unsafe_write,ab_bolster,3299,2,0,2,True,False,True,0.0,0.0
prefix_own_s42_unsafe_write,ab_bolster,3300,0,0,2,True,False,True,0.0,0.0
prefix_own_s42_unsafe_write,ab_bolster,3301,2,4,2,True,False,True,0.0,0.03324434167863173
prefix_own_s42_unsafe_write,ab_bolster,3302,2,0,2,True,False,True,0.0766567048471433,0.10494348074521441
prefix_own_s42_unsafe_write,ab_bolster,3303,0,0,2,True,False,True,0.0022334517965568188,0.0022334517965568188
prefix_own_s42_unsafe_write,ab_bolster,3304,0,0,2,True,False,True,0.0,0.0
prefix_own_s42_unsafe_write,ab_bolster,3305,2,0,2,True,False,True,0.009145716211619024,0.15183813214787245
prefix_own_s42_unsafe_write,ab_bolster,3306,0,0,2,True,False,True,0.1517889740016341,0.1517889740016341
prefix_own_s42_unsafe_write,ab_bolster,3311,0,0,2,True,False,True,0.6928540647003083,0.6928540647003083
prefix_own_s42_unsafe_write,ab_bolster,3318,2,0,2,True,False,True,0.4967719488260831,0.020227782674258076
prefix_own_s42_unsafe_write,ab_bolster,3320,0,0,2,True,False,True,0.0,0.0
prefix_own_s42_unsafe_write,ab_bolster,3321,2,0,2,True,False,True,0.0,0.04052591436721062
prefix_own_s42_unsafe_write,ab_bolster,3322,0,0,2,True,False,True,0.46209006038162287,0.46209006038162287
prefix_own_s42_unsafe_write,ab_bolster,3323,0,0,2,True,False,True,0.6695475158559743,0.6695475158559743
prefix_own_s42_unsafe_write,ab_bolster,3331,2,0,2,True,False,True,0.5704352635051819,0.46272851929334974
prefix_own_s42_unsafe_write,ab_bolster,3332,0,0,2,True,False,True,0.43281601103586065,0.43281601103586065
prefix_own_s42_unsafe_write,ab_bolster,3337,2,0,2,True,False,True,0.434002888825325,0.3516531755717747
prefix_own_s42_unsafe_write,ab_bolster,3338,0,0,2,True,False,True,0.30745310798243747,0.30745310798243747
prefix_own_s42_unsafe_write,ab_bolster,3357,0,0,2,True,False,True,0.6479609179598158,0.6479609179598158
prefix_own_s42_unsafe_write,ab_bolster,3360,0,0,2,True,False,True,0.5219858250834698,0.5219858250834698
prefix_own_s42_unsafe_write,ab_bolster,3388,0,1,0,False,False,True,0.25557244048685795,0.41147734308715966
prefix_own_s42_unsafe_write,ab_bolster,3389,0,0,2,True,False,True,0.19654149639537097,0.19654149639537097
prefix_own_s42_unsafe_write,ab_bolster,3391,0,0,2,True,False,True,0.1924817828506441,0.1924817828506441
prefix_own_s42_unsafe_write,ab_bolster,3402,0,0,2,True,False,True,0.6734949920721448,0.6734949920721448
prefix_own_s42_unsafe_write,ab_bolster,3405,0,0,2,True,False,True,0.567472802212599,0.567472802212599
prefix_own_s42_unsafe_write,ab_bolster,3406,0,0,2,True,False,True,0.4773271313553608,0.4773271313553608
prefix_own_s42_unsafe_write,ab_bolster,3408,0,0,2,True,False,True,0.5224216965110877,0.5224216965110877
prefix_own_s42_unsafe_write,ab_bolster,3422,2,1,2,True,False,True,0.27596705711285396,0.3059798832090833
prefix_own_s42_unsafe_write,ab_bolster,3423,0,0,2,True,False,True,0.2796496556256954,0.2796496556256954
prefix_own_s42_unsafe_write,ab_bolster,3425,0,0,2,True,False,True,0.3203378425167104,0.3203378425167104
prefix_own_s42_unsafe_write,ab_bolster,3426,0,0,2,True,False,True,0.3440185285651712,0.3440185285651712
prefix_own_s42_unsafe_write,ab_bolster,3427,0,0,2,True,False,True,0.17632387450442563,0.17632387450442563
prefix_own_s42_unsafe_write,ab_bolster,3428,0,0,2,True,False,True,0.10674902699567751,0.10674902699567751
prefix_own_s42_unsafe_write,ab_bolster,3430,0,0,2,True,False,True,0.12934914046470308,0.12934914046470308
prefix_own_s42_unsafe_write,ab_bolster,3431,0,0,2,True,False,True,0.11383944554530205,0.11383944554530205
prefix_own_s42_unsafe_write,ab_bolster,3450,0,0,2,True,False,True,0.5625202954003955,0.5625202954003955
prefix_own_s42_unsafe_write,ab_bolster,3477,2,0,2,True,False,True,0.5840063349005205,0.6036076824348475
prefix_own_s42_unsafe_write,ab_bolster,3484,0,0,2,True,False,True,0.48188151197884077,0.48188151197884077
prefix_own_s42_unsafe_write,ab_bolster,3486,2,0,2,True,False,True,0.6183334624295906,0.4759157754551436
prefix_own_s42_unsafe_write,ab_bolster,3497,2,1,2,True,False,True,0.8590499286861218,0.5652447497461592
prefix_own_s42_unsafe_write,ab_bolster,3498,0,0,2,True,False,True,0.7177239524655525,0.7177239524655525
prefix_own_s42_unsafe_write,ab_bolster,3537,0,0,2,True,False,True,0.4909690737304999,0.4909690737304999
prefix_own_s42_unsafe_write,ab_bolster,3553,2,0,2,True,False,True,0.731564552581125,0.3135391123393623
prefix_own_s42_unsafe_write,ab_bolster,3554,0,0,2,True,False,True,0.6982904885591124,0.6982904885591124
prefix_own_s42_unsafe_write,ab_bolster,3572,0,0,2,True,False,True,0.42826457810509433,0.42826457810509433
prefix_own_s42_unsafe_write,ab_bolster,3573,0,0,2,True,False,True,0.6187430034006252,0.6187430034006252
prefix_own_s42_unsafe_write,ab_bolster,3576,0,0,2,True,False,True,0.43745047021034683,0.43745047021034683
prefix_own_s42_unsafe_write,ab_bolster,3578,2,0,2,True,False,True,0.5007977459122147,0.7864386158206025
prefix_own_s42_unsafe_write,ab_bolster,3656,0,0,2,True,False,True,0.5731362308346493,0.5731362308346493
prefix_own_s42_unsafe_write,ab_bolster,3664,0,0,2,True,False,True,0.3214303411288915,0.3214303411288915
prefix_own_s42_unsafe_write,ab_bolster,3777,0,0,2,True,False,True,0.5211980116667345,0.5211980116667345
prefix_own_s42_unsafe_write,ab_bolster,3778,0,0,2,True,False,True,0.5749856424198915,0.5749856424198915
prefix_own_s42_unsafe_write,ab_bolster,3785,0,0,2,True,False,True,0.41876147912937023,0.41876147912937023
prefix_own_s42_unsafe_write,ab_bolster,3786,0,0,2,True,False,True,0.3683943397345531,0.3683943397345531
prefix_own_s42_unsafe_write,ab_bolster,3789,0,0,2,True,False,True,0.45475102152611374,0.45475102152611374
prefix_own_s42_unsafe_write,ab_bolster,3824,0,0,2,True,False,True,0.7203532131189337,0.7203532131189337
prefix_own_s42_unsafe_write,ab_bolster,3842,0,0,2,True,False,True,0.29997464770690985,0.29997464770690985
prefix_own_s42_unsafe_write,ab_bolster,3888,0,0,2,True,False,True,0.7048626231462177,0.7048626231462177
prefix_own_s42_unsafe_write,ab_bolster,3890,0,0,2,True,False,True,0.5108769637504916,0.5108769637504916
prefix_own_s42_unsafe_write,ab_bolster,3898,2,1,2,True,False,True,0.215843445112456,0.13594608270600547
prefix_own_s42_unsafe_write,ab_bolster,3899,0,0,2,True,False,True,0.5334365666139581,0.5334365666139581
prefix_own_s42_unsafe_write,ab_bolster,3907,0,0,2,True,False,True,0.6289392535751104,0.6289392535751104
prefix_own_s42_unsafe_write,ab_bolster,3908,0,0,2,True,False,True,0.5034412135272328,0.5034412135272328
prefix_own_s42_unsafe_write,ab_bolster,3931,0,0,2,True,False,True,0.7167501803803263,0.7167501803803263
prefix_own_s42_unsafe_write,ab_bolster,3934,0,0,2,True,False,True,0.3256824353779528,0.3256824353779528
prefix_own_s42_unsafe_write,ab_bolster,3935,0,0,2,True,False,True,0.3076496468399519,0.3076496468399519
prefix_own_s42_unsafe_write,ab_bolster,3936,0,0,2,True,False,True,0.42773575190374946,0.42773575190374946
prefix_own_s42_unsafe_write,ab_bolster,3960,0,0,2,True,False,True,0.749582020252966,0.749582020252966
prefix_own_s42_unsafe_write,ab_bolster,3969,0,1,2,True,False,True,0.7236936048430908,0.0
prefix_own_s42_unsafe_write,ab_bolster,3971,0,1,0,False,False,True,0.09689128531890638,0.0
prefix_own_s42_unsafe_write,ab_bolster,3973,0,0,2,True,False,True,0.0,0.0
prefix_own_s42_unsafe_write,ab_bolster,3974,0,1,0,False,False,True,0.06235751303188168,0.32477681169754063
prefix_own_s42_unsafe_write,ab_bolster,3980,0,0,2,True,False,True,0.5392515008371908,0.5392515008371908
prefix_own_s42_unsafe_write,ab_bolster,3982,0,0,2,True,False,True,0.6369090367632307,0.6369090367632307
prefix_own_s42_unsafe_write,ab_bolster,3985,0,3,2,True,False,True,0.3430429966667562,0.0
prefix_own_s42_unsafe_write,ab_bolster,3994,0,0,2,True,False,True,0.6412604613213383,0.6412604613213383
prefix_own_s42_unsafe_write,ab_bolster,4000,0,0,2,True,False,True,0.8359001736400079,0.8359001736400079
prefix_own_s42_unsafe_write,ab_bolster,4002,0,2,2,True,False,True,0.7458755732714444,0.0
prefix_own_s42_unsafe_write,ab_bolster,4006,0,0,2,True,False,True,0.0,0.0
prefix_own_s42_unsafe_write,ab_bolster,4007,0,0,2,True,False,True,0.0,0.0
prefix_own_s42_unsafe_write,ab_bolster,4019,0,0,2,True,False,True,0.5967647295916968,0.5967647295916968
prefix_own_s42_unsafe_write,ab_bolster,4020,0,0,2,True,False,True,0.8688838745763114,0.8688838745763114
prefix_own_s42_unsafe_write,ab_bolster,4022,0,0,2,True,False,True,0.7652785081139191,0.7652785081139191
prefix_own_s42_unsafe_write,ab_bolster,4024,2,4,2,True,False,True,0.28307847590834323,0.08128073845310206
prefix_own_s42_unsafe_write,ab_bolster,4025,0,1,2,True,False,True,0.34834114191974686,0.0
prefix_own_s42_unsafe_write,ab_bolster,4026,0,0,2,True,False,True,0.0,0.0
prefix_own_s42_unsafe_write,ab_bolster,4040,0,0,2,True,False,True,0.6564946958764527,0.6564946958764527
prefix_own_s42_unsafe_write,ab_bolster,4041,0,0,2,True,False,True,0.6293042360242649,0.6293042360242649
prefix_own_s42_unsafe_write,ab_bolster,4048,0,1,2,True,False,True,0.5224221742278453,0.0
prefix_own_s42_unsafe_write,ab_bolster,4061,0,0,2,True,False,True,0.5851447593389252,0.5851447593389252
prefix_own_s42_unsafe_write,ab_bolster,4062,0,0,2,True,False,True,0.6843424383080847,0.6843424383080847
prefix_own_s42_unsafe_write,ab_bolster,4081,2,1,2,True,False,True,0.6113943473512025,0.2831709089278542
prefix_own_s42_unsafe_write,ab_bolster,4082,0,0,2,True,False,True,0.4920004262685321,0.4920004262685321
prefix_own_s42_unsafe_write,ab_bolster,4102,0,0,2,True,False,True,0.6256870134570172,0.6256870134570172
prefix_own_s42_unsafe_write,ab_bolster,4107,0,0,2,True,False,True,0.6595845655882099,0.6595845655882099
prefix_own_s42_unsafe_write,ab_bolster,4108,0,0,2,True,False,True,0.6409378661216396,0.6409378661216396
prefix_own_s42_unsafe_write,ab_bolster,4109,0,0,2,True,False,True,0.36977006774141896,0.36977006774141896
prefix_own_s42_unsafe_write,ab_bolster,4116,0,0,2,True,False,True,0.31974568775339574,0.31974568775339574
prefix_own_s42_unsafe_write,ab_bolster,4167,2,1,2,True,False,True,0.7293036190530439,0.3151339462157574
prefix_own_s42_unsafe_write,ab_bolster,4170,2,0,2,True,False,True,0.5653526409825793,0.32105190679383155
prefix_own_s42_unsafe_write,ab_bolster,4177,0,0,2,True,False,True,0.4574042956915414,0.4574042956915414
prefix_own_s42_unsafe_write,ab_bolster,4179,0,0,2,True,False,True,0.47090412230660195,0.47090412230660195
prefix_own_s42_unsafe_write,ab_bolster,4180,0,0,2,True,False,True,0.6380429929296245,0.6380429929296245
prefix_own_s42_unsafe_write,ab_bolster,4187,2,3,2,True,False,True,0.25095454240413634,0.14621225519282638
prefix_own_s42_unsafe_write,ab_bolster,4188,0,0,2,True,False,True,0.3864907502756266,0.3864907502756266
prefix_own_s42_unsafe_write,ab_bolster,4189,0,0,2,True,False,True,0.25555182854358804,0.25555182854358804
prefix_own_s42_unsafe_write,ab_bolster,4190,2,1,2,True,False,True,0.3967300833988306,0.18236348446783024
prefix_own_s42_unsafe_write,ab_bolster,4191,0,0,2,True,False,True,0.4682651237101707,0.4682651237101707
prefix_own_s42_unsafe_write,ab_bolster,4200,0,1,0,False,False,True,0.41500975039000176,0.0
prefix_own_s42_unsafe_write,ab_bolster,4206,0,0,2,True,False,True,0.0,0.0
prefix_own_s42_unsafe_write,ab_bolster,4207,0,0,2,True,False,True,0.0,0.0
prefix_own_s42_unsafe_write,ab_bolster,4208,0,0,2,True,False,True,0.0,0.0
prefix_own_s42_unsafe_write,ab_bolster,4209,0,0,2,True,False,True,0.0,0.0
prefix_own_s42_unsafe_write,ab_bolster,4210,2,0,2,True,False,True,0.0,0.4171390202898579
prefix_own_s42_unsafe_write,ab_bolster,4212,0,0,2,True,False,True,0.5791249862017448,0.5791249862017448
prefix_own_s42_unsafe_write,ab_bolster,4216,0,0,2,True,False,True,0.6511898966990673,0.6511898966990673
prefix_own_s42_unsafe_write,ab_bolster,4223,0,1,0,False,False,True,0.03842169174932557,0.0
prefix_own_s42_unsafe_write,ab_bolster,4224,0,1,0,False,False,True,0.0,0.0
prefix_own_s42_unsafe_write,ab_bolster,4225,0,1,2,True,False,True,0.0,0.0
prefix_own_s42_unsafe_write,ab_bolster,4226,0,0,2,True,False,True,0.0,0.0
prefix_own_s42_unsafe_write,ab_bolster,4228,0,0,2,True,False,True,0.0,0.0
prefix_own_s42_unsafe_write,ab_bolster,4229,0,0,2,True,False,True,0.0,0.0
prefix_own_s42_unsafe_write,ab_bolster,4230,0,0,2,True,False,True,0.0,0.0
prefix_own_s42_unsafe_write,ab_bolster,4231,0,0,2,True,False,True,0.0,0.0
prefix_own_s42_unsafe_write,ab_bolster,4232,2,0,2,True,False,True,0.0,0.7180439711416369
prefix_own_s42_unsafe_write,ab_bolster,4248,0,0,2,True,False,True,0.7066823359542357,0.7066823359542357
prefix_own_s42_unsafe_write,ab_bolster,4249,0,0,2,True,False,True,0.6495961726432399,0.6495961726432399
prefix_own_s42_unsafe_write,ab_bolster,4264,0,0,2,True,False,True,0.43582003609544523,0.43582003609544523
prefix_own_s42_unsafe_write,ab_bolster,4281,0,0,2,True,False,True,0.3140544209162279,0.3140544209162279
prefix_own_s42_unsafe_write,ab_bolster,4283,0,0,2,True,False,True,0.1716909812432243,0.1716909812432243
prefix_own_s42_unsafe_write,ab_bolster,4288,0,0,2,True,False,True,0.0,0.0
prefix_own_s42_unsafe_write,ab_bolster,4318,0,0,2,True,False,True,0.8284617954173799,0.8284617954173799
prefix_own_s42_unsafe_write,ab_bolster,4319,0,1,2,True,False,True,0.5349171982347667,0.0
prefix_own_s42_unsafe_write,ab_bolster,4343,2,3,2,True,False,True,0.08158700435393056,0.357981005423723
prefix_own_s42_unsafe_write,ab_bolster,4345,0,0,2,True,False,True,0.37928518985017357,0.37928518985017357
prefix_own_s42_unsafe_write,ab_bolster,4377,0,1,0,False,False,True,0.3920870014198091,0.08866080705167725
prefix_own_s42_unsafe_write,ab_bolster,4379,0,0,2,True,False,True,0.19693054838382687,0.19693054838382687
prefix_own_s42_unsafe_write,ab_bolster,4398,0,1,0,False,False,True,0.5456347555245246,0.0598039894723816
prefix_own_s42_unsafe_write,ab_bolster,4401,0,0,2,True,False,True,0.5877027336832165,0.5877027336832165
prefix_own_s42_unsafe_write,ab_bolster,4402,0,0,2,True,False,True,0.5631812597408141,0.5631812597408141
prefix_own_s42_unsafe_write,ab_bolster,4498,0,0,2,True,False,True,0.7810820115800855,0.7810820115800855
prefix_own_s42_unsafe_write,ab_bolster,4547,0,0,2,True,False,True,0.4452055547538027,0.4452055547538027
prefix_own_s42_unsafe_write,ab_bolster,4562,0,1,2,True,False,True,0.3075417953521267,0.2508315695619289
prefix_own_s42_unsafe_write,ab_bolster,4563,0,0,2,True,False,True,0.2633138584940652,0.2633138584940652
prefix_own_s42_unsafe_write,ab_bolster,4564,0,0,2,True,False,True,0.29168394353519783,0.29168394353519783
prefix_own_s42_unsafe_write,ab_bolster,4570,0,0,2,True,False,True,0.05285139781631753,0.05285139781631753
prefix_own_s42_unsafe_write,ab_bolster,4571,2,0,2,True,False,True,0.0,0.4443824626358438
prefix_own_s42_unsafe_write,ab_bolster,4572,0,0,2,True,False,True,0.5897228252048976,0.5897228252048976
prefix_own_s42_unsafe_write,ab_bolster,4630,0,0,2,True,False,True,0.42915455139667874,0.42915455139667874
prefix_own_s42_unsafe_write,ab_bolster,4631,0,1,0,False,False,True,0.5736454414559048,0.0
prefix_own_s42_unsafe_write,ab_bolster,4642,0,0,0,False,False,True,0.04633990858558778,0.871986042075274
prefix_own_s42_unsafe_write,ab_bolster,4761,0,0,2,True,False,True,0.2248109159108579,0.2248109159108579
prefix_own_s42_unsafe_write,ab_bolster,4763,0,0,2,True,False,True,0.7989283059967751,0.7989283059967751
prefix_own_s42_unsafe_write,ab_bolster,4764,0,0,2,True,False,True,0.8204870047776665,0.8204870047776665
prefix_own_s42_unsafe_write,ab_bolster,4765,0,0,2,True,False,True,0.8009842062803244,0.8009842062803244
prefix_own_s42_unsafe_write,ab_bolster,4767,0,0,2,True,False,True,0.7696736525974368,0.7696736525974368
prefix_own_s42_unsafe_write,ab_bolster,4818,0,0,2,True,False,True,0.5204966562487134,0.5204966562487134
prefix_own_s42_unsafe_write,ab_bolster,4824,0,0,2,True,False,True,0.6125641497175396,0.6125641497175396
prefix_own_s42_unsafe_write,ab_bolster,4836,0,0,0,False,False,True,0.2643919402420669,0.5250297430390329
prefix_own_s42_unsafe_write,ab_bolster,4840,0,1,0,False,False,True,0.34018031869757237,0.261655238272491
prefix_own_s42_unsafe_write,ab_bolster,4845,0,1,2,True,False,True,0.8522772818905094,0.0
prefix_own_s42_unsafe_write,ab_bolster,4849,0,3,0,False,False,True,0.0,0.0
prefix_own_s42_unsafe_write,ab_bolster,4850,2,3,2,True,False,True,0.0,0.19610178755554386
prefix_own_s42_unsafe_write,ab_bolster,4887,0,0,2,True,False,True,0.6495504898084968,0.6495504898084968
prefix_own_s42_unsafe_write,ab_bolster,4888,0,0,2,True,False,True,0.5146044571545124,0.5146044571545124
prefix_own_s42_unsafe_write,ab_bolster,4889,0,0,2,True,False,True,0.41383620517400854,0.41383620517400854
prefix_own_s42_unsafe_write,ab_bolster,4899,0,0,2,True,False,True,0.553586745882096,0.553586745882096
prefix_own_s42_unsafe_write,ab_bolster,4908,0,0,2,True,False,True,0.4949998652924185,0.4949998652924185
prefix_own_s42_unsafe_write,ab_bolster,4923,0,0,0,False,False,True,0.652273591105323,0.1628382887216178
prefix_own_s42_unsafe_write,ab_bolster,4926,0,0,2,True,False,True,0.8629535535414955,0.8629535535414955
prefix_own_s42_unsafe_write,ab_bolster,4931,0,0,2,True,False,True,0.5344721480653655,0.5344721480653655
prefix_own_s42_unsafe_write,ab_bolster,4932,0,0,2,True,False,True,0.4628367920180324,0.4628367920180324
prefix_own_s42_unsafe_write,ab_bolster,4959,0,0,2,True,False,True,0.4308400114941688,0.4308400114941688
prefix_own_s42_unsafe_write,ab_bolster,5019,0,0,2,True,False,True,0.388740568402269,0.388740568402269
prefix_own_s42_unsafe_write,ab_bolster,5020,0,0,2,True,False,True,0.5004758077247184,0.5004758077247184
prefix_own_s42_unsafe_write,ab_bolster,5021,2,0,2,True,False,True,0.46438956944009874,0.0
prefix_own_s42_unsafe_write,ab_bolster,5022,0,0,2,True,False,True,0.0,0.7434344881249328
prefix_own_s42_unsafe_write,ab_bolster,5023,0,0,2,True,False,True,0.42584701307428646,0.42584701307428646
prefix_own_s42_unsafe_write,ab_bolster,5024,0,0,2,True,False,True,0.3518748531618961,0.3518748531618961
prefix_own_s42_unsafe_write,ab_bolster,5031,2,1,2,True,False,True,0.832043049837946,0.21743762190864588
prefix_own_s42_unsafe_write,ab_bolster,5116,0,0,2,True,False,True,0.7773785596529345,0.7773785596529345
prefix_own_s42_unsafe_write,ab_bolster,5117,0,0,2,True,False,True,0.7890280251660794,0.7890280251660794
prefix_own_s42_unsafe_write,ab_bolster,5152,0,0,2,True,False,True,0.3694242616457147,0.3694242616457147
prefix_own_s42_unsafe_write,ab_bolster,5153,0,0,2,True,False,True,0.189274467743353,0.189274467743353
prefix_own_s42_unsafe_write,ab_bolster,5154,0,1,2,True,False,False,,
prefix_own_s42_unsafe_write,ab_bolster,5155,0,0,2,True,False,False,,
prefix_own_s42_unsafe_write,ab_bolster,5156,0,0,2,True,False,False,,
prefix_own_s42_unsafe_write,ab_bolster,5157,0,0,2,True,False,False,,
prefix_own_s42_unsafe_write,ab_bolster,5158,0,0,2,True,False,False,,
prefix_own_s42_unsafe_write,ab_bolster,5164,0,1,0,False,False,True,0.0,0.0
prefix_own_s42_unsafe_write,ab_bolster,5166,0,1,2,True,False,True,0.3672550147523143,0.0
prefix_own_s42_unsafe_write,ab_bolster,5167,0,0,2,True,False,True,0.0,0.7876869031753754
prefix_own_s42_unsafe_write,ab_bolster,5173,0,1,0,False,False,True,0.7706315009927549,0.12668792953214317
prefix_own_s42_unsafe_write,ab_bolster,5174,0,1,2,True,False,True,0.43725686650912904,0.0
prefix_own_s42_unsafe_write,ab_bolster,5175,0,0,2,True,False,True,0.0,0.0
prefix_own_s42_unsafe_write,ab_bolster,5177,0,0,2,True,False,True,0.0,0.0
prefix_own_s42_unsafe_write,ab_bolster,5178,0,0,2,True,False,True,0.0,0.0
prefix_own_s42_unsafe_write,ab_bolster,5179,0,0,2,True,False,True,0.0,0.0
prefix_own_s42_unsafe_write,ab_bolster,5181,0,0,2,True,False,True,0.10287513735975955,0.10287513735975955
prefix_own_s42_unsafe_write,ab_bolster,5182,0,0,2,True,False,True,0.05837374458429727,0.05837374458429727
prefix_own_s42_unsafe_write,ab_bolster,5183,0,0,2,True,False,True,0.04951654701604217,0.04951654701604217
prefix_own_s42_unsafe_write,ab_bolster,5184,0,0,2,True,False,True,0.23023653638027552,0.23023653638027552
prefix_own_s42_unsafe_write,ab_bolster,5185,0,0,2,True,False,True,0.13170192336557232,0.13170192336557232
prefix_own_s42_unsafe_write,ab_bolster,5186,0,0,2,True,False,True,0.09255948981364352,0.09255948981364352
prefix_own_s42_unsafe_write,ab_bolster,5187,0,0,2,True,False,True,0.0704196874800232,0.0704196874800232
prefix_own_s42_unsafe_write,ab_bolster,5188,0,0,2,True,False,True,0.14114893254877484,0.14114893254877484
prefix_own_s42_unsafe_write,ab_bolster,5192,0,0,2,True,False,True,0.21175218051104314,0.21175218051104314
prefix_own_s42_unsafe_write,ab_bolster,5193,0,0,2,True,False,True,0.120721518234317,0.120721518234317
prefix_own_s42_unsafe_write,ab_bolster,5194,0,0,2,True,False,True,0.13740830603976295,0.13740830603976295
prefix_own_s42_unsafe_write,ab_bolster,5195,0,0,2,True,False,True,0.133781935709446,0.133781935709446
prefix_own_s42_unsafe_write,ab_bolster,5196,0,0,2,True,False,True,0.04016432825753884,0.04016432825753884
prefix_own_s42_unsafe_write,ab_bolster,5197,0,0,2,True,False,True,0.1602915276864374,0.1602915276864374
prefix_own_s42_unsafe_write,ab_bolster,5198,0,0,2,True,False,True,0.04719948674917761,0.04719948674917761
prefix_own_s42_unsafe_write,ab_bolster,5199,0,0,2,True,False,True,0.1305503798582527,0.1305503798582527
prefix_own_s42_unsafe_write,ab_bolster,5200,0,0,2,True,False,True,0.21894374498832822,0.21894374498832822
prefix_own_s42_unsafe_write,ab_bolster,5202,0,0,2,True,False,True,0.21146336666610663,0.21146336666610663
prefix_own_s42_unsafe_write,ab_bolster,5204,0,0,2,True,False,True,0.1331684691703309,0.1331684691703309
prefix_own_s42_unsafe_write,ab_bolster,5205,0,0,2,True,False,True,0.22264145486246142,0.22264145486246142
prefix_own_s42_unsafe_write,ab_bolster,5206,2,1,2,True,False,True,0.39118463748724114,0.09290537004907952
prefix_own_s42_unsafe_write,ab_bolster,5207,0,0,2,True,False,True,0.23314592499055906,0.23314592499055906
prefix_own_s42_unsafe_write,ab_bolster,5208,0,0,2,True,False,True,0.49916392013978866,0.49916392013978866
prefix_own_s42_unsafe_write,ab_bolster,5209,0,0,2,True,False,True,0.6795335069227285,0.6795335069227285
prefix_own_s42_unsafe_write,ab_bolster,5213,0,0,2,True,False,True,0.2745844744935138,0.2745844744935138
prefix_own_s42_unsafe_write,ab_bolster,5214,0,0,2,True,False,True,0.3082269956948373,0.3082269956948373
prefix_own_s42_unsafe_write,ab_bolster,5216,0,0,2,True,False,True,0.20233169257783218,0.20233169257783218
prefix_own_s42_unsafe_write,ab_bolster,5217,0,0,2,True,False,True,0.1886834907931944,0.1886834907931944
prefix_own_s42_unsafe_write,ab_bolster,5218,0,0,2,True,False,True,0.1507122572169235,0.1507122572169235
prefix_own_s42_unsafe_write,ab_bolster,5219,0,0,2,True,False,True,0.22404718789992276,0.22404718789992276
prefix_own_s42_unsafe_write,ab_bolster,5220,0,0,2,True,False,True,0.22778447519376904,0.22778447519376904
prefix_own_s42_unsafe_write,ab_bolster,5221,0,0,2,True,False,True,0.17424433882658288,0.17424433882658288
prefix_own_s42_unsafe_write,ab_bolster,5222,0,0,2,True,False,True,0.21905975721541202,0.21905975721541202
prefix_own_s42_unsafe_write,ab_bolster,5224,0,0,2,True,False,True,0.1867194121349453,0.1867194121349453
prefix_own_s42_unsafe_write,ab_bolster,5225,0,0,2,True,False,True,0.15433336972379877,0.15433336972379877
prefix_own_s42_unsafe_write,ab_bolster,5226,0,0,2,True,False,True,0.25562374460050474,0.25562374460050474
prefix_own_s42_unsafe_write,ab_bolster,5227,0,0,2,True,False,True,0.29250382328004637,0.29250382328004637
prefix_own_s42_unsafe_write,ab_bolster,5229,0,0,2,True,False,True,0.5429802219213612,0.5429802219213612
prefix_own_s42_unsafe_write,ab_bolster,6059,0,0,2,True,False,True,0.16584926348549048,0.0
prefix_own_s42_unsafe_write,ab_bolster,6060,0,0,2,True,False,True,0.0,0.0
prefix_own_s42_unsafe_write,ab_bolster,6065,0,1,0,False,False,True,0.0,0.2729969182798199
prefix_own_s42_unsafe_write,ab_bolster,6177,0,0,2,True,False,True,0.6800444225001324,0.6800444225001324
prefix_own_s42_unsafe_write,ab_bolster,6231,0,0,2,True,False,True,0.8098678583138854,0.8098678583138854
prefix_own_s42_unsafe_write,ab_bolster,6232,0,0,2,True,False,True,0.832223775564749,0.832223775564749
prefix_own_s42_unsafe_write,ab_bolster,6233,0,1,2,True,False,True,0.4834361391489801,0.0
prefix_own_s42_unsafe_write,ab_bolster,6234,0,0,1,True,False,True,0.0,0.0
prefix_own_s42_unsafe_write,ab_bolster,6236,2,1,2,True,False,True,0.0,0.012649369453914119
prefix_own_s42_unsafe_write,ab_bolster,6237,2,1,2,True,False,True,0.0048071677309957555,0.19379627034845462
prefix_own_s42_unsafe_write,ab_bolster,6238,0,0,2,True,False,True,0.04026022876597396,0.04026022876597396
prefix_own_s42_unsafe_write,ab_bolster,6239,0,0,2,True,False,True,0.0,0.0
prefix_own_s42_unsafe_write,ab_bolster,6240,0,0,2,True,False,True,0.015342588080653504,0.015342588080653504
prefix_own_s42_unsafe_write,ab_bolster,6241,0,0,2,True,False,True,0.0004880489930905429,0.0004880489930905429
prefix_own_s42_unsafe_write,ab_bolster,6242,0,0,2,True,False,True,0.0,0.0
prefix_own_s42_unsafe_write,ab_bolster,6243,0,0,0,False,False,True,0.0,0.6016515273176402
prefix_own_s42_unsafe_write,ab_bolster,6246,0,0,2,True,False,True,0.6357027551664721,0.6357027551664721
prefix_own_s42_unsafe_write,ab_bolster,6247,0,0,2,True,False,True,0.7463592905753579,0.7463592905753579
prefix_own_s42_unsafe_write,ab_bolster,6248,0,1,0,False,False,True,0.7231227267313347,0.05637391432292826
prefix_own_s42_unsafe_write,ab_bolster,6250,0,1,0,False,False,True,0.44170825259124913,0.0
prefix_own_s42_unsafe_write,ab_bolster,6251,0,1,2,True,False,True,0.0,0.2653166227261181
prefix_own_s42_unsafe_write,ab_bolster,6252,0,1,0,False,False,True,0.45956476232044136,0.15822171297449927
prefix_own_s42_unsafe_write,ab_bolster,6253,0,0,2,True,False,True,0.7360154195840447,0.7360154195840447
prefix_own_s42_unsafe_write,ab_bolster,6323,0,0,2,True,False,True,0.36960315788434467,0.36960315788434467
prefix_own_s42_unsafe_write,ab_bolster,6325,0,0,2,True,False,True,0.4542241794456864,0.4542241794456864
prefix_own_s42_unsafe_write,ab_bolster,6328,0,0,2,True,False,True,0.33897711506533534,0.33897711506533534
prefix_own_s42_unsafe_write,ab_bolster,6329,0,0,2,True,False,True,0.22026874752137685,0.22026874752137685
prefix_own_s42_unsafe_write,ab_bolster,6331,0,2,2,True,False,True,0.5093728072632531,0.0
prefix_own_s42_unsafe_write,ab_bolster,6332,0,0,2,True,False,True,0.0,0.0
prefix_own_s42_unsafe_write,ab_bolster,6334,0,1,2,True,False,True,0.0,0.18135992355804342
prefix_own_s42_unsafe_write,ab_bolster,6336,2,2,2,True,False,True,0.02335790178815935,0.04119630439672276
prefix_own_s42_unsafe_write,ab_bolster,6337,0,0,2,True,False,True,0.0,0.0
prefix_own_s42_unsafe_write,ab_bolster,6339,0,0,2,True,False,True,0.755182077236526,0.755182077236526
prefix_own_s42_unsafe_write,ab_bolster,6343,0,1,2,True,False,True,0.3081133999628833,0.05000531071880711
prefix_own_s42_unsafe_write,ab_bolster,6344,0,0,2,True,False,True,0.022166755806724614,0.022166755806724614
prefix_own_s42_unsafe_write,ab_bolster,6345,0,0,2,True,False,True,0.041687080332312026,0.041687080332312026
prefix_own_s42_unsafe_write,ab_bolster,6346,0,0,2,True,False,True,0.08132379970053931,0.08132379970053931
prefix_own_s42_unsafe_write,ab_bolster,6347,0,0,2,True,False,True,0.08552608929717534,0.08552608929717534
prefix_own_s42_unsafe_write,ab_bolster,6349,0,0,2,True,False,True,0.1324860851981295,0.1324860851981295
prefix_own_s42_unsafe_write,ab_bolster,6350,0,0,2,True,False,True,0.5633972781751365,0.5633972781751365
prefix_own_s42_unsafe_write,ab_bolster,6352,0,1,2,True,False,True,0.6141445937431403,0.0
prefix_own_s42_unsafe_write,ab_bolster,6357,0,0,2,True,False,True,0.0,0.0
prefix_own_s42_unsafe_write,ab_bolster,6358,2,0,2,True,False,True,0.0,0.593258994215907
prefix_own_s42_unsafe_write,ab_bolster,6360,0,0,2,True,False,True,0.7410739399762635,0.7410739399762635
prefix_own_s42_unsafe_write,ab_bolster,6368,0,0,2,True,False,True,0.7254994623964129,0.7254994623964129
prefix_own_s42_unsafe_write,ab_bolster,6373,0,0,2,True,False,True,0.7713570986252257,0.7713570986252257
prefix_own_s42_unsafe_write,ab_bolster,6374,0,1,0,False,False,True,0.6499769818501859,0.0
prefix_own_s42_unsafe_write,ab_bolster,6375,0,0,2,True,False,True,0.1704496631428299,0.1704496631428299
prefix_own_s42_unsafe_write,ab_bolster,6376,0,0,2,True,False,True,0.15123097560602047,0.15123097560602047
prefix_own_s42_unsafe_write,ab_bolster,6377,0,0,2,True,False,True,0.2490898508316188,0.2490898508316188
prefix_own_s42_unsafe_write,ab_bolster,6378,0,0,2,True,False,True,0.6527361998303453,0.6527361998303453
prefix_own_s42_unsafe_write,ab_bolster,6379,0,0,2,True,False,True,0.7378797553861327,0.7378797553861327
prefix_own_s42_unsafe_write,ab_bolster,6485,0,1,0,False,False,True,0.6648393021997987,0.09530031271517286
prefix_own_s42_unsafe_write,ab_bolster,6699,2,1,2,True,False,True,0.3057589509008254,0.35869428850082885
prefix_own_s42_unsafe_write,ab_bolster,6739,0,0,2,True,False,True,0.25214555073310085,0.25214555073310085
prefix_own_s42_unsafe_write,ab_bolster,6740,0,0,2,True,False,True,0.6720692539876073,0.6720692539876073
prefix_own_s42_unsafe_write,ab_bolster,6883,0,0,2,True,False,True,0.08471252927372595,0.08471252927372595
prefix_own_s42_unsafe_write,ab_bolster,7007,0,0,2,True,False,True,0.20362199447713997,0.20362199447713997
prefix_own_s42_unsafe_write,ab_bolster,7008,0,0,2,True,False,True,0.33864610217319413,0.33864610217319413
prefix_own_s42_unsafe_write,ab_bolster,7009,0,0,2,True,False,True,0.3641515665920823,0.3641515665920823
prefix_own_s42_unsafe_write,ab_bolster,7010,0,0,2,True,False,True,0.13349787971953658,0.13349787971953658
prefix_own_s42_unsafe_write,ab_bolster,7011,0,0,2,True,False,True,0.3423004627697289,0.3423004627697289
prefix_own_s42_unsafe_write,ab_bolster,7012,0,0,2,True,False,True,0.11336306068953418,0.11336306068953418
prefix_own_s42_unsafe_write,ab_bolster,7014,0,0,2,True,False,True,0.08224377910242918,0.08224377910242918
prefix_own_s42_unsafe_write,ab_bolster,7015,0,0,2,True,False,True,0.42818715357921466,0.42818715357921466
prefix_own_s42_unsafe_write,ab_bolster,7016,0,0,2,True,False,True,0.2942572771481463,0.2942572771481463
prefix_own_s42_unsafe_write,ab_bolster,7022,0,0,2,True,False,True,0.199380562285419,0.199380562285419
prefix_own_s42_unsafe_write,ab_bolster,7023,0,0,2,True,False,True,0.13643175462575935,0.13643175462575935
prefix_own_s42_unsafe_write,ab_bolster,7024,0,0,2,True,False,True,0.20057237437640563,0.20057237437640563
prefix_own_s42_unsafe_write,ab_bolster,7025,0,0,2,True,False,True,0.35137818219920797,0.35137818219920797
prefix_own_s42_unsafe_write,ab_bolster,7026,0,0,2,True,False,True,0.43934761291072133,0.43934761291072133
prefix_own_s42_unsafe_write,ab_bolster,7078,0,0,2,True,False,True,0.6596786763347273,0.6596786763347273
prefix_own_s42_unsafe_write,ab_bolster,7079,0,0,2,True,False,True,0.8686861853365307,0.8686861853365307
prefix_own_s42_unsafe_write,ab_bolster,7128,0,0,2,True,False,True,0.5808339239489195,0.5808339239489195
prefix_own_s42_unsafe_write,ab_bolster,7129,0,0,2,True,False,True,0.5764729767701682,0.5764729767701682
prefix_own_s42_unsafe_write,ab_bolster,7173,0,0,2,True,False,True,0.7534994974582694,0.7534994974582694
prefix_own_s42_unsafe_write,ab_bolster,7196,0,0,2,True,False,True,0.18026710068537105,0.18026710068537105
prefix_own_s42_unsafe_write,ab_bolster,7203,0,3,0,False,False,True,0.23715004060508962,0.0
prefix_own_s42_unsafe_write,ab_bolster,7204,0,0,0,False,False,True,0.0,0.40479589605560057
prefix_own_s42_unsafe_write,ab_bolster,7233,0,0,2,True,False,True,0.49005065922643287,0.49005065922643287
prefix_own_s42_unsafe_write,ab_bolster,7234,0,0,2,True,False,True,0.2565508418450392,0.2565508418450392
prefix_own_s42_unsafe_write,ab_bolster,7235,0,0,2,True,False,True,0.28936723395346703,0.28936723395346703
prefix_own_s42_unsafe_write,ab_bolster,7236,0,0,2,True,False,True,0.4071284773036923,0.4071284773036923
prefix_own_s42_unsafe_write,ab_bolster,7237,0,0,2,True,False,True,0.26621851093193816,0.26621851093193816
prefix_own_s42_unsafe_write,ab_bolster,7238,0,0,2,True,False,True,0.40917448481967,0.40917448481967
prefix_own_s42_unsafe_write,ab_bolster,7246,0,0,2,True,False,True,0.7777998674024804,0.7777998674024804
prefix_own_s42_unsafe_write,ab_bolster,7248,2,0,2,True,False,True,0.7456409026438711,0.5753707269046484
prefix_own_s42_unsafe_write,ab_bolster,7255,0,0,2,True,False,True,0.44635671179213615,0.44635671179213615
prefix_own_s42_unsafe_write,ab_bolster,7256,0,0,2,True,False,True,0.7787514116317248,0.7787514116317248
prefix_own_s42_unsafe_write,ab_bolster,7319,0,1,2,True,False,True,0.8444735736538561,0.11790014124450346
prefix_own_s42_unsafe_write,ab_bolster,7352,0,0,2,True,False,True,0.6793801731649572,0.6793801731649572
prefix_own_s42_unsafe_write,ab_bolster,7457,0,0,2,True,False,True,0.3683539806575579,0.3683539806575579
prefix_own_s42_unsafe_write,ab_bolster,7458,0,0,2,True,False,True,0.6786832045219119,0.6786832045219119
prefix_own_s42_unsafe_write,ab_bolster,7476,2,0,2,True,False,True,0.6245020955795059,0.3952124622618295
prefix_own_s42_unsafe_write,ab_bolster,7477,0,0,2,True,False,True,0.2790558000577952,0.2790558000577952
prefix_own_s42_unsafe_write,ab_bolster,7540,0,0,2,True,False,True,0.5401129549670992,0.5401129549670992
prefix_own_s42_unsafe_write,ab_bolster,7541,0,0,2,True,False,True,0.17382112082158482,0.17382112082158482
prefix_own_s42_unsafe_write,ab_bolster,7542,0,1,0,False,False,True,0.1472092528950094,0.606832566103738
prefix_own_s42_unsafe_write,ab_bolster,7558,0,2,2,True,False,True,0.07508137788707339,0.24304011997268302
prefix_own_s42_unsafe_write,ab_bolster,7585,0,0,2,True,False,True,0.40454619557213267,0.40454619557213267
prefix_own_s42_unsafe_write,ab_bolster,7586,0,0,2,True,False,True,0.6287639203421844,0.6287639203421844
prefix_own_s42_unsafe_write,ab_bolster,7587,0,0,2,True,False,True,0.4638122696355487,0.4638122696355487
prefix_own_s42_unsafe_write,ab_bolster,7618,2,0,2,True,False,True,0.419414704161071,0.0
prefix_own_s42_unsafe_write,ab_bolster,7619,0,0,2,True,False,True,0.0022631867352123592,0.0022631867352123592
prefix_own_s42_unsafe_write,ab_bolster,7620,0,0,2,True,False,True,0.0,0.0
prefix_own_s42_unsafe_write,ab_bolster,7621,0,0,2,True,False,True,0.2549670252059908,0.2549670252059908
prefix_own_s42_unsafe_write,ab_bolster,7648,0,0,2,True,False,True,0.42299665750587195,0.42299665750587195
prefix_own_s42_unsafe_write,ab_bolster,7649,0,0,2,True,False,True,0.38316771920185105,0.38316771920185105
prefix_own_s42_unsafe_write,ab_bolster,7650,0,0,2,True,False,True,0.45553332342636155,0.45553332342636155
prefix_own_s42_unsafe_write,ab_bolster,8129,0,0,2,True,False,True,0.216912051639983,0.216912051639983
prefix_own_s42_unsafe_write,ab_bolster,8131,0,0,0,False,False,True,0.19212161150853985,0.4561239973576508
prefix_own_s42_unsafe_write,ab_bolster,8134,2,0,2,True,False,True,0.4800486692474877,0.7216184380317816
prefix_own_s42_unsafe_write,ab_bolster,8136,0,0,2,True,False,True,0.5823995426583233,0.5823995426583233
prefix_own_s42_unsafe_write,ab_bolster,8137,0,0,2,True,False,True,0.486642964765278,0.486642964765278
prefix_own_s42_unsafe_write,ab_motocometurn,39,0,1,2,True,False,True,0.0,0.6119137588407925
prefix_own_s42_unsafe_write,ab_motocometurn,40,2,0,2,True,False,True,0.0,0.6160011299887833
prefix_own_s42_unsafe_write,ab_motocometurn,113,0,0,2,True,False,True,0.17386592466696688,0.17386592466696688
prefix_own_s42_unsafe_write,ab_motocometurn,114,0,0,2,True,False,True,0.34729262995458615,0.34729262995458615
prefix_own_s42_unsafe_write,ab_motocometurn,127,0,0,2,True,False,False,,
prefix_own_s42_unsafe_write,ab_motocometurn,128,0,0,2,True,False,False,,
prefix_own_s42_unsafe_write,ab_motocometurn,129,0,0,2,True,False,False,,
prefix_own_s42_unsafe_write,ab_motocometurn,130,2,2,2,True,False,True,0.2123553064002087,0.0
prefix_own_s42_unsafe_write,ab_motocometurn,131,2,2,2,True,False,True,0.0,0.653581888736455
prefix_own_s42_unsafe_write,ab_mototurn,14,0,0,2,True,False,True,0.321595814399962,0.321595814399962
prefix_own_s42_unsafe_write,ab_rightcupcoming_infwhite_quezhen,617,0,0,2,True,False,True,0.6180823061030435,0.6180823061030435
prefix_own_s42_unsafe_write,ab_rightcupcoming_infwhite_quezhen,619,0,0,2,True,False,True,0.4005957743896051,0.4005957743896051
prefix_own_s42_unsafe_write,ab_rightcupcoming_infwhite_quezhen,620,0,1,2,True,False,True,0.34497129786827596,0.03320557698366979
prefix_own_s42_unsafe_write,ab_rightcupcoming_infwhite_quezhen,621,0,0,2,True,False,True,0.16429745320068936,0.16429745320068936
prefix_own_s42_unsafe_write,ab_rightcupcoming_infwhite_quezhen,625,0,0,2,True,False,True,0.21648350982701078,0.21648350982701078
prefix_own_s42_unsafe_write,ab_rightcupcoming_infwhite_quezhen,626,0,0,2,True,False,True,0.41417944512681176,0.0
prefix_own_s42_unsafe_write,ab_rightcupcoming_infwhite_quezhen,636,0,1,0,False,False,True,0.0,0.9237008288299953
prefix_own_s42_unsafe_write,ab_rightcupcoming_infwhite_quezhen,727,0,0,0,False,False,True,0.8567415522829571,0.0
prefix_own_s42_unsafe_write,ab_rightcupcoming_infwhite_quezhen,739,0,0,0,False,False,True,0.0,0.8791233953311839
prefix_own_s42_unsafe_write,ab_rightcupcoming_infwhite_quezhen,740,0,1,0,False,False,True,0.8167847143192195,0.0
prefix_own_s42_unsafe_write,ab_rightcupcoming_infwhite_quezhen,741,0,0,0,False,False,True,0.0,0.8648380127009557
prefix_own_s42_unsafe_write,ab_rightcupcoming_infwhite_quezhen,793,0,0,0,False,False,True,0.7804705152048579,0.0
prefix_own_s42_unsafe_write,ab_rightcupcoming_infwhite_quezhen,1169,0,1,0,False,False,True,0.0,0.9263239835813935
prefix_own_s42_unsafe_write,ab_rightcupcoming_infwhite_quezhen,1174,0,1,0,False,False,True,0.9092638591854343,0.0
prefix_own_s42_unsafe_write,ab_rightcupcoming_infwhite_quezhen,1212,0,0,0,False,False,True,0.8651843938187199,0.0
prefix_own_s42_unsafe_write,ab_rightcupcoming_infwhite_quezhen,1236,0,1,0,False,False,True,0.8110900271979071,0.0
prefix_own_s42_unsafe_write,ab_rightcupcoming_infwhite_quezhen,1247,0,0,0,False,False,True,0.8222862133816914,0.0
prefix_own_s42_unsafe_write,ab_rightcupcoming_infwhite_quezhen,1254,0,0,0,False,False,True,0.8780492285193542,0.012300210014293725
prefix_own_s42_unsafe_write,ab_rightcupcoming_infwhite_quezhen,1358,0,0,2,True,False,True,0.0,0.0
prefix_own_s42_unsafe_write,ab_rightcupcoming_infwhite_quezhen,1360,0,1,0,False,False,True,0.0,0.9540895694453653
prefix_own_s42_unsafe_write,ab_rightcupcoming_infwhite_quezhen,1689,0,0,0,False,False,True,0.8586829951718498,0.5077541573017188
prefix_own_s42_unsafe_write,ab_rightcupcoming_infwhite_quezhen,1731,0,0,0,False,False,True,0.9267588391242704,0.08855191823846568
prefix_own_s42_unsafe_write,ab_rightcupcoming_infwhite_quezhen,1851,0,1,0,False,False,True,0.2742113015151484,0.8837701557877738
prefix_own_s42_unsafe_write,ab_rightcupcoming_infwhite_quezhen,2727,0,1,2,True,False,True,0.0,0.20539165170676432
prefix_own_s42_unsafe_write,ab_rightcupcoming_infwhite_quezhen,2886,0,1,0,False,False,True,0.9202539298087967,0.03756705639265389
prefix_own_s42_unsafe_write,ab_rightcupcoming_infwhite_quezhen,3449,0,0,0,False,False,True,0.9218687781017944,0.006652693157225236
prefix_own_s42_unsafe_write,ab_rightcupcoming_infwhite_quezhen,3589,0,0,0,False,False,True,0.9030050329569104,0.007376854046847978
prefix_own_s42_unsafe_write,ab_rightcupcoming_infwhite_quezhen,3607,0,1,0,False,False,True,0.8475143575112233,0.0
prefix_own_s42_unsafe_write,ab_rightcupcoming_infwhite_quezhen,3608,0,1,0,False,False,True,0.056083378297248784,0.7620350289144259
prefix_own_s42_unsafe_write,ab_rightcupcoming_infwhite_quezhen,3625,0,1,0,False,False,True,0.0,0.8849553677951063
prefix_own_s42_unsafe_write,ab_rightcupcoming_infwhite_quezhen,3935,0,1,0,False,False,True,0.0,0.0
prefix_own_s42_unsafe_write,ab_rightcupcoming_infwhite_quezhen,4072,0,0,0,False,False,True,0.0,0.8033220104243463
prefix_own_s42_unsafe_write,ab_rightcupcoming_infwhite_quezhen,4158,0,1,0,False,False,True,0.9300546713184022,0.0
prefix_own_s42_unsafe_write,ab_rightcupcoming_infwhite_quezhen,4167,0,1,0,False,False,True,0.0,0.9103100247898883
prefix_own_s42_unsafe_write,ab_rightcupcoming_infwhite_quezhen,4278,0,1,0,False,False,True,0.8050414752359429,0.16676535948141202
prefix_own_s42_unsafe_write,ab_rightcupcoming_infwhite_quezhen,4279,0,0,0,False,False,True,0.13654215620694007,0.8413724414826028
prefix_own_s42_unsafe_write,ab_rightcupcoming_infwhite_quezhen,4281,0,0,2,True,False,True,0.5927926225312583,0.5927926225312583
prefix_own_s42_unsafe_write,ab_rightcupcoming_infwhite_quezhen,4333,0,0,0,False,False,True,0.0,0.8488197467470636
prefix_own_s42_unsafe_write,ab_rightcupcoming_infwhite_quezhen,4343,0,1,0,False,False,True,0.8756741007522321,0.0
prefix_own_s42_unsafe_write,ab_rightcupcoming_infwhite_quezhen,5363,0,1,0,False,False,True,0.03487849095878066,0.2268198712183945
prefix_own_s42_unsafe_write,ab_rightcupcoming_infwhite_quezhen,6171,0,0,2,True,False,True,0.31692408328924304,0.31692408328924304
prefix_own_s42_unsafe_write,ab_rightcupcoming_infwhite_quezhen,6172,2,1,2,True,False,True,0.20670722387030557,0.22695662566902178
prefix_own_s42_unsafe_write,ab_rightcupcoming_infwhite_quezhen,6173,0,0,2,True,False,True,0.13194296964496185,0.13194296964496185
prefix_own_s42_unsafe_write,ab_rightcupcoming_infwhite_quezhen,6174,0,1,2,True,False,True,0.25240602606091017,0.12248824945493067
prefix_own_s42_unsafe_write,ab_rightcupcoming_infwhite_quezhen,6175,0,1,2,True,False,True,0.07647537599488619,0.16813110350656132
prefix_own_s42_unsafe_write,ab_rightcupcoming_infwhite_quezhen,6176,0,1,2,True,False,True,0.3518610004417094,0.0
prefix_own_s42_unsafe_write,ab_rightcupcoming_infwhite_quezhen,6177,0,1,2,True,False,True,0.0411887306532206,0.3106910862848498
prefix_own_s42_unsafe_write,ab_rightcupcoming_infwhite_quezhen,6178,2,0,2,True,False,True,0.24401989607649746,0.10256016848032591
prefix_own_s42_unsafe_write,ab_rightcupcoming_infwhite_quezhen,6179,2,0,2,True,False,True,0.13487885356281465,0.03298206396199523
prefix_own_s42_unsafe_write,ab_rightcupcoming_infwhite_quezhen,6180,2,0,2,True,False,True,0.06038709842892518,0.021372451123471543
prefix_own_s42_unsafe_write,ab_rightcupcoming_infwhite_quezhen,6181,2,0,2,True,False,True,0.027340294955214693,0.022110516167266937
prefix_own_s42_unsafe_write,ab_rightcupcoming_infwhite_quezhen,6182,2,0,2,True,False,True,0.030899390861605373,0.023078923199189295
prefix_own_s42_unsafe_write,ab_rightcupcoming_infwhite_quezhen,6183,0,0,2,True,False,True,0.02788945443555492,0.02788945443555492
prefix_own_s42_unsafe_write,ab_rightcupcoming_infwhite_quezhen,6184,0,0,2,True,False,True,0.0329942249967112,0.0329942249967112
prefix_own_s42_unsafe_write,ab_rightcupcoming_infwhite_quezhen,6185,2,0,2,True,False,True,0.06483736493274937,0.022480793075584312
prefix_own_s42_unsafe_write,ab_rightcupcoming_infwhite_quezhen,6186,2,0,2,True,False,True,0.03844507692730142,0.02388464462864341
prefix_own_s42_unsafe_write,ab_rightcupcoming_infwhite_quezhen,6187,0,0,2,True,False,True,0.036682163621855265,0.036682163621855265
prefix_own_s42_unsafe_write,ab_rightcupcoming_infwhite_quezhen,6188,2,0,2,True,False,True,0.07934717540812938,0.02322979351298624
prefix_own_s42_unsafe_write,ab_rightcupcoming_infwhite_quezhen,6189,0,0,2,True,False,True,0.04404621519598864,0.04404621519598864
prefix_own_s42_unsafe_write,ab_rightcupcoming_infwhite_quezhen,6190,2,0,2,True,False,True,0.08910029918039995,0.023950758602254024
prefix_own_s42_unsafe_write,ab_rightcupcoming_infwhite_quezhen,6191,2,0,2,True,False,True,0.04178257518194128,0.021419270833333334
prefix_own_s42_unsafe_write,ab_rightcupcoming_infwhite_quezhen,6192,0,0,2,True,False,True,0.0333607985044735,0.0333607985044735
prefix_own_s42_unsafe_write,ab_rightcupcoming_infwhite_quezhen,6193,2,0,2,True,False,True,0.06530316486916271,0.021674262152777776
prefix_own_s42_unsafe_write,ab_rightcupcoming_infwhite_quezhen,6194,0,0,2,True,False,True,0.03384445604039601,0.03384445604039601
prefix_own_s42_unsafe_write,ab_rightcupcoming_infwhite_quezhen,6195,2,0,2,True,False,True,0.07276202437136596,0.021806336300219442
prefix_own_s42_unsafe_write,ab_rightcupcoming_infwhite_quezhen,6197,0,0,2,True,False,True,0.12297163746755041,0.12297163746755041
prefix_own_s42_unsafe_write,ab_rightcupcoming_infwhite_quezhen,6208,0,1,0,False,False,True,0.8291932311490875,0.7401724133838159
prefix_own_s42_unsafe_write,basketball,5,0,1,2,True,False,True,0.0,0.2996957262780338
prefix_own_s42_unsafe_write,basketball,11,0,1,2,True,False,True,0.0,0.0
prefix_own_s42_unsafe_write,basketball,12,0,1,0,False,False,True,0.24106787042581757,0.38836338560976635
prefix_own_s42_unsafe_write,basketball,17,0,0,2,True,False,True,0.0,0.0
prefix_own_s42_unsafe_write,basketball,23,2,0,2,True,False,True,0.0,0.397272400189341
prefix_own_s42_unsafe_write,basketball,24,0,0,2,True,False,True,0.646490309257914,0.646490309257914
prefix_own_s42_unsafe_write,basketball,30,2,0,2,True,False,True,0.0,0.6195240040057026
prefix_own_s42_unsafe_write,basketball,36,2,0,2,True,False,True,0.0,0.31998642556803564
prefix_own_s42_unsafe_write,basketball,37,2,1,2,True,False,True,0.13174952670532075,0.11564619002319289
prefix_own_s42_unsafe_write,basketball,43,2,0,2,True,False,True,0.0,0.6643160860004639
prefix_own_s42_unsafe_write,basketball,44,0,0,2,True,False,True,0.0,0.9106422452055811
prefix_own_s42_unsafe_write,basketball,45,2,0,2,True,False,True,0.0,0.5593720488526918
prefix_own_s42_unsafe_write,basketball,50,2,0,2,True,False,True,0.0,0.655210538395392
prefix_own_s42_unsafe_write,basketball,55,2,0,2,True,False,True,0.0,0.5564179387368392
prefix_own_s42_unsafe_write,basketball,62,2,0,2,True,False,True,0.0,0.48371873083417116
prefix_own_s42_unsafe_write,basketball,68,2,0,2,True,False,True,0.0,0.9002064277256352
prefix_own_s42_unsafe_write,basketball,75,0,1,2,True,False,True,0.0,0.3944990327479177
prefix_own_s42_unsafe_write,basketball,81,2,0,2,True,False,True,0.0,0.5119223428450816
prefix_own_s42_unsafe_write,basketball,94,2,0,2,True,False,True,0.0,0.5044571868960527
prefix_own_s42_unsafe_write,basketball,151,2,1,2,True,False,True,0.022824633888721246,0.0
prefix_own_s42_unsafe_write,basketball,152,2,2,2,True,False,True,0.0,0.0
prefix_own_s42_unsafe_write,basketball,154,0,0,2,True,False,True,0.0,0.0
prefix_own_s42_unsafe_write,basketball,155,2,0,2,True,False,True,0.0,0.0
prefix_own_s42_unsafe_write,basketball,156,2,0,2,True,False,True,0.0,0.13654369962948068
prefix_own_s42_unsafe_write,basketball,157,0,0,2,True,False,True,0.28273106834764244,0.28273106834764244
prefix_own_s42_unsafe_write,basketball,158,0,0,2,True,False,True,0.0017585044241859062,0.0017585044241859062
prefix_own_s42_unsafe_write,basketball,159,0,0,2,True,False,True,0.02581315711436683,0.02581315711436683
prefix_own_s42_unsafe_write,basketball,160,2,0,2,True,False,True,0.023892672234039396,0.0
prefix_own_s42_unsafe_write,basketball,161,0,1,2,True,False,True,0.0,0.39895066458542716
prefix_own_s42_unsafe_write,basketball,162,0,0,2,True,False,True,0.5318441308680598,0.5318441308680598
prefix_own_s42_unsafe_write,basketball,165,2,0,2,True,False,True,0.2877173368839635,0.2071946614974248
prefix_own_s42_unsafe_write,basketball,166,0,1,2,True,False,True,0.17877402003614346,0.36573502954116444
prefix_own_s42_unsafe_write,basketball,167,0,0,2,True,False,True,0.24623611616075364,0.24623611616075364
prefix_own_s42_unsafe_write,basketball,168,0,1,2,True,False,True,0.24470983151953912,0.1806648693305331
prefix_own_s42_unsafe_write,basketball,169,2,2,2,True,False,True,0.03374012739523113,0.0
prefix_own_s42_unsafe_write,basketball,170,0,0,2,True,False,True,0.2818005747263215,0.2818005747263215
prefix_own_s42_unsafe_write,basketball,172,2,0,2,True,False,True,0.0,0.03787311524703448
prefix_own_s42_unsafe_write,basketball,173,0,0,2,True,False,True,0.03910395730539479,0.03910395730539479
prefix_own_s42_unsafe_write,basketball,174,0,0,2,True,False,True,0.047364311366717725,0.047364311366717725
prefix_own_s42_unsafe_write,basketballshooting,7,0,0,2,True,False,True,0.7512615678456991,0.7512615678456991
prefix_own_s42_unsafe_write,basketballshooting,8,0,0,2,True,False,True,0.7449723224315323,0.7449723224315323
prefix_own_s42_unsafe_write,basketballshooting,26,0,0,2,True,False,True,0.7880388306727968,0.7880388306727968
prefix_own_s42_unsafe_write,basketballshooting,44,0,0,2,True,False,True,0.40702487850588503,0.40702487850588503
prefix_own_s42_unsafe_write,basketballshooting,49,0,0,2,True,False,True,0.32671692252593737,0.32671692252593737
prefix_own_s42_unsafe_write,basketballshooting,50,0,1,0,False,False,True,0.029369160625948153,0.3244577877331871
prefix_own_s42_unsafe_write,basketballshooting,55,0,2,0,False,False,True,0.0,0.6852710699897515
prefix_own_s42_unsafe_write,basketballshooting,56,0,0,2,True,False,True,0.23186118779865625,0.23186118779865625
prefix_own_s42_unsafe_write,basketballshooting,57,2,0,2,True,False,True,0.3050828929377878,0.0
prefix_own_s42_unsafe_write,basketballshooting,58,0,1,0,False,False,True,0.06229917318316681,0.22453610488289374
prefix_own_s42_unsafe_write,basketballshooting,59,0,0,2,True,False,True,0.2776516704468569,0.2776516704468569
prefix_own_s42_unsafe_write,basketballshooting,63,2,2,2,True,False,True,0.3833639361741375,0.0
prefix_own_s42_unsafe_write,basketballshooting,68,2,1,2,True,False,True,0.0,0.0
prefix_own_s42_unsafe_write,basketballshooting,80,0,1,0,False,False,True,0.0,0.3743385642183383
prefix_own_s42_unsafe_write,basketballshooting,84,2,0,2,True,False,True,0.2327649146855308,0.0
prefix_own_s42_unsafe_write,bikecoming,50,0,0,2,True,False,True,0.37593025350764037,0.37593025350764037
prefix_own_s42_unsafe_write,bikecoming,51,0,0,2,True,False,True,0.399044703077693,0.399044703077693
prefix_own_s42_unsafe_write,bikecoming,54,0,0,2,True,False,True,0.29395005129634955,0.29395005129634955
prefix_own_s42_unsafe_write,bikecoming,58,0,0,2,True,False,True,0.39118060793483966,0.39118060793483966
prefix_own_s42_unsafe_write,bikecoming,59,0,0,2,True,False,True,0.2971360244749583,0.2971360244749583
prefix_own_s42_unsafe_write,bikecoming,63,0,0,2,True,False,True,0.2974308162240306,0.2974308162240306
prefix_own_s42_unsafe_write,bikecoming,64,0,0,2,True,False,True,0.2622326155622448,0.2622326155622448
prefix_own_s42_unsafe_write,bikecoming,65,0,0,2,True,False,True,0.15914197237100838,0.15914197237100838
prefix_own_s42_unsafe_write,bikecoming,66,0,0,2,True,False,True,0.07149426568040229,0.07149426568040229
prefix_own_s42_unsafe_write,bikecoming,73,0,0,2,True,False,True,0.3200944592064563,0.3200944592064563
prefix_own_s42_unsafe_write,bikecoming,74,0,0,2,True,False,True,0.09078838736291775,0.09078838736291775
prefix_own_s42_unsafe_write,blackboy256,235,0,0,2,True,False,True,0.3888114126857119,0.3888114126857119
prefix_own_s42_unsafe_write,blackboy256,236,0,0,2,True,False,True,0.5395120454570941,0.5395120454570941
prefix_own_s42_unsafe_write,blackboy256,249,0,2,2,True,False,True,0.4160740504381891,0.0
prefix_own_s42_unsafe_write,blackboy256,250,2,1,2,True,False,True,0.0,0.25962327437607324
prefix_own_s42_unsafe_write,blackboy256,251,0,0,2,True,False,True,0.4680465376547799,0.4680465376547799
prefix_own_s42_unsafe_write,blackboy256,254,0,0,2,True,False,True,0.15771026101108002,0.15771026101108002
prefix_own_s42_unsafe_write,blackboy256,255,0,0,2,True,False,True,0.12141758829378574,0.12141758829378574
prefix_own_s42_unsafe_write,blackman_0115,272,0,0,2,True,False,True,0.49422678283412025,0.49422678283412025
prefix_own_s42_unsafe_write,blackman_0115,273,2,2,2,True,False,True,0.3199702593113352,0.0
prefix_own_s42_unsafe_write,blackman_0115,274,2,0,2,True,False,True,0.0,0.04568941987404317
prefix_own_s42_unsafe_write,blackman_0115,275,0,0,2,True,False,True,0.0,0.0
prefix_own_s42_unsafe_write,blackman_0115,276,2,0,2,True,False,True,0.0,0.02731326246291246
prefix_own_s42_unsafe_write,blackman_0115,277,0,0,2,True,False,True,0.0,0.0
prefix_own_s42_unsafe_write,blackman_0115,278,2,0,2,True,False,True,0.0,0.0
prefix_own_s42_unsafe_write,blackman_0115,279,0,0,2,True,False,True,0.0,0.0
prefix_own_s42_unsafe_write,blackman_0115,280,2,1,2,True,False,True,0.0,0.0
prefix_own_s42_unsafe_write,blackman_0115,281,0,0,2,True,False,True,0.0,0.0
prefix_own_s42_unsafe_write,blackman_0115,282,0,0,2,True,False,True,0.0,0.0
prefix_own_s42_unsafe_write,blackman_0115,283,0,1,2,True,False,True,0.0,0.5979739353985302
prefix_own_s42_unsafe_write,blkboywithumbrella,414,0,1,2,True,False,True,0.5555653662873501,0.0
prefix_own_s42_unsafe_write,blkboywithumbrella,416,0,0,2,True,False,True,0.550138998768922,0.550138998768922
prefix_own_s42_unsafe_write,blkboywithumbrella,428,0,0,2,True,False,True,0.539001614478075,0.539001614478075
prefix_own_s42_unsafe_write,blkboywithumbrella,429,0,1,2,True,False,True,0.5037238376433848,0.019152969345004205
prefix_own_s42_unsafe_write,blkboywithumbrella,432,0,0,0,False,False,True,0.0,0.6724042706669656
prefix_own_s42_unsafe_write,boybackpack,31,0,1,0,False,False,True,0.0,0.6785255656178161
prefix_own_s42_unsafe_write,boybackpack,42,0,2,0,False,False,True,0.5049269990960946,0.0
prefix_own_s42_unsafe_write,boybackpack,43,0,1,0,False,False,True,0.0,0.3083733944052028
prefix_own_s42_unsafe_write,boybackpack,52,2,0,2,True,False,True,0.5446342844827882,0.0
prefix_own_s42_unsafe_write,boybackpack,53,0,0,2,True,False,True,0.0,0.0
prefix_own_s42_unsafe_write,boybackpack,54,0,0,2,True,False,True,0.0,0.0
prefix_own_s42_unsafe_write,boybackpack,55,0,0,2,True,False,True,0.0,0.0
prefix_own_s42_unsafe_write,boybackpack,56,0,0,2,True,False,True,0.0,0.0
prefix_own_s42_unsafe_write,boybackpack,57,0,0,2,True,False,True,0.0,0.0
prefix_own_s42_unsafe_write,boybackpack,58,0,0,2,True,False,True,0.0,0.0
prefix_own_s42_unsafe_write,boybackpack,59,0,0,2,True,False,True,0.0,0.0
prefix_own_s42_unsafe_write,boybackpack,60,0,1,2,True,False,True,0.0,0.0
prefix_own_s42_unsafe_write,boybackpack,64,0,1,0,False,False,True,0.0,0.0
prefix_own_s42_unsafe_write,boybackpack,68,0,0,2,True,False,True,0.0,0.0
prefix_own_s42_unsafe_write,boybackpack,69,0,0,2,True,False,True,0.0,0.0
prefix_own_s42_unsafe_write,boybackpack,76,0,0,2,True,False,True,0.0,0.0
prefix_own_s42_unsafe_write,boybackpack,77,0,0,2,True,False,True,0.0,0.0
prefix_own_s42_unsafe_write,boybackpack,79,2,1,2,True,False,True,0.0,0.0
prefix_own_s42_unsafe_write,boybackpack,80,2,2,2,True,False,True,0.0,0.0
prefix_own_s42_unsafe_write,boybackpack,81,0,1,2,True,False,True,0.0,0.0
prefix_own_s42_unsafe_write,boybackpack,82,0,0,2,True,False,True,0.0,0.0
prefix_own_s42_unsafe_write,boybackpack,85,0,0,2,True,False,True,0.0,0.0
prefix_own_s42_unsafe_write,boybackpack,86,0,0,2,True,False,True,0.0,0.0
prefix_own_s42_unsafe_write,boybackpack,89,2,1,2,True,False,True,0.0,0.0
prefix_own_s42_unsafe_write,boybackpack,90,0,1,0,False,False,True,0.0,0.0
prefix_own_s42_unsafe_write,boybackpack,108,2,2,2,True,False,True,0.5955541619901847,0.0
prefix_own_s42_unsafe_write,boybackpack,109,0,1,0,False,False,True,0.0,0.6217247144325315
prefix_own_s42_unsafe_write,boybackpack,110,0,0,2,True,False,True,0.6623615246683809,0.6623615246683809
prefix_own_s42_unsafe_write,boybackpack,111,0,0,2,True,False,True,0.6982009916819223,0.6982009916819223
prefix_own_s42_unsafe_write,boybackpack,112,0,0,2,True,False,True,0.6880022928601023,0.6880022928601023
prefix_own_s42_unsafe_write,boybackpack,113,0,0,2,True,False,True,0.6527127087902894,0.6527127087902894
prefix_own_s42_unsafe_write,boybackpack,114,0,2,2,True,False,True,0.46530875333799054,0.02425045379964327
prefix_own_s42_unsafe_write,boybackpack,115,0,1,2,True,False,True,0.2303240417440974,0.11941498138239148
prefix_own_s42_unsafe_write,boybackpack,116,0,0,2,True,False,True,0.25799662185977884,0.25799662185977884
prefix_own_s42_unsafe_write,boybackpack,117,2,2,2,True,False,True,0.6892824822273985,0.0
prefix_own_s42_unsafe_write,boybackpack,122,0,1,0,False,False,True,0.0,0.7663643075377992
prefix_own_s42_unsafe_write,boybackpack,208,0,0,2,True,False,True,0.7186700724618597,0.7186700724618597
prefix_own_s42_unsafe_write,boybackpack,209,0,0,2,True,False,True,0.7346900210787212,0.7346900210787212
prefix_own_s42_unsafe_write,boybackpack,210,0,0,2,True,False,True,0.6533637078149068,0.6533637078149068
prefix_own_s42_unsafe_write,boybackpack,211,0,0,2,True,False,True,0.4550377208018767,0.4550377208018767
prefix_own_s42_unsafe_write,boybackpack,212,0,0,2,True,False,True,0.5199744378785289,0.5199744378785289
prefix_own_s42_unsafe_write,boybackpack,213,0,0,2,True,False,True,0.44487167499228353,0.44487167499228353
prefix_own_s42_unsafe_write,boybackpack,214,0,0,2,True,False,True,0.4185638243349883,0.4185638243349883
prefix_own_s42_unsafe_write,boybackpack,215,0,0,2,True,False,True,0.26746353690051605,0.26746353690051605
prefix_own_s42_unsafe_write,boybackpack,216,0,0,2,True,False,True,0.27253377320506444,0.27253377320506444
prefix_own_s42_unsafe_write,boybackpack,217,0,0,2,True,False,True,0.21487459663541394,0.21487459663541394
prefix_own_s42_unsafe_write,boybackpack,218,0,0,2,True,False,True,0.07176173968804887,0.07176173968804887
prefix_own_s42_unsafe_write,boybesidescarwithouthat,23,0,1,2,True,False,True,0.35715297268313423,0.0
prefix_own_s42_unsafe_write,boybesidescarwithouthat,25,0,1,0,False,False,True,0.0,0.0
prefix_own_s42_unsafe_write,boybesidescarwithouthat,28,0,0,2,True,False,True,0.0,0.0
prefix_own_s42_unsafe_write,boybesidescarwithouthat,31,0,0,0,False,False,True,0.0,0.0
prefix_own_s42_unsafe_write,boybesidescarwithouthat,32,0,0,0,False,False,True,0.0,0.7904270280414263
prefix_own_s42_unsafe_write,boybesidescarwithouthat,73,0,0,0,False,False,True,0.8821335015817868,0.0
prefix_own_s42_unsafe_write,boybesidescarwithouthat,76,0,1,0,False,False,True,0.0,0.0
prefix_own_s42_unsafe_write,boybesidescarwithouthat,90,2,1,2,True,False,True,0.0,0.0
prefix_own_s42_unsafe_write,boybesidescarwithouthat,120,0,1,0,False,False,True,0.0,0.0
prefix_own_s42_unsafe_write,boybesidescarwithouthat,123,0,1,0,False,False,True,0.0,0.0
prefix_own_s42_unsafe_write,boybesidescarwithouthat,125,0,0,2,True,False,True,0.0,0.0
prefix_own_s42_unsafe_write,boybesidescarwithouthat,149,0,0,2,True,False,True,0.0,0.0
prefix_own_s42_unsafe_write,boybesidescarwithouthat,150,0,1,2,True,False,True,0.0,0.0
prefix_own_s42_unsafe_write,boybesidescarwithouthat,151,0,0,2,True,False,True,0.0,0.0
prefix_own_s42_unsafe_write,boybesidescarwithouthat,152,0,0,2,True,False,True,0.0,0.0
prefix_own_s42_unsafe_write,boybesidescarwithouthat,153,0,1,0,False,False,True,0.0,0.0
prefix_own_s42_unsafe_write,boybesidescarwithouthat,168,0,0,2,True,False,True,0.0,0.0
prefix_own_s42_unsafe_write,boybesidescarwithouthat,172,0,0,2,True,False,True,0.0,0.0
prefix_own_s42_unsafe_write,boybesidescarwithouthat,175,0,0,2,True,False,True,0.0,0.0
prefix_own_s42_unsafe_write,boybesidescarwithouthat,176,0,0,2,True,False,True,0.0,0.0
prefix_own_s42_unsafe_write,boybesidescarwithouthat,177,0,2,0,False,False,True,0.0,0.0
prefix_own_s42_unsafe_write,boybesidescarwithouthat,180,0,1,0,False,False,True,0.0,0.0
prefix_own_s42_unsafe_write,boybesidescarwithouthat,181,0,1,2,True,False,True,0.0,0.0
prefix_own_s42_unsafe_write,boybesidescarwithouthat,182,0,2,0,False,False,True,0.0,0.0
prefix_own_s42_unsafe_write,boybesidescarwithouthat,183,0,1,2,True,False,True,0.0,0.0
prefix_own_s42_unsafe_write,boybesidescarwithouthat,192,0,1,0,False,False,True,0.0,0.0
prefix_own_s42_unsafe_write,boybesidescarwithouthat,202,0,0,2,True,False,True,0.0,0.0
prefix_own_s42_unsafe_write,boybesidescarwithouthat,206,0,0,2,True,False,True,0.0,0.0
prefix_own_s42_unsafe_write,boybesidescarwithouthat,210,0,0,2,True,False,True,0.0,0.0
prefix_own_s42_unsafe_write,boybesidescarwithouthat,212,0,0,2,True,False,True,0.0,0.0
prefix_own_s42_unsafe_write,boybesidescarwithouthat,213,0,0,2,True,False,True,0.0,0.0
prefix_own_s42_unsafe_write,boybesidescarwithouthat,216,0,1,2,True,False,True,0.0,0.0
prefix_own_s42_unsafe_write,boybesidescarwithouthat,219,0,0,2,True,False,True,0.0,0.0
prefix_own_s42_unsafe_write,boybesidescarwithouthat,225,0,0,0,False,False,True,0.0,0.7775652447885986
prefix_own_s42_unsafe_write,boybesidescarwithouthat,253,0,1,0,False,False,True,0.0,0.0
prefix_own_s42_unsafe_write,boybesidescarwithouthat,279,0,1,2,True,False,True,0.0,0.0
prefix_own_s42_unsafe_write,boybesidescarwithouthat,301,0,0,2,True,False,True,0.0,0.0
prefix_own_s42_unsafe_write,boybesidescarwithouthat,302,0,0,2,True,False,True,0.0,0.0
prefix_own_s42_unsafe_write,boybesidescarwithouthat,303,2,2,2,True,False,True,0.0,0.0
prefix_own_s42_unsafe_write,boybesidescarwithouthat,304,6,1,6,True,False,True,0.0,0.0
prefix_own_s42_unsafe_write,boybesidescarwithouthat,310,0,1,0,False,False,True,0.0,0.0
prefix_own_s42_unsafe_write,boybesidescarwithouthat,313,0,1,0,False,False,True,0.0,0.0
prefix_own_s42_unsafe_write,boyfollowing,98,0,0,2,True,False,True,0.7604350494650272,0.7604350494650272
prefix_own_s42_unsafe_write,boyfollowing,103,0,1,0,False,False,True,0.7313148252771217,0.0
prefix_own_s42_unsafe_write,boyfollowing,105,0,0,0,False,False,True,0.0,0.662869364724734
prefix_own_s42_unsafe_write,boyfollowing,234,2,4,2,True,False,True,0.15109205762049513,0.0
prefix_own_s42_unsafe_write,boyfollowing,235,0,0,2,True,False,True,0.0,0.0
prefix_own_s42_unsafe_write,boyfollowing,240,2,0,2,True,False,True,0.0,0.0
prefix_own_s42_unsafe_write,boyfollowing,241,0,0,2,True,False,True,0.0,0.0
prefix_own_s42_unsafe_write,boyfollowing,251,0,0,2,True,False,True,0.0,0.0
prefix_own_s42_unsafe_write,boyfollowing,253,2,0,2,True,False,True,0.0,0.0
prefix_own_s42_unsafe_write,boyfollowing,256,0,2,0,False,False,True,0.0,0.0
prefix_own_s42_unsafe_write,boyfollowing,257,0,2,0,False,False,True,0.0,0.0
prefix_own_s42_unsafe_write,boyfollowing,265,0,1,0,False,False,True,0.0,0.0
prefix_own_s42_unsafe_write,boyfollowing,267,0,1,0,False,False,True,0.0,0.0
prefix_own_s42_unsafe_write,boyfollowing,268,0,2,2,True,False,True,0.0,0.0
prefix_own_s42_unsafe_write,boyfollowing,278,0,1,0,False,False,True,0.0,0.0253536988398532
prefix_own_s42_unsafe_write,boyfollowing,279,0,0,2,True,False,True,0.03070175949574283,0.03070175949574283
prefix_own_s42_unsafe_write,boyfollowing,280,0,2,2,True,False,True,0.02620655525875155,0.0
prefix_own_s42_unsafe_write,boyrightrubbish,50,0,1,0,False,False,True,0.41760132833071384,0.5923764833668093
prefix_own_s42_unsafe_write,boyrightrubbish,62,2,0,2,True,False,True,0.2771711397570606,0.0
prefix_own_s42_unsafe_write,boyrightrubbish,64,0,0,2,True,False,True,0.35435608705074756,0.35435608705074756
prefix_own_s42_unsafe_write,boysback,132,0,1,2,True,False,True,0.0,0.6475367686892909
prefix_own_s42_unsafe_write,boysumbrella,45,0,0,2,True,False,True,0.12172148705908266,0.12172148705908266
prefix_own_s42_unsafe_write,boysumbrella,60,0,0,2,True,False,True,0.4795880848979199,0.4795880848979199
prefix_own_s42_unsafe_write,boysumbrella,66,0,0,2,True,False,True,0.19773733285412656,0.19773733285412656
prefix_own_s42_unsafe_write,boysumbrella,67,0,0,2,True,False,True,0.1491810268829499,0.1491810268829499
prefix_own_s42_unsafe_write,boysumbrella,68,0,0,2,True,False,True,0.14989320225372418,0.14989320225372418
prefix_own_s42_unsafe_write,boysumbrella,69,0,0,2,True,False,True,0.26388089120234987,0.26388089120234987
prefix_own_s42_unsafe_write,boysumbrella,70,0,0,2,True,False,True,0.322926241229327,0.322926241229327
prefix_own_s42_unsafe_write,boysumbrella,71,0,0,2,True,False,True,0.2834048451989825,0.2834048451989825
prefix_own_s42_unsafe_write,boysumbrella,72,0,0,2,True,False,True,0.43275397048480385,0.43275397048480385
prefix_own_s42_unsafe_write,boysumbrella,73,0,0,2,True,False,True,0.32731497772806845,0.32731497772806845
prefix_own_s42_unsafe_write,boysumbrella,89,0,1,0,False,False,True,0.47975477390911,0.0
prefix_own_s42_unsafe_write,boysumbrella,90,0,1,2,True,False,True,0.022843671254345665,0.5426153793140293
prefix_own_s42_unsafe_write,boysumbrella,94,2,1,2,True,False,True,0.3869776091630983,0.2513886207424841
prefix_own_s42_unsafe_write,boysumbrella,95,0,0,2,True,False,True,0.33984625685114733,0.33984625685114733
prefix_own_s42_unsafe_write,boysumbrella,96,0,0,2,True,False,True,0.3879522308412357,0.3879522308412357
prefix_own_s42_unsafe_write,boysumbrella,97,0,0,2,True,False,True,0.3105952240917508,0.3105952240917508
prefix_own_s42_unsafe_write,boysumbrella,98,0,0,2,True,False,True,0.4584162926307394,0.4584162926307394
prefix_own_s42_unsafe_write,boysumbrella,99,0,0,2,True,False,True,0.7523686335836364,0.7523686335836364
prefix_own_s42_unsafe_write,boysumbrella,107,0,0,2,True,False,True,0.6759601109028007,0.6759601109028007
prefix_own_s42_unsafe_write,boysumbrella,396,0,0,2,True,False,True,0.4935944829886071,0.4935944829886071
prefix_own_s42_unsafe_write,boysumbrella,413,0,0,2,True,False,True,0.5796179983206668,0.5796179983206668
prefix_own_s42_unsafe_write,boysumbrella,414,0,0,2,True,False,True,0.4340039369617197,0.4340039369617197
prefix_own_s42_unsafe_write,boysumbrella,415,0,1,2,True,False,True,0.5190927895096804,0.0
prefix_own_s42_unsafe_write,boysumbrella,416,0,1,2,True,False,True,0.0,0.6395227962284064
prefix_own_s42_unsafe_write,boysumbrella,421,0,1,0,False,False,True,0.6141580999566645,0.0
prefix_own_s42_unsafe_write,boysumbrella,422,0,0,2,True,False,True,0.0,0.0
prefix_own_s42_unsafe_write,boysumbrella,424,0,0,2,True,False,True,0.0,0.0
prefix_own_s42_unsafe_write,boysumbrella,425,0,0,2,True,False,True,0.0,0.0
prefix_own_s42_unsafe_write,boysumbrella,426,2,0,2,True,False,True,0.0,0.0
prefix_own_s42_unsafe_write,boysumbrella,438,0,0,0,False,False,True,0.6131987843621722,0.02613505251340894
prefix_own_s42_unsafe_write,boytakepath,119,2,0,2,True,False,True,0.8876150997842319,0.6626111965598149
prefix_own_s42_unsafe_write,boytakepath,131,0,2,2,True,False,True,0.0,0.0
prefix_own_s42_unsafe_write,boytakepath,132,0,0,2,True,False,True,0.42286098602382094,0.42286098602382094
prefix_own_s42_unsafe_write,boytakepath,162,0,0,2,True,False,True,0.5731464533290216,0.5731464533290216
prefix_own_s42_unsafe_write,boytakepath,164,0,0,2,True,False,True,0.29892467674837014,0.29892467674837014
prefix_own_s42_unsafe_write,boytakepath,165,0,0,2,True,False,True,0.15406420632671203,0.15406420632671203
prefix_own_s42_unsafe_write,boytakepath,166,2,0,2,True,False,True,0.1529784233863922,0.0
prefix_own_s42_unsafe_write,boytakepath,167,0,0,2,True,False,True,0.0,0.0
prefix_own_s42_unsafe_write,boytakepath,168,0,0,2,True,False,True,0.0,0.0
prefix_own_s42_unsafe_write,boytakepath,169,0,0,2,True,False,True,0.0,0.0
prefix_own_s42_unsafe_write,boytakepath,170,0,0,2,True,False,True,0.0,0.0
prefix_own_s42_unsafe_write,boytakepath,171,0,0,2,True,False,True,0.0,0.0
prefix_own_s42_unsafe_write,boytakepath,172,0,0,2,True,False,True,0.0,0.0
prefix_own_s42_unsafe_write,boytakepath,173,0,0,2,True,False,True,0.0,0.0
prefix_own_s42_unsafe_write,boytakepath,174,0,0,2,True,False,True,0.0,0.0
prefix_own_s42_unsafe_write,boytakepath,175,0,0,2,True,False,True,0.0,0.0
prefix_own_s42_unsafe_write,boytakepath,176,0,0,2,True,False,True,0.0,0.0
prefix_own_s42_unsafe_write,boytakepath,177,0,0,2,True,False,True,0.0,0.0
prefix_own_s42_unsafe_write,boytakepath,178,2,2,2,True,False,True,0.0,0.19324063705838504
prefix_own_s42_unsafe_write,boytakepath,182,0,1,0,False,False,True,0.38156559535971113,0.3494001588185108
prefix_own_s42_unsafe_write,boytakepath,197,0,2,2,True,False,True,0.4257766172408196,0.0
prefix_own_s42_unsafe_write,boytakepath,198,0,1,0,False,False,True,0.0,0.0
prefix_own_s42_unsafe_write,boytakepath,200,2,0,2,True,False,True,0.0,0.6472231811592567
prefix_own_s42_unsafe_write,boytakepath,201,0,0,2,True,False,True,0.6468926916818013,0.6468926916818013
prefix_own_s42_unsafe_write,boytakepath,202,0,0,2,True,False,True,0.5787903113535899,0.5787903113535899
prefix_own_s42_unsafe_write,boytakepath,206,0,0,2,True,False,True,0.44949661223822446,0.44949661223822446
prefix_own_s42_unsafe_write,boytakepath,207,0,1,2,True,False,True,0.023565800258864872,0.0
prefix_own_s42_unsafe_write,boytakepath,208,1,2,1,True,False,True,0.0,0.0
prefix_own_s42_unsafe_write,boytakepath,209,0,0,2,True,False,True,0.0,0.0
prefix_own_s42_unsafe_write,boytakepath,210,2,4,2,True,False,True,0.0,0.0
prefix_own_s42_unsafe_write,boytakepath,211,0,0,2,True,False,True,0.0,0.0
prefix_own_s42_unsafe_write,boytakepath,212,0,0,2,True,False,True,0.0,0.0
prefix_own_s42_unsafe_write,boytakepath,213,2,1,2,True,False,True,0.0,0.0
prefix_own_s42_unsafe_write,boytakepath,214,2,0,2,True,False,True,0.0,0.0
prefix_own_s42_unsafe_write,boytakepath,215,2,0,2,True,False,True,0.0,0.004646977501539729
prefix_own_s42_unsafe_write,boytakepath,216,0,1,2,True,False,True,0.0,0.0
prefix_own_s42_unsafe_write,boytakepath,244,2,1,2,True,False,True,0.0,0.0
prefix_own_s42_unsafe_write,boytakepath,245,0,0,2,True,False,True,0.0,0.0
prefix_own_s42_unsafe_write,boytakepath,246,0,1,2,True,False,True,0.0,0.0
prefix_own_s42_unsafe_write,boytakepath,247,2,2,2,True,False,True,0.0,0.0
prefix_own_s42_unsafe_write,boytakepath,248,2,2,2,True,False,True,0.0,0.0
prefix_own_s42_unsafe_write,boytakepath,249,2,1,2,True,False,True,0.0,0.0
prefix_own_s42_unsafe_write,boytakepath,250,0,0,2,True,False,True,0.0,0.0
prefix_own_s42_unsafe_write,boytakepath,251,0,0,2,True,False,True,0.000697261770411698,0.000697261770411698
prefix_own_s42_unsafe_write,boytakepath,255,0,0,2,True,False,True,0.24765629001102002,0.24765629001102002
prefix_own_s42_unsafe_write,boytakepath,256,0,1,2,True,False,True,0.23491565592888866,0.0
prefix_own_s42_unsafe_write,boytakepath,257,2,4,2,True,False,True,0.0,0.0
prefix_own_s42_unsafe_write,boytakepath,258,0,2,2,True,False,True,0.0,0.0
prefix_own_s42_unsafe_write,boytakepath,259,2,2,2,True,False,True,0.0,0.0
prefix_own_s42_unsafe_write,boytakepath,260,0,0,2,True,False,True,0.0,0.0
prefix_own_s42_unsafe_write,boytakepath,261,0,0,2,True,False,True,0.0,0.0
prefix_own_s42_unsafe_write,boytakepath,262,0,0,2,True,False,True,0.0,0.0
prefix_own_s42_unsafe_write,boytakepath,263,0,0,2,True,False,True,0.0,0.0
prefix_own_s42_unsafe_write,boytakepath,264,0,0,2,True,False,True,0.0,0.0
prefix_own_s42_unsafe_write,boytakepath,265,0,0,2,True,False,True,0.0,0.0
prefix_own_s42_unsafe_write,boytakepath,266,0,0,2,True,False,True,0.0,0.0
prefix_own_s42_unsafe_write,boytakepath,267,0,0,2,True,False,True,0.0,0.0
prefix_own_s42_unsafe_write,boytakepath,268,0,0,2,True,False,True,0.0,0.0
prefix_own_s42_unsafe_write,boytakepath,269,0,0,2,True,False,True,0.0,0.0
prefix_own_s42_unsafe_write,boytakepath,270,2,1,2,True,False,True,0.0,0.0
prefix_own_s42_unsafe_write,boytakepath,271,0,0,2,True,False,True,0.0,0.0
prefix_own_s42_unsafe_write,boytakepath,272,0,0,2,True,False,True,0.0,0.0
prefix_own_s42_unsafe_write,boytakepath,273,2,0,2,True,False,True,0.0,0.0
prefix_own_s42_unsafe_write,boytakepath,274,0,0,2,True,False,True,0.0,0.0
prefix_own_s42_unsafe_write,boytakepath,275,2,1,2,True,False,True,0.0,0.0
prefix_own_s42_unsafe_write,boytakepath,276,0,0,2,True,False,True,0.0,0.0
prefix_own_s42_unsafe_write,boytakepath,277,0,1,2,True,False,True,0.0,0.0
prefix_own_s42_unsafe_write,boytakepath,278,0,0,2,True,False,True,0.0,0.0
prefix_own_s42_unsafe_write,boytakepath,279,2,2,2,True,False,True,0.0,0.016818540512373692
prefix_own_s42_unsafe_write,boytakepath,280,0,0,2,True,False,True,0.13308773526553574,0.13308773526553574
prefix_own_s42_unsafe_write,boytakepath,281,0,0,2,True,False,True,0.3093782338366542,0.3093782338366542
prefix_own_s42_unsafe_write,boytakepath,283,0,0,2,True,False,True,0.32872625834041685,0.32872625834041685
prefix_own_s42_unsafe_write,boytakepath,284,0,0,2,True,False,True,0.2709166664565032,0.2709166664565032
prefix_own_s42_unsafe_write,boytakepath,285,0,0,2,True,False,True,0.2055838805507194,0.2055838805507194
prefix_own_s42_unsafe_write,boytakepath,290,0,0,2,True,False,True,0.0,0.0
prefix_own_s42_unsafe_write,boytakepath,291,0,0,2,True,False,True,0.5675930090106713,0.5675930090106713
prefix_own_s42_unsafe_write,boytakepath,292,0,0,2,True,False,True,0.49794437840464073,0.49794437840464073
prefix_own_s42_unsafe_write,boytakepath,293,0,0,2,True,False,True,0.5904213022912995,0.5904213022912995
prefix_own_s42_unsafe_write,boytakepath,297,0,2,2,True,False,True,0.23694634097072093,0.0
prefix_own_s42_unsafe_write,boytakepath,298,0,0,2,True,False,True,0.0,0.0
prefix_own_s42_unsafe_write,boytakepath,299,0,0,2,True,False,True,0.0,0.0
prefix_own_s42_unsafe_write,boytakepath,300,0,0,2,True,False,True,0.0,0.0
prefix_own_s42_unsafe_write,boytakepath,301,0,0,2,True,False,True,0.0,0.0
prefix_own_s42_unsafe_write,boytakepath,302,0,0,2,True,False,True,0.0,0.0
prefix_own_s42_unsafe_write,boytakepath,303,2,2,2,True,False,True,0.0,0.0
prefix_own_s42_unsafe_write,boytakepath,304,0,0,2,True,False,True,0.0,0.0
prefix_own_s42_unsafe_write,boytakepath,305,2,2,2,True,False,True,0.0,0.0
prefix_own_s42_unsafe_write,boytakepath,306,0,0,2,True,False,True,0.0,0.0
prefix_own_s42_unsafe_write,boytakepath,307,2,0,2,True,False,True,0.0,0.0
prefix_own_s42_unsafe_write,boytakepath,308,2,0,2,True,False,True,0.0,0.0
prefix_own_s42_unsafe_write,boytakepath,309,0,0,2,True,False,True,0.0,0.0
prefix_own_s42_unsafe_write,boytakepath,310,2,2,2,True,False,True,0.0,0.0
prefix_own_s42_unsafe_write,boytakepath,311,0,0,2,True,False,True,0.0,0.0
prefix_own_s42_unsafe_write,boytakepath,312,0,0,2,True,False,True,0.0,0.0
prefix_own_s42_unsafe_write,boytakepath,313,2,0,2,True,False,True,0.0,0.0
prefix_own_s42_unsafe_write,boytakepath,314,0,1,2,True,False,True,0.0,0.0
prefix_own_s42_unsafe_write,boytakepath,315,0,0,2,True,False,True,0.0,0.0
prefix_own_s42_unsafe_write,boytakepath,316,0,0,2,True,False,True,0.0,0.0
prefix_own_s42_unsafe_write,boytakepath,317,0,0,2,True,False,True,0.0,0.0
prefix_own_s42_unsafe_write,boytakepath,318,0,0,2,True,False,True,0.0,0.0
prefix_own_s42_unsafe_write,boytakepath,319,0,0,2,True,False,True,0.0,0.0
prefix_own_s42_unsafe_write,boytakepath,320,0,0,2,True,False,True,0.0,0.0
prefix_own_s42_unsafe_write,boytakepath,321,0,0,2,True,False,True,0.02281016609838598,0.02281016609838598
prefix_own_s42_unsafe_write,boytakepath,322,0,0,2,True,False,True,0.0,0.0
prefix_own_s42_unsafe_write,boytakepath,323,0,0,2,True,False,True,0.007272938242430699,0.007272938242430699
prefix_own_s42_unsafe_write,boytakepath,324,0,0,2,True,False,True,0.0,0.0
prefix_own_s42_unsafe_write,boytakepath,325,0,0,2,True,False,True,0.0,0.0
prefix_own_s42_unsafe_write,boytakepath,326,0,0,2,True,False,True,0.0,0.0
prefix_own_s42_unsafe_write,boytakepath,327,0,0,2,True,False,True,0.0,0.0
prefix_own_s42_unsafe_write,boytakepath,328,0,0,2,True,False,True,0.0,0.0
prefix_own_s42_unsafe_write,boytakepath,329,0,0,2,True,False,True,0.0,0.0
prefix_own_s42_unsafe_write,boytakepath,330,0,0,2,True,False,True,0.0,0.0
prefix_own_s42_unsafe_write,boytakepath,331,0,0,2,True,False,True,0.0,0.0
prefix_own_s42_unsafe_write,boytakepath,332,0,0,2,True,False,True,0.0,0.0
prefix_own_s42_unsafe_write,boytakepath,333,0,0,2,True,False,True,0.0,0.0
prefix_own_s42_unsafe_write,boytakepath,334,0,0,2,True,False,True,0.0,0.0
prefix_own_s42_unsafe_write,boytakepath,335,2,0,2,True,False,True,0.0,0.0
prefix_own_s42_unsafe_write,boytakepath,336,0,0,2,True,False,True,0.0,0.0
prefix_own_s42_unsafe_write,boytakepath,337,0,1,2,True,False,True,0.0,0.0
prefix_own_s42_unsafe_write,boytakepath,338,0,0,2,True,False,True,0.0,0.0
prefix_own_s42_unsafe_write,boytakepath,339,0,0,2,True,False,True,0.0,0.0
prefix_own_s42_unsafe_write,boytakepath,340,0,0,2,True,False,True,0.0,0.0
prefix_own_s42_unsafe_write,boytakepath,341,0,0,2,True,False,True,0.0,0.0
prefix_own_s42_unsafe_write,boytakepath,342,0,0,2,True,False,True,0.0,0.0
prefix_own_s42_unsafe_write,boytakepath,343,0,0,2,True,False,True,0.03837598943185473,0.03837598943185473
prefix_own_s42_unsafe_write,boytakepath,344,0,0,2,True,False,True,0.05752446244787438,0.05752446244787438
prefix_own_s42_unsafe_write,boytakepath,345,0,0,2,True,False,True,0.2966057383725011,0.2966057383725011
prefix_own_s42_unsafe_write,boytakepath,346,0,1,2,True,False,True,0.22813814745208197,0.0
prefix_own_s42_unsafe_write,boytakepath,347,0,0,2,True,False,True,0.0,0.0
prefix_own_s42_unsafe_write,boytakepath,348,0,0,2,True,False,True,0.0,0.0
prefix_own_s42_unsafe_write,boytakepath,350,0,0,2,True,False,True,0.045730465506853855,0.045730465506853855
prefix_own_s42_unsafe_write,boytakepath,351,2,0,2,True,False,True,0.0836330794750561,0.0
prefix_own_s42_unsafe_write,boytakepath,352,0,0,2,True,False,True,0.0,0.0
prefix_own_s42_unsafe_write,boytakepath,353,2,0,2,True,False,True,0.0,0.0
prefix_own_s42_unsafe_write,boytakepath,354,0,0,2,True,False,True,0.0014803012986288684,0.0014803012986288684
prefix_own_s42_unsafe_write,boytakepath,355,0,0,2,True,False,True,0.0,0.0
prefix_own_s42_unsafe_write,boytakepath,356,0,0,2,True,False,True,0.0,0.0
prefix_own_s42_unsafe_write,boytakepath,357,0,0,2,True,False,True,0.0,0.0
prefix_own_s42_unsafe_write,boytakepath,358,0,0,2,True,False,True,0.0,0.0
prefix_own_s42_unsafe_write,boytakepath,359,0,0,2,True,False,True,0.0,0.0
prefix_own_s42_unsafe_write,boytakepath,360,0,0,2,True,False,True,0.01963575830059888,0.01963575830059888
prefix_own_s42_unsafe_write,boytakepath,361,0,0,2,True,False,True,0.014592240974880957,0.014592240974880957
prefix_own_s42_unsafe_write,boytakepath,362,0,0,2,True,False,True,0.0,0.0
prefix_own_s42_unsafe_write,boytakepath,363,0,0,2,True,False,True,0.0,0.0
prefix_own_s42_unsafe_write,boytakepath,364,0,0,2,True,False,True,0.0,0.0
prefix_own_s42_unsafe_write,boytakepath,365,0,0,2,True,False,True,0.0035463784660377884,0.0035463784660377884
prefix_own_s42_unsafe_write,boytakepath,366,0,0,2,True,False,True,0.04184551273900362,0.04184551273900362
prefix_own_s42_unsafe_write,boytakepath,367,0,0,2,True,False,True,0.060193424303026655,0.060193424303026655
prefix_own_s42_unsafe_write,boytakepath,368,0,0,2,True,False,True,0.0,0.0
prefix_own_s42_unsafe_write,boytakepath,369,0,0,2,True,False,True,0.0,0.0
prefix_own_s42_unsafe_write,boytakepath,370,0,0,2,True,False,True,0.0,0.0
prefix_own_s42_unsafe_write,boytakepath,371,0,0,2,True,False,True,0.07959646001394781,0.07959646001394781
prefix_own_s42_unsafe_write,boytakepath,372,0,0,2,True,False,True,0.05420081663924289,0.05420081663924289
prefix_own_s42_unsafe_write,boytakepath,373,0,0,2,True,False,True,0.0,0.0
prefix_own_s42_unsafe_write,boytakepath,374,0,0,2,True,False,True,0.0,0.0
prefix_own_s42_unsafe_write,boytakepath,375,0,0,2,True,False,True,0.0,0.0
prefix_own_s42_unsafe_write,boytakepath,376,0,0,2,True,False,True,0.0,0.0
prefix_own_s42_unsafe_write,boytakepath,378,0,0,2,True,False,True,0.0,0.0
prefix_own_s42_unsafe_write,boytakepath,379,0,0,2,True,False,True,0.0,0.0
prefix_own_s42_unsafe_write,boytakepath,380,0,0,2,True,False,True,0.0,0.0
prefix_own_s42_unsafe_write,boytakepath,381,0,0,2,True,False,True,0.0,0.0
prefix_own_s42_unsafe_write,boytakepath,382,2,0,2,True,False,True,0.0,0.0
prefix_own_s42_unsafe_write,boytakepath,383,2,0,2,True,False,True,0.0,0.034623800277310025
prefix_own_s42_unsafe_write,boytakepath,384,0,0,2,True,False,True,0.0,0.0
prefix_own_s42_unsafe_write,boytakepath,385,0,0,2,True,False,True,0.028761279821608043,0.028761279821608043
prefix_own_s42_unsafe_write,boytakepath,386,0,0,2,True,False,True,0.032156381312694333,0.032156381312694333
prefix_own_s42_unsafe_write,boytakepath,387,2,0,2,True,False,True,0.04451644464857442,0.04262754331942208
prefix_own_s42_unsafe_write,boytakepath,388,0,0,2,True,False,True,0.021307079102181572,0.021307079102181572
prefix_own_s42_unsafe_write,boytakepath,389,0,0,2,True,False,True,0.016824972519655538,0.016824972519655538
prefix_own_s42_unsafe_write,boytakepath,390,2,0,2,True,False,True,0.0,0.018376189046958435
prefix_own_s42_unsafe_write,boytakepath,391,0,0,2,True,False,True,0.05823924578318129,0.05823924578318129
prefix_own_s42_unsafe_write,boytakepath,392,0,0,2,True,False,True,0.02770523712182364,0.02770523712182364
prefix_own_s42_unsafe_write,boytakepath,393,0,0,2,True,False,True,0.0,0.0
prefix_own_s42_unsafe_write,boytakepath,394,0,0,2,True,False,True,0.04489652770496937,0.04489652770496937
prefix_own_s42_unsafe_write,boytakepath,395,0,0,2,True,False,True,0.05277824972771649,0.05277824972771649
prefix_own_s42_unsafe_write,boytakepath,396,0,0,2,True,False,True,0.03490969738718125,0.03490969738718125
prefix_own_s42_unsafe_write,boytakepath,397,0,0,2,True,False,True,0.0249757551465216,0.0249757551465216
prefix_own_s42_unsafe_write,boytakepath,398,0,0,2,True,False,True,0.0,0.0
prefix_own_s42_unsafe_write,boytakepath,399,0,0,2,True,False,True,0.0,0.0
prefix_own_s42_unsafe_write,boytakepath,400,2,0,2,True,False,True,0.0,0.0
prefix_own_s42_unsafe_write,boytakepath,401,0,1,2,True,False,True,0.0,0.0
prefix_own_s42_unsafe_write,boytakepath,402,0,0,2,True,False,True,0.0,0.0
prefix_own_s42_unsafe_write,boytakepath,403,0,0,2,True,False,True,0.0,0.0
prefix_own_s42_unsafe_write,boytakepath,404,0,0,2,True,False,True,0.0,0.0
prefix_own_s42_unsafe_write,boytakepath,405,0,0,2,True,False,True,0.0,0.0
prefix_own_s42_unsafe_write,boytakepath,406,0,0,2,True,False,True,0.0,0.0
prefix_own_s42_unsafe_write,boytakepath,409,0,0,2,True,False,True,0.0,0.0
prefix_own_s42_unsafe_write,boytakepath,411,0,0,2,True,False,True,0.0,0.0
prefix_own_s42_unsafe_write,boytakepath,412,0,0,2,True,False,True,0.0,0.0
prefix_own_s42_unsafe_write,boytakepath,413,0,0,2,True,False,True,0.0,0.0
prefix_own_s42_unsafe_write,boytakepath,415,0,0,2,True,False,True,0.0,0.0
prefix_own_s42_unsafe_write,boytakepath,419,0,0,2,True,False,True,0.0,0.0
prefix_own_s42_unsafe_write,boytakepath,420,0,0,2,True,False,True,0.0,0.0
prefix_own_s42_unsafe_write,boytakepath,422,0,0,2,True,False,True,0.0,0.0
prefix_own_s42_unsafe_write,boytakepath,423,0,0,2,True,False,True,0.0,0.0
prefix_own_s42_unsafe_write,boytakepath,424,0,0,2,True,False,True,0.0,0.0
prefix_own_s42_unsafe_write,boytakepath,426,0,0,2,True,False,True,0.0,0.0
prefix_own_s42_unsafe_write,boytakepath,432,0,0,2,True,False,True,0.0,0.0
prefix_own_s42_unsafe_write,boytakepath,436,0,0,2,True,False,True,0.0,0.0
prefix_own_s42_unsafe_write,boytakepath,437,0,0,2,True,False,True,0.0,0.0
prefix_own_s42_unsafe_write,boytakepath,440,0,0,2,True,False,True,0.0,0.0
prefix_own_s42_unsafe_write,boytakepath,441,0,0,2,True,False,True,0.0,0.0
prefix_own_s42_unsafe_write,boytakepath,442,0,0,2,True,False,True,0.0,0.0
prefix_own_s42_unsafe_write,boytakepath,444,2,3,2,True,False,True,0.0,0.0
prefix_own_s42_unsafe_write,boytakepath,445,2,2,2,True,False,True,0.0,0.16614110366238002
prefix_own_s42_unsafe_write,boytakepath,455,0,0,2,True,False,True,0.1590045387782831,0.1590045387782831
prefix_own_s42_unsafe_write,boytakepath,456,0,0,2,True,False,True,0.0,0.0
prefix_own_s42_unsafe_write,boytakepath,457,0,0,2,True,False,True,0.0,0.0
prefix_own_s42_unsafe_write,boytakepath,458,0,0,2,True,False,True,0.3183989357436613,0.3183989357436613
prefix_own_s42_unsafe_write,boytakepath,459,0,0,2,True,False,True,0.32585268140732604,0.32585268140732604
prefix_own_s42_unsafe_write,boytakepath,460,0,0,2,True,False,True,0.18596253639094054,0.18596253639094054
prefix_own_s42_unsafe_write,boytakepath,461,0,0,2,True,False,True,0.0,0.0
prefix_own_s42_unsafe_write,boytakepath,462,0,1,2,True,False,True,0.1636658215647039,0.0
prefix_own_s42_unsafe_write,boytakepath,463,0,0,2,True,False,True,0.0,0.0
prefix_own_s42_unsafe_write,boytakepath,464,0,0,2,True,False,True,0.0,0.0
prefix_own_s42_unsafe_write,boytakepath,465,0,0,2,True,False,True,0.0,0.0
prefix_own_s42_unsafe_write,boytakepath,466,0,0,2,True,False,True,0.0,0.0
prefix_own_s42_unsafe_write,boytakepath,467,0,0,2,True,False,True,0.0,0.0
prefix_own_s42_unsafe_write,boytakepath,468,2,0,2,True,False,True,0.0,0.0
prefix_own_s42_unsafe_write,boytakepath,469,0,0,2,True,False,True,0.0,0.0
prefix_own_s42_unsafe_write,boytakepath,470,0,0,2,True,False,True,0.0,0.0
prefix_own_s42_unsafe_write,boytakepath,471,0,0,2,True,False,True,0.0,0.0
prefix_own_s42_unsafe_write,boytakepath,472,0,0,2,True,False,True,0.0,0.0
prefix_own_s42_unsafe_write,boytakepath,473,0,0,2,True,False,True,0.0,0.0
prefix_own_s42_unsafe_write,boytakepath,474,0,0,2,True,False,True,0.0,0.0
prefix_own_s42_unsafe_write,boytakepath,475,0,0,2,True,False,True,0.0,0.0
prefix_own_s42_unsafe_write,boytakepath,476,2,0,2,True,False,True,0.0,0.0
prefix_own_s42_unsafe_write,boytakepath,477,0,0,2,True,False,True,0.0,0.0
prefix_own_s42_unsafe_write,boytakepath,479,0,0,2,True,False,True,0.0,0.0
prefix_own_s42_unsafe_write,boytakepath,480,0,0,2,True,False,True,0.0,0.0
prefix_own_s42_unsafe_write,boytakepath,481,0,0,2,True,False,True,0.0,0.0
prefix_own_s42_unsafe_write,boytakepath,482,0,0,2,True,False,True,0.0,0.0
prefix_own_s42_unsafe_write,boytakepath,484,0,0,2,True,False,True,0.19254589778565254,0.19254589778565254
prefix_own_s42_unsafe_write,boytakepath,485,0,0,2,True,False,True,0.17585111689281926,0.17585111689281926
prefix_own_s42_unsafe_write,boytakepath,486,0,0,2,True,False,True,0.21298631470620863,0.21298631470620863
prefix_own_s42_unsafe_write,boytakepath,487,2,2,2,True,False,True,0.2059846533116569,0.09707592372031468
prefix_own_s42_unsafe_write,boytakepath,488,0,0,2,True,False,True,0.13991255326855886,0.13991255326855886
prefix_own_s42_unsafe_write,boytakepath,492,0,0,2,True,False,True,0.4147932149792584,0.4147932149792584
prefix_own_s42_unsafe_write,boytakepath,493,0,0,2,True,False,True,0.2930076902855559,0.2930076902855559
prefix_own_s42_unsafe_write,boytakepath,495,0,0,2,True,False,True,0.3233151349537009,0.3233151349537009
prefix_own_s42_unsafe_write,boytakepath,496,0,0,2,True,False,True,0.2989772934850025,0.2989772934850025
prefix_own_s42_unsafe_write,boytakepath,499,0,0,2,True,False,True,0.13191870024009927,0.13191870024009927
prefix_own_s42_unsafe_write,boytakepath,500,0,0,2,True,False,True,0.09884868096625822,0.09884868096625822
prefix_own_s42_unsafe_write,boytakepath,501,0,0,2,True,False,True,0.0,0.0
prefix_own_s42_unsafe_write,boytakepath,502,0,0,2,True,False,True,0.0,0.0
prefix_own_s42_unsafe_write,boytakepath,503,0,0,2,True,False,True,0.13283860527868577,0.13283860527868577
prefix_own_s42_unsafe_write,boytakepath,504,0,0,2,True,False,True,0.09856991548957582,0.09856991548957582
prefix_own_s42_unsafe_write,boytakepath,506,0,0,2,True,False,True,0.23322859395311152,0.23322859395311152
prefix_own_s42_unsafe_write,boytakepath,507,0,0,2,True,False,True,0.24935615584922788,0.24935615584922788
prefix_own_s42_unsafe_write,boytakepath,508,0,0,2,True,False,True,0.21020778615395413,0.21020778615395413
prefix_own_s42_unsafe_write,boytakepath,509,0,0,2,True,False,True,0.2164940533998004,0.2164940533998004
prefix_own_s42_unsafe_write,boytakepath,510,2,0,2,True,False,True,0.00114069966531331,0.0
prefix_own_s42_unsafe_write,boytakepath,511,0,0,2,True,False,True,0.0,0.0
prefix_own_s42_unsafe_write,boytakepath,513,0,0,2,True,False,True,0.0,0.0
prefix_own_s42_unsafe_write,boytakepath,514,0,0,2,True,False,True,0.0,0.0
prefix_own_s42_unsafe_write,boytakepath,515,0,0,2,True,False,True,0.0,0.0
prefix_own_s42_unsafe_write,boytakepath,516,2,3,2,True,False,True,0.0,0.0
prefix_own_s42_unsafe_write,boytakepath,517,0,0,2,True,False,True,0.0,0.0
prefix_own_s42_unsafe_write,boytakepath,527,0,0,2,True,False,True,0.0,0.0
prefix_own_s42_unsafe_write,boytakepath,528,0,1,2,True,False,True,0.0,0.0
prefix_own_s42_unsafe_write,boytakepath,529,0,1,2,True,False,True,0.0,0.0
prefix_own_s42_unsafe_write,boytakepath,530,0,1,1,True,False,True,0.0,0.16344207018019344
prefix_own_s42_unsafe_write,boytakepath,532,0,0,2,True,False,True,0.754372665983643,0.754372665983643
prefix_own_s42_unsafe_write,boytakepath,533,0,0,2,True,False,True,0.42945030024190367,0.42945030024190367
prefix_own_s42_unsafe_write,boytakepath,534,0,0,2,True,False,True,0.3020168783799455,0.3020168783799455
prefix_own_s42_unsafe_write,boytakepath,535,0,0,2,True,False,True,0.5407903985327693,0.5407903985327693
prefix_own_s42_unsafe_write,boytakepath,536,0,0,2,True,False,True,0.6623537887873976,0.6623537887873976
prefix_own_s42_unsafe_write,boytakepath,565,0,0,2,True,False,True,0.46393455388840277,0.46393455388840277
prefix_own_s42_unsafe_write,boytakepath,566,2,2,2,True,False,True,0.22847070641672096,0.0
prefix_own_s42_unsafe_write,boytakepath,567,2,0,2,True,False,True,0.0,0.0
prefix_own_s42_unsafe_write,boytakepath,568,0,0,2,True,False,True,0.0,0.0
prefix_own_s42_unsafe_write,boytakepath,569,0,0,2,True,False,True,0.0,0.0
prefix_own_s42_unsafe_write,boytakepath,571,0,0,2,True,False,True,0.0,0.0
prefix_own_s42_unsafe_write,boytakepath,572,2,0,2,True,False,True,0.0,0.0
prefix_own_s42_unsafe_write,boytakepath,573,0,0,2,True,False,True,0.0,0.0
prefix_own_s42_unsafe_write,boytakepath,575,0,2,2,True,False,True,0.0,0.0
prefix_own_s42_unsafe_write,boytakepath,576,0,1,1,True,False,True,0.0,0.0
prefix_own_s42_unsafe_write,boytakepath,577,0,1,2,True,False,True,0.0,0.0
prefix_own_s42_unsafe_write,boytakepath,578,0,0,2,True,False,True,0.0,0.0
prefix_own_s42_unsafe_write,boytakepath,579,0,0,2,True,False,True,0.0,0.0
prefix_own_s42_unsafe_write,boytakepath,580,0,0,2,True,False,True,0.0,0.0
prefix_own_s42_unsafe_write,boytakepath,581,2,4,2,True,False,True,0.0,0.0
prefix_own_s42_unsafe_write,boytakepath,582,2,1,2,True,False,True,0.01267268508623355,0.0
prefix_own_s42_unsafe_write,boytakepath,583,2,0,2,True,False,True,0.0,0.0
prefix_own_s42_unsafe_write,boytakepath,584,0,1,2,True,False,True,0.0,0.07913113671649868
prefix_own_s42_unsafe_write,boytakepath,585,0,0,2,True,False,True,0.20824989078527711,0.20824989078527711
prefix_own_s42_unsafe_write,boytakepath,586,0,0,2,True,False,True,0.40377951657824235,0.40377951657824235
prefix_own_s42_unsafe_write,boytakepath,602,0,0,2,True,False,True,0.6381394648438502,0.6381394648438502
prefix_own_s42_unsafe_write,boytakepath,632,0,0,2,True,False,True,0.0,0.0
prefix_own_s42_unsafe_write,boytakepath,633,0,0,2,True,False,True,0.0,0.0
prefix_own_s42_unsafe_write,boytakepath,634,0,0,2,True,False,True,0.0,0.0
prefix_own_s42_unsafe_write,boytakepath,635,0,0,2,True,False,True,0.0,0.0
prefix_own_s42_unsafe_write,boytakepath,636,2,1,2,True,False,True,0.0,0.04559378998517188
prefix_own_s42_unsafe_write,boytakepath,637,0,0,2,True,False,True,0.0,0.0
prefix_own_s42_unsafe_write,boytakepath,638,0,0,2,True,False,True,0.0,0.0
prefix_own_s42_unsafe_write,boytakepath,639,0,0,2,True,False,True,0.0,0.0
prefix_own_s42_unsafe_write,boytakepath,643,0,0,2,True,False,True,0.008063301307930553,0.008063301307930553
prefix_own_s42_unsafe_write,boytakepath,644,0,0,2,True,False,True,0.0,0.0
prefix_own_s42_unsafe_write,boytakepath,645,0,0,2,True,False,True,0.0,0.0
prefix_own_s42_unsafe_write,boytakepath,648,0,0,2,True,False,True,0.13942557290764793,0.13942557290764793
prefix_own_s42_unsafe_write,boytakepath,650,0,0,2,True,False,True,0.0,0.0
prefix_own_s42_unsafe_write,boytakepath,652,0,0,2,True,False,True,0.0,0.0
prefix_own_s42_unsafe_write,boytakepath,656,0,0,2,True,False,True,0.011808816161314349,0.011808816161314349
prefix_own_s42_unsafe_write,boytakepath,657,0,0,2,True,False,True,0.0085724143983668,0.0085724143983668
prefix_own_s42_unsafe_write,boytakepath,658,2,0,2,True,False,True,0.0,0.0
prefix_own_s42_unsafe_write,boytakepath,659,2,1,2,True,False,True,0.0,0.011146444323776298
prefix_own_s42_unsafe_write,boytakepath,660,2,0,2,True,False,True,0.015202981716792628,0.004844598532318324
prefix_own_s42_unsafe_write,boytakepath,661,0,0,2,True,False,True,0.0077796236393571,0.0077796236393571
prefix_own_s42_unsafe_write,boytakepath,662,0,0,2,True,False,True,0.0,0.0
prefix_own_s42_unsafe_write,boytakepath,663,0,0,2,True,False,True,0.0,0.0
prefix_own_s42_unsafe_write,boytakepath,664,0,0,2,True,False,True,0.006881700159231882,0.006881700159231882
prefix_own_s42_unsafe_write,boytakepath,665,0,0,2,True,False,True,0.00047340354580644914,0.00047340354580644914
prefix_own_s42_unsafe_write,boytakepath,666,0,0,2,True,False,True,0.0,0.0
prefix_own_s42_unsafe_write,boytakepath,675,0,0,2,True,False,True,0.0,0.0
prefix_own_s42_unsafe_write,boytakepath,688,0,0,2,True,False,True,0.0,0.0
prefix_own_s42_unsafe_write,boytakepath,731,0,0,2,True,False,True,0.0,0.0
prefix_own_s42_unsafe_write,boytakepath,732,0,0,2,True,False,True,0.0,0.0
prefix_own_s42_unsafe_write,boytakepath,733,0,0,2,True,False,True,0.0,0.0
prefix_own_s42_unsafe_write,boytakepath,736,0,0,2,True,False,True,0.0,0.0
prefix_own_s42_unsafe_write,boytakepath,747,0,0,2,True,False,True,0.0,0.0
prefix_own_s42_unsafe_write,boytakepath,750,0,0,2,True,False,True,0.0,0.0
prefix_own_s42_unsafe_write,boytakepath,754,0,0,2,True,False,True,0.0,0.0
prefix_own_s42_unsafe_write,boytakepath,755,0,0,2,True,False,True,0.0,0.0
prefix_own_s42_unsafe_write,boytakepath,756,2,2,2,True,False,True,0.0,0.08337678511438297
prefix_own_s42_unsafe_write,dotat43,92,0,2,0,False,False,True,0.0,0.0
prefix_own_s42_unsafe_write,dotat43,95,0,1,0,False,False,True,0.0,0.0
prefix_own_s42_unsafe_write,dotat43,107,0,0,0,False,False,True,0.0,0.8846099606953358
prefix_own_s42_unsafe_write,dotat43,173,0,0,2,True,False,True,0.7510480450964118,0.7510480450964118
prefix_own_s42_unsafe_write,dotat43,226,0,0,0,False,False,True,0.0,0.8728781851341443
prefix_own_s42_unsafe_write,dotat43,228,0,1,0,False,False,True,0.8834131148539676,0.0
prefix_own_s42_unsafe_write,dotat43,237,0,1,0,False,False,True,0.0,0.749474931062204
prefix_own_s42_unsafe_write,dotat43,260,0,1,0,False,False,True,0.7872189559729644,0.0
prefix_own_s42_unsafe_write,dotat43,281,0,1,0,False,False,True,0.0,0.7616204892130813
prefix_own_s42_unsafe_write,dotat43,337,0,0,0,False,False,True,0.6678114704586794,0.0
prefix_own_s42_unsafe_write,dotat43,340,0,0,0,False,False,True,0.0,0.8058981302764137
prefix_own_s42_unsafe_write,dotat43,417,0,0,0,False,False,True,0.9447684624508593,0.0
prefix_own_s42_unsafe_write,dotat43,421,0,0,0,False,False,True,0.0,0.9224678564148615
prefix_own_s42_unsafe_write,dotat43,429,0,0,0,False,False,True,0.0,0.7718214086661314
prefix_own_s42_unsafe_write,dotat43,434,0,1,0,False,False,True,0.0,0.0
prefix_own_s42_unsafe_write,dotat43,439,0,0,0,False,False,True,0.0,0.8773272629883448
prefix_own_s42_unsafe_write,dotat43,443,0,1,0,False,False,True,0.6706342051459457,0.0
prefix_own_s42_unsafe_write,dotat43,445,0,4,0,False,False,True,0.0,0.6636605282130363
prefix_own_s42_unsafe_write,dotat43,453,0,1,0,False,False,True,0.0,0.0
prefix_own_s42_unsafe_write,dotat43,455,0,0,0,False,False,True,0.0,0.8106517440705892
prefix_own_s42_unsafe_write,dotat43,469,0,3,0,False,False,True,0.7049865148305619,0.0
prefix_own_s42_unsafe_write,dotat43,470,0,2,2,True,False,True,0.0,0.5504269813112094
prefix_own_s42_unsafe_write,dotat43,488,0,3,0,False,False,True,0.0,0.0
prefix_own_s42_unsafe_write,dotat43,489,0,0,0,False,False,True,0.0,0.0
prefix_own_s42_unsafe_write,dotat43,490,0,0,0,False,False,True,0.0,0.0
prefix_own_s42_unsafe_write,dotat43,491,0,2,0,False,False,True,0.0,0.0
prefix_own_s42_unsafe_write,dotat43,493,0,0,2,True,False,True,0.0,0.0
prefix_own_s42_unsafe_write,dotat43,495,0,2,0,False,False,True,0.0,0.0
prefix_own_s42_unsafe_write,dotat43,496,0,0,2,True,False,True,0.0,0.788672011563714
prefix_own_s42_unsafe_write,dotat43,501,0,3,0,False,False,True,0.0,0.0
prefix_own_s42_unsafe_write,dotat43,506,0,3,2,True,False,True,0.0,0.0
prefix_own_s42_unsafe_write,dotat43,507,0,3,2,True,False,True,0.0,0.6586428468434238
prefix_own_s42_unsafe_write,dotat43,511,0,1,0,False,False,True,0.2744146204521832,0.29156224924055074
prefix_own_s42_unsafe_write,dotat43,513,0,0,2,True,False,True,0.22233506039700254,0.22233506039700254
prefix_own_s42_unsafe_write,dotat43,528,0,0,2,True,False,True,0.8109568338948918,0.8109568338948918
prefix_own_s42_unsafe_write,dotat43,532,0,1,0,False,False,True,0.0,0.6710085946663444
prefix_own_s42_unsafe_write,dotat43,535,0,4,0,False,False,True,0.0,0.0
prefix_own_s42_unsafe_write,dotat43,540,0,0,2,True,False,True,0.6946119024687911,0.0
prefix_own_s42_unsafe_write,dotat43,541,0,1,0,False,False,True,0.0,0.0
prefix_own_s42_unsafe_write,dotat43,543,0,3,2,True,False,True,0.0,0.0
prefix_own_s42_unsafe_write,dotat43,544,1,3,1,True,False,True,0.0,0.0
prefix_own_s42_unsafe_write,dotat43,546,0,1,0,False,False,True,0.0,0.0
prefix_own_s42_unsafe_write,dotat43,547,0,0,0,False,False,True,0.0,0.0
prefix_own_s42_unsafe_write,dotat43,548,0,2,0,False,False,True,0.0,0.0
prefix_own_s42_unsafe_write,dotat43,549,0,1,2,True,False,True,0.0,0.789599252192979
prefix_own_s42_unsafe_write,dotat43,598,0,3,0,False,False,True,0.7405128150321072,0.0
prefix_own_s42_unsafe_write,dotat43,605,0,0,0,False,False,True,0.0,0.0
prefix_own_s42_unsafe_write,dotat43,606,0,0,0,False,False,True,0.0,0.0
prefix_own_s42_unsafe_write,dotat43,609,2,2,2,True,False,True,0.0,0.0
prefix_own_s42_unsafe_write,dotat43,610,2,2,2,True,False,True,0.0,0.0
prefix_own_s42_unsafe_write,dotat43,611,2,0,2,True,False,True,0.0,0.0
prefix_own_s42_unsafe_write,dotat43,612,0,0,2,True,False,True,0.0,0.0
prefix_own_s42_unsafe_write,dotat43,613,0,0,2,True,False,True,0.0,0.0
prefix_own_s42_unsafe_write,dotat43,614,2,1,2,True,False,True,0.0,0.0
prefix_own_s42_unsafe_write,dotat43,615,2,0,2,True,False,True,0.0,0.0
prefix_own_s42_unsafe_write,dotat43,616,0,0,2,True,False,True,0.0,0.0
prefix_own_s42_unsafe_write,dotat43,617,2,1,2,True,False,True,0.0,0.0
prefix_own_s42_unsafe_write,dotat43,618,0,0,2,True,False,True,0.0,0.0
prefix_own_s42_unsafe_write,dotat43,619,2,1,2,True,False,True,0.0,0.008086809337691495
prefix_own_s42_unsafe_write,dotat43,620,0,0,2,True,False,True,0.0,0.0
prefix_own_s42_unsafe_write,dotat43,621,2,0,2,True,False,True,0.0,0.009596006546131413
prefix_own_s42_unsafe_write,dotat43,622,0,0,2,True,False,True,0.0,0.0
prefix_own_s42_unsafe_write,dotat43,623,2,1,2,True,False,True,0.030152835916241023,0.008928311984140506
prefix_own_s42_unsafe_write,dotat43,624,2,0,2,True,False,True,0.013416875869795024,0.005660266164207353
prefix_own_s42_unsafe_write,dotat43,625,2,0,2,True,False,True,0.00906802720727144,0.003420984330826399
prefix_own_s42_unsafe_write,dotat43,633,0,0,2,True,False,True,0.00906464279088133,0.00906464279088133
prefix_own_s42_unsafe_write,dotat43,634,0,0,2,True,False,True,0.008889119302822941,0.008889119302822941
prefix_own_s42_unsafe_write,dotat43,642,0,0,2,True,False,True,0.009116475019244829,0.009116475019244829
prefix_own_s42_unsafe_write,dotat43,644,0,0,2,True,False,True,0.009730084655551762,0.009730084655551762
prefix_own_s42_unsafe_write,dotat43,645,0,0,2,True,False,True,0.010956791376836719,0.010956791376836719
prefix_own_s42_unsafe_write,dotat43,647,0,0,2,True,False,True,0.013201015149396297,0.013201015149396297
prefix_own_s42_unsafe_write,dotat43,648,0,0,2,True,False,True,0.013612773774277331,0.013612773774277331
prefix_own_s42_unsafe_write,dotat43,650,0,0,2,True,False,True,0.015052042688433588,0.015052042688433588
prefix_own_s42_unsafe_write,dotat43,654,0,0,2,True,False,True,0.018992273300139723,0.018992273300139723
prefix_own_s42_unsafe_write,dotat43,656,0,0,2,True,False,True,0.024569729804681594,0.024569729804681594
prefix_own_s42_unsafe_write,dotat43,657,0,0,2,True,False,True,0.028894913237357222,0.028894913237357222
prefix_own_s42_unsafe_write,dotat43,658,0,0,2,True,False,True,0.0339194553487593,0.0339194553487593
prefix_own_s42_unsafe_write,dotat43,659,0,0,2,True,False,True,0.04666857272175307,0.04666857272175307
prefix_own_s42_unsafe_write,dotat43,660,0,0,2,True,False,True,0.057996024730047106,0.057996024730047106
prefix_own_s42_unsafe_write,dotat43,661,0,0,2,True,False,True,0.036093830668802306,0.036093830668802306
prefix_own_s42_unsafe_write,dotat43,662,0,0,2,True,False,True,0.03581902254700833,0.03581902254700833
prefix_own_s42_unsafe_write,dotat43,663,0,2,2,True,False,True,0.03994224270881544,0.0
prefix_own_s42_unsafe_write,dotat43,664,2,1,2,True,False,True,0.0,0.0
prefix_own_s42_unsafe_write,dotat43,665,1,2,1,True,False,True,0.03693297597580475,0.0
prefix_own_s42_unsafe_write,dotat43,666,0,2,2,True,False,True,0.0,0.4629080846776597
prefix_own_s42_unsafe_write,dotat43,686,0,0,2,True,False,True,0.7998446614238153,0.7998446614238153
prefix_own_s42_unsafe_write,dotat43,706,0,1,0,False,False,True,0.7857911788052957,0.0
prefix_own_s42_unsafe_write,dotat43,707,0,0,0,False,False,True,0.0,0.7842849942439257
prefix_own_s42_unsafe_write,dotat43,713,0,1,0,False,False,True,0.8394965855014916,0.0
prefix_own_s42_unsafe_write,dotat43,714,0,1,2,True,False,True,0.0,0.7453293421907381
prefix_own_s42_unsafe_write,dotat43,716,0,2,0,False,False,True,0.019473851367038247,0.0
prefix_own_s42_unsafe_write,dotat43,717,0,0,0,False,False,True,0.0,0.0
prefix_own_s42_unsafe_write,dotat43,718,0,1,0,False,False,True,0.0,0.8375461135484386
prefix_own_s42_unsafe_write,dotat43,747,0,1,0,False,False,True,0.787206591873589,0.0
prefix_own_s42_unsafe_write,dotat43,750,0,3,2,True,False,True,0.771327552767778,0.0
prefix_own_s42_unsafe_write,dotat43,766,0,3,0,False,False,True,0.0,0.8732678830761202
prefix_own_s42_unsafe_write,dotat43,768,0,1,0,False,False,True,0.8832691702470028,0.0
prefix_own_s42_unsafe_write,dotat43,782,0,1,0,False,False,True,0.0,0.0
prefix_own_s42_unsafe_write,dotat43,788,0,2,0,False,False,True,0.0,0.8108038367142493
prefix_own_s42_unsafe_write,dotat43,792,0,1,0,False,False,True,0.7689437032139284,0.0
prefix_own_s42_unsafe_write,dotat43,795,0,1,0,False,False,True,0.0,0.0
prefix_own_s42_unsafe_write,dotat43,801,0,0,2,True,False,True,0.0,0.0
prefix_own_s42_unsafe_write,dotat43,802,0,0,0,False,False,True,0.0,0.8671243582143372
prefix_own_s42_unsafe_write,dotat43,806,0,1,0,False,False,True,0.7480832425976817,0.46738207937805
prefix_own_s42_unsafe_write,dotat43,808,0,1,0,False,False,True,0.8327071264154771,0.10963789616220791
prefix_own_s42_unsafe_write,dotat43,817,0,1,0,False,False,True,0.9070446651372913,0.0
prefix_own_s42_unsafe_write,dotat43,818,0,0,2,True,False,True,0.0016312248046674628,0.0
prefix_own_s42_unsafe_write,dotat43,819,0,1,2,True,False,True,0.0,0.5268742203203984
prefix_own_s42_unsafe_write,dotat43,832,0,0,0,False,False,True,0.8028058333738369,0.016308057302223917
prefix_own_s42_unsafe_write,dotat43,838,0,0,0,False,False,True,0.026811102172903382,0.825002222605418
prefix_own_s42_unsafe_write,dotat43,845,0,0,0,False,False,True,0.7692238121242994,0.0
prefix_own_s42_unsafe_write,dotat43,847,0,1,0,False,False,True,0.0,0.0
prefix_own_s42_unsafe_write,dotat43,848,0,2,0,False,False,True,0.0,0.6838751903599829
prefix_own_s42_unsafe_write,dotat43,853,0,1,0,False,False,True,0.40481439986393264,0.0
prefix_own_s42_unsafe_write,dotat43,854,0,0,2,True,False,True,0.0,0.60971007409078
prefix_own_s42_unsafe_write,dotat43,867,0,0,2,True,False,True,0.8848231075814313,0.8848231075814313
prefix_own_s42_unsafe_write,dotat43,912,0,3,0,False,False,True,0.8334362547730354,0.0
prefix_own_s42_unsafe_write,dotat43,913,0,1,0,False,False,True,0.0,0.0
prefix_own_s42_unsafe_write,dotat43,926,0,0,2,True,False,True,0.8359731691120323,0.8359731691120323
prefix_own_s42_unsafe_write,dotat43,927,0,0,2,True,False,True,0.7830732502552953,0.7830732502552953
prefix_own_s42_unsafe_write,dotat43,928,0,0,2,True,False,True,0.8440952704037085,0.8440952704037085
prefix_own_s42_unsafe_write,dotat43,929,0,0,2,True,False,True,0.8458416455704206,0.8458416455704206
prefix_own_s42_unsafe_write,exercisebook,169,0,1,0,False,False,True,0.743723195807699,0.07909047493906796
prefix_own_s42_unsafe_write,exercisebook,180,0,1,0,False,False,True,0.08584935756793455,0.9162471080252008
prefix_own_s42_unsafe_write,exercisebook,322,0,1,0,False,False,True,0.05337961336911073,0.7161732898073853
prefix_own_s42_unsafe_write,exercisebook,758,0,1,0,False,False,True,0.3739232089465768,0.0
prefix_own_s42_unsafe_write,exercisebook,772,0,0,0,False,False,True,0.5045502239124962,0.0
prefix_own_s42_unsafe_write,exercisebook,774,0,1,0,False,False,True,0.0,0.33126834089545804
prefix_own_s42_unsafe_write,exercisebook,847,0,0,2,True,False,True,0.3670185687979736,0.3670185687979736
prefix_own_s42_unsafe_write,exercisebook,879,0,1,0,False,False,True,0.5371406269823027,0.0
prefix_own_s42_unsafe_write,exercisebook,916,0,0,0,False,False,True,0.8888792829029599,0.0
prefix_own_s42_unsafe_write,exercisebook,940,0,0,2,True,False,True,0.6176109260232296,0.6176109260232296
prefix_own_s42_unsafe_write,exercisebook,981,0,0,0,False,False,True,0.45965655327354055,0.0
prefix_own_s42_unsafe_write,exercisebook,988,0,0,2,True,False,True,0.0,0.0
prefix_own_s42_unsafe_write,exercisebook,989,0,0,2,True,False,True,0.0,0.0
prefix_own_s42_unsafe_write,exercisebook,990,0,0,2,True,False,True,0.0,0.0
prefix_own_s42_unsafe_write,exercisebook,991,0,0,2,True,False,True,0.0,0.0
prefix_own_s42_unsafe_write,exercisebook,993,0,2,2,True,False,True,0.0,0.5891727069373244
prefix_own_s42_unsafe_write,exercisebook,1116,0,0,0,False,False,True,0.06999662338110837,0.7563969636881118
prefix_own_s42_unsafe_write,exercisebook,1156,0,1,0,False,False,True,0.0,0.7173440303063011
prefix_own_s42_unsafe_write,exercisebook,1159,0,0,2,True,False,True,0.8446598487193465,0.8446598487193465
prefix_own_s42_unsafe_write,folddenumbrellainhand,16,2,0,2,True,False,True,0.060089960093817354,0.6080182030024385
prefix_own_s42_unsafe_write,girlblack,195,0,1,0,False,False,True,0.0,0.7987871667711862
prefix_own_s42_unsafe_write,girlblack,350,0,1,2,True,False,True,0.0,0.0
prefix_own_s42_unsafe_write,girlintrees,13,0,0,2,True,False,True,0.45370731884671,0.45370731884671
prefix_own_s42_unsafe_write,girlintrees,14,2,0,2,True,False,True,0.31143583812805153,0.0
prefix_own_s42_unsafe_write,girlintrees,25,0,1,0,False,False,True,0.0,0.6073132037140861
prefix_own_s42_unsafe_write,girlintrees,55,0,0,2,True,False,True,0.5991591151561787,0.5991591151561787
prefix_own_s42_unsafe_write,guardatbike_ab,44,0,0,2,True,False,False,,
prefix_own_s42_unsafe_write,guardatbike_ab,45,0,0,2,True,False,False,,
prefix_own_s42_unsafe_write,guardatbike_ab,46,0,0,2,True,False,False,,
prefix_own_s42_unsafe_write,guardatbike_ab,48,0,0,2,True,False,False,,
prefix_own_s42_unsafe_write,guardatbike_ab,49,0,0,2,True,False,False,,
prefix_own_s42_unsafe_write,guardatbike_ab,50,0,2,2,True,False,False,,
prefix_own_s42_unsafe_write,guardatbike_ab,78,0,0,2,True,False,True,0.0,0.0
prefix_own_s42_unsafe_write,guardatbike_ab,79,0,0,2,True,False,True,0.0,0.0
prefix_own_s42_unsafe_write,guardatbike_ab,80,0,0,2,True,False,True,0.0,0.0
prefix_own_s42_unsafe_write,guardatbike_ab,81,0,0,2,True,False,True,0.0,0.0
prefix_own_s42_unsafe_write,guardatbike_ab,82,0,0,2,True,False,True,0.0,0.0
prefix_own_s42_unsafe_write,guardatbike_ab,83,0,0,2,True,False,True,0.0,0.0
prefix_own_s42_unsafe_write,guardatbike_ab,84,0,0,2,True,False,True,0.0,0.0
prefix_own_s42_unsafe_write,guardatbike_ab,85,0,0,2,True,False,True,0.0,0.0
prefix_own_s42_unsafe_write,guardatbike_ab,86,0,0,2,True,False,True,0.0,0.0
prefix_own_s42_unsafe_write,guardatbike_ab,87,0,0,2,True,False,True,0.0,0.0
prefix_own_s42_unsafe_write,guardatbike_ab,88,0,0,2,True,False,True,0.0,0.0
prefix_own_s42_unsafe_write,guardatbike_ab,89,0,0,2,True,False,True,0.0,0.0
prefix_own_s42_unsafe_write,guardatbike_ab,90,0,0,2,True,False,True,0.0,0.0
prefix_own_s42_unsafe_write,guardatbike_ab,91,0,0,2,True,False,True,0.0,0.0
prefix_own_s42_unsafe_write,guardatbike_ab,92,0,0,2,True,False,True,0.0,0.0
prefix_own_s42_unsafe_write,guardatbike_ab,93,0,0,2,True,False,True,0.0,0.0
prefix_own_s42_unsafe_write,guardatbike_ab,94,0,0,2,True,False,True,0.0,0.0
prefix_own_s42_unsafe_write,guardatbike_ab,95,0,1,2,True,False,True,0.0,0.19032567355181493
prefix_own_s42_unsafe_write,guardman,71,0,0,2,True,False,True,0.0,0.6159937534548741
prefix_own_s42_unsafe_write,guardman,72,0,0,2,True,False,True,0.715074480735865,0.715074480735865
prefix_own_s42_unsafe_write,guardman,73,0,1,2,True,False,True,0.6462128388006186,0.0
prefix_own_s42_unsafe_write,guardman,79,0,0,2,True,False,True,0.0,0.0
prefix_own_s42_unsafe_write,guardman,81,0,1,2,True,False,True,0.0,0.0
prefix_own_s42_unsafe_write,guardman,82,0,0,2,True,False,True,0.0,0.0
prefix_own_s42_unsafe_write,guardman,84,0,0,2,True,False,True,0.0,0.0
prefix_own_s42_unsafe_write,guardman,85,0,0,2,True,False,True,0.0,0.0
prefix_own_s42_unsafe_write,guardman,89,0,0,2,True,False,True,0.0,0.0
prefix_own_s42_unsafe_write,guardman,91,0,0,2,True,False,True,0.0,0.0
prefix_own_s42_unsafe_write,guardman,99,0,0,2,True,False,True,0.0,0.0
prefix_own_s42_unsafe_write,guardman,101,0,0,2,True,False,True,0.0,0.0
prefix_own_s42_unsafe_write,guardman,110,0,0,2,True,False,True,0.0,0.0
prefix_own_s42_unsafe_write,guardman,111,0,0,2,True,False,True,0.0,0.0
prefix_own_s42_unsafe_write,leftbasketball,55,0,0,2,True,False,True,0.256889743068045,0.256889743068045
prefix_own_s42_unsafe_write,leftbasketball,56,0,0,2,True,False,True,0.29513400957046687,0.29513400957046687
prefix_own_s42_unsafe_write,leftbasketball,57,0,0,2,True,False,True,0.4019724583334722,0.4019724583334722
prefix_own_s42_unsafe_write,leftbasketball,60,0,0,2,True,False,True,0.21663729932933587,0.21663729932933587
prefix_own_s42_unsafe_write,leftbasketball,107,0,1,0,False,False,True,0.5588899595199073,0.0
prefix_own_s42_unsafe_write,leftbasketball,108,2,0,2,True,False,True,0.47305315608340504,0.6234620315934593
prefix_own_s42_unsafe_write,leftbasketball,120,2,2,2,True,False,True,0.9087438735329735,0.10431347250039376
prefix_own_s42_unsafe_write,leftbasketball,121,0,0,2,True,False,True,0.1606595433799446,0.1606595433799446
prefix_own_s42_unsafe_write,leftbasketball,124,0,0,2,True,False,True,0.0407665541869295,0.0407665541869295
prefix_own_s42_unsafe_write,leftbasketball,125,0,0,2,True,False,True,0.018501140826227315,0.018501140826227315
prefix_own_s42_unsafe_write,leftbasketball,205,0,0,2,True,False,True,0.4194165725110828,0.4194165725110828
prefix_own_s42_unsafe_write,leftbasketball,217,0,0,2,True,False,True,0.7299105107989103,0.7299105107989103
prefix_own_s42_unsafe_write,leftbasketball,232,0,0,2,True,False,True,0.8062210904244352,0.8062210904244352
prefix_own_s42_unsafe_write,leftbasketball,248,0,0,2,True,False,True,0.7416930682026589,0.0
prefix_own_s42_unsafe_write,leftbasketball,305,0,1,0,False,False,True,0.5346650679275112,0.0
prefix_own_s42_unsafe_write,leftbasketball,306,0,0,2,True,False,True,0.0,0.0
prefix_own_s42_unsafe_write,leftbasketball,307,2,1,2,True,False,True,0.0,0.4265954946194173
prefix_own_s42_unsafe_write,leftbasketball,310,0,1,0,False,False,True,0.35613809491282933,0.0
prefix_own_s42_unsafe_write,leftbasketball,311,1,0,1,True,False,True,0.0,0.0
prefix_own_s42_unsafe_write,leftbasketball,312,2,2,2,True,False,True,0.0,0.0
prefix_own_s42_unsafe_write,leftbasketball,313,0,1,2,True,False,True,0.0,0.018254230482197067
prefix_own_s42_unsafe_write,leftbasketball,314,2,0,2,True,False,True,0.0,0.1300747979311158
prefix_own_s42_unsafe_write,leftbasketball,315,0,0,2,True,False,True,0.02087300361752571,0.02087300361752571
prefix_own_s42_unsafe_write,leftbasketball,316,0,0,2,True,False,True,0.0,0.694935908026331
prefix_own_s42_unsafe_write,leftbasketball,325,2,3,2,True,False,True,0.07177347421301207,0.0
prefix_own_s42_unsafe_write,leftbasketball,326,2,0,2,True,False,True,0.0,0.09469833152962988
prefix_own_s42_unsafe_write,leftbasketball,327,2,1,2,True,False,True,0.09376213684210306,0.05018349755471509
prefix_own_s42_unsafe_write,leftbasketball,328,2,0,2,True,False,True,0.0933106130080822,0.0434280601769002
prefix_own_s42_unsafe_write,leftbasketball,329,2,0,2,True,False,True,0.11745159482445625,0.04714130399761611
prefix_own_s42_unsafe_write,leftbasketball,331,2,0,2,True,False,True,0.12363239873166364,0.05336514430222614
prefix_own_s42_unsafe_write,leftbasketball,333,2,0,2,True,False,True,0.031010555063224705,0.030751153279718304
prefix_own_s42_unsafe_write,leftbasketball,335,2,0,2,True,False,True,0.004893434642063459,0.015469145584896881
prefix_own_s42_unsafe_write,leftbasketball,336,2,1,2,True,False,True,0.0007203907851299218,0.011865838599958047
prefix_own_s42_unsafe_write,leftbasketball,339,2,0,2,True,False,True,0.0,0.0
prefix_own_s42_unsafe_write,leftbasketball,340,2,0,2,True,False,True,0.0,0.00917151842774024
prefix_own_s42_unsafe_write,leftbasketball,341,2,0,2,True,False,True,0.09635689459723905,0.020573710128207738
prefix_own_s42_unsafe_write,leftbasketball,342,2,0,2,True,False,True,0.05540147075321563,0.0454259467819513
prefix_own_s42_unsafe_write,leftbasketball,344,2,0,2,True,False,True,0.0,0.03371484789385039
prefix_own_s42_unsafe_write,leftbasketball,346,0,0,2,True,False,True,0.5098799873559539,0.5098799873559539
prefix_own_s42_unsafe_write,leftbasketball,347,0,0,2,True,False,True,0.8347088348332609,0.8347088348332609
prefix_own_s42_unsafe_write,leftbasketball,348,0,0,2,True,False,True,0.703713274752315,0.703713274752315
prefix_own_s42_unsafe_write,leftbasketball,349,0,0,2,True,False,True,0.46283452568597894,0.46283452568597894
prefix_own_s42_unsafe_write,leftbasketball,351,2,0,2,True,False,True,0.32457935808719934,0.15253079458133598
prefix_own_s42_unsafe_write,leftbasketball,352,2,2,2,True,False,True,0.24239306598938945,0.057987189012540914
prefix_own_s42_unsafe_write,leftbasketball,353,2,2,2,True,False,True,0.10963023955196559,0.0
prefix_own_s42_unsafe_write,leftbasketball,354,2,0,2,True,False,True,0.0,0.0
prefix_own_s42_unsafe_write,leftbasketball,355,0,0,2,True,False,True,0.0,0.0
prefix_own_s42_unsafe_write,leftbasketball,356,2,0,2,True,False,True,0.0,0.0
prefix_own_s42_unsafe_write,leftbasketball,357,2,0,2,True,False,True,0.0,0.019530816566353772
prefix_own_s42_unsafe_write,leftbasketball,359,2,0,2,True,False,True,0.07278265288323538,0.011756236164996861
prefix_own_s42_unsafe_write,leftbasketball,360,2,0,2,True,False,True,0.06170912861181962,0.03511084822191467
prefix_own_s42_unsafe_write,leftbasketball,362,2,2,2,True,False,True,0.13558175700160016,0.02901608813056379
prefix_own_s42_unsafe_write,leftbasketball,363,2,2,2,True,False,True,0.07627555172803974,0.024713394272017013
prefix_own_s42_unsafe_write,leftbasketball,364,2,0,2,True,False,True,0.05844182053825847,0.018610119306144274
prefix_own_s42_unsafe_write,leftbasketball,366,2,0,2,True,False,True,0.11175255775704683,0.028539074263364744
prefix_own_s42_unsafe_write,leftbasketball,367,2,4,2,True,False,True,0.0,0.011839092219526061
prefix_own_s42_unsafe_write,leftbasketball,368,2,0,2,True,False,True,0.06817879251516089,0.012395197850423423
prefix_own_s42_unsafe_write,leftbasketball,369,0,0,2,True,False,True,0.005638946422282744,0.005638946422282744
prefix_own_s42_unsafe_write,leftbasketball,370,2,0,2,True,False,True,0.052855583473671794,0.013490528255442275
prefix_own_s42_unsafe_write,leftbasketball,371,2,0,2,True,False,True,0.03615786920479169,0.009342093044189597
prefix_own_s42_unsafe_write,leftbasketball,372,0,0,2,True,False,True,0.020631333083883985,0.020631333083883985
prefix_own_s42_unsafe_write,leftbasketball,373,2,0,2,True,False,True,0.05389462088313464,0.012715042466521121
prefix_own_s42_unsafe_write,leftbasketball,374,2,0,2,True,False,True,0.04212249529382378,0.009451964651943992
prefix_own_s42_unsafe_write,leftbasketball,375,0,0,2,True,False,True,0.026428922417469386,0.026428922417469386
prefix_own_s42_unsafe_write,leftbasketball,378,2,0,2,True,False,True,0.21872936061707782,0.06141652840661002
prefix_own_s42_unsafe_write,leftbasketball,379,2,1,2,True,False,True,0.09433120161995213,0.03209326285148741
prefix_own_s42_unsafe_write,leftbasketball,381,2,2,2,True,False,True,0.1030047675036571,0.03568380088850672
prefix_own_s42_unsafe_write,leftbasketball,383,2,0,2,True,False,True,0.13927924113694967,0.04571409129293337
prefix_own_s42_unsafe_write,leftbasketball,385,2,1,2,True,False,True,0.0,0.044551082729610045
prefix_own_s42_unsafe_write,leftbasketball,387,2,1,2,True,False,True,0.10010997595763975,0.04853241527694027
prefix_own_s42_unsafe_write,leftbasketball,388,2,0,2,True,False,True,0.0513738914589728,0.017639047643255922
prefix_own_s42_unsafe_write,leftbasketball,389,2,1,2,True,False,True,0.06341518087870637,0.015036866851563422
prefix_own_s42_unsafe_write,leftbasketball,391,2,0,2,True,False,True,0.08922771078381739,0.022976816966408676
prefix_own_s42_unsafe_write,leftbasketball,392,0,0,2,True,False,True,0.04641107834246622,0.04641107834246622
prefix_own_s42_unsafe_write,leftbasketball,393,2,1,2,True,False,True,0.06994745396934945,0.019665647297860103
prefix_own_s42_unsafe_write,leftbasketball,395,2,0,2,True,False,True,0.0,0.007892730282675628
prefix_own_s42_unsafe_write,leftbasketball,396,0,0,2,True,False,True,0.032259742474008896,0.032259742474008896
prefix_own_s42_unsafe_write,leftbasketball,397,2,0,2,True,False,True,0.0,0.02770521069173677
prefix_own_s42_unsafe_write,leftbasketball,398,2,0,2,True,False,True,0.026170637144901462,0.00539968440580726
prefix_own_s42_unsafe_write,leftbasketball,399,0,0,2,True,False,True,0.028091677825230338,0.028091677825230338
prefix_own_s42_unsafe_write,leftbasketball,400,2,0,2,True,False,True,0.06010106549411822,0.02179610166914769
prefix_own_s42_unsafe_write,leftbasketball,401,0,0,2,True,False,True,0.038888343264779544,0.038888343264779544
prefix_own_s42_unsafe_write,leftbasketball,402,2,1,2,True,False,True,0.054955798739218846,0.01618569644013391
prefix_own_s42_unsafe_write,leftbasketball,403,0,0,2,True,False,True,0.025251377298175042,0.025251377298175042
prefix_own_s42_unsafe_write,leftbasketball,404,2,1,2,True,False,True,0.03630504280586512,0.011353504514641358
prefix_own_s42_unsafe_write,leftbasketball,405,0,0,2,True,False,True,0.02118075544868774,0.02118075544868774
prefix_own_s42_unsafe_write,leftbasketball,406,0,0,2,True,False,True,0.04007145062414088,0.04007145062414088
prefix_own_s42_unsafe_write,leftbasketball,408,2,0,2,True,False,True,0.07792982249797488,0.045774648021836895
prefix_own_s42_unsafe_write,leftbasketball,410,2,2,2,True,False,True,0.03071330545306746,0.039066085411536465
prefix_own_s42_unsafe_write,leftbasketball,412,2,2,2,True,False,True,0.0,0.02685746653291856
prefix_own_s42_unsafe_write,leftbasketball,414,2,2,2,True,False,True,0.09278890919326277,0.028804150070193064
prefix_own_s42_unsafe_write,leftbasketball,416,2,1,2,True,False,True,0.07846561385191282,0.026746730026818426
prefix_own_s42_unsafe_write,leftbasketball,417,2,2,2,True,False,True,0.04211436464121636,0.018915114895210302
prefix_own_s42_unsafe_write,leftbasketball,419,2,1,2,True,False,True,0.0279840274183512,0.022431062484196605
prefix_own_s42_unsafe_write,leftbasketball,420,0,0,2,True,False,True,0.026059107543385574,0.026059107543385574
prefix_own_s42_unsafe_write,leftbasketball,421,2,1,2,True,False,True,0.08291670268337331,0.01919857176001657
prefix_own_s42_unsafe_write,leftbasketball,422,2,0,2,True,False,True,0.030342970534208882,0.014999868154547045
prefix_own_s42_unsafe_write,leftbasketball,423,2,0,2,True,False,True,0.03698740019961695,0.013729812893585474
prefix_own_s42_unsafe_write,leftbasketball,425,2,3,2,True,False,True,0.060795432184558705,0.02030026020911308
prefix_own_s42_unsafe_write,leftbasketball,427,2,2,2,True,False,True,0.06394246822481035,0.0
prefix_own_s42_unsafe_write,leftbasketball,428,2,0,2,True,False,True,0.0,0.022600730900453857
prefix_own_s42_unsafe_write,leftbasketball,429,2,0,2,True,False,True,0.06162831513381076,0.020519480127608944
prefix_own_s42_unsafe_write,leftbasketball,430,2,0,2,True,False,True,0.04605601994962253,0.01300544222578183
prefix_own_s42_unsafe_write,leftbasketball,431,2,1,2,True,False,True,0.03701576332865477,0.007396293517193608
prefix_own_s42_unsafe_write,leftbasketball,433,2,0,2,True,False,True,0.04197089765744052,0.010524192000452206
prefix_own_s42_unsafe_write,leftbasketball,434,2,2,2,True,False,True,0.02707652336368389,0.007730144577164183
prefix_own_s42_unsafe_write,leftbasketball,435,2,0,2,True,False,True,0.028830053222574616,0.008224513786233957
prefix_own_s42_unsafe_write,leftbasketball,436,2,0,2,True,False,True,0.03127031657623239,0.005412658626225161
prefix_own_s42_unsafe_write,leftbasketball,437,0,0,2,True,False,True,0.016169619069439378,0.016169619069439378
prefix_own_s42_unsafe_write,leftbasketball,439,2,1,2,True,False,True,0.0,0.019726174327857768
prefix_own_s42_unsafe_write,leftbasketball,440,2,0,2,True,False,True,0.03988708920122944,0.012917719171620325
prefix_own_s42_unsafe_write,leftbasketball,441,0,0,2,True,False,True,0.029123845662347117,0.029123845662347117
prefix_own_s42_unsafe_write,leftbasketball,442,2,0,2,True,False,True,0.036918375312688066,0.015202383762000107
prefix_own_s42_unsafe_write,leftbasketball,443,2,2,2,True,False,True,0.03614508006837447,0.0
prefix_own_s42_unsafe_write,leftbasketball,444,2,0,2,True,False,True,0.0091037174860279,0.010158890714090164
prefix_own_s42_unsafe_write,leftbasketball,445,2,0,2,True,False,True,0.029121981326643533,0.00852996998186399
prefix_own_s42_unsafe_write,leftbasketball,446,2,0,2,True,False,True,0.0286519914639002,0.006384600814306312
prefix_own_s42_unsafe_write,leftbasketball,447,0,0,2,True,False,True,0.014244433057118549,0.014244433057118549
prefix_own_s42_unsafe_write,leftbasketball,448,2,0,2,True,False,True,0.0,0.012687323742721725
prefix_own_s42_unsafe_write,leftbasketball,449,0,0,2,True,False,True,0.037539506300120866,0.037539506300120866
prefix_own_s42_unsafe_write,leftbasketball,450,0,0,2,True,False,True,0.09087081920163961,0.09087081920163961
prefix_own_s42_unsafe_write,leftbasketball,451,2,0,2,True,False,True,0.2378963113602042,0.04173391293893929
prefix_own_s42_unsafe_write,leftbasketball,452,2,2,2,True,False,True,0.2238512825917475,0.03207621327664034
prefix_own_s42_unsafe_write,leftbasketball,453,0,0,2,True,False,True,0.06947701460504847,0.06947701460504847
prefix_own_s42_unsafe_write,leftbasketball,454,2,3,2,True,False,True,0.16622000734677378,0.03735351804890458
prefix_own_s42_unsafe_write,leftbasketball,455,2,1,2,True,False,True,0.0523343184769922,0.019454714005377283
prefix_own_s42_unsafe_write,leftbasketball,456,2,0,2,True,False,True,0.02484544073834195,0.01809248618787078
prefix_own_s42_unsafe_write,leftbasketball,457,0,0,2,True,False,True,0.011968670799116236,0.011968670799116236
prefix_own_s42_unsafe_write,leftbasketball,458,0,0,2,True,False,True,0.1308902999392753,0.1308902999392753
prefix_own_s42_unsafe_write,leftbasketball,459,0,0,2,True,False,True,0.428026609356869,0.428026609356869
prefix_own_s42_unsafe_write,leftbasketball,528,2,0,2,True,False,True,0.24353035428054026,0.0669236877210325
prefix_own_s42_unsafe_write,leftbasketball,529,2,2,2,True,False,True,0.034258048548836885,0.0938935152312807
prefix_own_s42_unsafe_write,leftbasketball,530,2,1,2,True,False,True,0.01142831281972832,0.03559536795448767
prefix_own_s42_unsafe_write,leftbasketball,531,2,1,2,True,False,True,0.01976473840216017,0.016205703859081624
prefix_own_s42_unsafe_write,leftbasketball,532,0,0,2,True,False,True,0.035166308282215605,0.035166308282215605
prefix_own_s42_unsafe_write,leftbasketball,533,2,0,2,True,False,True,0.016865049787530208,0.03140453705516567
prefix_own_s42_unsafe_write,leftbasketball,534,2,1,2,True,False,True,0.030544907460751385,0.014260733564549792
prefix_own_s42_unsafe_write,leftbasketball,535,0,0,2,True,False,True,0.04650304716634167,0.04650304716634167
prefix_own_s42_unsafe_write,leftbasketball,536,2,2,2,True,False,True,0.01068982550478316,0.021316344937100516
prefix_own_s42_unsafe_write,leftbasketball,537,0,0,2,True,False,True,0.06448837719689957,0.06448837719689957
prefix_own_s42_unsafe_write,leftbasketball,538,2,0,2,True,False,True,0.027184216669037118,0.02475816193181027
prefix_own_s42_unsafe_write,leftbasketball,539,2,0,2,True,False,True,0.05884244306256372,0.00336315818159488
prefix_own_s42_unsafe_write,leftbasketball,540,0,0,2,True,False,True,0.0,0.0
prefix_own_s42_unsafe_write,leftbasketball,541,2,0,2,True,False,True,0.031082350246043933,0.034717124409698256
prefix_own_s42_unsafe_write,leftbasketball,542,2,3,2,True,False,True,0.03069322444154066,0.022884470515183022
prefix_own_s42_unsafe_write,leftbasketball,543,0,0,2,True,False,True,0.0,0.0
prefix_own_s42_unsafe_write,leftbasketball,544,2,1,2,True,False,True,0.0,0.018292136073055108
prefix_own_s42_unsafe_write,leftbasketball,545,0,0,2,True,False,True,0.0,0.0
prefix_own_s42_unsafe_write,leftbasketball,546,2,0,2,True,False,True,0.0,0.04175938413220503
prefix_own_s42_unsafe_write,leftbasketball,547,0,0,0,False,False,True,0.09958973660783069,0.0
prefix_own_s42_unsafe_write,leftbasketball,549,2,0,2,True,False,True,0.0,0.0
prefix_own_s42_unsafe_write,leftbasketball,551,2,0,2,True,False,True,0.0,0.07422859165307219
prefix_own_s42_unsafe_write,leftbasketball,552,0,1,0,False,False,True,0.08431392467860739,0.0
prefix_own_s42_unsafe_write,leftbasketball,587,2,2,2,True,False,True,0.0,0.0
prefix_own_s42_unsafe_write,leftbasketball,588,0,0,2,True,False,True,0.0,0.0
prefix_own_s42_unsafe_write,leftbasketball,589,2,0,2,True,False,True,0.0,0.0
prefix_own_s42_unsafe_write,leftbasketball,590,0,0,2,True,False,True,0.0,0.0
prefix_own_s42_unsafe_write,leftbasketball,593,2,0,2,True,False,True,0.0,0.0
prefix_own_s42_unsafe_write,leftbasketball,596,0,0,2,True,False,True,0.0,0.0
prefix_own_s42_unsafe_write,leftbasketball,599,0,0,2,True,False,True,0.0,0.0
prefix_own_s42_unsafe_write,leftbasketball,600,0,0,2,True,False,True,0.0,0.0
prefix_own_s42_unsafe_write,leftbasketball,601,0,1,2,True,False,True,0.0,0.0
prefix_own_s42_unsafe_write,leftbasketball,602,2,3,2,True,False,True,0.0,0.0
prefix_own_s42_unsafe_write,leftbasketball,603,0,0,2,True,False,True,0.0,0.0
prefix_own_s42_unsafe_write,leftbasketball,604,0,0,2,True,False,True,0.0,0.0
prefix_own_s42_unsafe_write,leftbasketball,605,0,1,2,True,False,True,0.0,0.0
prefix_own_s42_unsafe_write,leftbasketball,606,2,0,2,True,False,True,0.0,0.0
prefix_own_s42_unsafe_write,leftbasketball,611,0,0,2,True,False,True,0.0,0.0
prefix_own_s42_unsafe_write,leftbasketball,612,2,1,2,True,False,True,0.0,0.0
prefix_own_s42_unsafe_write,leftbasketball,613,0,0,2,True,False,True,0.0,0.0
prefix_own_s42_unsafe_write,leftbasketball,614,0,0,2,True,False,True,0.0,0.0
prefix_own_s42_unsafe_write,leftbasketball,615,0,0,2,True,False,True,0.0,0.0
prefix_own_s42_unsafe_write,leftbasketball,616,0,0,2,True,False,True,0.0,0.0
prefix_own_s42_unsafe_write,leftbasketball,617,0,0,2,True,False,True,0.0,0.0
prefix_own_s42_unsafe_write,leftbasketball,618,0,1,2,True,False,True,0.0,0.0
prefix_own_s42_unsafe_write,leftbasketball,619,2,0,2,True,False,True,0.0,0.0
prefix_own_s42_unsafe_write,leftbasketball,620,0,0,2,True,False,True,0.0,0.0
prefix_own_s42_unsafe_write,leftbasketball,621,0,0,2,True,False,True,0.0,0.0
prefix_own_s42_unsafe_write,leftbasketball,622,0,0,2,True,False,True,0.0,0.0
prefix_own_s42_unsafe_write,leftbasketball,623,0,0,2,True,False,True,0.0,0.0
prefix_own_s42_unsafe_write,leftbasketball,624,0,2,2,True,False,True,0.0,0.0
prefix_own_s42_unsafe_write,leftbasketball,625,0,0,2,True,False,True,0.0,0.0
prefix_own_s42_unsafe_write,leftbasketball,626,2,0,2,True,False,True,0.0,0.0
prefix_own_s42_unsafe_write,leftbasketball,627,2,1,2,True,False,True,0.0,0.0
prefix_own_s42_unsafe_write,leftbasketball,628,0,0,2,True,False,True,0.0,0.0
prefix_own_s42_unsafe_write,leftbasketball,629,0,0,2,True,False,True,0.0,0.0
prefix_own_s42_unsafe_write,leftbasketball,630,0,0,2,True,False,True,0.0,0.0
prefix_own_s42_unsafe_write,leftbasketball,631,0,0,2,True,False,True,0.0,0.0
prefix_own_s42_unsafe_write,leftbasketball,632,0,0,2,True,False,True,0.0,0.0
prefix_own_s42_unsafe_write,leftbasketball,633,0,1,0,False,False,True,0.0,0.0
prefix_own_s42_unsafe_write,leftbasketball,634,1,0,1,True,False,True,0.0,0.0
prefix_own_s42_unsafe_write,leftbasketball,635,2,1,2,True,False,True,0.0,0.0
prefix_own_s42_unsafe_write,leftbasketball,636,0,1,2,True,False,True,0.0,0.0
prefix_own_s42_unsafe_write,leftbasketball,637,0,0,2,True,False,True,0.0,0.0
prefix_own_s42_unsafe_write,leftbasketball,638,0,0,2,True,False,True,0.0,0.0
prefix_own_s42_unsafe_write,leftbasketball,640,0,0,2,True,False,True,0.0,0.0
prefix_own_s42_unsafe_write,leftbasketball,641,0,0,2,True,False,True,0.0,0.0
prefix_own_s42_unsafe_write,leftbasketball,642,2,0,2,True,False,True,0.0,0.0
prefix_own_s42_unsafe_write,leftbasketball,643,0,0,2,True,False,True,0.0,0.0
prefix_own_s42_unsafe_write,leftbasketball,644,0,0,2,True,False,True,0.0,0.0
prefix_own_s42_unsafe_write,leftbasketball,645,0,0,2,True,False,True,0.0,0.0
prefix_own_s42_unsafe_write,leftbasketball,646,0,0,2,True,False,True,0.0,0.0
prefix_own_s42_unsafe_write,leftbasketball,648,0,0,2,True,False,True,0.0,0.0
prefix_own_s42_unsafe_write,leftbasketball,649,0,0,2,True,False,True,0.0,0.0
prefix_own_s42_unsafe_write,leftbasketball,650,0,0,2,True,False,True,0.0,0.0
prefix_own_s42_unsafe_write,leftbasketball,651,0,0,2,True,False,True,0.0,0.0
prefix_own_s42_unsafe_write,leftbasketball,652,0,0,2,True,False,True,0.0,0.0
prefix_own_s42_unsafe_write,leftbasketball,653,0,0,2,True,False,True,0.0,0.0
prefix_own_s42_unsafe_write,leftbasketball,654,0,0,2,True,False,True,0.0,0.0
prefix_own_s42_unsafe_write,leftbasketball,655,0,0,2,True,False,True,0.0,0.0
prefix_own_s42_unsafe_write,leftbasketball,656,2,2,2,True,False,True,0.0,0.0
prefix_own_s42_unsafe_write,leftbasketball,657,0,0,2,True,False,True,0.0,0.0
prefix_own_s42_unsafe_write,leftbasketball,659,2,3,2,True,False,True,0.0,0.0
prefix_own_s42_unsafe_write,leftbasketball,660,0,0,2,True,False,True,0.0,0.0
prefix_own_s42_unsafe_write,leftbasketball,661,2,1,2,True,False,True,0.0,0.0
prefix_own_s42_unsafe_write,leftbasketball,662,0,1,2,True,False,True,0.0,0.0
prefix_own_s42_unsafe_write,leftbasketball,663,2,1,2,True,False,True,0.0,0.0
prefix_own_s42_unsafe_write,leftbasketball,664,1,0,1,True,False,True,0.0,0.0
prefix_own_s42_unsafe_write,leftbasketball,665,0,0,2,True,False,True,0.0,0.0
prefix_own_s42_unsafe_write,leftbasketball,666,2,2,2,True,False,True,0.0,0.0
prefix_own_s42_unsafe_write,leftbasketball,667,2,2,2,True,False,True,0.0,0.0
prefix_own_s42_unsafe_write,leftbasketball,670,0,1,0,False,False,True,0.0,0.23152032827185776
prefix_own_s42_unsafe_write,leftbasketball,771,0,0,2,True,False,True,0.6324292065790493,0.6324292065790493
prefix_own_s42_unsafe_write,leftbasketball,772,0,0,2,True,False,True,0.6573440806120109,0.6573440806120109
prefix_own_s42_unsafe_write,leftbasketball,773,2,1,2,True,False,True,0.37182300371357635,0.0
prefix_own_s42_unsafe_write,leftbasketball,774,2,0,2,True,False,True,0.0,0.0
prefix_own_s42_unsafe_write,leftbasketball,775,2,1,2,True,False,True,0.0,0.0
prefix_own_s42_unsafe_write,leftbasketball,781,2,3,2,True,False,True,0.0,0.0
prefix_own_s42_unsafe_write,leftbasketball,782,0,0,5,True,False,True,0.0,0.0
prefix_own_s42_unsafe_write,leftbasketball,783,2,0,2,True,False,True,0.02726015662881067,0.05391907585849467
prefix_own_s42_unsafe_write,leftbasketball,784,0,0,2,True,False,True,0.0,0.0
prefix_own_s42_unsafe_write,leftbasketball,785,2,1,2,True,False,True,0.0,0.07073405770974957
prefix_own_s42_unsafe_write,leftbasketball,786,0,0,2,True,False,True,0.007108860813647847,0.007108860813647847
prefix_own_s42_unsafe_write,leftbasketball,787,2,2,2,True,False,True,0.0018517126358762739,0.04600971738969368
prefix_own_s42_unsafe_write,leftbasketball,788,0,0,2,True,False,True,0.000987267984969453,0.000987267984969453
prefix_own_s42_unsafe_write,leftbasketball,789,2,0,2,True,False,True,0.00257072115549425,0.020399470794552215
prefix_own_s42_unsafe_write,leftbasketball,790,0,0,2,True,False,True,0.0,0.0
prefix_own_s42_unsafe_write,leftbasketball,791,2,2,2,True,False,True,0.007326252151088393,0.03174822698564236
prefix_own_s42_unsafe_write,leftbasketball,792,0,0,2,True,False,True,0.0,0.0
prefix_own_s42_unsafe_write,leftbasketball,793,2,1,2,True,False,True,0.006869163947082159,0.02957940561084927
prefix_own_s42_unsafe_write,leftbasketball,794,0,0,2,True,False,True,0.0,0.0
prefix_own_s42_unsafe_write,leftbasketball,795,2,2,2,True,False,True,0.0,0.0
prefix_own_s42_unsafe_write,leftbasketball,796,2,1,2,True,False,True,0.021050839556698016,0.025383684979886235
prefix_own_s42_unsafe_write,leftbasketball,797,0,0,2,True,False,True,0.0,0.0
prefix_own_s42_unsafe_write,leftbasketball,798,2,3,2,True,False,True,0.0,0.057050380963131954
prefix_own_s42_unsafe_write,leftbasketball,799,0,0,2,True,False,True,0.0,0.0
prefix_own_s42_unsafe_write,leftbasketball,800,2,0,2,True,False,True,0.0318649275412432,0.05569824306151689
prefix_own_s42_unsafe_write,leftbasketball,801,0,0,2,True,False,True,0.0,0.0
prefix_own_s42_unsafe_write,leftbasketball,802,2,0,2,True,False,True,0.27587980954221347,0.02291020615816955
prefix_own_s42_unsafe_write,leftbasketball,803,0,0,2,True,False,True,0.0,0.0
prefix_own_s42_unsafe_write,leftbasketball,804,2,2,2,True,False,True,0.0,0.02109996717937286
prefix_own_s42_unsafe_write,leftbasketball,805,2,1,2,True,False,True,0.050441358795919954,0.03837360606997319
prefix_own_s42_unsafe_write,leftbasketball,806,0,0,2,True,False,True,0.0,0.0
prefix_own_s42_unsafe_write,leftbasketball,807,2,0,2,True,False,True,0.24785501492532655,0.06911904509753017
prefix_own_s42_unsafe_write,leftbasketball,808,0,0,2,True,False,True,0.0,0.0
prefix_own_s42_unsafe_write,leftbasketball,809,2,0,2,True,False,True,0.08354331506346871,0.011168594503507078
prefix_own_s42_unsafe_write,leftbasketball,810,0,0,2,True,False,True,0.0,0.0
prefix_own_s42_unsafe_write,leftbasketball,811,2,1,2,True,False,True,0.0,0.032353028333538286
prefix_own_s42_unsafe_write,leftbasketball,812,0,0,2,True,False,True,0.0,0.0
prefix_own_s42_unsafe_write,leftbasketball,813,2,4,2,True,False,True,0.0,0.0
prefix_own_s42_unsafe_write,leftbasketball,815,2,1,2,True,False,True,0.0,0.0
prefix_own_s42_unsafe_write,leftbasketball,816,0,0,2,True,False,True,0.0,0.0
prefix_own_s42_unsafe_write,leftbasketball,818,0,0,2,True,False,True,0.0,0.0
prefix_own_s42_unsafe_write,leftbasketball,819,2,2,2,True,False,True,0.0,0.0
prefix_own_s42_unsafe_write,leftbasketball,820,0,0,2,True,False,True,0.0,0.0
prefix_own_s42_unsafe_write,leftbasketball,821,0,0,2,True,False,True,0.0,0.0
prefix_own_s42_unsafe_write,leftbasketball,822,2,0,2,True,False,True,0.0,0.0
prefix_own_s42_unsafe_write,leftbasketball,823,0,0,2,True,False,True,0.25137579670926613,0.25137579670926613
prefix_own_s42_unsafe_write,leftbasketball,827,0,0,2,True,False,True,0.03489411552964041,0.03489411552964041
prefix_own_s42_unsafe_write,leftbasketball,828,0,0,2,True,False,True,0.0,0.3763686190691724
prefix_own_s42_unsafe_write,leftbasketball,829,0,0,2,True,False,True,0.4520387459550367,0.4520387459550367
prefix_own_s42_unsafe_write,leftbasketball,832,0,0,2,True,False,True,0.454686814455621,0.454686814455621
prefix_own_s42_unsafe_write,leftbasketball,842,0,0,2,True,False,True,0.2873343489435793,0.2873343489435793
prefix_own_s42_unsafe_write,leftbasketball,843,0,0,2,True,False,True,0.2625721865441556,0.2625721865441556
prefix_own_s42_unsafe_write,leftbasketball,844,0,0,2,True,False,True,0.3208280152064566,0.3208280152064566
prefix_own_s42_unsafe_write,leftbasketball,845,2,0,2,True,False,True,0.3878555470164533,0.0
prefix_own_s42_unsafe_write,leftbasketball,846,2,0,2,True,False,True,0.0,0.022558321973146746
prefix_own_s42_unsafe_write,leftbasketball,847,2,3,2,True,False,True,0.0,0.0
prefix_own_s42_unsafe_write,leftbasketball,848,2,1,2,True,False,True,0.0,0.0
prefix_own_s42_unsafe_write,leftbasketball,849,0,0,2,True,False,True,0.0,0.0
prefix_own_s42_unsafe_write,leftbasketball,850,2,0,2,True,False,True,0.0,0.0
prefix_own_s42_unsafe_write,leftbasketball,851,2,0,2,True,False,True,0.0,0.0
prefix_own_s42_unsafe_write,leftbasketball,852,2,3,2,True,False,True,0.0,0.0061971002442418556
prefix_own_s42_unsafe_write,leftbasketball,853,0,0,2,True,False,True,0.0,0.0
prefix_own_s42_unsafe_write,leftbasketball,854,0,0,2,True,False,True,0.0,0.0
prefix_own_s42_unsafe_write,leftbasketball,855,2,0,2,True,False,True,0.0,0.0
prefix_own_s42_unsafe_write,leftbasketball,856,0,0,2,True,False,True,0.0,0.0
prefix_own_s42_unsafe_write,leftbasketball,857,2,0,2,True,False,True,0.0,0.0
prefix_own_s42_unsafe_write,leftbasketball,858,2,0,2,True,False,True,0.0,0.0
prefix_own_s42_unsafe_write,leftbasketball,859,0,0,2,True,False,True,0.0,0.0
prefix_own_s42_unsafe_write,leftbasketball,860,2,0,2,True,False,True,0.0,0.0
prefix_own_s42_unsafe_write,leftbasketball,861,0,0,2,True,False,True,0.0,0.0
prefix_own_s42_unsafe_write,leftbasketball,862,2,1,2,True,False,True,0.0,0.0
prefix_own_s42_unsafe_write,leftbasketball,863,2,0,2,True,False,True,0.0,0.0
prefix_own_s42_unsafe_write,leftbasketball,864,0,0,2,True,False,True,0.0,0.0
prefix_own_s42_unsafe_write,leftbasketball,865,2,0,2,True,False,True,0.0,0.0
prefix_own_s42_unsafe_write,leftbasketball,866,2,1,2,True,False,True,0.0,0.00016007772401093107
prefix_own_s42_unsafe_write,leftbasketball,867,0,0,2,True,False,True,0.0,0.0
prefix_own_s42_unsafe_write,leftbasketball,868,0,0,2,True,False,True,0.0,0.0
prefix_own_s42_unsafe_write,leftbasketball,869,2,2,2,True,False,True,0.0,0.0
prefix_own_s42_unsafe_write,leftbasketball,870,2,1,2,True,False,True,0.0,0.0
prefix_own_s42_unsafe_write,leftbasketball,871,0,0,2,True,False,True,0.0,0.0
prefix_own_s42_unsafe_write,leftbasketball,872,2,1,2,True,False,True,0.0,0.0026826874824079886
prefix_own_s42_unsafe_write,leftbasketball,873,2,0,2,True,False,True,0.0,0.0025500609839705832
prefix_own_s42_unsafe_write,leftbasketball,874,2,0,2,True,False,True,0.0,0.0
prefix_own_s42_unsafe_write,leftbasketball,875,0,0,2,True,False,True,0.0,0.0
prefix_own_s42_unsafe_write,leftbasketball,876,2,0,2,True,False,True,0.03362677287277089,0.0015014433062229729
prefix_own_s42_unsafe_write,leftbasketball,877,2,1,2,True,False,True,0.024750635402614414,0.006325468608497382
prefix_own_s42_unsafe_write,leftbasketball,878,0,0,2,True,False,True,0.0,0.0
prefix_own_s42_unsafe_write,leftbasketball,879,2,0,2,True,False,True,0.0,0.0
prefix_own_s42_unsafe_write,leftbasketball,880,2,0,2,True,False,True,0.0,0.0
prefix_own_s42_unsafe_write,leftbasketball,881,0,0,2,True,False,True,0.0,0.0
prefix_own_s42_unsafe_write,leftbasketball,882,2,0,2,True,False,True,0.0,0.007774004907091254
prefix_own_s42_unsafe_write,leftbasketball,883,2,0,2,True,False,True,0.0,0.007083790864113955
prefix_own_s42_unsafe_write,leftbasketball,884,0,0,2,True,False,True,0.0,0.0
prefix_own_s42_unsafe_write,leftbasketball,885,2,0,2,True,False,True,0.0,0.0
prefix_own_s42_unsafe_write,leftbasketball,886,2,1,2,True,False,True,0.0,0.0070053882761393965
prefix_own_s42_unsafe_write,leftbasketball,887,0,0,2,True,False,True,0.0,0.0
prefix_own_s42_unsafe_write,leftbasketball,888,2,0,2,True,False,True,0.0,0.0
prefix_own_s42_unsafe_write,leftbasketball,889,2,1,2,True,False,True,0.0,0.0063177432202928124
prefix_own_s42_unsafe_write,leftbasketball,890,0,0,2,True,False,True,0.0,0.0
prefix_own_s42_unsafe_write,leftbasketball,891,2,0,2,True,False,True,0.0,0.0
prefix_own_s42_unsafe_write,leftbasketball,892,2,0,2,True,False,True,0.0,0.004659309879092349
prefix_own_s42_unsafe_write,leftbasketball,893,0,0,2,True,False,True,0.0,0.0
prefix_own_s42_unsafe_write,leftbasketball,894,2,0,2,True,False,True,0.0,0.011596913029171423
prefix_own_s42_unsafe_write,leftbasketball,895,0,0,2,True,False,True,0.032775035588245224,0.032775035588245224
prefix_own_s42_unsafe_write,leftbasketball,896,2,0,2,True,False,True,0.0,0.02423901261259805
prefix_own_s42_unsafe_write,leftbasketball,897,2,0,2,True,False,True,0.029137847135450777,0.0
prefix_own_s42_unsafe_write,leftbasketball,898,2,0,2,True,False,True,0.0,0.0
prefix_own_s42_unsafe_write,leftbasketball,899,2,1,2,True,False,True,0.0,0.003233803565029283
prefix_own_s42_unsafe_write,leftbasketball,900,2,0,2,True,False,True,0.0,0.004542324396859171
prefix_own_s42_unsafe_write,leftbasketball,901,0,0,2,True,False,True,0.0,0.0
prefix_own_s42_unsafe_write,leftbasketball,902,2,0,2,True,False,True,0.0,0.0
prefix_own_s42_unsafe_write,leftbasketball,903,2,0,2,True,False,True,0.0,0.006195935550206757
prefix_own_s42_unsafe_write,leftbasketball,904,0,0,2,True,False,True,0.0,0.0
prefix_own_s42_unsafe_write,leftbasketball,905,2,1,2,True,False,True,0.0,0.0
prefix_own_s42_unsafe_write,leftbasketball,906,0,0,2,True,False,True,0.02863357631050946,0.02863357631050946
prefix_own_s42_unsafe_write,leftbasketball,907,0,0,2,True,False,True,0.0,0.0
prefix_own_s42_unsafe_write,leftbasketball,908,0,0,2,True,False,True,0.1689648655921837,0.1689648655921837
prefix_own_s42_unsafe_write,leftbasketball,909,0,0,2,True,False,True,0.4607793341867749,0.4607793341867749
prefix_own_s42_unsafe_write,leftbasketball,1120,0,0,2,True,False,True,0.5728328642206155,0.5728328642206155
prefix_own_s42_unsafe_write,leftbasketball,1126,0,1,2,True,False,True,0.24870069363165354,0.06568330879749236
prefix_own_s42_unsafe_write,leftbasketball,1127,0,0,2,True,False,True,0.09050713882222217,0.09050713882222217
prefix_own_s42_unsafe_write,leftbasketball,1128,0,0,2,True,False,True,0.0005622588761219861,0.0005622588761219861
prefix_own_s42_unsafe_write,leftbasketball,1129,0,0,2,True,False,True,0.04018095798526363,0.04018095798526363
prefix_own_s42_unsafe_write,leftbasketball,1130,0,0,2,True,False,True,0.20227119423330472,0.20227119423330472
prefix_own_s42_unsafe_write,leftbasketball,1131,0,0,2,True,False,True,0.17631417400990865,0.17631417400990865
prefix_own_s42_unsafe_write,leftbasketball,1132,0,0,2,True,False,True,0.21930747357550948,0.21930747357550948
prefix_own_s42_unsafe_write,leftbasketball,1133,2,4,2,True,False,True,0.20047990654329098,0.0
prefix_own_s42_unsafe_write,leftbasketball,1134,0,0,2,True,False,True,0.0,0.0
prefix_own_s42_unsafe_write,leftbasketball,1146,0,0,2,True,False,True,0.0,0.0
prefix_own_s42_unsafe_write,leftbasketball,1147,0,0,2,True,False,True,0.0,0.0
prefix_own_s42_unsafe_write,leftbasketball,1148,0,0,2,True,False,True,0.0,0.0
prefix_own_s42_unsafe_write,leftbasketball,1149,0,0,2,True,False,True,0.0,0.0
prefix_own_s42_unsafe_write,leftbasketball,1151,0,0,2,True,False,True,0.0,0.0
prefix_own_s42_unsafe_write,leftbasketball,1152,2,2,2,True,False,True,0.0,0.2853892099423866
prefix_own_s42_unsafe_write,leftbasketball,1180,2,0,2,True,False,True,0.43789880792356756,0.03540170409836782
prefix_own_s42_unsafe_write,leftbasketball,1181,2,0,2,True,False,True,0.051657506053310355,0.06723920696721769
prefix_own_s42_unsafe_write,leftbasketball,1182,2,1,2,True,False,True,0.12160105756876516,0.04109986976894056
prefix_own_s42_unsafe_write,leftbasketball,1183,2,0,2,True,False,True,0.09129714371640929,0.054361751978522464
prefix_own_s42_unsafe_write,leftbasketball,1184,2,0,2,True,False,True,0.11010199818467657,0.05958181948226384
prefix_own_s42_unsafe_write,leftbasketball,1185,2,0,2,True,False,True,0.14168308997821177,0.0611320554498423
prefix_own_s42_unsafe_write,leftbasketball,1186,2,2,2,True,False,True,0.1375991411619046,0.03606991473167746
prefix_own_s42_unsafe_write,leftbasketball,1187,2,0,2,True,False,True,0.10563453147494387,0.04525862041569153
prefix_own_s42_unsafe_write,leftbasketball,1188,2,0,2,True,False,True,0.12043527623774723,0.05193397646844851
prefix_own_s42_unsafe_write,leftbasketball,1189,2,2,2,True,False,True,0.11027625133136396,0.03226825036878585
prefix_own_s42_unsafe_write,leftbasketball,1190,2,0,2,True,False,True,0.09368100511521214,0.03884151049290822
prefix_own_s42_unsafe_write,leftbasketball,1191,2,0,2,True,False,True,0.09297600063285263,0.04846229799791699
prefix_own_s42_unsafe_write,leftbasketball,1192,2,0,2,True,False,True,0.12463365468925527,0.050742028066981894
prefix_own_s42_unsafe_write,leftbasketball,1193,0,0,2,True,False,True,0.1441660482906542,0.0
prefix_own_s42_unsafe_write,leftbasketball,1194,0,0,2,True,False,True,0.0,0.0
prefix_own_s42_unsafe_write,leftbasketball,1195,0,0,2,True,False,True,0.0,0.0
prefix_own_s42_unsafe_write,leftbasketball,1196,2,1,2,True,False,True,0.0,0.0
prefix_own_s42_unsafe_write,leftbasketball,1197,0,0,2,True,False,True,0.0,0.0
prefix_own_s42_unsafe_write,leftbasketball,1198,0,0,2,True,False,True,0.0,0.0
prefix_own_s42_unsafe_write,leftbasketball,1199,2,0,2,True,False,True,0.0,0.0
prefix_own_s42_unsafe_write,leftbasketball,1200,0,0,2,True,False,True,0.0,0.0
prefix_own_s42_unsafe_write,leftbasketball,1201,2,0,2,True,False,True,0.0,0.0
prefix_own_s42_unsafe_write,leftbasketball,1202,0,0,2,True,False,True,0.0,0.0
prefix_own_s42_unsafe_write,leftbasketball,1203,2,1,2,True,False,True,0.0,0.0
prefix_own_s42_unsafe_write,leftbasketball,1204,0,0,2,True,False,True,0.0,0.0
prefix_own_s42_unsafe_write,leftbasketball,1205,0,0,2,True,False,True,0.0,0.0
prefix_own_s42_unsafe_write,leftbasketball,1206,2,1,2,True,False,True,0.0,0.0
prefix_own_s42_unsafe_write,leftbasketball,1207,0,0,2,True,False,True,0.0,0.0
prefix_own_s42_unsafe_write,leftbasketball,1208,0,0,2,True,False,True,0.0,0.0
prefix_own_s42_unsafe_write,leftbasketball,1209,2,3,2,True,False,True,0.0,0.0
prefix_own_s42_unsafe_write,leftbasketball,1210,0,0,2,True,False,True,0.0,0.0
prefix_own_s42_unsafe_write,leftbasketball,1211,2,0,2,True,False,True,0.0,0.0
prefix_own_s42_unsafe_write,leftbasketball,1212,0,0,2,True,False,True,0.0,0.0
prefix_own_s42_unsafe_write,leftbasketball,1213,2,4,2,True,False,True,0.0,0.0
prefix_own_s42_unsafe_write,leftbasketball,1214,0,0,2,True,False,True,0.0,0.0
prefix_own_s42_unsafe_write,leftbasketball,1215,2,3,2,True,False,True,0.0,0.0
prefix_own_s42_unsafe_write,leftbasketball,1216,0,1,2,True,False,True,0.0,0.0
prefix_own_s42_unsafe_write,leftbasketball,1217,0,0,2,True,False,True,0.0,0.0
prefix_own_s42_unsafe_write,leftbasketball,1218,2,0,2,True,False,True,0.0,0.0
prefix_own_s42_unsafe_write,leftbasketball,1219,0,0,2,True,False,True,0.0,0.0
prefix_own_s42_unsafe_write,leftbasketball,1220,0,0,2,True,False,True,0.0,0.0
prefix_own_s42_unsafe_write,leftbasketball,1221,0,0,2,True,False,True,0.0,0.0
prefix_own_s42_unsafe_write,leftbasketball,1222,2,1,2,True,False,True,0.0,0.0
prefix_own_s42_unsafe_write,leftbasketball,1223,0,0,2,True,False,True,0.0,0.0
prefix_own_s42_unsafe_write,leftbasketball,1224,0,0,2,True,False,True,0.0,0.0
prefix_own_s42_unsafe_write,leftbasketball,1225,2,0,2,True,False,True,0.0,0.0
prefix_own_s42_unsafe_write,leftbasketball,1226,0,0,2,True,False,True,0.0,0.0
prefix_own_s42_unsafe_write,leftbasketball,1227,0,0,2,True,False,True,0.0,0.0
prefix_own_s42_unsafe_write,leftbasketball,1228,2,1,2,True,False,True,0.0,0.0
prefix_own_s42_unsafe_write,leftbasketball,1229,0,0,2,True,False,True,0.0,0.0
prefix_own_s42_unsafe_write,leftbasketball,1230,0,0,2,True,False,True,0.0,0.0
prefix_own_s42_unsafe_write,leftbasketball,1231,2,0,2,True,False,True,0.0,0.0
prefix_own_s42_unsafe_write,leftbasketball,1232,0,0,2,True,False,True,0.0,0.0
prefix_own_s42_unsafe_write,leftbasketball,1233,0,0,2,True,False,True,0.0,0.0
prefix_own_s42_unsafe_write,leftbasketball,1234,2,0,2,True,False,True,0.0,0.0
prefix_own_s42_unsafe_write,leftbasketball,1235,0,0,2,True,False,True,0.0,0.0
prefix_own_s42_unsafe_write,leftbasketball,1236,2,1,2,True,False,True,0.0,0.0
prefix_own_s42_unsafe_write,leftbasketball,1237,0,0,2,True,False,True,0.0,0.0
prefix_own_s42_unsafe_write,leftbasketball,1238,0,0,2,True,False,True,0.0,0.0
prefix_own_s42_unsafe_write,leftbasketball,1239,2,1,2,True,False,True,0.0,0.0
prefix_own_s42_unsafe_write,leftbasketball,1240,0,0,2,True,False,True,0.0,0.0
prefix_own_s42_unsafe_write,leftbasketball,1241,2,0,2,True,False,True,0.0,0.0
prefix_own_s42_unsafe_write,leftbasketball,1242,0,0,2,True,False,True,0.0,0.0
prefix_own_s42_unsafe_write,leftbasketball,1243,2,2,2,True,False,True,0.0,0.0
prefix_own_s42_unsafe_write,leftbasketball,1244,0,0,2,True,False,True,0.0,0.0
prefix_own_s42_unsafe_write,leftbasketball,1245,0,0,2,True,False,True,0.0,0.0
prefix_own_s42_unsafe_write,leftbasketball,1251,0,0,2,True,False,True,0.0,0.0
prefix_own_s42_unsafe_write,leftbasketball,1252,0,0,2,True,False,True,0.0,0.0
prefix_own_s42_unsafe_write,leftbasketball,1253,0,0,2,True,False,True,0.0,0.0
prefix_own_s42_unsafe_write,leftbasketball,1254,0,0,2,True,False,True,0.0,0.0
prefix_own_s42_unsafe_write,leftbasketball,1255,0,0,2,True,False,True,0.0,0.0
prefix_own_s42_unsafe_write,leftbasketball,1256,0,0,2,True,False,True,0.0,0.0
prefix_own_s42_unsafe_write,leftbasketball,1263,0,0,2,True,False,True,0.0,0.0
prefix_own_s42_unsafe_write,leftbasketball,1264,0,0,2,True,False,True,0.0,0.0
prefix_own_s42_unsafe_write,leftbasketball,1266,0,0,2,True,False,True,0.0,0.0
prefix_own_s42_unsafe_write,leftbasketball,1267,2,2,2,True,False,True,0.0,0.0
prefix_own_s42_unsafe_write,leftbasketball,1268,2,2,2,True,False,True,0.0,0.0
prefix_own_s42_unsafe_write,leftbasketball,1269,2,1,2,True,False,True,0.0,0.0
prefix_own_s42_unsafe_write,leftbasketball,1270,2,0,2,True,False,True,0.0,0.06115609717660176
prefix_own_s42_unsafe_write,leftbasketball,1271,2,1,2,True,False,True,0.09295104149755717,0.03471609011815054
prefix_own_s42_unsafe_write,leftbasketball,1272,0,0,2,True,False,True,0.10186180020604083,0.10186180020604083
prefix_own_s42_unsafe_write,leftbasketball,1273,2,1,2,True,False,True,0.389871990085014,0.04978451915916322
prefix_own_s42_unsafe_write,leftbasketball,1274,2,1,2,True,False,True,0.18643692316906477,0.035351559103005324
prefix_own_s42_unsafe_write,leftbasketball,1275,2,0,2,True,False,True,0.08665819222486179,0.04038443447123848
prefix_own_s42_unsafe_write,leftbasketball,1276,2,0,2,True,False,True,0.12005101829405831,0.04287547630366142
prefix_own_s42_unsafe_write,leftbasketball,1277,2,1,2,True,False,True,0.11170972989441226,0.02440563033087624
prefix_own_s42_unsafe_write,leftbasketball,1278,0,0,2,True,False,True,0.07155260063576085,0.07155260063576085
prefix_own_s42_unsafe_write,leftbasketball,1279,2,2,2,True,False,True,0.26328169586471983,0.03801293025526379
prefix_own_s42_unsafe_write,leftbasketball,1280,2,0,2,True,False,True,0.13084415879383354,0.04960780080445808
prefix_own_s42_unsafe_write,leftbasketball,1281,2,1,2,True,False,True,0.21702486356138853,0.0317423170480977
prefix_own_s42_unsafe_write,leftbasketball,1282,0,0,2,True,False,True,0.09900131257919899,0.09900131257919899
prefix_own_s42_unsafe_write,leftbasketball,1283,0,1,2,True,False,True,0.40166269452310943,0.0
prefix_own_s42_unsafe_write,leftbasketball,1284,0,0,2,True,False,True,0.0,0.0
prefix_own_s42_unsafe_write,leftbasketball,1285,0,0,2,True,False,True,0.0,0.0
prefix_own_s42_unsafe_write,leftbasketball,1286,0,0,2,True,False,True,0.0,0.0
prefix_own_s42_unsafe_write,leftbasketball,1287,0,0,2,True,False,True,0.0,0.0
prefix_own_s42_unsafe_write,leftbasketball,1288,0,0,2,True,False,True,0.0,0.0
prefix_own_s42_unsafe_write,leftbasketball,1289,0,0,2,True,False,True,0.0,0.0
prefix_own_s42_unsafe_write,leftbasketball,1290,0,0,2,True,False,True,0.0,0.0
prefix_own_s42_unsafe_write,leftbasketball,1291,0,0,2,True,False,True,0.0,0.0
prefix_own_s42_unsafe_write,leftbasketball,1292,0,0,2,True,False,True,0.0,0.0
prefix_own_s42_unsafe_write,leftbasketball,1293,0,0,2,True,False,True,0.0,0.0
prefix_own_s42_unsafe_write,leftbasketball,1294,0,0,2,True,False,True,0.0,0.0
prefix_own_s42_unsafe_write,leftbasketball,1295,0,0,2,True,False,True,0.0,0.0
prefix_own_s42_unsafe_write,leftbasketball,1296,0,0,2,True,False,True,0.0,0.0
prefix_own_s42_unsafe_write,leftbasketball,1297,0,0,2,True,False,True,0.0,0.0
prefix_own_s42_unsafe_write,leftbasketball,1298,0,0,2,True,False,True,0.0,0.0
prefix_own_s42_unsafe_write,leftbasketball,1299,0,0,2,True,False,True,0.0,0.0
prefix_own_s42_unsafe_write,leftbasketball,1300,0,0,2,True,False,True,0.0,0.0
prefix_own_s42_unsafe_write,leftbasketball,1301,0,0,2,True,False,True,0.0,0.0
prefix_own_s42_unsafe_write,leftbasketball,1302,0,0,2,True,False,True,0.0,0.0
prefix_own_s42_unsafe_write,leftbasketball,1303,0,0,2,True,False,True,0.0,0.0
prefix_own_s42_unsafe_write,leftbasketball,1304,0,0,2,True,False,True,0.0,0.0
prefix_own_s42_unsafe_write,leftbasketball,1305,0,0,2,True,False,True,0.0,0.0
prefix_own_s42_unsafe_write,leftbasketball,1306,0,0,2,True,False,True,0.0,0.0
prefix_own_s42_unsafe_write,leftbasketball,1307,0,0,2,True,False,True,0.0,0.0
prefix_own_s42_unsafe_write,leftbasketball,1308,0,0,2,True,False,True,0.0,0.0
prefix_own_s42_unsafe_write,leftbasketball,1309,0,0,2,True,False,True,0.0,0.0
prefix_own_s42_unsafe_write,leftbasketball,1310,0,0,2,True,False,True,0.0,0.0
prefix_own_s42_unsafe_write,leftbasketball,1311,0,0,2,True,False,True,0.0,0.0
prefix_own_s42_unsafe_write,leftbasketball,1312,0,0,2,True,False,True,0.0,0.0
prefix_own_s42_unsafe_write,leftbasketball,1313,0,0,2,True,False,True,0.0,0.0
prefix_own_s42_unsafe_write,leftbasketball,1314,0,0,2,True,False,True,0.0,0.0
prefix_own_s42_unsafe_write,leftbasketball,1315,0,0,2,True,False,True,0.0,0.0
prefix_own_s42_unsafe_write,leftbasketball,1316,0,0,2,True,False,True,0.0,0.0
prefix_own_s42_unsafe_write,leftbasketball,1317,0,0,2,True,False,True,0.0,0.0
prefix_own_s42_unsafe_write,leftbasketball,1318,0,0,2,True,False,True,0.0,0.0
prefix_own_s42_unsafe_write,leftbasketball,1319,0,0,2,True,False,True,0.0,0.0
prefix_own_s42_unsafe_write,leftbasketball,1320,0,0,2,True,False,True,0.0,0.0
prefix_own_s42_unsafe_write,leftbasketball,1321,0,0,2,True,False,True,0.0,0.0
prefix_own_s42_unsafe_write,leftbasketball,1322,0,0,2,True,False,True,0.0,0.0
prefix_own_s42_unsafe_write,leftbasketball,1323,0,0,2,True,False,True,0.0,0.0
prefix_own_s42_unsafe_write,leftbasketball,1324,0,0,2,True,False,True,0.0,0.0
prefix_own_s42_unsafe_write,leftbasketball,1325,0,0,2,True,False,True,0.0,0.0
prefix_own_s42_unsafe_write,leftbasketball,1326,0,0,2,True,False,True,0.0,0.0
prefix_own_s42_unsafe_write,leftbasketball,1327,0,0,2,True,False,True,0.0,0.0
prefix_own_s42_unsafe_write,leftbasketball,1328,0,0,2,True,False,True,0.0,0.0
prefix_own_s42_unsafe_write,leftbasketball,1329,0,0,2,True,False,True,0.0,0.0
prefix_own_s42_unsafe_write,leftbasketball,1330,0,0,2,True,False,True,0.0,0.0
prefix_own_s42_unsafe_write,leftbasketball,1331,0,0,2,True,False,True,0.0,0.0
prefix_own_s42_unsafe_write,leftbasketball,1332,0,0,2,True,False,True,0.0,0.0
prefix_own_s42_unsafe_write,leftbasketball,1333,0,0,2,True,False,True,0.0,0.0
prefix_own_s42_unsafe_write,leftbasketball,1334,0,0,2,True,False,True,0.0,0.0
prefix_own_s42_unsafe_write,leftbasketball,1335,0,0,2,True,False,True,0.0,0.0
prefix_own_s42_unsafe_write,leftbasketball,1336,0,0,2,True,False,True,0.0,0.0
prefix_own_s42_unsafe_write,leftbasketball,1337,0,0,2,True,False,True,0.0,0.0
prefix_own_s42_unsafe_write,leftbasketball,1338,0,0,2,True,False,True,0.0,0.0
prefix_own_s42_unsafe_write,leftbasketball,1339,0,0,2,True,False,True,0.0,0.0
prefix_own_s42_unsafe_write,leftbasketball,1340,0,0,2,True,False,True,0.0,0.0
prefix_own_s42_unsafe_write,leftbasketball,1344,0,0,2,True,False,True,0.0,0.0
prefix_own_s42_unsafe_write,leftbasketball,1345,0,0,2,True,False,True,0.0,0.0
prefix_own_s42_unsafe_write,leftbasketball,1347,0,0,2,True,False,True,0.0,0.0
prefix_own_s42_unsafe_write,leftbasketball,1348,0,0,2,True,False,True,0.0,0.0
prefix_own_s42_unsafe_write,leftbasketball,1349,0,0,2,True,False,True,0.0,0.0
prefix_own_s42_unsafe_write,leftbasketball,1350,0,0,2,True,False,True,0.0,0.0
prefix_own_s42_unsafe_write,leftbasketball,1351,0,0,2,True,False,True,0.0,0.0
prefix_own_s42_unsafe_write,leftbasketball,1352,0,0,2,True,False,True,0.0,0.0
prefix_own_s42_unsafe_write,leftbasketball,1353,0,1,2,True,False,True,0.0,0.0
prefix_own_s42_unsafe_write,leftbasketball,1409,0,0,2,True,False,True,0.700703159649821,0.700703159649821
prefix_own_s42_unsafe_write,leftbasketball,1410,0,0,2,True,False,True,0.5397250782549493,0.5397250782549493
prefix_own_s42_unsafe_write,leftbasketball,1411,0,1,0,False,False,True,0.4288639743462773,0.12455298038236118
prefix_own_s42_unsafe_write,leftbasketball,1412,0,0,2,True,False,True,0.1946510869140261,0.1946510869140261
prefix_own_s42_unsafe_write,leftbasketball,1413,0,0,2,True,False,True,0.2685215958423057,0.2685215958423057
prefix_own_s42_unsafe_write,leftbasketball,1414,0,0,2,True,False,True,0.33816663241306444,0.33816663241306444
prefix_own_s42_unsafe_write,leftbasketball,1415,0,0,2,True,False,True,0.2620904420979142,0.2620904420979142
prefix_own_s42_unsafe_write,leftbasketball,1416,0,0,2,True,False,True,0.24368595973817755,0.24368595973817755
prefix_own_s42_unsafe_write,leftbasketball,1418,0,0,2,True,False,True,0.22279466170153728,0.22279466170153728
prefix_own_s42_unsafe_write,leftbasketball,1419,0,0,2,True,False,True,0.14933763108557593,0.14933763108557593
prefix_own_s42_unsafe_write,leftbasketball,1420,0,0,2,True,False,True,0.1869731967255286,0.1869731967255286
prefix_own_s42_unsafe_write,leftbasketball,1421,0,0,2,True,False,True,0.24487794520246553,0.24487794520246553
prefix_own_s42_unsafe_write,leftbasketball,1422,0,0,2,True,False,True,0.26772773559393487,0.26772773559393487
prefix_own_s42_unsafe_write,leftbasketball,1423,0,0,2,True,False,True,0.33826181649434794,0.33826181649434794
prefix_own_s42_unsafe_write,leftbasketball,1424,0,0,2,True,False,True,0.4182717588518369,0.4182717588518369
prefix_own_s42_unsafe_write,leftbasketball,1425,0,0,2,True,False,True,0.4006886819063879,0.4006886819063879
prefix_own_s42_unsafe_write,leftbasketball,1426,0,0,2,True,False,True,0.37861682229814103,0.37861682229814103
prefix_own_s42_unsafe_write,leftbasketball,1427,0,0,2,True,False,True,0.36797016316961795,0.36797016316961795
prefix_own_s42_unsafe_write,leftbasketball,1478,0,0,2,True,False,True,0.6171490186511703,0.6171490186511703
prefix_own_s42_unsafe_write,leftbasketball,1479,0,0,2,True,False,True,0.6204749662012973,0.6204749662012973
prefix_own_s42_unsafe_write,leftbasketball,1496,2,0,2,True,False,True,0.15049052015871864,0.3446745624738622
prefix_own_s42_unsafe_write,leftbasketball,1497,0,0,2,True,False,True,0.30419829314281016,0.30419829314281016
prefix_own_s42_unsafe_write,leftbasketball,1498,0,0,2,True,False,True,0.18353719028833015,0.18353719028833015
prefix_own_s42_unsafe_write,leftbasketball,1499,0,0,2,True,False,True,0.01599106681597862,0.02790014689141816
prefix_own_s42_unsafe_write,leftbasketball,1501,0,0,2,True,False,True,0.5187428837847493,0.5187428837847493
prefix_own_s42_unsafe_write,leftbasketball,1514,0,0,2,True,False,True,0.7330668354118418,0.7330668354118418
prefix_own_s42_unsafe_write,leftbasketball,1515,0,0,2,True,False,True,0.7869929418740502,0.7869929418740502
prefix_own_s42_unsafe_write,leftbasketball,1516,2,2,2,True,False,True,0.4353581184513831,0.0
prefix_own_s42_unsafe_write,leftbasketball,1517,0,0,2,True,False,True,0.0,0.0
prefix_own_s42_unsafe_write,leftbasketball,1518,2,1,2,True,False,True,0.0,0.001571882836866811
prefix_own_s42_unsafe_write,leftbasketball,1519,2,1,2,True,False,True,0.0,0.0
prefix_own_s42_unsafe_write,leftbasketball,1521,2,0,2,True,False,True,0.0,0.0
prefix_own_s42_unsafe_write,leftbasketball,1522,2,4,2,True,False,True,0.0,0.0
prefix_own_s42_unsafe_write,leftbasketball,1523,0,0,2,True,False,True,0.0,0.0
prefix_own_s42_unsafe_write,leftbasketball,1524,0,0,2,True,False,True,0.0,0.0
prefix_own_s42_unsafe_write,leftbasketball,1525,0,0,2,True,False,True,0.0,0.0
prefix_own_s42_unsafe_write,leftbasketball,1526,0,0,2,True,False,True,0.0,0.0
prefix_own_s42_unsafe_write,leftbasketball,1527,2,0,2,True,False,True,0.0,0.0
prefix_own_s42_unsafe_write,leftbasketball,1528,0,0,2,True,False,True,0.0,0.0
prefix_own_s42_unsafe_write,leftbasketball,1529,2,0,2,True,False,True,0.0,0.0
prefix_own_s42_unsafe_write,leftbasketball,1530,2,3,2,True,False,True,0.0,0.0
prefix_own_s42_unsafe_write,leftbasketball,1531,2,2,2,True,False,True,0.0,0.05826375806358553
prefix_own_s42_unsafe_write,leftbasketball,1532,2,1,2,True,False,True,0.11736730840622281,0.033589341534812064
prefix_own_s42_unsafe_write,leftbasketball,1533,0,0,2,True,False,True,0.08120920573909028,0.08120920573909028
prefix_own_s42_unsafe_write,leftbasketball,1534,2,0,2,True,False,True,0.20559654223668564,0.06366071985419311
prefix_own_s42_unsafe_write,leftbasketball,1535,2,1,2,True,False,True,0.12944976590810944,0.033868721626859104
prefix_own_s42_unsafe_write,leftbasketball,1536,2,0,2,True,False,True,0.0,0.03741850035801037
prefix_own_s42_unsafe_write,leftbasketball,1537,2,0,2,True,False,True,0.0,0.04503410302488377
prefix_own_s42_unsafe_write,leftbasketball,1538,2,2,2,True,False,True,0.1901266185924095,0.0298334945789568
prefix_own_s42_unsafe_write,leftbasketball,1539,2,0,2,True,False,True,0.11662675242975074,0.03560702245663282
prefix_own_s42_unsafe_write,leftbasketball,1540,2,0,2,True,False,True,0.0,0.04124137225096264
prefix_own_s42_unsafe_write,leftbasketball,1541,2,0,2,True,False,True,0.0,0.04288891956156686
prefix_own_s42_unsafe_write,leftbasketball,1542,2,0,2,True,False,True,0.1407543869889037,0.04516278766017326
prefix_own_s42_unsafe_write,leftbasketball,1543,2,1,2,True,False,True,0.09680792766447328,0.02369472479257371
prefix_own_s42_unsafe_write,leftbasketball,1545,2,0,2,True,False,True,0.09571741076085093,0.04529466997519485
prefix_own_s42_unsafe_write,leftbasketball,1546,2,0,2,True,False,True,0.11619854080914815,0.041314086222490866
prefix_own_s42_unsafe_write,leftbasketball,1547,2,1,2,True,False,True,0.08028524588864286,0.02324443494176374
prefix_own_s42_unsafe_write,leftbasketball,1548,2,0,2,True,False,True,0.06369864234217745,0.027469664255319153
prefix_own_s42_unsafe_write,leftbasketball,1549,2,0,2,True,False,True,0.0716705770585712,0.032068240706212406
prefix_own_s42_unsafe_write,leftbasketball,1550,2,2,2,True,False,True,0.07331499595960839,0.01957013107380665
prefix_own_s42_unsafe_write,leftbasketball,1551,2,0,2,True,False,True,0.06169312931813225,0.019677847862736506
prefix_own_s42_unsafe_write,leftbasketball,1552,2,0,2,True,False,True,0.06797309033016112,0.025839023753926518
prefix_own_s42_unsafe_write,leftbasketball,1553,0,0,2,True,False,True,0.07790066953498519,0.07790066953498519
prefix_own_s42_unsafe_write,leftbasketball,1554,0,0,2,True,False,True,0.09799512855052786,0.09799512855052786
prefix_own_s42_unsafe_write,leftbasketball,1555,0,0,2,True,False,True,0.26638822836507353,0.26638822836507353
prefix_own_s42_unsafe_write,leftbasketball,1570,0,0,2,True,False,True,0.36723198322933076,0.36723198322933076
prefix_own_s42_unsafe_write,leftbasketball,1571,0,0,2,True,False,True,0.35587375172654134,0.35587375172654134
prefix_own_s42_unsafe_write,leftbasketball,1572,0,0,2,True,False,True,0.3922705448664407,0.3922705448664407
prefix_own_s42_unsafe_write,leftbasketball,1573,0,0,2,True,False,True,0.27799778533649466,0.27799778533649466
prefix_own_s42_unsafe_write,leftbasketball,1574,0,0,2,True,False,True,0.16127175888353956,0.16127175888353956
prefix_own_s42_unsafe_write,leftbasketball,1575,0,0,2,True,False,True,0.11357697762395874,0.11357697762395874
prefix_own_s42_unsafe_write,leftbasketball,1576,0,0,2,True,False,True,0.10464067445829792,0.10464067445829792
prefix_own_s42_unsafe_write,leftbasketball,1577,0,0,2,True,False,True,0.14319415005270605,0.14319415005270605
prefix_own_s42_unsafe_write,leftbasketball,1578,0,0,2,True,False,True,0.1256001603252169,0.1256001603252169
prefix_own_s42_unsafe_write,leftbasketball,1579,0,0,2,True,False,True,0.6598249034617151,0.6598249034617151
prefix_own_s42_unsafe_write,leftof2girls,80,0,0,0,False,False,True,0.7912547422184792,0.0
prefix_own_s42_unsafe_write,leftof2girls,84,0,0,0,False,False,True,0.0,0.8530703825508007
prefix_own_s42_unsafe_write,lonelyman,169,0,0,2,True,False,True,0.448323169671082,0.448323169671082
prefix_own_s42_unsafe_write,lonelyman,179,0,0,2,True,False,True,0.41188818676862904,0.41188818676862904
prefix_own_s42_unsafe_write,lonelyman,181,0,0,2,True,False,True,0.41660931550436686,0.41660931550436686
prefix_own_s42_unsafe_write,lonelyman,184,0,0,2,True,False,True,0.4582839688747175,0.4582839688747175
prefix_own_s42_unsafe_write,lonelyman,185,0,1,2,True,False,True,0.3333139312200635,0.0
prefix_own_s42_unsafe_write,lonelyman,186,0,0,2,True,False,True,0.4665443715489213,0.4665443715489213
prefix_own_s42_unsafe_write,lonelyman,190,0,0,2,True,False,True,0.4463942208409007,0.4463942208409007
prefix_own_s42_unsafe_write,lonelyman,191,0,0,2,True,False,True,0.36136207670593595,0.36136207670593595
prefix_own_s42_unsafe_write,lonelyman,192,0,0,2,True,False,True,0.2829564316703587,0.2829564316703587
prefix_own_s42_unsafe_write,lonelyman,193,2,0,2,True,False,True,0.28548916737706304,0.08351609484849015
prefix_own_s42_unsafe_write,lonelyman,194,0,0,2,True,False,True,0.206243636710807,0.206243636710807
prefix_own_s42_unsafe_write,lonelyman,198,0,0,2,True,False,True,0.43176142982238563,0.43176142982238563
prefix_own_s42_unsafe_write,lonelyman,201,0,0,2,True,False,True,0.5950336700221485,0.5950336700221485
prefix_own_s42_unsafe_write,lonelyman,202,0,0,2,True,False,True,0.5003890774711587,0.5003890774711587
prefix_own_s42_unsafe_write,lonelyman,203,2,2,2,True,False,True,0.35492011587330213,0.05215131639800233
prefix_own_s42_unsafe_write,lonelyman,204,0,0,2,True,False,True,0.2765632364681943,0.2765632364681943
prefix_own_s42_unsafe_write,lonelyman,207,2,1,2,True,False,True,0.46084411849154777,0.2267904013489976
prefix_own_s42_unsafe_write,lonelyman,208,0,0,2,True,False,True,0.3077648942825663,0.3077648942825663
prefix_own_s42_unsafe_write,lonelyman,210,0,0,2,True,False,True,0.5172641769448266,0.5172641769448266
prefix_own_s42_unsafe_write,lonelyman,211,2,1,2,True,False,True,0.4799644054771871,0.2342373006091908
prefix_own_s42_unsafe_write,lonelyman,212,0,0,2,True,False,True,0.47557160242963425,0.47557160242963425
prefix_own_s42_unsafe_write,lonelyman,239,0,0,2,True,False,True,0.28000685361014765,0.28000685361014765
prefix_own_s42_unsafe_write,lonelyman,240,2,1,2,True,False,True,0.23424317447005266,0.0
prefix_own_s42_unsafe_write,lonelyman,241,2,1,2,True,False,True,0.0,0.0
prefix_own_s42_unsafe_write,lonelyman,242,2,2,2,True,False,True,0.0,0.0
prefix_own_s42_unsafe_write,lonelyman,243,2,0,2,True,False,True,0.0,0.010665067696146318
prefix_own_s42_unsafe_write,lonelyman,244,2,1,2,True,False,True,0.0,0.0
prefix_own_s42_unsafe_write,lonelyman,246,2,0,2,True,False,True,0.0,0.0
prefix_own_s42_unsafe_write,lonelyman,247,0,0,2,True,False,True,0.0,0.0
prefix_own_s42_unsafe_write,lonelyman,248,2,1,2,True,False,True,0.0,0.016690610059922836
prefix_own_s42_unsafe_write,lonelyman,249,0,0,2,True,False,True,0.0,0.0
prefix_own_s42_unsafe_write,lonelyman,250,2,0,2,True,False,True,0.0,0.0
prefix_own_s42_unsafe_write,lonelyman,251,2,0,2,True,False,True,0.0,0.015844880326313125
prefix_own_s42_unsafe_write,lonelyman,252,0,0,2,True,False,True,0.0,0.0
prefix_own_s42_unsafe_write,lonelyman,253,2,1,2,True,False,True,0.0,0.0
prefix_own_s42_unsafe_write,lonelyman,254,2,0,2,True,False,True,0.0,0.0033329060301642917
prefix_own_s42_unsafe_write,lonelyman,255,0,0,2,True,False,True,0.03180360282603468,0.03180360282603468
prefix_own_s42_unsafe_write,lonelyman,256,2,0,2,True,False,True,0.0,0.018516692191386235
prefix_own_s42_unsafe_write,lonelyman,257,2,0,2,True,False,True,0.0,0.017756097733854972
prefix_own_s42_unsafe_write,lonelyman,258,2,1,2,True,False,True,0.0,0.0
prefix_own_s42_unsafe_write,lonelyman,259,0,0,2,True,False,True,0.0,0.0
prefix_own_s42_unsafe_write,lonelyman,260,2,0,2,True,False,True,0.04282186219528336,0.007835148825750603
prefix_own_s42_unsafe_write,lonelyman,261,2,0,2,True,False,True,0.03875202153210192,0.011127114683100835
prefix_own_s42_unsafe_write,lonelyman,262,0,0,2,True,False,True,0.001681841547816157,0.001681841547816157
prefix_own_s42_unsafe_write,lonelyman,263,0,0,2,True,False,True,0.0671322321088781,0.0671322321088781
prefix_own_s42_unsafe_write,lonelyman,264,0,0,2,True,False,True,0.10990217558209549,0.10990217558209549
prefix_own_s42_unsafe_write,lonelyman,265,0,0,2,True,False,True,0.16833173661798734,0.16833173661798734
prefix_own_s42_unsafe_write,lonelyman,266,2,0,2,True,False,True,0.1829912700214324,0.05681336141872944
prefix_own_s42_unsafe_write,lonelyman,267,0,0,2,True,False,True,0.11512617815360635,0.11512617815360635
prefix_own_s42_unsafe_write,lonelyman,268,2,3,2,True,False,True,0.15624485202367894,0.007668315814804785
prefix_own_s42_unsafe_write,lonelyman,269,2,1,2,True,False,True,0.11782337092842995,0.016350578752741075
prefix_own_s42_unsafe_write,lonelyman,270,0,0,2,True,False,True,0.05297469837871924,0.05297469837871924
prefix_own_s42_unsafe_write,lonelyman,271,2,0,2,True,False,True,0.06738308615673855,0.02338825958641976
prefix_own_s42_unsafe_write,lonelyman,272,2,0,2,True,False,True,0.0416447545597182,0.015170224140491321
prefix_own_s42_unsafe_write,lonelyman,273,2,0,2,True,False,True,0.03524289671447516,0.012607503410237919
prefix_own_s42_unsafe_write,lonelyman,274,2,0,2,True,False,True,0.04080219268920495,0.013506271875397319
prefix_own_s42_unsafe_write,lonelyman,275,0,0,2,True,False,True,0.021073045027543647,0.021073045027543647
prefix_own_s42_unsafe_write,lonelyman,276,2,0,2,True,False,True,0.051254447380909944,0.021137989928656325
prefix_own_s42_unsafe_write,lonelyman,277,2,0,2,True,False,True,0.0452802708705677,0.012467893831342777
prefix_own_s42_unsafe_write,lonelyman,278,0,0,2,True,False,True,0.02710169456007111,0.02710169456007111
prefix_own_s42_unsafe_write,lonelyman,279,2,2,2,True,False,True,0.0719241357827382,0.014690867362262633
prefix_own_s42_unsafe_write,lonelyman,280,0,0,2,True,False,True,0.028416158582601988,0.028416158582601988
prefix_own_s42_unsafe_write,lonelyman,281,2,0,2,True,False,True,0.06647629879482529,0.021456524407874638
prefix_own_s42_unsafe_write,lonelyman,282,2,0,2,True,False,True,0.03945531755321673,0.013772648259872322
prefix_own_s42_unsafe_write,lonelyman,283,0,0,2,True,False,True,0.03197185593533436,0.03197185593533436
prefix_own_s42_unsafe_write,lonelyman,284,2,1,2,True,False,True,0.06441991973415628,0.019352958048188644
prefix_own_s42_unsafe_write,lonelyman,285,2,0,2,True,False,True,0.030428992783354168,0.009218068109866712
prefix_own_s42_unsafe_write,man2startmoto,34,0,0,2,True,False,True,0.6835271860913452,0.6835271860913452
prefix_own_s42_unsafe_write,man2startmoto,35,0,1,2,True,False,True,0.6351668987195482,0.0
prefix_own_s42_unsafe_write,man2startmoto,36,0,0,2,True,False,True,0.0,0.0
prefix_own_s42_unsafe_write,man2startmoto,37,0,0,2,True,False,True,0.0,0.0
prefix_own_s42_unsafe_write,man2startmoto,38,0,0,2,True,False,True,0.0,0.0
prefix_own_s42_unsafe_write,man2startmoto,39,0,0,2,True,False,True,0.0,0.0
prefix_own_s42_unsafe_write,man2startmoto,40,0,1,2,True,False,True,0.0,0.7563339221562563
prefix_own_s42_unsafe_write,man2startmoto,41,0,0,2,True,False,True,0.6117076048710405,0.6117076048710405
prefix_own_s42_unsafe_write,man2startmoto,42,0,0,2,True,False,True,0.2756608612979346,0.2756608612979346
prefix_own_s42_unsafe_write,man2startmoto,43,0,0,2,True,False,True,0.6455103034271675,0.6455103034271675
prefix_own_s42_unsafe_write,man2startmoto,64,0,2,2,True,False,True,0.28553553371581875,0.00015618161977141786
prefix_own_s42_unsafe_write,man2startmoto,65,0,0,2,True,False,True,0.13254800248648338,0.13254800248648338
prefix_own_s42_unsafe_write,man2startmoto,66,0,0,2,True,False,True,0.2015853536991651,0.2015853536991651
prefix_own_s42_unsafe_write,man2startmoto,67,0,0,2,True,False,True,0.18658651861744957,0.18658651861744957
prefix_own_s42_unsafe_write,man2startmoto,368,0,0,2,True,False,True,0.0,0.0
prefix_own_s42_unsafe_write,man2startmoto,369,0,0,2,True,False,True,0.0,0.0
prefix_own_s42_unsafe_write,man2startmoto,371,0,0,2,True,False,True,0.0,0.0
prefix_own_s42_unsafe_write,man2startmoto,373,0,0,2,True,False,True,0.0,0.0
prefix_own_s42_unsafe_write,man2startmoto,457,0,0,2,True,False,True,0.2236613207128811,0.2236613207128811
prefix_own_s42_unsafe_write,man2startmoto,458,0,3,2,True,False,True,0.000570887610598576,0.0
prefix_own_s42_unsafe_write,man2startmoto,459,0,0,2,True,False,True,0.0,0.0
prefix_own_s42_unsafe_write,man2startmoto,460,0,0,2,True,False,True,0.0,0.0
prefix_own_s42_unsafe_write,man2startmoto,461,0,0,2,True,False,True,0.0,0.0
prefix_own_s42_unsafe_write,man2startmoto,462,2,4,2,True,False,True,0.0,0.07493795954543507
prefix_own_s42_unsafe_write,man2startmoto,463,0,0,2,True,False,True,0.1278955452379047,0.1278955452379047
prefix_own_s42_unsafe_write,man2startmoto,464,0,0,2,True,False,True,0.45089651353555615,0.45089651353555615
prefix_own_s42_unsafe_write,man2startmoto,482,0,0,2,True,False,True,0.20872058061249263,0.20872058061249263
prefix_own_s42_unsafe_write,man2startmoto,483,0,0,2,True,False,True,0.052329404298230124,0.052329404298230124
prefix_own_s42_unsafe_write,man2startmoto,484,0,0,2,True,False,True,0.1660773920046754,0.1660773920046754
prefix_own_s42_unsafe_write,manafetrtrees,27,0,0,2,True,False,True,0.6707489256030851,0.6707489256030851
prefix_own_s42_unsafe_write,manafetrtrees,29,0,0,2,True,False,True,0.6513362909293785,0.6513362909293785
prefix_own_s42_unsafe_write,manafetrtrees,39,2,0,2,True,False,True,0.0,0.48474728580828297
prefix_own_s42_unsafe_write,manafetrtrees,41,0,0,2,True,False,True,0.3927760258387377,0.3927760258387377
prefix_own_s42_unsafe_write,manafetrtrees,43,0,1,2,True,False,True,0.14487482222866432,0.0
prefix_own_s42_unsafe_write,manafetrtrees,44,2,3,2,True,False,True,0.0,0.1386920484262038
prefix_own_s42_unsafe_write,manafetrtrees,46,0,0,2,True,False,True,0.2817219127005987,0.2817219127005987
prefix_own_s42_unsafe_write,manafetrtrees,47,0,0,2,True,False,True,0.14041237047567195,0.14041237047567195
prefix_own_s42_unsafe_write,manafetrtrees,48,2,0,2,True,False,True,0.2726163590115261,0.10474937213840112
prefix_own_s42_unsafe_write,manafetrtrees,49,0,0,2,True,False,True,0.06851103120993333,0.06851103120993333
prefix_own_s42_unsafe_write,manafetrtrees,50,0,0,2,True,False,True,0.03515345562212196,0.03515345562212196
prefix_own_s42_unsafe_write,manafetrtrees,51,0,0,2,True,False,True,0.12268242996593318,0.12268242996593318
prefix_own_s42_unsafe_write,manafetrtrees,52,0,0,2,True,False,True,0.14801493045307504,0.14801493045307504
prefix_own_s42_unsafe_write,manafetrtrees,53,2,3,2,True,False,True,0.2533493929422246,0.0
prefix_own_s42_unsafe_write,manafetrtrees,54,0,0,2,True,False,True,0.12048817080533042,0.12048817080533042
prefix_own_s42_unsafe_write,manafetrtrees,55,0,0,2,True,False,True,0.2953764275354263,0.2953764275354263
prefix_own_s42_unsafe_write,manafetrtrees,56,0,0,2,True,False,True,0.3279879992879516,0.3279879992879516
prefix_own_s42_unsafe_write,manafetrtrees,57,0,0,2,True,False,True,0.3247563798556179,0.3247563798556179
prefix_own_s42_unsafe_write,manafetrtrees,58,0,0,2,True,False,True,0.37555431299562225,0.37555431299562225
prefix_own_s42_unsafe_write,manafetrtrees,59,2,0,2,True,False,True,0.2058208347896648,0.01974110283066632
prefix_own_s42_unsafe_write,manafetrtrees,60,2,2,2,True,False,True,0.05661194865859458,0.004211263464718672
prefix_own_s42_unsafe_write,manafetrtrees,61,0,0,2,True,False,True,0.0,0.0
prefix_own_s42_unsafe_write,manafetrtrees,62,2,1,2,True,False,True,0.0,0.0
prefix_own_s42_unsafe_write,manafetrtrees,63,0,0,2,True,False,True,0.024324690460365863,0.024324690460365863
prefix_own_s42_unsafe_write,manafetrtrees,64,0,0,2,True,False,True,0.0539917049186489,0.0539917049186489
prefix_own_s42_unsafe_write,manafetrtrees,65,0,0,2,True,False,True,0.011702245842301779,0.011702245842301779
prefix_own_s42_unsafe_write,manafetrtrees,66,0,0,2,True,False,True,0.0,0.0
prefix_own_s42_unsafe_write,manafetrtrees,67,2,4,2,True,False,True,0.0,0.014013011186781724
prefix_own_s42_unsafe_write,manafetrtrees,68,0,0,2,True,False,True,0.0,0.0
prefix_own_s42_unsafe_write,manafetrtrees,69,0,0,2,True,False,True,0.0,0.0
prefix_own_s42_unsafe_write,manafetrtrees,70,0,0,2,True,False,True,0.6322642824117923,0.6322642824117923
prefix_own_s42_unsafe_write,moto2north2,203,0,0,2,True,False,True,0.0,0.0
prefix_own_s42_unsafe_write,moto2north2,204,0,1,0,False,False,True,0.6026201638991353,0.0
prefix_own_s42_unsafe_write,motobesidescar,19,0,0,2,True,False,True,0.5962922403365064,0.5962922403365064
prefix_own_s42_unsafe_write,motobesidescar,23,0,0,2,True,False,True,0.32919191988682134,0.32919191988682134
prefix_own_s42_unsafe_write,motobesidescar,24,0,0,2,True,False,True,0.5131518436697352,0.5131518436697352
prefix_own_s42_unsafe_write,motobesidescar,25,0,0,2,True,False,True,0.48610938279122967,0.48610938279122967
prefix_own_s42_unsafe_write,motobesidescar,29,0,0,2,True,False,True,0.6208341852408308,0.6208341852408308
prefix_own_s42_unsafe_write,motobesidescar,30,0,0,2,True,False,True,0.4876656608096467,0.4876656608096467
prefix_own_s42_unsafe_write,motobesidescar,31,0,0,2,True,False,True,0.6033612965249436,0.6033612965249436
prefix_own_s42_unsafe_write,motobesidescar,32,0,0,2,True,False,True,0.659691497731142,0.659691497731142
prefix_own_s42_unsafe_write,motobesidescar,36,0,0,2,True,False,True,0.5213082783185242,0.5213082783185242
prefix_own_s42_unsafe_write,motobesidescar,105,0,0,2,True,False,True,0.35146581227566376,0.35146581227566376
prefix_own_s42_unsafe_write,openthisexersicebook,25,0,0,2,True,False,True,0.835271403029621,0.835271403029621
prefix_own_s42_unsafe_write,openthisexersicebook,26,0,0,2,True,False,True,0.7219973907988416,0.7219973907988416
prefix_own_s42_unsafe_write,openthisexersicebook,27,0,0,2,True,False,True,0.6768642592038195,0.6768642592038195
prefix_own_s42_unsafe_write,openthisexersicebook,28,2,0,2,True,False,True,0.7473777590012054,0.30614274633908756
prefix_own_s42_unsafe_write,openthisexersicebook,29,0,0,2,True,False,True,0.4292160049435896,0.4292160049435896
prefix_own_s42_unsafe_write,openthisexersicebook,30,0,0,2,True,False,True,0.5559080835602073,0.5559080835602073
prefix_own_s42_unsafe_write,openthisexersicebook,31,0,0,2,True,False,True,0.4899358195906841,0.4899358195906841
prefix_own_s42_unsafe_write,openthisexersicebook,32,2,0,2,True,False,True,0.6370341965202246,0.32614058299087967
prefix_own_s42_unsafe_write,openthisexersicebook,33,0,0,2,True,False,True,0.6855369202441445,0.6855369202441445
prefix_own_s42_unsafe_write,openthisexersicebook,34,0,0,2,True,False,True,0.6290528566661984,0.6290528566661984
prefix_own_s42_unsafe_write,openthisexersicebook,353,0,1,0,False,False,True,0.3259169322746459,0.25545698956773827
prefix_own_s42_unsafe_write,openthisexersicebook,358,0,0,0,False,False,True,0.26178447483852496,0.3477638514337727
prefix_own_s42_unsafe_write,openthisexersicebook,367,0,0,0,False,False,True,0.2676625247011114,0.3329794961498264
prefix_own_s42_unsafe_write,openthisexersicebook,371,0,0,0,False,False,True,0.37690390682828384,0.3694085937365981
prefix_own_s42_unsafe_write,openthisexersicebook,376,0,1,0,False,False,True,0.46812849715007565,0.28941621867773604
prefix_own_s42_unsafe_write,openthisexersicebook,479,0,1,0,False,False,True,0.3445420047408512,0.45640500705840803
prefix_own_s42_unsafe_write,outer2leftmirrorback,137,0,0,0,False,False,True,0.7731057477195992,0.0
prefix_own_s42_unsafe_write,outer2leftmirrorback,190,0,0,2,True,False,True,0.0,0.0
prefix_own_s42_unsafe_write,outer2leftmirrorback,282,0,1,0,False,False,True,0.0,0.7157790663603023
prefix_own_s42_unsafe_write,outer2leftmirrorback,286,0,1,0,False,False,True,0.8313742948989896,0.0
prefix_own_s42_unsafe_write,outer2leftmirrorback,302,0,0,2,True,False,True,0.0,0.0
prefix_own_s42_unsafe_write,outer2leftmirrorback,333,0,1,0,False,False,True,0.0,0.7420633781160659
prefix_own_s42_unsafe_write,outer2leftmirrorback,443,0,0,2,True,False,True,0.6028975399218215,0.6028975399218215
prefix_own_s42_unsafe_write,outer2leftmirrorback,444,0,0,2,True,False,True,0.6923984335475057,0.6923984335475057
prefix_own_s42_unsafe_write,outer2leftmirrorback,445,0,0,2,True,False,True,0.7900702864648949,0.7900702864648949
prefix_own_s42_unsafe_write,outer2leftmirrorback,446,0,0,2,True,False,True,0.6958063043170455,0.6958063043170455
prefix_own_s42_unsafe_write,outer2leftmirrorback,460,0,0,0,False,False,True,0.0,0.8294322915543413
prefix_own_s42_unsafe_write,outer2leftmirrorback,783,0,0,2,True,False,True,0.45305525808730346,0.45305525808730346
prefix_own_s42_unsafe_write,outer2leftmirrorback,918,0,0,2,True,False,True,0.26448231757137464,0.26448231757137464
prefix_own_s42_unsafe_write,outer2leftmirrorback,919,0,0,2,True,False,True,0.1903526992485793,0.1903526992485793
prefix_own_s42_unsafe_write,outer2leftmirrorback,920,0,0,2,True,False,True,0.2002826058058678,0.2002826058058678
prefix_own_s42_unsafe_write,outer2leftmirrorback,922,0,0,2,True,False,True,0.3823742255092719,0.3823742255092719
prefix_own_s42_unsafe_write,outer2leftmirrorback,924,0,0,2,True,False,True,0.1604642852856957,0.1604642852856957
prefix_own_s42_unsafe_write,outer2leftmirrorback,925,0,0,2,True,False,True,0.2606847227690507,0.2606847227690507
prefix_own_s42_unsafe_write,outer2leftmirrorback,927,0,0,2,True,False,True,0.23972734059320616,0.23972734059320616
prefix_own_s42_unsafe_write,outer2leftmirrorback,928,0,0,2,True,False,True,0.22296816547195986,0.22296816547195986
prefix_own_s42_unsafe_write,outer2leftmirrorback,929,0,0,2,True,False,True,0.22377850002145877,0.22377850002145877
prefix_own_s42_unsafe_write,outer2leftmirrorback,930,0,0,2,True,False,True,0.38061725701558435,0.38061725701558435
prefix_own_s42_unsafe_write,outer2leftmirrorback,931,0,0,2,True,False,True,0.061939611325101916,0.061939611325101916
prefix_own_s42_unsafe_write,outer2leftmirrorback,1163,0,0,0,False,False,True,0.004988039738972085,0.35632476019936016
prefix_own_s42_unsafe_write,outer2leftmirrorback,1259,0,0,2,True,False,True,0.1985001474569193,0.1985001474569193
prefix_own_s42_unsafe_write,outer2leftmirrorback,1328,0,1,0,False,False,True,0.8595606636600953,0.0
prefix_own_s42_unsafe_write,outer2leftmirrorback,1332,0,0,0,False,False,True,0.0,0.7904380287983986
prefix_own_s42_unsafe_write,outer2leftmirrorback,1341,0,0,2,True,False,True,0.601937377274699,0.601937377274699
prefix_own_s42_unsafe_write,outer2leftmirrorback,1356,0,1,0,False,False,True,0.7456622905482235,0.0
prefix_own_s42_unsafe_write,outer2leftmirrorback,1358,0,0,0,False,False,True,0.0,0.737699654686845
prefix_own_s42_unsafe_write,outer2leftmirrorback,1377,0,1,0,False,False,True,0.7116044547350708,0.0
prefix_own_s42_unsafe_write,outer2leftmirrorback,1379,0,0,0,False,False,True,0.0,0.5916831553514189
prefix_own_s42_unsafe_write,outer2leftmirrorback,1602,0,1,0,False,False,True,0.0,0.49610639826146125
prefix_own_s42_unsafe_write,outer2leftmirrorback,1618,0,0,0,False,False,True,0.8117352118199922,0.09657096193533334
prefix_own_s42_unsafe_write,outer2leftmirrorback,1635,0,1,0,False,False,True,0.8596464718340814,0.06679230637379756
prefix_own_s42_unsafe_write,outer2leftmirrorback,1661,0,1,0,False,False,True,0.8236672961455751,0.017539217580156054
prefix_own_s42_unsafe_write,outer2leftmirrorback,1663,0,0,0,False,False,True,0.08405889288290311,0.9343226280417162
prefix_own_s42_unsafe_write,outer2leftmirrorback,1692,0,1,0,False,False,True,0.6325566231497455,0.0
prefix_own_s42_unsafe_write,outer2leftmirrorback,1740,0,0,0,False,False,True,0.0,0.6725959290191424
prefix_own_s42_unsafe_write,outer2leftmirrorback,1783,0,0,0,False,False,True,0.8553138252635953,0.06338332154475218
prefix_own_s42_unsafe_write,outer2leftmirrorback,1816,0,0,0,False,False,True,0.802313247861195,0.2158766109950286
prefix_own_s42_unsafe_write,outer2leftmirrorback,1818,0,0,0,False,False,True,0.08807928407820982,0.7074641374607797
prefix_own_s42_unsafe_write,outer2leftmirrorback,1883,0,1,0,False,False,True,0.844707699639868,0.0006466942987017229
prefix_own_s42_unsafe_write,rightbiggreenboy,43,0,0,2,True,False,True,0.0,0.0
prefix_own_s42_unsafe_write,rightbiggreenboy,45,0,1,0,False,False,True,0.7927129580745241,0.0
prefix_own_s42_unsafe_write,rightbiggreenboy,46,0,1,2,True,False,True,0.0,0.8003455897692359
prefix_own_s42_unsafe_write,rightbiggreenboy,48,0,1,0,False,False,True,0.9136176345175739,0.0
prefix_own_s42_unsafe_write,rightbiggreenboy,49,0,0,0,False,False,True,0.8496468174723124,0.0
prefix_own_s42_unsafe_write,rightbiggreenboy,50,0,0,2,True,False,True,0.0,0.0
prefix_own_s42_unsafe_write,rightbiggreenboy,51,0,0,2,True,False,True,0.0,0.0
prefix_own_s42_unsafe_write,rightbiggreenboy,65,0,1,0,False,False,True,0.855310093417623,0.0
prefix_own_s42_unsafe_write,rightbiggreenboy,66,0,0,2,True,False,True,0.0,0.0
prefix_own_s42_unsafe_write,rightbiggreenboy,67,0,0,2,True,False,True,0.0,0.0
prefix_own_s42_unsafe_write,rightbiggreenboy,68,0,1,2,True,False,True,0.0,0.8730626068665038
prefix_own_s42_unsafe_write,rightbiggreenboy,198,0,1,0,False,False,True,0.8140411401200514,0.0
prefix_own_s42_unsafe_write,rightbiggreenboy,211,0,1,0,False,False,True,0.0,0.793031939170753
prefix_own_s42_unsafe_write,rightbiggreenboy,217,0,1,0,False,False,True,0.7867556697877206,0.0
prefix_own_s42_unsafe_write,rightbiggreenboy,265,0,0,2,True,False,True,0.0,0.0
prefix_own_s42_unsafe_write,rightbiggreenboy,269,0,0,2,True,False,True,0.0,0.0
prefix_own_s42_unsafe_write,rightbiggreenboy,279,0,0,2,True,False,True,0.0,0.0
prefix_own_s42_unsafe_write,rightbiggreenboy,283,0,0,2,True,False,True,0.0,0.0
prefix_own_s42_unsafe_write,rightbiggreenboy,284,0,0,0,False,False,True,0.0,0.0
prefix_own_s42_unsafe_write,rightbiggreenboy,373,0,0,2,True,False,True,0.0,0.0
prefix_own_s42_unsafe_write,rightbiggreenboy,408,0,0,2,True,False,True,0.15917553797118658,0.15917553797118658
prefix_own_s42_unsafe_write,rightbiggreenboy,427,0,0,0,False,False,True,0.1305412483392933,0.5685028362685274
prefix_own_s42_unsafe_write,rightbiggreenboy,441,0,1,0,False,False,True,0.2856254172403327,0.0
prefix_own_s42_unsafe_write,rightbiggreenboy,445,0,0,2,True,False,True,0.0,0.0
prefix_own_s42_unsafe_write,rightbiggreenboy,446,0,1,2,True,False,True,0.0,0.46650892549841627
prefix_own_s42_unsafe_write,rightbiggreenboy,447,2,1,2,True,False,True,0.620411563159596,0.35283107027469834
prefix_own_s42_unsafe_write,rightbiggreenboy,448,0,0,0,False,False,True,0.5920957026957865,0.0
prefix_own_s42_unsafe_write,rightbiggreenboy,450,0,0,2,True,False,True,0.0,0.0
prefix_own_s42_unsafe_write,rightbiggreenboy,452,0,0,2,True,False,True,0.0,0.0
prefix_own_s42_unsafe_write,rightbiggreenboy,454,0,0,2,True,False,True,0.0,0.0
prefix_own_s42_unsafe_write,rightbiggreenboy,455,0,0,2,True,False,True,0.0,0.0
prefix_own_s42_unsafe_write,rightbiggreenboy,456,0,0,2,True,False,True,0.0,0.0
prefix_own_s42_unsafe_write,rightbiggreenboy,469,0,0,2,True,False,True,0.20102997945211565,0.20102997945211565
prefix_own_s42_unsafe_write,rightbiggreenboy,471,0,0,2,True,False,True,0.6982773678409023,0.6982773678409023
prefix_own_s42_unsafe_write,rightbiggreenboy,473,0,1,0,False,False,True,0.7523164866522779,0.0
prefix_own_s42_unsafe_write,rightbiggreenboy,477,0,1,0,False,False,True,0.0,0.0
prefix_own_s42_unsafe_write,rightbiggreenboy,478,0,0,2,True,False,True,0.0,0.0
prefix_own_s42_unsafe_write,rightbiggreenboy,479,0,1,0,False,False,True,0.0,0.0
prefix_own_s42_unsafe_write,rightbiggreenboy,489,0,0,2,True,False,True,0.0,0.0
prefix_own_s42_unsafe_write,rightbiggreenboy,495,0,0,2,True,False,True,0.0,0.0
prefix_own_s42_unsafe_write,rightbiggreenboy,549,0,1,0,False,False,True,0.0,0.0
prefix_own_s42_unsafe_write,rightbiggreenboy,550,0,1,0,False,False,True,0.0,0.0
prefix_own_s42_unsafe_write,rightbiggreenboy,555,0,1,0,False,False,True,0.0,0.0
prefix_own_s42_unsafe_write,rightbiggreenboy,556,2,2,2,True,False,True,0.0,0.0
prefix_own_s42_unsafe_write,rightbiggreenboy,642,0,0,0,False,False,True,0.0,0.0
prefix_own_s42_unsafe_write,rightbiggreenboy,656,0,1,2,True,False,True,0.0,0.0
prefix_own_s42_unsafe_write,rightbiggreenboy,657,0,1,0,False,False,True,0.0,0.0
prefix_own_s42_unsafe_write,rightbiggreenboy,712,0,1,0,False,False,True,0.0,0.0
prefix_own_s42_unsafe_write,rightbiggreenboy,761,0,1,0,False,False,True,0.0,0.48030282182925443
prefix_own_s42_unsafe_write,rightbiggreenboy,762,0,0,2,True,False,True,0.5767894087965078,0.5767894087965078
prefix_own_s42_unsafe_write,rightbiggreenboy,763,0,0,2,True,False,True,0.6787599857716258,0.6787599857716258
prefix_own_s42_unsafe_write,rightbiggreenboy,764,0,0,2,True,False,True,0.8495267552858674,0.8495267552858674
prefix_own_s42_unsafe_write,rightbiggreenboy,767,0,1,2,True,False,True,0.8361366529931876,0.0
prefix_own_s42_unsafe_write,rightbiggreenboy,773,0,1,0,False,False,True,0.0,0.5373658415437186
prefix_own_s42_unsafe_write,rightbiggreenboy,785,0,1,2,True,False,True,0.8379275489088326,0.0
prefix_own_s42_unsafe_write,rightbiggreenboy,787,0,1,0,False,False,True,0.0,0.8712877138792351
prefix_own_s42_unsafe_write,rightbiggreenboy,789,0,0,0,False,False,True,0.9081364663706315,0.0
prefix_own_s42_unsafe_write,rightboy`shead,237,0,0,0,False,False,True,0.7947300959758324,0.01745245409058362
prefix_own_s42_unsafe_write,rightboy`shead,252,2,1,2,True,False,True,0.7125043368646197,0.0
prefix_own_s42_unsafe_write,rightboy`shead,257,0,0,2,True,False,True,0.0,0.0
prefix_own_s42_unsafe_write,rightboy`shead,258,0,1,2,True,False,True,0.0,0.0
prefix_own_s42_unsafe_write,rightboy`shead,261,0,1,0,False,False,True,0.0,0.0
prefix_own_s42_unsafe_write,rightboy`shead,262,0,3,2,True,False,True,0.0,0.0
prefix_own_s42_unsafe_write,rightboy`shead,263,0,0,2,True,False,True,0.0,0.0
prefix_own_s42_unsafe_write,rightboy`shead,264,0,1,0,False,False,True,0.0,0.0
prefix_own_s42_unsafe_write,rightboy`shead,267,2,4,2,True,False,True,0.0,0.0
prefix_own_s42_unsafe_write,rightboy`shead,272,0,2,0,False,False,True,0.0,0.0
prefix_own_s42_unsafe_write,rightboy`shead,273,0,1,0,False,False,True,0.0,0.0
prefix_own_s42_unsafe_write,rightboy`shead,274,2,2,2,True,False,True,0.0,0.0
prefix_own_s42_unsafe_write,rightboy`shead,276,0,0,2,True,False,True,0.0,0.0
prefix_own_s42_unsafe_write,rightboy`shead,277,2,0,2,True,False,True,0.0,0.0
prefix_own_s42_unsafe_write,rightboy`shead,278,2,0,2,True,False,True,0.0,0.0
prefix_own_s42_unsafe_write,rightboy`shead,279,2,0,2,True,False,True,0.0,0.0
prefix_own_s42_unsafe_write,rightboy`shead,280,0,0,2,True,False,True,0.0,0.0
prefix_own_s42_unsafe_write,rightboy`shead,281,0,0,2,True,False,True,0.0,0.0
prefix_own_s42_unsafe_write,rightboy`shead,283,0,1,0,False,False,True,0.0,0.0
prefix_own_s42_unsafe_write,rightboy`shead,284,0,1,0,False,False,True,0.0,0.0
prefix_own_s42_unsafe_write,rightboy`shead,287,2,0,2,True,False,True,0.0,0.0
prefix_own_s42_unsafe_write,rightboy`shead,288,2,0,2,True,False,True,0.0,0.0
prefix_own_s42_unsafe_write,rightboy`shead,289,0,0,2,True,False,True,0.0,0.0
prefix_own_s42_unsafe_write,rightboy`shead,290,2,0,2,True,False,True,0.0,0.0
prefix_own_s42_unsafe_write,rightboy`shead,291,2,0,2,True,False,True,0.0,0.0
prefix_own_s42_unsafe_write,rightboy`shead,292,2,0,2,True,False,True,0.0,0.0
prefix_own_s42_unsafe_write,rightboy`shead,293,0,0,2,True,False,True,0.0,0.0
prefix_own_s42_unsafe_write,rightboy`shead,294,0,0,2,True,False,True,0.0,0.0
prefix_own_s42_unsafe_write,rightboy`shead,295,2,0,2,True,False,True,0.0,0.0
prefix_own_s42_unsafe_write,rightboy`shead,296,0,0,2,True,False,True,0.0,0.0
prefix_own_s42_unsafe_write,rightboy`shead,297,2,1,2,True,False,True,0.0,0.0
prefix_own_s42_unsafe_write,rightboy`shead,298,0,0,2,True,False,True,0.0,0.0
prefix_own_s42_unsafe_write,rightboy`shead,299,2,0,2,True,False,True,0.0,0.0
prefix_own_s42_unsafe_write,rightboy`shead,300,2,0,2,True,False,True,0.0,0.0
prefix_own_s42_unsafe_write,rightboy`shead,301,0,0,2,True,False,True,0.0,0.0
prefix_own_s42_unsafe_write,rightboy`shead,302,0,0,2,True,False,True,0.0,0.0
prefix_own_s42_unsafe_write,rightboy`shead,303,2,0,2,True,False,True,0.0,0.0
prefix_own_s42_unsafe_write,rightboy`shead,304,0,0,2,True,False,True,0.0,0.0
prefix_own_s42_unsafe_write,rightboy`shead,305,0,0,2,True,False,True,0.0,0.0
prefix_own_s42_unsafe_write,rightboy`shead,306,0,0,2,True,False,True,0.0,0.0
prefix_own_s42_unsafe_write,rightboy`shead,307,2,1,2,True,False,True,0.0,0.0
prefix_own_s42_unsafe_write,rightboy`shead,308,2,3,2,True,False,True,0.0,0.0
prefix_own_s42_unsafe_write,rightboy`shead,309,0,0,2,True,False,True,0.0,0.0
prefix_own_s42_unsafe_write,rightboy`shead,310,0,0,0,False,False,True,0.0,0.0
prefix_own_s42_unsafe_write,rightboy`shead,322,0,1,0,False,False,True,0.0,0.0
prefix_own_s42_unsafe_write,rightboy`shead,336,0,0,2,True,False,True,0.0,0.0
prefix_own_s42_unsafe_write,rightboy`shead,337,0,1,0,False,False,True,0.0,0.0
prefix_own_s42_unsafe_write,rightboy`shead,347,2,0,2,True,False,True,0.0,0.0
prefix_own_s42_unsafe_write,rightboy`shead,348,2,3,2,True,False,True,0.0,0.0
prefix_own_s42_unsafe_write,rightboy`shead,349,2,0,2,True,False,True,0.0,0.0
prefix_own_s42_unsafe_write,rightboy`shead,350,2,0,2,True,False,True,0.0,0.0
prefix_own_s42_unsafe_write,rightboy`shead,351,0,0,2,True,False,True,0.0,0.0
prefix_own_s42_unsafe_write,rightboy`shead,352,0,0,2,True,False,True,0.0,0.0
prefix_own_s42_unsafe_write,rightboy`shead,353,2,0,2,True,False,True,0.0,0.0
prefix_own_s42_unsafe_write,rightboy`shead,354,0,0,2,True,False,True,0.0,0.0
prefix_own_s42_unsafe_write,rightboy`shead,355,2,0,2,True,False,True,0.0,0.0
prefix_own_s42_unsafe_write,rightboy`shead,356,0,0,2,True,False,True,0.0,0.0
prefix_own_s42_unsafe_write,rightboy`shead,357,2,0,2,True,False,True,0.0,0.0
prefix_own_s42_unsafe_write,rightboy`shead,358,0,0,2,True,False,True,0.0,0.0
prefix_own_s42_unsafe_write,rightboy`shead,359,0,0,2,True,False,True,0.0,0.0
prefix_own_s42_unsafe_write,rightholdball1096,368,2,0,2,True,False,False,,
prefix_own_s42_unsafe_write,rightholdball1096,444,2,0,2,True,False,True,0.0,0.7769954174437713
prefix_own_s42_unsafe_write,rightholdball1096,1084,0,0,2,True,False,True,0.7828566881406209,0.0
prefix_own_s42_unsafe_write,rightredboy,385,0,0,2,True,False,True,0.6006786640754892,0.6006786640754892
prefix_own_s42_unsafe_write,rightredboy,386,0,0,2,True,False,True,0.5815428914566841,0.5815428914566841
prefix_own_s42_unsafe_write,rightredboy,387,0,0,2,True,False,True,0.3534760726003103,0.3534760726003103
prefix_own_s42_unsafe_write,rightshiningmirror,467,0,1,0,False,False,True,0.04396720634046931,0.5739815767441291
prefix_own_s42_unsafe_write,rightshiningmirror,496,2,0,2,True,False,True,0.5804116205464404,0.0
prefix_own_s42_unsafe_write,rightshiningmirror,526,0,0,2,True,False,True,0.3937029650851265,0.3937029650851265
prefix_own_s42_unsafe_write,rightshiningmirror,553,2,2,2,True,False,True,0.23449811302034773,0.0
prefix_own_s42_unsafe_write,rightshiningmirror,554,2,0,2,True,False,True,0.0,0.025178867512063805
prefix_own_s42_unsafe_write,rightshiningmirror,555,0,0,2,True,False,True,0.0,0.0
prefix_own_s42_unsafe_write,rightshiningmirror,556,0,0,2,True,False,True,0.0,0.0
prefix_own_s42_unsafe_write,rightshiningmirror,557,0,0,2,True,False,True,0.0,0.0
prefix_own_s42_unsafe_write,rightshiningmirror,558,0,0,2,True,False,True,0.0,0.0
prefix_own_s42_unsafe_write,rightshiningmirror,559,0,0,2,True,False,True,0.0,0.0
prefix_own_s42_unsafe_write,rightshiningmirror,560,0,0,2,True,False,True,0.0,0.0
prefix_own_s42_unsafe_write,rightshiningmirror,561,2,2,2,True,False,True,0.0,0.0
prefix_own_s42_unsafe_write,rightshiningmirror,569,0,1,0,False,False,True,0.0,0.0
prefix_own_s42_unsafe_write,rightshiningmirror,572,0,0,2,True,False,True,0.24216252004999436,0.24216252004999436
prefix_own_s42_unsafe_write,rightshiningmirror,574,0,0,2,True,False,True,0.40356914814109873,0.40356914814109873
prefix_own_s42_unsafe_write,rightshiningmirror,594,0,0,2,True,False,True,0.17919627976922745,0.17919627976922745
prefix_own_s42_unsafe_write,rightshiningmirror,596,0,1,0,False,False,True,0.4033248262156864,0.4612934136081212
prefix_own_s42_unsafe_write,rightshiningmirror,828,2,0,2,True,False,True,0.43921914029281983,0.0
prefix_own_s42_unsafe_write,rightshiningmirror,889,0,0,0,False,False,True,0.0,0.31865510315629847
prefix_own_s42_unsafe_write,righttallnine-gai,881,0,0,0,False,False,True,0.0,0.8690452997199771
prefix_own_s42_unsafe_write,stripeman,131,0,0,0,False,False,True,0.0,0.6958461156459902
prefix_own_s42_unsafe_write,stripeman,133,2,0,2,True,False,True,0.0,0.2501748514616038
prefix_own_s42_unsafe_write,stripeman,134,0,0,2,True,False,True,0.3779556098089278,0.3779556098089278
prefix_own_s42_unsafe_write,stripeman,149,0,0,2,True,False,True,0.7117501277350894,0.7117501277350894
prefix_own_s42_unsafe_write,stripeman,151,0,4,0,False,False,True,0.6670256414290038,0.0
prefix_own_s42_unsafe_write,stripeman,153,0,1,2,True,False,True,0.0,0.8752011721035575
prefix_own_s42_unsafe_write,stripeman,154,0,0,2,True,False,True,0.6592763555197603,0.0
prefix_own_s42_unsafe_write,stripeman,158,0,0,2,True,False,True,0.4207325393854178,0.4207325393854178
prefix_own_s42_unsafe_write,stripeman,159,2,1,2,True,False,True,0.66059093963069,0.43531952660961415
prefix_own_s42_unsafe_write,stubesideswhitecar,25,2,2,2,True,False,True,0.7051522662201716,0.0
prefix_own_s42_unsafe_write,stubesideswhitecar,27,0,1,0,False,False,True,0.0,0.0
prefix_own_s42_unsafe_write,stubesideswhitecar,31,0,1,0,False,False,True,0.0,0.0
prefix_own_s42_unsafe_write,stubesideswhitecar,32,0,1,0,False,False,True,0.0,0.8087713249432223
prefix_own_s42_unsafe_write,stubesideswhitecar,45,0,1,0,False,False,True,0.0,0.43968907431023607
prefix_own_s42_unsafe_write,stubesideswhitecar,51,0,2,0,False,False,True,0.0,0.0
prefix_own_s42_unsafe_write,stubesideswhitecar,53,0,1,2,True,False,True,0.0,0.0
prefix_own_s42_unsafe_write,stubesideswhitecar,67,0,0,0,False,False,True,0.0,0.0
prefix_own_s42_unsafe_write,stubesideswhitecar,76,0,1,0,False,False,True,0.0,0.0
prefix_own_s42_unsafe_write,stubesideswhitecar,77,0,1,0,False,False,True,0.0,0.0
prefix_own_s42_unsafe_write,stubesideswhitecar,81,0,1,0,False,False,True,0.0,0.0
prefix_own_s42_unsafe_write,stubesideswhitecar,82,0,0,2,True,False,True,0.0,0.0
prefix_own_s42_unsafe_write,stubesideswhitecar,110,0,1,0,False,False,True,0.0,0.0
prefix_own_s42_unsafe_write,stubesideswhitecar,111,0,1,0,False,False,True,0.0,0.0
prefix_own_s42_unsafe_write,stubesideswhitecar,117,0,0,2,True,False,True,0.0,0.0
prefix_own_s42_unsafe_write,stubesideswhitecar,118,0,0,2,True,False,True,0.0,0.0
prefix_own_s42_unsafe_write,stubesideswhitecar,123,0,0,2,True,False,True,0.0,0.0
prefix_own_s42_unsafe_write,stubesideswhitecar,124,0,0,2,True,False,True,0.0,0.0
prefix_own_s42_unsafe_write,stubesideswhitecar,131,0,0,2,True,False,True,0.0,0.0
prefix_own_s42_unsafe_write,stubesideswhitecar,132,0,0,2,True,False,True,0.0,0.0
prefix_own_s42_unsafe_write,stubesideswhitecar,133,2,1,2,True,False,True,0.0,0.0
prefix_own_s42_unsafe_write,stubesideswhitecar,134,0,0,2,True,False,True,0.0,0.0
prefix_own_s42_unsafe_write,stubesideswhitecar,135,0,0,2,True,False,True,0.0,0.0
prefix_own_s42_unsafe_write,stubesideswhitecar,136,0,0,2,True,False,True,0.0,0.0
prefix_own_s42_unsafe_write,stubesideswhitecar,141,0,0,2,True,False,True,0.0,0.0
prefix_own_s42_unsafe_write,stubesideswhitecar,142,2,1,2,True,False,True,0.0,0.0
prefix_own_s42_unsafe_write,stubesideswhitecar,144,0,0,2,True,False,True,0.0,0.0
prefix_own_s42_unsafe_write,stubesideswhitecar,145,0,0,2,True,False,True,0.0,0.0
prefix_own_s42_unsafe_write,stubesideswhitecar,146,0,0,2,True,False,True,0.0,0.0
prefix_own_s42_unsafe_write,stubesideswhitecar,148,0,2,0,False,False,True,0.0,0.0
prefix_own_s42_unsafe_write,stubesideswhitecar,152,0,0,2,True,False,True,0.0,0.0
prefix_own_s42_unsafe_write,stubesideswhitecar,159,0,2,0,False,False,True,0.0,0.0
prefix_own_s42_unsafe_write,stubesideswhitecar,165,0,0,2,True,False,True,0.0,0.0
prefix_own_s42_unsafe_write,stubesideswhitecar,180,0,0,2,True,False,True,0.0,0.0
prefix_own_s42_unsafe_write,stubesideswhitecar,181,0,0,2,True,False,True,0.0,0.0
prefix_own_s42_unsafe_write,stubesideswhitecar,182,0,0,2,True,False,True,0.0,0.0
prefix_own_s42_unsafe_write,stubesideswhitecar,185,2,1,2,True,False,True,0.0,0.0
prefix_own_s42_unsafe_write,stubesideswhitecar,186,0,0,2,True,False,True,0.0,0.0
prefix_own_s42_unsafe_write,stubesideswhitecar,188,0,0,2,True,False,True,0.0,0.0
prefix_own_s42_unsafe_write,stubesideswhitecar,191,0,0,2,True,False,True,0.0,0.0
prefix_own_s42_unsafe_write,stubesideswhitecar,192,0,0,2,True,False,True,0.0,0.0
prefix_own_s42_unsafe_write,stubesideswhitecar,193,0,0,2,True,False,True,0.0,0.0
prefix_own_s42_unsafe_write,stubesideswhitecar,194,0,0,2,True,False,True,0.0,0.0
prefix_own_s42_unsafe_write,stubesideswhitecar,195,0,0,2,True,False,True,0.0,0.0
prefix_own_s42_unsafe_write,stubesideswhitecar,197,0,0,2,True,False,True,0.0,0.0
prefix_own_s42_unsafe_write,stubesideswhitecar,198,0,0,2,True,False,True,0.0,0.0
prefix_own_s42_unsafe_write,stubesideswhitecar,199,0,0,2,True,False,True,0.0,0.0
prefix_own_s42_unsafe_write,stubesideswhitecar,200,0,0,2,True,False,True,0.0,0.0
prefix_own_s42_unsafe_write,stubesideswhitecar,202,0,0,2,True,False,True,0.0,0.0
prefix_own_s42_unsafe_write,stubesideswhitecar,203,0,0,2,True,False,True,0.0,0.0
prefix_own_s42_unsafe_write,stubesideswhitecar,204,2,2,2,True,False,True,0.0,0.0
prefix_own_s42_unsafe_write,stubesideswhitecar,206,0,0,2,True,False,True,0.0,0.0
prefix_own_s42_unsafe_write,stubesideswhitecar,215,0,0,0,False,False,True,0.0,0.0
prefix_own_s42_unsafe_write,stubesideswhitecar,218,0,0,0,False,False,True,0.0,0.0
prefix_own_s42_unsafe_write,stubesideswhitecar,222,0,0,0,False,False,True,0.0,0.0
prefix_own_s42_unsafe_write,stubesideswhitecar,229,2,0,2,True,False,True,0.0,0.0
prefix_own_s42_unsafe_write,stubesideswhitecar,230,0,1,0,False,False,True,0.0,0.0
prefix_own_s42_unsafe_write,stubesideswhitecar,231,2,0,2,True,False,True,0.0,0.0
prefix_own_s42_unsafe_write,stubesideswhitecar,233,0,2,0,False,False,True,0.0,0.0
prefix_own_s42_unsafe_write,stubesideswhitecar,242,0,0,2,True,False,True,0.0,0.0
prefix_own_s42_unsafe_write,stubesideswhitecar,244,0,0,0,False,False,True,0.0,0.0
prefix_own_s42_unsafe_write,stubesideswhitecar,247,0,1,0,False,False,True,0.0,0.0
prefix_own_s42_unsafe_write,stubesideswhitecar,255,2,0,2,True,False,True,0.0,0.0
prefix_own_s42_unsafe_write,suitcase,252,0,1,0,False,False,True,0.38310984015980093,0.0
prefix_own_s42_unsafe_write,suitcase,309,0,1,0,False,False,True,0.729872672852105,0.0
prefix_own_s42_unsafe_write,suitcase,310,0,0,0,False,False,True,0.0,0.615693743110555
prefix_own_s42_unsafe_write,suitcase,314,0,0,0,False,False,True,0.0,0.7278835704043168
prefix_own_s42_unsafe_write,suitcase,316,0,0,0,False,False,True,0.0,0.746872073387183
prefix_own_s42_unsafe_write,suitcase,322,0,1,0,False,False,True,0.7245153119047548,0.0
prefix_own_s42_unsafe_write,suitcase,326,0,0,0,False,False,True,0.0,0.4274775625174081
prefix_own_s42_unsafe_write,suitcase,331,0,1,0,False,False,True,0.47252519212967925,0.0
prefix_own_s42_unsafe_write,suitcase,332,2,0,2,True,False,True,0.0,0.0
prefix_own_s42_unsafe_write,suitcase,338,0,3,0,False,False,True,0.0,0.3607517599487179
prefix_own_s42_unsafe_write,suitcase,353,0,1,0,False,False,True,0.4949628270344128,0.0
prefix_own_s42_unsafe_write,suitcase,354,0,1,2,True,False,True,0.0,0.4352664873067701
prefix_own_s42_unsafe_write,suitcase,420,0,1,0,False,False,True,0.7206901266821346,0.0
prefix_own_s42_unsafe_write,suitcase,421,0,3,0,False,False,True,0.0,0.5854208626177347
prefix_own_s42_unsafe_write,suitcase,422,0,2,0,False,False,True,0.5452841635116513,0.0
prefix_own_s42_unsafe_write,suitcase,424,0,1,0,False,False,True,0.0,0.4607005604554903
prefix_own_s42_unsafe_write,suitcase,425,0,2,0,False,False,True,0.31809657972485916,0.0
prefix_own_s42_unsafe_write,suitcase,432,0,1,0,False,False,True,0.0,0.46978200526541397
prefix_own_s42_unsafe_write,suitcase,436,0,1,0,False,False,True,0.49525820583681474,0.0
prefix_own_s42_unsafe_write,waiterontheothersideofwindow,7,0,0,2,True,False,True,0.42034365881439356,0.42034365881439356
prefix_own_s42_unsafe_write,waiterontheothersideofwindow,8,0,0,2,True,False,True,0.6835044714546777,0.6835044714546777
prefix_own_s42_unsafe_write,waiterontheothersideofwindow,9,0,0,2,True,False,True,0.3484218010892366,0.3484218010892366
prefix_own_s42_unsafe_write,waiterontheothersideofwindow,10,0,0,2,True,False,True,0.26591040308454494,0.26591040308454494
prefix_own_s42_unsafe_write,waiterontheothersideofwindow,12,0,0,2,True,False,True,0.10196460954264415,0.10196460954264415
prefix_own_s42_unsafe_write,waiterontheothersideofwindow,13,0,1,2,True,False,True,0.13547530164349864,0.0
prefix_own_s42_unsafe_write,waiterontheothersideofwindow,14,2,3,2,True,False,True,0.0,0.0
prefix_own_s42_unsafe_write,waiterontheothersideofwindow,15,2,1,2,True,False,True,0.0,0.0
prefix_own_s42_unsafe_write,waiterontheothersideofwindow,16,2,0,2,True,False,True,0.0,0.0
prefix_own_s42_unsafe_write,waiterontheothersideofwindow,18,2,2,2,True,False,True,0.0,0.0
prefix_own_s42_unsafe_write,waiterontheothersideofwindow,21,2,0,2,True,False,True,0.0,0.0
prefix_own_s42_unsafe_write,waiterontheothersideofwindow,23,0,0,2,True,False,True,0.0,0.0
prefix_own_s42_unsafe_write,waiterontheothersideofwindow,24,2,0,2,True,False,True,0.0,0.0
prefix_own_s42_unsafe_write,waiterontheothersideofwindow,25,2,1,2,True,False,True,0.0,0.0
prefix_own_s42_unsafe_write,waiterontheothersideofwindow,26,0,0,2,True,False,True,0.0,0.0
prefix_own_s42_unsafe_write,waiterontheothersideofwindow,27,2,0,2,True,False,True,0.0,0.0
prefix_own_s42_unsafe_write,waiterontheothersideofwindow,28,0,0,2,True,False,True,0.0,0.0
prefix_own_s42_unsafe_write,waiterontheothersideofwindow,29,0,0,2,True,False,True,0.0,0.0
prefix_own_s42_unsafe_write,waiterontheothersideofwindow,30,0,1,0,False,False,True,0.0,0.0
prefix_own_s42_unsafe_write,waiterontheothersideofwindow,31,2,0,2,True,False,True,0.0,0.0
prefix_own_s42_unsafe_write,waiterontheothersideofwindow,32,2,0,2,True,False,True,0.0,0.0
prefix_own_s42_unsafe_write,waiterontheothersideofwindow,33,0,0,2,True,False,True,0.0,0.0
prefix_own_s42_unsafe_write,waiterontheothersideofwindow,34,2,0,2,True,False,True,0.0,0.0
prefix_own_s42_unsafe_write,waiterontheothersideofwindow,35,0,0,2,True,False,True,0.0,0.0
prefix_own_s42_unsafe_write,waiterontheothersideofwindow,36,2,0,2,True,False,True,0.0,0.0
prefix_own_s42_unsafe_write,waiterontheothersideofwindow,37,0,0,2,True,False,True,0.0,0.0
prefix_own_s42_unsafe_write,waiterontheothersideofwindow,38,0,0,2,True,False,True,0.0,0.0
prefix_own_s42_unsafe_write,waiterontheothersideofwindow,39,0,1,2,True,False,True,0.0,0.0
prefix_own_s42_unsafe_write,waiterontheothersideofwindow,40,2,0,2,True,False,True,0.0,0.0
prefix_own_s42_unsafe_write,waiterontheothersideofwindow,41,0,0,2,True,False,True,0.0,0.0
prefix_own_s42_unsafe_write,waiterontheothersideofwindow,43,2,1,2,True,False,True,0.0,0.0
prefix_own_s42_unsafe_write,waiterontheothersideofwindow,44,2,1,2,True,False,True,0.0,0.0
prefix_own_s42_unsafe_write,waiterontheothersideofwindow,46,2,0,2,True,False,True,0.0,0.0
prefix_own_s42_unsafe_write,waiterontheothersideofwindow,47,2,0,2,True,False,True,0.0,0.0
prefix_own_s42_unsafe_write,waiterontheothersideofwindow,48,0,0,2,True,False,True,0.0,0.0
prefix_own_s42_unsafe_write,waiterontheothersideofwindow,50,0,0,2,True,False,True,0.0,0.0
prefix_own_s42_unsafe_write,waiterontheothersideofwindow,52,2,0,2,True,False,True,0.0,0.0
prefix_own_s42_unsafe_write,waiterontheothersideofwindow,53,0,0,2,True,False,True,0.0,0.0
prefix_own_s42_unsafe_write,waiterontheothersideofwindow,54,2,0,2,True,False,True,0.0,0.0
prefix_own_s42_unsafe_write,waiterontheothersideofwindow,55,2,0,2,True,False,True,0.0,0.0
prefix_own_s42_unsafe_write,waiterontheothersideofwindow,57,2,1,2,True,False,True,0.0,0.0
prefix_own_s42_unsafe_write,waiterontheothersideofwindow,58,0,0,2,True,False,True,0.0,0.0
prefix_own_s42_unsafe_write,waiterontheothersideofwindow,59,0,0,2,True,False,True,0.0,0.0
prefix_own_s42_unsafe_write,waiterontheothersideofwindow,60,2,1,2,True,False,True,0.0,0.0
prefix_own_s42_unsafe_write,waiterontheothersideofwindow,61,0,0,2,True,False,True,0.0,0.0
prefix_own_s42_unsafe_write,waiterontheothersideofwindow,62,0,0,2,True,False,True,0.0,0.0
prefix_own_s42_unsafe_write,waiterontheothersideofwindow,63,0,0,2,True,False,True,0.0,0.0
prefix_own_s42_unsafe_write,waiterontheothersideofwindow,66,2,0,2,True,False,True,0.0,0.0
prefix_own_s42_unsafe_write,waiterontheothersideofwindow,68,2,0,2,True,False,True,0.0,0.0
prefix_own_s42_unsafe_write,waiterontheothersideofwindow,70,0,0,2,True,False,True,0.0,0.0
prefix_own_s42_unsafe_write,waiterontheothersideofwindow,71,2,0,2,True,False,True,0.0,0.0
prefix_own_s42_unsafe_write,waiterontheothersideofwindow,72,0,0,2,True,False,True,0.0,0.0
prefix_own_s42_unsafe_write,waiterontheothersideofwindow,73,0,0,2,True,False,True,0.0,0.0
prefix_own_s42_unsafe_write,waiterontheothersideofwindow,74,2,0,2,True,False,True,0.0,0.0
prefix_own_s42_unsafe_write,waiterontheothersideofwindow,76,2,0,2,True,False,True,0.0,0.0
prefix_own_s42_unsafe_write,waiterontheothersideofwindow,78,2,0,2,True,False,True,0.0,0.0
prefix_own_s42_unsafe_write,waiterontheothersideofwindow,80,2,1,2,True,False,True,0.0,0.0
prefix_own_s42_unsafe_write,waiterontheothersideofwindow,82,0,0,2,True,False,True,0.0,0.0
prefix_own_s42_unsafe_write,waiterontheothersideofwindow,84,0,0,2,True,False,True,0.0,0.0
prefix_own_s42_unsafe_write,waiterontheothersideofwindow,85,2,1,2,True,False,True,0.0,0.0
prefix_own_s42_unsafe_write,waiterontheothersideofwindow,89,2,0,2,True,False,True,0.0,0.0
prefix_own_s42_unsafe_write,waiterontheothersideofwindow,90,0,0,2,True,False,True,0.0,0.0
prefix_own_s42_unsafe_write,waiterontheothersideofwindow,91,2,1,2,True,False,True,0.0,0.0
prefix_own_s42_unsafe_write,waiterontheothersideofwindow,93,2,0,2,True,False,True,0.0,0.0
prefix_own_s42_unsafe_write,waiterontheothersideofwindow,94,2,0,2,True,False,True,0.0,0.0
prefix_own_s42_unsafe_write,waiterontheothersideofwindow,95,2,0,2,True,False,True,0.0,0.0
prefix_own_s42_unsafe_write,waiterontheothersideofwindow,96,0,0,6,True,False,True,0.0,0.0
prefix_own_s42_unsafe_write,waiterontheothersideofwindow,97,0,0,2,True,False,True,0.0,0.0
prefix_own_s42_unsafe_write,waiterontheothersideofwindow,99,0,0,2,True,False,True,0.0,0.0
prefix_own_s42_unsafe_write,waiterontheothersideofwindow,102,2,2,2,True,False,True,0.0,0.0
prefix_own_s42_unsafe_write,waiterontheothersideofwindow,105,0,1,0,False,False,True,0.0,0.0
prefix_own_s42_unsafe_write,waiterontheothersideofwindow,106,2,0,2,True,False,True,0.0,0.0
prefix_own_s42_unsafe_write,waiterontheothersideofwindow,110,0,0,2,True,False,True,0.0,0.0
prefix_own_s42_unsafe_write,waiterontheothersideofwindow,112,2,0,2,True,False,True,0.0,0.0
prefix_own_s42_unsafe_write,waiterontheothersideofwindow,113,0,0,2,True,False,True,0.0,0.0
prefix_own_s42_unsafe_write,waiterontheothersideofwindow,114,0,1,0,False,False,True,0.0,0.0
prefix_own_s42_unsafe_write,waiterontheothersideofwindow,115,2,0,2,True,False,True,0.0,0.0
prefix_own_s42_unsafe_write,waiterontheothersideofwindow,117,2,0,2,True,False,True,0.0,0.0
prefix_own_s42_unsafe_write,waiterontheothersideofwindow,120,2,0,2,True,False,True,0.0,0.0
prefix_own_s42_unsafe_write,waiterontheothersideofwindow,121,0,0,2,True,False,True,0.0,0.0
prefix_own_s42_unsafe_write,waiterontheothersideofwindow,122,2,0,2,True,False,True,0.0,0.0
prefix_own_s42_unsafe_write,waiterontheothersideofwindow,123,0,0,2,True,False,True,0.0,0.0
prefix_own_s42_unsafe_write,waiterontheothersideofwindow,126,2,0,2,True,False,True,0.0,0.0
prefix_own_s42_unsafe_write,waiterontheothersideofwindow,128,2,0,2,True,False,True,0.0,0.0
prefix_own_s42_unsafe_write,waiterontheothersideofwindow,131,2,0,2,True,False,True,0.0,0.0
prefix_own_s42_unsafe_write,waiterontheothersideofwindow,132,2,0,2,True,False,True,0.0,0.0
prefix_own_s42_unsafe_write,waiterontheothersideofwindow,133,0,0,2,True,False,True,0.0,0.0
prefix_own_s42_unsafe_write,waiterontheothersideofwindow,134,0,0,2,True,False,True,0.0,0.0
prefix_own_s42_unsafe_write,waiterontheothersideofwindow,135,2,0,2,True,False,True,0.0,0.0
prefix_own_s42_unsafe_write,waiterontheothersideofwindow,137,2,0,2,True,False,True,0.0,0.0
prefix_own_s42_unsafe_write,waiterontheothersideofwindow,138,0,0,2,True,False,True,0.0,0.0
prefix_own_s42_unsafe_write,waiterontheothersideofwindow,140,2,0,2,True,False,True,0.0,0.0
prefix_own_s42_unsafe_write,waiterontheothersideofwindow,142,2,1,2,True,False,True,0.0,0.0
prefix_own_s42_unsafe_write,waiterontheothersideofwindow,143,0,0,2,True,False,True,0.0,0.0
prefix_own_s42_unsafe_write,waiterontheothersideofwindow,144,2,0,2,True,False,True,0.0,0.0
prefix_own_s42_unsafe_write,waiterontheothersideofwindow,145,0,0,2,True,False,True,0.0,0.0
prefix_own_s42_unsafe_write,waiterontheothersideofwindow,187,0,0,2,True,False,True,0.0,0.0
prefix_own_s42_unsafe_write,waiterontheothersideofwindow,194,0,0,2,True,False,True,0.0,0.0
prefix_own_s42_unsafe_write,waiterontheothersideofwindow,195,0,0,2,True,False,True,0.0,0.0
prefix_own_s42_unsafe_write,waiterontheothersideofwindow,196,0,0,2,True,False,True,0.0,0.0
prefix_own_s42_unsafe_write,waiterontheothersideofwindow,205,0,0,2,True,False,True,0.0,0.0
prefix_own_s42_unsafe_write,waiterontheothersideofwindow,215,0,1,0,False,False,True,0.0,0.0
prefix_own_s42_unsafe_write,waiterontheothersideofwindow,216,2,0,2,True,False,True,0.0,0.0
prefix_own_s42_unsafe_write,waiterontheothersideofwindow,217,2,0,2,True,False,True,0.0,0.0
prefix_own_s42_unsafe_write,waiterontheothersideofwindow,222,2,1,2,True,False,True,0.0,0.0
prefix_own_s42_unsafe_write,waiterontheothersideofwindow,228,2,0,2,True,False,True,0.0,0.0
prefix_own_s42_unsafe_write,waiterontheothersideofwindow,236,2,0,2,True,False,True,0.0,0.0
prefix_own_s42_unsafe_write,waiterontheothersideofwindow,240,2,0,2,True,False,True,0.0,0.0
prefix_own_s42_unsafe_write,waiterontheothersideofwindow,242,2,1,2,True,False,True,0.0,0.0
prefix_own_s42_unsafe_write,waiterontheothersideofwindow,245,2,0,2,True,False,True,0.0,0.0
prefix_own_s42_unsafe_write,waiterontheothersideofwindow,247,2,1,2,True,False,True,0.0,0.0
prefix_own_s42_unsafe_write,whiteaftertrees,44,0,1,2,True,False,True,0.48902893567747696,0.0
prefix_own_s42_unsafe_write,whiteaftertrees,45,0,0,2,True,False,True,0.6329100624081345,0.6329100624081345
prefix_own_s42_unsafe_write,whiteaftertrees,50,0,0,2,True,False,True,0.1592238397352634,0.1592238397352634
prefix_own_s42_unsafe_write,whiteaftertrees,62,0,0,2,True,False,True,0.367053003608202,0.367053003608202
prefix_own_s42_unsafe_write,whiteaftertrees,68,0,0,2,True,False,True,0.7408699832391384,0.7408699832391384
prefix_own_s42_unsafe_write,whiteaftertrees,69,2,2,2,True,False,True,0.49073580041357706,0.11537290777497493
prefix_own_s42_unsafe_write,whiteaftertrees,70,0,0,2,True,False,True,0.45620136133327605,0.45620136133327605
prefix_own_s42_unsafe_write,whiteaftertrees,71,0,0,2,True,False,True,0.44981700754442927,0.44981700754442927
prefix_own_s42_unsafe_write,whiteaftertrees,72,0,0,2,True,False,True,0.0,0.0
prefix_own_s42_unsafe_write,whiteaftertrees,73,0,0,2,True,False,True,0.0,0.0
prefix_own_s42_unsafe_write,whiteaftertrees,74,0,1,2,True,False,True,0.0,0.5408346565450703
prefix_own_s42_unsafe_write,whiteaftertrees,75,2,0,2,True,False,True,0.42875570501998067,0.2663024619316992
prefix_own_s42_unsafe_write,whiteaftertrees,76,0,0,2,True,False,True,0.2292205506350102,0.2292205506350102
prefix_own_s42_unsafe_write,whiteaftertrees,77,2,1,2,True,False,True,0.193001821743735,0.0
prefix_own_s42_unsafe_write,whiteaftertrees,78,2,0,2,True,False,True,0.04132719504378365,0.0004069646691485662
prefix_own_s42_unsafe_write,whiteaftertrees,79,0,0,2,True,False,True,0.0,0.0
prefix_own_s42_unsafe_write,whiteaftertrees,80,2,0,2,True,False,True,0.0,0.0
prefix_own_s42_unsafe_write,whiteaftertrees,81,0,0,2,True,False,True,0.0,0.0
prefix_own_s42_unsafe_write,whiteaftertrees,82,0,0,2,True,False,True,0.0,0.0
prefix_own_s42_unsafe_write,whiteaftertrees,83,0,0,2,True,False,True,0.0,0.0
prefix_own_s42_unsafe_write,whiteaftertrees,84,2,4,2,True,False,True,0.0,0.0
prefix_own_s42_unsafe_write,whiteaftertrees,85,2,0,2,True,False,True,0.0,0.0
prefix_own_s42_unsafe_write,whiteaftertrees,86,0,0,2,True,False,True,0.0,0.0
prefix_own_s42_unsafe_write,whiteaftertrees,87,0,0,2,True,False,True,0.0,0.0
prefix_own_s42_unsafe_write,whiteaftertrees,88,0,0,2,True,False,True,0.0,0.0
prefix_own_s42_unsafe_write,whiteaftertrees,89,2,0,2,True,False,True,0.0,0.0
prefix_own_s42_unsafe_write,whiteaftertrees,90,2,3,2,True,False,True,0.0,0.0
prefix_own_s42_unsafe_write,whiteaftertrees,91,2,0,2,True,False,True,0.0,0.0
prefix_own_s42_unsafe_write,whiteaftertrees,92,0,0,2,True,False,True,0.0,0.0
prefix_own_s42_unsafe_write,whiteaftertrees,93,2,2,2,True,False,True,0.0,0.0
prefix_own_s42_unsafe_write,whiteaftertrees,94,0,0,2,True,False,True,0.0,0.0
prefix_own_s42_unsafe_write,whiteaftertrees,95,2,0,2,True,False,True,0.0,0.0
prefix_own_s42_unsafe_write,whiteaftertrees,96,0,0,2,True,False,True,0.0,0.0
prefix_own_s42_unsafe_write,whiteaftertrees,97,0,0,2,True,False,True,0.0,0.0
prefix_own_s42_unsafe_write,whiteaftertrees,98,0,0,2,True,False,True,0.0,0.0
prefix_own_s42_unsafe_write,whiteaftertrees,99,2,2,2,True,False,True,0.0,0.0
prefix_own_s42_unsafe_write,whiteaftertrees,100,0,0,2,True,False,True,0.0,0.0
prefix_own_s42_unsafe_write,whiteaftertrees,101,2,2,2,True,False,True,0.0,0.0
prefix_own_s42_unsafe_write,whiteaftertrees,102,0,0,2,True,False,True,0.0,0.0
prefix_own_s42_unsafe_write,whiteaftertrees,103,0,0,2,True,False,True,0.0,0.0
prefix_own_s42_unsafe_write,whiteaftertrees,104,2,0,2,True,False,True,0.0,0.0
prefix_own_s42_unsafe_write,whiteaftertrees,105,0,0,2,True,False,True,0.0,0.0
prefix_own_s42_unsafe_write,whiteaftertrees,106,2,0,2,True,False,True,0.0,0.0
prefix_own_s42_unsafe_write,whiteaftertrees,107,0,0,2,True,False,True,0.0,0.0
prefix_own_s42_unsafe_write,whiteaftertrees,108,2,0,2,True,False,True,0.0,0.0
prefix_own_s42_unsafe_write,whiteaftertrees,109,2,0,2,True,False,True,0.0,0.0
prefix_own_s42_unsafe_write,whiteaftertrees,110,0,0,2,True,False,True,0.0,0.0
prefix_own_s42_unsafe_write,whiteaftertrees,111,0,0,2,True,False,True,0.0,0.0
prefix_own_s42_unsafe_write,whiteaftertrees,112,2,3,2,True,False,True,0.0,0.0
prefix_own_s42_unsafe_write,whiteaftertrees,113,2,0,2,True,False,True,0.0,0.0
prefix_own_s42_unsafe_write,whiteaftertrees,114,0,0,2,True,False,True,0.0,0.0
prefix_own_s42_unsafe_write,whiteaftertrees,115,2,1,2,True,False,True,0.0,0.0
prefix_own_s42_unsafe_write,whiteaftertrees,116,0,0,2,True,False,True,0.0,0.0
prefix_own_s42_unsafe_write,whiteaftertrees,117,0,0,2,True,False,True,0.0,0.0
prefix_own_s42_unsafe_write,whiteaftertrees,118,0,1,2,True,False,True,0.0,0.08640740116048284
prefix_own_s42_unsafe_write,whiteaftertrees,119,0,0,2,True,False,True,0.0,0.0
prefix_own_s42_unsafe_write,whiteaftertrees,120,0,0,2,True,False,True,0.0,0.0
prefix_own_s42_unsafe_write,whiteaftertrees,121,0,0,2,True,False,True,0.0,0.0
prefix_own_s42_unsafe_write,whiteaftertrees,122,0,0,2,True,False,True,0.0,0.0
prefix_own_s42_unsafe_write,whiteaftertrees,123,0,0,2,True,False,True,0.0,0.0
prefix_own_s42_unsafe_write,whiteaftertrees,124,0,0,2,True,False,True,0.0,0.0
prefix_own_s42_unsafe_write,whiteaftertrees,125,0,0,2,True,False,True,0.0,0.0
prefix_own_s42_unsafe_write,whiteaftertrees,126,0,0,2,True,False,True,0.0,0.0
prefix_own_s42_unsafe_write,whiteaftertrees,127,0,0,2,True,False,True,0.0,0.0
prefix_own_s42_unsafe_write,whiteaftertrees,128,0,0,2,True,False,True,0.0,0.0
prefix_own_s42_unsafe_write,whiteaftertrees,129,0,0,2,True,False,True,0.0,0.0
prefix_own_s42_unsafe_write,whiteaftertrees,130,0,0,2,True,False,True,0.0,0.0
prefix_own_s42_unsafe_write,whiteaftertrees,131,0,0,2,True,False,True,0.0,0.0
prefix_own_s42_unsafe_write,whiteaftertrees,132,0,0,2,True,False,True,0.0,0.0
prefix_own_s42_unsafe_write,whiteaftertrees,133,0,0,2,True,False,True,0.0,0.0
prefix_own_s42_unsafe_write,whiteaftertrees,134,0,0,2,True,False,True,0.0,0.0
prefix_own_s42_unsafe_write,whiteaftertrees,135,0,0,2,True,False,True,0.0,0.0
prefix_own_s42_unsafe_write,whiteaftertrees,136,0,0,2,True,False,True,0.0,0.0
prefix_own_s42_unsafe_write,whiteaftertrees,137,0,0,2,True,False,True,0.0,0.0
prefix_own_s42_unsafe_write,whiteaftertrees,138,0,0,2,True,False,True,0.0,0.0
prefix_own_s42_unsafe_write,whiteaftertrees,139,0,0,2,True,False,True,0.0,0.0
prefix_own_s42_unsafe_write,whiteaftertrees,140,0,0,2,True,False,True,0.0,0.0
prefix_own_s42_unsafe_write,whiteaftertrees,141,0,0,2,True,False,True,0.0,0.0
prefix_own_s42_unsafe_write,whiteaftertrees,142,2,1,2,True,False,True,0.0,0.0
prefix_own_s42_unsafe_write,whiteaftertrees,144,0,0,2,True,False,True,0.0,0.0
prefix_own_s42_unsafe_write,whiteaftertrees,145,0,0,2,True,False,True,0.0,0.0
prefix_own_s42_unsafe_write,whiteaftertrees,153,0,0,2,True,False,True,0.0,0.0
prefix_own_s42_unsafe_write,whiteaftertrees,154,0,2,0,False,False,True,0.0,0.0
prefix_own_s42_unsafe_write,whiteaftertrees,155,2,3,2,True,False,True,0.0,0.0
prefix_own_s42_unsafe_write,whiteaftertrees,156,0,0,2,True,False,True,0.0,0.0
prefix_own_s42_unsafe_write,whiteaftertrees,159,0,0,2,True,False,True,0.0,0.0
prefix_own_s42_unsafe_write,whiteaftertrees,162,2,1,2,True,False,True,0.0,0.0
prefix_own_s42_unsafe_write,whiteaftertrees,163,0,0,2,True,False,True,0.0,0.0
prefix_own_s42_unsafe_write,whiteaftertrees,164,0,0,2,True,False,True,0.0,0.0
prefix_own_s42_unsafe_write,whiteaftertrees,165,0,0,2,True,False,True,0.0,0.0
prefix_own_s42_unsafe_write,whiteaftertrees,166,0,0,2,True,False,True,0.0,0.0
prefix_own_s42_unsafe_write,whiteaftertrees,168,0,1,0,False,False,True,0.0,0.0
prefix_own_s42_unsafe_write,whiteaftertrees,169,2,0,2,True,False,True,0.0,0.0
prefix_own_s42_unsafe_write,whiteaftertrees,170,0,0,2,True,False,True,0.0,0.0
prefix_own_s42_unsafe_write,whiteaftertrees,172,0,0,2,True,False,True,0.0,0.0
prefix_own_s42_unsafe_write,whiteaftertrees,173,0,0,2,True,False,True,0.0,0.0
prefix_own_s42_unsafe_write,whiteaftertrees,174,0,0,2,True,False,True,0.0,0.0
prefix_own_s42_unsafe_write,whiteaftertrees,175,0,1,2,True,False,True,0.0,0.0
prefix_own_s42_unsafe_write,whiteaftertrees,177,0,1,2,True,False,True,0.0,0.0
prefix_own_s42_unsafe_write,whiteaftertrees,178,0,0,2,True,False,True,0.0,0.0
prefix_own_s42_unsafe_write,whiteaftertrees,179,2,3,2,True,False,True,0.0,0.0
prefix_own_s42_unsafe_write,whiteaftertrees,180,0,0,2,True,False,True,0.0,0.0
prefix_own_s42_unsafe_write,whiteaftertrees,181,0,0,2,True,False,True,0.0,0.0
prefix_own_s42_unsafe_write,whiteaftertrees,182,2,1,2,True,False,True,0.0,0.0
prefix_own_s42_unsafe_write,whiteaftertrees,183,2,2,2,True,False,True,0.0,0.09314075034285636
prefix_own_s42_unsafe_write,whiteaftertrees,184,0,0,2,True,False,True,0.2229561535226868,0.2229561535226868
prefix_own_s42_unsafe_write,whiteaftertrees,193,0,0,2,True,False,True,0.478714240822163,0.478714240822163
prefix_own_s42_unsafe_write,whiteaftertrees,194,0,0,2,True,False,True,0.4250966867525066,0.4250966867525066
prefix_own_s42_unsafe_write,whiteaftertrees,196,0,0,2,True,False,True,0.47103257717989905,0.47103257717989905
prefix_own_s42_unsafe_write,whiteaftertrees,197,0,0,2,True,False,True,0.5661506912314239,0.5661506912314239
prefix_own_s42_unsafe_write,whiteaftertrees,198,0,0,2,True,False,True,0.8031168252807954,0.8031168252807954
prefix_own_s42_unsafe_write,whiteaftertrees,217,2,0,2,True,False,True,0.0,0.4682793040590784
prefix_own_s42_unsafe_write,yellowexcesicebook,129,0,0,2,True,False,True,0.39721660139280657,0.39721660139280657
