482.000	275.000	48.000	82.000
482.811	275.894	47.941	81.534
484.560	276.967	48.509	80.943
487.235	277.777	49.973	80.070
490.328	278.271	51.607	79.501
493.077	278.544	53.818	79.854
499.431	278.568	57.989	80.643
503.349	278.731	60.318	81.868
507.096	278.739	61.820	82.488
512.105	278.768	62.124	81.888
516.077	278.451	63.051	81.565
521.804	279.490	64.668	81.113
523.770	279.830	65.383	80.231
526.499	279.776	64.722	80.446
528.868	279.256	63.801	81.077
529.166	278.895	64.278	81.346
529.078	279.054	64.681	81.225
529.956	279.892	63.025	80.330
527.160	279.133	64.537	80.971
524.679	278.320	63.975	80.730
522.626	278.775	62.601	81.102
519.251	280.192	62.851	81.436
513.931	280.334	61.882	80.940
512.191	280.016	58.069	79.959
509.758	279.824	55.219	79.771
505.981	280.014	53.831	80.482
501.564	280.883	53.488	79.760
496.651	279.511	50.157	80.942
493.794	278.808	48.795	79.657
490.401	278.209	48.336	78.905
488.473	277.901	47.475	78.465
487.321	277.680	46.467	78.550
486.099	276.754	45.814	79.006
485.439	276.881	46.312	78.845
485.273	276.169	46.831	79.060
485.573	275.698	47.183	79.318
485.843	274.076	48.854	79.696
487.729	269.465	51.708	81.397
490.235	265.295	52.306	82.185
493.006	261.292	53.246	82.414
495.571	257.083	54.089	82.850
495.989	253.094	56.383	82.933
497.755	248.862	59.206	81.721
499.473	247.210	59.735	81.965
502.447	246.336	58.455	81.695
504.987	246.075	58.573	80.554
506.466	245.490	57.956	79.704
507.727	242.058	57.603	80.302
507.188	239.732	57.584	79.683
503.354	240.593	59.778	81.022
497.573	246.975	61.091	84.103
494.332	256.349	61.201	86.835
487.546	282.682	61.965	86.836
484.236	299.774	61.117	88.505
479.739	316.466	61.138	88.533
475.182	330.687	60.008	86.439
470.987	341.055	58.331	83.426
466.345	336.074	55.666	85.541
459.709	321.155	56.185	91.280
457.255	304.003	54.323	92.008
457.043	288.452	53.803	92.090
458.853	276.605	54.875	89.805
471.294	257.827	55.253	88.154
482.191	251.311	56.057	86.131
493.547	245.889	56.909	86.419
506.840	244.405	57.788	84.483
520.369	244.974	56.745	83.027
538.101	247.986	55.362	82.498
542.499	250.983	55.129	83.998
541.169	254.593	57.558	86.240
535.106	261.408	59.475	85.001
525.569	268.127	59.881	85.327
508.917	281.750	59.769	85.401
498.496	289.143	60.312	83.092
489.672	293.132	61.793	83.602
482.650	294.618	64.429	83.897
478.289	293.940	65.467	84.030
474.196	284.878	63.144	86.486
471.035	273.542	62.734	88.618
466.774	262.014	62.424	90.712
462.748	252.114	61.461	89.347
455.980	243.112	62.267	86.619
446.522	235.442	60.686	82.768
438.154	232.227	61.379	82.234
430.658	230.790	62.274	81.723
422.986	229.187	61.850	81.726
415.542	227.256	61.193	82.375
405.214	222.981	56.557	82.555
398.737	221.096	54.356	80.548
392.979	218.171	53.567	79.992
387.326	214.612	53.024	80.406
381.832	211.937	54.081	80.281
378.027	209.145	52.899	79.699
375.934	207.614	51.999	79.443
373.449	206.737	52.987	79.427
371.389	206.400	53.143	79.005
370.246	205.516	53.240	80.540
369.194	205.329	53.924	81.075
367.863	205.261	55.249	81.751
367.374	204.857	55.568	82.032
367.051	203.304	55.082	81.971
365.304	200.934	54.994	81.499
360.078	197.264	56.144	79.843
355.835	195.630	56.324	79.174
349.547	194.707	58.306	79.527
343.844	193.903	59.895	81.264
340.377	194.224	59.769	83.557
338.202	200.448	58.136	84.195
340.666	208.648	56.048	86.810
341.940	223.779	56.865	83.850
343.285	233.616	55.461	84.176
343.406	243.159	55.573	83.984
342.277	257.115	56.639	82.512
343.972	264.308	54.655	82.527
344.898	270.309	53.776	81.702
345.850	273.608	52.758	82.893
346.743	276.783	51.247	81.203
346.896	279.264	50.464	79.717
346.011	280.384	51.063	78.923
346.083	280.694	50.822	79.451
344.864	281.498	52.009	79.523
344.355	281.816	52.246	80.226
344.138	282.481	52.445	80.535
343.939	283.254	52.582	80.248
344.125	283.832	52.286	79.921
343.991	284.206	52.560	80.268
344.241	284.787	52.006	80.765
344.817	286.544	51.171	80.869
344.197	287.740	51.875	80.612
344.270	288.863	51.685	80.237
344.000	289.930	51.952	79.972
343.855	290.549	51.842	79.991
343.177	291.168	52.743	79.971
342.553	291.327	53.467	80.132
342.488	291.068	53.558	80.254
342.695	290.913	53.249	80.299
342.842	290.990	53.204	80.414
342.813	291.068	53.267	80.391
342.250	291.068	53.560	80.309
341.620	291.145	53.990	79.957
341.411	291.338	53.865	79.874
340.041	291.222	54.669	79.662
338.503	290.925	55.019	80.038
336.099	290.925	56.312	80.038
334.494	290.960	55.773	79.189
332.617	290.316	55.745	78.957
330.067	289.457	55.670	78.911
326.994	288.536	54.824	78.677
325.280	287.952	53.461	78.548
324.155	287.477	51.871	78.195
321.145	287.005	51.929	78.763
319.336	286.886	51.508	78.372
317.697	286.921	51.399	77.667
316.272	286.421	50.103	77.993
314.982	286.272	50.539	78.398
314.677	285.853	50.119	79.042
314.164	285.701	49.663	79.654
314.469	285.625	49.011	80.306
314.995	285.815	49.001	80.198
315.860	286.005	49.420	80.594
317.356	286.085	50.327	80.331
319.303	286.810	51.806	79.838
321.996	288.270	54.329	79.077
322.399	288.145	56.667	80.786
323.940	288.470	57.863	81.180
325.330	289.084	60.494	81.971
326.383	290.448	61.932	81.942
329.197	293.871	62.148	81.407
330.900	295.645	61.326	82.216
331.657	297.566	60.916	81.773
332.196	299.085	60.555	81.549
333.672	299.969	59.044	81.658
333.806	300.271	58.416	81.021
334.552	300.083	57.463	81.032
334.598	300.061	56.812	80.831
335.329	299.824	55.281	80.972
335.499	300.255	54.370	80.543
335.811	300.705	53.731	80.987
335.991	301.236	53.885	81.114
336.320	301.472	53.962	81.136
336.901	302.197	54.051	81.350
337.243	303.019	54.311	81.269
336.364	303.707	56.290	82.120
336.169	304.494	57.327	81.992
335.370	305.244	58.389	81.552
333.979	305.481	59.750	81.963
333.684	305.418	59.523	82.640
333.341	305.859	58.993	82.596
333.274	307.333	57.131	82.571
333.897	309.072	54.661	82.371
335.198	310.937	52.037	82.169
335.008	312.458	50.279	81.862
334.314	313.554	49.872	81.313
334.459	314.395	48.661	80.852
334.525	314.548	48.223	80.956
334.615	314.782	47.714	80.907
334.745	315.959	47.718	81.408
335.266	317.571	47.890	81.141
336.729	319.409	47.952	81.426
335.756	319.934	50.653	80.914
336.486	319.307	51.528	81.497
338.631	318.575	51.189	81.391
340.386	317.417	51.143	80.213
342.152	312.060	51.413	80.659
343.340	307.592	51.004	81.119
344.396	304.867	50.416	80.236
343.055	303.768	52.103	79.696
341.277	303.323	53.741	79.562
341.071	302.563	53.742	79.304
340.944	299.920	53.733	79.759
341.872	295.211	52.344	80.390
341.123	290.462	52.768	79.590
338.841	286.540	54.389	79.782
337.219	284.528	55.271	78.730
336.282	284.453	55.639	79.813
337.360	287.836	55.329	81.288
339.974	293.529	54.053	81.334
342.126	299.441	53.468	81.102
342.946	308.730	54.006	77.789
344.588	310.706	53.075	80.310
344.654	312.027	54.000	80.128
343.406	313.075	55.793	79.732
342.343	313.715	57.130	80.264
342.458	316.172	57.655	81.238
343.466	319.087	57.166	81.368
344.345	321.821	56.646	82.203
344.621	324.171	56.680	82.077
344.125	325.940	57.357	81.605
344.590	326.793	56.894	82.405
344.204	327.481	57.483	82.704
345.746	328.351	55.910	82.484
346.312	329.336	55.073	82.556
347.122	330.549	54.419	81.863
346.732	330.862	54.572	80.772
346.942	330.334	54.133	80.415
346.749	329.441	53.859	80.018
347.392	328.559	53.018	80.059
347.702	328.292	52.341	78.669
347.645	326.853	51.637	78.737
347.709	326.394	51.070	78.896
347.158	326.353	51.342	78.026
345.965	325.815	52.032	78.073
345.584	325.460	52.040	78.415
344.211	324.585	52.978	78.076
343.779	323.318	52.867	78.015
344.024	321.150	52.186	78.121
343.144	319.270	52.644	77.871
341.911	317.740	53.633	78.000
342.058	316.859	53.584	78.533
342.577	316.747	53.383	78.238
342.532	316.664	53.515	79.437
343.528	317.748	53.224	80.119
342.529	319.762	54.449	81.764
343.182	325.207	54.182	81.688
343.571	329.678	53.879	81.698
345.765	334.494	51.879	81.371
345.381	337.163	52.563	81.260
344.499	338.338	54.012	80.930
343.874	337.828	54.533	80.489
343.721	337.340	54.486	80.678
344.286	336.768	53.804	81.008
345.583	337.042	52.158	81.477
345.191	338.145	52.607	81.207
344.859	338.289	52.630	81.197
344.011	337.739	52.946	80.181
343.731	335.998	52.629	80.066
344.616	334.654	51.339	79.559
344.571	332.320	50.680	79.554
344.254	329.002	50.619	79.210
343.507	327.815	51.303	78.640
342.642	325.341	51.509	78.358
340.365	322.641	53.227	78.302
338.727	319.899	53.970	78.370
337.580	315.529	53.746	78.011
335.623	312.399	54.928	78.655
333.985	310.024	55.758	78.449
333.034	308.638	55.647	78.780
329.928	308.274	57.385	79.365
329.967	313.436	53.777	80.368
328.590	316.815	52.265	80.708
326.859	319.552	51.736	80.653
324.519	321.732	52.599	80.594
323.582	323.521	52.778	80.065
323.950	324.975	50.287	80.176
324.089	327.969	47.158	81.191
324.285	330.281	46.802	80.249
324.704	332.357	46.256	79.589
325.887	333.536	46.250	79.116
328.647	334.314	46.766	79.449
330.854	335.091	47.226	78.598
332.916	335.314	48.237	78.402
335.177	335.548	49.808	77.936
337.273	333.399	51.484	78.986
341.119	330.591	53.799	78.786
343.385	328.693	54.886	79.884
345.293	328.065	55.647	80.628
347.586	328.137	56.433	80.991
350.663	328.626	56.140	80.968
354.538	329.313	56.808	79.961
356.615	328.568	56.534	80.277
359.412	328.134	55.894	79.383
361.227	327.394	55.673	78.461
361.774	326.068	56.209	78.042
362.598	324.340	55.810	77.455
362.431	322.758	56.233	77.461
361.848	321.535	57.063	78.399
361.603	321.058	57.410	79.016
361.696	322.332	56.553	79.891
360.592	327.258	54.105	80.108
359.987	330.188	52.809	79.940
358.764	332.255	51.947	80.042
358.606	333.850	50.186	79.988
358.678	335.322	48.575	79.651
357.892	336.835	47.146	78.347
357.249	337.277	46.819	78.250
356.466	336.849	46.876	78.038
355.899	335.602	47.185	77.402
355.819	334.018	47.125	77.340
355.873	331.922	48.197	77.837
355.597	330.087	49.581	78.314
355.669	327.203	50.605	78.473
355.677	323.855	51.823	79.152
356.827	319.628	51.858	80.249
356.168	316.557	53.278	80.347
354.080	311.877	56.069	80.391
352.720	310.017	58.109	80.293
351.213	306.953	59.269	81.034
349.837	304.938	60.091	80.395
347.547	300.241	60.348	80.651
346.428	297.513	59.920	81.082
345.260	294.167	59.026	82.576
343.549	292.561	57.803	82.525
342.111	289.957	56.685	82.890
340.458	286.992	54.393	81.474
339.424	285.882	53.875	80.199
338.406	284.382	53.360	79.805
337.523	282.879	53.395	79.563
337.282	281.472	53.206	79.280
336.824	280.243	53.358	79.282
336.546	279.243	53.900	79.809
336.859	278.758	54.305	80.127
337.021	278.379	54.958	80.585
337.930	278.785	55.228	80.311
340.307	278.902	54.219	80.799
341.434	280.321	54.042	80.314
342.743	281.496	53.597	81.574
344.793	285.023	52.367	82.194
347.295	289.909	50.986	81.600
349.253	299.019	50.032	79.689
350.705	300.931	49.478	80.039
351.527	302.147	49.796	79.523
353.598	303.410	48.840	78.544
354.476	304.247	49.649	77.951
354.709	305.297	50.619	77.856
357.267	307.337	50.635	78.472
358.229	309.019	51.280	77.745
359.044	310.261	51.827	78.124
359.822	311.322	52.395	78.203
361.364	312.823	52.027	78.020
363.595	315.334	51.226	78.298
363.394	316.799	52.480	77.096
364.337	316.783	52.334	77.469
364.709	316.043	52.666	77.309
365.652	315.347	52.359	77.367
366.136	314.770	52.536	76.988
366.068	314.671	53.067	76.813
366.968	314.820	52.784	77.619
367.825	315.322	52.416	78.012
368.342	316.136	52.199	77.526
368.216	314.663	51.910	77.535
370.077	310.855	48.858	78.036
370.794	307.747	47.337	77.148
370.712	306.903	47.005	75.077
369.331	306.090	47.173	74.379
369.689	306.714	45.759	75.512
369.364	307.552	45.849	75.063
368.644	305.710	45.783	75.207
368.910	301.516	44.865	76.098
369.167	300.344	44.662	75.369
369.730	300.624	45.228	76.118
370.142	301.445	46.516	76.959
370.564	302.146	47.894	77.073
372.088	301.373	49.678	77.566
373.783	300.179	50.488	77.303
377.823	298.252	50.615	77.674
378.444	298.409	52.165	77.092
378.649	298.297	54.022	77.396
379.932	298.504	54.693	77.150
381.155	298.972	54.173	77.174
381.992	299.719	54.096	76.102
383.051	300.006	53.403	76.233
383.925	300.293	52.785	76.110
384.590	300.476	52.079	75.872
384.236	300.564	52.059	76.267
383.902	300.718	51.401	75.595
383.176	300.756	50.741	75.335
380.961	299.623	51.244	75.869
380.766	298.793	50.511	76.445
379.501	298.342	50.649	76.769
379.477	298.357	50.135	77.328
379.274	298.522	50.139	77.390
378.788	298.262	50.316	76.993
378.901	298.024	50.203	77.474
379.404	297.737	49.951	77.413
380.550	298.062	49.524	77.251
381.629	298.712	49.591	76.607
382.236	300.063	50.026	76.493
381.732	300.519	51.356	76.753
381.185	300.576	52.645	77.470
382.032	300.710	53.419	77.679
382.613	301.358	53.566	76.951
383.682	302.667	52.513	77.094
384.152	304.396	52.147	77.608
383.759	306.252	52.779	77.086
384.280	308.070	52.091	76.531
385.196	310.143	51.750	78.022
387.367	314.071	51.418	77.683
388.728	316.931	51.610	76.389
393.543	317.736	50.742	76.550
403.730	321.400	52.145	75.670
416.292	326.905	52.224	75.541
431.176	332.341	53.325	76.255
446.999	335.740	52.714	77.291
460.226	336.853	53.794	77.946
482.495	336.335	54.411	76.175
498.313	335.796	55.216	76.528
513.748	335.869	54.751	76.373
524.015	332.320	51.911	77.924
527.861	325.334	49.442	78.938
527.275	321.429	49.933	75.912
528.331	323.600	47.935	77.732
527.981	330.805	48.340	76.514
528.259	333.560	48.005	75.383
525.264	331.849	50.693	75.570
525.032	319.027	50.329	80.810
525.184	315.625	50.813	78.118
524.504	313.585	51.362	77.225
523.466	312.884	52.505	77.096
523.892	312.464	52.670	76.865
523.827	310.302	52.240	77.049
524.088	308.235	51.806	77.307
523.400	307.426	52.009	76.408
521.283	307.650	52.504	76.411
521.296	308.628	51.256	77.290
520.173	309.554	49.971	76.501
520.514	307.951	48.786	76.986
520.182	307.212	47.779	75.930
519.164	306.745	47.875	76.209
517.551	306.676	48.686	76.245
514.581	308.288	50.308	76.220
512.382	308.730	52.128	76.781
511.687	309.445	52.054	76.399
511.055	309.907	51.965	76.154
510.066	309.187	51.193	75.044
510.219	305.270	49.043	75.019
510.387	304.639	47.329	75.323
509.236	305.841	45.504	76.170
507.064	309.987	45.605	76.024
505.438	312.828	45.873	75.905
504.131	314.006	46.048	75.082
504.259	313.258	45.707	74.553
503.898	312.321	45.721	75.493
503.442	313.124	45.632	74.769
503.136	314.172	45.591	74.992
502.539	314.312	47.281	75.258
502.895	313.139	47.745	75.124
502.990	310.002	48.074	74.253
502.800	307.806	48.717	73.542
501.119	306.852	50.377	73.665
500.665	305.748	51.670	75.062
500.678	305.774	52.113	75.389
499.910	305.835	53.120	75.460
499.006	305.818	53.991	75.396
499.201	305.615	53.269	75.601
499.989	307.289	51.659	75.849
501.070	308.746	49.695	76.408
501.138	310.924	48.927	75.847
499.718	312.751	50.052	74.982
497.707	313.856	51.255	74.718
493.732	314.456	53.416	74.440
491.916	313.944	53.974	75.287
490.699	313.615	54.409	75.345
488.990	312.968	55.481	75.790
487.468	313.057	56.113	76.178
484.809	316.507	55.795	75.677
482.876	317.527	54.740	75.709
481.481	318.501	52.219	74.038
480.228	317.949	48.665	73.021
478.123	316.037	46.160	73.015
476.545	310.320	41.093	73.457
473.991	306.519	41.944	73.960
471.410	302.038	45.010	73.845
469.830	296.590	48.593	75.356
469.521	291.273	50.738	76.645
473.974	281.461	52.881	77.260
477.908	276.175	53.237	76.378
483.594	272.402	52.379	75.969
488.341	271.781	51.895	74.296
494.311	271.758	49.396	74.548
504.327	275.313	44.845	74.356
509.731	279.019	45.202	73.903
513.290	282.922	48.173	74.028
516.648	288.148	50.542	73.160
518.760	291.950	54.140	73.442
518.650	298.337	60.076	70.817
519.060	300.562	60.770	69.810
518.261	302.731	62.901	69.442
516.548	304.516	63.999	70.086
514.949	306.499	64.044	69.907
509.679	309.145	63.537	70.272
506.936	308.622	60.650	72.162
502.132	308.455	59.754	72.749
497.612	308.701	56.985	72.322
496.141	308.648	50.807	71.988
487.475	308.546	45.557	70.959
478.664	307.196	45.445	70.766
473.961	304.317	42.084	72.532
468.724	303.559	41.806	71.560
463.835	300.816	42.748	72.083
459.660	297.372	44.186	72.232
457.689	297.110	46.887	72.121
405.922	283.158	60.353	70.255
399.779	285.308	68.595	89.386
392.938	281.663	68.714	75.440
388.440	279.254	62.745	76.930
380.798	278.930	54.194	77.955
372.905	276.857	50.919	77.545
365.877	276.235	49.140	75.737
356.661	275.987	48.649	73.732
341.749	275.631	50.225	72.612
334.013	276.261	52.760	73.826
328.686	278.187	52.326	73.606
325.005	279.558	51.731	75.267
322.017	283.620	51.258	75.384
320.382	288.130	51.215	75.389
322.441	295.988	50.974	73.148
326.107	298.202	51.017	72.745
330.705	299.306	51.493	72.554
336.000	299.537	51.525	73.375
343.439	300.246	50.522	73.005
363.964	304.249	48.030	71.730
372.737	305.371	51.322	72.688
380.985	306.873	58.488	71.728
393.148	305.465	59.311	72.652
398.672	301.631	66.974	73.913
412.137	293.500	71.948	74.459
472.332	302.977	48.936	71.490
468.622	298.684	44.343	72.114
452.941	291.795	53.416	79.095
446.472	282.422	60.021	80.490
436.568	273.231	74.656	81.234
431.079	271.914	82.077	79.020
439.329	279.351	63.046	97.811
453.963	285.155	55.210	87.158
446.688	287.338	59.908	85.682
426.832	290.655	60.226	83.973
397.337	288.692	73.801	75.985
406.710	287.666	57.491	74.644
400.386	285.019	56.751	75.746
391.859	283.212	53.659	76.135
372.094	282.335	49.683	73.671
360.392	282.476	51.967	72.199
351.544	281.506	52.470	72.378
343.931	282.442	53.163	72.899
337.823	285.116	52.478	72.672
329.736	289.577	53.190	73.141
329.297	291.756	53.193	71.688
330.290	291.832	52.310	72.062
332.173	290.794	52.469	72.575
335.267	289.847	52.953	72.417
345.548	291.907	52.175	73.592
354.285	296.752	50.644	73.573
365.863	302.352	47.938	73.345
376.890	307.945	48.577	70.968
385.002	309.486	53.258	70.021
396.966	302.874	63.927	73.784
409.140	294.088	63.958	77.403
415.737	286.718	67.416	78.267
423.519	278.146	69.705	79.050
476.517	292.033	60.447	80.880
446.153	263.271	68.321	89.593
451.165	260.908	67.699	87.861
455.434	268.916	48.228	99.339
449.800	283.431	45.154	80.520
453.480	276.176	58.279	74.791
455.587	276.303	68.272	79.073
455.731	269.715	71.606	78.117
467.148	267.071	68.444	98.291
456.312	267.096	73.999	106.111
454.290	263.877	64.404	88.597
464.255	276.875	68.218	81.512
468.651	288.154	53.464	71.602
482.546	296.443	43.330	70.423
493.419	303.403	41.694	68.754
504.069	307.225	57.978	72.210
517.118	321.276	53.879	68.571
524.559	325.412	58.344	63.252
531.369	325.101	61.403	62.139
536.431	320.879	65.795	64.472
541.148	316.514	68.343	64.873
548.880	306.342	69.339	63.862
550.540	302.774	69.409	62.104
552.625	303.425	68.667	60.231
556.226	305.063	65.886	66.409
560.509	314.138	62.357	72.415
563.944	346.609	59.208	79.465
565.379	367.325	56.973	77.955
564.355	386.307	54.276	77.588
560.320	406.099	52.824	74.471
556.433	421.838	50.894	72.357
546.601	444.669	47.442	71.447
540.413	457.392	45.877	70.384
535.592	470.366	43.969	70.001
531.866	481.897	43.079	72.507
529.165	493.959	41.762	73.994
523.017	523.666	41.938	51.656
519.893	540.481	41.895	34.911
517.404	549.783	40.918	26.121
518.727	545.420	35.979	29.236
512.469	556.745	41.503	17.574
522.862	527.153	40.025	42.294
512.804	516.973	44.391	53.990
505.613	517.435	48.281	54.635
508.399	520.508	49.444	51.956
510.524	511.637	43.852	60.792
504.381	499.468	50.095	68.789
488.237	555.743	46.417	20.257
493.235	545.760	38.467	28.557
492.354	530.308	41.130	43.204
490.265	513.185	45.299	60.535
485.481	481.863	48.780	73.799
483.136	465.884	49.607	77.716
481.990	451.353	49.140	76.527
480.158	435.974	48.784	77.811
478.652	419.433	48.114	80.307
477.360	388.729	45.946	80.413
474.880	373.019	45.570	81.201
473.734	357.691	44.385	81.974
473.558	343.896	43.460	80.362
472.364	332.435	43.101	79.495
471.650	322.023	42.236	71.912
473.466	317.033	40.001	70.063
471.170	310.988	40.908	72.023
469.912	304.681	41.805	71.626
469.741	297.994	43.041	72.061
466.001	289.459	44.025	70.045
465.065	285.007	45.517	68.834
465.915	284.513	45.196	65.860
464.773	280.748	45.676	66.816
465.167	276.997	44.618	68.431
463.948	269.183	45.484	70.229
462.637	261.020	46.021	72.785
461.523	251.135	45.775	76.987
460.869	240.668	44.781	77.002
460.678	230.281	44.183	76.235
460.057	216.084	44.088	70.552
458.502	213.869	45.127	67.237
458.842	213.256	44.625	68.374
458.693	215.416	43.277	66.144
458.316	219.285	42.824	66.638
456.102	223.680	41.881	66.727
456.499	224.675	41.588	66.636
455.352	225.612	41.977	66.094
454.656	226.727	42.412	67.188
454.319	230.893	40.896	66.978
453.949	243.247	40.182	70.002
455.024	249.880	39.733	69.270
453.964	256.701	40.865	70.024
454.991	263.480	40.983	68.916
455.723	270.148	40.534	66.812
456.670	278.387	41.130	67.559
456.757	281.807	42.051	66.694
458.860	284.582	41.783	67.037
459.424	288.121	42.214	64.119
459.946	287.711	43.118	65.377
462.146	278.955	43.793	66.368
461.897	271.887	45.389	67.823
462.219	265.410	46.013	67.708
462.871	260.966	46.209	66.479
464.164	257.273	45.614	66.789
465.029	255.160	45.626	67.773
465.334	254.249	45.678	66.881
466.084	250.811	44.625	68.164
464.888	249.382	45.768	67.372
464.214	248.013	45.145	64.301
462.584	244.365	44.559	66.272
461.702	250.044	44.990	65.843
461.736	255.118	42.341	67.879
461.487	263.277	41.675	68.124
461.512	270.895	41.720	68.597
460.855	281.276	39.840	65.166
460.727	281.420	40.749	64.369
458.780	280.010	41.535	64.008
458.393	272.373	41.850	67.979
459.123	265.789	40.824	69.975
456.261	257.895	42.139	69.901
456.655	244.083	40.836	69.551
457.383	237.652	39.869	68.573
456.129	231.578	40.720	68.205
457.135	226.690	40.359	68.290
457.837	222.500	39.872	66.320
455.859	215.116	39.178	65.362
443.278	208.939	47.854	71.014
456.416	204.520	38.131	67.355
458.616	201.707	37.455	64.874
458.708	200.904	36.447	62.492
459.942	201.807	37.131	66.758
460.387	209.357	38.306	67.754
459.808	216.784	39.380	69.579
460.135	226.835	39.446	69.502
461.174	236.163	40.536	68.891
405.946	243.106	40.009	67.761
405.224	245.857	40.315	66.116
405.969	246.147	39.783	65.963
406.805	247.706	39.501	64.089
406.222	249.469	39.187	63.250
406.051	252.957	39.656	62.786
405.324	252.282	40.191	64.667
405.274	251.168	40.363	64.016
402.553	248.491	41.945	63.724
402.429	240.926	40.385	65.741
398.606	225.292	41.491	70.618
397.662	219.077	41.569	69.457
396.905	213.434	41.432	67.000
397.373	210.881	40.067	63.789
397.032	210.151	40.761	61.930
398.382	212.989	41.074	62.252
400.102	214.017	39.915	63.239
400.814	216.714	40.317	61.953
401.842	219.313	41.011	61.043
401.510	220.008	40.035	62.403
402.104	224.583	37.901	64.995
400.894	228.120	39.384	68.319
399.741	232.779	39.271	71.588
398.369	240.969	39.826	71.457
397.316	249.566	40.374	68.945
397.151	260.130	40.547	67.907
397.716	264.963	40.140	63.737
397.355	266.588	40.326	63.426
398.181	268.251	40.817	63.735
399.967	270.239	40.355	62.186
402.134	269.788	41.309	64.824
402.879	270.714	43.058	63.554
403.992	267.690	43.738	64.649
406.692	263.682	43.702	66.167
407.075	258.960	45.218	70.032
411.552	249.701	44.372	70.025
413.732	244.204	43.141	69.133
417.053	236.925	40.476	70.821
418.876	231.908	42.266	70.012
420.583	225.152	40.336	69.871
422.131	212.858	40.068	68.258
419.936	208.920	41.370	65.523
419.453	203.788	41.769	65.427
418.193	201.145	42.850	61.053
417.141	197.854	42.061	59.242
415.897	196.663	41.438	59.528
413.369	197.949	42.989	59.449
409.299	199.681	42.701	60.919
404.289	204.410	43.666	61.076
400.477	207.630	44.115	62.815
395.712	212.953	42.493	65.523
392.562	219.479	41.880	65.188
390.474	226.394	41.141	63.634
387.367	232.885	40.863	62.916
385.383	235.769	39.920	65.100
382.706	248.013	38.268	63.984
382.355	252.298	37.079	62.400
381.828	256.116	35.985	60.972
381.277	259.372	35.013	59.548
381.114	262.488	35.451	59.270
380.663	266.628	36.672	58.789
381.110	268.270	36.741	58.703
382.007	269.343	36.696	59.159
382.965	270.364	36.344	59.566
384.348	271.942	36.674	59.738
387.687	272.653	36.691	59.502
389.006	269.338	38.841	60.172
389.958	263.517	40.215	63.694
391.341	257.743	41.458	64.076
394.168	249.305	40.920	67.075
401.168	231.353	36.965	70.689
402.877	219.914	38.051	71.515
405.809	208.551	37.657	74.272
406.204	196.782	38.232	73.522
406.558	186.136	40.004	73.824
407.162	164.404	41.208	73.674
406.422	148.987	41.628	74.125
406.571	138.214	42.326	72.320
406.545	131.671	42.336	65.388
406.680	126.554	42.086	64.498
407.089	121.232	42.399	59.923
407.440	118.612	41.670	60.386
407.625	118.073	41.382	61.186
409.413	119.654	38.888	60.255
410.085	120.835	38.125	60.161
409.595	125.351	35.722	60.164
450.886	153.589	34.498	63.520
450.227	151.370	33.641	59.779
448.791	151.931	35.408	59.345
446.658	154.853	35.269	64.821
443.163	175.960	38.244	73.928
442.389	189.221	38.283	77.237
439.044	201.291	40.243	75.634
410.436	216.626	39.627	65.703
410.946	222.787	36.978	59.760
424.620	220.745	44.610	60.298
431.295	213.530	43.403	69.049
436.718	207.683	46.473	72.174
435.136	220.442	57.189	68.882
440.268	224.511	41.275	71.797
436.895	224.003	43.463	81.221
445.207	255.238	40.492	65.801
441.486	249.576	44.592	73.196
440.689	259.860	61.206	64.670
446.285	262.480	45.550	58.811
447.545	255.115	44.150	59.726
447.239	253.313	44.505	56.564
449.218	251.859	43.079	55.965
449.312	253.643	50.249	66.397
447.051	247.965	44.830	58.059
444.415	240.718	44.131	60.375
433.986	234.469	51.350	63.049
441.995	227.882	42.840	63.199
434.323	224.116	49.118	74.031
445.572	216.560	41.073	61.617
429.410	199.806	49.598	73.805
408.248	211.315	44.277	59.033
416.233	207.420	42.552	63.098
415.848	213.978	38.516	61.046
417.590	217.909	35.666	61.148
418.825	226.680	38.523	63.342
412.113	230.366	42.579	61.236
419.351	231.076	39.343	60.089
421.876	232.361	38.341	58.836
421.107	228.335	43.857	59.764
419.841	223.528	48.498	60.492
421.996	225.343	41.331	60.203
412.776	225.846	47.661	62.081
422.740	229.645	40.754	63.039
425.875	232.548	40.100	63.462
424.751	236.815	39.714	61.164
425.869	242.704	39.097	59.356
423.799	243.115	41.815	59.688
423.655	245.563	38.083	58.359
424.313	244.873	39.124	59.191
425.083	239.338	41.897	60.190
455.474	239.774	52.523	67.575
457.331	234.597	44.488	58.321
458.662	236.339	43.127	54.401
459.509	235.958	42.761	53.926
448.619	236.893	52.636	66.548
426.661	234.575	43.761	58.382
426.238	235.171	35.269	58.511
425.870	232.853	36.358	57.617
426.282	232.010	35.949	58.042
425.593	231.694	35.441	58.334
425.222	231.778	37.992	59.842
424.676	233.302	39.104	61.373
424.284	236.754	38.689	61.387
423.716	240.942	34.687	62.250
424.248	250.897	34.392	62.398
423.042	254.244	40.438	63.762
414.839	259.552	42.812	64.734
423.701	264.618	43.413	64.496
453.069	273.677	46.007	73.377
453.292	270.185	45.766	58.889
457.185	261.192	43.291	63.206
454.930	252.892	46.765	65.634
455.096	248.265	45.046	64.064
450.750	244.265	47.982	62.357
453.944	239.754	45.143	61.763
455.547	234.934	43.309	59.407
454.680	232.055	44.238	58.921
453.502	227.002	43.196	60.809
455.846	225.689	42.552	58.913
456.618	220.589	42.158	59.964
455.710	215.952	44.565	58.905
457.425	216.153	42.275	56.205
457.534	215.825	43.041	56.078
457.633	216.851	43.137	55.588
458.194	217.779	42.522	56.200
456.765	222.537	44.749	57.173
456.680	223.791	44.990	59.557
456.707	226.805	44.881	59.651
457.431	230.625	44.182	60.150
456.650	235.005	44.131	59.236
455.391	240.447	43.842	58.295
455.821	241.862	44.114	58.718
456.132	245.299	43.453	58.615
456.013	248.822	44.165	59.432
457.166	253.794	41.873	58.126
455.833	259.686	40.719	56.469
447.964	248.120	47.696	67.020
445.344	237.053	50.672	74.313
421.718	248.395	50.408	64.254
406.422	243.363	47.233	67.245
418.269	238.347	36.683	63.638
444.495	237.866	51.123	67.608
447.917	235.428	50.561	58.416
447.031	233.547	52.156	57.111
446.234	231.937	52.761	56.548
442.168	227.662	52.730	57.051
440.928	226.445	52.763	55.798
430.225	216.933	58.535	63.263
402.900	226.459	46.549	58.729
408.711	226.237	36.960	58.302
405.650	227.691	48.598	67.597
422.744	214.527	51.341	69.196
413.253	232.523	56.372	70.561
408.521	233.756	49.410	66.900
410.032	236.440	43.833	69.758
408.875	250.333	40.241	64.966
404.886	253.523	44.903	64.639
407.218	257.034	43.215	62.292
393.618	257.659	43.492	57.852
390.880	259.162	44.809	57.383
386.125	255.696	47.845	57.551
388.695	245.873	48.966	66.246
420.519	245.017	50.519	77.044
421.985	242.834	40.598	66.144
381.250	238.583	45.778	60.485
381.845	235.863	47.816	56.235
425.758	234.187	38.220	60.315
426.220	235.168	39.962	59.200
425.241	235.922	43.936	71.846
423.414	234.857	42.837	59.906
432.276	230.937	45.922	63.192
426.108	233.334	43.039	58.832
405.610	236.252	60.495	70.109
419.675	234.439	49.817	59.332
431.819	236.091	40.355	60.657
437.277	243.116	44.340	68.137
434.742	239.265	40.344	63.588
421.580	246.448	52.897	75.079
422.262	244.997	51.943	73.599
432.132	245.957	44.087	70.419
430.469	251.666	46.251	61.372
432.799	253.228	44.604	59.654
434.315	254.386	42.201	58.149
434.778	254.254	41.334	59.509
430.674	255.319	42.321	59.874
431.641	255.377	51.896	64.844
389.648	255.666	53.070	59.564
381.862	258.316	49.565	72.136
420.496	259.036	44.248	61.892
425.466	260.735	50.381	69.385
420.512	265.255	43.560	61.042
417.342	262.415	45.132	62.946
411.771	256.998	48.602	66.234
413.860	252.834	44.387	66.207
416.926	248.170	39.473	65.786
413.804	245.270	49.948	62.303
412.607	245.384	54.002	61.206
412.463	245.977	59.161	61.217
421.890	250.361	57.363	77.890
422.935	250.665	58.808	65.911
428.039	266.270	55.994	62.575
432.690	271.303	52.629	63.809
435.266	276.918	51.383	60.814
435.381	277.970	51.793	59.244
435.074	279.530	51.415	57.420
436.619	275.997	45.233	60.186
406.046	273.059	42.084	63.588
408.999	269.803	49.941	63.592
427.247	267.822	43.702	62.856
413.858	264.050	49.406	63.641
420.212	260.665	43.671	60.518
421.279	259.145	43.928	61.012
419.525	257.725	47.072	62.417
418.761	256.725	49.583	62.256
417.627	254.817	51.766	61.466
422.335	249.197	49.072	63.133
419.971	245.726	51.869	63.990
412.749	243.824	55.037	65.965
421.941	242.828	50.623	64.273
424.246	242.299	47.379	63.834
423.775	243.260	46.887	65.251
421.826	244.631	51.080	64.953
420.344	245.501	55.919	65.064
418.720	247.660	59.034	63.947
430.884	250.033	55.564	61.337
440.381	254.869	56.293	59.174
408.535	256.402	44.942	64.765
403.843	242.818	48.729	80.109
405.196	258.592	45.268	63.177
405.506	258.852	45.027	63.066
403.635	259.468	47.421	76.513
391.588	255.288	55.206	66.256
407.630	257.368	45.506	73.010
410.754	256.009	65.354	64.078
409.401	239.328	67.432	78.991
410.483	256.504	53.145	67.285
411.013	257.374	46.681	63.879
409.127	257.238	49.406	63.170
405.916	256.327	53.139	64.486
401.685	256.661	57.945	63.238
390.105	255.642	51.225	61.429
383.808	254.747	45.436	59.102
411.635	254.186	49.512	62.498
415.861	253.105	47.196	63.025
417.253	252.536	46.853	64.639
419.034	251.754	44.978	64.377
417.557	251.525	47.550	65.223
417.155	251.313	47.511	65.392
417.161	250.776	47.261	65.073
416.387	249.136	47.881	65.356
416.918	245.032	47.186	65.785
399.709	246.820	61.099	75.342
399.783	246.429	64.310	68.743
419.432	250.198	46.491	67.733
424.182	255.532	41.780	65.564
423.229	255.620	43.766	65.582
421.406	252.165	42.853	66.923
420.346	245.280	44.637	70.300
419.750	242.394	42.840	68.505
418.767	240.499	42.784	65.348
416.499	240.017	41.739	63.942
415.712	239.889	43.308	64.181
413.894	238.999	42.482	63.242
411.949	236.710	42.462	64.952
410.158	234.129	43.175	65.113
402.981	228.829	44.015	66.387
402.930	225.686	42.992	69.084
401.331	226.649	47.213	68.027
398.471	226.181	54.167	69.527
396.202	227.549	60.905	69.614
386.672	238.627	56.483	79.693
381.906	236.946	56.877	69.380
386.071	241.379	52.221	69.046
379.869	243.618	48.258	67.006
381.572	245.327	51.680	65.487
412.160	245.665	57.687	65.955
426.259	245.397	59.549	69.270
415.199	252.612	51.960	61.771
412.069	252.819	51.587	62.935
411.587	254.531	48.461	62.396
399.779	236.634	51.902	76.013
396.850	237.401	51.799	78.570
400.768	252.706	48.390	63.463
389.432	254.734	51.559	70.926
397.305	252.581	51.135	63.928
398.808	251.884	43.164	64.490
399.842	251.305	42.793	65.011
396.955	250.282	46.456	64.976
398.000	252.658	49.094	76.352
398.639	250.125	43.840	64.942
404.435	252.609	45.127	65.380
410.769	254.031	47.044	65.037
359.192	251.259	57.440	64.890
353.709	254.319	60.506	65.261
349.770	257.318	61.569	64.209
346.784	257.520	61.235	65.319
338.418	260.893	58.655	64.238
333.815	258.333	57.668	65.810
328.189	258.050	56.688	65.024
322.381	258.780	55.817	63.300
319.216	256.445	50.448	63.957
314.445	253.573	44.427	64.804
312.816	253.029	41.694	63.939
312.981	253.074	40.220	63.562
315.555	254.087	38.183	61.965
318.177	256.185	38.871	63.757
325.660	264.001	40.715	65.489
330.756	267.590	39.534	64.972
335.023	270.198	38.772	62.413
337.514	270.336	42.175	62.274
339.388	267.312	47.021	64.539
343.403	261.906	52.909	65.262
342.829	258.476	58.666	65.951
343.443	253.942	62.081	67.906
341.812	250.647	65.643	67.661
342.083	248.649	68.413	65.261
409.193	238.862	48.778	66.649
349.407	240.864	66.914	61.872
340.758	240.118	67.796	61.588
336.297	239.103	70.672	60.580
396.604	226.421	48.904	68.031
325.853	237.382	69.001	58.643
322.187	234.574	69.165	63.245
317.596	236.193	68.486	63.260
314.613	236.937	65.773	65.297
310.657	239.266	64.656	66.220
308.225	245.521	57.137	65.939
307.538	246.799	52.309	68.072
305.854	251.751	51.156	66.901
304.081	254.519	49.383	66.913
304.005	257.898	46.731	66.578
303.792	261.670	46.079	66.243
304.013	262.742	46.377	65.740
304.614	262.958	48.193	65.103
307.155	260.807	48.104	65.558
309.513	256.120	49.448	67.838
313.965	246.775	55.010	68.444
316.488	241.941	59.500	68.485
319.659	236.845	62.774	68.484
324.708	232.609	63.808	69.309
327.594	228.024	67.262	69.900
337.096	218.202	70.706	70.573
437.078	270.104	51.854	71.340
440.211	274.767	50.194	70.876
441.818	278.087	50.047	71.231
442.803	280.886	50.073	69.476
441.896	277.111	49.450	69.151
374.730	209.053	62.329	70.636
373.184	211.744	64.843	70.036
374.147	215.093	63.721	71.203
436.457	246.701	48.184	75.460
437.535	239.520	48.998	70.806
432.281	236.762	47.588	69.527
428.293	234.107	51.024	69.538
425.286	228.443	52.067	70.991
421.912	221.642	53.385	72.268
418.582	205.568	56.535	74.442
415.490	199.520	55.986	73.461
415.471	195.932	56.987	71.410
417.180	198.148	59.368	70.103
423.789	201.699	54.126	72.921
437.617	227.333	55.897	77.403
364.681	247.297	59.117	73.055
366.763	248.891	57.544	71.361
368.569	245.159	57.263	73.304
444.718	265.971	55.625	74.015
447.032	267.280	51.316	68.082
445.510	267.308	53.389	67.547
444.338	267.580	54.158	70.262
442.258	268.882	51.796	72.178
441.830	270.372	52.335	70.622
437.793	273.768	51.393	70.235
438.208	274.185	50.350	69.678
436.216	275.079	48.234	68.720
435.394	274.192	48.250	68.720
432.226	271.916	47.425	69.407
429.299	264.008	46.011	71.046
425.599	259.999	49.438	72.129
421.922	254.956	50.991	71.486
421.147	249.650	50.498	73.477
418.568	245.731	50.758	72.843
415.126	237.842	50.545	73.202
414.101	234.250	51.979	72.473
410.739	229.583	52.828	73.108
413.504	224.276	49.873	73.447
412.213	219.854	51.718	73.404
415.097	214.656	49.018	71.099
415.955	214.438	49.439	70.361
417.472	214.076	48.308	72.282
416.027	217.766	48.759	73.358
416.385	221.735	48.897	73.105
411.845	232.492	51.561	72.295
410.693	236.935	52.698	71.087
407.994	240.297	54.709	69.556
414.483	237.576	54.210	78.487
406.570	242.506	56.708	69.764
400.388	251.469	61.242	79.377
410.771	240.302	64.293	85.168
409.090	247.844	57.752	84.681
394.469	241.662	67.190	93.732
397.515	242.032	64.580	105.628
393.968	263.709	62.830	91.230
399.571	232.172	61.834	78.738
387.630	280.580	58.649	71.676
386.990	329.791	60.321	99.388
398.016	220.662	69.073	70.898
398.347	210.608	70.012	71.836
398.688	210.130	70.432	73.856
399.446	213.874	69.283	73.838
399.540	216.802	68.499	72.442
380.552	288.789	46.531	71.363
388.147	283.694	44.269	74.204
391.770	280.330	46.125	75.010
390.862	275.833	52.548	75.877
399.669	276.277	49.864	75.609
410.090	280.605	46.187	72.785
423.212	293.369	52.081	75.824
429.726	302.891	53.989	76.604
436.364	313.399	57.960	75.061
442.765	323.419	60.510	76.060
448.713	332.463	62.330	75.704
455.006	347.902	66.329	73.002
458.314	349.737	67.719	68.672
460.697	349.724	68.150	68.982
461.912	343.294	68.357	71.791
462.888	330.043	66.538	77.223
458.311	291.421	66.753	81.602
456.738	271.999	63.175	80.070
453.181	257.408	61.660	79.394
448.718	246.743	60.915	78.612
445.075	241.516	58.479	75.214
436.278	243.784	57.632	70.891
432.220	244.589	54.852	72.150
427.596	246.717	53.167	71.668
422.366	247.924	51.149	71.579
418.719	249.912	48.613	71.200
409.939	257.276	46.916	76.722
405.947	265.259	45.679	77.014
392.470	326.179	54.416	72.316
395.811	330.776	55.934	80.796
395.318	303.386	56.061	103.835
396.843	282.802	65.503	121.135
396.121	271.457	69.581	124.905
397.858	261.241	67.958	122.568
396.785	244.731	68.539	124.753
397.523	233.100	66.383	124.223
398.072	267.600	64.087	82.336
394.878	281.905	63.422	70.065
400.459	222.694	52.435	75.165
405.620	219.980	51.321	68.740
388.772	207.882	65.684	78.109
417.643	220.503	53.651	70.625
380.782	291.995	48.934	71.873
377.591	293.706	47.991	78.059
375.250	304.300	42.810	80.670
373.187	315.191	42.317	84.522
371.831	331.279	42.340	79.694
369.610	353.924	43.341	71.348
369.131	355.301	44.242	69.670
369.610	348.240	42.316	74.112
371.133	333.780	41.548	83.369
373.208	299.100	46.359	86.434
373.732	281.896	49.146	89.036
374.813	268.906	53.018	86.407
376.904	263.445	54.903	79.886
380.802	258.335	54.205	77.363
428.453	271.744	45.918	74.383
423.016	285.269	44.095	68.684
417.971	284.902	47.022	71.039
415.689	290.615	45.091	70.271
416.563	297.143	41.924	71.123
416.153	303.724	39.902	75.252
415.700	326.419	38.809	73.005
415.845	334.979	38.140	69.445
416.081	339.825	40.890	65.804
416.653	339.895	41.612	65.744
418.801	331.010	40.761	71.469
421.458	309.837	43.847	76.441
421.751	297.573	48.783	78.210
421.520	287.051	50.891	78.711
424.307	279.850	51.984	75.009
423.499	272.973	53.867	73.598
405.763	236.732	66.076	75.718
424.987	267.021	57.947	73.947
426.046	271.367	57.759	73.473
427.259	278.497	56.199	71.803
427.654	282.007	55.429	67.752
426.235	258.005	52.524	82.611
425.481	236.680	52.447	86.962
424.181	223.122	50.891	83.431
420.816	209.565	49.381	79.380
424.634	204.424	46.717	74.243
419.795	209.474	44.550	73.351
419.300	216.478	42.725	74.465
417.541	225.395	42.399	71.602
400.599	225.924	56.244	88.463
370.108	295.861	55.134	70.070
375.833	282.242	49.717	75.441
413.311	218.768	40.839	70.056
413.942	218.164	41.799	66.660
377.595	260.507	52.661	84.706
416.264	219.470	43.942	70.099
384.131	261.522	44.927	68.395
420.453	241.223	46.348	72.348
416.007	234.643	51.383	78.311
421.947	251.554	61.692	72.353
405.202	240.603	70.710	79.251
398.980	252.435	63.949	72.180
399.099	248.215	62.363	75.403
401.540	244.356	56.979	80.077
404.119	241.572	55.154	83.666
408.283	241.752	55.067	76.011
414.259	246.153	59.074	65.770
419.462	260.177	53.409	71.513
413.645	248.936	61.648	63.858
411.841	250.942	62.280	62.911
407.247	247.873	51.483	75.002
407.410	251.256	51.406	91.163
399.420	251.678	60.247	80.920
393.202	252.788	65.966	84.880
389.209	254.672	53.099	67.224
433.057	285.181	42.756	61.477
448.565	281.518	47.757	64.279
455.838	281.991	51.303	63.990
461.692	279.699	53.829	61.975
466.481	277.600	59.141	62.713
472.628	278.233	61.552	60.146
479.623	275.691	66.949	58.735
481.933	274.381	67.749	57.460
482.698	274.307	69.016	55.330
483.716	272.630	68.157	55.133
483.419	268.351	67.035	58.179
478.827	267.003	63.466	58.895
475.161	266.014	62.355	60.139
471.089	265.753	58.280	61.088
468.093	263.697	51.400	63.292
463.355	259.961	47.825	63.620
455.837	250.670	42.373	67.162
447.883	246.352	49.755	66.840
446.261	244.481	49.100	65.098
386.093	257.006	69.042	58.076
388.629	259.672	65.973	55.122
385.747	262.121	64.739	57.272
454.802	251.834	53.084	63.065
460.282	251.010	51.676	65.631
463.478	251.330	54.771	63.520
471.639	250.769	48.279	61.807
493.777	250.349	44.369	59.984
499.644	250.668	49.794	58.391
507.267	251.327	54.544	58.143
514.254	252.652	58.089	57.443
518.982	254.947	63.635	55.463
527.251	262.594	67.720	51.278
527.919	264.259	68.431	49.948
528.889	265.805	68.338	49.101
527.348	265.522	69.173	49.307
522.923	266.165	70.189	48.035
510.767	266.401	71.958	50.913
502.799	267.391	70.567	53.418
493.238	268.599	70.043	55.850
484.426	268.911	66.796	57.924
473.364	267.489	64.483	57.949
450.976	251.175	51.088	68.254
426.705	218.107	65.115	90.747
428.214	206.340	74.192	85.714
415.573	209.693	74.473	93.337
444.654	180.981	79.282	76.117
460.924	159.000	74.628	67.893
465.538	148.263	71.753	66.260
456.710	126.188	78.596	75.542
467.214	133.946	74.732	61.575
467.546	132.911	74.934	55.852
463.847	132.172	73.582	58.956
458.297	136.237	73.085	61.070
428.462	149.324	98.167	80.038
446.972	146.465	74.020	71.730
438.428	157.143	68.997	77.447
424.155	201.341	62.945	105.042
425.137	229.154	72.976	112.958
404.248	259.187	64.603	91.309
382.131	276.597	66.454	94.832
383.153	290.087	56.659	75.871
362.923	305.754	50.458	66.505
352.780	308.994	49.473	65.744
343.448	313.017	48.093	64.463
334.015	317.721	44.664	64.213
327.054	320.767	42.473	64.526
310.944	317.641	42.554	65.576
305.601	306.987	40.126	70.942
299.646	293.999	39.510	74.164
294.280	280.160	40.202	74.676
289.582	268.577	40.370	71.597
283.057	257.558	40.945	64.296
281.318	257.263	41.269	61.699
280.791	255.919	40.653	61.795
280.644	255.071	41.408	61.044
280.787	253.574	43.039	60.978
285.741	252.465	43.008	60.539
289.122	254.075	43.395	60.612
292.745	258.076	44.967	61.646
297.441	263.872	46.860	63.858
303.843	274.283	48.349	65.807
311.815	287.817	48.726	64.774
402.323	328.387	41.480	71.504
397.157	334.576	42.418	72.046
346.258	321.801	52.213	60.753
389.912	337.330	41.551	71.675
383.280	342.187	42.001	67.788
381.798	334.640	39.800	70.856
378.967	325.637	40.002	71.853
376.051	315.355	39.352	73.411
373.335	305.769	38.968	72.321
366.864	285.954	39.471	70.877
363.570	279.711	39.821	69.107
360.628	276.197	40.698	67.273
357.918	275.619	40.643	65.453
354.886	274.692	40.600	65.550
348.299	276.059	40.760	65.185
344.427	277.161	40.682	64.794
340.082	278.733	40.366	64.353
335.056	280.162	40.511	65.134
329.778	283.717	41.814	66.485
319.072	295.555	45.855	67.836
314.805	302.821	47.001	66.975
310.552	309.185	48.054	65.439
306.449	311.277	49.555	66.730
303.533	314.286	50.787	64.468
300.450	314.140	52.410	64.011
300.578	313.446	51.756	63.307
301.663	310.713	51.393	63.761
303.257	309.235	51.337	63.462
305.760	307.061	51.574	63.291
308.366	304.776	52.262	63.559
316.879	298.315	55.182	63.366
324.200	292.721	54.783	64.322
331.149	288.439	55.072	63.473
338.399	284.778	55.653	63.389
348.111	281.744	54.625	63.190
368.161	280.984	47.451	60.608
379.110	281.191	43.353	62.868
389.605	282.190	46.920	63.009
395.487	264.842	52.712	77.667
445.205	254.540	50.581	76.074
431.913	264.750	51.905	75.610
441.949	270.441	62.056	75.437
466.858	298.683	46.772	62.031
472.562	293.190	52.556	62.486
478.738	285.498	55.702	65.703
495.291	273.960	58.132	64.720
502.343	270.546	57.866	65.033
510.975	269.081	57.506	65.904
518.834	269.754	56.601	65.630
524.933	270.857	56.563	65.290
531.496	271.857	56.223	66.169
530.185	270.980	59.801	67.409
530.943	270.717	59.656	68.075
528.140	270.815	61.284	67.919
526.015	270.002	61.977	68.186
517.392	266.011	61.304	68.592
512.400	258.364	62.748	71.838
505.838	252.351	63.123	73.022
501.338	247.269	61.679	72.460
497.724	243.883	59.827	71.662
491.386	243.731	55.467	72.093
487.895	246.175	53.990	74.458
486.205	249.995	50.598	73.797
481.286	252.468	49.325	73.688
477.115	253.287	47.998	72.767
465.808	246.235	46.764	75.463
462.262	242.476	43.611	76.435
457.077	242.231	43.865	73.832
452.498	242.784	43.607	73.639
449.250	244.519	43.271	73.971
441.968	248.732	44.260	74.195
438.594	248.616	47.787	74.740
437.827	248.487	47.282	73.187
384.416	239.886	59.840	77.739
436.893	237.155	48.671	75.692
380.614	223.728	60.964	79.428
358.180	217.571	74.235	83.996
356.778	218.586	76.046	82.476
373.237	219.638	58.631	79.000
372.925	217.955	58.210	78.154
369.811	210.976	56.855	82.086
370.404	210.095	58.210	83.931
386.942	193.766	59.681	82.254
386.473	192.929	59.975	83.035
386.951	192.642	59.554	83.424
386.755	192.682	59.674	82.879
452.448	194.848	70.913	84.757
476.129	253.578	55.449	77.024
475.077	252.521	56.874	76.669
475.308	252.133	56.937	76.896
476.681	252.618	56.681	79.372
476.743	253.140	56.416	78.335
476.808	253.098	56.329	78.743
477.233	253.173	55.566	78.544
478.113	253.205	54.687	79.085
476.848	253.061	53.642	76.488
478.481	253.234	54.036	76.072
482.115	253.247	52.165	79.321
481.325	252.652	51.141	77.698
484.240	253.641	51.578	78.898
483.025	251.849	53.185	78.073
484.714	251.360	54.715	78.062
487.438	251.673	55.926	77.503
488.521	251.673	56.930	77.769
488.951	251.304	58.176	77.878
490.461	252.334	58.389	76.716
491.100	252.404	59.107	76.086
489.979	251.304	62.508	77.840
490.169	250.250	62.872	78.787
490.385	250.131	62.063	78.755
491.418	252.096	60.768	76.963
490.484	251.853	60.622	76.452
488.125	250.182	59.488	78.462
487.138	250.190	58.537	78.500
484.617	250.155	57.461	78.252
483.168	249.820	56.906	78.044
482.215	249.589	55.119	78.859
478.015	250.396	53.480	77.615
477.183	249.497	53.627	77.914
476.003	249.731	51.708	77.503
475.850	249.186	51.854	77.756
474.336	249.411	51.469	77.630
473.391	249.586	50.938	77.543
472.845	249.622	51.268	76.949
472.991	250.096	51.380	76.586
472.934	250.667	51.633	76.648
472.934	251.174	52.030	76.454
476.096	252.205	52.150	78.064
476.245	252.859	52.430	77.810
479.693	253.323	52.211	78.243
482.832	252.887	52.621	79.442
483.481	252.863	53.878	80.173
485.661	253.589	56.290	78.622
486.415	252.267	56.247	78.296
489.234	252.942	56.850	78.523
490.839	255.539	56.448	76.186
493.145	255.506	56.498	76.822
493.621	257.132	59.031	76.185
493.933	257.423	60.508	77.326
494.921	257.412	60.488	77.125
495.438	257.358	60.589	76.508
495.512	256.998	60.084	76.608
495.818	255.957	59.681	76.522
494.513	255.441	59.592	77.038
492.601	254.904	60.301	77.937
490.453	254.118	60.248	77.681
488.181	253.351	60.414	77.214
487.117	252.351	58.957	76.839
483.591	250.575	55.980	77.593
481.613	250.447	54.692	76.933
479.764	250.083	53.032	77.121
479.039	250.374	53.599	79.530
479.154	250.090	48.275	79.713
475.938	250.730	47.335	78.058
474.363	251.080	48.173	77.730
474.357	251.513	47.223	76.072
475.780	252.143	47.417	77.546
475.197	252.093	47.939	78.014
479.717	254.621	47.250	77.852
482.522	256.264	47.830	77.843
485.371	257.072	48.387	77.718
488.918	257.513	49.298	77.248
492.220	260.197	51.026	78.529
499.760	273.912	53.733	84.789
503.456	281.664	56.536	84.202
508.239	290.626	57.433	81.784
510.582	296.450	61.398	79.445
512.651	298.721	63.877	76.654
518.211	292.789	65.688	78.339
519.701	289.596	65.512	77.111
519.577	285.783	66.579	76.725
517.705	282.627	68.629	75.188
514.654	280.311	71.385	73.979
508.115	274.412	71.242	74.842
503.661	274.463	71.181	72.450
498.894	273.768	70.796	73.069
491.688	273.471	70.596	75.893
484.413	275.932	68.897	77.996
470.454	282.650	63.575	77.961
462.529	283.660	60.479	77.032
455.247	281.755	56.778	77.399
449.567	277.804	52.571	78.478
441.532	272.870	50.694	79.293
429.036	270.137	50.619	75.254
415.809	246.519	61.117	95.369
415.389	241.829	64.708	101.483
414.165	242.800	63.012	102.098
392.939	231.013	77.925	95.975
403.390	238.423	68.745	106.951
399.150	247.107	72.257	95.137
418.041	260.742	55.339	82.727
389.262	246.616	70.238	86.890
359.938	239.749	79.804	84.977
445.164	280.207	54.206	81.331
451.505	287.065	57.627	77.724
456.987	289.964	61.590	77.314
461.986	291.037	65.416	76.316
466.656	289.346	68.126	76.669
472.699	281.049	73.010	77.540
474.393	275.695	75.213	76.486
474.937	270.179	76.379	76.174
472.996	265.733	80.004	74.896
472.842	260.310	80.465	75.957
473.512	256.825	79.559	75.023
475.596	256.558	75.419	76.741
477.348	258.310	70.236	79.823
476.972	261.726	66.327	80.073
475.480	264.262	62.960	79.179
469.497	260.357	56.645	80.402
466.947	252.725	52.433	82.267
464.155	243.532	47.030	83.579
459.039	237.301	47.007	82.459
453.134	232.853	48.882	80.722
445.400	232.827	48.658	80.087
440.754	236.584	48.186	79.855
436.589	240.421	48.240	81.014
434.296	244.918	46.722	79.881
432.504	247.353	45.039	81.050
425.567	255.884	49.061	84.244
424.957	261.701	49.246	85.800
424.046	265.858	52.684	86.419
423.511	274.490	54.558	85.612
422.704	281.112	58.219	86.077
423.265	290.477	59.051	84.093
423.207	295.621	62.286	83.684
424.481	296.135	63.204	83.973
424.498	295.858	65.027	83.569
426.699	293.469	62.985	82.587
424.857	279.878	66.145	86.157
425.309	273.908	65.820	85.515
426.258	266.558	65.698	86.887
427.211	262.167	65.859	84.600
431.001	261.142	65.627	83.754
435.788	261.225	66.445	83.098
436.032	261.506	67.091	84.022
437.212	258.345	65.808	85.291
436.182	250.806	65.637	88.173
436.346	243.512	65.532	89.943
436.200	223.670	63.395	91.687
438.573	221.677	60.911	86.773
438.788	219.885	60.923	85.442
438.019	220.352	59.204	84.259
438.437	222.100	55.693	86.429
432.220	234.461	57.424	86.815
431.622	240.124	56.662	83.770
429.503	243.362	55.824	84.551
427.765	246.371	56.618	85.397
428.046	250.196	56.873	87.095
427.697	258.012	57.648	86.064
428.440	261.805	57.586	88.317
428.718	267.002	57.753	88.848
430.346	272.786	56.791	87.545
429.877	277.222	57.341	86.729
430.886	281.799	56.944	85.578
432.732	281.445	56.436	86.975
432.898	282.603	56.944	85.768
433.773	283.365	56.543	85.815
435.236	284.076	56.765	89.009
411.517	258.958	76.767	109.111
438.942	289.028	56.798	90.167
444.914	290.543	54.223	84.156
449.138	289.934	53.155	84.120
453.236	289.355	53.236	84.169
460.438	285.021	55.209	86.080
464.401	284.119	57.050	84.899
468.761	281.736	58.756	85.886
472.908	279.638	61.708	85.707
477.138	276.701	63.988	85.990
484.401	270.778	68.275	86.226
486.405	266.273	71.686	86.610
489.223	261.300	72.241	86.972
490.701	255.387	73.609	87.567
492.113	251.365	74.633	86.501
493.073	246.233	75.985	83.992
492.160	244.814	76.590	83.435
491.608	242.755	74.718	84.990
491.229	241.626	71.226	84.744
488.774	240.612	69.673	84.135
480.937	238.767	67.571	84.664
477.738	238.447	66.708	86.360
474.226	239.663	64.196	86.481
471.135	240.315	61.099	86.483
468.760	242.246	56.898	85.388
466.242	244.417	53.162	85.412
461.413	250.175	49.542	84.657
459.148	252.185	48.560	85.936
457.446	255.313	47.624	85.635
455.415	259.597	47.962	85.319
454.050	267.269	49.837	86.892
454.957	272.221	50.256	85.384
455.458	275.660	51.017	86.034
456.273	278.888	52.689	86.172
457.237	282.010	53.853	85.806
464.337	285.048	54.014	86.140
466.623	286.265	56.399	85.593
471.181	286.735	56.641	85.365
475.176	286.738	58.604	84.981
479.302	285.522	60.627	85.360
486.846	282.101	65.204	87.040
491.337	281.745	66.756	86.187
494.802	278.998	68.504	87.203
498.367	277.168	69.228	87.805
501.351	274.621	70.531	88.858
503.065	267.095	73.924	89.875
503.284	262.987	75.078	89.797
502.650	257.012	76.111	91.013
500.792	251.823	77.290	90.887
497.294	245.572	79.818	91.455
493.695	239.697	80.150	91.659
484.882	232.376	79.418	88.684
479.905	228.113	78.647	89.172
475.175	225.056	77.786	89.881
470.827	223.714	74.886	88.888
464.523	222.694	72.090	88.710
452.186	222.343	67.183	91.392
444.764	223.778	66.653	93.604
438.579	227.340	63.189	93.389
432.193	231.306	61.519	94.151
420.021	242.625	59.263	91.431
412.758	247.713	59.874	91.999
405.667	253.528	60.315	92.420
398.538	257.100	62.059	94.135
398.031	261.845	56.993	94.528
392.639	265.741	58.510	95.206
373.491	235.973	67.788	125.913
377.719	233.662	67.309	132.557
360.852	221.263	76.156	120.789
358.347	217.691	80.675	92.163
380.995	270.872	55.154	100.633
384.781	274.820	55.282	94.492
387.243	278.845	53.874	90.591
391.375	282.734	53.807	86.602
396.400	280.913	55.443	89.382
403.238	277.885	54.197	92.379
417.390	274.920	55.488	95.348
424.818	273.169	59.032	94.786
430.993	271.553	63.641	95.029
436.728	269.731	69.036	94.973
443.746	265.221	72.353	96.433
455.632	260.291	76.956	94.111
465.169	253.774	79.756	96.156
471.366	250.815	81.399	95.553
475.150	245.962	84.447	94.827
477.828	241.497	85.608	94.882
481.681	233.480	86.894	95.352
480.517	231.484	87.912	93.578
481.710	229.735	86.693	93.618
481.640	228.051	85.977	93.429
478.743	227.554	84.327	93.022
473.748	229.460	79.378	95.890
469.856	231.427	78.321	96.088
464.804	233.503	77.272	96.680
460.284	236.428	75.016	97.082
454.602	240.296	73.920	95.559
442.826	244.437	71.386	96.311
436.727	247.040	70.004	97.417
429.310	249.348	69.976	96.724
424.161	251.210	68.547	98.643
422.756	254.477	62.801	97.353
417.103	258.861	56.285	99.289
382.062	231.653	77.353	115.397
390.421	226.690	89.693	118.498
415.495	224.407	89.884	120.309
405.907	217.044	105.010	99.041
406.977	228.777	75.776	106.631
413.109	213.381	105.281	93.460
407.728	209.479	109.151	97.498
406.783	212.496	108.413	94.179
402.834	212.780	102.264	96.355
387.128	215.313	91.066	108.068
414.279	262.008	76.247	104.417
437.489	269.574	67.194	100.368
455.548	275.186	65.185	100.034
465.778	274.809	68.543	101.896
486.970	278.688	74.870	102.550
496.539	277.163	82.251	104.506
506.231	282.214	84.219	99.456
516.481	284.086	85.822	97.527
528.116	285.764	85.557	96.583
546.095	286.684	88.617	95.481
554.363	288.191	87.660	93.462
558.343	287.990	89.492	93.400
560.297	288.252	92.715	93.083
560.216	287.785	95.173	93.437
559.133	289.246	97.754	91.731
557.613	290.006	97.733	91.842
553.600	291.383	97.872	91.776
548.915	291.151	98.147	92.759
542.395	290.805	97.856	94.925
528.551	291.611	90.969	97.208
520.521	289.810	86.238	98.983
510.179	289.077	84.150	99.269
499.369	287.617	84.003	99.737
488.570	284.992	77.308	100.553
467.692	283.017	73.995	99.629
450.245	250.876	78.075	106.425
443.948	246.458	70.654	129.032
449.851	226.264	100.274	126.768
441.753	214.217	120.534	100.764
461.475	208.788	116.972	98.082
459.564	207.615	122.735	95.047
462.926	207.025	119.455	94.466
464.430	206.059	118.526	95.695
461.537	208.295	119.077	96.353
456.093	214.101	114.939	99.423
421.375	258.298	69.658	113.876
426.429	223.412	97.335	129.129
413.763	225.589	105.482	128.075
404.081	237.633	95.850	151.749
479.960	278.883	80.544	109.449
495.793	285.053	73.781	98.379
508.843	286.133	81.330	99.029
521.725	288.310	85.375	97.512
532.468	289.587	88.372	94.810
552.790	291.006	96.899	89.091
558.776	291.981	98.194	86.188
564.725	292.119	97.979	84.966
569.953	291.632	97.493	84.081
573.405	290.179	96.486	84.916
576.553	289.674	94.852	85.788
576.338	288.565	92.766	88.925
574.929	288.298	90.146	90.357
574.476	286.153	83.709	94.231
573.020	285.821	78.882	95.591
564.332	284.665	72.399	98.026
560.462	283.669	65.621	97.638
556.582	282.830	60.543	96.529
552.538	281.114	57.113	96.362
547.543	278.999	57.213	97.580
540.476	277.094	56.632	96.340
538.503	276.798	54.915	95.644
536.786	277.535	54.137	94.372
533.319	278.291	56.235	93.113
529.513	277.580	60.173	93.851
527.228	277.109	64.211	94.745
524.135	275.809	68.338	95.524
519.011	287.804	70.240	83.539
506.129	266.537	79.188	101.635
500.491	280.127	85.177	89.027
487.270	275.415	76.550	90.605
541.661	211.852	81.056	113.359
547.596	210.539	82.250	115.071
555.824	210.131	81.892	113.914
563.003	210.328	81.251	112.453
573.633	210.423	80.279	111.417
577.399	211.653	81.404	110.572
578.942	211.536	83.736	111.415
581.385	212.087	84.782	111.334
581.366	211.653	86.453	112.165
581.911	211.900	88.796	113.190
580.971	213.010	90.266	112.451
578.680	213.820	91.197	112.507
574.977	215.583	92.445	111.460
569.588	217.242	93.868	111.272
555.261	221.764	97.539	110.213
545.319	224.194	100.928	110.737
534.882	225.767	101.433	112.801
524.506	228.494	99.431	113.268
511.261	230.781	99.921	112.026
488.425	234.900	90.664	133.387
510.244	251.691	81.311	116.899
523.881	273.205	78.013	94.149
523.843	268.093	93.224	97.325
535.518	266.931	85.869	98.158
548.466	258.153	87.282	101.279
555.253	254.919	87.529	102.750
560.109	252.596	86.096	102.010
564.973	249.415	83.073	103.171
566.344	245.220	81.066	102.752
567.685	236.816	78.941	104.460
566.421	232.614	79.944	104.685
564.138	228.090	78.737	105.083
561.484	222.595	78.472	107.121
558.144	218.207	76.507	107.119
551.169	208.244	76.005	107.652
547.555	199.059	77.687	112.554
540.961	199.390	75.597	106.583
535.529	188.699	74.626	112.052
529.212	187.770	74.705	107.637
517.772	176.902	74.108	109.075
514.685	172.257	74.089	110.300
506.202	170.721	79.896	109.402
501.842	167.733	79.787	109.704
413.137	160.794	83.914	113.355
417.339	154.030	82.784	114.012
421.826	151.895	81.261	112.798
466.556	164.697	87.014	122.189
478.798	155.911	80.349	108.153
428.403	153.421	74.654	108.297
423.902	148.062	72.132	109.644
404.087	143.483	90.438	115.044
425.567	150.757	69.802	110.608
483.980	153.254	78.510	108.870
483.437	152.967	81.726	109.493
483.635	151.804	83.921	111.013
483.244	151.635	83.271	113.562
482.691	153.123	81.242	113.551
482.740	155.545	79.404	111.280
483.352	156.568	77.374	111.020
483.028	157.625	76.450	109.991
484.924	157.425	70.064	110.820
484.763	158.278	69.480	110.274
486.293	158.577	68.701	109.725
425.027	154.327	70.694	109.681
411.708	155.760	80.041	127.754
476.787	157.534	82.763	111.057
483.278	156.882	79.090	110.526
485.223	157.853	80.451	109.137
486.361	158.292	81.039	109.239
487.164	158.421	80.613	110.185
488.310	158.106	78.928	109.688
489.126	158.180	79.005	109.254
490.502	158.195	78.286	108.755
489.962	155.993	75.745	110.416
490.832	158.279	76.398	107.517
490.624	159.705	75.765	106.334
488.441	159.852	77.473	106.981
488.901	160.491	78.723	106.984
489.256	161.351	79.720	106.587
486.715	162.560	82.996	106.024
483.940	162.294	83.840	106.932
481.380	161.642	87.243	107.660
478.480	160.237	85.144	108.800
478.307	161.488	80.521	107.183
469.452	169.546	88.879	124.729
432.815	163.293	106.852	110.835
431.168	164.507	101.983	109.690
430.346	162.976	96.472	110.544
431.212	162.017	88.710	110.515
433.466	162.979	80.803	109.700
434.863	161.412	70.287	111.168
433.768	161.600	72.442	112.104
431.121	161.285	74.790	112.112
429.145	161.082	76.618	111.923
427.530	159.469	77.767	114.093
432.738	160.074	72.061	114.035
427.825	157.888	75.708	114.112
432.478	156.998	71.620	117.605
437.296	158.204	67.167	116.015
435.836	157.722	64.583	114.197
430.667	157.131	70.576	111.678
423.309	153.837	73.330	114.297
401.209	155.334	68.907	107.935
404.106	162.604	73.112	119.564
424.617	155.110	71.266	117.061
432.274	164.371	88.924	114.338
428.858	162.811	83.376	126.306
430.822	157.875	64.826	116.547
413.900	146.778	72.829	124.636
397.341	159.105	78.466	125.808
429.748	160.745	82.269	116.787
408.701	155.047	77.040	119.303
431.055	160.513	85.659	119.581
414.697	157.083	75.436	121.221
430.240	162.956	87.149	119.968
429.009	168.692	65.247	110.349
426.249	169.102	83.788	114.694
429.733	165.076	63.366	114.366
427.949	174.765	63.244	107.948
415.258	155.906	70.310	121.988
423.829	159.894	62.437	117.791
420.867	160.962	77.892	118.304
408.127	155.787	72.836	121.864
374.706	140.457	71.830	117.239
388.671	159.678	66.548	116.361
408.670	156.395	66.771	121.586
405.589	157.100	68.093	122.881
408.249	158.837	66.224	123.472
404.467	159.862	68.381	122.575
403.122	158.784	68.367	124.410
398.036	159.706	70.028	122.387
392.158	156.886	77.010	122.661
395.247	158.168	74.532	124.181
388.393	156.410	75.167	124.925
401.270	161.129	86.897	123.988
385.677	159.466	73.719	122.360
369.648	153.278	73.085	112.652
397.772	175.724	80.607	113.255
384.910	156.190	71.809	123.884
390.766	159.022	65.909	123.160
384.330	160.232	68.895	121.908
376.967	156.481	75.319	124.807
378.529	156.131	72.529	124.394
378.121	158.034	71.431	124.004
374.434	155.182	73.375	125.286
376.076	158.364	68.498	123.347
374.465	158.013	70.608	124.977
377.001	159.589	67.239	124.690
373.182	161.934	69.543	122.118
376.911	164.313	67.200	120.564
374.674	166.042	68.020	119.284
375.209	165.543	68.513	120.554
374.267	164.772	71.715	121.737
378.026	168.992	70.566	118.341
378.682	168.548	73.321	119.278
382.946	172.903	73.250	114.090
370.845	173.967	68.909	108.482
407.935	190.918	66.223	104.827
398.310	180.410	67.332	105.126
409.470	186.976	64.737	106.797
414.752	190.620	66.459	105.629
415.611	193.669	70.362	103.201
415.166	193.421	73.714	104.748
415.644	192.347	76.003	107.994
418.248	194.602	70.641	107.415
407.492	191.351	68.836	110.110
407.832	185.034	84.115	114.845
404.779	206.011	75.278	116.064
400.762	194.383	71.235	113.717
391.541	191.883	73.713	116.245
391.688	195.653	68.290	118.441
389.597	198.384	72.621	115.138
388.245	201.618	76.982	113.050
419.921	204.176	73.489	104.456
400.533	220.386	77.174	109.226
426.241	204.655	69.105	100.102
425.103	208.488	74.782	96.474
427.181	208.930	73.673	97.255
428.426	210.250	73.043	96.209
429.634	209.867	74.369	97.022
428.408	211.883	68.778	95.384
413.037	215.910	84.191	114.567
389.822	216.022	77.098	102.506
392.148	215.917	81.794	101.759
396.186	216.918	76.311	100.722
405.867	217.865	63.790	98.583
409.033	217.558	61.451	97.807
406.941	216.975	67.508	97.564
403.318	216.240	76.046	97.207
402.324	216.344	80.785	96.974
397.810	216.644	91.354	94.955
394.150	216.140	97.131	95.524
413.443	200.021	82.893	113.911
381.711	215.552	69.125	95.686
439.460	215.283	72.612	100.369
434.163	216.745	65.253	97.140
439.247	216.503	62.385	96.659
438.155	220.799	70.667	110.794
413.403	216.345	82.046	102.190
426.319	217.976	71.068	95.034
438.503	216.278	57.426	98.714
434.846	216.607	59.525	95.350
432.551	215.872	60.049	95.673
429.368	215.694	61.386	95.518
418.567	214.696	68.602	95.967
398.809	214.354	79.518	94.646
398.473	215.014	78.470	94.510
404.016	215.084	70.004	94.597
403.774	215.295	65.440	94.413
397.850	215.911	74.383	95.749
388.406	216.809	85.819	96.821
382.135	215.909	67.006	98.902
368.872	216.821	67.372	99.628
420.533	216.165	85.970	89.380
413.445	197.644	85.281	106.731
421.505	217.761	93.366	88.429
420.672	219.441	92.588	84.800
409.347	203.364	92.961	105.005
413.517	221.893	89.833	90.442
427.032	223.358	97.741	92.292
388.432	228.430	72.894	98.557
392.728	230.663	65.549	96.354
393.983	232.393	63.167	95.400
387.012	232.675	74.375	95.030
402.774	234.186	70.103	95.998
409.593	238.221	69.003	93.537
374.379	237.593	96.616	92.320
360.815	236.666	85.282	88.537
358.769	232.542	75.747	94.075
363.716	232.959	85.940	93.232
389.548	220.405	89.140	111.728
410.111	237.277	95.599	100.852
407.357	235.049	76.929	97.957
415.666	241.348	72.024	92.494
386.100	227.681	76.081	94.000
371.522	223.808	80.781	100.999
389.034	228.597	73.516	104.221
385.636	232.485	80.510	98.981
384.307	233.296	79.474	97.500
381.421	238.255	67.966	91.922
407.593	233.923	75.135	99.740
423.554	227.463	73.251	86.116
422.129	227.953	73.195	85.877
422.245	229.409	70.941	85.956
418.973	231.707	68.655	85.271
417.407	233.065	62.331	84.808
401.349	237.402	62.016	83.584
374.915	237.484	69.017	89.009
379.799	237.818	67.552	87.883
372.012	237.482	73.756	88.703
365.686	237.452	82.715	88.795
339.332	237.573	93.428	83.169
333.305	238.132	101.791	80.945
330.724	238.465	101.830	79.444
331.150	238.293	96.985	78.103
330.523	237.661	94.009	77.676
331.430	237.258	90.629	77.597
330.816	237.061	88.122	77.755
331.641	236.400	87.462	78.995
331.865	236.577	87.683	78.693
332.733	236.618	85.551	78.395
335.804	237.478	83.576	77.422
337.997	237.365	79.854	77.361
341.557	237.353	79.739	78.440
349.435	237.165	85.423	79.520
394.855	235.555	80.068	91.291
385.246	237.276	63.631	86.454
384.166	237.662	64.056	87.329
381.715	237.049	70.738	87.219
380.325	236.224	68.326	87.244
375.763	235.246	65.436	86.591
410.624	208.490	81.386	91.718
412.972	227.352	87.091	79.910
414.314	229.575	87.326	75.344
409.313	214.060	84.795	88.745
411.084	226.821	90.102	75.576
405.364	223.879	84.969	76.556
392.103	230.399	77.381	98.482
377.896	225.568	75.431	89.916
380.128	222.553	72.893	92.094
383.096	221.015	65.566	94.454
376.913	219.645	73.507	90.817
380.424	228.727	75.276	102.474
383.564	219.726	80.910	94.040
378.385	217.587	81.271	94.203
366.651	228.077	84.963	108.946
384.584	221.688	85.149	90.028
387.926	224.766	76.040	100.516
394.397	223.621	70.345	88.015
398.453	226.338	66.531	85.219
399.104	226.668	65.915	86.282
398.330	226.914	61.858	86.897
397.285	228.391	63.043	85.455
396.546	227.723	59.218	86.401
391.848	225.231	60.773	88.066
394.935	226.270	56.074	87.278
375.053	217.069	65.452	93.356
377.136	217.314	60.989	94.806
377.480	217.969	57.642	94.325
375.702	219.704	65.356	92.428
375.105	219.551	71.803	91.844
378.064	219.500	72.594	90.287
351.670	225.331	74.509	90.423
353.138	223.562	68.766	88.670
395.870	217.797	72.857	83.749
401.219	199.919	71.529	98.961
404.080	220.087	67.323	81.312
403.932	223.664	72.121	92.900
402.498	204.085	76.036	97.932
392.359	222.374	71.707	88.354
402.326	224.547	63.428	85.625
388.144	223.782	66.764	90.772
388.239	224.578	70.934	91.233
388.200	225.548	70.199	91.570
389.763	225.441	68.238	92.313
389.702	225.743	69.276	92.581
392.511	225.833	66.044	92.460
393.186	226.194	65.567	92.231
393.130	226.234	66.199	91.585
392.231	226.181	67.356	92.022
392.798	226.279	67.286	91.878
392.780	225.793	66.776	90.651
393.047	225.806	66.319	90.713
391.126	226.049	66.417	90.093
390.591	226.751	67.170	89.418
390.336	226.444	64.725	89.603
388.683	226.389	61.108	88.784
386.591	227.288	62.952	87.635
385.903	226.219	61.971	88.758
384.727	226.436	61.307	88.125
383.583	226.250	60.592	88.386
382.190	225.603	62.150	88.319
382.282	224.871	60.891	89.526
382.255	224.954	61.713	89.341
381.226	223.517	62.472	90.346
380.927	222.874	62.594	92.039
380.558	222.361	63.535	94.049
379.005	221.916	65.745	95.215
378.421	221.698	66.988	95.741
377.831	221.388	67.512	95.407
377.913	220.941	66.958	95.530
376.845	220.426	66.644	95.089
377.302	220.190	65.507	94.418
377.298	220.408	65.107	93.772
376.880	220.519	65.037	93.370
376.316	220.075	65.391	93.547
375.239	219.434	62.806	93.248
375.110	218.606	60.621	94.272
374.424	219.854	60.003	92.977
374.432	220.812	60.676	91.078
372.372	221.672	62.963	90.819
370.500	223.409	68.385	89.661
369.574	223.817	70.258	90.288
368.499	224.343	73.322	90.846
366.101	225.619	78.560	88.883
362.702	226.915	86.812	86.890
357.251	233.619	66.165	80.805
394.990	229.125	67.097	81.849
354.008	233.904	63.197	82.058
351.511	234.353	59.778	79.567
344.640	234.351	62.504	99.918
349.543	232.376	60.238	83.254
347.242	231.543	55.751	82.023
345.152	230.624	56.285	82.267
343.292	230.497	57.003	82.095
341.847	230.090	57.114	81.928
339.336	228.770	58.086	82.220
338.275	228.710	58.370	82.410
337.093	228.630	58.967	82.603
336.220	228.255	59.226	83.157
335.070	227.961	59.080	83.404
335.415	228.572	57.172	82.569
336.958	230.836	56.647	79.464
336.661	231.146	54.582	79.104
336.499	231.332	55.028	79.794
336.840	230.418	54.272	80.819
339.072	232.348	52.978	80.225
339.146	232.909	53.606	80.592
342.928	234.435	51.311	79.302
342.203	234.239	52.811	80.437
346.307	235.725	51.196	79.372
350.223	236.710	52.340	79.166
349.808	235.704	54.223	80.699
354.397	235.887	52.121	80.460
355.582	236.442	53.667	80.072
359.405	236.263	51.633	80.764
363.158	239.008	50.617	78.437
362.907	239.308	51.086	79.706
364.107	239.962	51.237	79.053
365.403	240.460	51.109	80.062
364.191	242.441	52.488	78.447
363.897	242.842	53.078	78.825
361.810	246.215	55.500	76.263
360.279	246.151	56.167	77.733
359.660	246.746	55.784	77.280
358.422	247.814	56.750	76.400
356.549	245.524	55.558	76.365
356.274	244.129	54.473	76.472
357.541	244.202	52.567	76.656
357.620	243.266	50.658	76.714
357.845	242.690	49.347	76.605
358.055	242.757	48.738	75.746
358.251	242.311	47.494	76.427
358.227	242.164	47.764	76.184
358.441	242.472	47.490	77.261
358.519	243.170	48.211	77.393
357.735	243.940	49.492	77.370
357.890	246.707	53.629	76.564
356.760	249.305	55.874	76.260
359.269	250.896	55.506	76.204
359.789	251.057	55.962	76.439
362.674	251.994	54.184	77.548
368.780	252.557	50.045	76.985
368.246	252.268	51.053	77.209
370.525	252.095	49.239	76.033
370.447	251.930	49.514	76.026
370.597	250.342	49.331	76.806
459.756	247.251	48.190	75.037
460.385	246.673	49.885	73.851
459.688	246.509	51.757	73.344
459.849	245.008	52.212	74.143
457.541	244.862	55.103	74.256
452.946	242.507	58.911	75.164
450.455	243.344	60.729	72.717
448.141	244.004	61.404	71.741
448.124	243.293	59.265	71.991
450.170	246.833	59.191	87.216
447.371	242.662	52.365	73.902
449.444	241.395	50.363	73.756
448.523	243.068	46.885	71.713
446.842	242.151	45.590	71.459
445.278	240.918	45.582	72.015
443.081	239.653	44.507	71.768
441.339	238.117	46.094	73.023
439.043	236.471	47.579	72.784
438.112	234.122	49.403	72.545
438.182	230.570	49.660	73.981
439.065	226.228	48.498	72.768
442.791	233.824	54.986	90.064
440.573	217.539	48.580	76.989
439.721	216.455	49.041	72.267
439.698	213.595	50.125	73.048
435.957	210.323	51.703	71.782
428.365	208.963	56.858	85.578
433.081	207.968	50.780	72.895
432.608	206.689	47.727	70.344
430.997	209.323	52.884	80.023
393.357	207.840	56.319	73.052
396.532	206.799	62.479	73.865
411.276	207.806	58.598	72.151
396.709	206.418	66.343	73.722
412.619	206.525	59.240	71.303
397.168	205.442	71.926	73.438
419.536	207.754	56.099	68.295
397.365	205.217	65.433	73.138
424.821	206.633	53.995	70.079
396.677	206.962	64.611	72.129
425.245	207.258	63.624	72.691
416.946	211.438	54.384	73.378
396.398	207.636	66.022	73.208
396.187	206.785	62.298	75.084
414.886	209.073	53.591	76.613
396.869	207.929	58.331	77.941
396.375	207.604	48.210	75.789
405.188	217.866	51.801	80.388
417.149	219.648	48.259	76.901
419.527	221.821	45.122	74.936
416.684	224.926	44.933	73.226
414.659	222.295	48.443	75.303
417.329	225.929	45.070	72.326
408.943	224.806	51.887	71.985
396.392	223.098	63.251	72.131
386.712	222.825	71.963	74.986
405.114	223.548	63.481	72.763
415.202	220.700	49.034	70.335
381.492	229.214	51.202	76.346
418.746	217.206	48.635	71.017
395.738	209.474	53.190	86.976
417.295	210.221	52.244	72.846
417.719	212.524	53.073	68.207
396.335	222.098	56.545	81.826
372.360	241.395	47.342	73.429
371.018	241.065	48.975	70.836
369.554	238.231	50.108	71.930
416.882	218.318	53.794	72.810
367.620	233.065	46.894	72.145
369.152	228.265	47.669	73.343
415.514	225.640	51.850	70.265
416.367	227.247	51.600	70.757
416.605	228.841	50.862	70.947
416.684	231.998	50.025	70.657
415.509	234.723	49.169	69.714
413.946	238.132	50.557	69.482
412.845	238.530	50.523	69.498
411.982	239.345	50.707	69.167
412.014	239.941	50.326	68.994
411.652	240.812	50.358	69.024
411.717	241.166	50.157	69.498
412.036	241.802	50.057	69.133
412.901	241.933	50.507	69.255
413.504	242.576	50.677	69.005
414.411	242.802	50.460	68.997
415.901	243.079	50.878	68.754
416.193	243.020	51.874	68.644
414.268	241.739	54.189	69.142
414.381	240.896	55.118	69.219
414.934	238.183	55.442	69.998
417.084	234.670	53.169	71.108
416.864	233.745	53.216	70.308
415.375	232.119	53.399	69.299
416.019	230.885	51.617	69.264
416.013	230.211	49.660	68.528
412.936	226.669	47.745	69.441
410.615	224.658	48.066	69.788
367.384	218.515	46.671	71.801
412.041	222.884	43.455	69.199
368.840	217.800	46.641	72.155
404.202	217.916	48.789	70.507
396.875	218.712	46.242	84.083
398.849	216.555	52.124	69.099
384.043	214.006	66.553	72.284
407.925	213.744	50.513	67.375
380.933	211.186	69.871	72.461
378.724	209.097	73.920	73.961
380.297	208.044	72.307	75.082
380.008	206.384	73.443	76.413
381.529	206.647	72.475	76.471
400.658	202.934	70.566	77.119
409.029	204.658	59.754	73.801
385.003	206.032	54.761	80.554
384.629	205.492	59.943	80.471
408.751	202.041	57.318	76.229
388.816	208.599	51.783	78.993
388.615	208.659	56.395	78.895
389.990	207.629	57.270	80.087
390.560	208.324	54.807	79.494
392.756	210.438	59.471	76.773
395.191	211.861	64.866	73.197
396.758	214.164	65.904	70.304
398.067	213.380	66.476	70.100
400.616	212.839	65.161	71.795
403.627	210.154	63.053	74.994
427.782	210.862	57.004	80.280
422.552	212.182	49.736	76.329
431.175	217.027	41.746	74.050
431.509	220.917	42.132	69.697
431.521	220.782	43.063	67.837
432.047	220.658	43.634	69.865
430.758	220.249	45.296	68.896
432.958	220.280	43.450	68.208
431.432	218.614	43.223	68.813
433.333	218.315	41.678	66.777
427.160	214.556	47.060	68.415
408.770	211.652	61.240	69.019
405.519	211.574	65.901	69.183
403.962	209.431	67.596	71.607
403.626	207.299	66.850	74.381
402.912	206.710	55.348	76.461
401.810	208.974	50.993	75.859
423.213	206.199	45.718	72.164
431.222	206.291	45.156	69.515
403.223	208.299	51.999	75.234
402.012	208.040	55.366	75.697
402.213	206.879	63.566	75.046
403.114	207.509	66.792	74.071
403.794	207.877	67.781	73.077
403.886	208.470	68.782	72.001
403.817	208.874	69.664	70.981
403.827	209.130	69.893	70.725
404.152	210.140	69.705	69.434
404.578	210.837	69.033	68.704
405.455	211.315	68.255	68.119
405.379	211.485	68.453	68.669
405.512	213.552	67.561	66.466
406.274	213.649	65.588	67.251
404.628	220.643	66.698	83.317
406.737	213.911	67.332	69.229
421.356	213.776	69.462	69.271
425.544	216.807	60.144	65.983
425.013	218.232	51.685	64.395
406.713	218.143	45.123	65.258
410.153	217.439	64.119	66.510
432.820	217.829	52.337	65.495
434.498	218.265	52.880	65.990
417.319	217.519	59.463	67.715
433.090	215.722	60.955	69.383
432.386	217.813	60.284	68.477
429.711	219.196	60.481	66.756
406.444	219.768	67.186	66.065
402.173	220.156	69.527	66.909
401.143	220.281	70.224	67.187
399.435	221.251	69.108	66.820
397.526	221.835	69.258	66.816
392.692	224.183	69.556	66.017
391.525	225.231	69.224	65.435
389.106	225.694	69.471	65.681
386.569	226.714	69.595	65.462
383.498	226.391	69.864	66.167
376.550	229.234	70.420	65.197
374.047	229.624	68.867	64.821
369.914	229.664	69.317	64.600
366.816	230.797	68.737	63.339
363.151	231.385	68.349	62.559
356.975	232.649	65.908	61.058
354.165	231.068	65.238	62.611
351.556	230.577	65.002	63.314
349.962	230.643	64.134	63.375
348.158	230.756	63.472	63.014
346.252	231.353	63.146	62.505
360.238	231.605	60.155	68.772
361.759	233.233	47.761	60.904
364.563	235.095	54.504	60.365
349.509	233.299	57.993	61.798
354.445	234.618	64.039	62.177
357.569	234.462	65.079	62.898
362.404	235.261	63.980	63.700
366.404	235.267	66.291	64.753
372.178	236.196	67.005	64.335
383.847	232.237	67.452	68.988
390.804	232.860	69.648	69.060
395.523	229.678	74.039	71.766
402.300	227.583	74.222	72.867
407.873	226.199	76.590	72.285
420.871	221.068	77.145	73.870
422.293	220.083	81.528	72.738
426.071	217.561	82.319	73.605
429.369	214.405	83.249	74.983
432.911	216.060	82.014	71.708
436.018	213.861	81.220	71.942
438.051	216.371	80.173	68.942
438.493	215.060	79.833	70.002
436.980	214.961	79.842	69.717
434.849	215.072	80.283	70.573
427.986	216.474	79.674	72.233
424.434	219.480	79.304	70.771
419.460	221.559	79.643	70.846
414.997	222.246	77.709	72.383
410.154	222.635	76.637	73.220
398.492	228.349	75.326	70.702
393.306	229.781	74.297	69.650
386.894	232.254	74.759	67.593
382.124	233.261	72.391	66.233
376.698	234.648	71.193	64.513
366.584	235.498	68.202	62.616
362.179	234.034	66.927	62.748
358.310	233.613	63.944	61.589
355.379	230.754	62.859	63.584
352.618	229.324	62.180	63.998
348.270	228.959	62.919	63.120
346.458	227.492	63.904	63.587
355.416	229.051	53.680	66.950
347.750	229.393	58.919	61.827
376.289	226.023	53.676	62.783
369.019	231.805	44.020	60.284
372.968	232.338	41.861	60.216
356.795	231.836	56.985	64.166
359.786	231.516	59.782	65.736
364.340	231.653	60.799	67.343
374.872	232.309	54.793	68.546
379.572	231.727	56.962	70.256
386.722	231.102	58.913	69.859
393.414	229.893	62.586	70.288
399.565	228.433	65.519	71.572
410.820	222.121	68.159	74.882
412.887	223.259	72.954	72.720
416.526	220.098	74.218	73.716
419.969	219.238	75.508	73.210
420.672	217.553	79.033	73.392
426.475	218.185	76.774	71.652
426.818	219.304	78.176	70.056
427.357	219.884	78.277	69.398
428.143	221.112	76.461	68.722
426.377	221.080	77.210	70.390
421.544	222.511	76.271	72.757
418.698	224.382	74.956	72.377
415.335	226.154	74.262	72.043
410.924	226.896	74.320	72.523
406.671	228.662	73.748	71.957
395.681	233.664	72.057	68.178
389.020	232.235	72.810	68.608
382.262	235.058	73.472	65.964
377.158	234.004	71.717	66.361
372.137	234.770	69.273	64.832
361.501	233.983	66.465	62.329
356.164	232.488	66.406	62.491
351.476	229.983	64.339	63.889
347.078	228.134	64.883	64.279
344.157	226.914	64.118	64.399
339.781	222.893	65.068	65.544
338.431	223.254	63.945	63.753
351.351	222.965	62.743	70.041
337.311	220.884	64.546	64.611
337.759	221.923	64.443	63.339
341.375	222.134	65.853	64.075
344.591	222.778	66.303	63.899
348.874	224.400	65.118	63.319
354.787	224.773	64.924	63.759
358.977	225.315	67.319	64.325
373.718	228.310	66.427	63.692
377.947	228.314	70.559	63.648
382.048	228.398	76.205	64.106
391.683	226.134	74.705	66.261
400.727	224.961	74.328	67.209
414.169	223.614	77.113	66.276
417.778	220.595	80.674	68.506
424.203	220.345	80.756	66.886
429.665	218.583	80.693	67.162
432.737	217.025	82.439	67.587
439.227	215.971	82.531	67.268
440.709	216.202	81.199	66.633
443.377	216.361	79.930	65.946
444.058	218.019	80.574	64.225
444.416	217.329	80.442	65.332
441.474	218.524	80.718	65.853
438.151	217.630	81.568	67.442
434.164	218.707	81.393	68.179
429.909	220.591	80.829	66.906
426.179	222.643	78.754	67.608
415.638	225.933	77.069	67.909
411.141	227.824	77.439	67.314
404.708	228.961	76.354	67.023
399.251	230.202	74.050	65.866
392.320	231.094	74.086	65.662
379.839	233.588	72.138	63.419
373.154	231.249	70.819	65.069
366.830	230.835	70.357	65.144
361.740	229.527	68.357	65.790
356.253	228.845	67.545	65.076
351.891	226.132	66.226	66.719
345.305	225.542	61.647	65.392
340.494	223.585	65.559	66.228
338.060	222.796	63.390	66.547
336.237	223.441	63.844	65.407
337.828	224.169	59.840	64.747
355.326	226.866	42.872	61.703
347.836	225.638	46.911	63.361
334.586	224.632	47.842	63.006
340.962	224.962	60.659	65.551
344.434	227.069	65.838	65.948
349.732	228.445	65.785	65.562
354.912	229.905	66.996	64.876
363.212	231.809	66.486	63.797
366.272	231.943	73.531	64.424
372.533	232.589	76.008	63.930
387.365	231.158	79.480	67.665
393.511	229.989	81.897	68.391
402.579	225.512	82.067	73.170
410.698	225.866	82.187	72.058
416.664	225.217	85.446	71.741
433.130	222.952	83.630	70.139
436.782	220.605	87.060	71.329
441.911	218.819	86.657	71.328
445.717	217.514	86.449	71.421
450.434	217.635	84.519	70.389
454.623	215.482	84.604	70.931
455.169	216.744	85.218	69.213
456.144	216.817	85.199	69.051
455.937	217.096	84.843	68.802
455.278	217.390	83.912	69.365
448.588	216.668	84.031	73.253
443.656	221.211	84.716	69.276
439.123	222.515	83.907	69.220
433.353	223.684	83.295	69.026
427.345	223.527	83.351	70.830
414.776	225.329	79.022	69.458
407.325	226.785	79.977	66.777
400.633	225.770	78.464	67.730
393.380	225.495	77.008	67.435
386.708	225.520	75.419	66.914
377.667	223.731	68.653	66.577
369.945	220.861	69.083	66.693
364.475	218.979	69.517	67.296
360.579	216.840	68.758	68.593
355.332	215.392	69.688	68.272
353.005	213.287	65.639	68.315
351.715	212.119	64.480	68.588
356.275	214.736	53.100	70.484
351.436	213.724	60.806	65.358
346.836	214.964	50.008	64.199
356.937	213.976	59.888	67.440
357.881	214.533	63.493	68.876
360.121	216.468	66.581	67.962
363.131	219.224	67.721	66.213
367.321	220.010	68.441	66.956
379.189	220.938	68.843	67.987
385.342	222.386	73.534	67.720
391.353	223.317	76.586	67.975
398.579	223.236	77.451	67.995
405.199	223.503	79.164	67.783
418.795	221.084	81.432	69.770
425.510	216.739	82.071	74.309
431.612	214.146	83.772	75.820
439.048	214.229	82.355	73.951
442.272	211.187	84.205	75.500
452.745	209.416	83.183	74.840
454.100	209.005	85.631	73.758
455.967	210.371	85.473	72.474
457.810	209.319	84.417	72.929
458.940	210.438	84.768	71.852
458.689	212.079	84.758	71.278
457.652	212.200	84.763	72.100
455.004	214.692	85.014	71.383
450.500	214.670	85.998	74.315
445.763	216.684	86.688	73.877
434.278	222.004	86.010	72.816
428.747	223.589	85.659	73.315
421.018	226.522	86.767	73.046
412.612	229.101	86.716	71.770
403.601	231.459	87.389	70.395
387.411	232.698	82.556	70.733
376.541	233.634	83.497	70.155
367.939	233.517	80.530	70.261
357.998	232.321	79.945	70.885
348.441	230.788	75.506	71.418
332.876	226.108	71.173	73.702
325.075	223.805	70.881	75.424
318.466	221.061	69.334	76.609
312.478	218.778	68.478	76.558
307.163	216.895	67.549	77.104
307.082	216.602	59.454	73.977
311.164	217.212	51.665	73.286
312.019	218.618	48.957	71.243
310.818	219.358	51.045	70.052
310.339	219.211	50.960	69.873
309.644	218.601	52.160	72.032
308.693	218.467	55.920	72.342
308.867	218.426	61.641	73.498
308.939	218.947	67.298	74.444
312.702	221.411	69.324	73.136
326.524	222.731	72.751	73.108
334.404	222.767	76.778	73.778
341.182	222.720	80.236	73.781
348.659	223.066	84.603	72.198
355.246	222.596	88.137	71.906
373.885	216.747	91.093	75.142
381.985	215.360	90.866	74.944
389.744	212.312	92.066	75.841
395.723	209.839	94.401	76.527
402.590	207.036	94.978	76.856
412.596	202.647	92.518	77.670
416.563	203.207	92.852	75.574
418.723	202.636	94.102	75.080
420.912	203.280	93.221	73.530
421.996	203.210	92.597	72.932
422.587	203.862	92.720	71.608
423.090	204.112	91.676	72.249
421.812	203.987	90.935	73.422
419.803	205.951	91.329	73.537
415.942	206.897	92.082	73.270
406.766	209.082	92.041	75.387
402.206	212.975	90.704	73.842
396.062	213.807	90.522	75.043
390.639	215.483	89.301	74.500
382.500	217.951	88.696	74.261
369.184	221.176	86.010	73.329
360.697	223.356	87.663	71.298
352.900	222.945	86.587	71.731
345.985	222.829	86.689	71.570
340.083	222.174	85.397	71.935
357.741	222.710	75.740	71.676
347.502	219.513	69.804	73.836
343.691	218.440	59.314	71.453
339.469	216.789	55.100	70.574
319.592	213.462	59.103	72.059
316.904	210.389	47.820	71.321
313.826	208.884	45.289	71.329
311.125	207.653	43.434	70.302
308.673	206.646	42.346	69.770
305.887	206.233	42.493	68.792
303.492	203.508	41.846	70.044
304.557	204.509	41.512	69.031
304.918	203.868	40.322	70.602
306.868	205.781	39.946	70.045
308.592	207.194	41.184	71.194
316.095	210.352	41.701	71.022
311.993	197.559	48.674	81.703
291.866	210.492	46.043	69.000
329.381	217.082	48.676	69.626
342.354	220.378	47.434	69.094
347.657	221.318	50.393	71.055
367.083	224.635	68.624	73.503
341.140	223.212	86.075	71.146
349.013	224.434	92.669	70.957
358.520	223.166	94.647	72.971
379.058	217.047	98.590	76.947
389.685	216.837	98.797	76.306
398.935	212.396	96.073	78.942
408.655	209.061	102.143	79.228
417.977	202.426	100.943	82.845
435.245	193.260	102.152	84.150
439.544	196.629	102.316	78.215
445.663	191.590	100.174	79.342
449.602	191.089	100.562	76.332
453.580	187.156	99.535	78.305
460.381	185.807	100.433	76.317
460.275	185.799	101.500	75.732
461.424	186.667	100.717	76.505
461.670	187.328	100.141	77.922
459.686	191.695	99.879	76.889
453.420	196.547	91.504	82.021
447.398	202.052	101.934	79.771
441.583	205.506	100.645	81.132
433.842	210.552	101.577	80.264
423.952	213.086	105.487	82.952
415.168	217.164	105.469	83.325
392.773	224.855	101.950	81.118
380.528	228.787	100.343	78.531
368.360	231.182	99.435	77.400
356.207	233.633	97.641	73.946
360.941	224.384	93.847	83.759
324.805	227.500	86.803	75.437
309.909	222.710	85.252	78.413
302.150	219.769	78.684	77.498
293.369	213.559	72.213	80.101
275.002	204.835	73.997	79.585
266.966	199.639	75.913	80.275
259.953	194.205	77.020	81.808
254.852	190.320	76.564	82.813
250.434	187.570	75.913	82.351
246.951	186.536	76.354	81.256
242.966	187.261	75.802	79.374
242.022	187.925	75.920	79.426
241.485	190.093	75.226	79.846
241.713	192.902	76.100	79.788
247.025	196.556	72.579	79.825
254.779	199.891	68.632	81.143
270.333	203.084	51.139	85.794
392.595	219.855	47.311	91.178
407.547	218.497	58.585	74.059
396.375	202.420	64.680	85.356
400.339	204.274	69.543	89.853
400.688	200.973	73.728	90.488
406.644	219.016	67.702	74.161
370.430	222.701	72.034	85.679
371.658	218.129	74.027	76.748
397.505	222.292	65.171	70.751
400.677	220.741	62.647	72.525
406.181	220.511	57.014	73.162
366.184	224.127	65.333	88.486
353.372	213.401	72.092	94.484
373.547	217.821	80.037	77.269
396.908	219.022	62.655	75.645
401.239	219.381	55.370	75.145
378.095	215.989	68.324	77.677
396.601	216.689	53.459	75.729
393.640	216.615	57.568	76.065
390.873	221.722	64.362	89.919
391.586	208.180	65.890	85.479
391.605	216.606	68.346	77.215
386.825	217.747	53.804	84.880
388.333	216.250	52.361	75.345
387.162	205.998	56.850	85.546
387.640	217.427	60.594	86.422
383.064	205.686	57.179	87.397
391.286	217.608	48.125	75.243
394.838	218.505	63.875	80.632
383.524	214.665	68.669	80.490
384.324	219.730	58.209	75.370
390.868	219.082	65.581	80.852
379.220	213.057	69.010	81.957
386.585	220.770	46.023	75.208
389.856	222.223	51.412	73.900
384.392	221.241	48.808	75.344
386.377	221.685	55.811	73.922
385.206	221.511	48.408	74.907
385.188	221.688	51.901	73.306
385.125	221.751	50.003	73.860
384.366	221.594	51.706	73.577
384.225	221.550	50.281	73.486
383.783	221.492	51.317	73.748
383.914	221.600	50.528	73.151
383.560	221.293	49.728	74.091
383.807	221.241	50.329	73.860
383.928	221.494	48.207	73.642
383.803	221.539	47.481	73.419
383.069	221.590	47.515	73.171
381.828	221.416	48.397	73.098
380.716	221.013	48.807	73.519
378.952	221.384	49.153	72.940
379.534	220.889	50.033	72.975
379.945	219.854	48.179	73.425
379.252	219.912	47.796	73.409
378.604	220.139	48.560	73.132
379.102	220.013	50.601	73.343
378.957	219.745	48.744	74.000
377.573	220.688	50.783	73.430
377.897	220.894	50.307	73.743
378.066	221.142	50.636	73.819
374.656	222.656	49.623	72.687
373.788	222.390	54.509	73.087
373.824	222.719	50.839	74.240
373.192	223.832	50.287	73.104
371.004	225.113	50.353	73.269
369.267	228.475	46.811	73.187
367.047	229.428	48.192	73.629
364.765	231.279	46.953	72.539
360.830	232.507	48.700	73.832
347.043	236.171	60.694	86.659
356.993	231.752	63.262	82.421
358.127	238.952	55.533	70.690
323.147	238.047	48.018	70.797
356.443	232.806	53.255	79.225
347.509	244.626	51.346	82.567
353.326	242.243	49.779	71.918
322.607	244.888	45.739	70.518
323.815	244.075	57.760	72.278
354.265	247.086	46.990	69.642
355.556	245.387	58.784	73.612
358.097	251.130	42.904	67.321
344.825	237.126	53.106	80.646
357.040	252.646	52.493	69.916
352.306	241.901	50.331	80.126
357.713	255.559	44.512	70.717
330.427	254.969	55.515	71.247
317.180	252.208	59.636	75.552
365.212	257.767	52.291	68.320
363.298	265.902	53.443	79.117
336.074	259.333	43.545	68.952
339.349	258.569	51.117	70.952
342.952	260.008	55.298	68.886
376.384	262.221	43.975	66.532
378.006	260.266	57.972	69.137
375.110	262.329	51.028	65.794
366.111	258.007	58.505	72.558
389.440	261.108	43.251	66.326
389.097	261.940	47.787	65.051
376.895	264.867	60.473	77.586
363.604	257.335	64.180	69.668
393.014	259.665	48.224	66.431
398.430	259.227	48.450	65.506
369.344	256.323	63.029	69.516
359.060	254.769	61.890	68.253
373.860	254.049	53.220	68.610
399.684	256.611	51.370	65.080
396.719	236.761	55.304	81.090
395.358	251.221	60.864	70.477
414.944	250.921	45.405	67.771
393.213	249.249	65.753	68.351
386.145	246.151	65.272	70.512
417.193	243.028	51.386	67.900
389.871	243.346	60.865	66.671
423.821	240.560	45.403	74.442
410.191	238.705	61.951	68.074
418.811	224.706	62.473	81.816
426.769	230.493	63.846	73.979
427.863	231.193	50.921	68.523
431.828	230.886	49.649	66.851
432.001	229.600	51.786	66.027
433.760	228.821	50.742	65.518
432.162	228.790	55.278	64.327
433.145	228.205	55.602	64.908
433.353	228.462	54.910	64.626
403.285	229.136	47.773	66.496
400.371	211.561	55.303	83.376
428.461	228.359	60.167	66.506
432.652	230.373	53.946	64.937
430.343	228.903	56.355	65.609
396.628	232.630	52.816	79.474
407.134	229.678	72.125	67.441
401.640	208.186	68.572	85.051
405.558	226.167	66.363	70.562
406.015	210.028	61.563	81.625
380.583	227.330	65.453	68.371
376.410	225.613	63.560	71.517
371.519	199.000	65.752	85.922
390.969	210.491	63.546	79.568
384.662	211.581	70.822	74.753
378.347	199.681	60.452	85.413
353.981	219.602	58.801	70.736
379.021	223.749	52.108	66.658
373.929	225.093	50.104	64.579
352.596	221.457	58.930	66.894
351.861	220.115	57.956	69.273
365.707	222.986	59.406	68.512
348.072	221.675	59.176	68.059
350.705	223.596	55.615	66.842
354.741	225.197	52.951	65.966
349.538	225.645	60.709	65.868
346.664	227.839	63.318	68.850
382.434	231.353	43.973	62.633
389.081	231.668	42.557	62.911
393.881	233.077	46.975	62.344
399.684	233.530	49.319	63.409
404.711	234.898	52.574	62.807
371.428	231.724	46.644	62.996
376.801	231.474	48.383	63.519
381.390	230.169	48.081	64.705
385.042	230.035	51.686	63.736
388.024	229.047	52.622	63.979
394.271	229.342	55.663	62.784
450.689	237.863	59.220	58.087
403.541	230.247	78.562	63.785
399.051	231.933	55.786	61.254
399.262	234.226	55.469	59.385
448.422	239.270	58.020	59.233
451.068	241.968	55.502	57.822
447.929	241.865	55.835	58.972
443.972	243.617	53.409	58.235
442.979	243.914	48.845	58.192
437.803	244.764	44.290	58.137
433.089	247.175	41.979	70.898
434.399	245.403	35.706	59.468
433.521	245.327	34.705	59.624
431.426	245.359	37.048	59.403
430.274	245.445	38.281	59.305
431.270	244.911	38.088	59.618
433.709	244.997	37.528	59.693
437.753	245.440	36.852	59.486
442.047	245.843	36.530	58.973
452.205	248.103	38.981	57.976
455.484	248.567	41.609	57.720
458.875	249.952	46.643	57.123
462.818	251.315	49.760	56.014
466.121	251.823	52.906	55.783
471.077	254.832	57.411	51.831
471.471	255.377	60.553	51.211
472.982	255.548	60.464	50.843
473.148	255.603	60.750	50.756
472.651	255.358	60.946	50.869
469.104	254.226	58.799	51.044
465.411	252.612	57.754	53.215
461.785	251.398	55.333	54.913
457.893	250.446	52.854	56.141
453.851	249.870	48.393	56.392
447.955	247.462	41.740	57.881
443.477	246.276	37.420	57.936
438.323	244.710	35.934	58.134
433.625	242.865	36.531	58.066
431.120	240.364	39.175	59.379
388.075	228.620	52.527	62.159
388.392	225.330	48.848	63.672
434.687	238.737	33.862	60.932
390.772	228.782	55.043	60.465
438.436	239.176	35.628	59.140
433.777	231.401	50.952	68.188
446.816	243.107	41.642	56.709
450.959	244.941	43.731	55.685
454.600	245.148	46.474	57.174
459.431	247.207	46.541	55.387
467.111	250.329	47.194	55.120
469.907	251.233	46.930	55.492
472.961	252.531	47.367	55.545
476.432	253.848	48.088	54.976
478.976	254.548	48.729	54.972
480.750	257.034	51.424	53.580
480.101	257.588	53.076	54.321
480.556	257.892	53.357	54.636
479.674	259.508	53.881	54.320
478.217	260.099	54.719	55.150
474.937	263.052	54.849	55.098
472.300	264.661	54.611	54.923
468.936	265.978	54.448	55.682
465.602	266.416	53.145	56.640
461.363	266.507	51.478	57.948
454.725	268.104	46.106	57.113
450.621	268.015	44.290	58.383
446.886	268.738	40.863	58.219
442.242	269.678	38.684	57.988
439.126	270.010	36.192	58.438
433.570	271.743	35.502	58.425
430.071	271.952	37.789	58.075
427.432	272.503	40.668	58.923
429.123	274.725	39.085	57.863
429.187	275.501	39.302	58.066
435.595	278.878	36.420	57.078
438.200	280.982	34.819	58.504
442.380	279.918	35.544	57.909
447.338	282.297	36.526	56.171
453.148	283.789	37.199	55.848
463.311	283.718	41.283	56.794
466.851	284.242	44.304	55.802
471.067	283.413	46.560	56.776
475.388	282.340	48.369	56.346
479.885	282.381	49.722	55.444
483.228	281.261	51.379	55.224
489.335	279.140	52.110	54.597
492.097	278.450	51.433	54.277
494.116	277.171	50.723	54.553
494.569	276.125	51.537	54.875
496.020	275.513	50.433	54.632
494.664	274.832	51.514	54.739
496.014	274.699	49.139	54.720
495.883	275.083	47.973	54.253
495.197	275.961	46.560	54.417
494.514	276.583	44.042	54.433
490.563	278.063	42.157	54.927
489.273	278.210	40.233	55.114
487.403	278.996	38.728	54.735
485.502	279.428	37.376	54.512
483.227	279.676	36.607	54.696
479.147	279.980	34.709	54.892
477.786	280.490	33.346	54.189
476.593	280.789	32.280	53.732
474.953	280.661	31.961	54.049
473.729	280.686	31.364	53.949
471.394	279.842	31.166	53.810
469.951	280.097	32.530	53.596
468.193	278.833	32.884	53.945
466.562	275.910	34.058	55.462
465.131	271.804	34.877	57.295
462.730	261.870	36.465	58.623
461.330	255.159	36.652	58.946
459.393	246.730	37.748	60.522
458.083	237.568	37.330	61.134
456.366	227.462	36.658	62.809
452.627	208.573	36.705	62.573
450.635	199.211	36.369	61.495
449.589	189.906	34.643	60.585
447.563	182.363	33.520	58.752
446.035	174.433	33.873	59.457
443.899	165.884	32.541	57.799
443.712	163.170	32.254	56.466
442.879	162.479	32.602	55.228
442.488	161.640	32.490	55.684
440.853	161.459	34.622	58.204
439.538	167.128	33.618	59.063
439.093	174.341	34.777	58.774
438.452	181.604	34.623	59.576
439.977	188.014	34.573	60.442
439.845	194.544	33.995	62.027
442.515	210.173	32.989	60.551
443.923	218.497	33.242	60.043
443.918	226.078	34.450	59.688
445.223	232.601	35.231	60.410
445.777	237.644	36.709	61.229
448.065	248.016	37.385	58.473
448.541	249.729	38.031	59.083
448.680	251.474	38.773	57.727
449.086	252.118	38.865	57.190
448.299	250.871	39.104	56.723
445.622	243.969	40.302	58.702
444.648	240.211	39.773	59.582
443.049	236.388	38.636	59.067
441.754	230.847	38.105	61.365
440.223	226.897	36.468	62.389
436.204	221.515	35.527	59.223
432.981	218.323	36.291	59.278
430.514	214.760	36.143	59.608
426.777	212.395	36.107	59.718
423.897	211.468	37.206	58.340
418.431	207.583	37.854	58.854
417.528	206.278	36.895	58.304
415.078	206.109	37.660	57.960
412.919	205.213	37.642	58.439
409.803	205.013	38.682	58.823
407.709	205.202	38.210	60.220
404.383	205.862	40.189	59.808
402.857	206.242	40.091	59.852
400.106	206.401	40.943	60.543
398.115	206.633	40.948	59.792
397.438	206.457	38.792	59.603
395.684	207.204	38.529	57.983
396.257	206.530	40.413	58.578
394.575	206.391	42.686	57.969
363.113	206.610	45.340	57.092
390.395	200.802	53.307	64.922
382.289	192.467	49.781	70.914
385.504	205.332	47.406	58.731
384.297	192.901	50.800	71.528
384.005	203.836	53.062	70.264
384.268	203.600	53.986	66.654
381.023	205.496	57.668	58.757
379.675	203.205	55.264	64.365
378.618	203.011	52.883	59.440
375.960	193.342	52.246	68.644
377.106	199.830	46.423	60.943
383.478	197.881	52.630	61.963
378.529	198.636	52.191	61.671
385.200	195.958	54.106	63.679
379.532	196.921	51.844	61.726
384.296	195.648	54.336	65.990
370.935	193.964	52.192	62.612
365.436	193.533	50.989	62.873
381.564	194.185	53.523	64.061
383.065	196.712	55.385	61.121
386.427	195.999	57.468	62.501
387.242	201.591	60.825	76.685
393.040	196.606	59.716	64.351
396.567	199.032	60.198	61.790
398.580	200.703	63.550	61.386
399.744	202.046	62.411	63.579
402.361	202.622	67.795	64.306
419.552	203.134	56.869	63.830
430.863	204.199	46.918	61.896
433.703	205.091	49.428	62.109
433.289	210.040	49.571	60.020
432.702	210.932	49.819	59.191
433.090	212.365	47.762	60.200
431.302	211.029	47.668	61.600
430.478	210.652	45.659	62.781
428.030	209.518	43.004	63.842
426.677	207.953	39.897	63.893
425.088	207.730	39.119	63.927
423.292	205.391	39.414	65.012
419.773	203.809	39.265	64.937
415.651	201.868	38.465	65.381
408.911	199.798	45.337	65.302
394.965	196.864	52.849	67.951
404.619	196.850	48.852	65.199
394.045	193.285	48.351	67.601
371.817	191.103	41.829	64.477
370.161	189.200	41.937	64.137
360.215	187.091	47.763	65.822
372.771	186.941	54.418	65.459
377.842	185.113	49.649	68.048
383.022	186.298	46.622	65.432
398.663	185.845	50.026	63.768
389.880	184.199	42.917	65.350
398.492	184.092	51.509	65.843
393.397	182.445	44.756	66.457
403.736	184.083	55.584	65.260
396.211	180.582	53.039	68.761
379.866	181.370	56.565	66.051
374.918	180.100	61.970	67.919
384.022	181.991	63.366	67.502
390.834	182.637	70.338	68.847
397.900	183.294	74.400	69.497
411.064	193.159	67.786	86.913
428.774	186.434	62.360	68.069
438.839	187.369	61.892	66.735
446.125	186.681	59.512	67.809
453.589	188.559	62.510	65.890
456.089	189.521	64.789	65.407
459.284	189.589	66.812	65.903
461.838	191.394	65.798	65.448
463.294	193.879	63.587	67.398
463.435	195.963	68.688	67.332
459.433	197.985	73.252	69.760
453.904	201.721	74.688	68.988
448.256	205.192	71.876	69.305
438.408	208.385	71.597	70.037
428.531	210.556	77.022	69.266
416.623	213.267	76.965	68.553
404.448	214.771	76.115	68.241
391.285	215.259	71.338	69.726
370.751	215.709	70.945	69.633
351.992	212.551	76.784	73.795
341.183	208.097	74.099	76.052
331.770	203.489	71.809	78.684
324.764	200.715	86.444	83.484
326.757	192.902	80.806	80.381
303.258	188.590	80.407	83.414
299.221	181.701	79.972	81.125
278.609	176.531	77.460	80.653
275.049	172.092	73.530	80.907
273.426	169.555	67.524	77.746
276.433	167.370	63.182	76.816
280.129	168.570	57.050	74.189
293.856	169.453	62.424	71.153
288.180	170.808	67.274	69.092
283.764	170.139	65.936	76.687
273.765	162.947	56.388	76.293
287.180	168.082	63.035	73.285
282.186	165.154	56.505	73.670
294.279	168.012	53.666	71.038
293.165	167.177	51.116	72.283
294.437	167.861	53.467	71.267
308.941	169.211	58.213	70.080
298.650	165.632	54.244	72.049
305.262	166.720	50.656	71.273
306.712	165.426	52.950	72.847
312.302	166.593	51.971	71.855
315.563	166.113	51.719	72.352
314.659	166.396	56.728	72.710
314.538	166.034	58.415	74.827
322.931	169.240	67.340	74.782
313.796	175.209	59.338	78.350
331.704	185.036	63.490	74.847
330.446	191.735	65.742	76.347
328.505	194.804	65.730	84.243
322.728	195.471	61.201	75.847
328.322	197.476	61.020	76.233
328.355	196.092	63.807	77.857
332.219	195.803	64.533	79.555
338.104	196.440	62.591	81.430
345.149	199.102	58.678	80.482
339.905	203.381	64.428	75.730
348.154	203.789	56.271	74.090
369.733	201.659	48.099	78.227
372.671	200.353	47.893	77.263
376.374	197.494	49.599	82.133
384.475	197.256	48.814	79.260
389.972	197.360	48.199	77.480
395.129	196.979	48.422	77.065
401.028	196.448	46.961	77.518
407.818	196.951	43.698	77.585
414.087	195.486	43.983	79.318
417.958	199.238	45.442	77.083
420.672	199.762	46.554	77.542
423.392	200.184	46.737	75.669
423.279	198.023	45.899	77.089
423.053	196.699	47.836	76.162
422.384	195.574	47.131	76.134
433.575	191.924	53.521	76.688
437.113	192.745	49.544	72.665
437.329	191.230	52.739	75.389
426.549	170.256	53.119	88.434
434.049	190.855	56.671	77.843
429.576	196.308	48.629	70.941
435.877	195.014	50.624	72.947
432.563	190.246	47.193	77.238
419.232	198.374	51.962	75.448
417.102	199.515	46.157	76.137
427.445	198.712	50.337	74.036
422.520	196.028	54.293	73.919
417.858	198.865	48.289	73.176
415.858	195.527	48.111	75.406
425.226	197.148	55.526	74.446
423.264	197.045	55.394	74.981
416.336	198.009	47.644	75.386
415.141	196.907	50.777	75.239
414.823	198.600	45.784	73.861
414.628	197.494	45.453	75.519
413.192	199.012	46.530	76.638
412.188	201.686	46.444	79.979
409.382	206.233	47.499	84.559
406.656	224.229	47.564	89.010
405.775	238.305	47.633	91.271
402.974	251.570	49.049	89.936
400.710	263.176	48.839	86.362
397.132	270.501	49.889	85.534
390.845	281.344	51.373	80.148
388.402	281.241	52.575	78.923
384.840	274.841	54.395	83.422
385.790	264.631	52.281	88.814
375.578	251.611	58.225	91.293
364.941	228.989	62.790	89.300
365.989	217.752	61.706	89.670
366.960	212.743	56.385	85.974
367.812	215.528	53.965	75.847
373.338	215.322	46.444	76.133
368.485	221.849	57.593	74.603
370.013	220.656	57.549	77.985
356.698	220.217	51.293	73.825
359.536	222.521	50.239	84.893
357.721	219.617	58.601	74.522
354.091	218.314	44.645	75.066
352.162	215.486	55.372	78.913
346.140	224.272	52.131	86.080
350.369	220.152	44.212	73.321
351.191	222.108	42.833	73.119
347.125	222.145	44.650	71.795
345.294	222.625	45.107	71.113
340.060	225.380	52.306	82.109
338.964	220.718	54.757	76.608
324.686	207.748	53.054	82.606
328.264	219.977	54.164	70.907
329.132	204.591	52.580	87.040
335.488	220.382	46.080	71.116
334.998	210.089	52.544	82.693
333.966	219.072	59.955	75.589
336.612	222.638	59.911	72.298
328.483	219.168	51.107	72.881
339.168	220.790	42.727	70.723
339.412	220.187	46.607	71.968
333.228	217.032	55.040	73.484
346.711	219.583	43.270	70.932
350.564	218.842	44.011	72.235
352.936	218.662	46.778	71.962
353.604	220.583	52.311	83.509
353.123	207.497	58.976	79.616
367.467	215.025	65.074	73.846
370.595	217.537	59.644	70.731
374.160	215.932	53.123	72.106
379.787	216.872	49.629	70.938
381.486	223.466	53.272	80.587
385.298	216.194	52.886	69.545
392.370	215.661	51.488	70.487
398.293	215.853	50.392	70.769
407.553	215.816	45.826	69.797
416.774	216.532	40.581	68.714
425.287	216.297	40.766	68.250
427.302	214.374	44.732	68.585
420.142	212.059	55.205	71.039
394.149	205.548	51.907	74.040
388.586	206.453	53.785	72.556
446.549	210.767	47.685	71.171
453.992	212.184	44.540	68.418
459.451	211.162	44.153	68.868
462.172	211.825	47.154	68.005
447.403	212.372	54.292	67.337
441.620	215.798	50.364	76.558
444.192	224.742	30.705	75.690
451.229	230.832	45.933	72.394
485.711	236.791	50.886	67.493
470.430	233.301	63.928	75.231
463.438	220.325	62.808	75.792
462.187	212.738	65.584	77.063
464.999	207.388	64.889	77.063
466.209	201.982	62.053	76.846
494.884	201.990	58.204	70.135
499.684	202.477	54.590	67.336
471.462	200.030	59.145	73.684
487.214	202.413	63.196	69.188
488.577	203.614	60.804	67.624
481.994	205.063	59.808	71.655
466.899	210.375	64.166	69.273
467.675	210.772	65.201	73.107
451.392	212.636	81.080	74.870
441.281	215.501	77.571	75.425
421.263	218.925	69.441	74.914
400.689	220.565	67.199	74.120
382.233	216.346	66.845	79.479
374.534	217.095	65.146	77.907
355.758	216.652	65.141	76.621
348.099	213.763	72.954	81.620
326.560	214.226	59.897	78.045
332.180	219.922	62.969	77.599
323.629	227.553	62.257	75.959
317.679	230.974	59.887	72.661
312.683	228.617	58.350	74.646
293.693	214.388	55.070	81.419
290.734	203.647	58.977	83.737
306.429	199.074	63.351	82.993
294.484	194.637	58.642	82.483
319.249	197.554	59.067	77.154
314.122	197.196	73.384	83.247
316.673	196.476	80.114	87.084
331.908	200.880	77.281	85.908
337.600	205.923	66.293	80.577
347.719	203.496	60.079	81.651
372.335	206.224	59.392	77.115
396.899	205.813	68.659	78.389
436.683	209.177	73.913	73.914
438.553	208.417	70.072	83.492
455.678	203.393	71.134	76.073
473.327	201.027	68.479	74.751
478.458	197.363	71.775	73.388
468.965	193.135	82.919	75.559
473.559	190.803	90.335	77.147
474.717	192.702	89.521	74.935
477.140	190.721	88.546	76.301
472.514	191.783	92.720	74.673
467.022	193.367	94.914	74.931
459.492	196.799	85.740	75.079
451.455	200.358	79.753	75.089
445.468	201.695	81.106	75.894
440.962	206.080	76.156	73.512
404.586	210.355	72.890	74.888
430.471	211.263	75.158	78.242
404.824	218.388	86.554	79.759
384.996	214.761	81.333	78.381
359.638	216.462	81.103	78.868
333.939	213.450	66.991	78.962
329.795	212.068	75.815	81.294
308.199	212.726	77.176	85.995
285.487	206.871	68.948	81.464
276.866	202.004	71.482	80.481
261.961	198.661	79.160	83.901
250.664	194.470	62.346	86.188
248.912	197.135	61.783	82.968
248.254	197.371	59.388	81.493
249.072	200.690	56.391	79.004
263.834	203.815	60.684	74.778
257.722	203.124	54.129	77.508
272.617	203.558	65.145	77.860
268.773	200.365	55.445	81.549
274.925	202.483	61.403	81.270
281.658	199.824	64.546	84.767
293.899	201.117	64.084	85.324
303.088	203.826	67.016	82.744
312.481	204.062	69.182	81.892
338.595	203.458	57.384	81.227
349.087	203.075	58.340	81.155
354.727	201.996	60.369	82.611
371.690	203.005	68.009	81.805
345.614	196.985	63.680	92.559
359.132	196.772	54.033	80.685
360.107	195.792	52.771	78.177
361.855	194.120	49.529	80.406
357.633	193.433	47.695	79.295
354.942	193.330	46.322	78.410
352.127	191.914	43.369	78.241
349.862	192.345	45.308	77.321
348.046	191.479	44.487	77.795
346.641	192.053	44.147	76.744
345.512	191.784	44.836	76.622
344.874	191.892	45.359	76.537
345.394	191.455	45.202	76.921
348.246	191.201	45.232	77.454
351.322	191.887	45.202	77.604
354.934	193.094	45.048	77.173
360.743	195.678	45.003	76.958
365.177	196.887	45.590	77.101
427.390	214.536	68.567	77.216
413.319	217.097	58.317	77.830
366.825	200.623	57.569	82.313
371.004	203.239	59.617	88.415
364.078	204.183	59.610	90.770
354.575	205.856	62.433	88.317
343.142	207.020	67.721	86.188
335.252	208.532	69.634	81.815
327.611	207.137	61.418	80.166
315.964	205.306	58.793	80.503
311.186	203.326	70.610	80.971
310.492	200.005	72.217	81.464
295.444	197.409	61.524	81.416
285.159	193.205	62.357	81.051
284.261	192.891	60.758	79.728
281.626	191.549	60.929	78.912
285.829	192.891	56.288	77.524
286.299	191.107	57.412	78.567
291.566	192.520	60.491	77.411
293.192	191.845	66.959	79.394
301.464	193.621	66.572	81.365
311.186	195.119	69.435	82.571
318.580	195.103	73.820	82.826
338.585	201.389	74.887	79.370
367.446	204.599	81.337	86.841
367.726	204.526	84.339	80.050
377.827	207.158	86.624	75.571
403.445	207.611	79.605	74.509
430.441	205.295	88.565	73.583
445.782	201.650	83.235	75.530
453.964	199.094	86.028	75.237
461.196	197.972	89.670	73.725
477.420	194.719	83.638	74.660
473.832	193.551	89.152	73.126
476.356	192.761	86.374	73.435
480.038	192.598	88.321	73.148
490.332	192.650	83.326	74.305
486.034	193.069	82.319	76.362
478.891	197.234	83.733	76.380
465.192	203.041	80.791	84.617
467.075	203.181	76.448	77.870
460.244	207.136	72.894	77.924
440.129	212.341	78.036	76.511
428.600	217.066	68.720	83.374
414.641	216.111	69.449	79.694
367.974	218.798	64.542	75.612
385.197	216.509	63.288	83.143
375.278	218.364	57.689	80.133
332.977	213.540	65.087	81.801
347.732	214.369	68.746	79.891
305.515	206.420	67.021	85.018
285.752	203.886	74.631	83.073
300.829	202.828	68.312	86.696
286.971	202.722	69.450	85.224
305.931	207.422	59.479	83.080
302.912	205.375	61.032	81.172
314.624	207.888	66.418	80.602
305.918	208.135	54.540	83.432
320.404	211.369	63.071	83.275
314.392	206.332	69.815	89.527
302.794	205.994	72.843	90.173
316.905	208.664	64.325	95.118
331.671	209.963	57.200	97.693
341.459	214.051	56.910	95.197
378.866	207.832	52.984	85.652
388.498	215.075	67.127	95.121
403.895	209.288	64.306	84.000
420.801	204.493	65.084	81.880
440.341	199.295	72.556	81.209
448.174	196.295	75.536	79.261
457.306	194.479	75.019	76.209
463.338	191.260	75.827	75.365
466.704	189.939	77.160	73.927
471.182	186.848	75.058	72.524
470.460	186.837	76.314	71.657
470.338	186.814	73.542	71.868
467.178	187.658	71.828	72.755
463.054	190.343	69.657	73.498
453.575	194.480	67.237	75.266
444.756	196.507	65.181	76.800
437.436	199.933	59.159	76.408
428.110	201.429	52.781	77.981
417.728	203.976	46.157	78.071
397.362	206.262	50.820	78.942
382.878	188.366	60.481	90.776
383.071	209.459	55.009	83.861
361.226	206.892	47.978	97.693
356.970	205.499	54.416	97.591
359.741	213.731	51.594	89.040
350.517	197.301	55.180	93.784
359.838	219.266	48.463	80.983
344.291	212.194	55.022	84.597
355.926	214.325	45.021	84.339
353.376	208.372	59.453	81.859
343.772	203.294	49.889	84.052
339.756	197.103	60.826	91.890
336.717	201.857	50.659	82.376
338.253	201.258	50.683	81.329
338.852	201.510	54.059	82.469
336.540	198.404	60.626	83.514
309.271	194.292	65.798	84.346
334.149	198.919	74.397	82.621
343.665	198.991	73.456	81.737
354.527	198.050	74.787	80.744
365.943	197.811	77.011	80.401
378.318	196.526	74.456	80.766
363.450	194.806	73.465	81.903
360.744	192.502	74.906	81.834
372.548	193.974	70.903	78.545
412.575	192.663	65.581	78.258
446.793	192.879	67.369	73.852
452.884	191.159	75.462	78.157
459.070	189.571	62.303	78.754
457.322	193.117	63.285	75.764
452.916	195.483	64.693	75.751
435.422	197.928	72.965	77.483
426.526	198.158	78.238	81.058
427.332	200.363	87.677	87.650
389.128	208.157	81.035	78.331
384.396	211.115	74.387	88.888
348.224	211.682	67.782	81.245
335.853	210.706	69.885	82.263
318.795	208.708	72.294	85.618
296.967	205.675	81.595	87.535
275.530	202.997	76.533	86.324
274.169	198.009	79.326	89.964
266.075	194.182	81.672	90.348
258.198	188.781	82.891	90.338
252.907	186.065	83.594	90.107
254.138	184.202	77.327	87.235
260.478	184.163	68.871	86.196
256.812	183.125	73.516	86.114
257.720	185.092	77.152	86.940
261.619	184.026	81.152	87.835
273.647	191.787	81.232	87.755
284.089	195.149	80.724	86.362
296.122	199.579	78.369	87.505
310.005	204.195	75.392	87.403
325.872	207.003	70.927	88.922
358.072	208.028	56.359	93.375
368.824	210.232	62.807	93.520
371.767	208.913	73.092	92.424
401.398	199.123	70.535	103.640
426.551	214.427	67.852	82.023
450.267	206.032	73.591	83.855
458.172	202.181	77.712	82.585
465.541	197.951	80.844	81.937
472.852	194.274	82.384	78.895
479.226	190.844	82.601	78.106
484.311	186.742	82.476	76.207
484.791	187.189	83.737	74.141
485.006	186.332	83.612	75.390
482.438	188.100	81.715	76.305
476.267	189.472	84.504	78.512
468.300	196.007	77.850	82.640
459.346	200.357	77.495	83.332
450.727	204.339	77.173	84.945
440.033	207.450	76.674	86.120
427.280	212.504	72.792	86.343
409.695	214.176	72.678	92.292
388.694	198.843	76.839	114.382
386.466	196.745	64.381	103.902
331.145	199.894	80.972	107.985
410.533	196.911	54.983	88.033
425.871	199.410	55.657	88.373
432.548	201.801	54.975	87.622
438.371	203.893	56.656	85.075
447.225	204.902	54.418	84.443
452.929	205.978	53.570	84.776
459.064	207.386	52.372	83.361
459.743	208.432	53.195	83.319
459.282	208.618	54.666	84.448
459.444	208.929	54.594	85.482
455.098	211.311	56.348	83.281
445.605	212.558	55.580	84.800
439.040	211.791	56.292	87.080
432.629	211.034	54.551	87.520
427.043	207.859	55.347	90.687
420.983	208.797	52.997	88.901
411.419	205.752	54.062	87.112
408.951	205.427	57.171	85.395
417.733	204.388	57.786	86.847
422.644	200.608	54.888	87.668
395.341	192.287	57.233	93.041
427.776	182.986	51.925	100.066
434.616	176.782	54.205	99.824
441.997	172.117	59.204	99.237
446.204	174.859	64.532	94.661
450.834	172.839	69.255	93.776
456.064	174.997	69.964	92.009
465.970	175.250	71.603	88.887
479.216	176.824	68.129	80.765
483.157	177.666	67.038	78.061
479.397	176.334	71.876	76.249
473.819	181.185	72.531	74.551
436.182	189.413	56.836	95.626
414.423	192.037	67.029	89.192
408.154	191.182	67.459	95.101
390.858	181.994	70.355	102.245
390.180	191.816	74.687	102.206
381.032	193.114	73.117	105.716
369.489	195.946	68.004	105.595
356.212	201.448	63.246	100.568
326.747	202.364	73.772	101.765
341.020	219.159	67.841	89.976
339.476	220.212	71.252	88.330
341.064	221.697	73.283	89.926
348.200	222.592	71.366	89.762
355.618	225.446	70.732	90.695
374.379	230.714	64.578	90.348
387.647	234.479	58.594	89.813
399.369	238.099	55.157	89.640
411.384	243.094	54.924	88.685
420.296	247.731	59.354	88.410
437.238	255.987	61.973	86.076
435.609	257.081	67.902	88.347
440.436	261.405	66.895	87.444
438.664	263.312	68.838	88.265
438.765	266.528	67.500	87.915
433.389	273.093	67.932	86.623
435.518	275.585	61.807	86.471
426.728	275.777	64.576	88.449
413.954	277.274	65.602	87.924
403.878	278.111	66.415	88.118
385.743	275.045	65.556	88.135
380.153	274.576	61.266	89.630
358.211	270.286	72.147	95.197
361.175	266.121	79.101	95.045
386.179	266.053	67.483	91.547
391.737	266.502	76.336	84.274
393.101	265.611	79.559	82.772
394.116	263.861	80.432	83.329
398.065	263.399	76.621	83.312
390.010	266.511	84.101	82.511
387.152	269.888	78.745	88.500
388.078	269.627	74.455	95.271
380.447	265.699	74.336	103.584
368.068	264.042	80.905	112.647
363.766	262.338	78.615	117.244
384.523	273.401	59.437	95.479
400.044	277.012	58.975	93.114
416.432	282.484	59.778	88.921
433.784	284.798	61.488	91.273
448.951	287.984	63.616	89.276
464.938	291.998	75.272	86.786
474.773	293.098	82.318	85.575
484.154	295.177	86.159	83.044
488.156	296.697	93.397	80.776
494.888	296.892	95.069	79.019
500.215	297.767	97.970	76.450
501.303	297.779	97.901	75.853
501.874	297.833	96.980	75.873
500.481	299.220	96.487	74.958
495.264	301.152	95.589	75.560
488.193	301.393	94.831	78.694
470.313	303.079	95.181	82.154
457.726	304.448	92.170	82.017
447.844	302.862	82.185	83.725
441.237	301.843	64.940	84.983
397.021	291.355	69.317	92.857
383.722	284.930	84.901	106.424
373.174	279.273	77.635	105.156
382.611	279.746	80.348	99.641
402.451	277.208	80.438	92.169
412.851	268.601	88.347	86.503
416.171	266.429	91.975	83.107
420.244	265.218	93.349	80.436
421.692	263.829	93.722	79.729
419.786	262.448	95.942	80.141
408.318	264.884	101.494	85.850
409.717	271.466	92.599	83.570
403.029	272.962	88.898	91.042
398.831	273.040	78.036	98.162
383.722	261.401	80.092	118.475
403.981	258.162	68.449	102.930
419.978	265.845	71.015	95.409
448.959	273.199	66.535	92.557
466.183	278.637	73.356	89.650
480.477	282.377	80.774	88.034
499.448	285.689	89.327	85.129
513.929	286.732	89.756	85.168
525.290	287.677	89.610	83.254
535.859	286.398	90.898	82.900
543.831	285.263	92.958	82.442
549.045	284.809	91.595	81.222
548.603	284.327	92.321	80.713
546.375	282.763	93.811	82.057
542.097	282.531	94.128	81.245
536.602	282.877	93.892	83.749
529.894	283.508	93.761	84.576
511.681	285.149	96.713	86.842
501.590	285.106	91.900	89.685
490.440	286.173	88.432	90.840
480.697	284.634	78.753	94.950
467.795	286.019	74.399	94.539
451.033	285.633	65.823	95.976
439.488	285.449	57.541	94.549
427.984	283.935	49.616	94.762
411.264	275.828	52.302	99.780
401.452	273.622	53.082	99.495
396.321	274.446	53.554	97.520
394.910	270.860	57.335	101.125
396.759	268.834	57.682	102.933
394.139	266.728	62.974	103.572
390.330	264.746	66.660	105.367
395.769	265.876	63.487	104.284
397.842	264.900	64.492	105.576
400.465	266.613	65.435	103.036
405.831	266.799	66.273	102.990
422.170	271.008	80.318	98.146
415.638	269.469	73.906	100.237
392.966	270.014	79.031	100.269
439.701	274.666	79.786	95.488
438.920	275.986	82.084	93.588
436.199	275.338	72.100	92.892
445.124	277.427	65.486	92.398
432.605	278.029	57.979	95.568
435.983	278.490	56.891	95.327
439.209	280.214	56.618	93.832
433.244	278.288	60.699	94.491
440.911	277.250	55.213	93.476
445.537	275.345	51.729	94.667
443.296	275.597	52.558	92.547
445.485	273.127	54.867	94.515
446.871	275.255	54.950	92.272
448.036	277.630	55.681	91.621
448.326	278.946	57.627	91.526
449.321	280.121	57.427	92.086
451.274	281.731	56.291	92.201
453.862	283.684	54.980	90.930
458.534	284.729	53.543	91.407
461.747	285.526	51.238	90.868
464.977	284.998	48.903	91.207
466.695	286.613	48.909	89.684
467.838	286.697	49.083	89.672
468.115	287.409	50.156	88.928
466.949	287.624	51.814	88.520
467.756	287.236	49.890	88.885
466.260	286.738	49.341	88.480
465.459	286.400	47.526	87.979
463.434	284.107	46.091	87.501
459.612	280.970	48.571	87.434
457.302	278.991	48.561	87.100
454.691	276.107	49.198	86.779
453.395	273.407	47.897	86.446
450.350	269.252	49.606	84.656
450.321	266.167	48.464	84.987
450.437	265.281	48.450	83.934
449.893	265.199	48.899	82.116
449.203	264.161	49.670	82.479
449.681	264.427	48.171	82.838
449.672	265.275	47.196	84.015
448.883	266.698	46.598	84.467
448.660	267.808	46.927	85.051
448.290	269.510	46.697	84.562
445.917	271.434	47.692	84.517
444.240	272.152	49.203	84.746
442.842	273.559	51.268	83.803
441.088	274.294	52.405	83.509
439.487	274.323	53.312	82.656
437.343	274.309	54.393	80.623
436.041	273.610	55.705	79.979
435.154	273.354	56.819	79.933
434.716	273.581	57.718	79.590
435.155	273.898	59.477	80.195
438.762	274.814	58.478	83.315
441.929	275.136	57.482	84.360
446.014	275.458	54.282	83.923
449.420	275.584	51.721	83.196
453.193	274.509	48.449	83.279
458.289	267.918	45.725	86.369
459.875	265.918	47.416	84.228
460.530	264.856	48.793	82.755
460.430	264.454	50.459	80.569
460.032	262.954	51.387	80.105
456.701	261.808	54.035	81.761
452.797	261.403	56.410	83.480
448.193	261.923	57.566	85.115
443.877	263.816	57.082	85.568
438.490	265.855	57.636	84.175
427.238	267.142	52.314	83.996
419.485	266.268	50.211	83.713
408.814	263.900	54.037	85.361
397.481	261.712	58.768	86.253
386.735	258.922	63.869	87.609
373.352	253.412	65.244	85.097
371.633	248.968	64.679	86.509
359.430	248.005	67.504	85.344
362.526	245.795	62.023	85.948
365.466	247.101	60.049	83.121
370.578	236.983	58.833	87.304
364.415	234.407	72.606	89.835
365.895	236.835	71.696	88.942
366.858	233.404	71.423	89.905
364.772	235.188	51.310	85.882
361.529	231.475	53.927	87.723
359.174	232.388	54.420	86.588
354.874	233.268	53.187	85.844
341.323	233.821	66.358	101.718
334.412	239.311	62.204	102.851
315.314	244.297	61.221	100.270
266.377	246.697	68.497	98.277
278.389	246.953	65.234	82.376
325.521	238.749	55.509	83.207
326.306	239.242	54.939	79.510
325.532	239.578	48.704	79.490
327.344	235.875	63.366	84.454
322.373	236.726	59.878	82.095
327.953	240.380	66.425	83.312
321.002	235.967	62.912	89.192
328.696	243.996	67.481	82.301
313.751	241.516	54.362	81.410
317.731	241.863	49.520	79.477
317.007	242.043	49.433	80.895
314.692	242.909	52.368	81.253
307.916	247.016	54.729	82.997
301.109	248.869	58.110	81.749
299.230	250.264	55.054	81.577
294.057	251.532	53.359	81.211
288.581	254.096	52.990	82.485
277.581	262.746	51.942	81.535
271.984	265.558	50.680	79.603
265.451	268.561	49.222	78.405
247.838	270.974	58.257	77.813
193.941	277.778	61.745	77.008
186.393	275.888	66.448	73.404
181.445	275.915	65.440	73.246
179.611	274.987	66.523	72.599
176.761	273.222	63.511	72.506
178.558	270.967	64.320	72.408
177.281	271.800	60.225	69.623
186.568	270.497	57.604	72.892
213.290	264.060	58.733	85.458
204.373	277.261	65.438	79.125
210.713	281.349	59.634	78.284
223.253	280.375	48.933	79.064
228.821	277.454	49.174	79.421
232.291	274.797	56.232	78.324
235.526	272.590	63.261	76.894
239.515	271.807	67.971	77.571
267.530	262.373	61.134	89.994
278.550	283.378	60.811	71.597
285.353	283.126	63.261	71.542
291.138	280.650	63.986	72.081
296.326	280.766	61.330	71.970
306.265	279.173	62.711	71.565
307.977	278.599	66.135	72.202
311.639	278.219	67.123	72.941
318.518	275.999	65.037	74.460
326.358	273.698	64.806	75.322
333.384	272.686	62.151	74.115
347.951	265.468	61.410	77.290
354.152	264.334	59.522	75.278
360.518	262.576	62.402	74.757
368.436	259.092	61.284	75.014
377.815	256.059	67.368	72.581
382.308	253.174	71.877	72.977
385.980	252.867	75.963	70.982
394.954	251.695	73.835	69.369
400.187	250.741	76.664	69.351
408.368	254.197	77.568	65.705
411.447	254.900	80.962	64.119
416.651	252.727	81.080	65.182
420.076	249.629	78.233	66.271
422.481	246.941	75.439	66.224
423.950	242.000	70.209	68.072
424.637	237.363	67.662	69.385
425.219	240.685	64.428	71.969
425.820	248.665	61.751	73.795
417.362	252.553	62.337	79.701
417.963	258.590	58.024	79.884
367.354	259.233	61.439	74.875
380.158	254.910	55.945	77.324
412.333	257.872	57.654	75.760
394.090	248.020	74.747	77.507
401.119	227.833	74.090	91.801
391.518	244.957	56.725	76.968
413.992	251.175	57.095	77.917
415.201	257.689	62.771	74.142
392.701	254.470	57.378	73.933
406.584	252.313	67.598	76.629
411.104	251.119	63.289	72.533
414.513	250.536	63.460	73.989
406.769	247.107	65.372	77.848
399.761	250.762	69.887	76.776
396.620	251.879	66.723	76.420
391.016	254.259	67.443	74.277
388.247	254.355	75.612	73.710
388.670	253.917	72.111	73.318
399.467	253.514	75.160	80.120
408.849	254.078	75.423	76.942
408.767	257.912	81.397	75.045
418.616	261.636	49.910	71.525
423.493	262.922	47.647	69.881
424.725	262.372	49.810	70.385
424.495	262.358	48.343	70.566
427.739	262.364	50.602	70.919
427.343	260.805	56.496	72.833
418.389	254.028	56.321	88.700
391.604	270.245	62.781	80.447
396.196	278.757	52.210	76.354
399.694	283.680	55.491	81.957
393.529	284.610	66.609	97.832
407.635	286.769	68.678	99.153
410.871	300.800	70.789	92.113
410.365	303.468	68.685	88.079
412.214	300.621	63.159	89.881
410.764	299.153	62.214	86.685
409.140	296.143	56.071	85.129
398.357	300.748	59.150	77.054
394.265	303.810	55.812	75.988
385.337	308.843	53.764	75.737
378.329	307.512	51.046	76.661
369.066	311.943	51.430	72.667
361.423	312.877	49.333	75.077
350.618	311.068	53.236	74.591
333.134	308.932	51.533	73.525
322.148	307.452	51.980	72.108
310.884	305.127	49.523	72.169
301.653	300.406	47.154	73.604
291.027	298.041	47.115	73.582
272.728	293.609	47.233	71.503
263.037	291.129	49.917	71.876
253.560	289.218	51.821	71.805
244.395	286.818	53.856	71.126
236.616	285.677	55.268	70.480
227.503	283.923	54.268	69.495
221.915	284.542	53.444	69.008
218.977	284.946	52.766	68.033
216.758	285.132	52.133	67.933
215.029	285.437	51.670	68.543
213.853	287.188	51.175	68.129
214.429	288.579	49.868	68.200
215.553	290.308	49.625	66.564
217.937	291.310	48.267	66.444
220.291	291.818	46.825	66.365
225.295	292.456	45.027	66.292
227.710	292.912	44.565	66.484
230.919	293.079	43.508	66.026
234.223	293.536	41.956	64.938
237.073	294.114	40.597	63.908
241.786	294.467	39.285	63.215
243.671	294.798	39.688	62.514
245.523	294.878	39.980	61.965
247.373	295.130	40.635	62.368
248.887	294.904	41.859	62.825
250.889	295.252	44.555	62.930
252.860	295.312	45.103	63.486
255.040	295.143	45.556	63.862
257.311	295.353	47.372	63.390
259.525	294.400	49.079	64.796
264.100	293.652	52.253	65.390
268.340	293.233	53.301	65.146
273.625	292.494	54.093	65.122
278.565	292.270	56.016	65.525
284.497	291.748	57.331	65.572
299.744	289.623	51.660	66.230
309.620	287.460	59.557	66.355
319.939	284.670	56.253	69.258
319.000	284.564	59.378	68.364
343.975	281.954	52.149	66.910
304.421	288.887	42.376	63.984
299.558	288.472	43.318	60.761
295.563	286.991	45.079	61.606
293.659	286.625	43.561	61.413
290.015	286.774	44.300	61.111
285.120	287.941	44.335	59.421
284.286	288.135	45.251	59.883
282.755	289.349	44.131	59.835
281.971	289.989	44.659	59.904
280.893	291.160	44.813	60.008
281.415	294.182	43.088	58.804
281.857	293.921	43.647	59.881
282.372	294.047	43.624	60.078
283.424	293.723	43.671	60.117
284.948	293.038	43.970	60.162
289.701	289.854	44.637	61.522
291.924	286.724	45.975	62.071
294.830	282.471	46.316	63.026
298.592	277.539	45.786	63.691
302.831	270.955	44.737	63.911
310.356	255.313	43.294	67.622
316.582	248.115	40.813	67.143
321.064	239.912	39.826	66.454
325.679	232.143	39.113	66.234
330.088	226.025	38.690	64.316
339.454	219.563	36.925	61.697
343.392	218.424	38.857	62.654
348.358	218.652	40.161	62.868
352.922	221.198	40.896	65.783
358.175	228.373	40.724	65.450
368.533	243.963	40.550	68.493
374.683	253.771	40.217	67.326
380.302	260.994	39.731	68.878
384.860	268.427	39.981	70.026
388.403	276.146	40.587	68.113
395.891	286.166	39.737	65.239
400.088	287.189	39.834	64.515
403.404	288.649	39.943	63.648
406.442	286.763	39.386	64.850
408.837	284.103	40.660	65.083
413.203	274.412	41.386	67.189
416.223	266.851	41.580	68.311
419.336	258.992	40.464	69.565
421.367	252.923	40.987	68.444
423.670	248.333	40.255	66.448
426.674	238.468	40.217	67.333
428.091	235.941	41.039	64.183
468.048	237.504	46.127	68.142
468.806	241.645	46.189	65.348
468.964	241.248	45.369	65.581
467.151	241.935	42.621	65.594
468.292	243.189	42.476	64.543
466.706	243.527	41.310	64.101
466.419	243.170	42.974	66.625
465.937	246.935	41.571	65.054
466.826	252.617	42.819	68.373
466.955	257.698	43.482	69.526
468.015	263.024	44.037	69.675
467.362	268.156	46.035	68.912
466.319	270.246	48.280	71.473
463.099	285.234	55.182	74.269
469.157	285.552	49.124	67.913
470.167	290.413	49.921	70.589
461.843	291.176	53.561	77.393
460.117	290.044	56.961	82.603
465.652	303.847	55.673	74.253
467.423	316.639	52.654	69.035
466.978	322.199	54.452	66.080
462.911	326.510	55.650	65.428
461.400	331.301	56.330	60.746
453.536	327.493	57.512	63.094
451.526	315.491	55.198	70.948
440.329	296.169	61.972	80.353
431.921	274.935	64.646	83.816
423.770	258.301	66.378	79.661
429.200	251.751	59.582	89.926
408.323	242.715	56.280	78.870
409.811	239.323	57.933	67.603
411.591	244.336	54.721	70.848
412.486	252.362	49.199	66.602
424.072	258.266	52.185	61.341
402.723	249.680	48.955	63.279
405.409	246.783	44.424	63.924
405.379	246.479	43.780	63.749
400.229	248.777	45.924	64.306
401.113	253.196	44.176	64.234
397.469	257.532	46.076	63.141
400.056	258.606	42.893	63.269
386.690	258.601	43.342	60.209
379.499	256.721	40.207	59.716
384.871	257.443	37.151	59.162
383.958	256.501	39.685	58.625
413.078	257.768	49.894	62.359
402.842	259.528	43.546	65.789
404.114	261.053	44.531	67.327
404.972	261.848	49.654	68.156
406.695	257.186	42.424	60.700
390.282	256.437	45.030	66.346
406.044	256.681	44.546	67.666
396.667	240.265	50.783	72.584
406.188	253.927	41.383	64.074
396.701	258.551	51.013	67.919
379.259	252.065	43.169	58.435
380.504	252.568	46.265	72.810
390.666	249.187	60.988	65.633
399.507	250.810	54.106	77.754
410.779	246.111	47.962	67.564
412.278	246.354	47.921	65.191
413.302	247.690	48.337	64.372
413.977	247.971	48.446	62.943
415.281	248.863	47.928	62.218
416.789	254.833	51.848	72.020
415.345	250.890	57.503	71.958
392.715	252.594	66.584	63.612
408.779	253.518	51.239	63.085
419.146	246.591	49.419	67.264
416.682	236.728	47.637	72.014
402.156	255.535	48.471	71.518
395.289	280.709	42.729	65.038
394.317	285.655	41.011	64.562
393.317	288.883	42.369	62.230
393.709	290.388	38.259	60.207
394.152	291.413	35.918	59.042
393.484	288.684	38.190	59.275
392.896	287.117	35.824	58.199
393.408	281.693	38.406	60.020
393.055	271.481	39.501	62.308
392.456	265.998	40.926	63.014
394.513	261.688	40.316	62.413
394.826	256.020	40.989	61.780
395.630	250.187	41.044	61.744
450.942	270.406	49.069	64.869
453.155	272.563	50.468	65.466
455.765	274.228	50.644	63.923
458.020	274.407	50.818	64.713
459.141	273.978	51.619	64.284
461.733	270.656	49.937	64.021
462.648	271.612	51.087	61.513
461.699	271.350	51.551	62.389
463.221	268.610	49.721	62.575
462.512	268.771	51.852	63.335
462.532	265.444	48.847	63.347
463.372	264.402	47.648	62.686
463.494	262.961	46.313	63.254
463.406	262.920	45.602	62.595
462.623	262.135	45.153	61.659
455.461	243.153	47.305	78.534
431.034	256.914	42.554	61.202
432.979	246.735	43.987	68.327
422.338	255.321	47.209	64.038
420.590	257.298	50.120	63.197
427.473	258.493	49.551	61.746
473.558	264.925	38.643	61.530
422.816	261.312	53.941	61.728
480.326	267.868	39.747	63.122
482.176	269.520	43.120	62.556
490.697	272.342	43.208	62.403
494.762	273.450	45.859	62.925
498.104	275.212	48.082	62.331
502.474	276.059	48.662	62.232
506.449	277.209	50.482	62.326
513.298	277.666	53.468	62.444
515.477	278.896	55.467	62.269
518.648	278.833	55.326	62.686
520.028	278.436	55.885	63.086
520.813	277.833	56.606	63.656
522.942	276.633	55.579	63.581
521.603	275.349	57.182	63.570
521.014	274.944	56.206	63.945
520.376	275.073	54.216	63.688
517.665	275.136	54.771	64.156
511.527	275.230	53.023	65.686
508.315	274.725	52.995	65.928
505.573	275.133	51.624	66.422
502.062	275.692	50.724	65.855
499.060	276.543	48.412	66.301
493.492	278.402	44.097	67.315
489.891	280.402	43.554	65.253
486.696	281.914	43.650	66.592
484.738	283.612	42.087	66.599
482.650	285.545	41.729	66.621
478.547	289.171	42.061	66.533
476.581	289.123	44.626	67.883
474.948	289.456	44.871	68.249
473.062	289.414	47.553	68.566
472.248	288.990	47.176	68.958
472.074	281.975	47.707	70.174
471.233	279.060	48.905	70.545
470.845	274.765	49.297	71.585
469.220	268.284	49.498	74.453
470.654	262.676	47.485	74.558
470.426	254.147	47.804	74.279
470.480	249.054	48.499	73.381
471.280	246.369	48.484	72.378
470.946	244.411	49.655	72.400
471.204	242.851	50.109	71.733
470.973	242.544	50.467	71.737
472.694	242.523	52.237	74.406
475.144	244.734	50.243	73.377
475.740	247.381	50.925	74.372
475.026	250.064	53.358	75.767
477.958	259.794	52.690	74.032
477.501	263.354	55.179	75.470
480.058	268.355	53.276	73.796
480.862	272.477	53.605	73.001
481.344	276.062	53.623	72.834
480.933	282.519	55.045	73.054
479.757	284.855	53.726	75.847
480.794	287.948	55.154	73.381
478.561	289.776	55.100	75.772
479.559	291.025	54.226	71.807
477.969	290.693	55.626	73.213
474.611	288.797	54.560	73.254
473.056	286.886	55.098	73.944
470.662	284.270	54.194	75.053
468.259	281.701	54.357	75.238
463.367	275.910	53.850	75.701
460.269	273.044	55.839	76.820
457.712	270.668	55.487	77.218
454.773	268.787	55.866	76.707
452.583	267.634	55.310	76.557
450.575	267.346	55.058	75.867
450.396	266.917	56.028	76.518
418.754	250.779	66.227	90.028
421.663	249.611	68.660	89.824
429.819	247.130	71.678	90.688
434.310	247.061	72.499	91.311
436.878	247.483	73.733	89.706
438.688	247.839	75.509	89.928
440.314	248.174	75.929	90.561
446.243	249.970	74.193	90.225
446.807	250.756	73.407	91.076
447.222	251.756	73.476	91.715
447.233	252.449	73.251	92.989
446.372	253.039	73.038	93.876
443.120	254.723	73.461	95.052
441.391	255.350	72.464	95.272
438.677	256.070	72.368	95.659
435.553	256.477	72.408	95.566
431.388	257.663	73.448	95.446
422.226	258.758	74.928	94.850
323.085	250.332	69.013	97.640
410.092	258.095	76.991	94.674
411.736	258.167	72.363	94.290
412.544	257.729	67.184	94.618
396.449	248.404	69.510	106.192
382.901	237.871	76.665	113.288
387.656	236.628	77.326	112.042
405.044	233.715	80.085	104.752
401.906	219.169	89.513	110.234
409.222	239.212	95.119	90.602
403.714	242.815	105.504	107.325
403.571	236.919	104.402	93.671
388.874	245.730	97.015	109.616
413.930	246.911	85.488	95.106
408.327	251.257	69.058	101.351
419.187	252.063	66.482	101.739
416.012	227.709	77.161	124.302
439.221	255.818	71.020	98.132
450.836	254.866	77.569	99.415
468.668	258.419	91.289	97.287
475.126	257.851	96.405	98.116
481.119	258.880	103.585	93.520
486.380	258.383	103.926	94.133
490.566	260.076	108.185	89.408
492.396	258.319	111.552	90.301
494.362	259.659	108.963	86.962
488.973	258.966	112.296	90.352
484.212	254.655	113.648	97.520
476.530	256.655	113.866	99.340
470.979	258.241	112.072	101.251
462.474	260.609	93.129	102.437
421.648	244.525	86.028	104.345
393.771	244.780	91.406	117.228
421.491	237.794	94.910	121.587
409.712	249.915	98.406	135.077
458.023	227.199	120.221	93.106
449.099	230.731	130.959	86.490
452.286	226.490	131.668	89.583
446.300	229.987	133.403	88.660
444.163	231.987	129.389	92.566
424.298	247.178	138.252	129.682
428.682	255.324	119.863	109.863
393.691	262.990	104.750	124.891
382.031	270.167	103.770	122.646
418.457	284.854	79.277	115.990
436.420	295.429	90.145	112.478
443.319	297.485	97.483	113.730
450.058	302.005	102.941	111.051
458.152	303.333	105.491	110.024
465.193	305.868	107.471	107.125
470.446	306.576	109.932	106.019
473.098	308.236	109.573	104.928
469.794	305.388	112.115	106.366
465.741	306.266	114.556	107.850
458.332	302.772	116.969	109.023
443.298	302.383	115.594	111.851
445.521	299.829	106.906	114.486
444.910	296.768	90.383	119.531
399.273	269.442	120.345	145.221
407.893	266.142	102.219	142.415
382.428	290.367	78.991	125.623
371.909	288.862	80.816	128.489
363.470	285.091	88.648	125.895
455.939	243.442	145.674	89.058
458.084	244.390	150.571	86.410
442.493	246.310	155.102	95.212
432.418	251.544	157.585	100.935
424.658	254.630	154.843	110.721
422.502	260.276	140.138	120.337
373.452	271.337	94.854	144.774
391.903	293.692	90.108	131.790
416.350	301.956	90.036	127.055
425.478	301.325	96.479	130.333
438.952	302.358	103.352	130.313
451.197	307.225	111.718	127.682
466.743	308.054	130.619	119.424
479.855	309.161	130.445	116.862
484.255	309.152	137.622	115.060
489.618	308.511	137.758	113.924
493.347	307.949	140.616	113.701
491.168	307.675	142.723	116.061
489.217	307.898	138.726	118.534
482.874	305.895	137.789	123.953
475.874	307.122	132.395	124.324
467.836	308.351	128.797	129.543
462.574	307.715	119.003	129.648
433.686	311.956	135.605	130.932
401.231	275.196	166.138	141.168
421.460	265.860	166.202	122.346
434.445	260.720	169.948	114.627
431.403	249.656	177.387	98.397
442.314	253.754	171.058	93.321
435.091	250.202	170.110	93.955
435.349	251.849	162.110	97.186
425.967	256.256	160.538	105.890
359.574	262.087	134.148	164.357
362.608	274.264	136.764	163.791
320.967	277.299	127.526	143.248
429.353	300.896	95.452	141.599
439.902	304.448	108.705	137.616
455.064	305.448	128.316	137.927
464.634	309.584	131.643	134.337
472.037	312.572	136.355	127.627
478.126	309.584	138.989	130.064
480.134	310.807	142.727	127.375
479.185	311.241	144.860	123.860
475.017	312.141	143.998	122.161
469.269	311.813	143.044	123.603
460.428	312.070	141.738	125.548
449.918	312.464	140.299	128.598
423.595	311.687	129.752	136.774
406.649	312.933	130.184	139.261
391.713	307.167	111.791	143.479
381.975	307.016	110.390	142.716
347.095	290.590	118.799	156.755
349.895	250.967	171.091	124.752
344.126	249.461	187.832	113.965
349.927	238.386	195.425	118.837
350.752	237.070	193.537	108.744
356.600	233.116	198.430	109.763
335.551	231.405	193.255	118.193
330.475	232.442	182.812	128.370
322.842	234.807	173.984	139.927
286.996	211.269	179.598	163.922
289.354	258.729	134.603	210.650
293.720	319.271	95.796	158.634
303.848	330.557	97.416	154.941
308.528	334.389	108.003	154.230
313.846	336.561	119.823	152.028
318.685	340.078	128.104	149.960
326.988	337.648	138.425	149.085
332.693	336.406	138.338	154.103
343.084	337.380	134.289	149.577
348.928	332.531	130.369	152.320
353.516	326.391	128.265	155.082
359.042	317.260	120.177	160.112
361.072	312.321	117.341	162.117
358.323	308.597	115.926	164.112
360.729	305.802	114.555	165.270
360.482	303.142	113.663	166.270
351.525	294.397	116.378	171.290
347.166	292.012	119.883	175.252
348.492	291.204	119.186	172.173
344.352	289.336	119.377	174.409
345.690	288.428	118.052	173.276
346.374	296.565	109.312	174.487
346.367	301.822	111.030	175.721
347.955	308.411	109.193	172.365
348.440	315.698	110.505	175.603
352.690	325.233	110.527	175.579
361.014	345.890	106.529	173.748
362.383	356.727	104.090	170.964
365.539	364.389	107.108	170.395
366.076	374.092	114.228	170.482
369.724	376.196	114.453	167.603
373.636	379.850	117.515	163.839
377.632	379.509	118.498	163.241
383.702	376.427	116.296	164.093
389.636	374.451	113.260	163.307
397.070	373.084	109.103	161.164
412.661	365.925	102.360	166.420
419.654	362.728	102.908	162.582
428.613	356.726	101.015	164.534
435.832	354.011	102.221	162.928
443.061	348.374	105.321	163.642
455.613	340.946	116.119	166.029
459.828	338.137	125.871	167.675
463.324	337.122	134.713	167.250
465.707	334.781	143.037	168.995
469.909	335.141	148.207	168.889
476.109	336.212	154.097	167.337
475.216	335.655	155.007	168.363
474.324	336.282	155.465	167.737
470.927	336.949	155.199	167.650
466.043	337.973	155.230	170.054
454.630	339.814	151.303	172.881
447.957	341.303	146.502	173.937
439.431	344.563	142.611	172.416
432.767	345.396	133.730	174.310
421.908	347.414	130.937	174.210
403.757	345.604	117.092	174.872
395.432	346.960	106.211	173.390
388.112	348.770	100.862	172.952
379.791	349.365	96.608	170.828
372.735	350.969	94.760	168.916
361.683	352.657	96.074	169.123
358.220	354.727	96.996	168.449
356.684	356.048	98.610	168.797
355.846	355.431	99.343	170.800
355.546	354.039	101.464	175.843
359.211	354.349	107.419	176.384
362.341	355.894	110.725	175.871
365.441	356.546	116.593	177.414
365.572	357.605	127.021	178.269
369.057	357.895	134.194	180.293
377.259	359.805	143.207	181.801
380.659	361.007	146.110	181.706
385.488	364.080	147.695	180.491
387.598	364.897	149.351	181.013
388.588	363.940	151.424	182.699
388.809	363.658	152.120	183.733
391.720	365.014	147.940	182.995
390.328	364.676	145.463	184.532
389.042	364.635	142.177	185.152
388.594	365.311	138.530	186.499
387.857	366.851	134.843	188.108
383.536	375.494	128.519	185.179
379.789	379.005	127.051	189.542
376.662	383.098	126.002	187.656
373.729	387.974	126.349	183.164
370.094	390.242	126.733	179.918
363.477	391.678	130.963	178.313
358.554	388.770	135.596	181.282
355.648	383.430	138.175	186.363
351.772	378.031	141.443	190.590
347.902	372.703	143.508	194.049
341.325	356.421	145.196	201.448
334.641	352.939	150.015	202.280
329.396	347.481	150.719	206.017
324.476	343.730	151.329	205.146
319.991	340.770	151.257	206.107
310.662	337.498	151.748	206.011
306.423	334.915	149.840	205.975
302.489	331.792	146.459	205.675
300.897	328.630	141.063	205.255
298.885	325.381	138.024	205.527
297.243	320.178	131.377	204.922
295.327	315.109	125.979	207.740
291.628	311.582	124.949	209.414
288.507	309.597	123.657	209.620
285.651	309.675	122.340	207.443
281.454	307.879	121.888	205.896
278.354	306.888	123.113	207.525
275.922	306.522	124.245	208.822
275.305	305.306	126.175	209.773
274.468	305.123	126.672	209.757
275.100	302.831	131.403	212.049
273.957	300.046	136.298	214.290
272.334	297.071	142.503	216.670
272.062	294.113	146.474	217.814
274.168	290.815	146.662	218.928
275.001	284.032	152.580	218.742
277.276	280.501	152.990	217.100
276.042	276.530	156.152	217.922
275.249	272.291	157.993	218.468
278.362	267.605	155.605	219.505
279.580	258.126	153.316	220.479
281.808	253.830	149.274	219.852
281.220	249.323	148.477	219.835
278.069	242.980	149.481	221.196
276.733	237.473	148.726	222.218
272.547	226.588	148.816	221.836
270.182	222.706	148.756	221.137
268.291	217.020	149.338	223.116
266.309	212.904	149.501	223.387
265.551	209.374	148.643	223.903
265.478	204.298	146.586	223.473
265.685	203.873	145.256	223.333
266.160	203.002	144.685	223.232
266.114	202.715	144.114	222.593
267.925	201.969	143.036	224.915
269.087	201.855	143.397	226.607
271.733	202.500	141.927	226.510
271.752	201.705	144.252	227.980
274.125	202.140	144.803	227.832
279.143	203.765	143.193	227.303
285.114	205.235	143.865	227.048
288.317	204.995	145.295	228.502
292.142	204.929	147.469	228.014
296.378	206.230	147.483	228.713
300.304	206.500	148.379	229.388
306.729	208.522	148.191	230.225
308.262	207.817	150.682	230.831
309.363	208.837	152.704	232.823
314.560	210.638	149.732	232.527
315.252	212.780	151.065	232.158
317.737	214.626	150.276	234.383
317.274	215.583	152.251	233.351
317.314	216.313	152.548	234.953
317.432	217.024	153.018	235.837
317.979	219.110	152.030	235.317
319.469	220.901	150.056	235.890
318.654	223.102	151.264	234.667
320.414	223.996	150.048	237.053
321.806	225.857	149.283	237.297
322.735	227.981	148.819	237.500
325.233	229.959	146.171	239.034
325.844	231.587	147.104	239.333
326.733	232.377	146.537	241.482
326.534	233.082	147.979	243.442
325.950	233.574	150.014	244.539
326.567	235.221	148.991	245.363
327.073	236.028	149.127	246.273
327.882	237.814	146.923	245.444
326.270	238.549	147.298	246.759
324.974	239.527	147.612	247.869
324.293	242.433	144.315	250.358
320.781	243.953	146.073	251.443
320.273	246.259	144.265	252.068
319.905	246.117	143.941	255.635
318.760	247.985	143.018	256.220
315.747	253.059	143.625	260.930
311.411	254.886	146.700	261.522
306.560	257.691	149.401	261.300
305.914	259.676	148.836	264.533
303.250	261.751	151.458	263.925
300.273	267.363	153.520	269.540
299.422	270.723	155.209	269.926
298.440	274.003	156.980	268.063
297.529	275.884	157.985	268.996
296.606	275.805	159.642	270.952
295.770	276.480	161.309	276.194
294.363	276.845	163.812	276.767
290.748	275.507	167.406	279.407
290.463	275.040	169.060	282.941
288.608	273.516	172.505	286.922
285.425	272.812	177.446	292.905
282.728	271.202	182.739	295.435
280.588	270.419	186.830	297.884
281.158	269.293	187.258	300.397
282.681	268.713	185.642	301.663
282.150	265.858	187.758	304.939
282.131	262.440	188.939	308.012
283.217	261.304	189.411	310.272
281.507	260.153	192.764	310.214
281.693	259.047	193.916	311.171
280.553	256.805	194.624	313.730
277.063	255.519	197.524	314.760
273.985	255.412	200.145	316.119
273.043	257.072	199.192	313.008
271.623	258.102	199.251	312.564
267.212	259.143	201.309	314.833
263.780	261.941	204.196	309.177
265.594	262.535	202.224	309.325
277.707	263.082	194.266	309.763
282.040	263.543	195.421	307.774
293.504	264.856	197.394	305.091
300.597	265.438	199.462	304.091
304.489	265.794	207.039	302.531
317.478	263.573	206.926	304.476
325.078	264.191	209.933	303.371
338.209	265.051	218.673	301.320
342.303	267.442	224.583	298.557
349.412	267.841	227.061	298.896
353.091	268.665	229.891	299.832
360.412	269.918	227.564	297.625
369.162	271.578	227.951	298.417
372.185	272.583	227.230	295.468
374.610	273.582	224.329	295.848
376.426	274.031	224.252	294.376
376.939	275.841	223.593	293.351
377.417	274.858	221.241	294.044
374.886	275.252	221.585	293.940
376.833	275.645	215.862	292.388
373.204	274.813	215.989	293.487
366.646	273.252	218.249	295.131
357.371	273.269	218.228	295.923
351.109	272.467	216.930	296.290
339.359	270.645	221.611	298.547
327.880	269.836	225.250	299.595
317.684	269.398	227.782	299.537
305.039	264.673	224.449	304.910
291.716	261.991	227.212	308.164
279.325	259.114	231.095	310.364
270.331	257.501	231.806	314.421
262.952	255.064	232.142	315.158
253.979	253.757	232.167	316.201
238.012	255.037	232.909	316.384
227.246	252.522	229.442	317.221
216.472	253.141	229.532	316.388
207.293	251.436	229.599	317.663
194.353	250.658	233.387	319.732
179.697	248.529	231.722	324.453
169.788	244.620	234.492	328.336
164.496	242.883	237.266	328.922
154.917	239.664	246.722	329.861
151.142	234.693	255.343	332.246
142.782	228.211	265.045	333.657
138.429	228.465	259.924	330.108
130.892	224.808	276.849	329.716
124.224	222.812	255.849	328.661
115.547	215.202	279.201	326.991
106.367	212.867	253.681	324.784
102.798	208.811	294.345	321.847
95.975	207.164	279.538	322.120
95.374	208.447	294.747	317.005
87.841	209.213	290.933	319.191
76.939	213.320	293.862	313.781
71.094	215.233	303.635	310.294
59.974	215.206	288.274	313.270
57.655	218.896	299.098	313.415
46.998	219.499	273.943	310.366
36.740	222.123	280.549	313.360
36.972	221.333	305.088	312.970
25.718	222.534	221.587	314.515
16.678	221.191	224.530	316.172
13.630	222.843	208.343	314.208
6.521	224.356	220.760	312.440
4.795	222.413	231.820	313.654
2.787	216.627	194.374	320.446
10.005	220.110	214.040	315.908
18.142	214.967	285.346	317.435
3.867	215.484	210.809	320.124
2.487	219.845	203.334	313.258
3.411	220.798	209.028	312.602
3.983	220.306	207.111	313.058
6.660	220.910	222.026	312.031
14.343	219.208	218.671	310.836
20.869	216.513	216.269	311.913
40.871	214.918	232.249	313.457
152.654	206.700	191.883	290.484
56.789	213.715	231.970	314.600
64.450	213.395	231.895	311.925
75.620	213.243	247.248	312.078
87.471	211.513	259.659	313.144
131.537	207.846	273.951	312.891
126.189	208.181	282.330	307.620
251.845	207.834	196.129	300.049
257.174	209.088	207.448	287.145
263.544	200.436	216.996	291.222
199.437	200.201	277.153	307.352
224.046	199.359	283.167	307.089
248.279	198.890	272.810	307.134
262.274	195.695	282.451	308.800
279.588	196.892	282.555	309.159
298.822	195.857	277.788	312.715
316.069	198.327	273.137	312.792
348.708	199.281	258.592	312.740
359.022	200.069	261.146	309.512
370.601	200.276	258.666	311.175
381.877	199.862	257.679	312.215
394.686	202.246	255.530	313.146
418.892	205.122	246.735	315.642
428.344	207.589	244.661	314.029
440.481	208.233	238.103	313.947
452.655	210.930	230.898	313.558
460.782	213.863	225.923	313.180
470.725	218.746	221.816	308.231
469.341	218.772	229.508	310.270
467.453	219.522	238.667	309.409
466.322	218.855	244.855	313.462
467.440	216.126	249.348	316.661
475.143	220.031	251.736	313.980
498.074	221.110	231.675	316.153
510.617	224.510	223.067	312.873
518.239	230.727	218.137	306.380
523.852	236.378	212.048	303.636
519.256	242.551	216.966	299.039
517.913	243.503	216.606	299.363
515.091	246.978	217.926	296.908
512.268	248.139	218.653	296.001
507.846	251.556	219.779	291.974
498.886	255.446	220.553	285.997
492.344	257.973	220.111	285.266
484.057	262.390	221.221	280.299
476.243	265.925	221.423	277.581
466.419	268.673	221.840	275.638
464.396	273.155	200.378	273.893
465.932	275.970	185.177	273.544
468.280	283.087	164.962	268.244
444.997	292.204	168.499	261.270
422.250	314.965	176.691	237.272
395.855	295.582	164.036	265.276
365.604	285.076	174.716	269.594
354.554	286.135	173.095	271.395
340.869	285.499	168.830	270.751
333.650	287.452	165.665	268.769
320.357	285.268	154.879	268.910
314.248	286.595	156.201	268.465
310.489	283.664	157.181	271.140
310.455	280.660	156.971	270.148
307.569	281.575	159.705	272.955
314.736	279.423	161.555	268.297
318.050	280.040	164.653	273.808
328.545	280.066	163.158	269.944
337.096	281.362	166.547	270.272
347.271	279.318	170.695	273.399
371.198	289.446	169.059	267.198
386.853	294.586	172.180	263.835
405.683	293.703	166.185	259.808
432.648	294.251	158.651	262.771
435.148	294.875	173.800	263.836
451.249	294.330	195.235	262.445
463.176	296.445	202.481	260.702
476.545	300.652	205.494	256.232
488.350	303.391	209.637	257.966
500.892	307.161	211.505	257.867
521.853	317.293	217.278	252.983
530.369	322.669	214.255	248.561
539.890	326.858	211.400	244.473
545.183	331.172	209.918	240.560
548.872	335.736	209.912	237.863
557.423	344.141	203.115	229.479
561.185	345.956	197.125	226.807
563.337	347.145	191.589	225.979
562.921	349.179	188.337	222.583
562.900	349.750	186.529	221.915
553.004	347.055	191.550	224.634
547.719	342.324	193.863	229.138
540.851	340.025	196.331	231.822
533.417	336.951	200.325	235.169
527.915	334.177	200.968	237.724
516.178	326.203	200.974	245.825
509.993	320.618	198.072	251.826
504.974	316.016	194.383	256.030
499.058	311.012	193.320	259.799
495.589	304.677	188.356	265.443
486.243	292.435	185.492	270.204
482.492	282.669	184.275	273.036
476.162	271.114	187.756	277.749
477.780	262.635	185.546	279.337
478.652	256.090	185.373	278.608
472.723	241.378	192.476	279.017
470.762	232.969	194.099	282.083
471.029	229.887	193.477	280.146
470.563	229.828	195.372	275.249
474.858	229.481	192.075	275.386
480.554	235.914	186.462	277.785
482.394	246.067	183.027	275.722
483.853	255.713	179.004	275.461
483.348	270.537	175.144	273.838
484.884	287.080	169.986	269.847
485.818	314.679	170.988	258.350
484.174	331.124	171.486	237.149
482.426	340.957	173.032	229.318
483.042	346.840	169.378	223.737
483.006	347.388	167.966	223.004
475.857	338.391	176.528	232.034
474.724	327.263	179.186	243.080
474.666	314.995	180.674	252.027
470.943	301.162	184.314	258.348
468.720	290.689	184.047	261.405
467.928	275.813	180.846	264.350
468.487	273.034	178.293	261.083
468.976	273.917	177.074	258.613
469.003	276.457	174.888	255.610
472.292	281.263	170.512	257.679
462.387	292.340	176.970	255.648
454.867	294.490	183.555	253.230
446.758	296.127	188.151	254.517
447.864	298.760	180.739	254.869
449.842	302.844	174.262	250.910
449.555	306.394	162.513	247.898
444.378	309.831	159.416	244.143
441.413	312.162	149.225	243.249
430.014	317.968	150.609	237.501
423.152	320.421	147.081	235.203
413.207	325.491	147.572	232.800
395.397	330.285	146.513	231.135
387.115	333.858	154.965	229.531
380.703	330.149	159.300	232.838
375.421	328.620	161.298	234.194
371.457	329.600	162.016	232.827
365.498	328.371	166.228	233.289
364.042	327.486	164.088	232.900
366.868	324.508	160.072	231.735
366.879	320.190	159.073	231.501
368.077	314.245	158.126	231.291
369.180	296.832	157.030	235.478
371.186	290.238	155.191	234.394
370.278	283.766	155.198	234.999
372.172	277.725	154.552	234.253
372.159	274.569	154.895	231.022
371.895	268.814	155.417	229.019
372.667	268.418	153.931	228.282
376.043	269.797	150.752	225.797
380.167	271.565	147.080	224.164
385.473	273.820	143.768	222.313
386.190	277.610	145.183	221.754
387.290	279.166	146.451	223.658
390.732	286.236	146.228	217.902
396.451	291.489	140.374	214.829
386.486	286.183	151.498	222.846
409.068	288.765	138.083	225.001
415.917	290.603	138.468	228.543
414.639	292.560	144.715	228.448
417.808	295.329	147.383	227.518
414.978	294.325	157.884	229.791
428.264	295.557	161.530	229.053
433.272	296.726	164.834	225.796
438.645	296.268	167.540	224.049
441.350	295.222	170.603	224.356
444.791	292.870	172.430	226.899
448.179	287.872	177.250	228.251
449.470	285.415	178.862	228.884
449.021	281.919	181.287	230.025
445.789	278.292	185.327	232.794
442.177	274.004	186.663	234.451
433.362	265.635	187.533	235.045
427.877	261.476	184.822	236.241
419.316	257.402	184.056	238.185
420.906	253.002	171.234	241.021
415.333	251.635	164.907	236.203
387.089	248.222	162.359	235.575
375.323	248.045	168.735	235.913
367.285	246.204	179.310	234.623
360.292	243.234	177.602	235.502
355.546	242.353	144.894	234.926
346.806	246.025	132.380	232.018
345.204	246.722	128.018	231.202
343.023	246.231	127.376	232.971
343.935	249.002	126.613	231.246
345.169	249.899	124.487	229.732
348.887	250.932	128.085	228.163
355.639	252.403	135.031	227.868
354.894	249.737	145.773	232.581
360.669	248.961	151.503	233.778
376.582	252.145	149.874	231.665
392.336	254.408	152.189	231.943
405.836	259.546	168.378	229.439
414.469	264.564	174.185	229.674
418.666	267.186	182.570	228.582
421.648	272.599	189.314	224.169
424.992	276.474	194.311	222.878
425.488	281.637	197.801	219.989
424.141	283.672	198.126	219.048
420.210	284.678	196.603	219.418
416.730	286.402	192.957	221.538
414.103	286.030	185.671	222.724
419.966	290.260	155.718	222.133
414.188	293.614	145.487	220.133
397.012	294.361	143.328	221.446
366.275	297.495	151.213	216.413
348.392	288.007	147.584	225.730
331.597	279.719	130.347	227.600
321.938	274.720	127.312	228.725
313.567	269.774	127.851	227.288
305.498	265.529	129.403	227.781
299.547	262.938	131.942	226.540
298.891	257.409	131.901	229.970
301.022	254.863	135.001	231.228
306.037	252.700	137.642	234.296
316.727	253.382	135.381	235.998
325.622	256.267	132.769	235.676
332.231	262.712	142.597	239.779
334.795	267.799	149.393	237.298
337.863	271.516	151.751	237.300
341.371	274.680	152.995	235.144
347.464	275.838	152.921	234.065
355.802	278.575	147.712	234.085
361.950	282.550	144.217	230.056
367.857	285.055	138.090	231.184
370.401	288.916	135.206	228.537
372.326	289.963	134.485	231.429
375.699	295.391	136.764	228.362
376.266	298.308	137.950	225.206
379.405	297.613	137.415	226.307
381.615	298.620	139.691	225.836
382.841	304.255	142.765	220.429
398.570	304.221	134.712	224.151
406.199	301.293	136.695	228.622
414.933	303.266	138.622	226.285
419.449	306.732	144.184	224.900
421.484	303.560	151.283	225.323
409.028	289.906	170.406	233.093
403.585	288.012	178.803	235.636
399.893	286.493	185.982	237.560
397.975	286.812	191.652	238.807
397.819	286.764	191.644	239.169
396.380	278.135	184.651	245.033
391.284	272.349	183.641	249.769
390.345	270.435	176.201	249.196
392.515	268.332	162.598	248.998
386.315	268.598	151.215	246.322
360.498	269.325	154.644	242.664
347.878	267.127	168.055	245.481
329.815	270.353	197.667	245.549
318.932	276.509	207.036	243.313
309.553	278.879	205.871	246.125
300.361	290.761	203.739	239.714
301.538	299.964	202.741	237.980
305.813	307.290	197.163	235.193
316.033	314.810	182.710	229.974
325.246	319.316	174.133	225.898
344.455	329.124	159.446	219.425
354.515	333.377	152.351	216.584
363.594	335.131	148.173	215.486
370.696	337.027	145.683	212.083
372.684	338.375	149.319	211.683
368.861	339.779	160.265	215.980
364.526	339.974	171.474	217.543
362.652	337.765	177.021	219.924
360.643	333.617	182.313	224.305
358.884	329.411	188.289	230.277
368.959	320.999	174.963	239.571
380.507	324.128	168.393	236.242
400.637	326.151	160.056	233.933
409.546	326.008	157.322	232.502
430.364	323.871	153.228	235.668
431.999	318.310	197.953	235.544
436.788	323.149	211.623	227.594
433.857	322.614	226.240	223.940
430.892	324.733	236.387	215.242
429.248	324.005	236.399	212.108
430.686	321.546	222.035	209.662
433.534	322.672	206.433	208.633
446.338	323.850	173.501	210.924
451.608	320.083	142.109	214.942
428.993	323.883	153.820	209.069
370.911	333.534	139.399	203.848
352.818	328.048	133.649	207.886
332.455	328.032	155.628	207.945
311.114	326.430	169.659	208.226
294.437	322.721	183.792	216.512
274.512	319.644	202.709	223.526
276.565	314.516	200.033	229.098
285.333	313.420	194.502	233.630
295.484	310.451	185.129	236.582
310.033	306.618	181.107	237.811
343.422	299.904	159.861	241.534
360.676	294.644	150.042	246.566
376.777	295.082	151.735	246.637
379.252	295.205	168.192	246.883
387.007	288.581	176.347	253.784
392.187	281.191	180.935	257.345
400.329	279.437	186.887	252.065
408.540	281.039	184.480	248.155
414.692	281.132	184.392	245.815
413.990	278.380	185.799	249.213
401.041	277.341	197.728	252.347
393.099	278.853	201.593	253.339
382.708	276.956	205.233	259.206
372.473	278.974	220.272	261.815
367.012	283.893	223.885	257.186
361.493	289.916	198.095	257.010
348.042	299.393	168.609	250.014
345.276	301.424	148.345	247.556
344.658	306.503	137.505	240.696
343.361	311.609	134.702	236.053
343.226	312.063	134.674	236.385
352.591	310.152	131.130	231.621
363.086	323.256	123.663	216.536
370.999	310.719	140.433	219.197
338.352	299.645	178.652	225.862
398.799	308.142	136.369	215.858
413.837	292.052	159.181	226.071
416.468	294.104	170.642	223.295
418.136	292.232	183.369	225.671
419.498	289.708	192.363	227.545
424.026	290.169	192.840	229.990
431.044	293.192	183.156	237.238
425.287	295.077	180.874	242.036
425.963	296.432	162.211	245.028
422.543	301.995	144.511	244.444
405.385	309.081	141.851	239.085
359.957	313.166	168.859	244.300
336.971	318.164	200.996	241.278
322.323	321.533	220.039	239.546
312.460	326.824	227.078	239.406
306.677	330.694	222.954	238.567
315.565	338.723	204.356	231.545
324.781	339.328	194.203	229.693
337.623	341.479	184.396	225.175
351.649	342.365	168.286	220.614
369.986	343.535	149.879	214.524
391.662	344.739	129.981	203.935
400.187	345.522	129.447	196.473
404.134	346.937	128.588	194.283
406.502	345.616	127.424	193.752
405.856	346.547	126.665	196.814
389.206	343.042	139.416	206.502
374.026	342.269	158.281	211.901
361.662	341.969	177.656	215.591
352.832	341.097	189.976	220.204
347.218	340.468	199.341	223.035
345.688	336.384	204.349	230.750
353.127	332.362	198.046	235.634
364.950	327.759	180.110	242.223
384.129	328.166	171.674	239.845
400.408	329.541	161.533	236.732
424.298	323.520	178.190	239.066
417.611	318.663	211.070	239.941
421.061	315.870	226.130	237.884
422.911	311.273	240.187	235.708
423.010	314.012	250.012	226.029
423.318	311.484	248.295	220.193
419.725	310.163	242.066	218.077
422.050	306.564	230.756	220.769
428.540	306.192	202.864	217.532
441.965	301.301	160.919	222.733
397.065	303.370	197.556	217.625
359.038	307.965	149.105	211.799
344.411	306.558	132.335	208.697
322.382	298.748	144.704	212.998
298.617	292.638	156.086	218.880
263.181	287.638	184.176	225.585
253.856	293.683	187.256	219.529
250.060	289.673	191.575	227.040
253.393	281.924	185.433	236.030
261.340	276.199	177.137	242.192
285.115	264.262	152.929	247.568
300.584	259.517	144.460	247.631
302.985	256.047	152.951	249.826
306.847	253.367	163.818	253.850
305.467	254.066	180.580	251.188
306.673	252.615	193.169	246.196
310.509	246.969	190.865	247.885
310.432	243.077	192.967	248.707
312.422	240.167	188.171	248.819
321.990	242.964	177.487	243.778
311.804	242.636	180.073	247.385
306.923	248.253	175.786	243.249
302.570	253.999	166.621	241.688
294.553	258.596	167.498	241.272
287.861	261.447	174.261	238.550
278.738	260.619	149.582	239.061
270.844	265.062	141.802	232.982
263.420	265.800	136.288	230.389
255.429	267.388	134.584	228.455
247.806	268.990	132.232	226.951
242.291	269.738	130.765	224.811
244.415	268.095	127.767	225.052
247.566	267.492	125.667	224.536
249.361	266.824	125.683	223.822
251.670	266.949	127.947	222.605
257.167	270.984	138.809	220.197
259.381	269.798	152.225	222.073
263.628	270.752	161.727	219.853
265.777	267.596	167.528	219.885
264.927	265.131	172.340	220.559
270.714	257.019	174.067	226.254
271.999	249.607	174.916	233.965
272.522	239.392	172.992	242.436
273.034	230.022	169.540	249.262
267.827	222.530	171.533	257.374
259.624	208.404	179.557	266.288
252.039	205.808	190.028	262.611
248.105	202.495	196.556	261.523
244.216	200.487	207.554	257.977
243.268	200.165	216.557	255.249
241.522	197.570	230.842	252.661
240.549	195.870	227.211	251.836
238.667	196.847	218.799	249.716
238.422	194.774	216.472	252.326
239.680	197.669	178.428	248.255
243.956	201.418	179.234	247.013
246.472	213.295	174.916	233.770
246.752	207.340	177.635	237.948
250.107	212.354	176.221	231.706
249.028	210.561	175.384	231.168
247.838	207.686	177.127	231.962
248.157	204.985	176.473	233.372
239.644	209.075	184.861	226.473
229.210	212.913	191.346	218.155
221.377	210.026	196.083	219.121
204.396	201.128	204.315	224.084
200.905	207.454	199.522	215.917
193.382	208.297	207.911	212.796
186.494	204.319	209.010	216.781
187.763	200.653	209.032	218.436
172.725	199.541	229.139	212.983
162.788	200.282	239.651	207.205
153.106	196.708	247.289	208.033
146.775	194.380	250.705	208.653
139.141	192.989	257.416	205.584
133.916	191.215	262.339	204.250
130.518	188.995	265.788	205.388
129.266	185.777	263.510	209.716
127.435	182.229	261.068	219.035
126.073	178.483	259.957	227.514
132.660	181.960	246.353	235.032
134.297	192.598	241.177	230.669
135.894	200.359	233.196	227.825
136.800	206.545	226.906	226.828
134.162	212.383	225.509	225.042
133.254	218.353	222.222	222.615
141.785	214.630	212.005	227.875
142.088	215.359	209.827	227.679
141.895	217.212	210.533	223.969
142.674	218.344	208.750	222.386
139.983	219.934	214.787	218.626
141.348	221.177	211.849	216.664
139.654	221.171	215.960	214.557
134.587	226.561	225.176	206.138
131.932	227.964	229.870	202.880
131.997	227.964	230.263	201.057
130.633	224.526	233.173	204.385
129.957	223.043	232.946	205.572
129.813	221.293	233.988	206.528
128.474	218.880	232.938	208.599
125.693	216.065	232.327	210.213
120.785	212.732	235.337	212.585
119.839	211.990	236.660	212.785
116.904	209.533	238.576	214.681
115.722	208.342	238.131	215.241
111.192	206.647	242.266	215.252
109.424	204.073	242.738	216.505
108.089	201.790	244.437	217.658
104.229	198.091	247.568	219.683
101.312	195.814	247.864	222.727
95.628	191.533	249.986	223.458
91.857	188.846	254.358	225.472
90.115	185.161	249.619	228.413
84.214	183.835	250.176	228.853
80.111	181.295	249.395	232.581
75.908	177.981	248.430	238.200
73.118	177.367	249.433	239.359
74.049	174.939	251.622	242.854
77.435	177.061	255.424	241.777
83.253	182.124	259.483	235.333
95.634	193.365	256.476	225.333
116.707	193.560	256.926	224.259
132.713	192.005	259.441	223.534
143.801	187.420	267.951	222.267
155.856	183.414	272.325	219.307
170.453	174.536	273.763	218.909
187.898	152.717	285.070	228.092
189.453	145.285	291.389	247.329
197.089	135.188	296.988	269.244
201.310	126.456	311.384	282.147
206.005	118.179	309.079	296.778
206.146	99.473	291.739	221.721
205.879	105.321	290.633	185.438
207.706	102.920	288.608	189.738
206.067	101.984	285.189	186.383
204.179	103.457	288.484	185.725
201.419	114.773	284.287	184.743
199.665	125.934	279.046	184.590
196.612	137.525	274.270	187.832
192.299	154.568	272.093	191.594
182.771	169.768	309.376	199.621
184.030	196.738	311.747	193.657
179.738	204.438	281.194	207.696
174.073	208.815	278.938	216.389
165.897	212.584	257.644	227.531
160.359	254.405	246.670	199.674
151.174	264.433	246.093	208.111
300.278	167.954	280.234	153.795
300.301	164.834	276.605	158.332
300.967	179.627	269.332	152.385
124.206	256.611	264.146	232.380
150.634	231.289	256.122	226.082
154.743	227.044	265.732	219.508
156.081	211.255	277.806	222.074
160.153	195.601	300.458	223.308
168.398	178.473	316.898	231.733
171.262	144.687	282.647	276.942
178.865	132.271	265.516	218.916
179.159	126.014	265.724	194.925
183.889	115.959	265.567	192.339
184.383	111.719	266.255	190.205
190.164	110.786	261.451	189.121
197.358	116.358	250.407	188.244
195.418	125.835	244.775	188.590
197.484	135.490	235.853	195.380
252.947	221.651	252.327	198.317
195.285	169.496	344.473	224.448
192.427	178.382	345.452	206.762
191.314	185.152	345.906	209.676
182.030	178.330	329.436	231.521
171.685	174.892	354.035	244.185
168.183	162.440	370.644	253.088
188.404	154.267	343.688	178.003
240.035	164.805	312.342	148.044
265.890	161.807	279.006	148.051
299.352	169.067	228.944	141.538
294.407	172.421	265.265	158.664
228.615	165.698	313.469	173.510
188.157	198.386	287.983	239.730
185.079	200.146	202.739	231.490
200.743	195.748	180.826	226.196
226.874	181.986	194.040	221.205
232.740	176.058	185.733	220.901
242.249	170.474	178.672	221.790
246.408	163.249	173.299	226.176
244.242	164.509	178.882	219.830
264.699	160.859	165.478	217.418
254.835	160.921	176.245	216.971
254.229	157.512	175.540	223.316
254.724	156.906	176.459	221.883
264.732	157.127	167.712	220.038
271.055	158.343	161.420	219.412
277.073	158.803	154.289	218.639
278.632	158.505	151.369	218.496
279.989	160.082	150.742	217.829
283.676	161.130	146.410	216.185
285.582	161.753	146.123	214.659
287.156	161.478	146.240	215.535
287.586	161.167	147.177	214.892
287.052	160.124	147.988	215.497
291.493	157.274	144.099	216.209
287.157	150.531	147.032	215.833
278.150	147.515	157.006	218.733
274.388	144.814	165.186	227.501
277.006	139.657	169.808	236.319
278.348	138.463	193.464	243.393
285.770	117.625	192.347	272.644
288.223	112.104	168.460	287.466
289.766	206.344	226.047	200.163
306.717	236.899	253.465	166.497
310.296	250.736	251.780	160.147
320.681	254.007	251.749	165.100
310.458	257.167	270.144	163.052
305.292	251.005	272.492	164.345
302.588	238.910	270.507	170.944
322.830	226.629	263.309	175.613
306.976	210.568	267.038	180.638
300.465	201.036	265.145	179.312
286.518	157.366	155.238	256.918
304.791	182.608	237.883	170.922
334.901	176.620	197.021	197.610
325.995	168.931	175.946	195.417
322.641	169.970	143.957	199.104
329.828	172.390	134.615	195.979
330.703	177.704	135.683	192.853
328.368	175.414	128.576	192.156
322.651	188.943	133.813	182.276
305.057	177.124	159.258	189.857
302.100	182.803	202.064	192.771
304.632	188.892	140.566	212.580
306.519	189.479	133.526	186.894
295.269	190.496	196.119	188.822
315.598	183.097	273.177	140.646
304.408	186.772	306.429	147.972
317.837	184.843	303.518	146.628
372.452	190.247	262.722	140.969
395.337	199.055	261.884	142.281
407.377	205.449	239.134	140.092
414.193	209.538	239.605	143.105
421.531	213.375	237.676	144.154
426.328	218.324	233.564	143.363
434.831	226.038	228.526	142.295
437.668	230.242	227.107	141.618
439.094	231.766	227.840	142.570
439.130	234.036	227.147	142.530
438.629	236.757	222.920	142.242
432.321	241.027	222.906	141.691
425.175	244.416	227.685	140.499
421.002	246.420	235.926	140.460
410.586	247.443	235.227	141.361
404.252	251.545	231.414	137.744
363.254	242.046	254.781	148.556
351.844	230.219	251.955	160.667
343.133	208.440	230.826	183.740
342.278	202.715	174.681	191.284
332.129	203.318	174.515	189.470
368.619	195.700	146.759	188.746
320.348	193.316	203.923	194.589
339.930	191.648	184.588	194.805
286.495	261.710	147.200	133.638
281.317	274.144	196.737	113.803
276.869	262.720	200.973	124.638
272.895	254.290	203.556	133.102
273.248	252.460	202.576	134.199
274.319	257.981	194.532	128.380
277.598	228.244	191.727	159.736
379.978	197.776	165.121	188.710
319.356	198.573	175.553	189.201
310.933	206.282	179.987	186.176
311.344	207.058	167.073	191.137
306.483	203.935	223.324	195.791
334.218	255.546	248.926	148.082
370.110	271.959	217.622	134.104
378.958	270.842	216.065	137.607
388.942	274.016	214.414	136.893
397.981	274.339	211.564	139.242
413.815	272.952	214.051	144.425
419.980	274.427	209.331	141.292
420.883	273.160	207.259	143.178
422.974	274.032	205.874	142.662
422.967	274.804	206.533	142.314
422.122	275.969	207.579	143.025
419.660	277.060	208.426	142.485
417.369	279.179	209.216	141.622
413.830	279.798	207.783	142.015
410.285	280.696	207.927	141.570
405.831	281.668	209.724	140.128
398.097	279.208	205.517	142.969
392.290	280.056	208.976	139.762
388.338	278.293	210.563	139.857
384.642	274.960	208.204	141.367
381.452	271.395	211.604	140.193
374.749	257.684	207.686	142.654
372.745	251.107	217.758	140.356
368.304	244.240	217.412	139.984
362.764	235.567	224.479	139.553
364.193	230.665	214.312	136.697
356.744	218.637	227.161	132.812
335.607	213.095	264.199	133.315
334.571	207.922	251.545	137.309
337.623	208.292	269.281	126.429
342.222	203.675	250.824	129.116
361.523	203.457	244.336	117.963
372.246	199.942	235.941	117.367
383.048	198.582	228.923	117.037
391.532	199.773	220.487	116.855
399.412	199.308	217.653	117.344
410.150	203.161	217.687	116.485
417.395	205.471	217.124	117.668
423.490	208.307	216.762	117.800
428.858	210.878	216.135	119.730
433.036	215.952	214.773	119.210
443.372	221.781	213.962	122.809
451.965	224.588	202.746	125.065
406.481	224.751	223.785	151.394
400.786	221.162	246.636	155.287
400.872	209.896	243.622	170.678
358.100	193.850	202.185	192.718
424.107	187.103	237.206	199.173
433.425	190.376	243.074	203.013
441.408	185.540	233.705	213.075
448.228	186.426	227.007	215.921
460.344	194.467	223.037	216.791
471.112	193.783	184.681	228.216
480.229	286.785	222.582	134.907
503.602	284.160	198.979	140.510
491.246	290.195	209.307	142.860
491.103	294.663	214.119	137.992
485.903	295.119	223.732	136.727
484.333	294.255	220.596	137.936
481.807	293.700	223.399	137.186
479.868	291.670	225.596	136.211
478.319	280.713	233.113	143.555
473.214	277.834	232.016	140.284
476.408	261.162	226.046	149.564
468.946	254.216	232.900	148.723
472.208	253.494	218.925	143.820
470.622	255.675	222.606	137.364
469.760	254.394	227.822	136.587
470.167	252.379	229.809	137.442
463.304	249.655	233.301	136.591
462.573	245.419	240.526	135.868
464.076	235.931	231.190	134.807
464.685	232.153	237.551	133.245
466.236	231.137	224.496	128.669
465.627	228.176	230.368	128.836
465.493	227.935	222.697	128.023
462.719	228.647	228.019	128.500
459.678	230.999	221.572	131.119
459.314	234.196	223.085	131.365
440.431	238.298	241.777	128.753
440.559	235.749	231.772	130.806
421.682	229.890	171.558	190.806
395.480	220.696	184.383	190.402
398.036	215.889	145.147	196.143
397.996	213.564	158.662	188.847
415.747	208.635	143.059	191.244
430.867	211.844	137.689	184.817
433.397	215.692	137.149	176.576
436.924	224.079	135.373	166.630
440.112	226.516	132.038	161.115
435.646	228.247	132.564	157.890
422.390	214.844	132.257	169.938
408.603	196.518	137.070	187.857
384.506	196.811	149.863	191.033
369.498	189.118	150.355	199.792
357.696	192.723	180.930	201.193
385.034	241.211	250.812	168.781
366.737	220.606	299.056	173.247
413.092	248.307	262.804	140.360
430.064	252.274	236.115	139.776
437.190	258.580	237.288	139.739
451.712	265.836	237.693	142.083
453.547	265.975	245.577	146.822
456.886	270.323	241.130	146.707
458.438	270.231	245.758	150.522
459.440	271.642	240.434	150.474
453.677	274.236	241.337	151.487
447.967	275.647	246.714	150.030
442.032	278.166	248.400	148.504
433.929	277.748	255.395	148.275
422.284	279.299	258.665	146.213
403.021	281.917	243.767	145.171
382.308	282.941	271.270	148.647
370.165	274.098	235.704	150.717
353.764	260.595	221.540	183.295
314.936	230.422	161.484	214.265
333.495	229.508	154.969	214.931
333.715	225.731	161.716	215.114
332.318	220.526	202.400	223.716
328.756	208.301	197.794	240.740
329.131	195.760	179.669	258.972
331.358	193.438	218.002	274.955
325.356	326.241	244.899	146.384
327.995	342.258	261.660	134.110
356.036	335.188	250.467	145.272
345.308	337.837	261.621	143.947
348.341	338.748	260.404	148.638
351.573	339.433	264.485	149.364
353.962	337.504	268.780	151.637
355.885	336.076	270.552	153.091
359.208	335.922	275.822	152.401
365.844	320.556	287.515	163.114
370.274	309.196	277.098	168.052
367.092	269.608	287.083	198.744
326.143	240.577	308.260	217.680
329.837	250.548	303.453	196.409
314.724	255.641	316.865	186.704
325.712	247.108	324.473	177.033
323.147	238.439	310.376	167.230
317.208	235.021	319.528	167.989
317.045	228.640	325.988	151.007
351.249	219.139	287.449	138.693
368.673	218.952	266.281	139.570
377.529	217.405	258.463	139.744
383.413	219.448	254.721	138.037
384.876	222.158	252.694	135.815
383.657	229.110	245.335	136.096
385.742	229.204	243.972	139.847
388.910	236.773	236.790	136.104
389.441	240.693	234.746	136.574
387.714	246.198	235.724	135.766
375.715	256.238	238.999	134.714
369.938	254.053	247.069	143.895
340.921	248.416	273.052	160.157
316.547	234.237	282.610	184.406
320.562	218.265	256.234	196.392
338.763	204.935	223.700	219.788
350.470	199.616	200.998	236.432
363.586	196.286	181.331	245.611
378.484	195.718	166.976	248.924
387.098	197.278	153.402	251.919
401.883	197.456	143.778	259.969
409.797	204.021	143.847	253.788
453.566	259.487	102.065	202.219
440.970	291.385	115.076	187.355
464.051	279.313	103.477	176.831
477.305	299.073	100.394	155.262
476.317	299.650	105.612	152.967
479.989	275.979	107.306	171.104
486.016	275.275	104.957	175.018
485.868	268.657	111.785	178.860
487.196	266.956	104.693	183.654
485.239	269.989	110.388	180.645
486.455	271.775	110.414	179.169
487.972	270.820	106.558	180.777
490.842	269.380	106.750	183.750
488.917	271.603	115.798	184.874
489.775	273.180	122.641	182.900
490.837	272.429	127.141	183.651
491.150	269.219	134.052	183.115
487.538	268.840	139.933	184.319
484.879	265.449	146.205	182.600
483.217	259.067	147.417	183.070
473.834	256.160	146.811	186.458
475.784	253.152	140.388	186.030
474.683	250.236	123.884	185.272
387.512	244.325	126.808	174.911
387.085	234.914	147.231	184.542
388.406	217.659	141.260	199.945
391.834	204.171	121.307	213.767
390.165	191.850	122.346	226.165
383.601	183.255	121.549	237.319
367.963	159.969	130.387	263.936
365.883	148.829	129.884	276.677
361.148	153.288	130.262	279.213
359.877	143.578	125.276	287.754
354.904	136.446	123.804	303.085
344.098	148.129	122.289	293.496
336.303	214.494	119.327	238.437
329.750	269.245	114.089	185.434
326.779	272.221	110.905	179.466
325.345	267.634	105.996	184.005
323.835	267.252	103.036	182.466
323.503	265.351	102.973	180.626
322.021	263.865	104.926	180.821
322.263	263.181	104.898	179.697
323.042	262.255	104.382	180.793
324.984	260.761	103.619	182.968
325.809	263.163	104.576	179.960
325.966	262.193	104.947	180.855
325.842	260.955	106.420	181.569
324.592	262.057	108.840	178.992
325.147	263.676	106.782	178.839
326.383	263.725	104.714	178.976
324.332	267.110	104.128	177.514
321.980	269.192	104.722	176.697
319.178	274.343	105.584	170.710
312.303	279.436	104.117	167.616
307.290	284.035	104.434	162.115
302.851	285.609	102.840	158.035
298.157	281.277	103.177	157.653
292.687	289.431	102.765	149.272
280.096	271.770	99.858	157.094
350.454	182.724	116.634	154.633
273.525	262.482	97.180	164.798
270.221	259.802	91.889	159.007
264.569	253.908	101.370	164.621
257.873	248.796	96.572	161.182
256.648	245.189	99.764	163.171
254.738	243.352	99.425	162.420
258.446	244.615	92.352	158.882
252.025	243.261	100.009	159.910
365.796	279.046	94.938	138.572
359.307	288.356	97.657	132.480
356.648	289.829	100.105	132.491
353.204	292.130	95.213	135.267
349.437	296.479	94.169	132.481
341.965	299.268	93.456	133.263
362.457	300.869	116.914	131.759
357.012	308.304	119.592	138.936
329.380	309.193	103.944	123.201
330.521	304.221	99.707	124.485
321.885	312.283	103.831	116.779
320.082	315.249	103.819	111.645
317.744	299.787	103.289	111.844
316.506	285.262	104.349	129.052
315.824	286.233	106.991	131.060
314.664	296.006	108.210	126.735
311.614	296.775	108.263	130.029
306.538	233.007	116.816	194.888
301.671	183.132	120.186	244.603
304.177	180.130	116.897	246.727
306.469	177.371	115.720	250.327
307.016	178.107	116.220	249.279
305.272	181.456	116.179	245.985
298.877	184.094	121.623	239.733
295.568	187.187	126.730	240.654
276.907	183.554	125.577	174.924
268.338	186.837	117.972	176.929
355.051	298.885	116.590	142.888
247.388	201.848	121.357	168.318
372.390	291.316	114.314	156.008
393.759	284.457	113.343	159.709
402.303	285.425	111.146	157.929
411.044	282.840	109.727	159.738
418.589	280.369	110.881	162.639
426.171	275.266	115.968	168.751
439.653	272.462	115.587	166.914
444.313	270.725	109.637	166.120
450.879	261.941	108.272	171.602
451.802	262.657	111.522	168.512
457.774	259.411	111.055	167.986
465.763	257.798	109.765	166.529
469.499	252.891	109.073	171.828
469.208	254.830	110.593	169.578
474.656	252.925	110.844	171.600
475.168	255.967	109.785	170.277
481.239	254.011	109.389	173.588
480.009	255.117	109.218	174.935
484.065	253.026	110.122	176.395
484.344	253.667	109.096	178.087
485.087	254.226	109.435	177.976
483.393	255.859	105.393	176.312
481.509	250.654	110.535	179.883
477.940	250.772	106.393	179.739
475.599	243.360	113.324	183.931
470.989	239.128	103.431	187.976
449.807	237.169	114.546	184.573
404.391	226.074	148.281	183.999
411.755	226.002	137.159	184.790
409.437	218.228	141.424	191.487
400.662	212.946	155.982	196.381
379.336	199.342	133.197	204.090
454.861	212.375	160.634	207.737
463.167	217.386	114.554	197.985
466.527	231.024	110.626	184.474
464.785	238.202	112.503	175.893
460.320	237.825	112.471	176.991
453.766	233.732	115.097	182.161
450.923	238.967	111.818	177.623
445.426	242.341	111.525	176.879
440.014	245.111	110.365	177.531
437.809	241.815	114.619	180.010
386.715	222.789	131.553	185.217
382.925	219.741	139.226	189.641
382.612	218.384	140.023	190.282
382.706	219.529	139.252	188.846
383.733	217.731	139.862	190.567
383.706	220.535	139.164	188.682
384.413	218.515	139.665	189.691
384.307	220.410	137.033	188.713
384.681	218.348	139.969	189.333
382.767	220.535	142.498	188.214
383.411	218.850	142.686	189.285
384.053	219.590	140.325	189.175
384.006	218.639	141.321	189.085
384.017	219.402	140.206	188.507
383.837	218.767	142.101	189.143
382.954	218.460	141.302	188.847
383.553	219.655	141.935	188.069
383.633	219.276	139.017	188.913
383.431	218.774	142.219	188.604
382.954	222.143	139.644	186.699
382.338	219.400	141.553	188.644
382.633	220.784	138.418	188.245
381.807	220.052	141.327	188.265
381.694	220.159	140.318	188.964
381.154	220.921	142.393	187.608
381.556	220.522	139.613	188.910
381.900	222.454	140.694	187.046
382.355	219.716	139.461	188.481
382.279	221.706	139.448	187.609
381.655	221.468	142.586	187.764
381.562	221.156	139.864	188.648
382.280	220.405	141.793	188.308
382.247	221.030	137.130	188.216
382.659	220.440	140.592	188.242
382.071	221.203	138.258	188.669
381.794	220.698	142.481	188.717
381.332	221.408	139.245	188.863
382.187	220.921	140.996	188.066
381.771	220.275	138.673	188.896
382.488	223.808	140.602	186.718
381.971	221.554	141.681	188.095
382.930	223.583	139.511	187.343
381.581	223.734	143.941	187.381
381.410	223.461	144.761	187.613
379.934	228.988	153.307	184.710
379.413	224.725	157.735	186.463
373.798	227.837	168.418	188.378
370.209	226.073	173.313	189.701
376.505	228.067	171.985	188.912
352.154	231.379	149.060	184.648
340.642	231.562	137.416	187.220
336.154	182.981	124.759	231.122
328.951	235.847	119.308	188.254
321.194	237.866	122.275	185.253
309.237	240.074	110.845	186.046
304.892	242.683	106.486	181.717
292.762	242.476	111.590	180.574
290.625	246.925	104.531	175.817
284.230	246.404	103.457	177.684
272.144	248.009	103.037	176.158
268.039	248.745	103.229	174.648
264.531	247.720	102.541	176.148
262.344	247.086	101.237	177.892
260.462	246.668	100.255	178.618
258.056	247.669	100.300	177.679
257.018	247.353	102.634	177.657
257.646	246.885	101.703	178.089
259.653	246.222	100.932	178.583
261.240	246.885	102.492	178.174
266.786	244.979	103.984	180.162
269.601	243.667	106.092	180.617
272.784	241.446	107.036	182.894
275.017	240.733	109.847	184.295
277.255	239.868	111.828	184.931
283.297	238.431	111.808	186.546
287.592	236.213	112.433	188.169
292.265	235.862	112.840	188.649
296.974	234.071	113.131	189.774
302.105	231.560	114.304	191.451
315.025	227.302	116.972	193.039
320.731	226.171	121.688	191.791
326.646	222.429	125.491	193.916
335.721	218.716	125.155	194.964
348.263	216.820	124.488	194.942
368.905	211.225	119.178	196.701
379.353	207.273	117.092	211.589
390.554	205.719	114.170	212.497
399.802	204.346	117.372	220.581
402.662	200.168	129.162	218.689
405.154	196.156	132.749	229.884
399.539	197.076	142.792	234.813
420.227	190.517	177.250	233.348
425.720	190.437	205.785	224.898
390.347	214.195	196.485	262.762
404.620	191.008	151.133	232.768
396.673	195.180	144.710	230.417
396.044	198.839	133.655	231.690
390.785	202.183	133.940	226.886
383.920	205.063	137.717	231.563
364.621	209.828	126.347	224.089
350.378	218.405	125.868	208.096
340.529	226.125	127.598	203.387
329.152	229.885	135.062	203.456
317.428	234.686	135.133	202.143
292.990	242.604	128.618	204.279
280.437	247.900	132.942	200.312
269.049	250.229	131.182	201.652
257.786	255.175	130.748	199.087
247.008	258.044	127.528	197.063
230.586	263.852	122.859	195.600
222.830	267.551	124.028	191.788
217.313	269.310	123.343	190.937
213.269	271.419	123.332	191.258
212.195	271.952	120.883	191.802
212.369	273.783	118.884	191.483
214.035	273.935	118.599	191.895
216.203	274.754	120.380	192.773
218.810	274.604	122.830	193.897
222.501	272.921	125.199	195.969
233.131	269.017	128.136	200.435
240.707	265.374	131.881	204.448
250.798	261.724	133.280	207.737
260.552	259.968	134.519	208.676
268.987	257.775	139.454	208.662
293.494	252.889	146.833	208.145
306.966	247.482	148.316	209.284
320.670	241.942	149.358	213.574
335.364	236.769	146.141	213.054
348.547	233.248	137.626	212.894
372.003	227.414	134.198	220.383
378.273	228.238	136.663	210.522
387.068	225.825	152.628	229.869
392.546	226.277	151.648	216.192
396.715	226.339	149.254	209.568
398.935	228.510	154.628	210.877
396.844	228.323	152.601	211.942
392.677	234.450	152.895	209.031
389.765	238.195	150.144	206.517
385.418	240.213	146.562	202.331
372.377	240.654	134.486	210.294
363.116	242.559	138.190	241.411
352.487	249.283	135.705	213.535
346.297	251.164	130.116	214.727
335.116	254.175	139.774	210.913
316.627	257.402	144.102	209.927
304.109	260.018	146.905	210.856
291.321	261.307	146.848	212.144
280.519	263.956	143.325	212.436
269.551	270.039	140.528	207.928
254.316	279.011	131.074	204.005
246.252	281.165	130.839	202.982
237.696	281.715	132.674	203.239
231.811	281.831	131.429	203.766
225.230	280.818	132.568	204.529
219.259	280.453	133.215	204.873
213.982	279.551	134.218	206.103
215.919	279.076	133.004	206.181
214.190	279.607	134.420	206.812
218.691	280.121	131.657	205.335
223.982	280.728	130.929	205.295
235.430	278.565	130.472	206.398
243.376	273.529	132.692	207.752
251.415	266.352	136.746	208.914
261.212	260.268	137.350	210.548
271.585	256.024	138.303	211.260
288.718	242.538	144.917	213.267
296.152	238.778	148.122	214.285
303.879	231.936	149.789	216.776
312.431	226.352	150.781	218.546
321.447	219.289	152.640	220.130
340.218	204.617	160.232	223.673
349.853	197.507	162.232	227.515
357.109	191.357	171.378	229.900
365.612	183.392	172.799	232.693
372.768	177.061	180.824	233.259
390.369	168.333	180.413	236.019
397.894	166.576	183.427	239.016
405.180	165.466	183.014	240.432
411.236	165.302	178.160	241.068
412.683	166.724	180.017	238.119
419.082	175.713	176.909	236.391
422.343	183.303	171.718	238.428
423.532	191.148	167.096	238.487
420.582	200.297	165.051	246.212
413.234	211.964	165.759	250.111
394.669	233.765	178.530	247.373
389.033	243.957	184.047	244.895
380.577	252.692	195.935	241.316
375.004	260.573	197.817	241.317
369.312	268.205	158.929	240.224
354.062	272.027	149.798	238.086
476.510	256.749	126.517	224.213
507.134	274.433	174.806	211.585
487.857	263.946	148.597	218.838
338.202	275.696	155.438	230.313
330.506	266.723	148.331	225.799
329.170	261.105	145.403	226.656
325.905	255.022	145.550	225.192
323.629	249.496	147.806	225.542
512.786	313.168	122.817	242.503
521.379	327.624	121.123	238.700
518.811	341.954	122.726	234.046
520.836	349.698	128.035	226.302
517.517	358.396	128.313	217.604
515.149	364.385	131.696	211.615
512.802	370.389	127.554	205.108
512.881	371.918	122.586	199.858
512.642	372.469	122.025	197.328
508.127	365.563	125.424	194.271
509.418	362.783	122.165	197.230
506.415	363.426	115.986	191.377
505.814	362.185	115.206	189.254
502.234	358.255	112.633	188.536
497.031	359.610	112.549	180.753
493.662	361.785	113.538	166.566
485.253	339.966	119.988	176.661
473.778	263.843	126.877	242.748
415.727	184.745	178.193	290.532
416.092	190.699	183.439	298.258
419.970	203.458	183.823	276.998
421.175	229.135	185.784	247.605
422.791	243.948	183.061	244.955
421.406	252.996	184.975	245.259
418.148	260.625	189.377	244.126
413.638	269.365	193.893	240.630
407.497	281.375	162.657	234.382
400.026	280.282	164.934	234.858
395.528	284.762	158.903	229.753
390.314	285.314	156.874	227.897
386.088	285.413	155.411	228.671
377.663	279.934	156.314	225.974
374.371	275.366	152.718	226.093
374.791	270.968	148.625	224.509
370.403	268.073	145.677	219.518
366.340	259.800	145.141	219.884
360.611	246.293	142.296	218.919
357.747	238.606	143.838	220.832
354.529	230.452	145.170	219.573
352.585	220.907	146.146	222.130
350.182	214.803	146.206	222.990
345.754	204.299	150.522	217.153
340.972	194.835	155.719	221.441
338.162	187.004	160.068	221.583
336.889	181.873	162.111	222.983
335.984	177.384	165.125	221.205
337.236	168.624	163.113	220.444
337.730	165.395	161.562	219.560
338.813	161.650	159.761	221.131
338.980	159.981	159.383	220.666
341.095	157.375	160.390	219.758
344.508	157.449	156.732	220.033
345.626	156.460	157.313	221.576
346.634	156.784	158.016	222.609
346.941	156.700	159.970	221.989
346.770	157.516	161.333	223.877
349.103	161.454	163.872	227.140
351.884	164.913	162.865	227.350
353.181	169.206	159.494	228.895
353.889	174.165	157.380	228.690
355.461	180.199	150.554	230.424
354.772	197.554	154.164	228.979
352.624	206.862	146.748	227.707
350.323	216.091	140.245	226.447
351.231	225.648	131.656	224.971
352.437	233.212	134.213	223.449
353.639	243.776	143.942	224.261
354.294	251.173	145.590	221.209
354.393	255.933	145.869	220.878
352.874	259.899	146.492	221.595
355.066	264.643	143.905	220.830
352.398	272.308	142.388	218.214
351.463	275.093	141.779	215.745
351.596	276.119	139.599	216.070
349.567	277.465	139.398	216.338
346.380	278.982	141.431	217.026
340.111	280.922	143.435	214.461
338.736	281.750	143.936	213.365
337.523	281.567	144.025	212.869
336.479	280.971	143.054	214.502
333.899	279.592	142.737	212.898
320.960	274.611	148.319	211.525
313.800	271.789	150.678	213.059
304.865	268.655	151.275	215.003
294.797	267.349	153.715	214.807
283.316	266.333	155.989	212.649
259.544	263.191	156.772	209.116
249.304	261.468	155.860	209.570
238.826	258.734	154.070	210.488
229.514	257.304	149.707	211.669
217.695	254.542	145.691	214.155
200.251	253.007	137.408	210.674
191.167	255.929	135.627	207.446
183.778	258.118	135.010	203.152
178.505	260.187	131.566	200.640
175.303	263.554	127.597	196.378
170.450	265.036	123.427	193.413
169.104	265.233	123.088	192.143
170.146	263.457	120.663	193.077
173.987	261.082	120.772	194.463
176.341	259.516	123.047	195.163
186.717	253.147	124.923	200.220
194.564	249.556	127.695	201.973
202.933	246.292	131.024	203.229
210.206	243.208	135.139	206.885
218.607	240.826	140.002	208.464
242.825	235.646	142.168	208.503
255.243	234.547	141.880	209.327
268.101	233.147	145.863	208.043
282.686	230.638	147.057	210.087
294.494	226.682	151.705	212.488
330.014	219.014	154.909	213.470
345.617	216.644	144.647	209.088
361.857	213.296	130.248	208.194
377.583	209.716	132.349	220.931
392.302	206.265	139.898	220.688
411.011	201.644	130.926	216.069
414.549	200.000	158.583	210.340
426.020	204.886	161.554	199.381
430.237	201.785	159.908	202.164
434.703	201.290	157.998	201.170
439.276	203.191	150.641	201.581
438.309	205.212	147.503	200.512
431.967	206.760	147.130	200.888
427.609	206.252	143.803	203.888
416.489	206.589	144.710	204.039
407.256	208.528	141.153	200.750
382.881	212.957	125.444	230.394
364.061	214.386	128.465	217.402
350.576	219.245	123.746	214.081
335.968	222.047	122.539	202.942
322.836	226.901	130.596	203.133
297.717	233.340	139.325	205.425
282.358	240.561	141.030	200.688
269.954	246.369	137.103	200.442
259.662	251.297	131.885	199.457
249.295	256.471	129.191	197.108
234.376	256.077	118.150	201.752
224.676	262.239	123.375	195.658
220.429	263.162	122.777	195.173
218.750	263.505	120.529	194.550
219.274	264.288	117.827	194.649
222.489	263.096	118.197	195.701
225.053	263.955	120.026	194.665
229.305	264.968	120.627	193.518
235.427	264.083	119.948	193.958
241.048	261.721	121.362	195.765
254.517	255.906	123.356	197.213
263.283	254.550	124.269	196.535
542.609	274.360	97.846	177.170
536.764	269.173	92.078	184.517
529.304	266.568	93.157	187.535
515.624	268.313	97.404	184.703
506.081	264.205	105.344	190.452
335.636	229.094	133.617	195.475
347.866	224.039	135.816	194.821
360.220	220.947	136.574	192.605
386.226	212.833	120.632	191.537
401.188	209.580	121.754	213.465
412.938	206.998	123.936	221.879
425.895	206.785	132.785	206.481
429.089	202.020	131.934	208.473
444.582	196.971	149.843	191.728
445.592	199.965	146.657	189.559
449.113	200.506	147.083	186.798
452.630	199.043	145.804	187.880
456.005	199.920	140.907	188.075
455.006	202.955	133.954	186.834
451.176	205.417	132.227	186.956
442.763	207.733	134.140	185.176
429.671	207.963	135.248	196.189
422.247	210.164	131.151	199.953
406.279	214.220	118.692	209.096
393.798	219.903	121.605	206.727
380.246	225.534	118.942	201.196
365.250	227.850	114.872	189.683
455.855	260.884	100.723	173.817
470.127	268.003	101.877	175.306
478.137	254.708	112.604	189.991
485.704	259.679	102.256	194.061
495.078	265.026	104.636	185.190
503.294	256.880	101.869	198.636
521.698	273.701	95.517	183.225
522.016	267.418	101.059	183.854
530.501	267.711	98.603	187.178
533.383	278.152	93.951	170.739
536.321	276.959	95.542	171.706
542.410	278.770	94.810	169.115
541.251	277.426	94.078	170.858
543.794	278.323	94.575	169.837
542.919	279.654	95.502	168.243
542.344	278.937	93.882	168.645
537.738	274.983	92.882	172.290
533.880	274.120	93.506	171.487
529.099	272.522	93.539	174.124
523.361	271.513	94.728	175.539
517.282	268.348	92.485	178.485
504.037	267.700	93.475	179.854
496.803	268.849	98.776	175.546
313.448	231.508	130.004	186.248
327.498	227.252	130.608	186.408
334.671	224.380	138.552	185.958
363.206	218.614	123.084	183.768
381.106	215.401	116.442	189.170
398.350	212.181	116.776	203.466
414.450	210.512	123.144	203.332
422.321	207.870	123.335	201.621
438.395	203.879	142.735	188.107
456.275	207.829	136.427	177.069
461.777	207.624	133.059	179.579
466.307	207.955	133.429	176.757
469.636	207.607	132.194	178.581
471.871	208.721	133.382	177.477
472.701	208.721	133.101	179.051
475.548	209.238	131.324	178.120
477.957	209.746	130.822	178.311
407.637	254.686	92.710	178.651
403.165	258.022	97.718	172.628
401.367	258.160	97.110	170.916
409.656	252.717	96.262	173.574
406.720	255.441	96.166	172.033
404.699	256.072	97.208	170.851
406.767	256.047	97.846	172.025
406.091	256.397	98.323	172.177
499.493	211.531	121.985	170.407
500.565	207.457	123.475	175.364
504.437	208.523	119.267	173.936
502.423	209.229	120.524	174.281
501.784	210.001	120.105	175.697
501.348	211.247	117.916	174.988
500.264	210.977	115.783	175.433
495.663	212.437	115.397	173.881
484.526	211.085	115.850	175.955
479.170	217.172	114.011	170.513
471.916	214.108	112.898	174.020
464.103	217.684	112.982	169.599
452.684	222.660	115.202	163.898
444.257	219.449	102.452	167.015
357.615	263.092	99.820	185.016
417.413	233.249	108.050	191.250
395.465	219.704	101.942	189.799
381.935	226.369	107.470	204.584
360.820	224.976	95.141	169.543
428.967	287.798	84.854	155.410
343.189	225.569	106.761	165.193
332.520	228.545	113.046	165.741
431.297	276.312	100.515	161.549
306.193	228.052	110.257	172.559
458.268	273.736	90.609	175.611
466.133	271.167	93.496	170.504
470.782	273.054	91.779	165.594
477.597	237.850	86.320	184.930
479.646	268.376	89.723	170.777
486.818	266.061	91.737	168.024
491.697	270.124	82.197	162.031
487.139	262.557	91.629	167.936
489.303	258.559	87.994	170.825
489.063	257.133	86.093	170.690
487.779	256.090	84.288	173.046
484.495	257.294	84.570	171.751
480.629	256.509	86.639	169.897
475.642	255.532	87.375	170.293
466.134	264.688	85.859	168.144
461.049	266.143	92.334	161.928
458.231	257.892	93.373	168.946
451.093	259.494	91.482	165.841
439.708	264.132	95.119	168.867
300.983	219.387	116.786	169.419
314.981	212.093	119.723	173.936
323.005	210.513	118.450	173.398
331.269	209.650	112.327	170.356
340.442	208.243	108.691	170.497
359.412	201.718	110.778	173.516
369.532	200.813	117.387	176.327
370.351	198.209	120.629	169.381
350.426	207.654	129.779	170.973
389.528	191.544	131.644	170.120
386.565	161.391	146.060	191.768
311.397	271.297	101.326	165.684
411.858	208.126	129.160	169.414
417.297	190.519	133.205	161.940
296.661	269.344	96.828	162.455
291.491	269.185	93.720	159.597
290.501	271.089	96.622	157.427
289.362	268.385	95.703	159.807
288.433	267.301	96.626	161.289
288.297	267.521	95.583	161.513
305.995	235.248	118.040	160.310
291.470	265.224	96.478	165.734
295.277	269.443	96.501	160.066
299.631	272.117	94.237	158.909
390.603	211.055	123.869	163.196
381.706	208.259	127.295	167.337
367.565	220.286	119.676	168.353
317.126	244.496	102.394	195.020
335.742	228.478	115.309	191.503
327.082	232.887	106.962	197.504
351.815	270.231	96.148	173.960
291.423	253.666	95.623	167.420
381.964	284.464	84.536	159.661
272.594	263.530	108.059	166.584
384.225	277.193	96.693	169.932
390.330	284.859	92.231	167.644
395.713	287.367	94.754	165.194
396.622	288.483	86.566	163.216
398.510	282.676	91.577	169.306
402.045	288.257	87.534	163.617
403.278	295.231	85.042	156.126
401.936	298.877	85.037	149.908
400.634	276.528	88.746	165.565
397.982	282.670	86.294	161.132
343.515	279.435	131.156	165.819
388.733	272.914	89.761	168.701
386.216	273.602	95.915	159.827
385.195	272.025	96.869	163.843
262.320	303.254	102.942	167.549
265.029	299.329	106.347	169.996
267.677	298.927	110.358	165.073
277.805	298.227	112.292	163.766
283.764	297.522	111.695	163.097
288.695	294.126	114.221	164.538
296.117	292.570	113.054	167.092
301.413	291.301	114.762	167.387
306.393	292.645	119.006	162.399
313.027	290.862	112.591	164.591
319.834	289.456	117.683	164.631
330.051	286.370	115.067	167.241
341.670	278.041	117.616	174.666
362.108	246.384	120.628	201.434
365.189	239.102	119.739	203.190
371.815	244.129	128.741	193.416
372.533	246.033	135.709	184.333
374.161	248.665	140.812	172.792
405.691	244.103	126.405	170.931
410.482	241.824	129.013	166.682
411.996	234.608	131.712	168.467
417.677	231.430	132.564	165.591
405.041	211.732	132.322	186.108
421.830	221.331	136.455	159.651
406.242	200.800	140.118	180.262
420.221	215.061	137.804	159.548
397.041	234.005	124.163	188.789
404.856	179.684	139.723	183.711
407.115	207.863	132.541	157.724
403.278	204.528	128.796	157.209
397.139	204.384	125.600	155.601
388.693	204.175	118.074	160.085
385.484	205.618	103.895	154.279
366.855	209.428	107.940	166.555
359.636	214.136	104.743	158.526
349.339	216.788	105.348	158.473
341.914	218.616	105.986	160.542
336.090	222.627	114.864	160.937
319.059	229.240	113.725	161.722
312.003	232.490	114.537	161.906
304.228	237.218	114.465	162.030
299.797	241.053	111.908	162.821
294.697	245.736	110.877	161.885
288.751	255.964	104.448	160.599
286.972	262.678	103.205	159.818
284.659	267.845	100.889	159.942
283.822	273.883	99.262	158.957
283.209	278.199	97.741	159.681
282.291	285.151	98.758	159.271
284.250	286.745	98.350	162.616
288.343	290.686	98.519	160.870
292.362	292.961	97.287	158.963
296.260	295.239	98.861	157.466
307.652	293.963	100.014	157.898
313.123	293.232	103.506	158.513
320.848	291.143	105.612	159.746
330.378	289.383	105.469	159.766
340.687	287.527	105.266	158.724
358.078	280.256	109.954	160.007
368.284	279.913	110.758	155.650
380.216	275.940	110.382	157.350
389.467	269.256	111.222	159.683
397.639	263.994	112.621	159.725
405.256	253.555	121.801	159.034
407.112	247.082	127.717	161.742
405.763	239.723	134.346	161.757
405.765	235.694	138.313	163.875
406.573	229.477	139.505	172.529
409.472	222.235	137.440	184.773
411.493	218.556	135.634	192.589
413.197	216.805	132.834	200.640
414.658	214.193	129.143	208.531
415.241	213.646	123.351	213.652
409.995	209.983	120.789	226.692
404.094	212.243	125.954	227.714
393.266	212.679	136.387	228.669
383.258	215.873	152.555	218.686
374.628	218.005	162.158	187.322
357.549	227.202	135.284	167.889
475.220	290.685	88.208	155.617
478.798	288.361	91.119	157.454
314.957	251.954	137.527	176.305
488.996	286.301	87.075	160.936
499.419	282.692	91.662	155.782
502.971	282.470	91.312	153.353
507.855	280.294	91.899	152.865
511.104	281.862	91.307	148.887
513.351	276.277	91.388	151.107
519.856	268.469	89.838	154.264
522.029	269.494	88.918	149.375
525.324	266.484	88.185	150.057
527.154	266.568	86.984	148.925
530.352	265.459	85.362	148.616
531.838	264.089	85.770	149.417
530.706	264.471	88.224	149.469
530.344	264.830	89.092	149.800
531.120	264.905	88.178	149.960
531.654	265.744	86.822	149.250
528.828	265.225	86.885	152.550
527.049	268.763	86.963	150.804
525.223	271.976	85.068	149.338
520.949	275.992	86.627	148.416
515.929	278.869	87.673	147.480
505.279	279.182	87.830	153.114
498.715	282.959	88.853	148.668
491.291	285.491	87.883	150.500
483.802	287.003	86.831	147.860
475.784	287.880	85.315	149.518
459.361	276.283	83.827	162.246
418.130	240.365	117.302	195.314
425.860	241.863	120.676	193.312
428.917	238.976	130.123	195.372
425.606	236.828	144.651	189.062
457.288	231.956	134.616	161.479
394.779	271.476	109.483	160.195
398.951	273.304	103.225	155.606
478.125	228.341	125.245	152.920
448.907	233.472	128.147	174.911
430.749	227.393	147.716	155.170
429.070	236.396	133.223	140.577
427.278	220.606	134.532	143.972
406.756	213.430	166.568	187.838
406.523	228.007	171.759	183.259
405.768	229.761	170.830	158.043
396.574	225.316	169.724	183.047
406.522	223.850	169.783	183.376
378.925	215.849	186.738	179.069
408.779	219.587	178.378	187.818
395.097	217.399	176.492	176.364
411.588	225.372	170.229	175.763
396.133	225.135	171.874	175.075
388.042	225.664	177.790	165.820
388.613	241.328	171.052	170.885
373.935	233.612	182.100	168.277
391.683	227.874	167.198	168.048
377.790	228.287	189.677	163.216
390.349	245.943	173.459	156.107
390.261	237.195	154.991	154.711
375.479	233.549	156.074	152.905
367.768	223.550	159.487	155.681
390.567	218.344	165.204	162.614
382.389	215.992	168.775	165.160
376.479	307.902	106.483	166.258
391.789	318.735	77.409	88.549
458.332	268.972	77.152	140.637
453.288	287.475	82.083	145.122
446.716	288.249	88.627	138.102
442.497	279.207	95.504	149.643
441.481	269.494	101.479	163.632
440.583	282.060	111.117	153.255
392.811	252.090	125.544	170.801
390.334	251.596	126.625	170.509
390.978	251.639	124.460	168.134
392.276	252.661	122.329	167.982
392.912	251.345	121.801	169.258
393.164	251.189	121.358	170.538
393.022	250.551	121.637	171.476
393.208	250.288	120.462	171.450
393.791	250.119	119.014	171.233
393.975	249.110	117.580	172.366
394.099	249.390	116.857	172.018
392.624	250.689	117.870	171.687
393.506	249.403	117.475	171.741
391.764	250.915	117.655	171.207
390.435	250.691	118.026	170.619
391.651	251.189	117.791	170.802
391.355	250.203	117.448	172.079
390.744	251.216	117.935	171.057
389.832	251.912	118.134	170.417
389.491	252.159	118.281	169.820
389.093	251.701	117.490	170.107
388.631	251.046	116.134	170.578
389.003	249.893	114.919	170.603
390.455	249.294	111.145	171.823
395.045	246.188	104.784	173.857
399.286	244.993	102.885	174.328
400.522	240.991	104.733	178.028
398.180	238.807	115.041	180.174
394.114	234.603	128.816	182.385
422.830	224.330	123.485	157.914
431.685	223.630	120.320	152.239
440.339	220.755	122.968	149.765
448.168	220.902	122.680	147.849
458.514	218.243	118.751	147.136
470.552	215.264	118.691	146.215
476.580	213.855	116.637	147.134
480.563	214.431	115.200	145.863
483.337	214.379	114.448	145.557
484.825	214.007	113.448	145.457
484.578	214.868	112.796	146.290
482.018	214.930	114.182	147.685
481.490	215.438	112.416	147.990
476.649	216.369	114.908	148.792
474.070	217.376	115.195	149.733
468.428	218.757	115.014	150.735
463.929	220.318	116.233	150.443
459.235	220.799	117.613	151.216
454.964	221.545	117.466	151.891
449.007	222.747	118.548	152.524
434.373	226.807	119.986	151.474
428.229	229.785	117.963	150.834
425.349	231.584	108.719	150.587
411.098	234.131	108.691	146.888
402.084	235.560	103.507	166.762
366.622	238.291	97.339	153.892
367.219	260.094	100.991	156.462
352.335	240.685	110.061	153.103
450.485	276.400	78.504	146.201
458.035	272.405	79.134	150.198
476.363	279.223	75.968	136.781
483.231	272.783	77.781	144.079
488.544	271.690	80.286	145.972
494.642	272.029	81.669	144.697
498.671	273.750	83.418	141.949
503.623	269.057	84.706	144.985
508.040	267.304	82.356	143.118
508.158	267.372	80.000	142.103
508.692	270.182	84.021	139.318
511.807	266.297	76.827	140.129
506.529	268.310	77.273	137.741
501.714	266.347	77.104	137.918
495.337	264.237	77.457	138.107
366.278	254.776	100.889	141.034
483.065	255.314	79.298	141.099
390.621	251.917	95.108	141.237
396.363	253.850	106.945	136.876
413.366	247.083	116.277	144.076
422.955	245.902	104.205	143.931
423.027	245.520	103.046	144.679
419.062	242.196	107.531	147.793
420.581	240.628	106.164	147.595
417.561	240.486	116.402	146.590
419.627	243.593	116.713	143.678
445.418	247.006	99.721	137.695
417.069	246.118	111.504	141.980
417.461	244.712	108.478	146.090
422.668	246.210	101.059	145.521
420.425	244.626	100.899	147.838
410.913	248.804	110.724	147.235
383.740	258.185	99.493	143.797
462.620	246.858	83.851	144.609
363.467	265.698	98.889	141.217
479.843	252.040	81.323	141.755
492.715	255.021	81.775	142.384
510.733	255.683	77.623	137.328
516.235	260.933	80.418	132.372
524.511	261.225	77.653	135.587
530.995	266.159	70.189	128.667
534.850	266.829	72.707	128.330
539.076	268.036	73.266	128.707
538.871	268.602	74.615	128.301
537.868	269.228	74.596	128.287
538.028	269.228	72.323	128.730
534.631	269.466	72.696	129.293
528.202	271.919	70.446	128.971
523.497	273.050	72.368	128.346
518.938	275.286	70.679	126.696
514.055	277.092	70.241	126.506
507.625	277.886	70.838	125.063
492.158	275.266	72.030	131.544
484.458	277.531	69.721	128.020
475.755	278.389	70.830	127.906
461.224	251.918	85.529	144.976
425.161	247.699	91.357	152.847
440.292	243.423	92.653	153.079
444.414	240.470	100.424	144.570
453.494	237.992	103.832	133.842
462.546	235.712	103.118	135.393
470.371	234.944	102.792	134.532
478.840	233.627	102.635	133.517
480.009	231.783	104.109	135.029
482.309	231.598	102.694	134.965
483.189	231.323	103.731	135.595
482.014	231.624	104.927	136.050
479.248	232.514	104.652	137.568
475.627	233.963	104.819	137.860
472.071	235.141	103.234	138.465
467.708	236.420	101.310	138.515
463.029	237.882	97.954	137.445
440.207	239.478	93.962	148.175
427.410	243.353	93.634	149.408
415.055	244.730	101.464	149.318
387.560	245.824	98.965	148.634
421.849	243.153	95.263	152.094
488.752	274.424	72.696	126.895
500.066	270.288	72.446	128.337
509.088	273.073	71.439	124.091
516.932	273.311	74.333	121.720
522.845	264.197	79.245	133.327
539.753	270.552	73.871	123.534
542.065	268.387	78.414	126.927
545.604	267.474	78.920	126.640
548.424	266.686	78.574	125.465
550.326	265.654	78.989	124.964
551.016	261.184	79.256	127.903
548.724	259.886	80.400	126.681
545.275	257.752	79.799	127.714
541.389	256.407	81.167	128.134
537.853	253.140	79.473	129.008
527.232	246.973	79.229	130.460
523.504	245.687	75.437	129.215
518.193	244.533	76.980	131.719
512.233	244.062	77.865	131.310
505.303	244.185	77.125	131.713
493.612	244.302	75.932	136.142
484.691	249.190	77.461	134.620
451.759	251.006	101.607	140.870
476.457	256.735	76.301	138.635
467.174	263.128	75.627	136.079
457.617	267.728	72.948	140.327
452.886	272.805	74.294	140.156
451.469	276.188	72.520	139.678
358.747	266.251	91.283	141.575
446.096	283.589	73.424	135.152
423.063	269.260	84.816	160.313
440.619	291.340	72.482	139.285
409.720	274.634	82.635	151.062
352.355	238.823	95.277	156.098
426.549	289.065	83.358	132.920
343.745	242.131	94.016	152.078
338.705	240.646	102.616	152.701
336.393	242.762	99.261	155.041
334.216	246.336	99.824	154.714
330.067	251.686	108.255	153.559
430.991	294.783	71.730	141.935
428.471	287.903	75.062	144.968
428.358	284.449	77.296	146.234
429.854	279.248	76.191	147.462
428.136	273.962	76.496	148.165
427.450	262.729	79.515	150.483
426.453	261.695	74.175	147.630
424.718	251.758	79.342	151.360
425.263	245.860	81.445	152.412
426.704	240.978	84.209	154.184
427.791	242.589	77.763	150.528
427.621	235.249	85.096	155.609
427.916	238.220	82.279	152.375
430.717	240.117	78.384	153.593
428.664	241.029	84.757	156.743
430.197	243.430	84.443	156.942
432.735	250.529	81.921	156.596
430.814	252.791	85.774	159.435
430.928	256.867	83.703	157.424
427.227	262.238	83.589	155.454
423.439	268.267	85.008	153.507
415.276	272.032	85.841	154.707
409.530	274.378	85.168	153.410
407.146	279.779	86.626	150.078
396.882	273.451	88.168	157.620
367.380	243.367	103.365	183.539
383.923	237.046	120.734	180.048
397.569	238.751	123.460	172.333
411.844	239.372	114.207	174.773
420.748	241.307	111.987	175.570
430.229	241.898	105.799	175.781
431.222	244.960	105.029	175.426
431.065	244.870	101.662	178.283
429.209	248.571	99.893	174.653
427.619	251.883	95.796	171.830
424.002	254.261	95.230	170.597
409.719	253.878	100.568	171.769
374.322	253.358	128.358	171.175
373.580	251.197	126.522	175.421
367.785	252.555	127.355	174.198
361.294	254.690	125.953	174.372
350.769	259.600	116.605	174.583
335.508	264.618	128.223	169.163
323.265	263.453	144.491	171.395
361.059	277.999	117.247	156.816
396.851	272.862	93.462	168.269
411.454	273.005	103.319	170.192
419.780	268.863	103.133	175.863
426.401	270.325	105.010	175.441
432.574	270.287	106.204	175.709
439.511	270.506	104.238	172.067
433.685	256.596	110.288	183.014
430.158	255.671	108.366	183.443
422.453	252.799	110.159	183.981
414.975	251.138	108.512	182.391
406.102	251.091	108.559	181.093
374.562	258.171	104.714	170.227
271.695	289.020	104.730	182.821
278.306	294.257	112.304	177.879
331.386	257.094	115.131	195.244
304.962	247.508	113.509	217.842
314.006	252.146	127.376	206.063
346.864	276.800	106.621	180.352
318.012	246.761	130.373	192.851
349.344	264.966	114.984	190.205
346.433	264.292	123.510	186.514
339.560	262.666	129.390	185.322
338.468	262.393	128.133	185.665
336.926	264.093	127.232	184.748
336.062	264.857	123.140	184.968
334.287	266.764	115.110	184.403
323.951	268.271	105.945	187.491
301.818	271.866	118.094	183.545
289.612	270.009	119.586	188.440
281.393	269.596	113.963	193.305
268.876	255.508	130.940	210.563
304.925	267.370	142.648	189.281
328.781	252.511	118.253	194.459
339.727	254.349	113.151	197.257
226.744	285.107	111.195	190.074
360.128	264.880	106.378	191.699
368.519	280.057	105.234	181.542
362.927	276.255	110.644	185.445
365.212	286.471	104.251	177.346
358.038	282.160	106.816	182.887
343.426	275.037	123.972	191.548
305.124	267.505	162.569	204.290
303.291	262.468	122.900	198.004
315.549	256.400	125.948	203.640
318.696	252.782	141.263	207.537
317.846	249.589	160.229	208.335
370.113	242.329	137.569	214.230
381.038	242.125	135.091	212.735
383.223	243.477	139.628	211.704
388.959	242.705	138.326	212.973
391.089	241.468	139.267	214.724
393.351	240.216	138.395	218.230
401.360	245.459	130.419	213.921
387.888	251.450	138.367	210.304
395.466	255.480	130.409	207.703
389.778	260.439	131.644	204.717
372.969	263.546	136.366	206.148
357.551	265.277	150.049	206.376
345.301	266.426	172.584	207.955
336.027	263.742	196.537	208.586
372.317	232.539	150.411	253.458
302.578	260.262	128.237	221.833
293.176	264.832	123.934	214.258
284.089	217.551	133.256	246.628
279.678	268.965	120.713	211.178
284.145	278.630	116.081	200.452
287.252	276.351	114.836	204.945
291.402	276.112	118.093	205.517
296.425	276.115	121.203	206.150
304.550	276.492	123.178	206.456
313.227	274.641	125.628	208.074
331.648	270.639	128.013	211.179
339.856	272.285	127.577	206.509
346.314	272.566	129.538	202.161
354.593	277.752	134.863	194.105
363.607	270.228	133.636	196.893
373.975	269.663	132.040	196.776
375.395	262.993	130.281	201.941
373.641	261.362	129.816	202.951
370.560	256.509	132.508	208.273
365.772	246.826	133.294	218.338
358.514	247.500	133.916	219.270
359.173	239.678	132.007	227.534
351.969	241.734	136.070	225.937
350.676	243.202	134.896	225.714
348.758	237.974	136.075	230.782
348.046	235.950	134.841	233.241
345.994	236.808	132.978	232.553
339.212	236.030	135.824	233.271
334.157	236.725	135.100	233.528
324.444	238.233	137.527	232.352
299.443	228.784	140.806	241.469
290.803	225.037	140.183	244.643
273.646	219.405	143.822	248.616
259.966	218.393	146.117	248.025
249.814	209.855	145.705	255.430
227.679	225.666	139.872	236.619
221.699	217.489	141.223	244.159
215.022	207.741	143.639	251.863
207.728	218.940	143.196	240.538
206.355	226.944	139.603	232.801
207.363	210.116	142.168	250.214
212.139	207.595	146.622	256.284
218.833	218.003	149.966	249.384
229.427	214.645	149.230	255.438
239.430	218.251	157.524	255.287
269.837	230.127	156.305	250.281
286.363	237.851	164.893	242.346
306.249	239.022	165.873	244.195
326.938	258.214	158.792	223.901
345.937	248.625	163.177	237.082
388.626	239.665	154.411	245.919
404.599	246.847	182.834	238.088
416.827	246.352	185.769	232.297
432.752	248.831	190.199	228.307
446.433	241.898	193.244	231.507
467.935	240.693	187.966	228.772
477.176	243.853	183.559	225.215
480.795	237.653	193.241	232.626
483.381	243.055	189.953	227.566
484.540	241.147	184.272	230.147
473.515	248.013	196.930	229.954
466.232	241.683	195.091	237.869
453.736	256.723	197.344	227.257
439.178	255.251	195.376	233.235
424.932	266.997	192.651	225.534
390.753	288.506	177.231	211.118
370.651	279.861	183.274	218.232
352.353	283.583	181.769	217.544
333.285	284.083	173.973	213.863
311.649	292.105	168.937	206.674
272.511	294.036	135.920	206.287
256.487	280.812	160.069	219.599
238.432	283.100	163.496	214.571
223.209	284.966	165.359	212.926
212.579	284.424	162.895	214.478
204.014	283.206	162.965	216.046
193.973	280.389	162.692	220.952
191.212	278.069	166.034	223.704
193.225	274.982	168.023	228.227
197.072	275.446	169.334	228.703
204.070	273.289	176.389	231.095
225.960	271.681	177.078	234.178
238.190	270.856	185.829	235.724
249.379	269.119	190.135	242.301
258.356	267.333	199.222	244.680
267.929	261.830	205.646	250.267
286.407	248.602	210.148	263.233
290.530	243.965	221.543	268.442
295.083	236.258	228.421	275.977
301.478	229.052	229.663	285.671
304.513	226.977	232.622	288.235
317.715	221.885	231.358	295.842
321.207	220.516	234.457	299.514
326.479	217.898	232.318	300.448
331.208	216.413	231.398	300.316
334.290	214.801	232.260	299.532
343.882	215.973	228.307	296.841
343.684	213.801	230.124	297.391
343.755	212.776	231.341	298.012
343.559	215.694	233.010	297.286
339.094	218.446	238.520	295.994
326.459	226.010	248.073	292.888
320.249	225.594	252.201	295.406
306.938	232.680	262.876	290.803
292.814	236.085	270.508	289.796
274.908	240.300	280.819	285.894
247.205	237.235	279.980	293.066
236.750	243.562	278.962	290.582
226.440	246.575	228.849	288.460
223.949	252.381	264.242	281.706
220.664	249.603	225.584	287.463
212.407	249.834	236.868	287.452
210.247	245.363	225.251	289.543
212.261	237.828	207.464	293.061
216.605	234.824	190.620	291.070
224.254	234.264	185.999	288.012
215.281	234.230	205.560	285.088
204.577	229.984	216.799	286.917
211.857	223.673	206.931	291.857
212.697	223.364	201.243	288.789
202.670	222.165	204.839	285.930
190.761	218.430	197.179	286.021
175.107	219.523	201.474	286.693
154.402	222.577	210.432	282.094
148.663	225.387	205.986	280.491
147.533	230.620	201.534	275.345
152.354	235.826	202.628	270.742
158.921	234.877	206.438	274.485
170.019	232.593	210.487	278.543
183.055	230.609	213.559	283.607
197.988	236.018	215.953	283.469
236.992	231.105	220.772	290.405
259.400	230.100	226.238	291.926
282.565	227.154	228.749	295.888
304.098	222.457	235.247	300.723
327.080	220.595	237.419	302.019
366.878	209.668	246.106	312.648
387.205	208.135	249.741	313.521
405.405	205.961	250.220	314.854
416.080	205.739	255.711	313.314
427.869	198.107	251.058	321.522
437.024	199.558	251.103	321.987
430.765	198.138	255.348	326.532
428.696	200.210	249.593	327.314
423.081	200.749	247.700	330.470
413.209	202.762	244.647	331.878
375.774	215.332	238.916	322.797
351.530	224.365	253.164	317.145
329.168	225.293	268.766	321.515
311.574	227.686	286.250	321.719
297.963	226.568	299.365	325.569
279.630	227.796	290.900	325.142
267.660	235.361	312.271	321.704
248.571	234.907	225.660	318.624
237.014	243.126	226.808	314.574
232.370	241.278	229.015	318.229
230.717	244.385	226.902	316.109
229.547	245.464	223.430	316.017
226.193	245.925	225.959	314.698
225.056	248.365	225.070	312.901
222.140	245.130	228.420	316.257
221.582	247.442	228.916	313.268
220.066	248.517	234.560	312.320
221.826	248.653	225.131	313.140
217.672	247.433	230.572	315.024
217.826	251.531	234.675	310.597
216.142	248.763	233.408	313.159
216.411	247.991	231.626	313.721
218.212	251.231	227.259	310.034
217.811	245.438	225.584	315.736
216.721	244.849	227.102	315.988
370.626	243.404	199.474	325.491
209.994	235.830	219.086	321.682
394.512	238.065	188.940	329.054
402.302	242.000	190.998	317.789
411.685	241.744	184.804	316.335
459.718	258.612	161.225	299.493
460.306	253.244	212.825	303.431
455.461	232.392	181.151	322.471
123.961	223.157	241.429	338.676
118.760	243.648	196.150	311.159
112.957	247.789	193.235	306.379
111.627	249.644	194.760	305.386
113.070	250.981	194.457	305.046
112.120	250.397	194.699	305.526
112.088	251.855	196.419	303.756
112.343	251.127	197.648	304.588
112.930	249.517	198.371	305.470
113.630	246.246	196.950	308.370
114.350	244.267	196.664	309.344
115.181	241.335	195.561	311.552
114.828	241.254	195.848	310.811
114.556	240.214	196.853	311.213
114.197	237.970	197.259	313.033
115.635	235.309	195.766	314.329
121.602	231.660	193.123	316.547
136.787	229.054	189.287	312.956
143.328	221.262	193.358	317.019
152.190	218.045	196.805	315.741
163.150	215.997	197.196	313.733
172.453	212.119	199.749	313.816
192.107	204.380	199.480	317.315
364.232	219.257	169.922	322.568
202.541	200.813	209.783	311.848
350.983	211.256	186.285	328.639
369.113	245.450	154.468	282.073
336.779	221.523	190.997	320.049
198.142	206.734	236.959	311.947
200.906	204.583	207.766	305.405
200.205	207.802	203.903	301.280
201.128	208.036	205.470	301.929
200.045	205.995	203.601	302.798
198.447	207.892	205.902	300.724
195.905	207.023	205.562	301.490
194.605	209.332	206.114	301.679
191.050	210.968	205.067	302.876
326.504	216.818	189.401	312.168
183.453	209.074	210.492	310.614
185.792	210.383	211.364	307.471
189.835	206.935	218.988	310.501
198.705	205.796	255.351	315.215
211.886	198.307	245.702	325.766
215.020	193.828	238.017	327.716
215.203	191.024	237.202	331.564
214.440	189.416	236.219	333.400
213.677	189.093	234.467	333.268
211.914	187.148	234.034	334.534
208.493	187.970	236.778	334.609
206.070	189.258	241.021	333.551
204.961	186.024	243.942	337.284
201.376	186.512	249.472	336.783
191.111	190.994	268.341	331.134
190.071	192.140	277.271	328.539
193.865	189.852	280.522	329.557
195.532	184.398	258.586	332.237
194.956	189.913	217.087	326.930
191.069	194.593	208.700	318.363
194.603	199.021	199.181	313.137
196.458	203.391	201.228	308.891
195.700	207.217	200.680	303.310
199.248	211.192	197.967	298.773
192.411	211.047	198.943	297.110
189.422	205.959	201.846	298.379
177.051	207.359	199.833	293.842
157.865	204.781	202.272	291.931
142.030	200.721	199.364	294.435
127.162	200.822	197.015	293.488
108.659	209.354	179.154	288.912
102.207	220.646	175.793	278.278
100.513	224.960	168.478	275.050
99.282	229.202	166.579	270.759
106.673	232.853	161.659	268.317
127.936	239.989	158.846	260.692
141.804	244.076	163.203	253.910
159.538	244.798	167.748	250.663
175.753	242.382	173.293	251.455
188.383	236.859	174.604	254.216
208.070	231.344	176.041	257.405
213.152	228.910	176.452	257.475
213.110	228.085	176.847	258.714
216.178	226.709	169.483	263.315
220.247	228.955	169.683	263.358
224.005	233.471	171.168	264.274
226.855	238.175	171.675	262.763
229.743	243.385	174.511	261.007
231.750	247.565	177.787	259.127
238.924	250.036	177.980	255.315
247.078	249.639	188.532	253.133
243.447	247.900	201.015	251.982
237.494	241.849	213.310	255.215
230.998	232.233	224.134	262.729
228.646	223.540	234.023	270.160
218.563	214.163	212.716	267.666
211.881	208.251	193.841	269.380
338.451	217.238	173.470	280.137
344.132	211.165	167.959	280.680
348.067	203.150	165.700	284.734
384.447	198.170	145.975	286.005
394.787	209.445	160.364	281.638
407.362	207.824	151.996	280.751
411.968	210.884	152.052	282.251
415.117	212.416	154.037	283.951
416.626	247.139	162.645	290.220
399.599	212.474	154.330	287.535
375.378	175.118	165.574	329.701
357.379	161.436	169.521	327.490
169.889	215.478	179.678	267.692
191.753	210.733	177.072	267.537
199.639	208.991	179.081	269.765
202.220	209.198	182.888	267.965
216.098	210.366	208.490	271.603
228.555	211.066	211.391	273.926
257.040	207.777	179.011	275.288
271.019	205.657	180.293	274.278
269.267	199.575	199.303	280.980
265.678	187.673	219.038	281.840
279.242	172.417	216.552	286.531
290.815	168.376	208.006	288.900
288.354	168.566	205.950	290.370
279.067	174.103	203.219	290.298
267.559	184.982	196.480	283.476
247.340	204.238	198.733	265.024
217.455	198.718	165.257	270.687
366.879	223.845	125.451	248.014
365.057	222.925	136.641	247.252
379.434	172.763	141.093	279.644
384.792	205.516	141.789	262.682
379.705	208.343	152.051	243.473
377.238	203.827	152.422	246.234
202.177	247.734	148.405	263.491
209.217	260.870	157.756	261.048
219.682	269.636	160.409	261.883
241.283	292.142	156.158	255.626
249.799	310.258	160.209	241.311
259.222	312.643	160.179	241.493
271.152	319.840	156.676	237.139
279.455	313.942	155.092	244.419
283.210	322.648	164.231	236.395
311.559	107.659	139.124	239.343
309.651	108.685	138.387	232.767
308.797	112.548	138.723	229.517
274.982	95.012	167.436	278.220
310.315	103.730	132.018	249.076
302.789	115.995	131.520	229.558
292.654	70.161	143.983	258.234
290.566	113.258	132.160	249.617
292.258	119.671	133.918	237.553
290.417	127.488	134.488	232.620
290.424	264.835	191.303	284.813
295.749	367.822	151.388	205.168
297.616	368.903	149.333	205.635
297.771	374.647	146.366	201.220
302.066	393.949	136.866	182.051
297.593	395.455	141.267	174.726
301.645	407.332	134.867	168.668
301.143	410.138	136.207	165.368
300.533	416.088	138.198	159.912
302.264	428.007	136.158	147.993
302.000	421.588	135.520	154.064
303.911	435.090	136.729	140.910
304.622	441.370	138.528	134.630
305.175	438.266	137.457	131.462
308.867	446.925	138.140	129.075
309.507	445.093	134.728	127.555
310.142	450.731	139.023	125.269
311.969	444.975	132.821	128.881
308.384	453.162	137.574	122.838
311.701	449.925	131.689	123.608
313.151	457.372	134.386	118.628
315.018	450.192	131.629	120.870
314.411	454.285	135.320	121.715
316.162	441.513	131.838	129.251
319.249	441.106	130.218	134.886
315.550	438.217	134.567	137.783
315.509	434.030	134.266	141.970
314.234	432.667	133.538	143.333
311.882	430.406	135.545	143.819
307.576	425.359	134.708	147.305
307.194	422.881	131.572	152.492
303.344	424.803	132.251	149.596
302.458	419.274	131.170	156.054
300.455	414.504	131.334	161.470
296.192	411.387	135.123	164.392
292.733	415.490	133.128	160.510
290.178	407.736	136.260	168.044
291.748	404.124	136.985	171.876
285.601	400.933	139.724	175.067
272.253	398.625	140.122	172.108
262.111	394.520	140.625	180.117
221.680	377.930	175.082	176.835
248.216	373.479	139.027	202.521
334.328	227.644	126.496	203.116
351.509	243.668	122.717	206.226
361.057	256.923	116.455	199.805
223.447	363.032	118.682	189.049
219.416	348.504	124.795	195.215
219.656	341.117	124.317	196.771
225.098	323.806	123.910	196.511
229.227	315.323	123.021	198.232
233.366	305.928	127.655	200.446
225.588	246.494	136.803	236.313
249.001	290.934	123.541	198.834
266.154	270.803	150.188	235.731
272.253	271.433	137.448	234.040
281.460	268.593	135.878	233.268
291.504	265.176	134.081	237.266
294.524	262.125	141.019	242.572
294.987	254.017	154.475	249.192
293.226	251.549	158.685	251.081
292.957	245.750	160.475	256.814
295.607	238.770	159.628	267.117
296.715	232.647	158.819	275.933
297.047	217.696	154.663	291.230
293.636	210.274	156.249	303.387
291.275	203.739	158.194	314.471
284.260	195.933	166.560	317.932
280.187	190.217	169.652	337.171
267.031	177.009	174.970	261.796
264.171	178.535	158.240	193.035
258.939	176.661	161.187	188.542
262.199	173.364	147.906	191.961
261.381	177.571	143.865	192.066
255.812	193.020	140.835	191.417
252.247	202.403	140.127	191.796
253.259	212.422	138.003	190.439
253.281	221.046	135.878	189.421
254.959	229.945	134.520	188.072
255.916	242.332	129.680	188.897
256.296	248.890	127.926	187.149
257.913	256.467	125.601	185.160
259.010	263.712	118.697	182.455
259.442	269.398	113.906	179.701
259.576	278.707	115.514	179.028
262.313	286.161	115.695	178.981
264.176	292.959	119.285	181.212
266.566	300.410	117.525	182.237
267.770	309.429	117.851	180.900
269.720	315.769	116.569	182.890
269.761	331.702	117.007	184.068
269.621	340.054	116.217	181.928
266.396	348.798	117.454	180.795
263.084	356.227	118.022	180.040
259.053	363.930	118.670	178.034
248.359	373.354	120.165	176.193
242.758	374.605	121.439	175.464
241.154	374.675	119.129	175.340
238.850	371.587	117.722	177.478
236.585	365.963	115.819	179.470
234.093	348.046	119.599	185.595
232.026	337.382	123.541	190.571
233.331	326.966	125.054	191.056
237.512	314.073	123.088	192.426
239.252	301.877	123.874	193.110
244.902	278.110	123.423	193.927
248.577	267.233	123.163	188.261
250.081	254.893	117.300	188.313
248.435	243.098	115.321	189.297
248.737	234.785	117.672	184.655
251.636	214.596	117.879	184.979
253.257	210.079	123.526	183.285
256.763	205.625	125.869	180.365
261.000	201.858	126.095	178.208
264.631	199.919	124.595	177.681
266.129	200.272	125.942	177.449
266.551	203.130	125.809	178.675
265.588	207.592	129.916	178.082
266.321	211.820	130.833	180.274
268.470	217.540	128.956	179.808
274.167	227.527	122.320	181.592
277.964	233.993	116.914	178.729
283.038	238.008	110.179	177.067
288.431	241.535	104.530	176.338
293.340	245.132	101.425	172.992
299.447	251.875	100.108	171.046
298.933	256.682	103.984	165.964
299.530	259.510	104.176	165.068
298.710	260.323	105.398	164.580
299.084	260.719	103.914	163.881
298.504	259.630	102.610	165.557
293.774	260.509	103.453	165.172
287.927	260.786	104.720	165.697
280.588	261.992	107.581	166.531
272.386	262.576	113.054	167.334
257.003	264.454	113.447	168.342
249.369	267.252	112.655	166.717
239.450	270.434	113.151	166.632
229.693	273.123	113.383	165.577
223.120	276.218	104.508	163.301
209.175	279.674	97.445	158.987
203.392	280.107	95.863	157.921
201.280	281.935	92.204	155.107
201.290	281.610	89.443	154.277
200.053	281.309	89.471	153.263
206.470	278.175	90.310	153.729
212.774	276.376	91.716	154.384
220.722	272.080	92.940	156.593
230.347	270.308	94.578	157.116
239.474	265.292	98.653	159.657
262.737	261.806	102.495	158.645
273.443	258.564	105.769	160.937
284.915	255.647	106.918	163.561
294.466	250.762	110.130	165.749
303.162	246.004	110.430	165.417
316.224	239.462	105.301	160.958
323.327	236.341	100.292	159.549
326.608	231.886	98.637	159.290
327.058	227.787	98.350	159.765
327.888	225.725	97.408	158.565
408.347	241.375	80.785	153.554
408.989	245.602	83.897	161.598
326.854	211.058	90.736	157.429
415.162	252.533	77.592	153.416
331.849	211.961	86.866	147.401
408.660	254.881	75.684	156.284
395.771	254.548	85.039	146.599
340.429	188.158	83.703	154.384
337.959	232.114	96.853	160.529
