variant,sequence,frame_zero_based,region,candidate,searched_region,extra_executed,pause,gt_known,same_state_c1_iou,selected_iou
gross_gain,afterrain,37,0,0,2,True,False,True,0.6676328270404618,0.6676328270404618
gross_gain,afterrain,38,0,0,2,True,False,True,0.5444594391389009,0.5444594391389009
gross_gain,aftertree,293,0,0,2,True,False,True,0.68418200259608,0.68418200259608
gross_gain,aftertree,311,0,1,2,True,False,True,0.5559113369475255,0.0
gross_gain,baby,286,0,0,2,True,False,True,0.11683805995420407,0.11683805995420407
gross_gain,baby,287,0,0,2,True,False,True,0.0,0.0
gross_gain,baby,288,0,1,2,True,False,True,0.0,0.028596259500071608
gross_gain,baby,343,0,0,2,True,False,True,0.5267576405211677,0.5267576405211677
gross_gain,baby,344,0,0,2,True,False,True,0.6654318205005986,0.6654318205005986
gross_gain,baby,352,0,0,2,True,False,True,0.503117107912749,0.503117107912749
gross_gain,baby,353,0,0,2,True,False,True,0.6109955060180281,0.6109955060180281
gross_gain,baby,628,0,0,2,True,False,True,0.4636687592605753,0.4636687592605753
gross_gain,baby,629,0,0,2,True,False,True,0.38920794850245355,0.38920794850245355
gross_gain,baby,630,0,1,2,True,False,True,0.28871956898762635,0.28871956898762635
gross_gain,baby,631,0,0,2,True,False,True,0.2563109431881238,0.2563109431881238
gross_gain,baginhand,163,0,0,2,True,False,True,0.3935823240895038,0.3935823240895038
gross_gain,baginhand,164,0,0,2,True,False,True,0.4174598384486807,0.4174598384486807
gross_gain,baginhand,165,0,0,2,True,False,True,0.3395568094988677,0.3395568094988677
gross_gain,baginhand,166,0,0,2,True,False,True,0.21831693274060018,0.21831693274060018
gross_gain,baginhand,167,0,0,2,True,False,True,0.16808544433276856,0.16808544433276856
gross_gain,baginhand,168,0,0,2,True,False,True,0.10401700753450144,0.10401700753450144
gross_gain,baginhand,169,0,0,2,True,False,True,0.2399469418406159,0.2399469418406159
gross_gain,baginhand,275,0,0,2,True,False,True,0.3063553188616231,0.3063553188616231
gross_gain,baginhand,276,0,0,2,True,False,True,0.4071826221430543,0.4071826221430543
gross_gain,baginhand,277,0,0,2,True,False,True,0.5956456973834756,0.5956456973834756
gross_gain,baketballwaliking,11,0,0,2,True,False,True,0.8684855125824478,0.8684855125824478
gross_gain,baketballwaliking,12,0,0,2,True,False,True,0.03766750074670153,0.03766750074670153
gross_gain,baketballwaliking,24,0,0,2,True,False,True,0.0,0.0
gross_gain,baketballwaliking,32,0,0,2,True,False,True,0.9101326252304823,0.9101326252304823
gross_gain,baketballwaliking,34,0,0,2,True,False,True,0.0,0.0
gross_gain,baketballwaliking,35,0,0,2,True,False,True,0.787853242589473,0.787853242589473
gross_gain,baketballwaliking,39,0,0,2,True,False,True,0.7453752077575627,0.7453752077575627
gross_gain,baketballwaliking,52,0,0,2,True,False,True,0.9027409994511348,0.9027409994511348
gross_gain,baketballwaliking,56,0,0,2,True,False,True,0.8306483314174975,0.8306483314174975
gross_gain,baketballwaliking,58,0,0,2,True,False,True,0.7382661626193235,0.7382661626193235
gross_gain,baketballwaliking,59,0,0,2,True,False,True,0.0,0.0
gross_gain,baketballwaliking,60,0,0,2,True,False,True,0.8294342141313283,0.8294342141313283
gross_gain,baketballwaliking,62,0,0,2,True,False,True,0.0,0.0
gross_gain,baketballwaliking,63,0,0,2,True,False,True,0.0,0.0
gross_gain,baketballwaliking,66,0,0,2,True,False,True,0.0,0.0
gross_gain,baketballwaliking,69,0,0,2,True,False,True,0.0,0.0
gross_gain,baketballwaliking,70,0,0,2,True,False,True,0.0,0.0
gross_gain,baketballwaliking,71,0,0,2,True,False,True,0.7857044054951159,0.7857044054951159
gross_gain,baketballwaliking,72,0,0,2,True,False,True,0.7241475677155461,0.7241475677155461
gross_gain,baketballwaliking,73,0,0,2,True,False,True,0.7351258571529373,0.7351258571529373
gross_gain,baketballwaliking,74,0,0,2,True,False,True,0.8397093554372397,0.8397093554372397
gross_gain,baketballwaliking,75,0,0,2,True,False,True,0.8348744558330942,0.8348744558330942
gross_gain,baketballwaliking,79,0,0,2,True,False,True,0.8753268245718898,0.8753268245718898
gross_gain,baketballwaliking,80,0,0,2,True,False,True,0.8290970334176437,0.8290970334176437
gross_gain,baketballwaliking,84,0,0,2,True,False,True,0.8845852303278837,0.8845852303278837
gross_gain,baketballwaliking,85,0,0,2,True,False,True,0.8222050470262133,0.8222050470262133
gross_gain,baketballwaliking,86,0,0,2,True,False,True,0.8066230868385197,0.8066230868385197
gross_gain,baketballwaliking,90,0,0,2,True,False,True,0.0,0.0
gross_gain,baketballwaliking,92,0,0,2,True,False,True,0.8625583799098244,0.8625583799098244
gross_gain,baketballwaliking,95,0,0,2,True,False,True,0.0,0.0
gross_gain,baketballwaliking,97,0,0,2,True,False,True,0.8473087033562235,0.8473087033562235
gross_gain,baketballwaliking,98,0,0,2,True,False,True,0.8379457677578444,0.8379457677578444
gross_gain,baketballwaliking,101,0,0,2,True,False,True,0.8556140532688241,0.8556140532688241
gross_gain,baketballwaliking,103,0,0,2,True,False,True,0.04146833112328952,0.04146833112328952
gross_gain,baketballwaliking,104,0,0,2,True,False,True,0.6587342561938568,0.6587342561938568
gross_gain,balancebike,137,0,0,2,True,False,True,0.34921667912923243,0.34921667912923243
gross_gain,balancebike,138,0,0,2,True,False,True,0.6869380207634657,0.6869380207634657
gross_gain,balancebike,139,0,0,2,True,False,True,0.3143179053975743,0.3143179053975743
gross_gain,balancebike,140,0,0,2,True,False,True,0.504085752970308,0.504085752970308
gross_gain,balancebike,141,0,0,2,True,False,True,0.21027501561000425,0.21027501561000425
gross_gain,balancebike,142,0,0,2,True,False,True,0.4122175419677406,0.4122175419677406
gross_gain,balancebike,143,0,0,2,True,False,True,0.35096507776198294,0.35096507776198294
gross_gain,balancebike,144,0,0,2,True,False,True,0.28163526329924254,0.28163526329924254
gross_gain,balancebike,145,0,0,2,True,False,True,0.26460977367836114,0.26460977367836114
gross_gain,balancebike,146,0,0,2,True,False,True,0.0,0.0
gross_gain,balancebike,147,0,0,2,True,False,True,0.09362167399607034,0.09362167399607034
gross_gain,balancebike,148,0,0,2,True,False,True,0.0,0.0
gross_gain,balancebike,149,0,0,2,True,False,True,0.0,0.0
gross_gain,balancebike,150,0,0,2,True,False,True,0.0,0.0
gross_gain,balancebike,151,0,0,2,True,False,True,0.0,0.0
gross_gain,balancebike,152,0,0,2,True,False,True,0.0,0.0
gross_gain,balancebike,153,0,0,2,True,False,True,0.0,0.0
gross_gain,balancebike,154,0,0,2,True,False,True,0.0,0.0
gross_gain,balancebike,155,0,0,2,True,False,True,0.0,0.0
gross_gain,balancebike,156,0,0,2,True,False,True,0.0,0.0
gross_gain,balancebike,158,0,1,2,True,False,True,0.21329884143186445,0.21329884143186445
gross_gain,balancebike,159,0,0,2,True,False,True,0.020736967408858758,0.020736967408858758
gross_gain,balancebike,160,0,0,2,True,False,True,0.10519791368949608,0.10519791368949608
gross_gain,balancebike,161,0,0,2,True,False,True,0.20712976199862876,0.20712976199862876
gross_gain,balancebike,162,0,0,2,True,False,True,0.14521849044488805,0.14521849044488805
gross_gain,balancebike,163,0,0,2,True,False,True,0.08587202996439179,0.08587202996439179
gross_gain,balancebike,164,0,0,2,True,False,True,0.0,0.0
gross_gain,balancebike,190,0,0,2,True,False,True,0.0943250475992898,0.0943250475992898
gross_gain,balancebike,204,0,0,2,True,False,True,0.7497391931019194,0.7497391931019194
gross_gain,balancebike,210,0,0,2,True,False,True,0.8875578093616132,0.8875578093616132
gross_gain,balancebike,212,0,0,2,True,False,True,0.569346907462088,0.569346907462088
gross_gain,balancebike,213,0,0,2,True,False,True,0.6761637690790049,0.6761637690790049
gross_gain,bikeman,90,0,0,2,True,False,True,0.6852313828657809,0.6852313828657809
gross_gain,biketwo,22,0,0,2,True,False,True,0.5296487776654382,0.5296487776654382
gross_gain,biketwo,25,0,0,2,True,False,True,0.5492845827169021,0.5492845827169021
gross_gain,biketwo,29,0,0,2,True,False,True,0.47940748282883505,0.47940748282883505
gross_gain,biketwo,63,0,0,2,True,False,True,0.6000432290568668,0.6000432290568668
gross_gain,biketwo,84,0,0,2,True,False,True,0.5208363417274261,0.5208363417274261
gross_gain,biketwo,85,0,0,2,True,False,True,0.5148594373429258,0.5148594373429258
gross_gain,biketwo,86,0,0,2,True,False,True,0.4307763870207965,0.4307763870207965
gross_gain,biketwo,101,0,0,2,True,False,True,0.42576714841892016,0.42576714841892016
gross_gain,biketwo,102,0,0,2,True,False,True,0.41136492002583047,0.41136492002583047
gross_gain,biketwo,103,0,0,2,True,False,True,0.5332898020147605,0.5332898020147605
gross_gain,biketwo,104,0,0,2,True,False,True,0.5306599128071533,0.5306599128071533
gross_gain,biketwo,105,0,0,2,True,False,True,0.5201006612896079,0.5201006612896079
gross_gain,biketwo,106,0,0,2,True,False,True,0.4454638177968826,0.4454638177968826
gross_gain,biketwo,107,0,0,2,True,False,True,0.4107947397927879,0.4107947397927879
gross_gain,biketwo,110,0,0,2,True,False,True,0.39858061611408074,0.39858061611408074
gross_gain,biketwo,111,0,0,2,True,False,True,0.36680570674184904,0.36680570674184904
gross_gain,biketwo,112,0,0,2,True,False,True,0.45709167517694793,0.45709167517694793
gross_gain,biketwo,113,0,0,2,True,False,True,0.40379739381246693,0.40379739381246693
gross_gain,biketwo,114,0,0,2,True,False,True,0.3544493833198029,0.3544493833198029
gross_gain,biketwo,140,0,0,2,True,False,True,0.352404288214523,0.352404288214523
gross_gain,biketwo,152,0,0,2,True,False,True,0.3333057517106956,0.3333057517106956
gross_gain,biketwo,175,0,0,2,True,False,True,0.29766259595656247,0.29766259595656247
gross_gain,biketwo,177,0,0,2,True,False,True,0.29418702622718945,0.29418702622718945
gross_gain,biketwo,192,0,0,2,True,False,True,0.2701421694326403,0.2701421694326403
gross_gain,biketwo,194,0,0,2,True,False,True,0.2682475905442531,0.2682475905442531
gross_gain,biketwo,217,0,0,2,True,False,True,0.3538924814591948,0.3538924814591948
gross_gain,biketwo,218,0,0,2,True,False,True,0.3402886827069989,0.3402886827069989
gross_gain,biketwo,230,0,0,2,True,False,True,0.4212955711494264,0.4212955711494264
gross_gain,biketwo,231,0,0,2,True,False,True,0.47490614045241086,0.47490614045241086
gross_gain,biketwo,237,0,0,2,True,False,True,0.46522767473135446,0.46522767473135446
gross_gain,biketwo,257,0,0,2,True,False,True,0.36125666313109794,0.36125666313109794
gross_gain,biketwo,261,0,0,2,True,False,True,0.00812802475164458,0.00812802475164458
gross_gain,biketwo,265,0,0,2,True,False,True,0.051183156868052596,0.051183156868052596
gross_gain,biketwo,268,0,0,2,True,False,True,0.2175522253483778,0.2175522253483778
gross_gain,biketwo,270,0,0,2,True,False,True,0.2186065440288618,0.2186065440288618
gross_gain,biketwo,271,0,0,2,True,False,True,0.21725367190863684,0.21725367190863684
gross_gain,biketwo,272,0,0,2,True,False,True,0.17249430807951932,0.17249430807951932
gross_gain,biketwo,274,0,0,2,True,False,True,0.1750057004680158,0.1750057004680158
gross_gain,biketwo,275,0,0,2,True,False,True,0.14039592962526914,0.14039592962526914
gross_gain,biketwo,276,0,0,2,True,False,True,0.16092762019884588,0.16092762019884588
gross_gain,biketwo,277,0,0,2,True,False,True,0.15714371034914734,0.15714371034914734
gross_gain,biketwo,278,0,0,2,True,False,True,0.14592734661629658,0.14592734661629658
gross_gain,biketwo,279,0,0,2,True,False,True,0.0452032530403807,0.0452032530403807
gross_gain,biketwo,280,0,0,2,True,False,True,0.00348639684771761,0.00348639684771761
gross_gain,biketwo,314,0,0,2,True,False,True,0.0,0.0
gross_gain,biketwo,320,0,0,2,True,False,True,0.0,0.0
gross_gain,biketwo,321,0,1,2,True,False,True,0.0,0.0
gross_gain,biketwo,322,0,0,2,True,False,True,0.0,0.0
gross_gain,blackwoman,291,0,0,2,True,False,True,0.821750530375784,0.821750530375784
gross_gain,blackwoman,296,0,0,2,True,False,True,0.803606455288112,0.803606455288112
gross_gain,blackwoman,301,0,0,2,True,False,True,0.8313366315494509,0.8313366315494509
gross_gain,blackwoman,302,0,0,2,True,False,True,0.7130463700875667,0.7130463700875667
gross_gain,blackwoman,345,0,0,2,True,False,True,0.8408274556341162,0.8408274556341162
gross_gain,blackwoman,348,0,0,2,True,False,True,0.7705818062480851,0.7705818062480851
gross_gain,bluebike,68,0,0,0,False,True,True,0.7743294828541645,0.7743294828541645
gross_gain,bluebike,73,0,0,0,False,True,True,0.8298778749602425,0.8298778749602425
gross_gain,boundaryandfast,39,0,0,2,True,False,True,0.37187645705968975,0.37187645705968975
gross_gain,boundaryandfast,41,0,0,2,True,False,True,0.43625343561487134,0.43625343561487134
gross_gain,boundaryandfast,43,0,0,2,True,False,True,0.4553316476238362,0.4553316476238362
gross_gain,boundaryandfast,45,0,0,2,True,False,True,0.495657575625165,0.495657575625165
gross_gain,boundaryandfast,46,0,0,2,True,False,True,0.5011308192758985,0.5011308192758985
gross_gain,boundaryandfast,50,0,0,2,True,False,True,0.34310979797798363,0.34310979797798363
gross_gain,boundaryandfast,51,0,0,2,True,False,True,0.3476880376565261,0.3476880376565261
gross_gain,boundaryandfast,54,0,0,2,True,False,True,0.4048274593855476,0.4048274593855476
gross_gain,boundaryandfast,56,0,0,2,True,False,True,0.4574689539986908,0.4574689539986908
gross_gain,boundaryandfast,57,0,0,2,True,False,True,0.36509235517268596,0.36509235517268596
gross_gain,boundaryandfast,58,0,0,2,True,False,True,0.46943646518151505,0.46943646518151505
gross_gain,boundaryandfast,59,0,0,2,True,False,True,0.5067088309521633,0.5067088309521633
gross_gain,boundaryandfast,60,0,0,2,True,False,True,0.496344933308077,0.496344933308077
gross_gain,boundaryandfast,61,0,0,2,True,False,True,0.4235430385628095,0.4235430385628095
gross_gain,boundaryandfast,62,0,0,2,True,False,True,0.5499540300929195,0.5499540300929195
gross_gain,boundaryandfast,63,0,0,2,True,False,True,0.5334620486893636,0.5334620486893636
gross_gain,boundaryandfast,64,0,0,2,True,False,True,0.5459771055135952,0.5459771055135952
gross_gain,boundaryandfast,66,0,0,2,True,False,True,0.4926689628365574,0.4926689628365574
gross_gain,boundaryandfast,67,0,0,2,True,False,True,0.47755815955814146,0.47755815955814146
gross_gain,boundaryandfast,71,0,0,2,True,False,True,0.4653156393172326,0.4653156393172326
gross_gain,boundaryandfast,76,0,0,2,True,False,True,0.42712873607277135,0.42712873607277135
gross_gain,boundaryandfast,87,0,0,2,True,False,True,0.4027934625392229,0.4027934625392229
gross_gain,boundaryandfast,89,0,0,2,True,False,True,0.42292019043366924,0.42292019043366924
gross_gain,boundaryandfast,96,0,0,2,True,False,True,0.4014045356780084,0.4014045356780084
gross_gain,boundaryandfast,117,0,0,2,True,False,True,0.4082561031987885,0.4082561031987885
gross_gain,boundaryandfast,118,0,0,2,True,False,True,0.4907564332294517,0.4907564332294517
gross_gain,boundaryandfast,149,0,0,2,True,False,True,0.34692059379403095,0.34692059379403095
gross_gain,boundaryandfast,151,0,0,2,True,False,True,0.3667124301812557,0.3667124301812557
gross_gain,boundaryandfast,152,0,0,2,True,False,True,0.37140540096576885,0.37140540096576885
gross_gain,boundaryandfast,154,0,0,2,True,False,True,0.3635102331839175,0.3635102331839175
gross_gain,boundaryandfast,155,0,0,2,True,False,True,0.38755135487409254,0.38755135487409254
gross_gain,boundaryandfast,160,0,0,2,True,False,True,0.41108541266207543,0.41108541266207543
gross_gain,boundaryandfast,162,0,0,2,True,False,True,0.31316633911716346,0.31316633911716346
gross_gain,boundaryandfast,163,0,0,2,True,False,True,0.3639250326817238,0.3639250326817238
gross_gain,boundaryandfast,164,0,0,2,True,False,True,0.35332508380962047,0.35332508380962047
gross_gain,boundaryandfast,165,0,0,2,True,False,True,0.3093513220920367,0.3093513220920367
gross_gain,boundaryandfast,168,0,0,2,True,False,True,0.3050137799827493,0.3050137799827493
gross_gain,boundaryandfast,169,0,0,2,True,False,True,0.29048159888369834,0.29048159888369834
gross_gain,boundaryandfast,171,0,0,2,True,False,True,0.3092802158083229,0.3092802158083229
gross_gain,boundaryandfast,176,0,0,2,True,False,True,0.29316958192930237,0.29316958192930237
gross_gain,boundaryandfast,178,0,0,2,True,False,True,0.27259780250642646,0.27259780250642646
gross_gain,boundaryandfast,179,0,0,2,True,False,True,0.23621399106211877,0.23621399106211877
gross_gain,boundaryandfast,180,0,0,2,True,False,True,0.28608736190833844,0.28608736190833844
gross_gain,boundaryandfast,181,0,0,2,True,False,True,0.25215546887844714,0.25215546887844714
gross_gain,boundaryandfast,182,0,0,2,True,False,True,0.28597928514772364,0.28597928514772364
gross_gain,boundaryandfast,183,0,0,2,True,False,True,0.3275368623995282,0.3275368623995282
gross_gain,boundaryandfast,185,0,0,2,True,False,True,0.33398056403724613,0.33398056403724613
gross_gain,boundaryandfast,187,0,0,2,True,False,True,0.3401606571527419,0.3401606571527419
gross_gain,boundaryandfast,188,0,0,2,True,False,True,0.29008866087573926,0.29008866087573926
gross_gain,call,91,0,0,2,True,False,True,0.487518693408547,0.487518693408547
gross_gain,call,92,0,0,2,True,False,True,0.516593994036951,0.516593994036951
gross_gain,call,97,0,0,2,True,False,True,0.44774544013270573,0.44774544013270573
gross_gain,call,99,0,0,2,True,False,True,0.1012079263032178,0.6851573534112693
gross_gain,call,182,0,0,2,True,False,True,0.3928020191453077,0.3928020191453077
gross_gain,call,191,0,0,2,True,False,True,0.3811596642199867,0.3811596642199867
gross_gain,call,192,0,0,2,True,False,True,0.36336742023315527,0.36336742023315527
gross_gain,call,193,0,0,2,True,False,True,0.34686666752975714,0.34686666752975714
gross_gain,call,199,0,0,2,True,False,True,0.3098710389699961,0.3098710389699961
gross_gain,call,204,0,0,2,True,False,True,0.3587070083605745,0.3587070083605745
gross_gain,call,205,0,0,2,True,False,True,0.31027475534259497,0.31027475534259497
gross_gain,call,206,0,0,2,True,False,True,0.3249365593678047,0.3249365593678047
gross_gain,call,207,0,0,2,True,False,True,0.3124283616284871,0.3124283616284871
gross_gain,call,208,0,0,2,True,False,True,0.3712679244533232,0.3712679244533232
gross_gain,call,209,0,0,2,True,False,True,0.35430383429060563,0.35430383429060563
gross_gain,call,211,0,0,2,True,False,True,0.38923138462147566,0.38923138462147566
gross_gain,call,218,0,0,2,True,False,True,0.3611983233698272,0.3611983233698272
gross_gain,car37,138,0,0,0,False,True,True,0.8321358304762145,0.8321358304762145
gross_gain,car37,144,0,0,0,False,True,True,0.7741657170900029,0.7741657170900029
gross_gain,car37,161,0,0,0,False,True,True,0.7524191064830952,0.7524191064830952
gross_gain,car37,266,0,0,2,True,False,True,0.6090310869872342,0.6090310869872342
gross_gain,car37,267,0,0,2,True,False,True,0.17127294191757192,0.17127294191757192
gross_gain,car37,268,0,0,2,True,False,True,0.20310265196406477,0.20310265196406477
gross_gain,car37,269,0,0,2,True,False,True,0.13688680596976552,0.13688680596976552
gross_gain,car37,270,0,0,2,True,False,True,0.36509883326649417,0.36509883326649417
gross_gain,car37,272,0,0,2,True,False,True,0.37879229247987495,0.37879229247987495
gross_gain,car37,273,0,0,2,True,False,True,0.1599388141764015,0.1599388141764015
gross_gain,car37,274,0,0,2,True,False,True,0.22096248807580418,0.22096248807580418
gross_gain,car37,275,0,0,2,True,False,True,0.2797956995709727,0.2797956995709727
gross_gain,car37,276,0,0,2,True,False,True,0.1323770225175767,0.1323770225175767
gross_gain,car37,277,0,0,2,True,False,True,0.06132519872880547,0.06132519872880547
gross_gain,car37,278,0,0,2,True,False,True,0.15621128482187813,0.15621128482187813
gross_gain,car37,279,0,0,2,True,False,True,0.05584046736115715,0.05584046736115715
gross_gain,car37,280,0,0,2,True,False,True,0.06997941606828242,0.06997941606828242
gross_gain,car37,281,0,0,2,True,False,True,0.08368649232365939,0.08368649232365939
gross_gain,car37,282,0,0,2,True,False,True,0.13560671588122764,0.13560671588122764
gross_gain,car37,283,0,0,2,True,False,True,0.16392580705941398,0.16392580705941398
gross_gain,car37,284,0,0,2,True,False,True,0.32382359134734107,0.32382359134734107
gross_gain,car37,285,0,0,2,True,False,True,0.5222070896480374,0.5222070896480374
gross_gain,car37,286,0,0,2,True,False,True,0.5227215766839953,0.5227215766839953
gross_gain,car37,287,0,0,2,True,False,True,0.2528982664277038,0.2528982664277038
gross_gain,car37,288,0,0,2,True,False,True,0.2627690403987742,0.2627690403987742
gross_gain,car37,289,0,0,2,True,False,True,0.2010717497366614,0.2010717497366614
gross_gain,car37,290,0,0,2,True,False,True,0.015231137185936244,0.015231137185936244
gross_gain,car37,291,0,0,2,True,False,True,0.07627547993479383,0.07627547993479383
gross_gain,car37,292,0,0,2,True,False,True,0.1151011113994726,0.1151011113994726
gross_gain,car37,293,0,0,2,True,False,True,0.4273414360274787,0.4273414360274787
gross_gain,car37,295,0,0,2,True,False,True,0.6445065466832255,0.6445065466832255
gross_gain,car37,296,0,0,2,True,False,True,0.734601277151258,0.734601277151258
gross_gain,car37,309,0,0,2,True,False,True,0.5768406461931249,0.5768406461931249
gross_gain,car37,313,0,0,2,True,False,True,0.5192665405813974,0.5192665405813974
gross_gain,car37,314,0,0,2,True,False,True,0.7411532485244221,0.7411532485244221
gross_gain,car37,316,0,0,2,True,False,True,0.7623332026065097,0.7623332026065097
gross_gain,car37,324,0,0,2,True,False,True,0.7879919115170109,0.7879919115170109
gross_gain,car37,325,0,0,2,True,False,True,0.8468861836464183,0.8468861836464183
gross_gain,car37,326,0,0,2,True,False,True,0.6381969474753251,0.6381969474753251
gross_gain,car37,338,0,0,2,True,False,True,0.7786524796246509,0.7786524796246509
gross_gain,car37,341,0,0,2,True,False,True,0.8251197445249214,0.8251197445249214
gross_gain,car37,457,0,0,2,True,False,True,0.6780805253154145,0.6780805253154145
gross_gain,car37,463,0,0,2,True,False,True,0.8049904602099673,0.8049904602099673
gross_gain,car37,479,0,0,2,True,False,True,0.0,0.0
gross_gain,car37,480,0,1,2,True,False,True,0.0,0.0
gross_gain,car37,486,0,0,2,True,False,True,0.7143516503532841,0.7143516503532841
gross_gain,car37,487,0,0,2,True,False,True,0.7220546723973122,0.7220546723973122
gross_gain,car37,488,0,0,2,True,False,True,0.7041636886747726,0.7041636886747726
gross_gain,car37,489,0,0,2,True,False,True,0.7420172030127582,0.7420172030127582
gross_gain,car37,490,0,0,2,True,False,True,0.7689933500794773,0.7689933500794773
gross_gain,car37,492,0,0,2,True,False,True,0.6085705229678279,0.6085705229678279
gross_gain,car37,513,0,0,2,True,False,True,0.8218556749389225,0.8218556749389225
gross_gain,car37,603,0,0,2,True,False,True,0.7336652689746745,0.7336652689746745
gross_gain,caraftertree,192,0,0,2,True,False,True,0.0,0.0
gross_gain,caraftertree,193,0,0,2,True,False,True,0.0,0.0
gross_gain,caraftertree,194,0,0,2,True,False,True,0.0,0.0
gross_gain,carnotmove,28,0,0,2,True,False,True,0.7872604974638971,0.7872604974638971
gross_gain,carnotmove,147,0,0,2,True,False,True,0.7574795378297843,0.7574795378297843
gross_gain,carnotmove,148,0,0,2,True,False,True,0.7627078776317776,0.7627078776317776
gross_gain,carnotmove,149,0,0,2,True,False,True,0.7473665742070694,0.7473665742070694
gross_gain,carnotmove,150,0,0,2,True,False,True,0.7269184687244098,0.7269184687244098
gross_gain,carnotmove,151,0,0,2,True,False,True,0.5978988539800668,0.5978988539800668
gross_gain,carnotmove,152,0,0,2,True,False,True,0.47851463847098136,0.47851463847098136
gross_gain,carnotmove,153,0,0,2,True,False,True,0.5740589437132994,0.5740589437132994
gross_gain,carnotmove,154,0,0,2,True,False,True,0.6289671829953819,0.6289671829953819
gross_gain,carnotmove,190,0,0,2,True,False,True,0.7191406423430675,0.7191406423430675
gross_gain,carnotmove,193,0,0,2,True,False,True,0.7607488844032622,0.7607488844032622
gross_gain,child,32,0,0,2,True,False,True,0.3042082597188719,0.3042082597188719
gross_gain,child,50,0,0,2,True,False,True,0.19632877547517905,0.19632877547517905
gross_gain,child,51,0,0,2,True,False,True,0.46631560036483716,0.46631560036483716
gross_gain,child,54,0,0,2,True,False,True,0.5063019699872926,0.5063019699872926
gross_gain,child,60,0,0,2,True,False,True,0.5576763285564671,0.5576763285564671
gross_gain,child,93,0,0,2,True,False,True,0.34832846056312017,0.34832846056312017
gross_gain,child,95,0,0,2,True,False,True,0.09098048224948554,0.09098048224948554
gross_gain,child,96,0,0,2,True,False,True,0.2638335371174661,0.2638335371174661
gross_gain,child,97,0,0,2,True,False,True,0.23278335834089378,0.23278335834089378
gross_gain,child,103,0,0,2,True,False,True,0.274907325651627,0.274907325651627
gross_gain,child,104,0,0,2,True,False,True,0.2483169479989383,0.2483169479989383
gross_gain,child,105,0,0,2,True,False,True,0.19999753374618873,0.19999753374618873
gross_gain,child,106,0,0,2,True,False,True,0.2693798716519067,0.2693798716519067
gross_gain,child,108,0,0,2,True,False,True,0.24469342013793263,0.24469342013793263
gross_gain,child,111,0,0,2,True,False,True,0.19940867782984426,0.19940867782984426
gross_gain,child,112,0,0,2,True,False,True,0.10930098612985382,0.10930098612985382
gross_gain,child,113,0,0,2,True,False,True,0.27532956787957813,0.27532956787957813
gross_gain,child,114,0,0,2,True,False,True,0.28287893792034885,0.28287893792034885
gross_gain,child,115,0,0,2,True,False,True,0.16667406045175906,0.16667406045175906
gross_gain,child,118,0,0,2,True,False,True,0.116743598791722,0.116743598791722
gross_gain,child,120,0,0,2,True,False,True,0.11189823504297015,0.11189823504297015
gross_gain,child,121,0,0,2,True,False,True,0.18935218976959392,0.18935218976959392
gross_gain,child,122,0,0,2,True,False,True,0.37559412905689893,0.37559412905689893
gross_gain,child,123,0,0,2,True,False,True,0.15859749715370802,0.15859749715370802
gross_gain,child,128,0,0,2,True,False,True,0.21537963150557662,0.21537963150557662
gross_gain,child,129,0,0,2,True,False,True,0.31030959300437544,0.31030959300437544
gross_gain,child,132,0,0,2,True,False,True,0.28044155822076056,0.28044155822076056
gross_gain,child,133,0,0,2,True,False,True,0.28042004235667584,0.28042004235667584
gross_gain,child,134,0,0,2,True,False,True,0.37562630415336606,0.37562630415336606
gross_gain,child,135,0,0,2,True,False,True,0.33246563591791445,0.33246563591791445
gross_gain,child,136,0,0,2,True,False,True,0.33139736625696,0.33139736625696
gross_gain,child1,102,0,0,2,True,False,True,0.8618698280009407,0.8618698280009407
gross_gain,child1,108,0,0,2,True,False,True,0.7654807127382617,0.7654807127382617
gross_gain,child1,109,0,0,2,True,False,True,0.4542094905485279,0.4542094905485279
gross_gain,child1,118,0,0,0,False,True,True,0.5106937809980251,0.5106937809980251
gross_gain,child1,119,0,0,0,False,True,True,0.5248925426129358,0.5248925426129358
gross_gain,child1,120,0,0,0,False,True,True,0.5442132583416202,0.5442132583416202
gross_gain,child1,121,0,0,0,False,True,True,0.5412813543950572,0.5412813543950572
gross_gain,child1,230,0,0,2,True,False,True,0.2722353425047028,0.2722353425047028
gross_gain,child1,232,0,1,2,True,False,True,0.0,0.7512762136251968
gross_gain,child1,234,0,1,2,True,False,True,0.30561022493420203,0.0
gross_gain,child1,235,0,1,2,True,False,True,0.0,0.43608992891009485
gross_gain,child1,241,0,1,0,False,False,True,0.8506958955179225,0.0
gross_gain,child1,242,0,0,2,True,False,True,0.0,0.0
gross_gain,child1,243,0,0,2,True,False,True,0.0,0.0
gross_gain,child1,244,0,0,2,True,False,True,0.0,0.0
gross_gain,child1,245,0,0,2,True,False,True,0.0,0.0
gross_gain,child1,246,0,1,2,True,False,True,0.0,0.0
gross_gain,child1,247,0,0,2,True,False,True,0.0,0.0
gross_gain,child1,248,0,0,2,True,False,True,0.015873989876952602,0.7548127827277905
gross_gain,child3,19,0,0,2,True,False,True,0.6948748300294688,0.6948748300294688
gross_gain,child3,20,0,0,2,True,False,True,0.5985478644061442,0.5985478644061442
gross_gain,child3,21,0,0,2,True,False,True,0.36086986825198397,0.36086986825198397
gross_gain,child3,22,0,0,2,True,False,True,0.0523649782924791,0.0523649782924791
gross_gain,child3,23,0,0,2,True,False,True,0.802579540292117,0.802579540292117
gross_gain,child3,25,0,0,2,True,False,True,0.7176271546896344,0.7176271546896344
gross_gain,child3,40,0,0,2,True,False,True,0.8082975081732068,0.8082975081732068
gross_gain,child3,111,0,0,2,True,False,True,0.666030098751302,0.666030098751302
gross_gain,child3,117,0,0,2,True,False,True,0.5428993022082681,0.5428993022082681
gross_gain,child3,119,0,0,2,True,False,True,0.47281600388977346,0.47281600388977346
gross_gain,child3,121,0,0,2,True,False,True,0.5722716801252162,0.5722716801252162
gross_gain,child3,124,0,0,2,True,False,True,0.6752273802644778,0.6752273802644778
gross_gain,child3,128,0,0,2,True,False,True,0.7424680002518046,0.7424680002518046
gross_gain,child3,129,0,0,2,True,False,True,0.7464326240678163,0.7464326240678163
gross_gain,child3,132,0,0,2,True,False,True,0.7664650843075184,0.7664650843075184
gross_gain,child3,133,0,0,2,True,False,True,0.7023882262148996,0.7023882262148996
gross_gain,child3,134,0,0,2,True,False,True,0.7234857503113021,0.7234857503113021
gross_gain,child3,135,0,0,2,True,False,True,0.7107520682073764,0.7107520682073764
gross_gain,child3,136,0,0,2,True,False,True,0.7457998586317397,0.7457998586317397
gross_gain,child3,142,0,0,2,True,False,True,0.8928018236184698,0.8928018236184698
gross_gain,child3,143,0,0,2,True,False,True,0.7874329700538307,0.7874329700538307
gross_gain,child3,150,0,0,2,True,False,True,0.6956852325004066,0.6956852325004066
gross_gain,child3,153,0,0,2,True,False,True,0.6568441851137059,0.6568441851137059
gross_gain,child3,155,0,0,2,True,False,True,0.6388873307136852,0.6388873307136852
gross_gain,child3,156,0,0,2,True,False,True,0.5190696005128558,0.5190696005128558
gross_gain,child3,157,0,0,2,True,False,True,0.5597945710998541,0.5597945710998541
gross_gain,child3,159,0,0,2,True,False,True,0.4162810030265227,0.4162810030265227
gross_gain,child3,160,0,0,2,True,False,True,0.0,0.0
gross_gain,child3,162,0,0,2,True,False,True,0.0,0.0
gross_gain,child3,163,0,0,2,True,False,True,0.0,0.0
gross_gain,child3,165,0,0,2,True,False,True,0.0,0.0
gross_gain,child3,167,0,1,2,True,False,True,0.0,0.0
gross_gain,child3,169,0,0,2,True,False,True,0.6234508877629018,0.6234508877629018
gross_gain,child3,179,0,0,2,True,False,True,0.6634052210017775,0.6634052210017775
gross_gain,child3,181,0,0,2,True,False,True,0.6766996216832859,0.6766996216832859
gross_gain,child3,186,0,0,2,True,False,True,0.0,0.0
gross_gain,child3,187,0,0,2,True,False,True,0.055286006759529584,0.055286006759529584
gross_gain,child3,188,0,0,2,True,False,True,0.0,0.0
gross_gain,child3,189,0,0,2,True,False,True,0.6161662520661769,0.6161662520661769
gross_gain,child3,190,0,0,2,True,False,True,0.0,0.0
gross_gain,child3,193,0,0,2,True,False,True,0.0,0.0
gross_gain,child3,194,0,0,2,True,False,True,0.0,0.0
gross_gain,child3,196,0,0,2,True,False,True,0.0,0.0
gross_gain,child3,197,0,0,2,True,False,True,0.0,0.0
gross_gain,child3,199,0,0,2,True,False,True,0.0,0.0
gross_gain,child3,200,0,0,2,True,False,True,0.02100953340671436,0.02100953340671436
gross_gain,child3,201,0,0,2,True,False,True,0.0,0.0
gross_gain,child3,203,0,0,2,True,False,True,0.0,0.0
gross_gain,child3,204,0,0,2,True,False,True,0.0,0.0
gross_gain,child3,206,0,0,2,True,False,True,0.0,0.0
gross_gain,child3,207,0,1,2,True,False,True,0.0,0.0
gross_gain,child3,208,0,0,2,True,False,True,0.0,0.0
gross_gain,child3,209,0,0,2,True,False,True,0.0,0.0
gross_gain,child3,210,0,0,2,True,False,True,0.0,0.0
gross_gain,child3,211,0,0,2,True,False,True,0.0,0.0
gross_gain,child3,212,0,0,2,True,False,True,0.0,0.0
gross_gain,child3,213,0,0,2,True,False,True,0.0,0.0
gross_gain,child3,214,0,0,2,True,False,True,0.0,0.0
gross_gain,child3,215,0,0,2,True,False,True,0.0,0.0
gross_gain,child3,216,0,0,2,True,False,True,0.0,0.0
gross_gain,child3,217,0,0,2,True,False,True,0.029948222642479677,0.029948222642479677
gross_gain,child3,218,0,0,2,True,False,True,0.31724951309377186,0.31724951309377186
gross_gain,child3,219,0,0,2,True,False,True,0.43456439137385067,0.43456439137385067
gross_gain,child3,220,0,0,2,True,False,True,0.6263467515582402,0.6263467515582402
gross_gain,child3,242,0,0,2,True,False,True,0.7295119931300731,0.7295119931300731
gross_gain,child3,258,0,0,2,True,False,True,0.8132476091054697,0.8132476091054697
gross_gain,child3,259,0,0,2,True,False,True,0.8542304802557237,0.8542304802557237
gross_gain,child3,260,0,0,2,True,False,True,0.7222284463184273,0.7222284463184273
gross_gain,child3,261,0,0,2,True,False,True,0.6219743506094019,0.6219743506094019
gross_gain,child3,263,0,0,2,True,False,True,0.5635310616148611,0.5635310616148611
gross_gain,child3,264,0,0,2,True,False,True,0.5175319172969897,0.5175319172969897
gross_gain,child3,265,0,0,2,True,False,True,0.42773490119783286,0.42773490119783286
gross_gain,child3,266,0,0,2,True,False,True,0.5958338447585682,0.5958338447585682
gross_gain,child3,272,0,0,2,True,False,True,0.5420895465109957,0.5420895465109957
gross_gain,child3,273,0,0,2,True,False,True,0.4778688900084405,0.4778688900084405
gross_gain,child3,274,0,0,2,True,False,True,0.457130585534675,0.457130585534675
gross_gain,child3,275,0,0,2,True,False,True,0.48380293945660263,0.48380293945660263
gross_gain,child3,278,0,0,2,True,False,True,0.5001593570461327,0.5001593570461327
gross_gain,child3,279,0,0,2,True,False,True,0.49953818857963783,0.49953818857963783
gross_gain,child3,280,0,0,2,True,False,True,0.6136320824178004,0.6136320824178004
gross_gain,child3,281,0,0,2,True,False,True,0.569844050661733,0.569844050661733
gross_gain,child3,282,0,0,2,True,False,True,0.46093558647879207,0.46093558647879207
gross_gain,child3,283,0,1,2,True,False,True,0.3149506219648699,0.3149506219648699
gross_gain,child3,284,0,0,2,True,False,True,0.16900839191230918,0.16900839191230918
gross_gain,child3,285,0,0,2,True,False,True,0.2318637155548351,0.2318637155548351
gross_gain,child3,286,0,0,2,True,False,True,0.2963429160918621,0.2963429160918621
gross_gain,child3,287,0,0,2,True,False,True,0.311260097512256,0.311260097512256
gross_gain,child3,289,0,0,2,True,False,True,0.5647647615090062,0.5647647615090062
gross_gain,child3,290,0,0,2,True,False,True,0.6836189565054996,0.6836189565054996
gross_gain,child3,298,0,0,2,True,False,True,0.6199152790762538,0.6199152790762538
gross_gain,child3,300,0,0,2,True,False,True,0.7265661367936843,0.7265661367936843
gross_gain,child3,313,2,0,2,True,False,True,0.7590142725630525,0.0
gross_gain,child3,319,0,0,2,True,False,True,0.0,0.0
gross_gain,child3,474,0,0,2,True,False,True,0.0,0.0
gross_gain,child3,515,0,0,2,True,False,True,0.0,0.0
gross_gain,child3,517,0,0,2,True,False,True,0.0,0.0
gross_gain,child3,518,0,0,2,True,False,True,0.0,0.0
gross_gain,child3,520,0,0,2,True,False,True,0.0,0.0
gross_gain,child3,521,0,0,2,True,False,True,0.0,0.0
gross_gain,child3,526,0,0,2,True,False,True,0.0,0.0
gross_gain,child3,527,0,0,2,True,False,True,0.0,0.0
gross_gain,child3,528,0,0,2,True,False,True,0.0,0.0
gross_gain,child3,529,0,0,2,True,False,True,0.0,0.0
gross_gain,child3,530,0,0,2,True,False,True,0.0,0.0
gross_gain,child3,531,0,0,2,True,False,True,0.0,0.0
gross_gain,child3,532,0,0,2,True,False,True,0.0,0.0
gross_gain,child3,533,0,1,2,True,False,True,0.0,0.0
gross_gain,child3,534,0,0,2,True,False,True,0.0,0.0
gross_gain,child3,535,0,0,2,True,False,True,0.006326241051162003,0.006326241051162003
gross_gain,child3,536,0,0,2,True,False,True,0.028324056878724156,0.028324056878724156
gross_gain,child3,537,0,0,2,True,False,True,0.032023884215148776,0.032023884215148776
gross_gain,child3,538,0,0,2,True,False,True,0.015775140073209164,0.015775140073209164
gross_gain,child3,539,0,0,2,True,False,True,0.06854217532043905,0.06854217532043905
gross_gain,child3,544,0,0,2,True,False,True,0.3020441460815402,0.3020441460815402
gross_gain,child3,583,0,0,2,True,False,True,0.4465691307811733,0.4465691307811733
gross_gain,child3,600,0,0,2,True,False,True,0.0018599633527552632,0.0018599633527552632
gross_gain,child3,601,0,0,2,True,False,True,0.016132934171099036,0.016132934171099036
gross_gain,child3,610,0,1,2,True,False,True,0.20912932521535524,0.20912932521535524
gross_gain,child3,613,0,1,2,True,False,True,0.26410455760685486,0.26410455760685486
gross_gain,child3,614,0,0,0,False,False,True,0.31890531625209556,0.0
gross_gain,child3,615,0,0,2,True,False,True,0.0,0.0
gross_gain,child3,616,0,0,0,False,False,True,0.0,0.0
gross_gain,child3,620,0,0,2,True,False,True,0.0,0.0
gross_gain,child4,151,0,0,2,True,False,True,0.6666242890692657,0.6666242890692657
gross_gain,child4,202,0,0,2,True,False,True,0.8713958010392487,0.8713958010392487
gross_gain,child4,203,0,0,2,True,False,True,0.8671331095529543,0.8671331095529543
gross_gain,child4,204,0,0,2,True,False,True,0.7618091824666682,0.7618091824666682
gross_gain,child4,205,0,0,2,True,False,True,0.713610040887991,0.713610040887991
gross_gain,child4,207,0,0,2,True,False,True,0.7478247517827097,0.7478247517827097
gross_gain,child4,209,0,0,2,True,False,True,0.6791922978770327,0.6791922978770327
gross_gain,child4,210,0,0,2,True,False,True,0.7294466337224895,0.7294466337224895
gross_gain,child4,211,0,0,2,True,False,True,0.42810203326163854,0.42810203326163854
gross_gain,child4,212,0,0,2,True,False,True,0.7204605246297908,0.7204605246297908
gross_gain,child4,213,0,0,2,True,False,True,0.5529370122512799,0.5529370122512799
gross_gain,child4,214,0,0,2,True,False,True,0.657604838361065,0.657604838361065
gross_gain,child4,215,0,0,2,True,False,True,0.6556028588928168,0.6556028588928168
gross_gain,child4,216,0,0,2,True,False,True,0.6837065046492132,0.6837065046492132
gross_gain,child4,232,0,0,2,True,False,True,0.7847568997864484,0.7847568997864484
gross_gain,child4,403,0,0,2,True,False,True,0.7957721784144137,0.7957721784144137
gross_gain,child4,414,0,0,0,False,True,True,0.0,0.0
gross_gain,child4,416,0,0,0,False,True,True,0.0,0.0
gross_gain,child4,423,0,0,2,True,False,True,0.0,0.7914433448520943
gross_gain,child4,462,0,0,2,True,False,True,0.7581208713291677,0.7581208713291677
gross_gain,child4,463,0,0,2,True,False,True,0.6643536227869797,0.6643536227869797
gross_gain,child4,465,0,0,2,True,False,True,0.6751147595837159,0.6751147595837159
gross_gain,child4,466,0,0,2,True,False,True,0.781782051702635,0.781782051702635
gross_gain,child4,470,0,0,2,True,False,True,0.7436626017597072,0.7436626017597072
gross_gain,child4,473,0,0,2,True,False,True,0.4677347984413418,0.4677347984413418
gross_gain,children2,3,0,0,2,True,False,True,0.0,0.0
gross_gain,children2,6,0,0,2,True,False,True,0.0,0.0
gross_gain,children2,7,0,0,2,True,False,True,0.0,0.0
gross_gain,children2,8,0,0,2,True,False,True,0.0,0.0
gross_gain,children2,9,0,0,2,True,False,True,0.0,0.0
gross_gain,children2,10,0,0,2,True,False,True,0.0,0.0
gross_gain,children2,11,0,0,2,True,False,True,0.0,0.0
gross_gain,children2,12,0,0,2,True,False,True,0.0,0.0
gross_gain,children2,13,0,0,2,True,False,True,0.0,0.0
gross_gain,children2,14,0,0,2,True,False,True,0.0,0.0
gross_gain,children2,15,0,0,2,True,False,True,0.0,0.0
gross_gain,children2,16,0,0,2,True,False,True,0.0,0.0
gross_gain,children2,17,0,0,2,True,False,True,0.0,0.0
gross_gain,children2,18,0,0,2,True,False,True,0.0,0.0
gross_gain,children2,19,0,0,2,True,False,True,0.0,0.0
gross_gain,children2,20,0,0,2,True,False,True,0.0,0.0
gross_gain,children2,21,0,0,2,True,False,True,0.0,0.0
gross_gain,children2,22,0,0,2,True,False,True,0.0,0.0
gross_gain,children2,23,0,0,2,True,False,True,0.0,0.0
gross_gain,children2,24,0,0,2,True,False,True,0.0,0.0
gross_gain,children2,25,0,0,2,True,False,True,0.0,0.0
gross_gain,children2,26,0,0,2,True,False,True,0.0,0.0
gross_gain,children2,27,0,0,2,True,False,True,0.0,0.0
gross_gain,children2,28,0,0,2,True,False,True,0.0,0.0
gross_gain,children2,29,0,0,2,True,False,True,0.0,0.0
gross_gain,children2,30,0,0,2,True,False,True,0.0,0.0
gross_gain,children2,31,0,0,2,True,False,True,0.0,0.0
gross_gain,children2,32,0,0,2,True,False,True,0.0,0.0
gross_gain,children2,33,0,0,2,True,False,True,0.0,0.0
gross_gain,children2,34,0,0,2,True,False,True,0.0,0.0
gross_gain,children2,35,0,0,2,True,False,True,0.0,0.0
gross_gain,children2,45,0,0,2,True,False,True,0.0,0.0
gross_gain,children2,46,0,0,2,True,False,True,0.0,0.0
gross_gain,children2,56,0,0,2,True,False,True,0.0,0.0
gross_gain,children2,59,0,0,2,True,False,True,0.0,0.0
gross_gain,children2,60,0,0,2,True,False,True,0.0,0.0
gross_gain,children2,61,0,0,2,True,False,True,0.0,0.0
gross_gain,children2,66,0,0,2,True,False,True,0.0,0.0
gross_gain,children2,67,0,0,2,True,False,True,0.0,0.0
gross_gain,children2,68,0,1,2,True,False,True,0.0,0.0
gross_gain,children2,69,0,1,2,True,False,True,0.0,0.0
gross_gain,children2,70,0,0,2,True,False,True,0.0,0.0
gross_gain,children2,73,0,0,2,True,False,True,0.0,0.0
gross_gain,children2,75,0,0,2,True,False,True,0.0,0.0
gross_gain,children2,76,0,0,2,True,False,True,0.0,0.0
gross_gain,children2,77,0,0,2,True,False,True,0.0,0.0
gross_gain,children2,78,0,0,2,True,False,True,0.0,0.0
gross_gain,children2,79,0,0,2,True,False,True,0.0,0.0
gross_gain,children2,80,0,1,2,True,False,True,0.0,0.0
gross_gain,children2,81,0,0,2,True,False,True,0.0,0.0
gross_gain,children2,82,0,0,2,True,False,True,0.0,0.0
gross_gain,children2,84,0,0,2,True,False,True,0.0,0.0
gross_gain,children2,85,0,0,2,True,False,True,0.0,0.0
gross_gain,children2,86,0,0,2,True,False,True,0.0,0.0
gross_gain,children2,90,0,0,2,True,False,True,0.0,0.0
gross_gain,children2,91,0,0,2,True,False,True,0.0,0.0
gross_gain,children2,92,0,0,2,True,False,True,0.0,0.0
gross_gain,children2,93,0,0,2,True,False,True,0.0,0.0
gross_gain,children2,94,0,0,2,True,False,True,0.0,0.0
gross_gain,children2,96,0,0,2,True,False,True,0.0,0.0
gross_gain,children2,97,0,1,2,True,False,True,0.0,0.0
gross_gain,children2,99,0,0,2,True,False,True,0.0,0.0
gross_gain,children2,102,0,0,2,True,False,True,0.0,0.0
gross_gain,children2,104,0,0,2,True,False,True,0.0,0.0
gross_gain,children2,105,0,0,2,True,False,True,0.0,0.0
gross_gain,children2,109,0,0,2,True,False,True,0.0,0.0
gross_gain,children2,113,0,0,2,True,False,True,0.0,0.0
gross_gain,children2,114,0,0,2,True,False,True,0.0,0.0
gross_gain,children2,115,0,0,2,True,False,True,0.0,0.0
gross_gain,children2,116,0,0,2,True,False,True,0.0,0.0
gross_gain,children2,117,0,0,2,True,False,True,0.0,0.0
gross_gain,children2,118,0,0,2,True,False,True,0.0,0.0
gross_gain,children2,119,0,0,2,True,False,True,0.0,0.0
gross_gain,children2,120,0,0,2,True,False,True,0.0,0.0
gross_gain,children2,121,0,0,2,True,False,True,0.0,0.0
gross_gain,children2,122,0,0,2,True,False,True,0.0,0.0
gross_gain,children2,123,0,0,2,True,False,True,0.0,0.0
gross_gain,children2,124,0,0,2,True,False,True,0.0,0.0
gross_gain,children2,125,0,0,2,True,False,True,0.0,0.0
gross_gain,children2,126,0,0,2,True,False,True,0.0,0.0
gross_gain,children2,127,0,0,2,True,False,True,0.0,0.0
gross_gain,children2,128,0,0,2,True,False,True,0.0,0.0
gross_gain,children2,129,0,0,2,True,False,True,0.0,0.0
gross_gain,children2,130,0,0,2,True,False,True,0.0,0.0
gross_gain,children2,131,0,0,2,True,False,True,0.0,0.0
gross_gain,children2,132,0,0,2,True,False,True,0.0,0.0
gross_gain,children2,133,0,0,2,True,False,True,0.0,0.0
gross_gain,children2,134,0,0,2,True,False,True,0.0,0.0
gross_gain,children2,135,0,0,2,True,False,True,0.0,0.0
gross_gain,children2,136,0,0,2,True,False,True,0.0,0.0
gross_gain,children2,137,0,0,2,True,False,True,0.0,0.0
gross_gain,children2,138,0,0,2,True,False,True,0.0,0.0
gross_gain,children2,139,0,0,2,True,False,True,0.0,0.0
gross_gain,children2,141,0,0,2,True,False,True,0.0,0.0
gross_gain,children2,142,0,0,2,True,False,True,0.0,0.0
gross_gain,children2,143,0,0,2,True,False,True,0.0,0.0
gross_gain,children2,144,0,0,2,True,False,True,0.0,0.0
gross_gain,children2,145,0,0,2,True,False,True,0.0675941093431113,0.0675941093431113
gross_gain,children2,146,0,0,2,True,False,True,0.059387067140051354,0.059387067140051354
gross_gain,children2,147,0,0,2,True,False,True,0.4292523235466688,0.4292523235466688
gross_gain,children2,151,0,0,2,True,False,True,0.4710809679349253,0.4710809679349253
gross_gain,children2,156,0,0,2,True,False,True,0.14684628445262587,0.14684628445262587
gross_gain,children2,157,0,0,2,True,False,True,0.045706776538014,0.045706776538014
gross_gain,children2,160,0,0,2,True,False,True,0.0,0.0
gross_gain,children2,162,0,0,2,True,False,True,0.0,0.0
gross_gain,children2,163,0,0,2,True,False,True,0.0,0.0
gross_gain,children2,164,0,0,2,True,False,True,0.0,0.0
gross_gain,children2,166,0,0,2,True,False,True,0.0,0.0
gross_gain,children2,167,0,0,2,True,False,True,0.0,0.0
gross_gain,children2,168,0,0,2,True,False,True,0.0,0.0
gross_gain,children2,170,0,0,2,True,False,True,0.0,0.0
gross_gain,children2,172,0,0,2,True,False,True,0.0,0.0
gross_gain,children2,173,0,0,2,True,False,True,0.0,0.0
gross_gain,children2,174,0,0,2,True,False,True,0.0,0.0
gross_gain,children2,175,0,0,2,True,False,True,0.0,0.0
gross_gain,children2,176,0,1,2,True,False,True,0.0,0.0
gross_gain,children2,177,0,0,2,True,False,True,0.0,0.0
gross_gain,children2,181,0,0,2,True,False,True,0.0,0.0
gross_gain,children2,185,0,0,2,True,False,True,0.0,0.0
gross_gain,children2,192,0,0,2,True,False,True,0.0,0.0
gross_gain,children2,208,0,0,2,True,False,True,0.0,0.0
gross_gain,children2,210,0,0,2,True,False,True,0.0,0.0
gross_gain,children2,212,0,0,2,True,False,True,0.0,0.0
gross_gain,children2,216,0,0,2,True,False,True,0.0,0.0
gross_gain,children2,217,0,0,2,True,False,True,0.0,0.0
gross_gain,children2,218,0,0,2,True,False,True,0.0,0.0
gross_gain,children2,219,0,0,2,True,False,True,0.0,0.0
gross_gain,children2,231,0,0,2,True,False,True,0.0,0.0
gross_gain,children2,232,0,0,2,True,False,True,0.0,0.0
gross_gain,children2,233,0,0,2,True,False,True,0.0,0.0
gross_gain,children2,234,0,0,2,True,False,True,0.0,0.0
gross_gain,children2,235,0,1,2,True,False,True,0.0,0.0
gross_gain,children2,236,0,0,2,True,False,True,0.0,0.0
gross_gain,children2,237,0,0,2,True,False,True,0.0,0.0
gross_gain,children2,238,0,0,2,True,False,True,0.0,0.0
gross_gain,children3,20,0,0,2,True,False,True,0.5972301885235125,0.5972301885235125
gross_gain,children3,24,0,0,2,True,False,True,0.7846696284411687,0.7846696284411687
gross_gain,children3,26,0,0,2,True,False,True,0.8221091412926785,0.8221091412926785
gross_gain,children3,27,0,0,2,True,False,True,0.8267696130900699,0.8267696130900699
gross_gain,children3,29,0,0,2,True,False,True,0.8351937719421106,0.8351937719421106
gross_gain,children3,30,0,0,2,True,False,True,0.8130736216170997,0.8130736216170997
gross_gain,children3,31,0,0,2,True,False,True,0.8753330815519637,0.8753330815519637
gross_gain,children3,32,0,0,2,True,False,True,0.8131032291851542,0.8131032291851542
gross_gain,children3,33,0,0,2,True,False,True,0.7966408126081398,0.7966408126081398
gross_gain,children3,34,0,0,2,True,False,True,0.8316763324643244,0.8316763324643244
gross_gain,children3,35,0,0,2,True,False,True,0.753838500858443,0.753838500858443
gross_gain,children3,36,0,0,2,True,False,True,0.6542401286340831,0.6542401286340831
gross_gain,children3,38,0,0,2,True,False,True,0.6477329928616848,0.6477329928616848
gross_gain,children3,40,0,0,2,True,False,True,0.6990007667914503,0.6990007667914503
gross_gain,children3,43,0,0,2,True,False,True,0.5549701778274936,0.5549701778274936
gross_gain,children3,44,0,0,2,True,False,True,0.515279129729121,0.515279129729121
gross_gain,children3,45,0,0,2,True,False,True,0.5092395242144975,0.5092395242144975
gross_gain,children3,49,0,0,2,True,False,True,0.6681681288222936,0.6681681288222936
gross_gain,children3,50,0,0,2,True,False,True,0.6902182999563924,0.6902182999563924
gross_gain,children3,51,0,0,2,True,False,True,0.6512701999745761,0.6512701999745761
gross_gain,children3,54,0,0,2,True,False,True,0.6849808484912444,0.6849808484912444
gross_gain,children3,55,0,0,2,True,False,True,0.6663003457984661,0.6663003457984661
gross_gain,children3,56,0,0,2,True,False,True,0.6158888576570337,0.6158888576570337
gross_gain,children3,57,0,0,2,True,False,True,0.6066258916459555,0.6066258916459555
gross_gain,children3,58,0,0,2,True,False,True,0.5906408513550239,0.5906408513550239
gross_gain,children3,59,0,0,2,True,False,True,0.6651790447335745,0.6651790447335745
gross_gain,children3,60,0,0,2,True,False,True,0.4591099664704269,0.4591099664704269
gross_gain,children3,61,0,0,2,True,False,True,0.060109601369304246,0.060109601369304246
gross_gain,children3,62,0,0,2,True,False,True,0.11384243201296756,0.11384243201296756
gross_gain,children3,64,0,0,2,True,False,True,0.22076581914410562,0.22076581914410562
gross_gain,children3,65,0,0,2,True,False,True,0.09534506182975824,0.09534506182975824
gross_gain,children3,67,0,0,2,True,False,True,0.34407740421951133,0.34407740421951133
gross_gain,children3,68,0,0,2,True,False,True,0.4005672565788814,0.4005672565788814
gross_gain,children3,69,0,0,2,True,False,True,0.4260950734845268,0.4260950734845268
gross_gain,children3,70,0,0,2,True,False,True,0.3731714631148801,0.3731714631148801
gross_gain,children3,71,0,0,2,True,False,True,0.35359055490742264,0.35359055490742264
gross_gain,children3,72,0,0,2,True,False,True,0.522478735760799,0.522478735760799
gross_gain,children3,73,0,0,2,True,False,True,0.4097586240658604,0.4097586240658604
gross_gain,children3,74,0,0,2,True,False,True,0.4714716200627128,0.4714716200627128
gross_gain,children3,75,0,0,2,True,False,True,0.33148625163655715,0.33148625163655715
gross_gain,children3,76,0,0,2,True,False,True,0.10985669560857063,0.10985669560857063
gross_gain,children3,77,0,0,2,True,False,True,0.1922455238274837,0.1922455238274837
gross_gain,children3,78,0,0,2,True,False,True,0.27491276774088524,0.27491276774088524
gross_gain,children3,79,0,0,2,True,False,True,0.3816067246020365,0.3816067246020365
gross_gain,children3,80,0,0,2,True,False,True,0.5459327989398867,0.5459327989398867
gross_gain,children3,81,0,0,2,True,False,True,0.6219189021724941,0.6219189021724941
gross_gain,children3,82,0,0,2,True,False,True,0.598706279739086,0.598706279739086
gross_gain,children3,83,0,0,2,True,False,True,0.572060817414937,0.572060817414937
gross_gain,children3,84,0,0,2,True,False,True,0.4818996102633168,0.4818996102633168
gross_gain,children3,85,0,0,2,True,False,True,0.0,0.0
gross_gain,children3,86,0,0,2,True,False,True,0.0,0.0
gross_gain,children3,87,0,0,2,True,False,True,0.0,0.0
gross_gain,children3,89,0,0,2,True,False,True,0.0,0.0
gross_gain,children3,92,0,0,2,True,False,True,0.0,0.0
gross_gain,children3,94,0,0,2,True,False,True,0.0,0.0
gross_gain,children3,95,0,0,2,True,False,True,0.0,0.0
gross_gain,children3,96,0,0,2,True,False,True,0.0,0.0
gross_gain,children3,97,0,0,2,True,False,True,0.0,0.0
gross_gain,children3,98,0,0,2,True,False,True,0.0,0.0
gross_gain,children3,99,0,0,2,True,False,True,0.0,0.0
gross_gain,children3,100,0,1,2,True,False,True,0.0,0.0
gross_gain,children3,101,0,0,2,True,False,True,0.0,0.6082306124801112
gross_gain,children3,103,0,0,2,True,False,True,0.5866249327895982,0.5866249327895982
gross_gain,children3,104,0,0,2,True,False,True,0.6833598187609037,0.6833598187609037
gross_gain,children3,105,0,0,2,True,False,True,0.6603665570735152,0.6603665570735152
gross_gain,children3,107,0,0,2,True,False,True,0.594222153616875,0.594222153616875
gross_gain,children3,108,0,0,2,True,False,True,0.5201857441759994,0.5201857441759994
gross_gain,children3,110,0,0,2,True,False,True,0.4249936957875471,0.4249936957875471
gross_gain,children3,111,0,0,2,True,False,True,0.3864733510187115,0.3864733510187115
gross_gain,children3,112,0,0,2,True,False,True,0.46021737812909125,0.46021737812909125
gross_gain,children3,113,0,0,2,True,False,True,0.4177022259405658,0.4177022259405658
gross_gain,children3,114,0,0,2,True,False,True,0.4889233052577796,0.4889233052577796
gross_gain,children3,115,0,0,2,True,False,True,0.5974447694108836,0.5974447694108836
gross_gain,children3,117,0,0,2,True,False,True,0.6484362789692387,0.6484362789692387
gross_gain,children3,118,0,0,2,True,False,True,0.7028383589201427,0.7028383589201427
gross_gain,children3,119,0,0,2,True,False,True,0.6428020242486636,0.6428020242486636
gross_gain,children3,120,0,0,2,True,False,True,0.5743011121603319,0.5743011121603319
gross_gain,children3,121,0,0,2,True,False,True,0.6707608151851151,0.6707608151851151
gross_gain,children3,122,0,0,2,True,False,True,0.6145613165495396,0.6145613165495396
gross_gain,children3,123,0,0,2,True,False,True,0.5779990041983664,0.5779990041983664
gross_gain,children3,124,0,0,2,True,False,True,0.5505118389051153,0.5505118389051153
gross_gain,children3,125,0,0,2,True,False,True,0.666138035610925,0.666138035610925
gross_gain,children3,127,0,0,2,True,False,True,0.5510230498793117,0.5510230498793117
gross_gain,children3,128,0,0,2,True,False,True,0.605844709886026,0.605844709886026
gross_gain,children3,131,0,0,2,True,False,True,0.5149689566653988,0.5149689566653988
gross_gain,children4,24,0,0,2,True,False,True,0.5670955763753289,0.5670955763753289
gross_gain,children4,48,0,0,2,True,False,True,0.44446153505721925,0.44446153505721925
gross_gain,children4,49,0,0,2,True,False,True,0.45197983593543667,0.45197983593543667
gross_gain,children4,50,0,0,2,True,False,True,0.3940534761130512,0.3940534761130512
gross_gain,children4,51,0,0,2,True,False,True,0.37199914943833245,0.37199914943833245
gross_gain,children4,52,0,0,2,True,False,True,0.41032685250186124,0.41032685250186124
gross_gain,children4,53,0,0,2,True,False,True,0.415149224472844,0.415149224472844
gross_gain,children4,54,0,0,2,True,False,True,0.25235152092325547,0.25235152092325547
gross_gain,children4,61,0,0,2,True,False,True,0.373149279966762,0.373149279966762
gross_gain,children4,63,0,0,2,True,False,True,0.41832649481627604,0.41832649481627604
gross_gain,children4,64,0,0,2,True,False,True,0.3975894261648492,0.3975894261648492
gross_gain,children4,65,0,0,2,True,False,True,0.44600801099609566,0.44600801099609566
gross_gain,children4,66,0,0,2,True,False,True,0.5281460973211085,0.5281460973211085
gross_gain,children4,67,0,0,2,True,False,True,0.5510377768107542,0.5510377768107542
gross_gain,children4,68,0,0,2,True,False,True,0.45654322892907434,0.45654322892907434
gross_gain,children4,69,0,0,2,True,False,True,0.49490756208918857,0.49490756208918857
gross_gain,children4,70,0,0,2,True,False,True,0.00909761477648068,0.00909761477648068
gross_gain,children4,71,0,0,2,True,False,True,0.0,0.0
gross_gain,children4,72,0,0,2,True,False,True,0.33415802562287594,0.33415802562287594
gross_gain,children4,73,0,0,2,True,False,True,0.4569368055357685,0.4569368055357685
gross_gain,children4,75,0,0,2,True,False,True,0.3581112142855001,0.3581112142855001
gross_gain,children4,76,0,0,2,True,False,True,0.4040191277072975,0.4040191277072975
gross_gain,children4,79,0,0,2,True,False,True,0.39215692997557405,0.39215692997557405
gross_gain,children4,80,0,0,2,True,False,True,0.43367672992725,0.43367672992725
gross_gain,children4,81,0,0,2,True,False,True,0.3643205442115142,0.3643205442115142
gross_gain,children4,82,0,0,2,True,False,True,0.35946912221958177,0.35946912221958177
gross_gain,children4,83,0,0,2,True,False,True,0.24759709469181485,0.24759709469181485
gross_gain,children4,84,0,0,2,True,False,True,0.20105102157734236,0.20105102157734236
gross_gain,children4,85,0,0,2,True,False,True,0.06372262799976147,0.06372262799976147
gross_gain,children4,86,0,0,2,True,False,True,0.3310544514105014,0.3310544514105014
gross_gain,children4,87,0,0,2,True,False,True,0.3989400491717881,0.3989400491717881
gross_gain,children4,88,0,0,2,True,False,True,0.3684269484603129,0.3684269484603129
gross_gain,children4,89,0,0,2,True,False,True,0.5653973200136554,0.5653973200136554
gross_gain,children4,90,0,0,2,True,False,True,0.4782357397972346,0.4782357397972346
gross_gain,children4,91,0,0,2,True,False,True,0.5042570874225991,0.5042570874225991
gross_gain,children4,92,0,0,2,True,False,True,0.04057903576734677,0.04057903576734677
gross_gain,children4,93,0,0,2,True,False,True,0.0,0.0
gross_gain,children4,94,0,0,2,True,False,True,0.5123433999394504,0.5123433999394504
gross_gain,children4,96,0,0,2,True,False,True,0.003250971004015933,0.003250971004015933
gross_gain,children4,98,0,0,2,True,False,True,0.35980885358247566,0.35980885358247566
gross_gain,children4,99,0,0,2,True,False,True,0.0,0.0
gross_gain,children4,100,0,0,2,True,False,True,0.4508562272295179,0.4508562272295179
gross_gain,children4,101,0,0,2,True,False,True,0.26064817359855585,0.26064817359855585
gross_gain,children4,102,0,0,2,True,False,True,0.3092731787817889,0.3092731787817889
gross_gain,crossroad,120,0,0,0,False,True,True,0.7989500653470898,0.7989500653470898
gross_gain,crossroad,121,0,0,0,False,True,True,0.7778635102128452,0.7778635102128452
gross_gain,crossroad,333,0,0,0,False,True,True,0.740020742891172,0.740020742891172
gross_gain,crouch,379,0,0,2,True,False,True,0.3210812724280494,0.3210812724280494
gross_gain,crouch,380,0,0,2,True,False,True,0.3060559088894478,0.3060559088894478
gross_gain,crouch,381,0,0,2,True,False,True,0.3946847310323272,0.3946847310323272
gross_gain,crouch,382,0,0,2,True,False,True,0.47773780852509395,0.47773780852509395
gross_gain,crouch,383,0,0,2,True,False,True,0.4162095355305523,0.4162095355305523
gross_gain,crouch,384,0,0,2,True,False,True,0.5227500942064337,0.5227500942064337
gross_gain,crouch,385,0,0,2,True,False,True,0.43966126568115466,0.43966126568115466
gross_gain,crouch,386,0,0,2,True,False,True,0.5147403516757583,0.5147403516757583
gross_gain,crouch,674,0,0,2,True,False,True,0.42946631638007987,0.42946631638007987
gross_gain,crouch,880,0,0,2,True,False,True,0.0,0.0
gross_gain,crouch,882,0,1,2,True,False,True,0.6591972403245369,0.6591972403245369
gross_gain,crouch,883,0,0,2,True,False,True,0.6996739551755605,0.6996739551755605
gross_gain,crouch,884,0,0,2,True,False,True,0.6719571122771704,0.6719571122771704
gross_gain,cycle1,7,0,0,2,True,False,True,0.5115251867273408,0.5115251867273408
gross_gain,cycle1,8,0,0,2,True,False,True,0.7609688866326034,0.7609688866326034
gross_gain,cycle1,9,0,2,2,True,False,True,0.501003435480296,0.501003435480296
gross_gain,cycle1,11,0,0,2,True,False,True,0.14538585360758272,0.14538585360758272
gross_gain,cycle1,12,0,0,2,True,False,True,0.07401439355019902,0.07401439355019902
gross_gain,cycle1,14,0,1,2,True,False,True,0.0,0.0
gross_gain,cycle1,15,0,0,2,True,False,True,0.0,0.0
gross_gain,cycle1,16,0,0,2,True,False,True,0.0,0.0
gross_gain,cycle1,17,0,0,2,True,False,True,0.0,0.0
gross_gain,cycle1,19,0,1,2,True,False,True,0.6603808614010441,0.6603808614010441
gross_gain,cycle1,20,0,0,2,True,False,True,0.6094801898824347,0.6094801898824347
gross_gain,cycle1,25,0,0,2,True,False,True,0.6700915027645138,0.6700915027645138
gross_gain,cycle1,29,0,0,2,True,False,True,0.0,0.0
gross_gain,cycle1,33,0,0,2,True,False,True,0.0,0.0
gross_gain,cycle1,34,0,0,2,True,False,True,0.0,0.0
gross_gain,cycle1,35,0,0,2,True,False,True,0.0,0.0
gross_gain,cycle1,36,0,0,2,True,False,True,0.0,0.0
gross_gain,cycle1,37,0,0,2,True,False,True,0.0,0.0
gross_gain,cycle1,38,0,0,2,True,False,True,0.0,0.0
gross_gain,cycle1,39,0,0,2,True,False,True,0.0,0.0
gross_gain,cycle1,40,0,0,2,True,False,True,0.0,0.0
gross_gain,cycle1,41,0,0,2,True,False,True,0.0,0.0
gross_gain,cycle1,60,0,0,2,True,False,True,0.06316048862946382,0.06316048862946382
gross_gain,cycle1,69,0,0,2,True,False,True,0.0,0.0
gross_gain,cycle1,73,0,0,2,True,False,True,0.06803372676233321,0.06803372676233321
gross_gain,cycle1,74,0,0,2,True,False,True,0.04414460771089155,0.04414460771089155
gross_gain,cycle1,75,0,0,2,True,False,True,0.0,0.0
gross_gain,cycle1,77,0,0,2,True,False,True,0.012834233809028449,0.012834233809028449
gross_gain,cycle1,78,0,0,2,True,False,True,0.060003972806213744,0.060003972806213744
gross_gain,cycle1,83,0,0,2,True,False,True,0.06763770348903528,0.06763770348903528
gross_gain,cycle1,91,0,0,2,True,False,True,0.07150807551336605,0.07150807551336605
gross_gain,cycle1,93,0,0,2,True,False,True,0.05831937731465758,0.05831937731465758
gross_gain,cycle1,94,0,0,2,True,False,True,0.08040965964065046,0.08040965964065046
gross_gain,cycle1,95,0,0,2,True,False,True,0.024677593049854604,0.024677593049854604
gross_gain,cycle1,96,0,0,2,True,False,True,0.08575019258037558,0.08575019258037558
gross_gain,cycle1,97,0,0,2,True,False,True,0.04111616609242688,0.04111616609242688
gross_gain,cycle1,98,0,0,2,True,False,True,0.06385244865969916,0.06385244865969916
gross_gain,cycle1,99,0,0,2,True,False,True,0.0,0.0
gross_gain,cycle1,100,0,0,2,True,False,True,0.08720936218041052,0.08720936218041052
gross_gain,cycle1,101,0,0,2,True,False,True,0.01885169134039391,0.01885169134039391
gross_gain,cycle1,102,0,0,2,True,False,True,0.10085144384208687,0.10085144384208687
gross_gain,cycle1,103,0,0,2,True,False,True,0.022726906734841873,0.022726906734841873
gross_gain,cycle1,104,0,0,2,True,False,True,0.0,0.0
gross_gain,cycle1,105,0,0,2,True,False,True,0.004137880486189441,0.004137880486189441
gross_gain,cycle1,106,0,0,2,True,False,True,0.0,0.0
gross_gain,cycle1,107,0,0,2,True,False,True,0.0,0.0
gross_gain,cycle1,108,0,0,2,True,False,True,0.0,0.0
gross_gain,cycle1,109,0,0,2,True,False,True,0.0,0.0
gross_gain,cycle1,110,0,0,2,True,False,True,0.0,0.0
gross_gain,cycle1,111,0,0,2,True,False,True,0.0,0.0
gross_gain,cycle1,113,0,0,2,True,False,True,0.0,0.0
gross_gain,cycle1,114,0,0,2,True,False,True,0.0022539524313328237,0.0022539524313328237
gross_gain,cycle1,115,0,0,2,True,False,True,0.0,0.0
gross_gain,cycle1,128,0,1,2,True,False,True,0.639510295851592,0.639510295851592
gross_gain,cycle1,129,0,0,2,True,False,True,0.27723517559179295,0.27723517559179295
gross_gain,cycle1,132,0,0,2,True,False,True,0.3333364495703994,0.3333364495703994
gross_gain,cycle1,134,0,1,2,True,False,True,0.7019517626602747,0.7019517626602747
gross_gain,cycle1,135,0,0,2,True,False,True,0.25166761395437715,0.25166761395437715
gross_gain,cycle1,136,0,0,2,True,False,True,0.32600160727987215,0.32600160727987215
gross_gain,cycle1,137,0,0,2,True,False,True,0.28584960508821966,0.28584960508821966
gross_gain,cycle1,138,0,0,2,True,False,True,0.3275624948274894,0.3275624948274894
gross_gain,cycle1,139,0,0,2,True,False,True,0.3232024424035528,0.3232024424035528
gross_gain,cycle1,141,0,0,2,True,False,True,0.305347296137292,0.305347296137292
gross_gain,cycle1,142,0,0,2,True,False,True,0.24390262864011394,0.24390262864011394
gross_gain,cycle2,316,0,0,0,False,True,True,0.6879981827248639,0.6879981827248639
gross_gain,cycle2,320,0,0,0,False,True,True,0.7792923213330869,0.7792923213330869
gross_gain,cycle2,322,0,0,0,False,True,True,0.7609689019964976,0.7609689019964976
gross_gain,cycle2,323,0,0,0,False,True,True,0.8477804810530853,0.8477804810530853
gross_gain,cycle2,324,0,0,0,False,True,True,0.8481942923252115,0.8481942923252115
gross_gain,cycle2,325,0,0,0,False,True,True,0.8334988734904042,0.8334988734904042
gross_gain,cycle2,329,0,0,0,False,True,True,0.7694756548071734,0.7694756548071734
gross_gain,cycle2,330,0,0,0,False,True,True,0.7429391063051466,0.7429391063051466
gross_gain,cycle3,169,0,0,0,False,True,True,0.7564168314504565,0.7564168314504565
gross_gain,cycle3,187,0,0,0,False,True,True,0.848129416918447,0.848129416918447
gross_gain,cycle3,248,0,0,0,False,True,True,0.9498939549758708,0.9498939549758708
gross_gain,cycle4,186,0,0,2,True,False,True,0.8726946477646443,0.8726946477646443
gross_gain,diamond,85,0,0,2,True,False,True,0.7189409531428311,0.7189409531428311
gross_gain,diamond,145,0,0,2,True,False,True,0.5995867038493725,0.5995867038493725
gross_gain,diamond,146,0,0,2,True,False,True,0.5433430765824768,0.5433430765824768
gross_gain,diamond,147,0,0,2,True,False,True,0.4916184932996643,0.4916184932996643
gross_gain,diamond,149,0,0,2,True,False,True,0.6301492956965019,0.6301492956965019
gross_gain,diamond,151,0,0,2,True,False,True,0.5569875381936608,0.5569875381936608
gross_gain,diamond,152,0,0,2,True,False,True,0.5522783350993373,0.5522783350993373
gross_gain,diamond,154,0,0,2,True,False,True,0.43020944877216344,0.43020944877216344
gross_gain,diamond,157,0,0,2,True,False,True,0.05502670056061761,0.05502670056061761
gross_gain,diamond,158,0,0,2,True,False,True,0.28841293882951446,0.28841293882951446
gross_gain,diamond,159,0,0,2,True,False,True,0.5090256254756176,0.5090256254756176
gross_gain,diamond,186,0,0,2,True,False,True,0.7163502620768656,0.7163502620768656
gross_gain,diamond,200,0,0,2,True,False,True,0.039117766851123184,0.039117766851123184
gross_gain,diamond,203,0,0,2,True,False,True,0.17202123803965266,0.17202123803965266
gross_gain,diamond,216,0,0,2,True,False,True,0.6860780606440032,0.6860780606440032
gross_gain,diamond,226,0,0,2,True,False,True,0.8381028808420082,0.8381028808420082
gross_gain,diamond,309,0,0,2,True,False,True,0.16570506123633386,0.16570506123633386
gross_gain,diamond,310,0,0,2,True,False,True,0.05548542044974976,0.05548542044974976
gross_gain,diamond,322,0,0,2,True,False,True,0.4736987478257403,0.4736987478257403
gross_gain,diamond,323,0,0,2,True,False,True,0.4661751542028823,0.4661751542028823
gross_gain,diamond,342,0,0,2,True,False,True,0.4215627048291155,0.4215627048291155
gross_gain,diamond,345,0,0,2,True,False,True,0.3689954221813905,0.3689954221813905
gross_gain,diamond,346,0,0,2,True,False,True,0.38987424701111467,0.38987424701111467
gross_gain,diamond,350,0,0,2,True,False,True,0.4735138536820077,0.4735138536820077
gross_gain,diamond,351,0,0,2,True,False,True,0.5603660254985422,0.5603660254985422
gross_gain,diamond,371,0,0,2,True,False,True,0.40806889482313874,0.40806889482313874
gross_gain,diamond,372,0,0,2,True,False,True,0.482800645902624,0.482800645902624
gross_gain,diamond,375,0,0,2,True,False,True,0.5268805869469928,0.5268805869469928
gross_gain,diamond,377,0,0,2,True,False,True,0.4843813726107963,0.4843813726107963
gross_gain,diamond,401,0,0,2,True,False,True,0.6102377417930402,0.6102377417930402
gross_gain,diamond,442,0,0,2,True,False,True,0.5583342968694527,0.5583342968694527
gross_gain,diamond,443,0,0,2,True,False,True,0.5898423992637105,0.5898423992637105
gross_gain,diamond,444,0,0,2,True,False,True,0.5707189292696464,0.5707189292696464
gross_gain,diamond,445,0,0,2,True,False,True,0.5801795010049141,0.5801795010049141
gross_gain,dog,36,0,0,2,True,False,True,0.5821128920455757,0.5821128920455757
gross_gain,dog,37,0,1,2,True,False,True,0.022788922950552914,0.549124831017274
gross_gain,dog,38,0,0,2,True,False,True,0.5753411871680454,0.5753411871680454
gross_gain,dog,43,0,0,2,True,False,True,0.7107351360228562,0.7107351360228562
gross_gain,dog1,419,0,0,2,True,False,True,0.7205728541830881,0.7205728541830881
gross_gain,dog1,544,0,0,2,True,False,True,0.7725792839640052,0.7725792839640052
gross_gain,dog1,669,0,0,2,True,False,True,0.5368297532306898,0.5368297532306898
gross_gain,dog1,670,0,0,2,True,False,True,0.40756276218915394,0.40756276218915394
gross_gain,dog1,671,0,0,2,True,False,True,0.5372379211320627,0.5372379211320627
gross_gain,dog1,672,0,0,2,True,False,True,0.5567651290331492,0.5567651290331492
gross_gain,dog1,673,0,0,2,True,False,True,0.5108983442101627,0.5108983442101627
gross_gain,dog1,676,0,0,2,True,False,True,0.4650613697919596,0.4650613697919596
gross_gain,dog1,677,0,0,2,True,False,True,0.4253064755135932,0.4253064755135932
gross_gain,dog1,678,0,0,2,True,False,True,0.45895912980459186,0.45895912980459186
gross_gain,dog1,754,0,0,2,True,False,True,0.7703395183846845,0.7703395183846845
gross_gain,dog1,757,0,0,2,True,False,True,0.7239092409310619,0.7239092409310619
gross_gain,dog1,758,0,0,2,True,False,True,0.6588796292770394,0.6588796292770394
gross_gain,dog1,759,0,0,2,True,False,True,0.5118441530566888,0.5118441530566888
gross_gain,dog1,760,0,0,2,True,False,True,0.5312652274279442,0.5312652274279442
gross_gain,dog1,761,0,0,2,True,False,True,0.5672125715326296,0.5672125715326296
gross_gain,dog1,762,0,0,2,True,False,True,0.5480052217490041,0.5480052217490041
gross_gain,dog1,763,0,0,2,True,False,True,0.5907911213157354,0.5907911213157354
gross_gain,dog1,764,0,0,2,True,False,True,0.4155183049285163,0.4155183049285163
gross_gain,dog1,765,0,0,2,True,False,True,0.37165517415927757,0.37165517415927757
gross_gain,dog1,766,0,0,2,True,False,True,0.3029168903880295,0.3029168903880295
gross_gain,dog1,767,0,0,2,True,False,True,0.29835621536723067,0.29835621536723067
gross_gain,dog1,768,0,0,2,True,False,True,0.31300987867464547,0.31300987867464547
gross_gain,dog1,769,0,0,2,True,False,True,0.30777973472489717,0.30777973472489717
gross_gain,dog1,770,0,0,2,True,False,True,0.32199193243696844,0.32199193243696844
gross_gain,dog1,771,0,0,2,True,False,True,0.2710723778904613,0.2710723778904613
gross_gain,dog1,772,0,1,2,True,False,True,0.2977842940278967,0.2977842940278967
gross_gain,dog1,773,0,1,2,True,False,True,0.27885586130265266,0.27885586130265266
gross_gain,dog1,774,0,0,2,True,False,True,0.2836196740929606,0.2836196740929606
gross_gain,dog1,775,0,0,2,True,False,True,0.24974580375777078,0.24974580375777078
gross_gain,dog1,776,0,0,2,True,False,True,0.21383811987334228,0.21383811987334228
gross_gain,dog1,777,0,0,2,True,False,True,0.2113544991148616,0.2113544991148616
gross_gain,dog1,778,0,0,2,True,False,True,0.26175108712937645,0.26175108712937645
gross_gain,dog1,779,0,0,2,True,False,True,0.3164428330222104,0.3164428330222104
gross_gain,dog1,780,0,0,2,True,False,True,0.3805037941491068,0.3805037941491068
gross_gain,dog1,781,0,0,2,True,False,True,0.543980845685816,0.543980845685816
gross_gain,dog1,787,0,0,2,True,False,True,0.6981942168383207,0.6981942168383207
gross_gain,dog1,793,0,0,2,True,False,True,0.6399879928050911,0.6399879928050911
gross_gain,dog1,842,0,0,2,True,False,True,0.7173398607197057,0.7173398607197057
gross_gain,dog1,853,0,0,2,True,False,True,0.6398289378270803,0.6398289378270803
gross_gain,dog1,854,0,0,2,True,False,True,0.8132483682235155,0.8132483682235155
gross_gain,dog1,857,0,0,2,True,False,True,0.7903295182831146,0.7903295182831146
gross_gain,dog1,858,0,0,2,True,False,True,0.7578061308470071,0.7578061308470071
gross_gain,dog1,859,0,0,2,True,False,True,0.7908235576151222,0.7908235576151222
gross_gain,dog1,860,0,0,2,True,False,True,0.7801402909725504,0.7801402909725504
gross_gain,dog1,861,0,0,2,True,False,True,0.6936859537011011,0.6936859537011011
gross_gain,dog1,862,0,0,2,True,False,True,0.745851275619146,0.745851275619146
gross_gain,dog1,863,0,1,2,True,False,True,0.5874300582740271,0.5874300582740271
gross_gain,dog1,864,0,0,2,True,False,True,0.6480008851683745,0.6480008851683745
gross_gain,dog1,865,0,0,2,True,False,True,0.6903162780420218,0.6903162780420218
gross_gain,dog1,866,0,0,2,True,False,True,0.7378086975142097,0.7378086975142097
gross_gain,dog1,867,0,0,2,True,False,True,0.6956480701969184,0.6956480701969184
gross_gain,dog1,868,0,0,2,True,False,True,0.589013981855515,0.589013981855515
gross_gain,dog1,869,0,0,2,True,False,True,0.4874547975044875,0.4874547975044875
gross_gain,dog1,870,0,0,2,True,False,True,0.5162906846926881,0.5162906846926881
gross_gain,dog1,871,0,1,2,True,False,True,0.4389605127987718,0.0
gross_gain,dog1,873,0,0,2,True,False,True,0.0,0.0
gross_gain,dog1,876,0,0,2,True,False,True,0.0,0.0
gross_gain,dog1,894,0,0,2,True,False,True,0.0,0.0
gross_gain,dog1,895,0,0,2,True,False,True,0.0,0.0
gross_gain,dog1,896,0,0,2,True,False,True,0.0,0.0
gross_gain,dog1,897,0,0,2,True,False,True,0.0,0.0
gross_gain,dog1,901,0,0,2,True,False,True,0.0,0.0
gross_gain,dog1,903,0,0,2,True,False,True,0.0,0.0
gross_gain,dog1,919,0,0,2,True,False,True,0.0,0.0
gross_gain,dog1,920,0,0,2,True,False,True,0.0,0.0
gross_gain,dog1,921,0,0,2,True,False,True,0.0,0.0
gross_gain,dog1,922,0,0,2,True,False,True,0.0,0.0
gross_gain,dog1,923,0,2,2,True,False,True,0.0,0.0
gross_gain,dog1,928,0,0,2,True,False,True,0.0,0.0
gross_gain,dog1,929,0,0,2,True,False,True,0.0,0.0
gross_gain,dog1,932,0,0,2,True,False,True,0.0,0.0
gross_gain,dog1,934,0,0,2,True,False,True,0.0,0.0
gross_gain,dog1,935,0,0,2,True,False,True,0.0,0.0
gross_gain,dog1,936,0,0,2,True,False,True,0.0,0.0
gross_gain,dog1,937,0,0,2,True,False,True,0.0,0.0
gross_gain,dog1,938,0,0,2,True,False,True,0.0,0.0
gross_gain,dog1,941,0,0,2,True,False,True,0.0,0.0
gross_gain,dog1,942,0,0,2,True,False,True,0.0,0.0
gross_gain,dog1,944,0,0,2,True,False,True,0.0,0.0
gross_gain,dog1,945,0,0,2,True,False,True,0.0,0.0
gross_gain,dog1,946,0,0,2,True,False,True,0.0,0.0
gross_gain,dog1,948,0,1,2,True,False,True,0.0,0.0
gross_gain,dog1,950,0,0,2,True,False,True,0.0,0.0
gross_gain,dog1,951,0,0,2,True,False,True,0.0,0.0
gross_gain,dog1,952,0,0,2,True,False,True,0.0,0.0
gross_gain,dog1,955,0,0,2,True,False,True,0.0,0.0
gross_gain,dog1,956,0,0,2,True,False,True,0.0,0.0
gross_gain,dog1,958,0,0,2,True,False,True,0.0,0.0
gross_gain,dog1,959,0,0,2,True,False,True,0.0,0.0
gross_gain,dog1,964,0,0,2,True,False,True,0.0,0.0
gross_gain,dog1,965,0,0,2,True,False,True,0.0,0.0
gross_gain,dog1,967,0,0,2,True,False,True,0.0,0.0
gross_gain,dog1,968,0,0,2,True,False,True,0.0,0.0
gross_gain,dog1,969,0,0,2,True,False,True,0.0,0.0
gross_gain,dog1,971,0,0,2,True,False,True,0.0,0.0
gross_gain,dog1,972,0,0,2,True,False,True,0.0,0.0
gross_gain,dog1,975,0,0,2,True,False,True,0.0,0.0
gross_gain,dog1,976,0,0,2,True,False,True,0.0,0.0
gross_gain,dog1,977,0,0,2,True,False,True,0.0,0.0
gross_gain,dog1,978,0,0,2,True,False,True,0.0,0.0
gross_gain,dog1,979,0,0,2,True,False,True,0.0,0.0
gross_gain,dog1,980,0,0,2,True,False,True,0.24321279557873032,0.24321279557873032
gross_gain,dog1,981,0,0,2,True,False,True,0.2687339486022476,0.2687339486022476
gross_gain,dog1,982,0,0,2,True,False,True,0.3081604996243523,0.3081604996243523
gross_gain,dog10,153,0,0,2,True,False,True,0.782086310184926,0.782086310184926
gross_gain,dog11,4,0,0,2,True,False,True,0.7524806389608492,0.7524806389608492
gross_gain,dog11,16,0,0,2,True,False,True,0.5763794079274118,0.5763794079274118
gross_gain,dog11,17,0,0,2,True,False,True,0.6000933181930491,0.6000933181930491
gross_gain,dog11,19,0,0,2,True,False,True,0.5385066353533684,0.5385066353533684
gross_gain,dog11,47,0,0,2,True,False,True,0.46260386626479566,0.46260386626479566
gross_gain,dog11,48,0,0,2,True,False,True,0.1214181689931454,0.1214181689931454
gross_gain,dog11,49,0,0,2,True,False,True,0.002528810881899598,0.002528810881899598
gross_gain,dog11,50,0,0,2,True,False,True,0.024602804286566377,0.024602804286566377
gross_gain,dog11,51,0,0,2,True,False,True,0.09309302130071341,0.09309302130071341
gross_gain,dog11,52,0,0,2,True,False,True,0.05080493058497673,0.05080493058497673
gross_gain,dog11,53,0,0,2,True,False,True,0.2130659602229063,0.2130659602229063
gross_gain,dog11,54,0,0,2,True,False,True,0.5852067864389219,0.5852067864389219
gross_gain,dog11,55,0,0,2,True,False,True,0.6973011698175782,0.6973011698175782
gross_gain,dog11,56,0,0,2,True,False,True,0.7266683923514703,0.7266683923514703
gross_gain,dog11,57,0,0,2,True,False,True,0.41097347322555594,0.41097347322555594
gross_gain,dog11,58,0,1,2,True,False,True,0.1180641986990651,0.1180641986990651
gross_gain,dog11,60,0,1,2,True,False,True,0.07235271461653131,0.07235271461653131
gross_gain,dog11,74,0,0,2,True,False,True,0.8328209121041629,0.8328209121041629
gross_gain,dog11,77,0,0,2,True,False,True,0.6982376889694194,0.6982376889694194
gross_gain,dog11,78,0,0,2,True,False,True,0.830788750870212,0.830788750870212
gross_gain,dog11,79,0,0,2,True,False,True,0.595003274743329,0.595003274743329
gross_gain,dog11,80,0,0,2,True,False,True,0.7056345303421999,0.7056345303421999
gross_gain,dog11,81,0,0,2,True,False,True,0.6737002867498313,0.6737002867498313
gross_gain,dog11,82,0,0,2,True,False,True,0.6833508215833946,0.6833508215833946
gross_gain,dog11,83,0,0,2,True,False,True,0.6561517498802294,0.6561517498802294
gross_gain,dog11,84,0,0,2,True,False,True,0.40891742497962963,0.40891742497962963
gross_gain,dog11,85,0,0,2,True,False,True,0.6455856128370167,0.6455856128370167
gross_gain,dog11,86,0,0,2,True,False,True,0.7754834855272873,0.7754834855272873
gross_gain,elecbike10,33,0,0,2,True,False,True,0.3112003819245972,0.3112003819245972
gross_gain,elecbike10,219,0,0,2,True,False,True,0.5504884850423991,0.5504884850423991
gross_gain,elecbike10,220,0,0,2,True,False,True,0.6560351021521674,0.6560351021521674
gross_gain,elecbike10,221,0,0,2,True,False,True,0.6501705733284446,0.6501705733284446
gross_gain,elecbike10,222,0,0,2,True,False,True,0.5946900657214756,0.5946900657214756
gross_gain,elecbike10,223,0,0,2,True,False,True,0.3305014117750056,0.3305014117750056
gross_gain,elecbike10,224,0,0,2,True,False,True,0.731576210302725,0.731576210302725
gross_gain,elecbike10,225,0,0,2,True,False,True,0.6695386691152817,0.6695386691152817
gross_gain,elecbike10,226,0,0,2,True,False,True,0.7013076678358333,0.7013076678358333
gross_gain,elecbike2,24,0,0,2,True,False,True,0.7962045997007279,0.7962045997007279
gross_gain,elecbike2,36,0,0,2,True,False,True,0.5683773340268128,0.5683773340268128
gross_gain,elecbike2,37,0,0,2,True,False,True,0.7320709443709126,0.7320709443709126
gross_gain,elecbike2,38,0,0,2,True,False,True,0.7878433255820417,0.7878433255820417
gross_gain,elecbike2,39,0,0,2,True,False,True,0.7338597644258802,0.7338597644258802
gross_gain,elecbike2,40,0,0,2,True,False,True,0.6858003861014557,0.6858003861014557
gross_gain,elecbike2,41,0,0,2,True,False,True,0.5117831113769343,0.5117831113769343
gross_gain,elecbike2,43,0,0,2,True,False,True,0.6864137925637886,0.6864137925637886
gross_gain,elecbike2,44,0,0,2,True,False,True,0.5994390524437346,0.5994390524437346
gross_gain,elecbike2,45,0,0,2,True,False,True,0.47193643796055607,0.47193643796055607
gross_gain,elecbike2,54,0,0,2,True,False,True,0.6052047487813064,0.6052047487813064
gross_gain,elecbike2,57,0,0,2,True,False,True,0.7196514099987101,0.7196514099987101
gross_gain,elecbike2,58,0,0,2,True,False,True,0.657686863814394,0.657686863814394
gross_gain,elecbike2,60,0,0,2,True,False,True,0.7290294509864055,0.7290294509864055
gross_gain,elecbike2,61,0,0,2,True,False,True,0.6059814744867777,0.6059814744867777
gross_gain,elecbike2,62,0,0,2,True,False,True,0.6774004261091654,0.6774004261091654
gross_gain,elecbike2,63,0,0,2,True,False,True,0.46261881555954987,0.46261881555954987
gross_gain,elecbike2,70,0,0,2,True,False,True,0.609994459424148,0.609994459424148
gross_gain,elecbike2,71,0,0,2,True,False,True,0.6071763125643452,0.6071763125643452
gross_gain,elecbike2,86,0,0,2,True,False,True,0.7125772752309838,0.7125772752309838
gross_gain,elecbike2,94,0,0,2,True,False,True,0.7050506269233612,0.7050506269233612
gross_gain,elecbike2,152,0,0,2,True,False,True,0.8172458604073904,0.8172458604073904
gross_gain,elecbike2,211,0,0,2,True,False,True,0.4249121533618903,0.4249121533618903
gross_gain,elecbike2,213,0,0,2,True,False,True,0.06826603971319366,0.06826603971319366
gross_gain,elecbike2,214,0,0,2,True,False,True,0.6757893602381917,0.6757893602381917
gross_gain,elecbike2,224,0,0,2,True,False,True,0.09240392724018255,0.09240392724018255
gross_gain,elecbike2,225,0,0,2,True,False,True,0.20400612631214704,0.20400612631214704
gross_gain,elecbike2,226,0,0,2,True,False,True,0.10398175359984942,0.10398175359984942
gross_gain,elecbike2,227,0,0,2,True,False,True,0.07924708448930491,0.07924708448930491
gross_gain,elecbike2,228,0,0,2,True,False,True,0.12128544719396701,0.12128544719396701
gross_gain,elecbike2,229,0,0,2,True,False,True,0.1879757540194721,0.1879757540194721
gross_gain,elecbike2,230,0,0,2,True,False,True,0.08421163431401628,0.08421163431401628
gross_gain,elecbike2,231,0,0,2,True,False,True,0.06756208920260398,0.06756208920260398
gross_gain,elecbike2,232,0,0,2,True,False,True,0.07146161773716043,0.07146161773716043
gross_gain,elecbike2,233,0,0,2,True,False,True,0.5499076871249892,0.5499076871249892
gross_gain,elecbike2,236,0,0,2,True,False,True,0.24231609422414946,0.24231609422414946
gross_gain,elecbike2,237,0,0,2,True,False,True,0.2535432656701247,0.2535432656701247
gross_gain,elecbike2,238,0,0,2,True,False,True,0.20308295234919038,0.20308295234919038
gross_gain,elecbike2,239,0,0,2,True,False,True,0.2912392475449973,0.2912392475449973
gross_gain,elecbike2,240,0,0,2,True,False,True,0.19399437052439006,0.19399437052439006
gross_gain,elecbike2,241,0,0,2,True,False,True,0.5016128791844479,0.5016128791844479
gross_gain,elecbike2,242,0,0,2,True,False,True,0.5475130961246665,0.5475130961246665
gross_gain,elecbike2,243,0,0,2,True,False,True,0.49014807356962997,0.49014807356962997
gross_gain,elecbike2,244,0,0,2,True,False,True,0.27072853762448473,0.27072853762448473
gross_gain,elecbike2,245,0,0,2,True,False,True,0.22271075397810516,0.22271075397810516
gross_gain,elecbike2,246,0,0,2,True,False,True,0.20503300255629223,0.20503300255629223
gross_gain,elecbike2,247,0,0,2,True,False,True,0.13804265900484183,0.13804265900484183
gross_gain,elecbike2,248,0,0,2,True,False,True,0.1863242437462574,0.1863242437462574
gross_gain,elecbike2,249,0,0,2,True,False,True,0.28308907326203925,0.28308907326203925
gross_gain,elecbike2,250,0,0,2,True,False,True,0.227378550787443,0.227378550787443
gross_gain,elecbike2,251,0,0,2,True,False,True,0.13838398645096125,0.13838398645096125
gross_gain,elecbike2,252,0,0,2,True,False,True,0.19637618537267476,0.19637618537267476
gross_gain,elecbike2,253,0,0,2,True,False,True,0.2747911272144196,0.2747911272144196
gross_gain,elecbike2,254,0,0,2,True,False,True,0.21986924539260783,0.21986924539260783
gross_gain,elecbike2,256,0,0,2,True,False,True,0.2117007843131085,0.2117007843131085
gross_gain,elecbike2,258,0,0,2,True,False,True,0.32259263901482704,0.32259263901482704
gross_gain,elecbike2,259,0,0,2,True,False,True,0.21281949190705107,0.21281949190705107
gross_gain,elecbike2,260,0,0,2,True,False,True,0.19929617838768693,0.19929617838768693
gross_gain,elecbike2,261,0,0,2,True,False,True,0.20471931058510756,0.20471931058510756
gross_gain,elecbike2,262,0,0,2,True,False,True,0.21555771304574003,0.21555771304574003
gross_gain,elecbike2,263,0,0,2,True,False,True,0.2148905790600949,0.2148905790600949
gross_gain,elecbike2,264,0,0,2,True,False,True,0.21655593380811175,0.21655593380811175
gross_gain,elecbike2,265,0,0,2,True,False,True,0.22605198163422247,0.22605198163422247
gross_gain,elecbike2,266,0,0,2,True,False,True,0.2256330514990673,0.2256330514990673
gross_gain,elecbike2,267,0,0,2,True,False,True,0.18282303796706606,0.18282303796706606
gross_gain,elecbike2,268,0,0,2,True,False,True,0.1659153831590957,0.1659153831590957
gross_gain,elecbike2,269,0,0,2,True,False,True,0.16707017660287737,0.16707017660287737
gross_gain,elecbike2,270,0,0,2,True,False,True,0.146655942575074,0.146655942575074
gross_gain,elecbike2,271,0,0,2,True,False,True,0.13920777891719535,0.13920777891719535
gross_gain,elecbike2,272,0,0,2,True,False,True,0.17527832110548375,0.17527832110548375
gross_gain,elecbike2,273,0,0,2,True,False,True,0.1527129490758468,0.1527129490758468
gross_gain,elecbike2,274,0,0,2,True,False,True,0.18099182218690962,0.18099182218690962
gross_gain,elecbike2,275,0,0,2,True,False,True,0.19436774080918603,0.19436774080918603
gross_gain,elecbike2,276,0,0,2,True,False,True,0.10190873974051631,0.10190873974051631
gross_gain,elecbike2,277,0,0,2,True,False,True,0.15764497648670522,0.15764497648670522
gross_gain,elecbike2,278,0,1,2,True,False,True,0.05309656425912313,0.05309656425912313
gross_gain,elecbike2,279,0,0,2,True,False,True,0.1408298100971255,0.1408298100971255
gross_gain,elecbike2,280,0,0,2,True,False,True,0.16264986003302304,0.16264986003302304
gross_gain,elecbike2,281,0,0,2,True,False,True,0.21915266218741847,0.21915266218741847
gross_gain,elecbike2,282,0,0,2,True,False,True,0.21662824927639807,0.21662824927639807
gross_gain,elecbike2,283,0,0,2,True,False,True,0.21910174733351578,0.21910174733351578
gross_gain,elecbike2,284,0,0,2,True,False,True,0.2550414997845168,0.2550414997845168
gross_gain,elecbike2,285,0,0,2,True,False,True,0.29861343118678996,0.29861343118678996
gross_gain,elecbike2,286,0,0,2,True,False,True,0.3919642743393583,0.3919642743393583
gross_gain,elecbike2,287,0,1,2,True,False,True,0.2557074726216251,0.2557074726216251
gross_gain,elecbike2,288,0,0,2,True,False,True,0.196326312345349,0.196326312345349
gross_gain,elecbike2,289,0,0,2,True,False,True,0.0,0.0
gross_gain,elecbike2,290,0,0,2,True,False,True,0.0,0.0
gross_gain,elecbike2,291,0,0,2,True,False,True,0.0,0.0
gross_gain,elecbike2,293,0,0,2,True,False,True,0.0,0.0
gross_gain,elecbike2,294,0,0,2,True,False,True,0.0,0.0
gross_gain,elecbike2,295,0,0,2,True,False,True,0.0,0.0
gross_gain,elecbike2,296,0,0,2,True,False,True,0.0,0.2600676293223653
gross_gain,elecbike2,297,0,0,2,True,False,True,0.3488133333853933,0.3488133333853933
gross_gain,elecbike2,298,0,0,2,True,False,True,0.3117536235754502,0.3117536235754502
gross_gain,elecbike2,299,0,0,2,True,False,True,0.4091047860942076,0.4091047860942076
gross_gain,elecbike2,300,0,0,2,True,False,True,0.34048225684116784,0.34048225684116784
gross_gain,elecbike2,301,0,0,2,True,False,True,0.27334003533537193,0.27334003533537193
gross_gain,elecbike2,302,0,0,2,True,False,True,0.27102335811154765,0.27102335811154765
gross_gain,elecbike2,303,0,0,2,True,False,True,0.27262973587771683,0.27262973587771683
gross_gain,elecbike2,305,0,0,2,True,False,True,0.12096628860883643,0.12096628860883643
gross_gain,elecbike2,306,0,0,2,True,False,True,0.3076681317030309,0.3076681317030309
gross_gain,elecbike2,307,0,0,2,True,False,True,0.3171246492892712,0.3171246492892712
gross_gain,elecbike2,308,0,0,2,True,False,True,0.2690944920525012,0.2690944920525012
gross_gain,elecbike2,309,0,0,2,True,False,True,0.42762328040039227,0.42762328040039227
gross_gain,elecbike2,310,0,0,2,True,False,True,0.3667317857264516,0.3667317857264516
gross_gain,elecbike2,311,0,0,2,True,False,True,0.3377163099206212,0.3377163099206212
gross_gain,elecbike2,312,0,0,2,True,False,True,0.38699664044654514,0.38699664044654514
gross_gain,elecbike2,313,0,0,2,True,False,True,0.5516259939600066,0.5516259939600066
gross_gain,elecbike2,314,0,0,2,True,False,True,0.5966778896219556,0.5966778896219556
gross_gain,elecbike2,315,0,0,2,True,False,True,0.6207556581088907,0.6207556581088907
gross_gain,elecbike2,320,0,0,2,True,False,True,0.7745754336424195,0.7745754336424195
gross_gain,elecbike2,322,0,0,2,True,False,True,0.6598635057141018,0.6598635057141018
gross_gain,elecbike2,323,0,0,2,True,False,True,0.7201740375931706,0.7201740375931706
gross_gain,elecbike2,325,0,0,2,True,False,True,0.7483034770321721,0.7483034770321721
gross_gain,elecbike2,326,0,0,2,True,False,True,0.7567553868850873,0.7567553868850873
gross_gain,elecbike2,328,0,0,2,True,False,True,0.6325251228724902,0.6325251228724902
gross_gain,elecbike2,329,0,0,2,True,False,True,0.6866557186640141,0.6866557186640141
gross_gain,elecbike2,330,0,0,2,True,False,True,0.7024489620421003,0.7024489620421003
gross_gain,elecbike2,332,0,0,2,True,False,True,0.7188187194419006,0.7188187194419006
gross_gain,elecbike2,333,0,0,2,True,False,True,0.7072341622542221,0.7072341622542221
gross_gain,elecbike2,337,0,0,2,True,False,True,0.7811501291888537,0.7811501291888537
gross_gain,elecbike2,338,0,0,2,True,False,True,0.6898052674633823,0.6898052674633823
gross_gain,elecbike2,342,0,0,2,True,False,True,0.6492745189084627,0.6492745189084627
gross_gain,elecbike2,343,0,0,2,True,False,True,0.5892125996852974,0.5892125996852974
gross_gain,elecbike2,347,0,0,2,True,False,True,0.6416391938155342,0.6416391938155342
gross_gain,elecbike2,348,0,0,2,True,False,True,0.6691728543918721,0.6691728543918721
gross_gain,elecbike2,349,0,0,2,True,False,True,0.5816044511159216,0.5816044511159216
gross_gain,elecbike2,350,0,0,2,True,False,True,0.7333287727680429,0.7333287727680429
gross_gain,elecbike2,351,0,0,2,True,False,True,0.7207771268609384,0.7207771268609384
gross_gain,elecbike2,352,0,0,2,True,False,True,0.7651949525793899,0.7651949525793899
gross_gain,elecbike2,357,0,0,2,True,False,True,0.7125208469603874,0.7125208469603874
gross_gain,elecbike2,360,0,0,2,True,False,True,0.7119348846598468,0.7119348846598468
gross_gain,elecbike2,366,0,0,2,True,False,True,0.7496634527452505,0.7496634527452505
gross_gain,elecbike2,369,0,0,2,True,False,True,0.708378827637093,0.708378827637093
gross_gain,elecbike2,370,0,0,2,True,False,True,0.6995490744210323,0.6995490744210323
gross_gain,elecbike2,371,0,0,2,True,False,True,0.7014561975918696,0.7014561975918696
gross_gain,elecbike2,372,0,0,2,True,False,True,0.34168802646745794,0.34168802646745794
gross_gain,elecbike2,373,0,1,2,True,False,True,0.5057595526806674,0.0
gross_gain,elecbike2,374,0,0,2,True,False,True,0.0,0.0
gross_gain,elecbike2,375,0,1,2,True,False,True,0.0,0.0
gross_gain,elecbike2,376,0,1,0,False,False,True,0.0,0.0
gross_gain,elecbike2,377,0,0,2,True,False,True,0.0,0.0
gross_gain,elecbike2,378,0,0,2,True,False,True,0.0,0.0
gross_gain,elecbike2,393,0,0,2,True,False,True,0.0,0.0
gross_gain,elecbike2,400,0,0,2,True,False,True,0.0,0.0
gross_gain,elecbike2,402,0,0,2,True,False,True,0.0,0.0
gross_gain,elecbike2,404,0,0,2,True,False,True,0.0,0.0
gross_gain,elecbike2,405,0,0,2,True,False,True,0.0,0.0
gross_gain,elecbike2,411,0,0,2,True,False,True,0.0,0.0
gross_gain,elecbike2,415,0,0,2,True,False,True,0.0,0.0
gross_gain,elecbike2,421,0,0,2,True,False,True,0.0,0.0
gross_gain,elecbike2,423,0,0,2,True,False,True,0.0,0.0
gross_gain,elecbike2,424,2,0,2,True,True,True,0.0,0.0
gross_gain,elecbike2,425,0,0,2,True,False,True,0.0,0.0
gross_gain,elecbike2,426,0,0,2,True,False,True,0.0,0.0
gross_gain,elecbike2,427,0,0,2,True,False,True,0.0,0.0
gross_gain,elecbike2,428,0,0,2,True,False,True,0.0,0.0
gross_gain,elecbike2,429,0,0,2,True,False,True,0.0,0.0
gross_gain,elecbike2,430,0,0,2,True,False,True,0.0,0.0
gross_gain,elecbike2,431,0,0,2,True,False,True,0.0,0.0
gross_gain,elecbike2,432,0,0,2,True,False,True,0.0,0.0
gross_gain,elecbike2,433,0,0,2,True,False,True,0.0,0.0
gross_gain,elecbike2,435,0,0,2,True,False,True,0.0,0.0
gross_gain,elecbike2,436,0,1,2,True,False,True,0.0,0.20829154220800766
gross_gain,elecbike2,437,0,0,2,True,False,True,0.4125892727106764,0.4125892727106764
gross_gain,elecbike2,438,0,0,2,True,False,True,0.3720458874599695,0.3720458874599695
gross_gain,elecbike2,439,0,0,2,True,False,True,0.5256383416802509,0.5256383416802509
gross_gain,elecbike2,440,0,0,2,True,False,True,0.6618054075978385,0.6618054075978385
gross_gain,elecbike2,441,0,0,2,True,False,True,0.7001918452758435,0.7001918452758435
gross_gain,elecbike2,442,0,0,2,True,False,True,0.7162979362475062,0.7162979362475062
gross_gain,elecbike2,443,0,0,2,True,False,True,0.5511652424202214,0.5511652424202214
gross_gain,elecbike2,444,0,0,2,True,False,True,0.6553365431395866,0.6553365431395866
gross_gain,elecbike2,445,0,0,2,True,False,True,0.6957991453643544,0.6957991453643544
gross_gain,elecbike2,446,0,0,2,True,False,True,0.7189036447704846,0.7189036447704846
gross_gain,elecbike2,447,0,0,2,True,False,True,0.49426483034417346,0.49426483034417346
gross_gain,elecbike2,448,0,0,2,True,False,True,0.5614155490076262,0.5614155490076262
gross_gain,elecbike2,449,0,0,2,True,False,True,0.534004315492075,0.534004315492075
gross_gain,elecbike2,451,0,0,2,True,False,True,0.6540978365389184,0.6540978365389184
gross_gain,elecbike2,452,0,0,2,True,False,True,0.7541348503905303,0.7541348503905303
gross_gain,elecbike2,453,0,0,2,True,False,True,0.6657557997237781,0.6657557997237781
gross_gain,elecbike2,454,0,0,2,True,False,True,0.6732795634638428,0.6732795634638428
gross_gain,elecbike2,455,0,0,2,True,False,True,0.7391803148839489,0.7391803148839489
gross_gain,elecbike2,456,0,0,2,True,False,True,0.6080150649303875,0.6080150649303875
gross_gain,elecbike2,457,0,0,2,True,False,True,0.7807969827974278,0.7807969827974278
gross_gain,elecbike2,459,0,0,2,True,False,True,0.6809999822600156,0.6809999822600156
gross_gain,elecbike2,464,0,0,2,True,False,True,0.5311554336125658,0.5311554336125658
gross_gain,elecbike2,465,0,0,2,True,False,True,0.5365812279931425,0.5365812279931425
gross_gain,elecbike2,466,0,0,2,True,False,True,0.6339776537613602,0.6339776537613602
gross_gain,elecbike2,467,0,0,2,True,False,True,0.6794902254028361,0.6794902254028361
gross_gain,elecbike2,468,0,0,2,True,False,True,0.6243173532108739,0.6243173532108739
gross_gain,elecbike2,469,0,0,2,True,False,True,0.7298837162249363,0.7298837162249363
gross_gain,elecbike2,470,0,0,2,True,False,True,0.6431593243839588,0.6431593243839588
gross_gain,elecbike2,471,0,0,2,True,False,True,0.5651150125709823,0.5651150125709823
gross_gain,elecbike2,472,0,0,2,True,False,True,0.6491645443240089,0.6491645443240089
gross_gain,elecbike2,473,0,0,2,True,False,True,0.511819162029266,0.511819162029266
gross_gain,elecbike2,474,0,0,2,True,False,True,0.7500412209601455,0.7500412209601455
gross_gain,elecbike2,475,0,0,2,True,False,True,0.653808415054333,0.653808415054333
gross_gain,elecbike2,476,0,0,2,True,False,True,0.5607226028183467,0.5607226028183467
gross_gain,elecbike2,477,0,0,2,True,False,True,0.7414666780763153,0.7414666780763153
gross_gain,elecbike2,478,0,0,2,True,False,True,0.7474146551971982,0.7474146551971982
gross_gain,elecbike2,479,0,0,2,True,False,True,0.7261549450633235,0.7261549450633235
gross_gain,elecbike2,481,0,0,2,True,False,True,0.7336704570163044,0.7336704570163044
gross_gain,elecbike2,483,0,0,2,True,False,True,0.6525944643086753,0.6525944643086753
gross_gain,elecbike2,486,0,0,2,True,False,True,0.5474339968911991,0.5474339968911991
gross_gain,elecbike2,487,0,0,2,True,False,True,0.6540855155892634,0.6540855155892634
gross_gain,elecbike2,488,0,0,2,True,False,True,0.6047150022216906,0.6047150022216906
gross_gain,elecbike2,489,0,0,2,True,False,True,0.6019678933547169,0.6019678933547169
gross_gain,elecbike2,490,0,0,2,True,False,True,0.6024966189954856,0.6024966189954856
gross_gain,elecbike2,493,0,0,2,True,False,True,0.5649510591846669,0.5649510591846669
gross_gain,elecbike2,494,0,0,2,True,False,True,0.5773244305103573,0.5773244305103573
gross_gain,elecbike2,498,0,0,2,True,False,True,0.6351304930651601,0.6351304930651601
gross_gain,elecbike2,505,0,0,2,True,False,True,0.498650804488758,0.0
gross_gain,elecbike2,508,0,0,2,True,False,True,0.0,0.0
gross_gain,elecbike2,509,0,0,2,True,False,True,0.0,0.0
gross_gain,elecbike2,510,0,0,2,True,False,True,0.0,0.0
gross_gain,elecbike2,511,0,0,2,True,False,True,0.0,0.0
gross_gain,elecbike2,514,0,0,2,True,False,True,0.0,0.0
gross_gain,elecbike2,515,0,0,2,True,False,True,0.0,0.0
gross_gain,elecbike2,521,0,0,2,True,False,True,0.0,0.0
gross_gain,elecbike2,525,0,0,2,True,False,True,0.0,0.0
gross_gain,elecbike2,528,0,0,2,True,False,True,0.0,0.0
gross_gain,elecbike2,529,0,0,2,True,False,True,0.0,0.0
gross_gain,elecbike2,530,0,0,2,True,False,True,0.0,0.0
gross_gain,elecbike2,534,0,0,2,True,False,True,0.0,0.0
gross_gain,elecbike2,535,0,0,2,True,False,True,0.0,0.0
gross_gain,elecbike2,536,0,0,2,True,False,True,0.0,0.0
gross_gain,elecbike2,537,0,0,2,True,False,True,0.0,0.0
gross_gain,elecbike2,541,0,1,2,True,False,True,0.0,0.0
gross_gain,elecbike2,548,0,0,2,True,False,True,0.0,0.0
gross_gain,elecbike2,550,0,0,2,True,False,True,0.0,0.0
gross_gain,elecbike2,551,0,0,2,True,False,True,0.0,0.0
gross_gain,elecbike2,557,0,0,2,True,False,True,0.0,0.0
gross_gain,elecbike2,558,0,0,2,True,False,True,0.0,0.0
gross_gain,elecbike2,560,0,0,2,True,False,True,0.0,0.0
gross_gain,elecbike2,561,0,0,2,True,False,True,0.0,0.0
gross_gain,elecbike2,563,0,0,2,True,False,True,0.0,0.0
gross_gain,elecbike2,565,0,0,2,True,False,True,0.0,0.0
gross_gain,elecbike2,566,0,0,2,True,False,True,0.0,0.0
gross_gain,elecbike2,567,0,0,2,True,False,True,0.0,0.0
gross_gain,elecbike2,568,0,0,2,True,False,True,0.0,0.0
gross_gain,elecbike2,569,0,0,2,True,False,True,0.0,0.0
gross_gain,elecbike3,33,0,0,2,True,False,True,0.45768514761065515,0.45768514761065515
gross_gain,elecbike3,35,0,0,2,True,False,True,0.5745181613433745,0.5745181613433745
gross_gain,elecbike3,96,0,0,2,True,False,True,0.2182688458848605,0.2182688458848605
gross_gain,elecbike3,100,0,0,2,True,False,True,0.4263756246668906,0.4263756246668906
gross_gain,elecbikeinfrontcar,24,0,0,0,False,True,True,0.8587380446445096,0.8587380446445096
gross_gain,elecbikeinfrontcar,32,0,0,2,True,False,True,0.8135702608712744,0.8135702608712744
gross_gain,elecbikeinfrontcar,33,0,0,2,True,False,True,0.6938859083840135,0.6938859083840135
gross_gain,elecbikeinfrontcar,38,0,0,2,True,False,True,0.7084828386716805,0.7084828386716805
gross_gain,elecbikeinfrontcar,39,0,0,2,True,False,True,0.7087218641784307,0.7087218641784307
gross_gain,elecbikeinfrontcar,41,0,0,2,True,False,True,0.7563234352532945,0.7563234352532945
gross_gain,elecbikeinfrontcar,46,0,0,2,True,False,True,0.746847981482609,0.746847981482609
gross_gain,elecbikeinfrontcar,128,0,0,2,True,False,True,0.7303622139000081,0.7303622139000081
gross_gain,elecbikeinfrontcar,129,0,1,2,True,False,True,0.24483972312045751,0.18806031180546376
gross_gain,elecbikeinfrontcar,130,0,1,2,True,False,True,0.1649326521982104,0.04837859647695584
gross_gain,elecbikeinfrontcar,131,0,1,2,True,False,True,0.0,0.020632440557964933
gross_gain,elecbikeinfrontcar,132,0,1,2,True,False,True,0.10342188038188249,0.029994640573077453
gross_gain,elecbikeinfrontcar,133,0,1,2,True,False,True,0.13875171296671093,0.049006630660706395
gross_gain,elecbikeinfrontcar,134,0,0,2,True,False,True,0.13596003878763946,0.13596003878763946
gross_gain,elecbikeinfrontcar,135,0,0,2,True,False,True,0.5062513025057779,0.5062513025057779
gross_gain,face1,141,0,0,2,True,False,True,0.5277473662156298,0.5277473662156298
gross_gain,face1,142,0,0,2,True,False,True,0.5233846616030314,0.5233846616030314
gross_gain,face1,143,0,0,2,True,False,True,0.42073045128956604,0.42073045128956604
gross_gain,face1,144,0,0,2,True,False,True,0.3544859429731356,0.3544859429731356
gross_gain,face1,145,0,0,2,True,False,True,0.3294737602002773,0.3294737602002773
gross_gain,face1,146,0,0,2,True,False,True,0.29308840224874183,0.29308840224874183
gross_gain,face1,147,0,0,2,True,False,True,0.31760608336500645,0.31760608336500645
gross_gain,face1,148,0,0,2,True,False,True,0.3349451194897016,0.3349451194897016
gross_gain,face1,149,0,0,2,True,False,True,0.38418349660608414,0.38418349660608414
gross_gain,face1,150,0,0,2,True,False,True,0.453563840044706,0.453563840044706
gross_gain,face1,151,0,0,2,True,False,True,0.4784590027292773,0.4784590027292773
gross_gain,face1,152,0,0,2,True,False,True,0.6227790027690722,0.6227790027690722
gross_gain,face1,153,0,0,2,True,False,True,0.6272163015666433,0.6272163015666433
gross_gain,face1,154,0,0,2,True,False,True,0.4966764959006318,0.4966764959006318
gross_gain,face1,155,0,0,2,True,False,True,0.6172332353654583,0.6172332353654583
gross_gain,face1,157,0,0,2,True,False,True,0.7088767952858714,0.7088767952858714
gross_gain,face1,160,0,0,2,True,False,True,0.7124185914045916,0.7124185914045916
gross_gain,face1,174,0,0,2,True,False,True,0.813530580602419,0.813530580602419
gross_gain,face1,176,0,0,2,True,False,True,0.8476537722530482,0.8476537722530482
gross_gain,face1,177,0,0,2,True,False,True,0.7532555945658499,0.7532555945658499
gross_gain,face1,180,0,0,0,False,False,True,0.8912049894911677,0.0
gross_gain,face1,184,0,0,2,True,False,True,0.0,0.0
gross_gain,face1,185,0,0,2,True,False,True,0.0,0.0
gross_gain,face1,186,0,0,2,True,False,True,0.0,0.0
gross_gain,face1,188,0,0,2,True,False,True,0.0,0.0
gross_gain,face1,189,0,0,2,True,False,True,0.0,0.0
gross_gain,face1,197,0,0,2,True,False,True,0.0,0.0
gross_gain,face1,212,0,0,2,True,False,True,0.0,0.0
gross_gain,face1,213,0,0,2,True,False,True,0.0,0.0
gross_gain,face1,214,0,0,2,True,False,True,0.0,0.0
gross_gain,face1,217,0,0,2,True,False,True,0.0,0.0
gross_gain,face1,221,0,0,2,True,False,True,0.0,0.0
gross_gain,face1,222,0,0,2,True,False,True,0.0,0.0
gross_gain,face1,226,0,0,2,True,False,True,0.0,0.0
gross_gain,face1,231,0,0,2,True,False,True,0.0,0.0
gross_gain,face1,232,0,0,2,True,False,True,0.0,0.0
gross_gain,face1,243,0,0,2,True,False,True,0.0,0.0
gross_gain,face1,245,0,0,2,True,False,True,0.0,0.0
gross_gain,face1,246,0,0,2,True,False,True,0.0,0.0
gross_gain,face1,247,0,0,2,True,False,True,0.0,0.0
gross_gain,face1,248,0,0,2,True,False,True,0.0,0.0
gross_gain,face1,249,0,0,2,True,False,True,0.0,0.0
gross_gain,face1,250,0,0,2,True,False,True,0.0,0.0
gross_gain,face1,252,0,0,2,True,False,True,0.0,0.0
gross_gain,face1,253,0,0,2,True,False,True,0.0,0.0
gross_gain,face1,254,0,0,2,True,False,True,0.0,0.0
gross_gain,face1,255,0,0,2,True,False,True,0.0,0.0
gross_gain,face1,256,0,0,2,True,False,True,0.0,0.0
gross_gain,face1,257,0,0,2,True,False,True,0.0,0.0
gross_gain,face1,258,0,0,2,True,False,True,0.0,0.0
gross_gain,face1,259,0,0,2,True,False,True,0.0,0.0
gross_gain,face1,260,0,0,2,True,False,True,0.0,0.0
gross_gain,face1,261,0,0,2,True,False,True,0.0,0.0
gross_gain,face1,262,0,0,2,True,False,True,0.0,0.0
gross_gain,face1,263,0,0,2,True,False,True,0.0,0.0
gross_gain,face1,264,0,0,2,True,False,True,0.0,0.0
gross_gain,face1,265,0,0,2,True,False,True,0.0,0.0
gross_gain,face1,266,0,0,2,True,False,True,0.0,0.0
gross_gain,face1,267,0,0,2,True,False,True,0.0,0.0
gross_gain,face1,268,0,0,2,True,False,True,0.0,0.0
gross_gain,face1,269,0,0,2,True,False,True,0.0,0.0
gross_gain,face1,270,0,0,2,True,False,True,0.0,0.0
gross_gain,face1,271,0,0,2,True,False,True,0.0,0.0
gross_gain,face1,273,0,0,2,True,False,True,0.0,0.0
gross_gain,face1,274,0,0,2,True,False,True,0.0,0.0
gross_gain,face1,275,0,0,2,True,False,True,0.0,0.0
gross_gain,face1,276,0,0,2,True,False,True,0.0,0.0
gross_gain,face1,277,0,0,2,True,False,True,0.0,0.0
gross_gain,face1,278,0,0,2,True,False,True,0.0,0.0
gross_gain,face1,279,0,0,2,True,False,True,0.0,0.0
gross_gain,face1,280,0,0,2,True,False,True,0.0,0.0
gross_gain,face1,281,0,0,2,True,False,True,0.0,0.0
gross_gain,face1,282,0,0,2,True,False,True,0.0,0.0
gross_gain,face1,283,0,0,2,True,False,True,0.0,0.0
gross_gain,face1,284,0,0,2,True,False,True,0.0,0.0
gross_gain,face1,285,0,0,2,True,False,True,0.0,0.0
gross_gain,face1,286,0,0,2,True,False,True,0.0,0.0
gross_gain,face1,287,0,0,2,True,False,True,0.0,0.0
gross_gain,face1,288,0,0,2,True,False,True,0.0,0.0
gross_gain,face1,289,0,0,2,True,False,True,0.0,0.0
gross_gain,face1,290,0,0,2,True,False,True,0.0,0.0
gross_gain,face1,291,0,0,2,True,False,True,0.0,0.0
gross_gain,face1,292,0,0,2,True,False,True,0.0,0.0
gross_gain,face1,293,0,0,2,True,False,True,0.0,0.0
gross_gain,face1,294,0,0,2,True,False,True,0.0,0.0
gross_gain,face1,295,0,1,2,True,False,True,0.0,0.0
gross_gain,face1,296,0,0,2,True,False,True,0.6532602723402813,0.6532602723402813
gross_gain,face1,306,0,0,2,True,False,True,0.6337402728868957,0.6337402728868957
gross_gain,face1,307,0,0,2,True,False,True,0.6778828970745725,0.6778828970745725
gross_gain,face1,308,0,0,2,True,False,True,0.6874666924537122,0.6874666924537122
gross_gain,face1,309,0,0,2,True,False,True,0.6349093949136211,0.6349093949136211
gross_gain,face1,506,0,0,2,True,False,True,0.7340235078992147,0.7340235078992147
gross_gain,face1,507,0,0,2,True,False,True,0.8396241059730909,0.8396241059730909
gross_gain,face1,1180,0,0,2,True,False,True,0.7223828881237748,0.7223828881237748
gross_gain,face1,1182,0,0,2,True,False,True,0.5442471359548127,0.5442471359548127
gross_gain,face1,1183,0,0,2,True,False,True,0.44528377629516397,0.44528377629516397
gross_gain,face1,1184,0,0,2,True,False,True,0.4450514677531867,0.4450514677531867
gross_gain,face1,1185,0,0,2,True,False,True,0.3631357558520156,0.3631357558520156
gross_gain,face1,1186,0,0,2,True,False,True,0.8063551371665048,0.8063551371665048
gross_gain,face1,1189,0,0,2,True,False,True,0.6768510780506668,0.6768510780506668
gross_gain,face1,1190,0,0,2,True,False,True,0.5934157584692282,0.5934157584692282
gross_gain,face1,1191,0,0,2,True,False,True,0.7048573491915314,0.7048573491915314
gross_gain,face1,1192,0,0,2,True,False,True,0.5070305625493463,0.5070305625493463
gross_gain,face1,1194,0,0,2,True,False,True,0.5111229520203191,0.5111229520203191
gross_gain,face1,1195,0,0,2,True,False,True,0.5014053996922101,0.5014053996922101
gross_gain,face1,1196,0,0,2,True,False,True,0.6152266305215006,0.6152266305215006
gross_gain,face1,1197,0,0,2,True,False,True,0.5638443421778118,0.5638443421778118
gross_gain,face1,1198,0,0,2,True,False,True,0.5361289078833392,0.5361289078833392
gross_gain,face1,1199,0,0,2,True,False,True,0.5150985117666085,0.5150985117666085
gross_gain,face1,1200,0,0,2,True,False,True,0.5059801094036743,0.5059801094036743
gross_gain,face1,1201,0,0,2,True,False,True,0.5061806226323147,0.5061806226323147
gross_gain,face1,1202,0,0,2,True,False,True,0.5248880965123109,0.5248880965123109
gross_gain,face1,1203,0,0,2,True,False,True,0.529620195833795,0.529620195833795
gross_gain,face1,1204,0,0,2,True,False,True,0.521500819147728,0.521500819147728
gross_gain,face1,1205,0,0,2,True,False,True,0.5394223087373551,0.5394223087373551
gross_gain,face1,1206,0,0,2,True,False,True,0.42018587571240745,0.42018587571240745
gross_gain,face1,1207,0,0,2,True,False,True,0.40757137951503897,0.40757137951503897
gross_gain,face1,1208,0,0,2,True,False,True,0.35513056506831336,0.35513056506831336
gross_gain,face1,1209,0,0,2,True,False,True,0.38387602062639165,0.38387602062639165
gross_gain,face1,1210,0,0,2,True,False,True,0.3764161347030214,0.3764161347030214
gross_gain,face1,1211,0,0,2,True,False,True,0.397331026825596,0.397331026825596
gross_gain,face1,1212,0,0,2,True,False,True,0.3572783951212768,0.3572783951212768
gross_gain,face1,1213,0,0,2,True,False,True,0.28826725797051167,0.28826725797051167
gross_gain,face1,1214,0,0,2,True,False,True,0.43116380226703604,0.43116380226703604
gross_gain,face1,1215,0,0,2,True,False,True,0.39728955762638835,0.39728955762638835
gross_gain,face1,1216,0,0,2,True,False,True,0.3888578905914547,0.3888578905914547
gross_gain,face1,1217,0,0,2,True,False,True,0.41307559977863967,0.41307559977863967
gross_gain,face1,1218,0,0,2,True,False,True,0.35626896060810287,0.35626896060810287
gross_gain,face1,1219,0,0,2,True,False,True,0.37523059237293,0.37523059237293
gross_gain,face1,1220,0,0,2,True,False,True,0.37593518795778513,0.37593518795778513
gross_gain,face1,1221,0,0,2,True,False,True,0.34850751025859134,0.34850751025859134
gross_gain,face1,1222,0,0,2,True,False,True,0.41737044569855863,0.41737044569855863
gross_gain,face1,1223,0,0,2,True,False,True,0.2784116861678047,0.2784116861678047
gross_gain,face1,1224,0,0,2,True,False,True,0.26725068093482374,0.26725068093482374
gross_gain,face1,1225,0,0,2,True,False,True,0.6362921276569364,0.6362921276569364
gross_gain,face1,1226,0,0,2,True,False,True,0.7088059084589218,0.7088059084589218
gross_gain,face1,1227,0,0,2,True,False,True,0.5740399952619185,0.5740399952619185
gross_gain,face1,1228,0,0,2,True,False,True,0.33835132296751264,0.33835132296751264
gross_gain,face1,1229,0,0,2,True,False,True,0.35619753770493884,0.35619753770493884
gross_gain,face1,1230,0,0,2,True,False,True,0.24159740626313994,0.24159740626313994
gross_gain,face1,1231,0,0,2,True,False,True,0.4085907168556279,0.4085907168556279
gross_gain,face1,1232,0,0,2,True,False,True,0.4830073384927754,0.4830073384927754
gross_gain,face1,1233,0,0,2,True,False,True,0.6250223560969957,0.6250223560969957
gross_gain,face1,1234,0,0,2,True,False,True,0.37267051702471804,0.37267051702471804
gross_gain,face1,1235,0,0,2,True,False,True,0.6603858036359223,0.6603858036359223
gross_gain,face1,1236,0,0,2,True,False,True,0.5720111503112735,0.5720111503112735
gross_gain,face1,1237,0,0,2,True,False,True,0.3449675702540337,0.3449675702540337
gross_gain,face1,1238,0,0,2,True,False,True,0.5617531090679473,0.5617531090679473
gross_gain,face1,1239,0,0,2,True,False,True,0.627911467140084,0.627911467140084
gross_gain,face1,1240,0,0,2,True,False,True,0.735977451098126,0.735977451098126
gross_gain,face1,1241,0,0,2,True,False,True,0.7233130091539461,0.7233130091539461
gross_gain,face1,1242,0,0,2,True,False,True,0.8729486662371133,0.8729486662371133
gross_gain,face1,1243,0,0,2,True,False,True,0.6289209552921811,0.6289209552921811
gross_gain,face1,1244,0,0,2,True,False,True,0.6718562412885748,0.6718562412885748
gross_gain,face1,1245,0,0,2,True,False,True,0.8150851481142567,0.8150851481142567
gross_gain,face1,1246,0,0,2,True,False,True,0.48427295850062213,0.48427295850062213
gross_gain,face1,1247,0,0,2,True,False,True,0.31153267527765705,0.31153267527765705
gross_gain,face1,1248,0,0,2,True,False,True,0.4074798876258873,0.4074798876258873
gross_gain,face1,1249,0,0,2,True,False,True,0.562403680228269,0.562403680228269
gross_gain,face1,1250,0,0,2,True,False,True,0.707778353410903,0.707778353410903
gross_gain,face1,1251,0,0,2,True,False,True,0.69782646250598,0.69782646250598
gross_gain,face1,1252,0,0,2,True,False,True,0.5667949578781751,0.5667949578781751
gross_gain,face1,1304,0,0,2,True,False,True,0.8032880405089117,0.8032880405089117
gross_gain,face1,1305,0,0,2,True,False,True,0.670182519015373,0.670182519015373
gross_gain,face1,1306,0,0,2,True,False,True,0.446536344479827,0.446536344479827
gross_gain,face1,1307,0,0,2,True,False,True,0.3249016709680321,0.3249016709680321
gross_gain,face1,1309,0,0,2,True,False,True,0.5772387555563273,0.5772387555563273
gross_gain,face1,1310,0,0,2,True,False,True,0.49729384724243697,0.49729384724243697
gross_gain,face1,1311,0,0,2,True,False,True,0.4555291882811115,0.4555291882811115
gross_gain,face1,1312,0,0,2,True,False,True,0.45596962749148195,0.45596962749148195
gross_gain,face1,1313,0,0,2,True,False,True,0.48757518571645436,0.48757518571645436
gross_gain,face1,1314,0,0,2,True,False,True,0.49481139685449765,0.49481139685449765
gross_gain,face1,1319,0,0,2,True,False,True,0.5131626209497934,0.5131626209497934
gross_gain,face1,1320,0,0,2,True,False,True,0.7297724255160662,0.7297724255160662
gross_gain,face1,1321,0,0,2,True,False,True,0.709075211972135,0.709075211972135
gross_gain,face1,1322,0,0,2,True,False,True,0.6559791316411735,0.6559791316411735
gross_gain,face1,1324,0,0,2,True,False,True,0.7052443883858301,0.7052443883858301
gross_gain,face1,1327,0,0,2,True,False,True,0.6386291064607525,0.6386291064607525
gross_gain,face1,1329,0,0,2,True,False,True,0.6556850157808196,0.6556850157808196
gross_gain,face1,1330,0,0,2,True,False,True,0.6503637619193193,0.6503637619193193
gross_gain,face1,1332,0,0,2,True,False,True,0.6936429624930851,0.6936429624930851
gross_gain,face1,1333,0,0,2,True,False,True,0.7631431306647687,0.7631431306647687
gross_gain,floor-1,22,0,0,2,True,False,True,0.7987056001613462,0.7987056001613462
gross_gain,floor-1,89,0,0,2,True,False,True,0.7325472515306466,0.7325472515306466
gross_gain,floor-1,90,0,0,2,True,False,True,0.6898683107312021,0.6898683107312021
gross_gain,floor-1,91,0,0,2,True,False,True,0.5784350356773522,0.5784350356773522
gross_gain,floor-1,92,0,0,2,True,False,True,0.3778480764000534,0.3778480764000534
gross_gain,floor-1,93,0,0,2,True,False,True,0.5383666488002009,0.5383666488002009
gross_gain,floor-1,94,0,0,2,True,False,True,0.6051085251508235,0.6051085251508235
gross_gain,floor-1,95,0,0,2,True,False,True,0.5873853095292918,0.5873853095292918
gross_gain,floor-1,97,0,0,2,True,False,True,0.7045324103589451,0.7045324103589451
gross_gain,floor-1,100,0,0,2,True,False,True,0.7632581949266273,0.7632581949266273
gross_gain,floor-1,103,0,0,2,True,False,True,0.6262442319363261,0.6262442319363261
gross_gain,floor-1,114,0,0,2,True,False,True,0.63932021897092,0.63932021897092
gross_gain,floor-1,115,0,0,2,True,False,True,0.635793385555408,0.635793385555408
gross_gain,floor-1,125,0,0,2,True,False,True,0.3880535501577369,0.3880535501577369
gross_gain,floor-1,126,0,1,2,True,False,True,0.2399412424090976,0.2399412424090976
gross_gain,flower1,37,0,0,2,True,False,True,0.0,0.0
gross_gain,flower1,38,0,0,2,True,False,True,0.0,0.0
gross_gain,flower1,39,0,0,2,True,False,True,0.0,0.0
gross_gain,flower1,40,0,0,2,True,False,True,0.0,0.0
gross_gain,flower1,41,0,0,2,True,False,True,0.0,0.0
gross_gain,flower1,42,0,0,2,True,False,True,0.0,0.0
gross_gain,flower1,43,0,0,2,True,False,True,0.0,0.0
gross_gain,flower1,44,0,1,2,True,False,True,0.0,0.0
gross_gain,flower1,67,0,0,2,True,False,True,0.7762625566857284,0.7762625566857284
gross_gain,flower1,71,0,1,2,True,False,True,0.0,0.0
gross_gain,flower1,72,0,0,2,True,False,True,0.0,0.0
gross_gain,flower1,73,0,1,2,True,False,True,0.0,0.0
gross_gain,flower1,74,0,1,2,True,False,True,0.0,0.0
gross_gain,flower1,75,0,0,2,True,False,True,0.0,0.7481141194958402
gross_gain,flower1,77,0,0,2,True,False,True,0.6578959601875586,0.6578959601875586
gross_gain,flower1,80,0,0,2,True,False,True,0.6821162589524222,0.6821162589524222
gross_gain,flower1,110,0,0,2,True,False,True,0.46492984936634635,0.46492984936634635
gross_gain,flower1,111,0,0,2,True,False,True,0.42407306989725607,0.42407306989725607
gross_gain,flower1,112,0,0,2,True,False,True,0.4482726300934645,0.4482726300934645
gross_gain,flower1,113,0,0,2,True,False,True,0.42808262966303057,0.42808262966303057
gross_gain,flower1,114,0,0,2,True,False,True,0.4234887452336567,0.4234887452336567
gross_gain,flower1,115,0,0,2,True,False,True,0.2894149775948816,0.2894149775948816
gross_gain,flower1,117,0,0,2,True,False,True,0.0,0.0
gross_gain,flower1,119,0,0,2,True,False,True,0.0,0.0
gross_gain,flower1,120,0,0,2,True,False,True,0.0,0.0
gross_gain,flower1,122,0,0,2,True,False,True,0.0017752040044272566,0.0017752040044272566
gross_gain,flower1,123,0,0,2,True,False,True,0.40210021201102825,0.40210021201102825
gross_gain,flower1,124,0,0,2,True,False,True,0.41887528937673857,0.41887528937673857
gross_gain,flower1,125,0,0,2,True,False,True,0.0,0.0
gross_gain,flower1,126,0,0,2,True,False,True,0.23520832792852386,0.23520832792852386
gross_gain,flower1,129,0,0,2,True,False,True,0.40668538263165027,0.40668538263165027
gross_gain,flower1,134,0,1,2,True,False,True,0.6537048027811415,0.6537048027811415
gross_gain,flower1,135,0,0,2,True,False,True,0.5682339709062909,0.5682339709062909
gross_gain,flower1,136,0,0,2,True,False,True,0.5022884501852432,0.5022884501852432
gross_gain,flower1,137,0,0,2,True,False,True,0.556063186364143,0.556063186364143
gross_gain,flower1,138,0,0,2,True,False,True,0.5863258199328643,0.5863258199328643
gross_gain,flower1,139,0,0,2,True,False,True,0.6232679185606874,0.6232679185606874
gross_gain,flower1,140,0,0,2,True,False,True,0.6533434399575349,0.6533434399575349
gross_gain,flower1,141,0,0,2,True,False,True,0.6342964771896465,0.6342964771896465
gross_gain,flower1,143,0,1,2,True,False,True,0.5117837099571656,0.5117837099571656
gross_gain,flower1,144,0,1,2,True,False,True,0.4783956659950377,0.4783956659950377
gross_gain,flower1,145,0,0,2,True,False,True,0.46923784816608693,0.46923784816608693
gross_gain,flower1,146,0,2,2,True,False,True,0.4594412759468148,0.4594412759468148
gross_gain,flower1,147,0,0,2,True,False,True,0.4308281180966286,0.4308281180966286
gross_gain,flower1,148,0,1,2,True,False,True,0.4709942392459523,0.4709942392459523
gross_gain,flower1,149,0,0,2,True,False,True,0.5048305299186135,0.0
gross_gain,flower1,155,0,0,2,True,False,True,0.0,0.0
gross_gain,flower1,156,0,0,2,True,False,True,0.0,0.0
gross_gain,flower1,169,0,0,2,True,False,True,0.7019788910432209,0.7019788910432209
gross_gain,flower1,170,0,0,2,True,False,True,0.7551346551106437,0.7551346551106437
gross_gain,flower1,223,0,0,2,True,False,True,0.4843992077933528,0.4843992077933528
gross_gain,flower1,240,0,0,2,True,False,True,0.5383196884118616,0.5383196884118616
gross_gain,flower1,263,0,0,2,True,False,True,0.7771855260513847,0.7771855260513847
gross_gain,flower1,325,0,0,2,True,False,True,0.0,0.0
gross_gain,flower1,326,0,0,2,True,False,True,0.0,0.0
gross_gain,flower1,329,0,0,2,True,False,True,0.0,0.0
gross_gain,flower1,330,0,0,2,True,False,True,0.0,0.0
gross_gain,flower1,340,0,0,2,True,False,True,0.0,0.0
gross_gain,flower1,341,0,0,2,True,False,True,0.0,0.0
gross_gain,flower1,342,0,0,2,True,False,True,0.0,0.0
gross_gain,flower1,343,0,0,2,True,False,True,0.0,0.0
gross_gain,flower1,344,0,0,2,True,False,True,0.0,0.0
gross_gain,flower1,345,0,0,2,True,False,True,0.0,0.0
gross_gain,flower1,347,0,0,2,True,False,True,0.3380978626314781,0.3380978626314781
gross_gain,flower1,352,0,1,2,True,False,True,0.5916589986265997,0.5916589986265997
gross_gain,flower1,363,0,0,2,True,False,True,0.555769606686997,0.555769606686997
gross_gain,flower1,384,0,0,2,True,False,True,0.6624786460702713,0.6624786460702713
gross_gain,flower1,385,0,0,2,True,False,True,0.0,0.0
gross_gain,flower1,386,0,0,2,True,False,True,0.0,0.0
gross_gain,flower1,387,0,0,2,True,False,True,0.0,0.0
gross_gain,flower1,414,0,0,2,True,False,True,0.12662117031790898,0.12662117031790898
gross_gain,flower1,415,0,0,2,True,False,True,0.0,0.0
gross_gain,flower1,416,0,0,2,True,False,True,0.0,0.0
gross_gain,flower1,422,0,0,2,True,False,True,0.6941435048100183,0.6941435048100183
gross_gain,flower1,438,0,0,0,False,False,True,0.0,0.7429305591024755
gross_gain,flower1,524,0,1,2,True,False,True,0.6243049973741606,0.6243049973741606
gross_gain,flower1,530,0,0,2,True,False,True,0.6131441421789208,0.6131441421789208
gross_gain,flower1,586,0,0,2,True,False,True,0.7346754533762043,0.7346754533762043
gross_gain,flower2,76,0,0,2,True,False,True,0.7082862365479381,0.7082862365479381
gross_gain,flower2,153,0,0,2,True,False,True,0.6135212100966168,0.6135212100966168
gross_gain,flower2,342,0,0,2,True,False,True,0.6103379845791532,0.6103379845791532
gross_gain,flower2,344,0,0,2,True,False,True,0.46733679094096586,0.46733679094096586
gross_gain,flower2,346,0,0,2,True,False,True,0.37941090523792126,0.37941090523792126
gross_gain,flower2,347,0,0,2,True,False,True,0.2771247015148224,0.2771247015148224
gross_gain,fog,2,0,0,0,False,True,True,0.8577546742025447,0.8577546742025447
gross_gain,fog,3,0,0,0,False,True,True,0.8308584475273825,0.8308584475273825
gross_gain,fog,7,0,0,0,False,True,True,0.9052209753103518,0.9052209753103518
gross_gain,fog,8,0,0,0,False,True,True,0.895285163853666,0.895285163853666
gross_gain,fog,12,0,0,0,False,True,True,0.8997899807808127,0.8997899807808127
gross_gain,fog,13,0,0,0,False,True,True,0.8481684182639913,0.8481684182639913
gross_gain,fog,15,0,0,0,False,True,True,0.7839645269249499,0.7839645269249499
gross_gain,fog,16,0,0,0,False,True,True,0.7836829810429253,0.7836829810429253
gross_gain,fog,474,0,0,0,False,True,True,0.8324462364052824,0.8324462364052824
gross_gain,fog,545,0,0,2,True,False,True,0.8321371697703934,0.8321371697703934
gross_gain,fog,547,0,0,2,True,False,True,0.8104570192141803,0.8104570192141803
gross_gain,fog,552,0,0,2,True,False,True,0.6880915972683453,0.6880915972683453
gross_gain,fog,553,0,0,2,True,False,True,0.07398718462396046,0.07398718462396046
gross_gain,fog,555,0,0,2,True,False,True,0.8102933242938899,0.8102933242938899
gross_gain,fog,577,0,0,2,True,False,True,0.8404832054692503,0.8404832054692503
gross_gain,fog,594,0,0,2,True,False,True,0.8416063606401804,0.8416063606401804
gross_gain,fog,627,0,0,2,True,False,True,0.8528804280385511,0.8528804280385511
gross_gain,fog,637,0,0,2,True,False,True,0.7152997618568243,0.7152997618568243
gross_gain,fog,639,0,0,2,True,False,True,0.6845940766660549,0.6845940766660549
gross_gain,fog,640,0,0,2,True,False,True,0.7525383975509292,0.7525383975509292
gross_gain,fog,647,0,0,2,True,False,True,0.8814208912494644,0.8814208912494644
gross_gain,fog,648,0,0,2,True,False,True,0.8625331345302706,0.8625331345302706
gross_gain,fog,649,0,0,2,True,False,True,0.8671980377443649,0.8671980377443649
gross_gain,fog,655,0,0,2,True,False,True,0.8019749930368405,0.8019749930368405
gross_gain,glass,307,0,0,2,True,False,True,0.6075277346440795,0.6075277346440795
gross_gain,glass,308,0,0,2,True,False,True,0.5211028207446284,0.5211028207446284
gross_gain,glass,309,0,0,2,True,False,True,0.538339627595644,0.538339627595644
gross_gain,glass,327,0,0,2,True,False,True,0.6044094320566394,0.6044094320566394
gross_gain,glass,328,0,0,2,True,False,True,0.5079008582920504,0.5079008582920504
gross_gain,glass,329,0,0,2,True,False,True,0.0,0.0
gross_gain,glass,330,0,0,2,True,False,True,0.0,0.0
gross_gain,glass,331,0,0,2,True,False,True,0.0,0.0
gross_gain,glass,332,0,0,2,True,False,True,0.0,0.0
gross_gain,glass,333,0,0,2,True,False,True,0.0,0.0
gross_gain,glass,334,0,0,2,True,False,True,0.030303696692451833,0.030303696692451833
gross_gain,glass,336,0,0,2,True,False,True,0.5213765902212655,0.5213765902212655
gross_gain,glass,337,0,0,2,True,False,True,0.5474537941598672,0.5474537941598672
gross_gain,glass,343,0,0,2,True,False,True,0.03561049259922748,0.03561049259922748
gross_gain,glass,351,0,0,2,True,False,True,0.2764886632720958,0.2764886632720958
gross_gain,glass,352,0,0,2,True,False,True,0.23229701945931872,0.23229701945931872
gross_gain,glass,354,0,0,2,True,False,True,0.1930836039888002,0.1930836039888002
gross_gain,glass,360,0,0,2,True,False,True,0.0,0.0
gross_gain,glass,361,0,0,2,True,False,True,0.0,0.0
gross_gain,glass,362,0,0,2,True,False,True,0.0,0.0
gross_gain,glass,363,0,0,2,True,False,True,0.0,0.0
gross_gain,glass,364,0,0,2,True,False,True,0.0,0.0
gross_gain,glass,365,0,1,2,True,False,True,0.0,0.0
gross_gain,glass,366,0,0,2,True,False,True,0.0,0.21673343814769824
gross_gain,glass,367,0,0,2,True,False,True,0.1571960244123676,0.1571960244123676
gross_gain,glass,369,0,0,2,True,False,True,0.1741101274991357,0.1741101274991357
gross_gain,glass,370,0,1,2,True,False,True,0.1603452915366595,0.1603452915366595
gross_gain,glass,371,0,0,2,True,False,True,0.31686458438512594,0.31686458438512594
gross_gain,glass,372,0,0,2,True,False,True,0.31627781106304903,0.31627781106304903
gross_gain,glass,373,0,0,2,True,False,True,0.19629335070978415,0.19629335070978415
gross_gain,glass,374,0,0,2,True,False,True,0.06394551193832954,0.06394551193832954
gross_gain,glass,375,0,0,2,True,False,True,0.2987871843374173,0.2987871843374173
gross_gain,glass,376,0,0,2,True,False,True,0.0,0.0
gross_gain,glass,377,0,1,2,True,False,True,0.0,0.0
gross_gain,glass,378,0,0,2,True,False,True,0.0,0.0
gross_gain,glass,379,0,0,2,True,False,True,0.0,0.0
gross_gain,glass,380,0,0,2,True,False,True,0.0,0.0
gross_gain,glass,381,0,0,2,True,False,True,0.0,0.0
gross_gain,glass,383,0,0,2,True,False,True,0.0,0.0
gross_gain,glass,384,0,1,2,True,False,True,0.0,0.09071963342364076
gross_gain,glass,385,0,0,2,True,False,True,0.04606841478313496,0.0
gross_gain,glass,386,0,0,2,True,False,True,0.0,0.0
gross_gain,glass,387,0,0,2,True,False,True,0.0,0.0
gross_gain,glass,388,0,0,2,True,False,True,0.0,0.0
gross_gain,glass,389,0,0,2,True,False,True,0.0,0.0
gross_gain,glass,390,0,0,2,True,False,True,0.0,0.0
gross_gain,glass,391,0,0,2,True,False,True,0.0,0.0
gross_gain,glass,392,0,0,2,True,False,True,0.0,0.0
gross_gain,glass,393,0,0,2,True,False,True,0.0,0.0
gross_gain,glass,395,0,0,2,True,False,True,0.0,0.0
gross_gain,glass,396,0,0,2,True,False,True,0.0,0.0
gross_gain,glass,398,0,0,2,True,False,True,0.0,0.0
gross_gain,glass,399,0,0,2,True,False,True,0.0,0.0
gross_gain,glass,400,0,0,2,True,False,True,0.0,0.0
gross_gain,glass,402,0,0,2,True,False,True,0.0,0.0
gross_gain,glass,403,0,0,2,True,False,True,0.0,0.0
gross_gain,glass,404,0,0,2,True,False,True,0.0,0.0
gross_gain,glass,405,0,0,2,True,False,True,0.0,0.0
gross_gain,glass,406,0,0,2,True,False,True,0.0,0.0
gross_gain,glass,407,0,0,2,True,False,True,0.0,0.0
gross_gain,glass,409,0,0,2,True,False,True,0.0,0.0
gross_gain,glass,411,0,0,2,True,False,True,0.0,0.0
gross_gain,glass,412,0,0,2,True,False,True,0.0,0.0
gross_gain,glass,413,0,0,2,True,False,True,0.0,0.0
gross_gain,glass,414,0,0,2,True,False,True,0.0,0.0
gross_gain,glass,415,0,0,2,True,False,True,0.0,0.0
gross_gain,glass,417,0,0,2,True,False,True,0.0,0.0
gross_gain,glass,418,0,0,2,True,False,True,0.0,0.0
gross_gain,glass,419,0,0,2,True,False,True,0.0,0.0
gross_gain,glass,420,0,0,2,True,False,True,0.0,0.0
gross_gain,glass,421,0,0,2,True,False,True,0.0,0.0
gross_gain,glass,422,0,0,2,True,False,True,0.0,0.0
gross_gain,glass,423,0,0,2,True,False,True,0.0,0.0
gross_gain,glass,424,0,0,2,True,False,True,0.0,0.0
gross_gain,glass,425,0,0,2,True,False,True,0.0,0.0
gross_gain,glass,426,0,0,2,True,False,True,0.0,0.0
gross_gain,glass,428,0,0,2,True,False,True,0.0,0.0
gross_gain,glass,429,0,0,2,True,False,True,0.0,0.0
gross_gain,glass,430,0,1,2,True,False,True,0.0,0.19248567100428468
gross_gain,glass,431,0,0,2,True,False,True,0.11527399241212398,0.11527399241212398
gross_gain,glass,432,0,1,2,True,False,True,0.07911374908623177,0.07911374908623177
gross_gain,glass,434,0,0,2,True,False,True,0.0,0.0
gross_gain,glass,435,0,0,2,True,False,True,0.0,0.0
gross_gain,glass,436,0,0,2,True,False,True,0.0,0.0
gross_gain,glass,437,0,0,2,True,False,True,0.0,0.0
gross_gain,glass,438,0,0,2,True,False,True,0.0,0.0
gross_gain,glass,440,0,1,2,True,False,True,0.0,0.24976834059555017
gross_gain,glass,442,0,1,2,True,False,True,0.08812247716119774,0.08812247716119774
gross_gain,glass,443,0,0,2,True,False,True,0.0,0.0
gross_gain,glass,444,0,1,2,True,False,True,0.0,0.0
gross_gain,glass,445,0,0,2,True,False,True,0.0,0.0
gross_gain,glass,446,0,0,2,True,False,True,0.0,0.0
gross_gain,glass,447,0,0,2,True,False,True,0.0,0.0
gross_gain,glass,448,0,0,2,True,False,True,0.0,0.0
gross_gain,glass,452,0,1,2,True,False,True,0.0,0.0
gross_gain,glass2,32,0,0,0,False,True,True,0.8782522157275989,0.8782522157275989
gross_gain,glass2,34,0,0,0,False,True,True,0.8423327150529705,0.8423327150529705
gross_gain,glass2,35,0,0,0,False,True,True,0.8233218607428131,0.8233218607428131
gross_gain,glass2,36,0,0,0,False,True,True,0.8069814279695174,0.8069814279695174
gross_gain,glass2,37,0,0,0,False,True,True,0.8815590018125169,0.8815590018125169
gross_gain,glass2,38,0,0,0,False,True,True,0.8404161125121125,0.8404161125121125
gross_gain,glass2,221,0,0,2,True,False,True,0.5718220047693543,0.5718220047693543
gross_gain,glass2,222,0,0,2,True,False,True,0.5821017492210797,0.5821017492210797
gross_gain,glass2,223,0,0,2,True,False,True,0.46101351143191543,0.46101351143191543
gross_gain,glass2,224,0,0,2,True,False,True,0.5592739682022162,0.5592739682022162
gross_gain,graycar2,104,0,0,2,True,False,True,0.5254037418513092,0.5254037418513092
gross_gain,green,75,0,0,0,False,True,True,0.8116891881415095,0.8116891881415095
gross_gain,green,82,0,0,0,False,True,True,0.7989923111365301,0.7989923111365301
gross_gain,greyman,137,0,0,2,True,False,True,0.6458553785184977,0.6458553785184977
gross_gain,greyman,173,0,0,2,True,False,True,0.5847366260170361,0.5847366260170361
gross_gain,greyman,224,0,0,2,True,False,True,0.3933365345834292,0.3933365345834292
gross_gain,guidepost,19,0,0,2,True,False,True,0.24854715238957592,0.24854715238957592
gross_gain,guidepost,39,0,0,0,False,True,True,0.8515135553586598,0.8515135553586598
gross_gain,guidepost,40,0,0,0,False,True,True,0.8647750448472478,0.8647750448472478
gross_gain,guidepost,41,0,0,0,False,True,True,0.8681595829292664,0.8681595829292664
gross_gain,guidepost,51,0,0,0,False,True,True,0.8754538064798338,0.8754538064798338
gross_gain,guidepost,52,0,0,0,False,True,True,0.8964646053042544,0.8964646053042544
gross_gain,guidepost,78,0,0,0,False,True,True,0.8920489120574127,0.8920489120574127
gross_gain,guidepost,94,0,0,0,False,True,True,0.8752345929638413,0.8752345929638413
gross_gain,guidepost,97,0,0,0,False,True,True,0.9062928252633502,0.9062928252633502
gross_gain,guidepost,100,0,0,0,False,True,True,0.9046035592773151,0.9046035592773151
gross_gain,guidepost,115,0,0,0,False,True,True,0.9210615730859988,0.9210615730859988
gross_gain,guidepost,117,0,0,0,False,True,True,0.9417906385457234,0.9417906385457234
gross_gain,guidepost,120,0,0,0,False,True,True,0.8837328619356092,0.8837328619356092
gross_gain,guidepost,121,0,0,0,False,True,True,0.9133715645962371,0.9133715645962371
gross_gain,guidepost,122,0,0,0,False,True,True,0.9182194203692374,0.9182194203692374
gross_gain,guidepost,123,0,0,0,False,True,True,0.9205287962948182,0.9205287962948182
gross_gain,guidepost,124,0,0,0,False,True,True,0.8990571486074871,0.8990571486074871
gross_gain,guidepost,125,0,0,0,False,True,True,0.9054208292528425,0.9054208292528425
gross_gain,guidepost,128,0,0,0,False,True,True,0.9248685154314636,0.9248685154314636
gross_gain,guidepost,129,0,0,0,False,True,True,0.923319139918757,0.923319139918757
gross_gain,guidepost,130,0,0,0,False,True,True,0.908256311523712,0.908256311523712
gross_gain,guidepost,131,0,0,0,False,True,True,0.9195185183886891,0.9195185183886891
gross_gain,guidepost,132,0,0,0,False,True,True,0.9067197884383401,0.9067197884383401
gross_gain,guidepost,139,0,0,0,False,True,True,0.8969250470987753,0.8969250470987753
gross_gain,guidepost,140,0,0,0,False,True,True,0.9129715029455406,0.9129715029455406
gross_gain,guidepost,141,0,0,0,False,True,True,0.8929980872946779,0.8929980872946779
gross_gain,guidepost,143,0,0,0,False,True,True,0.8925866708838465,0.8925866708838465
gross_gain,guidepost,144,0,0,0,False,True,True,0.9173652269282001,0.9173652269282001
gross_gain,guidepost,145,0,0,0,False,True,True,0.8944552898967915,0.8944552898967915
gross_gain,guidepost,150,0,0,0,False,True,True,0.9331094765254888,0.9331094765254888
gross_gain,guidepost,156,0,0,0,False,True,True,0.9456423959303818,0.9456423959303818
gross_gain,guidepost,160,0,0,0,False,True,True,0.909016378714,0.909016378714
gross_gain,guidepost,162,0,0,0,False,True,True,0.9166312291773262,0.9166312291773262
gross_gain,guidepost,163,0,0,0,False,True,True,0.9100779719110356,0.9100779719110356
gross_gain,guidepost,164,0,0,0,False,True,True,0.9029470419931347,0.9029470419931347
gross_gain,guidepost,165,0,0,0,False,True,True,0.9119485832788281,0.9119485832788281
gross_gain,guidepost,194,0,0,0,False,True,True,0.8784649453372743,0.8784649453372743
gross_gain,guidepost,198,0,0,0,False,True,True,0.8822330032373937,0.8822330032373937
gross_gain,guidepost,202,0,0,0,False,True,True,0.8828517629967538,0.8828517629967538
gross_gain,guidepost,206,0,0,0,False,True,True,0.8856226456033853,0.8856226456033853
gross_gain,guidepost,209,0,0,0,False,True,True,0.886534350706866,0.886534350706866
gross_gain,guidepost,210,0,0,0,False,True,True,0.8806408488226054,0.8806408488226054
gross_gain,guidepost,211,0,0,0,False,True,True,0.8819443523716023,0.8819443523716023
gross_gain,guidepost,212,0,0,0,False,True,True,0.8768219112353827,0.8768219112353827
gross_gain,guidepost,215,0,0,0,False,True,True,0.8763567424486947,0.8763567424486947
gross_gain,guidepost,217,0,0,0,False,True,True,0.8836735527355316,0.8836735527355316
gross_gain,guidepost,218,0,0,0,False,True,True,0.9024517031149911,0.9024517031149911
gross_gain,guidepost,219,0,0,0,False,True,True,0.901675547793625,0.901675547793625
gross_gain,guidepost,221,0,0,0,False,True,True,0.8896175344298264,0.8896175344298264
gross_gain,guidepost,225,0,0,0,False,True,True,0.909276246384008,0.909276246384008
gross_gain,guidepost,236,0,0,0,False,True,True,0.9253133998149685,0.9253133998149685
gross_gain,guidepost,237,0,0,0,False,True,True,0.9211197740182121,0.9211197740182121
gross_gain,guidepost,242,0,0,0,False,True,True,0.9405876006427968,0.9405876006427968
gross_gain,guidepost,245,0,0,2,True,False,True,0.269657322418421,0.269657322418421
gross_gain,guidepost,252,0,0,2,True,False,True,0.5100564754211194,0.5100564754211194
gross_gain,guidepost,258,0,0,2,True,False,True,0.3510105525061619,0.3510105525061619
gross_gain,guidepost,260,0,0,2,True,False,True,0.7279395159444997,0.7279395159444997
gross_gain,guidepost,267,0,0,2,True,False,True,0.63582445015143,0.63582445015143
gross_gain,guidepost,271,0,0,2,True,False,True,0.09562987530026623,0.09562987530026623
gross_gain,guidepost,273,0,0,2,True,False,True,0.5109285812123212,0.5109285812123212
gross_gain,guidepost,280,0,0,2,True,False,True,0.588058983520286,0.588058983520286
gross_gain,guidepost,288,0,0,2,True,False,True,0.7786233327928872,0.7786233327928872
gross_gain,guidepost,301,0,0,2,True,False,True,0.5432235932182888,0.5432235932182888
gross_gain,guidepost,303,0,0,2,True,False,True,0.7728223786637696,0.7728223786637696
gross_gain,guidepost,304,0,0,2,True,False,True,0.5525417592450409,0.5525417592450409
gross_gain,guidepost,306,0,0,2,True,False,True,0.4093627151119532,0.4093627151119532
gross_gain,guidepost,322,0,0,2,True,False,True,0.7667892818073809,0.7667892818073809
gross_gain,guidepost,327,0,0,2,True,False,True,0.5494129216845829,0.5494129216845829
gross_gain,guidepost,329,0,0,2,True,False,True,0.5200435665919807,0.5200435665919807
gross_gain,guidepost,331,0,0,2,True,False,True,0.7858806701934121,0.7858806701934121
gross_gain,guidepost,332,0,0,2,True,False,True,0.753068597142394,0.753068597142394
gross_gain,guidepost,333,0,0,2,True,False,True,0.7335964393794812,0.7335964393794812
gross_gain,guidepost,337,0,0,2,True,False,True,0.7447457176650977,0.7447457176650977
gross_gain,guidepost,345,0,0,2,True,False,True,0.8065178177478334,0.8065178177478334
gross_gain,guidepost,348,0,0,2,True,False,True,0.04566466786611984,0.04566466786611984
gross_gain,guidepost,350,0,0,2,True,False,True,0.7516674488731547,0.7516674488731547
gross_gain,guidepost,354,0,0,2,True,False,True,0.8098175224784663,0.8098175224784663
gross_gain,guidepost,356,0,0,2,True,False,True,0.7068374150197402,0.7068374150197402
gross_gain,guidepost,357,0,0,2,True,False,True,0.6784866807668599,0.6784866807668599
gross_gain,guidepost,358,0,0,2,True,False,True,0.6855623118878508,0.6855623118878508
gross_gain,guidepost,359,0,0,2,True,False,True,0.606814008220614,0.606814008220614
gross_gain,guidepost,363,0,0,2,True,False,True,0.6560330064042909,0.6560330064042909
gross_gain,guidepost,370,0,0,2,True,False,True,0.8144011983347235,0.8144011983347235
gross_gain,guidepost,372,0,0,2,True,False,True,0.4670292906367347,0.4670292906367347
gross_gain,guidepost,376,0,0,2,True,False,True,0.0,0.0
gross_gain,guidepost,378,0,0,2,True,False,True,0.5238887593330668,0.5238887593330668
gross_gain,guidepost,380,0,0,2,True,False,True,0.6015775614918504,0.6015775614918504
gross_gain,guidepost,381,0,0,2,True,False,True,0.6476978328544855,0.6476978328544855
gross_gain,guidepost,383,0,0,2,True,False,True,0.5807103370680604,0.5807103370680604
gross_gain,guidepost,384,0,0,2,True,False,True,0.6011402761855615,0.6011402761855615
gross_gain,guidepost,385,0,0,2,True,False,True,0.613634211786795,0.613634211786795
gross_gain,guidepost,386,0,0,2,True,False,True,0.6726035219794064,0.6726035219794064
gross_gain,guidepost,389,0,0,2,True,False,True,0.053120314433084716,0.053120314433084716
gross_gain,guidepost,391,0,0,2,True,False,True,0.44205202925963344,0.44205202925963344
gross_gain,guidepost,393,0,0,2,True,False,True,0.4682099027907861,0.4682099027907861
gross_gain,guidepost,396,0,0,2,True,False,True,0.6124195778431443,0.6124195778431443
gross_gain,guidepost,397,0,0,2,True,False,True,0.6820987001377399,0.6820987001377399
gross_gain,guidepost,398,0,0,2,True,False,True,0.37753447882820546,0.37753447882820546
gross_gain,guidepost,403,0,0,2,True,False,True,0.7210024819861391,0.7210024819861391
gross_gain,guidepost,404,0,0,2,True,False,True,0.6299011588988482,0.6299011588988482
gross_gain,guidepost,406,0,0,2,True,False,True,0.43808411245846907,0.43808411245846907
gross_gain,guidepost,408,0,0,2,True,False,True,0.654627604412464,0.654627604412464
gross_gain,guidepost,409,0,0,2,True,False,True,0.39196017584304793,0.39196017584304793
gross_gain,guidepost,410,0,0,2,True,False,True,0.5466625029331522,0.5466625029331522
gross_gain,guidepost,411,0,0,2,True,False,True,0.617354188453048,0.617354188453048
gross_gain,guidepost,412,0,0,2,True,False,True,0.6315502320016091,0.6315502320016091
gross_gain,guidepost,419,0,0,2,True,False,True,0.6545759779807256,0.6545759779807256
gross_gain,guidepost,421,0,0,2,True,False,True,0.6999509446228677,0.6999509446228677
gross_gain,guidepost,423,0,0,2,True,False,True,0.5972010277597594,0.5972010277597594
gross_gain,guidepost,424,0,0,2,True,False,True,0.5216671288357132,0.5216671288357132
gross_gain,guidepost,425,0,0,2,True,False,True,0.695027414057385,0.695027414057385
gross_gain,hotglass,120,0,0,2,True,False,True,0.221033723863402,0.221033723863402
gross_gain,hotglass,121,0,0,2,True,False,True,0.09915688934242364,0.09915688934242364
gross_gain,hotglass,122,0,0,2,True,False,True,0.11985661489697001,0.11985661489697001
gross_gain,hotglass,123,0,0,2,True,False,True,0.11778223160291046,0.11778223160291046
gross_gain,hotglass,124,0,0,2,True,False,True,0.23297773289225368,0.23297773289225368
gross_gain,hotglass,125,0,0,2,True,False,True,0.17634569372298312,0.17634569372298312
gross_gain,hotglass,126,0,1,2,True,False,True,0.12164690684730847,0.0
gross_gain,hotglass,127,0,0,2,True,False,True,0.0,0.0
gross_gain,hotglass,129,0,0,2,True,False,True,0.0,0.0
gross_gain,hotglass,130,0,0,2,True,False,True,0.0,0.0
gross_gain,hotglass,131,0,0,2,True,False,True,0.0,0.0
gross_gain,hotglass,132,0,0,2,True,False,True,0.0,0.0
gross_gain,hotglass,133,0,0,2,True,False,True,0.0,0.0
gross_gain,hotglass,134,0,0,2,True,False,True,0.0,0.0
gross_gain,hotglass,135,0,0,2,True,False,True,0.0,0.0
gross_gain,hotglass,136,0,1,2,True,False,True,0.0,0.5205372832823201
gross_gain,hotglass,324,0,0,2,True,False,True,0.7506192985690363,0.7506192985690363
gross_gain,hotglass,337,0,0,2,True,False,True,0.7670914338685375,0.7670914338685375
gross_gain,inglassandmobile,340,0,0,0,False,True,True,0.9143405275983847,0.9143405275983847
gross_gain,inglassandmobile,341,0,0,0,False,True,True,0.821924091186734,0.821924091186734
gross_gain,inglassandmobile,342,0,0,0,False,True,True,0.8894552380381711,0.8894552380381711
gross_gain,inglassandmobile,343,0,0,0,False,True,True,0.8360297006942727,0.8360297006942727
gross_gain,inglassandmobile,456,0,0,0,False,True,True,0.8851823509731805,0.8851823509731805
gross_gain,inglassandmobile,457,0,0,0,False,True,True,0.8777003428185365,0.8777003428185365
gross_gain,inglassandmobile,459,0,0,0,False,True,True,0.8869560532960734,0.8869560532960734
gross_gain,inglassandmobile,460,0,0,0,False,True,True,0.8701378882216144,0.8701378882216144
gross_gain,inglassandmobile,462,0,0,0,False,True,True,0.8349111494390581,0.8349111494390581
gross_gain,inglassandmobile,463,0,0,0,False,True,True,0.8426961462460771,0.8426961462460771
gross_gain,inglassandmobile,464,0,0,0,False,True,True,0.8356836588535033,0.8356836588535033
gross_gain,jump,75,0,0,0,False,True,True,0.6574138210230007,0.6574138210230007
gross_gain,jump,85,0,0,0,False,True,True,0.7885889126845391,0.7885889126845391
gross_gain,jump,87,0,0,0,False,True,True,0.8225033336265271,0.8225033336265271
gross_gain,jump,91,0,0,0,False,True,True,0.8436873746242822,0.8436873746242822
gross_gain,jump,97,0,0,0,False,True,True,0.8062617340153715,0.8062617340153715
gross_gain,jump,169,0,0,0,False,True,True,0.8213885088693172,0.8213885088693172
gross_gain,jump,170,0,0,0,False,True,True,0.8280933270620446,0.8280933270620446
gross_gain,jump,171,0,0,0,False,True,True,0.8403646814680416,0.8403646814680416
gross_gain,jump,172,0,0,0,False,True,True,0.8448851011886777,0.8448851011886777
gross_gain,jump,173,0,0,0,False,True,True,0.8571717976959841,0.8571717976959841
gross_gain,jump,174,0,0,0,False,True,True,0.8747396708614732,0.8747396708614732
gross_gain,jump,175,0,0,0,False,True,True,0.8861389978740604,0.8861389978740604
gross_gain,jump,176,0,0,0,False,True,True,0.8684576589988365,0.8684576589988365
gross_gain,jump,216,0,0,0,False,True,True,0.8292373545192366,0.8292373545192366
gross_gain,jump,301,0,0,0,False,True,True,0.8312130872694947,0.8312130872694947
gross_gain,kettle,88,0,0,2,True,False,True,0.5786203989333527,0.5786203989333527
gross_gain,kettle,94,0,0,2,True,False,True,0.5727379456371987,0.5727379456371987
gross_gain,kettle,95,0,0,2,True,False,True,0.4778782357813694,0.4778782357813694
gross_gain,kettle,96,0,0,2,True,False,True,0.4926464898843024,0.4926464898843024
gross_gain,kettle,97,0,0,2,True,False,True,0.4026198045099224,0.4026198045099224
gross_gain,kettle,98,0,0,2,True,False,True,0.34652720721909297,0.34652720721909297
gross_gain,kettle,99,0,0,2,True,False,True,0.2637588377108121,0.2637588377108121
gross_gain,kettle,100,0,0,2,True,False,True,0.2452071722080914,0.2452071722080914
gross_gain,kettle,101,0,0,2,True,False,True,0.26504882396599294,0.26504882396599294
gross_gain,kettle,102,0,0,2,True,False,True,0.3787327167707759,0.3787327167707759
gross_gain,kettle,105,0,0,2,True,False,True,0.4033976110499865,0.4033976110499865
gross_gain,kettle,107,0,0,2,True,False,True,0.3420977990302254,0.3420977990302254
gross_gain,kettle,108,0,0,2,True,False,True,0.27952751907320994,0.27952751907320994
gross_gain,kettle,110,0,0,2,True,False,True,0.21127970494825313,0.21127970494825313
gross_gain,kettle,111,0,0,2,True,False,True,0.21431501780496157,0.21431501780496157
gross_gain,kettle,112,0,0,2,True,False,True,0.17822844942376742,0.17822844942376742
gross_gain,kettle,113,0,0,2,True,False,True,0.23050342999859122,0.23050342999859122
gross_gain,kettle,114,0,0,2,True,False,True,0.24889900195858056,0.24889900195858056
gross_gain,kettle,115,0,0,2,True,False,True,0.3514472028068688,0.3514472028068688
gross_gain,kettle,116,0,0,2,True,False,True,0.5039873957008714,0.5039873957008714
gross_gain,kettle,117,0,0,2,True,False,True,0.437662748064785,0.437662748064785
gross_gain,kettle,118,0,0,2,True,False,True,0.45627985237023977,0.45627985237023977
gross_gain,kettle,119,0,0,2,True,False,True,0.47171654518818457,0.47171654518818457
gross_gain,kettle,120,0,0,2,True,False,True,0.38722473023553455,0.38722473023553455
gross_gain,kettle,121,0,0,2,True,False,True,0.2864617657338306,0.2864617657338306
gross_gain,kettle,122,0,0,2,True,False,True,0.2766480024789489,0.2766480024789489
gross_gain,kettle,124,0,0,2,True,False,True,0.2564276937799229,0.2564276937799229
gross_gain,kettle,125,0,0,2,True,False,True,0.20181491264822365,0.20181491264822365
gross_gain,kettle,126,0,0,2,True,False,True,0.21234975209189796,0.21234975209189796
gross_gain,kettle,127,0,0,2,True,False,True,0.2501767619947593,0.2501767619947593
gross_gain,kettle,128,0,0,2,True,False,True,0.2819783421460112,0.2819783421460112
gross_gain,kettle,129,0,0,2,True,False,True,0.2772652734076817,0.2772652734076817
gross_gain,kettle,130,0,0,2,True,False,True,0.3129244518680265,0.3129244518680265
gross_gain,kettle,135,0,0,2,True,False,True,0.215316660191743,0.215316660191743
gross_gain,kettle,136,0,0,2,True,False,True,0.2631481309726784,0.2631481309726784
gross_gain,kettle,137,0,0,2,True,False,True,0.2740291729846171,0.2740291729846171
gross_gain,kettle,138,0,0,2,True,False,True,0.2863212651058091,0.2863212651058091
gross_gain,kettle,139,0,0,2,True,False,True,0.2748568362494183,0.2748568362494183
gross_gain,kettle,140,0,0,2,True,False,True,0.24358715791554073,0.24358715791554073
gross_gain,kettle,141,0,0,2,True,False,True,0.19596066961382905,0.19596066961382905
gross_gain,kettle,147,0,0,2,True,False,True,0.566621102208115,0.566621102208115
gross_gain,kettle,162,0,0,2,True,False,True,0.7264018546564939,0.7264018546564939
gross_gain,kettle,163,0,0,2,True,False,True,0.734581321246752,0.734581321246752
gross_gain,kettle,166,0,0,2,True,False,True,0.6788420152867332,0.6788420152867332
gross_gain,kettle,180,0,0,2,True,False,True,0.5439140406687155,0.5439140406687155
gross_gain,kettle,181,0,0,2,True,False,True,0.49490004559460976,0.49490004559460976
gross_gain,kettle,182,0,0,2,True,False,True,0.5333901926895479,0.5333901926895479
gross_gain,kettle,183,0,0,2,True,False,True,0.6431422664900994,0.6431422664900994
gross_gain,kettle,184,0,0,2,True,False,True,0.6864451428209143,0.6864451428209143
gross_gain,kettle,185,0,0,2,True,False,True,0.6249618453410499,0.6249618453410499
gross_gain,kettle,186,0,0,2,True,False,True,0.6833952291438479,0.6833952291438479
gross_gain,kettle,187,0,0,2,True,False,True,0.6813562781619232,0.6813562781619232
gross_gain,kettle,188,0,0,2,True,False,True,0.6433877037397131,0.6433877037397131
gross_gain,kettle,190,0,0,2,True,False,True,0.640838255160753,0.640838255160753
gross_gain,kettle,191,0,0,2,True,False,True,0.6085499454435824,0.6085499454435824
gross_gain,kettle,201,0,0,2,True,False,True,0.5547389875001374,0.5547389875001374
gross_gain,kettle,204,0,0,2,True,False,True,0.7008137663373321,0.7008137663373321
gross_gain,kettle,211,0,0,2,True,False,True,0.6846847436827106,0.6846847436827106
gross_gain,kettle,213,0,0,2,True,False,True,0.6705550559415768,0.6705550559415768
gross_gain,kettle,217,0,0,2,True,False,True,0.7067162090960812,0.7067162090960812
gross_gain,kettle,244,0,0,2,True,False,True,0.7205441585967635,0.7205441585967635
gross_gain,kettle,247,0,0,2,True,False,True,0.610377319506552,0.610377319506552
gross_gain,kettle,249,0,0,2,True,False,True,0.5917375726075014,0.5917375726075014
gross_gain,kettle,253,0,0,2,True,False,True,0.642709581749088,0.642709581749088
gross_gain,kettle,267,0,0,2,True,False,True,0.778727147765628,0.778727147765628
gross_gain,kettle,270,0,0,2,True,False,True,0.6146512741103682,0.6146512741103682
gross_gain,kettle,275,0,0,2,True,False,True,0.6275377863715546,0.6275377863715546
gross_gain,kettle,276,0,0,2,True,False,True,0.6228258749121411,0.6228258749121411
gross_gain,kettle,278,0,0,2,True,False,True,0.7760828994640294,0.7760828994640294
gross_gain,kettle,293,0,0,2,True,False,True,0.6597468824052094,0.6597468824052094
gross_gain,kettle,296,0,0,2,True,False,True,0.6363435070051071,0.6363435070051071
gross_gain,kettle,338,0,0,2,True,False,True,0.7324649956933168,0.7324649956933168
gross_gain,kettle,339,0,0,2,True,False,True,0.7357949923243161,0.7357949923243161
gross_gain,kettle,340,0,0,2,True,False,True,0.7526970479534194,0.7526970479534194
gross_gain,kettle,341,0,0,2,True,False,True,0.7686473711028927,0.7686473711028927
gross_gain,kettle,342,0,0,2,True,False,True,0.802675080380099,0.802675080380099
gross_gain,kettle,346,0,0,2,True,False,True,0.7279963122848452,0.7279963122848452
gross_gain,kettle,380,0,0,2,True,False,True,0.813045721018069,0.813045721018069
gross_gain,kettle,381,0,0,2,True,False,True,0.8274805282848849,0.8274805282848849
gross_gain,kettle,382,0,0,2,True,False,True,0.7979798471873748,0.7979798471873748
gross_gain,kettle,384,0,0,2,True,False,True,0.7726142792786789,0.7726142792786789
gross_gain,kettle,385,0,0,2,True,False,True,0.7368683655175908,0.7368683655175908
gross_gain,kettle,386,0,0,2,True,False,True,0.6584596654416328,0.6584596654416328
gross_gain,kettle,387,0,0,2,True,False,True,0.6992671737671677,0.6992671737671677
gross_gain,kettle,388,0,0,2,True,False,True,0.5816276005071381,0.5816276005071381
gross_gain,kettle,389,0,0,2,True,False,True,0.5404868818456161,0.5404868818456161
gross_gain,kettle,390,0,0,2,True,False,True,0.5992264465828521,0.5992264465828521
gross_gain,kettle,391,0,0,2,True,False,True,0.5791616580275343,0.5791616580275343
gross_gain,kettle,392,0,0,2,True,False,True,0.6200190696609361,0.6200190696609361
gross_gain,kettle,394,0,0,2,True,False,True,0.6858029236342158,0.6858029236342158
gross_gain,kettle,395,0,0,2,True,False,True,0.686635694259678,0.686635694259678
gross_gain,kettle,490,0,0,2,True,False,True,0.8856166170816145,0.8856166170816145
gross_gain,kettle,566,0,0,2,True,False,True,0.7592064207594434,0.7592064207594434
gross_gain,kettle,883,0,0,2,True,False,True,0.7756104529552078,0.7756104529552078
gross_gain,kettle,930,0,0,2,True,False,True,0.7775177661748579,0.7775177661748579
gross_gain,kettle,979,0,0,2,True,False,True,0.43096729736301453,0.43096729736301453
gross_gain,kettle,980,0,0,2,True,False,True,0.3867495689353914,0.3867495689353914
gross_gain,kettle,1000,0,0,2,True,False,True,0.4715730055633961,0.4715730055633961
gross_gain,kettle,1002,0,0,2,True,False,True,0.2768096488080016,0.2768096488080016
gross_gain,kettle,1003,0,0,2,True,False,True,0.31671377884758734,0.31671377884758734
gross_gain,kettle,1006,0,0,2,True,False,True,0.4005765524291799,0.4005765524291799
gross_gain,kettle,1009,0,0,2,True,False,True,0.6329880886924352,0.6329880886924352
gross_gain,kettle,1010,0,0,2,True,False,True,0.6162492601013771,0.6162492601013771
gross_gain,kettle,1013,0,0,2,True,False,True,0.6568922413471724,0.6568922413471724
gross_gain,kettle,1166,0,0,2,True,False,True,0.7810269402055338,0.7810269402055338
gross_gain,kettle,1167,0,0,2,True,False,True,0.829213841717676,0.829213841717676
gross_gain,kettle,1168,0,0,2,True,False,True,0.8303212876785905,0.8303212876785905
gross_gain,kettle,1169,0,0,2,True,False,True,0.5883840224379598,0.5883840224379598
gross_gain,kettle,1170,0,0,2,True,False,True,0.35517206661966133,0.35517206661966133
gross_gain,kettle,1171,0,0,2,True,False,True,0.0,0.0
gross_gain,kettle,1172,0,0,2,True,False,True,0.0,0.0
gross_gain,kettle,1173,0,1,2,True,False,True,0.07028634153756845,0.0
gross_gain,kettle,1174,0,0,2,True,False,True,0.0,0.0
gross_gain,kettle,1175,0,0,2,True,False,True,0.0,0.0
gross_gain,kettle,1176,0,0,2,True,False,True,0.0,0.0
gross_gain,kettle,1177,0,0,2,True,False,True,0.0,0.0
gross_gain,kettle,1178,0,0,2,True,False,True,0.03188553732013396,0.03188553732013396
gross_gain,kettle,1179,0,0,2,True,False,True,0.05270585694866305,0.05270585694866305
gross_gain,kettle,1180,0,0,2,True,False,True,0.04567228935816043,0.04567228935816043
gross_gain,kettle,1181,0,0,2,True,False,True,0.030318487616071317,0.030318487616071317
gross_gain,kettle,1182,0,0,2,True,False,True,0.05597761154949733,0.05597761154949733
gross_gain,kettle,1183,0,0,2,True,False,True,0.05778596589800378,0.05778596589800378
gross_gain,kettle,1184,0,0,2,True,False,True,0.06653859486429331,0.06653859486429331
gross_gain,kettle,1185,0,0,2,True,False,True,0.0694850704055536,0.0694850704055536
gross_gain,kettle,1186,0,0,2,True,False,True,0.10465917903455618,0.10465917903455618
gross_gain,kettle,1187,0,0,2,True,False,True,0.06075109276028667,0.06075109276028667
gross_gain,kettle,1188,0,0,2,True,False,True,0.0775421105625382,0.0775421105625382
gross_gain,kettle,1189,0,0,2,True,False,True,0.04644106933764682,0.04644106933764682
gross_gain,kettle,1190,0,1,2,True,False,True,0.0,0.0
gross_gain,kettle,1191,0,0,2,True,False,True,0.04020236368950336,0.04020236368950336
gross_gain,kettle,1192,0,0,2,True,False,True,0.1174693168731651,0.1174693168731651
gross_gain,kettle,1193,0,0,2,True,False,True,0.0,0.0
gross_gain,kettle,1194,0,0,2,True,False,True,0.0,0.0
gross_gain,kettle,1195,0,0,2,True,False,True,0.0,0.0
gross_gain,kettle,1196,0,0,2,True,False,True,0.0,0.0
gross_gain,kettle,1197,0,0,2,True,False,True,0.0,0.0
gross_gain,kettle,1198,0,0,2,True,False,True,0.0,0.0
gross_gain,kettle,1199,0,0,2,True,False,True,0.0,0.0
gross_gain,kettle,1200,0,0,2,True,False,True,0.0,0.0
gross_gain,kettle,1201,0,0,2,True,False,True,0.0,0.0
gross_gain,kettle,1202,0,0,2,True,False,True,0.0,0.0
gross_gain,kettle,1203,0,0,2,True,False,True,0.0,0.0
gross_gain,kettle,1204,0,0,2,True,False,True,0.0,0.0
gross_gain,kettle,1205,0,0,2,True,False,True,0.0,0.0
gross_gain,kettle,1206,0,0,2,True,False,True,0.0,0.0
gross_gain,kettle,1207,0,0,2,True,False,True,0.0,0.0
gross_gain,kettle,1208,0,0,2,True,False,True,0.0,0.0
gross_gain,kettle,1209,0,0,2,True,False,True,0.0,0.0
gross_gain,kettle,1210,0,0,2,True,False,True,0.0,0.0
gross_gain,kettle,1211,0,0,2,True,False,True,0.0,0.0
gross_gain,kettle,1212,0,0,2,True,False,True,0.0,0.0
gross_gain,kettle,1213,0,0,2,True,False,True,0.0,0.0
gross_gain,kettle,1214,0,0,2,True,False,True,0.0,0.0
gross_gain,kettle,1215,0,0,2,True,False,True,0.0,0.0
gross_gain,kettle,1216,0,0,2,True,False,True,0.0,0.0
gross_gain,kettle,1217,0,0,2,True,False,True,0.0,0.0
gross_gain,kettle,1218,0,0,2,True,False,True,0.0,0.0
gross_gain,kettle,1219,0,0,2,True,False,True,0.0,0.0
gross_gain,kettle,1220,0,0,2,True,False,True,0.0,0.0
gross_gain,kettle,1221,0,0,2,True,False,True,0.0,0.0
gross_gain,kettle,1222,0,0,2,True,False,True,0.0,0.0
gross_gain,kettle,1223,0,0,2,True,False,True,0.0,0.0
gross_gain,kettle,1224,0,0,2,True,False,True,0.0,0.0
gross_gain,kettle,1225,0,0,2,True,False,True,0.0,0.0
gross_gain,kettle,1226,0,0,2,True,False,True,0.0,0.0
gross_gain,kettle,1227,0,0,2,True,False,True,0.0,0.0
gross_gain,kettle,1228,0,1,2,True,False,True,0.0,0.4858481970296904
gross_gain,kettle,1229,0,0,2,True,False,True,0.8815158779866338,0.8815158779866338
gross_gain,kettle,1233,0,0,2,True,False,True,0.6302911925981948,0.6302911925981948
gross_gain,kettle,1234,0,0,2,True,False,True,0.0,0.0
gross_gain,kettle,1235,0,0,2,True,False,True,0.0,0.0
gross_gain,kettle,1236,0,0,2,True,False,True,0.5557926308676636,0.5557926308676636
gross_gain,kettle,1237,0,0,2,True,False,True,0.5834721437154056,0.5834721437154056
gross_gain,kettle,1252,0,0,2,True,False,True,0.8123824345946231,0.8123824345946231
gross_gain,kettle,1255,0,0,2,True,False,True,0.734023195838769,0.734023195838769
gross_gain,kettle,1274,0,0,2,True,False,True,0.6530801800447622,0.6530801800447622
gross_gain,kettle,1277,0,0,2,True,False,True,0.7845409086360724,0.7845409086360724
gross_gain,kettle,1279,0,0,2,True,False,True,0.5941617900647812,0.5941617900647812
gross_gain,kettle,1280,0,0,2,True,False,True,0.5902508183608333,0.5902508183608333
gross_gain,kettle,1281,0,0,2,True,False,True,0.6484280315995905,0.6484280315995905
gross_gain,kettle,1282,0,0,2,True,False,True,0.6582731575372284,0.6582731575372284
gross_gain,kettle,1283,0,0,2,True,False,True,0.5453188835995778,0.5453188835995778
gross_gain,kettle,1284,0,0,2,True,False,True,0.5672989228236283,0.5672989228236283
gross_gain,kettle,1285,0,0,2,True,False,True,0.6253729572350442,0.6253729572350442
gross_gain,kettle,1286,0,0,2,True,False,True,0.6945197299194138,0.6945197299194138
gross_gain,kettle,1292,0,0,2,True,False,True,0.2404878364261151,0.2404878364261151
gross_gain,kettle,1293,0,0,2,True,False,True,0.0,0.0
gross_gain,kettle,1294,0,0,2,True,False,True,0.0,0.0
gross_gain,kettle,1295,0,0,2,True,False,True,0.0,0.0
gross_gain,kettle,1296,0,0,2,True,False,True,0.0,0.0
gross_gain,kettle,1297,0,0,2,True,False,True,0.0,0.0
gross_gain,kettle,1298,0,0,2,True,False,True,0.0,0.0
gross_gain,kettle,1299,0,0,2,True,False,True,0.5534764978944977,0.5534764978944977
gross_gain,kettle,1300,0,0,2,True,False,True,0.6446822336907889,0.6446822336907889
gross_gain,kettle,1301,0,0,2,True,False,True,0.6511031615556224,0.6511031615556224
gross_gain,kettle,1302,0,0,2,True,False,True,0.5138605947883013,0.5138605947883013
gross_gain,kettle,1303,0,0,2,True,False,True,0.46604964778080027,0.46604964778080027
gross_gain,kettle,1305,0,0,2,True,False,True,0.8096114554854951,0.8096114554854951
gross_gain,kettle,1319,0,0,2,True,False,True,0.6266491302480488,0.6266491302480488
gross_gain,kettle,1320,0,0,2,True,False,True,0.6241586798583408,0.6241586798583408
gross_gain,kettle,1321,0,0,2,True,False,True,0.6219123082784077,0.6219123082784077
gross_gain,kettle,1322,0,0,2,True,False,True,0.6540266610441167,0.6540266610441167
gross_gain,kettle,1323,0,0,2,True,False,True,0.5681527410716256,0.5681527410716256
gross_gain,kettle,1324,0,0,2,True,False,True,0.7977168191070124,0.7977168191070124
gross_gain,kettle,1325,0,0,2,True,False,True,0.835966116938778,0.835966116938778
gross_gain,kettle,1326,0,0,2,True,False,True,0.608510367539304,0.608510367539304
gross_gain,kettle,1347,0,0,2,True,False,True,0.6344131205167911,0.6344131205167911
gross_gain,kettle,1348,0,0,2,True,False,True,0.6965558986997586,0.6965558986997586
gross_gain,kettle,1362,0,0,2,True,False,True,0.7325944505877686,0.7325944505877686
gross_gain,kettle,1363,0,0,2,True,False,True,0.5773220375060075,0.5773220375060075
gross_gain,kettle,1366,0,0,2,True,False,True,0.5457301116445494,0.5457301116445494
gross_gain,kettle,1367,0,0,2,True,False,True,0.5794065795878596,0.5794065795878596
gross_gain,kettle,1371,0,0,2,True,False,True,0.0,0.0
gross_gain,kettle,1372,0,0,2,True,False,True,0.0,0.0
gross_gain,kettle,1373,0,0,2,True,False,True,0.0,0.0
gross_gain,kettle,1374,0,0,2,True,False,True,0.0,0.0
gross_gain,kettle,1375,0,0,2,True,False,True,0.0,0.0
gross_gain,kettle,1376,0,0,2,True,False,True,0.0,0.0
gross_gain,kettle,1377,0,0,2,True,False,True,0.0,0.0
gross_gain,kettle,1378,0,0,2,True,False,True,0.0,0.0
gross_gain,kettle,1379,0,0,2,True,False,True,0.0,0.0
gross_gain,kettle,1380,0,0,2,True,False,True,0.0,0.0
gross_gain,kettle,1381,0,0,2,True,False,True,0.0,0.0
gross_gain,kettle,1382,0,0,2,True,False,True,0.01192629801511321,0.01192629801511321
gross_gain,kettle,1383,0,0,2,True,False,True,0.3113669527667785,0.3113669527667785
gross_gain,kettle,1384,0,0,2,True,False,True,0.3857766724045594,0.3857766724045594
gross_gain,kettle,1385,0,0,2,True,False,True,0.4430737333337291,0.4430737333337291
gross_gain,kettle,1386,0,0,2,True,False,True,0.32395723019251016,0.32395723019251016
gross_gain,kettle,1389,0,0,2,True,False,True,0.3157643733730141,0.3157643733730141
gross_gain,kettle,1390,0,0,2,True,False,True,0.2762391074575089,0.2762391074575089
gross_gain,kettle,1392,0,0,2,True,False,True,0.36636323873825677,0.36636323873825677
gross_gain,kettle,1393,0,0,2,True,False,True,0.33779737988250985,0.33779737988250985
gross_gain,kettle,1394,0,0,2,True,False,True,0.2854917575620206,0.2854917575620206
gross_gain,kettle,1395,0,0,2,True,False,True,0.3146235795436104,0.3146235795436104
gross_gain,kettle,1396,0,0,2,True,False,True,0.4012862675944505,0.4012862675944505
gross_gain,kettle,1397,0,0,2,True,False,True,0.4895382539944976,0.4895382539944976
gross_gain,kettle,1407,0,0,2,True,False,True,0.6742736727292525,0.6742736727292525
gross_gain,kettle,1408,0,0,2,True,False,True,0.7522715657193554,0.7522715657193554
gross_gain,kettle,1409,0,0,2,True,False,True,0.7304518405092554,0.7304518405092554
gross_gain,kettle,1410,0,0,2,True,False,True,0.6424808759324376,0.6424808759324376
gross_gain,kettle,1411,0,0,2,True,False,True,0.6976570414142361,0.6976570414142361
gross_gain,kettle,1412,0,0,2,True,False,True,0.5576422409229783,0.5576422409229783
gross_gain,kettle,1413,0,0,2,True,False,True,0.7291910889916513,0.7291910889916513
gross_gain,kettle,1414,0,0,2,True,False,True,0.623683271888742,0.623683271888742
gross_gain,kettle,1415,0,0,2,True,False,True,0.5814044770337503,0.5814044770337503
gross_gain,kettle,1416,0,0,2,True,False,True,0.5459231307743838,0.5459231307743838
gross_gain,kettle,1417,0,0,2,True,False,True,0.5745475045707487,0.5745475045707487
gross_gain,kettle,1418,0,0,2,True,False,True,0.7937274333932332,0.7937274333932332
gross_gain,kettle,1420,0,0,2,True,False,True,0.6013711683448562,0.6013711683448562
gross_gain,kettle,1421,0,0,2,True,False,True,0.5368296086948547,0.5368296086948547
gross_gain,kettle,1422,0,0,2,True,False,True,0.5066226271362981,0.5066226271362981
gross_gain,kettle,1423,0,0,2,True,False,True,0.6440919266335101,0.6440919266335101
gross_gain,kite2,37,0,0,2,True,False,True,0.7282026952168003,0.7282026952168003
gross_gain,kite2,39,0,0,2,True,False,True,0.8064517506506105,0.8064517506506105
gross_gain,kite2,40,0,0,2,True,False,True,0.6949984769231169,0.6949984769231169
gross_gain,kite2,41,0,0,2,True,False,True,0.7102447731603594,0.7102447731603594
gross_gain,kite2,42,0,0,2,True,False,True,0.6151440220184187,0.6151440220184187
gross_gain,kite2,43,0,0,2,True,False,True,0.63167209527163,0.63167209527163
gross_gain,kite2,44,0,0,2,True,False,True,0.6252279908751974,0.6252279908751974
gross_gain,kite2,50,0,0,2,True,False,True,0.7832762497677479,0.7832762497677479
gross_gain,kite2,57,0,0,2,True,False,True,0.6332015480514784,0.6332015480514784
gross_gain,kite2,58,0,0,2,True,False,True,0.6915730158574489,0.6915730158574489
gross_gain,kite2,59,0,0,2,True,False,True,0.6931960754286114,0.6931960754286114
gross_gain,kite2,65,0,0,2,True,False,True,0.6428167311227391,0.6428167311227391
gross_gain,kite2,73,0,0,2,True,False,True,0.40445864515170704,0.40445864515170704
gross_gain,kite2,74,0,0,2,True,False,True,0.3432479661878729,0.3432479661878729
gross_gain,kite2,75,0,0,2,True,False,True,0.5295579144644984,0.5295579144644984
gross_gain,kite2,76,0,0,2,True,False,True,0.47851847215995125,0.47851847215995125
gross_gain,kite2,77,0,0,2,True,False,True,0.5861041074421472,0.5861041074421472
gross_gain,kite2,78,0,0,2,True,False,True,0.5664574139061068,0.5664574139061068
gross_gain,kite2,79,0,0,2,True,False,True,0.6211565743373898,0.6211565743373898
gross_gain,kite2,80,0,0,2,True,False,True,0.6030866998348415,0.6030866998348415
gross_gain,kite2,81,0,0,2,True,False,True,0.5228772241006521,0.5228772241006521
gross_gain,kite2,82,0,0,2,True,False,True,0.5359359662382149,0.5359359662382149
gross_gain,kite2,83,0,0,2,True,False,True,0.5790126471097946,0.5790126471097946
gross_gain,kite2,84,0,0,2,True,False,True,0.6314550801652488,0.6314550801652488
gross_gain,kite2,93,0,0,2,True,False,True,0.5936332728347437,0.5936332728347437
gross_gain,kite2,94,0,0,2,True,False,True,0.5229569281979968,0.5229569281979968
gross_gain,kite2,95,0,0,2,True,False,True,0.5425617683265904,0.5425617683265904
gross_gain,kite2,97,0,0,2,True,False,True,0.5402195589230955,0.5402195589230955
gross_gain,kite2,98,0,0,2,True,False,True,0.6045274509060728,0.6045274509060728
gross_gain,kite2,99,0,0,2,True,False,True,0.49199651102484854,0.49199651102484854
gross_gain,kite2,100,0,0,2,True,False,True,0.6271392430240518,0.6271392430240518
gross_gain,kite2,101,0,0,2,True,False,True,0.6081937397474872,0.6081937397474872
gross_gain,kite2,102,0,0,2,True,False,True,0.6252365967216172,0.6252365967216172
gross_gain,kite2,103,0,0,2,True,False,True,0.6407296163686145,0.6407296163686145
gross_gain,kite2,104,0,0,2,True,False,True,0.5356151543432317,0.5356151543432317
gross_gain,kite2,105,0,0,2,True,False,True,0.6104607537117227,0.6104607537117227
gross_gain,kite2,106,0,0,2,True,False,True,0.6433328760452831,0.6433328760452831
gross_gain,kite2,108,0,0,2,True,False,True,0.6924052014288969,0.6924052014288969
gross_gain,kite2,109,0,0,2,True,False,True,0.5131869482150633,0.5131869482150633
gross_gain,kite2,111,0,0,2,True,False,True,0.6540816493286644,0.6540816493286644
gross_gain,kite2,115,0,0,2,True,False,True,0.6672477804066433,0.6672477804066433
gross_gain,kite2,116,0,0,2,True,False,True,0.556627549847538,0.556627549847538
gross_gain,kite2,117,0,0,2,True,False,True,0.5763205204155833,0.5763205204155833
gross_gain,kite2,119,0,0,2,True,False,True,0.4810606747518313,0.4810606747518313
gross_gain,kite2,120,0,0,2,True,False,True,0.4337876552242759,0.4337876552242759
gross_gain,kite2,122,0,0,2,True,False,True,0.44695436098768376,0.44695436098768376
gross_gain,kite2,123,0,0,2,True,False,True,0.5340003282739688,0.5340003282739688
gross_gain,kite2,124,0,0,2,True,False,True,0.552102512368284,0.552102512368284
gross_gain,kite2,126,0,0,2,True,False,True,0.4144643096658192,0.4144643096658192
gross_gain,kite2,142,0,0,2,True,False,True,0.6663686991453376,0.6663686991453376
gross_gain,kite2,143,0,0,2,True,False,True,0.45232127839114916,0.45232127839114916
gross_gain,kite2,144,0,0,2,True,False,True,0.6437946065332135,0.6437946065332135
gross_gain,kite2,145,0,0,2,True,False,True,0.5828339499112225,0.5828339499112225
gross_gain,kite2,146,0,0,2,True,False,True,0.7020291214037105,0.7020291214037105
gross_gain,kite2,147,0,0,2,True,False,True,0.5943842879716069,0.5943842879716069
gross_gain,kite2,148,0,0,2,True,False,True,0.659307866813227,0.659307866813227
gross_gain,kite2,149,0,0,2,True,False,True,0.5311820376323436,0.5311820376323436
gross_gain,kite2,150,0,0,2,True,False,True,0.5650386355123488,0.5650386355123488
gross_gain,kite2,151,0,0,2,True,False,True,0.739130638213,0.739130638213
gross_gain,kite2,152,0,0,2,True,False,True,0.6871495155107482,0.6871495155107482
gross_gain,kite2,153,0,0,2,True,False,True,0.4380325158597877,0.4380325158597877
gross_gain,kite2,154,0,0,2,True,False,True,0.7117962562446898,0.7117962562446898
gross_gain,kite2,155,0,0,2,True,False,True,0.6513334757626299,0.6513334757626299
gross_gain,kite2,156,0,0,2,True,False,True,0.5818451574671728,0.5818451574671728
gross_gain,kite2,157,0,0,2,True,False,True,0.6535936840189321,0.6535936840189321
gross_gain,kite2,158,0,0,2,True,False,True,0.5277380794341645,0.5277380794341645
gross_gain,kite2,159,0,0,2,True,False,True,0.6454622748822586,0.6454622748822586
gross_gain,kite2,160,0,0,2,True,False,True,0.5925046018266692,0.5925046018266692
gross_gain,kite2,161,0,0,2,True,False,True,0.5791427235575931,0.5791427235575931
gross_gain,kite2,162,0,0,2,True,False,True,0.5117548828545102,0.5117548828545102
gross_gain,kite2,164,0,0,2,True,False,True,0.47192763140971833,0.47192763140971833
gross_gain,kite2,165,0,0,2,True,False,True,0.4028255422206132,0.4028255422206132
gross_gain,kite2,166,0,1,2,True,False,True,0.3338440760909715,0.0
gross_gain,kite2,167,0,0,2,True,False,True,0.0,0.0
gross_gain,kite2,168,0,0,2,True,False,True,0.0,0.0
gross_gain,kite2,169,0,0,2,True,False,True,0.0,0.0
gross_gain,kite2,170,0,1,2,True,False,True,0.0,0.6779146012910715
gross_gain,kite2,171,0,0,2,True,False,True,0.31707237905225166,0.31707237905225166
gross_gain,kite2,172,0,0,2,True,False,True,0.18990608003749948,0.18990608003749948
gross_gain,kite2,173,0,0,2,True,False,True,0.027208930555075807,0.027208930555075807
gross_gain,kite2,174,0,0,2,True,False,True,0.034743461706794,0.034743461706794
gross_gain,kite2,175,0,0,2,True,False,True,0.07230314117641978,0.07230314117641978
gross_gain,kite2,176,0,0,2,True,False,True,0.034635275212791534,0.034635275212791534
gross_gain,kite2,177,0,0,2,True,False,True,0.0,0.0
gross_gain,kite2,178,0,0,2,True,False,True,0.0,0.0
gross_gain,kite2,179,0,0,2,True,False,True,0.0,0.0
gross_gain,kite2,180,0,0,2,True,False,True,0.0,0.0
gross_gain,kite2,181,0,0,2,True,False,True,0.0,0.0
gross_gain,kite2,182,0,0,2,True,False,True,0.0,0.0
gross_gain,kite2,183,0,0,2,True,False,True,0.0,0.0
gross_gain,kite2,184,0,0,2,True,False,True,0.0,0.0
gross_gain,kite2,185,0,0,2,True,False,True,0.0,0.0
gross_gain,kite2,186,0,0,2,True,False,True,0.0,0.0
gross_gain,kite2,187,0,0,2,True,False,True,0.0,0.0
gross_gain,kite2,188,0,0,2,True,False,True,0.0,0.0
gross_gain,kite2,189,0,0,2,True,False,True,0.0,0.0
gross_gain,kite2,190,0,0,2,True,False,True,0.0,0.0
gross_gain,kite2,191,0,0,2,True,False,True,0.0,0.0
gross_gain,kite2,192,0,0,2,True,False,True,0.0,0.0
gross_gain,kite2,193,0,0,2,True,False,True,0.0,0.0
gross_gain,kite2,194,0,0,2,True,False,True,0.0,0.0
gross_gain,kite2,195,0,0,2,True,False,True,0.0,0.0
gross_gain,kite2,196,0,0,2,True,False,True,0.0,0.0
gross_gain,kite2,197,0,0,2,True,False,True,0.0,0.0
gross_gain,kite2,198,0,0,2,True,False,True,0.0,0.0
gross_gain,kite2,199,0,0,2,True,False,True,0.0,0.0
gross_gain,kite2,200,0,0,2,True,False,True,0.0,0.0
gross_gain,kite2,201,0,0,2,True,False,True,0.0,0.0
gross_gain,kite2,202,0,0,2,True,False,True,0.0,0.0
gross_gain,kite2,203,0,0,2,True,False,True,0.0,0.0
gross_gain,kite2,204,0,0,2,True,False,True,0.0,0.0
gross_gain,kite2,205,0,0,2,True,False,True,0.0,0.0
gross_gain,kite2,206,0,0,2,True,False,True,0.0,0.0
gross_gain,kite2,207,0,0,2,True,False,True,0.0,0.0
gross_gain,kite2,208,0,0,2,True,False,True,0.0,0.0
gross_gain,kite2,209,0,0,2,True,False,True,0.0,0.0
gross_gain,kite2,210,0,0,2,True,False,True,0.0,0.0
gross_gain,kite2,211,0,0,2,True,False,True,0.0,0.0
gross_gain,kite2,212,0,0,2,True,False,True,0.0,0.0
gross_gain,kite2,213,0,0,2,True,False,True,0.0,0.0
gross_gain,kite2,214,0,0,2,True,False,True,0.0,0.0
gross_gain,kite2,215,0,0,2,True,False,True,0.0,0.0
gross_gain,kite2,216,0,0,2,True,False,True,0.0,0.0
gross_gain,kite2,217,0,0,2,True,False,True,0.0,0.0
gross_gain,kite2,218,0,0,2,True,False,True,0.0,0.0
gross_gain,kite2,219,0,0,2,True,False,True,0.0,0.0
gross_gain,kite2,220,0,0,2,True,False,True,0.0,0.0
gross_gain,kite2,221,0,0,2,True,False,True,0.0,0.0
gross_gain,kite2,222,0,0,2,True,False,True,0.0,0.0
gross_gain,kite2,223,0,0,2,True,False,True,0.0,0.0
gross_gain,kite2,224,0,0,2,True,False,True,0.0,0.0
gross_gain,kite2,226,0,0,2,True,False,True,0.0,0.0
gross_gain,kite2,227,0,0,2,True,False,True,0.0,0.0
gross_gain,kite2,228,0,0,2,True,False,True,0.0,0.0
gross_gain,kite2,229,0,0,2,True,False,True,0.0,0.0
gross_gain,kite2,230,0,0,2,True,False,True,0.0,0.0
gross_gain,kite2,231,0,0,2,True,False,True,0.0,0.0
gross_gain,kite2,232,0,0,2,True,False,True,0.0,0.0
gross_gain,kite2,233,0,0,2,True,False,True,0.0,0.0
gross_gain,kite2,234,0,0,2,True,False,True,0.0,0.0
gross_gain,kite2,235,0,0,2,True,False,True,0.0,0.0
gross_gain,kite2,236,0,0,2,True,False,True,0.0,0.0
gross_gain,kite2,237,0,0,2,True,False,True,0.0,0.0
gross_gain,kite2,238,0,0,2,True,False,True,0.0,0.0
gross_gain,kite2,239,0,0,2,True,False,True,0.0,0.0
gross_gain,kite2,240,0,0,2,True,False,True,0.0,0.0
gross_gain,kite2,241,0,0,2,True,False,True,0.0,0.0
gross_gain,kite2,242,0,0,2,True,False,True,0.0,0.0
gross_gain,kite2,243,0,0,2,True,False,True,0.0,0.0
gross_gain,kite2,244,0,0,2,True,False,True,0.0,0.0
gross_gain,kite2,245,0,0,2,True,False,True,0.0,0.0
gross_gain,kite2,246,0,0,2,True,False,True,0.0,0.0
gross_gain,kite2,247,0,0,2,True,False,True,0.0,0.0
gross_gain,kite2,248,0,0,2,True,False,True,0.0,0.0
gross_gain,kite2,249,0,0,2,True,False,True,0.0,0.0
gross_gain,kite2,250,0,0,2,True,False,True,0.0,0.0
gross_gain,kite2,251,0,0,2,True,False,True,0.0,0.0
gross_gain,kite2,252,0,0,2,True,False,True,0.0,0.0
gross_gain,kite2,253,0,0,2,True,False,True,0.0,0.0
gross_gain,kite2,254,0,0,2,True,False,True,0.0,0.0
gross_gain,kite2,255,0,0,2,True,False,True,0.0,0.0
gross_gain,kite2,256,0,0,2,True,False,True,0.0,0.0
gross_gain,kite2,257,0,0,2,True,False,True,0.0,0.0
gross_gain,kite2,258,0,0,2,True,False,True,0.0,0.0
gross_gain,kite2,259,0,0,2,True,False,True,0.0,0.0
gross_gain,kite2,260,0,0,2,True,False,True,0.0,0.0
gross_gain,kite2,261,0,0,2,True,False,True,0.0,0.0
gross_gain,kite2,262,0,0,2,True,False,True,0.0,0.0
gross_gain,kite2,263,0,0,2,True,False,True,0.0,0.0
gross_gain,kite2,264,0,0,2,True,False,True,0.0,0.0
gross_gain,kite2,265,0,0,2,True,False,True,0.0,0.0
gross_gain,kite2,266,0,0,2,True,False,True,0.0,0.0
gross_gain,kite2,267,0,0,2,True,False,True,0.0,0.0
gross_gain,kite2,268,0,0,2,True,False,True,0.0,0.0
gross_gain,kite2,269,0,0,2,True,False,True,0.0,0.0
gross_gain,kite2,270,0,0,2,True,False,True,0.0,0.0
gross_gain,kite2,271,0,0,2,True,False,True,0.0,0.0
gross_gain,kite2,272,0,0,2,True,False,True,0.0,0.0
gross_gain,kite2,273,0,0,2,True,False,True,0.0,0.0
gross_gain,kite2,274,0,0,2,True,False,True,0.0,0.0
gross_gain,kite2,275,0,0,2,True,False,True,0.0,0.0
gross_gain,kite2,276,0,0,2,True,False,True,0.0,0.0
gross_gain,kite2,277,0,0,2,True,False,True,0.0,0.0
gross_gain,kite2,278,0,0,2,True,False,True,0.0,0.0
gross_gain,kite2,279,0,0,2,True,False,True,0.0,0.0
gross_gain,kite2,280,0,0,2,True,False,True,0.0,0.0
gross_gain,kite2,281,0,0,2,True,False,True,0.0,0.0
gross_gain,kite2,282,0,0,2,True,False,True,0.0,0.0
gross_gain,kite2,283,0,0,2,True,False,True,0.0,0.0
gross_gain,kite2,284,0,0,2,True,False,True,0.0,0.0
gross_gain,kite2,285,0,0,2,True,False,True,0.0,0.0
gross_gain,kite2,286,0,0,2,True,False,True,0.0,0.0
gross_gain,kite2,287,0,0,2,True,False,True,0.0,0.0
gross_gain,kite2,288,0,0,2,True,False,True,0.0,0.0
gross_gain,kite2,289,0,0,2,True,False,True,0.0,0.0
gross_gain,kite2,290,0,0,2,True,False,True,0.0,0.0
gross_gain,kite2,291,0,0,2,True,False,True,0.0,0.0
gross_gain,kite2,292,0,0,2,True,False,True,0.0,0.0
gross_gain,kite2,293,0,0,2,True,False,True,0.0,0.0
gross_gain,kite2,294,0,0,2,True,False,True,0.0,0.0
gross_gain,kite2,295,0,0,2,True,False,True,0.0,0.0
gross_gain,kite2,296,0,0,2,True,False,True,0.0,0.0
gross_gain,kite2,297,0,0,2,True,False,True,0.0,0.0
gross_gain,kite2,298,0,0,2,True,False,True,0.0,0.0
gross_gain,kite2,299,0,0,2,True,False,True,0.0,0.0
gross_gain,kite2,300,0,0,2,True,False,True,0.0,0.0
gross_gain,kite2,301,0,0,2,True,False,True,0.0,0.0
gross_gain,kite2,302,0,0,2,True,False,True,0.0,0.0
gross_gain,kite2,303,0,0,2,True,False,True,0.0,0.0
gross_gain,kite2,304,0,0,2,True,False,True,0.0,0.0
gross_gain,kite2,305,0,0,2,True,False,True,0.0,0.0
gross_gain,kite2,306,0,0,2,True,False,True,0.0,0.0
gross_gain,kite2,307,0,0,2,True,False,True,0.0,0.0
gross_gain,kite2,308,0,0,2,True,False,True,0.0,0.0
gross_gain,kite2,309,0,0,2,True,False,True,0.0,0.0
gross_gain,kite2,310,0,0,2,True,False,True,0.0,0.0
gross_gain,kite2,311,0,0,2,True,False,True,0.0,0.0
gross_gain,kite2,312,0,0,2,True,False,True,0.0,0.0
gross_gain,kite2,313,0,0,2,True,False,True,0.0,0.0
gross_gain,kite2,314,0,0,2,True,False,True,0.0,0.0
gross_gain,kite2,315,0,0,2,True,False,True,0.0,0.0
gross_gain,kite2,316,0,0,2,True,False,True,0.0,0.0
gross_gain,kite2,317,0,0,2,True,False,True,0.0,0.0
gross_gain,kite2,318,0,0,2,True,False,True,0.0,0.0
gross_gain,kite2,319,0,0,2,True,False,True,0.0,0.0
gross_gain,kite2,320,0,0,2,True,False,True,0.0,0.0
gross_gain,kite2,321,0,0,2,True,False,True,0.0,0.0
gross_gain,kite2,322,0,0,2,True,False,True,0.0,0.0
gross_gain,kite2,323,0,0,2,True,False,True,0.0,0.0
gross_gain,kite2,324,0,0,2,True,False,True,0.0,0.0
gross_gain,kite2,325,0,0,2,True,False,True,0.0,0.0
gross_gain,kite2,326,0,0,2,True,False,True,0.0,0.0
gross_gain,kite2,327,0,0,2,True,False,True,0.0,0.0
gross_gain,kite2,328,0,0,2,True,False,True,0.0,0.0
gross_gain,kite2,329,0,0,2,True,False,True,0.0,0.0
gross_gain,kite2,330,0,0,2,True,False,True,0.0,0.0
gross_gain,kite2,331,0,0,2,True,False,True,0.0,0.0
gross_gain,kite2,332,0,0,2,True,False,True,0.0,0.0
gross_gain,kite2,333,0,0,2,True,False,True,0.0,0.0
gross_gain,kite2,334,0,0,2,True,False,True,0.0,0.0
gross_gain,kite2,335,0,0,2,True,False,True,0.0,0.0
gross_gain,kite2,336,0,0,2,True,False,True,0.0,0.0
gross_gain,kite2,337,0,0,2,True,False,True,0.0,0.0
gross_gain,kite2,338,0,0,2,True,False,True,0.0,0.0
gross_gain,kite2,339,0,0,2,True,False,True,0.0,0.0
gross_gain,kite2,340,0,0,2,True,False,True,0.0,0.0
gross_gain,kite2,341,0,1,2,True,False,True,0.0,0.21135350261397096
gross_gain,kite2,342,0,0,2,True,False,True,0.30738026475708996,0.30738026475708996
gross_gain,kite2,343,0,0,2,True,False,True,0.3930542414427216,0.3930542414427216
gross_gain,kite2,354,0,0,2,True,False,True,0.7784824654251631,0.7784824654251631
gross_gain,kite2,427,0,0,2,True,False,True,0.812214896569713,0.812214896569713
gross_gain,kite2,449,0,0,2,True,False,True,0.4509452806327312,0.4509452806327312
gross_gain,kite2,450,0,0,2,True,False,True,0.5662771600682697,0.5662771600682697
gross_gain,kite2,452,0,0,2,True,False,True,0.6034730621302745,0.6034730621302745
gross_gain,kite2,455,0,0,2,True,False,True,0.4510032613980164,0.4510032613980164
gross_gain,kite2,463,0,0,2,True,False,True,0.6954170936488285,0.6954170936488285
gross_gain,kite2,532,0,0,2,True,False,True,0.5228981986491091,0.5228981986491091
gross_gain,kite2,564,0,0,2,True,False,True,0.7626181110209378,0.7626181110209378
gross_gain,kite2,565,0,0,2,True,False,True,0.548746288728252,0.548746288728252
gross_gain,kite2,566,0,0,2,True,False,True,0.5349990071246163,0.5349990071246163
gross_gain,kite2,567,0,0,2,True,False,True,0.7850079036769804,0.7850079036769804
gross_gain,kite2,598,0,0,2,True,False,True,0.7288144237650733,0.7288144237650733
gross_gain,kite2,599,0,0,2,True,False,True,0.7588167882246439,0.7588167882246439
gross_gain,kite2,601,0,0,2,True,False,True,0.8443790802462894,0.8443790802462894
gross_gain,kite2,686,0,0,2,True,False,True,0.5152553413343756,0.5152553413343756
gross_gain,kite2,703,0,0,2,True,False,True,0.5655667689633314,0.5655667689633314
gross_gain,kite2,715,0,0,2,True,False,True,0.590216843785996,0.590216843785996
gross_gain,kite2,722,0,0,2,True,False,True,0.7007657568001032,0.7007657568001032
gross_gain,kite2,723,0,0,2,True,False,True,0.8688549966403123,0.8688549966403123
gross_gain,kite2,726,0,0,2,True,False,True,0.6815184945716294,0.6815184945716294
gross_gain,kite2,731,0,0,2,True,False,True,0.8175540997181473,0.8175540997181473
gross_gain,kite2,751,0,0,2,True,False,True,0.5085154532884453,0.5085154532884453
gross_gain,kite2,753,0,0,2,True,False,True,0.5320065294283293,0.5320065294283293
gross_gain,kite2,754,0,0,2,True,False,True,0.48327232394408415,0.48327232394408415
gross_gain,kite2,757,0,0,2,True,False,True,0.7067486329592974,0.7067486329592974
gross_gain,kite2,764,0,0,2,True,False,True,0.656379509557698,0.656379509557698
gross_gain,kite2,769,0,0,2,True,False,True,0.7390127642843594,0.7390127642843594
gross_gain,kite2,772,0,0,2,True,False,True,0.642557351676427,0.642557351676427
gross_gain,kite2,773,0,0,2,True,False,True,0.7228559185642967,0.7228559185642967
gross_gain,kite2,795,0,0,2,True,False,True,0.483192831512559,0.483192831512559
gross_gain,kite2,796,0,0,2,True,False,True,0.589750869683602,0.589750869683602
gross_gain,kite2,797,0,0,2,True,False,True,0.538475860697216,0.538475860697216
gross_gain,kite2,855,0,0,2,True,False,True,0.5333425961615718,0.5333425961615718
gross_gain,kite2,856,0,0,2,True,False,True,0.6625782682040262,0.6625782682040262
gross_gain,kite2,858,0,0,2,True,False,True,0.5720089662557215,0.5720089662557215
gross_gain,kite2,892,0,0,2,True,False,True,0.4861019168961428,0.4861019168961428
gross_gain,kite2,936,0,0,2,True,False,True,0.546002587645846,0.546002587645846
gross_gain,kite2,955,0,0,2,True,False,True,0.4714634921279804,0.4714634921279804
gross_gain,kite2,1030,0,0,2,True,False,True,0.4328577054761649,0.4328577054761649
gross_gain,kite2,1031,0,0,2,True,False,True,0.5608402447867377,0.5608402447867377
gross_gain,kite2,1035,0,0,2,True,False,True,0.5139619615802213,0.5139619615802213
gross_gain,kite2,1085,0,0,2,True,False,True,0.6180417329496248,0.6180417329496248
gross_gain,kite2,1103,0,0,2,True,False,True,0.7465196430945079,0.7465196430945079
gross_gain,kite2,1116,0,0,2,True,False,True,0.6090080194792952,0.6090080194792952
gross_gain,kite2,1135,0,0,2,True,False,True,0.5577696542926602,0.5577696542926602
gross_gain,kite2,1356,0,0,2,True,False,True,0.6343760494891104,0.6343760494891104
gross_gain,kite2,1387,0,0,2,True,False,True,0.4898215969752697,0.4898215969752697
gross_gain,kite2,1388,0,0,2,True,False,True,0.49552450823502625,0.49552450823502625
gross_gain,kite2,1389,0,0,2,True,False,True,0.41496894921257904,0.41496894921257904
gross_gain,kite2,1398,0,0,2,True,False,True,0.4451515033645243,0.4451515033645243
gross_gain,kite2,1399,0,0,2,True,False,True,0.48639273380771875,0.48639273380771875
gross_gain,kite2,1401,0,0,2,True,False,True,0.5938100725509771,0.5938100725509771
gross_gain,kite2,1442,0,0,2,True,False,True,0.5248763524498329,0.5248763524498329
gross_gain,kite2,1464,0,0,2,True,False,True,0.4501703126012105,0.4501703126012105
gross_gain,kite2,1468,0,0,2,True,False,True,0.41834915222623464,0.41834915222623464
gross_gain,kite2,1480,0,0,2,True,False,True,0.40730732331032876,0.40730732331032876
gross_gain,kite2,1485,0,0,2,True,False,True,0.4022265389278535,0.4022265389278535
gross_gain,kite2,1535,0,0,2,True,False,True,0.3581334525159734,0.3581334525159734
gross_gain,kite2,1539,0,0,2,True,False,True,0.39974819598680267,0.39974819598680267
gross_gain,kite2,1548,0,0,2,True,False,True,0.36873483172523114,0.36873483172523114
gross_gain,kite2,1556,0,0,2,True,False,True,0.3713699267467958,0.3713699267467958
gross_gain,kite2,1558,0,0,2,True,False,True,0.4858335778628971,0.4858335778628971
gross_gain,kite2,1559,0,0,2,True,False,True,0.7153797962897498,0.7153797962897498
gross_gain,kite2,1561,0,0,2,True,False,True,0.6829046243199273,0.6829046243199273
gross_gain,kite2,1588,0,0,2,True,False,True,0.7883388541353322,0.7883388541353322
gross_gain,kite2,1589,0,0,2,True,False,True,0.7460795461419231,0.7460795461419231
gross_gain,kite2,1590,0,0,2,True,False,True,0.6656770372323958,0.6656770372323958
gross_gain,kite2,1591,0,0,2,True,False,True,0.6228829065583176,0.6228829065583176
gross_gain,kite2,1592,0,0,2,True,False,True,0.5516862675267001,0.5516862675267001
gross_gain,kite2,1593,0,0,2,True,False,True,0.47050431824948946,0.47050431824948946
gross_gain,kite2,1594,0,0,2,True,False,True,0.4497077626550297,0.4497077626550297
gross_gain,kite2,1595,0,0,2,True,False,True,0.37228703174016764,0.37228703174016764
gross_gain,kite2,1596,0,0,2,True,False,True,0.1752019290836771,0.1752019290836771
gross_gain,kite2,1597,0,0,2,True,False,True,0.21868753427189588,0.21868753427189588
gross_gain,kite2,1598,0,0,2,True,False,True,0.13492550380451157,0.13492550380451157
gross_gain,kite2,1599,0,0,2,True,False,True,0.204135664963097,0.204135664963097
gross_gain,kite2,1600,0,0,2,True,False,True,0.36435571860829696,0.36435571860829696
gross_gain,kite2,1601,0,0,2,True,False,True,0.32664468486598347,0.32664468486598347
gross_gain,kite2,1602,0,0,2,True,False,True,0.4188261595130787,0.4188261595130787
gross_gain,kite2,1603,0,0,2,True,False,True,0.33294812614892605,0.33294812614892605
gross_gain,kite2,1604,0,0,2,True,False,True,0.1272233106849668,0.1272233106849668
gross_gain,kite2,1605,0,1,2,True,False,True,0.12464477095818961,0.0
gross_gain,kite2,1606,0,0,2,True,False,True,0.0,0.0
gross_gain,kite2,1607,0,0,2,True,False,True,0.0,0.0
gross_gain,kite2,1608,0,0,2,True,False,True,0.0,0.0
gross_gain,kite2,1609,0,0,2,True,False,True,0.0,0.0
gross_gain,kite2,1610,0,1,2,True,False,True,0.0,0.0
gross_gain,kite2,1612,0,0,2,True,False,True,0.0,0.0
gross_gain,kite2,1613,0,0,2,True,False,True,0.0,0.0
gross_gain,kite2,1614,0,1,2,True,False,True,0.0,0.0
gross_gain,kite2,1615,0,0,2,True,False,True,0.0,0.0
gross_gain,kite2,1616,0,1,2,True,False,True,0.0,0.0
gross_gain,kite2,1617,0,0,2,True,False,True,0.0,0.0
gross_gain,kite2,1618,0,0,2,True,False,True,0.0,0.0
gross_gain,kite2,1619,0,0,2,True,False,True,0.0,0.0
gross_gain,kite2,1620,0,0,2,True,False,True,0.0,0.0
gross_gain,kite2,1621,0,0,2,True,False,True,0.0,0.0
gross_gain,kite2,1622,0,1,2,True,False,True,0.0,0.0
gross_gain,kite4,96,0,0,2,True,False,True,0.660646666721212,0.660646666721212
gross_gain,kite4,97,0,0,2,True,False,True,0.6359751601250094,0.6359751601250094
gross_gain,kite4,98,0,0,2,True,False,True,0.7998527985479111,0.7998527985479111
gross_gain,kite4,100,0,0,2,True,False,True,0.8507245019319818,0.8507245019319818
gross_gain,kite4,102,0,0,2,True,False,True,0.8281530803225345,0.8281530803225345
gross_gain,kite4,288,0,0,2,True,False,True,0.6218608000982662,0.6218608000982662
gross_gain,kite4,907,0,0,2,True,False,True,0.6010046304230189,0.6010046304230189
gross_gain,kite4,936,0,0,2,True,False,True,0.5242164612634345,0.5242164612634345
gross_gain,kite4,937,0,0,2,True,False,True,0.634368067623391,0.634368067623391
gross_gain,kite4,938,0,0,2,True,False,True,0.47560746430105383,0.47560746430105383
gross_gain,kite4,1064,0,0,2,True,False,True,0.7040530253640535,0.7040530253640535
gross_gain,kite4,1091,0,0,2,True,False,True,0.5386744728000975,0.5386744728000975
gross_gain,luggage,351,0,0,2,True,False,True,0.6890240970895943,0.6890240970895943
gross_gain,luggage,363,0,0,2,True,False,True,0.7348685815185004,0.7348685815185004
gross_gain,luggage,365,0,0,2,True,False,True,0.7523325641009946,0.7523325641009946
gross_gain,man2,38,0,0,0,False,True,True,0.9243615899522406,0.9243615899522406
gross_gain,man2,43,0,0,0,False,True,True,0.8845190715585988,0.8845190715585988
gross_gain,man2,44,0,0,0,False,True,True,0.9362747440145008,0.9362747440145008
gross_gain,man2,57,0,0,0,False,True,True,0.8830017485760658,0.8830017485760658
gross_gain,man2,94,0,0,0,False,True,True,0.8637684077536533,0.8637684077536533
gross_gain,man2,95,0,0,0,False,True,True,0.8810174255712783,0.8810174255712783
gross_gain,man2,96,0,0,0,False,True,True,0.9046529414383028,0.9046529414383028
gross_gain,man2,97,0,0,0,False,True,True,0.9007092730447325,0.9007092730447325
gross_gain,man2,98,0,0,0,False,True,True,0.9153491588576644,0.9153491588576644
gross_gain,man2,99,0,0,0,False,True,True,0.906515826692976,0.906515826692976
gross_gain,man2,101,0,0,0,False,True,True,0.8028729486081031,0.8028729486081031
gross_gain,man2,102,0,0,0,False,True,True,0.8278172073980772,0.8278172073980772
gross_gain,man2,104,0,0,0,False,True,True,0.8261260692931236,0.8261260692931236
gross_gain,man2,108,0,0,0,False,True,True,0.8224471592640081,0.8224471592640081
gross_gain,man2,111,0,0,0,False,True,True,0.7981597897433653,0.7981597897433653
gross_gain,man2,112,0,0,0,False,True,True,0.8066865377441245,0.8066865377441245
gross_gain,man2,113,0,0,0,False,True,True,0.8104052893706934,0.8104052893706934
gross_gain,man2,114,0,0,0,False,True,True,0.8168817031697164,0.8168817031697164
gross_gain,man2,115,0,0,0,False,True,True,0.8198690908934236,0.8198690908934236
gross_gain,man2,116,0,0,0,False,True,True,0.8262337937437447,0.8262337937437447
gross_gain,man2,117,0,0,0,False,True,True,0.8543255964385159,0.8543255964385159
gross_gain,man2,118,0,0,0,False,True,True,0.8445893783473782,0.8445893783473782
gross_gain,man2,119,0,0,0,False,True,True,0.8713393682932922,0.8713393682932922
gross_gain,man2,120,0,0,0,False,True,True,0.8748753325736885,0.8748753325736885
gross_gain,man2,121,0,0,0,False,True,True,0.8966750929766696,0.8966750929766696
gross_gain,man2,123,0,0,0,False,True,True,0.8875911640169992,0.8875911640169992
gross_gain,man2,124,0,0,0,False,True,True,0.8656748107957576,0.8656748107957576
gross_gain,man2,125,0,0,0,False,True,True,0.8627113302021586,0.8627113302021586
gross_gain,man2,126,0,0,0,False,True,True,0.8721108334671472,0.8721108334671472
gross_gain,man2,127,0,0,0,False,True,True,0.8643375155726595,0.8643375155726595
gross_gain,man2,128,0,0,0,False,True,True,0.842177535149125,0.842177535149125
gross_gain,man2,131,0,0,0,False,True,True,0.8114002826854954,0.8114002826854954
gross_gain,man2,132,0,0,0,False,True,True,0.8373607387822215,0.8373607387822215
gross_gain,man2,133,0,0,0,False,True,True,0.8072227815058667,0.8072227815058667
gross_gain,man2,134,0,0,0,False,True,True,0.8073537772574361,0.8073537772574361
gross_gain,man2,135,0,0,0,False,True,True,0.7751841460421219,0.7751841460421219
gross_gain,man2,136,0,0,0,False,True,True,0.7143383879742867,0.7143383879742867
gross_gain,man2,137,0,0,0,False,True,True,0.7239622930793203,0.7239622930793203
gross_gain,man2,147,0,0,0,False,True,True,0.7704389478435797,0.7704389478435797
gross_gain,man2,181,0,0,0,False,True,True,0.8722060849930062,0.8722060849930062
gross_gain,man2,182,0,0,0,False,True,True,0.8751877771958676,0.8751877771958676
gross_gain,man2,183,0,0,0,False,True,True,0.883163699282707,0.883163699282707
gross_gain,man2,184,0,0,0,False,True,True,0.8724249740858279,0.8724249740858279
gross_gain,man2,185,0,0,0,False,True,True,0.8753492433514558,0.8753492433514558
gross_gain,man2,206,0,0,0,False,True,True,0.7567241346905066,0.7567241346905066
gross_gain,man2,207,0,0,0,False,True,True,0.7981801199693415,0.7981801199693415
gross_gain,man2,208,0,0,0,False,True,True,0.756248523063641,0.756248523063641
gross_gain,man2,209,0,0,0,False,True,True,0.7863768840809815,0.7863768840809815
gross_gain,man2,210,0,0,0,False,True,True,0.7496003341316105,0.7496003341316105
gross_gain,man2,211,0,0,0,False,True,True,0.7576300083102102,0.7576300083102102
gross_gain,man2,212,0,0,0,False,True,True,0.7883405334070094,0.7883405334070094
gross_gain,man2,213,0,0,0,False,True,True,0.7673617251543379,0.7673617251543379
gross_gain,man2,219,0,0,0,False,True,True,0.7429439502982973,0.7429439502982973
gross_gain,man2,223,0,0,0,False,True,True,0.7202119924396785,0.7202119924396785
gross_gain,man2,232,0,0,0,False,True,True,0.7773028932751957,0.7773028932751957
gross_gain,man2,237,0,0,0,False,True,True,0.8287242584451002,0.8287242584451002
gross_gain,man2,246,0,0,0,False,True,True,0.7408446740646181,0.7408446740646181
gross_gain,man2,247,0,0,0,False,True,True,0.7258586994153396,0.7258586994153396
gross_gain,man2,254,0,0,0,False,True,True,0.725599776927237,0.725599776927237
gross_gain,man2,256,0,0,0,False,True,True,0.780580689011398,0.780580689011398
gross_gain,man2,258,0,0,0,False,True,True,0.7710694032690388,0.7710694032690388
gross_gain,man2,263,0,0,0,False,True,True,0.7579206389729035,0.7579206389729035
gross_gain,man2,265,0,0,0,False,True,True,0.7288249058348248,0.7288249058348248
gross_gain,man2,266,0,0,0,False,True,True,0.7122884990478678,0.7122884990478678
gross_gain,man2,267,0,0,0,False,True,True,0.7258529084064874,0.7258529084064874
gross_gain,man2,268,0,0,0,False,True,True,0.6646485338431412,0.6646485338431412
gross_gain,man2,285,0,0,0,False,True,True,0.7936859506604172,0.7936859506604172
gross_gain,man2,286,0,0,0,False,True,True,0.8183782595229525,0.8183782595229525
gross_gain,man2,287,0,0,0,False,True,True,0.8003528878444504,0.8003528878444504
gross_gain,man22,85,0,0,2,True,False,True,0.7697636841008758,0.7697636841008758
gross_gain,man22,86,0,0,2,True,False,True,0.7399661008162158,0.7399661008162158
gross_gain,man22,88,0,0,2,True,False,True,0.6906639045248502,0.6906639045248502
gross_gain,man22,89,0,0,2,True,False,True,0.8992742071684591,0.8992742071684591
gross_gain,man22,90,0,0,2,True,False,True,0.7226290937872647,0.7226290937872647
gross_gain,man22,91,0,0,2,True,False,True,0.021863156835260716,0.021863156835260716
gross_gain,man22,94,0,0,2,True,False,True,0.0,0.0
gross_gain,man22,98,0,0,2,True,False,True,0.0,0.0
gross_gain,man22,99,0,0,2,True,False,True,0.0,0.0
gross_gain,man22,100,0,0,2,True,False,True,0.0,0.0
gross_gain,man22,101,0,0,2,True,False,True,0.0,0.0
gross_gain,man22,102,0,1,2,True,False,True,0.0,0.0
gross_gain,man22,146,0,0,2,True,False,True,0.8961854335787107,0.8961854335787107
gross_gain,man22,149,0,0,2,True,False,True,0.8480751540009145,0.8480751540009145
gross_gain,man22,160,0,0,2,True,False,True,0.589601733805892,0.589601733805892
gross_gain,man22,171,0,0,2,True,False,True,0.0,0.0
gross_gain,man22,181,0,0,2,True,False,True,0.7785118880772526,0.7785118880772526
gross_gain,man22,277,0,0,2,True,False,True,0.8700385114230667,0.8700385114230667
gross_gain,man22,286,0,0,2,True,False,True,0.643863691906586,0.643863691906586
gross_gain,man22,287,0,0,2,True,False,True,0.7622148173656718,0.7622148173656718
gross_gain,man22,288,0,0,2,True,False,True,0.8396205874238309,0.8396205874238309
gross_gain,man22,289,0,0,2,True,False,True,0.7876429599078056,0.7876429599078056
gross_gain,man22,290,0,0,2,True,False,True,0.8231960895137398,0.8231960895137398
gross_gain,man22,295,0,0,2,True,False,True,0.830701999106054,0.830701999106054
gross_gain,man22,296,0,0,2,True,False,True,0.7960764108000238,0.7960764108000238
gross_gain,man22,297,0,0,2,True,False,True,0.8066525754953079,0.8066525754953079
gross_gain,man23,45,0,0,0,False,True,True,0.8759821472686439,0.8759821472686439
gross_gain,man23,49,0,0,0,False,True,True,0.8452194697325449,0.8452194697325449
gross_gain,man23,53,0,0,0,False,True,True,0.784233917247223,0.784233917247223
gross_gain,man23,81,0,0,2,True,False,True,0.5899117614191619,0.5899117614191619
gross_gain,man23,82,0,0,2,True,False,True,0.45445081646372837,0.45445081646372837
gross_gain,man23,83,0,0,2,True,False,True,0.3095166612357825,0.3095166612357825
gross_gain,man23,84,0,0,2,True,False,True,0.33067245924453115,0.33067245924453115
gross_gain,man23,85,0,0,2,True,False,True,0.4601929695900208,0.4601929695900208
gross_gain,man23,86,0,0,2,True,False,True,0.18012118992431075,0.18012118992431075
gross_gain,man23,87,0,0,2,True,False,True,0.133202209580526,0.133202209580526
gross_gain,man23,88,0,0,2,True,False,True,0.001156856275689486,0.001156856275689486
gross_gain,man23,89,0,0,2,True,False,True,0.14945405649657595,0.14945405649657595
gross_gain,man23,90,0,0,2,True,False,True,0.019614663980694797,0.019614663980694797
gross_gain,man23,91,0,0,2,True,False,True,0.10452149832282534,0.10452149832282534
gross_gain,man23,92,0,0,2,True,False,True,0.28619115483092966,0.28619115483092966
gross_gain,man23,93,0,0,2,True,False,True,0.2629963541721137,0.2629963541721137
gross_gain,man23,94,0,0,2,True,False,True,0.4082562417546736,0.4082562417546736
gross_gain,man23,95,0,0,2,True,False,True,0.355959847066267,0.355959847066267
gross_gain,man23,96,0,0,2,True,False,True,0.3161079541313924,0.3161079541313924
gross_gain,man23,97,0,0,2,True,False,True,0.32924075255012675,0.32924075255012675
gross_gain,man23,98,0,0,2,True,False,True,0.2969371750416334,0.2969371750416334
gross_gain,man23,99,0,0,2,True,False,True,0.41569624665234006,0.41569624665234006
gross_gain,man23,100,0,0,2,True,False,True,0.13672315860909628,0.13672315860909628
gross_gain,man23,101,0,0,2,True,False,True,0.23457411274869558,0.23457411274869558
gross_gain,man23,102,0,0,2,True,False,True,0.13299445257950218,0.13299445257950218
gross_gain,man23,103,0,0,2,True,False,True,0.008473530817033458,0.008473530817033458
gross_gain,man23,104,0,0,2,True,False,True,0.055092291174816524,0.055092291174816524
gross_gain,man23,105,0,0,2,True,False,True,0.273677196793176,0.273677196793176
gross_gain,man23,106,0,0,2,True,False,True,0.4189992839017966,0.4189992839017966
gross_gain,man23,107,0,0,2,True,False,True,0.29475082488474097,0.29475082488474097
gross_gain,man23,109,0,0,2,True,False,True,0.20008515221413342,0.20008515221413342
gross_gain,man23,110,0,0,2,True,False,True,0.3546323323405403,0.3546323323405403
gross_gain,man23,113,0,0,2,True,False,True,0.4327575698626679,0.4327575698626679
gross_gain,man23,114,0,0,2,True,False,True,0.6182030515335567,0.6182030515335567
gross_gain,man23,116,0,0,2,True,False,True,0.30404333346955703,0.30404333346955703
gross_gain,man23,117,0,0,2,True,False,True,0.3790098765337164,0.3790098765337164
gross_gain,man23,118,0,0,2,True,False,True,0.44198407738809503,0.44198407738809503
gross_gain,man23,119,0,0,2,True,False,True,0.39624252045235747,0.39624252045235747
gross_gain,man23,120,0,0,2,True,False,True,0.499784488856297,0.499784488856297
gross_gain,man23,121,0,0,2,True,False,True,0.4973359940273121,0.4973359940273121
gross_gain,man23,123,0,0,2,True,False,True,0.3461626796079626,0.3461626796079626
gross_gain,man23,125,0,0,2,True,False,True,0.39097845373623286,0.39097845373623286
gross_gain,man23,126,0,0,2,True,False,True,0.5063445900321762,0.5063445900321762
gross_gain,man23,130,0,0,2,True,False,True,0.6930556744876033,0.6930556744876033
gross_gain,man23,132,0,0,2,True,False,True,0.6646008000939702,0.6646008000939702
gross_gain,man23,136,0,0,2,True,False,True,0.8197734181009496,0.8197734181009496
gross_gain,man23,140,0,0,2,True,False,True,0.8007642678556516,0.8007642678556516
gross_gain,man23,172,0,0,2,True,False,True,0.7825426671578836,0.7825426671578836
gross_gain,man23,174,0,0,2,True,False,True,0.8075750796777965,0.8075750796777965
gross_gain,man23,178,0,0,2,True,False,True,0.7828940821137016,0.7828940821137016
gross_gain,man23,181,0,0,2,True,False,True,0.7966026668383998,0.7966026668383998
gross_gain,man23,189,0,1,2,True,False,True,0.0,0.0
gross_gain,man23,199,0,0,2,True,False,True,0.0,0.0
gross_gain,man23,200,0,0,2,True,False,True,0.0,0.0
gross_gain,man23,201,0,0,2,True,False,True,0.0,0.0
gross_gain,man23,203,0,0,2,True,False,True,0.8892334612011821,0.8892334612011821
gross_gain,man23,204,0,0,2,True,False,True,0.7778814449664498,0.7778814449664498
gross_gain,man23,208,0,0,2,True,False,True,0.8273045055097239,0.8273045055097239
gross_gain,man23,209,0,0,2,True,False,True,0.6773625871531298,0.6773625871531298
gross_gain,man23,215,0,0,2,True,False,True,0.5143078548507262,0.5143078548507262
gross_gain,man23,221,0,0,2,True,False,True,0.13716957353395437,0.13716957353395437
gross_gain,man23,225,0,0,2,True,False,True,0.7176601924774794,0.7176601924774794
gross_gain,man23,226,0,0,2,True,False,True,0.862905754313031,0.862905754313031
gross_gain,man23,227,0,0,2,True,False,True,0.7327628484072384,0.7327628484072384
gross_gain,man23,228,0,0,2,True,False,True,0.7919656898178022,0.7919656898178022
gross_gain,man23,239,0,0,2,True,False,True,0.8934549123969551,0.8934549123969551
gross_gain,man23,240,0,0,2,True,False,True,0.8148108299152975,0.8148108299152975
gross_gain,man23,243,0,0,2,True,False,True,0.7180244976939071,0.7180244976939071
gross_gain,man23,245,0,0,2,True,False,True,0.8755852709004821,0.8755852709004821
gross_gain,man23,246,0,0,2,True,False,True,0.8799099231661203,0.8799099231661203
gross_gain,man23,247,0,0,2,True,False,True,0.9530945488932167,0.9530945488932167
gross_gain,man23,248,0,0,2,True,False,True,0.7856783937439016,0.7856783937439016
gross_gain,man23,250,0,0,2,True,False,True,0.6225482099720661,0.6225482099720661
gross_gain,man23,251,0,0,2,True,False,True,0.6123817679462226,0.6123817679462226
gross_gain,man23,252,0,0,2,True,False,True,0.6375428743149715,0.6375428743149715
gross_gain,man23,254,0,0,2,True,False,True,0.6338861236914966,0.6338861236914966
gross_gain,man23,257,0,0,2,True,False,True,0.6453319417032066,0.6453319417032066
gross_gain,man23,258,0,0,2,True,False,True,0.6539523643333967,0.6539523643333967
gross_gain,man23,259,0,0,2,True,False,True,0.6681786831676263,0.6681786831676263
gross_gain,man23,261,0,0,2,True,False,True,0.7185841006204369,0.7185841006204369
gross_gain,man23,264,0,0,2,True,False,True,0.6325681419079593,0.6325681419079593
gross_gain,man23,266,0,0,2,True,False,True,0.6477201981686804,0.6477201981686804
gross_gain,man23,267,0,0,2,True,False,True,0.7656490686919143,0.7656490686919143
gross_gain,man23,268,0,0,2,True,False,True,0.6229710556479141,0.6229710556479141
gross_gain,man23,270,0,0,2,True,False,True,0.6516871628098023,0.6516871628098023
gross_gain,man23,271,0,0,2,True,False,True,0.45615728251602106,0.45615728251602106
gross_gain,man23,272,0,0,2,True,False,True,0.30266020260100657,0.0
gross_gain,man23,294,0,0,2,True,False,True,0.0,0.0
gross_gain,man23,296,0,0,2,True,False,True,0.0,0.0
gross_gain,man23,298,0,0,2,True,False,True,0.0,0.0
gross_gain,man23,300,0,0,2,True,False,True,0.0,0.0
gross_gain,man23,301,0,0,2,True,False,True,0.0,0.0
gross_gain,man23,303,0,0,2,True,False,True,0.0,0.0
gross_gain,man23,308,0,0,2,True,False,True,0.0,0.0
gross_gain,man23,312,0,0,2,True,False,True,0.0,0.0
gross_gain,man23,313,0,0,2,True,False,True,0.0,0.0
gross_gain,man23,314,0,0,2,True,False,True,0.0,0.0
gross_gain,man23,315,0,0,2,True,False,True,0.0,0.0
gross_gain,man23,316,0,0,2,True,False,True,0.0,0.0
gross_gain,man23,317,0,0,2,True,False,True,0.0,0.0
gross_gain,man23,318,0,0,2,True,False,True,0.0,0.0
gross_gain,man23,319,0,0,2,True,False,True,0.0,0.0
gross_gain,man23,320,0,0,2,True,False,True,0.0,0.0
gross_gain,man23,321,0,0,2,True,False,True,0.0,0.0
gross_gain,man23,322,0,0,2,True,False,True,0.0,0.0
gross_gain,man23,323,0,0,2,True,False,True,0.0,0.0
gross_gain,man23,324,0,2,2,True,False,True,0.0,0.0
gross_gain,man23,325,0,1,2,True,False,True,0.0,0.0
gross_gain,man23,326,0,0,2,True,False,True,0.0,0.0
gross_gain,man23,328,0,0,2,True,False,True,0.0,0.0
gross_gain,man23,329,0,0,2,True,False,True,0.0,0.0
gross_gain,man23,330,0,0,2,True,False,True,0.0,0.0
gross_gain,man23,331,0,0,2,True,False,True,0.0,0.0
gross_gain,man23,332,0,0,2,True,False,True,0.0,0.0
gross_gain,man23,333,0,0,2,True,False,True,0.0,0.0
gross_gain,man23,334,0,0,2,True,False,True,0.0,0.0
gross_gain,man23,335,0,0,2,True,False,True,0.0,0.0
gross_gain,man23,337,0,0,2,True,False,True,0.0,0.0
gross_gain,man23,338,0,0,2,True,False,True,0.0,0.0
gross_gain,man23,340,0,0,2,True,False,True,0.0,0.0
gross_gain,man23,341,0,0,2,True,False,True,0.0,0.0
gross_gain,man23,342,0,0,2,True,False,True,0.0,0.0
gross_gain,man23,343,0,0,2,True,False,True,0.0,0.0
gross_gain,man23,344,0,0,2,True,False,True,0.0,0.0
gross_gain,man23,345,0,0,2,True,False,True,0.0,0.0
gross_gain,man23,346,0,0,2,True,False,True,0.0,0.0
gross_gain,man23,348,0,0,2,True,False,True,0.0,0.0
gross_gain,man23,349,0,0,2,True,False,True,0.0,0.0
gross_gain,man23,350,0,0,2,True,False,True,0.0,0.0
gross_gain,man23,351,0,0,2,True,False,True,0.0,0.0
gross_gain,man23,352,0,0,2,True,False,True,0.0,0.0
gross_gain,man23,353,0,0,2,True,False,True,0.0,0.0
gross_gain,man23,354,0,0,2,True,False,True,0.0,0.0
gross_gain,man23,355,0,0,2,True,False,True,0.0,0.0
gross_gain,man23,356,0,0,2,True,False,True,0.0,0.0
gross_gain,man23,357,0,0,2,True,False,True,0.0,0.0
gross_gain,man23,358,0,0,2,True,False,True,0.0,0.0
gross_gain,man23,359,0,0,2,True,False,True,0.0,0.0
gross_gain,man23,360,0,0,2,True,False,True,0.0,0.0
gross_gain,man23,361,0,0,2,True,False,True,0.0,0.0
gross_gain,man23,362,0,0,2,True,False,True,0.0,0.0
gross_gain,man23,363,0,0,2,True,False,True,0.0,0.0
gross_gain,man23,364,0,0,2,True,False,True,0.0,0.0
gross_gain,man23,365,0,0,2,True,False,True,0.0,0.0
gross_gain,man23,366,0,0,2,True,False,True,0.0,0.0
gross_gain,man23,367,0,0,2,True,False,True,0.0,0.0
gross_gain,man23,368,0,0,2,True,False,True,0.0,0.0
gross_gain,man23,369,0,0,2,True,False,True,0.0,0.0
gross_gain,man23,370,0,0,2,True,False,True,0.0,0.0
gross_gain,man23,371,0,0,2,True,False,True,0.0,0.0
gross_gain,man23,372,0,0,2,True,False,True,0.0,0.0
gross_gain,man23,373,0,0,2,True,False,True,0.0,0.0
gross_gain,man23,374,0,0,2,True,False,True,0.0,0.0
gross_gain,man23,375,0,0,2,True,False,True,0.0,0.0
gross_gain,man23,376,0,0,2,True,False,True,0.0,0.0
gross_gain,man23,377,0,0,2,True,False,True,0.0,0.0
gross_gain,man23,378,0,0,2,True,False,True,0.0,0.0
gross_gain,man23,379,0,0,2,True,False,True,0.0,0.0
gross_gain,man23,381,0,0,2,True,False,True,0.0,0.0
gross_gain,man23,384,0,0,2,True,False,True,0.0,0.0
gross_gain,man23,385,0,0,2,True,False,True,0.0,0.0
gross_gain,man23,386,0,0,2,True,False,True,0.0,0.0
gross_gain,man23,387,0,0,2,True,False,True,0.0,0.0
gross_gain,man23,388,0,0,2,True,False,True,0.0,0.0
gross_gain,man23,389,0,0,2,True,False,True,0.0,0.0
gross_gain,man23,390,0,0,2,True,False,True,0.0,0.0
gross_gain,man23,392,0,0,2,True,False,True,0.0,0.0
gross_gain,man23,393,0,0,2,True,False,True,0.0,0.0
gross_gain,man23,394,0,0,2,True,False,True,0.0,0.0
gross_gain,man23,395,0,0,2,True,False,True,0.0,0.0
gross_gain,man23,396,0,0,2,True,False,True,0.0,0.0
gross_gain,man23,397,0,0,2,True,False,True,0.0,0.0
gross_gain,man23,398,0,0,2,True,False,True,0.0,0.0
gross_gain,man23,399,0,0,2,True,False,True,0.0,0.0
gross_gain,man23,400,0,0,2,True,False,True,0.0,0.0
gross_gain,man23,401,0,1,2,True,False,True,0.0,0.0
gross_gain,man24,86,0,0,0,False,True,True,0.8894721170455975,0.8894721170455975
gross_gain,man24,151,0,0,0,False,True,True,0.8409007295664888,0.8409007295664888
gross_gain,man24,152,0,0,0,False,True,True,0.566620864519236,0.566620864519236
gross_gain,man24,344,0,0,0,False,True,True,0.5444681055716767,0.5444681055716767
gross_gain,man24,345,0,0,0,False,True,True,0.5875438976975591,0.5875438976975591
gross_gain,man26,287,0,0,2,True,False,True,0.6385529484414421,0.6385529484414421
gross_gain,man26,288,0,0,2,True,False,True,0.375069940716663,0.375069940716663
gross_gain,man26,289,0,0,2,True,False,True,0.5517855961984663,0.5517855961984663
gross_gain,man26,290,0,1,2,True,False,True,0.3762818406908243,0.3762818406908243
gross_gain,man26,291,0,0,2,True,False,True,0.5866061102475157,0.5866061102475157
gross_gain,man26,292,0,0,2,True,False,True,0.593761349992134,0.593761349992134
gross_gain,man26,293,0,0,2,True,False,True,0.4666844479002117,0.4666844479002117
gross_gain,man26,294,0,0,2,True,False,True,0.367870591113821,0.367870591113821
gross_gain,man26,295,0,0,2,True,False,True,0.300074490955631,0.300074490955631
gross_gain,man26,296,0,0,2,True,False,True,0.3100120397289324,0.3100120397289324
gross_gain,man26,297,0,0,2,True,False,True,0.3956518582209665,0.3956518582209665
gross_gain,man26,298,0,0,2,True,False,True,0.4550758958640793,0.4550758958640793
gross_gain,man26,299,0,0,2,True,False,True,0.35423723471518354,0.35423723471518354
gross_gain,man26,300,0,0,2,True,False,True,0.4023629881249237,0.4023629881249237
gross_gain,man26,301,0,0,2,True,False,True,0.30203353424242285,0.30203353424242285
gross_gain,man26,302,0,0,2,True,False,True,0.2377357897391414,0.2377357897391414
gross_gain,man26,303,0,0,2,True,False,True,0.19642895513512695,0.19642895513512695
gross_gain,man26,304,0,0,2,True,False,True,0.1396880303455256,0.1396880303455256
gross_gain,man26,305,0,0,2,True,False,True,0.07164179344209332,0.07164179344209332
gross_gain,man26,306,0,0,2,True,False,True,0.03727087415634445,0.03727087415634445
gross_gain,man26,307,0,0,2,True,False,True,0.08832872321542576,0.08832872321542576
gross_gain,man26,308,0,0,2,True,False,True,0.05559917042233711,0.05559917042233711
gross_gain,man26,309,0,0,2,True,False,True,0.1356392617690659,0.1356392617690659
gross_gain,man26,310,0,1,2,True,False,True,0.12912509193430274,0.12912509193430274
gross_gain,man26,311,0,0,2,True,False,True,0.2451699063579514,0.2451699063579514
gross_gain,man26,312,0,1,2,True,False,True,0.10499002611438324,0.10499002611438324
gross_gain,man26,313,0,1,2,True,False,True,0.13779770723341714,0.13779770723341714
gross_gain,man26,314,0,0,2,True,False,True,0.1431200867571073,0.24373255515418238
gross_gain,man28,66,0,0,2,True,False,True,0.408830998824516,0.408830998824516
gross_gain,man28,79,0,0,2,True,False,True,0.4700832566606776,0.4700832566606776
gross_gain,man28,81,0,0,2,True,False,True,0.3993026969818911,0.3993026969818911
gross_gain,man28,82,0,0,2,True,False,True,0.4571045851070685,0.4571045851070685
gross_gain,man28,83,0,0,2,True,False,True,0.4347094365109374,0.4347094365109374
gross_gain,man28,85,0,0,2,True,False,True,0.4507024683294907,0.4507024683294907
gross_gain,man28,86,0,0,2,True,False,True,0.2494597535488505,0.2494597535488505
gross_gain,man28,87,0,0,2,True,False,True,0.4003262061596127,0.4003262061596127
gross_gain,man28,89,0,0,2,True,False,True,0.5393395777634983,0.5393395777634983
gross_gain,man28,90,0,0,2,True,False,True,0.43828762210457606,0.43828762210457606
gross_gain,man28,91,0,0,2,True,False,True,0.4758006066726409,0.4758006066726409
gross_gain,man28,92,0,0,2,True,False,True,0.020605165507410886,0.020605165507410886
gross_gain,man28,93,0,0,2,True,False,True,0.16036514149315784,0.16036514149315784
gross_gain,man28,94,0,0,2,True,False,True,0.5309408104715573,0.5309408104715573
gross_gain,man28,95,0,0,2,True,False,True,0.46979718421068156,0.46979718421068156
gross_gain,man28,96,0,0,2,True,False,True,0.5710358386169458,0.5710358386169458
gross_gain,man28,97,0,0,2,True,False,True,0.5350732490984927,0.5350732490984927
gross_gain,man28,98,0,0,2,True,False,True,0.5774012514002749,0.5774012514002749
gross_gain,man28,99,0,0,2,True,False,True,0.636884296307679,0.636884296307679
gross_gain,man28,100,0,0,2,True,False,True,0.5026100051504988,0.5026100051504988
gross_gain,man28,101,0,0,2,True,False,True,0.5714610840846239,0.5714610840846239
gross_gain,man28,102,0,0,2,True,False,True,0.5234610829225571,0.5234610829225571
gross_gain,man28,103,0,0,2,True,False,True,0.6191459752131456,0.6191459752131456
gross_gain,man28,105,0,0,2,True,False,True,0.5239281454179993,0.5239281454179993
gross_gain,man28,106,0,0,2,True,False,True,0.5926769879990179,0.5926769879990179
gross_gain,man28,107,0,0,2,True,False,True,0.5107717117803033,0.5107717117803033
gross_gain,man28,116,0,0,2,True,False,True,0.7232329660339751,0.7232329660339751
gross_gain,man28,119,0,0,2,True,False,True,0.8318986916710288,0.8318986916710288
gross_gain,man28,122,0,0,2,True,False,True,0.7273656991222605,0.7273656991222605
gross_gain,man28,126,0,0,2,True,False,True,0.6721743339687593,0.6721743339687593
gross_gain,man28,127,0,0,2,True,False,True,0.5867405461080961,0.5867405461080961
gross_gain,man28,128,0,0,2,True,False,True,0.5266476483933981,0.5266476483933981
gross_gain,man28,129,0,0,2,True,False,True,0.407383795286464,0.407383795286464
gross_gain,man28,130,0,0,2,True,False,True,0.5910113367677456,0.5910113367677456
gross_gain,man28,131,0,0,2,True,False,True,0.5462375716390592,0.5462375716390592
gross_gain,man28,132,0,0,2,True,False,True,0.4947570983931947,0.4947570983931947
gross_gain,man28,133,0,0,2,True,False,True,0.5898105096110948,0.5898105096110948
gross_gain,man28,137,0,0,2,True,False,True,0.5988595165070971,0.5988595165070971
gross_gain,man28,139,0,0,2,True,False,True,0.5682885731846086,0.5682885731846086
gross_gain,man28,141,0,0,2,True,False,True,0.6182294448480385,0.6182294448480385
gross_gain,man28,142,0,0,2,True,False,True,0.5330827878005955,0.5330827878005955
gross_gain,man28,144,0,0,2,True,False,True,0.5747223210682986,0.5747223210682986
gross_gain,man28,145,0,0,2,True,False,True,0.48435761765372093,0.48435761765372093
gross_gain,man28,147,0,0,2,True,False,True,0.6058002972088903,0.6058002972088903
gross_gain,man28,148,0,0,2,True,False,True,0.44157992689384185,0.44157992689384185
gross_gain,man28,149,0,0,2,True,False,True,0.5982402627659624,0.5982402627659624
gross_gain,man28,150,0,0,2,True,False,True,0.46791525856714866,0.46791525856714866
gross_gain,man28,151,0,0,2,True,False,True,0.48179094342278417,0.48179094342278417
gross_gain,man28,152,0,0,2,True,False,True,0.5301337769376917,0.5301337769376917
gross_gain,man28,153,0,0,2,True,False,True,0.5707644733603425,0.5707644733603425
gross_gain,man28,154,0,0,2,True,False,True,0.5861454075316689,0.5861454075316689
gross_gain,man28,155,0,0,2,True,False,True,0.5356468193247089,0.5356468193247089
gross_gain,man28,156,0,0,2,True,False,True,0.51288981889488,0.51288981889488
gross_gain,man28,158,0,0,2,True,False,True,0.590081356101617,0.590081356101617
gross_gain,man28,159,0,0,2,True,False,True,0.5189081273332148,0.5189081273332148
gross_gain,man28,160,0,0,2,True,False,True,0.6280728949487635,0.6280728949487635
gross_gain,man28,161,0,0,2,True,False,True,0.6776275847418827,0.6776275847418827
gross_gain,man28,163,0,0,2,True,False,True,0.706281214715399,0.706281214715399
gross_gain,man28,164,0,0,2,True,False,True,0.6157962426483925,0.6157962426483925
gross_gain,man28,165,0,0,2,True,False,True,0.7835111813404065,0.7835111813404065
gross_gain,man28,166,0,0,2,True,False,True,0.7805514398417616,0.7805514398417616
gross_gain,man28,167,0,0,2,True,False,True,0.7727409441830021,0.7727409441830021
gross_gain,man28,168,0,0,2,True,False,True,0.5987843615426091,0.5987843615426091
gross_gain,man28,169,0,0,2,True,False,True,0.7329774524882812,0.7329774524882812
gross_gain,man28,170,0,0,2,True,False,True,0.6979284614385628,0.6979284614385628
gross_gain,man28,171,0,0,2,True,False,True,0.7425647359450207,0.7425647359450207
gross_gain,man28,172,0,0,2,True,False,True,0.7309236277711574,0.7309236277711574
gross_gain,man28,173,0,0,2,True,False,True,0.6078641399535405,0.6078641399535405
gross_gain,man28,174,0,0,2,True,False,True,0.7628045919509775,0.7628045919509775
gross_gain,man28,175,0,0,2,True,False,True,0.6811843437544575,0.6811843437544575
gross_gain,man28,176,0,0,2,True,False,True,0.6459078192706048,0.6459078192706048
gross_gain,man28,177,0,0,2,True,False,True,0.5503067578502495,0.5503067578502495
gross_gain,man28,178,0,0,2,True,False,True,0.0629796634664046,0.0629796634664046
gross_gain,man28,179,0,1,2,True,False,True,0.36186324037875445,0.36186324037875445
gross_gain,man28,180,0,0,2,True,False,True,0.4574486293725317,0.4574486293725317
gross_gain,man28,181,0,0,2,True,False,True,0.521910073599089,0.521910073599089
gross_gain,man28,182,0,0,2,True,False,True,0.28667544589017135,0.28667544589017135
gross_gain,man28,184,0,0,2,True,False,True,0.6026192313031915,0.6026192313031915
gross_gain,man28,185,0,0,2,True,False,True,0.5420007025856803,0.5420007025856803
gross_gain,man28,187,0,0,2,True,False,True,0.6548578179726618,0.6548578179726618
gross_gain,man28,188,0,0,2,True,False,True,0.7558700909254519,0.7558700909254519
gross_gain,man28,189,0,0,2,True,False,True,0.7170328317117084,0.7170328317117084
gross_gain,man28,190,0,0,2,True,False,True,0.6521756452475882,0.6521756452475882
gross_gain,man28,191,0,0,2,True,False,True,0.5606642888065888,0.5606642888065888
gross_gain,man28,192,0,0,2,True,False,True,0.42890555603415487,0.42890555603415487
gross_gain,man28,193,0,0,2,True,False,True,0.30491588483231297,0.30491588483231297
gross_gain,man28,194,0,0,2,True,False,True,0.1415666752783316,0.1415666752783316
gross_gain,man28,195,0,0,2,True,False,True,0.006940317286342078,0.006940317286342078
gross_gain,man28,196,0,0,2,True,False,True,0.10585290296787532,0.10585290296787532
gross_gain,man28,198,0,0,2,True,False,True,0.4839482251695797,0.4839482251695797
gross_gain,man28,199,0,0,2,True,False,True,0.4916800510856455,0.4916800510856455
gross_gain,man28,200,0,0,2,True,False,True,0.6303566240373668,0.6303566240373668
gross_gain,man28,201,0,0,2,True,False,True,0.6147773102918259,0.6147773102918259
gross_gain,man28,202,0,0,2,True,False,True,0.5519113621347628,0.5519113621347628
gross_gain,man28,204,0,0,2,True,False,True,0.4403775719232188,0.4403775719232188
gross_gain,man28,205,0,0,2,True,False,True,0.44482210478938905,0.44482210478938905
gross_gain,man28,212,0,0,2,True,False,True,0.6343435944993342,0.6343435944993342
gross_gain,man28,214,0,0,2,True,False,True,0.6480730381324911,0.6480730381324911
gross_gain,man28,216,0,0,2,True,False,True,0.5259134074034061,0.5259134074034061
gross_gain,man28,217,0,0,2,True,False,True,0.4732814480464031,0.4732814480464031
gross_gain,man28,219,0,0,2,True,False,True,0.5328236479530007,0.5328236479530007
gross_gain,man28,220,0,0,2,True,False,True,0.45241418088975477,0.45241418088975477
gross_gain,man28,221,0,0,2,True,False,True,0.3822719326230309,0.3822719326230309
gross_gain,man28,222,0,0,2,True,False,True,0.26317658112349873,0.26317658112349873
gross_gain,man28,223,0,0,2,True,False,True,0.20019785549103455,0.20019785549103455
gross_gain,man28,224,0,0,2,True,False,True,0.19921303624859715,0.19921303624859715
gross_gain,man28,225,0,0,2,True,False,True,0.24054568032991297,0.24054568032991297
gross_gain,man28,226,0,0,2,True,False,True,0.21738001379127167,0.21738001379127167
gross_gain,man28,227,0,0,2,True,False,True,0.3122309252515386,0.3122309252515386
gross_gain,man28,228,0,0,2,True,False,True,0.2898451226475825,0.2898451226475825
gross_gain,man28,229,0,0,2,True,False,True,0.18221140889956447,0.18221140889956447
gross_gain,man28,230,0,0,2,True,False,True,0.0807987407301609,0.0807987407301609
gross_gain,man28,231,0,0,2,True,False,True,0.035698005399184385,0.035698005399184385
gross_gain,man28,232,0,0,2,True,False,True,0.0,0.0
gross_gain,man28,233,0,0,2,True,False,True,0.0,0.0
gross_gain,man28,235,0,0,2,True,False,True,0.0,0.0
gross_gain,man28,236,0,1,2,True,False,True,0.0,0.0
gross_gain,man28,239,0,0,2,True,False,True,0.009083330344528694,0.009083330344528694
gross_gain,man28,240,0,0,2,True,False,True,0.0,0.0
gross_gain,man28,246,0,0,2,True,False,True,0.41702405810092047,0.41702405810092047
gross_gain,man28,247,0,0,2,True,False,True,0.37014091168549745,0.37014091168549745
gross_gain,man28,248,0,0,2,True,False,True,0.3907602921485474,0.3907602921485474
gross_gain,man28,249,0,0,2,True,False,True,0.5567365349129851,0.5567365349129851
gross_gain,man28,251,0,0,2,True,False,True,0.6156270263850667,0.6156270263850667
gross_gain,man28,252,0,0,2,True,False,True,0.6236670388640774,0.6236670388640774
gross_gain,man28,253,0,0,2,True,False,True,0.5882520716328742,0.5882520716328742
gross_gain,man28,255,0,1,2,True,False,True,0.5324278700694421,0.5324278700694421
gross_gain,man28,256,0,0,2,True,False,True,0.44601455054654204,0.44601455054654204
gross_gain,man28,257,0,0,2,True,False,True,0.0,0.0
gross_gain,man28,271,0,0,2,True,False,True,0.0,0.0
gross_gain,man28,273,0,0,2,True,False,True,0.19542111887798078,0.19542111887798078
gross_gain,man28,280,0,0,2,True,False,True,0.24040975148248148,0.24040975148248148
gross_gain,man28,281,0,0,2,True,False,True,0.3091260222694749,0.3091260222694749
gross_gain,man28,283,0,0,2,True,False,True,0.23144738444875848,0.23144738444875848
gross_gain,man28,286,0,0,2,True,False,True,0.21585486028638354,0.21585486028638354
gross_gain,man28,295,0,0,2,True,False,True,0.47648383480882706,0.47648383480882706
gross_gain,man28,296,0,0,2,True,False,True,0.5286197606039416,0.5286197606039416
gross_gain,man28,301,0,0,2,True,False,True,0.44021191173377694,0.44021191173377694
gross_gain,man28,304,0,0,2,True,False,True,0.4579603321781106,0.4579603321781106
gross_gain,man28,305,0,0,2,True,False,True,0.5007361283305389,0.5007361283305389
gross_gain,man28,306,0,0,2,True,False,True,0.4821833736210332,0.4821833736210332
gross_gain,man28,307,0,0,2,True,False,True,0.4610784531672193,0.4610784531672193
gross_gain,man28,308,0,0,2,True,False,True,0.34602867368404133,0.34602867368404133
gross_gain,man28,309,0,0,2,True,False,True,0.3755292399817571,0.3755292399817571
gross_gain,man28,310,0,0,2,True,False,True,0.21163404449360013,0.21163404449360013
gross_gain,man28,311,0,0,2,True,False,True,0.4731790448738216,0.4731790448738216
gross_gain,man28,312,0,0,2,True,False,True,0.5640054521487721,0.5640054521487721
gross_gain,man28,313,0,0,2,True,False,True,0.6143462466971417,0.6143462466971417
gross_gain,man28,324,0,0,2,True,False,True,0.0,0.0
gross_gain,man28,325,0,0,2,True,False,True,0.0,0.0
gross_gain,man28,326,0,0,2,True,False,True,0.0,0.0
gross_gain,man28,327,0,1,2,True,False,True,0.0,0.0
gross_gain,man28,329,0,0,2,True,False,True,0.0,0.0
gross_gain,man28,333,0,0,2,True,False,True,0.0,0.0
gross_gain,man28,339,0,0,2,True,False,True,0.0,0.0
gross_gain,man28,340,0,1,2,True,False,True,0.0,0.0
gross_gain,man28,344,0,0,2,True,False,True,0.6234876678639567,0.6234876678639567
gross_gain,man28,347,0,0,2,True,False,True,0.7786439924751165,0.7786439924751165
gross_gain,man28,349,0,0,2,True,False,True,0.8152293055046729,0.8152293055046729
gross_gain,man28,359,0,0,2,True,False,True,0.8319125638216374,0.8319125638216374
gross_gain,man28,361,0,0,2,True,False,True,0.5762457424022461,0.5762457424022461
gross_gain,man28,369,0,0,2,True,False,True,0.7290061317131801,0.7290061317131801
gross_gain,man28,372,0,0,2,True,False,True,0.7583784112126664,0.7583784112126664
gross_gain,man28,373,0,0,2,True,False,True,0.832693830408381,0.832693830408381
gross_gain,man28,396,0,0,2,True,False,True,0.6856669971044955,0.6856669971044955
gross_gain,man28,397,0,0,2,True,False,True,0.6774999578746275,0.6774999578746275
gross_gain,man28,402,0,0,2,True,False,True,0.6217594056374811,0.6217594056374811
gross_gain,man28,403,0,0,2,True,False,True,0.6475330765753544,0.6475330765753544
gross_gain,man28,404,0,0,2,True,False,True,0.6189156124436533,0.6189156124436533
gross_gain,man28,405,0,0,2,True,False,True,0.6901574422033528,0.6901574422033528
gross_gain,man28,406,0,0,2,True,False,True,0.6951080027485399,0.6951080027485399
gross_gain,man28,407,0,0,2,True,False,True,0.723053842816119,0.723053842816119
gross_gain,man28,408,0,0,2,True,False,True,0.5639565676571179,0.5639565676571179
gross_gain,man28,409,0,0,2,True,False,True,0.6281519002559073,0.6281519002559073
gross_gain,man28,410,0,0,2,True,False,True,0.6676883936727629,0.6676883936727629
gross_gain,man28,411,0,0,2,True,False,True,0.7677203068382362,0.7677203068382362
gross_gain,man28,412,0,0,2,True,False,True,0.6760212717770374,0.6760212717770374
gross_gain,man28,413,0,0,2,True,False,True,0.7199213025725405,0.7199213025725405
gross_gain,man28,414,0,0,2,True,False,True,0.7207138333427353,0.7207138333427353
gross_gain,man28,416,0,0,2,True,False,True,0.7870999184721572,0.7870999184721572
gross_gain,man28,419,0,0,2,True,False,True,0.7778754519727755,0.7778754519727755
gross_gain,man28,420,0,0,2,True,False,True,0.7335861688226388,0.7335861688226388
gross_gain,man28,421,0,0,2,True,False,True,0.764507331593084,0.764507331593084
gross_gain,man28,424,0,0,2,True,False,True,0.670141804863249,0.670141804863249
gross_gain,man28,454,0,0,2,True,False,True,0.6421260164825161,0.6421260164825161
gross_gain,man28,455,0,0,2,True,False,True,0.7874365456381934,0.7874365456381934
gross_gain,man28,456,0,0,2,True,False,True,0.7452659596528917,0.7452659596528917
gross_gain,man28,463,0,0,2,True,False,True,0.7519805420319301,0.7519805420319301
gross_gain,man28,473,0,0,2,True,False,True,0.6615119420332457,0.6615119420332457
gross_gain,man28,478,0,0,2,True,False,True,0.62186941370832,0.62186941370832
gross_gain,man29,102,0,0,2,True,False,True,0.8863715880787578,0.8863715880787578
gross_gain,man29,105,0,0,2,True,False,True,0.15289503374227237,0.15289503374227237
gross_gain,man29,108,0,0,2,True,False,True,0.46122125544425274,0.46122125544425274
gross_gain,man29,118,0,0,2,True,False,True,0.708072284827928,0.708072284827928
gross_gain,man29,121,0,0,2,True,False,True,0.54823515631858,0.54823515631858
gross_gain,man29,122,0,0,2,True,False,True,0.796887810211574,0.796887810211574
gross_gain,man29,124,0,0,2,True,False,True,0.5604853269311064,0.5604853269311064
gross_gain,man29,128,0,0,2,True,False,True,0.40739736283056416,0.40739736283056416
gross_gain,man29,130,0,0,2,True,False,True,0.17206240853457996,0.17206240853457996
gross_gain,man29,132,0,0,2,True,False,True,0.21993359049227382,0.21993359049227382
gross_gain,man29,134,0,0,2,True,False,True,0.10009539428330654,0.10009539428330654
gross_gain,man29,136,0,0,2,True,False,True,0.030386305379609277,0.030386305379609277
gross_gain,man29,137,0,0,2,True,False,True,0.30410107349060067,0.30410107349060067
gross_gain,man29,142,0,0,2,True,False,True,0.08903408999205382,0.08903408999205382
gross_gain,man29,143,0,0,2,True,False,True,0.41539642859567166,0.41539642859567166
gross_gain,man29,149,0,0,2,True,False,True,0.0,0.0
gross_gain,man29,151,0,0,2,True,False,True,0.0,0.0
gross_gain,man29,152,0,0,2,True,False,True,0.0,0.0
gross_gain,man29,153,0,0,2,True,False,True,0.0,0.0
gross_gain,man29,154,0,0,2,True,False,True,0.0,0.0
gross_gain,man29,155,0,0,2,True,False,True,0.0,0.0
gross_gain,man29,156,0,0,2,True,False,True,0.0,0.0
gross_gain,man29,157,0,0,2,True,False,True,0.0,0.0
gross_gain,man29,158,0,0,2,True,False,True,0.0,0.0
gross_gain,man29,160,0,0,2,True,False,True,0.0,0.0
gross_gain,man29,161,0,0,2,True,False,True,0.0,0.0
gross_gain,man29,162,0,0,2,True,False,True,0.0,0.0
gross_gain,man29,163,0,0,2,True,False,True,0.0,0.0
gross_gain,man29,164,0,0,2,True,False,True,0.0,0.0
gross_gain,man29,165,0,0,2,True,False,True,0.0,0.0
gross_gain,man29,169,0,0,2,True,False,True,0.0,0.0
gross_gain,man29,171,0,0,2,True,False,True,0.0,0.0
gross_gain,man29,176,0,0,2,True,False,True,0.0,0.0
gross_gain,man29,177,0,0,2,True,False,True,0.0,0.0
gross_gain,man29,183,0,0,2,True,False,True,0.0,0.0
gross_gain,man29,184,0,0,2,True,False,True,0.0,0.0
gross_gain,man29,185,0,0,2,True,False,True,0.0,0.0
gross_gain,man29,186,0,0,2,True,False,True,0.0,0.0
gross_gain,man29,187,0,0,2,True,False,True,0.0,0.0
gross_gain,man29,189,0,0,2,True,False,True,0.0,0.0
gross_gain,man29,190,0,0,2,True,False,True,0.0,0.0
gross_gain,man29,191,0,0,2,True,False,True,0.0,0.0
gross_gain,man29,192,0,0,2,True,False,True,0.0,0.0
gross_gain,man29,193,0,0,2,True,False,True,0.0,0.0
gross_gain,man29,194,0,0,2,True,False,True,0.0,0.0
gross_gain,man29,195,0,0,2,True,False,True,0.0,0.0
gross_gain,man29,196,0,0,2,True,False,True,0.0,0.0
gross_gain,man29,197,0,0,2,True,False,True,0.0,0.0
gross_gain,man29,198,0,0,2,True,False,True,0.0,0.0
gross_gain,man29,252,0,0,0,False,True,True,0.5838588711941629,0.5838588711941629
gross_gain,man3,199,0,0,0,False,True,True,0.9540410228490521,0.9540410228490521
gross_gain,man3,288,0,0,0,False,True,True,0.8702399218497677,0.8702399218497677
gross_gain,man3,375,0,0,0,False,True,True,0.9268277616813433,0.9268277616813433
gross_gain,man3,424,0,0,0,False,True,True,0.7654288125998264,0.7654288125998264
gross_gain,man3,454,0,0,0,False,True,True,0.8985335558958791,0.8985335558958791
gross_gain,man3,480,0,0,0,False,True,True,0.8465411695966013,0.8465411695966013
gross_gain,man3,541,0,0,0,False,True,True,0.9146318977663919,0.9146318977663919
gross_gain,man3,882,0,0,2,True,False,True,0.45551103341904436,0.45551103341904436
gross_gain,man3,1019,0,0,2,True,False,True,0.5663215171397343,0.5663215171397343
gross_gain,man3,1159,0,0,0,False,True,True,0.9704045670372606,0.9704045670372606
gross_gain,man3,1913,0,0,0,False,True,True,0.9421430071413742,0.9421430071413742
gross_gain,man3,1914,0,0,2,True,False,True,0.7497297839492644,0.7497297839492644
gross_gain,man3,2109,0,0,2,True,False,True,0.8219919570055496,0.8219919570055496
gross_gain,man3,2110,0,0,2,True,False,True,0.8475010171031224,0.8475010171031224
gross_gain,man3,2210,0,0,0,False,True,True,0.9100365923555936,0.9100365923555936
gross_gain,man3,2465,0,0,0,False,True,True,0.7229215566835323,0.7229215566835323
gross_gain,man3,2875,0,0,0,False,True,True,0.903976164785707,0.903976164785707
gross_gain,man3,3078,0,0,0,False,True,True,0.7657041627706483,0.7657041627706483
gross_gain,man3,3467,0,0,0,False,True,True,0.8217373869383745,0.8217373869383745
gross_gain,man3,3499,0,0,0,False,True,True,0.8241965167963281,0.8241965167963281
gross_gain,man3,3500,0,0,0,False,True,True,0.6872947278077679,0.6872947278077679
gross_gain,man3,3501,0,0,0,False,True,True,0.7447915918980784,0.7447915918980784
gross_gain,man3,3519,0,0,0,False,True,True,0.7834707827392532,0.7834707827392532
gross_gain,man3,3520,0,0,0,False,True,True,0.8464941797536628,0.8464941797536628
gross_gain,man3,3542,0,0,0,False,True,True,0.9400131826419499,0.9400131826419499
gross_gain,man3,3554,0,0,0,False,True,True,0.8811456523064909,0.8811456523064909
gross_gain,man3,3567,0,0,2,True,False,True,0.8704313638314063,0.8704313638314063
gross_gain,man3,3568,0,0,2,True,False,True,0.4709971597151242,0.4709971597151242
gross_gain,man3,3598,0,0,2,True,False,True,0.4335120711127061,0.4335120711127061
gross_gain,man3,3599,0,0,2,True,False,True,0.5032934342809502,0.5032934342809502
gross_gain,man3,3600,0,0,2,True,False,True,0.6668000171783944,0.6668000171783944
gross_gain,man3,3601,0,0,2,True,False,True,0.8221440004802717,0.8221440004802717
gross_gain,man3,3602,0,0,2,True,False,True,0.37157477725851523,0.37157477725851523
gross_gain,man3,3603,0,0,2,True,False,True,0.7737659144152024,0.7737659144152024
gross_gain,man3,3623,0,0,2,True,False,True,0.6769726387960916,0.6769726387960916
gross_gain,man3,3624,0,0,2,True,False,True,0.5402521062442188,0.5402521062442188
gross_gain,man3,3625,0,0,2,True,False,True,0.6649990630574331,0.6649990630574331
gross_gain,man3,3626,0,0,2,True,False,True,0.49955897690169565,0.49955897690169565
gross_gain,man4,7,0,0,0,False,True,True,0.8136037509030356,0.8136037509030356
gross_gain,man4,8,0,0,0,False,True,True,0.7579022694395434,0.7579022694395434
gross_gain,man4,9,0,0,0,False,True,True,0.7062766455017496,0.7062766455017496
gross_gain,man4,10,0,0,0,False,True,True,0.7158053119551031,0.7158053119551031
gross_gain,man4,11,0,0,0,False,True,True,0.6761008595583173,0.6761008595583173
gross_gain,man4,20,0,1,2,True,False,True,0.0,0.0
gross_gain,man4,21,0,0,2,True,False,True,0.3689170993203545,0.3689170993203545
gross_gain,man4,22,0,0,2,True,False,True,0.3058822965249821,0.3058822965249821
gross_gain,man4,23,0,0,2,True,False,True,0.20484871582815656,0.20484871582815656
gross_gain,man4,24,0,0,2,True,False,True,0.13706292325412336,0.13706292325412336
gross_gain,man4,25,0,0,2,True,False,True,0.09257471271747822,0.09257471271747822
gross_gain,man4,26,0,0,2,True,False,True,0.5694102792001261,0.5694102792001261
gross_gain,man4,27,0,0,2,True,False,True,0.627434301919902,0.627434301919902
gross_gain,man4,28,0,0,2,True,False,True,0.6194764958861946,0.6194764958861946
gross_gain,man4,122,0,0,0,False,True,True,0.828633652369811,0.828633652369811
gross_gain,man4,123,0,0,0,False,True,True,0.8305695887268718,0.8305695887268718
gross_gain,man4,124,0,0,0,False,True,True,0.8425344180683411,0.8425344180683411
gross_gain,man4,125,0,0,0,False,True,True,0.8513795947038962,0.8513795947038962
gross_gain,man4,128,0,0,0,False,True,True,0.8656811901210608,0.8656811901210608
gross_gain,man4,130,0,0,0,False,True,True,0.8626078054703631,0.8626078054703631
gross_gain,man4,133,0,0,0,False,True,True,0.8397577771423332,0.8397577771423332
gross_gain,man4,134,0,0,0,False,True,True,0.8492705286092774,0.8492705286092774
gross_gain,man4,136,0,0,0,False,True,True,0.8318108540889764,0.8318108540889764
gross_gain,man4,138,0,0,0,False,True,True,0.9155791401752137,0.9155791401752137
gross_gain,man4,140,0,0,0,False,True,True,0.7977046598014855,0.7977046598014855
gross_gain,man4,141,0,0,0,False,True,True,0.8181494717231926,0.8181494717231926
gross_gain,man4,169,0,0,0,False,True,True,0.738065462660264,0.738065462660264
gross_gain,man4,170,0,0,0,False,True,True,0.7381875133449941,0.7381875133449941
gross_gain,man4,175,0,0,0,False,True,True,0.7277468135322542,0.7277468135322542
gross_gain,man4,177,0,0,0,False,True,True,0.7620589175401588,0.7620589175401588
gross_gain,man4,178,0,0,0,False,True,True,0.7812906372352819,0.7812906372352819
gross_gain,man4,180,0,0,0,False,True,True,0.8440274049264702,0.8440274049264702
gross_gain,man4,182,0,0,0,False,True,True,0.9417588376549113,0.9417588376549113
gross_gain,man4,183,0,0,0,False,True,True,0.9440902161047048,0.9440902161047048
gross_gain,man4,253,0,0,0,False,True,True,0.9230673861454525,0.9230673861454525
gross_gain,man4,278,0,0,0,False,True,True,0.927407205463003,0.927407205463003
gross_gain,man4,283,0,0,0,False,True,True,0.8774496381661684,0.8774496381661684
gross_gain,man4,324,0,0,0,False,True,True,0.9271282579722161,0.9271282579722161
gross_gain,man4,326,0,0,0,False,True,True,0.92258142046608,0.92258142046608
gross_gain,man4,328,0,0,0,False,True,True,0.9189435386050285,0.9189435386050285
gross_gain,man4,329,0,0,0,False,True,True,0.9180569323933038,0.9180569323933038
gross_gain,man4,330,0,0,0,False,True,True,0.8480101716176863,0.8480101716176863
gross_gain,man4,331,0,0,0,False,True,True,0.8717248098513815,0.8717248098513815
gross_gain,man4,340,0,0,0,False,True,True,0.9115893231854082,0.9115893231854082
gross_gain,man4,375,0,0,0,False,True,True,0.9393082672078193,0.9393082672078193
gross_gain,man4,376,0,0,0,False,True,True,0.8913248229107118,0.8913248229107118
gross_gain,man4,383,0,0,0,False,True,True,0.8960792236258271,0.8960792236258271
gross_gain,man4,393,0,0,0,False,True,True,0.9273437760126846,0.9273437760126846
gross_gain,man4,395,0,0,0,False,True,True,0.8255378021456177,0.8255378021456177
gross_gain,man4,396,0,0,0,False,True,True,0.912528726872759,0.912528726872759
gross_gain,man4,399,0,0,0,False,True,True,0.7888552895256906,0.7888552895256906
gross_gain,man4,421,0,0,0,False,True,True,0.8281288431073559,0.8281288431073559
gross_gain,man4,422,0,0,0,False,True,True,0.8247528411073904,0.8247528411073904
gross_gain,man4,503,0,0,0,False,True,True,0.848427636903738,0.848427636903738
gross_gain,man4,504,0,0,0,False,True,True,0.9026730564999228,0.9026730564999228
gross_gain,man4,505,0,0,0,False,True,True,0.882347260225236,0.882347260225236
gross_gain,man4,506,0,0,0,False,True,True,0.8999731954896301,0.8999731954896301
gross_gain,man4,507,0,0,0,False,True,True,0.9021466768784494,0.9021466768784494
gross_gain,man4,508,0,0,0,False,True,True,0.9029142632231171,0.9029142632231171
gross_gain,man4,509,0,0,0,False,True,True,0.8723752035523114,0.8723752035523114
gross_gain,man4,510,0,0,0,False,True,True,0.8766738550726184,0.8766738550726184
gross_gain,man4,511,0,0,0,False,True,True,0.8720363051388255,0.8720363051388255
gross_gain,man4,512,0,0,0,False,True,True,0.8638607358818055,0.8638607358818055
gross_gain,man4,513,0,0,0,False,True,True,0.8697254312854804,0.8697254312854804
gross_gain,man4,514,0,0,0,False,True,True,0.9098906074180487,0.9098906074180487
gross_gain,man4,515,0,0,0,False,True,True,0.8786243366108057,0.8786243366108057
gross_gain,man4,518,0,0,0,False,True,True,0.8718963188197847,0.8718963188197847
gross_gain,man4,519,0,0,0,False,True,True,0.873815225723307,0.873815225723307
gross_gain,man4,525,0,0,0,False,True,True,0.8565480141606955,0.8565480141606955
gross_gain,man4,526,0,0,0,False,True,True,0.8540212212165088,0.8540212212165088
gross_gain,man4,527,0,0,0,False,True,True,0.8431820930769343,0.8431820930769343
gross_gain,man4,528,0,0,0,False,True,True,0.8526131168709378,0.8526131168709378
gross_gain,man4,576,0,0,0,False,True,True,0.7642301887802777,0.7642301887802777
gross_gain,man45,24,0,0,2,True,False,True,0.635508113326458,0.635508113326458
gross_gain,man45,25,0,0,2,True,False,True,0.6040397201516375,0.6040397201516375
gross_gain,man45,26,0,0,2,True,False,True,0.6047476933429549,0.6047476933429549
gross_gain,man45,28,0,0,2,True,False,True,0.7105431661436573,0.7105431661436573
gross_gain,man45,34,0,0,2,True,False,True,0.4849207236372999,0.4849207236372999
gross_gain,man45,36,0,0,2,True,False,True,0.5622232911710395,0.5622232911710395
gross_gain,man45,38,0,0,2,True,False,True,0.5731182999542506,0.5731182999542506
gross_gain,man45,39,0,0,2,True,False,True,0.6294432943423822,0.6294432943423822
gross_gain,man45,55,0,0,2,True,False,True,0.7429575940396658,0.7429575940396658
gross_gain,man45,68,0,0,2,True,False,True,0.7032725232328233,0.7032725232328233
gross_gain,man45,69,0,0,2,True,False,True,0.6199346533682556,0.6199346533682556
gross_gain,man45,70,0,0,2,True,False,True,0.4913324770623384,0.4913324770623384
gross_gain,man45,71,0,0,2,True,False,True,0.6217321287001908,0.6217321287001908
gross_gain,man45,72,0,0,2,True,False,True,0.7119334099152456,0.7119334099152456
gross_gain,man45,73,0,0,2,True,False,True,0.7171404991590886,0.7171404991590886
gross_gain,man45,74,0,0,2,True,False,True,0.6982613823971231,0.6982613823971231
gross_gain,man45,75,0,0,2,True,False,True,0.5732179646754203,0.5732179646754203
gross_gain,man45,76,0,0,2,True,False,True,0.6912114250506464,0.6912114250506464
gross_gain,man45,78,0,0,2,True,False,True,0.7621820657327666,0.7621820657327666
gross_gain,man45,79,0,0,2,True,False,True,0.7122690333586904,0.7122690333586904
gross_gain,man45,81,0,0,2,True,False,True,0.7728470760421073,0.7728470760421073
gross_gain,man45,88,0,0,2,True,False,True,0.6189870592402299,0.6189870592402299
gross_gain,man45,89,0,0,2,True,False,True,0.7135650532382034,0.7135650532382034
gross_gain,man45,92,0,0,2,True,False,True,0.8247939954955179,0.8247939954955179
gross_gain,man45,93,0,0,2,True,False,True,0.8701702148571939,0.8701702148571939
gross_gain,man45,95,0,0,2,True,False,True,0.7558584160490126,0.7558584160490126
gross_gain,man45,142,0,0,2,True,False,True,0.48786987879913196,0.48786987879913196
gross_gain,man45,143,0,0,2,True,False,True,0.5177378735789455,0.5177378735789455
gross_gain,man45,153,0,0,2,True,False,True,0.6996335634927398,0.6996335634927398
gross_gain,man45,154,0,0,2,True,False,True,0.6592176932261216,0.6592176932261216
gross_gain,man45,155,0,0,2,True,False,True,0.7744011113933624,0.7744011113933624
gross_gain,man45,156,0,0,2,True,False,True,0.617289481530599,0.617289481530599
gross_gain,man45,157,0,0,2,True,False,True,0.539385873353441,0.539385873353441
gross_gain,man45,160,0,0,2,True,False,True,0.7213854148782517,0.7213854148782517
gross_gain,man45,161,0,0,2,True,False,True,0.4670273231707328,0.4670273231707328
gross_gain,man45,162,0,0,2,True,False,True,0.41615869667759753,0.41615869667759753
gross_gain,man45,163,0,0,2,True,False,True,0.30567202677520944,0.30567202677520944
gross_gain,man45,164,0,0,2,True,False,True,0.16712004310011322,0.16712004310011322
gross_gain,man45,165,0,0,2,True,False,True,0.5110313717217488,0.5110313717217488
gross_gain,man45,166,0,0,2,True,False,True,0.43961564682415627,0.0
gross_gain,man45,172,0,0,2,True,False,True,0.0,0.6060524666241275
gross_gain,man45,187,0,0,2,True,False,True,0.6765029884399971,0.6765029884399971
gross_gain,man45,197,0,0,2,True,False,True,0.6198167602714766,0.6198167602714766
gross_gain,man45,222,0,0,2,True,False,True,0.5890104114872483,0.5890104114872483
gross_gain,man45,225,0,0,2,True,False,True,0.6011521271659027,0.6011521271659027
gross_gain,man45,229,0,0,2,True,False,True,0.6828517713101488,0.6828517713101488
gross_gain,man45,233,0,0,2,True,False,True,0.6335408876618221,0.6335408876618221
gross_gain,man45,234,0,0,2,True,False,True,0.6655860621555562,0.6655860621555562
gross_gain,man45,255,0,0,2,True,False,True,0.7742644802331354,0.7742644802331354
gross_gain,man45,257,0,0,2,True,False,True,0.7622634835578311,0.7622634835578311
gross_gain,man45,262,0,0,2,True,False,True,0.7607605069317688,0.7607605069317688
gross_gain,man45,263,0,0,2,True,False,True,0.7523779827244308,0.7523779827244308
gross_gain,man5,113,0,0,0,False,True,True,0.879264659093284,0.879264659093284
gross_gain,man5,114,0,0,0,False,True,True,0.8467796260682231,0.8467796260682231
gross_gain,man5,119,0,0,0,False,True,True,0.7485081132487341,0.7485081132487341
gross_gain,man5,132,0,0,0,False,True,True,0.7786239652175295,0.7786239652175295
gross_gain,man5,133,0,0,0,False,True,True,0.7524054671934355,0.7524054671934355
gross_gain,man5,134,0,0,0,False,True,True,0.7565638254361803,0.7565638254361803
gross_gain,man5,135,0,0,0,False,True,True,0.7959648493012162,0.7959648493012162
gross_gain,man5,136,0,0,0,False,True,True,0.774593873787899,0.774593873787899
gross_gain,man5,137,0,0,0,False,True,True,0.7841345710260422,0.7841345710260422
gross_gain,man5,138,0,0,0,False,True,True,0.7044523621592124,0.7044523621592124
gross_gain,man5,140,0,0,0,False,True,True,0.7021016767245271,0.7021016767245271
gross_gain,man5,141,0,0,0,False,True,True,0.7063437477555282,0.7063437477555282
gross_gain,man5,148,0,0,0,False,True,True,0.8319850676792659,0.8319850676792659
gross_gain,man5,149,0,0,0,False,True,True,0.8360552012242476,0.8360552012242476
gross_gain,man5,150,0,0,0,False,True,True,0.8449112626275532,0.8449112626275532
gross_gain,man5,151,0,0,0,False,True,True,0.8759236500345828,0.8759236500345828
gross_gain,man5,153,0,0,0,False,True,True,0.7079306645641337,0.7079306645641337
gross_gain,man5,172,0,0,0,False,True,True,0.8272018264308122,0.8272018264308122
gross_gain,man5,173,0,0,0,False,True,True,0.813601517691767,0.813601517691767
gross_gain,man5,178,0,0,0,False,True,True,0.7253103821398951,0.7253103821398951
gross_gain,man5,179,0,0,0,False,True,True,0.7444066139981269,0.7444066139981269
gross_gain,man5,180,0,0,0,False,True,True,0.7690078902637991,0.7690078902637991
gross_gain,man5,181,0,0,0,False,True,True,0.7833209250200778,0.7833209250200778
gross_gain,man5,182,0,0,0,False,True,True,0.7907639503475411,0.7907639503475411
gross_gain,man5,183,0,0,0,False,True,True,0.7841453064847683,0.7841453064847683
gross_gain,man5,185,0,0,0,False,True,True,0.7581826815227998,0.7581826815227998
gross_gain,man5,228,0,0,2,True,False,True,0.863982278104817,0.863982278104817
gross_gain,man5,241,0,0,0,False,True,True,0.9793838789360642,0.9793838789360642
gross_gain,man5,242,0,0,0,False,True,True,0.9720180788937124,0.9720180788937124
gross_gain,man5,243,0,0,0,False,True,True,0.9251499660706449,0.9251499660706449
gross_gain,man5,252,0,0,0,False,True,True,0.903685104785189,0.903685104785189
gross_gain,man5,351,0,0,0,False,True,True,0.7495094123619187,0.7495094123619187
gross_gain,man5,352,0,0,0,False,True,True,0.7996579222999056,0.7996579222999056
gross_gain,man5,353,0,0,0,False,True,True,0.8273144938604763,0.8273144938604763
gross_gain,man5,354,0,0,0,False,True,True,0.8275745031105,0.8275745031105
gross_gain,man5,355,0,0,0,False,True,True,0.8605377607996317,0.8605377607996317
gross_gain,man5,356,0,0,0,False,True,True,0.8993143339473768,0.8993143339473768
gross_gain,man5,395,0,0,0,False,True,True,0.8237390837641909,0.8237390837641909
gross_gain,man5,396,0,0,0,False,True,True,0.8449155264691707,0.8449155264691707
gross_gain,man5,406,0,0,0,False,True,True,0.8846881970795566,0.8846881970795566
gross_gain,man5,416,0,0,0,False,True,True,0.8409187498843878,0.8409187498843878
gross_gain,man5,420,0,0,0,False,True,True,0.7963429766243459,0.7963429766243459
gross_gain,man5,422,0,0,0,False,True,True,0.8165177272060926,0.8165177272060926
gross_gain,man5,430,0,0,0,False,True,True,0.7482798390326485,0.7482798390326485
gross_gain,man5,431,0,0,0,False,True,True,0.7579052521954885,0.7579052521954885
gross_gain,man5,432,0,0,0,False,True,True,0.7905725782087983,0.7905725782087983
gross_gain,man5,454,0,0,0,False,True,True,0.835841966392514,0.835841966392514
gross_gain,man5,481,0,0,0,False,True,True,0.7821302060566084,0.7821302060566084
gross_gain,man5,482,0,0,0,False,True,True,0.8486075884964602,0.8486075884964602
gross_gain,man5,484,0,0,0,False,True,True,0.8311283004592408,0.8311283004592408
gross_gain,man5,487,0,0,0,False,True,True,0.8963694026628269,0.8963694026628269
gross_gain,man5,488,0,0,0,False,True,True,0.9162497722132839,0.9162497722132839
gross_gain,man5,490,0,0,0,False,True,True,0.9014989402969941,0.9014989402969941
gross_gain,man5,491,0,0,0,False,True,True,0.9084895195642005,0.9084895195642005
gross_gain,man5,492,0,0,0,False,True,True,0.9089945634532287,0.9089945634532287
gross_gain,man5,494,0,0,0,False,True,True,0.9132123927035231,0.9132123927035231
gross_gain,man5,495,0,0,0,False,True,True,0.9305989323079148,0.9305989323079148
gross_gain,man5,498,0,0,0,False,True,True,0.9230293807256037,0.9230293807256037
gross_gain,man5,499,0,0,0,False,True,True,0.924631732766955,0.924631732766955
gross_gain,man5,503,0,0,0,False,True,True,0.826520371486981,0.826520371486981
gross_gain,man5,520,0,0,0,False,True,True,0.7492493750425976,0.7492493750425976
gross_gain,man5,557,0,0,0,False,True,True,0.8574589569654039,0.8574589569654039
gross_gain,man55,1,0,0,0,False,True,True,0.7266892080772616,0.7266892080772616
gross_gain,man55,92,0,0,0,False,True,True,0.8170897699005172,0.8170897699005172
gross_gain,man55,290,0,0,2,True,False,True,0.550381622404427,0.550381622404427
gross_gain,man69,36,0,0,2,True,False,True,0.6836999617257938,0.6836999617257938
gross_gain,man69,56,0,0,2,True,False,True,0.5136368673036843,0.5136368673036843
gross_gain,man69,64,0,0,2,True,False,True,0.6468660740183019,0.6468660740183019
gross_gain,man69,74,0,0,2,True,False,True,0.6390081834889142,0.6390081834889142
gross_gain,man69,75,0,0,2,True,False,True,0.5742727275255785,0.5742727275255785
gross_gain,man69,76,0,0,2,True,False,True,0.6837298552749778,0.6837298552749778
gross_gain,man69,80,0,0,2,True,False,True,0.5320623509740672,0.5320623509740672
gross_gain,man69,81,0,0,2,True,False,True,0.48359083317299245,0.48359083317299245
gross_gain,man69,83,0,0,2,True,False,True,0.5353535129290048,0.5353535129290048
gross_gain,man69,84,0,0,2,True,False,True,0.5357145362997676,0.5357145362997676
gross_gain,man69,85,0,0,2,True,False,True,0.5470458737910345,0.5470458737910345
gross_gain,man69,88,0,0,2,True,False,True,0.6385862889100198,0.6385862889100198
gross_gain,man69,89,0,0,2,True,False,True,0.6953370196706986,0.6953370196706986
gross_gain,man69,92,0,0,2,True,False,True,0.6814522301082111,0.6814522301082111
gross_gain,man69,102,0,0,2,True,False,True,0.5626175554943685,0.5626175554943685
gross_gain,man69,103,0,0,2,True,False,True,0.5520781179247587,0.5520781179247587
gross_gain,man69,104,0,0,2,True,False,True,0.5670409589823093,0.5670409589823093
gross_gain,man69,105,0,0,2,True,False,True,0.6391731149868287,0.6391731149868287
gross_gain,man69,106,0,0,2,True,False,True,0.624215020021769,0.624215020021769
gross_gain,man7,381,0,0,0,False,True,True,0.6790756964020215,0.6790756964020215
gross_gain,man7,382,0,0,0,False,True,True,0.7215839746907737,0.7215839746907737
gross_gain,man7,383,0,0,0,False,True,True,0.7213622748107028,0.7213622748107028
gross_gain,man7,414,0,0,0,False,True,True,0.83744072029637,0.83744072029637
gross_gain,man7,429,0,0,0,False,True,True,0.7955981929669014,0.7955981929669014
gross_gain,man7,443,0,0,0,False,True,True,0.7700597888690324,0.7700597888690324
gross_gain,man7,471,0,0,0,False,True,True,0.6305335175335384,0.6305335175335384
gross_gain,man7,472,0,0,0,False,True,True,0.6124225896814783,0.6124225896814783
gross_gain,man7,474,0,0,0,False,True,True,0.6809439450766567,0.6809439450766567
gross_gain,man7,475,0,0,0,False,True,True,0.6975069929167282,0.6975069929167282
gross_gain,man7,476,0,0,0,False,True,True,0.7010499543434877,0.7010499543434877
gross_gain,man7,493,0,0,2,True,False,True,0.5713575947687021,0.5713575947687021
gross_gain,man7,503,0,0,0,False,True,True,0.7181985996715972,0.7181985996715972
gross_gain,man7,504,0,0,0,False,True,True,0.7102060606019348,0.7102060606019348
gross_gain,man7,505,0,0,0,False,True,True,0.7071532059659601,0.7071532059659601
gross_gain,man7,506,0,0,0,False,True,True,0.7091940691296303,0.7091940691296303
gross_gain,man7,507,0,0,0,False,True,True,0.6897891363099085,0.6897891363099085
gross_gain,man7,508,0,0,0,False,True,True,0.6925901951492303,0.6925901951492303
gross_gain,man7,509,0,0,0,False,True,True,0.6837142141963722,0.6837142141963722
gross_gain,man7,511,0,0,0,False,True,True,0.6848191227422452,0.6848191227422452
gross_gain,man7,512,0,0,0,False,True,True,0.6994359081393065,0.6994359081393065
gross_gain,man7,578,0,0,0,False,True,True,0.702068985763307,0.702068985763307
gross_gain,man7,579,0,0,0,False,True,True,0.7303537034838744,0.7303537034838744
gross_gain,man7,692,0,0,0,False,True,True,0.7502885763273945,0.7502885763273945
gross_gain,man7,702,0,0,0,False,True,True,0.7197831168948451,0.7197831168948451
gross_gain,man7,834,0,0,0,False,True,True,0.5885719428210022,0.5885719428210022
gross_gain,man7,899,0,0,0,False,True,True,0.6157600536523337,0.6157600536523337
gross_gain,man7,1092,0,0,0,False,True,True,0.7250608925667736,0.7250608925667736
gross_gain,man7,1093,0,0,0,False,True,True,0.7272679476702683,0.7272679476702683
gross_gain,man7,1094,0,0,0,False,True,True,0.7209824976430196,0.7209824976430196
gross_gain,man7,1100,0,0,0,False,True,True,0.7580489015537131,0.7580489015537131
gross_gain,man7,1101,0,0,0,False,True,True,0.7550413549154763,0.7550413549154763
gross_gain,man7,1102,0,0,0,False,True,True,0.7427970909304185,0.7427970909304185
gross_gain,man7,1109,0,0,0,False,True,True,0.7810596255025156,0.7810596255025156
gross_gain,man7,1111,0,0,0,False,True,True,0.7623505298585566,0.7623505298585566
gross_gain,man7,1112,0,0,0,False,True,True,0.7691451043168752,0.7691451043168752
gross_gain,man7,1113,0,0,0,False,True,True,0.762211811400726,0.762211811400726
gross_gain,man7,1115,0,0,0,False,True,True,0.763832293218171,0.763832293218171
gross_gain,man7,1117,0,0,0,False,True,True,0.8125049441983515,0.8125049441983515
gross_gain,man7,1129,0,0,0,False,True,True,0.8276730358190217,0.8276730358190217
gross_gain,man7,1136,0,0,0,False,True,True,0.80944568662944,0.80944568662944
gross_gain,man7,1161,0,0,0,False,True,True,0.765970704412166,0.765970704412166
gross_gain,man7,1162,0,0,0,False,True,True,0.7754634443701652,0.7754634443701652
gross_gain,man7,1163,0,0,0,False,True,True,0.7790485862638835,0.7790485862638835
gross_gain,man7,1174,0,0,0,False,True,True,0.9205369373277038,0.9205369373277038
gross_gain,man7,1289,0,0,2,True,False,True,0.5576801164703403,0.5576801164703403
gross_gain,man7,1297,0,0,0,False,False,True,0.4309124484975,0.0
gross_gain,man7,1300,0,0,2,True,False,True,0.0,0.0
gross_gain,man7,1302,0,0,2,True,False,True,0.0,0.0
gross_gain,man7,1308,0,0,2,True,False,True,0.0,0.0
gross_gain,man7,1522,0,1,2,True,False,True,0.0,0.0
gross_gain,man7,1524,0,1,2,True,False,True,0.0,0.0
gross_gain,man7,1530,0,0,2,True,False,True,0.8583622440148352,0.8583622440148352
gross_gain,man7,1543,0,0,2,True,False,True,0.8427362877660403,0.8427362877660403
gross_gain,man7,1550,0,0,2,True,False,True,0.13683826317015557,0.13683826317015557
gross_gain,man7,1553,0,0,2,True,False,True,0.16887863881630777,0.16887863881630777
gross_gain,man7,1555,0,0,2,True,False,True,0.21698607171410506,0.21698607171410506
gross_gain,man7,1556,0,0,2,True,False,True,0.0,0.0
gross_gain,man7,1557,0,0,2,True,False,True,0.0,0.0
gross_gain,man7,1558,0,0,2,True,False,True,0.0,0.0
gross_gain,man7,1559,0,0,2,True,False,True,0.0,0.0
gross_gain,man7,1560,0,0,2,True,False,True,0.0,0.0
gross_gain,man7,1563,0,0,2,True,False,True,0.0,0.0
gross_gain,man7,1575,0,0,2,True,False,True,0.0,0.0
gross_gain,man7,1576,0,0,2,True,False,True,0.0,0.0
gross_gain,man7,1584,0,0,2,True,False,True,0.0,0.0
gross_gain,man7,1585,0,0,2,True,False,True,0.0,0.0
gross_gain,man7,1586,2,0,2,True,True,True,0.0,0.0
gross_gain,man7,1608,0,0,2,True,False,True,0.0,0.0
gross_gain,man7,1609,0,0,2,True,False,True,0.0,0.0
gross_gain,man7,1615,0,0,2,True,False,True,0.0,0.0
gross_gain,man7,1616,0,0,2,True,False,True,0.0,0.0
gross_gain,man7,1617,0,0,2,True,False,True,0.0,0.0
gross_gain,man7,1621,0,0,2,True,False,True,0.0,0.0
gross_gain,man7,1623,0,0,2,True,False,True,0.0,0.0
gross_gain,man7,1658,0,0,2,True,False,True,0.0,0.0
gross_gain,man7,1764,0,0,2,True,False,True,0.0,0.0
gross_gain,man7,1765,0,0,2,True,False,True,0.0,0.0
gross_gain,man7,1776,0,0,2,True,False,True,0.8008783346578647,0.8008783346578647
gross_gain,man7,1778,0,0,2,True,False,True,0.7966563533988766,0.7966563533988766
gross_gain,man7,1780,0,0,2,True,False,True,0.8318441905410863,0.8318441905410863
gross_gain,man7,1783,0,0,2,True,False,True,0.07073225022089319,0.07073225022089319
gross_gain,man7,1784,0,0,2,True,False,True,0.6205094993923989,0.6205094993923989
gross_gain,man7,1789,0,0,2,True,False,True,0.7612835318628546,0.7612835318628546
gross_gain,man7,1793,0,0,2,True,False,True,0.7341591678326513,0.7341591678326513
gross_gain,man7,1795,0,0,2,True,False,True,0.8060154879682028,0.8060154879682028
gross_gain,man7,1797,0,0,2,True,False,True,0.8464113767228423,0.8464113767228423
gross_gain,man7,1798,0,0,2,True,False,True,0.7991556429785064,0.7991556429785064
gross_gain,man7,1817,0,0,2,True,False,True,0.7569753275085143,0.7569753275085143
gross_gain,man7,1819,0,0,2,True,False,True,0.9226529089486954,0.9226529089486954
gross_gain,man7,1835,0,0,2,True,False,True,0.10764427362110002,0.10764427362110002
gross_gain,man7,1849,0,0,2,True,False,True,0.26659288921106594,0.26659288921106594
gross_gain,man7,2007,0,0,2,True,False,True,0.15548588516795925,0.15548588516795925
gross_gain,man7,2013,0,0,2,True,False,True,0.08162139264011804,0.08162139264011804
gross_gain,man7,2021,0,0,2,True,False,True,0.7896582496409508,0.7896582496409508
gross_gain,man7,2022,0,0,2,True,False,True,0.5017558076340061,0.5017558076340061
gross_gain,man7,2024,0,0,2,True,False,True,0.7393042887280499,0.7393042887280499
gross_gain,man7,2026,0,0,2,True,False,True,0.9450162613328831,0.9450162613328831
gross_gain,man7,2027,0,0,2,True,False,True,0.8027318859248477,0.8027318859248477
gross_gain,man7,2029,0,0,2,True,False,True,0.8091056165657472,0.8091056165657472
gross_gain,man7,2030,0,0,2,True,False,True,0.6778905701389796,0.6778905701389796
gross_gain,man7,2031,0,0,2,True,False,True,0.7289813787940428,0.7289813787940428
gross_gain,man7,2032,0,0,2,True,False,True,0.792088205755949,0.792088205755949
gross_gain,man7,2034,0,0,2,True,False,True,0.8715333033879308,0.8715333033879308
gross_gain,man7,2050,0,0,2,True,False,True,0.0,0.0
gross_gain,man7,2052,0,1,2,True,False,True,0.0,0.0
gross_gain,man7,2055,0,1,2,True,False,True,0.0,0.0
gross_gain,man7,2056,0,1,2,True,False,True,0.0,0.0
gross_gain,man7,2060,0,0,2,True,False,True,0.878092507626287,0.878092507626287
gross_gain,man7,2062,0,1,2,True,False,True,0.8498344935896369,0.8498344935896369
gross_gain,man7,2067,0,1,2,True,False,True,0.0,0.0
gross_gain,man7,2071,0,1,2,True,False,True,0.0,0.0
gross_gain,man7,2073,0,1,2,True,False,True,0.0,0.0
gross_gain,man7,2092,0,0,2,True,False,True,0.0,0.0
gross_gain,man7,2093,0,0,2,True,False,True,0.0,0.0
gross_gain,man7,2103,0,0,2,True,False,True,0.0,0.0
gross_gain,man7,2104,0,0,2,True,False,True,0.0,0.0
gross_gain,man7,2105,0,0,2,True,False,True,0.0,0.0
gross_gain,man7,2106,0,0,2,True,False,True,0.0,0.0
gross_gain,man7,2108,0,0,2,True,False,True,0.0,0.0
gross_gain,man7,2109,0,0,2,True,False,True,0.0,0.0
gross_gain,man7,2110,0,0,2,True,False,True,0.0,0.0
gross_gain,man7,2111,0,0,2,True,False,True,0.0,0.0
gross_gain,man7,2112,0,0,2,True,False,True,0.0,0.0
gross_gain,man7,2113,0,0,2,True,False,True,0.0,0.0
gross_gain,man7,2114,0,0,2,True,False,True,0.0,0.0
gross_gain,man7,2115,0,0,2,True,False,True,0.0,0.0
gross_gain,man7,2116,0,0,2,True,False,True,0.0,0.0
gross_gain,man7,2154,0,0,2,True,False,True,0.7133606755172149,0.7133606755172149
gross_gain,man7,2155,0,0,2,True,False,True,0.5967691775579131,0.5967691775579131
gross_gain,man7,2165,0,0,2,True,False,True,0.049327178418634036,0.049327178418634036
gross_gain,man7,2170,0,1,0,False,False,True,0.0,0.0
gross_gain,man7,2172,0,0,2,True,False,True,0.0,0.0
gross_gain,man7,2173,0,0,2,True,False,True,0.0,0.0
gross_gain,man7,2175,0,0,2,True,False,True,0.0,0.0
gross_gain,man7,2176,0,0,2,True,False,True,0.0,0.0
gross_gain,man7,2178,0,0,2,True,False,True,0.0,0.0
gross_gain,man7,2182,0,1,2,True,False,True,0.0,0.0
gross_gain,man7,2184,0,0,2,True,False,True,0.0,0.0
gross_gain,man7,2190,0,0,2,True,False,True,0.0,0.0
gross_gain,man7,2192,0,0,2,True,False,True,0.0,0.0
gross_gain,man7,2193,0,2,2,True,False,True,0.0,0.0
gross_gain,man7,2195,0,0,2,True,False,True,0.0,0.0
gross_gain,man7,2196,0,0,2,True,False,True,0.0,0.0
gross_gain,man7,2259,0,0,2,True,False,True,0.0,0.0
gross_gain,man7,2260,0,1,2,True,False,True,0.0,0.0
gross_gain,man7,2267,0,0,2,True,False,True,0.0,0.0
gross_gain,man7,2268,0,0,2,True,False,True,0.0,0.0
gross_gain,man7,2269,0,0,2,True,False,True,0.0,0.0
gross_gain,man7,2270,0,0,2,True,False,True,0.0,0.0
gross_gain,man7,2271,0,0,2,True,False,True,0.0,0.0
gross_gain,man7,2272,0,0,2,True,False,True,0.0,0.0
gross_gain,man7,2273,0,0,2,True,False,True,0.0,0.0
gross_gain,man7,2274,0,1,2,True,False,True,0.0,0.0
gross_gain,man7,2275,0,0,2,True,False,True,0.0,0.0
gross_gain,man7,2276,0,0,2,True,False,True,0.0,0.0
gross_gain,man7,2277,0,0,2,True,False,True,0.0,0.0
gross_gain,man7,2278,0,0,2,True,False,True,0.0,0.0
gross_gain,man7,2279,0,0,2,True,False,True,0.0,0.0
gross_gain,man7,2280,0,0,2,True,False,True,0.0,0.0
gross_gain,man7,2281,0,0,2,True,False,True,0.0,0.0
gross_gain,man7,2282,0,0,2,True,False,True,0.0,0.0
gross_gain,man7,2283,0,0,2,True,False,True,0.0,0.0
gross_gain,man7,2305,0,0,2,True,False,True,0.0,0.0
gross_gain,man7,2307,0,0,2,True,False,True,0.0,0.0
gross_gain,man7,2308,0,0,2,True,False,True,0.0,0.0
gross_gain,man7,2311,0,0,2,True,False,True,0.0,0.0
gross_gain,man7,2317,0,0,2,True,False,True,0.0,0.0
gross_gain,man7,2319,0,0,2,True,False,True,0.0,0.0
gross_gain,man7,2320,0,0,2,True,False,True,0.0,0.0
gross_gain,man7,2322,0,0,2,True,False,True,0.0,0.0
gross_gain,man7,2323,0,0,2,True,False,True,0.0,0.0
gross_gain,man7,2341,0,0,2,True,False,True,0.0,0.0
gross_gain,man7,2350,0,0,2,True,False,True,0.0,0.0
gross_gain,man7,2366,0,0,2,True,False,True,0.0,0.0
gross_gain,man7,2374,0,0,2,True,False,True,0.0,0.0
gross_gain,man7,2376,0,0,2,True,False,True,0.0,0.0
gross_gain,man7,2378,0,0,2,True,False,True,0.0,0.0
gross_gain,man7,2379,0,0,2,True,False,True,0.0,0.0
gross_gain,man7,2380,0,0,2,True,False,True,0.0,0.0
gross_gain,man7,2381,0,0,2,True,False,True,0.0,0.0
gross_gain,man7,2382,0,0,2,True,False,True,0.0,0.0
gross_gain,man7,2383,0,0,2,True,False,True,0.0,0.0
gross_gain,man7,2384,0,0,2,True,False,True,0.0,0.0
gross_gain,man7,2392,0,0,2,True,False,True,0.0,0.0
gross_gain,man7,2394,0,0,2,True,False,True,0.0,0.0
gross_gain,man7,2395,0,0,2,True,False,True,0.0,0.0
gross_gain,man7,2398,0,0,2,True,False,True,0.0,0.0
gross_gain,man7,2404,0,0,2,True,False,True,0.0,0.0
gross_gain,man7,2407,0,0,2,True,False,True,0.0,0.0
gross_gain,man7,2412,0,0,2,True,False,True,0.0,0.0
gross_gain,man7,2415,0,0,2,True,False,True,0.0,0.0
gross_gain,man7,2458,0,0,2,True,False,True,0.0,0.0
gross_gain,man7,2466,0,0,2,True,False,True,0.0,0.0
gross_gain,man7,2468,0,0,2,True,False,True,0.0,0.0
gross_gain,man7,2474,0,0,2,True,False,True,0.0,0.0
gross_gain,man7,2478,0,0,2,True,False,True,0.0,0.0
gross_gain,man7,2481,0,0,2,True,False,True,0.0,0.0
gross_gain,man7,2487,0,0,2,True,False,True,0.0,0.0
gross_gain,man7,2494,0,0,2,True,False,True,0.0,0.0
gross_gain,man7,2496,0,0,2,True,False,True,0.0,0.0
gross_gain,man7,2497,0,0,2,True,False,True,0.0,0.0
gross_gain,man7,2498,0,0,2,True,False,True,0.0,0.0
gross_gain,man7,2511,0,0,2,True,False,True,0.0,0.0
gross_gain,man7,2720,0,0,2,True,False,True,0.0,0.0
gross_gain,man7,2742,0,0,2,True,False,True,0.0,0.0
gross_gain,man7,2743,0,1,2,True,False,True,0.0,0.0
gross_gain,man7,2744,0,0,2,True,False,True,0.0,0.0
gross_gain,man7,2746,0,0,2,True,False,True,0.0,0.0
gross_gain,man7,2747,0,0,2,True,False,True,0.0,0.0
gross_gain,man7,2751,0,0,2,True,False,True,0.0,0.0
gross_gain,man7,2754,0,2,2,True,False,True,0.0,0.0
gross_gain,man7,2755,0,0,2,True,False,True,0.0,0.0
gross_gain,man7,2756,0,0,2,True,False,True,0.0,0.0
gross_gain,man7,2759,0,0,2,True,False,True,0.0,0.0
gross_gain,man7,2768,0,0,2,True,False,True,0.0,0.0
gross_gain,man7,2769,0,0,2,True,False,True,0.0,0.0
gross_gain,man7,2770,0,0,2,True,False,True,0.0,0.0
gross_gain,man7,2771,0,0,2,True,False,True,0.0,0.0
gross_gain,man7,2772,0,0,2,True,False,True,0.0,0.0
gross_gain,man7,2775,0,0,2,True,False,True,0.0,0.0
gross_gain,man7,2776,0,0,2,True,False,True,0.0,0.0
gross_gain,man7,2778,0,0,2,True,False,True,0.0,0.0
gross_gain,man7,2780,0,0,2,True,False,True,0.0,0.0
gross_gain,man7,2813,0,0,2,True,False,True,0.0,0.0
gross_gain,man7,2817,0,0,2,True,False,True,0.0,0.0
gross_gain,man7,2842,0,2,2,True,False,True,0.0,0.0
gross_gain,man7,2844,0,2,2,True,False,True,0.0,0.0
gross_gain,man7,2850,0,0,2,True,False,True,0.0,0.0
gross_gain,man7,2855,0,0,2,True,False,True,0.0,0.0
gross_gain,man7,2859,0,0,2,True,False,True,0.0,0.0
gross_gain,man7,2860,0,1,2,True,False,True,0.0,0.0
gross_gain,man7,2861,0,0,2,True,False,True,0.0,0.0
gross_gain,man7,2913,0,0,2,True,False,True,0.0,0.0
gross_gain,man7,2915,0,0,2,True,False,True,0.0,0.0
gross_gain,man7,2921,0,1,2,True,False,True,0.0,0.0
gross_gain,man7,2951,0,1,2,True,False,True,0.5122049636969583,0.5122049636969583
gross_gain,man7,2953,0,0,2,True,False,True,0.0,0.0
gross_gain,man7,2958,0,0,2,True,False,True,0.0,0.0
gross_gain,man7,2960,0,0,2,True,False,True,0.0,0.0
gross_gain,man7,2974,0,0,2,True,False,True,0.04946648655691042,0.04946648655691042
gross_gain,man7,2977,0,0,2,True,False,True,0.06475539411398198,0.06475539411398198
gross_gain,man7,2982,0,0,2,True,False,True,0.1975861100261735,0.1975861100261735
gross_gain,man7,3004,0,0,2,True,False,True,0.3158128189922073,0.3158128189922073
gross_gain,man7,3007,0,0,2,True,False,True,0.05763031981434877,0.05763031981434877
gross_gain,man7,3012,0,0,2,True,False,True,0.808383242766021,0.808383242766021
gross_gain,man7,3041,0,0,2,True,False,True,0.9057218674247925,0.9057218674247925
gross_gain,man7,3043,0,1,2,True,False,True,0.8581857808143583,0.8581857808143583
gross_gain,man7,3138,0,0,2,True,False,True,0.0,0.0
gross_gain,man7,3148,2,0,2,True,True,True,0.16512187696495031,0.0
gross_gain,man7,3242,0,1,2,True,False,True,0.0,0.0
gross_gain,man7,3247,0,0,2,True,False,True,0.4913464184994191,0.4913464184994191
gross_gain,man7,3278,0,0,2,True,False,True,0.35238472426064904,0.35238472426064904
gross_gain,man7,3348,0,0,0,False,True,True,0.8088654963757954,0.8088654963757954
gross_gain,man7,3396,0,0,0,False,True,True,0.9531624942191351,0.9531624942191351
gross_gain,man7,3448,0,0,0,False,True,True,0.8020611126573585,0.8020611126573585
gross_gain,man7,3450,0,0,0,False,True,True,0.7787827446238643,0.7787827446238643
gross_gain,man7,3452,0,0,0,False,True,True,0.7519711673226549,0.7519711673226549
gross_gain,man7,3454,0,0,0,False,True,True,0.7423024551834528,0.7423024551834528
gross_gain,man7,3468,0,0,0,False,True,True,0.9140572188147187,0.9140572188147187
gross_gain,man7,3469,0,0,0,False,True,True,0.9619274240963697,0.9619274240963697
gross_gain,man7,3470,0,0,0,False,True,True,0.9290700764074861,0.9290700764074861
gross_gain,man7,3471,0,0,0,False,True,True,0.9266774804798195,0.9266774804798195
gross_gain,man7,3472,0,0,0,False,True,True,0.9372733791348394,0.9372733791348394
gross_gain,man7,3555,0,0,0,False,True,True,0.7924543297325,0.7924543297325
gross_gain,man7,3556,0,0,0,False,True,True,0.7591760476564422,0.7591760476564422
gross_gain,man7,3557,0,0,0,False,True,True,0.7675657584459131,0.7675657584459131
gross_gain,man7,3558,0,0,0,False,True,True,0.766350899083605,0.766350899083605
gross_gain,man7,3559,0,0,0,False,True,True,0.6977506313983955,0.6977506313983955
gross_gain,man7,3561,0,0,0,False,True,True,0.7688591352892272,0.7688591352892272
gross_gain,man7,3564,0,0,0,False,True,True,0.8840809557227277,0.8840809557227277
gross_gain,man7,3565,0,0,0,False,True,True,0.9194367570954631,0.9194367570954631
gross_gain,man7,3566,0,0,0,False,True,True,0.8265426040122879,0.8265426040122879
gross_gain,man7,3567,0,0,0,False,True,True,0.7868741109440008,0.7868741109440008
gross_gain,man7,3568,0,0,0,False,True,True,0.7970075572216331,0.7970075572216331
gross_gain,man7,3569,0,0,0,False,True,True,0.8188450410923459,0.8188450410923459
gross_gain,man7,3570,0,0,0,False,True,True,0.8185564527527786,0.8185564527527786
gross_gain,man7,3571,0,0,0,False,True,True,0.8673757938518719,0.8673757938518719
gross_gain,man7,3572,0,0,0,False,True,True,0.8649117176358436,0.8649117176358436
gross_gain,man7,3573,0,0,0,False,True,True,0.7910370600593278,0.7910370600593278
gross_gain,man7,3586,0,0,0,False,True,True,0.657860969426695,0.657860969426695
gross_gain,man7,3606,0,0,0,False,True,True,0.8326421680049619,0.8326421680049619
gross_gain,man7,3607,0,0,0,False,True,True,0.8691614688052174,0.8691614688052174
gross_gain,man7,3608,0,0,0,False,True,True,0.856431843217613,0.856431843217613
gross_gain,man7,3617,0,0,0,False,True,True,0.9157585366411213,0.9157585366411213
gross_gain,man7,3675,0,0,0,False,True,True,0.9309752512998216,0.9309752512998216
gross_gain,man7,3676,0,0,0,False,True,True,0.8436234502084059,0.8436234502084059
gross_gain,man7,3677,0,0,0,False,True,True,0.8208883555902929,0.8208883555902929
gross_gain,man7,3678,0,0,0,False,True,True,0.8189588592453471,0.8189588592453471
gross_gain,man7,3679,0,0,0,False,True,True,0.8040950045054115,0.8040950045054115
gross_gain,man7,3744,0,0,0,False,True,True,0.9229439409935405,0.9229439409935405
gross_gain,man7,3745,0,0,0,False,True,True,0.9232905727507966,0.9232905727507966
gross_gain,man7,3746,0,0,0,False,True,True,0.8932002449791193,0.8932002449791193
gross_gain,man7,3747,0,0,0,False,True,True,0.9211297214969597,0.9211297214969597
gross_gain,man7,3749,0,0,0,False,True,True,0.8151763371496479,0.8151763371496479
gross_gain,man7,3750,0,0,0,False,True,True,0.8757227384725449,0.8757227384725449
gross_gain,man7,3751,0,0,0,False,True,True,0.8303106044367234,0.8303106044367234
gross_gain,man7,3849,0,0,0,False,True,True,0.879762699369549,0.879762699369549
gross_gain,man7,3865,0,0,0,False,True,True,0.9277107909621253,0.9277107909621253
gross_gain,man7,4049,0,0,0,False,True,True,0.9312531101904393,0.9312531101904393
gross_gain,man7,4050,0,0,0,False,True,True,0.9188739704194577,0.9188739704194577
gross_gain,man7,4051,0,0,0,False,True,True,0.922344077211443,0.922344077211443
gross_gain,man7,4052,0,0,0,False,True,True,0.9331634133640747,0.9331634133640747
gross_gain,man7,4053,0,0,0,False,True,True,0.9358991149844749,0.9358991149844749
gross_gain,man7,4054,0,0,0,False,True,True,0.9738304549111809,0.9738304549111809
gross_gain,man7,4055,0,0,0,False,True,True,0.9685271592210979,0.9685271592210979
gross_gain,man7,4057,0,0,0,False,True,True,0.9236935402179297,0.9236935402179297
gross_gain,man7,4068,0,0,0,False,True,True,0.7827330979529556,0.7827330979529556
gross_gain,man7,4100,0,0,2,True,False,True,0.8110392964705484,0.8110392964705484
gross_gain,man8,210,0,0,2,True,False,True,0.7703916815828808,0.7703916815828808
gross_gain,man8,211,0,0,2,True,False,True,0.7546107814201274,0.7546107814201274
gross_gain,man8,219,0,0,2,True,False,True,0.7243543168749849,0.7243543168749849
gross_gain,man8,223,0,0,2,True,False,True,0.6988234246688946,0.6988234246688946
gross_gain,man8,238,0,0,2,True,False,True,0.8025289330457258,0.8025289330457258
gross_gain,man8,251,0,0,2,True,False,True,0.8543952005294297,0.8543952005294297
gross_gain,man8,254,0,0,2,True,False,True,0.7012012451153645,0.7012012451153645
gross_gain,man8,255,0,0,2,True,False,True,0.6125735753277576,0.6125735753277576
gross_gain,man8,266,0,0,2,True,False,True,0.7823742500131442,0.7823742500131442
gross_gain,man8,272,0,0,2,True,False,True,0.8718898100861133,0.8718898100861133
gross_gain,man8,277,0,0,2,True,False,True,0.8208057518208006,0.8208057518208006
gross_gain,man8,280,0,0,2,True,False,True,0.7944619052298801,0.7944619052298801
gross_gain,man8,320,0,0,2,True,False,True,0.8477587994185217,0.8477587994185217
gross_gain,man8,322,0,0,2,True,False,True,0.8978838182102409,0.8978838182102409
gross_gain,man8,323,0,0,2,True,False,True,0.7574783850133303,0.7574783850133303
gross_gain,man8,325,0,0,2,True,False,True,0.7208287425861053,0.7208287425861053
gross_gain,man8,326,0,0,2,True,False,True,0.7600088560432366,0.7600088560432366
gross_gain,man8,328,0,0,2,True,False,True,0.7856990504475466,0.7856990504475466
gross_gain,man8,653,0,0,2,True,False,True,0.47856029374909603,0.47856029374909603
gross_gain,man8,654,0,0,2,True,False,True,0.43738580423376106,0.43738580423376106
gross_gain,man8,655,0,0,2,True,False,True,0.46782335600002584,0.46782335600002584
gross_gain,man8,656,0,0,2,True,False,True,0.41453173809448146,0.41453173809448146
gross_gain,man8,658,0,0,2,True,False,True,0.48371710867567225,0.48371710867567225
gross_gain,man8,660,0,0,2,True,False,True,0.6729247138187572,0.6729247138187572
gross_gain,man8,663,0,0,2,True,False,True,0.6461208756512868,0.6461208756512868
gross_gain,man8,664,0,0,2,True,False,True,0.6519196143987795,0.6519196143987795
gross_gain,man8,665,0,0,2,True,False,True,0.5612114126604585,0.5612114126604585
gross_gain,man8,666,0,0,2,True,False,True,0.5262941015095913,0.5262941015095913
gross_gain,man8,668,0,0,2,True,False,True,0.6577930366959829,0.6577930366959829
gross_gain,man8,669,0,0,2,True,False,True,0.7645667520813522,0.7645667520813522
gross_gain,man8,670,0,0,2,True,False,True,0.6928265850445292,0.6928265850445292
gross_gain,man8,671,0,0,2,True,False,True,0.7478665238456742,0.7478665238456742
gross_gain,man8,672,0,0,2,True,False,True,0.6924830246388519,0.6924830246388519
gross_gain,man8,673,0,0,2,True,False,True,0.629155135543929,0.629155135543929
gross_gain,man8,674,0,0,2,True,False,True,0.7122375643831479,0.7122375643831479
gross_gain,man8,675,0,0,2,True,False,True,0.6210071496393159,0.6210071496393159
gross_gain,man8,676,0,0,2,True,False,True,0.7261130189377525,0.7261130189377525
gross_gain,man8,677,0,0,2,True,False,True,0.6820514528164278,0.6820514528164278
gross_gain,man8,678,0,0,2,True,False,True,0.7593116721813973,0.7593116721813973
gross_gain,man8,697,0,0,2,True,False,True,0.6182729189459233,0.6182729189459233
gross_gain,man8,776,0,0,2,True,False,True,0.5292062624775457,0.5292062624775457
gross_gain,man8,783,0,0,2,True,False,True,0.595722241495948,0.595722241495948
gross_gain,man8,1009,0,0,2,True,False,True,0.5319160631816132,0.5319160631816132
gross_gain,man8,1020,0,0,2,True,False,True,0.7915858205561146,0.7915858205561146
gross_gain,man8,1021,0,0,2,True,False,True,0.7500568313143466,0.7500568313143466
gross_gain,man8,1022,0,0,2,True,False,True,0.8703924711556708,0.8703924711556708
gross_gain,man8,1023,0,0,2,True,False,True,0.8520667270570343,0.8520667270570343
gross_gain,man8,1024,0,0,2,True,False,True,0.5976326162649995,0.5976326162649995
gross_gain,man8,1025,0,0,2,True,False,True,0.44352298644127625,0.44352298644127625
gross_gain,man8,1026,0,0,2,True,False,True,0.3187686653249741,0.3187686653249741
gross_gain,man8,1027,0,0,2,True,False,True,0.16976735309307625,0.16976735309307625
gross_gain,man8,1028,0,0,2,True,False,True,0.13081235959757725,0.13081235959757725
gross_gain,man8,1029,0,0,2,True,False,True,0.0,0.0
gross_gain,man8,1030,0,0,2,True,False,True,0.0,0.0
gross_gain,man8,1031,0,0,2,True,False,True,0.044794471709937674,0.044794471709937674
gross_gain,man8,1032,0,0,2,True,False,True,0.0,0.0
gross_gain,man8,1035,0,0,2,True,False,True,0.8304542309357759,0.8304542309357759
gross_gain,man8,1036,0,0,2,True,False,True,0.8660436664276433,0.8660436664276433
gross_gain,man8,1038,0,0,2,True,False,True,0.7811543440736942,0.7811543440736942
gross_gain,man8,1046,0,0,2,True,False,True,0.6542134855378439,0.6542134855378439
gross_gain,man8,1051,0,0,2,True,False,True,0.6347665088484776,0.6347665088484776
gross_gain,man8,1056,0,0,2,True,False,True,0.6738440856874587,0.6738440856874587
gross_gain,man8,1057,0,0,2,True,False,True,0.6910639040105088,0.6910639040105088
gross_gain,man8,1058,0,0,2,True,False,True,0.6009390317415085,0.6009390317415085
gross_gain,man8,1081,0,0,2,True,False,True,0.7693496079915019,0.7693496079915019
gross_gain,man8,1087,0,0,2,True,False,True,0.8578172874662612,0.8578172874662612
gross_gain,man8,1323,0,0,2,True,False,True,0.7249525717670477,0.7249525717670477
gross_gain,man8,1325,0,0,2,True,False,True,0.6455723950891623,0.6455723950891623
gross_gain,man8,1326,0,0,2,True,False,True,0.5529555972530817,0.5529555972530817
gross_gain,man8,1327,0,0,2,True,False,True,0.6924361214546638,0.6924361214546638
gross_gain,man8,1328,0,0,2,True,False,True,0.5509474906959745,0.5509474906959745
gross_gain,man8,1329,0,0,2,True,False,True,0.6412739480345491,0.6412739480345491
gross_gain,man8,1330,0,0,2,True,False,True,0.6255089597018749,0.6255089597018749
gross_gain,man8,1331,0,0,2,True,False,True,0.5770619654535551,0.5770619654535551
gross_gain,man8,1332,0,0,2,True,False,True,0.6265300455604486,0.6265300455604486
gross_gain,man8,1340,0,0,2,True,False,True,0.6402085819918186,0.6402085819918186
gross_gain,man8,1342,0,0,2,True,False,True,0.7816896508054119,0.7816896508054119
gross_gain,man8,1348,0,0,2,True,False,True,0.6590726088232746,0.6590726088232746
gross_gain,man8,1361,0,0,2,True,False,True,0.6761288977066916,0.6761288977066916
gross_gain,man8,1370,0,0,2,True,False,True,0.539257502474095,0.539257502474095
gross_gain,man8,1374,0,0,2,True,False,True,0.5711018635549009,0.5711018635549009
gross_gain,man8,1375,0,0,2,True,False,True,0.5790214950052215,0.5790214950052215
gross_gain,man8,1421,0,0,2,True,False,True,0.6918975125852661,0.6918975125852661
gross_gain,man8,1424,0,0,2,True,False,True,0.6525310393949628,0.6525310393949628
gross_gain,man8,1425,0,0,2,True,False,True,0.8027514941600853,0.8027514941600853
gross_gain,man8,1427,0,0,2,True,False,True,0.7176013589320317,0.7176013589320317
gross_gain,man8,1433,0,0,2,True,False,True,0.7978449226859995,0.7978449226859995
gross_gain,man8,1449,0,0,2,True,False,True,0.6559285991241615,0.6559285991241615
gross_gain,man8,1470,0,0,2,True,False,True,0.6158647740754695,0.6158647740754695
gross_gain,man8,1471,0,0,2,True,False,True,0.41957899330945264,0.41957899330945264
gross_gain,man8,1491,0,0,2,True,False,True,0.6709326354886473,0.6709326354886473
gross_gain,man8,1507,0,0,2,True,False,True,0.5815745887489094,0.5815745887489094
gross_gain,man8,1508,0,0,2,True,False,True,0.6292744876269099,0.6292744876269099
gross_gain,man8,1520,0,0,2,True,False,True,0.586238291553817,0.586238291553817
gross_gain,man8,1530,0,0,2,True,False,True,0.4367250995808119,0.4367250995808119
gross_gain,man8,1650,0,0,2,True,False,True,0.5967430562989855,0.5967430562989855
gross_gain,man8,1651,0,0,2,True,False,True,0.6281904947750603,0.6281904947750603
gross_gain,man8,1652,0,0,2,True,False,True,0.623350387614441,0.623350387614441
gross_gain,man8,1659,0,0,2,True,False,True,0.7518330515388951,0.7518330515388951
gross_gain,man8,1660,0,0,2,True,False,True,0.6197370426928244,0.6197370426928244
gross_gain,man8,1661,0,0,2,True,False,True,0.33170511938154107,0.33170511938154107
gross_gain,man8,1662,0,0,2,True,False,True,0.3434632408099105,0.3434632408099105
gross_gain,man8,1663,0,0,2,True,False,True,0.2845898262154944,0.2845898262154944
gross_gain,man8,1664,0,0,2,True,False,True,0.3218755549743808,0.3218755549743808
gross_gain,man8,1665,0,0,2,True,False,True,0.08487407702999024,0.08487407702999024
gross_gain,man8,1666,0,0,2,True,False,True,0.14406298658108738,0.14406298658108738
gross_gain,man8,1667,0,0,2,True,False,True,0.2523660470279936,0.2523660470279936
gross_gain,man8,1668,0,0,2,True,False,True,0.18113356760129384,0.18113356760129384
gross_gain,man8,1669,0,0,2,True,False,True,0.31895254291714065,0.31895254291714065
gross_gain,man8,1670,0,0,2,True,False,True,0.410410213625472,0.410410213625472
gross_gain,man8,1671,0,0,2,True,False,True,0.46600713230550816,0.46600713230550816
gross_gain,man8,1672,0,0,2,True,False,True,0.5889304345084351,0.5889304345084351
gross_gain,man8,1673,0,0,2,True,False,True,0.5780242421899413,0.5780242421899413
gross_gain,man8,1674,0,0,2,True,False,True,0.5170264295278161,0.5170264295278161
gross_gain,man8,1675,0,0,2,True,False,True,0.47542488887671486,0.47542488887671486
gross_gain,man8,1676,0,0,2,True,False,True,0.5117320195242446,0.5117320195242446
gross_gain,man8,1678,0,0,2,True,False,True,0.5391703617158539,0.5391703617158539
gross_gain,man8,1679,0,0,2,True,False,True,0.6307918262289249,0.6307918262289249
gross_gain,man8,1680,0,0,2,True,False,True,0.6779891487188576,0.6779891487188576
gross_gain,man8,1681,0,0,2,True,False,True,0.6630466009350725,0.6630466009350725
gross_gain,man8,1682,0,0,2,True,False,True,0.6544562744717066,0.6544562744717066
gross_gain,man8,1683,0,0,2,True,False,True,0.8981853308207008,0.8981853308207008
gross_gain,man8,1688,0,0,2,True,False,True,0.749270748674021,0.749270748674021
gross_gain,man8,1690,0,0,2,True,False,True,0.7778166310017366,0.7778166310017366
gross_gain,man8,1692,0,0,2,True,False,True,0.7427642986880748,0.7427642986880748
gross_gain,man8,1715,0,0,2,True,False,True,0.0,0.0
gross_gain,man8,1717,0,0,2,True,False,True,0.0,0.0
gross_gain,man8,1718,0,0,2,True,False,True,0.0,0.0
gross_gain,man8,1719,0,0,2,True,False,True,0.6116433431740457,0.6116433431740457
gross_gain,man8,1720,0,0,2,True,False,True,0.45707030396855414,0.45707030396855414
gross_gain,man8,1721,0,0,2,True,False,True,0.4392657989736087,0.4392657989736087
gross_gain,man8,1723,0,0,2,True,False,True,0.39366796013704997,0.39366796013704997
gross_gain,man8,1724,0,0,2,True,False,True,0.43630664282519466,0.43630664282519466
gross_gain,man8,1726,0,0,2,True,False,True,0.4101267313289398,0.4101267313289398
gross_gain,man8,1727,0,0,2,True,False,True,0.4611565558492562,0.4611565558492562
gross_gain,man8,1728,0,0,2,True,False,True,0.4286853418164075,0.4286853418164075
gross_gain,man8,1733,0,0,2,True,False,True,0.40987137926847395,0.40987137926847395
gross_gain,man8,1734,0,0,2,True,False,True,0.3817227239853356,0.3817227239853356
gross_gain,man8,1735,0,0,2,True,False,True,0.3492752527721641,0.3492752527721641
gross_gain,man8,1736,0,0,2,True,False,True,0.40610972464508344,0.40610972464508344
gross_gain,man8,1737,0,0,2,True,False,True,0.40258444341022975,0.40258444341022975
gross_gain,man8,1738,0,0,2,True,False,True,0.4977668640655596,0.4977668640655596
gross_gain,man8,1739,0,0,2,True,False,True,0.5726553585011844,0.5726553585011844
gross_gain,man8,1740,0,0,2,True,False,True,0.5852075078869925,0.5852075078869925
gross_gain,man8,1741,0,0,2,True,False,True,0.5706422620331069,0.5706422620331069
gross_gain,man8,1742,0,0,2,True,False,True,0.564710582511892,0.564710582511892
gross_gain,man8,1743,0,0,2,True,False,True,0.4744964622253389,0.4744964622253389
gross_gain,man8,1744,0,0,2,True,False,True,0.6191838823368276,0.6191838823368276
gross_gain,man8,1745,0,0,2,True,False,True,0.502677948527142,0.502677948527142
gross_gain,man8,1746,0,0,2,True,False,True,0.4702235215577803,0.4702235215577803
gross_gain,man8,1747,0,0,2,True,False,True,0.4089744495413775,0.4089744495413775
gross_gain,man8,1751,0,0,2,True,False,True,0.4646458605805148,0.4646458605805148
gross_gain,man8,1752,0,0,2,True,False,True,0.4798473713730015,0.4798473713730015
gross_gain,man8,1753,0,0,2,True,False,True,0.4640196631563788,0.4640196631563788
gross_gain,man8,1754,0,0,2,True,False,True,0.512905398183583,0.512905398183583
gross_gain,man8,1757,0,0,2,True,False,True,0.5042457935822552,0.5042457935822552
gross_gain,man8,1759,0,0,2,True,False,True,0.6024681106773856,0.6024681106773856
gross_gain,man8,1768,0,0,2,True,False,True,0.5845819504633475,0.5845819504633475
gross_gain,man8,1770,0,0,2,True,False,True,0.4739792198688334,0.4739792198688334
gross_gain,man8,1771,0,0,2,True,False,True,0.5578268509848556,0.5578268509848556
gross_gain,man8,1774,0,0,2,True,False,True,0.5839676999108665,0.5839676999108665
gross_gain,man8,1775,0,0,2,True,False,True,0.54514470066332,0.54514470066332
gross_gain,man8,1777,0,0,2,True,False,True,0.5374319724657594,0.5374319724657594
gross_gain,man8,1788,0,0,2,True,False,True,0.6005397779073562,0.6005397779073562
gross_gain,man8,1790,0,0,2,True,False,True,0.5161830098667597,0.5161830098667597
gross_gain,man8,1791,0,0,2,True,False,True,0.5554699161398323,0.5554699161398323
gross_gain,man8,1815,0,0,2,True,False,True,0.5042544492727332,0.5042544492727332
gross_gain,man8,1829,0,0,2,True,False,True,0.5303411322881371,0.5303411322881371
gross_gain,man8,1831,0,0,2,True,False,True,0.4534678597736266,0.4534678597736266
gross_gain,man8,1832,0,0,2,True,False,True,0.4019511265095057,0.4019511265095057
gross_gain,man8,1836,0,0,2,True,False,True,0.3990041086470053,0.3990041086470053
gross_gain,man8,1837,0,0,2,True,False,True,0.3348198203062253,0.3348198203062253
gross_gain,man8,1838,0,0,2,True,False,True,0.32084942809841205,0.32084942809841205
gross_gain,man8,1839,0,0,2,True,False,True,0.344061681127807,0.344061681127807
gross_gain,man8,1847,0,0,2,True,False,True,0.3686708622662001,0.3686708622662001
gross_gain,man8,1929,0,0,2,True,False,True,0.720618837875935,0.720618837875935
gross_gain,man8,1931,0,0,2,True,False,True,0.638404686361702,0.638404686361702
gross_gain,man8,1933,0,0,2,True,False,True,0.6933197688469315,0.6933197688469315
gross_gain,man8,2007,0,0,2,True,False,True,0.688476789272376,0.688476789272376
gross_gain,man8,2008,0,1,2,True,False,True,0.661692698023363,0.661692698023363
gross_gain,man8,2009,0,1,2,True,False,True,0.6495084692071477,0.6495084692071477
gross_gain,man8,2010,0,1,2,True,False,True,0.6594318495294641,0.6594318495294641
gross_gain,man8,2011,0,1,2,True,False,True,0.65720825039591,0.65720825039591
gross_gain,man8,2012,0,1,2,True,False,True,0.6662691917693996,0.6662691917693996
gross_gain,man8,2013,0,1,2,True,False,True,0.6849094585787481,0.6849094585787481
gross_gain,man8,2014,0,1,2,True,False,True,0.6914787310409711,0.6914787310409711
gross_gain,man8,2016,0,0,2,True,False,True,0.0,0.0
gross_gain,man8,2018,0,0,2,True,False,True,0.0,0.0
gross_gain,man8,2019,0,0,2,True,False,True,0.0,0.0
gross_gain,man8,2020,0,0,2,True,False,True,0.018536332560302203,0.018536332560302203
gross_gain,man8,2021,0,0,2,True,False,True,9.643260400149505e-05,9.643260400149505e-05
gross_gain,man8,2022,0,0,2,True,False,True,0.10119515729680359,0.10119515729680359
gross_gain,man8,2023,0,0,2,True,False,True,0.10527536691715104,0.10527536691715104
gross_gain,man8,2024,0,0,2,True,False,True,0.21201115479580754,0.21201115479580754
gross_gain,man8,2025,0,0,2,True,False,True,0.4343114685035822,0.4343114685035822
gross_gain,man8,2027,0,0,2,True,False,True,0.5321441774291281,0.5321441774291281
gross_gain,man8,2031,0,0,2,True,False,True,0.6150181427786605,0.6150181427786605
gross_gain,man8,2032,0,0,2,True,False,True,0.5130340280795935,0.5130340280795935
gross_gain,man8,2034,0,0,2,True,False,True,0.11128240042900789,0.11128240042900789
gross_gain,man8,2035,0,0,2,True,False,True,0.0,0.0
gross_gain,man8,2036,0,0,2,True,False,True,0.0,0.0
gross_gain,man8,2037,0,0,2,True,False,True,0.0,0.0
gross_gain,man8,2038,0,0,2,True,False,True,0.0,0.0
gross_gain,man8,2039,0,0,2,True,False,True,0.0,0.0
gross_gain,man8,2040,0,0,2,True,False,True,0.0,0.0
gross_gain,man8,2041,0,0,2,True,False,True,0.0,0.0
gross_gain,man8,2042,0,0,2,True,False,True,0.0,0.0
gross_gain,man8,2043,0,0,2,True,False,True,0.0,0.0
gross_gain,man8,2044,0,0,2,True,False,True,0.0,0.0
gross_gain,man8,2045,0,0,2,True,False,True,0.0,0.0
gross_gain,man8,2046,0,0,2,True,False,True,0.0,0.0
gross_gain,man8,2047,0,0,2,True,False,True,0.0,0.0
gross_gain,man8,2048,0,0,2,True,False,True,0.0,0.0
gross_gain,man8,2049,0,0,2,True,False,True,0.0,0.0
gross_gain,man8,2050,0,0,2,True,False,True,0.0,0.0
gross_gain,man8,2051,0,0,2,True,False,True,0.0,0.0
gross_gain,man8,2052,0,0,2,True,False,True,0.0,0.0
gross_gain,man8,2053,0,0,2,True,False,True,0.0,0.0
gross_gain,man8,2054,0,0,2,True,False,True,0.0,0.0
gross_gain,man8,2055,0,0,2,True,False,True,0.0,0.0
gross_gain,man8,2056,0,0,2,True,False,True,0.0,0.0
gross_gain,man8,2057,0,0,2,True,False,True,0.0,0.0
gross_gain,man8,2058,0,0,2,True,False,True,0.0,0.0
gross_gain,man8,2059,0,0,2,True,False,True,0.0,0.0
gross_gain,man8,2060,0,0,2,True,False,True,0.0,0.0
gross_gain,man8,2061,0,0,2,True,False,True,0.0,0.0
gross_gain,man8,2062,0,0,2,True,False,True,0.0,0.0
gross_gain,man8,2063,0,0,2,True,False,True,0.0,0.0
gross_gain,man8,2064,0,0,2,True,False,True,0.0,0.0
gross_gain,man8,2065,0,0,2,True,False,True,0.0,0.0
gross_gain,man8,2066,0,0,2,True,False,True,0.0,0.0
gross_gain,man8,2067,0,0,2,True,False,True,0.0,0.0
gross_gain,man8,2068,0,0,2,True,False,True,0.0,0.0
gross_gain,man8,2069,0,0,2,True,False,True,0.0,0.0
gross_gain,man8,2070,0,0,2,True,False,True,0.0,0.0
gross_gain,man8,2071,0,0,2,True,False,True,0.0,0.0
gross_gain,man8,2072,0,0,2,True,False,True,0.0,0.0
gross_gain,man8,2073,0,0,2,True,False,True,0.0,0.0
gross_gain,man8,2074,0,0,2,True,False,True,0.0,0.0
gross_gain,man8,2075,0,0,2,True,False,True,0.0,0.0
gross_gain,man8,2076,0,0,2,True,False,True,0.0,0.0
gross_gain,man8,2077,0,0,2,True,False,True,0.0,0.0
gross_gain,man8,2078,0,0,2,True,False,True,0.0,0.0
gross_gain,man8,2079,0,0,2,True,False,True,0.0,0.0
gross_gain,man8,2080,0,0,2,True,False,True,0.0,0.0
gross_gain,man8,2081,0,0,2,True,False,True,0.0,0.0
gross_gain,man8,2082,2,0,2,True,True,True,0.0,0.4692539837195224
gross_gain,man8,2145,0,0,2,True,False,True,0.530738480376299,0.530738480376299
gross_gain,man8,2146,0,0,2,True,False,True,0.5006688450340822,0.5006688450340822
gross_gain,man8,2147,0,0,2,True,False,True,0.5339957742010472,0.5339957742010472
gross_gain,man8,2148,0,0,2,True,False,True,0.47681179851419947,0.47681179851419947
gross_gain,man8,2149,0,0,2,True,False,True,0.5483033025532694,0.5483033025532694
gross_gain,man8,2192,0,0,2,True,False,True,0.5525695518299271,0.5525695518299271
gross_gain,man8,2194,0,0,2,True,False,True,0.5178937586024959,0.5178937586024959
gross_gain,man8,2205,0,0,2,True,False,True,0.5978734212437623,0.5978734212437623
gross_gain,man8,2209,0,0,2,True,False,True,0.6174072691879291,0.6174072691879291
gross_gain,man8,2259,0,0,2,True,False,True,0.32783676651517024,0.32783676651517024
gross_gain,man8,2382,0,0,2,True,False,True,0.7506829760114291,0.7506829760114291
gross_gain,man8,2385,0,0,2,True,False,True,0.5256017671884065,0.5256017671884065
gross_gain,man8,2390,0,0,2,True,False,True,0.35685737080718233,0.35685737080718233
gross_gain,man8,2391,0,0,2,True,False,True,0.32685964065070705,0.32685964065070705
gross_gain,man8,2392,0,0,2,True,False,True,0.2929958053108768,0.2929958053108768
gross_gain,man8,2399,0,0,2,True,False,True,0.37992744398326483,0.37992744398326483
gross_gain,man8,2407,0,0,2,True,False,True,0.537992886323275,0.537992886323275
gross_gain,man8,2408,0,0,2,True,False,True,0.5212751237653263,0.5212751237653263
gross_gain,man8,2420,0,0,2,True,False,True,0.7506231975683713,0.7506231975683713
gross_gain,man8,2465,0,0,2,True,False,True,0.4689041074225101,0.4689041074225101
gross_gain,man8,2541,0,0,2,True,False,True,0.5628864573391062,0.5628864573391062
gross_gain,man8,2542,0,0,2,True,False,True,0.528668406789181,0.528668406789181
gross_gain,man8,2544,0,0,2,True,False,True,0.45872393667189193,0.45872393667189193
gross_gain,man8,2548,0,0,2,True,False,True,0.45301424030462245,0.45301424030462245
gross_gain,man8,2550,0,0,2,True,False,True,0.38524486604504055,0.38524486604504055
gross_gain,man8,2554,0,0,2,True,False,True,0.6304343775952493,0.6304343775952493
gross_gain,man8,2555,0,0,2,True,False,True,0.7161701780448034,0.7161701780448034
gross_gain,man8,2556,0,0,2,True,False,True,0.6310295816174196,0.6310295816174196
gross_gain,man8,2559,0,0,2,True,False,True,0.5356976283459586,0.5356976283459586
gross_gain,man8,2560,0,0,2,True,False,True,0.608384857098709,0.608384857098709
gross_gain,man8,2561,0,0,2,True,False,True,0.6616698955964437,0.6616698955964437
gross_gain,man8,2562,0,0,2,True,False,True,0.621353722662785,0.621353722662785
gross_gain,man8,2563,0,0,2,True,False,True,0.6649920126489623,0.6649920126489623
gross_gain,man8,2565,0,0,2,True,False,True,0.5954607823921042,0.5954607823921042
gross_gain,man8,2566,0,0,2,True,False,True,0.46007803128619484,0.46007803128619484
gross_gain,man8,2567,0,0,2,True,False,True,0.368165214263702,0.368165214263702
gross_gain,man8,2568,0,0,2,True,False,True,0.3970717216880313,0.3970717216880313
gross_gain,man8,2570,0,0,2,True,False,True,0.5163737908818891,0.5163737908818891
gross_gain,man8,2571,0,0,2,True,False,True,0.5623261082859772,0.5623261082859772
gross_gain,man8,2572,0,0,2,True,False,True,0.6593145508822238,0.6593145508822238
gross_gain,man8,2573,0,0,2,True,False,True,0.6753445125534133,0.6753445125534133
gross_gain,man8,2574,0,0,2,True,False,True,0.6099130948823959,0.6099130948823959
gross_gain,man8,2575,0,0,2,True,False,True,0.6055271766705448,0.6055271766705448
gross_gain,man8,2576,0,0,2,True,False,True,0.7112180829217268,0.7112180829217268
gross_gain,man8,2577,0,0,2,True,False,True,0.7000449746047962,0.7000449746047962
gross_gain,man8,2578,0,0,2,True,False,True,0.7272358055627276,0.7272358055627276
gross_gain,man8,2579,0,0,2,True,False,True,0.6919852219953441,0.6919852219953441
gross_gain,man8,2580,0,0,2,True,False,True,0.6205751657324524,0.6205751657324524
gross_gain,man8,2581,0,0,2,True,False,True,0.5720046322443848,0.5720046322443848
gross_gain,man8,2582,0,0,2,True,False,True,0.589085300436636,0.589085300436636
gross_gain,man8,2583,0,0,2,True,False,True,0.5653085147413386,0.5653085147413386
gross_gain,manafterrain,128,0,0,2,True,False,True,0.3531446405027874,0.3531446405027874
gross_gain,manafterrain,131,0,0,2,True,False,True,0.2575067605277792,0.2575067605277792
gross_gain,manafterrain,132,0,0,2,True,False,True,0.5997476075084125,0.5997476075084125
gross_gain,manafterrain,133,0,0,2,True,False,True,0.5494883204214842,0.5494883204214842
gross_gain,manafterrain,158,0,0,2,True,False,True,0.5159506763252312,0.5159506763252312
gross_gain,manafterrain,187,0,0,2,True,False,True,0.7496190498897779,0.7496190498897779
gross_gain,manafterrain,204,0,0,2,True,False,True,0.8047254121223454,0.8047254121223454
gross_gain,manafterrain,205,0,0,2,True,False,True,0.8442803942561053,0.8442803942561053
gross_gain,manafterrain,229,0,0,2,True,False,True,0.7280942153128009,0.7280942153128009
gross_gain,manafterrain,233,0,0,2,True,False,True,0.7465379726129385,0.7465379726129385
gross_gain,manafterrain,235,0,0,2,True,False,True,0.5786042162207801,0.5786042162207801
gross_gain,manafterrain,236,0,0,2,True,False,True,0.7410393408731266,0.7410393408731266
gross_gain,manafterrain,240,0,0,2,True,False,True,0.7253370593873973,0.7253370593873973
gross_gain,manafterrain,261,0,0,2,True,False,True,0.7960427217622726,0.7960427217622726
gross_gain,manafterrain,262,0,0,2,True,False,True,0.7484666898837995,0.7484666898837995
gross_gain,manafterrain,266,0,0,2,True,False,True,0.7835179981843847,0.7835179981843847
gross_gain,manafterrain,268,0,0,2,True,False,True,0.7491681645228636,0.7491681645228636
gross_gain,manafterrain,269,0,0,2,True,False,True,0.7383438737622728,0.7383438737622728
gross_gain,manafterrain,272,0,0,2,True,False,True,0.7855013787057195,0.7855013787057195
gross_gain,manafterrain,408,0,0,2,True,False,True,0.7113172709440505,0.7113172709440505
gross_gain,manafterrain,425,0,0,2,True,False,True,0.8436777683462741,0.8436777683462741
gross_gain,manafterrain,426,0,0,2,True,False,True,0.819174687677109,0.819174687677109
gross_gain,manafterrain,448,0,0,2,True,False,True,0.7148318784123996,0.7148318784123996
gross_gain,manafterrain,456,0,0,2,True,False,True,0.7525051018988438,0.7525051018988438
gross_gain,manafterrain,490,0,0,2,True,False,True,0.8937262118010666,0.8937262118010666
gross_gain,mancross,1,0,0,2,True,False,True,0.0,0.7022477341672758
gross_gain,mancross,2,2,0,2,True,False,True,0.0,0.5115764280947707
gross_gain,mancross,3,0,0,2,True,False,True,0.6785441414321116,0.6785441414321116
gross_gain,mancross,5,0,1,2,True,False,True,0.0,0.6407444181506939
gross_gain,mancross,13,0,0,2,True,False,True,0.09938807727923417,0.09938807727923417
gross_gain,mancross,22,0,0,2,True,False,True,0.0,0.0
gross_gain,mancross,23,0,0,2,True,False,True,0.521447156392144,0.521447156392144
gross_gain,mancross,24,0,1,2,True,False,True,0.0,0.42270281098711315
gross_gain,mancross,25,0,0,2,True,False,True,0.6482984442087438,0.6482984442087438
gross_gain,mancross,31,0,0,2,True,False,True,0.6675268758953109,0.6675268758953109
gross_gain,mancross,33,0,0,2,True,False,True,0.05836908833896261,0.05836908833896261
gross_gain,mancross,34,0,0,2,True,False,True,0.13344490343633833,0.13344490343633833
gross_gain,mancross,35,0,0,2,True,False,True,0.009194343574175572,0.009194343574175572
gross_gain,mancross,36,0,0,2,True,False,True,0.05791720374363218,0.05791720374363218
gross_gain,mancross,38,0,0,2,True,False,True,0.7074658673318078,0.7074658673318078
gross_gain,mancross,40,0,0,2,True,False,True,0.08999702684620543,0.08999702684620543
gross_gain,mancross,48,0,0,2,True,False,True,0.0,0.0
gross_gain,mancross,53,0,0,2,True,False,True,0.0,0.0
gross_gain,mancross,54,0,0,2,True,False,True,0.0,0.0
gross_gain,mancross,63,0,0,2,True,False,True,0.8060772050472512,0.8060772050472512
gross_gain,mancross,64,0,0,2,True,False,True,0.786737114297838,0.786737114297838
gross_gain,mancross,65,0,0,2,True,False,True,0.570605892080917,0.570605892080917
gross_gain,mancross,66,0,0,2,True,False,True,0.5350850626330661,0.5350850626330661
gross_gain,mancross,113,0,0,2,True,False,True,0.7516342973287663,0.7516342973287663
gross_gain,mancross1,10,0,0,0,False,True,True,0.8559554314700647,0.8559554314700647
gross_gain,mancross1,58,0,0,0,False,True,True,0.8929253684833169,0.8929253684833169
gross_gain,mancross1,61,0,0,0,False,True,True,0.9116806587875671,0.9116806587875671
gross_gain,mancross1,69,0,0,2,True,False,True,0.6443910236598858,0.6443910236598858
gross_gain,mancross1,70,0,0,2,True,False,True,0.6731542743550594,0.6731542743550594
gross_gain,mancross1,71,0,0,2,True,False,True,0.5257465740287961,0.5257465740287961
gross_gain,mancross1,72,0,0,2,True,False,True,0.6090247112237243,0.6090247112237243
gross_gain,mancross1,73,0,0,2,True,False,True,0.407773633559585,0.407773633559585
gross_gain,mancross1,74,0,0,2,True,False,True,0.2554543482504529,0.2554543482504529
gross_gain,mancross1,75,0,1,2,True,False,True,0.059592204470942406,0.0
gross_gain,mancross1,76,0,0,2,True,False,True,0.0,0.0
gross_gain,mancross1,77,0,0,2,True,False,True,0.0,0.0
gross_gain,mancross1,78,0,0,2,True,False,True,0.0,0.0
gross_gain,mancross1,79,0,0,2,True,False,True,0.0,0.0
gross_gain,mancross1,80,0,0,2,True,False,True,0.0,0.0
gross_gain,mancross1,81,0,0,2,True,False,True,0.0,0.0
gross_gain,mancross1,82,0,0,2,True,False,True,0.0,0.0
gross_gain,mancross1,83,0,0,2,True,False,True,0.0,0.0
gross_gain,mancross1,84,0,0,2,True,False,True,0.0,0.0
gross_gain,mancross1,85,0,0,2,True,False,True,0.0,0.0
gross_gain,mancross1,86,0,0,2,True,False,True,0.0,0.0
gross_gain,mancross1,87,0,0,2,True,False,True,0.0,0.0
gross_gain,mancross1,88,0,0,2,True,False,True,0.0,0.0
gross_gain,mancross1,89,0,0,2,True,False,True,0.0,0.0
gross_gain,mancross1,90,0,0,2,True,False,True,0.05062740003007368,0.05062740003007368
gross_gain,mancross1,91,0,0,2,True,False,True,0.23316695286853262,0.23316695286853262
gross_gain,mancross1,92,0,0,2,True,False,True,0.401798438364155,0.401798438364155
gross_gain,mancross1,93,0,0,2,True,False,True,0.45897056401794356,0.0
gross_gain,mancross1,95,0,0,2,True,False,True,0.0,0.0
gross_gain,mancross1,151,0,0,2,True,False,True,0.7146381165133324,0.7146381165133324
gross_gain,mandrivecar,11,0,0,0,False,True,True,0.8479703918622084,0.8479703918622084
gross_gain,mandrivecar,31,0,0,0,False,True,True,0.8500479346796569,0.8500479346796569
gross_gain,mandrivecar,225,0,0,2,True,False,True,0.4112969212789447,0.4112969212789447
gross_gain,mandrivecar,234,0,0,2,True,False,True,0.31047030099639256,0.31047030099639256
gross_gain,mandrivecar,244,0,0,2,True,False,True,0.5079934435988024,0.5079934435988024
gross_gain,mandrivecar,247,0,0,2,True,False,True,0.36407914531637703,0.36407914531637703
gross_gain,mandrivecar,250,0,0,2,True,False,True,0.41115398221120003,0.41115398221120003
gross_gain,mandrivecar,265,0,0,0,False,False,True,0.0,0.39126726661144173
gross_gain,mandrivecar,266,0,0,2,True,False,True,0.4146600274830066,0.4146600274830066
gross_gain,mandrivecar,270,0,0,2,True,False,True,0.4322651942554739,0.4322651942554739
gross_gain,mandrivecar,272,0,0,2,True,False,True,0.4089114297297182,0.4089114297297182
gross_gain,mandrivecar,274,0,0,2,True,False,True,0.47574061932536676,0.47574061932536676
gross_gain,mandrivecar,277,0,0,2,True,False,True,0.5761532437096566,0.5761532437096566
gross_gain,mandrivecar,350,0,0,0,False,True,True,0.7918751961874494,0.7918751961874494
gross_gain,mandrivecar,351,0,0,0,False,True,True,0.7738450599615172,0.7738450599615172
gross_gain,mandrivecar,352,0,0,0,False,True,True,0.7905866362832029,0.7905866362832029
gross_gain,mandrivecar,353,0,0,0,False,True,True,0.7994436403731237,0.7994436403731237
gross_gain,mandrivecar,354,0,0,0,False,True,True,0.8552078156021862,0.8552078156021862
gross_gain,mandrivecar,355,0,0,0,False,True,True,0.8320577157890208,0.8320577157890208
gross_gain,manfaraway,29,0,0,2,True,False,True,0.7653840770811882,0.7653840770811882
gross_gain,manfaraway,30,0,0,2,True,False,True,0.7388735282031235,0.7388735282031235
gross_gain,manfaraway,34,0,0,2,True,False,True,0.6251400104320141,0.6251400104320141
gross_gain,manfaraway,35,0,0,2,True,False,True,0.6905949861181937,0.6905949861181937
gross_gain,manfaraway,36,0,0,2,True,False,True,0.6103389694219987,0.6103389694219987
gross_gain,manfaraway,42,0,0,2,True,False,True,0.6317858138055534,0.6317858138055534
gross_gain,manfaraway,46,0,0,2,True,False,True,0.6280519467506473,0.6280519467506473
gross_gain,manfaraway,48,0,0,2,True,False,True,0.6223287336995793,0.6223287336995793
gross_gain,manfaraway,53,0,0,2,True,False,True,0.6218818271496823,0.6218818271496823
gross_gain,manfaraway,54,0,0,2,True,False,True,0.529032402938339,0.529032402938339
gross_gain,manfaraway,78,0,0,2,True,False,True,0.7718630762043157,0.7718630762043157
gross_gain,manfaraway,79,0,0,2,True,False,True,0.0,0.0
gross_gain,manfaraway,80,0,1,2,True,False,True,0.0,0.0
gross_gain,manfaraway,81,0,0,2,True,False,True,0.0,0.0
gross_gain,manfaraway,82,0,0,2,True,False,True,0.0,0.0
gross_gain,manfaraway,83,0,0,2,True,False,True,0.0,0.0
gross_gain,manfaraway,84,0,0,2,True,False,True,0.0,0.0
gross_gain,manfaraway,85,0,0,2,True,False,True,0.0,0.0
gross_gain,manfaraway,86,0,0,2,True,False,True,0.0,0.0
gross_gain,manfaraway,87,0,0,2,True,False,True,0.0,0.0
gross_gain,manfaraway,88,0,0,2,True,False,True,0.0,0.0
gross_gain,manfaraway,89,0,0,2,True,False,True,0.0,0.0
gross_gain,manfaraway,90,2,0,2,True,False,True,0.0,0.5808322086925977
gross_gain,manfaraway,146,0,0,2,True,False,True,0.7839524093549608,0.7839524093549608
gross_gain,manfaraway,148,0,0,2,True,False,True,0.7282242723190169,0.7282242723190169
gross_gain,manfaraway,153,0,0,2,True,False,True,0.5864303843953873,0.5864303843953873
gross_gain,manfaraway,156,0,0,2,True,False,True,0.728962319803555,0.728962319803555
gross_gain,manfaraway,158,0,0,2,True,False,True,0.690169717838522,0.690169717838522
gross_gain,manfaraway,159,0,0,2,True,False,True,0.6331173157260068,0.6331173157260068
gross_gain,manfaraway,161,0,0,2,True,False,True,0.6796185155584508,0.6796185155584508
gross_gain,manfaraway,162,0,0,2,True,False,True,0.6957393460578556,0.6957393460578556
gross_gain,manfaraway,168,0,0,2,True,False,True,0.6947464707702176,0.6947464707702176
gross_gain,manfaraway,182,0,0,2,True,False,True,0.718771957273379,0.718771957273379
gross_gain,manfaraway,188,0,0,2,True,False,True,0.5302925046012448,0.5302925046012448
gross_gain,maninblack,14,0,0,0,False,True,True,0.7908852986091958,0.7908852986091958
gross_gain,maninblack,18,0,0,0,False,True,True,0.8743966376547123,0.8743966376547123
gross_gain,maninblack,22,0,0,0,False,True,True,0.7570398535316631,0.7570398535316631
gross_gain,maninblack,24,0,0,0,False,True,True,0.8990562379215619,0.8990562379215619
gross_gain,maninblack,25,0,0,0,False,True,True,0.8998490403148709,0.8998490403148709
gross_gain,maninblack,34,0,0,0,False,True,True,0.8535242262273376,0.8535242262273376
gross_gain,maninblack,35,0,0,0,False,True,True,0.8390023278229919,0.8390023278229919
gross_gain,maninblack,36,0,0,0,False,True,True,0.8424038758841436,0.8424038758841436
gross_gain,maninblack,37,0,0,0,False,True,True,0.9356547788514128,0.9356547788514128
gross_gain,maninblack,38,0,0,0,False,True,True,0.8991743632886954,0.8991743632886954
gross_gain,maninblack,50,0,0,0,False,True,True,0.8988795139902375,0.8988795139902375
gross_gain,maninblack,85,0,0,0,False,True,True,0.9273976534723994,0.9273976534723994
gross_gain,maninblack,86,0,0,0,False,True,True,0.8777468833719239,0.8777468833719239
gross_gain,maninblack,87,0,0,0,False,True,True,0.9160784652462426,0.9160784652462426
gross_gain,maninblack,97,0,0,0,False,True,True,0.8505189185966449,0.8505189185966449
gross_gain,maninblack,99,0,0,0,False,True,True,0.862116397794289,0.862116397794289
gross_gain,maninblack,108,0,0,0,False,True,True,0.8777530270352158,0.8777530270352158
gross_gain,maninblack,109,0,0,0,False,True,True,0.8614430661376531,0.8614430661376531
gross_gain,maninglass,17,0,0,2,True,False,True,0.8622472275680252,0.8622472275680252
gross_gain,maninglass,18,0,0,2,True,False,True,0.5491000823952069,0.5491000823952069
gross_gain,maninglass,20,0,0,2,True,False,True,0.8880730891097395,0.8880730891097395
gross_gain,maninglass,21,0,0,2,True,False,True,0.5528960541510216,0.5528960541510216
gross_gain,maninglass,22,0,0,2,True,False,True,0.688353106699983,0.688353106699983
gross_gain,maninglass,23,0,0,2,True,False,True,0.4249393445148746,0.4249393445148746
gross_gain,maninglass,24,0,0,2,True,False,True,0.8256216803347672,0.8256216803347672
gross_gain,maninglass,25,0,0,2,True,False,True,0.7626918519081269,0.7626918519081269
gross_gain,maninglass,26,0,0,2,True,False,True,0.5983357152052643,0.5983357152052643
gross_gain,maninglass,27,0,0,2,True,False,True,0.6697441080574879,0.6697441080574879
gross_gain,maninglass,28,0,0,2,True,False,True,0.7062296393463705,0.7062296393463705
gross_gain,maninglass,29,0,0,2,True,False,True,0.7670099240341504,0.7670099240341504
gross_gain,maninglass,30,0,0,2,True,False,True,0.5301796001539427,0.5301796001539427
gross_gain,maninglass,31,0,0,2,True,False,True,0.6988754597187147,0.6988754597187147
gross_gain,maninglass,32,0,0,2,True,False,True,0.6226497236222436,0.6226497236222436
gross_gain,maninglass,33,0,0,2,True,False,True,0.4414929012084407,0.4414929012084407
gross_gain,maninglass,34,0,0,2,True,False,True,0.7298482770787373,0.7298482770787373
gross_gain,maninglass,35,0,0,2,True,False,True,0.4719845329730651,0.4719845329730651
gross_gain,maninglass,37,0,0,2,True,False,True,0.7758676392463952,0.7758676392463952
gross_gain,maninglass,38,0,0,2,True,False,True,0.5337666591721264,0.5337666591721264
gross_gain,maninglass,39,0,0,2,True,False,True,0.7163354014089951,0.7163354014089951
gross_gain,maninglass,40,0,0,2,True,False,True,0.6083552153204569,0.6083552153204569
gross_gain,maninglass,41,0,0,2,True,False,True,0.7383331433547395,0.7383331433547395
gross_gain,maninglass,42,0,0,2,True,False,True,0.4729922667360717,0.4729922667360717
gross_gain,maninglass,43,0,0,2,True,False,True,0.7777816020057561,0.7777816020057561
gross_gain,maninglass,44,0,0,2,True,False,True,0.6379991210808511,0.6379991210808511
gross_gain,maninglass,45,0,0,2,True,False,True,0.5046065975532142,0.5046065975532142
gross_gain,maninglass,46,0,0,2,True,False,True,0.6826749059527031,0.6826749059527031
gross_gain,maninglass,47,0,0,2,True,False,True,0.5391277488801415,0.5391277488801415
gross_gain,maninglass,48,0,0,2,True,False,True,0.8084104175640962,0.8084104175640962
gross_gain,maninglass,49,0,0,2,True,False,True,0.5542063814647742,0.5542063814647742
gross_gain,maninglass,50,0,0,2,True,False,True,0.8133568272771952,0.8133568272771952
gross_gain,maninglass,51,0,0,2,True,False,True,0.5575416148295971,0.5575416148295971
gross_gain,maninglass,52,0,0,2,True,False,True,0.49575925694015593,0.49575925694015593
gross_gain,maninglass,53,0,0,2,True,False,True,0.8497625352193903,0.8497625352193903
gross_gain,maninglass,55,0,0,2,True,False,True,0.6043845449910954,0.6043845449910954
gross_gain,maninglass,56,0,0,2,True,False,True,0.45417526535331765,0.45417526535331765
gross_gain,maninglass,57,0,0,2,True,False,True,0.7349317612891533,0.7349317612891533
gross_gain,maninglass,66,0,0,0,False,True,True,0.7778442973687848,0.7778442973687848
gross_gain,maninglass,67,0,0,0,False,True,True,0.8211140992467311,0.8211140992467311
gross_gain,maninglass,68,0,0,0,False,True,True,0.7542820500626214,0.7542820500626214
gross_gain,maninglass,81,0,0,2,True,False,True,0.0,0.0
gross_gain,maninglass,82,0,0,2,True,False,True,0.0,0.0
gross_gain,maninglass,98,0,0,2,True,False,True,0.8340198468359289,0.8340198468359289
gross_gain,maninglass,103,0,0,2,True,False,True,0.3834902196750086,0.3834902196750086
gross_gain,maninglass,105,0,0,2,True,False,True,0.4771138341115272,0.4771138341115272
gross_gain,maninglass,118,0,0,2,True,False,True,0.8201335856577303,0.8201335856577303
gross_gain,maninglass,119,0,0,2,True,False,True,0.7960007472342853,0.7960007472342853
gross_gain,maninglass,133,0,0,2,True,False,True,0.0,0.0
gross_gain,maninglass,134,0,0,2,True,False,True,0.0,0.0
gross_gain,maninglass,135,0,1,2,True,False,True,0.0,0.0
gross_gain,maninglass,136,0,0,2,True,False,True,0.0,0.0
gross_gain,maninglass,137,0,0,2,True,False,True,0.0,0.0
gross_gain,maninglass,138,0,0,2,True,False,True,0.0,0.0
gross_gain,maninglass,139,0,0,2,True,False,True,0.637250242457286,0.637250242457286
gross_gain,maninglass,140,0,0,2,True,False,True,0.8320575922126205,0.8320575922126205
gross_gain,maninglass,141,0,0,2,True,False,True,0.7713166328513222,0.7713166328513222
gross_gain,maninglass,142,0,0,2,True,False,True,0.0,0.0
gross_gain,maninglass,143,0,0,2,True,False,True,0.6275257234072825,0.6275257234072825
gross_gain,maninglass,147,0,0,2,True,False,True,0.8203216456707232,0.8203216456707232
gross_gain,maninglass,148,0,0,2,True,False,True,0.7937634426361914,0.7937634426361914
gross_gain,maninglass,150,0,0,2,True,False,True,0.7926608390286962,0.7926608390286962
gross_gain,maninglass,151,0,0,2,True,False,True,0.40747002234103674,0.40747002234103674
gross_gain,maninglass,152,0,0,2,True,False,True,0.5442698830737457,0.5442698830737457
gross_gain,maninglass,153,0,0,2,True,False,True,0.6479017894595089,0.6479017894595089
gross_gain,maninglass,156,0,0,2,True,False,True,0.7156717108460561,0.7156717108460561
gross_gain,maninglass,157,0,0,2,True,False,True,0.6094391370171762,0.6094391370171762
gross_gain,maninglass,160,0,0,2,True,False,True,0.7938087560069722,0.7938087560069722
gross_gain,maninglass,163,0,0,2,True,False,True,0.8119606033223856,0.8119606033223856
gross_gain,maninglass,164,0,0,2,True,False,True,0.642960718565271,0.642960718565271
gross_gain,maninglass,181,0,0,2,True,False,True,0.8100088184422864,0.8100088184422864
gross_gain,maninglass,184,0,0,2,True,False,True,0.6461009899386699,0.6461009899386699
gross_gain,maninglass,186,0,0,2,True,False,True,0.7654004999495047,0.7654004999495047
gross_gain,maninglass,187,0,0,2,True,False,True,0.750081813499492,0.750081813499492
gross_gain,maninglass,189,0,0,2,True,False,True,0.33583761337862156,0.33583761337862156
gross_gain,maninglass,190,0,0,2,True,False,True,0.5776503435971906,0.5776503435971906
gross_gain,maninglass,191,0,0,2,True,False,True,0.5126590831734489,0.5126590831734489
gross_gain,maninglass,192,0,0,2,True,False,True,0.6703143514544795,0.6703143514544795
gross_gain,maninglass,193,0,0,2,True,False,True,0.7112373348527812,0.7112373348527812
gross_gain,maninglass,196,0,0,2,True,False,True,0.7532634920611705,0.7532634920611705
gross_gain,maninglass,197,0,0,2,True,False,True,0.6939120869986835,0.6939120869986835
gross_gain,maninglass,199,0,0,2,True,False,True,0.844925602048835,0.844925602048835
gross_gain,maninglass,200,0,0,2,True,False,True,0.41769415086453326,0.41769415086453326
gross_gain,maninglass,204,0,0,2,True,False,True,0.7394335120075425,0.7394335120075425
gross_gain,maninglass,206,0,0,2,True,False,True,0.520857468858256,0.520857468858256
gross_gain,maninglass,207,0,0,2,True,False,True,0.5745870460144906,0.5745870460144906
gross_gain,maninglass,210,0,0,2,True,False,True,0.6644858879111478,0.6644858879111478
gross_gain,maninglass,211,0,0,2,True,False,True,0.0,0.0
gross_gain,maninglass,212,0,0,2,True,False,True,0.0,0.0
gross_gain,maninglass,213,0,0,2,True,False,True,0.0,0.0
gross_gain,maninglass,214,0,0,2,True,False,True,0.0,0.0
gross_gain,maninglass,216,0,0,2,True,False,True,0.0,0.0
gross_gain,maninglass,218,0,0,2,True,False,True,0.0,0.0
gross_gain,maninglass,220,0,0,2,True,False,True,0.0,0.0
gross_gain,maninglass,233,0,0,2,True,False,True,0.0,0.0
gross_gain,maninglass,234,0,0,2,True,False,True,0.0,0.0
gross_gain,maninglass,237,0,1,2,True,False,True,0.0,0.0
gross_gain,maninglass,239,0,0,2,True,False,True,0.25709162677490127,0.25709162677490127
gross_gain,maninglass,240,0,0,2,True,False,True,0.0,0.0
gross_gain,maninglass,241,0,0,2,True,False,True,0.03696888984863574,0.03696888984863574
gross_gain,maninglass,242,0,0,2,True,False,True,0.6009202341804315,0.6009202341804315
gross_gain,maninglass,243,0,0,2,True,False,True,0.8446639364992155,0.8446639364992155
gross_gain,maninglass,244,0,0,2,True,False,True,0.6014761331018926,0.6014761331018926
gross_gain,maninglass,245,0,0,2,True,False,True,0.5353884370937334,0.5353884370937334
gross_gain,maninglass,247,0,0,2,True,False,True,0.4320476998681781,0.4320476998681781
gross_gain,maninglass,249,0,0,2,True,False,True,0.6719901605967238,0.6719901605967238
gross_gain,maninglass,250,0,0,2,True,False,True,0.6528618462511611,0.6528618462511611
gross_gain,maninglass,251,0,0,2,True,False,True,0.7137750973375867,0.7137750973375867
gross_gain,maninglass,252,0,0,2,True,False,True,0.3790104834457086,0.3790104834457086
gross_gain,maninglass,253,0,0,2,True,False,True,0.31741499422461683,0.31741499422461683
gross_gain,maninglass,255,0,0,2,True,False,True,0.35470831191784313,0.35470831191784313
gross_gain,maninglass,257,0,0,2,True,False,True,0.1317877652262192,0.1317877652262192
gross_gain,maninglass,258,0,0,2,True,False,True,0.5293988265298377,0.5293988265298377
gross_gain,maninglass,259,0,0,2,True,False,True,0.6670663447667483,0.6670663447667483
gross_gain,maninglass,260,0,0,2,True,False,True,0.7028374052562884,0.7028374052562884
gross_gain,maninglass,261,0,0,2,True,False,True,0.7268170676797027,0.7268170676797027
gross_gain,maninglass,262,0,0,2,True,False,True,0.6375980765932335,0.6375980765932335
gross_gain,maninglass,265,0,0,2,True,False,True,0.8033531351770877,0.8033531351770877
gross_gain,maninglass,266,0,0,2,True,False,True,0.8931490274967194,0.8931490274967194
gross_gain,maninglass,267,0,0,2,True,False,True,0.8519714030780977,0.8519714030780977
gross_gain,maninglass,268,0,0,2,True,False,True,0.7495365039370532,0.7495365039370532
gross_gain,maninglass,269,0,0,2,True,False,True,0.8279482694133553,0.8279482694133553
gross_gain,maninglass,270,0,0,2,True,False,True,0.7829159300934525,0.7829159300934525
gross_gain,maninglass,280,0,0,2,True,False,True,0.7409411992686437,0.7409411992686437
gross_gain,maninglass,288,0,0,2,True,False,True,0.45021584152564886,0.45021584152564886
gross_gain,maninglass,289,0,0,2,True,False,True,0.6855210195868439,0.6855210195868439
gross_gain,maninglass,293,0,0,2,True,False,True,0.4299677042686918,0.4299677042686918
gross_gain,maninglass,295,0,0,2,True,False,True,0.6194810118306563,0.6194810118306563
gross_gain,maninglass,296,0,0,2,True,False,True,0.8494287901703084,0.8494287901703084
gross_gain,maninglass,298,0,0,2,True,False,True,0.4902011378932018,0.4902011378932018
gross_gain,maninglass,299,0,0,2,True,False,True,0.7288672329892065,0.7288672329892065
gross_gain,maninglass,300,0,0,2,True,False,True,0.5056509988094056,0.5056509988094056
gross_gain,maninglass,301,0,0,2,True,False,True,0.7563407566771523,0.7563407566771523
gross_gain,maninglass,303,0,0,2,True,False,True,0.6565705678770276,0.6565705678770276
gross_gain,maninglass,304,0,0,2,True,False,True,0.4677030783586726,0.4677030783586726
gross_gain,maninglass,306,0,0,2,True,False,True,0.5663550876512572,0.5663550876512572
gross_gain,maninglass,323,0,0,2,True,False,True,0.8261721881522733,0.8261721881522733
gross_gain,maninglass,342,0,0,2,True,False,True,0.7125953641859352,0.7125953641859352
gross_gain,maninglass,344,0,0,2,True,False,True,0.7622429332289704,0.7622429332289704
gross_gain,maninglass,351,0,0,2,True,False,True,0.724121637350448,0.724121637350448
gross_gain,maninglass,360,0,0,2,True,False,True,0.6172820671711103,0.6172820671711103
gross_gain,maninglass,362,0,0,2,True,False,True,0.0,0.0
gross_gain,maninglass,363,0,0,2,True,False,True,0.0,0.0
gross_gain,maninglass,365,0,0,2,True,False,True,0.0,0.0
gross_gain,maninglass,366,0,0,2,True,False,True,0.6967893684034652,0.6967893684034652
gross_gain,maninglass,382,0,0,2,True,False,True,0.7833989431762478,0.7833989431762478
gross_gain,maninglass,386,0,0,2,True,False,True,0.0,0.0
gross_gain,maninglass,387,0,0,2,True,False,True,0.07560263221989309,0.07560263221989309
gross_gain,maninglass,388,0,0,2,True,False,True,0.8923973964496654,0.8923973964496654
gross_gain,maninglass,389,0,0,2,True,False,True,0.7528027371019343,0.7528027371019343
gross_gain,maninglass,390,0,0,2,True,False,True,0.7841884234161641,0.7841884234161641
gross_gain,maninglass,391,0,0,2,True,False,True,0.8428401741590822,0.8428401741590822
gross_gain,maninglass,392,0,0,2,True,False,True,0.7420095144668882,0.7420095144668882
gross_gain,maninglass,398,0,0,2,True,False,True,0.19086109806992324,0.19086109806992324
gross_gain,maninglass,399,0,0,2,True,False,True,0.2762742966577747,0.2762742966577747
gross_gain,maninglass,400,0,0,2,True,False,True,0.6336498366075879,0.6336498366075879
gross_gain,maninglass,401,0,0,2,True,False,True,0.7180296288703948,0.7180296288703948
gross_gain,maninglass,402,0,0,2,True,False,True,0.7966270142659193,0.7966270142659193
gross_gain,maninglass,411,0,0,2,True,False,True,0.1692979716818568,0.1692979716818568
gross_gain,maninglass,412,0,0,2,True,False,True,0.18046478449794728,0.18046478449794728
gross_gain,maninglass,413,0,0,2,True,False,True,0.5516077862983183,0.5516077862983183
gross_gain,maninglass,414,0,0,2,True,False,True,0.2613835297626629,0.2613835297626629
gross_gain,maninglass,416,0,0,2,True,False,True,0.3540525331656031,0.3540525331656031
gross_gain,maningreen2,5,0,0,0,False,True,True,0.8555268453987344,0.8555268453987344
gross_gain,maningreen2,20,0,0,0,False,True,True,0.8002789225820366,0.8002789225820366
gross_gain,manlight,106,0,0,2,True,False,True,0.7966283308051889,0.7966283308051889
gross_gain,manoccpart,43,0,0,2,True,False,True,0.584991190457494,0.584991190457494
gross_gain,manoccpart,64,0,1,2,True,False,True,0.4477723684809072,0.0
gross_gain,manoccpart,65,0,0,2,True,False,True,0.0,0.0
gross_gain,manoccpart,66,0,0,2,True,False,True,0.0,0.0
gross_gain,manoccpart,67,0,0,2,True,False,True,0.0,0.0
gross_gain,manoccpart,68,0,0,2,True,False,True,0.0,0.0
gross_gain,manoccpart,69,0,0,2,True,False,True,0.0,0.0
gross_gain,manoccpart,70,0,0,2,True,False,True,0.0,0.0
gross_gain,manoccpart,71,0,0,2,True,False,True,0.0,0.0
gross_gain,manoccpart,72,0,0,2,True,False,True,0.0,0.0
gross_gain,manoccpart,73,0,0,2,True,False,True,0.0,0.0
gross_gain,manoccpart,74,0,0,2,True,False,True,0.0,0.0
gross_gain,manoccpart,75,0,0,2,True,False,True,0.0,0.0
gross_gain,manonboundary,261,0,0,0,False,True,True,0.9215683567287053,0.9215683567287053
gross_gain,manonelecbike,126,0,0,2,True,False,True,0.787580201755486,0.787580201755486
gross_gain,manonelecbike,166,0,0,2,True,False,True,0.5584748389701634,0.5584748389701634
gross_gain,manonelecbike,167,0,0,2,True,False,True,0.4344389793653557,0.4344389793653557
gross_gain,manonelecbike,168,0,0,2,True,False,True,0.3436956269265759,0.3436956269265759
gross_gain,manonelecbike,169,0,1,2,True,False,True,0.026200278460301415,0.026200278460301415
gross_gain,manonelecbike,171,0,0,2,True,False,True,0.0,0.0
gross_gain,manonelecbike,172,0,0,2,True,False,True,0.0,0.0
gross_gain,manonelecbike,173,0,0,2,True,False,True,0.0,0.0
gross_gain,manonelecbike,174,0,0,2,True,False,True,0.0,0.0
gross_gain,manonelecbike,178,0,0,2,True,False,True,0.0,0.0
gross_gain,manonelecbike,179,0,0,2,True,False,True,0.0,0.0
gross_gain,manonelecbike,180,0,0,2,True,False,True,0.0,0.0
gross_gain,manonelecbike,181,0,1,2,True,False,True,0.0,0.6782053496658662
gross_gain,manonelecbike,196,0,0,2,True,False,True,0.6932630998164309,0.6932630998164309
gross_gain,manonelecbike,197,0,0,2,True,False,True,0.7790931976144552,0.7790931976144552
gross_gain,manonelecbike,198,0,0,2,True,False,True,0.815661806924431,0.815661806924431
gross_gain,manonelecbike,199,0,0,2,True,False,True,0.7964295143171377,0.7964295143171377
gross_gain,manout2,75,0,0,0,False,True,True,0.5916626562217588,0.5916626562217588
gross_gain,manout2,84,0,0,2,True,False,True,0.6456656403447418,0.6456656403447418
gross_gain,manout2,89,0,0,2,True,False,True,0.641945334275489,0.641945334275489
gross_gain,manwithbag,10,0,0,0,False,True,True,0.950810814151219,0.950810814151219
gross_gain,manwithbag,11,0,0,0,False,True,True,0.9216094593730203,0.9216094593730203
gross_gain,manwithbag,12,0,0,0,False,True,True,0.9060874902325048,0.9060874902325048
gross_gain,manwithbag,13,0,0,0,False,True,True,0.81422622134612,0.81422622134612
gross_gain,manwithbag,14,0,0,0,False,True,True,0.941838524982411,0.941838524982411
gross_gain,manwithbag,15,0,0,0,False,True,True,0.836749561975253,0.836749561975253
gross_gain,manwithbag,16,0,0,0,False,True,True,0.9271613627971418,0.9271613627971418
gross_gain,manwithbag,17,0,0,0,False,True,True,0.9006593111120023,0.9006593111120023
gross_gain,manwithbag,19,0,0,0,False,True,True,0.8944504943645569,0.8944504943645569
gross_gain,manwithbag,21,0,0,0,False,True,True,0.8966567623893644,0.8966567623893644
gross_gain,manwithbag,22,0,0,0,False,True,True,0.8893592507786756,0.8893592507786756
gross_gain,manwithbag,23,0,0,0,False,True,True,0.8897022052368363,0.8897022052368363
gross_gain,manwithbag,24,0,0,0,False,True,True,0.8640122749778271,0.8640122749778271
gross_gain,manwithbag,25,0,0,0,False,True,True,0.8595802281275357,0.8595802281275357
gross_gain,manwithbag,26,0,0,0,False,True,True,0.8369784285829065,0.8369784285829065
gross_gain,manwithbag,27,0,0,0,False,True,True,0.8499591117330758,0.8499591117330758
gross_gain,manwithbag,43,0,0,0,False,True,True,0.8565912763430323,0.8565912763430323
gross_gain,manwithbag,44,0,0,0,False,True,True,0.8434431465226062,0.8434431465226062
gross_gain,manwithbag,45,0,0,0,False,True,True,0.9215378482456253,0.9215378482456253
gross_gain,manwithbag,46,0,0,0,False,True,True,0.8830280400952053,0.8830280400952053
gross_gain,manwithbag,47,0,0,0,False,True,True,0.8814034214635199,0.8814034214635199
gross_gain,manwithbag,49,0,0,0,False,True,True,0.8960633151386981,0.8960633151386981
gross_gain,manwithbag,50,0,0,0,False,True,True,0.8803758137718339,0.8803758137718339
gross_gain,manwithbag,54,0,0,0,False,True,True,0.9113078429660577,0.9113078429660577
gross_gain,manwithbag,56,0,0,0,False,True,True,0.8861435386330909,0.8861435386330909
gross_gain,manwithbag,58,0,0,0,False,True,True,0.9087724876895347,0.9087724876895347
gross_gain,manwithbag,59,0,0,0,False,True,True,0.8836873711067342,0.8836873711067342
gross_gain,manwithbag,81,0,0,0,False,True,True,0.8740124650161629,0.8740124650161629
gross_gain,manwithbag,82,0,0,0,False,True,True,0.8596015685293578,0.8596015685293578
gross_gain,manwithbag,83,0,0,0,False,True,True,0.8135780688140574,0.8135780688140574
gross_gain,manwithbag,84,0,0,0,False,True,True,0.8753905599636821,0.8753905599636821
gross_gain,manwithbag,91,0,0,0,False,True,True,0.8976688107162608,0.8976688107162608
gross_gain,manwithbag,92,0,0,0,False,True,True,0.9196753775363778,0.9196753775363778
gross_gain,manwithbag,108,0,0,0,False,True,True,0.8788339555272243,0.8788339555272243
gross_gain,manwithbag,109,0,0,0,False,True,True,0.9180427572860239,0.9180427572860239
gross_gain,manwithbag,110,0,0,0,False,True,True,0.8952885937032311,0.8952885937032311
gross_gain,manwithbag,111,0,0,0,False,True,True,0.8643324869832665,0.8643324869832665
gross_gain,manwithbag,112,0,0,0,False,True,True,0.920067473968214,0.920067473968214
gross_gain,manwithbag,113,0,0,0,False,True,True,0.9394024936839598,0.9394024936839598
gross_gain,manwithbag,114,0,0,0,False,True,True,0.9383208628200771,0.9383208628200771
gross_gain,manwithbag,115,0,0,0,False,True,True,0.9391342502563922,0.9391342502563922
gross_gain,manwithbag,117,0,0,0,False,True,True,0.9250061112269312,0.9250061112269312
gross_gain,manwithbag,118,0,0,0,False,True,True,0.9108286612382619,0.9108286612382619
gross_gain,manwithbag,119,0,0,0,False,True,True,0.8905433688481532,0.8905433688481532
gross_gain,manwithbag,120,0,0,0,False,True,True,0.9126603968586814,0.9126603968586814
gross_gain,manwithbag,121,0,0,0,False,True,True,0.9133049401563417,0.9133049401563417
gross_gain,manwithbag,122,0,0,0,False,True,True,0.9200196685007017,0.9200196685007017
gross_gain,manwithbag,123,0,0,0,False,True,True,0.9285160655112814,0.9285160655112814
gross_gain,manwithbag,124,0,0,0,False,True,True,0.9204046419706691,0.9204046419706691
gross_gain,manwithbag,125,0,0,0,False,True,True,0.8907494661632092,0.8907494661632092
gross_gain,manwithbag,126,0,0,0,False,True,True,0.7440147183789773,0.7440147183789773
gross_gain,manwithbag,128,0,0,0,False,True,True,0.8442723166298588,0.8442723166298588
gross_gain,manwithbag,131,0,0,0,False,True,True,0.8203126574301798,0.8203126574301798
gross_gain,manwithbag4,39,0,0,2,True,False,True,0.776040114801391,0.776040114801391
gross_gain,manwithbag4,40,0,0,2,True,False,True,0.7869011611336643,0.7869011611336643
gross_gain,manwithbag4,41,0,0,2,True,False,True,0.6388037490775763,0.6388037490775763
gross_gain,manwithbag4,42,0,0,2,True,False,True,0.6833377614468324,0.6833377614468324
gross_gain,manwithbag4,43,0,0,2,True,False,True,0.6783476787392129,0.6783476787392129
gross_gain,manwithbag4,44,0,0,2,True,False,True,0.6777989963367724,0.6777989963367724
gross_gain,manwithbag4,45,0,0,2,True,False,True,0.737434870447402,0.737434870447402
gross_gain,manwithbag4,46,0,0,2,True,False,True,0.5699655986682441,0.5699655986682441
gross_gain,manwithbag4,47,0,0,2,True,False,True,0.6256036803439703,0.6256036803439703
gross_gain,manwithbag4,48,0,0,2,True,False,True,0.6062348089169887,0.6062348089169887
gross_gain,manwithbag4,49,0,0,2,True,False,True,0.4987861911443062,0.4987861911443062
gross_gain,manwithbag4,50,0,0,2,True,False,True,0.4202350210523969,0.4202350210523969
gross_gain,manwithbag4,51,0,0,2,True,False,True,0.5181822802439829,0.5181822802439829
gross_gain,manwithbag4,52,0,0,2,True,False,True,0.49601421652748257,0.49601421652748257
gross_gain,manwithbag4,53,0,0,2,True,False,True,0.4627854455741831,0.4627854455741831
gross_gain,manwithbag4,54,0,0,2,True,False,True,0.44992526380374714,0.44992526380374714
gross_gain,manwithbag4,55,0,0,2,True,False,True,0.406602884898233,0.406602884898233
gross_gain,manwithbag4,56,0,0,2,True,False,True,0.4906301858189574,0.4906301858189574
gross_gain,manwithbag4,57,0,0,2,True,False,True,0.5462952203336947,0.5462952203336947
gross_gain,manwithbag4,59,0,0,2,True,False,True,0.4419691965495737,0.4419691965495737
gross_gain,manwithbag4,60,0,0,2,True,False,True,0.3772256638872071,0.3772256638872071
gross_gain,manwithbag4,61,0,0,2,True,False,True,0.30904543426656894,0.30904543426656894
gross_gain,manwithbag4,62,0,0,2,True,False,True,0.34884852055890425,0.34884852055890425
gross_gain,manwithbag4,63,0,0,2,True,False,True,0.3086547749754989,0.3086547749754989
gross_gain,manwithbag4,64,0,0,2,True,False,True,0.3117911425370088,0.3117911425370088
gross_gain,manwithbag4,65,0,0,2,True,False,True,0.328765740392219,0.328765740392219
gross_gain,manwithbag4,66,0,0,2,True,False,True,0.27304636298565726,0.27304636298565726
gross_gain,manwithbag4,391,0,0,2,True,False,True,0.8581616932129984,0.8581616932129984
gross_gain,manwithbag4,392,0,0,2,True,False,True,0.7650827866452329,0.7650827866452329
gross_gain,manwithbag4,393,0,0,2,True,False,True,0.7530890915232605,0.7530890915232605
gross_gain,manwithbag4,394,0,0,2,True,False,True,0.7438656762148136,0.7438656762148136
gross_gain,manwithbag4,395,0,0,2,True,False,True,0.722850340798371,0.722850340798371
gross_gain,manwithbag4,396,0,0,2,True,False,True,0.7912242370761241,0.7912242370761241
gross_gain,manwithbag4,397,0,1,2,True,False,True,0.7110676231128639,0.7110676231128639
gross_gain,manwithbag4,398,0,1,2,True,False,True,0.7374043465191649,0.7374043465191649
gross_gain,manwithbag4,399,0,0,2,True,False,True,0.0,0.0
gross_gain,manwithbag4,400,0,0,2,True,False,True,0.0,0.0
gross_gain,manwithbag4,401,0,0,2,True,False,True,0.0,0.0
gross_gain,manwithbag4,402,0,0,2,True,False,True,0.7927872596554597,0.7927872596554597
gross_gain,manwithbag4,403,0,0,2,True,False,True,0.6733168127505238,0.6733168127505238
gross_gain,manwithbag4,404,0,0,2,True,False,True,0.6313084750078073,0.6313084750078073
gross_gain,manwithbag4,405,0,0,2,True,False,True,0.6663319549516972,0.6663319549516972
gross_gain,manwithbag4,411,0,0,2,True,False,True,0.12791149977024058,0.12791149977024058
gross_gain,manwithbag4,412,0,1,2,True,False,True,0.3009153491629894,0.3009153491629894
gross_gain,manwithbag4,413,0,0,2,True,False,True,0.13858256046097558,0.13858256046097558
gross_gain,manwithbag4,414,0,0,2,True,False,True,0.02174619097715678,0.02174619097715678
gross_gain,manwithbag4,415,0,0,2,True,False,True,0.0,0.0
gross_gain,manwithbag4,416,0,0,2,True,False,True,0.0,0.0
gross_gain,manwithbag4,417,0,0,2,True,False,True,0.0,0.0
gross_gain,manwithbasketball,18,0,0,2,True,False,True,0.8320476907749278,0.8320476907749278
gross_gain,manwithbasketball,19,0,0,2,True,False,True,0.40406513095355673,0.40406513095355673
gross_gain,manwithbasketball,20,0,0,2,True,False,True,0.7894315604521893,0.7894315604521893
gross_gain,manwithbasketball,21,0,0,2,True,False,True,0.712363135061472,0.712363135061472
gross_gain,manwithbasketball,23,0,0,2,True,False,True,0.7669284977441415,0.7669284977441415
gross_gain,manwithbasketball,28,0,0,2,True,False,True,0.8615942182271898,0.8615942182271898
gross_gain,manwithbasketball,30,0,0,2,True,False,True,0.7457310208968627,0.7457310208968627
gross_gain,manwithbasketball,31,0,0,2,True,False,True,0.8337277352877995,0.8337277352877995
gross_gain,manwithbasketball,32,0,0,2,True,False,True,0.7247825542938863,0.7247825542938863
gross_gain,manwithbasketball,34,0,0,2,True,False,True,0.5677227459487683,0.5677227459487683
gross_gain,manwithbasketball,35,0,0,2,True,False,True,0.8200201333037249,0.8200201333037249
gross_gain,manwithbasketball,38,0,0,2,True,False,True,0.6309014488993456,0.6309014488993456
gross_gain,manwithbasketball,39,0,0,2,True,False,True,0.11428861146314953,0.11428861146314953
gross_gain,manwithbasketball,40,0,0,2,True,False,True,0.15405090535567245,0.15405090535567245
gross_gain,manwithbasketball,41,0,0,2,True,False,True,0.1289745844976939,0.1289745844976939
gross_gain,manwithbasketball,42,0,0,2,True,False,True,0.8045094082201266,0.8045094082201266
gross_gain,manwithluggage,2,0,0,0,False,True,True,0.8611913459334585,0.8611913459334585
gross_gain,manwithluggage,4,0,0,0,False,True,True,0.8565542527891131,0.8565542527891131
gross_gain,manwithluggage,9,0,0,0,False,True,True,0.8279980494299181,0.8279980494299181
gross_gain,manwithluggage,10,0,0,0,False,True,True,0.8126313059485322,0.8126313059485322
gross_gain,manwithluggage,11,0,0,0,False,True,True,0.793181056209613,0.793181056209613
gross_gain,manwithluggage,12,0,0,0,False,True,True,0.8039874385334145,0.8039874385334145
gross_gain,manwithluggage,13,0,0,0,False,True,True,0.7706252237281062,0.7706252237281062
gross_gain,manwithluggage,22,0,0,0,False,True,True,0.7304531821416769,0.7304531821416769
gross_gain,manwithluggage,35,0,0,0,False,True,True,0.7075716876134275,0.7075716876134275
gross_gain,manwithluggage,73,0,0,0,False,True,True,0.673915289897141,0.673915289897141
gross_gain,manwithluggage,82,0,0,0,False,True,True,0.7003673897274163,0.7003673897274163
gross_gain,manwithluggage,90,0,0,0,False,True,True,0.7373598125837435,0.7373598125837435
gross_gain,manwithluggage,95,0,0,0,False,True,True,0.7390455819355407,0.7390455819355407
gross_gain,manwithluggage,96,0,0,0,False,True,True,0.7587365807148323,0.7587365807148323
gross_gain,manwithluggage,142,0,0,0,False,True,True,0.6858336193003238,0.6858336193003238
gross_gain,manwithluggage,147,0,0,0,False,True,True,0.6672949869512617,0.6672949869512617
gross_gain,manwithluggage,151,0,0,0,False,True,True,0.6701192920208687,0.6701192920208687
gross_gain,manwithluggage,153,0,0,0,False,True,True,0.6562717745560603,0.6562717745560603
gross_gain,manwithluggage,163,0,0,0,False,True,True,0.7723522254336428,0.7723522254336428
gross_gain,manwithluggage,166,0,0,0,False,True,True,0.7277458291723231,0.7277458291723231
gross_gain,manwithluggage,171,0,0,0,False,True,True,0.7541201445685658,0.7541201445685658
gross_gain,manwithluggage,551,0,0,0,False,True,True,0.6860740203369806,0.6860740203369806
gross_gain,manwithumbrella,332,0,0,2,True,False,True,0.8872106710367664,0.8872106710367664
gross_gain,manwithumbrella,334,0,0,2,True,False,True,0.6309295062147027,0.6309295062147027
gross_gain,manwithumbrella,336,0,0,2,True,False,True,0.9190438275291571,0.9190438275291571
gross_gain,manwithumbrella,338,0,0,2,True,False,True,0.7874919398959636,0.7874919398959636
gross_gain,manwithumbrella,399,0,0,2,True,False,True,0.7596094402708732,0.7596094402708732
gross_gain,manwithumbrella,445,0,0,2,True,False,True,0.8360251334042612,0.8360251334042612
gross_gain,manypeople,20,0,0,2,True,False,True,0.6218622000221582,0.6218622000221582
gross_gain,manypeople,21,0,0,2,True,False,True,0.5132543655026273,0.5132543655026273
gross_gain,manypeople,22,0,0,2,True,False,True,0.35902994685471734,0.35902994685471734
gross_gain,manypeople,23,0,0,2,True,False,True,0.46474658931306945,0.46474658931306945
gross_gain,manypeople,27,0,0,2,True,False,True,0.6470789720674132,0.6470789720674132
gross_gain,manypeople,28,0,0,2,True,False,True,0.699015944055577,0.699015944055577
gross_gain,manypeople,30,0,0,2,True,False,True,0.5937314851084879,0.5937314851084879
gross_gain,manypeople,31,0,0,2,True,False,True,0.6843342647311053,0.6843342647311053
gross_gain,manypeople,32,0,0,2,True,False,True,0.5548265242255983,0.5548265242255983
gross_gain,manypeople,33,0,0,2,True,False,True,0.11397030268382087,0.11397030268382087
gross_gain,manypeople,34,0,0,2,True,False,True,0.07399073994020093,0.07399073994020093
gross_gain,manypeople,35,0,0,2,True,False,True,0.0875176348067841,0.0875176348067841
gross_gain,manypeople,36,0,0,2,True,False,True,0.2226065362487937,0.2226065362487937
gross_gain,manypeople,37,0,0,2,True,False,True,0.26589708398414286,0.26589708398414286
gross_gain,manypeople,38,0,0,2,True,False,True,0.41797455834485514,0.41797455834485514
gross_gain,manypeople,39,0,0,2,True,False,True,0.48514768243155787,0.48514768243155787
gross_gain,manypeople,40,0,0,2,True,False,True,0.645134552519097,0.645134552519097
gross_gain,manypeople,44,0,0,2,True,False,True,0.7242682679652386,0.7242682679652386
gross_gain,manypeople,45,0,0,2,True,False,True,0.6710017227512566,0.6710017227512566
gross_gain,manypeople,46,0,0,2,True,False,True,0.6838318882156164,0.6838318882156164
gross_gain,manypeople,47,0,0,2,True,False,True,0.29876800295586164,0.29876800295586164
gross_gain,manypeople,48,0,0,2,True,False,True,0.5803287706016926,0.5803287706016926
gross_gain,manypeople,49,0,0,2,True,False,True,0.42383057033046506,0.42383057033046506
gross_gain,manypeople,51,0,0,2,True,False,True,0.5442241775336853,0.5442241775336853
gross_gain,manypeople,52,0,0,2,True,False,True,0.47926107786714817,0.47926107786714817
gross_gain,manypeople,63,0,1,2,True,False,True,0.7098479589128032,0.7098479589128032
gross_gain,manypeople,65,0,0,2,True,False,True,0.6901943938213503,0.6901943938213503
gross_gain,manypeople,66,0,0,2,True,False,True,0.6769729753969742,0.6769729753969742
gross_gain,manypeople,68,0,0,2,True,False,True,0.6557069157256459,0.6557069157256459
gross_gain,manypeople,70,0,0,2,True,False,True,0.6415888318816,0.6415888318816
gross_gain,manypeople,71,0,0,2,True,False,True,0.5561233247389871,0.5561233247389871
gross_gain,manypeople,72,0,0,2,True,False,True,0.5515668622437976,0.5515668622437976
gross_gain,manypeople,73,0,0,2,True,False,True,0.39377907240566323,0.39377907240566323
gross_gain,manypeople,74,0,0,2,True,False,True,0.44104377918189375,0.44104377918189375
gross_gain,manypeople,75,0,0,2,True,False,True,0.4361476815381176,0.4361476815381176
gross_gain,manypeople,76,0,0,2,True,False,True,0.4886939252564983,0.4886939252564983
gross_gain,manypeople,77,0,0,2,True,False,True,0.4947122660860352,0.4947122660860352
gross_gain,manypeople,78,0,1,2,True,False,True,0.3496154536567466,0.3496154536567466
gross_gain,manypeople,79,0,0,2,True,False,True,0.4062242808711932,0.4062242808711932
gross_gain,manypeople,80,0,1,2,True,False,True,0.36542467338323065,0.36542467338323065
gross_gain,manypeople,81,0,0,2,True,False,True,0.0,0.0
gross_gain,manypeople,82,0,0,2,True,False,True,0.0,0.0
gross_gain,manypeople,92,0,1,0,False,False,True,0.0,0.0
gross_gain,manypeople,95,0,0,2,True,False,True,0.0,0.0
gross_gain,manypeople,96,0,0,2,True,False,True,0.0,0.0
gross_gain,manypeople,97,0,0,2,True,False,True,0.0,0.0
gross_gain,manypeople,107,0,0,2,True,False,True,0.0,0.0
gross_gain,manypeople,108,0,0,2,True,False,True,0.0,0.0
gross_gain,manypeople,109,0,0,2,True,False,True,0.0,0.0
gross_gain,manypeople,143,0,0,2,True,False,True,0.0,0.0
gross_gain,manypeople,159,0,0,2,True,False,True,0.0,0.0
gross_gain,manypeople,160,0,0,2,True,False,True,0.0,0.0
gross_gain,manypeople,165,0,0,2,True,False,True,0.0,0.0
gross_gain,manypeople,166,0,0,2,True,False,True,0.0,0.0
gross_gain,manypeople,167,0,0,2,True,False,True,0.0,0.0
gross_gain,manypeople,169,0,0,2,True,False,True,0.0,0.0
gross_gain,manypeople,171,0,0,2,True,False,True,0.0,0.0
gross_gain,manypeople,172,0,0,2,True,False,True,0.0,0.0
gross_gain,manypeople,173,0,0,2,True,False,True,0.0,0.0
gross_gain,manypeople,174,0,0,2,True,False,True,0.0,0.0
gross_gain,manypeople,175,0,0,2,True,False,True,0.0,0.0
gross_gain,manypeople,176,0,0,2,True,False,True,0.0,0.0
gross_gain,manypeople,182,0,0,2,True,False,True,0.0,0.0
gross_gain,manypeople,183,0,0,2,True,False,True,0.0,0.0
gross_gain,manypeople,184,0,0,2,True,False,True,0.0,0.0
gross_gain,manypeople,185,0,0,2,True,False,True,0.0,0.0
gross_gain,manypeople,186,0,0,2,True,False,True,0.0,0.0
gross_gain,manypeople,187,0,0,2,True,False,True,0.0,0.0
gross_gain,manypeople,188,0,0,2,True,False,True,0.0,0.0
gross_gain,manypeople,189,0,0,2,True,False,True,0.0,0.0
gross_gain,manypeople,190,0,0,2,True,False,True,0.0,0.0
gross_gain,manypeople,191,0,0,2,True,False,True,0.0,0.0
gross_gain,manypeople,192,0,0,2,True,False,True,0.0,0.0
gross_gain,manypeople,193,0,0,2,True,False,True,0.0,0.0
gross_gain,manypeople,194,0,0,2,True,False,True,0.0,0.0
gross_gain,manypeople,195,0,0,2,True,False,True,0.0,0.0
gross_gain,manypeople,196,0,0,2,True,False,True,0.0,0.0
gross_gain,manypeople,197,0,0,2,True,False,True,0.0,0.0
gross_gain,manypeople,201,0,0,2,True,False,True,0.0,0.0
gross_gain,manypeople,205,0,0,2,True,False,True,0.0,0.0
gross_gain,manypeople,206,0,0,2,True,False,True,0.0,0.0
gross_gain,manypeople,219,0,0,2,True,False,True,0.0,0.0
gross_gain,manypeople,220,0,0,2,True,False,True,0.0,0.0
gross_gain,manypeople,270,0,0,2,True,False,True,0.0,0.0
gross_gain,manypeople,280,0,0,2,True,False,True,0.0,0.0
gross_gain,manypeople,283,0,0,2,True,False,True,0.0,0.0
gross_gain,manypeople,285,0,0,2,True,False,True,0.0,0.0
gross_gain,manypeople,286,0,0,2,True,False,True,0.0,0.0
gross_gain,manypeople,287,0,0,2,True,False,True,0.0,0.0
gross_gain,manypeople,288,0,0,2,True,False,True,0.0,0.0
gross_gain,manypeople,289,0,0,2,True,False,True,0.0,0.0
gross_gain,manypeople,295,0,0,2,True,False,True,0.0,0.0
gross_gain,manypeople,296,0,0,2,True,False,True,0.0,0.0
gross_gain,manypeople,298,0,0,2,True,False,True,0.0,0.0
gross_gain,manypeople,299,0,0,2,True,False,True,0.0,0.0
gross_gain,manypeople,301,0,0,2,True,False,True,0.0,0.0
gross_gain,manypeople,304,0,0,2,True,False,True,0.0,0.0
gross_gain,manypeople,305,0,0,2,True,False,True,0.0,0.0
gross_gain,manypeople,308,0,0,2,True,False,True,0.0,0.0
gross_gain,manypeople,311,0,0,2,True,False,True,0.0,0.0
gross_gain,manypeople,312,0,0,2,True,False,True,0.0,0.0
gross_gain,manypeople,313,0,0,2,True,False,True,0.0,0.0
gross_gain,manypeople,315,0,0,2,True,False,True,0.0,0.0
gross_gain,manypeople,316,0,0,2,True,False,True,0.0,0.0
gross_gain,manypeople,317,0,0,2,True,False,True,0.0,0.0
gross_gain,manypeople,318,0,0,2,True,False,True,0.0,0.0
gross_gain,manypeople,319,0,0,2,True,False,True,0.0,0.0
gross_gain,manypeople,320,0,0,2,True,False,True,0.0,0.0
gross_gain,manypeople,322,0,0,2,True,False,True,0.0,0.0
gross_gain,manypeople,323,0,0,2,True,False,True,0.0,0.0
gross_gain,manypeople,329,0,1,2,True,False,True,0.0,0.0
gross_gain,manypeople,332,0,0,2,True,False,True,0.0,0.0
gross_gain,manypeople,337,0,0,2,True,False,True,0.0,0.0
gross_gain,manypeople,341,0,0,2,True,False,True,0.0,0.0
gross_gain,manypeople,343,0,0,2,True,False,True,0.0,0.0
gross_gain,manypeople,345,0,0,2,True,False,True,0.0,0.0
gross_gain,manypeople,346,0,0,2,True,False,True,0.0,0.0
gross_gain,manypeople,358,0,0,2,True,False,True,0.0,0.0
gross_gain,manypeople,377,0,1,2,True,False,True,0.0,0.0
gross_gain,manypeople,381,0,1,2,True,False,True,0.0,0.0
gross_gain,manypeople,382,0,0,2,True,False,True,0.0,0.0
gross_gain,manypeople,383,0,0,2,True,False,True,0.0,0.0
gross_gain,manypeople,384,0,0,2,True,False,True,0.0,0.0
gross_gain,manypeople,385,0,0,2,True,False,True,0.0,0.0
gross_gain,manypeople,399,0,0,2,True,False,True,0.0,0.0
gross_gain,manypeople,405,0,0,2,True,False,True,0.0,0.0
gross_gain,manypeople,426,0,0,2,True,False,True,0.0,0.0
gross_gain,manypeople,429,0,0,2,True,False,True,0.0,0.0
gross_gain,manypeople,608,0,0,0,False,True,True,0.0,0.0
gross_gain,manypeople2,193,0,0,0,False,True,True,0.8287944909686579,0.8287944909686579
gross_gain,mobile,108,0,0,0,False,True,True,0.8871738621734394,0.8871738621734394
gross_gain,mobile,409,0,0,0,False,True,True,0.7688355347981239,0.7688355347981239
gross_gain,mobile,411,0,0,0,False,True,True,0.7855438689493551,0.7855438689493551
gross_gain,mobile,415,0,0,0,False,True,True,0.8735902722114772,0.8735902722114772
gross_gain,mobile,796,0,0,0,False,True,True,0.7496786952039945,0.7496786952039945
gross_gain,night2,1,0,0,2,True,False,True,0.7246272058257304,0.7246272058257304
gross_gain,night2,3,0,1,2,True,False,True,0.5567609167220708,0.5567609167220708
gross_gain,night2,5,0,0,2,True,False,True,0.7293516804268161,0.7293516804268161
gross_gain,night2,8,0,0,2,True,False,True,0.07455308692914799,0.07455308692914799
gross_gain,night2,9,0,0,2,True,False,True,0.0,0.0
gross_gain,night2,10,0,0,2,True,False,True,0.0,0.0
gross_gain,night2,11,0,0,2,True,False,True,0.6375001404715844,0.6375001404715844
gross_gain,night2,12,0,0,2,True,False,True,0.6324766720570597,0.6324766720570597
gross_gain,night2,17,0,0,2,True,False,True,0.5066751086638234,0.5066751086638234
gross_gain,night2,19,0,0,2,True,False,True,0.6929992431139225,0.6929992431139225
gross_gain,night2,21,0,1,2,True,False,True,0.8585937151726292,0.8585937151726292
gross_gain,night2,28,0,1,2,True,False,True,0.7429247660437039,0.7429247660437039
gross_gain,night2,30,0,0,2,True,False,True,0.8722149670037348,0.8722149670037348
gross_gain,night2,34,0,0,2,True,False,True,0.7971335393880352,0.7971335393880352
gross_gain,night2,35,0,0,2,True,False,True,0.806453441817335,0.806453441817335
gross_gain,night2,36,0,0,2,True,False,True,0.7384115333036427,0.7384115333036427
gross_gain,night2,37,0,0,2,True,False,True,0.7415761597265207,0.7415761597265207
gross_gain,night2,53,0,0,2,True,False,True,0.7973073248892024,0.7973073248892024
gross_gain,night2,55,0,0,2,True,False,True,0.0,0.0
gross_gain,night2,57,0,0,2,True,False,True,0.8550905990359038,0.8550905990359038
gross_gain,night2,60,0,0,2,True,False,True,0.733237364127321,0.733237364127321
gross_gain,night2,63,0,0,2,True,False,True,0.7143837224864136,0.7143837224864136
gross_gain,nightrun,133,0,0,2,True,False,True,0.8210332409020978,0.8210332409020978
gross_gain,nightrun,134,0,0,2,True,False,True,0.20223222647069325,0.20223222647069325
gross_gain,nightrun,136,0,0,2,True,False,True,0.03421764819581294,0.03421764819581294
gross_gain,nightrun,137,0,0,2,True,False,True,0.0,0.0
gross_gain,nightrun,138,0,0,2,True,False,True,0.0,0.0
gross_gain,nightrun,139,0,0,2,True,False,True,0.025925230997429122,0.025925230997429122
gross_gain,nightrun,140,0,0,2,True,False,True,0.0,0.0
gross_gain,nightrun,141,0,0,2,True,False,True,0.0,0.0
gross_gain,nightrun,144,0,0,2,True,False,True,0.0,0.0
gross_gain,nightrun,145,0,0,2,True,False,True,0.0,0.0
gross_gain,nightrun,146,0,0,2,True,False,True,0.0,0.0
gross_gain,nightrun,148,0,0,2,True,False,True,0.0,0.0
gross_gain,nightrun,149,0,0,2,True,False,True,0.0,0.0
gross_gain,nightrun,151,0,0,2,True,False,True,0.0,0.0
gross_gain,nightrun,153,0,1,2,True,False,True,0.0,0.0
gross_gain,nightrun,156,0,0,2,True,False,True,0.8310110831924127,0.8310110831924127
gross_gain,nightrun,157,0,0,2,True,False,True,0.851005332841559,0.851005332841559
gross_gain,nightthreepeople,165,0,0,2,True,False,True,0.7171463951171764,0.7171463951171764
gross_gain,nightthreepeople,176,0,0,2,True,False,True,0.7802512656596555,0.7802512656596555
gross_gain,nightthreepeople,177,0,0,2,True,False,True,0.7535250248825588,0.7535250248825588
gross_gain,nightthreepeople,178,0,0,2,True,False,True,0.1940165240874151,0.1940165240874151
gross_gain,nightthreepeople,180,0,0,2,True,False,True,0.6947007038192026,0.6947007038192026
gross_gain,nightthreepeople,182,0,0,2,True,False,True,0.6100261427237818,0.6100261427237818
gross_gain,nightthreepeople,183,0,0,2,True,False,True,0.7902433390487906,0.7902433390487906
gross_gain,nightthreepeople,184,0,0,2,True,False,True,0.0,0.0
gross_gain,nightthreepeople,185,0,0,2,True,False,True,0.2222330342872131,0.2222330342872131
gross_gain,nightthreepeople,186,0,0,2,True,False,True,0.6624234125247016,0.6624234125247016
gross_gain,nightthreepeople,187,0,0,2,True,False,True,0.6188628086309901,0.6188628086309901
gross_gain,nightthreepeople,188,0,0,2,True,False,True,0.12078715977465891,0.12078715977465891
gross_gain,nightthreepeople,189,0,0,2,True,False,True,0.10777030474924748,0.10777030474924748
gross_gain,nightthreepeople,191,0,0,2,True,False,True,0.07931628458571126,0.07931628458571126
gross_gain,nightthreepeople,192,0,0,2,True,False,True,0.2682528087296704,0.2682528087296704
gross_gain,nightthreepeople,193,0,0,2,True,False,True,0.17291263785454228,0.17291263785454228
gross_gain,nightthreepeople,194,0,0,2,True,False,True,0.34569259549286274,0.34569259549286274
gross_gain,nightthreepeople,195,0,0,2,True,False,True,0.3733829113333616,0.3733829113333616
gross_gain,nightthreepeople,196,0,0,2,True,False,True,0.6634392538511618,0.6634392538511618
gross_gain,nightthreepeople,197,0,0,2,True,False,True,0.7316698080179227,0.7316698080179227
gross_gain,nightthreepeople,205,0,0,2,True,False,True,0.08140372379249265,0.08140372379249265
gross_gain,nightthreepeople,207,0,0,2,True,False,True,0.1299516502215185,0.1299516502215185
gross_gain,nightthreepeople,209,0,0,2,True,False,True,0.773858515389619,0.773858515389619
gross_gain,nightthreepeople,225,0,0,2,True,False,True,0.7319466092808694,0.7319466092808694
gross_gain,nightthreepeople,226,0,0,2,True,False,True,0.5858228713299415,0.5858228713299415
gross_gain,nightthreepeople,227,0,0,2,True,False,True,0.6350274691078927,0.6350274691078927
gross_gain,nightthreepeople,228,0,0,2,True,False,True,0.6352507799617327,0.6352507799617327
gross_gain,nightthreepeople,229,0,0,2,True,False,True,0.5067323782398553,0.5067323782398553
gross_gain,nightthreepeople,230,0,0,2,True,False,True,0.6452240905081943,0.6452240905081943
gross_gain,nightthreepeople,232,0,0,2,True,False,True,0.6147751321221724,0.6147751321221724
gross_gain,nightthreepeople,245,0,0,2,True,False,True,0.5871301402501413,0.5871301402501413
gross_gain,nightthreepeople,262,0,0,2,True,False,True,0.4610990756073544,0.4610990756073544
gross_gain,notmove,100,0,0,2,True,False,True,0.8145902398524623,0.8145902398524623
gross_gain,notmove,102,0,0,2,True,False,True,0.7545486905442124,0.7545486905442124
gross_gain,notmove,103,0,0,2,True,False,True,0.8065250325090274,0.8065250325090274
gross_gain,notmove,104,0,0,2,True,False,True,0.7772891159345822,0.7772891159345822
gross_gain,notmove,105,0,1,2,True,False,True,0.591750638637489,0.591750638637489
gross_gain,notmove,106,0,1,2,True,False,True,0.5778488405040453,0.0
gross_gain,notmove,109,0,0,2,True,False,True,0.0,0.0
gross_gain,notmove,111,0,0,2,True,False,True,0.0,0.0
gross_gain,notmove,112,0,0,2,True,False,True,0.0,0.0
gross_gain,notmove,113,0,0,2,True,False,True,0.0,0.0
gross_gain,notmove,114,0,1,2,True,False,True,0.0,0.6633241746165988
gross_gain,notmove,115,0,0,2,True,False,True,0.6694198516085563,0.6694198516085563
gross_gain,notmove,117,0,0,2,True,False,True,0.5340584290310469,0.5340584290310469
gross_gain,notmove,118,0,0,2,True,False,True,0.5492074519516574,0.5492074519516574
gross_gain,notmove,128,0,0,2,True,False,True,0.7634155905969382,0.7634155905969382
gross_gain,notmove,130,0,0,2,True,False,True,0.7986839261830322,0.7986839261830322
gross_gain,notmove,134,0,0,2,True,False,True,0.696029458795264,0.696029458795264
gross_gain,notmove,136,0,0,2,True,False,True,0.8274060574730091,0.8274060574730091
gross_gain,notmove,137,0,0,2,True,False,True,0.7571345044885308,0.7571345044885308
gross_gain,notmove,138,0,0,2,True,False,True,0.7167156347121334,0.7167156347121334
gross_gain,notmove,139,0,0,2,True,False,True,0.6984383297845976,0.6984383297845976
gross_gain,notmove,141,0,0,2,True,False,True,0.2884418807273526,0.2884418807273526
gross_gain,notmove,142,0,0,2,True,False,True,0.29480961662877747,0.29480961662877747
gross_gain,notmove,143,0,0,2,True,False,True,0.3032861151211632,0.3032861151211632
gross_gain,notmove,144,0,0,2,True,False,True,0.35690565159278975,0.35690565159278975
gross_gain,notmove,145,0,0,2,True,False,True,0.3526774941460926,0.3526774941460926
gross_gain,notmove,146,0,0,2,True,False,True,0.38204366711948234,0.38204366711948234
gross_gain,notmove,147,0,0,2,True,False,True,0.41412551080316684,0.41412551080316684
gross_gain,notmove,148,0,0,2,True,False,True,0.40947212804182087,0.40947212804182087
gross_gain,notmove,149,0,0,2,True,False,True,0.288435512050002,0.288435512050002
gross_gain,notmove,150,0,0,2,True,False,True,0.3171948478557804,0.3171948478557804
gross_gain,notmove,151,0,0,2,True,False,True,0.3263437470798903,0.3263437470798903
gross_gain,notmove,152,0,0,2,True,False,True,0.26573778637375345,0.26573778637375345
gross_gain,notmove,153,0,0,2,True,False,True,0.2170039100322259,0.2170039100322259
gross_gain,notmove,154,0,0,2,True,False,True,0.4398594019341479,0.4398594019341479
gross_gain,notmove,155,0,0,2,True,False,True,0.5108290347769243,0.5108290347769243
gross_gain,notmove,156,0,0,2,True,False,True,0.6036783837285362,0.6036783837285362
gross_gain,notmove,157,0,0,2,True,False,True,0.644207866442493,0.644207866442493
gross_gain,notmove,160,0,0,2,True,False,True,0.7718546290529495,0.7718546290529495
gross_gain,notmove,236,0,0,2,True,False,True,0.7532978954796087,0.7532978954796087
gross_gain,notmove,237,0,0,2,True,False,True,0.6223787540123924,0.6223787540123924
gross_gain,notmove,239,0,0,2,True,False,True,0.569290328087436,0.569290328087436
gross_gain,notmove,240,0,1,2,True,False,True,0.4474676282504336,0.0
gross_gain,notmove,241,0,0,2,True,False,True,0.0,0.0
gross_gain,notmove,242,0,0,2,True,False,True,0.0,0.0
gross_gain,notmove,243,0,0,2,True,False,True,0.0,0.0
gross_gain,notmove,244,0,0,2,True,False,True,0.0,0.0
gross_gain,notmove,245,0,0,2,True,False,True,0.0,0.0
gross_gain,notmove,246,0,0,2,True,False,True,0.0,0.0
gross_gain,notmove,249,0,0,2,True,False,True,0.0,0.0
gross_gain,notmove,250,0,0,2,True,False,True,0.0,0.0
gross_gain,notmove,254,0,0,2,True,False,True,0.0,0.0
gross_gain,notmove,257,0,1,2,True,False,True,0.0,0.0
gross_gain,notmove,258,0,1,2,True,False,True,0.0,0.0
gross_gain,notmove,259,0,0,2,True,False,True,0.0,0.0
gross_gain,notmove,261,0,0,2,True,False,True,0.0,0.0
gross_gain,notmove,262,0,1,2,True,False,True,0.0,0.0
gross_gain,notmove,263,0,0,2,True,False,True,0.0,0.0
gross_gain,notmove,264,0,1,2,True,False,True,0.0,0.0
gross_gain,notmove,274,0,0,2,True,False,True,0.5801381761293203,0.5801381761293203
gross_gain,notmove,276,0,0,2,True,False,True,0.41308798073512776,0.41308798073512776
gross_gain,notmove,278,0,0,2,True,False,True,0.5161866343965232,0.5161866343965232
gross_gain,notmove,279,0,0,2,True,False,True,0.5345821625372479,0.5345821625372479
gross_gain,notmove,283,0,0,2,True,False,True,0.7534309722907641,0.7534309722907641
gross_gain,notmove,351,0,0,2,True,False,True,0.6965627422980095,0.6965627422980095
gross_gain,notmove,353,0,0,2,True,False,True,0.6690164048461651,0.6690164048461651
gross_gain,oldman,353,0,0,2,True,False,True,0.6412081302157902,0.6412081302157902
gross_gain,oldman,355,0,0,2,True,False,True,0.5576119383734076,0.5576119383734076
gross_gain,oldman,356,0,0,2,True,False,True,0.5310919452573526,0.5310919452573526
gross_gain,oldman,357,0,0,2,True,False,True,0.6120402106726222,0.6120402106726222
gross_gain,oldman,358,0,0,2,True,False,True,0.661261617928051,0.661261617928051
gross_gain,oldman,359,0,0,2,True,False,True,0.7383800172004114,0.7383800172004114
gross_gain,oldman,360,0,0,2,True,False,True,0.8206907637529209,0.8206907637529209
gross_gain,oldman,361,0,0,2,True,False,True,0.6779275928840915,0.6779275928840915
gross_gain,oldman,362,0,0,2,True,False,True,0.7522929548744194,0.7522929548744194
gross_gain,oldman,363,0,0,2,True,False,True,0.5857092230636838,0.5857092230636838
gross_gain,oldman,364,0,0,2,True,False,True,0.6095357485266429,0.6095357485266429
gross_gain,oldman,365,0,0,2,True,False,True,0.64985214003322,0.64985214003322
gross_gain,oldman,366,0,0,2,True,False,True,0.6243295494844043,0.6243295494844043
gross_gain,oldman,367,0,0,2,True,False,True,0.6856283283115615,0.6856283283115615
gross_gain,oldman,378,0,0,2,True,False,True,0.6071630163701275,0.6071630163701275
gross_gain,oldman,380,0,0,2,True,False,True,0.6922108773788881,0.6922108773788881
gross_gain,oldman,389,0,0,2,True,False,True,0.36786190991956685,0.36786190991956685
gross_gain,oldman,391,0,0,2,True,False,True,0.4009985092695712,0.4009985092695712
gross_gain,oldman,407,0,0,2,True,False,True,0.39144914230508,0.39144914230508
gross_gain,oldman,408,0,0,2,True,False,True,0.3831392137495066,0.3831392137495066
gross_gain,oldman,409,0,0,2,True,False,True,0.36345540782437874,0.36345540782437874
gross_gain,oldman,412,0,0,2,True,False,True,0.4159712817569269,0.4159712817569269
gross_gain,oldman,413,0,0,2,True,False,True,0.38395116846346483,0.38395116846346483
gross_gain,oldman,414,0,0,2,True,False,True,0.33418924556351626,0.33418924556351626
gross_gain,oldman,416,0,0,2,True,False,True,0.360418389404621,0.360418389404621
gross_gain,oldman,417,0,0,2,True,False,True,0.3651824682954783,0.3651824682954783
gross_gain,oldman,418,0,0,2,True,False,True,0.3469615412069496,0.3469615412069496
gross_gain,oldman,420,0,0,2,True,False,True,0.40761133383568565,0.40761133383568565
gross_gain,oldman,421,0,0,2,True,False,True,0.3752225649717164,0.3752225649717164
gross_gain,oldman,428,0,0,2,True,False,True,0.2663486325258504,0.2663486325258504
gross_gain,oldman,430,0,0,2,True,False,True,0.43526716723581976,0.43526716723581976
gross_gain,oldman,431,0,0,2,True,False,True,0.6211897588146039,0.6211897588146039
gross_gain,oldman,435,0,0,2,True,False,True,0.5844240617451121,0.5844240617451121
gross_gain,oldman,437,0,0,2,True,False,True,0.47162176116193566,0.47162176116193566
gross_gain,oldman,449,0,0,2,True,False,True,0.36151142674412257,0.36151142674412257
gross_gain,oldman2,36,0,0,2,True,False,True,0.7156505815076724,0.7156505815076724
gross_gain,oldman2,84,0,0,2,True,False,True,0.6549957730893683,0.6549957730893683
gross_gain,oldman2,96,0,0,2,True,False,True,0.597121885543807,0.597121885543807
gross_gain,oldman2,97,0,0,2,True,False,True,0.6837032877673224,0.6837032877673224
gross_gain,oldman2,98,0,0,2,True,False,True,0.0,0.0
gross_gain,oldman2,99,0,0,2,True,False,True,0.5659787231070381,0.5659787231070381
gross_gain,oldman2,100,0,0,2,True,False,True,0.22430657864299042,0.22430657864299042
gross_gain,oldman2,101,0,0,2,True,False,True,0.8206079474907823,0.8206079474907823
gross_gain,oldman2,102,0,0,2,True,False,True,0.6484332264552153,0.6484332264552153
gross_gain,oldwoman,94,0,0,2,True,False,True,0.8780756726546284,0.8780756726546284
gross_gain,oldwoman,166,0,0,2,True,False,True,0.0,0.655799892722569
gross_gain,orangeman1,872,0,0,0,False,True,True,0.8851446359516072,0.8851446359516072
gross_gain,orangeman1,873,0,0,0,False,True,True,0.8967220911084546,0.8967220911084546
gross_gain,orangeman1,874,0,0,0,False,True,True,0.8189594593836853,0.8189594593836853
gross_gain,people,92,0,0,2,True,False,True,0.5522287700299607,0.5522287700299607
gross_gain,people,152,0,0,2,True,False,True,0.5450499615119976,0.5450499615119976
gross_gain,people,157,0,0,2,True,False,True,0.5835614409509948,0.5835614409509948
gross_gain,people,159,0,0,2,True,False,True,0.7001745053154474,0.7001745053154474
gross_gain,people,162,0,0,2,True,False,True,0.822163644709739,0.822163644709739
gross_gain,people,194,0,0,2,True,False,True,0.732462471588736,0.732462471588736
gross_gain,people,196,0,0,2,True,False,True,0.7192594448242091,0.7192594448242091
gross_gain,people,198,0,0,2,True,False,True,0.6656929726878167,0.6656929726878167
gross_gain,people,199,0,0,2,True,False,True,0.6674784368543522,0.6674784368543522
gross_gain,people,201,0,0,2,True,False,True,0.6581841152930473,0.6581841152930473
gross_gain,people,202,0,1,2,True,False,True,0.6391515799429098,0.6391515799429098
gross_gain,people,203,0,0,2,True,False,True,0.6545762443306646,0.6545762443306646
gross_gain,people,204,0,0,2,True,False,True,0.6663584448907627,0.6663584448907627
gross_gain,people,205,0,0,2,True,False,True,0.6274468746116432,0.6274468746116432
gross_gain,people,206,0,0,2,True,False,True,0.6650551972921962,0.6650551972921962
gross_gain,people,207,0,0,2,True,False,True,0.648203199266427,0.648203199266427
gross_gain,people,208,0,0,2,True,False,True,0.7264825973558029,0.7264825973558029
gross_gain,people,211,0,0,2,True,False,True,0.5985904008612926,0.5985904008612926
gross_gain,people,212,0,0,2,True,False,True,0.6273829686414581,0.6273829686414581
gross_gain,people,213,0,0,2,True,False,True,0.6570414417131246,0.6570414417131246
gross_gain,people,214,0,0,2,True,False,True,0.7352291932877175,0.7352291932877175
gross_gain,people,215,0,1,2,True,False,True,0.7068451798597092,0.7068451798597092
gross_gain,people,216,0,0,2,True,False,True,0.7023443066059502,0.7023443066059502
gross_gain,people,217,0,0,2,True,False,True,0.666717502312601,0.666717502312601
gross_gain,people,218,0,0,2,True,False,True,0.6920253759097343,0.6920253759097343
gross_gain,people,219,0,0,2,True,False,True,0.6674481598462353,0.6674481598462353
gross_gain,people,220,0,0,2,True,False,True,0.6995026560694079,0.6995026560694079
gross_gain,people,221,0,0,2,True,False,True,0.7956476032834815,0.7956476032834815
gross_gain,people,222,0,0,2,True,False,True,0.8249160405965468,0.8249160405965468
gross_gain,people,223,0,0,2,True,False,True,0.81086779558142,0.81086779558142
gross_gain,people,224,0,0,2,True,False,True,0.7548099043061015,0.7548099043061015
gross_gain,people,225,0,0,2,True,False,True,0.7583138296388192,0.7583138296388192
gross_gain,people,226,0,1,2,True,False,True,0.6917786267576485,0.6917786267576485
gross_gain,people,227,0,0,2,True,False,True,0.0,0.0
gross_gain,people,228,0,1,2,True,False,True,0.0,0.0
gross_gain,people,229,0,0,2,True,False,True,0.010827013221449163,0.010827013221449163
gross_gain,people,230,0,0,2,True,False,True,0.021602471507360527,0.021602471507360527
gross_gain,people,240,0,0,2,True,False,True,0.10779582267806966,0.10779582267806966
gross_gain,people,242,0,0,2,True,False,True,0.11854709426861258,0.11854709426861258
gross_gain,people,243,0,0,2,True,False,True,0.13680443762530334,0.13680443762530334
gross_gain,people,244,0,0,2,True,False,True,0.1452463422193359,0.1452463422193359
gross_gain,people,246,0,1,2,True,False,True,0.23444605463571325,0.23444605463571325
gross_gain,people,247,0,0,2,True,False,True,0.17522502715739965,0.17522502715739965
gross_gain,people,248,0,1,2,True,False,True,0.21203706110006626,0.21203706110006626
gross_gain,people,249,0,0,2,True,False,True,0.2136123003134376,0.2136123003134376
gross_gain,people,258,0,0,2,True,False,True,0.3913960466681579,0.3913960466681579
gross_gain,people,259,0,0,2,True,False,True,0.48790214125455234,0.48790214125455234
gross_gain,people,260,0,0,2,True,False,True,0.0,0.0
gross_gain,people,261,0,0,2,True,False,True,0.0,0.0
gross_gain,people,262,0,0,2,True,False,True,0.0,0.0
gross_gain,people,263,0,0,2,True,False,True,0.0,0.0
gross_gain,people,264,0,0,2,True,False,True,0.0,0.0
gross_gain,people,265,0,0,2,True,False,True,0.0,0.0
gross_gain,people,266,0,0,2,True,False,True,0.0,0.0
gross_gain,people,267,0,0,2,True,False,True,0.0,0.0
gross_gain,people,268,0,0,2,True,False,True,0.0,0.0
gross_gain,people,269,0,0,2,True,False,True,0.0,0.0
gross_gain,people,270,0,0,2,True,False,True,0.0,0.0
gross_gain,people,271,0,0,2,True,False,True,0.0,0.0
gross_gain,people,273,0,0,2,True,False,True,0.0,0.0
gross_gain,people,275,0,0,2,True,False,True,0.0,0.0
gross_gain,people,276,0,0,2,True,False,True,0.0,0.0
gross_gain,people,277,0,0,2,True,False,True,0.0,0.0
gross_gain,people,278,0,0,2,True,False,True,0.0,0.0
gross_gain,people,279,0,0,2,True,False,True,0.0,0.0
gross_gain,people,280,0,0,2,True,False,True,0.0,0.0
gross_gain,people,282,0,0,2,True,False,True,0.0,0.0
gross_gain,people,283,0,0,2,True,False,True,0.0,0.0
gross_gain,people,284,0,0,2,True,False,True,0.0,0.0
gross_gain,people,285,0,0,2,True,False,True,0.0,0.0
gross_gain,people,286,0,0,2,True,False,True,0.0,0.0
gross_gain,people,288,0,0,2,True,False,True,0.0,0.0
gross_gain,people,289,0,0,2,True,False,True,0.0,0.0
gross_gain,people,290,0,0,2,True,False,True,0.0,0.0
gross_gain,people,293,0,0,2,True,False,True,0.05658934799587987,0.05658934799587987
gross_gain,people,295,0,0,2,True,False,True,0.050654452344400774,0.050654452344400774
gross_gain,people,299,0,1,2,True,False,True,0.011997366283369941,0.011997366283369941
gross_gain,people,300,0,0,2,True,False,True,0.004042457936046917,0.004042457936046917
gross_gain,people,302,0,1,2,True,False,True,0.005485602922589114,0.005485602922589114
gross_gain,people,305,0,0,2,True,False,True,0.0,0.0
gross_gain,people,306,0,1,2,True,False,True,0.0,0.0
gross_gain,people,307,0,0,2,True,False,True,0.0,0.0
gross_gain,people,309,0,0,2,True,False,True,0.0,0.0
gross_gain,people,310,0,0,2,True,False,True,0.5178233764406174,0.5178233764406174
gross_gain,people,311,0,0,2,True,False,True,0.5414152676338829,0.5414152676338829
gross_gain,people,312,0,0,2,True,False,True,0.47106467394497964,0.47106467394497964
gross_gain,people,313,0,0,2,True,False,True,0.09967972718135264,0.09967972718135264
gross_gain,people,314,0,0,2,True,False,True,0.04580180683199201,0.04580180683199201
gross_gain,people,316,0,1,2,True,False,True,0.0,0.0
gross_gain,people,317,0,0,2,True,False,True,0.0,0.0
gross_gain,people,318,0,0,2,True,False,True,0.0,0.0
gross_gain,people,319,0,0,2,True,False,True,0.0,0.0
gross_gain,people,320,0,0,2,True,False,True,0.0,0.0
gross_gain,people,321,0,0,2,True,False,True,0.0,0.0
gross_gain,people,322,0,0,2,True,False,True,0.0,0.0
gross_gain,people,324,0,0,2,True,False,True,0.0,0.0
gross_gain,people,326,0,0,2,True,False,True,0.0,0.0
gross_gain,people,328,0,0,2,True,False,True,0.0,0.0
gross_gain,people,329,0,0,2,True,False,True,0.0,0.0
gross_gain,people,332,0,0,2,True,False,True,0.0,0.0
gross_gain,people,337,0,0,2,True,False,True,0.0,0.0
gross_gain,people,338,0,0,2,True,False,True,0.0,0.0
gross_gain,people,339,0,0,2,True,False,True,0.0,0.0
gross_gain,people,340,0,0,2,True,False,True,0.0,0.0
gross_gain,people,341,0,1,2,True,False,True,0.0,0.0
gross_gain,people,350,0,0,2,True,False,True,0.0,0.0
gross_gain,people,351,0,0,2,True,False,True,0.0,0.0
gross_gain,people,354,0,0,2,True,False,True,0.0,0.0
gross_gain,people,355,0,0,2,True,False,True,0.0,0.0
gross_gain,people,357,0,0,2,True,False,True,0.0,0.0
gross_gain,people,361,0,0,2,True,False,True,0.0,0.0
gross_gain,people,365,0,0,2,True,False,True,0.0,0.0
gross_gain,people,368,0,0,2,True,False,True,0.0,0.0
gross_gain,people,369,0,0,2,True,False,True,0.0,0.0
gross_gain,people,370,0,0,2,True,False,True,0.0,0.0
gross_gain,people1,2,0,0,0,False,True,True,0.9092601830593059,0.9092601830593059
gross_gain,people1,5,0,0,0,False,True,True,0.8689377719034665,0.8689377719034665
gross_gain,people1,6,0,0,0,False,True,True,0.8878648072595517,0.8878648072595517
gross_gain,people1,7,0,0,0,False,True,True,0.8648637279660728,0.8648637279660728
gross_gain,people1,8,0,0,0,False,True,True,0.8849486250495602,0.8849486250495602
gross_gain,people1,9,0,0,0,False,True,True,0.8925825982634586,0.8925825982634586
gross_gain,people1,10,0,0,0,False,True,True,0.9284858483828613,0.9284858483828613
gross_gain,people1,12,0,0,0,False,True,True,0.917520367144544,0.917520367144544
gross_gain,people1,13,0,0,0,False,True,True,0.9139626697345486,0.9139626697345486
gross_gain,people1,15,0,0,0,False,True,True,0.8609705851861739,0.8609705851861739
gross_gain,people1,16,0,0,0,False,True,True,0.8247878157295239,0.8247878157295239
gross_gain,people1,17,0,0,0,False,True,True,0.8592333898469243,0.8592333898469243
gross_gain,people1,20,0,0,0,False,True,True,0.8335908958447554,0.8335908958447554
gross_gain,people1,23,0,0,0,False,True,True,0.8543210571951669,0.8543210571951669
gross_gain,people1,24,0,0,0,False,True,True,0.832384723107813,0.832384723107813
gross_gain,people1,27,0,0,0,False,True,True,0.8174663430970475,0.8174663430970475
gross_gain,people1,36,0,0,0,False,True,True,0.8823537472556446,0.8823537472556446
gross_gain,people1,37,0,0,0,False,True,True,0.8986629593838835,0.8986629593838835
gross_gain,people1,38,0,0,0,False,True,True,0.8711729073326199,0.8711729073326199
gross_gain,people1,39,0,0,0,False,True,True,0.8970698869141455,0.8970698869141455
gross_gain,people1,42,0,0,0,False,True,True,0.8580385426247917,0.8580385426247917
gross_gain,people1,43,0,0,0,False,True,True,0.8502739851707412,0.8502739851707412
gross_gain,people1,44,0,0,0,False,True,True,0.8403249722623403,0.8403249722623403
gross_gain,people1,45,0,0,0,False,True,True,0.868476265301832,0.868476265301832
gross_gain,people1,46,0,0,0,False,True,True,0.8710523746928456,0.8710523746928456
gross_gain,people1,57,0,0,0,False,True,True,0.8040806877465152,0.8040806877465152
gross_gain,people1,60,0,0,0,False,True,True,0.7643352234394598,0.7643352234394598
gross_gain,people1,67,0,0,0,False,True,True,0.800311135104328,0.800311135104328
gross_gain,people1,71,0,0,0,False,True,True,0.8629930805328035,0.8629930805328035
gross_gain,people1,75,0,0,0,False,True,True,0.8211296911791295,0.8211296911791295
gross_gain,people1,77,0,0,0,False,True,True,0.8218911036064883,0.8218911036064883
gross_gain,people1,79,0,0,0,False,True,True,0.7740125289584837,0.7740125289584837
gross_gain,people1,80,0,0,0,False,True,True,0.7631307248792387,0.7631307248792387
gross_gain,people1,95,0,0,0,False,True,True,0.7748021381011196,0.7748021381011196
gross_gain,people1,97,0,0,0,False,True,True,0.8457938348086183,0.8457938348086183
gross_gain,people1,99,0,0,0,False,True,True,0.8207693373636078,0.8207693373636078
gross_gain,people1,100,0,0,0,False,True,True,0.7913387783708059,0.7913387783708059
gross_gain,people1,116,0,0,0,False,True,True,0.7796256980634446,0.7796256980634446
gross_gain,people1,117,0,0,0,False,True,True,0.8228828760679008,0.8228828760679008
gross_gain,people1,213,0,0,2,True,False,True,0.868621880746729,0.868621880746729
gross_gain,people1,218,0,1,2,True,False,True,0.8013305503175763,0.8013305503175763
gross_gain,people1,227,0,0,2,True,False,True,0.7899249977868646,0.7899249977868646
gross_gain,people1,235,0,0,2,True,False,True,0.587634775660931,0.587634775660931
gross_gain,people1,245,0,0,2,True,False,True,0.6635502297492685,0.6635502297492685
gross_gain,people1,295,0,0,2,True,False,True,0.0,0.0
gross_gain,people1,374,0,0,2,True,False,True,0.6397325551912694,0.6397325551912694
gross_gain,people1,375,0,0,2,True,False,True,0.6937778067244558,0.6937778067244558
gross_gain,people1,471,0,0,0,False,True,True,0.8079838979043173,0.8079838979043173
gross_gain,people1,558,0,0,2,True,False,True,0.8019114173151882,0.8019114173151882
gross_gain,people1,569,0,0,2,True,False,True,0.7483237805361078,0.7483237805361078
gross_gain,people1,575,0,0,2,True,False,True,0.6355068468870326,0.6355068468870326
gross_gain,people1,587,0,0,2,True,False,True,0.3513385194005221,0.3513385194005221
gross_gain,people1,588,0,0,2,True,False,True,0.7698613199436201,0.7698613199436201
gross_gain,people1,591,0,0,2,True,False,True,0.676741979427534,0.676741979427534
gross_gain,people1,593,0,0,2,True,False,True,0.723609900225786,0.723609900225786
gross_gain,people1,594,0,0,2,True,False,True,0.7778899294127184,0.7778899294127184
gross_gain,people1,595,0,0,2,True,False,True,0.7626720034584283,0.7626720034584283
gross_gain,people1,598,0,0,2,True,False,True,0.775466450609418,0.775466450609418
gross_gain,people1,602,0,0,2,True,False,True,0.7516992359862711,0.7516992359862711
gross_gain,people1,609,0,0,2,True,False,True,0.0,0.0
gross_gain,people1,611,0,0,2,True,False,True,0.0,0.0
gross_gain,people1,612,0,0,2,True,False,True,0.0,0.0
gross_gain,people1,613,0,0,2,True,False,True,0.0,0.0
gross_gain,people1,614,0,0,2,True,False,True,0.0,0.0
gross_gain,people1,615,0,0,2,True,False,True,0.0,0.0
gross_gain,people1,616,0,0,2,True,False,True,0.0,0.0
gross_gain,people1,617,0,0,2,True,False,True,0.0,0.0
gross_gain,people1,621,0,0,2,True,False,True,0.0,0.0
gross_gain,people1,622,0,0,2,True,False,True,0.0,0.0
gross_gain,people1,623,0,0,2,True,False,True,0.0,0.0
gross_gain,people1,632,0,0,2,True,False,True,0.0,0.0
gross_gain,people1,633,0,0,2,True,False,True,0.0,0.0
gross_gain,people1,634,0,0,2,True,False,True,0.0,0.0
gross_gain,people1,639,0,0,2,True,False,True,0.0,0.0
gross_gain,people1,640,0,0,2,True,False,True,0.0,0.0
gross_gain,people1,643,0,0,2,True,False,True,0.0,0.0
gross_gain,people1,644,0,0,2,True,False,True,0.0,0.0
gross_gain,people1,645,0,0,2,True,False,True,0.0,0.0
gross_gain,people1,649,0,0,2,True,False,True,0.0,0.0
gross_gain,people1,652,0,0,2,True,False,True,0.0,0.0
gross_gain,people1,653,0,0,2,True,False,True,0.0,0.0
gross_gain,people1,654,0,0,2,True,False,True,0.0,0.0
gross_gain,people1,658,0,0,2,True,False,True,0.0,0.0
gross_gain,people1,660,0,0,2,True,False,True,0.0,0.0
gross_gain,people1,662,0,0,2,True,False,True,0.0,0.0
gross_gain,people1,663,0,0,2,True,False,True,0.0,0.0
gross_gain,people1,664,0,0,2,True,False,True,0.0,0.0
gross_gain,people1,667,0,0,2,True,False,True,0.0,0.0
gross_gain,people1,668,0,0,2,True,False,True,0.0,0.0
gross_gain,people1,671,0,0,2,True,False,True,0.0,0.0
gross_gain,people1,675,0,0,2,True,False,True,0.0,0.0
gross_gain,people1,677,0,1,2,True,False,True,0.0,0.0
gross_gain,people1,682,0,0,2,True,False,True,0.0,0.0
gross_gain,people1,687,0,0,2,True,False,True,0.7481633587746941,0.7481633587746941
gross_gain,people1,689,0,0,2,True,False,True,0.0,0.0
gross_gain,people1,692,0,0,2,True,False,True,0.0,0.0
gross_gain,people1,693,0,0,2,True,False,True,0.0,0.0
gross_gain,people1,694,0,0,2,True,False,True,0.0,0.0
gross_gain,people1,700,0,0,2,True,False,True,0.8093474490487631,0.8093474490487631
gross_gain,people1,781,0,0,0,False,True,True,0.82086441833493,0.82086441833493
gross_gain,people1,893,0,0,2,True,False,True,0.7302628504673642,0.7302628504673642
gross_gain,people1,894,0,0,2,True,False,True,0.7005461684153587,0.7005461684153587
gross_gain,people1,897,0,0,2,True,False,True,0.7061052484782462,0.7061052484782462
gross_gain,people1,898,0,0,2,True,False,True,0.0,0.0
gross_gain,people1,912,0,0,2,True,False,True,0.0,0.0
gross_gain,people1,913,0,1,2,True,False,True,0.0,0.0
gross_gain,people1,914,0,0,2,True,False,True,0.0,0.0
gross_gain,people1,915,0,1,2,True,False,True,0.0,0.0
gross_gain,people1,916,0,0,2,True,False,True,0.0,0.0
gross_gain,people1,917,0,0,2,True,False,True,0.0,0.0
gross_gain,people1,920,0,1,2,True,False,True,0.0,0.0
gross_gain,people1,922,0,0,2,True,False,True,0.0,0.0
gross_gain,people1,923,0,1,2,True,False,True,0.0,0.0
gross_gain,people1,924,0,1,2,True,False,True,0.0,0.0
gross_gain,people1,925,0,1,2,True,False,True,0.0,0.0
gross_gain,people1,926,0,1,2,True,False,True,0.0,0.0
gross_gain,people1,927,0,1,2,True,False,True,0.0,0.0
gross_gain,people1,929,0,0,2,True,False,True,0.6588429211659703,0.6588429211659703
gross_gain,people1,1180,0,0,2,True,False,True,0.6760732120082465,0.6760732120082465
gross_gain,people1,1185,0,0,2,True,False,True,0.6819041240495674,0.6819041240495674
gross_gain,people1,1199,0,0,0,False,True,True,0.8109705612578805,0.8109705612578805
gross_gain,people1,1202,0,0,0,False,True,True,0.7489085394980443,0.7489085394980443
gross_gain,people1,1204,0,0,0,False,True,True,0.7194550239870965,0.7194550239870965
gross_gain,people1,1205,0,0,0,False,True,True,0.7509228242989037,0.7509228242989037
gross_gain,people1,1206,0,0,0,False,True,True,0.7457039990004714,0.7457039990004714
gross_gain,people1,1207,0,0,0,False,True,True,0.7576123456888915,0.7576123456888915
gross_gain,people1,1209,0,0,0,False,True,True,0.7655713513724616,0.7655713513724616
gross_gain,people1,1210,0,0,0,False,True,True,0.7372322838507508,0.7372322838507508
gross_gain,people1,1212,0,0,0,False,True,True,0.7673054576101328,0.7673054576101328
gross_gain,people1,1213,0,0,0,False,True,True,0.7420620610144546,0.7420620610144546
gross_gain,people1,1217,0,0,0,False,True,True,0.7803729693694709,0.7803729693694709
gross_gain,people3,573,0,0,2,True,False,True,0.7224459469561235,0.7224459469561235
gross_gain,people3,577,0,0,2,True,False,True,0.6206757411574194,0.6206757411574194
gross_gain,people3,676,0,0,2,True,False,True,0.7094589697083172,0.7094589697083172
gross_gain,people3,677,0,0,2,True,False,True,0.6743459309574984,0.6743459309574984
gross_gain,people3,692,0,0,2,True,False,True,0.5619895183636875,0.5619895183636875
gross_gain,people3,695,0,0,2,True,False,True,0.6197040906325726,0.6197040906325726
gross_gain,people3,698,0,0,2,True,False,True,0.5034509698438534,0.5034509698438534
gross_gain,people3,702,0,0,2,True,False,True,0.39249099878451416,0.39249099878451416
gross_gain,people3,703,0,0,2,True,False,True,0.5098692349681552,0.5098692349681552
gross_gain,people3,706,0,0,2,True,False,True,0.4732745731046794,0.4732745731046794
gross_gain,people3,708,0,0,2,True,False,True,0.531870493963192,0.531870493963192
gross_gain,people3,709,0,0,2,True,False,True,0.5552733175802013,0.5552733175802013
gross_gain,people3,710,0,0,2,True,False,True,0.5899089708017101,0.5899089708017101
gross_gain,people3,713,0,0,2,True,False,True,0.6169395148184599,0.6169395148184599
gross_gain,people3,714,0,0,2,True,False,True,0.6286517266716247,0.6286517266716247
gross_gain,people3,715,0,0,2,True,False,True,0.5974665770482168,0.5974665770482168
gross_gain,people3,716,0,0,2,True,False,True,0.5669728710610177,0.5669728710610177
gross_gain,people3,717,0,0,2,True,False,True,0.5635471011646398,0.5635471011646398
gross_gain,people3,728,0,0,2,True,False,True,0.5450663408272357,0.5450663408272357
gross_gain,people3,730,0,0,2,True,False,True,0.31182470348539804,0.31182470348539804
gross_gain,people3,732,0,0,2,True,False,True,0.6848322593020219,0.6848322593020219
gross_gain,people3,733,0,0,2,True,False,True,0.7135500575649448,0.7135500575649448
gross_gain,people3,734,0,0,2,True,False,True,0.7009001853021282,0.7009001853021282
gross_gain,people3,735,0,0,2,True,False,True,0.639089458787483,0.639089458787483
gross_gain,people3,739,0,0,2,True,False,True,0.6795418348876866,0.6795418348876866
gross_gain,people3,740,0,0,2,True,False,True,0.70286322489797,0.70286322489797
gross_gain,people3,743,0,1,2,True,False,True,0.6992958646470842,0.6992958646470842
gross_gain,people3,744,0,0,2,True,False,True,0.6978357234273569,0.6978357234273569
gross_gain,people3,749,0,0,2,True,False,True,0.8102558754906708,0.8102558754906708
gross_gain,people3,774,0,0,2,True,False,True,0.6456391752483288,0.6456391752483288
gross_gain,people3,780,0,0,2,True,False,True,0.5895102441703634,0.5895102441703634
gross_gain,people3,818,0,0,2,True,False,True,0.43959646515885736,0.43959646515885736
gross_gain,playsoccer,421,0,0,0,False,True,True,0.7500893700354324,0.7500893700354324
gross_gain,playsoccer,422,0,0,0,False,True,True,0.751082451673341,0.751082451673341
gross_gain,playsoccer,423,0,0,0,False,True,True,0.7375904519129117,0.7375904519129117
gross_gain,playsoccer,424,0,0,0,False,True,True,0.7923407965754118,0.7923407965754118
gross_gain,playsoccer,425,0,0,0,False,True,True,0.836535114693828,0.836535114693828
gross_gain,playsoccer,426,0,0,0,False,True,True,0.8845739213949301,0.8845739213949301
gross_gain,playsoccer,427,0,0,0,False,True,True,0.8598461586081674,0.8598461586081674
gross_gain,playsoccer,428,0,0,0,False,True,True,0.853321706576902,0.853321706576902
gross_gain,playsoccer,444,0,0,0,False,True,True,0.9397736091220146,0.9397736091220146
gross_gain,playsoccer,445,0,0,0,False,True,True,0.8010506376301938,0.8010506376301938
gross_gain,playsoccer,450,0,0,0,False,True,True,0.8204816467503114,0.8204816467503114
gross_gain,playsoccer,518,0,0,0,False,True,True,0.722288384362379,0.722288384362379
gross_gain,playsoccer,519,0,0,0,False,True,True,0.750245247812454,0.750245247812454
gross_gain,playsoccer,520,0,0,0,False,True,True,0.6792318436154843,0.6792318436154843
gross_gain,playsoccer,521,0,0,0,False,True,True,0.6696942395153929,0.6696942395153929
gross_gain,playsoccer,522,0,0,0,False,True,True,0.7525218596170651,0.7525218596170651
gross_gain,playsoccer,527,0,0,0,False,True,True,0.7617620404150146,0.7617620404150146
gross_gain,playsoccer,528,0,0,0,False,True,True,0.7688857714111568,0.7688857714111568
gross_gain,playsoccer,637,0,0,0,False,True,True,0.7889279571769848,0.7889279571769848
gross_gain,playsoccer,668,0,0,0,False,True,True,0.6769670522045919,0.6769670522045919
gross_gain,playsoccer,696,0,0,0,False,True,True,0.8215421765370043,0.8215421765370043
gross_gain,playsoccer,697,0,0,0,False,True,True,0.8071237550652286,0.8071237550652286
gross_gain,playsoccer,702,0,0,0,False,True,True,0.8405438612527875,0.8405438612527875
gross_gain,playsoccer,820,0,0,0,False,True,True,0.7931212398061517,0.7931212398061517
gross_gain,playsoccer,874,0,0,0,False,True,True,0.6763818860735913,0.6763818860735913
gross_gain,playsoccer,884,0,0,0,False,True,True,0.781940888170213,0.781940888170213
gross_gain,playsoccer,887,0,0,0,False,True,True,0.6787229060035834,0.6787229060035834
gross_gain,playsoccer,889,0,0,0,False,True,True,0.7416519201031004,0.7416519201031004
gross_gain,playsoccer,890,0,0,0,False,True,True,0.7446190379663038,0.7446190379663038
gross_gain,playsoccer,891,0,0,0,False,True,True,0.8079856442626949,0.8079856442626949
gross_gain,playsoccer,892,0,0,0,False,True,True,0.8363486190089443,0.8363486190089443
gross_gain,playsoccer,893,0,0,0,False,True,True,0.8883989405105486,0.8883989405105486
gross_gain,playsoccer,898,0,0,0,False,True,True,0.6431191415913166,0.6431191415913166
gross_gain,playsoccer,899,0,0,0,False,True,True,0.7061612500137403,0.7061612500137403
gross_gain,playsoccer,900,0,0,0,False,True,True,0.7863715427856263,0.7863715427856263
gross_gain,playsoccer,901,0,0,0,False,True,True,0.7458915180053981,0.7458915180053981
gross_gain,playsoccer,902,0,0,0,False,True,True,0.7808207862849224,0.7808207862849224
gross_gain,playsoccer,903,0,0,0,False,True,True,0.6898277548183565,0.6898277548183565
gross_gain,playsoccer,985,0,0,0,False,True,True,0.649654852135837,0.649654852135837
gross_gain,playsoccer,986,0,0,0,False,True,True,0.6000860665374078,0.6000860665374078
gross_gain,playsoccer,987,0,0,0,False,True,True,0.6452361672103429,0.6452361672103429
gross_gain,playsoccer,988,0,0,0,False,True,True,0.7040598909775736,0.7040598909775736
gross_gain,playsoccer,1012,0,0,0,False,True,True,0.6356335084724682,0.6356335084724682
gross_gain,playsoccer,1013,0,0,0,False,True,True,0.6201186632129626,0.6201186632129626
gross_gain,playsoccer,1014,0,0,0,False,True,True,0.6198104292744485,0.6198104292744485
gross_gain,playsoccer,1018,0,0,0,False,True,True,0.6378108911463934,0.6378108911463934
gross_gain,playsoccer,1019,0,0,0,False,True,True,0.6574021565010861,0.6574021565010861
gross_gain,playsoccer,1020,0,0,0,False,True,True,0.7002491538359384,0.7002491538359384
gross_gain,playsoccer,1021,0,0,0,False,True,True,0.7149188799915248,0.7149188799915248
gross_gain,playsoccer,1022,0,0,0,False,True,True,0.7021700853322332,0.7021700853322332
gross_gain,playsoccer,1023,0,0,0,False,True,True,0.7106266161892063,0.7106266161892063
gross_gain,playsoccer,1025,0,0,0,False,True,True,0.701445437332088,0.701445437332088
gross_gain,playsoccer,1026,0,0,0,False,True,True,0.7157458810279536,0.7157458810279536
gross_gain,playsoccer,1028,0,0,0,False,True,True,0.6793595317886234,0.6793595317886234
gross_gain,playsoccer,1030,0,0,0,False,True,True,0.6613040015338951,0.6613040015338951
gross_gain,playsoccer,1031,0,0,0,False,True,True,0.6476528070470257,0.6476528070470257
gross_gain,playsoccer,1032,0,0,0,False,True,True,0.6699618340076067,0.6699618340076067
gross_gain,playsoccer,1035,0,0,0,False,True,True,0.6317109354888004,0.6317109354888004
gross_gain,playsoccer,1036,0,0,0,False,True,True,0.6735094689346832,0.6735094689346832
gross_gain,playsoccer,1037,0,0,0,False,True,True,0.5959334605898029,0.5959334605898029
gross_gain,playsoccer,1038,0,0,0,False,True,True,0.6777808154718127,0.6777808154718127
gross_gain,playsoccer,1040,0,0,0,False,True,True,0.7301787329104813,0.7301787329104813
gross_gain,playsoccer,1041,0,0,0,False,True,True,0.7334900027067567,0.7334900027067567
gross_gain,playsoccer,1042,0,0,0,False,True,True,0.7256024911459219,0.7256024911459219
gross_gain,playsoccer,1043,0,0,0,False,True,True,0.7220468473104792,0.7220468473104792
gross_gain,playsoccer,1044,0,0,0,False,True,True,0.7030313517912361,0.7030313517912361
gross_gain,playsoccer,1045,0,0,0,False,True,True,0.6797261340248594,0.6797261340248594
gross_gain,playsoccer,1046,0,0,0,False,True,True,0.6653267427722822,0.6653267427722822
gross_gain,playsoccer,1047,0,0,0,False,True,True,0.6704064123955457,0.6704064123955457
gross_gain,playsoccer,1048,0,0,0,False,True,True,0.6465420318730308,0.6465420318730308
gross_gain,playsoccer,1049,0,0,0,False,True,True,0.6193077254644146,0.6193077254644146
gross_gain,playsoccer,1050,0,0,0,False,True,True,0.6252349777780911,0.6252349777780911
gross_gain,playsoccer,1129,0,0,0,False,True,True,0.8174015533232099,0.8174015533232099
gross_gain,playsoccer,1144,0,0,0,False,True,True,0.7667556799125479,0.7667556799125479
gross_gain,playsoccer,1170,0,0,0,False,True,True,0.8350074495631019,0.8350074495631019
gross_gain,playsoccer,1171,0,0,0,False,True,True,0.7874075404509434,0.7874075404509434
gross_gain,playsoccer,1172,0,0,0,False,True,True,0.7899806315152992,0.7899806315152992
gross_gain,playsoccer,1176,0,0,0,False,True,True,0.795544021987403,0.795544021987403
gross_gain,playsoccer,1177,0,0,0,False,True,True,0.8533359963530749,0.8533359963530749
gross_gain,playsoccer,1178,0,0,0,False,True,True,0.8313544693420022,0.8313544693420022
gross_gain,playsoccer,1239,0,0,0,False,True,True,0.809619563696313,0.809619563696313
gross_gain,playsoccer,1292,0,0,0,False,True,True,0.7708534129623816,0.7708534129623816
gross_gain,playsoccer,1295,0,0,0,False,True,True,0.8158790962790273,0.8158790962790273
gross_gain,playsoccer,1296,0,0,0,False,True,True,0.7626735230676627,0.7626735230676627
gross_gain,playsoccer,1297,0,0,0,False,True,True,0.7639777363464576,0.7639777363464576
gross_gain,playsoccer,1298,0,0,0,False,True,True,0.7470586199481167,0.7470586199481167
gross_gain,playsoccer,1299,0,0,0,False,True,True,0.7051595439401774,0.7051595439401774
gross_gain,playsoccer,1300,0,0,0,False,True,True,0.7742922625295463,0.7742922625295463
gross_gain,playsoccer,1301,0,0,0,False,True,True,0.7861200434625614,0.7861200434625614
gross_gain,playsoccer,1302,0,0,0,False,True,True,0.8219068560867667,0.8219068560867667
gross_gain,playsoccer,1306,0,0,0,False,True,True,0.8172263224019207,0.8172263224019207
gross_gain,playsoccer,1308,0,0,0,False,True,True,0.6847489905677078,0.6847489905677078
gross_gain,playsoccer,1309,0,0,0,False,True,True,0.691240597791238,0.691240597791238
gross_gain,playsoccer,1310,0,0,0,False,True,True,0.6980980873572852,0.6980980873572852
gross_gain,playsoccer,1311,0,0,0,False,True,True,0.7220870752014777,0.7220870752014777
gross_gain,playsoccer,1312,0,0,0,False,True,True,0.7769122375443336,0.7769122375443336
gross_gain,push,10,0,0,2,True,False,True,0.7007619357633038,0.7007619357633038
gross_gain,push,12,0,0,2,True,False,True,0.6985440003552795,0.6985440003552795
gross_gain,push,66,0,0,2,True,False,True,0.5044943443816851,0.5044943443816851
gross_gain,push,68,0,0,2,True,False,True,0.5209435241216518,0.5209435241216518
gross_gain,push,69,0,0,2,True,False,True,0.5024487581063151,0.5024487581063151
gross_gain,push,70,0,0,2,True,False,True,0.5193120050408538,0.5193120050408538
gross_gain,push,71,0,0,2,True,False,True,0.511235122717873,0.511235122717873
gross_gain,push,72,0,0,2,True,False,True,0.4993287792358311,0.4993287792358311
gross_gain,push,73,0,0,2,True,False,True,0.48694780210718486,0.48694780210718486
gross_gain,push,78,0,0,2,True,False,True,0.4232861688958248,0.4232861688958248
gross_gain,push,132,0,0,2,True,False,True,0.5942849997699943,0.5942849997699943
gross_gain,push,134,0,0,2,True,False,True,0.5531813195287544,0.5531813195287544
gross_gain,push,135,0,0,2,True,False,True,0.547257122845124,0.547257122845124
gross_gain,push,136,0,0,2,True,False,True,0.5791748353273767,0.5791748353273767
gross_gain,push,138,0,0,2,True,False,True,0.5913084644323303,0.5913084644323303
gross_gain,push,139,0,0,2,True,False,True,0.5996908454440582,0.5996908454440582
gross_gain,push,140,0,0,2,True,False,True,0.5853415963705138,0.5853415963705138
gross_gain,push,141,0,0,2,True,False,True,0.5710895678252972,0.5710895678252972
gross_gain,push,164,0,0,2,True,False,True,0.5618372414263622,0.5618372414263622
gross_gain,push,165,0,0,2,True,False,True,0.5552524950859681,0.5552524950859681
gross_gain,push,167,0,0,2,True,False,True,0.5515314818791724,0.5515314818791724
gross_gain,push,168,0,0,2,True,False,True,0.5087082049908561,0.5087082049908561
gross_gain,push,171,0,0,2,True,False,True,0.519037497318858,0.519037497318858
gross_gain,push,172,0,0,2,True,False,True,0.5052592850491678,0.5052592850491678
gross_gain,push,173,0,0,2,True,False,True,0.5756082146834919,0.5756082146834919
gross_gain,push,174,0,0,2,True,False,True,0.5383917857670388,0.5383917857670388
gross_gain,push,175,0,0,2,True,False,True,0.48975888869836026,0.48975888869836026
gross_gain,push,176,0,0,2,True,False,True,0.5921472049898125,0.5921472049898125
gross_gain,push,177,0,0,2,True,False,True,0.6123542839686058,0.6123542839686058
gross_gain,push,179,0,0,2,True,False,True,0.5430263597773748,0.5430263597773748
gross_gain,push,180,0,0,2,True,False,True,0.5121995926190319,0.5121995926190319
gross_gain,push,181,0,0,2,True,False,True,0.6421879589654149,0.6421879589654149
gross_gain,push,183,0,0,2,True,False,True,0.631240123030425,0.631240123030425
gross_gain,push,184,0,0,2,True,False,True,0.6216309469441962,0.6216309469441962
gross_gain,push,185,0,0,2,True,False,True,0.6417011300978338,0.6417011300978338
gross_gain,push,186,0,0,2,True,False,True,0.5666974767995627,0.5666974767995627
gross_gain,push,187,0,0,2,True,False,True,0.5495542899951844,0.5495542899951844
gross_gain,push,188,0,0,2,True,False,True,0.5293242729949051,0.5293242729949051
gross_gain,push,189,0,0,2,True,False,True,0.6344431073427684,0.6344431073427684
gross_gain,push,190,0,0,2,True,False,True,0.6566689999966101,0.6566689999966101
gross_gain,push,191,0,0,2,True,False,True,0.5740981230237483,0.5740981230237483
gross_gain,push,193,0,0,2,True,False,True,0.5847112743041484,0.5847112743041484
gross_gain,push,199,0,0,2,True,False,True,0.5372045800094006,0.5372045800094006
gross_gain,push,200,0,0,2,True,False,True,0.5618912275364815,0.5618912275364815
gross_gain,push,202,0,0,2,True,False,True,0.5401901222313272,0.5401901222313272
gross_gain,push,203,0,0,2,True,False,True,0.5329184098786158,0.5329184098786158
gross_gain,push,204,0,0,2,True,False,True,0.5747213051799677,0.5747213051799677
gross_gain,push,205,0,0,2,True,False,True,0.5872818902475796,0.5872818902475796
gross_gain,push,206,0,0,2,True,False,True,0.5675781313144256,0.5675781313144256
gross_gain,push,207,0,0,2,True,False,True,0.5546273752351186,0.5546273752351186
gross_gain,push,208,0,0,2,True,False,True,0.4118552228334959,0.4118552228334959
gross_gain,push,210,0,0,2,True,False,True,0.4443620606266431,0.4443620606266431
gross_gain,push,211,0,0,2,True,False,True,0.5602834905707262,0.5602834905707262
gross_gain,push,212,0,0,2,True,False,True,0.5751447179175998,0.5751447179175998
gross_gain,push,213,0,0,2,True,False,True,0.5797865007550888,0.5797865007550888
gross_gain,push,219,0,0,2,True,False,True,0.5503504820133501,0.5503504820133501
gross_gain,push,220,0,0,2,True,False,True,0.4865444696669656,0.4865444696669656
gross_gain,push,222,0,0,2,True,False,True,0.504060834922144,0.504060834922144
gross_gain,push,223,0,0,2,True,False,True,0.49881947517482805,0.49881947517482805
gross_gain,push,224,0,0,2,True,False,True,0.4014802557547808,0.4014802557547808
gross_gain,push,225,0,0,2,True,False,True,0.38486886225035905,0.38486886225035905
gross_gain,push,227,0,0,2,True,False,True,0.0,0.0
gross_gain,push,229,0,0,2,True,False,True,0.4401811281652111,0.4401811281652111
gross_gain,push,230,0,0,2,True,False,True,0.5438680728843605,0.5438680728843605
gross_gain,push,237,0,0,2,True,False,True,0.4544245841117288,0.4544245841117288
gross_gain,push,239,0,0,2,True,False,True,0.41274466223056644,0.41274466223056644
gross_gain,push,240,0,0,2,True,False,True,0.3736714340968783,0.3736714340968783
gross_gain,push,241,0,0,2,True,False,True,0.08215697108881559,0.08215697108881559
gross_gain,push,253,0,0,2,True,False,True,0.46094387082881705,0.46094387082881705
gross_gain,push,254,0,0,2,True,False,True,0.24184166562427273,0.24184166562427273
gross_gain,push,255,0,0,2,True,False,True,0.3621062576929821,0.3621062576929821
gross_gain,push,256,0,0,2,True,False,True,0.4803341742948835,0.4803341742948835
gross_gain,push,257,0,0,2,True,False,True,0.5236778204304324,0.5236778204304324
gross_gain,push,258,0,0,2,True,False,True,0.4818604895958846,0.4818604895958846
gross_gain,push,259,0,1,2,True,False,True,0.4306892235055674,0.4306892235055674
gross_gain,push,260,0,0,2,True,False,True,0.4217859643066235,0.4217859643066235
gross_gain,push,262,0,0,2,True,False,True,0.45534140398604583,0.45534140398604583
gross_gain,push,263,0,0,2,True,False,True,0.46048742069929394,0.46048742069929394
gross_gain,push,264,0,0,2,True,False,True,0.44715457989259655,0.44715457989259655
gross_gain,push,265,0,0,2,True,False,True,0.43602280126290777,0.43602280126290777
gross_gain,push,266,0,0,2,True,False,True,0.40852259036468747,0.40852259036468747
gross_gain,push,267,0,1,2,True,False,True,0.39832941031850994,0.39832941031850994
gross_gain,push,268,0,0,2,True,False,True,0.4309375658394902,0.4309375658394902
gross_gain,push,269,0,0,2,True,False,True,0.0,0.0
gross_gain,push,270,0,0,2,True,False,True,0.0,0.0
gross_gain,push,272,0,0,2,True,False,True,0.41112108815255827,0.41112108815255827
gross_gain,push,274,0,0,2,True,False,True,0.39893956263217245,0.39893956263217245
gross_gain,push,275,0,0,2,True,False,True,0.38682348968018626,0.38682348968018626
gross_gain,push,276,0,0,2,True,False,True,0.4124844400149439,0.4124844400149439
gross_gain,push,277,0,0,2,True,False,True,0.4220599382390857,0.4220599382390857
gross_gain,push,278,0,0,2,True,False,True,0.4332015895026268,0.4332015895026268
gross_gain,push,279,0,0,2,True,False,True,0.3879416399728298,0.3879416399728298
gross_gain,push,280,0,0,2,True,False,True,0.468006075070474,0.468006075070474
gross_gain,push,281,0,0,2,True,False,True,0.4841966388214642,0.4841966388214642
gross_gain,push,284,0,0,2,True,False,True,0.5066061917446185,0.5066061917446185
gross_gain,push,285,0,0,2,True,False,True,0.46843877927827765,0.46843877927827765
gross_gain,push,286,0,0,2,True,False,True,0.5198504692320316,0.5198504692320316
gross_gain,push,287,0,0,2,True,False,True,0.5550129697180669,0.5550129697180669
gross_gain,push,288,0,0,2,True,False,True,0.6622181665923599,0.6622181665923599
gross_gain,push,291,0,0,2,True,False,True,0.6326759706612858,0.6326759706612858
gross_gain,push,292,0,0,2,True,False,True,0.5645768314098746,0.5645768314098746
gross_gain,push,294,0,0,2,True,False,True,0.4901630855665408,0.4901630855665408
gross_gain,push,295,0,0,2,True,False,True,0.45953816607904774,0.45953816607904774
gross_gain,push,296,0,0,2,True,False,True,0.49938467048465923,0.49938467048465923
gross_gain,push,300,0,0,2,True,False,True,0.42664904472331516,0.42664904472331516
gross_gain,push,302,0,0,2,True,False,True,0.4729996097741514,0.4729996097741514
gross_gain,push,303,0,0,2,True,False,True,0.0,0.0
gross_gain,push,304,0,0,2,True,False,True,0.0,0.0
gross_gain,push,305,0,0,2,True,False,True,0.0,0.0
gross_gain,push,306,0,0,2,True,False,True,0.0,0.0
gross_gain,push,307,0,0,2,True,False,True,0.0,0.0
gross_gain,push,308,0,0,2,True,False,True,0.0,0.0
gross_gain,push,309,0,0,2,True,False,True,0.0,0.0
gross_gain,push,310,0,0,2,True,False,True,0.0,0.0
gross_gain,push,311,0,0,2,True,False,True,0.0,0.0
gross_gain,push,312,0,0,2,True,False,True,0.0,0.0
gross_gain,push,313,0,0,2,True,False,True,0.0,0.0
gross_gain,push,314,0,0,2,True,False,True,0.0,0.0
gross_gain,push,315,0,0,2,True,False,True,0.0,0.0
gross_gain,push,316,0,0,2,True,False,True,0.0,0.0
gross_gain,push,317,0,0,2,True,False,True,0.0,0.0
gross_gain,push,318,0,0,2,True,False,True,0.0,0.0
gross_gain,push,319,0,0,2,True,False,True,0.0,0.0
gross_gain,push,320,0,0,2,True,False,True,0.0,0.0
gross_gain,push,321,0,0,2,True,False,True,0.0,0.0
gross_gain,push,322,0,0,2,True,False,True,0.0,0.0
gross_gain,push,323,0,0,2,True,False,True,0.0,0.0
gross_gain,push,324,0,0,2,True,False,True,0.0,0.0
gross_gain,push,325,0,0,2,True,False,True,0.0,0.0
gross_gain,push,326,0,0,2,True,False,True,0.0,0.0
gross_gain,push,327,0,0,2,True,False,True,0.0,0.0
gross_gain,push,328,0,0,2,True,False,True,0.0,0.0
gross_gain,rainingwaliking,171,0,0,2,True,False,True,0.7369424810262826,0.7369424810262826
gross_gain,redbag,13,0,0,0,False,True,True,0.845378063575101,0.845378063575101
gross_gain,redbag,14,0,0,0,False,True,True,0.8165896463447133,0.8165896463447133
gross_gain,redbag,15,0,0,0,False,True,True,0.8246466922965109,0.8246466922965109
gross_gain,redbag,16,0,0,0,False,True,True,0.8504582936726838,0.8504582936726838
gross_gain,redbag,17,0,0,0,False,True,True,0.8508950741931293,0.8508950741931293
gross_gain,redbag,18,0,0,0,False,True,True,0.851309564696335,0.851309564696335
gross_gain,redbag,612,0,0,2,True,False,True,0.7537706430094977,0.7537706430094977
gross_gain,redbag,630,0,0,2,True,False,True,0.7112321863282091,0.7112321863282091
gross_gain,redbag,631,0,0,2,True,False,True,0.6781891782008163,0.6781891782008163
gross_gain,redbag,632,0,0,2,True,False,True,0.6447659200246038,0.6447659200246038
gross_gain,redbag,636,0,0,2,True,False,True,0.7995873695152941,0.7995873695152941
gross_gain,redbag,659,0,0,2,True,False,True,0.8069331307600536,0.8069331307600536
gross_gain,redbag,678,0,0,2,True,False,True,0.7200152815678651,0.7200152815678651
gross_gain,redbag,679,0,0,2,True,False,True,0.7486905561981663,0.7486905561981663
gross_gain,redbag,680,0,0,2,True,False,True,0.7295068494961067,0.7295068494961067
gross_gain,redbag,682,0,0,2,True,False,True,0.7036200457588974,0.7036200457588974
gross_gain,redbag,683,0,0,2,True,False,True,0.7557776455283812,0.7557776455283812
gross_gain,redbag,684,0,1,2,True,False,True,0.600439777556029,0.600439777556029
gross_gain,redbag,685,0,1,2,True,False,True,0.7284928203315152,0.7284928203315152
gross_gain,redbag,686,0,1,2,True,False,True,0.7210303105000345,0.7210303105000345
gross_gain,redbag,687,0,1,2,True,False,True,0.543171910139266,0.543171910139266
gross_gain,redbag,688,0,0,2,True,False,True,0.787151378518945,0.787151378518945
gross_gain,redbag,689,0,1,2,True,False,True,0.6138896903637187,0.6138896903637187
gross_gain,redbag,690,0,0,2,True,False,True,0.7578074963924024,0.7578074963924024
gross_gain,redbag,691,0,0,2,True,False,True,0.6353613412681282,0.6353613412681282
gross_gain,redbag,692,0,0,2,True,False,True,0.7438993955150582,0.7438993955150582
gross_gain,redbag,693,0,0,2,True,False,True,0.64560352722215,0.64560352722215
gross_gain,redbag,694,0,0,2,True,False,True,0.7396568906912546,0.7396568906912546
gross_gain,redbag,695,0,0,2,True,False,True,0.6949013488950171,0.6949013488950171
gross_gain,redbag,696,0,0,2,True,False,True,0.7512507481163906,0.7512507481163906
gross_gain,redbag,697,0,0,2,True,False,True,0.769136679007454,0.769136679007454
gross_gain,redbag,699,0,0,2,True,False,True,0.7495656509428551,0.7495656509428551
gross_gain,redbag,805,0,0,0,False,True,True,0.7508314960928708,0.7508314960928708
gross_gain,redbag,1045,0,0,0,False,True,True,0.7291592253874141,0.7291592253874141
gross_gain,redbag,1046,0,0,0,False,True,True,0.7092782695683811,0.7092782695683811
gross_gain,redbag,1047,0,0,0,False,True,True,0.6927966807154943,0.6927966807154943
gross_gain,redbag,1048,0,0,0,False,True,True,0.6969934923149191,0.6969934923149191
gross_gain,redbag,1049,0,0,0,False,True,True,0.6958508086152251,0.6958508086152251
gross_gain,redbag,1050,0,0,0,False,True,True,0.7102854066444731,0.7102854066444731
gross_gain,redbag,1051,0,0,0,False,True,True,0.7096577656357325,0.7096577656357325
gross_gain,redcar2,201,0,0,2,True,False,True,0.6280287779575807,0.6280287779575807
gross_gain,redcar2,202,0,0,2,True,False,True,0.23247342263744766,0.23247342263744766
gross_gain,redcar2,203,0,0,2,True,False,True,0.16627686315028264,0.16627686315028264
gross_gain,redcar2,204,0,0,2,True,False,True,0.1134368766857491,0.1134368766857491
gross_gain,redcar2,205,0,0,2,True,False,True,0.09569902734293498,0.09569902734293498
gross_gain,redcar2,206,0,0,2,True,False,True,0.08102020138689583,0.08102020138689583
gross_gain,redcar2,207,0,0,2,True,False,True,0.0784620525504408,0.0784620525504408
gross_gain,redcar2,208,0,0,2,True,False,True,0.17148680193202076,0.17148680193202076
gross_gain,redcar2,209,0,0,2,True,False,True,0.07600854717465158,0.07600854717465158
gross_gain,redcar2,210,0,0,2,True,False,True,0.05512856060590676,0.05512856060590676
gross_gain,redcar2,211,0,0,2,True,False,True,0.034958761453894524,0.034958761453894524
gross_gain,redcar2,212,0,0,2,True,False,True,0.0943585916942922,0.0943585916942922
gross_gain,redcar2,213,0,0,2,True,False,True,0.07292641527009248,0.07292641527009248
gross_gain,redcar2,214,0,0,2,True,False,True,0.06447441447752747,0.06447441447752747
gross_gain,redcar2,215,0,0,2,True,False,True,0.0075427755379873325,0.0075427755379873325
gross_gain,redcar2,216,0,0,2,True,False,True,0.017533395828211354,0.017533395828211354
gross_gain,redcar2,217,0,0,2,True,False,True,0.0036094727369611404,0.0036094727369611404
gross_gain,redcar2,218,0,0,2,True,False,True,0.0,0.0
gross_gain,redcar2,219,0,0,2,True,False,True,0.0,0.0
gross_gain,redcar2,220,0,0,2,True,False,True,0.0,0.0
gross_gain,redcar2,221,0,0,2,True,False,True,0.0,0.0
gross_gain,redcar2,222,0,0,2,True,False,True,0.00662080624708878,0.00662080624708878
gross_gain,redcar2,223,0,0,2,True,False,True,0.0,0.0
gross_gain,redcar2,224,0,0,2,True,False,True,0.0,0.0
gross_gain,redcar2,225,0,0,2,True,False,True,0.0,0.0
gross_gain,redcar2,226,0,0,2,True,False,True,0.0,0.0
gross_gain,redcar2,228,0,0,2,True,False,True,0.0,0.0
gross_gain,redcar2,230,0,0,2,True,False,True,0.0,0.0
gross_gain,redcar2,231,0,0,2,True,False,True,0.0,0.0
gross_gain,redcar2,232,0,0,2,True,False,True,0.0,0.0
gross_gain,redcar2,233,0,0,2,True,False,True,0.0,0.0
gross_gain,redcar2,234,0,0,2,True,False,True,0.27923391994336894,0.27923391994336894
gross_gain,redmanchange,50,0,0,0,False,True,True,0.7545942741536567,0.7545942741536567
gross_gain,redmanchange,56,0,0,0,False,True,True,0.7473691259611605,0.7473691259611605
gross_gain,redmanchange,58,0,0,0,False,True,True,0.7652916502073924,0.7652916502073924
gross_gain,redmanchange,68,0,0,0,False,True,True,0.7644204976922414,0.7644204976922414
gross_gain,redmanchange,69,0,0,0,False,True,True,0.7711756767712742,0.7711756767712742
gross_gain,redmanchange,70,0,0,0,False,True,True,0.76467490819068,0.76467490819068
gross_gain,redmanchange,71,0,0,0,False,True,True,0.7527580620386315,0.7527580620386315
gross_gain,redmanchange,72,0,0,0,False,True,True,0.7324719362902327,0.7324719362902327
gross_gain,redmanchange,73,0,0,0,False,True,True,0.7143888922875509,0.7143888922875509
gross_gain,redmanchange,74,0,0,0,False,True,True,0.7104252587049301,0.7104252587049301
gross_gain,redmanchange,75,0,0,0,False,True,True,0.6605643412054489,0.6605643412054489
gross_gain,rmo,26,0,0,2,True,False,True,0.6889961212873013,0.6889961212873013
gross_gain,rmo,27,0,0,2,True,False,True,0.6452317356690666,0.6452317356690666
gross_gain,rmo,28,0,0,2,True,False,True,0.8030990753217789,0.8030990753217789
gross_gain,rmo,30,0,0,2,True,False,True,0.6275559447370049,0.6275559447370049
gross_gain,rmo,32,0,0,2,True,False,True,0.6746408467943265,0.6746408467943265
gross_gain,rmo,33,0,0,2,True,False,True,0.6918130864387458,0.6918130864387458
gross_gain,rmo,34,0,1,2,True,False,True,0.5372135836506601,0.5372135836506601
gross_gain,rmo,35,0,0,2,True,False,True,0.6275446501999178,0.6275446501999178
gross_gain,rmo,36,0,0,2,True,False,True,0.7631081007101203,0.7631081007101203
gross_gain,rmo,37,0,0,2,True,False,True,0.6211463000381174,0.6211463000381174
gross_gain,rmo,38,0,0,2,True,False,True,0.7017699529757355,0.7017699529757355
gross_gain,rmo,40,0,0,2,True,False,True,0.7540586421748745,0.7540586421748745
gross_gain,rmo,41,0,0,2,True,False,True,0.7752945412848233,0.7752945412848233
gross_gain,rmo,42,0,0,2,True,False,True,0.6208428061611061,0.6208428061611061
gross_gain,rmo,43,0,0,2,True,False,True,0.6784852492931007,0.6784852492931007
gross_gain,rmo,44,0,0,2,True,False,True,0.5884466499791154,0.5884466499791154
gross_gain,rmo,46,0,0,2,True,False,True,0.538413350976876,0.538413350976876
gross_gain,rmo,47,0,0,2,True,False,True,0.6650401107386936,0.6650401107386936
gross_gain,rmo,48,0,0,2,True,False,True,0.7316230290299409,0.7316230290299409
gross_gain,rmo,49,0,0,2,True,False,True,0.7100152150945518,0.7100152150945518
gross_gain,rmo,51,0,0,2,True,False,True,0.6417693665954786,0.6417693665954786
gross_gain,rmo,52,0,0,2,True,False,True,0.6071910155062297,0.6071910155062297
gross_gain,rmo,53,0,1,2,True,False,True,0.6041404386573545,0.6041404386573545
gross_gain,rmo,54,0,0,2,True,False,True,0.6311275190940173,0.6311275190940173
gross_gain,rmo,55,0,0,2,True,False,True,0.618723540747274,0.618723540747274
gross_gain,rmo,56,0,1,2,True,False,True,0.6513239883535377,0.6513239883535377
gross_gain,rmo,58,0,0,2,True,False,True,0.6113284706231193,0.6113284706231193
gross_gain,rmo,59,0,0,2,True,False,True,0.6185449349627987,0.6185449349627987
gross_gain,rmo,60,0,0,2,True,False,True,0.6690634814862012,0.6690634814862012
gross_gain,rmo,61,0,0,2,True,False,True,0.6907563427557105,0.6907563427557105
gross_gain,rmo,62,0,0,2,True,False,True,0.609636525672264,0.609636525672264
gross_gain,rmo,63,0,1,2,True,False,True,0.6536110432190684,0.6536110432190684
gross_gain,rmo,64,0,1,2,True,False,True,0.7254492920332132,0.7254492920332132
gross_gain,rmo,66,0,0,2,True,False,True,0.6466542822238271,0.0
gross_gain,rmo,67,0,0,2,True,False,True,0.0,0.0
gross_gain,rmo,69,0,0,2,True,False,True,0.0,0.0
gross_gain,rmo,71,0,0,2,True,False,True,0.0,0.0
gross_gain,rmo,72,0,0,2,True,False,True,0.0,0.0
gross_gain,rmo,75,0,0,2,True,False,True,0.0,0.0
gross_gain,rmo,76,0,0,2,True,False,True,0.0,0.0
gross_gain,rmo,77,0,0,2,True,False,True,0.0,0.0
gross_gain,rmo,78,0,0,2,True,False,True,0.0,0.0
gross_gain,rmo,79,0,0,2,True,False,True,0.0,0.0
gross_gain,rmo,80,0,0,2,True,False,True,0.0,0.0
gross_gain,rmo,81,0,0,2,True,False,True,0.0,0.0
gross_gain,rmo,83,0,0,2,True,False,True,0.0,0.0
gross_gain,rmo,84,0,0,2,True,False,True,0.0,0.0
gross_gain,rmo,85,0,0,2,True,False,True,0.0,0.0
gross_gain,rmo,86,0,0,2,True,False,True,0.0,0.0
gross_gain,rmo,87,0,0,2,True,False,True,0.0,0.0
gross_gain,rmo,88,0,0,2,True,False,True,0.0,0.0
gross_gain,rmo,89,0,0,2,True,False,True,0.0,0.0
gross_gain,rmo,91,0,0,2,True,False,True,0.0,0.0
gross_gain,rmo,92,0,0,2,True,False,True,0.0,0.0
gross_gain,rmo,94,0,0,2,True,False,True,0.0,0.0
gross_gain,rmo,95,0,0,2,True,False,True,0.0,0.0
gross_gain,rmo,96,0,0,2,True,False,True,0.0,0.0
gross_gain,rmo,97,0,0,2,True,False,True,0.0,0.0
gross_gain,rmo,98,0,0,2,True,False,True,0.0,0.0
gross_gain,rmo,99,0,0,2,True,False,True,0.0,0.0
gross_gain,rmo,100,0,0,2,True,False,True,0.0,0.0
gross_gain,rmo,101,0,0,2,True,False,True,0.0,0.0
gross_gain,rmo,102,0,0,2,True,False,True,0.0,0.0
gross_gain,rmo,104,0,0,2,True,False,True,0.0,0.0
gross_gain,rmo,105,0,0,2,True,False,True,0.0,0.0
gross_gain,rmo,106,0,0,2,True,False,True,0.0,0.0
gross_gain,rmo,107,0,0,2,True,False,True,0.0,0.0
gross_gain,rmo,108,0,0,2,True,False,True,0.0,0.0
gross_gain,rmo,109,0,0,2,True,False,True,0.0,0.0
gross_gain,rmo,110,0,0,2,True,False,True,0.0,0.0
gross_gain,rmo,111,0,0,2,True,False,True,0.0,0.0
gross_gain,rmo,112,0,0,2,True,False,True,0.0,0.0
gross_gain,rmo,113,0,0,2,True,False,True,0.0,0.0
gross_gain,rmo,114,0,0,2,True,False,True,0.0,0.0
gross_gain,rmo,115,0,0,2,True,False,True,0.0,0.0
gross_gain,rmo,116,0,0,2,True,False,True,0.0,0.0
gross_gain,rmo,117,0,1,2,True,False,True,0.0,0.0
gross_gain,rmo,118,0,0,2,True,False,True,0.0,0.0
gross_gain,rmo,119,0,0,2,True,False,True,0.0,0.0
gross_gain,rmo,120,0,0,2,True,False,True,0.0,0.0
gross_gain,rmo,121,0,0,2,True,False,True,0.0,0.0
gross_gain,rmo,122,0,0,2,True,False,True,0.0,0.0
gross_gain,rmo,123,0,0,2,True,False,True,0.0,0.0
gross_gain,rmo,125,0,0,2,True,False,True,0.0,0.0
gross_gain,rmo,126,0,0,2,True,False,True,0.0,0.0
gross_gain,rmo,127,0,0,2,True,False,True,0.0,0.0
gross_gain,rmo,128,0,0,2,True,False,True,0.0,0.0
gross_gain,rmo,129,0,0,2,True,False,True,0.0,0.0
gross_gain,rmo,130,0,0,2,True,False,True,0.0,0.0
gross_gain,rmo,131,0,0,2,True,False,True,0.0,0.0
gross_gain,rmo,132,0,0,2,True,False,True,0.0,0.0
gross_gain,rmo,133,0,0,2,True,False,True,0.0,0.0
gross_gain,rmo,134,0,0,2,True,False,True,0.0,0.0
gross_gain,rmo,135,0,0,2,True,False,True,0.0,0.0
gross_gain,rmo,136,0,0,2,True,False,True,0.0,0.0
gross_gain,rmo,137,0,0,2,True,False,True,0.0,0.0
gross_gain,rmo,138,0,0,2,True,False,True,0.0,0.0
gross_gain,rmo,139,0,0,2,True,False,True,0.0,0.0
gross_gain,rmo,140,0,0,2,True,False,True,0.0,0.0
gross_gain,rmo,142,0,0,2,True,False,True,0.0,0.0
gross_gain,rmo,143,0,0,2,True,False,True,0.0,0.0
gross_gain,rmo,144,0,0,2,True,False,True,0.0,0.0
gross_gain,rmo,145,0,0,2,True,False,True,0.0,0.0
gross_gain,rmo,146,0,0,2,True,False,True,0.0,0.0
gross_gain,rmo,147,0,0,2,True,False,True,0.0,0.0
gross_gain,rmo,148,0,0,2,True,False,True,0.0,0.0
gross_gain,rmo,149,0,0,2,True,False,True,0.0,0.0
gross_gain,rmo,150,0,0,2,True,False,True,0.0,0.0
gross_gain,rmo,151,0,0,2,True,False,True,0.0,0.0
gross_gain,rmo,152,0,1,2,True,False,True,0.0,0.0
gross_gain,rmo,153,0,1,2,True,False,True,0.0,0.0
gross_gain,rmo,154,0,0,2,True,False,True,0.0,0.0
gross_gain,rmo,155,0,1,2,True,False,True,0.0,0.0
gross_gain,rmo,156,0,1,2,True,False,True,0.0,0.0
gross_gain,rmo,157,0,1,2,True,False,True,0.0,0.0
gross_gain,rmo,158,0,1,2,True,False,True,0.0,0.0
gross_gain,rmo,159,0,1,2,True,False,True,0.0,0.0
gross_gain,rmo,160,0,0,2,True,False,True,0.7015045589928535,0.7015045589928535
gross_gain,rmo,168,0,0,2,True,False,True,0.7001853038454278,0.7001853038454278
gross_gain,rmo,171,0,0,2,True,False,True,0.6591123807168482,0.6591123807168482
gross_gain,rmo,172,0,0,2,True,False,True,0.7495081025480657,0.7495081025480657
gross_gain,rmo,173,0,0,2,True,False,True,0.7269859489006454,0.7269859489006454
gross_gain,rmo,174,0,0,2,True,False,True,0.7486442378768835,0.7486442378768835
gross_gain,rmo,176,0,0,2,True,False,True,0.746667197540336,0.746667197540336
gross_gain,rmo,177,0,0,2,True,False,True,0.7286600254570572,0.7286600254570572
gross_gain,rmo,179,0,0,2,True,False,True,0.5696659845450924,0.5696659845450924
gross_gain,rmo,180,0,0,2,True,False,True,0.6243572806219126,0.6243572806219126
gross_gain,rmo,181,0,0,2,True,False,True,0.6692823413249224,0.6692823413249224
gross_gain,rmo,182,0,0,2,True,False,True,0.5444410561659843,0.5444410561659843
gross_gain,rmo,184,0,0,2,True,False,True,0.537868261719786,0.537868261719786
gross_gain,rmo,185,0,0,2,True,False,True,0.5962316648714082,0.5962316648714082
gross_gain,rmo,186,0,0,2,True,False,True,0.6347687819590511,0.6347687819590511
gross_gain,rmo,187,0,0,2,True,False,True,0.5824773111477086,0.5824773111477086
gross_gain,rmo,188,0,1,2,True,False,True,0.4594048166662118,0.4594048166662118
gross_gain,rmo,189,0,0,2,True,False,True,0.4320044214495811,0.4320044214495811
gross_gain,rmo,190,0,0,2,True,False,True,0.5684857285158801,0.5684857285158801
gross_gain,rmo,191,0,0,2,True,False,True,0.5748102964269577,0.5748102964269577
gross_gain,rmo,192,0,1,2,True,False,True,0.6080697921271226,0.6080697921271226
gross_gain,rmo,193,0,0,2,True,False,True,0.5249571141995386,0.5249571141995386
gross_gain,rmo,194,0,0,2,True,False,True,0.45255414066731675,0.45255414066731675
gross_gain,rmo,195,0,0,2,True,False,True,0.23693116022897598,0.23693116022897598
gross_gain,rmo,248,0,0,2,True,False,True,0.11515751697916947,0.11515751697916947
gross_gain,rmo,265,0,0,2,True,False,True,0.15622322166614086,0.15622322166614086
gross_gain,rmo,268,0,0,2,True,False,True,0.055376453761422285,0.055376453761422285
gross_gain,rmo,275,0,0,2,True,False,True,0.0,0.0
gross_gain,rmo,276,0,0,2,True,False,True,0.0,0.0
gross_gain,rmo,277,0,0,2,True,False,True,0.0,0.0
gross_gain,rmo,278,0,0,2,True,False,True,0.0,0.0
gross_gain,rmo,279,0,0,2,True,False,True,0.0,0.0
gross_gain,rmo,280,0,0,2,True,False,True,0.0,0.0
gross_gain,rmo,281,0,0,2,True,False,True,0.0,0.0
gross_gain,rmo,282,0,0,2,True,False,True,0.0,0.0
gross_gain,rmo,283,0,0,2,True,False,True,0.0,0.0
gross_gain,rmo,287,0,0,2,True,False,True,0.0,0.0
gross_gain,rmo,288,0,0,2,True,False,True,0.0,0.0
gross_gain,rmo,289,0,0,2,True,False,True,0.0,0.0
gross_gain,rmo,290,0,0,2,True,False,True,0.0,0.0
gross_gain,rmo,291,0,0,2,True,False,True,0.0,0.0
gross_gain,rmo,292,0,0,2,True,False,True,0.0,0.0
gross_gain,rmo,293,0,0,2,True,False,True,0.0,0.0
gross_gain,rmo,294,0,0,2,True,False,True,0.0,0.0
gross_gain,rmo,295,0,0,2,True,False,True,0.0,0.0
gross_gain,rmo,296,0,0,2,True,False,True,0.0,0.0
gross_gain,rmo,297,0,0,2,True,False,True,0.0,0.0
gross_gain,rmo,298,0,0,2,True,False,True,0.0,0.0
gross_gain,rmo,299,0,0,2,True,False,True,0.0,0.0
gross_gain,rmo,300,0,0,2,True,False,True,0.0,0.0
gross_gain,rmo,301,0,0,2,True,False,True,0.0,0.0
gross_gain,rmo,302,0,0,2,True,False,True,0.0,0.0
gross_gain,rmo,303,0,0,2,True,False,True,0.0,0.0
gross_gain,rmo,305,0,0,2,True,False,True,0.0,0.0
gross_gain,rmo,306,0,0,2,True,False,True,0.0,0.0
gross_gain,rmo,307,0,0,2,True,False,True,0.0,0.0
gross_gain,rmo,309,0,0,2,True,False,True,0.0,0.0
gross_gain,rmo,310,0,0,2,True,False,True,0.0,0.0
gross_gain,rmo,311,0,0,2,True,False,True,0.0,0.0
gross_gain,rmo,312,0,0,2,True,False,True,0.0,0.0
gross_gain,rmo,313,0,0,2,True,False,True,0.0,0.0
gross_gain,rmo,317,0,0,2,True,False,True,0.0,0.0
gross_gain,rmo,318,0,0,2,True,False,True,0.0,0.0
gross_gain,rmo,319,0,0,2,True,False,True,0.0,0.0
gross_gain,rmo,321,0,1,2,True,False,True,0.0,0.0
gross_gain,rmo,322,0,0,2,True,False,True,0.0,0.0
gross_gain,rmo,324,0,0,2,True,False,True,0.0,0.0
gross_gain,rmo,325,0,0,2,True,False,True,0.0,0.0
gross_gain,rmo,326,0,1,2,True,False,True,0.0,0.0
gross_gain,rmo,328,0,0,2,True,False,True,0.0,0.0
gross_gain,rmo,329,0,0,2,True,False,True,0.0,0.0
gross_gain,rmo,331,0,0,2,True,False,True,0.0,0.0
gross_gain,rmo,332,0,0,2,True,False,True,0.0,0.0
gross_gain,rmo,334,0,0,2,True,False,True,0.0,0.0
gross_gain,rmo,336,0,0,2,True,False,True,0.0,0.0
gross_gain,rmo,337,0,1,2,True,False,True,0.0,0.0
gross_gain,rmo,338,0,0,2,True,False,True,0.1986361141171154,0.1986361141171154
gross_gain,rmo,339,0,0,2,True,False,True,0.2371321273954022,0.2371321273954022
gross_gain,rmo,340,0,0,2,True,False,True,0.23895627671432668,0.23895627671432668
gross_gain,rmo,341,0,0,2,True,False,True,0.21893233156276903,0.21893233156276903
gross_gain,rmo,342,0,0,2,True,False,True,0.2232646720797408,0.2232646720797408
gross_gain,rmo,343,0,0,2,True,False,True,0.19050937416720723,0.19050937416720723
gross_gain,rmo,345,0,1,2,True,False,True,0.2182259416546976,0.2182259416546976
gross_gain,rmo,346,0,0,2,True,False,True,0.0,0.0
gross_gain,rmo,351,0,0,2,True,False,True,0.0,0.0
gross_gain,rmo,352,0,0,2,True,False,True,0.0,0.0
gross_gain,rmo,353,0,0,2,True,False,True,0.0,0.0
gross_gain,rmo,354,0,0,2,True,False,True,0.0,0.0
gross_gain,rmo,355,0,0,2,True,False,True,0.0,0.0
gross_gain,rmo,356,0,0,2,True,False,True,0.0,0.0
gross_gain,rmo,357,0,0,2,True,False,True,0.0,0.0
gross_gain,rmo,359,0,0,2,True,False,True,0.0,0.0
gross_gain,rmo,360,0,0,2,True,False,True,0.0,0.0
gross_gain,rmo,361,0,0,2,True,False,True,0.0,0.0
gross_gain,rmo,362,0,0,2,True,False,True,0.0,0.0
gross_gain,rmo,364,0,0,2,True,False,True,0.0,0.0
gross_gain,rmo,366,0,0,2,True,False,True,0.0,0.0
gross_gain,rmo,367,0,0,2,True,False,True,0.0,0.0
gross_gain,rmo,368,0,0,2,True,False,True,0.0,0.0
gross_gain,rmo,369,0,0,2,True,False,True,0.0,0.0
gross_gain,rmo,370,0,0,2,True,False,True,0.0,0.0
gross_gain,rmo,371,0,0,2,True,False,True,0.0,0.0
gross_gain,rmo,372,0,0,2,True,False,True,0.0,0.0
gross_gain,rmo,373,0,0,2,True,False,True,0.0,0.0
gross_gain,rmo,374,0,0,2,True,False,True,0.0,0.0
gross_gain,rmo,375,0,0,2,True,False,True,0.0,0.0
gross_gain,rmo,376,0,0,2,True,False,True,0.0,0.0
gross_gain,rmo,377,0,0,2,True,False,True,0.0,0.0
gross_gain,rmo,378,0,0,2,True,False,True,0.0,0.0
gross_gain,rmo,379,0,0,2,True,False,True,0.0,0.0
gross_gain,rmo,380,0,0,2,True,False,True,0.0,0.0
gross_gain,rmo,384,0,0,2,True,False,True,0.0,0.0
gross_gain,rmo,386,0,0,2,True,False,True,0.0,0.0
gross_gain,rmo,389,0,0,2,True,False,True,0.0,0.0
gross_gain,rmo,390,0,0,2,True,False,True,0.0,0.0
gross_gain,rmo,391,0,0,2,True,False,True,0.0,0.0
gross_gain,rmo,392,0,0,2,True,False,True,0.0,0.0
gross_gain,rmo,393,0,0,2,True,False,True,0.0,0.0
gross_gain,rmo,394,0,0,2,True,False,True,0.0,0.0
gross_gain,rmo,396,0,0,2,True,False,True,0.0,0.0
gross_gain,rmo,400,0,0,2,True,False,True,0.0,0.0
gross_gain,rmo,402,0,0,2,True,False,True,0.0,0.0
gross_gain,rmo,407,0,0,2,True,False,True,0.0,0.0
gross_gain,rmo,408,0,0,2,True,False,True,0.0,0.0
gross_gain,rmo,409,0,0,2,True,False,True,0.0,0.0
gross_gain,rmo,410,0,0,2,True,False,True,0.0,0.0
gross_gain,rmo,411,0,0,2,True,False,True,0.0,0.0
gross_gain,rmo,412,0,0,2,True,False,True,0.0,0.0
gross_gain,rmo,413,0,0,2,True,False,True,0.0,0.0
gross_gain,rmo,414,0,0,2,True,False,True,0.0,0.0
gross_gain,rmo,416,0,0,2,True,False,True,0.0,0.0
gross_gain,rmo,422,0,0,2,True,False,True,0.0,0.0
gross_gain,rmo,423,0,0,2,True,False,True,0.0,0.0
gross_gain,rmo,426,0,0,2,True,False,True,0.0,0.0
gross_gain,rmo,428,0,0,2,True,False,True,0.0,0.0
gross_gain,rmo,429,0,0,2,True,False,True,0.0,0.0
gross_gain,rmo,430,0,0,2,True,False,True,0.0,0.0
gross_gain,rmo,431,0,0,2,True,False,True,0.0,0.0
gross_gain,rmo,432,0,0,2,True,False,True,0.0,0.0
gross_gain,rmo,433,0,0,2,True,False,True,0.0,0.0
gross_gain,rmo,434,0,0,2,True,False,True,0.0,0.0
gross_gain,rmo,436,0,0,2,True,False,True,0.0,0.0
gross_gain,rmo,437,0,0,2,True,False,True,0.0,0.0
gross_gain,rmo,442,0,0,2,True,False,True,0.0,0.0
gross_gain,rmo,443,0,0,2,True,False,True,0.0,0.0
gross_gain,rmo,444,0,0,2,True,False,True,0.0,0.0
gross_gain,rmo,445,0,0,2,True,False,True,0.0,0.0
gross_gain,rmo,446,0,2,2,True,False,True,0.0,0.0
gross_gain,rmo,447,0,0,2,True,False,True,0.0,0.0
gross_gain,rmo,448,0,0,2,True,False,True,0.0,0.0
gross_gain,rmo,449,0,0,2,True,False,True,0.0,0.0
gross_gain,rmo,450,0,0,2,True,False,True,0.0,0.0
gross_gain,rmo,451,0,0,2,True,False,True,0.0,0.0
gross_gain,rmo,452,0,0,2,True,False,True,0.0,0.0
gross_gain,rmo,453,0,0,2,True,False,True,0.0,0.0
gross_gain,rmo,454,0,0,2,True,False,True,0.0,0.0
gross_gain,rmo,455,0,0,2,True,False,True,0.0,0.0
gross_gain,rmo,456,0,0,2,True,False,True,0.0,0.0
gross_gain,rmo,457,0,0,2,True,False,True,0.0,0.0
gross_gain,rmo,458,0,0,2,True,False,True,0.0,0.0
gross_gain,rmo,459,0,0,2,True,False,True,0.0,0.0
gross_gain,rmo,460,0,0,2,True,False,True,0.0,0.0
gross_gain,rmo,461,0,0,2,True,False,True,0.0,0.0
gross_gain,rmo,462,0,0,2,True,False,True,0.0,0.0
gross_gain,rmo,463,0,0,2,True,False,True,0.0,0.0
gross_gain,rmo,464,0,2,2,True,False,True,0.0,0.0
gross_gain,rmo,467,0,0,2,True,False,True,0.0,0.0
gross_gain,rmo,468,0,0,2,True,False,True,0.0,0.0
gross_gain,rmo,469,0,0,2,True,False,True,0.0,0.0
gross_gain,rmo,470,0,0,2,True,False,True,0.0,0.0
gross_gain,rmo,471,0,0,2,True,False,True,0.0,0.0
gross_gain,rmo,472,0,0,2,True,False,True,0.0,0.0
gross_gain,rmo,475,0,0,2,True,False,True,0.0,0.0
gross_gain,rmo,476,0,0,2,True,False,True,0.0,0.0
gross_gain,rmo,477,0,0,2,True,False,True,0.0,0.0
gross_gain,rmo,478,0,0,2,True,False,True,0.0,0.0
gross_gain,rmo,479,0,0,2,True,False,True,0.0,0.0
gross_gain,rmo,480,0,0,2,True,False,True,0.0,0.0
gross_gain,rmo,481,0,0,2,True,False,True,0.0,0.0
gross_gain,rmo,482,0,1,2,True,False,True,0.0,0.0
gross_gain,rmo,484,0,0,2,True,False,True,0.0,0.0
gross_gain,rmo,486,0,0,2,True,False,True,0.0,0.0
gross_gain,rmo,487,0,0,2,True,False,True,0.0,0.0
gross_gain,rmo,488,0,0,2,True,False,True,0.0,0.0
gross_gain,rmo,489,0,0,2,True,False,True,0.0,0.0
gross_gain,rmo,490,0,1,2,True,False,True,0.0,0.0
gross_gain,rmo,493,0,0,2,True,False,True,0.0,0.0
gross_gain,rmo,495,0,1,2,True,False,True,0.0,0.0
gross_gain,rmo,496,0,1,2,True,False,True,0.0,0.0
gross_gain,rmo,497,0,0,2,True,False,True,0.0,0.0
gross_gain,rmo,498,0,1,2,True,False,True,0.0,0.0
gross_gain,rmo,499,0,1,2,True,False,True,0.0,0.0
gross_gain,rmo,500,0,0,2,True,False,True,0.0,0.0
gross_gain,rmo,505,0,0,2,True,False,True,0.0,0.0
gross_gain,rmo,506,0,0,2,True,False,True,0.0,0.0
gross_gain,rmo,508,0,0,2,True,False,True,0.0,0.0
gross_gain,rmo,509,0,0,2,True,False,True,0.0,0.0
gross_gain,rmo,510,0,0,2,True,False,True,0.0,0.0
gross_gain,rmo,511,0,0,2,True,False,True,0.0,0.0
gross_gain,rmo,512,0,0,2,True,False,True,0.0,0.0
gross_gain,rmo,513,0,0,2,True,False,True,0.0,0.0
gross_gain,rmo,514,0,0,2,True,False,True,0.0,0.0
gross_gain,rmo,515,0,0,2,True,False,True,0.0,0.0
gross_gain,rmo,516,0,0,2,True,False,True,0.0,0.0
gross_gain,rmo,518,0,0,2,True,False,True,0.0,0.0
gross_gain,rmo,519,0,0,2,True,False,True,0.0,0.0
gross_gain,rmo,525,0,0,2,True,False,True,0.0,0.0
gross_gain,rmo,526,0,0,0,False,False,True,0.0,0.0
gross_gain,rmo,527,0,0,2,True,False,True,0.0,0.0
gross_gain,rmo,529,0,0,2,True,False,True,0.0,0.0
gross_gain,rmo,531,0,0,2,True,False,True,0.0,0.0
gross_gain,rmo,540,0,0,2,True,False,True,0.0,0.0
gross_gain,rmo,547,0,0,2,True,False,True,0.15511459027953062,0.15511459027953062
gross_gain,rmo,548,0,0,2,True,False,True,0.17420651944605967,0.17420651944605967
gross_gain,rmo,549,0,0,2,True,False,True,0.15600105641085268,0.15600105641085268
gross_gain,rmo,550,0,0,2,True,False,True,0.12100145913254559,0.12100145913254559
gross_gain,rmo,551,0,0,2,True,False,True,0.1964843798169472,0.1964843798169472
gross_gain,rmo,552,0,0,2,True,False,True,0.08731697709535922,0.08731697709535922
gross_gain,rmo,566,0,0,2,True,False,True,0.0,0.0
gross_gain,rmo,571,0,0,2,True,False,True,0.0,0.0
gross_gain,rmo,575,0,0,2,True,False,True,0.0,0.0
gross_gain,rmo,584,0,0,2,True,False,True,0.0,0.0
gross_gain,rmo,585,0,0,2,True,False,True,0.0,0.0
gross_gain,rmo,586,0,0,2,True,False,True,0.0,0.0
gross_gain,rmo,587,0,0,2,True,False,True,0.0,0.0
gross_gain,rmo,588,0,0,2,True,False,True,0.0,0.0
gross_gain,rmo,589,0,0,2,True,False,True,0.0,0.0
gross_gain,rmo,590,0,0,2,True,False,True,0.0,0.0
gross_gain,rmo,591,2,2,2,True,False,True,0.0,0.039110791691374644
gross_gain,rmo,592,0,0,2,True,False,True,0.17948457583951874,0.17948457583951874
gross_gain,rmo,593,0,0,2,True,False,True,0.1905342936715412,0.1905342936715412
gross_gain,rmo,594,0,0,2,True,False,True,0.2135253031178999,0.2135253031178999
gross_gain,rmo,595,0,0,2,True,False,True,0.26249886303526465,0.26249886303526465
gross_gain,rmo,596,0,0,2,True,False,True,0.01297519510613312,0.01297519510613312
gross_gain,rmo,597,0,0,2,True,False,True,0.005216466108350826,0.005216466108350826
gross_gain,rmo,598,0,0,2,True,False,True,0.010964990199062784,0.010964990199062784
gross_gain,rmo,599,0,0,2,True,False,True,0.009268996889213371,0.009268996889213371
gross_gain,rmo,600,0,0,2,True,False,True,0.01101907785610587,0.01101907785610587
gross_gain,rmo,601,0,0,2,True,False,True,0.014593031754842733,0.014593031754842733
gross_gain,rmo,602,0,0,2,True,False,True,0.007198997798965815,0.007198997798965815
gross_gain,rmo,603,0,0,2,True,False,True,0.007809331307919317,0.007809331307919317
gross_gain,rmo,604,0,0,2,True,False,True,0.0,0.0
gross_gain,rmo,605,0,1,2,True,False,True,0.0,0.0
gross_gain,rmo,606,0,0,2,True,False,True,0.0,0.0
gross_gain,rmo,608,0,0,2,True,False,True,0.0,0.0
gross_gain,rmo,609,0,0,2,True,False,True,0.0,0.0
gross_gain,rmo,611,0,0,2,True,False,True,0.0,0.0
gross_gain,rmo,613,0,0,2,True,False,True,0.0,0.0
gross_gain,rmo,615,0,0,2,True,False,True,0.0,0.0
gross_gain,rmo,622,0,0,2,True,False,True,0.0,0.0
gross_gain,rmo,644,0,0,2,True,False,True,0.0,0.0
gross_gain,rmo,645,0,0,2,True,False,True,0.0,0.0
gross_gain,rmo,646,0,0,2,True,False,True,0.0,0.0
gross_gain,rmo,647,0,0,2,True,False,True,0.0,0.0
gross_gain,rmo,648,0,2,2,True,False,True,0.0,0.0
gross_gain,rmo,649,0,0,2,True,False,True,0.0,0.0
gross_gain,rmo,650,0,0,2,True,False,True,0.0,0.0
gross_gain,rmo,651,0,0,2,True,False,True,0.0,0.0
gross_gain,rmo,652,2,0,2,True,False,True,0.0,0.0
gross_gain,run,79,0,0,2,True,False,True,0.788027008302103,0.788027008302103
gross_gain,run,80,0,0,2,True,False,True,0.6980729405386946,0.6980729405386946
gross_gain,run,81,0,0,2,True,False,True,0.7391320916020505,0.7391320916020505
gross_gain,run,87,0,0,2,True,False,True,0.6708008121498407,0.6708008121498407
gross_gain,run,89,0,0,2,True,False,True,0.618561091493154,0.618561091493154
gross_gain,run,90,0,1,2,True,False,True,0.5023196272150463,0.5023196272150463
gross_gain,run,91,0,0,2,True,False,True,0.11563898635170844,0.11563898635170844
gross_gain,run,219,0,0,2,True,False,True,0.0,0.0
gross_gain,run,223,0,0,2,True,False,True,0.0,0.0
gross_gain,run,224,0,0,2,True,False,True,0.0,0.0
gross_gain,run,225,0,0,2,True,False,True,0.0,0.0
gross_gain,run,226,0,0,2,True,False,True,0.0,0.0
gross_gain,run,227,0,0,2,True,False,True,0.0,0.0
gross_gain,run,228,0,0,2,True,False,True,0.0,0.0
gross_gain,run,229,0,0,2,True,False,True,0.0,0.0
gross_gain,run,230,0,0,2,True,False,True,0.0,0.0
gross_gain,run,231,0,0,2,True,False,True,0.0,0.0
gross_gain,run,232,0,0,2,True,False,True,0.0,0.0
gross_gain,run,233,0,0,2,True,False,True,0.0,0.0
gross_gain,run,234,0,0,2,True,False,True,0.0,0.0
gross_gain,run,235,0,0,2,True,False,True,0.0,0.0
gross_gain,run,236,0,0,2,True,False,True,0.0,0.0
gross_gain,run,237,0,0,2,True,False,True,0.0,0.0
gross_gain,run,238,0,0,2,True,False,True,0.0,0.0
gross_gain,run,239,0,0,2,True,False,True,0.0,0.0
gross_gain,run,240,0,0,2,True,False,True,0.0,0.0
gross_gain,run,241,0,0,2,True,False,True,0.0,0.0
gross_gain,run,242,0,0,2,True,False,True,0.0,0.0
gross_gain,run,243,0,0,2,True,False,True,0.0,0.0
gross_gain,run,244,0,0,2,True,False,True,0.0,0.0
gross_gain,run,245,0,0,2,True,False,True,0.0,0.0
gross_gain,run,246,0,0,2,True,False,True,0.0,0.0
gross_gain,run,247,0,0,2,True,False,True,0.0,0.0
gross_gain,run,248,0,0,2,True,False,True,0.0,0.0
gross_gain,run,249,0,0,2,True,False,True,0.0,0.0
gross_gain,run,250,0,0,2,True,False,True,0.0,0.0
gross_gain,run,251,0,0,2,True,False,True,0.0,0.0
gross_gain,run,252,0,0,2,True,False,True,0.0,0.0
gross_gain,run,253,0,0,2,True,False,True,0.0,0.0
gross_gain,run,254,0,0,2,True,False,True,0.0,0.0
gross_gain,run,255,0,0,2,True,False,True,0.0,0.0
gross_gain,run,256,0,0,2,True,False,True,0.0,0.0
gross_gain,run,257,0,0,2,True,False,True,0.0,0.0
gross_gain,run,258,0,0,2,True,False,True,0.0,0.0
gross_gain,run,259,0,0,2,True,False,True,0.0,0.0
gross_gain,run,260,0,0,2,True,False,True,0.0,0.0
gross_gain,run,261,0,0,2,True,False,True,0.0,0.0
gross_gain,run,262,0,0,2,True,False,True,0.0,0.0
gross_gain,run,263,0,0,2,True,False,True,0.0,0.0
gross_gain,run,264,0,0,2,True,False,True,0.0,0.0
gross_gain,run,265,0,0,2,True,False,True,0.0,0.0
gross_gain,run,266,0,0,2,True,False,True,0.0,0.0
gross_gain,run,267,0,0,2,True,False,True,0.0,0.0
gross_gain,run,268,0,0,2,True,False,True,0.0,0.0
gross_gain,run,269,0,0,2,True,False,True,0.0,0.0
gross_gain,run,270,0,0,2,True,False,True,0.0,0.0
gross_gain,run,271,0,0,2,True,False,True,0.0,0.0
gross_gain,run,272,0,0,2,True,False,True,0.0,0.0
gross_gain,run,273,0,0,2,True,False,True,0.0,0.0
gross_gain,run,274,0,0,2,True,False,True,0.0,0.0
gross_gain,run,275,0,0,2,True,False,True,0.0,0.0
gross_gain,run,276,0,0,2,True,False,True,0.0,0.0
gross_gain,run,277,0,0,2,True,False,True,0.0,0.0
gross_gain,run,278,0,0,2,True,False,True,0.0,0.0
gross_gain,run,279,0,0,2,True,False,True,0.0,0.0
gross_gain,run,280,0,0,2,True,False,True,0.0,0.0
gross_gain,run,281,0,0,2,True,False,True,0.0,0.0
gross_gain,run,282,0,0,2,True,False,True,0.0,0.0
gross_gain,run,283,0,0,2,True,False,True,0.0,0.0
gross_gain,run,284,0,0,2,True,False,True,0.0,0.0
gross_gain,run,285,0,0,2,True,False,True,0.0,0.0
gross_gain,run,286,0,0,2,True,False,True,0.0,0.0
gross_gain,run,287,0,0,2,True,False,True,0.0,0.0
gross_gain,run,288,0,0,2,True,False,True,0.0,0.0
gross_gain,run,289,0,0,2,True,False,True,0.0,0.0
gross_gain,run,290,0,0,2,True,False,True,0.0,0.0
gross_gain,run,291,0,0,2,True,False,True,0.0,0.0
gross_gain,run,292,0,0,2,True,False,True,0.0,0.0
gross_gain,run,293,0,0,2,True,False,True,0.0,0.0
gross_gain,run,294,0,0,2,True,False,True,0.0,0.0
gross_gain,run,295,0,0,2,True,False,True,0.0,0.0
gross_gain,run,296,0,0,2,True,False,True,0.0,0.0
gross_gain,run,297,0,0,2,True,False,True,0.0,0.0
gross_gain,run1,47,0,0,2,True,False,True,0.1483428257480669,0.1483428257480669
gross_gain,run1,48,0,1,2,True,False,True,0.015596552693088144,0.015596552693088144
gross_gain,run1,49,0,0,2,True,False,True,0.0,0.0
gross_gain,run1,50,0,1,2,True,False,True,0.0,0.0
gross_gain,run1,51,0,0,2,True,False,True,0.0,0.0
gross_gain,run1,52,0,0,2,True,False,True,0.0,0.0
gross_gain,run1,53,0,0,2,True,False,True,0.0,0.0
gross_gain,run1,54,0,0,2,True,False,True,0.0,0.0
gross_gain,run1,56,0,0,2,True,False,True,0.0,0.0
gross_gain,run1,57,0,0,2,True,False,True,0.0,0.0
gross_gain,run1,58,0,0,2,True,False,True,0.0,0.0
gross_gain,run1,59,0,0,2,True,False,True,0.0,0.0
gross_gain,run1,62,0,0,2,True,False,True,0.0,0.0
gross_gain,run1,63,0,0,2,True,False,True,0.0,0.0
gross_gain,run1,64,0,0,2,True,False,True,0.0,0.0
gross_gain,run1,65,0,0,2,True,False,True,0.0,0.0
gross_gain,run1,66,0,0,2,True,False,True,0.0,0.0
gross_gain,run1,67,0,0,2,True,False,True,0.0,0.0
gross_gain,run1,68,0,0,2,True,False,True,0.0,0.0
gross_gain,run1,70,0,0,2,True,False,True,0.0,0.0
gross_gain,run1,71,0,0,2,True,False,True,0.0,0.0
gross_gain,run1,72,0,0,2,True,False,True,0.0,0.0
gross_gain,run1,73,0,0,2,True,False,True,0.0,0.0
gross_gain,run1,74,0,0,2,True,False,True,0.0,0.0
gross_gain,run1,75,0,0,2,True,False,True,0.0,0.0
gross_gain,run1,79,0,0,2,True,False,True,0.0,0.0
gross_gain,run1,83,0,0,2,True,False,True,0.0,0.0
gross_gain,run2,4,0,0,0,False,True,True,0.8081838715970335,0.8081838715970335
gross_gain,run2,31,0,0,2,True,False,True,0.8216258943678174,0.8216258943678174
gross_gain,run2,43,0,0,2,True,False,True,0.100005873812924,0.100005873812924
gross_gain,run2,44,0,0,2,True,False,True,0.19254639383954592,0.19254639383954592
gross_gain,scooter,288,0,0,2,True,False,True,0.6079564852305804,0.6079564852305804
gross_gain,scooter,291,0,0,2,True,False,True,0.6091290096975667,0.6091290096975667
gross_gain,scooter,296,0,0,2,True,False,True,0.6293948647710322,0.6293948647710322
gross_gain,scooter,298,0,1,2,True,False,True,0.5986206042234498,0.5986206042234498
gross_gain,scooter,305,0,0,2,True,False,True,0.0,0.5011892985636115
gross_gain,scooter,314,0,1,2,True,False,True,0.5028397923003292,0.5028397923003292
gross_gain,scooter,315,0,0,2,True,False,True,0.5393046523168598,0.5393046523168598
gross_gain,scooter,316,0,0,2,True,False,True,0.4018957583271926,0.4018957583271926
gross_gain,scooter,319,0,0,2,True,False,True,0.5123739053452688,0.5123739053452688
gross_gain,scooter,320,0,0,2,True,False,True,0.5757427723357231,0.5757427723357231
gross_gain,scooter,322,0,0,2,True,False,True,0.5295910404353058,0.5295910404353058
gross_gain,scooter,323,0,0,2,True,False,True,0.6774225240742003,0.6774225240742003
gross_gain,scooter,618,0,0,2,True,False,True,0.6710582207609467,0.6710582207609467
gross_gain,scooter,620,0,0,2,True,False,True,0.3472194674242085,0.3472194674242085
gross_gain,scooter,621,0,0,2,True,False,True,0.24822031110630077,0.24822031110630077
gross_gain,scooter,623,0,0,2,True,False,True,0.0,0.0
gross_gain,scooter,625,0,0,2,True,False,True,0.0,0.0
gross_gain,scooter,627,0,1,2,True,False,True,0.0,0.0
gross_gain,scooter,628,0,0,2,True,False,True,0.0,0.0
gross_gain,scooter,629,0,0,2,True,False,True,0.0,0.0
gross_gain,scooter,695,0,0,2,True,False,True,0.6747652094940892,0.6747652094940892
gross_gain,shake,13,0,0,0,False,True,True,0.7672392442003586,0.7672392442003586
gross_gain,shake,66,0,0,0,False,True,True,0.8077155291755235,0.8077155291755235
gross_gain,shake,67,0,0,0,False,True,True,0.8233673788914105,0.8233673788914105
gross_gain,shake,68,0,0,0,False,True,True,0.8220431769448748,0.8220431769448748
gross_gain,shake,70,0,0,0,False,True,True,0.8083080218793867,0.8083080218793867
gross_gain,shake,71,0,0,0,False,True,True,0.7872927228027952,0.7872927228027952
gross_gain,shake,72,0,0,0,False,True,True,0.7700947715230843,0.7700947715230843
gross_gain,shake,73,0,0,0,False,True,True,0.8893430534371808,0.8893430534371808
gross_gain,shake,87,0,0,0,False,True,True,0.8520884655004934,0.8520884655004934
gross_gain,shake,106,0,0,0,False,True,True,0.7487552541257128,0.7487552541257128
gross_gain,shake,133,0,0,0,False,True,True,0.9046998006625117,0.9046998006625117
gross_gain,shake,170,0,0,0,False,True,True,0.8215356073555562,0.8215356073555562
gross_gain,shake,190,0,0,0,False,True,True,0.8853938267940348,0.8853938267940348
gross_gain,shake,203,0,0,0,False,True,True,0.823353295412399,0.823353295412399
gross_gain,shake,207,0,0,0,False,True,True,0.8802268376549117,0.8802268376549117
gross_gain,shake,221,0,0,0,False,True,True,0.8541892524200265,0.8541892524200265
gross_gain,shake,242,0,0,0,False,True,True,0.9266034367513962,0.9266034367513962
gross_gain,shake,243,0,0,0,False,True,True,0.9388150521553742,0.9388150521553742
gross_gain,shake,370,0,0,0,False,True,True,0.8148370099523029,0.8148370099523029
gross_gain,shake,371,0,0,0,False,True,True,0.8397718756013614,0.8397718756013614
gross_gain,shake,388,0,0,0,False,True,True,0.7632087809334218,0.7632087809334218
gross_gain,shake,476,0,0,0,False,True,True,0.6498671609701783,0.6498671609701783
gross_gain,shake,554,0,0,2,True,False,True,0.5927145812387516,0.5927145812387516
gross_gain,shake,555,0,0,2,True,False,True,0.6720618773250492,0.6720618773250492
gross_gain,shake,595,0,0,2,True,False,True,0.5459638664142914,0.5459638664142914
gross_gain,shake,596,0,0,2,True,False,True,0.5236637953405179,0.5236637953405179
gross_gain,shake,597,0,0,2,True,False,True,0.0,0.0
gross_gain,shake,601,0,0,2,True,False,True,0.3936244460807031,0.3936244460807031
gross_gain,shake,634,0,0,2,True,False,True,0.5321453158865079,0.5321453158865079
gross_gain,shake,636,0,0,2,True,False,True,0.5010742442158728,0.5010742442158728
gross_gain,shake,637,0,0,2,True,False,True,0.31423760566033726,0.31423760566033726
gross_gain,shake,638,0,0,2,True,False,True,0.27337667159209456,0.27337667159209456
gross_gain,shake,639,0,0,2,True,False,True,0.5147654699826586,0.5147654699826586
gross_gain,shake,640,0,0,2,True,False,True,0.25192708365525024,0.25192708365525024
gross_gain,shake,641,0,0,2,True,False,True,0.17869960688608283,0.17869960688608283
gross_gain,shake,642,0,0,2,True,False,True,0.0,0.0
gross_gain,shake,643,0,0,2,True,False,True,0.1634916236272799,0.1634916236272799
gross_gain,shake,644,0,0,2,True,False,True,0.4977314175471968,0.4977314175471968
gross_gain,shake,645,0,1,2,True,False,True,0.0,0.0
gross_gain,shake,646,0,0,2,True,False,True,0.4816434693708391,0.4816434693708391
gross_gain,shake,647,0,0,2,True,False,True,0.5560466496365801,0.5560466496365801
gross_gain,shake,650,0,0,2,True,False,True,0.6263520667167375,0.6263520667167375
gross_gain,shake,652,0,0,2,True,False,True,0.6207789992332143,0.6207789992332143
gross_gain,shake,653,0,0,2,True,False,True,0.6774055070576808,0.6774055070576808
gross_gain,shake,654,0,0,2,True,False,True,0.6425079092659229,0.6425079092659229
gross_gain,shake,656,0,0,2,True,False,True,0.6445171166607009,0.6445171166607009
gross_gain,shake,657,0,0,2,True,False,True,0.4411820452944567,0.4411820452944567
gross_gain,shake,658,0,0,2,True,False,True,0.44408351897678944,0.44408351897678944
gross_gain,shake,659,0,0,2,True,False,True,0.45255410146249353,0.45255410146249353
gross_gain,shake,665,0,0,2,True,False,True,0.4470667872391687,0.4470667872391687
gross_gain,shake,671,0,0,2,True,False,True,0.19053298925319553,0.19053298925319553
gross_gain,shake,696,0,0,2,True,False,True,0.5527622693339012,0.5527622693339012
gross_gain,shake,715,0,0,2,True,False,True,0.4505854603380143,0.4505854603380143
gross_gain,shake,716,0,0,2,True,False,True,0.4351922872380487,0.4351922872380487
gross_gain,shake,719,0,0,2,True,False,True,0.49307477979462494,0.49307477979462494
gross_gain,shake,770,0,0,2,True,False,True,0.6202102796428601,0.6202102796428601
gross_gain,shake,774,0,0,2,True,False,True,0.6245975146349751,0.6245975146349751
gross_gain,shake,775,0,0,2,True,False,True,0.5938177739098885,0.5938177739098885
gross_gain,shake,776,0,0,2,True,False,True,0.5849155137810842,0.5849155137810842
gross_gain,shake,846,0,0,2,True,False,True,0.6824523049315763,0.6824523049315763
gross_gain,single1,80,0,0,0,False,True,True,0.8033539338817031,0.8033539338817031
gross_gain,single1,205,0,0,0,False,True,True,0.8764699376678204,0.8764699376678204
gross_gain,soccer,97,0,0,2,True,False,True,0.9088069925200596,0.9088069925200596
gross_gain,soccer,98,0,0,2,True,False,True,0.7146411812923597,0.7146411812923597
gross_gain,soccer,100,0,0,2,True,False,True,0.7319519621037196,0.7319519621037196
gross_gain,soccer,273,0,0,2,True,False,True,0.28963203025440887,0.28963203025440887
gross_gain,soccer,274,0,0,2,True,False,True,0.21320915878116348,0.21320915878116348
gross_gain,soccer,275,0,0,2,True,False,True,0.17409982682942843,0.17409982682942843
gross_gain,soccer,276,0,0,2,True,False,True,0.3127860005147341,0.3127860005147341
gross_gain,soccer,277,0,0,2,True,False,True,0.3290234702673947,0.3290234702673947
gross_gain,soccer,282,0,0,2,True,False,True,0.1119290125800156,0.1119290125800156
gross_gain,soccer,284,0,0,2,True,False,True,0.0,0.0
gross_gain,soccer,285,0,0,2,True,False,True,0.0,0.0
gross_gain,soccer,286,0,0,2,True,False,True,0.0,0.0
gross_gain,soccer,287,0,0,2,True,False,True,0.0,0.0
gross_gain,soccer,288,0,0,2,True,False,True,0.0,0.0
gross_gain,soccer,289,0,0,2,True,False,True,0.0,0.0
gross_gain,soccer,290,0,0,2,True,False,True,0.0,0.0
gross_gain,soccer,291,0,0,2,True,False,True,0.0,0.0
gross_gain,soccer,292,0,0,2,True,False,True,0.706271394633482,0.706271394633482
gross_gain,soccer,371,0,0,2,True,False,True,0.5448596777100045,0.5448596777100045
gross_gain,soccer,372,0,0,2,True,False,True,0.4285934349661258,0.4285934349661258
gross_gain,soccer,373,0,0,2,True,False,True,0.31671127549720424,0.31671127549720424
gross_gain,soccer,662,0,0,2,True,False,True,0.570985109647745,0.570985109647745
gross_gain,soccer,667,0,0,2,True,False,True,0.6687871495015351,0.6687871495015351
gross_gain,soccer,669,0,0,2,True,False,True,0.5712630847922261,0.5712630847922261
gross_gain,soccer,670,0,0,2,True,False,True,0.6799919400474549,0.6799919400474549
gross_gain,soccer,671,0,0,2,True,False,True,0.6369691172971574,0.6369691172971574
gross_gain,soccer,672,0,0,2,True,False,True,0.607526682005301,0.607526682005301
gross_gain,soccer,673,0,0,2,True,False,True,0.5681609258785116,0.5681609258785116
gross_gain,soccer,674,0,0,2,True,False,True,0.6082986636693916,0.6082986636693916
gross_gain,soccer,843,0,0,2,True,False,True,0.13937558448368115,0.13937558448368115
gross_gain,soccer,844,0,0,2,True,False,True,0.1476133897340415,0.1476133897340415
gross_gain,soccer,845,0,0,2,True,False,True,0.2591406273380165,0.2591406273380165
gross_gain,soccer,846,0,0,2,True,False,True,0.3789806801733766,0.3789806801733766
gross_gain,soccer,1031,0,0,2,True,False,True,0.5826890425763399,0.5826890425763399
gross_gain,soccer,1032,0,0,2,True,False,True,0.646962385795443,0.646962385795443
gross_gain,soccer,1033,0,0,2,True,False,True,0.564311432767359,0.564311432767359
gross_gain,soccer,1034,0,0,2,True,False,True,0.48093331903556963,0.48093331903556963
gross_gain,soccer,1035,0,0,2,True,False,True,0.10407161237741167,0.10407161237741167
gross_gain,soccer,1036,0,2,2,True,False,True,0.013408690088187774,0.0
gross_gain,soccer,1037,0,0,2,True,False,True,0.0,0.0
gross_gain,soccer,1038,0,0,2,True,False,True,0.0,0.0
gross_gain,soccer,1039,0,0,2,True,False,True,0.0,0.0
gross_gain,soccer,1040,0,0,2,True,False,True,0.0,0.0
gross_gain,soccer,1041,0,0,2,True,False,True,0.0,0.0
gross_gain,soccer,1042,0,0,2,True,False,True,0.0,0.0
gross_gain,soccer,1043,0,0,2,True,False,True,0.0,0.0
gross_gain,soccer,1044,0,0,2,True,False,True,0.0,0.0
gross_gain,soccer,1045,0,0,2,True,False,True,0.0,0.0
gross_gain,soccer,1046,0,0,2,True,False,True,0.0,0.0
gross_gain,soccer,1047,0,0,2,True,False,True,0.0,0.0
gross_gain,soccer,1048,0,0,2,True,False,True,0.0,0.265359599581591
gross_gain,soccer2,137,0,0,2,True,False,True,0.3070937497775608,0.3070937497775608
gross_gain,soccer2,138,0,0,2,True,False,True,0.19575321011303193,0.19575321011303193
gross_gain,soccer2,139,0,0,2,True,False,True,0.29301503119012956,0.29301503119012956
gross_gain,soccer2,140,0,0,2,True,False,True,0.20553084912886418,0.20553084912886418
gross_gain,soccer2,141,0,0,2,True,False,True,0.22813599960109204,0.22813599960109204
gross_gain,soccer2,142,0,0,2,True,False,True,0.24789485857900756,0.24789485857900756
gross_gain,soccer2,158,0,0,2,True,False,True,0.5515361677595206,0.5515361677595206
gross_gain,soccer2,377,0,0,2,True,False,True,0.0,0.0
gross_gain,soccer2,378,0,0,2,True,False,True,0.0,0.0
gross_gain,soccerinhand,191,0,0,2,True,False,True,0.7234665104166278,0.7234665104166278
gross_gain,soccerinhand,192,0,1,2,True,False,True,0.763253067220677,0.0
gross_gain,soccerinhand,193,0,0,2,True,False,True,0.0,0.0
gross_gain,soccerinhand,194,0,0,2,True,False,True,0.0,0.0
gross_gain,soccerinhand,195,0,0,2,True,False,True,0.0,0.0
gross_gain,soccerinhand,196,0,0,2,True,False,True,0.0,0.0
gross_gain,soccerinhand,197,0,0,2,True,False,True,0.0,0.0
gross_gain,soccerinhand,198,0,0,2,True,False,True,0.0,0.0
gross_gain,soccerinhand,199,0,0,2,True,False,True,0.0,0.0
gross_gain,soccerinhand,200,0,1,2,True,False,True,0.0,0.0
gross_gain,soccerinhand,201,0,0,2,True,False,True,0.0,0.0
gross_gain,soccerinhand,202,0,0,2,True,False,True,0.0,0.0
gross_gain,soccerinhand,203,0,0,2,True,False,True,0.0,0.0
gross_gain,soccerinhand,204,0,0,2,True,False,True,0.0,0.0
gross_gain,soccerinhand,205,0,0,2,True,False,True,0.0,0.0
gross_gain,soccerinhand,206,0,1,2,True,False,True,0.0,0.0
gross_gain,soccerinhand,207,0,0,2,True,False,True,0.0,0.0
gross_gain,soccerinhand,208,0,0,2,True,False,True,0.0,0.0
gross_gain,soccerinhand,209,0,0,2,True,False,True,0.0,0.0
gross_gain,soccerinhand,210,0,0,2,True,False,True,0.0,0.0
gross_gain,soccerinhand,211,0,0,2,True,False,True,0.05570193443963532,0.05570193443963532
gross_gain,soccerinhand,214,0,2,2,True,False,True,0.022755966889869444,0.0
gross_gain,soccerinhand,215,0,0,2,True,False,True,0.0,0.0
gross_gain,soccerinhand,216,0,1,2,True,False,True,0.0,0.0
gross_gain,soccerinhand,217,0,0,2,True,False,True,0.0,0.0
gross_gain,soccerinhand,218,0,0,2,True,False,True,0.0,0.0
gross_gain,soccerinhand,219,0,0,2,True,False,True,0.0,0.0
gross_gain,soccerinhand,220,0,0,2,True,False,True,0.0,0.0
gross_gain,soccerinhand,221,0,0,2,True,False,True,0.0,0.0
gross_gain,soccerinhand,222,0,0,2,True,False,True,0.0,0.0
gross_gain,soccerinhand,223,0,0,2,True,False,True,0.0,0.0
gross_gain,soccerinhand,224,0,0,2,True,False,True,0.0,0.0
gross_gain,soccerinhand,225,0,0,2,True,False,True,0.0,0.0
gross_gain,soccerinhand,226,0,0,2,True,False,True,0.0,0.0
gross_gain,soccerinhand,227,0,0,2,True,False,True,0.0,0.0
gross_gain,soccerinhand,228,0,0,2,True,False,True,0.0,0.0
gross_gain,soccerinhand,229,0,0,2,True,False,True,0.0,0.0
gross_gain,soccerinhand,230,0,0,2,True,False,True,0.0,0.0
gross_gain,soccerinhand,231,0,0,2,True,False,True,0.0,0.0
gross_gain,soccerinhand,232,0,0,2,True,False,True,0.0,0.0
gross_gain,soccerinhand,233,0,0,2,True,False,True,0.0,0.0
gross_gain,soccerinhand,234,0,0,2,True,False,True,0.0,0.0
gross_gain,soccerinhand,235,0,0,2,True,False,True,0.0,0.0
gross_gain,soccerinhand,236,0,0,2,True,False,True,0.0,0.0
gross_gain,soccerinhand,237,0,0,2,True,False,True,0.0,0.0
gross_gain,soccerinhand,238,0,0,2,True,False,True,0.0,0.0
gross_gain,soccerinhand,239,0,0,2,True,False,True,0.0,0.0
gross_gain,soccerinhand,240,0,0,2,True,False,True,0.0,0.0
gross_gain,soccerinhand,241,0,0,2,True,False,True,0.0,0.0
gross_gain,soccerinhand,242,0,0,2,True,False,True,0.0,0.0
gross_gain,soccerinhand,244,0,0,2,True,False,True,0.0,0.0
gross_gain,soccerinhand,245,0,0,2,True,False,True,0.0,0.0
gross_gain,soccerinhand,246,0,0,2,True,False,True,0.0,0.0
gross_gain,soccerinhand,247,0,0,2,True,False,True,0.0,0.0
gross_gain,soccerinhand,248,0,0,2,True,False,True,0.0,0.0
gross_gain,soccerinhand,249,0,0,2,True,False,True,0.0,0.0
gross_gain,soccerinhand,250,0,0,2,True,False,True,0.0,0.0
gross_gain,soccerinhand,251,0,0,2,True,False,True,0.0,0.0
gross_gain,soccerinhand,252,0,0,2,True,False,True,0.0,0.0
gross_gain,soccerinhand,253,0,0,2,True,False,True,0.0,0.0
gross_gain,soccerinhand,254,0,0,2,True,False,True,0.0,0.0
gross_gain,soccerinhand,255,0,0,2,True,False,True,0.0,0.0
gross_gain,soccerinhand,256,0,0,2,True,False,True,0.0,0.0
gross_gain,soccerinhand,257,0,0,2,True,False,True,0.0,0.0
gross_gain,soccerinhand,258,0,0,2,True,False,True,0.0,0.0
gross_gain,soccerinhand,259,0,0,2,True,False,True,0.0,0.0
gross_gain,soccerinhand,260,0,0,2,True,False,True,0.0,0.0
gross_gain,soccerinhand,261,0,0,2,True,False,True,0.0,0.0
gross_gain,soccerinhand,262,0,0,2,True,False,True,0.0,0.0
gross_gain,soccerinhand,263,0,0,2,True,False,True,0.0,0.0
gross_gain,soccerinhand,264,0,0,2,True,False,True,0.0,0.0
gross_gain,soccerinhand,265,0,0,2,True,False,True,0.0,0.0
gross_gain,soccerinhand,266,0,0,2,True,False,True,0.0,0.0
gross_gain,soccerinhand,267,0,0,2,True,False,True,0.0,0.0
gross_gain,soccerinhand,268,0,0,2,True,False,True,0.0,0.0
gross_gain,soccerinhand,270,0,0,2,True,False,True,0.0,0.0
gross_gain,soccerinhand,271,0,0,2,True,False,True,0.0,0.0
gross_gain,soccerinhand,272,0,0,2,True,False,True,0.0,0.0
gross_gain,soccerinhand,273,0,0,2,True,False,True,0.0,0.0
gross_gain,soccerinhand,274,0,0,2,True,False,True,0.0,0.0
gross_gain,soccerinhand,275,0,0,2,True,False,True,0.0,0.0
gross_gain,soccerinhand,276,0,0,2,True,False,True,0.0,0.0
gross_gain,soccerinhand,278,0,0,2,True,False,True,0.0,0.0
gross_gain,soccerinhand,279,0,0,2,True,False,True,0.0,0.0
gross_gain,soccerinhand,280,0,0,2,True,False,True,0.0,0.0
gross_gain,soccerinhand,281,0,0,2,True,False,True,0.0,0.0
gross_gain,soccerinhand,282,0,0,2,True,False,True,0.0,0.0
gross_gain,soccerinhand,283,0,0,2,True,False,True,0.0,0.0
gross_gain,soccerinhand,284,0,0,2,True,False,True,0.0,0.0
gross_gain,soccerinhand,285,0,0,2,True,False,True,0.0,0.0
gross_gain,soccerinhand,286,0,0,2,True,False,True,0.0,0.0
gross_gain,soccerinhand,287,0,0,2,True,False,True,0.0,0.0
gross_gain,soccerinhand,288,0,0,2,True,False,True,0.0,0.0
gross_gain,soccerinhand,289,0,0,2,True,False,True,0.0,0.0
gross_gain,soccerinhand,290,0,0,2,True,False,True,0.0,0.0
gross_gain,soccerinhand,291,0,0,2,True,False,True,0.0,0.0
gross_gain,soccerinhand,292,0,0,2,True,False,True,0.0,0.0
gross_gain,soccerinhand,293,0,0,2,True,False,True,0.0,0.0
gross_gain,soccerinhand,294,0,0,2,True,False,True,0.0,0.0
gross_gain,soccerinhand,295,0,0,2,True,False,True,0.0,0.0
gross_gain,soccerinhand,296,0,0,2,True,False,True,0.0,0.0
gross_gain,soccerinhand,297,0,0,2,True,False,True,0.0,0.0
gross_gain,soccerinhand,298,0,0,2,True,False,True,0.0,0.0
gross_gain,soccerinhand,299,0,0,2,True,False,True,0.0,0.0
gross_gain,soccerinhand,300,0,0,2,True,False,True,0.0,0.0
gross_gain,soccerinhand,301,0,0,2,True,False,True,0.0,0.0
gross_gain,soccerinhand,302,0,0,2,True,False,True,0.0,0.0
gross_gain,soccerinhand,303,0,0,2,True,False,True,0.0,0.0
gross_gain,soccerinhand,304,0,0,2,True,False,True,0.0,0.0
gross_gain,soccerinhand,305,0,0,2,True,False,True,0.0,0.0
gross_gain,soccerinhand,306,0,0,2,True,False,True,0.0,0.0
gross_gain,soccerinhand,307,0,0,2,True,False,True,0.0,0.0
gross_gain,soccerinhand,308,0,0,2,True,False,True,0.0,0.0
gross_gain,soccerinhand,309,0,0,2,True,False,True,0.0,0.0
gross_gain,soccerinhand,310,0,0,2,True,False,True,0.0,0.0
gross_gain,soccerinhand,311,0,0,2,True,False,True,0.0,0.0
gross_gain,soccerinhand,312,0,0,2,True,False,True,0.0,0.0
gross_gain,soccerinhand,313,0,0,2,True,False,True,0.0,0.0
gross_gain,soccerinhand,314,0,0,2,True,False,True,0.0,0.0
gross_gain,soccerinhand,315,0,0,2,True,False,True,0.0,0.0
gross_gain,soccerinhand,316,0,0,2,True,False,True,0.0,0.0
gross_gain,soccerinhand,317,0,0,2,True,False,True,0.0,0.0
gross_gain,soccerinhand,318,0,0,2,True,False,True,0.0,0.0
gross_gain,soccerinhand,319,0,0,2,True,False,True,0.0,0.0
gross_gain,soccerinhand,320,0,0,2,True,False,True,0.0,0.0
gross_gain,soccerinhand,321,0,0,2,True,False,True,0.0,0.0
gross_gain,soccerinhand,322,0,0,2,True,False,True,0.0,0.0
gross_gain,soccerinhand,323,0,0,2,True,False,True,0.0,0.0
gross_gain,soccerinhand,324,0,0,2,True,False,True,0.0,0.0
gross_gain,soccerinhand,325,0,0,2,True,False,True,0.0,0.0
gross_gain,soccerinhand,326,0,0,2,True,False,True,0.0,0.0
gross_gain,soccerinhand,327,0,0,2,True,False,True,0.0,0.0
gross_gain,soccerinhand,328,0,0,2,True,False,True,0.0,0.0
gross_gain,soccerinhand,329,0,0,2,True,False,True,0.0,0.0
gross_gain,soccerinhand,330,0,0,2,True,False,True,0.0,0.0
gross_gain,soccerinhand,332,0,0,2,True,False,True,0.0,0.0
gross_gain,soccerinhand,333,0,0,2,True,False,True,0.0,0.0
gross_gain,soccerinhand,334,0,0,2,True,False,True,0.0,0.0
gross_gain,soccerinhand,335,0,0,2,True,False,True,0.0,0.0
gross_gain,soccerinhand,336,0,0,2,True,False,True,0.0,0.0
gross_gain,soccerinhand,337,0,0,2,True,False,True,0.0,0.0
gross_gain,soccerinhand,338,0,0,2,True,False,True,0.0,0.0
gross_gain,soccerinhand,339,0,0,2,True,False,True,0.0,0.0
gross_gain,soccerinhand,340,0,0,2,True,False,True,0.0,0.0
gross_gain,soccerinhand,341,0,0,2,True,False,True,0.0,0.0
gross_gain,soccerinhand,342,0,0,2,True,False,True,0.0,0.0
gross_gain,soccerinhand,343,0,0,2,True,False,True,0.0,0.0
gross_gain,soccerinhand,344,0,0,2,True,False,True,0.0,0.0
gross_gain,soccerinhand,345,0,0,2,True,False,True,0.0,0.0
gross_gain,soccerinhand,346,0,0,2,True,False,True,0.0,0.0
gross_gain,soccerinhand,347,0,0,2,True,False,True,0.0,0.0
gross_gain,soccerinhand,348,0,0,2,True,False,True,0.0,0.0
gross_gain,soccerinhand,349,0,0,2,True,False,True,0.0,0.0
gross_gain,soccerinhand,350,0,0,2,True,False,True,0.0,0.0
gross_gain,soccerinhand,351,0,0,2,True,False,True,0.0,0.0
gross_gain,soccerinhand,352,0,0,2,True,False,True,0.0,0.0
gross_gain,soccerinhand,353,0,0,2,True,False,True,0.0,0.0
gross_gain,soccerinhand,354,0,0,2,True,False,True,0.0,0.0
gross_gain,soccerinhand,355,0,0,2,True,False,True,0.0,0.0
gross_gain,soccerinhand,356,0,0,2,True,False,True,0.0,0.0
gross_gain,soccerinhand,357,0,0,2,True,False,True,0.0,0.0
gross_gain,soccerinhand,358,0,0,2,True,False,True,0.0,0.0
gross_gain,soccerinhand,359,0,0,2,True,False,True,0.0,0.0
gross_gain,soccerinhand,360,0,0,2,True,False,True,0.0,0.0
gross_gain,soccerinhand,361,0,0,2,True,False,True,0.0,0.0
gross_gain,soccerinhand,362,0,0,2,True,False,True,0.0,0.0
gross_gain,soccerinhand,363,0,0,2,True,False,True,0.0,0.0
gross_gain,soccerinhand,364,0,0,2,True,False,True,0.0,0.0
gross_gain,soccerinhand,365,0,0,2,True,False,True,0.0,0.0
gross_gain,soccerinhand,366,0,0,2,True,False,True,0.0,0.0
gross_gain,soccerinhand,367,0,0,2,True,False,True,0.0,0.0
gross_gain,soccerinhand,368,0,0,2,True,False,True,0.0,0.0
gross_gain,soccerinhand,370,0,0,2,True,False,True,0.0,0.0
gross_gain,soccerinhand,371,0,0,2,True,False,True,0.0,0.0
gross_gain,soccerinhand,372,0,0,2,True,False,True,0.0,0.0
gross_gain,soccerinhand,373,0,0,2,True,False,True,0.0,0.0
gross_gain,soccerinhand,374,0,0,2,True,False,True,0.0,0.0
gross_gain,soccerinhand,375,0,0,2,True,False,True,0.0,0.0
gross_gain,soccerinhand,376,0,0,2,True,False,True,0.0,0.0
gross_gain,soccerinhand,377,0,0,2,True,False,True,0.0,0.0
gross_gain,soccerinhand,378,0,0,2,True,False,True,0.0,0.0
gross_gain,soccerinhand,379,0,0,2,True,False,True,0.0,0.0
gross_gain,soccerinhand,380,0,0,2,True,False,True,0.0,0.0
gross_gain,soccerinhand,381,0,0,2,True,False,True,0.0,0.0
gross_gain,soccerinhand,382,0,0,2,True,False,True,0.0,0.0
gross_gain,soccerinhand,383,0,0,2,True,False,True,0.0,0.0
gross_gain,soccerinhand,384,0,0,2,True,False,True,0.0,0.0
gross_gain,soccerinhand,385,0,0,2,True,False,True,0.0,0.0
gross_gain,soccerinhand,387,0,0,2,True,False,True,0.0,0.0
gross_gain,soccerinhand,388,0,0,2,True,False,True,0.0,0.0
gross_gain,soccerinhand,389,0,0,2,True,False,True,0.0,0.0
gross_gain,soccerinhand,390,0,0,2,True,False,True,0.0,0.0
gross_gain,soccerinhand,391,0,0,2,True,False,True,0.0,0.0
gross_gain,soccerinhand,392,0,0,2,True,False,True,0.0,0.0
gross_gain,soccerinhand,393,0,0,2,True,False,True,0.0,0.0
gross_gain,soccerinhand,394,0,0,2,True,False,True,0.0,0.0
gross_gain,soccerinhand,395,0,0,2,True,False,True,0.0,0.0
gross_gain,soccerinhand,396,0,0,2,True,False,True,0.0,0.0
gross_gain,soccerinhand,397,0,0,2,True,False,True,0.0,0.0
gross_gain,soccerinhand,398,0,0,2,True,False,True,0.0,0.0
gross_gain,soccerinhand,399,0,0,2,True,False,True,0.0,0.0
gross_gain,soccerinhand,400,0,0,2,True,False,True,0.0,0.0
gross_gain,soccerinhand,401,0,0,2,True,False,True,0.0,0.0
gross_gain,soccerinhand,402,0,0,2,True,False,True,0.0,0.0
gross_gain,soccerinhand,403,0,0,2,True,False,True,0.0,0.0
gross_gain,soccerinhand,404,0,0,2,True,False,True,0.0,0.0
gross_gain,soccerinhand,405,0,0,2,True,False,True,0.0,0.0
gross_gain,soccerinhand,406,0,0,2,True,False,True,0.0,0.0
gross_gain,soccerinhand,407,0,0,2,True,False,True,0.0,0.0
gross_gain,soccerinhand,408,0,0,2,True,False,True,0.0,0.0
gross_gain,soccerinhand,409,0,0,2,True,False,True,0.0,0.0
gross_gain,soccerinhand,410,0,0,2,True,False,True,0.0,0.0
gross_gain,soccerinhand,411,0,0,2,True,False,True,0.0,0.0
gross_gain,soccerinhand,412,0,0,2,True,False,True,0.0,0.0
gross_gain,soccerinhand,413,0,0,2,True,False,True,0.0,0.0
gross_gain,soccerinhand,414,0,0,2,True,False,True,0.0,0.0
gross_gain,soccerinhand,415,0,0,2,True,False,True,0.0,0.0
gross_gain,soccerinhand,416,0,0,2,True,False,True,0.0,0.0
gross_gain,soccerinhand,417,0,0,2,True,False,True,0.0,0.0
gross_gain,soccerinhand,418,0,0,2,True,False,True,0.0,0.0
gross_gain,soccerinhand,419,0,0,2,True,False,True,0.0,0.0
gross_gain,soccerinhand,420,0,0,2,True,False,True,0.0,0.0
gross_gain,soccerinhand,421,0,0,2,True,False,True,0.0,0.0
gross_gain,soccerinhand,422,0,0,2,True,False,True,0.0,0.0
gross_gain,soccerinhand,423,0,0,2,True,False,True,0.0,0.0
gross_gain,soccerinhand,424,0,0,2,True,False,True,0.0,0.0
gross_gain,soccerinhand,425,0,0,2,True,False,True,0.0,0.0
gross_gain,soccerinhand,426,0,0,2,True,False,True,0.0,0.0
gross_gain,soccerinhand,427,0,0,2,True,False,True,0.0,0.0
gross_gain,soccerinhand,428,0,0,2,True,False,True,0.0,0.0
gross_gain,soccerinhand,429,0,0,2,True,False,True,0.0,0.0
gross_gain,soccerinhand,430,0,0,2,True,False,True,0.0,0.0
gross_gain,soccerinhand,431,0,0,2,True,False,True,0.0,0.0
gross_gain,soccerinhand,432,0,0,2,True,False,True,0.0,0.0
gross_gain,soccerinhand,434,0,0,2,True,False,True,0.0,0.0
gross_gain,soccerinhand,435,0,0,2,True,False,True,0.0,0.0
gross_gain,soccerinhand,437,0,0,2,True,False,True,0.0,0.0
gross_gain,soccerinhand,438,0,0,2,True,False,True,0.0,0.0
gross_gain,soccerinhand,439,0,0,2,True,False,True,0.0,0.0
gross_gain,soccerinhand,440,0,0,2,True,False,True,0.0,0.0
gross_gain,soccerinhand,442,0,0,2,True,False,True,0.0,0.0
gross_gain,soccerinhand,443,0,0,2,True,False,True,0.0,0.0
gross_gain,soccerinhand,444,0,0,2,True,False,True,0.0,0.0
gross_gain,soccerinhand,445,0,0,2,True,False,True,0.0,0.0
gross_gain,soccerinhand,446,0,0,2,True,False,True,0.0,0.0
gross_gain,soccerinhand,447,0,0,2,True,False,True,0.0,0.0
gross_gain,soccerinhand,448,0,0,2,True,False,True,0.0,0.0
gross_gain,soccerinhand,449,0,0,2,True,False,True,0.0,0.0
gross_gain,soccerinhand,450,0,0,2,True,False,True,0.0,0.0
gross_gain,soccerinhand,451,0,0,2,True,False,True,0.0,0.0
gross_gain,soccerinhand,452,0,0,2,True,False,True,0.0,0.0
gross_gain,soccerinhand,453,0,0,2,True,False,True,0.0,0.0
gross_gain,soccerinhand,454,0,0,2,True,False,True,0.0,0.0
gross_gain,soccerinhand,455,0,0,2,True,False,True,0.0,0.0
gross_gain,soccerinhand,456,0,0,2,True,False,True,0.0,0.0
gross_gain,soccerinhand,457,0,0,2,True,False,True,0.0,0.0
gross_gain,soccerinhand,458,0,0,2,True,False,True,0.0,0.0
gross_gain,soccerinhand,459,0,0,2,True,False,True,0.0,0.0
gross_gain,soccerinhand,460,0,0,2,True,False,True,0.0,0.0
gross_gain,soccerinhand,461,0,0,2,True,False,True,0.0,0.0
gross_gain,soccerinhand,462,0,0,2,True,False,True,0.0,0.0
gross_gain,soccerinhand,463,0,0,2,True,False,True,0.0,0.0
gross_gain,soccerinhand,464,0,0,2,True,False,True,0.0,0.0
gross_gain,soccerinhand,465,0,0,2,True,False,True,0.0,0.0
gross_gain,soccerinhand,466,0,0,2,True,False,True,0.0,0.0
gross_gain,soccerinhand,467,0,0,2,True,False,True,0.0,0.0
gross_gain,soccerinhand,468,0,0,2,True,False,True,0.0,0.0
gross_gain,soccerinhand,469,0,0,2,True,False,True,0.0,0.0
gross_gain,soccerinhand,470,0,0,2,True,False,True,0.0,0.0
gross_gain,soccerinhand,471,0,0,2,True,False,True,0.0,0.0
gross_gain,soccerinhand,472,0,0,2,True,False,True,0.0,0.0
gross_gain,soccerinhand,473,0,0,2,True,False,True,0.0,0.0
gross_gain,soccerinhand,474,0,0,2,True,False,True,0.0,0.0
gross_gain,soccerinhand,475,0,0,2,True,False,True,0.0,0.0
gross_gain,soccerinhand,476,0,0,2,True,False,True,0.0,0.0
gross_gain,soccerinhand,477,0,0,2,True,False,True,0.0,0.0
gross_gain,soccerinhand,478,0,0,2,True,False,True,0.0,0.0
gross_gain,soccerinhand,479,0,0,2,True,False,True,0.0,0.0
gross_gain,soccerinhand,481,0,0,2,True,False,True,0.0,0.0
gross_gain,soccerinhand,483,0,0,2,True,False,True,0.0,0.0
gross_gain,soccerinhand,484,0,0,2,True,False,True,0.0,0.0
gross_gain,soccerinhand,485,0,0,2,True,False,True,0.0,0.0
gross_gain,soccerinhand,486,0,0,2,True,False,True,0.0,0.0
gross_gain,soccerinhand,487,0,0,2,True,False,True,0.0,0.0
gross_gain,soccerinhand,488,0,0,2,True,False,True,0.0,0.0
gross_gain,soccerinhand,489,0,0,2,True,False,True,0.0,0.0
gross_gain,soccerinhand,490,0,0,2,True,False,True,0.0,0.0
gross_gain,soccerinhand,491,0,0,2,True,False,True,0.0,0.0
gross_gain,soccerinhand,492,0,0,2,True,False,True,0.0,0.0
gross_gain,soccerinhand,493,0,0,2,True,False,True,0.0,0.0
gross_gain,soccerinhand,494,0,0,2,True,False,True,0.0,0.0
gross_gain,soccerinhand,495,0,0,2,True,False,True,0.0,0.0
gross_gain,soccerinhand,496,0,0,2,True,False,True,0.0,0.0
gross_gain,soccerinhand,497,0,0,2,True,False,True,0.0,0.0
gross_gain,soccerinhand,498,0,0,2,True,False,True,0.0,0.0
gross_gain,soccerinhand,499,0,0,2,True,False,True,0.0,0.0
gross_gain,soccerinhand,500,0,0,2,True,False,True,0.0,0.0
gross_gain,soccerinhand,501,0,0,2,True,False,True,0.0,0.0
gross_gain,soccerinhand,502,0,0,2,True,False,True,0.0,0.0
gross_gain,soccerinhand,503,0,0,2,True,False,True,0.0,0.0
gross_gain,soccerinhand,504,0,0,2,True,False,True,0.0,0.0
gross_gain,soccerinhand,505,0,0,2,True,False,True,0.0,0.0
gross_gain,soccerinhand,506,0,0,2,True,False,True,0.0,0.0
gross_gain,soccerinhand,507,0,0,2,True,False,True,0.0,0.0
gross_gain,soccerinhand,508,0,0,2,True,False,True,0.0,0.0
gross_gain,soccerinhand,509,0,0,2,True,False,True,0.0,0.0
gross_gain,soccerinhand,511,0,0,2,True,False,True,0.0,0.0
gross_gain,soccerinhand,512,0,0,2,True,False,True,0.0,0.0
gross_gain,soccerinhand,513,0,0,2,True,False,True,0.0,0.0
gross_gain,soccerinhand,514,0,0,2,True,False,True,0.0,0.0
gross_gain,soccerinhand,516,0,0,2,True,False,True,0.0,0.0
gross_gain,soccerinhand,517,0,0,2,True,False,True,0.0,0.0
gross_gain,soccerinhand,518,0,0,2,True,False,True,0.0,0.0
gross_gain,soccerinhand,519,0,0,2,True,False,True,0.0,0.0
gross_gain,soccerinhand,520,0,0,2,True,False,True,0.0,0.0
gross_gain,soccerinhand,521,0,0,2,True,False,True,0.0,0.0
gross_gain,soccerinhand,522,0,0,2,True,False,True,0.0,0.0
gross_gain,soccerinhand,523,0,0,2,True,False,True,0.0,0.0
gross_gain,soccerinhand,524,0,0,2,True,False,True,0.0,0.0
gross_gain,soccerinhand,525,0,0,2,True,False,True,0.0,0.0
gross_gain,soccerinhand,526,0,0,2,True,False,True,0.0,0.0
gross_gain,soccerinhand,527,0,0,2,True,False,True,0.0,0.0
gross_gain,soccerinhand,528,0,0,2,True,False,True,0.0,0.0
gross_gain,soccerinhand,530,0,0,2,True,False,True,0.0,0.0
gross_gain,soccerinhand,532,0,0,2,True,False,True,0.0,0.0
gross_gain,soccerinhand,533,0,0,2,True,False,True,0.0,0.0
gross_gain,soccerinhand,534,0,0,2,True,False,True,0.0,0.0
gross_gain,soccerinhand,535,0,0,2,True,False,True,0.0,0.0
gross_gain,soccerinhand,536,0,0,2,True,False,True,0.0,0.0
gross_gain,soccerinhand,537,0,0,2,True,False,True,0.0,0.0
gross_gain,soccerinhand,538,0,0,2,True,False,True,0.0,0.0
gross_gain,soccerinhand,539,0,0,2,True,False,True,0.0,0.0
gross_gain,soccerinhand,540,0,0,2,True,False,True,0.0,0.0
gross_gain,soccerinhand,541,0,0,2,True,False,True,0.0,0.0
gross_gain,soccerinhand,542,0,0,2,True,False,True,0.0,0.0
gross_gain,soccerinhand,543,0,0,2,True,False,True,0.0,0.0
gross_gain,soccerinhand,544,0,0,2,True,False,True,0.0,0.0
gross_gain,soccerinhand,545,0,0,2,True,False,True,0.0,0.0
gross_gain,soccerinhand,546,0,0,2,True,False,True,0.0,0.0
gross_gain,soccerinhand,547,0,0,2,True,False,True,0.0,0.0
gross_gain,soccerinhand,548,0,0,2,True,False,True,0.0,0.0
gross_gain,soccerinhand,549,0,0,2,True,False,True,0.0,0.0
gross_gain,soccerinhand,550,0,0,2,True,False,True,0.0,0.0
gross_gain,soccerinhand,551,0,0,2,True,False,True,0.0,0.0
gross_gain,soccerinhand,552,0,0,2,True,False,True,0.0,0.0
gross_gain,soccerinhand,553,0,0,2,True,False,True,0.0,0.0
gross_gain,soccerinhand,554,0,0,2,True,False,True,0.0,0.0
gross_gain,soccerinhand,555,0,0,2,True,False,True,0.0,0.0
gross_gain,soccerinhand,556,0,0,2,True,False,True,0.0,0.0
gross_gain,soccerinhand,557,0,0,2,True,False,True,0.0,0.0
gross_gain,soccerinhand,559,0,0,2,True,False,True,0.0,0.0
gross_gain,soccerinhand,560,0,0,2,True,False,True,0.0,0.0
gross_gain,soccerinhand,561,0,0,2,True,False,True,0.0,0.0
gross_gain,soccerinhand,562,0,0,2,True,False,True,0.0,0.0
gross_gain,soccerinhand,563,0,0,2,True,False,True,0.0,0.0
gross_gain,soccerinhand,564,0,0,2,True,False,True,0.0,0.0
gross_gain,soccerinhand,565,0,0,2,True,False,True,0.0,0.0
gross_gain,soccerinhand,566,0,0,2,True,False,True,0.0,0.0
gross_gain,soccerinhand,567,0,0,2,True,False,True,0.0,0.0
gross_gain,soccerinhand,568,0,0,2,True,False,True,0.0,0.0
gross_gain,soccerinhand,569,0,0,2,True,False,True,0.0,0.0
gross_gain,soccerinhand,570,0,0,2,True,False,True,0.0,0.0
gross_gain,soccerinhand,571,0,0,2,True,False,True,0.0,0.0
gross_gain,soccerinhand,572,0,0,2,True,False,True,0.0,0.0
gross_gain,soccerinhand,573,0,0,2,True,False,True,0.0,0.0
gross_gain,soccerinhand,574,0,0,2,True,False,True,0.0,0.0
gross_gain,soccerinhand,575,0,0,2,True,False,True,0.0,0.0
gross_gain,soccerinhand,576,0,0,2,True,False,True,0.0,0.0
gross_gain,soccerinhand,577,0,0,2,True,False,True,0.0,0.0
gross_gain,soccerinhand,578,0,0,2,True,False,True,0.0,0.0
gross_gain,soccerinhand,579,0,0,2,True,False,True,0.0,0.0
gross_gain,soccerinhand,580,0,0,2,True,False,True,0.0,0.0
gross_gain,soccerinhand,581,0,0,2,True,False,True,0.0,0.0
gross_gain,soccerinhand,582,0,0,2,True,False,True,0.0,0.0
gross_gain,soccerinhand,583,0,0,2,True,False,True,0.0,0.0
gross_gain,soccerinhand,584,0,0,2,True,False,True,0.0,0.0
gross_gain,soccerinhand,585,0,0,2,True,False,True,0.0,0.0
gross_gain,soccerinhand,586,0,0,2,True,False,True,0.0,0.0
gross_gain,soccerinhand,587,0,0,2,True,False,True,0.0,0.0
gross_gain,soccerinhand,588,0,0,2,True,False,True,0.0,0.0
gross_gain,soccerinhand,589,0,0,2,True,False,True,0.0,0.0
gross_gain,soccerinhand,590,0,0,2,True,False,True,0.0,0.0
gross_gain,soccerinhand,591,0,0,2,True,False,True,0.0,0.0
gross_gain,soccerinhand,592,0,0,2,True,False,True,0.0,0.0
gross_gain,soccerinhand,593,0,0,2,True,False,True,0.0,0.0
gross_gain,soccerinhand,594,0,0,2,True,False,True,0.0,0.0
gross_gain,soccerinhand,595,0,0,2,True,False,True,0.0,0.0
gross_gain,soccerinhand,596,0,0,2,True,False,True,0.0,0.0
gross_gain,soccerinhand,597,0,0,2,True,False,True,0.0,0.0
gross_gain,soccerinhand,598,0,0,2,True,False,True,0.0,0.0
gross_gain,soccerinhand,599,0,0,2,True,False,True,0.0,0.0
gross_gain,soccerinhand,600,0,0,2,True,False,True,0.0,0.0
gross_gain,soccerinhand,601,0,0,2,True,False,True,0.0,0.0
gross_gain,soccerinhand,602,0,0,2,True,False,True,0.0,0.0
gross_gain,soccerinhand,603,0,0,2,True,False,True,0.0,0.0
gross_gain,soccerinhand,604,0,0,2,True,False,True,0.0,0.0
gross_gain,soccerinhand,605,0,0,2,True,False,True,0.0,0.0
gross_gain,soccerinhand,606,0,0,2,True,False,True,0.0,0.0
gross_gain,soccerinhand,607,0,0,2,True,False,True,0.0,0.0
gross_gain,soccerinhand,608,0,0,2,True,False,True,0.0,0.0
gross_gain,soccerinhand,609,0,0,2,True,False,True,0.0,0.0
gross_gain,soccerinhand,610,0,0,2,True,False,True,0.0,0.0
gross_gain,soccerinhand,611,0,0,2,True,False,True,0.0,0.0
gross_gain,soccerinhand,612,0,0,2,True,False,True,0.0,0.0
gross_gain,soccerinhand,613,0,0,2,True,False,True,0.0,0.0
gross_gain,soccerinhand,614,0,0,2,True,False,True,0.0,0.0
gross_gain,soccerinhand,615,0,0,2,True,False,True,0.0,0.0
gross_gain,soccerinhand,616,0,0,2,True,False,True,0.0,0.0
gross_gain,soccerinhand,617,0,0,2,True,False,True,0.0,0.0
gross_gain,soccerinhand,618,0,0,2,True,False,True,0.0,0.0
gross_gain,soccerinhand,619,0,0,2,True,False,True,0.0,0.0
gross_gain,soccerinhand,620,0,0,2,True,False,True,0.0,0.0
gross_gain,soccerinhand,621,0,0,2,True,False,True,0.0,0.0
gross_gain,soccerinhand,622,0,0,2,True,False,True,0.0,0.0
gross_gain,soccerinhand,623,0,0,2,True,False,True,0.0,0.0
gross_gain,soccerinhand,624,0,0,2,True,False,True,0.0,0.0
gross_gain,soccerinhand,625,0,0,2,True,False,True,0.0,0.0
gross_gain,soccerinhand,626,0,0,2,True,False,True,0.0,0.0
gross_gain,soccerinhand,627,0,0,2,True,False,True,0.0,0.0
gross_gain,soccerinhand,628,0,0,2,True,False,True,0.0,0.0
gross_gain,soccerinhand,629,0,0,2,True,False,True,0.0,0.0
gross_gain,soccerinhand,630,0,0,2,True,False,True,0.0,0.0
gross_gain,soccerinhand,631,0,0,2,True,False,True,0.0,0.0
gross_gain,soccerinhand,632,0,0,2,True,False,True,0.0,0.0
gross_gain,soccerinhand,633,0,0,2,True,False,True,0.0,0.0
gross_gain,soccerinhand,635,0,0,2,True,False,True,0.0,0.0
gross_gain,soccerinhand,636,0,0,2,True,False,True,0.0,0.0
gross_gain,soccerinhand,637,0,0,2,True,False,True,0.0,0.0
gross_gain,soccerinhand,638,0,0,2,True,False,True,0.0,0.0
gross_gain,soccerinhand,639,0,0,2,True,False,True,0.0,0.0
gross_gain,soccerinhand,640,0,0,2,True,False,True,0.0,0.0
gross_gain,soccerinhand,641,0,0,2,True,False,True,0.0,0.0
gross_gain,soccerinhand,642,0,0,2,True,False,True,0.0,0.0
gross_gain,soccerinhand,643,0,0,2,True,False,True,0.0,0.0
gross_gain,soccerinhand,644,0,0,2,True,False,True,0.0,0.0
gross_gain,soccerinhand,645,0,0,2,True,False,True,0.0,0.0
gross_gain,soccerinhand,646,0,0,2,True,False,True,0.0,0.0
gross_gain,soccerinhand,647,0,0,2,True,False,True,0.0,0.0
gross_gain,soccerinhand,648,0,0,2,True,False,True,0.0,0.0
gross_gain,soccerinhand,649,0,0,2,True,False,True,0.0,0.0
gross_gain,soccerinhand,650,0,0,2,True,False,True,0.0,0.0
gross_gain,soccerinhand,651,0,0,2,True,False,True,0.0,0.0
gross_gain,soccerinhand,652,0,0,2,True,False,True,0.0,0.0
gross_gain,soccerinhand,653,0,0,2,True,False,True,0.0,0.0
gross_gain,soccerinhand,654,0,0,2,True,False,True,0.0,0.0
gross_gain,soccerinhand,655,0,0,2,True,False,True,0.0,0.0
gross_gain,soccerinhand,656,0,0,2,True,False,True,0.0,0.0
gross_gain,soccerinhand,658,0,0,2,True,False,True,0.0,0.0
gross_gain,soccerinhand,659,0,0,2,True,False,True,0.0,0.0
gross_gain,soccerinhand,660,0,0,2,True,False,True,0.0,0.0
gross_gain,soccerinhand,661,0,0,2,True,False,True,0.0,0.0
gross_gain,soccerinhand,662,0,0,2,True,False,True,0.0,0.0
gross_gain,soccerinhand,663,0,0,2,True,False,True,0.0,0.0
gross_gain,soccerinhand,664,0,0,2,True,False,True,0.0,0.0
gross_gain,soccerinhand,665,0,0,2,True,False,True,0.0,0.0
gross_gain,soccerinhand,666,0,0,2,True,False,True,0.0,0.0
gross_gain,soccerinhand,667,0,0,2,True,False,True,0.0,0.0
gross_gain,soccerinhand,668,0,0,2,True,False,True,0.0,0.0
gross_gain,soccerinhand,669,0,0,2,True,False,True,0.0,0.0
gross_gain,soccerinhand,670,0,0,2,True,False,True,0.0,0.0
gross_gain,soccerinhand,671,0,0,2,True,False,True,0.0,0.0
gross_gain,soccerinhand,672,0,0,2,True,False,True,0.0,0.0
gross_gain,soccerinhand,673,0,0,2,True,False,True,0.0,0.0
gross_gain,soccerinhand,674,0,0,2,True,False,True,0.0,0.0
gross_gain,soccerinhand,675,0,0,2,True,False,True,0.0,0.0
gross_gain,soccerinhand,676,0,0,2,True,False,True,0.0,0.0
gross_gain,soccerinhand,677,0,0,2,True,False,True,0.0,0.0
gross_gain,soccerinhand,678,0,0,2,True,False,True,0.0,0.0
gross_gain,soccerinhand,679,0,0,2,True,False,True,0.0,0.0
gross_gain,soccerinhand,680,0,0,2,True,False,True,0.0,0.0
gross_gain,soccerinhand,681,0,0,2,True,False,True,0.0,0.0
gross_gain,soccerinhand,682,0,0,2,True,False,True,0.0,0.0
gross_gain,soccerinhand,683,0,0,2,True,False,True,0.0,0.0
gross_gain,soccerinhand,684,0,0,2,True,False,True,0.0,0.0
gross_gain,soccerinhand,685,0,0,2,True,False,True,0.0,0.0
gross_gain,soccerinhand,686,0,0,2,True,False,True,0.0,0.0
gross_gain,soccerinhand,687,0,0,2,True,False,True,0.0,0.0
gross_gain,soccerinhand,688,0,0,2,True,False,True,0.0,0.0
gross_gain,soccerinhand,689,0,0,2,True,False,True,0.0,0.0
gross_gain,soccerinhand,690,0,0,2,True,False,True,0.0,0.0
gross_gain,soccerinhand,691,0,0,2,True,False,True,0.0,0.0
gross_gain,soccerinhand,692,0,0,2,True,False,True,0.0,0.0
gross_gain,soccerinhand,693,0,0,2,True,False,True,0.0,0.0
gross_gain,soccerinhand,694,0,0,2,True,False,True,0.0,0.0
gross_gain,soccerinhand,695,0,0,2,True,False,True,0.0,0.0
gross_gain,soccerinhand,696,0,0,2,True,False,True,0.0,0.0
gross_gain,soccerinhand,697,0,0,2,True,False,True,0.0,0.0
gross_gain,soccerinhand,698,0,0,2,True,False,True,0.0,0.0
gross_gain,soccerinhand,699,0,0,2,True,False,True,0.0,0.0
gross_gain,soccerinhand,700,0,0,2,True,False,True,0.0,0.0
gross_gain,soccerinhand,701,0,0,2,True,False,True,0.0,0.0
gross_gain,soccerinhand,702,0,0,2,True,False,True,0.0,0.0
gross_gain,soccerinhand,703,0,0,2,True,False,True,0.0,0.0
gross_gain,soccerinhand,704,0,0,2,True,False,True,0.0,0.0
gross_gain,soccerinhand,705,0,0,2,True,False,True,0.0,0.0
gross_gain,soccerinhand,706,0,0,2,True,False,True,0.0,0.0
gross_gain,soccerinhand,707,0,0,2,True,False,True,0.0,0.0
gross_gain,soccerinhand,708,0,0,2,True,False,True,0.0,0.0
gross_gain,soccerinhand,709,0,0,2,True,False,True,0.0,0.0
gross_gain,soccerinhand,710,0,0,2,True,False,True,0.0,0.0
gross_gain,soccerinhand,711,0,0,2,True,False,True,0.0,0.0
gross_gain,soccerinhand,712,0,0,2,True,False,True,0.0,0.0
gross_gain,soccerinhand,713,0,0,2,True,False,True,0.0,0.0
gross_gain,soccerinhand,714,0,0,2,True,False,True,0.0,0.0
gross_gain,soccerinhand,715,0,0,2,True,False,True,0.0,0.0
gross_gain,soccerinhand,716,0,0,2,True,False,True,0.0,0.0
gross_gain,soccerinhand,718,0,0,2,True,False,True,0.0,0.0
gross_gain,soccerinhand,719,0,0,2,True,False,True,0.0,0.0
gross_gain,soccerinhand,720,0,0,2,True,False,True,0.0,0.0
gross_gain,soccerinhand,721,0,0,2,True,False,True,0.0,0.0
gross_gain,soccerinhand,722,0,0,2,True,False,True,0.0,0.0
gross_gain,soccerinhand,723,0,0,2,True,False,True,0.0,0.0
gross_gain,soccerinhand,724,0,0,2,True,False,True,0.0,0.0
gross_gain,soccerinhand,725,0,0,2,True,False,True,0.0,0.0
gross_gain,soccerinhand,726,0,0,2,True,False,True,0.0,0.0
gross_gain,soccerinhand,727,0,0,2,True,False,True,0.0,0.0
gross_gain,soccerinhand,728,0,0,2,True,False,True,0.0,0.0
gross_gain,soccerinhand,729,0,0,2,True,False,True,0.0,0.0
gross_gain,soccerinhand,730,0,0,2,True,False,True,0.0,0.0
gross_gain,soccerinhand,731,0,0,2,True,False,True,0.0,0.0
gross_gain,soccerinhand,732,0,0,2,True,False,True,0.0,0.0
gross_gain,soccerinhand,733,0,0,2,True,False,True,0.0,0.0
gross_gain,soccerinhand,734,0,0,2,True,False,True,0.0,0.0
gross_gain,soccerinhand,735,0,0,2,True,False,True,0.0,0.0
gross_gain,soccerinhand,736,0,0,2,True,False,True,0.0,0.0
gross_gain,soccerinhand,737,0,0,2,True,False,True,0.0,0.0
gross_gain,soccerinhand,738,0,0,2,True,False,True,0.0,0.0
gross_gain,soccerinhand,739,0,0,2,True,False,True,0.0,0.0
gross_gain,soccerinhand,740,0,0,2,True,False,True,0.0,0.0
gross_gain,soccerinhand,741,0,0,2,True,False,True,0.0,0.0
gross_gain,soccerinhand,742,0,0,2,True,False,True,0.0,0.0
gross_gain,soccerinhand,743,0,0,2,True,False,True,0.0,0.0
gross_gain,soccerinhand,744,0,0,2,True,False,True,0.0,0.0
gross_gain,soccerinhand,745,0,0,2,True,False,True,0.0,0.0
gross_gain,soccerinhand,746,0,0,2,True,False,True,0.0,0.0
gross_gain,soccerinhand,747,0,0,2,True,False,True,0.0,0.0
gross_gain,soccerinhand,748,0,0,2,True,False,True,0.0,0.0
gross_gain,soccerinhand,749,0,0,2,True,False,True,0.0,0.0
gross_gain,soccerinhand,750,0,0,2,True,False,True,0.0,0.0
gross_gain,soccerinhand,751,0,0,2,True,False,True,0.0,0.0
gross_gain,soccerinhand,752,0,0,2,True,False,True,0.0,0.0
gross_gain,soccerinhand,753,0,0,2,True,False,True,0.0,0.0
gross_gain,soccerinhand,754,0,0,2,True,False,True,0.0,0.0
gross_gain,soccerinhand,755,0,0,2,True,False,True,0.0,0.0
gross_gain,soccerinhand,756,0,0,2,True,False,True,0.0,0.0
gross_gain,soccerinhand,757,0,0,2,True,False,True,0.0,0.0
gross_gain,soccerinhand,758,0,0,2,True,False,True,0.0,0.0
gross_gain,soccerinhand,759,0,0,2,True,False,True,0.0,0.0
gross_gain,soccerinhand,760,0,0,2,True,False,True,0.0,0.0
gross_gain,soccerinhand,761,0,0,2,True,False,True,0.0,0.0
gross_gain,soccerinhand,762,0,0,2,True,False,True,0.0,0.0
gross_gain,soccerinhand,763,0,0,2,True,False,True,0.0,0.0
gross_gain,soccerinhand,764,0,0,2,True,False,True,0.0,0.0
gross_gain,soccerinhand,765,0,0,2,True,False,True,0.0,0.0
gross_gain,soccerinhand,766,0,0,2,True,False,True,0.0,0.0
gross_gain,soccerinhand,767,0,0,2,True,False,True,0.0,0.0
gross_gain,soccerinhand,768,0,0,2,True,False,True,0.0,0.0
gross_gain,soccerinhand,769,0,0,2,True,False,True,0.0,0.0
gross_gain,soccerinhand,770,0,0,2,True,False,True,0.0,0.0
gross_gain,soccerinhand,771,0,0,2,True,False,True,0.0,0.0
gross_gain,soccerinhand,772,0,0,2,True,False,True,0.0,0.0
gross_gain,soccerinhand,773,0,0,2,True,False,True,0.0,0.0
gross_gain,soccerinhand,774,0,0,2,True,False,True,0.0,0.0
gross_gain,soccerinhand,775,0,0,2,True,False,True,0.0,0.0
gross_gain,soccerinhand,776,0,0,2,True,False,True,0.0,0.0
gross_gain,soccerinhand,777,0,0,2,True,False,True,0.0,0.0
gross_gain,soccerinhand,778,0,0,2,True,False,True,0.0,0.0
gross_gain,soccerinhand,779,0,0,2,True,False,True,0.0,0.0
gross_gain,soccerinhand,780,0,0,2,True,False,True,0.0,0.0
gross_gain,soccerinhand,781,0,0,2,True,False,True,0.0,0.0
gross_gain,soccerinhand,782,0,0,2,True,False,True,0.0,0.0
gross_gain,soccerinhand,783,0,0,2,True,False,True,0.0,0.0
gross_gain,soccerinhand,784,0,0,2,True,False,True,0.0,0.0
gross_gain,soccerinhand,785,0,0,2,True,False,True,0.0,0.0
gross_gain,soccerinhand,787,0,0,2,True,False,True,0.0,0.0
gross_gain,soccerinhand,788,0,0,2,True,False,True,0.0,0.0
gross_gain,soccerinhand,789,0,0,2,True,False,True,0.0,0.0
gross_gain,soccerinhand,790,0,0,2,True,False,True,0.0,0.0
gross_gain,soccerinhand,791,0,0,2,True,False,True,0.0,0.0
gross_gain,soccerinhand,793,0,0,2,True,False,True,0.0,0.0
gross_gain,soccerinhand,795,0,0,2,True,False,True,0.0,0.0
gross_gain,soccerinhand,796,0,0,2,True,False,True,0.0,0.0
gross_gain,soccerinhand,797,0,0,2,True,False,True,0.0,0.0
gross_gain,soccerinhand,799,0,0,2,True,False,True,0.0,0.0
gross_gain,soccerinhand,800,0,0,2,True,False,True,0.0,0.0
gross_gain,soccerinhand,801,0,0,2,True,False,True,0.0,0.0
gross_gain,soccerinhand,802,0,0,2,True,False,True,0.0,0.0
gross_gain,soccerinhand,803,0,0,2,True,False,True,0.0,0.0
gross_gain,soccerinhand,804,0,0,2,True,False,True,0.0,0.0
gross_gain,soccerinhand,805,0,0,2,True,False,True,0.0,0.0
gross_gain,soccerinhand,806,0,0,2,True,False,True,0.0,0.0
gross_gain,soccerinhand,807,0,0,2,True,False,True,0.0,0.0
gross_gain,soccerinhand,808,0,0,2,True,False,True,0.0,0.0
gross_gain,soccerinhand,809,0,0,2,True,False,True,0.0,0.0
gross_gain,soccerinhand,810,0,0,2,True,False,True,0.0,0.0
gross_gain,soccerinhand,811,0,0,2,True,False,True,0.0,0.0
gross_gain,soccerinhand,812,0,0,2,True,False,True,0.0,0.0
gross_gain,soccerinhand,813,0,0,2,True,False,True,0.0,0.0
gross_gain,soccerinhand,814,0,0,2,True,False,True,0.0,0.0
gross_gain,soccerinhand,816,0,0,2,True,False,True,0.0,0.0
gross_gain,soccerinhand,817,0,0,2,True,False,True,0.0,0.0
gross_gain,soccerinhand,818,0,0,2,True,False,True,0.0,0.0
gross_gain,soccerinhand,819,0,0,2,True,False,True,0.0,0.0
gross_gain,soccerinhand,820,0,0,2,True,False,True,0.0,0.0
gross_gain,soccerinhand,821,0,0,2,True,False,True,0.0,0.0
gross_gain,soccerinhand,822,0,0,2,True,False,True,0.0,0.0
gross_gain,soccerinhand,823,0,0,2,True,False,True,0.0,0.0
gross_gain,soccerinhand,824,0,0,2,True,False,True,0.0,0.0
gross_gain,soccerinhand,825,0,0,2,True,False,True,0.0,0.0
gross_gain,soccerinhand,826,0,0,2,True,False,True,0.0,0.0
gross_gain,soccerinhand,827,0,0,2,True,False,True,0.0,0.0
gross_gain,soccerinhand,828,0,0,2,True,False,True,0.0,0.0
gross_gain,soccerinhand,829,0,0,2,True,False,True,0.0,0.0
gross_gain,soccerinhand,830,0,0,2,True,False,True,0.0,0.0
gross_gain,soccerinhand,831,0,0,2,True,False,True,0.0,0.0
gross_gain,soccerinhand,832,0,0,2,True,False,True,0.0,0.0
gross_gain,soccerinhand,833,0,0,2,True,False,True,0.0,0.0
gross_gain,soccerinhand,834,0,0,2,True,False,True,0.0,0.0
gross_gain,soccerinhand,835,0,0,2,True,False,True,0.0,0.0
gross_gain,soccerinhand,836,0,0,2,True,False,True,0.0,0.0
gross_gain,soccerinhand,837,0,0,2,True,False,True,0.0,0.0
gross_gain,soccerinhand,838,0,0,2,True,False,True,0.0,0.0
gross_gain,soccerinhand,839,0,0,2,True,False,True,0.0,0.0
gross_gain,soccerinhand,840,0,0,2,True,False,True,0.0,0.0
gross_gain,soccerinhand,841,0,0,2,True,False,True,0.0,0.0
gross_gain,soccerinhand,842,0,0,2,True,False,True,0.0,0.0
gross_gain,soccerinhand,843,0,0,2,True,False,True,0.0,0.0
gross_gain,soccerinhand,844,0,0,2,True,False,True,0.0,0.0
gross_gain,soccerinhand,845,0,0,2,True,False,True,0.0,0.0
gross_gain,soccerinhand,846,0,0,2,True,False,True,0.0,0.0
gross_gain,soccerinhand,847,0,0,2,True,False,True,0.0,0.0
gross_gain,soccerinhand,848,0,0,2,True,False,True,0.0,0.0
gross_gain,soccerinhand,849,0,0,2,True,False,True,0.0,0.0
gross_gain,soccerinhand,850,0,0,2,True,False,True,0.0,0.0
gross_gain,soccerinhand,851,0,0,2,True,False,True,0.0,0.0
gross_gain,soccerinhand,852,0,0,2,True,False,True,0.0,0.0
gross_gain,soccerinhand,853,0,0,2,True,False,True,0.0,0.0
gross_gain,soccerinhand,854,0,0,2,True,False,True,0.0,0.0
gross_gain,soccerinhand,855,0,0,2,True,False,True,0.0,0.0
gross_gain,soccerinhand,856,0,0,2,True,False,True,0.0,0.0
gross_gain,soccerinhand,857,0,0,2,True,False,True,0.0,0.0
gross_gain,soccerinhand,858,0,0,2,True,False,True,0.0,0.0
gross_gain,soccerinhand,859,0,0,2,True,False,True,0.0,0.0
gross_gain,soccerinhand,860,0,0,2,True,False,True,0.0,0.0
gross_gain,soccerinhand,861,0,0,2,True,False,True,0.0,0.0
gross_gain,soccerinhand,862,0,0,2,True,False,True,0.0,0.0
gross_gain,soccerinhand,863,0,0,2,True,False,True,0.0,0.0
gross_gain,soccerinhand,864,0,0,2,True,False,True,0.0,0.0
gross_gain,soccerinhand,865,0,0,2,True,False,True,0.0,0.0
gross_gain,soccerinhand,866,0,0,2,True,False,True,0.0,0.0
gross_gain,soccerinhand,867,0,0,2,True,False,True,0.0,0.0
gross_gain,soccerinhand,869,0,0,2,True,False,True,0.0,0.0
gross_gain,soccerinhand,870,0,0,2,True,False,True,0.0,0.0
gross_gain,soccerinhand,871,0,0,2,True,False,True,0.0,0.0
gross_gain,soccerinhand,872,0,0,2,True,False,True,0.0,0.0
gross_gain,soccerinhand,874,0,0,2,True,False,True,0.0,0.0
gross_gain,soccerinhand,875,0,0,2,True,False,True,0.0,0.0
gross_gain,soccerinhand,876,0,0,2,True,False,True,0.0,0.0
gross_gain,soccerinhand,877,0,0,2,True,False,True,0.0,0.0
gross_gain,soccerinhand,878,0,0,2,True,False,True,0.0,0.0
gross_gain,soccerinhand,879,0,0,2,True,False,True,0.0,0.0
gross_gain,soccerinhand,880,0,0,2,True,False,True,0.0,0.0
gross_gain,soccerinhand,881,0,0,2,True,False,True,0.0,0.0
gross_gain,soccerinhand,882,0,0,2,True,False,True,0.0,0.0
gross_gain,soccerinhand,883,0,0,2,True,False,True,0.0,0.0
gross_gain,soccerinhand,884,0,0,2,True,False,True,0.0,0.0
gross_gain,soccerinhand,885,0,0,2,True,False,True,0.0,0.0
gross_gain,soccerinhand,886,0,0,2,True,False,True,0.0,0.0
gross_gain,soccerinhand,887,0,0,2,True,False,True,0.0,0.0
gross_gain,soccerinhand,888,0,0,2,True,False,True,0.0,0.0
gross_gain,soccerinhand,890,0,0,2,True,False,True,0.0,0.0
gross_gain,soccerinhand,891,0,0,2,True,False,True,0.0,0.0
gross_gain,soccerinhand,892,0,0,2,True,False,True,0.0,0.0
gross_gain,soccerinhand,893,0,0,2,True,False,True,0.0,0.0
gross_gain,soccerinhand,894,0,0,2,True,False,True,0.0,0.0
gross_gain,soccerinhand,895,0,0,2,True,False,True,0.0,0.0
gross_gain,soccerinhand,896,0,0,2,True,False,True,0.0,0.0
gross_gain,soccerinhand,897,0,0,2,True,False,True,0.0,0.0
gross_gain,soccerinhand,898,0,0,2,True,False,True,0.0,0.0
gross_gain,soccerinhand,899,0,0,2,True,False,True,0.0,0.0
gross_gain,soccerinhand,900,0,0,2,True,False,True,0.0,0.0
gross_gain,soccerinhand,901,0,0,2,True,False,True,0.0,0.0
gross_gain,soccerinhand,902,0,0,2,True,False,True,0.0,0.0
gross_gain,soccerinhand,903,0,0,2,True,False,True,0.0,0.0
gross_gain,soccerinhand,904,0,0,2,True,False,True,0.0,0.0
gross_gain,soccerinhand,905,0,0,2,True,False,True,0.0,0.0
gross_gain,soccerinhand,906,0,0,2,True,False,True,0.0,0.0
gross_gain,soccerinhand,907,0,0,2,True,False,True,0.0,0.0
gross_gain,soccerinhand,908,0,0,2,True,False,True,0.0,0.0
gross_gain,soccerinhand,909,0,0,2,True,False,True,0.0,0.0
gross_gain,soccerinhand,910,0,0,2,True,False,True,0.0,0.0
gross_gain,soccerinhand,911,0,0,2,True,False,True,0.0,0.0
gross_gain,soccerinhand,912,0,0,2,True,False,True,0.0,0.0
gross_gain,soccerinhand,913,0,0,2,True,False,True,0.0,0.0
gross_gain,soccerinhand,914,0,0,2,True,False,True,0.0,0.0
gross_gain,soccerinhand,915,0,0,2,True,False,True,0.0,0.0
gross_gain,soccerinhand,916,0,0,2,True,False,True,0.0,0.0
gross_gain,soccerinhand,917,0,0,2,True,False,True,0.0,0.0
gross_gain,soccerinhand,918,0,0,2,True,False,True,0.0,0.0
gross_gain,soccerinhand,919,0,0,2,True,False,True,0.0,0.0
gross_gain,soccerinhand,920,0,0,2,True,False,True,0.0,0.0
gross_gain,soccerinhand,921,0,0,2,True,False,True,0.0,0.0
gross_gain,soccerinhand,922,0,0,2,True,False,True,0.0,0.0
gross_gain,soccerinhand,923,0,0,2,True,False,True,0.0,0.0
gross_gain,soccerinhand,924,0,0,2,True,False,True,0.0,0.0
gross_gain,soccerinhand,926,0,0,2,True,False,True,0.0,0.0
gross_gain,soccerinhand,927,0,0,2,True,False,True,0.0,0.0
gross_gain,soccerinhand,928,0,0,2,True,False,True,0.0,0.0
gross_gain,soccerinhand,929,0,0,2,True,False,True,0.0,0.0
gross_gain,soccerinhand,930,0,0,2,True,False,True,0.0,0.0
gross_gain,soccerinhand,931,0,0,2,True,False,True,0.0,0.0
gross_gain,soccerinhand,932,0,0,2,True,False,True,0.0,0.0
gross_gain,soccerinhand,933,0,0,2,True,False,True,0.0,0.0
gross_gain,soccerinhand,934,0,0,2,True,False,True,0.0,0.0
gross_gain,soccerinhand,935,0,0,2,True,False,True,0.0,0.0
gross_gain,soccerinhand,936,0,0,2,True,False,True,0.0,0.0
gross_gain,soccerinhand,937,0,0,2,True,False,True,0.0,0.0
gross_gain,soccerinhand,938,0,0,2,True,False,True,0.0,0.0
gross_gain,soccerinhand,939,0,0,2,True,False,True,0.0,0.0
gross_gain,soccerinhand,940,0,0,2,True,False,True,0.0,0.0
gross_gain,soccerinhand,941,0,0,2,True,False,True,0.0,0.0
gross_gain,soccerinhand,942,0,0,2,True,False,True,0.0,0.0
gross_gain,soccerinhand,943,0,0,2,True,False,True,0.0,0.0
gross_gain,soccerinhand,944,0,0,2,True,False,True,0.0,0.0
gross_gain,soccerinhand,945,0,0,2,True,False,True,0.0,0.0
gross_gain,soccerinhand,946,0,0,2,True,False,True,0.0,0.0
gross_gain,soccerinhand,947,0,0,2,True,False,True,0.0,0.0
gross_gain,soccerinhand,948,0,0,2,True,False,True,0.0,0.0
gross_gain,soccerinhand,949,0,0,2,True,False,True,0.0,0.0
gross_gain,soccerinhand,950,0,0,2,True,False,True,0.0,0.0
gross_gain,soccerinhand,951,0,0,2,True,False,True,0.0,0.0
gross_gain,soccerinhand,952,0,0,2,True,False,True,0.0,0.0
gross_gain,soccerinhand,953,0,0,2,True,False,True,0.0,0.0
gross_gain,soccerinhand,954,0,0,2,True,False,True,0.0,0.0
gross_gain,soccerinhand,955,0,0,2,True,False,True,0.0,0.0
gross_gain,soccerinhand,956,0,0,2,True,False,True,0.0,0.0
gross_gain,soccerinhand,957,0,0,2,True,False,True,0.0,0.0
gross_gain,soccerinhand,958,0,0,2,True,False,True,0.0,0.0
gross_gain,soccerinhand,959,0,0,2,True,False,True,0.0,0.0
gross_gain,soccerinhand,960,0,0,2,True,False,True,0.0,0.0
gross_gain,soccerinhand,961,0,0,2,True,False,True,0.0,0.0
gross_gain,soccerinhand,962,0,0,2,True,False,True,0.0,0.0
gross_gain,soccerinhand,963,0,0,2,True,False,True,0.0,0.0
gross_gain,soccerinhand,964,0,0,2,True,False,True,0.0,0.0
gross_gain,soccerinhand,965,0,0,2,True,False,True,0.0,0.0
gross_gain,soccerinhand,966,0,0,2,True,False,True,0.0,0.0
gross_gain,soccerinhand,967,0,0,2,True,False,True,0.0,0.0
gross_gain,soccerinhand,968,0,0,2,True,False,True,0.0,0.0
gross_gain,soccerinhand,969,0,0,2,True,False,True,0.0,0.0
gross_gain,soccerinhand,970,0,0,2,True,False,True,0.0,0.0
gross_gain,soccerinhand,971,0,0,2,True,False,True,0.0,0.0
gross_gain,soccerinhand,972,0,0,2,True,False,True,0.0,0.0
gross_gain,soccerinhand,973,0,0,2,True,False,True,0.0,0.0
gross_gain,soccerinhand,974,0,0,2,True,False,True,0.0,0.0
gross_gain,soccerinhand,975,0,0,2,True,False,True,0.0,0.0
gross_gain,soccerinhand,976,0,0,2,True,False,True,0.0,0.0
gross_gain,soccerinhand,977,0,0,2,True,False,True,0.0,0.0
gross_gain,soccerinhand,978,0,0,2,True,False,True,0.0,0.0
gross_gain,soccerinhand,979,0,0,2,True,False,True,0.0,0.0
gross_gain,soccerinhand,980,0,0,2,True,False,True,0.0,0.0
gross_gain,soccerinhand,981,0,0,2,True,False,True,0.0,0.0
gross_gain,soccerinhand,982,0,0,2,True,False,True,0.0,0.0
gross_gain,soccerinhand,983,0,0,2,True,False,True,0.0,0.0
gross_gain,soccerinhand,984,0,0,2,True,False,True,0.0,0.0
gross_gain,soccerinhand,985,0,0,2,True,False,True,0.0,0.0
gross_gain,soccerinhand,986,0,0,2,True,False,True,0.0,0.0
gross_gain,soccerinhand,987,0,0,2,True,False,True,0.0,0.0
gross_gain,soccerinhand,988,0,0,2,True,False,True,0.0,0.0
gross_gain,soccerinhand,989,0,0,2,True,False,True,0.0,0.0
gross_gain,soccerinhand,990,0,0,2,True,False,True,0.0,0.0
gross_gain,soccerinhand,991,0,0,2,True,False,True,0.0,0.0
gross_gain,soccerinhand,992,0,0,2,True,False,True,0.0,0.0
gross_gain,soccerinhand,993,0,0,2,True,False,True,0.0,0.0
gross_gain,soccerinhand,994,0,0,2,True,False,True,0.0,0.0
gross_gain,soccerinhand,995,0,0,2,True,False,True,0.0,0.0
gross_gain,soccerinhand,996,0,0,2,True,False,True,0.0,0.0
gross_gain,soccerinhand,997,0,0,2,True,False,True,0.0,0.0
gross_gain,soccerinhand,998,0,0,2,True,False,True,0.0,0.0
gross_gain,soccerinhand,999,0,0,2,True,False,True,0.0,0.0
gross_gain,soccerinhand,1000,0,0,2,True,False,True,0.0,0.0
gross_gain,soccerinhand,1001,0,0,2,True,False,True,0.0,0.0
gross_gain,soccerinhand,1002,0,0,2,True,False,True,0.0,0.0
gross_gain,soccerinhand,1003,0,0,2,True,False,True,0.0,0.0
gross_gain,soccerinhand,1004,0,0,2,True,False,True,0.0,0.0
gross_gain,soccerinhand,1005,0,0,2,True,False,True,0.0,0.0
gross_gain,soccerinhand,1006,0,0,2,True,False,True,0.0,0.0
gross_gain,soccerinhand,1007,0,0,2,True,False,True,0.0,0.0
gross_gain,soccerinhand,1008,0,0,2,True,False,True,0.0,0.0
gross_gain,soccerinhand,1009,0,0,2,True,False,True,0.0,0.0
gross_gain,soccerinhand,1010,0,0,2,True,False,True,0.0,0.0
gross_gain,soccerinhand,1011,0,0,2,True,False,True,0.0,0.0
gross_gain,soccerinhand,1012,0,0,2,True,False,True,0.0,0.0
gross_gain,soccerinhand,1013,0,0,2,True,False,True,0.0,0.0
gross_gain,soccerinhand,1014,0,0,2,True,False,True,0.0,0.0
gross_gain,soccerinhand,1015,0,0,2,True,False,True,0.0,0.0
gross_gain,soccerinhand,1016,0,0,2,True,False,True,0.0,0.0
gross_gain,soccerinhand,1017,0,0,2,True,False,True,0.0,0.0
gross_gain,soccerinhand,1018,0,0,2,True,False,True,0.0,0.0
gross_gain,soccerinhand,1019,0,0,2,True,False,True,0.0,0.0
gross_gain,soccerinhand,1020,0,0,2,True,False,True,0.0,0.0
gross_gain,soccerinhand,1021,0,0,2,True,False,True,0.0,0.0
gross_gain,soccerinhand,1022,0,0,2,True,False,True,0.0,0.0
gross_gain,soccerinhand,1023,0,0,2,True,False,True,0.0,0.0
gross_gain,soccerinhand,1024,0,0,2,True,False,True,0.0,0.0
gross_gain,soccerinhand,1025,0,0,2,True,False,True,0.0,0.0
gross_gain,soccerinhand,1026,0,1,2,True,False,True,0.0,0.0
gross_gain,soccerinhand,1027,0,0,2,True,False,True,0.0,0.2691814710570787
gross_gain,soccerinhand,1104,0,0,2,True,False,True,0.5739956776586899,0.5739956776586899
gross_gain,soccerinhand,1106,0,1,2,True,False,True,0.22520646078020257,0.0
gross_gain,soccerinhand,1107,0,0,2,True,False,True,0.0,0.0
gross_gain,soccerinhand,1108,0,0,2,True,False,True,0.0,0.0
gross_gain,soccerinhand,1109,0,0,2,True,False,True,0.0,0.0
gross_gain,soccerinhand,1110,0,0,2,True,False,True,0.0,0.0
gross_gain,soccerinhand,1111,0,0,2,True,False,True,0.0,0.0
gross_gain,soccerinhand,1112,0,0,2,True,False,True,0.0,0.0
gross_gain,soccerinhand,1113,0,0,2,True,False,True,0.0,0.0
gross_gain,soccerinhand,1114,0,0,2,True,False,True,0.0,0.0
gross_gain,soccerinhand,1115,0,0,2,True,False,True,0.0,0.0
gross_gain,soccerinhand,1116,0,0,2,True,False,True,0.0,0.0
gross_gain,soccerinhand,1117,0,0,2,True,False,True,0.0,0.0
gross_gain,soccerinhand,1118,0,0,2,True,False,True,0.0,0.0
gross_gain,soccerinhand,1119,0,0,2,True,False,True,0.0,0.0
gross_gain,soccerinhand,1120,0,0,2,True,False,True,0.0,0.0
gross_gain,soccerinhand,1121,0,0,2,True,False,True,0.0,0.0
gross_gain,soccerinhand,1122,0,0,2,True,False,True,0.0,0.0
gross_gain,soccerinhand,1123,0,0,2,True,False,True,0.0,0.0
gross_gain,soccerinhand,1124,0,0,2,True,False,True,0.0,0.0
gross_gain,soccerinhand,1125,0,0,2,True,False,True,0.0,0.0
gross_gain,soccerinhand,1126,0,0,2,True,False,True,0.0,0.0
gross_gain,soccerinhand,1127,0,0,2,True,False,True,0.0,0.0
gross_gain,soccerinhand,1128,0,0,2,True,False,True,0.0,0.0
gross_gain,soccerinhand,1129,0,0,2,True,False,True,0.0,0.0
gross_gain,soccerinhand,1130,0,0,2,True,False,True,0.0,0.0
gross_gain,soccerinhand,1131,0,0,2,True,False,True,0.0,0.0
gross_gain,soccerinhand,1132,0,0,2,True,False,True,0.0,0.0
gross_gain,soccerinhand,1133,0,0,2,True,False,True,0.0,0.0
gross_gain,soccerinhand,1134,0,0,2,True,False,True,0.0,0.0
gross_gain,soccerinhand,1135,0,0,2,True,False,True,0.0,0.0
gross_gain,soccerinhand,1136,0,0,2,True,False,True,0.0,0.0
gross_gain,soccerinhand,1137,0,0,2,True,False,True,0.0,0.0
gross_gain,soccerinhand,1138,0,0,2,True,False,True,0.0,0.0
gross_gain,soccerinhand,1139,0,0,2,True,False,True,0.0,0.0
gross_gain,soccerinhand,1140,0,0,2,True,False,True,0.0,0.0
gross_gain,soccerinhand,1141,0,0,2,True,False,True,0.0,0.0
gross_gain,soccerinhand,1142,0,0,2,True,False,True,0.0,0.0
gross_gain,soccerinhand,1143,0,0,2,True,False,True,0.0,0.0
gross_gain,soccerinhand,1144,0,0,2,True,False,True,0.0,0.0
gross_gain,soccerinhand,1145,0,0,2,True,False,True,0.0,0.0
gross_gain,soccerinhand,1146,0,0,2,True,False,True,0.0,0.0
gross_gain,soccerinhand,1147,0,0,2,True,False,True,0.0,0.0
gross_gain,soccerinhand,1148,0,0,2,True,False,True,0.0,0.0
gross_gain,soccerinhand,1149,0,0,2,True,False,True,0.0,0.0
gross_gain,soccerinhand,1150,0,0,2,True,False,True,0.0,0.0
gross_gain,soccerinhand,1151,0,0,2,True,False,True,0.0,0.0
gross_gain,soccerinhand,1152,0,0,2,True,False,True,0.0,0.0
gross_gain,soccerinhand,1153,0,0,2,True,False,True,0.0,0.0
gross_gain,soccerinhand,1154,0,0,2,True,False,True,0.0,0.0
gross_gain,soccerinhand,1155,0,0,2,True,False,True,0.0,0.0
gross_gain,soccerinhand,1156,0,0,2,True,False,True,0.0,0.0
gross_gain,soccerinhand,1157,0,0,2,True,False,True,0.0,0.0
gross_gain,soccerinhand,1158,0,0,2,True,False,True,0.0,0.0
gross_gain,soccerinhand,1159,0,0,2,True,False,True,0.0,0.0
gross_gain,soccerinhand,1160,0,0,2,True,False,True,0.0,0.0
gross_gain,soccerinhand,1161,0,0,2,True,False,True,0.0,0.0
gross_gain,soccerinhand,1162,0,0,2,True,False,True,0.0,0.0
gross_gain,soccerinhand,1163,0,0,2,True,False,True,0.0,0.0
gross_gain,soccerinhand,1164,0,0,2,True,False,True,0.0,0.0
gross_gain,soccerinhand,1165,0,0,2,True,False,True,0.0,0.0
gross_gain,soccerinhand,1166,0,0,2,True,False,True,0.0,0.0
gross_gain,soccerinhand,1167,0,0,2,True,False,True,0.0,0.0
gross_gain,straw,213,0,0,2,True,False,True,0.6167246027606124,0.6167246027606124
gross_gain,straw,222,0,0,2,True,False,True,0.7173836668679232,0.7173836668679232
gross_gain,tallman,132,0,0,2,True,False,True,0.5205307518962112,0.5205307518962112
gross_gain,tallman,134,0,0,2,True,False,True,0.5448770890662985,0.5448770890662985
gross_gain,tallman,135,0,0,2,True,False,True,0.37914363703532583,0.37914363703532583
gross_gain,tallman,138,0,0,2,True,False,True,0.660491054524445,0.660491054524445
gross_gain,tallman,145,0,0,2,True,False,True,0.0,0.6059511243494233
gross_gain,tallman,150,0,0,2,True,False,True,0.7620299782793538,0.7620299782793538
gross_gain,tallman,155,0,0,2,True,False,True,0.6577007312839422,0.6577007312839422
gross_gain,tallman,166,0,0,2,True,False,True,0.5664835941427876,0.5664835941427876
gross_gain,threeman,12,0,0,0,False,True,True,0.7897650060468663,0.7897650060468663
gross_gain,threeman,13,0,0,0,False,True,True,0.771079967847017,0.771079967847017
gross_gain,threeman,70,0,0,2,True,False,True,0.8365502373689835,0.8365502373689835
gross_gain,threeman,81,0,0,2,True,False,True,0.876995394170108,0.876995394170108
gross_gain,threeman,82,0,0,2,True,False,True,0.752072398332491,0.752072398332491
gross_gain,threeman,83,0,0,2,True,False,True,0.7122237453364617,0.7122237453364617
gross_gain,threeman,219,0,0,2,True,False,True,0.6834734613252109,0.6834734613252109
gross_gain,threeman,221,0,0,2,True,False,True,0.668395064829142,0.668395064829142
gross_gain,threeman,224,0,0,2,True,False,True,0.6870780008255892,0.6870780008255892
gross_gain,threeman,228,0,0,2,True,False,True,0.6802588646773197,0.6802588646773197
gross_gain,threeman,229,0,0,2,True,False,True,0.6806352445671324,0.6806352445671324
gross_gain,threeman,230,0,0,2,True,False,True,0.7187650137155412,0.7187650137155412
gross_gain,threeman,231,0,0,2,True,False,True,0.6915036153375416,0.6915036153375416
gross_gain,threeman,236,0,0,2,True,False,True,0.7266941830211822,0.7266941830211822
gross_gain,threeman,241,0,0,2,True,False,True,0.6160196796818604,0.6160196796818604
gross_gain,threeman,242,0,0,2,True,False,True,0.6447120460555631,0.6447120460555631
gross_gain,threeman,245,0,0,2,True,False,True,0.6778009934810562,0.6778009934810562
gross_gain,threeman,246,0,0,2,True,False,True,0.5155800411888056,0.5155800411888056
gross_gain,threeman,247,0,0,2,True,False,True,0.3822479438730696,0.3822479438730696
gross_gain,threeman,248,0,0,2,True,False,True,0.6845778883560703,0.6845778883560703
gross_gain,threeman2,93,0,0,0,False,True,True,0.7150916075613017,0.7150916075613017
gross_gain,threeman2,94,0,0,0,False,True,True,0.740043416065932,0.740043416065932
gross_gain,threeman2,98,0,0,0,False,True,True,0.7991624276540202,0.7991624276540202
gross_gain,threeman2,232,0,0,2,True,False,True,0.6791085488377616,0.6791085488377616
gross_gain,threeman2,234,0,0,2,True,False,True,0.7547388574116327,0.7547388574116327
gross_gain,threeman2,235,0,0,2,True,False,True,0.7682511611174185,0.7682511611174185
gross_gain,threeman2,236,0,0,2,True,False,True,0.7789685088896997,0.7789685088896997
gross_gain,threeman2,237,0,0,2,True,False,True,0.0,0.0
gross_gain,threeman2,243,0,0,2,True,False,True,0.0,0.0
gross_gain,threeman2,248,0,0,2,True,False,True,0.0,0.0
gross_gain,threeman2,249,0,0,2,True,False,True,0.0,0.0
gross_gain,threeman2,250,0,0,2,True,False,True,0.0,0.0
gross_gain,threeman2,251,0,0,2,True,False,True,0.0,0.0
gross_gain,threeman2,252,0,0,2,True,False,True,0.0,0.0
gross_gain,threeman2,253,0,0,2,True,False,True,0.0,0.0
gross_gain,threeman2,254,0,0,2,True,False,True,0.0,0.0
gross_gain,threeman2,255,0,0,2,True,False,True,0.0,0.0
gross_gain,threeman2,256,0,0,2,True,False,True,0.5398536649444392,0.5398536649444392
gross_gain,threeman2,257,0,0,2,True,False,True,0.8981417923047634,0.8981417923047634
gross_gain,threeman2,329,0,0,0,False,True,True,0.8810311924560138,0.8810311924560138
gross_gain,threeman2,362,0,0,0,False,True,True,0.8430430012916278,0.8430430012916278
gross_gain,threeman2,367,0,0,0,False,True,True,0.8423079125736763,0.8423079125736763
gross_gain,threeman2,369,0,0,0,False,True,True,0.820961441193787,0.820961441193787
gross_gain,threeman2,370,0,0,0,False,True,True,0.8174067394306714,0.8174067394306714
gross_gain,threepeople,56,0,0,2,True,False,True,0.8321925662053697,0.8321925662053697
gross_gain,threepeople,60,0,0,2,True,False,True,0.8283762055951561,0.8283762055951561
gross_gain,threepeople,268,0,0,0,False,True,True,0.8071419619037813,0.8071419619037813
gross_gain,threewoman2,8,0,1,2,True,False,True,0.0,0.0
gross_gain,threewoman2,9,0,0,2,True,False,True,0.0,0.0
gross_gain,threewoman2,12,0,0,2,True,False,True,0.8923895028262182,0.8923895028262182
gross_gain,threewoman2,13,0,0,2,True,False,True,0.7426492640575384,0.7426492640575384
gross_gain,threewoman2,16,0,0,2,True,False,True,0.06467967074363225,0.06467967074363225
gross_gain,threewoman2,18,0,0,2,True,False,True,0.011361037441181644,0.011361037441181644
gross_gain,threewoman2,19,0,3,2,True,False,True,0.0,0.0
gross_gain,threewoman2,20,0,3,2,True,False,True,0.0,0.0
gross_gain,threewoman2,21,0,0,2,True,False,True,0.0,0.0
gross_gain,threewoman2,22,0,0,2,True,False,True,0.0,0.0
gross_gain,threewoman2,23,0,0,2,True,False,True,0.0,0.0
gross_gain,threewoman2,24,0,0,2,True,False,True,0.0,0.0
gross_gain,threewoman2,25,0,0,2,True,False,True,0.0,0.0
gross_gain,threewoman2,26,0,0,2,True,False,True,0.0,0.0
gross_gain,threewoman2,27,0,1,2,True,False,True,0.0,0.08737840117606294
gross_gain,threewoman2,30,0,0,2,True,False,True,0.5992719209481578,0.5992719209481578
gross_gain,threewoman2,31,0,1,2,True,False,True,0.0,0.0
gross_gain,threewoman2,66,0,0,2,True,False,True,0.6745338484593977,0.6745338484593977
gross_gain,threewoman2,70,0,0,2,True,False,True,0.8203110813439982,0.8203110813439982
gross_gain,threewoman2,72,0,0,2,True,False,True,0.12719709538124596,0.12719709538124596
gross_gain,threewoman2,74,0,0,2,True,False,True,0.7529414741906719,0.7529414741906719
gross_gain,threewoman2,75,0,0,2,True,False,True,0.765783007201539,0.765783007201539
gross_gain,threewoman2,76,0,0,2,True,False,True,0.7900657771626264,0.7900657771626264
gross_gain,threewoman2,77,0,0,2,True,False,True,0.7779445517762898,0.7779445517762898
gross_gain,threewoman2,78,0,0,2,True,False,True,0.8360791321752641,0.8360791321752641
gross_gain,threewoman2,79,0,0,2,True,False,True,0.5842004921752184,0.5842004921752184
gross_gain,threewoman2,80,0,0,2,True,False,True,0.7250616024336103,0.7250616024336103
gross_gain,threewoman2,83,0,0,2,True,False,True,0.2875504228497898,0.2875504228497898
gross_gain,threewoman2,84,0,0,2,True,False,True,0.596592070337788,0.596592070337788
gross_gain,threewoman2,85,0,0,2,True,False,True,0.713505655901397,0.713505655901397
gross_gain,threewoman2,87,0,0,2,True,False,True,0.6679057145749481,0.6679057145749481
gross_gain,threewoman2,90,0,0,2,True,False,True,0.5865685592868312,0.5865685592868312
gross_gain,threewoman2,93,0,0,2,True,False,True,0.7326652938381977,0.7326652938381977
gross_gain,threewoman2,94,0,0,2,True,False,True,0.690329131256832,0.690329131256832
gross_gain,threewoman2,95,0,0,2,True,False,True,0.6294918364640503,0.6294918364640503
gross_gain,threewoman2,96,0,0,2,True,False,True,0.5912736052883866,0.5912736052883866
gross_gain,threewoman2,120,0,0,2,True,False,True,0.6410403534352652,0.6410403534352652
gross_gain,threewoman2,121,0,0,2,True,False,True,0.6440700747844157,0.6440700747844157
gross_gain,threewoman2,146,0,0,2,True,False,True,0.7565616082250057,0.7565616082250057
gross_gain,threewoman2,147,0,0,2,True,False,True,0.764882149598865,0.764882149598865
gross_gain,threewoman2,149,0,0,2,True,False,True,0.23136328671182088,0.23136328671182088
gross_gain,threewoman2,150,0,0,2,True,False,True,0.1492159799853489,0.1492159799853489
gross_gain,threewoman2,153,0,0,2,True,False,True,0.812440846308988,0.812440846308988
gross_gain,threewoman2,154,0,0,2,True,False,True,0.06551824031351823,0.06551824031351823
gross_gain,threewoman2,158,0,0,2,True,False,True,0.8888981582720397,0.8888981582720397
gross_gain,threewoman2,159,0,0,2,True,False,True,0.778118596239481,0.778118596239481
gross_gain,threewoman2,160,0,0,2,True,False,True,0.7342123561393132,0.7342123561393132
gross_gain,threewoman2,163,0,0,2,True,False,True,0.8174399066851715,0.8174399066851715
gross_gain,threewoman2,173,0,0,2,True,False,True,0.9310575527122175,0.9310575527122175
gross_gain,threewoman2,192,0,0,2,True,False,True,0.835816771789874,0.835816771789874
gross_gain,threewoman2,200,0,0,2,True,False,True,0.900838285303226,0.900838285303226
gross_gain,threewoman2,201,0,0,2,True,False,True,0.7867954782021375,0.7867954782021375
gross_gain,threewoman2,202,0,0,2,True,False,True,0.7621087830610156,0.7621087830610156
gross_gain,threewoman2,210,0,0,2,True,False,True,0.8884882014592107,0.8884882014592107
gross_gain,threewoman2,216,0,0,2,True,False,True,0.7843316850231893,0.7843316850231893
gross_gain,threewoman2,218,0,0,2,True,False,True,0.8698457662907112,0.8698457662907112
gross_gain,threewoman2,220,0,0,2,True,False,True,0.9145489610622224,0.9145489610622224
gross_gain,threewoman2,222,0,0,2,True,False,True,0.8590606556335101,0.8590606556335101
gross_gain,threewoman2,223,0,0,2,True,False,True,0.8505374838213401,0.8505374838213401
gross_gain,threewoman2,224,0,0,2,True,False,True,0.7965983663890422,0.7965983663890422
gross_gain,threewoman2,225,0,0,2,True,False,True,0.8301535508394929,0.8301535508394929
gross_gain,threewoman2,226,0,0,2,True,False,True,0.8551431956807949,0.8551431956807949
gross_gain,threewoman2,227,0,0,2,True,False,True,0.8538561738938779,0.8538561738938779
gross_gain,threewoman2,228,0,0,2,True,False,True,0.9332581745172732,0.9332581745172732
gross_gain,together,456,0,0,2,True,False,True,0.7292078834723738,0.7292078834723738
gross_gain,together,459,0,0,2,True,False,True,0.4640075991178644,0.4640075991178644
gross_gain,together,460,0,0,2,True,False,True,0.7917754229494925,0.7917754229494925
gross_gain,together,461,0,0,2,True,False,True,0.20473227887686812,0.20473227887686812
gross_gain,together,469,0,0,2,True,False,True,0.8079253716872622,0.8079253716872622
gross_gain,together,471,0,0,2,True,False,True,0.6660171300355363,0.6660171300355363
gross_gain,together,472,0,0,2,True,False,True,0.7506283971857545,0.7506283971857545
gross_gain,together,473,0,0,2,True,False,True,0.7736691590970772,0.7736691590970772
gross_gain,together,478,0,0,2,True,False,True,0.7940047425115975,0.7940047425115975
gross_gain,together,483,0,0,2,True,False,True,0.796852983468516,0.796852983468516
gross_gain,together,484,0,0,2,True,False,True,0.8214709125159582,0.8214709125159582
gross_gain,toy1,432,0,0,2,True,False,True,0.7337691490814766,0.7337691490814766
gross_gain,toy1,796,0,0,2,True,False,True,0.7690281643560771,0.7690281643560771
gross_gain,toy1,798,0,0,2,True,False,True,0.6937711415161771,0.6937711415161771
gross_gain,toy1,799,0,0,2,True,False,True,0.6565780947270756,0.6565780947270756
gross_gain,toy1,800,0,0,2,True,False,True,0.28610490320774584,0.28610490320774584
gross_gain,toy1,801,0,0,2,True,False,True,0.1982402281792227,0.1982402281792227
gross_gain,toy1,813,0,0,2,True,False,True,0.5815768968071681,0.5815768968071681
gross_gain,toy1,814,0,0,2,True,False,True,0.5926260697178387,0.5926260697178387
gross_gain,toy1,815,0,0,2,True,False,True,0.601009304926974,0.601009304926974
gross_gain,toy1,816,0,0,2,True,False,True,0.6378173166177536,0.6378173166177536
gross_gain,toy1,817,0,0,2,True,False,True,0.7933688590403553,0.7933688590403553
gross_gain,toy1,828,0,0,2,True,False,True,0.8181668493071438,0.8181668493071438
gross_gain,toy1,829,0,0,2,True,False,True,0.8029311006409175,0.8029311006409175
gross_gain,toy1,1279,0,0,2,True,False,True,0.7242553802548718,0.7242553802548718
gross_gain,toy1,1281,0,0,2,True,False,True,0.7036755051479521,0.7036755051479521
gross_gain,toy1,1283,0,0,2,True,False,True,0.7493756762852366,0.7493756762852366
gross_gain,toy1,1393,0,0,2,True,False,True,0.7764056353993113,0.7764056353993113
gross_gain,toy1,1394,0,0,2,True,False,True,0.8807171949166397,0.8807171949166397
gross_gain,toy1,1397,0,0,2,True,False,True,0.9268138701529218,0.9268138701529218
gross_gain,toy1,1492,0,0,2,True,False,True,0.8913454412963316,0.8913454412963316
gross_gain,toy1,1498,0,0,2,True,False,True,0.6317479479338255,0.6317479479338255
gross_gain,toy1,1514,0,0,2,True,False,True,0.8867953947427154,0.8867953947427154
gross_gain,toy1,1516,0,0,2,True,False,True,0.6163868882777473,0.6163868882777473
gross_gain,toy1,1517,0,0,2,True,False,True,0.8020287865472486,0.8020287865472486
gross_gain,toy1,1519,0,0,2,True,False,True,0.7273225036450169,0.7273225036450169
gross_gain,toy1,1520,0,0,2,True,False,True,0.957085018578228,0.957085018578228
gross_gain,toy1,1521,0,0,2,True,False,True,0.8920764798616837,0.8920764798616837
gross_gain,toy1,1525,0,0,2,True,False,True,0.8999624083875808,0.8999624083875808
gross_gain,toy1,1532,0,0,2,True,False,True,0.7937743613428189,0.7937743613428189
gross_gain,toy1,1537,0,0,2,True,False,True,0.7827614556064882,0.7827614556064882
gross_gain,toy1,1538,0,0,2,True,False,True,0.8073934741255628,0.8073934741255628
gross_gain,toy1,1540,0,0,2,True,False,True,0.6846846582383296,0.6846846582383296
gross_gain,toy1,1541,0,0,2,True,False,True,0.4491448490905305,0.4491448490905305
gross_gain,toy1,1542,0,0,2,True,False,True,0.7823016042815789,0.7823016042815789
gross_gain,toy1,1543,0,0,2,True,False,True,0.42323161333495785,0.42323161333495785
gross_gain,toy1,1544,0,0,2,True,False,True,0.661058677734168,0.661058677734168
gross_gain,toy1,1545,0,0,2,True,False,True,0.2766989682985475,0.2766989682985475
gross_gain,toy1,1546,0,0,2,True,False,True,0.36094698872809433,0.36094698872809433
gross_gain,toy1,1547,0,0,2,True,False,True,0.30928622399585515,0.30928622399585515
gross_gain,toy1,1548,0,0,2,True,False,True,0.7439743019699686,0.7439743019699686
gross_gain,toy1,1549,0,0,2,True,False,True,0.9559886073367372,0.9559886073367372
gross_gain,toy1,1550,0,0,2,True,False,True,0.9225299005207804,0.9225299005207804
gross_gain,toy1,1551,0,0,2,True,False,True,0.7734186676655079,0.7734186676655079
gross_gain,toy1,1552,0,0,2,True,False,True,0.5008244646610095,0.5008244646610095
gross_gain,toy1,1553,0,0,2,True,False,True,0.7055297309160692,0.7055297309160692
gross_gain,toy1,1554,0,0,2,True,False,True,0.5894060133815378,0.5894060133815378
gross_gain,toy1,1555,0,0,2,True,False,True,0.7206003625308117,0.7206003625308117
gross_gain,toy1,1556,0,0,2,True,False,True,0.7247693646674297,0.7247693646674297
gross_gain,toy1,1557,0,0,2,True,False,True,0.7530756864287704,0.7530756864287704
gross_gain,toy1,1558,0,0,2,True,False,True,0.15639875243080484,0.15639875243080484
gross_gain,toy1,1559,0,0,2,True,False,True,0.6400574561613048,0.6400574561613048
gross_gain,toy1,1560,0,0,2,True,False,True,0.7299996978806542,0.7299996978806542
gross_gain,toy1,1561,0,0,2,True,False,True,0.711250487177211,0.711250487177211
gross_gain,toy1,1563,0,0,2,True,False,True,0.7741699020396958,0.7741699020396958
gross_gain,toy1,1566,0,0,2,True,False,True,0.7512237797244863,0.7512237797244863
gross_gain,toy1,1567,0,0,2,True,False,True,0.7462674079117743,0.7462674079117743
gross_gain,toy1,1568,0,0,2,True,False,True,0.7253709319914113,0.7253709319914113
gross_gain,toy1,1569,0,0,2,True,False,True,0.5646955680173513,0.5646955680173513
gross_gain,toy1,1570,0,0,2,True,False,True,0.7710696859310386,0.7710696859310386
gross_gain,toy1,1571,0,0,2,True,False,True,0.8156803902785839,0.8156803902785839
gross_gain,toy1,1574,0,0,2,True,False,True,0.7700259031656934,0.7700259031656934
gross_gain,toy1,1576,0,0,2,True,False,True,0.6500675963555673,0.6500675963555673
gross_gain,toy1,1610,0,0,2,True,False,True,0.670093294962924,0.670093294962924
gross_gain,toy1,1611,0,0,2,True,False,True,0.6856546994002641,0.6856546994002641
gross_gain,toy1,1626,0,0,2,True,False,True,0.7740960727631974,0.7740960727631974
gross_gain,toy1,1632,0,0,2,True,False,True,0.928895031776139,0.928895031776139
gross_gain,toy1,1645,0,0,2,True,False,True,0.4644453935992199,0.4644453935992199
gross_gain,toy1,1651,0,0,2,True,False,True,0.6499591463304929,0.6499591463304929
gross_gain,toy1,1652,0,0,2,True,False,True,0.765913273280423,0.765913273280423
gross_gain,toy1,1653,0,0,2,True,False,True,0.8099503051399342,0.8099503051399342
gross_gain,toy1,1654,0,0,2,True,False,True,0.38543267376452306,0.38543267376452306
gross_gain,toy1,1655,0,0,2,True,False,True,0.46322531410066575,0.46322531410066575
gross_gain,toy1,1656,0,0,2,True,False,True,0.24526361581155637,0.24526361581155637
gross_gain,toy1,1657,0,0,2,True,False,True,0.5202068069514422,0.5202068069514422
gross_gain,toy1,1658,0,0,2,True,False,True,0.28022326867119235,0.28022326867119235
gross_gain,toy1,1659,0,0,2,True,False,True,0.40613034443159357,0.40613034443159357
gross_gain,toy1,1660,0,0,2,True,False,True,0.4232558120903654,0.4232558120903654
gross_gain,toy1,1661,0,0,2,True,False,True,0.303148521172196,0.303148521172196
gross_gain,toy1,1662,0,0,2,True,False,True,0.5053061632421272,0.5053061632421272
gross_gain,toy1,1663,0,0,2,True,False,True,0.5281361769613682,0.5281361769613682
gross_gain,toy1,1664,0,0,2,True,False,True,0.5084618824953973,0.5084618824953973
gross_gain,toy1,1665,0,0,2,True,False,True,0.4974027976901011,0.4974027976901011
gross_gain,toy1,1666,0,0,2,True,False,True,0.2244381069338463,0.2244381069338463
gross_gain,toy1,1667,0,0,2,True,False,True,0.17636223447894428,0.17636223447894428
gross_gain,toy1,1668,0,0,2,True,False,True,0.08650404061653832,0.08650404061653832
gross_gain,toy1,1669,0,0,2,True,False,True,0.06692633128983197,0.06692633128983197
gross_gain,toy1,1670,0,0,2,True,False,True,0.03812496065749066,0.03812496065749066
gross_gain,toy1,1671,0,0,2,True,False,True,0.03960021857479456,0.03960021857479456
gross_gain,toy1,1672,0,0,2,True,False,True,0.038839346087813524,0.038839346087813524
gross_gain,toy1,1673,0,0,2,True,False,True,0.02005653157832216,0.02005653157832216
gross_gain,toy1,1674,0,0,2,True,False,True,0.06545593335947238,0.06545593335947238
gross_gain,toy1,1675,0,0,2,True,False,True,0.0,0.0
gross_gain,toy1,1676,0,0,2,True,False,True,0.0013634625354140507,0.0013634625354140507
gross_gain,toy1,1677,0,0,2,True,False,True,0.0,0.0
gross_gain,toy1,1678,0,0,2,True,False,True,0.03675088847306883,0.03675088847306883
gross_gain,toy1,1679,0,0,2,True,False,True,0.0,0.0
gross_gain,toy1,1680,0,0,2,True,False,True,0.0,0.0
gross_gain,toy1,1681,0,0,2,True,False,True,0.0,0.0
gross_gain,toy1,1682,0,0,2,True,False,True,0.0,0.0
gross_gain,toy1,1683,0,0,2,True,False,True,0.0,0.0
gross_gain,toy1,1684,0,0,2,True,False,True,0.024629005361216517,0.024629005361216517
gross_gain,toy1,1685,0,0,2,True,False,True,0.12189530940584457,0.12189530940584457
gross_gain,toy1,1686,0,0,2,True,False,True,0.05434584992917725,0.05434584992917725
gross_gain,toy1,1687,0,0,2,True,False,True,0.05912613696349488,0.05912613696349488
gross_gain,toy1,1688,0,0,2,True,False,True,0.08721262705665758,0.08721262705665758
gross_gain,toy1,1689,0,0,2,True,False,True,0.02781238518314447,0.02781238518314447
gross_gain,toy1,1690,0,0,2,True,False,True,0.03227119988147693,0.03227119988147693
gross_gain,toy1,1691,0,0,2,True,False,True,0.02075862353888936,0.02075862353888936
gross_gain,toy1,1692,0,0,2,True,False,True,0.04793381537726215,0.04793381537726215
gross_gain,toy3,419,0,0,2,True,False,True,0.8668510970768372,0.8668510970768372
gross_gain,toy3,420,0,0,2,True,False,True,0.8706083228221108,0.8706083228221108
gross_gain,toy3,423,0,0,2,True,False,True,0.7383330613232822,0.7383330613232822
gross_gain,toy3,817,0,0,2,True,False,True,0.8642752449369522,0.8642752449369522
gross_gain,toy3,821,0,0,2,True,False,True,0.8126232592662517,0.8126232592662517
gross_gain,toy3,1061,0,0,2,True,False,True,0.7099526669246854,0.7099526669246854
gross_gain,toy3,1063,0,0,2,True,False,True,0.5784045557054871,0.5784045557054871
gross_gain,toy3,1064,0,0,2,True,False,True,0.634615084871739,0.634615084871739
gross_gain,toy3,1110,0,0,2,True,False,True,0.4411797117049092,0.4411797117049092
gross_gain,toy3,1124,0,0,2,True,False,True,0.6785743926905122,0.6785743926905122
gross_gain,tree2,51,0,0,0,False,True,True,0.8359733577725068,0.8359733577725068
gross_gain,tree2,52,0,0,0,False,True,True,0.8419360758579086,0.8419360758579086
gross_gain,tree2,71,0,0,0,False,True,True,0.8967087286209209,0.8967087286209209
gross_gain,tree2,72,0,0,0,False,True,True,0.8552601873034836,0.8552601873034836
gross_gain,tree2,73,0,0,0,False,True,True,0.8590163528330167,0.8590163528330167
gross_gain,tree2,92,0,0,0,False,True,True,0.8958172071105992,0.8958172071105992
gross_gain,tree2,93,0,0,0,False,True,True,0.8773193343864297,0.8773193343864297
gross_gain,tree2,94,0,0,0,False,True,True,0.8851636495524017,0.8851636495524017
gross_gain,tree2,96,0,0,0,False,True,True,0.888231112498181,0.888231112498181
gross_gain,tree2,103,0,0,0,False,True,True,0.8992339060739554,0.8992339060739554
gross_gain,tree2,112,0,0,0,False,True,True,0.8929411537357833,0.8929411537357833
gross_gain,tree2,125,0,0,0,False,True,True,0.8855475243782917,0.8855475243782917
gross_gain,tree2,126,0,0,0,False,True,True,0.8720354285453298,0.8720354285453298
gross_gain,tree2,127,0,0,0,False,True,True,0.8676771100194393,0.8676771100194393
gross_gain,tree2,128,0,0,0,False,True,True,0.8506832070078418,0.8506832070078418
gross_gain,tree2,163,0,0,0,False,True,True,0.6803900344700365,0.6803900344700365
gross_gain,tree2,164,0,0,0,False,True,True,0.7105872577436754,0.7105872577436754
gross_gain,tree2,165,0,0,0,False,True,True,0.7339890759264677,0.7339890759264677
gross_gain,tree2,168,0,0,0,False,True,True,0.71152074617733,0.71152074617733
gross_gain,tree2,169,0,0,0,False,True,True,0.6904932875177278,0.6904932875177278
gross_gain,tree2,173,0,0,0,False,True,True,0.7917936755155275,0.7917936755155275
gross_gain,tree2,215,0,0,0,False,True,True,0.8966156677277914,0.8966156677277914
gross_gain,tree2,217,0,0,0,False,True,True,0.877714689042588,0.877714689042588
gross_gain,tree2,357,0,0,0,False,True,True,0.8425307559404767,0.8425307559404767
gross_gain,tree2,399,0,0,0,False,True,True,0.7835615341628257,0.7835615341628257
gross_gain,tree2,400,0,0,0,False,True,True,0.8375399835201098,0.8375399835201098
gross_gain,tree2,402,0,0,0,False,True,True,0.8895327516290066,0.8895327516290066
gross_gain,tree2,426,0,0,0,False,True,True,0.73230003439822,0.73230003439822
gross_gain,tree2,473,0,0,0,False,True,True,0.8724917488633476,0.8724917488633476
gross_gain,tree2,491,0,0,0,False,True,True,0.7682915400318717,0.7682915400318717
gross_gain,tree2,558,0,0,0,False,True,True,0.7276428759614667,0.7276428759614667
gross_gain,tree2,630,0,0,0,False,True,True,0.8216445852722365,0.8216445852722365
gross_gain,tree2,656,0,0,0,False,True,True,0.8014144882833755,0.8014144882833755
gross_gain,tree2,657,0,0,0,False,True,True,0.7974151254834908,0.7974151254834908
gross_gain,tree2,687,0,0,0,False,True,True,0.7113960243707955,0.7113960243707955
gross_gain,tree2,692,0,0,0,False,True,True,0.8557160360169659,0.8557160360169659
gross_gain,tree2,729,0,0,2,True,False,True,0.4022679565208111,0.4022679565208111
gross_gain,tree2,748,0,0,2,True,False,True,0.9090427626433786,0.9090427626433786
gross_gain,tree2,750,0,0,2,True,False,True,0.5998413534313058,0.5998413534313058
gross_gain,tree2,758,0,0,2,True,False,True,0.6933660886987901,0.6933660886987901
gross_gain,tree2,790,0,0,0,False,True,True,0.673450588986809,0.673450588986809
gross_gain,tree2,816,0,0,0,False,True,True,0.8168846967933192,0.8168846967933192
gross_gain,tree2,833,0,0,0,False,True,True,0.7458548867599996,0.7458548867599996
gross_gain,tree2,890,0,0,0,False,True,True,0.8118132758002161,0.8118132758002161
gross_gain,tree2,919,0,0,0,False,True,True,0.8055095756934229,0.8055095756934229
gross_gain,tree2,1013,0,0,0,False,True,True,0.8085354256600332,0.8085354256600332
gross_gain,tree2,1019,0,0,0,False,True,True,0.7924192155664085,0.7924192155664085
gross_gain,tree2,1020,0,0,0,False,True,True,0.8406816990448426,0.8406816990448426
gross_gain,tree2,1036,0,0,0,False,True,True,0.7281420877773689,0.7281420877773689
gross_gain,tree2,1037,0,0,0,False,True,True,0.7601105682258518,0.7601105682258518
gross_gain,tree2,1038,0,0,0,False,True,True,0.80924461569081,0.80924461569081
gross_gain,tree2,1057,0,0,0,False,True,True,0.8160394558797976,0.8160394558797976
gross_gain,tree2,1060,0,0,0,False,True,True,0.8101135538007795,0.8101135538007795
gross_gain,tree2,1061,0,0,0,False,True,True,0.7906335102859161,0.7906335102859161
gross_gain,tree2,1062,0,0,0,False,True,True,0.8126633408923056,0.8126633408923056
gross_gain,tree2,1063,0,0,0,False,True,True,0.8329548850476474,0.8329548850476474
gross_gain,tree2,1064,0,0,0,False,True,True,0.8225058863462733,0.8225058863462733
gross_gain,tree2,1065,0,0,0,False,True,True,0.7729966388467626,0.7729966388467626
gross_gain,tree2,1066,0,0,0,False,True,True,0.7644557667130476,0.7644557667130476
gross_gain,tree2,1079,0,0,0,False,True,True,0.7816750174148409,0.7816750174148409
gross_gain,tree2,1099,0,0,0,False,True,True,0.8144735009737288,0.8144735009737288
gross_gain,tree2,1100,0,0,0,False,True,True,0.8303531775416951,0.8303531775416951
gross_gain,tree3,813,0,0,0,False,True,True,0.7773584607585432,0.7773584607585432
gross_gain,tree3,856,0,0,0,False,True,True,0.7590077445026135,0.7590077445026135
gross_gain,tree3,860,0,0,0,False,True,True,0.9172052978414541,0.9172052978414541
gross_gain,tree3,878,0,0,0,False,True,True,0.8321593602327014,0.8321593602327014
gross_gain,tree3,879,0,0,0,False,True,True,0.9048041510493924,0.9048041510493924
gross_gain,tree3,920,0,0,0,False,True,True,0.9268670395808377,0.9268670395808377
gross_gain,tree3,934,0,0,0,False,True,True,0.842803538652775,0.842803538652775
gross_gain,tree3,1289,0,0,0,False,True,True,0.7711321759493943,0.7711321759493943
gross_gain,tree3,1605,0,0,2,True,False,True,0.8122961877716656,0.8122961877716656
gross_gain,tree3,1607,0,0,2,True,False,True,0.7179986044549341,0.7179986044549341
gross_gain,tree3,1621,0,1,2,True,False,True,0.0,0.0
gross_gain,tree3,1626,0,1,0,False,True,True,0.0,0.3806457737081611
gross_gain,tree3,1628,0,1,2,True,False,True,0.8288668247034288,0.8288668247034288
gross_gain,tree3,1629,0,1,2,True,False,True,0.8516271883288176,0.8516271883288176
gross_gain,tree3,1729,0,0,0,False,True,True,0.0,0.0
gross_gain,tree3,1870,0,0,0,False,True,True,0.0,0.0
gross_gain,tree3,1871,0,0,0,False,True,True,0.0,0.0
gross_gain,tree3,1872,0,0,0,False,True,True,0.0,0.0
gross_gain,tree3,1873,0,0,0,False,True,True,0.0,0.0
gross_gain,tree3,1874,0,0,0,False,True,True,0.0,0.0
gross_gain,tree3,1875,0,0,0,False,True,True,0.0,0.0
gross_gain,tree3,1876,0,0,0,False,True,True,0.0,0.0
gross_gain,tree3,1877,0,0,0,False,True,True,0.0,0.0
gross_gain,tree5,1,0,0,0,False,True,True,0.9175890504402362,0.9175890504402362
gross_gain,tree5,5,0,0,0,False,True,True,0.908558238426165,0.908558238426165
gross_gain,tree5,11,0,0,0,False,True,True,0.8593608138495366,0.8593608138495366
gross_gain,tree5,12,0,0,0,False,True,True,0.8347956291596148,0.8347956291596148
gross_gain,tree5,13,0,0,0,False,True,True,0.8348867654248034,0.8348867654248034
gross_gain,tree5,14,0,0,0,False,True,True,0.8134089102956059,0.8134089102956059
gross_gain,tree5,15,0,0,0,False,True,True,0.7820777989205094,0.7820777989205094
gross_gain,tree5,16,0,0,0,False,True,True,0.767988019348441,0.767988019348441
gross_gain,tree5,17,0,0,0,False,True,True,0.8691020693100556,0.8691020693100556
gross_gain,tree5,18,0,0,0,False,True,True,0.8857725883936034,0.8857725883936034
gross_gain,tree5,19,0,0,0,False,True,True,0.8761945574290753,0.8761945574290753
gross_gain,tree5,20,0,0,0,False,True,True,0.8672375814269258,0.8672375814269258
gross_gain,tree5,21,0,0,0,False,True,True,0.8625925253145087,0.8625925253145087
gross_gain,tree5,22,0,0,0,False,True,True,0.882952147593667,0.882952147593667
gross_gain,tree5,23,0,0,0,False,True,True,0.882092865627178,0.882092865627178
gross_gain,tree5,24,0,0,0,False,True,True,0.8920159402566439,0.8920159402566439
gross_gain,tree5,26,0,0,0,False,True,True,0.8247006891302092,0.8247006891302092
gross_gain,tree5,28,0,0,0,False,True,True,0.8066167118734507,0.8066167118734507
gross_gain,tree5,32,0,0,0,False,True,True,0.877541042433949,0.877541042433949
gross_gain,tree5,33,0,0,0,False,True,True,0.7636523681033829,0.7636523681033829
gross_gain,tree5,34,0,0,0,False,True,True,0.7750108565816379,0.7750108565816379
gross_gain,tree5,40,0,0,0,False,True,True,0.7729404053243747,0.7729404053243747
gross_gain,tree5,41,0,0,0,False,True,True,0.8109928177315627,0.8109928177315627
gross_gain,tree5,42,0,0,0,False,True,True,0.7884932087846277,0.7884932087846277
gross_gain,tree5,43,0,0,0,False,True,True,0.7813933442357449,0.7813933442357449
gross_gain,tree5,44,0,0,0,False,True,True,0.8245098724924309,0.8245098724924309
gross_gain,tree5,365,0,0,0,False,True,True,0.7809706490033415,0.7809706490033415
gross_gain,tree5,366,0,0,0,False,True,True,0.7782896458196666,0.7782896458196666
gross_gain,tree5,485,0,0,0,False,True,True,0.6019396386583941,0.6019396386583941
gross_gain,tree5,493,0,0,0,False,True,True,0.6562358204345687,0.6562358204345687
gross_gain,tree5,494,0,0,0,False,True,True,0.8315349955739483,0.8315349955739483
gross_gain,tree5,502,0,0,0,False,True,True,0.8377459755013851,0.8377459755013851
gross_gain,tree5,554,0,0,0,False,True,True,0.8046079315335842,0.8046079315335842
gross_gain,tree5,650,0,0,0,False,True,True,0.8897467917554275,0.8897467917554275
gross_gain,tree5,717,0,0,0,False,True,True,0.8394577741685024,0.8394577741685024
gross_gain,tree5,731,0,0,0,False,True,True,0.9288371596946592,0.9288371596946592
gross_gain,tree5,732,0,0,0,False,True,True,0.8818528313097632,0.8818528313097632
gross_gain,tree5,1038,0,0,0,False,True,True,0.8676405839648353,0.8676405839648353
gross_gain,tree5,1045,0,0,0,False,True,True,0.8444273512077584,0.8444273512077584
gross_gain,tree5,1053,0,0,0,False,True,True,0.8292028258637264,0.8292028258637264
gross_gain,tree5,1060,0,0,0,False,True,True,0.808638971698819,0.808638971698819
gross_gain,tree5,1067,0,0,0,False,True,True,0.7999379191683171,0.7999379191683171
gross_gain,tree5,1073,0,0,0,False,True,True,0.80705393620885,0.80705393620885
gross_gain,tree5,1082,0,0,0,False,True,True,0.833408678139964,0.833408678139964
gross_gain,tree5,1084,0,0,0,False,True,True,0.8317385024858014,0.8317385024858014
gross_gain,tree5,1190,0,0,0,False,True,True,0.9092315720503189,0.9092315720503189
gross_gain,tree5,1316,0,0,2,True,False,True,0.7619567606629544,0.7619567606629544
gross_gain,tree5,1331,0,0,2,True,False,True,0.7431240925876128,0.7431240925876128
gross_gain,tree5,1332,0,0,2,True,False,True,0.6869355977751721,0.6869355977751721
gross_gain,tree5,1333,0,0,2,True,False,True,0.6763501966434301,0.6763501966434301
gross_gain,tree5,1334,0,0,2,True,False,True,0.7289133951643331,0.7289133951643331
gross_gain,tree5,1335,0,0,2,True,False,True,0.7149739649644082,0.7149739649644082
gross_gain,tree5,1336,0,0,2,True,False,True,0.7696991998044561,0.7696991998044561
gross_gain,tree5,1337,0,0,2,True,False,True,0.815800843024566,0.815800843024566
gross_gain,tree5,1338,0,0,2,True,True,True,0.8753821193512124,0.0
gross_gain,tree5,1398,0,0,0,False,True,True,0.0,0.0
gross_gain,tree5,1399,0,0,0,False,True,True,0.0,0.0
gross_gain,tree5,1692,0,0,0,False,True,True,0.0,0.0
gross_gain,tree5,1695,0,0,0,False,True,True,0.0,0.0
gross_gain,tree5,1703,0,0,0,False,True,True,0.0,0.0
gross_gain,tree5,1704,0,0,0,False,True,True,0.0,0.0
gross_gain,tree5,1817,0,0,0,False,True,True,0.0,0.0
gross_gain,tree5,1819,0,0,0,False,True,True,0.0,0.0
gross_gain,tree5,1820,0,0,0,False,True,True,0.0,0.0
gross_gain,tree5,1865,0,0,0,False,True,True,0.008945130766656933,0.008945130766656933
gross_gain,tree5,1867,0,0,0,False,True,True,0.0,0.0
gross_gain,tree5,1879,0,0,0,False,True,True,0.0,0.0
gross_gain,tree5,2079,0,0,0,False,True,True,0.0,0.0
gross_gain,tree5,2080,0,0,0,False,True,True,0.0,0.0
gross_gain,tree5,2081,0,0,0,False,True,True,0.0,0.0
gross_gain,trees,94,0,0,2,True,False,True,0.6507634863691653,0.6507634863691653
gross_gain,trees,95,0,0,2,True,False,True,0.9211213780134587,0.9211213780134587
gross_gain,twoelecbike1,35,0,0,2,True,False,True,0.6547802643361542,0.6547802643361542
gross_gain,twoelecbike1,103,0,0,2,True,False,True,0.8802680954733952,0.8802680954733952
gross_gain,twoelecbike1,141,0,0,2,True,False,True,0.8023473743244816,0.8023473743244816
gross_gain,twoelecbike1,142,0,0,2,True,False,True,0.752999498278878,0.752999498278878
gross_gain,twoelecbike1,157,0,0,2,True,False,True,0.8753023155029598,0.8753023155029598
gross_gain,twoelecbike1,166,0,0,2,True,False,True,0.920245537829768,0.920245537829768
gross_gain,twoelecbike1,174,0,0,2,True,False,True,0.7879658690481477,0.7879658690481477
gross_gain,twoman,70,0,0,0,False,True,True,0.8505242581363127,0.8505242581363127
gross_gain,twoman,182,0,0,0,False,True,True,0.7578855893104146,0.7578855893104146
gross_gain,twoman,200,0,0,0,False,True,True,0.9078589913469325,0.9078589913469325
gross_gain,twoman,205,0,0,0,False,True,True,0.7758852081645483,0.7758852081645483
gross_gain,twoman,206,0,0,0,False,True,True,0.7607976316271046,0.7607976316271046
gross_gain,twoman,207,0,0,0,False,True,True,0.7960258733204248,0.7960258733204248
gross_gain,twoman,208,0,0,0,False,True,True,0.7800383293898622,0.7800383293898622
gross_gain,twoman,209,0,0,0,False,True,True,0.7797719301028284,0.7797719301028284
gross_gain,twoman,213,0,0,0,False,True,True,0.8657474211621142,0.8657474211621142
gross_gain,twoman,215,0,0,0,False,True,True,0.8973921432964809,0.8973921432964809
gross_gain,twoman,236,0,0,0,False,True,True,0.8251033363760902,0.8251033363760902
gross_gain,twoman,237,0,0,0,False,True,True,0.9065417225816281,0.9065417225816281
gross_gain,twoman,280,0,0,0,False,True,True,0.926801300472078,0.926801300472078
gross_gain,twoman,296,0,0,0,False,True,True,0.7283878282348882,0.7283878282348882
gross_gain,twoman,297,0,0,0,False,True,True,0.7181932168070606,0.7181932168070606
gross_gain,twoman,298,0,0,0,False,True,True,0.6871973204690776,0.6871973204690776
gross_gain,twoman,299,0,0,0,False,True,True,0.6748208639078477,0.6748208639078477
gross_gain,twoman,300,0,0,0,False,True,True,0.6840477568642607,0.6840477568642607
gross_gain,twoman,301,0,0,0,False,True,True,0.7018408939865194,0.7018408939865194
gross_gain,twoman,302,0,0,0,False,True,True,0.7027148513981274,0.7027148513981274
gross_gain,twoman,303,0,0,0,False,True,True,0.6554185277896456,0.6554185277896456
gross_gain,twoman,304,0,0,0,False,True,True,0.6510727611153593,0.6510727611153593
gross_gain,twoman,305,0,0,0,False,True,True,0.826245851927735,0.826245851927735
gross_gain,twoman,306,0,0,0,False,True,True,0.8073566355845009,0.8073566355845009
gross_gain,twoman,312,0,0,0,False,True,True,0.7820288038560587,0.7820288038560587
gross_gain,twoman,313,0,0,0,False,True,True,0.6971973320465823,0.6971973320465823
gross_gain,twoman,314,0,0,0,False,True,True,0.8092277481974809,0.8092277481974809
gross_gain,twoman,315,0,0,0,False,True,True,0.7865561341587634,0.7865561341587634
gross_gain,twoman,316,0,0,0,False,True,True,0.8092493912598353,0.8092493912598353
gross_gain,twoman,317,0,0,0,False,True,True,0.79255907326364,0.79255907326364
gross_gain,twoman,318,0,0,0,False,True,True,0.8022102340958857,0.8022102340958857
gross_gain,twoman,319,0,0,0,False,True,True,0.742842454891227,0.742842454891227
gross_gain,twoman,320,0,0,0,False,True,True,0.8397139682651553,0.8397139682651553
gross_gain,twoman,321,0,0,0,False,True,True,0.7895478698743241,0.7895478698743241
gross_gain,twoman,322,0,0,0,False,True,True,0.8401447865766511,0.8401447865766511
gross_gain,twoman,323,0,0,0,False,True,True,0.7641470263497516,0.7641470263497516
gross_gain,twoman,324,0,0,0,False,True,True,0.8227162740009653,0.8227162740009653
gross_gain,twoman,325,0,0,0,False,True,True,0.6918346319199783,0.6918346319199783
gross_gain,twoman,326,0,0,0,False,True,True,0.8060414089564789,0.8060414089564789
gross_gain,twoman,332,0,0,0,False,True,True,0.8214451348457146,0.8214451348457146
gross_gain,twoman,334,0,0,0,False,True,True,0.8170359992248339,0.8170359992248339
gross_gain,twoman,360,0,0,0,False,True,True,0.9172993827459778,0.9172993827459778
gross_gain,twoman,362,0,0,0,False,True,True,0.8385101542220447,0.8385101542220447
gross_gain,twoman,380,0,0,0,False,True,True,0.8204119098572266,0.8204119098572266
gross_gain,twoman,407,0,0,0,False,True,True,0.7469478679826774,0.7469478679826774
gross_gain,twoman,442,0,0,0,False,True,True,0.7919200846681882,0.7919200846681882
gross_gain,twoman,444,0,0,0,False,True,True,0.8625838657706635,0.8625838657706635
gross_gain,twoman,445,0,0,0,False,True,True,0.8697676729024597,0.8697676729024597
gross_gain,twoman,446,0,0,0,False,True,True,0.8807286550872305,0.8807286550872305
gross_gain,twoman,447,0,0,0,False,True,True,0.8554617771573603,0.8554617771573603
gross_gain,twoman,449,0,0,0,False,True,True,0.8449879260417797,0.8449879260417797
gross_gain,twoman,475,0,0,0,False,True,True,0.8423353181458165,0.8423353181458165
gross_gain,twoman,843,0,0,0,False,True,True,0.6745307574044273,0.6745307574044273
gross_gain,twoman,844,0,0,0,False,True,True,0.6796441093842795,0.6796441093842795
gross_gain,twoman,845,0,0,0,False,True,True,0.6573160636552671,0.6573160636552671
gross_gain,twoman,846,0,0,0,False,True,True,0.6787459673084439,0.6787459673084439
gross_gain,twoman,939,0,0,0,False,True,True,0.8128354835444992,0.8128354835444992
gross_gain,twoman,940,0,0,0,False,True,True,0.8288553087421825,0.8288553087421825
gross_gain,twoman,941,0,0,0,False,True,True,0.7526747316420361,0.7526747316420361
gross_gain,twoman,943,0,0,0,False,True,True,0.7081862955177127,0.7081862955177127
gross_gain,twoman,945,0,0,0,False,True,True,0.7094746131773696,0.7094746131773696
gross_gain,twoman,952,0,0,0,False,True,True,0.6832808210807533,0.6832808210807533
gross_gain,twoman,963,0,0,0,False,True,True,0.7690612102383084,0.7690612102383084
gross_gain,twoman,1020,0,0,0,False,True,True,0.7935539092550378,0.7935539092550378
gross_gain,twoman,1021,0,0,0,False,True,True,0.7554491778399255,0.7554491778399255
gross_gain,twoman,1022,0,0,0,False,True,True,0.7852655176170257,0.7852655176170257
gross_gain,twoman,1023,0,0,0,False,True,True,0.7415754443290004,0.7415754443290004
gross_gain,twoman,1024,0,0,0,False,True,True,0.782504893007601,0.782504893007601
gross_gain,twoman,1030,0,0,0,False,True,True,0.7402955913990119,0.7402955913990119
gross_gain,twoman,1068,0,0,0,False,True,True,0.7013047699916815,0.7013047699916815
gross_gain,twoman,1069,0,0,0,False,True,True,0.8281799852811172,0.8281799852811172
gross_gain,twoman,1070,0,0,0,False,True,True,0.8145882164726043,0.8145882164726043
gross_gain,twoman,1071,0,0,0,False,True,True,0.7224064532053129,0.7224064532053129
gross_gain,twoman,1073,0,0,0,False,True,True,0.7083901751058465,0.7083901751058465
gross_gain,twoman,1075,0,0,0,False,True,True,0.6794674885614412,0.6794674885614412
gross_gain,twoman,1076,0,0,0,False,True,True,0.6555996920281744,0.6555996920281744
gross_gain,twoman,1077,0,0,0,False,True,True,0.8201734259779394,0.8201734259779394
gross_gain,twoman,1078,0,0,0,False,True,True,0.7383905681572017,0.7383905681572017
gross_gain,twoman,1080,0,0,0,False,True,True,0.8008499653873524,0.8008499653873524
gross_gain,twoman,1081,0,0,0,False,True,True,0.7688083987352257,0.7688083987352257
gross_gain,twoman,1082,0,0,0,False,True,True,0.7473842900265724,0.7473842900265724
gross_gain,twoman,1083,0,0,0,False,True,True,0.8086903052109896,0.8086903052109896
gross_gain,twoman,1084,0,0,0,False,True,True,0.802045429953806,0.802045429953806
gross_gain,twoman,1085,0,0,0,False,True,True,0.8075256215024015,0.8075256215024015
gross_gain,twoman,1086,0,0,0,False,True,True,0.8085710949650817,0.8085710949650817
gross_gain,twoman,1087,0,0,0,False,True,True,0.8196712851024399,0.8196712851024399
gross_gain,twoman,1282,0,0,2,True,False,True,0.7362750036220084,0.7362750036220084
gross_gain,twoman1,183,0,0,2,True,False,True,0.6630753363973874,0.6630753363973874
gross_gain,twoman1,213,0,0,2,True,False,True,0.8162130719905997,0.8162130719905997
gross_gain,twoman1,214,0,0,2,True,False,True,0.7467795525957627,0.7467795525957627
gross_gain,twoman1,240,0,0,2,True,False,True,0.6043643417956692,0.6043643417956692
gross_gain,twoman1,243,0,0,2,True,False,True,0.5048151030682845,0.5048151030682845
gross_gain,twoman1,244,0,0,2,True,False,True,0.6174860919254096,0.6174860919254096
gross_gain,twoman1,251,0,0,2,True,False,True,0.6757160343010005,0.6757160343010005
gross_gain,twoman1,252,0,0,2,True,False,True,0.6246199202232674,0.6246199202232674
gross_gain,twoman1,254,0,0,2,True,False,True,0.6314494374970605,0.6314494374970605
gross_gain,twoman1,256,0,0,2,True,False,True,0.5644833808746318,0.5644833808746318
gross_gain,twoman1,360,0,0,2,True,False,True,0.6617018809075883,0.6617018809075883
gross_gain,twoman1,363,0,0,2,True,False,True,0.6809136631326124,0.6809136631326124
gross_gain,twoman1,410,0,0,2,True,False,True,0.0,0.0
gross_gain,twoman1,412,0,0,2,True,False,True,0.6632634754551933,0.6632634754551933
gross_gain,twoman1,413,0,1,2,True,False,True,0.7028332008233735,0.7028332008233735
gross_gain,twoman1,414,0,0,2,True,False,True,0.6525653058376845,0.6525653058376845
gross_gain,twoman1,434,0,0,2,True,False,True,0.7628216393482876,0.7628216393482876
gross_gain,twoman1,436,0,0,2,True,False,True,0.7435303438680186,0.7435303438680186
gross_gain,twoman1,448,0,0,2,True,False,True,0.6909450922842028,0.6909450922842028
gross_gain,twoman1,456,0,0,2,True,False,True,0.6541804152295209,0.6541804152295209
gross_gain,twoman1,458,0,0,2,True,False,True,0.6428170436969384,0.6428170436969384
gross_gain,twoman1,459,0,0,2,True,False,True,0.0,0.0
gross_gain,twoman1,460,0,0,2,True,False,True,0.0,0.0
gross_gain,twoman1,462,0,0,2,True,False,True,0.0,0.0
gross_gain,twoman1,464,0,0,2,True,False,True,0.0,0.0
gross_gain,twoman1,467,0,0,2,True,False,True,0.2261717336311397,0.2261717336311397
gross_gain,twoman1,475,0,1,2,True,False,True,0.7218715525436066,0.7218715525436066
gross_gain,twoman1,476,0,0,2,True,False,True,0.7542602968560403,0.7542602968560403
gross_gain,twoman1,480,0,0,2,True,False,True,0.7755110190998107,0.7755110190998107
gross_gain,twoman1,481,0,0,2,True,False,True,0.7490529890332674,0.7490529890332674
gross_gain,twoman1,489,0,0,2,True,False,True,0.6222302426022,0.6222302426022
gross_gain,twoman1,495,0,0,2,True,False,True,0.7066658380325482,0.7066658380325482
gross_gain,twoman1,537,0,0,2,True,False,True,0.7897047439962387,0.7897047439962387
gross_gain,twoman1,540,0,0,2,True,False,True,0.7369177076347111,0.7369177076347111
gross_gain,twoman1,893,0,0,2,True,False,True,0.6863961974257599,0.6863961974257599
gross_gain,twoman1,896,0,0,2,True,False,True,0.7545113739084874,0.7545113739084874
gross_gain,twoman1,912,0,0,2,True,False,True,0.7557088671987735,0.7557088671987735
gross_gain,twoman1,924,0,0,2,True,False,True,0.7691433235149394,0.7691433235149394
gross_gain,twoman1,925,0,0,2,True,False,True,0.695164508217878,0.695164508217878
gross_gain,twoman1,927,0,0,2,True,False,True,0.7456824446022657,0.7456824446022657
gross_gain,twoman1,929,0,0,2,True,False,True,0.7734311944901539,0.7734311944901539
gross_gain,twoman1,930,0,0,2,True,False,True,0.7383618979656483,0.7383618979656483
gross_gain,twoman1,931,0,0,2,True,False,True,0.6744726056925884,0.6744726056925884
gross_gain,twoman1,933,0,0,2,True,False,True,0.7215769428822312,0.7215769428822312
gross_gain,twoman1,936,0,0,2,True,False,True,0.6589177780839096,0.6589177780839096
gross_gain,twoman1,994,0,0,2,True,False,True,0.807722968700209,0.807722968700209
gross_gain,twoman1,996,0,0,2,True,False,True,0.8358165286614261,0.8358165286614261
gross_gain,twoman2,144,0,0,2,True,False,True,0.7864850447634246,0.7864850447634246
gross_gain,twoman2,145,0,0,2,True,False,True,0.7835602359734782,0.7835602359734782
gross_gain,twoman2,146,0,0,2,True,False,True,0.781090091956821,0.781090091956821
gross_gain,twoman2,165,0,0,2,True,False,True,0.7692512221906593,0.7692512221906593
gross_gain,twoman2,202,0,0,2,True,False,True,0.7747453541804673,0.7747453541804673
gross_gain,twoman2,205,0,0,2,True,False,True,0.7532431636432319,0.7532431636432319
gross_gain,twoman2,207,0,0,2,True,False,True,0.805901833373047,0.805901833373047
gross_gain,twoman2,208,0,0,2,True,False,True,0.795592638974491,0.795592638974491
gross_gain,twoman2,218,0,0,2,True,False,True,0.7996494659863487,0.7996494659863487
gross_gain,twoman2,219,0,0,2,True,False,True,0.8533310594743642,0.8533310594743642
gross_gain,twoman2,254,0,0,2,True,False,True,0.7744890069777643,0.7744890069777643
gross_gain,twoman2,256,0,0,2,True,False,True,0.8343826046508547,0.8343826046508547
gross_gain,twoman2,311,0,0,2,True,False,True,0.7510511844379998,0.7510511844379998
gross_gain,twoman2,349,0,0,2,True,False,True,0.6822402639347042,0.6822402639347042
gross_gain,twoman2,359,0,0,2,True,False,True,0.7601928020853266,0.7601928020853266
gross_gain,twoman2,361,0,0,2,True,False,True,0.653729422041016,0.653729422041016
gross_gain,twoman2,362,0,0,2,True,False,True,0.7057870899143914,0.7057870899143914
gross_gain,twoman2,363,0,0,2,True,False,True,0.7166375689413333,0.7166375689413333
gross_gain,twoman2,364,0,0,2,True,False,True,0.7562104631153462,0.7562104631153462
gross_gain,twoman2,365,0,0,2,True,False,True,0.7305897948235234,0.7305897948235234
gross_gain,twoman2,383,0,0,2,True,False,True,0.8639909141155854,0.8639909141155854
gross_gain,twoman2,384,0,0,2,True,False,True,0.6858004064817753,0.6858004064817753
gross_gain,twoman2,385,0,0,2,True,False,True,0.5523772928310188,0.5523772928310188
gross_gain,twoman2,386,0,0,2,True,False,True,0.17948663087596417,0.17948663087596417
gross_gain,twoman2,387,0,0,2,True,False,True,0.05217597319355466,0.05217597319355466
gross_gain,twoman2,388,0,0,2,True,False,True,0.036354988619527816,0.036354988619527816
gross_gain,twoman2,389,0,0,2,True,False,True,0.0,0.0
gross_gain,twoman2,390,0,0,2,True,False,True,0.0,0.0
gross_gain,twoman2,391,0,0,2,True,False,True,0.0,0.0
gross_gain,twoperson,270,0,0,0,False,True,True,0.7719962904098893,0.7719962904098893
gross_gain,twoperson,305,0,0,0,False,True,True,0.6787734679236611,0.6787734679236611
gross_gain,twoperson,355,0,0,0,False,True,True,0.6817073439775727,0.6817073439775727
gross_gain,twowoman1,4,0,0,0,False,True,True,0.8419338187996509,0.8419338187996509
gross_gain,twowoman1,39,0,0,0,False,True,True,0.7644284435731621,0.7644284435731621
gross_gain,twowoman1,40,0,0,0,False,True,True,0.7789167021489485,0.7789167021489485
gross_gain,twowoman1,45,0,0,0,False,True,True,0.862862874148527,0.862862874148527
gross_gain,twowoman1,100,0,0,0,False,True,True,0.7912751926315414,0.7912751926315414
gross_gain,twowoman1,101,0,0,0,False,True,True,0.7713965572534244,0.7713965572534244
gross_gain,twowoman1,102,0,0,0,False,True,True,0.7733717599627994,0.7733717599627994
gross_gain,twowoman1,103,0,0,0,False,True,True,0.7909181780299728,0.7909181780299728
gross_gain,twowoman1,116,0,0,0,False,True,True,0.8150574019757576,0.8150574019757576
gross_gain,twowoman1,119,0,0,0,False,True,True,0.8160433814125433,0.8160433814125433
gross_gain,twowoman1,120,0,0,0,False,True,True,0.825793496128832,0.825793496128832
gross_gain,twowoman1,121,0,0,0,False,True,True,0.8418795049276087,0.8418795049276087
gross_gain,twowoman1,122,0,0,0,False,True,True,0.8053872569479572,0.8053872569479572
gross_gain,walking40,159,0,0,0,False,True,True,0.6275418347979299,0.6275418347979299
gross_gain,walking40,214,0,0,2,True,False,True,0.8517575943415873,0.8517575943415873
gross_gain,walking40,215,0,0,2,True,False,True,0.8529184390912194,0.8529184390912194
gross_gain,walking40,217,0,0,2,True,False,True,0.8535920158676009,0.8535920158676009
gross_gain,walking40,218,0,0,2,True,False,True,0.8274482500472511,0.8274482500472511
gross_gain,walking40,219,0,0,2,True,False,True,0.6325797808292271,0.6325797808292271
gross_gain,walking40,221,0,0,2,True,False,True,0.7242213227352776,0.7242213227352776
gross_gain,walking40,222,0,0,2,True,False,True,0.6420534223782172,0.6420534223782172
gross_gain,walking40,230,0,0,2,True,False,True,0.6523534388536179,0.6523534388536179
gross_gain,walking40,231,0,0,2,True,False,True,0.6544683197014574,0.6544683197014574
gross_gain,walking40,233,0,0,2,True,False,True,0.6516571681210224,0.6516571681210224
gross_gain,walking40,235,0,0,2,True,False,True,0.697766476102089,0.697766476102089
gross_gain,walking40,237,0,0,2,True,False,True,0.6177310051059813,0.6177310051059813
gross_gain,walking40,238,0,0,2,True,False,True,0.704010539226378,0.704010539226378
gross_gain,walking40,239,0,0,2,True,False,True,0.5686074815845377,0.5686074815845377
gross_gain,walking40,240,0,0,2,True,False,True,0.6284209925460332,0.6284209925460332
gross_gain,walking40,242,0,0,2,True,False,True,0.5727184131884222,0.5727184131884222
gross_gain,walking40,243,0,0,2,True,False,True,0.6492648979913502,0.6492648979913502
gross_gain,walking40,244,0,0,2,True,False,True,0.6097431455512903,0.6097431455512903
gross_gain,walking40,246,0,0,2,True,False,True,0.6607385567528995,0.6607385567528995
gross_gain,walking40,247,0,0,2,True,False,True,0.6770506523408177,0.6770506523408177
gross_gain,walking40,248,0,0,2,True,False,True,0.734454539182025,0.734454539182025
gross_gain,walking40,249,0,0,2,True,False,True,0.5618508528652928,0.5618508528652928
gross_gain,walking40,252,0,0,2,True,False,True,0.8001631136323559,0.8001631136323559
gross_gain,walking40,253,0,0,2,True,False,True,0.6906550577394732,0.6906550577394732
gross_gain,walking40,254,0,0,2,True,False,True,0.6764352931382139,0.6764352931382139
gross_gain,walking40,255,0,0,2,True,False,True,0.7496617751329981,0.7496617751329981
gross_gain,walking40,256,0,0,2,True,False,True,0.7017973834755787,0.7017973834755787
gross_gain,walking40,257,0,0,2,True,False,True,0.6252633554224464,0.6252633554224464
gross_gain,walking40,258,0,0,2,True,False,True,0.6144824488121011,0.6144824488121011
gross_gain,walking40,259,0,0,2,True,False,True,0.07999133456510214,0.07999133456510214
gross_gain,walking40,260,0,0,2,True,False,True,0.5354238776769629,0.5354238776769629
gross_gain,walking40,261,0,0,2,True,False,True,0.5758088135677382,0.5758088135677382
gross_gain,walking40,263,0,1,2,True,False,True,0.4086533011034819,0.4086533011034819
gross_gain,walking40,264,0,0,2,True,False,True,0.0,0.0
gross_gain,walking40,265,0,0,2,True,False,True,0.0011177127588692204,0.0011177127588692204
gross_gain,walking40,266,0,0,2,True,False,True,0.0,0.0
gross_gain,walking40,267,0,0,2,True,False,True,0.1460476956731685,0.1460476956731685
gross_gain,walking40,268,0,0,2,True,False,True,0.0,0.0
gross_gain,walking40,269,0,0,2,True,False,True,0.0,0.0
gross_gain,walking40,272,0,0,2,True,False,True,0.0,0.0
gross_gain,walking40,273,0,0,2,True,False,True,0.0,0.0
gross_gain,walking40,276,0,0,2,True,False,True,0.01290980071174081,0.01290980071174081
gross_gain,walking40,278,0,0,2,True,False,True,0.12231612629694712,0.12231612629694712
gross_gain,walking40,279,0,0,2,True,False,True,0.005654556426284649,0.005654556426284649
gross_gain,walking40,280,0,0,2,True,False,True,0.07747726108051384,0.07747726108051384
gross_gain,walking40,281,0,0,2,True,False,True,0.09439180059129942,0.09439180059129942
gross_gain,walking40,283,0,0,2,True,False,True,0.1459667984986272,0.1459667984986272
gross_gain,walking40,289,0,0,2,True,False,True,0.0,0.0
gross_gain,walking40,290,0,0,2,True,False,True,0.1776185789296338,0.1776185789296338
gross_gain,walking40,291,0,0,2,True,False,True,0.1151659437185859,0.1151659437185859
gross_gain,walking40,292,0,0,2,True,False,True,0.41745318815202986,0.41745318815202986
gross_gain,walking40,293,0,0,2,True,False,True,0.4340354379833845,0.4340354379833845
gross_gain,walking40,295,0,0,2,True,False,True,0.40328921781653254,0.40328921781653254
gross_gain,walking40,296,0,0,2,True,False,True,0.35861399078240336,0.35861399078240336
gross_gain,walking40,297,0,0,2,True,False,True,0.39970181007112887,0.39970181007112887
gross_gain,walking40,298,0,0,2,True,False,True,0.3415922484604532,0.3415922484604532
gross_gain,walking40,299,0,0,2,True,False,True,0.4542510611307855,0.4542510611307855
gross_gain,walking40,300,0,0,2,True,False,True,0.44721003379559215,0.44721003379559215
gross_gain,walking40,301,0,0,2,True,False,True,0.5146640722421515,0.5146640722421515
gross_gain,walking40,302,0,0,2,True,False,True,0.5991942046132274,0.5991942046132274
gross_gain,walking40,303,0,0,2,True,False,True,0.4704164266793637,0.4704164266793637
gross_gain,walking40,304,0,0,2,True,False,True,0.6927300520156718,0.6927300520156718
gross_gain,walking40,305,0,0,2,True,False,True,0.6411383253151456,0.6411383253151456
gross_gain,walking40,306,0,0,2,True,False,True,0.5002322883108541,0.5002322883108541
gross_gain,walking40,307,0,0,2,True,False,True,0.6289674583753755,0.6289674583753755
gross_gain,walking40,308,0,0,2,True,False,True,0.5506096657716824,0.5506096657716824
gross_gain,walking40,309,0,0,2,True,False,True,0.422159024537621,0.422159024537621
gross_gain,walking40,311,0,0,2,True,False,True,0.4855599907687115,0.4855599907687115
gross_gain,walking40,312,0,0,2,True,False,True,0.5671122906640242,0.5671122906640242
gross_gain,walking40,313,0,0,2,True,False,True,0.3904484315694006,0.3904484315694006
gross_gain,walking40,314,0,0,2,True,False,True,0.5978616976007299,0.5978616976007299
gross_gain,walking40,315,0,0,2,True,False,True,0.45904603164208513,0.45904603164208513
gross_gain,walking40,316,0,0,2,True,False,True,0.4911499846209481,0.4911499846209481
gross_gain,walking40,317,0,0,2,True,False,True,0.0,0.0
gross_gain,walking40,318,0,1,2,True,False,True,0.0,0.0
gross_gain,walking40,319,0,0,2,True,False,True,0.42783864688858064,0.42783864688858064
gross_gain,walking40,321,0,0,2,True,False,True,0.338450700937213,0.338450700937213
gross_gain,walking40,323,0,0,2,True,False,True,0.01366346634232357,0.01366346634232357
gross_gain,walking40,325,0,0,2,True,False,True,0.027899859969799826,0.027899859969799826
gross_gain,walking40,326,0,0,2,True,False,True,0.0,0.0
gross_gain,walking40,328,0,0,2,True,False,True,0.0,0.0
gross_gain,walking40,329,0,0,2,True,False,True,0.03844143246033337,0.03844143246033337
gross_gain,walking40,333,0,0,2,True,False,True,0.07076820825521107,0.07076820825521107
gross_gain,walking40,334,0,0,2,True,False,True,0.06147892018388679,0.06147892018388679
gross_gain,walking40,336,0,0,2,True,False,True,0.05481704038121965,0.05481704038121965
gross_gain,walking40,337,0,0,2,True,False,True,0.03507075654799094,0.03507075654799094
gross_gain,walking40,338,0,0,2,True,False,True,0.0346998052259027,0.0346998052259027
gross_gain,walking40,340,0,0,2,True,False,True,0.04643587149550572,0.04643587149550572
gross_gain,walking40,341,0,0,2,True,False,True,0.10619181353116927,0.10619181353116927
gross_gain,walking40,342,0,0,2,True,False,True,0.07562221187885622,0.07562221187885622
gross_gain,walking40,343,0,0,2,True,False,True,0.18203140508201684,0.18203140508201684
gross_gain,walking40,344,0,0,2,True,False,True,0.08318777916531196,0.08318777916531196
gross_gain,walking40,345,0,0,2,True,False,True,0.16302579161078215,0.16302579161078215
gross_gain,walking40,347,0,0,2,True,False,True,0.07706837297370196,0.07706837297370196
gross_gain,walking40,348,0,0,2,True,False,True,0.1090936029700428,0.1090936029700428
gross_gain,walking40,349,0,0,2,True,False,True,0.07706158334107834,0.07706158334107834
gross_gain,walking40,350,0,0,2,True,False,True,0.04773355727324403,0.04773355727324403
gross_gain,walking40,351,0,0,2,True,False,True,0.22491597517260944,0.22491597517260944
gross_gain,walking40,358,0,0,2,True,False,True,0.08277993035483276,0.08277993035483276
gross_gain,walking40,359,0,0,2,True,False,True,0.04255244523756629,0.04255244523756629
gross_gain,walking40,360,0,0,2,True,False,True,0.08705354865908353,0.08705354865908353
gross_gain,walking41,220,0,0,2,True,False,True,0.6130818156515304,0.6130818156515304
gross_gain,walking41,221,0,0,2,True,False,True,0.4637098623157434,0.4637098623157434
gross_gain,walking41,222,0,0,2,True,False,True,0.5081167201105043,0.5081167201105043
gross_gain,walking41,223,0,0,2,True,False,True,0.38672008649237466,0.38672008649237466
gross_gain,walking41,224,0,0,2,True,False,True,0.37742456958796594,0.37742456958796594
gross_gain,walking41,225,0,0,2,True,False,True,0.07263439290641194,0.07263439290641194
gross_gain,walking41,226,0,0,2,True,False,True,0.22956061128105446,0.22956061128105446
gross_gain,walking41,227,0,0,2,True,False,True,0.16219471377442266,0.16219471377442266
gross_gain,walking41,228,0,0,2,True,False,True,0.3064246898192117,0.3064246898192117
gross_gain,walking41,229,0,0,2,True,False,True,0.1482763270497121,0.1482763270497121
gross_gain,walking41,230,0,0,2,True,False,True,0.302654018555685,0.302654018555685
gross_gain,walking41,231,0,0,2,True,False,True,0.5247154502660806,0.5247154502660806
gross_gain,walking41,237,0,0,2,True,False,True,0.5218545490388836,0.5218545490388836
gross_gain,walking41,239,0,0,2,True,False,True,0.5086653851307438,0.5086653851307438
gross_gain,walking41,244,0,0,2,True,False,True,0.6252026057871992,0.6252026057871992
gross_gain,walking41,301,0,0,2,True,False,True,0.4533311249147707,0.4533311249147707
gross_gain,walking41,306,0,0,2,True,False,True,0.44303154805706263,0.44303154805706263
gross_gain,walking41,317,0,0,2,True,False,True,0.6109778022081847,0.6109778022081847
gross_gain,walking41,318,0,0,2,True,False,True,0.6934046421458612,0.6934046421458612
gross_gain,walking41,321,0,0,2,True,False,True,0.587919499773231,0.587919499773231
gross_gain,walking41,333,0,0,2,True,False,True,0.5044464785448359,0.5044464785448359
gross_gain,walking41,334,0,0,2,True,False,True,0.5971421702609597,0.5971421702609597
gross_gain,walking41,348,0,0,2,True,False,True,0.47809136775967176,0.47809136775967176
gross_gain,walking41,350,0,0,2,True,False,True,0.7044567422167382,0.7044567422167382
gross_gain,walking41,354,0,0,2,True,False,True,0.5684884201712301,0.5684884201712301
gross_gain,walkingman,24,0,0,0,False,True,True,0.7412940626050082,0.7412940626050082
gross_gain,walkingman,65,0,0,2,True,False,True,0.004691445607357025,0.004691445607357025
gross_gain,walkingman1,112,0,0,2,True,False,True,0.03614210786178967,0.03614210786178967
gross_gain,walkingman1,114,0,0,2,True,False,True,0.045160034559599604,0.045160034559599604
gross_gain,walkingman1,117,0,0,2,True,False,True,0.028064119852781785,0.028064119852781785
gross_gain,walkingman1,118,0,0,2,True,False,True,0.03864031294906748,0.03864031294906748
gross_gain,walkingman1,126,0,0,2,True,False,True,0.06286450351196961,0.06286450351196961
gross_gain,walkingman1,134,0,0,2,True,False,True,0.1916308900786686,0.1916308900786686
gross_gain,walkingman1,236,0,0,2,True,False,True,0.8511986717891803,0.8511986717891803
gross_gain,walkingman1,237,0,0,2,True,False,True,0.22083342528744984,0.22083342528744984
gross_gain,walkingman1,257,0,0,2,True,False,True,0.10820296923480319,0.10820296923480319
gross_gain,walkingman1,365,0,0,2,True,False,True,0.0,0.0
gross_gain,walkingman1,367,0,0,2,True,False,True,0.0,0.0
gross_gain,walkingman1,473,0,0,2,True,False,True,0.0,0.0
gross_gain,walkingman12,19,0,0,2,True,False,True,0.5251963214638381,0.5251963214638381
gross_gain,walkingman12,20,0,0,2,True,False,True,0.7050333097585029,0.7050333097585029
gross_gain,walkingman12,21,0,0,2,True,False,True,0.44307960489048026,0.44307960489048026
gross_gain,walkingman12,22,0,0,2,True,False,True,0.396556731103384,0.396556731103384
gross_gain,walkingman12,23,0,0,2,True,False,True,0.4006955230723923,0.4006955230723923
gross_gain,walkingman12,25,0,0,2,True,False,True,0.4636729264062479,0.4636729264062479
gross_gain,walkingman12,26,0,0,2,True,False,True,0.3634919766387296,0.3634919766387296
gross_gain,walkingman12,27,0,0,2,True,False,True,0.6388085209032278,0.6388085209032278
gross_gain,walkingman12,28,0,0,2,True,False,True,0.42540424858415904,0.42540424858415904
gross_gain,walkingman12,29,0,0,2,True,False,True,0.47368407864862344,0.47368407864862344
gross_gain,walkingman12,30,0,0,2,True,False,True,0.35383666954828197,0.35383666954828197
gross_gain,walkingman12,31,0,0,2,True,False,True,0.45920734026293614,0.45920734026293614
gross_gain,walkingman12,32,0,0,2,True,False,True,0.7594227485432131,0.7594227485432131
gross_gain,walkingman12,33,0,0,2,True,False,True,0.5305832008585505,0.5305832008585505
gross_gain,walkingman12,34,0,0,2,True,False,True,0.7718409884843271,0.7718409884843271
gross_gain,walkingman12,36,0,0,2,True,False,True,0.5562059896021924,0.5562059896021924
gross_gain,walkingman12,37,0,0,2,True,False,True,0.4590998711389161,0.4590998711389161
gross_gain,walkingman12,38,0,0,2,True,False,True,0.6590434276470539,0.6590434276470539
gross_gain,walkingman12,39,0,0,2,True,False,True,0.8076843779590398,0.8076843779590398
gross_gain,walkingman12,40,0,0,2,True,False,True,0.6241904920364569,0.6241904920364569
gross_gain,walkingman12,41,0,0,2,True,False,True,0.7966460448561824,0.7966460448561824
gross_gain,walkingman12,42,0,0,2,True,False,True,0.6039400265086918,0.6039400265086918
gross_gain,walkingman12,43,0,0,2,True,False,True,0.6614031402472839,0.6614031402472839
gross_gain,walkingman12,44,0,0,2,True,False,True,0.44337318053337244,0.44337318053337244
gross_gain,walkingman12,45,0,0,2,True,False,True,0.7046529163157523,0.7046529163157523
gross_gain,walkingman12,46,0,0,2,True,False,True,0.6413025669077242,0.6413025669077242
gross_gain,walkingman12,52,0,0,2,True,False,True,0.6563926477877584,0.6563926477877584
gross_gain,walkingman12,54,0,0,2,True,False,True,0.7333374316726837,0.7333374316726837
gross_gain,walkingman12,55,0,0,2,True,False,True,0.76545225849372,0.76545225849372
gross_gain,walkingman12,57,0,0,2,True,False,True,0.7049858250661836,0.7049858250661836
gross_gain,walkingman12,58,0,0,2,True,False,True,0.6123265386427037,0.6123265386427037
gross_gain,walkingman12,59,0,0,2,True,False,True,0.5093008027800455,0.5093008027800455
gross_gain,walkingman12,60,0,0,2,True,False,True,0.47916464856201196,0.47916464856201196
gross_gain,walkingman12,61,0,0,2,True,False,True,0.5882194281009984,0.5882194281009984
gross_gain,walkingman12,64,0,0,2,True,False,True,0.6654885379151393,0.6654885379151393
gross_gain,walkingman12,68,0,0,2,True,False,True,0.433532145815174,0.433532145815174
gross_gain,walkingman12,74,0,0,2,True,False,True,0.4689279558468432,0.4689279558468432
gross_gain,walkingman12,81,0,0,2,True,False,True,0.5003850927644701,0.5003850927644701
gross_gain,walkingman12,82,0,0,2,True,False,True,0.3756155580753282,0.3756155580753282
gross_gain,walkingman12,85,0,0,2,True,False,True,0.5715647964271382,0.5715647964271382
gross_gain,walkingman12,93,0,0,2,True,False,True,0.5565613061347063,0.5565613061347063
gross_gain,walkingman12,95,0,0,2,True,False,True,0.5582851561022643,0.5582851561022643
gross_gain,walkingman12,96,0,0,2,True,False,True,0.5642692688249159,0.5642692688249159
gross_gain,walkingman12,98,0,0,2,True,False,True,0.5497777550838243,0.5497777550838243
gross_gain,walkingman12,99,0,0,2,True,False,True,0.5330894667942767,0.5330894667942767
gross_gain,walkingman12,101,0,0,2,True,False,True,0.5308998573726387,0.5308998573726387
gross_gain,walkingman12,102,0,0,2,True,False,True,0.7364821331417756,0.7364821331417756
gross_gain,walkingman12,103,0,0,2,True,False,True,0.5856700336471995,0.5856700336471995
gross_gain,walkingman12,104,0,0,2,True,False,True,0.7538360004170506,0.7538360004170506
gross_gain,walkingman12,105,0,0,2,True,False,True,0.6997698579641083,0.6997698579641083
gross_gain,walkingman12,106,0,0,2,True,False,True,0.69449024132278,0.69449024132278
gross_gain,walkingman12,107,0,0,2,True,False,True,0.8211058601244572,0.8211058601244572
gross_gain,walkingman12,111,0,0,2,True,False,True,0.6011011777196391,0.6011011777196391
gross_gain,walkingman12,112,0,0,2,True,False,True,0.8404133991427754,0.8404133991427754
gross_gain,walkingman12,113,0,0,2,True,False,True,0.828086489307558,0.828086489307558
gross_gain,walkingman12,115,0,0,2,True,False,True,0.8542665317213832,0.8542665317213832
gross_gain,walkingman12,116,0,0,2,True,False,True,0.7934608065562204,0.7934608065562204
gross_gain,walkingman12,119,0,0,2,True,False,True,0.8800738618063276,0.8800738618063276
gross_gain,walkingman12,120,0,0,2,True,False,True,0.7090431640557652,0.7090431640557652
gross_gain,walkingman12,121,0,0,2,True,False,True,0.7716651980995634,0.7716651980995634
gross_gain,walkingman12,122,0,0,2,True,False,True,0.7898487703206153,0.7898487703206153
gross_gain,walkingman12,123,0,0,2,True,False,True,0.7695284231409582,0.7695284231409582
gross_gain,walkingman12,124,0,0,2,True,False,True,0.6706299057861758,0.6706299057861758
gross_gain,walkingman12,125,0,0,2,True,False,True,0.7793759721925182,0.7793759721925182
gross_gain,walkingman12,126,0,0,2,True,False,True,0.7599267713777,0.7599267713777
gross_gain,walkingman12,127,0,0,2,True,False,True,0.6729980776989982,0.6729980776989982
gross_gain,walkingman12,129,0,0,2,True,False,True,0.6823982600799864,0.6823982600799864
gross_gain,walkingman12,131,0,0,2,True,False,True,0.6743477186414966,0.6743477186414966
gross_gain,walkingman12,132,0,0,2,True,False,True,0.9404613082146888,0.9404613082146888
gross_gain,walkingman12,134,0,0,2,True,False,True,0.7373968127946958,0.7373968127946958
gross_gain,walkingman12,135,0,0,2,True,False,True,0.602070486752632,0.602070486752632
gross_gain,walkingman12,158,0,0,2,True,False,True,0.5216850830024449,0.5216850830024449
gross_gain,walkingman12,159,0,0,2,True,False,True,0.5649256025193387,0.5649256025193387
gross_gain,walkingman12,160,0,0,2,True,False,True,0.3691554704590288,0.3691554704590288
gross_gain,walkingman12,161,0,0,2,True,False,True,0.6899370804490422,0.6899370804490422
gross_gain,walkingman12,162,0,0,2,True,False,True,0.06572575825784677,0.06572575825784677
gross_gain,walkingman12,166,0,0,2,True,False,True,0.17913596778480165,0.17913596778480165
gross_gain,walkingman12,167,0,0,2,True,False,True,0.3015992351352242,0.3015992351352242
gross_gain,walkingman12,176,0,0,2,True,False,True,0.4544205755984317,0.4544205755984317
gross_gain,walkingman12,178,0,0,2,True,False,True,0.3746270093610601,0.3746270093610601
gross_gain,walkingman12,180,0,0,2,True,False,True,0.4744058392980271,0.4744058392980271
gross_gain,walkingman12,181,0,0,2,True,False,True,0.41592638412188315,0.41592638412188315
gross_gain,walkingman12,183,0,0,2,True,False,True,0.520242278522828,0.520242278522828
gross_gain,walkingman12,185,0,0,2,True,False,True,0.3558437149332463,0.3558437149332463
gross_gain,walkingman12,188,0,0,2,True,False,True,0.519142219862183,0.519142219862183
gross_gain,walkingman12,190,0,0,2,True,False,True,0.5014930073330378,0.5014930073330378
gross_gain,walkingman12,191,0,0,2,True,False,True,0.3904348347577883,0.3904348347577883
gross_gain,walkingman12,192,0,0,2,True,False,True,0.3014544281540763,0.3014544281540763
gross_gain,walkingman12,193,0,0,2,True,False,True,0.3991868361947123,0.3991868361947123
gross_gain,walkingman12,194,0,0,2,True,False,True,0.35284130387931595,0.35284130387931595
gross_gain,walkingman12,195,0,0,2,True,False,True,0.3999928802362562,0.3999928802362562
gross_gain,walkingman12,196,0,0,2,True,False,True,0.5627199297760321,0.5627199297760321
gross_gain,walkingman12,198,0,0,2,True,False,True,0.5194643819536404,0.5194643819536404
gross_gain,walkingman12,200,0,0,2,True,False,True,0.0943089332650123,0.0943089332650123
gross_gain,walkingman12,202,0,0,2,True,False,True,0.21238491520287128,0.21238491520287128
gross_gain,walkingman12,206,0,0,2,True,False,True,0.47456004614332264,0.47456004614332264
gross_gain,walkingman12,209,0,0,2,True,False,True,0.387121108244641,0.387121108244641
gross_gain,walkingman12,215,0,0,2,True,False,True,0.551274353561109,0.551274353561109
gross_gain,walkingman12,217,0,0,2,True,False,True,0.4594814855134241,0.4594814855134241
gross_gain,walkingman12,220,0,0,2,True,False,True,0.5716846709541418,0.5716846709541418
gross_gain,walkingman12,221,0,0,2,True,False,True,0.693128068918357,0.693128068918357
gross_gain,walkingman12,226,0,0,2,True,False,True,0.577939779421023,0.577939779421023
gross_gain,walkingman12,229,0,0,2,True,False,True,0.5069439321410548,0.5069439321410548
gross_gain,walkingman12,230,0,0,2,True,False,True,0.2274120088094973,0.2274120088094973
gross_gain,walkingman12,232,0,0,2,True,False,True,0.4265614880033705,0.4265614880033705
gross_gain,walkingman12,233,0,0,2,True,False,True,0.7235784614474423,0.7235784614474423
gross_gain,walkingman12,235,0,0,2,True,False,True,0.5451167637466812,0.5451167637466812
gross_gain,walkingman12,236,0,0,2,True,False,True,0.41498342388656995,0.41498342388656995
gross_gain,walkingman12,242,0,0,2,True,False,True,0.5076139475330897,0.5076139475330897
gross_gain,walkingman12,248,0,0,2,True,False,True,0.3992223478209658,0.3992223478209658
gross_gain,walkingman12,249,0,0,2,True,False,True,0.39984363051441757,0.39984363051441757
gross_gain,walkingman12,250,0,0,2,True,False,True,0.18135371310224896,0.18135371310224896
gross_gain,walkingman12,251,0,0,2,True,False,True,0.15744380568759295,0.15744380568759295
gross_gain,walkingman12,252,0,0,2,True,False,True,0.3501564787614651,0.3501564787614651
gross_gain,walkingman12,253,0,0,2,True,False,True,0.3943186636180283,0.3943186636180283
gross_gain,walkingman12,254,0,0,2,True,False,True,0.40698171831955726,0.40698171831955726
gross_gain,walkingman12,255,0,0,2,True,False,True,0.37045698769366153,0.37045698769366153
gross_gain,walkingman12,257,0,0,2,True,False,True,0.1660946265376249,0.1660946265376249
gross_gain,walkingman12,258,0,0,2,True,False,True,0.19132201564871087,0.19132201564871087
gross_gain,walkingman12,259,0,0,2,True,False,True,0.2633824376521645,0.2633824376521645
gross_gain,walkingman12,260,0,0,2,True,False,True,0.5553954025622982,0.5553954025622982
gross_gain,walkingman12,261,0,0,2,True,False,True,0.599278712289,0.599278712289
gross_gain,walkingman12,262,0,0,2,True,False,True,0.7607910201301602,0.7607910201301602
gross_gain,walkingman12,263,0,0,2,True,False,True,0.7382276243051992,0.7382276243051992
gross_gain,walkingman12,265,0,0,2,True,False,True,0.7545197001339533,0.7545197001339533
gross_gain,walkingman12,266,0,0,2,True,False,True,0.7548628452124709,0.7548628452124709
gross_gain,walkingman12,268,0,0,2,True,False,True,0.5608913672904908,0.5608913672904908
gross_gain,walkingman12,270,0,0,2,True,False,True,0.42079596990787393,0.42079596990787393
gross_gain,walkingman12,271,0,0,2,True,False,True,0.6545050808323611,0.6545050808323611
gross_gain,walkingman12,272,0,0,2,True,False,True,0.7218587951556283,0.7218587951556283
gross_gain,walkingman12,274,0,0,2,True,False,True,0.7769423438465992,0.7769423438465992
gross_gain,walkingman12,276,0,0,2,True,False,True,0.7861379283394767,0.7861379283394767
gross_gain,walkingman12,277,0,0,2,True,False,True,0.7920724520243424,0.7920724520243424
gross_gain,walkingman12,280,0,0,2,True,False,True,0.4838945678268777,0.4838945678268777
gross_gain,walkingman12,281,0,0,2,True,False,True,0.525109257060539,0.525109257060539
gross_gain,walkingman12,282,0,0,2,True,False,True,0.2644146587999908,0.2644146587999908
gross_gain,walkingman12,286,0,0,2,True,False,True,0.04286228244136785,0.04286228244136785
gross_gain,walkingman12,289,0,0,2,True,False,True,0.382209233298806,0.382209233298806
gross_gain,walkingman12,291,0,0,2,True,False,True,0.11078043172350627,0.11078043172350627
gross_gain,walkingman12,292,0,0,2,True,False,True,0.2984312481210485,0.2984312481210485
gross_gain,walkingman12,293,0,0,2,True,False,True,0.29166301852136556,0.29166301852136556
gross_gain,walkingman12,294,0,0,2,True,False,True,0.25535068227699664,0.25535068227699664
gross_gain,walkingman12,295,0,0,2,True,False,True,0.3092425622446726,0.3092425622446726
gross_gain,walkingman12,296,0,0,2,True,False,True,0.1477687567143027,0.1477687567143027
gross_gain,walkingman12,298,0,0,2,True,False,True,0.2792443398326816,0.2792443398326816
gross_gain,walkingman12,303,0,0,2,True,False,True,0.20347093095924376,0.20347093095924376
gross_gain,walkingman12,305,0,0,2,True,False,True,0.08870443077863513,0.08870443077863513
gross_gain,walkingman12,308,0,0,2,True,False,True,0.22315142621049674,0.22315142621049674
gross_gain,walkingman12,312,0,0,2,True,False,True,0.4071861315955021,0.4071861315955021
gross_gain,walkingman12,315,0,0,2,True,False,True,0.40586119765298617,0.40586119765298617
gross_gain,walkingman12,316,0,0,2,True,False,True,0.37034210159726827,0.37034210159726827
gross_gain,walkingman12,317,0,0,2,True,False,True,0.2079305784251558,0.2079305784251558
gross_gain,walkingman12,319,0,0,2,True,False,True,0.21271689263092247,0.21271689263092247
gross_gain,walkingman12,320,0,0,2,True,False,True,0.23864330330500405,0.23864330330500405
gross_gain,walkingman12,321,0,0,2,True,False,True,0.2568719782656107,0.2568719782656107
gross_gain,walkingman12,322,0,0,2,True,False,True,0.18827405613071405,0.18827405613071405
gross_gain,walkingman12,324,0,0,2,True,False,True,0.21468828333130519,0.21468828333130519
gross_gain,walkingman12,325,0,0,2,True,False,True,0.24265901880845406,0.24265901880845406
gross_gain,walkingman12,326,0,0,2,True,False,True,0.2883531126113315,0.2883531126113315
gross_gain,walkingman12,327,0,0,2,True,False,True,0.2874963209464336,0.2874963209464336
gross_gain,walkingman12,328,0,0,2,True,False,True,0.2862788717833803,0.2862788717833803
gross_gain,walkingman12,329,0,0,2,True,False,True,0.22684943569604515,0.22684943569604515
gross_gain,walkingman12,330,0,0,2,True,False,True,0.3317917086723115,0.3317917086723115
gross_gain,walkingman12,331,0,0,2,True,False,True,0.22988394777697732,0.22988394777697732
gross_gain,walkingman12,332,0,0,2,True,False,True,0.2955045920990369,0.2955045920990369
gross_gain,walkingman12,333,0,0,2,True,False,True,0.28367096563628,0.28367096563628
gross_gain,walkingman12,334,0,0,2,True,False,True,0.30410555980577686,0.30410555980577686
gross_gain,walkingman12,335,0,0,2,True,False,True,0.1670934099576713,0.1670934099576713
gross_gain,walkingman12,336,0,0,2,True,False,True,0.3432396358992731,0.3432396358992731
gross_gain,walkingman12,337,0,0,2,True,False,True,0.0817898974054374,0.0817898974054374
gross_gain,walkingman12,339,0,0,2,True,False,True,0.570733553983941,0.570733553983941
gross_gain,walkingman12,340,0,0,2,True,False,True,0.5507626193778572,0.5507626193778572
gross_gain,walkingman12,341,0,0,2,True,False,True,0.5523718991950178,0.5523718991950178
gross_gain,walkingman12,342,0,0,2,True,False,True,0.40099653404604774,0.40099653404604774
gross_gain,walkingman12,343,0,0,2,True,False,True,0.2146689936226249,0.2146689936226249
gross_gain,walkingman12,345,0,0,2,True,False,True,0.23510662732076343,0.23510662732076343
gross_gain,walkingman12,346,0,0,2,True,False,True,0.2251253465800242,0.2251253465800242
gross_gain,walkingman12,347,0,0,2,True,False,True,0.21600987678665914,0.21600987678665914
gross_gain,walkingman12,348,0,0,2,True,False,True,0.40015161859396176,0.40015161859396176
gross_gain,walkingman12,349,0,0,2,True,False,True,0.390316467802007,0.390316467802007
gross_gain,walkingman12,351,0,0,2,True,False,True,0.316916802929118,0.316916802929118
gross_gain,walkingman12,352,0,0,2,True,False,True,0.4043800579872096,0.4043800579872096
gross_gain,walkingman12,353,0,0,2,True,False,True,0.48583470712290683,0.48583470712290683
gross_gain,walkingman12,354,0,0,2,True,False,True,0.5518162951873057,0.5518162951873057
gross_gain,walkingman12,355,0,0,2,True,False,True,0.6337290733683668,0.6337290733683668
gross_gain,walkingman12,356,0,0,2,True,False,True,0.6829110013702971,0.6829110013702971
gross_gain,walkingman12,357,0,0,2,True,False,True,0.5171286635785005,0.5171286635785005
gross_gain,walkingman12,358,0,0,2,True,False,True,0.6647514092114819,0.6647514092114819
gross_gain,walkingman12,360,0,0,2,True,False,True,0.6147303129128322,0.6147303129128322
gross_gain,walkingman12,361,0,0,2,True,False,True,0.5285032061584553,0.5285032061584553
gross_gain,walkingman12,363,0,0,2,True,False,True,0.5504364830823816,0.5504364830823816
gross_gain,walkingman12,364,0,0,2,True,False,True,0.4410710336581871,0.4410710336581871
gross_gain,walkingman12,366,0,0,2,True,False,True,0.39809440846778504,0.39809440846778504
gross_gain,walkingman12,367,0,0,2,True,False,True,0.3453514103460473,0.3453514103460473
gross_gain,walkingman12,368,0,0,2,True,False,True,0.3299363059655836,0.3299363059655836
gross_gain,walkingman12,369,0,0,2,True,False,True,0.22535183411589996,0.22535183411589996
gross_gain,walkingman12,370,0,0,2,True,False,True,0.2513411445737286,0.2513411445737286
gross_gain,walkingman12,371,0,0,2,True,False,True,0.3914531166898524,0.3914531166898524
gross_gain,walkingman12,372,0,0,2,True,False,True,0.3579139984499782,0.3579139984499782
gross_gain,walkingman12,377,0,0,2,True,False,True,0.342730452464249,0.342730452464249
gross_gain,walkingman12,378,0,0,2,True,False,True,0.0,0.0
gross_gain,walkingman12,379,0,0,2,True,False,True,0.07333066842598158,0.07333066842598158
gross_gain,walkingman12,380,0,0,2,True,False,True,0.03414860488877257,0.03414860488877257
gross_gain,walkingman12,381,0,0,2,True,False,True,0.03947547580066986,0.03947547580066986
gross_gain,walkingman12,382,0,0,2,True,False,True,0.4497924765457894,0.4497924765457894
gross_gain,walkingman12,384,0,0,2,True,False,True,0.3733680728050906,0.3733680728050906
gross_gain,walkingman12,385,0,0,2,True,False,True,0.37243509485698484,0.37243509485698484
gross_gain,walkingman12,386,0,0,2,True,False,True,0.3914601330876706,0.3914601330876706
gross_gain,walkingman12,388,0,0,2,True,False,True,0.44512794679393286,0.44512794679393286
gross_gain,walkingman12,389,0,0,2,True,False,True,0.41917284049542824,0.41917284049542824
gross_gain,walkingman12,391,0,0,2,True,False,True,0.46935721410040243,0.46935721410040243
gross_gain,walkingman12,392,0,0,2,True,False,True,0.5206650924021796,0.5206650924021796
gross_gain,walkingman12,394,0,0,2,True,False,True,0.5572476988106023,0.5572476988106023
gross_gain,walkingman12,395,0,0,2,True,False,True,0.4458326461859617,0.4458326461859617
gross_gain,walkingman12,396,0,0,2,True,False,True,0.4362643697323793,0.4362643697323793
gross_gain,walkingman12,397,0,0,2,True,False,True,0.526711709338556,0.526711709338556
gross_gain,walkingman12,398,0,0,2,True,False,True,0.4013435879809011,0.4013435879809011
gross_gain,walkingman12,399,0,0,2,True,False,True,0.30562137132705613,0.30562137132705613
gross_gain,walkingman12,402,0,0,2,True,False,True,0.4050335216696361,0.4050335216696361
gross_gain,walkingman12,403,0,0,2,True,False,True,0.3833105496291125,0.3833105496291125
gross_gain,walkingman12,404,0,0,2,True,False,True,0.26330437054693967,0.26330437054693967
gross_gain,walkingman12,405,0,0,2,True,False,True,0.4800261672446023,0.4800261672446023
gross_gain,walkingman12,406,0,0,2,True,False,True,0.3783536798729744,0.3783536798729744
gross_gain,walkingman12,408,0,1,2,True,False,True,0.48199299331049705,0.48199299331049705
gross_gain,walkingman12,409,0,0,2,True,False,True,0.32890583695490705,0.32890583695490705
gross_gain,walkingman12,410,0,0,2,True,False,True,0.3571662584572728,0.3571662584572728
gross_gain,walkingman12,411,0,0,2,True,False,True,0.3404201912817556,0.3404201912817556
gross_gain,walkingman12,412,0,0,2,True,False,True,0.2229802164368126,0.2229802164368126
gross_gain,walkingman12,413,0,0,2,True,False,True,0.2586452912324261,0.2586452912324261
gross_gain,walkingman12,414,0,0,2,True,False,True,0.6255576228317467,0.6255576228317467
gross_gain,walkingman12,415,0,0,2,True,False,True,0.5809524214427184,0.5809524214427184
gross_gain,walkingman12,416,0,0,2,True,False,True,0.6315366464116071,0.6315366464116071
gross_gain,walkingman12,417,0,0,2,True,False,True,0.5509261213817915,0.5509261213817915
gross_gain,walkingman12,420,0,0,2,True,False,True,0.5564443625802484,0.5564443625802484
gross_gain,walkingman12,421,0,0,2,True,False,True,0.49828144609805003,0.49828144609805003
gross_gain,walkingman12,422,0,0,2,True,False,True,0.5070275614323253,0.5070275614323253
gross_gain,walkingman12,423,0,0,2,True,False,True,0.5510574327781287,0.5510574327781287
gross_gain,walkingman12,425,0,0,2,True,False,True,0.5603621973894389,0.5603621973894389
gross_gain,walkingman12,426,0,0,2,True,False,True,0.5083303959412102,0.5083303959412102
gross_gain,walkingman12,427,0,0,2,True,False,True,0.5074179543277215,0.5074179543277215
gross_gain,walkingman12,429,0,0,2,True,False,True,0.252648011609848,0.252648011609848
gross_gain,walkingman12,430,0,0,2,True,False,True,0.31381264499894856,0.31381264499894856
gross_gain,walkingman12,431,0,0,2,True,False,True,0.4751452816466459,0.4751452816466459
gross_gain,walkingman12,434,0,0,2,True,False,True,0.5143021693095874,0.5143021693095874
gross_gain,walkingman12,435,0,0,2,True,False,True,0.1934916322445575,0.1934916322445575
gross_gain,walkingman12,436,0,0,2,True,False,True,0.6228390676059937,0.6228390676059937
gross_gain,walkingman12,437,0,0,2,True,False,True,0.611779033036474,0.611779033036474
gross_gain,walkingman12,438,0,0,2,True,False,True,0.6763515248687489,0.6763515248687489
gross_gain,walkingman12,439,0,0,2,True,False,True,0.606123014216351,0.606123014216351
gross_gain,walkingman12,440,0,0,2,True,False,True,0.40224573044214795,0.40224573044214795
gross_gain,walkingman12,441,0,0,2,True,False,True,0.5608741045611357,0.5608741045611357
gross_gain,walkingman12,442,0,0,2,True,False,True,0.5143283109995814,0.5143283109995814
gross_gain,walkingman12,443,0,0,2,True,False,True,0.519859821965597,0.519859821965597
gross_gain,walkingman12,444,0,0,2,True,False,True,0.5165509359192579,0.5165509359192579
gross_gain,walkingman12,445,0,0,2,True,False,True,0.45187233840946084,0.45187233840946084
gross_gain,walkingman12,446,0,0,2,True,False,True,0.39750217095237844,0.39750217095237844
gross_gain,walkingman12,447,0,0,2,True,False,True,0.5189287958820877,0.5189287958820877
gross_gain,walkingman12,448,0,0,2,True,False,True,0.5593650930911673,0.5593650930911673
gross_gain,walkingman12,449,0,0,2,True,False,True,0.5937390274453338,0.5937390274453338
gross_gain,walkingman12,450,0,0,2,True,False,True,0.5307284664054013,0.5307284664054013
gross_gain,walkingman12,451,0,0,2,True,False,True,0.48830944194834064,0.48830944194834064
gross_gain,walkingman12,452,0,0,2,True,False,True,0.4725569741949102,0.4725569741949102
gross_gain,walkingman12,453,0,0,2,True,False,True,0.2696830883264619,0.2696830883264619
gross_gain,walkingman12,454,0,0,2,True,False,True,0.10952065287807501,0.10952065287807501
gross_gain,walkingman12,455,0,0,2,True,False,True,0.15411465976921854,0.15411465976921854
gross_gain,walkingman12,456,0,0,2,True,False,True,0.45376588590346933,0.45376588590346933
gross_gain,walkingman12,457,0,0,2,True,False,True,0.3633337921992933,0.3633337921992933
gross_gain,walkingman12,458,0,0,2,True,False,True,0.48648894712229124,0.48648894712229124
gross_gain,walkingman12,459,0,0,2,True,False,True,0.6411249691768725,0.6411249691768725
gross_gain,walkingman12,460,0,0,2,True,False,True,0.4064275309024375,0.4064275309024375
gross_gain,walkingman12,469,0,0,2,True,False,True,0.3843978964386367,0.3843978964386367
gross_gain,walkingman12,470,0,0,2,True,False,True,0.364636366946364,0.364636366946364
gross_gain,walkingman12,475,0,0,2,True,False,True,0.26310666674885475,0.26310666674885475
gross_gain,walkingman12,476,0,0,2,True,False,True,0.2361267306244297,0.2361267306244297
gross_gain,walkingman12,477,0,0,2,True,False,True,0.35570462147644877,0.35570462147644877
gross_gain,walkingman12,478,0,0,2,True,False,True,0.3961131941028189,0.3961131941028189
gross_gain,walkingman12,480,0,0,2,True,False,True,0.4972686147148316,0.4972686147148316
gross_gain,walkingman12,481,0,0,2,True,False,True,0.22446916399267539,0.22446916399267539
gross_gain,walkingman12,483,0,0,2,True,False,True,0.36987204432509646,0.36987204432509646
gross_gain,walkingman12,485,0,0,2,True,False,True,0.4414117588765859,0.4414117588765859
gross_gain,walkingman12,487,0,0,2,True,False,True,0.3725251222454581,0.3725251222454581
gross_gain,walkingman12,490,0,0,2,True,False,True,0.4139316825951523,0.4139316825951523
gross_gain,walkingman12,491,0,0,2,True,False,True,0.36407044007735945,0.36407044007735945
gross_gain,walkingman12,492,0,0,2,True,False,True,0.4137778425609446,0.4137778425609446
gross_gain,walkingman12,495,0,0,2,True,False,True,0.40448727570822385,0.40448727570822385
gross_gain,walkingman12,496,0,0,2,True,False,True,0.4437305062853283,0.4437305062853283
gross_gain,walkingman12,497,0,0,2,True,False,True,0.47506898359905264,0.47506898359905264
gross_gain,walkingman12,498,0,0,2,True,False,True,0.5139729447619603,0.5139729447619603
gross_gain,walkingman12,499,0,0,2,True,False,True,0.489804897480718,0.489804897480718
gross_gain,walkingman12,500,0,0,2,True,False,True,0.5078940750205342,0.5078940750205342
gross_gain,walkingman12,502,0,0,2,True,False,True,0.4718686614260445,0.4718686614260445
gross_gain,walkingman12,505,0,0,2,True,False,True,0.5105622863088759,0.5105622863088759
gross_gain,walkingman20,46,0,0,2,True,False,True,0.7550424626000619,0.7550424626000619
gross_gain,walkingman20,107,0,0,2,True,False,True,0.7716289014783544,0.7716289014783544
gross_gain,walkingman20,110,0,0,2,True,False,True,0.6040778607272657,0.6040778607272657
gross_gain,walkingman20,119,0,0,2,True,False,True,0.6680823854278718,0.6680823854278718
gross_gain,walkingman20,129,0,0,2,True,False,True,0.6245575431120436,0.6245575431120436
gross_gain,walkingman20,130,0,0,2,True,False,True,0.5144261425478364,0.5144261425478364
gross_gain,walkingman20,133,0,0,2,True,False,True,0.7418005684844037,0.7418005684844037
gross_gain,walkingman20,134,0,0,2,True,False,True,0.5448703100802721,0.5448703100802721
gross_gain,walkingman20,135,0,0,2,True,False,True,0.5108970670495151,0.5108970670495151
gross_gain,walkingman20,136,0,0,2,True,False,True,0.1481780411861836,0.1481780411861836
gross_gain,walkingman20,137,0,0,2,True,False,True,0.2331234961602611,0.2331234961602611
gross_gain,walkingman20,139,0,0,2,True,False,True,0.5022048241903306,0.5022048241903306
gross_gain,walkingman20,145,0,0,2,True,False,True,0.35583803466305447,0.35583803466305447
gross_gain,walkingman20,146,0,0,2,True,False,True,0.11837005076041543,0.11837005076041543
gross_gain,walkingman20,147,0,0,2,True,False,True,0.2645329313107065,0.2645329313107065
gross_gain,walkingman20,178,0,0,2,True,False,True,0.43332224840288597,0.43332224840288597
gross_gain,walkingman20,183,0,0,2,True,False,True,0.32913416561113273,0.32913416561113273
gross_gain,walkingman20,185,0,0,2,True,False,True,0.4723499320774919,0.4723499320774919
gross_gain,walkingman20,186,0,0,2,True,False,True,0.4638882433257904,0.4638882433257904
gross_gain,walkingman20,194,0,1,2,True,False,True,0.4859015926015005,0.4859015926015005
gross_gain,walkingman20,195,0,0,2,True,False,True,0.4247843186855357,0.4247843186855357
gross_gain,walkingman20,199,0,0,2,True,False,True,0.44144376594156964,0.44144376594156964
gross_gain,walkingman20,228,0,0,2,True,False,True,0.6657083074376674,0.6657083074376674
gross_gain,walkingman20,230,0,0,2,True,False,True,0.4555848230411,0.4555848230411
gross_gain,walkingman20,231,0,0,2,True,False,True,0.27325923738041646,0.27325923738041646
gross_gain,walkingman20,235,0,0,2,True,False,True,0.6156430634844536,0.6156430634844536
gross_gain,walkingman20,236,0,0,2,True,False,True,0.4626584876196675,0.4626584876196675
gross_gain,walkingman20,237,0,0,2,True,False,True,0.12018682386006692,0.12018682386006692
gross_gain,walkingman20,238,0,0,2,True,False,True,0.033841232047152385,0.033841232047152385
gross_gain,walkingman20,239,0,0,2,True,False,True,0.0,0.0
gross_gain,walkingman20,240,0,0,2,True,False,True,0.0,0.0
gross_gain,walkingman20,241,0,0,2,True,False,True,0.0,0.0
gross_gain,walkingman20,244,0,0,2,True,False,True,0.43138187137171613,0.43138187137171613
gross_gain,walkingman20,245,0,0,2,True,False,True,0.5141822933320046,0.5141822933320046
gross_gain,walkingman20,248,0,0,2,True,False,True,0.5619101200382147,0.5619101200382147
gross_gain,walkingman20,249,0,0,2,True,False,True,0.5092930118553374,0.5092930118553374
gross_gain,walkingman20,250,0,0,2,True,False,True,0.651674748675251,0.651674748675251
gross_gain,walkingman20,251,0,0,2,True,False,True,0.5642624846979096,0.5642624846979096
gross_gain,walkingman20,253,0,0,2,True,False,True,0.621193124000847,0.621193124000847
gross_gain,walkingman20,255,0,0,2,True,False,True,0.6820045461664357,0.6820045461664357
gross_gain,walkingman20,256,0,0,2,True,False,True,0.5229046789988625,0.5229046789988625
gross_gain,walkingman20,257,0,0,2,True,False,True,0.6961463914241934,0.6961463914241934
gross_gain,walkingman20,259,0,0,2,True,False,True,0.5269235402077065,0.5269235402077065
gross_gain,walkingman20,260,0,1,2,True,False,True,0.7516030844118355,0.7516030844118355
gross_gain,walkingman20,266,0,0,2,True,False,True,0.5198915358981744,0.5198915358981744
gross_gain,walkingman20,267,0,0,2,True,False,True,0.32857571954784304,0.32857571954784304
gross_gain,walkingman20,268,0,0,2,True,False,True,0.804282357330663,0.804282357330663
gross_gain,walkingman20,269,0,0,2,True,False,True,0.814302900145386,0.814302900145386
gross_gain,walkingman20,276,0,0,2,True,False,True,0.6588629115658725,0.6588629115658725
gross_gain,walkingman20,277,0,0,2,True,False,True,0.5788041224336227,0.5788041224336227
gross_gain,walkingman20,278,0,0,2,True,False,True,0.581835327700003,0.581835327700003
gross_gain,walkingman20,279,0,0,2,True,False,True,0.34085094334804295,0.34085094334804295
gross_gain,walkingman20,280,0,0,2,True,False,True,0.19940829741965282,0.19940829741965282
gross_gain,walkingman20,281,0,0,2,True,False,True,0.3614993647996382,0.3614993647996382
gross_gain,walkingman20,282,0,0,2,True,False,True,0.1471673792499615,0.1471673792499615
gross_gain,walkingman20,283,0,0,2,True,False,True,0.1808800850921988,0.1808800850921988
gross_gain,walkingman20,284,0,0,2,True,False,True,0.0,0.0
gross_gain,walkingman20,285,0,0,2,True,False,True,0.0,0.0
gross_gain,walkingman20,286,0,0,2,True,False,True,0.0,0.0
gross_gain,walkingman20,287,0,0,2,True,False,True,0.0,0.0
gross_gain,walkingman20,288,0,0,2,True,False,True,0.0,0.0
gross_gain,walkingman20,289,0,0,2,True,False,True,0.0,0.0
gross_gain,walkingman20,290,0,0,2,True,False,True,0.0,0.0
gross_gain,walkingman20,291,0,0,2,True,False,True,0.0,0.0
gross_gain,walkingman20,292,0,0,2,True,False,True,0.0,0.0
gross_gain,walkingman20,293,0,0,2,True,False,True,0.0,0.0
gross_gain,walkingman20,294,0,0,2,True,False,True,0.0,0.0
gross_gain,walkingman20,295,0,0,2,True,False,True,0.0,0.0
gross_gain,walkingman20,296,0,0,2,True,False,True,0.0,0.0
gross_gain,walkingman20,297,0,0,2,True,False,True,0.0,0.0
gross_gain,walkingman20,298,0,0,2,True,False,True,0.0,0.0
gross_gain,walkingman20,299,0,0,2,True,False,True,0.0,0.0
gross_gain,walkingman20,300,0,0,2,True,False,True,0.0,0.0
gross_gain,walkingman20,301,0,0,2,True,False,True,0.0,0.0
gross_gain,walkingman20,302,0,0,2,True,False,True,0.0,0.0
gross_gain,walkingman20,303,0,0,2,True,False,True,0.0,0.0
gross_gain,walkingman20,304,0,0,2,True,False,True,0.0,0.0
gross_gain,walkingman20,305,0,0,2,True,False,True,0.0,0.0
gross_gain,walkingman20,306,0,0,2,True,False,True,0.0,0.0
gross_gain,walkingman20,307,0,0,2,True,False,True,0.0,0.0
gross_gain,walkingman20,308,0,0,2,True,False,True,0.0,0.0
gross_gain,walkingman20,309,0,0,2,True,False,True,0.0,0.0
gross_gain,walkingman20,310,0,0,2,True,False,True,0.0,0.0
gross_gain,walkingman20,311,0,0,2,True,False,True,0.0,0.0
gross_gain,walkingman20,312,0,0,2,True,False,True,0.0,0.0
gross_gain,walkingman20,313,0,0,2,True,False,True,0.0,0.0
gross_gain,walkingman20,314,0,0,2,True,False,True,0.0,0.0
gross_gain,walkingman20,315,0,0,2,True,False,True,0.0,0.0
gross_gain,walkingman20,316,0,0,2,True,False,True,0.0,0.0
gross_gain,walkingman20,317,0,0,2,True,False,True,0.0,0.0
gross_gain,walkingman20,319,0,0,2,True,False,True,0.0,0.0
gross_gain,walkingman20,320,0,0,2,True,False,True,0.0,0.0
gross_gain,walkingman20,321,0,0,2,True,False,True,0.0,0.0
gross_gain,walkingman20,322,0,0,2,True,False,True,0.0,0.0
gross_gain,walkingman20,323,0,0,2,True,False,True,0.0,0.0
gross_gain,walkingman20,324,0,0,2,True,False,True,0.0,0.0
gross_gain,walkingman20,325,0,0,2,True,False,True,0.0,0.0
gross_gain,walkingman20,326,0,0,2,True,False,True,0.0,0.0
gross_gain,walkingman20,327,0,0,2,True,False,True,0.0,0.0
gross_gain,walkingman20,328,0,0,2,True,False,True,0.0,0.0
gross_gain,walkingman20,329,0,0,2,True,False,True,0.0,0.0
gross_gain,walkingman20,331,0,0,2,True,False,True,0.0,0.0
gross_gain,walkingman20,332,0,1,2,True,False,True,0.0,0.0
gross_gain,walkingman20,333,0,1,2,True,False,True,0.0,0.0
gross_gain,walkingman20,334,0,0,2,True,False,True,0.0,0.0
gross_gain,walkingman20,336,0,0,2,True,False,True,0.0,0.0
gross_gain,walkingman20,337,0,0,2,True,False,True,0.0,0.0
gross_gain,walkingman20,338,0,1,2,True,False,True,0.0,0.0
gross_gain,walkingman20,339,0,0,2,True,False,True,0.0,0.0
gross_gain,walkingman20,340,0,0,2,True,False,True,0.0,0.0
gross_gain,walkingman20,341,0,0,2,True,False,True,0.0,0.0
gross_gain,walkingman20,342,0,0,2,True,False,True,0.0,0.0
gross_gain,walkingman20,343,0,0,2,True,False,True,0.0,0.0
gross_gain,walkingman20,344,0,0,2,True,False,True,0.0,0.0
gross_gain,walkingman20,345,0,0,2,True,False,True,0.0,0.0
gross_gain,walkingman20,346,0,0,2,True,False,True,0.0,0.0
gross_gain,walkingman20,347,0,0,2,True,False,True,0.0,0.0
gross_gain,walkingman20,348,0,0,2,True,False,True,0.0,0.0
gross_gain,walkingman20,349,0,0,2,True,False,True,0.0,0.0
gross_gain,walkingman20,350,0,0,2,True,False,True,0.0,0.0
gross_gain,walkingman20,351,0,0,2,True,False,True,0.0,0.0
gross_gain,walkingman20,352,0,0,2,True,False,True,0.0,0.0
gross_gain,walkingman20,353,0,0,2,True,False,True,0.0,0.0
gross_gain,walkingman20,354,0,0,2,True,False,True,0.0,0.0
gross_gain,walkingman20,355,0,0,2,True,False,True,0.0,0.0
gross_gain,walkingman20,356,0,0,2,True,False,True,0.0,0.0
gross_gain,walkingman20,357,0,0,2,True,False,True,0.0,0.0
gross_gain,walkingman20,358,0,0,2,True,False,True,0.0,0.0
gross_gain,walkingman20,359,0,0,2,True,False,True,0.0,0.0
gross_gain,walkingman20,362,0,0,2,True,False,True,0.0,0.0
gross_gain,walkingman20,363,0,0,2,True,False,True,0.0,0.0
gross_gain,walkingman20,365,0,0,2,True,False,True,0.0,0.0
gross_gain,walkingman20,366,0,0,2,True,False,True,0.0,0.0
gross_gain,walkingman20,367,0,0,2,True,False,True,0.0,0.0
gross_gain,walkingman20,368,0,0,2,True,False,True,0.0,0.0
gross_gain,walkingman20,369,0,0,2,True,False,True,0.0,0.0
gross_gain,walkingman20,374,0,0,2,True,False,True,0.0,0.0
gross_gain,walkingman20,375,0,0,2,True,False,True,0.0,0.0
gross_gain,walkingman20,376,0,0,2,True,False,True,0.0,0.0
gross_gain,walkingman20,378,0,0,2,True,False,True,0.0,0.0
gross_gain,walkingman20,379,0,0,2,True,False,True,0.0,0.0
gross_gain,walkingman20,380,0,0,2,True,False,True,0.0,0.0
gross_gain,walkingman20,381,0,0,2,True,False,True,0.0,0.0
gross_gain,walkingman20,382,0,1,2,True,False,True,0.0,0.0
gross_gain,walkingman20,383,0,0,2,True,False,True,0.0,0.0
gross_gain,walkingman20,386,0,0,2,True,False,True,0.0,0.0
gross_gain,walkingman20,387,0,0,2,True,False,True,0.0,0.0
gross_gain,walkingman20,388,0,0,2,True,False,True,0.0,0.0
gross_gain,walkingman20,391,0,0,2,True,False,True,0.0,0.0
gross_gain,walkingman20,392,0,0,2,True,False,True,0.0,0.0
gross_gain,walkingman20,393,0,0,2,True,False,True,0.0,0.0
gross_gain,walkingman20,394,0,0,2,True,False,True,0.0,0.0
gross_gain,walkingman20,395,0,0,2,True,False,True,0.0,0.0
gross_gain,walkingman20,396,0,0,2,True,False,True,0.0,0.0
gross_gain,walkingman20,397,0,0,2,True,False,True,0.0,0.0
gross_gain,walkingman20,398,0,0,2,True,False,True,0.0,0.0
gross_gain,walkingman20,399,0,0,2,True,False,True,0.0,0.0
gross_gain,walkingman20,400,0,0,2,True,False,True,0.0,0.0
gross_gain,walkingman20,401,0,0,2,True,False,True,0.0,0.0
gross_gain,walkingman20,402,0,0,2,True,False,True,0.0,0.0
gross_gain,walkingman20,403,0,0,2,True,False,True,0.0,0.0
gross_gain,walkingman20,404,0,0,2,True,False,True,0.0,0.0
gross_gain,walkingman20,405,0,0,2,True,False,True,0.0,0.0
gross_gain,walkingman20,406,0,0,2,True,False,True,0.0,0.0
gross_gain,walkingman20,407,0,0,2,True,False,True,0.0,0.0
gross_gain,walkingman20,408,0,0,2,True,False,True,0.0,0.0
gross_gain,walkingman20,409,0,0,2,True,False,True,0.0,0.0
gross_gain,walkingman20,410,0,0,2,True,False,True,0.0,0.0
gross_gain,walkingman20,411,0,0,2,True,False,True,0.0,0.0
gross_gain,walkingman20,412,0,0,2,True,False,True,0.0,0.0
gross_gain,walkingman20,413,0,0,2,True,False,True,0.0,0.0
gross_gain,walkingman20,414,0,0,2,True,False,True,0.0,0.0
gross_gain,walkingman20,415,0,0,2,True,False,True,0.0,0.0
gross_gain,walkingman20,416,0,0,2,True,False,True,0.0,0.0
gross_gain,walkingman20,417,0,0,2,True,False,True,0.0,0.0
gross_gain,walkingman20,418,0,0,2,True,False,True,0.0,0.0
gross_gain,walkingman20,419,0,0,2,True,False,True,0.0,0.0
gross_gain,walkingman20,420,0,0,2,True,False,True,0.0,0.0
gross_gain,walkingman20,421,0,0,2,True,False,True,0.0,0.0
gross_gain,walkingman20,423,0,0,2,True,False,True,0.0,0.0
gross_gain,walkingman20,424,0,0,2,True,False,True,0.0,0.0
gross_gain,walkingman20,425,0,0,2,True,False,True,0.0,0.0
gross_gain,walkingman20,426,0,0,2,True,False,True,0.0,0.0
gross_gain,walkingman20,427,0,0,2,True,False,True,0.0,0.0
gross_gain,walkingman20,428,0,0,2,True,False,True,0.0,0.0
gross_gain,walkingman20,429,0,0,2,True,False,True,0.0,0.0
gross_gain,walkingman20,430,0,0,2,True,False,True,0.0,0.0
gross_gain,walkingman20,431,0,0,2,True,False,True,0.0,0.0
gross_gain,walkingman20,432,0,0,2,True,False,True,0.0,0.0
gross_gain,walkingman20,433,0,0,2,True,False,True,0.0,0.0
gross_gain,walkingman20,434,0,0,2,True,False,True,0.0,0.0
gross_gain,walkingman20,435,0,0,2,True,False,True,0.0,0.0
gross_gain,walkingman20,437,0,0,2,True,False,True,0.0,0.0
gross_gain,walkingman20,438,0,0,2,True,False,True,0.0,0.0
gross_gain,walkingman20,439,0,0,2,True,False,True,0.0,0.0
gross_gain,walkingman20,440,0,0,2,True,False,True,0.0,0.0
gross_gain,walkingman20,441,0,0,2,True,False,True,0.0,0.0
gross_gain,walkingman20,442,0,0,2,True,False,True,0.0,0.0
gross_gain,walkingman20,443,0,0,2,True,False,True,0.0,0.0
gross_gain,walkingman20,444,0,0,2,True,False,True,0.0,0.0
gross_gain,walkingman20,445,0,0,2,True,False,True,0.0,0.0
gross_gain,walkingman20,446,0,0,2,True,False,True,0.0,0.0
gross_gain,walkingman20,447,0,0,2,True,False,True,0.0,0.0
gross_gain,walkingman20,448,0,0,2,True,False,True,0.0,0.0
gross_gain,walkingman20,449,0,0,2,True,False,True,0.0,0.0
gross_gain,walkingman20,450,0,0,2,True,False,True,0.0,0.0
gross_gain,walkingman20,451,0,0,2,True,False,True,0.0,0.0
gross_gain,walkingman20,452,0,0,2,True,False,True,0.0,0.0
gross_gain,walkingman20,453,0,0,2,True,False,True,0.0,0.0
gross_gain,walkingman20,454,0,0,2,True,False,True,0.0,0.0
gross_gain,walkingman20,456,0,0,2,True,False,True,0.0,0.0
gross_gain,walkingman20,457,0,0,2,True,False,True,0.0,0.0
gross_gain,walkingman20,458,0,0,2,True,False,True,0.0,0.0
gross_gain,walkingman20,459,0,0,2,True,False,True,0.0,0.0
gross_gain,walkingman20,460,0,0,2,True,False,True,0.0,0.0
gross_gain,walkingman20,461,0,0,2,True,False,True,0.0,0.0
gross_gain,walkingman20,462,0,0,2,True,False,True,0.0,0.0
gross_gain,walkingman20,463,0,0,2,True,False,True,0.0,0.0
gross_gain,walkingman20,464,0,0,2,True,False,True,0.0,0.0
gross_gain,walkingman20,465,0,0,2,True,False,True,0.0,0.0
gross_gain,walkingman20,466,0,0,2,True,False,True,0.0,0.0
gross_gain,walkingman20,467,0,0,2,True,False,True,0.0,0.0
gross_gain,walkingman20,468,0,0,2,True,False,True,0.0,0.0
gross_gain,walkingman20,469,0,0,2,True,False,True,0.0,0.0
gross_gain,walkingman20,470,0,0,2,True,False,True,0.0,0.0
gross_gain,walkingman20,471,0,0,2,True,False,True,0.0,0.0
gross_gain,walkingman20,472,0,0,2,True,False,True,0.0,0.0
gross_gain,walkingman20,474,0,0,2,True,False,True,0.0,0.0
gross_gain,walkingman20,475,0,0,2,True,False,True,0.0,0.0
gross_gain,walkingman20,477,0,0,2,True,False,True,0.0,0.0
gross_gain,walkingman20,478,0,0,2,True,False,True,0.0,0.0
gross_gain,walkingman20,479,0,0,2,True,False,True,0.0,0.0
gross_gain,walkingman20,480,0,0,2,True,False,True,0.0,0.0
gross_gain,walkingman20,481,0,0,2,True,False,True,0.0,0.0
gross_gain,walkingman20,482,0,0,2,True,False,True,0.0,0.0
gross_gain,walkingman20,483,0,0,2,True,False,True,0.0,0.0
gross_gain,walkingman20,484,0,0,2,True,False,True,0.0,0.0
gross_gain,walkingman20,485,0,0,2,True,False,True,0.0,0.0
gross_gain,walkingman20,486,0,0,2,True,False,True,0.0,0.0
gross_gain,walkingman20,488,0,0,2,True,False,True,0.0,0.0
gross_gain,walkingman20,490,0,0,2,True,False,True,0.0,0.0
gross_gain,walkingman20,491,0,0,2,True,False,True,0.0,0.0
gross_gain,walkingman20,493,0,0,2,True,False,True,0.0,0.0
gross_gain,walkingman20,494,0,0,2,True,False,True,0.0,0.0
gross_gain,walkingman20,495,0,0,2,True,False,True,0.0,0.0
gross_gain,walkingman20,497,0,0,2,True,False,True,0.0,0.0
gross_gain,walkingman20,498,0,0,2,True,False,True,0.0,0.0
gross_gain,walkingman20,500,0,0,2,True,False,True,0.0,0.0
gross_gain,walkingman20,501,0,0,2,True,False,True,0.0,0.0
gross_gain,walkingman20,502,0,0,2,True,False,True,0.0,0.0
gross_gain,walkingman20,503,0,0,2,True,False,True,0.0,0.0
gross_gain,walkingman20,504,0,0,2,True,False,True,0.0,0.0
gross_gain,walkingman20,505,0,0,2,True,False,True,0.0,0.0
gross_gain,walkingman20,506,0,0,2,True,False,True,0.0,0.0
gross_gain,walkingman20,507,0,0,2,True,False,True,0.0,0.0
gross_gain,walkingman20,508,0,0,2,True,False,True,0.0,0.0
gross_gain,walkingman20,509,0,0,2,True,False,True,0.0,0.0
gross_gain,walkingman20,510,0,1,2,True,False,True,0.0,0.0
gross_gain,walkingman20,511,0,0,2,True,False,True,0.0,0.0
gross_gain,walkingman20,512,0,1,2,True,False,True,0.0,0.0
gross_gain,walkingman20,513,0,0,2,True,False,True,0.0,0.0
gross_gain,walkingman20,514,0,0,2,True,False,True,0.0,0.0
gross_gain,walkingman20,515,0,0,2,True,False,True,0.0,0.0
gross_gain,walkingman20,516,0,0,2,True,False,True,0.0,0.0
gross_gain,walkingman20,517,0,0,2,True,False,True,0.0,0.0
gross_gain,walkingman20,518,0,0,2,True,False,True,0.0,0.0
gross_gain,walkingman20,519,0,0,2,True,False,True,0.0,0.0
gross_gain,walkingman20,520,0,0,2,True,False,True,0.0,0.0
gross_gain,walkingman20,521,0,0,2,True,False,True,0.0,0.0
gross_gain,walkingman20,522,0,0,2,True,False,True,0.0,0.0
gross_gain,walkingman20,523,0,0,2,True,False,True,0.0,0.0
gross_gain,walkingman20,524,0,0,2,True,False,True,0.0,0.0
gross_gain,walkingman20,525,0,0,2,True,False,True,0.0,0.0
gross_gain,walkingman20,526,0,0,2,True,False,True,0.0,0.0
gross_gain,walkingman20,527,0,0,2,True,False,True,0.0,0.0
gross_gain,walkingman20,528,0,0,2,True,False,True,0.0,0.0
gross_gain,walkingman20,529,0,0,2,True,False,True,0.0,0.0
gross_gain,walkingman20,530,0,0,2,True,False,True,0.0,0.0
gross_gain,walkingman20,531,0,0,2,True,False,True,0.0,0.0
gross_gain,walkingman20,532,0,0,2,True,False,True,0.0,0.0
gross_gain,walkingman20,533,0,0,2,True,False,True,0.0,0.0
gross_gain,walkingman20,534,0,0,2,True,False,True,0.0,0.0
gross_gain,walkingman20,535,0,0,2,True,False,True,0.0,0.0
gross_gain,walkingman20,536,0,0,2,True,False,True,0.0,0.0
gross_gain,walkingman20,537,0,0,2,True,False,True,0.0,0.0
gross_gain,walkingman20,538,0,0,2,True,False,True,0.0,0.0
gross_gain,walkingman20,539,0,0,2,True,False,True,0.0,0.0
gross_gain,walkingman20,540,0,0,2,True,False,True,0.0,0.0
gross_gain,walkingman20,541,0,0,2,True,False,True,0.0,0.0
gross_gain,walkingman20,542,0,0,2,True,False,True,0.0,0.0
gross_gain,walkingman20,543,0,0,2,True,False,True,0.0,0.0
gross_gain,walkingman20,544,0,0,2,True,False,True,0.0,0.0
gross_gain,walkingman20,545,0,0,2,True,False,True,0.0,0.0
gross_gain,walkingman20,546,0,0,2,True,False,True,0.0,0.0
gross_gain,walkingman20,547,0,0,2,True,False,True,0.0,0.0
gross_gain,walkingman20,548,0,0,2,True,False,True,0.0,0.0
gross_gain,walkingman20,549,0,0,2,True,False,True,0.0,0.0
gross_gain,walkingman20,550,0,0,2,True,False,True,0.0,0.0
gross_gain,walkingman20,551,0,0,2,True,False,True,0.0,0.0
gross_gain,walkingman20,552,0,0,2,True,False,True,0.0,0.0
gross_gain,walkingman20,553,0,0,2,True,False,True,0.0,0.0
gross_gain,walkingman20,554,0,1,2,True,False,True,0.0,0.0
gross_gain,walkingman20,555,0,0,2,True,False,True,0.0,0.0
gross_gain,walkingman20,556,0,0,2,True,False,True,0.0,0.0
gross_gain,walkingman20,557,0,0,2,True,False,True,0.0,0.0
gross_gain,walkingman20,558,0,0,2,True,False,True,0.0,0.0
gross_gain,walkingman20,559,0,0,2,True,False,True,0.0,0.0
gross_gain,walkingman20,560,0,0,2,True,False,True,0.0,0.0
gross_gain,walkingman20,561,0,0,2,True,False,True,0.0,0.0
gross_gain,walkingman20,562,0,0,2,True,False,True,0.0,0.0
gross_gain,walkingman20,563,0,0,2,True,False,True,0.0,0.0
gross_gain,walkingman20,565,0,0,2,True,False,True,0.0,0.0
gross_gain,walkingman20,566,0,0,2,True,False,True,0.0,0.0
gross_gain,walkingman20,567,0,0,2,True,False,True,0.0,0.0
gross_gain,walkingman20,568,0,0,2,True,False,True,0.0,0.0
gross_gain,walkingman41,13,0,0,0,False,True,True,0.8117409398811715,0.8117409398811715
gross_gain,walkingman41,69,0,0,0,False,True,True,0.788903631872313,0.788903631872313
gross_gain,walkingman41,103,0,0,0,False,True,True,0.8223182135437482,0.8223182135437482
gross_gain,walkingman41,110,0,0,0,False,True,True,0.9262882200053947,0.9262882200053947
gross_gain,walkingman41,291,0,0,2,True,False,True,0.7669996940701357,0.7669996940701357
gross_gain,walkingman41,292,0,0,2,True,False,True,0.9108678672057803,0.9108678672057803
gross_gain,walkingman41,295,0,0,2,True,False,True,0.8985778273571792,0.8985778273571792
gross_gain,walkingman41,298,0,0,2,True,False,True,0.7650933240305654,0.7650933240305654
gross_gain,walkingman41,301,0,0,2,True,False,True,0.5414087843520222,0.5414087843520222
gross_gain,walkingman41,302,0,0,2,True,False,True,0.6254287650975567,0.6254287650975567
gross_gain,walkingman41,346,0,0,2,True,False,True,0.0991266541251234,0.0991266541251234
gross_gain,walkingman41,348,0,0,2,True,False,True,0.7627402236224086,0.7627402236224086
gross_gain,walkingman41,350,0,0,2,True,False,True,0.7794017577219979,0.7794017577219979
gross_gain,walkingman41,356,0,0,2,True,False,True,0.8165507614682277,0.8165507614682277
gross_gain,walkingman41,361,0,0,2,True,False,True,0.0,0.0
gross_gain,walkingman41,362,0,1,2,True,False,True,0.9248941281279159,0.9248941281279159
gross_gain,walkingman41,363,0,0,2,True,False,True,0.8052957884271288,0.8052957884271288
gross_gain,walkingman41,364,0,0,2,True,False,True,0.8478446250241507,0.8478446250241507
gross_gain,walkingman41,365,0,0,2,True,False,True,0.8457074630666885,0.8457074630666885
gross_gain,walkingman41,366,0,0,2,True,False,True,0.853588140660436,0.853588140660436
gross_gain,walkingman41,367,0,0,2,True,False,True,0.905341218962639,0.905341218962639
gross_gain,walkingman41,368,0,0,2,True,False,True,0.5122689639432737,0.5122689639432737
gross_gain,walkingman41,369,0,0,2,True,False,True,0.0,0.0
gross_gain,walkingman41,370,0,0,2,True,False,True,0.0,0.0
gross_gain,walkingman41,371,0,0,2,True,False,True,0.0,0.0
gross_gain,walkingman41,372,0,0,2,True,False,True,0.0,0.0
gross_gain,walkingman41,373,0,0,2,True,False,True,0.0,0.0
gross_gain,walkingman41,374,0,0,2,True,False,True,0.7597003224343046,0.7597003224343046
gross_gain,walkingman41,375,0,0,2,True,False,True,0.7763492488977037,0.7763492488977037
gross_gain,walkingman41,377,0,0,2,True,False,True,0.0,0.0
gross_gain,walkingman41,381,0,0,2,True,False,True,0.0,0.0
gross_gain,walkingman41,383,0,0,2,True,False,True,0.0,0.0
gross_gain,walkingman41,395,0,0,2,True,False,True,0.0,0.0
gross_gain,walkingman41,406,0,0,2,True,False,True,0.6485776951095164,0.6485776951095164
gross_gain,walkingman41,408,0,0,2,True,False,True,0.6460673435177163,0.6460673435177163
gross_gain,walkingman41,420,0,0,2,True,False,True,0.0,0.0
gross_gain,walkingman41,421,0,0,2,True,False,True,0.0,0.0
gross_gain,walkingman41,432,0,0,2,True,False,True,0.0,0.0
gross_gain,walkingman41,433,0,0,2,True,False,True,0.0,0.0
gross_gain,walkingman41,434,0,0,2,True,False,True,0.0,0.0
gross_gain,walkingman41,435,0,0,2,True,False,True,0.0,0.0
gross_gain,walkingman41,436,0,0,2,True,False,True,0.0,0.0
gross_gain,walkingman41,437,0,0,2,True,False,True,0.0,0.0
gross_gain,walkingman41,438,0,0,2,True,False,True,0.25850511018477385,0.25850511018477385
gross_gain,walkingman41,440,0,0,2,True,False,True,0.0,0.0
gross_gain,walkingman41,444,0,0,2,True,False,True,0.0,0.0
gross_gain,walkingman41,445,0,0,2,True,False,True,0.0,0.0
gross_gain,walkingman41,447,0,0,2,True,False,True,0.0,0.0
gross_gain,walkingman41,448,0,0,2,True,False,True,0.0532280953576898,0.0532280953576898
gross_gain,walkingman41,449,0,0,2,True,False,True,0.022203891785927892,0.022203891785927892
gross_gain,walkingman41,450,0,0,2,True,False,True,0.0,0.0
gross_gain,walkingman41,451,0,0,2,True,False,True,0.0,0.0
gross_gain,walkingman41,452,0,0,2,True,False,True,0.030383670144380405,0.030383670144380405
gross_gain,walkingman41,454,0,0,2,True,False,True,0.0,0.0
gross_gain,walkingman41,455,0,0,2,True,False,True,0.0,0.0
gross_gain,walkingman41,457,0,0,2,True,False,True,0.0,0.0
gross_gain,walkingman41,458,0,0,2,True,False,True,0.5936186329160827,0.5936186329160827
gross_gain,walkingman41,466,0,0,2,True,False,True,0.0,0.0
gross_gain,walkingman41,467,0,0,2,True,False,True,0.0,0.0
gross_gain,walkingman41,469,0,0,2,True,False,True,0.0,0.0
gross_gain,walkingman41,474,0,0,2,True,False,True,0.0,0.0
gross_gain,walkingman41,475,0,0,2,True,False,True,0.0,0.0
gross_gain,walkingman41,483,0,0,2,True,False,True,0.15893755495720302,0.15893755495720302
gross_gain,walkingman41,484,0,0,2,True,False,True,0.289392360476418,0.289392360476418
gross_gain,walkingman41,485,0,0,2,True,False,True,0.6531218054203266,0.6531218054203266
gross_gain,walkingman41,487,0,0,2,True,False,True,0.5992164274123332,0.5992164274123332
gross_gain,walkingman41,489,0,0,2,True,False,True,0.14223741171459792,0.14223741171459792
gross_gain,walkingman41,490,0,0,2,True,False,True,0.040082238733376574,0.040082238733376574
gross_gain,walkingman41,491,0,0,2,True,False,True,0.11337730054940341,0.11337730054940341
gross_gain,walkingman41,492,0,0,2,True,False,True,0.11883958587211937,0.11883958587211937
gross_gain,walkingman41,493,0,0,2,True,False,True,0.0547225795754487,0.0547225795754487
gross_gain,walkingman41,494,0,0,2,True,False,True,0.0,0.0
gross_gain,walkingman41,495,0,0,2,True,False,True,0.0,0.0
gross_gain,walkingman41,497,0,0,2,True,False,True,0.057832576019818525,0.057832576019818525
gross_gain,walkingman41,498,0,0,2,True,False,True,0.04750033852177789,0.04750033852177789
gross_gain,walkingman41,500,0,0,2,True,False,True,0.0,0.0
gross_gain,walkingmantiny,27,0,0,2,True,False,True,0.6203058982326103,0.6203058982326103
gross_gain,walkingmantiny,34,0,0,2,True,False,True,0.5963270015199256,0.5963270015199256
gross_gain,walkingmantiny,35,0,0,2,True,False,True,0.5932147892822972,0.5932147892822972
gross_gain,walkingmantiny,37,0,0,2,True,False,True,0.4093422963463738,0.4093422963463738
gross_gain,walkingmantiny,38,0,0,2,True,False,True,0.13777366844245206,0.13777366844245206
gross_gain,walkingmantiny,39,0,0,2,True,False,True,0.2030244610729409,0.2030244610729409
gross_gain,walkingmantiny,40,0,0,2,True,False,True,0.0,0.0
gross_gain,walkingmantiny,41,0,0,2,True,False,True,0.042431580715189085,0.042431580715189085
gross_gain,walkingmantiny,42,0,0,2,True,False,True,0.1939530294516825,0.1939530294516825
gross_gain,walkingmantiny,43,0,0,2,True,False,True,0.02318624228660809,0.02318624228660809
gross_gain,walkingmantiny,44,0,0,2,True,False,True,0.03869128998322547,0.03869128998322547
gross_gain,walkingmantiny,45,0,0,2,True,False,True,0.0557796273854825,0.0557796273854825
gross_gain,walkingmantiny,46,0,0,2,True,False,True,0.0,0.0
gross_gain,walkingmantiny,47,0,0,2,True,False,True,0.0464236129581231,0.0464236129581231
gross_gain,walkingmantiny,49,0,0,2,True,False,True,0.0,0.0
gross_gain,walkingmantiny,50,0,0,2,True,False,True,0.06864587827564861,0.06864587827564861
gross_gain,walkingmantiny,51,0,0,2,True,False,True,0.0,0.0
gross_gain,walkingmantiny,52,0,0,2,True,False,True,0.047123128326057855,0.047123128326057855
gross_gain,walkingmantiny,53,0,0,2,True,False,True,0.07471217551294003,0.07471217551294003
gross_gain,walkingmantiny,54,0,0,2,True,False,True,0.0,0.0
gross_gain,walkingmantiny,55,0,0,2,True,False,True,0.032748920059124435,0.032748920059124435
gross_gain,walkingmantiny,56,0,0,2,True,False,True,0.07170379769120776,0.07170379769120776
gross_gain,walkingmantiny,57,0,0,2,True,False,True,0.0,0.0
gross_gain,walkingmantiny,58,0,0,2,True,False,True,0.0020510030972151535,0.0020510030972151535
gross_gain,walkingmantiny,59,0,0,2,True,False,True,0.0,0.0
gross_gain,walkingmantiny,60,0,0,2,True,False,True,0.0,0.0
gross_gain,walkingmantiny,61,0,0,2,True,False,True,0.0,0.0
gross_gain,walkingmantiny,62,0,0,2,True,False,True,0.0,0.0
gross_gain,walkingmantiny,63,0,0,2,True,False,True,0.0,0.0
gross_gain,walkingmantiny,64,0,0,2,True,False,True,0.0,0.0
gross_gain,walkingmantiny,65,0,0,2,True,False,True,0.0,0.0
gross_gain,walkingmantiny,66,0,0,2,True,False,True,0.0,0.0
gross_gain,walkingmantiny,67,0,0,2,True,False,True,0.0,0.0
gross_gain,walkingmantiny,68,0,0,2,True,False,True,0.0,0.0
gross_gain,walkingmantiny,69,0,0,2,True,False,True,0.0,0.0
gross_gain,walkingmantiny,70,0,0,2,True,False,True,0.0,0.0
gross_gain,walkingmantiny,71,0,0,2,True,False,True,0.0,0.0
gross_gain,walkingmantiny,72,0,0,2,True,False,True,0.0,0.0
gross_gain,walkingmantiny,74,0,0,2,True,False,True,0.0,0.0
gross_gain,walkingmantiny,75,0,0,2,True,False,True,0.0,0.0
gross_gain,walkingmantiny,76,0,0,2,True,False,True,0.0,0.0
gross_gain,walkingmantiny,77,0,0,2,True,False,True,0.0,0.0
gross_gain,walkingmantiny,78,0,0,2,True,False,True,0.0,0.0
gross_gain,walkingmantiny,79,0,0,2,True,False,True,0.0,0.0
gross_gain,walkingmantiny,80,0,0,2,True,False,True,0.0,0.0
gross_gain,walkingmantiny,81,0,0,2,True,False,True,0.0,0.0
gross_gain,walkingmantiny,82,0,0,2,True,False,True,0.0,0.0
gross_gain,walkingnight,143,0,0,2,True,False,True,0.8406055025476468,0.8406055025476468
gross_gain,walkingnight,144,0,0,2,True,False,True,0.7884861159379852,0.7884861159379852
gross_gain,walkingnight,225,0,0,2,True,False,True,0.779803736120519,0.779803736120519
gross_gain,walkingnight,231,0,0,2,True,False,True,0.6399903464376664,0.6399903464376664
gross_gain,walkingnight,232,0,0,2,True,False,True,0.7018740853422378,0.7018740853422378
gross_gain,walkingnight,234,0,0,2,True,False,True,0.8757261167085842,0.8757261167085842
gross_gain,walkingnight,235,0,0,2,True,False,True,0.8115138868631415,0.8115138868631415
gross_gain,walkingnight,236,0,0,2,True,False,True,0.8390916795102271,0.8390916795102271
gross_gain,walkingnight,237,0,0,2,True,False,True,0.7842591144055715,0.7842591144055715
gross_gain,walkingnight,238,0,0,2,True,False,True,0.7610268664643253,0.7610268664643253
gross_gain,walkingnight,239,0,0,2,True,False,True,0.7953953695994931,0.7953953695994931
gross_gain,walkingnight,240,0,0,2,True,False,True,0.6320342076081792,0.6320342076081792
gross_gain,walkingnight,241,0,0,2,True,False,True,0.7514342397314977,0.7514342397314977
gross_gain,walkingnight,242,0,0,2,True,False,True,0.794576716314368,0.794576716314368
gross_gain,walkingnight,243,0,0,2,True,False,True,0.6413170051024528,0.6413170051024528
gross_gain,walkingnight,244,0,0,2,True,False,True,0.7188769229154699,0.7188769229154699
gross_gain,walkingnight,245,0,0,2,True,False,True,0.6620176229525973,0.6620176229525973
gross_gain,walkingnight,246,0,0,2,True,False,True,0.6816702484049633,0.6816702484049633
gross_gain,walkingnight,247,0,0,2,True,False,True,0.6551544108485368,0.6551544108485368
gross_gain,walkingnight,248,0,0,2,True,False,True,0.6210065484990741,0.6210065484990741
gross_gain,walkingnight,249,0,0,2,True,False,True,0.4996263588228374,0.4996263588228374
gross_gain,walkingnight,250,0,0,2,True,False,True,0.566446742927908,0.566446742927908
gross_gain,walkingnight,251,0,0,2,True,False,True,0.5804156947116299,0.5804156947116299
gross_gain,walkingnight,252,0,0,2,True,False,True,0.4122134435445552,0.4122134435445552
gross_gain,walkingnight,253,0,0,2,True,False,True,0.536801425388058,0.536801425388058
gross_gain,walkingnight,254,0,0,2,True,False,True,0.5285253128933094,0.5285253128933094
gross_gain,walkingnight,255,0,1,2,True,False,True,0.0,0.0
gross_gain,walkingnight,256,0,0,2,True,False,True,0.5213932842812431,0.5213932842812431
gross_gain,walkingnight,257,0,0,2,True,False,True,0.42864682862337705,0.42864682862337705
gross_gain,walkingnight,258,0,0,2,True,False,True,0.4375622633883783,0.4375622633883783
gross_gain,walkingnight,259,0,0,2,True,False,True,0.3924546303360072,0.3924546303360072
gross_gain,walkingnight,260,0,0,2,True,False,True,0.3413131377503828,0.3413131377503828
gross_gain,walkingnight,261,0,0,2,True,False,True,0.5166504989898932,0.5166504989898932
gross_gain,walkingnight,262,0,0,2,True,False,True,0.5349479860269307,0.5349479860269307
gross_gain,walkingnight,263,0,0,2,True,False,True,0.5289732893075827,0.5289732893075827
gross_gain,walkingnight,264,0,0,2,True,False,True,0.4560417658332707,0.4560417658332707
gross_gain,walkingnight,265,0,0,2,True,False,True,0.6154233640979163,0.6154233640979163
gross_gain,walkingnight,267,0,0,2,True,False,True,0.3724193271957569,0.3724193271957569
gross_gain,walkingnight,268,0,0,2,True,False,True,0.4390524607214956,0.4390524607214956
gross_gain,walkingnight,269,0,0,2,True,False,True,0.38873382635055637,0.38873382635055637
gross_gain,walkingnight,270,0,0,2,True,False,True,0.3013971458440981,0.3013971458440981
gross_gain,walkingnight,278,0,0,2,True,False,True,0.7484146726412462,0.7484146726412462
gross_gain,walkingnight,281,0,0,2,True,False,True,0.7423404128653653,0.7423404128653653
gross_gain,walkingnight,283,0,0,2,True,False,True,0.6879335346345749,0.6879335346345749
gross_gain,walkingnight,286,0,0,2,True,False,True,0.8274987496412949,0.8274987496412949
gross_gain,walkingnight,319,0,0,2,True,False,True,0.8811685481883295,0.8811685481883295
gross_gain,walkingnight,351,0,0,2,True,False,True,0.7394465482362853,0.7394465482362853
gross_gain,walkingnight,373,0,0,2,True,False,True,0.8338671017276809,0.8338671017276809
gross_gain,walkingnight,375,0,0,2,True,False,True,0.768579312990923,0.768579312990923
gross_gain,walkingnight,377,0,0,2,True,False,True,0.6914182830723669,0.6914182830723669
gross_gain,walkingnight,383,0,0,2,True,False,True,0.625957684250528,0.625957684250528
gross_gain,walkingnight,389,0,0,2,True,False,True,0.0,0.0
gross_gain,walkingnight,390,0,0,2,True,False,True,0.0,0.0
gross_gain,walkingnight,391,0,1,2,True,False,True,0.0,0.0
gross_gain,walkingtogether,50,0,0,0,False,True,True,0.7848421317402596,0.7848421317402596
gross_gain,walkingtogether,56,0,0,0,False,True,True,0.8132567926865885,0.8132567926865885
gross_gain,walkingtogether,105,0,0,0,False,True,True,0.8514953614573578,0.8514953614573578
gross_gain,walkingtogether,106,0,0,0,False,True,True,0.8724637861204809,0.8724637861204809
gross_gain,walkingtogether,107,0,0,0,False,True,True,0.8890350164959315,0.8890350164959315
gross_gain,walkingtogether,276,0,0,0,False,True,True,0.7948249714388322,0.7948249714388322
gross_gain,walkingtogether,656,0,0,0,False,True,True,0.8366132269943025,0.8366132269943025
gross_gain,walkingtogether,815,0,0,0,False,True,True,0.5516302698255701,0.5516302698255701
gross_gain,walkingtogether,817,0,0,0,False,True,True,0.6070160841728754,0.6070160841728754
gross_gain,walkingtogether,818,0,0,0,False,True,True,0.6035502502298365,0.6035502502298365
gross_gain,walkingtogether,819,0,0,0,False,True,True,0.6139187487388156,0.6139187487388156
gross_gain,walkingtogether,820,0,0,0,False,True,True,0.5996201830898591,0.5996201830898591
gross_gain,walkingtogether,822,0,0,0,False,True,True,0.5846318591269198,0.5846318591269198
gross_gain,walkingtogether,823,0,0,0,False,True,True,0.5848680681484554,0.5848680681484554
gross_gain,walkingtogether,824,0,0,0,False,True,True,0.588427480763809,0.588427480763809
gross_gain,walkingtogether,825,0,0,0,False,True,True,0.5934517492541116,0.5934517492541116
gross_gain,walkingtogether,828,0,0,0,False,True,True,0.6001378869990315,0.6001378869990315
gross_gain,walkingtogether,830,0,0,0,False,True,True,0.6158514858591102,0.6158514858591102
gross_gain,walkingtogether,883,0,0,0,False,True,True,0.8511308632010193,0.8511308632010193
gross_gain,walkingtogether,987,0,0,0,False,True,True,0.8125560289381486,0.8125560289381486
gross_gain,walkingtogether,989,0,0,0,False,True,True,0.7756226393277199,0.7756226393277199
gross_gain,walkingtogether,1000,0,0,0,False,True,True,0.8182423173646755,0.8182423173646755
gross_gain,walkingtogether,1045,0,0,0,False,True,True,0.5339145893883464,0.5339145893883464
gross_gain,walkingtogether,1046,0,0,0,False,True,True,0.5406997475349591,0.5406997475349591
gross_gain,walkingtogether,1053,0,0,0,False,True,True,0.5847429311300508,0.5847429311300508
gross_gain,walkingtogether,1197,0,0,0,False,True,True,0.8329525031732212,0.8329525031732212
gross_gain,walkingtogether,1198,0,0,0,False,True,True,0.8100166191348646,0.8100166191348646
gross_gain,walkingtogether,1199,0,0,0,False,True,True,0.8266950493598134,0.8266950493598134
gross_gain,walkingtogether,1200,0,0,0,False,True,True,0.82769694627991,0.82769694627991
gross_gain,walkingtogether,1201,0,0,0,False,True,True,0.8443189819406427,0.8443189819406427
gross_gain,walkingtogether,1202,0,0,0,False,True,True,0.850150351499953,0.850150351499953
gross_gain,walkingtogether,1203,0,0,0,False,True,True,0.8468385705973949,0.8468385705973949
gross_gain,walkingtogether,1204,0,0,0,False,True,True,0.8406520083620616,0.8406520083620616
gross_gain,walkingtogether,1256,0,0,0,False,True,True,0.7883841370233945,0.7883841370233945
gross_gain,walkingtogether,1265,0,0,0,False,True,True,0.813299465626811,0.813299465626811
gross_gain,walkingtogether,1266,0,0,0,False,True,True,0.8196250708153482,0.8196250708153482
gross_gain,walkingtogether,1267,0,0,0,False,True,True,0.803124415085636,0.803124415085636
gross_gain,walkingtogether,1271,0,0,0,False,True,True,0.8004034154725455,0.8004034154725455
gross_gain,walkingtogether,1278,0,0,0,False,True,True,0.7309806873084986,0.7309806873084986
gross_gain,walkingtogether,1281,0,0,0,False,True,True,0.6878243083278311,0.6878243083278311
gross_gain,walkingtogether,1285,0,0,0,False,True,True,0.7967972956982489,0.7967972956982489
gross_gain,walkingtogether,1286,0,0,0,False,True,True,0.8064469760951686,0.8064469760951686
gross_gain,walkingtogether,1287,0,0,0,False,True,True,0.8027923469160932,0.8027923469160932
gross_gain,walkingtogether,1288,0,0,0,False,True,True,0.7800996088146934,0.7800996088146934
gross_gain,walkingtogether,1299,0,0,0,False,True,True,0.7610294477656018,0.7610294477656018
gross_gain,walkingtogether,1310,0,0,0,False,True,True,0.8442818673063145,0.8442818673063145
gross_gain,walkingtogether,1317,0,0,0,False,True,True,0.8343872326789159,0.8343872326789159
gross_gain,walkingtogether,1352,0,0,0,False,True,True,0.898952560571679,0.898952560571679
gross_gain,walkingtogether,1353,0,0,0,False,True,True,0.9103730360941098,0.9103730360941098
gross_gain,walkingtogether,1357,0,0,0,False,True,True,0.8167394499865549,0.8167394499865549
gross_gain,walkingtogether,1358,0,0,0,False,True,True,0.9500757369002856,0.9500757369002856
gross_gain,walkingtogetherright,244,0,0,2,True,False,True,0.46589519230236537,0.46589519230236537
gross_gain,walkingtogetherright,246,0,0,2,True,False,True,0.1525244356023078,0.1525244356023078
gross_gain,walkingtogetherright,247,0,0,2,True,False,True,0.03621853752414528,0.03621853752414528
gross_gain,walkingtogetherright,249,0,0,2,True,False,True,0.08312863622109405,0.08312863622109405
gross_gain,walkingtogetherright,251,0,0,2,True,False,True,0.06305556922682008,0.06305556922682008
gross_gain,walkingtogetherright,266,0,0,2,True,False,True,0.3929813797425405,0.3929813797425405
gross_gain,walkingtogetherright,268,0,0,2,True,False,True,0.0,0.0
gross_gain,walkingtogetherright,280,0,0,2,True,False,True,0.3718500326546686,0.3718500326546686
gross_gain,walkingtogetherright,282,0,0,2,True,False,True,0.4004606464007072,0.4004606464007072
gross_gain,walkingtogetherright,376,0,0,2,True,False,True,0.09186963759264606,0.09186963759264606
gross_gain,walkingtogetherright,486,0,0,2,True,False,True,0.42456447887849136,0.42456447887849136
gross_gain,walkingtogetherright,488,0,0,2,True,False,True,0.4317098456516082,0.4317098456516082
gross_gain,walkingtogetherright,503,0,0,2,True,False,True,0.634538747901246,0.634538747901246
gross_gain,walkingtogetherright,598,0,0,2,True,False,True,0.0,0.5445496904592514
gross_gain,walkingwithbag1,329,0,0,0,False,True,True,0.8260408058016623,0.8260408058016623
gross_gain,walkingwithbag1,330,0,0,0,False,True,True,0.8352335267243345,0.8352335267243345
gross_gain,walkingwithbag1,331,0,0,0,False,True,True,0.8522466528839702,0.8522466528839702
gross_gain,walkingwithbag1,332,0,0,0,False,True,True,0.8321858422059972,0.8321858422059972
gross_gain,walkingwithbag1,333,0,0,0,False,True,True,0.8281429600597381,0.8281429600597381
gross_gain,walkingwithbag1,334,0,0,0,False,True,True,0.8226988235753276,0.8226988235753276
gross_gain,walkingwithbag1,335,0,0,0,False,True,True,0.8221626424660845,0.8221626424660845
gross_gain,walkingwithbag1,341,0,0,0,False,True,True,0.8276694841194053,0.8276694841194053
gross_gain,walkingwithbag1,342,0,0,0,False,True,True,0.8346877576092756,0.8346877576092756
gross_gain,walkingwithbag1,343,0,0,0,False,True,True,0.8213102870587735,0.8213102870587735
gross_gain,walkingwithbag1,344,0,0,0,False,True,True,0.804175373799926,0.804175373799926
gross_gain,walkingwithbag1,345,0,0,0,False,True,True,0.8122686454840214,0.8122686454840214
gross_gain,walkingwithbag1,350,0,0,0,False,True,True,0.8393505679789289,0.8393505679789289
gross_gain,walkingwithbag1,446,0,0,2,True,False,True,0.5291740078571014,0.5291740078571014
gross_gain,walkingwithbag1,447,0,0,2,True,False,True,0.3623060180080073,0.3623060180080073
gross_gain,walkingwithbag1,448,0,0,2,True,False,True,0.506421479565788,0.506421479565788
gross_gain,walkingwithbag1,449,0,0,2,True,False,True,0.4598546042789304,0.4598546042789304
gross_gain,walkingwithbag1,450,0,0,2,True,False,True,0.5887039275061791,0.5887039275061791
gross_gain,walkingwithbag1,451,0,0,2,True,False,True,0.4595105093734176,0.4595105093734176
gross_gain,walkingwithbag1,452,0,0,2,True,False,True,0.4211335676104747,0.4211335676104747
gross_gain,walkingwithbag1,453,0,0,2,True,False,True,0.4963078093723454,0.4963078093723454
gross_gain,walkingwithbag1,454,0,0,2,True,False,True,0.4484299834849834,0.4484299834849834
gross_gain,walkingwithbag1,507,0,0,0,False,True,True,0.7349352949166944,0.7349352949166944
gross_gain,walkingwithbag1,515,0,0,0,False,True,True,0.7241743664716804,0.7241743664716804
gross_gain,walkingwithbag1,516,0,0,0,False,True,True,0.7331138040809397,0.7331138040809397
gross_gain,walkingwithbag1,517,0,0,0,False,True,True,0.7269273469106249,0.7269273469106249
gross_gain,walkingwithbag1,549,0,0,0,False,True,True,0.8001402722520518,0.8001402722520518
gross_gain,walkingwithbag1,550,0,0,0,False,True,True,0.7836867286473764,0.7836867286473764
gross_gain,walkingwithbag1,551,0,0,0,False,True,True,0.7774171550378435,0.7774171550378435
gross_gain,walkingwithbag1,552,0,0,0,False,True,True,0.7873619229782294,0.7873619229782294
gross_gain,walkingwithbag1,553,0,0,0,False,True,True,0.7958044991280401,0.7958044991280401
gross_gain,walkingwithbag1,554,0,0,0,False,True,True,0.7669632650856081,0.7669632650856081
gross_gain,walkingwithbag1,555,0,0,0,False,True,True,0.7812690570464846,0.7812690570464846
gross_gain,walkingwithbag1,556,0,0,0,False,True,True,0.7858918356820908,0.7858918356820908
gross_gain,walkingwithbag1,557,0,0,0,False,True,True,0.7962572901062902,0.7962572901062902
gross_gain,walkingwithbag1,558,0,0,0,False,True,True,0.8115165043636604,0.8115165043636604
gross_gain,walkingwithbag1,559,0,0,0,False,True,True,0.8145218806287161,0.8145218806287161
gross_gain,walkingwithbag1,560,0,0,0,False,True,True,0.8234172115205712,0.8234172115205712
gross_gain,walkingwithbag1,561,0,0,0,False,True,True,0.8139242727560947,0.8139242727560947
gross_gain,walkingwithbag1,563,0,0,0,False,True,True,0.7980482340706907,0.7980482340706907
gross_gain,walkingwithbag1,565,0,0,0,False,True,True,0.7681816554532824,0.7681816554532824
gross_gain,walkingwithbag1,566,0,0,0,False,True,True,0.7465759316370723,0.7465759316370723
gross_gain,walkingwithbag1,567,0,0,0,False,True,True,0.7663320083351756,0.7663320083351756
gross_gain,walkingwithbag1,568,0,0,0,False,True,True,0.7582946473165032,0.7582946473165032
gross_gain,walkingwithbag1,569,0,0,0,False,True,True,0.7390091193027184,0.7390091193027184
gross_gain,walkingwithbag1,570,0,0,0,False,True,True,0.7673427177629157,0.7673427177629157
gross_gain,walkingwithbag1,571,0,0,0,False,True,True,0.7667528077029641,0.7667528077029641
gross_gain,walkingwithbag1,572,0,0,0,False,True,True,0.7566155916918542,0.7566155916918542
gross_gain,walkingwoman,254,0,0,0,False,True,True,0.5075201003783121,0.5075201003783121
gross_gain,whitebag,3,0,0,0,False,True,True,0.8020972578674036,0.8020972578674036
gross_gain,whitebag,4,0,0,0,False,True,True,0.7941373270885229,0.7941373270885229
gross_gain,whitebag,5,0,0,0,False,True,True,0.8895094365364082,0.8895094365364082
gross_gain,whitebag,13,0,0,0,False,True,True,0.8027483315068379,0.8027483315068379
gross_gain,whitebag,14,0,0,0,False,True,True,0.7952156252494605,0.7952156252494605
gross_gain,whitebag,15,0,0,0,False,True,True,0.7999819477639498,0.7999819477639498
gross_gain,whitebag,24,0,0,0,False,True,True,0.8073030368524224,0.8073030368524224
gross_gain,whitebag,26,0,0,0,False,True,True,0.8174574226000264,0.8174574226000264
gross_gain,whitebag,30,0,0,0,False,True,True,0.7224699442440449,0.7224699442440449
gross_gain,whitebag,57,0,0,2,True,False,True,0.7361587193349839,0.7361587193349839
gross_gain,whitebag,58,0,0,2,True,False,True,0.5608522825640214,0.5608522825640214
gross_gain,whitebag,59,0,0,2,True,False,True,0.7078584522850373,0.7078584522850373
gross_gain,whitebag,124,0,0,2,True,False,True,0.0,0.0
gross_gain,whitebag,125,0,1,2,True,False,True,0.0,0.35050400972746865
gross_gain,whitebag,126,0,0,2,True,False,True,0.3835057777787503,0.3835057777787503
gross_gain,whitebag,176,0,0,2,True,False,True,0.5951174327118864,0.5951174327118864
gross_gain,whitebag,178,0,0,2,True,False,True,0.8042362526148177,0.8042362526148177
gross_gain,whitebag,179,0,0,2,True,False,True,0.8213570868289438,0.8213570868289438
gross_gain,whitebag,181,0,0,2,True,False,True,0.7702974258865778,0.7702974258865778
gross_gain,whitebag,191,0,0,2,True,False,True,0.7416964026640805,0.7416964026640805
gross_gain,whitebag,374,0,0,0,False,True,True,0.8404159585846743,0.8404159585846743
gross_gain,whiteman1,191,0,0,2,True,False,True,0.8124235206157597,0.8124235206157597
gross_gain,whiteman1,261,0,0,2,True,False,True,0.7469648290816601,0.7469648290816601
gross_gain,whiteman1,275,0,0,2,True,False,True,0.8466960381144393,0.8466960381144393
gross_gain,whiteman1,307,0,0,2,True,False,True,0.7130029468035612,0.7130029468035612
gross_gain,whiteman1,308,0,0,2,True,False,True,0.7571509020822808,0.7571509020822808
gross_gain,whiteman1,319,0,0,2,True,False,True,0.4732230604488436,0.4732230604488436
gross_gain,whiteman1,321,0,0,2,True,False,True,0.5594740305547427,0.5594740305547427
gross_gain,whiteman1,323,0,0,2,True,False,True,0.46267510510938903,0.46267510510938903
gross_gain,whiteman1,326,0,0,2,True,False,True,0.6472112179847219,0.6472112179847219
gross_gain,whiteman1,352,0,0,2,True,False,True,0.6832107098860383,0.6832107098860383
gross_gain,whiteman1,353,0,0,2,True,False,True,0.611970650482376,0.611970650482376
gross_gain,whiteman1,354,0,0,2,True,False,True,0.40763260805964735,0.40763260805964735
gross_gain,whiteman1,355,0,0,2,True,False,True,0.6339332639114875,0.6339332639114875
gross_gain,whiteman1,356,0,0,2,True,False,True,0.5195209485571175,0.5195209485571175
gross_gain,whiteman1,357,0,0,2,True,False,True,0.6414111683338007,0.6414111683338007
gross_gain,whiteman1,358,0,0,2,True,False,True,0.5833877873102534,0.5833877873102534
gross_gain,whiteman1,359,0,0,2,True,False,True,0.5269431929932342,0.5269431929932342
gross_gain,whiteman1,361,0,0,2,True,False,True,0.7893406490010813,0.7893406490010813
gross_gain,whiteman1,362,0,0,2,True,False,True,0.5966283958181828,0.5966283958181828
gross_gain,whiteman1,363,0,0,2,True,False,True,0.0,0.0
gross_gain,whiteman1,364,0,0,2,True,False,True,0.6515213054702822,0.6515213054702822
gross_gain,whiteman1,365,0,0,2,True,False,True,0.6601913785007185,0.6601913785007185
gross_gain,whiteman1,366,0,0,2,True,False,True,0.5646870315817684,0.5646870315817684
gross_gain,whiteman1,367,0,0,2,True,False,True,0.0,0.0
gross_gain,whiteman1,369,0,0,2,True,False,True,0.25790260299507395,0.25790260299507395
gross_gain,whiteman1,370,0,0,2,True,False,True,0.5055510006363876,0.5055510006363876
gross_gain,whiteman1,371,0,0,2,True,False,True,0.37727761209411376,0.37727761209411376
gross_gain,whiteman1,372,0,0,2,True,False,True,0.2450212328210407,0.2450212328210407
gross_gain,whiteman1,373,0,0,2,True,False,True,0.03837953098263246,0.03837953098263246
gross_gain,whiteman1,374,0,0,2,True,False,True,0.11354058309242582,0.11354058309242582
gross_gain,whiteman1,375,0,0,2,True,False,True,0.3552888850311717,0.3552888850311717
gross_gain,whiteman1,376,0,0,2,True,False,True,0.44612653007833614,0.44612653007833614
gross_gain,whiteman1,377,0,0,2,True,False,True,0.0,0.0
gross_gain,whiteman1,380,0,0,2,True,False,True,0.3925353694243076,0.3925353694243076
gross_gain,whiteman1,381,0,0,2,True,False,True,0.4106621171237851,0.4106621171237851
gross_gain,whiteman1,382,0,0,2,True,False,True,0.46199019570399447,0.46199019570399447
gross_gain,whiteman1,383,0,0,2,True,False,True,0.44729346495669653,0.44729346495669653
gross_gain,whiteman1,385,0,0,2,True,False,True,0.48844931493845495,0.48844931493845495
gross_gain,whiteman1,386,0,0,2,True,False,True,0.48480589123235096,0.48480589123235096
gross_gain,whiteman1,387,0,0,2,True,False,True,0.43443425833313565,0.43443425833313565
gross_gain,whiteman1,388,0,0,2,True,False,True,0.5510297136193567,0.5510297136193567
gross_gain,whiteman1,389,0,0,2,True,False,True,0.4759414958764687,0.4759414958764687
gross_gain,whiteman1,390,0,0,2,True,False,True,0.5219398195683089,0.5219398195683089
gross_gain,whiteman1,391,0,0,2,True,False,True,0.46113684091675294,0.46113684091675294
gross_gain,whiteman1,392,0,0,2,True,False,True,0.5122783610943052,0.5122783610943052
gross_gain,whiteman1,393,0,0,2,True,False,True,0.4683290535623777,0.4683290535623777
gross_gain,whiteman1,394,0,0,2,True,False,True,0.45647108329896874,0.45647108329896874
gross_gain,whiteman1,395,0,0,2,True,False,True,0.5022349065830242,0.5022349065830242
gross_gain,whiteman1,396,0,0,2,True,False,True,0.539987767022056,0.539987767022056
gross_gain,whiteman1,398,0,0,2,True,False,True,0.5027168601322709,0.5027168601322709
gross_gain,whiteman1,399,0,0,2,True,False,True,0.5185427042916864,0.5185427042916864
gross_gain,whiteman1,400,0,0,2,True,False,True,0.5046056902662207,0.5046056902662207
gross_gain,whiteman1,401,0,0,2,True,False,True,0.5205940975952988,0.5205940975952988
gross_gain,whiteman1,402,0,0,2,True,False,True,0.42341679759767553,0.42341679759767553
gross_gain,whiteman1,403,0,0,2,True,False,True,0.4666948469352468,0.4666948469352468
gross_gain,whiteman1,404,0,0,2,True,False,True,0.3510414956357864,0.3510414956357864
gross_gain,whiteman1,405,0,0,2,True,False,True,0.4054852320927971,0.4054852320927971
gross_gain,whiteman1,406,0,0,2,True,False,True,0.5208673401588024,0.5208673401588024
gross_gain,whiteman1,407,0,0,2,True,False,True,0.58318484171003,0.58318484171003
gross_gain,whiteman1,408,0,0,2,True,False,True,0.5836359173198679,0.5836359173198679
gross_gain,whiteman1,409,0,0,2,True,False,True,0.5520899067335248,0.5520899067335248
gross_gain,whiteman1,410,0,0,2,True,False,True,0.3733464158035893,0.3733464158035893
gross_gain,whiteman1,411,0,0,2,True,False,True,0.5240789664612278,0.5240789664612278
gross_gain,whiteman1,412,0,0,2,True,False,True,0.4260331701527374,0.4260331701527374
gross_gain,whiteman1,413,0,0,2,True,False,True,0.6033766470015397,0.6033766470015397
gross_gain,whiteman1,414,0,0,2,True,False,True,0.38973982911000515,0.38973982911000515
gross_gain,whiteman1,416,0,0,2,True,False,True,0.5912109867944054,0.5912109867944054
gross_gain,whiteman1,417,0,0,2,True,False,True,0.5916507081052425,0.5916507081052425
gross_gain,whiteman1,418,0,0,2,True,False,True,0.5219882239046264,0.5219882239046264
gross_gain,whiteman1,419,0,0,2,True,False,True,0.45959526064954126,0.45959526064954126
gross_gain,whiteman1,421,0,0,2,True,False,True,0.4370969531792028,0.4370969531792028
gross_gain,whiteman1,422,0,0,2,True,False,True,0.6332970065452851,0.6332970065452851
gross_gain,whiteman1,423,0,0,2,True,False,True,0.7026383776201844,0.7026383776201844
gross_gain,whiteman1,424,0,0,2,True,False,True,0.6530143022401043,0.6530143022401043
gross_gain,whiteman1,425,0,0,2,True,False,True,0.6194507286701512,0.6194507286701512
gross_gain,whiteman1,426,0,0,2,True,False,True,0.6879408388910885,0.6879408388910885
gross_gain,whiteman1,427,0,0,2,True,False,True,0.5861782141768325,0.5861782141768325
gross_gain,whiteman1,428,0,0,2,True,False,True,0.62469328434396,0.62469328434396
gross_gain,whiteman1,430,0,0,2,True,False,True,0.38431343113617444,0.38431343113617444
gross_gain,whiteman1,431,0,0,2,True,False,True,0.6545688257265304,0.6545688257265304
gross_gain,whiteman1,432,0,0,2,True,False,True,0.7871970146669943,0.7871970146669943
gross_gain,whiteman1,433,0,0,2,True,False,True,0.5753256712013541,0.5753256712013541
gross_gain,whiteman1,434,0,0,2,True,False,True,0.5937119320172444,0.5937119320172444
gross_gain,whiteman1,435,0,0,2,True,False,True,0.4305355032656801,0.4305355032656801
gross_gain,whiteman1,437,0,0,2,True,False,True,0.5736817696943074,0.5736817696943074
gross_gain,whiteman1,438,0,0,2,True,False,True,0.6294664200348061,0.6294664200348061
gross_gain,whiteman1,439,0,0,2,True,False,True,0.6632837340715811,0.6632837340715811
gross_gain,whiteman1,440,0,0,2,True,False,True,0.6814555880804676,0.6814555880804676
gross_gain,whiteman1,441,0,0,2,True,False,True,0.5508969641284538,0.5508969641284538
gross_gain,whiteman1,442,0,0,2,True,False,True,0.5699890248893307,0.5699890248893307
gross_gain,whiteman1,443,0,0,2,True,False,True,0.6541776274614567,0.6541776274614567
gross_gain,whiteman1,444,0,0,2,True,False,True,0.5197856455882133,0.5197856455882133
gross_gain,whiteman1,446,0,0,2,True,False,True,0.6682288161092612,0.6682288161092612
gross_gain,whiteman1,447,0,0,2,True,False,True,0.5738620979944127,0.5738620979944127
gross_gain,whiteman1,448,0,0,2,True,False,True,0.6321110806601362,0.6321110806601362
gross_gain,whiteman1,449,0,0,2,True,False,True,0.633461270623598,0.633461270623598
gross_gain,whiteman1,450,0,0,2,True,False,True,0.6172436554073192,0.6172436554073192
gross_gain,whiteman1,451,0,0,2,True,False,True,0.48745223474051125,0.48745223474051125
gross_gain,whiteman1,452,0,0,2,True,False,True,0.3414657648594901,0.3414657648594901
gross_gain,whiteman1,453,0,0,2,True,False,True,0.3326360687529994,0.3326360687529994
gross_gain,whiteman1,454,0,0,2,True,False,True,0.43486944690433005,0.43486944690433005
gross_gain,whiteman1,458,0,0,2,True,False,True,0.6004795276381777,0.6004795276381777
gross_gain,whiteman1,459,0,0,2,True,False,True,0.5772541058194927,0.5772541058194927
gross_gain,whiteman1,462,0,0,2,True,False,True,0.6429680554903953,0.6429680554903953
gross_gain,whiteman1,463,0,0,2,True,False,True,0.6442924180401347,0.6442924180401347
gross_gain,whiteman1,464,0,0,2,True,False,True,0.6992295096357986,0.6992295096357986
gross_gain,whiteman1,467,0,0,2,True,False,True,0.6520825812075913,0.6520825812075913
gross_gain,whiteman1,471,0,0,2,True,False,True,0.5386702916516911,0.5386702916516911
gross_gain,whiteman1,476,0,0,2,True,False,True,0.6200800917420849,0.6200800917420849
gross_gain,whiteman1,486,0,0,2,True,False,True,0.5427663715006845,0.5427663715006845
gross_gain,whiteman1,492,0,0,2,True,False,True,0.5916385137534271,0.5916385137534271
gross_gain,whiteman1,494,0,0,2,True,False,True,0.5099506427872882,0.5099506427872882
gross_gain,whiteman1,495,0,0,2,True,False,True,0.5066043368401864,0.5066043368401864
gross_gain,whiteman1,497,0,0,2,True,False,True,0.6171323967673168,0.6171323967673168
gross_gain,whiteman1,505,0,0,2,True,False,True,0.3935007971507955,0.3935007971507955
gross_gain,whiteman1,506,0,0,2,True,False,True,0.317416850280709,0.317416850280709
gross_gain,whiteman1,507,0,0,2,True,False,True,0.6030050028310833,0.6030050028310833
gross_gain,whiteman1,521,0,0,2,True,False,True,0.5617917847917573,0.5617917847917573
gross_gain,whiteman1,522,0,0,2,True,False,True,0.35772596182301974,0.35772596182301974
gross_gain,whiteman1,523,0,0,2,True,False,True,0.47006328794452296,0.47006328794452296
gross_gain,whiteman1,524,0,0,2,True,False,True,0.5095544288263062,0.5095544288263062
gross_gain,whiteman1,525,0,0,2,True,False,True,0.5031768922738394,0.5031768922738394
gross_gain,whiteman1,526,0,0,2,True,False,True,0.5297077296328099,0.5297077296328099
gross_gain,whiteman1,527,0,0,2,True,False,True,0.47180419568007176,0.47180419568007176
gross_gain,whiteman1,528,0,0,2,True,False,True,0.463857945548403,0.463857945548403
gross_gain,whiteman1,529,0,0,2,True,False,True,0.427668966984294,0.427668966984294
gross_gain,whiteman1,530,0,0,2,True,False,True,0.47525413248754483,0.47525413248754483
gross_gain,whiteman1,531,0,0,2,True,False,True,0.35245468036977967,0.35245468036977967
gross_gain,whiteman1,532,0,0,2,True,False,True,0.42446890362606643,0.42446890362606643
gross_gain,whiteman1,533,0,0,2,True,False,True,0.6410963531093947,0.6410963531093947
gross_gain,whiteman1,542,0,0,2,True,False,True,0.5324793558910526,0.5324793558910526
gross_gain,whiteman1,543,0,0,2,True,False,True,0.013607645869525647,0.013607645869525647
gross_gain,whiteman1,544,0,0,2,True,False,True,0.17892927340897938,0.17892927340897938
gross_gain,whiteman1,545,0,0,2,True,False,True,0.1969453456737127,0.1969453456737127
gross_gain,whiteman1,546,0,0,2,True,False,True,0.14416161910438363,0.14416161910438363
gross_gain,whiteman1,547,0,0,2,True,False,True,0.16070962466789787,0.16070962466789787
gross_gain,whiteman1,548,0,0,2,True,False,True,0.16039903822735532,0.16039903822735532
gross_gain,whiteman1,549,0,0,2,True,False,True,0.20164702738637183,0.20164702738637183
gross_gain,whiteman1,550,0,0,2,True,False,True,0.8748194614308443,0.8748194614308443
gross_gain,whiteman1,559,0,0,2,True,False,True,0.6507921718537171,0.6507921718537171
gross_gain,whiteman1,560,0,0,2,True,False,True,0.4998643722126041,0.4998643722126041
gross_gain,whiteman1,667,0,0,2,True,False,True,0.8415843969325136,0.8415843969325136
gross_gain,whiteman1,796,0,1,2,True,False,True,0.27779168130284626,0.0
gross_gain,whiteman1,797,0,0,2,True,False,True,0.0,0.0
gross_gain,whiteman1,798,0,0,2,True,False,True,0.0,0.0
gross_gain,whiteman1,799,0,0,2,True,False,True,0.0,0.0
gross_gain,whiteman1,800,0,0,2,True,False,True,0.0,0.0
gross_gain,whiteman1,801,0,0,2,True,False,True,0.0,0.0
gross_gain,whiteman1,802,0,0,2,True,False,True,0.0,0.0
gross_gain,whiteman1,803,0,0,2,True,False,True,0.0,0.0
gross_gain,whiteman1,804,0,0,2,True,False,True,0.0,0.0
gross_gain,whiteman1,805,0,0,2,True,False,True,0.0,0.0
gross_gain,whiteman1,806,0,0,2,True,False,True,0.0,0.0
gross_gain,whiteman1,807,0,0,2,True,False,True,0.0,0.0
gross_gain,whiteman1,808,0,0,2,True,False,True,0.0,0.0
gross_gain,whiteman1,809,0,0,2,True,False,True,0.0,0.0
gross_gain,whiteman1,810,0,0,2,True,False,True,0.0,0.0
gross_gain,whiteman1,811,0,0,2,True,False,True,0.0,0.0
gross_gain,whiteman1,812,0,0,2,True,False,True,0.0,0.0
gross_gain,whiteman1,813,0,2,2,True,False,True,0.0,0.2995815492755406
gross_gain,whiteman1,815,0,0,2,True,False,True,0.6106063653881355,0.6106063653881355
gross_gain,whiteman1,833,0,0,2,True,False,True,0.6958180395259622,0.6958180395259622
gross_gain,whiteman1,857,0,0,2,True,False,True,0.776763121808531,0.776763121808531
gross_gain,whiteman1,863,0,0,2,True,False,True,0.7143983572577609,0.7143983572577609
gross_gain,whiteman1,872,0,0,2,True,False,True,0.712879688459937,0.712879688459937
gross_gain,whiteman1,904,0,0,2,True,False,True,0.04933767688891901,0.04933767688891901
gross_gain,whiteman1,909,0,0,2,True,False,True,0.8667056137871844,0.8667056137871844
gross_gain,whiteman1,910,0,0,2,True,False,True,0.8260557950302791,0.8260557950302791
gross_gain,whiteman1,913,0,0,2,True,False,True,0.943270161528606,0.943270161528606
gross_gain,whiteman1,917,0,0,2,True,False,True,0.7580379449423488,0.7580379449423488
gross_gain,whiteman1,918,0,0,2,True,False,True,0.8761666754474822,0.8761666754474822
gross_gain,whiteman1,919,0,0,2,True,False,True,0.7573080038069286,0.7573080038069286
gross_gain,whiteman1,921,0,0,2,True,False,True,0.7641072434064694,0.7641072434064694
gross_gain,whiteman1,980,0,0,2,True,False,True,0.816763449063585,0.816763449063585
gross_gain,whiteman1,984,0,0,2,True,False,True,0.677155316423383,0.677155316423383
gross_gain,whiteman1,1015,0,0,2,True,False,True,0.801589796354488,0.801589796354488
gross_gain,whiteman1,1132,0,0,2,True,False,True,0.8612413163275915,0.8612413163275915
gross_gain,whiteman1,1136,0,0,2,True,False,True,0.8748713765233623,0.8748713765233623
gross_gain,whiteman1,1138,0,0,2,True,False,True,0.709896717589089,0.709896717589089
gross_gain,whiteman1,1142,0,0,2,True,False,True,0.7575679397575105,0.7575679397575105
gross_gain,woamn46,47,0,0,2,True,False,True,0.6890596001766736,0.6890596001766736
gross_gain,woamn46,82,0,0,2,True,False,True,0.8172603947941485,0.8172603947941485
gross_gain,woamn46,83,0,0,2,True,False,True,0.8387705041048504,0.8387705041048504
gross_gain,woamn46,91,0,0,2,True,False,True,0.8205509072200912,0.8205509072200912
gross_gain,woamn46,92,0,0,2,True,False,True,0.6139751908325232,0.6139751908325232
gross_gain,woamn46,96,0,0,2,True,False,True,0.779283726146428,0.779283726146428
gross_gain,woamn46,97,0,0,2,True,False,True,0.7947303538463061,0.7947303538463061
gross_gain,woamn46,105,0,0,2,True,False,True,0.8377598545665372,0.8377598545665372
gross_gain,woamn46,106,0,0,2,True,False,True,0.8158075830792539,0.8158075830792539
gross_gain,woamn46,107,0,0,2,True,False,True,0.7640014798838126,0.7640014798838126
gross_gain,woamn46,109,0,0,2,True,False,True,0.6800689634578388,0.6800689634578388
gross_gain,woamn46,110,0,0,2,True,False,True,0.6959235307785073,0.6959235307785073
gross_gain,woamn46,111,0,0,2,True,False,True,0.8107587385805377,0.8107587385805377
gross_gain,woamn46,113,0,0,2,True,False,True,0.8614490615999248,0.8614490615999248
gross_gain,woamn46,117,0,0,2,True,False,True,0.8664832557783341,0.8664832557783341
gross_gain,woamn46,118,0,0,2,True,False,True,0.8090722902883603,0.8090722902883603
gross_gain,woamn46,127,0,0,2,True,False,True,0.6274758289268587,0.6274758289268587
gross_gain,woamn46,131,0,0,2,True,False,True,0.8674372824460058,0.8674372824460058
gross_gain,woamn46,133,0,0,2,True,False,True,0.7834307069962257,0.7834307069962257
gross_gain,woamn46,134,0,0,2,True,False,True,0.668156756875627,0.668156756875627
gross_gain,woamn46,137,0,0,2,True,False,True,0.8523030217201656,0.8523030217201656
gross_gain,woamn46,138,0,0,2,True,False,True,0.8666197893702685,0.8666197893702685
gross_gain,woamn46,139,0,0,2,True,False,True,0.7857862709107211,0.7857862709107211
gross_gain,woamn46,141,0,0,2,True,False,True,0.6711590529113337,0.6711590529113337
gross_gain,woamn46,143,0,0,2,True,False,True,0.7124235797870478,0.7124235797870478
gross_gain,woamn46,145,0,0,2,True,False,True,0.6829495830217697,0.6829495830217697
gross_gain,woamn46,146,0,0,2,True,False,True,0.0,0.0
gross_gain,woamn46,148,0,0,2,True,False,True,0.5727008072661435,0.5727008072661435
gross_gain,woamn46,153,0,0,2,True,False,True,0.8741880990997991,0.8741880990997991
gross_gain,woamn46,154,0,0,2,True,False,True,0.6500826404506596,0.6500826404506596
gross_gain,woamn46,155,0,0,2,True,False,True,0.7809743943655649,0.7809743943655649
gross_gain,woamn46,156,0,0,2,True,False,True,0.6423897044318818,0.6423897044318818
gross_gain,woamn46,157,0,0,2,True,False,True,0.1838387521642063,0.1838387521642063
gross_gain,woamn46,158,0,0,2,True,False,True,0.8272229448729003,0.8272229448729003
gross_gain,woamn46,159,0,0,2,True,False,True,0.7034705420774986,0.7034705420774986
gross_gain,woamn46,160,0,0,2,True,False,True,0.799958338403776,0.799958338403776
gross_gain,woamn46,163,0,0,2,True,False,True,0.18565433902667264,0.18565433902667264
gross_gain,woamn46,164,0,0,2,True,False,True,0.7302754813131226,0.7302754813131226
gross_gain,woamn46,165,0,0,2,True,False,True,0.12250588623472554,0.12250588623472554
gross_gain,woamn46,166,0,0,2,True,False,True,0.7477894170647876,0.7477894170647876
gross_gain,woamn46,167,0,0,2,True,False,True,0.7833218385723401,0.7833218385723401
gross_gain,woamn46,172,0,0,2,True,False,True,0.5964065504394376,0.5964065504394376
gross_gain,woamn46,173,0,0,2,True,False,True,0.029201450119010784,0.029201450119010784
gross_gain,woamn46,174,0,0,2,True,False,True,0.7194932990365724,0.7194932990365724
gross_gain,woamn46,175,0,0,2,True,False,True,0.8966139736744582,0.8966139736744582
gross_gain,woamn46,176,0,0,2,True,False,True,0.1431213532103003,0.1431213532103003
gross_gain,woamn46,177,0,0,2,True,False,True,0.7377098189856902,0.7377098189856902
gross_gain,woamn46,179,0,0,2,True,False,True,0.6228943239415257,0.6228943239415257
gross_gain,woamn46,181,0,0,2,True,False,True,0.736606951892437,0.736606951892437
gross_gain,woamn46,182,0,0,2,True,False,True,0.6764364616115808,0.6764364616115808
gross_gain,woamn46,184,0,0,2,True,False,True,0.0,0.0
gross_gain,woamn46,185,0,0,2,True,False,True,0.0,0.0
gross_gain,woamn46,187,0,0,2,True,False,True,0.06640609083453397,0.06640609083453397
gross_gain,woamn46,188,0,0,2,True,False,True,0.015580738560125868,0.015580738560125868
gross_gain,woamn46,189,0,0,2,True,False,True,0.7549526713063194,0.7549526713063194
gross_gain,woamn46,194,0,0,2,True,False,True,0.8083792065331608,0.8083792065331608
gross_gain,woamn46,195,0,1,2,True,False,True,0.5775493298897822,0.0
gross_gain,woamn46,196,0,0,2,True,False,True,0.0,0.0
gross_gain,woamn46,197,0,0,2,True,False,True,0.0,0.0
gross_gain,woamn46,198,0,0,2,True,False,True,0.0,0.0
gross_gain,woamn46,199,2,0,2,True,False,True,0.0,0.6336051476940361
gross_gain,woamn46,201,0,0,2,True,False,True,0.7221241131132828,0.7221241131132828
gross_gain,woamn46,202,0,0,2,True,False,True,0.7315366053179153,0.7315366053179153
gross_gain,woamn46,206,0,0,2,True,False,True,0.7019620663719067,0.7019620663719067
gross_gain,woamn46,209,0,0,2,True,False,True,0.7778067717339261,0.7778067717339261
gross_gain,woamn46,212,0,0,2,True,False,True,0.7198032615322204,0.7198032615322204
gross_gain,woamn46,213,0,0,2,True,False,True,0.7145158556890027,0.7145158556890027
gross_gain,woamn46,217,0,0,2,True,False,True,0.680647020267914,0.680647020267914
gross_gain,woamn46,218,0,0,2,True,False,True,0.7210932199644364,0.7210932199644364
gross_gain,woamn46,219,0,0,2,True,False,True,0.8739628234827556,0.8739628234827556
gross_gain,woamn46,220,0,0,2,True,False,True,0.0,0.0
gross_gain,woamn46,221,0,0,2,True,False,True,0.0,0.0
gross_gain,woamn46,222,0,0,2,True,False,True,0.2522158729718316,0.2522158729718316
gross_gain,woamn46,223,0,0,2,True,False,True,0.8691903796573831,0.8691903796573831
gross_gain,woamn46,224,0,0,2,True,False,True,0.7375039420057662,0.7375039420057662
gross_gain,woamn46,225,0,0,2,True,False,True,0.706344054699823,0.706344054699823
gross_gain,woamn46,226,0,0,2,True,False,True,0.7069689850229744,0.7069689850229744
gross_gain,woamn46,227,0,0,2,True,False,True,0.6971146638157277,0.6971146638157277
gross_gain,woamn46,228,0,0,2,True,False,True,0.6794760611284046,0.6794760611284046
gross_gain,woamn46,231,0,0,2,True,False,True,0.690107135909725,0.690107135909725
gross_gain,woamn46,232,0,0,2,True,False,True,0.7299469063274331,0.7299469063274331
gross_gain,woamn46,233,0,0,2,True,False,True,0.08841364945432137,0.08841364945432137
gross_gain,woamn46,234,0,0,2,True,False,True,0.7200056251194448,0.7200056251194448
gross_gain,woamn46,235,0,0,2,True,False,True,0.8383589457197616,0.8383589457197616
gross_gain,woamn46,236,0,0,2,True,False,True,0.7359096083076058,0.7359096083076058
gross_gain,woamn46,237,0,0,2,True,False,True,0.7008798291216644,0.7008798291216644
gross_gain,woamn46,243,0,0,2,True,False,True,0.805345357259145,0.805345357259145
gross_gain,woamn46,244,0,0,2,True,False,True,0.847062837289001,0.847062837289001
gross_gain,woamn46,248,0,0,2,True,False,True,0.732821778990867,0.732821778990867
gross_gain,woamn46,249,0,0,2,True,False,True,0.7654336521961602,0.7654336521961602
gross_gain,woamn46,250,0,0,2,True,False,True,0.6892738612714904,0.6892738612714904
gross_gain,woamn46,251,0,0,2,True,False,True,0.8158513390400262,0.8158513390400262
gross_gain,woamn46,252,0,0,2,True,False,True,0.6670124198344737,0.6670124198344737
gross_gain,woamn46,253,0,0,2,True,False,True,0.8089663728959771,0.8089663728959771
gross_gain,woamn46,255,0,0,2,True,False,True,0.8834394165236951,0.8834394165236951
gross_gain,woamn46,259,0,0,2,True,False,True,0.8589792732039595,0.8589792732039595
gross_gain,woamn46,260,0,0,2,True,False,True,0.7716952702628079,0.7716952702628079
gross_gain,woamn46,261,0,0,2,True,False,True,0.9071201623462983,0.9071201623462983
gross_gain,woamn46,264,0,0,2,True,False,True,0.8412649272316396,0.8412649272316396
gross_gain,woamn46,266,0,0,2,True,False,True,0.6708473964499495,0.6708473964499495
gross_gain,woamn46,270,0,0,2,True,False,True,0.0,0.0
gross_gain,woamn46,271,0,0,2,True,False,True,0.6959669162709455,0.6959669162709455
gross_gain,woamnwithbike,128,0,0,0,False,True,True,0.7725941188230124,0.7725941188230124
gross_gain,woman1,43,0,0,0,False,True,True,0.7899333627130631,0.7899333627130631
gross_gain,woman1,44,0,0,0,False,True,True,0.7720665200994377,0.7720665200994377
gross_gain,woman1,45,0,0,0,False,True,True,0.7782415994448529,0.7782415994448529
gross_gain,woman1,46,0,0,0,False,True,True,0.8135425129515064,0.8135425129515064
gross_gain,woman1,47,0,0,0,False,True,True,0.8259431141192517,0.8259431141192517
gross_gain,woman1,48,0,0,0,False,True,True,0.7921345188146287,0.7921345188146287
gross_gain,woman1,49,0,0,0,False,True,True,0.7494660580964445,0.7494660580964445
gross_gain,woman1,50,0,0,0,False,True,True,0.7532691526351375,0.7532691526351375
gross_gain,woman1,51,0,0,0,False,True,True,0.734785789727566,0.734785789727566
gross_gain,woman1,52,0,0,0,False,True,True,0.7265281632936604,0.7265281632936604
gross_gain,woman1,53,0,0,0,False,True,True,0.7390208864487524,0.7390208864487524
gross_gain,woman1,54,0,0,0,False,True,True,0.7466344075951882,0.7466344075951882
gross_gain,woman1,55,0,0,0,False,True,True,0.7316283558163749,0.7316283558163749
gross_gain,woman1,56,0,0,0,False,True,True,0.7465383772845375,0.7465383772845375
gross_gain,woman1,58,0,0,0,False,True,True,0.7268961495919211,0.7268961495919211
gross_gain,woman1,59,0,0,0,False,True,True,0.7211471757988321,0.7211471757988321
gross_gain,woman1,60,0,0,0,False,True,True,0.7097235430784488,0.7097235430784488
gross_gain,woman1,61,0,0,0,False,True,True,0.7152081365677401,0.7152081365677401
gross_gain,woman1,62,0,0,0,False,True,True,0.7218507149280512,0.7218507149280512
gross_gain,woman1,63,0,0,0,False,True,True,0.7476828328301705,0.7476828328301705
gross_gain,woman1,64,0,0,0,False,True,True,0.7509315972515664,0.7509315972515664
gross_gain,woman1,65,0,0,0,False,True,True,0.7468608411955071,0.7468608411955071
gross_gain,woman1,66,0,0,0,False,True,True,0.8002714212619287,0.8002714212619287
gross_gain,woman1,522,0,0,2,True,False,True,0.6723879107907051,0.6723879107907051
gross_gain,woman1,523,0,0,2,True,False,True,0.833579874342864,0.833579874342864
gross_gain,woman1,525,0,0,2,True,False,True,0.8876785914850455,0.8876785914850455
gross_gain,woman1,526,0,0,2,True,False,True,0.782833521291934,0.782833521291934
gross_gain,woman1,527,0,0,2,True,False,True,0.6947034694645537,0.6947034694645537
gross_gain,woman1,528,0,0,2,True,False,True,0.6922564027438788,0.6922564027438788
gross_gain,woman1,529,0,0,2,True,False,True,0.7515592386953529,0.7515592386953529
gross_gain,woman1,530,0,0,2,True,False,True,0.7719891711103611,0.7719891711103611
gross_gain,woman1,531,0,0,2,True,False,True,0.6224460009072227,0.6224460009072227
gross_gain,woman1,532,0,1,2,True,False,True,0.43800869434265244,0.0
gross_gain,woman1,533,0,0,2,True,False,True,0.0,0.0
gross_gain,woman1,534,0,0,2,True,False,True,0.0,0.0
gross_gain,woman1,535,0,0,2,True,False,True,0.0,0.0
gross_gain,woman1,536,0,0,2,True,False,True,0.0,0.0
gross_gain,woman1,537,0,0,2,True,False,True,0.0,0.0
gross_gain,woman1,538,0,0,2,True,False,True,0.0,0.0
gross_gain,woman1,539,0,0,2,True,False,True,0.0,0.0
gross_gain,woman1,540,0,0,2,True,False,True,0.0,0.0
gross_gain,woman1,541,0,0,2,True,False,True,0.0,0.0
gross_gain,woman1,543,0,0,2,True,False,True,0.0,0.0
gross_gain,woman1,544,0,0,2,True,False,True,0.0,0.0
gross_gain,woman1,545,0,0,2,True,False,True,0.0,0.0
gross_gain,woman1,546,0,0,2,True,False,True,0.0,0.0
gross_gain,woman1,549,0,0,2,True,False,True,0.0,0.0
gross_gain,woman1,550,0,0,2,True,False,True,0.0,0.0
gross_gain,woman1,551,0,0,2,True,False,True,0.0,0.0
gross_gain,woman1,552,0,0,2,True,False,True,0.0,0.0
gross_gain,woman1,553,0,0,2,True,False,True,0.0,0.0
gross_gain,woman1,555,0,0,2,True,False,True,0.0,0.0
gross_gain,woman1,556,0,0,2,True,False,True,0.0,0.0
gross_gain,woman1,557,0,0,2,True,False,True,0.0,0.0
gross_gain,woman1,559,0,0,2,True,False,True,0.0,0.0
gross_gain,woman1,561,0,0,2,True,False,True,0.0,0.0
gross_gain,woman1,563,0,0,2,True,False,True,0.0,0.0
gross_gain,woman1,567,0,0,2,True,False,True,0.0,0.0
gross_gain,woman1,568,0,0,2,True,False,True,0.0,0.0
gross_gain,woman1,569,0,0,2,True,False,True,0.0,0.0
gross_gain,woman1,570,0,0,2,True,False,True,0.0,0.0
gross_gain,woman1,571,0,0,2,True,False,True,0.0,0.0
gross_gain,woman1,572,0,0,2,True,False,True,0.0,0.0
gross_gain,woman1,574,0,0,2,True,False,True,0.0,0.0
gross_gain,woman1,575,0,0,2,True,False,True,0.0,0.0
gross_gain,woman1,576,0,0,2,True,False,True,0.0,0.0
gross_gain,woman1,580,0,0,2,True,False,True,0.0,0.0
gross_gain,woman1,581,0,0,2,True,False,True,0.0,0.0
gross_gain,woman1,582,0,0,2,True,False,True,0.0,0.0
gross_gain,woman1,588,0,0,2,True,False,True,0.0,0.0
gross_gain,woman1,592,0,0,2,True,False,True,0.0,0.0
gross_gain,woman1,593,0,0,2,True,False,True,0.0,0.0
gross_gain,woman1,595,0,0,2,True,False,True,0.0,0.0
gross_gain,woman1,596,0,0,2,True,False,True,0.0,0.0
gross_gain,woman1,598,0,0,2,True,False,True,0.0,0.0
gross_gain,woman1,599,0,0,2,True,False,True,0.0,0.0
gross_gain,woman1,601,0,0,2,True,False,True,0.0,0.0
gross_gain,woman1,602,0,0,2,True,False,True,0.0,0.0
gross_gain,woman1,603,0,0,2,True,False,True,0.0,0.0
gross_gain,woman1,604,0,0,2,True,False,True,0.0,0.0
gross_gain,woman1,605,0,0,2,True,False,True,0.0,0.0
gross_gain,woman1,607,0,0,2,True,False,True,0.0,0.0
gross_gain,woman1,609,0,0,2,True,False,True,0.0,0.0
gross_gain,woman1,610,0,0,2,True,False,True,0.0,0.0
gross_gain,woman1,613,0,0,2,True,False,True,0.0,0.0
gross_gain,woman1,614,0,0,2,True,False,True,0.0,0.0
gross_gain,woman1,615,0,0,2,True,False,True,0.0,0.0
gross_gain,woman1,616,0,0,2,True,False,True,0.0,0.0
gross_gain,woman1,620,0,0,2,True,False,True,0.0,0.0
gross_gain,woman1,622,0,0,2,True,False,True,0.0,0.0
gross_gain,woman1,623,0,0,2,True,False,True,0.0,0.0
gross_gain,woman1,624,0,0,2,True,False,True,0.0,0.0
gross_gain,woman1,625,0,0,2,True,False,True,0.0,0.0
gross_gain,woman1,627,0,0,2,True,False,True,0.0,0.0
gross_gain,woman1,629,0,0,2,True,False,True,0.0,0.0
gross_gain,woman1,632,0,0,2,True,False,True,0.0,0.0
gross_gain,woman1,633,0,0,2,True,False,True,0.0,0.0
gross_gain,woman1,634,0,0,2,True,False,True,0.0,0.0
gross_gain,woman1,635,0,0,2,True,False,True,0.0,0.0
gross_gain,woman1,636,0,0,2,True,False,True,0.0,0.0
gross_gain,woman1,639,0,0,2,True,False,True,0.0,0.0
gross_gain,woman1,640,0,0,2,True,False,True,0.0,0.0
gross_gain,woman1,641,0,0,2,True,False,True,0.0,0.0
gross_gain,woman1,642,0,0,2,True,False,True,0.0,0.0
gross_gain,woman1,643,0,0,2,True,False,True,0.0,0.0
gross_gain,woman1,645,0,0,2,True,False,True,0.0,0.0
gross_gain,woman1,646,0,0,2,True,False,True,0.0,0.0
gross_gain,woman1,648,0,0,2,True,False,True,0.0,0.0
gross_gain,woman1,649,0,0,2,True,False,True,0.0,0.0
gross_gain,woman1,651,0,0,2,True,False,True,0.0,0.0
gross_gain,woman1,652,0,0,2,True,False,True,0.0,0.0
gross_gain,woman1,653,0,0,2,True,False,True,0.0,0.0
gross_gain,woman1,654,0,0,2,True,False,True,0.0,0.0
gross_gain,woman1,655,0,0,2,True,False,True,0.0,0.0
gross_gain,woman1,658,0,0,2,True,False,True,0.0,0.0
gross_gain,woman1,659,0,0,2,True,False,True,0.0,0.0
gross_gain,woman1,662,0,0,2,True,False,True,0.0,0.0
gross_gain,woman1,664,0,0,2,True,False,True,0.0,0.0
gross_gain,woman1,665,0,0,2,True,False,True,0.0,0.0
gross_gain,woman1,667,0,0,2,True,False,True,0.0,0.0
gross_gain,woman1,668,0,0,2,True,False,True,0.0,0.0
gross_gain,woman1,675,0,0,2,True,False,True,0.0,0.0
gross_gain,woman1,676,0,0,2,True,False,True,0.0,0.0
gross_gain,woman1,678,0,0,2,True,False,True,0.0,0.0
gross_gain,woman1,679,0,0,2,True,False,True,0.0,0.0
gross_gain,woman1,681,0,0,2,True,False,True,0.0,0.0
gross_gain,woman1,689,0,0,2,True,False,True,0.0,0.0
gross_gain,woman1,691,0,0,2,True,False,True,0.0,0.0
gross_gain,woman1,694,0,0,2,True,False,True,0.0,0.0
gross_gain,woman1,695,0,0,2,True,False,True,0.0,0.0
gross_gain,woman1,697,0,0,2,True,False,True,0.0,0.0
gross_gain,woman1,698,0,0,2,True,False,True,0.0,0.0
gross_gain,woman1,699,0,0,2,True,False,True,0.0,0.0
gross_gain,woman1,701,0,1,2,True,False,True,0.0,0.0
gross_gain,woman1,702,0,0,2,True,False,True,0.0,0.0
gross_gain,woman1,705,0,0,2,True,False,True,0.0,0.0
gross_gain,woman1,706,0,0,2,True,False,True,0.0,0.0
gross_gain,woman1,707,0,0,2,True,False,True,0.0,0.0
gross_gain,woman1,708,0,0,2,True,False,True,0.0,0.0
gross_gain,woman1,709,0,0,2,True,False,True,0.0,0.0
gross_gain,woman1,711,0,0,2,True,False,True,0.0,0.0
gross_gain,woman1,714,0,0,2,True,False,True,0.0,0.0
gross_gain,woman1,715,0,0,2,True,False,True,0.0,0.0
gross_gain,woman1,717,0,0,2,True,False,True,0.0,0.0
gross_gain,woman1,718,0,0,2,True,False,True,0.0,0.0
gross_gain,woman1,720,0,0,2,True,False,True,0.0,0.0
gross_gain,woman1,721,0,0,2,True,False,True,0.0,0.0
gross_gain,woman1,724,0,0,2,True,False,True,0.0,0.0
gross_gain,woman1,726,0,0,2,True,False,True,0.0,0.0
gross_gain,woman1,731,0,0,2,True,False,True,0.0,0.0
gross_gain,woman1,732,0,0,2,True,False,True,0.0,0.0
gross_gain,woman1,733,0,0,2,True,False,True,0.0,0.0
gross_gain,woman1,734,0,0,2,True,False,True,0.0,0.0
gross_gain,woman1,736,0,0,2,True,False,True,0.0,0.0
gross_gain,woman1,737,0,0,2,True,False,True,0.0,0.0
gross_gain,woman1,739,0,0,2,True,False,True,0.0,0.0
gross_gain,woman1,740,0,0,2,True,False,True,0.0,0.0
gross_gain,woman1,743,0,0,2,True,False,True,0.0,0.0
gross_gain,woman1,744,0,0,2,True,False,True,0.0,0.0
gross_gain,woman1,745,0,0,2,True,False,True,0.0,0.0
gross_gain,woman1,748,0,0,2,True,False,True,0.0,0.0
gross_gain,woman1,749,0,0,2,True,False,True,0.0,0.0
gross_gain,woman1,752,0,0,2,True,False,True,0.0,0.0
gross_gain,woman1,753,0,0,2,True,False,True,0.0,0.0
gross_gain,woman1,756,0,0,2,True,False,True,0.0,0.0
gross_gain,woman1,758,0,0,2,True,False,True,0.0,0.0
gross_gain,woman1,759,0,0,2,True,False,True,0.0,0.0
gross_gain,woman1,763,0,0,2,True,False,True,0.0,0.0
gross_gain,woman1,764,0,0,2,True,False,True,0.0,0.0
gross_gain,woman1,765,0,0,2,True,False,True,0.0,0.0
gross_gain,woman1,767,0,0,2,True,False,True,0.0,0.0
gross_gain,woman1,768,0,0,2,True,False,True,0.0,0.0
gross_gain,woman1,769,0,0,2,True,False,True,0.0,0.0
gross_gain,woman1,772,0,0,2,True,False,True,0.0,0.0
gross_gain,woman1,773,0,0,2,True,False,True,0.0,0.0
gross_gain,woman1,775,0,0,2,True,False,True,0.0,0.0
gross_gain,woman1,777,0,0,2,True,False,True,0.0,0.0
gross_gain,woman1,781,0,0,2,True,False,True,0.0,0.0
gross_gain,woman1,782,0,0,2,True,False,True,0.0,0.0
gross_gain,woman1,784,0,0,2,True,False,True,0.0,0.0
gross_gain,woman1,785,0,1,2,True,False,True,0.0,0.0
gross_gain,woman1,786,0,0,2,True,False,True,0.0,0.0
gross_gain,woman1,787,0,0,2,True,False,True,0.0,0.0
gross_gain,woman1,788,0,0,2,True,False,True,0.0,0.0
gross_gain,woman1,789,0,0,2,True,False,True,0.0,0.0
gross_gain,woman1,793,0,0,2,True,False,True,0.0,0.0
gross_gain,woman1,794,0,0,2,True,False,True,0.0,0.0
gross_gain,woman1,795,0,0,2,True,False,True,0.0,0.0
gross_gain,woman1,796,0,0,2,True,False,True,0.0,0.0
gross_gain,woman1,797,0,1,2,True,False,True,0.0,0.0
gross_gain,woman1,798,0,0,2,True,False,True,0.0,0.0
gross_gain,woman1,799,0,0,2,True,False,True,0.0,0.0
gross_gain,woman1,800,0,1,2,True,False,True,0.0,0.0
gross_gain,woman1,801,0,0,2,True,False,True,0.0,0.0
gross_gain,woman1,802,0,0,2,True,False,True,0.0,0.0
gross_gain,woman1,803,0,0,2,True,False,True,0.0,0.0
gross_gain,woman1,804,0,0,2,True,False,True,0.0,0.0
gross_gain,woman1,805,0,0,2,True,True,True,0.0,0.468048265756054
gross_gain,woman1,965,0,0,2,True,False,True,0.6992350359610714,0.6992350359610714
gross_gain,woman100,555,0,0,2,True,False,True,0.4940239591461094,0.4940239591461094
gross_gain,woman100,556,0,0,2,True,False,True,0.41062171978783446,0.41062171978783446
gross_gain,woman100,558,0,0,2,True,False,True,0.40486572585774916,0.40486572585774916
gross_gain,woman100,560,0,0,2,True,False,True,0.5118259278208349,0.5118259278208349
gross_gain,woman100,561,0,0,2,True,False,True,0.5482369076183311,0.5482369076183311
gross_gain,woman100,562,0,0,2,True,False,True,0.5211734811030765,0.5211734811030765
gross_gain,woman100,563,0,0,2,True,False,True,0.24781469025607925,0.24781469025607925
gross_gain,woman100,565,0,0,2,True,False,True,0.258980509979779,0.258980509979779
gross_gain,woman100,580,0,0,2,True,False,True,0.774216990609202,0.774216990609202
gross_gain,woman100,581,0,0,2,True,False,True,0.7436547650421373,0.7436547650421373
gross_gain,woman100,583,0,0,2,True,False,True,0.7469806722352555,0.7469806722352555
gross_gain,woman100,584,0,0,2,True,False,True,0.7934433625600086,0.7934433625600086
gross_gain,woman100,585,0,0,2,True,False,True,0.7653102445688121,0.7653102445688121
gross_gain,woman100,586,0,0,2,True,False,True,0.7386444536650038,0.7386444536650038
gross_gain,woman100,587,0,0,2,True,False,True,0.6980275145315322,0.6980275145315322
gross_gain,woman100,588,0,0,2,True,False,True,0.7950819900920675,0.7950819900920675
gross_gain,woman100,594,0,0,2,True,False,True,0.0,0.0
gross_gain,woman100,595,0,0,2,True,False,True,0.697124204703926,0.697124204703926
gross_gain,woman100,596,0,0,2,True,False,True,0.7276147374811183,0.7276147374811183
gross_gain,woman100,597,0,0,2,True,False,True,0.689133853978456,0.689133853978456
gross_gain,woman100,599,0,0,2,True,False,True,0.6987180503696574,0.6987180503696574
gross_gain,woman100,600,0,0,2,True,False,True,0.7060721868582499,0.7060721868582499
gross_gain,woman100,606,0,0,2,True,False,True,0.7275719568909929,0.7275719568909929
gross_gain,woman100,620,0,0,2,True,False,True,0.7068956179666036,0.7068956179666036
gross_gain,woman100,632,0,0,2,True,False,True,0.6225907848095603,0.6225907848095603
gross_gain,woman100,640,0,0,2,True,False,True,0.6702109599227248,0.6702109599227248
gross_gain,woman100,650,0,0,2,True,False,True,0.6188705834691481,0.6188705834691481
gross_gain,woman100,651,0,0,2,True,False,True,0.6405327413951454,0.6405327413951454
gross_gain,woman100,652,0,0,2,True,False,True,0.6313987125237677,0.6313987125237677
gross_gain,woman100,656,0,0,2,True,False,True,0.7010124426344344,0.7010124426344344
gross_gain,woman100,661,0,0,2,True,False,True,0.7218515005141237,0.7218515005141237
gross_gain,woman100,663,0,0,2,True,False,True,0.7098842043905601,0.7098842043905601
gross_gain,woman100,665,0,0,2,True,False,True,0.7639553770475844,0.7639553770475844
gross_gain,woman100,675,0,0,2,True,False,True,0.6497529020006598,0.6497529020006598
gross_gain,woman100,677,0,0,2,True,False,True,0.7054567282837693,0.7054567282837693
gross_gain,woman100,678,0,0,2,True,False,True,0.685522290282155,0.685522290282155
gross_gain,woman100,679,0,0,2,True,False,True,0.7269400361306197,0.7269400361306197
gross_gain,woman100,680,0,0,2,True,False,True,0.726330402996613,0.726330402996613
gross_gain,woman100,681,0,0,2,True,False,True,0.6270104676670889,0.6270104676670889
gross_gain,woman100,682,0,0,2,True,False,True,0.7229715133519493,0.7229715133519493
gross_gain,woman100,686,0,0,2,True,False,True,0.7581124248095903,0.7581124248095903
gross_gain,woman100,687,0,0,2,True,False,True,0.7460125384013496,0.7460125384013496
gross_gain,woman2,66,0,0,2,True,False,True,0.618518313373859,0.618518313373859
gross_gain,woman2,199,0,0,2,True,False,True,0.596386618149431,0.596386618149431
gross_gain,woman2,200,0,0,2,True,False,True,0.6097333636787078,0.6097333636787078
gross_gain,woman2,203,0,0,2,True,False,True,0.7760814855558175,0.7760814855558175
gross_gain,woman2,205,0,0,2,True,False,True,0.7655709907001578,0.7655709907001578
gross_gain,woman2,207,0,0,2,True,False,True,0.7585372703668232,0.7585372703668232
gross_gain,woman2,209,0,0,2,True,False,True,0.7591036512380426,0.7591036512380426
gross_gain,woman2,212,0,0,2,True,False,True,0.6969559933937024,0.6969559933937024
gross_gain,woman2,232,0,0,2,True,False,True,0.4676097202250245,0.4676097202250245
gross_gain,woman2,234,0,0,2,True,False,True,0.6224465205245158,0.6224465205245158
gross_gain,woman2,235,0,0,2,True,False,True,0.6252030033232311,0.6252030033232311
gross_gain,woman2,238,0,0,2,True,False,True,0.5888269934013565,0.5888269934013565
gross_gain,woman2,239,0,0,2,True,False,True,0.6059172391937909,0.6059172391937909
gross_gain,woman2,240,0,0,2,True,False,True,0.7151790642912399,0.7151790642912399
gross_gain,woman2,241,0,0,2,True,False,True,0.7379610157083388,0.7379610157083388
gross_gain,woman2,242,0,0,2,True,False,True,0.6883505496175005,0.6883505496175005
gross_gain,woman2,243,0,0,2,True,False,True,0.8331933070292825,0.8331933070292825
gross_gain,woman2,253,0,0,2,True,False,True,0.803844374147642,0.803844374147642
gross_gain,woman2,258,0,0,2,True,False,True,0.6217506531707904,0.6217506531707904
gross_gain,woman2,263,0,0,2,True,False,True,0.7965380085957962,0.7965380085957962
gross_gain,woman3,172,0,0,2,True,False,True,0.7896207373861112,0.7896207373861112
gross_gain,woman3,193,0,0,2,True,False,True,0.8584542944977045,0.8584542944977045
gross_gain,woman4,306,0,0,2,True,False,True,0.38470082446653386,0.38470082446653386
gross_gain,woman4,307,0,0,2,True,False,True,0.418447893349448,0.418447893349448
gross_gain,woman4,308,0,0,2,True,False,True,0.45956177527368175,0.45956177527368175
gross_gain,woman4,309,0,0,2,True,False,True,0.49248542291327363,0.49248542291327363
gross_gain,woman4,312,0,0,2,True,False,True,0.4418570878698766,0.4418570878698766
gross_gain,woman4,341,0,0,2,True,False,True,0.3858625259888479,0.3858625259888479
gross_gain,woman4,410,0,0,2,True,False,True,0.5487119465328341,0.5487119465328341
gross_gain,woman4,411,0,0,2,True,False,True,0.4673866210275794,0.4673866210275794
gross_gain,woman4,419,0,0,2,True,False,True,0.4725850226396444,0.4725850226396444
gross_gain,woman4,421,0,0,2,True,False,True,0.43937544251586186,0.43937544251586186
gross_gain,woman6,27,0,0,2,True,False,True,0.8613018743872279,0.8613018743872279
gross_gain,woman6,49,0,0,2,True,False,True,0.6754447912790783,0.6754447912790783
gross_gain,woman89,309,0,0,2,True,False,True,0.347720582118932,0.347720582118932
gross_gain,woman89,312,0,0,2,True,False,True,0.7697250616318251,0.7697250616318251
gross_gain,woman89,314,0,0,2,True,False,True,0.67431532206633,0.67431532206633
gross_gain,woman89,334,0,0,2,True,False,True,0.7330496203552405,0.7330496203552405
gross_gain,woman89,335,0,0,2,True,False,True,0.7336791481299743,0.7336791481299743
gross_gain,woman89,336,0,0,2,True,False,True,0.7420449099453608,0.7420449099453608
gross_gain,woman89,337,0,0,2,True,False,True,0.6698261949766146,0.6698261949766146
gross_gain,woman89,338,0,0,2,True,False,True,0.7480900763011892,0.7480900763011892
gross_gain,woman89,340,0,0,2,True,False,True,0.7128999139742338,0.7128999139742338
gross_gain,woman89,341,0,0,2,True,False,True,0.685522248405832,0.685522248405832
gross_gain,woman89,342,0,0,2,True,False,True,0.6528607150120604,0.6528607150120604
gross_gain,woman89,343,0,0,2,True,False,True,0.485102624650422,0.485102624650422
gross_gain,woman89,364,0,0,0,False,True,True,0.7811361829886895,0.7811361829886895
gross_gain,woman96,1,0,0,0,False,True,True,0.9259374410520262,0.9259374410520262
gross_gain,woman96,2,0,0,0,False,True,True,0.9195018744142359,0.9195018744142359
gross_gain,woman96,3,0,0,0,False,True,True,0.8897400386724112,0.8897400386724112
gross_gain,woman96,4,0,0,0,False,True,True,0.9018824292909302,0.9018824292909302
gross_gain,woman96,5,0,0,0,False,True,True,0.9146530709501445,0.9146530709501445
gross_gain,woman96,6,0,0,0,False,True,True,0.9464577143067356,0.9464577143067356
gross_gain,woman96,7,0,0,0,False,True,True,0.9382669856671724,0.9382669856671724
gross_gain,woman96,8,0,0,0,False,True,True,0.9342778545658178,0.9342778545658178
gross_gain,woman96,9,0,0,0,False,True,True,0.9108545087807778,0.9108545087807778
gross_gain,woman96,10,0,0,0,False,True,True,0.8836936283446356,0.8836936283446356
gross_gain,woman96,11,0,0,0,False,True,True,0.9046207258396868,0.9046207258396868
gross_gain,woman96,65,0,0,2,True,False,True,0.39983443526543266,0.39983443526543266
gross_gain,woman96,93,0,0,2,True,False,True,0.4923923208944081,0.4923923208944081
gross_gain,womancross,67,0,0,2,True,False,True,0.7520734253134668,0.7520734253134668
gross_gain,womancross,68,0,0,2,True,False,True,0.8519256003496681,0.8519256003496681
gross_gain,womancross,138,0,0,2,True,False,True,0.6628066518944498,0.6628066518944498
gross_gain,womancross,139,0,0,2,True,False,True,0.6386154987247095,0.6386154987247095
gross_gain,womancross,140,0,0,2,True,False,True,0.6247544608898561,0.6247544608898561
gross_gain,womanfaraway,54,0,0,2,True,False,True,0.75939879153729,0.75939879153729
gross_gain,womanfaraway,57,0,0,2,True,False,True,0.5172924276317494,0.5172924276317494
gross_gain,womanfaraway,58,0,0,2,True,False,True,0.465839364713785,0.465839364713785
gross_gain,womanfaraway,68,0,0,2,True,False,True,0.6263657039602413,0.6263657039602413
gross_gain,womanfaraway,69,0,0,2,True,False,True,0.5132007617318698,0.5132007617318698
gross_gain,womanfaraway,122,0,0,2,True,False,True,0.6035136082049709,0.6035136082049709
gross_gain,womaninblackwithbike,386,0,0,2,True,False,True,0.6579545438195079,0.6579545438195079
gross_gain,womaninblackwithbike,388,0,0,2,True,False,True,0.649922308086981,0.649922308086981
gross_gain,womaninblackwithbike,390,0,0,2,True,False,True,0.5594378126768829,0.5594378126768829
gross_gain,womaninblackwithbike,391,0,0,2,True,False,True,0.514688181742599,0.514688181742599
gross_gain,womaninblackwithbike,392,0,0,2,True,False,True,0.5820256331126885,0.5820256331126885
gross_gain,womaninblackwithbike,393,0,0,2,True,False,True,0.568322355501877,0.568322355501877
gross_gain,womaninblackwithbike,394,0,0,2,True,False,True,0.5539066519480748,0.5539066519480748
gross_gain,womaninblackwithbike,396,0,0,2,True,False,True,0.0,0.0
gross_gain,womaninblackwithbike,397,0,0,2,True,False,True,0.7245533965950245,0.7245533965950245
gross_gain,womaninblackwithbike,398,0,0,2,True,False,True,0.7084956978732215,0.7084956978732215
gross_gain,womaninblackwithbike,399,0,0,2,True,False,True,0.6133539551752348,0.6133539551752348
gross_gain,womaninblackwithbike,401,0,0,2,True,False,True,0.6432356334883307,0.6432356334883307
gross_gain,womaninblackwithbike,403,0,0,2,True,False,True,0.7966229925943816,0.7966229925943816
gross_gain,womaninblackwithbike,414,0,0,2,True,False,True,0.6803040992396748,0.6803040992396748
gross_gain,womaninblackwithbike,422,0,0,2,True,False,True,0.816817198164294,0.816817198164294
gross_gain,womaninblackwithbike,429,0,0,2,True,False,True,0.7208616379845618,0.7208616379845618
gross_gain,womaninblackwithbike,435,0,0,2,True,False,True,0.4728567558600963,0.4728567558600963
gross_gain,womaninblackwithbike,440,0,0,2,True,False,True,0.8348728809692231,0.8348728809692231
gross_gain,womaninblackwithbike,448,0,0,2,True,False,True,0.7658009907420412,0.7658009907420412
gross_gain,womaninblackwithbike,463,0,0,2,True,False,True,0.8738141602585794,0.8738141602585794
gross_gain,womaninblackwithbike,465,0,0,2,True,False,True,0.8557295859882357,0.8557295859882357
gross_gain,womaninblackwithbike,470,0,0,2,True,False,True,0.7822286908416998,0.7822286908416998
gross_gain,womaninblackwithbike,478,0,0,2,True,False,True,0.8486934348235884,0.8486934348235884
gross_gain,womaninblackwithbike,483,0,0,2,True,False,True,0.8704449336650953,0.8704449336650953
gross_gain,womaninblackwithbike,485,0,0,2,True,False,True,0.8729752845217216,0.8729752845217216
gross_gain,womaninblackwithbike,491,0,0,2,True,False,True,0.5767158081899516,0.5767158081899516
gross_gain,womaninblackwithbike,493,0,0,2,True,False,True,0.5283396356738622,0.5283396356738622
gross_gain,womaninblackwithbike,494,0,0,2,True,False,True,0.6618887090992686,0.6618887090992686
gross_gain,womaninblackwithbike,495,0,0,2,True,False,True,0.6769572002414639,0.6769572002414639
gross_gain,womaninblackwithbike,496,0,0,2,True,False,True,0.69167063771109,0.69167063771109
gross_gain,womaninblackwithbike,497,0,0,2,True,False,True,0.6429593829672121,0.6429593829672121
gross_gain,womaninblackwithbike,506,0,0,2,True,False,True,0.3244657300211215,0.3244657300211215
gross_gain,womaninblackwithbike,507,0,0,2,True,False,True,0.6917104248508823,0.6917104248508823
gross_gain,womaninblackwithbike,508,0,0,2,True,False,True,0.775739282837445,0.775739282837445
gross_gain,womaninblackwithbike,511,0,0,2,True,False,True,0.3299088097180226,0.3299088097180226
gross_gain,womaninblackwithbike,512,0,0,2,True,False,True,0.6078866194272005,0.6078866194272005
gross_gain,womaninblackwithbike,514,0,0,2,True,False,True,0.8942765736746116,0.8942765736746116
gross_gain,womaninblackwithbike,519,0,0,2,True,False,True,0.4225300938286349,0.4225300938286349
gross_gain,womaninblackwithbike,521,0,0,2,True,False,True,0.4686901113740655,0.4686901113740655
gross_gain,womaninblackwithbike,522,0,0,2,True,False,True,0.7304627969588711,0.7304627969588711
gross_gain,womaninblackwithbike,523,0,0,2,True,False,True,0.7960595432579652,0.7960595432579652
gross_gain,womaninblackwithbike,524,0,0,2,True,False,True,0.6772843511367325,0.6772843511367325
gross_gain,womaninblackwithbike,525,0,0,2,True,False,True,0.7786666048675456,0.7786666048675456
gross_gain,womaninblackwithbike,527,0,0,2,True,False,True,0.5128654745068466,0.5128654745068466
gross_gain,womaninblackwithbike,529,0,0,2,True,False,True,0.7490783713379874,0.7490783713379874
gross_gain,womaninblackwithbike,531,0,0,2,True,False,True,0.7842232719633333,0.7842232719633333
gross_gain,womaninblackwithbike,534,0,0,2,True,False,True,0.5212264874874911,0.5212264874874911
gross_gain,womaninblackwithbike,538,0,0,2,True,False,True,0.7609555872792766,0.7609555872792766
gross_gain,womanleft,38,0,0,0,False,True,True,0.7899391193607167,0.7899391193607167
gross_gain,womanleft,39,0,0,0,False,True,True,0.7187447878813165,0.7187447878813165
gross_gain,womanleft,70,0,0,0,False,True,True,0.8321962967764285,0.8321962967764285
gross_gain,womanleft,71,0,0,0,False,True,True,0.8210642668346824,0.8210642668346824
gross_gain,womanleft,72,0,0,0,False,True,True,0.9324900431155162,0.9324900431155162
gross_gain,womanleft,73,0,0,0,False,True,True,0.8876922943621683,0.8876922943621683
gross_gain,womanleft,74,0,0,0,False,True,True,0.8908927463676158,0.8908927463676158
gross_gain,womanleft,75,0,0,0,False,True,True,0.9181978646527412,0.9181978646527412
gross_gain,womanleft,147,0,0,0,False,True,True,0.7946852093624756,0.7946852093624756
gross_gain,womanleft,148,0,0,0,False,True,True,0.9006851815181258,0.9006851815181258
gross_gain,womanleft,149,0,0,0,False,True,True,0.896916291679478,0.896916291679478
gross_gain,womanleft,150,0,0,0,False,True,True,0.8436982805290159,0.8436982805290159
gross_gain,womanleft,151,0,0,0,False,True,True,0.8793041458758315,0.8793041458758315
gross_gain,womanleft,152,0,0,0,False,True,True,0.7891965939228779,0.7891965939228779
gross_gain,womanleft,153,0,0,0,False,True,True,0.8248082258920579,0.8248082258920579
gross_gain,womanleft,154,0,0,0,False,True,True,0.9437607663173274,0.9437607663173274
gross_gain,womanleft,156,0,0,0,False,True,True,0.9029191098255002,0.9029191098255002
gross_gain,womanleft,159,0,0,0,False,True,True,0.8093226809188938,0.8093226809188938
gross_gain,womanleft,161,0,0,0,False,True,True,0.8071058474766413,0.8071058474766413
gross_gain,womanleft,163,0,0,0,False,True,True,0.7334483463781533,0.7334483463781533
gross_gain,womanleft,164,0,0,0,False,True,True,0.845895038574427,0.845895038574427
gross_gain,womanleft,165,0,0,0,False,True,True,0.8934168618054338,0.8934168618054338
gross_gain,womanleft,174,0,0,0,False,True,True,0.7843604988727324,0.7843604988727324
gross_gain,womanleft,180,0,0,0,False,True,True,0.8342250935171241,0.8342250935171241
gross_gain,womanleft,183,0,0,0,False,True,True,0.7367793530936236,0.7367793530936236
gross_gain,womanleft,190,0,0,0,False,True,True,0.7511974278971252,0.7511974278971252
gross_gain,womanleft,191,0,0,0,False,True,True,0.778356042343782,0.778356042343782
gross_gain,womanleft,234,0,0,0,False,True,True,0.7604403160949039,0.7604403160949039
gross_gain,womanleft,235,0,0,0,False,True,True,0.7609111648966126,0.7609111648966126
gross_gain,womanleft,238,0,0,0,False,True,True,0.7724080052136248,0.7724080052136248
gross_gain,womanleft,239,0,0,0,False,True,True,0.7896054179020009,0.7896054179020009
gross_gain,womanleft,240,0,0,0,False,True,True,0.8062682878654376,0.8062682878654376
gross_gain,womanleft,241,0,0,0,False,True,True,0.8009486786270259,0.8009486786270259
gross_gain,womanleft,243,0,0,0,False,True,True,0.79892739356872,0.79892739356872
gross_gain,womanleft,245,0,0,0,False,True,True,0.847480696440692,0.847480696440692
gross_gain,womanleft,249,0,0,0,False,True,True,0.8993579899731973,0.8993579899731973
gross_gain,womanleft,256,0,0,0,False,True,True,0.7751712217346336,0.7751712217346336
gross_gain,womanleft,258,0,0,0,False,True,True,0.892613780172914,0.892613780172914
gross_gain,womanleft,259,0,0,0,False,True,True,0.843260463872543,0.843260463872543
gross_gain,womanleft,260,0,0,0,False,True,True,0.8682516134593511,0.8682516134593511
gross_gain,womanleft,262,0,0,0,False,True,True,0.8639448310987634,0.8639448310987634
gross_gain,womanleft,263,0,0,0,False,True,True,0.9081847783706025,0.9081847783706025
gross_gain,womanleft,270,0,0,0,False,True,True,0.7909427662988155,0.7909427662988155
gross_gain,womanleft,271,0,0,0,False,True,True,0.7688452571606218,0.7688452571606218
gross_gain,womanleft,277,0,0,0,False,True,True,0.672660181842398,0.672660181842398
gross_gain,womanleft,278,0,0,0,False,True,True,0.761371158163363,0.761371158163363
gross_gain,womanleft,280,0,0,0,False,True,True,0.6649934526017882,0.6649934526017882
gross_gain,womanleft,287,0,0,0,False,True,True,0.6401262177889253,0.6401262177889253
gross_gain,womanleft,288,0,0,0,False,True,True,0.6642130487866791,0.6642130487866791
gross_gain,womanpink,12,0,0,2,True,False,True,0.0,0.0
gross_gain,womanpink,20,0,0,2,True,False,True,0.6112391333498122,0.6112391333498122
gross_gain,womanpink,30,0,0,2,True,False,True,0.8312618293619657,0.8312618293619657
gross_gain,womanpink,38,0,0,2,True,False,True,0.7981581422507368,0.7981581422507368
gross_gain,womanpink,80,0,0,2,True,False,True,0.9069969693040977,0.9069969693040977
gross_gain,womanpink,95,0,0,2,True,False,True,0.9012833116034938,0.9012833116034938
gross_gain,womanpink,96,0,0,2,True,False,True,0.7270775900172999,0.7270775900172999
gross_gain,womanpink,97,0,0,2,True,False,True,0.5554716298120257,0.5554716298120257
gross_gain,womanpink,98,0,0,2,True,False,True,0.4648364737375672,0.4648364737375672
gross_gain,womanpink,111,0,0,2,True,False,True,0.8649771954704444,0.8649771954704444
gross_gain,womanrun,33,0,0,0,False,True,True,0.8866758914935785,0.8866758914935785
gross_gain,womanrun,34,0,0,0,False,True,True,0.9410714283400797,0.9410714283400797
gross_gain,womanrun,50,0,0,0,False,True,True,0.8759777094191441,0.8759777094191441
gross_gain,womanrun,51,0,0,0,False,True,True,0.8779403603901782,0.8779403603901782
gross_gain,womanrun,52,0,0,0,False,True,True,0.8524867247696305,0.8524867247696305
gross_gain,womanrun,60,0,0,0,False,True,True,0.8115214595970465,0.8115214595970465
gross_gain,womanrun,61,0,0,0,False,True,True,0.8137943430466034,0.8137943430466034
gross_gain,womanrun,62,0,0,0,False,True,True,0.8018357226610539,0.8018357226610539
gross_gain,womanrun,68,0,0,0,False,True,True,0.8793770142589427,0.8793770142589427
gross_gain,womanrun,69,0,0,0,False,True,True,0.9494489900055962,0.9494489900055962
gross_gain,womanrun,70,0,0,0,False,True,True,0.9447890320952423,0.9447890320952423
gross_gain,womanrun,71,0,0,0,False,True,True,0.9237870097769939,0.9237870097769939
gross_gain,womanrun,72,0,0,0,False,True,True,0.8694201602310319,0.8694201602310319
gross_gain,womanrun,86,0,0,0,False,True,True,0.8714216637349091,0.8714216637349091
gross_gain,womanrun,87,0,0,0,False,True,True,0.7723644542202903,0.7723644542202903
gross_gain,womanrun,88,0,0,0,False,True,True,0.8097132473779858,0.8097132473779858
gross_gain,womanrun,89,0,0,0,False,True,True,0.8508289671162222,0.8508289671162222
gross_gain,womanrun,253,0,0,0,False,True,True,0.9137567409231024,0.9137567409231024
gross_gain,womanrun,254,0,0,0,False,True,True,0.9212504239302113,0.9212504239302113
gross_gain,womanrun,261,0,0,0,False,True,True,0.8054971854970033,0.8054971854970033
gross_gain,womanrun,263,0,0,0,False,True,True,0.713767812028988,0.713767812028988
gross_gain,womanrun,270,0,0,0,False,True,True,0.7880798458397738,0.7880798458397738
gross_gain,womanrun,274,0,0,0,False,True,True,0.7789659922328821,0.7789659922328821
gross_gain,womanrun,275,0,0,0,False,True,True,0.7941298548120983,0.7941298548120983
gross_gain,womanrun,276,0,0,0,False,True,True,0.7836519843843923,0.7836519843843923
gross_gain,womanrun,292,0,0,0,False,True,True,0.8505950388575519,0.8505950388575519
gross_gain,womanrun,484,0,0,2,True,False,True,0.6361385802691806,0.6361385802691806
gross_gain,womanrun,505,0,0,2,True,False,True,0.45523603041877786,0.45523603041877786
gross_gain,womanrun,556,0,0,2,True,False,True,0.5775844907042549,0.5775844907042549
gross_gain,womanrun,566,0,0,2,True,False,True,0.5079262930024026,0.5079262930024026
gross_gain,womanrun,571,0,0,2,True,False,True,0.4922649179036678,0.4922649179036678
gross_gain,womanrun,572,0,0,2,True,False,True,0.4902786238487159,0.4902786238487159
gross_gain,womanrun,573,0,0,2,True,False,True,0.5223488302136847,0.5223488302136847
gross_gain,womanrun,581,0,0,2,True,False,True,0.5544203717115567,0.5544203717115567
gross_gain,womanrun,583,0,0,2,True,False,True,0.5181214862613883,0.5181214862613883
gross_gain,womanrun,586,0,1,2,True,False,True,0.5106086236836662,0.5106086236836662
gross_gain,womanrun,590,0,0,2,True,False,True,0.5325968216850522,0.5325968216850522
gross_gain,womanrun,591,0,1,2,True,False,True,0.37240884684072595,0.37240884684072595
gross_gain,womanrun,592,0,0,2,True,False,True,0.47447723450686213,0.47447723450686213
gross_gain,womanrun,593,0,0,2,True,False,True,0.4785601317591545,0.4785601317591545
gross_gain,womanrun,594,0,0,2,True,False,True,0.5014219167653695,0.0
gross_gain,womanrun,620,0,0,0,False,False,True,0.0,0.6025252524778016
gross_gain,womanwithbag6,70,0,0,2,True,False,True,0.3771393541582587,0.3771393541582587
gross_gain,womanwithbag6,71,0,0,2,True,False,True,0.08561976442443744,0.08561976442443744
gross_gain,womanwithbag6,72,0,0,2,True,False,True,0.16135529636957635,0.16135529636957635
gross_gain,womanwithbag6,73,0,0,2,True,False,True,0.0519163047231206,0.0519163047231206
gross_gain,womanwithbag6,74,0,0,2,True,False,True,0.06011792225268356,0.06011792225268356
gross_gain,womanwithbag6,76,0,0,2,True,False,True,0.07040502630107794,0.07040502630107794
gross_gain,womanwithbag6,77,0,0,2,True,False,True,0.09506173498499161,0.09506173498499161
gross_gain,womanwithbag6,124,0,0,0,False,True,True,0.7914896417815216,0.7914896417815216
