variant,sequence,frame_zero_based,region,candidate,searched_region,extra_executed,pause,gt_known,same_state_c1_iou,selected_iou
write_pair_calibrated_c1_b384,2girlgoleft,90,0,0,2,True,False,True,0.5146436689039918,0.5146436689039918
write_pair_calibrated_c1_b384,3whitemen,20,0,0,2,True,False,True,0.1891069323301553,0.1891069323301553
write_pair_calibrated_c1_b384,3whitemen,22,0,2,0,False,False,True,0.12642641541783656,0.16419552020742922
write_pair_calibrated_c1_b384,3whitemen,26,0,0,2,True,False,True,0.0,0.0
write_pair_calibrated_c1_b384,3whitemen,43,0,0,2,True,False,True,0.20390693967110451,0.20390693967110451
write_pair_calibrated_c1_b384,3whitemen,44,4,0,4,True,False,True,0.0,0.523861607738227
write_pair_calibrated_c1_b384,3whitemen,45,0,0,5,True,False,True,0.19235814469076487,0.19235814469076487
write_pair_calibrated_c1_b384,3whitemen,51,0,0,4,True,False,True,0.12503272781792155,0.12503272781792155
write_pair_calibrated_c1_b384,3whitemen,52,0,0,2,True,False,True,0.16975934287143357,0.16975934287143357
write_pair_calibrated_c1_b384,3whitemen,53,0,0,4,True,False,True,0.20572537686641057,0.20572537686641057
write_pair_calibrated_c1_b384,3whitemen,69,0,0,2,True,False,True,0.8238295802588543,0.8238295802588543
write_pair_calibrated_c1_b384,3whitemen,71,0,0,2,True,False,True,0.5277256765576755,0.5277256765576755
write_pair_calibrated_c1_b384,3whitemen,74,0,1,0,False,False,True,0.33639603212801616,0.02400477427539837
write_pair_calibrated_c1_b384,3whitemen,80,0,0,4,True,False,True,0.40390295893169526,0.40390295893169526
write_pair_calibrated_c1_b384,3whitemen,90,0,1,0,False,False,True,0.6707736128026194,0.0
write_pair_calibrated_c1_b384,3whitemen,100,0,0,2,True,False,True,0.4905551135883876,0.4905551135883876
write_pair_calibrated_c1_b384,3whitemen,102,0,1,0,False,False,True,0.924211926846039,0.0
write_pair_calibrated_c1_b384,3whitemen,107,0,2,0,False,False,True,0.0,0.31766700122958647
write_pair_calibrated_c1_b384,3whitemen,110,0,1,0,False,False,True,0.7578552720696216,0.0
write_pair_calibrated_c1_b384,3whitemen,117,0,1,0,False,False,True,0.6323474658069019,0.23222872349649856
write_pair_calibrated_c1_b384,3whitemen,118,0,0,4,True,False,True,0.5888941239919101,0.5888941239919101
write_pair_calibrated_c1_b384,3whitemen,125,0,1,0,False,False,True,0.575319839059835,0.2654433238139282
write_pair_calibrated_c1_b384,3whitemen,134,0,2,0,False,False,True,0.3214235315203316,0.0
write_pair_calibrated_c1_b384,3whitemen,135,0,1,0,False,False,True,0.0,0.44426941513611196
write_pair_calibrated_c1_b384,3whitemen,138,0,0,0,False,False,True,0.27922595150905954,0.0
write_pair_calibrated_c1_b384,3whitemen,139,0,0,4,True,False,True,0.0,0.0
write_pair_calibrated_c1_b384,3whitemen,144,0,1,0,False,False,True,0.0,0.3757257638983116
write_pair_calibrated_c1_b384,3whitemen,149,0,1,0,False,False,True,0.4717595334294381,0.0
write_pair_calibrated_c1_b384,3whitemen,150,0,1,0,False,False,True,0.0,0.22593275126425297
write_pair_calibrated_c1_b384,3whitemen,154,0,1,0,False,False,True,0.22151757672755387,0.0
write_pair_calibrated_c1_b384,3whitemen,156,0,1,0,False,False,True,0.0,0.2142369551883779
write_pair_calibrated_c1_b384,3whitemen,157,0,1,0,False,False,True,0.253323472267598,0.0
write_pair_calibrated_c1_b384,3whitemen,158,0,1,0,False,False,True,0.0,0.6042541932178851
write_pair_calibrated_c1_b384,3whitemen,159,0,2,0,False,False,True,0.03850857640645426,0.0
write_pair_calibrated_c1_b384,3whitemen,160,0,1,2,True,False,True,0.0,0.6500961404154485
write_pair_calibrated_c1_b384,3whitemen,161,0,0,1,True,False,True,0.08780139874559971,0.08780139874559971
write_pair_calibrated_c1_b384,3whitemen,162,0,1,4,True,False,True,0.0,0.07697116046450966
write_pair_calibrated_c1_b384,3whitemen,164,0,3,0,False,False,True,0.12622330158887607,0.0
write_pair_calibrated_c1_b384,3whitemen,165,0,0,4,True,False,True,0.0,0.0
write_pair_calibrated_c1_b384,3whitemen,166,0,1,2,True,False,True,0.0,0.4121471585704317
write_pair_calibrated_c1_b384,3whitemen,174,4,0,4,True,False,True,0.02207150690568668,0.0
write_pair_calibrated_c1_b384,3whitemen,179,0,0,4,True,False,True,0.0,0.0
write_pair_calibrated_c1_b384,3whitemen,185,0,2,0,False,False,True,0.0,0.0
write_pair_calibrated_c1_b384,3whitemen,186,1,4,1,True,False,True,0.0,0.33963757459967053
write_pair_calibrated_c1_b384,3whitemen,187,0,1,0,False,False,True,0.6013262998696074,0.006758452642954098
write_pair_calibrated_c1_b384,3whitemen,189,0,1,0,False,False,True,0.0,0.6745314456694212
write_pair_calibrated_c1_b384,3whitemen,190,0,0,4,True,False,True,0.3657187967449394,0.3657187967449394
write_pair_calibrated_c1_b384,3whitemen,191,0,0,4,True,False,True,0.5372182603249862,0.5372182603249862
write_pair_calibrated_c1_b384,3whitemen,192,0,0,4,True,False,True,0.009867125275137067,0.009867125275137067
write_pair_calibrated_c1_b384,3whitemen,193,0,0,4,True,False,True,0.0,0.0
write_pair_calibrated_c1_b384,3whitemen,194,0,1,0,False,False,True,0.249709291221529,0.4246221272499895
write_pair_calibrated_c1_b384,3whitemen,196,0,0,2,True,False,True,0.04604611201921016,0.04604611201921016
write_pair_calibrated_c1_b384,3whitemen,198,0,0,2,True,False,True,0.0,0.0
write_pair_calibrated_c1_b384,3whitemen,199,0,0,4,True,False,True,0.0,0.0
write_pair_calibrated_c1_b384,3whitemen,200,0,0,4,True,False,True,0.05124143764908086,0.05124143764908086
write_pair_calibrated_c1_b384,3whitemen,204,0,0,4,True,False,True,0.02384720600694936,0.02384720600694936
write_pair_calibrated_c1_b384,3whitemen,211,0,0,4,True,False,True,0.3940692104017668,0.3940692104017668
write_pair_calibrated_c1_b384,3whitemen,212,0,0,4,True,False,True,0.22601845659973718,0.22601845659973718
write_pair_calibrated_c1_b384,3whitemen,215,0,0,4,True,False,True,0.0,0.0
write_pair_calibrated_c1_b384,3whitemen,226,0,1,0,False,False,True,0.0,0.6834135595582385
write_pair_calibrated_c1_b384,3whitemen,227,0,1,0,False,False,True,0.6098109185135844,0.09869763380264682
write_pair_calibrated_c1_b384,3whitemen,231,0,1,4,True,False,True,0.0,0.0
write_pair_calibrated_c1_b384,3whitemen,232,0,0,4,True,False,True,0.0,0.0
write_pair_calibrated_c1_b384,3whitemen,233,0,1,0,False,False,True,0.0,0.09490974311371174
write_pair_calibrated_c1_b384,3whitemen,238,0,0,4,True,False,True,0.0,0.0
write_pair_calibrated_c1_b384,3whitemen,239,4,4,4,True,False,True,0.0,0.0
write_pair_calibrated_c1_b384,3whitemen,242,0,0,4,True,False,True,0.0,0.0
write_pair_calibrated_c1_b384,3whitemen,243,0,0,4,True,False,True,0.0,0.0
write_pair_calibrated_c1_b384,3whitemen,245,0,0,4,True,False,True,0.0,0.0
write_pair_calibrated_c1_b384,3whitemen,247,0,1,0,False,False,True,0.0,0.12042096303476568
write_pair_calibrated_c1_b384,3whitemen,248,0,0,2,True,False,True,0.031868064201905584,0.031868064201905584
write_pair_calibrated_c1_b384,3whitemen,249,0,0,4,True,False,True,0.1295726014233071,0.1295726014233071
write_pair_calibrated_c1_b384,3whitemen,250,2,1,2,True,False,True,0.11579060434573929,0.25841890080146795
write_pair_calibrated_c1_b384,3whitemen,251,0,0,4,True,False,True,0.29776110833035047,0.29776110833035047
write_pair_calibrated_c1_b384,3whitemen,252,0,0,2,True,False,True,0.20212731385559085,0.20212731385559085
write_pair_calibrated_c1_b384,3whitemen,253,4,2,4,True,False,True,0.34984728843468094,0.1904418934406641
write_pair_calibrated_c1_b384,3whitemen,254,0,0,4,True,False,True,0.25136221961047867,0.25136221961047867
write_pair_calibrated_c1_b384,3whitemen,255,0,0,4,True,False,True,0.13936200829238507,0.13936200829238507
write_pair_calibrated_c1_b384,3whitemen,256,0,0,4,True,False,True,0.6942685848769111,0.6942685848769111
write_pair_calibrated_c1_b384,3whitemen,257,0,1,4,True,False,True,0.21080479404423583,0.0
write_pair_calibrated_c1_b384,3whitemen,266,0,0,2,True,False,True,0.0,0.0
write_pair_calibrated_c1_b384,3whitemen,269,0,2,0,False,False,True,0.0,0.0
write_pair_calibrated_c1_b384,3whitemen,270,4,2,4,True,False,True,0.0,0.0
write_pair_calibrated_c1_b384,3whitemen,271,0,1,4,True,False,True,0.0,0.0
write_pair_calibrated_c1_b384,3whitemen,272,0,1,4,True,False,True,0.0,0.0
write_pair_calibrated_c1_b384,3whitemen,273,4,3,4,True,False,True,0.0,0.0
write_pair_calibrated_c1_b384,3whitemen,274,0,1,4,True,False,True,0.0,0.58770383312863
write_pair_calibrated_c1_b384,3whitemen,275,0,1,0,False,False,True,0.3321038067543157,0.0
write_pair_calibrated_c1_b384,3whitemen,278,0,1,0,False,False,True,0.0,0.6995750594849927
write_pair_calibrated_c1_b384,3whitemen,279,0,0,4,True,False,True,0.09527453341351952,0.09527453341351952
write_pair_calibrated_c1_b384,3whitemen,281,4,0,4,True,False,True,0.0,0.5916748801114894
write_pair_calibrated_c1_b384,3whitemen,283,0,0,2,True,False,True,0.03662904278517948,0.03662904278517948
write_pair_calibrated_c1_b384,3whitemen,284,0,1,4,True,False,True,0.0,0.5669278121561936
write_pair_calibrated_c1_b384,3whitemen,285,0,1,4,True,False,True,0.3630597931346105,0.0
write_pair_calibrated_c1_b384,3whitemen,286,0,0,2,True,False,True,0.5811443960316798,0.5811443960316798
write_pair_calibrated_c1_b384,3whitemen,287,0,1,4,True,False,True,0.6660637621683648,0.5692944711617657
write_pair_calibrated_c1_b384,3whitemen,288,0,0,4,True,False,True,0.14607486879539636,0.14607486879539636
write_pair_calibrated_c1_b384,3whitemen,290,4,4,4,True,False,True,0.4832779983990228,0.3347061245345285
write_pair_calibrated_c1_b384,3whitemen,291,4,2,4,True,False,True,0.43007554395867253,0.0
write_pair_calibrated_c1_b384,3whitemen,292,4,1,4,True,False,True,0.0,0.0
write_pair_calibrated_c1_b384,3whitemen,293,5,4,5,True,False,True,0.0,0.0
write_pair_calibrated_c1_b384,3whitemen,294,2,1,2,True,False,True,0.0,0.6520809318879924
write_pair_calibrated_c1_b384,3whitemen,295,1,4,1,True,False,True,0.6492866938415711,0.0
write_pair_calibrated_c1_b384,3whitemen,296,0,0,4,True,False,True,0.0,0.0
write_pair_calibrated_c1_b384,3whitemen,297,0,1,4,True,False,True,0.010903104245826146,0.4932985574245856
write_pair_calibrated_c1_b384,3whitemen,298,0,0,2,True,False,True,0.5233169599082006,0.5233169599082006
write_pair_calibrated_c1_b384,3whitemen,299,0,0,4,True,False,True,0.45743047343056725,0.45743047343056725
write_pair_calibrated_c1_b384,3whitemen,300,4,0,4,True,False,True,0.4226282825080575,0.0
write_pair_calibrated_c1_b384,3whitemen,301,5,1,5,True,False,True,0.0,0.0
write_pair_calibrated_c1_b384,3whitemen,302,2,1,2,True,False,True,0.0,0.25831312110644405
write_pair_calibrated_c1_b384,3whitemen,303,1,1,1,True,False,True,0.5619876296106597,0.06664785321251351
write_pair_calibrated_c1_b384,3whitemen,304,2,1,2,True,False,True,0.24823137831298828,0.36291851041102313
write_pair_calibrated_c1_b384,3whitemen,305,0,0,4,True,False,True,0.5323285418723949,0.5323285418723949
write_pair_calibrated_c1_b384,3whitemen,306,4,0,4,True,False,True,0.5722859212032454,0.0
write_pair_calibrated_c1_b384,3whitemen,307,0,0,4,True,False,True,0.0,0.0
write_pair_calibrated_c1_b384,3whitemen,308,0,0,4,True,False,True,0.0,0.0
write_pair_calibrated_c1_b384,3whitemen,313,0,0,4,True,False,True,0.0,0.0
write_pair_calibrated_c1_b384,3whitemen,317,4,1,4,True,False,True,0.0,0.0
write_pair_calibrated_c1_b384,3whitemen,318,4,1,4,True,False,True,0.0,0.0
write_pair_calibrated_c1_b384,3whitemen,319,4,1,4,True,False,True,0.0,0.0
write_pair_calibrated_c1_b384,3whitemen,324,0,0,4,True,False,True,0.10288622316356424,0.10288622316356424
write_pair_calibrated_c1_b384,3whitemen,329,0,0,4,True,False,True,0.045991115668749784,0.045991115668749784
write_pair_calibrated_c1_b384,3whitemen,332,0,2,0,False,False,True,0.030198879436909076,0.0
write_pair_calibrated_c1_b384,3whitemen,334,0,1,2,True,False,True,0.0,0.06935263074051966
write_pair_calibrated_c1_b384,3whitemen,335,0,0,4,True,False,True,0.07187855982535683,0.07187855982535683
write_pair_calibrated_c1_b384,3whitemen,337,0,0,4,True,False,True,0.01432468676936192,0.01432468676936192
write_pair_calibrated_c1_b384,3whitemen,338,0,1,0,False,False,True,0.032633702035644446,0.0013852030027161407
write_pair_calibrated_c1_b384,3whitemen,339,0,2,4,True,False,True,0.0,0.46460324541955567
write_pair_calibrated_c1_b384,3whitemen,340,0,2,4,True,False,True,0.6389430291039722,0.035399179763801046
write_pair_calibrated_c1_b384,3whitemen,342,0,0,4,True,False,True,0.03478267776539216,0.03478267776539216
write_pair_calibrated_c1_b384,3whitemen,343,0,1,0,False,False,True,0.05799565586874977,0.09513642443451335
write_pair_calibrated_c1_b384,3whitemen,346,0,1,0,False,False,True,0.04925647212761332,0.05114968448017714
write_pair_calibrated_c1_b384,3whitemen,347,0,1,4,True,False,True,0.02771704050246536,0.051877823997023946
write_pair_calibrated_c1_b384,3whitemen,348,0,0,4,True,False,True,0.012532416603218707,0.012532416603218707
write_pair_calibrated_c1_b384,3whitemen,349,0,0,4,True,False,True,0.046513540209259734,0.046513540209259734
write_pair_calibrated_c1_b384,3whitemen,350,0,0,4,True,False,True,0.030197151116335447,0.030197151116335447
write_pair_calibrated_c1_b384,3whitemen,351,4,0,4,True,False,True,0.03775416051329925,0.0
write_pair_calibrated_c1_b384,3whitemen,352,0,2,5,True,False,True,0.0,0.03236769723225835
write_pair_calibrated_c1_b384,3whitemen,353,0,1,2,True,False,True,0.019100858067519225,0.01673428088730058
write_pair_calibrated_c1_b384,3whitemen,356,0,0,4,True,False,True,0.03145803673270786,0.03145803673270786
write_pair_calibrated_c1_b384,3whitemen,357,0,0,4,True,False,True,0.0,0.0
write_pair_calibrated_c1_b384,3whitemen,358,0,0,4,True,False,True,0.0,0.0
write_pair_calibrated_c1_b384,3whitemen,361,0,0,2,True,False,True,0.0,0.0
write_pair_calibrated_c1_b384,3whitemen,363,0,0,4,True,False,True,0.0,0.0
write_pair_calibrated_c1_b384,3whitemen,365,0,0,4,True,False,True,0.0,0.0
write_pair_calibrated_c1_b384,3whitemen,366,4,0,4,True,False,True,0.0,0.0
write_pair_calibrated_c1_b384,3whitemen,367,4,3,4,True,False,True,0.0,0.0
write_pair_calibrated_c1_b384,3whitemen,368,4,0,4,True,False,True,0.0,0.0
write_pair_calibrated_c1_b384,3whitemen,369,0,0,4,True,False,True,0.0,0.0
write_pair_calibrated_c1_b384,3whitemen,370,4,1,4,True,False,True,0.0,0.0
write_pair_calibrated_c1_b384,3whitemen,371,4,3,4,True,False,True,0.0,0.0
write_pair_calibrated_c1_b384,3whitemen,372,4,2,4,True,False,True,0.0,0.0
write_pair_calibrated_c1_b384,3whitemen,373,4,2,4,True,False,True,0.0,0.0
write_pair_calibrated_c1_b384,3whitemen,374,0,2,1,True,False,True,0.0,0.0
write_pair_calibrated_c1_b384,3whitemen,375,6,3,6,True,False,True,0.0,0.0
write_pair_calibrated_c1_b384,3whitemen,376,0,2,0,False,False,True,0.0,0.0
write_pair_calibrated_c1_b384,3whitemen,378,0,1,1,True,False,True,0.0,0.0
write_pair_calibrated_c1_b384,3whitemen,380,0,0,4,True,False,True,0.0,0.0
write_pair_calibrated_c1_b384,3whitemen,381,0,1,0,False,False,True,0.0,0.0
write_pair_calibrated_c1_b384,3whitemen,384,0,0,4,True,False,True,0.0,0.0
write_pair_calibrated_c1_b384,3whitemen,387,0,0,4,True,False,True,0.0,0.0
write_pair_calibrated_c1_b384,3whitemen,388,0,1,0,False,False,True,0.0,0.0
write_pair_calibrated_c1_b384,3whitemen,391,0,3,0,False,False,True,0.0,0.5451402860680719
write_pair_calibrated_c1_b384,3whitemen,392,0,3,1,True,False,True,0.5213269393543084,0.0
write_pair_calibrated_c1_b384,3whitemen,393,0,1,4,True,False,True,0.0,0.0
write_pair_calibrated_c1_b384,3whitemen,394,0,0,2,True,False,True,0.0,0.0
write_pair_calibrated_c1_b384,3whitemen,395,0,1,4,True,False,True,0.0,0.0
write_pair_calibrated_c1_b384,3whitemen,398,0,0,4,True,False,True,0.0,0.0
write_pair_calibrated_c1_b384,3whitemen,401,0,1,0,False,False,True,0.0,0.0
write_pair_calibrated_c1_b384,3whitemen,407,0,0,4,True,False,True,0.0,0.0
write_pair_calibrated_c1_b384,3whitemen,411,0,0,4,True,False,True,0.0,0.0
write_pair_calibrated_c1_b384,3whitemen,412,0,0,4,True,False,True,0.0,0.0
write_pair_calibrated_c1_b384,3whitemen,415,4,2,4,True,False,True,0.0,0.0
write_pair_calibrated_c1_b384,3whitemen,416,0,0,4,True,False,True,0.0,0.0
write_pair_calibrated_c1_b384,3whitemen,417,4,2,4,True,False,True,0.0,0.0
write_pair_calibrated_c1_b384,3whitemen,418,0,1,0,False,False,True,0.0,0.0
write_pair_calibrated_c1_b384,3whitemen,420,4,0,4,True,False,True,0.0,0.0
write_pair_calibrated_c1_b384,3whitemen,425,0,1,2,True,False,True,0.0,0.0
write_pair_calibrated_c1_b384,3whitemen,426,0,0,0,False,False,True,0.0,0.0
write_pair_calibrated_c1_b384,3whitemen,427,0,0,4,True,False,True,0.0,0.0
write_pair_calibrated_c1_b384,3whitemen,430,0,1,0,False,False,True,0.0,0.0
write_pair_calibrated_c1_b384,3whitemen,432,0,2,0,False,False,True,0.0,0.0
write_pair_calibrated_c1_b384,3whitemen,433,0,2,0,False,False,True,0.0,0.0
write_pair_calibrated_c1_b384,3whitemen,438,0,1,0,False,False,True,0.0,0.0
write_pair_calibrated_c1_b384,3whitemen,440,0,1,0,False,False,True,0.0,0.0
write_pair_calibrated_c1_b384,3whitemen,441,0,0,4,True,False,True,0.0,0.0
write_pair_calibrated_c1_b384,3whitemen,442,0,2,2,True,False,True,0.0,0.0
write_pair_calibrated_c1_b384,3whitemen,443,0,0,1,True,False,True,0.0,0.0
write_pair_calibrated_c1_b384,3whitemen,444,0,2,0,False,False,True,0.0,0.0
write_pair_calibrated_c1_b384,3whitemen,448,0,0,4,True,False,True,0.0,0.0
write_pair_calibrated_c1_b384,4one,94,0,0,4,True,False,True,0.8270576704836221,0.8270576704836221
write_pair_calibrated_c1_b384,4one,162,4,0,4,True,False,True,0.8163219842577922,0.8417947468891771
write_pair_calibrated_c1_b384,4one,164,0,0,4,True,False,True,0.7830800731816044,0.7830800731816044
write_pair_calibrated_c1_b384,4one,165,4,0,4,True,False,True,0.8183740979865719,0.8476498369549813
write_pair_calibrated_c1_b384,4one,172,0,0,4,True,False,True,0.8548822545667094,0.8548822545667094
write_pair_calibrated_c1_b384,4one,173,0,0,4,True,False,True,0.8502469950924443,0.8502469950924443
write_pair_calibrated_c1_b384,4one,178,0,0,4,True,False,True,0.7108258952928035,0.7108258952928035
write_pair_calibrated_c1_b384,4one,179,0,0,4,True,False,True,0.7006735070777517,0.7006735070777517
write_pair_calibrated_c1_b384,4one,180,0,0,2,True,False,True,0.7515242830160976,0.7515242830160976
write_pair_calibrated_c1_b384,4one,183,4,0,4,True,False,True,0.8531571516255262,0.8419662960086196
write_pair_calibrated_c1_b384,4one,184,0,0,4,True,False,True,0.8851967166698448,0.8851967166698448
write_pair_calibrated_c1_b384,4one,189,0,0,4,True,False,True,0.9244635790525965,0.9244635790525965
write_pair_calibrated_c1_b384,4one,190,0,0,4,True,False,True,0.9184319276484058,0.9184319276484058
write_pair_calibrated_c1_b384,4one,191,0,0,4,True,False,True,0.9065269351209602,0.9065269351209602
write_pair_calibrated_c1_b384,4two,16,0,0,4,True,False,True,0.7549968344290637,0.7549968344290637
write_pair_calibrated_c1_b384,4two,17,2,0,2,True,False,True,0.7954343484690064,0.5935193545834019
write_pair_calibrated_c1_b384,4two,18,0,0,4,True,False,True,0.8539621976667436,0.8539621976667436
write_pair_calibrated_c1_b384,4two,19,0,0,4,True,False,True,0.728120150671664,0.728120150671664
write_pair_calibrated_c1_b384,9whitegirl,88,0,0,0,False,False,True,0.0,0.8434266403636081
write_pair_calibrated_c1_b384,9whitegirl,96,0,0,2,True,False,True,0.5820291615255007,0.5820291615255007
write_pair_calibrated_c1_b384,Aboydownbike,313,4,1,4,True,False,True,0.450040300725893,0.0
write_pair_calibrated_c1_b384,Aboydownbike,326,0,0,4,True,False,True,0.0,0.0
write_pair_calibrated_c1_b384,Aboydownbike,333,0,0,4,True,False,True,0.0,0.0
write_pair_calibrated_c1_b384,Aboydownbike,334,0,0,4,True,False,True,0.0,0.0
write_pair_calibrated_c1_b384,Aboydownbike,427,4,0,4,True,False,True,0.0,0.0
write_pair_calibrated_c1_b384,Aboydownbike,432,4,0,4,True,False,True,0.0,0.0
write_pair_calibrated_c1_b384,Aboydownbike,433,4,0,4,True,False,True,0.0,0.0
write_pair_calibrated_c1_b384,Aboydownbike,436,4,0,4,True,False,True,0.0,0.0
write_pair_calibrated_c1_b384,Aboydownbike,439,0,1,0,False,False,True,0.0,0.0
write_pair_calibrated_c1_b384,Aboydownbike,489,0,1,0,False,False,True,0.0,0.48193278970548864
write_pair_calibrated_c1_b384,Aboydownbike,511,4,0,4,True,False,True,0.8053443590215674,0.0
write_pair_calibrated_c1_b384,Aboydownbike,529,0,0,0,False,False,True,0.8427920174611391,0.0
write_pair_calibrated_c1_b384,Aboydownbike,538,0,1,0,False,False,True,0.8188882170098866,0.0
write_pair_calibrated_c1_b384,Aboydownbike,547,0,1,0,False,False,True,0.0,0.808660911240758
write_pair_calibrated_c1_b384,Aboydownbike,571,0,0,0,False,False,True,0.9183238364861914,0.0
write_pair_calibrated_c1_b384,Aboydownbike,573,0,1,0,False,False,True,0.0,0.8971167087980347
write_pair_calibrated_c1_b384,Aboydownbike,618,0,0,4,True,False,True,0.0,0.0
write_pair_calibrated_c1_b384,Aboydownbike,619,0,0,4,True,False,True,0.0,0.0
write_pair_calibrated_c1_b384,Aboydownbike,620,0,0,4,True,False,True,0.0,0.0
write_pair_calibrated_c1_b384,Aboydownbike,623,0,0,4,True,False,True,0.6282884032476924,0.6282884032476924
write_pair_calibrated_c1_b384,Aboydownbike,626,0,0,4,True,False,True,0.7298186683072613,0.7298186683072613
write_pair_calibrated_c1_b384,Aboydownbike,627,0,0,4,True,False,True,0.7197082756220222,0.7197082756220222
write_pair_calibrated_c1_b384,Aboydownbike,628,0,0,4,True,False,True,0.6656115323614558,0.6656115323614558
write_pair_calibrated_c1_b384,Aboydownbike,633,4,0,4,True,False,True,0.6726592599043708,0.7643513826039298
write_pair_calibrated_c1_b384,Aboydownbike,639,4,0,4,True,False,True,0.8016692357271503,0.8815436075515198
write_pair_calibrated_c1_b384,Aboydownbike,640,0,0,0,False,False,True,0.6628189338243629,0.0
write_pair_calibrated_c1_b384,Aboydownbike,708,2,1,2,True,False,True,0.0,0.1753165262465413
write_pair_calibrated_c1_b384,Aboydownbike,709,0,4,0,False,False,True,0.32411724662469193,0.09402609626396079
write_pair_calibrated_c1_b384,Aboydownbike,710,6,3,6,True,False,True,0.2215025480125203,0.051011755997375396
write_pair_calibrated_c1_b384,Aboydownbike,711,6,0,6,True,False,True,0.09427595538704686,0.11563829395078987
write_pair_calibrated_c1_b384,Aboydownbike,712,4,3,4,True,False,True,0.27968807306173454,0.0
write_pair_calibrated_c1_b384,Aboydownbike,713,0,1,6,True,False,True,0.0,0.016368901982447
write_pair_calibrated_c1_b384,Aboydownbike,716,0,1,4,True,False,True,0.3707762385342272,0.13586621409515962
write_pair_calibrated_c1_b384,Aboydownbike,718,0,1,0,False,False,True,0.1238850439022316,0.49133134891820746
write_pair_calibrated_c1_b384,ab_bolster,84,0,0,4,True,False,True,0.2387872025488072,0.2387872025488072
write_pair_calibrated_c1_b384,ab_bolster,85,0,0,2,True,False,True,0.11860041721673466,0.11860041721673466
write_pair_calibrated_c1_b384,ab_bolster,86,2,1,2,True,False,True,0.12280343732619213,0.4228843687065043
write_pair_calibrated_c1_b384,ab_bolster,87,0,0,2,True,False,True,0.19532821122733657,0.19532821122733657
write_pair_calibrated_c1_b384,ab_bolster,88,0,0,4,True,False,True,0.060584840501389445,0.060584840501389445
write_pair_calibrated_c1_b384,ab_bolster,124,0,0,2,True,False,True,0.7118685375221478,0.7118685375221478
write_pair_calibrated_c1_b384,ab_bolster,133,2,0,2,True,False,True,0.3617964486462849,0.08289816034324407
write_pair_calibrated_c1_b384,ab_bolster,134,0,0,4,True,False,True,0.18718387388212002,0.18718387388212002
write_pair_calibrated_c1_b384,ab_bolster,135,0,0,2,True,False,True,0.24820583436419358,0.24820583436419358
write_pair_calibrated_c1_b384,ab_bolster,196,0,0,2,True,False,True,0.3530122649189794,0.3530122649189794
write_pair_calibrated_c1_b384,ab_bolster,197,0,0,4,True,False,True,0.28789123173298753,0.28789123173298753
write_pair_calibrated_c1_b384,ab_bolster,198,0,0,4,True,False,True,0.6962916397584501,0.6962916397584501
write_pair_calibrated_c1_b384,ab_bolster,201,0,0,4,True,False,True,0.5252019496330103,0.5252019496330103
write_pair_calibrated_c1_b384,ab_bolster,203,0,0,4,True,False,True,0.3938869105204207,0.3938869105204207
write_pair_calibrated_c1_b384,ab_bolster,207,0,1,0,False,False,True,0.674885728010317,0.017904320510438543
write_pair_calibrated_c1_b384,ab_bolster,246,0,0,2,True,False,True,0.4015020599095314,0.4015020599095314
write_pair_calibrated_c1_b384,ab_bolster,277,0,0,4,True,False,True,0.62317022808539,0.62317022808539
write_pair_calibrated_c1_b384,ab_bolster,278,0,0,4,True,False,True,0.6383302957619259,0.6383302957619259
write_pair_calibrated_c1_b384,ab_bolster,283,0,0,4,True,False,True,0.7885901989756204,0.7885901989756204
write_pair_calibrated_c1_b384,ab_bolster,284,0,0,4,True,False,True,0.751262124416263,0.751262124416263
write_pair_calibrated_c1_b384,ab_bolster,285,0,0,2,True,False,True,0.6977713849443953,0.6977713849443953
write_pair_calibrated_c1_b384,ab_bolster,288,0,0,2,True,False,True,0.561278347554187,0.561278347554187
write_pair_calibrated_c1_b384,ab_bolster,289,0,0,4,True,False,True,0.44620061596100763,0.44620061596100763
write_pair_calibrated_c1_b384,ab_bolster,291,0,0,4,True,False,True,0.46510844586522476,0.46510844586522476
write_pair_calibrated_c1_b384,ab_bolster,307,0,0,4,True,False,True,0.7951513038694444,0.7951513038694444
write_pair_calibrated_c1_b384,ab_bolster,332,0,0,4,True,False,True,0.44127025523949487,0.44127025523949487
write_pair_calibrated_c1_b384,ab_bolster,333,0,0,4,True,False,True,0.5365807983842795,0.5365807983842795
write_pair_calibrated_c1_b384,ab_bolster,339,0,0,4,True,False,True,0.5205828823320365,0.5205828823320365
write_pair_calibrated_c1_b384,ab_bolster,391,2,1,2,True,False,True,0.7260794168069699,0.5112399069690389
write_pair_calibrated_c1_b384,ab_bolster,398,2,0,2,True,False,True,0.6465214093961744,0.2523750245210711
write_pair_calibrated_c1_b384,ab_bolster,399,0,0,0,False,False,True,0.0,0.8538815670944709
write_pair_calibrated_c1_b384,ab_bolster,400,0,0,4,True,False,True,0.7745362147001328,0.7745362147001328
write_pair_calibrated_c1_b384,ab_bolster,562,0,1,0,False,False,True,0.6537465444552428,0.08629025945740576
write_pair_calibrated_c1_b384,ab_bolster,636,0,0,2,True,False,True,0.5860116557253111,0.5860116557253111
write_pair_calibrated_c1_b384,ab_bolster,637,0,0,2,True,False,True,0.15516374020206244,0.15516374020206244
write_pair_calibrated_c1_b384,ab_bolster,638,0,0,2,True,False,True,0.16138717723521037,0.16138717723521037
write_pair_calibrated_c1_b384,ab_bolster,639,0,0,4,True,False,True,0.1752196056133437,0.1752196056133437
write_pair_calibrated_c1_b384,ab_bolster,640,0,0,4,True,False,True,0.01817224301454675,0.01817224301454675
write_pair_calibrated_c1_b384,ab_bolster,642,0,0,4,True,False,True,0.5217843036162089,0.5217843036162089
write_pair_calibrated_c1_b384,ab_bolster,709,0,0,2,True,False,True,0.7683805188567085,0.7683805188567085
write_pair_calibrated_c1_b384,ab_bolster,710,0,0,2,True,False,True,0.7892198741361812,0.7892198741361812
write_pair_calibrated_c1_b384,ab_bolster,716,0,0,4,True,False,True,0.738464342387632,0.738464342387632
write_pair_calibrated_c1_b384,ab_bolster,922,0,0,4,True,False,True,0.13164516552452102,0.13164516552452102
write_pair_calibrated_c1_b384,ab_bolster,923,0,1,4,True,False,True,0.14909827043665633,0.2559065978751246
write_pair_calibrated_c1_b384,ab_bolster,952,0,1,0,False,False,True,0.08451993402366238,0.01821989185352006
write_pair_calibrated_c1_b384,ab_bolster,953,0,0,4,True,False,True,0.0,0.0
write_pair_calibrated_c1_b384,ab_bolster,954,0,0,4,True,False,True,0.0,0.0
write_pair_calibrated_c1_b384,ab_bolster,955,0,2,4,True,False,True,0.0,0.4994748771156063
write_pair_calibrated_c1_b384,ab_bolster,1023,0,0,4,True,False,True,0.6672751747818512,0.6672751747818512
write_pair_calibrated_c1_b384,ab_bolster,1048,0,0,4,True,False,True,0.4288618517867956,0.4288618517867956
write_pair_calibrated_c1_b384,ab_bolster,1258,2,0,2,True,False,True,0.031986857629298995,0.5556318058575045
write_pair_calibrated_c1_b384,ab_bolster,1260,0,0,2,True,False,True,0.2984060950328406,0.2984060950328406
write_pair_calibrated_c1_b384,ab_bolster,1261,0,0,4,True,False,True,0.08259664377082902,0.08259664377082902
write_pair_calibrated_c1_b384,ab_bolster,1262,2,0,2,True,False,True,0.5777670262551147,0.5198802397592343
write_pair_calibrated_c1_b384,ab_bolster,1316,2,0,2,True,False,True,0.0,0.10946619749105964
write_pair_calibrated_c1_b384,ab_bolster,1542,2,2,2,True,False,True,0.8520436770744223,0.000825688486081916
write_pair_calibrated_c1_b384,ab_bolster,1583,0,0,4,True,False,True,0.3859757619392794,0.3859757619392794
write_pair_calibrated_c1_b384,ab_bolster,1657,0,0,2,True,False,True,0.7539194522528091,0.7539194522528091
write_pair_calibrated_c1_b384,ab_bolster,1663,0,0,2,True,False,True,0.5550262924760918,0.5550262924760918
write_pair_calibrated_c1_b384,ab_bolster,1664,0,0,2,True,False,True,0.7349401575047396,0.7349401575047396
write_pair_calibrated_c1_b384,ab_bolster,1854,2,0,2,True,False,True,0.0,0.7875650359801272
write_pair_calibrated_c1_b384,ab_bolster,1906,0,0,2,True,False,True,0.6885645703446425,0.6885645703446425
write_pair_calibrated_c1_b384,ab_bolster,1908,0,0,4,True,False,True,0.6364302744658857,0.6364302744658857
write_pair_calibrated_c1_b384,ab_bolster,1963,0,0,4,True,False,True,0.05378824832877937,0.05378824832877937
write_pair_calibrated_c1_b384,ab_bolster,2000,0,0,2,True,False,True,0.33026663811745766,0.33026663811745766
write_pair_calibrated_c1_b384,ab_bolster,2091,0,0,2,True,False,True,0.5813933928874097,0.5813933928874097
write_pair_calibrated_c1_b384,ab_bolster,2113,0,0,4,True,False,True,0.7357984952893156,0.7357984952893156
write_pair_calibrated_c1_b384,ab_bolster,2136,0,0,4,True,False,True,0.7493732248561848,0.7493732248561848
write_pair_calibrated_c1_b384,ab_bolster,2138,2,0,2,True,False,True,0.8462443835325977,0.1519100104110264
write_pair_calibrated_c1_b384,ab_bolster,2139,0,0,4,True,False,True,0.4008283169526832,0.4008283169526832
write_pair_calibrated_c1_b384,ab_bolster,2173,0,0,4,True,False,True,0.8519849426741173,0.8519849426741173
write_pair_calibrated_c1_b384,ab_bolster,2175,0,0,4,True,False,True,0.7458266064388445,0.7458266064388445
write_pair_calibrated_c1_b384,ab_bolster,2233,4,3,4,True,False,True,0.2554038493837747,0.0
write_pair_calibrated_c1_b384,ab_bolster,2234,0,0,4,True,False,True,0.0,0.0
write_pair_calibrated_c1_b384,ab_bolster,2235,0,0,4,True,False,True,0.0,0.7938224932745009
write_pair_calibrated_c1_b384,ab_bolster,2239,0,0,4,True,False,True,0.7625733595199359,0.7625733595199359
write_pair_calibrated_c1_b384,ab_bolster,2249,0,1,0,False,False,True,0.41623978631294395,0.009305723285775275
write_pair_calibrated_c1_b384,ab_bolster,2255,0,0,2,True,False,True,0.0,0.0
write_pair_calibrated_c1_b384,ab_bolster,2256,0,0,4,True,False,True,0.0,0.0
write_pair_calibrated_c1_b384,ab_bolster,2257,0,0,4,True,False,True,0.0,0.0
write_pair_calibrated_c1_b384,ab_bolster,2258,0,0,4,True,False,True,0.0,0.0
write_pair_calibrated_c1_b384,ab_bolster,2259,0,0,2,True,False,True,0.0,0.0
write_pair_calibrated_c1_b384,ab_bolster,2260,0,0,4,True,False,True,0.0,0.0
write_pair_calibrated_c1_b384,ab_bolster,2261,0,0,4,True,False,True,0.0,0.0
write_pair_calibrated_c1_b384,ab_bolster,2262,0,0,4,True,False,True,0.0,0.0
write_pair_calibrated_c1_b384,ab_bolster,2263,0,0,4,True,False,True,0.0,0.0
write_pair_calibrated_c1_b384,ab_bolster,2264,0,2,0,False,False,True,0.0,0.0
write_pair_calibrated_c1_b384,ab_bolster,2275,0,0,2,True,False,True,0.7549832816902529,0.7549832816902529
write_pair_calibrated_c1_b384,ab_bolster,2276,0,0,2,True,False,True,0.7030849801124708,0.7030849801124708
write_pair_calibrated_c1_b384,ab_bolster,2366,0,1,0,False,False,True,0.2841356624068531,0.0
write_pair_calibrated_c1_b384,ab_bolster,2367,0,1,0,False,False,True,0.0,0.45248652517286775
write_pair_calibrated_c1_b384,ab_bolster,2396,0,0,2,True,False,True,0.3827836491998556,0.3827836491998556
write_pair_calibrated_c1_b384,ab_bolster,2472,4,0,4,True,False,True,0.53466532771929,0.0
write_pair_calibrated_c1_b384,ab_bolster,2473,0,0,4,True,False,True,0.0,0.0
write_pair_calibrated_c1_b384,ab_bolster,2474,0,0,2,True,False,True,0.0,0.0
write_pair_calibrated_c1_b384,ab_bolster,2475,0,0,4,True,False,True,0.0,0.0
write_pair_calibrated_c1_b384,ab_bolster,2476,0,0,4,True,False,True,0.0,0.0
write_pair_calibrated_c1_b384,ab_bolster,2477,0,2,0,False,False,True,0.0,0.0
write_pair_calibrated_c1_b384,ab_bolster,2478,0,0,2,True,False,True,0.6228880577467425,0.6228880577467425
write_pair_calibrated_c1_b384,ab_bolster,2480,0,0,4,True,False,True,0.8498095833604534,0.8498095833604534
write_pair_calibrated_c1_b384,ab_bolster,2485,0,0,2,True,False,True,0.5897687446527087,0.5897687446527087
write_pair_calibrated_c1_b384,ab_bolster,2490,0,0,4,True,False,True,0.22907455663097687,0.22907455663097687
write_pair_calibrated_c1_b384,ab_bolster,2500,2,1,2,True,False,True,0.6995364787255064,0.32788493192382573
write_pair_calibrated_c1_b384,ab_bolster,2501,4,4,4,True,False,True,0.4156668886229282,0.0
write_pair_calibrated_c1_b384,ab_bolster,2508,0,0,2,True,False,True,0.0,0.0
write_pair_calibrated_c1_b384,ab_bolster,2510,0,0,4,True,False,True,0.7800108601045145,0.7800108601045145
write_pair_calibrated_c1_b384,ab_bolster,2515,0,0,4,True,False,True,0.4479281862779999,0.4479281862779999
write_pair_calibrated_c1_b384,ab_bolster,2516,0,0,2,True,False,True,0.3687085864187614,0.3687085864187614
write_pair_calibrated_c1_b384,ab_bolster,2517,0,0,4,True,False,True,0.3790178576674656,0.3790178576674656
write_pair_calibrated_c1_b384,ab_bolster,2518,0,0,4,True,False,True,0.3562713066842738,0.3562713066842738
write_pair_calibrated_c1_b384,ab_bolster,2519,0,0,4,True,False,True,0.339792252900715,0.339792252900715
write_pair_calibrated_c1_b384,ab_bolster,2520,0,0,4,True,False,True,0.41733191502611855,0.41733191502611855
write_pair_calibrated_c1_b384,ab_bolster,2526,0,0,4,True,False,True,0.5965032635914408,0.5965032635914408
write_pair_calibrated_c1_b384,ab_bolster,2527,0,0,4,True,False,True,0.0,0.0
write_pair_calibrated_c1_b384,ab_bolster,2529,0,0,2,True,False,True,0.0,0.0
write_pair_calibrated_c1_b384,ab_bolster,2530,0,0,4,True,False,True,0.0,0.0
write_pair_calibrated_c1_b384,ab_bolster,2532,0,0,4,True,False,True,0.0,0.0
write_pair_calibrated_c1_b384,ab_bolster,2533,4,3,4,True,False,True,0.5967295026063676,0.0
write_pair_calibrated_c1_b384,ab_bolster,2534,0,0,4,True,False,True,0.0,0.0
write_pair_calibrated_c1_b384,ab_bolster,2535,0,0,4,True,False,True,0.0,0.0
write_pair_calibrated_c1_b384,ab_bolster,2536,0,0,4,True,False,True,0.0,0.0
write_pair_calibrated_c1_b384,ab_bolster,2537,0,0,4,True,False,True,0.0,0.0
write_pair_calibrated_c1_b384,ab_bolster,2538,0,0,4,True,False,True,0.0,0.0
write_pair_calibrated_c1_b384,ab_bolster,2539,2,0,2,True,False,True,0.0,0.7894761350348438
write_pair_calibrated_c1_b384,ab_bolster,2541,0,0,4,True,False,True,0.7653533527425691,0.7653533527425691
write_pair_calibrated_c1_b384,ab_bolster,2550,0,0,4,True,False,True,0.845266304361808,0.845266304361808
write_pair_calibrated_c1_b384,ab_bolster,2554,0,0,4,True,False,True,0.6761014325585505,0.6761014325585505
write_pair_calibrated_c1_b384,ab_bolster,2561,0,0,4,True,False,True,0.11403367971252656,0.11403367971252656
write_pair_calibrated_c1_b384,ab_bolster,2562,0,0,2,True,False,True,0.414284152648201,0.414284152648201
write_pair_calibrated_c1_b384,ab_bolster,2565,0,0,4,True,False,True,0.005494721163270892,0.005494721163270892
write_pair_calibrated_c1_b384,ab_bolster,2566,0,1,4,True,False,True,0.0,0.5218675488023801
write_pair_calibrated_c1_b384,ab_bolster,2568,0,0,4,True,False,True,0.0,0.0
write_pair_calibrated_c1_b384,ab_bolster,2569,0,0,2,True,False,True,0.011852730624521838,0.7611412161398389
write_pair_calibrated_c1_b384,ab_bolster,2579,0,0,4,True,False,True,0.5173596598516956,0.5173596598516956
write_pair_calibrated_c1_b384,ab_bolster,2580,0,0,4,True,False,True,0.5192285384326344,0.5192285384326344
write_pair_calibrated_c1_b384,ab_bolster,2581,0,0,4,True,False,True,0.3460505426277848,0.3460505426277848
write_pair_calibrated_c1_b384,ab_bolster,2582,0,0,4,True,False,True,0.396222161357325,0.396222161357325
write_pair_calibrated_c1_b384,ab_bolster,2583,0,0,4,True,False,True,0.7341324307535257,0.7341324307535257
write_pair_calibrated_c1_b384,ab_bolster,2594,0,0,4,True,False,True,0.178903294603725,0.178903294603725
write_pair_calibrated_c1_b384,ab_bolster,2597,0,0,2,True,False,True,0.13134298423146917,0.13134298423146917
write_pair_calibrated_c1_b384,ab_bolster,2599,0,0,4,True,False,True,0.00997310617898354,0.7352264633930553
write_pair_calibrated_c1_b384,ab_bolster,2601,0,1,0,False,False,True,0.6985912159491507,0.0
write_pair_calibrated_c1_b384,ab_bolster,2602,0,0,4,True,False,True,0.0,0.0
write_pair_calibrated_c1_b384,ab_bolster,2603,0,0,4,True,False,True,0.06299685052075675,0.5896799313647635
write_pair_calibrated_c1_b384,ab_bolster,2605,0,1,0,False,False,True,0.690290087724837,0.03015358877054061
write_pair_calibrated_c1_b384,ab_bolster,2610,0,0,4,True,False,True,0.25928191940123657,0.25928191940123657
write_pair_calibrated_c1_b384,ab_bolster,2627,0,0,4,True,False,True,0.5213296743210665,0.5213296743210665
write_pair_calibrated_c1_b384,ab_bolster,2628,0,0,4,True,False,True,0.20192161033051167,0.20192161033051167
write_pair_calibrated_c1_b384,ab_bolster,2630,0,0,4,True,False,True,0.20195091075291643,0.20195091075291643
write_pair_calibrated_c1_b384,ab_bolster,2631,0,0,4,True,False,True,0.23470667410367665,0.23470667410367665
write_pair_calibrated_c1_b384,ab_bolster,2632,0,0,4,True,False,True,0.2863674088085911,0.2863674088085911
write_pair_calibrated_c1_b384,ab_bolster,2633,0,0,4,True,False,True,0.4029541350037412,0.4029541350037412
write_pair_calibrated_c1_b384,ab_bolster,2634,0,0,4,True,False,True,0.4093013680249988,0.4093013680249988
write_pair_calibrated_c1_b384,ab_bolster,2638,0,0,4,True,False,True,0.6948713304999615,0.6948713304999615
write_pair_calibrated_c1_b384,ab_bolster,2780,0,0,4,True,False,True,0.37940036565122537,0.37940036565122537
write_pair_calibrated_c1_b384,ab_bolster,2781,0,0,4,True,False,True,0.2926895566145968,0.2926895566145968
write_pair_calibrated_c1_b384,ab_bolster,2782,4,2,4,True,False,True,0.33987143290045824,0.43453885986326174
write_pair_calibrated_c1_b384,ab_bolster,2788,0,0,2,True,False,True,0.4144970075915339,0.4144970075915339
write_pair_calibrated_c1_b384,ab_bolster,2793,0,0,4,True,False,True,0.5965435221920629,0.5965435221920629
write_pair_calibrated_c1_b384,ab_bolster,2804,0,0,2,True,False,True,0.6390870608216763,0.6390870608216763
write_pair_calibrated_c1_b384,ab_bolster,2805,0,0,2,True,False,True,0.7348953262298231,0.7348953262298231
write_pair_calibrated_c1_b384,ab_bolster,2807,0,0,2,True,False,True,0.367600267575414,0.367600267575414
write_pair_calibrated_c1_b384,ab_bolster,2808,0,0,4,True,False,True,0.3709317934598963,0.3709317934598963
write_pair_calibrated_c1_b384,ab_bolster,2809,0,0,4,True,False,True,0.5200690555023345,0.5200690555023345
write_pair_calibrated_c1_b384,ab_bolster,2810,0,0,4,True,False,True,0.4641093193063641,0.4641093193063641
write_pair_calibrated_c1_b384,ab_bolster,2811,0,0,4,True,False,True,0.4574838813474846,0.4574838813474846
write_pair_calibrated_c1_b384,ab_bolster,2812,0,0,4,True,False,True,0.5843649396707297,0.5843649396707297
write_pair_calibrated_c1_b384,ab_bolster,2815,0,0,4,True,False,True,0.27753543673508985,0.27753543673508985
write_pair_calibrated_c1_b384,ab_bolster,2816,4,2,4,True,False,True,0.2887408175370646,0.0
write_pair_calibrated_c1_b384,ab_bolster,2817,2,0,2,True,False,True,0.1559678526763641,0.328296001479025
write_pair_calibrated_c1_b384,ab_bolster,2818,0,0,4,True,False,True,0.35563762318483105,0.35563762318483105
write_pair_calibrated_c1_b384,ab_bolster,2819,0,0,4,True,False,True,0.41224404233915896,0.41224404233915896
write_pair_calibrated_c1_b384,ab_bolster,2820,0,0,4,True,False,True,0.6308435187996205,0.6308435187996205
write_pair_calibrated_c1_b384,ab_bolster,2821,0,0,4,True,False,True,0.4694574706001621,0.4694574706001621
write_pair_calibrated_c1_b384,ab_bolster,2822,0,0,4,True,False,True,0.3897843872594315,0.3897843872594315
write_pair_calibrated_c1_b384,ab_bolster,2824,4,4,4,True,False,True,0.20705175044626667,0.1343179134603306
write_pair_calibrated_c1_b384,ab_bolster,2826,0,0,4,True,False,True,0.37195777245970846,0.37195777245970846
write_pair_calibrated_c1_b384,ab_bolster,2827,0,0,4,True,False,True,0.22571293628273187,0.22571293628273187
write_pair_calibrated_c1_b384,ab_bolster,2831,0,0,4,True,False,True,0.5621421736687396,0.5621421736687396
write_pair_calibrated_c1_b384,ab_bolster,2832,0,0,4,True,False,True,0.5864258160646727,0.5864258160646727
write_pair_calibrated_c1_b384,ab_bolster,2834,0,0,4,True,False,True,0.4915908838023767,0.4915908838023767
write_pair_calibrated_c1_b384,ab_bolster,2839,0,0,2,True,False,True,0.5999441336068598,0.5999441336068598
write_pair_calibrated_c1_b384,ab_bolster,2840,0,1,4,True,False,True,0.572224764226558,0.0089554244509084
write_pair_calibrated_c1_b384,ab_bolster,2841,0,0,4,True,False,True,0.007237590072950028,0.007237590072950028
write_pair_calibrated_c1_b384,ab_bolster,2842,0,1,0,False,False,True,0.13984840384964498,0.4280143872266658
write_pair_calibrated_c1_b384,ab_bolster,2844,0,0,4,True,False,True,0.7146965077242521,0.7146965077242521
write_pair_calibrated_c1_b384,ab_bolster,2845,2,0,2,True,False,True,0.6712666238400257,0.5696770078219672
write_pair_calibrated_c1_b384,ab_bolster,2855,0,0,4,True,False,True,0.680024132296795,0.680024132296795
write_pair_calibrated_c1_b384,ab_bolster,2856,0,0,2,True,False,True,0.6824218500716611,0.6824218500716611
write_pair_calibrated_c1_b384,ab_bolster,2857,0,0,2,True,False,True,0.69816994811175,0.69816994811175
write_pair_calibrated_c1_b384,ab_bolster,2859,0,0,4,True,False,True,0.657215640087258,0.657215640087258
write_pair_calibrated_c1_b384,ab_bolster,2864,2,0,2,True,False,True,0.5889215033241663,0.2372496143176004
write_pair_calibrated_c1_b384,ab_bolster,2865,0,0,4,True,False,True,0.3910642891877767,0.3910642891877767
write_pair_calibrated_c1_b384,ab_bolster,2867,0,0,4,True,False,True,0.4482185844838201,0.4482185844838201
write_pair_calibrated_c1_b384,ab_bolster,2868,0,0,4,True,False,True,0.37340668447710307,0.37340668447710307
write_pair_calibrated_c1_b384,ab_bolster,2869,0,0,4,True,False,True,0.5853705364109786,0.5853705364109786
write_pair_calibrated_c1_b384,ab_bolster,2870,0,0,4,True,False,True,0.4166116062401872,0.4166116062401872
write_pair_calibrated_c1_b384,ab_bolster,2871,0,0,4,True,False,True,0.7568712423548991,0.7568712423548991
write_pair_calibrated_c1_b384,ab_bolster,2872,0,0,4,True,False,True,0.8092501534539718,0.8092501534539718
write_pair_calibrated_c1_b384,ab_bolster,2873,0,0,4,True,False,True,0.773127460192935,0.773127460192935
write_pair_calibrated_c1_b384,ab_bolster,2879,0,0,4,True,False,True,0.49755597164244575,0.49755597164244575
write_pair_calibrated_c1_b384,ab_bolster,2880,0,0,4,True,False,True,0.5535729842132537,0.5535729842132537
write_pair_calibrated_c1_b384,ab_bolster,2881,2,0,2,True,False,True,0.29876288594333994,0.5819373857630784
write_pair_calibrated_c1_b384,ab_bolster,2889,0,0,4,True,False,True,0.0,0.0
write_pair_calibrated_c1_b384,ab_bolster,2890,0,0,4,True,False,True,0.0,0.0
write_pair_calibrated_c1_b384,ab_bolster,2891,0,0,4,True,False,True,0.0,0.0
write_pair_calibrated_c1_b384,ab_bolster,2892,4,4,4,True,False,True,0.0,0.11775648644339173
write_pair_calibrated_c1_b384,ab_bolster,2893,2,3,2,True,False,True,0.5695955852208279,0.34149923819047623
write_pair_calibrated_c1_b384,ab_bolster,2894,4,4,4,True,False,True,0.5683712713553825,0.31800833357765307
write_pair_calibrated_c1_b384,ab_bolster,2899,0,0,4,True,False,True,0.047440841620332914,0.047440841620332914
write_pair_calibrated_c1_b384,ab_bolster,2908,0,0,4,True,False,True,0.7634417020731905,0.7634417020731905
write_pair_calibrated_c1_b384,ab_bolster,2909,0,2,2,True,False,True,0.3588449449119558,0.0
write_pair_calibrated_c1_b384,ab_bolster,2910,2,0,2,True,False,True,0.0,0.5383234220477473
write_pair_calibrated_c1_b384,ab_bolster,2919,2,2,2,True,False,True,0.6976370195276265,0.0
write_pair_calibrated_c1_b384,ab_bolster,2920,0,1,0,False,False,True,0.0,0.6878149295639291
write_pair_calibrated_c1_b384,ab_bolster,2924,0,0,6,True,False,True,0.7706574911171513,0.0
write_pair_calibrated_c1_b384,ab_bolster,2925,2,0,2,True,False,True,0.0,0.513647272686514
write_pair_calibrated_c1_b384,ab_bolster,2926,0,0,4,True,False,True,0.37252426457643045,0.0
write_pair_calibrated_c1_b384,ab_bolster,2936,0,1,0,False,False,True,0.0,0.0005908265553338582
write_pair_calibrated_c1_b384,ab_bolster,2939,0,1,2,True,False,True,0.0,0.0
write_pair_calibrated_c1_b384,ab_bolster,2940,0,0,0,False,False,True,0.022691937472760763,0.0
write_pair_calibrated_c1_b384,ab_bolster,2941,0,2,0,False,False,True,0.0,0.042816593673625364
write_pair_calibrated_c1_b384,ab_bolster,2942,0,0,0,False,False,True,0.09257781089932962,0.0
write_pair_calibrated_c1_b384,ab_bolster,2944,0,1,4,True,False,True,0.28537363809184224,0.0
write_pair_calibrated_c1_b384,ab_bolster,2948,2,0,2,True,False,True,0.0,0.770732179488998
write_pair_calibrated_c1_b384,ab_bolster,2949,0,0,4,True,False,True,0.6084307676756877,0.6084307676756877
write_pair_calibrated_c1_b384,ab_bolster,2973,0,0,4,True,False,True,0.7632692767368443,0.7632692767368443
write_pair_calibrated_c1_b384,ab_bolster,2978,0,0,4,True,False,True,0.1549083978386369,0.1549083978386369
write_pair_calibrated_c1_b384,ab_bolster,2981,0,0,4,True,False,True,0.0,0.0
write_pair_calibrated_c1_b384,ab_bolster,2982,0,0,4,True,False,True,0.0,0.0
write_pair_calibrated_c1_b384,ab_bolster,2983,0,0,4,True,False,True,0.0,0.0
write_pair_calibrated_c1_b384,ab_bolster,2984,0,0,4,True,False,True,0.0,0.0
write_pair_calibrated_c1_b384,ab_bolster,2985,0,0,4,True,False,True,0.0,0.0
write_pair_calibrated_c1_b384,ab_bolster,2987,0,0,2,True,False,True,0.0,0.0
write_pair_calibrated_c1_b384,ab_bolster,2989,0,0,2,True,False,True,0.0,0.0
write_pair_calibrated_c1_b384,ab_bolster,2990,0,0,4,True,False,True,0.0,0.0
write_pair_calibrated_c1_b384,ab_bolster,2991,0,2,4,True,False,True,0.0,0.07312884476210833
write_pair_calibrated_c1_b384,ab_bolster,2992,0,0,2,True,False,True,0.4814255338225234,0.4814255338225234
write_pair_calibrated_c1_b384,ab_bolster,2994,0,0,4,True,False,True,0.48650182813435416,0.48650182813435416
write_pair_calibrated_c1_b384,ab_bolster,3004,0,0,4,True,False,True,0.32656692724087066,0.32656692724087066
write_pair_calibrated_c1_b384,ab_bolster,3005,0,2,4,True,False,True,0.19898042729246468,0.3688913947888007
write_pair_calibrated_c1_b384,ab_bolster,3012,0,0,2,True,False,True,0.7143940705977537,0.7143940705977537
write_pair_calibrated_c1_b384,ab_bolster,3014,4,0,4,True,False,True,0.7439838472110168,0.0
write_pair_calibrated_c1_b384,ab_bolster,3015,0,1,0,False,False,True,0.0,0.0
write_pair_calibrated_c1_b384,ab_bolster,3016,0,0,4,True,False,True,0.0,0.0
write_pair_calibrated_c1_b384,ab_bolster,3017,0,0,4,True,False,True,0.0,0.0
write_pair_calibrated_c1_b384,ab_bolster,3018,0,0,4,True,False,True,0.0,0.0
write_pair_calibrated_c1_b384,ab_bolster,3040,2,0,2,True,False,True,0.0,0.0
write_pair_calibrated_c1_b384,ab_bolster,3041,0,0,4,True,False,True,0.6892905020166459,0.6892905020166459
write_pair_calibrated_c1_b384,ab_bolster,3042,0,0,1,True,False,True,0.48697630162198924,0.48697630162198924
write_pair_calibrated_c1_b384,ab_bolster,3043,0,0,4,True,False,True,0.28679505318144644,0.28679505318144644
write_pair_calibrated_c1_b384,ab_bolster,3044,0,1,4,True,False,True,0.12087046791975584,0.0
write_pair_calibrated_c1_b384,ab_bolster,3045,0,3,2,True,False,True,0.0,0.0
write_pair_calibrated_c1_b384,ab_bolster,3046,0,1,4,True,False,True,0.0,0.0
write_pair_calibrated_c1_b384,ab_bolster,3047,2,0,2,True,False,True,0.0,0.28588272307265145
write_pair_calibrated_c1_b384,ab_bolster,3050,0,0,4,True,False,True,0.38381358374027347,0.38381358374027347
write_pair_calibrated_c1_b384,ab_bolster,3078,0,0,2,True,False,True,0.40061030600621766,0.40061030600621766
write_pair_calibrated_c1_b384,ab_bolster,3079,0,0,2,True,False,True,0.13618645652132258,0.13618645652132258
write_pair_calibrated_c1_b384,ab_bolster,3088,0,0,0,False,False,True,0.08060513374141068,0.5216815981237776
write_pair_calibrated_c1_b384,ab_bolster,3100,0,0,4,True,False,True,0.594976012879613,0.594976012879613
write_pair_calibrated_c1_b384,ab_bolster,3101,0,0,2,True,False,True,0.6633559617254355,0.6633559617254355
write_pair_calibrated_c1_b384,ab_bolster,3102,0,0,2,True,False,True,0.6472803662424312,0.6472803662424312
write_pair_calibrated_c1_b384,ab_bolster,3103,0,0,4,True,False,True,0.5748280173511865,0.5748280173511865
write_pair_calibrated_c1_b384,ab_bolster,3104,0,0,2,True,False,True,0.5657983049993044,0.5657983049993044
write_pair_calibrated_c1_b384,ab_bolster,3120,0,0,2,True,False,True,0.26415065435178975,0.26415065435178975
write_pair_calibrated_c1_b384,ab_bolster,3121,0,0,4,True,False,True,0.26031814859445285,0.26031814859445285
write_pair_calibrated_c1_b384,ab_bolster,3122,0,0,4,True,False,True,0.19020286284062915,0.19020286284062915
write_pair_calibrated_c1_b384,ab_bolster,3123,0,1,4,True,False,True,0.10568326510516433,0.47370037408249516
write_pair_calibrated_c1_b384,ab_bolster,3129,0,0,4,True,False,True,0.08321913302702222,0.08321913302702222
write_pair_calibrated_c1_b384,ab_bolster,3130,0,0,4,True,False,True,0.3113893688915942,0.3113893688915942
write_pair_calibrated_c1_b384,ab_bolster,3131,0,0,4,True,False,True,0.3697147368940921,0.3697147368940921
write_pair_calibrated_c1_b384,ab_bolster,3132,0,0,4,True,False,True,0.30050604484651,0.30050604484651
write_pair_calibrated_c1_b384,ab_bolster,3133,0,0,4,True,False,True,0.19633769872791285,0.19633769872791285
write_pair_calibrated_c1_b384,ab_bolster,3134,0,2,4,True,False,True,0.14366907629242565,0.0
write_pair_calibrated_c1_b384,ab_bolster,3135,4,2,4,True,False,True,0.0,0.0
write_pair_calibrated_c1_b384,ab_bolster,3136,0,0,4,False,False,True,0.0,0.0
write_pair_calibrated_c1_b384,ab_bolster,3137,0,0,4,True,False,True,0.0,0.0
write_pair_calibrated_c1_b384,ab_bolster,3138,0,1,4,True,False,True,0.0,0.0
write_pair_calibrated_c1_b384,ab_bolster,3139,0,0,2,True,False,True,0.0,0.0
write_pair_calibrated_c1_b384,ab_bolster,3140,4,1,4,True,False,True,0.0,0.0
write_pair_calibrated_c1_b384,ab_bolster,3141,0,0,4,True,False,True,0.0,0.0
write_pair_calibrated_c1_b384,ab_bolster,3142,0,0,4,True,False,True,0.0,0.0
write_pair_calibrated_c1_b384,ab_bolster,3143,0,0,4,True,False,True,0.0,0.0
write_pair_calibrated_c1_b384,ab_bolster,3144,0,0,4,True,False,True,0.0,0.0
write_pair_calibrated_c1_b384,ab_bolster,3145,0,0,4,True,False,True,0.0,0.0
write_pair_calibrated_c1_b384,ab_bolster,3146,0,0,4,True,False,True,0.0,0.0
write_pair_calibrated_c1_b384,ab_bolster,3150,0,0,4,True,False,True,0.0,0.0
write_pair_calibrated_c1_b384,ab_bolster,3151,0,0,4,True,False,True,0.0,0.0
write_pair_calibrated_c1_b384,ab_bolster,3152,0,0,4,True,False,True,0.0,0.0
write_pair_calibrated_c1_b384,ab_bolster,3153,0,0,4,True,False,True,0.0,0.0
write_pair_calibrated_c1_b384,ab_bolster,3154,0,0,4,True,False,True,0.0,0.0
write_pair_calibrated_c1_b384,ab_bolster,3156,0,0,4,True,False,True,0.0,0.0
write_pair_calibrated_c1_b384,ab_bolster,3158,0,0,4,True,False,True,0.0,0.0
write_pair_calibrated_c1_b384,ab_bolster,3159,0,1,0,False,False,True,0.0,0.0
write_pair_calibrated_c1_b384,ab_bolster,3160,2,2,2,True,False,True,0.0,0.7058115284153665
write_pair_calibrated_c1_b384,ab_bolster,3161,2,0,2,True,False,True,0.5106233287932499,0.4707374786538814
write_pair_calibrated_c1_b384,ab_bolster,3163,0,0,4,True,False,True,0.7141530940287943,0.7141530940287943
write_pair_calibrated_c1_b384,ab_bolster,3168,0,0,4,True,False,True,0.5232196031779222,0.5232196031779222
write_pair_calibrated_c1_b384,ab_bolster,3169,0,0,4,True,False,True,0.5269482097892116,0.5269482097892116
write_pair_calibrated_c1_b384,ab_bolster,3170,0,0,4,True,False,True,0.6833078795382582,0.6833078795382582
write_pair_calibrated_c1_b384,ab_bolster,3171,2,0,2,True,False,True,0.5088754354890666,0.7193760688875082
write_pair_calibrated_c1_b384,ab_bolster,3175,0,0,4,True,False,True,0.5164816374766737,0.5164816374766737
write_pair_calibrated_c1_b384,ab_bolster,3216,0,0,2,True,False,True,0.2678368518300086,0.2678368518300086
write_pair_calibrated_c1_b384,ab_bolster,3218,0,0,2,True,False,True,0.5140003738578202,0.5140003738578202
write_pair_calibrated_c1_b384,ab_bolster,3219,0,0,2,True,False,True,0.5248348743950094,0.5248348743950094
write_pair_calibrated_c1_b384,ab_bolster,3220,0,0,2,True,False,True,0.6514276348842691,0.6514276348842691
write_pair_calibrated_c1_b384,ab_bolster,3222,2,0,2,True,False,True,0.5066942847561774,0.21356233726824228
write_pair_calibrated_c1_b384,ab_bolster,3223,0,0,4,True,False,True,0.26582069893156696,0.26582069893156696
write_pair_calibrated_c1_b384,ab_bolster,3227,0,0,2,True,False,True,0.14934600553858837,0.14934600553858837
write_pair_calibrated_c1_b384,ab_bolster,3229,0,0,6,True,False,True,0.20571104386659725,0.20571104386659725
write_pair_calibrated_c1_b384,ab_bolster,3235,0,0,4,True,False,True,0.20374089291632183,0.20374089291632183
write_pair_calibrated_c1_b384,ab_bolster,3236,4,2,4,True,False,True,0.201381380196468,0.0
write_pair_calibrated_c1_b384,ab_bolster,3237,0,0,2,True,False,True,0.0,0.0
write_pair_calibrated_c1_b384,ab_bolster,3238,0,0,2,True,False,True,0.0,0.0
write_pair_calibrated_c1_b384,ab_bolster,3239,0,0,2,True,False,True,0.0,0.0
write_pair_calibrated_c1_b384,ab_bolster,3240,4,2,4,True,False,True,0.0,0.0
write_pair_calibrated_c1_b384,ab_bolster,3242,2,0,2,True,False,False,,
write_pair_calibrated_c1_b384,ab_bolster,3253,2,0,2,True,False,True,0.4047499449091746,0.727519413822956
write_pair_calibrated_c1_b384,ab_bolster,3258,0,0,4,True,False,True,0.4569530345694062,0.4569530345694062
write_pair_calibrated_c1_b384,ab_bolster,3259,0,0,4,True,False,True,0.417170630070028,0.417170630070028
write_pair_calibrated_c1_b384,ab_bolster,3260,4,3,4,True,False,True,0.33867305335900383,0.04967470217839404
write_pair_calibrated_c1_b384,ab_bolster,3261,2,0,2,True,False,True,0.1659703166150317,0.32016528240224906
write_pair_calibrated_c1_b384,ab_bolster,3262,0,0,4,True,False,True,0.06109599557204585,0.06109599557204585
write_pair_calibrated_c1_b384,ab_bolster,3269,0,0,4,True,False,True,0.0,0.0
write_pair_calibrated_c1_b384,ab_bolster,3270,0,0,4,True,False,True,0.0,0.0
write_pair_calibrated_c1_b384,ab_bolster,3271,0,0,2,True,False,True,0.0,0.0
write_pair_calibrated_c1_b384,ab_bolster,3272,2,0,2,True,False,True,0.0,0.11899455080413184
write_pair_calibrated_c1_b384,ab_bolster,3273,0,0,4,True,False,True,0.007550872322156712,0.007550872322156712
write_pair_calibrated_c1_b384,ab_bolster,3274,0,0,4,True,False,True,0.4595994634345824,0.4595994634345824
write_pair_calibrated_c1_b384,ab_bolster,3275,2,0,2,True,False,True,0.35830347663344514,0.015808138816624795
write_pair_calibrated_c1_b384,ab_bolster,3276,0,0,0,False,False,True,0.0,0.8063177432323394
write_pair_calibrated_c1_b384,ab_bolster,3277,0,0,6,True,False,True,0.7023995454089895,0.7023995454089895
write_pair_calibrated_c1_b384,ab_bolster,3278,0,0,4,True,False,True,0.721227997180012,0.721227997180012
write_pair_calibrated_c1_b384,ab_bolster,3280,0,0,4,True,False,True,0.5700278422872282,0.5700278422872282
write_pair_calibrated_c1_b384,ab_bolster,3291,0,1,4,True,False,True,0.5431369948127438,0.0
write_pair_calibrated_c1_b384,ab_bolster,3292,0,1,4,False,False,True,0.0,0.7062444406555539
write_pair_calibrated_c1_b384,ab_bolster,3295,0,1,0,False,False,True,0.7217150350297443,0.0
write_pair_calibrated_c1_b384,ab_bolster,3296,0,1,4,False,False,True,0.0,0.33085085995822944
write_pair_calibrated_c1_b384,ab_bolster,3300,4,0,4,True,False,True,0.34263195277803504,0.0
write_pair_calibrated_c1_b384,ab_bolster,3301,2,1,2,True,False,True,0.023490784811790132,0.0
write_pair_calibrated_c1_b384,ab_bolster,3302,4,2,4,True,False,True,0.0,0.0
write_pair_calibrated_c1_b384,ab_bolster,3303,0,0,4,False,False,True,0.0,0.0
write_pair_calibrated_c1_b384,ab_bolster,3304,0,1,4,True,False,True,0.0,0.7364672010192874
write_pair_calibrated_c1_b384,ab_bolster,3305,1,0,1,True,False,True,0.7245098733460503,0.733168339498384
write_pair_calibrated_c1_b384,ab_bolster,3318,0,0,4,True,False,True,0.6639617873877516,0.6639617873877516
write_pair_calibrated_c1_b384,ab_bolster,3321,2,0,2,True,False,True,0.8224765101364151,0.042079145057471054
write_pair_calibrated_c1_b384,ab_bolster,3322,0,0,4,True,False,True,0.17580324035179343,0.17580324035179343
write_pair_calibrated_c1_b384,ab_bolster,3323,0,0,2,True,False,True,0.22897449693421693,0.22897449693421693
write_pair_calibrated_c1_b384,ab_bolster,3324,0,0,2,True,False,True,0.6984590387429364,0.6984590387429364
write_pair_calibrated_c1_b384,ab_bolster,3331,0,0,2,True,False,True,0.6270326740688318,0.6270326740688318
write_pair_calibrated_c1_b384,ab_bolster,3332,0,0,2,True,False,True,0.47819382708281366,0.47819382708281366
write_pair_calibrated_c1_b384,ab_bolster,3335,2,0,2,True,False,True,0.2555274537444372,0.3500803355960263
write_pair_calibrated_c1_b384,ab_bolster,3336,0,0,2,True,False,True,0.4161050611617872,0.4161050611617872
write_pair_calibrated_c1_b384,ab_bolster,3337,0,0,2,True,False,True,0.44932714350177005,0.44932714350177005
write_pair_calibrated_c1_b384,ab_bolster,3338,0,0,2,True,False,True,0.3215552715900926,0.3215552715900926
write_pair_calibrated_c1_b384,ab_bolster,3352,0,0,4,True,False,True,0.5784434909235442,0.5784434909235442
write_pair_calibrated_c1_b384,ab_bolster,3353,0,0,2,True,False,True,0.5402078883516177,0.5402078883516177
write_pair_calibrated_c1_b384,ab_bolster,3357,0,0,4,True,False,True,0.6732537112644461,0.6732537112644461
write_pair_calibrated_c1_b384,ab_bolster,3360,0,0,4,True,False,True,0.6030976692523129,0.6030976692523129
write_pair_calibrated_c1_b384,ab_bolster,3386,0,0,0,False,False,True,0.2811802586130289,0.39847289362460453
write_pair_calibrated_c1_b384,ab_bolster,3387,0,0,2,True,False,True,0.31208126539215403,0.31208126539215403
write_pair_calibrated_c1_b384,ab_bolster,3388,0,0,4,True,False,True,0.34802016180592144,0.34802016180592144
write_pair_calibrated_c1_b384,ab_bolster,3389,0,0,2,True,False,True,0.19748825485059332,0.19748825485059332
write_pair_calibrated_c1_b384,ab_bolster,3390,0,0,4,True,False,True,0.45566626064938853,0.45566626064938853
write_pair_calibrated_c1_b384,ab_bolster,3391,0,0,4,True,False,True,0.05457371301960352,0.05457371301960352
write_pair_calibrated_c1_b384,ab_bolster,3397,0,0,4,True,False,True,0.7931193815444961,0.7931193815444961
write_pair_calibrated_c1_b384,ab_bolster,3403,0,0,2,True,False,True,0.6226531845809142,0.6226531845809142
write_pair_calibrated_c1_b384,ab_bolster,3425,0,0,4,True,False,True,0.11252633922588587,0.11252633922588587
write_pair_calibrated_c1_b384,ab_bolster,3426,0,0,4,True,False,True,0.09875232289966833,0.09875232289966833
write_pair_calibrated_c1_b384,ab_bolster,3431,0,0,4,True,False,True,0.13984250097968295,0.13984250097968295
write_pair_calibrated_c1_b384,ab_bolster,3450,0,0,4,True,False,True,0.5625202954003955,0.5625202954003955
write_pair_calibrated_c1_b384,ab_bolster,3464,0,0,2,True,False,True,0.903697212695099,0.903697212695099
write_pair_calibrated_c1_b384,ab_bolster,3477,2,0,2,True,False,True,0.5840063349005205,0.6036076824348475
write_pair_calibrated_c1_b384,ab_bolster,3479,0,0,4,True,False,True,0.7525773977258842,0.7525773977258842
write_pair_calibrated_c1_b384,ab_bolster,3484,0,0,2,True,False,True,0.48188151197884077,0.48188151197884077
write_pair_calibrated_c1_b384,ab_bolster,3486,0,0,4,True,False,True,0.6183334624295906,0.6183334624295906
write_pair_calibrated_c1_b384,ab_bolster,3499,0,0,4,True,False,True,0.4467819460152065,0.4467819460152065
write_pair_calibrated_c1_b384,ab_bolster,3510,0,0,2,True,False,True,0.7788050254793839,0.7788050254793839
write_pair_calibrated_c1_b384,ab_bolster,3542,0,0,4,True,False,True,0.6201527091200186,0.6201527091200186
write_pair_calibrated_c1_b384,ab_bolster,3553,0,0,4,True,False,True,0.7228285700404525,0.7228285700404525
write_pair_calibrated_c1_b384,ab_bolster,3555,0,0,4,True,False,True,0.6230407070303383,0.6230407070303383
write_pair_calibrated_c1_b384,ab_bolster,3572,0,0,4,True,False,True,0.45797590585883546,0.45797590585883546
write_pair_calibrated_c1_b384,ab_bolster,3573,0,0,2,True,False,True,0.6141499984104907,0.6141499984104907
write_pair_calibrated_c1_b384,ab_bolster,3578,0,0,4,True,False,True,0.6233364626676349,0.6233364626676349
write_pair_calibrated_c1_b384,ab_bolster,3581,0,0,2,True,False,True,0.7766432875890611,0.7766432875890611
write_pair_calibrated_c1_b384,ab_bolster,3777,0,0,2,True,False,True,0.5211980116667345,0.5211980116667345
write_pair_calibrated_c1_b384,ab_bolster,3778,0,0,2,True,False,True,0.5749856424198915,0.5749856424198915
write_pair_calibrated_c1_b384,ab_bolster,3785,0,0,6,True,False,True,0.41876147912937023,0.41876147912937023
write_pair_calibrated_c1_b384,ab_bolster,3786,0,0,4,True,False,True,0.3683943397345531,0.3683943397345531
write_pair_calibrated_c1_b384,ab_bolster,3789,6,0,6,True,False,True,0.45475102152611374,0.35192961361271813
write_pair_calibrated_c1_b384,ab_bolster,3822,0,0,2,True,False,True,0.4259257100396369,0.4259257100396369
write_pair_calibrated_c1_b384,ab_bolster,3823,0,0,4,True,False,True,0.3968765210464082,0.3968765210464082
write_pair_calibrated_c1_b384,ab_bolster,3824,0,0,2,True,False,True,0.8059926331788411,0.8059926331788411
write_pair_calibrated_c1_b384,ab_bolster,3898,0,0,2,True,False,True,0.2497247528872184,0.2497247528872184
write_pair_calibrated_c1_b384,ab_bolster,3906,0,0,4,True,False,True,0.8272935440482633,0.8272935440482633
write_pair_calibrated_c1_b384,ab_bolster,3907,0,0,4,True,False,True,0.7172195050875382,0.7172195050875382
write_pair_calibrated_c1_b384,ab_bolster,3908,0,0,2,True,False,True,0.6945680833735837,0.6945680833735837
write_pair_calibrated_c1_b384,ab_bolster,3909,0,0,2,True,False,True,0.7551747323509808,0.7551747323509808
write_pair_calibrated_c1_b384,ab_bolster,3930,2,0,2,True,False,True,0.2747298845062475,0.20449838681241553
write_pair_calibrated_c1_b384,ab_bolster,3934,0,0,4,True,False,True,0.4599768081913578,0.4599768081913578
write_pair_calibrated_c1_b384,ab_bolster,3936,0,0,2,True,False,True,0.3810875775370848,0.3810875775370848
write_pair_calibrated_c1_b384,ab_bolster,3950,0,1,0,False,False,True,0.7103502825726093,0.0
write_pair_calibrated_c1_b384,ab_bolster,3951,0,1,0,False,False,True,0.0,0.7169189256717099
write_pair_calibrated_c1_b384,ab_bolster,3953,0,0,4,True,False,True,0.7911776494431725,0.7911776494431725
write_pair_calibrated_c1_b384,ab_bolster,3960,0,0,4,True,False,True,0.7877926469886373,0.7877926469886373
write_pair_calibrated_c1_b384,ab_bolster,3961,0,0,2,True,False,True,0.785688914813438,0.785688914813438
write_pair_calibrated_c1_b384,ab_bolster,3965,0,0,2,True,False,True,0.8967795485254917,0.8967795485254917
write_pair_calibrated_c1_b384,ab_bolster,3969,0,1,2,True,False,True,0.7740348800788571,0.0
write_pair_calibrated_c1_b384,ab_bolster,3971,0,1,0,False,False,True,0.09638244176865926,0.0
write_pair_calibrated_c1_b384,ab_bolster,3973,0,0,4,True,False,True,0.0,0.0
write_pair_calibrated_c1_b384,ab_bolster,3974,0,1,0,False,False,True,0.052074328794553926,0.27327180134126405
write_pair_calibrated_c1_b384,ab_bolster,3980,0,0,2,True,False,True,0.5891454808910244,0.5891454808910244
write_pair_calibrated_c1_b384,ab_bolster,3986,0,2,0,False,False,True,0.4598311040318237,0.0
write_pair_calibrated_c1_b384,ab_bolster,4000,0,0,4,True,False,True,0.6618441439308378,0.6618441439308378
write_pair_calibrated_c1_b384,ab_bolster,4001,0,0,2,True,False,True,0.7954870940332329,0.7954870940332329
write_pair_calibrated_c1_b384,ab_bolster,4002,0,0,2,True,False,True,0.7508096478178827,0.7508096478178827
write_pair_calibrated_c1_b384,ab_bolster,4003,2,2,2,True,False,True,0.26377367849503636,0.0
write_pair_calibrated_c1_b384,ab_bolster,4004,0,1,4,False,False,True,0.0,0.0
write_pair_calibrated_c1_b384,ab_bolster,4005,0,1,2,True,False,True,0.0,0.0
write_pair_calibrated_c1_b384,ab_bolster,4006,0,0,2,True,False,True,0.0,0.0
write_pair_calibrated_c1_b384,ab_bolster,4007,0,0,4,True,False,True,0.0,0.0
write_pair_calibrated_c1_b384,ab_bolster,4020,0,0,2,True,False,True,0.7765559959408845,0.7765559959408845
write_pair_calibrated_c1_b384,ab_bolster,4023,0,0,2,True,False,True,0.71100595279313,0.71100595279313
write_pair_calibrated_c1_b384,ab_bolster,4024,0,0,2,True,False,True,0.2928751694685843,0.2928751694685843
write_pair_calibrated_c1_b384,ab_bolster,4025,0,2,0,False,False,True,0.46477172587112514,0.0
write_pair_calibrated_c1_b384,ab_bolster,4029,0,0,4,True,False,True,0.0,0.0
write_pair_calibrated_c1_b384,ab_bolster,4039,0,0,2,True,False,True,0.4743106272938823,0.4743106272938823
write_pair_calibrated_c1_b384,ab_bolster,4040,0,0,2,True,False,True,0.6227623950498703,0.6227623950498703
write_pair_calibrated_c1_b384,ab_bolster,4041,0,0,2,True,False,True,0.6435546718346498,0.6435546718346498
write_pair_calibrated_c1_b384,ab_bolster,4048,0,1,2,True,False,True,0.5596226883789494,0.0
write_pair_calibrated_c1_b384,ab_bolster,4061,0,0,2,True,False,True,0.6071071011439084,0.6071071011439084
write_pair_calibrated_c1_b384,ab_bolster,4062,0,0,4,True,False,True,0.6700550187565494,0.6700550187565494
write_pair_calibrated_c1_b384,ab_bolster,4069,0,1,0,False,False,True,0.810247835374731,0.0
write_pair_calibrated_c1_b384,ab_bolster,4081,2,1,2,True,False,True,0.6152438616963298,0.21934689750650757
write_pair_calibrated_c1_b384,ab_bolster,4082,0,0,4,True,False,True,0.39285509940977326,0.39285509940977326
write_pair_calibrated_c1_b384,ab_bolster,4083,0,0,2,True,False,True,0.5302279513231445,0.5302279513231445
write_pair_calibrated_c1_b384,ab_bolster,4094,0,0,4,True,False,True,0.41485840280597674,0.41485840280597674
write_pair_calibrated_c1_b384,ab_bolster,4104,0,0,2,True,False,True,0.7535399254206172,0.7535399254206172
write_pair_calibrated_c1_b384,ab_bolster,4109,0,0,2,True,False,True,0.33002544665779393,0.33002544665779393
write_pair_calibrated_c1_b384,ab_bolster,4110,0,0,2,True,False,True,0.82961358884292,0.82961358884292
write_pair_calibrated_c1_b384,ab_bolster,4114,0,0,4,True,False,True,0.24478611926025792,0.24478611926025792
write_pair_calibrated_c1_b384,ab_bolster,4115,0,0,4,True,False,True,0.28922055187940837,0.28922055187940837
write_pair_calibrated_c1_b384,ab_bolster,4116,0,0,4,True,False,True,0.40021008430106153,0.40021008430106153
write_pair_calibrated_c1_b384,ab_bolster,4167,2,0,2,True,False,True,0.7293036190530439,0.44047642973943063
write_pair_calibrated_c1_b384,ab_bolster,4169,0,0,4,True,False,True,0.593258783926131,0.593258783926131
write_pair_calibrated_c1_b384,ab_bolster,4170,0,0,4,True,False,True,0.6118284691413781,0.6118284691413781
write_pair_calibrated_c1_b384,ab_bolster,4171,0,0,4,True,False,True,0.6992617182645617,0.6992617182645617
write_pair_calibrated_c1_b384,ab_bolster,4172,0,0,4,True,False,True,0.7585593823134361,0.7585593823134361
write_pair_calibrated_c1_b384,ab_bolster,4177,0,0,2,True,False,True,0.5047801044259472,0.5047801044259472
write_pair_calibrated_c1_b384,ab_bolster,4179,0,0,2,True,False,True,0.4647145524099795,0.4647145524099795
write_pair_calibrated_c1_b384,ab_bolster,4180,0,0,6,True,False,True,0.6227000473034244,0.6227000473034244
write_pair_calibrated_c1_b384,ab_bolster,4182,0,0,2,True,False,True,0.2067059552907585,0.2067059552907585
write_pair_calibrated_c1_b384,ab_bolster,4185,0,0,2,True,False,True,0.2914461237222277,0.2914461237222277
write_pair_calibrated_c1_b384,ab_bolster,4187,2,1,2,True,False,True,0.2783440096908177,0.13971035997881495
write_pair_calibrated_c1_b384,ab_bolster,4188,0,0,4,True,False,True,0.2633638602158796,0.2633638602158796
write_pair_calibrated_c1_b384,ab_bolster,4189,0,0,2,True,False,True,0.2534943392216184,0.2534943392216184
write_pair_calibrated_c1_b384,ab_bolster,4190,0,0,4,True,False,True,0.34771793793640116,0.34771793793640116
write_pair_calibrated_c1_b384,ab_bolster,4194,0,0,4,True,False,True,0.8364731449072175,0.8364731449072175
write_pair_calibrated_c1_b384,ab_bolster,4203,0,0,2,True,False,True,0.0,0.0
write_pair_calibrated_c1_b384,ab_bolster,4206,0,0,4,True,False,True,0.0,0.0
write_pair_calibrated_c1_b384,ab_bolster,4207,0,0,2,True,False,True,0.0,0.0
write_pair_calibrated_c1_b384,ab_bolster,4208,0,1,4,True,False,True,0.0,0.0
write_pair_calibrated_c1_b384,ab_bolster,4209,0,1,0,False,False,True,0.0,0.5187491274972658
write_pair_calibrated_c1_b384,ab_bolster,4211,2,0,2,True,False,True,0.6262496545564941,0.7756238071788484
write_pair_calibrated_c1_b384,ab_bolster,4216,0,0,4,True,False,True,0.5301214680372115,0.5301214680372115
write_pair_calibrated_c1_b384,ab_bolster,4217,0,0,4,True,False,True,0.4099525276588813,0.4099525276588813
write_pair_calibrated_c1_b384,ab_bolster,4221,0,1,0,False,False,True,0.18791738561569438,0.0
write_pair_calibrated_c1_b384,ab_bolster,4223,0,0,2,True,False,True,0.0,0.0
write_pair_calibrated_c1_b384,ab_bolster,4224,0,0,4,True,False,True,0.0,0.0
write_pair_calibrated_c1_b384,ab_bolster,4225,0,0,4,True,False,True,0.0,0.0
write_pair_calibrated_c1_b384,ab_bolster,4226,0,0,2,True,False,True,0.0,0.0
write_pair_calibrated_c1_b384,ab_bolster,4228,0,1,2,True,False,True,0.0,0.0
write_pair_calibrated_c1_b384,ab_bolster,4229,0,2,2,True,False,True,0.0,0.0
write_pair_calibrated_c1_b384,ab_bolster,4230,0,0,4,True,False,True,0.0,0.0
write_pair_calibrated_c1_b384,ab_bolster,4231,0,0,4,True,False,True,0.0,0.0
write_pair_calibrated_c1_b384,ab_bolster,4232,2,1,2,True,False,True,0.0,0.4943471492256592
write_pair_calibrated_c1_b384,ab_bolster,4248,0,0,6,True,False,True,0.6864809571253279,0.6864809571253279
write_pair_calibrated_c1_b384,ab_bolster,4249,0,0,6,True,False,True,0.7512674938743001,0.7512674938743001
write_pair_calibrated_c1_b384,ab_bolster,4281,0,0,4,True,False,True,0.3212935001091159,0.3212935001091159
write_pair_calibrated_c1_b384,ab_bolster,4288,0,0,4,True,False,True,0.0,0.0
write_pair_calibrated_c1_b384,ab_bolster,4290,0,0,4,True,False,True,0.08012456736864636,0.7617808186247469
write_pair_calibrated_c1_b384,ab_bolster,4292,0,0,2,True,False,True,0.6615168024024516,0.6615168024024516
write_pair_calibrated_c1_b384,ab_bolster,4318,0,0,2,True,False,True,0.8284617954173799,0.8284617954173799
write_pair_calibrated_c1_b384,ab_bolster,4319,0,1,2,True,False,True,0.5349171982347667,0.0
write_pair_calibrated_c1_b384,ab_bolster,4340,0,0,2,True,False,True,0.3811474858954068,0.3811474858954068
write_pair_calibrated_c1_b384,ab_bolster,4343,0,0,4,True,False,True,0.08158700435393056,0.08158700435393056
write_pair_calibrated_c1_b384,ab_bolster,4344,0,1,4,True,False,True,0.0,0.19202515691161712
write_pair_calibrated_c1_b384,ab_bolster,4377,0,0,2,True,False,True,0.2481158382322825,0.2481158382322825
write_pair_calibrated_c1_b384,ab_bolster,4378,0,0,4,True,False,True,0.2821299392670769,0.2821299392670769
write_pair_calibrated_c1_b384,ab_bolster,4379,0,0,2,True,False,True,0.14833316514221975,0.14833316514221975
write_pair_calibrated_c1_b384,ab_bolster,4398,0,1,0,False,False,True,0.5142921456148303,0.0
write_pair_calibrated_c1_b384,ab_bolster,4400,0,0,4,True,False,True,0.7535972405998898,0.7535972405998898
write_pair_calibrated_c1_b384,ab_bolster,4401,0,0,4,True,False,True,0.7250063619770966,0.7250063619770966
write_pair_calibrated_c1_b384,ab_bolster,4403,0,0,4,True,False,True,0.6670325543769919,0.6670325543769919
write_pair_calibrated_c1_b384,ab_bolster,4498,0,0,2,True,False,True,0.6472946974798299,0.6472946974798299
write_pair_calibrated_c1_b384,ab_bolster,4525,0,0,2,True,False,True,0.7768418147692682,0.7768418147692682
write_pair_calibrated_c1_b384,ab_bolster,4563,0,0,4,True,False,True,0.2879523975630811,0.2879523975630811
write_pair_calibrated_c1_b384,ab_bolster,4570,0,0,2,True,False,True,0.08374414274516105,0.08374414274516105
write_pair_calibrated_c1_b384,ab_bolster,4571,2,0,2,True,False,True,0.0,0.3404133316584934
write_pair_calibrated_c1_b384,ab_bolster,4572,0,0,2,True,False,True,0.5980706387572129,0.5980706387572129
write_pair_calibrated_c1_b384,ab_bolster,4630,0,0,2,True,False,True,0.42915455139667874,0.42915455139667874
write_pair_calibrated_c1_b384,ab_bolster,4631,0,1,0,False,False,True,0.5736454414559048,0.0
write_pair_calibrated_c1_b384,ab_bolster,4642,0,0,0,False,False,True,0.04633990858558778,0.871986042075274
write_pair_calibrated_c1_b384,ab_bolster,4760,4,0,4,True,False,True,0.47473776246561855,0.11793675863713056
write_pair_calibrated_c1_b384,ab_bolster,4766,0,0,2,True,False,True,0.7429192048499994,0.7429192048499994
write_pair_calibrated_c1_b384,ab_bolster,4792,0,0,2,True,False,True,0.821222785392646,0.821222785392646
write_pair_calibrated_c1_b384,ab_bolster,4816,0,0,4,True,False,True,0.09430444002486288,0.09430444002486288
write_pair_calibrated_c1_b384,ab_bolster,4818,0,0,2,True,False,True,0.5204966562487134,0.5204966562487134
write_pair_calibrated_c1_b384,ab_bolster,4819,0,0,2,True,False,True,0.4106566047638774,0.4106566047638774
write_pair_calibrated_c1_b384,ab_bolster,4824,0,0,4,True,False,True,0.6125641497175396,0.6125641497175396
write_pair_calibrated_c1_b384,ab_bolster,4836,0,0,0,False,False,True,0.2643919402420669,0.5250297430390329
write_pair_calibrated_c1_b384,ab_bolster,4840,0,1,0,False,False,True,0.34018031869757237,0.261655238272491
write_pair_calibrated_c1_b384,ab_bolster,4845,0,1,2,True,False,True,0.8522772818905094,0.0
write_pair_calibrated_c1_b384,ab_bolster,4847,0,0,4,True,False,True,0.0,0.0
write_pair_calibrated_c1_b384,ab_bolster,4849,0,3,0,False,False,True,0.0,0.0
write_pair_calibrated_c1_b384,ab_bolster,4850,2,3,2,True,False,True,0.0,0.19610178755554386
write_pair_calibrated_c1_b384,ab_bolster,4876,0,0,2,True,False,True,0.5444561530651113,0.5444561530651113
write_pair_calibrated_c1_b384,ab_bolster,4887,0,0,2,True,False,True,0.6495504898084968,0.6495504898084968
write_pair_calibrated_c1_b384,ab_bolster,4888,0,0,2,True,False,True,0.5146044571545124,0.5146044571545124
write_pair_calibrated_c1_b384,ab_bolster,4889,0,0,2,True,False,True,0.41383620517400854,0.41383620517400854
write_pair_calibrated_c1_b384,ab_bolster,4890,0,0,2,True,False,True,0.7985770477909642,0.7985770477909642
write_pair_calibrated_c1_b384,ab_bolster,4899,0,0,4,True,False,True,0.553586745882096,0.553586745882096
write_pair_calibrated_c1_b384,ab_bolster,4900,0,0,4,True,False,True,0.19545951486901594,0.19545951486901594
write_pair_calibrated_c1_b384,ab_bolster,4906,0,0,2,True,False,True,0.52256583587341,0.52256583587341
write_pair_calibrated_c1_b384,ab_bolster,4908,0,0,4,True,False,True,0.4949998652924185,0.4949998652924185
write_pair_calibrated_c1_b384,ab_bolster,4910,0,0,4,True,False,True,0.3541885506276482,0.3541885506276482
write_pair_calibrated_c1_b384,ab_bolster,4923,0,0,0,False,False,True,0.652273591105323,0.1628382887216178
write_pair_calibrated_c1_b384,ab_bolster,4926,0,0,4,True,False,True,0.8629535535414955,0.8629535535414955
write_pair_calibrated_c1_b384,ab_bolster,4931,0,0,2,True,False,True,0.5344721480653655,0.5344721480653655
write_pair_calibrated_c1_b384,ab_bolster,4932,0,0,2,True,False,True,0.4628367920180324,0.4628367920180324
write_pair_calibrated_c1_b384,ab_bolster,4943,0,0,2,True,False,True,0.7336892233908564,0.7336892233908564
write_pair_calibrated_c1_b384,ab_bolster,4944,0,0,4,True,False,True,0.7228469607502371,0.7228469607502371
write_pair_calibrated_c1_b384,ab_bolster,4947,0,0,4,True,False,True,0.9128373135527357,0.9128373135527357
write_pair_calibrated_c1_b384,ab_bolster,4955,0,0,4,True,False,True,0.29784252052822163,0.29784252052822163
write_pair_calibrated_c1_b384,ab_bolster,4957,0,0,4,True,False,True,0.3944546549824908,0.3944546549824908
write_pair_calibrated_c1_b384,ab_bolster,4959,0,0,4,True,False,True,0.4308400114941688,0.4308400114941688
write_pair_calibrated_c1_b384,ab_bolster,5019,0,0,2,True,False,True,0.388740568402269,0.388740568402269
write_pair_calibrated_c1_b384,ab_bolster,5020,0,0,2,True,False,True,0.5004758077247184,0.5004758077247184
write_pair_calibrated_c1_b384,ab_bolster,5021,2,0,2,True,False,True,0.46438956944009874,0.0
write_pair_calibrated_c1_b384,ab_bolster,5022,0,0,4,True,False,True,0.0,0.7434344881249328
write_pair_calibrated_c1_b384,ab_bolster,5023,0,0,2,True,False,True,0.42584701307428646,0.42584701307428646
write_pair_calibrated_c1_b384,ab_bolster,5024,0,0,2,True,False,True,0.3518748531618961,0.3518748531618961
write_pair_calibrated_c1_b384,ab_bolster,5031,0,0,4,True,False,True,0.832043049837946,0.832043049837946
write_pair_calibrated_c1_b384,ab_bolster,5116,0,0,6,True,False,True,0.7773785596529345,0.7773785596529345
write_pair_calibrated_c1_b384,ab_bolster,5117,0,0,2,True,False,True,0.7890280251660794,0.7890280251660794
write_pair_calibrated_c1_b384,ab_bolster,5152,0,0,2,True,False,True,0.3694242616457147,0.3694242616457147
write_pair_calibrated_c1_b384,ab_bolster,5154,0,1,4,True,False,False,,
write_pair_calibrated_c1_b384,ab_bolster,5155,0,0,4,True,False,False,,
write_pair_calibrated_c1_b384,ab_bolster,5156,0,0,4,True,False,False,,
write_pair_calibrated_c1_b384,ab_bolster,5157,0,0,2,True,False,False,,
write_pair_calibrated_c1_b384,ab_bolster,5158,0,0,4,True,False,False,,
write_pair_calibrated_c1_b384,ab_bolster,5163,0,0,4,True,False,False,,
write_pair_calibrated_c1_b384,ab_bolster,5164,0,1,0,False,False,True,0.0,0.0
write_pair_calibrated_c1_b384,ab_bolster,5166,0,1,2,True,False,True,0.3672550147523143,0.0
write_pair_calibrated_c1_b384,ab_bolster,5167,0,0,4,True,False,True,0.0,0.7876869031753754
write_pair_calibrated_c1_b384,ab_bolster,5173,0,1,0,False,False,True,0.7706315009927549,0.12668792953214317
write_pair_calibrated_c1_b384,ab_bolster,5174,0,1,4,True,False,True,0.43725686650912904,0.0
write_pair_calibrated_c1_b384,ab_bolster,5175,0,0,4,True,False,True,0.0,0.0
write_pair_calibrated_c1_b384,ab_bolster,5177,0,0,4,True,False,True,0.0,0.0
write_pair_calibrated_c1_b384,ab_bolster,5178,0,0,4,True,False,True,0.0,0.0
write_pair_calibrated_c1_b384,ab_bolster,5179,0,0,4,True,False,True,0.0,0.0
write_pair_calibrated_c1_b384,ab_bolster,5181,0,0,4,True,False,True,0.10287513735975955,0.10287513735975955
write_pair_calibrated_c1_b384,ab_bolster,5182,0,0,4,True,False,True,0.05837374458429727,0.05837374458429727
write_pair_calibrated_c1_b384,ab_bolster,5183,0,0,4,True,False,True,0.04951654701604217,0.04951654701604217
write_pair_calibrated_c1_b384,ab_bolster,5184,0,0,4,True,False,True,0.23023653638027552,0.23023653638027552
write_pair_calibrated_c1_b384,ab_bolster,5185,0,0,2,True,False,True,0.13170192336557232,0.13170192336557232
write_pair_calibrated_c1_b384,ab_bolster,5186,0,0,4,True,False,True,0.09255948981364352,0.09255948981364352
write_pair_calibrated_c1_b384,ab_bolster,5187,0,0,4,True,False,True,0.0704196874800232,0.0704196874800232
write_pair_calibrated_c1_b384,ab_bolster,5188,0,0,4,True,False,True,0.14114893254877484,0.14114893254877484
write_pair_calibrated_c1_b384,ab_bolster,5192,0,0,4,True,False,True,0.21175218051104314,0.21175218051104314
write_pair_calibrated_c1_b384,ab_bolster,5193,0,0,4,True,False,True,0.120721518234317,0.120721518234317
write_pair_calibrated_c1_b384,ab_bolster,5194,0,0,2,True,False,True,0.13740830603976295,0.13740830603976295
write_pair_calibrated_c1_b384,ab_bolster,5195,0,0,4,True,False,True,0.133781935709446,0.133781935709446
write_pair_calibrated_c1_b384,ab_bolster,5196,0,0,4,True,False,True,0.04016432825753884,0.04016432825753884
write_pair_calibrated_c1_b384,ab_bolster,5197,0,0,4,True,False,True,0.1602915276864374,0.1602915276864374
write_pair_calibrated_c1_b384,ab_bolster,5198,0,0,2,True,False,True,0.04719948674917761,0.04719948674917761
write_pair_calibrated_c1_b384,ab_bolster,5199,0,0,4,True,False,True,0.1305503798582527,0.1305503798582527
write_pair_calibrated_c1_b384,ab_bolster,5200,0,0,2,True,False,True,0.21894374498832822,0.21894374498832822
write_pair_calibrated_c1_b384,ab_bolster,5202,0,0,2,True,False,True,0.21146336666610663,0.21146336666610663
write_pair_calibrated_c1_b384,ab_bolster,5204,0,0,2,True,False,True,0.1331684691703309,0.1331684691703309
write_pair_calibrated_c1_b384,ab_bolster,5205,0,0,2,True,False,True,0.22264145486246142,0.22264145486246142
write_pair_calibrated_c1_b384,ab_bolster,5206,2,1,2,True,False,True,0.39118463748724114,0.09290537004907952
write_pair_calibrated_c1_b384,ab_bolster,5207,0,0,4,True,False,True,0.23314592499055906,0.23314592499055906
write_pair_calibrated_c1_b384,ab_bolster,5208,0,0,2,True,False,True,0.49916392013978866,0.49916392013978866
write_pair_calibrated_c1_b384,ab_bolster,5209,0,0,2,True,False,True,0.6795335069227285,0.6795335069227285
write_pair_calibrated_c1_b384,ab_bolster,5213,0,0,4,True,False,True,0.2745844744935138,0.2745844744935138
write_pair_calibrated_c1_b384,ab_bolster,5214,0,0,4,True,False,True,0.3082269956948373,0.3082269956948373
write_pair_calibrated_c1_b384,ab_bolster,5215,0,0,4,True,False,True,0.25062135535226177,0.25062135535226177
write_pair_calibrated_c1_b384,ab_bolster,5216,0,0,4,True,False,True,0.20233169257783218,0.20233169257783218
write_pair_calibrated_c1_b384,ab_bolster,5217,0,0,4,True,False,True,0.1886834907931944,0.1886834907931944
write_pair_calibrated_c1_b384,ab_bolster,5218,0,0,4,True,False,True,0.1507122572169235,0.1507122572169235
write_pair_calibrated_c1_b384,ab_bolster,5219,0,0,4,True,False,True,0.22404718789992276,0.22404718789992276
write_pair_calibrated_c1_b384,ab_bolster,5220,0,0,4,True,False,True,0.22778447519376904,0.22778447519376904
write_pair_calibrated_c1_b384,ab_bolster,5221,0,0,4,True,False,True,0.17424433882658288,0.17424433882658288
write_pair_calibrated_c1_b384,ab_bolster,5222,0,0,4,True,False,True,0.21905975721541202,0.21905975721541202
write_pair_calibrated_c1_b384,ab_bolster,5223,0,1,0,False,False,True,0.23957621792042272,0.2718347272946696
write_pair_calibrated_c1_b384,ab_bolster,5224,0,0,2,True,False,True,0.1824768399546925,0.1824768399546925
write_pair_calibrated_c1_b384,ab_bolster,5225,0,0,4,True,False,True,0.16105786362812521,0.16105786362812521
write_pair_calibrated_c1_b384,ab_bolster,5226,0,0,4,True,False,True,0.2672033082290031,0.2672033082290031
write_pair_calibrated_c1_b384,ab_bolster,5272,0,0,2,True,False,True,0.6076048106694513,0.6076048106694513
write_pair_calibrated_c1_b384,ab_bolster,6059,0,0,2,True,False,True,0.16584926348549048,0.0
write_pair_calibrated_c1_b384,ab_bolster,6060,0,0,2,True,False,True,0.0,0.0
write_pair_calibrated_c1_b384,ab_bolster,6065,0,1,0,False,False,True,0.0,0.2729969182798199
write_pair_calibrated_c1_b384,ab_bolster,6231,0,0,2,True,False,True,0.8098678583138854,0.8098678583138854
write_pair_calibrated_c1_b384,ab_bolster,6232,0,0,4,True,False,True,0.832223775564749,0.832223775564749
write_pair_calibrated_c1_b384,ab_bolster,6233,0,1,2,True,False,True,0.4834361391489801,0.0
write_pair_calibrated_c1_b384,ab_bolster,6234,4,1,4,True,False,True,0.0,0.0
write_pair_calibrated_c1_b384,ab_bolster,6235,0,1,0,False,False,True,0.0,0.0
write_pair_calibrated_c1_b384,ab_bolster,6236,2,1,2,True,False,True,0.0,0.0
write_pair_calibrated_c1_b384,ab_bolster,6237,0,1,6,True,False,True,0.0,0.25389238631356204
write_pair_calibrated_c1_b384,ab_bolster,6238,0,1,4,True,False,True,0.24703244349948839,0.0
write_pair_calibrated_c1_b384,ab_bolster,6240,0,0,4,True,False,True,0.0,0.0
write_pair_calibrated_c1_b384,ab_bolster,6241,0,1,0,False,False,True,0.0,0.6578103635101352
write_pair_calibrated_c1_b384,ab_bolster,6242,0,1,0,False,False,True,0.6001100895027485,0.0
write_pair_calibrated_c1_b384,ab_bolster,6243,0,1,0,False,False,True,0.0,0.6555927434178117
write_pair_calibrated_c1_b384,ab_bolster,6247,0,0,4,True,False,True,0.47599092985088315,0.47599092985088315
write_pair_calibrated_c1_b384,ab_bolster,6250,0,1,0,False,False,True,0.3853839172002625,0.0
write_pair_calibrated_c1_b384,ab_bolster,6251,2,0,2,True,False,True,0.0,0.35473484017594986
write_pair_calibrated_c1_b384,ab_bolster,6252,0,0,4,True,False,True,0.316542838951139,0.316542838951139
write_pair_calibrated_c1_b384,ab_bolster,6253,0,0,2,True,False,True,0.5763850104742976,0.5763850104742976
write_pair_calibrated_c1_b384,ab_bolster,6322,0,0,4,True,False,True,0.5409587837891169,0.5409587837891169
write_pair_calibrated_c1_b384,ab_bolster,6324,0,1,0,False,False,True,0.6903109641118945,0.017278759054576202
write_pair_calibrated_c1_b384,ab_bolster,6326,0,0,4,True,False,True,0.0,0.0
write_pair_calibrated_c1_b384,ab_bolster,6328,0,0,4,True,False,True,0.0,0.31078689973258933
write_pair_calibrated_c1_b384,ab_bolster,6329,0,0,4,True,False,True,0.1914974891565451,0.1914974891565451
write_pair_calibrated_c1_b384,ab_bolster,6330,0,0,4,True,False,True,0.4198944656934561,0.4198944656934561
write_pair_calibrated_c1_b384,ab_bolster,6331,0,1,4,True,False,True,0.38493573767576017,0.0
write_pair_calibrated_c1_b384,ab_bolster,6332,0,0,2,True,False,True,0.9166957926271903,0.9166957926271903
write_pair_calibrated_c1_b384,ab_bolster,6333,0,1,0,False,False,True,0.4426821747599307,0.0
write_pair_calibrated_c1_b384,ab_bolster,6334,2,0,2,True,False,True,0.0,0.5831354510957667
write_pair_calibrated_c1_b384,ab_bolster,6335,0,1,4,True,False,True,0.4558227211746723,0.0
write_pair_calibrated_c1_b384,ab_bolster,6336,0,0,2,True,False,True,0.01745661673260465,0.01745661673260465
write_pair_calibrated_c1_b384,ab_bolster,6337,0,0,4,True,False,True,0.019256679348001127,0.019256679348001127
write_pair_calibrated_c1_b384,ab_bolster,6338,0,0,4,True,False,True,0.854069151047068,0.854069151047068
write_pair_calibrated_c1_b384,ab_bolster,6339,0,0,4,True,False,True,0.8493394951236469,0.8493394951236469
write_pair_calibrated_c1_b384,ab_bolster,6340,0,0,4,True,False,True,0.8674038388631221,0.8674038388631221
write_pair_calibrated_c1_b384,ab_bolster,6341,4,3,4,True,False,True,0.13269984009338695,0.0
write_pair_calibrated_c1_b384,ab_bolster,6342,0,0,6,True,False,True,0.0,0.0
write_pair_calibrated_c1_b384,ab_bolster,6343,0,2,2,True,False,True,0.0,0.03588275622555668
write_pair_calibrated_c1_b384,ab_bolster,6344,0,0,4,True,False,True,0.04472707193341241,0.04472707193341241
write_pair_calibrated_c1_b384,ab_bolster,6347,0,0,4,True,False,True,0.08351624780317887,0.08351624780317887
write_pair_calibrated_c1_b384,ab_bolster,6349,0,0,4,True,False,True,0.1359008224353539,0.1359008224353539
write_pair_calibrated_c1_b384,ab_bolster,6350,0,0,4,True,False,True,0.6321026603883121,0.6321026603883121
write_pair_calibrated_c1_b384,ab_bolster,6351,0,0,4,True,False,True,0.47246990990019744,0.47246990990019744
write_pair_calibrated_c1_b384,ab_bolster,6352,0,2,4,True,False,True,0.6850832475251208,0.0
write_pair_calibrated_c1_b384,ab_bolster,6357,0,2,0,False,False,True,0.0,0.12775925781892183
write_pair_calibrated_c1_b384,ab_bolster,6359,0,0,4,True,False,True,0.6348539465233857,0.6348539465233857
write_pair_calibrated_c1_b384,ab_bolster,6361,0,0,2,True,False,True,0.7462417486482366,0.7462417486482366
write_pair_calibrated_c1_b384,ab_bolster,6362,0,0,4,True,False,True,0.7601140299587925,0.7601140299587925
write_pair_calibrated_c1_b384,ab_bolster,6363,0,0,4,True,False,True,0.6554060196181898,0.6554060196181898
write_pair_calibrated_c1_b384,ab_bolster,6364,0,0,4,True,False,True,0.7499440416504327,0.7499440416504327
write_pair_calibrated_c1_b384,ab_bolster,6365,0,0,4,True,False,True,0.7436844966531789,0.7436844966531789
write_pair_calibrated_c1_b384,ab_bolster,6366,0,0,4,True,False,True,0.7463068678004433,0.7463068678004433
write_pair_calibrated_c1_b384,ab_bolster,6367,0,0,4,True,False,True,0.840015721105767,0.840015721105767
write_pair_calibrated_c1_b384,ab_bolster,6368,0,0,4,True,False,True,0.6651205359437461,0.6651205359437461
write_pair_calibrated_c1_b384,ab_bolster,6369,4,1,4,True,False,True,0.8789587013244343,0.0
write_pair_calibrated_c1_b384,ab_bolster,6370,0,2,2,True,False,True,0.0,0.40281301913440715
write_pair_calibrated_c1_b384,ab_bolster,6371,0,1,4,True,False,True,0.6611790921912493,0.0
write_pair_calibrated_c1_b384,ab_bolster,6372,0,1,2,True,False,True,0.0,0.5332953779143433
write_pair_calibrated_c1_b384,ab_bolster,6373,4,3,4,True,False,True,0.6389163433945249,0.0
write_pair_calibrated_c1_b384,ab_bolster,6375,2,0,2,True,False,True,0.014711379737583213,0.0856025256528328
write_pair_calibrated_c1_b384,ab_bolster,6376,0,0,4,True,False,True,0.11227966498912527,0.11227966498912527
write_pair_calibrated_c1_b384,ab_bolster,6377,0,0,4,True,False,True,0.11102984168959393,0.11102984168959393
write_pair_calibrated_c1_b384,ab_bolster,6378,4,3,4,True,False,True,0.20519748898507853,0.0
write_pair_calibrated_c1_b384,ab_bolster,6379,0,1,0,False,False,True,0.0,0.3480302139925808
write_pair_calibrated_c1_b384,ab_bolster,6699,2,1,2,True,False,True,0.30181950283254155,0.3483687667467115
write_pair_calibrated_c1_b384,ab_bolster,6700,0,0,2,True,False,True,0.6281469140184329,0.6281469140184329
write_pair_calibrated_c1_b384,ab_bolster,6739,0,0,2,True,False,True,0.24930300273336073,0.24930300273336073
write_pair_calibrated_c1_b384,ab_bolster,6740,0,0,2,True,False,True,0.6539413688261165,0.6539413688261165
write_pair_calibrated_c1_b384,ab_bolster,6741,0,0,2,True,False,True,0.556964635914905,0.556964635914905
write_pair_calibrated_c1_b384,ab_bolster,6882,0,0,2,True,False,True,0.4965812430579128,0.4965812430579128
write_pair_calibrated_c1_b384,ab_bolster,6883,6,4,6,True,False,True,0.6321329720447142,0.5389853533408646
write_pair_calibrated_c1_b384,ab_bolster,7003,0,0,4,True,False,True,0.6400813336096789,0.6400813336096789
write_pair_calibrated_c1_b384,ab_bolster,7004,0,1,0,False,False,True,0.4090739004272823,0.07904285748860934
write_pair_calibrated_c1_b384,ab_bolster,7006,0,0,4,True,False,True,0.24887860518294086,0.24887860518294086
write_pair_calibrated_c1_b384,ab_bolster,7007,0,0,2,True,False,True,0.3081252535175649,0.3081252535175649
write_pair_calibrated_c1_b384,ab_bolster,7008,0,0,4,True,False,True,0.3919841018748301,0.3919841018748301
write_pair_calibrated_c1_b384,ab_bolster,7009,0,0,4,True,False,True,0.29719033816075885,0.29719033816075885
write_pair_calibrated_c1_b384,ab_bolster,7010,0,0,4,True,False,True,0.41725623012394175,0.41725623012394175
write_pair_calibrated_c1_b384,ab_bolster,7011,0,0,2,True,False,True,0.27757771879298043,0.27757771879298043
write_pair_calibrated_c1_b384,ab_bolster,7012,0,0,2,True,False,True,0.12542154971689914,0.12542154971689914
write_pair_calibrated_c1_b384,ab_bolster,7013,0,0,2,True,False,True,0.12398197687780871,0.12398197687780871
write_pair_calibrated_c1_b384,ab_bolster,7023,0,0,4,True,False,True,0.08429766238856277,0.08429766238856277
write_pair_calibrated_c1_b384,ab_bolster,7024,0,0,2,True,False,True,0.16416486704414163,0.16416486704414163
write_pair_calibrated_c1_b384,ab_bolster,7025,0,0,2,True,False,True,0.3334511614641104,0.3334511614641104
write_pair_calibrated_c1_b384,ab_bolster,7026,0,0,2,True,False,True,0.5306440017241142,0.5306440017241142
write_pair_calibrated_c1_b384,ab_bolster,7078,0,0,2,True,False,True,0.8819722455575961,0.8819722455575961
write_pair_calibrated_c1_b384,ab_bolster,7079,6,0,6,True,False,True,0.9339028842269185,0.8504936835898329
write_pair_calibrated_c1_b384,ab_bolster,7129,0,0,6,True,False,True,0.6423171376502607,0.6423171376502607
write_pair_calibrated_c1_b384,ab_bolster,7171,0,1,0,False,False,True,0.6071490258154378,0.2480758262049616
write_pair_calibrated_c1_b384,ab_bolster,7204,0,0,6,True,False,True,0.4815452373134741,0.0
write_pair_calibrated_c1_b384,ab_bolster,7206,2,2,2,True,False,True,0.004307817386408969,0.13237032757346995
write_pair_calibrated_c1_b384,ab_bolster,7232,0,0,2,True,False,True,0.12149994538746195,0.12149994538746195
write_pair_calibrated_c1_b384,ab_bolster,7235,2,0,2,True,False,True,0.1663694870260323,0.34386603932853255
write_pair_calibrated_c1_b384,ab_bolster,7236,0,0,6,True,False,True,0.3392894679504694,0.3392894679504694
write_pair_calibrated_c1_b384,ab_bolster,7237,0,0,6,True,False,True,0.16517771021286026,0.16517771021286026
write_pair_calibrated_c1_b384,ab_bolster,7238,0,0,2,True,False,True,0.28703427938536696,0.28703427938536696
write_pair_calibrated_c1_b384,ab_bolster,7246,0,0,4,True,False,True,0.795075514926004,0.795075514926004
write_pair_calibrated_c1_b384,ab_bolster,7247,0,0,4,True,False,True,0.7464960898656929,0.7464960898656929
write_pair_calibrated_c1_b384,ab_bolster,7251,0,0,4,True,False,True,0.7568526225157998,0.7568526225157998
write_pair_calibrated_c1_b384,ab_bolster,7252,2,0,2,True,False,True,0.6702610077126843,0.7019467105728796
write_pair_calibrated_c1_b384,ab_bolster,7254,0,0,2,True,False,True,0.68883509202048,0.68883509202048
write_pair_calibrated_c1_b384,ab_bolster,7457,0,1,0,False,False,True,0.4034463831172896,0.7331956610320006
write_pair_calibrated_c1_b384,ab_bolster,7476,0,0,4,True,False,True,0.6366375457859341,0.6366375457859341
write_pair_calibrated_c1_b384,ab_bolster,7478,0,0,4,True,False,True,0.6677102076150245,0.6677102076150245
write_pair_calibrated_c1_b384,ab_bolster,7539,0,0,2,True,False,True,0.626956940898482,0.626956940898482
write_pair_calibrated_c1_b384,ab_bolster,7540,0,0,2,True,False,True,0.5239782964832163,0.5239782964832163
write_pair_calibrated_c1_b384,ab_bolster,7541,0,0,2,True,False,True,0.2730327281561293,0.2730327281561293
write_pair_calibrated_c1_b384,ab_bolster,7558,0,1,2,True,False,True,0.10505068199369604,0.2170555588252107
write_pair_calibrated_c1_b384,ab_bolster,7584,0,0,4,True,False,True,0.5153134614376907,0.5153134614376907
write_pair_calibrated_c1_b384,ab_bolster,7585,0,0,4,True,False,True,0.46391584180907863,0.46391584180907863
write_pair_calibrated_c1_b384,ab_bolster,7586,0,0,4,True,False,True,0.4643020477752247,0.4643020477752247
write_pair_calibrated_c1_b384,ab_bolster,7587,0,0,2,True,False,True,0.24783925300503049,0.24783925300503049
write_pair_calibrated_c1_b384,ab_bolster,7588,0,0,4,True,False,True,0.3411757745308647,0.3411757745308647
write_pair_calibrated_c1_b384,ab_bolster,7589,0,0,4,True,False,True,0.4331855386839166,0.4331855386839166
write_pair_calibrated_c1_b384,ab_bolster,7590,0,0,2,True,False,True,0.7205490230713775,0.7205490230713775
write_pair_calibrated_c1_b384,ab_bolster,7618,2,1,2,True,False,True,0.12044021411241879,0.2732146627696912
write_pair_calibrated_c1_b384,ab_bolster,7620,0,0,2,True,False,True,0.0030544027621903815,0.0030544027621903815
write_pair_calibrated_c1_b384,ab_bolster,7621,0,0,4,True,False,True,0.5220224465553064,0.5220224465553064
write_pair_calibrated_c1_b384,ab_bolster,7647,0,0,4,True,False,True,0.5103925424358977,0.5103925424358977
write_pair_calibrated_c1_b384,ab_bolster,7649,0,0,4,True,False,True,0.43416756871713036,0.43416756871713036
write_pair_calibrated_c1_b384,ab_bolster,7710,0,0,2,True,False,True,0.8300399414557778,0.8300399414557778
write_pair_calibrated_c1_b384,ab_bolster,8129,0,0,2,True,False,True,0.216912051639983,0.216912051639983
write_pair_calibrated_c1_b384,ab_bolster,8130,0,1,0,False,False,True,0.2695230712344326,0.3527732664018969
write_pair_calibrated_c1_b384,ab_bolster,8136,2,0,2,True,False,True,0.2536762936943973,0.46483854640472616
write_pair_calibrated_c1_b384,ab_bolster,8137,0,0,4,True,False,True,0.6484170517351052,0.6484170517351052
write_pair_calibrated_c1_b384,ab_bolster,8138,0,0,4,True,False,True,0.6860185331063291,0.6860185331063291
write_pair_calibrated_c1_b384,ab_bolster,8139,0,0,2,True,False,True,0.5494457569411406,0.5494457569411406
write_pair_calibrated_c1_b384,ab_motocometurn,39,0,1,1,True,False,True,0.0,0.6119137588407925
write_pair_calibrated_c1_b384,ab_motocometurn,40,0,2,1,True,False,True,0.0,0.8577774222436924
write_pair_calibrated_c1_b384,ab_motocometurn,113,0,0,1,True,False,True,0.17386592466696688,0.17386592466696688
write_pair_calibrated_c1_b384,ab_motocometurn,127,0,0,4,True,False,False,,
write_pair_calibrated_c1_b384,ab_motocometurn,128,4,2,4,True,False,False,,
write_pair_calibrated_c1_b384,ab_motocometurn,129,0,3,0,False,False,False,,
write_pair_calibrated_c1_b384,ab_motocometurn,135,4,0,4,True,False,True,0.0,0.0
write_pair_calibrated_c1_b384,ab_motocometurn,136,0,0,4,True,False,True,0.0,0.0
write_pair_calibrated_c1_b384,ab_motocometurn,137,0,0,4,True,False,True,0.0,0.0
write_pair_calibrated_c1_b384,ab_motocometurn,142,0,0,4,True,False,True,0.0,0.0
write_pair_calibrated_c1_b384,ab_motocometurn,144,0,0,4,True,False,True,0.0,0.0
write_pair_calibrated_c1_b384,ab_motocometurn,148,0,0,1,True,False,True,0.0,0.0
write_pair_calibrated_c1_b384,ab_motocometurn,149,4,0,4,True,False,True,0.0,0.0
write_pair_calibrated_c1_b384,ab_motocometurn,150,0,2,4,True,False,True,0.0003800084355317939,0.0006665567262537267
write_pair_calibrated_c1_b384,ab_motocometurn,151,0,2,0,False,False,True,0.0,0.17789434209972987
write_pair_calibrated_c1_b384,ab_motocometurn,152,0,0,4,True,False,True,0.5739675424712216,0.5739675424712216
write_pair_calibrated_c1_b384,ab_mototurn,14,0,0,2,True,False,True,0.321595814399962,0.321595814399962
write_pair_calibrated_c1_b384,ab_rightcupcoming_infwhite_quezhen,617,4,0,4,True,False,True,0.6180823061030435,0.0
write_pair_calibrated_c1_b384,ab_rightcupcoming_infwhite_quezhen,618,0,0,5,True,False,True,0.0,0.0
write_pair_calibrated_c1_b384,ab_rightcupcoming_infwhite_quezhen,619,0,0,2,True,False,True,0.0,0.0
write_pair_calibrated_c1_b384,ab_rightcupcoming_infwhite_quezhen,620,0,0,2,True,False,True,0.0,0.0
write_pair_calibrated_c1_b384,ab_rightcupcoming_infwhite_quezhen,621,0,1,2,True,False,True,0.0,0.0
write_pair_calibrated_c1_b384,ab_rightcupcoming_infwhite_quezhen,622,2,2,2,True,False,True,0.0,0.3378544108652392
write_pair_calibrated_c1_b384,ab_rightcupcoming_infwhite_quezhen,623,0,0,1,True,False,True,0.3427885173710706,0.3427885173710706
write_pair_calibrated_c1_b384,ab_rightcupcoming_infwhite_quezhen,625,4,0,4,True,False,True,0.22472692338765182,0.0
write_pair_calibrated_c1_b384,ab_rightcupcoming_infwhite_quezhen,632,0,1,0,False,False,True,0.0,0.9247474951879677
write_pair_calibrated_c1_b384,ab_rightcupcoming_infwhite_quezhen,694,0,1,0,False,False,True,0.7029647046101648,0.0
write_pair_calibrated_c1_b384,ab_rightcupcoming_infwhite_quezhen,695,0,1,0,False,False,True,0.0,0.7173803320994863
write_pair_calibrated_c1_b384,ab_rightcupcoming_infwhite_quezhen,700,0,1,0,False,False,True,0.907461596682219,0.0
write_pair_calibrated_c1_b384,ab_rightcupcoming_infwhite_quezhen,703,0,1,0,False,False,True,0.0,0.8499443085977836
write_pair_calibrated_c1_b384,ab_rightcupcoming_infwhite_quezhen,725,0,1,0,False,False,True,0.8074702468291411,0.0
write_pair_calibrated_c1_b384,ab_rightcupcoming_infwhite_quezhen,738,0,0,0,False,False,True,0.0,0.879578065082071
write_pair_calibrated_c1_b384,ab_rightcupcoming_infwhite_quezhen,793,0,0,0,False,False,True,0.7804705152048579,0.0
write_pair_calibrated_c1_b384,ab_rightcupcoming_infwhite_quezhen,1169,0,1,0,False,False,True,0.0,0.9263239835813935
write_pair_calibrated_c1_b384,ab_rightcupcoming_infwhite_quezhen,1173,0,1,0,False,False,True,0.9043965333195476,0.0
write_pair_calibrated_c1_b384,ab_rightcupcoming_infwhite_quezhen,1207,0,1,0,False,False,True,0.9162626269611064,0.009594196181655119
write_pair_calibrated_c1_b384,ab_rightcupcoming_infwhite_quezhen,1209,0,1,0,False,False,True,0.9155506218874867,0.006979085634744482
write_pair_calibrated_c1_b384,ab_rightcupcoming_infwhite_quezhen,1232,0,1,0,False,False,True,0.7350660679784529,0.0
write_pair_calibrated_c1_b384,ab_rightcupcoming_infwhite_quezhen,1247,0,0,0,False,False,True,0.8222862133816914,0.0
write_pair_calibrated_c1_b384,ab_rightcupcoming_infwhite_quezhen,1254,0,0,0,False,False,True,0.8780492285193542,0.012300210014293725
write_pair_calibrated_c1_b384,ab_rightcupcoming_infwhite_quezhen,1280,0,1,0,False,False,True,0.8882805062629062,0.0
write_pair_calibrated_c1_b384,ab_rightcupcoming_infwhite_quezhen,1358,0,0,2,True,False,True,0.0,0.0
write_pair_calibrated_c1_b384,ab_rightcupcoming_infwhite_quezhen,1360,0,1,0,False,False,True,0.0,0.9540895694453653
write_pair_calibrated_c1_b384,ab_rightcupcoming_infwhite_quezhen,1689,0,0,0,False,False,True,0.8586829951718498,0.5077541573017188
write_pair_calibrated_c1_b384,ab_rightcupcoming_infwhite_quezhen,1731,0,0,0,False,False,True,0.9267588391242704,0.08855191823846568
write_pair_calibrated_c1_b384,ab_rightcupcoming_infwhite_quezhen,1851,0,1,0,False,False,True,0.2742113015151484,0.8837701557877738
write_pair_calibrated_c1_b384,ab_rightcupcoming_infwhite_quezhen,2045,0,1,0,False,False,True,0.09803458468339138,0.5524316658439119
write_pair_calibrated_c1_b384,ab_rightcupcoming_infwhite_quezhen,2727,0,1,2,True,False,True,0.0,0.20539165170676432
write_pair_calibrated_c1_b384,ab_rightcupcoming_infwhite_quezhen,2757,0,1,0,False,False,True,0.4518309479528896,0.6751691906560127
write_pair_calibrated_c1_b384,ab_rightcupcoming_infwhite_quezhen,2759,0,1,0,False,False,True,0.5369405051368696,0.7043434112065324
write_pair_calibrated_c1_b384,ab_rightcupcoming_infwhite_quezhen,2886,0,1,0,False,False,True,0.9202539298087967,0.03756705639265389
write_pair_calibrated_c1_b384,ab_rightcupcoming_infwhite_quezhen,2903,0,1,0,False,False,True,0.0,0.7121988437849075
write_pair_calibrated_c1_b384,ab_rightcupcoming_infwhite_quezhen,2936,0,0,0,False,False,True,0.0,0.9062189418100454
write_pair_calibrated_c1_b384,ab_rightcupcoming_infwhite_quezhen,3432,0,1,0,False,False,True,0.6006979690117659,0.3082886884969486
write_pair_calibrated_c1_b384,ab_rightcupcoming_infwhite_quezhen,3552,0,0,2,True,False,True,0.0,0.0
write_pair_calibrated_c1_b384,ab_rightcupcoming_infwhite_quezhen,3562,0,1,0,False,False,True,0.0,0.8410585478064398
write_pair_calibrated_c1_b384,ab_rightcupcoming_infwhite_quezhen,3623,0,0,0,False,False,True,0.8591648341064395,0.004265463771115596
write_pair_calibrated_c1_b384,ab_rightcupcoming_infwhite_quezhen,3625,0,0,0,False,False,True,0.0,0.8412957380473933
write_pair_calibrated_c1_b384,ab_rightcupcoming_infwhite_quezhen,3933,0,0,4,True,False,True,0.050516036366389225,0.050516036366389225
write_pair_calibrated_c1_b384,ab_rightcupcoming_infwhite_quezhen,3935,0,1,0,False,False,True,0.0,0.0
write_pair_calibrated_c1_b384,ab_rightcupcoming_infwhite_quezhen,4072,0,0,0,False,False,True,0.0,0.8033220104243463
write_pair_calibrated_c1_b384,ab_rightcupcoming_infwhite_quezhen,4158,0,1,0,False,False,True,0.9300546713184022,0.0
write_pair_calibrated_c1_b384,ab_rightcupcoming_infwhite_quezhen,4167,0,1,0,False,False,True,0.0,0.9103100247898883
write_pair_calibrated_c1_b384,ab_rightcupcoming_infwhite_quezhen,4278,0,1,0,False,False,True,0.8050414752359429,0.16676535948141202
write_pair_calibrated_c1_b384,ab_rightcupcoming_infwhite_quezhen,4279,0,0,0,False,False,True,0.13654215620694007,0.8413724414826028
write_pair_calibrated_c1_b384,ab_rightcupcoming_infwhite_quezhen,4281,0,0,4,True,False,True,0.5927926225312583,0.5927926225312583
write_pair_calibrated_c1_b384,ab_rightcupcoming_infwhite_quezhen,4333,0,0,0,False,False,True,0.0,0.8488197467470636
write_pair_calibrated_c1_b384,ab_rightcupcoming_infwhite_quezhen,4343,0,1,0,False,False,True,0.8756741007522321,0.0
write_pair_calibrated_c1_b384,ab_rightcupcoming_infwhite_quezhen,4346,0,0,0,False,False,True,0.0,0.7863035695702754
write_pair_calibrated_c1_b384,ab_rightcupcoming_infwhite_quezhen,4526,0,1,2,True,False,True,0.9005768488986822,0.0
write_pair_calibrated_c1_b384,ab_rightcupcoming_infwhite_quezhen,4539,0,1,0,False,False,True,0.0,0.8077831301355923
write_pair_calibrated_c1_b384,ab_rightcupcoming_infwhite_quezhen,4540,5,0,5,True,True,True,0.8688515114763969,0.7787606377028254
write_pair_calibrated_c1_b384,ab_rightcupcoming_infwhite_quezhen,4862,0,0,0,False,False,True,0.020310757902001497,0.8700427474568052
write_pair_calibrated_c1_b384,ab_rightcupcoming_infwhite_quezhen,4950,0,1,0,False,False,True,0.0473442415777392,0.9057028644349803
write_pair_calibrated_c1_b384,ab_rightcupcoming_infwhite_quezhen,5363,0,1,0,False,False,True,0.03487849095878066,0.2268198712183945
write_pair_calibrated_c1_b384,ab_rightcupcoming_infwhite_quezhen,6171,0,0,2,True,False,True,0.31692408328924304,0.31692408328924304
write_pair_calibrated_c1_b384,ab_rightcupcoming_infwhite_quezhen,6172,0,0,4,True,False,True,0.20670722387030557,0.20670722387030557
write_pair_calibrated_c1_b384,ab_rightcupcoming_infwhite_quezhen,6173,0,0,4,True,False,True,0.3158090179335588,0.3158090179335588
write_pair_calibrated_c1_b384,ab_rightcupcoming_infwhite_quezhen,6174,0,0,4,True,False,True,0.30005266452649154,0.30005266452649154
write_pair_calibrated_c1_b384,ab_rightcupcoming_infwhite_quezhen,6175,0,0,4,True,False,True,0.3297081580688693,0.3297081580688693
write_pair_calibrated_c1_b384,ab_rightcupcoming_infwhite_quezhen,6176,0,0,4,True,False,True,0.19222952962674997,0.19222952962674997
write_pair_calibrated_c1_b384,ab_rightcupcoming_infwhite_quezhen,6177,0,0,4,True,False,True,0.21726325660414922,0.21726325660414922
write_pair_calibrated_c1_b384,ab_rightcupcoming_infwhite_quezhen,6178,0,0,4,True,False,True,0.197879311980727,0.197879311980727
write_pair_calibrated_c1_b384,ab_rightcupcoming_infwhite_quezhen,6179,0,0,4,True,False,True,0.1385737427138375,0.1385737427138375
write_pair_calibrated_c1_b384,ab_rightcupcoming_infwhite_quezhen,6180,4,1,4,True,False,True,0.176452676501351,0.19237538302453713
write_pair_calibrated_c1_b384,ab_rightcupcoming_infwhite_quezhen,6181,4,3,4,True,False,True,0.15454756972328432,0.18284967998033416
write_pair_calibrated_c1_b384,ab_rightcupcoming_infwhite_quezhen,6182,4,2,4,True,False,True,0.23605394672705562,0.19868473690522104
write_pair_calibrated_c1_b384,ab_rightcupcoming_infwhite_quezhen,6183,0,1,0,False,False,True,0.3833974548777786,0.352757520660449
write_pair_calibrated_c1_b384,ab_rightcupcoming_infwhite_quezhen,6184,0,0,2,True,False,True,0.2328256327700501,0.2328256327700501
write_pair_calibrated_c1_b384,ab_rightcupcoming_infwhite_quezhen,6185,0,0,4,True,False,True,0.24497163131202865,0.24497163131202865
write_pair_calibrated_c1_b384,ab_rightcupcoming_infwhite_quezhen,6186,0,0,4,True,False,True,0.13443910582884194,0.13443910582884194
write_pair_calibrated_c1_b384,ab_rightcupcoming_infwhite_quezhen,6187,0,0,4,True,False,True,0.09129831947920718,0.09129831947920718
write_pair_calibrated_c1_b384,ab_rightcupcoming_infwhite_quezhen,6188,0,0,4,True,False,True,0.021548706445900487,0.021548706445900487
write_pair_calibrated_c1_b384,ab_rightcupcoming_infwhite_quezhen,6189,0,0,4,True,False,True,0.01491918965606591,0.01491918965606591
write_pair_calibrated_c1_b384,ab_rightcupcoming_infwhite_quezhen,6190,0,0,4,True,False,True,0.0,0.0
write_pair_calibrated_c1_b384,ab_rightcupcoming_infwhite_quezhen,6191,0,0,4,True,False,True,0.0012578443247294308,0.0012578443247294308
write_pair_calibrated_c1_b384,ab_rightcupcoming_infwhite_quezhen,6192,4,2,4,True,False,True,0.011086568283393246,0.0
write_pair_calibrated_c1_b384,ab_rightcupcoming_infwhite_quezhen,6193,0,1,4,True,False,True,0.1607304468754367,0.4367937926771799
write_pair_calibrated_c1_b384,ab_rightcupcoming_infwhite_quezhen,6194,0,0,4,True,False,True,0.3888875567314411,0.3888875567314411
write_pair_calibrated_c1_b384,ab_rightcupcoming_infwhite_quezhen,6195,0,0,4,True,False,True,0.3392613593571788,0.3392613593571788
write_pair_calibrated_c1_b384,ab_rightcupcoming_infwhite_quezhen,6196,0,0,4,True,False,True,0.7872559531228525,0.7872559531228525
write_pair_calibrated_c1_b384,ab_rightcupcoming_infwhite_quezhen,6675,0,1,0,False,False,True,0.9439375260047917,0.0
write_pair_calibrated_c1_b384,basketball,5,4,3,4,True,False,True,0.0,0.4850775600125156
write_pair_calibrated_c1_b384,basketball,11,0,1,4,True,False,True,0.0,0.0
write_pair_calibrated_c1_b384,basketball,12,0,1,0,False,False,True,0.24106787042581757,0.38836338560976635
write_pair_calibrated_c1_b384,basketball,17,0,0,4,True,False,True,0.0,0.0
write_pair_calibrated_c1_b384,basketball,23,4,2,4,True,False,True,0.0,0.12514227645654807
write_pair_calibrated_c1_b384,basketball,24,0,1,4,True,False,True,0.0,0.32681751824669986
write_pair_calibrated_c1_b384,basketball,30,0,2,4,True,False,True,0.0,0.08039832421538502
write_pair_calibrated_c1_b384,basketball,32,0,1,0,False,False,True,0.0,0.5458684698131491
write_pair_calibrated_c1_b384,basketball,36,0,1,4,True,False,True,0.0,0.46280560707082835
write_pair_calibrated_c1_b384,basketball,37,0,0,4,True,False,True,0.0,0.0
write_pair_calibrated_c1_b384,basketball,43,0,2,4,True,False,True,0.0,0.0
write_pair_calibrated_c1_b384,basketball,44,2,0,2,True,False,True,0.0,0.0
write_pair_calibrated_c1_b384,basketball,45,0,1,4,True,False,True,0.0,0.0
write_pair_calibrated_c1_b384,basketball,46,0,0,1,True,False,True,0.0,0.6216953411271944
write_pair_calibrated_c1_b384,basketball,50,4,2,4,True,False,True,0.0,0.0
write_pair_calibrated_c1_b384,basketball,55,0,1,4,True,False,True,0.0,0.5116931070343465
write_pair_calibrated_c1_b384,basketball,62,0,1,4,True,False,True,0.0,0.38308344255879345
write_pair_calibrated_c1_b384,basketball,68,0,1,4,True,False,True,0.0,0.26180585295650294
write_pair_calibrated_c1_b384,basketball,75,0,1,4,True,False,True,0.0,0.3944990327479177
write_pair_calibrated_c1_b384,basketball,81,4,2,4,True,False,True,0.0,0.0
write_pair_calibrated_c1_b384,basketball,94,0,2,4,True,False,True,0.0,0.11595353669133725
write_pair_calibrated_c1_b384,basketball,151,0,3,4,True,False,True,0.022824633888721246,0.0
write_pair_calibrated_c1_b384,basketball,152,4,0,4,True,False,True,0.0,0.0
write_pair_calibrated_c1_b384,basketball,154,0,0,4,True,False,True,0.0,0.0
write_pair_calibrated_c1_b384,basketball,163,0,1,2,True,False,True,0.0,0.0
write_pair_calibrated_c1_b384,basketball,164,2,4,2,True,False,True,0.0,0.22134859450080685
write_pair_calibrated_c1_b384,basketball,165,0,0,2,True,False,True,0.21906472868950533,0.21906472868950533
write_pair_calibrated_c1_b384,basketball,166,0,0,4,True,False,True,0.27800853363182737,0.27800853363182737
write_pair_calibrated_c1_b384,basketball,167,0,0,4,True,False,True,0.2339346348201001,0.2339346348201001
write_pair_calibrated_c1_b384,basketball,168,4,4,4,True,False,True,0.2720928139815083,0.0
write_pair_calibrated_c1_b384,basketball,169,2,1,2,True,False,True,0.11457162155822527,0.07620678469766157
write_pair_calibrated_c1_b384,basketball,170,0,0,4,True,False,True,0.20788979964136187,0.20788979964136187
write_pair_calibrated_c1_b384,basketball,171,0,0,2,True,False,True,0.2730149734248733,0.2730149734248733
write_pair_calibrated_c1_b384,basketball,172,0,2,4,True,False,True,0.0,0.42561349183801445
write_pair_calibrated_c1_b384,basketball,173,0,0,4,False,False,True,0.4057051616497171,0.4057051616497171
write_pair_calibrated_c1_b384,basketball,174,0,1,2,True,False,True,0.25883883597377244,0.0
write_pair_calibrated_c1_b384,basketballshooting,7,0,0,2,True,False,True,0.7512615678456991,0.7512615678456991
write_pair_calibrated_c1_b384,basketballshooting,8,0,0,2,True,False,True,0.7449723224315323,0.7449723224315323
write_pair_calibrated_c1_b384,basketballshooting,44,0,0,4,True,False,True,0.40702487850588503,0.40702487850588503
write_pair_calibrated_c1_b384,basketballshooting,48,0,0,4,True,False,True,0.5235949368216151,0.5235949368216151
write_pair_calibrated_c1_b384,basketballshooting,49,0,0,4,True,False,True,0.32671692252593737,0.32671692252593737
write_pair_calibrated_c1_b384,basketballshooting,50,0,1,4,True,False,True,0.029369160625948153,0.3244577877331871
write_pair_calibrated_c1_b384,basketballshooting,51,0,0,4,True,False,True,0.4776685319122528,0.4776685319122528
write_pair_calibrated_c1_b384,basketballshooting,52,0,0,4,True,False,True,0.5271371003881036,0.5271371003881036
write_pair_calibrated_c1_b384,basketballshooting,53,0,0,4,True,False,True,0.23283440016580859,0.23283440016580859
write_pair_calibrated_c1_b384,basketballshooting,54,0,0,4,True,False,True,0.0,0.0
write_pair_calibrated_c1_b384,basketballshooting,55,0,2,0,False,False,True,0.0,0.6852710699897515
write_pair_calibrated_c1_b384,basketballshooting,56,0,0,4,True,False,True,0.23186118779865625,0.23186118779865625
write_pair_calibrated_c1_b384,basketballshooting,57,0,2,4,True,False,True,0.3050828929377878,0.0
write_pair_calibrated_c1_b384,basketballshooting,58,0,1,0,False,False,True,0.03510732179281686,0.12342716588210909
write_pair_calibrated_c1_b384,basketballshooting,60,0,0,2,True,False,True,0.3374324041508985,0.3374324041508985
write_pair_calibrated_c1_b384,basketballshooting,63,2,3,2,True,False,True,0.5096114430896622,0.0
write_pair_calibrated_c1_b384,basketballshooting,68,2,1,2,True,False,True,0.0,0.0
write_pair_calibrated_c1_b384,basketballshooting,80,0,1,0,False,False,True,0.0,0.3893484395031459
write_pair_calibrated_c1_b384,basketballshooting,83,0,0,4,True,False,True,0.5897391421424938,0.5897391421424938
write_pair_calibrated_c1_b384,basketballshooting,84,0,0,4,True,False,True,0.2451109630419362,0.2451109630419362
write_pair_calibrated_c1_b384,basketballshooting,85,0,1,4,True,False,True,0.41762527711742853,0.4641915663903597
write_pair_calibrated_c1_b384,basketballshooting,86,0,0,4,True,False,True,0.4554793456068272,0.4554793456068272
write_pair_calibrated_c1_b384,basketballshooting,87,0,0,4,True,False,True,0.4153073294709181,0.4153073294709181
write_pair_calibrated_c1_b384,basketballshooting,88,0,0,4,True,False,True,0.0,0.0
write_pair_calibrated_c1_b384,bikecoming,38,0,0,4,True,False,True,0.39358492539680556,0.39358492539680556
write_pair_calibrated_c1_b384,bikecoming,39,0,0,2,True,False,True,0.3982729849579624,0.3982729849579624
write_pair_calibrated_c1_b384,bikecoming,48,0,0,2,True,False,True,0.44196916887797916,0.44196916887797916
write_pair_calibrated_c1_b384,bikecoming,49,0,0,4,True,False,True,0.39089529735091627,0.39089529735091627
write_pair_calibrated_c1_b384,bikecoming,50,0,0,4,True,False,True,0.37593025350764037,0.37593025350764037
write_pair_calibrated_c1_b384,bikecoming,51,0,0,4,True,False,True,0.399044703077693,0.399044703077693
write_pair_calibrated_c1_b384,bikecoming,52,0,0,4,True,False,True,0.39969396313884614,0.39969396313884614
write_pair_calibrated_c1_b384,bikecoming,53,0,0,4,True,False,True,0.41490856575263674,0.41490856575263674
write_pair_calibrated_c1_b384,bikecoming,54,0,0,4,True,False,True,0.29395005129634955,0.29395005129634955
write_pair_calibrated_c1_b384,bikecoming,55,0,0,2,True,False,True,0.3224812618675671,0.3224812618675671
write_pair_calibrated_c1_b384,bikecoming,56,0,0,4,True,False,True,0.2708584023130145,0.2708584023130145
write_pair_calibrated_c1_b384,bikecoming,57,0,0,2,True,False,True,0.32888336746740626,0.32888336746740626
write_pair_calibrated_c1_b384,bikecoming,58,0,0,4,True,False,True,0.39118060793483966,0.39118060793483966
write_pair_calibrated_c1_b384,bikecoming,59,0,0,4,True,False,True,0.2971360244749583,0.2971360244749583
write_pair_calibrated_c1_b384,bikecoming,60,0,0,4,True,False,True,0.36905354288952225,0.36905354288952225
write_pair_calibrated_c1_b384,bikecoming,61,0,0,2,True,False,True,0.19958196789713795,0.19958196789713795
write_pair_calibrated_c1_b384,bikecoming,62,0,0,4,True,False,True,0.21771758380589476,0.21771758380589476
write_pair_calibrated_c1_b384,bikecoming,63,4,4,4,True,False,True,0.2974308162240306,0.0
write_pair_calibrated_c1_b384,bikecoming,64,4,2,4,True,False,True,0.15104926239585495,0.0
write_pair_calibrated_c1_b384,bikecoming,65,0,0,4,True,False,True,0.0,0.0
write_pair_calibrated_c1_b384,bikecoming,66,4,3,4,True,False,True,0.0,0.0
write_pair_calibrated_c1_b384,bikecoming,67,4,4,4,True,False,True,0.0,0.0
write_pair_calibrated_c1_b384,bikecoming,68,0,0,4,True,False,True,0.0,0.0
write_pair_calibrated_c1_b384,bikecoming,69,0,0,4,True,False,True,0.0,0.0
write_pair_calibrated_c1_b384,bikecoming,70,0,0,4,True,False,True,0.0,0.0
write_pair_calibrated_c1_b384,bikecoming,71,0,0,4,True,False,True,0.0,0.0
write_pair_calibrated_c1_b384,bikecoming,72,0,0,4,True,False,True,0.0,0.0
write_pair_calibrated_c1_b384,bikecoming,73,0,0,4,True,False,True,0.0,0.0
write_pair_calibrated_c1_b384,bikecoming,74,4,3,4,True,False,True,0.0,0.0
write_pair_calibrated_c1_b384,bikecoming,75,0,0,4,True,False,True,0.0,0.0
write_pair_calibrated_c1_b384,bikecoming,76,0,0,4,True,False,True,0.0,0.0
write_pair_calibrated_c1_b384,bikecoming,78,0,0,2,True,False,True,0.0,0.0
write_pair_calibrated_c1_b384,bikecoming,80,4,4,4,True,False,True,0.0,0.0
write_pair_calibrated_c1_b384,bikecoming,81,0,0,4,True,False,True,0.0,0.0
write_pair_calibrated_c1_b384,bikecoming,82,0,0,4,True,False,True,0.0,0.0
write_pair_calibrated_c1_b384,bikecoming,83,0,0,4,True,False,True,0.0,0.0
write_pair_calibrated_c1_b384,bikecoming,84,0,0,2,True,False,True,0.0,0.0
write_pair_calibrated_c1_b384,bikecoming,86,4,1,4,True,False,True,0.0,0.0
write_pair_calibrated_c1_b384,bikecoming,87,0,0,4,True,False,True,0.0,0.0
write_pair_calibrated_c1_b384,bikecoming,88,0,0,2,True,False,True,0.0,0.0
write_pair_calibrated_c1_b384,bikecoming,90,0,0,4,True,False,True,0.0,0.0
write_pair_calibrated_c1_b384,bikecoming,91,0,0,4,True,False,True,0.0,0.0
write_pair_calibrated_c1_b384,bikecoming,92,0,0,4,True,False,True,0.0,0.0
write_pair_calibrated_c1_b384,bikecoming,93,0,0,4,True,False,True,0.0,0.0
write_pair_calibrated_c1_b384,bikecoming,94,0,0,4,True,False,True,0.0,0.0
write_pair_calibrated_c1_b384,bikecoming,95,0,0,4,True,False,True,0.0,0.0
write_pair_calibrated_c1_b384,bikecoming,97,0,0,4,True,False,True,0.0,0.0
write_pair_calibrated_c1_b384,bikecoming,98,0,0,4,True,False,True,0.0,0.0
write_pair_calibrated_c1_b384,bikecoming,99,0,0,4,True,False,True,0.0,0.0
write_pair_calibrated_c1_b384,bikecoming,101,4,0,4,True,False,True,0.0,0.0
write_pair_calibrated_c1_b384,bikecoming,103,0,0,4,True,False,True,0.0,0.0
write_pair_calibrated_c1_b384,bikecoming,104,0,0,2,True,False,True,0.0,0.0
write_pair_calibrated_c1_b384,bikecoming,105,0,0,4,True,False,True,0.0,0.0
write_pair_calibrated_c1_b384,bikecoming,106,0,0,4,True,False,True,0.0,0.0
write_pair_calibrated_c1_b384,bikecoming,107,0,0,4,True,False,True,0.0,0.0
write_pair_calibrated_c1_b384,bikecoming,110,0,1,4,True,False,True,0.0,0.0
write_pair_calibrated_c1_b384,bikecoming,111,0,0,2,True,False,True,0.0,0.0
write_pair_calibrated_c1_b384,bikecoming,113,0,0,4,True,False,True,0.0,0.0
write_pair_calibrated_c1_b384,bikecoming,114,0,0,4,True,False,True,0.0,0.0
write_pair_calibrated_c1_b384,bikecoming,116,4,0,4,True,False,True,0.0,0.0
write_pair_calibrated_c1_b384,bikecoming,118,0,0,4,True,False,True,0.0,0.0
write_pair_calibrated_c1_b384,bikecoming,119,0,0,4,True,False,True,0.0,0.0
write_pair_calibrated_c1_b384,bikecoming,120,4,0,4,True,False,True,0.0,0.0
write_pair_calibrated_c1_b384,bikecoming,121,0,0,4,True,False,True,0.0,0.0
write_pair_calibrated_c1_b384,bikecoming,122,2,2,2,True,False,True,0.0,0.0
write_pair_calibrated_c1_b384,bikecoming,123,0,0,4,True,False,True,0.0,0.0
write_pair_calibrated_c1_b384,bikecoming,124,4,2,4,True,False,True,0.0,0.0
write_pair_calibrated_c1_b384,bikecoming,126,4,0,4,True,False,True,0.0,0.0
write_pair_calibrated_c1_b384,bikecoming,128,0,0,4,True,False,True,0.0,0.0
write_pair_calibrated_c1_b384,bikecoming,129,0,0,4,True,False,True,0.0,0.0
write_pair_calibrated_c1_b384,bikecoming,130,0,0,4,True,False,True,0.0,0.0
write_pair_calibrated_c1_b384,bikecoming,131,0,0,4,True,False,True,0.0,0.0
write_pair_calibrated_c1_b384,bikecoming,132,0,0,2,True,False,True,0.0,0.0
write_pair_calibrated_c1_b384,bikecoming,133,0,0,4,True,False,True,0.0,0.0
write_pair_calibrated_c1_b384,bikecoming,136,0,0,4,True,False,True,0.0,0.0
write_pair_calibrated_c1_b384,bikecoming,137,0,0,4,True,False,True,0.0,0.0
write_pair_calibrated_c1_b384,bikecoming,138,0,0,4,True,False,True,0.0,0.0
write_pair_calibrated_c1_b384,bikecoming,139,0,0,4,True,False,True,0.0,0.0
write_pair_calibrated_c1_b384,bikecoming,140,0,0,4,True,False,True,0.0,0.0
write_pair_calibrated_c1_b384,bikecoming,141,0,0,4,True,False,True,0.0,0.0
write_pair_calibrated_c1_b384,bikecoming,142,0,0,4,True,False,True,0.0,0.0
write_pair_calibrated_c1_b384,bikecoming,145,0,0,4,True,False,True,0.0,0.0
write_pair_calibrated_c1_b384,bikecoming,146,0,0,4,True,False,True,0.0,0.0
write_pair_calibrated_c1_b384,bikecoming,148,0,0,4,True,False,True,0.0,0.0
write_pair_calibrated_c1_b384,bikecoming,150,0,0,4,True,False,True,0.0,0.0
write_pair_calibrated_c1_b384,bikecoming,152,0,0,4,True,False,True,0.0,0.0
write_pair_calibrated_c1_b384,bikecoming,153,0,0,4,True,False,True,0.0,0.0
write_pair_calibrated_c1_b384,bikecoming,154,0,0,4,True,False,True,0.0,0.0
write_pair_calibrated_c1_b384,bikecoming,155,0,0,4,True,False,True,0.0,0.0
write_pair_calibrated_c1_b384,bikecoming,156,0,0,4,True,False,True,0.0,0.0
write_pair_calibrated_c1_b384,bikecoming,157,0,0,4,True,False,True,0.0,0.0
write_pair_calibrated_c1_b384,bikecoming,160,0,0,4,True,False,True,0.0,0.0
write_pair_calibrated_c1_b384,bikecoming,161,0,0,2,True,False,True,0.0,0.0
write_pair_calibrated_c1_b384,bikecoming,166,0,0,4,True,False,True,0.0,0.0
write_pair_calibrated_c1_b384,bikecoming,169,0,0,4,True,False,True,0.0,0.0
write_pair_calibrated_c1_b384,bikecoming,171,0,0,4,True,False,True,0.0,0.0
write_pair_calibrated_c1_b384,bikecoming,172,0,0,4,True,False,True,0.0,0.0
write_pair_calibrated_c1_b384,bikecoming,173,0,0,4,True,False,True,0.0,0.0
write_pair_calibrated_c1_b384,bikecoming,175,4,2,4,True,False,True,0.0,0.0
write_pair_calibrated_c1_b384,bikecoming,176,0,0,4,True,False,True,0.0,0.0
write_pair_calibrated_c1_b384,bikecoming,177,0,0,2,True,False,True,0.0,0.0
write_pair_calibrated_c1_b384,bikecoming,178,0,0,4,True,False,True,0.0,0.0
write_pair_calibrated_c1_b384,bikecoming,180,4,0,4,True,False,True,0.0,0.0
write_pair_calibrated_c1_b384,bikecoming,181,0,0,4,True,False,True,0.0,0.0
write_pair_calibrated_c1_b384,bikecoming,184,0,0,4,True,False,True,0.0,0.0
write_pair_calibrated_c1_b384,bikecoming,185,0,0,4,True,False,True,0.0,0.0
write_pair_calibrated_c1_b384,bikecoming,187,0,0,4,True,False,True,0.0,0.0
write_pair_calibrated_c1_b384,bikecoming,189,0,0,4,True,False,True,0.0,0.0
write_pair_calibrated_c1_b384,bikecoming,190,0,0,4,True,False,True,0.0,0.0
write_pair_calibrated_c1_b384,bikecoming,192,0,0,4,True,False,True,0.0,0.0
write_pair_calibrated_c1_b384,bikecoming,193,0,0,4,True,False,True,0.0,0.0
write_pair_calibrated_c1_b384,bikecoming,194,0,0,4,True,False,True,0.0,0.0
write_pair_calibrated_c1_b384,bikecoming,197,0,0,4,True,False,True,0.0,0.0
write_pair_calibrated_c1_b384,bikecoming,200,0,0,4,True,False,True,0.0,0.0
write_pair_calibrated_c1_b384,bikecoming,201,4,1,4,True,False,True,0.0,0.0
write_pair_calibrated_c1_b384,bikecoming,202,0,1,4,True,False,True,0.0,0.0
write_pair_calibrated_c1_b384,bikecoming,204,0,0,4,True,False,True,0.0,0.0
write_pair_calibrated_c1_b384,bikecoming,205,0,0,4,True,False,True,0.0,0.0
write_pair_calibrated_c1_b384,bikecoming,206,0,0,4,True,False,True,0.0,0.0
write_pair_calibrated_c1_b384,bikecoming,208,0,0,4,True,False,True,0.0,0.0
write_pair_calibrated_c1_b384,bikecoming,209,4,0,4,True,False,True,0.0,0.0
write_pair_calibrated_c1_b384,bikecoming,211,0,0,4,True,False,True,0.0,0.0
write_pair_calibrated_c1_b384,bikecoming,212,4,0,4,True,False,True,0.0,0.0
write_pair_calibrated_c1_b384,bikecoming,213,0,1,4,True,False,True,0.0,0.0
write_pair_calibrated_c1_b384,bikecoming,215,0,0,4,True,False,True,0.0,0.0
write_pair_calibrated_c1_b384,bikecoming,216,0,0,4,True,False,True,0.0,0.0
write_pair_calibrated_c1_b384,bikecoming,217,0,0,4,True,False,True,0.0,0.0
write_pair_calibrated_c1_b384,bikecoming,219,0,1,4,True,False,True,0.0,0.0
write_pair_calibrated_c1_b384,bikecoming,221,0,0,4,True,False,True,0.0,0.0
write_pair_calibrated_c1_b384,bikecoming,222,0,0,4,True,False,True,0.0,0.0
write_pair_calibrated_c1_b384,bikecoming,223,0,0,2,True,False,True,0.0,0.0
write_pair_calibrated_c1_b384,bikecoming,224,0,0,4,True,False,True,0.0,0.0
write_pair_calibrated_c1_b384,bikecoming,225,0,0,4,True,False,True,0.0,0.0
write_pair_calibrated_c1_b384,bikecoming,226,0,0,4,True,False,True,0.0,0.0
write_pair_calibrated_c1_b384,bikecoming,227,0,0,4,True,False,True,0.0,0.0
write_pair_calibrated_c1_b384,bikecoming,228,4,0,4,True,False,True,0.0,0.0
write_pair_calibrated_c1_b384,bikecoming,230,0,0,4,True,False,True,0.0,0.0
write_pair_calibrated_c1_b384,bikecoming,231,0,0,4,True,False,True,0.0,0.0
write_pair_calibrated_c1_b384,bikecoming,232,0,0,4,True,False,True,0.0,0.0
write_pair_calibrated_c1_b384,bikecoming,233,4,3,4,True,False,True,0.0,0.0
write_pair_calibrated_c1_b384,bikecoming,234,4,2,4,True,False,True,0.0,0.0
write_pair_calibrated_c1_b384,bikecoming,235,0,2,5,True,False,True,0.0,0.0
write_pair_calibrated_c1_b384,bikecoming,238,0,0,4,True,False,True,0.0,0.0
write_pair_calibrated_c1_b384,bikecoming,240,0,0,4,True,False,True,0.0,0.0
write_pair_calibrated_c1_b384,bikecoming,244,0,0,4,True,False,True,0.0,0.0
write_pair_calibrated_c1_b384,bikecoming,245,0,0,4,True,False,True,0.0,0.0
write_pair_calibrated_c1_b384,bikecoming,248,0,0,4,True,False,True,0.0,0.0
write_pair_calibrated_c1_b384,bikecoming,249,0,0,4,True,False,True,0.0,0.0
write_pair_calibrated_c1_b384,bikecoming,250,0,0,4,True,False,True,0.0,0.0
write_pair_calibrated_c1_b384,bikecoming,252,0,0,4,True,False,True,0.0,0.0
write_pair_calibrated_c1_b384,bikecoming,253,0,0,4,True,False,True,0.0,0.0
write_pair_calibrated_c1_b384,bikecoming,254,0,0,4,True,False,True,0.0,0.0
write_pair_calibrated_c1_b384,bikecoming,255,0,0,4,True,False,True,0.0,0.0
write_pair_calibrated_c1_b384,bikecoming,256,0,0,4,True,False,True,0.0,0.0
write_pair_calibrated_c1_b384,bikecoming,258,0,0,4,True,False,True,0.0,0.0
write_pair_calibrated_c1_b384,bikecoming,259,0,0,4,True,False,True,0.0,0.0
write_pair_calibrated_c1_b384,bikecoming,260,0,0,4,True,False,True,0.0,0.0
write_pair_calibrated_c1_b384,bikecoming,261,0,0,4,True,False,True,0.0,0.0
write_pair_calibrated_c1_b384,bikecoming,262,4,2,4,True,False,True,0.0,0.0
write_pair_calibrated_c1_b384,bikecoming,263,0,0,4,True,False,True,0.0,0.0
write_pair_calibrated_c1_b384,bikecoming,264,0,0,4,True,False,True,0.0,0.0
write_pair_calibrated_c1_b384,bikecoming,267,4,0,4,True,False,True,0.0,0.0
write_pair_calibrated_c1_b384,bikecoming,268,0,0,4,True,False,True,0.0,0.0
write_pair_calibrated_c1_b384,bikecoming,269,0,1,0,False,False,True,0.0,0.0
write_pair_calibrated_c1_b384,bikecoming,270,0,0,4,True,False,True,0.0,0.0
write_pair_calibrated_c1_b384,bikecoming,271,0,0,4,True,False,True,0.0,0.0
write_pair_calibrated_c1_b384,bikecoming,272,0,0,2,True,False,True,0.0,0.0
write_pair_calibrated_c1_b384,bikecoming,273,0,0,4,True,False,True,0.0,0.0
write_pair_calibrated_c1_b384,bikecoming,274,0,0,4,True,False,True,0.0,0.0
write_pair_calibrated_c1_b384,bikecoming,276,0,0,4,True,False,True,0.0,0.0
write_pair_calibrated_c1_b384,bikecoming,277,0,0,4,True,False,True,0.0,0.0
write_pair_calibrated_c1_b384,bikecoming,278,0,0,4,True,False,True,0.0,0.0
write_pair_calibrated_c1_b384,bikecoming,279,4,2,4,True,False,True,0.0,0.0
write_pair_calibrated_c1_b384,bikecoming,282,4,0,4,True,False,True,0.0,0.0
write_pair_calibrated_c1_b384,bikecoming,283,0,0,4,True,False,True,0.0,0.0
write_pair_calibrated_c1_b384,bikecoming,284,0,0,4,True,False,True,0.0,0.0
write_pair_calibrated_c1_b384,bikecoming,285,4,0,4,True,False,True,0.0,0.0
write_pair_calibrated_c1_b384,bikecoming,286,0,0,4,True,False,True,0.0,0.0
write_pair_calibrated_c1_b384,bikecoming,287,0,0,4,True,False,True,0.0,0.0
write_pair_calibrated_c1_b384,bikecoming,288,0,0,4,True,False,True,0.0,0.0
write_pair_calibrated_c1_b384,bikecoming,289,0,0,4,True,False,True,0.0,0.0
write_pair_calibrated_c1_b384,bikecoming,290,4,1,4,True,False,True,0.0,0.0
write_pair_calibrated_c1_b384,bikecoming,291,4,1,4,True,False,True,0.0,0.0
write_pair_calibrated_c1_b384,bikecoming,292,0,0,4,True,False,True,0.0,0.0
write_pair_calibrated_c1_b384,bikecoming,293,0,0,4,True,False,True,0.0,0.0
write_pair_calibrated_c1_b384,bikecoming,294,0,0,4,True,False,True,0.0,0.0
write_pair_calibrated_c1_b384,bikecoming,295,0,0,4,True,False,True,0.0,0.0
write_pair_calibrated_c1_b384,bikecoming,296,0,1,0,False,False,True,0.0,0.0
write_pair_calibrated_c1_b384,bikecoming,297,0,1,4,True,False,True,0.0,0.0
write_pair_calibrated_c1_b384,bikecoming,298,0,0,4,True,False,True,0.0,0.0
write_pair_calibrated_c1_b384,bikecoming,299,0,0,4,True,False,True,0.0,0.0
write_pair_calibrated_c1_b384,bikecoming,301,0,0,4,True,False,True,0.0,0.0
write_pair_calibrated_c1_b384,bikecoming,303,2,2,2,True,False,True,0.0,0.16908617863409178
write_pair_calibrated_c1_b384,bikecoming,304,0,0,4,True,False,True,0.42494106408644733,0.42494106408644733
write_pair_calibrated_c1_b384,blackboy256,235,4,0,4,True,False,True,0.3888114126857119,0.0
write_pair_calibrated_c1_b384,blackboy256,236,0,0,4,True,False,True,0.0,0.0
write_pair_calibrated_c1_b384,blackboy256,238,0,0,4,True,False,True,0.0,0.0
write_pair_calibrated_c1_b384,blackboy256,241,0,0,4,True,False,True,0.0,0.0
write_pair_calibrated_c1_b384,blackboy256,242,0,0,4,True,False,True,0.0,0.0
write_pair_calibrated_c1_b384,blackboy256,247,4,0,4,True,False,True,0.0,0.0
write_pair_calibrated_c1_b384,blackboy256,253,0,0,4,True,False,True,0.0,0.0
write_pair_calibrated_c1_b384,blackboy256,255,0,0,2,True,False,True,0.0,0.0
write_pair_calibrated_c1_b384,blackman_0115,242,0,0,2,True,False,True,0.614293543857508,0.614293543857508
write_pair_calibrated_c1_b384,blackman_0115,246,0,0,2,True,False,True,0.5820944991597813,0.5820944991597813
write_pair_calibrated_c1_b384,blackman_0115,269,0,0,2,True,False,True,0.7674106469778301,0.7674106469778301
write_pair_calibrated_c1_b384,blackman_0115,272,4,2,4,True,False,True,0.49422678283412025,0.027816552041929263
write_pair_calibrated_c1_b384,blackman_0115,273,4,0,4,True,False,True,0.0,0.0
write_pair_calibrated_c1_b384,blackman_0115,274,0,1,4,True,False,True,0.0,0.0
write_pair_calibrated_c1_b384,blackman_0115,275,0,0,4,True,False,True,0.0,0.0
write_pair_calibrated_c1_b384,blackman_0115,276,0,0,4,True,False,True,0.0,0.0
write_pair_calibrated_c1_b384,blackman_0115,277,0,0,4,True,False,True,0.0,0.4879336712165545
write_pair_calibrated_c1_b384,blkboywithumbrella,414,0,1,4,True,False,True,0.5555653662873501,0.0
write_pair_calibrated_c1_b384,blkboywithumbrella,416,0,0,4,True,False,True,0.550138998768922,0.550138998768922
write_pair_calibrated_c1_b384,blkboywithumbrella,428,0,0,4,True,False,True,0.539001614478075,0.539001614478075
write_pair_calibrated_c1_b384,blkboywithumbrella,429,0,1,4,True,False,True,0.5037238376433848,0.019152969345004205
write_pair_calibrated_c1_b384,blkboywithumbrella,432,0,0,0,False,False,True,0.0,0.6724042706669656
write_pair_calibrated_c1_b384,blkboywithumbrella,447,4,0,4,True,False,True,0.46115029197562457,0.0014609282242082269
write_pair_calibrated_c1_b384,boybackpack,31,0,1,0,False,False,True,0.0,0.6785255656178161
write_pair_calibrated_c1_b384,boybackpack,42,0,2,0,False,False,True,0.5049269990960946,0.0
write_pair_calibrated_c1_b384,boybackpack,43,0,1,0,False,False,True,0.0,0.3083733944052028
write_pair_calibrated_c1_b384,boybackpack,52,2,0,2,True,False,True,0.5446342844827882,0.0
write_pair_calibrated_c1_b384,boybackpack,53,0,0,5,True,False,True,0.0,0.0
write_pair_calibrated_c1_b384,boybackpack,54,0,0,2,True,False,True,0.0,0.0
write_pair_calibrated_c1_b384,boybackpack,55,0,0,2,True,False,True,0.0,0.0
write_pair_calibrated_c1_b384,boybackpack,56,0,0,2,True,False,True,0.0,0.0
write_pair_calibrated_c1_b384,boybackpack,57,0,0,4,True,False,True,0.0,0.0
write_pair_calibrated_c1_b384,boybackpack,58,0,0,4,True,False,True,0.0,0.0
write_pair_calibrated_c1_b384,boybackpack,59,0,0,4,True,False,True,0.0,0.0
write_pair_calibrated_c1_b384,boybackpack,60,0,0,2,True,False,True,0.0,0.0
write_pair_calibrated_c1_b384,boybackpack,61,0,1,2,True,False,True,0.0,0.0
write_pair_calibrated_c1_b384,boybackpack,108,2,2,2,True,False,True,0.5955541619901847,0.0
write_pair_calibrated_c1_b384,boybackpack,109,0,1,0,False,False,True,0.0,0.6217247144325315
write_pair_calibrated_c1_b384,boybackpack,110,0,0,1,True,False,True,0.6623615246683809,0.6623615246683809
write_pair_calibrated_c1_b384,boybackpack,111,0,0,2,True,False,True,0.6982009916819223,0.6982009916819223
write_pair_calibrated_c1_b384,boybackpack,112,0,0,2,True,False,True,0.6880022928601023,0.6880022928601023
write_pair_calibrated_c1_b384,boybackpack,113,0,0,4,True,False,True,0.6527127087902894,0.6527127087902894
write_pair_calibrated_c1_b384,boybackpack,114,4,0,4,True,False,True,0.46530875333799054,0.0
write_pair_calibrated_c1_b384,boybackpack,121,0,3,0,False,False,True,0.0,0.21477437705375477
write_pair_calibrated_c1_b384,boybackpack,122,0,0,1,True,False,True,0.7719697030148145,0.7719697030148145
write_pair_calibrated_c1_b384,boybackpack,208,0,0,2,True,False,True,0.7186700724618597,0.7186700724618597
write_pair_calibrated_c1_b384,boybackpack,209,2,2,2,True,False,True,0.7346900210787212,0.0
write_pair_calibrated_c1_b384,boybackpack,210,0,0,4,True,False,True,0.45601525149888994,0.45601525149888994
write_pair_calibrated_c1_b384,boybackpack,211,0,0,2,True,False,True,0.35753424246826454,0.35753424246826454
write_pair_calibrated_c1_b384,boybackpack,212,0,0,2,True,False,True,0.5710916998613027,0.5710916998613027
write_pair_calibrated_c1_b384,boybackpack,213,0,0,2,True,False,True,0.3821218374858067,0.3821218374858067
write_pair_calibrated_c1_b384,boybackpack,214,0,0,2,True,False,True,0.39915949774309656,0.39915949774309656
write_pair_calibrated_c1_b384,boybackpack,215,0,0,4,True,False,True,0.246568212665431,0.246568212665431
write_pair_calibrated_c1_b384,boybackpack,216,0,0,2,True,False,True,0.22203837714074048,0.22203837714074048
write_pair_calibrated_c1_b384,boybackpack,217,0,0,2,True,False,True,0.17567475164284507,0.17567475164284507
write_pair_calibrated_c1_b384,boybackpack,218,0,0,4,True,False,True,0.22512825898875302,0.22512825898875302
write_pair_calibrated_c1_b384,boybackpack,219,0,0,2,True,False,True,0.12305330849520471,0.12305330849520471
write_pair_calibrated_c1_b384,boybesidescarwithouthat,23,0,1,2,True,False,True,0.35715297268313423,0.0
write_pair_calibrated_c1_b384,boybesidescarwithouthat,25,0,1,0,False,False,True,0.0,0.0
write_pair_calibrated_c1_b384,boybesidescarwithouthat,28,0,0,2,True,False,True,0.0,0.0
write_pair_calibrated_c1_b384,boybesidescarwithouthat,31,0,0,0,False,False,True,0.0,0.0
write_pair_calibrated_c1_b384,boybesidescarwithouthat,32,0,0,0,False,False,True,0.0,0.7904270280414263
write_pair_calibrated_c1_b384,boybesidescarwithouthat,73,0,0,0,False,False,True,0.8821335015817868,0.0
write_pair_calibrated_c1_b384,boybesidescarwithouthat,76,0,1,0,False,False,True,0.0,0.0
write_pair_calibrated_c1_b384,boybesidescarwithouthat,90,4,0,4,True,False,True,0.0,0.7635172875158498
write_pair_calibrated_c1_b384,boybesidescarwithouthat,100,4,1,4,True,False,True,0.8207406731693425,0.6810544173426248
write_pair_calibrated_c1_b384,boybesidescarwithouthat,115,0,1,0,False,False,True,0.06504349425964566,0.0
write_pair_calibrated_c1_b384,boybesidescarwithouthat,116,0,3,0,False,False,True,0.0,0.8905432381709985
write_pair_calibrated_c1_b384,boybesidescarwithouthat,135,0,0,0,False,False,True,0.8584434511373187,0.0
write_pair_calibrated_c1_b384,boybesidescarwithouthat,136,0,1,0,False,False,True,0.0,0.6741017354788524
write_pair_calibrated_c1_b384,boybesidescarwithouthat,142,0,1,2,True,False,True,0.8703539392162749,0.8703539392162749
write_pair_calibrated_c1_b384,boybesidescarwithouthat,147,0,0,2,True,False,True,0.8992559677544135,0.8992559677544135
write_pair_calibrated_c1_b384,boybesidescarwithouthat,149,0,0,4,True,False,True,0.06800342051035453,0.06800342051035453
write_pair_calibrated_c1_b384,boybesidescarwithouthat,150,0,1,2,True,False,True,0.0,0.0
write_pair_calibrated_c1_b384,boybesidescarwithouthat,151,0,0,1,True,False,True,0.0,0.0
write_pair_calibrated_c1_b384,boybesidescarwithouthat,152,0,0,2,True,False,True,0.0,0.0
write_pair_calibrated_c1_b384,boybesidescarwithouthat,153,0,2,0,False,False,True,0.0,0.0
write_pair_calibrated_c1_b384,boybesidescarwithouthat,168,0,0,4,True,False,True,0.0,0.0
write_pair_calibrated_c1_b384,boybesidescarwithouthat,172,0,0,4,True,False,True,0.0,0.0
write_pair_calibrated_c1_b384,boybesidescarwithouthat,175,0,0,2,True,False,True,0.0,0.0
write_pair_calibrated_c1_b384,boybesidescarwithouthat,176,0,0,2,True,False,True,0.0,0.0
write_pair_calibrated_c1_b384,boybesidescarwithouthat,177,0,2,0,False,False,True,0.0,0.0
write_pair_calibrated_c1_b384,boybesidescarwithouthat,180,0,1,0,False,False,True,0.0,0.0
write_pair_calibrated_c1_b384,boybesidescarwithouthat,181,0,1,2,True,False,True,0.0,0.0
write_pair_calibrated_c1_b384,boybesidescarwithouthat,182,0,2,0,False,False,True,0.0,0.0
write_pair_calibrated_c1_b384,boybesidescarwithouthat,183,5,0,5,True,False,True,0.0,0.0
write_pair_calibrated_c1_b384,boybesidescarwithouthat,191,0,0,2,True,False,True,0.0,0.0
write_pair_calibrated_c1_b384,boybesidescarwithouthat,192,0,0,2,True,False,True,0.0,0.0
write_pair_calibrated_c1_b384,boybesidescarwithouthat,194,0,0,2,True,False,True,0.0,0.0
write_pair_calibrated_c1_b384,boybesidescarwithouthat,195,0,0,2,True,False,True,0.0,0.0
write_pair_calibrated_c1_b384,boybesidescarwithouthat,204,0,2,0,False,False,True,0.0,0.0
write_pair_calibrated_c1_b384,boybesidescarwithouthat,205,0,0,1,True,False,True,0.0,0.0
write_pair_calibrated_c1_b384,boybesidescarwithouthat,206,0,0,2,True,False,True,0.0,0.0
write_pair_calibrated_c1_b384,boybesidescarwithouthat,211,0,0,2,True,False,True,0.0,0.0
write_pair_calibrated_c1_b384,boybesidescarwithouthat,219,4,2,4,True,False,True,0.0,0.0
write_pair_calibrated_c1_b384,boybesidescarwithouthat,224,0,1,0,False,False,True,0.0,0.8411339740938182
write_pair_calibrated_c1_b384,boybesidescarwithouthat,253,0,1,0,False,False,True,0.0,0.0
write_pair_calibrated_c1_b384,boybesidescarwithouthat,279,0,1,2,True,False,True,0.0,0.0
write_pair_calibrated_c1_b384,boybesidescarwithouthat,301,4,4,4,True,False,True,0.0,0.0
write_pair_calibrated_c1_b384,boybesidescarwithouthat,302,4,3,4,True,False,True,0.0,0.0
write_pair_calibrated_c1_b384,boybesidescarwithouthat,303,4,2,4,True,False,True,0.0,0.0
write_pair_calibrated_c1_b384,boybesidescarwithouthat,304,0,1,4,True,False,True,0.0,0.0
write_pair_calibrated_c1_b384,boyfollowing,98,0,0,2,True,False,True,0.7604350494650272,0.7604350494650272
write_pair_calibrated_c1_b384,boyfollowing,103,0,1,0,False,False,True,0.7313148252771217,0.0
write_pair_calibrated_c1_b384,boyfollowing,105,0,0,0,False,False,True,0.0,0.662869364724734
write_pair_calibrated_c1_b384,boyfollowing,233,0,0,4,True,False,True,0.5723028235968393,0.5723028235968393
write_pair_calibrated_c1_b384,boyfollowing,234,2,4,2,True,False,True,0.15109205762049513,0.0
write_pair_calibrated_c1_b384,boyfollowing,235,4,2,4,True,False,True,0.0,0.0
write_pair_calibrated_c1_b384,boyfollowing,236,0,0,2,True,False,True,0.0,0.0
write_pair_calibrated_c1_b384,boyfollowing,240,2,0,2,True,False,True,0.0,0.0
write_pair_calibrated_c1_b384,boyfollowing,241,0,0,2,True,False,True,0.0,0.0
write_pair_calibrated_c1_b384,boyfollowing,242,2,0,2,True,False,True,0.0,0.0
write_pair_calibrated_c1_b384,boyfollowing,243,0,0,4,True,False,True,0.0,0.0
write_pair_calibrated_c1_b384,boyfollowing,249,0,0,2,True,False,True,0.0,0.0
write_pair_calibrated_c1_b384,boyfollowing,251,2,0,2,True,False,True,0.0,0.0
write_pair_calibrated_c1_b384,boyfollowing,253,4,1,4,True,False,True,0.0,0.0
write_pair_calibrated_c1_b384,boyfollowing,255,0,1,2,True,False,True,0.0,0.0
write_pair_calibrated_c1_b384,boyfollowing,264,0,1,0,False,False,True,0.0117730414048834,0.0
write_pair_calibrated_c1_b384,boyfollowing,269,0,2,0,False,False,True,0.0,0.0
write_pair_calibrated_c1_b384,boyfollowing,270,0,3,0,False,False,True,0.0,0.0
write_pair_calibrated_c1_b384,boyfollowing,272,0,1,0,False,False,True,0.0,0.0
write_pair_calibrated_c1_b384,boyfollowing,280,4,0,4,True,False,True,0.0,0.0
write_pair_calibrated_c1_b384,boyrightrubbish,50,0,1,0,False,False,True,0.41760132833071384,0.5923764833668093
write_pair_calibrated_c1_b384,boyrightrubbish,62,0,0,4,True,False,True,0.2771711397570606,0.2771711397570606
write_pair_calibrated_c1_b384,boyrightrubbish,63,0,0,4,True,False,True,0.4471647010627071,0.4471647010627071
write_pair_calibrated_c1_b384,boyrightrubbish,65,0,0,2,True,False,True,0.479516451666591,0.479516451666591
write_pair_calibrated_c1_b384,boysback,132,5,0,5,True,False,True,0.0,0.23157205993584346
write_pair_calibrated_c1_b384,boysumbrella,3,0,0,4,True,False,True,0.3208533717377626,0.3208533717377626
write_pair_calibrated_c1_b384,boysumbrella,6,0,0,4,True,False,True,0.3687713494318869,0.3687713494318869
write_pair_calibrated_c1_b384,boysumbrella,20,0,0,4,True,False,True,0.6266579027177588,0.6266579027177588
write_pair_calibrated_c1_b384,boysumbrella,21,0,0,4,True,False,True,0.28514304177105787,0.28514304177105787
write_pair_calibrated_c1_b384,boysumbrella,22,0,0,4,True,False,True,0.21178583162552578,0.21178583162552578
write_pair_calibrated_c1_b384,boysumbrella,23,0,0,4,True,False,True,0.19336902061843958,0.19336902061843958
write_pair_calibrated_c1_b384,boysumbrella,24,0,0,4,True,False,True,0.20330458452307523,0.20330458452307523
write_pair_calibrated_c1_b384,boysumbrella,25,0,0,4,True,False,True,0.28685653383158366,0.28685653383158366
write_pair_calibrated_c1_b384,boysumbrella,26,0,0,4,True,False,True,0.6267646975878562,0.6267646975878562
write_pair_calibrated_c1_b384,boysumbrella,42,0,0,4,True,False,True,0.2812381210114541,0.2812381210114541
write_pair_calibrated_c1_b384,boysumbrella,44,4,2,4,True,False,True,0.255567778634434,0.0
write_pair_calibrated_c1_b384,boysumbrella,46,0,1,0,False,False,True,0.0,0.0
write_pair_calibrated_c1_b384,boysumbrella,47,4,1,4,True,False,True,0.0,0.0
write_pair_calibrated_c1_b384,boysumbrella,48,0,2,5,False,False,True,0.0,0.0
write_pair_calibrated_c1_b384,boysumbrella,49,2,3,2,True,False,True,0.0,0.0
write_pair_calibrated_c1_b384,boysumbrella,50,0,0,4,True,False,True,0.0,0.0
write_pair_calibrated_c1_b384,boysumbrella,51,4,4,4,True,False,True,0.0,0.0
write_pair_calibrated_c1_b384,boysumbrella,52,0,0,4,True,False,True,0.0,0.0
write_pair_calibrated_c1_b384,boysumbrella,53,4,1,4,True,False,True,0.0,0.0
write_pair_calibrated_c1_b384,boysumbrella,54,0,1,4,True,False,True,0.0,0.0
write_pair_calibrated_c1_b384,boysumbrella,55,0,1,2,True,False,True,0.0,0.0
write_pair_calibrated_c1_b384,boysumbrella,56,0,0,4,False,False,True,0.0,0.0
write_pair_calibrated_c1_b384,boysumbrella,57,0,1,4,True,False,True,0.0,0.0
write_pair_calibrated_c1_b384,boysumbrella,58,0,3,0,False,False,True,0.0,0.0
write_pair_calibrated_c1_b384,boysumbrella,59,0,1,2,True,False,True,0.0,0.0
write_pair_calibrated_c1_b384,boysumbrella,60,2,2,2,True,False,True,0.0,0.0
write_pair_calibrated_c1_b384,boysumbrella,61,0,0,1,True,False,True,0.0,0.0
write_pair_calibrated_c1_b384,boysumbrella,62,0,0,4,True,False,True,0.0,0.0
write_pair_calibrated_c1_b384,boysumbrella,63,4,2,4,True,False,True,0.0,0.0
write_pair_calibrated_c1_b384,boysumbrella,64,0,0,4,False,False,True,0.0,0.0
write_pair_calibrated_c1_b384,boysumbrella,65,4,1,4,True,False,True,0.0,0.0
write_pair_calibrated_c1_b384,boysumbrella,66,0,2,4,False,False,True,0.0,0.0
write_pair_calibrated_c1_b384,boysumbrella,68,0,1,4,True,False,True,0.0,0.0
write_pair_calibrated_c1_b384,boysumbrella,69,2,0,2,True,False,True,0.0,0.0
write_pair_calibrated_c1_b384,boysumbrella,70,0,0,2,True,False,True,0.0,0.0
write_pair_calibrated_c1_b384,boysumbrella,71,0,0,6,True,False,True,0.0,0.0
write_pair_calibrated_c1_b384,boysumbrella,72,0,0,6,True,False,True,0.0,0.0
write_pair_calibrated_c1_b384,boysumbrella,73,0,0,4,True,False,True,0.0,0.0
write_pair_calibrated_c1_b384,boysumbrella,74,0,1,2,True,False,True,0.0,0.0
write_pair_calibrated_c1_b384,boysumbrella,77,0,0,4,True,False,True,0.0,0.0
write_pair_calibrated_c1_b384,boysumbrella,78,0,0,4,True,False,True,0.0,0.0
write_pair_calibrated_c1_b384,boysumbrella,79,0,0,4,True,False,True,0.0,0.0
write_pair_calibrated_c1_b384,boysumbrella,80,0,0,4,True,False,True,0.0,0.0
write_pair_calibrated_c1_b384,boysumbrella,81,0,0,4,True,False,True,0.0,0.0
write_pair_calibrated_c1_b384,boysumbrella,82,0,0,4,True,False,True,0.0,0.0
write_pair_calibrated_c1_b384,boysumbrella,83,0,1,4,True,False,True,0.0,0.0
write_pair_calibrated_c1_b384,boysumbrella,85,0,0,4,True,False,True,0.0,0.0
write_pair_calibrated_c1_b384,boysumbrella,86,0,0,4,True,False,True,0.0,0.0
write_pair_calibrated_c1_b384,boysumbrella,87,0,0,4,True,False,True,0.0,0.0
write_pair_calibrated_c1_b384,boysumbrella,88,0,0,4,True,False,True,0.0,0.0
write_pair_calibrated_c1_b384,boysumbrella,89,0,0,4,True,False,True,0.0,0.0
write_pair_calibrated_c1_b384,boysumbrella,90,0,0,4,True,False,True,0.0,0.0
write_pair_calibrated_c1_b384,boysumbrella,91,0,0,4,True,False,True,0.0,0.0
write_pair_calibrated_c1_b384,boysumbrella,92,0,0,4,True,False,True,0.0,0.0
write_pair_calibrated_c1_b384,boysumbrella,93,0,1,4,True,False,True,0.0,0.0
write_pair_calibrated_c1_b384,boysumbrella,94,0,0,4,True,False,True,0.0,0.0
write_pair_calibrated_c1_b384,boysumbrella,95,0,0,4,True,False,True,0.0,0.0
write_pair_calibrated_c1_b384,boysumbrella,96,0,1,4,True,False,True,0.0,0.0
write_pair_calibrated_c1_b384,boysumbrella,97,0,0,1,True,False,True,0.0,0.0
write_pair_calibrated_c1_b384,boysumbrella,98,0,0,4,True,False,True,0.0,0.0
write_pair_calibrated_c1_b384,boysumbrella,99,4,0,4,True,False,True,0.0,0.0
write_pair_calibrated_c1_b384,boysumbrella,100,0,0,4,False,False,True,0.0,0.0
write_pair_calibrated_c1_b384,boysumbrella,101,0,0,4,True,False,True,0.0,0.0
write_pair_calibrated_c1_b384,boysumbrella,102,0,0,4,True,False,True,0.0,0.0
write_pair_calibrated_c1_b384,boysumbrella,103,0,1,4,True,False,True,0.0,0.0
write_pair_calibrated_c1_b384,boysumbrella,126,0,1,0,False,False,True,0.5168757968989833,0.0
write_pair_calibrated_c1_b384,boysumbrella,127,0,1,6,False,False,True,0.0,0.3792890845572413
write_pair_calibrated_c1_b384,boysumbrella,130,4,2,4,True,False,True,0.4513547073328221,0.31790218063536263
write_pair_calibrated_c1_b384,boysumbrella,131,0,0,4,True,False,True,0.5983408999354926,0.5983408999354926
write_pair_calibrated_c1_b384,boysumbrella,266,0,0,4,True,False,True,0.6573267864803222,0.6573267864803222
write_pair_calibrated_c1_b384,boysumbrella,396,0,0,4,True,False,True,0.4935944829886071,0.4935944829886071
write_pair_calibrated_c1_b384,boysumbrella,413,0,0,4,True,False,True,0.5796179983206668,0.5796179983206668
write_pair_calibrated_c1_b384,boysumbrella,414,0,0,2,True,False,True,0.4340039369617197,0.4340039369617197
write_pair_calibrated_c1_b384,boysumbrella,415,0,1,4,True,False,True,0.5190927895096804,0.0
write_pair_calibrated_c1_b384,boysumbrella,416,0,1,2,True,False,True,0.0,0.6395227962284064
write_pair_calibrated_c1_b384,boysumbrella,419,0,0,4,True,False,True,0.654990359024208,0.654990359024208
write_pair_calibrated_c1_b384,boysumbrella,420,0,0,4,True,False,True,0.9279903503060783,0.9279903503060783
write_pair_calibrated_c1_b384,boysumbrella,421,0,1,0,False,False,True,0.6141580999566645,0.0
write_pair_calibrated_c1_b384,boysumbrella,422,0,0,2,True,False,True,0.0,0.0
write_pair_calibrated_c1_b384,boysumbrella,423,0,0,4,True,False,True,0.0,0.0
write_pair_calibrated_c1_b384,boysumbrella,424,0,0,4,True,False,True,0.0,0.0
write_pair_calibrated_c1_b384,boysumbrella,425,0,0,4,True,False,True,0.0,0.0
write_pair_calibrated_c1_b384,boysumbrella,426,0,0,4,True,False,True,0.0,0.0
write_pair_calibrated_c1_b384,boysumbrella,427,0,0,4,True,False,True,0.0,0.0
write_pair_calibrated_c1_b384,boysumbrella,428,0,0,4,True,False,True,0.0,0.0
write_pair_calibrated_c1_b384,boysumbrella,429,0,1,4,True,False,True,0.0,0.0
write_pair_calibrated_c1_b384,boysumbrella,430,0,0,4,True,False,True,0.0,0.0
write_pair_calibrated_c1_b384,boysumbrella,432,0,0,4,True,False,True,0.0,0.0
write_pair_calibrated_c1_b384,boysumbrella,433,4,3,4,True,False,True,0.0,0.0
write_pair_calibrated_c1_b384,boysumbrella,434,0,0,4,True,False,True,0.0,0.0
write_pair_calibrated_c1_b384,boysumbrella,435,0,1,4,True,False,True,0.0,0.1767040351185108
write_pair_calibrated_c1_b384,boysumbrella,436,0,0,4,True,False,True,0.7082291955856688,0.7082291955856688
write_pair_calibrated_c1_b384,boysumbrella,438,0,0,2,True,False,True,0.03102208702294032,0.03102208702294032
write_pair_calibrated_c1_b384,boytakepath,119,2,0,2,True,False,True,0.8876150997842319,0.6626111965598149
write_pair_calibrated_c1_b384,boytakepath,130,0,0,4,True,False,True,0.34080607834110443,0.34080607834110443
write_pair_calibrated_c1_b384,boytakepath,131,4,2,4,True,False,True,0.0,0.0
write_pair_calibrated_c1_b384,boytakepath,132,0,0,4,True,False,True,0.0,0.0
write_pair_calibrated_c1_b384,boytakepath,133,0,0,4,True,False,True,0.0,0.0
write_pair_calibrated_c1_b384,boytakepath,134,0,1,4,True,False,True,0.0,0.0
write_pair_calibrated_c1_b384,boytakepath,135,1,3,1,True,False,True,0.0,0.48127642017151867
write_pair_calibrated_c1_b384,boytakepath,154,0,0,4,True,False,True,0.6822286231023351,0.6822286231023351
write_pair_calibrated_c1_b384,boytakepath,155,0,0,4,True,False,True,0.7351519285566555,0.7351519285566555
write_pair_calibrated_c1_b384,boytakepath,162,0,0,4,True,False,True,0.5731464533290216,0.5731464533290216
write_pair_calibrated_c1_b384,boytakepath,164,0,0,4,True,False,True,0.29892467674837014,0.29892467674837014
write_pair_calibrated_c1_b384,boytakepath,165,0,0,4,True,False,True,0.15406420632671203,0.15406420632671203
write_pair_calibrated_c1_b384,boytakepath,166,0,0,4,True,False,True,0.1529784233863922,0.1529784233863922
write_pair_calibrated_c1_b384,boytakepath,167,0,0,4,True,False,True,0.20750433766759502,0.20750433766759502
write_pair_calibrated_c1_b384,boytakepath,168,0,1,4,True,False,True,0.1597530088508065,0.0
write_pair_calibrated_c1_b384,boytakepath,169,0,0,1,True,False,True,0.0,0.0
write_pair_calibrated_c1_b384,boytakepath,170,0,0,4,True,False,True,0.0,0.0
write_pair_calibrated_c1_b384,boytakepath,171,0,0,4,True,False,True,0.0,0.0
write_pair_calibrated_c1_b384,boytakepath,172,0,0,4,True,False,True,0.0,0.0
write_pair_calibrated_c1_b384,boytakepath,173,0,0,4,True,False,True,0.0,0.0
write_pair_calibrated_c1_b384,boytakepath,174,0,0,4,True,False,True,0.0,0.0
write_pair_calibrated_c1_b384,boytakepath,175,0,0,4,True,False,True,0.0,0.0
write_pair_calibrated_c1_b384,boytakepath,176,4,3,4,True,False,True,0.0,0.4083808064733855
write_pair_calibrated_c1_b384,boytakepath,177,0,0,5,True,False,True,0.45186772867088154,0.45186772867088154
write_pair_calibrated_c1_b384,boytakepath,182,0,0,4,True,False,True,0.4050328947701734,0.4050328947701734
write_pair_calibrated_c1_b384,boytakepath,195,4,1,4,True,False,True,0.7688876529739596,0.701283660389442
write_pair_calibrated_c1_b384,boytakepath,197,0,2,4,True,False,True,0.3852874813135677,0.0
write_pair_calibrated_c1_b384,boytakepath,198,0,0,1,True,False,True,0.0,0.0
write_pair_calibrated_c1_b384,boytakepath,199,4,0,4,True,False,True,0.0,0.5964086380381962
write_pair_calibrated_c1_b384,boytakepath,201,0,0,4,True,False,True,0.6637776506647114,0.6637776506647114
write_pair_calibrated_c1_b384,boytakepath,202,0,0,4,True,False,True,0.44050198820798286,0.44050198820798286
write_pair_calibrated_c1_b384,boytakepath,206,4,2,4,True,False,True,0.6022641503552323,0.5001870658320705
write_pair_calibrated_c1_b384,boytakepath,207,0,0,4,True,False,True,0.09319482887592395,0.09319482887592395
write_pair_calibrated_c1_b384,boytakepath,208,0,0,4,True,False,True,0.43059270228405144,0.43059270228405144
write_pair_calibrated_c1_b384,boytakepath,209,4,2,4,True,False,True,0.20156497766770695,0.0
write_pair_calibrated_c1_b384,boytakepath,210,4,2,4,True,False,True,0.0,0.0
write_pair_calibrated_c1_b384,boytakepath,211,0,2,4,False,False,True,0.0,0.0
write_pair_calibrated_c1_b384,boytakepath,212,2,2,2,True,False,True,0.0,0.0
write_pair_calibrated_c1_b384,boytakepath,213,0,0,4,True,False,True,0.0,0.0
write_pair_calibrated_c1_b384,boytakepath,214,0,0,4,True,False,True,0.0,0.0
write_pair_calibrated_c1_b384,boytakepath,215,0,0,4,True,False,True,0.0,0.0
write_pair_calibrated_c1_b384,boytakepath,216,0,0,4,True,False,True,0.0,0.0
write_pair_calibrated_c1_b384,boytakepath,217,0,0,4,True,False,True,0.0,0.0
write_pair_calibrated_c1_b384,boytakepath,218,0,0,4,True,False,True,0.0,0.0
write_pair_calibrated_c1_b384,boytakepath,219,0,0,4,True,False,True,0.0,0.0
write_pair_calibrated_c1_b384,boytakepath,220,0,0,4,True,False,True,0.0,0.0
write_pair_calibrated_c1_b384,boytakepath,221,0,1,0,False,False,True,0.0,0.32042495218812184
write_pair_calibrated_c1_b384,boytakepath,222,0,0,2,True,False,True,0.3599430455348073,0.3599430455348073
write_pair_calibrated_c1_b384,boytakepath,223,0,0,4,True,False,True,0.2711081654196963,0.2711081654196963
write_pair_calibrated_c1_b384,boytakepath,224,4,0,4,True,False,True,0.6404445953712286,0.5501041112282486
write_pair_calibrated_c1_b384,boytakepath,229,0,0,4,True,False,True,0.7276530818379561,0.7276530818379561
write_pair_calibrated_c1_b384,boytakepath,230,4,0,4,True,False,True,0.23848616372759318,0.0
write_pair_calibrated_c1_b384,boytakepath,231,4,3,4,True,False,True,0.0,0.0
write_pair_calibrated_c1_b384,boytakepath,232,0,3,2,True,False,True,0.0,0.0
write_pair_calibrated_c1_b384,boytakepath,233,4,4,4,True,False,True,0.0,0.0
write_pair_calibrated_c1_b384,boytakepath,234,4,0,4,True,False,True,0.0,0.0
write_pair_calibrated_c1_b384,boytakepath,235,4,1,4,True,False,True,0.0,0.0
write_pair_calibrated_c1_b384,boytakepath,236,4,1,4,True,False,True,0.0,0.0
write_pair_calibrated_c1_b384,boytakepath,237,4,0,4,True,False,True,0.0,0.0
write_pair_calibrated_c1_b384,boytakepath,238,4,2,4,True,False,True,0.0,0.0
write_pair_calibrated_c1_b384,boytakepath,239,4,4,4,True,False,True,0.0,0.0
write_pair_calibrated_c1_b384,boytakepath,240,0,0,6,True,False,True,0.0,0.0
write_pair_calibrated_c1_b384,boytakepath,241,4,2,4,True,False,True,0.0,0.0
write_pair_calibrated_c1_b384,boytakepath,242,0,0,4,True,False,True,0.0,0.0
write_pair_calibrated_c1_b384,boytakepath,243,4,1,4,True,False,True,0.0,0.0
write_pair_calibrated_c1_b384,boytakepath,244,0,0,4,True,False,True,0.0,0.0
write_pair_calibrated_c1_b384,boytakepath,245,4,3,4,True,False,True,0.0,0.0
write_pair_calibrated_c1_b384,boytakepath,247,4,1,4,True,False,True,0.0,0.0
write_pair_calibrated_c1_b384,boytakepath,248,4,1,4,True,False,True,0.0,0.0
write_pair_calibrated_c1_b384,boytakepath,249,4,2,4,True,False,True,0.0,0.0
write_pair_calibrated_c1_b384,boytakepath,250,4,1,4,True,False,True,0.0,0.0
write_pair_calibrated_c1_b384,boytakepath,251,4,1,4,True,False,True,0.0,0.0
write_pair_calibrated_c1_b384,boytakepath,252,4,1,4,True,False,True,0.0,0.0
write_pair_calibrated_c1_b384,boytakepath,253,4,1,4,True,False,True,0.0,0.0
write_pair_calibrated_c1_b384,boytakepath,254,0,1,4,True,False,True,0.0,0.0
write_pair_calibrated_c1_b384,boytakepath,255,0,0,1,True,False,True,0.0,0.0
write_pair_calibrated_c1_b384,boytakepath,256,0,0,4,True,False,True,0.0,0.0
write_pair_calibrated_c1_b384,boytakepath,257,0,0,4,True,False,True,0.0,0.0
write_pair_calibrated_c1_b384,boytakepath,258,0,0,4,True,False,True,0.0,0.0
write_pair_calibrated_c1_b384,boytakepath,259,0,0,4,True,False,True,0.0,0.0
write_pair_calibrated_c1_b384,boytakepath,260,0,0,4,True,False,True,0.0,0.0
write_pair_calibrated_c1_b384,boytakepath,261,0,0,4,True,False,True,0.0,0.0
write_pair_calibrated_c1_b384,boytakepath,262,0,1,4,True,False,True,0.0,0.24353180286506776
write_pair_calibrated_c1_b384,boytakepath,263,0,0,1,True,False,True,0.3401035452319621,0.3401035452319621
write_pair_calibrated_c1_b384,boytakepath,264,0,0,4,True,False,True,0.35040837917663303,0.35040837917663303
write_pair_calibrated_c1_b384,boytakepath,265,0,1,2,True,False,True,0.38027130026158484,0.0
write_pair_calibrated_c1_b384,boytakepath,266,0,0,4,True,False,True,0.0,0.0
write_pair_calibrated_c1_b384,boytakepath,267,0,0,4,True,False,True,0.0,0.0
write_pair_calibrated_c1_b384,boytakepath,268,0,0,4,True,False,True,0.0,0.0
write_pair_calibrated_c1_b384,boytakepath,269,0,1,4,True,False,True,0.0,0.0
write_pair_calibrated_c1_b384,boytakepath,270,0,0,4,True,False,True,0.0,0.0
write_pair_calibrated_c1_b384,boytakepath,271,0,0,4,True,False,True,0.0,0.0
write_pair_calibrated_c1_b384,boytakepath,272,0,0,4,True,False,True,0.0,0.0
write_pair_calibrated_c1_b384,boytakepath,273,0,0,4,True,False,True,0.0,0.0
write_pair_calibrated_c1_b384,boytakepath,274,0,0,4,True,False,True,0.0,0.0
write_pair_calibrated_c1_b384,boytakepath,275,0,0,4,True,False,True,0.0,0.0
write_pair_calibrated_c1_b384,boytakepath,276,0,0,4,True,False,True,0.0,0.0
write_pair_calibrated_c1_b384,boytakepath,277,0,0,4,True,False,True,0.0,0.2903962597459121
write_pair_calibrated_c1_b384,boytakepath,283,0,0,4,True,False,True,0.3483535473337902,0.3483535473337902
write_pair_calibrated_c1_b384,boytakepath,284,0,0,4,True,False,True,0.1531889288088889,0.1531889288088889
write_pair_calibrated_c1_b384,boytakepath,285,0,0,4,True,False,True,0.16654234993046033,0.16654234993046033
write_pair_calibrated_c1_b384,boytakepath,286,0,0,4,True,False,True,0.00010117161005114857,0.00010117161005114857
write_pair_calibrated_c1_b384,boytakepath,288,0,0,4,True,False,True,0.0,0.0
write_pair_calibrated_c1_b384,boytakepath,289,0,0,4,True,False,True,0.0,0.0
write_pair_calibrated_c1_b384,boytakepath,290,0,0,4,True,False,True,0.0,0.0
write_pair_calibrated_c1_b384,boytakepath,291,4,3,4,True,False,True,0.0,0.5438900996049122
write_pair_calibrated_c1_b384,boytakepath,292,0,0,4,True,False,True,0.5190955945391543,0.5190955945391543
write_pair_calibrated_c1_b384,boytakepath,293,4,3,4,True,False,True,0.7857245635871691,0.4976799188746556
write_pair_calibrated_c1_b384,boytakepath,294,0,0,4,True,False,True,0.8515690819237133,0.8515690819237133
write_pair_calibrated_c1_b384,boytakepath,296,4,2,4,True,False,True,0.4826139778368716,0.5182386359453663
write_pair_calibrated_c1_b384,boytakepath,297,0,1,4,True,False,True,0.39474534339880524,0.0
write_pair_calibrated_c1_b384,boytakepath,298,0,0,1,True,False,True,0.0,0.0
write_pair_calibrated_c1_b384,boytakepath,299,0,0,4,True,False,True,0.0,0.0
write_pair_calibrated_c1_b384,boytakepath,300,0,0,4,True,False,True,0.0,0.0
write_pair_calibrated_c1_b384,boytakepath,301,0,0,4,True,False,True,0.0,0.0
write_pair_calibrated_c1_b384,boytakepath,302,0,0,4,True,False,True,0.0,0.0
write_pair_calibrated_c1_b384,boytakepath,303,0,0,4,True,False,True,0.0,0.0
write_pair_calibrated_c1_b384,boytakepath,304,0,0,4,True,False,True,0.0,0.0
write_pair_calibrated_c1_b384,boytakepath,305,0,0,4,True,False,True,0.0,0.0
write_pair_calibrated_c1_b384,boytakepath,306,0,0,4,True,False,True,0.0,0.0
write_pair_calibrated_c1_b384,boytakepath,307,0,0,4,True,False,True,0.0,0.0
write_pair_calibrated_c1_b384,boytakepath,308,0,0,4,True,False,True,0.0,0.0
write_pair_calibrated_c1_b384,boytakepath,309,4,0,4,True,False,True,0.0,0.0
write_pair_calibrated_c1_b384,boytakepath,310,0,0,4,True,False,True,0.0,0.0
write_pair_calibrated_c1_b384,boytakepath,311,0,0,4,True,False,True,0.0,0.0
write_pair_calibrated_c1_b384,boytakepath,312,0,0,4,True,False,True,0.0,0.0
write_pair_calibrated_c1_b384,boytakepath,313,0,0,4,True,False,True,0.0,0.0
write_pair_calibrated_c1_b384,boytakepath,314,0,0,4,True,False,True,0.0,0.0
write_pair_calibrated_c1_b384,boytakepath,315,0,0,4,True,False,True,0.0,0.0
write_pair_calibrated_c1_b384,boytakepath,316,0,0,4,True,False,True,0.0,0.0
write_pair_calibrated_c1_b384,boytakepath,317,0,0,4,True,False,True,0.0,0.0
write_pair_calibrated_c1_b384,boytakepath,318,0,0,4,True,False,True,0.0,0.0
write_pair_calibrated_c1_b384,boytakepath,319,0,0,4,True,False,True,0.0,0.0
write_pair_calibrated_c1_b384,boytakepath,320,0,2,4,True,False,True,0.0,0.26804496912366876
write_pair_calibrated_c1_b384,boytakepath,321,0,0,2,True,False,True,0.2683515957013197,0.2683515957013197
write_pair_calibrated_c1_b384,boytakepath,322,0,0,4,True,False,True,0.346257992752088,0.346257992752088
write_pair_calibrated_c1_b384,boytakepath,323,4,4,4,True,False,True,0.1798818637920187,0.0
write_pair_calibrated_c1_b384,boytakepath,324,0,0,4,True,False,True,0.0,0.0
write_pair_calibrated_c1_b384,boytakepath,325,0,0,4,True,False,True,0.0,0.0
write_pair_calibrated_c1_b384,boytakepath,326,0,0,4,True,False,True,0.0,0.0
write_pair_calibrated_c1_b384,boytakepath,327,0,0,4,True,False,True,0.0,0.0
write_pair_calibrated_c1_b384,boytakepath,328,4,0,4,True,False,True,0.0,0.0
write_pair_calibrated_c1_b384,boytakepath,329,0,0,4,True,False,True,0.0,0.0
write_pair_calibrated_c1_b384,boytakepath,330,0,0,4,True,False,True,0.0,0.0
write_pair_calibrated_c1_b384,boytakepath,331,0,0,4,True,False,True,0.0,0.0
write_pair_calibrated_c1_b384,boytakepath,332,0,0,4,True,False,True,0.0,0.0
write_pair_calibrated_c1_b384,boytakepath,333,0,0,4,True,False,True,0.0,0.0
write_pair_calibrated_c1_b384,boytakepath,334,0,0,4,True,False,True,0.0,0.0
write_pair_calibrated_c1_b384,boytakepath,335,4,0,4,True,False,True,0.0,0.0
write_pair_calibrated_c1_b384,boytakepath,336,0,0,4,True,False,True,0.0,0.0
write_pair_calibrated_c1_b384,boytakepath,337,0,0,4,True,False,True,0.0,0.0
write_pair_calibrated_c1_b384,boytakepath,338,0,0,4,True,False,True,0.0,0.0
write_pair_calibrated_c1_b384,boytakepath,339,0,0,4,True,False,True,0.0,0.0
write_pair_calibrated_c1_b384,boytakepath,340,0,0,4,True,False,True,0.0,0.0
write_pair_calibrated_c1_b384,boytakepath,341,0,0,4,True,False,True,0.0,0.0
write_pair_calibrated_c1_b384,boytakepath,342,0,0,4,True,False,True,0.0,0.0
write_pair_calibrated_c1_b384,boytakepath,343,0,0,4,True,False,True,0.0,0.0
write_pair_calibrated_c1_b384,boytakepath,344,0,0,4,True,False,True,0.0,0.0
write_pair_calibrated_c1_b384,boytakepath,345,0,0,4,True,False,True,0.0,0.0
write_pair_calibrated_c1_b384,boytakepath,346,0,0,4,True,False,True,0.0,0.0
write_pair_calibrated_c1_b384,boytakepath,347,0,0,4,True,False,True,0.0,0.0
write_pair_calibrated_c1_b384,boytakepath,348,0,0,4,True,False,True,0.0,0.0
write_pair_calibrated_c1_b384,boytakepath,349,0,0,4,True,False,True,0.0,0.0
write_pair_calibrated_c1_b384,boytakepath,350,0,0,4,True,False,True,0.0,0.0
write_pair_calibrated_c1_b384,boytakepath,351,0,0,4,True,False,True,0.0,0.0
write_pair_calibrated_c1_b384,boytakepath,352,0,0,4,True,False,True,0.0,0.0
write_pair_calibrated_c1_b384,boytakepath,353,0,0,4,True,False,True,0.0,0.0
write_pair_calibrated_c1_b384,boytakepath,354,0,0,4,True,False,True,0.0,0.0
write_pair_calibrated_c1_b384,boytakepath,355,0,0,4,True,False,True,0.0,0.0
write_pair_calibrated_c1_b384,boytakepath,356,0,0,4,True,False,True,0.0,0.0
write_pair_calibrated_c1_b384,boytakepath,357,0,0,4,True,False,True,0.0,0.0
write_pair_calibrated_c1_b384,boytakepath,358,0,0,4,True,False,True,0.0,0.0
write_pair_calibrated_c1_b384,boytakepath,359,0,0,4,True,False,True,0.0,0.0
write_pair_calibrated_c1_b384,boytakepath,360,0,0,4,True,False,True,0.0,0.0
write_pair_calibrated_c1_b384,boytakepath,361,0,0,4,True,False,True,0.0,0.0
write_pair_calibrated_c1_b384,boytakepath,362,0,0,4,True,False,True,0.0,0.0
write_pair_calibrated_c1_b384,boytakepath,363,0,0,4,True,False,True,0.0,0.0
write_pair_calibrated_c1_b384,boytakepath,364,0,0,4,True,False,True,0.0,0.0
write_pair_calibrated_c1_b384,boytakepath,365,0,0,4,True,False,True,0.0,0.0
write_pair_calibrated_c1_b384,boytakepath,366,0,0,4,True,False,True,0.0,0.0
write_pair_calibrated_c1_b384,boytakepath,367,0,0,4,True,False,True,0.0,0.0
write_pair_calibrated_c1_b384,boytakepath,368,0,0,4,True,False,True,0.0,0.0
write_pair_calibrated_c1_b384,boytakepath,369,0,0,4,True,False,True,0.0,0.0
write_pair_calibrated_c1_b384,boytakepath,370,0,0,4,True,False,True,0.0,0.0
write_pair_calibrated_c1_b384,boytakepath,371,0,0,4,True,False,True,0.0,0.0
write_pair_calibrated_c1_b384,boytakepath,372,0,0,4,True,False,True,0.0,0.0
write_pair_calibrated_c1_b384,boytakepath,373,0,0,4,True,False,True,0.0,0.0
write_pair_calibrated_c1_b384,boytakepath,374,0,0,4,True,False,True,0.0,0.0
write_pair_calibrated_c1_b384,boytakepath,375,0,0,4,True,False,True,0.0,0.0
write_pair_calibrated_c1_b384,boytakepath,376,0,0,4,True,False,True,0.0,0.0
write_pair_calibrated_c1_b384,boytakepath,377,0,0,4,True,False,True,0.0,0.0
write_pair_calibrated_c1_b384,boytakepath,378,0,0,4,True,False,True,0.0,0.0
write_pair_calibrated_c1_b384,boytakepath,379,4,3,4,True,False,True,0.0028070542123933245,0.0
write_pair_calibrated_c1_b384,boytakepath,380,0,0,4,True,False,True,0.0,0.0
write_pair_calibrated_c1_b384,boytakepath,381,0,0,4,True,False,True,0.0,0.0
write_pair_calibrated_c1_b384,boytakepath,382,0,2,4,True,False,True,0.0,0.0
write_pair_calibrated_c1_b384,boytakepath,383,0,0,4,True,False,True,0.0,0.0
write_pair_calibrated_c1_b384,boytakepath,384,4,0,4,True,False,True,0.0,0.0
write_pair_calibrated_c1_b384,boytakepath,385,0,0,4,True,False,True,0.0,0.0
write_pair_calibrated_c1_b384,boytakepath,386,0,0,4,True,False,True,0.0,0.0
write_pair_calibrated_c1_b384,boytakepath,387,0,0,4,True,False,True,0.0,0.0
write_pair_calibrated_c1_b384,boytakepath,388,0,0,4,True,False,True,0.0,0.0
write_pair_calibrated_c1_b384,boytakepath,389,0,0,4,True,False,True,0.0,0.0
write_pair_calibrated_c1_b384,boytakepath,390,0,0,4,True,False,True,0.0,0.0
write_pair_calibrated_c1_b384,boytakepath,391,4,4,4,True,False,True,0.0,0.0
write_pair_calibrated_c1_b384,boytakepath,392,0,0,4,True,False,True,0.0,0.0
write_pair_calibrated_c1_b384,boytakepath,393,0,0,4,True,False,True,0.0,0.0
write_pair_calibrated_c1_b384,boytakepath,394,0,0,4,True,False,True,0.0,0.0
write_pair_calibrated_c1_b384,boytakepath,395,0,0,4,True,False,True,0.0,0.0
write_pair_calibrated_c1_b384,boytakepath,396,0,0,4,True,False,True,0.0,0.0
write_pair_calibrated_c1_b384,boytakepath,397,0,0,4,True,False,True,0.0,0.0
write_pair_calibrated_c1_b384,boytakepath,398,0,0,4,True,False,True,0.0,0.0
write_pair_calibrated_c1_b384,boytakepath,399,4,4,4,True,False,True,0.0,0.0
write_pair_calibrated_c1_b384,boytakepath,400,0,0,4,True,False,True,0.0,0.0
write_pair_calibrated_c1_b384,boytakepath,401,4,1,4,True,False,True,0.0,0.0
write_pair_calibrated_c1_b384,boytakepath,403,0,0,4,True,False,True,0.0,0.0
write_pair_calibrated_c1_b384,boytakepath,404,0,0,4,True,False,True,0.0,0.0
write_pair_calibrated_c1_b384,boytakepath,405,0,0,4,True,False,True,0.0,0.0
write_pair_calibrated_c1_b384,boytakepath,406,0,0,4,True,False,True,0.0,0.0
write_pair_calibrated_c1_b384,boytakepath,409,0,0,4,True,False,True,0.0,0.0
write_pair_calibrated_c1_b384,boytakepath,410,0,0,4,True,False,True,0.0,0.0
write_pair_calibrated_c1_b384,boytakepath,411,0,0,4,True,False,True,0.0,0.0
write_pair_calibrated_c1_b384,boytakepath,413,0,0,4,True,False,True,0.0,0.0
write_pair_calibrated_c1_b384,boytakepath,414,0,0,4,True,False,True,0.0,0.0
write_pair_calibrated_c1_b384,boytakepath,415,4,4,4,True,False,True,0.0,0.0
write_pair_calibrated_c1_b384,boytakepath,417,0,0,4,True,False,True,0.0,0.0
write_pair_calibrated_c1_b384,boytakepath,419,0,0,4,True,False,True,0.0,0.0
write_pair_calibrated_c1_b384,boytakepath,422,4,2,4,True,False,True,0.0,0.0
write_pair_calibrated_c1_b384,boytakepath,425,0,0,4,True,False,True,0.0,0.0
write_pair_calibrated_c1_b384,boytakepath,426,0,0,4,True,False,True,0.0,0.0
write_pair_calibrated_c1_b384,boytakepath,427,0,0,4,True,False,True,0.0,0.0
write_pair_calibrated_c1_b384,boytakepath,428,0,0,4,True,False,True,0.0,0.0
write_pair_calibrated_c1_b384,boytakepath,429,0,0,4,True,False,True,0.0,0.0
write_pair_calibrated_c1_b384,boytakepath,431,0,0,4,True,False,True,0.0,0.0
write_pair_calibrated_c1_b384,boytakepath,432,0,0,4,True,False,True,0.0,0.0
write_pair_calibrated_c1_b384,boytakepath,433,0,0,4,True,False,True,0.0,0.0
write_pair_calibrated_c1_b384,boytakepath,434,0,0,4,True,False,True,0.0,0.0
write_pair_calibrated_c1_b384,boytakepath,436,0,0,4,True,False,True,0.0,0.0
write_pair_calibrated_c1_b384,boytakepath,437,0,0,4,True,False,True,0.0,0.0
write_pair_calibrated_c1_b384,boytakepath,438,0,0,4,True,False,True,0.0,0.0
write_pair_calibrated_c1_b384,boytakepath,439,0,0,4,True,False,True,0.0,0.0
write_pair_calibrated_c1_b384,boytakepath,440,0,0,4,True,False,True,0.0,0.0
write_pair_calibrated_c1_b384,boytakepath,442,0,0,4,True,False,True,0.0,0.0
write_pair_calibrated_c1_b384,boytakepath,443,0,0,4,True,False,True,0.0,0.0
write_pair_calibrated_c1_b384,boytakepath,444,0,0,4,True,False,True,0.0,0.0
write_pair_calibrated_c1_b384,boytakepath,445,0,0,4,True,False,True,0.0,0.0
write_pair_calibrated_c1_b384,boytakepath,446,0,0,4,True,False,True,0.0,0.0
write_pair_calibrated_c1_b384,boytakepath,447,0,0,4,True,False,True,0.0,0.0
write_pair_calibrated_c1_b384,boytakepath,448,0,0,4,True,False,True,0.0,0.0
write_pair_calibrated_c1_b384,boytakepath,449,0,0,4,True,False,True,0.0,0.0
write_pair_calibrated_c1_b384,boytakepath,454,0,0,4,True,False,True,0.0,0.0
write_pair_calibrated_c1_b384,boytakepath,455,0,0,4,True,False,True,0.0,0.0
write_pair_calibrated_c1_b384,boytakepath,456,0,0,4,True,False,True,0.0,0.0
write_pair_calibrated_c1_b384,boytakepath,457,0,0,4,True,False,True,0.0,0.0
write_pair_calibrated_c1_b384,boytakepath,458,0,0,4,True,False,True,0.0,0.0
write_pair_calibrated_c1_b384,boytakepath,459,4,4,4,True,False,True,0.0,0.0
write_pair_calibrated_c1_b384,boytakepath,460,0,0,4,True,False,True,0.0,0.0
write_pair_calibrated_c1_b384,boytakepath,461,0,0,4,True,False,True,0.0,0.0
write_pair_calibrated_c1_b384,boytakepath,462,0,0,4,True,False,True,0.0,0.0
write_pair_calibrated_c1_b384,boytakepath,463,0,0,4,True,False,True,0.0,0.0
write_pair_calibrated_c1_b384,boytakepath,464,0,0,4,True,False,True,0.0,0.0
write_pair_calibrated_c1_b384,boytakepath,465,0,0,4,True,False,True,0.0,0.0
write_pair_calibrated_c1_b384,boytakepath,466,0,0,4,True,False,True,0.0,0.0
write_pair_calibrated_c1_b384,boytakepath,468,0,0,4,True,False,True,0.0,0.0
write_pair_calibrated_c1_b384,boytakepath,469,4,2,4,True,False,True,0.0,0.0
write_pair_calibrated_c1_b384,boytakepath,470,0,0,4,True,False,True,0.0,0.0
write_pair_calibrated_c1_b384,boytakepath,471,0,0,4,True,False,True,0.0,0.0
write_pair_calibrated_c1_b384,boytakepath,472,0,0,4,True,False,True,0.0,0.0
write_pair_calibrated_c1_b384,boytakepath,473,0,0,4,True,False,True,0.0,0.0
write_pair_calibrated_c1_b384,boytakepath,476,0,0,4,True,False,True,0.0,0.0
write_pair_calibrated_c1_b384,boytakepath,477,4,0,4,True,False,True,0.0,0.0
write_pair_calibrated_c1_b384,boytakepath,478,4,3,4,True,False,True,0.0,0.0
write_pair_calibrated_c1_b384,boytakepath,479,0,0,4,True,False,True,0.0,0.0
write_pair_calibrated_c1_b384,boytakepath,481,0,0,4,True,False,True,0.0,0.0
write_pair_calibrated_c1_b384,boytakepath,482,0,0,4,True,False,True,0.0,0.0
write_pair_calibrated_c1_b384,boytakepath,483,0,0,4,True,False,True,0.0,0.0
write_pair_calibrated_c1_b384,boytakepath,484,4,0,4,True,False,True,0.3221871955577816,0.0
write_pair_calibrated_c1_b384,boytakepath,485,0,0,4,True,False,True,0.0,0.0
write_pair_calibrated_c1_b384,boytakepath,486,0,0,4,True,False,True,0.2569534124963294,0.2569534124963294
write_pair_calibrated_c1_b384,boytakepath,487,0,0,4,True,False,True,0.29724748206146684,0.29724748206146684
write_pair_calibrated_c1_b384,boytakepath,488,0,0,4,True,False,True,0.29057379129966665,0.29057379129966665
write_pair_calibrated_c1_b384,boytakepath,489,0,0,4,True,False,True,0.27699168684212133,0.27699168684212133
write_pair_calibrated_c1_b384,boytakepath,491,4,1,4,True,False,True,0.5352199574080917,0.5049357696547037
write_pair_calibrated_c1_b384,boytakepath,492,0,0,4,True,False,True,0.536376642892487,0.536376642892487
write_pair_calibrated_c1_b384,boytakepath,493,4,4,4,True,False,True,0.3891716540004079,0.4556854639757803
write_pair_calibrated_c1_b384,boytakepath,494,0,0,4,True,False,True,0.4017785438945179,0.4017785438945179
write_pair_calibrated_c1_b384,boytakepath,495,0,0,4,True,False,True,0.6172031308653737,0.6172031308653737
write_pair_calibrated_c1_b384,boytakepath,496,0,0,4,True,False,True,0.5005652161015091,0.5005652161015091
write_pair_calibrated_c1_b384,boytakepath,498,0,0,4,True,False,True,0.1164880672622085,0.1164880672622085
write_pair_calibrated_c1_b384,boytakepath,499,0,0,4,True,False,True,0.1774295237586199,0.1774295237586199
write_pair_calibrated_c1_b384,boytakepath,500,0,0,4,True,False,True,0.06252373305065909,0.06252373305065909
write_pair_calibrated_c1_b384,boytakepath,501,0,0,4,True,False,True,0.0,0.0
write_pair_calibrated_c1_b384,boytakepath,502,0,0,4,True,False,True,0.0,0.0
write_pair_calibrated_c1_b384,boytakepath,503,0,0,4,True,False,True,0.0,0.0
write_pair_calibrated_c1_b384,boytakepath,504,4,2,4,True,False,True,0.0,0.16155157818913063
write_pair_calibrated_c1_b384,boytakepath,505,0,0,4,True,False,True,0.2756472978979388,0.2756472978979388
write_pair_calibrated_c1_b384,boytakepath,506,4,0,4,True,False,True,0.23532564651785137,0.2958147001315542
write_pair_calibrated_c1_b384,boytakepath,507,0,0,4,True,False,True,0.2395855397486311,0.2395855397486311
write_pair_calibrated_c1_b384,boytakepath,508,4,2,4,True,False,True,0.033649896570662974,0.0
write_pair_calibrated_c1_b384,boytakepath,509,0,1,4,True,False,True,0.0,0.06210638051731057
write_pair_calibrated_c1_b384,boytakepath,510,0,0,4,True,False,True,0.07205176213599887,0.07205176213599887
write_pair_calibrated_c1_b384,boytakepath,511,4,0,4,True,False,True,0.07165244393469147,0.0
write_pair_calibrated_c1_b384,boytakepath,519,4,0,4,True,False,True,0.0,0.0
write_pair_calibrated_c1_b384,boytakepath,527,4,2,4,True,False,True,0.0,0.0
write_pair_calibrated_c1_b384,boytakepath,528,0,0,2,True,False,True,0.0,0.0
write_pair_calibrated_c1_b384,boytakepath,529,0,0,4,True,False,True,0.0,0.0
write_pair_calibrated_c1_b384,boytakepath,530,4,0,4,True,False,True,0.0,0.0
write_pair_calibrated_c1_b384,boytakepath,531,0,0,4,False,False,True,0.0,0.0
write_pair_calibrated_c1_b384,boytakepath,532,4,1,4,True,False,True,0.0,0.0
write_pair_calibrated_c1_b384,boytakepath,533,0,0,4,True,False,True,0.0,0.0
write_pair_calibrated_c1_b384,boytakepath,534,4,0,4,True,False,True,0.0,0.0
write_pair_calibrated_c1_b384,boytakepath,535,0,0,4,True,False,True,0.0,0.0
write_pair_calibrated_c1_b384,boytakepath,536,4,3,4,True,False,True,0.0,0.0
write_pair_calibrated_c1_b384,boytakepath,537,0,0,4,True,False,True,0.0,0.0
write_pair_calibrated_c1_b384,boytakepath,538,0,1,4,True,False,True,0.0,0.0
write_pair_calibrated_c1_b384,boytakepath,539,0,0,1,True,False,True,0.0,0.0
write_pair_calibrated_c1_b384,boytakepath,540,0,0,4,True,False,True,0.0,0.6494449324058394
write_pair_calibrated_c1_b384,boytakepath,564,0,0,4,True,False,True,0.37653057739660467,0.37653057739660467
write_pair_calibrated_c1_b384,boytakepath,565,0,0,4,True,False,True,0.48054111181101533,0.48054111181101533
write_pair_calibrated_c1_b384,boytakepath,566,4,2,4,True,False,True,0.35026566039063944,0.18926970192008077
write_pair_calibrated_c1_b384,boytakepath,568,0,0,2,True,False,True,0.3437275878480691,0.3437275878480691
write_pair_calibrated_c1_b384,boytakepath,569,4,2,4,True,False,True,0.17221337771711154,0.0
write_pair_calibrated_c1_b384,boytakepath,570,0,0,4,True,False,True,0.0,0.0
write_pair_calibrated_c1_b384,boytakepath,571,0,0,4,True,False,True,0.0,0.0
write_pair_calibrated_c1_b384,boytakepath,572,0,0,4,True,False,True,0.0,0.0
write_pair_calibrated_c1_b384,boytakepath,573,0,0,4,True,False,True,0.0,0.0
write_pair_calibrated_c1_b384,boytakepath,574,0,0,4,True,False,True,0.0,0.0
write_pair_calibrated_c1_b384,boytakepath,575,1,2,1,True,False,True,0.005926330543819715,0.0
write_pair_calibrated_c1_b384,boytakepath,576,1,3,1,True,False,True,0.0,0.0
write_pair_calibrated_c1_b384,boytakepath,577,0,0,1,True,False,True,0.0,0.0
write_pair_calibrated_c1_b384,boytakepath,578,4,1,4,True,False,True,0.0,0.5221223347519542
write_pair_calibrated_c1_b384,boytakepath,579,0,0,4,True,False,True,0.5240739085157837,0.5240739085157837
write_pair_calibrated_c1_b384,boytakepath,631,0,0,4,True,False,True,0.0,0.0
write_pair_calibrated_c1_b384,boytakepath,632,0,0,4,True,False,True,0.0,0.0
write_pair_calibrated_c1_b384,boytakepath,633,0,0,4,True,False,True,0.0,0.0
write_pair_calibrated_c1_b384,boytakepath,634,0,0,4,True,False,True,0.0,0.0
write_pair_calibrated_c1_b384,boytakepath,635,4,1,4,True,False,True,0.0,0.0
write_pair_calibrated_c1_b384,boytakepath,636,0,0,4,True,False,True,0.0,0.0
write_pair_calibrated_c1_b384,boytakepath,637,0,0,4,True,False,True,0.0,0.0
write_pair_calibrated_c1_b384,boytakepath,638,0,1,4,True,False,True,0.0,0.0
write_pair_calibrated_c1_b384,boytakepath,639,4,1,4,True,False,True,0.0,0.0
write_pair_calibrated_c1_b384,boytakepath,640,0,0,4,True,False,True,0.0,0.0
write_pair_calibrated_c1_b384,boytakepath,641,0,0,4,True,False,True,0.0,0.0
write_pair_calibrated_c1_b384,boytakepath,642,0,0,4,True,False,True,0.0,0.0
write_pair_calibrated_c1_b384,boytakepath,643,0,0,4,True,False,True,0.0,0.0
write_pair_calibrated_c1_b384,boytakepath,644,0,0,4,True,False,True,0.0004926372639396356,0.0004926372639396356
write_pair_calibrated_c1_b384,boytakepath,650,0,0,4,True,False,True,0.03898102814039143,0.03898102814039143
write_pair_calibrated_c1_b384,boytakepath,652,0,0,4,True,False,True,0.0,0.0
write_pair_calibrated_c1_b384,boytakepath,653,0,0,4,True,False,True,0.0,0.0
write_pair_calibrated_c1_b384,boytakepath,654,0,0,4,True,False,True,0.0,0.0
write_pair_calibrated_c1_b384,boytakepath,655,0,0,4,True,False,True,0.0,0.0
write_pair_calibrated_c1_b384,boytakepath,656,0,0,4,True,False,True,0.0,0.0
write_pair_calibrated_c1_b384,boytakepath,657,0,0,4,True,False,True,0.0,0.0
write_pair_calibrated_c1_b384,boytakepath,658,4,0,4,True,False,True,0.0,0.0
write_pair_calibrated_c1_b384,boytakepath,660,0,0,4,True,False,True,0.0,0.0
write_pair_calibrated_c1_b384,boytakepath,661,0,0,4,True,False,True,0.0,0.0
write_pair_calibrated_c1_b384,boytakepath,664,0,0,4,True,False,True,0.0,0.0
write_pair_calibrated_c1_b384,boytakepath,668,0,0,4,True,False,True,0.0,0.0
write_pair_calibrated_c1_b384,boytakepath,669,0,0,4,True,False,True,0.0,0.0
write_pair_calibrated_c1_b384,boytakepath,671,4,1,4,True,False,True,0.0,0.0
write_pair_calibrated_c1_b384,boytakepath,673,0,0,4,True,False,True,0.0,0.0
write_pair_calibrated_c1_b384,boytakepath,674,4,2,4,True,False,True,0.0,0.0
write_pair_calibrated_c1_b384,boytakepath,675,0,0,5,False,False,True,0.0,0.0
write_pair_calibrated_c1_b384,boytakepath,676,4,2,4,True,False,True,0.0,0.0
write_pair_calibrated_c1_b384,boytakepath,677,4,0,4,True,False,True,0.0,0.0
write_pair_calibrated_c1_b384,boytakepath,679,4,1,4,True,False,True,0.0,0.0
write_pair_calibrated_c1_b384,boytakepath,680,4,4,4,True,False,True,0.0,0.0
write_pair_calibrated_c1_b384,boytakepath,683,0,1,0,False,False,True,0.0,0.0
write_pair_calibrated_c1_b384,boytakepath,684,0,0,1,True,False,True,0.0,0.0
write_pair_calibrated_c1_b384,boytakepath,685,4,2,4,True,False,True,0.0,0.0
write_pair_calibrated_c1_b384,boytakepath,686,0,0,4,False,False,True,0.0,0.0
write_pair_calibrated_c1_b384,boytakepath,687,4,1,4,True,False,True,0.0,0.0
write_pair_calibrated_c1_b384,boytakepath,688,0,1,2,True,False,True,0.0,0.0
write_pair_calibrated_c1_b384,boytakepath,689,1,2,1,True,False,True,0.0,0.0
write_pair_calibrated_c1_b384,boytakepath,690,0,0,5,True,False,True,0.0,0.0
write_pair_calibrated_c1_b384,boytakepath,692,4,1,4,True,False,True,0.0,0.0
write_pair_calibrated_c1_b384,boytakepath,693,4,1,4,True,False,True,0.0,0.0
write_pair_calibrated_c1_b384,boytakepath,694,0,1,2,True,False,True,0.0,0.0
write_pair_calibrated_c1_b384,boytakepath,695,0,0,1,True,False,True,0.0,0.0
write_pair_calibrated_c1_b384,boytakepath,696,0,2,4,True,False,True,0.0,0.0
write_pair_calibrated_c1_b384,boytakepath,698,0,2,2,True,False,True,0.0,0.0
write_pair_calibrated_c1_b384,boytakepath,699,0,2,1,True,False,True,0.0,0.0
write_pair_calibrated_c1_b384,boytakepath,705,0,0,4,True,False,True,0.0,0.0
write_pair_calibrated_c1_b384,boytakepath,713,0,0,4,True,False,True,0.0,0.0
write_pair_calibrated_c1_b384,boytakepath,715,4,3,4,True,False,True,0.0,0.0
write_pair_calibrated_c1_b384,boytakepath,721,0,0,4,True,False,True,0.0,0.0
write_pair_calibrated_c1_b384,boytakepath,722,4,2,4,True,False,True,0.0,0.0
write_pair_calibrated_c1_b384,boytakepath,723,0,0,4,True,False,True,0.0,0.0
write_pair_calibrated_c1_b384,boytakepath,724,0,0,4,True,False,True,0.0,0.0
write_pair_calibrated_c1_b384,boytakepath,725,0,1,4,True,False,True,0.0,0.0
write_pair_calibrated_c1_b384,boytakepath,726,4,3,4,True,False,True,0.0,0.0
write_pair_calibrated_c1_b384,boytakepath,727,0,2,4,False,False,True,0.0,0.0
write_pair_calibrated_c1_b384,boytakepath,728,1,4,1,True,False,True,0.0,0.0
write_pair_calibrated_c1_b384,boytakepath,729,6,4,6,True,False,True,0.0,0.0
write_pair_calibrated_c1_b384,boytakepath,730,0,0,1,True,False,True,0.0,0.0
write_pair_calibrated_c1_b384,boytakepath,731,0,0,4,True,False,True,0.0,0.0
write_pair_calibrated_c1_b384,boytakepath,732,4,1,4,True,False,True,0.0,0.0
write_pair_calibrated_c1_b384,boytakepath,733,0,1,4,True,False,True,0.0,0.0
write_pair_calibrated_c1_b384,boytakepath,734,0,0,4,True,False,True,0.0,0.0
write_pair_calibrated_c1_b384,boytakepath,735,0,0,4,True,False,True,0.0,0.0
write_pair_calibrated_c1_b384,boytakepath,736,0,0,4,True,False,True,0.0,0.0
write_pair_calibrated_c1_b384,boytakepath,737,4,2,4,True,False,True,0.0,0.0
write_pair_calibrated_c1_b384,boytakepath,738,4,1,4,True,False,True,0.0,0.0
write_pair_calibrated_c1_b384,boytakepath,739,0,1,4,True,False,True,0.0,0.0
write_pair_calibrated_c1_b384,boytakepath,740,1,2,1,True,False,True,0.0,0.5581021158636458
write_pair_calibrated_c1_b384,boytakepath,742,0,0,4,True,False,True,0.5987532317049368,0.5987532317049368
write_pair_calibrated_c1_b384,boytakepath,743,0,0,4,True,False,True,0.41624891830503175,0.41624891830503175
write_pair_calibrated_c1_b384,boytakepath,744,0,0,4,True,False,True,0.32895224322684485,0.32895224322684485
write_pair_calibrated_c1_b384,boytakepath,745,4,0,4,True,False,True,0.040306929140159646,0.0
write_pair_calibrated_c1_b384,boytakepath,746,0,1,5,True,False,True,0.0,0.0
write_pair_calibrated_c1_b384,boytakepath,749,0,0,4,True,False,True,0.0,0.0
write_pair_calibrated_c1_b384,boytakepath,750,0,0,4,True,False,True,0.0,0.0
write_pair_calibrated_c1_b384,boytakepath,752,0,1,0,False,False,True,0.0003372904525808522,0.3649027804222571
write_pair_calibrated_c1_b384,boytakepath,779,0,0,2,True,False,True,0.8329365364093358,0.8329365364093358
write_pair_calibrated_c1_b384,dotat43,92,0,2,0,False,False,True,0.0,0.0
write_pair_calibrated_c1_b384,dotat43,95,0,1,0,False,False,True,0.0,0.0
write_pair_calibrated_c1_b384,dotat43,107,0,0,0,False,False,True,0.0,0.8846099606953358
write_pair_calibrated_c1_b384,dotat43,173,0,0,2,True,False,True,0.7510480450964118,0.7510480450964118
write_pair_calibrated_c1_b384,dotat43,226,0,0,0,False,False,True,0.0,0.8728781851341443
write_pair_calibrated_c1_b384,dotat43,228,0,1,0,False,False,True,0.8834131148539676,0.0
write_pair_calibrated_c1_b384,dotat43,237,0,1,0,False,False,True,0.0,0.749474931062204
write_pair_calibrated_c1_b384,dotat43,256,0,1,0,False,False,True,0.7939599278606502,0.0
write_pair_calibrated_c1_b384,dotat43,257,0,1,0,False,False,True,0.0,0.7610552370049926
write_pair_calibrated_c1_b384,dotat43,262,0,1,0,False,False,True,0.8066678400991457,0.0
write_pair_calibrated_c1_b384,dotat43,266,0,2,0,False,False,True,0.0,0.8045900556711141
write_pair_calibrated_c1_b384,dotat43,269,0,1,0,False,False,True,0.8094166339332309,0.0
write_pair_calibrated_c1_b384,dotat43,281,0,1,0,False,False,True,0.0,0.7681930629422102
write_pair_calibrated_c1_b384,dotat43,337,0,0,0,False,False,True,0.6678114704586794,0.0
write_pair_calibrated_c1_b384,dotat43,340,0,0,0,False,False,True,0.0,0.8058981302764137
write_pair_calibrated_c1_b384,dotat43,387,0,0,2,True,False,True,0.8066827246633603,0.8066827246633603
write_pair_calibrated_c1_b384,dotat43,417,0,0,0,False,False,True,0.9447684624508593,0.0
write_pair_calibrated_c1_b384,dotat43,421,0,0,0,False,False,True,0.0,0.9224678564148615
write_pair_calibrated_c1_b384,dotat43,429,0,0,0,False,False,True,0.0,0.7718214086661314
write_pair_calibrated_c1_b384,dotat43,434,0,1,0,False,False,True,0.0,0.0
write_pair_calibrated_c1_b384,dotat43,435,0,2,0,False,False,True,0.0,0.6624174987527665
write_pair_calibrated_c1_b384,dotat43,443,0,1,0,False,False,True,0.6706342051459457,0.0
write_pair_calibrated_c1_b384,dotat43,445,0,4,0,False,False,True,0.0,0.6636605282130363
write_pair_calibrated_c1_b384,dotat43,453,0,1,0,False,False,True,0.0,0.0
write_pair_calibrated_c1_b384,dotat43,455,0,0,0,False,False,True,0.0,0.8106517440705892
write_pair_calibrated_c1_b384,dotat43,469,0,3,0,False,False,True,0.7049865148305619,0.0
write_pair_calibrated_c1_b384,dotat43,470,0,2,4,True,False,True,0.0,0.5504269813112094
write_pair_calibrated_c1_b384,dotat43,488,0,3,0,False,False,True,0.0,0.0
write_pair_calibrated_c1_b384,dotat43,489,0,0,0,False,False,True,0.0,0.0
write_pair_calibrated_c1_b384,dotat43,490,0,0,0,False,False,True,0.0,0.0
write_pair_calibrated_c1_b384,dotat43,491,0,2,0,False,False,True,0.0,0.0
write_pair_calibrated_c1_b384,dotat43,493,0,0,4,True,False,True,0.0,0.0
write_pair_calibrated_c1_b384,dotat43,495,0,2,0,False,False,True,0.0,0.0
write_pair_calibrated_c1_b384,dotat43,496,0,0,2,True,False,True,0.0,0.788672011563714
write_pair_calibrated_c1_b384,dotat43,501,0,3,0,False,False,True,0.0,0.0
write_pair_calibrated_c1_b384,dotat43,506,0,3,4,True,False,True,0.0,0.0
write_pair_calibrated_c1_b384,dotat43,507,0,3,2,True,False,True,0.0,0.6586428468434238
write_pair_calibrated_c1_b384,dotat43,511,0,1,0,False,False,True,0.2744146204521832,0.29156224924055074
write_pair_calibrated_c1_b384,dotat43,513,0,0,4,True,False,True,0.22233506039700254,0.22233506039700254
write_pair_calibrated_c1_b384,dotat43,528,0,0,2,True,False,True,0.8109568338948918,0.8109568338948918
write_pair_calibrated_c1_b384,dotat43,531,0,2,0,False,False,True,0.0,0.7352808876801857
write_pair_calibrated_c1_b384,dotat43,535,0,4,0,False,False,True,0.0,0.0
write_pair_calibrated_c1_b384,dotat43,540,0,0,2,True,False,True,0.6946119024687911,0.0
write_pair_calibrated_c1_b384,dotat43,541,0,1,0,False,False,True,0.0,0.0
write_pair_calibrated_c1_b384,dotat43,542,0,1,0,False,False,True,0.0,0.0
write_pair_calibrated_c1_b384,dotat43,543,0,1,0,False,False,True,0.0,0.0
write_pair_calibrated_c1_b384,dotat43,544,0,1,0,False,False,True,0.0,0.0
write_pair_calibrated_c1_b384,dotat43,545,0,1,0,False,False,True,0.0,0.0
write_pair_calibrated_c1_b384,dotat43,546,0,0,2,True,False,True,0.0,0.0
write_pair_calibrated_c1_b384,dotat43,547,0,1,0,False,False,True,0.0,0.0
write_pair_calibrated_c1_b384,dotat43,548,0,0,4,True,False,True,0.0,0.0
write_pair_calibrated_c1_b384,dotat43,549,4,0,4,True,False,True,0.0,0.928997654169387
write_pair_calibrated_c1_b384,dotat43,598,0,3,0,False,False,True,0.7405128150321072,0.0
write_pair_calibrated_c1_b384,dotat43,605,0,0,0,False,False,True,0.0,0.0
write_pair_calibrated_c1_b384,dotat43,606,0,0,0,False,False,True,0.0,0.0
write_pair_calibrated_c1_b384,dotat43,609,4,2,4,True,False,True,0.0,0.0
write_pair_calibrated_c1_b384,dotat43,610,0,1,5,True,False,True,0.0,0.0
write_pair_calibrated_c1_b384,dotat43,611,0,0,0,False,False,True,0.0,0.0
write_pair_calibrated_c1_b384,dotat43,612,0,1,0,False,False,True,0.0,0.0
write_pair_calibrated_c1_b384,dotat43,613,0,1,2,True,False,True,0.0,0.20134109968316521
write_pair_calibrated_c1_b384,dotat43,615,0,1,0,False,False,True,0.0,0.7515267147152315
write_pair_calibrated_c1_b384,dotat43,616,0,1,0,False,False,True,0.7122124445813283,0.0
write_pair_calibrated_c1_b384,dotat43,618,0,4,2,True,False,True,0.0,0.0
write_pair_calibrated_c1_b384,dotat43,620,4,1,4,True,False,True,0.0,0.0
write_pair_calibrated_c1_b384,dotat43,622,0,2,0,False,False,True,0.0,0.0
write_pair_calibrated_c1_b384,dotat43,628,0,1,0,False,False,True,0.0,0.0
write_pair_calibrated_c1_b384,dotat43,630,0,2,4,True,False,True,0.0,0.0
write_pair_calibrated_c1_b384,dotat43,631,0,3,2,True,False,True,0.0,0.0
write_pair_calibrated_c1_b384,dotat43,632,0,2,2,True,False,True,0.0,0.0
write_pair_calibrated_c1_b384,dotat43,633,0,0,0,False,False,True,0.0,0.0
write_pair_calibrated_c1_b384,dotat43,661,0,2,2,True,False,True,0.6566370640836857,0.8972541916790694
write_pair_calibrated_c1_b384,dotat43,686,0,0,2,True,False,True,0.7998446614238153,0.7998446614238153
write_pair_calibrated_c1_b384,dotat43,706,0,1,0,False,False,True,0.7857911788052957,0.0
write_pair_calibrated_c1_b384,dotat43,707,0,0,0,False,False,True,0.0,0.7842849942439257
write_pair_calibrated_c1_b384,dotat43,713,0,1,0,False,False,True,0.8394965855014916,0.0
write_pair_calibrated_c1_b384,dotat43,714,0,1,2,True,False,True,0.0,0.7453293421907381
write_pair_calibrated_c1_b384,dotat43,715,0,2,0,False,False,True,0.7850092569377871,0.0
write_pair_calibrated_c1_b384,dotat43,717,0,0,0,False,False,True,0.0,0.8137629673134407
write_pair_calibrated_c1_b384,dotat43,727,0,1,0,False,False,True,0.0,0.6821856192964874
write_pair_calibrated_c1_b384,dotat43,731,0,3,0,False,False,True,0.0,0.2665071793369839
write_pair_calibrated_c1_b384,dotat43,732,0,0,0,False,False,True,0.0,0.056870026957662544
write_pair_calibrated_c1_b384,dotat43,747,0,1,0,False,False,True,0.787206591873589,0.0
write_pair_calibrated_c1_b384,dotat43,750,0,3,2,True,False,True,0.771327552767778,0.0
write_pair_calibrated_c1_b384,dotat43,766,0,3,0,False,False,True,0.0,0.8732678830761202
write_pair_calibrated_c1_b384,dotat43,767,0,3,0,False,False,True,0.8497744190604609,0.0
write_pair_calibrated_c1_b384,dotat43,770,0,2,0,False,False,True,0.0,0.0
write_pair_calibrated_c1_b384,dotat43,771,0,1,0,False,False,True,0.0,0.0
write_pair_calibrated_c1_b384,dotat43,779,0,1,0,False,False,True,0.0,0.0
write_pair_calibrated_c1_b384,dotat43,783,0,1,0,False,False,True,0.0,0.0
write_pair_calibrated_c1_b384,dotat43,788,0,1,0,False,False,True,0.0,0.8503586261205665
write_pair_calibrated_c1_b384,dotat43,807,0,0,0,False,False,True,0.02199587189805157,0.6718668352973582
write_pair_calibrated_c1_b384,dotat43,817,0,1,0,False,False,True,0.9070446651372913,0.0
write_pair_calibrated_c1_b384,dotat43,818,0,0,0,False,False,True,0.0016312248046674628,0.0
write_pair_calibrated_c1_b384,dotat43,819,0,1,2,True,False,True,0.0,0.5268742203203984
write_pair_calibrated_c1_b384,dotat43,832,0,0,0,False,False,True,0.8028058333738369,0.016308057302223917
write_pair_calibrated_c1_b384,dotat43,838,0,0,0,False,False,True,0.026811102172903382,0.825002222605418
write_pair_calibrated_c1_b384,dotat43,845,0,0,0,False,False,True,0.7692238121242994,0.0
write_pair_calibrated_c1_b384,dotat43,847,0,1,0,False,False,True,0.0,0.0
write_pair_calibrated_c1_b384,dotat43,848,0,2,0,False,False,True,0.0,0.6838751903599829
write_pair_calibrated_c1_b384,dotat43,853,0,1,0,False,False,True,0.40481439986393264,0.0
write_pair_calibrated_c1_b384,dotat43,854,0,0,2,True,False,True,0.0,0.60971007409078
write_pair_calibrated_c1_b384,dotat43,912,0,3,0,False,False,True,0.8334362547730354,0.0
write_pair_calibrated_c1_b384,dotat43,913,0,1,0,False,False,True,0.0,0.0
write_pair_calibrated_c1_b384,dotat43,926,0,0,2,True,False,True,0.8359731691120323,0.8359731691120323
write_pair_calibrated_c1_b384,dotat43,927,0,0,2,True,False,True,0.7830732502552953,0.7830732502552953
write_pair_calibrated_c1_b384,dotat43,928,0,0,2,True,False,True,0.8440952704037085,0.8440952704037085
write_pair_calibrated_c1_b384,dotat43,929,0,0,2,True,False,True,0.8458416455704206,0.8458416455704206
write_pair_calibrated_c1_b384,easy_4women,159,0,0,4,True,False,True,0.8710858960398954,0.8710858960398954
write_pair_calibrated_c1_b384,exercisebook,165,0,1,0,False,False,True,0.7273686877566635,0.0753585967595171
write_pair_calibrated_c1_b384,exercisebook,171,0,0,0,False,False,True,0.05605512898026413,0.5350958532768968
write_pair_calibrated_c1_b384,exercisebook,180,0,1,0,False,False,True,0.08923410515867368,0.9150042435230779
write_pair_calibrated_c1_b384,exercisebook,322,0,1,0,False,False,True,0.05337961336911073,0.7161732898073853
write_pair_calibrated_c1_b384,exercisebook,360,0,1,0,False,False,True,0.0,0.8442081082644993
write_pair_calibrated_c1_b384,exercisebook,363,0,0,0,False,False,True,0.8877899000800973,0.1043325798201152
write_pair_calibrated_c1_b384,exercisebook,386,0,1,0,False,False,True,0.6470751642189352,0.4334090960143303
write_pair_calibrated_c1_b384,exercisebook,757,0,1,0,False,False,True,0.3582371999934173,0.0
write_pair_calibrated_c1_b384,exercisebook,759,0,1,0,False,False,True,0.0,0.3860941677925213
write_pair_calibrated_c1_b384,exercisebook,847,2,0,2,True,False,True,0.3670185687979736,0.13557445567518858
write_pair_calibrated_c1_b384,exercisebook,856,0,0,0,False,False,True,0.0,0.37945018890707277
write_pair_calibrated_c1_b384,exercisebook,862,0,1,0,False,False,True,0.4644921260203782,0.0
write_pair_calibrated_c1_b384,exercisebook,916,0,0,0,False,False,True,0.8888792829029599,0.0
write_pair_calibrated_c1_b384,exercisebook,940,0,0,6,True,False,True,0.6176109260232296,0.6176109260232296
write_pair_calibrated_c1_b384,exercisebook,977,0,1,0,False,False,True,0.42665877159813953,0.0
write_pair_calibrated_c1_b384,exercisebook,988,0,0,2,True,False,True,0.0,0.0
write_pair_calibrated_c1_b384,exercisebook,989,6,0,6,True,False,True,0.0,0.0
write_pair_calibrated_c1_b384,exercisebook,990,0,0,2,True,False,True,0.0,0.0
write_pair_calibrated_c1_b384,exercisebook,991,0,1,2,True,False,True,0.0,0.38414044140407544
write_pair_calibrated_c1_b384,exercisebook,1116,0,0,0,False,False,True,0.06999662338110837,0.7563969636881118
write_pair_calibrated_c1_b384,exercisebook,1156,0,1,0,False,False,True,0.0,0.7173440303063011
write_pair_calibrated_c1_b384,exercisebook,1157,0,0,4,True,False,True,0.5557236733330347,0.5557236733330347
write_pair_calibrated_c1_b384,exercisebook,1158,0,0,4,True,False,True,0.6316318796876027,0.6316318796876027
write_pair_calibrated_c1_b384,exercisebook,1159,0,0,4,True,False,True,0.8446598487193465,0.8446598487193465
write_pair_calibrated_c1_b384,folddenumbrellainhand,16,1,4,1,True,False,True,0.060089960093817354,0.39284959389689694
write_pair_calibrated_c1_b384,girlblack,195,0,1,0,False,False,True,0.0,0.7987871667711862
write_pair_calibrated_c1_b384,girlblack,323,4,0,4,True,False,True,0.0,0.7288505893434867
write_pair_calibrated_c1_b384,girlblack,324,0,0,0,False,False,True,0.0,0.7938717105108346
write_pair_calibrated_c1_b384,girlblack,328,5,1,5,True,False,True,0.0,0.6104110917644047
write_pair_calibrated_c1_b384,girlblack,350,4,1,4,True,False,True,0.0,0.7368989371169812
write_pair_calibrated_c1_b384,girlblack,354,0,0,4,True,False,True,0.0,0.0
write_pair_calibrated_c1_b384,girlintrees,13,2,0,2,True,False,True,0.45370731884671,0.0
write_pair_calibrated_c1_b384,girlintrees,18,0,0,4,True,False,True,0.0,0.0
write_pair_calibrated_c1_b384,girlintrees,19,0,1,0,False,False,True,0.0,0.04649915583141196
write_pair_calibrated_c1_b384,girlintrees,20,2,0,2,True,False,True,0.0,0.0
write_pair_calibrated_c1_b384,girlintrees,25,0,1,0,False,False,True,0.0,0.6162201471553373
write_pair_calibrated_c1_b384,girlintrees,55,0,0,2,True,False,True,0.5991591151561787,0.5991591151561787
write_pair_calibrated_c1_b384,guardatbike_ab,45,0,0,4,True,False,False,,
write_pair_calibrated_c1_b384,guardatbike_ab,46,0,0,4,True,False,False,,
write_pair_calibrated_c1_b384,guardatbike_ab,48,0,0,4,True,False,False,,
write_pair_calibrated_c1_b384,guardatbike_ab,49,0,0,4,True,False,False,,
write_pair_calibrated_c1_b384,guardatbike_ab,50,0,2,4,True,False,False,,
write_pair_calibrated_c1_b384,guardatbike_ab,78,0,0,4,True,False,True,0.0,0.0
write_pair_calibrated_c1_b384,guardatbike_ab,79,0,0,4,True,False,True,0.0,0.0
write_pair_calibrated_c1_b384,guardatbike_ab,80,0,0,4,True,False,True,0.0,0.0
write_pair_calibrated_c1_b384,guardatbike_ab,81,0,0,4,True,False,True,0.0,0.0
write_pair_calibrated_c1_b384,guardatbike_ab,82,0,0,4,True,False,True,0.0,0.0
write_pair_calibrated_c1_b384,guardatbike_ab,83,0,0,4,True,False,True,0.0,0.0
write_pair_calibrated_c1_b384,guardatbike_ab,84,0,0,4,True,False,True,0.0,0.0
write_pair_calibrated_c1_b384,guardatbike_ab,85,0,0,4,True,False,True,0.0,0.0
write_pair_calibrated_c1_b384,guardatbike_ab,86,0,0,4,True,False,True,0.0,0.0
write_pair_calibrated_c1_b384,guardatbike_ab,87,0,0,4,True,False,True,0.0,0.0
write_pair_calibrated_c1_b384,guardatbike_ab,88,0,0,4,True,False,True,0.0,0.0
write_pair_calibrated_c1_b384,guardatbike_ab,89,0,0,4,True,False,True,0.0,0.0
write_pair_calibrated_c1_b384,guardatbike_ab,90,0,0,4,True,False,True,0.0,0.0
write_pair_calibrated_c1_b384,guardatbike_ab,91,0,0,4,True,False,True,0.0,0.0
write_pair_calibrated_c1_b384,guardatbike_ab,92,0,0,4,True,False,True,0.0,0.0
write_pair_calibrated_c1_b384,guardatbike_ab,93,4,0,4,True,False,True,0.0,0.0
write_pair_calibrated_c1_b384,guardatbike_ab,94,4,4,4,True,False,True,0.0,0.0
write_pair_calibrated_c1_b384,guardatbike_ab,95,4,0,4,True,False,True,0.0,0.0
write_pair_calibrated_c1_b384,guardatbike_ab,96,0,1,4,True,False,True,0.0,0.34400513340723055
write_pair_calibrated_c1_b384,guardman,71,0,0,2,True,False,True,0.0,0.6159937534548741
write_pair_calibrated_c1_b384,guardman,72,0,0,2,True,False,True,0.715074480735865,0.715074480735865
write_pair_calibrated_c1_b384,guardman,73,0,1,2,True,False,True,0.6462128388006186,0.0
write_pair_calibrated_c1_b384,guardman,79,0,0,4,True,False,True,0.0,0.0
write_pair_calibrated_c1_b384,guardman,81,0,1,4,True,False,True,0.0,0.0
write_pair_calibrated_c1_b384,guardman,82,0,0,2,True,False,True,0.0,0.0
write_pair_calibrated_c1_b384,guardman,84,0,0,1,True,False,True,0.0,0.0
write_pair_calibrated_c1_b384,guardman,89,0,0,4,True,False,True,0.0,0.0
write_pair_calibrated_c1_b384,guardman,91,0,0,4,True,False,True,0.0,0.0
write_pair_calibrated_c1_b384,guardman,99,0,0,4,True,False,True,0.0,0.0
write_pair_calibrated_c1_b384,guardman,101,0,0,4,True,False,True,0.0,0.0
write_pair_calibrated_c1_b384,guardman,110,0,0,4,True,False,True,0.0,0.0
write_pair_calibrated_c1_b384,guardman,111,0,0,4,True,False,True,0.0,0.0
write_pair_calibrated_c1_b384,leftbasketball,55,0,0,4,True,False,True,0.256889743068045,0.256889743068045
write_pair_calibrated_c1_b384,leftbasketball,56,0,0,4,True,False,True,0.29513400957046687,0.29513400957046687
write_pair_calibrated_c1_b384,leftbasketball,57,4,0,4,True,False,True,0.4019724583334722,0.0
write_pair_calibrated_c1_b384,leftbasketball,58,0,0,4,True,False,True,0.0,0.0
write_pair_calibrated_c1_b384,leftbasketball,59,0,0,4,True,False,True,0.0,0.0
write_pair_calibrated_c1_b384,leftbasketball,60,0,0,4,True,False,True,0.0,0.0
write_pair_calibrated_c1_b384,leftbasketball,61,0,0,4,True,False,True,0.0,0.0
write_pair_calibrated_c1_b384,leftbasketball,62,0,0,4,True,False,True,0.0,0.0
write_pair_calibrated_c1_b384,leftbasketball,63,0,0,4,True,False,True,0.0,0.0
write_pair_calibrated_c1_b384,leftbasketball,64,0,0,4,True,False,True,0.0,0.0
write_pair_calibrated_c1_b384,leftbasketball,65,0,0,4,True,False,True,0.0,0.0
write_pair_calibrated_c1_b384,leftbasketball,66,0,0,4,True,False,True,0.0,0.0
write_pair_calibrated_c1_b384,leftbasketball,67,0,0,4,True,False,True,0.0,0.0
write_pair_calibrated_c1_b384,leftbasketball,72,0,1,4,True,False,True,0.0,0.0
write_pair_calibrated_c1_b384,leftbasketball,81,0,0,2,True,False,True,0.0,0.0
write_pair_calibrated_c1_b384,leftbasketball,82,0,0,2,True,False,True,0.0,0.0
write_pair_calibrated_c1_b384,leftbasketball,84,0,0,4,True,False,True,0.0,0.0
write_pair_calibrated_c1_b384,leftbasketball,86,0,0,4,True,False,True,0.0,0.0
write_pair_calibrated_c1_b384,leftbasketball,87,0,0,2,True,False,True,0.0,0.0
write_pair_calibrated_c1_b384,leftbasketball,88,0,0,4,True,False,True,0.0,0.0
write_pair_calibrated_c1_b384,leftbasketball,96,0,1,0,False,False,True,0.0,0.0
write_pair_calibrated_c1_b384,leftbasketball,97,0,0,4,True,False,True,0.0,0.0
write_pair_calibrated_c1_b384,leftbasketball,98,4,3,4,True,False,True,0.0,0.0
write_pair_calibrated_c1_b384,leftbasketball,99,0,0,4,False,False,True,0.0,0.0
write_pair_calibrated_c1_b384,leftbasketball,100,0,0,4,True,False,True,0.0,0.0
write_pair_calibrated_c1_b384,leftbasketball,101,0,0,4,True,False,True,0.0,0.0
write_pair_calibrated_c1_b384,leftbasketball,102,0,0,4,True,False,True,0.0,0.0
write_pair_calibrated_c1_b384,leftbasketball,103,0,0,4,True,False,True,0.0,0.0
write_pair_calibrated_c1_b384,leftbasketball,104,4,2,4,True,False,True,0.0,0.0
write_pair_calibrated_c1_b384,leftbasketball,105,4,3,4,True,False,True,0.0,0.0
write_pair_calibrated_c1_b384,leftbasketball,106,0,0,4,True,False,True,0.0,0.0
write_pair_calibrated_c1_b384,leftbasketball,107,0,1,4,True,False,True,0.0,0.0
write_pair_calibrated_c1_b384,leftbasketball,108,0,2,4,True,False,True,0.0,0.0
write_pair_calibrated_c1_b384,leftbasketball,109,0,0,2,True,False,True,0.0,0.0
write_pair_calibrated_c1_b384,leftbasketball,110,0,0,4,True,False,True,0.0,0.0
write_pair_calibrated_c1_b384,leftbasketball,112,0,0,4,True,False,True,0.0,0.0
write_pair_calibrated_c1_b384,leftbasketball,113,4,2,4,True,False,True,0.0,0.0
write_pair_calibrated_c1_b384,leftbasketball,114,0,0,4,True,False,True,0.0,0.0
write_pair_calibrated_c1_b384,leftbasketball,115,0,0,4,True,False,True,0.0,0.0
write_pair_calibrated_c1_b384,leftbasketball,117,0,1,4,True,False,True,0.0,0.0
write_pair_calibrated_c1_b384,leftbasketball,118,0,0,2,True,False,True,0.0,0.0
write_pair_calibrated_c1_b384,leftbasketball,119,0,0,4,True,False,True,0.0,0.0
write_pair_calibrated_c1_b384,leftbasketball,120,4,0,4,True,False,True,0.0,0.0
write_pair_calibrated_c1_b384,leftbasketball,121,4,0,4,True,False,True,0.0,0.0
write_pair_calibrated_c1_b384,leftbasketball,122,0,0,4,True,False,True,0.0,0.0
write_pair_calibrated_c1_b384,leftbasketball,123,0,0,4,True,False,True,0.0,0.0
write_pair_calibrated_c1_b384,leftbasketball,124,0,0,4,True,False,True,0.0,0.0
write_pair_calibrated_c1_b384,leftbasketball,125,0,0,2,True,False,True,0.0,0.0
write_pair_calibrated_c1_b384,leftbasketball,126,0,0,4,True,False,True,0.0,0.0
write_pair_calibrated_c1_b384,leftbasketball,127,0,0,2,True,False,True,0.0,0.0
write_pair_calibrated_c1_b384,leftbasketball,128,0,0,4,True,False,True,0.0,0.0
write_pair_calibrated_c1_b384,leftbasketball,129,0,0,4,True,False,True,0.0,0.0
write_pair_calibrated_c1_b384,leftbasketball,130,0,0,4,True,False,True,0.0,0.0
write_pair_calibrated_c1_b384,leftbasketball,131,0,0,4,True,False,True,0.0,0.0
write_pair_calibrated_c1_b384,leftbasketball,132,0,0,4,True,False,True,0.0,0.0
write_pair_calibrated_c1_b384,leftbasketball,133,0,4,4,True,False,True,0.0,0.0
write_pair_calibrated_c1_b384,leftbasketball,134,0,0,2,True,False,True,0.0,0.0
write_pair_calibrated_c1_b384,leftbasketball,135,4,1,4,True,False,True,0.0,0.0
write_pair_calibrated_c1_b384,leftbasketball,136,0,0,4,True,False,True,0.0,0.0
write_pair_calibrated_c1_b384,leftbasketball,137,0,0,4,True,False,True,0.0,0.0
write_pair_calibrated_c1_b384,leftbasketball,139,0,0,4,False,False,True,0.0,0.0
write_pair_calibrated_c1_b384,leftbasketball,141,0,0,4,True,False,True,0.0,0.0
write_pair_calibrated_c1_b384,leftbasketball,142,0,0,4,False,False,True,0.0,0.0
write_pair_calibrated_c1_b384,leftbasketball,143,0,0,4,True,False,True,0.0,0.0
write_pair_calibrated_c1_b384,leftbasketball,144,4,2,4,True,False,True,0.0,0.0
write_pair_calibrated_c1_b384,leftbasketball,145,0,0,4,True,False,True,0.0,0.0
write_pair_calibrated_c1_b384,leftbasketball,146,0,1,2,True,False,True,0.0,0.0
write_pair_calibrated_c1_b384,leftbasketball,152,0,0,4,True,False,True,0.0,0.0
write_pair_calibrated_c1_b384,leftbasketball,155,0,0,4,True,False,True,0.0,0.0
write_pair_calibrated_c1_b384,leftbasketball,156,4,2,4,True,False,True,0.0,0.0
write_pair_calibrated_c1_b384,leftbasketball,157,0,0,2,True,False,True,0.0,0.0
write_pair_calibrated_c1_b384,leftbasketball,158,4,2,4,True,False,True,0.0,0.0
write_pair_calibrated_c1_b384,leftbasketball,159,4,1,4,True,False,True,0.0,0.0
write_pair_calibrated_c1_b384,leftbasketball,160,4,2,4,True,False,True,0.0,0.0
write_pair_calibrated_c1_b384,leftbasketball,161,0,1,4,True,False,True,0.0,0.0
write_pair_calibrated_c1_b384,leftbasketball,162,0,0,4,True,False,True,0.0,0.0
write_pair_calibrated_c1_b384,leftbasketball,163,0,0,4,True,False,True,0.0,0.0
write_pair_calibrated_c1_b384,leftbasketball,164,0,3,4,True,False,True,0.0,0.0
write_pair_calibrated_c1_b384,leftbasketball,165,0,0,4,False,False,True,0.0,0.0
write_pair_calibrated_c1_b384,leftbasketball,166,0,0,4,True,False,True,0.0,0.0
write_pair_calibrated_c1_b384,leftbasketball,167,0,0,4,True,False,True,0.0,0.0
write_pair_calibrated_c1_b384,leftbasketball,168,4,2,4,True,False,True,0.0,0.0
write_pair_calibrated_c1_b384,leftbasketball,169,0,0,4,True,False,True,0.0,0.0
write_pair_calibrated_c1_b384,leftbasketball,170,0,2,4,True,False,True,0.0,0.0
write_pair_calibrated_c1_b384,leftbasketball,171,0,1,2,True,False,True,0.0,0.0
write_pair_calibrated_c1_b384,leftbasketball,175,0,0,4,True,False,True,0.0,0.0
write_pair_calibrated_c1_b384,leftbasketball,177,0,0,4,True,False,True,0.0,0.0
write_pair_calibrated_c1_b384,leftbasketball,178,0,0,4,True,False,True,0.0,0.0
write_pair_calibrated_c1_b384,leftbasketball,179,0,0,4,True,False,True,0.0,0.0
write_pair_calibrated_c1_b384,leftbasketball,180,0,3,4,True,False,True,0.0,0.0
write_pair_calibrated_c1_b384,leftbasketball,181,0,0,1,True,False,True,0.0,0.0
write_pair_calibrated_c1_b384,leftbasketball,182,0,0,4,True,False,True,0.0,0.0
write_pair_calibrated_c1_b384,leftbasketball,184,0,0,4,True,False,True,0.0,0.0
write_pair_calibrated_c1_b384,leftbasketball,185,0,0,4,True,False,True,0.0,0.0
write_pair_calibrated_c1_b384,leftbasketball,186,0,0,4,True,False,True,0.0,0.0
write_pair_calibrated_c1_b384,leftbasketball,187,0,0,4,True,False,True,0.0,0.0
write_pair_calibrated_c1_b384,leftbasketball,188,0,0,4,True,False,True,0.0,0.0
write_pair_calibrated_c1_b384,leftbasketball,189,0,2,4,True,False,True,0.0,0.0
write_pair_calibrated_c1_b384,leftbasketball,190,0,0,1,True,False,True,0.0,0.0
write_pair_calibrated_c1_b384,leftbasketball,191,0,0,4,True,False,True,0.0,0.0
write_pair_calibrated_c1_b384,leftbasketball,192,0,0,4,True,False,True,0.0,0.0
write_pair_calibrated_c1_b384,leftbasketball,193,0,0,4,True,False,True,0.0,0.0
write_pair_calibrated_c1_b384,leftbasketball,194,0,0,4,True,False,True,0.0,0.0
write_pair_calibrated_c1_b384,leftbasketball,196,4,1,4,True,False,True,0.0,0.0
write_pair_calibrated_c1_b384,leftbasketball,198,0,0,4,True,False,True,0.0,0.0
write_pair_calibrated_c1_b384,leftbasketball,199,0,0,4,True,False,True,0.0,0.0
write_pair_calibrated_c1_b384,leftbasketball,200,0,0,4,True,False,True,0.0,0.0
write_pair_calibrated_c1_b384,leftbasketball,205,0,0,4,True,False,True,0.0,0.0
write_pair_calibrated_c1_b384,leftbasketball,206,0,0,4,True,False,True,0.0,0.0
write_pair_calibrated_c1_b384,leftbasketball,207,4,1,4,True,False,True,0.0,0.0
write_pair_calibrated_c1_b384,leftbasketball,208,4,1,4,True,False,True,0.0,0.0
write_pair_calibrated_c1_b384,leftbasketball,209,0,0,2,True,False,True,0.0,0.0
write_pair_calibrated_c1_b384,leftbasketball,210,0,0,4,True,False,True,0.0,0.0
write_pair_calibrated_c1_b384,leftbasketball,211,0,0,4,True,False,True,0.0,0.0
write_pair_calibrated_c1_b384,leftbasketball,212,0,0,4,True,False,True,0.0,0.0
write_pair_calibrated_c1_b384,leftbasketball,213,0,0,4,True,False,True,0.0,0.0
write_pair_calibrated_c1_b384,leftbasketball,214,0,0,4,True,False,True,0.0,0.0
write_pair_calibrated_c1_b384,leftbasketball,215,0,0,4,True,False,True,0.0,0.0
write_pair_calibrated_c1_b384,leftbasketball,216,0,0,4,True,False,True,0.0,0.0
write_pair_calibrated_c1_b384,leftbasketball,217,0,0,4,True,False,True,0.0,0.0
write_pair_calibrated_c1_b384,leftbasketball,218,0,0,4,True,False,True,0.0,0.0
write_pair_calibrated_c1_b384,leftbasketball,219,0,0,4,True,False,True,0.0,0.0
write_pair_calibrated_c1_b384,leftbasketball,220,0,0,4,True,False,True,0.0,0.0
write_pair_calibrated_c1_b384,leftbasketball,221,0,0,4,True,False,True,0.0,0.0
write_pair_calibrated_c1_b384,leftbasketball,222,4,1,4,True,False,True,0.0,0.0
write_pair_calibrated_c1_b384,leftbasketball,223,0,0,4,True,False,True,0.0,0.0
write_pair_calibrated_c1_b384,leftbasketball,224,0,0,4,True,False,True,0.0,0.0
write_pair_calibrated_c1_b384,leftbasketball,225,0,0,4,True,False,True,0.0,0.0
write_pair_calibrated_c1_b384,leftbasketball,226,0,0,4,True,False,True,0.0,0.0
write_pair_calibrated_c1_b384,leftbasketball,227,0,0,4,True,False,True,0.0,0.0
write_pair_calibrated_c1_b384,leftbasketball,228,0,0,4,True,False,True,0.0,0.0
write_pair_calibrated_c1_b384,leftbasketball,229,0,0,4,True,False,True,0.0,0.0
write_pair_calibrated_c1_b384,leftbasketball,230,0,0,4,True,False,True,0.0,0.0
write_pair_calibrated_c1_b384,leftbasketball,231,0,0,4,True,False,True,0.0,0.0
write_pair_calibrated_c1_b384,leftbasketball,232,0,0,4,True,False,True,0.0,0.0
write_pair_calibrated_c1_b384,leftbasketball,233,0,0,4,True,False,True,0.0,0.0
write_pair_calibrated_c1_b384,leftbasketball,234,0,0,4,True,False,True,0.0,0.0
write_pair_calibrated_c1_b384,leftbasketball,235,4,2,4,True,False,True,0.0,0.0
write_pair_calibrated_c1_b384,leftbasketball,236,0,0,4,True,False,True,0.0,0.0
write_pair_calibrated_c1_b384,leftbasketball,237,0,0,4,True,False,True,0.0,0.0
write_pair_calibrated_c1_b384,leftbasketball,238,0,0,4,True,False,True,0.0,0.0
write_pair_calibrated_c1_b384,leftbasketball,239,0,0,2,True,False,True,0.0,0.0
write_pair_calibrated_c1_b384,leftbasketball,240,4,3,4,True,False,True,0.0,0.0
write_pair_calibrated_c1_b384,leftbasketball,241,0,0,4,True,False,True,0.0,0.0
write_pair_calibrated_c1_b384,leftbasketball,242,0,0,2,True,False,True,0.0,0.0
write_pair_calibrated_c1_b384,leftbasketball,243,0,0,4,True,False,True,0.0,0.0
write_pair_calibrated_c1_b384,leftbasketball,244,0,0,2,True,False,True,0.0,0.0
write_pair_calibrated_c1_b384,leftbasketball,245,0,0,4,True,False,True,0.0,0.0
write_pair_calibrated_c1_b384,leftbasketball,246,0,0,4,True,False,True,0.0,0.0
write_pair_calibrated_c1_b384,leftbasketball,247,0,0,4,True,False,True,0.0,0.0
write_pair_calibrated_c1_b384,leftbasketball,248,0,0,4,True,False,True,0.0,0.0
write_pair_calibrated_c1_b384,leftbasketball,249,0,0,4,True,False,True,0.0,0.0
write_pair_calibrated_c1_b384,leftbasketball,250,0,0,4,True,False,True,0.0,0.0
write_pair_calibrated_c1_b384,leftbasketball,251,0,0,4,True,False,True,0.0,0.0
write_pair_calibrated_c1_b384,leftbasketball,252,0,0,4,True,False,True,0.0,0.0
write_pair_calibrated_c1_b384,leftbasketball,253,0,0,4,True,False,True,0.0,0.0
write_pair_calibrated_c1_b384,leftbasketball,254,4,2,4,True,False,True,0.0,0.0
write_pair_calibrated_c1_b384,leftbasketball,255,2,3,2,True,False,True,0.0,0.0
write_pair_calibrated_c1_b384,leftbasketball,256,4,1,4,True,False,True,0.0,0.0
write_pair_calibrated_c1_b384,leftbasketball,257,0,1,4,False,False,True,0.0,0.0
write_pair_calibrated_c1_b384,leftbasketball,258,4,1,4,True,False,True,0.0,0.0
write_pair_calibrated_c1_b384,leftbasketball,259,0,0,4,True,False,True,0.0,0.0
write_pair_calibrated_c1_b384,leftbasketball,260,4,2,4,True,False,True,0.0,0.0
write_pair_calibrated_c1_b384,leftbasketball,261,2,1,2,True,False,True,0.0,0.0
write_pair_calibrated_c1_b384,leftbasketball,262,4,2,4,True,False,True,0.0,0.0
write_pair_calibrated_c1_b384,leftbasketball,263,0,0,4,True,False,True,0.0,0.0
write_pair_calibrated_c1_b384,leftbasketball,264,0,1,4,True,False,True,0.0,0.19653628370556406
write_pair_calibrated_c1_b384,leftbasketball,265,0,0,1,True,False,True,0.6025572290670884,0.6025572290670884
write_pair_calibrated_c1_b384,leftbasketball,267,0,0,2,True,False,True,0.6534853778123876,0.6534853778123876
write_pair_calibrated_c1_b384,leftbasketball,304,0,0,4,True,False,True,0.6967329173868079,0.6967329173868079
write_pair_calibrated_c1_b384,leftbasketball,305,0,0,4,True,False,True,0.5193979061013926,0.5193979061013926
write_pair_calibrated_c1_b384,leftbasketball,306,0,0,4,True,False,True,0.3462443375031554,0.3462443375031554
write_pair_calibrated_c1_b384,leftbasketball,307,0,0,4,True,False,True,0.4211875047959693,0.4211875047959693
write_pair_calibrated_c1_b384,leftbasketball,308,0,0,4,True,False,True,0.48928309774748824,0.48928309774748824
write_pair_calibrated_c1_b384,leftbasketball,309,0,0,4,True,False,True,0.4102536456950021,0.4102536456950021
write_pair_calibrated_c1_b384,leftbasketball,310,0,0,4,True,False,True,0.4792538345481673,0.4792538345481673
write_pair_calibrated_c1_b384,leftbasketball,311,0,0,4,True,False,True,0.2856795327762105,0.2856795327762105
write_pair_calibrated_c1_b384,leftbasketball,312,0,2,4,True,False,True,0.07210210458774532,0.0
write_pair_calibrated_c1_b384,leftbasketball,313,0,0,4,True,False,True,0.438176354644784,0.438176354644784
write_pair_calibrated_c1_b384,leftbasketball,314,0,0,2,True,False,True,0.1658811476425421,0.1658811476425421
write_pair_calibrated_c1_b384,leftbasketball,315,0,0,4,True,False,True,0.00573065621511086,0.00573065621511086
write_pair_calibrated_c1_b384,leftbasketball,316,0,0,0,False,False,True,0.0,0.7255588729598456
write_pair_calibrated_c1_b384,leftbasketball,325,4,2,4,True,False,True,0.08950855041237425,0.0
write_pair_calibrated_c1_b384,leftbasketball,326,0,3,2,True,False,True,0.0,0.0
write_pair_calibrated_c1_b384,leftbasketball,327,0,1,4,True,False,True,0.0,0.33359784695571715
write_pair_calibrated_c1_b384,leftbasketball,349,0,0,2,True,False,True,0.45910823276167373,0.45910823276167373
write_pair_calibrated_c1_b384,leftbasketball,350,0,0,4,True,False,True,0.29432845767138166,0.29432845767138166
write_pair_calibrated_c1_b384,leftbasketball,351,4,3,4,True,False,True,0.30350317462561227,0.0
write_pair_calibrated_c1_b384,leftbasketball,352,4,0,4,True,False,True,0.0,0.0
write_pair_calibrated_c1_b384,leftbasketball,353,5,3,5,True,False,True,0.0,0.0
write_pair_calibrated_c1_b384,leftbasketball,354,5,3,5,True,False,True,0.0,0.0
write_pair_calibrated_c1_b384,leftbasketball,355,0,1,5,False,False,True,0.0,0.0
write_pair_calibrated_c1_b384,leftbasketball,356,2,4,2,True,False,True,0.0,0.0
write_pair_calibrated_c1_b384,leftbasketball,357,0,0,2,True,False,True,0.0,0.0
write_pair_calibrated_c1_b384,leftbasketball,358,4,3,4,True,False,True,0.0,0.0
write_pair_calibrated_c1_b384,leftbasketball,359,0,0,6,True,False,True,0.0,0.0
write_pair_calibrated_c1_b384,leftbasketball,360,4,2,4,True,False,True,0.0,0.0
write_pair_calibrated_c1_b384,leftbasketball,361,4,4,4,True,False,True,0.0,0.0
write_pair_calibrated_c1_b384,leftbasketball,362,0,0,4,False,False,True,0.0,0.0
write_pair_calibrated_c1_b384,leftbasketball,363,0,0,4,True,False,True,0.0,0.0
write_pair_calibrated_c1_b384,leftbasketball,364,0,0,4,True,False,True,0.0,0.0
write_pair_calibrated_c1_b384,leftbasketball,365,0,1,4,True,False,True,0.0,0.0
write_pair_calibrated_c1_b384,leftbasketball,366,4,0,4,True,False,True,0.0,0.0
write_pair_calibrated_c1_b384,leftbasketball,367,0,1,4,False,False,True,0.0,0.0
write_pair_calibrated_c1_b384,leftbasketball,368,4,3,4,True,False,True,0.0,0.0
write_pair_calibrated_c1_b384,leftbasketball,369,4,3,4,True,False,True,0.0,0.0
write_pair_calibrated_c1_b384,leftbasketball,370,0,0,4,False,False,True,0.0,0.0
write_pair_calibrated_c1_b384,leftbasketball,371,4,1,4,True,False,True,0.0,0.0
write_pair_calibrated_c1_b384,leftbasketball,372,4,1,4,True,False,True,0.0,0.0
write_pair_calibrated_c1_b384,leftbasketball,373,0,0,4,True,False,True,0.0,0.0
write_pair_calibrated_c1_b384,leftbasketball,374,0,0,4,True,False,True,0.0,0.0
write_pair_calibrated_c1_b384,leftbasketball,375,0,0,4,True,False,True,0.0,0.0
write_pair_calibrated_c1_b384,leftbasketball,376,4,3,4,True,False,True,0.0,0.0
write_pair_calibrated_c1_b384,leftbasketball,377,4,3,4,True,False,True,0.0,0.0
write_pair_calibrated_c1_b384,leftbasketball,378,0,0,2,True,False,True,0.0,0.0
write_pair_calibrated_c1_b384,leftbasketball,379,0,0,4,True,False,True,0.0,0.0
write_pair_calibrated_c1_b384,leftbasketball,380,0,1,4,True,False,True,0.0,0.0
write_pair_calibrated_c1_b384,leftbasketball,381,0,1,4,True,False,True,0.0,0.0
write_pair_calibrated_c1_b384,leftbasketball,382,2,4,2,True,False,True,0.0,0.0
write_pair_calibrated_c1_b384,leftbasketball,383,0,3,4,False,False,True,0.0,0.0
write_pair_calibrated_c1_b384,leftbasketball,384,2,4,2,True,False,True,0.0,0.0
write_pair_calibrated_c1_b384,leftbasketball,385,4,3,4,True,False,True,0.0,0.0
write_pair_calibrated_c1_b384,leftbasketball,386,0,2,4,False,False,True,0.0,0.0
write_pair_calibrated_c1_b384,leftbasketball,387,0,2,4,True,False,True,0.0,0.0
write_pair_calibrated_c1_b384,leftbasketball,388,0,1,2,True,False,True,0.0,0.0
write_pair_calibrated_c1_b384,leftbasketball,389,0,0,4,False,False,True,0.0,0.0
write_pair_calibrated_c1_b384,leftbasketball,390,0,0,4,True,False,True,0.0,0.0
write_pair_calibrated_c1_b384,leftbasketball,396,0,1,2,True,False,True,0.0,0.0
write_pair_calibrated_c1_b384,leftbasketball,397,1,3,1,True,False,True,0.0,0.0
write_pair_calibrated_c1_b384,leftbasketball,398,0,0,4,True,False,True,0.0,0.0
write_pair_calibrated_c1_b384,leftbasketball,399,4,1,4,True,False,True,0.0,0.0
write_pair_calibrated_c1_b384,leftbasketball,400,0,2,0,False,False,True,0.0,0.0
write_pair_calibrated_c1_b384,leftbasketball,401,0,1,4,True,False,True,0.0,0.0
write_pair_calibrated_c1_b384,leftbasketball,402,0,2,6,True,False,True,0.0,0.0
write_pair_calibrated_c1_b384,leftbasketball,403,0,0,2,True,False,True,0.0,0.0
write_pair_calibrated_c1_b384,leftbasketball,404,4,3,4,True,False,True,0.0,0.0
write_pair_calibrated_c1_b384,leftbasketball,405,0,1,0,False,False,True,0.0,0.0
write_pair_calibrated_c1_b384,leftbasketball,406,0,0,4,True,False,True,0.0,0.0
write_pair_calibrated_c1_b384,leftbasketball,407,4,1,4,True,False,True,0.0,0.0
write_pair_calibrated_c1_b384,leftbasketball,408,0,0,2,True,False,True,0.0,0.0
write_pair_calibrated_c1_b384,leftbasketball,409,0,0,4,True,False,True,0.0,0.0
write_pair_calibrated_c1_b384,leftbasketball,410,0,0,4,True,False,True,0.0,0.0
write_pair_calibrated_c1_b384,leftbasketball,411,0,0,4,True,False,True,0.0,0.0
write_pair_calibrated_c1_b384,leftbasketball,412,4,2,4,True,False,True,0.0,0.0
write_pair_calibrated_c1_b384,leftbasketball,413,0,0,4,True,False,True,0.0,0.0
write_pair_calibrated_c1_b384,leftbasketball,414,0,0,4,True,False,True,0.0,0.0
write_pair_calibrated_c1_b384,leftbasketball,415,0,0,4,True,False,True,0.0,0.0
write_pair_calibrated_c1_b384,leftbasketball,416,0,0,4,True,False,True,0.0,0.0
write_pair_calibrated_c1_b384,leftbasketball,417,0,2,4,True,False,True,0.0,0.0
write_pair_calibrated_c1_b384,leftbasketball,418,1,3,1,True,False,True,0.0,0.0
write_pair_calibrated_c1_b384,leftbasketball,419,0,0,4,True,False,True,0.0,0.0
write_pair_calibrated_c1_b384,leftbasketball,420,0,0,4,True,False,True,0.0,0.0
write_pair_calibrated_c1_b384,leftbasketball,421,0,0,4,True,False,True,0.0,0.0
write_pair_calibrated_c1_b384,leftbasketball,422,0,0,4,True,False,True,0.0,0.0
write_pair_calibrated_c1_b384,leftbasketball,423,0,0,4,True,False,True,0.0,0.0
write_pair_calibrated_c1_b384,leftbasketball,424,0,0,4,True,False,True,0.0,0.0
write_pair_calibrated_c1_b384,leftbasketball,425,0,0,4,True,False,True,0.0,0.0
write_pair_calibrated_c1_b384,leftbasketball,426,4,0,4,True,False,True,0.0,0.0
write_pair_calibrated_c1_b384,leftbasketball,427,0,0,5,False,False,True,0.0,0.0
write_pair_calibrated_c1_b384,leftbasketball,428,0,0,4,True,False,True,0.0,0.0
write_pair_calibrated_c1_b384,leftbasketball,429,0,0,4,True,False,True,0.0,0.0
write_pair_calibrated_c1_b384,leftbasketball,430,0,0,4,True,False,True,0.0,0.0
write_pair_calibrated_c1_b384,leftbasketball,431,0,0,4,True,False,True,0.0,0.0
write_pair_calibrated_c1_b384,leftbasketball,435,4,2,4,True,False,True,0.0,0.0
write_pair_calibrated_c1_b384,leftbasketball,436,4,2,4,True,False,True,0.0,0.0
write_pair_calibrated_c1_b384,leftbasketball,437,0,0,4,True,False,True,0.0,0.0
write_pair_calibrated_c1_b384,leftbasketball,438,0,0,4,True,False,True,0.0,0.0
write_pair_calibrated_c1_b384,leftbasketball,439,0,0,4,True,False,True,0.0,0.0
write_pair_calibrated_c1_b384,leftbasketball,440,0,0,4,True,False,True,0.0,0.0
write_pair_calibrated_c1_b384,leftbasketball,441,0,0,4,True,False,True,0.0,0.0
write_pair_calibrated_c1_b384,leftbasketball,442,0,1,4,True,False,True,0.0,0.0
write_pair_calibrated_c1_b384,leftbasketball,443,0,0,4,True,False,True,0.0,0.0
write_pair_calibrated_c1_b384,leftbasketball,444,0,0,4,True,False,True,0.0,0.0
write_pair_calibrated_c1_b384,leftbasketball,445,0,2,4,True,False,True,0.0,0.0
write_pair_calibrated_c1_b384,leftbasketball,446,0,0,4,True,False,True,0.0,0.0
write_pair_calibrated_c1_b384,leftbasketball,447,4,2,4,True,False,True,0.0,0.0
write_pair_calibrated_c1_b384,leftbasketball,448,0,0,4,True,False,True,0.0,0.0
write_pair_calibrated_c1_b384,leftbasketball,449,0,0,4,True,False,True,0.0,0.0
write_pair_calibrated_c1_b384,leftbasketball,450,0,0,4,True,False,True,0.0,0.0
write_pair_calibrated_c1_b384,leftbasketball,451,0,0,4,True,False,True,0.0,0.0
write_pair_calibrated_c1_b384,leftbasketball,452,0,0,4,True,False,True,0.0,0.0
write_pair_calibrated_c1_b384,leftbasketball,453,0,0,2,True,False,True,0.0,0.0
write_pair_calibrated_c1_b384,leftbasketball,455,0,0,4,True,False,True,0.0,0.0
write_pair_calibrated_c1_b384,leftbasketball,456,0,0,4,True,False,True,0.0,0.0
write_pair_calibrated_c1_b384,leftbasketball,457,0,0,4,True,False,True,0.0,0.0
write_pair_calibrated_c1_b384,leftbasketball,458,0,0,2,True,False,True,0.0,0.0
write_pair_calibrated_c1_b384,leftbasketball,459,0,0,4,True,False,True,0.0,0.0
write_pair_calibrated_c1_b384,leftbasketball,460,0,0,4,True,False,True,0.0,0.0
write_pair_calibrated_c1_b384,leftbasketball,461,0,0,4,True,False,True,0.0,0.0
write_pair_calibrated_c1_b384,leftbasketball,462,0,0,4,True,False,True,0.0,0.0
write_pair_calibrated_c1_b384,leftbasketball,463,0,0,4,True,False,True,0.0,0.0
write_pair_calibrated_c1_b384,leftbasketball,464,0,0,4,True,False,True,0.0,0.0
write_pair_calibrated_c1_b384,leftbasketball,465,0,0,4,True,False,True,0.0,0.0
write_pair_calibrated_c1_b384,leftbasketball,466,0,0,4,True,False,True,0.0,0.0
write_pair_calibrated_c1_b384,leftbasketball,467,0,0,4,True,False,True,0.0,0.0
write_pair_calibrated_c1_b384,leftbasketball,468,0,0,4,True,False,True,0.0,0.0
write_pair_calibrated_c1_b384,leftbasketball,469,0,0,4,True,False,True,0.0,0.0
write_pair_calibrated_c1_b384,leftbasketball,470,0,0,4,True,False,True,0.0,0.0
write_pair_calibrated_c1_b384,leftbasketball,471,0,0,4,True,False,True,0.0,0.0
write_pair_calibrated_c1_b384,leftbasketball,472,0,0,4,True,False,True,0.0,0.0
write_pair_calibrated_c1_b384,leftbasketball,473,0,0,4,True,False,True,0.0,0.0
write_pair_calibrated_c1_b384,leftbasketball,474,0,0,4,True,False,True,0.0,0.0
write_pair_calibrated_c1_b384,leftbasketball,475,0,0,4,True,False,True,0.0,0.0
write_pair_calibrated_c1_b384,leftbasketball,476,0,0,4,True,False,True,0.0,0.0
write_pair_calibrated_c1_b384,leftbasketball,477,0,0,4,True,False,True,0.0,0.0
write_pair_calibrated_c1_b384,leftbasketball,478,0,0,4,True,False,True,0.0,0.0
write_pair_calibrated_c1_b384,leftbasketball,479,0,2,4,True,False,True,0.0,0.0
write_pair_calibrated_c1_b384,leftbasketball,480,0,0,4,True,False,True,0.0,0.0
write_pair_calibrated_c1_b384,leftbasketball,481,4,2,4,True,False,True,0.0,0.0
write_pair_calibrated_c1_b384,leftbasketball,482,4,3,4,True,False,True,0.0,0.0
write_pair_calibrated_c1_b384,leftbasketball,483,4,1,4,True,False,True,0.0,0.0
write_pair_calibrated_c1_b384,leftbasketball,484,0,3,4,True,False,True,0.0,0.0
write_pair_calibrated_c1_b384,leftbasketball,485,0,0,2,True,False,True,0.0,0.0
write_pair_calibrated_c1_b384,leftbasketball,486,0,0,4,True,False,True,0.0,0.0
write_pair_calibrated_c1_b384,leftbasketball,487,0,0,4,True,False,True,0.0,0.0
write_pair_calibrated_c1_b384,leftbasketball,488,0,0,4,True,False,True,0.0,0.0
write_pair_calibrated_c1_b384,leftbasketball,489,0,0,4,True,False,True,0.0,0.0
write_pair_calibrated_c1_b384,leftbasketball,490,0,0,4,True,False,True,0.0,0.0
write_pair_calibrated_c1_b384,leftbasketball,493,4,1,4,True,False,True,0.0,0.0
write_pair_calibrated_c1_b384,leftbasketball,499,0,0,4,True,False,True,0.0,0.0
write_pair_calibrated_c1_b384,leftbasketball,501,0,0,4,True,False,True,0.0,0.0
write_pair_calibrated_c1_b384,leftbasketball,502,0,1,0,False,False,True,0.0,0.0
write_pair_calibrated_c1_b384,leftbasketball,503,2,0,2,True,False,True,0.0,0.0
write_pair_calibrated_c1_b384,leftbasketball,504,2,4,2,True,False,True,0.0,0.0
write_pair_calibrated_c1_b384,leftbasketball,505,4,0,4,True,False,True,0.0,0.0
write_pair_calibrated_c1_b384,leftbasketball,506,0,1,4,True,False,True,0.0,0.0
write_pair_calibrated_c1_b384,leftbasketball,508,0,0,4,True,False,True,0.0,0.0
write_pair_calibrated_c1_b384,leftbasketball,543,0,0,2,True,False,True,0.0,0.0
write_pair_calibrated_c1_b384,leftbasketball,544,0,0,4,True,False,True,0.0,0.0
write_pair_calibrated_c1_b384,leftbasketball,545,0,1,4,True,False,True,0.0,0.0
write_pair_calibrated_c1_b384,leftbasketball,546,4,0,4,True,False,True,0.0,0.8290398011717331
write_pair_calibrated_c1_b384,leftbasketball,579,0,0,4,True,False,True,0.6121123577981418,0.6121123577981418
write_pair_calibrated_c1_b384,leftbasketball,581,0,2,4,True,False,True,0.302107701527589,0.0
write_pair_calibrated_c1_b384,leftbasketball,582,0,0,4,True,False,True,0.0,0.0
write_pair_calibrated_c1_b384,leftbasketball,583,4,0,4,True,False,True,0.0,0.0
write_pair_calibrated_c1_b384,leftbasketball,584,0,0,4,True,False,True,0.0,0.0
write_pair_calibrated_c1_b384,leftbasketball,585,0,1,0,False,False,True,0.0,0.0
write_pair_calibrated_c1_b384,leftbasketball,586,0,1,0,False,False,True,0.0,0.0
write_pair_calibrated_c1_b384,leftbasketball,587,4,1,4,True,False,True,0.0,0.0
write_pair_calibrated_c1_b384,leftbasketball,588,0,1,0,False,False,True,0.0,0.0
write_pair_calibrated_c1_b384,leftbasketball,589,0,0,2,True,False,True,0.0,0.0
write_pair_calibrated_c1_b384,leftbasketball,591,0,0,4,True,False,True,0.0,0.0
write_pair_calibrated_c1_b384,leftbasketball,592,0,0,4,True,False,True,0.0,0.0
write_pair_calibrated_c1_b384,leftbasketball,593,4,3,4,True,False,True,0.09345540174198809,0.0
write_pair_calibrated_c1_b384,leftbasketball,596,0,0,4,True,False,True,0.0,0.0
write_pair_calibrated_c1_b384,leftbasketball,597,0,0,2,True,False,True,0.0,0.0
write_pair_calibrated_c1_b384,leftbasketball,601,0,0,2,True,False,True,0.0,0.0
write_pair_calibrated_c1_b384,leftbasketball,604,0,0,2,True,False,True,0.0,0.0
write_pair_calibrated_c1_b384,leftbasketball,605,0,1,2,True,False,True,0.0,0.0
write_pair_calibrated_c1_b384,leftbasketball,607,0,0,4,True,False,True,0.0,0.0
write_pair_calibrated_c1_b384,leftbasketball,609,0,0,4,True,False,True,0.0,0.0
write_pair_calibrated_c1_b384,leftbasketball,610,0,1,4,True,False,True,0.0,0.0
write_pair_calibrated_c1_b384,leftbasketball,611,0,1,4,True,False,True,0.0,0.2808130335207287
write_pair_calibrated_c1_b384,leftbasketball,612,4,4,4,True,False,True,0.3346226262792519,0.0
write_pair_calibrated_c1_b384,leftbasketball,613,0,0,4,True,False,True,0.0,0.0
write_pair_calibrated_c1_b384,leftbasketball,614,4,4,4,True,False,True,0.0,0.0
write_pair_calibrated_c1_b384,leftbasketball,615,0,0,4,False,False,True,0.0,0.0
write_pair_calibrated_c1_b384,leftbasketball,619,0,0,4,True,False,True,0.0,0.0
write_pair_calibrated_c1_b384,leftbasketball,623,0,0,4,True,False,True,0.0,0.0
write_pair_calibrated_c1_b384,leftbasketball,624,0,1,4,True,False,True,0.0,0.0
write_pair_calibrated_c1_b384,leftbasketball,625,0,0,2,True,False,True,0.0,0.0
write_pair_calibrated_c1_b384,leftbasketball,626,4,2,4,True,False,True,0.0,0.0
write_pair_calibrated_c1_b384,leftbasketball,627,4,3,4,True,False,True,0.0,0.0
write_pair_calibrated_c1_b384,leftbasketball,628,0,0,5,False,False,True,0.0,0.0
write_pair_calibrated_c1_b384,leftbasketball,629,0,0,5,True,False,True,0.0,0.0
write_pair_calibrated_c1_b384,leftbasketball,630,0,0,4,True,False,True,0.0,0.0
write_pair_calibrated_c1_b384,leftbasketball,631,4,3,4,True,False,True,0.0,0.0
write_pair_calibrated_c1_b384,leftbasketball,632,0,0,4,True,False,True,0.0,0.0
write_pair_calibrated_c1_b384,leftbasketball,633,0,3,4,True,False,True,0.0,0.0
write_pair_calibrated_c1_b384,leftbasketball,637,0,1,0,False,False,True,0.0,0.0
write_pair_calibrated_c1_b384,leftbasketball,638,0,0,4,False,False,True,0.0,0.0
write_pair_calibrated_c1_b384,leftbasketball,639,0,0,4,True,False,True,0.0,0.0
write_pair_calibrated_c1_b384,leftbasketball,640,0,0,4,False,False,True,0.0,0.0
write_pair_calibrated_c1_b384,leftbasketball,641,0,0,4,False,False,True,0.0,0.0
write_pair_calibrated_c1_b384,leftbasketball,642,0,0,4,False,False,True,0.0,0.0
write_pair_calibrated_c1_b384,leftbasketball,643,0,1,0,False,False,True,0.0,0.0
write_pair_calibrated_c1_b384,leftbasketball,644,0,0,2,True,False,True,0.0,0.0
write_pair_calibrated_c1_b384,leftbasketball,645,0,0,4,True,False,True,0.0,0.0
write_pair_calibrated_c1_b384,leftbasketball,646,0,0,4,True,False,True,0.0,0.0
write_pair_calibrated_c1_b384,leftbasketball,647,0,0,4,True,False,True,0.0,0.0
write_pair_calibrated_c1_b384,leftbasketball,648,0,0,4,True,False,True,0.0,0.0
write_pair_calibrated_c1_b384,leftbasketball,649,0,1,4,True,False,True,0.0,0.0
write_pair_calibrated_c1_b384,leftbasketball,650,0,0,2,True,False,True,0.0,0.0
write_pair_calibrated_c1_b384,leftbasketball,651,0,0,4,True,False,True,0.0,0.0
write_pair_calibrated_c1_b384,leftbasketball,652,0,0,4,True,False,True,0.0,0.0
write_pair_calibrated_c1_b384,leftbasketball,653,0,0,4,True,False,True,0.0,0.0
write_pair_calibrated_c1_b384,leftbasketball,654,0,1,0,False,False,True,0.0,0.0
write_pair_calibrated_c1_b384,leftbasketball,655,0,0,4,False,False,True,0.0,0.0
write_pair_calibrated_c1_b384,leftbasketball,656,0,0,4,True,False,True,0.0,0.0
write_pair_calibrated_c1_b384,leftbasketball,657,0,0,4,True,False,True,0.0,0.0
write_pair_calibrated_c1_b384,leftbasketball,658,0,0,2,True,False,True,0.0,0.0
write_pair_calibrated_c1_b384,leftbasketball,659,4,1,4,True,False,True,0.0,0.0
write_pair_calibrated_c1_b384,leftbasketball,660,0,0,4,False,False,True,0.0,0.0
write_pair_calibrated_c1_b384,leftbasketball,661,0,1,4,True,False,True,0.0,0.0
write_pair_calibrated_c1_b384,leftbasketball,662,0,1,4,False,False,True,0.0,0.0
write_pair_calibrated_c1_b384,leftbasketball,663,2,0,2,True,False,True,0.0,0.0
write_pair_calibrated_c1_b384,leftbasketball,664,0,0,4,True,False,True,0.0,0.0
write_pair_calibrated_c1_b384,leftbasketball,665,0,0,4,False,False,True,0.0,0.0
write_pair_calibrated_c1_b384,leftbasketball,666,0,0,4,True,False,True,0.0,0.0
write_pair_calibrated_c1_b384,leftbasketball,667,0,0,4,True,False,True,0.0,0.0
write_pair_calibrated_c1_b384,leftbasketball,668,0,0,4,True,False,True,0.0,0.0
write_pair_calibrated_c1_b384,leftbasketball,669,0,0,4,True,False,True,0.0,0.0
write_pair_calibrated_c1_b384,leftbasketball,670,0,0,4,True,False,True,0.0,0.0
write_pair_calibrated_c1_b384,leftbasketball,671,0,0,4,True,False,True,0.0,0.0
write_pair_calibrated_c1_b384,leftbasketball,672,0,0,4,True,False,True,0.0,0.0
write_pair_calibrated_c1_b384,leftbasketball,673,0,0,2,True,False,True,0.0,0.0
write_pair_calibrated_c1_b384,leftbasketball,674,0,0,4,True,False,True,0.0,0.0
write_pair_calibrated_c1_b384,leftbasketball,676,0,1,0,False,False,True,0.0,0.0
write_pair_calibrated_c1_b384,leftbasketball,677,2,1,2,True,False,True,0.0,0.0
write_pair_calibrated_c1_b384,leftbasketball,678,0,0,4,True,False,True,0.0,0.0
write_pair_calibrated_c1_b384,leftbasketball,679,0,0,4,True,False,True,0.0,0.0
write_pair_calibrated_c1_b384,leftbasketball,680,0,0,4,True,False,True,0.0,0.0
write_pair_calibrated_c1_b384,leftbasketball,681,0,2,4,True,False,True,0.0,0.0
write_pair_calibrated_c1_b384,leftbasketball,682,0,0,1,True,False,True,0.0,0.0
write_pair_calibrated_c1_b384,leftbasketball,683,0,0,4,True,False,True,0.0,0.0
write_pair_calibrated_c1_b384,leftbasketball,684,0,0,4,True,False,True,0.0,0.0
write_pair_calibrated_c1_b384,leftbasketball,685,0,0,4,True,False,True,0.0,0.0
write_pair_calibrated_c1_b384,leftbasketball,686,4,4,4,True,False,True,0.0,0.0
write_pair_calibrated_c1_b384,leftbasketball,687,4,4,4,True,False,True,0.0,0.0
write_pair_calibrated_c1_b384,leftbasketball,688,0,0,4,False,False,True,0.0,0.0
write_pair_calibrated_c1_b384,leftbasketball,689,2,1,2,True,False,True,0.0,0.0
write_pair_calibrated_c1_b384,leftbasketball,690,0,0,4,True,False,True,0.0,0.0
write_pair_calibrated_c1_b384,leftbasketball,691,0,0,4,True,False,True,0.0,0.0
write_pair_calibrated_c1_b384,leftbasketball,692,0,0,4,True,False,True,0.0,0.0
write_pair_calibrated_c1_b384,leftbasketball,693,4,3,4,True,False,True,0.0,0.0
write_pair_calibrated_c1_b384,leftbasketball,694,0,1,4,False,False,True,0.0,0.0
write_pair_calibrated_c1_b384,leftbasketball,695,0,0,4,False,False,True,0.0,0.0
write_pair_calibrated_c1_b384,leftbasketball,696,0,0,4,False,False,True,0.0,0.0
write_pair_calibrated_c1_b384,leftbasketball,697,0,0,4,False,False,True,0.0,0.0
write_pair_calibrated_c1_b384,leftbasketball,698,0,0,2,True,False,True,0.0,0.0
write_pair_calibrated_c1_b384,leftbasketball,699,0,1,2,True,False,True,0.0,0.0
write_pair_calibrated_c1_b384,leftbasketball,700,0,3,4,True,False,True,0.0,0.0
write_pair_calibrated_c1_b384,leftbasketball,701,2,0,2,True,False,True,0.0,0.0
write_pair_calibrated_c1_b384,leftbasketball,703,4,1,4,True,False,True,0.0,0.0
write_pair_calibrated_c1_b384,leftbasketball,704,4,1,4,True,False,True,0.0,0.0
write_pair_calibrated_c1_b384,leftbasketball,705,4,1,4,True,False,True,0.0,0.0
write_pair_calibrated_c1_b384,leftbasketball,706,4,1,4,True,False,True,0.0,0.0
write_pair_calibrated_c1_b384,leftbasketball,707,4,3,4,True,False,True,0.0,0.0
write_pair_calibrated_c1_b384,leftbasketball,708,0,0,4,True,False,True,0.0,0.0
write_pair_calibrated_c1_b384,leftbasketball,709,4,2,4,True,False,True,0.0,0.0
write_pair_calibrated_c1_b384,leftbasketball,710,4,3,4,True,False,True,0.0,0.0
write_pair_calibrated_c1_b384,leftbasketball,711,4,2,4,True,False,True,0.0,0.0
write_pair_calibrated_c1_b384,leftbasketball,712,0,1,4,True,False,True,0.0,0.0
write_pair_calibrated_c1_b384,leftbasketball,713,0,0,1,True,False,True,0.0,0.0
write_pair_calibrated_c1_b384,leftbasketball,714,0,0,4,True,False,True,0.0,0.0
write_pair_calibrated_c1_b384,leftbasketball,715,0,0,4,True,False,True,0.0,0.0
write_pair_calibrated_c1_b384,leftbasketball,716,0,0,4,True,False,True,0.0,0.0
write_pair_calibrated_c1_b384,leftbasketball,717,4,3,4,True,False,True,0.0,0.0
write_pair_calibrated_c1_b384,leftbasketball,718,0,1,4,False,False,True,0.0,0.0
write_pair_calibrated_c1_b384,leftbasketball,719,0,1,2,True,False,True,0.0,0.0
write_pair_calibrated_c1_b384,leftbasketball,720,0,0,4,True,False,True,0.0,0.0
write_pair_calibrated_c1_b384,leftbasketball,721,0,0,4,True,False,True,0.0,0.0
write_pair_calibrated_c1_b384,leftbasketball,722,4,4,4,True,False,True,0.0,0.0
write_pair_calibrated_c1_b384,leftbasketball,723,2,3,2,True,False,True,0.0,0.0
write_pair_calibrated_c1_b384,leftbasketball,724,0,0,1,True,False,True,0.0,0.0
write_pair_calibrated_c1_b384,leftbasketball,725,0,0,4,True,False,True,0.0,0.0
write_pair_calibrated_c1_b384,leftbasketball,726,4,0,4,True,False,True,0.0,0.0
write_pair_calibrated_c1_b384,leftbasketball,727,0,0,4,False,False,True,0.0,0.0
write_pair_calibrated_c1_b384,leftbasketball,728,0,0,4,True,False,True,0.0,0.0
write_pair_calibrated_c1_b384,leftbasketball,729,4,2,4,True,False,True,0.0,0.0
write_pair_calibrated_c1_b384,leftbasketball,730,0,0,4,True,False,True,0.0,0.0
write_pair_calibrated_c1_b384,leftbasketball,731,0,0,4,True,False,True,0.0,0.0
write_pair_calibrated_c1_b384,leftbasketball,732,0,0,4,True,False,True,0.0,0.0
write_pair_calibrated_c1_b384,leftbasketball,733,0,0,4,True,False,True,0.0,0.0
write_pair_calibrated_c1_b384,leftbasketball,734,0,2,4,True,False,True,0.0,0.0
write_pair_calibrated_c1_b384,leftbasketball,735,0,1,2,True,False,True,0.0,0.0
write_pair_calibrated_c1_b384,leftbasketball,736,0,0,4,True,False,True,0.0,0.0
write_pair_calibrated_c1_b384,leftbasketball,737,0,0,4,True,False,True,0.0,0.0
write_pair_calibrated_c1_b384,leftbasketball,738,0,0,4,True,False,True,0.0,0.0
write_pair_calibrated_c1_b384,leftbasketball,739,0,0,4,True,False,True,0.0,0.0
write_pair_calibrated_c1_b384,leftbasketball,740,0,0,4,True,False,True,0.0,0.0
write_pair_calibrated_c1_b384,leftbasketball,741,4,1,4,True,False,True,0.0,0.0
write_pair_calibrated_c1_b384,leftbasketball,742,0,1,4,True,False,True,0.0,0.0
write_pair_calibrated_c1_b384,leftbasketball,743,2,4,2,True,False,True,0.0,0.0
write_pair_calibrated_c1_b384,leftbasketball,744,0,0,4,True,False,True,0.0,0.0
write_pair_calibrated_c1_b384,leftbasketball,745,0,1,4,True,False,True,0.0,0.0
write_pair_calibrated_c1_b384,leftbasketball,747,0,0,4,True,False,True,0.0,0.0
write_pair_calibrated_c1_b384,leftbasketball,748,0,0,4,True,False,True,0.0,0.0
write_pair_calibrated_c1_b384,leftbasketball,749,0,0,4,True,False,True,0.0,0.0
write_pair_calibrated_c1_b384,leftbasketball,750,0,0,4,True,False,True,0.0,0.0
write_pair_calibrated_c1_b384,leftbasketball,751,0,0,4,True,False,True,0.0,0.0
write_pair_calibrated_c1_b384,leftbasketball,752,0,0,4,True,False,True,0.0,0.0
write_pair_calibrated_c1_b384,leftbasketball,753,0,0,4,True,False,True,0.0,0.0
write_pair_calibrated_c1_b384,leftbasketball,754,4,3,4,True,False,True,0.0,0.0
write_pair_calibrated_c1_b384,leftbasketball,755,0,0,4,True,False,True,0.0,0.0
write_pair_calibrated_c1_b384,leftbasketball,756,0,0,4,True,False,True,0.0,0.0
write_pair_calibrated_c1_b384,leftbasketball,757,0,0,4,True,False,True,0.0,0.0
write_pair_calibrated_c1_b384,leftbasketball,758,0,0,4,True,False,True,0.0,0.0
write_pair_calibrated_c1_b384,leftbasketball,759,0,0,4,True,False,True,0.0,0.0
write_pair_calibrated_c1_b384,leftbasketball,760,2,1,2,True,False,True,0.0,0.0
write_pair_calibrated_c1_b384,leftbasketball,761,0,0,4,True,False,True,0.0,0.0
write_pair_calibrated_c1_b384,leftbasketball,762,0,0,4,True,False,True,0.0,0.0
write_pair_calibrated_c1_b384,leftbasketball,763,0,0,4,True,False,True,0.0,0.0
write_pair_calibrated_c1_b384,leftbasketball,764,2,0,2,True,False,True,0.0,0.0
write_pair_calibrated_c1_b384,leftbasketball,765,0,0,4,True,False,True,0.0,0.0
write_pair_calibrated_c1_b384,leftbasketball,766,0,0,4,True,False,True,0.0,0.0
write_pair_calibrated_c1_b384,leftbasketball,767,0,0,4,True,False,True,0.0,0.0
write_pair_calibrated_c1_b384,leftbasketball,768,2,0,2,True,False,True,0.0,0.0
write_pair_calibrated_c1_b384,leftbasketball,769,4,2,4,True,False,True,0.0,0.0
write_pair_calibrated_c1_b384,leftbasketball,770,0,0,4,False,False,True,0.0,0.0
write_pair_calibrated_c1_b384,leftbasketball,771,0,0,5,True,False,True,0.0,0.0
write_pair_calibrated_c1_b384,leftbasketball,772,0,0,4,True,False,True,0.0,0.0
write_pair_calibrated_c1_b384,leftbasketball,773,4,0,4,True,False,True,0.0,0.0
write_pair_calibrated_c1_b384,leftbasketball,774,4,2,4,True,False,True,0.0,0.0
write_pair_calibrated_c1_b384,leftbasketball,775,0,0,2,True,False,True,0.0,0.0
write_pair_calibrated_c1_b384,leftbasketball,776,0,0,4,True,False,True,0.0,0.0
write_pair_calibrated_c1_b384,leftbasketball,777,0,0,4,True,False,True,0.0,0.0
write_pair_calibrated_c1_b384,leftbasketball,778,0,0,4,True,False,True,0.0,0.0
write_pair_calibrated_c1_b384,leftbasketball,779,0,0,4,True,False,True,0.0,0.0
write_pair_calibrated_c1_b384,leftbasketball,780,0,0,4,True,False,True,0.0,0.0
write_pair_calibrated_c1_b384,leftbasketball,781,4,2,4,True,False,True,0.0,0.0
write_pair_calibrated_c1_b384,leftbasketball,782,0,0,4,True,False,True,0.0,0.0
write_pair_calibrated_c1_b384,leftbasketball,783,0,0,4,True,False,True,0.0,0.0
write_pair_calibrated_c1_b384,leftbasketball,784,4,3,4,True,False,True,0.0,0.0
write_pair_calibrated_c1_b384,leftbasketball,785,0,0,4,True,False,True,0.0,0.0
write_pair_calibrated_c1_b384,leftbasketball,786,4,1,4,True,False,True,0.0,0.0
write_pair_calibrated_c1_b384,leftbasketball,787,0,0,4,True,False,True,0.0,0.0
write_pair_calibrated_c1_b384,leftbasketball,788,0,0,4,True,False,True,0.0,0.0
write_pair_calibrated_c1_b384,leftbasketball,789,4,2,4,True,False,True,0.0,0.0
write_pair_calibrated_c1_b384,leftbasketball,790,4,1,4,True,False,True,0.0,0.0
write_pair_calibrated_c1_b384,leftbasketball,791,0,0,4,True,False,True,0.0,0.0
write_pair_calibrated_c1_b384,leftbasketball,792,0,0,4,True,False,True,0.0,0.0
write_pair_calibrated_c1_b384,leftbasketball,793,4,4,4,True,False,True,0.0,0.0
write_pair_calibrated_c1_b384,leftbasketball,794,4,2,4,True,False,True,0.0,0.0
write_pair_calibrated_c1_b384,leftbasketball,795,0,3,4,True,False,True,0.0,0.0
write_pair_calibrated_c1_b384,leftbasketball,796,0,0,2,True,False,True,0.0,0.0
write_pair_calibrated_c1_b384,leftbasketball,797,0,0,4,True,False,True,0.0,0.0
write_pair_calibrated_c1_b384,leftbasketball,798,4,3,4,True,False,True,0.0,0.0
write_pair_calibrated_c1_b384,leftbasketball,799,2,1,2,True,False,True,0.0,0.0
write_pair_calibrated_c1_b384,leftbasketball,800,0,3,4,True,False,True,0.0,0.0
write_pair_calibrated_c1_b384,leftbasketball,801,6,1,6,True,False,True,0.0,0.0
write_pair_calibrated_c1_b384,leftbasketball,802,1,3,1,True,False,True,0.0,0.0
write_pair_calibrated_c1_b384,leftbasketball,803,0,1,4,True,False,True,0.0,0.0
write_pair_calibrated_c1_b384,leftbasketball,804,0,0,6,True,False,True,0.0,0.0
write_pair_calibrated_c1_b384,leftbasketball,805,0,0,4,True,False,True,0.0,0.0
write_pair_calibrated_c1_b384,leftbasketball,806,0,0,4,True,False,True,0.0,0.0
write_pair_calibrated_c1_b384,leftbasketball,807,0,1,2,True,False,True,0.0,0.7450196662489452
write_pair_calibrated_c1_b384,leftbasketball,811,0,1,0,False,False,True,0.7767659408411219,0.10955119768014931
write_pair_calibrated_c1_b384,leftbasketball,828,0,1,0,False,False,True,0.05385331920607027,0.32019402415130005
write_pair_calibrated_c1_b384,leftbasketball,829,0,0,4,True,False,True,0.35965837885159263,0.35965837885159263
write_pair_calibrated_c1_b384,leftbasketball,840,0,0,4,True,False,True,0.3247268531035301,0.3247268531035301
write_pair_calibrated_c1_b384,leftbasketball,842,0,0,4,True,False,True,0.3109257588051892,0.3109257588051892
write_pair_calibrated_c1_b384,leftbasketball,843,0,0,4,True,False,True,0.283182256974323,0.283182256974323
write_pair_calibrated_c1_b384,leftbasketball,845,0,0,4,True,False,True,0.36134887230218765,0.36134887230218765
write_pair_calibrated_c1_b384,leftbasketball,847,0,0,4,True,False,True,0.3312461032962464,0.3312461032962464
write_pair_calibrated_c1_b384,leftbasketball,849,0,1,4,True,False,True,0.20390835822391545,0.0
write_pair_calibrated_c1_b384,leftbasketball,850,1,3,1,True,False,True,0.0,0.3300643687018292
write_pair_calibrated_c1_b384,leftbasketball,851,0,0,4,True,False,True,0.31339573351702776,0.31339573351702776
write_pair_calibrated_c1_b384,leftbasketball,852,0,0,4,True,False,True,0.23767041408843706,0.23767041408843706
write_pair_calibrated_c1_b384,leftbasketball,853,0,0,4,True,False,True,0.3702705827381614,0.3702705827381614
write_pair_calibrated_c1_b384,leftbasketball,854,2,0,2,True,False,True,0.40859214934214266,0.0
write_pair_calibrated_c1_b384,leftbasketball,855,0,0,4,True,False,True,0.0,0.0
write_pair_calibrated_c1_b384,leftbasketball,856,0,1,0,False,False,True,0.0,0.195988899513309
write_pair_calibrated_c1_b384,leftbasketball,869,0,0,4,True,False,True,0.6691478908080873,0.6691478908080873
write_pair_calibrated_c1_b384,leftbasketball,870,0,0,4,True,False,True,0.6378732759372733,0.6378732759372733
write_pair_calibrated_c1_b384,leftbasketball,874,0,0,4,True,False,True,0.4781387847525237,0.4781387847525237
write_pair_calibrated_c1_b384,leftbasketball,876,0,0,4,True,False,True,0.351585407891226,0.351585407891226
write_pair_calibrated_c1_b384,leftbasketball,878,0,0,2,True,False,True,0.33052880827248377,0.33052880827248377
write_pair_calibrated_c1_b384,leftbasketball,879,0,0,2,True,False,True,0.4020715905444075,0.4020715905444075
write_pair_calibrated_c1_b384,leftbasketball,880,0,0,4,True,False,True,0.4197491521993399,0.4197491521993399
write_pair_calibrated_c1_b384,leftbasketball,881,0,0,4,True,False,True,0.4103953226676041,0.4103953226676041
write_pair_calibrated_c1_b384,leftbasketball,882,0,0,4,True,False,True,0.283485457109135,0.283485457109135
write_pair_calibrated_c1_b384,leftbasketball,883,0,0,4,True,False,True,0.5111586541354379,0.5111586541354379
write_pair_calibrated_c1_b384,leftbasketball,884,0,0,2,True,False,True,0.43714891179004717,0.43714891179004717
write_pair_calibrated_c1_b384,leftbasketball,885,0,0,4,True,False,True,0.4264161605107807,0.4264161605107807
write_pair_calibrated_c1_b384,leftbasketball,1121,0,0,4,True,False,True,0.45545694823075195,0.45545694823075195
write_pair_calibrated_c1_b384,leftbasketball,1126,0,1,4,True,False,True,0.24870069363165354,0.06568330879749236
write_pair_calibrated_c1_b384,leftbasketball,1127,0,0,4,True,False,True,0.09050713882222217,0.09050713882222217
write_pair_calibrated_c1_b384,leftbasketball,1128,0,0,4,True,False,True,0.0005622588761219861,0.0005622588761219861
write_pair_calibrated_c1_b384,leftbasketball,1129,0,0,4,True,False,True,0.04018095798526363,0.04018095798526363
write_pair_calibrated_c1_b384,leftbasketball,1130,0,0,4,True,False,True,0.20227119423330472,0.20227119423330472
write_pair_calibrated_c1_b384,leftbasketball,1131,0,0,4,True,False,True,0.17631417400990865,0.17631417400990865
write_pair_calibrated_c1_b384,leftbasketball,1132,0,0,4,True,False,True,0.21930747357550948,0.21930747357550948
write_pair_calibrated_c1_b384,leftbasketball,1133,0,0,4,True,False,True,0.20047990654329098,0.20047990654329098
write_pair_calibrated_c1_b384,leftbasketball,1134,0,0,4,True,False,True,0.14163436631540777,0.14163436631540777
write_pair_calibrated_c1_b384,leftbasketball,1135,0,0,4,True,False,True,0.15889051408091065,0.15889051408091065
write_pair_calibrated_c1_b384,leftbasketball,1136,0,0,4,True,False,True,0.2433124026353183,0.2433124026353183
write_pair_calibrated_c1_b384,leftbasketball,1137,0,0,4,True,False,True,0.30368664332822354,0.30368664332822354
write_pair_calibrated_c1_b384,leftbasketball,1138,0,0,4,True,False,True,0.2772584079599588,0.2772584079599588
write_pair_calibrated_c1_b384,leftbasketball,1139,0,0,4,True,False,True,0.3194216040628542,0.3194216040628542
write_pair_calibrated_c1_b384,leftbasketball,1178,0,0,4,True,False,True,0.5075571026278173,0.5075571026278173
write_pair_calibrated_c1_b384,leftbasketball,1179,2,0,2,True,False,True,0.676947278610734,0.03225479850741919
write_pair_calibrated_c1_b384,leftbasketball,1180,0,0,4,True,False,True,0.006553671950654287,0.006553671950654287
write_pair_calibrated_c1_b384,leftbasketball,1181,0,0,4,True,False,True,0.008785423223035575,0.008785423223035575
write_pair_calibrated_c1_b384,leftbasketball,1182,0,0,4,True,False,True,0.08626948153107449,0.08626948153107449
write_pair_calibrated_c1_b384,leftbasketball,1183,4,0,4,True,False,True,0.23115906316538956,0.0
write_pair_calibrated_c1_b384,leftbasketball,1184,0,0,4,False,False,True,0.0,0.0
write_pair_calibrated_c1_b384,leftbasketball,1185,0,0,4,True,False,True,0.0,0.0
write_pair_calibrated_c1_b384,leftbasketball,1186,0,0,4,True,False,True,0.0,0.0
write_pair_calibrated_c1_b384,leftbasketball,1187,0,0,4,True,False,True,0.0,0.0
write_pair_calibrated_c1_b384,leftbasketball,1188,0,0,4,True,False,True,0.0,0.0
write_pair_calibrated_c1_b384,leftbasketball,1189,0,0,4,True,False,True,0.0,0.0
write_pair_calibrated_c1_b384,leftbasketball,1190,0,0,4,True,False,True,0.0,0.0
write_pair_calibrated_c1_b384,leftbasketball,1191,0,0,4,True,False,True,0.0,0.0
write_pair_calibrated_c1_b384,leftbasketball,1192,0,0,4,True,False,True,0.0,0.0
write_pair_calibrated_c1_b384,leftbasketball,1193,0,0,4,True,False,True,0.0,0.0
write_pair_calibrated_c1_b384,leftbasketball,1194,0,0,4,True,False,True,0.0,0.0
write_pair_calibrated_c1_b384,leftbasketball,1195,0,0,4,True,False,True,0.0,0.0
write_pair_calibrated_c1_b384,leftbasketball,1196,0,0,4,True,False,True,0.0,0.0
write_pair_calibrated_c1_b384,leftbasketball,1197,0,0,4,True,False,True,0.0,0.0
write_pair_calibrated_c1_b384,leftbasketball,1198,0,0,4,True,False,True,0.0,0.0
write_pair_calibrated_c1_b384,leftbasketball,1199,0,0,4,True,False,True,0.0,0.0
write_pair_calibrated_c1_b384,leftbasketball,1200,0,0,4,True,False,True,0.0,0.0
write_pair_calibrated_c1_b384,leftbasketball,1201,0,1,4,True,False,True,0.0,0.0
write_pair_calibrated_c1_b384,leftbasketball,1202,1,1,1,True,False,True,0.0,0.0
write_pair_calibrated_c1_b384,leftbasketball,1203,0,0,4,True,False,True,0.0,0.0
write_pair_calibrated_c1_b384,leftbasketball,1204,0,0,4,True,False,True,0.0,0.0
write_pair_calibrated_c1_b384,leftbasketball,1205,0,0,4,True,False,True,0.0,0.0
write_pair_calibrated_c1_b384,leftbasketball,1206,0,0,4,True,False,True,0.0,0.0
write_pair_calibrated_c1_b384,leftbasketball,1207,0,0,4,True,False,True,0.0,0.0
write_pair_calibrated_c1_b384,leftbasketball,1208,0,0,4,True,False,True,0.0,0.0
write_pair_calibrated_c1_b384,leftbasketball,1209,0,0,4,True,False,True,0.0,0.0
write_pair_calibrated_c1_b384,leftbasketball,1210,0,0,4,True,False,True,0.0,0.0
write_pair_calibrated_c1_b384,leftbasketball,1211,0,0,4,True,False,True,0.0,0.0
write_pair_calibrated_c1_b384,leftbasketball,1212,0,0,4,True,False,True,0.0,0.0
write_pair_calibrated_c1_b384,leftbasketball,1213,0,0,4,True,False,True,0.0,0.0
write_pair_calibrated_c1_b384,leftbasketball,1214,0,0,4,True,False,True,0.0,0.0
write_pair_calibrated_c1_b384,leftbasketball,1215,0,0,4,True,False,True,0.0,0.0
write_pair_calibrated_c1_b384,leftbasketball,1216,0,0,4,True,False,True,0.0,0.0
write_pair_calibrated_c1_b384,leftbasketball,1217,0,0,4,True,False,True,0.0,0.0
write_pair_calibrated_c1_b384,leftbasketball,1218,0,0,4,True,False,True,0.0,0.0
write_pair_calibrated_c1_b384,leftbasketball,1219,0,0,4,True,False,True,0.0,0.0
write_pair_calibrated_c1_b384,leftbasketball,1220,0,0,4,True,False,True,0.0,0.0
write_pair_calibrated_c1_b384,leftbasketball,1221,0,0,4,True,False,True,0.0,0.0
write_pair_calibrated_c1_b384,leftbasketball,1222,0,0,4,True,False,True,0.0,0.0
write_pair_calibrated_c1_b384,leftbasketball,1223,0,0,4,True,False,True,0.0,0.0
write_pair_calibrated_c1_b384,leftbasketball,1224,0,0,4,True,False,True,0.0,0.0
write_pair_calibrated_c1_b384,leftbasketball,1225,0,0,4,True,False,True,0.0,0.0
write_pair_calibrated_c1_b384,leftbasketball,1226,0,0,4,True,False,True,0.0,0.0
write_pair_calibrated_c1_b384,leftbasketball,1227,0,0,4,True,False,True,0.0,0.0
write_pair_calibrated_c1_b384,leftbasketball,1228,0,0,4,True,False,True,0.0,0.0
write_pair_calibrated_c1_b384,leftbasketball,1229,0,0,4,True,False,True,0.0,0.0
write_pair_calibrated_c1_b384,leftbasketball,1230,0,0,4,True,False,True,0.0,0.0
write_pair_calibrated_c1_b384,leftbasketball,1231,0,0,4,True,False,True,0.0,0.0
write_pair_calibrated_c1_b384,leftbasketball,1232,0,0,4,True,False,True,0.0,0.0
write_pair_calibrated_c1_b384,leftbasketball,1233,0,0,4,True,False,True,0.0,0.0
write_pair_calibrated_c1_b384,leftbasketball,1234,0,0,4,True,False,True,0.0,0.0
write_pair_calibrated_c1_b384,leftbasketball,1235,0,0,4,True,False,True,0.0,0.0
write_pair_calibrated_c1_b384,leftbasketball,1236,0,0,4,True,False,True,0.0,0.0
write_pair_calibrated_c1_b384,leftbasketball,1237,0,0,4,True,False,True,0.0,0.0
write_pair_calibrated_c1_b384,leftbasketball,1238,0,0,4,True,False,True,0.0,0.0
write_pair_calibrated_c1_b384,leftbasketball,1239,0,0,4,True,False,True,0.0,0.0
write_pair_calibrated_c1_b384,leftbasketball,1240,0,0,4,True,False,True,0.0,0.0
write_pair_calibrated_c1_b384,leftbasketball,1241,0,0,4,True,False,True,0.0,0.0
write_pair_calibrated_c1_b384,leftbasketball,1242,0,0,4,True,False,True,0.0,0.0
write_pair_calibrated_c1_b384,leftbasketball,1243,2,0,2,True,False,True,0.0,0.0
write_pair_calibrated_c1_b384,leftbasketball,1244,0,0,4,True,False,True,0.0,0.0
write_pair_calibrated_c1_b384,leftbasketball,1245,0,0,4,True,False,True,0.0,0.0
write_pair_calibrated_c1_b384,leftbasketball,1246,0,0,4,True,False,True,0.0,0.0
write_pair_calibrated_c1_b384,leftbasketball,1247,0,0,4,True,False,True,0.0,0.0
write_pair_calibrated_c1_b384,leftbasketball,1249,0,0,4,True,False,True,0.0,0.0
write_pair_calibrated_c1_b384,leftbasketball,1250,0,0,4,True,False,True,0.0,0.0
write_pair_calibrated_c1_b384,leftbasketball,1251,4,2,4,True,False,True,0.0,0.0
write_pair_calibrated_c1_b384,leftbasketball,1252,0,0,4,False,False,True,0.0,0.0
write_pair_calibrated_c1_b384,leftbasketball,1253,0,0,4,True,False,True,0.0,0.0
write_pair_calibrated_c1_b384,leftbasketball,1254,4,1,4,True,False,True,0.0,0.0
write_pair_calibrated_c1_b384,leftbasketball,1255,0,0,4,False,False,True,0.0,0.0
write_pair_calibrated_c1_b384,leftbasketball,1256,4,3,4,True,False,True,0.0,0.0
write_pair_calibrated_c1_b384,leftbasketball,1257,4,4,4,True,False,True,0.0,0.0
write_pair_calibrated_c1_b384,leftbasketball,1258,4,3,4,True,False,True,0.0,0.0
write_pair_calibrated_c1_b384,leftbasketball,1259,0,0,4,True,False,True,0.0,0.0
write_pair_calibrated_c1_b384,leftbasketball,1260,0,0,4,True,False,True,0.0,0.0
write_pair_calibrated_c1_b384,leftbasketball,1261,0,1,4,True,False,True,0.0,0.0
write_pair_calibrated_c1_b384,leftbasketball,1262,1,2,1,True,False,True,0.0,0.0
write_pair_calibrated_c1_b384,leftbasketball,1263,0,0,1,True,False,True,0.0,0.0
write_pair_calibrated_c1_b384,leftbasketball,1265,0,0,2,True,False,True,0.0,0.0
write_pair_calibrated_c1_b384,leftbasketball,1266,0,0,4,True,False,True,0.0,0.0
write_pair_calibrated_c1_b384,leftbasketball,1267,0,0,4,True,False,True,0.0,0.0
write_pair_calibrated_c1_b384,leftbasketball,1268,0,1,4,True,False,True,0.0,0.0
write_pair_calibrated_c1_b384,leftbasketball,1269,0,0,4,True,False,True,0.0,0.0
write_pair_calibrated_c1_b384,leftbasketball,1270,0,0,4,True,False,True,0.0,0.0
write_pair_calibrated_c1_b384,leftbasketball,1271,0,0,2,True,False,True,0.0,0.0
write_pair_calibrated_c1_b384,leftbasketball,1272,0,1,2,True,False,True,0.0,0.0
write_pair_calibrated_c1_b384,leftbasketball,1273,4,2,4,True,False,True,0.0,0.0
write_pair_calibrated_c1_b384,leftbasketball,1274,0,0,4,True,False,True,0.0,0.0
write_pair_calibrated_c1_b384,leftbasketball,1275,0,0,4,True,False,True,0.0,0.0
write_pair_calibrated_c1_b384,leftbasketball,1276,0,0,4,True,False,True,0.0,0.0
write_pair_calibrated_c1_b384,leftbasketball,1277,0,1,4,True,False,True,0.0,0.0
write_pair_calibrated_c1_b384,leftbasketball,1278,0,0,4,True,False,True,0.0,0.0
write_pair_calibrated_c1_b384,leftbasketball,1279,0,0,4,True,False,True,0.0,0.0
write_pair_calibrated_c1_b384,leftbasketball,1280,0,0,4,True,False,True,0.0,0.0
write_pair_calibrated_c1_b384,leftbasketball,1281,0,1,4,True,False,True,0.0,0.0
write_pair_calibrated_c1_b384,leftbasketball,1282,0,1,4,True,False,True,0.0,0.0
write_pair_calibrated_c1_b384,leftbasketball,1283,1,1,1,True,False,True,0.0,0.0
write_pair_calibrated_c1_b384,leftbasketball,1284,0,1,4,True,False,True,0.0,0.0
write_pair_calibrated_c1_b384,leftbasketball,1285,0,1,4,True,False,True,0.0,0.0
write_pair_calibrated_c1_b384,leftbasketball,1286,0,0,4,True,False,True,0.0,0.0
write_pair_calibrated_c1_b384,leftbasketball,1287,0,0,4,True,False,True,0.0,0.0
write_pair_calibrated_c1_b384,leftbasketball,1288,0,0,4,True,False,True,0.0,0.0
write_pair_calibrated_c1_b384,leftbasketball,1289,0,1,4,True,False,True,0.0,0.0
write_pair_calibrated_c1_b384,leftbasketball,1290,0,0,4,True,False,True,0.0,0.0
write_pair_calibrated_c1_b384,leftbasketball,1291,0,0,4,True,False,True,0.0,0.0
write_pair_calibrated_c1_b384,leftbasketball,1292,0,2,4,True,False,True,0.0,0.0
write_pair_calibrated_c1_b384,leftbasketball,1293,0,1,0,False,False,True,0.0,0.0
write_pair_calibrated_c1_b384,leftbasketball,1294,0,0,4,True,False,True,0.0,0.0
write_pair_calibrated_c1_b384,leftbasketball,1295,4,0,4,True,False,True,0.0,0.0
write_pair_calibrated_c1_b384,leftbasketball,1296,0,0,4,True,False,True,0.0,0.0
write_pair_calibrated_c1_b384,leftbasketball,1297,0,1,4,True,False,True,0.0,0.0
write_pair_calibrated_c1_b384,leftbasketball,1298,0,0,4,True,False,True,0.0,0.0
write_pair_calibrated_c1_b384,leftbasketball,1299,0,1,4,True,False,True,0.0,0.0
write_pair_calibrated_c1_b384,leftbasketball,1303,0,0,2,True,False,True,0.0,0.0
write_pair_calibrated_c1_b384,leftbasketball,1304,0,0,2,True,False,True,0.0,0.0
write_pair_calibrated_c1_b384,leftbasketball,1305,0,0,2,True,False,True,0.0,0.0
write_pair_calibrated_c1_b384,leftbasketball,1306,0,0,2,True,False,True,0.0,0.0
write_pair_calibrated_c1_b384,leftbasketball,1307,0,0,4,True,False,True,0.0,0.0
write_pair_calibrated_c1_b384,leftbasketball,1308,0,0,4,True,False,True,0.0,0.0
write_pair_calibrated_c1_b384,leftbasketball,1309,0,0,4,True,False,True,0.0,0.0
write_pair_calibrated_c1_b384,leftbasketball,1310,0,0,4,True,False,True,0.0,0.0
write_pair_calibrated_c1_b384,leftbasketball,1311,0,0,4,True,False,True,0.0,0.0
write_pair_calibrated_c1_b384,leftbasketball,1312,0,0,4,True,False,True,0.0,0.0
write_pair_calibrated_c1_b384,leftbasketball,1313,0,0,4,True,False,True,0.0,0.0
write_pair_calibrated_c1_b384,leftbasketball,1314,0,0,4,True,False,True,0.0,0.0
write_pair_calibrated_c1_b384,leftbasketball,1315,0,0,4,True,False,True,0.0,0.0
write_pair_calibrated_c1_b384,leftbasketball,1316,0,0,4,True,False,True,0.0,0.0
write_pair_calibrated_c1_b384,leftbasketball,1317,0,1,4,True,False,True,0.0,0.0
write_pair_calibrated_c1_b384,leftbasketball,1318,4,1,4,True,False,True,0.0,0.0
write_pair_calibrated_c1_b384,leftbasketball,1319,0,0,5,False,False,True,0.0,0.0
write_pair_calibrated_c1_b384,leftbasketball,1320,4,0,4,True,False,True,0.0,0.0
write_pair_calibrated_c1_b384,leftbasketball,1321,4,0,4,True,False,True,0.0,0.0
write_pair_calibrated_c1_b384,leftbasketball,1322,0,0,4,True,False,True,0.0,0.0
write_pair_calibrated_c1_b384,leftbasketball,1323,4,1,4,True,False,True,0.0,0.0
write_pair_calibrated_c1_b384,leftbasketball,1324,4,1,4,True,False,True,0.0,0.0
write_pair_calibrated_c1_b384,leftbasketball,1325,4,1,4,True,False,True,0.0,0.0
write_pair_calibrated_c1_b384,leftbasketball,1326,4,1,4,True,False,True,0.0,0.0
write_pair_calibrated_c1_b384,leftbasketball,1327,4,2,4,True,False,True,0.0,0.0
write_pair_calibrated_c1_b384,leftbasketball,1328,0,0,4,True,False,True,0.0,0.0
write_pair_calibrated_c1_b384,leftbasketball,1329,4,1,4,True,False,True,0.0,0.0
write_pair_calibrated_c1_b384,leftbasketball,1330,4,1,4,True,False,True,0.0,0.0
write_pair_calibrated_c1_b384,leftbasketball,1331,4,1,4,True,False,True,0.0,0.0
write_pair_calibrated_c1_b384,leftbasketball,1332,4,2,4,True,False,True,0.0,0.0
write_pair_calibrated_c1_b384,leftbasketball,1333,0,0,4,True,False,True,0.0,0.0
write_pair_calibrated_c1_b384,leftbasketball,1334,4,1,4,True,False,True,0.0,0.0
write_pair_calibrated_c1_b384,leftbasketball,1335,4,2,4,True,False,True,0.0,0.0
write_pair_calibrated_c1_b384,leftbasketball,1336,4,1,4,True,False,True,0.0,0.0
write_pair_calibrated_c1_b384,leftbasketball,1337,0,0,4,True,False,True,0.0,0.0
write_pair_calibrated_c1_b384,leftbasketball,1338,0,0,4,True,False,True,0.0,0.0
write_pair_calibrated_c1_b384,leftbasketball,1339,0,0,4,True,False,True,0.0,0.0
write_pair_calibrated_c1_b384,leftbasketball,1340,0,0,4,True,False,True,0.0,0.0
write_pair_calibrated_c1_b384,leftbasketball,1341,0,0,4,True,False,True,0.0,0.0
write_pair_calibrated_c1_b384,leftbasketball,1342,0,0,4,True,False,True,0.0,0.0
write_pair_calibrated_c1_b384,leftbasketball,1343,0,0,4,True,False,True,0.0,0.0
write_pair_calibrated_c1_b384,leftbasketball,1344,0,1,4,True,False,True,0.0,0.0
write_pair_calibrated_c1_b384,leftbasketball,1345,0,2,4,True,False,True,0.0,0.0
write_pair_calibrated_c1_b384,leftbasketball,1346,2,1,2,True,False,True,0.0,0.0
write_pair_calibrated_c1_b384,leftbasketball,1347,0,0,4,True,False,True,0.0,0.0
write_pair_calibrated_c1_b384,leftbasketball,1348,0,0,4,True,False,True,0.0,0.0
write_pair_calibrated_c1_b384,leftbasketball,1349,0,0,4,True,False,True,0.0,0.0
write_pair_calibrated_c1_b384,leftbasketball,1350,0,0,4,False,False,True,0.0,0.0
write_pair_calibrated_c1_b384,leftbasketball,1351,0,0,4,True,False,True,0.0,0.0
write_pair_calibrated_c1_b384,leftbasketball,1352,0,0,4,True,False,True,0.0,0.0
write_pair_calibrated_c1_b384,leftbasketball,1353,0,0,4,True,False,True,0.0,0.0
write_pair_calibrated_c1_b384,leftbasketball,1354,0,0,4,True,False,True,0.0,0.0
write_pair_calibrated_c1_b384,leftbasketball,1355,0,0,4,True,False,True,0.0,0.0
write_pair_calibrated_c1_b384,leftbasketball,1356,0,0,4,True,False,True,0.0,0.0
write_pair_calibrated_c1_b384,leftbasketball,1357,0,0,4,True,False,True,0.0,0.0
write_pair_calibrated_c1_b384,leftbasketball,1358,0,0,4,True,False,True,0.0,0.0
write_pair_calibrated_c1_b384,leftbasketball,1359,0,0,4,True,False,True,0.0,0.0
write_pair_calibrated_c1_b384,leftbasketball,1360,0,0,2,True,False,True,0.0,0.0
write_pair_calibrated_c1_b384,leftbasketball,1361,0,0,4,False,False,True,0.0,0.0
write_pair_calibrated_c1_b384,leftbasketball,1362,0,0,4,True,False,True,0.0,0.0
write_pair_calibrated_c1_b384,leftbasketball,1363,0,0,4,True,False,True,0.0,0.0
write_pair_calibrated_c1_b384,leftbasketball,1364,0,0,4,True,False,True,0.0,0.0
write_pair_calibrated_c1_b384,leftbasketball,1365,0,0,2,True,False,True,0.0,0.0
write_pair_calibrated_c1_b384,leftbasketball,1366,4,1,4,True,False,True,0.0,0.0
write_pair_calibrated_c1_b384,leftbasketball,1369,4,1,4,True,False,True,0.0,0.0
write_pair_calibrated_c1_b384,leftbasketball,1370,4,1,4,True,False,True,0.0,0.0
write_pair_calibrated_c1_b384,leftbasketball,1371,4,1,4,True,False,True,0.0,0.0
write_pair_calibrated_c1_b384,leftbasketball,1372,4,1,4,True,False,True,0.0,0.0
write_pair_calibrated_c1_b384,leftbasketball,1373,4,2,4,True,False,True,0.0,0.0
write_pair_calibrated_c1_b384,leftbasketball,1374,4,0,4,True,False,True,0.0,0.0
write_pair_calibrated_c1_b384,leftbasketball,1375,0,0,4,True,False,True,0.0,0.0
write_pair_calibrated_c1_b384,leftbasketball,1376,4,4,4,True,False,True,0.0,0.0
write_pair_calibrated_c1_b384,leftbasketball,1377,4,2,4,True,False,True,0.0,0.0
write_pair_calibrated_c1_b384,leftbasketball,1378,4,1,4,True,False,True,0.0,0.0
write_pair_calibrated_c1_b384,leftbasketball,1379,4,3,4,True,False,True,0.0,0.0
write_pair_calibrated_c1_b384,leftbasketball,1380,0,0,4,True,False,True,0.0,0.0
write_pair_calibrated_c1_b384,leftbasketball,1381,4,1,4,True,False,True,0.0,0.0
write_pair_calibrated_c1_b384,leftbasketball,1382,4,1,4,True,False,True,0.0,0.0
write_pair_calibrated_c1_b384,leftbasketball,1383,4,1,4,True,False,True,0.0,0.0
write_pair_calibrated_c1_b384,leftbasketball,1384,4,2,4,True,False,True,0.0,0.0
write_pair_calibrated_c1_b384,leftbasketball,1385,4,1,4,True,False,True,0.0,0.0
write_pair_calibrated_c1_b384,leftbasketball,1387,4,3,4,True,False,True,0.0,0.0
write_pair_calibrated_c1_b384,leftbasketball,1389,4,3,4,True,False,True,0.0,0.0
write_pair_calibrated_c1_b384,leftbasketball,1390,0,0,4,True,False,True,0.0,0.0
write_pair_calibrated_c1_b384,leftbasketball,1391,0,0,4,True,False,True,0.0,0.0
write_pair_calibrated_c1_b384,leftbasketball,1392,4,2,4,True,False,True,0.0,0.0
write_pair_calibrated_c1_b384,leftbasketball,1393,0,0,4,True,False,True,0.0,0.0
write_pair_calibrated_c1_b384,leftbasketball,1394,4,1,4,True,False,True,0.0,0.0
write_pair_calibrated_c1_b384,leftbasketball,1395,4,3,4,True,False,True,0.0,0.0
write_pair_calibrated_c1_b384,leftbasketball,1396,4,3,4,True,False,True,0.0,0.0
write_pair_calibrated_c1_b384,leftbasketball,1397,4,1,4,True,False,True,0.0,0.0
write_pair_calibrated_c1_b384,leftbasketball,1398,4,4,4,True,False,True,0.0,0.0
write_pair_calibrated_c1_b384,leftbasketball,1399,0,0,4,True,False,True,0.0,0.0
write_pair_calibrated_c1_b384,leftbasketball,1400,4,3,4,True,False,True,0.0,0.0
write_pair_calibrated_c1_b384,leftbasketball,1401,0,0,4,True,False,True,0.0,0.0
write_pair_calibrated_c1_b384,leftbasketball,1402,4,2,4,True,False,True,0.0,0.0
write_pair_calibrated_c1_b384,leftbasketball,1403,0,1,4,True,False,True,0.0,0.0
write_pair_calibrated_c1_b384,leftbasketball,1404,4,1,4,True,False,True,0.0,0.0
write_pair_calibrated_c1_b384,leftbasketball,1405,0,3,4,False,False,True,0.0,0.0
write_pair_calibrated_c1_b384,leftbasketball,1406,4,0,4,True,False,True,0.0,0.0
write_pair_calibrated_c1_b384,leftbasketball,1407,0,0,4,False,False,True,0.0,0.0
write_pair_calibrated_c1_b384,leftbasketball,1408,0,0,4,True,False,True,0.0,0.0
write_pair_calibrated_c1_b384,leftbasketball,1409,0,0,4,True,False,True,0.0,0.0
write_pair_calibrated_c1_b384,leftbasketball,1410,0,0,4,True,False,True,0.0,0.0
write_pair_calibrated_c1_b384,leftbasketball,1411,0,0,4,True,False,True,0.0,0.0
write_pair_calibrated_c1_b384,leftbasketball,1412,0,0,4,True,False,True,0.0,0.0
write_pair_calibrated_c1_b384,leftbasketball,1413,0,0,4,True,False,True,0.0,0.0
write_pair_calibrated_c1_b384,leftbasketball,1414,0,1,4,True,False,True,0.0,0.0
write_pair_calibrated_c1_b384,leftbasketball,1415,0,0,4,True,False,True,0.0,0.0
write_pair_calibrated_c1_b384,leftbasketball,1416,0,0,4,True,False,True,0.0,0.0
write_pair_calibrated_c1_b384,leftbasketball,1417,0,0,4,True,False,True,0.0,0.0
write_pair_calibrated_c1_b384,leftbasketball,1418,4,1,4,True,False,True,0.0,0.0
write_pair_calibrated_c1_b384,leftbasketball,1420,4,1,4,True,False,True,0.0,0.0
write_pair_calibrated_c1_b384,leftbasketball,1421,4,1,4,True,False,True,0.0,0.0
write_pair_calibrated_c1_b384,leftbasketball,1422,4,1,4,True,False,True,0.0,0.0
write_pair_calibrated_c1_b384,leftbasketball,1423,4,4,4,True,False,True,0.0,0.0
write_pair_calibrated_c1_b384,leftbasketball,1425,0,0,4,True,False,True,0.0,0.0
write_pair_calibrated_c1_b384,leftbasketball,1426,0,0,4,True,False,True,0.0,0.0
write_pair_calibrated_c1_b384,leftbasketball,1427,4,1,4,True,False,True,0.0,0.0
write_pair_calibrated_c1_b384,leftbasketball,1428,0,0,4,True,False,True,0.0,0.0
write_pair_calibrated_c1_b384,leftbasketball,1429,0,0,4,True,False,True,0.0,0.0
write_pair_calibrated_c1_b384,leftbasketball,1430,0,0,4,True,False,True,0.0,0.0
write_pair_calibrated_c1_b384,leftbasketball,1431,0,0,4,True,False,True,0.0,0.0
write_pair_calibrated_c1_b384,leftbasketball,1432,4,1,4,True,False,True,0.0,0.0
write_pair_calibrated_c1_b384,leftbasketball,1433,4,1,4,True,False,True,0.0,0.0
write_pair_calibrated_c1_b384,leftbasketball,1434,4,1,4,True,False,True,0.0,0.0
write_pair_calibrated_c1_b384,leftbasketball,1435,0,0,2,True,False,True,0.0,0.0
write_pair_calibrated_c1_b384,leftbasketball,1436,0,0,4,True,False,True,0.0,0.0
write_pair_calibrated_c1_b384,leftbasketball,1437,0,0,4,True,False,True,0.0,0.0
write_pair_calibrated_c1_b384,leftbasketball,1438,0,0,4,True,False,True,0.0,0.0
write_pair_calibrated_c1_b384,leftbasketball,1439,0,0,4,True,False,True,0.0,0.0
write_pair_calibrated_c1_b384,leftbasketball,1440,0,0,4,True,False,True,0.0,0.0
write_pair_calibrated_c1_b384,leftbasketball,1441,0,0,2,True,False,True,0.0,0.0
write_pair_calibrated_c1_b384,leftbasketball,1442,0,0,4,True,False,True,0.0,0.0
write_pair_calibrated_c1_b384,leftbasketball,1443,2,0,2,True,False,True,0.0,0.0
write_pair_calibrated_c1_b384,leftbasketball,1444,0,0,4,True,False,True,0.0,0.0
write_pair_calibrated_c1_b384,leftbasketball,1445,0,0,4,True,False,True,0.0,0.0
write_pair_calibrated_c1_b384,leftbasketball,1446,0,0,4,True,False,True,0.0,0.0
write_pair_calibrated_c1_b384,leftbasketball,1447,0,0,4,True,False,True,0.0,0.0
write_pair_calibrated_c1_b384,leftbasketball,1448,0,0,4,True,False,True,0.0,0.0
write_pair_calibrated_c1_b384,leftbasketball,1449,0,0,4,True,False,True,0.0,0.0
write_pair_calibrated_c1_b384,leftbasketball,1450,0,0,4,True,False,True,0.0,0.0
write_pair_calibrated_c1_b384,leftbasketball,1451,0,0,4,True,False,True,0.0,0.0
write_pair_calibrated_c1_b384,leftbasketball,1452,0,0,4,True,False,True,0.0,0.0
write_pair_calibrated_c1_b384,leftbasketball,1453,0,0,4,True,False,True,0.0,0.0
write_pair_calibrated_c1_b384,leftbasketball,1454,0,0,4,True,False,True,0.0,0.0
write_pair_calibrated_c1_b384,leftbasketball,1455,0,0,4,True,False,True,0.0,0.0
write_pair_calibrated_c1_b384,leftbasketball,1456,0,0,4,True,False,True,0.0,0.0
write_pair_calibrated_c1_b384,leftbasketball,1457,0,0,4,True,False,True,0.0,0.0
write_pair_calibrated_c1_b384,leftbasketball,1458,0,0,4,True,False,True,0.0,0.0
write_pair_calibrated_c1_b384,leftbasketball,1459,0,0,4,True,False,True,0.0,0.0
write_pair_calibrated_c1_b384,leftbasketball,1467,0,0,4,True,False,True,0.0,0.0
write_pair_calibrated_c1_b384,leftbasketball,1468,0,0,4,True,False,True,0.0,0.0
write_pair_calibrated_c1_b384,leftbasketball,1469,0,0,4,True,False,True,0.0,0.0
write_pair_calibrated_c1_b384,leftbasketball,1470,0,0,4,True,False,True,0.0,0.0
write_pair_calibrated_c1_b384,leftbasketball,1483,0,0,4,True,False,True,0.0,0.0
write_pair_calibrated_c1_b384,leftbasketball,1486,0,0,4,True,False,True,0.0,0.0
write_pair_calibrated_c1_b384,leftbasketball,1490,0,0,4,True,False,True,0.0,0.0
write_pair_calibrated_c1_b384,leftbasketball,1491,0,0,4,True,False,True,0.0,0.0
write_pair_calibrated_c1_b384,leftbasketball,1492,0,0,4,True,False,True,0.0,0.0
write_pair_calibrated_c1_b384,leftbasketball,1493,0,0,4,True,False,True,0.0,0.0
write_pair_calibrated_c1_b384,leftbasketball,1494,0,0,4,True,False,True,0.0,0.0
write_pair_calibrated_c1_b384,leftbasketball,1495,0,0,4,True,False,True,0.0,0.0
write_pair_calibrated_c1_b384,leftbasketball,1496,0,0,4,True,False,True,0.0,0.0
write_pair_calibrated_c1_b384,leftbasketball,1497,0,0,4,True,False,True,0.0,0.0
write_pair_calibrated_c1_b384,leftbasketball,1498,4,2,4,True,False,True,0.0,0.0
write_pair_calibrated_c1_b384,leftbasketball,1499,4,3,4,True,False,True,0.0,0.0
write_pair_calibrated_c1_b384,leftbasketball,1500,4,2,4,True,False,True,0.0,0.0
write_pair_calibrated_c1_b384,leftbasketball,1501,4,1,4,True,False,True,0.0,0.0
write_pair_calibrated_c1_b384,leftbasketball,1502,0,0,4,True,False,True,0.0,0.0
write_pair_calibrated_c1_b384,leftbasketball,1503,0,0,4,True,False,True,0.0,0.0
write_pair_calibrated_c1_b384,leftbasketball,1504,4,1,4,True,False,True,0.0,0.0
write_pair_calibrated_c1_b384,leftbasketball,1505,4,1,4,True,False,True,0.0,0.0
write_pair_calibrated_c1_b384,leftbasketball,1506,4,1,4,True,False,True,0.0,0.0
write_pair_calibrated_c1_b384,leftbasketball,1507,4,1,4,True,False,True,0.0,0.0
write_pair_calibrated_c1_b384,leftbasketball,1508,4,1,4,True,False,True,0.0,0.0
write_pair_calibrated_c1_b384,leftbasketball,1509,4,3,4,True,False,True,0.0,0.0
write_pair_calibrated_c1_b384,leftbasketball,1510,0,3,4,True,False,True,0.0,0.0
write_pair_calibrated_c1_b384,leftbasketball,1511,0,0,4,True,False,True,0.0,0.0
write_pair_calibrated_c1_b384,leftbasketball,1512,0,0,4,True,False,True,0.0,0.0
write_pair_calibrated_c1_b384,leftbasketball,1513,0,0,4,True,False,True,0.0,0.0
write_pair_calibrated_c1_b384,leftbasketball,1514,0,0,4,True,False,True,0.0,0.0
write_pair_calibrated_c1_b384,leftbasketball,1515,0,0,4,True,False,True,0.0,0.0
write_pair_calibrated_c1_b384,leftbasketball,1516,0,0,4,True,False,True,0.0,0.0
write_pair_calibrated_c1_b384,leftbasketball,1517,0,0,4,True,False,True,0.0,0.0
write_pair_calibrated_c1_b384,leftbasketball,1518,0,0,4,True,False,True,0.0,0.0
write_pair_calibrated_c1_b384,leftbasketball,1519,0,0,4,True,False,True,0.0,0.0
write_pair_calibrated_c1_b384,leftbasketball,1520,0,0,4,True,False,True,0.0,0.0
write_pair_calibrated_c1_b384,leftbasketball,1521,0,0,4,True,False,True,0.0,0.0
write_pair_calibrated_c1_b384,leftbasketball,1522,0,0,4,True,False,True,0.0,0.0
write_pair_calibrated_c1_b384,leftbasketball,1523,0,0,4,True,False,True,0.0,0.0
write_pair_calibrated_c1_b384,leftbasketball,1524,0,0,4,True,False,True,0.0,0.0
write_pair_calibrated_c1_b384,leftbasketball,1525,0,0,4,True,False,True,0.0,0.0
write_pair_calibrated_c1_b384,leftbasketball,1526,0,0,4,True,False,True,0.0,0.0
write_pair_calibrated_c1_b384,leftbasketball,1527,0,0,4,True,False,True,0.0,0.0
write_pair_calibrated_c1_b384,leftbasketball,1528,0,0,4,True,False,True,0.0,0.0
write_pair_calibrated_c1_b384,leftbasketball,1529,0,0,4,True,False,True,0.0,0.0
write_pair_calibrated_c1_b384,leftbasketball,1530,0,0,4,True,False,True,0.0,0.0
write_pair_calibrated_c1_b384,leftbasketball,1531,0,0,4,True,False,True,0.0,0.0
write_pair_calibrated_c1_b384,leftbasketball,1532,0,0,4,True,False,True,0.0,0.0
write_pair_calibrated_c1_b384,leftbasketball,1533,0,0,4,True,False,True,0.0,0.0
write_pair_calibrated_c1_b384,leftbasketball,1534,0,0,4,True,False,True,0.0,0.0
write_pair_calibrated_c1_b384,leftbasketball,1535,4,1,4,True,False,True,0.0,0.0
write_pair_calibrated_c1_b384,leftbasketball,1536,0,0,4,True,False,True,0.0,0.0
write_pair_calibrated_c1_b384,leftbasketball,1537,0,0,4,True,False,True,0.0,0.0
write_pair_calibrated_c1_b384,leftbasketball,1538,0,0,4,True,False,True,0.0,0.0
write_pair_calibrated_c1_b384,leftbasketball,1539,0,0,4,True,False,True,0.0,0.0
write_pair_calibrated_c1_b384,leftbasketball,1540,4,2,4,True,False,True,0.0,0.0
write_pair_calibrated_c1_b384,leftbasketball,1541,0,0,4,True,False,True,0.0,0.0
write_pair_calibrated_c1_b384,leftbasketball,1542,4,3,4,True,False,True,0.0,0.0
write_pair_calibrated_c1_b384,leftbasketball,1543,0,0,4,True,False,True,0.0,0.0
write_pair_calibrated_c1_b384,leftbasketball,1544,4,2,4,True,False,True,0.0,0.0
write_pair_calibrated_c1_b384,leftbasketball,1545,0,0,4,False,False,True,0.0,0.0
write_pair_calibrated_c1_b384,leftbasketball,1546,0,0,4,True,False,True,0.0,0.0
write_pair_calibrated_c1_b384,leftbasketball,1548,0,0,4,True,False,True,0.0,0.0
write_pair_calibrated_c1_b384,leftbasketball,1549,0,0,4,True,False,True,0.0,0.0
write_pair_calibrated_c1_b384,leftbasketball,1550,0,0,4,True,False,True,0.0,0.0
write_pair_calibrated_c1_b384,leftbasketball,1551,0,0,4,True,False,True,0.0,0.0
write_pair_calibrated_c1_b384,leftbasketball,1552,0,1,4,True,False,True,0.0,0.0
write_pair_calibrated_c1_b384,leftbasketball,1553,0,0,2,True,False,True,0.0,0.0
write_pair_calibrated_c1_b384,leftbasketball,1554,0,0,2,True,False,True,0.0,0.0
write_pair_calibrated_c1_b384,leftbasketball,1555,0,0,2,True,False,True,0.0,0.0
write_pair_calibrated_c1_b384,leftbasketball,1556,0,0,4,True,False,True,0.0,0.0
write_pair_calibrated_c1_b384,leftbasketball,1557,4,2,4,True,False,True,0.0,0.0
write_pair_calibrated_c1_b384,leftbasketball,1558,0,0,4,True,False,True,0.0,0.0
write_pair_calibrated_c1_b384,leftbasketball,1559,0,0,4,True,False,True,0.0,0.0
write_pair_calibrated_c1_b384,leftbasketball,1560,0,0,4,True,False,True,0.0,0.0
write_pair_calibrated_c1_b384,leftbasketball,1561,0,0,4,True,False,True,0.0,0.0
write_pair_calibrated_c1_b384,leftbasketball,1562,0,0,4,True,False,True,0.0,0.0
write_pair_calibrated_c1_b384,leftbasketball,1563,0,0,4,True,False,True,0.0,0.0
write_pair_calibrated_c1_b384,leftbasketball,1564,0,0,4,True,False,True,0.0,0.0
write_pair_calibrated_c1_b384,leftbasketball,1565,0,0,4,True,False,True,0.0,0.0
write_pair_calibrated_c1_b384,leftbasketball,1566,4,1,4,True,False,True,0.0,0.0
write_pair_calibrated_c1_b384,leftbasketball,1567,4,1,4,True,False,True,0.0,0.0
write_pair_calibrated_c1_b384,leftbasketball,1568,0,0,4,True,False,True,0.0,0.0
write_pair_calibrated_c1_b384,leftbasketball,1569,0,0,4,True,False,True,0.0,0.0
write_pair_calibrated_c1_b384,leftbasketball,1570,0,0,4,True,False,True,0.0,0.0
write_pair_calibrated_c1_b384,leftbasketball,1571,4,3,4,True,False,True,0.0,0.0
write_pair_calibrated_c1_b384,leftbasketball,1572,0,0,4,True,False,True,0.0,0.0
write_pair_calibrated_c1_b384,leftbasketball,1573,0,0,4,True,False,True,0.0,0.0
write_pair_calibrated_c1_b384,leftbasketball,1574,0,0,4,True,False,True,0.0,0.0
write_pair_calibrated_c1_b384,leftbasketball,1575,0,0,4,True,False,True,0.0,0.0
write_pair_calibrated_c1_b384,leftbasketball,1576,0,0,4,True,False,True,0.0,0.0
write_pair_calibrated_c1_b384,leftbasketball,1577,0,0,4,True,False,True,0.0,0.0
write_pair_calibrated_c1_b384,leftbasketball,1578,4,3,4,True,False,True,0.0,0.0
write_pair_calibrated_c1_b384,leftbasketball,1579,4,2,4,True,False,True,0.0,0.0
write_pair_calibrated_c1_b384,leftbasketball,1580,4,2,4,True,False,True,0.0,0.0
write_pair_calibrated_c1_b384,leftbasketball,1581,4,3,4,True,False,True,0.0,0.0
write_pair_calibrated_c1_b384,leftbasketball,1582,0,0,4,True,False,True,0.0,0.0
write_pair_calibrated_c1_b384,leftbasketball,1583,0,0,4,True,False,True,0.0,0.0
write_pair_calibrated_c1_b384,leftbasketball,1584,0,0,4,True,False,True,0.0,0.0
write_pair_calibrated_c1_b384,leftbasketball,1585,0,0,4,True,False,True,0.0,0.0
write_pair_calibrated_c1_b384,leftbasketball,1586,0,0,4,True,False,True,0.0,0.0
write_pair_calibrated_c1_b384,leftbasketball,1587,0,0,4,True,False,True,0.0,0.0
write_pair_calibrated_c1_b384,leftbasketball,1588,4,2,4,True,False,True,0.0,0.0
write_pair_calibrated_c1_b384,leftbasketball,1589,4,4,4,True,False,True,0.0,0.0
write_pair_calibrated_c1_b384,leftbasketball,1590,4,2,4,True,False,True,0.0,0.0
write_pair_calibrated_c1_b384,leftbasketball,1591,4,1,4,True,False,True,0.0,0.0
write_pair_calibrated_c1_b384,leftbasketball,1592,4,1,4,True,False,True,0.0,0.0
write_pair_calibrated_c1_b384,leftbasketball,1593,4,2,4,True,False,True,0.0,0.0
write_pair_calibrated_c1_b384,leftbasketball,1594,0,0,4,True,False,True,0.0,0.0
write_pair_calibrated_c1_b384,leftbasketball,1595,4,1,4,True,False,True,0.0,0.0
write_pair_calibrated_c1_b384,leftbasketball,1596,4,1,4,True,False,True,0.0,0.0
write_pair_calibrated_c1_b384,leftbasketball,1597,2,2,2,True,False,True,0.0,0.0
write_pair_calibrated_c1_b384,leftbasketball,1599,0,0,4,True,False,True,0.0,0.0
write_pair_calibrated_c1_b384,leftbasketball,1601,0,0,4,True,False,True,0.0,0.0
write_pair_calibrated_c1_b384,leftbasketball,1602,0,0,4,True,False,True,0.0,0.0
write_pair_calibrated_c1_b384,leftbasketball,1603,0,0,4,True,False,True,0.0,0.0
write_pair_calibrated_c1_b384,leftbasketball,1604,0,0,4,True,False,True,0.0,0.0
write_pair_calibrated_c1_b384,leftbasketball,1605,0,0,4,True,False,True,0.0,0.0
write_pair_calibrated_c1_b384,leftbasketball,1606,0,0,4,True,False,True,0.0,0.0
write_pair_calibrated_c1_b384,leftbasketball,1607,0,0,4,True,False,True,0.0,0.0
write_pair_calibrated_c1_b384,leftbasketball,1608,0,0,4,True,False,True,0.0,0.0
write_pair_calibrated_c1_b384,leftbasketball,1609,0,0,4,True,False,True,0.0,0.0
write_pair_calibrated_c1_b384,leftbasketball,1610,0,0,4,True,False,True,0.0,0.0
write_pair_calibrated_c1_b384,leftof2girls,72,0,0,4,True,False,True,0.8225206930214443,0.8225206930214443
write_pair_calibrated_c1_b384,leftof2girls,80,0,0,0,False,False,True,0.7912547422184792,0.0
write_pair_calibrated_c1_b384,leftof2girls,84,0,0,0,False,False,True,0.0,0.8530703825508007
write_pair_calibrated_c1_b384,lonelyman,169,4,0,4,True,False,True,0.448323169671082,0.718886501149704
write_pair_calibrated_c1_b384,lonelyman,179,0,0,4,True,False,True,0.3334654915060331,0.3334654915060331
write_pair_calibrated_c1_b384,lonelyman,180,0,0,4,True,False,True,0.5630360765773241,0.5630360765773241
write_pair_calibrated_c1_b384,lonelyman,181,0,0,4,True,False,True,0.38639512027771017,0.38639512027771017
write_pair_calibrated_c1_b384,lonelyman,182,0,0,4,True,False,True,0.2917528503324408,0.2917528503324408
write_pair_calibrated_c1_b384,lonelyman,183,0,0,4,True,False,True,0.37576748014544653,0.37576748014544653
write_pair_calibrated_c1_b384,lonelyman,184,0,0,4,True,False,True,0.3969916215491174,0.3969916215491174
write_pair_calibrated_c1_b384,lonelyman,185,0,0,4,True,False,True,0.34752049558926323,0.34752049558926323
write_pair_calibrated_c1_b384,lonelyman,186,0,0,4,True,False,True,0.3802982104726592,0.3802982104726592
write_pair_calibrated_c1_b384,lonelyman,189,0,0,4,True,False,True,0.7191324741646589,0.7191324741646589
write_pair_calibrated_c1_b384,lonelyman,190,0,0,4,True,False,True,0.42076710824365676,0.42076710824365676
write_pair_calibrated_c1_b384,lonelyman,191,0,0,4,True,False,True,0.3536882607720749,0.3536882607720749
write_pair_calibrated_c1_b384,lonelyman,192,0,0,4,True,False,True,0.26442500856503914,0.26442500856503914
write_pair_calibrated_c1_b384,lonelyman,193,0,0,4,True,False,True,0.3400909171301251,0.3400909171301251
write_pair_calibrated_c1_b384,lonelyman,198,0,0,4,True,False,True,0.3871834289612929,0.3871834289612929
write_pair_calibrated_c1_b384,lonelyman,201,4,4,4,True,False,True,0.5588428252777999,0.47396981825563106
write_pair_calibrated_c1_b384,lonelyman,202,0,0,4,True,False,True,0.49970429166733493,0.49970429166733493
write_pair_calibrated_c1_b384,lonelyman,203,0,1,4,True,False,True,0.40773143454063676,0.0
write_pair_calibrated_c1_b384,lonelyman,207,0,0,4,True,False,True,0.5631176872630909,0.5631176872630909
write_pair_calibrated_c1_b384,lonelyman,208,0,0,4,True,False,True,0.35650591611427607,0.35650591611427607
write_pair_calibrated_c1_b384,lonelyman,211,4,1,4,True,False,True,0.4411849413436236,0.6795834448257988
write_pair_calibrated_c1_b384,lonelyman,239,0,0,4,True,False,True,0.28000685361014765,0.28000685361014765
write_pair_calibrated_c1_b384,lonelyman,240,4,0,4,True,False,True,0.23424317447005266,0.4826072185332373
write_pair_calibrated_c1_b384,lonelyman,241,4,1,4,True,False,True,0.15317152181024657,0.0
write_pair_calibrated_c1_b384,lonelyman,242,0,0,4,True,False,True,0.0,0.0
write_pair_calibrated_c1_b384,lonelyman,243,0,0,4,True,False,True,0.0,0.0
write_pair_calibrated_c1_b384,lonelyman,244,0,0,4,True,False,True,0.0,0.0
write_pair_calibrated_c1_b384,lonelyman,245,4,2,4,True,False,True,0.0,0.0
write_pair_calibrated_c1_b384,lonelyman,248,0,0,4,True,False,True,0.0,0.0
write_pair_calibrated_c1_b384,lonelyman,249,4,1,4,True,False,True,0.0,0.0
write_pair_calibrated_c1_b384,lonelyman,250,0,0,4,True,False,True,0.0,0.0
write_pair_calibrated_c1_b384,lonelyman,251,4,2,4,True,False,True,0.0,0.0
write_pair_calibrated_c1_b384,lonelyman,252,4,3,4,True,False,True,0.0,0.0
write_pair_calibrated_c1_b384,lonelyman,254,4,0,4,True,False,True,0.0,0.0
write_pair_calibrated_c1_b384,lonelyman,255,4,0,4,True,False,True,0.0,0.0
write_pair_calibrated_c1_b384,lonelyman,256,4,2,4,True,False,True,0.0,0.0
write_pair_calibrated_c1_b384,lonelyman,257,4,3,4,True,False,True,0.0,0.0
write_pair_calibrated_c1_b384,lonelyman,258,4,2,4,True,False,True,0.0,0.0
write_pair_calibrated_c1_b384,lonelyman,259,2,0,2,True,False,True,0.0,0.11407006002393671
write_pair_calibrated_c1_b384,lonelyman,260,4,0,4,True,False,True,0.0,0.0
write_pair_calibrated_c1_b384,lonelyman,261,4,1,4,True,False,True,0.0,0.0
write_pair_calibrated_c1_b384,lonelyman,263,1,1,1,True,False,True,0.5858140098086169,0.4468630258725715
write_pair_calibrated_c1_b384,lonelyman,267,0,0,4,True,False,True,0.6584997644856744,0.6584997644856744
write_pair_calibrated_c1_b384,lonelyman,269,0,1,4,True,False,True,0.44870845659757813,0.04733980051910536
write_pair_calibrated_c1_b384,lonelyman,270,0,0,4,True,False,True,0.0,0.0
write_pair_calibrated_c1_b384,lonelyman,271,0,0,2,True,False,True,0.0,0.0
write_pair_calibrated_c1_b384,lonelyman,272,0,0,4,True,False,True,0.007406402586032569,0.007406402586032569
write_pair_calibrated_c1_b384,lonelyman,273,4,0,4,True,False,True,0.008224003478003453,0.0
write_pair_calibrated_c1_b384,lonelyman,274,5,1,5,True,False,True,0.0,0.0
write_pair_calibrated_c1_b384,lonelyman,275,5,3,5,True,False,True,0.0,0.0
write_pair_calibrated_c1_b384,lonelyman,276,0,0,4,True,False,True,0.0,0.0
write_pair_calibrated_c1_b384,lonelyman,277,0,0,4,True,False,True,0.0,0.0
write_pair_calibrated_c1_b384,lonelyman,278,0,0,4,True,False,True,0.0,0.0
write_pair_calibrated_c1_b384,man2startmoto,34,0,0,2,True,False,True,0.6835271860913452,0.6835271860913452
write_pair_calibrated_c1_b384,man2startmoto,35,0,1,2,True,False,True,0.6351668987195482,0.0
write_pair_calibrated_c1_b384,man2startmoto,36,0,0,4,True,False,True,0.0,0.0
write_pair_calibrated_c1_b384,man2startmoto,37,4,1,4,True,False,True,0.0,0.0
write_pair_calibrated_c1_b384,man2startmoto,39,0,0,2,True,False,True,0.0,0.0
write_pair_calibrated_c1_b384,man2startmoto,40,0,1,0,False,False,True,0.0,0.7725783287710282
write_pair_calibrated_c1_b384,man2startmoto,41,4,0,4,True,False,True,0.6536427545696989,0.49176545775690284
write_pair_calibrated_c1_b384,man2startmoto,64,4,2,4,True,False,True,0.32422794393665416,0.0
write_pair_calibrated_c1_b384,man2startmoto,65,0,0,4,True,False,True,0.1456365144612989,0.1456365144612989
write_pair_calibrated_c1_b384,man2startmoto,66,2,1,2,True,False,True,0.2339001510787459,0.0
write_pair_calibrated_c1_b384,man2startmoto,67,4,2,4,True,False,True,0.0,0.0337930304337152
write_pair_calibrated_c1_b384,man2startmoto,68,0,0,4,True,False,True,0.5103156970430567,0.5103156970430567
write_pair_calibrated_c1_b384,man2startmoto,220,0,0,4,True,False,True,0.5478076248482159,0.5478076248482159
write_pair_calibrated_c1_b384,man2startmoto,236,0,0,4,True,False,True,0.2747861228612417,0.2747861228612417
write_pair_calibrated_c1_b384,man2startmoto,240,0,0,4,True,False,True,0.3026967509504882,0.3026967509504882
write_pair_calibrated_c1_b384,man2startmoto,244,0,0,4,True,False,True,0.27793374594121795,0.27793374594121795
write_pair_calibrated_c1_b384,man2startmoto,247,0,0,4,True,False,True,0.31166524667606477,0.31166524667606477
write_pair_calibrated_c1_b384,man2startmoto,248,0,0,4,True,False,True,0.3242468364453868,0.3242468364453868
write_pair_calibrated_c1_b384,man2startmoto,251,0,0,4,True,False,True,0.3106566632383605,0.3106566632383605
write_pair_calibrated_c1_b384,man2startmoto,365,0,0,4,True,False,True,0.0,0.0
write_pair_calibrated_c1_b384,man2startmoto,368,0,0,4,True,False,True,0.0,0.0
write_pair_calibrated_c1_b384,man2startmoto,369,0,0,4,True,False,True,0.0,0.0
write_pair_calibrated_c1_b384,man2startmoto,370,0,0,4,True,False,True,0.0,0.0
write_pair_calibrated_c1_b384,man2startmoto,371,0,0,4,True,False,True,0.0,0.0
write_pair_calibrated_c1_b384,man2startmoto,372,0,0,2,True,False,True,0.0,0.0
write_pair_calibrated_c1_b384,man2startmoto,373,0,0,4,True,False,True,0.0,0.0
write_pair_calibrated_c1_b384,man2startmoto,374,0,0,4,True,False,True,0.0,0.0
write_pair_calibrated_c1_b384,man2startmoto,394,4,0,4,True,False,True,0.6051503009262614,0.7756922197558302
write_pair_calibrated_c1_b384,man2startmoto,409,0,0,4,True,False,True,0.4457790837258953,0.4457790837258953
write_pair_calibrated_c1_b384,man2startmoto,411,0,0,4,True,False,True,0.3550161203900931,0.3550161203900931
write_pair_calibrated_c1_b384,man2startmoto,423,0,0,4,True,False,True,0.6600835180896005,0.6600835180896005
write_pair_calibrated_c1_b384,man2startmoto,457,0,0,4,True,False,True,0.2236613207128811,0.2236613207128811
write_pair_calibrated_c1_b384,man2startmoto,458,0,3,4,True,False,True,0.000570887610598576,0.0
write_pair_calibrated_c1_b384,man2startmoto,459,0,0,4,True,False,True,0.0,0.0
write_pair_calibrated_c1_b384,man2startmoto,460,4,0,4,True,False,True,0.0,0.4929370542670853
write_pair_calibrated_c1_b384,man2startmoto,481,0,0,4,True,False,True,0.5330689147476559,0.5330689147476559
write_pair_calibrated_c1_b384,man2startmoto,482,4,3,4,True,False,True,0.23082866550553013,0.5195306474784597
write_pair_calibrated_c1_b384,man2startmoto,483,0,0,4,True,False,True,0.0,0.0
write_pair_calibrated_c1_b384,man2startmoto,484,4,0,4,True,False,True,0.33035912775118537,0.5827273463716576
write_pair_calibrated_c1_b384,manafetrtrees,27,0,0,4,True,False,True,0.6707489256030851,0.6707489256030851
write_pair_calibrated_c1_b384,manafetrtrees,29,0,0,2,True,False,True,0.6513362909293785,0.6513362909293785
write_pair_calibrated_c1_b384,manafetrtrees,39,4,0,4,True,False,True,0.0,0.800208021076525
write_pair_calibrated_c1_b384,manafetrtrees,41,4,0,4,True,False,True,0.0,0.3924335892052401
write_pair_calibrated_c1_b384,manafetrtrees,43,4,0,4,True,False,True,0.15136477329502226,0.0
write_pair_calibrated_c1_b384,manafetrtrees,44,0,0,4,True,False,True,0.0,0.0
write_pair_calibrated_c1_b384,manafetrtrees,45,0,0,4,True,False,True,0.0,0.0
write_pair_calibrated_c1_b384,manafetrtrees,46,0,0,4,True,False,True,0.0,0.0
write_pair_calibrated_c1_b384,manafetrtrees,47,4,2,4,True,False,True,0.0,0.0
write_pair_calibrated_c1_b384,manafetrtrees,48,0,1,2,True,False,True,0.0,0.0
write_pair_calibrated_c1_b384,manafetrtrees,49,0,0,1,True,False,True,0.0,0.0
write_pair_calibrated_c1_b384,manafetrtrees,50,0,0,4,True,False,True,0.0,0.0
write_pair_calibrated_c1_b384,manafetrtrees,51,2,0,2,True,False,True,0.0,0.0
write_pair_calibrated_c1_b384,manafetrtrees,52,0,0,4,True,False,True,0.0,0.0
write_pair_calibrated_c1_b384,manafetrtrees,53,0,2,4,True,False,True,0.0,0.0
write_pair_calibrated_c1_b384,manafetrtrees,54,0,1,2,True,False,True,0.0,0.0
write_pair_calibrated_c1_b384,manafetrtrees,55,0,0,4,True,False,True,0.0,0.0
write_pair_calibrated_c1_b384,manafetrtrees,56,0,0,4,True,False,True,0.0,0.0
write_pair_calibrated_c1_b384,manafetrtrees,57,0,2,4,True,False,True,0.0,0.0
write_pair_calibrated_c1_b384,manafetrtrees,58,0,0,4,True,False,True,0.0,0.0
write_pair_calibrated_c1_b384,manafetrtrees,59,0,0,4,True,False,True,0.0,0.0
write_pair_calibrated_c1_b384,manafetrtrees,60,0,0,4,True,False,True,0.0,0.0
write_pair_calibrated_c1_b384,manafetrtrees,61,0,0,4,True,False,True,0.0,0.0
write_pair_calibrated_c1_b384,manafetrtrees,62,0,1,4,True,False,True,0.0,0.0
write_pair_calibrated_c1_b384,manafetrtrees,63,2,0,2,True,False,True,0.0,0.0
write_pair_calibrated_c1_b384,manafetrtrees,64,0,0,4,True,False,True,0.0,0.0
write_pair_calibrated_c1_b384,manafetrtrees,65,0,0,4,True,False,True,0.0,0.0
write_pair_calibrated_c1_b384,manafetrtrees,66,4,1,4,True,False,True,0.0,0.0
write_pair_calibrated_c1_b384,manafetrtrees,67,0,0,4,True,False,True,0.0,0.0
write_pair_calibrated_c1_b384,manafetrtrees,68,0,0,4,True,False,True,0.0,0.0
write_pair_calibrated_c1_b384,manafetrtrees,69,0,2,4,True,False,True,0.0,0.0
write_pair_calibrated_c1_b384,manafetrtrees,70,0,1,2,True,False,True,0.0,0.0
write_pair_calibrated_c1_b384,manafetrtrees,77,0,0,4,True,False,True,0.0,0.0
write_pair_calibrated_c1_b384,manafetrtrees,78,0,0,4,True,False,True,0.0,0.0
write_pair_calibrated_c1_b384,manafetrtrees,80,4,3,4,True,False,True,0.0,0.0
write_pair_calibrated_c1_b384,manafetrtrees,81,0,0,4,True,False,True,0.0,0.0
write_pair_calibrated_c1_b384,manafetrtrees,82,0,0,4,True,False,True,0.0,0.0
write_pair_calibrated_c1_b384,manafetrtrees,83,0,0,4,True,False,True,0.0,0.0
write_pair_calibrated_c1_b384,manafetrtrees,84,0,1,4,True,False,True,0.0,0.0
write_pair_calibrated_c1_b384,manafetrtrees,85,0,0,4,True,False,True,0.0,0.0
write_pair_calibrated_c1_b384,manafetrtrees,86,4,3,4,True,False,True,0.0,0.0
write_pair_calibrated_c1_b384,manafetrtrees,87,0,0,5,True,False,True,0.0,0.0
write_pair_calibrated_c1_b384,manafetrtrees,88,0,0,4,True,False,True,0.0,0.0
write_pair_calibrated_c1_b384,manafetrtrees,89,4,2,4,True,False,True,0.0,0.0
write_pair_calibrated_c1_b384,manafetrtrees,90,0,0,4,True,False,True,0.0,0.0
write_pair_calibrated_c1_b384,manafetrtrees,91,0,0,4,True,False,True,0.0,0.0
write_pair_calibrated_c1_b384,manafetrtrees,93,0,0,4,True,False,True,0.0,0.0
write_pair_calibrated_c1_b384,manafetrtrees,94,0,0,4,True,False,True,0.0,0.0
write_pair_calibrated_c1_b384,manafetrtrees,95,0,0,4,True,False,True,0.0,0.0
write_pair_calibrated_c1_b384,manafetrtrees,96,0,0,4,True,False,True,0.0,0.0
write_pair_calibrated_c1_b384,manafetrtrees,97,4,3,4,True,False,True,0.0,0.0
write_pair_calibrated_c1_b384,manafetrtrees,98,0,1,4,True,False,True,0.0,0.0
write_pair_calibrated_c1_b384,manafetrtrees,99,0,0,2,True,False,True,0.0,0.0
write_pair_calibrated_c1_b384,meituanbike,170,0,0,4,True,False,True,0.6082222311894792,0.6082222311894792
write_pair_calibrated_c1_b384,meituanbike,179,0,0,4,True,False,True,0.767448528475398,0.767448528475398
write_pair_calibrated_c1_b384,meituanbike,180,0,0,4,True,False,True,0.7595232400920167,0.7595232400920167
write_pair_calibrated_c1_b384,moto2north2,167,0,0,4,True,False,True,0.6826332534312448,0.6826332534312448
write_pair_calibrated_c1_b384,moto2north2,168,0,0,4,True,False,True,0.586638214422255,0.586638214422255
write_pair_calibrated_c1_b384,moto2north2,171,0,0,4,True,False,True,0.3944377601843599,0.3944377601843599
write_pair_calibrated_c1_b384,moto2north2,190,0,0,4,True,False,True,0.827394458731472,0.827394458731472
write_pair_calibrated_c1_b384,moto2north2,203,0,0,4,True,False,True,0.0,0.0
write_pair_calibrated_c1_b384,moto2north2,204,0,1,0,False,False,True,0.6026201638991353,0.0
write_pair_calibrated_c1_b384,moto2north2,205,0,0,5,True,False,True,0.5318248826449408,0.5318248826449408
write_pair_calibrated_c1_b384,moto2north2,236,0,0,2,True,False,True,0.7644426252623574,0.7644426252623574
write_pair_calibrated_c1_b384,motobesidescar,19,0,0,4,True,False,True,0.5962922403365064,0.5962922403365064
write_pair_calibrated_c1_b384,motobesidescar,23,0,0,4,True,False,True,0.32919191988682134,0.32919191988682134
write_pair_calibrated_c1_b384,motobesidescar,24,0,0,2,True,False,True,0.5131518436697352,0.5131518436697352
write_pair_calibrated_c1_b384,motobesidescar,25,0,0,4,True,False,True,0.48610938279122967,0.48610938279122967
write_pair_calibrated_c1_b384,motobesidescar,29,0,0,2,True,False,True,0.6208341852408308,0.6208341852408308
write_pair_calibrated_c1_b384,motobesidescar,30,0,0,2,True,False,True,0.4876656608096467,0.4876656608096467
write_pair_calibrated_c1_b384,motobesidescar,31,0,0,4,True,False,True,0.6033612965249436,0.6033612965249436
write_pair_calibrated_c1_b384,motobesidescar,32,0,0,4,True,False,True,0.659691497731142,0.659691497731142
write_pair_calibrated_c1_b384,motobesidescar,36,0,0,2,True,False,True,0.5213082783185242,0.5213082783185242
write_pair_calibrated_c1_b384,motobesidescar,105,0,0,4,True,False,True,0.35146581227566376,0.35146581227566376
write_pair_calibrated_c1_b384,openthisexersicebook,25,0,0,4,True,False,True,0.835271403029621,0.835271403029621
write_pair_calibrated_c1_b384,openthisexersicebook,26,0,0,4,True,False,True,0.7219973907988416,0.7219973907988416
write_pair_calibrated_c1_b384,openthisexersicebook,27,0,0,4,True,False,True,0.6768642592038195,0.6768642592038195
write_pair_calibrated_c1_b384,openthisexersicebook,28,2,0,2,True,False,True,0.7473777590012054,0.30614274633908756
write_pair_calibrated_c1_b384,openthisexersicebook,29,0,0,2,True,False,True,0.4292160049435896,0.4292160049435896
write_pair_calibrated_c1_b384,openthisexersicebook,30,0,0,2,True,False,True,0.5559080835602073,0.5559080835602073
write_pair_calibrated_c1_b384,openthisexersicebook,31,2,0,2,True,False,True,0.4899358195906841,0.41610780345794346
write_pair_calibrated_c1_b384,openthisexersicebook,32,0,0,2,True,False,True,0.47726401193336737,0.47726401193336737
write_pair_calibrated_c1_b384,openthisexersicebook,33,0,2,2,True,False,True,0.3163194325188497,0.0
write_pair_calibrated_c1_b384,openthisexersicebook,34,4,3,4,True,False,True,0.0,0.0
write_pair_calibrated_c1_b384,openthisexersicebook,35,0,1,4,True,False,True,0.0,0.0
write_pair_calibrated_c1_b384,openthisexersicebook,36,0,0,4,True,False,True,0.0,0.0
write_pair_calibrated_c1_b384,openthisexersicebook,37,0,0,0,False,False,True,0.0,0.0
write_pair_calibrated_c1_b384,openthisexersicebook,38,0,0,4,True,False,True,0.0,0.0
write_pair_calibrated_c1_b384,openthisexersicebook,39,2,0,2,True,False,True,0.0,0.47615324306128565
write_pair_calibrated_c1_b384,openthisexersicebook,353,0,1,0,False,False,True,0.3259169322746459,0.25545698956773827
write_pair_calibrated_c1_b384,openthisexersicebook,358,0,0,0,False,False,True,0.26178447483852496,0.3477638514337727
write_pair_calibrated_c1_b384,openthisexersicebook,361,0,1,0,False,False,True,0.3510206951721046,0.2769301006870103
write_pair_calibrated_c1_b384,openthisexersicebook,367,0,1,0,False,False,True,0.27190655378825007,0.32334812565204646
write_pair_calibrated_c1_b384,openthisexersicebook,375,0,2,0,False,False,True,0.4127572890698657,0.24309905826762027
write_pair_calibrated_c1_b384,openthisexersicebook,479,0,1,0,False,False,True,0.3445420047408512,0.45640500705840803
write_pair_calibrated_c1_b384,outer2leftmirrorback,136,0,1,0,False,False,True,0.7923245211642016,0.0
write_pair_calibrated_c1_b384,outer2leftmirrorback,143,0,1,0,False,False,True,0.873805440566435,0.0
write_pair_calibrated_c1_b384,outer2leftmirrorback,190,0,0,4,True,False,True,0.0,0.0
write_pair_calibrated_c1_b384,outer2leftmirrorback,282,0,1,0,False,False,True,0.0,0.7157790663603023
write_pair_calibrated_c1_b384,outer2leftmirrorback,286,0,1,0,False,False,True,0.8313742948989896,0.0
write_pair_calibrated_c1_b384,outer2leftmirrorback,302,0,0,2,True,False,True,0.0,0.0
write_pair_calibrated_c1_b384,outer2leftmirrorback,333,0,1,0,False,False,True,0.0,0.7420633781160659
write_pair_calibrated_c1_b384,outer2leftmirrorback,340,0,2,0,False,False,True,0.8988520550320163,0.024232767684711554
write_pair_calibrated_c1_b384,outer2leftmirrorback,343,0,0,0,False,False,True,0.10353888403713676,0.5961043244962936
write_pair_calibrated_c1_b384,outer2leftmirrorback,443,0,0,2,True,False,True,0.7154768829841531,0.7154768829841531
write_pair_calibrated_c1_b384,outer2leftmirrorback,446,0,0,2,True,False,True,0.7718477415187336,0.7718477415187336
write_pair_calibrated_c1_b384,outer2leftmirrorback,455,0,0,2,True,False,True,0.4124366114280617,0.4124366114280617
write_pair_calibrated_c1_b384,outer2leftmirrorback,460,0,1,0,False,False,True,0.0,0.8804393862095714
write_pair_calibrated_c1_b384,outer2leftmirrorback,783,2,0,2,True,False,True,0.45305525808730346,0.22749886932654306
write_pair_calibrated_c1_b384,outer2leftmirrorback,919,0,0,4,True,False,True,0.1903526992485793,0.1903526992485793
write_pair_calibrated_c1_b384,outer2leftmirrorback,920,0,0,4,True,False,True,0.2002826058058678,0.2002826058058678
write_pair_calibrated_c1_b384,outer2leftmirrorback,922,0,0,4,True,False,True,0.3823742255092719,0.3823742255092719
write_pair_calibrated_c1_b384,outer2leftmirrorback,923,0,0,2,True,False,True,0.2268014114162211,0.2268014114162211
write_pair_calibrated_c1_b384,outer2leftmirrorback,924,0,0,4,True,False,True,0.1604642852856957,0.1604642852856957
write_pair_calibrated_c1_b384,outer2leftmirrorback,925,0,0,4,True,False,True,0.2606847227690507,0.2606847227690507
write_pair_calibrated_c1_b384,outer2leftmirrorback,927,0,0,4,True,False,True,0.23972734059320616,0.23972734059320616
write_pair_calibrated_c1_b384,outer2leftmirrorback,928,0,0,4,True,False,True,0.22296816547195986,0.22296816547195986
write_pair_calibrated_c1_b384,outer2leftmirrorback,929,0,0,4,True,False,True,0.22377850002145877,0.22377850002145877
write_pair_calibrated_c1_b384,outer2leftmirrorback,930,0,0,4,True,False,True,0.38061725701558435,0.38061725701558435
write_pair_calibrated_c1_b384,outer2leftmirrorback,931,0,0,4,True,False,True,0.061939611325101916,0.061939611325101916
write_pair_calibrated_c1_b384,outer2leftmirrorback,1163,0,0,0,False,False,True,0.004988039738972085,0.35632476019936016
write_pair_calibrated_c1_b384,outer2leftmirrorback,1259,0,0,2,True,False,True,0.1985001474569193,0.1985001474569193
write_pair_calibrated_c1_b384,outer2leftmirrorback,1328,0,1,0,False,False,True,0.8595606636600953,0.0
write_pair_calibrated_c1_b384,outer2leftmirrorback,1331,0,0,0,False,False,True,0.0,0.7439628544445682
write_pair_calibrated_c1_b384,outer2leftmirrorback,1341,0,0,2,True,False,True,0.601937377274699,0.601937377274699
write_pair_calibrated_c1_b384,outer2leftmirrorback,1356,0,1,0,False,False,True,0.7456622905482235,0.0
write_pair_calibrated_c1_b384,outer2leftmirrorback,1358,0,0,0,False,False,True,0.0,0.737699654686845
write_pair_calibrated_c1_b384,outer2leftmirrorback,1377,0,1,0,False,False,True,0.7116044547350708,0.0
write_pair_calibrated_c1_b384,outer2leftmirrorback,1379,0,0,0,False,False,True,0.0,0.5916831553514189
write_pair_calibrated_c1_b384,outer2leftmirrorback,1448,0,0,0,False,False,True,0.5833417435596299,0.11596447213204641
write_pair_calibrated_c1_b384,outer2leftmirrorback,1602,0,1,0,False,False,True,0.0,0.49610639826146125
write_pair_calibrated_c1_b384,outer2leftmirrorback,1617,0,0,0,False,False,True,0.8047831793122526,0.06993083270296571
write_pair_calibrated_c1_b384,outer2leftmirrorback,1635,0,1,0,False,False,True,0.8596464718340814,0.06679230637379756
write_pair_calibrated_c1_b384,outer2leftmirrorback,1661,0,1,0,False,False,True,0.8236672961455751,0.017539217580156054
write_pair_calibrated_c1_b384,outer2leftmirrorback,1663,0,0,0,False,False,True,0.08405889288290311,0.9343226280417162
write_pair_calibrated_c1_b384,outer2leftmirrorback,1692,0,1,0,False,False,True,0.6325566231497455,0.0
write_pair_calibrated_c1_b384,outer2leftmirrorback,1694,0,1,0,False,False,True,0.06301259726467102,0.7597346247803036
write_pair_calibrated_c1_b384,outer2leftmirrorback,1696,0,1,0,False,False,True,0.21175530759417402,0.4528049955937382
write_pair_calibrated_c1_b384,outer2leftmirrorback,1715,0,1,0,False,False,True,0.37964388375993185,0.0
write_pair_calibrated_c1_b384,outer2leftmirrorback,1718,0,0,0,False,False,True,0.04969775140399751,0.4500053285752132
write_pair_calibrated_c1_b384,outer2leftmirrorback,1783,0,0,0,False,False,True,0.8553138252635953,0.06338332154475218
write_pair_calibrated_c1_b384,outer2leftmirrorback,1816,0,0,0,False,False,True,0.802313247861195,0.2158766109950286
write_pair_calibrated_c1_b384,outer2leftmirrorback,1818,0,0,0,False,False,True,0.08807928407820982,0.7074641374607797
write_pair_calibrated_c1_b384,outer2leftmirrorback,1883,0,1,0,False,False,True,0.844707699639868,0.0006466942987017229
write_pair_calibrated_c1_b384,rightbiggreenboy,37,0,0,2,True,False,True,0.8853137838015447,0.8853137838015447
write_pair_calibrated_c1_b384,rightbiggreenboy,42,0,1,2,True,False,True,0.9049494550285859,0.0
write_pair_calibrated_c1_b384,rightbiggreenboy,44,0,1,0,False,False,True,0.8754591940931266,0.0
write_pair_calibrated_c1_b384,rightbiggreenboy,46,0,1,0,False,False,True,0.8800388178903239,0.0
write_pair_calibrated_c1_b384,rightbiggreenboy,47,0,0,4,True,False,True,0.9032046421096834,0.9032046421096834
write_pair_calibrated_c1_b384,rightbiggreenboy,48,0,1,0,False,False,True,0.9215770910331298,0.0
write_pair_calibrated_c1_b384,rightbiggreenboy,49,0,0,2,True,False,True,0.8774028061149655,0.0
write_pair_calibrated_c1_b384,rightbiggreenboy,50,0,1,2,True,False,True,0.7847654146501108,0.7847654146501108
write_pair_calibrated_c1_b384,rightbiggreenboy,51,0,1,0,False,False,True,0.8673459853203334,0.0
write_pair_calibrated_c1_b384,rightbiggreenboy,52,0,0,4,True,False,True,0.8759290819341747,0.8759290819341747
write_pair_calibrated_c1_b384,rightbiggreenboy,55,0,0,2,True,False,True,0.856636078696819,0.856636078696819
write_pair_calibrated_c1_b384,rightbiggreenboy,65,0,1,0,False,False,True,0.855310093417623,0.0
write_pair_calibrated_c1_b384,rightbiggreenboy,66,0,0,2,True,False,True,0.0,0.0
write_pair_calibrated_c1_b384,rightbiggreenboy,67,0,0,2,True,False,True,0.0,0.0
write_pair_calibrated_c1_b384,rightbiggreenboy,68,0,1,2,True,False,True,0.0,0.8730626068665038
write_pair_calibrated_c1_b384,rightbiggreenboy,116,0,0,4,True,False,True,0.8693230110218876,0.8693230110218876
write_pair_calibrated_c1_b384,rightbiggreenboy,118,0,0,2,True,False,True,0.6897131026486936,0.6897131026486936
write_pair_calibrated_c1_b384,rightbiggreenboy,119,0,0,2,True,False,True,0.7194684122691529,0.7194684122691529
write_pair_calibrated_c1_b384,rightbiggreenboy,121,0,0,2,True,False,True,0.7649746611262924,0.7649746611262924
write_pair_calibrated_c1_b384,rightbiggreenboy,123,0,0,2,True,False,True,0.725547618421118,0.725547618421118
write_pair_calibrated_c1_b384,rightbiggreenboy,124,0,0,2,True,False,True,0.666096505214763,0.666096505214763
write_pair_calibrated_c1_b384,rightbiggreenboy,125,0,0,2,True,False,True,0.7518489168316446,0.7518489168316446
write_pair_calibrated_c1_b384,rightbiggreenboy,126,0,0,2,True,False,True,0.7324613174572295,0.7324613174572295
write_pair_calibrated_c1_b384,rightbiggreenboy,135,0,0,2,True,False,True,0.7480393493343372,0.7480393493343372
write_pair_calibrated_c1_b384,rightbiggreenboy,146,0,0,4,True,False,True,0.8770929790117021,0.8770929790117021
write_pair_calibrated_c1_b384,rightbiggreenboy,174,0,0,2,True,False,True,0.7039752580566813,0.7039752580566813
write_pair_calibrated_c1_b384,rightbiggreenboy,183,0,0,2,True,False,True,0.7676370076032392,0.7676370076032392
write_pair_calibrated_c1_b384,rightbiggreenboy,184,2,2,2,True,False,True,0.84794960530439,0.43361230596813166
write_pair_calibrated_c1_b384,rightbiggreenboy,186,0,0,2,True,False,True,0.808076042510041,0.808076042510041
write_pair_calibrated_c1_b384,rightbiggreenboy,198,0,1,0,False,False,True,0.8140411401200514,0.0
write_pair_calibrated_c1_b384,rightbiggreenboy,211,0,1,0,False,False,True,0.0,0.793031939170753
write_pair_calibrated_c1_b384,rightbiggreenboy,217,0,1,0,False,False,True,0.7867556697877206,0.0
write_pair_calibrated_c1_b384,rightbiggreenboy,222,0,0,2,True,False,True,0.0,0.0
write_pair_calibrated_c1_b384,rightbiggreenboy,223,4,2,4,True,False,True,0.0,0.7477605055503496
write_pair_calibrated_c1_b384,rightbiggreenboy,227,0,0,0,False,False,True,0.0,0.8331114114965711
write_pair_calibrated_c1_b384,rightbiggreenboy,244,0,0,2,True,False,True,0.0,0.0
write_pair_calibrated_c1_b384,rightbiggreenboy,264,0,0,2,True,False,True,0.0,0.0
write_pair_calibrated_c1_b384,rightbiggreenboy,265,0,0,2,True,False,True,0.0,0.0
write_pair_calibrated_c1_b384,rightbiggreenboy,268,0,0,2,True,False,True,0.0,0.0
write_pair_calibrated_c1_b384,rightbiggreenboy,269,0,0,2,True,False,True,0.0,0.0
write_pair_calibrated_c1_b384,rightbiggreenboy,279,0,0,2,True,False,True,0.0,0.0
write_pair_calibrated_c1_b384,rightbiggreenboy,283,0,0,2,True,False,True,0.0,0.0
write_pair_calibrated_c1_b384,rightbiggreenboy,284,0,0,0,False,False,True,0.0,0.0
write_pair_calibrated_c1_b384,rightbiggreenboy,307,0,0,4,True,False,True,0.0,0.0
write_pair_calibrated_c1_b384,rightbiggreenboy,309,0,0,2,True,False,True,0.0,0.0
write_pair_calibrated_c1_b384,rightbiggreenboy,314,0,0,2,True,False,True,0.0,0.0
write_pair_calibrated_c1_b384,rightbiggreenboy,316,0,0,2,True,False,True,0.0,0.0
write_pair_calibrated_c1_b384,rightbiggreenboy,317,0,0,2,True,False,True,0.0,0.0
write_pair_calibrated_c1_b384,rightbiggreenboy,321,0,0,2,True,False,True,0.0,0.0
write_pair_calibrated_c1_b384,rightbiggreenboy,325,0,0,2,True,False,True,0.0,0.0
write_pair_calibrated_c1_b384,rightbiggreenboy,326,0,0,2,True,False,True,0.0,0.0
write_pair_calibrated_c1_b384,rightbiggreenboy,373,0,0,2,True,False,True,0.0,0.0
write_pair_calibrated_c1_b384,rightbiggreenboy,374,0,0,2,True,False,True,0.0,0.0
write_pair_calibrated_c1_b384,rightbiggreenboy,379,0,0,2,True,False,True,0.0,0.0
write_pair_calibrated_c1_b384,rightbiggreenboy,383,0,0,2,True,False,True,0.0,0.0
write_pair_calibrated_c1_b384,rightbiggreenboy,384,0,0,2,True,False,True,0.0,0.0
write_pair_calibrated_c1_b384,rightbiggreenboy,386,0,0,2,True,False,True,0.0,0.0
write_pair_calibrated_c1_b384,rightbiggreenboy,387,0,0,2,True,False,True,0.0,0.0
write_pair_calibrated_c1_b384,rightbiggreenboy,388,0,0,2,True,False,True,0.0,0.0
write_pair_calibrated_c1_b384,rightbiggreenboy,389,0,0,2,True,False,True,0.0,0.0
write_pair_calibrated_c1_b384,rightbiggreenboy,408,0,0,2,True,False,True,0.15917553797118658,0.15917553797118658
write_pair_calibrated_c1_b384,rightbiggreenboy,427,0,0,0,False,False,True,0.1305412483392933,0.5685028362685274
write_pair_calibrated_c1_b384,rightbiggreenboy,436,0,0,2,True,False,True,0.0899076337529657,0.0899076337529657
write_pair_calibrated_c1_b384,rightbiggreenboy,441,0,1,0,False,False,True,0.2856254172403327,0.0
write_pair_calibrated_c1_b384,rightbiggreenboy,445,0,1,2,True,False,True,0.0,0.46820892587153495
write_pair_calibrated_c1_b384,rightbiggreenboy,446,0,0,2,True,False,True,0.5659049426025996,0.5659049426025996
write_pair_calibrated_c1_b384,rightbiggreenboy,447,0,1,0,False,False,True,0.5689291783577201,0.0
write_pair_calibrated_c1_b384,rightbiggreenboy,450,0,0,2,True,False,True,0.0,0.0
write_pair_calibrated_c1_b384,rightbiggreenboy,452,0,0,2,True,False,True,0.0,0.0
write_pair_calibrated_c1_b384,rightbiggreenboy,453,0,0,2,True,False,True,0.0,0.0
write_pair_calibrated_c1_b384,rightbiggreenboy,455,0,0,2,True,False,True,0.0,0.0
write_pair_calibrated_c1_b384,rightbiggreenboy,465,2,2,2,True,False,True,0.0,0.0
write_pair_calibrated_c1_b384,rightbiggreenboy,469,0,0,2,True,False,True,0.061048365861139445,0.061048365861139445
write_pair_calibrated_c1_b384,rightbiggreenboy,471,0,0,2,True,False,True,0.22866056127776363,0.22866056127776363
write_pair_calibrated_c1_b384,rightbiggreenboy,477,0,1,0,False,False,True,0.0,0.0
write_pair_calibrated_c1_b384,rightbiggreenboy,478,0,1,1,True,False,True,0.0,0.0
write_pair_calibrated_c1_b384,rightbiggreenboy,483,0,0,0,False,False,True,0.0,0.0
write_pair_calibrated_c1_b384,rightbiggreenboy,491,2,0,2,True,False,True,0.0,0.0
write_pair_calibrated_c1_b384,rightbiggreenboy,492,0,1,0,False,False,True,0.0,0.0
write_pair_calibrated_c1_b384,rightbiggreenboy,495,0,0,2,True,False,True,0.0,0.0
write_pair_calibrated_c1_b384,rightbiggreenboy,505,0,0,2,True,False,True,0.0,0.0
write_pair_calibrated_c1_b384,rightbiggreenboy,507,2,2,2,True,False,True,0.0,0.0
write_pair_calibrated_c1_b384,rightbiggreenboy,511,0,0,2,True,False,True,0.0,0.0
write_pair_calibrated_c1_b384,rightbiggreenboy,512,2,4,2,True,False,True,0.0,0.0
write_pair_calibrated_c1_b384,rightbiggreenboy,514,0,0,2,True,False,True,0.0,0.0
write_pair_calibrated_c1_b384,rightbiggreenboy,515,2,2,2,True,False,True,0.0,0.0
write_pair_calibrated_c1_b384,rightbiggreenboy,517,2,2,2,True,False,True,0.0,0.0
write_pair_calibrated_c1_b384,rightbiggreenboy,519,0,0,2,True,False,True,0.0,0.0
write_pair_calibrated_c1_b384,rightbiggreenboy,520,0,0,2,True,False,True,0.0,0.0
write_pair_calibrated_c1_b384,rightbiggreenboy,521,0,0,2,True,False,True,0.0,0.0
write_pair_calibrated_c1_b384,rightbiggreenboy,523,0,0,2,True,False,True,0.0,0.0
write_pair_calibrated_c1_b384,rightbiggreenboy,524,2,1,2,True,False,True,0.0,0.0
write_pair_calibrated_c1_b384,rightbiggreenboy,541,0,0,2,True,False,True,0.0,0.0
write_pair_calibrated_c1_b384,rightbiggreenboy,544,0,0,2,True,False,True,0.0,0.0
write_pair_calibrated_c1_b384,rightbiggreenboy,545,0,0,2,True,False,True,0.0,0.0
write_pair_calibrated_c1_b384,rightbiggreenboy,546,0,0,2,True,False,True,0.0,0.0
write_pair_calibrated_c1_b384,rightbiggreenboy,549,0,1,0,False,False,True,0.0,0.0
write_pair_calibrated_c1_b384,rightbiggreenboy,550,0,1,0,False,False,True,0.0,0.0
write_pair_calibrated_c1_b384,rightbiggreenboy,555,0,1,0,False,False,True,0.0,0.0
write_pair_calibrated_c1_b384,rightbiggreenboy,556,1,3,1,True,False,True,0.0,0.0
write_pair_calibrated_c1_b384,rightbiggreenboy,557,0,1,0,False,False,True,0.0,0.0
write_pair_calibrated_c1_b384,rightbiggreenboy,570,0,0,2,True,False,True,0.0,0.0
write_pair_calibrated_c1_b384,rightbiggreenboy,571,0,0,2,True,False,True,0.0,0.0
write_pair_calibrated_c1_b384,rightbiggreenboy,572,0,0,2,True,False,True,0.0,0.0
write_pair_calibrated_c1_b384,rightbiggreenboy,573,0,0,2,True,False,True,0.0,0.0
write_pair_calibrated_c1_b384,rightbiggreenboy,621,0,0,2,True,False,True,0.0,0.0
write_pair_calibrated_c1_b384,rightbiggreenboy,642,0,0,0,False,False,True,0.0,0.0
write_pair_calibrated_c1_b384,rightbiggreenboy,644,0,0,4,True,False,True,0.0,0.0
write_pair_calibrated_c1_b384,rightbiggreenboy,646,0,1,0,False,False,True,0.0,0.0
write_pair_calibrated_c1_b384,rightbiggreenboy,649,0,1,0,False,False,True,0.0,0.0
write_pair_calibrated_c1_b384,rightbiggreenboy,656,0,1,4,True,False,True,0.0,0.0
write_pair_calibrated_c1_b384,rightbiggreenboy,657,0,1,0,False,False,True,0.0,0.0
write_pair_calibrated_c1_b384,rightbiggreenboy,661,0,0,2,True,False,True,0.0,0.0
write_pair_calibrated_c1_b384,rightbiggreenboy,662,0,0,2,True,False,True,0.0,0.0
write_pair_calibrated_c1_b384,rightbiggreenboy,663,0,0,2,True,False,True,0.0,0.0
write_pair_calibrated_c1_b384,rightbiggreenboy,703,4,0,4,True,False,True,0.0,0.0
write_pair_calibrated_c1_b384,rightbiggreenboy,704,0,0,2,True,False,True,0.5697446347400495,0.5697446347400495
write_pair_calibrated_c1_b384,rightbiggreenboy,706,0,0,0,False,False,True,0.5195954837847826,0.0
write_pair_calibrated_c1_b384,rightbiggreenboy,761,0,1,0,False,False,True,0.0,0.48030282182925443
write_pair_calibrated_c1_b384,rightbiggreenboy,762,0,0,2,True,False,True,0.5767894087965078,0.5767894087965078
write_pair_calibrated_c1_b384,rightbiggreenboy,763,0,0,2,True,False,True,0.6787599857716258,0.6787599857716258
write_pair_calibrated_c1_b384,rightbiggreenboy,764,0,0,2,True,False,True,0.8495267552858674,0.8495267552858674
write_pair_calibrated_c1_b384,rightbiggreenboy,765,0,2,0,False,False,True,0.4496135207255411,0.0
write_pair_calibrated_c1_b384,rightbiggreenboy,773,4,2,4,True,False,True,0.0,0.5424849856839691
write_pair_calibrated_c1_b384,rightbiggreenboy,775,0,0,2,True,False,True,0.6468594962022887,0.6468594962022887
write_pair_calibrated_c1_b384,rightbiggreenboy,785,0,1,2,True,False,True,0.8331366298119777,0.0
write_pair_calibrated_c1_b384,rightbiggreenboy,787,0,0,4,True,False,True,0.7972890375539634,0.7972890375539634
write_pair_calibrated_c1_b384,rightbiggreenboy,788,0,0,2,True,False,True,0.9038293392752198,0.9038293392752198
write_pair_calibrated_c1_b384,rightbiggreenboy,789,0,0,2,True,False,True,0.0,0.0
write_pair_calibrated_c1_b384,rightboy`shead,200,0,0,4,True,False,True,0.7045243480264152,0.7045243480264152
write_pair_calibrated_c1_b384,rightboy`shead,237,0,0,0,False,False,True,0.7947300959758324,0.01745245409058362
write_pair_calibrated_c1_b384,rightboy`shead,240,0,0,0,False,False,True,0.8329373159852197,0.0
write_pair_calibrated_c1_b384,rightboy`shead,245,0,0,0,False,False,True,0.7500032878645092,0.0
write_pair_calibrated_c1_b384,rightboy`shead,246,0,3,4,True,False,True,0.0,0.0
write_pair_calibrated_c1_b384,rightboy`shead,247,0,1,4,True,False,True,0.0,0.0
write_pair_calibrated_c1_b384,rightboy`shead,248,0,1,2,True,False,True,0.0,0.0
write_pair_calibrated_c1_b384,rightboy`shead,249,0,2,4,True,False,True,0.0,0.0
write_pair_calibrated_c1_b384,rightboy`shead,250,2,1,2,True,False,True,0.0,0.0
write_pair_calibrated_c1_b384,rightboy`shead,254,0,0,4,True,False,True,0.0,0.0
write_pair_calibrated_c1_b384,rightboy`shead,256,0,0,4,True,False,True,0.0,0.0
write_pair_calibrated_c1_b384,rightboy`shead,257,0,0,4,True,False,True,0.0,0.0
write_pair_calibrated_c1_b384,rightboy`shead,258,4,1,4,True,False,True,0.0,0.0
write_pair_calibrated_c1_b384,rightboy`shead,259,0,2,0,False,False,True,0.0,0.0
write_pair_calibrated_c1_b384,rightboy`shead,264,0,0,2,True,False,True,0.0,0.0
write_pair_calibrated_c1_b384,rightboy`shead,265,0,0,4,True,False,True,0.0,0.0
write_pair_calibrated_c1_b384,rightboy`shead,266,0,0,4,True,False,True,0.0,0.0
write_pair_calibrated_c1_b384,rightboy`shead,267,4,1,4,True,False,True,0.0,0.0
write_pair_calibrated_c1_b384,rightboy`shead,268,4,1,4,True,False,True,0.0,0.0
write_pair_calibrated_c1_b384,rightboy`shead,269,4,1,4,True,False,True,0.0,0.0
write_pair_calibrated_c1_b384,rightboy`shead,270,4,3,4,True,False,True,0.0,0.0
write_pair_calibrated_c1_b384,rightboy`shead,271,0,1,0,False,False,True,0.0,0.0
write_pair_calibrated_c1_b384,rightboy`shead,289,0,0,4,True,False,True,0.0,0.0
write_pair_calibrated_c1_b384,rightboy`shead,290,0,2,0,False,False,True,0.0,0.0
write_pair_calibrated_c1_b384,rightboy`shead,291,0,1,0,False,False,True,0.0,0.0
write_pair_calibrated_c1_b384,rightboy`shead,295,0,1,0,False,False,True,0.0,0.0
write_pair_calibrated_c1_b384,rightboy`shead,299,0,1,0,False,False,True,0.0,0.0
write_pair_calibrated_c1_b384,rightboy`shead,301,0,2,0,False,False,True,0.0,0.4690151326934538
write_pair_calibrated_c1_b384,rightboy`shead,302,0,1,6,True,False,True,0.6472533934651492,0.0
write_pair_calibrated_c1_b384,rightboy`shead,304,4,4,4,True,False,True,0.0,0.0
write_pair_calibrated_c1_b384,rightboy`shead,306,4,4,4,True,False,True,0.0,0.27412421913229845
write_pair_calibrated_c1_b384,rightboy`shead,308,0,2,2,True,False,True,0.7229479508242475,0.0
write_pair_calibrated_c1_b384,rightboy`shead,310,4,2,4,True,False,True,0.0,0.0
write_pair_calibrated_c1_b384,rightboy`shead,312,0,0,4,False,False,True,0.0,0.0
write_pair_calibrated_c1_b384,rightboy`shead,313,0,0,4,True,False,True,0.0,0.0
write_pair_calibrated_c1_b384,rightboy`shead,317,4,0,4,True,False,True,0.0,0.0
write_pair_calibrated_c1_b384,rightboy`shead,319,4,1,4,True,False,True,0.0,0.0
write_pair_calibrated_c1_b384,rightboy`shead,320,0,0,4,True,False,True,0.0,0.0
write_pair_calibrated_c1_b384,rightboy`shead,321,0,1,4,True,False,True,0.0,0.0
write_pair_calibrated_c1_b384,rightboy`shead,325,0,1,0,False,False,True,0.0,0.0
write_pair_calibrated_c1_b384,rightboy`shead,327,0,0,4,True,False,True,0.0,0.0
write_pair_calibrated_c1_b384,rightboy`shead,328,4,1,4,True,False,True,0.0,0.0
write_pair_calibrated_c1_b384,rightboy`shead,329,0,0,2,True,False,True,0.0,0.0
write_pair_calibrated_c1_b384,rightboy`shead,337,0,1,0,False,False,True,0.0,0.0
write_pair_calibrated_c1_b384,rightboy`shead,338,0,0,4,False,False,True,0.0,0.0
write_pair_calibrated_c1_b384,rightboy`shead,339,0,0,4,False,False,True,0.0,0.0
write_pair_calibrated_c1_b384,rightboy`shead,340,0,0,4,True,False,True,0.0,0.0
write_pair_calibrated_c1_b384,rightboy`shead,341,4,2,4,True,False,True,0.0,0.0
write_pair_calibrated_c1_b384,rightboy`shead,344,0,0,4,True,False,True,0.0,0.0
write_pair_calibrated_c1_b384,rightboy`shead,345,0,0,4,True,False,True,0.0,0.0
write_pair_calibrated_c1_b384,rightboy`shead,355,0,3,0,False,False,True,0.0,0.0
write_pair_calibrated_c1_b384,rightboy`shead,357,1,2,1,True,False,True,0.0,0.0
write_pair_calibrated_c1_b384,rightboy`shead,358,0,1,0,False,False,True,0.0,0.0
write_pair_calibrated_c1_b384,rightboy`shead,359,0,0,4,False,False,True,0.0,0.0
write_pair_calibrated_c1_b384,rightholdball1096,368,4,2,4,True,False,False,,
write_pair_calibrated_c1_b384,rightholdball1096,369,0,0,4,True,False,False,,
write_pair_calibrated_c1_b384,rightholdball1096,370,4,3,4,True,False,False,,
write_pair_calibrated_c1_b384,rightholdball1096,371,0,0,4,True,False,False,,
write_pair_calibrated_c1_b384,rightholdball1096,372,0,0,4,True,False,False,,
write_pair_calibrated_c1_b384,rightholdball1096,373,0,0,4,True,False,False,,
write_pair_calibrated_c1_b384,rightholdball1096,374,0,0,4,True,False,False,,
write_pair_calibrated_c1_b384,rightholdball1096,375,4,3,4,True,False,False,,
write_pair_calibrated_c1_b384,rightholdball1096,377,0,0,4,True,False,False,,
write_pair_calibrated_c1_b384,rightholdball1096,380,0,0,4,True,False,False,,
write_pair_calibrated_c1_b384,rightholdball1096,381,0,0,4,True,False,False,,
write_pair_calibrated_c1_b384,rightholdball1096,382,0,0,4,True,False,False,,
write_pair_calibrated_c1_b384,rightholdball1096,383,0,0,4,True,False,False,,
write_pair_calibrated_c1_b384,rightholdball1096,385,0,0,4,True,False,False,,
write_pair_calibrated_c1_b384,rightholdball1096,386,0,0,4,True,False,False,,
write_pair_calibrated_c1_b384,rightholdball1096,388,0,0,4,True,False,False,,
write_pair_calibrated_c1_b384,rightholdball1096,389,0,0,4,True,False,False,,
write_pair_calibrated_c1_b384,rightholdball1096,390,0,0,4,True,False,False,,
write_pair_calibrated_c1_b384,rightholdball1096,392,0,0,4,True,False,False,,
write_pair_calibrated_c1_b384,rightholdball1096,393,0,0,4,True,False,False,,
write_pair_calibrated_c1_b384,rightholdball1096,403,0,0,4,True,False,False,,
write_pair_calibrated_c1_b384,rightholdball1096,409,0,0,4,True,False,False,,
write_pair_calibrated_c1_b384,rightholdball1096,1084,0,0,2,True,False,True,0.7828566881406209,0.0
write_pair_calibrated_c1_b384,rightredboy,385,0,0,2,True,False,True,0.6006786640754892,0.6006786640754892
write_pair_calibrated_c1_b384,rightredboy,386,0,0,2,True,False,True,0.5815428914566841,0.5815428914566841
write_pair_calibrated_c1_b384,rightredboy,387,0,0,2,True,False,True,0.3534760726003103,0.3534760726003103
write_pair_calibrated_c1_b384,rightshiningmirror,467,0,1,0,False,False,True,0.04396720634046931,0.5739815767441291
write_pair_calibrated_c1_b384,rightshiningmirror,496,2,0,2,True,False,True,0.5804116205464404,0.0
write_pair_calibrated_c1_b384,rightshiningmirror,506,0,0,4,True,False,True,0.0,0.0
write_pair_calibrated_c1_b384,rightshiningmirror,523,0,0,4,True,False,True,0.0,0.0
write_pair_calibrated_c1_b384,rightshiningmirror,524,0,0,4,True,False,True,0.0,0.0
write_pair_calibrated_c1_b384,rightshiningmirror,526,0,0,4,True,False,True,0.3937029650851265,0.3937029650851265
write_pair_calibrated_c1_b384,rightshiningmirror,553,0,0,4,True,False,True,0.23449811302034773,0.23449811302034773
write_pair_calibrated_c1_b384,rightshiningmirror,554,0,1,2,True,False,True,0.15669244404644822,0.0
write_pair_calibrated_c1_b384,rightshiningmirror,555,0,0,4,True,False,True,0.0,0.0
write_pair_calibrated_c1_b384,rightshiningmirror,556,0,0,4,True,False,True,0.0,0.0
write_pair_calibrated_c1_b384,rightshiningmirror,557,0,0,2,True,False,True,0.0,0.0
write_pair_calibrated_c1_b384,rightshiningmirror,558,0,0,4,True,False,True,0.0,0.0
write_pair_calibrated_c1_b384,rightshiningmirror,560,0,0,4,True,False,True,0.0,0.0
write_pair_calibrated_c1_b384,rightshiningmirror,561,0,0,4,True,False,True,0.0,0.0
write_pair_calibrated_c1_b384,rightshiningmirror,570,0,0,4,True,False,True,0.0,0.0
write_pair_calibrated_c1_b384,rightshiningmirror,573,0,0,4,True,False,True,0.22282483309626264,0.22282483309626264
write_pair_calibrated_c1_b384,rightshiningmirror,574,2,0,2,True,False,True,0.3596992435245827,0.17169527239458512
write_pair_calibrated_c1_b384,rightshiningmirror,575,0,0,4,True,False,True,0.22680169973416436,0.22680169973416436
write_pair_calibrated_c1_b384,rightshiningmirror,576,0,0,4,True,False,True,0.23324630399656957,0.23324630399656957
write_pair_calibrated_c1_b384,rightshiningmirror,591,0,0,4,True,False,True,0.7710133343340455,0.7710133343340455
write_pair_calibrated_c1_b384,rightshiningmirror,594,0,0,4,True,False,True,0.17919627976922745,0.17919627976922745
write_pair_calibrated_c1_b384,rightshiningmirror,596,0,1,0,False,False,True,0.4033248262156864,0.4612934136081212
write_pair_calibrated_c1_b384,rightshiningmirror,828,2,0,2,True,False,True,0.43921914029281983,0.0
write_pair_calibrated_c1_b384,rightshiningmirror,831,0,0,2,True,False,True,0.0,0.0
write_pair_calibrated_c1_b384,rightshiningmirror,853,0,0,4,True,False,True,0.0,0.0
write_pair_calibrated_c1_b384,rightshiningmirror,854,0,0,4,True,False,True,0.0,0.0
write_pair_calibrated_c1_b384,rightshiningmirror,855,0,0,4,True,False,True,0.0,0.0
write_pair_calibrated_c1_b384,rightshiningmirror,856,0,0,4,True,False,True,0.0,0.0
write_pair_calibrated_c1_b384,rightshiningmirror,858,0,0,4,True,False,True,0.0,0.0
write_pair_calibrated_c1_b384,rightshiningmirror,859,0,0,4,True,False,True,0.0,0.0
write_pair_calibrated_c1_b384,rightshiningmirror,860,0,0,4,True,False,True,0.0,0.0
write_pair_calibrated_c1_b384,rightshiningmirror,861,0,0,4,True,False,True,0.0,0.0
write_pair_calibrated_c1_b384,rightshiningmirror,862,0,0,2,True,False,True,0.0,0.0
write_pair_calibrated_c1_b384,rightshiningmirror,863,0,0,2,True,False,True,0.0,0.0
write_pair_calibrated_c1_b384,rightshiningmirror,864,0,0,2,True,False,True,0.0,0.0
write_pair_calibrated_c1_b384,rightshiningmirror,867,0,0,4,True,False,True,0.0,0.0
write_pair_calibrated_c1_b384,rightshiningmirror,868,0,0,2,True,False,True,0.0,0.0
write_pair_calibrated_c1_b384,rightshiningmirror,869,0,0,2,True,False,True,0.0,0.0
write_pair_calibrated_c1_b384,rightshiningmirror,870,0,0,2,True,False,True,0.0,0.0
write_pair_calibrated_c1_b384,rightshiningmirror,871,0,0,2,True,False,True,0.0,0.0
write_pair_calibrated_c1_b384,rightshiningmirror,881,0,0,2,True,False,True,0.0,0.0
write_pair_calibrated_c1_b384,rightshiningmirror,889,0,0,0,False,False,True,0.0,0.31865510315629847
write_pair_calibrated_c1_b384,righttallnine-gai,881,0,0,0,False,False,True,0.0,0.8690452997199771
write_pair_calibrated_c1_b384,stripeman,131,0,0,0,False,False,True,0.0,0.6958461156459902
write_pair_calibrated_c1_b384,stripeman,133,4,1,4,True,False,True,0.0,0.18405951161325232
write_pair_calibrated_c1_b384,stripeman,134,0,0,4,True,False,True,0.8024149602589402,0.8024149602589402
write_pair_calibrated_c1_b384,stripeman,149,0,0,4,True,False,True,0.6924574833413865,0.6924574833413865
write_pair_calibrated_c1_b384,stripeman,151,4,1,4,True,False,True,0.6547244349445432,0.7098075879692656
write_pair_calibrated_c1_b384,stripeman,152,0,2,0,False,False,True,0.7375606277068719,0.0
write_pair_calibrated_c1_b384,stripeman,153,0,0,1,True,False,True,0.0,0.8448823352624709
write_pair_calibrated_c1_b384,stripeman,154,0,0,4,True,False,True,0.0,0.0
write_pair_calibrated_c1_b384,stripeman,155,0,1,1,True,False,True,0.0,0.6311841447728658
write_pair_calibrated_c1_b384,stripeman,157,0,0,4,True,False,True,0.7924891834077793,0.7924891834077793
write_pair_calibrated_c1_b384,stripeman,159,0,0,4,True,False,True,0.650226109042208,0.650226109042208
write_pair_calibrated_c1_b384,stubesideswhitecar,22,0,0,2,True,False,True,0.795201808000451,0.795201808000451
write_pair_calibrated_c1_b384,stubesideswhitecar,25,2,2,2,True,False,True,0.7051522662201716,0.0
write_pair_calibrated_c1_b384,stubesideswhitecar,27,0,1,0,False,False,True,0.0,0.0
write_pair_calibrated_c1_b384,stubesideswhitecar,31,0,1,0,False,False,True,0.0,0.0
write_pair_calibrated_c1_b384,stubesideswhitecar,32,0,1,0,False,False,True,0.0,0.8087713249432223
write_pair_calibrated_c1_b384,stubesideswhitecar,45,0,1,0,False,False,True,0.0,0.43968907431023607
write_pair_calibrated_c1_b384,stubesideswhitecar,46,0,0,0,False,False,True,0.0,0.22936078664699736
write_pair_calibrated_c1_b384,stubesideswhitecar,51,0,2,0,False,False,True,0.0,0.0
write_pair_calibrated_c1_b384,stubesideswhitecar,53,1,2,1,True,False,True,0.0,0.0
write_pair_calibrated_c1_b384,stubesideswhitecar,67,0,0,0,False,False,True,0.0,0.0
write_pair_calibrated_c1_b384,stubesideswhitecar,76,0,1,0,False,False,True,0.0,0.0
write_pair_calibrated_c1_b384,stubesideswhitecar,77,0,1,0,False,False,True,0.0,0.0
write_pair_calibrated_c1_b384,stubesideswhitecar,81,0,1,0,False,False,True,0.0,0.0
write_pair_calibrated_c1_b384,stubesideswhitecar,82,2,0,2,True,False,True,0.0,0.0
write_pair_calibrated_c1_b384,stubesideswhitecar,90,0,1,0,False,False,True,0.0,0.0
write_pair_calibrated_c1_b384,stubesideswhitecar,94,0,1,0,False,False,True,0.0,0.0
write_pair_calibrated_c1_b384,stubesideswhitecar,110,0,1,0,False,False,True,0.0,0.0
write_pair_calibrated_c1_b384,stubesideswhitecar,111,0,1,0,False,False,True,0.0,0.0
write_pair_calibrated_c1_b384,stubesideswhitecar,115,0,2,0,False,False,True,0.0,0.0
write_pair_calibrated_c1_b384,stubesideswhitecar,116,0,1,0,False,False,True,0.0,0.0
write_pair_calibrated_c1_b384,stubesideswhitecar,117,0,0,2,True,False,True,0.0,0.0
write_pair_calibrated_c1_b384,stubesideswhitecar,118,0,0,4,True,False,True,0.0,0.0
write_pair_calibrated_c1_b384,stubesideswhitecar,119,0,0,0,False,False,True,0.0,0.7646661163231346
write_pair_calibrated_c1_b384,stubesideswhitecar,141,0,1,0,False,False,True,0.2588237802087581,0.506760249309667
write_pair_calibrated_c1_b384,suitcase,196,0,0,4,True,False,True,0.6638550750606355,0.6638550750606355
write_pair_calibrated_c1_b384,suitcase,199,0,0,4,True,False,True,0.7829321565580086,0.7829321565580086
write_pair_calibrated_c1_b384,suitcase,200,0,0,4,True,False,True,0.6588584750840868,0.6588584750840868
write_pair_calibrated_c1_b384,suitcase,201,0,0,4,True,False,True,0.8447132157851929,0.8447132157851929
write_pair_calibrated_c1_b384,suitcase,205,0,0,4,True,False,True,0.7115523762973998,0.7115523762973998
write_pair_calibrated_c1_b384,suitcase,207,0,0,4,True,False,True,0.7462666132227808,0.7462666132227808
write_pair_calibrated_c1_b384,suitcase,216,0,0,2,True,False,True,0.555235932372497,0.555235932372497
write_pair_calibrated_c1_b384,suitcase,252,0,1,0,False,False,True,0.38310984015980093,0.0
write_pair_calibrated_c1_b384,suitcase,253,0,0,4,True,False,True,0.0,0.0
write_pair_calibrated_c1_b384,suitcase,257,4,2,4,True,False,True,0.1011322105286146,0.0
write_pair_calibrated_c1_b384,suitcase,258,2,1,2,True,False,True,0.0,0.0
write_pair_calibrated_c1_b384,suitcase,260,0,0,4,True,False,True,0.0,0.0
write_pair_calibrated_c1_b384,suitcase,261,0,0,4,True,False,True,0.0,0.0
write_pair_calibrated_c1_b384,suitcase,262,0,0,4,True,False,True,0.0,0.0
write_pair_calibrated_c1_b384,suitcase,263,0,0,4,True,False,True,0.0,0.0
write_pair_calibrated_c1_b384,suitcase,264,0,0,4,True,False,True,0.0,0.7297748597725492
write_pair_calibrated_c1_b384,suitcase,309,0,1,0,False,False,True,0.729872672852105,0.0
write_pair_calibrated_c1_b384,suitcase,310,0,0,0,False,False,True,0.0,0.615693743110555
write_pair_calibrated_c1_b384,suitcase,312,4,1,4,True,False,True,0.0,0.0
write_pair_calibrated_c1_b384,suitcase,313,0,1,6,True,False,True,0.0,0.0
write_pair_calibrated_c1_b384,suitcase,314,0,0,4,True,False,True,0.0,0.0
write_pair_calibrated_c1_b384,suitcase,315,0,0,4,True,False,True,0.0,0.0
write_pair_calibrated_c1_b384,suitcase,316,0,1,0,False,False,True,0.0,0.0
write_pair_calibrated_c1_b384,suitcase,317,0,1,1,True,False,True,0.0,0.0
write_pair_calibrated_c1_b384,suitcase,318,0,1,0,False,False,True,0.0,0.0
write_pair_calibrated_c1_b384,suitcase,319,0,2,0,False,False,True,0.0,0.0
write_pair_calibrated_c1_b384,suitcase,329,4,2,4,True,False,True,0.0,0.0
write_pair_calibrated_c1_b384,suitcase,330,0,2,5,True,False,True,0.0,0.0
write_pair_calibrated_c1_b384,suitcase,331,0,0,2,True,False,True,0.0,0.0
write_pair_calibrated_c1_b384,suitcase,332,2,2,2,True,False,True,0.0,0.0
write_pair_calibrated_c1_b384,suitcase,335,0,0,4,True,False,True,0.0,0.0
write_pair_calibrated_c1_b384,suitcase,336,0,1,0,False,False,True,0.0,0.0
write_pair_calibrated_c1_b384,suitcase,338,0,1,0,False,False,True,0.3394991049117155,0.0
write_pair_calibrated_c1_b384,suitcase,339,0,3,4,True,False,True,0.0,0.32835714500940855
write_pair_calibrated_c1_b384,suitcase,340,0,1,0,False,False,True,0.40644655397162416,0.0
write_pair_calibrated_c1_b384,suitcase,341,0,2,4,True,False,True,0.0,0.4017466686249119
write_pair_calibrated_c1_b384,suitcase,343,0,0,4,True,False,True,0.40859035605206173,0.40859035605206173
write_pair_calibrated_c1_b384,suitcase,349,0,0,4,True,False,True,0.5501645213588413,0.5501645213588413
write_pair_calibrated_c1_b384,suitcase,350,0,0,4,True,False,True,0.540032698281427,0.540032698281427
write_pair_calibrated_c1_b384,suitcase,353,0,1,0,False,False,True,0.4949628270344128,0.0
write_pair_calibrated_c1_b384,suitcase,354,5,2,5,True,False,True,0.0,0.0
write_pair_calibrated_c1_b384,suitcase,373,0,0,4,True,False,True,0.0,0.0
write_pair_calibrated_c1_b384,suitcase,374,4,3,4,True,False,True,0.0,0.0
write_pair_calibrated_c1_b384,suitcase,375,0,1,6,False,False,True,0.0,0.0
write_pair_calibrated_c1_b384,suitcase,376,0,1,4,True,False,True,0.0,0.0
write_pair_calibrated_c1_b384,suitcase,378,0,0,4,True,False,True,0.0,0.0
write_pair_calibrated_c1_b384,suitcase,379,0,0,4,True,False,True,0.0,0.0
write_pair_calibrated_c1_b384,suitcase,380,0,0,4,True,False,True,0.0,0.0
write_pair_calibrated_c1_b384,suitcase,381,4,2,4,True,False,True,0.0,0.0
write_pair_calibrated_c1_b384,suitcase,382,0,0,4,True,False,True,0.0,0.0
write_pair_calibrated_c1_b384,suitcase,383,0,0,4,True,False,True,0.0,0.0
write_pair_calibrated_c1_b384,suitcase,384,0,0,4,True,False,True,0.0,0.0
write_pair_calibrated_c1_b384,suitcase,385,0,2,4,True,False,True,0.0,0.0
write_pair_calibrated_c1_b384,suitcase,386,0,1,1,True,False,True,0.0,0.0
write_pair_calibrated_c1_b384,suitcase,387,4,4,4,True,False,True,0.0,0.0
write_pair_calibrated_c1_b384,suitcase,388,0,3,4,True,False,True,0.0,0.0
write_pair_calibrated_c1_b384,suitcase,389,0,0,4,True,False,True,0.0,0.0
write_pair_calibrated_c1_b384,suitcase,390,0,0,4,True,False,True,0.0,0.0
write_pair_calibrated_c1_b384,suitcase,391,0,0,4,True,False,True,0.0,0.0
write_pair_calibrated_c1_b384,suitcase,392,0,0,4,True,False,True,0.0,0.0
write_pair_calibrated_c1_b384,suitcase,393,0,1,4,True,False,True,0.0,0.0
write_pair_calibrated_c1_b384,suitcase,394,0,0,4,True,False,True,0.0,0.0
write_pair_calibrated_c1_b384,suitcase,395,0,0,4,True,False,True,0.0,0.0
write_pair_calibrated_c1_b384,suitcase,396,0,0,4,True,False,True,0.0,0.0
write_pair_calibrated_c1_b384,suitcase,397,0,0,4,True,False,True,0.0,0.0
write_pair_calibrated_c1_b384,suitcase,398,0,0,2,True,False,True,0.0,0.0
write_pair_calibrated_c1_b384,suitcase,399,4,2,4,True,False,True,0.0,0.0
write_pair_calibrated_c1_b384,suitcase,400,0,0,4,True,False,True,0.0,0.0
write_pair_calibrated_c1_b384,suitcase,401,0,1,4,True,False,True,0.0,0.0
write_pair_calibrated_c1_b384,suitcase,404,0,0,4,True,False,True,0.0,0.0
write_pair_calibrated_c1_b384,suitcase,423,4,3,4,True,False,True,0.0,0.0
write_pair_calibrated_c1_b384,suitcase,424,0,0,4,True,False,True,0.0,0.0
write_pair_calibrated_c1_b384,suitcase,426,4,3,4,True,False,True,0.0,0.0
write_pair_calibrated_c1_b384,suitcase,427,0,0,4,True,False,True,0.0,0.0
write_pair_calibrated_c1_b384,suitcase,428,0,0,4,True,False,True,0.0,0.0
write_pair_calibrated_c1_b384,suitcase,429,0,0,4,True,False,True,0.0,0.0
write_pair_calibrated_c1_b384,suitcase,430,4,1,4,True,False,True,0.0,0.0
write_pair_calibrated_c1_b384,suitcase,431,0,0,4,True,False,True,0.0,0.0
write_pair_calibrated_c1_b384,suitcase,432,0,0,4,True,False,True,0.0,0.0
write_pair_calibrated_c1_b384,suitcase,433,4,2,4,True,False,True,0.0,0.0
write_pair_calibrated_c1_b384,suitcase,434,0,0,4,True,False,True,0.0,0.0
write_pair_calibrated_c1_b384,suitcase,435,4,3,4,True,False,True,0.0,0.0
write_pair_calibrated_c1_b384,suitcase,436,0,0,4,True,False,True,0.0,0.0
write_pair_calibrated_c1_b384,suitcase,439,0,0,4,True,False,True,0.0,0.0
write_pair_calibrated_c1_b384,suitcase,440,0,0,4,True,False,True,0.0,0.0
write_pair_calibrated_c1_b384,suitcase,441,0,0,4,True,False,True,0.0,0.0
write_pair_calibrated_c1_b384,suitcase,442,0,0,4,True,False,True,0.0,0.0
write_pair_calibrated_c1_b384,waiterontheothersideofwindow,7,0,0,4,True,False,True,0.42034365881439356,0.42034365881439356
write_pair_calibrated_c1_b384,waiterontheothersideofwindow,8,0,0,4,True,False,True,0.6835044714546777,0.6835044714546777
write_pair_calibrated_c1_b384,waiterontheothersideofwindow,9,0,0,2,True,False,True,0.3484218010892366,0.3484218010892366
write_pair_calibrated_c1_b384,waiterontheothersideofwindow,10,0,0,4,True,False,True,0.26591040308454494,0.26591040308454494
write_pair_calibrated_c1_b384,waiterontheothersideofwindow,12,0,0,4,True,False,True,0.10196460954264415,0.10196460954264415
write_pair_calibrated_c1_b384,waiterontheothersideofwindow,13,0,1,4,True,False,True,0.13547530164349864,0.0
write_pair_calibrated_c1_b384,waiterontheothersideofwindow,14,4,0,4,True,False,True,0.0,0.0
write_pair_calibrated_c1_b384,waiterontheothersideofwindow,19,0,0,4,True,False,True,0.0,0.0
write_pair_calibrated_c1_b384,waiterontheothersideofwindow,25,0,0,2,True,False,True,0.0,0.0
write_pair_calibrated_c1_b384,waiterontheothersideofwindow,31,0,0,4,True,False,True,0.0,0.0
write_pair_calibrated_c1_b384,waiterontheothersideofwindow,32,0,0,4,True,False,True,0.0,0.0
write_pair_calibrated_c1_b384,waiterontheothersideofwindow,34,0,0,4,True,False,True,0.0,0.0
write_pair_calibrated_c1_b384,waiterontheothersideofwindow,35,0,0,4,True,False,True,0.0,0.0
write_pair_calibrated_c1_b384,waiterontheothersideofwindow,54,0,0,4,True,False,True,0.0,0.0
write_pair_calibrated_c1_b384,waiterontheothersideofwindow,56,0,0,4,True,False,True,0.0,0.0
write_pair_calibrated_c1_b384,waiterontheothersideofwindow,57,0,0,4,True,False,True,0.0,0.0
write_pair_calibrated_c1_b384,waiterontheothersideofwindow,59,0,0,4,True,False,True,0.0,0.0
write_pair_calibrated_c1_b384,waiterontheothersideofwindow,97,0,0,4,True,False,True,0.0,0.0
write_pair_calibrated_c1_b384,waiterontheothersideofwindow,98,0,0,4,True,False,True,0.0,0.0
write_pair_calibrated_c1_b384,waiterontheothersideofwindow,99,0,0,4,True,False,True,0.0,0.0
write_pair_calibrated_c1_b384,waiterontheothersideofwindow,100,0,0,4,True,False,True,0.0,0.0
write_pair_calibrated_c1_b384,waiterontheothersideofwindow,101,0,0,4,True,False,True,0.0,0.0
write_pair_calibrated_c1_b384,waiterontheothersideofwindow,102,0,0,4,True,False,True,0.0,0.0
write_pair_calibrated_c1_b384,waiterontheothersideofwindow,103,0,0,2,True,False,True,0.0,0.0
write_pair_calibrated_c1_b384,waiterontheothersideofwindow,108,0,0,4,True,False,True,0.0,0.0
write_pair_calibrated_c1_b384,waiterontheothersideofwindow,111,0,0,4,True,False,True,0.0,0.0
write_pair_calibrated_c1_b384,waiterontheothersideofwindow,112,0,0,4,True,False,True,0.0,0.0
write_pair_calibrated_c1_b384,waiterontheothersideofwindow,113,0,0,4,True,False,True,0.0,0.0
write_pair_calibrated_c1_b384,waiterontheothersideofwindow,114,0,0,4,True,False,True,0.0,0.0
write_pair_calibrated_c1_b384,waiterontheothersideofwindow,115,0,0,4,True,False,True,0.0,0.0
write_pair_calibrated_c1_b384,waiterontheothersideofwindow,128,0,0,2,True,False,True,0.0,0.0
write_pair_calibrated_c1_b384,waiterontheothersideofwindow,129,0,0,4,True,False,True,0.0,0.0
write_pair_calibrated_c1_b384,waiterontheothersideofwindow,130,0,0,4,True,False,True,0.0,0.0
write_pair_calibrated_c1_b384,waiterontheothersideofwindow,131,4,0,4,True,False,True,0.0,0.0
write_pair_calibrated_c1_b384,waiterontheothersideofwindow,132,0,0,2,True,False,True,0.0,0.0
write_pair_calibrated_c1_b384,waiterontheothersideofwindow,133,0,0,4,True,False,True,0.0,0.0
write_pair_calibrated_c1_b384,waiterontheothersideofwindow,134,0,0,4,True,False,True,0.0,0.0
write_pair_calibrated_c1_b384,waiterontheothersideofwindow,137,4,1,4,True,False,True,0.0,0.0
write_pair_calibrated_c1_b384,waiterontheothersideofwindow,138,0,1,4,True,False,True,0.0,0.0
write_pair_calibrated_c1_b384,waiterontheothersideofwindow,170,0,0,4,True,False,True,0.0,0.0
write_pair_calibrated_c1_b384,waiterontheothersideofwindow,172,0,0,4,True,False,True,0.0,0.0
write_pair_calibrated_c1_b384,waiterontheothersideofwindow,173,0,0,4,True,False,True,0.0,0.0
write_pair_calibrated_c1_b384,waiterontheothersideofwindow,174,0,0,4,True,False,True,0.0,0.0
write_pair_calibrated_c1_b384,waiterontheothersideofwindow,175,0,0,4,True,False,True,0.0,0.0
write_pair_calibrated_c1_b384,waiterontheothersideofwindow,176,0,0,4,True,False,True,0.0,0.0
write_pair_calibrated_c1_b384,waiterontheothersideofwindow,177,0,0,4,True,False,True,0.0,0.0
write_pair_calibrated_c1_b384,waiterontheothersideofwindow,178,0,0,2,True,False,True,0.0,0.0
write_pair_calibrated_c1_b384,waiterontheothersideofwindow,179,0,0,4,True,False,True,0.0,0.0
write_pair_calibrated_c1_b384,waiterontheothersideofwindow,187,0,0,4,True,False,True,0.0,0.0
write_pair_calibrated_c1_b384,waiterontheothersideofwindow,190,0,0,2,True,False,True,0.0,0.0
write_pair_calibrated_c1_b384,waiterontheothersideofwindow,191,0,0,4,True,False,True,0.0,0.0
write_pair_calibrated_c1_b384,waiterontheothersideofwindow,194,0,0,2,True,False,True,0.0,0.0
write_pair_calibrated_c1_b384,waiterontheothersideofwindow,195,0,0,2,True,False,True,0.0,0.0
write_pair_calibrated_c1_b384,waiterontheothersideofwindow,196,0,0,4,True,False,True,0.0,0.0
write_pair_calibrated_c1_b384,waiterontheothersideofwindow,201,0,0,4,True,False,True,0.0,0.0
write_pair_calibrated_c1_b384,waiterontheothersideofwindow,202,0,0,4,True,False,True,0.0,0.0
write_pair_calibrated_c1_b384,waiterontheothersideofwindow,205,0,0,2,True,False,True,0.0,0.0
write_pair_calibrated_c1_b384,waiterontheothersideofwindow,206,0,0,4,True,False,True,0.0,0.0
write_pair_calibrated_c1_b384,waiterontheothersideofwindow,207,0,0,4,True,False,True,0.0,0.0
write_pair_calibrated_c1_b384,waiterontheothersideofwindow,208,0,0,2,True,False,True,0.0,0.0
write_pair_calibrated_c1_b384,waiterontheothersideofwindow,215,0,1,0,False,False,True,0.0,0.0
write_pair_calibrated_c1_b384,waiterontheothersideofwindow,216,0,0,4,True,False,True,0.0,0.0
write_pair_calibrated_c1_b384,waiterontheothersideofwindow,217,0,1,0,False,False,True,0.0,0.0
write_pair_calibrated_c1_b384,waiterontheothersideofwindow,223,0,0,4,True,False,True,0.0,0.0
write_pair_calibrated_c1_b384,waiterontheothersideofwindow,224,0,0,4,True,False,True,0.0,0.0
write_pair_calibrated_c1_b384,waiterontheothersideofwindow,225,0,0,4,True,False,True,0.0,0.0
write_pair_calibrated_c1_b384,waiterontheothersideofwindow,226,0,0,4,True,False,True,0.0,0.0
write_pair_calibrated_c1_b384,waiterontheothersideofwindow,227,2,0,2,True,True,True,0.0,0.0
write_pair_calibrated_c1_b384,waiterontheothersideofwindow,231,0,0,4,True,False,True,0.0,0.0
write_pair_calibrated_c1_b384,waiterontheothersideofwindow,232,0,0,4,True,False,True,0.0,0.0
write_pair_calibrated_c1_b384,waiterontheothersideofwindow,234,0,0,4,True,False,True,0.0,0.0
write_pair_calibrated_c1_b384,waiterontheothersideofwindow,235,2,0,2,True,False,True,0.0,0.0
write_pair_calibrated_c1_b384,waiterontheothersideofwindow,236,4,1,4,True,False,True,0.0,0.0
write_pair_calibrated_c1_b384,waiterontheothersideofwindow,237,0,0,4,True,False,True,0.0,0.0
write_pair_calibrated_c1_b384,waiterontheothersideofwindow,238,2,0,2,True,False,True,0.0,0.0
write_pair_calibrated_c1_b384,waiterontheothersideofwindow,240,2,0,2,True,False,True,0.0,0.0
write_pair_calibrated_c1_b384,waiterontheothersideofwindow,242,0,0,2,True,False,True,0.0,0.0
write_pair_calibrated_c1_b384,waiterontheothersideofwindow,243,1,2,1,True,False,True,0.0,0.18643893263773864
write_pair_calibrated_c1_b384,whiteaftertrees,44,0,1,4,True,False,True,0.48902893567747696,0.0
write_pair_calibrated_c1_b384,whiteaftertrees,45,0,0,5,True,False,True,0.6329100624081345,0.6329100624081345
write_pair_calibrated_c1_b384,whiteaftertrees,47,0,0,4,True,False,True,0.6464827075720965,0.6464827075720965
write_pair_calibrated_c1_b384,whiteaftertrees,50,0,0,4,True,False,True,0.1592238397352634,0.1592238397352634
write_pair_calibrated_c1_b384,whiteaftertrees,69,0,0,4,True,False,True,0.49073580041357706,0.49073580041357706
write_pair_calibrated_c1_b384,whiteaftertrees,70,0,0,4,True,False,True,0.6017290942048744,0.6017290942048744
write_pair_calibrated_c1_b384,whiteaftertrees,71,0,0,4,True,False,True,0.42424712361156003,0.42424712361156003
write_pair_calibrated_c1_b384,whiteaftertrees,72,0,0,4,True,False,True,0.0,0.0
write_pair_calibrated_c1_b384,whiteaftertrees,73,0,0,4,True,False,True,0.0,0.0
write_pair_calibrated_c1_b384,whiteaftertrees,74,4,3,4,True,False,True,0.0,0.38557413816769626
write_pair_calibrated_c1_b384,whiteaftertrees,75,0,0,4,True,False,True,0.25092833990607855,0.25092833990607855
write_pair_calibrated_c1_b384,whiteaftertrees,76,0,0,4,True,False,True,0.30804913131205974,0.30804913131205974
write_pair_calibrated_c1_b384,whiteaftertrees,77,0,0,4,True,False,True,0.2668593982116484,0.2668593982116484
write_pair_calibrated_c1_b384,whiteaftertrees,78,4,2,4,True,False,True,0.0,0.0
write_pair_calibrated_c1_b384,whiteaftertrees,79,0,0,4,True,False,True,0.0,0.0
write_pair_calibrated_c1_b384,whiteaftertrees,80,0,0,4,True,False,True,0.0,0.0
write_pair_calibrated_c1_b384,whiteaftertrees,81,0,0,4,True,False,True,0.0,0.0
write_pair_calibrated_c1_b384,whiteaftertrees,82,0,0,4,True,False,True,0.0,0.0
write_pair_calibrated_c1_b384,whiteaftertrees,83,0,0,4,True,False,True,0.0,0.0
write_pair_calibrated_c1_b384,whiteaftertrees,84,0,1,4,True,False,True,0.0,0.0
write_pair_calibrated_c1_b384,whiteaftertrees,85,0,0,1,True,False,True,0.0,0.0
write_pair_calibrated_c1_b384,whiteaftertrees,86,0,0,2,True,False,True,0.0,0.0
write_pair_calibrated_c1_b384,whiteaftertrees,87,4,1,4,True,False,True,0.0,0.0
write_pair_calibrated_c1_b384,whiteaftertrees,88,0,0,4,True,False,True,0.0,0.0
write_pair_calibrated_c1_b384,whiteaftertrees,89,0,0,2,True,False,True,0.0,0.0
write_pair_calibrated_c1_b384,whiteaftertrees,90,0,0,4,True,False,True,0.0,0.0
write_pair_calibrated_c1_b384,whiteaftertrees,91,0,0,4,True,False,True,0.0,0.0
write_pair_calibrated_c1_b384,whiteaftertrees,92,0,0,4,True,False,True,0.0,0.0
write_pair_calibrated_c1_b384,whiteaftertrees,93,0,0,4,True,False,True,0.19125112387763146,0.19125112387763146
write_pair_calibrated_c1_b384,whiteaftertrees,94,4,2,4,True,False,True,0.2568313205186428,0.0
write_pair_calibrated_c1_b384,whiteaftertrees,95,0,0,4,True,False,True,0.0,0.0
write_pair_calibrated_c1_b384,whiteaftertrees,96,4,1,4,True,False,True,0.031490881516721636,0.0
write_pair_calibrated_c1_b384,whiteaftertrees,97,0,0,4,True,False,True,0.0,0.0
write_pair_calibrated_c1_b384,whiteaftertrees,98,0,0,4,True,False,True,0.0,0.0
write_pair_calibrated_c1_b384,whiteaftertrees,99,0,0,4,True,False,True,0.0,0.0
write_pair_calibrated_c1_b384,whiteaftertrees,100,0,0,4,True,False,True,0.05078964851778986,0.05078964851778986
write_pair_calibrated_c1_b384,whiteaftertrees,101,0,0,2,True,False,True,0.0,0.0
write_pair_calibrated_c1_b384,whiteaftertrees,102,0,0,4,True,False,True,0.0,0.0
write_pair_calibrated_c1_b384,whiteaftertrees,103,0,0,4,True,False,True,0.18106051618781308,0.18106051618781308
write_pair_calibrated_c1_b384,whiteaftertrees,104,0,0,4,True,False,True,0.09805778146133162,0.09805778146133162
write_pair_calibrated_c1_b384,whiteaftertrees,105,0,0,4,True,False,True,0.32303807222045866,0.32303807222045866
write_pair_calibrated_c1_b384,whiteaftertrees,106,0,0,4,True,False,True,0.372552911788019,0.372552911788019
write_pair_calibrated_c1_b384,whiteaftertrees,107,0,0,4,True,False,True,0.27721596490796924,0.27721596490796924
write_pair_calibrated_c1_b384,whiteaftertrees,108,4,2,4,True,False,True,0.3124028526986947,0.16936411995813144
write_pair_calibrated_c1_b384,whiteaftertrees,109,0,0,4,True,False,True,0.3681330262490182,0.3681330262490182
write_pair_calibrated_c1_b384,whiteaftertrees,110,0,0,4,True,False,True,0.32553175769907183,0.32553175769907183
write_pair_calibrated_c1_b384,whiteaftertrees,111,0,0,4,True,False,True,0.3156808059858043,0.3156808059858043
write_pair_calibrated_c1_b384,whiteaftertrees,112,0,0,4,True,False,True,0.21479917471300125,0.21479917471300125
write_pair_calibrated_c1_b384,whiteaftertrees,113,0,0,4,True,False,True,0.0,0.0
write_pair_calibrated_c1_b384,whiteaftertrees,114,0,0,2,True,False,True,0.04093294774676667,0.04093294774676667
write_pair_calibrated_c1_b384,whiteaftertrees,115,0,0,4,True,False,True,0.2861114649521776,0.2861114649521776
write_pair_calibrated_c1_b384,whiteaftertrees,116,0,0,4,True,False,True,0.050273005699123026,0.050273005699123026
write_pair_calibrated_c1_b384,whiteaftertrees,117,0,0,4,True,False,True,0.027196353238818916,0.027196353238818916
write_pair_calibrated_c1_b384,whiteaftertrees,118,0,0,4,True,False,True,0.0,0.0
write_pair_calibrated_c1_b384,whiteaftertrees,119,0,0,4,True,False,True,0.0,0.0
write_pair_calibrated_c1_b384,whiteaftertrees,120,0,0,2,True,False,True,0.0,0.0
write_pair_calibrated_c1_b384,whiteaftertrees,121,4,2,4,True,False,True,0.0,0.0
write_pair_calibrated_c1_b384,whiteaftertrees,122,0,0,4,True,False,True,0.0,0.0
write_pair_calibrated_c1_b384,whiteaftertrees,123,0,0,4,True,False,True,0.0,0.0
write_pair_calibrated_c1_b384,whiteaftertrees,124,0,0,4,True,False,True,0.0,0.0
write_pair_calibrated_c1_b384,whiteaftertrees,125,0,0,4,True,False,True,0.0,0.0
write_pair_calibrated_c1_b384,whiteaftertrees,126,0,0,4,True,False,True,0.0,0.0
write_pair_calibrated_c1_b384,whiteaftertrees,127,0,0,4,True,False,True,0.0,0.0
write_pair_calibrated_c1_b384,whiteaftertrees,128,0,0,4,True,False,True,0.0,0.0
write_pair_calibrated_c1_b384,whiteaftertrees,129,0,0,4,True,False,True,0.0,0.0
write_pair_calibrated_c1_b384,whiteaftertrees,130,0,0,2,True,False,True,0.0,0.0
write_pair_calibrated_c1_b384,whiteaftertrees,131,0,0,4,True,False,True,0.0,0.0
write_pair_calibrated_c1_b384,whiteaftertrees,132,0,0,4,True,False,True,0.0,0.0
write_pair_calibrated_c1_b384,whiteaftertrees,133,0,0,4,True,False,True,0.0,0.0
write_pair_calibrated_c1_b384,whiteaftertrees,134,0,0,2,True,False,True,0.0,0.0
write_pair_calibrated_c1_b384,whiteaftertrees,135,0,0,4,True,False,True,0.0,0.0
write_pair_calibrated_c1_b384,whiteaftertrees,136,4,1,4,True,False,True,0.0,0.4382925938192616
write_pair_calibrated_c1_b384,whiteaftertrees,137,0,0,4,True,False,True,0.3796043444833495,0.3796043444833495
write_pair_calibrated_c1_b384,whiteaftertrees,138,0,0,4,True,False,True,0.32745603596441825,0.32745603596441825
write_pair_calibrated_c1_b384,whiteaftertrees,139,0,1,4,True,False,True,0.0,0.0
write_pair_calibrated_c1_b384,whiteaftertrees,140,0,0,1,True,False,True,0.0,0.0
write_pair_calibrated_c1_b384,whiteaftertrees,141,0,0,4,True,False,True,0.0,0.0
write_pair_calibrated_c1_b384,whiteaftertrees,142,0,0,4,True,False,True,0.0,0.0
write_pair_calibrated_c1_b384,whiteaftertrees,143,0,0,4,True,False,True,0.0,0.0
write_pair_calibrated_c1_b384,whiteaftertrees,144,0,0,4,True,False,True,0.0,0.0
write_pair_calibrated_c1_b384,whiteaftertrees,145,0,0,4,True,False,True,0.0,0.0
write_pair_calibrated_c1_b384,whiteaftertrees,146,4,1,4,True,False,True,0.0,0.0
write_pair_calibrated_c1_b384,whiteaftertrees,147,0,0,4,True,False,True,0.0,0.0
write_pair_calibrated_c1_b384,whiteaftertrees,148,0,0,4,True,False,True,0.0,0.0
write_pair_calibrated_c1_b384,whiteaftertrees,149,0,0,4,True,False,True,0.0,0.0
write_pair_calibrated_c1_b384,whiteaftertrees,150,0,0,4,True,False,True,0.0,0.0
write_pair_calibrated_c1_b384,whiteaftertrees,151,0,0,2,True,False,True,0.0,0.0
write_pair_calibrated_c1_b384,whiteaftertrees,152,4,3,4,True,False,True,0.0,0.0
write_pair_calibrated_c1_b384,whiteaftertrees,153,0,0,4,True,False,True,0.0,0.0
write_pair_calibrated_c1_b384,whiteaftertrees,154,4,2,4,True,False,True,0.0,0.0
write_pair_calibrated_c1_b384,whiteaftertrees,155,0,0,2,True,False,True,0.0,0.0
write_pair_calibrated_c1_b384,whiteaftertrees,156,0,0,4,True,False,True,0.0,0.0
write_pair_calibrated_c1_b384,whiteaftertrees,157,0,0,2,True,False,True,0.0,0.0
write_pair_calibrated_c1_b384,whiteaftertrees,158,0,0,4,True,False,True,0.0,0.0
write_pair_calibrated_c1_b384,whiteaftertrees,159,0,0,4,True,False,True,0.0,0.0
write_pair_calibrated_c1_b384,whiteaftertrees,160,0,1,4,True,False,True,0.0,0.0
write_pair_calibrated_c1_b384,whiteaftertrees,161,0,0,4,True,False,True,0.0,0.0
write_pair_calibrated_c1_b384,whiteaftertrees,162,0,0,4,True,False,True,0.0,0.0
write_pair_calibrated_c1_b384,whiteaftertrees,163,0,0,4,True,False,True,0.0,0.0
write_pair_calibrated_c1_b384,whiteaftertrees,164,0,0,2,True,False,True,0.0,0.0
write_pair_calibrated_c1_b384,whiteaftertrees,165,0,0,4,True,False,True,0.0,0.0
write_pair_calibrated_c1_b384,whiteaftertrees,166,0,0,4,True,False,True,0.0,0.0
write_pair_calibrated_c1_b384,whiteaftertrees,167,4,0,4,True,False,True,0.0,0.0
write_pair_calibrated_c1_b384,whiteaftertrees,168,0,0,4,True,False,True,0.0,0.0
write_pair_calibrated_c1_b384,whiteaftertrees,169,0,0,4,True,False,True,0.0,0.0
write_pair_calibrated_c1_b384,whiteaftertrees,170,0,0,4,True,False,True,0.0,0.0
write_pair_calibrated_c1_b384,whiteaftertrees,171,0,0,4,True,False,True,0.0,0.0
write_pair_calibrated_c1_b384,whiteaftertrees,172,0,0,4,True,False,True,0.0,0.0
write_pair_calibrated_c1_b384,whiteaftertrees,173,0,1,4,True,False,True,0.0,0.0
write_pair_calibrated_c1_b384,whiteaftertrees,174,4,0,4,True,False,True,0.0,0.0
write_pair_calibrated_c1_b384,whiteaftertrees,175,4,0,4,True,False,True,0.0,0.6094281251676772
write_pair_calibrated_c1_b384,whiteaftertrees,192,0,0,4,True,False,True,0.515940896196665,0.515940896196665
write_pair_calibrated_c1_b384,whiteaftertrees,193,4,3,4,True,False,True,0.478714240822163,0.0
write_pair_calibrated_c1_b384,whiteaftertrees,194,0,1,5,True,False,True,0.0,0.0
write_pair_calibrated_c1_b384,whiteaftertrees,195,2,4,2,True,False,True,0.0,0.0314829934048577
write_pair_calibrated_c1_b384,whiteaftertrees,196,4,2,4,True,False,True,0.0,0.0
write_pair_calibrated_c1_b384,whiteaftertrees,197,0,1,4,True,False,True,0.0,0.598446129411732
write_pair_calibrated_c1_b384,whiteaftertrees,198,0,0,1,True,False,True,0.6902594982476287,0.6902594982476287
write_pair_calibrated_c1_b384,whiteaftertrees,199,0,0,4,True,False,True,0.5050185127170721,0.5050185127170721
write_pair_calibrated_c1_b384,whiteaftertrees,217,0,1,4,True,False,True,0.0,0.5276313585921765
write_pair_calibrated_c1_b384,whiteaftertrees,219,0,1,4,True,False,True,0.0,0.3753094471938167
write_pair_calibrated_c1_b384,whiteatright,59,0,0,4,True,False,True,0.7986003984282443,0.7986003984282443
write_pair_calibrated_c1_b384,yellowexcesicebook,129,0,0,4,True,False,True,0.39721660139280657,0.39721660139280657
write_pair_calibrated_c1_b384,yellowexcesicebook,137,0,1,0,False,False,True,0.44167286854275745,0.43313955873344684
