592.000	235.000	59.000	163.000
583.506	239.784	58.030	164.770
582.356	239.780	59.209	163.814
584.649	239.440	63.740	164.667
596.203	241.088	64.420	165.384
600.787	249.763	63.673	166.722
590.170	264.911	69.504	170.090
577.396	279.550	69.010	169.678
572.905	297.879	66.928	163.497
571.873	308.355	69.365	166.418
566.333	308.063	74.878	168.144
550.192	302.699	87.797	168.590
528.548	293.349	86.125	168.745
508.276	283.562	82.210	165.041
506.985	283.367	79.099	160.048
515.764	280.765	80.228	159.358
537.087	278.304	81.564	158.587
560.637	276.434	75.685	159.013
585.590	277.425	62.570	164.477
571.025	279.538	69.099	165.944
549.261	282.489	72.072	162.451
534.168	283.920	66.656	162.475
527.089	284.613	64.536	163.605
521.472	287.350	66.584	165.465
513.207	289.379	73.068	164.281
499.797	289.554	80.022	164.638
484.670	291.137	81.169	163.066
468.423	290.104	78.638	165.442
450.466	292.811	78.228	162.658
440.032	292.421	76.610	163.594
429.994	291.330	78.030	165.489
419.567	289.914	74.131	165.332
407.841	287.529	70.369	166.184
399.837	288.145	65.532	163.254
395.714	288.358	65.003	163.818
394.122	287.409	63.107	162.180
393.516	287.288	65.743	166.785
395.881	290.368	68.193	173.791
402.824	293.725	70.766	175.526
413.287	299.372	72.280	171.028
416.376	301.126	81.587	173.757
419.598	303.531	86.623	173.701
422.543	304.338	89.854	175.567
423.882	304.985	92.252	176.477
422.747	306.387	92.946	176.705
425.442	306.341	88.487	176.896
424.871	308.205	87.320	176.001
424.366	308.109	86.028	177.873
421.829	308.474	85.822	180.389
416.479	310.706	85.118	179.303
411.908	311.361	86.361	179.565
406.736	312.121	85.405	181.304
402.948	314.108	84.776	179.927
401.737	315.720	83.487	179.297
402.810	317.274	80.510	180.323
403.964	316.482	76.288	181.307
403.795	315.035	71.961	182.251
401.164	315.376	68.501	182.827
398.446	313.978	68.108	182.828
398.283	315.761	68.402	182.421
401.183	320.187	72.260	181.419
405.890	322.787	71.431	181.679
407.705	324.473	71.456	182.784
406.835	325.187	71.938	182.235
406.039	326.054	71.378	180.462
405.969	324.347	69.163	182.859
406.234	323.783	68.906	183.505
411.938	324.420	70.601	182.453
425.540	324.853	70.275	182.102
441.309	323.154	71.437	179.984
456.445	320.048	68.107	180.818
464.021	316.904	69.309	180.984
469.036	312.874	67.109	180.038
471.297	309.678	66.003	177.296
477.263	304.514	70.277	181.618
490.851	304.115	70.603	179.128
506.575	303.535	67.109	179.266
518.807	305.170	65.625	177.614
529.397	301.920	62.404	179.972
537.722	297.921	58.048	179.874
536.157	296.694	59.558	179.939
534.708	296.182	60.069	181.187
527.615	297.207	62.126	183.141
514.855	297.733	66.249	183.873
500.416	300.233	63.119	186.666
494.025	302.921	60.780	186.097
493.275	306.358	62.722	186.479
496.779	312.331	65.101	184.236
504.510	314.309	64.839	183.233
513.077	315.137	68.238	181.567
517.970	316.197	71.433	178.568
522.482	313.780	73.605	178.620
527.848	309.115	74.886	179.028
531.009	303.405	76.330	177.930
538.683	293.050	74.859	180.699
543.504	287.052	75.088	177.903
545.827	279.456	74.236	178.648
544.128	275.086	74.864	177.051
536.221	271.342	71.850	176.722
527.762	268.073	68.160	176.504
522.396	266.979	62.889	174.397
522.129	264.708	59.740	175.389
523.170	265.429	61.593	175.860
530.889	266.907	61.972	176.283
546.445	269.736	61.069	175.965
554.698	271.470	60.415	175.757
557.397	272.222	59.749	174.784
554.568	276.950	62.716	174.865
548.969	281.215	64.678	174.154
542.030	289.524	68.033	166.856
535.585	291.699	69.014	170.637
529.299	296.627	67.174	170.771
525.540	298.904	64.005	169.616
525.048	300.160	64.747	165.874
529.804	299.685	60.973	167.060
532.017	297.470	59.756	172.739
534.549	296.982	59.783	173.903
540.202	296.624	62.399	171.569
550.120	292.470	61.898	173.964
562.833	289.451	60.623	171.822
570.027	288.185	60.108	172.578
576.194	287.697	60.279	171.266
582.280	287.188	59.084	170.734
587.945	287.059	62.177	171.020
595.420	285.718	66.028	172.927
599.615	285.044	72.889	171.398
604.133	284.246	74.603	171.892
607.481	283.243	74.443	171.656
609.547	282.415	72.638	171.509
611.085	281.181	71.609	171.819
612.110	281.191	70.657	170.662
613.042	280.820	71.015	170.726
614.230	279.693	69.854	170.568
614.947	279.195	70.294	169.987
616.206	278.000	71.231	170.500
617.652	276.781	72.164	171.260
619.385	275.370	71.681	172.094
621.083	274.026	73.169	173.360
623.446	273.091	72.670	173.990
627.689	271.895	71.857	173.484
630.706	271.449	72.004	171.354
633.583	270.581	70.317	171.377
635.864	270.266	69.495	170.326
637.463	269.980	68.972	169.865
639.360	270.627	66.740	169.182
641.289	272.374	65.530	167.468
644.350	272.551	63.798	167.189
646.775	273.053	63.501	168.140
647.396	272.527	63.943	168.956
648.100	272.468	63.372	169.400
648.375	272.295	63.442	169.497
648.883	272.120	63.343	169.824
650.555	272.062	64.680	169.959
653.181	272.162	65.475	170.499
657.509	270.840	63.637	171.915
658.238	271.133	65.806	169.700
659.423	271.223	66.733	169.224
660.441	270.705	67.667	168.746
661.788	270.668	68.554	168.943
662.828	270.891	69.522	168.982
662.106	271.292	71.264	167.966
659.986	272.309	72.497	166.603
657.229	273.269	70.413	165.873
654.184	273.627	70.353	165.462
652.483	274.582	69.420	165.648
650.615	275.293	70.343	165.306
647.857	277.338	70.740	164.022
645.925	279.149	69.137	162.528
643.356	279.331	68.822	161.646
639.947	279.471	68.413	160.970
638.242	279.997	67.821	161.182
637.769	280.199	68.293	160.409
637.853	278.478	70.104	162.190
643.292	275.681	70.044	162.514
644.618	272.082	74.002	160.517
645.193	270.375	70.909	161.951
645.073	270.134	69.861	160.351
647.764	270.937	71.666	158.714
652.152	270.805	75.647	159.554
656.181	270.640	74.454	160.314
658.031	271.250	73.383	160.688
658.745	271.696	72.332	160.111
659.562	271.462	72.777	162.079
660.257	271.914	73.749	163.419
660.119	272.444	71.627	164.579
661.096	272.828	65.275	165.258
661.050	272.997	61.556	165.542
659.639	272.924	61.639	164.414
658.535	270.123	61.322	165.397
657.780	267.074	60.961	165.376
656.535	265.003	59.379	167.155
655.098	264.869	60.029	164.886
654.558	264.039	58.932	164.701
654.731	263.754	57.742	163.428
656.165	263.723	56.932	163.111
655.804	263.612	58.540	162.749
651.230	264.411	63.013	161.738
643.760	267.759	63.433	158.761
638.173	270.224	59.857	158.759
632.874	273.998	55.177	159.674
631.893	275.558	54.492	161.146
632.113	277.656	55.249	161.558
634.119	281.170	55.162	161.090
634.389	283.303	54.598	161.714
632.662	286.237	54.986	160.064
630.426	288.850	54.208	160.110
630.701	289.146	53.927	159.951
630.781	289.200	54.756	159.540
632.620	288.875	54.442	159.436
634.779	288.221	55.874	161.595
638.149	288.371	56.695	159.052
641.215	288.031	57.649	158.626
645.380	287.732	56.820	158.620
647.107	286.988	59.158	160.196
648.330	287.243	61.545	159.323
650.274	287.698	66.323	159.012
652.475	286.892	68.035	159.757
654.577	287.148	68.126	160.167
655.430	287.614	67.924	160.247
656.182	287.724	67.049	160.505
656.838	288.058	67.223	159.952
657.411	287.932	66.671	160.047
657.487	287.932	66.344	160.340
657.320	287.714	66.406	161.220
656.745	287.013	66.310	163.431
655.277	286.417	66.919	164.515
655.162	285.949	67.550	164.602
655.084	286.301	67.330	164.562
655.084	286.301	59.875	164.412
655.271	285.234	58.256	164.492
654.356	285.435	58.182	164.291
653.818	285.937	59.066	164.010
653.251	286.381	59.858	164.010
653.501	286.638	61.215	164.118
653.280	286.731	62.916	163.450
655.439	285.838	60.965	164.127
656.636	285.851	64.001	162.700
660.270	284.272	62.400	164.001
662.819	282.535	61.133	165.500
662.812	280.188	59.178	166.961
659.702	279.155	58.289	167.545
658.693	279.039	58.679	166.402
657.620	280.304	60.397	165.155
658.110	280.843	57.780	164.822
657.595	283.060	58.715	163.074
656.458	284.246	57.990	164.488
655.337	286.107	57.892	164.310
657.354	287.495	57.422	165.424
660.085	288.100	54.826	165.822
659.689	289.231	54.782	164.443
660.400	289.723	54.036	164.252
660.955	289.295	54.158	164.234
664.616	287.363	51.496	166.827
669.373	287.718	49.332	168.060
672.395	287.327	48.004	166.806
675.312	284.186	49.871	168.271
676.809	283.398	52.778	167.326
678.403	282.374	55.614	165.118
679.094	283.322	60.594	161.597
681.327	283.680	63.065	159.763
686.731	285.332	65.577	156.225
690.579	285.172	68.612	157.748
692.964	285.272	73.270	159.428
696.995	285.604	75.908	159.162
701.487	285.241	77.282	160.605
707.132	284.785	79.363	160.558
710.920	283.564	79.704	161.287
714.234	283.156	79.767	160.739
716.497	281.145	81.077	163.418
718.541	280.964	81.830	163.086
720.985	278.786	83.712	164.144
722.355	278.778	83.803	164.462
724.583	277.995	84.844	165.245
725.566	278.066	85.545	165.566
726.556	277.650	85.210	166.789
727.979	277.249	84.889	166.795
728.240	277.740	84.429	166.888
728.732	278.155	83.437	166.597
728.921	277.859	81.199	166.522
728.153	278.470	80.467	166.294
725.215	280.355	80.459	166.347
722.588	281.821	80.795	165.968
719.646	284.189	82.558	164.462
716.499	285.885	84.087	163.800
713.862	286.460	85.709	165.634
709.431	286.100	88.584	166.854
704.195	288.111	92.975	165.353
700.423	290.166	96.668	163.374
697.449	291.411	96.199	162.695
695.370	292.853	95.698	162.093
690.758	291.396	94.257	163.899
689.345	290.574	92.411	164.633
688.669	290.243	90.802	165.148
688.265	290.338	88.356	165.512
688.460	290.581	86.633	164.935
689.255	289.424	85.864	165.467
690.215	289.080	84.979	167.627
692.274	288.360	82.793	167.893
694.792	286.697	82.910	168.352
699.002	287.052	83.907	164.746
708.010	286.180	82.971	161.998
715.217	283.273	82.030	162.039
721.826	281.919	82.724	160.543
728.608	281.085	81.762	160.002
734.249	280.085	79.963	160.970
738.382	281.184	79.924	161.955
740.753	280.845	80.985	160.432
742.236	281.080	81.324	160.564
743.317	280.967	79.790	160.536
744.308	280.642	79.744	160.470
745.547	281.021	80.156	161.897
745.976	279.584	80.624	162.219
747.037	278.954	79.273	162.713
747.592	277.737	79.913	164.219
744.457	277.321	83.517	165.441
741.483	277.550	86.996	165.117
746.634	277.436	83.610	165.108
751.320	276.274	81.159	164.913
753.159	275.373	80.829	165.287
755.311	274.498	78.956	165.717
756.060	274.550	79.009	165.452
755.810	273.023	80.045	166.010
757.128	273.207	78.772	167.077
756.671	273.095	80.891	166.782
755.805	274.168	83.201	165.578
756.315	273.876	82.168	166.344
755.441	274.851	82.846	165.532
756.025	274.754	83.660	165.700
755.928	274.645	86.819	165.919
755.075	274.487	90.432	165.365
755.018	273.834	93.274	165.587
755.219	274.144	92.218	166.553
757.346	276.621	92.544	164.111
759.939	277.601	92.338	163.364
762.048	280.944	93.063	160.202
766.350	280.296	90.064	161.685
770.044	281.233	90.308	160.100
773.261	279.737	86.371	161.287
775.110	277.995	86.973	162.648
777.128	276.515	86.268	163.861
781.985	273.701	81.521	165.620
787.810	271.121	76.678	166.898
791.874	267.332	73.342	169.443
794.495	264.565	73.138	171.869
796.707	263.624	77.209	173.815
799.029	262.804	80.566	175.518
802.628	262.861	82.481	174.383
804.082	264.602	86.331	174.796
806.856	267.567	89.934	171.998
809.756	269.393	92.381	170.414
812.384	270.934	95.097	170.391
814.860	271.534	96.005	170.159
817.420	271.070	97.645	171.350
819.556	270.658	100.359	171.121
821.992	269.509	99.123	172.708
820.979	269.534	100.026	172.247
820.650	269.556	98.273	173.433
820.692	269.213	97.518	173.249
819.624	270.581	96.479	171.437
818.891	270.046	94.085	173.460
818.950	272.284	94.440	176.080
818.182	276.081	95.076	174.545
818.374	279.525	98.665	172.075
819.023	281.009	103.277	172.884
819.903	282.223	111.211	172.292
821.530	283.186	122.830	172.333
823.649	285.810	129.007	171.193
824.507	288.635	128.559	169.493
824.833	288.708	114.285	168.249
818.137	287.659	126.228	166.621
806.559	283.221	123.810	165.499
804.523	282.619	117.767	164.933
802.007	281.057	119.994	165.776
799.338	281.333	120.781	164.342
797.571	281.970	127.992	163.479
787.567	281.688	126.364	162.426
783.015	281.865	123.344	160.223
772.317	282.037	132.893	162.676
767.611	284.204	130.917	165.853
761.432	285.297	130.089	168.537
752.987	289.501	134.054	168.150
748.418	289.299	124.560	171.514
745.435	292.595	116.287	170.660
746.004	295.679	108.954	168.425
745.237	298.396	103.537	163.703
742.842	300.827	102.593	160.054
734.903	298.285	97.248	166.251
733.067	297.855	87.835	166.944
731.597	297.623	94.364	168.486
729.742	293.905	105.953	172.169
729.419	292.871	97.275	171.015
728.653	291.003	91.401	170.970
729.294	289.622	91.581	172.414
728.921	288.676	90.502	173.272
729.288	287.790	88.954	171.261
731.305	287.164	86.302	173.243
731.676	287.025	83.075	173.957
731.214	287.016	81.865	174.693
731.467	286.582	80.643	175.538
731.112	286.199	81.096	176.739
731.390	286.615	81.866	176.164
732.764	285.284	81.648	178.148
732.858	285.052	81.869	178.466
732.946	284.627	81.982	179.221
733.392	284.235	82.437	179.223
734.352	283.356	82.961	181.433
734.454	283.261	83.814	181.923
734.213	283.252	84.317	183.130
733.099	283.388	85.323	183.555
731.608	283.940	85.976	182.770
728.626	282.967	88.120	183.287
721.140	281.536	93.408	181.661
714.223	278.813	96.099	179.531
714.413	277.783	94.241	180.327
714.054	276.794	93.495	181.154
714.268	275.055	92.838	181.127
711.079	272.889	93.446	180.881
705.157	271.411	97.360	180.874
699.547	272.116	98.047	178.028
695.661	272.397	96.999	176.510
694.308	272.467	95.088	176.320
692.164	271.963	94.254	176.058
693.969	271.087	91.711	176.949
695.548	272.196	89.278	177.503
695.906	273.460	88.206	178.453
695.382	274.911	88.114	180.975
694.270	279.758	86.632	181.702
690.232	283.852	88.181	182.853
686.929	286.112	89.364	185.100
688.273	288.435	85.070	186.962
688.080	294.379	82.791	181.778
683.688	296.517	80.679	180.200
682.658	296.395	81.778	181.246
681.478	294.846	82.713	184.654
681.991	295.145	83.470	183.492
683.330	294.010	82.963	184.627
685.828	292.387	82.768	183.549
687.337	289.452	80.599	186.150
684.964	287.422	83.538	183.635
683.250	286.216	84.868	182.759
679.237	285.089	87.169	181.434
673.982	283.591	91.192	179.738
670.413	285.923	92.789	176.712
666.934	286.266	91.960	174.361
663.218	286.408	92.155	174.230
658.664	286.760	91.281	173.631
653.745	290.180	89.717	170.377
654.462	289.924	85.153	173.123
653.599	288.844	85.067	174.214
654.264	287.708	83.373	175.504
654.725	286.615	83.857	178.215
655.536	287.177	84.850	178.958
656.334	287.676	83.773	178.927
650.721	287.014	87.154	178.779
646.408	289.370	87.659	178.441
646.120	291.567	84.835	181.683
646.059	293.988	84.000	184.662
648.308	296.332	83.715	184.150
649.938	298.112	82.674	182.908
649.519	299.202	82.946	182.822
647.762	300.309	85.633	182.261
650.968	299.881	85.498	182.292
655.236	299.320	88.268	180.761
662.804	296.851	85.847	179.613
668.905	293.546	81.929	179.324
671.475	292.412	78.292	176.048
671.515	290.261	76.702	174.854
672.036	290.442	74.059	173.597
673.157	291.218	73.203	172.004
672.933	296.227	72.823	167.153
676.148	301.089	69.210	164.980
677.901	306.773	72.457	161.281
675.543	308.643	74.997	161.446
680.965	308.668	76.476	161.533
677.094	307.143	78.952	166.479
688.974	307.611	71.653	168.972
687.096	306.268	70.974	167.733
691.651	307.694	71.059	169.203
694.187	306.751	68.313	167.206
696.303	309.330	67.055	166.484
695.747	310.876	66.320	164.300
691.257	309.179	72.360	163.085
691.273	307.968	70.894	164.555
690.697	307.929	71.753	165.204
691.944	310.040	70.879	167.089
695.915	309.344	71.905	168.212
700.274	312.679	68.169	161.608
702.017	312.740	69.764	161.119
703.046	311.255	68.510	160.405
703.862	308.469	67.939	158.400
704.698	310.740	69.978	164.372
705.109	309.737	70.560	163.584
705.671	308.796	70.760	162.822
705.865	308.227	69.393	162.810
706.496	308.784	69.785	158.763
707.681	309.102	68.938	159.285
709.189	309.600	67.645	157.124
709.782	311.295	67.779	156.056
710.834	312.027	68.433	159.104
711.452	310.727	69.548	161.674
710.360	308.075	70.064	166.612
709.360	305.752	70.337	160.916
709.159	302.612	69.085	166.660
709.939	302.318	67.677	164.936
709.707	299.388	66.962	165.972
709.573	299.012	67.193	165.831
708.568	297.524	67.524	164.048
708.836	296.247	66.452	167.638
707.778	295.880	67.327	165.821
707.683	296.427	67.640	166.517
707.740	295.799	67.864	165.261
705.750	295.699	67.306	164.744
705.174	295.322	67.312	162.775
706.309	295.938	67.291	161.796
708.123	296.152	67.857	163.330
709.464	294.653	66.648	166.686
710.790	295.308	66.685	166.292
712.460	295.681	67.313	166.208
712.292	295.979	67.543	167.963
712.916	293.281	67.622	171.007
711.696	293.450	65.820	170.358
711.946	292.479	66.832	169.508
713.414	291.440	68.417	169.644
716.553	291.243	68.935	171.471
718.044	291.834	71.095	169.082
719.155	291.758	69.911	169.865
721.803	293.091	68.451	170.638
723.409	295.196	63.275	169.056
722.589	294.967	64.477	165.514
722.486	298.471	52.394	162.612
720.880	296.759	55.589	156.822
721.830	299.396	58.267	157.805
721.074	297.509	55.261	160.197
721.104	295.460	53.001	158.366
641.111	336.027	66.925	123.932
641.442	339.088	62.515	123.185
646.470	339.835	55.683	123.555
572.596	334.157	58.120	134.079
571.197	327.494	61.986	140.962
568.729	323.638	62.548	145.872
569.261	326.525	60.522	143.650
569.811	326.948	61.698	139.657
657.013	337.436	76.293	126.859
665.884	335.283	73.453	127.410
670.129	335.252	70.242	127.508
671.802	338.769	73.812	125.814
677.348	338.415	76.030	125.424
683.574	336.890	70.671	124.392
681.063	336.860	70.646	124.222
683.584	337.029	66.335	125.178
687.177	336.829	61.260	123.945
697.157	333.729	54.266	123.614
710.013	335.340	54.781	122.899
714.505	329.669	55.147	127.493
720.871	330.526	54.536	128.438
724.170	318.523	57.708	142.971
725.642	307.224	63.068	153.143
727.451	304.647	63.475	156.245
727.855	300.992	66.921	162.984
720.981	297.685	72.301	167.476
714.086	292.209	78.742	176.746
698.510	289.624	95.816	172.422
692.609	281.313	103.459	180.751
613.690	310.138	76.995	149.891
613.102	307.156	67.080	149.378
618.824	313.538	72.165	147.021
614.849	307.857	67.859	147.890
742.415	312.398	72.145	141.567
722.081	303.333	91.748	155.874
721.987	289.573	91.732	173.344
709.336	284.143	99.531	181.072
708.588	293.237	98.642	179.811
702.084	294.103	77.749	175.511
696.561	295.547	76.385	178.590
702.025	298.959	73.106	177.393
708.936	301.834	69.185	175.216
709.776	305.454	72.985	176.213
702.869	306.835	88.689	183.287
696.063	305.974	92.582	185.331
689.946	305.613	93.318	184.658
685.823	305.841	93.492	183.555
684.243	304.426	92.345	184.620
684.323	304.082	90.735	185.722
684.239	305.804	88.844	184.969
684.206	306.688	88.409	184.748
682.387	306.532	90.543	184.749
677.749	306.717	96.486	184.704
675.481	303.359	98.315	185.368
675.953	300.407	98.613	184.903
679.868	295.701	93.868	185.297
681.311	294.032	92.666	183.984
683.500	291.649	89.560	184.437
686.167	289.031	91.199	185.223
689.859	286.403	95.188	188.241
691.833	286.014	101.348	187.237
695.058	285.044	103.916	187.302
699.046	283.309	104.218	186.548
704.959	280.948	101.827	187.068
706.776	279.414	97.127	187.214
710.353	279.111	88.378	184.525
714.278	278.330	87.281	184.197
717.513	277.295	88.829	183.976
722.749	275.667	86.824	186.771
725.288	274.722	87.271	187.739
726.224	275.400	86.191	186.368
728.037	276.800	83.664	186.418
727.246	278.925	84.843	188.632
724.747	281.555	88.715	187.885
722.085	283.555	92.161	187.345
718.933	285.257	96.002	185.732
715.908	286.504	97.824	186.061
714.011	287.222	97.751	186.564
709.144	289.562	96.490	186.205
704.348	290.882	89.527	186.442
698.630	292.472	84.786	186.043
696.265	294.684	75.167	182.413
692.303	295.743	72.076	182.650
685.751	296.483	70.683	178.505
678.741	299.040	74.052	181.706
674.493	298.112	75.709	183.641
673.115	297.836	77.690	184.034
673.616	297.277	77.751	185.354
674.197	298.535	79.235	184.710
674.032	299.114	81.201	184.293
672.176	298.559	84.186	184.980
669.208	297.381	87.802	185.517
665.640	296.677	92.400	184.512
660.837	293.759	93.079	187.405
660.595	293.755	92.285	187.962
658.000	294.039	90.458	186.743
654.584	295.744	92.486	185.506
650.615	297.413	95.621	183.030
644.932	301.297	99.059	178.460
641.126	302.242	101.449	178.014
637.530	303.791	103.905	176.351
632.371	304.822	106.259	176.788
626.257	305.413	111.447	176.942
620.941	304.001	116.146	180.336
612.758	304.107	122.242	179.965
605.678	304.126	127.729	180.435
602.108	303.301	124.303	181.900
598.518	303.808	120.978	182.298
592.821	303.803	116.369	183.791
588.679	300.975	108.080	187.339
584.296	299.842	100.632	188.104
578.183	298.783	92.976	188.344
573.237	297.018	86.299	190.218
570.702	297.479	78.217	188.533
567.854	298.592	76.339	189.381
562.613	299.680	79.729	192.200
556.756	302.928	84.379	190.758
552.393	305.461	88.153	188.485
541.941	308.783	97.684	185.350
531.232	309.255	107.208	187.752
523.583	308.017	115.305	189.786
520.183	305.445	118.322	193.206
517.386	304.823	122.829	193.442
511.903	304.968	125.032	192.558
512.997	305.201	117.679	193.003
521.640	304.691	101.477	192.837
535.487	313.227	83.298	177.153
537.559	317.365	78.670	167.934
539.975	318.925	77.908	159.396
541.812	319.962	75.725	156.374
540.093	320.184	76.329	154.923
537.366	319.806	77.728	154.469
536.583	318.660	78.537	156.492
535.555	316.967	79.140	157.635
535.599	315.473	78.565	159.131
533.185	315.121	80.653	158.429
529.985	315.120	82.786	158.383
529.130	314.342	81.838	158.339
527.957	314.147	81.940	158.347
527.646	314.279	82.497	157.525
527.254	314.918	82.119	156.665
527.453	315.143	81.550	156.639
526.991	315.278	80.762	157.295
528.211	315.709	79.526	156.101
529.788	315.779	78.403	155.674
531.382	315.976	79.504	155.286
536.044	316.035	77.140	155.266
539.100	316.506	78.299	154.367
545.117	315.195	76.118	154.918
550.657	315.324	75.587	154.092
554.583	314.532	75.715	154.140
559.089	313.837	74.586	154.855
563.702	313.097	73.717	154.804
568.374	312.988	73.217	153.485
571.744	313.612	72.457	152.282
574.825	313.180	72.029	151.012
580.182	312.797	69.976	151.272
584.458	312.300	68.266	150.889
589.220	313.075	67.107	149.535
591.888	313.778	67.362	148.623
594.394	313.971	65.666	147.688
596.959	314.447	62.737	146.686
599.335	315.228	61.300	146.146
603.104	314.909	58.983	146.039
607.035	319.349	58.416	142.282
605.600	322.020	58.696	139.318
604.627	332.796	62.394	128.769
608.582	337.671	60.251	123.164
615.383	339.663	55.735	120.274
613.881	327.707	54.362	133.166
614.493	339.229	62.508	116.259
613.654	333.315	60.776	123.461
621.572	338.514	66.789	124.031
617.587	330.068	64.215	135.287
618.179	322.082	61.348	144.410
602.099	313.622	59.785	153.236
599.699	313.191	58.770	153.926
596.298	309.931	65.690	154.983
595.395	314.094	63.054	150.632
595.805	312.913	62.673	150.678
593.497	311.334	61.508	153.796
592.771	311.389	60.969	154.211
592.164	311.233	59.399	153.947
590.919	310.652	59.906	153.921
590.270	310.200	61.120	154.025
589.709	310.731	62.085	153.963
589.565	311.373	61.584	153.961
589.085	310.444	62.376	154.247
588.049	309.829	64.574	155.277
586.058	309.467	69.214	155.390
586.108	309.457	72.422	154.928
586.812	310.088	72.653	154.601
587.726	310.883	73.706	153.715
588.772	313.386	73.139	151.212
591.536	317.197	71.594	147.345
587.969	311.744	67.103	152.139
593.110	319.337	70.139	144.037
587.205	309.925	61.813	153.028
590.058	316.574	64.386	147.376
585.856	310.005	63.551	152.676
589.771	318.122	64.499	145.318
584.023	307.187	63.409	157.212
582.642	307.324	64.225	155.851
582.991	306.523	62.826	156.227
584.458	307.234	62.756	155.029
587.146	307.387	65.043	154.515
590.955	306.971	64.941	155.434
593.551	304.836	65.196	156.436
595.146	303.973	65.746	156.751
593.755	303.454	65.785	156.844
589.121	306.429	65.220	155.399
586.120	308.688	63.051	156.897
584.130	310.572	60.414	155.710
582.623	312.639	58.922	155.216
584.188	315.610	60.372	155.097
588.564	315.405	63.871	154.684
595.042	314.643	64.107	155.362
603.481	318.336	59.999	158.754
607.694	331.093	58.836	158.203
607.100	353.975	56.941	152.339
601.086	357.903	57.045	154.789
595.835	355.336	58.517	155.248
593.883	354.021	58.287	154.416
594.956	354.536	59.992	154.264
604.684	349.304	60.217	156.962
616.465	345.521	61.243	155.696
626.343	343.887	62.395	153.153
635.997	341.896	62.044	151.863
645.541	336.849	63.507	152.336
659.597	330.758	64.293	152.595
662.712	325.646	68.241	155.660
663.020	323.391	70.448	155.863
662.365	322.639	72.509	156.279
660.875	323.095	72.709	155.648
657.080	322.351	74.620	156.415
655.356	322.979	74.772	156.035
654.000	322.598	74.287	157.310
651.771	322.691	73.927	157.600
647.854	323.385	75.486	156.323
643.211	322.368	76.193	157.412
640.057	322.066	76.500	158.154
637.469	323.375	75.204	155.676
637.182	323.287	72.641	156.403
636.412	323.585	72.057	156.074
635.129	323.946	72.071	156.893
633.875	325.106	72.022	157.487
632.118	327.765	72.264	157.531
631.339	328.384	71.151	157.850
631.939	329.519	69.959	156.947
631.796	330.039	69.225	156.122
631.700	329.600	68.339	156.286
632.286	328.683	68.725	156.970
633.302	328.387	69.746	156.950
637.006	328.453	68.727	155.970
640.554	327.744	68.867	156.657
641.386	327.758	68.703	156.124
642.867	327.008	67.880	158.167
642.894	328.925	68.001	158.297
643.736	330.409	66.448	158.817
639.508	332.383	67.671	157.504
634.559	333.594	68.111	155.965
630.991	333.477	68.769	156.376
628.002	334.067	69.194	155.924
627.273	334.983	67.805	154.339
626.320	334.982	67.255	154.648
624.043	336.070	68.865	153.347
620.439	336.295	67.126	152.947
618.463	336.078	67.158	153.930
617.309	336.968	69.235	153.006
616.140	336.501	69.722	153.885
615.410	335.100	70.917	155.174
616.560	334.084	73.820	155.381
618.939	332.041	75.902	154.967
624.808	328.619	76.731	154.419
634.388	324.078	75.004	154.492
642.333	320.634	74.247	155.921
649.592	319.132	76.801	152.270
656.675	316.914	74.553	151.935
661.313	316.691	74.474	150.621
663.359	316.834	71.687	151.386
663.818	317.297	70.732	151.589
662.358	317.985	70.207	151.871
661.028	319.078	68.891	151.890
659.968	320.179	65.744	151.569
657.350	320.722	64.505	152.604
655.774	322.185	64.726	151.961
653.315	322.981	63.630	151.983
650.748	324.316	64.040	152.072
647.339	325.999	66.096	152.213
642.217	328.279	69.505	153.023
638.385	330.940	72.776	153.936
636.945	332.378	72.323	157.522
634.409	332.448	65.983	162.155
632.218	334.494	61.118	161.159
629.083	337.438	62.870	157.502
628.545	338.890	61.750	155.117
628.480	340.201	59.067	153.716
627.137	339.189	59.640	152.327
624.566	334.279	63.413	159.646
617.132	333.810	67.997	157.758
610.304	336.954	77.115	150.615
606.008	337.737	79.148	150.288
609.925	338.588	76.700	147.149
634.810	343.474	66.730	144.470
635.992	348.392	60.137	140.862
635.816	350.467	52.768	139.940
637.673	347.907	55.415	143.168
626.621	350.720	59.554	135.698
625.619	352.153	60.884	131.088
624.054	353.838	58.209	130.646
627.935	353.400	57.577	131.064
626.639	355.351	54.091	128.661
626.960	355.833	56.806	129.241
625.199	356.040	61.285	127.522
636.440	356.804	55.322	125.086
643.388	357.223	56.356	119.871
632.714	357.561	60.854	120.018
633.161	359.496	54.789	117.485
634.333	359.758	54.707	116.900
624.621	361.416	51.668	114.120
633.861	358.987	56.070	114.202
628.367	360.692	50.036	115.006
610.088	362.835	60.979	114.390
619.621	362.552	54.542	114.748
620.028	363.830	55.254	113.867
620.106	364.900	52.924	111.150
621.403	365.222	53.705	111.087
622.876	364.332	55.031	112.102
631.554	363.627	55.723	114.326
629.650	363.191	62.899	118.780
649.183	361.333	52.442	117.088
632.354	363.446	54.271	115.975
639.922	362.719	53.142	115.284
640.125	364.368	52.594	116.552
644.728	364.057	52.405	115.485
646.884	365.179	55.179	115.566
644.561	363.981	47.281	113.766
643.742	365.036	48.632	113.023
641.490	363.815	49.799	115.340
643.123	364.050	55.800	111.823
637.176	361.494	50.324	115.475
642.001	364.397	51.894	111.455
636.851	363.950	51.881	113.406
641.512	363.750	53.688	112.840
645.957	362.004	58.164	114.121
640.022	363.101	54.136	113.418
637.849	363.952	55.868	112.190
645.904	360.695	56.783	114.902
635.870	362.743	55.326	113.366
649.685	359.870	51.769	114.993
639.526	362.427	57.757	114.304
635.728	362.090	59.705	113.041
638.896	361.192	55.622	114.626
631.136	360.261	57.657	115.366
629.105	359.739	59.981	115.860
625.257	357.430	61.782	118.674
622.323	357.113	63.729	119.108
622.689	357.270	58.922	117.416
621.423	358.609	58.802	116.403
616.031	358.965	59.339	115.236
613.204	358.177	60.065	115.539
610.870	358.329	59.969	115.753
608.052	359.440	59.912	113.057
606.781	360.302	62.330	111.221
605.278	359.768	62.319	112.341
604.938	359.632	62.533	113.079
604.903	359.517	61.241	113.408
605.573	361.110	59.421	113.037
603.938	360.262	61.145	113.949
603.646	360.600	63.596	113.767
603.732	360.335	59.620	113.226
604.261	359.649	58.258	114.254
606.778	359.726	56.784	113.802
605.808	359.783	57.499	113.487
607.762	359.805	56.105	113.659
606.259	359.940	57.284	113.641
606.712	359.805	57.259	114.138
607.097	359.960	58.853	114.090
606.102	360.111	59.970	114.006
605.228	360.003	60.322	114.611
602.006	360.907	61.948	114.325
604.349	360.846	58.469	115.589
607.835	362.267	57.928	114.844
604.874	363.176	62.575	113.939
607.503	361.746	60.810	114.433
607.704	361.834	62.205	115.025
608.154	364.444	61.706	113.152
614.444	363.434	56.640	115.776
609.777	362.542	52.748	115.927
619.805	362.307	51.353	116.763
614.679	363.282	54.444	114.226
618.333	367.550	57.348	110.290
619.205	367.487	64.529	108.622
620.909	366.961	66.187	109.173
620.562	366.702	63.411	109.753
617.594	367.100	56.475	109.899
622.957	370.229	59.517	106.695
632.205	372.521	56.422	103.758
629.415	372.083	61.272	103.876
645.459	363.659	60.993	110.679
655.315	352.559	58.198	121.949
665.265	344.818	50.721	126.119
672.884	339.775	46.817	131.328
674.619	335.881	47.233	133.207
675.909	341.431	50.689	126.630
679.775	340.525	56.755	125.534
681.276	340.905	66.132	125.951
667.404	342.064	77.685	127.698
679.033	357.842	75.162	110.933
649.207	349.985	88.707	120.738
678.188	358.502	88.703	112.762
689.003	357.758	81.631	113.685
694.869	361.170	79.242	109.049
708.383	362.868	72.410	106.818
686.747	353.139	70.696	117.786
720.883	358.953	65.541	107.270
738.136	360.023	60.493	105.948
754.674	362.584	52.926	100.479
750.101	363.850	70.473	100.291
752.402	359.216	75.607	105.131
755.620	361.949	77.773	99.058
767.440	360.889	69.894	95.780
778.211	355.186	59.533	98.820
786.869	360.399	52.696	93.585
797.678	360.525	48.021	93.304
800.366	362.561	48.225	86.093
802.669	361.508	50.717	83.532
803.433	359.704	56.035	87.131
803.826	360.321	57.566	88.597
804.412	359.174	55.109	89.771
810.072	361.656	51.413	87.636
812.650	364.316	52.391	87.379
816.564	361.799	50.362	88.612
820.889	360.192	46.638	88.445
825.296	358.948	42.285	87.917
825.475	353.986	41.469	93.238
826.938	350.412	40.171	97.942
827.188	350.578	40.619	99.951
827.769	348.785	39.670	101.704
828.175	349.334	38.787	100.924
823.955	347.799	43.799	102.332
819.510	349.614	47.361	99.744
824.486	349.090	43.685	100.263
827.359	352.286	42.184	95.565
833.680	353.031	37.144	92.541
836.607	356.440	35.706	89.681
840.864	355.711	33.702	90.738
841.810	355.670	33.871	88.118
843.701	354.603	33.534	88.706
843.221	352.574	34.645	89.994
838.595	348.821	40.112	95.596
839.778	348.857	39.624	94.560
834.227	348.179	43.714	96.237
838.570	347.057	41.903	97.276
834.343	345.083	46.182	100.463
839.213	346.721	42.461	96.932
840.232	346.706	41.860	99.017
835.234	344.464	45.380	100.274
845.079	349.074	36.347	97.523
846.380	351.180	36.197	92.918
845.160	350.943	39.186	91.615
844.885	350.405	41.074	92.991
843.623	350.698	42.583	92.478
843.973	350.179	43.893	91.402
841.163	350.834	46.206	90.177
843.262	351.371	47.695	90.094
854.602	352.078	40.900	90.510
859.168	350.052	40.255	92.306
860.910	349.987	41.708	90.431
864.330	351.288	41.871	88.608
874.419	350.736	36.414	88.635
878.494	350.040	34.345	88.331
883.635	352.170	33.430	83.653
883.496	351.612	35.317	84.286
885.811	351.827	36.559	84.261
893.452	353.330	34.405	80.821
896.733	353.306	35.673	80.925
899.082	351.786	39.453	83.548
905.671	353.344	35.259	84.161
908.292	350.347	37.307	84.589
912.376	349.545	34.300	85.256
915.645	351.698	34.956	82.436
915.874	348.369	36.470	87.364
920.075	347.808	36.575	89.116
924.967	348.956	33.369	84.910
931.097	350.058	28.324	84.117
936.309	349.627	22.615	79.427
936.997	349.128	21.802	79.339
934.703	349.339	24.107	79.434
933.253	348.865	25.958	83.962
932.286	341.921	26.865	91.439
932.839	340.537	26.501	88.466
935.905	339.423	23.898	93.715
934.466	332.449	24.798	98.986
933.136	323.692	26.198	107.555
933.297	319.035	25.142	111.792
934.482	320.384	23.763	111.316
935.302	321.743	22.899	107.582
936.753	317.735	20.655	108.320
937.141	323.324	19.994	104.396
935.812	324.756	21.575	100.544
934.987	326.931	22.737	103.375
934.193	327.639	23.128	102.181
933.682	326.639	23.583	104.525
932.552	324.778	24.743	107.360
931.083	319.676	26.119	110.968
927.597	320.217	30.749	110.266
927.141	317.575	30.761	114.383
925.374	317.844	32.206	119.031
923.447	319.005	34.081	119.017
924.567	318.653	35.433	114.270
925.139	308.888	32.738	123.483
922.266	307.422	34.156	123.357
926.460	311.928	33.540	116.618
926.031	307.402	31.250	118.238
923.302	307.763	34.165	118.495
927.947	313.200	32.053	111.335
926.284	306.977	29.999	114.463
928.315	306.951	31.685	113.471
925.932	306.456	29.897	114.298
930.146	307.699	29.854	113.806
927.869	313.680	28.335	111.608
931.910	316.704	28.090	107.577
931.209	313.645	25.239	111.175
932.183	306.496	25.935	118.021
932.194	316.463	24.104	114.610
931.094	314.418	25.315	113.421
931.702	309.539	26.155	114.842
931.183	315.927	25.344	112.219
931.131	310.923	26.458	113.474
929.207	315.317	26.845	112.018
931.871	314.711	28.129	109.531
931.555	316.202	25.196	110.060
931.764	312.712	27.357	110.554
931.715	317.365	25.080	111.024
931.321	316.206	27.809	106.057
931.737	316.568	24.721	108.785
932.387	316.371	26.325	107.114
931.160	320.742	25.072	104.573
933.210	320.982	26.493	102.864
933.326	316.752	23.201	107.814
932.913	323.244	27.087	103.281
931.855	321.746	24.502	107.570
931.133	323.296	28.303	104.361
761.298	343.049	66.940	107.667
763.743	342.389	55.224	105.716
770.088	340.540	53.490	106.395
771.852	343.975	51.368	102.108
776.287	343.494	48.135	103.698
782.767	342.281	44.241	103.858
788.192	342.953	43.942	102.012
792.820	341.913	44.824	101.848
794.767	341.600	45.717	101.013
797.163	342.018	46.828	99.769
798.087	343.031	50.371	98.399
798.226	343.598	55.878	96.829
802.638	346.708	53.031	94.230
803.985	346.269	54.341	94.320
802.551	345.095	52.188	97.903
804.257	346.622	56.287	94.995
816.289	343.848	49.538	95.756
824.207	343.484	43.404	96.469
830.936	343.065	38.714	96.994
834.381	343.110	38.845	96.687
834.851	344.065	40.867	96.481
833.252	343.256	40.992	94.863
828.654	343.712	45.095	95.613
829.139	345.514	49.113	92.340
827.730	344.094	52.943	94.439
832.530	341.056	56.732	96.474
833.963	339.121	58.817	100.597
840.851	338.000	60.410	99.494
845.718	339.344	56.646	99.297
848.487	334.995	54.688	102.775
855.411	335.998	49.161	101.788
864.818	335.429	43.630	101.621
870.111	336.750	43.601	99.724
875.403	336.505	42.156	100.313
879.604	340.359	42.241	94.808
885.287	338.590	43.140	95.943
884.487	336.095	48.374	97.060
884.313	333.154	53.588	100.260
886.458	334.160	53.629	98.627
887.474	333.093	57.212	99.439
892.552	331.637	56.572	98.605
900.031	330.386	55.141	98.089
904.733	329.293	48.517	99.304
910.250	326.486	44.294	98.468
916.515	327.759	39.251	97.390
922.267	327.920	36.105	98.569
922.247	326.512	35.909	99.650
923.082	326.309	35.672	101.656
925.381	330.211	34.015	99.200
928.357	331.647	31.199	101.051
929.267	332.235	30.179	103.007
929.507	330.761	29.767	104.419
930.740	332.266	28.457	104.031
931.470	333.330	27.798	101.967
932.165	333.458	26.921	102.461
933.591	330.218	25.332	104.314
934.801	327.772	24.286	101.872
935.215	327.126	23.739	103.191
933.103	325.374	24.920	104.999
934.956	323.296	24.251	103.845
928.797	320.019	28.800	102.331
935.190	320.867	24.810	104.975
928.634	324.254	29.106	105.907
933.488	328.365	26.512	100.670
927.886	325.581	29.346	102.482
932.458	317.653	27.256	104.768
929.832	312.472	27.758	116.729
926.212	313.020	31.014	110.586
927.327	308.498	32.329	116.402
924.646	311.834	31.599	114.339
932.662	310.743	27.338	118.926
928.973	306.410	28.312	121.043
924.283	307.768	31.487	119.678
928.927	305.453	31.073	121.413
926.944	299.939	29.228	131.299
929.897	296.206	28.836	137.190
924.786	295.983	31.055	134.518
922.090	303.090	35.511	132.322
924.347	299.597	33.812	138.669
918.070	294.876	37.176	142.233
918.850	305.665	39.529	127.294
923.019	309.724	36.052	123.871
922.154	311.280	35.627	123.273
926.393	315.861	33.121	116.181
922.978	320.767	33.245	117.392
931.378	315.293	28.622	116.007
929.035	331.026	27.829	112.026
931.694	318.059	26.784	116.675
847.838	296.855	38.828	123.345
841.433	323.720	42.356	105.414
844.699	348.029	41.607	83.969
846.165	333.337	38.873	98.389
844.214	330.964	44.795	98.444
842.680	333.801	44.605	96.617
842.596	329.006	42.131	101.281
840.623	323.529	42.187	105.487
836.623	326.508	43.602	105.376
832.410	320.763	46.474	111.081
827.398	329.291	48.822	104.155
825.859	329.909	46.918	101.539
824.204	329.609	42.025	100.814
821.889	324.202	42.695	102.756
819.755	327.582	45.978	102.505
819.309	328.001	44.889	101.393
820.720	325.098	46.082	102.183
820.467	326.924	47.619	102.261
821.093	325.453	47.319	100.435
820.468	324.182	44.636	100.987
820.116	320.981	39.250	101.881
822.877	333.101	40.420	90.305
822.816	322.273	39.070	97.107
823.899	318.872	41.341	101.890
825.759	313.664	40.612	105.613
825.214	325.289	43.011	97.790
825.693	328.276	43.027	95.953
827.397	328.277	41.090	95.720
826.694	332.716	39.483	93.002
827.428	328.452	38.241	97.148
826.563	325.673	39.090	98.979
826.281	332.099	35.955	95.398
824.712	327.140	36.676	96.003
824.965	325.653	36.001	95.716
822.582	323.131	35.044	97.667
821.098	323.414	35.711	98.462
818.122	324.792	37.558	97.928
817.684	326.545	37.359	98.329
815.413	326.844	37.919	97.482
809.569	325.829	36.979	100.954
805.450	325.295	38.454	100.483
802.911	331.242	39.249	95.896
799.170	333.020	41.534	97.307
793.860	331.698	42.854	97.135
795.213	327.469	43.506	102.796
789.793	333.222	41.987	101.701
790.069	332.612	39.860	101.829
788.143	330.177	38.201	103.683
783.793	340.824	42.377	97.336
784.332	338.329	39.477	100.759
773.850	340.658	45.990	98.289
775.434	342.674	45.116	97.819
772.403	345.870	42.934	95.097
771.005	348.372	41.247	92.336
764.101	338.947	40.545	101.599
766.042	344.966	42.944	94.848
768.248	340.453	41.302	100.215
765.889	343.729	45.452	99.429
765.557	340.723	47.831	101.522
766.029	339.413	47.331	105.403
765.876	342.187	47.379	105.073
764.900	338.901	46.546	106.480
766.842	339.276	45.991	111.934
766.022	342.807	47.360	110.586
767.193	334.630	46.306	115.226
763.881	332.187	51.505	113.421
769.341	327.088	64.574	125.202
769.451	329.562	63.974	131.206
609.770	343.917	36.617	139.068
575.441	357.302	47.252	119.876
425.046	356.837	57.799	130.660
425.606	359.928	52.686	124.131
425.050	361.383	54.428	125.208
424.471	363.642	56.984	123.118
423.496	366.193	58.510	120.582
419.414	367.075	59.728	120.651
417.489	366.320	58.918	122.881
415.726	364.358	59.468	125.712
413.045	361.321	60.628	129.276
411.998	357.656	59.447	132.782
410.911	354.043	57.667	137.344
407.397	352.040	58.725	138.988
401.819	349.407	59.764	140.707
399.616	347.180	57.532	141.512
396.359	347.041	56.362	142.828
391.435	348.476	55.733	141.068
389.134	349.685	56.075	138.611
386.485	352.289	55.796	135.580
382.134	354.891	58.425	133.390
378.032	354.343	60.750	134.906
371.910	355.867	58.245	136.691
367.295	354.896	60.310	140.206
362.212	353.825	63.933	138.801
357.642	351.978	66.589	142.267
351.808	350.056	67.213	143.279
344.113	347.626	63.739	144.169
337.952	347.241	65.130	146.542
332.642	348.586	64.811	146.338
327.797	348.895	62.997	147.765
322.915	351.043	62.744	149.659
311.633	355.432	70.407	145.825
304.312	356.520	74.302	144.292
295.760	356.676	79.032	145.952
289.279	357.546	84.308	147.199
283.515	360.354	88.878	144.769
278.908	363.599	84.511	143.158
274.310	364.904	80.458	143.045
269.635	363.635	72.598	145.926
265.692	364.295	69.900	143.512
261.569	364.150	70.161	143.518
258.012	364.590	71.825	141.687
231.313	363.889	62.798	143.926
220.558	363.160	60.027	144.365
206.627	365.382	68.149	144.262
194.704	365.788	78.520	147.762
183.160	366.971	84.687	147.841
179.143	370.160	84.837	146.714
175.675	368.877	85.935	150.509
173.123	369.079	85.115	150.129
172.876	369.080	73.297	149.856
170.557	369.518	64.315	148.680
168.606	368.472	61.117	149.758
163.719	368.571	61.286	148.703
153.817	370.242	70.117	145.999
145.863	367.010	68.575	152.252
127.026	368.754	73.443	148.817
118.639	368.743	80.530	150.035
111.626	368.893	84.665	150.293
109.295	369.432	85.405	150.958
109.479	370.600	83.393	150.194
108.186	371.278	82.158	149.113
106.337	369.742	81.231	152.200
105.367	369.852	75.958	151.615
104.116	370.183	69.626	150.913
102.759	368.698	62.896	151.693
96.760	368.138	62.011	153.406
93.112	369.354	61.603	153.506
88.908	369.934	62.315	152.744
84.024	369.078	62.323	153.885
77.376	370.155	61.005	153.354
69.639	371.811	64.767	151.515
64.110	372.662	68.087	150.951
60.600	372.637	70.091	152.179
58.585	373.647	71.163	151.766
58.212	374.634	69.227	151.130
57.304	374.318	67.241	151.109
56.265	373.732	65.837	151.849
55.383	372.746	62.697	152.097
54.153	372.585	60.749	151.830
52.348	373.989	57.013	149.539
49.348	374.338	56.118	149.445
44.520	374.082	60.934	151.287
39.045	374.281	64.528	150.087
31.434	374.283	70.551	151.589
26.069	373.510	73.924	151.559
20.876	372.385	80.272	153.160
18.070	371.567	81.590	153.827
15.840	372.134	82.898	153.187
13.585	371.245	81.616	154.438
11.487	371.298	80.442	154.241
10.243	372.041	78.992	153.144
10.099	372.860	76.662	152.818
9.048	373.573	77.171	152.061
9.203	373.734	79.853	152.150
10.475	373.734	80.137	152.588
10.135	377.459	87.128	150.066
11.216	378.178	91.519	150.475
13.388	379.608	93.014	148.484
10.997	382.688	91.840	145.249
12.761	385.862	78.289	143.624
8.161	393.381	74.914	136.628
8.500	398.765	73.845	132.079
8.129	403.482	71.658	127.685
8.246	405.489	68.585	126.294
9.955	408.115	66.405	123.693
16.273	412.046	61.149	118.273
18.884	414.293	61.623	114.755
21.001	415.439	63.397	111.938
25.851	415.821	62.458	110.411
29.377	415.465	62.529	110.835
36.766	415.298	58.295	108.991
41.828	414.641	54.991	110.044
44.310	415.181	56.773	109.850
48.277	415.040	57.734	110.226
53.604	414.505	56.894	110.825
61.512	414.455	54.877	111.064
67.734	413.330	54.800	111.216
72.966	411.284	54.172	112.389
79.159	408.262	51.748	112.961
82.120	404.894	50.104	112.223
83.035	401.353	49.563	113.039
82.729	398.598	49.745	113.234
82.230	395.232	50.429	114.444
80.774	393.383	54.153	116.029
82.540	391.039	54.106	118.430
83.217	388.686	54.947	120.749
83.228	386.809	54.849	124.593
79.999	385.060	55.475	127.527
76.330	383.968	55.565	128.723
71.348	381.919	57.007	131.017
59.387	377.906	59.249	133.350
52.438	376.554	58.327	133.852
50.584	375.297	54.336	135.276
50.896	374.338	53.903	137.152
52.634	376.386	52.872	135.182
53.804	378.961	53.573	134.684
50.277	375.603	56.859	140.304
42.898	374.329	57.896	139.887
39.661	372.558	57.663	139.019
39.395	373.658	56.117	139.001
40.950	375.127	54.621	141.914
40.771	378.016	54.900	141.931
38.428	377.259	57.269	141.877
38.444	376.297	56.156	143.669
39.728	374.450	56.979	144.175
40.474	374.388	56.146	145.220
35.673	376.466	60.565	145.545
30.832	377.904	61.001	143.366
28.239	375.450	60.739	146.209
28.325	374.589	59.273	147.414
31.364	375.089	56.232	148.062
32.138	376.187	55.522	146.278
32.543	376.807	56.865	145.255
34.702	377.886	56.733	144.837
36.818	380.215	59.626	141.291
43.470	380.908	60.282	143.531
54.196	379.280	55.219	142.367
59.027	377.260	59.650	142.223
65.975	375.300	56.058	143.666
73.233	373.583	56.629	143.193
80.483	370.659	55.130	146.823
86.858	370.467	55.613	147.012
90.463	369.265	59.883	150.466
96.006	369.243	59.883	148.477
97.284	369.590	62.783	144.535
106.329	371.227	59.502	145.549
110.237	370.372	60.470	145.156
115.363	369.450	61.689	143.497
118.145	369.878	59.963	143.452
120.214	370.645	60.394	143.022
122.107	371.286	58.720	138.724
119.478	373.865	56.155	138.422
126.026	370.763	63.022	139.405
150.289	363.951	67.467	147.966
163.371	358.746	59.003	147.681
172.119	360.643	58.361	149.782
172.460	362.523	62.907	146.749
172.541	361.828	67.650	146.860
171.196	361.506	72.701	151.508
179.199	360.393	66.707	151.710
189.633	359.173	61.164	154.366
195.143	352.460	63.610	160.105
196.939	353.812	64.968	161.885
199.182	349.419	65.379	163.149
205.748	344.441	61.611	171.543
211.374	342.598	62.131	173.078
216.453	341.701	63.490	170.959
219.554	341.755	68.134	172.158
219.893	343.010	73.181	169.563
222.730	344.053	73.747	170.388
224.634	345.562	74.824	165.885
232.981	347.708	75.167	166.736
244.476	349.822	70.159	163.273
240.274	348.602	78.897	166.829
243.276	347.073	75.871	167.266
247.816	343.028	74.313	172.838
264.508	335.163	64.838	167.655
271.001	329.706	62.885	178.673
276.818	327.675	61.887	180.225
282.264	325.831	64.087	178.655
288.857	326.039	60.952	179.822
295.210	325.449	61.723	180.109
301.896	327.796	64.665	182.041
307.685	330.340	65.882	178.610
312.694	332.037	68.368	177.220
326.454	338.908	65.863	165.479
359.440	342.297	64.865	157.466
366.484	342.678	67.817	159.227
377.060	342.728	67.099	163.593
376.894	344.047	81.533	160.191
390.451	342.155	78.650	156.002
406.806	331.480	72.928	165.664
415.219	327.779	77.799	172.267
429.851	325.486	74.693	166.777
447.805	321.608	76.313	176.277
462.114	319.683	77.320	180.756
493.754	331.360	80.029	157.133
512.333	334.826	88.030	154.212
492.846	332.115	95.235	157.336
603.827	341.649	71.464	143.493
603.728	344.850	65.719	138.815
622.644	350.443	62.070	125.516
618.832	351.360	60.251	126.761
621.184	350.447	58.533	127.423
624.338	352.825	58.793	124.722
621.844	349.335	64.236	123.651
626.978	345.210	59.251	124.550
620.151	338.286	72.776	127.808
683.900	347.393	64.605	121.991
689.728	348.415	59.250	117.317
688.507	348.396	58.352	114.471
690.235	348.962	58.891	112.402
685.187	345.424	59.808	118.828
625.887	340.728	62.395	131.843
611.778	342.113	62.006	135.671
610.239	342.221	62.503	136.893
607.044	343.815	62.664	131.308
607.286	340.839	60.409	133.786
603.723	341.129	60.111	136.263
601.009	340.423	62.201	130.200
597.471	335.340	63.641	135.762
592.516	325.084	66.732	144.335
588.145	330.032	71.530	144.326
584.699	328.205	71.638	141.251
616.551	329.488	60.862	143.446
620.597	334.574	56.804	138.512
623.080	324.704	66.029	151.508
624.409	320.491	66.056	157.949
626.305	318.354	67.909	155.821
634.253	318.725	73.456	154.137
627.191	322.750	72.682	148.327
547.992	348.160	78.935	131.334
554.709	351.933	75.423	125.869
546.758	351.280	72.814	125.481
539.985	350.402	72.297	124.104
538.342	347.934	71.607	127.462
527.144	350.162	65.049	125.255
525.076	353.791	60.750	121.606
512.977	352.514	59.513	125.882
505.378	352.070	61.967	126.522
497.086	353.541	60.940	127.397
483.694	357.569	68.035	126.222
478.889	357.637	81.802	124.989
472.580	358.366	72.652	126.895
465.069	361.055	62.546	123.025
460.654	361.844	72.683	119.915
458.214	364.130	68.159	122.354
465.360	361.676	66.721	120.353
473.612	363.220	53.672	117.943
453.504	360.647	59.657	122.610
443.863	361.622	59.978	122.507
436.566	358.190	58.332	128.381
418.840	357.332	57.211	128.258
411.744	357.212	52.407	132.529
406.070	360.772	56.778	129.558
397.755	364.119	65.219	128.908
422.342	369.961	67.855	118.479
400.786	368.280	66.212	118.937
394.167	364.359	72.224	123.211
413.378	363.965	79.466	124.245
377.134	351.993	92.378	137.595
372.512	350.478	88.221	142.626
372.253	351.601	81.436	140.904
372.102	352.278	65.419	138.137
367.084	354.812	63.272	133.585
364.256	355.391	55.871	132.217
356.089	358.378	55.648	131.330
346.832	366.342	54.451	125.554
334.337	370.648	60.275	122.455
341.288	370.540	57.038	123.170
331.638	370.532	52.330	126.872
311.638	376.533	57.164	122.038
247.244	372.366	51.523	128.411
238.709	370.694	56.998	129.840
223.427	370.934	73.485	128.215
222.185	369.771	74.760	129.301
232.308	370.281	65.096	133.252
243.130	374.196	63.218	128.469
256.886	371.159	60.249	131.389
259.994	370.640	73.976	132.496
267.503	369.443	58.072	135.583
277.884	369.537	56.425	130.402
286.244	374.085	62.048	127.520
295.199	373.714	63.472	125.753
299.596	376.303	68.466	124.162
287.090	372.417	63.374	128.024
284.610	377.523	59.787	123.217
300.292	371.422	57.746	129.155
287.491	371.080	67.000	132.540
284.867	377.686	66.456	121.489
286.936	373.293	58.598	125.147
279.509	370.716	53.563	128.587
263.765	371.722	52.610	132.092
275.392	370.922	48.018	134.882
280.937	372.847	50.647	130.142
279.226	369.229	50.523	134.534
267.816	369.922	49.583	137.563
270.552	368.524	52.588	133.959
320.485	374.092	48.719	125.410
324.081	375.412	50.209	123.146
328.026	372.700	50.264	125.891
320.208	373.378	58.358	124.357
318.165	373.346	55.981	126.542
331.877	373.087	53.461	126.643
334.570	375.337	54.570	121.805
331.386	375.219	55.688	124.924
325.717	374.556	61.354	130.657
340.396	372.488	58.085	128.364
347.372	374.795	63.330	123.658
349.410	376.267	58.862	122.691
353.031	370.481	54.746	123.702
350.115	377.889	54.399	116.216
364.912	375.707	54.627	115.513
365.325	382.700	61.421	111.864
373.705	388.809	54.399	101.005
375.743	383.300	52.324	108.910
381.414	384.893	61.243	105.595
386.158	381.573	56.222	108.693
384.680	378.131	56.489	110.778
385.214	377.799	53.610	111.542
388.964	378.374	54.490	112.934
389.061	374.109	58.309	116.178
384.276	371.812	61.538	119.260
384.462	370.911	63.049	119.469
402.877	369.918	57.117	118.617
518.451	345.292	56.606	129.597
526.798	350.445	53.813	122.555
542.939	356.199	49.545	119.700
529.436	348.821	52.598	125.459
542.571	363.062	49.208	114.311
536.862	351.172	47.250	123.578
537.534	356.597	49.585	120.553
533.374	358.155	49.866	117.617
535.563	357.565	51.971	118.126
533.790	357.727	54.683	116.906
536.571	358.630	52.912	115.876
533.960	358.152	52.678	117.456
534.791	357.083	53.267	114.840
533.256	358.725	54.163	116.421
531.064	357.968	54.284	114.037
530.072	357.170	49.972	113.200
526.327	357.887	43.869	114.061
522.752	359.173	43.661	112.852
521.054	363.159	43.617	108.648
522.631	361.081	55.646	110.517
522.557	363.936	42.943	110.116
513.763	364.167	49.080	111.381
510.168	359.891	54.222	113.516
523.414	357.809	56.553	115.524
525.727	357.233	53.799	116.145
532.060	359.415	51.704	113.295
520.103	360.557	62.670	112.006
525.495	357.378	51.821	115.748
514.733	355.679	61.054	118.772
527.767	353.196	51.576	121.471
510.911	351.596	59.932	125.038
517.655	347.716	51.656	125.348
512.872	349.269	57.522	127.923
513.463	346.116	59.212	126.079
451.436	341.722	55.379	141.350
455.428	344.837	51.302	136.073
454.320	352.471	51.481	128.734
453.770	354.038	56.848	127.301
450.382	357.818	51.477	122.825
455.910	359.302	51.232	121.782
453.636	358.087	54.886	124.373
456.298	360.058	52.926	122.026
453.865	362.011	51.718	117.965
454.205	359.964	51.569	120.107
506.581	354.349	52.876	120.787
510.938	352.497	52.549	120.498
500.215	357.113	57.475	116.865
508.634	354.901	53.092	117.640
507.560	353.966	53.776	119.944
505.766	356.699	56.895	119.676
503.872	354.694	59.138	120.558
518.357	353.309	48.738	119.684
518.640	349.532	50.706	120.701
517.622	349.458	54.471	120.934
520.444	347.682	53.142	122.971
525.662	348.023	49.377	120.590
526.776	351.127	49.185	114.917
535.014	355.560	47.731	115.652
543.962	365.075	47.165	104.302
545.588	363.730	50.686	105.118
543.238	367.919	55.516	99.835
551.129	368.183	52.446	99.290
563.942	368.181	47.114	97.751
569.362	368.819	46.302	97.371
573.665	369.391	44.487	98.381
575.832	369.396	43.661	97.670
580.757	368.842	42.129	98.780
586.986	368.221	43.367	99.052
596.592	368.752	43.634	100.909
602.628	365.280	43.452	101.627
606.362	365.029	42.546	102.467
606.419	364.612	46.028	102.696
604.906	364.277	54.770	102.506
605.896	362.119	61.826	104.932
607.606	362.698	63.555	102.441
614.378	366.891	62.239	100.218
621.463	366.524	58.847	99.139
636.643	364.674	49.263	99.930
647.461	364.669	41.874	96.601
652.901	365.869	43.659	95.830
655.710	364.002	47.483	97.010
656.327	361.878	46.995	98.934
661.528	359.243	55.736	98.412
662.575	356.281	62.596	102.753
661.338	352.694	66.679	108.384
663.557	350.310	68.395	109.313
665.056	351.418	68.072	106.718
681.045	351.925	57.578	105.513
684.495	349.242	37.458	108.023
701.966	348.066	44.487	108.932
709.825	344.506	41.976	111.720
715.885	343.727	45.498	111.855
722.424	344.393	43.565	107.938
725.495	346.830	44.801	102.781
727.693	348.435	44.977	102.926
731.472	351.459	49.790	97.918
733.356	351.824	45.792	95.543
738.739	355.142	49.062	92.761
742.151	355.294	51.659	93.030
748.064	355.490	61.710	92.153
751.239	354.381	55.200	94.312
755.748	354.215	55.017	94.429
760.382	351.517	55.390	97.172
762.807	350.459	58.136	97.308
769.663	349.619	53.824	98.418
774.166	344.226	57.224	105.247
776.415	341.780	65.638	108.383
884.163	310.240	58.731	134.366
892.294	309.599	55.414	137.390
890.089	311.295	62.085	137.956
891.065	311.538	66.099	138.111
891.606	314.368	67.036	133.088
894.457	317.795	65.543	130.310
895.670	315.726	63.920	132.643
896.659	314.748	63.341	133.794
898.398	313.643	61.421	132.985
899.381	313.209	59.628	132.684
901.376	312.657	56.896	130.083
902.095	309.872	55.527	134.094
902.182	310.288	54.758	134.508
903.469	308.838	53.390	137.949
903.221	305.478	53.517	140.790
901.629	308.684	55.420	138.190
896.903	308.330	61.133	142.138
893.227	310.856	64.989	136.696
889.834	307.547	68.550	142.072
887.281	309.103	69.542	136.558
890.304	307.453	65.817	140.451
891.127	306.706	64.684	139.150
891.614	307.309	63.849	141.326
893.265	305.688	62.934	144.609
894.374	304.305	62.048	147.440
895.114	303.928	61.065	144.288
892.561	302.155	62.850	143.773
892.117	301.531	63.436	145.144
892.068	302.134	65.134	146.588
891.607	303.382	68.262	143.730
888.919	304.209	68.887	142.040
886.676	303.702	70.574	142.438
883.516	303.950	72.325	140.086
883.320	303.615	68.973	135.806
883.637	300.692	64.615	137.149
886.356	297.540	60.081	143.262
888.324	298.663	60.297	142.170
885.944	297.564	60.263	145.421
886.470	295.981	59.800	144.921
882.605	296.466	59.882	147.737
882.553	294.529	64.575	146.589
881.327	293.871	67.751	150.291
879.329	293.814	68.732	150.266
881.226	292.324	66.253	150.959
875.987	291.412	72.074	148.540
876.800	290.198	71.563	150.459
876.990	290.302	71.286	153.164
874.871	289.632	69.261	149.828
871.344	289.442	73.751	150.055
867.255	288.626	76.251	154.856
865.025	288.813	76.888	153.563
865.773	289.435	74.633	154.096
867.244	296.043	74.658	148.318
866.079	297.874	74.419	145.234
866.414	295.995	75.289	153.175
864.327	299.112	78.190	147.828
864.120	298.947	77.421	148.053
865.701	299.035	75.062	148.395
865.788	299.023	69.933	147.969
866.968	299.192	63.503	149.221
870.443	293.902	59.874	156.067
868.113	291.746	63.447	159.611
863.839	287.615	67.214	163.369
862.974	287.397	66.472	167.442
861.606	289.193	67.907	165.998
856.894	289.402	69.738	163.549
858.114	295.040	70.041	159.506
857.256	295.325	70.906	159.248
854.060	293.703	71.610	159.615
853.506	302.473	75.545	155.958
847.221	294.995	76.285	160.835
849.344	297.326	74.039	159.925
844.383	300.844	78.199	157.263
841.730	292.837	72.874	162.661
838.293	290.294	72.837	165.905
834.555	290.858	75.362	169.429
832.446	289.880	70.237	167.904
832.135	292.671	70.096	174.618
831.248	292.362	71.822	173.555
828.407	293.948	72.795	175.159
823.384	296.347	76.475	175.440
820.423	294.510	79.906	179.865
822.619	295.018	78.971	176.399
824.989	295.880	75.797	174.643
827.175	295.299	74.331	174.191
824.681	297.035	75.274	177.166
820.541	296.530	73.996	172.890
815.886	294.505	73.554	178.772
813.022	294.844	73.215	176.896
812.107	293.369	74.893	181.654
810.818	291.808	75.172	182.080
807.491	292.047	70.473	177.587
805.952	292.183	73.894	180.393
801.783	293.188	73.893	177.726
794.615	294.829	80.966	177.489
794.683	295.586	76.611	178.134
788.497	296.251	76.314	175.886
786.382	304.383	72.910	163.039
787.666	305.620	69.947	152.827
760.994	324.267	80.552	139.657
737.058	345.975	50.464	113.868
746.269	347.313	50.417	108.925
753.685	344.759	46.916	110.767
752.966	344.818	50.739	110.592
751.363	345.230	47.556	110.861
751.628	346.653	53.864	109.204
750.207	342.266	56.736	114.136
751.354	337.726	61.344	120.366
752.984	319.023	66.888	143.925
687.920	351.819	59.532	121.054
690.601	348.270	56.519	118.149
693.325	347.543	53.007	118.747
694.068	348.379	51.533	116.619
694.515	349.268	51.336	119.037
692.671	345.263	51.431	120.088
693.100	350.282	50.329	120.078
692.223	348.156	50.525	118.266
691.189	346.399	49.517	120.210
690.939	345.479	49.664	121.304
691.403	348.807	48.757	117.239
691.560	352.053	48.299	118.426
690.187	356.182	47.682	113.362
688.920	353.821	47.047	115.273
685.504	354.062	47.429	114.067
819.596	343.129	50.316	114.332
828.765	342.754	55.165	114.902
834.991	340.118	52.096	115.863
838.869	338.578	51.417	118.708
840.863	338.662	53.210	115.787
849.464	336.440	51.107	116.823
850.479	333.597	54.893	117.290
852.649	331.689	59.973	116.724
854.913	329.715	64.648	121.391
857.358	330.732	59.555	118.786
860.671	329.955	60.338	120.207
864.619	332.363	56.348	114.615
873.030	331.519	54.209	110.733
879.468	332.003	50.001	107.615
884.714	330.625	49.711	107.317
886.149	330.159	55.066	117.303
888.811	328.538	59.205	120.883
891.323	328.113	59.136	122.063
893.514	327.937	61.180	121.000
897.801	328.402	57.701	117.820
902.878	331.381	55.266	120.739
903.099	333.003	55.667	116.812
906.794	334.110	53.206	119.889
909.241	332.056	50.759	118.220
909.216	330.399	50.784	120.577
913.368	328.038	46.632	124.451
917.589	326.419	42.411	119.810
918.657	326.071	41.343	116.463
917.886	325.464	41.546	114.143
923.245	325.193	36.755	107.099
924.838	325.283	35.025	105.963
926.843	323.149	33.119	112.932
924.901	323.739	33.576	113.200
925.242	321.808	34.371	111.277
928.166	320.534	31.576	115.779
930.121	322.116	28.752	120.907
929.280	324.172	28.258	117.354
930.583	317.119	26.458	121.593
932.120	319.048	25.310	117.860
931.466	317.936	24.089	126.657
928.638	318.082	26.587	128.932
930.089	316.631	26.339	129.137
928.505	316.301	26.787	125.399
929.756	312.598	28.000	123.103
926.672	328.909	28.553	123.223
933.524	327.487	25.824	117.503
930.359	326.495	26.806	123.494
930.131	329.731	27.593	116.728
932.044	335.724	26.230	108.612
722.877	312.492	81.842	164.505
731.320	315.774	73.000	157.814
738.008	316.607	69.051	154.558
755.776	324.453	67.892	137.235
777.615	332.565	52.163	116.969
781.971	335.866	57.463	110.638
793.829	334.323	53.497	114.449
803.383	333.821	50.221	118.035
811.397	332.048	52.442	114.687
814.631	331.452	51.644	111.132
818.800	331.140	53.900	116.562
736.240	320.104	60.190	136.107
724.492	325.022	70.057	134.080
716.100	320.075	71.932	138.802
709.336	321.944	70.376	139.133
705.717	320.249	73.527	141.183
702.354	318.293	70.169	145.521
699.749	318.737	71.648	146.780
696.949	325.069	70.471	147.101
696.350	329.926	67.510	144.955
692.057	328.594	62.893	146.557
691.057	321.692	65.558	149.792
697.369	319.766	63.546	153.915
673.096	329.036	51.669	151.923
642.559	337.440	71.501	143.310
657.198	334.904	59.608	145.875
628.341	335.198	67.541	146.699
622.528	336.978	57.412	137.359
622.237	337.337	53.114	136.968
623.950	337.041	49.617	137.953
622.460	337.128	48.607	138.363
623.920	337.331	50.661	136.956
635.700	338.558	68.058	138.001
637.838	342.077	67.393	130.871
630.205	340.181	68.240	128.396
625.185	334.766	70.903	135.328
617.652	333.239	73.895	135.252
609.652	326.230	66.300	142.662
598.007	332.737	59.887	137.237
595.223	343.215	65.917	124.831
589.069	341.531	62.589	130.216
582.699	344.665	65.573	128.925
581.184	344.129	61.887	132.532
586.801	343.688	60.129	132.896
583.509	346.759	60.436	131.570
592.475	348.853	59.210	129.944
593.517	345.929	57.851	127.603
588.777	342.418	60.018	130.337
595.025	342.077	54.555	131.676
593.442	342.366	55.420	129.498
596.976	342.381	51.884	127.237
594.289	342.224	54.861	127.226
591.406	343.038	60.338	124.526
604.324	345.849	53.998	123.417
603.672	348.515	56.822	122.716
606.434	351.458	55.487	120.387
602.480	346.765	59.026	125.783
597.163	347.584	62.475	125.515
601.833	345.624	57.100	126.143
603.532	346.015	50.793	124.324
611.027	348.387	49.845	121.052
607.965	346.975	54.418	120.539
615.897	349.264	52.997	117.258
613.740	346.398	55.252	119.700
615.987	345.580	55.852	121.566
607.456	344.443	58.061	123.780
600.470	343.735	59.636	121.085
600.675	343.399	49.874	123.423
607.131	345.326	52.033	120.863
609.661	345.413	51.104	120.495
611.126	340.845	52.391	124.721
613.108	341.558	52.606	125.438
616.804	341.453	51.790	125.622
620.783	341.502	55.224	124.709
629.710	342.744	64.361	121.155
633.787	345.441	66.896	115.435
634.377	345.051	60.240	117.903
635.108	342.212	74.408	119.465
638.256	343.278	72.861	122.875
640.079	346.294	59.755	118.767
649.505	348.898	60.330	115.659
646.898	348.320	51.631	120.869
649.772	345.505	57.426	122.766
659.114	349.669	60.830	116.121
658.136	359.410	49.420	107.384
675.348	349.593	51.933	114.443
667.704	353.402	47.080	114.532
668.236	350.179	51.545	115.025
686.645	350.964	50.522	112.586
704.123	351.755	40.901	111.413
712.277	352.080	38.985	110.853
718.087	351.750	38.993	109.572
721.006	352.187	42.051	110.043
720.235	351.965	45.682	111.919
723.031	350.607	46.643	113.557
726.480	348.387	45.662	116.275
728.959	346.687	44.642	116.857
730.414	344.920	44.691	118.304
732.426	344.316	45.992	116.852
734.722	342.851	47.444	115.440
734.642	340.810	49.543	116.878
735.883	340.164	50.326	116.355
742.818	339.368	46.752	113.890
750.100	339.379	45.519	113.092
752.691	339.108	46.719	108.534
740.306	333.508	60.193	114.941
729.715	327.599	54.049	124.454
728.156	329.503	47.691	120.131
731.200	330.782	45.197	120.282
732.707	327.318	45.882	120.931
734.604	327.733	45.098	119.329
738.023	328.018	46.500	115.462
737.888	326.142	48.160	115.895
739.566	327.215	49.847	115.029
741.658	326.714	50.778	114.681
742.563	326.908	52.857	115.266
744.199	327.373	53.331	115.647
746.449	326.924	52.578	115.249
749.048	326.104	51.897	114.435
751.266	326.190	56.577	112.347
751.622	323.578	57.856	115.802
754.410	323.130	57.074	115.863
752.477	322.798	60.955	116.481
755.520	324.386	59.754	114.626
763.369	323.636	54.022	114.419
770.453	323.268	48.809	113.107
777.008	322.062	44.931	114.430
782.478	320.355	44.078	116.823
788.508	320.469	44.060	116.757
795.461	321.070	43.767	115.583
795.678	319.951	49.753	117.331
796.726	321.869	51.196	114.800
799.145	321.521	52.978	113.617
800.259	317.797	48.038	115.050
816.223	320.683	63.131	113.001
805.974	325.041	65.310	113.336
808.365	322.351	67.593	114.853
809.425	323.717	60.282	117.695
813.919	324.681	59.691	121.259
814.639	322.554	61.482	127.317
821.292	324.020	52.334	128.560
826.349	324.701	46.051	118.848
823.309	325.105	47.305	118.243
817.744	325.035	52.645	119.067
822.688	326.409	53.020	115.255
827.679	325.389	56.357	118.276
830.790	325.412	56.013	114.017
835.842	326.217	53.697	113.360
841.372	324.578	51.982	113.006
850.007	321.751	47.601	113.534
855.195	319.868	46.608	113.585
858.167	317.427	46.573	115.308
859.106	315.974	45.308	115.640
859.918	315.429	44.962	117.539
859.090	314.576	46.898	116.125
861.549	315.339	53.896	118.508
861.362	314.731	54.301	118.288
862.387	315.136	53.402	118.681
861.115	315.484	53.989	119.647
858.478	316.489	54.144	119.738
858.811	318.492	51.512	119.626
858.603	320.230	48.750	120.712
858.246	321.918	46.107	121.643
858.893	323.851	44.921	120.419
861.779	324.791	43.304	118.987
865.679	322.880	44.427	120.820
869.568	319.313	43.308	124.756
871.620	318.994	45.472	122.654
872.553	317.770	46.366	121.448
871.578	314.562	46.299	124.294
872.362	313.674	45.031	122.189
871.997	310.916	45.527	125.674
870.874	308.848	48.011	128.672
867.568	309.294	52.503	130.155
862.077	308.736	55.294	131.439
858.850	310.498	58.685	130.417
860.316	311.913	62.190	129.805
886.201	310.350	60.852	130.404
894.345	308.044	54.446	126.778
901.520	309.471	50.173	132.121
905.740	308.911	49.840	130.874
907.672	309.783	51.170	127.058
912.404	309.234	46.977	130.327
916.907	309.890	42.274	126.952
920.115	310.794	39.885	123.642
924.443	312.769	35.557	119.671
924.270	312.298	35.730	119.308
928.649	313.857	31.351	118.051
928.489	315.528	30.830	117.970
924.500	314.777	32.976	119.602
931.856	316.337	28.144	122.423
931.730	314.948	26.479	121.221
933.466	318.493	24.887	120.244
931.838	313.484	28.162	126.283
925.981	314.025	32.361	126.980
924.180	317.576	34.137	129.150
923.921	323.868	35.118	129.065
926.398	329.065	32.737	127.940
928.920	336.532	29.183	124.278
929.529	346.332	27.682	117.581
936.548	346.053	22.906	113.551
937.098	342.083	21.888	112.517
934.405	332.667	24.398	119.419
928.272	321.747	30.333	130.163
924.394	317.978	34.417	127.986
924.923	313.431	34.315	127.903
925.071	311.633	34.082	129.160
926.225	310.943	33.270	127.746
928.601	310.834	30.607	129.569
929.375	313.654	29.535	124.702
929.020	314.473	29.794	122.945
924.608	312.758	34.479	127.316
917.304	310.933	40.945	127.785
913.627	314.464	45.471	125.819
914.892	310.972	43.558	125.661
915.246	302.950	44.673	134.557
918.696	299.937	40.595	135.115
919.670	297.423	38.854	134.270
916.793	298.574	41.632	132.751
913.085	301.889	46.137	131.063
911.762	307.138	48.107	130.235
908.316	312.541	51.173	127.206
908.639	316.732	50.289	129.305
907.242	318.422	49.401	127.369
907.589	319.276	47.977	128.637
907.281	320.277	45.639	128.352
907.908	321.336	45.780	125.738
909.889	321.207	47.496	124.663
909.010	318.080	48.784	128.964
905.648	321.587	50.654	124.124
904.500	323.754	50.951	123.976
902.977	325.985	49.912	123.077
903.774	327.029	49.732	126.696
906.745	329.354	48.979	123.477
903.817	330.247	52.400	125.225
903.149	333.210	52.580	122.708
904.096	331.839	50.958	125.482
903.451	330.129	51.580	125.576
903.203	328.341	51.413	125.262
901.758	327.102	52.282	124.659
903.745	326.252	50.404	123.014
904.955	326.852	48.818	121.038
902.156	324.896	51.677	122.093
900.619	326.835	52.043	119.440
901.716	326.914	49.659	119.997
900.688	324.795	50.933	121.736
903.717	325.649	49.733	119.458
901.710	323.946	50.585	120.854
894.242	325.759	52.060	118.971
888.111	327.310	53.714	118.468
882.927	328.647	53.459	120.547
881.237	329.206	54.212	122.890
875.269	331.408	58.956	120.361
870.836	333.667	58.088	118.726
868.175	333.903	57.201	118.149
867.893	333.723	57.154	117.988
867.965	332.140	57.680	117.553
873.056	330.028	54.953	118.723
875.396	329.384	52.882	119.301
883.089	328.746	46.205	118.013
884.903	326.109	44.485	121.754
877.658	324.456	52.231	123.940
871.496	325.608	57.084	121.647
870.943	322.754	57.400	122.197
855.480	326.688	67.982	117.819
844.501	324.927	61.857	119.931
843.531	326.235	67.332	117.082
838.773	327.095	68.403	116.921
834.846	327.336	66.755	115.019
833.683	326.897	65.327	114.963
832.286	329.778	70.653	114.106
832.560	330.683	80.187	111.607
837.271	331.107	71.669	113.996
843.571	332.260	64.831	113.508
837.376	331.729	70.992	112.977
832.424	333.233	74.079	110.775
823.497	332.791	82.409	110.102
823.675	334.368	81.402	109.749
821.928	333.670	86.174	111.949
824.365	334.686	85.497	111.328
824.087	337.378	87.915	109.312
824.731	339.401	86.862	108.406
830.307	338.381	75.715	112.470
835.668	339.028	67.092	111.916
831.757	339.534	64.915	113.045
831.672	339.585	69.329	111.698
838.613	339.826	63.839	109.952
840.900	340.973	56.558	110.633
847.068	337.818	49.004	113.536
840.145	343.663	57.836	108.339
844.499	349.720	53.855	106.913
847.272	351.868	50.548	104.946
849.827	353.674	43.282	103.871
841.598	354.390	47.496	103.613
828.163	352.481	58.061	104.508
830.374	355.235	54.697	101.094
824.511	351.985	56.154	103.162
818.326	350.392	60.419	104.656
822.628	347.834	57.960	105.439
827.347	346.023	58.549	107.219
814.390	344.545	69.401	109.505
813.720	345.070	71.166	107.372
812.666	345.593	69.014	107.216
804.278	345.403	72.792	106.592
805.397	347.754	66.055	105.282
800.060	351.559	70.219	102.103
797.592	352.182	69.559	101.801
795.582	353.516	68.369	100.098
794.361	354.493	70.652	99.561
794.280	353.985	71.784	100.441
792.196	353.839	71.510	102.015
792.921	352.488	70.408	102.663
790.732	352.889	72.234	103.687
791.879	352.713	69.080	104.143
792.017	354.083	64.251	102.681
791.680	353.277	55.194	101.082
790.045	354.740	55.042	100.007
794.393	352.462	64.869	102.538
841.441	359.118	70.520	85.907
797.375	352.241	53.864	99.976
792.963	355.303	59.703	96.792
786.585	359.678	60.258	92.660
789.993	359.646	52.769	90.983
783.311	357.890	51.272	94.081
775.082	355.459	52.085	95.887
771.166	353.789	46.828	98.542
765.678	352.527	47.328	97.641
743.170	351.308	46.381	99.383
733.681	347.039	50.772	103.858
721.827	344.749	64.326	109.757
719.361	345.974	58.624	111.469
701.010	353.025	59.589	105.903
705.775	349.164	66.741	107.128
696.535	348.261	70.144	110.313
690.311	349.147	77.181	108.792
675.342	352.070	74.260	103.336
653.318	356.940	77.236	101.946
582.053	360.234	70.362	107.320
576.894	361.040	67.990	108.088
573.833	358.570	63.749	110.454
573.469	356.278	60.083	114.149
573.232	353.898	58.099	118.099
583.734	354.543	63.790	118.052
580.585	352.448	86.500	119.334
583.346	353.627	65.029	120.509
586.109	352.591	79.207	113.749
634.375	346.207	66.652	115.436
581.141	354.349	62.775	116.810
586.396	351.622	59.173	119.919
632.804	348.761	63.998	116.593
586.615	350.515	63.862	120.801
590.635	351.061	66.785	124.835
590.540	347.651	68.576	126.210
590.095	350.157	62.639	125.349
589.053	347.869	66.126	125.561
596.705	350.787	81.642	121.063
589.758	350.230	56.915	125.783
592.891	351.507	55.082	123.991
588.011	352.011	56.719	121.335
587.273	350.829	62.940	123.612
587.860	350.430	58.710	127.152
586.130	348.805	55.401	127.570
584.194	350.182	60.152	127.310
588.893	350.387	58.774	127.182
587.348	349.732	53.823	126.425
587.572	351.390	52.801	123.323
583.472	352.282	52.595	123.647
579.185	359.138	55.952	116.251
582.356	360.068	52.561	115.055
580.042	355.228	54.486	120.650
574.326	351.030	55.049	125.140
573.618	349.114	56.328	125.500
577.801	349.069	52.516	125.049
585.365	348.621	48.359	125.019
585.272	348.749	46.226	123.216
587.273	348.385	48.315	120.940
588.030	344.803	49.462	124.107
585.125	343.579	52.834	124.368
587.909	345.979	49.873	122.071
591.930	343.944	49.104	122.639
580.366	349.337	57.264	118.513
579.881	345.087	56.053	122.870
577.745	346.183	62.101	122.195
578.136	347.682	57.811	121.366
579.271	345.842	51.654	123.843
575.984	347.113	46.153	121.635
570.020	354.232	48.687	112.060
578.128	351.788	55.946	114.940
578.067	353.675	52.665	115.014
560.767	345.905	51.088	122.141
557.718	345.805	61.060	123.358
558.912	347.844	60.536	121.889
559.389	348.976	60.678	121.921
623.676	353.612	61.525	118.768
639.417	354.558	53.114	113.391
649.552	351.030	49.004	117.132
651.467	349.595	53.678	120.488
648.868	347.002	59.398	121.734
659.507	349.078	77.055	115.102
670.921	350.945	79.268	113.416
701.752	352.217	69.011	112.249
704.892	351.384	67.517	115.688
708.422	350.118	66.100	115.052
703.549	351.278	61.587	116.537
688.082	355.154	62.891	114.373
689.657	352.989	53.019	115.250
686.500	354.445	48.109	116.997
690.610	355.565	61.542	116.334
716.037	354.135	52.621	114.353
711.564	352.363	56.306	114.194
717.354	354.948	53.825	112.981
709.993	357.211	55.908	112.029
710.558	361.735	51.741	109.414
725.358	359.067	47.766	111.437
721.047	357.759	48.714	111.432
719.476	355.975	47.014	110.451
716.908	351.887	48.914	113.863
718.889	356.998	50.338	106.121
715.606	354.244	60.552	111.123
716.433	349.205	68.033	117.558
716.243	345.962	68.944	123.697
716.858	345.764	69.515	125.025
716.522	343.810	73.074	127.762
718.407	344.149	72.608	127.453
719.755	344.607	71.086	126.975
722.359	343.885	67.756	126.705
724.583	342.403	65.892	128.248
726.599	340.684	62.889	129.942
728.519	340.700	59.512	127.579
729.757	340.947	54.750	128.070
732.469	340.474	55.877	126.894
735.343	342.604	58.135	124.113
736.692	341.517	57.708	127.652
737.278	341.565	59.112	129.176
668.773	348.277	63.021	123.086
669.996	349.863	53.289	124.484
677.570	348.333	50.776	121.633
680.975	347.842	52.634	121.725
682.954	348.392	57.421	123.408
684.333	346.211	62.045	126.915
686.352	347.904	62.966	126.110
688.846	348.027	64.185	125.877
689.264	349.889	63.130	123.659
690.209	350.588	60.315	122.846
693.472	353.513	55.103	120.304
764.787	345.034	51.068	122.652
766.131	348.388	51.639	121.544
766.029	347.613	52.017	122.503
767.430	345.617	54.544	124.805
766.983	343.095	55.855	127.150
767.010	344.102	55.978	126.278
766.063	343.504	57.739	128.656
761.872	344.825	57.927	128.383
757.496	346.689	60.475	126.284
751.750	351.178	62.934	124.563
747.965	350.000	61.285	126.815
748.678	348.652	57.403	130.369
753.730	352.029	54.394	130.049
752.024	352.593	57.254	129.735
747.917	352.003	55.674	132.738
740.704	354.013	57.333	130.105
742.093	353.458	53.683	129.516
739.723	353.267	56.586	130.350
741.760	356.787	57.790	123.147
737.702	352.096	62.658	128.690
742.537	351.768	60.853	128.090
741.996	349.226	64.807	128.452
738.954	348.176	68.069	128.975
741.482	347.092	67.791	131.713
735.915	348.316	71.514	132.226
736.523	342.529	70.533	135.333
733.435	341.649	68.780	134.927
729.924	341.115	69.388	134.410
728.628	340.018	68.232	136.691
728.828	340.465	66.447	135.909
727.913	341.168	63.518	134.606
728.510	344.433	64.506	135.731
735.657	350.382	63.203	135.440
740.437	353.834	63.290	134.870
739.599	351.743	68.469	139.242
749.188	356.276	62.666	136.521
740.201	357.250	67.391	136.085
740.081	358.478	63.017	130.227
580.957	365.337	60.066	128.944
560.921	371.245	62.661	125.739
495.093	369.319	61.732	130.383
486.942	367.074	57.479	129.319
484.571	365.730	58.822	128.663
485.154	365.836	55.982	128.201
486.886	364.460	54.428	128.256
487.504	362.700	54.228	128.280
489.088	364.162	50.301	127.016
490.708	362.387	49.198	129.147
491.959	362.873	47.986	125.434
490.154	359.422	49.261	126.901
484.555	359.753	54.441	127.388
477.523	360.326	56.206	126.837
470.234	359.678	58.864	128.637
375.463	358.141	58.982	137.889
375.573	357.599	62.265	138.492
375.723	358.348	64.526	135.187
375.778	357.838	63.395	137.726
375.346	359.453	61.157	134.208
377.227	360.387	58.517	133.109
379.355	358.824	56.452	135.381
379.032	359.155	57.327	135.925
383.016	356.601	56.365	137.252
382.664	357.571	56.920	137.745
392.225	355.317	52.321	138.800
393.235	358.057	50.262	136.329
395.646	355.581	51.913	138.669
395.975	355.285	51.703	138.900
400.224	354.906	47.634	137.538
397.940	352.255	49.586	138.654
390.883	352.074	53.408	137.696
392.691	348.585	59.357	140.757
404.537	350.313	58.997	139.617
408.282	354.337	56.528	134.971
408.747	353.135	54.289	135.933
406.692	352.536	52.818	137.305
411.259	350.530	56.443	139.375
413.617	353.648	56.188	135.839
415.789	351.352	57.243	139.142
416.190	349.575	57.444	141.865
418.608	352.303	58.640	141.813
424.141	347.702	55.329	145.055
433.206	349.821	60.867	142.719
436.656	351.616	61.995	141.606
434.254	349.382	79.829	140.675
448.972	351.282	83.563	138.909
476.363	348.288	72.152	141.090
487.205	347.511	61.713	142.365
484.088	351.394	62.774	136.315
465.173	358.182	55.266	130.626
461.990	356.490	52.104	130.807
464.050	351.104	58.181	139.202
449.083	349.998	61.438	142.814
466.991	357.325	54.652	132.834
474.256	358.453	51.702	131.185
464.261	353.606	52.479	136.729
468.256	351.330	59.031	142.089
517.801	347.295	61.978	137.068
460.733	347.627	57.136	147.970
464.305	347.024	62.016	146.467
458.906	341.080	62.690	151.493
455.141	345.494	60.622	148.085
453.451	346.671	61.084	149.069
537.009	350.493	67.155	127.313
532.211	354.633	71.554	128.161
532.881	349.753	76.758	132.583
539.439	342.153	76.158	140.778
540.195	338.886	70.375	146.283
539.809	340.496	71.000	144.523
451.042	340.673	61.430	156.235
453.299	345.007	58.766	149.913
450.381	343.450	59.075	152.652
445.055	346.499	62.567	149.018
441.925	345.811	64.823	149.606
450.560	349.551	64.035	144.801
436.734	345.653	62.588	147.606
448.214	346.807	64.371	148.789
437.176	344.585	65.447	148.635
455.438	345.512	63.163	148.942
462.344	346.230	56.675	148.747
461.231	344.528	57.531	150.965
459.784	344.582	58.961	152.071
461.181	343.369	56.893	152.594
462.646	348.367	54.578	147.032
458.932	344.059	57.726	153.784
458.481	342.466	57.300	154.754
457.488	346.845	54.411	149.225
455.146	345.323	55.110	151.581
454.344	344.017	55.980	152.538
455.433	347.475	56.406	148.229
457.059	342.886	55.874	153.256
455.603	338.920	56.063	157.100
456.806	339.011	56.061	158.305
457.830	337.887	55.126	160.260
458.884	339.502	54.260	158.319
458.771	338.193	56.988	160.472
460.330	338.279	58.799	161.295
462.199	339.034	60.762	162.343
463.901	336.141	62.687	162.663
461.593	339.588	65.730	162.148
458.016	335.372	73.688	165.539
460.948	336.285	72.510	165.277
460.976	337.717	75.005	164.756
462.631	338.450	73.895	165.102
465.350	338.713	73.787	163.299
466.019	337.976	75.604	164.533
466.375	338.239	76.836	163.848
465.293	337.863	77.813	163.509
473.348	337.711	70.430	164.610
471.848	339.644	69.977	161.546
477.334	337.553	64.951	165.867
480.405	338.227	62.115	164.856
480.657	335.664	65.205	166.249
481.756	334.507	64.088	168.382
478.536	333.193	66.388	169.508
481.075	333.171	64.882	168.016
480.850	332.524	67.767	169.340
481.229	332.513	69.504	169.677
483.917	333.422	68.796	168.723
485.398	333.029	66.845	169.238
486.772	333.872	65.063	168.043
488.708	332.916	62.574	169.596
490.308	331.260	61.505	172.359
491.754	331.419	61.334	171.596
492.625	331.184	62.690	171.370
494.049	330.676	63.063	171.767
496.554	329.695	62.973	173.956
502.446	329.525	60.377	174.218
509.393	329.636	58.425	174.798
513.189	329.942	59.534	174.156
517.445	330.180	59.873	176.187
520.716	329.604	61.128	176.090
523.254	329.970	63.266	175.838
524.642	330.475	71.641	174.737
526.051	330.843	75.533	172.999
526.766	330.616	81.356	172.854
528.587	330.499	82.644	172.769
529.890	330.664	82.489	172.348
532.385	329.728	82.776	172.402
535.355	329.134	81.672	172.338
540.102	327.817	77.445	173.582
546.670	328.007	72.587	172.165
556.190	326.743	64.449	172.312
570.504	327.102	56.680	171.544
578.074	326.521	54.421	172.996
583.229	326.453	54.869	172.572
586.315	325.261	58.930	174.912
588.583	325.675	61.917	175.605
592.344	325.687	66.872	174.518
594.587	326.705	76.423	171.943
596.041	327.204	84.762	171.743
597.365	327.472	88.908	171.734
597.950	327.787	92.712	171.113
599.540	324.806	96.129	174.080
605.428	323.553	91.716	173.955
613.292	323.121	85.387	172.667
622.925	322.339	77.167	171.358
633.856	321.862	68.212	170.940
645.374	322.269	61.907	170.472
651.356	320.278	62.108	173.983
654.868	320.211	65.475	171.787
659.287	320.770	66.712	172.758
662.224	321.046	71.259	173.101
667.339	320.785	78.095	172.723
669.538	319.412	86.459	174.413
672.890	319.883	90.180	173.454
675.061	320.740	90.740	172.184
677.468	320.460	89.294	172.331
681.238	319.643	86.906	172.452
684.661	319.546	84.221	172.361
690.531	319.429	78.635	171.632
700.074	319.007	69.704	172.360
708.410	320.025	61.772	170.987
715.169	318.256	59.840	171.728
716.456	316.807	61.838	174.091
718.428	316.543	64.636	174.157
719.451	317.880	67.780	170.576
720.242	318.229	70.844	169.764
719.712	319.226	75.005	169.413
718.173	320.017	78.433	170.487
716.128	320.385	78.498	171.322
714.069	322.338	77.228	170.740
711.513	323.531	77.723	170.300
708.944	323.390	75.279	170.747
708.407	323.290	71.919	170.818
708.861	322.995	69.137	171.036
708.825	323.071	67.383	170.275
709.453	321.772	65.400	171.146
712.249	320.918	62.021	171.387
712.876	318.399	62.380	173.827
711.353	317.224	64.344	174.714
709.902	316.141	66.272	175.441
708.151	316.784	69.912	172.714
706.917	316.060	72.088	173.334
707.302	315.530	72.583	174.006
707.317	316.028	72.432	173.619
707.652	316.121	72.108	173.415
706.967	316.062	71.533	173.316
706.521	315.857	70.339	173.649
707.561	316.198	68.907	172.356
711.133	315.538	65.094	173.951
713.520	315.599	62.976	173.032
713.731	313.619	62.546	177.377
713.862	313.400	62.671	176.349
713.530	313.715	62.611	176.811
711.819	314.726	62.565	175.733
709.735	315.181	63.347	176.668
708.667	315.896	63.120	175.482
708.699	315.756	61.725	175.591
710.197	315.673	59.902	175.487
711.423	315.949	58.891	175.064
711.914	316.952	58.070	174.483
712.385	316.936	57.596	174.293
712.711	317.223	57.064	173.829
712.584	317.905	57.148	173.296
713.159	318.457	56.606	172.960
713.270	318.433	56.718	173.346
713.563	318.747	56.482	173.036
713.080	319.272	57.390	173.183
713.961	319.625	57.344	173.372
714.699	319.566	57.658	173.353
714.831	319.824	58.703	173.167
716.171	319.420	57.824	173.595
717.794	319.123	57.907	174.279
719.349	318.540	56.904	174.811
720.513	319.242	55.872	173.619
720.864	319.681	55.807	172.677
721.745	320.015	54.922	172.493
722.358	319.727	53.389	172.762
723.407	319.905	53.008	172.565
724.412	320.087	52.179	172.244
724.854	320.446	52.217	171.945
724.982	320.220	51.655	172.004
725.504	320.044	51.557	172.256
725.693	319.867	51.440	172.584
725.610	319.513	51.452	173.014
725.232	319.332	52.571	173.440
725.046	318.717	52.679	173.889
724.148	318.602	54.043	174.174
724.115	317.419	53.776	175.244
723.468	317.246	53.939	175.904
723.248	317.128	55.001	175.328
722.281	317.501	57.679	174.359
721.299	317.579	61.837	172.702
721.402	316.989	63.680	172.737
721.500	317.085	65.308	172.624
721.688	318.054	66.571	171.021
721.899	318.160	66.710	171.283
721.960	318.741	67.346	170.701
721.960	318.683	67.680	171.226
722.044	318.842	68.088	170.664
721.793	318.922	68.493	170.933
721.725	319.250	68.688	170.643
721.577	319.657	69.108	170.625
721.297	319.425	69.456	171.559
721.529	319.307	68.918	172.302
721.273	319.366	69.676	172.714
720.686	319.502	69.952	173.322
720.572	319.315	68.216	174.278
720.344	318.867	67.224	174.138
719.988	319.638	65.710	172.568
719.472	319.320	64.409	173.456
718.911	318.490	62.104	173.817
717.950	316.719	58.879	177.149
717.016	316.780	57.534	177.720
716.254	316.815	57.646	177.335
715.687	316.815	58.311	177.571
715.467	316.901	59.321	177.917
716.538	316.897	61.382	177.024
717.586	315.987	62.152	178.480
719.300	315.929	63.405	179.101
720.510	315.445	64.882	180.344
722.404	316.930	65.644	178.751
724.532	319.047	66.715	178.452
725.758	321.784	68.134	176.357
726.556	323.908	68.081	174.354
727.879	323.782	68.411	175.874
728.676	324.677	67.990	175.322
729.776	325.376	68.330	174.203
732.526	327.695	71.526	171.993
736.419	327.112	72.212	173.208
739.637	325.712	71.535	173.862
741.706	323.950	66.678	174.491
742.143	324.713	67.062	173.876
739.518	325.084	71.745	172.434
730.510	323.902	83.360	173.485
727.092	325.170	93.814	172.998
732.558	326.914	96.848	170.577
744.207	328.830	89.966	167.447
746.228	325.348	95.132	171.250
748.147	324.425	95.800	170.481
749.866	324.310	99.057	169.291
754.579	322.327	100.840	169.267
767.453	315.664	91.362	177.010
778.951	312.732	85.892	179.043
785.308	312.590	83.515	175.922
788.057	312.844	84.259	174.642
792.039	312.249	83.675	173.540
793.139	312.004	88.290	173.341
794.042	313.072	91.636	171.353
795.142	312.096	92.664	171.226
796.324	312.458	91.529	171.047
797.905	312.155	91.069	168.019
799.246	311.485	91.494	167.144
800.806	308.180	88.801	167.190
803.032	305.557	87.316	166.528
804.770	305.842	90.127	172.406
806.962	306.222	94.352	172.479
809.068	306.266	96.169	172.594
812.006	305.966	95.658	173.268
814.609	305.257	91.961	174.552
815.481	305.740	91.088	174.682
816.985	305.826	89.661	173.711
817.353	305.635	89.413	173.716
817.275	305.399	89.830	173.221
817.693	305.793	89.574	171.638
816.457	305.737	90.875	172.745
815.899	305.441	91.749	173.286
814.993	305.518	93.484	173.884
812.330	306.074	97.686	174.634
810.203	307.716	100.533	174.478
808.992	308.567	103.493	172.445
807.059	307.739	104.080	174.047
805.067	309.709	102.730	172.249
801.877	311.901	96.044	168.264
800.379	313.784	90.607	167.150
798.823	312.297	84.595	168.892
794.494	312.208	82.354	168.572
787.932	312.789	87.442	168.892
781.861	312.705	91.114	171.516
779.979	314.594	96.418	171.394
777.769	315.785	99.443	171.236
775.047	317.154	100.776	170.320
772.892	319.244	105.257	170.414
770.018	320.568	99.006	169.842
767.930	323.094	91.724	167.403
765.734	323.196	82.854	167.630
762.146	323.617	75.640	164.739
758.984	324.488	69.343	163.475
754.386	326.036	68.529	162.355
751.582	325.667	69.080	164.883
747.093	326.240	71.109	165.999
738.633	329.378	78.338	162.422
729.923	330.347	82.719	162.669
717.466	334.484	92.920	156.563
708.356	335.205	97.439	155.278
700.221	336.272	98.817	154.995
693.656	337.540	102.379	152.681
689.594	338.094	97.510	154.547
681.875	340.678	88.938	150.162
676.167	340.592	91.020	147.093
663.345	343.153	99.202	145.701
659.605	343.526	91.645	147.171
659.585	344.925	81.107	146.228
652.656	346.852	75.386	144.877
645.147	348.159	78.047	144.469
639.736	349.491	78.258	141.822
635.132	350.102	76.914	141.069
629.450	350.874	78.159	139.139
619.703	351.263	74.031	138.460
616.538	351.886	75.278	141.319
611.454	351.190	69.649	140.792
602.533	351.268	69.617	142.548
598.273	353.830	70.635	139.311
596.493	355.702	69.880	135.788
595.604	356.332	68.016	135.866
589.372	356.618	71.270	135.811
580.903	356.540	81.368	137.209
575.257	356.702	86.254	138.376
574.132	354.318	80.214	139.845
577.775	355.010	76.853	139.813
591.228	354.882	65.012	137.151
592.915	355.274	69.419	135.380
595.104	354.447	71.514	135.866
597.109	356.174	80.881	133.233
600.322	357.495	83.724	131.576
599.222	358.136	85.110	129.566
594.021	358.696	91.428	129.408
595.282	357.818	92.778	131.495
594.607	355.730	91.364	132.354
601.267	352.945	84.251	133.317
612.728	352.059	79.935	132.220
607.670	351.825	92.454	132.024
607.896	351.373	95.511	130.960
614.674	351.578	91.384	131.632
621.642	351.848	91.208	130.749
622.248	351.856	89.365	127.766
627.751	354.315	81.650	128.479
629.586	356.190	80.820	125.991
632.904	362.743	85.390	119.835
639.140	366.913	78.788	116.707
641.483	368.251	79.111	117.542
643.572	370.423	77.440	115.649
644.344	371.239	75.918	114.771
643.445	368.924	80.914	117.335
637.278	364.103	87.992	120.931
640.650	363.446	77.463	121.411
642.631	362.410	65.185	121.411
639.379	364.247	61.779	119.041
632.549	365.054	55.269	118.029
622.378	368.911	60.056	115.036
607.120	372.981	70.687	111.730
597.116	372.074	76.868	115.170
586.824	369.054	73.549	119.033
589.003	369.497	77.633	116.807
586.005	366.704	71.510	119.661
581.850	367.151	75.580	120.467
578.776	367.601	79.255	116.557
581.475	365.452	70.178	121.202
581.260	364.012	63.787	123.374
582.061	359.257	62.747	128.052
584.544	358.583	60.506	129.470
527.281	367.587	82.917	124.517
516.031	367.141	68.203	125.259
516.803	369.265	66.947	123.607
510.869	371.374	69.377	125.264
501.859	369.965	75.514	126.411
502.185	364.501	73.969	131.332
503.131	357.727	69.948	138.320
495.807	333.704	64.029	160.182
494.074	325.086	66.240	170.576
487.414	318.502	69.366	174.185
482.653	313.303	71.907	179.535
479.039	314.435	74.701	173.013
470.703	311.953	67.628	166.951
466.576	316.106	69.947	160.301
461.675	323.598	69.324	155.122
458.164	334.565	66.780	146.170
452.257	340.518	66.343	141.087
438.761	315.662	69.980	164.373
432.254	332.656	75.786	154.213
540.894	355.697	57.535	131.776
691.965	356.690	62.467	130.115
733.014	355.860	60.593	129.081
734.436	355.427	58.655	127.732
736.806	353.747	57.095	126.124
737.661	354.465	57.113	123.422
740.614	354.236	55.405	122.272
744.282	354.330	53.854	124.483
744.892	353.782	54.243	122.649
746.451	352.715	52.785	124.317
746.557	351.882	53.471	126.823
745.774	346.608	53.153	127.629
748.932	346.556	53.289	128.933
752.526	344.082	58.844	127.058
752.864	344.429	62.834	126.101
755.525	344.086	62.377	126.727
757.869	345.613	61.429	124.552
761.605	345.878	58.742	122.176
763.350	344.080	57.781	124.255
763.821	342.717	61.703	127.127
759.683	342.779	63.042	130.823
760.328	344.191	61.392	129.688
759.909	344.983	60.579	128.124
755.710	342.061	62.840	131.469
629.691	352.652	55.920	129.233
623.859	353.514	59.260	129.050
619.698	353.139	58.645	129.294
618.996	355.892	57.638	127.140
616.444	352.953	61.508	132.065
609.148	356.204	68.136	126.301
599.910	350.721	78.153	132.663
602.514	347.794	78.606	136.428
599.794	354.958	77.772	129.908
597.492	361.193	75.294	122.405
596.360	363.041	65.379	119.718
603.952	364.707	62.955	115.767
595.862	369.246	64.118	114.315
591.867	369.068	66.067	112.897
597.185	368.619	62.704	112.482
597.304	366.690	62.014	115.269
599.828	362.761	60.824	118.984
595.252	354.976	62.198	129.419
592.578	350.546	66.496	132.374
607.081	348.245	56.994	131.408
604.747	353.584	59.992	125.803
608.864	355.035	59.116	124.146
608.511	355.165	59.416	125.251
610.318	355.770	61.402	125.386
608.259	360.961	67.359	120.423
610.524	363.115	69.757	118.243
617.199	356.942	66.828	123.564
693.385	350.971	59.770	128.776
695.733	349.855	56.773	128.350
695.437	349.545	56.408	128.644
696.812	349.894	53.912	129.008
697.185	350.723	53.177	128.380
696.209	351.167	53.709	127.273
694.548	351.061	54.602	125.379
691.356	350.628	57.294	125.325
692.300	350.753	56.746	125.337
690.579	353.026	58.678	121.106
677.451	355.045	70.793	118.331
588.117	370.006	56.681	107.195
585.189	368.277	55.763	108.459
583.882	367.977	60.229	108.701
581.232	366.932	59.480	110.123
577.926	372.107	66.086	104.321
581.408	374.905	69.279	103.568
577.394	377.910	75.666	99.571
579.917	377.111	77.617	99.280
583.578	378.533	79.805	98.644
591.177	376.975	71.203	99.796
580.133	378.489	76.324	98.791
586.315	372.723	74.053	103.116
582.732	368.618	60.704	107.463
588.823	362.978	63.168	112.566
592.015	363.613	63.250	110.247
608.068	361.560	54.209	111.503
602.920	362.272	49.905	111.785
609.411	361.556	50.726	112.682
595.909	365.623	62.197	108.942
592.312	370.331	56.038	104.921
592.226	371.366	54.538	104.687
592.017	373.364	51.727	102.251
592.018	372.439	53.708	103.328
586.255	372.653	52.139	103.014
584.058	371.583	53.160	103.871
585.149	372.136	55.891	104.005
585.463	372.766	61.473	104.363
585.344	371.040	63.316	107.272
589.385	370.010	59.409	105.361
593.047	370.224	62.125	104.209
590.554	368.301	66.040	104.829
591.101	367.422	67.718	107.202
594.787	368.165	62.649	104.937
600.338	366.989	59.999	104.732
602.375	367.739	59.352	103.100
605.607	368.503	55.883	102.355
610.127	369.645	54.698	102.590
609.909	368.881	57.176	104.001
617.137	369.250	54.792	103.730
616.832	368.941	54.016	106.585
616.765	367.147	55.299	107.102
621.094	365.728	53.931	106.928
627.444	363.553	52.696	109.484
629.425	363.730	56.305	110.073
633.741	366.571	47.755	105.417
641.522	365.595	48.147	104.946
650.393	366.459	45.245	103.301
646.076	367.373	53.894	102.473
649.112	367.522	56.055	102.803
644.869	368.672	61.530	104.226
645.871	367.218	60.600	105.898
651.625	366.168	55.961	106.077
660.041	365.570	50.502	104.610
669.866	362.608	45.952	107.683
677.645	362.726	44.117	107.844
677.807	360.197	47.194	110.059
681.241	360.564	47.624	109.840
682.235	360.853	51.829	111.194
683.163	361.541	59.978	109.910
685.407	360.209	63.274	110.704
687.472	359.615	61.036	109.655
688.466	359.328	61.802	109.883
688.952	358.843	60.366	110.777
699.847	358.003	54.147	110.507
709.913	359.360	50.294	108.788
718.545	360.180	52.455	110.084
723.722	360.170	55.103	109.219
733.177	361.494	54.015	108.828
736.602	361.051	54.357	107.745
739.263	362.928	47.992	107.583
732.427	363.406	54.304	106.238
737.599	362.022	54.012	107.546
739.710	361.136	57.387	107.877
746.092	360.763	56.192	108.618
745.913	362.899	60.853	108.712
748.988	361.796	56.821	110.139
750.154	360.387	57.762	110.798
753.375	357.965	55.692	115.709
749.424	357.016	55.718	117.505
752.104	356.727	52.520	116.924
754.715	358.252	54.231	115.515
756.427	355.274	56.566	117.853
762.828	351.718	54.572	122.536
764.168	355.223	50.427	121.290
773.744	355.098	46.418	119.652
779.285	349.822	55.504	126.210
776.612	346.669	59.646	129.930
774.693	350.345	63.862	127.081
776.228	349.133	65.502	127.123
772.877	353.059	64.012	125.360
780.730	349.994	62.254	124.608
775.378	351.909	64.087	125.179
778.562	353.433	63.572	122.895
778.783	355.430	62.676	120.639
780.433	355.312	58.640	119.374
781.575	355.870	56.837	115.031
776.497	355.231	59.112	114.358
775.275	352.365	57.785	121.646
774.415	349.489	56.947	122.774
752.797	348.499	80.624	123.717
772.267	347.220	58.963	120.234
775.609	345.751	60.520	122.141
777.557	344.350	60.647	127.089
775.191	345.839	61.114	123.284
765.853	345.660	68.213	121.670
762.915	344.909	60.102	124.016
759.704	347.628	56.983	122.007
761.111	347.680	53.808	122.098
764.464	351.666	53.892	121.639
765.183	353.750	54.565	121.379
767.732	353.651	58.261	120.361
766.550	354.015	63.112	120.683
764.749	351.885	65.557	120.928
764.018	346.923	62.393	126.439
763.485	345.080	60.722	123.328
767.474	343.782	56.645	122.755
765.976	342.444	61.190	122.914
760.278	344.852	71.110	119.294
760.319	343.082	63.979	120.803
759.370	340.229	63.116	127.048
756.837	340.484	63.728	127.768
748.861	340.842	69.402	130.916
741.377	342.001	69.251	128.226
738.020	340.141	73.853	126.494
729.780	339.056	69.576	127.102
720.978	338.709	70.526	124.814
810.668	337.180	72.255	116.333
807.980	340.165	71.684	112.267
806.361	339.039	70.608	112.541
806.571	340.072	66.273	109.679
801.928	341.786	66.500	104.681
799.783	342.859	64.262	106.134
797.775	341.684	63.117	106.770
795.914	341.121	57.802	106.980
793.597	337.761	58.469	113.853
794.148	332.897	57.412	110.558
792.156	331.898	57.474	113.636
790.096	330.936	56.936	120.446
786.665	332.222	59.776	121.728
783.449	334.997	60.924	120.631
779.626	336.558	64.485	118.750
779.646	329.739	67.176	125.166
774.478	321.442	69.495	134.637
660.317	331.711	66.326	133.972
648.687	333.619	61.620	130.504
651.412	327.178	60.840	132.933
648.040	325.932	58.201	138.297
638.560	323.724	61.132	131.996
643.750	318.955	55.094	139.202
630.679	318.322	58.351	138.956
622.307	329.099	65.689	134.169
632.906	322.517	62.609	138.387
646.557	321.584	55.699	137.084
655.148	318.079	50.223	142.826
655.126	319.737	53.700	138.164
650.657	322.077	62.121	138.477
658.918	322.684	62.299	135.106
774.285	325.631	54.870	122.099
767.569	328.810	61.739	117.677
757.256	332.596	66.729	112.535
749.798	333.708	77.378	112.368
747.944	335.340	77.842	109.417
744.349	337.201	76.520	109.767
743.083	339.787	77.616	108.810
741.165	343.169	80.854	106.443
746.017	344.569	76.219	104.657
748.484	344.149	73.605	103.416
749.241	341.393	72.842	108.137
748.544	338.026	76.958	112.335
748.687	331.157	75.497	117.487
746.285	327.232	75.900	119.245
746.017	323.476	74.672	119.786
745.134	321.173	72.229	120.966
741.115	320.633	74.301	122.701
743.577	319.857	71.917	124.807
749.827	322.246	66.287	123.799
753.998	323.056	62.999	122.623
755.153	326.115	63.331	120.320
757.493	328.223	61.786	117.248
758.028	329.761	64.466	115.799
753.974	331.950	71.419	113.447
752.748	331.987	74.776	112.840
753.382	332.080	75.119	111.273
753.548	332.590	77.551	114.057
757.004	329.042	74.450	112.354
757.290	329.972	75.946	112.539
756.508	329.745	77.134	108.686
757.194	329.088	77.609	111.366
757.028	328.631	77.348	111.524
757.172	328.707	76.819	111.556
757.881	328.977	75.643	113.973
756.453	329.270	77.010	114.925
758.128	328.721	76.134	115.726
758.236	330.208	75.086	114.725
758.318	330.206	75.017	113.663
759.640	330.131	73.503	114.719
759.142	329.568	74.571	117.592
757.909	327.200	75.879	120.395
756.101	326.597	75.000	117.631
755.978	324.685	72.362	119.848
755.264	324.016	68.578	120.071
756.665	323.481	66.011	122.351
757.372	322.634	63.198	124.172
757.784	324.584	62.305	121.159
761.084	325.580	61.518	119.001
762.529	325.504	60.433	118.752
760.094	324.534	60.713	119.797
755.303	324.838	70.355	120.175
747.955	323.124	74.456	123.083
746.679	323.882	71.317	121.253
744.106	323.231	72.624	121.257
746.130	323.155	72.986	121.693
742.102	322.191	75.558	124.403
742.197	321.643	75.687	125.867
742.617	322.748	73.704	124.504
739.196	322.209	76.735	125.534
730.560	322.087	82.610	125.709
726.175	320.984	85.861	125.604
722.444	320.613	78.728	125.418
717.964	320.279	79.694	124.562
719.778	319.824	71.541	124.619
718.407	320.691	64.597	123.604
717.312	322.378	63.259	124.147
712.279	322.467	60.193	123.952
717.096	327.451	56.374	117.646
715.229	323.904	58.903	121.671
716.846	323.695	57.731	121.756
711.740	323.532	60.843	121.022
710.860	321.972	59.698	123.676
707.732	321.689	60.811	124.768
707.672	320.513	56.858	125.957
704.454	321.043	59.244	126.042
696.283	323.282	62.572	126.839
691.552	324.220	61.341	126.745
667.247	325.326	73.163	129.250
681.691	326.417	63.990	128.217
660.383	329.962	71.761	127.021
680.253	325.913	65.601	129.712
655.117	330.119	64.191	121.154
656.956	331.503	60.197	122.831
658.005	330.861	64.841	121.342
655.904	333.272	58.924	118.194
653.828	332.452	60.486	119.502
652.778	331.443	57.232	118.511
646.505	331.128	59.214	121.789
627.065	326.011	64.301	128.618
624.124	324.097	62.165	129.781
620.812	323.282	60.549	131.771
617.125	326.470	59.405	130.871
565.530	328.903	46.418	126.994
546.581	335.534	69.917	128.026
561.701	336.500	68.431	128.626
570.378	332.760	63.008	129.507
572.323	333.014	63.609	131.929
565.117	324.781	71.821	137.486
585.466	327.795	71.136	132.966
565.846	329.557	73.076	134.321
568.821	322.446	79.285	133.690
580.550	322.034	80.731	133.242
574.864	323.621	73.834	137.479
609.989	320.266	69.946	133.005
583.414	322.097	73.836	133.515
585.511	322.561	74.642	135.348
585.234	325.587	67.684	136.608
591.106	321.276	69.947	143.186
578.944	321.279	73.299	140.056
581.177	324.717	72.186	138.764
573.928	325.236	69.838	136.687
569.614	327.334	61.631	134.074
571.003	323.324	63.704	137.001
573.436	331.640	61.530	129.205
557.653	329.591	76.304	131.886
564.028	332.221	62.893	129.043
561.793	334.238	60.989	128.473
555.479	334.878	62.573	127.289
552.050	334.995	59.844	127.439
553.414	334.536	55.094	127.987
545.769	338.542	53.046	122.070
540.853	338.663	59.228	120.638
536.155	340.887	61.495	122.138
529.370	340.292	66.204	125.052
521.739	337.158	61.913	129.083
523.947	337.525	62.102	129.740
523.091	338.058	54.751	130.477
518.709	338.116	56.835	129.779
517.171	337.378	57.616	132.229
505.975	340.643	65.680	130.995
509.071	341.833	57.435	127.827
507.973	343.376	56.788	124.867
504.870	341.025	58.569	127.084
502.272	340.205	61.905	128.045
486.829	336.295	61.649	130.855
483.375	338.978	54.450	129.755
479.969	341.116	53.687	129.066
472.560	342.410	62.860	123.949
469.086	341.641	63.268	124.522
533.589	336.021	57.262	129.445
460.566	340.388	69.491	124.748
543.264	334.618	57.815	131.480
546.804	334.051	58.661	132.336
550.174	333.597	61.168	132.527
551.948	332.080	60.414	133.677
557.455	331.298	57.973	136.844
560.771	333.845	64.937	133.064
561.476	331.651	69.222	135.521
578.866	331.371	67.264	135.830
581.510	329.914	62.919	137.874
583.855	327.483	64.940	139.981
590.339	325.182	61.136	140.990
592.331	327.100	60.986	142.412
599.282	325.804	60.989	139.002
603.830	329.815	60.113	134.257
595.619	334.895	64.177	129.780
592.492	336.260	67.559	128.964
592.159	335.933	60.470	128.508
594.643	333.934	61.443	128.422
591.584	334.033	64.896	129.995
594.963	330.595	65.210	134.276
589.140	331.123	64.273	134.067
589.856	330.556	63.084	133.730
642.940	322.208	77.311	137.948
587.558	324.430	62.959	138.978
655.929	319.965	67.628	139.012
662.826	318.777	62.409	140.248
663.223	318.428	59.920	140.694
666.475	321.487	66.590	138.371
668.948	323.397	62.021	139.074
678.230	325.237	64.499	136.397
692.392	331.698	54.867	128.816
695.031	329.033	58.970	128.473
692.116	321.461	61.519	135.530
694.004	324.365	61.472	131.016
692.930	322.639	61.485	135.810
694.787	320.747	60.668	137.698
696.291	318.901	60.540	140.355
696.024	319.721	61.364	141.888
696.798	319.169	62.176	138.574
702.763	319.277	57.870	139.889
697.144	316.010	64.740	142.217
703.235	317.542	60.268	138.590
683.838	314.889	70.620	142.977
669.110	312.134	75.162	142.086
669.609	308.237	63.559	144.250
684.812	315.558	65.289	136.375
674.003	310.632	62.143	139.613
691.855	321.743	70.582	129.325
709.861	329.092	58.379	126.035
720.982	328.010	57.215	125.847
726.377	322.192	57.483	129.918
731.008	317.504	58.601	134.113
736.387	317.200	57.817	133.146
736.969	319.944	60.044	132.245
742.772	314.800	61.978	135.746
747.320	311.438	64.044	137.093
743.814	310.965	70.750	135.888
741.095	307.706	84.447	139.299
740.899	312.715	96.930	135.942
743.100	311.672	96.870	135.717
741.616	316.361	101.854	131.658
745.921	306.129	101.592	140.796
752.994	305.386	104.466	141.001
758.843	305.303	98.556	140.970
766.352	308.860	92.766	137.373
779.602	313.897	80.703	131.109
787.294	310.267	73.055	135.283
797.267	314.943	64.960	131.772
799.075	313.938	62.956	134.724
801.632	313.718	65.682	133.803
804.192	313.917	67.249	128.326
806.773	314.541	66.576	127.379
807.261	314.763	64.992	126.171
807.848	315.455	63.943	129.272
807.136	315.029	64.123	129.541
808.892	314.039	65.559	133.528
809.153	312.440	66.572	132.973
811.567	311.195	66.632	134.728
813.711	310.257	67.486	134.493
814.021	309.747	69.078	135.198
815.107	311.468	71.115	134.332
815.348	313.834	73.035	132.082
815.025	314.586	73.424	131.699
816.226	313.044	73.840	132.782
818.747	310.977	75.892	132.733
820.495	309.241	76.934	134.600
824.963	308.234	80.601	137.129
830.739	308.051	83.428	136.742
835.539	312.069	81.324	134.226
842.995	310.943	75.715	136.169
847.428	312.908	68.625	133.669
852.674	313.532	69.595	133.884
854.950	315.218	69.135	135.487
859.026	315.235	69.557	135.098
859.323	314.953	68.482	134.177
860.066	315.150	66.935	134.549
861.914	315.747	67.599	134.880
863.503	316.002	64.822	134.560
864.420	313.733	63.355	135.887
864.196	313.089	62.750	136.004
864.937	312.738	64.182	137.551
863.976	312.663	64.405	136.295
863.201	312.482	62.658	138.512
863.179	311.964	62.729	137.190
862.173	311.986	60.897	136.965
862.119	313.486	60.159	133.045
861.505	312.296	57.868	132.034
863.502	315.219	55.060	130.492
863.070	312.626	58.733	131.532
863.000	312.778	60.549	134.003
864.730	311.570	60.943	131.246
860.008	311.201	65.437	132.266
857.462	312.463	65.478	129.107
863.358	314.361	63.705	124.674
860.044	314.421	64.107	125.202
861.683	314.671	67.563	121.590
861.102	313.049	60.722	126.500
885.015	315.045	63.714	122.477
894.505	309.099	57.022	124.222
857.105	315.334	55.748	119.365
838.748	312.804	65.576	120.690
844.308	307.796	65.778	131.802
844.643	306.831	81.050	137.322
827.278	298.150	71.157	150.086
837.061	290.651	62.926	159.778
839.939	292.685	63.670	153.390
838.823	300.438	69.898	140.451
822.630	317.287	56.362	137.056
817.313	317.508	62.541	137.290
808.465	318.825	71.111	136.951
799.110	324.212	63.092	127.960
791.817	321.936	67.887	129.713
785.230	324.302	69.711	128.543
772.437	321.542	71.412	130.629
769.820	325.320	59.484	128.046
747.724	327.765	62.885	126.924
747.570	324.945	61.457	128.781
669.229	318.556	59.145	141.524
666.180	319.468	63.445	138.578
663.959	319.285	64.219	142.339
659.913	319.303	65.658	141.382
657.168	318.906	64.235	142.227
652.741	320.521	63.438	141.203
646.458	325.219	58.843	134.819
648.986	322.380	58.396	139.275
646.897	320.723	61.789	140.811
640.966	321.511	62.188	138.701
640.047	321.051	62.482	137.313
635.363	319.940	64.061	137.373
634.687	318.996	61.824	137.797
630.881	318.402	61.700	135.052
630.966	317.464	58.629	133.291
632.594	316.180	58.311	135.452
633.793	315.382	61.166	138.343
634.490	314.275	59.730	141.766
635.074	313.858	61.721	143.838
637.234	314.571	60.700	142.704
639.229	314.079	60.752	141.692
642.791	314.347	59.245	141.669
645.632	314.527	59.137	141.711
647.847	315.249	57.853	141.508
650.676	316.560	56.412	139.771
653.765	318.648	54.101	136.006
655.950	317.036	50.382	137.071
657.078	316.190	51.446	140.217
658.707	315.043	52.126	141.800
660.839	315.040	54.260	142.615
661.531	316.143	55.217	140.925
666.990	315.362	56.880	139.291
673.236	314.518	53.800	139.065
673.466	315.008	53.585	137.429
670.288	313.285	58.112	139.045
674.966	311.102	54.179	140.273
676.842	310.615	53.926	141.368
613.124	334.760	68.619	118.627
682.028	311.521	49.361	142.204
678.010	310.921	53.690	140.160
675.431	311.026	54.311	138.206
670.857	312.737	55.110	137.547
669.316	309.911	54.214	141.204
667.348	309.789	54.881	140.102
666.124	309.373	51.830	138.963
664.251	310.019	52.107	139.127
660.151	311.475	53.259	135.916
654.660	314.543	56.775	130.855
652.243	311.700	55.622	136.425
648.527	312.044	57.834	138.185
638.822	314.296	64.338	135.961
639.102	313.854	61.043	136.502
622.569	317.278	62.307	132.394
614.972	321.770	52.887	126.952
617.384	319.526	56.709	122.399
613.699	321.779	52.888	120.649
605.657	332.418	57.384	114.451
606.097	324.641	57.253	122.990
603.579	329.146	53.185	120.143
603.111	328.393	59.165	119.488
600.363	329.513	67.102	120.725
600.352	328.212	65.877	122.945
597.960	328.535	64.333	123.466
592.721	330.229	66.894	121.840
591.140	333.637	70.581	119.473
592.401	335.164	73.932	118.809
597.069	339.239	69.503	114.733
599.272	333.686	70.081	121.772
661.092	317.987	73.696	136.154
669.691	314.851	67.309	139.156
668.538	317.963	68.238	134.989
668.510	318.323	68.639	135.232
666.489	316.615	73.879	135.144
662.247	316.921	78.610	133.641
663.694	316.058	77.905	132.944
666.081	315.268	77.739	134.439
662.727	313.080	84.955	136.094
652.445	309.866	97.049	136.752
649.561	309.201	97.849	136.852
652.793	308.770	97.057	137.182
656.236	310.336	88.153	132.313
663.037	313.255	84.232	130.243
663.172	315.074	69.121	130.822
663.130	318.446	90.740	131.884
665.980	318.359	88.134	134.007
664.568	319.688	92.673	134.027
664.074	319.130	95.706	135.232
661.164	316.776	99.671	138.329
657.322	315.344	98.335	140.750
652.710	313.780	93.273	140.736
650.033	309.807	84.962	146.161
646.800	307.124	78.556	149.762
645.283	306.140	73.247	151.538
643.285	306.518	70.381	151.380
641.346	307.280	70.574	149.844
640.311	306.856	68.909	148.760
637.609	307.709	68.541	148.616
634.872	308.001	69.789	149.184
634.120	308.888	69.190	149.863
634.381	310.122	68.004	147.873
633.774	309.517	68.110	149.359
633.116	308.274	70.371	150.757
634.236	307.573	71.814	149.044
636.153	305.049	73.954	150.177
636.904	303.734	78.693	149.238
639.397	302.711	81.227	148.626
645.936	301.322	81.686	146.765
652.585	296.187	79.937	149.899
659.803	294.197	76.770	150.436
663.326	291.398	76.799	153.809
673.404	284.862	69.007	161.220
675.991	271.124	76.209	175.193
651.242	264.521	101.501	177.207
650.272	266.412	101.827	173.469
678.850	247.517	81.333	191.065
675.203	250.034	89.877	188.671
691.354	256.654	74.155	182.442
694.512	254.164	73.338	185.035
697.718	258.595	73.227	184.300
699.297	260.708	79.265	186.135
704.593	263.244	78.512	191.399
709.661	274.539	74.302	183.483
717.034	281.531	68.792	173.764
723.414	288.697	62.876	164.446
726.014	295.154	64.385	159.143
728.557	300.675	68.365	154.134
734.647	300.009	68.541	154.629
736.725	299.352	72.103	156.283
736.155	299.818	77.961	156.831
735.104	299.323	79.222	156.980
734.031	298.741	79.043	157.594
733.073	299.853	83.401	157.391
734.188	299.616	83.037	158.188
735.219	299.655	81.689	157.412
737.483	298.509	75.582	157.552
740.477	297.489	75.213	157.087
743.031	296.763	75.573	157.638
746.338	295.628	75.241	159.371
748.980	295.150	74.359	160.402
750.351	294.824	73.549	160.727
752.521	294.387	72.890	160.496
754.311	295.972	71.118	159.028
756.007	297.146	70.639	156.989
757.393	295.884	70.069	157.369
755.919	295.174	71.670	157.504
754.980	295.835	71.840	156.268
751.785	295.692	73.889	156.627
751.837	294.939	73.693	156.520
750.670	295.063	75.384	156.538
749.638	294.177	76.365	157.505
748.346	293.822	77.516	157.603
746.730	293.015	78.688	157.832
745.967	292.195	77.507	158.553
745.920	291.614	75.142	160.290
745.732	291.608	75.321	160.578
745.925	291.939	75.281	160.788
745.658	292.477	75.057	160.157
745.658	292.365	74.619	159.290
745.084	292.928	74.589	158.631
743.823	292.714	76.330	158.550
742.493	292.147	75.187	158.480
741.077	292.065	74.574	158.987
739.044	293.505	75.896	156.958
736.817	294.320	76.780	155.550
733.609	294.637	76.702	155.378
731.411	295.177	74.573	155.490
728.959	295.116	71.957	156.413
727.155	295.677	70.980	156.064
726.471	295.484	69.950	155.903
727.188	294.967	69.248	157.071
727.687	295.074	68.046	156.891
728.554	295.204	67.082	156.495
729.728	294.903	65.989	156.801
730.583	295.421	64.702	156.679
730.163	295.414	66.022	156.839
730.742	295.764	68.066	157.059
730.701	296.173	70.312	156.515
729.151	296.677	71.576	156.000
724.918	295.444	74.454	157.449
720.986	294.846	76.327	158.155
719.174	295.045	76.711	158.083
718.437	295.636	76.564	157.272
719.939	296.705	78.549	157.071
721.572	297.506	80.764	156.393
722.562	297.148	82.778	155.941
723.569	297.525	84.653	155.219
723.946	296.574	86.738	156.864
724.487	296.153	88.355	158.229
724.867	295.397	89.972	159.905
726.454	295.372	91.788	160.204
728.831	294.694	89.944	160.838
733.053	293.925	86.114	161.228
736.358	295.553	83.972	159.811
739.935	294.096	80.165	161.526
742.824	293.463	77.288	162.079
745.687	293.901	74.478	160.862
748.863	292.853	72.209	161.414
750.578	294.037	71.142	157.667
752.606	293.511	68.992	157.542
755.267	293.178	67.346	156.925
756.922	292.745	65.555	156.965
758.134	292.845	65.088	156.266
759.318	292.582	63.919	156.445
760.039	292.662	63.098	154.049
760.805	292.491	62.145	154.578
761.850	292.430	61.142	155.723
762.815	292.214	60.774	156.146
763.747	292.373	60.564	155.070
764.845	291.994	60.622	154.842
765.358	290.950	60.359	156.107
765.546	290.752	60.999	155.752
765.847	290.431	61.285	156.073
766.184	290.503	61.818	155.836
766.865	290.503	61.948	156.190
767.819	289.990	61.977	156.398
768.774	289.456	62.272	156.648
768.992	290.217	64.017	154.943
769.596	290.803	64.299	154.122
770.101	290.637	64.702	154.029
770.774	290.428	64.112	153.887
771.088	290.637	65.715	154.170
771.422	290.763	66.319	155.155
771.933	289.978	66.476	156.406
772.293	289.972	66.717	156.624
772.847	289.329	66.620	157.785
772.624	289.659	67.501	157.869
772.452	289.367	67.268	157.753
772.536	289.670	67.012	156.693
772.948	289.734	66.146	157.105
773.051	290.043	65.628	157.971
771.109	290.327	66.832	158.683
768.793	291.045	67.281	158.017
765.908	291.295	68.328	157.421
763.885	291.581	68.919	156.647
762.043	292.009	68.923	155.520
761.812	291.635	67.496	155.328
762.558	290.586	68.347	156.613
766.446	289.599	67.656	156.462
769.244	288.212	66.529	158.519
766.395	290.318	69.654	156.914
761.444	289.707	71.641	157.804
760.072	289.556	68.600	157.481
758.356	290.717	70.115	157.479
763.951	290.870	71.243	160.384
770.831	292.425	69.481	161.289
772.987	292.046	68.755	163.612
772.418	294.088	69.696	160.690
772.350	293.777	67.037	160.919
773.416	291.414	66.259	161.989
774.930	292.455	66.446	160.541
775.028	293.976	66.664	163.788
770.949	296.362	67.962	161.758
770.312	297.066	67.763	162.123
772.654	297.276	69.484	161.591
779.939	297.998	70.829	160.521
788.588	298.326	65.006	160.960
789.516	299.205	65.108	160.756
789.779	298.359	64.680	161.222
790.577	297.564	64.781	161.150
791.044	297.512	65.350	160.196
790.476	297.592	65.717	159.914
789.390	298.326	66.742	159.894
788.968	297.675	65.456	161.071
788.905	296.908	65.583	161.618
788.841	296.401	65.830	162.659
789.416	295.727	64.967	162.897
789.324	295.702	65.091	162.343
789.803	295.037	64.039	162.493
790.585	294.236	64.011	162.417
791.363	294.075	63.379	161.931
791.589	292.893	62.529	162.543
791.036	292.120	62.983	162.338
789.112	291.509	64.513	162.516
787.943	290.849	64.339	163.085
786.655	290.521	65.260	162.321
786.263	289.848	64.671	163.035
785.789	289.351	64.379	163.618
785.626	289.185	64.370	162.968
785.547	289.018	64.701	163.209
785.865	288.962	64.783	163.191
786.338	288.910	64.719	162.660
786.652	289.407	64.329	162.230
787.668	289.450	63.979	162.001
788.890	290.434	63.706	160.502
790.218	290.820	64.619	160.163
792.137	291.651	63.544	159.137
794.145	291.988	63.318	159.505
796.964	292.168	63.559	159.398
798.730	291.734	64.210	160.852
800.498	293.013	65.346	162.564
803.180	293.808	65.277	162.910
807.031	294.848	64.010	163.044
812.276	296.107	63.899	163.309
814.851	297.778	64.339	161.623
815.743	298.295	63.556	161.202
814.049	296.703	64.994	162.232
812.627	296.036	66.111	163.421
810.939	293.140	65.468	164.326
808.923	292.004	65.938	164.190
807.711	290.946	66.518	163.712
806.465	289.950	67.295	165.430
805.538	289.101	67.455	165.176
805.016	288.498	67.284	164.976
805.348	287.628	66.696	165.187
803.160	287.985	68.042	164.472
800.330	288.557	68.538	162.052
797.751	289.309	68.722	161.094
795.890	288.160	67.781	161.558
796.578	287.366	66.278	162.008
796.824	286.791	65.771	161.219
796.471	286.061	65.740	161.403
796.062	285.005	66.149	162.531
795.308	283.894	66.391	162.905
794.184	283.506	67.460	162.260
792.279	283.285	67.810	162.036
789.999	283.451	66.925	160.032
789.705	283.150	65.626	160.295
788.145	282.389	64.956	160.691
788.568	282.225	65.189	160.709
788.568	282.645	65.599	159.546
787.913	282.988	65.591	160.019
786.948	283.097	65.011	160.496
786.562	282.895	65.528	160.561
786.647	282.225	66.363	161.075
786.832	282.154	67.313	161.062
787.083	280.990	67.879	162.811
787.641	280.938	67.074	162.873
788.026	280.216	66.792	164.116
788.545	279.884	66.207	164.676
787.860	279.995	65.178	164.789
787.291	280.216	64.446	163.967
787.005	280.211	63.938	163.664
786.116	280.490	63.405	163.385
785.137	280.164	64.597	162.972
785.467	280.268	65.779	162.714
785.316	280.043	66.211	163.310
785.335	279.485	67.087	163.493
783.588	279.440	68.653	162.806
781.648	279.940	69.786	162.602
777.987	282.030	70.329	160.710
776.084	282.483	69.087	159.178
773.341	282.239	69.333	158.179
772.383	282.099	68.283	157.789
771.454	281.637	67.837	159.516
771.463	282.282	69.365	162.041
769.142	284.576	67.531	161.572
761.324	284.997	70.373	163.672
757.829	284.616	68.274	164.804
756.342	284.812	67.053	162.646
755.775	284.467	65.348	163.998
758.763	286.127	62.623	163.601
762.954	287.504	61.256	162.018
772.122	287.582	61.326	161.340
775.567	287.425	63.386	160.180
777.446	286.973	63.471	162.533
771.904	287.063	64.288	162.606
767.415	287.823	64.460	162.967
766.588	287.677	64.102	164.759
768.442	288.856	65.954	162.873
769.679	289.076	65.564	163.773
770.012	288.204	65.815	163.862
769.283	287.202	66.062	162.882
766.951	284.610	65.166	165.173
765.780	283.557	65.334	166.622
762.851	284.043	67.793	165.591
760.390	283.869	69.842	164.711
759.748	284.461	69.858	165.662
759.365	284.394	70.315	167.153
757.187	284.631	72.260	167.154
754.585	286.481	74.206	164.972
752.066	285.618	74.208	166.037
748.563	284.854	75.417	168.062
744.185	286.569	77.114	168.577
741.990	288.015	79.435	167.732
741.391	288.623	79.095	169.177
740.362	289.766	78.828	166.918
738.813	288.996	78.188	167.722
737.206	288.413	77.012	168.039
735.785	287.813	75.158	168.934
736.123	287.184	73.419	168.824
736.107	286.778	72.216	169.772
735.171	287.058	72.916	169.945
736.233	288.331	72.020	170.567
736.839	290.443	71.682	170.017
737.188	291.462	71.870	170.720
738.222	292.225	71.013	171.790
739.680	293.695	71.279	170.369
740.794	294.461	71.995	170.425
742.096	294.921	72.803	170.277
743.487	294.825	71.972	170.420
746.137	295.147	71.958	169.733
751.529	293.182	71.643	169.714
756.665	291.719	73.574	171.237
763.106	292.002	74.428	170.434
767.126	292.291	75.286	168.974
772.241	292.118	76.102	167.448
776.270	292.029	76.384	167.481
778.994	292.522	79.077	167.813
781.826	291.683	81.695	168.482
783.301	289.469	85.255	170.288
784.031	287.923	90.742	169.737
786.669	286.657	93.105	167.930
789.980	284.906	94.168	168.360
791.848	282.504	93.757	167.615
796.709	280.331	89.178	166.944
801.893	280.017	86.177	167.320
805.279	279.156	84.246	166.942
806.712	278.198	82.942	168.484
806.640	278.699	81.991	169.604
806.770	278.481	79.640	171.722
807.056	278.775	78.059	171.099
805.190	279.793	77.165	168.238
805.453	279.377	75.655	167.269
806.241	278.431	73.624	166.094
808.222	277.381	70.790	167.662
808.295	275.475	70.510	170.813
807.755	274.557	70.439	172.399
806.152	273.320	72.379	173.170
804.656	272.286	73.713	175.214
800.853	272.118	77.771	175.156
797.222	271.188	81.025	176.159
794.507	271.818	83.113	175.134
792.352	271.294	83.432	175.628
786.996	271.189	86.457	174.244
784.291	269.915	86.209	173.789
782.278	268.923	86.101	172.114
781.250	267.218	83.405	172.189
779.507	267.289	81.709	171.650
776.452	265.718	80.329	173.215
774.901	265.465	80.311	174.221
773.955	265.305	79.970	174.541
773.585	264.946	79.439	176.436
770.245	266.105	81.849	174.920
766.535	266.407	84.658	176.129
764.329	265.927	86.473	177.624
757.663	266.041	91.681	176.644
754.693	265.119	92.232	176.910
752.663	265.873	91.022	176.877
746.353	267.967	90.869	179.105
738.203	270.614	90.150	177.965
726.501	272.704	84.887	179.965
712.450	275.642	86.418	181.196
704.822	279.039	84.044	181.872
693.137	283.954	91.103	181.401
690.475	286.560	92.508	179.609
687.497	288.065	92.048	178.554
687.011	287.539	91.214	179.208
689.068	286.989	94.921	178.423
697.817	284.956	92.881	178.511
701.283	282.919	91.997	178.543
701.613	282.123	95.020	177.687
698.332	282.455	96.237	177.705
698.395	281.619	93.968	180.313
693.650	284.988	94.894	178.304
688.829	286.402	91.374	179.800
685.231	288.137	90.547	178.630
682.045	288.161	91.737	178.886
683.669	287.539	93.994	179.881
694.771	285.921	86.975	180.933
699.640	286.328	82.802	180.106
700.093	287.169	80.172	178.032
699.612	286.612	85.100	177.474
703.261	286.915	76.891	177.243
710.496	287.262	68.229	176.580
713.401	287.230	64.724	176.342
715.992	284.615	62.827	180.587
717.182	285.262	63.656	179.680
718.649	286.050	62.326	178.167
719.106	285.289	62.081	179.292
717.489	283.932	63.798	181.030
713.983	282.834	67.271	179.210
710.820	283.698	68.434	175.541
711.113	282.453	66.630	175.761
712.016	279.873	65.347	177.887
713.186	278.621	64.955	181.284
715.075	277.673	62.467	180.451
715.438	277.529	62.068	180.414
716.965	277.453	59.553	179.550
718.632	278.213	59.374	177.898
720.616	278.785	58.929	176.139
721.671	278.113	58.677	177.808
721.378	278.066	60.378	178.394
721.391	281.819	60.827	174.917
722.973	280.636	59.915	176.465
722.776	282.308	58.901	175.682
724.615	285.279	58.105	172.237
722.220	284.208	60.170	173.349
721.417	283.537	59.996	174.652
719.365	285.220	61.632	171.761
719.533	292.341	61.195	164.571
717.691	291.004	58.945	165.558
717.977	298.639	58.649	156.944
718.913	297.838	56.455	156.497
722.890	297.006	53.633	157.161
724.100	297.942	54.947	158.902
723.664	303.491	55.520	152.472
722.684	292.955	54.694	161.384
722.856	300.627	56.454	154.447
715.643	294.053	63.957	158.677
715.914	300.004	66.636	154.843
703.258	287.500	67.168	158.103
705.983	282.260	67.942	169.539
705.605	281.026	68.351	167.082
704.140	281.874	67.340	167.031
703.757	283.416	64.619	163.410
704.791	282.999	60.684	162.377
703.927	282.175	62.780	167.873
705.430	282.767	61.269	166.347
702.323	281.927	61.170	166.640
699.669	281.595	58.898	163.487
697.302	282.343	58.276	159.427
697.563	282.444	62.814	163.084
698.458	280.476	67.211	169.625
702.716	284.674	68.014	162.732
705.890	282.692	69.148	163.756
705.810	279.498	67.475	164.211
707.434	277.167	65.393	165.872
771.150	289.791	63.297	155.917
709.711	266.815	65.062	176.993
712.876	271.430	62.694	166.058
718.614	273.074	68.278	167.572
720.471	269.890	60.514	169.427
725.386	272.101	57.647	167.878
728.981	274.352	56.711	168.977
732.681	277.867	56.607	168.803
736.487	284.636	57.371	167.625
723.198	285.545	61.144	170.388
725.453	292.703	60.984	170.328
708.183	294.264	55.258	159.201
712.997	296.572	55.276	163.565
711.357	291.865	55.584	169.937
711.575	292.504	53.513	166.693
712.659	291.842	55.684	167.262
717.072	298.402	56.738	156.533
720.932	297.102	57.427	158.703
720.309	295.048	53.658	161.014
720.370	296.802	56.141	159.142
719.487	289.632	56.113	167.790
712.639	294.693	58.208	164.923
710.615	292.205	55.607	168.436
711.209	292.276	56.926	167.570
710.823	290.632	55.209	171.221
712.101	292.188	54.334	169.224
710.623	293.614	54.198	167.491
712.111	296.125	57.870	163.586
711.086	294.302	56.372	166.304
711.333	298.697	58.481	162.739
709.752	303.412	57.093	157.311
709.158	299.837	58.472	160.084
708.972	298.105	58.976	162.937
707.466	293.074	56.772	167.763
705.962	294.047	57.451	167.545
705.923	292.928	56.232	169.234
706.032	294.851	58.133	168.162
705.775	291.395	57.197	173.351
708.054	298.681	59.269	166.010
705.305	292.310	57.570	168.534
704.927	294.407	59.713	170.203
706.075	301.274	60.856	162.994
706.914	290.608	56.585	171.060
712.091	297.431	61.912	165.140
705.392	288.868	61.036	167.187
717.059	302.379	61.632	157.256
706.483	289.301	62.647	164.944
716.818	300.847	60.147	155.769
703.398	284.756	62.947	167.149
710.691	296.542	61.265	158.711
701.043	280.576	63.543	165.695
706.735	291.516	58.534	162.441
706.931	296.751	55.527	151.630
706.325	285.408	58.594	167.523
706.301	286.171	58.742	168.434
706.300	287.395	56.793	162.006
709.020	288.649	56.078	163.921
704.740	277.439	56.721	179.009
704.563	278.834	58.891	176.534
706.207	279.252	60.002	174.391
707.292	280.317	58.661	174.264
707.269	281.577	59.781	173.893
706.181	285.921	58.388	167.394
703.129	284.970	57.446	166.611
701.807	289.094	58.047	166.576
701.231	288.373	56.294	165.112
701.854	290.552	57.424	163.054
705.579	286.659	56.987	172.000
707.149	288.326	59.726	165.705
708.819	290.396	60.088	162.000
709.683	288.233	62.744	162.106
711.169	289.761	63.214	161.672
711.524	288.560	64.941	164.574
713.937	292.789	65.139	161.994
711.764	288.918	64.662	165.164
710.341	289.148	65.121	165.290
710.848	290.685	62.266	165.247
712.218	290.961	62.835	167.838
714.022	291.683	62.423	168.922
717.457	290.281	64.948	170.557
720.280	292.212	67.239	168.031
722.729	287.583	66.908	173.617
726.160	287.868	67.817	172.576
727.341	284.261	69.881	172.786
729.265	283.441	72.270	171.423
730.130	281.358	68.627	171.837
731.034	280.663	66.728	170.282
732.331	281.256	63.974	169.501
729.790	278.540	65.625	169.456
728.945	278.184	65.927	168.526
733.533	278.870	61.577	168.111
725.411	279.248	61.454	163.679
728.433	279.574	67.600	167.174
722.849	282.788	64.997	164.600
719.095	279.993	62.968	164.796
717.887	285.168	63.430	159.674
719.557	287.853	61.156	159.795
712.986	296.508	59.766	151.478
713.271	303.683	58.917	144.667
716.468	294.926	55.746	156.008
720.683	294.834	52.612	157.285
722.559	303.219	50.536	150.318
720.290	288.233	56.215	162.421
723.748	287.028	54.286	165.797
723.426	283.682	56.808	170.236
724.052	284.022	60.439	169.388
720.481	281.620	59.642	172.177
722.045	287.857	65.540	164.029
716.844	280.438	65.030	175.014
717.918	282.555	68.913	170.129
713.627	281.362	66.693	173.136
717.777	286.450	69.530	167.028
708.227	282.462	71.106	167.056
707.399	279.768	67.537	170.093
706.887	279.326	65.653	169.894
705.792	280.371	64.864	170.755
707.966	281.056	62.046	168.595
705.292	281.192	62.425	171.092
706.956	282.047	61.765	170.557
704.152	280.423	63.421	172.920
704.999	281.662	61.232	170.241
704.518	281.567	59.770	169.708
703.950	281.488	60.309	171.513
702.415	281.018	59.930	170.482
702.325	281.711	60.271	169.669
701.388	280.107	60.772	172.146
700.865	282.423	62.668	169.703
700.484	280.346	61.619	171.986
701.449	283.023	61.492	168.097
704.560	282.902	63.042	169.634
706.257	282.021	64.138	170.266
708.408	283.497	65.005	168.404
710.599	282.421	62.872	169.702
712.397	282.927	64.808	170.355
713.505	282.758	63.228	170.819
715.740	283.708	64.653	170.909
715.340	283.819	62.479	171.192
716.117	284.217	60.396	170.722
716.015	284.618	59.382	168.218
715.287	284.914	64.037	170.184
713.187	284.976	65.503	170.614
711.909	285.724	63.290	168.464
710.497	286.209	62.062	167.736
713.448	286.703	65.126	168.152
714.854	286.843	67.313	167.960
714.671	286.004	68.056	169.281
717.316	285.480	63.308	167.747
717.222	284.707	63.500	168.366
718.128	283.433	63.593	167.805
719.623	284.416	63.684	164.674
721.026	282.758	66.524	168.444
721.782	282.306	64.629	167.971
723.852	282.938	63.773	167.065
723.413	279.355	63.074	171.849
719.698	282.456	63.421	165.938
718.640	282.829	63.386	169.110
712.274	286.195	65.137	161.704
711.204	286.377	63.475	164.870
711.840	286.834	61.354	164.927
711.485	285.958	60.340	167.583
711.754	285.361	62.542	166.112
714.656	286.099	62.858	164.685
721.056	287.499	63.445	164.375
725.144	286.030	65.697	167.987
726.973	286.856	63.750	165.866
723.201	285.437	64.000	165.768
722.420	285.893	65.125	164.511
716.972	286.484	64.238	162.959
713.374	285.140	65.477	162.983
709.431	283.352	67.275	165.130
708.628	283.172	66.165	166.719
708.789	282.035	66.178	168.373
710.435	282.609	64.428	165.552
713.164	283.929	67.388	167.188
714.529	283.300	64.084	170.464
713.820	285.988	65.043	165.711
714.363	288.389	63.447	165.671
716.958	283.352	64.017	170.711
718.641	282.520	65.800	170.708
721.838	281.930	67.907	173.266
725.016	283.452	69.427	169.809
726.697	283.675	72.518	166.840
730.793	282.553	73.313	169.713
736.473	283.173	73.404	166.871
738.829	283.036	74.026	167.633
736.624	285.759	66.688	165.709
743.796	287.909	65.975	164.313
742.185	295.042	60.461	155.040
752.053	298.411	61.181	154.781
759.556	291.330	60.402	163.084
769.592	292.502	62.298	163.563
778.895	295.409	68.301	160.491
792.995	295.105	67.355	160.179
808.766	297.154	68.575	160.364
828.009	306.551	63.793	150.694
827.060	293.281	63.749	162.922
822.431	299.227	70.218	152.526
829.149	303.907	66.572	153.888
836.117	315.099	61.701	137.797
840.595	290.789	67.054	149.212
850.402	289.789	71.659	151.813
847.127	290.756	79.147	156.304
858.552	289.364	76.917	148.966
858.205	293.671	73.707	146.739
864.029	291.762	73.673	139.407
880.156	289.478	61.306	146.618
883.225	289.807	62.773	132.716
883.371	284.906	63.499	139.171
886.664	283.494	62.611	142.828
884.649	286.225	67.566	144.324
881.359	285.013	68.955	147.477
877.937	287.326	73.042	143.136
873.832	288.351	77.199	144.878
868.313	287.605	80.477	150.072
864.757	290.149	83.604	142.759
856.026	292.019	81.405	140.721
853.621	290.632	90.731	144.891
745.706	304.280	78.393	136.329
760.401	313.114	66.130	125.443
778.551	311.254	56.781	130.662
788.761	308.146	54.020	128.814
801.666	305.484	49.862	133.047
807.672	299.955	54.321	136.096
835.415	294.924	55.562	145.187
849.484	294.435	67.432	153.087
853.239	293.564	67.459	152.937
851.807	293.720	66.812	154.875
853.907	296.448	76.316	154.409
855.502	303.396	75.689	148.137
858.149	309.030	87.810	146.589
857.665	313.492	84.360	138.848
865.619	320.326	87.683	137.225
841.690	317.027	94.576	135.768
817.908	317.248	80.292	138.266
818.448	318.403	78.908	134.908
813.463	314.757	78.347	135.520
812.256	309.211	71.102	138.891
810.711	307.419	70.241	140.120
789.503	308.128	69.631	134.503
795.934	314.863	66.129	137.460
771.124	316.416	74.247	131.556
735.440	320.026	75.208	128.236
732.660	328.307	60.310	126.040
731.472	321.029	57.694	136.449
761.714	301.916	71.044	145.622
757.395	302.399	80.575	147.963
758.869	304.160	78.429	147.385
754.079	302.432	73.723	149.507
752.876	299.642	72.957	155.227
753.796	300.294	71.867	155.775
751.454	299.844	69.978	155.768
765.343	310.973	66.937	138.714
755.910	315.037	76.480	127.346
768.189	319.437	67.753	117.373
779.360	321.795	60.320	115.362
779.155	321.940	60.669	111.445
783.839	319.272	63.786	114.449
785.000	318.475	64.955	122.403
792.671	319.810	60.721	116.187
794.587	318.700	55.361	118.682
796.794	319.516	64.350	113.593
799.652	320.294	64.531	111.127
798.936	317.559	68.391	122.492
795.928	316.528	66.855	117.698
798.106	316.825	75.263	122.781
796.903	315.802	74.386	122.410
799.024	316.537	81.489	123.236
800.111	315.738	78.800	121.363
808.699	318.616	70.486	119.559
811.771	319.390	69.671	118.558
812.915	319.043	68.738	115.794
814.470	319.598	66.167	111.501
815.903	321.001	61.396	105.913
819.832	320.028	62.285	111.875
821.272	318.433	64.465	113.436
823.195	320.191	59.574	111.224
826.153	319.426	61.610	111.217
829.198	321.628	59.271	108.616
831.536	321.141	57.161	109.997
832.233	322.887	53.397	105.825
831.952	322.511	51.780	107.329
832.517	322.904	52.605	112.105
833.116	323.464	52.420	110.481
834.487	323.067	54.467	110.024
840.049	324.146	53.666	112.947
838.714	326.339	54.372	109.452
836.958	328.197	54.985	107.974
837.389	327.727	53.678	106.557
836.847	327.074	53.813	107.131
837.861	331.034	53.574	103.140
837.347	333.286	53.130	100.142
837.258	335.413	52.322	99.969
838.929	336.668	52.596	98.025
846.038	336.845	49.546	97.524
847.511	335.808	50.298	97.166
851.344	336.223	49.013	95.724
857.007	336.017	45.273	94.581
860.167	333.072	42.151	93.700
861.541	331.532	47.515	96.724
863.126	328.812	55.639	100.740
859.679	325.917	58.959	98.487
855.867	325.136	64.455	103.057
854.374	323.980	60.868	101.038
851.544	321.636	67.415	107.343
847.231	320.545	69.165	110.607
845.610	319.611	67.050	117.171
845.576	320.985	64.974	119.205
843.815	327.992	64.367	113.151
839.886	330.870	63.715	112.849
833.144	327.920	62.246	115.981
827.763	327.165	65.253	116.896
824.006	327.786	68.041	117.121
676.787	298.267	77.043	173.943
681.634	297.701	77.693	170.903
689.976	295.601	76.324	162.779
703.485	300.684	72.341	163.225
711.521	296.237	78.572	161.073
714.884	295.276	84.807	163.655
719.697	293.461	94.385	166.929
722.816	293.133	106.736	167.827
728.602	293.389	108.983	166.536
737.558	294.923	99.173	163.953
742.088	295.472	95.125	161.968
741.465	294.064	88.206	164.505
746.100	284.861	89.753	168.937
752.462	286.823	92.106	162.327
771.685	289.245	84.765	154.518
798.586	296.757	92.621	141.573
802.548	294.559	101.703	141.291
817.934	299.727	100.349	132.207
822.397	297.221	103.545	136.827
844.811	309.908	82.398	124.657
850.341	316.514	81.788	122.193
846.894	309.238	74.173	131.296
845.439	303.900	78.539	134.495
848.087	295.568	83.308	144.455
848.500	289.074	86.837	149.107
848.245	286.975	89.785	145.375
846.520	281.480	91.422	149.415
849.254	274.954	91.077	158.797
850.557	273.185	86.624	155.878
851.818	275.458	87.219	156.950
852.046	276.057	89.246	158.641
852.479	278.016	94.239	157.272
865.358	280.249	85.098	150.212
870.417	280.177	76.494	150.384
870.472	282.204	75.709	147.758
872.223	285.797	76.345	143.576
872.680	288.528	76.859	141.191
879.211	289.519	71.141	141.410
889.398	291.629	65.676	143.878
889.072	289.164	67.103	142.065
864.161	278.952	79.434	149.680
859.214	271.657	78.527	155.425
858.256	267.287	77.471	164.177
854.863	264.614	76.771	164.343
853.022	269.135	71.140	155.353
860.361	268.154	74.872	152.783
876.052	273.861	76.203	147.389
862.760	268.719	75.983	149.663
856.105	270.247	82.645	150.390
856.719	269.040	80.387	152.480
857.476	266.139	77.515	154.452
868.262	267.729	85.439	150.307
859.684	265.999	81.963	150.012
863.967	264.175	86.789	153.081
858.291	268.943	82.864	143.800
866.296	268.566	80.342	146.730
891.895	278.337	66.699	138.063
907.845	283.742	52.155	130.850
904.740	283.680	54.276	134.017
897.809	281.248	58.597	134.759
882.396	277.618	63.320	141.936
891.385	286.332	65.130	142.703
885.969	283.606	68.476	143.747
896.704	288.605	60.585	139.043
889.632	284.803	66.279	143.487
890.248	289.692	64.260	135.155
891.861	294.102	60.225	130.470
885.579	290.670	62.321	131.310
872.413	294.140	61.495	133.096
865.040	296.928	64.834	126.194
861.450	291.238	61.011	130.426
894.232	303.849	52.590	111.225
890.334	304.443	56.450	107.089
890.053	305.053	58.674	109.930
889.469	304.761	59.872	111.727
891.044	306.572	56.512	110.330
891.047	307.468	54.951	110.482
889.749	305.235	54.173	114.348
869.625	303.553	67.134	116.427
843.375	293.328	62.280	132.015
839.325	295.066	65.274	132.895
825.597	284.964	66.127	145.096
817.425	277.038	71.834	152.934
815.551	279.038	72.158	142.906
811.578	285.114	75.097	136.088
806.987	286.172	74.512	133.239
798.765	288.338	72.737	132.695
802.854	290.298	81.295	136.326
776.631	291.014	85.188	129.302
771.418	295.681	96.572	133.126
758.530	296.031	90.706	132.041
751.593	299.430	86.860	131.072
723.574	304.189	90.718	128.005
708.259	304.803	82.201	128.724
691.491	300.536	77.508	132.499
683.388	305.320	87.595	134.842
662.347	304.561	89.184	133.950
662.682	308.119	89.611	133.358
661.782	310.682	89.607	136.305
634.665	321.173	109.667	126.893
621.725	323.788	110.189	127.895
607.040	323.769	81.627	127.575
563.981	327.359	85.550	126.698
565.286	330.426	82.139	128.184
557.002	335.642	75.781	127.085
530.397	332.378	74.621	130.441
515.468	333.625	85.566	129.907
496.416	332.083	96.978	130.548
484.181	330.811	94.545	135.753
470.096	329.529	77.574	136.075
459.848	328.117	66.473	140.559
450.691	329.591	75.585	141.471
442.580	330.278	97.299	141.498
425.331	331.928	91.555	141.778
428.846	331.875	73.302	144.296
417.512	332.665	76.909	145.785
412.132	332.042	64.965	143.164
404.056	329.927	59.703	141.988
404.263	327.778	73.542	144.493
388.787	324.421	85.676	147.011
389.786	324.033	89.115	146.733
409.577	323.171	70.195	144.909
366.464	328.766	75.660	150.340
361.218	328.836	93.878	149.685
358.528	332.662	77.486	145.372
361.473	337.129	78.235	137.138
368.464	338.483	71.165	136.376
367.332	329.952	66.611	145.469
368.824	325.032	67.990	150.177
371.930	318.821	64.370	155.559
372.655	318.166	64.388	158.128
461.286	317.123	56.178	146.528
467.429	319.154	79.924	143.274
465.155	319.008	82.724	143.922
467.149	316.817	73.695	142.850
469.354	317.700	69.119	143.052
475.849	322.825	64.239	138.349
485.027	320.783	61.221	139.016
487.827	321.938	55.033	137.195
482.464	317.477	58.368	140.682
480.647	319.091	59.924	140.977
473.065	319.022	58.124	142.437
453.527	322.066	63.639	140.580
474.646	318.493	57.230	139.433
468.004	320.001	50.105	139.991
463.093	322.087	56.901	139.345
451.491	321.957	62.211	139.473
416.140	324.615	70.951	138.867
315.567	336.391	73.335	140.819
308.480	341.447	79.434	137.431
302.511	344.722	85.789	134.547
291.775	343.754	91.259	134.923
282.314	342.390	92.660	139.593
277.728	339.598	100.301	142.155
275.879	350.164	106.116	134.562
274.504	350.704	103.958	133.418
273.760	347.993	96.295	134.264
269.968	343.895	90.068	139.657
269.155	346.251	84.353	137.842
267.426	346.224	79.328	136.922
269.884	352.236	69.385	128.552
267.626	347.591	76.741	132.842
266.560	349.408	75.045	132.013
266.863	349.831	75.932	130.690
267.541	348.722	76.863	131.607
268.626	349.813	73.593	130.023
270.270	349.821	72.893	129.066
342.665	347.209	72.842	120.956
340.959	346.460	61.304	129.548
326.859	347.508	65.268	131.977
445.626	325.544	60.732	137.477
452.364	328.398	55.773	135.422
446.323	329.062	58.535	133.868
445.550	329.018	58.150	134.825
445.105	328.306	56.820	135.885
445.536	328.714	56.016	137.872
449.998	330.114	52.987	136.997
446.446	324.882	58.015	143.533
450.990	330.687	57.762	139.637
450.182	329.270	55.743	138.425
451.474	331.972	56.672	137.186
447.230	327.603	55.478	137.754
450.733	328.860	57.980	136.847
444.353	325.322	57.174	138.468
450.631	325.538	55.406	137.245
441.756	324.535	56.343	137.181
454.469	326.878	49.600	133.009
439.561	323.066	56.485	138.131
447.048	326.278	59.816	135.221
446.282	324.772	53.855	135.768
451.536	326.419	59.043	133.896
443.371	326.194	55.874	134.697
440.176	324.095	53.306	135.822
441.319	328.067	54.831	132.593
435.850	327.586	54.741	133.209
437.329	331.556	53.906	129.048
430.176	325.765	54.708	134.975
432.386	330.733	53.847	131.471
427.969	327.841	52.310	131.954
430.255	329.066	50.158	133.074
427.509	326.549	51.572	134.457
430.087	327.006	51.679	134.507
427.575	323.862	55.228	136.796
426.129	324.293	58.265	136.216
427.708	325.248	61.076	135.436
428.427	324.084	61.118	136.120
438.443	326.889	48.270	132.611
431.919	330.761	54.219	129.231
428.361	324.984	54.581	135.114
423.523	324.409	62.350	137.922
424.375	327.975	62.961	138.842
428.078	329.964	61.222	138.091
424.805	331.751	57.653	134.965
422.778	333.185	59.512	136.548
422.930	335.373	55.765	134.527
430.940	340.002	55.405	131.175
429.098	336.284	53.621	133.542
435.860	338.481	54.800	134.446
429.884	336.017	60.269	133.349
428.674	334.741	65.459	136.531
432.793	337.437	62.823	134.101
438.642	340.238	58.553	130.464
438.127	338.160	58.017	130.589
432.197	338.490	57.842	133.217
430.225	337.603	57.850	134.117
429.026	344.309	58.660	129.966
430.582	339.420	53.243	132.223
417.370	339.879	59.274	133.042
409.716	339.705	60.127	136.467
410.972	339.800	58.894	132.583
401.800	338.965	57.015	132.022
395.857	340.612	58.999	129.712
389.830	341.031	68.290	128.026
390.241	345.024	78.601	124.575
381.835	336.621	73.480	131.411
239.780	345.530	63.690	138.323
243.229	353.498	54.926	133.424
245.151	355.503	52.559	130.858
242.912	352.176	54.984	133.108
245.096	352.811	56.204	130.549
240.868	352.280	57.948	128.867
234.121	354.162	62.624	129.694
209.741	352.943	63.800	130.522
193.656	354.520	61.442	133.510
197.207	356.902	67.859	132.423
215.985	354.059	56.255	131.944
207.583	354.104	65.205	129.550
209.981	341.277	74.160	143.607
251.237	332.083	64.808	151.500
253.946	333.210	68.636	148.237
224.931	344.907	56.366	139.521
224.513	344.586	62.127	137.551
227.506	341.647	63.067	137.455
290.654	345.756	52.231	133.555
292.337	347.756	58.745	131.693
282.772	346.820	70.513	130.544
299.232	346.828	53.731	130.677
298.579	349.046	66.436	125.869
303.285	348.213	80.354	126.783
306.362	347.775	82.165	127.630
300.547	346.578	89.553	129.274
254.103	343.356	62.968	136.853
251.057	335.124	73.376	142.599
263.061	340.289	78.908	139.569
258.590	341.629	76.838	138.445
271.835	344.765	69.723	135.139
278.821	341.922	66.841	136.764
282.547	342.778	66.418	133.523
282.650	341.030	65.512	134.041
283.208	339.895	64.672	137.621
283.371	339.499	63.038	137.922
283.192	338.941	63.798	138.461
282.684	338.162	66.004	137.754
281.832	338.963	65.618	136.364
282.186	340.099	64.525	135.404
277.872	342.882	66.464	133.219
274.788	343.278	67.824	133.579
272.306	342.923	68.259	133.944
268.605	344.259	70.024	133.131
267.621	343.631	66.640	132.854
269.394	344.036	64.038	131.305
269.844	343.075	63.444	131.077
270.383	342.908	63.107	132.483
271.419	342.184	65.891	134.324
271.926	342.149	69.324	133.833
273.174	343.061	71.544	134.409
274.918	344.458	74.284	133.497
277.828	345.212	76.908	132.244
280.841	344.868	77.555	134.824
283.668	345.391	77.509	134.548
286.590	345.311	76.274	133.590
290.256	343.049	74.924	134.679
293.251	341.787	72.289	134.439
298.949	339.566	64.068	135.534
299.966	339.798	62.335	135.250
300.239	339.073	60.001	135.605
302.237	339.848	57.696	136.140
302.734	338.823	55.121	134.692
303.774	340.319	53.094	132.553
304.106	340.779	52.569	132.199
304.676	341.163	51.496	131.967
304.236	342.094	51.657	131.207
303.544	343.330	52.422	130.203
301.857	344.124	54.667	130.060
301.169	344.215	55.379	131.340
299.530	344.914	56.869	132.203
298.703	345.111	57.502	133.240
297.244	344.550	58.138	135.487
294.749	344.488	59.378	135.075
294.148	344.123	58.430	135.933
293.729	344.123	57.665	135.065
293.168	343.658	55.627	134.671
292.544	343.366	55.030	133.721
292.809	343.671	53.986	131.463
292.770	343.865	53.403	131.706
292.681	343.547	53.507	132.249
292.670	343.126	53.549	132.236
291.907	343.332	53.425	131.695
292.093	343.457	52.825	130.484
292.707	343.348	51.597	130.795
292.982	343.293	50.537	130.349
293.514	342.939	48.863	130.689
292.024	343.083	49.409	130.187
288.834	342.060	51.416	132.516
284.933	341.326	53.339	133.183
281.088	340.468	56.159	134.350
277.056	339.357	56.688	136.049
272.564	339.077	58.467	137.092
267.349	338.958	57.788	137.842
265.074	338.675	56.654	138.566
263.203	339.005	56.543	137.732
262.307	338.826	55.730	137.496
262.476	339.355	53.753	136.127
261.942	339.799	53.347	137.006
261.909	340.665	53.346	137.635
262.906	340.778	52.350	139.448
264.256	340.983	52.639	140.488
265.898	341.188	52.096	141.603
267.193	339.840	55.108	146.368
267.144	340.426	60.334	146.059
268.001	339.976	63.338	147.167
271.777	338.803	62.967	146.314
275.107	338.380	62.971	145.340
279.265	336.963	57.282	146.967
279.806	338.764	57.320	145.217
280.920	339.132	58.968	146.195
279.339	338.216	67.937	147.081
278.096	336.023	73.429	149.169
277.743	335.790	76.895	149.557
277.711	334.950	75.935	150.156
281.648	334.797	71.524	149.958
284.080	334.443	70.617	149.702
286.941	333.759	68.919	149.447
292.461	332.036	63.585	151.419
295.383	332.214	63.174	149.992
299.333	330.703	63.106	151.320
301.877	331.524	65.019	150.006
304.171	330.910	67.159	150.020
308.636	330.385	69.904	150.841
310.666	329.852	75.061	150.554
314.218	329.160	76.931	151.253
317.914	329.290	79.443	151.081
319.762	330.063	86.149	149.538
328.143	330.611	83.873	149.012
332.000	330.800	83.811	148.304
337.241	328.810	81.258	148.786
342.695	327.638	77.269	148.735
345.511	326.832	74.212	149.681
352.006	326.618	67.984	149.733
357.814	328.510	63.633	147.395
363.288	328.048	59.040	147.446
368.492	327.994	56.349	146.953
370.469	329.226	56.134	146.323
374.657	329.944	59.521	145.344
377.071	331.353	68.525	143.793
377.641	331.167	79.412	144.715
379.674	330.103	85.495	147.018
383.295	329.080	86.249	148.002
388.530	329.382	83.677	146.470
392.128	330.439	81.933	144.134
395.871	330.455	82.143	143.771
400.083	329.726	80.050	144.157
406.783	328.577	74.988	144.674
416.064	330.025	66.036	142.578
421.841	330.991	61.806	140.712
428.179	330.112	58.547	141.363
432.986	328.820	57.939	142.182
435.780	328.285	61.348	142.647
439.665	327.131	64.975	144.300
440.675	325.184	71.485	145.876
439.755	326.050	75.317	144.703
438.773	326.393	80.809	143.300
438.765	326.297	84.060	143.377
438.639	327.426	87.124	142.711
441.613	327.761	84.433	142.196
444.746	327.848	81.933	140.993
447.979	327.875	79.246	140.778
451.098	327.080	75.063	140.146
455.182	325.860	68.343	139.000
457.381	326.079	65.941	138.279
459.599	325.406	64.304	139.532
462.727	325.249	66.584	139.591
464.688	326.164	70.922	138.656
467.787	326.261	74.316	139.176
470.835	326.071	76.685	139.309
473.797	326.171	73.687	139.369
474.742	324.740	71.171	140.138
475.091	325.217	71.438	138.804
477.160	324.573	69.982	138.764
479.433	325.263	67.975	136.396
481.031	325.015	66.708	135.558
482.812	324.664	65.980	135.432
484.932	324.550	62.607	135.424
486.701	324.023	60.462	135.511
490.463	324.094	57.939	135.280
493.904	325.199	58.883	133.335
498.821	324.729	60.217	134.424
502.635	325.293	62.106	133.684
505.400	325.032	63.624	133.906
508.105	325.310	66.621	133.540
509.312	325.493	64.172	132.916
509.988	325.310	63.282	132.431
511.269	326.002	63.759	130.969
513.497	326.201	63.359	131.295
517.157	326.598	63.490	131.698
519.506	327.495	62.356	131.505
522.090	327.869	61.324	131.358
523.527	327.372	62.775	131.496
523.512	326.674	67.533	131.903
523.219	326.280	70.116	132.684
523.540	326.033	70.309	133.448
525.448	325.340	72.376	134.154
529.582	324.601	72.003	134.780
532.384	323.257	71.251	136.332
536.845	321.522	69.945	137.071
539.097	320.558	68.809	137.586
541.475	319.536	68.265	138.343
543.617	318.550	66.211	139.222
544.755	317.998	65.770	139.051
546.263	318.319	65.740	139.848
548.146	318.712	65.281	138.593
551.361	318.316	65.257	138.986
553.899	318.693	69.375	138.609
556.335	318.528	71.001	139.554
558.229	318.686	70.766	139.194
560.627	319.706	69.617	137.302
563.334	321.678	71.243	135.324
566.833	321.546	71.485	136.013
570.335	321.504	72.509	135.447
573.104	321.827	75.607	134.631
574.915	320.837	74.354	135.428
576.421	320.816	74.835	134.719
578.257	320.310	70.140	134.907
580.283	320.309	62.883	134.203
581.612	321.962	60.838	130.672
582.175	322.912	59.811	129.950
582.139	322.096	58.322	132.149
581.404	321.932	58.577	133.707
583.078	321.040	57.178	134.397
585.857	319.652	57.293	135.362
589.969	319.733	56.837	134.395
594.615	319.577	56.774	135.010
597.510	319.717	56.194	134.915
599.585	318.919	57.962	136.173
602.728	317.928	58.555	136.796
604.979	317.144	58.977	137.574
607.271	317.747	56.877	135.905
609.498	318.284	55.624	135.594
609.944	318.305	55.247	134.421
610.435	318.978	54.957	132.970
611.008	319.590	53.904	132.440
611.463	319.894	53.507	132.343
612.901	320.205	53.657	132.880
614.332	321.166	53.594	132.553
616.265	322.472	55.926	130.490
618.489	324.214	56.652	125.899
620.951	326.649	55.660	120.958
622.161	328.035	54.713	118.341
624.226	329.199	53.950	116.598
626.941	329.628	52.232	115.819
628.724	329.781	53.144	115.598
630.272	328.350	53.775	116.630
631.603	328.469	54.046	115.658
633.052	327.528	53.104	115.417
634.389	327.197	52.447	115.942
634.770	327.466	53.343	114.896
635.875	327.426	51.873	115.466
635.985	327.572	51.150	115.559
636.932	325.671	50.679	118.586
637.837	325.224	50.940	117.586
639.485	322.881	48.878	119.760
639.802	322.632	49.609	119.870
640.632	322.356	50.437	120.446
640.941	321.986	51.508	120.901
642.146	320.996	51.711	121.978
641.900	320.641	53.246	122.688
642.086	318.844	52.776	125.265
641.586	318.502	53.547	125.238
641.700	318.234	52.897	125.628
640.944	318.515	54.940	125.816
642.065	318.916	55.126	125.587
643.849	320.695	55.068	123.751
645.358	322.369	54.611	121.982
646.586	323.756	54.385	121.408
648.811	324.644	53.856	120.222
650.390	325.083	54.797	119.164
652.453	326.133	54.298	118.155
654.551	325.445	53.651	118.826
657.110	324.704	52.059	119.403
658.499	324.048	51.792	119.117
659.592	323.401	51.204	119.124
660.474	323.446	50.861	118.459
661.125	322.854	50.567	118.759
661.984	323.000	49.908	119.075
662.528	321.702	50.669	119.882
662.795	321.235	52.140	120.159
662.966	319.912	53.952	121.289
662.709	319.033	56.107	122.265
662.865	317.386	58.434	124.009
662.741	317.000	61.050	124.469
663.025	317.693	61.459	124.330
663.713	317.693	61.738	124.330
663.955	315.862	61.529	126.308
663.447	315.517	58.926	126.641
662.076	314.502	56.490	127.141
660.930	313.936	56.659	127.299
660.637	314.528	54.989	126.789
658.614	315.672	56.622	124.987
656.624	315.758	57.446	125.420
654.799	316.725	59.193	124.664
654.213	316.632	58.463	124.328
653.736	316.214	57.724	124.312
653.603	315.266	56.369	125.091
652.268	314.854	56.424	125.576
650.970	313.391	55.102	126.768
650.090	312.038	54.470	127.930
650.279	311.405	52.881	128.705
650.624	311.139	51.824	129.552
650.459	310.737	53.634	130.956
650.786	310.650	55.297	131.951
651.186	310.851	56.173	132.185
650.494	311.231	56.684	131.751
647.149	312.395	59.515	131.009
645.415	312.887	59.157	132.041
644.222	312.684	58.854	132.437
641.945	313.319	57.698	132.410
639.963	313.795	57.832	132.274
638.309	314.077	58.770	131.879
637.097	315.065	58.106	130.168
633.998	315.395	56.769	129.807
631.791	314.931	57.095	130.052
629.864	315.473	58.227	128.848
628.721	315.296	58.803	129.144
628.429	314.444	58.857	130.383
628.294	314.108	59.218	131.021
629.146	314.213	58.450	130.184
628.198	314.187	58.866	128.436
627.061	314.266	58.367	129.545
626.286	314.793	57.954	130.975
622.264	316.475	55.819	132.255
615.719	318.420	60.185	130.670
604.697	320.590	70.479	128.495
592.129	319.834	82.040	130.054
580.605	318.472	90.750	135.143
573.319	319.427	96.459	134.879
571.211	318.822	94.967	136.195
568.753	319.186	92.447	136.164
565.254	320.041	89.673	135.778
560.533	318.894	86.468	137.834
555.727	320.489	75.761	135.970
547.550	320.664	77.002	136.478
540.589	322.703	76.868	134.982
538.337	324.862	73.928	133.837
536.711	325.143	71.985	133.133
536.397	327.247	64.287	130.528
534.629	329.718	62.571	127.154
533.697	331.660	62.164	125.652
531.364	332.291	65.983	125.682
532.056	331.421	64.307	127.485
530.420	331.614	64.417	126.854
530.741	329.584	61.490	128.726
529.998	329.628	60.122	127.408
529.135	330.385	57.915	122.951
526.604	329.344	58.058	124.184
524.579	326.049	58.611	127.783
523.894	328.787	58.868	124.956
523.284	331.192	58.661	122.386
523.049	331.150	59.385	121.346
522.118	330.945	59.051	120.496
521.251	328.489	60.231	121.133
519.705	322.103	61.681	127.060
519.779	317.905	61.759	131.247
515.673	314.802	62.183	133.882
515.111	316.427	57.710	130.786
511.946	312.133	54.602	134.831
508.512	315.738	50.386	132.796
505.447	316.560	48.664	130.637
501.355	321.742	50.483	126.285
498.381	320.662	53.328	126.958
493.505	318.425	60.922	130.376
493.517	324.247	61.790	125.511
493.700	328.897	61.710	120.550
489.273	330.442	62.139	120.643
488.992	334.412	65.088	119.148
487.386	333.683	59.416	120.056
496.106	335.324	63.766	116.247
487.443	338.317	69.960	112.801
484.785	337.313	67.204	112.737
481.395	337.453	65.962	113.284
477.627	337.500	65.039	113.232
472.164	337.922	61.219	114.179
468.126	339.688	57.449	113.589
467.845	337.908	57.312	114.897
467.766	339.203	64.805	114.018
464.068	341.968	55.731	113.218
461.433	345.096	60.243	108.840
460.771	347.619	59.460	105.789
457.683	348.226	54.555	105.110
452.126	341.630	53.765	111.247
446.062	335.974	56.654	115.440
440.198	334.675	59.387	117.347
435.565	335.849	59.166	116.317
438.955	338.650	52.481	115.268
443.743	342.497	49.755	111.670
446.802	339.937	46.633	113.909
443.968	340.174	49.400	114.063
439.896	342.316	50.000	111.164
439.836	341.015	49.878	112.670
438.691	342.909	47.111	110.127
438.892	343.527	47.135	109.827
433.369	344.461	46.256	110.534
434.762	339.184	47.959	116.810
432.960	339.675	46.907	115.454
430.848	340.506	49.534	114.268
428.265	340.951	48.639	113.356
426.270	341.129	48.096	113.103
423.299	341.908	46.659	113.479
420.300	345.392	51.298	110.633
419.389	343.729	50.526	112.372
419.850	343.133	47.685	112.214
416.337	343.278	46.190	112.150
413.784	338.928	48.071	115.118
410.111	340.581	49.958	115.004
408.232	340.515	52.034	114.344
404.989	340.849	54.368	114.117
402.218	342.677	58.312	112.739
402.082	345.840	58.026	109.785
399.550	344.133	59.827	112.604
397.134	343.417	61.402	114.153
395.647	345.295	61.325	112.352
393.611	342.731	64.091	115.690
391.203	342.158	63.618	116.864
388.027	343.185	67.471	116.173
385.839	342.701	65.049	116.230
382.510	341.472	65.808	117.974
382.157	343.093	61.488	116.072
380.764	343.163	58.990	115.735
379.194	341.560	58.290	117.500
375.533	343.450	57.097	115.656
374.744	342.869	57.674	116.504
370.993	341.370	56.687	118.767
368.122	341.176	57.884	119.026
365.023	341.719	58.163	117.657
362.423	343.489	59.333	116.383
359.761	344.385	60.246	115.818
356.562	341.321	61.926	118.474
353.302	342.564	60.699	119.673
348.934	346.228	64.254	116.148
348.707	345.674	62.861	116.383
346.261	343.463	60.863	118.315
341.901	341.872	60.504	119.549
339.104	342.490	58.659	119.182
336.985	343.324	55.323	118.787
336.349	341.940	53.217	121.382
333.437	342.370	53.364	121.428
330.796	343.151	55.189	119.796
324.436	341.210	61.096	122.673
320.604	341.733	65.056	123.146
317.337	342.981	66.471	123.827
313.188	343.116	69.983	123.574
311.360	343.090	71.239	124.180
308.849	343.539	71.633	124.354
304.863	345.859	72.486	123.141
301.172	345.409	71.053	123.927
297.551	344.647	69.691	125.236
294.233	344.732	67.774	125.510
290.536	347.932	65.925	122.297
286.786	350.631	61.040	120.139
284.111	345.763	59.638	123.960
278.397	348.394	58.811	123.595
273.539	349.704	61.769	121.649
272.745	349.789	61.936	122.289
273.558	347.492	60.986	124.586
271.343	348.384	62.465	124.077
270.603	350.334	61.642	123.534
265.452	350.531	65.907	126.804
264.321	347.658	66.170	127.321
262.461	346.319	66.611	127.752
258.744	344.813	65.882	128.035
259.180	355.084	58.617	118.756
252.175	361.884	57.157	118.616
236.314	352.033	72.821	127.231
240.068	341.271	65.011	135.794
245.840	325.133	59.188	153.541
244.986	328.416	63.241	152.861
241.438	330.310	63.564	151.542
241.295	335.113	62.363	148.807
245.797	327.993	68.819	156.562
260.111	326.247	72.728	157.206
222.254	334.527	76.341	151.560
210.883	344.220	65.577	139.572
212.204	350.046	58.137	129.610
208.731	353.270	60.160	128.023
197.001	353.718	60.682	128.864
196.668	353.931	62.544	129.220
187.049	352.449	57.905	130.658
184.896	355.213	58.590	128.621
271.993	331.780	63.905	145.623
277.277	329.417	70.535	149.951
277.132	327.735	63.561	152.634
299.079	332.957	62.136	145.104
297.756	329.945	76.081	143.513
340.276	339.310	65.078	131.240
295.723	325.860	64.961	147.007
300.884	338.178	69.720	136.512
286.855	327.598	64.251	147.744
279.267	329.012	64.565	146.772
271.006	330.683	73.395	148.497
268.559	329.624	81.792	151.555
269.642	330.032	82.581	154.298
274.286	331.898	76.206	152.021
278.269	336.872	65.401	145.333
279.004	341.481	59.416	141.115
281.361	344.211	64.130	136.324
284.355	341.833	62.047	137.193
268.269	346.244	74.803	133.658
277.776	337.287	59.880	138.718
261.196	349.219	61.867	131.471
248.752	354.747	70.744	123.452
239.731	354.068	67.349	125.031
230.918	355.200	62.049	124.959
225.776	357.686	58.411	122.921
221.329	358.627	57.988	124.907
216.607	357.628	58.949	125.216
210.269	358.564	56.743	123.860
203.143	358.692	56.715	125.447
200.807	358.577	57.474	125.292
198.493	359.243	55.211	124.396
192.210	360.041	54.400	125.971
186.238	359.892	54.293	127.291
178.298	360.996	60.349	126.719
171.139	358.142	60.894	127.896
165.786	357.477	58.629	130.291
161.560	358.243	58.810	128.045
157.691	358.798	59.750	127.232
150.557	360.874	59.011	128.789
148.373	363.530	57.321	126.761
146.152	363.299	56.036	127.927
140.937	361.080	56.413	127.945
135.996	360.373	57.125	127.023
133.185	362.383	56.286	123.839
129.674	362.412	58.837	122.951
129.184	361.917	55.611	124.454
128.382	363.869	54.221	122.261
128.051	365.880	53.102	120.165
126.228	366.393	52.594	119.637
121.713	363.516	54.773	123.085
117.908	365.910	56.803	120.449
115.490	364.066	57.093	119.840
112.482	363.661	55.920	119.119
107.129	364.180	58.361	119.972
97.597	363.172	57.115	122.430
89.835	363.561	60.479	122.584
80.960	362.058	62.855	123.472
70.280	362.232	59.735	123.040
57.779	359.794	61.268	126.104
44.352	360.967	60.456	125.016
27.833	358.089	62.638	123.422
12.650	356.665	63.792	124.690
3.996	355.124	58.115	129.341
2.095	351.548	47.486	131.611
1.426	364.405	36.027	119.785
0.826	360.809	29.511	122.008
2.032	366.770	33.203	118.984
2.430	362.401	37.928	111.056
0.893	363.823	30.285	110.248
1.434	374.659	37.751	104.519
0.013	365.084	40.087	113.435
0.991	362.271	48.792	119.142
2.413	352.335	53.970	122.588
2.134	357.189	50.561	111.528
2.797	341.761	36.743	129.192
2.580	346.283	45.504	120.895
2.944	337.639	43.993	126.933
2.548	342.311	49.010	125.296
3.560	337.457	44.651	131.877
2.713	344.385	46.807	128.983
1.432	334.007	44.064	136.330
2.625	339.567	48.163	130.805
2.070	334.825	40.679	136.698
2.149	341.769	49.161	128.486
0.000	335.538	42.014	132.514
1.521	345.110	49.790	120.913
0.000	340.446	41.776	127.553
0.000	341.794	45.721	120.133
0.729	347.969	47.044	119.257
0.000	337.970	43.767	122.163
0.701	354.711	47.263	115.091
0.041	346.461	40.424	119.442
0.530	351.811	46.543	115.679
0.000	345.063	37.921	119.594
1.671	347.658	47.878	117.727
0.000	336.317	39.341	126.628
2.721	352.658	47.612	109.025
0.003	344.295	41.662	118.521
1.128	359.865	43.847	107.908
0.264	343.213	37.244	119.098
1.728	352.571	45.580	108.684
0.049	352.704	38.617	112.679
0.426	352.651	45.354	111.776
0.066	342.975	42.653	120.728
92.317	336.960	51.027	112.350
280.517	338.342	56.071	113.089
304.420	339.659	59.217	113.737
308.853	340.119	56.484	114.015
305.681	339.231	62.746	113.315
310.445	339.812	58.435	111.475
316.686	338.211	55.642	111.305
315.945	338.594	61.792	111.856
418.488	346.440	63.161	96.047
416.507	350.259	64.297	92.003
407.912	354.753	73.353	87.934
397.720	356.390	70.551	85.546
394.118	360.032	56.799	84.189
384.089	361.654	53.308	83.804
383.093	361.155	47.949	82.650
373.370	364.494	78.309	79.237
376.558	363.272	81.853	80.627
343.155	362.404	52.280	90.168
339.590	355.515	60.167	94.615
326.949	348.152	60.898	103.572
334.468	344.746	66.349	105.516
333.109	343.823	69.997	107.275
334.031	343.158	67.470	107.102
349.628	347.969	66.326	100.275
349.878	344.635	50.010	102.134
334.071	334.287	55.814	122.097
320.308	339.260	59.955	118.549
303.140	359.129	59.969	96.344
298.463	358.941	66.231	94.825
292.358	358.691	68.117	98.255
280.566	359.627	77.640	95.441
271.505	359.197	76.563	96.448
265.367	358.960	57.556	95.374
270.166	361.212	55.478	96.691
267.556	360.630	51.249	95.072
267.311	360.930	56.890	96.752
266.965	360.021	53.851	96.503
263.423	359.402	56.598	99.520
259.274	359.861	61.303	100.462
255.789	361.113	57.694	98.879
257.227	362.954	53.894	96.809
255.409	363.906	45.913	95.687
256.135	363.807	49.142	97.229
250.961	365.267	51.860	98.979
247.459	367.339	55.003	98.792
245.316	368.591	54.740	98.508
249.907	368.850	50.331	97.794
251.126	367.245	45.280	98.812
252.370	366.727	42.931	99.940
253.104	366.751	40.544	100.174
253.281	363.563	41.864	102.835
256.981	360.819	43.725	105.090
255.949	359.289	45.514	108.498
254.957	360.351	43.954	108.912
259.467	360.263	47.279	107.808
258.307	361.100	48.428	107.499
257.977	361.722	50.373	106.888
258.016	361.747	50.528	106.514
262.660	361.454	48.574	107.598
258.261	360.426	51.472	108.282
258.366	360.591	53.193	109.022
254.790	360.217	51.918	109.477
251.352	361.386	48.940	107.517
241.625	365.794	52.535	104.207
234.921	368.819	48.864	101.170
222.308	372.812	52.530	95.655
217.212	371.426	53.805	97.338
219.221	372.306	49.821	95.356
216.762	373.665	52.154	95.117
212.124	373.585	55.248	95.854
206.873	371.890	58.731	97.758
202.543	371.628	62.988	100.903
196.293	369.169	69.241	102.832
188.710	367.310	77.180	104.185
183.747	368.753	82.336	101.276
180.737	367.069	84.341	103.380
175.276	367.587	89.418	103.021
174.151	370.273	91.232	100.769
176.772	369.697	92.189	101.450
182.744	364.223	84.583	105.898
164.672	372.755	80.840	100.573
149.597	369.899	67.952	102.363
150.917	365.812	66.467	110.093
168.063	365.968	80.508	105.264
171.814	370.975	71.513	101.284
171.176	367.769	71.113	105.961
171.601	367.997	71.529	105.167
178.513	375.217	67.480	98.511
180.485	380.737	70.785	93.107
183.955	384.888	67.748	89.699
186.507	381.754	65.299	93.952
132.021	360.204	58.449	116.158
130.966	359.981	58.216	117.268
131.046	358.951	59.784	118.110
127.948	359.600	64.972	116.329
127.149	356.582	84.356	120.800
130.533	355.219	61.529	122.872
196.771	387.296	61.229	88.024
203.755	381.351	53.806	92.641
204.969	376.565	56.202	97.882
202.633	372.105	59.869	102.033
203.800	382.773	58.865	92.119
206.345	386.245	57.752	88.657
209.866	385.814	55.667	88.178
213.041	380.012	56.038	93.555
216.005	377.869	56.639	96.721
216.729	379.557	56.083	93.805
217.775	380.926	60.192	92.736
218.865	382.048	61.086	91.995
220.797	378.764	62.614	94.811
223.521	378.211	61.183	94.994
228.048	380.233	61.795	91.640
232.037	376.192	62.334	95.504
233.758	375.345	65.203	96.506
239.598	371.135	65.048	99.618
242.018	376.075	70.773	95.097
250.519	372.659	67.918	98.849
254.341	371.844	67.139	98.539
259.228	370.105	66.858	101.149
263.838	368.543	66.871	103.137
269.392	368.021	67.019	102.656
284.012	366.799	57.831	101.215
293.411	364.457	53.090	104.756
299.709	362.603	52.326	104.885
303.144	362.620	53.745	105.087
311.237	362.312	56.348	106.877
370.080	350.166	69.316	114.296
525.007	315.814	63.892	149.308
523.333	315.753	74.827	146.790
522.911	314.745	86.123	147.522
522.311	312.286	90.141	150.483
521.962	310.629	88.071	152.946
523.881	310.742	81.518	152.570
524.298	311.393	76.008	152.054
522.975	312.582	71.367	150.734
519.559	313.713	66.085	150.256
513.371	314.326	69.909	150.218
509.634	313.952	71.821	150.622
507.653	314.713	75.365	150.754
505.189	312.953	79.425	152.996
500.828	311.411	84.320	154.606
498.702	311.260	86.684	153.698
495.966	311.456	88.646	153.831
497.305	310.570	84.183	155.581
497.544	311.447	80.271	153.373
494.897	313.356	78.975	150.409
498.226	313.926	69.366	147.936
499.033	314.186	65.693	146.226
502.197	312.799	65.875	149.661
505.816	312.439	65.290	149.827
507.571	312.796	64.668	150.643
509.137	312.439	63.693	150.309
509.961	312.182	62.791	151.068
509.762	312.639	64.304	152.146
508.107	313.768	62.124	153.162
506.528	315.162	61.125	152.229
503.783	314.598	62.879	152.983
503.054	312.692	62.887	154.692
501.802	310.394	66.670	156.668
500.685	308.777	71.333	157.486
499.412	306.959	74.844	159.606
498.654	306.838	76.702	161.824
497.247	306.858	77.884	162.388
494.175	307.160	82.744	161.980
494.725	308.046	82.101	162.567
494.008	310.196	83.704	160.092
491.971	308.423	80.541	162.054
487.846	307.278	79.419	161.573
481.990	304.513	86.449	164.302
476.371	303.316	82.611	166.838
475.146	306.532	78.508	164.132
478.002	308.745	83.823	161.669
479.947	308.194	98.810	157.300
475.526	306.739	74.470	160.602
474.413	309.154	75.603	157.760
471.328	308.382	74.711	162.062
468.876	307.258	71.562	163.490
465.842	307.491	72.321	164.666
461.143	306.471	72.974	166.778
459.004	306.423	74.261	166.489
456.344	308.086	80.703	163.515
506.656	314.623	74.265	150.547
504.726	319.874	78.635	146.509
510.883	321.162	77.410	139.682
508.480	315.306	76.572	147.643
512.784	322.576	77.446	139.602
518.430	325.011	83.056	136.026
514.382	319.339	73.767	139.498
586.035	332.129	55.596	114.375
583.610	333.592	54.670	110.556
589.343	335.876	54.835	110.770
590.087	336.091	58.953	111.605
593.917	335.354	52.992	110.295
597.820	333.743	54.632	112.943
600.165	333.568	57.187	112.970
607.435	332.811	54.415	113.748
618.158	332.149	54.831	114.319
626.807	328.978	54.800	116.616
630.949	328.835	56.096	115.262
634.576	328.687	54.097	115.243
638.669	328.912	53.424	114.314
641.576	326.559	59.713	116.449
641.028	324.726	63.668	118.015
642.648	324.344	59.680	116.917
642.929	324.811	54.908	117.269
643.856	326.148	54.895	115.918
646.778	325.128	56.478	117.394
648.747	326.218	54.385	116.438
651.822	324.987	53.197	117.028
654.386	324.390	54.333	116.288
660.325	324.231	55.588	114.652
662.548	323.445	55.531	113.479
662.954	322.403	57.896	116.719
666.392	321.739	56.127	117.666
663.596	322.022	60.369	116.805
664.854	319.335	59.133	119.835
666.940	319.399	58.088	120.213
663.327	319.451	62.193	119.712
662.930	319.625	59.431	118.416
662.933	318.894	59.639	118.407
665.408	319.329	58.848	118.510
663.427	319.964	61.023	116.064
661.391	319.868	62.858	115.497
660.177	320.499	63.816	114.419
659.805	320.997	63.340	113.037
659.502	320.832	62.917	113.534
660.314	320.243	62.004	114.436
658.459	319.215	64.443	115.307
658.370	317.725	64.411	115.664
659.775	317.384	63.421	116.350
661.089	317.924	62.270	115.290
660.985	316.775	62.500	115.913
660.512	316.757	63.221	115.609
660.879	316.485	62.854	114.899
662.428	315.984	62.497	115.365
662.835	316.419	61.945	116.042
657.629	315.930	65.117	116.932
655.107	316.357	65.280	115.966
656.531	317.094	62.651	113.991
656.846	316.660	60.648	115.845
653.688	317.204	61.642	115.364
649.807	318.401	63.647	114.831
647.305	318.772	62.546	113.984
643.450	318.400	61.353	115.821
638.469	320.017	59.659	115.641
633.583	321.887	59.540	115.152
626.071	326.849	56.757	113.895
625.202	329.684	60.369	113.930
622.007	330.278	62.560	113.739
623.526	330.566	60.856	114.608
622.384	330.723	63.012	114.731
618.070	329.859	60.672	115.884
619.229	328.530	61.050	117.310
615.045	327.651	62.354	117.528
614.778	327.304	61.171	116.393
616.482	326.520	58.347	117.540
615.717	326.347	55.230	117.109
616.822	326.055	54.297	116.767
618.263	326.747	56.087	117.811
617.932	326.286	52.911	116.295
616.963	326.361	54.930	116.413
615.632	325.686	52.207	116.672
613.689	325.964	54.900	115.686
610.161	325.350	55.717	115.671
609.978	326.258	57.696	113.792
608.752	325.885	59.898	113.407
607.046	324.453	60.089	115.288
608.868	324.748	55.272	113.712
606.161	325.022	50.933	112.698
601.379	325.003	52.832	112.722
601.312	325.355	54.029	114.003
604.106	325.113	53.034	114.501
603.013	325.414	52.140	114.096
601.884	325.425	51.185	113.934
601.875	325.866	50.079	114.380
600.889	327.143	54.303	113.311
603.932	325.939	49.966	113.948
601.477	327.753	54.343	112.386
599.889	327.781	60.546	112.350
596.612	327.084	61.806	113.812
596.448	327.256	65.990	112.402
596.464	326.460	67.785	111.636
593.252	325.532	74.168	111.502
593.487	323.601	75.852	113.528
589.257	324.783	80.252	112.682
590.093	324.485	81.446	111.721
590.600	323.838	77.292	111.414
590.516	321.834	68.575	112.653
590.613	317.316	66.715	118.202
590.205	315.477	67.760	122.334
587.691	312.066	66.267	127.122
587.862	308.144	67.009	132.675
591.843	306.884	68.736	132.379
582.499	305.691	73.604	135.020
587.022	306.364	75.635	133.001
579.305	307.792	81.037	133.653
598.884	310.800	59.921	132.389
592.128	324.159	57.844	119.093
588.313	328.158	60.124	119.907
581.896	330.677	62.729	116.819
573.357	332.765	66.274	115.459
570.681	334.718	66.279	114.440
562.965	336.675	68.480	112.565
563.493	337.067	68.013	112.255
561.432	337.950	66.577	112.146
560.709	338.001	67.839	112.499
556.507	337.796	72.275	111.801
554.088	336.258	73.070	113.234
551.029	331.629	74.165	119.359
550.257	322.217	74.499	126.600
544.621	315.392	76.021	133.365
542.471	306.667	75.499	139.650
542.823	299.071	69.938	146.952
420.051	310.421	66.918	156.829
431.806	316.613	65.419	152.764
433.747	312.650	72.574	157.978
425.281	308.891	70.195	159.165
432.423	308.742	76.901	161.334
418.556	317.650	71.832	147.396
542.588	314.695	58.181	132.759
540.910	318.650	59.904	130.554
535.698	326.719	61.359	122.888
535.279	326.954	60.087	122.269
535.205	329.732	59.704	120.726
535.631	332.951	57.613	117.158
533.749	331.478	55.549	117.886
534.533	332.508	53.016	116.963
534.606	332.418	53.133	118.299
535.060	331.857	50.610	116.864
536.193	331.815	50.846	116.367
536.805	330.475	51.399	118.028
537.504	330.768	52.639	118.849
539.883	330.694	52.767	118.434
476.282	326.074	58.948	134.407
540.043	328.198	51.502	122.273
540.027	329.272	53.083	120.303
537.313	328.559	55.797	122.563
538.605	329.894	55.109	121.233
537.775	329.678	56.044	121.225
529.959	326.336	60.129	129.308
534.676	327.557	54.622	124.741
532.183	328.951	55.967	123.130
527.380	330.120	57.993	122.970
523.961	328.787	59.305	126.584
526.145	326.236	55.621	127.931
527.641	325.050	52.894	128.127
527.940	325.525	52.996	129.427
526.570	323.377	57.744	132.204
521.339	321.450	64.478	134.949
501.343	317.247	82.706	144.214
503.932	319.986	81.418	141.989
507.399	320.163	78.182	142.717
509.081	314.616	78.276	147.716
505.650	318.909	80.730	144.388
449.242	323.956	67.837	134.559
449.180	323.842	65.856	133.146
450.010	324.383	67.692	132.860
446.428	324.369	61.643	134.687
445.264	322.743	70.417	135.947
440.000	322.748	61.564	137.983
439.394	320.769	63.927	138.882
429.954	322.152	62.024	138.809
514.078	308.462	69.085	154.557
511.112	304.307	72.203	160.006
508.351	307.732	75.209	157.110
506.508	302.319	74.001	161.458
503.394	302.411	76.881	162.318
499.959	302.136	78.059	162.224
498.913	300.698	77.599	163.371
497.994	301.501	77.605	161.478
497.696	301.059	77.496	162.224
497.252	300.754	77.706	162.712
497.697	296.988	75.276	166.369
498.727	294.468	73.606	168.121
501.698	293.063	73.205	169.470
501.756	291.300	73.941	169.589
500.218	290.068	74.348	169.674
493.762	290.699	75.501	170.105
489.090	292.160	74.148	169.370
483.155	293.067	75.177	168.023
479.026	296.064	74.197	167.301
476.695	298.817	72.597	169.079
476.458	301.348	70.041	168.779
477.005	300.851	69.216	170.741
475.493	301.991	69.935	170.844
470.781	301.900	72.907	171.375
463.203	301.256	75.090	170.126
452.611	300.772	74.385	167.942
449.354	297.814	73.784	170.830
446.301	297.725	73.720	169.539
443.950	294.936	74.003	172.973
442.494	293.816	73.420	174.266
439.293	295.128	74.004	173.027
437.915	293.876	72.324	174.524
435.867	293.457	72.720	174.545
433.064	294.187	75.983	173.252
431.456	294.384	77.740	175.136
429.023	294.874	78.433	176.183
427.756	294.839	78.945	177.790
427.026	294.632	78.936	179.349
426.779	292.884	76.771	181.974
425.202	291.878	74.860	183.170
416.193	292.827	78.137	181.364
410.028	292.495	79.092	181.746
403.944	291.486	81.753	182.554
398.687	291.591	83.329	183.620
394.057	290.928	83.951	185.429
387.738	291.657	86.845	185.531
384.808	290.843	86.303	186.255
382.568	291.111	86.468	185.170
381.271	290.843	85.614	186.772
379.213	292.640	85.600	187.627
376.293	293.461	86.228	184.977
375.278	291.917	87.073	186.304
375.325	291.351	85.732	186.751
377.062	290.814	83.168	188.450
377.888	289.543	81.155	190.629
377.787	288.439	81.389	191.034
377.939	287.456	80.128	191.687
374.958	286.932	81.666	192.387
371.048	287.776	83.295	192.008
367.409	286.977	84.756	193.651
364.351	288.497	84.658	191.881
360.919	291.294	84.846	189.959
358.527	289.962	86.313	193.134
356.188	290.811	86.293	193.914
352.593	291.719	87.166	195.010
348.582	295.162	86.885	192.414
347.041	292.289	85.882	196.142
345.370	289.770	86.113	198.717
344.192	287.954	86.655	200.108
343.244	286.327	88.093	202.090
343.061	284.093	91.085	204.608
342.849	282.227	93.812	206.193
343.311	281.836	96.380	206.248
343.149	281.820	98.400	205.549
342.526	281.826	99.835	205.947
343.861	281.512	99.118	206.562
343.969	280.101	98.909	207.973
343.752	280.395	101.160	208.098
343.824	279.683	102.725	208.391
344.129	279.119	102.324	208.719
344.982	278.977	101.007	209.251
347.289	277.417	97.629	211.277
349.986	278.614	93.833	209.547
353.076	277.906	90.863	210.050
356.367	278.758	88.633	208.898
359.315	279.121	86.610	207.729
360.262	278.923	86.372	207.938
361.050	278.923	86.013	208.033
361.622	279.207	86.825	208.127
362.478	279.377	87.965	207.301
363.691	278.952	89.410	207.158
367.871	277.017	90.023	209.198
368.369	278.614	93.476	207.636
368.497	278.578	94.459	207.360
368.077	279.107	95.660	208.662
367.993	277.663	96.132	207.907
368.108	277.104	96.492	208.197
368.531	277.603	97.643	208.958
370.260	276.262	98.544	209.060
373.483	275.350	97.910	209.997
375.989	276.808	95.665	208.261
378.508	276.877	92.745	208.815
379.585	275.333	90.678	209.944
380.513	274.576	89.945	210.634
380.311	274.826	89.690	210.974
380.423	275.077	88.960	210.809
381.319	274.394	88.593	211.577
381.881	274.360	88.402	212.204
382.746	274.648	87.968	211.432
384.187	274.177	87.396	211.409
384.899	274.250	87.863	211.625
385.435	273.888	88.297	212.180
386.073	274.432	88.760	211.357
386.308	274.719	90.743	211.554
387.344	274.336	92.189	211.634
388.754	274.640	93.432	211.357
389.026	275.037	94.879	210.682
390.896	274.180	93.787	211.832
391.330	274.507	93.604	211.227
391.106	274.323	93.934	210.425
389.711	274.966	94.879	208.912
388.525	275.463	93.109	208.126
387.005	276.060	93.553	208.300
384.719	278.804	95.033	206.106
382.270	279.419	96.697	204.710
377.983	281.530	99.212	205.141
373.504	282.557	100.469	202.661
368.786	281.843	103.455	204.672
367.515	279.633	101.352	207.562
362.740	279.388	112.835	207.896
360.859	279.709	123.248	206.723
359.471	280.526	133.704	206.711
360.405	283.534	136.307	204.898
359.029	283.964	138.398	204.521
357.137	284.908	139.402	204.954
355.406	287.242	143.310	203.672
356.878	287.164	144.265	203.072
362.579	287.711	139.991	200.580
364.528	286.844	139.531	200.861
384.450	284.927	119.548	200.842
399.885	283.743	104.020	200.480
409.558	283.659	91.480	198.196
411.072	283.416	89.762	199.435
412.008	283.284	88.756	200.131
413.621	284.756	88.565	197.184
415.515	285.711	90.770	195.727
416.450	293.678	92.468	185.157
415.827	299.223	92.349	178.589
415.104	303.806	90.217	175.170
414.976	306.821	88.036	172.557
412.997	310.270	89.063	167.564
416.860	315.136	83.615	162.501
421.367	321.851	78.601	158.067
426.208	325.371	72.703	156.238
426.208	328.769	72.943	150.555
427.151	330.248	74.729	147.233
427.853	328.517	72.377	148.905
426.911	328.821	73.902	148.117
428.054	328.700	69.475	146.410
428.107	329.183	66.344	143.377
429.656	327.084	64.047	145.175
432.317	324.713	61.554	147.572
435.125	323.722	59.625	148.141
441.100	322.309	56.581	150.023
444.451	320.165	56.463	151.369
447.836	317.847	57.374	153.345
455.681	314.963	56.247	157.015
458.366	310.420	58.006	162.805
461.227	308.061	56.840	166.893
462.379	303.047	59.443	170.772
464.614	304.708	59.601	169.355
467.754	303.302	59.076	168.487
471.359	299.851	57.283	170.755
471.512	298.070	57.437	170.719
472.878	299.400	57.228	170.829
473.526	299.360	55.434	170.412
469.804	302.227	57.616	166.787
465.001	307.097	62.605	161.386
453.698	309.207	72.963	151.400
462.591	305.260	70.841	161.850
462.652	297.610	74.469	165.589
471.738	293.947	69.695	169.543
467.407	287.402	70.315	175.247
464.071	299.137	74.417	165.949
438.815	306.011	80.239	153.541
443.001	309.695	75.340	150.109
446.738	308.220	73.336	150.980
443.148	306.319	75.086	152.328
441.515	304.219	70.855	153.369
439.601	306.396	74.903	149.661
434.246	309.125	69.044	146.466
429.820	303.015	72.998	149.953
431.840	308.272	76.981	144.481
430.378	309.037	69.804	143.718
428.232	305.672	64.281	145.781
449.725	306.736	60.689	145.491
437.949	303.170	66.826	149.964
426.574	300.063	73.938	154.056
417.118	299.684	81.561	153.966
413.036	304.479	77.440	149.171
409.628	307.538	84.681	146.399
404.904	307.463	84.444	149.987
396.681	305.194	81.839	158.334
392.143	302.836	82.424	162.850
388.430	303.071	86.885	162.143
387.167	301.573	76.420	165.207
383.474	300.521	70.823	167.049
381.328	297.876	66.716	173.589
381.347	306.395	59.978	166.197
378.898	305.842	61.557	168.604
378.434	306.066	60.306	168.562
381.944	306.056	67.079	166.580
378.214	311.521	76.421	166.172
384.120	309.929	77.546	168.503
384.300	306.659	80.287	171.818
392.170	307.253	82.256	170.945
399.115	308.130	82.358	170.002
401.307	305.298	82.097	172.741
404.104	308.731	80.602	168.728
406.762	306.505	85.272	171.988
408.405	310.522	90.662	167.516
409.857	312.315	94.056	165.427
410.693	310.082	94.605	168.259
410.541	310.632	92.039	167.222
409.020	311.357	87.062	165.344
408.372	311.929	79.650	163.476
405.532	311.896	77.175	161.117
403.326	312.942	77.656	160.503
396.907	313.321	75.125	158.117
390.825	315.357	64.101	156.763
388.070	320.199	55.845	158.122
379.726	320.792	56.523	158.079
373.907	320.538	58.801	159.833
369.844	320.073	57.412	160.813
364.769	321.768	60.456	160.148
363.445	320.734	57.587	158.920
362.483	318.771	57.354	161.943
362.423	317.170	59.168	161.348
363.992	318.695	63.120	157.858
362.161	319.665	66.938	158.724
359.622	319.043	70.494	156.645
356.988	315.969	69.863	161.506
355.855	316.537	69.139	159.572
297.695	319.425	58.025	148.616
305.938	324.777	53.622	144.630
303.809	327.038	56.124	142.203
302.927	326.005	53.467	143.862
298.291	324.803	52.730	145.798
298.981	326.197	56.771	144.376
348.436	324.432	66.339	152.316
343.123	325.646	65.521	148.642
350.471	322.504	66.274	143.686
341.215	326.644	62.982	141.565
342.088	330.100	58.532	140.772
334.439	330.681	51.179	139.223
337.482	333.483	43.681	135.892
333.486	329.724	45.840	144.069
327.874	333.828	36.792	138.702
326.446	335.124	44.595	132.477
321.856	337.263	42.654	130.199
321.695	335.483	45.948	134.431
325.048	339.738	47.005	129.701
327.200	333.952	41.496	133.306
324.923	335.577	43.123	132.358
323.297	333.505	44.071	133.872
325.896	337.158	46.074	130.835
330.418	331.337	55.243	136.163
337.402	335.367	50.568	134.374
332.772	333.479	52.581	134.006
331.951	335.671	53.348	133.865
331.118	334.247	54.446	135.389
332.050	334.193	52.906	134.664
331.174	335.870	53.099	131.855
329.543	333.722	54.911	134.223
333.614	332.455	52.114	134.746
327.739	335.570	55.046	132.695
315.044	336.346	62.567	131.882
299.298	330.766	64.184	136.806
293.512	331.852	59.459	136.218
296.937	329.970	62.874	138.785
298.689	329.883	58.736	137.428
299.652	331.438	61.844	136.925
288.783	327.604	55.498	139.196
287.943	332.061	54.230	135.682
289.080	334.410	55.036	135.568
289.794	334.276	57.716	135.666
290.238	334.203	52.225	134.284
284.785	336.426	53.399	129.076
282.024	335.000	48.479	128.131
283.555	338.629	45.069	128.342
281.228	338.643	48.258	129.029
281.787	339.340	52.120	128.229
280.302	341.703	59.381	122.852
283.078	341.936	60.985	121.696
283.450	340.813	58.961	127.944
280.259	339.662	52.033	126.501
280.126	340.722	57.847	127.078
282.974	339.064	54.400	126.896
284.922	337.981	61.065	128.376
298.490	337.369	62.278	128.224
290.661	335.978	67.485	127.950
291.362	337.356	64.189	130.349
271.197	341.090	60.092	128.698
248.789	333.315	64.385	138.059
242.587	340.981	56.768	133.564
250.653	338.325	77.715	135.733
242.151	339.340	59.011	134.622
281.477	332.885	57.856	139.256
252.330	337.343	64.666	138.285
270.538	337.703	71.906	135.938
258.025	338.711	70.885	133.772
240.604	336.718	61.359	134.867
281.691	332.125	56.755	140.332
281.397	334.391	57.809	138.410
270.792	338.874	63.346	134.531
253.284	339.320	61.001	134.400
244.444	336.004	61.276	135.093
246.221	338.348	51.846	134.843
255.406	336.389	66.544	136.614
249.236	337.761	64.309	135.945
246.212	336.295	60.293	136.274
250.223	332.710	58.942	138.933
274.391	335.680	63.495	136.060
281.514	342.456	59.695	129.006
276.773	338.648	65.176	131.047
280.282	336.394	62.476	135.419
279.202	334.667	58.560	137.651
287.800	342.017	51.462	131.451
254.620	340.765	63.721	133.409
233.517	343.923	70.300	132.015
236.415	339.707	73.266	132.894
254.338	342.834	62.790	129.093
230.778	346.200	62.869	130.841
230.638	347.230	62.105	127.945
228.422	345.508	60.629	128.606
234.129	337.538	78.081	137.054
259.684	339.999	60.026	132.283
272.712	342.306	53.399	132.101
272.633	344.954	52.790	128.884
274.723	345.708	52.540	128.524
270.780	344.405	56.137	128.189
267.146	342.996	57.936	127.110
264.532	340.364	58.562	133.020
262.440	340.876	59.324	128.529
254.939	337.938	59.150	135.406
250.548	335.450	59.680	140.015
255.415	334.531	53.293	144.069
253.335	330.023	52.989	148.458
245.475	333.801	55.558	145.207
248.974	330.423	54.128	148.890
246.530	330.827	54.291	147.702
243.822	332.910	59.439	147.076
245.965	332.712	53.742	147.057
245.290	335.562	56.245	144.528
247.732	337.263	52.626	142.833
247.937	338.405	53.652	139.389
249.463	338.519	51.980	140.071
247.733	339.575	50.483	137.263
250.873	340.283	50.967	137.138
247.161	342.900	52.749	133.991
253.187	344.779	52.639	129.061
245.695	344.049	53.629	131.493
240.179	341.547	58.342	135.645
236.777	340.542	56.183	135.468
224.961	335.118	63.886	143.998
221.204	335.929	71.372	143.815
189.369	332.293	76.903	148.150
185.734	331.614	60.713	149.897
182.919	327.863	56.537	153.637
183.657	325.093	55.134	158.753
182.471	327.934	54.683	155.151
202.866	321.000	70.800	163.050
226.016	319.367	57.795	167.531
209.834	316.205	77.226	165.657
227.589	317.855	60.705	168.837
219.424	310.325	62.292	173.303
224.162	313.416	60.404	172.731
223.071	311.662	63.649	169.431
229.231	311.036	63.023	171.612
226.029	309.826	63.857	172.279
224.151	310.228	70.277	172.575
220.316	308.948	72.213	172.997
216.789	308.704	76.058	172.776
213.927	308.856	79.610	174.094
213.649	311.540	81.416	171.003
215.507	306.507	80.228	175.595
216.855	311.842	77.574	170.972
223.024	306.126	76.628	176.641
224.243	306.230	74.452	176.422
239.425	305.852	65.699	176.770
239.546	305.257	65.989	176.143
241.754	309.758	67.816	172.141
250.910	309.850	65.087	163.734
242.242	320.308	65.037	156.647
263.213	311.788	69.334	172.426
255.681	317.142	73.704	157.732
276.990	311.775	62.123	169.747
274.422	320.063	72.552	164.148
285.798	307.856	65.723	165.171
291.294	307.411	63.185	173.774
295.810	303.732	63.951	180.255
299.733	305.244	63.678	180.057
304.715	295.292	60.598	186.993
306.831	296.215	62.937	188.087
308.251	296.812	65.401	187.601
308.694	295.101	68.336	187.725
307.489	295.976	74.925	186.756
308.746	295.013	77.694	186.022
308.767	295.367	81.908	185.916
310.308	295.696	83.809	186.480
313.129	298.681	87.033	181.523
312.660	296.287	89.189	184.346
313.219	294.889	93.231	185.502
314.115	297.821	96.302	182.643
319.855	299.916	94.961	179.838
322.193	297.536	92.054	181.961
324.639	295.650	86.276	185.468
334.343	296.422	80.352	183.700
342.553	293.447	70.348	189.639
349.739	299.168	68.620	178.548
357.730	309.101	69.621	165.581
381.549	313.741	55.435	147.595
377.304	316.108	57.637	149.172
373.203	314.420	61.022	158.234
351.578	292.147	67.783	192.078
349.118	289.068	73.210	189.302
345.701	290.067	72.103	191.277
345.125	290.324	75.727	190.213
343.879	290.585	77.449	190.979
344.890	290.649	77.871	190.530
341.597	289.245	80.399	193.587
340.587	287.197	77.619	196.412
338.392	285.777	70.426	197.633
338.737	287.421	71.405	195.721
336.292	286.116	73.219	197.140
334.482	287.514	74.131	194.561
335.096	289.020	76.065	192.505
335.004	288.540	78.459	193.543
333.690	291.558	82.216	186.451
329.889	294.491	85.149	180.155
327.085	296.974	87.120	177.838
328.171	297.546	87.035	179.406
332.816	299.127	81.227	173.392
330.959	315.150	79.721	155.605
330.220	317.177	75.628	148.929
336.248	317.487	69.326	143.497
340.378	317.208	62.007	143.372
336.853	321.711	64.071	138.721
341.434	316.570	59.918	141.990
338.083	314.037	58.326	147.926
335.333	313.222	59.455	145.925
333.067	314.746	61.586	146.832
331.993	314.248	61.998	155.440
329.690	311.501	62.562	152.469
330.203	315.100	60.697	146.755
331.450	312.566	62.666	150.279
330.675	313.446	62.369	148.027
332.157	312.796	63.185	148.872
332.910	311.371	62.993	150.336
339.287	313.595	59.028	147.388
340.604	317.341	58.258	143.395
343.065	311.763	58.176	147.681
344.316	313.764	58.144	146.963
322.337	310.000	56.119	156.469
324.858	308.371	56.465	154.966
338.936	309.352	65.247	151.071
356.382	310.634	66.597	149.263
359.719	311.687	66.438	147.876
363.877	309.422	67.196	148.552
366.643	311.054	65.619	147.742
372.968	309.191	66.450	149.187
321.927	309.517	61.790	159.476
375.213	308.541	72.988	149.595
388.672	309.392	60.853	146.237
382.364	307.151	65.095	150.293
392.750	306.837	64.945	148.389
393.414	308.744	59.757	147.209
399.593	308.983	64.761	150.483
400.276	305.764	63.670	151.353
405.074	305.396	64.170	152.235
405.049	307.546	58.653	149.172
411.008	303.289	60.714	152.907
410.731	305.492	61.377	150.831
416.812	303.049	61.045	151.461
414.845	305.355	61.512	150.468
420.812	302.306	60.496	151.326
419.085	307.737	59.989	146.415
425.476	301.795	60.043	151.712
426.420	308.022	61.698	145.372
428.006	306.772	61.590	146.764
427.694	307.346	62.515	145.194
428.456	307.983	63.152	143.783
428.379	309.385	63.747	142.978
429.035	309.749	66.144	142.107
432.217	306.662	66.481	144.600
431.661	308.781	69.148	144.641
434.525	310.746	67.663	142.532
335.174	309.692	75.420	157.125
328.168	305.819	73.010	166.768
341.111	314.539	78.783	153.181
443.904	306.292	62.168	145.923
452.089	312.526	63.503	142.396
448.271	307.677	65.242	144.167
458.871	311.129	70.447	138.861
461.150	306.669	73.010	144.217
460.121	310.620	76.408	141.565
581.187	317.029	85.392	122.817
576.292	318.782	65.076	122.299
574.232	322.292	70.769	117.520
572.941	321.822	70.772	118.914
579.412	321.029	84.957	118.308
582.080	317.741	87.712	121.349
593.515	318.592	82.814	116.600
605.636	317.164	72.317	115.123
618.645	318.387	67.469	112.695
625.601	317.202	64.450	110.659
631.400	319.221	64.425	109.679
631.624	320.627	59.458	108.482
631.585	318.947	60.252	109.586
631.956	317.357	60.579	111.326
633.271	317.546	54.678	111.252
643.471	317.538	45.446	109.516
638.620	318.720	43.480	106.438
634.811	315.473	55.600	111.172
642.852	310.170	81.060	117.320
660.770	307.783	62.594	119.410
648.294	311.399	65.183	120.475
653.660	311.488	55.335	121.098
650.887	307.573	54.436	127.903
645.927	309.471	53.317	126.137
636.826	311.374	58.642	122.844
637.099	313.563	60.963	120.285
635.209	315.243	63.552	120.160
630.643	315.563	63.440	120.251
632.501	316.257	65.457	119.444
633.879	315.532	64.875	119.921
643.708	315.029	57.620	120.042
644.445	314.962	57.183	118.174
655.457	313.584	61.618	115.464
655.442	315.513	78.219	113.231
658.833	313.871	71.721	117.647
665.013	316.020	67.358	117.494
668.148	317.439	76.669	116.678
666.650	316.596	79.257	116.959
665.827	317.410	73.494	115.521
663.523	318.787	77.484	113.357
659.145	319.313	76.965	113.929
653.171	318.529	74.232	114.866
646.862	318.111	72.301	115.530
643.860	317.306	77.906	115.701
640.031	314.804	90.676	118.289
640.138	318.271	85.745	115.376
600.204	316.461	105.220	121.803
591.241	310.357	77.886	126.410
596.585	313.314	68.217	122.691
599.073	311.691	59.483	123.226
603.799	310.726	55.184	123.456
601.972	312.001	52.412	124.816
601.179	311.703	56.526	125.742
601.987	310.422	63.629	126.907
596.521	316.177	62.530	121.175
593.422	317.581	64.469	120.083
592.399	315.141	60.256	123.749
589.853	319.437	56.419	119.696
584.284	320.679	52.299	116.930
582.438	319.741	52.920	117.816
575.957	320.190	52.390	119.194
575.974	318.215	55.409	120.711
567.719	321.887	58.927	118.474
569.496	325.399	58.919	115.702
564.947	327.432	61.001	113.424
561.206	331.561	62.378	108.176
562.130	332.306	56.929	106.909
559.712	330.296	58.423	109.911
555.429	331.757	60.513	109.159
554.537	328.770	56.349	112.717
552.861	323.552	54.766	118.184
555.924	323.547	57.744	118.517
553.569	321.511	57.925	121.680
553.295	326.421	57.833	116.748
552.374	326.158	55.557	116.777
549.141	328.694	57.803	113.571
544.620	328.004	59.724	114.661
539.510	326.352	57.887	114.963
537.515	327.084	58.779	115.075
537.521	327.045	61.226	114.948
536.896	327.726	59.175	113.679
533.912	328.330	54.486	113.646
554.807	327.899	61.520	114.888
538.608	326.997	59.792	115.603
539.602	329.419	52.748	112.052
542.195	329.849	48.058	110.725
543.805	330.226	46.925	109.331
543.288	330.449	50.497	110.071
542.574	332.534	54.345	109.040
543.090	332.801	52.905	112.298
544.672	334.324	59.480	110.858
557.057	332.103	63.169	112.552
560.895	333.933	60.213	110.332
564.037	335.425	62.991	107.841
567.489	334.207	62.849	109.076
571.349	333.773	59.703	108.646
566.843	334.619	66.022	108.031
427.424	312.750	52.955	142.279
423.202	307.735	58.359	149.991
426.801	310.698	58.496	147.476
422.818	307.335	61.296	153.648
423.247	311.171	62.298	149.795
415.441	310.502	64.563	149.964
412.883	316.338	63.572	144.278
418.108	307.238	69.179	150.901
413.773	317.834	60.603	143.701
411.912	312.262	71.168	144.594
435.449	309.446	59.050	146.412
408.368	311.560	76.530	148.489
425.914	312.219	61.203	143.905
415.224	317.269	70.044	143.464
426.209	313.600	61.776	140.829
421.655	315.015	72.945	144.715
424.769	312.736	63.103	139.176
405.663	319.514	71.786	137.318
418.199	312.599	64.944	139.705
410.591	312.365	74.392	144.511
509.443	323.795	70.285	124.788
507.525	323.809	77.288	124.521
507.578	321.584	80.180	127.031
506.584	322.633	74.928	125.553
505.636	322.562	75.778	126.650
504.457	320.814	74.856	128.043
509.209	320.771	73.305	128.202
514.721	322.040	69.428	125.996
521.985	322.568	62.307	126.524
526.232	321.435	58.487	127.478
528.400	321.694	55.772	125.064
526.011	321.208	56.990	124.348
525.088	319.649	62.126	123.991
520.803	319.134	70.216	123.954
518.093	316.996	78.296	127.676
515.001	321.071	82.251	123.826
527.677	321.786	69.694	124.335
517.943	318.849	81.051	124.903
523.822	317.713	75.809	126.830
529.648	317.705	69.068	123.645
546.633	314.678	57.196	126.168
479.784	316.548	60.950	124.382
433.723	308.961	52.685	137.305
427.217	312.976	58.812	136.910
306.178	323.431	54.839	136.936
299.144	317.115	61.092	143.213
286.949	322.218	69.400	140.096
294.412	321.295	62.331	141.410
297.646	324.839	56.049	137.659
295.868	324.198	54.680	137.875
294.740	325.735	56.241	137.723
303.311	326.952	47.316	133.650
299.437	325.901	48.593	134.257
296.742	325.733	50.055	135.609
295.710	327.226	52.547	134.209
297.204	328.842	57.691	131.654
297.694	329.456	59.571	132.598
295.930	331.788	60.108	131.701
296.609	332.415	60.519	129.577
297.332	332.715	57.657	128.057
295.663	332.976	58.340	126.686
295.117	332.792	54.974	126.654
295.317	332.224	55.614	128.140
298.159	332.144	53.896	128.626
301.360	332.164	50.741	128.159
290.472	330.894	60.382	130.145
305.080	330.019	51.959	131.555
304.725	328.426	54.712	130.275
307.133	328.508	55.959	129.119
306.373	327.422	60.416	128.771
305.532	329.154	63.665	126.031
305.677	333.015	59.924	124.396
306.884	332.014	60.733	124.356
306.815	332.056	62.124	124.089
309.535	332.919	61.298	122.854
313.120	331.461	58.660	123.734
243.580	333.675	51.256	128.094
250.874	331.436	46.077	132.438
256.594	330.943	43.736	131.562
253.204	330.300	45.168	132.076
256.435	329.541	42.717	131.772
254.756	326.537	44.177	135.103
251.816	328.707	45.622	131.777
256.400	330.684	42.616	130.862
254.932	330.018	43.878	130.740
255.808	330.219	42.802	130.896
256.894	331.349	43.289	131.138
254.993	331.532	45.055	131.401
253.380	330.875	46.324	132.526
254.598	331.121	45.027	132.363
254.409	330.357	47.359	132.480
255.710	329.140	48.489	133.946
254.623	329.151	49.327	133.755
254.727	328.012	50.010	135.647
254.629	328.335	49.743	135.098
255.410	328.739	49.762	134.275
255.527	328.530	50.718	133.852
255.831	327.986	50.614	134.264
256.470	327.809	50.319	134.007
256.910	327.764	49.809	133.691
256.774	327.056	49.334	133.837
256.727	324.670	48.509	137.916
255.946	324.420	48.756	138.676
255.637	324.168	49.119	138.094
255.907	324.159	48.818	138.505
255.573	324.215	48.925	139.039
254.842	323.835	48.258	139.108
255.072	323.978	46.222	138.965
254.864	324.164	44.790	138.722
254.333	324.455	43.665	137.575
255.062	324.573	41.437	137.106
254.871	325.698	40.017	135.647
254.739	327.027	40.074	135.014
253.905	327.013	40.154	134.376
252.654	327.310	41.156	135.218
251.306	327.276	41.524	134.613
250.059	326.861	41.217	134.719
248.954	326.554	40.575	135.643
247.823	326.739	40.997	135.938
246.721	327.076	40.665	134.190
245.287	327.077	41.528	134.493
243.060	327.747	42.378	133.794
240.610	327.047	43.946	134.712
237.970	327.714	45.472	134.331
235.240	327.046	46.692	134.990
232.459	327.650	48.889	134.268
227.794	327.969	50.975	134.738
225.635	328.978	52.610	132.808
224.498	329.156	52.772	132.101
222.894	328.852	53.524	132.361
221.718	329.248	52.763	131.695
220.375	329.255	51.889	131.597
218.930	329.316	52.092	131.038
218.199	329.094	51.223	131.559
217.011	329.191	51.697	131.302
216.434	328.960	51.513	131.454
215.571	328.825	51.705	131.648
214.705	328.466	50.766	132.727
213.994	328.241	50.502	132.952
212.928	327.331	51.588	134.103
213.205	326.173	51.623	134.411
212.908	324.561	52.984	136.622
213.367	323.891	54.009	137.428
214.794	322.989	54.662	138.267
216.453	322.113	56.189	138.279
219.358	321.939	56.625	138.919
224.358	321.459	56.503	139.032
225.637	321.742	59.958	139.576
226.928	321.522	60.991	139.572
228.501	321.365	62.244	138.436
230.063	321.274	64.271	138.353
232.046	321.139	65.341	138.761
234.248	321.565	66.284	138.100
237.936	321.864	64.885	137.599
241.795	322.172	62.750	136.961
246.350	321.142	60.001	137.610
252.426	320.220	56.745	138.610
257.167	320.828	55.146	138.661
262.348	319.959	53.538	139.898
264.387	319.147	55.710	142.049
265.601	319.597	56.984	141.720
267.740	319.696	58.863	140.934
269.005	319.281	61.726	141.772
270.492	319.574	64.405	141.449
270.098	319.699	66.873	141.364
270.304	319.287	67.208	142.267
270.159	319.862	67.748	142.657
271.686	320.472	66.074	141.324
272.913	320.207	65.177	142.587
277.694	318.546	59.421	142.804
282.542	317.437	54.199	141.908
288.749	315.867	50.249	143.010
292.816	314.405	49.373	145.802
294.366	313.921	51.976	146.290
295.644	313.329	54.170	147.497
295.293	313.222	56.689	147.053
292.763	314.908	62.099	144.846
289.498	315.079	67.275	145.032
288.176	315.446	68.675	144.763
287.177	314.646	69.763	145.408
286.683	315.149	70.157	144.670
286.433	315.248	69.866	144.102
288.405	315.225	66.917	143.666
291.779	314.606	63.302	143.766
294.670	313.474	59.151	145.149
296.449	313.773	57.025	145.455
297.368	313.250	56.241	146.861
298.083	313.225	56.339	146.656
298.226	312.977	56.594	146.505
298.372	312.877	57.862	147.070
298.512	312.932	58.664	147.567
299.028	312.972	58.357	147.582
300.529	312.684	57.931	148.028
301.962	312.822	57.391	147.934
304.490	311.972	56.930	148.472
307.467	312.081	56.464	148.283
311.268	312.031	54.833	148.065
314.733	311.469	55.046	147.681
316.184	311.367	55.179	146.822
318.361	310.988	54.930	147.833
320.059	311.765	55.084	148.434
322.397	312.006	54.613	148.923
324.230	312.076	54.047	150.433
325.188	311.903	53.653	151.139
326.732	311.721	53.248	151.457
327.136	311.928	53.172	151.114
327.480	311.390	52.539	153.088
328.439	311.462	52.028	152.793
329.227	311.565	52.323	152.495
330.960	310.991	51.890	153.342
332.796	310.677	51.677	152.772
334.875	310.406	50.014	152.772
337.937	310.505	47.780	152.361
340.312	311.461	46.271	151.418
341.820	311.926	45.890	150.921
342.804	312.931	46.561	149.913
343.631	313.565	46.975	149.241
344.592	313.211	47.538	149.396
345.392	312.663	47.973	149.615
344.698	312.695	49.861	149.885
345.121	311.731	50.500	151.104
345.691	311.605	50.716	151.098
347.242	311.699	49.797	151.728
348.281	312.120	49.990	152.411
349.249	311.868	50.219	153.259
349.062	312.843	51.126	151.794
350.978	313.619	50.246	151.576
353.896	314.968	48.900	150.187
356.612	314.748	47.715	151.417
359.370	314.659	46.516	151.725
360.557	314.515	47.367	151.755
362.082	314.748	47.169	151.755
362.805	314.090	48.081	151.825
364.329	313.708	47.782	152.782
365.085	313.179	49.160	153.968
363.899	314.058	53.948	152.094
363.671	313.847	56.485	152.290
363.983	315.137	58.395	149.909
364.894	316.807	57.355	148.521
366.808	318.214	56.609	147.728
368.160	319.061	56.777	147.392
369.441	318.762	56.527	148.094
369.952	317.951	56.581	149.267
370.671	315.150	56.333	152.394
371.271	312.906	57.219	154.168
370.632	313.784	58.933	153.220
371.137	313.903	58.498	152.103
371.474	314.854	58.420	149.943
371.897	314.473	58.778	150.777
372.630	314.628	59.661	151.649
373.261	314.251	60.721	151.348
373.822	313.799	61.903	151.658
374.731	313.778	63.302	152.160
376.121	312.123	64.779	153.668
377.825	312.679	66.203	152.084
379.785	312.886	65.288	151.737
379.104	315.131	66.492	148.858
373.612	315.171	72.453	148.688
367.084	314.416	77.593	150.473
364.761	312.725	80.067	153.392
363.390	312.651	83.815	153.912
364.497	312.451	83.766	153.318
368.833	312.548	81.889	152.986
377.175	311.973	75.369	153.346
387.755	311.134	66.964	154.392
393.407	312.093	64.194	152.353
396.993	313.321	63.428	151.435
398.401	313.585	65.057	150.000
398.771	314.056	66.807	149.249
399.824	313.462	68.407	150.182
400.782	313.772	71.137	151.277
401.335	314.561	75.663	149.642
403.952	314.734	76.100	151.096
404.084	314.660	76.619	151.651
405.875	314.388	75.877	151.800
409.259	315.020	73.766	150.656
410.250	314.644	74.211	150.785
411.671	314.317	74.376	150.633
413.177	314.613	73.043	150.071
415.763	314.150	73.228	150.169
416.065	313.923	73.690	150.821
416.817	314.206	75.192	149.079
418.337	314.562	75.658	148.515
420.423	315.668	75.145	147.409
421.446	317.094	77.304	145.719
422.752	319.420	77.837	143.312
425.697	321.350	75.574	141.400
426.298	323.787	70.518	138.240
424.695	324.807	72.521	135.661
424.069	325.079	68.657	135.493
423.438	324.737	67.695	134.579
421.632	324.676	67.188	134.177
419.312	324.412	69.403	136.449
419.999	324.136	71.723	137.959
421.740	324.919	72.685	137.898
422.073	326.623	72.149	136.623
420.154	328.750	71.067	134.258
401.918	329.833	83.679	132.950
397.521	331.305	89.518	130.928
391.657	331.823	92.689	130.696
381.056	332.508	87.428	129.690
383.190	335.028	88.865	126.926
384.513	335.160	84.386	127.685
362.732	336.142	78.882	124.832
360.501	336.512	78.630	123.899
373.077	334.521	67.538	126.721
377.442	333.703	65.422	127.599
366.808	335.374	69.256	122.799
346.417	338.644	75.465	121.509
375.388	336.643	63.700	124.599
375.374	337.231	55.242	121.709
373.012	337.398	51.097	121.136
368.332	338.947	54.130	122.363
368.672	337.210	61.145	122.365
376.589	333.107	60.041	127.425
376.963	331.468	60.336	126.349
380.863	330.849	62.454	126.303
392.427	330.629	60.608	126.942
396.720	332.486	64.248	124.124
400.983	334.773	69.177	121.388
411.078	336.703	66.507	119.121
423.550	338.965	60.485	116.203
433.393	340.941	58.242	113.263
435.301	340.336	65.143	112.004
422.704	339.404	74.025	114.520
435.398	338.969	66.396	114.641
434.112	340.177	69.659	114.818
428.986	338.858	73.125	117.170
424.608	339.843	74.224	116.972
422.973	342.211	74.368	115.242
417.369	340.346	73.470	116.535
404.221	342.166	82.288	112.755
401.215	342.355	80.875	115.396
386.775	343.162	84.888	115.614
372.412	342.526	72.909	114.638
357.363	344.139	72.801	111.682
348.465	341.756	74.595	115.200
334.285	341.809	77.111	120.514
329.098	340.775	76.732	125.492
320.131	341.789	69.924	128.063
323.456	347.928	62.161	121.674
321.421	353.423	73.941	116.395
311.591	351.805	72.239	117.956
308.857	352.344	66.683	117.453
305.186	351.750	68.061	117.237
297.748	351.348	73.342	117.752
297.202	351.990	82.506	118.137
292.108	349.873	96.822	122.369
287.019	345.789	88.597	128.254
285.104	351.310	67.083	122.648
284.421	349.699	62.601	122.793
282.140	345.713	57.771	127.954
280.850	345.308	63.380	129.880
281.673	343.331	64.155	131.082
283.551	340.526	64.772	132.412
290.968	335.332	61.242	139.275
291.925	333.693	53.356	139.915
287.055	336.117	63.217	138.281
275.666	337.541	68.497	136.505
285.346	335.077	63.830	135.271
279.755	339.300	58.677	132.746
276.180	334.992	71.517	136.694
283.472	336.947	65.846	136.627
282.651	338.420	69.720	136.902
286.266	335.882	68.639	135.263
289.568	332.407	66.121	140.015
304.669	326.635	69.245	148.653
298.543	320.563	61.573	157.500
304.823	318.760	64.688	157.731
296.932	328.279	61.744	148.588
290.728	332.112	62.938	140.771
299.578	325.672	61.745	144.940
305.602	328.933	56.986	144.752
298.368	337.237	55.490	137.000
298.606	342.219	55.443	129.719
296.293	342.777	55.187	126.888
293.601	340.173	54.519	129.846
294.720	341.261	51.708	127.682
292.476	343.993	50.788	124.976
292.562	339.739	50.068	128.310
293.776	338.757	49.373	127.842
294.909	339.009	49.068	126.980
297.296	337.666	49.452	127.683
295.360	340.688	51.243	125.710
295.608	339.110	50.085	126.711
295.164	339.752	50.126	126.381
297.259	337.512	53.427	128.234
295.423	335.587	54.559	132.638
293.449	334.692	59.170	131.667
294.760	334.800	59.660	131.551
293.347	334.517	60.324	133.830
293.920	336.222	60.536	129.435
292.424	335.220	59.962	129.943
290.861	336.272	55.933	131.427
294.583	337.175	55.893	129.062
294.077	337.115	54.378	128.806
295.707	337.252	53.807	128.510
295.058	337.628	56.831	129.633
295.789	337.294	54.483	130.022
296.525	336.961	53.828	129.754
297.808	337.087	54.626	130.455
297.574	338.111	54.545	128.841
295.652	339.327	54.524	126.112
296.399	337.948	52.701	129.098
292.184	337.834	56.767	129.733
289.349	336.664	58.953	131.164
289.114	335.009	59.582	133.159
289.165	336.156	59.611	129.935
296.398	336.178	54.321	129.111
295.978	339.166	60.425	126.130
290.728	335.951	59.182	131.664
298.866	332.129	57.639	133.725
296.400	335.389	65.259	132.843
294.314	336.296	62.259	134.276
297.576	336.157	62.552	133.711
295.307	337.034	62.398	134.647
295.441	335.635	62.876	132.651
294.853	336.777	62.226	133.913
296.281	334.466	62.749	134.448
293.989	335.426	63.474	134.567
292.824	338.524	63.203	131.766
292.546	336.587	63.675	133.584
292.102	338.985	63.931	131.979
289.419	339.386	65.261	130.690
291.671	335.060	66.149	137.224
286.773	332.828	70.703	141.614
288.492	336.782	69.235	139.896
288.256	336.825	68.766	138.918
436.086	290.914	68.016	185.024
422.339	283.186	87.582	189.648
418.405	272.505	99.974	192.392
421.481	275.004	104.939	199.108
536.108	283.239	84.817	167.110
521.110	288.715	87.964	159.617
539.443	287.376	79.828	163.401
458.196	280.046	104.553	182.744
450.579	274.715	99.842	191.237
453.318	271.999	96.866	210.582
463.468	273.597	95.410	206.275
468.325	273.215	89.333	200.603
479.541	271.297	87.813	205.351
488.133	267.478	86.913	202.965
496.868	259.832	86.795	206.190
510.471	253.361	91.208	204.219
511.826	251.411	98.744	212.329
523.819	253.772	103.082	198.122
534.814	249.935	97.620	207.932
542.906	250.685	93.936	205.110
556.530	255.137	83.340	198.388
561.214	257.597	90.684	199.488
559.285	264.079	88.259	191.801
558.465	264.908	65.051	185.496
562.851	271.109	61.603	178.757
553.488	271.841	61.573	178.229
558.303	277.276	65.651	177.100
556.509	275.724	64.227	174.259
557.305	275.157	64.522	175.643
553.672	268.360	67.813	185.526
634.843	234.939	82.406	207.943
654.040	227.103	84.280	224.319
653.023	225.034	92.835	215.151
560.422	269.908	69.589	181.154
556.372	278.178	66.303	172.613
560.467	275.689	63.470	175.234
558.321	278.639	67.123	172.754
560.467	281.284	70.529	172.024
560.307	277.879	70.275	171.233
564.098	282.477	67.567	167.030
562.813	279.885	61.324	168.193
561.738	282.717	63.907	166.493
561.233	284.360	61.611	160.562
555.567	282.854	67.366	165.960
551.738	284.793	68.999	167.429
548.555	285.941	70.242	168.091
545.276	285.044	72.575	170.556
544.458	283.966	75.157	172.818
542.006	284.597	73.596	172.323
544.183	286.987	72.644	166.672
539.806	286.753	74.722	169.770
543.280	287.041	70.693	169.833
538.401	289.817	71.997	166.090
537.324	289.610	72.696	166.180
534.416	290.939	74.141	162.849
534.028	290.427	75.277	160.909
534.096	289.319	74.543	158.333
530.219	290.537	75.752	156.331
529.065	290.393	76.530	155.679
528.616	288.400	76.021	159.792
529.816	286.557	78.037	163.448
525.763	290.619	77.745	161.132
529.221	290.150	78.481	161.678
526.144	290.996	75.708	164.486
524.389	291.865	77.637	165.295
530.667	289.814	73.462	162.484
530.568	291.831	70.908	156.691
532.344	292.961	70.589	158.535
532.142	293.575	70.605	156.361
533.809	294.426	68.374	156.693
537.558	291.509	69.570	158.606
538.402	293.276	73.283	161.059
539.581	290.961	71.515	153.930
664.288	308.875	99.330	120.002
667.083	311.022	92.282	118.575
664.333	311.103	86.567	118.985
666.002	309.438	72.394	123.661
657.966	311.416	73.171	123.586
649.369	311.915	74.423	122.152
652.015	314.524	76.151	119.194
651.090	313.589	65.338	116.667
591.967	311.449	63.415	120.736
583.298	305.609	55.981	133.052
565.874	304.111	61.982	142.105
551.134	295.298	68.413	156.276
548.866	296.987	68.939	153.423
541.501	306.094	67.131	141.295
526.345	317.867	60.559	131.452
518.708	324.323	62.796	124.805
506.926	327.277	66.245	123.066
493.096	328.208	69.283	120.488
488.530	328.863	64.550	119.575
479.875	331.526	65.275	117.246
472.339	330.458	70.317	117.097
462.945	329.988	77.078	120.857
454.762	331.672	70.675	120.121
445.087	335.922	60.723	117.123
438.760	336.124	57.516	116.937
430.546	336.606	58.510	116.517
423.726	337.372	57.510	115.064
420.096	338.923	57.857	113.128
412.532	336.261	59.175	115.437
414.785	335.531	55.297	117.126
415.142	335.418	48.328	119.611
405.265	336.255	49.409	119.111
396.387	337.469	49.347	120.112
392.421	339.465	51.875	117.128
388.234	337.762	48.722	120.178
385.007	336.013	52.666	122.620
379.453	333.713	56.731	122.972
374.149	337.667	55.407	121.408
369.870	336.243	57.188	123.527
366.526	335.157	61.090	123.716
366.183	338.205	61.790	121.020
360.387	338.770	61.893	121.224
362.005	341.889	63.455	119.122
358.154	339.261	65.328	122.878
356.681	342.665	65.169	120.115
353.411	342.391	71.149	122.388
400.289	342.369	63.073	115.003
393.333	342.279	63.131	114.733
385.319	342.633	61.729	117.473
373.240	341.728	60.495	114.586
365.664	344.514	56.737	115.738
360.225	346.426	53.798	112.932
360.863	344.490	46.694	112.619
369.464	343.603	49.662	115.043
370.931	344.186	51.637	115.738
371.187	340.013	49.010	119.022
368.965	339.579	44.523	120.150
371.788	339.127	51.805	122.537
374.923	336.872	56.410	122.923
378.263	339.555	54.762	119.005
378.998	337.658	57.223	120.450
377.852	339.212	56.872	118.825
378.015	336.228	63.380	122.457
382.321	330.173	68.530	129.647
386.624	323.537	62.562	134.224
388.937	322.999	61.070	134.423
393.278	314.185	59.265	141.278
395.572	306.225	58.583	149.556
403.880	306.318	53.417	150.123
399.026	314.228	59.890	144.954
402.916	299.745	59.987	156.396
395.455	300.981	72.360	157.684
386.768	302.798	79.616	156.361
400.488	304.451	68.212	152.411
401.476	303.703	70.225	152.580
404.855	305.439	68.194	152.755
410.199	307.518	64.902	150.145
412.553	315.404	66.178	142.281
403.499	305.381	71.837	152.430
409.782	312.230	71.043	145.314
403.119	310.936	73.093	148.961
404.490	315.996	72.555	140.952
392.034	317.357	69.931	141.176
403.003	321.331	64.770	133.439
423.006	322.134	65.095	132.344
427.703	322.291	60.085	131.294
424.060	325.076	64.497	130.720
427.551	326.639	62.194	126.333
583.722	303.542	61.960	140.147
574.586	295.199	68.767	148.634
574.507	298.814	71.957	145.817
565.252	300.282	67.243	146.202
580.804	289.906	70.576	159.434
567.650	296.137	66.137	149.038
529.616	304.453	66.068	149.020
525.641	312.038	61.005	130.890
527.891	316.016	60.252	127.427
530.201	314.412	60.364	127.562
531.079	314.774	62.073	129.140
577.897	298.482	59.965	144.004
533.258	311.947	52.961	132.944
532.265	317.186	58.678	128.338
531.447	313.933	58.407	130.870
538.514	318.605	56.393	126.469
534.992	310.754	60.096	133.418
543.623	308.841	59.324	134.608
540.949	306.682	55.100	134.736
537.594	306.449	58.701	135.558
544.107	309.396	57.573	131.546
542.028	307.081	57.966	134.219
550.264	308.019	60.178	132.233
557.771	304.000	55.351	138.144
581.388	302.834	55.808	142.574
562.321	306.892	65.125	137.430
546.235	310.898	60.910	129.644
588.902	297.025	57.218	141.041
598.947	295.599	59.432	144.165
596.587	294.552	60.539	148.864
601.236	291.859	57.454	151.906
603.845	287.528	58.930	156.398
601.280	293.721	59.574	150.386
607.149	288.165	58.512	159.408
605.395	285.899	60.747	158.725
604.812	292.516	61.896	151.231
608.832	286.619	62.841	158.664
535.190	314.741	54.283	125.034
499.043	321.306	47.750	123.991
501.308	316.653	50.375	128.429
501.832	317.564	47.328	129.035
503.993	316.995	48.604	130.624
509.167	317.773	53.028	127.603
510.693	318.398	51.538	126.567
510.577	317.599	50.516	127.160
509.209	319.162	50.633	126.943
503.422	319.920	51.762	125.713
503.847	319.833	48.681	124.948
498.778	318.845	55.713	126.398
515.218	320.770	55.563	122.751
523.063	320.325	50.644	124.776
521.269	320.203	53.454	124.273
519.956	318.772	56.338	125.188
522.841	319.725	53.079	124.492
522.925	320.037	55.385	124.596
520.356	319.315	57.294	124.813
521.270	320.098	57.555	125.895
520.297	320.715	59.976	124.195
519.340	320.845	62.477	125.154
520.213	318.650	62.671	126.262
518.804	316.391	66.033	129.804
521.618	315.938	63.800	131.275
519.604	315.934	63.368	131.610
525.369	312.800	58.908	134.075
524.514	317.944	57.654	128.871
526.997	315.161	57.750	132.496
530.736	311.797	60.738	135.305
636.690	289.612	65.628	144.482
633.274	289.238	70.722	146.735
632.132	289.539	72.174	145.906
629.991	288.043	73.819	147.949
630.027	287.696	74.356	148.060
626.932	290.017	75.670	146.873
622.323	290.368	77.664	144.333
618.314	291.670	77.946	143.741
621.375	292.142	73.670	142.136
542.498	309.676	75.892	134.074
537.454	308.454	75.577	137.565
540.913	303.721	68.328	141.132
541.666	306.416	68.911	138.059
540.500	307.340	67.981	139.982
612.372	288.482	70.543	144.698
611.557	292.297	68.484	139.636
612.101	291.545	64.058	142.000
608.960	291.003	63.075	141.663
604.887	293.514	57.266	140.345
574.030	300.746	62.309	141.242
560.613	311.232	60.503	134.579
566.030	312.273	55.717	135.448
567.034	312.965	56.573	135.104
566.743	312.304	59.036	134.868
568.420	309.397	59.336	136.736
576.351	302.973	66.725	143.249
599.504	298.295	60.438	143.078
597.291	298.248	57.387	142.221
580.825	300.756	64.777	141.845
563.335	304.018	66.608	139.465
572.774	305.384	65.465	138.599
561.118	308.738	66.361	136.930
568.106	307.925	65.299	136.675
570.200	306.647	59.298	138.327
573.577	305.462	58.321	138.282
567.667	304.693	65.567	138.969
570.699	304.735	71.232	139.730
562.627	303.508	69.534	141.138
564.229	304.223	70.060	138.126
560.327	303.878	72.727	136.760
553.740	304.779	73.064	129.966
551.650	306.591	71.022	129.806
549.799	304.732	67.196	132.573
548.814	304.635	66.077	133.215
542.760	303.732	70.344	133.783
609.506	298.597	76.199	149.143
540.073	304.794	76.667	133.426
533.998	304.735	73.225	135.356
530.705	305.572	65.074	134.412
514.960	306.831	63.281	134.681
512.881	308.332	67.891	133.230
510.687	308.395	65.700	132.795
506.972	308.574	62.523	130.477
502.956	309.429	63.169	131.385
500.061	308.971	60.168	132.943
498.372	309.394	57.053	131.652
495.756	310.187	58.640	131.954
490.872	310.797	62.637	131.522
488.885	312.424	58.446	130.206
483.166	313.738	62.890	131.317
480.894	315.893	62.377	128.434
478.221	315.350	66.138	130.435
475.691	316.374	67.018	130.302
469.367	317.577	64.641	128.864
462.347	316.581	60.467	130.832
457.165	316.544	64.441	131.759
452.137	315.436	60.754	133.751
447.311	315.470	60.984	132.100
442.358	314.984	63.487	133.095
433.462	314.506	66.721	132.869
428.252	315.626	70.540	132.147
424.467	316.081	74.240	133.592
422.664	316.012	74.997	135.456
418.759	316.717	77.214	134.706
410.947	319.468	83.860	133.339
409.633	318.777	80.192	135.819
408.024	319.908	74.210	133.599
404.488	319.315	71.892	135.044
400.596	320.052	71.126	134.168
395.441	319.292	60.414	135.608
390.843	319.018	62.300	136.075
386.178	318.546	62.768	136.178
382.850	319.441	60.772	134.404
380.890	320.691	61.604	133.716
375.537	322.516	65.532	132.148
372.811	322.739	67.745	133.317
370.939	322.007	68.217	135.503
368.638	322.894	69.340	134.808
366.401	322.301	68.843	135.847
362.478	318.313	63.350	140.150
359.830	317.300	62.009	140.819
356.885	317.218	59.303	141.129
354.208	316.542	59.302	140.887
351.330	315.575	58.580	140.570
349.370	314.991	57.183	141.857
347.463	314.549	58.180	142.283
345.801	315.244	58.487	141.301
344.453	317.309	59.119	139.798
344.639	317.917	58.248	139.932
344.027	319.476	58.615	138.614
344.554	320.944	58.157	137.757
345.281	320.404	57.426	138.655
345.034	321.810	58.103	137.059
344.549	321.870	58.439	136.915
341.891	323.303	59.959	135.245
338.571	323.875	62.278	135.231
336.624	323.460	62.935	136.118
333.239	324.177	65.554	135.059
331.309	323.149	67.323	135.831
328.873	324.373	70.178	135.399
325.623	325.008	71.978	135.927
325.169	325.447	70.656	136.083
323.630	326.161	73.237	135.616
319.615	326.162	77.193	136.556
315.977	328.636	80.284	135.819
312.838	330.471	84.107	134.937
308.550	329.330	85.977	135.519
305.183	327.639	84.619	136.726
302.961	329.270	80.664	133.547
302.357	329.840	73.507	133.268
302.216	330.620	71.606	133.674
302.635	331.087	74.313	133.218
306.782	329.426	74.757	135.035
311.209	329.068	73.370	134.517
331.944	330.252	56.114	134.009
327.428	331.011	59.009	133.618
326.653	332.004	60.695	131.909
325.911	331.009	61.031	133.044
325.767	331.392	59.641	131.964
321.471	333.904	61.450	130.149
321.888	334.887	60.515	129.985
323.051	334.441	59.272	130.107
318.433	332.967	61.088	132.844
314.032	333.840	64.526	131.231
308.079	335.273	66.402	130.447
305.299	334.891	66.273	131.108
300.292	335.709	66.092	129.870
295.863	336.019	62.111	130.094
287.725	337.521	76.467	128.723
272.975	337.450	81.139	129.334
259.559	336.608	84.924	129.750
256.988	335.777	81.095	130.617
254.812	333.697	79.633	132.278
250.572	333.227	80.447	131.743
250.533	331.097	79.793	133.524
121.290	340.122	77.206	137.391
123.821	338.998	74.306	140.691
128.935	338.619	69.322	139.680
136.337	342.282	62.736	134.634
137.605	339.217	62.299	135.654
136.133	337.993	64.625	138.544
139.092	337.885	66.347	138.641
144.396	337.091	68.234	138.444
151.037	338.003	68.668	138.275
156.157	340.421	67.608	137.146
157.692	340.790	67.162	138.669
154.649	341.348	68.702	138.231
148.532	340.393	68.329	139.127
141.982	338.693	64.937	140.825
137.211	339.151	58.437	139.593
137.264	341.914	57.165	135.066
139.151	341.493	55.324	136.427
146.504	340.132	53.308	137.381
152.605	339.652	52.045	135.657
157.825	336.837	48.326	136.921
156.838	332.258	49.531	141.446
154.959	327.958	50.190	145.273
151.633	322.252	52.308	148.821
148.207	318.856	51.663	149.935
139.033	313.116	53.975	150.363
129.360	310.351	55.855	149.852
118.501	308.586	55.570	148.323
102.640	306.111	58.385	148.008
85.374	306.169	59.629	147.367
74.064	305.709	52.980	146.998
72.053	304.311	51.460	149.526
69.238	305.040	54.180	151.955
71.206	307.849	60.695	150.110
63.304	302.689	65.646	156.906
85.125	306.361	62.335	154.678
85.209	309.909	66.696	152.918
91.640	313.503	63.448	151.701
92.380	314.353	63.855	155.815
92.712	313.539	63.112	159.890
99.419	313.685	57.169	159.748
100.793	313.911	53.505	155.390
99.305	314.568	52.797	150.891
100.653	313.795	51.174	151.529
98.646	314.520	52.688	150.682
95.443	314.154	55.317	148.418
95.251	314.185	56.548	154.518
94.278	313.228	59.644	156.172
95.299	313.329	61.984	159.537
101.236	316.428	60.860	157.190
102.971	316.258	65.430	154.423
101.419	317.507	67.162	153.741
105.360	315.839	63.076	158.224
109.970	308.867	59.754	168.118
108.205	310.363	60.404	167.013
109.883	304.483	59.137	173.524
110.539	309.963	59.680	164.028
109.344	304.954	62.501	168.428
117.151	306.518	56.771	160.461
124.468	305.312	53.101	159.041
124.818	307.903	53.688	160.216
113.940	300.719	59.257	157.535
117.329	302.345	53.075	156.943
108.721	285.594	57.421	173.221
84.523	258.100	74.620	206.361
78.802	251.023	80.507	210.920
70.250	259.473	85.579	199.638
65.105	258.157	85.567	195.578
54.137	255.043	84.614	201.872
44.286	255.471	95.238	208.919
45.473	256.068	92.580	206.292
50.524	256.777	87.557	206.274
49.224	258.885	91.297	205.427
47.312	262.733	95.690	204.178
46.154	263.418	99.871	207.960
46.113	262.345	99.474	212.820
52.726	266.034	89.322	205.614
51.906	281.556	77.361	190.053
55.054	292.408	61.877	176.231
52.700	294.974	51.950	171.325
46.735	297.007	56.765	163.700
39.163	297.477	61.215	168.509
36.864	298.919	62.966	165.056
32.194	299.024	61.571	161.492
33.398	299.617	60.843	164.264
31.355	297.963	59.439	163.298
30.444	298.325	55.731	164.762
29.274	297.013	53.259	164.611
26.540	297.430	55.055	166.768
24.129	296.684	57.180	168.360
20.462	298.157	58.204	173.971
17.948	298.058	61.955	166.000
18.703	296.619	64.059	166.866
15.406	296.732	65.373	167.719
12.788	296.362	65.317	169.245
9.835	298.366	69.103	168.607
8.105	297.422	63.605	169.110
6.562	298.271	61.855	167.100
5.419	298.506	59.233	165.643
2.937	297.799	52.795	166.402
1.913	299.125	50.928	164.559
0.686	299.509	45.652	164.678
0.365	299.951	41.024	162.462
1.064	301.366	44.937	161.283
1.098	297.467	53.743	164.934
56.710	269.207	79.918	199.950
69.456	260.813	73.147	198.927
78.473	272.050	70.434	191.141
82.951	258.386	73.449	210.080
87.634	256.607	78.970	211.208
91.745	257.923	86.771	211.014
99.088	256.820	91.681	210.175
106.112	256.248	94.191	207.649
111.811	255.920	101.536	205.634
116.496	256.350	108.981	200.611
121.853	256.026	113.814	204.727
131.941	258.981	117.676	203.974
137.656	257.350	121.417	208.999
142.079	260.995	127.560	206.746
149.202	258.635	125.346	210.718
156.027	259.720	123.985	210.915
159.035	261.859	128.042	206.775
165.112	264.090	120.680	203.325
176.313	263.096	112.890	197.368
45.644	301.932	71.613	150.515
45.478	301.129	71.031	150.966
48.810	301.569	71.931	151.949
50.069	303.471	71.067	151.148
47.517	303.943	70.633	150.486
42.615	302.055	74.701	151.549
39.929	302.585	70.656	149.983
39.409	298.833	65.484	151.369
38.894	298.023	70.412	152.079
40.939	299.184	71.670	151.653
44.705	300.625	68.463	149.189
48.176	299.900	67.422	151.188
65.736	300.970	58.211	144.166
80.566	306.543	52.890	133.394
87.810	308.113	52.707	131.087
93.463	308.014	48.209	131.369
97.335	309.591	48.668	133.434
99.792	304.948	49.134	141.110
101.551	301.717	53.476	145.624
96.732	298.963	64.898	149.509
96.516	301.439	72.290	147.495
99.162	300.884	73.752	148.473
99.998	301.425	75.083	148.966
100.106	301.876	77.544	148.986
102.166	302.397	77.735	148.234
105.949	300.202	77.820	149.333
107.004	301.312	75.579	148.239
109.435	301.373	75.286	147.819
112.608	303.045	71.929	146.281
113.804	298.837	69.922	150.645
115.823	299.267	66.761	149.694
114.616	297.852	67.770	149.893
107.715	297.764	68.838	151.075
101.168	294.672	67.608	152.306
91.063	293.932	66.299	149.878
82.925	296.634	60.718	145.714
80.657	294.532	59.820	142.198
83.054	297.481	59.401	142.745
84.815	296.243	63.410	143.494
85.003	298.127	60.067	141.318
83.900	296.823	60.848	142.143
76.817	295.431	59.512	144.773
63.464	295.817	65.486	144.858
48.269	293.935	64.184	142.083
38.909	292.337	64.311	137.932
28.751	289.699	65.999	138.506
19.602	288.655	69.336	141.031
11.275	286.537	74.352	141.811
9.446	286.059	76.067	141.937
7.008	286.426	74.523	139.908
9.126	287.106	66.434	136.971
5.426	285.087	66.699	138.118
2.219	281.599	56.807	140.366
0.000	280.891	43.714	140.332
2.788	280.471	36.347	134.874
0.000	287.539	34.477	123.505
2.239	297.011	42.459	118.794
147.116	241.410	36.907	164.868
182.011	232.344	79.106	162.737
168.180	223.620	80.344	168.492
156.834	221.835	80.827	170.064
145.436	222.633	81.517	166.588
138.987	222.566	69.284	172.243
125.442	225.569	72.463	175.997
98.933	209.431	92.457	192.152
90.933	213.762	92.143	186.033
78.839	209.500	96.857	188.341
70.901	206.579	94.490	189.800
60.807	206.887	96.461	189.214
49.472	205.905	88.873	187.064
34.683	207.010	82.279	185.865
12.745	209.560	76.424	185.092
5.971	206.153	75.278	184.637
3.366	199.338	70.163	193.344
2.223	190.351	67.368	199.375
0.634	186.820	63.780	196.525
1.285	185.829	55.146	186.601
3.851	178.514	44.960	174.854
4.322	193.364	52.916	150.764
3.378	202.673	53.025	146.974
0.000	207.474	43.461	138.305
2.334	192.964	47.808	134.215
0.000	200.619	44.930	133.576
0.386	182.299	45.788	135.512
0.650	193.076	51.811	130.457
0.000	180.286	38.147	138.275
3.994	160.617	44.970	148.656
1.725	188.377	45.311	126.738
0.760	175.461	29.471	125.648
0.512	180.387	27.450	120.160
0.336	172.166	23.679	129.359
0.174	175.986	26.684	126.030
5.451	174.602	36.292	132.355
0.500	159.479	42.460	145.554
3.501	170.336	44.258	137.781
2.637	188.386	42.416	135.412
2.582	187.830	54.648	139.716
1.101	176.095	76.997	167.127
2.888	179.143	88.752	170.255
10.028	182.460	104.915	168.926
23.962	187.486	119.194	164.539
59.339	193.455	114.797	164.211
103.405	197.382	112.518	164.366
152.352	208.840	93.871	159.214
185.447	211.558	87.350	159.516
225.758	219.175	87.156	157.793
91.451	246.148	73.982	138.866
106.611	250.057	70.128	140.364
124.607	258.423	75.935	138.415
155.450	265.955	76.443	131.785
190.786	270.090	73.052	130.918
219.890	275.115	75.315	131.054
254.727	279.949	69.396	132.037
273.399	282.383	68.993	131.114
292.734	283.848	66.176	132.881
311.505	282.740	67.936	136.258
328.804	281.731	69.316	138.180
347.714	282.067	64.643	134.718
375.306	283.074	60.115	138.508
391.285	285.819	63.223	133.295
393.208	283.598	63.684	134.419
394.457	286.163	64.901	131.813
398.505	288.668	63.890	130.493
402.185	290.807	63.131	131.592
401.874	292.137	64.891	131.758
399.995	292.670	65.639	131.539
397.860	293.732	69.005	133.139
394.271	295.998	67.939	132.754
385.695	298.490	67.591	134.781
380.457	299.915	65.933	133.807
376.492	300.188	64.767	133.656
373.394	301.798	61.872	132.824
366.957	303.368	62.570	131.925
363.361	304.125	58.222	132.535
360.209	304.673	59.158	131.607
357.134	303.580	58.225	132.430
352.197	303.255	59.330	134.226
349.224	302.897	59.355	132.832
349.024	302.474	57.055	131.937
348.038	302.343	57.207	129.180
342.734	301.302	58.743	130.544
341.198	300.969	58.482	131.069
338.640	300.717	58.384	131.127
334.012	301.587	60.341	130.942
329.151	301.484	64.673	132.703
323.758	300.301	68.732	134.565
322.142	300.481	67.480	134.597
319.673	300.105	61.015	136.647
314.187	303.036	61.940	133.240
314.351	302.432	59.137	133.937
313.699	304.741	55.435	131.033
309.619	301.959	56.694	133.978
305.453	301.935	54.968	132.298
298.086	301.721	60.691	132.571
290.933	301.677	61.922	132.100
284.420	301.776	66.563	132.710
279.452	301.284	67.911	134.350
275.786	301.306	66.577	134.817
269.579	301.567	63.594	133.994
139.118	295.203	60.681	147.790
135.118	293.933	70.067	151.522
131.503	293.163	69.711	156.347
129.334	293.994	71.337	154.071
126.413	293.517	74.364	156.753
124.114	293.568	74.689	159.201
128.565	295.529	71.195	153.584
134.976	296.710	63.501	152.531
130.752	297.175	62.707	150.499
141.428	299.804	60.482	148.393
130.170	303.691	59.133	140.907
137.470	304.098	59.419	144.901
