334.000	257.000	80.000	146.000
333.357	259.587	82.471	141.749
334.127	259.494	82.833	142.003
334.241	259.202	82.666	143.106
334.604	258.930	81.073	143.541
334.932	258.466	80.567	144.317
334.826	259.396	80.402	143.523
334.620	260.103	81.271	143.700
334.778	259.855	81.200	144.180
335.141	260.101	81.429	144.002
335.620	260.298	82.336	143.533
335.566	261.442	83.694	142.164
335.755	263.925	88.487	139.170
336.160	261.282	95.102	140.395
336.909	262.066	104.734	135.914
342.831	259.770	121.950	126.678
357.054	254.583	131.496	120.485
375.015	250.567	131.847	114.901
383.599	245.377	152.228	103.586
405.227	242.649	145.757	105.798
427.863	238.556	132.223	116.315
242.928	94.281	56.030	137.246
449.037	239.037	146.830	137.622
446.365	236.312	163.214	141.597
442.038	233.996	174.069	140.098
769.462	343.863	76.739	146.085
437.208	229.058	184.363	145.760
426.756	238.941	183.483	133.637
759.956	341.598	76.203	135.044
392.472	245.772	177.627	126.192
385.177	260.068	166.836	113.366
374.743	248.227	165.924	124.607
362.798	252.971	177.238	118.711
361.549	251.533	165.449	117.422
358.960	251.295	135.287	119.911
355.480	243.801	107.822	129.870
350.495	257.820	97.786	119.458
332.242	256.844	106.326	118.627
316.620	258.017	108.547	119.696
278.341	260.403	127.381	126.130
249.812	262.182	149.179	123.815
237.926	263.187	160.717	131.875
234.273	265.047	161.978	133.567
234.215	263.624	159.997	135.695
237.335	259.320	158.129	139.850
246.699	269.317	149.427	123.469
269.065	276.756	129.957	105.839
284.650	282.813	124.352	99.614
288.335	281.537	128.111	99.301
296.158	282.962	120.825	93.603
298.925	282.133	111.598	94.370
299.016	281.259	110.642	88.597
297.603	278.504	112.233	87.112
298.595	274.985	109.206	90.078
295.285	272.985	113.115	91.199
291.969	270.981	116.131	94.919
288.565	266.337	113.671	106.001
281.807	263.182	116.575	115.693
274.525	259.085	128.724	121.861
266.493	254.970	137.471	129.350
260.394	250.977	147.849	132.101
262.140	247.480	153.306	134.036
265.396	240.502	156.552	138.703
276.593	234.688	150.109	136.549
287.018	228.414	147.885	140.527
310.433	222.306	136.940	144.434
337.286	219.711	125.649	132.818
355.390	220.589	115.679	131.427
365.565	222.832	109.529	125.507
373.016	230.985	102.070	118.620
378.693	245.784	104.736	107.680
369.135	256.847	108.638	111.346
355.732	257.187	117.397	118.633
341.016	260.494	129.902	118.503
332.728	260.475	131.290	120.273
327.953	261.386	121.102	119.417
327.822	260.544	90.201	119.710
335.460	258.271	79.883	119.644
339.879	255.045	74.696	122.095
333.535	254.243	89.532	118.829
329.693	252.978	105.942	121.493
331.628	254.710	112.355	113.113
330.982	258.065	116.421	95.727
324.442	265.624	114.506	94.022
321.707	262.144	114.221	109.458
322.138	259.612	108.715	108.436
313.673	250.499	141.413	113.061
368.661	187.896	178.936	194.896
364.644	52.624	180.642	354.515
351.701	72.537	222.780	426.712
328.908	57.500	280.048	466.286
495.419	187.705	113.891	158.804
498.986	229.436	114.591	120.108
488.574	256.872	135.109	93.461
482.067	260.629	135.030	89.767
447.088	261.264	156.925	85.527
408.829	262.497	142.861	77.747
360.458	265.482	127.887	79.498
334.975	260.936	142.469	73.681
297.022	256.682	144.375	70.973
271.325	257.271	134.533	68.072
245.628	255.084	143.127	69.155
227.201	249.186	135.802	77.414
206.198	247.743	136.408	80.588
201.401	248.120	138.208	80.736
207.322	248.198	132.050	80.465
206.553	248.628	133.700	79.789
228.315	247.197	124.149	78.134
236.527	235.295	136.754	86.660
242.990	231.250	138.209	90.224
257.428	241.951	120.724	84.887
265.654	247.481	112.423	86.385
274.676	246.075	104.343	101.510
276.876	250.812	104.856	103.510
282.809	253.847	99.110	113.084
286.935	263.181	95.208	112.317
291.219	276.593	92.119	100.886
294.252	275.874	94.459	101.079
295.113	276.108	111.456	100.106
299.575	272.035	134.716	99.225
310.592	273.571	156.408	90.687
344.015	266.021	177.088	76.391
386.652	260.712	160.899	65.241
430.743	256.749	130.528	73.704
456.668	252.585	139.945	69.903
483.246	254.306	140.688	65.975
516.095	261.442	145.382	64.472
378.283	253.415	63.158	85.546
521.944	258.025	132.475	81.738
517.864	255.031	125.237	87.325
510.523	259.171	107.159	89.588
488.569	265.123	125.846	79.622
327.279	235.009	143.597	198.874
346.090	197.586	135.169	160.369
344.543	212.246	183.676	268.017
340.826	241.253	106.878	126.808
352.501	263.518	97.250	107.239
342.181	260.824	100.337	85.382
316.395	254.545	112.411	83.829
292.107	254.406	123.916	81.670
274.144	255.633	128.551	74.515
258.569	258.910	132.780	64.568
254.271	259.040	123.350	63.935
256.694	261.999	112.309	64.408
257.290	260.832	110.109	71.910
263.809	261.614	105.552	78.305
268.407	262.624	111.714	84.798
297.052	256.169	102.509	97.670
328.692	262.758	89.088	94.001
340.692	264.908	90.530	91.989
361.095	267.855	83.342	89.504
402.475	262.137	79.274	94.823
427.640	258.300	72.289	106.241
440.628	252.774	84.506	98.776
442.914	231.176	139.041	121.101
454.616	240.851	120.854	99.138
463.011	248.702	135.107	87.787
473.881	229.363	142.403	108.352
477.956	225.737	139.123	114.782
478.970	228.299	137.392	111.324
480.408	234.680	132.961	102.050
479.390	237.752	126.837	94.573
475.420	245.832	118.190	86.409
477.930	246.244	119.479	92.070
475.583	249.206	117.623	89.629
473.074	249.952	116.010	91.618
469.426	250.227	120.024	95.657
473.500	249.487	114.639	96.727
470.173	248.791	115.809	95.091
469.524	251.444	115.522	91.064
468.312	244.588	112.088	95.037
474.076	211.090	103.259	117.150
471.001	201.986	107.499	111.446
478.248	183.962	113.437	126.617
464.267	178.214	128.511	118.863
476.220	168.453	120.463	111.849
476.522	141.082	118.937	117.478
462.311	123.800	123.520	108.851
461.930	128.881	123.673	108.109
452.747	119.355	117.825	110.256
443.210	117.475	121.498	108.273
431.304	114.354	129.540	113.365
424.456	125.113	143.051	104.191
421.274	132.460	144.417	103.149
423.158	141.364	127.066	104.324
417.426	143.796	154.360	165.117
424.305	161.072	128.440	120.516
416.359	226.778	110.791	65.067
429.218	237.604	97.617	80.726
428.883	244.086	94.416	81.672
296.986	115.592	51.120	77.762
432.821	250.132	89.959	79.476
421.899	235.565	86.673	85.647
412.444	219.465	95.845	88.191
404.450	202.446	106.222	82.885
380.246	174.120	126.194	191.423
404.446	174.384	102.969	116.934
373.475	144.506	135.260	208.892
399.599	110.369	123.206	159.600
395.449	85.914	116.020	140.575
395.930	87.807	109.178	120.894
378.996	78.195	135.916	132.142
388.783	113.814	120.000	102.941
388.156	91.375	110.703	114.003
397.001	78.917	102.519	110.753
404.425	91.160	99.075	107.250
368.507	182.463	98.694	110.947
399.265	126.954	114.268	85.437
405.230	126.926	131.583	93.359
406.618	126.807	129.503	95.429
417.633	128.570	121.327	101.656
419.518	133.083	120.738	111.109
436.259	139.544	91.830	111.072
437.774	168.300	79.530	99.939
445.717	194.497	66.119	94.854
446.628	207.511	59.104	103.810
447.881	219.857	55.605	104.235
441.281	232.497	66.177	102.403
441.412	233.247	68.015	107.607
439.539	235.463	71.230	105.887
434.358	232.167	76.972	102.743
432.613	226.175	81.597	108.399
435.242	206.321	78.884	124.953
430.623	191.713	80.178	112.855
425.237	164.673	84.976	116.301
266.440	273.861	32.399	129.591
433.576	145.326	70.555	113.163
285.017	73.507	44.343	122.347
436.209	106.380	69.165	129.068
430.120	104.856	76.280	132.063
434.086	107.073	69.714	119.289
432.253	111.224	74.729	108.587
432.230	114.048	78.704	111.958
429.194	115.085	83.931	120.199
425.717	125.671	88.058	120.002
424.158	137.559	94.952	108.069
427.345	154.117	90.400	113.158
436.921	186.050	140.142	260.047
431.677	185.477	137.936	236.253
434.778	185.065	117.776	207.705
438.391	216.648	82.655	186.221
440.179	211.997	95.189	128.596
438.493	240.871	91.636	114.321
426.127	251.839	100.894	97.178
429.542	260.234	95.322	83.761
426.068	258.649	88.598	89.604
415.589	262.874	88.238	89.605
391.994	265.759	84.724	85.462
382.633	259.713	87.598	85.546
374.345	247.267	93.492	94.263
362.626	244.621	86.253	97.730
283.956	212.717	112.947	60.613
327.863	255.631	89.712	92.742
323.657	257.609	88.753	86.368
311.493	254.753	89.049	94.427
302.775	252.120	95.351	95.638
297.383	251.631	95.487	90.892
274.543	244.283	84.496	96.677
267.978	244.921	76.146	91.058
265.067	240.633	74.432	90.786
259.709	239.769	74.496	90.387
252.533	236.618	77.521	91.218
252.677	236.493	80.605	88.804
250.593	236.376	79.867	89.344
249.938	237.204	79.493	87.930
250.048	234.464	79.404	89.886
250.121	236.924	86.213	87.074
250.219	237.322	83.007	88.221
252.486	237.961	82.903	88.791
253.779	236.854	79.984	90.977
257.520	236.444	77.601	91.445
376.830	320.959	89.094	86.623
266.874	240.159	86.156	90.427
283.426	238.414	92.489	96.079
279.727	236.824	103.916	98.275
266.791	229.388	107.146	103.039
284.329	233.509	109.157	96.912
297.140	237.143	110.733	92.299
304.359	236.577	111.674	92.433
184.646	19.149	200.771	181.342
359.242	239.854	77.808	87.585
364.953	236.047	76.626	85.797
369.065	244.427	83.827	82.044
369.192	234.919	85.476	89.475
373.274	234.468	82.231	86.593
313.197	228.968	106.091	205.714
318.918	218.262	103.400	137.973
363.892	247.066	94.891	110.481
361.235	298.074	101.679	158.260
365.410	241.397	85.819	171.396
312.088	232.734	188.868	213.036
354.275	106.524	192.140	354.091
344.194	93.088	223.458	392.949
379.161	236.390	108.504	197.127
377.193	164.705	155.539	280.000
386.011	233.421	106.969	213.009
385.114	240.452	119.443	147.413
407.343	235.414	85.501	145.802
425.008	243.237	85.513	105.136
426.643	232.578	74.462	109.465
279.484	112.850	30.954	98.288
287.263	256.975	32.758	126.249
432.123	196.104	58.874	96.525
434.130	180.976	59.144	97.818
433.700	166.561	57.025	98.889
429.379	151.737	60.112	104.026
429.917	138.916	60.133	109.497
290.076	327.693	23.384	35.014
427.616	124.336	64.126	118.708
272.889	111.382	44.229	133.059
291.130	169.674	90.268	125.116
395.946	197.431	100.466	224.403
381.023	156.324	163.947	286.388
326.728	378.703	361.935	197.297
422.789	177.336	75.672	126.333
259.090	97.069	38.559	125.314
283.442	248.902	38.914	129.812
302.598	139.139	36.573	104.668
424.650	248.705	78.144	100.942
421.457	249.357	79.373	100.609
420.204	254.798	73.232	98.868
415.263	267.689	73.055	86.153
409.067	262.636	64.419	90.034
399.930	259.470	60.167	94.204
392.084	260.701	61.884	91.706
387.164	258.577	63.786	91.830
380.565	270.760	64.755	80.665
387.210	245.520	62.135	101.117
326.972	170.313	130.303	172.775
388.060	182.765	61.821	104.095
475.547	304.785	82.763	89.780
322.212	119.366	144.669	170.592
321.455	137.731	165.464	326.452
734.072	135.238	160.427	271.346
315.569	110.575	229.941	427.603
170.668	8.772	448.687	561.168
312.519	67.337	235.259	424.706
174.847	6.899	421.172	515.300
325.169	81.175	234.808	403.925
346.602	126.881	190.040	347.170
327.471	77.606	242.339	420.577
677.432	576.000	263.458	0.000
343.853	84.983	228.566	409.347
754.015	48.932	38.258	179.889
449.861	238.337	125.021	88.569
475.227	249.515	109.759	86.156
370.090	264.151	82.905	117.741
491.231	277.501	101.218	72.607
440.987	155.461	106.566	94.095
483.365	265.285	117.077	88.982
480.619	262.501	121.765	92.785
327.296	104.518	40.745	103.828
499.188	263.155	103.111	85.809
478.412	252.791	112.501	93.735
505.302	203.504	97.485	125.341
485.370	196.188	87.799	120.058
489.482	181.923	90.668	114.498
425.345	112.837	158.453	195.050
421.764	115.501	175.099	355.789
441.732	131.295	179.483	252.506
368.636	78.650	226.623	444.411
417.091	97.057	171.947	360.156
393.766	74.908	222.824	418.359
374.869	95.514	157.266	321.291
372.899	85.911	213.481	404.660
356.851	125.862	144.552	315.472
361.259	72.142	219.604	406.194
360.811	79.881	268.771	428.956
350.951	76.123	286.482	447.441
766.202	362.673	48.094	109.974
315.164	184.539	112.376	104.231
321.266	201.472	109.117	106.587
320.718	213.210	108.611	112.786
322.593	226.112	112.427	115.378
327.298	234.174	117.924	119.887
335.693	241.794	131.927	122.183
347.343	246.276	126.391	125.502
354.032	254.251	129.409	120.504
359.490	256.361	124.239	114.100
357.537	254.616	119.499	114.186
345.034	259.220	124.634	108.239
329.162	245.773	127.975	123.372
300.213	238.396	136.568	122.681
273.635	222.681	136.582	124.792
247.984	199.205	139.249	130.361
235.302	172.524	121.262	126.871
222.789	154.036	129.076	114.642
415.844	407.885	104.256	49.191
203.943	94.541	127.420	131.259
192.026	87.109	123.806	112.109
274.781	151.298	151.636	82.081
173.775	70.089	137.842	110.418
347.985	176.897	114.367	98.824
352.952	143.990	103.148	97.333
144.317	63.258	153.628	104.494
141.424	55.928	235.495	120.313
143.266	72.696	138.214	108.744
146.577	85.359	128.281	111.422
187.690	40.216	207.690	137.609
298.629	149.531	144.812	153.574
305.245	141.116	136.874	143.281
306.481	147.606	138.104	137.417
288.054	156.390	133.975	125.679
152.586	133.284	135.454	112.830
310.257	193.989	106.529	95.614
289.118	188.015	115.440	96.533
156.427	154.038	139.711	116.623
159.042	162.699	141.239	121.503
163.595	170.950	150.838	124.052
174.402	182.386	150.875	123.096
188.869	199.329	140.060	113.628
209.138	217.106	125.773	103.982
222.736	232.275	128.411	105.797
237.482	239.052	138.243	114.557
253.200	247.899	135.479	114.611
269.654	250.077	124.699	118.597
279.453	269.219	121.148	102.347
362.968	117.193	103.602	114.145
287.376	263.262	133.612	103.496
279.331	227.706	135.150	122.091
276.681	203.289	123.269	117.021
303.553	399.960	123.375	88.117
256.534	121.106	156.069	158.014
259.638	97.564	138.898	135.369
257.969	74.751	134.276	126.847
262.660	53.932	117.850	116.591
264.579	34.843	122.692	111.831
262.806	20.114	131.076	121.045
261.145	19.030	134.722	109.523
270.051	13.507	127.376	104.569
277.102	13.879	119.257	94.313
278.516	13.158	118.918	90.198
274.717	13.978	126.431	94.475
279.864	14.461	127.559	106.430
279.475	18.182	128.894	117.865
283.018	33.913	125.041	112.512
285.417	52.617	123.128	107.683
281.790	67.132	133.715	110.067
284.182	88.186	139.667	127.277
284.472	111.334	143.487	128.600
288.314	131.153	147.226	127.016
298.235	147.319	150.625	132.904
310.827	173.304	156.831	116.891
335.693	204.052	138.559	106.298
350.736	215.904	134.674	113.331
363.814	218.994	122.233	106.848
383.420	223.290	113.470	105.424
394.045	225.058	114.517	119.361
401.108	225.753	117.130	122.708
401.283	228.174	122.630	123.104
387.557	252.890	147.622	188.900
206.142	28.327	33.388	61.629
382.957	215.658	136.426	120.006
378.647	206.252	128.666	109.384
365.854	179.492	127.867	121.798
349.886	160.003	136.208	128.470
346.643	144.535	145.677	134.486
345.376	139.740	136.988	118.130
350.419	132.337	127.674	104.238
345.014	117.255	130.647	111.329
343.227	112.210	136.007	116.688
334.505	115.337	140.554	114.463
338.707	118.763	135.430	106.770
339.599	128.878	123.967	94.210
334.155	131.094	138.812	100.171
329.258	138.686	135.778	116.481
331.984	152.735	131.605	127.351
343.923	168.977	132.492	112.717
348.372	182.762	138.305	101.780
361.755	194.062	129.516	102.410
375.665	206.905	120.037	101.442
394.630	223.951	117.189	102.538
401.011	239.390	122.290	89.925
427.343	254.086	112.413	98.127
436.357	258.769	121.054	99.121
447.030	267.531	123.293	100.274
451.318	263.278	124.173	105.300
451.326	260.476	125.212	108.405
441.144	260.512	125.806	104.423
426.609	239.606	132.786	106.594
399.267	216.150	180.527	127.606
379.556	177.485	154.676	139.732
361.105	142.202	148.578	133.352
359.214	114.962	133.808	114.709
361.619	103.781	121.497	111.116
370.326	83.493	120.639	110.028
368.362	57.108	132.322	109.324
346.720	0.000	150.359	0.000
352.674	0.000	148.171	0.000
373.480	47.502	124.745	107.467
377.095	45.584	124.590	101.638
362.987	0.000	139.374	0.000
371.200	48.654	133.064	102.358
374.717	59.088	122.014	107.215
380.061	80.608	127.730	99.704
376.842	92.543	133.740	103.571
374.762	108.444	134.793	106.964
374.532	124.907	133.604	108.602
374.893	144.184	124.994	108.087
382.668	157.843	117.877	112.305
394.713	166.341	117.724	106.673
409.232	182.307	117.648	108.181
422.633	192.352	118.281	110.475
435.157	198.663	114.450	108.757
435.474	206.869	109.720	100.637
438.336	212.993	110.507	97.460
285.384	281.962	34.267	129.671
288.309	291.775	30.012	119.093
286.551	277.631	29.481	120.013
272.125	213.615	58.160	116.022
421.318	208.883	120.757	106.555
253.750	292.125	34.274	135.032
408.460	201.784	125.298	113.278
392.444	193.122	141.376	118.556
367.813	184.316	137.766	121.007
361.761	169.755	131.262	126.884
455.836	306.204	141.182	151.011
362.522	127.632	109.400	131.549
370.463	107.687	111.026	120.573
369.840	87.337	108.757	127.476
370.928	75.053	105.485	128.858
374.141	67.872	107.873	128.293
373.798	67.158	108.779	117.708
381.257	60.474	109.792	109.920
380.268	60.504	116.100	113.258
380.304	63.049	116.983	121.559
380.480	71.733	117.449	125.642
379.569	85.334	120.129	119.639
391.864	99.553	114.979	114.347
410.064	113.352	94.331	127.100
427.710	122.130	85.876	131.405
444.130	149.076	78.190	130.382
466.351	184.532	63.270	121.644
470.225	209.160	64.975	120.046
470.047	240.741	62.980	105.929
477.137	253.416	56.202	104.554
478.088	258.086	56.778	111.912
476.015	264.378	60.056	114.733
472.803	268.705	62.081	114.263
460.096	267.013	63.670	113.671
452.847	264.601	61.785	116.372
441.142	263.854	62.961	113.641
431.643	250.007	64.816	116.268
425.474	225.120	62.037	110.128
421.727	202.650	59.723	121.101
422.273	160.775	61.263	141.177
413.725	123.816	64.630	141.569
412.323	111.381	65.064	121.197
404.332	75.744	70.266	125.754
242.305	284.991	28.659	51.352
405.187	48.418	66.474	136.867
405.933	35.021	65.202	137.007
406.496	31.718	63.184	128.912
409.160	30.089	63.808	118.535
409.579	30.112	63.917	113.293
413.240	27.913	59.318	123.005
414.303	32.007	57.080	125.957
415.361	46.749	56.493	122.241
414.509	68.077	61.054	111.188
413.807	88.780	65.452	108.208
419.077	96.050	63.624	108.681
425.551	110.365	62.474	110.023
364.420	205.498	91.263	93.302
360.651	208.498	90.192	91.530
371.028	212.469	91.754	89.845
390.665	205.242	112.831	127.965
405.782	225.188	95.856	116.960
380.076	226.000	119.674	149.217
393.758	275.532	94.281	99.731
399.624	279.160	83.770	101.975
390.048	278.861	92.715	107.260
385.053	276.713	99.780	106.284
221.521	178.883	45.459	121.307
378.327	264.258	111.739	98.160
421.174	236.814	97.918	100.857
431.689	208.906	99.177	104.237
447.791	172.444	95.604	114.778
451.708	135.945	103.944	114.840
451.885	117.401	111.484	107.767
455.953	97.974	104.130	93.962
308.169	219.985	38.627	104.183
337.951	176.873	69.018	110.839
343.414	177.063	63.538	111.374
435.600	58.436	113.868	89.539
291.135	156.431	69.319	115.891
451.155	41.439	109.757	88.116
445.849	42.441	120.537	88.322
442.565	46.475	127.493	94.666
445.529	48.647	123.557	95.978
457.006	73.019	115.209	106.717
463.560	87.112	108.646	95.886
448.035	97.598	108.123	84.893
436.709	116.474	140.568	117.745
436.990	133.625	128.881	94.645
446.246	176.028	123.286	90.002
398.604	189.291	177.808	102.257
409.025	197.146	142.329	116.317
391.362	223.616	141.559	114.330
386.114	231.490	129.067	118.825
375.827	247.140	124.779	104.331
358.872	251.457	126.522	112.392
354.154	253.997	124.765	108.728
350.047	252.760	127.815	109.905
352.109	247.831	131.247	114.478
362.986	239.818	136.755	113.581
381.103	231.269	130.444	112.460
396.580	223.583	125.372	104.492
363.665	198.643	171.858	127.228
402.505	186.732	136.261	104.145
261.584	131.295	180.902	169.061
421.543	133.188	120.984	91.719
409.205	118.217	130.198	90.998
415.760	97.106	114.083	90.514
416.130	82.800	102.569	93.013
287.106	191.019	102.793	85.865
427.168	71.236	88.197	87.454
295.017	197.687	48.018	82.755
419.742	75.099	100.459	80.777
418.969	78.513	102.937	78.656
415.681	89.810	95.502	83.331
422.752	96.677	92.294	80.566
426.641	110.385	89.958	75.563
425.306	123.486	94.582	83.127
425.519	142.732	97.788	78.167
319.973	178.455	132.866	158.506
319.437	76.982	198.743	216.423
275.341	85.275	174.016	216.221
438.686	201.406	73.002	90.640
437.135	214.189	63.224	102.945
432.512	221.205	58.300	106.317
317.341	203.697	133.413	140.906
297.101	94.842	181.536	219.025
336.620	287.411	122.358	200.562
343.883	259.599	106.041	165.389
345.790	192.773	111.470	116.704
317.168	135.847	160.672	163.755
366.480	225.457	102.774	68.664
338.602	212.991	109.751	161.544
348.170	193.085	115.101	122.179
347.106	182.871	122.346	110.977
341.854	147.327	98.732	102.841
348.714	151.556	90.036	94.302
351.744	200.163	129.914	207.443
332.062	137.811	111.319	134.305
324.200	131.204	87.961	98.746
317.857	125.656	92.374	91.795
308.065	118.087	103.279	82.445
301.346	113.183	113.715	84.380
295.286	106.556	123.404	86.612
288.362	103.538	108.818	84.456
285.838	106.100	97.524	83.525
288.727	114.210	92.320	80.572
283.745	129.444	87.475	78.553
290.860	130.421	85.929	85.208
266.373	126.623	115.019	93.057
257.062	128.310	131.222	95.613
258.642	138.540	134.458	99.142
262.684	148.578	128.661	102.775
268.348	163.617	123.177	99.835
277.025	171.908	120.629	101.916
288.365	187.593	110.991	96.231
298.325	195.106	116.469	100.391
303.079	198.729	121.745	109.168
310.097	200.329	121.915	114.936
316.683	212.169	133.992	114.947
325.095	213.519	123.199	122.481
334.366	212.297	116.776	123.879
334.783	213.303	116.859	122.883
331.638	215.273	117.945	123.181
313.487	211.296	127.236	118.407
293.215	200.268	126.756	113.261
283.293	183.504	124.726	108.158
262.724	156.317	134.897	117.114
250.876	132.440	136.132	122.078
248.286	121.277	138.156	110.200
251.656	100.889	124.939	100.615
249.507	80.905	131.842	114.631
239.912	75.795	119.970	113.549
237.496	77.097	121.843	104.454
241.239	78.114	129.392	96.966
239.591	77.790	137.231	108.991
233.921	81.877	141.076	113.802
236.332	94.095	143.597	105.697
242.656	111.119	140.845	88.250
240.073	123.615	122.727	91.376
246.680	138.300	125.060	82.176
251.937	151.046	121.292	71.847
260.822	166.882	121.496	63.146
273.455	186.477	130.903	62.309
288.281	194.664	128.704	71.880
302.227	205.333	116.987	78.435
317.478	213.299	104.519	82.518
336.671	213.548	87.733	90.301
353.965	224.201	74.407	88.600
356.059	228.550	77.675	89.892
361.761	232.445	88.301	88.922
359.464	232.702	90.574	90.603
354.495	232.345	96.600	93.001
212.159	226.299	41.129	104.525
339.861	225.088	108.766	91.659
329.162	220.578	115.935	89.835
311.490	207.443	122.579	97.424
297.212	189.787	124.001	112.217
284.638	170.007	119.180	118.563
280.343	150.486	117.512	120.142
278.498	136.355	120.363	109.488
283.366	113.880	115.463	103.228
283.274	90.016	103.229	101.373
285.065	76.419	99.099	104.902
286.427	72.096	102.186	99.823
287.711	62.587	95.758	89.512
287.774	58.630	92.583	83.669
288.514	59.071	92.322	81.258
286.538	56.924	97.982	83.937
286.490	57.696	106.397	82.255
290.851	60.010	107.012	81.246
299.814	69.232	99.138	84.634
307.170	86.499	96.577	81.581
318.297	92.403	95.547	78.206
315.443	106.552	77.542	99.370
321.385	109.124	73.725	105.100
323.488	124.224	75.252	92.748
328.608	157.723	70.896	64.141
336.073	168.486	66.782	70.905
336.078	177.273	69.728	74.248
349.757	181.206	67.619	82.984
359.614	177.625	57.259	94.360
362.533	209.225	58.844	79.765
372.457	226.923	56.928	66.282
378.266	226.700	55.419	68.734
388.033	227.835	48.131	68.710
393.590	226.938	45.111	68.168
360.765	147.092	61.420	31.413
358.307	147.065	60.234	30.808
390.129	220.483	50.967	73.253
378.506	217.001	58.295	74.695
368.216	211.163	68.701	83.468
355.946	200.746	79.686	95.121
356.485	198.756	78.276	99.747
340.273	196.444	93.957	105.301
327.551	195.693	105.623	103.544
302.251	185.671	133.021	114.243
294.229	179.890	138.330	121.040
290.837	176.401	135.545	124.669
290.668	171.708	131.220	127.286
292.583	166.120	127.277	130.950
302.433	165.614	120.114	130.279
312.438	163.772	108.505	130.582
328.553	165.336	98.831	128.796
339.372	166.673	94.548	128.352
358.743	169.062	83.898	125.038
358.671	175.774	96.678	112.980
372.422	175.178	92.279	112.390
381.159	184.017	91.355	116.374
392.751	190.327	83.160	114.091
395.381	200.197	78.486	107.248
400.483	196.946	66.029	108.785
399.403	192.088	61.678	109.413
391.282	166.590	63.637	122.715
376.030	137.364	68.093	127.973
370.191	118.992	66.551	116.325
351.092	94.222	76.331	108.100
347.583	84.959	76.468	99.541
334.367	43.691	79.031	123.356
299.330	31.836	162.282	179.516
426.597	0.000	128.434	0.000
517.529	232.919	74.908	89.338
320.278	21.487	73.502	100.295
319.893	13.606	66.705	110.130
318.526	9.580	66.115	116.981
323.387	16.495	65.899	119.196
287.437	9.857	143.706	188.817
318.410	31.517	104.383	143.857
333.833	41.603	84.097	135.908
334.060	51.481	88.000	140.279
340.456	79.379	87.126	128.348
342.722	102.075	89.273	129.273
359.656	112.666	71.074	139.187
366.127	160.226	68.955	110.362
376.009	190.312	66.370	112.364
392.436	219.100	59.833	108.000
253.694	107.309	53.734	68.464
269.672	263.294	35.799	109.962
399.762	248.326	61.996	87.230
405.654	249.885	62.331	82.418
408.981	251.051	67.489	83.034
290.884	258.394	29.656	106.198
299.170	223.507	77.804	99.835
365.957	116.621	77.664	94.804
430.465	231.142	55.477	98.139
430.242	219.331	54.800	98.103
430.909	181.939	54.004	110.069
294.188	80.982	36.609	100.635
431.356	153.756	55.377	119.297
431.590	139.988	58.737	127.193
430.373	131.169	65.354	127.024
424.629	126.225	80.030	120.728
418.933	121.610	90.472	116.656
414.792	118.578	99.537	109.932
407.609	116.564	96.793	102.532
403.813	114.743	97.178	100.177
400.651	112.497	97.747	100.570
250.662	80.729	69.163	114.151
400.235	114.226	109.067	100.119
405.313	85.409	136.576	176.455
395.791	118.030	133.113	115.553
391.682	126.314	138.827	119.072
376.497	127.102	133.132	124.740
359.132	137.586	126.961	109.655
340.238	136.157	165.014	127.440
336.852	143.566	130.904	117.680
334.423	140.730	122.942	118.003
332.164	137.767	120.648	112.167
332.188	129.800	112.975	108.655
322.743	122.370	113.653	106.400
310.952	111.637	126.350	108.237
297.622	104.044	136.759	112.830
295.817	99.683	135.281	114.518
564.626	327.457	49.291	78.331
292.149	105.575	133.027	111.651
288.714	113.977	144.868	111.339
309.781	125.974	138.542	121.238
299.324	136.737	154.276	118.050
308.664	146.563	153.028	118.582
313.810	155.567	154.729	110.095
326.091	163.457	140.635	102.769
335.336	162.891	132.261	105.811
338.390	160.447	134.459	112.391
348.293	162.659	129.386	111.435
351.653	166.898	128.536	102.249
355.283	172.684	133.769	101.710
367.298	177.557	145.466	105.510
383.021	179.379	133.089	108.310
385.425	176.316	132.208	106.390
388.332	173.723	132.233	111.935
389.802	171.920	139.480	114.251
389.948	173.423	135.691	113.021
385.383	175.914	138.516	110.444
381.042	173.619	135.568	115.599
376.827	186.522	134.152	105.860
199.214	217.524	36.239	137.384
368.226	220.480	108.691	106.206
358.183	224.424	111.435	121.921
350.874	228.457	117.934	115.892
348.320	227.361	121.723	113.686
339.893	219.823	111.155	109.893
337.045	206.165	122.312	107.648
339.627	198.264	127.854	110.567
342.646	189.868	142.588	104.391
354.057	193.814	141.054	100.068
406.969	414.398	106.789	52.333
212.227	247.948	28.238	119.282
415.874	185.222	99.978	108.830
257.717	89.235	32.617	125.945
251.969	145.591	94.818	98.528
289.055	186.018	110.370	88.289
445.468	185.118	90.105	101.804
297.555	221.715	35.314	124.220
471.228	193.080	73.205	104.597
329.654	122.760	33.499	106.959
454.922	213.848	98.090	87.591
317.502	302.480	34.640	95.366
424.952	223.038	126.887	82.610
422.238	214.888	119.280	83.253
402.573	207.935	121.551	90.033
383.997	203.214	125.908	99.204
382.323	188.323	113.321	114.445
366.491	193.494	111.412	110.547
356.094	198.794	96.687	103.775
347.237	198.286	98.472	105.546
331.152	218.941	85.611	100.931
321.243	223.075	87.207	99.836
312.278	229.820	80.021	100.627
301.338	238.210	76.705	98.435
293.006	238.755	78.208	99.838
282.989	243.123	87.413	97.495
277.018	247.708	93.966	93.733
274.320	248.823	100.498	87.699
274.821	252.432	102.336	81.021
276.187	253.845	104.328	77.144
283.271	251.823	97.247	77.495
292.654	251.728	82.154	77.434
297.018	251.201	79.094	76.892
301.163	250.942	73.018	77.454
323.645	240.271	59.854	88.692
340.251	215.233	78.020	89.269
208.256	146.289	42.042	92.014
426.368	268.325	73.575	72.655
552.405	378.261	61.992	73.997
449.319	272.589	70.098	71.499
450.434	273.855	91.014	68.376
444.582	271.442	113.423	71.920
439.093	266.590	121.360	77.427
419.422	265.186	128.808	73.194
384.573	264.099	140.111	68.645
349.726	262.504	147.236	65.433
320.141	254.401	150.548	67.957
300.688	247.653	140.248	68.672
281.029	234.984	135.061	77.472
259.148	225.261	123.787	87.388
255.649	224.516	116.042	89.582
230.155	224.474	127.637	88.314
231.423	222.980	119.275	91.078
234.791	222.027	109.771	91.336
242.365	226.677	101.003	89.094
246.390	232.019	102.550	86.416
251.962	235.263	100.803	85.684
257.016	234.594	95.406	86.078
264.124	233.597	89.230	87.186
329.909	128.507	73.970	91.281
330.361	131.496	73.744	88.509
282.563	242.502	78.017	82.462
284.787	243.072	77.227	83.754
343.401	135.482	66.892	75.108
342.170	135.073	66.874	85.091
287.797	242.416	68.500	91.389
287.461	250.228	60.821	99.524
283.791	260.292	61.074	101.207
285.966	266.926	61.518	102.287
283.081	274.112	68.211	93.540
280.368	271.451	71.331	90.458
283.805	267.746	71.407	93.950
319.073	129.261	115.305	153.201
326.954	206.517	78.300	112.715
358.741	132.861	94.502	88.791
220.904	258.767	27.321	92.781
438.824	243.330	97.259	83.260
446.000	236.612	107.440	93.492
367.396	195.058	102.138	97.635
464.930	234.498	95.526	94.449
460.227	226.418	96.165	98.552
462.639	226.177	93.683	91.579
458.599	221.781	98.328	89.370
438.778	217.114	117.462	91.245
420.362	211.453	127.381	94.697
418.460	209.155	117.562	94.358
370.601	50.256	140.096	219.391
321.809	202.145	117.884	84.571
286.121	196.646	105.066	93.113
243.766	200.208	123.516	94.563
219.243	204.056	116.995	100.748
194.956	215.300	122.519	100.722
188.206	224.275	115.444	95.722
188.292	231.071	113.581	91.778
193.241	249.314	105.043	80.086
197.684	260.571	93.193	80.185
204.501	273.342	90.589	72.373
223.532	276.500	86.066	68.710
237.522	277.152	87.245	66.224
253.625	273.798	77.780	63.372
275.528	260.879	62.281	74.434
341.827	200.960	71.357	90.321
359.339	158.022	122.103	154.709
372.073	175.436	137.858	160.994
364.594	137.233	167.709	332.260
389.322	169.349	157.750	243.701
460.175	292.426	122.436	111.090
518.642	309.051	88.844	85.972
387.423	260.295	32.739	86.924
553.034	304.660	56.757	96.845
499.648	199.105	93.581	52.816
551.016	296.694	53.546	92.374
538.686	291.039	61.126	88.381
526.137	287.589	68.217	84.406
503.218	284.954	89.732	82.431
472.285	278.459	112.649	84.152
408.592	270.877	128.737	82.107
381.467	267.490	125.698	86.047
355.479	258.225	125.639	85.543
328.607	250.875	124.802	89.044
307.899	242.542	115.870	92.427
311.723	232.281	107.006	99.675
313.280	214.015	107.730	114.079
311.564	203.050	113.475	114.067
323.443	192.506	120.786	115.276
346.210	181.153	120.539	116.401
366.072	173.090	118.483	101.097
201.697	155.736	67.288	121.297
382.876	171.153	106.097	93.982
380.036	172.027	107.252	92.964
377.053	173.757	108.605	92.138
230.090	264.961	28.093	114.637
224.065	225.758	31.187	128.101
357.038	195.961	110.238	84.924
350.496	195.153	120.263	81.171
373.970	207.835	119.922	66.779
399.707	195.827	116.135	75.859
433.515	187.716	121.872	80.483
457.577	165.993	128.795	100.970
471.774	159.663	133.028	107.952
475.292	160.478	132.311	108.247
473.881	159.764	132.459	109.593
462.743	164.697	136.764	106.851
441.239	168.216	146.539	107.310
418.017	173.139	154.502	103.904
391.405	188.960	129.112	88.897
371.055	193.730	105.732	83.048
235.151	303.105	24.625	86.813
238.812	258.785	23.495	106.377
363.390	190.864	72.905	103.925
369.573	191.067	65.642	103.904
382.661	190.453	69.271	100.537
391.240	190.926	71.712	94.817
397.745	190.699	70.358	89.529
398.813	190.219	68.982	87.580
394.678	189.379	67.959	87.572
393.315	190.583	112.729	179.572
359.214	188.720	74.539	86.694
344.256	188.084	79.555	85.209
328.910	182.271	75.966	90.133
326.935	178.885	73.548	90.493
325.717	170.431	75.886	93.991
192.689	241.480	21.270	108.372
360.743	171.821	75.151	92.888
384.817	191.686	72.106	89.749
399.123	198.289	72.766	92.325
412.448	200.115	67.923	94.956
423.324	202.877	61.774	101.484
428.511	208.368	59.805	99.609
425.147	215.493	62.666	94.168
410.002	213.629	68.431	100.833
384.958	203.705	68.727	102.877
367.385	213.859	68.508	86.663
357.185	177.358	59.230	101.196
343.571	146.174	58.878	104.190
347.861	126.904	54.248	116.001
360.111	104.953	60.727	122.937
375.569	304.373	88.425	45.418
363.606	89.614	109.477	119.521
370.563	150.015	80.758	41.237
385.531	92.326	105.441	98.268
369.898	89.760	122.299	106.057
281.284	268.090	29.087	37.856
352.186	103.101	82.646	103.313
206.973	255.198	26.635	83.105
338.597	114.955	71.872	96.539
355.992	123.129	59.185	106.647
359.370	128.235	62.904	115.047
357.726	139.276	76.858	119.987
355.429	157.079	80.646	111.123
345.736	190.588	74.236	86.649
347.187	190.611	67.696	93.380
345.340	188.135	62.744	96.704
339.043	182.213	69.510	100.315
334.750	181.405	73.948	94.509
324.550	181.368	80.218	87.580
298.409	169.569	113.785	203.547
189.544	185.148	20.931	117.336
178.135	175.044	85.380	92.133
216.859	131.969	88.579	105.852
304.084	128.974	110.232	88.036
159.894	105.093	57.369	103.652
158.344	118.099	39.836	117.657
164.327	91.164	48.302	98.071
167.925	83.099	44.563	102.070
321.138	72.928	125.051	88.730
322.097	69.474	127.798	92.792
320.041	67.439	137.787	82.764
327.451	71.889	138.548	76.064
331.514	76.309	144.319	72.620
322.709	77.661	145.872	82.815
339.667	86.938	125.486	89.109
345.435	90.632	112.187	93.964
350.853	96.695	102.852	93.521
349.871	97.374	99.667	95.708
347.576	97.435	99.524	96.499
351.475	94.850	94.389	98.962
345.551	97.221	96.649	93.472
338.170	97.667	103.688	93.158
329.589	0.000	112.335	53.988
347.956	0.000	94.674	0.000
372.363	0.000	100.183	0.000
306.951	115.837	119.151	78.834
301.352	108.458	109.350	82.327
314.562	87.450	108.930	100.290
295.736	80.409	127.065	96.316
295.507	64.923	124.581	105.754
291.721	53.899	123.547	106.472
288.535	39.533	124.745	111.063
286.242	16.508	122.783	110.256
281.047	8.682	119.008	93.963
229.746	0.000	191.813	108.633
230.601	31.318	179.834	278.020
213.550	14.903	206.722	347.553
205.883	13.687	238.824	371.906
223.441	40.866	166.508	261.228
199.486	18.126	210.886	351.354
205.486	22.032	182.218	215.489
204.348	13.144	168.110	133.713
18.627	0.000	193.840	0.000
287.445	0.000	168.279	0.000
206.045	76.312	122.948	89.663
201.428	92.093	122.539	83.427
316.884	0.000	118.297	0.000
196.457	92.071	132.453	105.161
186.895	91.855	139.348	103.762
185.003	89.527	137.714	105.630
170.458	100.727	146.319	97.530
162.757	98.569	151.037	97.374
161.113	93.756	149.872	101.012
164.313	89.625	144.274	102.009
176.249	0.000	144.203	0.000
281.497	0.000	161.834	0.000
182.510	88.129	135.743	83.785
188.453	82.345	125.701	91.030
189.576	79.922	129.012	101.807
188.613	69.679	123.070	108.570
182.616	65.581	128.105	110.888
175.794	67.377	132.946	108.984
165.957	66.834	143.264	110.839
163.300	70.262	142.993	110.420
163.770	73.267	144.201	108.814
170.452	75.819	142.104	108.537
173.057	76.363	146.243	107.939
175.822	75.835	145.727	108.420
176.576	74.507	147.169	109.882
179.835	73.843	144.520	110.040
179.169	74.769	143.255	109.191
179.421	74.886	143.046	109.910
179.989	77.559	148.671	109.290
181.869	80.963	155.757	110.121
180.069	87.119	156.617	107.796
164.916	101.344	148.440	99.756
181.841	0.000	148.068	0.000
127.144	112.663	121.012	116.294
98.835	111.637	135.629	112.699
65.656	119.852	160.290	104.697
36.211	121.568	143.709	103.507
13.270	112.422	128.871	98.114
18.185	103.472	129.187	95.425
7.865	87.990	132.533	97.878
14.817	81.247	133.434	107.365
26.259	83.929	135.157	110.529
41.929	91.092	126.622	114.087
57.683	103.334	117.436	112.633
70.910	124.689	119.195	106.002
84.604	150.182	133.606	111.543
95.019	157.468	156.864	120.522
128.874	172.808	157.941	112.532
181.433	175.207	150.786	111.205
194.699	176.941	117.912	107.078
240.544	114.204	121.593	113.931
265.550	297.049	111.757	94.183
245.123	95.484	123.869	94.635
233.225	81.139	121.554	107.373
210.736	78.420	141.790	105.924
196.366	86.578	144.610	102.916
185.388	99.055	145.115	91.560
184.744	115.718	138.026	71.760
186.933	115.927	133.376	72.320
186.710	115.263	133.272	73.581
186.825	116.110	133.572	75.571
190.584	115.247	129.088	80.052
192.657	110.410	125.146	85.197
195.230	105.642	117.875	93.986
197.153	101.431	114.241	100.851
199.908	99.348	110.707	105.799
203.016	98.201	106.636	108.773
205.703	97.734	103.274	111.386
205.280	97.049	102.078	112.285
203.302	97.861	103.387	111.633
202.167	99.255	103.959	110.080
201.597	99.846	104.143	109.489
201.981	100.719	103.477	107.736
203.886	101.766	102.458	107.235
204.798	102.203	101.300	107.769
204.839	101.664	100.444	107.850
205.818	102.770	99.504	107.229
204.535	103.169	100.338	108.325
203.613	102.636	100.532	109.965
204.190	103.676	100.081	109.767
204.756	102.799	98.599	111.099
205.563	104.146	96.796	112.002
208.205	104.967	91.494	114.717
205.515	106.356	91.912	117.477
183.351	111.577	114.401	112.427
154.844	125.666	144.187	96.697
132.577	150.116	144.058	99.688
110.291	161.047	128.495	107.485
68.491	152.556	136.472	116.058
37.156	151.860	121.927	112.274
18.565	139.112	122.615	74.521
21.722	118.127	115.642	64.696
197.375	85.994	64.026	84.258
157.421	95.082	101.346	87.702
140.208	101.074	130.252	97.594
263.186	0.000	147.519	0.000
52.867	113.620	136.621	104.238
63.536	127.201	154.441	102.355
80.830	149.135	147.941	104.021
118.271	174.934	122.601	114.765
143.174	181.596	119.289	121.289
183.566	194.261	142.216	104.990
201.257	186.521	118.472	113.661
232.388	160.298	124.994	106.104
248.471	123.793	124.563	114.967
260.110	107.686	131.857	108.843
257.538	66.368	144.687	123.289
236.040	0.000	166.152	0.000
231.523	0.000	171.695	0.000
230.569	56.893	149.084	113.139
221.221	57.921	134.381	120.581
214.291	65.527	126.705	130.546
209.727	85.641	115.923	130.694
210.058	101.260	98.802	127.097
209.655	129.828	81.871	111.805
206.820	140.008	69.142	132.538
193.175	152.242	77.688	142.266
172.651	179.857	88.621	117.079
157.168	187.717	100.407	109.629
134.011	183.955	112.243	108.551
100.529	162.173	125.203	126.930
59.207	143.370	131.535	116.277
337.843	91.808	35.458	115.085
51.768	123.411	108.830	103.132
50.960	120.362	115.828	105.589
294.114	117.795	37.504	118.035
293.265	120.944	45.796	115.504
60.364	141.642	130.623	104.769
74.332	161.342	129.878	93.428
0.000	19.455	17.303	111.343
97.457	183.538	134.861	92.422
132.629	186.344	126.850	103.062
165.956	186.059	128.620	105.272
194.544	178.248	141.300	107.850
210.298	159.782	153.494	102.801
240.136	144.745	146.084	89.961
239.773	125.508	142.052	82.404
259.320	118.654	142.641	82.628
273.555	111.750	138.641	76.633
262.934	103.746	147.224	71.934
263.873	98.867	146.082	80.258
261.108	99.322	145.969	82.197
261.342	112.331	136.223	81.580
261.549	98.846	133.270	107.610
258.097	102.137	131.835	118.899
260.871	0.000	128.442	0.000
228.254	177.679	129.817	95.090
211.144	166.111	106.225	112.355
182.835	162.791	107.361	110.853
148.993	152.931	126.032	97.649
118.703	148.116	149.885	114.245
112.816	136.591	145.938	118.587
99.802	122.548	130.076	111.529
101.207	116.524	132.693	104.705
106.235	108.907	116.718	93.487
119.381	108.434	109.852	87.471
132.338	114.951	108.447	87.000
161.791	122.533	117.334	87.275
184.691	126.764	116.793	90.578
195.984	131.163	115.423	99.568
200.020	138.817	120.165	100.780
209.372	144.799	116.677	103.464
222.432	160.044	109.387	101.293
236.088	162.537	116.316	100.288
252.632	166.887	123.748	100.626
268.902	177.813	125.039	92.844
301.316	164.583	109.345	106.161
334.824	147.322	183.984	122.886
411.146	155.361	151.500	108.048
429.635	96.299	108.921	115.924
462.984	91.538	196.121	128.433
497.180	84.506	193.605	107.912
624.430	0.000	267.502	0.000
342.132	76.147	131.780	107.764
559.507	0.000	164.127	0.000
568.164	77.868	132.134	107.502
572.347	81.127	126.742	108.189
569.257	88.140	127.402	101.167
564.467	94.671	129.201	95.083
557.710	95.916	133.615	97.044
563.865	98.024	124.140	96.319
546.859	99.621	129.845	101.391
446.769	101.175	225.413	116.439
472.106	105.122	173.463	124.986
500.502	103.602	138.579	131.511
490.750	158.673	121.123	98.503
493.943	162.761	94.131	99.726
485.035	157.668	78.058	104.509
483.152	164.337	72.889	101.904
494.117	179.987	56.532	93.235
497.186	177.124	56.873	91.819
492.912	173.422	61.816	94.585
487.130	176.856	70.975	91.099
359.822	116.061	53.915	86.668
392.307	106.708	72.875	89.416
496.023	171.659	69.724	91.576
497.889	164.785	73.564	81.190
513.664	154.394	66.728	77.388
522.025	154.080	73.155	82.970
531.986	155.446	81.301	86.131
557.029	162.481	77.217	87.892
560.630	149.392	97.961	99.335
544.902	142.650	136.603	99.548
810.052	249.493	40.151	107.205
518.522	142.124	150.044	93.268
488.586	136.910	143.122	88.601
462.598	133.909	132.234	98.927
417.629	134.208	188.892	111.568
377.179	149.437	135.186	114.713
339.975	150.863	116.376	129.859
306.646	155.505	102.740	141.309
272.347	167.721	105.340	135.617
242.789	182.774	123.158	126.338
215.696	183.392	144.814	123.235
189.874	185.847	166.854	123.855
193.375	187.697	160.803	124.804
202.465	192.747	150.461	123.258
225.706	199.525	128.913	120.087
250.295	209.768	109.131	114.901
281.731	216.138	90.877	110.299
305.553	218.395	83.119	109.171
328.652	231.016	68.003	97.734
280.923	219.563	122.220	116.578
286.819	233.916	97.764	105.879
292.778	233.236	96.627	88.984
327.954	146.118	142.140	151.647
331.209	192.973	136.034	111.367
330.631	242.509	90.271	105.450
336.149	187.897	28.057	110.459
344.886	177.476	38.128	126.570
353.324	161.238	43.127	127.720
350.483	229.382	52.564	122.816
512.159	249.339	149.395	104.595
491.365	253.857	161.912	100.723
467.444	257.676	164.265	96.988
433.880	263.802	170.783	95.705
396.779	275.103	157.428	94.076
368.824	276.642	133.915	93.684
321.656	283.946	144.661	95.351
278.455	281.485	156.980	92.096
248.611	271.612	159.090	100.654
225.966	270.865	158.160	100.558
208.262	268.619	141.000	102.479
204.585	272.796	128.320	101.387
193.966	279.882	127.382	98.720
174.401	277.147	144.089	106.531
164.956	279.194	155.324	108.685
165.085	278.651	159.162	112.207
167.016	279.863	162.781	116.402
170.360	281.337	165.368	116.652
175.101	281.501	165.042	117.654
181.741	282.789	161.827	116.497
195.000	285.359	155.188	111.698
208.820	287.813	151.354	107.098
219.817	288.216	147.174	105.757
229.017	289.352	146.101	103.419
234.287	290.133	149.989	101.067
239.592	287.852	157.710	105.778
245.764	284.242	163.100	111.710
255.097	281.889	167.580	117.836
277.207	271.527	159.671	128.473
311.234	259.868	134.390	138.860
351.717	249.921	111.531	143.841
382.919	236.848	110.474	144.602
410.436	242.970	104.998	121.853
442.498	227.914	130.303	105.069
457.386	222.511	149.256	95.939
467.551	219.102	165.914	87.984
477.418	213.122	168.071	87.170
492.015	208.923	157.123	84.499
498.029	207.063	151.553	81.055
493.548	209.083	154.037	86.451
488.700	212.531	150.727	96.208
494.453	239.300	142.269	88.569
483.449	248.017	145.936	95.653
474.866	259.306	146.979	98.459
461.865	264.607	153.098	107.309
465.754	268.930	147.846	112.932
457.110	268.818	150.718	109.568
461.116	260.137	139.911	106.476
459.842	250.798	143.560	102.510
471.581	235.759	135.988	109.212
479.605	213.011	137.385	126.279
479.440	198.904	136.334	130.445
474.000	186.216	135.658	125.170
457.965	180.346	121.869	110.659
454.234	173.847	111.735	108.252
430.399	160.969	117.652	114.794
402.765	144.333	108.254	124.644
384.406	138.477	119.941	124.235
370.071	134.634	131.363	111.710
365.575	136.840	124.844	118.431
364.549	135.365	121.233	115.369
363.221	138.308	122.349	107.701
369.438	137.696	116.932	112.255
380.931	138.592	110.684	115.734
391.755	138.812	103.597	116.091
398.545	143.765	106.063	108.825
412.558	146.225	99.799	103.258
464.794	210.962	138.415	102.047
292.473	77.299	63.366	127.790
282.273	220.629	48.743	150.329
503.425	186.097	179.599	130.528
517.345	180.034	163.063	140.841
520.682	186.909	155.172	131.959
497.781	184.077	172.267	115.255
470.384	183.006	183.787	103.171
449.771	186.040	189.772	93.035
424.397	189.211	200.611	94.612
403.614	203.683	177.347	90.964
376.530	220.573	160.875	87.366
315.301	233.282	139.019	92.518
278.238	242.285	147.382	108.753
244.252	251.937	159.139	125.679
224.975	255.852	149.851	142.926
214.202	255.854	130.443	152.003
202.912	260.756	93.106	144.646
180.986	259.353	90.161	145.746
162.199	261.947	93.407	139.906
148.416	257.038	96.064	141.713
142.143	261.896	97.139	131.671
143.111	255.916	96.346	136.371
147.839	253.984	95.820	134.910
156.024	256.840	97.525	130.300
167.650	258.673	91.418	124.834
183.423	258.823	85.881	120.893
198.404	260.254	85.246	118.624
216.067	262.777	81.517	120.479
235.368	269.215	85.829	112.059
250.575	265.136	97.510	109.243
256.387	266.533	118.968	102.334
255.388	266.789	136.016	94.752
256.535	267.630	139.129	89.552
261.840	267.594	139.165	87.258
267.410	265.932	140.811	90.829
269.694	264.775	152.661	95.613
272.084	261.709	169.801	106.842
270.045	256.756	181.796	126.172
269.575	256.749	170.656	139.891
287.172	253.275	156.088	146.520
314.630	251.417	138.975	147.917
319.998	260.352	162.086	128.217
326.447	258.958	188.411	118.038
346.800	260.115	213.472	84.354
364.886	248.973	213.182	79.685
405.187	230.246	193.543	107.123
445.711	223.311	169.321	125.936
482.767	215.665	166.158	141.145
825.967	280.632	47.822	135.846
513.920	225.185	172.218	126.287
522.246	231.585	169.733	111.869
520.996	227.728	164.013	107.936
521.393	230.732	138.481	107.711
510.534	234.963	126.157	103.924
479.915	238.548	141.679	100.333
458.123	233.379	135.084	111.887
448.388	239.762	140.456	117.195
431.960	239.682	154.221	123.210
425.803	242.813	160.471	127.998
405.217	251.900	172.419	124.545
387.424	256.877	166.149	130.176
360.936	262.218	160.653	135.101
352.174	262.045	131.960	141.899
333.848	262.699	107.229	144.379
324.410	270.264	96.879	139.602
301.588	274.078	105.092	139.789
232.517	282.780	145.404	133.072
173.007	277.371	179.261	155.647
128.458	279.843	216.579	158.382
106.823	282.544	215.979	155.012
101.081	294.673	212.055	140.011
93.167	291.415	206.059	145.893
90.420	285.039	200.541	152.783
97.852	277.368	183.136	157.972
112.693	272.247	162.039	159.285
141.016	268.994	122.912	145.087
173.181	260.634	116.665	139.263
184.738	254.320	114.031	137.301
189.747	245.710	121.957	141.918
191.642	235.768	126.667	148.567
196.459	235.702	137.039	148.421
214.101	225.249	132.838	157.844
233.699	222.105	118.584	160.259
262.952	218.297	96.783	166.742
275.271	215.609	97.706	171.612
272.486	215.851	117.928	172.747
277.656	221.387	134.993	166.640
289.744	221.510	153.225	162.125
307.235	225.779	191.724	147.291
369.803	244.807	149.134	127.438
402.617	252.326	117.493	118.017
434.493	229.004	105.519	134.605
461.599	222.988	116.640	138.717
465.286	219.192	154.809	146.320
475.650	221.557	176.387	155.395
489.797	223.861	197.765	159.532
514.502	227.013	200.617	160.312
537.304	222.772	196.473	166.854
543.336	203.115	203.142	186.011
551.658	199.562	210.934	167.969
566.753	200.985	194.703	161.719
566.062	211.226	189.661	129.217
555.939	215.388	206.565	100.477
546.493	209.627	222.615	100.114
543.971	199.419	222.077	130.044
539.808	192.652	201.633	155.883
527.257	194.321	171.854	163.593
507.596	195.291	137.156	165.593
497.731	199.778	134.669	168.426
301.807	118.984	205.039	237.363
436.156	217.854	111.821	157.755
366.883	238.050	107.132	134.853
352.876	244.185	128.516	134.706
334.239	247.383	135.285	141.656
304.621	250.028	142.682	141.891
290.708	243.998	148.552	152.314
278.637	243.786	155.202	156.453
269.925	245.915	162.310	154.993
265.901	246.251	163.404	155.279
267.565	247.464	152.000	153.610
266.569	249.938	158.362	149.834
268.522	250.584	151.191	150.355
270.902	245.280	157.293	154.267
271.524	245.629	155.209	153.998
271.339	240.197	159.871	162.555
270.510	238.928	167.362	164.928
281.374	230.945	162.909	173.211
306.252	233.912	141.843	167.413
311.749	232.078	138.915	167.130
323.286	249.322	139.086	148.676
343.724	253.838	131.090	143.640
372.717	247.618	143.807	145.494
396.585	213.525	213.238	184.490
430.994	213.673	195.145	185.486
431.130	258.921	226.194	156.292
434.604	260.731	250.481	164.664
322.938	573.956	245.720	2.044
535.988	259.184	225.175	165.972
370.140	271.841	65.264	96.555
562.795	279.333	212.200	141.750
578.992	284.357	199.733	147.160
591.451	288.721	188.495	156.572
600.446	300.184	178.207	162.534
600.098	308.903	181.281	164.779
602.884	313.276	188.080	172.754
601.769	321.818	195.488	171.528
605.331	330.664	198.097	171.580
611.055	344.647	202.454	169.062
612.164	356.099	211.905	167.810
302.337	90.964	355.149	307.432
211.485	67.815	490.772	451.365
245.305	78.547	446.502	392.269
162.890	238.685	380.308	229.030
204.497	241.822	277.441	199.639
209.631	259.607	263.688	164.555
207.658	255.066	258.470	172.326
205.870	250.617	256.626	168.223
137.780	183.945	508.375	261.218
560.851	576.000	399.149	0.000
159.257	74.979	601.997	347.857
215.910	96.853	528.223	297.936
158.003	205.555	408.980	228.444
180.856	234.834	316.563	199.048
188.147	233.992	316.504	189.734
207.882	236.602	309.428	190.255
220.593	241.615	275.598	177.419
244.068	241.037	238.536	182.517
239.461	236.038	236.653	183.676
255.374	239.701	227.098	186.091
241.018	239.113	240.960	193.078
262.517	239.944	216.637	196.335
259.315	241.032	221.526	195.034
265.575	241.939	217.909	199.958
268.759	242.067	213.265	203.106
272.306	244.728	211.975	204.279
272.655	248.550	214.904	203.718
273.260	249.368	216.314	203.558
279.488	250.722	215.646	205.684
278.158	251.384	211.147	208.293
276.218	253.661	212.771	205.624
281.248	255.206	206.054	205.152
281.723	254.705	203.407	208.023
285.248	254.295	195.036	208.541
290.894	254.947	191.428	209.293
292.985	253.170	189.818	211.547
299.815	254.160	178.271	210.770
307.455	251.122	177.784	213.794
320.160	255.112	162.757	212.576
330.963	256.846	156.232	217.012
333.639	260.462	157.172	213.629
333.633	255.359	148.774	217.143
272.399	218.770	249.185	357.230
326.379	230.760	160.009	276.624
392.344	237.472	231.446	167.194
346.337	212.740	282.887	221.902
344.692	236.918	222.809	179.907
352.647	241.316	178.230	155.707
351.186	241.654	160.876	158.075
348.807	239.791	150.527	163.932
347.907	243.115	137.949	167.789
345.821	248.452	130.017	169.738
342.971	249.560	123.364	174.912
338.979	259.212	125.508	172.944
320.143	257.665	150.791	176.996
282.845	263.991	182.027	178.438
249.486	270.429	204.576	168.510
220.506	271.234	202.865	169.489
196.405	287.725	211.242	159.423
163.433	289.393	188.827	161.123
118.359	299.497	172.745	151.037
70.031	302.289	207.477	161.523
44.822	304.735	218.341	168.897
38.926	309.064	209.631	157.688
17.821	311.437	220.696	159.358
22.210	317.865	210.284	151.554
15.961	320.660	207.603	150.093
27.408	322.490	194.079	148.008
49.230	322.842	171.789	150.995
86.827	319.632	138.771	155.022
98.933	322.448	145.196	158.478
110.992	324.545	141.717	164.607
123.249	326.288	134.779	162.096
143.953	323.509	116.831	161.598
157.531	323.360	102.019	158.774
159.779	324.024	98.030	157.964
160.539	320.982	98.315	157.044
159.213	315.030	98.997	155.316
154.318	315.474	104.969	145.886
148.892	313.318	113.246	140.035
140.547	312.366	124.838	139.988
130.706	312.353	134.088	137.270
122.486	307.991	136.429	144.597
109.829	298.542	134.184	161.515
91.915	290.196	133.768	166.947
67.525	283.706	143.654	188.320
31.211	278.413	161.856	187.786
18.345	275.506	161.591	183.222
8.066	266.455	153.562	178.174
3.903	269.561	136.094	173.728
6.320	266.820	117.645	170.915
4.890	265.037	110.110	173.246
3.890	263.711	106.774	180.306
2.520	262.055	122.933	181.155
3.835	263.180	142.712	186.368
2.323	258.772	162.252	195.713
3.522	258.620	188.981	192.607
0.000	256.946	223.603	197.370
308.915	29.565	256.530	254.965
56.024	286.138	263.028	186.823
184.018	280.772	198.662	213.653
205.651	255.788	203.378	288.828
301.729	284.228	144.645	235.331
386.362	275.143	163.332	207.031
408.647	271.307	221.393	180.304
430.987	260.974	241.939	152.076
320.864	64.551	198.133	184.088
440.594	211.598	219.961	178.769
445.089	179.145	278.244	206.272
421.526	158.674	298.508	227.810
412.663	158.085	295.289	227.778
378.324	160.727	315.222	229.220
368.741	168.401	292.283	237.169
341.376	191.993	294.294	244.971
319.215	214.880	299.305	239.127
194.759	219.467	376.154	272.338
182.348	296.966	301.631	198.090
142.730	319.225	244.789	195.114
63.098	334.350	287.717	179.877
9.352	318.972	266.668	242.499
7.400	332.911	238.066	210.019
53.746	213.184	307.895	362.816
53.843	16.821	259.321	199.059
5.824	303.264	126.274	152.536
299.575	266.672	48.235	120.100
0.000	299.117	117.335	84.307
0.880	301.185	126.619	84.315
3.451	302.480	120.787	102.354
3.994	306.062	113.876	128.570
1.728	297.694	114.351	164.638
8.248	295.722	127.572	190.840
6.580	301.825	144.917	188.519
10.101	308.198	148.271	223.906
21.719	305.949	159.665	250.403
34.726	306.659	171.534	210.112
8.498	304.891	227.965	258.739
44.143	305.418	230.336	216.311
58.218	293.811	278.499	175.017
71.749	290.029	322.037	146.353
103.366	286.354	312.465	117.194
159.419	273.651	283.404	134.285
189.052	228.871	325.658	211.906
242.324	249.518	315.251	198.524
257.619	234.513	268.182	218.969
265.189	236.330	326.063	223.926
249.581	219.315	338.301	255.835
246.277	203.337	305.967	274.879
248.867	167.985	266.257	290.181
251.060	138.382	244.089	276.572
244.582	119.534	256.359	241.831
224.678	89.614	289.680	229.621
226.698	88.992	292.309	225.564
242.326	63.595	294.668	263.958
225.236	74.404	332.240	275.666
217.309	79.462	358.330	314.103
212.573	81.422	433.540	324.746
270.007	111.587	346.106	328.309
291.451	140.051	316.408	293.142
324.275	167.208	290.095	268.499
358.240	182.335	270.083	246.952
360.005	210.225	286.125	211.917
275.160	211.275	416.402	239.196
289.472	212.546	407.454	259.938
293.225	226.124	397.563	271.319
352.304	222.100	295.820	313.843
415.753	233.929	200.087	336.650
422.381	243.121	170.490	328.676
411.874	246.495	207.460	321.239
399.702	244.209	241.205	308.489
382.120	241.841	270.048	268.709
368.602	233.676	273.666	251.913
366.598	211.625	256.704	272.479
354.486	193.545	248.587	296.715
335.556	185.509	245.708	307.051
303.361	188.588	257.182	304.240
278.200	202.236	266.567	305.326
253.925	218.828	279.837	295.472
232.954	242.017	283.853	281.487
218.308	268.564	261.862	259.665
201.484	283.875	214.948	243.021
192.973	285.761	194.323	263.663
187.902	287.085	201.954	281.572
177.784	277.258	198.780	294.581
169.336	272.246	201.118	283.664
132.595	264.998	235.127	273.027
85.905	262.619	281.961	265.493
81.079	251.882	279.104	274.750
81.069	254.933	288.147	272.957
94.980	261.673	301.034	277.196
109.889	270.488	319.371	275.017
83.587	279.439	350.456	272.620
53.054	276.067	384.000	290.057
48.883	266.087	426.353	306.106
61.695	258.937	400.037	307.705
144.750	249.762	274.431	310.076
175.642	239.576	236.208	334.546
164.594	226.098	261.093	331.728
136.138	232.605	349.555	332.793
99.502	236.361	444.145	333.922
74.376	243.783	494.382	331.806
488.542	576.000	471.458	0.000
98.440	248.109	422.485	320.420
148.428	241.521	349.672	333.113
191.584	248.605	288.451	327.072
218.521	249.293	244.224	325.381
222.762	241.429	236.600	330.677
218.558	236.746	252.553	338.219
204.045	228.937	286.317	345.530
182.667	230.438	328.041	338.829
157.966	232.106	360.420	324.440
127.651	229.954	385.171	297.756
127.567	213.400	394.513	307.132
142.346	210.380	373.906	318.106
141.713	243.345	304.561	301.582
87.358	251.939	311.684	282.317
57.540	262.272	339.266	304.541
12.493	264.338	402.618	303.843
55.894	274.634	386.013	281.403
82.436	254.174	354.679	307.481
127.910	248.709	273.941	307.649
152.685	243.565	237.496	314.992
172.228	238.138	224.502	303.924
184.582	239.010	223.997	289.044
200.349	241.037	216.331	276.537
228.730	245.531	203.111	269.146
249.495	245.515	198.582	269.214
266.769	248.614	204.777	255.952
282.717	246.321	202.119	262.059
278.858	257.558	247.457	251.859
234.894	262.704	266.690	263.252
286.716	262.319	312.548	267.903
321.930	250.232	257.161	265.143
397.176	247.250	213.190	292.107
394.664	236.050	217.620	284.479
388.970	226.680	278.753	280.345
348.989	219.964	345.086	280.334
352.226	209.373	325.389	283.847
364.481	210.885	292.075	283.604
385.102	202.749	228.146	288.990
404.502	208.057	197.838	261.357
406.228	218.463	223.325	260.738
388.974	222.302	249.764	275.977
374.694	224.012	250.331	274.544
360.899	226.294	213.992	272.959
355.537	231.264	183.953	260.338
329.026	230.594	216.547	246.022
289.998	238.406	277.089	229.190
282.545	238.372	287.454	227.016
297.454	234.531	257.042	240.259
305.557	255.670	191.967	230.658
297.290	266.861	187.927	220.565
278.280	273.019	221.497	231.977
241.655	271.500	262.284	253.000
281.325	270.634	225.927	233.792
295.446	261.177	166.606	261.937
306.014	262.239	157.029	246.920
299.622	265.351	195.369	228.785
276.507	262.333	244.460	224.237
280.527	255.592	267.056	214.089
286.729	251.862	301.353	188.330
307.068	245.173	286.205	186.021
314.004	240.834	280.402	184.368
327.760	235.200	250.449	190.714
350.743	233.706	192.053	202.223
384.264	235.266	140.981	214.975
384.832	241.333	139.897	236.913
379.926	263.771	165.945	219.070
369.317	271.056	199.468	203.861
337.694	263.872	232.113	229.186
312.217	261.529	216.621	237.835
321.836	258.289	155.808	270.711
323.451	252.788	147.343	251.838
280.768	246.925	195.776	245.671
247.987	242.055	258.527	242.711
225.152	241.058	282.667	241.591
226.702	241.816	265.035	230.682
237.752	244.124	238.202	218.881
251.678	240.853	223.917	211.514
260.636	237.873	214.983	207.285
264.763	233.915	213.928	200.684
269.630	231.570	219.737	197.782
277.002	232.896	248.800	193.809
293.675	234.286	246.229	192.896
327.959	229.311	220.979	204.673
365.557	228.481	221.025	200.419
393.645	223.239	234.416	193.719
444.996	219.992	193.445	185.060
813.430	325.210	114.670	198.693
453.306	218.298	255.232	136.878
648.820	0.000	229.266	0.000
606.707	0.000	282.851	0.000
435.036	210.304	270.937	94.877
409.736	210.418	259.971	87.267
381.880	212.246	255.644	92.008
311.977	216.138	262.572	101.938
288.083	225.813	260.184	116.634
258.576	232.647	249.596	126.193
202.218	245.445	244.466	136.193
196.007	249.835	224.479	161.470
146.998	256.568	247.328	175.267
126.214	260.386	244.151	167.951
106.122	267.372	227.892	160.785
91.194	268.375	220.559	157.273
91.893	265.348	210.385	158.417
92.537	262.451	206.173	158.120
97.580	258.846	204.180	153.997
116.352	256.710	199.078	149.327
149.207	259.066	188.489	138.569
188.756	259.982	168.913	128.702
220.881	263.521	147.360	120.266
240.840	266.923	128.285	119.550
273.706	278.895	101.114	110.107
280.164	280.960	82.107	96.790
269.506	283.256	81.550	104.146
318.098	163.463	137.377	116.251
253.376	259.513	97.841	89.312
274.940	161.527	163.864	145.031
258.743	158.968	186.420	185.873
511.999	235.596	178.367	108.097
315.429	249.008	85.546	110.934
325.067	262.504	39.465	134.791
533.790	231.057	224.231	109.091
521.802	228.464	225.483	118.713
491.927	223.952	221.723	131.678
456.107	212.973	207.693	158.163
436.282	226.730	188.100	155.900
391.012	231.014	158.305	157.244
337.693	229.074	148.759	160.540
309.767	222.356	145.183	170.169
249.770	220.709	170.674	162.277
195.484	222.055	191.460	157.746
163.423	219.994	206.677	158.458
137.814	220.205	215.271	158.789
99.900	220.819	243.204	158.512
105.812	226.556	237.255	155.376
116.545	232.910	227.196	152.241
138.383	239.431	204.088	151.591
160.935	244.837	185.973	152.352
174.931	248.931	177.140	154.425
178.453	61.227	188.359	133.821
175.267	257.053	205.675	162.908
185.883	254.149	199.538	181.775
195.168	254.978	195.272	185.312
221.814	255.909	177.144	189.935
247.124	257.890	157.635	204.066
264.217	260.436	154.969	196.704
271.391	263.373	167.117	196.819
334.777	261.217	126.270	201.951
353.705	261.758	120.520	195.207
371.545	262.649	122.679	185.125
417.990	271.668	116.028	173.938
241.533	70.021	131.958	140.477
446.413	274.432	135.467	169.522
458.082	271.014	155.059	175.099
463.238	275.919	161.857	174.833
468.386	279.725	177.408	165.821
467.693	281.700	184.853	166.742
468.058	283.109	188.270	165.442
467.267	286.143	191.608	162.060
469.311	287.496	189.011	160.715
471.089	288.305	173.931	156.467
474.748	288.076	168.411	152.609
472.896	287.863	160.027	148.658
469.307	284.231	150.911	143.700
465.179	292.389	135.508	126.832
269.863	168.177	92.870	109.926
239.667	220.538	184.615	230.295
335.857	271.111	151.735	144.502
339.427	282.615	129.154	127.444
305.628	272.545	95.400	130.061
282.129	269.599	91.987	129.468
256.590	272.441	116.899	126.481
219.496	273.252	154.021	113.973
203.123	274.926	166.657	101.738
208.409	273.340	160.893	93.027
226.455	274.376	141.884	99.345
246.166	277.545	122.534	110.612
271.745	282.799	98.377	124.316
290.725	292.079	80.360	129.414
297.317	293.594	74.447	135.572
293.405	299.804	79.315	133.909
287.625	304.740	85.979	130.387
287.761	306.226	83.210	131.197
288.515	305.931	80.263	126.007
295.623	299.554	76.000	130.008
327.408	286.536	113.751	128.684
406.896	279.201	94.139	116.084
283.341	192.514	91.925	106.495
443.458	290.559	99.110	126.811
452.112	287.741	110.544	130.194
266.136	206.995	60.204	105.112
489.783	274.682	111.497	133.292
488.298	272.843	131.859	119.600
479.484	276.417	174.339	102.740
459.287	271.478	199.357	87.978
445.941	247.207	202.221	96.401
441.525	232.777	183.392	108.464
422.668	224.475	168.173	120.991
378.500	212.756	150.612	131.510
349.946	216.568	157.654	134.396
306.949	219.228	162.180	137.124
278.708	225.272	177.538	137.849
270.204	229.261	182.237	151.121
273.959	237.806	175.271	151.805
282.543	249.575	168.821	140.922
288.950	266.342	165.561	126.176
296.655	270.357	160.734	131.024
307.050	273.415	154.646	136.084
314.670	275.261	152.454	142.063
362.451	277.999	116.834	143.172
404.307	281.010	112.805	138.850
448.250	290.318	111.214	128.543
469.894	291.553	133.840	130.642
312.982	284.423	129.381	118.518
317.241	277.224	134.725	128.252
275.129	134.220	34.030	166.876
492.510	294.673	161.353	119.851
498.510	293.238	156.942	120.139
485.901	295.370	162.793	117.357
457.449	291.525	174.134	115.281
456.716	299.190	175.134	113.361
436.173	295.624	161.538	112.278
440.069	292.542	112.894	121.267
218.279	210.271	248.686	154.041
346.683	293.732	113.067	208.406
348.664	277.686	106.602	128.600
336.205	285.641	103.055	100.768
319.269	286.688	90.380	114.624
306.867	286.286	99.901	113.461
288.943	288.453	120.238	107.033
280.206	282.808	128.347	107.971
273.336	276.838	135.028	114.033
267.440	271.653	141.384	119.405
279.058	270.099	133.013	121.621
304.750	269.015	114.988	123.663
334.102	271.126	109.243	120.296
374.755	287.530	111.006	107.529
374.222	275.925	143.123	124.250
364.026	285.793	143.070	116.305
357.191	292.404	149.419	110.923
360.169	297.386	153.372	110.388
357.179	295.325	162.299	113.061
357.272	293.834	180.021	117.151
354.484	290.048	187.887	121.545
354.561	278.833	182.380	135.125
351.419	272.954	181.604	142.421
355.823	279.385	158.011	138.152
355.473	277.075	123.274	140.847
350.082	286.984	93.626	130.765
335.510	292.647	97.140	127.537
301.155	292.641	130.554	123.064
276.443	292.221	154.840	124.489
274.421	290.928	153.534	126.363
271.581	292.364	152.862	124.364
270.649	289.588	152.612	128.551
272.517	289.491	153.127	130.167
286.637	287.391	142.643	132.216
308.030	286.429	122.836	130.309
323.490	284.947	108.267	121.393
336.241	296.667	100.168	108.862
334.723	292.758	112.296	104.746
377.695	190.510	158.538	169.505
445.169	279.405	123.368	96.357
286.438	115.902	95.416	84.201
311.968	106.274	94.092	100.392
285.996	236.577	64.544	129.966
511.198	242.949	134.991	126.924
503.489	252.804	141.988	95.992
481.118	218.812	184.267	132.245
489.638	204.634	141.174	130.969
489.162	202.756	130.854	127.086
488.259	197.914	103.911	118.426
487.743	196.057	90.411	117.147
477.840	198.385	90.790	112.726
462.443	200.572	92.089	114.817
444.071	206.894	88.386	113.140
429.536	220.761	84.736	110.108
409.516	217.210	101.580	122.992
413.225	223.458	97.939	126.875
402.151	223.052	111.326	128.814
384.338	224.116	128.048	125.504
369.776	243.388	135.393	107.235
362.825	260.539	136.685	94.856
352.900	262.215	139.439	97.170
351.093	266.588	137.735	92.784
351.057	273.009	130.948	86.775
343.582	270.360	122.714	91.677
324.658	259.185	125.993	102.716
318.194	267.124	112.043	101.515
277.211	262.721	135.182	106.383
256.234	254.305	173.333	117.056
258.923	250.245	118.892	119.492
258.932	241.333	97.446	122.059
236.338	257.484	121.391	105.607
226.767	257.353	135.985	106.346
222.713	253.134	157.988	105.343
235.566	262.260	154.822	101.352
247.145	268.524	153.827	92.784
256.022	271.317	157.345	84.063
270.456	271.937	154.723	78.543
292.591	267.550	156.554	80.367
313.150	260.769	154.272	96.022
336.025	271.077	126.154	93.204
338.633	273.252	127.398	89.247
347.492	276.633	138.038	85.170
377.368	264.173	122.822	100.592
375.595	267.353	121.381	96.205
355.876	261.843	158.837	83.179
346.579	259.491	169.387	77.725
342.115	250.219	161.763	86.004
344.795	246.796	156.913	91.481
358.855	245.501	149.224	79.161
373.452	247.904	139.220	68.625
386.267	249.544	140.034	62.940
251.107	131.514	53.759	104.356
402.827	242.996	102.711	96.184
429.591	208.642	93.986	112.755
431.245	207.061	100.951	95.982
425.898	201.451	109.903	97.182
410.743	199.588	122.701	101.183
396.385	193.359	132.593	104.776
388.199	188.012	139.729	117.236
370.828	196.369	139.107	116.015
375.042	199.005	129.807	114.717
359.314	213.385	121.511	107.522
353.933	231.869	103.194	95.152
356.695	257.940	104.765	80.803
358.672	270.183	110.091	79.982
360.495	272.905	120.062	80.426
362.072	277.621	116.742	77.410
364.920	282.102	112.457	71.856
358.562	274.212	125.347	76.788
348.136	267.706	134.214	75.650
337.261	262.301	138.899	72.448
326.137	253.482	146.783	68.445
319.675	233.702	133.997	77.787
331.144	206.152	133.472	92.475
350.690	186.981	128.576	111.800
360.117	185.430	135.072	113.452
370.958	179.044	135.339	115.986
384.831	185.770	122.404	108.910
387.588	205.491	106.190	89.912
384.804	207.397	116.144	84.086
380.668	209.784	118.677	82.150
379.435	209.245	125.281	85.592
380.812	199.490	138.109	99.294
382.855	187.930	130.632	95.063
388.849	173.898	123.470	88.355
381.564	159.828	129.167	77.261
390.293	153.966	137.174	66.006
427.588	344.744	96.342	45.502
404.987	122.167	128.091	81.204
260.167	274.715	30.357	92.990
443.735	98.421	97.674	83.492
445.491	78.667	92.425	101.220
436.016	66.256	98.787	98.458
406.944	55.858	111.859	83.693
410.536	268.926	98.590	25.623
383.444	68.711	89.055	91.478
397.391	271.873	86.342	23.132
363.582	120.583	128.861	63.743
377.646	131.646	121.414	78.961
399.317	137.299	109.615	83.236
406.498	139.983	111.588	81.393
407.151	139.985	113.179	77.408
408.774	136.757	119.701	69.520
430.713	117.709	103.266	67.203
311.245	245.702	38.180	72.791
435.817	91.427	79.520	90.537
453.928	89.088	86.033	83.835
464.766	158.280	135.033	165.163
487.214	181.759	101.541	124.869
475.027	104.268	101.138	89.079
335.460	250.768	48.162	85.874
345.485	268.710	41.119	71.980
461.891	137.600	111.999	158.328
453.436	143.251	70.511	88.523
450.530	138.481	75.971	99.987
431.673	137.216	81.657	88.948
413.727	138.592	92.958	69.520
406.173	122.665	92.006	71.597
408.245	112.229	74.450	80.968
376.980	108.671	98.603	83.970
355.184	114.810	109.226	73.313
352.128	119.196	106.885	97.587
355.186	125.423	89.410	103.954
349.635	147.039	116.032	86.905
353.370	167.545	132.992	68.915
368.617	168.897	118.595	76.652
388.434	167.598	103.144	76.943
400.234	163.666	104.275	79.220
402.413	151.499	112.905	70.469
426.894	140.954	105.651	68.033
448.091	115.247	75.212	86.397
451.938	112.913	82.841	80.089
459.048	110.807	106.546	76.090
467.147	81.471	118.968	162.369
479.298	118.515	119.250	182.935
504.323	183.437	118.218	123.288
510.626	178.056	114.058	126.259
471.041	149.100	144.924	307.142
475.175	121.360	142.469	191.307
461.215	106.884	113.901	126.795
453.051	93.528	98.310	110.602
442.986	87.849	101.587	94.406
433.283	86.742	103.572	89.895
432.033	85.119	85.320	79.072
423.627	85.009	88.909	74.443
397.149	89.178	106.390	64.702
363.984	92.506	128.579	59.661
354.157	94.288	121.318	76.772
335.931	98.716	99.683	90.458
338.901	102.856	97.579	82.486
340.497	105.044	96.934	90.396
309.687	93.830	159.460	114.860
369.444	127.966	112.120	86.123
391.069	121.918	108.251	89.122
421.188	117.451	82.506	86.724
428.814	114.450	75.258	82.167
309.335	138.351	70.833	112.887
212.767	99.031	122.973	119.744
426.218	76.706	152.029	185.733
221.291	70.117	269.214	281.657
407.449	124.940	265.073	423.143
439.060	215.065	227.089	313.688
307.473	93.365	404.894	479.672
80.413	120.444	732.577	455.556
435.820	110.408	144.437	209.422
456.902	127.048	123.912	103.564
451.506	141.275	115.328	94.411
453.057	147.482	112.310	92.396
443.986	155.590	104.286	108.237
453.157	183.961	130.863	264.415
428.469	145.802	131.451	162.651
431.284	164.253	121.626	136.589
427.637	191.011	116.835	124.098
406.359	155.219	110.213	102.929
403.092	166.474	99.208	87.718
264.839	309.193	22.913	84.997
412.524	187.309	106.482	80.922
382.226	188.821	140.722	109.666
391.292	203.356	108.669	104.490
392.187	222.682	110.112	86.904
401.219	235.973	115.373	83.061
409.257	256.280	107.936	76.615
419.465	262.103	102.048	82.620
469.030	285.410	98.928	62.527
475.887	288.508	104.050	55.678
491.347	283.652	108.542	59.363
523.019	258.798	96.758	74.570
538.880	247.475	83.458	77.646
546.299	240.123	80.442	76.238
542.990	237.900	87.988	73.475
533.023	235.662	96.463	76.161
524.143	230.711	101.633	81.410
501.662	250.139	100.388	62.534
477.748	255.845	100.455	60.635
458.158	250.417	89.257	71.754
444.587	248.673	82.280	79.968
420.465	235.459	80.576	90.761
581.526	364.354	54.828	86.842
370.659	217.313	88.356	88.947
343.469	214.366	101.051	96.084
337.113	212.365	103.825	89.600
336.972	213.415	103.840	83.400
338.241	218.985	100.616	79.011
350.446	242.446	96.987	71.226
355.570	252.807	91.788	82.896
356.538	259.260	94.171	92.057
360.210	282.117	98.275	73.443
372.853	304.353	108.285	55.305
262.336	296.232	78.723	69.204
378.712	313.588	110.248	53.956
375.172	306.999	110.841	58.510
367.698	300.783	113.185	63.341
366.487	296.714	103.302	65.017
366.317	292.019	101.390	67.459
366.147	283.929	98.720	72.905
368.427	266.630	88.071	88.748
368.177	250.633	93.491	99.026
373.165	250.741	95.950	98.052
383.147	250.709	102.145	90.587
412.801	268.918	113.556	64.934
290.500	342.452	26.459	93.918
450.726	281.427	103.392	57.608
455.895	285.142	118.157	57.321
464.351	285.558	119.639	58.906
465.389	278.756	123.694	65.344
474.576	265.253	113.794	73.634
480.602	256.396	107.643	71.495
477.998	250.840	116.612	71.571
475.266	244.641	121.982	74.098
473.024	246.077	128.185	70.029
449.753	222.227	141.957	78.854
506.944	206.480	125.325	85.493
421.482	196.257	110.397	113.038
558.185	206.870	76.339	92.771
548.457	207.637	87.931	94.168
542.084	225.794	92.421	81.641
530.118	238.109	104.565	80.048
523.607	255.207	104.923	81.346
411.995	259.209	115.772	100.438
252.969	86.857	43.995	61.844
433.223	298.157	87.053	86.537
422.580	315.857	58.409	76.932
517.556	285.109	106.400	56.880
504.975	278.431	107.199	56.866
487.816	266.777	90.254	60.973
479.718	257.727	67.925	70.160
407.967	256.962	68.355	65.139
408.054	257.394	62.323	65.416
409.524	255.712	54.016	75.079
407.743	256.712	54.724	75.491
407.081	257.465	60.868	72.081
408.384	256.649	59.680	78.190
408.773	209.717	108.252	108.766
408.494	204.819	117.140	111.002
405.883	258.660	61.083	76.573
407.048	210.695	98.389	112.065
295.308	286.357	68.680	96.151
406.087	204.818	95.451	120.023
405.054	213.486	118.435	120.495
404.039	182.746	108.412	145.744
536.080	239.135	104.575	86.657
531.268	259.986	105.794	68.341
519.613	263.661	117.971	58.670
504.853	262.537	130.475	59.677
472.467	260.228	148.635	61.076
451.147	265.593	135.561	57.964
438.523	268.529	125.609	53.484
408.400	261.928	127.091	57.740
405.258	255.764	129.253	67.483
413.761	249.571	117.827	69.607
419.393	244.077	109.681	72.794
421.279	233.983	104.860	73.634
294.825	374.129	22.017	72.396
288.330	339.864	34.603	93.959
445.979	211.374	115.498	79.681
455.424	206.831	100.078	71.687
465.983	206.359	105.918	77.352
470.507	210.279	117.832	83.935
447.332	416.423	85.416	38.755
426.701	240.322	138.875	74.167
425.274	306.920	78.629	77.288
450.322	244.366	93.717	71.810
629.912	266.066	34.163	123.062
434.013	229.891	105.337	75.907
429.170	213.994	129.249	111.727
405.760	201.049	163.123	166.368
411.229	159.330	175.262	318.824
416.329	149.898	208.088	348.844
431.249	190.183	125.005	110.396
410.784	158.585	171.246	168.956
407.230	174.645	207.094	294.341
379.885	165.606	135.249	125.725
380.368	172.606	113.600	85.349
381.079	171.171	101.449	86.097
378.909	180.593	103.375	88.675
379.861	192.545	112.363	90.607
385.047	197.340	115.247	84.702
396.206	202.830	113.054	87.255
405.565	201.276	115.788	89.348
438.181	203.498	104.248	81.624
456.845	193.325	102.443	69.331
459.729	189.242	150.105	118.270
475.110	185.972	134.144	116.827
478.651	160.772	114.447	92.436
501.343	151.494	100.488	97.444
503.517	151.644	104.762	89.325
506.644	154.621	102.705	89.552
523.622	154.628	82.870	91.899
531.721	161.629	74.071	85.373
514.243	167.135	93.126	82.648
505.410	169.743	104.561	83.092
504.423	179.611	106.042	79.406
475.745	174.611	124.295	137.400
450.223	187.436	134.566	97.519
428.323	189.866	136.527	92.480
408.654	187.319	124.385	73.694
368.683	179.169	124.004	65.499
377.222	167.745	97.918	77.228
349.377	165.547	106.716	71.228
324.735	165.073	107.441	74.011
308.884	167.422	110.949	71.824
310.704	176.797	100.180	83.493
301.534	181.587	88.648	80.583
298.205	205.742	91.349	70.656
293.175	208.517	92.980	82.170
294.904	224.053	88.330	78.184
303.113	234.494	85.933	72.038
300.356	240.799	92.305	72.502
297.307	254.372	94.334	69.587
290.127	271.141	108.474	57.558
297.491	273.699	109.011	61.055
308.978	267.769	101.925	68.128
322.911	261.420	101.538	74.108
322.323	259.850	100.502	71.701
322.428	240.716	110.710	81.983
319.488	228.970	113.609	66.476
320.490	198.334	108.272	88.415
337.492	186.520	92.050	101.244
341.693	178.425	97.251	86.214
343.292	175.300	109.334	88.956
348.920	171.224	111.592	90.704
367.183	190.414	167.324	107.517
380.905	208.762	133.524	84.732
621.453	359.339	47.418	95.615
378.663	217.673	117.897	82.354
376.714	212.148	104.435	87.775
377.998	199.812	91.183	94.418
382.458	190.110	79.208	93.551
422.197	352.594	64.999	56.949
376.669	179.593	92.068	78.876
367.622	173.880	88.658	76.930
244.282	115.719	68.794	108.632
367.913	157.619	98.710	79.500
369.111	148.570	89.039	92.652
367.078	155.378	87.159	86.509
362.475	164.446	92.032	82.559
375.345	185.684	107.290	80.371
389.817	197.142	94.534	92.626
403.504	212.447	130.710	72.315
423.650	216.513	123.694	67.534
451.657	214.165	99.832	65.660
471.149	201.451	94.751	72.603
477.933	198.375	140.155	118.125
500.285	195.470	125.047	119.736
521.520	193.257	99.499	117.676
503.116	165.562	126.498	163.939
517.431	162.551	107.383	117.577
501.190	156.204	129.979	210.446
511.386	182.421	117.343	113.412
517.013	203.017	105.873	109.295
354.472	233.619	51.879	120.441
513.797	201.456	106.041	104.916
511.574	200.233	98.429	106.081
480.083	193.429	147.558	145.278
464.555	184.740	134.433	113.030
461.830	188.795	162.447	261.917
448.192	171.452	121.312	131.862
441.899	170.962	157.229	272.587
415.676	152.912	214.422	324.981
316.145	91.295	377.763	432.929
380.229	159.928	194.282	291.529
325.974	170.570	159.042	107.602
333.642	191.011	99.358	101.503
329.523	220.647	109.343	76.895
353.201	248.329	95.125	58.519
361.707	250.800	90.184	68.987
372.039	255.428	88.637	76.779
383.230	257.901	90.366	76.759
259.128	135.629	53.141	74.085
398.156	252.886	95.283	78.330
403.484	248.146	100.651	78.235
273.073	376.185	27.252	81.101
404.691	238.891	104.994	70.777
432.050	215.087	127.605	104.672
445.314	209.331	119.784	101.495
458.345	223.985	103.415	85.769
465.322	222.497	92.172	76.845
454.400	235.614	96.402	74.452
432.199	248.453	109.191	63.064
427.465	253.087	109.845	57.523
420.166	255.495	104.550	59.854
419.934	251.321	95.229	64.311
417.567	249.766	93.698	67.786
411.640	244.416	99.923	73.978
408.271	244.609	107.373	73.986
404.080	243.045	104.738	76.165
404.494	240.609	99.317	81.427
406.806	241.859	94.423	84.571
404.949	241.992	94.072	86.243
270.313	316.948	29.168	106.447
414.241	250.180	118.346	77.593
275.127	327.625	31.486	107.193
427.414	253.071	106.710	72.781
427.642	260.545	109.315	63.214
430.495	262.601	104.660	58.438
429.624	263.947	116.240	54.005
428.159	263.071	118.746	53.389
436.454	259.869	106.212	58.317
439.184	260.802	101.846	58.318
441.094	259.797	98.220	60.602
432.905	260.494	103.565	60.649
428.473	260.774	110.858	63.487
419.364	262.374	119.707	64.649
415.044	263.299	117.646	64.035
411.168	265.510	121.551	62.516
405.639	267.492	123.299	59.737
403.066	267.017	121.934	59.590
402.370	266.954	120.347	58.513
400.081	267.342	121.853	56.692
400.279	267.879	117.756	54.753
400.650	267.193	120.496	54.656
402.398	266.574	120.161	55.708
403.784	266.382	121.841	55.924
406.376	267.053	118.248	55.535
410.210	268.325	115.850	55.155
413.408	269.715	120.090	58.774
415.236	271.995	116.770	58.529
416.723	272.803	117.198	60.364
414.545	276.155	113.035	62.734
413.259	279.667	113.598	64.895
407.034	284.063	115.077	67.549
406.016	284.651	113.699	74.274
274.168	288.329	36.627	110.893
261.998	269.292	46.302	97.281
248.201	122.210	32.110	71.057
397.944	275.744	124.591	96.291
404.388	268.928	121.238	83.107
417.566	266.468	110.266	69.974
410.414	252.765	116.659	71.092
423.063	267.810	128.272	52.622
427.560	265.777	128.276	52.786
453.673	267.410	111.615	50.034
466.194	268.082	121.477	48.966
482.866	279.591	131.924	48.030
370.017	206.391	35.002	65.910
507.030	293.831	114.901	61.405
512.746	294.477	109.822	73.060
521.068	303.321	108.326	71.510
517.560	308.057	102.111	76.823
514.781	309.252	94.206	82.396
508.667	306.359	86.885	84.174
500.542	301.058	68.703	88.439
495.563	284.927	65.684	88.034
493.800	272.551	70.047	89.062
495.184	266.049	77.438	76.050
498.178	262.622	96.242	59.371
389.829	255.405	45.052	76.517
406.941	380.016	21.292	55.064
525.893	249.682	112.511	40.665
505.097	243.914	96.545	50.801
406.083	225.116	51.235	85.261
395.265	194.092	75.188	66.710
361.305	216.670	92.820	89.044
353.378	213.467	105.363	90.799
348.626	218.127	108.830	88.888
365.897	371.395	69.940	87.773
197.749	197.224	27.606	74.543
422.029	277.341	103.084	77.532
398.835	284.104	89.628	73.910
384.090	278.975	81.268	84.171
353.429	273.565	81.815	88.759
281.517	169.705	144.621	144.851
247.372	83.191	233.441	240.790
286.725	99.560	217.334	441.881
234.847	449.955	269.135	126.045
312.663	136.301	190.215	388.520
293.845	88.530	235.509	429.086
144.639	62.369	414.341	488.416
164.973	73.263	342.522	219.664
202.020	60.544	240.282	118.185
408.218	0.000	218.280	0.000
204.661	57.404	314.570	128.212
610.945	435.823	105.723	101.745
331.743	308.141	83.406	74.773
345.321	310.889	70.375	81.887
495.630	264.973	120.276	106.647
511.736	260.125	118.996	90.951
441.559	219.975	186.303	121.880
493.373	244.702	152.746	99.598
530.167	209.089	124.597	99.203
509.748	203.976	154.932	103.729
516.455	200.293	147.174	108.685
520.824	202.024	134.006	106.292
529.235	202.250	118.661	89.591
521.558	205.080	116.683	85.816
384.954	281.615	92.693	194.482
404.817	302.207	68.938	144.520
356.858	266.416	115.822	199.331
414.243	284.081	77.658	115.419
410.893	284.219	85.244	102.007
393.871	275.810	80.456	104.362
354.074	250.753	98.364	106.844
324.494	254.447	136.891	130.426
313.014	236.272	117.402	102.054
325.439	217.178	118.125	114.576
328.797	249.565	120.121	123.437
331.601	158.773	210.645	224.980
313.703	192.904	118.423	121.313
321.324	189.775	118.719	79.678
328.950	196.187	115.944	78.492
346.669	203.703	123.154	82.106
385.033	211.385	105.093	88.376
402.382	226.088	126.905	86.460
416.204	238.154	116.134	82.549
375.777	280.077	93.297	90.437
398.657	226.485	152.853	122.945
385.140	215.690	154.138	133.998
426.339	219.949	87.830	111.746
421.527	241.064	113.598	120.932
412.286	229.430	120.147	124.396
382.076	237.751	190.954	206.796
400.059	153.644	192.291	322.174
510.180	213.539	121.633	121.957
508.474	212.345	120.672	115.440
498.489	212.630	120.832	112.089
325.748	113.477	49.657	118.294
408.788	231.814	156.005	109.159
409.986	185.814	152.566	221.571
399.118	227.089	239.947	283.011
184.166	281.693	488.947	294.307
330.539	527.428	395.774	48.572
306.655	438.886	442.216	137.114
407.127	212.523	130.098	102.878
409.625	208.268	123.680	100.961
412.070	204.540	120.569	99.576
412.805	202.650	121.964	92.940
418.388	202.588	118.633	91.222
599.796	430.362	87.619	27.618
418.213	205.031	117.252	98.039
421.797	211.373	111.794	97.234
420.169	232.438	113.961	90.710
420.749	249.380	102.048	95.902
417.574	255.730	97.497	92.625
395.153	259.560	122.367	160.651
415.496	257.218	114.236	114.447
426.123	265.961	105.266	98.179
402.022	255.331	135.580	157.179
420.827	254.055	113.652	114.200
428.150	223.828	91.084	194.705
427.022	199.894	137.561	175.667
434.796	176.713	147.845	292.052
451.734	187.129	119.734	120.218
456.753	200.178	143.682	201.729
412.201	248.324	67.566	122.373
449.909	225.011	98.139	202.952
433.234	235.062	104.226	147.201
449.307	149.688	120.106	106.588
279.831	106.513	70.952	117.845
426.124	244.362	103.477	117.609
449.253	166.495	116.470	95.616
454.053	183.892	109.227	80.825
317.513	120.621	61.948	106.160
457.477	189.776	104.232	84.428
457.921	194.608	113.459	84.393
456.216	194.855	114.618	99.171
454.880	195.169	114.477	108.012
417.492	201.048	135.334	187.899
436.669	167.958	139.308	311.479
449.811	207.562	120.747	117.726
424.106	175.194	128.007	249.543
415.312	268.689	130.574	125.509
426.617	168.943	131.047	260.747
435.022	277.765	114.022	152.554
436.313	297.270	89.112	101.784
447.230	299.087	73.711	90.593
448.389	299.118	66.720	87.786
451.265	284.359	66.290	98.758
462.150	247.693	67.215	98.565
462.326	241.101	74.109	90.830
435.672	233.506	89.734	92.807
425.133	217.329	100.812	108.651
396.730	233.628	143.867	220.386
420.049	170.539	162.418	313.651
412.243	166.234	121.341	185.927
402.402	147.804	180.611	296.658
360.863	177.002	152.584	162.966
427.873	164.451	102.165	157.741
399.476	82.928	123.858	215.895
416.474	122.355	108.645	201.883
420.077	189.339	111.420	136.780
382.753	167.522	167.336	308.528
423.216	225.898	102.550	94.386
417.602	225.890	87.888	93.869
420.072	233.358	80.774	89.931
417.895	234.728	74.200	88.659
418.285	241.708	76.461	79.868
423.103	248.061	77.288	69.920
313.568	256.569	56.813	97.636
447.011	288.402	66.733	79.238
459.376	275.284	59.662	95.804
464.359	280.710	59.250	95.506
464.452	290.334	64.211	92.564
461.024	293.628	67.481	88.901
455.877	297.875	71.168	86.549
459.748	294.985	68.116	87.747
456.587	294.301	68.623	84.993
465.816	281.739	60.554	93.322
465.684	279.834	58.202	94.174
441.443	238.071	80.187	184.034
438.834	236.405	78.622	137.498
435.267	221.810	76.544	117.331
431.902	227.137	98.070	222.288
420.883	159.797	159.857	326.457
415.099	169.386	129.848	182.381
421.721	157.190	154.299	330.189
414.389	150.577	145.378	173.820
424.705	149.714	120.911	154.548
397.166	170.977	139.857	145.209
397.754	173.683	130.235	158.916
370.369	167.032	148.074	139.273
394.397	161.104	133.493	146.402
397.384	170.020	168.338	318.679
359.909	171.575	143.226	162.922
383.757	173.631	131.281	139.673
225.713	73.719	242.402	166.977
196.197	61.789	324.604	172.590
221.951	43.733	204.406	124.007
427.984	0.000	137.468	0.000
190.285	0.000	194.249	0.000
389.414	286.723	114.932	109.610
381.048	288.602	120.991	111.460
373.349	284.553	128.129	114.006
368.110	286.676	132.538	112.805
367.498	287.536	134.567	111.810
366.303	289.459	131.526	109.643
366.396	292.279	132.405	107.775
367.740	288.848	128.410	111.167
367.894	288.206	123.115	110.659
369.569	291.060	117.111	105.846
368.640	294.183	115.268	101.845
369.713	292.014	115.697	101.971
386.254	296.001	98.957	95.908
396.777	293.763	80.925	98.980
405.233	294.370	74.564	99.004
408.479	294.211	70.763	98.927
408.217	294.758	70.311	98.204
414.067	296.098	75.359	93.676
410.473	298.949	82.443	91.135
386.080	181.321	91.530	100.009
414.241	305.132	97.201	88.488
406.802	307.568	103.172	85.844
414.576	300.086	104.193	89.521
414.659	301.415	116.292	86.692
418.370	304.982	115.115	83.820
418.292	303.093	122.575	82.622
418.911	302.656	136.855	81.914
422.450	298.953	142.281	85.079
425.112	299.690	143.568	87.682
427.961	300.948	136.865	86.039
427.859	298.707	132.038	93.006
424.849	307.455	119.847	98.817
423.843	308.681	111.616	96.099
419.106	307.638	105.004	94.156
508.888	306.809	97.807	80.242
442.208	229.699	89.782	76.705
510.031	305.104	94.832	80.694
510.925	303.321	95.240	81.322
511.210	303.045	97.332	80.721
513.698	300.918	95.026	81.713
513.531	302.881	97.110	78.577
516.048	302.556	103.801	76.245
518.542	303.332	105.416	74.247
520.118	303.342	104.574	75.365
523.038	302.094	104.776	76.545
522.557	303.027	107.186	75.970
522.345	302.452	107.525	75.216
523.139	302.234	107.404	74.888
523.525	301.146	107.369	76.058
524.563	301.237	103.887	75.849
494.775	233.795	112.628	74.093
524.626	300.159	101.676	76.337
526.520	297.234	97.424	80.717
527.500	297.913	95.529	80.194
528.052	297.259	94.857	81.594
486.846	200.436	95.240	94.413
526.331	297.000	93.592	81.262
527.058	297.138	94.091	81.704
527.677	298.202	95.099	81.652
527.275	299.162	94.004	80.386
526.877	299.316	94.807	80.888
525.836	300.175	92.294	79.831
525.666	301.145	90.747	79.642
525.508	300.079	88.634	80.921
524.162	299.996	87.376	83.217
396.812	227.983	26.357	89.082
397.969	225.271	34.559	96.014
397.900	231.330	26.390	103.783
398.089	231.584	23.466	105.164
434.106	193.742	88.461	77.970
510.071	302.312	78.050	75.609
506.514	303.549	77.259	74.197
503.572	305.164	81.860	72.325
500.470	303.406	82.253	74.033
384.734	201.893	49.495	87.249
380.904	200.756	44.313	78.366
377.033	200.779	49.497	82.909
480.567	300.840	82.414	75.923
474.526	301.976	86.471	73.354
468.408	298.979	91.399	76.777
465.180	301.862	97.255	76.003
457.322	299.669	100.343	79.452
456.928	299.001	97.260	80.779
455.922	299.759	95.684	78.057
452.631	300.337	97.699	76.955
452.623	300.115	97.805	77.646
451.890	299.514	96.622	78.218
445.649	298.406	103.753	77.641
443.674	296.689	106.185	80.466
444.917	295.270	103.603	82.410
439.676	295.899	108.137	81.750
440.285	291.580	103.354	83.769
442.194	290.390	96.530	83.224
443.688	286.820	84.891	87.011
443.285	286.060	82.165	87.205
607.048	403.381	47.302	90.396
438.968	285.287	77.487	87.811
568.775	373.370	77.865	106.046
571.603	363.995	72.635	108.958
568.186	357.345	69.301	111.546
434.572	283.359	69.757	81.626
430.936	282.683	71.511	75.748
426.729	282.954	72.476	72.476
429.037	285.819	71.111	69.678
429.749	285.703	68.189	70.240
431.272	286.636	65.610	73.077
431.528	288.270	66.968	73.482
431.494	289.346	66.062	73.197
428.321	288.200	67.982	75.605
430.594	291.283	67.179	72.330
429.389	289.403	67.487	71.451
434.516	292.996	66.391	70.136
432.800	291.553	71.276	73.964
430.409	289.531	72.982	76.018
431.253	291.409	73.275	78.102
429.257	290.572	73.765	78.189
431.060	291.301	71.440	76.251
431.412	290.205	70.820	79.395
430.595	290.204	73.148	81.395
430.743	289.542	72.809	81.453
432.041	287.640	70.975	85.484
429.014	287.178	73.297	81.482
433.354	291.409	71.458	82.114
426.970	289.384	75.411	79.209
426.066	288.040	78.119	84.087
427.708	288.674	76.708	83.600
430.016	285.981	74.071	86.356
427.979	282.491	73.431	86.299
427.875	279.449	73.959	90.487
430.102	276.089	69.249	88.936
430.065	272.513	69.015	91.262
422.819	259.724	70.946	94.824
420.560	248.260	72.725	91.953
413.573	243.096	79.193	91.266
404.069	232.056	76.222	95.562
398.159	221.164	78.330	97.983
399.545	227.327	85.951	87.927
367.180	163.234	140.859	153.907
380.821	176.008	118.403	131.771
377.535	160.646	112.459	132.941
379.103	149.261	84.078	116.220
220.163	131.059	57.667	117.035
419.640	223.475	86.126	86.176
422.638	225.509	84.413	80.736
427.222	231.174	78.350	74.847
388.261	192.641	93.737	89.427
399.656	195.752	93.826	91.446
393.204	189.417	105.992	78.444
413.935	236.340	92.249	77.808
375.660	240.337	144.234	113.762
375.117	215.628	112.649	65.732
253.308	69.097	37.735	49.949
392.049	247.914	122.171	58.579
397.912	250.266	107.117	54.200
401.763	251.912	97.817	60.720
406.949	254.129	91.381	77.184
281.827	136.362	50.075	84.712
413.138	249.488	87.720	98.141
420.691	252.550	86.935	99.971
425.095	247.521	81.113	95.798
428.899	240.214	72.630	96.267
431.966	232.410	69.918	88.734
307.456	162.867	44.706	104.019
450.206	193.781	66.442	100.733
448.584	191.791	130.761	107.452
464.730	0.000	119.990	108.093
433.367	84.957	155.643	183.117
361.158	322.678	333.786	232.507
391.906	371.343	375.594	156.893
235.708	7.594	407.563	519.614
235.273	363.440	501.463	185.248
223.265	303.157	473.154	225.751
337.010	0.000	474.787	531.043
272.075	0.000	557.474	576.000
360.902	36.120	433.766	456.155
300.710	244.646	405.379	258.252
322.279	0.000	477.206	555.081
193.307	0.000	593.523	576.000
438.484	63.607	430.429	511.524
229.384	86.020	520.584	458.027
259.673	576.000	700.327	0.000
225.776	27.918	504.603	527.801
22.099	576.000	835.099	0.000
370.376	0.000	468.642	533.983
298.044	0.000	590.071	576.000
607.037	576.000	352.963	0.000
351.771	11.474	464.450	477.644
243.547	0.000	463.708	0.000
368.679	91.836	326.779	440.806
310.712	102.011	371.944	438.252
100.857	235.274	87.969	184.653
408.631	176.566	126.386	121.451
621.631	436.374	97.968	49.199
207.669	34.561	72.707	116.323
348.294	118.668	89.238	112.497
338.318	165.413	177.696	186.275
324.325	115.900	146.540	134.755
294.983	146.027	269.885	151.836
315.292	145.781	292.542	430.219
359.706	369.047	377.732	174.806
319.301	0.000	326.870	456.431
292.158	201.350	156.493	124.523
88.349	213.541	126.047	143.319
301.601	252.616	129.846	90.957
141.152	253.662	109.204	136.853
172.488	111.666	76.961	100.233
173.859	272.104	99.205	131.742
347.807	286.721	121.761	89.048
352.184	271.918	102.652	105.416
194.051	129.102	60.529	98.838
206.205	140.867	62.691	101.117
202.900	129.466	54.480	108.617
365.668	230.473	90.901	108.047
371.614	112.322	124.633	202.860
369.086	194.463	103.154	127.106
371.450	158.471	110.371	116.241
381.423	228.930	144.149	188.770
372.484	80.467	218.042	238.242
311.476	215.371	366.132	292.957
342.572	0.000	377.376	540.457
208.069	576.000	481.284	0.000
380.267	179.038	181.674	140.895
395.444	108.007	138.466	130.809
389.139	127.034	139.450	101.071
364.370	242.182	189.183	208.886
371.955	152.560	248.589	373.041
337.531	69.037	317.874	448.367
373.685	18.846	249.647	485.906
338.260	0.000	474.458	514.202
264.027	48.669	430.048	467.853
315.685	250.166	389.978	272.493
391.648	205.915	219.496	164.837
419.867	274.779	149.902	119.670
224.177	108.714	51.791	125.115
307.175	432.235	22.960	99.165
425.385	147.964	96.898	82.322
452.950	271.952	124.576	125.003
424.096	263.854	153.628	224.416
428.775	245.469	146.176	131.119
453.702	207.896	115.944	148.597
457.131	183.517	100.854	150.039
433.453	166.246	116.155	143.078
395.666	128.036	169.295	213.259
391.341	163.289	160.358	132.511
397.679	156.258	141.876	133.178
392.392	156.649	134.351	124.046
410.161	138.406	114.088	132.422
396.227	143.389	126.665	122.152
405.710	139.350	128.213	119.450
220.996	106.562	83.863	149.563
266.502	75.001	135.138	130.290
302.509	14.823	227.494	211.005
288.526	112.876	386.437	407.302
182.925	0.000	569.709	576.000
325.458	34.695	319.811	473.201
329.656	117.962	311.922	451.033
364.745	88.881	231.079	280.907
399.168	121.794	168.681	165.465
408.057	117.339	158.370	161.691
412.037	143.265	158.500	143.725
415.516	161.369	148.374	145.574
433.039	183.918	136.729	148.569
394.034	80.147	191.648	270.182
22.964	262.540	126.633	237.806
406.429	63.029	171.494	319.599
358.462	158.105	241.828	297.751
374.418	0.000	303.213	492.039
401.220	116.861	222.848	283.862
334.992	335.365	288.474	175.973
458.166	409.909	212.996	105.369
302.300	322.721	171.771	64.483
315.158	327.784	141.706	79.170
499.380	420.398	196.820	111.712
304.479	335.625	155.371	116.498
543.911	434.594	163.635	93.367
554.907	448.628	145.548	81.768
444.899	261.696	97.429	63.750
377.524	338.711	86.389	94.629
377.086	204.974	84.309	40.330
440.559	175.423	115.717	175.138
444.064	191.323	109.664	145.584
345.931	364.567	160.043	131.163
242.056	112.339	85.463	128.281
280.021	176.118	129.158	116.427
92.637	173.833	79.584	140.922
69.536	194.392	159.362	147.468
343.348	152.144	247.722	238.647
387.644	0.000	259.414	0.000
381.768	0.000	267.974	0.000
380.219	222.885	179.046	146.120
387.318	234.158	157.232	137.865
394.417	277.621	134.916	99.001
417.122	292.777	122.659	83.555
429.998	393.514	87.066	97.753
421.441	298.658	118.677	82.394
354.703	240.685	185.209	148.033
378.238	251.105	139.669	99.483
408.401	281.670	105.728	91.733
433.985	283.812	95.385	93.108
444.515	392.650	96.803	101.440
429.289	389.408	100.911	102.135
429.874	258.142	105.105	118.596
400.545	207.146	146.868	111.896
461.715	294.887	195.873	218.416
440.824	221.501	199.605	303.796
448.361	296.383	223.008	217.415
411.506	269.950	302.783	254.743
392.036	237.240	226.546	173.930
388.860	271.763	147.110	110.552
386.742	269.976	137.132	105.171
210.121	107.636	92.261	120.924
370.828	261.496	119.604	104.707
204.517	123.411	74.913	123.230
188.558	95.680	88.710	129.581
180.162	104.988	85.487	126.018
369.003	249.590	103.993	114.895
199.703	89.945	77.607	106.937
190.677	102.972	84.935	121.236
341.229	231.514	131.164	132.472
316.110	221.530	138.140	141.514
302.766	209.562	143.458	139.146
597.963	402.708	59.843	127.196
243.593	194.400	220.640	155.594
218.750	185.365	359.260	149.364
202.194	191.875	241.069	112.046
197.384	184.325	317.395	151.139
200.493	254.212	463.731	297.182
183.142	185.278	384.756	144.738
196.133	190.530	239.785	122.407
183.977	189.994	310.124	146.979
209.483	197.623	199.944	113.701
233.728	198.707	175.748	115.961
312.121	249.565	151.806	105.922
346.625	278.887	136.666	98.708
377.153	289.632	119.899	90.805
414.786	296.269	92.518	90.933
424.370	301.334	79.839	86.155
414.875	300.212	85.056	79.103
291.849	180.478	81.311	94.069
513.630	242.464	164.335	108.613
552.271	24.122	185.987	108.390
367.609	90.428	148.722	121.528
412.216	179.125	67.446	116.164
456.341	184.984	46.838	99.681
457.995	291.394	26.125	105.923
572.360	223.757	146.127	105.786
565.474	222.063	149.172	114.861
523.749	211.992	164.332	133.966
492.320	205.766	149.502	137.037
357.448	175.006	127.139	130.893
358.304	206.402	159.879	143.919
377.957	241.129	132.956	113.427
363.089	233.423	172.992	222.203
303.123	191.756	153.367	145.589
302.135	204.207	150.318	122.109
298.681	224.059	147.351	92.637
293.850	233.271	147.668	81.198
310.910	233.718	147.788	78.121
326.465	239.601	137.709	89.660
165.924	81.210	108.622	109.202
164.475	88.427	108.404	104.937
183.835	87.740	104.793	80.253
383.330	264.212	142.822	107.671
377.489	288.621	152.092	104.495
386.077	180.449	110.181	121.467
530.950	277.974	129.599	99.004
518.628	255.858	169.294	120.263
554.783	276.833	162.840	83.873
564.710	270.514	146.248	79.921
563.877	265.070	134.299	73.560
531.640	261.659	144.899	72.505
528.554	258.264	138.806	66.329
364.390	154.665	169.796	154.990
387.728	169.819	118.457	137.089
306.715	280.948	150.054	85.955
363.329	151.953	176.813	177.178
341.764	42.045	221.957	244.288
301.010	238.345	120.648	117.898
288.394	273.531	122.748	77.955
275.326	272.475	125.567	78.012
133.020	119.890	96.843	100.751
243.329	270.093	135.533	101.200
236.245	271.333	133.510	103.749
235.905	261.842	129.639	107.892
240.012	262.661	134.554	87.730
82.513	145.327	97.314	130.387
259.312	263.333	111.514	84.564
118.056	165.637	93.532	115.860
256.385	266.267	112.593	80.420
243.918	263.196	127.426	87.229
238.319	263.441	124.556	89.061
232.874	267.305	123.627	88.502
231.251	272.798	114.743	87.893
228.578	274.822	109.204	85.423
87.879	185.298	99.029	109.045
247.596	284.096	96.877	72.834
264.833	293.641	85.645	67.066
276.009	293.620	84.618	63.128
170.606	177.221	85.330	56.312
140.974	128.382	80.581	99.148
130.675	121.188	116.611	118.040
317.118	310.346	144.770	154.167
274.959	52.523	195.099	340.480
269.533	201.368	190.273	228.989
267.156	211.741	181.901	148.324
415.162	228.547	156.625	79.924
284.102	124.538	99.779	107.284
393.698	235.141	134.829	87.811
331.108	238.273	185.135	96.131
292.487	250.835	138.413	113.895
264.718	263.993	123.063	93.062
229.006	271.565	131.963	91.070
206.719	278.756	132.180	92.903
155.770	285.276	167.065	83.798
146.790	286.571	159.941	94.304
135.371	289.331	145.795	102.591
122.045	290.552	152.501	100.337
121.340	289.255	146.589	118.988
228.560	159.227	113.529	136.922
133.128	290.449	132.740	110.064
233.569	158.194	102.720	128.651
141.935	290.965	118.871	106.194
142.751	290.703	123.883	108.896
143.727	280.254	116.450	117.144
149.822	274.531	120.486	121.943
152.244	266.602	122.152	122.253
367.843	94.551	90.047	114.868
170.449	234.149	118.695	125.885
261.720	219.244	111.141	106.983
220.957	194.469	142.534	111.161
219.489	181.482	155.932	122.721
234.884	180.891	136.030	120.289
248.367	182.843	129.892	112.981
248.284	169.286	131.168	127.916
258.476	168.741	133.107	124.884
248.139	143.807	141.712	144.209
248.762	157.701	149.657	138.813
256.838	173.975	146.937	131.406
272.929	195.275	148.640	107.415
279.134	207.133	156.571	91.210
274.467	210.171	161.229	91.972
308.709	214.242	136.580	85.352
521.337	403.906	77.748	75.337
528.648	442.445	112.339	78.690
351.064	225.913	105.015	77.509
353.948	223.594	86.950	87.433
327.471	248.205	81.545	82.641
302.484	378.702	76.967	73.676
333.956	244.599	72.952	83.202
327.197	150.046	98.466	171.159
318.650	216.886	150.653	95.523
329.484	208.905	132.109	93.341
349.423	196.060	112.922	93.949
340.600	175.526	113.380	122.591
337.157	166.489	125.854	127.260
340.037	165.433	130.216	124.805
344.225	166.075	125.076	120.852
350.031	158.752	120.009	124.520
323.462	98.159	129.234	154.323
321.098	91.891	111.340	132.277
327.198	93.498	90.165	110.568
171.846	266.036	39.369	87.100
332.452	129.380	84.989	126.201
163.743	295.920	68.052	103.087
378.097	203.724	100.485	80.442
315.191	131.007	131.024	168.753
360.630	260.003	88.489	78.131
357.397	153.409	100.139	174.479
378.518	265.526	82.221	108.105
393.923	290.539	66.070	86.006
398.269	291.200	62.813	82.782
399.588	287.791	62.265	86.766
399.081	286.176	64.106	85.291
401.944	270.391	60.354	88.888
373.286	225.695	88.514	124.579
375.103	201.461	81.326	116.201
375.120	191.956	81.696	116.255
373.909	170.974	91.077	104.677
301.366	52.290	159.733	178.753
303.614	97.426	127.238	124.666
273.918	115.886	182.334	264.077
198.218	0.000	301.440	332.379
257.222	5.431	285.641	502.985
325.223	6.022	131.928	165.510
346.481	14.916	116.356	167.830
297.308	114.942	131.649	139.753
304.086	126.790	187.784	296.838
423.122	401.695	125.488	67.184
422.327	236.204	196.653	214.187
408.376	346.517	176.879	101.414
451.986	295.705	192.524	129.176
403.098	355.997	359.195	220.003
290.132	45.510	329.395	346.565
529.815	88.096	324.813	427.108
222.782	131.602	480.582	390.922
361.389	14.614	429.123	444.233
44.517	1.878	871.907	553.787
68.533	28.206	808.682	524.729
6.453	0.000	947.904	576.000
37.565	6.429	892.401	545.844
98.351	23.268	763.624	517.453
33.658	26.881	926.342	549.119
11.145	7.163	948.855	568.837
101.386	13.921	757.694	505.822
17.795	0.000	942.205	576.000
107.797	7.698	743.742	568.302
240.996	14.204	302.966	212.633
160.056	152.158	528.004	415.596
239.378	17.175	368.053	285.873
225.274	26.528	322.697	230.608
188.952	11.054	317.650	192.618
238.809	40.810	301.501	183.555
278.255	64.318	258.633	172.728
265.564	31.212	405.575	279.958
178.794	77.357	650.384	498.643
162.647	10.776	426.457	503.023
150.215	0.000	492.252	537.484
17.605	0.000	671.832	576.000
119.238	10.718	423.572	335.973
97.921	25.690	300.073	274.249
162.195	34.965	426.848	480.645
45.294	15.615	343.250	319.894
91.953	69.736	226.836	268.901
127.288	172.587	174.701	163.291
149.868	198.443	130.221	141.675
132.794	115.386	187.466	220.181
111.097	0.000	258.524	335.853
118.233	126.572	220.709	204.276
114.735	143.249	185.916	175.052
104.919	40.217	244.301	273.170
36.429	57.182	380.358	463.966
81.165	89.907	272.824	229.039
90.094	100.296	175.946	206.495
95.404	112.881	167.527	189.634
128.726	53.576	366.159	255.449
78.979	108.473	200.298	195.068
88.490	110.100	174.030	192.241
96.763	154.292	165.062	153.054
103.672	156.637	150.514	148.519
76.280	108.761	202.811	199.429
84.154	130.698	179.993	178.827
80.226	103.312	205.313	205.568
80.997	124.344	189.748	186.465
78.059	85.130	216.949	224.223
80.296	123.643	196.840	185.721
85.459	137.755	186.257	171.553
87.188	138.003	175.227	171.715
85.753	80.643	205.991	230.635
81.281	133.427	202.821	177.377
85.130	133.254	202.246	176.632
90.148	140.805	200.106	169.875
92.278	144.720	195.661	166.952
91.281	141.318	196.058	168.859
90.527	141.856	196.588	169.773
93.042	140.156	194.759	170.908
94.455	141.738	196.094	170.876
89.676	139.385	198.375	172.343
87.075	138.115	200.828	174.200
89.234	136.620	195.377	176.985
89.460	137.806	198.547	177.890
91.926	139.640	206.160	174.499
85.824	138.937	215.386	176.253
88.424	140.683	216.581	176.614
90.831	143.523	215.024	173.812
90.661	142.836	206.586	176.175
92.690	141.883	210.747	175.431
92.251	145.210	213.408	173.744
97.221	142.728	207.067	178.516
95.168	145.973	204.164	175.713
506.186	286.134	75.577	206.430
501.086	274.294	84.301	215.578
123.266	154.691	182.962	166.859
146.525	142.377	148.745	167.809
99.777	50.126	251.277	244.262
158.341	76.746	238.784	201.999
116.772	18.810	279.476	281.929
122.931	9.561	282.465	350.979
129.851	22.741	327.158	459.358
139.367	14.833	244.749	259.734
111.756	65.749	310.746	510.251
169.750	24.151	217.405	175.039
77.001	51.548	269.497	399.768
116.167	32.494	245.039	277.005
44.889	44.991	420.834	531.009
77.105	17.094	531.998	556.097
121.724	0.000	590.789	576.000
248.418	1.794	179.705	217.981
291.557	10.542	136.954	224.323
567.016	398.714	127.011	84.878
288.167	241.958	127.177	137.090
233.874	217.881	186.089	203.457
264.810	252.108	163.467	106.879
229.067	227.986	186.656	250.423
297.341	164.856	152.586	169.606
314.942	119.810	136.869	179.798
200.051	77.320	227.103	331.314
244.055	8.864	213.065	219.925
191.120	45.445	282.748	450.471
216.111	24.772	257.953	230.222
246.418	20.763	232.060	213.658
253.704	13.176	226.640	218.237
256.194	9.741	230.419	223.227
270.113	7.880	221.276	223.228
268.095	19.188	224.116	212.573
260.242	19.652	228.714	210.070
263.629	27.442	225.891	198.514
261.243	47.913	228.582	180.339
264.866	65.804	226.642	163.350
203.006	466.295	164.021	71.668
333.643	99.361	155.811	140.345
342.775	113.698	131.682	144.959
292.294	91.169	162.837	240.075
295.196	145.887	145.242	205.660
227.403	219.410	199.660	337.163
162.799	95.776	308.425	460.564
185.236	210.474	262.081	356.661
142.293	49.028	335.190	520.039
173.495	56.990	297.224	275.496
271.410	41.466	214.915	235.902
144.427	107.607	353.911	444.990
28.199	4.869	528.411	571.131
125.385	35.637	430.882	540.363
152.457	14.164	405.320	303.380
92.143	38.916	286.888	225.557
91.770	25.917	257.384	206.283
137.582	42.857	205.094	186.292
97.968	32.184	207.046	188.894
55.819	7.357	249.947	283.053
97.836	244.418	223.547	216.467
46.808	86.259	269.582	489.741
80.483	142.737	218.860	329.591
52.686	82.859	274.704	489.448
73.283	125.105	239.742	357.546
99.559	204.531	195.304	269.084
78.662	58.288	286.339	166.988
65.728	190.697	258.071	372.417
40.564	56.364	297.282	198.441
164.330	56.616	282.338	213.682
44.065	178.060	263.403	397.940
77.121	241.268	227.985	315.099
51.747	283.729	207.896	253.617
198.241	154.321	209.729	204.674
209.752	182.025	195.017	184.089
204.658	197.077	198.053	174.106
228.776	158.932	173.899	186.515
215.057	156.423	190.725	185.413
224.095	159.161	185.805	162.874
236.963	155.462	184.248	161.106
211.248	136.307	215.169	156.768
237.803	93.738	200.583	167.726
265.474	75.182	192.481	171.099
255.395	66.889	200.794	166.080
284.998	46.783	184.742	151.338
107.788	299.617	148.921	159.112
53.895	226.026	235.738	300.611
72.668	231.081	198.937	243.446
28.691	210.321	262.869	365.679
38.783	207.791	251.927	325.765
16.795	23.987	314.128	510.314
25.445	56.777	281.653	488.315
54.795	223.667	260.393	290.691
0.000	23.808	369.950	509.044
20.527	26.388	487.343	499.734
41.379	22.018	595.234	521.186
31.881	28.348	337.740	393.477
276.771	183.424	236.164	198.368
149.429	43.721	184.100	206.144
296.702	203.083	198.265	178.171
299.315	201.279	201.680	173.321
317.330	186.402	174.731	169.981
64.668	282.365	174.242	178.461
338.217	144.019	164.071	154.980
120.379	283.670	164.142	185.470
352.025	89.870	167.426	191.199
157.675	228.825	199.854	292.023
141.099	118.876	274.841	439.786
141.361	245.088	238.696	198.443
155.734	188.581	266.507	333.716
62.930	73.900	441.487	502.100
0.000	0.000	675.059	576.000
60.519	25.282	744.467	550.718
182.309	5.074	462.238	475.694
65.435	0.000	622.769	576.000
61.831	28.506	704.235	537.037
960.000	0.000	0.000	0.000
245.672	65.270	283.386	295.538
333.767	205.268	185.928	172.624
369.613	194.290	128.733	181.965
372.472	186.495	118.300	158.890
377.452	170.188	108.204	149.734
350.019	196.718	135.713	117.937
285.316	154.647	191.593	148.350
341.421	104.312	147.633	175.164
345.666	124.493	153.892	156.454
273.525	191.624	268.028	311.383
266.579	3.481	306.954	486.339
289.640	129.762	228.177	309.870
267.527	119.447	344.622	456.553
135.036	0.000	577.071	576.000
281.022	53.726	336.967	378.491
277.900	89.862	218.079	223.851
344.849	141.861	149.923	186.285
353.668	193.247	138.773	135.999
366.934	229.431	104.722	149.108
357.601	240.029	85.908	141.362
171.964	98.814	79.484	123.482
359.879	245.325	77.522	141.030
353.508	245.726	77.075	136.990
348.370	238.152	85.238	141.491
339.536	234.956	82.277	133.879
300.516	194.184	138.803	187.288
331.490	198.259	127.476	127.420
358.360	188.413	108.489	113.712
345.640	152.912	117.584	137.651
332.081	151.816	132.355	134.179
316.874	306.628	198.111	209.013
321.617	145.274	220.819	416.417
191.841	0.000	412.982	534.587
315.367	67.227	216.335	332.154
329.661	66.884	152.998	223.609
265.988	148.262	307.017	386.856
286.031	35.200	357.245	512.118
339.394	92.564	170.858	207.258
38.736	176.422	135.384	178.794
351.669	206.601	148.418	98.881
367.681	230.960	113.169	96.649
382.958	245.005	94.431	120.606
214.369	109.621	64.338	105.817
410.059	269.572	89.973	120.618
408.366	274.551	94.099	124.890
436.395	275.760	80.236	144.209
460.859	278.769	70.340	145.562
275.487	137.049	55.706	71.100
475.051	266.572	69.959	141.522
481.925	265.684	70.055	139.032
484.515	252.324	73.605	117.172
494.146	238.391	73.961	128.377
497.885	229.984	80.520	131.873
501.798	219.757	85.508	130.125
500.807	217.055	93.579	117.871
498.541	206.373	96.005	111.994
482.551	193.326	118.023	107.124
315.644	284.853	38.984	150.687
468.717	162.427	139.137	133.616
504.690	452.083	158.636	50.612
431.300	244.744	165.931	213.367
474.223	242.813	149.608	179.425
310.021	435.643	38.201	62.758
511.820	183.932	113.685	150.228
401.376	28.006	210.431	263.292
471.476	137.965	154.062	166.425
494.678	203.296	98.796	171.483
490.517	229.351	97.307	141.441
476.012	229.053	86.187	116.676
614.022	394.347	95.144	96.542
309.547	431.678	27.035	51.473
431.879	193.034	90.819	109.741
636.025	373.319	41.908	70.764
412.944	171.785	102.454	112.172
384.106	159.029	159.204	140.601
370.727	126.044	186.949	217.551
369.892	92.634	155.815	192.594
382.196	158.050	169.213	132.128
510.975	479.798	145.335	45.997
492.123	482.056	97.409	78.153
325.975	157.095	168.674	211.533
575.073	393.615	115.930	93.737
526.381	359.528	206.123	129.930
578.322	391.723	122.823	97.548
454.830	411.114	266.946	88.083
340.585	415.947	339.145	160.053
335.649	195.412	193.320	157.670
333.072	312.492	329.008	217.310
297.476	46.898	379.428	377.409
302.297	15.402	390.633	515.863
328.098	229.066	363.173	303.528
260.469	0.000	413.678	551.581
285.647	317.072	404.814	232.090
424.336	576.000	349.039	0.000
182.326	576.000	388.124	0.000
396.376	376.354	302.890	146.268
375.275	60.149	277.761	329.252
333.582	225.132	319.108	291.200
328.947	96.067	402.531	479.933
199.432	11.813	527.856	564.187
269.091	25.355	682.986	550.645
196.195	386.806	593.209	189.194
384.092	25.919	350.773	547.121
279.442	302.035	277.267	149.435
362.429	60.514	313.259	290.623
295.271	0.000	412.449	492.784
317.679	7.439	512.149	568.561
373.363	0.000	387.447	563.232
195.362	0.000	557.838	576.000
189.046	0.000	625.233	576.000
443.056	10.883	340.312	547.146
208.907	169.718	584.505	390.081
319.970	99.264	380.122	361.006
466.004	19.086	333.244	492.419
80.670	85.168	139.488	207.240
504.537	205.565	138.824	137.815
298.581	312.407	150.056	101.371
308.013	109.143	80.999	136.403
497.728	129.347	106.592	127.966
499.217	234.297	101.572	110.494
494.164	243.979	92.523	108.052
506.088	256.606	79.055	96.328
492.835	257.672	87.040	100.953
371.767	238.358	175.075	115.885
407.351	252.405	151.927	108.574
363.946	263.092	131.302	106.878
354.426	271.533	121.214	111.590
329.209	269.193	134.325	119.681
315.619	270.203	135.038	122.623
290.370	275.083	141.512	125.460
270.829	276.767	146.119	118.334
73.629	141.325	91.692	152.818
256.717	275.315	106.837	118.556
257.208	276.016	108.664	106.836
109.379	144.711	151.796	113.595
117.845	148.242	148.007	117.295
259.764	270.835	119.138	99.485
260.923	270.437	132.564	102.316
261.808	273.486	149.115	100.040
103.777	109.731	169.064	121.491
299.278	278.229	127.988	94.030
320.506	282.456	112.428	89.099
323.477	278.407	107.580	86.354
328.579	277.065	100.918	76.170
327.524	275.467	99.238	77.272
324.460	267.352	103.969	86.402
313.417	261.357	112.338	95.884
299.503	273.742	122.438	96.993
291.655	279.278	121.171	97.094
282.054	282.785	102.687	98.671
256.098	276.089	153.243	114.296
241.156	288.853	148.238	108.190
234.076	295.419	136.441	96.829
231.356	293.796	148.201	99.566
234.688	289.957	173.301	93.822
51.126	119.977	104.513	140.643
317.144	282.956	141.821	90.834
335.613	277.597	134.686	87.920
392.987	266.639	137.585	104.195
418.682	262.613	167.050	109.070
226.059	287.336	105.296	117.388
445.163	260.507	152.719	119.546
462.751	254.825	129.637	126.827
475.867	253.095	103.780	127.772
479.613	256.750	97.541	123.213
480.990	252.392	78.042	120.738
485.467	261.458	65.986	109.533
481.757	265.249	71.465	103.298
470.998	263.106	85.456	106.044
462.921	262.259	105.891	110.655
425.330	268.289	142.329	106.104
246.358	83.819	101.300	113.679
368.520	269.422	103.522	86.547
306.711	264.488	111.099	100.995
271.313	265.349	135.061	95.279
230.695	263.468	162.735	92.088
216.075	256.863	160.662	102.987
199.305	253.581	145.798	107.771
197.111	253.438	138.352	108.505
201.009	249.982	138.393	113.164
21.946	235.034	153.632	137.213
236.184	267.088	133.878	103.676
273.990	271.490	104.184	88.472
288.242	262.778	91.512	90.840
279.754	261.975	140.444	106.121
259.955	274.046	129.944	87.194
271.140	272.708	129.396	82.785
260.132	281.805	104.436	75.993
250.812	283.696	104.792	81.642
234.641	286.429	115.927	84.786
199.687	276.521	139.624	95.719
173.400	274.550	162.043	108.170
153.541	274.256	162.332	106.854
151.280	277.171	174.688	107.643
157.519	273.896	175.512	98.667
205.024	264.174	148.807	104.730
253.641	270.360	143.306	98.628
306.500	265.558	193.835	204.544
325.441	263.202	205.159	123.434
352.271	262.807	195.528	134.350
395.347	264.429	163.934	139.670
399.720	265.071	154.530	140.487
406.669	263.514	138.683	143.189
419.225	262.614	126.759	147.022
421.543	260.872	115.937	146.608
439.636	261.675	102.157	140.899
367.640	88.380	174.299	238.855
417.670	256.124	169.414	145.843
417.430	257.722	168.569	133.987
409.321	264.204	177.825	115.838
403.212	263.349	172.205	115.449
266.877	262.401	163.828	94.050
228.658	262.548	153.679	92.873
211.614	261.377	156.051	89.934
196.553	258.997	157.761	96.593
19.451	53.498	125.233	86.480
169.074	251.244	158.935	107.043
179.554	252.900	157.841	97.719
204.130	259.127	156.694	82.757
231.812	262.645	147.794	74.915
253.690	264.559	135.241	70.601
313.658	259.832	93.473	78.770
331.344	259.777	82.280	85.654
321.241	262.723	84.041	80.724
310.714	259.847	119.905	117.233
309.069	260.045	111.422	102.208
310.897	286.364	135.313	263.171
273.080	279.698	89.029	103.672
254.900	281.265	95.074	117.789
220.462	283.171	123.242	118.192
197.993	278.667	144.714	131.565
170.876	274.656	156.706	126.490
150.513	271.222	172.747	111.667
145.847	269.568	167.553	102.042
147.414	272.374	176.313	84.248
170.333	268.783	165.037	83.199
188.747	253.282	157.501	104.639
276.408	243.612	124.416	131.642
287.865	244.985	135.224	119.276
304.071	252.085	151.075	123.655
95.281	69.023	102.038	131.595
325.737	254.579	178.396	145.997
327.604	251.249	184.059	150.220
331.863	253.261	169.138	143.668
326.562	252.433	145.447	130.171
299.023	239.603	159.482	248.986
384.102	246.156	148.688	102.785
320.065	252.725	125.056	261.399
338.191	240.932	161.199	158.623
329.943	252.533	197.129	323.467
346.989	247.425	207.810	256.058
345.672	249.707	212.490	193.627
351.204	261.103	186.114	168.166
341.022	237.036	205.798	227.522
337.954	253.935	180.128	183.481
337.173	245.506	186.290	160.696
335.623	235.752	175.423	152.495
335.059	227.030	173.410	152.370
353.456	222.048	157.038	155.944
351.182	212.425	156.904	150.518
346.729	216.503	161.697	128.353
341.504	213.313	164.994	114.517
323.562	216.123	168.390	103.606
323.717	221.026	172.438	98.524
316.785	216.176	184.883	111.385
308.116	224.598	190.380	110.340
293.725	238.303	160.566	104.465
292.054	239.006	146.295	106.345
285.034	240.678	142.623	109.862
286.108	247.200	141.058	149.631
275.972	246.483	158.457	160.218
30.743	69.049	139.644	170.400
254.903	235.702	175.669	156.973
243.188	230.326	188.165	158.471
235.154	223.582	195.419	152.500
235.434	204.074	194.392	165.793
232.691	201.604	204.216	159.099
239.660	219.006	189.518	137.399
256.373	239.953	180.864	111.935
254.771	244.973	166.303	139.644
251.149	252.193	166.050	159.018
253.219	256.305	164.691	170.701
250.665	248.896	169.392	193.477
244.738	248.433	179.085	189.255
240.541	242.758	213.778	190.660
242.950	243.817	213.041	187.675
257.263	239.720	205.980	192.362
304.912	243.059	166.397	197.234
317.024	239.317	152.331	196.381
323.087	239.891	150.240	180.511
330.516	236.479	150.848	176.559
66.922	60.602	105.315	163.159
340.101	232.341	170.203	180.603
337.262	237.087	198.149	179.489
337.167	244.161	223.577	179.509
344.062	238.626	230.460	200.981
333.697	237.151	234.629	202.414
305.295	228.848	223.837	201.703
283.829	221.725	201.422	194.380
286.437	209.289	201.412	200.318
284.945	214.331	200.638	194.956
282.018	211.601	208.194	194.829
291.365	209.464	198.233	199.804
313.360	208.397	177.086	199.879
331.361	213.880	143.747	197.952
344.690	216.144	125.673	193.708
333.829	228.097	125.653	187.965
326.840	225.253	163.226	215.258
310.735	222.097	182.470	217.601
289.178	218.873	195.325	186.599
271.961	213.299	191.644	164.348
272.403	202.774	170.382	181.066
277.924	205.773	160.504	179.560
284.852	215.699	148.388	167.616
83.442	44.986	218.223	151.342
1.553	42.734	177.941	184.515
250.434	221.941	203.454	188.678
257.246	223.774	189.350	197.879
291.604	220.201	181.118	320.040
318.745	226.397	156.238	218.564
320.207	223.379	174.965	222.524
293.048	182.547	238.835	348.473
291.050	169.868	218.462	278.119
296.791	143.590	200.237	230.188
274.980	137.802	227.291	223.081
270.101	134.410	231.678	219.452
270.676	148.520	226.349	219.637
291.263	165.649	203.765	224.757
267.140	142.645	261.374	359.697
308.077	219.670	186.446	236.568
283.107	223.367	248.413	240.648
270.223	216.337	285.437	254.302
281.013	208.465	305.992	269.897
281.893	206.042	314.777	271.678
298.488	204.276	308.236	257.751
285.258	203.230	275.512	234.151
297.415	207.390	256.296	222.739
327.238	202.832	241.377	177.563
363.853	216.636	231.605	169.668
371.678	224.748	257.518	177.237
345.346	230.400	298.937	193.233
375.180	252.314	279.647	200.168
409.350	251.966	248.210	224.345
437.840	248.323	230.853	241.551
438.780	243.438	231.043	244.491
438.875	235.927	234.978	225.016
418.297	246.873	238.662	225.737
355.714	256.666	286.107	235.559
331.916	263.115	301.155	239.140
333.209	267.776	288.618	258.617
324.323	266.380	302.404	275.895
321.983	255.612	288.209	292.001
306.374	243.940	301.621	305.375
289.059	246.121	301.154	305.132
275.777	241.034	318.540	320.986
264.228	238.242	331.220	326.293
260.684	252.425	337.515	310.341
264.670	260.378	340.769	307.774
269.399	263.546	341.320	299.346
275.196	259.771	329.464	300.604
279.137	259.911	306.122	296.570
281.916	248.835	284.806	307.944
302.058	235.775	262.110	330.317
311.415	230.209	253.666	336.254
313.235	226.725	252.962	343.206
312.846	225.870	250.955	345.427
308.634	232.632	249.460	338.428
306.379	221.122	245.949	352.853
300.989	227.701	249.733	344.790
290.992	226.056	253.577	342.943
279.950	224.194	245.374	345.446
278.635	230.703	245.387	337.368
279.838	239.775	253.968	331.373
273.741	242.886	316.026	327.499
271.156	241.604	342.579	330.521
262.347	249.235	363.136	314.381
257.352	238.914	362.530	314.686
251.764	224.714	337.210	324.034
246.370	219.766	337.173	257.896
209.552	199.511	361.396	279.505
235.499	193.407	339.690	286.047
237.089	189.714	315.490	281.524
244.218	172.788	287.359	296.465
229.880	144.613	317.705	405.887
236.169	198.870	286.188	352.237
238.753	173.739	386.977	368.629
251.646	219.576	380.861	281.071
252.480	213.510	379.529	288.037
236.339	192.110	370.030	299.788
224.103	171.534	361.591	314.853
224.102	173.627	369.210	308.109
223.606	177.545	359.387	274.906
212.632	174.590	311.885	259.304
195.185	172.496	322.735	274.328
184.490	161.231	321.539	284.209
337.566	329.537	352.433	191.633
346.529	328.712	336.907	196.930
368.137	344.937	314.377	178.349
273.833	233.572	228.178	252.713
275.177	230.648	226.087	321.904
394.018	290.465	303.311	246.019
309.345	223.849	251.468	237.291
299.898	229.188	257.972	185.254
314.653	234.157	315.515	135.894
324.466	240.506	340.597	121.326
321.347	236.758	207.313	149.628
330.788	228.121	330.478	184.567
435.962	234.812	259.239	195.092
340.446	217.547	359.244	228.669
389.090	219.545	271.689	220.942
391.232	231.222	250.988	205.108
373.639	234.356	257.803	202.746
325.309	231.653	196.575	298.998
324.930	227.574	177.704	284.567
300.832	234.047	195.335	253.970
289.279	236.342	203.922	225.623
280.583	237.522	193.963	220.735
279.275	239.682	183.845	216.180
291.170	243.352	161.429	221.365
296.488	250.863	153.037	228.198
295.756	262.203	151.438	220.554
304.535	269.633	144.827	218.955
313.385	267.177	151.819	216.336
294.512	255.008	175.253	241.691
271.951	258.443	214.821	204.751
264.371	261.799	236.779	200.342
260.115	260.874	250.359	202.902
256.989	263.026	259.163	202.169
259.812	271.112	255.196	193.583
261.235	275.970	255.655	178.894
269.929	274.867	244.606	188.329
277.893	267.751	231.344	204.577
331.830	250.858	172.891	203.358
350.637	242.986	144.333	256.866
356.972	238.901	139.725	211.977
366.632	229.215	137.165	174.012
374.556	223.291	137.749	169.415
357.175	200.099	175.154	148.908
338.637	193.751	214.579	142.110
339.886	193.339	230.042	133.297
339.659	201.729	227.745	124.914
352.634	206.817	218.908	130.838
356.614	244.080	159.666	101.327
349.742	255.425	180.016	82.850
345.660	252.716	202.455	98.104
360.850	247.985	215.056	127.049
374.251	247.922	207.310	170.894
405.830	220.108	176.588	196.746
405.618	210.381	173.062	176.048
394.190	206.734	170.927	137.637
289.034	190.936	290.548	165.869
420.911	83.852	200.124	190.437
327.305	180.818	285.253	340.399
573.270	348.464	181.062	134.228
427.075	103.267	176.792	162.325
171.730	354.130	55.044	158.479
402.386	111.539	189.356	158.468
149.115	246.549	47.275	203.665
387.300	143.702	164.475	158.517
382.817	213.682	235.571	294.594
377.622	177.675	144.072	138.894
394.268	68.603	204.758	249.307
366.094	114.724	189.595	206.316
342.811	206.860	144.086	153.025
339.597	217.508	126.711	157.468
306.463	220.069	117.862	168.547
271.405	212.438	127.720	172.922
223.980	208.919	144.267	155.615
195.585	200.091	151.406	150.814
192.420	186.354	156.219	145.887
191.075	177.746	179.245	144.420
186.555	163.013	193.620	113.496
203.353	136.463	189.076	116.091
243.122	126.417	167.100	131.051
287.117	113.726	138.026	151.808
323.519	95.789	112.164	173.533
350.545	106.051	144.871	170.447
371.833	146.929	166.367	185.609
371.817	195.769	164.772	150.834
347.689	225.042	175.229	131.172
344.604	234.520	155.969	137.140
332.727	245.678	126.711	136.935
281.007	237.993	121.822	146.785
243.935	229.186	143.640	128.556
224.417	220.517	158.450	112.792
227.374	205.614	160.770	107.645
220.310	186.669	215.297	172.164
249.816	147.506	177.024	118.279
276.161	127.584	142.938	132.109
313.376	113.998	116.573	146.116
334.037	112.285	114.829	147.386
348.483	104.176	103.623	159.188
354.750	105.391	218.072	169.814
394.065	120.152	186.369	156.561
143.037	258.728	53.357	197.432
441.866	133.599	150.816	178.703
443.434	124.519	147.208	200.423
169.958	269.859	55.887	163.329
403.186	245.161	120.448	149.145
368.929	247.823	146.828	138.217
345.825	241.655	168.579	148.851
328.575	236.861	177.190	153.445
322.785	217.216	133.025	173.524
320.711	210.523	130.409	136.047
321.629	206.352	145.723	101.338
298.809	201.998	169.962	85.169
292.281	173.831	173.260	120.002
294.300	156.015	167.729	147.982
306.544	148.533	174.064	155.410
335.544	148.122	164.052	142.425
357.332	142.013	143.818	143.486
395.291	133.394	130.861	142.460
186.367	125.308	77.253	159.380
395.861	191.122	145.956	121.375
200.770	78.740	77.964	139.423
188.501	79.812	51.351	140.066
424.696	240.210	138.463	115.660
376.146	240.859	139.506	114.843
356.853	235.991	118.588	125.260
322.026	239.786	127.522	123.489
304.753	237.905	147.566	126.851
275.607	230.342	161.247	136.950
240.982	218.940	147.124	144.978
222.873	211.178	142.564	141.321
210.619	212.944	145.770	133.074
199.724	211.759	157.934	120.663
198.732	211.527	168.333	108.476
202.108	206.448	170.415	97.569
224.555	198.613	170.213	94.444
243.724	192.632	165.639	86.232
273.389	193.501	147.545	80.921
329.064	195.667	101.737	78.815
338.164	202.149	122.082	76.032
198.896	102.503	66.644	99.816
624.426	408.986	44.731	65.621
396.232	263.582	80.539	104.265
634.926	390.355	47.524	84.880
395.097	264.841	96.007	115.706
425.919	136.349	110.628	135.171
229.207	153.208	65.877	119.815
580.382	415.363	34.209	59.039
361.850	243.101	105.050	126.370
332.059	241.388	145.878	132.617
306.004	224.969	138.971	149.641
292.773	216.442	142.047	150.276
286.846	207.671	140.892	138.739
273.559	205.361	143.961	125.154
275.885	209.420	148.997	111.495
279.976	208.441	152.827	78.995
274.449	200.342	168.981	71.187
265.862	188.823	191.309	78.843
586.927	381.412	44.207	103.107
289.432	177.150	190.859	97.390
341.439	168.421	147.834	128.587
392.145	178.711	146.835	126.404
405.572	171.831	142.002	145.366
296.059	182.141	277.974	143.729
448.523	167.189	177.998	148.960
458.881	164.635	166.450	132.183
441.827	165.071	170.313	112.641
244.292	270.375	35.496	158.993
263.978	275.731	47.198	125.688
281.928	196.314	53.804	164.213
125.621	144.082	142.210	139.759
122.994	132.440	167.103	125.389
203.419	131.484	164.321	112.826
93.654	24.184	182.682	154.075
396.440	34.437	214.964	213.746
231.971	81.332	347.843	357.333
353.995	98.289	254.537	177.645
260.806	234.744	412.020	326.868
316.003	153.064	192.074	130.155
358.039	17.078	226.263	281.939
280.053	0.000	345.489	442.896
259.479	259.856	135.763	123.542
264.356	267.505	124.971	126.321
266.821	255.668	103.094	138.668
271.866	248.397	89.970	144.826
267.913	202.830	84.853	138.688
257.684	194.059	86.646	120.477
287.478	147.519	190.731	182.520
103.503	104.658	107.693	101.103
107.398	102.175	110.179	94.838
234.190	108.630	106.321	91.751
215.285	94.524	125.442	103.414
226.618	91.733	119.294	112.195
231.446	106.811	116.889	110.171
273.319	149.689	122.583	128.334
322.704	210.526	107.865	105.748
331.158	226.234	102.251	104.076
333.850	239.995	105.878	105.896
334.605	245.741	106.504	114.449
329.233	249.508	109.274	115.964
302.270	238.991	114.456	98.011
294.679	227.551	115.460	100.217
275.959	208.740	123.396	93.520
262.911	193.774	103.584	105.460
251.948	179.491	97.209	107.045
241.825	144.914	125.766	93.524
86.212	119.164	126.406	111.918
81.438	110.353	146.231	102.783
92.401	102.345	141.773	102.536
152.126	99.766	172.664	114.156
256.698	81.354	187.271	121.697
62.946	62.300	165.344	166.590
146.400	77.100	175.789	141.138
78.588	115.242	147.532	141.397
103.084	128.933	185.804	160.212
183.410	188.279	212.791	148.498
412.951	95.602	241.881	289.102
423.783	61.065	232.400	437.039
415.137	217.094	117.564	128.328
390.330	208.043	95.060	121.030
350.079	199.969	117.570	109.151
327.278	173.115	131.485	126.393
306.563	151.828	118.907	125.124
298.226	140.123	123.984	111.635
283.441	130.075	125.285	102.408
280.759	87.926	132.922	126.691
89.545	55.379	142.848	124.540
170.515	63.942	162.399	116.083
18.752	29.362	137.080	155.825
59.426	92.800	154.801	139.254
109.455	96.408	201.619	115.099
79.015	87.191	192.919	160.400
188.145	135.936	197.899	122.049
387.349	134.792	158.057	143.337
387.991	215.356	129.348	120.167
373.549	262.610	113.474	112.993
199.625	110.047	80.265	116.711
473.621	485.281	119.820	64.404
288.724	266.386	144.465	107.714
271.435	250.175	134.735	113.225
259.092	199.285	111.015	132.490
68.103	184.590	105.828	157.842
243.464	150.119	86.395	107.976
91.763	98.052	88.898	126.499
90.624	86.720	93.222	124.939
247.950	64.421	113.394	91.285
253.983	47.445	138.319	82.666
260.281	35.040	135.103	96.796
317.858	34.035	98.823	100.678
336.898	44.399	162.479	181.704
372.077	11.919	227.811	287.785
386.366	82.116	170.598	202.778
398.700	129.639	143.440	152.979
411.767	144.340	133.383	132.003
396.735	152.920	138.324	125.729
358.916	187.514	100.809	123.059
565.706	368.024	69.778	94.472
316.142	186.951	110.807	90.515
304.408	172.037	99.251	88.334
290.105	148.807	92.858	98.765
290.192	117.556	98.703	108.634
133.543	92.101	123.117	96.117
285.465	84.866	133.380	62.077
158.327	45.553	120.263	95.212
329.776	43.676	114.482	82.370
389.579	61.137	101.058	98.298
428.948	133.111	159.946	117.850
435.351	161.943	116.193	107.101
443.288	170.960	103.977	97.944
446.872	161.307	102.114	108.105
446.522	186.451	107.152	93.309
457.488	176.852	101.028	99.873
450.336	192.683	106.508	107.934
445.005	189.725	108.062	98.262
438.468	182.990	105.256	102.335
366.065	195.504	95.013	106.762
335.080	181.325	99.196	120.867
313.846	167.661	106.101	116.764
305.137	150.489	100.744	117.866
283.958	135.093	110.131	107.852
121.402	92.627	120.119	128.321
264.127	74.037	128.526	98.762
101.932	40.380	128.457	107.276
126.732	57.418	141.037	117.622
188.313	67.787	166.799	118.568
88.595	16.642	150.286	121.599
124.791	50.763	136.881	127.518
88.576	53.889	123.641	136.740
105.928	132.957	141.987	136.397
167.791	157.768	167.791	126.611
380.343	168.133	127.006	115.515
634.611	410.332	51.528	58.418
583.433	395.979	67.036	43.635
236.929	187.396	83.952	112.969
384.661	193.442	115.738	103.294
352.708	182.961	132.352	109.801
336.190	184.692	115.482	110.131
321.186	157.213	101.182	114.741
315.500	132.160	109.230	111.331
296.061	108.428	100.232	113.570
295.477	52.815	134.848	183.809
268.567	43.438	131.365	140.811
292.568	22.122	104.195	125.681
305.338	18.167	118.592	89.547
327.742	0.000	149.192	112.781
408.069	147.059	116.465	106.802
612.559	394.157	76.021	30.358
435.359	161.058	101.225	102.972
436.576	161.854	101.730	102.910
433.989	166.038	103.360	98.258
443.004	168.604	97.108	98.944
458.919	180.624	93.552	89.358
459.712	187.325	95.240	99.966
468.726	200.399	85.461	91.036
476.798	210.073	83.450	83.781
466.774	203.139	92.314	103.259
407.481	205.144	125.802	106.093
383.917	208.430	111.836	92.185
360.760	180.537	137.972	142.713
343.815	147.286	127.958	139.521
320.112	125.203	173.580	191.307
135.077	85.140	117.809	124.036
132.465	84.259	116.240	102.709
291.743	65.718	116.987	91.466
296.728	46.727	125.044	90.904
143.911	37.842	128.491	93.931
292.857	21.830	207.494	109.077
446.592	150.782	125.745	123.205
452.257	161.739	117.634	118.467
451.151	161.840	123.463	115.459
451.535	164.509	113.048	118.825
449.180	169.990	105.703	112.859
455.803	159.333	121.818	87.861
440.127	166.769	112.283	105.852
443.473	167.373	110.215	110.130
668.749	370.233	49.569	72.110
422.895	190.678	110.774	107.971
386.597	207.136	94.850	110.249
342.733	201.970	94.908	107.302
311.047	174.302	132.999	145.678
304.170	197.983	237.197	222.767
252.153	90.372	313.052	320.529
273.044	120.021	231.182	200.811
366.780	98.245	239.879	325.385
230.122	76.392	178.035	142.908
257.162	78.402	136.646	109.872
430.300	273.949	103.161	106.179
392.379	186.264	114.201	131.298
347.689	151.573	123.047	118.956
589.443	407.500	62.279	47.602
555.213	415.033	75.390	58.158
448.410	408.381	66.103	69.853
480.965	460.339	49.256	64.917
476.356	417.545	56.625	58.725
477.373	459.243	53.681	67.133
474.905	461.642	56.300	65.346
473.895	465.232	57.364	61.783
476.202	465.536	55.414	64.708
337.671	257.316	91.982	92.619
330.456	237.037	87.420	100.474
320.121	218.900	82.750	103.454
382.868	155.553	155.506	165.169
292.220	170.878	211.005	264.959
336.243	121.072	261.342	282.597
323.384	80.521	291.470	387.474
291.540	77.288	258.201	259.755
291.488	74.932	197.973	146.034
321.959	59.294	140.028	135.602
137.106	27.240	137.851	132.981
216.799	52.286	144.539	114.144
268.505	121.479	153.008	104.609
574.440	379.065	27.908	52.759
259.103	293.769	43.249	124.336
446.658	194.441	110.586	104.413
433.200	218.728	109.336	99.085
416.914	225.816	100.937	101.031
369.122	228.063	81.407	105.398
334.646	223.419	92.347	108.893
304.735	207.672	105.997	118.971
268.663	188.645	103.165	110.893
254.262	170.719	113.020	113.393
234.843	142.803	108.442	123.344
213.880	128.698	126.573	107.746
212.646	112.393	132.701	91.224
228.870	94.269	120.432	79.211
242.763	87.676	108.352	72.988
263.585	67.539	106.554	92.825
295.582	51.819	87.239	104.153
328.011	71.673	73.831	109.180
340.159	70.671	82.682	111.056
363.934	90.453	89.453	114.985
401.373	138.293	112.874	80.994
419.746	143.138	93.317	92.935
623.850	299.754	29.858	71.090
402.456	151.203	109.180	89.466
385.875	147.686	109.060	87.597
420.020	193.677	98.283	108.563
364.354	156.069	122.054	131.783
359.847	156.961	119.692	138.409
347.799	159.983	123.823	134.683
339.639	165.091	128.324	126.892
335.344	159.857	124.750	123.389
334.747	156.170	122.220	124.328
332.790	152.384	121.274	125.437
330.331	150.137	122.584	125.545
326.792	148.379	123.432	125.661
324.990	147.209	125.749	127.516
322.125	146.088	127.425	130.273
323.880	145.878	126.147	131.331
320.710	147.506	132.930	132.648
328.462	148.297	129.650	135.698
334.912	148.557	127.004	139.988
348.004	148.949	120.864	137.960
357.983	151.439	119.057	134.545
362.632	150.905	118.485	134.293
365.818	153.338	116.473	133.043
365.367	152.203	119.339	136.498
365.971	151.940	122.167	139.300
369.490	152.468	120.536	138.582
369.351	152.689	119.623	139.712
370.131	151.120	117.827	140.023
373.591	148.961	112.615	141.629
371.125	149.248	110.291	134.105
371.242	149.990	105.990	133.164
376.522	149.975	99.948	133.840
374.694	149.503	99.457	133.555
373.901	150.192	98.733	132.495
373.157	149.589	101.224	135.821
371.368	149.321	100.607	133.434
369.960	150.081	101.495	134.450
365.682	149.189	104.707	135.424
362.536	151.749	108.548	131.245
364.859	151.812	108.027	131.671
365.220	153.231	109.724	133.564
363.958	151.388	113.099	137.406
362.815	153.207	117.631	139.225
364.905	154.384	114.924	136.814
364.882	153.679	118.169	140.266
364.667	155.419	122.159	137.962
365.590	153.779	122.054	139.204
370.981	147.374	120.415	139.821
372.134	134.213	119.257	142.710
387.469	105.052	117.869	131.880
389.514	86.079	131.546	112.536
258.922	270.374	84.587	116.188
391.561	38.008	177.748	144.217
406.430	29.987	170.585	152.652
406.549	19.481	219.553	171.408
482.530	27.090	157.881	173.723
506.623	47.578	141.462	149.710
484.689	42.865	170.367	224.248
499.117	149.933	149.022	158.512
449.802	193.338	176.627	140.816
413.578	217.959	173.116	133.024
383.663	224.930	134.649	122.394
355.905	212.555	125.956	116.888
333.051	174.610	124.731	127.379
314.481	143.699	107.754	132.451
327.351	132.116	123.266	127.174
315.704	195.191	153.915	281.067
280.244	70.657	235.844	411.619
259.586	48.459	275.174	462.861
361.688	20.199	161.806	142.429
356.156	11.533	200.464	201.009
270.827	85.336	254.485	476.509
248.791	24.014	325.106	490.085
313.942	25.613	224.836	284.575
406.243	8.896	183.593	177.734
417.822	12.961	167.569	170.925
466.817	17.320	137.958	161.093
465.533	29.973	148.037	169.762
488.546	60.081	152.940	164.502
517.954	174.090	136.584	120.224
329.024	276.208	30.115	123.449
319.242	107.813	30.768	126.311
311.733	274.327	91.795	132.870
472.418	230.748	119.118	126.638
410.329	208.940	97.002	140.547
392.896	182.897	113.035	131.395
360.427	144.992	130.889	135.402
342.184	295.894	84.465	142.413
337.537	273.827	89.025	161.869
342.327	270.899	88.234	128.716
348.017	271.887	83.559	119.163
350.949	266.681	83.840	120.021
347.719	270.912	83.743	132.844
336.874	254.687	102.612	108.431
343.051	264.943	96.913	99.475
307.881	257.145	109.534	194.316
331.192	268.832	84.697	202.636
374.332	89.914	173.315	183.766
298.736	254.998	133.925	185.718
318.862	239.469	129.373	142.160
451.382	157.960	230.421	153.111
466.906	164.676	191.752	144.177
502.575	182.366	142.696	151.691
477.775	195.630	150.885	144.271
424.084	202.662	117.908	158.117
397.799	173.738	168.648	238.953
329.668	110.971	217.203	301.249
324.515	113.164	179.510	204.761
331.286	109.246	158.187	179.695
283.273	175.542	207.857	320.036
285.877	93.919	171.491	242.372
301.406	99.155	157.721	174.956
271.066	34.459	203.350	364.420
280.128	98.840	173.478	196.319
264.245	63.309	223.793	432.330
277.444	34.145	226.375	306.392
381.369	36.720	224.174	161.877
268.742	63.038	243.141	418.603
234.451	32.922	284.540	478.005
447.435	64.876	185.518	124.137
488.836	96.445	136.056	140.501
474.102	137.303	143.593	139.267
433.667	198.210	157.827	122.507
406.524	222.445	150.634	142.604
370.981	225.888	187.698	163.648
303.152	234.859	133.723	155.785
616.676	394.124	43.263	105.096
214.813	214.815	154.562	135.305
170.462	187.332	177.867	152.245
255.581	160.559	125.760	155.231
551.949	372.230	49.050	121.163
489.085	342.136	114.141	128.375
314.225	385.041	61.879	21.065
504.883	364.031	62.714	43.925
310.469	272.118	66.857	39.961
243.611	131.603	180.148	158.573
203.052	0.000	230.386	280.442
220.308	13.156	235.425	509.018
181.035	135.780	144.386	102.816
314.936	355.701	98.930	79.276
311.923	349.020	89.571	100.554
253.402	210.288	124.317	93.721
274.829	226.619	132.469	93.627
297.818	237.375	140.755	109.396
352.526	238.553	107.799	114.580
377.524	244.714	117.841	134.503
392.372	242.765	128.762	129.464
397.255	242.912	145.257	119.416
321.016	71.775	124.721	122.670
445.491	228.556	138.299	104.390
451.043	219.630	148.466	121.844
439.651	233.338	165.835	105.290
423.694	242.924	154.438	84.982
387.931	245.186	141.812	86.490
331.888	74.773	106.812	106.372
365.988	253.009	136.747	114.675
342.132	255.612	138.936	120.625
311.863	256.901	143.358	134.718
293.648	258.668	139.415	137.610
210.735	256.659	170.913	135.388
185.693	249.062	173.705	128.099
298.619	20.854	156.522	166.475
168.966	237.306	159.235	102.496
170.051	225.455	159.824	72.927
97.412	394.990	183.448	98.241
140.410	177.951	165.646	118.116
151.745	178.115	169.896	117.811
172.291	178.272	171.775	119.287
209.591	213.132	178.834	91.025
273.579	232.805	137.589	84.535
344.362	216.960	89.220	111.444
363.096	173.867	110.869	153.629
415.734	180.795	155.462	202.514
389.375	143.646	152.414	125.030
418.263	159.773	123.382	118.584
392.541	151.485	125.849	115.182
396.969	178.566	136.654	105.724
233.684	46.923	89.018	126.522
384.863	172.760	131.282	101.205
369.288	176.297	143.573	106.754
369.551	174.482	134.859	105.547
377.129	176.771	118.590	95.289
222.271	43.473	52.898	123.403
374.632	175.548	89.515	96.605
401.344	187.825	108.975	110.674
383.011	181.978	109.133	128.570
391.100	193.421	102.778	133.393
378.988	211.795	92.962	120.005
367.622	234.813	86.266	119.822
358.669	246.322	90.152	115.862
348.128	246.184	96.328	120.921
343.646	246.342	102.017	122.732
339.114	246.385	116.107	121.554
340.934	244.022	121.637	116.717
157.516	83.433	69.237	106.158
378.261	245.202	129.891	113.523
389.165	250.304	147.016	105.255
392.840	251.701	151.034	105.446
454.101	254.598	129.437	106.204
478.447	253.046	132.702	111.852
515.615	258.480	142.130	90.669
521.226	257.090	147.774	82.588
560.809	243.686	127.000	88.442
558.903	232.492	123.625	86.424
555.184	224.862	120.187	85.540
409.019	101.115	37.748	99.702
282.772	248.856	172.425	163.888
356.510	74.323	167.081	206.638
385.771	163.138	144.516	145.826
386.722	244.207	99.440	118.888
404.579	241.735	93.103	97.400
416.533	249.085	100.828	86.479
371.133	249.253	112.537	74.589
341.274	248.315	112.270	80.749
327.441	251.862	92.461	78.462
252.520	135.691	120.021	91.442
297.101	250.507	110.153	76.897
298.336	248.006	113.067	74.119
312.593	241.731	117.435	69.289
328.550	233.938	115.196	72.107
349.772	218.563	100.807	72.844
352.830	208.398	102.039	81.842
350.746	201.699	97.850	90.288
351.325	194.356	89.702	99.555
351.903	193.453	86.225	101.751
351.454	195.910	86.224	91.941
351.291	204.405	87.280	93.023
370.797	227.012	135.075	159.702
357.255	203.795	135.225	123.628
415.321	183.839	186.028	196.515
355.813	209.771	102.718	106.699
391.104	190.515	186.831	151.568
435.541	169.144	125.502	139.919
514.654	262.962	146.650	82.065
467.847	470.585	134.493	62.285
471.395	464.702	101.935	82.588
480.769	242.218	213.849	100.717
558.882	262.835	114.433	68.296
534.813	258.270	121.070	76.513
503.874	256.487	123.146	78.697
451.583	252.227	100.816	99.811
453.156	255.653	97.500	95.562
433.616	132.021	86.926	89.402
425.057	134.676	80.454	86.943
289.684	125.109	70.467	88.783
373.028	258.652	110.597	92.599
358.503	259.346	118.227	94.217
347.458	263.231	119.750	93.433
344.674	266.480	115.190	92.931
340.907	270.258	116.691	86.755
345.228	272.331	125.581	73.298
348.698	270.891	124.615	71.143
359.284	271.262	118.015	69.405
361.383	271.508	112.992	71.041
366.038	267.584	113.059	74.573
399.072	255.869	147.091	167.137
216.787	128.266	69.670	97.498
370.880	129.730	64.599	90.651
424.629	265.613	85.623	97.840
434.181	270.908	100.160	83.254
467.885	273.239	70.584	79.077
375.308	162.617	79.635	69.247
472.682	263.238	86.392	81.631
469.077	232.098	75.719	90.243
469.022	248.945	78.036	91.188
381.992	152.178	104.960	91.295
441.316	244.321	96.875	99.830
406.441	201.551	91.114	92.784
400.804	202.330	87.194	85.381
399.633	201.602	89.115	85.538
406.394	203.201	90.951	88.114
409.621	209.303	89.577	103.815
393.466	245.798	94.050	83.257
363.657	251.494	92.197	68.259
348.679	246.394	93.898	66.880
312.652	247.010	115.159	61.443
298.538	242.187	103.438	54.161
297.069	241.378	92.111	52.655
278.925	243.550	99.970	60.969
281.807	243.384	101.503	65.364
165.612	121.305	39.191	111.479
305.378	264.152	101.252	76.612
323.282	271.671	104.103	80.053
339.180	275.583	100.074	83.330
362.254	273.846	106.133	85.280
221.996	199.301	98.799	108.389
222.386	214.900	114.983	79.838
234.146	185.410	121.114	101.776
267.982	210.197	147.238	106.339
328.727	200.549	152.601	125.495
412.110	93.382	178.241	238.915
461.572	213.046	131.452	120.407
467.012	229.372	112.357	97.334
467.253	239.915	97.087	89.238
458.213	246.189	84.563	82.755
438.932	248.743	96.288	86.169
442.331	246.538	100.988	85.016
426.535	245.299	103.195	84.803
426.467	235.215	95.384	91.143
420.563	227.853	100.409	96.692
421.219	209.128	91.126	97.832
277.403	92.923	65.804	124.215
269.397	243.600	47.970	119.222
419.434	183.349	108.807	93.493
413.496	173.311	111.562	92.648
406.521	161.221	115.693	103.282
395.971	155.651	124.420	100.302
395.506	158.493	119.026	93.302
374.527	176.513	134.212	74.971
359.867	196.587	119.921	69.013
365.352	200.268	107.356	87.986
367.753	202.756	100.284	92.595
376.885	203.726	106.399	98.447
375.316	207.063	116.726	98.083
373.321	204.234	118.373	91.604
369.116	219.198	114.765	79.547
383.862	216.197	106.210	79.224
396.068	216.592	96.294	91.490
407.583	230.185	82.977	93.005
400.098	225.858	64.925	104.833
389.934	208.219	70.614	94.493
381.234	209.965	82.439	92.319
376.371	208.559	83.394	85.869
374.495	210.147	87.281	86.032
552.603	397.881	38.918	28.291
371.921	202.889	92.471	87.489
370.545	198.929	94.767	90.047
372.686	201.284	94.573	83.744
369.674	209.580	99.540	82.488
366.109	214.484	105.825	88.991
379.444	214.154	99.256	93.993
379.814	211.814	108.580	98.787
380.486	209.373	111.561	100.728
383.203	199.134	115.232	108.961
379.840	186.405	123.392	118.711
384.849	172.729	115.353	140.110
392.576	150.514	108.419	120.156
390.010	145.432	111.505	94.285
410.836	365.856	91.032	32.392
403.004	304.502	60.336	87.011
406.127	234.795	84.145	107.375
256.463	188.757	25.870	119.602
605.578	327.270	36.917	64.101
377.840	155.402	101.702	83.580
391.340	161.499	92.226	96.352
409.885	171.661	102.475	90.510
426.110	179.973	102.931	90.420
423.537	180.731	112.074	90.646
425.651	186.137	113.790	100.592
426.271	203.854	119.903	88.503
429.798	210.676	112.980	93.830
432.613	216.754	116.504	107.053
430.194	221.335	116.109	95.711
428.998	223.760	119.869	93.776
432.449	222.797	114.804	97.667
434.025	217.708	111.661	103.420
434.964	204.831	113.829	108.848
438.939	206.631	114.128	96.935
442.393	206.821	112.711	95.646
447.875	210.007	113.106	90.475
454.882	212.291	114.862	87.893
459.281	211.784	116.491	92.948
463.672	207.570	116.199	99.795
456.796	209.361	125.482	100.601
455.039	199.324	140.874	103.112
468.567	193.699	132.231	107.710
460.686	233.946	111.735	102.442
465.223	238.839	99.530	98.477
312.581	233.269	57.376	118.835
465.546	235.405	95.578	102.155
311.699	144.455	41.188	109.452
314.293	146.582	40.229	107.766
468.960	245.882	105.473	92.499
466.590	247.086	103.969	91.831
465.064	248.041	109.359	93.099
462.616	254.181	103.587	91.929
459.519	255.679	100.934	99.617
455.722	255.287	99.670	105.889
449.588	258.007	100.372	103.855
448.065	256.942	97.260	104.757
439.490	246.247	72.672	105.810
413.808	221.560	75.946	123.533
404.342	200.426	77.857	131.770
383.634	198.538	88.377	117.835
378.547	171.099	88.659	114.288
375.330	152.664	94.174	98.125
365.909	144.151	97.513	90.602
359.751	131.012	93.951	95.458
356.181	126.201	101.921	94.197
349.960	121.886	108.450	100.853
347.576	132.264	117.418	97.731
362.950	146.623	114.383	99.834
366.257	150.143	119.911	105.796
386.430	174.731	115.130	103.441
384.871	195.933	119.762	110.862
416.005	210.437	96.088	111.420
460.008	222.619	92.217	105.426
485.977	209.703	114.837	92.660
508.914	220.760	131.696	94.276
531.613	208.429	117.890	123.197
524.501	177.179	126.803	116.729
525.724	166.268	126.397	113.341
527.005	153.370	120.273	122.580
514.869	132.826	125.606	129.896
506.800	123.355	136.853	129.323
495.090	114.759	135.226	137.283
465.640	112.878	139.368	124.216
454.635	117.896	127.184	120.244
445.447	126.866	117.475	110.589
275.777	252.124	30.385	120.655
411.615	143.794	115.204	112.452
380.280	157.078	126.803	96.248
368.169	185.847	155.147	81.255
339.797	213.540	115.298	79.307
345.659	230.514	99.925	77.012
352.593	240.064	89.364	98.810
355.345	247.615	79.448	106.751
357.169	248.762	80.670	103.758
359.088	250.378	80.186	104.075
356.902	247.145	84.838	104.902
344.337	241.290	99.799	108.282
327.306	233.778	106.170	117.015
318.928	228.696	107.892	120.545
296.812	218.668	110.661	125.018
276.086	209.841	123.607	124.220
256.714	202.557	133.939	107.980
244.563	201.665	137.456	101.327
236.699	194.686	129.995	94.544
234.429	190.542	118.847	93.416
230.110	175.065	167.917	160.399
196.591	170.070	232.288	192.972
157.368	135.522	356.407	286.717
61.046	400.959	196.355	131.456
223.638	167.108	190.841	163.803
210.155	164.030	158.149	139.054
227.975	161.875	151.750	133.769
249.354	158.957	144.487	134.494
350.570	184.929	230.055	139.865
481.850	217.852	154.609	133.648
287.762	171.373	116.456	141.038
521.449	244.471	135.604	107.095
346.251	247.893	86.768	113.450
360.346	254.706	64.827	125.140
506.009	257.077	135.094	110.410
494.008	255.680	138.524	114.547
477.582	253.279	149.594	110.108
469.855	252.517	131.587	103.274
472.605	251.747	127.081	96.799
460.360	248.350	113.039	93.967
375.808	254.448	112.254	108.113
373.451	257.457	82.772	119.984
360.159	138.858	145.637	197.435
370.011	261.079	82.213	119.776
346.846	260.195	140.279	187.155
337.589	264.446	102.282	59.157
326.466	265.411	123.532	130.327
322.935	258.536	117.971	79.055
361.925	259.121	130.630	172.664
311.875	154.735	216.091	240.584
342.229	74.059	226.753	382.952
480.830	272.492	141.072	71.277
487.885	266.430	147.093	79.513
494.450	267.009	149.257	80.838
516.566	264.730	144.168	82.728
361.531	225.146	46.924	109.163
524.470	249.870	141.935	77.120
375.943	230.797	34.210	124.006
496.768	233.383	145.066	76.502
444.176	223.316	165.804	78.561
418.750	214.085	138.312	79.386
384.448	207.027	122.704	86.589
375.935	224.602	117.580	81.850
344.722	216.570	114.095	87.743
298.994	205.308	112.727	105.863
274.002	203.209	103.746	116.943
241.678	204.222	119.491	122.938
245.837	206.793	119.735	121.335
233.672	209.466	122.069	126.208
226.404	222.968	131.112	113.981
227.091	226.965	132.138	107.242
249.791	233.695	128.565	98.505
84.042	124.366	86.065	130.147
297.875	245.115	129.939	74.969
307.576	245.793	123.818	70.809
173.664	102.924	76.503	87.195
362.153	245.614	75.762	71.094
374.126	248.490	65.371	73.080
527.262	391.186	18.215	31.987
369.583	252.037	70.028	79.136
363.967	251.674	74.251	81.052
355.070	251.703	79.162	83.832
347.687	249.038	76.971	89.997
337.689	244.905	82.832	94.063
321.904	240.067	78.496	97.777
314.539	232.919	84.621	101.197
295.060	216.722	99.528	100.077
291.506	210.687	101.656	96.178
287.811	199.918	106.958	99.052
290.110	191.357	115.831	93.935
291.064	183.687	120.126	103.108
313.557	164.215	111.552	104.279
318.524	166.299	104.262	102.466
325.707	169.029	101.843	98.431
332.187	168.897	102.785	99.243
458.033	247.684	79.659	90.695
341.912	195.347	102.031	91.282
345.419	209.201	103.237	89.499
350.281	223.113	109.846	84.427
348.210	252.735	109.946	68.723
360.700	258.224	102.311	81.296
364.534	266.482	96.805	87.960
370.780	268.525	81.198	95.416
372.098	267.336	76.526	98.495
379.165	257.293	70.921	100.099
388.427	242.170	67.028	81.781
396.994	218.275	70.055	80.726
292.803	128.188	98.889	93.276
400.472	54.966	124.733	212.861
414.417	120.735	117.239	157.287
370.331	29.240	151.548	292.439
392.701	69.307	195.460	377.132
400.444	100.931	157.397	236.565
422.845	160.935	127.008	153.254
436.349	135.133	102.907	133.727
439.560	150.090	88.309	124.288
437.278	155.433	86.588	125.550
630.605	389.938	62.151	40.967
448.914	248.871	144.602	205.070
381.341	239.442	119.874	88.350
391.365	257.133	84.303	68.500
388.506	264.957	86.051	77.091
385.054	276.639	83.659	91.813
382.093	279.367	75.448	102.800
377.096	275.537	71.003	109.079
373.628	256.800	72.737	125.765
370.009	238.568	76.920	133.882
365.726	201.542	101.162	110.254
363.279	164.971	91.214	118.148
360.451	136.014	93.333	123.564
365.069	104.776	91.612	115.900
368.326	92.954	87.907	98.898
224.498	69.643	80.413	114.065
212.436	37.549	84.068	114.007
375.746	30.719	69.554	109.966
376.155	28.854	66.886	97.676
378.064	27.257	63.837	100.334
382.395	18.177	68.347	124.699
382.989	18.210	74.813	125.985
382.512	22.684	79.593	121.265
383.824	43.073	82.266	102.569
387.472	49.499	81.985	100.366
388.851	65.446	80.813	115.348
384.846	70.199	88.290	129.072
380.923	93.147	86.677	147.509
386.292	122.927	78.075	126.854
398.512	126.618	68.021	131.807
455.235	194.607	114.712	78.458
431.317	195.897	109.100	88.600
448.807	198.642	102.490	83.396
429.920	231.525	66.604	96.850
439.280	245.708	63.207	86.401
444.982	257.913	63.447	83.780
449.028	262.203	63.700	77.488
446.912	262.088	65.097	78.187
443.704	261.166	66.773	80.180
435.268	260.753	70.875	80.061
421.722	258.021	64.456	78.545
443.951	163.529	103.289	90.270
405.532	252.362	61.993	78.992
398.037	243.408	64.442	85.888
390.709	238.498	66.407	78.918
386.672	221.701	62.935	85.657
385.981	215.795	59.073	88.242
385.295	211.717	57.085	85.956
384.598	208.210	56.191	84.983
386.342	200.475	54.328	88.488
379.232	170.743	80.798	120.787
381.509	170.958	66.770	113.557
385.623	170.904	69.799	117.862
384.358	175.000	65.135	116.533
382.644	186.092	65.410	119.304
386.550	212.052	67.430	116.588
390.917	244.264	59.627	99.534
388.908	252.039	58.409	93.202
389.997	255.624	58.914	91.399
383.296	261.942	64.235	84.799
357.644	240.872	88.572	99.069
339.489	206.759	103.042	123.722
320.900	166.468	117.985	140.940
315.658	127.875	111.314	130.860
312.804	119.464	113.921	114.784
309.026	81.803	152.631	179.068
301.661	75.025	104.223	100.027
267.861	36.447	135.565	138.915
265.352	22.601	130.680	130.031
285.392	38.085	96.653	100.062
250.753	10.703	130.409	129.109
261.660	15.821	91.248	99.789
252.405	13.339	97.327	100.415
246.072	11.150	103.107	97.472
249.344	17.615	101.488	99.839
232.230	17.265	103.750	114.845
218.611	15.979	109.536	107.883
214.544	44.199	115.374	108.827
210.899	60.410	107.660	115.286
202.841	78.829	107.783	106.744
199.926	101.163	118.262	98.648
195.887	130.204	146.003	78.425
205.867	146.079	154.954	78.570
212.219	160.807	156.405	101.862
224.341	175.844	155.113	122.864
266.920	190.073	155.022	135.302
314.090	231.059	136.241	118.516
340.908	259.606	148.297	109.311
610.634	381.517	66.618	118.407
397.454	266.351	125.053	96.653
232.404	108.767	66.677	94.656
417.598	256.800	98.070	92.748
609.962	390.631	51.053	98.094
258.006	214.125	33.240	108.518
392.581	256.064	70.705	109.663
368.677	253.543	72.642	113.735
350.018	252.853	82.850	116.594
333.929	250.407	93.839	114.655
320.952	246.716	102.236	113.850
313.967	243.321	104.303	117.699
308.485	241.691	103.328	112.382
306.459	240.255	101.075	110.304
307.409	240.480	98.540	111.894
310.166	241.907	95.678	112.588
318.696	244.455	90.700	112.226
336.834	358.969	89.984	141.844
352.402	253.450	73.275	117.181
361.778	257.259	75.707	116.405
369.480	263.413	80.762	105.553
376.759	264.688	75.036	100.256
388.841	266.988	73.241	100.780
391.063	265.702	69.233	101.516
394.073	261.321	71.535	100.157
394.977	253.533	68.560	104.100
396.974	239.462	67.768	108.766
387.564	221.236	101.143	183.530
404.727	196.773	62.694	108.394
404.988	173.577	68.199	101.724
268.813	193.863	26.376	124.367
401.176	134.967	70.330	90.676
274.706	210.240	21.719	100.407
370.266	80.854	128.228	152.940
329.987	94.204	192.378	245.784
394.284	52.355	93.858	200.196
406.716	45.769	74.624	140.290
398.783	38.116	114.843	200.547
398.735	48.119	97.648	173.299
390.652	163.680	104.820	124.835
393.548	28.381	126.101	251.686
367.791	13.375	179.381	372.344
376.734	139.071	151.770	251.014
401.306	117.157	122.293	163.634
407.547	163.693	99.690	117.664
412.022	151.797	90.265	116.684
410.409	196.656	97.226	80.495
408.035	214.598	86.668	84.416
387.273	193.301	109.161	139.053
192.150	410.176	33.718	97.688
430.177	171.440	86.361	140.849
245.859	411.677	26.698	55.447
425.984	258.241	56.338	69.688
426.876	263.282	56.036	71.101
526.426	371.476	56.301	54.757
416.782	254.168	55.095	80.285
418.669	240.862	54.056	86.953
419.461	203.131	51.794	104.948
415.885	172.623	59.721	108.893
368.886	204.144	112.104	173.535
319.757	114.717	196.770	275.011
339.037	101.148	196.646	343.297
391.128	75.126	88.937	144.378
383.052	144.799	119.948	276.852
367.701	146.734	114.323	172.209
405.962	42.583	91.803	148.627
209.722	199.334	39.037	127.386
379.884	26.187	123.514	211.309
346.816	11.687	152.642	330.655
349.427	143.682	147.667	179.115
342.636	103.636	157.534	243.334
347.806	145.062	136.384	176.504
368.072	112.130	103.681	163.860
377.845	81.372	82.809	176.474
386.273	85.926	71.636	124.694
399.079	118.305	54.810	105.117
266.863	211.182	20.600	99.313
257.795	108.520	30.017	96.298
259.424	225.224	21.664	107.846
403.636	181.874	67.150	103.887
408.626	221.321	83.536	121.675
406.893	211.361	103.727	204.278
419.902	218.787	85.398	143.238
424.960	259.880	72.960	94.863
436.571	273.017	63.793	87.518
448.282	274.639	59.231	69.637
463.228	278.542	56.334	60.279
475.262	257.585	51.498	69.863
475.208	387.227	57.013	28.938
480.201	208.002	65.586	94.079
481.227	193.841	75.939	95.355
421.747	333.436	67.382	80.922
361.793	323.493	29.847	64.991
313.546	145.222	33.446	126.420
212.632	102.725	75.721	109.788
184.072	105.530	104.963	144.112
86.373	155.352	101.232	141.360
85.024	181.154	166.180	140.169
144.664	222.174	210.987	142.080
383.082	123.633	251.345	339.019
435.420	178.554	214.260	192.383
504.252	149.521	82.814	80.378
504.919	154.787	76.368	79.264
486.635	161.918	85.669	83.004
358.924	271.287	29.442	92.055
453.011	170.010	115.896	132.964
469.212	174.100	105.510	120.888
501.872	218.829	79.794	112.731
465.966	185.944	86.451	95.643
457.420	226.399	85.471	78.409
478.167	246.870	62.029	74.657
475.455	253.851	55.771	63.729
471.289	247.509	49.506	72.321
574.101	343.533	44.501	62.412
402.984	200.345	124.318	189.658
424.293	159.603	73.686	113.939
421.611	99.882	121.990	180.106
415.793	107.585	81.586	145.584
388.935	148.744	128.648	231.500
389.617	73.478	74.574	145.859
205.859	93.637	64.780	124.595
402.556	63.362	51.197	110.776
399.855	63.784	51.753	102.698
392.730	68.683	54.025	89.619
387.137	68.378	54.213	93.909
383.311	74.539	55.726	91.590
380.453	85.991	55.419	82.874
378.608	89.817	53.043	84.017
374.689	98.939	49.674	87.773
373.288	124.406	46.958	91.391
370.690	146.194	63.457	107.566
344.918	181.397	123.501	168.840
346.583	144.503	179.972	234.109
370.781	212.238	69.996	96.299
371.026	222.948	59.001	88.380
372.381	234.722	56.446	84.744
377.698	249.295	60.801	99.840
384.537	258.613	61.032	98.087
392.025	271.386	61.786	87.034
399.019	278.262	60.011	82.311
405.180	282.984	55.903	82.397
407.079	287.406	55.855	76.014
406.542	285.793	58.550	77.422
407.671	281.680	53.528	83.340
408.127	279.351	51.043	83.364
408.540	275.460	57.382	82.583
451.382	386.464	74.946	67.555
449.867	390.809	64.760	70.417
450.721	393.590	71.497	67.028
447.288	393.562	71.079	63.909
448.509	390.892	69.204	68.599
393.342	226.198	97.256	185.609
370.161	55.679	71.146	156.389
372.847	34.913	59.868	134.797
372.267	19.538	54.380	124.198
372.234	12.151	48.345	102.440
371.401	16.625	48.771	97.552
364.622	12.330	75.971	155.255
351.996	3.113	87.001	216.335
362.181	22.171	79.562	160.360
349.294	101.933	148.579	185.272
373.165	133.108	175.216	299.059
338.436	113.946	118.015	120.862
338.026	109.423	150.253	226.340
360.821	115.163	186.786	312.597
334.583	112.441	157.562	201.835
333.977	86.965	135.659	149.878
342.536	51.341	151.737	281.322
331.353	85.111	118.211	137.794
384.147	182.834	124.467	136.324
344.478	23.048	148.402	265.481
368.233	169.532	129.972	171.718
374.137	165.296	111.002	128.700
376.369	180.314	99.032	117.121
371.621	198.903	89.869	87.600
368.837	215.578	68.851	68.217
368.093	225.836	64.231	57.018
366.524	226.772	74.014	59.071
396.035	217.195	50.803	78.361
393.365	285.285	98.000	165.388
397.434	235.555	73.621	105.109
394.045	258.173	68.523	87.776
396.311	273.867	60.138	66.815
396.338	277.401	56.353	59.383
408.017	270.411	44.860	65.975
418.627	257.481	50.560	66.538
418.743	236.757	54.921	72.769
530.969	315.727	43.927	76.046
484.884	279.906	67.545	80.883
421.834	212.318	82.346	85.229
389.623	214.815	92.933	78.975
417.684	179.209	99.468	102.096
431.051	164.286	94.779	100.074
463.774	144.118	80.584	102.426
464.037	136.641	87.908	97.083
429.844	134.662	126.719	168.321
382.895	109.910	195.435	253.423
374.190	102.385	210.112	345.431
255.757	214.126	27.739	126.798
478.966	144.094	92.275	100.152
462.176	164.808	100.839	90.950
319.460	168.945	48.192	111.547
484.876	193.672	80.889	84.131
484.513	201.545	69.007	77.227
464.445	190.002	79.637	95.610
486.390	221.467	70.134	81.761
488.229	248.516	67.533	79.869
489.805	252.035	65.578	78.242
488.852	256.601	56.539	76.814
487.662	255.708	58.039	78.303
485.481	244.365	55.333	81.273
483.121	235.990	58.120	87.579
482.532	223.303	55.784	97.303
476.676	191.617	57.969	106.244
478.193	164.394	68.257	98.225
640.957	313.501	38.008	65.562
471.928	143.227	66.874	93.753
469.264	117.961	60.052	108.682
329.209	126.202	44.155	108.396
328.064	131.730	39.368	107.575
345.087	255.219	22.000	46.839
470.442	78.315	50.738	101.918
470.985	73.135	49.483	104.394
468.191	84.377	51.748	97.518
468.113	83.869	50.421	95.551
468.381	86.187	49.954	99.945
453.321	80.216	77.936	152.911
458.826	102.901	75.176	123.212
421.895	140.946	151.460	152.160
265.038	274.810	277.562	208.064
433.117	145.396	144.150	259.377
344.473	126.861	271.646	291.028
451.515	163.141	107.550	131.033
265.938	222.225	28.958	119.992
466.387	244.614	85.834	80.556
339.123	244.165	40.985	99.424
491.527	259.551	80.785	75.261
496.501	389.898	63.009	62.708
496.434	326.908	57.855	96.646
479.548	272.627	80.979	82.962
352.419	250.507	56.383	97.320
349.977	253.745	55.545	93.925
349.814	248.022	43.395	94.933
490.790	274.392	96.861	81.702
494.276	261.191	93.988	85.055
491.238	254.046	89.509	92.006
493.815	236.635	79.497	100.594
490.124	219.512	75.527	94.899
486.665	190.723	73.567	102.141
344.880	266.627	38.792	107.913
485.205	157.510	71.967	121.280
487.940	162.862	117.789	149.037
466.447	114.137	142.263	305.490
479.784	95.862	124.253	199.077
440.070	129.220	192.928	349.427
260.581	207.037	27.718	120.700
462.250	39.905	74.254	114.237
462.372	37.858	72.066	106.431
459.134	34.055	74.244	100.943
318.941	21.315	46.674	91.144
453.997	32.530	70.171	96.287
451.932	37.250	68.477	93.417
452.421	51.653	65.470	92.284
455.356	66.307	63.523	96.997
458.962	87.237	74.317	92.614
459.840	99.998	74.318	94.465
458.189	144.393	111.774	152.391
465.994	157.214	104.949	113.031
467.255	162.468	99.692	112.408
465.035	185.075	106.022	108.845
464.210	207.584	98.996	95.825
461.560	239.163	61.873	108.267
470.871	253.039	49.576	100.026
469.931	260.311	51.028	94.095
474.520	266.573	51.908	83.016
478.348	270.756	55.166	80.465
479.127	273.531	61.644	76.371
483.798	270.723	59.193	78.403
484.364	264.334	61.868	86.235
485.414	249.317	60.362	97.326
486.219	240.440	63.976	98.704
489.139	215.395	65.470	115.644
494.691	188.460	72.956	118.192
501.576	170.068	70.468	108.366
502.067	130.019	75.914	103.566
358.211	272.376	35.685	82.214
524.525	72.181	61.087	113.857
489.255	37.829	110.116	169.123
470.973	143.218	103.965	99.117
473.721	132.207	103.260	113.264
507.477	26.957	94.520	105.161
493.658	148.799	107.618	100.482
514.333	5.022	81.076	92.529
529.262	11.480	79.471	95.026
523.742	5.104	100.287	109.644
489.505	139.831	113.056	103.750
336.045	288.301	78.670	98.326
237.516	351.042	107.795	117.276
295.752	300.023	129.411	103.454
204.377	189.728	119.559	154.643
532.588	134.594	79.159	129.817
501.334	138.248	82.360	31.577
549.602	0.000	82.986	0.000
561.876	24.085	75.323	92.364
494.633	29.080	127.293	195.919
578.501	113.744	82.472	114.851
583.203	126.762	90.435	120.063
586.803	142.895	97.183	121.652
591.363	159.545	97.882	122.247
594.395	177.575	98.597	121.377
584.374	191.626	105.408	116.078
572.180	199.336	113.612	120.210
557.635	203.324	122.729	123.459
544.535	213.157	123.760	118.610
527.183	221.401	115.099	107.898
513.373	230.785	105.434	97.409
510.962	228.841	109.188	97.890
354.239	233.887	38.729	120.984
482.991	234.835	95.028	91.795
340.642	134.319	32.673	108.958
472.693	236.428	90.848	103.236
467.308	242.641	91.419	98.221
457.212	243.223	98.919	101.621
455.976	454.021	92.575	41.567
423.243	236.378	117.834	108.004
418.803	238.205	118.019	106.838
412.093	239.818	116.379	104.986
408.423	241.390	114.647	103.991
407.394	243.086	113.983	103.403
404.998	242.303	106.453	102.078
407.091	244.746	94.444	99.322
410.159	243.989	82.487	100.801
410.961	238.449	73.195	105.802
410.063	237.155	69.345	108.931
400.430	237.530	65.307	107.099
397.327	234.182	59.036	112.940
397.913	237.740	57.748	110.166
398.623	236.094	57.110	111.919
399.172	236.648	57.418	108.848
388.760	222.534	63.069	109.577
383.548	207.703	73.182	102.127
381.118	190.722	77.906	103.361
371.190	159.988	83.782	105.841
347.213	134.689	89.259	104.770
339.659	105.619	97.041	102.651
335.335	84.249	100.253	107.131
323.124	60.584	98.214	96.845
321.320	44.978	98.900	92.468
320.195	36.418	95.043	90.522
313.850	15.216	97.319	86.510
497.306	165.054	49.424	78.326
448.102	155.134	85.291	78.432
457.495	156.553	78.569	80.391
318.282	58.352	92.770	98.335
308.271	12.281	85.986	88.562
310.171	16.053	80.133	87.703
308.231	21.456	83.100	90.424
303.210	30.874	90.824	96.316
297.741	89.820	164.461	156.903
300.920	81.238	136.584	162.165
308.194	94.886	115.891	149.066
306.800	108.603	121.107	125.777
304.027	114.311	116.289	109.916
299.651	124.384	118.246	103.660
302.940	138.363	117.110	93.200
302.398	156.678	95.786	100.372
304.889	171.860	94.708	102.514
309.411	181.141	97.356	108.058
317.060	190.395	93.728	111.845
324.327	206.906	98.939	99.993
330.115	214.891	106.096	93.296
333.161	218.046	108.884	96.627
334.138	221.417	103.855	96.608
334.505	223.471	108.467	97.083
328.617	218.716	99.413	96.596
322.734	211.728	100.840	92.810
300.489	189.770	146.488	189.652
306.384	175.081	101.992	105.075
302.361	139.066	93.227	120.599
295.103	93.661	100.184	111.159
267.278	88.619	156.327	246.409
281.784	38.889	135.261	153.673
277.071	17.002	140.914	131.440
294.067	7.710	124.296	108.006
303.313	4.268	113.115	93.021
303.905	4.239	108.371	76.898
296.382	41.376	133.894	164.264
300.962	47.968	194.187	263.896
321.534	84.988	241.962	379.723
311.680	66.876	183.986	189.020
264.652	76.742	285.944	316.614
309.141	0.000	174.053	151.348
325.807	270.072	156.123	118.335
359.182	151.256	120.879	177.262
471.189	463.143	135.712	75.579
464.912	153.058	117.374	122.977
322.122	23.409	129.624	103.535
321.482	107.237	162.867	232.236
316.185	67.117	145.244	120.285
322.450	78.825	134.351	111.125
322.133	84.517	136.927	108.870
334.178	90.380	125.523	113.076
330.168	108.660	128.439	111.847
335.062	117.930	121.315	114.046
347.642	146.443	115.202	109.890
349.456	155.408	116.027	108.246
358.976	165.684	112.425	116.302
367.167	182.016	111.869	125.587
371.856	190.800	109.209	118.373
383.431	198.133	105.097	115.710
404.673	199.669	96.041	114.967
413.042	205.928	90.181	108.984
259.159	222.235	25.239	114.722
416.588	204.679	85.667	112.508
415.108	199.903	87.907	115.064
410.444	189.164	80.642	113.819
256.224	218.584	26.331	109.479
417.567	158.536	99.889	123.325
400.886	131.145	91.370	138.301
393.166	94.846	90.764	137.920
387.889	51.475	73.318	140.816
208.187	173.072	36.828	123.647
393.945	28.673	73.692	112.222
244.885	238.191	24.716	32.618
238.264	42.741	33.839	105.725
385.018	6.582	86.295	89.541
252.161	187.498	26.508	40.844
229.166	134.264	92.068	96.232
233.464	170.597	69.051	81.466
245.664	130.454	96.859	99.350
330.110	128.781	84.125	114.822
364.144	139.628	96.622	107.277
333.334	17.935	160.747	202.845
358.233	123.163	158.256	129.953
351.391	78.100	175.412	190.538
368.681	116.527	141.962	139.315
373.132	129.216	118.169	119.616
378.218	115.943	125.287	124.956
398.876	7.776	108.899	109.206
376.798	116.484	82.828	113.784
380.454	109.995	84.191	117.591
375.868	116.712	88.192	107.556
367.285	111.028	87.173	111.053
359.232	103.447	103.172	119.287
361.872	14.835	105.439	88.958
377.379	115.186	70.993	116.065
378.073	114.357	100.843	118.994
371.604	86.654	115.321	142.006
380.965	91.673	135.339	155.999
399.347	105.366	135.211	150.390
357.777	91.362	194.512	249.204
395.348	128.137	140.271	143.434
388.864	124.033	171.626	239.629
425.910	158.073	107.377	96.267
426.178	108.116	103.135	132.446
400.491	111.558	121.689	135.082
399.427	142.234	125.229	119.297
388.479	134.863	115.522	133.936
391.964	166.371	111.760	109.773
392.679	173.005	104.650	99.530
394.521	184.225	98.164	85.843
393.484	176.324	84.911	95.051
393.826	185.421	90.465	83.852
389.287	98.273	65.226	105.680
389.839	96.928	65.057	109.679
247.342	65.367	28.244	113.945
237.527	115.072	84.485	70.869
228.735	189.897	89.513	93.265
236.583	182.502	112.292	122.006
292.600	175.759	135.536	118.517
392.575	160.815	124.253	105.832
406.617	143.190	124.474	114.855
439.930	42.573	85.133	144.729
439.439	19.778	83.746	106.133
429.184	34.806	115.406	171.301
409.654	4.594	116.548	115.418
389.513	144.006	126.493	122.930
389.334	47.701	151.049	202.749
388.846	101.618	148.965	152.948
348.526	23.894	203.097	199.770
371.884	0.000	204.752	358.227
265.892	0.000	305.708	474.699
253.108	9.140	496.404	556.631
294.387	70.273	289.120	360.929
446.860	17.419	85.117	163.312
385.324	64.816	149.903	164.032
375.171	115.979	122.036	136.332
374.374	118.186	110.057	128.108
378.928	123.454	109.577	132.395
377.218	124.144	102.042	129.511
379.243	145.549	103.813	118.478
380.754	172.092	119.016	107.170
389.349	160.980	93.795	117.868
384.253	182.968	113.155	92.531
397.817	182.539	91.354	93.624
397.179	198.295	95.737	95.083
397.649	191.716	103.816	94.663
416.365	186.599	111.284	104.220
436.349	202.836	92.123	110.851
440.550	193.594	96.234	115.684
440.386	147.115	115.826	109.261
460.937	140.280	109.826	118.549
464.418	143.451	110.912	103.028
466.401	153.735	109.753	92.079
464.490	151.225	111.474	89.882
462.745	157.392	119.158	89.128
458.682	159.489	125.591	78.943
455.114	160.750	128.038	82.704
446.342	162.344	134.206	75.424
459.056	163.694	123.108	86.596
453.016	166.774	125.664	87.120
299.833	239.251	36.796	120.351
446.061	168.023	119.375	90.411
291.970	242.944	37.637	118.523
441.771	169.410	120.881	87.404
293.182	377.909	34.185	46.927
446.507	171.718	112.479	89.558
296.451	248.736	35.628	122.598
298.037	235.620	37.122	113.510
302.097	263.959	30.084	105.077
444.308	173.793	96.199	89.877
305.818	278.074	27.217	96.685
626.547	337.486	52.803	69.328
300.930	249.931	31.739	105.738
436.872	183.782	109.330	87.606
431.671	183.756	118.694	90.799
440.746	189.935	109.938	89.057
441.573	195.556	108.595	84.114
436.967	197.995	112.097	83.253
432.763	202.103	110.195	81.490
429.331	202.498	107.413	82.755
290.638	243.848	27.884	115.015
433.293	211.302	89.888	75.875
434.368	215.242	86.509	72.209
430.284	218.652	87.996	69.871
418.400	220.693	88.379	67.687
420.302	223.149	85.097	71.898
419.107	225.544	82.077	73.529
413.820	226.541	85.215	75.671
417.972	226.623	79.190	79.337
417.147	224.542	74.946	81.903
416.024	228.221	69.603	81.495
416.375	227.235	66.434	83.597
420.669	229.515	62.130	84.574
421.302	232.150	58.944	86.382
424.978	148.839	99.338	152.569
430.863	237.038	57.474	90.391
309.048	262.680	33.641	99.835
303.750	259.839	36.116	95.803
250.587	211.389	82.033	85.372
235.133	233.357	101.195	94.520
238.055	227.942	110.223	101.474
221.042	228.922	123.705	100.218
249.036	227.215	137.534	101.558
236.060	210.936	132.226	128.621
253.155	206.362	185.195	122.586
426.384	169.851	160.128	237.383
493.217	203.194	107.122	120.934
502.018	198.204	98.480	94.555
354.227	330.471	33.288	102.410
438.315	394.033	82.491	40.736
338.379	353.008	42.545	84.111
453.123	203.163	111.744	78.519
627.041	377.368	75.605	57.525
446.914	210.183	100.879	74.743
377.371	222.196	159.499	93.193
362.976	240.148	137.908	73.864
346.630	259.619	101.929	85.219
341.408	266.314	78.254	90.347
340.613	272.314	68.154	91.428
332.526	275.605	63.406	90.445
321.533	275.721	69.477	83.854
319.646	277.099	73.531	75.618
317.727	275.941	77.546	68.176
316.939	276.291	81.938	63.772
323.171	267.013	84.012	63.883
331.582	261.477	80.421	64.478
333.186	257.767	78.890	66.594
329.897	258.071	78.224	66.213
327.170	259.538	77.889	66.161
321.170	261.703	79.765	69.700
318.472	271.171	78.787	69.887
320.623	276.595	74.278	69.359
324.185	274.595	66.803	77.665
324.783	273.687	65.229	79.154
321.539	271.606	76.166	80.968
327.531	260.955	91.474	77.248
356.934	244.589	101.105	67.257
378.273	228.619	107.347	71.882
421.462	221.139	95.877	60.491
425.620	210.367	129.556	87.355
448.159	209.536	117.982	70.072
464.267	210.682	116.511	74.457
470.995	215.102	123.459	81.907
481.237	215.152	121.446	89.416
485.412	219.579	120.384	90.757
489.082	226.646	118.534	90.722
487.486	220.153	115.348	88.444
485.426	224.788	99.396	91.199
488.769	225.613	81.946	93.271
494.255	231.927	72.754	98.690
497.402	234.740	72.154	96.626
499.246	240.056	74.732	92.163
504.765	242.630	76.876	88.150
501.818	240.033	81.786	90.357
513.550	242.798	86.189	87.212
524.166	233.738	96.485	86.412
523.886	233.709	109.629	86.891
516.582	235.443	116.328	74.410
504.407	226.233	120.939	78.290
477.187	192.921	117.637	98.764
465.008	194.368	116.424	102.379
423.238	230.836	129.796	70.912
400.270	242.928	109.684	64.405
382.952	241.912	105.753	72.210
364.299	244.275	96.266	72.896
350.425	245.943	105.859	72.666
343.057	245.689	101.494	77.685
337.911	247.440	95.969	76.903
335.290	250.774	92.364	74.081
337.657	252.903	91.422	73.984
356.314	255.857	92.252	75.681
367.072	261.141	91.919	75.221
375.910	264.437	87.505	75.161
384.091	266.267	88.210	74.050
395.631	270.119	84.900	71.501
413.894	273.130	70.576	69.815
421.352	273.555	65.159	71.200
428.644	275.131	60.603	70.237
433.371	275.733	59.431	73.642
437.055	270.720	65.576	80.083
437.174	276.498	63.902	73.083
432.221	277.067	68.171	65.756
428.367	275.432	72.325	67.480
425.096	269.745	78.270	70.664
420.663	275.338	78.649	68.542
408.011	280.643	70.468	69.653
396.494	279.544	76.646	73.744
387.293	280.549	81.986	75.262
378.928	281.568	83.878	75.159
372.830	282.438	87.522	74.815
365.174	280.461	96.093	75.089
355.535	277.779	106.117	77.926
369.196	273.538	91.457	76.182
380.024	272.090	83.971	71.200
382.925	272.501	91.519	63.612
397.458	269.655	107.734	51.356
413.109	268.545	106.584	47.597
424.205	268.276	104.320	48.065
448.340	264.439	95.267	54.575
461.695	260.913	93.075	61.433
477.845	259.616	89.934	65.797
487.813	259.234	92.844	68.978
490.604	260.458	97.745	68.025
494.719	260.742	102.989	70.542
495.195	261.149	106.597	71.141
497.342	260.064	106.281	73.640
499.174	259.411	105.788	74.206
501.468	259.700	103.600	74.461
500.461	261.070	103.156	74.110
498.801	261.586	100.936	73.747
494.959	260.458	101.100	78.089
465.981	425.134	110.964	53.722
487.591	258.812	96.019	81.625
486.189	258.034	90.221	82.072
353.781	407.663	36.167	65.279
482.504	256.182	91.068	83.503
480.495	255.809	90.845	84.157
479.801	256.447	89.795	82.963
346.483	210.713	39.711	106.827
347.406	165.996	29.899	108.955
350.029	217.459	32.366	106.430
343.344	237.032	39.605	114.407
344.844	241.051	46.949	107.589
347.088	126.350	23.065	32.622
482.679	264.031	81.175	87.956
492.574	267.762	70.939	88.912
496.108	267.558	68.484	92.540
505.426	267.971	66.281	96.360
515.365	270.916	64.851	89.931
525.015	273.469	63.077	91.317
533.131	277.646	76.280	93.283
539.376	278.100	86.929	93.435
546.559	276.718	86.354	93.573
546.439	272.958	89.731	92.440
547.552	269.625	85.974	92.912
550.329	268.443	85.086	90.124
543.917	269.004	88.274	86.934
540.288	267.767	92.389	88.817
513.791	227.234	118.937	132.238
505.596	264.525	99.893	93.607
495.142	269.717	77.954	88.550
357.369	392.446	44.907	85.850
353.845	397.925	38.815	75.198
616.474	385.540	66.798	90.176
443.145	263.604	69.556	96.245
406.429	262.993	94.688	92.985
382.078	263.870	107.497	87.166
367.499	263.639	121.578	83.222
359.160	263.389	119.053	72.811
355.062	262.267	117.555	66.046
350.788	261.187	109.174	59.225
339.085	258.012	105.779	59.824
340.422	251.656	100.189	72.482
336.591	245.960	104.124	86.953
334.294	245.858	113.625	92.354
356.680	250.160	105.443	91.137
362.918	252.027	101.935	91.166
381.942	250.478	89.546	94.993
415.288	248.452	64.007	93.635
429.653	253.359	62.054	89.320
434.148	256.348	68.547	88.590
308.818	230.350	61.159	95.323
473.126	155.813	105.885	112.970
279.860	217.226	53.084	109.682
273.965	237.336	29.907	107.728
435.607	260.768	105.916	101.044
443.959	260.876	95.704	103.028
468.196	262.455	96.550	97.787
487.154	264.608	89.451	95.611
523.859	272.251	66.152	90.191
543.504	270.982	104.953	88.063
544.998	267.988	121.556	89.926
556.149	266.347	125.348	93.248
440.984	266.681	71.026	98.672
548.906	271.274	138.408	83.546
555.838	269.567	137.474	80.285
557.150	269.200	119.344	80.032
553.827	270.731	109.523	82.223
542.226	271.763	118.179	81.577
534.708	272.269	120.292	80.299
529.365	276.277	111.442	77.049
521.651	275.522	109.643	81.125
515.016	275.356	102.193	84.628
505.791	275.792	101.896	88.556
500.905	275.148	91.070	91.266
491.798	273.092	91.170	98.222
482.492	269.657	92.809	108.741
474.671	270.323	95.564	109.858
460.964	272.071	100.953	106.084
451.477	273.150	104.952	103.853
418.269	267.107	112.666	102.952
256.513	223.656	35.250	111.880
396.358	264.450	114.069	92.492
385.089	260.263	105.770	91.335
377.355	258.888	86.837	95.593
366.457	250.987	84.532	102.467
352.462	249.570	92.224	102.855
343.671	250.371	95.552	102.975
336.722	251.479	98.469	102.816
329.963	255.664	106.374	103.214
321.804	256.377	120.318	105.525
318.177	255.817	125.503	108.981
320.301	257.747	129.047	109.614
322.193	261.261	134.138	108.493
326.617	263.205	134.416	107.277
333.008	266.062	132.242	105.166
340.179	266.569	129.564	105.902
344.784	267.540	128.575	105.819
349.419	266.756	129.679	106.428
353.724	267.282	126.820	108.375
360.936	266.198	122.595	109.251
367.971	265.829	118.325	109.797
374.120	265.876	116.079	110.667
381.526	265.072	111.404	110.873
390.253	264.077	104.758	112.536
412.608	259.762	83.424	116.860
427.417	257.131	71.111	118.439
434.115	258.983	68.399	118.487
438.935	254.962	68.297	119.035
443.902	253.591	67.434	122.538
624.304	360.099	47.607	125.002
471.076	248.565	68.161	117.679
472.570	247.441	78.637	116.285
475.744	246.068	84.209	113.936
475.214	242.160	93.425	111.164
485.897	235.510	99.799	116.909
492.100	222.486	101.475	125.478
490.691	217.416	111.847	121.676
489.347	213.531	120.832	112.706
421.851	399.255	101.249	93.593
497.699	209.785	124.426	117.048
429.212	397.460	91.680	78.621
502.473	206.708	117.865	115.160
427.799	399.502	104.626	79.981
315.388	403.515	67.974	88.128
504.269	210.774	111.235	112.680
474.798	214.432	112.509	115.224
472.183	216.741	114.470	115.419
448.028	230.015	113.571	108.747
429.412	239.023	122.321	104.066
393.110	248.721	112.469	104.815
354.891	255.934	113.599	108.842
318.759	257.972	121.980	117.904
297.156	271.584	123.015	102.909
277.326	270.479	123.155	105.481
255.811	272.082	126.683	103.626
227.472	273.685	130.007	98.144
211.496	259.461	125.321	109.214
199.825	253.296	125.280	113.879
194.707	250.341	128.092	111.681
194.721	243.589	127.349	117.591
193.625	238.573	132.845	121.274
198.359	239.610	136.387	120.445
204.337	245.787	138.010	114.725
217.207	259.814	137.223	105.844
237.000	269.179	141.322	101.714
257.304	275.590	139.331	104.246
275.247	279.074	148.142	107.674
294.108	277.738	147.643	110.981
105.399	402.999	100.261	121.286
354.631	268.808	108.776	108.713
366.157	263.101	129.494	110.128
400.313	253.808	126.148	110.049
415.496	247.490	112.812	111.721
245.947	240.396	37.101	117.208
261.577	228.586	28.554	115.958
263.305	225.329	32.604	121.535
263.181	229.194	31.694	126.812
259.269	305.509	34.340	129.714
261.375	222.732	30.285	121.986
259.404	220.456	29.852	120.717
260.214	224.191	29.978	121.096
263.395	228.219	29.150	128.867
260.103	229.590	28.582	121.410
257.049	230.596	27.610	117.574
261.994	232.134	28.543	122.906
457.944	242.021	110.442	116.076
469.872	241.985	108.702	118.396
480.982	238.482	109.864	123.167
480.377	236.859	112.059	120.459
485.549	239.550	113.023	120.938
485.320	229.875	122.312	121.675
489.687	233.307	116.780	116.133
311.160	81.793	53.561	104.706
500.157	391.777	123.036	134.341
480.031	234.618	125.422	112.695
299.999	76.619	55.817	110.212
471.120	235.656	111.753	112.724
467.030	234.035	112.054	121.318
465.227	233.329	97.888	127.687
449.419	237.117	75.781	125.806
445.474	238.298	69.944	127.478
435.197	239.862	70.889	126.346
420.825	238.917	80.816	123.359
406.876	242.614	87.737	117.189
395.948	241.322	97.795	113.832
386.276	235.413	104.479	116.458
374.893	235.527	114.086	114.809
368.738	236.287	118.811	112.215
365.234	237.793	118.840	110.080
364.372	237.749	114.735	112.592
362.630	245.324	112.349	112.433
362.257	246.229	109.969	118.929
363.392	245.858	104.504	128.044
364.393	246.639	104.294	131.775
366.992	250.601	99.401	128.752
372.988	250.139	92.148	130.745
374.929	249.732	92.519	132.292
375.026	247.774	98.331	132.608
375.378	242.225	102.305	133.096
375.948	240.495	112.369	127.393
379.299	229.936	111.332	133.563
382.651	225.001	112.338	134.975
385.806	224.587	114.422	131.711
403.915	224.124	100.004	130.565
406.845	222.089	96.471	131.760
412.993	223.004	89.300	134.904
420.786	218.908	82.535	134.057
429.178	226.812	79.129	124.218
426.919	231.597	82.093	114.819
610.283	365.171	59.943	115.258
433.314	236.437	81.595	108.716
432.822	240.226	85.842	108.652
433.869	241.844	85.771	115.044
430.443	242.765	86.126	124.615
431.709	247.103	87.586	128.733
429.780	251.022	90.646	132.516
432.505	254.009	90.628	132.275
431.929	256.401	92.640	129.434
430.894	257.919	93.602	128.206
426.408	260.231	98.320	120.750
407.252	260.091	119.306	114.174
396.971	258.928	130.286	118.115
390.265	257.662	139.244	119.663
390.819	253.846	140.037	122.797
393.874	246.602	138.359	130.067
398.910	236.543	135.283	136.092
404.385	226.917	140.004	135.799
417.123	220.781	134.081	138.352
426.334	207.628	127.966	150.753
433.546	208.776	131.568	149.338
457.445	204.996	115.258	131.987
466.781	203.829	107.195	119.623
290.107	428.743	46.962	62.923
496.321	196.176	84.870	118.822
498.791	207.011	92.420	112.528
509.275	196.515	101.638	125.997
503.783	205.059	121.434	122.931
493.666	211.356	135.618	124.191
484.695	214.823	144.006	128.670
473.019	222.707	150.673	128.472
453.594	229.598	147.090	126.441
436.264	236.890	151.660	124.753
418.723	239.991	150.903	123.974
397.748	243.468	156.849	122.495
375.731	250.704	159.722	118.770
351.386	249.322	160.680	125.737
336.505	256.176	166.206	121.710
317.457	259.144	173.788	126.279
315.180	257.963	160.482	136.626
309.443	262.461	151.455	140.815
302.011	266.704	141.391	139.602
298.898	271.688	108.631	137.573
292.641	273.750	89.711	136.582
284.031	273.267	89.923	134.531
274.987	271.879	91.449	132.711
266.495	271.314	103.730	133.571
230.895	271.177	147.500	134.300
224.643	270.515	160.255	138.171
224.178	269.913	160.047	137.578
243.244	268.967	138.353	135.431
276.565	266.445	103.082	138.495
293.869	266.783	85.575	137.900
309.476	267.324	79.718	140.817
310.689	268.187	90.373	137.014
312.921	268.416	97.650	135.421
318.284	267.659	97.197	140.534
325.911	268.402	95.470	140.866
347.741	264.157	86.525	141.065
348.431	268.334	84.142	142.917
346.431	268.595	101.938	143.875
330.581	269.263	126.778	140.033
328.341	267.713	147.873	136.903
327.959	264.084	159.292	139.878
331.969	262.533	161.200	142.738
346.639	263.349	150.779	134.964
368.643	260.406	115.974	140.792
407.553	256.869	80.946	142.980
411.908	256.274	93.422	140.832
406.394	255.667	99.437	145.512
405.417	252.636	128.504	145.194
398.461	250.448	152.403	145.475
402.243	249.404	166.154	143.959
415.197	248.430	152.895	143.366
439.743	250.412	124.055	139.076
231.184	77.832	66.092	117.812
465.447	255.050	92.896	134.632
476.324	256.692	89.839	135.659
484.411	257.564	85.232	132.586
487.417	256.817	86.328	131.958
487.125	256.438	89.412	133.343
485.675	255.577	91.675	134.329
483.825	255.267	93.795	134.665
478.242	255.407	95.871	134.071
466.429	252.952	104.267	136.065
451.849	250.838	116.748	139.029
438.417	248.133	134.205	141.641
431.644	249.997	146.665	138.363
424.773	251.627	155.822	140.308
414.488	254.098	168.883	140.640
412.145	252.324	162.786	145.383
418.730	250.007	142.879	148.880
414.874	247.222	116.204	152.617
415.743	249.400	88.401	152.607
412.557	251.729	84.346	144.159
402.897	254.837	90.591	144.897
390.357	254.676	103.089	141.318
384.989	258.500	112.746	140.214
349.339	259.434	149.707	138.811
336.801	258.757	163.531	143.198
325.719	258.544	175.153	146.067
319.101	261.226	169.263	147.572
318.121	268.355	152.355	141.882
319.834	269.819	141.164	143.521
326.854	265.741	123.739	149.331
334.593	267.492	108.748	146.672
337.038	269.943	100.884	144.099
340.113	270.622	95.179	145.692
342.001	272.067	93.308	145.614
340.089	271.879	91.741	149.074
335.352	273.642	94.642	146.523
329.148	273.742	90.971	147.633
326.961	275.595	83.524	144.356
325.536	275.590	82.919	142.079
324.940	275.643	83.417	141.843
325.057	272.312	83.850	143.920
323.214	270.383	83.334	143.834
324.275	268.568	85.137	144.545
321.799	267.434	89.864	143.248
318.331	266.911	98.837	142.969
309.785	263.128	119.326	147.135
305.725	261.077	140.136	149.591
302.180	258.940	165.269	147.007
299.798	256.590	175.130	150.613
307.804	257.389	173.122	148.106
344.175	254.184	145.368	151.957
371.193	253.454	119.685	147.178
407.616	249.702	86.416	149.117
420.071	247.887	92.495	152.073
420.363	246.741	88.516	158.556
420.793	244.544	105.759	150.181
419.392	244.288	137.603	143.784
204.429	230.240	71.011	128.042
433.811	241.397	169.714	148.223
453.238	243.758	156.098	150.141
467.494	245.650	137.123	149.916
480.254	250.281	125.768	141.453
490.957	248.448	110.829	141.461
493.410	247.249	109.744	141.881
499.303	246.669	105.754	142.777
499.932	246.557	106.234	142.039
501.501	245.226	105.457	143.355
503.290	247.465	103.106	141.954
495.545	247.098	106.288	142.247
483.432	247.423	114.041	142.926
472.488	243.642	126.848	147.008
261.798	272.586	32.851	140.157
458.728	246.856	152.151	146.312
435.102	251.189	176.579	141.244
434.316	253.660	173.477	140.808
435.261	256.375	160.022	139.743
432.903	252.267	115.049	149.764
411.044	253.613	97.445	164.215
400.328	255.064	107.348	154.019
378.109	256.735	129.071	149.939
346.912	258.198	159.103	142.405
327.627	258.457	180.334	138.158
302.265	264.555	163.157	146.084
298.258	264.934	152.490	154.774
297.397	266.865	141.399	151.536
302.933	265.108	124.510	153.409
294.984	268.866	99.420	151.328
276.034	275.069	104.187	145.079
386.078	264.546	98.073	139.874
245.423	276.992	136.187	147.532
238.887	276.615	150.097	148.855
234.395	278.543	156.781	147.910
230.556	279.487	160.915	148.383
228.624	280.152	163.858	147.300
228.940	280.659	164.464	145.802
229.189	281.040	163.446	145.445
228.890	280.913	163.003	144.314
229.855	279.871	162.122	143.771
230.911	278.892	161.934	142.997
237.317	277.229	156.890	144.097
248.461	274.911	146.672	146.026
264.749	271.859	132.163	147.702
285.813	267.678	111.812	150.092
305.776	265.154	102.277	154.243
312.821	263.557	101.962	144.881
318.934	261.337	107.574	144.235
322.975	260.918	127.845	145.573
322.822	257.194	169.185	154.385
327.744	251.537	180.653	154.921
336.919	251.116	178.011	153.296
388.815	242.874	147.502	163.101
409.265	242.085	131.501	154.095
181.790	204.252	63.933	146.072
466.859	232.932	117.021	158.523
459.364	226.246	153.751	162.835
445.593	220.992	189.783	166.737
443.857	219.442	199.924	169.614
445.978	217.925	194.755	171.399
453.575	213.402	180.771	176.423
468.646	213.418	159.537	176.634
479.743	212.876	134.835	179.657
483.062	215.621	127.917	175.727
484.952	218.351	122.795	172.252
484.437	219.728	119.802	168.316
478.169	223.178	121.736	164.320
468.462	227.398	125.530	161.132
460.069	232.251	130.261	157.837
448.295	234.833	143.641	157.233
431.254	236.911	164.858	155.591
415.725	246.073	180.642	147.705
410.126	249.214	163.373	148.024
412.580	244.423	142.190	162.310
378.249	240.454	111.558	163.772
366.552	248.519	124.186	173.683
350.212	248.310	142.952	174.102
312.543	251.943	181.956	165.777
276.329	258.043	218.895	150.328
267.426	263.685	184.604	164.137
268.193	264.703	162.425	161.487
271.520	265.397	147.760	164.906
281.017	264.462	138.202	163.213
37.529	67.258	100.360	153.874
267.485	269.752	129.407	164.311
247.325	272.323	134.626	163.908
237.867	271.755	149.737	166.380
230.574	272.487	155.644	166.511
224.832	274.095	159.585	166.864
223.932	271.377	152.833	172.996
220.873	270.539	151.018	173.610
222.729	271.004	144.160	174.129
225.493	270.165	138.250	171.943
235.669	268.116	127.145	173.621
244.598	264.816	118.410	174.674
259.989	262.853	105.482	174.928
271.968	267.102	99.702	170.551
277.795	269.106	100.417	166.532
283.576	267.442	104.071	166.672
283.228	266.713	135.349	166.690
273.632	258.617	172.414	173.721
269.994	258.444	189.988	171.274
278.281	258.446	192.722	165.349
301.409	257.244	196.287	170.173
356.602	249.835	158.184	175.463
369.102	242.998	140.876	174.291
410.481	240.953	138.111	163.544
417.211	239.385	156.152	177.863
407.329	238.898	212.057	176.053
413.152	224.807	231.672	190.779
424.024	213.840	216.607	201.877
448.078	211.833	182.967	198.031
478.172	204.340	142.739	196.262
497.386	204.799	120.209	190.523
501.985	205.539	114.200	186.737
506.767	202.504	119.980	180.817
507.447	199.953	129.595	177.921
501.335	198.429	141.407	172.823
493.098	200.553	157.607	168.978
477.358	195.778	175.912	170.613
454.639	195.214	198.573	169.251
427.537	186.392	215.771	173.475
410.564	182.812	221.228	177.247
385.392	185.000	220.536	171.227
352.799	190.210	223.387	171.221
285.337	197.819	268.951	166.144
265.563	200.631	272.497	169.048
247.895	211.689	266.709	161.392
248.260	207.508	216.120	172.740
224.575	222.179	197.545	161.518
182.089	222.453	173.620	167.955
159.369	227.796	179.804	165.381
150.376	227.367	185.205	169.993
131.250	235.215	204.601	169.596
118.196	236.929	212.688	176.395
103.195	242.513	236.673	170.803
100.083	245.604	245.919	173.329
103.551	246.519	244.831	166.104
107.841	252.972	244.294	162.965
161.324	262.377	191.461	151.219
216.406	253.565	139.954	167.433
245.159	253.718	117.454	176.104
267.487	252.240	104.216	179.956
278.407	254.854	107.164	189.051
287.683	254.238	109.455	188.868
296.819	255.913	115.115	195.236
301.187	253.264	132.376	197.229
291.420	250.766	160.403	198.218
277.084	241.185	186.422	205.503
270.415	245.471	237.788	195.019
265.776	246.503	254.146	183.829
277.226	245.231	247.051	186.382
300.326	241.120	214.743	193.675
319.280	246.169	175.728	191.844
341.661	237.403	152.557	203.208
362.275	225.988	171.847	219.306
336.018	224.162	213.811	218.946
317.578	225.329	245.781	221.087
306.380	217.356	262.363	223.930
299.680	216.195	263.573	215.536
300.667	210.508	245.588	217.712
300.681	205.444	227.036	214.012
306.403	202.636	214.459	212.158
307.020	202.873	207.963	209.522
313.312	192.978	197.102	222.115
312.322	193.678	197.480	219.132
311.752	199.078	204.556	224.129
308.466	202.888	211.485	227.014
310.108	201.892	211.996	238.525
312.098	203.655	221.317	241.864
318.788	203.197	246.360	247.255
315.147	205.860	253.800	231.212
313.903	207.058	267.696	225.475
319.930	199.746	255.920	222.959
327.405	196.392	245.229	221.329
336.776	197.369	229.052	219.995
376.538	197.617	167.521	220.968
387.253	196.882	138.757	228.015
399.344	204.812	129.749	227.883
407.482	210.608	125.481	240.500
384.554	211.281	161.874	239.478
371.582	212.460	188.202	235.503
367.078	219.422	198.804	223.127
341.768	225.443	239.740	217.617
321.945	219.758	256.765	227.893
312.255	216.423	275.506	232.514
302.470	221.512	280.943	217.225
297.502	225.748	282.097	209.847
291.583	225.047	288.689	212.297
286.894	226.139	285.455	221.600
281.129	221.741	283.950	232.007
264.121	219.455	283.967	219.903
258.314	215.107	286.274	216.595
255.273	211.378	284.523	219.403
253.213	214.490	276.706	230.468
243.996	215.788	263.595	244.126
235.814	217.645	266.196	243.795
240.975	220.369	250.734	244.870
242.210	218.336	234.705	253.374
241.486	215.112	217.011	262.988
237.407	216.055	206.432	270.986
234.460	215.428	201.839	281.187
231.742	221.699	195.091	274.475
228.817	222.728	187.383	266.774
210.686	224.671	203.522	243.491
200.449	216.202	214.846	228.152
197.418	207.250	220.620	214.569
193.247	209.625	231.795	196.370
201.682	218.392	224.775	187.835
208.972	224.978	215.962	188.184
223.830	226.736	209.701	213.526
251.450	224.019	193.331	225.689
271.833	230.800	192.113	232.000
275.540	228.451	207.953	269.727
270.601	224.921	210.712	288.221
269.240	221.726	221.080	292.332
263.790	214.229	282.922	270.575
261.085	210.000	339.005	271.774
267.706	209.111	336.485	266.567
283.180	207.032	331.978	264.410
308.525	202.441	307.297	274.160
334.982	208.395	278.846	274.189
369.454	208.766	243.809	279.811
415.333	214.826	200.015	275.741
462.434	229.797	160.817	267.108
498.695	234.942	147.863	249.535
507.801	226.637	159.576	254.362
217.996	576.000	261.942	0.000
500.276	221.136	226.890	242.299
722.476	563.056	237.524	12.944
486.718	205.205	275.851	252.400
484.933	229.745	206.247	190.382
469.286	206.659	291.675	229.773
439.190	196.978	334.208	248.382
423.987	189.451	343.138	241.720
407.322	183.285	346.635	237.488
389.981	177.738	352.634	243.175
370.217	179.356	361.628	237.895
353.968	180.931	366.694	237.777
349.293	182.527	357.488	245.338
339.717	190.130	346.053	257.414
343.645	192.889	316.615	271.884
350.729	195.968	273.812	279.091
379.913	194.227	195.683	296.828
382.587	197.168	161.012	298.698
332.866	203.016	195.830	300.380
281.528	201.998	264.037	302.145
272.156	194.058	284.629	315.554
294.888	189.563	256.535	325.024
278.282	186.569	296.074	325.746
262.111	181.920	326.667	322.403
277.987	180.203	276.701	325.871
290.544	179.545	215.377	331.098
302.167	184.053	168.189	328.142
288.494	188.502	191.372	319.269
237.333	187.114	279.345	313.967
198.172	186.373	334.172	318.208
172.996	187.313	364.119	319.688
161.466	185.966	387.212	319.945
161.533	181.754	393.157	326.193
168.693	174.245	373.144	334.497
177.806	174.297	330.362	336.708
199.370	170.346	279.987	343.579
222.149	177.015	231.682	335.138
240.015	181.006	185.863	331.792
246.002	182.889	162.163	328.373
248.436	189.113	151.490	322.217
245.082	193.773	153.230	317.151
244.807	194.928	154.267	313.113
244.851	196.089	160.353	310.357
242.594	196.954	173.214	310.165
238.406	200.884	182.180	309.080
233.873	197.479	203.392	316.409
215.570	198.623	249.605	318.425
195.816	197.041	310.087	328.299
180.732	196.211	367.122	338.515
172.901	200.285	421.789	335.044
179.415	198.746	426.733	344.485
192.670	195.490	440.296	360.704
213.564	191.628	423.407	374.270
289.989	193.986	336.293	371.545
333.556	200.633	279.135	364.717
369.155	197.776	253.863	362.211
435.656	197.366	222.362	362.041
444.722	199.852	273.674	352.182
423.107	190.686	347.077	359.153
391.490	186.976	407.869	366.233
358.047	191.641	449.830	367.008
344.218	192.317	458.415	370.222
339.361	190.788	451.770	374.694
343.968	187.780	421.344	380.145
361.068	182.888	372.299	387.033
393.232	179.730	285.150	390.410
409.888	576.000	258.832	0.000
453.485	190.641	183.240	378.905
455.419	202.761	168.611	366.671
455.181	205.183	161.301	361.185
450.420	207.587	171.142	360.281
445.123	207.079	180.118	357.402
449.513	208.308	180.610	354.990
455.793	207.943	175.500	348.015
465.921	216.127	170.098	344.881
468.864	214.189	174.506	347.593
467.049	221.814	186.347	343.758
472.690	230.623	191.906	335.458
470.592	228.063	198.860	339.898
444.181	240.042	232.936	319.709
422.218	236.560	258.109	320.574
410.122	231.079	272.978	321.912
395.040	229.293	296.377	311.411
395.895	224.245	303.200	307.607
396.733	223.302	309.030	299.262
365.359	228.512	343.949	302.466
367.762	221.295	316.569	315.542
379.287	223.871	286.449	316.472
403.557	218.976	236.116	323.818
703.806	576.000	250.524	0.000
425.860	239.433	178.116	303.615
426.902	257.532	173.285	281.430
111.860	1.530	137.300	235.101
408.807	267.184	187.369	268.437
391.201	262.756	184.360	258.395
377.829	262.445	180.765	248.042
350.759	262.240	186.705	232.179
357.819	261.856	161.879	225.133
337.006	277.727	175.854	204.388
234.198	191.714	272.118	288.854
265.503	227.500	211.072	234.454
129.005	191.918	260.708	350.651
271.707	184.882	179.684	338.176
110.540	138.620	260.487	412.036
0.000	0.000	477.385	562.524
62.223	226.532	255.799	225.556
115.544	37.181	187.521	174.343
29.326	216.352	294.728	266.976
31.000	240.388	269.789	221.589
34.288	238.445	270.911	208.795
30.115	241.898	252.242	209.263
25.217	244.694	208.924	202.969
171.261	51.273	184.520	184.880
27.732	248.611	163.699	198.931
36.730	246.354	155.613	205.146
50.378	239.549	163.853	210.264
82.639	496.258	193.338	79.742
64.000	238.675	206.936	215.831
72.563	235.822	273.959	212.599
97.289	233.584	317.535	194.174
122.370	226.488	324.995	208.947
184.347	0.000	291.466	1.486
312.390	5.189	159.534	142.385
192.376	223.988	271.826	231.029
248.317	220.055	328.169	254.764
283.704	202.995	301.798	278.169
299.210	195.558	289.813	280.563
298.910	194.913	295.263	275.353
311.273	194.049	287.259	276.760
319.159	189.918	284.422	273.375
326.045	189.495	281.013	269.595
325.337	194.595	288.881	263.811
327.498	197.039	286.895	263.570
321.474	198.803	293.112	260.578
311.211	201.453	303.169	258.050
300.087	205.339	308.347	252.817
286.498	204.552	315.105	257.889
271.336	204.876	322.241	257.730
261.451	202.834	313.315	263.749
251.253	209.146	312.205	248.782
243.142	213.700	311.951	245.896
242.788	215.380	301.546	248.538
239.952	222.075	300.032	247.105
239.089	222.945	301.309	249.371
242.065	233.752	300.234	240.711
247.298	235.102	298.296	232.793
256.091	231.141	288.513	242.126
270.887	227.795	269.565	241.717
304.601	227.160	225.930	232.570
346.281	229.369	176.033	213.182
347.114	232.532	184.319	210.199
346.633	232.958	190.929	194.209
350.014	235.995	253.271	199.229
351.103	0.000	275.384	66.805
349.969	229.097	291.941	212.590
410.137	238.051	214.583	178.135
172.720	46.723	163.326	187.642
391.626	237.702	224.280	168.578
407.484	240.948	200.527	160.282
369.155	257.542	226.141	137.113
345.137	260.045	233.128	128.624
333.900	234.714	227.090	156.425
332.440	213.349	190.087	169.945
326.965	212.098	187.347	179.116
173.677	126.696	254.477	320.844
169.971	223.907	215.033	164.279
146.098	235.744	214.624	147.104
118.487	262.287	272.180	269.115
123.936	232.141	231.531	158.615
120.817	239.252	241.808	152.745
136.053	227.359	215.683	168.133
85.798	206.113	224.246	181.352
85.653	206.125	201.956	176.852
86.977	207.420	206.636	176.285
94.889	207.046	204.323	174.518
144.445	190.855	173.697	188.876
156.737	200.505	163.130	182.282
187.678	202.971	158.887	179.751
205.052	217.794	168.350	173.097
260.424	217.320	165.897	193.893
279.143	224.170	165.226	208.447
288.564	225.024	161.478	199.542
296.353	219.614	159.205	209.191
296.650	219.399	179.594	211.416
304.378	210.339	204.869	214.482
339.861	203.345	211.953	224.805
362.502	196.119	198.207	243.195
370.576	192.660	195.915	248.295
380.121	187.453	190.470	228.148
407.180	186.004	173.313	190.213
121.356	190.840	93.346	209.394
402.226	192.142	209.689	196.385
400.654	185.964	214.865	205.183
396.632	183.194	223.607	200.815
370.532	191.450	240.989	187.621
362.962	197.104	245.166	189.296
343.751	200.619	241.286	191.825
334.313	209.347	235.949	191.122
326.089	222.978	234.654	185.244
311.652	231.950	180.379	171.725
305.929	240.936	164.790	180.358
298.256	240.578	162.212	188.953
9.921	56.535	143.176	193.777
285.697	246.551	123.944	182.035
322.982	0.000	235.756	285.039
247.801	257.056	115.135	170.351
225.984	256.451	123.450	166.803
214.745	258.546	138.471	166.849
209.500	255.279	151.089	173.698
208.074	252.383	174.772	151.617
208.456	252.183	198.650	153.422
279.005	81.731	154.804	181.386
208.986	253.024	213.346	127.225
240.957	249.074	181.618	128.904
270.472	252.645	162.513	120.962
296.023	251.681	141.927	117.202
298.536	251.404	145.222	117.246
315.517	248.175	134.772	121.606
334.834	244.957	128.293	128.749
351.031	238.066	152.290	148.917
407.250	240.066	139.789	160.509
421.882	239.416	132.154	156.201
435.840	245.612	137.203	149.306
435.261	248.949	143.932	145.470
441.763	253.565	141.215	144.857
446.179	253.936	146.195	137.802
443.059	255.304	153.255	134.797
448.125	257.561	149.690	127.242
450.192	258.595	147.608	122.486
454.463	260.037	143.824	119.270
459.515	258.244	136.511	124.400
463.108	257.930	125.670	124.578
460.641	258.987	126.562	125.676
440.794	264.192	126.375	123.556
386.045	255.191	122.562	136.345
185.806	65.620	89.133	87.206
147.679	71.163	98.165	116.821
345.407	246.730	94.005	144.917
335.758	244.739	100.007	136.941
325.087	244.257	115.896	131.150
134.621	80.260	100.500	119.025
293.673	226.422	162.733	155.977
282.130	218.733	177.849	165.660
279.851	218.571	193.860	166.419
280.078	219.268	205.105	166.363
308.635	226.232	215.987	159.400
332.574	232.629	202.675	153.035
360.290	236.225	172.456	155.453
372.314	239.833	166.224	152.564
392.851	240.559	181.224	143.160
422.394	237.721	161.026	152.791
430.269	230.187	167.216	147.606
443.959	236.125	175.623	134.066
448.075	238.123	169.156	127.758
447.488	238.851	170.780	122.186
421.502	239.506	191.464	113.127
412.645	239.308	200.241	123.321
392.316	241.833	219.268	120.700
379.265	245.556	225.462	122.093
373.847	246.162	223.210	135.543
352.313	250.211	238.307	136.687
347.483	250.733	213.595	143.030
340.902	252.248	205.441	145.256
339.858	257.403	185.417	143.940
338.712	255.673	153.329	145.124
340.491	256.855	126.029	138.396
349.710	254.496	115.771	138.712
147.989	244.163	97.718	154.835
362.510	256.796	96.696	130.012
366.146	258.777	98.328	124.926
383.899	255.786	106.789	124.092
385.558	257.621	117.512	120.531
204.732	235.033	71.012	147.519
407.520	256.267	111.063	121.025
423.643	255.771	120.091	125.743
479.017	71.707	127.156	107.019
401.121	120.363	124.890	135.333
422.345	255.209	126.285	99.598
424.489	259.137	115.108	87.569
415.603	170.573	120.667	139.873
393.284	123.655	216.704	223.348
335.558	0.000	291.923	398.565
208.074	61.020	510.716	483.413
251.579	0.000	586.495	576.000
390.044	57.892	220.941	238.735
328.193	8.040	320.311	378.676
230.546	0.000	431.193	571.691
512.400	576.000	408.006	0.000
383.118	9.493	270.392	489.598
358.075	0.000	284.479	382.397
169.475	163.662	598.607	412.338
392.208	179.329	314.405	396.671
182.117	305.569	613.695	270.431
349.574	7.124	433.511	518.444
434.827	217.224	152.661	244.144
435.397	246.659	139.845	207.802
404.679	235.459	199.318	243.480
386.934	240.133	175.971	123.867
169.104	39.299	79.184	135.004
188.396	236.247	99.715	140.265
185.344	237.317	92.985	142.616
176.844	343.135	48.812	157.811
363.152	246.816	144.062	119.023
361.600	246.528	146.692	122.176
164.293	234.954	82.651	154.322
363.095	244.667	154.009	124.637
366.074	245.521	157.552	123.408
163.108	55.967	81.736	130.611
368.147	246.218	143.886	122.795
169.491	121.546	91.803	132.616
171.893	242.281	112.740	140.132
373.987	247.121	145.097	123.333
175.404	242.529	103.413	141.005
179.964	249.520	111.145	135.958
180.542	123.925	87.303	138.936
180.999	48.558	75.887	108.683
188.286	250.492	118.602	135.337
189.646	48.940	81.309	110.253
400.619	256.384	147.608	122.212
406.325	255.253	143.002	122.844
409.643	255.596	132.657	117.171
224.575	86.491	81.972	121.262
229.062	251.792	79.975	126.398
227.618	256.592	89.644	121.727
409.221	254.373	134.108	118.341
221.687	287.520	66.579	160.096
405.353	250.527	142.675	122.206
404.816	247.946	145.557	123.082
206.399	245.718	86.526	134.001
204.615	236.276	90.126	143.092
407.010	245.529	143.412	126.407
407.875	244.888	143.013	127.781
205.040	224.479	74.705	159.209
408.926	242.580	141.626	130.799
409.197	241.292	139.678	132.435
204.161	217.658	58.705	164.957
203.573	117.831	63.011	147.954
202.268	176.674	61.233	157.756
410.163	241.476	137.679	132.825
410.383	242.142	137.058	131.338
207.216	121.623	63.454	142.798
206.535	249.344	105.006	138.920
205.089	242.296	89.291	145.278
198.726	243.328	101.192	147.355
195.671	239.580	87.872	151.147
185.007	122.542	88.437	149.325
380.708	257.299	160.494	128.803
165.874	240.230	89.241	155.646
160.251	60.225	77.503	134.490
156.823	120.184	84.203	150.510
158.151	66.512	88.345	133.360
148.679	114.506	80.466	152.708
155.390	111.276	65.991	157.668
157.609	239.651	101.525	149.629
167.157	184.494	76.915	164.713
178.183	257.905	94.622	138.760
187.205	260.814	91.686	131.450
197.803	253.150	88.508	132.045
203.885	107.037	102.405	93.472
205.365	104.957	93.101	96.761
205.885	264.697	92.325	123.318
396.738	256.208	103.350	124.121
396.686	27.663	143.000	211.330
403.731	259.302	85.793	123.264
402.078	245.772	139.120	191.998
399.294	242.959	147.058	157.896
410.839	141.157	130.128	144.277
404.461	103.233	125.406	154.786
397.924	256.047	138.351	124.111
204.363	55.956	108.631	113.176
259.436	75.268	131.796	105.494
86.493	145.432	75.151	151.896
77.409	167.213	153.328	146.786
113.172	160.606	196.250	172.183
363.047	74.694	150.647	160.087
377.407	236.832	133.245	158.633
387.191	245.982	124.051	142.698
391.187	248.136	120.024	143.076
389.688	259.987	120.477	140.822
188.392	258.959	51.831	142.777
43.123	250.254	112.061	141.207
12.233	218.367	125.854	198.607
37.572	198.236	164.897	193.279
86.938	162.585	207.757	196.360
340.034	18.000	261.248	319.256
337.805	47.599	192.709	255.442
346.217	112.443	143.687	155.457
117.270	117.118	116.510	166.901
159.809	175.934	180.741	133.579
71.424	84.534	193.327	159.347
161.417	154.837	217.898	128.479
291.953	126.221	184.987	162.401
340.605	64.867	221.657	280.533
243.396	107.407	402.423	418.250
271.251	79.417	478.860	496.583
271.219	50.074	366.759	389.367
358.342	65.912	228.312	413.589
336.942	41.911	346.692	489.501
363.339	42.333	214.447	369.994
316.559	141.734	296.039	348.692
216.430	40.057	496.170	515.462
58.005	14.689	679.636	561.311
314.907	87.450	379.421	488.550
70.357	226.752	87.150	220.705
363.189	262.944	188.767	217.956
348.794	147.400	286.099	372.254
375.437	63.364	159.873	204.652
269.090	239.741	56.424	154.047
427.720	265.210	112.594	113.491
429.917	266.765	115.443	113.392
416.773	266.158	119.617	106.820
250.286	255.220	40.398	142.598
369.100	157.238	153.785	187.155
362.962	41.834	169.613	309.126
271.582	16.766	323.967	375.102
345.450	32.318	184.695	325.842
342.058	121.922	181.973	194.286
54.990	233.619	90.478	205.231
350.746	156.233	130.201	148.435
135.157	278.605	64.769	171.387
22.973	308.865	146.339	170.477
229.003	263.876	165.120	131.048
6.131	117.933	117.854	159.988
39.721	197.452	157.392	137.004
24.583	257.212	143.897	145.934
296.475	278.158	89.996	98.474
151.877	152.297	78.234	102.169
124.819	139.312	81.688	109.232
108.017	125.649	79.546	117.307
97.444	157.688	81.211	140.968
92.019	154.190	85.746	139.872
93.012	134.840	83.924	148.692
269.668	283.551	126.759	109.019
113.658	134.024	100.377	113.000
285.433	278.826	126.034	110.996
118.777	140.000	98.535	95.944
333.152	271.108	108.592	114.017
346.869	268.033	97.832	114.456
180.321	266.865	36.960	140.034
351.876	268.349	101.551	113.279
356.492	269.537	109.026	107.237
359.570	271.906	135.550	108.293
306.446	143.997	135.329	134.490
378.632	262.679	129.336	122.716
381.816	272.926	129.119	112.258
652.194	366.208	35.755	118.619
386.770	275.065	128.709	112.518
389.481	275.377	127.526	111.355
335.347	139.256	106.800	110.263
399.467	272.772	121.780	114.300
324.126	135.573	116.190	132.807
416.717	272.573	109.630	112.005
248.266	146.904	56.253	122.975
423.274	273.192	105.539	109.237
421.562	273.813	106.754	107.906
421.636	275.338	106.775	107.072
421.397	277.143	107.860	105.539
421.397	277.547	108.809	110.937
422.021	279.077	113.459	111.363
419.300	279.970	120.495	111.172
419.120	279.862	126.427	112.662
419.633	283.054	132.660	112.032
426.148	282.584	130.276	112.977
428.541	282.169	125.942	110.729
431.525	285.572	123.149	105.217
433.609	286.237	120.982	110.133
436.273	288.668	117.295	107.915
433.816	287.343	119.916	101.714
436.115	286.850	119.165	106.988
434.837	288.864	121.276	104.342
433.097	291.799	126.683	98.744
436.589	295.330	132.584	89.611
436.723	295.687	133.115	90.984
444.412	295.577	134.057	89.789
445.761	295.032	133.552	89.607
457.538	292.049	131.697	108.778
454.875	286.309	140.781	116.264
461.077	284.216	139.535	119.280
466.115	286.546	144.407	118.306
465.541	285.725	149.175	116.551
472.289	285.465	147.286	117.191
473.383	283.876	146.351	118.050
477.534	283.288	141.326	119.767
480.542	280.527	136.233	122.553
481.881	279.338	135.470	121.800
482.921	278.142	135.267	122.268
484.020	277.988	135.250	122.308
484.819	278.089	135.532	122.362
484.827	278.308	136.225	121.188
485.548	277.648	134.909	123.304
484.649	276.245	134.706	123.970
484.828	274.707	135.511	118.799
485.066	271.710	130.593	117.906
484.023	269.547	129.705	115.302
484.230	263.050	124.194	116.839
486.954	257.521	122.625	116.785
479.080	252.418	129.849	112.512
471.375	247.633	134.316	112.221
468.131	247.451	132.104	114.631
467.668	254.251	124.395	107.851
461.303	250.702	120.774	110.472
461.540	255.220	110.412	104.696
455.942	254.295	94.278	108.078
446.685	255.981	88.186	107.092
425.518	261.551	91.363	96.868
416.845	266.928	98.490	89.590
400.101	268.598	103.461	86.196
359.477	269.327	131.993	90.973
336.944	269.936	143.664	96.083
333.102	269.123	135.388	105.312
332.470	269.250	129.958	110.094
341.316	266.343	117.297	106.638
347.564	265.099	108.033	103.679
350.060	265.842	104.959	102.135
345.734	267.120	111.895	98.854
342.944	267.666	118.830	99.027
341.403	267.249	123.705	102.796
341.394	264.222	121.915	107.531
345.742	262.960	119.968	112.203
351.075	261.594	122.878	112.556
364.433	257.042	114.457	117.111
377.882	253.477	110.024	111.779
401.091	243.643	86.435	119.429
411.676	243.382	71.525	116.628
421.978	233.439	66.738	113.643
421.168	226.084	64.964	114.042
424.877	213.155	71.659	119.501
421.800	195.876	91.404	133.438
429.098	186.917	95.821	124.512
430.966	179.101	112.854	120.550
438.504	173.654	110.489	119.147
440.556	173.190	111.602	116.419
436.681	187.295	122.206	101.373
432.596	186.079	115.339	92.529
436.570	209.341	112.985	77.089
435.774	215.529	101.438	70.866
426.728	143.629	131.829	138.228
438.918	230.409	113.495	82.247
441.414	237.159	101.441	80.340
437.829	241.529	81.227	83.350
433.988	251.545	72.049	91.113
408.472	151.350	97.947	114.528
427.054	261.513	84.218	114.031
417.071	264.906	87.079	113.380
409.530	265.436	93.868	110.859
394.622	268.694	105.942	108.330
365.902	268.311	131.546	110.079
344.484	260.747	152.680	120.291
343.501	261.061	146.997	118.661
341.436	258.710	140.289	115.902
342.235	259.749	127.417	115.206
344.188	263.661	89.259	108.266
347.278	262.030	74.934	107.373
344.800	262.886	69.109	105.909
342.382	260.040	65.399	107.959
338.805	261.642	67.465	104.764
337.198	260.275	68.598	105.084
333.758	264.278	69.743	103.280
333.481	267.558	69.116	101.305
334.296	268.468	67.688	102.489
335.019	272.763	73.772	103.120
328.029	275.747	95.731	103.717
318.058	277.593	114.477	105.064
307.193	278.120	128.174	110.723
305.849	278.318	128.350	110.768
305.126	278.668	129.326	109.698
305.085	280.738	129.604	107.556
306.390	282.348	130.246	102.320
309.030	283.917	126.959	99.580
310.412	285.379	126.375	97.001
315.122	283.421	122.941	98.995
321.907	283.033	120.459	99.521
333.217	279.623	116.080	101.590
352.563	277.332	116.503	100.094
374.496	273.314	99.531	101.688
403.527	269.166	85.716	96.750
410.375	277.698	79.463	88.936
414.506	281.309	84.780	87.480
431.727	277.273	109.405	84.984
285.980	175.363	66.042	93.948
460.416	272.448	125.613	91.665
480.468	273.195	112.060	93.582
330.189	285.725	39.517	92.968
514.922	406.587	96.686	109.544
374.733	262.063	49.957	104.609
532.944	268.077	73.474	98.723
496.512	434.764	80.427	54.172
534.665	266.612	76.277	94.076
533.140	265.564	80.602	89.166
529.056	264.224	87.557	87.661
528.368	264.051	89.792	83.083
529.682	264.649	85.263	79.819
526.594	264.809	91.863	81.274
520.596	263.457	99.001	81.996
515.887	261.112	98.893	85.956
504.129	259.749	102.458	87.512
489.673	262.006	100.626	86.040
470.647	257.482	97.359	92.602
327.440	259.886	58.184	83.195
428.317	249.277	115.548	99.680
403.877	247.402	123.452	99.132
386.008	233.526	125.917	97.080
366.239	228.237	127.128	102.258
357.403	222.721	118.001	104.705
343.947	219.715	112.745	99.513
335.754	216.818	112.057	99.627
325.906	216.283	111.741	99.859
314.893	217.257	114.983	98.790
310.030	219.954	115.264	99.715
303.879	222.484	116.825	106.308
301.993	224.277	115.402	112.386
303.085	233.448	110.130	108.498
310.421	244.238	103.229	98.730
316.438	254.983	100.249	92.101
323.404	258.893	106.928	95.424
332.615	259.197	115.255	100.174
343.281	261.952	112.652	104.214
373.694	270.908	118.376	96.060
392.383	270.884	118.620	103.536
414.863	274.635	111.951	101.296
427.322	275.153	125.423	105.867
436.034	274.941	129.072	107.257
462.523	500.801	126.469	71.642
484.231	277.485	135.118	97.875
413.903	410.432	72.068	82.065
523.937	273.578	109.925	89.170
525.434	278.542	123.533	68.939
544.588	278.221	121.069	60.111
552.926	272.939	120.283	55.110
437.967	267.411	50.234	67.772
552.016	426.244	143.219	61.090
550.091	269.696	132.138	58.893
541.348	274.643	127.144	65.960
538.615	273.092	105.932	78.721
544.507	274.893	97.984	85.526
539.239	273.287	90.205	90.944
536.344	271.302	76.497	96.014
536.284	273.214	61.660	102.293
536.417	274.079	54.184	114.485
534.017	269.680	56.767	118.040
523.949	272.527	73.931	119.326
514.337	278.980	92.130	115.735
508.681	278.492	104.099	109.658
502.663	277.586	111.069	107.833
491.727	274.515	116.125	104.918
328.685	298.702	116.227	59.196
482.765	267.514	104.002	97.130
455.552	261.452	105.121	91.582
443.388	261.516	84.017	85.073
435.184	256.719	79.283	84.211
309.030	143.351	49.798	74.579
415.099	251.576	78.869	86.216
394.290	252.707	72.306	84.759
381.210	257.827	72.146	80.761
367.844	262.594	78.003	77.900
354.433	267.236	83.379	80.721
345.019	272.035	84.642	84.486
340.572	277.769	85.758	83.333
337.314	280.518	86.782	85.723
337.429	283.931	87.848	86.492
342.499	285.957	79.463	88.394
349.657	286.254	71.872	87.007
362.257	285.384	67.128	86.548
377.926	280.425	61.313	85.006
386.991	278.039	61.763	79.123
394.044	274.676	55.827	78.320
399.070	270.031	56.854	79.491
401.764	259.608	54.782	76.215
402.512	258.237	62.974	66.655
404.958	262.929	76.695	62.279
405.835	256.722	65.388	64.412
404.700	265.872	68.583	59.335
401.974	272.611	63.441	64.810
400.004	278.634	52.445	70.209
400.183	276.126	49.908	79.968
396.757	283.971	57.285	75.255
394.132	285.615	57.834	78.451
385.221	289.753	57.745	87.658
376.019	291.067	66.262	90.976
366.670	286.855	86.399	99.076
365.396	284.093	102.952	88.477
370.527	279.361	118.634	77.957
388.175	271.990	125.792	52.320
395.980	258.676	142.633	59.650
427.186	248.033	124.049	55.194
463.110	240.365	104.284	56.415
353.996	299.439	41.815	67.177
506.453	233.084	99.087	66.685
523.645	235.108	106.385	69.269
538.268	243.678	104.762	69.775
546.493	243.674	100.722	78.131
548.372	247.858	102.859	84.537
550.495	254.443	98.198	88.916
550.476	255.223	94.588	93.324
547.763	256.249	89.860	92.979
545.344	258.450	88.704	90.204
544.121	259.183	89.991	89.465
543.363	255.531	87.683	88.465
542.392	253.969	87.434	82.804
539.644	253.274	84.639	76.509
538.728	250.115	82.120	76.316
538.542	250.807	77.398	75.362
535.776	251.248	78.151	74.837
528.248	252.546	84.267	73.538
520.403	253.048	92.984	74.026
512.925	254.035	99.351	72.255
505.652	256.475	104.638	70.046
485.426	258.870	122.533	62.208
467.277	259.677	121.464	60.713
435.992	263.589	108.697	55.387
400.365	263.901	120.652	52.645
375.603	267.822	120.623	50.438
362.373	268.132	118.333	52.093
326.280	271.693	111.672	55.529
307.956	271.919	108.479	55.493
291.506	275.122	111.092	55.335
285.824	277.572	113.429	54.939
288.286	279.375	107.703	59.915
295.116	284.477	102.745	60.126
308.267	285.450	98.249	62.367
316.841	286.897	104.324	64.339
329.272	287.037	113.041	62.835
354.240	277.763	97.348	72.261
385.958	272.591	86.205	75.981
407.270	263.099	70.979	79.550
416.295	261.510	67.562	69.919
419.709	263.379	64.609	65.714
421.817	260.583	67.923	57.875
330.188	163.057	31.928	36.486
422.434	264.303	66.855	61.036
418.329	260.634	71.524	61.300
403.786	264.385	55.540	62.269
389.787	262.319	66.113	65.503
372.889	260.118	79.442	69.958
354.291	258.931	89.192	70.593
339.186	250.333	109.869	80.650
323.745	238.591	95.194	88.464
323.619	215.180	107.440	94.034
342.938	192.154	104.389	65.373
344.342	173.341	157.948	138.438
353.549	148.711	120.446	81.109
371.853	119.796	135.104	93.517
334.190	306.160	133.943	87.434
444.510	113.712	167.090	209.387
328.535	299.308	137.936	80.394
314.665	301.404	140.255	71.472
324.063	302.391	146.447	56.126
312.482	302.835	144.076	57.694
336.555	301.939	138.255	53.395
328.595	295.301	130.170	56.299
330.550	298.308	131.350	66.811
452.022	146.753	160.279	214.421
422.987	109.101	192.589	328.497
523.215	146.824	98.449	98.515
374.972	306.831	39.395	88.659
364.614	306.627	59.320	45.476
482.179	93.094	120.329	84.490
350.266	298.058	79.726	41.845
434.878	0.000	140.829	0.000
433.725	0.000	136.591	0.000
383.905	65.606	159.174	173.028
341.539	29.372	234.071	316.308
348.736	77.422	252.559	389.478
347.190	73.350	272.011	418.666
330.421	92.460	196.870	330.975
281.055	124.907	111.392	96.968
289.100	141.667	87.889	103.688
301.385	148.438	88.067	126.768
322.941	210.614	111.745	95.341
516.673	148.256	70.194	124.816
332.247	252.901	146.050	96.368
369.985	244.595	90.996	98.823
387.461	245.442	95.280	87.253
392.836	230.921	82.907	86.032
384.186	212.368	93.253	81.681
378.856	193.808	107.533	80.233
366.238	174.863	112.656	91.977
344.272	160.889	98.352	93.145
340.422	125.172	104.838	89.119
341.387	95.500	100.164	91.484
355.089	0.000	112.940	0.000
197.243	74.972	92.888	94.506
440.568	292.352	89.831	27.676
437.843	276.844	87.803	96.960
497.694	141.535	114.112	84.833
489.560	50.410	101.652	90.950
509.319	73.598	100.798	93.205
499.572	92.655	131.848	125.175
514.985	116.144	117.185	104.388
512.837	126.976	108.610	104.595
498.757	165.135	125.742	94.088
473.795	164.136	146.416	99.966
448.215	149.724	132.313	118.588
435.504	146.070	178.310	148.717
424.260	155.082	99.832	106.951
409.989	139.272	98.177	106.233
405.261	125.052	97.696	98.522
326.821	304.527	125.965	67.330
334.924	299.434	129.696	47.270
357.541	78.227	134.638	105.945
303.885	230.279	30.872	65.409
348.386	0.000	126.567	0.000
329.654	45.054	106.082	75.583
326.529	39.988	96.063	85.119
316.245	0.000	113.118	0.000
310.382	0.000	103.414	0.000
309.686	60.690	93.789	82.120
306.064	75.614	96.704	75.072
303.442	100.929	101.433	65.273
306.746	119.762	101.764	64.497
327.036	128.397	92.639	71.262
360.056	138.329	89.041	83.718
322.154	305.586	137.826	48.674
318.920	303.152	131.854	74.403
323.920	307.821	132.874	56.492
427.031	136.804	83.440	69.356
437.942	123.461	76.568	68.260
444.726	113.381	63.931	70.223
442.939	98.891	67.949	73.992
438.716	153.518	109.641	178.536
455.407	158.583	56.531	89.254
476.582	210.218	86.310	27.362
440.160	108.907	90.195	115.940
320.295	304.845	131.998	67.620
411.393	49.401	135.146	218.927
320.670	284.891	132.475	82.644
324.163	302.140	128.286	69.362
324.310	303.866	135.110	97.550
314.192	287.754	137.197	91.047
411.715	431.235	132.607	118.678
431.680	403.709	113.451	80.455
320.490	300.398	137.908	53.327
439.457	165.765	115.665	115.810
333.976	293.970	26.592	100.562
441.109	188.852	93.009	103.598
449.980	199.014	83.554	113.228
465.893	208.135	78.298	107.080
477.922	219.662	78.217	96.636
484.366	224.166	86.778	87.968
352.787	298.830	43.305	76.324
488.248	225.850	102.481	96.719
491.609	230.369	104.285	96.930
492.034	232.211	108.117	98.690
490.186	234.145	112.557	97.053
489.127	235.380	113.534	95.540
488.091	236.347	110.427	94.282
486.300	236.116	100.896	91.688
341.103	148.618	43.304	106.427
477.479	238.889	86.010	87.801
471.173	235.284	80.962	91.635
462.363	228.137	77.114	92.962
452.872	213.611	83.874	98.087
443.260	193.360	91.100	97.429
436.929	170.496	92.553	96.246
433.356	150.406	96.255	96.475
429.745	132.505	102.966	93.285
389.488	163.740	140.415	194.179
378.389	89.319	187.067	355.688
382.785	129.931	157.627	192.136
374.828	12.230	182.466	361.580
360.470	74.891	243.108	377.701
362.302	31.620	231.785	434.458
300.454	76.879	234.063	315.309
384.280	75.514	133.410	239.059
345.296	312.539	365.872	207.880
350.341	120.511	340.475	455.489
310.914	67.307	408.335	508.693
363.912	86.932	223.273	386.550
361.545	66.555	248.373	401.904
397.069	84.254	109.617	137.690
320.794	301.242	116.337	101.554
400.964	170.670	114.519	262.484
405.651	120.893	116.317	167.633
421.201	110.289	81.947	140.976
423.756	136.069	74.007	124.580
291.200	33.866	108.548	106.673
428.049	193.057	75.381	99.206
434.339	205.940	69.759	103.242
443.636	216.541	62.744	105.014
448.416	223.543	62.490	106.283
448.676	226.971	63.469	102.767
448.247	219.040	64.755	109.802
445.368	208.919	66.585	114.550
443.472	190.061	70.379	117.554
438.469	175.608	72.988	103.376
408.803	150.362	120.485	128.743
428.438	90.857	73.221	136.307
313.005	302.360	132.700	63.362
426.462	107.015	90.987	228.712
326.836	303.403	136.740	70.633
412.886	68.853	110.703	211.399
407.896	0.000	160.611	359.415
429.097	0.000	73.891	0.000
427.724	0.000	75.384	0.000
432.945	7.827	68.447	91.039
435.187	8.736	66.345	92.626
438.901	13.220	61.688	91.337
441.415	16.183	58.644	91.563
447.624	22.583	53.063	84.775
450.499	31.746	52.295	87.263
451.592	45.442	54.399	99.385
324.868	61.917	38.712	96.004
301.520	98.088	89.499	82.658
319.433	293.070	89.266	18.772
431.391	162.202	82.567	91.962
434.670	181.375	98.164	136.318
457.635	126.949	61.473	113.169
460.887	152.769	55.127	101.726
461.734	166.114	53.669	105.209
460.030	171.157	53.401	120.518
458.671	186.228	56.602	117.322
460.105	196.867	53.539	116.657
460.325	209.895	54.733	106.917
463.492	215.951	51.771	101.983
464.466	220.975	51.515	95.609
461.735	217.326	52.240	97.766
457.876	209.523	54.882	103.510
449.519	186.767	59.310	122.841
450.522	165.373	55.736	132.567
441.775	147.008	60.034	130.069
439.415	137.863	60.411	102.946
438.083	109.239	60.610	118.414
430.652	49.765	61.213	145.991
420.310	126.955	118.864	233.070
349.011	24.632	217.521	325.479
371.825	21.750	155.733	167.023
331.405	64.335	230.191	304.668
651.228	0.000	223.329	0.000
653.885	0.000	225.631	0.000
173.332	0.000	185.667	0.000
308.891	300.996	143.059	90.907
355.803	54.217	71.496	80.987
359.805	48.094	53.124	85.165
359.505	55.345	48.940	83.674
310.062	309.982	135.433	53.056
445.067	3.293	52.171	70.026
446.304	8.011	52.154	85.720
450.740	21.199	50.053	95.026
549.725	166.547	70.366	48.257
444.505	115.018	92.334	121.594
445.535	122.905	71.604	93.052
315.435	139.636	26.012	99.877
451.210	164.687	60.599	79.520
460.487	140.497	56.169	103.524
460.526	156.639	57.799	105.525
463.859	157.204	55.936	105.847
466.133	168.454	55.371	106.292
465.040	170.136	57.469	99.894
465.712	166.126	60.543	102.417
469.190	179.919	56.292	96.503
467.798	177.144	58.172	97.526
469.961	178.011	57.286	98.631
472.802	178.965	52.941	97.988
620.422	322.845	29.546	55.096
476.242	181.981	50.948	96.425
475.311	180.508	50.901	98.038
470.013	178.936	55.806	99.705
465.913	179.511	58.747	101.337
461.606	176.917	62.517	104.598
456.289	173.180	64.369	106.002
452.218	171.345	67.390	105.834
445.014	173.296	69.154	105.594
438.515	174.403	74.887	102.356
431.871	173.926	78.439	104.048
425.726	175.334	76.366	101.769
418.512	175.642	68.786	101.179
411.332	176.620	70.283	99.536
397.922	176.777	74.758	99.749
382.038	173.363	84.209	102.717
366.821	173.534	85.539	99.347
359.416	188.575	80.921	84.076
420.593	338.062	77.194	57.482
323.686	128.663	77.864	108.624
303.577	121.816	86.016	108.034
292.864	119.187	90.172	96.084
286.021	116.089	104.911	96.642
282.256	113.736	132.488	96.702
272.085	108.498	147.625	104.579
260.499	108.520	146.827	107.425
254.098	112.278	132.387	108.070
249.013	122.508	124.851	102.652
246.491	138.139	113.000	98.611
241.258	158.951	128.786	90.033
248.681	167.426	128.753	99.723
250.913	170.213	118.700	113.496
258.783	183.636	115.515	110.878
276.331	193.010	104.805	109.276
283.103	201.855	102.080	104.981
288.096	203.943	98.112	98.824
285.704	216.127	97.875	86.437
289.184	219.939	102.447	94.626
287.604	220.197	102.877	94.516
290.770	222.666	104.199	93.494
295.120	221.200	100.767	95.753
433.626	335.775	92.675	90.983
304.464	220.441	99.787	96.173
309.846	220.686	96.930	96.027
312.398	217.804	92.311	97.842
318.260	218.488	94.945	99.171
335.644	217.632	88.903	99.089
341.186	217.410	87.805	99.570
353.598	214.743	83.478	101.342
365.752	208.722	80.924	106.021
374.583	201.016	79.014	107.022
397.406	189.402	68.466	107.600
419.583	178.544	63.042	111.278
416.919	147.491	99.192	145.042
421.674	154.254	84.131	120.576
432.137	122.559	63.640	130.555
434.014	96.525	71.044	133.459
437.501	90.305	73.095	121.635
439.498	81.344	73.516	117.181
452.210	67.384	72.324	126.665
454.444	61.422	67.805	135.041
462.291	63.724	71.012	137.051
463.914	67.533	73.063	135.660
468.627	88.263	74.759	118.946
474.201	100.145	71.177	109.289
476.845	107.855	66.460	104.073
470.433	119.565	64.975	100.464
468.727	126.116	61.606	104.650
462.906	129.010	73.038	96.464
461.860	132.461	73.788	114.082
457.226	139.410	75.502	129.067
447.264	138.905	85.093	135.582
431.989	152.577	83.317	144.384
421.636	174.706	85.090	126.024
412.499	182.032	91.298	120.781
404.833	183.318	94.126	118.307
389.990	187.535	107.348	118.045
384.066	184.540	108.223	118.096
374.951	177.803	117.428	121.965
372.576	168.794	110.664	125.830
372.404	157.191	116.085	124.512
372.526	144.401	111.671	112.523
379.890	125.644	99.640	112.638
386.931	119.879	94.925	97.437
317.798	300.932	142.137	59.423
389.746	119.181	145.802	188.989
399.367	99.660	114.305	107.623
405.128	97.863	120.051	102.887
417.576	100.734	109.750	103.174
429.164	104.462	99.079	96.249
433.510	107.932	88.808	88.857
432.257	115.464	81.090	86.962
437.573	118.013	80.605	86.172
482.602	180.005	90.695	90.953
458.494	174.743	111.107	107.992
447.484	190.959	118.998	92.311
445.759	168.556	115.888	110.670
451.365	140.136	118.477	132.764
434.044	146.125	126.885	130.218
420.333	166.687	127.943	113.338
413.879	161.293	133.381	112.000
383.417	222.149	180.992	210.233
383.139	173.365	157.274	113.958
391.301	193.569	134.714	99.485
386.479	181.198	121.813	99.999
375.370	168.161	119.374	102.027
365.833	202.994	130.814	75.838
361.745	198.262	122.930	82.694
367.261	195.815	123.535	83.936
319.020	272.935	149.137	155.642
354.643	173.022	133.069	105.162
351.089	181.076	116.759	102.950
353.446	162.854	103.850	111.634
364.978	136.658	116.055	129.269
344.649	112.636	158.480	211.343
395.961	68.814	99.942	156.992
387.473	293.896	99.194	93.345
377.856	264.653	97.855	109.745
341.562	113.073	116.053	101.325
359.522	289.795	103.065	93.835
336.631	56.979	146.903	222.957
387.499	11.967	123.574	158.863
328.918	205.869	126.714	156.585
336.281	142.900	163.724	269.944
331.014	37.893	205.061	353.258
352.860	202.536	136.682	140.615
367.219	127.619	110.388	184.890
367.640	62.477	157.042	293.906
404.130	35.503	120.852	189.038
415.581	46.337	109.319	121.615
427.360	46.956	101.136	118.223
442.757	0.000	99.904	0.000
452.632	0.000	123.797	0.000
495.000	57.838	83.795	105.634
495.295	60.471	92.347	97.509
500.006	62.676	90.849	97.430
473.132	65.526	125.986	120.904
469.128	69.003	130.710	118.927
462.424	74.888	141.278	111.992
476.984	80.210	132.917	109.099
491.420	91.216	125.896	89.673
489.246	0.000	125.665	0.000
591.710	0.000	144.825	0.000
500.748	125.432	122.045	92.032
478.376	140.006	137.130	90.463
473.943	160.147	128.999	101.969
467.400	172.199	114.240	111.782
460.474	184.484	111.337	116.892
462.503	200.714	110.504	109.800
468.413	213.825	100.777	109.052
468.284	223.364	97.446	113.143
469.153	226.108	98.986	111.946
471.504	222.941	100.405	107.711
470.900	217.801	105.115	108.386
473.007	206.365	110.070	116.686
479.806	201.451	110.544	109.082
488.134	187.409	117.893	116.279
498.717	170.668	127.993	119.739
491.969	150.020	142.453	129.961
499.057	124.979	140.963	124.602
494.502	94.821	148.268	125.536
491.844	64.642	152.202	128.132
494.338	42.181	145.286	140.030
493.907	25.616	138.155	137.248
488.170	18.900	130.189	112.852
474.261	0.000	146.134	0.000
328.836	0.000	181.881	0.000
452.093	6.358	136.173	79.123
432.182	3.295	133.607	74.840
429.863	2.493	123.589	75.125
396.626	0.000	129.156	0.000
399.951	0.000	123.339	0.000
364.546	15.627	138.763	133.780
376.110	137.832	109.161	115.222
592.484	334.142	66.251	85.165
383.893	0.000	139.669	0.000
293.851	0.000	143.403	0.000
331.277	101.326	154.448	234.548
355.587	0.000	146.080	0.000
368.911	88.730	128.418	111.045
361.663	95.158	124.552	112.459
345.818	106.975	134.161	109.518
337.651	121.568	128.469	101.737
329.586	140.564	128.118	87.161
322.668	162.453	133.169	69.868
314.389	181.600	134.054	53.775
366.115	304.828	109.129	89.404
334.190	298.301	131.808	90.162
297.075	177.447	123.247	55.173
296.071	182.893	120.633	52.669
500.643	165.827	29.276	98.699
285.906	170.425	122.306	56.842
283.890	166.098	117.489	60.235
389.172	307.412	78.221	66.582
291.457	172.105	115.552	57.137
295.103	176.670	111.558	55.792
293.533	182.191	118.627	52.956
300.698	184.211	110.663	57.132
305.107	189.502	108.704	52.570
301.464	192.334	114.418	52.418
495.200	157.972	30.411	100.342
302.763	202.362	129.183	57.648
324.893	203.363	116.535	64.217
310.908	206.744	130.089	66.005
309.999	206.582	135.661	73.555
315.282	208.545	142.956	76.877
321.025	208.256	148.233	82.215
334.924	211.817	145.025	84.558
520.282	162.577	113.671	125.799
354.368	211.196	147.698	80.018
363.314	208.179	133.508	81.973
376.229	200.633	126.236	81.450
397.893	186.402	110.411	82.833
391.765	165.157	115.778	79.819
364.737	172.943	148.803	211.731
291.108	296.295	118.948	132.526
354.032	99.242	147.235	196.906
360.588	96.610	182.644	297.260
336.956	47.997	198.769	160.286
365.611	59.949	149.496	96.949
209.899	0.000	192.776	0.000
481.318	0.000	167.282	0.000
253.760	0.000	158.800	0.000
257.723	0.000	149.935	0.000
370.507	46.710	123.843	87.752
372.536	48.305	117.299	94.974
374.342	57.427	142.654	124.672
399.858	88.287	108.875	103.813
398.365	94.516	101.911	116.120
409.384	126.933	99.111	99.203
405.478	147.031	115.736	83.461
402.422	163.738	119.576	82.091
390.699	182.438	131.847	76.882
394.607	186.938	129.531	80.502
400.637	197.979	117.898	82.691
398.382	202.679	113.489	92.916
399.605	204.807	107.391	102.707
403.807	205.915	103.403	111.641
396.606	207.688	108.231	115.393
387.250	212.392	118.483	111.410
380.095	204.031	121.738	118.837
372.039	199.391	115.061	115.447
352.290	192.151	118.392	106.996
342.054	165.445	118.273	116.723
336.530	137.798	108.108	118.162
334.174	99.301	93.072	125.034
328.442	302.720	87.950	78.914
321.596	263.930	110.302	86.431
330.277	0.000	103.313	0.000
316.913	16.771	87.641	114.665
308.248	17.865	89.557	114.090
303.772	13.130	90.923	106.045
301.442	8.923	90.150	81.536
300.523	8.188	86.434	78.881
295.861	9.187	88.002	80.725
293.535	9.021	90.707	84.750
288.161	9.445	93.160	87.968
277.699	10.335	96.641	91.861
264.617	8.888	115.776	132.198
256.730	9.417	168.297	157.478
274.020	50.224	180.013	124.980
275.534	57.285	143.124	133.586
272.499	67.660	161.040	129.171
282.778	127.815	180.770	76.321
282.078	145.034	154.322	78.586
285.695	158.544	148.611	90.461
313.345	188.469	142.240	85.369
302.808	212.723	127.006	103.711
322.261	227.909	125.332	105.121
335.253	242.546	129.841	94.562
343.931	233.409	137.364	107.140
350.966	231.325	125.380	109.453
350.984	222.159	114.947	118.884
353.780	218.683	130.636	119.953
351.865	208.187	121.483	128.463
354.354	199.430	123.200	128.197
390.406	196.051	98.958	125.151
393.557	173.507	93.612	133.656
408.647	133.306	79.738	142.459
411.988	101.900	81.925	128.560
425.736	68.813	82.354	138.941
421.887	27.021	96.195	147.645
410.550	17.311	106.389	125.911
413.543	0.000	104.779	0.000
424.743	7.676	91.213	108.140
383.916	24.084	130.856	158.314
408.670	14.240	105.200	109.847
363.980	253.779	94.253	31.200
383.062	71.807	163.315	141.299
363.237	94.545	152.950	138.526
339.323	271.710	112.258	109.976
368.438	85.565	153.403	159.229
357.517	95.090	166.927	139.908
362.435	108.081	159.651	116.477
395.619	0.000	142.686	0.000
397.973	0.000	145.576	0.000
347.564	94.466	149.131	132.324
430.374	18.290	110.021	131.771
549.918	0.000	145.686	0.000
549.682	0.000	149.522	0.000
410.227	85.472	137.834	109.029
394.295	113.953	156.966	90.256
397.742	124.461	151.586	102.252
402.430	139.586	150.339	121.192
388.484	147.744	140.262	135.797
385.921	158.550	134.150	143.479
381.048	166.443	122.858	145.065
377.596	162.385	113.861	154.246
371.693	168.389	113.129	154.142
366.277	172.654	107.831	150.202
636.967	422.090	41.321	82.969
360.183	195.611	96.460	136.592
356.560	198.934	79.318	129.961
349.433	199.898	71.588	130.197
339.144	191.360	70.149	134.833
328.106	192.498	72.375	132.880
320.142	173.344	72.116	148.599
308.962	154.101	74.271	167.513
299.374	134.231	78.258	171.377
294.509	138.727	136.777	158.284
272.361	99.947	118.906	168.919
270.384	71.975	107.247	137.187
325.870	86.010	150.075	81.538
541.918	272.597	90.170	84.536
414.001	294.953	70.910	96.446
528.506	228.931	113.706	130.754
329.401	289.445	76.870	105.977
322.787	90.854	125.966	198.593
344.436	291.773	71.403	102.976
303.787	165.580	125.434	207.054
349.025	297.285	71.055	120.010
299.451	181.841	140.928	177.696
299.581	161.277	137.178	193.704
342.907	241.093	93.429	86.154
262.295	37.341	138.304	156.921
277.969	0.000	155.835	0.000
275.405	81.120	174.901	295.436
285.317	28.140	99.785	130.076
289.210	73.514	151.677	221.537
291.462	32.675	137.742	141.684
291.688	22.668	114.197	154.764
285.698	23.218	105.206	117.710
277.813	33.568	137.612	150.736
276.207	39.850	128.722	133.203
262.368	42.517	126.659	123.451
248.230	62.450	211.457	132.922
245.643	79.991	179.504	101.480
231.177	93.423	236.036	112.484
248.308	0.000	200.241	0.000
256.326	0.000	204.008	0.000
255.165	149.087	150.061	93.247
266.769	160.051	145.534	94.642
284.672	167.747	118.981	109.254
297.105	186.807	115.521	101.808
302.394	187.995	130.085	109.228
306.204	189.726	144.053	114.071
302.599	183.645	142.875	125.437
298.930	193.974	150.291	118.164
297.131	180.129	148.337	123.039
288.840	178.668	151.954	131.549
287.305	193.052	151.056	122.219
290.190	182.202	149.325	130.832
287.763	183.550	149.194	127.223
284.314	179.535	150.885	123.387
278.803	175.546	148.739	122.586
276.792	176.307	148.182	120.070
280.595	175.775	148.748	122.213
277.712	186.727	149.772	117.161
280.760	172.136	165.367	124.341
284.384	161.598	163.787	115.639
286.080	142.274	157.011	113.671
288.091	130.320	153.307	102.284
412.908	0.000	159.311	0.000
535.351	317.130	91.198	115.697
290.972	59.292	123.602	124.220
291.717	57.843	125.059	120.283
285.024	37.640	126.380	132.746
285.421	26.649	116.588	130.423
284.610	25.258	110.474	121.103
285.731	24.024	115.794	120.411
282.884	24.110	144.644	162.949
278.878	41.957	130.192	150.802
283.108	55.425	121.934	143.819
294.374	84.496	114.266	127.820
287.847	99.743	140.531	136.581
300.600	127.165	128.444	117.471
304.019	148.179	119.676	123.788
319.663	153.723	125.080	131.971
330.349	184.267	128.690	123.666
338.299	202.570	97.007	129.063
337.616	210.832	103.998	118.632
338.456	208.892	106.894	118.943
337.236	203.070	118.909	114.420
335.693	179.421	109.803	117.834
322.566	167.378	137.470	127.432
319.228	134.631	123.322	132.193
315.881	121.126	116.595	128.963
316.657	93.541	101.636	123.034
315.232	298.843	102.482	81.216
338.014	0.000	112.212	0.000
323.405	0.000	114.956	0.000
329.843	15.729	91.146	112.201
327.898	10.668	96.863	109.535
329.160	11.023	100.669	112.698
179.498	0.000	148.892	0.000
326.665	0.000	137.411	0.000
319.016	14.167	113.796	114.988
330.235	23.143	116.097	108.599
168.770	0.000	162.794	0.000
435.699	0.000	121.298	0.000
356.899	75.715	103.815	120.955
368.818	94.853	103.956	119.514
383.252	109.638	91.746	116.872
395.725	138.765	85.495	104.720
403.725	152.317	94.291	114.602
416.860	166.027	80.431	115.170
426.914	184.128	73.893	131.851
433.817	198.772	72.368	127.838
444.684	209.168	70.524	113.664
453.748	217.106	63.065	112.648
457.760	206.921	60.894	114.639
455.773	191.395	60.534	121.653
446.913	168.586	65.942	136.762
444.567	148.653	66.247	139.993
429.880	127.733	81.809	120.394
428.894	89.963	75.891	120.980
423.273	60.013	74.042	121.060
420.509	43.445	76.581	126.203
416.131	28.934	70.152	115.438
415.501	19.996	66.554	103.719
412.577	15.451	61.333	99.363
412.238	13.583	59.856	95.527
413.361	11.837	56.365	98.099
405.940	12.427	59.335	104.957
402.505	12.242	58.370	112.380
397.350	18.112	62.161	115.435
397.843	23.226	64.687	114.502
395.176	28.030	71.364	118.218
396.634	49.261	89.103	119.797
384.505	67.041	109.554	114.451
374.824	83.425	108.895	107.305
360.648	87.786	102.494	105.715
402.533	147.979	111.311	74.067
401.838	168.179	108.480	71.419
397.728	195.810	100.541	72.163
415.094	218.399	91.305	73.379
384.555	221.136	102.335	97.630
392.495	245.840	90.886	103.301
399.034	249.096	89.745	104.532
400.809	246.221	92.894	105.211
393.978	241.931	107.286	98.625
387.523	213.963	118.870	106.440
383.029	211.548	112.589	106.822
390.273	191.496	108.287	107.026
399.668	173.326	99.592	103.944
244.653	42.110	31.124	98.457
389.580	144.022	99.451	77.600
388.275	72.645	138.476	148.797
387.470	102.007	141.200	100.109
378.457	89.431	120.707	86.384
374.113	0.000	139.567	0.000
377.633	0.000	141.199	0.000
384.506	71.788	117.342	110.699
388.590	76.988	114.172	111.542
392.367	89.756	115.200	103.049
394.697	104.189	115.876	90.568
399.973	129.509	117.440	73.984
315.127	307.035	152.700	52.029
400.259	180.112	171.423	180.690
333.781	304.709	124.706	69.908
345.330	303.659	112.666	72.909
319.927	303.114	124.313	66.214
321.831	300.582	136.236	67.511
314.178	296.287	136.527	82.644
322.902	296.243	131.437	82.841
324.200	297.137	134.983	88.490
322.735	299.510	136.089	96.715
306.386	305.159	147.586	116.898
321.607	302.733	147.960	96.974
322.709	304.332	147.540	120.168
318.826	305.251	150.776	108.722
317.015	305.129	157.189	104.643
318.211	302.907	157.088	109.144
316.112	303.428	158.657	101.800
326.236	306.920	140.640	110.630
323.362	305.836	151.822	91.121
340.646	315.602	131.684	105.680
329.413	309.134	132.207	108.493
489.449	256.066	86.363	83.757
360.212	294.131	60.986	61.712
368.557	303.627	55.907	44.738
353.876	297.019	61.251	59.424
477.339	272.499	63.092	76.343
477.557	271.479	79.290	72.155
468.892	267.892	89.484	74.552
459.582	267.518	98.094	68.621
454.160	266.502	101.538	65.388
451.736	263.385	103.928	64.939
453.099	257.226	108.738	66.191
455.688	245.631	97.978	70.643
465.356	234.124	98.888	72.375
468.444	222.543	92.228	70.820
462.787	206.088	95.599	71.605
460.304	182.121	94.706	83.302
458.915	159.182	91.795	91.852
457.328	142.202	83.759	97.915
338.987	305.695	115.341	66.832
328.247	300.367	125.095	60.157
448.737	140.828	101.743	212.638
440.958	103.558	147.680	337.043
330.448	306.279	127.808	65.554
440.394	117.405	74.398	87.357
429.544	116.296	98.191	113.323
432.546	122.959	74.366	104.576
429.700	128.636	89.320	102.413
334.566	305.834	117.738	66.951
332.516	301.979	108.706	52.938
445.606	159.585	88.456	107.936
338.764	302.927	112.592	77.353
466.223	184.181	63.045	94.557
466.110	191.568	71.020	94.857
346.658	301.383	97.464	84.347
327.378	305.912	128.074	70.328
330.118	302.206	125.777	64.927
459.810	200.096	105.961	79.815
450.557	196.460	112.419	77.931
444.277	195.621	118.718	75.752
433.224	193.582	125.746	76.366
430.426	191.586	116.589	75.800
418.178	191.558	110.004	79.443
423.920	194.825	85.424	81.359
400.828	200.819	81.078	84.266
376.479	201.634	85.032	93.015
362.423	206.979	94.171	100.387
324.864	216.892	111.241	94.419
311.221	224.730	108.070	95.177
301.935	240.479	104.587	82.471
297.590	248.062	99.584	81.035
298.977	251.441	99.441	82.062
304.303	253.420	103.020	85.579
316.262	257.709	102.410	84.376
324.658	260.500	105.397	79.641
339.176	263.386	97.560	73.979
357.363	265.894	86.645	67.219
380.953	242.306	72.677	89.173
407.287	245.376	80.610	99.105
409.929	204.019	123.511	163.162
426.966	215.389	129.533	83.861
478.855	237.444	87.798	68.648
492.700	225.079	77.313	78.895
496.567	211.707	76.856	91.832
502.101	204.151	74.667	96.496
506.073	201.788	67.169	100.322
500.878	200.862	73.879	100.601
475.847	201.060	101.081	95.049
466.396	203.309	108.367	92.560
458.698	203.073	94.272	91.755
458.964	207.326	92.296	87.834
458.988	212.712	95.184	82.941
464.250	213.979	104.327	81.257
469.465	214.694	101.109	81.414
337.189	257.049	52.246	94.188
481.040	215.876	94.959	83.862
485.677	215.433	87.277	89.617
486.252	217.756	82.901	97.371
463.128	214.361	77.877	96.585
404.218	150.970	119.683	115.773
409.291	237.972	93.713	84.316
356.278	255.325	77.914	82.804
331.312	251.847	83.313	79.598
314.053	244.716	83.700	83.624
295.519	240.102	87.246	87.709
280.018	233.647	92.409	90.757
278.667	228.169	88.111	96.071
279.674	226.010	85.591	99.171
282.915	224.462	92.178	96.035
292.838	223.547	99.335	93.545
308.184	231.542	105.198	77.028
332.003	235.310	113.853	62.788
363.783	225.589	111.063	73.914
404.582	208.914	105.858	80.889
443.750	192.733	95.033	99.376
458.738	203.390	114.917	87.578
504.067	178.333	89.262	106.453
528.949	175.017	83.547	100.402
548.846	166.341	86.957	118.563
555.467	170.285	86.659	123.733
568.687	187.937	83.029	102.655
574.622	197.909	83.941	94.556
566.400	211.985	94.969	84.864
553.555	216.715	105.658	89.856
548.380	222.440	103.588	92.753
545.187	226.575	105.633	95.615
544.905	225.520	101.434	99.126
547.156	226.040	103.340	99.583
545.346	221.696	106.073	108.233
546.738	221.086	108.293	111.577
546.403	217.472	113.519	113.700
545.501	216.215	115.912	110.674
542.323	212.017	117.461	109.548
537.507	208.334	116.042	108.296
531.095	204.572	114.777	107.206
522.643	200.736	110.041	109.135
510.878	196.819	109.886	104.928
494.869	194.064	113.773	101.541
476.812	190.056	111.252	99.092
456.077	185.184	99.222	94.444
436.624	183.580	107.588	87.256
414.426	183.671	114.323	87.196
444.451	25.185	124.644	62.322
355.821	185.785	145.171	77.128
339.647	190.871	170.526	74.029
329.662	190.900	149.207	75.520
321.913	192.895	119.050	75.141
317.570	195.438	115.743	76.361
314.508	197.559	106.377	79.686
315.144	201.013	100.920	82.104
314.257	205.832	91.495	87.725
318.872	210.099	86.774	87.970
323.020	216.078	88.262	93.422
327.507	224.605	82.402	93.158
330.311	233.871	77.722	90.292
334.033	241.000	71.841	93.626
341.160	255.047	64.628	96.406
350.188	254.000	71.672	113.769
360.752	274.854	74.006	99.496
366.595	273.693	72.740	99.192
379.412	270.557	71.815	94.440
398.906	254.767	77.293	93.619
373.279	146.638	134.723	123.660
423.204	182.681	98.051	84.400
403.948	155.034	139.109	138.099
446.085	206.531	106.070	95.847
465.354	212.585	112.512	84.725
480.562	208.894	113.086	72.477
474.600	200.861	119.072	62.879
481.067	195.991	122.252	65.168
489.998	199.719	127.769	59.235
494.611	200.590	129.484	60.596
504.311	199.490	115.916	65.353
509.640	201.919	106.269	74.583
520.227	215.674	97.089	74.421
535.558	225.286	78.414	77.739
537.651	233.266	73.754	80.351
541.906	235.406	66.229	85.622
537.782	230.836	64.984	89.877
543.611	226.889	63.868	98.641
531.707	197.909	66.264	73.366
505.593	213.178	79.305	73.267
404.001	250.387	67.482	84.227
401.942	247.824	45.412	79.729
330.103	243.495	108.759	81.705
331.653	243.430	106.624	75.411
311.370	242.960	115.596	70.624
299.841	242.946	126.471	65.879
301.472	243.163	130.996	64.783
316.837	241.985	132.171	61.174
343.564	238.124	124.480	65.827
370.147	242.474	119.689	66.351
395.418	236.678	126.748	69.021
444.530	231.490	102.315	84.003
474.785	227.271	94.339	91.046
503.136	232.797	79.659	88.540
525.106	234.152	87.407	88.713
389.546	282.729	57.430	94.849
400.128	265.714	37.868	107.108
548.571	225.900	122.477	82.670
546.299	223.926	126.296	78.308
542.910	221.574	123.698	73.219
537.922	219.932	107.700	70.620
527.297	211.488	94.709	80.003
513.314	202.225	90.639	88.481
508.704	196.979	89.605	92.252
500.493	202.111	86.016	91.228
481.702	201.419	94.275	86.480
435.344	209.030	101.251	73.085
410.746	171.962	129.024	145.474
369.752	231.173	209.573	181.264
409.423	203.595	104.417	61.214
310.513	309.447	72.214	86.616
473.089	205.026	61.411	74.988
477.819	203.862	65.793	69.822
482.186	206.079	69.294	73.789
476.046	208.033	85.193	74.963
478.710	208.598	96.132	84.285
476.188	209.208	113.312	87.682
472.045	210.600	122.680	87.441
469.070	216.908	125.533	82.627
466.494	223.008	122.445	75.930
453.629	234.147	125.666	65.221
421.026	245.844	126.617	57.701
407.746	254.074	113.438	61.461
399.561	255.371	108.379	68.306
370.488	261.399	120.039	69.011
337.288	270.411	131.041	70.090
311.313	281.592	126.961	67.517
298.504	286.943	114.524	69.851
286.281	285.322	110.994	75.150
276.996	285.104	107.733	75.419
275.133	283.838	104.030	76.950
272.886	280.540	110.181	82.419
279.002	272.675	108.029	91.432
297.076	269.788	94.729	90.191
307.470	269.174	99.563	85.012
318.121	269.555	99.914	78.954
510.644	161.888	36.924	77.095
348.258	275.907	76.950	64.799
369.241	157.943	143.154	112.313
408.488	212.608	72.971	101.414
413.959	138.338	137.936	136.789
379.670	106.260	182.814	238.222
454.698	249.843	117.802	83.508
497.555	245.563	88.252	75.523
503.221	243.138	93.981	61.715
520.896	232.085	109.878	68.235
525.980	212.166	115.853	86.824
524.232	188.901	116.587	107.663
519.722	187.929	114.778	107.709
511.255	187.681	105.570	106.688
493.273	185.239	114.346	108.950
461.666	180.242	75.277	100.930
310.327	261.176	86.562	117.268
424.054	324.384	95.647	104.928
408.968	187.819	116.172	109.006
404.735	188.633	120.343	111.994
405.690	189.757	118.397	113.161
412.166	190.140	110.493	113.673
422.334	191.888	101.408	113.228
441.512	193.627	86.143	111.897
461.393	194.738	71.153	110.212
478.381	197.788	64.640	109.158
486.954	203.104	70.150	102.628
488.115	210.277	87.127	103.737
492.673	220.610	96.529	100.994
495.813	228.038	94.331	97.889
494.208	233.696	94.235	97.164
458.552	163.385	107.868	144.674
362.792	80.360	180.076	219.390
314.979	246.776	157.943	163.448
328.589	262.041	93.519	71.623
314.234	266.447	91.462	69.214
294.640	263.290	100.609	72.307
265.011	256.576	111.606	76.616
249.843	253.442	117.012	80.044
240.723	250.504	116.689	87.138
236.844	250.684	119.978	91.984
241.388	252.647	117.932	95.018
248.891	254.969	118.552	94.504
257.633	258.343	124.439	95.630
274.096	261.644	133.894	98.017
294.117	255.499	142.964	104.998
325.069	246.454	148.158	109.114
353.514	243.781	147.429	103.080
385.274	239.149	142.869	92.855
406.831	229.905	138.395	79.757
436.205	215.451	133.851	80.408
460.233	198.893	131.454	94.515
465.216	187.621	141.660	103.243
468.591	179.374	145.182	103.299
467.689	175.726	146.369	103.335
465.671	176.328	137.628	101.966
457.810	177.346	127.988	98.666
463.363	179.115	110.112	98.620
467.681	181.347	115.559	94.650
468.486	182.227	120.010	93.504
467.670	182.361	122.004	92.953
470.015	183.149	122.279	92.322
467.794	185.660	125.822	88.102
467.196	186.423	128.334	84.434
463.513	185.955	132.861	78.118
454.723	182.995	138.941	71.016
450.498	177.615	133.919	63.004
442.127	168.684	142.621	56.622
439.821	158.236	131.963	53.416
323.231	308.486	67.736	61.672
316.630	297.116	85.785	66.333
424.473	126.918	133.580	76.539
424.897	121.240	127.120	87.192
427.122	118.904	117.975	96.102
424.368	122.686	113.570	99.393
432.672	129.834	103.465	103.997
426.617	149.707	83.700	102.920
431.320	157.085	80.189	111.724
432.772	170.747	72.530	114.929
436.720	181.535	64.206	119.926
441.375	187.621	61.482	125.716
442.107	195.665	61.875	118.906
443.551	197.634	61.345	117.025
445.736	188.657	62.750	123.901
448.252	180.376	64.440	127.002
451.226	171.491	63.513	127.952
452.119	160.983	63.547	122.534
454.733	148.687	65.372	112.904
454.350	131.589	63.943	111.472
453.167	112.317	60.871	123.928
450.871	99.002	62.075	130.637
454.035	97.057	61.683	126.847
454.043	98.720	61.398	118.305
455.044	109.091	59.723	103.273
454.381	111.788	57.845	107.399
456.573	113.854	56.941	122.614
449.743	135.208	69.130	113.858
450.651	143.274	67.063	114.892
451.271	144.450	64.015	123.323
451.792	155.148	61.129	119.118
452.082	168.379	64.170	110.199
447.770	191.739	65.202	98.342
445.115	196.536	68.719	107.801
441.818	202.588	70.475	111.511
440.790	206.066	69.618	111.305
436.961	199.329	70.907	116.089
432.601	185.237	72.746	120.546
433.443	172.193	79.426	114.888
428.876	152.665	88.777	112.874
429.451	133.013	94.969	114.924
431.283	104.454	96.147	119.590
433.980	84.336	95.506	118.639
436.153	75.340	94.358	109.496
443.343	69.286	90.490	97.280
449.086	58.480	85.905	102.535
455.116	48.796	79.788	111.586
460.595	47.140	73.984	117.855
465.240	50.114	64.891	127.752
465.347	61.928	65.322	119.867
466.805	78.087	68.865	112.283
468.820	93.691	76.615	105.125
468.556	107.296	84.079	109.531
460.213	122.810	99.131	100.687
444.335	135.196	117.026	91.361
430.913	154.734	138.372	81.101
429.494	164.375	141.436	78.596
436.448	172.648	131.749	75.095
430.425	173.866	131.662	78.057
428.513	175.930	124.416	81.998
422.308	179.684	123.573	87.948
421.616	189.110	121.029	88.798
421.636	194.246	120.129	91.493
424.452	202.862	118.070	86.608
427.415	201.756	117.443	89.011
429.505	203.093	122.642	91.075
429.547	203.312	127.403	94.141
427.291	196.596	135.494	100.059
426.562	182.417	138.111	111.432
432.107	166.628	135.825	116.630
437.795	151.378	124.421	105.399
450.683	128.931	110.342	109.707
452.013	99.811	110.981	128.239
443.986	95.370	115.082	119.028
437.672	90.954	118.663	102.787
424.039	79.801	127.037	112.903
401.554	71.615	140.251	122.230
393.077	75.373	144.935	118.545
386.977	84.062	148.342	112.680
382.058	91.454	146.917	108.989
378.618	102.870	125.719	101.075
374.424	110.407	116.438	94.741
373.125	117.443	112.998	94.661
372.617	121.459	112.210	90.881
297.729	303.009	94.172	71.371
349.897	126.248	129.841	107.793
300.729	308.704	82.254	32.027
299.664	300.141	89.209	71.619
198.582	387.334	108.083	91.722
234.984	466.146	87.437	86.099
371.529	136.073	111.724	87.909
380.772	137.242	103.457	90.043
384.345	138.128	101.781	90.301
386.824	138.171	99.674	91.111
296.814	305.486	85.434	71.248
382.733	141.545	122.025	101.250
305.675	303.506	67.532	40.247
293.254	299.175	78.650	56.676
390.189	139.365	98.518	91.792
298.136	304.588	84.516	72.736
316.736	285.688	86.582	95.832
379.427	140.386	133.801	91.145
389.575	138.689	99.634	86.190
562.393	154.994	63.307	104.355
380.326	137.811	134.572	96.880
384.609	137.983	113.705	88.948
305.827	301.682	86.848	85.682
371.073	134.310	124.673	101.643
300.148	304.100	67.746	41.928
385.612	141.619	99.417	79.665
382.938	140.963	102.804	84.442
382.351	141.724	100.776	85.735
380.779	142.029	101.862	85.775
379.924	140.854	104.385	85.858
379.307	140.814	103.909	83.586
299.512	303.792	90.339	69.007
371.612	131.992	135.870	86.057
387.160	126.558	101.955	66.202
375.578	114.365	108.515	72.494
365.539	106.514	121.701	76.120
361.526	100.647	103.403	80.461
364.424	99.118	94.030	87.073
369.858	94.220	80.671	99.522
371.501	95.011	76.644	108.167
371.230	95.837	68.920	112.108
365.687	104.997	67.867	114.880
356.959	115.148	77.893	109.419
346.052	124.854	91.811	104.961
330.348	135.398	109.651	98.384
330.151	150.945	115.907	84.687
332.129	163.221	123.073	69.777
333.944	169.508	122.537	58.117
340.504	166.078	113.591	61.805
341.630	163.977	110.774	67.473
309.586	278.912	81.540	96.881
340.010	166.299	118.023	68.163
340.513	165.785	119.449	70.531
341.998	167.578	113.262	71.916
341.272	170.142	112.216	72.195
336.516	170.078	113.067	70.535
333.590	167.339	106.061	80.308
336.087	166.986	96.580	97.910
335.507	193.257	88.958	85.765
309.578	224.488	88.222	63.814
278.788	219.060	143.926	89.200
282.087	220.403	97.493	73.844
281.898	214.650	85.296	87.782
278.628	206.788	67.042	96.026
257.392	198.198	75.415	90.980
246.996	194.618	83.505	80.906
245.552	190.978	93.677	73.660
244.163	186.608	96.006	74.878
252.892	185.880	101.105	74.074
270.870	184.087	92.158	79.039
292.060	186.285	85.484	90.067
313.776	187.412	73.396	95.406
337.304	193.496	83.633	94.344
348.972	194.629	96.185	84.354
382.584	174.200	100.104	86.681
243.136	152.756	75.781	103.995
392.033	146.465	170.546	103.102
374.371	142.653	147.975	188.816
416.532	134.882	129.748	97.261
438.344	122.187	105.084	94.934
444.087	122.088	100.610	96.211
446.633	122.808	101.253	103.057
445.438	125.368	104.566	106.237
442.144	141.302	106.012	95.899
429.266	156.443	121.026	88.379
422.062	165.265	145.468	76.297
409.688	190.372	143.267	63.005
402.814	190.921	136.855	76.754
403.276	187.627	115.005	92.485
400.669	178.951	92.810	106.402
399.537	161.792	76.608	119.842
394.860	155.803	78.492	116.919
392.064	153.548	80.520	117.093
392.974	155.642	78.376	116.019
398.479	154.693	75.198	122.950
402.375	157.705	69.404	123.802
406.642	168.229	67.697	115.648
407.157	176.550	82.227	108.308
401.282	182.216	107.544	96.888
391.756	183.792	118.149	83.184
392.238	183.099	123.450	74.637
389.647	179.517	120.703	60.593
394.905	175.833	122.639	57.432
401.367	172.374	149.892	56.118
404.248	166.533	160.742	60.281
408.560	161.081	156.698	65.356
411.263	161.115	157.643	64.984
414.479	163.101	150.152	68.799
413.740	167.574	137.464	75.206
415.105	180.755	138.225	72.877
412.774	192.434	126.844	77.309
416.588	208.266	111.997	86.455
415.236	220.818	112.714	107.225
414.546	230.483	116.971	121.581
412.081	233.085	127.571	132.838
407.489	238.713	139.415	130.650
408.368	241.692	140.001	130.742
406.077	242.396	143.410	128.527
398.675	245.338	144.036	117.868
398.568	246.360	138.704	114.806
393.521	248.404	134.692	115.953
393.594	244.797	124.566	122.440
395.514	243.479	111.175	131.026
398.099	240.715	97.832	137.536
397.779	237.539	88.922	138.261
396.697	235.235	82.023	136.275
395.122	232.884	78.356	130.896
393.833	229.253	78.615	128.951
393.784	224.552	81.156	122.217
394.372	221.084	83.609	121.245
394.467	219.118	89.419	119.361
395.392	217.716	97.093	118.574
397.886	217.810	104.749	116.761
401.333	217.246	111.174	116.639
405.376	215.513	121.293	114.571
419.672	214.418	122.834	118.734
425.301	214.094	129.367	120.836
431.244	210.051	150.700	128.168
439.264	202.648	158.155	136.538
452.872	194.452	160.500	142.943
479.024	186.880	152.055	140.419
806.848	328.008	40.680	121.274
509.612	171.365	135.520	133.955
302.868	211.144	42.492	134.644
526.923	169.186	125.887	126.656
529.772	168.029	123.863	123.237
527.637	173.236	127.455	115.462
522.532	175.736	128.140	113.005
515.573	175.905	125.963	112.427
504.780	175.406	122.713	113.656
496.601	173.007	119.067	122.908
486.258	169.906	110.843	127.036
470.705	167.015	108.310	133.708
454.452	164.035	108.901	137.788
435.820	162.253	109.761	137.935
415.711	161.751	114.014	136.595
398.708	162.430	115.059	136.296
376.910	162.426	122.055	138.983
361.030	162.074	126.265	141.461
347.934	161.138	126.580	146.676
326.752	164.158	138.921	148.253
316.347	174.561	140.344	139.202
310.254	183.561	142.462	127.643
313.814	190.298	140.133	122.660
321.129	201.696	139.571	114.083
333.953	209.250	140.354	115.012
353.294	213.233	141.378	117.139
381.149	207.658	135.281	127.950
408.598	204.199	127.989	133.226
420.182	193.827	130.046	144.400
453.336	185.598	121.242	142.986
473.521	178.775	115.388	136.082
494.735	169.563	129.917	129.470
506.590	155.125	127.343	139.713
511.760	139.009	139.562	147.477
522.292	126.295	141.041	155.509
516.208	123.339	156.444	158.418
519.078	122.082	158.238	160.304
514.823	124.842	160.316	162.161
503.696	139.075	162.538	158.947
492.486	148.481	159.773	152.562
482.104	162.140	161.486	143.870
469.275	167.584	163.633	142.453
453.826	171.232	172.955	151.979
437.267	173.947	176.261	159.936
421.869	200.547	143.340	137.462
414.356	209.549	135.526	127.789
395.651	209.721	136.678	128.231
387.227	212.360	136.618	124.542
387.951	210.205	134.066	119.814
394.563	209.470	127.118	116.934
405.444	210.531	117.494	119.673
419.428	212.404	110.065	125.631
431.674	212.552	113.507	128.374
437.680	209.237	122.509	143.372
441.839	209.853	132.454	141.475
446.461	210.961	142.430	145.166
454.554	206.985	147.665	153.649
463.429	204.489	150.298	149.498
470.067	204.417	152.690	142.857
480.861	198.955	146.360	138.312
487.566	190.621	143.073	139.757
491.630	183.597	140.278	144.139
497.134	176.829	131.721	150.121
494.594	174.481	127.897	150.814
490.489	179.504	124.142	145.138
483.031	194.645	117.301	133.421
472.421	197.566	106.774	137.942
458.975	200.216	111.138	140.870
443.124	206.272	124.407	144.309
428.583	212.854	131.259	149.098
413.485	213.113	139.082	155.416
395.672	217.696	148.813	150.412
376.147	224.080	154.545	148.072
352.929	225.260	166.144	151.899
328.612	231.017	176.535	153.888
315.272	234.963	171.628	152.337
298.654	235.851	171.298	152.956
281.019	236.405	173.668	152.197
261.955	239.326	173.100	148.419
252.970	234.488	164.931	155.165
243.464	241.958	158.712	147.591
236.217	246.540	155.221	141.277
363.008	31.336	109.612	111.741
228.552	256.382	131.052	126.176
221.500	260.659	130.389	120.358
221.273	260.241	128.548	120.169
221.735	262.280	134.015	119.172
228.812	260.195	140.465	123.099
237.648	266.316	149.348	118.344
249.881	269.913	158.689	122.400
256.688	262.837	169.817	134.887
270.904	249.840	183.514	152.442
297.986	239.192	187.609	152.691
327.612	227.225	181.624	149.472
358.403	216.198	159.984	144.775
369.076	200.573	161.539	130.023
385.187	187.452	161.044	132.931
399.074	184.059	162.818	124.640
403.872	184.183	161.505	112.387
400.064	185.233	166.158	102.342
393.337	189.790	172.234	98.886
382.405	196.307	165.395	94.996
373.582	203.437	164.025	101.287
359.485	206.282	156.364	116.815
353.673	207.388	155.992	133.447
340.214	209.913	158.180	141.601
330.785	222.740	154.986	132.983
324.263	229.038	154.344	131.391
318.011	238.680	152.653	128.162
314.690	240.319	154.498	132.798
314.151	240.945	155.818	133.051
314.817	240.692	155.634	130.856
316.966	239.649	154.046	127.132
320.043	234.584	153.027	125.633
322.154	231.345	154.758	125.498
327.637	229.119	155.808	125.618
340.760	227.300	152.502	125.186
352.563	226.489	157.186	126.620
369.615	226.147	158.086	128.828
389.365	223.977	156.319	137.392
410.847	219.071	161.969	149.085
435.548	212.992	169.355	161.066
455.484	209.534	166.632	167.725
488.080	193.603	162.463	171.021
514.788	191.351	163.832	155.029
534.411	190.364	167.454	153.239
545.982	195.233	181.273	128.555
545.853	181.187	202.346	133.007
536.759	165.355	209.553	149.905
528.131	156.456	211.423	157.916
521.970	151.807	202.399	164.183
502.868	152.183	202.687	164.753
491.977	153.492	190.856	169.852
464.069	164.562	181.022	160.716
440.763	172.990	194.805	153.570
428.593	168.185	201.773	163.257
401.459	172.045	187.650	177.516
327.076	196.942	196.693	163.606
287.984	199.730	200.930	160.375
239.196	204.597	208.261	160.258
212.577	202.227	204.914	150.356
197.664	193.414	198.292	148.672
173.853	180.853	195.702	149.917
147.529	171.603	190.958	150.870
124.310	168.378	196.907	154.277
113.171	168.316	201.811	155.995
99.105	172.003	206.980	157.014
89.688	179.609	217.987	156.914
87.006	191.688	217.041	153.020
94.996	201.221	206.066	149.279
113.254	203.671	192.875	152.410
135.673	200.080	182.681	163.114
151.546	192.333	190.467	170.441
175.798	171.142	207.802	178.406
206.002	160.169	214.550	176.657
240.347	148.093	210.791	174.325
260.296	144.774	199.190	172.484
267.536	140.282	204.063	168.573
274.169	141.922	201.778	170.479
276.382	145.232	202.359	173.875
270.059	146.597	207.186	177.564
269.651	147.963	201.941	182.459
272.926	148.751	185.241	185.333
267.042	150.106	191.571	187.846
267.168	152.256	175.982	190.786
266.000	154.611	171.403	185.860
267.060	156.908	163.539	186.389
265.902	159.508	164.724	186.888
272.964	170.972	156.850	176.118
276.838	180.354	156.458	168.428
275.258	190.777	164.710	159.120
290.386	204.958	165.292	164.042
296.401	208.745	165.939	169.987
302.705	208.960	165.598	173.779
315.900	206.164	152.319	179.218
329.707	206.181	134.145	176.584
350.767	204.011	120.622	178.392
376.098	199.230	103.220	176.541
391.668	204.760	101.728	165.951
404.004	198.371	102.061	170.242
415.955	207.830	117.619	169.635
417.872	197.335	135.623	169.809
425.135	195.492	146.213	166.235
432.136	196.564	153.820	162.113
430.671	198.592	159.950	154.960
419.484	198.292	171.681	147.619
400.711	194.985	188.921	149.177
384.479	189.678	192.705	153.886
366.304	186.902	200.028	162.382
348.240	178.838	212.150	187.138
330.779	174.990	228.167	199.892
317.424	172.731	233.998	211.106
299.724	172.814	242.506	219.026
288.451	176.677	244.593	218.756
277.189	179.980	248.030	219.992
266.888	175.368	258.422	228.535
260.248	171.670	262.549	230.018
254.278	170.327	264.590	229.683
249.867	165.497	261.733	234.131
240.634	162.834	263.134	236.789
229.478	164.295	270.807	235.837
219.224	166.017	273.348	232.342
203.559	168.623	275.483	224.307
185.770	173.193	275.131	214.452
163.616	174.186	269.336	206.208
133.584	192.122	272.997	181.370
99.066	213.048	284.218	154.071
67.257	228.714	287.735	127.187
39.212	245.014	289.635	105.961
21.913	248.557	259.869	106.391
13.504	258.291	234.530	107.364
4.403	257.407	225.167	121.355
18.213	249.755	224.247	142.297
69.929	244.961	188.920	154.384
117.807	237.725	140.931	160.053
164.330	231.381	110.781	158.423
199.491	227.062	87.586	150.498
221.767	217.244	90.360	153.321
247.629	218.702	82.822	142.317
229.392	0.000	203.431	191.290
259.081	223.770	177.929	143.990
276.647	224.170	210.334	242.822
294.723	221.778	214.313	129.235
323.014	227.314	189.396	121.758
324.418	226.716	177.732	133.125
267.284	171.752	148.070	318.481
258.390	100.427	228.676	415.755
262.946	4.053	237.671	222.452
367.737	0.000	253.649	0.000
389.625	0.000	209.724	0.000
228.603	235.577	108.152	147.494
205.075	237.607	132.138	140.384
173.989	235.581	162.391	146.434
145.432	230.202	190.775	157.790
101.994	226.329	228.277	172.345
97.942	227.315	221.699	177.998
100.018	220.849	221.343	188.992
103.482	216.544	217.086	192.303
121.403	208.973	201.789	195.159
172.731	193.610	159.057	188.136
211.027	190.947	147.112	182.053
230.221	196.364	175.246	163.173
244.456	198.546	184.952	158.530
278.855	202.542	186.787	147.538
314.479	192.743	207.635	150.667
339.267	177.668	241.990	162.636
397.951	174.893	244.703	165.515
407.313	0.000	269.271	0.000
557.489	0.000	337.674	0.000
434.976	189.048	259.351	166.321
439.165	188.976	236.291	176.985
440.402	189.785	199.206	178.401
443.908	191.469	177.939	179.757
451.201	186.736	167.291	184.454
454.989	186.700	160.599	183.117
450.181	186.037	170.454	181.815
451.405	189.859	183.739	176.219
448.235	190.497	201.761	179.630
445.722	193.950	211.688	178.657
442.008	193.520	217.178	180.978
433.492	195.376	225.484	182.531
426.065	203.573	215.356	184.455
392.480	185.782	256.336	224.176
395.844	184.311	238.349	231.560
386.836	197.092	234.715	221.010
372.924	203.162	234.591	215.958
360.869	203.327	228.766	213.331
346.550	203.539	219.849	213.791
324.113	201.641	211.281	207.924
295.448	203.314	200.959	201.949
269.959	208.010	179.184	198.495
230.993	217.309	208.600	191.966
213.805	224.229	222.553	203.352
177.234	226.229	260.318	216.126
155.098	230.467	278.853	216.336
150.808	232.259	277.635	217.739
149.783	234.884	273.573	218.465
151.035	235.430	265.966	220.675
157.335	235.406	258.365	220.650
162.579	237.122	251.671	221.290
167.213	238.268	246.432	222.369
171.173	238.524	241.200	223.845
172.249	239.442	243.079	224.040
173.323	239.061	242.474	227.604
172.580	240.233	246.144	228.422
169.975	240.717	249.864	229.950
166.484	240.460	256.005	231.493
164.400	239.052	258.373	235.515
163.428	238.058	259.264	237.135
162.954	237.564	269.190	237.004
163.347	237.271	283.920	242.170
164.705	237.807	291.372	244.477
167.619	236.208	295.750	247.281
172.844	234.552	295.784	248.443
178.788	230.746	295.106	252.767
187.536	228.860	290.206	255.971
197.300	228.724	281.136	253.167
208.288	229.270	269.730	250.154
221.956	227.792	255.996	251.286
234.957	226.575	242.310	247.695
252.703	219.683	219.392	255.909
264.205	220.609	209.791	255.451
285.085	215.852	190.262	257.713
301.699	217.837	176.699	252.174
318.087	216.611	162.934	251.974
331.914	212.603	151.582	248.428
342.345	213.020	144.488	246.758
349.739	214.724	143.975	245.362
359.013	219.063	141.600	235.030
369.412	222.331	135.984	228.944
376.430	223.466	134.320	224.992
380.523	224.183	132.761	222.387
384.292	224.999	129.393	222.786
385.316	225.772	126.765	224.232
384.627	223.167	124.954	231.826
380.886	225.369	126.954	230.244
376.922	224.172	127.377	233.221
373.244	224.993	126.618	231.615
370.107	224.340	125.806	234.518
369.082	224.231	124.304	236.097
367.156	225.696	123.742	233.049
366.960	224.531	121.755	232.259
367.326	224.570	120.445	231.324
367.948	224.862	118.786	231.259
368.007	224.930	119.503	231.359
367.858	223.417	120.167	233.189
366.194	224.433	121.991	233.545
365.831	221.829	123.689	237.255
365.819	220.763	125.614	239.461
364.681	221.982	125.531	238.967
364.153	222.635	126.055	238.461
364.305	221.524	125.563	240.730
360.572	222.679	128.758	239.626
357.668	223.124	131.722	239.761
356.819	224.732	131.637	238.649
353.565	221.574	135.705	241.706
350.665	220.250	137.809	243.590
347.449	220.144	138.355	244.583
341.917	220.144	141.988	247.214
334.216	219.828	149.502	245.603
328.111	217.642	153.924	247.035
323.786	219.416	158.319	246.158
320.688	219.032	160.302	246.971
319.360	218.441	160.954	247.901
318.469	219.149	161.546	246.760
317.682	219.386	161.933	247.723
316.975	220.063	161.863	247.679
317.197	221.831	160.837	247.274
316.924	222.302	161.507	246.717
316.558	222.302	161.873	246.376
316.558	223.124	161.775	245.300
316.319	223.457	161.909	245.134
316.955	222.277	161.273	245.145
317.587	221.566	160.740	245.856
318.753	220.971	160.376	247.452
320.121	221.121	158.805	247.897
320.113	220.971	159.398	248.209
320.601	221.476	159.505	247.970
321.088	220.971	159.807	248.631
321.395	222.066	159.610	247.894
323.282	222.041	158.209	248.412
324.738	222.041	157.253	248.412
325.539	221.566	156.356	248.291
326.633	221.209	155.529	248.563
326.808	221.447	155.354	248.495
327.054	222.702	155.223	247.393
327.158	223.176	155.117	247.087
326.350	222.227	156.617	247.868
327.125	221.989	155.441	249.204
327.212	221.153	155.450	249.616
327.966	222.041	154.716	248.754
328.490	221.751	154.404	248.597
329.260	220.855	153.943	248.956
330.461	221.328	152.862	248.313
331.331	221.092	152.300	248.124
331.322	220.737	152.808	247.885
331.667	221.210	152.841	248.431
332.503	222.034	152.128	247.607
333.371	221.263	151.474	248.438
334.033	221.563	151.407	247.482
334.217	221.855	151.624	246.588
334.982	221.440	150.982	246.662
335.491	221.791	150.691	245.888
335.935	222.606	150.150	245.073
337.307	222.141	148.807	245.707
337.984	221.250	148.997	245.501
339.068	222.024	148.728	246.332
341.320	223.007	145.567	246.171
343.033	222.567	145.010	243.128
345.331	223.595	143.407	241.132
346.902	223.975	141.968	239.113
345.367	223.933	143.595	237.027
342.554	224.914	148.018	235.854
335.955	224.690	154.925	238.703
325.970	224.539	164.610	238.909
316.708	223.698	174.159	238.211
303.838	221.244	186.239	239.869
295.615	218.695	193.372	242.169
286.016	215.733	200.830	245.527
278.325	215.697	206.646	245.532
270.305	215.670	213.827	245.307
264.461	216.501	219.194	245.432
262.173	215.171	218.467	252.634
262.264	215.390	220.167	252.580
260.366	213.779	222.503	256.161
256.949	214.194	227.133	257.284
253.802	213.223	231.885	258.564
252.510	212.331	233.491	261.474
251.188	211.573	235.300	263.638
251.767	211.706	234.920	264.577
254.394	210.645	231.784	266.719
259.224	211.573	227.110	265.972
260.696	213.017	224.580	264.021
261.701	213.371	222.961	262.831
265.913	213.745	217.825	261.883
268.894	213.418	210.136	259.451
270.601	214.244	206.069	255.430
272.711	216.350	202.332	250.998
275.972	217.352	196.439	248.482
278.877	217.940	191.918	247.012
279.341	218.538	189.290	244.041
279.411	219.705	187.056	241.995
280.341	218.965	184.854	241.956
280.447	220.841	183.472	238.574
280.445	221.244	183.194	236.896
276.873	221.210	185.095	238.338
273.444	222.180	187.687	238.377
270.055	222.375	189.833	240.288
266.821	222.780	191.336	241.136
266.724	222.569	192.027	243.599
264.926	223.466	194.166	242.812
262.957	224.063	196.830	243.714
263.322	222.709	198.449	248.025
263.476	222.642	199.717	248.598
265.836	223.276	198.294	242.934
270.533	221.737	193.099	243.500
282.533	221.784	181.327	244.991
290.964	224.036	174.779	245.764
303.578	227.715	162.804	250.249
316.679	232.461	153.315	253.223
324.903	236.441	145.920	244.885
360.478	234.161	124.258	248.455
370.969	229.359	128.631	244.008
374.765	228.962	143.163	241.872
376.600	230.807	175.509	231.466
371.304	230.539	202.189	224.706
372.638	222.371	238.069	221.850
365.989	221.046	261.416	219.385
359.995	220.363	277.181	229.936
357.165	218.188	284.463	221.528
377.765	219.607	267.022	222.565
392.974	213.067	246.789	227.049
399.914	210.719	229.523	228.680
405.840	211.528	215.314	229.708
421.753	206.533	186.548	238.572
439.189	205.445	156.928	240.585
452.204	209.206	129.344	236.461
456.034	216.511	122.190	226.293
457.762	220.484	118.294	218.586
456.130	221.578	118.329	211.785
447.728	223.755	127.026	207.277
432.666	223.274	144.711	207.194
420.471	224.390	160.995	207.862
403.144	223.043	183.386	211.563
391.823	218.058	198.406	221.359
376.373	217.939	215.556	226.306
336.320	222.909	254.863	218.243
303.170	233.030	280.483	192.277
305.892	226.597	262.798	213.963
302.731	224.639	253.543	207.626
302.411	223.939	241.507	205.660
304.802	220.820	225.578	210.780
308.124	218.393	217.676	208.971
309.810	218.615	212.647	207.448
310.890	218.131	209.091	207.231
311.922	218.709	209.788	205.164
313.066	221.230	213.233	203.876
313.952	223.599	218.880	205.088
313.476	223.257	225.621	207.931
310.026	221.966	234.822	214.204
304.806	221.675	246.421	215.725
299.460	221.353	256.816	207.565
297.827	220.559	257.676	208.739
294.092	221.756	259.996	206.797
290.641	223.951	258.600	205.412
284.938	226.330	255.599	204.951
278.406	227.418	251.617	208.113
266.818	227.300	237.011	207.567
260.838	230.568	227.772	209.808
257.726	231.479	216.624	209.009
250.772	237.290	203.227	199.693
242.935	238.411	168.877	191.093
236.895	241.569	144.187	192.344
230.121	246.583	137.003	198.032
223.750	250.597	134.684	207.070
210.331	254.006	130.504	204.380
