58.000	320.000	67.000	152.000
53.660	327.278	79.414	144.621
48.481	334.412	80.558	144.932
47.152	336.456	80.075	147.641
48.130	337.286	83.564	145.721
50.995	331.798	89.234	147.529
55.480	322.956	87.949	148.470
63.287	312.912	85.253	145.467
71.871	309.933	81.029	141.648
78.825	306.354	76.278	140.802
86.573	299.879	72.014	137.403
96.811	294.859	69.041	137.149
115.127	285.011	64.710	140.574
127.372	278.919	70.858	141.341
143.277	273.612	78.119	140.734
161.807	264.272	77.832	145.244
183.272	262.084	77.788	143.779
244.275	250.676	81.354	153.147
266.883	255.871	85.577	147.131
290.384	253.454	92.086	146.682
311.605	253.043	89.376	141.584
330.769	246.715	87.349	143.360
361.409	241.064	77.459	140.746
378.593	238.447	72.978	137.350
393.609	232.365	73.077	140.106
405.677	226.147	74.213	139.771
419.098	219.722	70.217	141.467
440.651	218.168	64.780	137.832
446.210	215.109	66.754	138.908
446.465	214.075	72.892	136.590
441.696	212.983	77.444	143.650
434.191	220.724	78.016	143.694
421.347	231.721	82.220	139.087
418.921	234.758	80.604	142.930
418.701	241.409	78.029	143.247
420.381	251.534	84.065	141.171
426.511	259.591	81.790	140.158
437.328	268.423	85.659	136.889
447.014	272.581	83.675	134.674
454.272	270.580	82.727	134.793
462.926	264.360	76.917	138.856
466.774	262.767	77.202	137.235
480.462	261.533	71.880	137.544
488.062	265.937	71.966	137.155
498.865	272.441	72.029	138.691
513.521	278.159	72.744	136.748
524.661	279.048	74.228	134.778
533.630	273.584	71.249	139.898
548.783	261.396	62.525	142.994
548.840	251.420	61.987	137.529
545.805	246.853	64.482	133.315
537.677	248.591	67.342	134.605
524.232	251.318	63.913	138.063
519.292	257.763	60.262	133.457
514.743	257.776	60.658	132.793
510.971	255.454	61.136	133.899
504.211	252.417	63.456	131.650
496.156	248.122	62.350	128.836
493.088	248.126	62.665	133.512
489.180	247.368	62.579	133.694
486.589	245.855	61.170	135.129
481.097	246.519	63.119	134.958
467.475	247.801	67.016	134.869
456.404	248.729	69.474	134.310
445.746	250.678	70.358	133.699
437.353	251.665	69.273	132.162
431.472	252.490	67.761	130.869
429.283	252.128	65.872	129.585
434.366	250.539	64.904	130.435
441.138	248.574	67.421	131.400
450.808	248.768	66.603	130.186
455.220	246.488	66.380	130.345
447.635	247.361	66.124	129.697
433.814	248.380	67.454	130.810
416.333	248.073	68.125	132.540
399.342	250.342	69.012	131.674
382.760	252.649	67.510	131.869
350.754	258.100	69.393	127.704
335.826	257.698	66.564	130.150
319.311	258.536	69.117	129.888
304.051	258.485	68.815	131.117
285.212	256.949	71.973	131.993
261.749	258.123	75.763	129.942
246.629	257.398	76.080	129.399
230.268	257.548	78.154	128.898
217.517	257.153	78.654	128.100
207.671	256.374	80.696	130.213
196.112	257.379	79.438	130.816
187.839	258.114	81.338	131.271
179.820	259.076	79.647	131.434
174.019	261.118	77.078	130.736
172.085	261.895	72.523	129.915
170.461	263.019	70.409	128.926
168.365	263.356	70.560	128.681
167.124	263.268	72.864	129.377
166.364	262.381	71.501	131.210
167.210	262.237	71.882	131.617
168.696	262.820	73.219	131.344
167.565	263.642	74.188	131.636
164.577	264.503	75.788	131.599
161.954	263.783	77.912	133.023
162.523	264.125	79.538	132.034
161.909	265.111	83.338	130.857
168.824	263.715	78.460	133.722
170.150	264.383	78.533	134.988
173.642	263.509	78.849	137.838
178.310	262.747	76.664	141.716
182.534	263.535	73.628	142.457
193.262	266.166	67.713	139.764
197.121	262.127	67.277	143.191
202.109	268.661	71.187	135.141
205.933	270.218	76.961	134.000
207.124	267.273	70.307	136.328
190.836	263.507	75.051	139.994
195.078	261.291	71.127	138.638
176.717	258.770	81.327	145.121
174.448	259.369	76.952	140.944
176.370	262.423	72.911	138.929
174.460	263.678	69.822	136.907
168.646	261.992	69.610	137.911
162.705	262.898	68.896	136.648
151.958	263.385	73.025	135.469
155.207	263.989	68.067	134.825
149.299	265.685	67.701	136.269
150.715	264.853	65.805	135.637
148.547	266.021	68.370	135.438
150.089	265.835	65.499	134.303
153.642	266.590	64.388	133.012
158.548	266.408	63.713	132.868
161.500	265.228	65.505	133.285
165.474	264.171	65.738	133.801
167.850	261.191	67.589	135.708
169.395	259.813	69.218	137.546
172.970	258.936	69.729	138.202
175.836	255.583	68.088	141.876
176.566	254.358	67.503	143.147
177.631	254.427	65.551	143.276
176.740	255.448	64.179	143.088
168.952	257.172	65.552	141.094
161.236	257.361	67.454	141.299
152.717	257.931	67.208	140.631
143.727	257.682	67.415	140.110
133.914	257.207	67.477	142.060
119.245	258.315	68.780	141.772
110.007	258.933	69.527	140.913
102.218	259.074	68.056	141.771
95.740	259.312	66.585	141.522
89.493	259.351	68.491	141.276
83.880	259.060	69.778	142.762
83.419	258.471	65.467	144.251
83.637	258.457	64.514	143.773
83.901	257.509	65.593	144.956
84.379	256.585	67.966	145.316
88.979	255.854	72.564	145.405
91.771	255.482	74.682	145.448
95.282	255.746	76.661	145.244
97.827	255.703	79.285	146.147
101.732	256.343	78.459	145.655
105.903	255.834	77.290	146.174
107.315	255.610	77.499	146.414
108.313	254.467	76.727	148.573
107.474	254.646	77.146	148.240
106.147	253.567	74.979	150.360
100.988	254.544	73.928	148.826
96.371	254.008	74.068	150.603
91.006	254.132	74.886	150.757
85.830	253.744	72.751	151.340
80.396	253.899	71.549	151.562
73.865	252.934	70.755	152.537
70.634	252.420	68.961	153.496
68.105	253.337	68.375	152.234
66.836	253.830	67.485	151.723
64.845	255.590	66.899	149.968
62.749	256.407	68.751	148.836
61.084	256.787	70.399	148.374
61.449	257.562	69.736	148.147
61.678	259.477	68.902	145.740
57.300	260.092	69.799	143.904
51.623	260.541	71.687	143.450
41.420	261.001	75.073	143.277
40.037	260.984	73.231	142.532
34.558	254.215	73.079	148.050
33.539	255.156	70.485	145.826
23.479	254.230	75.701	146.035
15.794	254.853	78.532	145.861
8.717	255.781	81.930	145.228
8.492	256.249	80.173	144.538
8.037	255.921	78.154	144.522
7.197	246.795	75.281	149.114
5.929	250.095	72.114	146.209
1.865	253.290	71.316	141.565
3.505	251.752	65.595	142.783
4.719	253.267	61.228	139.451
5.415	259.134	61.458	135.154
3.532	259.482	62.606	138.981
2.786	258.198	64.551	143.327
66.067	258.308	65.133	141.758
0.000	259.317	63.282	148.147
61.432	256.340	67.163	143.875
5.760	252.513	68.795	151.835
66.393	258.087	60.276	145.354
64.762	261.847	64.000	140.382
68.099	263.561	61.523	139.580
73.268	268.857	60.554	131.039
69.917	265.451	65.773	137.493
69.072	266.147	73.500	136.472
40.298	264.670	100.683	137.792
34.107	258.576	96.214	146.203
48.987	268.775	98.399	133.599
49.510	271.875	104.274	128.896
66.968	271.470	93.838	133.141
67.699	270.984	99.548	134.009
87.774	272.892	88.731	130.189
67.594	271.466	82.627	141.948
99.151	276.671	84.626	128.728
108.848	268.214	83.777	135.882
146.209	261.378	66.417	132.788
153.521	262.688	68.489	129.144
170.593	266.552	75.168	125.743
183.170	268.600	77.099	123.724
194.739	271.142	74.065	119.105
207.512	269.840	74.889	120.757
221.618	268.008	72.418	122.113
243.571	261.989	70.191	128.153
258.075	257.865	70.751	131.526
270.503	255.657	76.366	133.104
283.169	250.556	84.312	138.574
296.362	256.707	88.615	133.615
322.240	256.912	81.094	133.990
339.473	259.832	78.049	132.354
354.884	261.811	75.318	129.535
373.861	259.283	78.848	131.809
391.718	262.000	77.212	128.920
412.020	256.120	75.680	134.148
421.713	254.360	76.835	134.674
252.418	259.323	67.639	135.258
266.081	262.176	61.445	130.493
272.654	265.726	64.660	126.418
283.278	267.155	62.766	125.310
286.944	267.801	65.627	124.411
284.526	265.604	69.445	126.755
300.144	265.678	65.862	128.046
308.455	265.862	61.256	127.418
317.856	266.736	57.623	129.587
324.389	266.613	56.812	131.302
328.209	266.635	57.254	128.653
332.782	262.866	58.522	130.768
337.707	259.288	58.487	135.105
339.986	259.990	60.783	134.438
342.439	259.556	61.972	132.550
342.308	261.670	67.198	131.674
342.285	263.546	68.825	129.077
345.094	264.076	75.649	127.615
346.405	262.596	81.799	127.255
347.267	260.592	87.035	127.870
350.514	260.032	87.444	129.049
355.805	262.968	87.981	126.550
363.832	264.502	83.605	122.770
373.176	262.322	75.721	124.789
382.364	258.536	69.822	129.076
387.710	257.407	67.133	130.148
394.601	256.792	63.405	130.129
401.366	255.311	59.396	133.135
408.143	256.875	60.548	129.899
407.580	257.995	63.098	129.119
410.810	269.959	64.389	117.635
414.788	271.278	64.992	116.874
416.960	270.837	71.896	118.537
435.137	254.095	73.146	134.634
433.732	264.394	77.820	122.481
444.252	260.762	72.704	124.578
457.383	259.152	63.637	128.371
453.456	261.260	66.334	129.464
448.442	258.272	69.184	131.660
443.774	250.190	68.810	137.470
451.312	249.632	66.889	135.061
442.226	253.963	64.900	128.252
449.536	243.053	66.025	144.177
442.198	250.337	67.630	136.630
436.623	247.634	80.551	142.312
436.245	249.591	78.204	138.118
428.222	243.757	77.198	145.653
419.594	241.784	78.224	150.031
412.045	237.925	81.102	153.957
401.619	240.613	84.374	151.674
390.077	232.635	87.801	161.689
380.249	234.448	82.975	160.659
371.794	238.078	78.285	157.166
364.968	237.727	73.016	156.371
354.518	242.060	75.714	155.272
348.015	246.191	73.957	150.692
337.503	241.656	73.006	158.277
327.887	238.562	73.223	162.847
318.941	238.627	75.950	162.923
312.851	242.951	78.358	158.237
308.571	245.284	79.505	158.416
303.988	249.073	83.262	156.295
304.152	247.596	82.713	157.811
303.469	252.837	80.880	153.900
305.712	255.130	77.583	151.545
306.437	261.003	75.061	146.825
303.980	258.278	70.465	147.539
302.847	255.368	72.552	150.450
298.264	253.301	76.326	155.219
295.116	254.977	78.063	151.596
294.955	255.126	80.104	155.481
295.536	256.609	80.706	152.698
298.329	251.432	79.426	157.794
298.794	251.842	76.213	155.187
308.158	249.763	84.168	159.993
314.478	248.746	84.013	159.545
323.447	250.026	81.710	155.227
330.294	250.201	79.014	155.347
340.628	252.161	76.959	151.749
345.616	254.390	76.703	148.411
352.106	251.193	75.804	152.835
357.762	251.051	71.570	153.608
363.260	249.395	69.014	154.934
369.767	242.873	69.192	157.638
369.452	242.513	71.635	160.657
368.199	244.876	68.003	154.843
364.831	249.023	71.559	152.426
367.931	246.341	74.967	149.128
364.623	243.865	73.528	154.609
362.223	246.783	77.794	151.422
360.741	248.273	76.984	149.052
355.720	244.115	78.881	152.603
359.492	247.977	72.464	144.353
353.406	246.578	71.407	148.679
352.981	249.583	69.955	139.484
352.615	245.029	69.471	151.425
350.897	245.143	68.735	150.716
352.686	244.581	70.183	152.516
352.484	245.479	70.214	150.409
354.313	246.524	71.587	149.335
355.687	260.815	74.100	131.824
350.361	261.756	72.884	131.883
343.803	254.619	74.158	141.744
351.073	263.251	70.552	132.735
368.177	260.783	66.680	131.388
355.180	263.329	64.817	134.140
369.353	258.261	67.942	135.151
367.269	255.078	66.663	142.674
363.502	254.474	67.730	143.812
376.236	252.473	67.510	149.298
473.273	273.007	72.278	125.324
472.264	268.500	75.703	129.853
472.944	269.980	78.620	129.187
474.504	273.656	81.373	129.366
479.757	279.632	79.028	122.349
480.993	275.562	79.816	122.910
484.007	278.763	81.187	121.183
481.549	280.524	83.567	121.568
486.116	281.161	79.705	120.283
484.953	277.248	79.598	122.250
482.435	270.544	78.204	131.302
660.896	269.364	67.775	131.391
675.684	264.774	71.065	135.404
673.869	269.078	66.096	128.850
666.587	270.361	62.194	127.428
698.648	265.527	66.387	126.046
694.577	261.554	65.967	128.586
673.986	273.197	71.134	119.821
675.673	260.382	72.784	127.569
651.819	268.130	80.231	124.577
650.415	269.149	79.918	123.914
646.633	266.786	72.138	127.090
646.622	267.290	69.359	126.008
645.440	266.292	67.868	128.047
642.146	270.457	74.623	125.117
639.385	270.230	76.491	123.033
647.101	269.555	78.307	124.618
660.789	267.925	70.290	126.522
635.579	269.348	81.999	121.174
630.184	273.358	77.630	115.386
679.169	279.039	81.076	109.799
683.876	275.936	84.685	113.506
689.212	276.616	88.664	113.955
693.988	275.597	89.305	114.998
705.308	273.053	85.526	116.254
716.688	269.508	79.062	118.988
734.689	259.015	68.867	126.343
747.706	261.535	64.840	123.486
757.952	255.766	64.989	127.856
768.928	259.688	66.646	123.262
774.789	259.574	69.254	121.854
775.459	257.347	77.389	124.232
777.461	254.043	84.588	129.603
778.064	251.395	92.176	134.875
778.070	251.618	92.861	135.553
777.204	252.316	93.345	135.541
774.250	253.125	92.031	134.590
771.464	254.085	92.738	135.162
773.367	255.145	87.585	133.167
773.786	253.191	86.036	134.476
773.680	251.329	86.336	136.419
775.730	250.413	83.394	136.814
778.895	249.322	78.168	136.774
782.677	249.297	74.305	135.414
790.134	250.398	70.887	133.076
796.153	251.499	79.832	133.309
802.630	253.994	88.478	132.263
808.792	255.637	94.440	132.479
815.683	255.257	98.709	134.717
824.776	255.595	96.958	135.683
828.525	254.865	95.859	138.312
832.674	253.780	95.931	139.145
837.647	252.540	92.276	139.520
845.394	250.503	84.960	140.567
849.936	247.598	81.370	141.940
855.802	245.698	76.422	141.754
861.805	243.562	71.237	142.575
867.024	242.083	71.684	142.395
871.090	240.959	75.670	137.872
873.526	241.323	79.649	138.747
876.436	240.774	82.547	139.351
875.818	243.072	84.182	139.689
872.488	245.459	87.512	138.514
866.543	248.551	92.255	136.372
865.971	249.943	90.067	136.029
864.555	251.732	89.743	136.593
864.025	252.681	88.208	136.374
864.954	252.840	86.191	137.075
867.011	251.621	82.388	139.800
874.201	250.254	74.663	139.692
878.797	249.716	72.143	138.410
882.327	248.063	70.952	138.043
883.684	247.315	73.838	137.485
890.255	248.436	68.632	134.291
894.512	249.266	64.595	131.004
900.918	250.905	58.763	124.719
910.516	250.916	49.484	123.691
913.379	252.195	46.621	124.850
918.747	252.684	41.253	123.475
915.081	250.008	43.661	127.455
918.197	270.617	41.803	110.608
920.121	273.573	39.879	108.298
925.067	272.800	34.933	107.884
799.973	268.152	43.138	112.933
777.710	276.709	59.491	111.519
777.856	267.788	61.358	118.112
678.107	275.055	61.645	111.706
674.001	275.528	63.453	110.702
668.071	276.899	61.482	110.760
662.576	263.981	59.473	122.967
646.901	265.273	56.902	122.425
635.302	262.000	57.905	124.721
624.749	263.651	60.306	123.623
616.963	262.701	61.072	122.776
605.078	263.278	62.747	121.881
591.665	272.705	66.020	115.067
581.049	278.836	70.904	106.207
578.316	272.578	68.769	111.456
573.586	269.340	68.365	113.786
569.796	267.012	70.643	116.385
572.259	263.076	67.869	120.893
574.626	263.553	68.061	119.502
580.119	262.298	66.061	120.722
587.273	261.791	63.015	121.381
594.290	261.613	62.201	122.212
606.203	262.112	60.161	122.574
614.231	264.499	59.890	120.058
619.662	264.321	60.031	120.848
623.025	263.066	61.552	122.103
627.834	261.744	59.861	123.580
632.136	261.769	60.909	123.752
634.868	261.390	59.611	124.123
637.356	260.050	56.981	124.955
638.473	258.215	55.024	127.002
637.926	259.171	52.634	125.739
633.985	259.943	53.865	125.446
628.211	263.236	55.776	122.301
622.182	265.114	56.285	120.946
616.424	267.828	54.407	118.329
606.912	271.378	55.511	114.566
597.004	266.513	54.840	119.152
590.303	265.587	55.745	119.824
583.952	265.562	55.598	119.475
577.721	264.904	57.851	119.519
572.580	263.962	60.636	118.880
565.660	263.569	65.211	118.052
564.694	263.338	70.065	119.195
564.307	263.222	76.363	119.661
563.883	264.263	81.694	119.031
564.607	266.641	84.913	116.852
565.037	271.405	88.419	110.979
566.394	272.709	90.007	109.994
569.297	274.658	91.902	107.967
573.986	276.361	94.214	106.826
579.087	277.727	95.164	106.349
584.015	279.237	99.394	105.874
587.272	280.930	102.729	105.507
587.295	281.382	108.188	105.690
584.969	281.119	114.571	103.382
584.991	278.625	111.958	105.890
584.988	276.834	101.001	106.681
584.900	272.306	87.319	114.711
561.121	266.236	88.456	120.960
555.575	264.144	85.812	123.169
551.494	266.360	80.604	121.753
535.332	265.179	80.588	120.700
520.595	263.825	88.047	122.072
518.525	264.267	80.320	125.112
521.588	264.916	71.811	125.286
526.213	266.102	61.977	122.097
522.002	265.612	58.766	121.037
520.219	264.872	56.258	122.806
518.187	264.826	54.040	123.709
514.277	262.193	54.377	127.957
416.852	245.147	74.992	141.800
386.118	241.939	72.340	147.540
383.865	247.205	73.329	143.034
380.109	246.634	79.419	142.371
376.943	249.257	72.729	141.576
370.613	261.041	65.429	129.958
359.357	268.339	62.534	122.456
349.971	272.362	65.564	119.633
340.342	274.981	68.355	115.773
327.158	275.252	77.940	115.588
312.874	274.626	89.524	116.512
301.737	267.365	95.469	127.570
297.512	263.695	98.017	131.672
298.248	259.857	95.662	135.900
297.007	257.472	87.328	137.477
294.413	255.078	83.850	139.344
289.529	247.906	76.689	144.584
287.038	246.268	72.289	147.418
281.605	241.301	70.035	153.597
280.692	240.521	65.913	153.480
278.572	240.907	64.587	151.558
273.104	246.919	61.734	143.130
263.594	242.657	68.559	146.508
261.978	246.014	67.825	143.870
263.131	248.654	64.313	144.828
259.104	252.170	65.579	142.115
251.045	257.420	68.859	139.239
244.955	262.592	71.621	132.775
232.881	265.279	81.488	128.288
224.582	266.834	88.578	129.525
216.164	266.376	92.952	130.616
200.362	271.764	102.087	125.640
194.559	271.120	102.149	127.654
189.645	272.059	102.030	126.810
181.523	272.611	103.932	127.062
174.794	274.247	100.238	125.901
154.727	280.150	93.541	120.308
145.493	281.721	86.773	120.014
138.306	282.527	81.920	119.092
129.247	282.336	82.573	118.409
122.443	282.816	85.489	117.633
111.155	281.585	94.259	118.238
102.949	280.051	97.526	120.390
94.331	278.819	100.786	122.658
90.509	278.618	97.474	125.707
89.229	281.318	90.752	123.174
88.804	281.013	79.253	123.380
87.206	281.791	77.527	122.527
85.533	279.439	79.076	123.915
85.726	277.224	75.045	125.805
82.742	274.929	75.466	128.095
73.037	273.678	80.983	128.680
66.111	272.572	85.080	129.782
59.703	273.619	87.966	130.237
52.986	276.484	90.830	130.397
47.846	277.340	93.775	129.848
39.610	282.248	96.200	124.837
33.806	286.668	96.628	120.075
28.967	288.489	92.834	118.351
22.477	289.387	89.644	117.959
14.606	289.044	90.214	118.921
10.386	286.986	86.281	121.734
7.643	283.017	84.260	126.667
6.480	278.915	79.452	130.796
5.607	272.904	76.329	137.035
6.361	266.037	73.883	145.507
6.134	251.772	74.378	159.412
7.755	246.435	72.893	162.029
7.956	242.070	74.502	163.085
7.950	242.051	69.647	160.872
10.027	238.316	71.023	163.488
13.257	242.989	68.256	154.934
14.675	239.942	68.118	157.020
16.143	240.500	74.493	157.659
17.841	240.545	83.370	160.352
20.496	243.905	89.152	159.430
23.178	253.350	97.243	152.902
24.949	259.828	97.971	148.964
27.596	264.717	99.305	144.660
34.296	268.536	97.106	138.597
41.776	271.828	96.797	134.143
47.050	270.803	100.463	134.727
46.880	272.200	108.394	132.806
46.485	271.739	113.463	132.706
49.321	272.013	114.605	132.424
51.299	269.052	114.576	136.270
51.250	266.139	117.514	139.284
53.505	267.090	115.294	137.210
57.915	265.288	108.408	138.403
61.194	264.996	100.484	136.942
65.442	266.365	93.238	133.414
73.550	264.880	90.209	135.178
78.883	266.288	92.619	135.117
82.732	265.112	88.509	138.423
81.198	263.612	89.484	141.293
78.467	263.102	86.147	140.741
71.823	262.948	84.058	141.567
67.505	263.386	90.176	140.887
62.905	261.930	97.483	141.510
60.145	259.394	99.039	143.926
55.329	258.329	94.922	144.824
49.356	258.585	88.065	144.421
42.173	259.917	85.709	144.809
33.118	260.783	81.236	144.129
24.788	261.738	83.791	143.637
17.574	262.328	83.347	143.664
9.414	261.858	84.046	143.861
0.895	263.060	82.963	143.660
0.000	264.227	77.331	144.275
0.000	265.786	73.340	142.127
0.000	266.859	71.164	141.239
0.000	266.987	68.743	140.424
0.000	268.921	63.336	139.638
0.000	268.288	55.667	141.803
0.000	268.985	48.575	141.258
0.000	267.756	43.933	143.215
0.675	266.424	41.187	145.442
0.928	268.817	37.402	137.389
0.849	269.382	36.457	136.087
1.008	272.393	33.894	133.474
0.386	296.120	32.051	110.096
0.067	310.434	26.347	94.602
0.000	306.616	23.201	95.024
0.006	309.674	21.040	91.894
0.701	311.429	27.032	88.754
0.172	306.443	29.291	95.361
0.919	299.250	32.576	100.675
0.000	293.222	39.726	101.853
0.026	298.974	37.133	100.070
0.000	295.653	34.397	99.780
1.138	294.993	38.992	103.035
0.268	290.793	33.629	106.280
0.987	297.078	41.776	101.518
0.000	289.662	32.010	105.958
0.061	295.379	42.196	101.365
0.000	291.339	29.668	105.217
0.000	296.179	36.444	97.204
0.064	284.627	33.260	111.990
1.384	283.378	39.227	115.936
0.413	279.709	30.668	121.106
1.523	283.091	36.720	116.937
0.294	281.545	33.708	118.812
1.616	280.323	34.024	116.713
1.016	274.828	28.974	127.392
1.203	266.483	27.999	129.826
1.079	265.616	29.597	129.802
1.308	265.628	29.595	130.311
1.360	267.240	35.469	128.610
1.186	264.934	32.943	135.243
2.990	273.099	43.643	123.880
0.000	283.850	35.971	115.264
1.326	284.634	42.402	114.513
0.000	287.200	40.374	108.409
1.063	286.840	37.903	107.303
0.598	284.771	36.242	109.797
0.260	288.494	39.148	108.707
0.266	286.501	37.021	107.856
0.087	293.843	36.922	102.616
0.140	293.083	33.613	99.749
0.186	293.545	32.637	97.874
0.232	291.738	31.115	97.330
0.410	291.529	31.444	98.136
0.000	299.895	28.360	96.611
0.131	292.739	32.785	98.036
0.000	292.234	26.054	100.466
0.000	296.083	29.378	97.826
0.000	294.723	26.678	99.899
0.196	308.296	24.083	87.815
0.531	313.829	28.361	84.646
0.142	306.113	28.767	106.383
0.000	307.544	32.843	106.043
0.247	291.753	39.767	123.912
0.000	257.297	54.606	159.008
0.000	253.698	59.659	163.381
0.000	252.723	63.227	159.907
1.659	254.448	64.867	156.285
2.405	254.509	66.598	154.886
8.214	255.636	66.375	155.710
11.386	255.745	71.290	157.425
18.649	255.491	73.533	158.549
27.409	254.673	74.665	158.434
36.152	254.969	77.481	158.441
45.252	256.248	85.463	156.457
50.986	255.402	94.101	157.221
55.985	254.201	99.776	158.862
60.594	254.573	101.168	158.145
66.340	254.439	98.145	158.210
71.325	254.086	96.017	158.814
75.477	254.682	94.694	156.681
80.275	254.192	91.848	156.660
85.368	253.601	89.244	156.296
90.044	253.827	86.274	156.056
98.004	252.901	81.182	156.212
101.979	250.942	80.228	157.158
105.735	250.584	80.441	156.252
111.728	249.483	75.875	156.316
114.498	249.031	75.354	157.076
111.145	247.670	81.007	158.961
109.604	246.428	83.597	159.975
107.856	246.801	85.511	159.137
106.574	246.857	86.648	159.557
105.714	247.361	87.420	158.919
106.024	247.959	86.961	158.396
106.372	247.793	85.494	158.910
107.537	248.225	83.453	158.825
108.648	247.809	81.771	158.992
110.858	248.296	78.798	157.664
113.816	248.582	76.230	157.008
116.530	249.313	75.439	156.366
120.870	250.154	73.545	156.098
125.380	251.279	71.145	156.653
132.575	251.642	67.999	156.470
141.834	253.024	67.172	154.806
147.211	252.745	68.172	154.858
153.958	252.929	66.621	154.174
161.228	253.142	64.100	153.579
166.519	254.138	61.697	152.510
172.587	254.777	61.323	151.547
175.276	254.141	62.908	151.964
178.047	253.891	63.729	152.318
181.652	254.006	64.577	152.142
183.089	253.915	65.239	151.963
183.810	255.480	68.004	150.333
183.465	256.598	70.947	148.493
182.520	256.819	73.321	148.544
181.177	256.729	76.153	149.774
179.336	257.794	81.114	148.520
177.896	257.538	88.152	147.884
177.509	259.604	92.844	144.510
177.415	260.520	92.974	143.135
176.847	262.422	93.106	140.521
177.092	263.351	94.165	138.641
182.405	262.984	88.229	137.254
185.505	262.714	85.809	137.691
186.181	262.998	85.613	134.913
187.297	261.376	84.672	137.803
188.414	260.797	83.921	139.203
186.773	260.913	84.703	138.539
185.175	261.245	84.512	135.280
184.397	261.108	85.759	134.409
182.644	259.044	87.464	136.317
180.129	258.997	91.139	137.440
175.587	259.747	95.226	136.827
175.736	261.072	93.762	134.601
177.489	260.396	90.438	135.213
180.715	261.007	86.503	134.081
182.534	262.578	83.908	133.668
187.651	262.563	78.413	133.781
189.315	261.269	76.411	136.714
189.461	260.997	77.756	136.939
189.793	262.578	82.110	136.311
191.930	263.804	88.625	135.468
200.149	268.125	95.518	129.695
209.115	267.980	101.699	128.906
222.686	267.405	101.996	128.677
235.599	267.492	104.500	129.357
250.835	266.477	103.851	130.695
269.857	266.729	101.029	127.592
284.155	265.562	97.592	126.720
299.883	265.312	91.941	124.447
314.928	263.148	87.426	124.771
323.510	264.031	88.795	122.014
330.012	264.787	89.534	120.567
337.558	262.931	88.570	121.780
341.925	262.465	91.311	121.593
345.835	266.395	94.267	118.234
349.043	266.078	93.392	118.901
350.133	265.998	93.795	118.922
349.671	267.310	95.871	117.712
349.524	269.221	95.449	115.969
350.797	268.117	93.463	116.938
351.624	267.717	89.612	117.179
349.246	267.089	89.612	117.080
348.692	266.203	89.200	117.393
349.717	266.802	88.493	116.080
350.917	267.286	87.231	115.549
351.678	268.388	84.911	114.792
355.354	269.998	79.467	113.098
360.333	271.268	72.767	110.079
365.468	269.604	68.023	111.089
370.774	265.236	62.291	116.640
375.522	261.524	56.573	121.362
377.275	258.806	56.204	123.687
378.014	258.433	58.090	124.778
379.179	256.830	61.924	125.925
381.704	257.240	64.668	124.931
383.148	255.400	65.927	126.503
389.534	261.523	63.889	119.041
392.933	260.359	61.784	119.561
406.171	259.332	57.919	119.869
413.690	259.729	55.564	117.432
405.626	256.399	59.851	121.136
410.895	259.003	52.176	122.162
408.772	251.716	52.213	129.197
400.496	255.445	57.586	126.903
402.321	255.334	58.014	128.539
400.825	262.025	59.443	120.802
396.091	261.528	63.425	121.304
389.359	261.800	66.601	123.023
391.520	251.707	63.981	132.597
394.793	259.422	68.567	124.243
381.793	263.968	89.138	122.603
375.952	250.119	85.458	139.770
350.553	249.920	90.159	132.913
363.336	246.099	74.613	141.551
372.852	241.467	64.055	145.030
367.351	246.154	62.732	143.770
366.513	246.378	64.342	146.523
360.427	247.113	66.797	145.727
356.403	246.494	68.626	146.561
352.649	246.672	69.189	142.943
347.273	245.097	71.872	146.563
342.594	244.894	73.705	146.775
334.827	244.798	76.008	146.569
329.400	245.711	80.708	145.100
322.825	245.690	81.036	146.013
315.955	246.050	79.631	145.886
309.814	246.897	79.208	145.595
299.582	249.935	81.580	143.355
294.012	250.101	81.121	143.210
288.672	250.396	80.543	142.370
284.495	250.400	79.497	142.200
280.624	250.865	77.379	141.952
276.397	252.162	73.592	141.351
274.566	251.853	72.170	141.287
272.966	252.381	70.548	140.294
271.493	251.735	69.717	140.473
268.549	250.965	69.292	143.667
261.823	252.132	70.374	142.790
257.280	251.075	71.463	144.448
252.671	251.401	75.895	143.197
248.633	251.025	80.823	143.689
245.627	251.591	84.588	142.784
243.688	252.033	86.591	141.805
242.593	252.369	85.019	141.913
242.618	252.227	85.559	141.477
242.817	252.178	84.070	141.795
244.357	251.812	80.723	142.862
249.332	251.393	75.407	141.654
252.701	251.169	70.201	142.490
258.058	251.551	65.086	142.440
262.043	251.326	60.601	142.352
264.800	250.728	56.992	143.690
266.749	251.625	58.958	141.632
268.290	250.821	65.883	142.921
268.625	251.536	74.435	141.827
270.263	250.413	78.523	143.915
271.267	250.764	81.280	144.391
280.768	250.484	77.077	144.871
286.898	249.537	75.297	145.143
293.244	249.348	75.262	145.098
299.815	248.898	75.478	145.684
304.902	248.314	75.022	145.514
313.028	246.990	73.478	146.119
321.508	246.023	70.042	146.974
329.969	246.718	67.905	145.822
338.591	248.558	67.760	142.702
348.130	249.014	67.125	142.425
359.064	250.601	69.139	140.300
367.770	251.219	70.945	138.092
373.492	251.546	75.303	136.829
378.520	249.412	77.298	138.461
381.958	248.544	79.667	139.734
387.000	248.359	81.209	140.084
389.439	247.961	80.915	141.052
391.493	247.525	80.363	141.288
394.150	247.380	79.162	141.834
395.756	246.845	79.556	142.310
399.462	247.544	75.025	140.729
402.193	247.977	70.787	140.424
404.730	248.891	65.348	139.308
405.645	248.801	63.082	139.717
405.648	248.481	62.876	139.608
404.192	248.774	64.814	137.753
402.335	248.578	65.862	137.809
399.553	247.856	67.338	138.871
397.168	248.315	66.990	139.346
395.919	248.937	65.629	139.985
394.427	251.116	64.095	139.243
394.955	251.955	61.128	138.549
394.800	253.917	60.578	138.015
396.420	255.702	58.308	138.322
398.327	256.855	55.665	140.507
401.988	256.912	53.502	139.391
403.606	257.042	52.956	138.884
406.586	256.013	52.518	138.436
408.811	257.240	57.146	135.054
413.398	261.556	57.984	132.231
418.524	262.245	59.185	132.923
421.340	259.782	59.575	135.256
416.814	254.853	62.677	139.669
420.580	258.481	60.568	134.381
424.301	260.248	52.498	132.092
418.596	257.290	60.073	138.791
422.310	259.309	61.547	133.724
428.975	264.870	58.429	128.698
431.626	261.712	58.709	132.680
435.273	264.795	57.034	128.240
438.629	261.696	55.521	130.821
439.333	262.553	55.618	129.667
439.703	264.054	56.116	128.199
437.412	264.596	58.530	127.688
435.338	264.929	59.877	127.671
430.874	261.849	61.542	128.910
424.271	262.106	65.844	127.951
422.785	260.126	67.498	129.067
421.415	261.945	66.674	126.914
419.195	261.839	65.741	125.833
414.090	256.859	64.271	131.228
402.062	254.011	66.092	133.227
410.605	256.383	64.164	131.013
403.394	261.032	69.173	127.475
406.509	262.535	65.742	126.501
402.440	263.656	65.042	125.967
401.421	267.793	63.768	120.914
395.214	268.647	66.399	118.931
391.983	261.519	66.481	125.923
394.798	265.566	62.399	120.828
381.647	264.946	70.097	120.095
368.458	262.257	80.165	123.541
374.991	261.245	73.190	126.750
372.921	263.121	69.930	123.262
373.533	262.272	67.105	123.980
373.856	265.244	69.474	120.083
366.201	263.620	77.774	122.104
455.483	264.366	58.965	113.033
452.571	265.317	58.380	113.871
433.642	265.704	73.548	115.949
400.941	267.083	61.526	116.517
402.056	268.003	59.975	117.494
398.486	268.483	58.245	117.126
396.629	269.486	55.780	115.142
396.021	270.219	54.658	113.831
393.665	266.025	64.993	121.301
388.646	261.937	64.662	126.832
446.414	261.670	53.936	118.925
388.011	259.847	60.319	133.730
450.210	261.401	53.274	120.094
452.753	262.967	49.901	118.897
453.255	264.168	51.726	118.054
453.330	263.576	52.125	119.099
398.812	258.793	55.339	129.510
383.902	259.570	58.162	135.428
388.323	259.510	77.707	133.586
382.193	259.424	55.312	133.651
442.074	263.611	70.074	121.981
379.734	267.047	55.546	124.093
377.518	264.723	56.769	127.675
374.974	264.688	58.073	129.250
378.157	263.429	58.370	131.713
369.252	266.688	55.625	127.221
375.493	262.335	57.711	130.579
365.575	268.659	59.307	123.109
368.419	267.743	58.372	121.867
358.337	272.775	54.705	118.507
355.622	273.906	48.905	114.990
352.818	274.221	54.475	113.968
353.296	272.950	57.372	114.885
352.606	270.772	58.604	117.923
347.780	270.450	67.734	116.740
371.102	264.922	62.200	125.391
361.097	270.383	55.478	118.552
375.096	266.510	58.790	125.452
369.733	269.310	62.934	122.805
369.625	268.139	63.245	124.480
440.938	261.028	55.293	119.757
436.929	262.180	50.630	118.793
432.983	257.061	49.895	122.459
437.592	259.338	54.016	120.527
373.232	264.681	61.474	129.493
375.817	264.795	64.999	129.689
443.190	256.983	55.324	123.984
376.790	271.825	65.273	119.655
380.323	270.275	66.205	120.731
386.760	268.906	69.641	122.416
438.678	265.286	53.787	124.986
439.683	268.025	56.976	122.237
443.702	270.892	55.879	119.282
452.399	270.643	56.379	118.439
505.500	269.864	55.758	113.084
504.226	268.328	55.266	111.685
500.844	270.129	58.655	107.972
496.640	268.955	58.796	107.577
496.321	267.003	57.140	106.914
497.427	266.139	53.747	106.235
497.924	265.101	54.024	108.379
494.419	264.268	58.027	109.598
491.857	263.366	58.358	111.533
421.254	260.621	68.178	122.443
408.591	260.501	66.173	121.244
405.713	256.355	63.730	124.948
404.400	249.032	62.106	128.560
465.777	250.977	71.411	121.801
459.515	253.687	72.867	119.059
460.586	250.885	75.695	122.891
466.516	241.466	71.125	132.273
472.321	239.462	65.472	135.931
475.102	240.729	63.471	135.889
478.153	244.311	59.845	132.824
481.449	241.802	57.045	136.816
481.478	242.200	58.221	139.038
481.271	244.757	59.763	137.612
480.448	250.060	64.244	130.348
482.437	256.573	68.631	122.618
504.900	261.150	66.396	117.539
471.277	260.310	73.374	115.215
448.181	257.646	78.876	122.128
453.683	249.191	62.933	129.942
462.969	254.319	61.288	128.485
474.943	257.945	57.930	125.186
555.879	267.473	53.358	110.908
561.272	270.809	50.165	107.622
563.790	269.816	48.397	110.874
564.451	272.348	48.376	107.846
566.192	273.628	50.699	108.432
567.233	275.421	51.407	106.819
570.941	275.628	51.703	106.923
572.289	274.165	55.258	108.264
573.453	272.468	56.830	109.471
574.058	270.894	57.210	109.152
573.811	270.209	58.080	109.862
578.118	271.609	56.872	107.994
584.936	272.391	54.256	110.527
589.183	272.539	54.522	111.232
593.424	273.996	53.496	111.117
597.226	274.539	52.856	111.595
601.347	272.555	52.843	112.521
605.545	272.026	53.187	111.411
608.708	271.894	54.506	110.590
609.603	272.846	58.123	110.025
609.275	272.748	58.912	110.059
607.215	272.866	61.099	111.521
603.458	274.412	60.586	110.975
601.867	276.083	58.153	110.677
600.091	277.401	57.686	111.174
599.112	276.147	57.583	112.609
597.206	276.503	57.859	112.934
595.395	276.800	59.713	113.729
595.286	277.139	55.561	115.274
599.248	276.445	55.332	115.610
600.123	278.641	59.292	113.262
596.168	277.842	60.929	112.031
589.703	275.690	68.878	117.924
585.971	273.752	72.757	118.554
594.321	273.083	65.477	118.336
598.841	275.722	59.628	114.157
595.868	275.696	62.165	115.139
598.929	276.194	64.198	115.267
606.630	277.612	65.618	114.282
570.436	276.004	68.538	120.116
564.069	277.034	63.718	120.163
631.989	272.716	67.850	114.705
640.967	273.139	62.578	113.102
647.053	272.646	60.560	114.918
655.027	269.983	63.382	115.128
664.557	269.076	57.974	114.606
665.355	270.750	62.734	113.304
677.992	270.918	54.755	112.477
678.859	271.284	56.354	112.012
637.186	273.808	60.708	110.963
644.160	272.004	65.570	113.814
664.210	270.269	68.831	116.540
667.203	269.668	66.901	118.445
673.468	269.386	60.795	118.112
669.332	269.310	64.798	121.666
668.081	269.458	64.275	120.921
664.559	270.477	65.180	120.273
663.939	272.428	69.366	118.930
663.604	272.375	69.227	119.135
660.927	272.205	61.612	119.189
660.653	273.404	56.888	118.367
660.084	272.945	57.938	118.930
654.586	273.651	54.906	118.339
650.474	273.658	54.056	117.063
646.690	271.985	56.918	118.256
641.803	272.290	58.192	117.476
636.962	271.459	60.346	119.444
632.855	272.085	61.304	118.856
626.839	272.219	63.494	117.397
622.069	272.884	60.246	117.832
615.801	272.160	64.129	119.668
610.675	271.153	64.950	122.406
604.971	271.004	67.658	122.837
599.466	271.291	70.252	122.487
594.756	271.615	69.366	122.167
591.661	271.724	68.922	123.075
590.714	270.800	67.356	124.602
589.138	270.672	68.401	126.325
587.755	269.913	70.763	126.518
587.013	270.307	72.740	125.704
587.717	270.113	74.185	125.391
588.145	270.428	76.180	125.342
589.207	271.340	79.266	124.576
590.810	270.180	80.737	125.322
591.817	269.861	82.201	126.327
594.230	270.282	81.975	125.970
598.582	270.026	78.718	126.105
601.729	269.391	76.980	125.950
604.457	269.440	74.672	124.709
607.219	267.881	69.354	125.462
608.492	267.920	68.118	125.203
609.717	267.556	70.081	125.952
610.843	265.520	71.247	128.845
611.251	266.991	73.602	127.623
610.790	270.169	76.579	124.973
609.657	269.634	78.521	124.852
607.559	269.657	81.252	124.253
606.002	269.376	83.029	125.570
603.566	269.282	87.255	125.909
600.060	269.061	88.593	127.507
598.680	268.605	87.295	128.863
597.919	267.944	83.562	129.875
596.690	266.916	78.415	129.520
594.985	265.345	71.954	129.758
590.044	264.954	70.906	127.533
588.255	263.575	72.350	126.575
586.363	263.104	68.810	127.667
583.840	263.721	70.880	128.487
581.554	264.104	74.390	127.788
579.612	264.415	78.133	129.053
576.335	264.945	85.278	128.960
576.707	263.351	85.055	131.129
577.047	263.515	84.966	130.982
575.701	261.794	85.945	132.577
571.801	261.786	84.172	134.881
559.819	261.601	84.748	133.041
562.033	262.044	77.339	136.876
559.953	262.377	69.946	132.727
554.883	262.854	69.274	131.833
547.969	263.031	70.528	134.915
542.641	264.742	78.071	134.000
537.390	265.994	80.783	132.290
531.005	267.644	85.566	130.635
527.593	268.181	86.760	128.814
527.349	268.405	86.244	128.676
515.571	269.006	75.355	129.627
514.538	268.268	67.816	125.940
510.455	267.468	67.240	127.871
520.250	268.431	59.593	129.951
522.596	266.870	60.632	128.527
526.209	265.150	59.053	129.825
519.654	265.424	65.857	129.631
515.776	263.869	69.554	130.770
514.110	267.196	71.976	128.158
515.714	268.730	71.401	124.981
512.536	269.562	73.184	123.786
514.895	270.050	68.799	124.145
518.495	267.870	61.392	123.388
522.748	266.011	60.132	124.987
524.594	266.888	58.795	122.624
525.678	267.110	59.570	121.221
527.066	268.745	58.942	119.256
527.739	268.935	59.651	118.065
527.518	270.019	64.398	116.762
528.665	270.223	68.729	117.322
532.443	268.785	72.065	119.651
535.735	268.917	71.851	119.229
535.483	268.344	74.202	119.632
537.130	267.557	73.401	120.926
539.347	267.845	71.781	121.332
542.664	268.949	66.365	120.339
543.396	268.957	63.764	121.278
543.347	269.324	64.386	121.768
544.434	269.454	65.268	121.796
545.958	268.920	69.167	121.232
546.486	268.249	75.755	124.630
546.184	271.948	79.875	123.168
542.849	275.633	82.718	119.352
539.214	278.933	84.367	115.945
537.756	281.172	82.487	113.209
534.966	283.635	81.146	110.982
533.592	283.239	79.755	113.714
534.180	281.682	78.621	114.894
537.018	276.624	74.085	119.853
537.423	273.706	71.991	122.398
537.927	272.220	73.074	123.150
538.648	271.731	73.610	123.969
539.654	271.161	72.901	123.795
541.104	274.364	74.858	118.659
541.612	276.915	78.605	115.202
545.627	278.770	78.012	113.468
546.229	281.000	78.567	110.578
543.888	282.423	80.836	110.276
545.211	281.576	80.619	111.893
547.558	281.665	81.131	110.574
551.845	282.800	77.057	108.797
554.298	282.535	73.703	108.774
555.637	283.121	72.532	107.260
557.529	282.205	69.949	108.227
558.587	280.197	66.442	110.690
557.873	279.856	66.227	109.415
556.217	279.068	68.292	111.038
551.465	277.415	73.979	110.732
551.941	277.786	73.485	109.336
553.197	279.131	75.156	107.841
558.431	278.605	66.421	110.798
562.828	278.778	61.452	108.893
564.886	277.924	59.573	109.037
567.867	273.836	56.863	114.985
567.990	275.674	57.411	113.630
568.641	278.904	57.617	109.323
568.889	279.564	57.778	107.700
569.922	278.129	56.365	109.413
569.408	276.656	57.027	110.805
570.535	276.597	55.743	110.726
567.863	274.007	57.532	114.516
566.654	274.472	58.668	114.019
565.658	273.310	59.930	115.474
564.719	274.424	61.868	114.097
562.858	275.181	64.174	113.668
556.039	275.003	71.753	113.662
551.551	277.549	76.928	112.893
548.053	279.780	78.935	114.135
546.548	283.261	81.463	111.406
540.268	283.549	85.561	112.465
548.008	289.472	85.125	107.604
534.981	287.699	86.401	112.094
544.126	290.988	82.361	110.495
542.226	293.326	79.095	112.558
540.517	295.873	76.727	111.233
537.806	301.082	76.726	111.167
541.444	301.751	73.618	112.515
536.299	303.830	74.261	113.159
541.129	307.426	67.592	113.899
538.813	309.249	62.510	113.854
539.168	309.790	54.969	112.792
540.725	308.979	52.917	113.925
538.539	308.730	54.083	114.818
539.825	306.903	55.761	116.028
540.195	303.190	54.504	118.416
541.188	302.947	51.136	116.949
542.980	301.144	52.956	118.353
537.459	299.820	56.398	115.463
541.251	298.401	53.083	112.678
522.755	296.415	71.414	116.502
532.183	292.044	56.517	118.761
534.411	288.376	54.626	119.940
536.952	288.643	53.650	118.279
515.021	287.419	70.523	119.872
522.600	288.109	64.529	119.356
527.169	289.091	59.166	119.050
532.401	290.384	55.162	115.926
534.768	289.936	53.782	115.511
537.679	293.433	50.530	112.563
537.721	293.779	49.872	112.582
536.376	294.072	50.401	113.940
537.149	296.132	50.584	113.114
537.087	296.417	52.528	112.540
537.672	297.232	56.475	110.632
540.365	297.290	58.469	110.676
543.928	295.052	51.911	112.434
545.801	294.590	57.052	110.236
494.683	286.304	63.576	125.647
492.580	283.691	67.554	128.110
490.959	284.296	66.893	127.402
486.448	285.066	68.571	126.521
479.910	286.028	74.571	125.648
486.268	290.433	69.453	119.658
487.365	293.623	68.286	117.062
484.617	289.396	69.780	121.137
482.355	294.720	76.826	116.106
473.596	290.859	77.468	120.493
472.342	292.792	80.589	119.603
471.532	293.500	82.156	119.703
470.940	291.157	78.418	121.235
468.726	291.180	74.207	122.246
469.547	297.772	69.456	115.742
470.409	299.070	65.075	113.823
470.437	290.563	61.636	119.852
470.373	289.665	55.386	119.033
470.248	290.353	53.362	119.602
465.283	295.395	55.140	114.825
462.935	291.703	54.224	115.981
456.777	291.955	55.707	116.464
453.312	292.081	59.120	117.474
446.151	285.571	65.411	123.136
441.485	284.494	66.954	125.341
429.316	281.745	75.301	128.486
424.988	282.400	75.203	126.254
430.805	285.220	71.709	124.362
430.308	287.571	72.496	121.740
429.337	284.091	69.713	126.903
432.759	284.886	67.810	124.510
420.455	280.959	70.336	126.644
417.171	281.700	78.024	125.684
427.519	286.291	67.754	125.228
612.039	287.696	41.869	113.496
612.978	288.715	53.948	112.519
611.531	291.370	54.770	114.314
610.253	290.755	55.008	115.650
610.791	287.947	54.783	112.491
607.967	291.396	56.814	111.055
609.450	289.899	57.033	113.412
611.777	286.070	54.346	116.002
614.041	286.928	52.507	114.477
616.297	288.280	48.546	115.841
618.278	287.593	48.043	115.129
618.660	288.793	49.814	113.833
622.096	286.991	52.005	115.840
622.089	286.583	61.257	116.704
628.859	289.875	63.608	111.462
641.126	284.912	74.286	111.631
640.746	280.035	78.399	114.695
650.915	278.676	78.430	113.847
666.846	277.129	81.185	112.860
676.906	273.495	79.906	113.017
689.052	273.715	80.642	112.090
690.482	270.685	76.490	115.295
696.455	270.506	70.702	115.901
692.146	272.869	69.268	115.966
685.991	273.817	65.174	116.859
660.762	281.107	64.614	111.896
646.289	283.485	64.871	111.259
632.170	285.735	63.665	111.987
616.799	289.099	63.389	110.317
612.949	289.078	61.024	111.756
606.119	290.962	57.571	112.117
612.824	288.218	57.724	116.240
615.291	290.131	64.078	113.812
621.448	285.198	66.649	120.090
630.328	282.864	67.904	117.271
647.950	277.138	64.788	120.340
655.844	275.528	68.816	121.093
664.932	273.641	68.822	121.481
673.308	274.822	68.169	117.666
680.568	275.171	68.711	117.818
683.018	274.408	68.341	119.915
682.004	270.553	69.472	126.111
674.887	268.628	69.465	126.054
673.894	271.416	68.667	123.565
663.844	272.511	70.894	121.465
659.655	272.615	66.584	122.457
653.978	274.344	68.319	121.894
654.108	275.000	70.425	123.350
653.689	274.540	71.711	125.561
653.335	275.574	73.434	125.908
653.085	277.728	76.879	126.652
654.771	278.645	77.172	126.381
657.639	279.303	76.939	127.701
661.292	279.173	74.770	129.273
664.861	275.935	75.869	130.940
676.570	274.373	72.426	131.506
685.911	275.478	69.794	133.154
693.909	275.830	67.300	133.394
698.342	273.836	68.915	131.532
704.544	271.212	67.271	133.637
709.503	271.212	68.354	131.749
714.633	267.940	67.711	133.273
719.405	266.818	69.838	134.202
722.363	266.493	72.360	135.377
725.477	263.047	71.558	137.823
727.265	259.931	75.185	135.138
730.806	262.273	76.602	135.455
732.331	261.883	76.619	136.182
732.907	259.418	74.742	136.546
732.026	260.238	76.364	136.649
729.372	262.637	82.037	136.439
730.151	263.940	80.026	136.911
735.794	264.344	75.984	137.787
741.383	265.369	70.921	137.521
744.572	265.967	65.822	135.129
750.439	266.419	64.675	128.996
754.279	267.728	65.670	126.611
756.922	267.551	67.880	127.446
760.587	267.424	68.864	130.951
760.054	267.986	76.014	131.059
762.034	266.692	82.514	131.253
767.986	265.325	84.351	134.801
772.532	264.345	84.519	135.743
774.848	264.547	85.321	135.914
778.795	264.796	83.250	139.425
778.388	266.071	84.705	140.473
777.627	266.482	86.777	140.054
784.418	267.125	78.966	142.990
789.687	269.015	72.969	142.085
791.327	270.540	71.667	139.996
796.008	270.511	68.847	141.672
800.094	271.842	65.574	143.536
805.884	271.702	67.940	143.712
812.277	272.301	69.555	143.148
816.592	272.307	76.959	144.286
821.979	271.001	84.792	142.951
826.669	270.051	90.425	143.308
833.266	268.342	91.698	144.817
840.206	266.972	94.758	143.972
849.570	264.754	93.921	144.583
863.224	261.769	89.559	145.015
873.214	257.431	85.548	144.146
886.915	252.664	73.085	145.692
899.040	249.093	60.960	143.194
909.697	245.235	50.195	139.983
924.331	241.782	34.507	137.863
936.700	236.567	22.936	134.394
938.320	237.558	21.680	132.395
937.761	236.719	22.143	126.387
936.959	233.185	23.041	123.938
926.326	237.167	33.496	131.933
912.871	239.052	47.121	137.025
894.697	245.173	64.257	135.606
874.473	250.857	82.688	138.994
857.753	257.291	91.054	143.023
838.935	261.312	93.564	149.216
826.904	272.331	92.465	143.060
816.526	277.941	88.430	141.934
807.587	282.473	86.189	141.161
803.783	283.068	86.307	142.328
804.098	282.317	88.747	143.789
810.400	278.559	89.048	146.351
823.818	270.464	89.771	151.437
837.621	263.949	92.339	147.235
857.989	255.319	88.436	146.414
883.978	244.467	75.217	145.098
900.697	239.239	59.303	142.373
913.272	236.941	46.728	135.486
924.007	234.260	35.503	137.609
928.306	235.425	30.661	131.532
930.321	237.486	29.671	135.911
926.984	242.486	33.016	136.171
915.895	248.762	43.105	139.068
903.560	256.859	55.114	139.864
891.090	255.983	67.949	145.916
868.819	275.788	72.650	136.644
860.576	278.436	65.509	136.925
852.656	279.741	62.706	140.838
848.428	283.966	59.010	137.737
846.797	283.149	60.345	138.578
849.650	280.779	61.540	139.247
852.377	277.256	64.974	138.348
860.622	269.305	64.191	139.562
872.679	263.351	66.688	139.482
883.603	255.064	68.020	134.969
905.526	242.285	54.474	141.500
915.026	236.139	44.974	137.949
922.312	231.811	37.482	130.581
935.146	226.069	24.644	136.813
934.350	227.215	25.650	134.066
928.053	231.069	31.947	135.346
916.022	235.460	43.978	138.929
902.015	237.594	56.065	147.296
884.248	250.442	66.503	145.194
870.292	258.812	72.258	148.375
850.432	278.323	64.524	141.316
837.908	284.250	62.791	142.899
831.349	291.910	59.959	138.647
828.546	293.609	58.240	134.561
829.795	293.785	57.289	140.278
839.261	291.538	55.731	136.309
846.713	287.149	59.670	136.359
862.122	278.745	61.888	137.879
876.434	272.179	63.006	137.756
892.672	262.047	63.226	140.419
912.404	249.162	47.596	143.755
923.250	248.762	35.664	129.959
926.563	247.620	30.913	128.313
924.375	248.355	32.023	121.443
923.256	257.149	35.393	108.807
928.507	255.676	30.112	110.151
919.670	256.660	36.283	108.571
931.664	252.289	28.336	112.595
926.312	249.343	29.695	119.180
868.434	246.504	47.189	114.916
850.827	252.304	61.305	121.803
925.225	261.880	33.695	131.321
925.337	269.908	34.377	131.785
922.830	274.554	37.170	137.062
921.609	275.358	38.391	136.189
921.981	274.820	38.019	136.828
927.161	270.658	32.168	136.610
928.437	265.612	30.008	141.476
925.535	262.317	30.458	141.519
912.126	266.809	43.350	126.073
919.270	270.144	40.047	114.643
902.053	274.893	54.756	103.210
910.227	269.580	49.773	108.920
913.370	266.035	44.922	111.276
917.270	270.150	42.072	105.526
912.870	266.465	46.061	109.032
897.885	258.887	61.570	119.204
926.091	250.352	33.909	123.621
937.740	254.658	21.398	127.115
934.526	258.200	25.474	139.744
932.770	259.846	27.230	145.986
927.577	261.745	32.423	144.448
927.952	261.078	32.048	144.334
924.976	256.966	34.774	147.723
919.900	259.105	39.380	143.362
919.223	258.159	40.406	143.444
921.599	261.068	38.401	142.840
911.075	263.981	48.925	142.780
900.873	262.879	59.010	147.004
892.763	265.032	67.237	144.704
892.063	266.642	67.937	143.808
893.308	264.357	66.692	145.495
897.333	261.964	62.667	147.422
897.648	258.915	62.352	147.393
899.734	253.620	60.077	151.405
901.447	251.217	58.553	148.773
901.406	249.230	58.594	147.233
897.593	248.215	62.407	147.855
893.622	248.635	66.378	144.671
890.600	247.690	69.400	144.033
887.193	247.653	72.807	145.074
880.623	248.427	78.210	146.748
870.960	252.375	82.299	149.678
858.783	255.989	87.201	152.882
844.681	261.339	89.445	154.356
829.288	266.993	92.683	154.681
814.094	275.474	88.981	149.036
804.710	280.841	83.693	145.870
799.513	281.405	78.649	145.834
800.601	281.185	74.548	146.924
805.689	278.383	69.957	147.568
810.994	274.558	69.761	145.871
814.276	270.063	66.995	142.908
815.919	266.838	67.901	138.986
821.536	264.209	63.855	138.840
822.372	263.433	61.965	137.188
802.594	263.002	69.715	136.570
794.780	258.337	75.407	147.564
780.668	259.807	74.855	154.818
755.082	263.710	84.061	157.688
740.307	267.640	78.645	160.512
729.844	276.653	73.111	150.970
728.008	277.314	72.035	150.606
726.486	278.415	74.275	149.287
698.712	282.745	76.260	146.154
710.085	282.118	71.723	145.590
724.045	278.247	68.955	136.772
719.450	276.701	73.686	140.940
723.696	273.636	67.952	139.912
710.973	275.070	73.952	138.174
701.823	275.420	75.549	136.186
665.051	276.008	83.283	137.596
651.414	279.041	86.676	138.531
634.509	280.553	92.770	143.320
623.347	282.644	92.217	143.357
620.693	284.190	87.031	142.798
620.953	285.542	82.014	139.820
625.967	283.552	81.810	142.872
635.587	280.684	80.928	143.552
651.327	275.708	78.820	146.595
668.418	271.521	76.092	145.246
695.568	263.489	76.950	144.913
709.684	258.443	72.609	143.906
721.119	254.343	70.651	143.013
729.345	249.933	71.832	141.876
737.221	245.913	72.848	140.643
745.701	241.842	71.263	137.946
744.106	244.151	74.431	137.740
740.669	243.182	75.729	141.605
737.675	245.600	73.720	143.660
724.483	252.685	74.503	145.535
692.373	263.145	77.785	144.660
675.238	273.198	75.269	142.043
659.140	279.936	72.924	146.860
651.857	288.167	68.986	138.701
645.855	290.417	65.803	140.509
642.394	293.852	68.773	140.242
642.266	293.012	76.502	137.901
654.107	288.963	74.260	138.616
666.755	286.422	75.270	135.220
681.178	280.434	74.277	135.723
715.970	270.650	69.504	137.891
725.788	264.938	71.952	135.089
727.960	262.265	76.620	133.395
730.627	262.625	75.426	136.632
733.776	261.896	69.048	139.374
707.003	272.162	78.290	133.656
694.821	276.921	77.228	136.348
681.823	284.408	72.955	134.596
662.851	291.396	80.604	136.164
647.467	297.466	81.280	135.074
635.119	302.530	78.653	134.974
632.165	302.398	80.319	138.594
633.269	302.647	80.717	138.243
637.137	299.175	77.907	137.397
642.433	296.335	75.489	137.108
659.974	285.159	70.427	138.592
672.622	276.534	70.635	139.859
685.407	271.584	67.818	140.480
696.658	264.647	67.722	139.698
706.062	257.861	66.138	138.594
719.075	250.291	63.235	140.965
723.178	249.388	61.637	142.818
721.130	251.424	64.958	138.909
712.011	250.424	68.408	145.206
696.175	256.863	79.036	143.374
667.397	266.867	78.137	141.952
647.236	274.706	82.659	144.153
628.324	280.075	85.055	141.746
613.063	288.734	78.127	136.877
596.906	295.060	77.026	136.028
579.684	300.544	71.682	137.008
577.959	300.014	68.845	137.833
573.709	299.459	66.178	138.320
571.178	296.860	66.223	139.424
571.385	292.910	64.323	143.886
565.458	286.577	67.605	136.297
557.378	285.569	75.390	141.928
545.353	284.723	74.563	139.199
521.408	283.337	77.281	135.935
502.135	282.044	77.574	139.144
454.154	288.901	78.870	134.046
422.688	293.138	80.250	129.726
396.671	294.896	82.306	130.527
376.111	294.664	79.211	131.112
354.857	295.451	81.378	133.850
337.628	298.870	83.027	130.473
322.077	298.164	84.729	130.612
297.495	295.559	93.272	135.669
284.971	301.080	86.843	130.923
268.423	295.232	90.714	138.600
255.003	293.724	78.535	140.556
117.239	276.275	65.564	172.028
108.142	277.926	77.449	169.839
100.531	280.766	81.282	168.020
92.109	277.219	84.969	173.247
80.557	275.443	89.729	173.805
78.190	275.126	86.790	174.158
77.279	277.743	85.618	171.788
78.470	279.540	83.567	169.899
81.515	280.441	83.783	170.494
87.225	283.209	84.490	168.451
96.865	284.990	82.701	170.350
107.063	288.548	84.887	169.719
118.285	290.637	86.495	170.842
127.664	296.374	89.135	169.601
137.456	301.066	99.798	165.561
145.585	302.849	104.437	163.658
152.821	304.349	109.846	161.659
162.284	304.454	117.186	160.013
171.997	302.837	120.735	159.938
191.165	300.146	119.723	160.326
204.372	299.035	122.197	160.554
217.676	298.857	120.875	158.662
231.283	298.651	122.140	157.080
250.847	297.693	116.010	155.956
263.352	295.658	116.665	156.799
289.050	290.510	109.034	157.828
300.290	288.828	107.363	159.368
312.814	286.249	99.718	156.744
320.867	285.853	93.080	155.292
322.242	282.449	85.990	156.614
314.065	282.907	76.995	154.155
305.141	284.101	74.974	151.811
294.459	285.419	68.767	153.151
281.005	288.551	67.018	150.556
267.967	292.787	69.562	146.953
252.008	299.359	66.302	141.958
239.984	302.853	66.172	139.196
234.579	303.642	64.494	142.281
232.983	304.115	63.515	145.512
234.116	305.546	68.748	144.199
237.688	308.596	74.245	140.896
244.369	308.664	78.190	141.897
253.519	309.129	80.541	140.773
265.550	307.143	81.493	140.665
280.369	304.607	79.083	143.039
307.343	305.576	79.778	140.932
325.844	307.619	82.653	136.411
339.072	306.798	82.792	134.912
354.973	304.992	77.552	135.716
365.696	305.459	76.523	136.047
381.125	304.810	75.883	135.609
389.444	301.101	72.478	139.260
395.822	299.917	70.800	140.005
400.517	297.676	70.429	139.950
403.923	295.537	68.909	141.903
408.586	294.378	67.544	141.880
410.466	292.882	66.755	142.954
410.725	292.556	67.182	142.295
408.339	292.719	69.336	139.849
401.232	292.158	69.328	141.286
380.870	297.139	72.960	136.639
364.100	296.221	73.495	139.369
347.140	301.521	72.227	136.399
322.777	301.141	76.902	137.622
303.663	304.128	74.048	136.972
278.961	310.037	71.429	133.807
263.983	308.897	71.448	136.854
259.408	312.867	71.131	132.977
260.742	314.645	66.113	131.503
259.945	313.486	65.535	131.633
270.996	313.406	64.097	130.831
279.926	313.625	63.899	129.589
288.914	311.455	65.395	131.243
299.552	308.946	66.209	133.081
309.580	307.599	70.091	132.074
326.533	305.483	71.067	133.616
339.672	303.889	70.533	133.115
349.628	300.376	71.856	134.114
360.585	297.748	67.720	134.924
365.723	298.993	67.955	131.952
368.726	295.702	66.566	133.935
366.922	292.934	68.167	136.833
358.973	292.468	70.610	137.450
350.673	294.214	70.627	138.396
340.884	298.494	70.319	135.737
327.778	307.769	65.894	128.633
316.301	310.388	66.884	127.121
307.583	313.474	64.537	128.242
299.818	316.364	62.538	127.227
292.817	318.910	64.143	125.546
289.758	316.379	67.076	129.585
289.321	316.468	73.144	129.865
291.671	316.225	80.313	129.018
296.562	315.569	86.983	126.755
306.886	310.799	88.558	129.355
318.512	306.244	92.956	132.947
329.438	303.862	94.652	133.176
341.641	300.278	89.693	137.142
349.676	299.261	86.834	136.523
354.394	296.542	86.305	139.279
359.008	295.824	82.413	140.846
355.682	293.884	82.206	141.926
348.655	294.522	79.481	141.515
340.354	294.794	74.341	143.673
331.166	297.202	72.775	142.857
318.944	301.711	71.538	140.144
312.655	301.631	68.338	141.310
309.562	303.629	65.294	138.809
309.442	303.047	62.738	140.745
310.597	301.346	67.710	141.864
320.642	300.395	71.851	139.836
332.570	297.380	73.701	142.186
345.055	296.432	74.679	141.994
356.673	293.778	78.092	139.756
369.712	292.947	76.424	138.205
384.005	293.003	74.000	136.266
392.713	288.636	70.513	138.901
397.161	286.326	69.718	138.839
401.385	284.584	66.582	139.511
404.869	284.892	66.629	137.280
409.727	283.999	66.630	139.176
413.253	282.930	69.907	140.414
415.923	282.451	74.304	141.002
419.510	281.068	75.605	141.417
423.690	279.598	74.123	142.666
424.681	278.945	74.245	142.451
424.734	278.413	73.294	142.982
423.358	278.620	70.553	142.775
421.285	279.176	68.367	142.816
417.780	279.589	66.810	141.729
414.346	280.166	66.965	141.722
415.573	281.791	66.900	140.754
421.118	281.255	64.622	140.063
423.100	280.741	67.133	139.241
422.264	279.549	71.038	140.142
416.924	278.431	77.077	142.424
408.127	277.706	84.278	142.867
401.248	278.227	86.129	144.413
391.504	280.498	86.660	143.348
384.384	282.312	84.216	144.441
372.202	286.360	83.438	141.468
364.293	288.136	80.881	141.421
356.776	289.849	75.801	139.602
349.951	291.433	72.176	138.767
343.266	291.511	68.528	138.972
335.008	290.836	68.337	139.225
330.493	289.584	70.360	140.143
328.361	289.074	72.802	140.590
329.147	289.812	74.646	138.818
330.353	289.043	79.435	138.939
334.954	286.206	84.639	141.588
338.102	285.094	87.282	141.736
341.452	284.607	86.978	140.287
342.306	284.847	85.237	140.243
342.140	285.535	81.658	138.484
331.120	286.550	76.254	139.218
321.397	288.107	75.802	138.171
309.745	288.288	73.003	139.711
297.901	289.233	68.719	139.899
284.549	291.257	67.186	139.171
268.497	294.265	62.791	137.722
253.763	293.845	64.466	139.541
239.570	296.066	71.163	137.624
232.343	297.571	72.563	137.158
227.156	300.102	76.922	134.489
224.327	299.489	79.207	136.140
224.199	297.123	81.771	139.855
224.348	293.956	86.314	141.972
229.744	290.887	85.537	144.709
235.802	290.448	83.514	144.554
241.875	288.977	80.400	143.991
245.660	287.990	75.973	144.798
245.432	287.573	73.922	144.017
242.672	287.388	72.483	144.346
234.966	286.668	73.530	145.063
222.027	285.831	72.674	146.727
210.966	285.264	69.893	149.177
201.295	286.681	66.980	147.528
189.449	289.079	66.879	145.541
180.743	290.926	65.543	144.331
173.563	293.119	62.692	145.326
170.923	293.752	61.879	145.642
169.407	294.584	61.873	145.000
168.419	294.288	62.824	145.144
170.680	294.108	61.728	144.291
172.215	292.199	65.913	146.359
174.064	291.841	72.214	144.739
180.769	290.284	74.589	145.216
189.729	289.273	75.296	144.956
198.161	287.297	74.541	145.694
208.470	284.139	69.784	148.372
209.785	283.809	71.016	148.818
206.120	282.414	73.571	150.589
198.629	281.872	74.002	151.468
189.986	281.525	73.744	152.460
179.745	282.195	74.655	151.577
162.595	281.835	75.148	153.289
150.366	281.402	75.684	154.689
135.858	282.369	77.910	156.201
122.570	283.561	84.190	156.334
112.864	284.318	85.290	156.645
103.249	285.089	89.195	157.835
98.091	287.169	91.794	156.424
96.246	286.409	94.439	157.772
95.125	285.327	100.537	159.083
95.825	283.788	108.739	160.419
99.259	283.786	115.129	159.181
107.222	282.502	112.326	161.322
115.191	281.969	108.243	162.367
124.000	280.981	102.945	162.567
131.805	282.186	98.579	162.270
143.104	280.376	91.737	161.150
151.038	282.127	83.112	158.857
151.854	282.461	75.622	161.060
143.942	282.339	77.032	160.704
132.656	280.764	80.948	162.428
109.756	279.580	82.907	163.306
92.687	279.059	86.290	164.503
75.233	279.017	89.611	164.925
60.141	279.280	91.027	165.198
51.107	280.157	90.602	164.585
46.247	280.508	84.764	162.811
43.779	280.338	83.554	163.783
43.697	279.840	83.663	164.667
40.736	280.100	87.501	165.081
43.507	280.061	88.865	166.193
51.515	280.636	90.541	165.445
61.681	280.073	89.650	166.791
68.977	280.564	91.559	167.133
78.938	280.902	90.450	166.218
87.758	280.799	89.128	166.460
96.560	279.457	86.296	167.841
97.930	278.814	86.160	168.777
100.228	278.883	84.794	169.045
102.506	278.757	82.283	169.388
103.507	278.828	80.055	169.235
99.658	278.395	79.612	169.514
93.261	278.236	81.088	170.470
85.254	277.253	82.980	172.870
77.621	276.849	82.802	174.656
68.529	277.742	84.022	175.258
59.598	279.458	82.587	173.600
52.331	279.760	80.645	174.451
47.141	280.689	79.360	173.137
43.613	282.367	76.689	170.573
43.187	282.700	74.626	171.994
43.430	282.533	74.614	172.458
45.382	282.120	76.201	172.366
47.928	281.472	79.686	173.674
53.828	280.953	81.583	174.648
62.045	280.560	81.519	174.473
73.378	281.047	78.463	174.536
81.796	281.485	74.280	172.276
83.820	281.817	72.841	173.851
76.805	281.706	77.025	174.395
64.863	281.107	83.285	175.984
48.528	278.297	90.280	179.853
32.635	276.340	95.398	182.028
16.289	276.839	102.472	181.972
1.560	278.232	100.278	179.710
0.000	278.503	82.690	178.136
0.000	277.018	62.471	178.285
0.000	273.351	42.456	177.859
0.000	272.933	43.382	165.573
0.000	273.695	38.582	164.809
0.000	270.324	37.443	162.200
0.000	274.490	34.429	163.922
0.000	287.284	35.736	155.184
0.000	286.244	36.718	151.444
0.000	295.461	37.486	137.490
113.853	313.069	76.978	121.018
89.103	307.180	86.352	126.569
73.484	303.725	82.332	128.959
56.090	303.684	78.270	127.443
40.826	305.241	83.825	125.113
31.579	306.612	76.630	125.953
25.428	312.413	70.431	131.048
23.671	314.272	69.965	126.376
24.247	314.886	69.527	127.018
28.802	318.927	71.930	122.721
31.157	319.804	75.250	124.971
42.532	318.409	80.383	124.340
44.086	323.759	86.652	117.625
56.165	320.401	85.995	126.774
64.734	320.830	91.486	124.535
0.000	308.864	61.481	144.681
0.000	300.691	77.862	164.290
0.000	298.906	86.836	168.706
0.000	295.654	87.858	171.864
0.000	291.352	88.883	175.435
0.000	288.707	88.740	175.822
0.000	285.455	83.691	178.352
0.793	283.665	77.074	177.829
3.043	282.429	69.206	179.452
1.863	279.072	65.262	184.524
0.000	278.516	63.250	187.077
0.000	280.539	56.259	182.823
0.000	281.557	51.767	181.933
0.000	277.596	47.204	167.988
0.000	278.664	43.827	168.693
0.000	277.194	45.406	174.392
0.000	278.100	53.099	174.864
0.000	276.575	58.396	181.063
0.355	276.257	71.696	189.695
0.287	277.833	80.564	189.027
3.159	277.968	82.160	192.177
10.412	282.121	96.512	188.728
22.285	285.057	97.760	188.196
31.906	285.434	102.480	186.392
57.100	285.464	97.849	185.351
78.994	283.973	88.220	185.614
101.379	283.303	92.528	188.306
120.873	277.178	82.684	189.712
136.089	276.789	81.159	186.914
149.111	275.375	80.796	187.353
153.438	271.513	77.201	189.252
159.868	274.722	84.623	183.932
158.023	273.375	84.986	186.239
157.539	274.644	87.794	184.003
154.799	273.511	88.595	185.233
148.255	272.126	84.733	188.556
140.126	271.476	87.570	188.057
134.249	272.416	87.852	186.772
128.670	272.952	89.166	187.666
126.089	272.306	90.354	186.938
123.358	272.436	90.091	187.754
120.508	273.113	90.081	191.986
117.712	274.125	92.688	189.952
120.040	276.123	94.259	189.325
124.790	278.525	100.690	189.006
129.323	277.945	111.762	190.453
141.076	278.117	114.974	189.328
152.593	278.307	114.959	188.930
165.745	279.846	114.857	187.260
178.524	278.245	113.656	186.955
191.108	275.478	110.195	187.459
204.340	270.444	106.036	188.911
212.409	269.741	102.573	188.350
216.882	268.735	99.192	186.839
219.960	269.218	94.212	184.748
220.048	268.901	90.763	185.174
215.009	268.846	90.978	185.938
210.098	268.378	91.923	187.667
204.583	269.079	91.927	187.132
200.212	268.936	91.163	188.742
195.970	269.765	89.759	188.264
187.483	271.828	89.204	187.296
180.614	270.697	87.855	188.858
169.676	271.228	90.654	188.087
158.146	272.570	92.814	186.492
147.209	273.390	93.940	185.759
134.995	275.255	91.145	182.508
128.156	274.326	89.805	185.311
122.486	275.056	88.553	184.632
118.447	275.550	88.750	184.687
115.208	273.518	87.075	188.446
115.444	275.492	84.258	187.311
115.924	276.861	81.811	185.728
117.946	277.162	80.734	186.336
122.516	278.922	80.050	185.930
126.654	280.872	82.464	185.718
136.925	282.822	81.734	185.026
144.607	285.552	84.348	182.133
153.491	285.880	86.167	181.678
163.152	286.146	90.069	180.576
172.175	284.886	93.699	181.042
180.808	284.341	96.584	181.264
193.837	282.402	96.734	181.350
205.840	282.669	97.792	179.599
217.445	281.338	96.070	179.215
229.406	278.958	93.716	180.390
239.103	278.217	92.482	178.292
251.366	280.911	87.185	173.050
258.823	276.987	84.023	175.045
264.594	271.813	80.448	176.915
267.455	269.979	79.864	177.650
266.266	269.419	83.037	177.422
259.926	270.182	88.475	176.242
253.214	270.015	91.054	176.080
246.439	270.895	92.946	175.796
237.273	272.630	94.822	174.054
229.273	271.602	96.454	174.936
217.624	272.937	96.586	175.825
206.975	272.754	100.019	176.304
198.273	272.217	103.407	177.445
190.320	274.749	111.273	174.796
184.239	278.164	118.032	170.939
178.743	275.391	124.096	173.862
176.600	274.115	128.969	175.118
175.492	275.190	136.863	174.832
176.563	274.997	142.259	175.146
180.822	276.273	141.921	173.786
183.765	278.067	110.025	172.686
189.377	277.647	94.290	174.059
198.753	277.971	91.554	173.745
209.382	278.772	95.662	172.873
220.738	277.083	96.033	174.469
238.384	278.021	92.773	172.071
249.330	278.148	92.121	170.401
258.478	278.053	90.877	170.833
263.654	278.218	91.388	170.516
270.722	277.409	86.836	171.004
272.504	276.234	89.320	170.911
272.950	274.799	89.274	169.468
266.527	275.360	91.421	167.199
255.736	276.829	100.124	165.256
244.002	279.755	104.131	163.834
220.092	287.618	115.471	157.425
202.642	290.147	123.639	156.567
185.302	294.439	130.723	152.969
168.989	298.538	132.979	149.248
153.897	299.081	130.885	149.952
128.396	300.207	140.845	149.993
111.667	298.299	143.727	155.381
96.862	296.647	134.505	156.247
81.735	294.655	121.049	156.433
72.548	291.026	104.170	156.501
59.504	286.746	92.515	159.366
50.087	283.998	87.778	162.343
37.918	282.285	83.982	163.365
24.808	281.799	79.025	163.083
10.615	281.916	80.444	165.186
0.017	282.803	68.909	169.262
0.000	287.153	54.183	162.523
0.044	285.989	44.745	163.900
0.600	283.893	42.839	160.561
0.470	286.927	43.418	153.600
0.000	302.550	34.328	131.879
1.820	320.133	54.314	113.602
4.548	315.198	65.721	121.511
191.631	307.243	33.286	133.777
182.134	303.067	76.309	138.701
182.067	308.194	73.250	136.728
182.730	304.879	75.003	142.118
183.236	305.367	75.556	141.859
185.694	305.654	74.898	141.572
186.750	306.397	77.426	140.272
186.927	306.192	84.108	139.583
191.339	306.100	85.796	139.154
206.418	304.416	75.461	141.380
212.140	303.032	75.006	142.554
220.357	301.793	70.984	142.946
233.032	300.189	64.462	143.803
235.142	299.913	68.131	143.833
242.856	298.723	66.782	146.770
247.024	300.265	69.859	144.046
252.877	300.021	70.990	143.955
257.320	303.508	75.860	139.266
258.641	305.200	81.712	138.801
259.511	308.043	88.044	135.442
266.697	310.806	88.627	132.989
275.140	313.199	88.268	130.621
289.425	313.336	85.025	133.252
297.131	313.828	90.285	130.860
308.081	313.101	91.103	131.600
317.805	312.113	93.416	132.153
327.917	309.339	92.084	134.921
336.362	304.701	93.856	136.868
338.364	302.908	94.330	138.245
341.287	300.011	92.088	140.143
343.377	297.694	88.718	143.158
348.601	297.085	83.193	143.543
356.920	297.403	77.545	144.714
360.570	297.487	77.031	145.872
363.871	298.277	78.562	145.140
365.095	297.733	80.544	144.700
365.714	297.282	82.921	144.937
364.223	294.592	84.638	147.750
362.878	292.615	85.820	150.579
360.526	293.187	87.553	148.951
356.825	293.715	90.896	148.690
353.672	293.801	92.649	148.550
348.963	292.544	95.335	148.099
347.184	290.380	92.897	149.911
343.131	289.513	83.234	148.892
335.470	288.261	77.787	147.830
329.585	287.977	72.687	145.684
319.762	286.858	71.982	145.897
316.432	287.975	68.868	147.882
311.932	290.388	72.270	144.973
309.115	290.056	75.216	144.632
306.982	289.951	77.340	145.334
305.678	291.374	81.618	145.195
306.680	291.276	84.383	147.478
309.880	289.877	85.076	148.267
311.498	290.134	84.963	147.555
314.182	292.005	83.792	144.955
318.248	290.893	80.475	147.128
319.666	290.829	80.554	146.879
320.441	289.876	77.992	148.668
320.762	288.171	78.089	150.965
321.633	288.369	76.799	150.041
321.904	286.979	76.217	151.230
321.904	287.106	78.627	150.334
320.999	287.870	82.240	149.875
321.646	289.653	82.998	148.000
322.341	289.852	82.104	148.070
322.081	291.828	84.025	145.009
321.296	292.714	85.573	143.610
319.586	294.953	86.362	140.685
318.146	297.957	84.321	137.870
317.980	298.655	81.114	137.140
314.784	300.970	82.511	134.483
313.176	302.701	82.711	131.669
311.058	305.664	83.103	129.003
310.457	306.785	82.206	127.782
308.962	307.321	81.696	127.115
302.657	309.700	87.283	122.793
298.766	305.626	87.616	127.076
294.660	307.573	89.680	124.766
290.025	308.742	90.265	123.654
285.798	309.947	90.452	122.181
281.506	312.255	90.349	120.039
273.229	314.083	92.334	117.329
268.746	313.298	90.783	117.879
265.538	313.722	87.770	117.531
261.598	312.904	86.695	118.073
256.505	310.049	84.238	121.045
253.714	309.500	82.829	122.595
251.164	308.241	82.962	125.415
249.425	308.292	82.579	126.338
249.186	307.716	81.804	128.577
248.713	306.102	80.614	132.041
250.028	304.238	78.595	132.735
251.773	302.702	79.990	133.650
255.157	301.159	80.367	135.901
258.123	298.630	82.190	137.946
265.560	297.147	79.499	138.239
269.687	296.437	80.833	139.095
273.564	295.671	81.687	139.588
280.666	294.139	80.148	140.462
286.819	294.033	80.496	139.378
294.619	292.732	81.488	139.632
299.028	290.765	84.409	140.867
302.553	288.274	86.828	143.780
307.831	288.071	85.788	144.313
310.994	285.866	86.125	146.700
311.693	283.989	86.625	148.768
309.793	283.749	88.764	148.774
309.069	283.720	88.711	148.199
307.665	281.742	89.369	150.006
305.905	281.457	87.911	150.338
302.118	281.440	87.619	151.081
296.949	282.048	86.240	147.863
294.050	281.764	83.931	149.984
288.975	280.904	81.945	151.184
284.107	281.402	82.763	149.305
280.411	280.530	82.603	149.197
274.197	280.387	83.085	149.440
269.500	281.095	82.299	149.795
265.406	282.297	83.061	149.127
264.405	282.003	83.382	148.467
262.312	282.334	83.553	151.395
260.864	282.234	84.812	153.443
263.436	282.541	82.988	153.754
265.037	284.241	86.851	152.304
270.645	283.140	87.553	155.586
276.812	284.162	86.076	155.628
286.747	283.448	81.827	153.281
295.772	283.456	77.806	150.689
307.536	284.194	71.063	148.491
315.072	285.541	68.128	145.060
320.678	285.852	64.134	143.277
327.971	287.216	65.276	139.563
335.102	288.608	61.011	139.273
338.973	287.551	60.621	140.899
342.273	287.101	60.054	138.961
346.378	285.074	58.733	141.795
346.416	284.429	58.669	142.343
346.863	282.607	61.202	143.648
345.501	283.886	68.944	142.190
341.394	284.164	64.690	141.625
338.934	285.937	72.425	139.400
337.011	284.885	69.739	140.981
336.355	286.246	69.641	139.294
335.943	285.497	67.932	140.361
333.752	289.031	69.611	138.120
328.628	287.292	69.823	139.539
325.168	287.554	68.034	143.335
321.884	286.541	66.689	142.724
317.324	289.593	66.339	140.693
314.539	294.886	65.159	132.708
315.914	291.692	62.079	135.272
312.612	296.005	64.702	131.820
317.784	291.280	59.335	135.808
318.972	291.109	60.708	137.775
321.016	292.378	62.813	136.924
322.026	291.754	65.298	138.317
326.618	291.144	65.761	140.518
332.316	291.414	63.832	139.470
336.586	290.421	64.497	140.983
339.498	291.227	64.495	137.659
343.221	293.794	62.544	136.135
345.646	291.047	63.097	141.464
347.238	291.752	63.998	139.453
349.822	294.435	64.970	137.578
345.509	296.794	68.612	136.007
347.537	294.849	68.146	137.941
346.667	294.890	73.611	137.966
346.798	293.990	74.516	139.942
347.083	293.093	73.604	140.311
346.243	293.098	73.671	139.906
346.055	292.563	72.768	138.694
346.982	292.273	70.761	139.861
349.550	292.795	68.177	140.392
353.795	292.545	64.678	140.497
355.441	291.431	62.492	141.049
357.786	290.886	61.013	141.519
355.449	291.333	64.768	139.130
351.553	290.231	69.615	139.240
349.845	290.315	70.823	139.526
348.256	291.172	73.943	138.760
348.141	291.091	74.564	139.845
354.306	292.099	71.212	138.781
359.880	291.887	66.121	139.833
362.830	292.083	65.749	139.778
366.052	291.987	66.031	138.789
373.076	292.799	63.916	138.205
379.712	292.679	64.563	136.902
386.028	293.010	65.886	135.801
392.273	292.340	65.327	135.573
398.892	292.056	62.386	135.880
406.762	291.584	61.688	135.338
417.304	293.085	65.183	133.571
425.948	291.520	63.217	133.468
433.226	290.788	64.947	133.820
439.851	289.707	62.575	135.257
446.247	289.210	60.306	134.797
446.277	289.385	62.177	134.078
449.706	289.061	58.947	134.854
451.161	288.387	56.843	136.584
450.897	292.473	60.224	132.079
449.673	291.461	59.236	132.969
445.643	290.693	59.823	133.957
439.766	287.586	61.066	136.288
433.398	294.538	61.461	130.351
425.359	289.206	63.051	136.345
418.877	294.366	62.969	133.118
408.244	300.058	62.141	126.454
399.017	301.123	62.788	127.275
391.474	303.768	63.448	124.975
384.864	308.012	64.250	121.209
376.201	306.480	62.705	122.027
370.953	305.602	64.522	124.094
366.668	306.177	63.620	124.173
362.358	305.639	64.292	123.572
356.939	305.929	64.005	124.217
354.155	305.745	65.360	124.860
350.150	301.133	64.262	130.653
346.755	300.456	62.693	132.974
344.636	299.742	60.038	134.039
344.087	299.132	59.179	135.095
342.738	299.085	59.295	134.276
341.915	299.904	62.599	133.833
339.950	299.275	64.275	134.524
337.311	298.005	67.485	135.276
336.128	297.330	67.272	135.729
334.124	297.036	68.143	136.576
329.944	297.175	67.912	137.828
327.056	297.415	66.457	136.756
324.481	297.286	65.922	138.027
322.019	298.229	64.546	137.435
320.185	297.393	63.459	137.818
318.634	296.499	62.219	137.311
318.008	295.335	60.918	139.635
317.336	294.308	60.528	139.802
315.860	293.744	61.889	140.770
315.286	292.993	62.418	142.227
315.512	292.829	62.148	142.442
316.081	292.683	61.887	142.719
317.647	292.388	61.207	143.209
318.522	291.845	60.792	144.474
319.060	291.641	61.950	143.980
319.867	291.312	62.066	144.972
320.629	291.606	61.413	145.166
321.547	291.983	60.688	145.110
321.507	292.213	61.119	144.477
322.126	292.136	60.937	144.471
321.492	293.057	63.846	142.758
320.384	292.999	65.977	142.595
319.658	293.303	69.641	142.242
319.005	293.593	72.370	142.259
318.119	293.590	76.946	142.212
317.480	293.225	80.358	142.589
317.198	292.932	81.636	142.083
316.305	292.452	83.517	142.452
315.788	292.243	85.031	142.965
315.802	292.245	85.185	143.011
315.529	291.661	84.064	143.731
315.395	291.563	82.725	144.308
315.132	291.523	80.571	144.942
314.901	291.129	78.911	145.081
314.597	291.038	78.924	145.503
314.760	291.122	77.641	146.346
314.020	291.137	76.018	146.856
312.749	290.908	76.765	146.478
310.800	290.851	77.007	146.974
307.923	290.552	78.202	147.896
305.162	290.631	79.676	147.717
302.698	290.128	79.984	147.510
297.338	289.876	83.905	146.657
296.546	290.989	83.865	145.116
294.890	291.503	84.409	144.257
294.504	290.917	85.219	144.019
293.825	291.777	87.928	144.080
295.925	292.111	89.322	144.465
301.605	292.461	87.937	144.497
307.738	292.354	86.326	145.901
313.448	292.910	85.167	145.401
324.986	293.252	80.439	144.473
328.373	293.022	80.945	144.647
331.581	292.579	83.200	143.820
333.328	292.696	85.392	143.563
338.507	292.276	85.694	143.911
348.018	291.885	84.807	144.233
350.588	292.227	85.432	143.411
353.542	291.243	84.918	144.054
355.452	292.160	85.552	143.836
357.815	292.081	85.083	144.175
358.929	291.194	86.623	145.544
360.823	290.188	85.555	146.736
361.688	289.041	85.238	147.291
362.182	288.346	84.177	147.254
360.800	289.109	85.524	145.948
359.423	289.850	85.228	144.653
357.939	291.449	85.999	143.357
357.076	293.437	86.016	141.316
356.886	294.229	85.464	141.074
357.108	297.052	83.454	138.707
357.348	296.463	81.297	140.673
356.953	296.539	81.155	140.184
356.891	295.369	80.166	141.489
356.447	295.672	79.151	140.661
356.860	297.077	77.211	139.248
359.269	298.719	73.433	136.880
361.301	298.445	71.554	137.756
361.943	297.076	71.395	139.718
361.514	296.793	71.729	140.053
360.449	295.264	72.968	141.659
358.429	293.004	72.886	143.809
357.587	293.254	71.382	143.117
356.278	292.793	70.880	143.405
355.937	292.569	68.671	143.433
355.171	292.168	67.371	144.347
354.963	291.168	66.109	145.614
354.799	290.690	65.511	145.487
354.340	289.809	66.593	146.296
355.581	289.897	66.909	145.957
357.329	289.826	67.929	144.897
358.318	291.794	71.214	142.463
362.117	291.099	74.288	142.898
366.981	290.938	72.633	144.426
373.115	290.253	73.687	143.429
378.375	289.736	76.703	142.880
385.150	288.797	75.953	143.255
389.037	288.553	76.666	142.665
392.299	288.650	75.057	143.444
394.544	289.407	75.901	142.681
397.120	288.727	76.225	142.490
401.234	288.212	74.984	142.805
401.804	288.266	76.445	143.468
403.522	287.354	74.817	144.612
405.431	287.305	74.138	144.526
406.479	287.010	76.599	144.910
408.401	286.274	76.579	145.923
409.394	284.792	77.072	147.379
410.075	284.098	77.512	146.817
410.987	283.035	76.414	146.963
410.229	284.638	75.365	144.534
408.150	284.558	74.623	144.630
406.588	284.003	74.283	145.517
405.767	284.353	75.009	144.733
404.634	284.083	75.095	145.103
402.620	284.212	75.857	144.031
402.693	283.615	76.213	145.370
401.081	285.328	78.175	143.600
401.040	288.464	78.741	140.147
400.107	290.311	78.990	137.154
397.047	292.751	78.768	131.935
388.512	293.215	83.794	131.567
381.372	294.534	87.059	132.516
369.439	294.513	96.888	131.600
358.003	294.646	101.880	132.516
349.101	292.793	105.421	133.956
337.201	292.189	108.913	136.352
331.576	289.845	107.480	141.804
324.629	288.496	106.207	144.024
318.441	286.796	103.432	144.568
313.763	284.199	99.171	147.694
305.909	282.031	85.874	148.762
299.654	280.407	74.748	150.011
294.664	281.895	73.530	148.422
287.970	281.868	71.676	148.452
281.854	283.199	72.704	148.196
274.494	284.607	76.380	147.880
266.400	286.091	85.454	147.452
262.499	287.422	87.631	147.776
259.016	286.781	89.084	148.123
254.541	288.253	91.314	145.989
248.796	288.940	89.626	144.323
245.069	290.424	87.730	142.320
239.091	289.411	84.953	144.038
236.945	288.159	78.752	145.604
234.281	288.878	77.152	144.797
233.032	286.371	73.497	149.365
232.336	287.121	69.179	147.530
231.603	287.002	67.318	151.924
225.843	288.274	71.844	151.005
214.513	289.272	83.710	149.425
209.383	290.342	89.889	148.667
208.979	291.415	91.247	148.793
208.200	290.695	91.580	150.352
208.982	289.959	91.730	151.271
212.330	289.736	86.268	152.505
219.241	289.121	81.264	152.011
225.267	289.043	78.601	152.067
228.793	288.917	77.014	151.605
232.260	288.235	77.145	152.526
234.908	287.477	77.342	152.622
237.948	288.223	74.068	151.425
239.872	288.810	72.176	149.678
239.891	288.770	71.302	150.243
239.277	288.564	72.521	149.792
238.238	289.172	73.364	147.786
236.965	289.112	74.251	149.395
236.464	289.039	75.855	149.932
235.781	288.563	77.559	151.157
234.566	288.512	79.755	151.555
233.017	289.522	79.148	150.599
230.169	289.538	72.532	150.703
227.337	289.594	71.022	149.796
222.655	290.195	71.737	151.131
216.806	290.050	73.634	153.253
213.203	290.229	73.469	153.392
205.533	291.314	73.512	152.307
199.803	290.811	75.075	152.497
192.841	291.519	74.930	150.966
187.267	292.273	75.070	150.236
179.701	291.671	79.332	150.741
169.985	294.340	77.481	145.536
163.411	294.584	79.230	146.793
157.778	294.284	76.739	147.413
150.800	295.376	76.602	145.359
146.503	295.448	75.439	145.311
138.116	296.753	76.273	141.936
133.881	296.903	77.432	140.920
132.501	296.584	74.401	142.661
128.966	297.175	73.611	141.638
126.823	297.924	70.993	140.901
120.809	297.419	69.401	141.741
119.263	298.562	69.267	139.544
113.955	299.264	71.653	139.690
110.955	299.003	73.151	138.484
105.730	299.917	72.748	137.340
96.030	298.413	78.774	138.796
90.174	298.279	84.344	140.211
86.505	296.616	89.755	144.666
87.458	299.779	101.753	141.996
90.598	302.279	97.191	138.039
90.813	307.051	100.526	135.322
94.755	316.899	98.435	125.446
113.149	322.148	79.726	121.139
84.519	302.690	95.865	141.359
81.313	306.222	94.523	140.144
79.732	303.145	92.039	143.590
90.096	307.158	81.396	138.983
103.844	311.969	68.229	134.885
86.251	310.613	85.050	134.981
92.986	308.418	76.581	139.610
93.892	315.534	75.518	133.283
100.283	318.026	70.481	129.629
110.891	322.725	58.190	125.767
111.123	328.717	58.968	118.746
111.139	323.211	59.149	123.904
108.054	323.434	63.477	124.583
106.986	320.619	64.817	126.830
100.602	318.602	70.664	128.197
105.784	318.223	62.111	128.546
110.610	320.643	59.557	126.963
113.660	324.844	66.651	120.328
111.208	324.165	64.832	121.332
107.800	316.453	64.633	128.886
90.289	314.919	75.565	129.772
81.896	299.946	73.360	147.132
83.995	309.231	87.279	138.407
97.320	308.477	97.543	136.419
96.392	303.772	101.825	139.623
73.451	307.958	120.678	136.337
88.693	298.539	110.030	146.603
59.725	304.224	108.455	140.938
55.240	308.834	113.222	134.292
53.071	311.394	101.350	134.697
65.489	307.152	117.770	138.635
149.198	299.869	73.612	141.988
148.106	302.023	78.646	143.140
152.806	300.411	79.519	144.115
147.679	302.287	88.812	143.214
154.299	300.839	88.834	146.064
151.545	299.684	93.011	148.433
159.266	301.937	87.784	146.148
168.656	300.431	82.324	148.099
180.017	302.108	69.515	145.379
181.674	297.242	68.825	148.586
186.530	299.325	64.024	147.673
184.227	301.861	65.094	144.604
172.114	299.007	75.039	148.256
172.300	299.729	72.641	147.401
150.174	300.604	87.894	148.588
147.837	299.607	85.674	150.676
146.942	303.212	85.240	147.789
141.958	302.334	80.574	148.684
139.943	303.523	77.052	147.492
140.111	301.859	76.407	147.585
135.340	303.265	77.233	146.342
131.135	301.364	80.069	148.196
126.571	301.298	81.161	148.545
123.013	302.450	79.866	147.350
117.537	306.657	79.267	144.054
128.089	303.004	75.780	146.070
128.260	302.198	79.698	146.200
130.713	303.483	75.821	144.103
133.327	313.278	77.726	133.225
142.313	300.814	79.343	145.561
149.397	298.541	80.183	146.731
156.203	297.545	79.045	146.201
157.611	297.682	84.174	144.644
159.953	295.112	84.241	146.096
162.543	295.715	85.742	143.054
170.332	293.256	84.723	146.513
178.611	295.207	80.998	145.049
188.867	294.533	77.648	141.664
201.808	290.810	78.333	147.133
201.066	295.355	72.723	141.197
194.975	291.922	75.635	140.564
192.840	291.740	76.688	139.594
214.675	292.091	74.245	138.174
234.956	289.499	85.243	131.465
264.190	285.329	73.606	139.825
282.975	285.522	70.129	139.906
291.360	287.729	71.568	134.763
307.182	289.037	71.563	135.010
314.971	285.878	70.762	138.053
324.190	285.028	69.195	137.582
333.058	285.119	68.456	136.573
342.809	285.549	68.558	135.735
358.407	284.657	70.939	136.060
367.948	283.553	67.884	134.206
376.308	281.902	68.909	138.467
379.613	284.808	70.654	133.470
385.986	283.184	70.330	135.243
396.451	283.521	66.010	135.122
396.935	285.031	65.737	131.788
406.067	283.301	65.151	136.380
406.959	286.071	65.736	134.199
407.811	288.474	67.288	131.438
425.485	290.649	62.266	130.308
404.033	293.944	75.617	122.895
426.507	290.194	70.171	128.867
439.525	298.968	63.354	120.499
434.598	297.555	66.124	123.984
442.076	306.074	62.055	116.379
438.097	306.316	64.584	117.571
448.552	306.951	59.202	115.534
445.838	305.248	62.445	118.849
448.252	298.921	63.679	125.403
451.272	299.704	63.887	125.660
450.066	298.688	63.678	127.605
452.393	301.767	65.618	122.984
454.757	300.903	63.961	123.579
454.718	301.101	62.803	124.997
454.374	298.888	63.271	127.043
454.340	297.215	62.803	127.936
295.027	299.659	53.693	138.113
264.584	301.675	83.479	134.483
263.157	299.794	82.141	134.591
264.296	298.811	80.170	134.388
265.479	298.244	78.299	134.849
268.839	297.274	73.464	136.241
271.822	296.363	69.905	137.611
275.115	296.218	67.013	137.458
275.148	296.655	66.833	136.153
274.273	297.444	70.254	135.436
273.351	297.962	72.928	134.958
273.369	299.510	73.903	133.367
272.447	300.618	74.750	132.281
272.256	302.462	77.497	130.062
271.795	302.005	77.711	130.681
271.379	301.101	78.431	131.836
268.339	301.583	80.108	132.370
266.598	301.492	78.048	132.501
264.409	301.627	76.981	131.945
262.795	300.828	76.260	133.047
263.198	299.893	74.156	134.146
263.092	299.755	74.238	133.963
263.283	299.524	72.683	133.879
262.537	299.327	72.420	133.347
261.843	299.310	72.233	133.141
257.802	298.718	74.905	133.972
254.064	296.791	76.239	135.932
250.009	294.319	78.606	137.638
246.426	294.034	80.866	138.851
243.229	295.370	83.765	138.052
242.774	296.462	86.421	137.488
240.533	297.785	86.584	135.978
238.786	300.229	88.733	133.010
236.578	302.117	92.084	130.621
234.084	302.558	90.857	130.085
231.643	302.139	92.340	130.612
229.975	302.207	91.815	129.482
227.747	300.881	93.775	131.090
226.723	301.010	91.512	130.959
225.871	300.511	89.096	131.767
224.361	300.524	86.806	132.703
224.074	300.469	81.499	133.097
224.014	300.837	76.642	132.528
224.276	299.893	71.017	134.336
224.525	298.602	65.351	135.905
224.376	297.595	62.620	136.527
222.502	296.764	61.989	136.558
220.502	296.301	61.711	136.554
218.631	297.510	61.225	135.738
217.376	297.040	63.288	136.547
217.352	296.802	65.651	137.193
218.182	296.151	67.170	138.364
218.486	296.794	69.855	138.163
221.960	296.886	73.791	140.265
225.989	299.047	76.695	138.955
228.846	299.429	78.555	139.662
230.979	300.075	79.990	140.455
232.391	301.787	81.225	139.344
234.695	303.989	83.963	137.593
236.066	304.723	88.065	137.820
239.063	305.884	90.832	136.134
245.316	307.185	86.096	135.578
250.617	308.310	84.080	134.502
268.701	305.474	77.673	137.134
276.863	304.825	78.827	138.305
284.299	305.371	78.068	136.471
291.692	303.977	82.645	135.800
299.712	302.975	76.723	136.413
311.520	304.996	88.975	134.255
318.811	304.778	89.281	132.498
326.737	304.417	88.505	131.270
333.926	305.639	89.227	129.716
339.588	304.623	88.316	130.236
347.051	303.332	86.398	129.584
351.387	303.079	88.751	130.796
354.521	301.686	89.218	131.182
356.348	300.738	90.194	132.058
359.601	300.866	89.091	134.208
359.839	300.873	90.886	135.014
356.488	298.471	94.127	137.681
351.949	298.052	90.370	138.138
347.312	298.699	86.501	137.881
345.583	297.669	78.125	138.444
341.400	298.391	75.285	136.253
332.856	297.587	72.838	137.491
325.034	296.888	70.325	137.686
315.896	298.107	71.192	137.352
304.822	299.416	77.064	136.516
298.018	300.250	81.087	137.614
289.478	299.706	76.893	139.766
280.554	301.821	80.436	136.259
274.571	303.289	80.346	134.649
268.999	303.538	78.904	136.649
262.342	304.148	78.423	136.662
256.289	301.442	74.738	139.355
250.370	299.285	73.718	141.926
245.756	296.729	75.149	145.240
241.986	293.915	73.614	149.021
237.696	292.760	73.721	150.883
233.391	290.818	75.655	154.047
230.277	289.959	81.125	156.632
228.094	289.790	84.183	157.107
224.171	291.249	85.040	155.524
214.981	292.257	91.120	154.284
201.935	294.261	97.676	153.636
189.357	293.042	101.412	154.917
178.786	291.646	103.724	156.411
168.652	292.375	107.630	155.267
161.774	291.040	109.382	157.552
152.996	290.646	109.820	158.561
147.009	291.005	109.177	161.155
140.994	292.081	104.019	159.524
134.615	293.212	103.727	159.368
127.848	295.367	102.976	156.815
119.260	295.082	103.377	156.316
106.667	297.279	112.560	153.470
98.678	298.601	115.655	153.859
78.232	299.774	129.405	155.298
53.287	303.663	147.394	153.409
31.937	307.058	154.355	152.783
17.405	307.942	161.341	151.988
14.433	314.289	161.256	145.958
11.586	318.850	163.756	141.054
8.950	321.702	159.409	139.290
6.135	320.356	155.322	141.739
1.723	318.345	154.954	145.501
0.000	319.080	146.838	144.371
0.000	316.670	129.935	146.770
0.000	317.294	122.801	146.512
0.339	317.868	107.968	145.337
0.315	316.879	87.671	145.599
0.000	317.782	79.385	142.562
0.000	314.308	75.623	144.236
0.000	312.038	73.640	144.177
0.000	311.764	69.927	137.913
0.000	311.354	67.464	137.112
0.000	310.363	65.830	141.004
0.000	312.644	64.007	139.065
0.000	314.055	63.313	138.246
0.000	315.101	62.549	137.411
0.000	315.204	63.978	144.179
0.000	315.980	65.262	148.185
0.000	316.756	70.112	146.979
0.000	316.955	74.698	145.823
4.406	317.969	77.194	142.164
9.610	316.767	77.869	141.708
16.738	316.965	79.524	140.871
22.865	319.638	81.482	137.241
32.358	316.690	78.602	141.169
43.025	313.900	77.312	141.423
48.866	307.286	77.484	147.810
53.198	300.825	80.193	152.320
58.055	295.111	82.170	155.220
64.311	290.686	84.624	158.384
71.131	286.371	83.966	159.233
79.172	278.023	82.669	162.403
83.670	282.497	78.577	156.782
90.199	283.429	77.530	154.257
97.308	274.615	73.725	160.008
103.413	279.031	75.091	156.929
109.888	284.369	71.474	152.200
113.858	284.892	71.370	153.529
115.338	289.007	74.757	151.462
118.735	294.029	72.731	150.296
124.126	303.562	67.612	144.488
129.053	308.741	64.655	139.441
131.006	312.115	63.644	137.691
130.810	314.140	63.404	134.064
131.698	314.145	64.160	133.154
133.856	311.479	64.533	135.690
135.862	309.682	65.436	136.474
138.408	308.238	63.897	137.064
139.194	306.321	64.483	137.027
139.240	304.828	64.802	135.745
138.717	304.632	66.312	134.512
137.091	302.788	68.123	135.853
135.127	303.424	70.544	137.586
134.627	304.529	73.206	135.945
134.738	306.586	78.281	133.112
137.370	305.044	77.843	133.616
142.312	304.823	75.455	133.815
148.699	303.755	72.123	135.633
152.062	301.502	72.728	137.381
155.682	301.154	73.436	136.823
159.392	300.812	68.572	137.118
160.447	300.841	70.939	136.078
164.937	301.618	70.151	135.547
168.392	304.548	67.894	132.687
170.886	304.106	69.462	133.349
172.983	305.835	70.210	129.803
176.209	304.862	69.018	128.848
180.293	309.095	76.812	124.197
178.431	309.687	83.062	123.501
176.052	312.174	88.189	121.604
176.861	314.948	91.217	119.667
176.785	315.464	92.158	118.449
176.084	314.776	93.952	118.730
174.773	313.405	95.862	119.532
172.934	310.166	96.836	123.433
172.347	308.908	97.804	122.329
170.749	307.349	98.350	124.005
171.439	307.785	97.220	122.803
177.906	309.551	83.091	120.921
185.748	300.041	86.788	131.639
206.299	296.039	80.326	134.760
215.253	296.306	79.288	135.930
221.916	296.661	72.028	136.893
230.357	299.343	67.216	134.064
235.580	298.982	62.371	135.016
235.559	299.747	67.168	133.651
243.796	307.615	70.866	126.012
239.782	309.699	78.676	124.166
240.868	311.388	79.105	120.951
243.562	311.413	80.220	121.387
255.366	310.866	85.043	119.964
262.691	309.554	82.578	124.665
261.638	328.684	79.201	109.052
270.164	323.945	79.255	110.724
287.626	318.683	75.288	117.518
300.452	311.345	71.201	124.367
311.787	302.800	77.994	132.197
318.606	302.140	79.573	133.358
327.270	305.903	83.318	127.245
329.545	304.475	86.310	126.928
337.177	299.839	76.274	132.932
338.819	303.462	75.511	128.088
338.230	302.287	77.544	129.402
343.402	304.293	86.220	127.334
356.083	308.889	80.293	122.557
354.015	302.021	82.297	131.183
335.067	301.031	64.015	127.623
327.980	298.023	60.631	129.027
332.975	301.831	61.253	126.827
325.778	299.259	58.157	127.996
334.627	299.609	62.160	132.848
381.195	294.007	64.804	136.831
384.356	298.293	62.362	133.833
387.577	295.518	69.430	131.221
382.207	298.633	69.450	130.456
381.983	298.078	71.997	135.315
384.647	290.055	74.952	144.491
374.604	287.354	75.842	138.441
374.247	284.489	66.261	137.492
416.298	288.293	77.107	136.368
418.353	290.344	85.182	133.546
421.757	292.082	88.798	127.684
428.799	292.802	90.493	125.330
436.621	291.854	90.849	132.263
423.699	289.712	85.556	135.108
363.216	291.513	73.541	144.304
349.602	283.087	81.222	152.496
344.868	282.965	82.789	150.497
359.612	280.762	76.109	148.308
352.863	286.401	82.942	147.912
336.060	279.995	88.145	151.555
347.839	282.942	93.091	144.950
337.151	279.663	82.315	152.018
317.312	282.506	76.654	147.519
319.116	284.006	71.545	146.680
320.460	287.074	59.483	141.425
313.094	289.230	63.105	135.258
308.212	289.098	67.631	137.013
302.629	291.477	69.247	135.847
297.583	288.068	70.962	138.819
294.171	287.456	75.425	140.004
289.224	286.090	81.534	141.516
283.726	288.414	87.010	139.457
279.656	293.620	75.750	134.752
270.936	293.341	75.506	134.955
265.583	292.633	71.936	136.282
258.187	293.587	70.457	135.819
249.222	294.004	71.754	135.306
297.926	278.872	70.888	144.934
245.646	291.067	82.520	134.950
239.303	291.078	71.115	139.495
253.398	291.081	70.665	139.844
236.691	290.741	80.651	139.413
257.672	288.018	84.899	140.523
287.890	286.036	74.821	140.706
288.643	281.781	70.314	147.018
260.111	284.604	69.077	141.616
256.186	290.372	72.480	136.478
248.290	292.192	73.098	134.839
220.062	290.220	82.210	139.803
220.521	290.407	72.320	142.151
215.701	290.732	72.465	141.264
216.261	289.072	72.419	144.350
218.114	289.627	64.793	144.658
220.896	296.436	66.612	138.115
221.228	300.460	64.987	129.061
225.908	306.704	57.291	127.195
226.936	304.177	61.760	125.841
224.015	317.618	65.045	112.437
232.468	298.673	84.737	130.641
227.681	299.152	61.216	132.563
229.160	303.157	64.306	129.637
235.983	302.960	64.924	131.340
237.441	306.604	75.550	129.427
241.002	303.367	82.393	132.162
253.083	293.255	99.913	141.557
262.407	294.029	80.918	139.664
279.286	295.690	84.046	136.709
292.219	293.092	84.962	141.720
309.342	290.834	73.063	141.721
304.515	285.942	77.556	146.006
299.775	292.358	80.263	137.771
316.852	288.802	72.572	143.015
302.759	291.543	79.693	139.989
318.119	291.322	71.281	140.529
321.824	287.270	69.986	139.187
309.678	289.107	74.968	143.067
315.153	292.016	73.816	141.009
314.356	289.114	73.707	144.549
309.252	291.073	75.669	142.087
303.965	291.351	78.361	142.409
301.988	294.117	76.968	139.987
300.760	297.637	74.377	136.007
305.288	296.838	77.928	135.420
322.972	290.676	65.608	141.383
332.945	286.417	58.859	145.126
332.173	294.559	60.175	136.986
341.158	291.242	64.419	137.804
339.897	294.593	62.955	134.442
339.025	297.917	64.081	128.110
327.584	296.020	69.079	129.029
339.390	291.580	61.540	136.197
332.195	300.130	67.447	131.916
316.476	300.774	76.053	126.679
312.051	298.022	62.572	133.570
320.121	295.707	71.270	133.445
314.738	299.531	67.603	131.907
314.919	302.959	62.147	127.259
311.765	307.013	60.488	127.339
323.154	302.707	80.043	129.020
334.703	293.229	75.989	136.477
353.367	291.373	67.435	142.549
356.091	286.805	65.330	144.689
361.713	288.586	69.285	141.854
367.137	287.707	68.889	142.874
367.582	285.135	68.745	144.306
360.689	289.316	68.047	141.344
371.786	285.975	64.821	143.948
370.577	288.476	67.787	140.659
363.961	297.510	72.701	135.160
368.960	290.793	69.126	139.234
370.704	293.495	65.311	136.380
371.728	298.505	62.608	133.072
370.584	297.060	64.342	133.675
367.926	298.432	69.966	134.220
370.442	292.519	68.722	141.018
367.173	298.371	74.027	136.452
369.340	298.802	75.238	135.835
372.091	296.782	75.331	137.576
375.345	295.096	74.962	138.848
369.370	295.176	79.989	138.563
373.608	293.804	78.218	140.344
381.684	293.818	74.098	140.199
389.123	296.086	70.422	134.283
384.401	293.740	74.602	137.992
389.041	294.035	75.028	139.229
383.824	294.533	82.097	137.607
389.974	293.828	76.404	138.492
393.103	294.196	73.011	137.704
385.149	307.775	77.542	124.097
392.688	290.589	79.503	139.046
385.750	291.548	83.273	141.622
460.826	273.548	89.151	162.728
473.013	276.391	77.767	161.680
472.509	282.099	73.455	154.531
463.409	291.073	77.531	145.492
460.818	291.495	72.953	143.733
429.318	292.696	83.335	134.998
445.796	290.517	79.472	138.069
455.134	285.384	71.223	141.782
449.374	287.499	74.115	139.513
443.300	290.616	72.932	138.379
445.423	290.225	70.637	139.779
443.801	292.155	73.598	136.740
443.228	292.958	74.387	136.861
439.071	292.695	79.068	138.268
438.750	286.664	81.986	145.486
453.521	284.154	70.322	144.796
447.793	285.567	73.139	144.239
456.249	285.737	70.697	138.864
461.878	284.888	66.497	139.607
466.604	286.776	64.017	135.143
453.614	287.546	77.104	136.792
467.964	284.501	64.383	138.344
400.754	294.844	72.656	133.618
399.783	295.558	79.109	134.900
398.065	292.284	77.550	137.159
396.521	296.120	79.896	130.643
395.869	296.931	77.419	128.955
459.241	287.762	71.355	131.483
387.149	300.203	74.337	127.591
381.621	299.229	80.604	127.687
377.901	297.689	79.315	129.889
373.258	295.783	82.328	132.219
367.651	296.025	87.191	134.408
360.980	295.178	97.576	138.243
358.344	295.703	96.315	136.781
354.225	295.514	98.701	138.394
353.236	301.440	100.817	133.319
351.505	302.124	95.884	131.329
350.347	300.527	92.951	133.304
347.986	300.057	88.287	133.910
345.973	300.163	85.923	134.190
341.980	300.649	82.751	133.111
339.059	300.594	79.427	133.775
335.381	301.379	78.095	133.554
332.561	302.421	74.342	133.273
333.169	302.601	73.424	132.709
331.039	303.666	71.631	132.161
329.846	303.710	70.024	132.553
328.000	304.874	68.833	131.459
327.107	306.298	65.708	129.428
325.858	304.539	64.518	131.639
321.308	305.185	66.165	129.902
314.490	306.981	71.171	129.020
305.873	307.824	78.737	127.868
295.409	310.148	87.362	125.997
294.817	304.904	86.193	132.729
292.670	302.283	88.369	135.876
291.131	302.781	87.444	135.798
288.579	301.668	86.847	137.082
282.493	306.699	87.299	132.373
276.218	305.291	87.734	132.404
270.165	305.065	88.975	134.331
263.113	304.687	92.018	136.562
259.950	303.317	91.340	137.515
258.062	302.921	90.177	137.931
260.706	297.969	86.460	143.333
266.309	299.659	81.002	142.721
270.137	303.095	79.022	138.124
269.838	302.413	79.093	138.915
267.723	300.907	79.331	140.697
264.295	299.730	79.394	142.657
263.568	299.170	77.455	142.591
259.822	297.667	77.667	144.652
260.536	301.611	76.393	141.197
260.107	297.929	78.366	143.861
266.649	303.687	78.070	136.140
266.613	303.494	73.925	138.566
266.985	302.274	71.994	139.967
267.925	302.945	68.471	139.663
270.228	304.158	63.639	136.922
269.460	305.004	62.002	134.264
265.594	306.470	63.041	132.268
261.847	307.275	65.528	132.369
258.247	306.871	66.644	133.758
253.325	308.875	68.352	132.222
247.285	309.447	70.021	132.559
241.934	310.958	72.806	131.050
236.644	310.421	73.017	132.122
230.621	308.165	72.252	134.495
225.646	306.447	72.242	136.837
219.975	306.946	71.427	136.498
216.711	305.059	68.876	139.043
214.389	304.403	66.770	138.898
210.939	305.059	65.690	139.316
206.233	305.125	67.970	139.376
200.733	306.142	71.120	138.042
197.026	306.034	73.306	138.330
194.299	304.209	75.119	140.660
193.800	302.955	75.579	142.476
193.169	303.179	76.911	142.448
191.339	302.868	79.073	143.733
190.944	302.460	79.872	145.000
191.236	302.323	79.841	145.855
191.182	300.684	79.868	147.656
190.541	299.461	81.145	149.304
189.926	299.073	81.128	149.888
188.809	297.094	79.603	151.786
187.037	296.658	79.714	151.999
186.464	295.597	78.405	153.124
185.363	294.543	75.635	153.750
182.337	293.699	77.349	154.211
179.982	293.434	77.319	153.753
178.178	293.705	78.110	152.325
176.442	293.963	76.505	151.782
174.048	295.405	75.543	148.603
170.931	296.584	73.064	148.789
167.893	296.535	73.224	150.591
165.984	296.159	72.532	153.051
163.420	297.569	72.432	152.189
161.312	298.373	70.360	151.752
158.804	297.682	69.986	152.726
156.394	295.870	70.152	154.737
156.030	294.778	70.947	156.633
154.428	295.253	70.625	155.916
155.100	294.041	68.618	157.924
155.944	293.717	66.103	158.393
157.693	294.350	62.259	156.918
158.129	294.927	63.042	156.646
158.420	295.685	63.759	155.834
159.145	296.508	64.472	154.810
159.963	296.508	65.568	154.175
160.351	296.213	66.857	154.879
160.247	296.425	67.297	154.125
160.402	296.425	68.249	154.266
160.413	296.344	68.489	154.475
161.007	295.579	67.715	155.159
159.641	294.943	68.831	155.438
152.711	294.313	74.984	156.770
144.675	292.280	83.122	159.775
135.273	288.046	92.360	164.830
124.661	287.342	103.707	165.806
113.375	285.053	113.243	168.242
105.736	288.842	120.043	163.701
99.659	289.507	122.281	162.957
94.827	288.401	123.132	164.889
89.252	289.400	123.139	164.825
86.365	288.542	124.768	165.767
86.159	288.430	123.781	167.252
89.760	287.526	119.901	169.482
95.579	287.437	114.016	170.551
101.586	290.923	109.990	167.886
109.226	292.560	103.358	166.046
119.916	292.759	93.824	167.230
127.958	295.240	89.073	164.487
136.922	295.456	83.569	164.163
147.469	295.419	80.387	162.593
152.458	294.302	80.607	165.009
154.895	292.226	83.953	166.923
158.366	290.300	87.452	168.419
160.774	287.864	87.807	170.504
165.810	285.401	86.811	173.296
167.939	284.519	86.472	173.253
169.978	284.578	85.016	172.790
170.533	284.867	84.440	170.674
171.290	284.941	84.053	170.553
171.882	286.269	83.378	170.340
170.290	288.210	79.708	168.045
169.429	289.751	75.488	167.106
167.042	290.997	72.887	165.280
165.482	290.380	70.795	167.376
163.009	289.314	72.579	169.094
157.324	288.781	83.465	169.190
147.377	284.755	99.297	172.835
142.052	279.208	109.223	178.872
138.923	275.768	114.899	182.898
135.509	272.524	117.480	185.143
130.576	272.709	117.973	184.840
129.957	272.462	121.778	186.168
132.851	275.807	126.650	183.857
139.145	279.145	128.922	181.253
147.343	283.566	132.862	176.910
154.887	284.370	131.174	174.367
160.364	283.813	128.351	175.529
164.983	281.681	126.788	178.481
171.606	281.485	120.084	179.895
180.441	281.186	112.247	180.692
189.092	278.321	104.306	184.540
193.943	275.589	100.604	186.574
197.339	271.582	97.333	189.705
197.396	270.222	94.036	190.059
194.288	268.274	94.066	189.579
192.098	265.815	92.786	190.080
187.884	264.315	94.505	191.806
182.031	265.281	98.322	191.658
177.246	265.607	100.748	192.728
169.756	265.833	105.187	193.068
162.810	264.469	109.315	194.128
158.034	263.477	109.898	194.530
155.847	264.125	108.258	194.023
162.947	265.131	98.520	195.508
166.754	265.306	93.632	198.376
169.665	264.147	91.240	200.235
171.866	263.190	88.081	201.322
171.236	260.625	88.864	203.214
171.605	260.483	90.067	202.553
174.535	260.273	91.321	204.792
175.762	260.220	91.888	203.487
177.608	259.735	93.338	203.222
180.152	258.695	93.975	204.415
183.774	257.947	95.187	205.162
187.498	258.071	96.877	204.965
191.131	258.713	96.421	205.030
193.728	258.001	98.094	205.985
198.931	258.794	97.432	204.735
202.564	260.915	97.276	202.291
205.007	263.261	100.368	199.931
206.316	265.372	99.046	197.647
208.744	264.910	98.158	197.711
213.425	262.530	97.008	199.814
220.337	261.434	97.617	200.185
229.189	262.257	97.765	200.685
234.200	262.327	101.959	201.681
238.850	261.760	105.107	205.179
242.534	262.688	108.892	204.729
244.598	261.434	106.919	206.595
246.893	261.645	106.919	206.674
247.782	261.504	108.361	206.622
252.270	261.358	105.810	206.745
257.285	261.187	100.182	206.182
262.449	260.031	96.809	207.400
268.557	260.086	91.068	206.279
272.152	259.822	87.624	206.035
274.362	259.929	86.478	205.283
276.840	260.068	86.371	205.152
278.167	261.383	87.890	204.119
279.594	262.704	87.636	202.852
279.928	264.478	87.344	201.963
278.451	265.676	88.479	201.254
275.867	267.635	90.355	198.647
274.142	267.327	92.636	198.753
273.688	266.514	92.370	199.445
274.568	265.895	94.850	199.752
275.842	264.862	98.055	199.939
277.688	264.305	101.495	200.152
278.910	264.204	107.002	199.881
280.425	265.036	108.931	199.428
281.426	265.193	104.775	200.263
281.401	266.165	110.280	198.945
280.552	263.546	122.675	201.346
281.137	261.781	127.286	203.233
278.082	264.553	132.377	199.086
272.019	265.278	131.528	195.222
269.096	266.075	126.735	193.683
269.655	268.683	118.725	190.594
268.274	273.211	115.832	185.688
267.579	277.967	118.421	180.096
263.326	279.478	123.574	176.968
257.107	280.485	127.890	175.107
252.291	281.518	131.268	173.939
250.488	283.132	134.417	172.284
249.711	284.076	135.590	172.330
249.244	285.377	136.147	172.357
248.781	287.517	134.837	170.707
248.806	288.317	134.275	170.397
249.310	288.431	137.262	171.455
251.807	289.060	136.711	170.191
253.644	288.939	136.642	169.582
254.959	289.545	132.584	169.254
257.451	290.471	128.094	168.048
260.746	289.577	124.124	168.696
264.525	289.522	120.351	169.549
266.978	291.594	119.063	168.103
266.462	292.828	117.879	168.016
266.123	292.458	116.441	169.426
265.497	290.102	116.228	171.908
263.700	289.222	118.692	172.999
260.796	286.681	121.586	174.920
256.181	284.329	125.540	177.437
250.364	281.723	131.831	180.516
244.039	279.523	138.808	182.308
233.981	277.868	146.219	183.401
219.889	274.557	155.705	187.136
207.463	271.974	160.069	189.757
196.530	270.661	161.693	191.504
195.091	270.285	155.151	191.643
197.612	269.186	143.600	192.824
199.386	268.371	135.542	192.108
202.317	265.057	128.221	195.122
201.775	266.318	128.103	193.912
196.958	265.664	133.566	194.713
195.768	264.906	139.266	194.938
190.270	264.945	143.037	195.064
191.523	266.982	138.425	193.496
199.350	267.346	128.817	192.941
208.181	264.725	118.615	194.924
207.084	264.988	113.062	194.043
204.740	265.388	111.181	194.601
207.181	264.946	109.588	195.953
206.789	265.940	112.613	195.648
211.239	267.219	114.018	194.932
212.051	267.614	117.495	194.076
218.801	267.414	117.209	194.830
220.569	267.764	122.243	195.157
223.912	267.574	127.652	195.347
226.741	266.793	132.870	195.861
228.773	267.449	135.871	194.696
233.995	267.306	133.701	193.217
234.279	266.716	135.237	193.558
235.948	267.654	133.882	192.379
235.780	267.631	133.382	190.867
238.802	266.241	129.763	191.081
245.905	262.544	123.694	194.002
252.107	259.784	119.239	195.169
259.572	257.365	115.563	197.583
269.727	258.167	109.547	194.725
276.020	257.116	104.577	194.893
285.509	256.860	96.782	195.365
299.610	258.982	85.935	194.288
307.417	257.978	84.046	195.820
312.476	260.608	81.224	192.385
318.002	263.249	78.197	192.326
323.941	267.001	79.779	190.576
325.875	268.012	82.208	190.426
326.765	269.458	84.211	188.464
328.665	269.963	84.765	188.987
331.172	276.739	86.190	181.982
335.138	279.194	90.589	178.633
344.703	277.155	89.396	180.040
354.387	278.187	87.065	178.385
364.206	278.418	84.374	180.822
372.323	279.095	84.045	180.728
382.259	279.968	82.974	177.118
387.912	277.348	84.574	181.211
391.093	276.672	87.787	182.055
395.505	274.576	91.926	184.390
398.690	275.179	97.044	183.923
400.425	276.400	102.362	182.303
399.983	276.231	106.289	182.304
400.166	275.548	106.355	182.415
399.615	275.990	107.947	181.996
399.551	275.548	106.074	182.516
398.635	273.759	104.614	183.619
398.007	271.468	102.249	185.823
396.706	269.489	100.627	187.859
396.787	269.756	99.238	186.859
397.993	271.461	97.912	184.142
400.080	271.619	96.064	182.258
403.308	269.645	92.800	183.721
406.270	270.211	89.918	181.825
408.477	270.541	90.166	182.689
409.164	270.373	92.186	184.135
410.524	273.302	95.756	181.076
413.297	274.210	94.928	180.339
416.042	273.992	94.771	180.543
419.744	272.265	93.491	183.808
421.189	272.136	93.179	183.411
427.072	273.311	90.090	181.915
430.620	272.238	88.772	182.492
437.165	272.214	86.454	181.053
442.818	272.176	85.429	179.499
448.760	273.188	84.593	177.179
458.672	273.867	82.206	173.710
463.283	272.446	83.863	172.574
468.620	272.422	82.640	176.630
472.914	272.835	84.057	177.569
477.534	270.841	84.686	179.510
481.046	271.935	87.649	178.252
482.637	271.062	91.253	179.855
482.237	270.905	96.278	179.722
482.008	270.149	98.035	180.780
479.008	269.279	100.694	181.881
477.275	270.172	104.458	180.737
475.931	269.001	107.794	182.540
473.580	269.914	109.140	182.062
471.449	269.518	110.096	182.928
471.054	269.733	109.398	183.366
472.517	270.520	107.615	183.262
474.445	270.558	106.376	183.442
476.785	270.901	103.988	182.886
481.540	272.939	99.380	180.421
488.154	272.699	93.434	180.226
493.948	272.897	88.405	179.137
497.719	271.975	82.791	179.108
500.718	272.091	81.464	178.326
503.684	271.545	78.971	179.071
506.386	271.766	77.836	178.183
507.987	271.398	79.585	177.990
509.128	268.960	82.948	180.111
508.606	268.333	85.318	181.043
506.691	268.354	88.845	181.117
502.210	269.263	94.091	180.677
494.853	270.746	95.758	180.232
488.063	270.763	101.666	179.912
481.754	270.173	104.551	180.816
474.077	269.928	106.371	180.237
466.201	268.947	109.468	180.624
454.536	267.955	111.339	180.824
446.886	266.940	115.868	183.527
439.348	267.662	122.313	182.689
434.721	268.114	124.747	182.363
431.236	269.368	124.290	182.060
429.575	268.614	122.621	181.816
428.654	267.591	120.688	184.282
429.772	266.904	118.766	185.147
432.103	268.059	116.507	183.874
436.782	266.844	108.574	185.330
439.740	268.651	104.130	182.731
443.275	269.322	97.455	181.462
440.663	269.093	95.542	180.961
438.295	270.677	95.517	179.147
435.826	268.807	95.075	180.391
434.427	268.665	93.682	180.779
433.565	270.081	92.768	178.690
432.918	271.518	90.963	176.908
432.516	270.547	89.611	178.325
433.704	268.645	87.632	180.728
435.503	269.306	85.834	181.490
437.692	271.057	83.026	181.611
441.388	276.972	80.490	176.746
444.215	280.000	80.712	175.249
448.007	280.041	81.464	174.812
453.907	280.456	80.049	175.045
461.724	284.110	79.235	171.246
467.412	286.690	78.172	168.450
472.260	286.460	76.764	170.038
475.998	285.069	76.530	171.982
480.767	285.443	75.616	171.358
487.395	284.069	75.917	170.477
492.090	281.761	76.163	172.475
497.703	281.414	76.314	172.775
502.200	280.415	76.321	173.507
504.978	279.768	77.893	172.220
512.431	279.887	78.225	172.913
516.616	278.364	79.028	173.837
520.235	276.786	82.298	174.927
524.680	275.399	85.003	175.270
528.731	274.965	87.229	175.492
532.206	277.308	87.219	172.435
535.656	275.240	85.183	174.352
536.864	275.198	84.379	173.484
538.772	274.813	82.065	173.218
539.597	276.555	80.438	171.487
540.989	279.545	77.558	168.043
542.022	283.503	76.100	163.529
542.862	287.957	74.245	158.538
542.956	290.205	73.094	155.639
541.874	290.456	72.960	155.586
540.969	290.823	72.547	154.785
540.383	291.163	73.906	154.028
540.397	289.840	73.429	154.001
540.420	287.957	73.617	154.104
540.574	287.445	73.251	156.250
540.187	286.137	73.795	156.143
540.784	285.731	72.111	156.589
540.788	284.626	72.331	157.883
540.115	285.501	73.035	156.226
539.944	287.602	73.041	154.750
539.486	288.327	72.973	155.079
540.224	287.865	73.233	153.936
542.068	288.638	72.668	152.046
544.039	286.971	72.604	152.599
545.016	284.918	74.396	154.698
547.425	281.937	74.217	156.444
549.636	280.342	73.171	156.961
551.185	279.636	72.718	157.834
550.979	280.355	72.831	154.700
551.367	278.726	72.295	156.100
551.542	280.585	73.248	153.249
551.669	280.393	73.588	153.485
551.471	282.954	74.027	150.961
551.886	281.129	73.539	152.861
551.430	282.041	73.251	152.014
551.331	282.600	72.146	151.139
552.028	281.814	71.341	151.990
552.667	279.653	69.916	153.590
554.436	279.244	67.728	153.414
556.927	278.626	65.132	153.278
557.247	278.579	64.852	153.422
558.200	278.939	63.374	152.757
558.798	278.910	62.792	153.403
558.065	279.695	64.317	151.646
558.939	280.627	63.931	149.750
556.841	282.182	65.739	147.908
554.764	281.536	67.532	148.743
552.162	281.722	69.208	147.826
551.135	281.964	71.613	147.799
549.879	281.154	72.753	148.934
549.985	280.959	73.954	149.083
550.406	280.139	77.068	150.060
550.904	281.893	79.017	149.440
551.723	281.526	79.300	151.562
551.425	281.365	78.649	151.444
552.059	281.055	78.835	152.109
553.848	281.429	77.260	152.276
556.908	280.880	75.121	152.816
559.607	280.724	73.254	153.928
561.375	280.861	72.450	154.665
564.576	281.682	70.350	154.103
564.674	283.153	73.456	152.781
565.656	283.216	74.867	152.916
568.021	283.255	74.847	152.702
570.684	282.366	75.021	153.948
574.215	283.063	74.106	153.007
576.217	282.866	74.479	153.807
580.203	283.203	72.206	152.968
582.181	284.078	71.108	152.069
584.618	284.533	69.694	151.051
586.270	285.413	68.421	150.279
587.822	286.089	67.047	150.176
587.850	286.230	67.128	151.251
587.619	286.511	67.844	152.780
587.151	287.392	68.030	151.853
585.314	288.212	69.962	150.511
583.438	288.668	69.838	150.436
580.678	288.876	71.350	150.125
577.377	286.637	72.881	153.111
573.950	286.648	71.839	152.366
571.129	286.161	71.677	151.585
568.027	283.590	72.206	154.546
565.737	283.508	71.362	154.959
567.811	282.550	66.693	155.133
568.472	282.658	63.698	153.765
567.754	283.239	61.553	152.872
564.602	283.412	64.392	152.326
561.227	284.124	67.250	151.708
555.949	284.736	72.255	151.051
551.264	284.994	75.727	151.011
547.314	286.867	78.510	149.368
544.008	286.961	80.213	149.110
541.908	288.208	80.683	147.371
538.682	287.769	83.401	147.744
535.160	287.284	86.936	148.463
537.098	285.664	85.740	151.662
537.785	282.974	84.589	154.328
537.368	282.356	79.007	154.681
535.998	283.989	77.244	151.685
534.772	284.041	76.545	151.601
530.535	282.942	77.981	152.873
529.783	281.765	77.852	152.370
527.543	281.815	83.068	150.818
526.186	281.820	83.806	150.697
525.047	282.755	84.500	150.829
519.968	281.638	79.336	152.092
514.866	279.737	78.699	153.375
509.872	279.637	78.377	152.391
506.148	280.270	79.520	152.580
503.207	280.466	80.268	153.139
502.741	281.607	80.695	152.811
502.852	282.262	80.279	152.237
503.212	283.264	77.625	150.989
503.217	284.452	76.146	149.031
501.771	286.175	75.312	146.766
499.761	287.092	73.906	145.741
498.455	287.079	73.416	145.693
497.573	286.381	72.802	146.664
497.334	285.523	71.516	147.658
497.197	285.180	71.864	147.105
496.435	284.107	72.884	148.121
495.558	283.311	73.051	148.487
494.999	283.153	72.369	148.663
495.899	284.902	70.032	146.406
497.681	286.178	68.522	144.895
501.865	284.638	70.283	145.822
500.058	280.063	76.687	152.039
497.835	278.767	82.710	159.049
493.461	277.293	87.947	164.319
486.414	276.350	95.959	167.242
479.425	276.547	101.533	170.602
472.810	277.861	110.668	170.796
468.271	277.532	116.904	173.634
463.599	277.553	123.107	174.819
458.997	275.781	117.411	176.275
459.962	274.615	99.201	176.951
460.939	274.210	91.392	176.201
459.883	273.682	84.345	175.097
455.800	273.842	82.882	173.859
441.569	273.520	92.699	174.705
429.496	273.722	103.815	174.767
423.781	272.528	109.027	178.799
420.234	272.152	111.251	180.284
420.339	272.876	109.793	181.037
416.924	272.869	112.305	180.656
409.558	269.602	115.820	182.816
404.188	270.096	116.801	182.293
405.404	270.281	101.742	182.462
407.884	269.657	88.170	182.372
402.738	271.955	85.257	179.350
393.291	272.389	84.653	177.978
385.142	274.043	89.287	177.748
375.046	273.706	102.669	177.224
368.182	274.267	110.693	178.578
361.405	276.392	118.417	178.159
358.425	275.757	123.669	181.638
354.973	274.478	126.852	183.448
351.632	274.206	125.842	184.525
349.714	274.206	122.477	185.697
350.876	274.305	116.455	185.583
353.298	272.307	105.603	186.754
347.319	269.902	98.689	187.628
343.406	268.725	89.874	188.699
339.553	265.375	82.653	187.801
335.256	264.527	84.388	186.777
327.150	262.798	95.988	186.880
318.286	259.570	107.534	189.776
313.370	258.020	113.612	192.122
312.619	257.917	118.392	193.145
315.749	257.706	119.965	192.591
320.496	258.855	116.763	191.525
313.525	257.345	123.727	191.015
313.357	260.558	117.789	189.960
311.436	259.590	109.903	193.004
294.428	260.607	113.876	191.638
288.106	261.837	107.028	189.263
275.067	262.990	104.880	185.911
258.921	263.945	112.087	187.420
250.949	265.205	114.588	185.615
250.387	263.559	110.262	188.425
251.883	263.046	109.944	188.775
246.403	264.057	114.713	189.489
233.361	263.014	126.306	192.041
227.906	264.567	130.392	191.934
229.507	264.707	123.428	192.193
237.319	263.878	111.541	193.611
237.348	262.204	107.879	195.810
236.860	261.065	103.707	196.162
231.708	260.126	103.258	197.435
223.858	259.715	103.609	197.246
222.941	260.503	95.643	195.673
224.629	261.498	89.221	194.629
226.161	261.825	86.027	194.888
223.221	260.324	88.147	197.195
213.059	259.639	98.452	197.527
207.560	258.864	107.564	198.001
206.142	258.383	111.523	198.626
209.331	258.717	111.531	198.235
210.358	256.698	112.525	199.594
212.277	254.388	111.552	202.425
212.779	253.759	110.346	203.430
212.737	253.551	108.694	203.735
210.770	253.400	108.004	203.670
205.243	254.005	110.222	202.141
194.983	254.154	116.141	202.244
184.193	253.405	121.231	203.139
169.140	254.161	129.253	204.179
170.352	253.510	121.030	208.686
169.787	253.814	116.036	208.873
169.893	253.430	112.872	209.496
168.270	253.127	112.605	210.216
166.950	253.484	113.602	210.949
166.136	252.169	112.767	212.157
167.152	250.773	110.072	212.748
169.382	251.306	105.380	210.550
171.800	251.046	100.584	209.215
173.795	250.987	95.907	208.317
173.183	249.913	96.363	208.179
172.594	249.387	98.317	208.064
172.175	249.360	103.623	207.448
172.477	248.467	108.382	208.188
161.274	245.177	122.879	211.896
153.906	242.432	132.656	215.116
147.156	244.078	140.052	215.946
146.331	246.651	141.241	214.314
145.346	242.540	143.941	218.637
139.778	245.214	150.288	216.191
137.531	246.158	150.177	215.930
134.341	246.670	146.178	214.669
130.427	246.692	146.423	215.312
126.587	247.132	136.277	216.223
119.657	247.370	129.855	214.923
113.443	248.130	120.412	213.392
111.337	247.983	114.355	215.296
109.599	247.947	116.312	211.607
109.282	247.347	123.243	214.127
105.913	249.301	133.889	214.629
101.513	248.570	142.877	217.097
103.344	247.698	149.386	219.841
114.103	245.904	155.076	219.843
131.349	242.194	156.180	220.306
156.171	237.451	143.792	223.370
177.075	232.371	129.016	224.973
190.857	229.119	123.357	221.952
202.244	228.843	117.552	220.378
210.906	228.345	108.797	220.874
205.622	231.465	107.610	220.592
195.686	235.130	109.662	222.309
188.885	243.852	109.849	224.152
185.056	252.763	115.631	223.288
181.937	257.449	134.220	218.304
185.160	254.423	142.509	219.393
191.843	253.299	143.577	218.021
