283.000	156.000	57.000	76.000
284.222	156.759	57.544	70.693
285.818	156.025	55.903	71.443
286.104	155.768	56.394	71.249
286.345	156.400	56.562	71.375
286.797	156.061	55.801	71.306
287.102	156.480	55.457	71.306
287.202	155.709	55.639	70.793
286.992	156.187	56.174	70.087
287.501	156.317	56.292	69.103
287.912	156.051	56.286	69.179
287.640	156.379	57.224	69.125
287.629	156.464	57.239	70.582
286.830	156.097	57.623	70.838
286.716	156.240	57.856	70.274
286.547	156.288	57.785	70.437
286.794	156.097	56.985	70.068
287.047	155.312	56.367	70.411
287.798	155.515	56.183	70.686
288.768	155.839	55.434	70.627
289.523	155.952	54.673	71.452
290.106	156.616	54.558	70.983
290.710	157.288	53.524	70.668
291.151	158.542	52.748	71.703
291.208	160.133	52.691	71.072
291.036	160.687	52.662	71.518
291.034	162.065	52.844	71.796
290.957	162.420	52.586	73.244
290.041	165.922	53.710	72.794
290.297	169.096	54.188	72.527
291.390	171.929	53.110	72.130
291.768	173.975	53.536	72.094
291.873	176.043	53.934	72.523
292.297	181.193	53.461	71.809
292.595	182.185	53.259	72.472
292.911	184.134	53.149	72.069
292.823	186.064	54.048	71.892
293.538	188.043	54.126	70.953
294.515	189.338	53.497	71.415
295.343	189.943	53.041	71.910
295.947	191.289	53.315	71.066
295.833	191.839	54.966	70.352
296.267	192.288	54.923	70.088
296.648	192.926	55.452	69.478
297.267	193.269	55.030	69.803
297.344	192.700	55.129	70.444
298.012	192.663	54.468	70.523
297.942	192.546	54.546	70.914
297.953	192.663	54.668	71.051
298.333	192.593	54.611	71.461
298.434	192.458	54.199	72.288
298.080	192.744	54.415	71.340
297.212	193.695	55.552	70.458
295.629	194.068	55.254	68.012
294.649	193.669	55.074	67.856
293.621	193.198	55.200	66.691
292.855	191.731	54.921	67.386
292.484	190.495	54.698	67.393
292.134	188.678	54.499	67.819
291.840	186.726	54.240	67.835
291.947	184.629	53.546	66.587
291.494	183.046	53.869	65.954
291.638	181.241	53.041	66.390
291.135	177.522	53.104	67.500
290.882	176.470	53.038	65.815
290.776	175.398	52.720	65.315
290.885	174.500	52.525	64.546
290.792	173.351	52.150	66.954
289.833	172.150	52.233	67.676
289.336	171.473	51.851	67.322
288.488	170.642	51.375	67.036
288.094	170.228	52.711	68.194
287.124	169.712	54.567	68.262
286.584	168.296	56.393	69.867
286.006	168.547	56.905	69.431
286.301	168.395	55.506	69.879
286.801	168.546	54.868	69.205
286.717	168.306	54.249	69.541
286.001	167.913	54.026	69.528
285.417	168.464	54.766	68.151
285.817	167.864	53.967	68.296
286.482	166.191	52.171	70.018
285.975	165.628	53.379	71.116
285.610	165.104	53.895	70.661
284.835	163.360	56.139	71.265
283.445	162.531	60.011	72.603
282.708	160.582	61.216	75.710
282.320	158.937	60.710	77.496
282.021	158.039	61.274	77.981
280.867	158.967	62.934	76.242
279.845	159.573	64.159	75.329
278.951	158.470	64.299	77.626
277.830	157.890	63.089	79.082
276.318	163.220	61.339	74.670
275.665	160.993	60.920	76.065
274.920	162.190	61.762	75.906
275.500	163.991	61.423	73.672
276.262	163.983	60.680	74.561
276.906	165.603	60.716	73.128
277.965	167.635	60.387	72.039
280.013	168.121	59.351	71.982
281.186	166.686	57.911	71.916
283.024	165.937	57.152	72.858
283.257	163.724	58.985	73.964
283.090	163.686	59.676	75.906
284.561	163.669	59.962	75.598
285.567	165.585	59.913	72.986
285.778	164.700	59.963	73.943
286.279	165.543	59.623	72.714
286.655	167.856	60.445	71.385
286.244	166.670	61.754	72.798
286.631	166.105	61.904	74.341
286.513	166.603	62.771	73.653
286.120	166.008	63.579	74.347
286.506	165.874	62.984	73.738
286.635	166.448	62.791	72.035
287.125	165.910	62.371	71.873
287.346	164.661	61.886	73.593
286.963	164.800	62.233	71.889
288.932	164.796	59.779	72.760
289.197	165.372	59.578	70.821
290.649	165.590	57.211	71.747
290.817	166.072	58.018	70.158
291.618	165.569	55.405	70.347
290.141	165.030	55.696	71.014
290.087	164.600	55.263	72.038
290.257	164.848	54.910	71.840
290.444	165.873	53.968	71.368
290.059	167.848	52.746	69.466
289.988	170.047	51.820	66.158
290.148	169.404	53.004	65.368
289.283	169.184	54.811	66.273
288.954	168.995	56.957	65.959
289.208	168.115	56.178	68.890
287.749	166.976	58.167	69.075
287.539	166.420	56.951	69.132
287.446	166.572	54.676	67.972
287.375	166.105	54.348	67.544
286.899	166.569	55.338	66.014
286.742	167.090	55.628	64.049
287.407	166.249	54.376	64.670
287.460	166.964	54.559	64.490
287.947	167.192	54.000	63.490
287.581	167.566	54.311	62.193
287.264	167.706	54.749	62.384
287.341	167.140	54.323	62.995
287.229	166.988	54.805	62.924
287.168	165.319	54.373	63.977
287.389	165.506	54.270	63.972
287.341	165.848	52.446	61.703
287.842	165.643	52.123	61.359
287.454	165.631	50.443	60.085
286.852	165.724	51.910	61.148
287.307	165.912	51.604	62.070
287.912	166.554	51.410	62.454
287.942	166.735	51.828	62.696
287.928	167.503	51.488	62.568
288.496	168.043	51.302	63.668
288.951	168.154	50.612	62.447
288.570	167.198	50.811	60.996
288.509	166.662	49.559	63.871
287.912	167.419	50.283	61.685
287.707	167.876	49.492	62.382
286.492	168.145	51.410	58.071
285.758	167.445	51.213	62.565
285.575	167.705	51.149	62.944
285.440	167.525	50.638	61.731
285.415	168.756	50.212	61.761
285.550	169.090	50.028	60.662
285.579	168.691	50.178	60.631
285.644	169.026	50.519	60.228
286.223	169.026	49.494	60.721
286.414	169.056	49.224	59.365
286.288	168.279	50.254	60.833
286.385	168.110	50.697	60.168
286.962	168.395	50.721	60.517
287.057	167.531	50.808	61.533
287.225	167.179	50.976	62.764
287.977	167.207	50.029	63.703
288.673	167.875	50.344	62.960
288.783	169.035	50.712	62.549
289.105	169.758	50.444	63.396
289.878	170.377	49.711	61.061
290.174	171.445	49.671	61.577
290.699	171.194	48.843	62.084
290.509	171.573	49.314	61.370
290.861	172.510	48.788	60.930
290.886	172.816	49.593	60.973
290.803	172.377	49.468	61.020
290.735	171.580	49.849	61.635
290.980	171.923	49.013	61.582
290.458	171.152	49.771	61.285
290.189	170.279	50.039	61.908
290.125	169.309	49.974	62.662
289.874	169.316	50.315	61.833
289.679	168.221	50.457	63.518
289.465	167.862	50.461	62.339
289.280	167.825	50.620	62.305
289.711	167.529	49.994	62.353
289.184	167.403	50.941	64.642
289.169	167.650	50.303	65.076
288.642	167.563	50.790	63.888
288.230	167.204	52.210	66.441
288.113	167.579	51.542	68.441
287.068	167.437	52.146	64.859
287.374	168.182	51.458	64.712
287.937	167.613	50.728	63.379
288.878	168.519	51.144	67.073
289.050	167.764	52.695	63.616
288.637	168.590	51.952	61.774
288.975	168.951	52.215	63.490
288.564	167.097	51.936	62.241
288.709	168.349	52.089	62.825
289.115	167.395	51.493	63.458
289.695	168.808	52.014	67.198
289.704	168.537	51.587	65.082
288.940	169.154	51.097	65.908
288.307	167.669	50.178	67.201
286.477	168.181	51.972	67.881
286.455	167.429	52.364	67.334
285.407	167.112	53.955	66.994
285.183	166.895	54.090	67.581
284.920	167.122	54.241	67.947
286.364	165.817	53.127	67.254
285.062	166.403	53.858	68.769
286.812	165.540	52.397	67.660
281.954	173.720	55.654	66.095
286.689	166.462	52.454	68.588
287.822	167.518	51.386	65.008
287.630	167.982	52.176	64.186
288.285	168.068	51.324	65.629
288.679	168.302	50.655	65.054
289.959	167.897	49.458	64.270
290.265	167.992	49.260	64.520
290.391	167.819	49.454	63.306
290.544	168.018	49.618	62.595
290.421	167.871	50.104	63.935
290.432	168.208	49.780	64.431
290.074	167.870	50.380	64.331
289.757	168.145	50.906	64.588
290.403	167.387	50.873	65.307
290.190	167.239	51.225	64.705
289.293	167.316	52.094	64.182
288.069	168.003	52.683	65.182
288.253	168.246	51.905	64.770
288.776	168.371	51.194	64.445
289.683	167.445	50.593	64.848
289.692	167.781	50.477	63.764
289.829	168.166	50.252	63.034
289.750	167.719	50.696	63.049
290.548	166.992	50.496	62.823
290.396	167.103	50.659	61.893
290.756	167.531	50.144	60.800
290.899	167.253	50.455	59.770
291.362	167.860	49.608	61.644
291.730	167.573	48.891	60.466
291.505	167.115	49.176	59.297
291.624	166.766	48.644	59.198
291.353	166.888	49.324	59.861
291.242	165.922	49.632	61.076
291.283	165.194	49.655	62.638
291.849	165.126	49.538	62.397
291.929	165.084	49.846	62.132
292.325	164.785	49.581	61.489
291.891	163.607	50.226	63.842
290.344	163.547	52.099	63.542
292.020	163.550	50.934	63.975
291.852	162.851	50.902	64.643
292.214	162.467	51.146	64.492
292.340	162.532	50.668	66.114
293.605	162.547	49.586	65.065
293.112	162.267	49.816	66.592
293.349	162.762	49.848	65.983
292.462	162.600	50.614	66.326
293.302	162.318	50.279	65.995
292.928	163.149	50.363	65.372
293.435	163.306	49.846	65.887
293.384	163.209	50.070	65.404
293.148	163.047	50.253	66.508
293.567	162.926	49.932	65.439
293.972	162.137	49.286	66.773
293.978	161.650	49.285	67.051
294.770	161.402	48.584	67.442
294.246	161.947	49.871	68.135
294.564	162.081	50.650	67.501
294.879	162.167	50.307	67.657
294.331	162.380	51.026	67.339
295.394	161.760	49.124	66.893
293.905	162.892	51.540	67.284
285.885	161.027	61.699	68.308
295.521	159.834	50.468	68.272
295.246	161.704	50.967	66.906
295.628	162.005	51.175	65.726
296.070	162.089	50.679	65.984
296.712	162.284	50.673	65.300
296.991	163.550	50.071	63.539
296.586	163.406	50.528	63.775
296.363	163.388	50.483	63.829
296.139	163.197	50.126	63.806
295.876	162.933	50.123	64.865
295.725	163.268	50.068	64.269
295.561	163.133	50.258	64.777
295.567	162.979	50.460	64.601
295.663	163.172	50.391	64.452
295.627	162.915	50.790	64.839
295.439	163.202	51.447	63.585
295.585	163.319	51.087	64.767
295.636	163.278	50.864	63.719
295.594	162.907	50.713	65.089
295.571	163.278	50.765	63.424
295.757	162.780	50.170	64.553
295.627	162.105	50.517	64.793
295.766	162.108	50.080	64.386
295.757	161.460	50.441	65.225
295.927	161.692	49.946	65.232
296.435	161.657	49.737	65.054
296.535	161.138	50.028	65.680
297.233	160.819	49.492	65.269
297.270	160.754	49.388	65.307
297.646	161.459	49.200	64.602
297.797	162.123	49.048	64.146
297.554	162.384	49.762	63.811
297.073	162.375	49.933	64.245
297.080	162.673	49.956	64.413
296.430	161.976	50.310	65.095
296.180	162.236	50.329	63.872
296.106	161.813	50.105	64.922
296.017	161.071	50.492	65.901
296.191	160.796	51.030	65.007
296.480	160.665	50.713	66.125
296.711	160.514	50.898	65.887
296.516	160.839	51.259	65.965
296.690	160.318	51.110	67.449
296.735	160.692	51.199	66.094
296.475	160.677	51.605	67.277
296.803	160.986	51.210	66.976
297.148	161.398	50.186	66.645
296.969	161.383	50.228	66.602
296.937	161.022	50.124	67.054
296.722	161.088	50.360	66.358
296.450	160.861	50.529	66.257
296.136	160.698	51.000	66.242
296.070	161.130	51.203	65.946
296.394	160.989	50.438	66.190
296.186	160.698	50.522	66.781
295.441	160.775	50.899	66.853
294.729	161.168	50.919	66.415
294.165	161.318	50.754	67.079
293.952	161.545	50.381	65.921
293.581	161.307	49.751	66.574
293.092	161.600	50.010	65.609
293.023	161.015	49.850	65.379
292.701	160.625	50.389	66.015
292.548	161.310	50.868	64.768
292.439	161.080	50.596	65.446
291.994	160.892	50.814	65.899
291.642	161.284	51.327	64.348
291.668	161.342	51.079	64.604
291.831	161.144	50.779	64.472
292.017	160.689	50.249	65.416
291.766	160.884	50.816	64.906
291.363	161.470	50.171	63.316
291.199	161.218	50.473	63.531
291.302	161.563	50.449	63.401
291.085	161.831	49.943	61.325
291.459	161.167	48.718	64.385
290.951	161.982	50.148	61.471
291.193	161.961	49.667	61.938
291.384	161.713	49.343	62.690
291.421	162.042	49.597	62.620
291.356	162.126	49.742	61.238
291.254	161.875	49.756	63.364
291.296	161.933	49.780	61.213
291.287	161.814	49.724	62.635
291.387	161.994	49.427	62.350
291.542	162.268	49.079	61.340
291.383	162.177	49.308	61.654
291.319	162.177	49.345	62.456
291.542	161.824	49.026	63.007
291.193	161.730	50.091	61.739
291.061	161.907	50.010	62.094
291.028	162.035	49.779	60.242
291.245	162.059	49.634	61.508
291.447	162.058	48.962	63.540
291.132	161.884	49.521	60.918
290.769	162.086	49.842	61.892
290.421	162.801	50.265	58.776
290.317	162.214	49.934	62.525
290.387	162.421	49.507	60.226
290.415	162.504	49.476	60.045
290.319	162.530	49.519	59.730
290.383	162.413	49.296	59.805
290.319	162.250	49.387	59.819
290.189	162.355	48.956	60.950
290.276	162.383	49.711	59.451
290.255	162.652	49.345	61.297
290.319	162.747	49.293	59.247
290.288	162.531	49.826	58.933
290.448	162.924	49.507	58.866
290.448	162.906	49.507	60.556
290.803	162.433	49.515	59.638
290.963	162.901	49.686	60.177
291.088	162.847	50.088	60.871
291.450	163.088	50.092	60.315
292.151	162.664	50.161	61.083
293.276	162.756	50.935	59.683
294.319	161.654	50.256	62.386
294.778	161.403	50.377	62.437
295.513	160.794	50.468	63.573
295.751	159.845	50.658	64.673
296.023	159.532	51.113	66.160
296.330	159.774	51.645	66.302
296.489	159.512	52.229	67.070
296.604	159.045	53.052	67.466
297.080	158.830	53.417	65.805
297.934	159.068	54.253	65.668
298.963	159.855	54.724	64.984
299.436	159.076	53.480	65.573
299.583	160.033	54.743	65.247
299.753	160.096	53.061	64.683
299.836	160.308	53.694	64.403
299.914	160.661	53.487	64.007
300.071	159.418	53.032	65.033
300.049	158.594	54.631	66.448
299.919	158.887	54.319	66.042
300.611	158.732	54.033	67.241
301.272	159.261	52.994	66.940
301.421	159.138	52.654	67.424
301.421	158.872	52.797	67.006
302.096	159.072	51.972	68.002
301.929	159.512	52.393	67.733
301.776	159.437	52.310	67.804
301.720	159.336	51.843	68.042
301.253	159.839	52.225	67.631
301.321	159.370	52.158	67.690
300.776	159.112	52.590	68.506
300.473	159.459	52.207	67.381
300.192	159.412	52.350	67.144
300.017	159.112	52.494	67.083
300.297	158.743	51.874	67.229
299.460	158.285	52.672	66.654
299.164	157.586	52.542	67.739
298.776	157.201	53.242	68.639
298.600	156.940	53.041	67.237
298.430	157.039	53.164	67.386
298.303	156.457	54.194	68.378
298.174	157.250	54.896	66.298
298.762	157.161	55.210	66.723
299.017	156.337	53.995	67.809
299.066	156.923	53.817	66.328
298.562	157.194	54.343	65.829
298.463	156.997	54.275	66.656
297.954	157.493	54.312	65.945
297.150	157.138	54.341	66.471
297.344	156.794	54.124	67.407
296.768	157.294	54.051	68.304
296.168	158.685	53.649	66.293
296.214	158.666	52.910	67.928
295.444	159.526	52.720	66.404
295.638	159.349	52.103	67.671
295.455	159.033	52.364	66.927
294.998	160.003	52.659	67.632
295.084	159.377	52.226	67.331
294.421	159.805	52.590	66.950
294.145	160.338	52.558	67.122
293.667	161.919	51.680	65.864
293.138	162.815	51.564	65.767
292.526	162.105	51.178	66.840
291.600	163.757	52.587	67.304
291.249	164.105	52.287	68.016
290.672	165.063	52.192	68.952
290.205	168.562	52.489	68.663
289.531	169.429	52.245	68.546
289.842	171.479	51.886	69.398
289.373	175.410	53.096	67.881
289.306	175.844	53.140	67.261
289.061	178.280	53.970	67.504
289.290	180.037	53.703	66.217
289.233	178.785	53.751	66.349
289.216	180.523	53.944	67.102
289.502	178.287	53.564	66.741
290.654	175.451	52.679	67.977
291.146	173.886	53.030	68.155
292.127	173.445	52.895	64.596
292.965	170.357	52.765	66.493
294.032	166.704	52.107	66.694
296.482	162.129	50.080	68.576
296.319	159.701	50.845	68.402
296.386	158.516	50.961	67.408
297.334	156.677	50.028	68.041
297.091	155.894	50.408	66.445
297.030	154.879	50.352	65.747
296.973	154.255	50.104	65.372
297.023	152.898	50.203	65.170
296.538	152.202	50.716	66.080
296.417	152.704	50.698	65.146
296.480	152.176	50.907	64.610
296.006	151.495	51.329	63.732
296.049	151.554	51.170	64.200
295.852	151.395	51.395	63.331
295.585	151.161	51.360	63.014
295.363	150.428	51.410	64.817
295.186	150.704	51.812	64.618
295.019	150.768	51.896	64.817
294.714	150.575	52.033	64.443
294.612	150.510	51.969	64.551
294.302	150.800	51.922	63.494
294.141	150.586	51.524	64.431
294.480	150.470	50.740	64.041
294.363	150.363	50.971	64.522
294.571	150.596	50.874	63.766
294.822	150.172	50.649	63.597
295.143	149.939	50.907	64.175
296.041	149.660	51.497	63.117
294.974	148.170	52.749	65.118
294.739	149.296	54.238	64.028
293.536	149.565	55.363	66.074
292.796	149.457	56.225	65.653
293.161	149.514	55.622	63.136
293.489	149.763	54.209	62.795
292.906	149.988	55.302	63.083
292.231	150.011	56.763	64.358
290.966	150.149	57.513	67.307
292.023	150.144	56.148	68.295
291.439	149.940	56.726	68.873
291.508	150.043	56.369	68.624
291.971	149.719	55.688	68.665
292.699	150.616	54.633	66.505
293.526	150.161	53.218	66.409
293.819	150.073	51.208	66.438
293.814	150.525	50.877	64.723
293.863	150.371	50.418	65.199
293.798	150.916	50.265	64.653
293.757	150.850	50.387	65.299
293.636	151.181	50.645	64.896
293.439	151.628	50.951	64.417
294.023	152.075	51.002	64.849
294.544	152.470	51.094	64.520
294.733	152.500	51.347	65.114
295.349	152.543	51.267	64.389
295.668	152.403	51.385	65.166
296.001	152.284	51.305	64.519
296.384	152.446	51.121	64.565
296.439	151.722	51.116	65.541
296.417	151.612	51.137	65.086
296.285	151.252	51.048	66.182
295.940	151.839	50.810	64.471
295.685	151.724	50.878	63.386
295.720	151.912	50.686	62.944
295.533	151.379	50.490	62.746
295.657	151.230	50.211	63.165
295.341	151.036	50.048	63.433
295.369	150.949	49.979	63.114
295.063	150.503	50.001	64.718
294.496	150.556	50.594	64.952
294.505	150.467	50.531	64.535
294.375	149.883	50.188	65.488
294.190	149.885	50.508	64.988
294.180	149.756	50.383	64.594
294.245	150.034	50.129	63.864
294.270	149.679	49.915	63.350
294.063	149.373	49.751	62.961
294.240	149.529	49.184	62.323
294.273	149.469	48.935	61.806
293.829	149.105	49.379	62.114
293.404	149.513	50.440	60.404
293.431	149.717	49.893	60.745
293.176	149.828	49.891	60.843
292.867	149.085	50.196	63.685
292.886	149.122	50.202	62.910
292.669	149.398	50.387	62.714
292.603	149.045	50.562	63.844
292.463	149.350	50.546	64.069
292.330	149.350	50.705	64.378
292.310	149.363	50.882	64.478
292.174	149.997	50.998	64.152
292.884	150.361	50.668	63.642
293.048	150.002	51.030	63.939
294.165	148.508	50.806	63.897
295.893	145.698	49.299	63.852
296.403	141.944	49.945	62.294
296.903	131.132	49.547	63.043
297.479	124.301	48.059	66.052
297.845	117.140	48.724	66.881
299.356	110.027	46.992	66.445
300.167	103.099	46.281	65.151
301.061	91.390	46.586	64.370
300.357	81.200	47.280	65.513
300.085	75.061	47.633	65.418
300.487	66.233	47.990	64.432
299.996	59.494	49.022	64.206
300.279	46.494	48.983	71.894
300.303	43.189	47.848	69.460
300.624	38.682	46.581	68.760
301.502	35.539	46.915	65.505
300.347	33.841	46.871	58.940
300.824	32.866	45.624	60.875
300.148	32.695	45.888	60.357
299.479	32.442	46.123	59.856
299.139	33.247	45.743	58.623
299.018	32.908	45.504	59.352
297.805	32.190	46.179	60.976
297.624	33.771	46.411	60.331
296.268	34.641	46.879	60.946
296.812	33.370	46.782	64.112
296.799	33.725	47.104	62.468
297.374	36.348	46.896	63.411
262.792	87.610	53.845	79.115
272.964	86.488	67.391	89.270
306.004	194.418	65.134	73.204
314.701	190.131	73.396	70.739
324.634	192.094	60.491	64.390
325.616	189.595	56.093	63.759
324.148	186.596	55.297	63.231
319.152	183.949	57.668	63.189
290.756	145.451	65.471	88.563
287.978	142.275	65.011	82.185
289.690	150.956	73.188	76.075
289.881	152.576	69.695	70.431
287.839	134.708	54.227	75.269
289.787	130.544	50.705	73.089
292.050	133.448	58.770	76.457
290.939	132.037	59.647	78.373
289.100	135.387	61.813	74.879
290.198	140.488	62.314	74.899
285.220	142.257	67.092	75.488
282.439	136.587	67.116	81.259
281.373	120.552	66.368	94.040
284.054	126.316	64.193	90.133
281.222	124.307	68.231	93.368
282.830	116.688	66.046	102.681
286.569	136.631	67.672	94.403
284.081	129.910	67.056	101.687
294.346	78.851	48.711	66.348
297.196	80.802	46.449	61.298
297.587	82.843	45.286	58.550
298.044	87.254	44.756	56.739
298.081	90.616	44.894	55.341
299.137	93.256	43.565	54.646
299.424	94.154	43.447	56.589
298.856	94.758	45.136	57.777
297.813	94.873	46.940	57.569
298.923	96.622	46.638	56.971
299.138	97.141	47.094	56.512
300.408	96.034	47.241	55.687
301.260	93.520	45.850	55.586
303.204	90.682	45.550	56.988
305.416	86.154	44.836	55.148
287.085	183.323	50.256	30.763
295.062	183.691	55.095	50.430
290.579	180.203	62.022	72.876
288.529	174.376	62.597	82.072
289.812	167.410	64.240	80.260
289.801	171.714	64.870	76.688
289.639	167.446	65.148	70.492
292.425	164.660	64.753	61.765
292.893	160.916	66.721	66.019
292.235	156.149	63.828	63.120
292.088	153.029	65.378	66.837
292.807	149.670	68.050	63.241
293.310	148.948	64.363	67.566
292.916	147.720	64.192	67.257
296.651	145.836	65.810	68.432
293.622	143.501	70.056	72.881
296.551	144.741	68.901	70.309
292.432	145.481	67.991	69.659
298.440	146.243	65.912	67.793
292.838	144.967	69.837	69.680
291.398	147.803	71.238	67.882
290.447	147.331	71.584	67.587
290.943	148.803	71.810	67.193
288.835	149.568	72.535	72.017
290.088	145.726	72.671	70.761
293.242	154.727	68.076	62.306
298.079	148.768	67.807	65.689
292.989	146.542	68.049	70.886
290.509	145.804	78.747	73.726
294.823	144.042	71.439	82.325
283.564	154.463	73.609	86.141
287.741	149.402	70.401	71.429
280.970	157.960	74.858	78.665
286.603	149.864	68.673	65.908
280.340	160.642	73.122	55.930
285.687	171.236	70.612	68.142
281.006	162.216	75.852	69.046
290.087	154.753	72.072	65.992
295.560	158.614	74.329	70.520
286.700	160.378	74.651	63.749
329.723	164.927	52.744	61.803
294.774	81.024	51.369	23.392
257.980	133.719	36.678	34.283
262.464	133.657	43.667	57.694
278.494	159.774	68.405	56.442
276.708	168.265	72.542	48.720
276.609	164.978	74.978	63.637
271.811	162.540	81.587	64.046
277.988	165.152	76.507	59.315
277.251	165.648	77.823	61.840
276.639	166.635	75.855	55.938
271.718	166.058	76.690	65.897
275.250	157.803	75.373	62.614
273.310	164.230	76.584	59.855
275.283	167.046	77.052	54.330
273.974	164.801	76.738	58.279
276.639	166.546	74.112	54.705
274.383	167.163	76.425	52.359
274.946	165.117	75.942	55.996
273.702	168.385	76.916	48.106
276.874	168.722	76.804	53.125
277.396	166.781	80.264	53.795
277.690	161.328	80.476	59.171
292.119	161.048	73.662	65.454
278.067	159.013	77.231	60.543
274.021	166.535	74.900	56.712
273.535	168.355	74.033	52.695
273.454	171.288	72.221	50.239
275.059	173.987	69.757	48.496
273.799	177.239	70.541	47.883
271.797	180.213	69.628	49.176
270.932	184.043	72.860	47.417
270.491	185.453	73.618	46.584
270.390	186.198	72.362	46.082
266.077	182.273	73.515	50.095
264.157	176.708	76.746	56.080
261.393	175.806	82.109	59.161
265.578	179.145	81.129	59.061
265.836	175.113	82.313	60.476
264.321	170.305	78.535	61.091
262.556	170.894	83.245	60.419
262.963	172.189	84.492	59.755
263.302	170.213	80.249	62.141
267.323	170.717	80.561	61.146
273.220	170.775	79.784	60.541
273.962	166.463	80.891	63.347
276.296	161.481	79.890	67.848
274.493	164.052	77.377	65.194
274.074	160.744	79.845	66.421
272.390	168.800	78.887	58.183
273.959	173.240	69.916	54.388
271.894	167.981	73.659	59.464
271.119	165.357	80.324	64.191
269.901	154.828	69.819	67.798
269.495	157.386	73.371	63.545
271.881	165.724	75.489	53.775
274.284	160.101	72.625	57.171
275.225	166.887	75.056	50.146
273.745	162.691	72.098	54.361
275.222	165.215	76.920	55.272
274.813	163.121	79.437	54.330
278.253	160.511	75.579	60.331
274.403	158.106	77.488	63.744
278.483	165.475	74.118	54.578
279.504	163.278	72.356	55.117
279.026	165.732	74.969	53.510
277.947	164.038	75.927	62.988
287.441	161.645	69.763	58.738
285.282	162.056	70.716	66.390
278.557	154.999	71.651	69.034
249.569	123.854	63.626	74.507
254.770	125.361	56.202	73.184
257.345	126.577	56.441	74.996
261.420	128.168	52.676	78.252
260.108	127.985	51.535	76.541
260.423	125.913	51.479	77.888
260.152	126.857	51.425	75.748
261.839	126.908	51.328	75.697
263.195	128.529	51.823	71.003
263.476	129.641	55.828	75.370
297.647	54.991	49.288	71.502
296.027	56.655	47.891	62.470
297.958	60.568	51.479	56.482
296.712	58.220	46.752	58.150
297.705	57.430	45.642	58.330
299.408	60.223	45.787	57.134
297.808	62.426	47.005	54.917
296.853	61.048	47.034	56.369
297.434	60.797	46.808	56.627
296.448	62.941	47.611	54.898
295.556	61.993	48.000	55.597
295.839	63.453	47.560	54.606
295.927	63.338	48.566	54.971
295.672	65.806	50.458	53.559
295.273	67.203	52.412	54.551
294.783	67.556	46.773	58.589
296.307	67.640	46.742	56.318
244.323	186.685	77.230	81.975
246.718	194.360	60.342	72.153
245.766	194.444	59.137	69.638
250.753	196.660	55.770	69.496
247.841	194.964	56.387	71.160
249.817	193.371	57.953	72.282
246.811	192.501	58.872	73.343
250.513	191.897	53.180	75.261
247.623	189.980	53.143	75.594
249.685	192.746	53.147	75.242
245.982	192.871	50.806	74.151
242.184	186.510	47.606	78.581
246.373	189.458	49.450	78.046
248.379	189.203	46.088	76.887
249.291	189.907	48.098	76.708
249.706	188.657	50.347	75.160
296.178	175.227	61.252	58.349
298.819	176.173	60.229	59.915
300.880	175.848	60.014	68.381
308.746	180.138	53.481	63.352
309.170	179.939	54.126	59.392
315.300	178.312	48.152	58.956
312.323	174.030	53.404	65.973
308.319	173.353	57.226	72.029
312.329	174.956	53.651	64.955
311.640	173.213	54.409	68.268
312.797	172.883	54.343	66.604
315.112	173.592	54.099	57.401
317.033	173.300	51.303	64.456
318.166	166.523	50.238	71.008
321.928	173.759	48.905	70.631
309.793	88.983	52.496	24.026
313.330	67.665	44.804	46.165
311.546	65.327	51.247	50.342
313.203	64.134	51.785	52.447
313.451	63.113	52.809	54.290
314.155	62.201	53.083	55.543
311.418	57.659	51.973	58.353
317.217	63.366	50.604	53.578
311.809	58.724	50.784	56.254
316.206	68.832	53.609	53.969
313.840	66.860	53.209	54.676
312.172	69.946	58.577	54.097
305.810	90.025	56.398	76.923
277.744	186.064	48.458	76.345
280.318	184.470	49.333	82.901
282.494	185.516	47.585	83.442
282.880	185.964	50.531	84.654
285.612	185.584	52.610	84.718
297.221	174.190	75.587	91.563
286.993	188.480	57.075	86.225
310.210	87.946	54.030	24.636
310.204	64.063	47.873	51.165
308.136	57.149	47.630	55.104
303.962	55.298	49.303	56.593
304.606	54.320	49.980	56.438
301.995	53.441	50.693	55.871
305.989	54.551	49.330	54.760
302.437	56.485	52.474	53.196
288.982	171.758	63.094	17.232
313.819	158.774	45.670	56.903
314.698	157.407	48.106	65.348
304.165	154.066	56.701	71.712
308.908	152.328	53.572	80.630
307.097	153.275	56.278	79.500
302.658	153.606	60.279	80.276
311.621	157.088	60.226	80.412
317.714	166.569	61.050	84.439
314.503	167.166	60.232	80.124
318.228	163.872	62.808	84.297
324.214	161.774	61.945	86.027
306.156	162.466	60.124	72.043
316.607	161.961	62.321	77.484
304.232	156.365	64.736	63.801
300.683	157.547	65.883	66.240
309.117	165.126	60.399	72.855
312.222	166.947	58.021	85.934
306.957	166.670	60.375	83.119
308.933	156.185	57.752	70.814
299.595	153.656	64.905	70.061
302.842	145.993	64.707	70.193
293.827	145.277	69.298	66.959
304.095	152.031	66.905	67.914
311.639	155.866	66.357	75.048
317.156	161.628	73.189	71.243
322.194	164.339	69.462	75.913
323.539	158.366	62.782	77.595
325.061	156.708	63.095	79.953
323.085	158.118	63.998	80.486
327.662	157.889	63.509	79.031
326.052	163.984	63.976	73.042
320.733	162.923	54.270	72.768
322.833	161.835	62.186	74.347
324.159	162.522	61.978	73.668
323.229	161.683	64.215	72.636
323.040	158.310	67.150	75.845
323.156	157.599	66.693	78.355
323.786	157.328	69.603	78.141
327.072	160.603	62.916	74.253
322.403	160.920	63.955	72.458
318.433	163.927	57.616	77.475
313.734	158.543	59.773	74.046
308.865	160.757	65.729	76.876
311.237	161.211	62.232	81.192
310.063	159.198	63.334	76.760
309.436	160.718	60.854	75.334
304.179	163.287	61.714	76.882
299.992	158.871	62.571	71.504
296.336	160.042	61.745	69.017
289.344	160.258	66.043	67.452
289.394	160.026	67.639	71.741
286.172	151.140	70.271	78.644
285.873	145.576	72.931	81.606
284.284	146.121	65.161	75.139
281.299	143.297	67.982	81.227
281.815	127.290	65.466	79.962
279.717	141.813	64.975	73.896
282.845	149.033	67.628	72.421
275.557	142.817	78.827	78.495
265.061	135.545	78.418	76.101
277.864	148.565	72.083	60.959
277.558	156.334	74.506	54.089
277.003	150.207	73.827	61.120
272.788	154.510	74.498	55.873
263.792	140.742	73.691	74.852
324.049	154.396	62.265	74.432
323.778	157.972	67.224	76.928
311.230	161.302	77.830	78.384
322.351	165.881	67.455	74.468
328.997	173.800	65.696	71.827
318.083	175.244	78.841	72.434
329.420	175.688	67.132	74.665
325.375	175.826	72.178	73.964
331.968	171.859	69.851	83.540
319.573	169.808	78.547	88.397
277.642	152.022	76.484	69.777
279.330	157.255	72.771	65.925
278.922	161.755	75.333	62.654
276.728	158.757	75.740	64.119
276.820	141.752	73.456	78.289
255.527	113.462	73.395	73.032
248.484	113.898	55.376	63.464
252.251	115.523	55.244	58.574
248.379	115.739	53.775	57.001
285.811	158.152	61.168	58.248
286.294	155.543	64.437	64.516
288.122	149.430	69.935	79.509
300.368	148.046	68.796	96.394
306.461	167.860	71.250	89.640
313.425	173.161	61.874	92.344
319.445	174.320	61.599	91.893
299.836	66.084	52.862	48.737
299.975	54.264	49.120	61.291
296.822	59.839	53.158	63.993
299.099	61.324	50.558	65.037
298.006	67.781	54.722	60.796
296.246	71.252	55.651	58.297
297.040	72.526	53.897	61.543
292.770	74.703	56.725	67.066
297.840	74.089	54.641	66.361
296.878	75.120	52.333	66.231
298.143	75.912	52.224	64.381
300.014	77.462	50.170	64.210
300.126	81.697	50.411	64.227
299.254	83.039	50.891	63.668
299.611	84.282	49.867	65.021
299.274	85.566	49.623	65.788
298.528	85.939	49.211	65.210
297.611	87.293	50.246	64.607
296.808	87.893	49.904	65.331
295.670	88.333	50.011	65.334
295.137	88.650	49.978	65.792
294.528	89.403	50.290	64.673
293.836	89.636	50.093	65.293
292.696	89.911	51.027	64.589
291.891	90.455	50.958	65.512
291.225	90.852	51.227	64.188
291.058	91.170	50.886	64.524
290.670	91.934	50.763	64.886
289.667	91.998	51.023	64.214
288.583	91.868	51.522	64.152
287.358	91.955	51.909	63.970
286.401	92.043	52.442	63.276
285.913	91.756	51.897	63.754
285.131	92.297	51.878	63.748
284.442	91.788	51.922	63.238
284.085	92.404	51.573	62.788
283.783	92.614	50.852	60.638
283.385	92.573	51.440	59.865
283.765	93.349	50.268	58.393
283.592	93.603	50.905	57.528
283.484	93.731	51.214	57.556
283.699	93.133	50.566	59.623
283.235	92.869	50.963	60.076
282.918	93.388	51.663	59.676
283.276	93.567	50.984	60.879
282.304	94.238	52.720	57.932
283.936	95.376	50.360	57.809
283.752	96.045	50.283	57.050
283.155	97.239	51.341	56.958
283.215	98.254	50.951	58.134
283.775	98.719	50.711	60.164
285.008	99.258	50.361	60.590
284.619	100.288	52.377	59.196
287.451	101.569	50.910	60.697
288.432	101.968	50.732	62.518
288.355	103.035	53.040	61.778
289.693	103.993	52.706	61.393
291.582	104.923	51.567	60.870
293.293	106.637	52.548	60.741
295.110	107.116	52.044	60.147
297.100	107.242	50.828	59.474
298.245	108.794	50.920	58.623
299.532	107.199	50.573	60.894
300.906	108.508	49.224	58.385
301.520	108.719	49.162	58.836
301.153	109.230	50.373	57.560
301.644	109.475	50.041	57.142
302.255	109.388	49.756	57.267
302.809	108.560	49.670	57.970
303.065	108.552	50.084	58.480
303.288	108.300	50.066	59.529
303.287	107.937	50.463	59.015
303.513	107.976	50.163	57.175
304.128	108.021	49.616	57.622
304.259	107.660	49.943	57.918
304.965	107.348	48.773	57.217
305.261	107.541	48.312	56.636
305.110	107.522	48.492	58.703
305.065	107.484	47.914	59.717
304.483	107.247	48.258	59.308
304.610	107.218	47.724	59.377
303.809	107.120	48.068	60.476
303.159	107.743	48.724	60.194
302.053	107.990	48.622	60.130
301.415	108.831	48.335	60.571
300.963	108.582	48.273	60.816
300.086	109.355	48.893	60.197
299.854	108.505	48.405	60.210
299.283	108.355	48.247	59.727
299.053	108.567	47.749	59.291
298.227	108.763	48.114	59.856
297.607	108.160	48.526	60.112
297.177	109.273	48.872	59.448
296.501	109.171	48.723	59.057
296.353	109.166	48.974	58.928
296.287	109.441	48.463	59.039
296.045	109.044	48.763	59.033
296.001	108.526	48.781	59.361
295.395	107.788	49.199	59.747
295.806	107.895	49.067	59.441
295.884	107.725	48.321	60.005
295.571	107.313	48.416	59.622
295.700	106.663	47.677	60.342
295.675	106.648	47.519	59.358
295.588	106.439	47.297	60.120
295.233	107.529	47.534	59.941
295.131	107.885	47.094	59.033
295.164	107.067	46.474	59.279
294.861	107.798	47.046	58.603
294.613	107.856	46.991	58.427
294.461	108.203	47.092	58.801
294.093	108.161	47.234	59.000
293.542	108.335	47.775	58.427
293.511	108.625	47.527	57.980
293.278	108.769	47.402	58.278
292.717	108.594	47.938	58.492
292.736	107.341	47.781	59.178
292.767	108.164	47.760	58.676
292.679	108.423	48.021	57.871
292.734	108.014	47.849	58.670
292.647	108.739	48.308	58.142
292.685	107.754	48.199	59.054
292.666	108.319	48.255	58.826
293.072	107.963	47.895	59.836
292.770	108.689	49.004	58.905
293.029	109.201	48.684	58.792
293.079	108.501	48.759	59.347
293.155	108.431	49.317	58.973
293.309	106.853	48.865	59.532
293.961	106.526	48.369	59.953
294.116	105.788	48.340	60.692
294.403	105.839	48.319	61.098
294.351	106.332	48.845	60.878
294.162	107.266	49.076	60.535
294.479	107.179	48.948	61.434
294.731	107.990	48.262	60.286
294.884	108.050	48.228	60.008
294.414	107.807	48.604	60.221
293.029	108.050	49.445	59.591
292.110	108.138	50.183	58.689
291.953	108.461	50.140	58.723
291.801	108.695	49.680	58.171
291.660	108.113	48.966	59.523
291.441	108.270	49.368	59.720
292.026	108.872	48.936	58.916
292.287	108.201	48.684	60.398
292.403	107.922	49.019	60.654
292.871	107.653	49.035	60.290
293.247	107.157	48.727	59.867
293.910	106.479	48.233	59.398
294.156	106.525	47.920	59.795
293.718	106.965	48.358	58.751
293.201	107.179	48.734	58.346
293.330	107.091	48.796	58.867
293.510	107.201	48.912	58.594
294.131	106.642	48.772	59.799
293.933	106.561	49.009	60.199
294.221	106.615	48.880	60.021
294.064	106.332	48.440	59.975
293.676	106.171	48.908	59.737
293.493	106.131	48.650	59.569
293.309	106.091	48.927	59.669
293.283	105.479	48.277	60.103
293.184	105.364	48.379	60.595
292.643	105.209	48.800	59.535
292.388	105.531	49.005	59.617
293.013	105.570	48.223	59.668
292.063	105.669	49.422	59.886
292.347	106.315	49.689	59.476
292.986	105.735	49.275	60.509
292.973	105.898	49.579	60.436
291.959	105.475	50.016	60.536
293.173	105.909	49.123	60.276
293.636	105.857	48.917	60.567
293.374	106.340	49.148	59.994
292.548	105.972	50.133	60.013
293.314	106.231	49.434	60.166
293.741	106.019	48.781	60.436
293.321	105.839	48.980	60.588
293.871	106.019	48.682	60.315
293.802	106.004	48.397	60.154
293.910	106.292	48.770	60.217
293.749	106.250	48.725	60.266
293.669	106.895	48.559	59.831
293.858	106.684	48.758	60.885
294.234	106.776	48.512	60.377
293.986	106.929	48.365	60.701
294.247	106.672	48.381	60.784
294.143	106.816	48.736	60.608
294.299	106.612	48.674	60.722
294.299	107.180	48.706	60.670
294.143	107.004	49.150	60.692
294.235	106.974	49.447	61.028
294.336	107.464	49.155	60.569
294.191	108.206	49.727	59.136
294.388	107.615	49.615	60.171
294.793	108.107	49.045	59.960
294.675	108.153	49.418	59.205
294.512	108.240	49.763	59.388
294.610	108.770	49.694	58.810
294.702	109.002	49.862	59.386
294.775	109.872	49.908	58.464
294.645	110.157	50.719	57.836
295.257	110.956	49.811	57.982
295.744	112.102	49.685	57.978
296.339	112.185	49.114	56.937
296.708	112.768	48.769	58.315
296.758	113.705	48.676	56.203
297.190	113.092	48.372	58.496
297.304	112.763	48.160	58.766
296.690	114.563	49.094	57.040
296.368	113.903	49.592	57.909
296.074	113.631	50.167	57.986
296.686	112.078	49.127	59.254
296.388	112.131	49.582	58.921
296.335	111.355	49.667	59.610
296.083	111.932	50.084	59.402
296.715	111.694	49.649	59.566
296.669	112.212	49.559	59.574
296.510	111.816	49.977	59.384
296.775	111.856	49.582	59.961
296.470	112.681	50.443	58.978
296.684	112.622	50.132	59.157
297.038	112.385	49.860	59.155
297.221	111.975	49.266	60.083
297.162	112.027	49.328	59.002
297.151	111.648	49.690	59.417
296.964	112.054	50.354	59.702
297.040	111.945	50.030	59.007
297.137	111.696	50.028	59.019
297.739	111.816	50.205	59.461
297.702	111.585	50.322	59.308
297.709	111.539	50.359	59.765
298.025	110.891	49.881	59.676
296.929	110.877	50.356	58.012
295.962	109.912	50.887	58.776
295.242	107.905	50.653	60.794
294.074	107.299	51.148	58.872
293.448	105.968	50.290	60.650
290.268	104.919	51.369	60.849
289.007	103.699	51.039	61.253
286.234	101.876	51.145	61.530
284.044	100.353	51.346	61.505
282.875	96.742	50.297	64.104
279.224	95.944	51.135	61.676
276.928	94.070	50.994	62.393
273.511	94.738	53.743	60.347
273.753	92.957	52.977	60.190
269.943	94.150	54.169	60.216
273.672	180.830	61.946	51.898
269.763	176.404	66.186	50.307
267.066	176.703	67.213	62.768
302.929	203.448	72.155	74.710
299.820	201.730	71.656	78.441
303.547	203.670	65.538	75.387
290.683	198.922	71.948	82.262
282.089	193.360	73.540	87.291
287.182	191.857	63.160	87.667
263.496	185.913	83.291	88.321
259.479	178.315	82.225	79.070
260.462	175.647	82.317	83.309
258.834	177.294	84.889	81.030
258.491	183.704	88.423	85.424
259.995	194.462	88.680	79.407
262.287	194.973	89.469	76.371
263.074	193.731	89.885	76.564
266.212	196.772	85.624	73.937
279.994	197.795	74.914	76.076
286.851	199.119	73.766	74.251
292.037	201.073	68.029	71.901
309.643	204.209	54.087	69.174
291.515	198.628	72.803	76.108
285.589	194.411	82.425	77.977
285.584	194.446	84.479	78.516
265.502	186.461	77.203	82.556
254.874	176.247	94.847	94.161
300.464	200.277	86.736	73.367
301.022	206.421	75.657	71.198
294.981	207.310	72.529	77.866
307.694	205.449	72.055	74.175
252.108	183.060	70.746	65.873
251.359	178.911	73.645	53.433
249.950	181.000	73.067	51.159
249.002	180.779	72.978	51.721
254.000	181.852	70.388	48.260
255.316	181.577	70.819	49.400
272.557	109.865	49.514	60.376
270.398	110.888	51.497	57.641
269.891	110.986	51.360	56.762
269.273	110.756	51.042	56.734
268.441	110.214	50.971	57.325
268.200	109.684	50.202	57.510
268.032	109.581	50.409	57.706
268.219	109.348	49.754	57.367
267.437	109.590	50.289	57.297
267.571	108.836	49.685	57.896
267.588	108.601	49.282	57.296
267.555	108.710	49.117	56.986
267.437	107.513	48.305	58.626
267.459	107.645	47.158	57.377
267.644	107.674	46.764	56.867
266.799	107.520	47.809	58.523
266.360	107.080	49.320	57.969
266.419	106.836	49.597	58.285
267.092	107.069	49.301	57.779
267.994	107.185	48.169	57.662
268.793	106.972	46.989	59.236
268.972	107.683	47.756	57.805
269.155	107.448	47.857	58.717
269.045	106.991	48.919	58.095
269.349	106.796	48.711	58.924
269.578	106.777	48.497	59.220
270.002	107.047	47.341	59.792
269.995	105.895	47.426	60.860
269.339	107.814	47.612	60.286
269.867	108.435	46.446	59.306
269.648	107.947	47.635	60.715
270.587	107.526	47.996	60.073
271.361	107.461	47.673	60.175
272.336	108.260	47.258	60.926
272.830	109.142	48.010	60.914
274.399	111.015	46.721	59.776
274.453	110.783	46.674	59.380
274.763	112.171	46.976	59.557
275.330	113.222	46.523	58.984
275.522	114.405	46.156	57.254
275.846	114.577	45.461	58.142
276.142	115.435	45.401	57.569
275.968	114.895	45.456	58.352
275.826	114.977	45.820	58.105
275.264	114.717	46.481	57.062
275.264	114.006	46.158	58.037
274.931	112.966	46.417	58.422
274.609	110.770	46.658	60.002
274.781	110.902	45.649	59.340
274.582	111.039	45.460	58.787
274.255	109.983	44.523	58.595
273.279	109.110	45.392	58.507
273.187	108.840	45.495	58.765
272.543	108.395	44.972	58.694
272.286	108.522	45.079	58.100
271.699	107.602	44.580	58.897
271.554	107.120	45.040	58.903
272.014	107.941	44.668	58.070
271.674	107.845	44.549	58.386
271.260	108.120	45.465	58.342
271.506	107.231	45.235	59.259
270.993	107.519	45.996	59.426
270.673	107.507	46.594	59.295
270.396	107.448	47.112	59.073
270.555	107.961	46.932	59.163
270.882	107.691	46.395	59.752
270.932	107.779	46.676	59.744
271.167	108.051	46.763	59.191
271.240	107.809	47.343	59.796
271.536	107.944	47.798	59.173
272.205	108.325	48.038	58.435
272.843	108.625	49.112	58.335
274.274	108.660	48.869	57.995
275.235	108.240	49.751	58.816
275.936	108.010	50.068	58.867
276.650	107.895	50.286	58.293
276.431	109.697	50.768	57.011
277.951	109.098	50.294	56.725
279.149	107.973	49.896	55.893
280.116	109.009	49.847	56.038
280.577	109.229	49.612	54.256
281.295	109.618	50.040	54.093
282.320	108.899	49.574	54.776
283.392	107.764	48.989	57.076
283.453	108.992	49.894	54.872
283.673	107.204	50.295	54.631
283.569	107.083	51.221	54.416
283.687	106.621	51.311	54.615
284.306	106.287	51.177	55.540
284.635	106.531	50.792	54.888
285.082	106.843	50.950	55.243
285.858	106.541	50.557	55.105
286.499	105.109	49.590	57.200
286.626	104.786	50.385	56.651
286.600	105.393	50.749	56.175
287.032	104.358	50.596	57.421
287.633	105.160	49.529	56.974
287.607	104.523	49.786	56.896
287.705	104.624	49.712	58.175
287.922	104.201	49.336	58.911
287.739	104.054	49.714	58.506
287.607	103.010	49.781	59.510
287.324	101.481	50.557	60.543
286.728	101.395	51.515	60.578
286.935	99.699	51.004	61.786
286.872	100.224	50.963	61.420
287.260	99.316	50.911	61.259
286.634	99.363	51.404	60.101
287.565	99.358	50.227	60.168
287.829	98.693	50.206	61.168
288.060	99.478	49.876	59.762
287.763	99.027	50.404	60.774
288.459	98.698	49.062	63.042
287.702	98.265	50.391	62.099
288.052	98.938	50.367	62.163
287.430	100.842	51.422	59.626
287.206	99.783	51.441	59.175
287.316	100.736	51.379	59.345
286.242	99.291	51.858	60.477
288.603	101.954	50.676	58.208
288.965	99.668	50.565	60.841
289.406	100.178	50.118	60.143
289.202	99.846	50.350	61.098
290.348	100.044	49.782	62.245
289.908	99.824	50.999	62.133
290.144	100.264	51.087	62.193
290.280	100.060	50.752	62.707
290.619	100.646	50.875	61.932
290.907	99.951	50.717	62.525
291.361	98.579	50.020	63.264
291.550	97.906	49.896	62.725
291.684	97.230	49.348	62.468
291.609	96.613	49.970	62.206
291.502	95.956	49.724	62.567
291.502	96.408	49.628	61.076
291.573	95.324	49.013	61.410
291.992	95.170	48.882	61.409
291.309	95.583	48.562	60.151
289.378	92.647	50.034	61.100
288.427	93.692	50.453	58.572
285.618	91.881	50.720	60.223
258.451	176.550	56.579	56.251
251.984	158.038	61.310	60.149
256.612	163.483	65.346	67.491
261.828	163.427	66.236	64.865
288.253	202.131	79.580	74.880
291.071	202.876	78.492	73.907
294.444	204.397	71.941	75.082
280.812	200.198	73.860	83.368
293.263	210.150	62.442	71.426
288.670	210.494	63.617	71.618
286.283	209.017	63.240	72.911
283.815	208.843	64.823	72.455
283.207	204.973	66.303	74.951
281.426	202.230	68.338	78.366
279.534	202.384	71.294	76.265
287.334	202.416	64.282	73.839
284.951	202.287	69.246	75.217
284.106	199.735	71.656	76.930
283.115	200.474	71.324	75.272
281.331	200.230	71.467	75.009
278.721	185.648	69.729	88.234
277.328	171.797	67.884	103.129
275.834	162.254	68.199	94.611
272.165	182.191	74.598	102.855
263.512	175.879	81.590	100.722
259.116	176.987	84.082	96.958
263.297	184.511	81.904	104.515
267.823	189.462	77.864	92.241
267.754	186.314	77.551	97.908
265.978	193.342	83.680	90.048
269.212	200.442	80.848	82.218
282.390	209.592	67.979	72.946
280.910	210.500	70.815	71.392
281.037	207.191	70.499	72.969
282.535	205.735	68.870	70.743
278.814	205.410	72.162	69.338
283.346	202.626	68.729	70.509
285.799	203.020	68.913	71.995
293.156	203.630	64.636	71.347
291.062	205.122	68.908	68.114
270.055	200.998	80.430	77.408
259.258	183.899	76.355	94.653
257.057	186.723	77.369	91.089
257.391	191.256	92.319	88.094
273.423	200.240	93.964	72.236
289.402	194.566	80.053	81.570
281.960	196.656	84.047	78.881
286.853	196.663	79.636	79.250
289.961	198.549	74.748	77.616
296.312	202.760	66.202	71.664
297.060	204.351	64.725	68.414
297.101	204.245	63.551	67.971
294.397	204.399	66.423	68.712
296.620	204.868	65.772	68.063
296.161	204.524	67.099	69.547
293.005	201.861	67.814	72.274
296.556	201.965	61.906	72.939
293.525	206.046	63.188	69.044
294.964	202.893	62.063	73.101
295.721	204.358	61.415	72.582
294.716	204.477	61.156	71.944
296.058	205.222	60.670	70.539
294.998	205.328	62.262	70.151
288.506	205.439	68.236	72.038
294.035	203.769	65.462	71.813
297.286	205.099	64.996	70.134
293.741	204.549	69.944	72.762
296.326	202.546	69.273	76.109
294.569	204.386	69.679	73.087
298.123	206.478	67.137	69.173
300.493	208.785	63.274	67.422
301.528	209.050	63.116	71.231
301.668	213.284	61.717	69.199
298.982	215.162	64.236	68.492
298.765	215.472	66.031	69.970
293.066	213.941	72.224	69.946
284.691	210.286	76.699	75.014
294.675	213.851	65.953	77.927
289.488	218.852	72.394	70.528
290.254	220.589	71.387	72.036
299.135	222.033	62.654	75.727
294.944	223.027	66.712	75.738
296.191	222.074	66.014	79.845
288.980	220.973	68.447	79.713
287.478	219.017	69.953	83.290
289.443	215.462	68.590	87.730
286.517	214.911	69.957	83.177
288.011	215.257	67.313	76.823
292.948	211.555	62.129	76.645
294.526	210.201	60.459	77.735
293.141	206.240	60.543	81.211
290.254	204.602	63.142	80.175
287.069	202.764	65.078	80.176
291.605	204.470	61.401	77.404
294.308	205.465	60.028	76.934
295.495	206.357	59.937	76.677
297.187	204.223	60.101	80.857
298.937	204.230	61.662	82.847
297.469	203.885	64.155	82.982
299.353	203.408	63.134	86.861
300.688	199.481	61.997	90.322
275.059	182.584	74.535	85.787
266.698	179.574	80.179	67.881
274.113	172.704	76.298	63.470
277.159	179.858	72.684	63.271
292.598	186.783	64.700	99.861
297.451	187.181	65.204	97.387
297.912	193.951	70.647	105.960
289.841	198.366	71.136	92.243
291.907	206.652	68.752	84.523
283.833	203.418	77.649	79.913
290.033	203.523	71.009	84.317
286.750	204.242	76.488	82.495
287.228	204.791	75.013	87.144
300.879	199.603	68.695	94.156
308.607	191.004	62.543	98.549
312.204	184.963	59.215	97.039
312.833	186.536	56.411	85.963
310.769	194.318	64.572	89.265
309.871	197.865	74.375	77.719
326.603	202.396	77.610	73.655
307.071	195.270	80.231	70.499
314.340	196.595	82.219	82.317
332.980	198.429	81.636	79.429
326.080	200.375	86.514	77.683
341.155	197.346	76.095	80.742
320.077	197.032	90.203	79.433
308.006	195.402	82.391	75.238
313.400	194.146	72.127	87.319
324.533	207.235	73.388	84.394
316.027	206.456	74.981	86.104
321.009	201.186	64.244	88.827
321.928	211.148	62.317	76.304
314.401	210.401	65.792	76.280
313.682	215.983	65.549	68.248
310.136	213.815	67.091	74.115
304.725	214.285	73.314	73.347
302.522	211.105	75.394	78.019
304.995	209.031	73.026	78.794
304.588	209.939	73.712	77.155
305.452	209.678	72.455	77.320
308.309	206.868	71.757	78.828
315.279	206.204	67.158	79.357
318.227	207.875	69.359	78.581
311.671	207.158	80.601	83.709
309.662	211.053	82.571	74.610
299.286	206.033	88.041	79.492
316.317	214.937	81.632	75.123
326.285	209.975	73.623	79.354
322.937	213.827	72.732	78.936
323.491	214.257	75.534	81.885
318.168	215.911	75.081	79.631
320.814	213.181	67.421	80.811
319.073	218.581	65.204	72.926
316.479	218.509	62.608	74.942
313.112	216.081	57.612	79.509
300.723	206.766	66.957	84.905
287.062	199.035	74.638	91.111
284.697	197.371	76.776	89.482
289.551	195.616	69.314	82.505
283.405	191.262	73.072	66.530
283.246	185.423	73.063	57.807
280.804	187.838	75.468	88.916
276.998	189.775	81.005	91.730
279.401	189.094	77.845	96.180
279.182	193.668	77.819	92.723
276.226	193.870	80.716	90.302
277.278	193.997	77.902	89.127
282.426	194.178	72.296	91.858
276.849	190.253	79.313	91.071
286.648	189.955	71.615	95.974
292.996	197.121	69.031	88.557
304.919	208.047	60.744	76.959
285.514	201.199	78.501	79.318
301.862	200.295	73.183	79.552
303.381	201.670	75.253	78.172
306.802	202.573	75.203	79.102
313.001	205.885	72.182	75.180
318.491	206.440	67.833	74.258
313.293	206.789	76.315	73.706
314.392	204.468	75.666	78.904
320.439	206.974	70.746	76.859
311.100	204.587	76.291	77.881
322.784	208.014	68.772	75.882
294.780	196.817	85.868	88.653
276.357	190.034	60.071	91.716
277.545	189.331	61.436	80.034
278.534	194.765	62.294	74.653
278.947	193.155	65.976	76.774
280.293	195.788	64.896	75.048
281.541	192.748	59.795	76.272
283.824	196.030	76.995	78.295
286.691	191.259	77.422	82.017
287.524	193.119	79.736	83.091
288.546	192.153	76.466	82.215
289.415	191.708	78.696	84.487
288.080	188.511	73.902	83.436
288.364	192.651	77.450	86.046
288.731	194.309	80.239	82.013
290.278	193.016	79.394	84.073
289.456	187.431	79.463	84.363
291.569	188.015	82.933	85.773
301.903	191.104	75.779	92.134
320.470	206.988	63.260	72.781
326.241	213.845	59.254	66.111
329.317	213.163	62.301	66.349
326.416	212.899	66.156	65.513
340.871	212.613	64.920	65.330
338.265	209.405	69.011	67.516
326.531	205.255	74.216	70.530
332.063	202.915	70.510	73.544
328.869	199.581	69.823	72.407
301.924	196.067	86.303	72.638
306.068	195.399	91.403	75.810
289.337	193.854	86.940	75.562
289.072	190.838	94.852	79.077
294.785	187.474	104.247	79.555
307.291	188.183	98.931	83.080
292.567	177.066	96.980	84.537
289.502	170.058	105.376	89.600
295.862	181.554	109.410	81.915
294.424	173.362	93.879	81.124
296.950	187.167	99.718	79.345
293.507	176.711	87.640	77.886
293.244	182.746	86.522	76.044
289.040	172.219	80.626	73.133
292.005	184.299	81.949	70.283
298.280	206.595	100.294	91.710
304.708	202.038	100.777	93.604
303.444	209.375	99.892	86.762
269.351	181.961	90.549	79.585
287.289	181.355	79.791	76.466
283.570	183.414	79.989	68.776
285.088	183.328	81.851	78.347
281.040	183.856	79.445	72.280
273.386	183.451	82.938	69.319
282.478	183.403	78.844	65.722
281.178	186.176	77.592	69.571
271.853	188.555	79.015	71.614
285.779	200.556	84.995	62.805
310.724	203.690	82.225	70.146
312.158	195.926	84.220	75.952
307.546	194.721	87.485	81.675
311.906	192.526	90.045	77.113
316.502	186.186	85.072	77.830
331.254	186.075	76.065	76.510
309.586	187.403	81.654	72.525
309.196	186.300	81.751	71.974
318.498	183.878	81.323	73.305
314.620	182.512	83.783	73.174
314.436	184.434	83.130	72.520
314.337	192.878	79.874	73.582
321.868	197.095	78.345	70.417
320.716	199.600	71.612	71.241
319.623	208.043	71.611	66.363
318.802	211.449	66.719	65.571
321.421	215.077	63.199	66.929
318.991	214.517	63.517	73.091
313.707	213.000	61.666	71.650
311.438	212.772	60.280	83.001
309.955	208.266	64.121	83.830
266.264	180.953	73.629	83.414
273.372	174.028	81.011	80.868
276.494	171.269	78.316	73.237
296.153	210.258	81.814	81.039
287.527	188.303	84.841	99.789
272.714	168.153	92.116	101.042
279.700	194.018	96.866	102.562
275.919	167.760	85.551	99.641
273.719	167.951	96.293	79.082
294.182	202.251	83.371	84.120
301.710	207.029	73.485	85.168
296.500	207.744	82.927	84.870
282.056	200.480	79.643	83.167
316.081	216.003	71.647	78.974
312.077	216.678	74.290	78.354
316.831	215.132	82.626	80.106
329.727	223.288	78.438	75.251
335.074	229.365	76.069	71.534
335.972	228.412	76.039	73.431
326.848	223.388	81.713	80.359
343.224	222.376	68.599	78.691
347.504	221.889	69.508	78.255
269.600	185.772	75.867	69.213
279.385	182.051	71.223	70.710
284.189	175.201	71.468	79.256
284.279	192.104	86.449	91.961
301.683	199.409	84.402	95.953
312.161	216.792	85.347	85.614
309.543	197.364	78.473	91.814
311.076	197.651	70.302	91.752
311.331	196.749	63.620	90.941
308.087	193.043	61.673	84.670
302.320	186.385	66.916	87.653
303.425	182.493	65.991	87.911
295.672	180.826	71.738	78.803
296.863	174.159	72.960	59.983
301.441	190.605	66.611	91.813
294.844	191.208	75.011	95.989
292.015	199.644	76.712	83.883
301.381	189.448	67.950	95.033
297.751	192.153	75.701	90.066
291.568	189.757	77.079	90.470
298.943	189.396	67.744	91.565
288.658	196.880	76.075	81.761
295.975	200.666	69.970	80.848
294.786	204.940	73.340	70.427
309.435	202.919	62.510	72.917
297.541	204.473	72.444	67.586
307.585	201.471	63.476	69.987
303.356	201.032	64.718	67.382
302.003	197.303	63.498	70.128
302.032	197.386	63.336	69.120
299.460	199.250	63.714	70.346
289.046	197.344	69.910	72.181
284.655	196.245	71.290	73.318
280.173	195.243	73.834	73.371
278.225	195.070	74.740	73.205
278.885	195.698	75.758	74.472
278.394	193.681	74.995	77.298
277.002	196.309	73.821	72.991
275.682	193.782	78.438	76.160
275.935	194.184	74.251	77.324
277.584	195.200	76.052	75.879
279.640	198.060	75.130	72.049
281.084	194.837	73.466	80.301
279.059	187.960	79.452	85.973
283.303	193.219	76.469	81.096
283.438	189.638	75.518	84.965
282.692	185.302	74.662	86.530
281.046	182.162	73.615	93.401
278.702	180.701	70.494	97.666
282.877	164.157	69.656	102.384
284.576	173.415	68.719	83.064
291.065	177.373	70.185	72.909
280.582	187.395	73.028	86.558
284.213	192.119	75.424	97.635
286.851	193.529	72.700	87.073
283.783	189.377	73.057	83.712
286.948	200.437	71.977	81.351
282.735	200.195	75.961	80.461
288.870	203.457	72.147	72.455
286.625	201.888	72.786	75.375
292.823	190.055	71.786	86.757
291.030	195.068	76.967	85.867
292.345	195.328	79.729	82.459
295.454	201.911	76.068	76.093
304.658	204.904	69.250	75.384
313.404	206.672	61.206	71.862
312.532	109.554	50.415	59.836
311.112	111.184	49.087	58.485
310.101	113.581	49.183	60.832
309.629	117.410	48.939	59.054
308.479	121.048	50.078	59.164
307.515	123.185	50.052	57.606
307.482	126.263	48.792	61.648
307.123	128.880	48.534	61.068
306.793	132.594	49.552	60.843
307.182	136.354	49.348	60.092
307.636	140.470	48.354	62.709
308.439	147.431	47.853	61.790
309.199	151.234	47.578	61.520
309.259	157.604	47.365	61.197
309.956	162.965	46.846	59.158
309.861	166.288	46.896	58.765
309.447	172.155	46.731	57.686
309.102	172.873	47.004	57.969
308.627	174.752	46.530	57.312
307.672	174.980	47.412	57.452
306.886	174.839	47.631	58.202
306.635	172.535	47.226	57.988
306.346	171.312	46.410	57.577
305.962	170.726	46.411	58.256
305.009	170.036	46.653	57.613
303.405	170.618	48.166	57.078
303.078	166.064	48.320	58.038
305.020	161.935	45.961	63.701
304.824	159.304	46.027	67.382
304.787	159.126	46.584	68.083
304.584	160.267	47.044	66.776
304.817	156.391	46.529	71.190
304.943	156.426	46.876	71.105
304.997	157.445	47.105	69.486
304.987	166.363	47.073	62.465
305.578	170.588	46.621	58.675
307.125	172.481	46.349	59.502
308.203	173.551	46.705	57.277
308.995	174.281	46.506	57.599
309.855	173.719	46.570	57.465
310.023	174.309	46.923	58.093
310.579	174.868	46.819	56.774
310.846	175.281	46.889	55.611
311.651	174.822	45.955	55.506
311.511	174.872	46.056	55.373
311.548	173.267	46.363	56.972
311.513	173.548	46.695	55.934
311.649	173.072	46.509	58.530
311.102	173.117	47.321	58.022
310.843	172.740	46.640	58.464
310.269	172.943	46.730	56.918
309.352	174.398	46.443	55.052
308.730	174.539	45.952	55.945
307.804	174.904	46.228	55.797
307.356	174.821	45.876	56.380
306.680	174.766	46.231	57.075
305.655	175.367	46.454	54.921
305.296	174.477	46.760	54.681
305.548	174.791	46.015	54.122
305.236	174.511	46.420	53.614
305.022	174.292	46.708	54.184
305.785	174.095	46.475	54.622
306.553	174.279	46.627	53.840
306.953	174.630	47.041	52.832
307.745	174.000	46.405	53.868
308.426	174.022	46.317	53.709
309.183	173.835	45.967	53.263
309.387	174.065	46.095	52.928
309.736	173.927	45.375	54.662
309.477	173.661	45.934	53.692
309.417	174.170	45.558	54.019
308.454	174.037	45.410	52.767
308.094	174.260	44.804	52.388
307.422	173.926	44.511	53.488
306.124	173.581	45.286	53.172
305.351	172.981	45.365	53.860
303.818	172.486	44.621	55.448
302.575	172.397	44.965	55.597
301.281	172.726	45.945	56.889
300.759	172.284	47.639	59.751
300.033	173.156	48.714	59.249
299.384	172.161	51.463	58.743
299.339	171.300	44.556	61.818
299.203	170.795	43.344	59.580
298.851	171.845	43.218	59.714
298.385	172.185	43.900	58.891
297.985	171.603	43.640	59.313
297.129	171.132	45.617	59.863
295.812	171.769	51.735	58.832
295.274	171.445	51.206	60.013
294.490	172.641	46.534	58.641
292.364	172.953	46.764	55.571
292.188	173.214	45.778	55.859
291.785	173.718	46.222	54.195
291.923	174.310	45.907	53.393
292.299	174.751	45.766	53.172
293.001	174.779	46.236	54.023
293.629	174.249	46.616	53.813
294.250	174.377	46.643	55.523
295.599	173.965	46.276	54.531
296.561	173.384	46.330	54.199
298.225	173.806	46.300	54.629
298.902	173.460	46.333	53.700
299.626	172.886	46.029	53.891
299.626	172.524	46.399	56.047
299.860	172.937	46.076	54.012
300.067	172.877	46.083	54.343
299.863	172.840	46.065	55.458
299.078	172.167	46.176	56.156
296.970	172.242	48.511	58.709
295.963	172.514	49.595	55.389
294.426	170.637	51.144	56.425
294.182	168.440	51.347	59.023
293.298	167.360	52.064	60.409
293.891	166.057	51.097	62.045
293.981	166.738	50.529	62.141
295.189	167.817	48.969	61.656
294.835	170.404	49.018	58.571
294.799	172.697	48.796	59.188
294.612	173.260	48.662	59.214
295.079	172.013	48.126	58.431
295.574	171.954	47.253	55.985
296.113	172.628	46.546	53.935
296.426	172.657	45.796	54.562
296.629	172.913	45.396	54.470
296.567	173.185	45.193	56.926
296.352	173.146	45.294	56.061
296.173	173.386	45.129	55.463
296.072	173.620	45.226	54.517
295.950	173.300	45.339	54.921
296.009	172.960	45.354	54.434
295.921	173.468	45.223	54.550
295.892	173.692	45.373	53.568
295.942	173.887	45.459	54.133
295.972	173.745	45.512	54.232
296.062	173.671	45.326	55.070
296.279	173.583	45.453	54.993
296.514	173.546	45.856	54.184
296.567	173.942	46.114	53.102
296.971	173.779	45.993	53.724
297.121	173.475	45.944	55.044
297.127	173.583	46.390	54.938
297.308	173.349	46.603	54.810
297.388	173.676	46.643	55.808
297.739	173.392	46.518	54.996
297.845	173.207	46.582	56.470
297.913	173.555	46.783	54.815
298.173	173.460	46.779	54.808
298.262	173.290	46.830	56.194
298.516	173.157	46.579	55.438
298.472	172.932	46.871	55.467
298.890	173.345	46.542	55.895
299.068	173.658	46.638	55.720
299.292	173.403	46.650	56.993
299.206	173.654	47.052	55.510
299.281	173.492	46.532	56.349
299.217	173.579	46.628	56.016
299.546	173.607	46.150	56.293
299.679	173.738	46.183	56.525
299.679	173.623	46.504	55.555
299.797	173.291	45.773	58.594
299.410	173.395	46.448	57.131
299.605	173.690	45.963	57.392
299.516	173.816	45.982	56.931
299.635	174.157	46.310	56.628
299.723	173.702	46.548	57.429
299.756	174.196	46.677	56.901
300.201	174.206	46.007	57.025
300.307	173.873	46.043	57.065
300.187	174.326	46.163	56.999
300.427	174.214	46.145	57.072
300.367	174.185	46.057	56.868
300.397	173.873	45.904	57.686
300.434	173.948	46.149	57.551
300.324	173.659	45.999	57.610
299.935	174.026	46.373	56.500
299.649	173.788	46.337	56.922
298.894	173.645	46.992	56.800
296.939	173.972	49.068	55.217
295.631	173.026	50.100	57.072
293.889	172.819	51.223	56.487
292.854	172.388	51.645	57.075
291.911	172.472	51.254	57.064
291.263	172.210	51.190	57.363
290.532	171.240	51.471	57.729
289.996	171.239	52.164	57.213
289.305	171.385	52.364	56.063
289.684	169.831	51.242	55.868
289.559	169.364	50.344	54.642
289.364	167.724	51.129	55.738
288.998	166.934	51.581	55.107
289.203	166.164	50.138	58.806
289.251	167.475	50.398	56.310
289.155	167.250	50.642	56.393
288.882	167.135	50.470	55.838
288.714	167.249	50.022	57.169
288.836	166.840	49.744	57.541
288.862	166.514	49.457	57.811
288.731	166.240	49.492	58.464
289.187	166.465	49.180	58.928
289.187	165.762	49.206	59.946
289.090	166.256	49.135	60.323
289.094	164.844	49.087	61.056
288.788	165.780	49.250	59.117
289.218	167.016	48.781	58.579
289.097	166.484	49.409	59.392
289.095	166.270	49.412	59.279
289.095	166.772	49.517	59.380
288.933	166.093	48.946	58.467
289.473	167.189	48.769	57.808
289.488	166.719	49.401	57.973
289.578	166.719	48.990	59.117
289.512	167.377	49.153	57.872
289.387	167.208	49.673	58.122
289.248	165.860	49.851	61.436
290.089	166.632	49.369	61.730
289.350	166.691	50.994	60.195
291.788	167.228	49.072	61.569
292.039	168.325	49.890	58.850
292.764	169.558	49.430	57.596
293.751	170.506	48.596	55.986
294.743	170.125	48.148	55.920
295.855	170.703	48.073	56.125
296.502	171.177	48.000	55.920
297.174	171.983	47.814	54.911
297.919	171.719	47.421	55.763
298.546	172.191	47.336	55.979
298.935	172.258	47.410	54.605
299.322	172.482	46.995	56.110
299.337	172.411	47.035	55.959
299.187	172.635	47.110	55.363
299.281	173.151	47.200	54.998
299.466	173.373	47.116	54.654
299.603	173.591	47.224	53.421
299.953	173.377	47.192	54.675
300.110	172.987	47.207	54.167
299.947	173.304	47.059	54.052
300.608	173.174	47.030	54.768
300.542	173.345	47.059	54.867
300.724	173.345	46.977	54.830
300.865	172.987	47.002	55.600
300.588	173.074	47.094	55.144
300.618	173.290	46.938	54.922
300.694	173.180	47.183	55.370
300.800	173.074	47.134	55.144
300.896	173.263	46.946	55.212
301.141	173.102	46.801	55.707
301.001	173.298	46.984	55.326
301.232	173.381	46.561	55.541
301.049	173.793	46.545	55.493
300.711	173.766	46.909	55.298
300.800	173.849	46.334	55.891
300.435	173.987	46.207	56.098
300.201	174.630	46.393	54.262
299.850	174.452	46.252	54.060
299.467	174.388	46.388	54.800
299.429	173.815	46.088	54.363
299.022	173.671	46.195	55.381
298.845	173.456	46.260	55.419
298.664	173.676	46.417	55.350
298.875	173.599	45.765	55.651
298.935	173.954	45.608	55.173
298.990	173.926	45.331	54.979
298.892	174.334	45.276	54.374
298.567	174.279	45.193	54.947
298.236	174.402	45.309	53.670
297.883	174.161	45.518	54.505
297.507	173.997	45.831	54.235
297.357	174.329	46.030	53.796
297.205	174.256	46.500	53.816
297.175	174.130	46.456	53.844
297.114	174.346	46.714	53.737
297.357	174.202	46.570	53.663
297.417	174.238	46.683	53.573
297.650	174.453	46.326	54.068
297.681	174.329	46.492	53.689
297.772	174.438	46.598	53.768
297.832	174.592	47.010	55.466
297.800	174.115	47.413	54.408
297.680	174.084	47.362	54.297
297.804	174.226	47.263	53.579
298.096	174.166	46.815	53.753
297.974	174.381	46.838	52.733
298.062	174.145	46.819	52.948
298.175	174.673	46.752	54.313
298.035	174.242	46.901	53.262
298.236	174.726	46.889	54.786
298.203	174.484	47.125	54.507
298.078	174.012	47.548	54.335
298.382	174.345	47.698	54.570
298.919	174.646	47.039	55.672
299.307	174.291	46.788	54.807
299.203	174.312	46.853	54.439
299.489	174.461	46.621	54.092
298.968	174.228	46.813	56.002
299.427	174.062	46.543	55.637
299.405	174.158	46.515	55.280
299.768	174.200	46.600	55.179
300.261	174.645	46.792	55.399
300.856	174.638	46.790	54.934
301.379	174.484	46.574	57.506
301.444	174.787	47.364	56.147
301.756	175.029	47.105	57.569
302.334	174.757	47.323	57.144
302.683	175.546	47.254	57.054
302.685	175.532	47.791	57.357
303.372	175.204	47.798	57.476
303.551	175.175	48.412	57.794
305.512	175.739	47.849	57.661
306.723	175.798	47.883	58.092
307.392	176.739	48.647	56.867
309.322	176.405	47.912	57.642
311.307	176.290	47.701	56.986
315.074	175.552	47.599	55.303
316.041	173.191	48.182	57.259
317.320	171.411	48.336	57.824
318.422	169.465	48.538	57.610
320.705	167.059	46.804	57.981
322.128	162.320	46.296	58.306
322.507	157.764	47.462	60.107
323.187	154.512	47.618	60.736
323.561	151.629	47.659	60.282
325.306	148.584	46.351	60.657
325.472	145.557	46.355	59.519
325.540	142.957	46.473	59.689
325.628	141.008	46.486	60.054
325.529	139.268	46.217	59.706
325.392	136.672	46.925	61.849
324.607	133.755	47.286	61.570
324.662	132.436	46.135	61.426
324.437	131.029	46.376	60.353
323.751	128.617	47.355	60.022
323.628	126.620	47.452	60.944
323.745	124.468	46.618	59.359
323.431	122.714	46.821	59.631
323.513	120.801	46.756	59.489
322.992	119.525	47.504	59.047
323.352	118.507	46.717	59.387
322.657	117.646	47.863	57.570
323.871	116.065	45.746	58.384
324.257	114.691	45.264	58.718
324.068	114.659	45.727	58.580
323.713	113.700	45.973	59.035
323.780	114.029	46.027	58.655
323.532	113.785	46.129	59.506
323.548	113.838	46.334	59.483
323.183	114.510	46.880	59.423
323.713	115.019	46.315	60.017
322.615	115.932	47.503	59.274
322.812	116.877	47.040	58.847
322.606	117.654	46.592	58.386
322.632	118.621	45.672	58.027
322.030	119.209	45.516	57.598
320.666	119.463	46.317	58.949
320.582	119.594	45.680	58.570
319.803	119.201	45.409	59.439
319.458	119.552	45.758	58.494
319.454	119.319	45.749	57.690
319.083	118.948	45.656	58.973
318.893	119.262	45.892	58.462
318.803	119.164	45.492	58.598
317.901	119.654	46.399	57.175
317.237	119.972	47.146	57.070
316.601	119.997	46.199	56.416
315.524	120.018	46.537	56.628
315.030	120.044	45.784	56.476
314.268	119.952	45.628	56.636
314.187	119.725	44.821	57.206
313.675	120.065	45.065	56.184
313.189	120.401	45.491	55.777
312.672	120.090	45.746	56.336
312.232	120.150	46.296	56.704
311.501	120.495	47.373	56.138
310.449	120.654	47.291	56.514
310.291	121.369	46.864	55.686
309.480	121.708	47.216	55.078
308.889	121.963	47.402	55.074
308.634	122.195	46.946	54.818
307.412	122.450	46.834	54.370
307.548	122.928	46.606	54.008
307.357	123.216	46.158	51.953
305.598	123.436	46.274	52.984
305.135	123.786	46.671	52.867
304.591	124.848	46.051	52.537
303.590	125.792	46.574	51.091
302.416	126.123	46.759	49.957
301.732	126.149	46.999	49.608
300.538	125.843	46.765	49.554
298.971	127.262	46.266	48.739
297.682	126.765	45.328	49.730
296.190	126.666	46.524	50.442
294.521	126.281	47.026	51.972
293.206	126.556	48.317	52.039
291.986	127.197	49.766	52.475
291.024	127.513	49.632	51.847
290.950	127.208	49.999	51.526
290.413	126.652	50.047	52.135
290.025	128.175	50.833	50.505
289.560	126.821	50.690	50.968
289.515	127.570	50.720	51.126
288.722	126.722	50.483	52.117
288.231	126.358	51.225	53.165
289.004	126.485	50.344	53.169
289.809	125.332	50.454	53.906
289.417	124.805	51.641	52.692
289.281	124.022	52.373	52.184
289.556	123.520	52.643	52.862
289.585	123.445	52.047	53.408
289.725	122.728	51.774	52.321
289.355	122.041	50.607	51.362
287.845	120.304	51.492	51.776
284.753	118.085	53.880	52.923
281.973	114.973	52.732	53.368
280.936	110.917	48.926	50.132
279.626	113.154	51.627	49.272
277.146	109.799	49.848	48.973
275.449	110.689	51.888	50.317
273.676	108.823	53.156	48.229
272.718	107.451	52.778	51.375
271.659	107.820	53.995	53.339
268.856	105.747	53.578	52.461
271.504	105.336	52.984	54.526
272.263	100.591	52.331	54.065
279.045	100.581	52.217	50.015
277.214	99.106	52.070	53.773
277.720	98.926	55.521	53.735
286.588	98.949	54.102	48.863
282.806	94.559	54.189	56.476
289.149	102.126	54.115	54.093
289.970	96.089	56.592	56.769
290.719	101.283	57.854	59.189
297.880	99.822	57.387	58.474
294.946	97.202	58.173	62.949
298.843	95.662	59.372	62.147
293.710	103.451	65.975	71.054
246.059	230.526	60.958	46.454
247.587	214.302	61.304	80.542
245.143	209.058	68.400	89.111
251.190	224.491	73.763	86.170
306.300	225.313	72.395	85.138
276.521	224.175	93.859	86.705
254.833	207.274	96.323	93.895
259.457	223.132	119.150	85.510
253.358	212.904	75.717	93.474
273.038	216.123	96.885	89.332
260.999	214.025	98.819	86.552
293.438	227.814	86.905	90.148
282.106	227.136	96.573	93.247
275.634	222.684	99.137	99.422
294.453	226.649	81.677	102.105
298.027	237.365	72.646	93.430
292.666	240.146	70.693	85.931
274.857	242.009	84.345	84.157
244.876	215.149	93.904	81.161
243.731	207.408	98.613	67.531
257.621	209.760	100.866	74.266
261.912	216.058	102.097	88.757
252.672	206.000	112.789	99.707
251.712	216.307	116.369	107.478
252.060	214.285	120.451	109.737
256.116	214.812	119.317	110.286
290.524	217.446	89.618	107.595
296.206	221.826	90.175	102.287
291.098	216.177	100.225	104.424
282.592	213.090	115.424	105.155
279.928	211.168	121.502	103.903
271.942	205.802	132.084	107.866
283.693	207.543	125.064	107.928
298.578	203.565	106.652	106.828
291.028	209.602	100.637	87.944
291.383	195.245	108.062	102.678
309.583	203.435	105.571	98.871
343.030	215.146	105.331	108.641
340.208	225.906	98.694	103.543
352.908	228.430	98.055	101.729
309.590	222.128	85.734	103.617
294.149	223.858	111.484	93.965
248.468	212.373	108.786	72.051
264.651	213.558	90.211	70.332
231.441	213.523	119.220	73.006
203.656	215.672	128.828	77.075
202.487	209.347	140.347	87.023
201.279	210.690	149.185	92.307
202.134	208.469	145.822	98.615
199.857	206.629	146.539	103.876
202.812	208.392	151.996	100.313
202.210	213.786	143.929	99.243
197.431	214.579	120.403	99.035
192.874	211.418	143.330	93.875
195.986	216.106	123.294	85.794
201.315	219.011	92.866	81.571
192.395	220.988	90.750	88.775
207.360	218.689	95.766	90.843
201.200	219.564	82.929	84.534
194.329	218.661	94.522	88.569
208.814	225.237	92.382	82.241
276.211	214.253	75.146	91.474
274.679	220.212	76.469	88.692
277.983	222.617	85.481	99.384
288.924	241.736	88.007	75.018
307.709	253.153	87.503	70.078
307.862	265.599	89.154	63.336
318.286	258.912	81.728	63.195
320.392	256.940	76.265	65.580
339.075	256.856	70.310	60.744
336.254	255.435	67.434	55.600
349.046	253.760	61.810	59.910
316.956	249.291	81.045	52.967
284.421	246.219	89.037	60.294
301.618	248.957	96.503	64.995
311.706	243.474	88.081	72.430
279.729	240.127	105.966	88.683
296.287	242.989	116.866	93.312
242.511	231.168	152.896	110.840
290.002	239.417	126.504	99.781
262.914	230.108	141.294	107.211
244.361	229.020	167.898	107.805
248.685	227.115	161.704	109.289
253.883	227.015	155.770	109.011
259.648	229.450	153.519	106.354
263.007	232.946	154.158	105.301
260.553	232.644	157.576	99.836
258.453	228.466	166.316	113.868
255.871	237.112	161.772	99.975
333.911	261.266	117.860	140.300
329.835	264.630	128.757	143.100
265.274	252.928	185.439	93.375
216.077	248.446	168.096	99.462
243.562	265.247	143.066	88.824
229.424	274.398	170.677	69.252
241.055	271.756	157.556	65.251
249.254	279.207	151.393	55.391
264.558	276.928	149.078	55.562
246.008	269.874	113.622	71.430
255.507	267.996	142.334	69.493
253.751	259.416	157.220	78.139
241.222	252.006	160.345	84.056
234.901	238.657	140.173	95.881
234.564	231.000	146.851	97.582
226.981	225.200	167.320	99.746
227.812	223.929	165.087	97.435
228.547	219.819	158.823	99.879
228.291	217.738	163.967	100.397
228.708	215.369	148.660	101.034
229.893	215.088	141.842	100.257
219.200	210.751	141.854	103.563
221.950	213.272	136.091	103.269
216.990	211.257	118.349	103.626
222.857	218.216	132.879	99.233
221.418	213.640	144.430	102.880
222.391	222.126	154.452	94.698
223.185	221.443	145.805	101.805
222.485	221.669	111.304	102.885
219.241	219.342	92.214	103.809
226.914	210.319	89.083	97.134
220.187	211.433	90.013	89.579
230.390	210.363	83.608	92.843
227.124	216.872	84.927	98.306
231.325	229.351	79.124	98.209
228.255	237.250	80.089	93.992
235.357	233.472	81.120	80.106
227.913	227.848	75.534	76.790
231.087	217.008	65.388	78.624
236.554	213.813	62.181	71.816
225.807	194.892	64.359	82.950
226.296	197.910	70.637	83.333
233.514	182.201	66.526	89.254
235.089	198.588	95.292	86.387
246.058	194.924	96.348	98.321
347.804	185.962	110.032	128.750
346.353	158.810	118.722	157.783
340.162	146.036	111.779	155.520
343.378	148.945	104.600	160.676
320.585	155.237	121.344	156.258
317.365	157.273	105.697	142.479
325.433	158.894	106.610	162.496
313.889	190.781	113.493	139.225
314.654	198.447	108.251	145.374
300.822	199.698	118.870	144.117
307.193	226.446	126.297	133.401
310.158	234.636	116.329	137.486
288.473	237.573	125.686	152.140
326.347	251.153	135.851	151.301
284.757	241.616	146.579	173.819
235.172	228.019	185.019	195.937
248.437	227.909	169.199	200.623
254.207	204.555	105.120	211.228
287.430	236.679	171.520	177.804
233.817	196.529	127.688	160.630
246.111	196.937	122.469	139.741
230.705	194.298	144.151	128.980
241.793	192.637	147.865	141.562
217.983	196.490	160.699	138.380
211.088	199.761	176.241	134.820
211.420	198.786	177.849	130.849
199.034	205.081	185.275	113.612
188.459	203.645	194.182	114.554
269.110	201.542	123.755	121.897
351.992	267.702	123.807	146.230
335.755	269.119	138.169	149.791
226.396	241.588	169.117	167.204
331.387	235.056	145.950	174.070
324.911	245.892	154.599	174.525
351.060	246.006	119.192	163.306
314.354	238.274	141.277	175.060
347.380	252.254	113.481	162.525
184.908	240.198	202.016	66.195
190.719	238.367	201.760	73.300
194.720	222.850	197.796	89.665
200.431	219.175	181.710	108.682
194.308	212.378	195.287	123.724
193.205	209.266	192.804	129.825
193.891	204.546	197.304	135.558
193.045	202.851	191.574	141.441
187.614	203.842	156.238	143.545
191.068	201.310	156.417	142.765
195.152	202.443	160.827	143.362
191.795	200.222	143.445	150.478
229.946	207.228	175.386	144.758
193.735	204.224	186.566	155.036
198.145	203.701	166.591	162.708
196.934	208.317	187.851	156.099
196.038	207.256	140.159	155.353
189.692	213.257	135.847	147.778
151.533	225.319	142.221	139.497
186.673	227.192	147.638	143.039
188.352	228.369	138.653	136.029
188.994	240.355	157.593	123.969
186.580	244.386	155.239	121.639
187.891	231.922	171.862	126.591
180.162	250.648	205.337	92.068
203.330	261.467	190.440	83.928
205.859	265.446	179.627	59.322
215.227	264.971	184.145	63.680
213.198	264.131	186.478	62.835
214.267	259.953	197.456	72.025
205.153	251.196	209.560	83.664
198.691	251.236	223.018	83.550
205.260	248.806	206.496	84.567
205.539	246.659	196.523	92.470
210.038	238.350	198.171	107.684
205.948	239.230	194.327	110.965
207.651	226.691	187.117	126.464
209.728	221.360	182.354	131.965
208.973	218.034	178.589	135.125
207.984	215.512	184.662	140.811
197.193	214.226	178.767	148.192
195.774	213.485	206.956	147.055
186.512	208.416	188.507	151.295
203.389	203.873	207.213	149.709
205.351	204.422	186.408	150.610
200.269	196.644	191.316	161.262
193.398	216.851	185.243	154.426
173.978	224.504	197.274	158.518
159.291	222.527	217.673	158.265
157.749	221.160	216.861	154.381
176.806	219.362	191.129	153.764
160.561	213.326	217.196	161.985
160.845	215.610	225.276	161.149
314.015	256.015	169.713	207.787
266.189	228.990	172.696	219.948
166.871	225.632	222.292	152.410
166.398	224.693	214.029	153.145
169.930	224.997	208.455	147.768
166.677	226.327	205.365	147.956
162.188	220.282	226.960	147.467
174.726	212.679	216.665	167.209
172.321	224.897	221.799	156.906
175.754	227.999	219.902	160.353
177.512	233.539	220.427	159.097
173.702	234.057	220.047	163.907
178.695	234.841	218.717	164.802
171.567	235.543	223.684	163.163
176.078	234.070	223.272	166.741
177.568	232.952	223.049	167.597
165.379	232.717	229.054	166.093
157.788	233.721	232.572	168.747
157.444	236.770	228.400	169.400
165.212	235.517	221.150	169.869
151.928	240.677	218.063	164.315
159.068	237.272	233.185	167.888
263.115	233.706	203.970	202.002
181.415	219.726	240.648	195.203
140.045	220.047	236.866	177.051
153.898	206.332	268.911	199.969
123.394	215.941	229.394	172.915
136.729	212.400	218.029	170.602
133.561	213.382	254.029	176.539
143.230	211.056	265.087	183.689
136.560	211.134	242.214	171.459
146.185	210.658	226.634	168.882
147.346	212.464	223.216	165.437
138.907	210.677	216.228	165.983
141.098	209.029	222.420	166.147
146.419	211.746	216.759	164.956
154.986	214.216	228.454	162.022
179.549	209.235	207.445	161.962
199.649	204.728	192.371	164.814
179.748	204.924	199.581	136.631
174.359	201.749	201.870	139.595
175.540	203.220	212.414	146.440
183.531	202.108	205.642	157.838
180.422	205.069	209.403	161.276
189.283	203.302	219.646	161.509
195.213	205.778	212.586	153.321
178.510	200.554	198.593	111.009
175.993	188.135	220.430	123.067
300.338	250.807	142.783	182.088
307.924	247.094	162.214	182.317
329.406	238.722	147.575	191.635
317.730	264.927	157.637	171.831
300.417	253.251	170.589	175.490
201.067	159.524	148.850	161.298
209.242	151.624	167.321	146.132
206.693	157.527	171.617	136.757
202.899	157.245	177.026	137.921
201.092	161.969	180.051	128.527
209.417	162.657	171.737	124.547
203.588	179.028	168.246	111.029
180.148	206.947	186.205	98.738
184.262	204.102	171.727	113.376
180.035	195.431	168.803	131.751
178.888	195.749	174.746	146.987
182.330	192.712	173.048	170.717
183.911	191.915	168.027	174.635
187.472	195.140	170.464	179.114
190.670	200.155	169.674	181.605
191.005	203.594	175.568	192.472
190.593	206.138	179.770	196.536
190.659	210.547	184.373	194.411
190.694	215.674	181.094	199.386
192.275	221.667	178.690	197.853
191.122	219.791	179.154	197.944
190.043	219.284	184.300	197.621
191.178	222.231	177.132	197.049
193.466	225.587	183.752	201.048
194.824	222.730	178.365	201.263
194.268	221.227	177.614	208.003
195.183	217.899	176.984	208.830
194.701	211.798	179.422	224.008
195.288	213.482	177.843	218.443
196.740	208.979	171.292	228.156
194.401	204.635	175.422	231.510
193.750	207.559	175.311	226.446
196.079	206.360	179.464	224.442
193.108	210.193	179.467	217.277
186.936	204.703	188.422	235.538
195.810	209.861	179.433	233.130
195.421	209.630	174.442	215.301
194.803	215.235	176.031	219.958
195.741	213.153	179.937	220.362
197.396	211.319	173.074	213.739
197.411	214.120	173.488	219.189
191.676	204.889	178.973	212.009
193.345	204.772	172.741	200.753
194.940	206.724	175.032	222.811
188.203	184.118	176.838	196.009
194.717	213.896	172.005	161.503
194.314	210.125	178.330	121.982
194.049	220.437	155.092	192.860
188.539	213.930	145.193	194.937
190.699	272.225	146.887	163.883
196.095	269.022	141.386	135.985
189.434	283.099	182.391	108.081
192.263	294.132	182.972	101.765
192.749	295.892	182.003	86.280
196.723	295.372	174.537	99.060
194.184	297.033	168.893	120.352
195.418	294.856	189.984	110.984
192.308	297.830	193.361	110.351
191.027	296.821	190.994	109.105
193.380	297.830	178.623	107.345
188.657	297.160	182.479	111.431
185.414	299.765	181.921	107.747
183.056	299.096	176.361	109.340
189.373	300.483	175.685	108.151
192.284	301.861	167.764	105.384
194.093	301.600	174.761	104.999
190.331	302.498	172.937	102.994
198.558	301.837	168.230	104.111
191.017	299.695	172.296	103.385
197.482	293.949	167.226	110.603
198.480	290.507	166.655	116.611
199.854	292.027	165.256	112.180
193.825	295.541	167.012	104.843
201.554	302.586	169.522	97.727
199.221	299.104	167.340	100.962
204.630	294.217	165.229	110.257
207.046	293.367	164.234	109.711
207.334	294.455	161.825	105.628
208.008	289.300	159.055	105.208
209.413	286.936	155.693	104.052
212.401	282.334	154.888	104.980
211.764	278.198	159.681	105.475
205.855	273.234	158.891	108.871
212.250	271.751	167.239	109.603
209.815	268.968	163.029	109.938
205.726	267.461	161.408	106.396
208.792	266.720	166.206	102.318
199.738	264.385	165.536	101.691
206.510	260.988	160.135	102.909
202.616	259.703	161.887	101.999
212.137	260.383	161.225	105.235
197.423	257.601	167.420	113.228
201.958	258.396	168.467	121.103
205.576	249.287	163.242	136.315
232.157	236.046	155.577	148.042
238.387	231.322	140.266	156.191
246.661	222.259	131.466	155.695
246.381	213.311	136.734	154.958
246.247	205.249	143.486	151.916
244.726	198.592	143.591	151.963
253.147	188.120	132.687	150.787
243.876	180.402	137.676	150.974
248.092	177.586	131.459	158.851
248.992	176.137	129.379	159.220
246.420	174.005	128.085	159.780
248.370	175.314	124.329	158.067
248.331	178.802	122.350	155.560
248.344	185.801	120.968	144.436
245.078	193.025	125.097	142.468
246.251	195.509	127.047	143.383
250.668	201.166	124.184	136.590
250.570	203.654	120.425	140.912
254.804	204.938	113.296	138.818
248.075	206.633	118.513	128.735
245.249	209.780	122.727	122.996
242.114	209.751	126.550	124.438
241.526	209.433	127.653	128.397
240.787	207.769	127.623	128.599
244.961	204.568	124.054	129.410
246.534	206.864	122.108	127.121
241.801	207.297	129.041	124.002
236.872	207.902	134.329	136.487
244.747	205.014	126.338	147.415
249.604	212.874	123.624	141.133
243.619	225.883	127.918	129.841
240.904	261.853	127.044	99.484
245.363	274.592	120.362	86.762
240.314	257.866	124.722	103.364
243.000	244.724	122.074	117.479
244.008	253.839	120.760	108.910
245.355	268.686	122.456	93.943
248.281	279.790	117.270	86.840
250.499	280.062	111.290	85.196
248.030	283.531	110.239	79.528
242.743	284.268	115.517	76.495
239.334	284.282	116.025	76.191
236.566	284.564	114.185	74.810
236.974	284.149	114.846	75.509
236.707	284.709	122.658	78.065
244.311	284.668	116.773	82.579
244.398	285.770	117.036	83.689
245.393	285.922	115.356	84.359
244.945	286.472	115.206	84.065
246.549	285.754	113.503	84.651
247.333	287.078	111.750	82.562
247.427	286.168	109.085	83.580
246.305	285.659	111.524	83.452
246.167	283.948	113.011	82.814
245.850	282.690	112.045	82.891
245.673	281.566	113.974	83.157
246.174	279.547	117.818	84.937
248.124	278.141	115.757	85.182
247.369	276.740	115.835	85.050
247.238	276.234	119.602	85.310
241.182	276.911	120.282	83.030
239.018	275.335	118.623	83.877
237.451	272.773	111.712	84.430
232.004	272.276	115.342	83.332
238.390	270.718	109.882	89.624
238.504	268.070	109.747	91.943
232.038	268.187	116.729	91.286
231.153	264.403	117.336	95.964
229.745	260.282	131.071	97.199
227.867	252.247	120.252	103.569
231.429	243.431	119.379	105.452
240.412	228.895	104.124	115.697
248.825	226.946	104.424	100.139
243.279	214.490	109.627	109.921
256.956	206.394	101.168	114.149
260.076	201.669	98.431	115.644
260.548	197.452	95.137	116.387
249.130	194.040	101.445	111.099
264.253	191.321	90.547	106.906
265.924	191.960	88.984	105.574
268.685	191.226	90.166	107.498
273.363	191.103	90.240	106.361
288.774	190.379	86.316	104.868
297.910	193.099	91.706	91.181
306.706	198.205	88.038	96.922
315.416	197.604	85.984	91.061
321.586	203.421	82.948	98.375
321.553	210.058	88.397	96.098
322.144	205.653	89.531	99.691
323.869	208.034	91.111	97.678
320.901	203.863	84.857	97.147
314.711	201.947	84.054	86.862
305.738	204.759	85.595	84.455
297.740	208.389	89.215	95.043
285.308	211.044	93.020	93.082
256.347	208.348	101.190	92.580
255.812	205.076	95.342	95.886
224.786	207.485	100.462	91.683
225.504	206.072	90.109	92.281
218.137	201.853	89.736	92.715
214.053	201.910	95.353	88.120
195.746	200.871	94.222	90.041
189.036	196.981	76.538	88.644
193.502	201.812	84.763	83.305
185.043	200.032	83.876	84.768
183.228	202.738	90.422	86.650
180.376	202.745	90.749	84.354
184.015	203.670	92.628	86.370
186.938	205.404	89.643	90.817
207.150	206.431	88.957	90.988
194.371	209.647	109.831	95.505
211.179	209.799	93.516	95.333
219.680	209.494	85.858	92.450
230.770	210.515	91.944	86.652
244.699	210.895	83.382	89.840
255.659	210.413	94.527	87.371
249.050	203.209	98.329	95.076
273.842	204.769	93.630	94.192
282.154	205.103	85.884	97.114
290.755	205.667	82.848	96.782
292.898	205.393	85.598	96.493
295.339	203.373	84.627	98.613
296.419	203.690	86.028	99.435
296.214	204.417	87.250	96.758
294.652	204.893	89.212	96.297
293.078	205.736	94.702	92.823
289.918	207.105	81.038	91.434
285.550	206.983	83.098	86.912
280.107	209.313	84.340	98.191
273.511	210.732	88.804	94.729
262.582	219.819	84.534	89.634
262.770	225.684	106.555	85.804
238.812	212.892	118.169	97.335
220.277	231.870	124.392	83.832
201.645	242.032	112.236	70.070
209.734	243.960	99.075	65.718
219.377	242.456	103.698	66.429
199.722	239.209	94.982	67.847
199.140	241.965	99.310	62.179
196.230	240.336	98.428	60.480
197.961	239.257	92.404	61.444
197.912	237.553	92.605	62.307
204.597	234.890	87.634	62.654
200.899	236.464	87.513	57.858
209.352	235.345	96.359	59.427
223.758	234.744	92.043	58.212
220.448	233.426	81.582	57.896
226.578	231.721	97.424	61.709
218.968	235.114	96.197	61.513
217.469	231.004	99.261	63.442
235.542	227.221	92.448	62.747
240.054	221.549	90.662	66.428
232.856	220.581	99.972	68.759
238.935	214.726	93.941	63.716
244.689	212.805	92.848	67.306
240.454	212.030	94.791	64.482
258.384	209.803	83.143	60.399
258.404	209.888	80.949	58.886
261.308	210.492	80.572	57.149
271.641	210.508	76.975	57.698
270.469	208.194	77.768	60.323
274.525	209.602	81.441	60.054
274.382	211.273	81.805	59.302
274.826	211.433	85.093	59.408
273.810	210.176	81.016	61.145
271.539	211.521	81.747	58.974
275.007	213.259	81.105	57.487
277.807	208.043	78.541	64.316
278.494	213.999	78.611	60.270
279.066	213.371	78.140	60.531
276.256	219.004	76.845	55.744
281.235	218.363	76.266	56.877
279.980	209.620	75.787	64.188
278.057	209.162	77.531	66.122
277.211	212.900	79.143	63.363
280.012	218.656	74.453	59.188
274.099	223.959	72.201	56.604
278.569	228.942	78.040	54.170
277.747	230.552	76.062	55.191
283.671	234.403	72.553	60.617
285.936	235.045	69.816	62.109
283.896	235.097	69.622	62.387
279.661	236.499	68.491	62.815
281.106	231.088	64.802	67.487
282.254	229.570	64.484	69.539
281.902	224.521	65.702	70.511
287.524	211.187	67.882	77.265
289.961	206.894	71.734	76.738
287.920	203.335	70.905	74.561
293.084	198.248	67.206	73.990
289.727	198.126	69.062	73.249
286.192	198.551	70.867	70.609
285.210	197.583	73.471	70.833
285.455	198.373	71.734	70.856
296.830	199.059	66.849	71.149
292.231	199.053	70.122	75.348
297.898	198.942	65.861	74.927
294.432	198.595	67.084	73.876
298.443	198.951	64.803	73.941
297.177	199.101	66.843	74.378
303.952	198.653	66.311	71.850
294.484	197.993	74.036	73.952
304.438	197.342	69.915	73.532
293.677	195.426	75.586	73.799
303.244	194.868	65.626	74.511
302.974	196.283	65.136	72.461
299.361	194.572	69.268	71.407
303.470	192.834	67.691	71.657
299.554	192.321	70.149	70.790
300.920	191.580	69.610	70.079
300.096	193.507	74.268	67.959
292.521	191.753	74.587	69.386
285.684	190.044	76.449	73.485
290.630	197.093	70.225	69.319
289.284	193.220	76.452	71.483
289.881	192.749	73.469	74.909
289.150	196.220	74.257	71.954
284.348	198.237	78.514	69.384
291.934	190.500	72.923	78.182
294.728	196.628	68.524	82.297
298.957	215.231	80.011	73.997
306.511	208.307	80.923	80.955
306.962	201.622	88.917	85.401
290.286	195.039	88.264	82.652
289.704	190.506	101.005	89.887
272.952	183.788	98.407	92.060
285.423	181.017	94.959	92.230
306.953	188.074	93.140	105.650
281.219	189.756	96.015	84.585
293.905	191.435	85.504	77.982
293.508	189.927	80.964	82.720
282.658	215.034	79.589	72.323
292.764	219.040	68.971	62.029
296.847	218.963	63.860	52.575
286.929	215.300	64.049	47.906
288.515	211.204	62.114	52.947
287.172	209.657	66.847	56.816
288.014	207.708	68.305	57.026
284.814	204.476	71.114	59.461
287.153	199.014	70.230	64.802
291.445	204.330	69.722	59.242
287.270	197.386	72.415	63.441
289.062	192.526	73.023	66.017
281.589	193.596	76.155	62.328
272.364	192.428	86.889	76.266
262.606	182.034	93.219	86.258
244.763	174.937	100.814	101.096
257.548	157.377	108.940	59.264
256.780	164.892	98.500	53.628
273.159	172.155	77.898	52.265
266.024	181.327	89.974	54.112
299.419	188.172	79.798	67.333
269.200	193.656	91.050	59.060
304.763	201.127	83.666	65.147
277.796	200.769	92.105	65.207
260.462	204.484	86.851	70.359
250.113	204.024	91.107	73.563
252.815	209.545	83.869	88.547
261.494	212.401	71.480	66.746
258.734	206.243	76.873	60.517
243.887	197.209	84.074	61.236
257.114	190.366	82.441	67.400
248.458	192.771	80.019	63.116
236.616	197.972	86.045	62.430
226.431	201.316	93.735	65.857
221.344	214.602	99.060	75.835
324.390	196.683	77.075	87.915
321.149	182.732	79.726	90.551
319.665	173.952	78.201	81.736
317.316	166.717	76.656	78.342
315.865	162.716	77.592	82.826
300.689	161.512	90.548	108.812
254.646	178.476	130.264	127.906
248.357	169.275	153.803	146.263
243.374	154.950	160.061	165.591
246.554	150.180	164.518	178.103
234.910	153.627	161.605	165.860
238.286	145.967	167.877	172.718
235.961	158.447	170.331	162.049
228.936	154.461	157.041	168.022
229.279	162.567	152.467	165.922
229.108	154.913	148.404	164.839
230.977	171.707	144.999	153.854
236.234	163.989	146.624	162.945
232.955	150.290	156.954	172.732
233.936	154.201	158.704	167.323
231.108	150.006	163.052	169.431
232.808	154.239	164.547	162.773
239.814	164.486	148.958	157.643
239.762	154.839	154.931	167.746
236.872	174.729	161.660	146.767
238.106	162.770	154.687	155.114
240.181	171.494	154.462	146.631
260.446	168.660	137.090	155.177
245.500	172.219	151.009	148.489
259.760	177.468	141.684	151.325
221.799	245.582	182.217	88.175
209.510	274.476	185.046	54.473
188.948	273.330	120.836	58.058
220.458	275.552	104.137	57.468
220.787	277.009	102.835	57.029
208.549	275.368	91.447	61.885
234.142	275.166	85.644	65.920
244.478	275.439	86.506	72.424
242.324	276.534	75.845	75.206
240.969	276.897	76.591	80.514
217.537	267.205	75.376	69.907
222.349	265.327	84.540	74.963
220.878	264.350	82.043	66.547
231.285	266.016	76.135	66.792
225.609	261.904	73.782	62.120
229.629	260.125	75.457	63.518
228.144	260.169	77.326	65.410
237.716	260.261	72.756	77.537
255.672	283.819	65.259	85.472
242.252	261.402	77.775	85.715
241.754	253.974	78.320	85.230
244.345	251.233	76.810	95.217
241.185	244.103	82.725	91.873
239.170	240.775	80.594	86.617
239.435	240.254	83.772	95.724
238.114	242.401	86.096	99.799
240.982	239.728	84.916	93.186
240.916	242.019	83.061	83.764
241.784	239.333	83.753	80.554
250.954	247.424	87.019	94.396
264.112	261.700	87.325	96.752
271.403	260.985	102.668	89.139
312.151	204.362	99.897	121.633
308.619	202.109	104.912	151.052
313.349	180.198	112.990	174.415
301.312	201.709	124.021	168.849
297.522	230.694	132.343	159.060
287.893	230.355	137.999	173.749
310.271	227.121	121.815	189.639
294.196	217.411	138.681	180.255
309.386	228.107	124.794	185.511
300.223	232.942	137.630	178.891
314.031	218.501	134.352	193.356
318.353	233.657	133.043	180.319
308.105	222.381	128.080	191.284
277.617	200.373	104.881	132.976
275.122	203.813	95.968	87.086
275.139	199.333	82.557	82.480
277.922	207.315	80.260	79.527
287.082	213.030	91.576	69.522
286.225	211.775	84.923	67.428
287.820	204.214	81.737	73.525
289.492	214.257	87.073	67.202
290.681	223.501	90.054	65.295
288.575	228.238	90.941	63.084
288.771	240.923	88.060	52.577
291.991	246.401	78.470	49.747
270.789	247.827	88.234	50.573
284.968	249.819	80.497	51.771
289.648	253.807	84.756	48.262
298.994	254.413	82.197	51.047
298.044	252.180	84.315	55.482
267.318	249.686	96.513	57.200
251.537	240.179	96.450	71.166
252.317	238.548	94.613	72.930
261.313	240.559	93.443	67.761
254.904	239.871	91.018	64.563
264.512	240.650	85.612	64.052
269.079	234.511	97.871	68.600
265.576	235.462	79.141	65.919
253.181	229.999	81.885	65.522
248.854	228.561	80.415	66.694
242.815	207.320	92.328	75.782
261.039	201.682	95.227	85.462
268.127	195.363	88.594	95.352
266.902	194.377	87.975	93.350
261.110	200.776	92.519	90.502
267.681	195.746	86.034	97.651
276.397	209.764	84.082	85.912
279.186	207.202	82.817	86.057
268.478	216.964	85.073	81.255
273.009	227.211	79.113	75.304
279.063	245.285	75.158	60.620
291.725	247.949	62.841	61.147
290.021	249.032	69.831	59.418
288.002	248.168	73.025	60.999
280.326	246.997	78.667	60.500
255.218	245.039	80.744	53.199
267.590	247.813	77.111	53.826
260.890	246.517	73.230	55.374
263.330	245.974	75.101	56.323
272.911	243.123	69.469	63.669
273.368	242.221	70.226	61.293
273.490	241.774	70.947	58.967
274.784	221.754	70.711	74.372
265.138	223.066	75.862	74.309
269.519	231.581	76.806	69.663
265.662	237.143	76.500	67.289
275.333	235.164	74.292	68.282
269.654	253.091	81.747	62.736
273.894	248.918	80.895	70.889
271.264	257.239	76.325	62.585
269.093	258.232	75.674	59.279
270.989	266.832	75.275	53.605
270.060	265.257	76.325	54.297
268.902	261.317	77.722	54.735
266.179	257.889	78.662	50.687
266.797	259.587	78.008	48.599
271.152	249.802	70.699	57.649
273.106	256.462	66.191	56.703
267.813	253.105	69.915	57.963
264.318	248.401	76.980	58.278
266.385	242.778	76.556	56.191
262.540	244.021	75.384	54.095
267.040	243.081	73.066	54.307
268.410	241.976	71.474	45.399
265.038	237.930	74.240	47.602
265.960	235.358	72.926	49.507
260.558	234.541	75.967	51.519
257.308	239.964	79.927	51.223
256.135	241.412	81.354	56.511
246.449	246.695	81.116	60.150
245.741	252.071	90.090	66.203
229.977	250.039	83.558	72.122
241.328	264.271	76.354	62.146
225.754	269.205	72.258	58.539
233.902	272.190	63.651	55.279
226.919	278.626	67.178	52.708
235.495	281.680	59.439	52.442
226.359	283.828	66.063	50.406
223.488	272.572	66.596	62.231
232.146	239.030	59.412	81.690
251.088	258.673	72.004	68.789
256.171	247.385	94.367	73.109
292.862	244.183	88.501	71.844
289.339	241.992	74.616	83.161
289.617	242.830	69.736	73.021
296.391	232.789	63.391	80.021
287.569	238.251	68.889	76.573
283.779	241.514	74.267	71.432
285.333	241.144	74.895	72.804
297.926	237.243	69.306	82.734
297.198	235.216	70.513	84.341
289.543	242.610	72.367	84.627
293.068	237.621	69.274	83.322
275.675	248.655	72.407	74.670
281.390	241.708	80.333	80.006
272.541	243.591	80.713	80.122
252.961	245.894	88.228	89.108
254.404	251.084	84.839	79.753
267.191	243.658	82.535	86.580
263.528	246.920	84.650	90.202
271.806	250.415	78.572	84.880
265.938	251.365	74.862	89.334
265.371	247.946	75.631	95.343
254.092	254.153	82.028	92.207
262.287	262.148	76.009	85.050
259.115	261.765	78.007	86.041
250.068	262.064	79.792	89.028
257.744	262.833	72.868	78.378
249.852	261.508	77.597	77.748
253.745	265.650	76.034	76.778
250.991	262.467	76.139	75.566
254.348	265.225	73.395	71.685
253.286	264.278	75.157	72.880
253.885	267.523	74.621	70.058
251.962	266.242	74.695	71.995
254.517	263.824	75.924	74.581
254.951	270.599	73.550	69.682
259.921	275.873	67.338	65.424
265.832	269.725	69.288	70.223
260.745	255.730	75.711	87.789
248.286	255.669	84.484	94.391
248.348	254.458	82.794	91.576
260.700	256.101	79.104	90.872
258.839	257.044	79.523	90.267
262.337	268.906	73.349	81.197
266.872	271.361	68.912	87.688
264.865	266.384	72.526	89.292
258.428	269.265	81.578	88.256
254.625	287.368	79.636	76.463
254.935	279.084	82.162	76.433
259.365	275.487	79.912	80.083
264.634	261.691	84.193	85.777
266.825	250.425	73.408	94.409
292.083	245.784	77.254	89.358
293.892	244.909	80.189	86.988
295.415	242.290	79.954	86.883
282.449	248.015	92.343	85.869
283.604	242.930	85.937	86.244
283.457	244.565	78.290	80.874
291.817	241.626	88.076	77.608
302.455	231.345	77.530	81.803
316.020	232.445	66.687	76.070
318.642	228.805	63.503	74.784
305.601	228.389	71.213	76.849
296.663	225.365	78.404	81.437
288.764	226.334	77.120	88.406
284.947	228.462	76.674	85.110
289.817	228.133	83.591	84.839
295.723	240.594	68.613	83.042
301.836	244.423	66.344	79.535
308.256	246.454	63.809	75.196
306.376	245.911	63.551	75.996
312.736	245.470	62.013	78.863
315.012	247.381	63.822	76.361
302.281	255.275	68.947	72.101
309.249	251.120	63.174	73.294
300.992	249.196	66.096	77.688
292.176	246.459	72.467	80.583
297.827	243.285	74.666	81.506
283.754	238.831	81.380	86.011
239.086	235.652	84.562	80.904
268.454	262.799	79.851	70.984
317.675	239.426	61.825	77.689
258.818	252.707	98.652	70.927
228.114	240.973	97.479	85.004
229.924	229.587	80.264	84.313
232.704	225.232	75.591	84.104
234.722	223.037	73.868	78.159
235.726	219.216	73.425	78.458
234.576	217.895	74.305	76.231
234.488	220.279	76.052	82.383
236.328	227.918	76.951	85.317
238.273	229.790	84.198	90.316
248.493	239.855	105.481	88.670
241.845	226.766	82.795	103.169
235.066	215.284	72.785	94.589
236.857	210.491	73.417	87.536
234.690	232.010	89.403	94.529
245.587	253.610	87.355	95.357
238.886	276.597	106.088	89.975
265.642	270.336	111.043	136.071
333.551	265.167	112.321	149.233
338.287	273.914	124.346	144.707
335.927	279.336	130.860	141.765
331.179	268.740	141.696	149.966
325.778	270.720	142.730	148.883
269.469	266.403	139.459	147.408
233.459	276.674	115.393	136.816
213.366	260.873	105.328	131.617
218.165	256.125	105.445	125.178
224.023	229.879	117.157	124.229
247.483	222.455	126.321	104.588
235.259	226.538	131.201	117.179
234.299	216.322	131.453	121.806
245.773	204.371	125.639	113.638
249.002	201.864	118.006	111.546
249.075	198.290	112.726	112.343
249.074	197.022	103.042	111.611
243.926	200.407	102.856	100.366
258.138	185.694	111.244	105.294
278.609	182.541	90.776	97.962
271.363	183.773	98.722	94.415
278.693	177.623	92.736	103.998
291.466	175.091	86.795	107.519
299.321	180.757	83.505	93.560
308.641	184.756	74.017	81.011
309.061	189.596	73.148	78.172
303.472	186.764	70.944	85.859
297.533	192.825	70.286	86.456
294.770	193.689	78.907	83.412
267.138	197.059	87.268	80.642
246.708	204.122	99.376	72.119
243.185	209.815	92.045	84.773
245.813	212.828	93.862	86.554
248.958	212.592	102.649	85.600
249.947	209.994	100.542	87.661
248.415	210.759	97.771	95.932
242.084	212.535	109.512	97.912
238.666	215.344	103.408	99.187
246.330	214.009	106.444	100.336
226.873	206.893	117.881	102.172
241.874	209.807	104.049	103.821
242.274	215.793	91.720	95.446
257.192	222.283	80.356	110.708
255.584	212.955	80.230	123.682
262.490	213.406	83.743	123.751
264.538	220.389	83.570	140.509
252.620	222.667	101.365	126.041
256.258	213.410	115.442	112.354
284.308	194.074	99.717	94.368
291.467	186.890	87.823	100.332
288.817	188.776	122.434	143.072
299.175	207.056	165.590	138.484
331.329	219.213	138.546	134.492
278.496	219.912	179.142	132.553
281.182	226.807	175.226	126.573
303.857	230.718	144.590	122.010
301.641	221.581	143.897	132.238
299.584	228.759	132.587	134.891
290.849	223.338	131.727	138.987
246.292	196.553	119.571	98.898
236.353	187.582	111.067	102.821
239.384	202.486	118.792	105.936
241.061	196.587	122.147	123.409
234.680	184.648	108.312	121.476
236.007	187.645	112.644	112.270
244.042	196.346	118.189	101.448
243.770	198.116	145.841	113.306
249.745	186.093	143.889	122.280
245.655	193.460	148.389	119.996
266.061	199.286	142.589	122.441
267.658	201.508	139.069	120.387
297.480	200.681	139.451	122.814
306.915	198.219	129.398	119.627
324.952	205.269	117.362	125.925
322.256	203.191	129.797	125.999
314.484	203.438	115.325	109.824
294.260	208.413	106.997	109.774
267.002	198.674	100.382	101.789
215.809	214.948	98.323	110.274
196.689	261.710	113.312	80.507
167.921	250.370	107.910	92.339
136.861	244.777	101.200	97.399
124.986	246.231	109.535	99.696
113.882	246.026	115.611	101.366
107.211	243.172	120.874	104.897
116.043	244.884	113.930	100.327
121.189	245.122	112.120	99.307
144.399	252.084	100.689	96.153
161.290	262.416	106.347	83.520
182.982	267.640	106.566	72.227
237.368	241.093	93.674	102.677
292.083	229.929	94.531	113.438
316.727	234.797	104.184	120.103
333.264	214.880	95.114	118.799
349.476	203.594	105.193	106.108
323.051	242.569	80.629	120.000
319.619	217.857	73.606	125.098
304.441	82.019	73.569	40.964
302.490	63.927	66.678	62.181
302.694	44.275	70.882	74.393
300.058	35.907	71.916	83.592
307.674	37.706	73.476	79.636
301.578	34.722	70.727	84.523
300.521	40.495	69.642	80.258
301.080	37.100	69.856	82.929
302.547	40.789	70.340	87.914
308.790	40.220	68.005	85.543
303.667	45.635	69.128	81.390
302.129	48.338	69.752	79.846
307.836	46.703	68.663	81.436
306.168	44.811	68.603	78.381
304.121	41.970	68.922	76.289
300.380	43.298	71.021	86.068
300.353	46.535	67.955	76.327
298.343	44.500	70.949	79.524
300.076	39.405	68.056	81.678
296.851	39.586	67.235	80.390
294.852	39.486	68.925	84.425
291.170	41.191	68.851	81.715
288.216	43.290	66.998	78.526
282.929	196.592	79.349	32.387
274.688	168.590	74.551	84.059
324.799	216.465	83.779	57.908
352.007	204.751	65.012	63.575
367.458	187.482	60.726	88.467
377.259	172.644	69.883	86.273
389.018	165.632	71.856	91.783
371.616	169.485	87.528	89.406
368.143	182.210	81.911	89.400
352.355	201.873	83.897	87.745
318.774	215.355	82.813	90.405
304.713	265.429	105.009	67.417
266.528	265.280	76.455	88.016
229.938	265.456	74.097	95.526
181.743	279.806	81.611	81.144
155.662	274.208	73.922	80.878
132.898	263.078	83.413	80.136
112.053	255.367	90.995	80.922
102.535	247.122	89.738	82.848
96.266	244.367	88.253	76.845
95.794	240.762	85.319	73.936
96.449	246.793	87.911	69.760
100.568	252.247	95.014	72.461
121.568	258.593	89.958	76.466
141.993	265.321	87.889	79.495
165.302	276.885	94.025	75.231
211.135	266.234	78.265	78.949
252.152	262.975	61.815	102.089
275.341	241.784	71.300	99.805
292.997	236.884	76.404	108.287
299.657	213.700	71.432	116.796
298.205	205.458	88.464	90.961
318.134	201.940	89.400	93.730
343.454	193.171	68.350	94.591
345.671	190.216	71.119	88.235
342.430	189.279	72.888	78.445
334.359	190.356	80.572	66.953
323.812	196.040	88.562	76.600
313.518	211.803	93.299	106.587
315.861	198.772	91.623	108.788
339.932	209.619	70.977	106.954
342.814	217.508	81.910	102.318
318.108	212.793	109.822	104.143
326.147	211.891	112.873	102.294
336.513	209.174	108.541	102.080
335.762	205.423	111.194	104.126
349.444	202.351	102.973	104.068
278.232	197.177	83.695	73.266
279.528	191.204	75.410	73.353
270.900	189.716	86.329	71.963
290.729	188.472	69.561	75.276
272.348	193.434	77.920	74.681
274.162	195.629	84.539	72.601
271.626	195.330	78.613	73.812
263.300	194.918	77.485	77.903
257.684	196.784	86.097	93.175
307.256	246.794	74.076	92.266
295.811	248.333	75.584	90.811
286.989	253.385	75.472	85.519
170.579	251.033	67.909	82.481
218.067	205.173	68.820	73.518
213.477	189.002	82.998	98.953
160.697	257.270	91.320	88.996
217.588	250.681	87.436	105.087
252.296	248.481	92.087	119.529
274.452	249.960	76.097	116.746
292.417	249.569	68.302	106.761
295.916	243.642	83.429	88.937
303.065	239.427	94.410	85.187
338.646	228.058	64.134	82.462
347.596	230.095	58.658	89.768
357.716	222.226	53.000	90.134
360.245	232.211	50.982	81.405
356.934	219.552	56.884	80.864
334.310	221.825	63.654	74.513
322.096	225.620	67.733	80.796
302.310	247.544	104.229	85.100
299.311	254.221	103.937	81.915
299.136	261.100	91.791	78.163
294.055	262.858	89.495	78.640
280.516	254.586	106.943	85.477
304.447	262.467	85.915	81.490
312.298	259.915	87.771	71.863
306.252	259.174	80.285	78.825
311.814	265.873	73.191	70.628
313.812	266.153	73.182	56.352
312.952	267.958	69.745	59.382
309.873	267.122	71.393	64.462
313.243	262.446	73.331	49.915
314.662	272.807	68.923	63.413
309.939	268.648	70.749	72.160
314.602	269.763	71.143	86.443
303.608	274.594	84.440	79.604
306.993	271.095	85.451	83.432
302.944	269.290	81.952	82.454
288.569	262.592	110.071	60.094
288.552	255.458	112.306	65.386
286.780	255.168	73.048	108.380
306.891	255.382	66.015	101.421
304.133	240.042	76.854	98.022
312.485	229.601	94.880	96.639
312.744	241.687	99.586	75.066
314.007	225.216	99.953	81.848
317.112	220.707	99.152	83.060
316.355	232.275	102.347	69.913
292.465	234.002	76.939	85.252
274.445	244.748	98.017	82.898
294.323	244.320	90.529	49.761
295.446	244.858	74.190	55.728
285.221	253.388	63.203	62.326
243.175	228.948	74.495	100.638
218.297	185.080	73.192	102.300
198.875	192.187	89.148	116.107
186.959	206.340	101.375	114.296
161.705	233.274	77.169	98.282
156.727	239.662	72.022	97.893
146.181	241.013	73.605	100.103
147.792	233.736	76.760	102.116
136.283	236.213	62.624	104.646
134.567	234.925	67.347	102.958
119.511	230.580	68.659	108.471
111.822	242.099	68.371	98.908
99.660	240.580	74.513	92.617
124.982	254.687	81.379	81.680
116.018	260.341	76.220	71.178
144.349	276.372	77.199	54.430
161.139	275.026	76.565	53.209
179.122	266.123	76.605	68.982
222.174	228.558	65.638	95.969
238.618	240.344	66.375	97.719
267.407	218.865	57.861	79.200
272.200	216.283	59.723	90.985
289.221	210.061	60.375	88.730
294.883	206.952	62.413	85.000
299.950	208.297	70.069	92.205
299.175	207.174	81.223	87.529
312.739	222.368	83.540	71.881
254.407	102.088	61.022	39.463
261.332	76.363	55.964	65.911
265.748	74.239	58.240	69.377
269.817	72.520	56.828	70.435
275.678	75.181	55.713	70.965
279.224	74.199	57.443	69.487
282.937	73.538	58.743	69.769
285.567	73.104	59.991	70.570
289.498	72.883	57.387	72.817
292.652	74.272	57.228	70.693
294.304	72.601	57.176	69.543
295.760	70.668	57.569	69.591
296.835	70.250	56.639	70.417
296.864	73.089	56.622	66.983
298.238	71.011	56.697	67.334
299.830	69.498	56.277	67.375
299.821	69.808	55.857	67.235
299.826	68.554	57.694	68.559
300.840	68.747	56.437	68.499
301.278	68.836	57.045	68.676
301.692	68.822	56.789	69.123
301.802	68.889	56.740	70.111
302.514	69.703	56.377	69.726
302.554	69.647	56.236	68.583
302.631	70.561	55.368	66.093
301.796	71.495	55.110	65.509
298.473	72.219	56.217	65.357
300.358	69.392	56.856	67.127
299.867	68.601	57.349	68.209
298.941	68.260	57.668	68.592
297.065	68.127	57.899	69.998
298.613	69.646	53.648	69.968
296.460	71.956	53.789	67.444
290.953	76.259	58.944	66.806
293.873	68.077	56.140	71.713
296.191	65.694	60.635	71.098
297.872	68.484	53.980	70.633
290.633	75.412	57.174	65.393
284.698	204.834	68.221	26.039
277.439	186.851	54.288	74.510
275.290	194.654	67.027	77.551
278.111	196.230	66.547	76.773
276.582	193.438	68.795	77.713
276.225	199.406	67.125	77.038
326.627	207.835	68.428	59.434
300.764	210.253	83.984	54.324
309.043	211.923	82.042	53.133
290.263	206.928	77.653	71.213
280.064	213.152	86.721	97.128
281.671	215.340	90.265	105.675
283.351	211.582	90.711	101.429
284.288	213.484	86.960	111.250
285.855	213.728	79.253	109.010
284.286	213.943	84.005	100.973
279.892	210.329	85.150	84.208
278.540	211.127	67.087	74.866
282.855	212.275	71.334	68.573
273.787	204.395	59.295	78.137
265.733	188.433	62.733	77.438
273.404	201.645	58.588	80.452
264.981	189.835	63.982	76.033
259.391	194.591	69.464	77.636
267.045	208.451	81.859	72.312
266.937	212.318	96.531	78.671
272.285	216.692	86.949	75.501
268.500	218.321	85.579	74.499
270.371	220.630	83.907	74.128
265.898	225.589	89.275	75.142
261.716	227.040	92.255	81.235
256.448	228.753	97.409	80.812
254.742	228.681	96.728	84.742
247.445	226.539	101.566	90.946
256.762	225.775	88.152	100.944
250.490	232.805	95.027	98.220
237.460	239.960	108.247	94.532
248.900	244.708	97.471	104.292
273.992	255.519	82.404	96.321
287.054	260.944	81.134	91.049
299.988	261.989	82.635	90.217
299.850	263.197	74.361	87.316
313.274	264.039	77.518	82.694
328.830	262.973	83.332	72.676
342.713	270.738	72.387	78.066
353.554	270.890	75.544	86.411
365.786	266.868	77.298	85.004
357.939	264.376	91.865	92.194
355.714	261.367	97.409	90.183
353.086	254.544	98.889	85.979
359.278	251.711	91.871	81.955
350.572	253.308	88.992	76.052
344.462	252.840	85.874	74.801
321.974	257.753	98.635	66.083
319.461	261.610	97.679	65.584
294.623	266.930	115.765	64.160
262.987	230.479	81.745	95.346
269.662	223.424	100.716	120.902
275.930	201.547	80.127	106.779
306.771	204.646	56.451	94.591
325.468	193.000	50.883	98.122
328.795	200.005	59.533	97.444
325.167	194.564	71.759	99.787
311.314	201.010	91.932	95.947
320.254	202.633	96.858	98.655
307.485	213.308	91.877	89.593
275.909	219.062	82.133	75.431
238.551	229.045	78.756	82.738
237.950	255.190	99.378	107.306
222.629	243.198	97.509	103.148
208.763	254.204	103.774	118.628
144.608	262.031	112.874	101.339
141.021	259.314	99.097	101.999
117.430	250.311	105.095	110.223
101.808	244.513	110.484	111.348
94.912	237.689	108.730	113.969
86.555	238.029	111.242	112.368
82.331	237.290	112.189	112.790
75.281	240.370	117.642	113.202
76.720	242.370	122.645	115.493
89.108	248.963	122.057	113.624
108.742	253.999	116.513	110.797
134.150	258.640	104.953	109.188
153.001	252.641	98.838	116.940
208.567	210.442	84.684	114.409
225.392	207.355	87.734	97.758
236.737	205.420	97.826	98.755
308.313	245.720	86.385	85.048
291.462	211.485	71.014	101.267
300.444	203.058	74.606	94.069
307.574	194.799	78.916	91.438
339.356	190.425	59.099	93.708
357.780	185.765	51.113	78.586
289.699	193.905	58.731	77.306
284.779	201.908	65.708	73.854
290.763	195.270	86.095	76.955
333.379	200.643	78.467	80.345
308.971	224.968	93.972	90.850
307.088	252.865	108.640	97.125
253.867	242.060	119.634	117.508
234.529	264.658	115.249	121.463
200.596	265.843	89.227	109.365
168.933	271.743	73.387	99.146
142.643	266.273	95.461	101.431
123.420	245.030	106.897	120.463
110.048	247.118	143.468	118.183
106.873	230.005	119.848	125.249
98.930	224.084	131.089	126.275
95.120	222.152	128.321	126.558
98.501	227.432	126.733	120.545
106.356	220.318	121.741	126.601
102.514	218.393	116.824	120.855
129.032	236.157	114.457	111.358
153.148	259.342	112.502	85.329
191.953	262.373	101.455	73.402
209.371	267.929	97.864	69.238
275.541	247.939	68.986	72.246
286.897	253.618	78.587	65.348
317.084	251.776	74.575	68.659
345.283	244.851	77.106	73.698
359.278	227.359	58.239	78.029
366.345	226.800	64.800	101.797
374.267	215.902	66.996	117.285
383.025	203.442	67.075	110.191
363.016	205.089	80.265	98.561
368.793	206.811	82.205	89.311
351.539	203.612	91.325	73.919
346.295	207.352	89.217	77.000
325.659	256.570	89.314	94.113
298.507	211.831	81.582	72.738
276.112	203.947	64.729	77.288
266.526	205.241	62.719	80.255
258.905	205.100	68.638	75.100
248.562	216.273	86.895	71.867
247.010	208.897	90.549	80.480
251.098	208.158	97.404	70.548
236.101	209.060	102.801	72.365
221.919	204.069	116.774	79.720
218.009	202.715	118.864	80.897
209.718	209.673	101.649	74.671
200.633	202.207	101.884	89.490
200.759	183.812	85.498	105.395
209.617	193.811	82.890	87.309
212.512	196.227	82.074	88.184
220.886	208.326	99.234	79.466
213.627	207.496	96.580	80.563
216.350	202.015	87.451	86.599
217.188	195.568	86.127	88.957
259.282	197.670	81.270	94.776
232.725	196.609	84.059	92.692
212.309	191.170	99.098	92.353
211.595	187.861	81.804	94.824
219.911	184.768	93.168	104.556
224.168	181.470	102.348	101.906
227.224	188.172	116.413	97.649
242.919	198.515	108.146	90.251
235.195	208.932	115.897	79.676
266.258	216.958	90.369	61.580
263.299	216.305	90.464	66.221
259.058	196.653	90.873	90.273
285.173	198.427	68.796	87.837
285.759	203.646	69.805	90.345
283.201	214.381	68.210	98.046
251.410	209.893	67.082	110.720
246.821	199.482	71.048	105.753
280.900	82.518	64.528	92.164
280.779	86.270	63.843	83.838
277.509	98.188	63.774	85.129
277.652	105.371	62.136	85.438
277.498	109.850	62.416	84.737
275.533	116.497	62.052	83.984
273.807	123.037	59.813	81.641
272.380	130.196	59.609	80.059
270.831	132.005	61.549	82.793
269.906	136.176	60.980	81.162
268.402	141.969	61.570	78.838
266.403	144.876	60.713	76.126
264.420	147.433	60.549	74.557
260.385	148.711	58.108	76.395
257.873	149.064	60.311	77.147
256.103	149.149	58.895	75.153
253.706	148.442	60.135	77.389
252.263	148.358	60.373	74.177
251.905	147.605	59.168	73.814
251.033	147.270	59.285	73.498
250.227	146.069	60.111	78.418
250.033	147.049	60.282	75.785
249.646	147.603	59.761	76.222
249.558	147.671	58.885	77.691
248.493	149.558	59.892	73.259
247.773	149.686	59.768	72.426
247.900	147.695	58.948	72.753
248.404	145.869	57.588	72.400
248.408	143.986	57.165	72.953
248.612	142.582	56.416	72.311
249.993	142.187	55.549	71.369
250.840	142.135	55.387	71.813
251.908	142.491	55.938	71.545
253.338	142.456	57.230	71.483
254.995	143.305	56.711	71.558
256.423	142.821	56.862	72.398
257.697	142.829	56.968	71.891
258.936	143.635	57.437	71.471
262.165	144.355	57.109	70.969
263.699	143.857	57.327	68.095
265.419	143.081	58.665	69.400
266.161	143.497	58.476	71.705
266.905	142.465	57.838	72.508
267.721	132.442	55.402	79.744
266.540	140.142	56.655	73.634
267.293	141.820	57.381	69.293
266.716	138.395	58.982	73.722
265.925	136.891	59.438	74.785
264.120	136.103	59.845	75.906
262.164	130.787	61.232	80.531
261.549	133.114	61.446	79.410
262.126	130.860	59.998	81.569
261.519	132.529	59.541	80.883
261.330	134.311	58.832	80.034
261.297	137.018	57.823	76.596
261.397	136.801	57.819	77.623
261.418	136.885	57.775	75.907
260.225	137.864	58.701	76.322
260.287	137.890	58.362	73.911
259.837	138.067	58.413	75.457
260.037	137.736	57.821	73.648
258.003	137.839	60.386	75.536
258.558	137.104	59.033	75.599
257.971	136.763	59.815	76.971
257.460	135.349	60.076	78.853
258.183	135.454	58.809	78.747
257.072	133.756	59.637	79.885
257.615	134.698	58.789	79.146
257.022	134.021	59.314	80.110
256.190	133.401	59.765	81.539
255.929	134.803	60.091	79.995
256.271	135.330	59.095	80.034
256.033	135.147	58.765	78.554
254.783	134.235	59.761	81.527
254.420	133.861	60.027	82.438
253.974	133.369	60.586	82.661
253.602	134.691	60.741	81.206
253.268	133.240	60.752	82.925
252.432	134.787	61.416	80.399
253.195	134.587	60.452	81.150
253.346	134.697	60.668	80.722
252.876	134.751	61.495	80.350
253.246	133.813	60.810	80.463
252.916	135.349	61.223	78.870
252.936	136.103	61.019	77.762
253.076	135.708	61.156	78.198
252.078	135.102	62.253	79.278
252.229	135.613	61.418	78.546
252.427	135.832	61.282	78.708
252.190	135.945	61.354	76.965
252.489	135.349	60.739	78.962
252.071	135.532	61.177	78.499
252.111	135.532	60.811	77.844
251.602	136.222	61.333	78.063
251.071	135.692	62.104	78.184
250.608	135.846	62.588	78.370
250.118	135.304	63.026	78.501
249.639	135.372	63.576	79.175
250.123	135.814	62.753	78.346
250.400	136.609	62.406	77.472
250.501	136.052	62.420	77.923
252.026	137.084	60.175	76.452
252.464	135.904	59.912	76.687
251.656	136.408	60.885	77.477
251.685	134.955	60.674	78.758
251.894	136.099	60.551	77.908
251.607	135.495	60.850	78.875
250.992	134.994	61.581	79.634
251.266	135.596	60.707	79.724
250.739	135.023	61.315	79.221
251.254	134.434	60.575	80.542
251.381	135.830	60.361	78.394
251.386	135.387	60.713	78.673
251.779	135.156	60.470	79.224
251.740	135.532	60.312	78.228
251.489	135.334	60.706	78.998
251.270	134.940	61.110	78.821
251.518	136.103	60.602	79.301
251.093	135.514	60.961	78.576
250.871	135.639	61.574	77.853
251.309	136.066	60.972	77.479
251.371	135.973	60.726	77.664
251.489	135.920	60.837	77.986
251.053	136.393	61.142	77.590
251.037	136.026	61.361	78.422
250.976	135.798	61.979	78.232
251.130	135.943	62.268	78.095
251.090	136.725	62.308	77.119
251.506	135.798	61.736	78.699
252.441	135.996	61.178	77.233
253.109	136.135	60.217	78.489
251.852	135.960	61.605	78.086
252.623	136.272	60.888	77.104
251.996	135.823	61.242	78.998
251.739	135.891	61.813	78.276
251.380	135.188	62.507	78.788
251.440	135.944	62.636	78.447
251.240	135.663	62.702	77.932
251.770	136.153	62.026	76.580
251.973	135.763	60.961	78.385
251.800	135.425	61.365	78.777
251.976	135.368	61.477	78.847
251.858	136.258	61.661	76.703
251.116	135.296	61.851	77.056
250.973	136.131	62.681	77.831
250.240	137.287	62.889	75.030
250.744	137.703	62.096	74.649
250.452	137.509	62.252	74.375
251.045	138.060	60.910	74.270
250.338	138.068	60.502	75.134
251.567	138.226	59.880	75.465
250.700	138.226	60.779	75.502
252.318	138.710	59.584	75.069
251.074	137.787	61.182	75.850
251.357	138.920	61.489	75.988
251.709	138.358	60.464	75.646
251.768	138.175	60.291	76.267
252.464	138.509	58.912	76.180
252.287	139.219	59.645	75.245
252.329	138.735	59.284	75.308
252.821	139.795	58.792	74.367
252.546	139.529	59.174	72.863
252.343	139.142	59.127	73.961
252.682	140.163	58.898	72.063
252.610	140.562	59.173	71.093
252.910	140.630	58.860	71.639
252.985	140.678	58.975	71.880
253.747	140.659	58.636	71.959
254.466	141.412	57.393	71.631
254.481	141.325	57.059	71.950
253.830	140.458	57.957	72.672
250.571	141.126	60.427	71.482
246.519	140.792	63.865	73.417
247.618	140.071	63.257	77.041
248.641	139.529	61.724	78.025
248.016	141.372	60.863	72.867
249.651	142.104	58.735	71.306
250.521	142.119	58.540	71.579
250.744	140.711	59.015	70.980
250.370	140.400	58.694	71.304
250.105	140.656	58.144	72.883
249.957	140.875	58.264	72.952
249.650	140.378	58.744	71.679
249.607	140.554	57.850	72.829
248.880	141.090	58.310	71.953
248.759	140.911	59.042	72.327
248.763	140.816	58.191	71.728
248.707	140.441	57.449	72.551
248.744	140.656	57.013	71.701
248.830	140.753	56.436	71.910
248.721	140.711	56.576	71.674
248.830	140.247	56.406	71.944
248.830	140.107	56.681	72.210
248.854	140.824	56.505	71.596
249.075	140.569	56.128	71.430
249.048	140.456	56.577	71.096
248.976	140.137	56.711	71.753
248.947	140.249	56.774	71.148
249.222	139.711	56.593	71.966
249.305	140.462	56.938	70.415
249.344	139.600	57.525	70.980
249.795	139.885	57.112	71.042
250.039	139.640	57.144	71.407
249.841	139.674	57.805	70.867
249.872	139.674	58.260	70.344
250.336	139.533	58.216	70.579
250.694	139.982	57.787	69.124
251.169	140.762	57.162	68.549
251.549	140.889	57.203	68.239
251.122	140.185	57.855	72.013
251.668	141.012	57.614	70.628
251.547	141.029	57.341	71.942
252.081	141.400	57.619	71.513
252.257	141.140	58.303	69.877
252.367	141.025	57.808	71.047
252.556	141.495	58.122	69.503
252.409	141.227	58.064	69.943
253.002	140.713	57.174	69.865
252.669	140.932	57.375	70.903
252.965	140.852	57.180	70.063
252.966	140.667	57.477	71.613
252.854	141.214	57.731	69.784
252.677	140.983	57.948	71.693
253.020	140.795	57.867	70.127
252.743	140.451	57.803	71.868
252.642	141.472	58.431	69.746
252.868	141.346	57.920	70.224
253.294	140.809	57.314	69.528
253.020	141.070	57.534	70.035
252.639	141.366	58.078	69.804
252.443	141.145	58.041	69.261
252.556	140.592	57.518	69.835
252.168	140.654	57.981	71.132
251.601	141.355	58.644	68.957
251.715	140.640	57.910	69.511
251.524	140.897	57.765	70.160
250.793	140.735	58.629	68.868
250.058	141.090	59.402	68.797
250.405	140.939	58.733	69.679
250.294	140.507	58.401	68.983
250.063	140.781	58.381	68.272
249.792	140.498	58.099	69.397
249.905	140.504	57.782	69.952
249.754	140.205	57.811	71.325
249.406	140.108	58.179	70.310
249.329	140.025	57.908	70.853
249.102	139.931	58.296	71.248
249.391	139.893	57.837	69.926
249.101	140.087	57.983	69.612
248.905	140.053	58.028	69.834
249.018	139.878	57.945	69.915
249.131	139.773	57.372	70.161
249.056	139.738	57.386	69.776
249.187	139.445	56.827	70.756
248.981	139.667	57.278	69.523
248.966	139.515	57.078	71.075
248.705	139.603	57.440	71.033
248.866	139.815	57.324	70.345
249.038	139.702	57.199	70.232
248.943	139.597	57.591	69.456
249.077	139.585	57.182	70.956
249.038	139.885	57.632	70.656
249.018	139.885	57.677	70.227
249.002	140.087	57.949	69.612
248.943	140.192	58.238	69.601
249.093	139.878	58.149	68.857
249.254	139.654	57.974	69.690
249.206	139.661	57.758	69.348
249.443	139.235	57.540	69.969
249.465	139.504	57.684	71.023
249.721	139.815	57.625	71.015
249.668	140.095	57.855	70.207
250.403	140.029	56.773	71.258
250.038	140.241	57.570	71.436
249.508	140.157	59.846	70.665
248.881	139.980	61.086	70.549
248.090	140.211	62.002	70.184
247.570	139.484	62.623	72.337
247.280	139.307	62.382	73.559
246.547	139.280	63.264	73.740
245.904	138.617	64.425	72.537
245.664	138.310	64.253	74.258
245.221	138.416	64.539	74.611
245.119	138.238	64.757	75.349
244.818	138.620	65.163	75.548
243.991	138.449	66.009	76.607
244.261	138.286	65.328	78.384
243.433	138.538	65.876	78.415
242.388	138.533	66.534	79.373
241.459	139.421	66.870	79.077
241.757	139.377	65.052	80.175
240.727	140.896	65.022	76.493
241.344	142.247	63.141	74.784
240.010	142.605	62.818	72.451
241.719	145.109	60.573	69.209
239.776	144.787	61.578	67.623
237.593	143.535	62.228	65.664
239.174	142.950	58.801	70.415
238.949	143.837	59.515	69.121
232.976	142.860	63.745	70.464
230.166	145.423	65.243	68.783
230.749	145.741	62.563	66.058
230.817	146.321	61.190	63.093
227.948	147.107	61.487	63.182
221.794	146.284	62.522	60.048
222.592	145.471	61.792	57.714
225.468	147.077	59.801	58.676
225.711	147.523	57.866	58.729
231.514	147.269	52.335	61.151
225.906	146.028	56.939	61.185
230.500	146.048	53.373	60.778
225.698	144.957	57.299	59.368
225.833	143.902	56.521	58.155
229.072	143.957	55.034	58.749
229.891	143.925	53.809	57.326
232.954	143.788	51.929	59.266
236.281	142.074	51.531	60.930
239.164	142.906	50.048	61.181
239.097	142.573	50.463	63.547
234.243	139.621	55.919	60.376
233.037	137.459	57.197	63.039
231.710	135.932	59.387	64.131
230.788	135.100	60.732	62.574
233.771	134.126	58.129	63.405
235.949	132.724	56.815	66.438
237.672	131.737	57.319	68.890
238.227	131.303	57.020	69.815
240.766	131.095	57.245	73.902
241.934	131.345	57.640	71.165
244.362	131.071	56.676	74.878
245.539	131.401	56.918	75.553
246.885	131.478	55.665	74.915
247.637	131.011	54.138	72.514
248.443	130.243	53.179	73.794
249.968	130.922	54.356	72.815
250.739	131.030	55.766	73.704
251.697	130.264	54.939	71.906
252.063	130.135	55.804	72.058
252.554	130.702	57.154	72.123
253.064	130.432	54.878	70.939
253.080	130.488	57.918	68.586
254.172	131.218	55.526	68.771
254.420	131.406	58.537	66.994
253.753	130.975	59.605	67.635
255.442	130.296	61.887	73.377
256.100	130.275	63.415	74.910
254.562	128.814	64.384	76.048
254.271	129.084	64.202	76.183
254.314	130.171	65.493	74.796
252.868	130.391	60.298	69.380
251.988	130.693	59.365	70.443
253.121	130.995	57.965	72.008
251.661	131.965	57.748	73.887
254.197	132.563	57.015	72.706
252.020	133.329	58.059	75.218
254.250	135.032	54.556	76.787
253.546	134.464	55.212	75.857
253.395	135.107	55.671	77.341
250.903	133.446	55.491	79.146
250.429	133.351	55.313	79.940
250.150	134.168	56.835	78.581
250.489	132.252	56.720	77.728
250.335	134.105	55.675	78.414
250.484	133.001	55.621	76.204
250.366	134.996	56.663	76.600
250.193	132.694	55.616	75.570
249.972	134.489	57.416	76.453
250.053	133.990	56.265	75.666
250.884	136.326	55.963	77.081
250.902	132.621	55.790	76.221
251.103	133.816	56.741	78.650
250.823	133.984	54.699	78.250
250.991	134.431	55.864	78.589
250.808	131.184	54.133	77.438
250.488	134.711	58.068	77.469
250.509	134.137	53.654	79.675
250.487	131.414	57.253	77.943
250.446	133.836	54.980	77.215
250.643	136.252	56.588	76.556
250.727	131.459	56.742	77.559
250.491	134.362	54.531	78.044
250.506	133.519	56.857	77.797
250.460	134.214	54.626	77.805
250.004	134.167	55.342	78.045
250.143	133.299	56.100	77.888
250.251	134.179	54.924	77.122
250.306	134.749	56.503	76.815
250.676	134.179	54.601	76.597
250.519	135.291	55.082	76.031
251.147	134.389	53.696	76.944
251.124	132.241	54.814	76.312
251.025	134.883	53.494	76.059
250.887	132.772	54.387	74.115
250.309	135.859	55.114	74.803
250.610	132.785	55.508	74.870
250.304	133.566	53.982	76.733
250.593	134.455	56.240	75.593
251.226	133.346	53.413	79.529
251.114	133.442	53.625	78.135
251.032	133.548	53.956	78.768
250.280	134.657	53.870	77.501
250.177	134.578	55.391	74.570
251.390	133.767	56.210	77.351
250.750	134.345	53.920	76.155
251.094	134.210	56.220	75.329
250.880	134.539	54.365	76.804
251.350	134.366	55.072	75.558
251.336	135.767	55.300	71.130
251.412	134.512	54.759	71.475
251.757	136.750	56.922	69.557
251.750	135.547	54.671	70.767
252.654	134.651	56.404	71.686
252.039	135.477	54.891	72.910
252.835	135.710	55.773	72.768
253.224	134.430	54.869	72.509
251.895	135.514	56.484	72.871
252.989	134.751	56.083	72.530
253.437	134.781	55.224	73.592
253.820	134.645	54.780	73.210
252.701	135.225	55.229	71.816
253.152	136.200	56.600	71.586
253.294	135.964	55.372	71.817
253.790	134.967	54.448	72.824
253.893	134.967	54.196	72.681
253.479	135.263	54.812	71.572
252.415	136.058	55.411	70.772
253.071	135.401	56.315	71.331
252.619	135.352	54.510	74.424
252.647	135.545	55.864	71.159
253.047	135.312	54.821	70.411
252.953	135.263	54.312	71.559
252.626	135.383	55.132	72.479
251.497	135.174	55.713	72.546
251.465	135.567	55.739	71.793
253.358	134.274	55.447	74.686
251.750	136.647	55.601	69.851
252.512	135.638	54.994	71.234
251.568	136.601	55.396	69.368
251.255	136.046	57.684	71.381
250.820	137.053	56.792	69.364
250.292	137.031	58.606	68.304
250.216	135.030	59.265	69.317
249.993	134.285	60.822	68.248
251.556	132.628	62.087	69.491
250.668	133.084	62.875	68.675
250.642	132.065	61.676	70.622
251.358	132.006	62.383	69.312
251.221	132.727	64.341	67.726
251.292	132.692	64.791	68.963
251.347	133.054	60.348	71.620
251.421	133.905	59.647	73.320
251.931	134.212	58.164	77.948
252.679	134.282	57.921	74.835
251.701	133.891	59.020	72.602
251.574	133.682	59.295	71.501
251.569	134.132	58.073	74.883
251.645	134.967	58.360	71.403
251.258	134.977	58.289	70.288
251.056	135.305	58.321	70.866
251.217	135.108	57.997	70.831
251.102	135.037	57.896	71.141
251.064	135.390	57.965	70.075
250.947	135.381	57.861	69.167
251.333	134.932	57.327	71.250
251.056	135.427	58.041	69.390
251.206	135.157	58.255	69.824
251.216	135.311	58.579	69.651
251.143	134.990	58.756	68.332
251.341	134.375	58.597	68.281
251.526	134.174	58.721	70.028
252.151	134.859	58.439	70.507
252.706	135.460	59.173	70.622
252.991	135.329	58.819	71.247
252.875	135.331	58.809	71.220
253.143	135.436	58.729	71.506
253.558	135.731	58.629	71.752
253.531	135.763	58.734	71.546
253.645	135.870	58.808	71.827
253.910	135.516	58.765	71.576
254.059	135.254	59.028	72.413
253.995	135.776	59.103	72.396
254.035	135.852	59.264	72.270
254.306	135.418	59.246	72.998
254.312	135.651	59.495	72.258
254.725	135.436	59.335	71.393
254.995	135.447	59.197	72.835
254.962	135.324	59.648	72.978
255.003	135.059	59.677	72.318
254.886	134.995	60.208	72.249
255.042	134.848	60.149	72.211
254.925	135.157	59.946	72.834
255.158	135.233	59.522	73.147
255.312	135.360	59.336	73.184
255.351	135.724	59.075	72.771
255.344	135.527	59.112	73.635
254.937	134.609	59.598	72.479
254.582	133.698	60.036	72.546
254.583	133.456	59.762	72.784
254.320	134.013	60.188	72.928
253.903	133.520	60.280	72.526
253.615	133.505	60.616	72.735
253.419	133.924	60.530	72.945
253.321	133.779	60.358	73.895
252.968	133.494	60.477	72.999
252.614	133.674	60.297	72.547
252.613	133.258	60.193	73.345
252.614	133.330	59.649	73.329
252.356	133.407	60.020	73.270
252.292	133.280	59.969	73.269
252.227	133.429	59.918	72.829
252.161	133.407	60.149	72.580
252.225	133.357	60.007	72.235
252.326	133.387	59.636	72.725
252.384	133.308	59.808	72.105
252.261	133.677	59.435	72.325
252.226	133.780	59.468	71.901
252.290	133.633	59.481	72.191
252.163	133.287	59.763	72.680
251.969	133.159	60.028	72.936
252.097	133.212	59.706	74.549
251.582	133.243	60.319	73.504
251.582	133.280	60.451	73.196
251.711	133.280	60.046	72.760
251.740	133.358	60.184	72.083
252.001	133.338	59.572	72.374
251.805	133.289	59.813	72.206
251.741	133.435	59.798	71.701
251.908	133.360	59.481	71.679
251.966	132.976	59.580	71.892
251.683	133.504	59.516	71.248
251.553	133.247	59.452	71.376
251.426	133.054	59.351	71.215
251.104	133.102	59.480	70.498
250.654	133.265	59.741	70.722
250.686	133.199	59.477	70.296
250.591	133.075	59.495	71.162
250.262	133.054	59.983	71.003
250.105	133.138	59.634	70.623
249.849	133.123	59.889	69.464
249.952	133.462	59.829	67.404
249.862	133.803	60.355	65.692
249.449	133.692	59.797	66.461
249.133	133.574	59.688	66.868
248.321	133.349	60.464	68.742
248.820	132.582	59.346	72.325
248.326	131.907	60.292	74.155
248.195	126.621	59.942	80.128
247.581	123.691	60.446	84.006
246.331	120.145	61.009	87.234
245.854	116.938	61.855	91.860
246.972	124.187	61.228	85.533
248.023	129.493	59.777	77.519
247.500	130.469	60.520	77.482
247.576	131.117	60.286	76.645
247.078	131.846	60.642	75.896
246.916	131.349	60.943	75.541
246.591	131.070	61.348	76.709
246.360	131.648	61.502	75.907
246.566	131.696	61.158	75.943
246.519	131.507	61.085	76.390
246.599	131.297	61.046	76.113
246.966	130.861	60.565	76.419
246.768	130.805	60.504	76.608
246.787	130.516	60.419	76.612
246.538	130.507	60.223	76.183
246.538	130.558	59.136	76.112
245.799	130.558	59.078	73.766
245.585	130.219	58.478	72.151
245.683	130.295	57.498	71.079
245.721	129.830	57.252	70.415
246.012	130.160	56.675	68.853
246.953	131.180	56.753	68.723
248.041	131.576	55.899	70.079
249.911	132.511	54.878	71.031
253.521	134.315	52.733	72.067
256.573	137.016	53.248	71.247
261.114	140.449	53.494	73.576
261.361	143.483	56.837	72.883
265.020	146.216	56.239	73.820
267.939	148.962	56.571	74.563
270.801	153.153	56.179	74.262
274.983	161.393	55.563	74.374
277.452	164.517	56.304	75.061
277.150	168.251	58.514	70.710
279.716	169.846	58.295	67.556
281.093	169.885	61.518	65.263
282.716	162.901	60.477	63.785
284.953	157.605	59.648	66.444
286.089	150.105	59.851	71.401
285.876	140.701	59.136	72.300
286.186	131.106	57.483	71.661
284.984	112.616	55.044	72.195
283.669	101.848	55.463	67.242
282.376	89.350	53.833	69.961
280.141	75.921	53.626	72.719
277.893	62.238	53.557	75.563
276.399	46.502	53.405	70.515
275.464	35.087	53.865	70.928
274.733	25.512	52.658	72.207
274.284	17.533	52.819	72.413
273.677	13.102	52.766	70.433
273.354	12.889	52.345	65.175
273.386	12.759	52.609	62.018
273.363	14.645	52.743	66.786
273.564	19.692	52.473	69.475
274.024	28.356	52.055	71.118
276.304	40.558	50.604	69.794
276.840	46.623	52.072	67.392
278.535	49.701	51.884	64.599
280.590	51.223	52.408	62.031
282.422	51.687	52.195	61.156
284.584	51.673	51.607	60.796
286.377	50.442	50.891	60.523
287.932	48.683	49.460	62.087
288.880	46.985	49.348	61.995
289.174	45.153	50.752	60.742
291.089	42.572	48.911	61.565
291.548	40.523	49.733	60.567
292.157	38.244	49.525	61.647
293.219	36.821	48.461	61.858
293.262	35.582	49.585	60.143
294.336	33.379	49.227	60.739
295.516	32.136	48.782	59.740
296.470	31.069	48.804	59.279
297.637	30.799	47.622	58.783
297.937	29.777	48.056	58.765
298.781	29.688	46.888	58.332
299.133	29.590	46.886	58.098
299.433	28.843	47.110	58.313
299.396	28.597	47.573	57.863
299.924	28.261	46.891	58.237
299.653	29.446	47.184	57.453
299.568	31.002	47.021	56.532
299.667	32.235	46.250	55.700
299.430	33.732	46.128	55.854
299.380	34.735	46.058	56.668
298.678	36.174	46.746	59.900
299.082	37.794	46.135	57.407
299.138	38.467	45.631	57.898
299.261	39.524	45.247	57.943
299.310	40.371	45.577	56.319
299.554	40.370	45.631	55.883
299.674	40.017	45.481	56.055
299.866	39.900	45.592	55.817
300.238	39.902	45.354	55.692
300.451	39.898	45.241	56.435
300.818	40.480	45.579	55.978
301.165	40.632	46.050	55.358
301.770	40.632	45.566	55.632
302.140	41.342	44.987	54.922
301.745	42.006	46.207	53.393
302.121	42.445	45.773	53.060
302.232	42.673	45.675	53.550
303.017	43.180	44.951	53.028
302.847	43.145	45.348	53.852
302.557	43.022	45.290	56.497
303.057	43.166	45.158	54.386
303.032	43.460	45.572	54.221
302.942	44.422	46.467	57.132
304.133	43.950	44.490	54.991
303.994	44.720	44.560	57.398
303.885	45.111	43.122	61.608
303.172	45.905	42.790	60.827
302.920	44.993	41.218	61.428
304.389	44.484	40.126	59.916
304.567	44.823	40.445	62.418
304.824	45.254	41.432	61.956
305.501	45.251	40.961	60.763
305.126	46.004	41.441	61.118
305.315	46.235	41.523	59.470
304.197	46.173	43.648	57.617
303.173	47.776	46.006	55.799
302.542	48.293	46.910	55.567
303.722	47.366	45.751	56.146
303.158	48.734	46.793	54.858
303.561	49.556	46.731	54.565
304.674	50.300	46.374	55.275
305.818	51.208	45.397	53.953
306.721	51.305	44.602	53.655
307.307	52.041	44.108	53.428
307.457	52.111	44.052	53.525
308.103	52.037	43.441	53.917
307.706	51.957	44.141	54.004
307.917	52.711	44.266	53.455
308.411	53.218	44.216	52.267
308.780	52.609	43.884	54.269
309.103	52.786	45.145	53.279
309.884	52.468	45.549	53.876
310.444	51.946	45.554	54.424
311.169	51.739	45.205	55.079
311.869	51.196	44.559	54.997
311.780	51.286	45.429	55.012
311.807	50.818	45.927	55.126
312.043	50.562	46.014	55.892
312.140	50.135	46.166	55.664
312.232	49.908	46.059	55.397
312.554	49.457	46.213	55.595
312.651	49.570	45.818	55.699
312.623	48.984	45.853	55.736
312.992	48.495	45.417	56.551
312.292	48.324	45.935	56.909
312.005	48.096	46.174	55.938
312.049	47.999	46.007	55.708
312.067	47.675	46.239	55.562
312.165	47.533	45.840	55.849
312.116	47.731	45.800	55.218
311.765	47.153	45.843	56.197
311.405	46.864	46.303	56.355
311.304	46.559	46.061	56.952
311.180	46.649	46.274	56.393
311.285	46.388	46.036	56.557
310.990	46.502	46.301	56.221
310.817	46.360	46.625	55.387
310.531	45.872	47.298	55.694
311.005	45.328	46.184	56.168
310.768	45.476	46.463	56.491
310.792	45.478	46.199	55.914
310.602	45.193	46.410	56.435
310.304	45.249	46.061	55.495
309.870	44.908	46.466	56.254
309.743	43.967	46.548	56.607
309.692	44.279	46.403	56.269
309.496	44.430	46.588	56.185
309.268	44.312	46.428	56.335
309.477	44.512	46.185	56.879
309.279	44.512	46.564	56.879
309.378	45.022	46.495	55.506
309.380	44.344	46.148	57.042
309.403	44.936	45.845	56.208
309.306	45.108	45.926	56.859
309.080	45.335	46.226	56.275
309.089	44.851	46.263	57.652
309.055	44.989	46.265	56.654
309.329	44.678	45.860	56.986
309.254	44.483	45.645	58.468
309.528	45.288	44.906	56.805
309.189	44.984	45.966	57.064
308.980	45.136	46.238	56.642
309.162	44.650	45.593	57.895
308.941	45.391	45.947	57.038
308.821	45.706	45.992	56.840
308.743	45.988	45.895	57.529
308.417	46.877	46.034	56.905
308.205	47.866	45.926	56.265
308.282	48.620	45.631	56.161
308.481	49.973	45.614	54.701
308.702	51.279	45.048	53.336
309.049	52.507	44.749	52.281
309.555	52.728	44.544	53.470
309.519	53.749	44.753	53.321
309.330	53.867	45.302	54.638
307.245	54.166	47.431	56.120
308.261	53.416	46.657	56.014
308.748	52.933	45.945	56.237
309.426	52.860	45.926	56.332
311.137	51.653	44.361	57.201
310.234	52.621	45.197	58.753
312.389	53.578	43.125	55.660
312.269	54.543	43.167	53.701
312.631	54.745	42.826	54.016
312.432	55.309	42.617	53.850
312.066	56.221	42.756	53.862
311.135	56.967	43.453	54.552
310.198	57.728	43.584	54.187
309.724	58.136	43.518	54.226
308.758	58.405	43.863	54.922
307.407	59.341	44.082	53.525
305.753	60.326	44.367	53.096
305.919	61.437	42.212	53.729
305.254	62.214	41.870	53.392
302.855	63.654	43.886	52.275
301.173	64.128	44.312	53.379
299.404	64.765	44.178	53.490
299.519	65.877	42.113	53.149
298.161	67.737	42.906	51.956
298.166	68.340	42.514	52.030
296.836	69.591	42.734	52.097
296.335	70.020	42.642	51.684
296.502	69.855	41.714	53.292
296.439	69.717	41.624	52.882
296.229	69.462	41.786	52.853
295.981	69.672	42.390	52.082
296.229	69.488	42.225	52.404
296.982	69.515	42.124	52.343
297.984	69.515	41.720	52.101
298.525	69.699	41.429	51.247
299.230	69.072	41.494	52.288
299.099	68.819	42.697	52.219
300.531	68.593	42.089	52.474
301.004	68.225	41.556	52.049
301.552	68.181	41.741	52.140
301.542	68.206	42.114	52.050
301.569	68.828	43.192	51.429
301.740	67.906	42.895	52.537
302.143	67.811	42.395	52.218
301.767	67.655	42.592	52.567
302.063	66.874	42.892	53.814
302.372	66.706	42.354	52.602
302.375	66.606	42.164	52.190
302.677	65.359	42.367	52.351
303.067	65.993	42.822	50.653
302.544	63.610	41.556	51.878
304.131	63.940	42.232	52.627
304.280	63.265	41.757	52.085
304.336	62.824	43.059	52.211
304.416	62.525	43.519	52.325
306.745	61.824	43.006	53.080
300.357	147.075	55.475	37.975
301.536	127.887	45.799	63.167
303.779	128.881	53.321	83.018
