budget_candidate_recalled_frames,c1_same_state_correct_frames,c1_same_state_failed_frames,candidate_evaluations,candidate_quality_squared_error_sum,changed_candidate_indices,correct_query_writes_prevented,extra_visual_forwards,failed_frames,failure_events,frames,known_active_template_frames,known_candidate_evaluations,known_paused_query_writes,known_template_updates,local_candidate_recalled_frames,local_missing_frames,mean_valid_iou,memory_rgb_target_read_known_mass,memory_rgb_target_read_wrong_mass,memory_rgb_target_write_known_mass,memory_rgb_target_write_wrong_mass,memory_tir_target_read_known_mass,memory_tir_target_read_wrong_mass,memory_tir_target_write_known_mass,memory_tir_target_write_wrong_mass,missing_correct_candidates_reintroduced,paused_actions,paused_query_writes,recovered_events,reintroduced_candidates_selected_correctly,requested_extra_area_sum_pixels_squared,requested_extra_searches,same_state_harms,same_state_iou_degradations,same_state_iou_improvements,same_state_rescues,searches_without_new_correct_candidate,selected_failed_frames,sequence,template_updates,tracking_frames,valid_changed_candidate_indices,valid_frames,valid_tracking_frames,variant,wrong_active_template_frames_localization_proxy,wrong_query_writes_prevented_localization_proxy,wrong_template_updates_localization_proxy
,,,,,,,,0,0,304,,,,,,,0.8117753201112833,,,,,,,,,,,,0,,,,,,,,,,10runone,,,,303,,baseline,,,
,,,,,,,,17,1,152,,,,,,,0.753314437729625,,,,,,,,,,,,1,,,,,,,,,,11leftboy,,,,151,,baseline,,,
,,,,,,,,0,0,295,,,,,,,0.7981597591545819,,,,,,,,,,,,0,,,,,,,,,,11runtwo,,,,294,,baseline,,,
,,,,,,,,0,0,851,,,,,,,0.8423212791833219,,,,,,,,,,,,0,,,,,,,,,,1blackteacher,,,,850,,baseline,,,
,,,,,,,,0,0,174,,,,,,,0.7875375112062143,,,,,,,,,,,,0,,,,,,,,,,1boycoming,,,,173,,baseline,,,
,,,,,,,,3073,14,3377,,,,,,,0.05009293005708881,,,,,,,,,,,,13,,,,,,,,,,1stcol4thboy,,,,3376,,baseline,,,
,,,,,,,,699,1,732,,,,,,,0.03593739961449364,,,,,,,,,,,,0,,,,,,,,,,1strowleftboyturning,,,,731,,baseline,,,
,,,,,,,,224,3,3817,,,,,,,0.6314972418395399,,,,,,,,,,,,2,,,,,,,,,,1strowrightdrillmaster,,,,3816,,baseline,,,
,,,,,,,,2053,35,3540,,,,,,,0.29556063830152696,,,,,,,,,,,,34,,,,,,,,,,1strowrightgirl3540,,,,3539,,baseline,,,
,,,,,,,,2,0,222,,,,,,,0.758098524485867,,,,,,,,,,,,0,,,,,,,,,,2girl,,,,221,,baseline,,,
,,,,,,,,216,1,238,,,,,,,0.058152987743722476,,,,,,,,,,,,0,,,,,,,,,,2girlup,,,,236,,baseline,,,
,,,,,,,,0,0,270,,,,,,,0.8197828281715794,,,,,,,,,,,,0,,,,,,,,,,2runseven,,,,269,,baseline,,,
,,,,,,,,0,0,117,,,,,,,0.7192057728125567,,,,,,,,,,,,0,,,,,,,,,,3bike1,,,,116,,baseline,,,
,,,,,,,,0,0,181,,,,,,,0.7701829655591593,,,,,,,,,,,,0,,,,,,,,,,3men,,,,180,,baseline,,,
,,,,,,,,1,0,234,,,,,,,0.7964674018381201,,,,,,,,,,,,0,,,,,,,,,,3pinkleft,,,,227,,baseline,,,
,,,,,,,,9,2,331,,,,,,,0.7933759667386313,,,,,,,,,,,,2,,,,,,,,,,3rdfatboy,,,,330,,baseline,,,
,,,,,,,,224,4,832,,,,,,,0.5192660740336185,,,,,,,,,,,,3,,,,,,,,,,3rdgrouplastboy,,,,831,,baseline,,,
,,,,,,,,0,0,104,,,,,,,0.8299086679761785,,,,,,,,,,,,0,,,,,,,,,,3thmoto,,,,103,,baseline,,,
,,,,,,,,0,0,414,,,,,,,0.7520635423973959,,,,,,,,,,,,0,,,,,,,,,,4men,,,,413,,baseline,,,
,,,,,,,,59,4,315,,,,,,,0.6806676775697929,,,,,,,,,,,,4,,,,,,,,,,4thboywithwhite,,,,314,,baseline,,,
,,,,,,,,269,2,487,,,,,,,0.3569827415883384,,,,,,,,,,,,1,,,,,,,,,,7rightorangegirl,,,,486,,baseline,,,
,,,,,,,,87,1,372,,,,,,,0.518438417351702,,,,,,,,,,,,1,,,,,,,,,,AQgirlwalkinrain,,,,371,,baseline,,,
,,,,,,,,0,0,95,,,,,,,0.8377875832504317,,,,,,,,,,,,0,,,,,,,,,,AQtruck2north,,,,94,,baseline,,,
,,,,,,,,2,0,353,,,,,,,0.8309704612059312,,,,,,,,,,,,0,,,,,,,,,,ab_bikeoccluded,,,,312,,baseline,,,
,,,,,,,,117,1,488,,,,,,,0.6231283793078305,,,,,,,,,,,,1,,,,,,,,,,ab_blkskirtgirl,,,,487,,baseline,,,
,,,,,,,,329,15,3247,,,,,,,0.5930470485397107,,,,,,,,,,,,15,,,,,,,,,,ab_bolstershaking,,,,3246,,baseline,,,
,,,,,,,,0,0,696,,,,,,,0.7827914914527204,,,,,,,,,,,,0,,,,,,,,,,ab_girlchoosesbike,,,,695,,baseline,,,
,,,,,,,,38,2,388,,,,,,,0.698143449486479,,,,,,,,,,,,2,,,,,,,,,,ab_girlcrossroad,,,,355,,baseline,,,
,,,,,,,,182,1,194,,,,,,,0.034215360057388546,,,,,,,,,,,,0,,,,,,,,,,ab_pingpongball2,,,,193,,baseline,,,
,,,,,,,,899,23,1806,,,,,,,0.27536764783061285,,,,,,,,,,,,23,,,,,,,,,,ab_rightlowerredcup_quezhen,,,,1805,,baseline,,,
,,,,,,,,322,2,518,,,,,,,0.28138963783241644,,,,,,,,,,,,1,,,,,,,,,,ab_whiteboywithbluebag,,,,507,,baseline,,,
,,,,,,,,391,12,1411,,,,,,,0.5773952176967405,,,,,,,,,,,,12,,,,,,,,,,advancedredcup,,,,1410,,baseline,,,
,,,,,,,,0,0,111,,,,,,,0.710501273320893,,,,,,,,,,,,0,,,,,,,,,,baggirl,,,,110,,baseline,,,
,,,,,,,,362,11,1505,,,,,,,0.5188236999664537,,,,,,,,,,,,10,,,,,,,,,,ballshootatthebasket3times,,,,1489,,baseline,,,
,,,,,,,,484,11,849,,,,,,,0.2342425434799171,,,,,,,,,,,,11,,,,,,,,,,basketball849,,,,743,,baseline,,,
,,,,,,,,33,2,64,,,,,,,0.2805038261371586,,,,,,,,,,,,1,,,,,,,,,,basketballathand,,,,63,,baseline,,,
,,,,,,,,0,0,85,,,,,,,0.6782983437330263,,,,,,,,,,,,0,,,,,,,,,,basketboy,,,,84,,baseline,,,
,,,,,,,,0,0,280,,,,,,,0.8035534503219441,,,,,,,,,,,,0,,,,,,,,,,bawgirl,,,,279,,baseline,,,
,,,,,,,,1,0,199,,,,,,,0.7402450750783335,,,,,,,,,,,,0,,,,,,,,,,belowdarkgirl,,,,198,,baseline,,,
,,,,,,,,24,1,1223,,,,,,,0.6919400472235188,,,,,,,,,,,,1,,,,,,,,,,besom3,,,,1222,,baseline,,,
,,,,,,,,1,0,651,,,,,,,0.8231917827977496,,,,,,,,,,,,0,,,,,,,,,,bike,,,,650,,baseline,,,
,,,,,,,,5,1,257,,,,,,,0.8202690028790182,,,,,,,,,,,,1,,,,,,,,,,bike2left,,,,256,,baseline,,,
,,,,,,,,3,0,146,,,,,,,0.7236787592296247,,,,,,,,,,,,0,,,,,,,,,,bike2trees,,,,145,,baseline,,,
,,,,,,,,0,0,113,,,,,,,0.8100092467398403,,,,,,,,,,,,0,,,,,,,,,,bikeboy,,,,112,,baseline,,,
,,,,,,,,467,4,826,,,,,,,0.304907289294528,,,,,,,,,,,,3,,,,,,,,,,bikeboyintodark,,,,825,,baseline,,,
,,,,,,,,3,1,467,,,,,,,0.7063628945300872,,,,,,,,,,,,1,,,,,,,,,,bikeboyright,,,,466,,baseline,,,
,,,,,,,,0,0,155,,,,,,,0.6019363649819991,,,,,,,,,,,,0,,,,,,,,,,bikeboyturn,,,,154,,baseline,,,
,,,,,,,,0,0,243,,,,,,,0.9257853859398564,,,,,,,,,,,,0,,,,,,,,,,bikeboyturntimes,,,,242,,baseline,,,
,,,,,,,,0,0,220,,,,,,,0.8550736726369457,,,,,,,,,,,,0,,,,,,,,,,bikeboywithumbrella,,,,219,,baseline,,,
,,,,,,,,0,0,172,,,,,,,0.7449194924735071,,,,,,,,,,,,0,,,,,,,,,,bikefromlight,,,,171,,baseline,,,
,,,,,,,,132,2,284,,,,,,,0.3283838105731115,,,,,,,,,,,,1,,,,,,,,,,bikegoindark,,,,283,,baseline,,,
,,,,,,,,0,0,140,,,,,,,0.7595582855933953,,,,,,,,,,,,0,,,,,,,,,,bikeinrain,,,,139,,baseline,,,
,,,,,,,,118,1,131,,,,,,,0.05224076399922772,,,,,,,,,,,,0,,,,,,,,,,biketurnright,,,,130,,baseline,,,
,,,,,,,,0,0,432,,,,,,,0.8666145152638963,,,,,,,,,,,,0,,,,,,,,,,blackboy,,,,431,,baseline,,,
,,,,,,,,0,0,295,,,,,,,0.8897825978178677,,,,,,,,,,,,0,,,,,,,,,,blackboyoncall,,,,294,,baseline,,,
,,,,,,,,0,0,126,,,,,,,0.7595815518696178,,,,,,,,,,,,0,,,,,,,,,,blackcarturn,,,,125,,baseline,,,
,,,,,,,,1,0,62,,,,,,,0.7510337659407677,,,,,,,,,,,,0,,,,,,,,,,blackdown,,,,61,,baseline,,,
,,,,,,,,1,0,217,,,,,,,0.7567606408419849,,,,,,,,,,,,0,,,,,,,,,,blackgirl,,,,216,,baseline,,,
,,,,,,,,1192,34,12862,,,,,,,0.7054335837938447,,,,,,,,,,,,34,,,,,,,,,,blkboy`shead,,,,12861,,baseline,,,
,,,,,,,,0,0,171,,,,,,,0.7808788505685929,,,,,,,,,,,,0,,,,,,,,,,blkboyback,,,,170,,baseline,,,
,,,,,,,,11,2,302,,,,,,,0.723492665676114,,,,,,,,,,,,2,,,,,,,,,,blkboybetweenredandwhite,,,,301,,baseline,,,
,,,,,,,,17,1,82,,,,,,,0.5998852408980613,,,,,,,,,,,,0,,,,,,,,,,blkboydown,,,,81,,baseline,,,
,,,,,,,,432,1,556,,,,,,,0.1786776720441908,,,,,,,,,,,,0,,,,,,,,,,blkboyhead,,,,555,,baseline,,,
,,,,,,,,2688,36,6983,,,,,,,0.4525055236208617,,,,,,,,,,,,36,,,,,,,,,,blkboylefttheNo_21,,,,6930,,baseline,,,
,,,,,,,,825,3,1436,,,,,,,0.3358797766397115,,,,,,,,,,,,2,,,,,,,,,,blkboystand,,,,1435,,baseline,,,
,,,,,,,,0,0,340,,,,,,,0.8644292288272665,,,,,,,,,,,,0,,,,,,,,,,blkboytakesumbrella,,,,339,,baseline,,,
,,,,,,,,271,3,764,,,,,,,0.3928709161342242,,,,,,,,,,,,2,,,,,,,,,,blkcaratfrontbluebus,,,,763,,baseline,,,
,,,,,,,,0,0,342,,,,,,,0.7470004556913004,,,,,,,,,,,,0,,,,,,,,,,blkgirlumbrella,,,,341,,baseline,,,
,,,,,,,,106,6,564,,,,,,,0.5886333296596019,,,,,,,,,,,,5,,,,,,,,,,blkhairgirltakingblkbag,,,,563,,baseline,,,
,,,,,,,,35,2,187,,,,,,,0.6433300322847293,,,,,,,,,,,,1,,,,,,,,,,blkmoto2north,,,,186,,baseline,,,
,,,,,,,,0,0,190,,,,,,,0.8153190860425681,,,,,,,,,,,,0,,,,,,,,,,blkstandboy,,,,189,,baseline,,,
,,,,,,,,0,0,142,,,,,,,0.8585839382760446,,,,,,,,,,,,0,,,,,,,,,,blktribikecome,,,,141,,baseline,,,
,,,,,,,,0,0,330,,,,,,,0.8404003318828225,,,,,,,,,,,,0,,,,,,,,,,blueboy,,,,329,,baseline,,,
,,,,,,,,1,0,421,,,,,,,0.7799746816254433,,,,,,,,,,,,0,,,,,,,,,,blueboy421,,,,420,,baseline,,,
,,,,,,,,0,0,1437,,,,,,,0.8646917223646983,,,,,,,,,,,,0,,,,,,,,,,bluebuscoming,,,,1436,,baseline,,,
,,,,,,,,1,0,222,,,,,,,0.7890886278162589,,,,,,,,,,,,0,,,,,,,,,,bluegirlbiketurn,,,,221,,baseline,,,
,,,,,,,,366,3,506,,,,,,,0.15932287949682444,,,,,,,,,,,,2,,,,,,,,,,bottlebetweenboy`sfeet,,,,505,,baseline,,,
,,,,,,,,97,3,206,,,,,,,0.3664586640863898,,,,,,,,,,,,2,,,,,,,,,,boy2basketballground,,,,205,,baseline,,,
,,,,,,,,207,3,1788,,,,,,,0.6370504370572942,,,,,,,,,,,,2,,,,,,,,,,boy2buildings,,,,1787,,baseline,,,
,,,,,,,,1,0,203,,,,,,,0.8218828768952201,,,,,,,,,,,,0,,,,,,,,,,boy2trees,,,,202,,baseline,,,
,,,,,,,,148,3,1083,,,,,,,0.5978562004910922,,,,,,,,,,,,3,,,,,,,,,,boy2treesfindbike,,,,1082,,baseline,,,
,,,,,,,,437,5,851,,,,,,,0.3387979485121638,,,,,,,,,,,,4,,,,,,,,,,boy`headwithouthat,,,,850,,baseline,,,
,,,,,,,,159,4,269,,,,,,,0.24971448112026037,,,,,,,,,,,,3,,,,,,,,,,boy`sheadingreycol,,,,268,,baseline,,,
,,,,,,,,6,1,102,,,,,,,0.7617797442203578,,,,,,,,,,,,1,,,,,,,,,,boyaftertree,,,,101,,baseline,,,
,,,,,,,,806,3,2469,,,,,,,0.5221718587389789,,,,,,,,,,,,3,,,,,,,,,,boyaroundtrees,,,,2457,,baseline,,,
,,,,,,,,55,5,494,,,,,,,0.700137159939342,,,,,,,,,,,,5,,,,,,,,,,boyatdoorturnright,,,,493,,baseline,,,
,,,,,,,,19,1,751,,,,,,,0.7565088624514261,,,,,,,,,,,,1,,,,,,,,,,boydownplatform,,,,750,,baseline,,,
,,,,,,,,0,0,285,,,,,,,0.8539434764005912,,,,,,,,,,,,0,,,,,,,,,,boyfromdark,,,,283,,baseline,,,
,,,,,,,,8,1,319,,,,,,,0.7782392873221439,,,,,,,,,,,,1,,,,,,,,,,boyinlight,,,,318,,baseline,,,
,,,,,,,,33,2,975,,,,,,,0.6984816626081121,,,,,,,,,,,,2,,,,,,,,,,boyinplatform,,,,974,,baseline,,,
,,,,,,,,13,1,1418,,,,,,,0.8424816667147866,,,,,,,,,,,,1,,,,,,,,,,boyinsnowfield3,,,,1417,,baseline,,,
,,,,,,,,70,2,426,,,,,,,0.6190976519247172,,,,,,,,,,,,1,,,,,,,,,,boyleftblkrunning2crowd,,,,425,,baseline,,,
,,,,,,,,156,3,4921,,,,,,,0.8229521101798077,,,,,,,,,,,,2,,,,,,,,,,boylefttheNo_9boy,,,,4919,,baseline,,,
,,,,,,,,0,0,310,,,,,,,0.7400018261122031,,,,,,,,,,,,0,,,,,,,,,,boyoncall,,,,308,,baseline,,,
,,,,,,,,5,1,436,,,,,,,0.7836445068616121,,,,,,,,,,,,1,,,,,,,,,,boyplayphone,,,,434,,baseline,,,
,,,,,,,,805,5,1840,,,,,,,0.32444065971900465,,,,,,,,,,,,4,,,,,,,,,,boyride2path,,,,1837,,baseline,,,
,,,,,,,,0,0,182,,,,,,,0.9236340061045796,,,,,,,,,,,,0,,,,,,,,,,boyruninsnow,,,,181,,baseline,,,
,,,,,,,,263,3,464,,,,,,,0.30537117294308447,,,,,,,,,,,,3,,,,,,,,,,boyscomeleft,,,,463,,baseline,,,
,,,,,,,,96,3,9684,,,,,,,0.7376989176254517,,,,,,,,,,,,3,,,,,,,,,,boyshead9684,,,,9683,,baseline,,,
,,,,,,,,60,6,375,,,,,,,0.539634896634034,,,,,,,,,,,,5,,,,,,,,,,boyss,,,,374,,baseline,,,
,,,,,,,,567,5,1432,,,,,,,0.4723349128328805,,,,,,,,,,,,4,,,,,,,,,,boytakingbasketballfollowing,,,,1431,,baseline,,,
,,,,,,,,0,0,262,,,,,,,0.7457774368968318,,,,,,,,,,,,0,,,,,,,,,,boytakingplate2left,,,,259,,baseline,,,
,,,,,,,,478,3,613,,,,,,,0.1653473072134626,,,,,,,,,,,,2,,,,,,,,,,boyunder2baskets,,,,612,,baseline,,,
,,,,,,,,0,0,965,,,,,,,0.7866281328594529,,,,,,,,,,,,0,,,,,,,,,,boywaitgirl,,,,964,,baseline,,,
,,,,,,,,0,0,658,,,,,,,0.8679176411248147,,,,,,,,,,,,0,,,,,,,,,,boywalkinginsnow2,,,,657,,baseline,,,
,,,,,,,,544,34,9538,,,,,,,0.6564881082341705,,,,,,,,,,,,34,,,,,,,,,,broom,,,,9531,,baseline,,,
,,,,,,,,0,0,114,,,,,,,0.705699662394616,,,,,,,,,,,,0,,,,,,,,,,carbehindtrees,,,,113,,baseline,,,
,,,,,,,,0,0,101,,,,,,,0.8631662201358956,,,,,,,,,,,,0,,,,,,,,,,carcomeonlight,,,,100,,baseline,,,
,,,,,,,,212,3,391,,,,,,,0.3243435570403118,,,,,,,,,,,,2,,,,,,,,,,carcomingfromlight,,,,390,,baseline,,,
,,,,,,,,0,0,155,,,,,,,0.7664653574035258,,,,,,,,,,,,0,,,,,,,,,,carcominginlight,,,,154,,baseline,,,
,,,,,,,,0,0,70,,,,,,,0.8146335010032804,,,,,,,,,,,,0,,,,,,,,,,carlight2,,,,69,,baseline,,,
,,,,,,,,0,0,93,,,,,,,0.8532036025867337,,,,,,,,,,,,0,,,,,,,,,,carlightcome2,,,,92,,baseline,,,
,,,,,,,,0,0,86,,,,,,,0.7791630034346094,,,,,,,,,,,,0,,,,,,,,,,caronlight,,,,85,,baseline,,,
,,,,,,,,0,0,117,,,,,,,0.889295126997532,,,,,,,,,,,,0,,,,,,,,,,carturn117,,,,116,,baseline,,,
,,,,,,,,227,2,481,,,,,,,0.3834819595891803,,,,,,,,,,,,1,,,,,,,,,,carwillturn,,,,480,,baseline,,,
,,,,,,,,0,0,91,,,,,,,0.8827460787408563,,,,,,,,,,,,0,,,,,,,,,,catbrown2,,,,90,,baseline,,,
,,,,,,,,297,1,1343,,,,,,,0.6677930114214492,,,,,,,,,,,,1,,,,,,,,,,catbrownback2bush,,,,1342,,baseline,,,
,,,,,,,,38,1,101,,,,,,,0.45165455384998326,,,,,,,,,,,,0,,,,,,,,,,couple,,,,100,,baseline,,,
,,,,,,,,0,0,84,,,,,,,0.9334216573317238,,,,,,,,,,,,0,,,,,,,,,,darkcarturn,,,,83,,baseline,,,
,,,,,,,,0,0,613,,,,,,,0.8173989907965725,,,,,,,,,,,,0,,,,,,,,,,darkgirl,,,,612,,baseline,,,
,,,,,,,,95,9,749,,,,,,,0.5404547414971373,,,,,,,,,,,,9,,,,,,,,,,darkouterwhiteboy,,,,748,,baseline,,,
,,,,,,,,29,1,503,,,,,,,0.7117324507194843,,,,,,,,,,,,1,,,,,,,,,,darktreesboy,,,,502,,baseline,,,
,,,,,,,,576,1,1117,,,,,,,0.395898686431677,,,,,,,,,,,,0,,,,,,,,,,drillmaster1117,,,,1116,,baseline,,,
,,,,,,,,471,1,982,,,,,,,0.400366960375387,,,,,,,,,,,,1,,,,,,,,,,drillmasterfollowingatright,,,,981,,baseline,,,
,,,,,,,,43,1,254,,,,,,,0.5739753032550795,,,,,,,,,,,,1,,,,,,,,,,farfatboy,,,,253,,baseline,,,
,,,,,,,,590,5,1160,,,,,,,0.2991503499847218,,,,,,,,,,,,4,,,,,,,,,,firstexercisebook,,,,1159,,baseline,,,
,,,,,,,,43,3,193,,,,,,,0.4568760786549702,,,,,,,,,,,,2,,,,,,,,,,foamatgirl`srighthand,,,,192,,baseline,,,
,,,,,,,,591,11,1146,,,,,,,0.33678522399170063,,,,,,,,,,,,11,,,,,,,,,,foldedfolderatlefthand,,,,1145,,baseline,,,
,,,,,,,,0,0,151,,,,,,,0.6392091834235849,,,,,,,,,,,,0,,,,,,,,,,girl2left3man1,,,,150,,baseline,,,
,,,,,,,,465,1,571,,,,,,,0.10911848399661785,,,,,,,,,,,,0,,,,,,,,,,girl`sblkbag,,,,570,,baseline,,,
,,,,,,,,0,0,1130,,,,,,,0.8891242378926612,,,,,,,,,,,,0,,,,,,,,,,girlafterglassdoor,,,,1129,,baseline,,,
,,,,,,,,294,4,1217,,,,,,,0.4680501336868876,,,,,,,,,,,,4,,,,,,,,,,girldownstairfromlight,,,,1216,,baseline,,,
,,,,,,,,8,1,1033,,,,,,,0.8353714955991604,,,,,,,,,,,,1,,,,,,,,,,girlfromlight_quezhen,,,,1032,,baseline,,,
,,,,,,,,0,0,312,,,,,,,0.8465109528281854,,,,,,,,,,,,0,,,,,,,,,,girlinrain,,,,311,,baseline,,,
,,,,,,,,40,6,304,,,,,,,0.6405684096088099,,,,,,,,,,,,6,,,,,,,,,,girllongskirt,,,,303,,baseline,,,
,,,,,,,,475,7,986,,,,,,,0.3715017913300957,,,,,,,,,,,,6,,,,,,,,,,girlof2leaders,,,,985,,baseline,,,
,,,,,,,,93,1,308,,,,,,,0.539071020372712,,,,,,,,,,,,1,,,,,,,,,,girlrightthewautress,,,,307,,baseline,,,
,,,,,,,,0,0,2858,,,,,,,0.7304171629268836,,,,,,,,,,,,0,,,,,,,,,,girlunderthestreetlamp,,,,2857,,baseline,,,
,,,,,,,,39,1,282,,,,,,,0.6701741132660607,,,,,,,,,,,,1,,,,,,,,,,guardunderthecolumn,,,,281,,baseline,,,
,,,,,,,,0,0,542,,,,,,,0.8196362042558805,,,,,,,,,,,,0,,,,,,,,,,hugboy,,,,541,,baseline,,,
,,,,,,,,2700,22,4317,,,,,,,0.23463951829704838,,,,,,,,,,,,21,,,,,,,,,,hyalinepaperfrontface,,,,4316,,baseline,,,
,,,,,,,,147,9,1475,,,,,,,0.7263307986167955,,,,,,,,,,,,9,,,,,,,,,,large,,,,1474,,baseline,,,
,,,,,,,,1002,2,1116,,,,,,,0.07514452586890018,,,,,,,,,,,,1,,,,,,,,,,lastleftgirl,,,,1115,,baseline,,,
,,,,,,,,1290,17,3650,,,,,,,0.508334669206233,,,,,,,,,,,,16,,,,,,,,,,leftblkTboy,,,,3439,,baseline,,,
,,,,,,,,1652,35,3991,,,,,,,0.3076320313673347,,,,,,,,,,,,35,,,,,,,,,,leftbottle2hang,,,,3990,,baseline,,,
,,,,,,,,953,3,1244,,,,,,,0.16282276219638508,,,,,,,,,,,,2,,,,,,,,,,leftboy2jointhe4,,,,1243,,baseline,,,
,,,,,,,,199,1,744,,,,,,,0.5673632546827678,,,,,,,,,,,,1,,,,,,,,,,leftboyoutofthetroop,,,,743,,baseline,,,
,,,,,,,,303,4,1400,,,,,,,0.6036600410992634,,,,,,,,,,,,4,,,,,,,,,,leftchair,,,,1399,,baseline,,,
,,,,,,,,49,3,566,,,,,,,0.5813635602016314,,,,,,,,,,,,2,,,,,,,,,,lefterbike,,,,565,,baseline,,,
,,,,,,,,208,6,1102,,,,,,,0.4985615813454106,,,,,,,,,,,,6,,,,,,,,,,leftexcersicebookyellow,,,,1101,,baseline,,,
,,,,,,,,4,1,903,,,,,,,0.707891089001164,,,,,,,,,,,,1,,,,,,,,,,leftfarboycomingpicktheball,,,,902,,baseline,,,
,,,,,,,,56,2,251,,,,,,,0.5889755751235609,,,,,,,,,,,,1,,,,,,,,,,leftgirl'swhitebag,,,,249,,baseline,,,
,,,,,,,,532,19,1905,,,,,,,0.47659142521990316,,,,,,,,,,,,19,,,,,,,,,,lefthyalinepaper2rgb,,,,1904,,baseline,,,
,,,,,,,,318,15,1802,,,,,,,0.619178091757629,,,,,,,,,,,,15,,,,,,,,,,lefthyalinepaperfrontpants,,,,1801,,baseline,,,
,,,,,,,,253,20,1879,,,,,,,0.7153717888889061,,,,,,,,,,,,20,,,,,,,,,,leftmirror,,,,1878,,baseline,,,
,,,,,,,,798,17,2265,,,,,,,0.4416407753415693,,,,,,,,,,,,16,,,,,,,,,,leftmirrorlikesky,,,,2264,,baseline,,,
,,,,,,,,545,10,1732,,,,,,,0.48479644187191134,,,,,,,,,,,,9,,,,,,,,,,leftmirrorside,,,,1731,,baseline,,,
,,,,,,,,14,1,170,,,,,,,0.4856537741326572,,,,,,,,,,,,0,,,,,,,,,,leftopenexersicebook,,,,167,,baseline,,,
,,,,,,,,57,1,66,,,,,,,0.07512883015285438,,,,,,,,,,,,0,,,,,,,,,,leftpingpongball,,,,65,,baseline,,,
,,,,,,,,21,3,148,,,,,,,0.6830214148558579,,,,,,,,,,,,3,,,,,,,,,,leftrushingboy,,,,147,,baseline,,,
,,,,,,,,732,3,986,,,,,,,0.1928817400607492,,,,,,,,,,,,2,,,,,,,,,,leftunderbasket,,,,985,,baseline,,,
,,,,,,,,120,3,1981,,,,,,,0.7379375312749179,,,,,,,,,,,,3,,,,,,,,,,leftuphand,,,,1980,,baseline,,,
,,,,,,,,0,0,1676,,,,,,,0.7739570025639826,,,,,,,,,,,,0,,,,,,,,,,littelbabycryingforahug,,,,1675,,baseline,,,
,,,,,,,,14,1,33,,,,,,,0.4495814431671775,,,,,,,,,,,,0,,,,,,,,,,lowerfoamboard,,,,31,,baseline,,,
,,,,,,,,3,1,1096,,,,,,,0.8238191571819038,,,,,,,,,,,,1,,,,,,,,,,mandownstair,,,,1095,,baseline,,,
,,,,,,,,0,0,408,,,,,,,0.8357644205256448,,,,,,,,,,,,0,,,,,,,,,,manfromtoilet,,,,407,,baseline,,,
,,,,,,,,36,2,254,,,,,,,0.6626841204097699,,,,,,,,,,,,2,,,,,,,,,,mangetsoff,,,,253,,baseline,,,
,,,,,,,,26,4,521,,,,,,,0.7187785914193104,,,,,,,,,,,,4,,,,,,,,,,manoncall,,,,520,,baseline,,,
,,,,,,,,9,1,273,,,,,,,0.8139165235688537,,,,,,,,,,,,1,,,,,,,,,,mansimiliar,,,,272,,baseline,,,
,,,,,,,,0,0,123,,,,,,,0.8203055185411965,,,,,,,,,,,,0,,,,,,,,,,mantostartcar,,,,122,,baseline,,,
,,,,,,,,0,0,353,,,,,,,0.7944867737183369,,,,,,,,,,,,0,,,,,,,,,,midblkgirl,,,,352,,baseline,,,
,,,,,,,,1755,17,7258,,,,,,,0.5983303080316447,,,,,,,,,,,,17,,,,,,,,,,midboyNo_9,,,,7257,,baseline,,,
,,,,,,,,186,2,664,,,,,,,0.5597839642678389,,,,,,,,,,,,1,,,,,,,,,,middrillmaster,,,,663,,baseline,,,
,,,,,,,,439,10,3226,,,,,,,0.6119938571458959,,,,,,,,,,,,9,,,,,,,,,,midgreyboyrunningcoming,,,,3225,,baseline,,,
,,,,,,,,88,1,439,,,,,,,0.6226171314466531,,,,,,,,,,,,0,,,,,,,,,,midof3girls,,,,438,,baseline,,,
,,,,,,,,1939,19,7309,,,,,,,0.5868995882999657,,,,,,,,,,,,19,,,,,,,,,,midredboy,,,,7293,,baseline,,,
,,,,,,,,202,2,442,,,,,,,0.37676635693672544,,,,,,,,,,,,1,,,,,,,,,,midrunboywithwhite,,,,441,,baseline,,,
,,,,,,,,0,0,78,,,,,,,0.8576693878996806,,,,,,,,,,,,0,,,,,,,,,,minibus,,,,77,,baseline,,,
,,,,,,,,37,1,214,,,,,,,0.668696007568529,,,,,,,,,,,,0,,,,,,,,,,minibusgoes2left,,,,213,,baseline,,,
,,,,,,,,0,0,254,,,,,,,0.8696196502099396,,,,,,,,,,,,0,,,,,,,,,,moto,,,,253,,baseline,,,
,,,,,,,,0,0,84,,,,,,,0.7480230496362282,,,,,,,,,,,,0,,,,,,,,,,motocomeonlight,,,,83,,baseline,,,
,,,,,,,,0,0,127,,,,,,,0.8074402079080787,,,,,,,,,,,,0,,,,,,,,,,motogoesaloongS,,,,126,,baseline,,,
,,,,,,,,35,2,306,,,,,,,0.571128960500105,,,,,,,,,,,,2,,,,,,,,,,mototaking2boys306,,,,305,,baseline,,,
,,,,,,,,0,0,122,,,,,,,0.8284147529915059,,,,,,,,,,,,0,,,,,,,,,,mototurneast,,,,121,,baseline,,,
,,,,,,,,0,0,95,,,,,,,0.7768461473348535,,,,,,,,,,,,0,,,,,,,,,,motowithbluetop,,,,94,,baseline,,,
,,,,,,,,11,2,808,,,,,,,0.819216880928691,,,,,,,,,,,,2,,,,,,,,,,pingpingpad3,,,,807,,baseline,,,
,,,,,,,,350,12,1270,,,,,,,0.5524768803038899,,,,,,,,,,,,11,,,,,,,,,,pinkwithblktopcup,,,,1269,,baseline,,,
,,,,,,,,0,0,334,,,,,,,0.835710496603667,,,,,,,,,,,,0,,,,,,,,,,raincarturn,,,,333,,baseline,,,
,,,,,,,,0,0,157,,,,,,,0.8405659303588897,,,,,,,,,,,,0,,,,,,,,,,rainycarcome_ab,,,,156,,baseline,,,
,,,,,,,,5,1,150,,,,,,,0.7348941221583654,,,,,,,,,,,,1,,,,,,,,,,redboygoright,,,,149,,baseline,,,
,,,,,,,,0,0,262,,,,,,,0.8690508531617742,,,,,,,,,,,,0,,,,,,,,,,redcarcominginlight,,,,261,,baseline,,,
,,,,,,,,0,0,104,,,,,,,0.7037199871774822,,,,,,,,,,,,0,,,,,,,,,,redetricycle,,,,103,,baseline,,,
,,,,,,,,11,1,662,,,,,,,0.6937085461584012,,,,,,,,,,,,1,,,,,,,,,,redmidboy,,,,661,,baseline,,,
,,,,,,,,361,2,730,,,,,,,0.4187934297237589,,,,,,,,,,,,1,,,,,,,,,,redroadlatboy,,,,729,,baseline,,,
,,,,,,,,0,0,168,,,,,,,0.6902416920861179,,,,,,,,,,,,0,,,,,,,,,,redtricycle,,,,167,,baseline,,,
,,,,,,,,1117,8,1750,,,,,,,0.2582798009045495,,,,,,,,,,,,7,,,,,,,,,,right2ndflagformath,,,,1749,,baseline,,,
,,,,,,,,829,6,1916,,,,,,,0.4111448826059266,,,,,,,,,,,,6,,,,,,,,,,right5thflag,,,,1898,,baseline,,,
,,,,,,,,105,2,225,,,,,,,0.3808770770571046,,,,,,,,,,,,1,,,,,,,,,,rightbike,,,,224,,baseline,,,
,,,,,,,,0,0,416,,,,,,,0.746579276675696,,,,,,,,,,,,0,,,,,,,,,,rightbike-gai,,,,415,,baseline,,,
,,,,,,,,702,5,4386,,,,,,,0.69094093241334,,,,,,,,,,,,5,,,,,,,,,,rightblkboy4386,,,,4385,,baseline,,,
,,,,,,,,0,0,279,,,,,,,0.7565872673538417,,,,,,,,,,,,0,,,,,,,,,,rightblkboystand,,,,277,,baseline,,,
,,,,,,,,0,0,386,,,,,,,0.79640901458569,,,,,,,,,,,,0,,,,,,,,,,rightblkfatboyleftwhite,,,,385,,baseline,,,
,,,,,,,,0,0,353,,,,,,,0.6927898808460778,,,,,,,,,,,,0,,,,,,,,,,rightbluewhite,,,,352,,baseline,,,
,,,,,,,,645,26,1388,,,,,,,0.30563143548297955,,,,,,,,,,,,25,,,,,,,,,,rightbottlecomes,,,,1387,,baseline,,,
,,,,,,,,5,1,504,,,,,,,0.7561045276983155,,,,,,,,,,,,1,,,,,,,,,,rightboy504,,,,503,,baseline,,,
,,,,,,,,418,1,1050,,,,,,,0.4956030404024394,,,,,,,,,,,,0,,,,,,,,,,rightcameraman,,,,1049,,baseline,,,
,,,,,,,,429,2,561,,,,,,,0.14072311426519168,,,,,,,,,,,,1,,,,,,,,,,rightcar-chongT,,,,560,,baseline,,,
,,,,,,,,315,3,604,,,,,,,0.3662055123365372,,,,,,,,,,,,2,,,,,,,,,,rightcomingstrongboy,,,,603,,baseline,,,
,,,,,,,,279,2,1133,,,,,,,0.5376251245631078,,,,,,,,,,,,2,,,,,,,,,,rightdarksingleman,,,,1132,,baseline,,,
,,,,,,,,609,3,668,,,,,,,0.06132429366869906,,,,,,,,,,,,2,,,,,,,,,,rightgirltakingcup,,,,667,,baseline,,,
,,,,,,,,44,2,308,,,,,,,0.6272043991575559,,,,,,,,,,,,2,,,,,,,,,,rightwaiter1_quezhen,,,,307,,baseline,,,
,,,,,,,,228,3,386,,,,,,,0.312387797801472,,,,,,,,,,,,2,,,,,,,,,,runningcameragirl,,,,385,,baseline,,,
,,,,,,,,348,7,832,,,,,,,0.3154649145033916,,,,,,,,,,,,7,,,,,,,,,,shinybikeboy2left,,,,831,,baseline,,,
,,,,,,,,35,2,359,,,,,,,0.6221145545796419,,,,,,,,,,,,1,,,,,,,,,,shinycarcoming,,,,358,,baseline,,,
,,,,,,,,49,2,602,,,,,,,0.6337542111896161,,,,,,,,,,,,1,,,,,,,,,,shinycarcoming2,,,,601,,baseline,,,
,,,,,,,,0,0,201,,,,,,,0.9320136892184558,,,,,,,,,,,,0,,,,,,,,,,silvercarturn,,,,200,,baseline,,,
,,,,,,,,8,1,662,,,,,,,0.8267744557447286,,,,,,,,,,,,1,,,,,,,,,,small-gai,,,,661,,baseline,,,
,,,,,,,,0,0,683,,,,,,,0.8292439425863936,,,,,,,,,,,,0,,,,,,,,,,standblkboy,,,,682,,baseline,,,
,,,,,,,,0,0,664,,,,,,,0.7523879881364323,,,,,,,,,,,,0,,,,,,,,,,swan_0109,,,,663,,baseline,,,
,,,,,,,,2,0,152,,,,,,,0.5933679078490184,,,,,,,,,,,,0,,,,,,,,,,truckgonorth,,,,151,,baseline,,,
,,,,,,,,281,26,1171,,,,,,,0.5655703410354229,,,,,,,,,,,,25,,,,,,,,,,turning1strowleft2ndboy,,,,1170,,baseline,,,
,,,,,,,,0,0,192,,,,,,,0.8713380098433158,,,,,,,,,,,,0,,,,,,,,,,umbreboyoncall,,,,191,,baseline,,,
,,,,,,,,49,4,319,,,,,,,0.6003899534482156,,,,,,,,,,,,4,,,,,,,,,,umbrella,,,,318,,baseline,,,
,,,,,,,,4,0,475,,,,,,,0.7538129833065392,,,,,,,,,,,,0,,,,,,,,,,umbrellabyboy,,,,474,,baseline,,,
,,,,,,,,32,2,566,,,,,,,0.6891269896264922,,,,,,,,,,,,2,,,,,,,,,,umbrellawillbefold,,,,565,,baseline,,,
,,,,,,,,9,1,490,,,,,,,0.7976843618545287,,,,,,,,,,,,1,,,,,,,,,,umbrellawillopen,,,,489,,baseline,,,
,,,,,,,,0,0,680,,,,,,,0.7778174889466202,,,,,,,,,,,,0,,,,,,,,,,waitresscoming,,,,679,,baseline,,,
,,,,,,,,64,4,566,,,,,,,0.6292196708922818,,,,,,,,,,,,3,,,,,,,,,,whitebikebelow,,,,565,,baseline,,,
,,,,,,,,75,1,691,,,,,,,0.7462031718130017,,,,,,,,,,,,1,,,,,,,,,,whiteboyrightcoccergoal,,,,690,,baseline,,,
,,,,,,,,0,0,84,,,,,,,0.8894820999030274,,,,,,,,,,,,0,,,,,,,,,,whitecarcomeinrain,,,,83,,baseline,,,
,,,,,,,,146,2,683,,,,,,,0.6669357401087718,,,,,,,,,,,,2,,,,,,,,,,whitecarturn683,,,,682,,baseline,,,
,,,,,,,,0,0,57,,,,,,,0.8752487982167694,,,,,,,,,,,,0,,,,,,,,,,whitecarturnleft,,,,56,,baseline,,,
,,,,,,,,0,0,103,,,,,,,0.7806736250034533,,,,,,,,,,,,0,,,,,,,,,,whitecarturnright,,,,102,,baseline,,,
,,,,,,,,4,1,67,,,,,,,0.6730675190979168,,,,,,,,,,,,0,,,,,,,,,,whitefardown,,,,66,,baseline,,,
,,,,,,,,30,2,155,,,,,,,0.5804452646662723,,,,,,,,,,,,1,,,,,,,,,,whitefargirl,,,,154,,baseline,,,
,,,,,,,,11,1,589,,,,,,,0.7692732128613594,,,,,,,,,,,,1,,,,,,,,,,whitegirlinlight,,,,588,,baseline,,,
,,,,,,,,369,1,549,,,,,,,0.23147718103810852,,,,,,,,,,,,0,,,,,,,,,,whitegirltakingchopsticks,,,,548,,baseline,,,
,,,,,,,,51,6,203,,,,,,,0.5992087554411111,,,,,,,,,,,,6,,,,,,,,,,whiteofboys,,,,202,,baseline,,,
,,,,,,,,343,1,425,,,,,,,0.1555260656197015,,,,,,,,,,,,0,,,,,,,,,,whiteridingbike,,,,424,,baseline,,,
,,,,,,,,37,2,346,,,,,,,0.7211751807454345,,,,,,,,,,,,2,,,,,,,,,,whiterunningboy,,,,345,,baseline,,,
,,,,,,,,372,9,818,,,,,,,0.4213845423829336,,,,,,,,,,,,8,,,,,,,,,,whiteskirtgirlcomingfromgoal,,,,817,,baseline,,,
,,,,,,,,0,0,137,,,,,,,0.8759422238857344,,,,,,,,,,,,0,,,,,,,,,,whitesuvturn,,,,136,,baseline,,,
,,,,,,,,0,0,95,,,,,,,0.8207127946848252,,,,,,,,,,,,0,,,,,,,,,,womanback2car,,,,94,,baseline,,,
,,,,,,,,28,1,118,,,,,,,0.4845299321834225,,,,,,,,,,,,0,,,,,,,,,,yellowgirl118,,,,117,,baseline,,,
,,,,,,,,0,0,361,,,,,,,0.8321726337676107,,,,,,,,,,,,0,,,,,,,,,,yellowskirt,,,,360,,baseline,,,
,,,,,,,,0,0,304,,,,,,,0.8117753201112833,,,,,,,,,,,,0,,,,,,,,,,10runone,,,,303,,c1,,,
,,,,,,,,18,1,152,,,,,,,0.7476596712094363,,,,,,,,,,,,1,,,,,,,,,,11leftboy,,,,151,,c1,,,
,,,,,,,,0,0,295,,,,,,,0.7981597591545819,,,,,,,,,,,,0,,,,,,,,,,11runtwo,,,,294,,c1,,,
,,,,,,,,0,0,851,,,,,,,0.8423212791833219,,,,,,,,,,,,0,,,,,,,,,,1blackteacher,,,,850,,c1,,,
,,,,,,,,0,0,174,,,,,,,0.7875375112062143,,,,,,,,,,,,0,,,,,,,,,,1boycoming,,,,173,,c1,,,
,,,,,,,,2995,6,3377,,,,,,,0.06130505925727267,,,,,,,,,,,,5,,,,,,,,,,1stcol4thboy,,,,3376,,c1,,,
,,,,,,,,699,1,732,,,,,,,0.03593739961449364,,,,,,,,,,,,0,,,,,,,,,,1strowleftboyturning,,,,731,,c1,,,
,,,,,,,,224,3,3817,,,,,,,0.6312873401668089,,,,,,,,,,,,2,,,,,,,,,,1strowrightdrillmaster,,,,3816,,c1,,,
,,,,,,,,1583,38,3540,,,,,,,0.3894054353062183,,,,,,,,,,,,37,,,,,,,,,,1strowrightgirl3540,,,,3539,,c1,,,
,,,,,,,,2,0,222,,,,,,,0.758098524485867,,,,,,,,,,,,0,,,,,,,,,,2girl,,,,221,,c1,,,
,,,,,,,,175,2,238,,,,,,,0.16798347180553763,,,,,,,,,,,,1,,,,,,,,,,2girlup,,,,236,,c1,,,
,,,,,,,,0,0,270,,,,,,,0.8197828281715794,,,,,,,,,,,,0,,,,,,,,,,2runseven,,,,269,,c1,,,
,,,,,,,,0,0,117,,,,,,,0.7192057728125567,,,,,,,,,,,,0,,,,,,,,,,3bike1,,,,116,,c1,,,
,,,,,,,,0,0,181,,,,,,,0.7701829655591593,,,,,,,,,,,,0,,,,,,,,,,3men,,,,180,,c1,,,
,,,,,,,,1,0,234,,,,,,,0.7964674018381201,,,,,,,,,,,,0,,,,,,,,,,3pinkleft,,,,227,,c1,,,
,,,,,,,,256,1,331,,,,,,,0.1657201686685167,,,,,,,,,,,,0,,,,,,,,,,3rdfatboy,,,,330,,c1,,,
,,,,,,,,220,3,832,,,,,,,0.5209979294534505,,,,,,,,,,,,2,,,,,,,,,,3rdgrouplastboy,,,,831,,c1,,,
,,,,,,,,0,0,104,,,,,,,0.8299086679761785,,,,,,,,,,,,0,,,,,,,,,,3thmoto,,,,103,,c1,,,
,,,,,,,,0,0,414,,,,,,,0.7520635423973959,,,,,,,,,,,,0,,,,,,,,,,4men,,,,413,,c1,,,
,,,,,,,,57,4,315,,,,,,,0.6854504135923347,,,,,,,,,,,,4,,,,,,,,,,4thboywithwhite,,,,314,,c1,,,
,,,,,,,,269,2,487,,,,,,,0.3569827415883384,,,,,,,,,,,,1,,,,,,,,,,7rightorangegirl,,,,486,,c1,,,
,,,,,,,,128,1,372,,,,,,,0.4330008105919588,,,,,,,,,,,,1,,,,,,,,,,AQgirlwalkinrain,,,,371,,c1,,,
,,,,,,,,0,0,95,,,,,,,0.8377875832504317,,,,,,,,,,,,0,,,,,,,,,,AQtruck2north,,,,94,,c1,,,
,,,,,,,,2,0,353,,,,,,,0.8309704612059312,,,,,,,,,,,,0,,,,,,,,,,ab_bikeoccluded,,,,312,,c1,,,
,,,,,,,,117,1,488,,,,,,,0.6231283793078305,,,,,,,,,,,,1,,,,,,,,,,ab_blkskirtgirl,,,,487,,c1,,,
,,,,,,,,706,13,3247,,,,,,,0.5106421084109416,,,,,,,,,,,,13,,,,,,,,,,ab_bolstershaking,,,,3246,,c1,,,
,,,,,,,,0,0,696,,,,,,,0.7827914914527204,,,,,,,,,,,,0,,,,,,,,,,ab_girlchoosesbike,,,,695,,c1,,,
,,,,,,,,38,2,388,,,,,,,0.698143449486479,,,,,,,,,,,,2,,,,,,,,,,ab_girlcrossroad,,,,355,,c1,,,
,,,,,,,,180,1,194,,,,,,,0.04023632041683667,,,,,,,,,,,,0,,,,,,,,,,ab_pingpongball2,,,,193,,c1,,,
,,,,,,,,824,21,1806,,,,,,,0.2978148295546116,,,,,,,,,,,,21,,,,,,,,,,ab_rightlowerredcup_quezhen,,,,1805,,c1,,,
,,,,,,,,322,2,518,,,,,,,0.28138963783241644,,,,,,,,,,,,1,,,,,,,,,,ab_whiteboywithbluebag,,,,507,,c1,,,
,,,,,,,,153,9,1411,,,,,,,0.7209167589117929,,,,,,,,,,,,9,,,,,,,,,,advancedredcup,,,,1410,,c1,,,
,,,,,,,,0,0,111,,,,,,,0.710501273320893,,,,,,,,,,,,0,,,,,,,,,,baggirl,,,,110,,c1,,,
,,,,,,,,366,11,1505,,,,,,,0.5167693419959453,,,,,,,,,,,,10,,,,,,,,,,ballshootatthebasket3times,,,,1489,,c1,,,
,,,,,,,,698,3,849,,,,,,,0.03824003559549922,,,,,,,,,,,,2,,,,,,,,,,basketball849,,,,743,,c1,,,
,,,,,,,,32,2,64,,,,,,,0.278461409794218,,,,,,,,,,,,1,,,,,,,,,,basketballathand,,,,63,,c1,,,
,,,,,,,,0,0,85,,,,,,,0.6782983437330263,,,,,,,,,,,,0,,,,,,,,,,basketboy,,,,84,,c1,,,
,,,,,,,,0,0,280,,,,,,,0.8035534503219441,,,,,,,,,,,,0,,,,,,,,,,bawgirl,,,,279,,c1,,,
,,,,,,,,1,0,199,,,,,,,0.7402450750783335,,,,,,,,,,,,0,,,,,,,,,,belowdarkgirl,,,,198,,c1,,,
,,,,,,,,22,1,1223,,,,,,,0.6799818342331039,,,,,,,,,,,,1,,,,,,,,,,besom3,,,,1222,,c1,,,
,,,,,,,,1,0,651,,,,,,,0.8231917827977496,,,,,,,,,,,,0,,,,,,,,,,bike,,,,650,,c1,,,
,,,,,,,,6,1,257,,,,,,,0.8174098435068036,,,,,,,,,,,,1,,,,,,,,,,bike2left,,,,256,,c1,,,
,,,,,,,,3,0,146,,,,,,,0.7236787592296247,,,,,,,,,,,,0,,,,,,,,,,bike2trees,,,,145,,c1,,,
,,,,,,,,0,0,113,,,,,,,0.8100092467398403,,,,,,,,,,,,0,,,,,,,,,,bikeboy,,,,112,,c1,,,
,,,,,,,,572,2,826,,,,,,,0.21555588320662417,,,,,,,,,,,,1,,,,,,,,,,bikeboyintodark,,,,825,,c1,,,
,,,,,,,,0,0,467,,,,,,,0.7102572028132751,,,,,,,,,,,,0,,,,,,,,,,bikeboyright,,,,466,,c1,,,
,,,,,,,,0,0,155,,,,,,,0.6019363649819991,,,,,,,,,,,,0,,,,,,,,,,bikeboyturn,,,,154,,c1,,,
,,,,,,,,0,0,243,,,,,,,0.9257853859398564,,,,,,,,,,,,0,,,,,,,,,,bikeboyturntimes,,,,242,,c1,,,
,,,,,,,,0,0,220,,,,,,,0.8550736726369457,,,,,,,,,,,,0,,,,,,,,,,bikeboywithumbrella,,,,219,,c1,,,
,,,,,,,,0,0,172,,,,,,,0.7449194924735071,,,,,,,,,,,,0,,,,,,,,,,bikefromlight,,,,171,,c1,,,
,,,,,,,,132,2,284,,,,,,,0.3283838105731115,,,,,,,,,,,,1,,,,,,,,,,bikegoindark,,,,283,,c1,,,
,,,,,,,,0,0,140,,,,,,,0.7595582855933953,,,,,,,,,,,,0,,,,,,,,,,bikeinrain,,,,139,,c1,,,
,,,,,,,,118,1,131,,,,,,,0.05224076399922772,,,,,,,,,,,,0,,,,,,,,,,biketurnright,,,,130,,c1,,,
,,,,,,,,0,0,432,,,,,,,0.8666145152638963,,,,,,,,,,,,0,,,,,,,,,,blackboy,,,,431,,c1,,,
,,,,,,,,0,0,295,,,,,,,0.8897825978178677,,,,,,,,,,,,0,,,,,,,,,,blackboyoncall,,,,294,,c1,,,
,,,,,,,,0,0,126,,,,,,,0.7595815518696178,,,,,,,,,,,,0,,,,,,,,,,blackcarturn,,,,125,,c1,,,
,,,,,,,,1,0,62,,,,,,,0.7510337659407677,,,,,,,,,,,,0,,,,,,,,,,blackdown,,,,61,,c1,,,
,,,,,,,,1,0,217,,,,,,,0.7567606408419849,,,,,,,,,,,,0,,,,,,,,,,blackgirl,,,,216,,c1,,,
,,,,,,,,1609,25,12862,,,,,,,0.6808648826801909,,,,,,,,,,,,25,,,,,,,,,,blkboy`shead,,,,12861,,c1,,,
,,,,,,,,0,0,171,,,,,,,0.7808788505685929,,,,,,,,,,,,0,,,,,,,,,,blkboyback,,,,170,,c1,,,
,,,,,,,,11,2,302,,,,,,,0.723492665676114,,,,,,,,,,,,2,,,,,,,,,,blkboybetweenredandwhite,,,,301,,c1,,,
,,,,,,,,3,0,82,,,,,,,0.6987629028953828,,,,,,,,,,,,0,,,,,,,,,,blkboydown,,,,81,,c1,,,
,,,,,,,,116,3,556,,,,,,,0.5832123548736562,,,,,,,,,,,,3,,,,,,,,,,blkboyhead,,,,555,,c1,,,
,,,,,,,,3170,30,6983,,,,,,,0.39573251007317606,,,,,,,,,,,,29,,,,,,,,,,blkboylefttheNo_21,,,,6930,,c1,,,
,,,,,,,,810,3,1436,,,,,,,0.3439705332548951,,,,,,,,,,,,2,,,,,,,,,,blkboystand,,,,1435,,c1,,,
,,,,,,,,0,0,340,,,,,,,0.8644292288272665,,,,,,,,,,,,0,,,,,,,,,,blkboytakesumbrella,,,,339,,c1,,,
,,,,,,,,389,2,764,,,,,,,0.30044547287949336,,,,,,,,,,,,1,,,,,,,,,,blkcaratfrontbluebus,,,,763,,c1,,,
,,,,,,,,0,0,342,,,,,,,0.7470004556913004,,,,,,,,,,,,0,,,,,,,,,,blkgirlumbrella,,,,341,,c1,,,
,,,,,,,,254,1,564,,,,,,,0.38699920685377504,,,,,,,,,,,,0,,,,,,,,,,blkhairgirltakingblkbag,,,,563,,c1,,,
,,,,,,,,17,1,187,,,,,,,0.7196088534769104,,,,,,,,,,,,1,,,,,,,,,,blkmoto2north,,,,186,,c1,,,
,,,,,,,,0,0,190,,,,,,,0.8153190860425681,,,,,,,,,,,,0,,,,,,,,,,blkstandboy,,,,189,,c1,,,
,,,,,,,,0,0,142,,,,,,,0.8585839382760446,,,,,,,,,,,,0,,,,,,,,,,blktribikecome,,,,141,,c1,,,
,,,,,,,,0,0,330,,,,,,,0.8404003318828225,,,,,,,,,,,,0,,,,,,,,,,blueboy,,,,329,,c1,,,
,,,,,,,,1,0,421,,,,,,,0.7799746816254433,,,,,,,,,,,,0,,,,,,,,,,blueboy421,,,,420,,c1,,,
,,,,,,,,0,0,1437,,,,,,,0.8646917223646983,,,,,,,,,,,,0,,,,,,,,,,bluebuscoming,,,,1436,,c1,,,
,,,,,,,,1,0,222,,,,,,,0.7890886278162589,,,,,,,,,,,,0,,,,,,,,,,bluegirlbiketurn,,,,221,,c1,,,
,,,,,,,,403,2,506,,,,,,,0.10445964274303993,,,,,,,,,,,,1,,,,,,,,,,bottlebetweenboy`sfeet,,,,505,,c1,,,
,,,,,,,,36,5,206,,,,,,,0.6015745641105145,,,,,,,,,,,,4,,,,,,,,,,boy2basketballground,,,,205,,c1,,,
,,,,,,,,73,4,1788,,,,,,,0.6834333058651697,,,,,,,,,,,,3,,,,,,,,,,boy2buildings,,,,1787,,c1,,,
,,,,,,,,1,0,203,,,,,,,0.8218828768952201,,,,,,,,,,,,0,,,,,,,,,,boy2trees,,,,202,,c1,,,
,,,,,,,,160,3,1083,,,,,,,0.5937684301319431,,,,,,,,,,,,3,,,,,,,,,,boy2treesfindbike,,,,1082,,c1,,,
,,,,,,,,571,1,851,,,,,,,0.23023826658867547,,,,,,,,,,,,0,,,,,,,,,,boy`headwithouthat,,,,850,,c1,,,
,,,,,,,,94,4,269,,,,,,,0.40816386140448946,,,,,,,,,,,,3,,,,,,,,,,boy`sheadingreycol,,,,268,,c1,,,
,,,,,,,,6,1,102,,,,,,,0.7617797442203578,,,,,,,,,,,,1,,,,,,,,,,boyaftertree,,,,101,,c1,,,
,,,,,,,,809,4,2469,,,,,,,0.522059123324148,,,,,,,,,,,,4,,,,,,,,,,boyaroundtrees,,,,2457,,c1,,,
,,,,,,,,52,4,494,,,,,,,0.701293242545966,,,,,,,,,,,,4,,,,,,,,,,boyatdoorturnright,,,,493,,c1,,,
,,,,,,,,21,1,751,,,,,,,0.7560175741481819,,,,,,,,,,,,1,,,,,,,,,,boydownplatform,,,,750,,c1,,,
,,,,,,,,0,0,285,,,,,,,0.8539434764005912,,,,,,,,,,,,0,,,,,,,,,,boyfromdark,,,,283,,c1,,,
,,,,,,,,6,1,319,,,,,,,0.7819544519169708,,,,,,,,,,,,1,,,,,,,,,,boyinlight,,,,318,,c1,,,
,,,,,,,,29,1,975,,,,,,,0.7001741612098685,,,,,,,,,,,,1,,,,,,,,,,boyinplatform,,,,974,,c1,,,
,,,,,,,,13,1,1418,,,,,,,0.8424816667147866,,,,,,,,,,,,1,,,,,,,,,,boyinsnowfield3,,,,1417,,c1,,,
,,,,,,,,134,3,426,,,,,,,0.5097908843267703,,,,,,,,,,,,2,,,,,,,,,,boyleftblkrunning2crowd,,,,425,,c1,,,
,,,,,,,,156,3,4921,,,,,,,0.8227787754366258,,,,,,,,,,,,2,,,,,,,,,,boylefttheNo_9boy,,,,4919,,c1,,,
,,,,,,,,0,0,310,,,,,,,0.7400018261122031,,,,,,,,,,,,0,,,,,,,,,,boyoncall,,,,308,,c1,,,
,,,,,,,,21,2,436,,,,,,,0.7570744774942562,,,,,,,,,,,,2,,,,,,,,,,boyplayphone,,,,434,,c1,,,
,,,,,,,,817,7,1840,,,,,,,0.3211729155040307,,,,,,,,,,,,6,,,,,,,,,,boyride2path,,,,1837,,c1,,,
,,,,,,,,0,0,182,,,,,,,0.9236340061045796,,,,,,,,,,,,0,,,,,,,,,,boyruninsnow,,,,181,,c1,,,
,,,,,,,,30,2,464,,,,,,,0.6922389905525365,,,,,,,,,,,,2,,,,,,,,,,boyscomeleft,,,,463,,c1,,,
,,,,,,,,52,1,9684,,,,,,,0.7412788528756876,,,,,,,,,,,,1,,,,,,,,,,boyshead9684,,,,9683,,c1,,,
,,,,,,,,52,6,375,,,,,,,0.5489279181455416,,,,,,,,,,,,5,,,,,,,,,,boyss,,,,374,,c1,,,
,,,,,,,,533,7,1432,,,,,,,0.4889495102897764,,,,,,,,,,,,6,,,,,,,,,,boytakingbasketballfollowing,,,,1431,,c1,,,
,,,,,,,,0,0,262,,,,,,,0.7457774368968318,,,,,,,,,,,,0,,,,,,,,,,boytakingplate2left,,,,259,,c1,,,
,,,,,,,,499,2,613,,,,,,,0.14544577778767065,,,,,,,,,,,,1,,,,,,,,,,boyunder2baskets,,,,612,,c1,,,
,,,,,,,,0,0,965,,,,,,,0.7866281328594529,,,,,,,,,,,,0,,,,,,,,,,boywaitgirl,,,,964,,c1,,,
,,,,,,,,0,0,658,,,,,,,0.8679176411248147,,,,,,,,,,,,0,,,,,,,,,,boywalkinginsnow2,,,,657,,c1,,,
,,,,,,,,593,38,9538,,,,,,,0.6571897320027222,,,,,,,,,,,,38,,,,,,,,,,broom,,,,9531,,c1,,,
,,,,,,,,0,0,114,,,,,,,0.705699662394616,,,,,,,,,,,,0,,,,,,,,,,carbehindtrees,,,,113,,c1,,,
,,,,,,,,0,0,101,,,,,,,0.8631662201358956,,,,,,,,,,,,0,,,,,,,,,,carcomeonlight,,,,100,,c1,,,
,,,,,,,,216,3,391,,,,,,,0.31705706255921373,,,,,,,,,,,,2,,,,,,,,,,carcomingfromlight,,,,390,,c1,,,
,,,,,,,,0,0,155,,,,,,,0.7672277411695447,,,,,,,,,,,,0,,,,,,,,,,carcominginlight,,,,154,,c1,,,
,,,,,,,,0,0,70,,,,,,,0.8146335010032804,,,,,,,,,,,,0,,,,,,,,,,carlight2,,,,69,,c1,,,
,,,,,,,,0,0,93,,,,,,,0.8532036025867337,,,,,,,,,,,,0,,,,,,,,,,carlightcome2,,,,92,,c1,,,
,,,,,,,,0,0,86,,,,,,,0.7791630034346094,,,,,,,,,,,,0,,,,,,,,,,caronlight,,,,85,,c1,,,
,,,,,,,,0,0,117,,,,,,,0.889295126997532,,,,,,,,,,,,0,,,,,,,,,,carturn117,,,,116,,c1,,,
,,,,,,,,231,2,481,,,,,,,0.36780581173543225,,,,,,,,,,,,1,,,,,,,,,,carwillturn,,,,480,,c1,,,
,,,,,,,,0,0,91,,,,,,,0.8827460787408563,,,,,,,,,,,,0,,,,,,,,,,catbrown2,,,,90,,c1,,,
,,,,,,,,297,1,1343,,,,,,,0.6677930114214492,,,,,,,,,,,,1,,,,,,,,,,catbrownback2bush,,,,1342,,c1,,,
,,,,,,,,3,0,101,,,,,,,0.6586630953116521,,,,,,,,,,,,0,,,,,,,,,,couple,,,,100,,c1,,,
,,,,,,,,0,0,84,,,,,,,0.9334216573317238,,,,,,,,,,,,0,,,,,,,,,,darkcarturn,,,,83,,c1,,,
,,,,,,,,0,0,613,,,,,,,0.8173989907965725,,,,,,,,,,,,0,,,,,,,,,,darkgirl,,,,612,,c1,,,
,,,,,,,,89,8,749,,,,,,,0.5512910727690454,,,,,,,,,,,,8,,,,,,,,,,darkouterwhiteboy,,,,748,,c1,,,
,,,,,,,,30,1,503,,,,,,,0.7093243943312901,,,,,,,,,,,,1,,,,,,,,,,darktreesboy,,,,502,,c1,,,
,,,,,,,,576,1,1117,,,,,,,0.395898686431677,,,,,,,,,,,,0,,,,,,,,,,drillmaster1117,,,,1116,,c1,,,
,,,,,,,,518,1,982,,,,,,,0.3633653315385945,,,,,,,,,,,,1,,,,,,,,,,drillmasterfollowingatright,,,,981,,c1,,,
,,,,,,,,30,1,254,,,,,,,0.5977217871363001,,,,,,,,,,,,1,,,,,,,,,,farfatboy,,,,253,,c1,,,
,,,,,,,,585,5,1160,,,,,,,0.3024720089580614,,,,,,,,,,,,4,,,,,,,,,,firstexercisebook,,,,1159,,c1,,,
,,,,,,,,27,2,193,,,,,,,0.5140896822868417,,,,,,,,,,,,2,,,,,,,,,,foamatgirl`srighthand,,,,192,,c1,,,
,,,,,,,,212,9,1146,,,,,,,0.6049779936261284,,,,,,,,,,,,9,,,,,,,,,,foldedfolderatlefthand,,,,1145,,c1,,,
,,,,,,,,0,0,151,,,,,,,0.6392091834235849,,,,,,,,,,,,0,,,,,,,,,,girl2left3man1,,,,150,,c1,,,
,,,,,,,,465,1,571,,,,,,,0.10911848399661785,,,,,,,,,,,,0,,,,,,,,,,girl`sblkbag,,,,570,,c1,,,
,,,,,,,,0,0,1130,,,,,,,0.8891242378926612,,,,,,,,,,,,0,,,,,,,,,,girlafterglassdoor,,,,1129,,c1,,,
,,,,,,,,279,3,1217,,,,,,,0.4773689584430596,,,,,,,,,,,,3,,,,,,,,,,girldownstairfromlight,,,,1216,,c1,,,
,,,,,,,,8,1,1033,,,,,,,0.8353714955991604,,,,,,,,,,,,1,,,,,,,,,,girlfromlight_quezhen,,,,1032,,c1,,,
,,,,,,,,0,0,312,,,,,,,0.8465109528281854,,,,,,,,,,,,0,,,,,,,,,,girlinrain,,,,311,,c1,,,
,,,,,,,,40,6,304,,,,,,,0.63954269823629,,,,,,,,,,,,6,,,,,,,,,,girllongskirt,,,,303,,c1,,,
,,,,,,,,475,10,986,,,,,,,0.3703368237203789,,,,,,,,,,,,9,,,,,,,,,,girlof2leaders,,,,985,,c1,,,
,,,,,,,,74,2,308,,,,,,,0.5798215520439758,,,,,,,,,,,,2,,,,,,,,,,girlrightthewautress,,,,307,,c1,,,
,,,,,,,,0,0,2858,,,,,,,0.7304171629268836,,,,,,,,,,,,0,,,,,,,,,,girlunderthestreetlamp,,,,2857,,c1,,,
,,,,,,,,39,1,282,,,,,,,0.6701741132660607,,,,,,,,,,,,1,,,,,,,,,,guardunderthecolumn,,,,281,,c1,,,
,,,,,,,,0,0,542,,,,,,,0.8196362042558805,,,,,,,,,,,,0,,,,,,,,,,hugboy,,,,541,,c1,,,
,,,,,,,,2633,29,4317,,,,,,,0.2458731365202225,,,,,,,,,,,,28,,,,,,,,,,hyalinepaperfrontface,,,,4316,,c1,,,
,,,,,,,,177,6,1475,,,,,,,0.7097809473020705,,,,,,,,,,,,6,,,,,,,,,,large,,,,1474,,c1,,,
,,,,,,,,1017,2,1116,,,,,,,0.06490540733618218,,,,,,,,,,,,1,,,,,,,,,,lastleftgirl,,,,1115,,c1,,,
,,,,,,,,581,14,3650,,,,,,,0.6682533519672886,,,,,,,,,,,,13,,,,,,,,,,leftblkTboy,,,,3439,,c1,,,
,,,,,,,,1740,35,3991,,,,,,,0.28659355322601043,,,,,,,,,,,,34,,,,,,,,,,leftbottle2hang,,,,3990,,c1,,,
,,,,,,,,145,7,1244,,,,,,,0.5810733802626471,,,,,,,,,,,,6,,,,,,,,,,leftboy2jointhe4,,,,1243,,c1,,,
,,,,,,,,199,1,744,,,,,,,0.5673632546827678,,,,,,,,,,,,1,,,,,,,,,,leftboyoutofthetroop,,,,743,,c1,,,
,,,,,,,,310,4,1400,,,,,,,0.6012261017690298,,,,,,,,,,,,4,,,,,,,,,,leftchair,,,,1399,,c1,,,
,,,,,,,,44,3,566,,,,,,,0.5831285914470077,,,,,,,,,,,,2,,,,,,,,,,lefterbike,,,,565,,c1,,,
,,,,,,,,184,4,1102,,,,,,,0.5089840299804348,,,,,,,,,,,,4,,,,,,,,,,leftexcersicebookyellow,,,,1101,,c1,,,
,,,,,,,,4,1,903,,,,,,,0.707891089001164,,,,,,,,,,,,1,,,,,,,,,,leftfarboycomingpicktheball,,,,902,,c1,,,
,,,,,,,,56,2,251,,,,,,,0.5889755751235609,,,,,,,,,,,,1,,,,,,,,,,leftgirl'swhitebag,,,,249,,c1,,,
,,,,,,,,495,18,1905,,,,,,,0.4928148476098429,,,,,,,,,,,,18,,,,,,,,,,lefthyalinepaper2rgb,,,,1904,,c1,,,
,,,,,,,,406,12,1802,,,,,,,0.5775132314476924,,,,,,,,,,,,12,,,,,,,,,,lefthyalinepaperfrontpants,,,,1801,,c1,,,
,,,,,,,,313,23,1879,,,,,,,0.6897501782623292,,,,,,,,,,,,23,,,,,,,,,,leftmirror,,,,1878,,c1,,,
,,,,,,,,482,14,2265,,,,,,,0.5400147363179326,,,,,,,,,,,,14,,,,,,,,,,leftmirrorlikesky,,,,2264,,c1,,,
,,,,,,,,627,11,1732,,,,,,,0.4563892527323123,,,,,,,,,,,,10,,,,,,,,,,leftmirrorside,,,,1731,,c1,,,
,,,,,,,,14,1,170,,,,,,,0.4856537741326572,,,,,,,,,,,,0,,,,,,,,,,leftopenexersicebook,,,,167,,c1,,,
,,,,,,,,58,1,66,,,,,,,0.07018994305803021,,,,,,,,,,,,0,,,,,,,,,,leftpingpongball,,,,65,,c1,,,
,,,,,,,,13,1,148,,,,,,,0.7280061958550318,,,,,,,,,,,,1,,,,,,,,,,leftrushingboy,,,,147,,c1,,,
,,,,,,,,732,3,986,,,,,,,0.1928817400607492,,,,,,,,,,,,2,,,,,,,,,,leftunderbasket,,,,985,,c1,,,
,,,,,,,,141,2,1981,,,,,,,0.7322626528017486,,,,,,,,,,,,2,,,,,,,,,,leftuphand,,,,1980,,c1,,,
,,,,,,,,0,0,1676,,,,,,,0.774116463349309,,,,,,,,,,,,0,,,,,,,,,,littelbabycryingforahug,,,,1675,,c1,,,
,,,,,,,,3,1,33,,,,,,,0.722722096444076,,,,,,,,,,,,1,,,,,,,,,,lowerfoamboard,,,,31,,c1,,,
,,,,,,,,16,1,1096,,,,,,,0.8184705567030026,,,,,,,,,,,,0,,,,,,,,,,mandownstair,,,,1095,,c1,,,
,,,,,,,,0,0,408,,,,,,,0.8357644205256448,,,,,,,,,,,,0,,,,,,,,,,manfromtoilet,,,,407,,c1,,,
,,,,,,,,40,1,254,,,,,,,0.6508410123326152,,,,,,,,,,,,1,,,,,,,,,,mangetsoff,,,,253,,c1,,,
,,,,,,,,93,3,521,,,,,,,0.6309487976038368,,,,,,,,,,,,3,,,,,,,,,,manoncall,,,,520,,c1,,,
,,,,,,,,12,1,273,,,,,,,0.8048446681363224,,,,,,,,,,,,1,,,,,,,,,,mansimiliar,,,,272,,c1,,,
,,,,,,,,0,0,123,,,,,,,0.8203055185411965,,,,,,,,,,,,0,,,,,,,,,,mantostartcar,,,,122,,c1,,,
,,,,,,,,0,0,353,,,,,,,0.7944867737183369,,,,,,,,,,,,0,,,,,,,,,,midblkgirl,,,,352,,c1,,,
,,,,,,,,1237,18,7258,,,,,,,0.6576795802962291,,,,,,,,,,,,18,,,,,,,,,,midboyNo_9,,,,7257,,c1,,,
,,,,,,,,182,2,664,,,,,,,0.563797753504457,,,,,,,,,,,,1,,,,,,,,,,middrillmaster,,,,663,,c1,,,
,,,,,,,,737,12,3226,,,,,,,0.540845019501084,,,,,,,,,,,,11,,,,,,,,,,midgreyboyrunningcoming,,,,3225,,c1,,,
,,,,,,,,85,1,439,,,,,,,0.6237758460248989,,,,,,,,,,,,0,,,,,,,,,,midof3girls,,,,438,,c1,,,
,,,,,,,,2180,17,7309,,,,,,,0.5549400473056084,,,,,,,,,,,,17,,,,,,,,,,midredboy,,,,7293,,c1,,,
,,,,,,,,202,2,442,,,,,,,0.3769836283096607,,,,,,,,,,,,1,,,,,,,,,,midrunboywithwhite,,,,441,,c1,,,
,,,,,,,,0,0,78,,,,,,,0.8576693878996806,,,,,,,,,,,,0,,,,,,,,,,minibus,,,,77,,c1,,,
,,,,,,,,37,1,214,,,,,,,0.668696007568529,,,,,,,,,,,,0,,,,,,,,,,minibusgoes2left,,,,213,,c1,,,
,,,,,,,,0,0,254,,,,,,,0.8696196502099396,,,,,,,,,,,,0,,,,,,,,,,moto,,,,253,,c1,,,
,,,,,,,,0,0,84,,,,,,,0.7480230496362282,,,,,,,,,,,,0,,,,,,,,,,motocomeonlight,,,,83,,c1,,,
,,,,,,,,0,0,127,,,,,,,0.8074402079080787,,,,,,,,,,,,0,,,,,,,,,,motogoesaloongS,,,,126,,c1,,,
,,,,,,,,40,2,306,,,,,,,0.5594636621414688,,,,,,,,,,,,1,,,,,,,,,,mototaking2boys306,,,,305,,c1,,,
,,,,,,,,0,0,122,,,,,,,0.8284147529915059,,,,,,,,,,,,0,,,,,,,,,,mototurneast,,,,121,,c1,,,
,,,,,,,,0,0,95,,,,,,,0.7768461473348535,,,,,,,,,,,,0,,,,,,,,,,motowithbluetop,,,,94,,c1,,,
,,,,,,,,12,2,808,,,,,,,0.8182694530290846,,,,,,,,,,,,2,,,,,,,,,,pingpingpad3,,,,807,,c1,,,
,,,,,,,,198,7,1270,,,,,,,0.6615268404317828,,,,,,,,,,,,6,,,,,,,,,,pinkwithblktopcup,,,,1269,,c1,,,
,,,,,,,,0,0,334,,,,,,,0.835710496603667,,,,,,,,,,,,0,,,,,,,,,,raincarturn,,,,333,,c1,,,
,,,,,,,,0,0,157,,,,,,,0.8405659303588897,,,,,,,,,,,,0,,,,,,,,,,rainycarcome_ab,,,,156,,c1,,,
,,,,,,,,5,1,150,,,,,,,0.7348941221583654,,,,,,,,,,,,1,,,,,,,,,,redboygoright,,,,149,,c1,,,
,,,,,,,,0,0,262,,,,,,,0.8690508531617742,,,,,,,,,,,,0,,,,,,,,,,redcarcominginlight,,,,261,,c1,,,
,,,,,,,,0,0,104,,,,,,,0.7037199871774822,,,,,,,,,,,,0,,,,,,,,,,redetricycle,,,,103,,c1,,,
,,,,,,,,11,1,662,,,,,,,0.6937085461584012,,,,,,,,,,,,1,,,,,,,,,,redmidboy,,,,661,,c1,,,
,,,,,,,,267,8,730,,,,,,,0.5223195746500928,,,,,,,,,,,,7,,,,,,,,,,redroadlatboy,,,,729,,c1,,,
,,,,,,,,0,0,168,,,,,,,0.6902416920861179,,,,,,,,,,,,0,,,,,,,,,,redtricycle,,,,167,,c1,,,
,,,,,,,,1045,7,1750,,,,,,,0.28615190243791017,,,,,,,,,,,,6,,,,,,,,,,right2ndflagformath,,,,1749,,c1,,,
,,,,,,,,416,7,1916,,,,,,,0.5517012133075846,,,,,,,,,,,,7,,,,,,,,,,right5thflag,,,,1898,,c1,,,
,,,,,,,,7,1,225,,,,,,,0.7678989470750404,,,,,,,,,,,,1,,,,,,,,,,rightbike,,,,224,,c1,,,
,,,,,,,,0,0,416,,,,,,,0.746579276675696,,,,,,,,,,,,0,,,,,,,,,,rightbike-gai,,,,415,,c1,,,
,,,,,,,,889,7,4386,,,,,,,0.6560817947208588,,,,,,,,,,,,7,,,,,,,,,,rightblkboy4386,,,,4385,,c1,,,
,,,,,,,,0,0,279,,,,,,,0.7565872673538417,,,,,,,,,,,,0,,,,,,,,,,rightblkboystand,,,,277,,c1,,,
,,,,,,,,0,0,386,,,,,,,0.79640901458569,,,,,,,,,,,,0,,,,,,,,,,rightblkfatboyleftwhite,,,,385,,c1,,,
,,,,,,,,0,0,353,,,,,,,0.6927898808460778,,,,,,,,,,,,0,,,,,,,,,,rightbluewhite,,,,352,,c1,,,
,,,,,,,,599,24,1388,,,,,,,0.3225708455740591,,,,,,,,,,,,23,,,,,,,,,,rightbottlecomes,,,,1387,,c1,,,
,,,,,,,,5,1,504,,,,,,,0.7561045276983155,,,,,,,,,,,,1,,,,,,,,,,rightboy504,,,,503,,c1,,,
,,,,,,,,424,1,1050,,,,,,,0.4937757247828447,,,,,,,,,,,,0,,,,,,,,,,rightcameraman,,,,1049,,c1,,,
,,,,,,,,440,2,561,,,,,,,0.12397531310570838,,,,,,,,,,,,1,,,,,,,,,,rightcar-chongT,,,,560,,c1,,,
,,,,,,,,348,2,604,,,,,,,0.32042736569295777,,,,,,,,,,,,1,,,,,,,,,,rightcomingstrongboy,,,,603,,c1,,,
,,,,,,,,106,3,1133,,,,,,,0.6484323636542966,,,,,,,,,,,,2,,,,,,,,,,rightdarksingleman,,,,1132,,c1,,,
,,,,,,,,606,3,668,,,,,,,0.06518180622943802,,,,,,,,,,,,2,,,,,,,,,,rightgirltakingcup,,,,667,,c1,,,
,,,,,,,,46,2,308,,,,,,,0.6239673993884273,,,,,,,,,,,,2,,,,,,,,,,rightwaiter1_quezhen,,,,307,,c1,,,
,,,,,,,,204,3,386,,,,,,,0.3503056752187848,,,,,,,,,,,,2,,,,,,,,,,runningcameragirl,,,,385,,c1,,,
,,,,,,,,296,3,832,,,,,,,0.3255445002203414,,,,,,,,,,,,2,,,,,,,,,,shinybikeboy2left,,,,831,,c1,,,
,,,,,,,,41,1,359,,,,,,,0.6192914715872597,,,,,,,,,,,,0,,,,,,,,,,shinycarcoming,,,,358,,c1,,,
,,,,,,,,49,2,602,,,,,,,0.6337542111896161,,,,,,,,,,,,1,,,,,,,,,,shinycarcoming2,,,,601,,c1,,,
,,,,,,,,0,0,201,,,,,,,0.9320136892184558,,,,,,,,,,,,0,,,,,,,,,,silvercarturn,,,,200,,c1,,,
,,,,,,,,8,1,662,,,,,,,0.8267744557447286,,,,,,,,,,,,1,,,,,,,,,,small-gai,,,,661,,c1,,,
,,,,,,,,0,0,683,,,,,,,0.8292439425863936,,,,,,,,,,,,0,,,,,,,,,,standblkboy,,,,682,,c1,,,
,,,,,,,,0,0,664,,,,,,,0.7523879881364323,,,,,,,,,,,,0,,,,,,,,,,swan_0109,,,,663,,c1,,,
,,,,,,,,2,0,152,,,,,,,0.5933679078490184,,,,,,,,,,,,0,,,,,,,,,,truckgonorth,,,,151,,c1,,,
,,,,,,,,299,25,1171,,,,,,,0.5572153021022184,,,,,,,,,,,,24,,,,,,,,,,turning1strowleft2ndboy,,,,1170,,c1,,,
,,,,,,,,0,0,192,,,,,,,0.8713380098433158,,,,,,,,,,,,0,,,,,,,,,,umbreboyoncall,,,,191,,c1,,,
,,,,,,,,83,4,319,,,,,,,0.5260351897105878,,,,,,,,,,,,4,,,,,,,,,,umbrella,,,,318,,c1,,,
,,,,,,,,4,0,475,,,,,,,0.7538129833065392,,,,,,,,,,,,0,,,,,,,,,,umbrellabyboy,,,,474,,c1,,,
,,,,,,,,49,2,566,,,,,,,0.6638597216641733,,,,,,,,,,,,2,,,,,,,,,,umbrellawillbefold,,,,565,,c1,,,
,,,,,,,,11,1,490,,,,,,,0.7987223811681441,,,,,,,,,,,,1,,,,,,,,,,umbrellawillopen,,,,489,,c1,,,
,,,,,,,,0,0,680,,,,,,,0.7778174889466202,,,,,,,,,,,,0,,,,,,,,,,waitresscoming,,,,679,,c1,,,
,,,,,,,,48,2,566,,,,,,,0.6484070629721039,,,,,,,,,,,,1,,,,,,,,,,whitebikebelow,,,,565,,c1,,,
,,,,,,,,7,1,691,,,,,,,0.823064531892121,,,,,,,,,,,,1,,,,,,,,,,whiteboyrightcoccergoal,,,,690,,c1,,,
,,,,,,,,0,0,84,,,,,,,0.8894820999030274,,,,,,,,,,,,0,,,,,,,,,,whitecarcomeinrain,,,,83,,c1,,,
,,,,,,,,155,2,683,,,,,,,0.6573793124834004,,,,,,,,,,,,2,,,,,,,,,,whitecarturn683,,,,682,,c1,,,
,,,,,,,,0,0,57,,,,,,,0.8752487982167694,,,,,,,,,,,,0,,,,,,,,,,whitecarturnleft,,,,56,,c1,,,
,,,,,,,,0,0,103,,,,,,,0.7806736250034533,,,,,,,,,,,,0,,,,,,,,,,whitecarturnright,,,,102,,c1,,,
,,,,,,,,4,1,67,,,,,,,0.6730675190979168,,,,,,,,,,,,0,,,,,,,,,,whitefardown,,,,66,,c1,,,
,,,,,,,,18,2,155,,,,,,,0.6056634074735737,,,,,,,,,,,,1,,,,,,,,,,whitefargirl,,,,154,,c1,,,
,,,,,,,,11,1,589,,,,,,,0.7692732128613594,,,,,,,,,,,,1,,,,,,,,,,whitegirlinlight,,,,588,,c1,,,
,,,,,,,,369,1,549,,,,,,,0.23147718103810852,,,,,,,,,,,,0,,,,,,,,,,whitegirltakingchopsticks,,,,548,,c1,,,
,,,,,,,,46,4,203,,,,,,,0.6211505816745172,,,,,,,,,,,,4,,,,,,,,,,whiteofboys,,,,202,,c1,,,
,,,,,,,,343,1,425,,,,,,,0.1555260656197015,,,,,,,,,,,,0,,,,,,,,,,whiteridingbike,,,,424,,c1,,,
,,,,,,,,42,3,346,,,,,,,0.712800089726801,,,,,,,,,,,,2,,,,,,,,,,whiterunningboy,,,,345,,c1,,,
,,,,,,,,233,10,818,,,,,,,0.5439392663269568,,,,,,,,,,,,9,,,,,,,,,,whiteskirtgirlcomingfromgoal,,,,817,,c1,,,
,,,,,,,,0,0,137,,,,,,,0.8759422238857344,,,,,,,,,,,,0,,,,,,,,,,whitesuvturn,,,,136,,c1,,,
,,,,,,,,0,0,95,,,,,,,0.8207127946848252,,,,,,,,,,,,0,,,,,,,,,,womanback2car,,,,94,,c1,,,
,,,,,,,,28,1,118,,,,,,,0.4845299321834225,,,,,,,,,,,,0,,,,,,,,,,yellowgirl118,,,,117,,c1,,,
,,,,,,,,0,0,361,,,,,,,0.8321726337676107,,,,,,,,,,,,0,,,,,,,,,,yellowskirt,,,,360,,c1,,,
,,,,,,,,0,0,304,,,,,,,0.81183270252665,,,,,,,,,,,,0,,,,,,,,,,10runone,,,,303,,old4,,,
,,,,,,,,18,1,152,,,,,,,0.7476596712094363,,,,,,,,,,,,1,,,,,,,,,,11leftboy,,,,151,,old4,,,
,,,,,,,,3,1,295,,,,,,,0.790965565935429,,,,,,,,,,,,0,,,,,,,,,,11runtwo,,,,294,,old4,,,
,,,,,,,,0,0,851,,,,,,,0.8423212791833219,,,,,,,,,,,,0,,,,,,,,,,1blackteacher,,,,850,,old4,,,
,,,,,,,,0,0,174,,,,,,,0.7875375112062143,,,,,,,,,,,,0,,,,,,,,,,1boycoming,,,,173,,old4,,,
,,,,,,,,2995,6,3377,,,,,,,0.06130505925727267,,,,,,,,,,,,5,,,,,,,,,,1stcol4thboy,,,,3376,,old4,,,
,,,,,,,,699,1,732,,,,,,,0.03593739961449364,,,,,,,,,,,,0,,,,,,,,,,1strowleftboyturning,,,,731,,old4,,,
,,,,,,,,224,3,3817,,,,,,,0.6315654539346777,,,,,,,,,,,,2,,,,,,,,,,1strowrightdrillmaster,,,,3816,,old4,,,
,,,,,,,,1538,39,3540,,,,,,,0.3982180444772536,,,,,,,,,,,,38,,,,,,,,,,1strowrightgirl3540,,,,3539,,old4,,,
,,,,,,,,2,0,222,,,,,,,0.758098524485867,,,,,,,,,,,,0,,,,,,,,,,2girl,,,,221,,old4,,,
,,,,,,,,215,1,238,,,,,,,0.059674865136442504,,,,,,,,,,,,0,,,,,,,,,,2girlup,,,,236,,old4,,,
,,,,,,,,0,0,270,,,,,,,0.8197828281715794,,,,,,,,,,,,0,,,,,,,,,,2runseven,,,,269,,old4,,,
,,,,,,,,0,0,117,,,,,,,0.7192057728125567,,,,,,,,,,,,0,,,,,,,,,,3bike1,,,,116,,old4,,,
,,,,,,,,0,0,181,,,,,,,0.7701829655591593,,,,,,,,,,,,0,,,,,,,,,,3men,,,,180,,old4,,,
,,,,,,,,1,0,234,,,,,,,0.7966951355586509,,,,,,,,,,,,0,,,,,,,,,,3pinkleft,,,,227,,old4,,,
,,,,,,,,4,1,331,,,,,,,0.8065126681173338,,,,,,,,,,,,1,,,,,,,,,,3rdfatboy,,,,330,,old4,,,
,,,,,,,,223,3,832,,,,,,,0.5195896937361328,,,,,,,,,,,,2,,,,,,,,,,3rdgrouplastboy,,,,831,,old4,,,
,,,,,,,,0,0,104,,,,,,,0.8299086679761785,,,,,,,,,,,,0,,,,,,,,,,3thmoto,,,,103,,old4,,,
,,,,,,,,0,0,414,,,,,,,0.7520635423973959,,,,,,,,,,,,0,,,,,,,,,,4men,,,,413,,old4,,,
,,,,,,,,57,4,315,,,,,,,0.6854504135923347,,,,,,,,,,,,4,,,,,,,,,,4thboywithwhite,,,,314,,old4,,,
,,,,,,,,269,2,487,,,,,,,0.3569840004789563,,,,,,,,,,,,1,,,,,,,,,,7rightorangegirl,,,,486,,old4,,,
,,,,,,,,87,1,372,,,,,,,0.519810160705496,,,,,,,,,,,,1,,,,,,,,,,AQgirlwalkinrain,,,,371,,old4,,,
,,,,,,,,0,0,95,,,,,,,0.8377875832504317,,,,,,,,,,,,0,,,,,,,,,,AQtruck2north,,,,94,,old4,,,
,,,,,,,,5,1,353,,,,,,,0.8288186920121337,,,,,,,,,,,,1,,,,,,,,,,ab_bikeoccluded,,,,312,,old4,,,
,,,,,,,,111,1,488,,,,,,,0.6333292654489641,,,,,,,,,,,,1,,,,,,,,,,ab_blkskirtgirl,,,,487,,old4,,,
,,,,,,,,334,17,3247,,,,,,,0.5925471766856137,,,,,,,,,,,,17,,,,,,,,,,ab_bolstershaking,,,,3246,,old4,,,
,,,,,,,,0,0,696,,,,,,,0.7827914914527204,,,,,,,,,,,,0,,,,,,,,,,ab_girlchoosesbike,,,,695,,old4,,,
,,,,,,,,31,2,388,,,,,,,0.7075068393839526,,,,,,,,,,,,2,,,,,,,,,,ab_girlcrossroad,,,,355,,old4,,,
,,,,,,,,176,1,194,,,,,,,0.051531634301580045,,,,,,,,,,,,0,,,,,,,,,,ab_pingpongball2,,,,193,,old4,,,
,,,,,,,,788,20,1806,,,,,,,0.30876616035304943,,,,,,,,,,,,20,,,,,,,,,,ab_rightlowerredcup_quezhen,,,,1805,,old4,,,
,,,,,,,,322,2,518,,,,,,,0.28138963783241644,,,,,,,,,,,,1,,,,,,,,,,ab_whiteboywithbluebag,,,,507,,old4,,,
,,,,,,,,153,9,1411,,,,,,,0.7209167589117929,,,,,,,,,,,,9,,,,,,,,,,advancedredcup,,,,1410,,old4,,,
,,,,,,,,0,0,111,,,,,,,0.7171091818400142,,,,,,,,,,,,0,,,,,,,,,,baggirl,,,,110,,old4,,,
,,,,,,,,260,13,1505,,,,,,,0.5591936908981767,,,,,,,,,,,,12,,,,,,,,,,ballshootatthebasket3times,,,,1489,,old4,,,
,,,,,,,,469,11,849,,,,,,,0.2408210072600042,,,,,,,,,,,,11,,,,,,,,,,basketball849,,,,743,,old4,,,
,,,,,,,,33,2,64,,,,,,,0.2805038261371586,,,,,,,,,,,,1,,,,,,,,,,basketballathand,,,,63,,old4,,,
,,,,,,,,0,0,85,,,,,,,0.6782983437330263,,,,,,,,,,,,0,,,,,,,,,,basketboy,,,,84,,old4,,,
,,,,,,,,0,0,280,,,,,,,0.8035534503219441,,,,,,,,,,,,0,,,,,,,,,,bawgirl,,,,279,,old4,,,
,,,,,,,,1,0,199,,,,,,,0.7402450750783335,,,,,,,,,,,,0,,,,,,,,,,belowdarkgirl,,,,198,,old4,,,
,,,,,,,,22,1,1223,,,,,,,0.6799818342331039,,,,,,,,,,,,1,,,,,,,,,,besom3,,,,1222,,old4,,,
,,,,,,,,1,0,651,,,,,,,0.8231917827977496,,,,,,,,,,,,0,,,,,,,,,,bike,,,,650,,old4,,,
,,,,,,,,6,1,257,,,,,,,0.8174098435068036,,,,,,,,,,,,1,,,,,,,,,,bike2left,,,,256,,old4,,,
,,,,,,,,3,0,146,,,,,,,0.7236787592296247,,,,,,,,,,,,0,,,,,,,,,,bike2trees,,,,145,,old4,,,
,,,,,,,,0,0,113,,,,,,,0.8100092467398403,,,,,,,,,,,,0,,,,,,,,,,bikeboy,,,,112,,old4,,,
,,,,,,,,572,2,826,,,,,,,0.21555588320662417,,,,,,,,,,,,1,,,,,,,,,,bikeboyintodark,,,,825,,old4,,,
,,,,,,,,0,0,467,,,,,,,0.7102572028132751,,,,,,,,,,,,0,,,,,,,,,,bikeboyright,,,,466,,old4,,,
,,,,,,,,0,0,155,,,,,,,0.6019363649819991,,,,,,,,,,,,0,,,,,,,,,,bikeboyturn,,,,154,,old4,,,
,,,,,,,,0,0,243,,,,,,,0.9256960332072024,,,,,,,,,,,,0,,,,,,,,,,bikeboyturntimes,,,,242,,old4,,,
,,,,,,,,0,0,220,,,,,,,0.8550736726369457,,,,,,,,,,,,0,,,,,,,,,,bikeboywithumbrella,,,,219,,old4,,,
,,,,,,,,0,0,172,,,,,,,0.7449194924735071,,,,,,,,,,,,0,,,,,,,,,,bikefromlight,,,,171,,old4,,,
,,,,,,,,132,2,284,,,,,,,0.3283838105731115,,,,,,,,,,,,1,,,,,,,,,,bikegoindark,,,,283,,old4,,,
,,,,,,,,0,0,140,,,,,,,0.7595582855933953,,,,,,,,,,,,0,,,,,,,,,,bikeinrain,,,,139,,old4,,,
,,,,,,,,118,1,131,,,,,,,0.05224076399922772,,,,,,,,,,,,0,,,,,,,,,,biketurnright,,,,130,,old4,,,
,,,,,,,,0,0,432,,,,,,,0.8666145152638963,,,,,,,,,,,,0,,,,,,,,,,blackboy,,,,431,,old4,,,
,,,,,,,,0,0,295,,,,,,,0.8897825978178677,,,,,,,,,,,,0,,,,,,,,,,blackboyoncall,,,,294,,old4,,,
,,,,,,,,0,0,126,,,,,,,0.7595815518696178,,,,,,,,,,,,0,,,,,,,,,,blackcarturn,,,,125,,old4,,,
,,,,,,,,1,0,62,,,,,,,0.7510337659407677,,,,,,,,,,,,0,,,,,,,,,,blackdown,,,,61,,old4,,,
,,,,,,,,1,0,217,,,,,,,0.7572893215704184,,,,,,,,,,,,0,,,,,,,,,,blackgirl,,,,216,,old4,,,
,,,,,,,,1098,28,12862,,,,,,,0.7119782681923883,,,,,,,,,,,,28,,,,,,,,,,blkboy`shead,,,,12861,,old4,,,
,,,,,,,,0,0,171,,,,,,,0.7808788505685929,,,,,,,,,,,,0,,,,,,,,,,blkboyback,,,,170,,old4,,,
,,,,,,,,11,2,302,,,,,,,0.723492665676114,,,,,,,,,,,,2,,,,,,,,,,blkboybetweenredandwhite,,,,301,,old4,,,
,,,,,,,,3,0,82,,,,,,,0.6987629028953828,,,,,,,,,,,,0,,,,,,,,,,blkboydown,,,,81,,old4,,,
,,,,,,,,348,3,556,,,,,,,0.2915467357351283,,,,,,,,,,,,2,,,,,,,,,,blkboyhead,,,,555,,old4,,,
,,,,,,,,2936,36,6983,,,,,,,0.41749299962236214,,,,,,,,,,,,35,,,,,,,,,,blkboylefttheNo_21,,,,6930,,old4,,,
,,,,,,,,810,3,1436,,,,,,,0.3440500064781099,,,,,,,,,,,,2,,,,,,,,,,blkboystand,,,,1435,,old4,,,
,,,,,,,,0,0,340,,,,,,,0.8644149916362858,,,,,,,,,,,,0,,,,,,,,,,blkboytakesumbrella,,,,339,,old4,,,
,,,,,,,,322,3,764,,,,,,,0.36977233105623764,,,,,,,,,,,,2,,,,,,,,,,blkcaratfrontbluebus,,,,763,,old4,,,
,,,,,,,,0,0,342,,,,,,,0.7470004556913004,,,,,,,,,,,,0,,,,,,,,,,blkgirlumbrella,,,,341,,old4,,,
,,,,,,,,59,4,564,,,,,,,0.648866951786882,,,,,,,,,,,,3,,,,,,,,,,blkhairgirltakingblkbag,,,,563,,old4,,,
,,,,,,,,17,1,187,,,,,,,0.7196088534769104,,,,,,,,,,,,1,,,,,,,,,,blkmoto2north,,,,186,,old4,,,
,,,,,,,,0,0,190,,,,,,,0.8153190860425681,,,,,,,,,,,,0,,,,,,,,,,blkstandboy,,,,189,,old4,,,
,,,,,,,,0,0,142,,,,,,,0.8585839382760446,,,,,,,,,,,,0,,,,,,,,,,blktribikecome,,,,141,,old4,,,
,,,,,,,,0,0,330,,,,,,,0.8404003318828225,,,,,,,,,,,,0,,,,,,,,,,blueboy,,,,329,,old4,,,
,,,,,,,,1,0,421,,,,,,,0.7790993938917665,,,,,,,,,,,,0,,,,,,,,,,blueboy421,,,,420,,old4,,,
,,,,,,,,0,0,1437,,,,,,,0.8646917223646983,,,,,,,,,,,,0,,,,,,,,,,bluebuscoming,,,,1436,,old4,,,
,,,,,,,,6,1,222,,,,,,,0.7698710559341722,,,,,,,,,,,,1,,,,,,,,,,bluegirlbiketurn,,,,221,,old4,,,
,,,,,,,,404,2,506,,,,,,,0.10464248428108873,,,,,,,,,,,,1,,,,,,,,,,bottlebetweenboy`sfeet,,,,505,,old4,,,
,,,,,,,,55,5,206,,,,,,,0.5329048521838058,,,,,,,,,,,,4,,,,,,,,,,boy2basketballground,,,,205,,old4,,,
,,,,,,,,90,4,1788,,,,,,,0.6789783920649689,,,,,,,,,,,,3,,,,,,,,,,boy2buildings,,,,1787,,old4,,,
,,,,,,,,1,0,203,,,,,,,0.8218828768952201,,,,,,,,,,,,0,,,,,,,,,,boy2trees,,,,202,,old4,,,
,,,,,,,,160,3,1083,,,,,,,0.5937684301319431,,,,,,,,,,,,3,,,,,,,,,,boy2treesfindbike,,,,1082,,old4,,,
,,,,,,,,331,7,851,,,,,,,0.43230084674931746,,,,,,,,,,,,6,,,,,,,,,,boy`headwithouthat,,,,850,,old4,,,
,,,,,,,,111,3,269,,,,,,,0.36315146659202985,,,,,,,,,,,,2,,,,,,,,,,boy`sheadingreycol,,,,268,,old4,,,
,,,,,,,,6,1,102,,,,,,,0.7617797442203578,,,,,,,,,,,,1,,,,,,,,,,boyaftertree,,,,101,,old4,,,
,,,,,,,,812,4,2469,,,,,,,0.5208884950771312,,,,,,,,,,,,4,,,,,,,,,,boyaroundtrees,,,,2457,,old4,,,
,,,,,,,,52,4,494,,,,,,,0.701293242545966,,,,,,,,,,,,4,,,,,,,,,,boyatdoorturnright,,,,493,,old4,,,
,,,,,,,,21,1,751,,,,,,,0.7560175741481819,,,,,,,,,,,,1,,,,,,,,,,boydownplatform,,,,750,,old4,,,
,,,,,,,,0,0,285,,,,,,,0.8256053016934563,,,,,,,,,,,,0,,,,,,,,,,boyfromdark,,,,283,,old4,,,
,,,,,,,,12,2,319,,,,,,,0.7735621280994743,,,,,,,,,,,,2,,,,,,,,,,boyinlight,,,,318,,old4,,,
,,,,,,,,31,2,975,,,,,,,0.6975014467204382,,,,,,,,,,,,2,,,,,,,,,,boyinplatform,,,,974,,old4,,,
,,,,,,,,13,1,1418,,,,,,,0.8424816667147866,,,,,,,,,,,,1,,,,,,,,,,boyinsnowfield3,,,,1417,,old4,,,
,,,,,,,,82,3,426,,,,,,,0.5972732100483781,,,,,,,,,,,,2,,,,,,,,,,boyleftblkrunning2crowd,,,,425,,old4,,,
,,,,,,,,156,3,4921,,,,,,,0.8227544613039557,,,,,,,,,,,,2,,,,,,,,,,boylefttheNo_9boy,,,,4919,,old4,,,
,,,,,,,,0,0,310,,,,,,,0.7400018261122031,,,,,,,,,,,,0,,,,,,,,,,boyoncall,,,,308,,old4,,,
,,,,,,,,14,3,436,,,,,,,0.7686850334051761,,,,,,,,,,,,3,,,,,,,,,,boyplayphone,,,,434,,old4,,,
,,,,,,,,800,7,1840,,,,,,,0.3248308840528272,,,,,,,,,,,,6,,,,,,,,,,boyride2path,,,,1837,,old4,,,
,,,,,,,,0,0,182,,,,,,,0.9236340061045796,,,,,,,,,,,,0,,,,,,,,,,boyruninsnow,,,,181,,old4,,,
,,,,,,,,30,2,464,,,,,,,0.6927414839657238,,,,,,,,,,,,2,,,,,,,,,,boyscomeleft,,,,463,,old4,,,
,,,,,,,,22,2,9684,,,,,,,0.7441836993202874,,,,,,,,,,,,2,,,,,,,,,,boyshead9684,,,,9683,,old4,,,
,,,,,,,,52,6,375,,,,,,,0.5489279181455416,,,,,,,,,,,,5,,,,,,,,,,boyss,,,,374,,old4,,,
,,,,,,,,531,5,1432,,,,,,,0.4862052390734928,,,,,,,,,,,,4,,,,,,,,,,boytakingbasketballfollowing,,,,1431,,old4,,,
,,,,,,,,0,0,262,,,,,,,0.7457774368968318,,,,,,,,,,,,0,,,,,,,,,,boytakingplate2left,,,,259,,old4,,,
,,,,,,,,499,2,613,,,,,,,0.14544577778767065,,,,,,,,,,,,1,,,,,,,,,,boyunder2baskets,,,,612,,old4,,,
,,,,,,,,0,0,965,,,,,,,0.7864792746668687,,,,,,,,,,,,0,,,,,,,,,,boywaitgirl,,,,964,,old4,,,
,,,,,,,,0,0,658,,,,,,,0.8679176411248147,,,,,,,,,,,,0,,,,,,,,,,boywalkinginsnow2,,,,657,,old4,,,
,,,,,,,,595,39,9538,,,,,,,0.6572798507229145,,,,,,,,,,,,39,,,,,,,,,,broom,,,,9531,,old4,,,
,,,,,,,,0,0,114,,,,,,,0.705699662394616,,,,,,,,,,,,0,,,,,,,,,,carbehindtrees,,,,113,,old4,,,
,,,,,,,,0,0,101,,,,,,,0.8631662201358956,,,,,,,,,,,,0,,,,,,,,,,carcomeonlight,,,,100,,old4,,,
,,,,,,,,242,2,391,,,,,,,0.2845688675793641,,,,,,,,,,,,1,,,,,,,,,,carcomingfromlight,,,,390,,old4,,,
,,,,,,,,0,0,155,,,,,,,0.7672277411695447,,,,,,,,,,,,0,,,,,,,,,,carcominginlight,,,,154,,old4,,,
,,,,,,,,0,0,70,,,,,,,0.8146335010032804,,,,,,,,,,,,0,,,,,,,,,,carlight2,,,,69,,old4,,,
,,,,,,,,0,0,93,,,,,,,0.8532036025867337,,,,,,,,,,,,0,,,,,,,,,,carlightcome2,,,,92,,old4,,,
,,,,,,,,0,0,86,,,,,,,0.7791630034346094,,,,,,,,,,,,0,,,,,,,,,,caronlight,,,,85,,old4,,,
,,,,,,,,0,0,117,,,,,,,0.889295126997532,,,,,,,,,,,,0,,,,,,,,,,carturn117,,,,116,,old4,,,
,,,,,,,,236,2,481,,,,,,,0.3689206430920617,,,,,,,,,,,,1,,,,,,,,,,carwillturn,,,,480,,old4,,,
,,,,,,,,0,0,91,,,,,,,0.8827460787408563,,,,,,,,,,,,0,,,,,,,,,,catbrown2,,,,90,,old4,,,
,,,,,,,,297,1,1343,,,,,,,0.6677930114214492,,,,,,,,,,,,1,,,,,,,,,,catbrownback2bush,,,,1342,,old4,,,
,,,,,,,,38,1,101,,,,,,,0.45165455384998326,,,,,,,,,,,,0,,,,,,,,,,couple,,,,100,,old4,,,
,,,,,,,,0,0,84,,,,,,,0.9334216573317238,,,,,,,,,,,,0,,,,,,,,,,darkcarturn,,,,83,,old4,,,
,,,,,,,,0,0,613,,,,,,,0.8164529542898423,,,,,,,,,,,,0,,,,,,,,,,darkgirl,,,,612,,old4,,,
,,,,,,,,89,8,749,,,,,,,0.5512910727690454,,,,,,,,,,,,8,,,,,,,,,,darkouterwhiteboy,,,,748,,old4,,,
,,,,,,,,30,1,503,,,,,,,0.7093243943312901,,,,,,,,,,,,1,,,,,,,,,,darktreesboy,,,,502,,old4,,,
,,,,,,,,576,1,1117,,,,,,,0.3956651593420382,,,,,,,,,,,,0,,,,,,,,,,drillmaster1117,,,,1116,,old4,,,
,,,,,,,,481,1,982,,,,,,,0.3875826879123541,,,,,,,,,,,,1,,,,,,,,,,drillmasterfollowingatright,,,,981,,old4,,,
,,,,,,,,30,1,254,,,,,,,0.5977217871363001,,,,,,,,,,,,1,,,,,,,,,,farfatboy,,,,253,,old4,,,
,,,,,,,,585,5,1160,,,,,,,0.3024720089580614,,,,,,,,,,,,4,,,,,,,,,,firstexercisebook,,,,1159,,old4,,,
,,,,,,,,27,2,193,,,,,,,0.5140896822868417,,,,,,,,,,,,2,,,,,,,,,,foamatgirl`srighthand,,,,192,,old4,,,
,,,,,,,,209,9,1146,,,,,,,0.6068913681368049,,,,,,,,,,,,9,,,,,,,,,,foldedfolderatlefthand,,,,1145,,old4,,,
,,,,,,,,0,0,151,,,,,,,0.6392091834235849,,,,,,,,,,,,0,,,,,,,,,,girl2left3man1,,,,150,,old4,,,
,,,,,,,,465,1,571,,,,,,,0.10911848399661785,,,,,,,,,,,,0,,,,,,,,,,girl`sblkbag,,,,570,,old4,,,
,,,,,,,,0,0,1130,,,,,,,0.8889650247749551,,,,,,,,,,,,0,,,,,,,,,,girlafterglassdoor,,,,1129,,old4,,,
,,,,,,,,151,3,1217,,,,,,,0.55325610675088,,,,,,,,,,,,3,,,,,,,,,,girldownstairfromlight,,,,1216,,old4,,,
,,,,,,,,8,1,1033,,,,,,,0.8353714955991604,,,,,,,,,,,,1,,,,,,,,,,girlfromlight_quezhen,,,,1032,,old4,,,
,,,,,,,,0,0,312,,,,,,,0.8465109528281854,,,,,,,,,,,,0,,,,,,,,,,girlinrain,,,,311,,old4,,,
,,,,,,,,40,6,304,,,,,,,0.63954269823629,,,,,,,,,,,,6,,,,,,,,,,girllongskirt,,,,303,,old4,,,
,,,,,,,,475,10,986,,,,,,,0.3703368237203789,,,,,,,,,,,,9,,,,,,,,,,girlof2leaders,,,,985,,old4,,,
,,,,,,,,75,2,308,,,,,,,0.581831976281888,,,,,,,,,,,,2,,,,,,,,,,girlrightthewautress,,,,307,,old4,,,
,,,,,,,,0,0,2858,,,,,,,0.7304171629268836,,,,,,,,,,,,0,,,,,,,,,,girlunderthestreetlamp,,,,2857,,old4,,,
,,,,,,,,39,1,282,,,,,,,0.6701741132660607,,,,,,,,,,,,1,,,,,,,,,,guardunderthecolumn,,,,281,,old4,,,
,,,,,,,,0,0,542,,,,,,,0.8198454064804478,,,,,,,,,,,,0,,,,,,,,,,hugboy,,,,541,,old4,,,
,,,,,,,,2456,32,4317,,,,,,,0.2696459175242278,,,,,,,,,,,,31,,,,,,,,,,hyalinepaperfrontface,,,,4316,,old4,,,
,,,,,,,,177,6,1475,,,,,,,0.7097809473020705,,,,,,,,,,,,6,,,,,,,,,,large,,,,1474,,old4,,,
,,,,,,,,1017,2,1116,,,,,,,0.06490540733618218,,,,,,,,,,,,1,,,,,,,,,,lastleftgirl,,,,1115,,old4,,,
,,,,,,,,1317,15,3650,,,,,,,0.5005791031116974,,,,,,,,,,,,14,,,,,,,,,,leftblkTboy,,,,3439,,old4,,,
,,,,,,,,1751,36,3991,,,,,,,0.28533043206792086,,,,,,,,,,,,35,,,,,,,,,,leftbottle2hang,,,,3990,,old4,,,
,,,,,,,,950,3,1244,,,,,,,0.16360115482705598,,,,,,,,,,,,2,,,,,,,,,,leftboy2jointhe4,,,,1243,,old4,,,
,,,,,,,,197,1,744,,,,,,,0.5727666280790232,,,,,,,,,,,,1,,,,,,,,,,leftboyoutofthetroop,,,,743,,old4,,,
,,,,,,,,310,4,1400,,,,,,,0.6012261017690298,,,,,,,,,,,,4,,,,,,,,,,leftchair,,,,1399,,old4,,,
,,,,,,,,44,3,566,,,,,,,0.5831285914470077,,,,,,,,,,,,2,,,,,,,,,,lefterbike,,,,565,,old4,,,
,,,,,,,,185,5,1102,,,,,,,0.5135119673467149,,,,,,,,,,,,5,,,,,,,,,,leftexcersicebookyellow,,,,1101,,old4,,,
,,,,,,,,4,1,903,,,,,,,0.707891089001164,,,,,,,,,,,,1,,,,,,,,,,leftfarboycomingpicktheball,,,,902,,old4,,,
,,,,,,,,56,2,251,,,,,,,0.5889755751235609,,,,,,,,,,,,1,,,,,,,,,,leftgirl'swhitebag,,,,249,,old4,,,
,,,,,,,,494,18,1905,,,,,,,0.4932564214651276,,,,,,,,,,,,18,,,,,,,,,,lefthyalinepaper2rgb,,,,1904,,old4,,,
,,,,,,,,345,13,1802,,,,,,,0.603268522422132,,,,,,,,,,,,13,,,,,,,,,,lefthyalinepaperfrontpants,,,,1801,,old4,,,
,,,,,,,,313,23,1879,,,,,,,0.6897501782623292,,,,,,,,,,,,23,,,,,,,,,,leftmirror,,,,1878,,old4,,,
,,,,,,,,306,13,2265,,,,,,,0.5947163147884877,,,,,,,,,,,,13,,,,,,,,,,leftmirrorlikesky,,,,2264,,old4,,,
,,,,,,,,955,10,1732,,,,,,,0.31930014677437524,,,,,,,,,,,,9,,,,,,,,,,leftmirrorside,,,,1731,,old4,,,
,,,,,,,,14,1,170,,,,,,,0.4856537741326572,,,,,,,,,,,,0,,,,,,,,,,leftopenexersicebook,,,,167,,old4,,,
,,,,,,,,57,1,66,,,,,,,0.07418223108021442,,,,,,,,,,,,0,,,,,,,,,,leftpingpongball,,,,65,,old4,,,
,,,,,,,,14,1,148,,,,,,,0.7238958128615214,,,,,,,,,,,,1,,,,,,,,,,leftrushingboy,,,,147,,old4,,,
,,,,,,,,732,3,986,,,,,,,0.1928817400607492,,,,,,,,,,,,2,,,,,,,,,,leftunderbasket,,,,985,,old4,,,
,,,,,,,,141,2,1981,,,,,,,0.7322626528017486,,,,,,,,,,,,2,,,,,,,,,,leftuphand,,,,1980,,old4,,,
,,,,,,,,0,0,1676,,,,,,,0.774116463349309,,,,,,,,,,,,0,,,,,,,,,,littelbabycryingforahug,,,,1675,,old4,,,
,,,,,,,,3,1,33,,,,,,,0.722722096444076,,,,,,,,,,,,1,,,,,,,,,,lowerfoamboard,,,,31,,old4,,,
,,,,,,,,16,1,1096,,,,,,,0.8184705567030026,,,,,,,,,,,,0,,,,,,,,,,mandownstair,,,,1095,,old4,,,
,,,,,,,,0,0,408,,,,,,,0.8357644205256448,,,,,,,,,,,,0,,,,,,,,,,manfromtoilet,,,,407,,old4,,,
,,,,,,,,40,1,254,,,,,,,0.6508410123326152,,,,,,,,,,,,1,,,,,,,,,,mangetsoff,,,,253,,old4,,,
,,,,,,,,26,4,521,,,,,,,0.7187785914193104,,,,,,,,,,,,4,,,,,,,,,,manoncall,,,,520,,old4,,,
,,,,,,,,12,1,273,,,,,,,0.804209958375855,,,,,,,,,,,,1,,,,,,,,,,mansimiliar,,,,272,,old4,,,
,,,,,,,,0,0,123,,,,,,,0.8186173043400757,,,,,,,,,,,,0,,,,,,,,,,mantostartcar,,,,122,,old4,,,
,,,,,,,,0,0,353,,,,,,,0.7944867737183369,,,,,,,,,,,,0,,,,,,,,,,midblkgirl,,,,352,,old4,,,
,,,,,,,,1592,17,7258,,,,,,,0.6166889606124987,,,,,,,,,,,,17,,,,,,,,,,midboyNo_9,,,,7257,,old4,,,
,,,,,,,,185,2,664,,,,,,,0.560596048473166,,,,,,,,,,,,1,,,,,,,,,,middrillmaster,,,,663,,old4,,,
,,,,,,,,585,13,3226,,,,,,,0.577277166615794,,,,,,,,,,,,12,,,,,,,,,,midgreyboyrunningcoming,,,,3225,,old4,,,
,,,,,,,,85,1,439,,,,,,,0.6237758460248989,,,,,,,,,,,,0,,,,,,,,,,midof3girls,,,,438,,old4,,,
,,,,,,,,1941,15,7309,,,,,,,0.5921093608178047,,,,,,,,,,,,15,,,,,,,,,,midredboy,,,,7293,,old4,,,
,,,,,,,,202,2,442,,,,,,,0.3769836283096607,,,,,,,,,,,,1,,,,,,,,,,midrunboywithwhite,,,,441,,old4,,,
,,,,,,,,0,0,78,,,,,,,0.8576693878996806,,,,,,,,,,,,0,,,,,,,,,,minibus,,,,77,,old4,,,
,,,,,,,,37,1,214,,,,,,,0.668696007568529,,,,,,,,,,,,0,,,,,,,,,,minibusgoes2left,,,,213,,old4,,,
,,,,,,,,0,0,254,,,,,,,0.8696196502099396,,,,,,,,,,,,0,,,,,,,,,,moto,,,,253,,old4,,,
,,,,,,,,0,0,84,,,,,,,0.7480230496362282,,,,,,,,,,,,0,,,,,,,,,,motocomeonlight,,,,83,,old4,,,
,,,,,,,,0,0,127,,,,,,,0.8074402079080787,,,,,,,,,,,,0,,,,,,,,,,motogoesaloongS,,,,126,,old4,,,
,,,,,,,,40,2,306,,,,,,,0.5594636621414688,,,,,,,,,,,,1,,,,,,,,,,mototaking2boys306,,,,305,,old4,,,
,,,,,,,,0,0,122,,,,,,,0.8284147529915059,,,,,,,,,,,,0,,,,,,,,,,mototurneast,,,,121,,old4,,,
,,,,,,,,0,0,95,,,,,,,0.7768461473348535,,,,,,,,,,,,0,,,,,,,,,,motowithbluetop,,,,94,,old4,,,
,,,,,,,,11,2,808,,,,,,,0.819216880928691,,,,,,,,,,,,2,,,,,,,,,,pingpingpad3,,,,807,,old4,,,
,,,,,,,,198,7,1270,,,,,,,0.6615268404317828,,,,,,,,,,,,6,,,,,,,,,,pinkwithblktopcup,,,,1269,,old4,,,
,,,,,,,,0,0,334,,,,,,,0.835710496603667,,,,,,,,,,,,0,,,,,,,,,,raincarturn,,,,333,,old4,,,
,,,,,,,,0,0,157,,,,,,,0.8406863802840258,,,,,,,,,,,,0,,,,,,,,,,rainycarcome_ab,,,,156,,old4,,,
,,,,,,,,5,1,150,,,,,,,0.7348941221583654,,,,,,,,,,,,1,,,,,,,,,,redboygoright,,,,149,,old4,,,
,,,,,,,,0,0,262,,,,,,,0.8690508531617742,,,,,,,,,,,,0,,,,,,,,,,redcarcominginlight,,,,261,,old4,,,
,,,,,,,,0,0,104,,,,,,,0.7037199871774822,,,,,,,,,,,,0,,,,,,,,,,redetricycle,,,,103,,old4,,,
,,,,,,,,11,1,662,,,,,,,0.6937085461584012,,,,,,,,,,,,1,,,,,,,,,,redmidboy,,,,661,,old4,,,
,,,,,,,,268,7,730,,,,,,,0.5259817197963677,,,,,,,,,,,,6,,,,,,,,,,redroadlatboy,,,,729,,old4,,,
,,,,,,,,0,0,168,,,,,,,0.6902416920861179,,,,,,,,,,,,0,,,,,,,,,,redtricycle,,,,167,,old4,,,
,,,,,,,,1078,7,1750,,,,,,,0.27345249981264963,,,,,,,,,,,,6,,,,,,,,,,right2ndflagformath,,,,1749,,old4,,,
,,,,,,,,409,8,1916,,,,,,,0.5554338133140652,,,,,,,,,,,,8,,,,,,,,,,right5thflag,,,,1898,,old4,,,
,,,,,,,,106,2,225,,,,,,,0.3779173709069242,,,,,,,,,,,,1,,,,,,,,,,rightbike,,,,224,,old4,,,
,,,,,,,,0,0,416,,,,,,,0.746579276675696,,,,,,,,,,,,0,,,,,,,,,,rightbike-gai,,,,415,,old4,,,
,,,,,,,,889,7,4386,,,,,,,0.6560817947208588,,,,,,,,,,,,7,,,,,,,,,,rightblkboy4386,,,,4385,,old4,,,
,,,,,,,,0,0,279,,,,,,,0.7565872673538417,,,,,,,,,,,,0,,,,,,,,,,rightblkboystand,,,,277,,old4,,,
,,,,,,,,0,0,386,,,,,,,0.79640901458569,,,,,,,,,,,,0,,,,,,,,,,rightblkfatboyleftwhite,,,,385,,old4,,,
,,,,,,,,0,0,353,,,,,,,0.6928321740453889,,,,,,,,,,,,0,,,,,,,,,,rightbluewhite,,,,352,,old4,,,
,,,,,,,,558,25,1388,,,,,,,0.3484005948464204,,,,,,,,,,,,24,,,,,,,,,,rightbottlecomes,,,,1387,,old4,,,
,,,,,,,,5,1,504,,,,,,,0.7561045276983155,,,,,,,,,,,,1,,,,,,,,,,rightboy504,,,,503,,old4,,,
,,,,,,,,424,1,1050,,,,,,,0.4937757247828447,,,,,,,,,,,,0,,,,,,,,,,rightcameraman,,,,1049,,old4,,,
,,,,,,,,444,2,561,,,,,,,0.12588222716176775,,,,,,,,,,,,1,,,,,,,,,,rightcar-chongT,,,,560,,old4,,,
,,,,,,,,320,3,604,,,,,,,0.3578783358917191,,,,,,,,,,,,2,,,,,,,,,,rightcomingstrongboy,,,,603,,old4,,,
,,,,,,,,339,2,1133,,,,,,,0.504160858344951,,,,,,,,,,,,1,,,,,,,,,,rightdarksingleman,,,,1132,,old4,,,
,,,,,,,,606,3,668,,,,,,,0.06559846042834222,,,,,,,,,,,,2,,,,,,,,,,rightgirltakingcup,,,,667,,old4,,,
,,,,,,,,46,2,308,,,,,,,0.6239673993884273,,,,,,,,,,,,2,,,,,,,,,,rightwaiter1_quezhen,,,,307,,old4,,,
,,,,,,,,226,3,386,,,,,,,0.3178986404847441,,,,,,,,,,,,2,,,,,,,,,,runningcameragirl,,,,385,,old4,,,
,,,,,,,,159,3,832,,,,,,,0.48261127030336154,,,,,,,,,,,,3,,,,,,,,,,shinybikeboy2left,,,,831,,old4,,,
,,,,,,,,41,1,359,,,,,,,0.6192914715872597,,,,,,,,,,,,0,,,,,,,,,,shinycarcoming,,,,358,,old4,,,
,,,,,,,,49,2,602,,,,,,,0.6337542111896161,,,,,,,,,,,,1,,,,,,,,,,shinycarcoming2,,,,601,,old4,,,
,,,,,,,,0,0,201,,,,,,,0.9320136892184558,,,,,,,,,,,,0,,,,,,,,,,silvercarturn,,,,200,,old4,,,
,,,,,,,,8,1,662,,,,,,,0.8267744557447286,,,,,,,,,,,,1,,,,,,,,,,small-gai,,,,661,,old4,,,
,,,,,,,,0,0,683,,,,,,,0.8292439425863936,,,,,,,,,,,,0,,,,,,,,,,standblkboy,,,,682,,old4,,,
,,,,,,,,0,0,664,,,,,,,0.7523879881364323,,,,,,,,,,,,0,,,,,,,,,,swan_0109,,,,663,,old4,,,
,,,,,,,,2,0,152,,,,,,,0.5933679078490184,,,,,,,,,,,,0,,,,,,,,,,truckgonorth,,,,151,,old4,,,
,,,,,,,,299,25,1171,,,,,,,0.5572153021022184,,,,,,,,,,,,24,,,,,,,,,,turning1strowleft2ndboy,,,,1170,,old4,,,
,,,,,,,,0,0,192,,,,,,,0.8713380098433158,,,,,,,,,,,,0,,,,,,,,,,umbreboyoncall,,,,191,,old4,,,
,,,,,,,,59,4,319,,,,,,,0.5786215453515027,,,,,,,,,,,,4,,,,,,,,,,umbrella,,,,318,,old4,,,
,,,,,,,,4,0,475,,,,,,,0.7538129833065392,,,,,,,,,,,,0,,,,,,,,,,umbrellabyboy,,,,474,,old4,,,
,,,,,,,,49,2,566,,,,,,,0.6638597216641733,,,,,,,,,,,,2,,,,,,,,,,umbrellawillbefold,,,,565,,old4,,,
,,,,,,,,67,1,490,,,,,,,0.7051103298465882,,,,,,,,,,,,1,,,,,,,,,,umbrellawillopen,,,,489,,old4,,,
,,,,,,,,0,0,680,,,,,,,0.7778174889466202,,,,,,,,,,,,0,,,,,,,,,,waitresscoming,,,,679,,old4,,,
,,,,,,,,157,1,566,,,,,,,0.5367072520179673,,,,,,,,,,,,0,,,,,,,,,,whitebikebelow,,,,565,,old4,,,
,,,,,,,,84,1,691,,,,,,,0.738905570066922,,,,,,,,,,,,1,,,,,,,,,,whiteboyrightcoccergoal,,,,690,,old4,,,
,,,,,,,,0,0,84,,,,,,,0.8894820999030274,,,,,,,,,,,,0,,,,,,,,,,whitecarcomeinrain,,,,83,,old4,,,
,,,,,,,,144,2,683,,,,,,,0.6691159129327175,,,,,,,,,,,,2,,,,,,,,,,whitecarturn683,,,,682,,old4,,,
,,,,,,,,0,0,57,,,,,,,0.8752487982167694,,,,,,,,,,,,0,,,,,,,,,,whitecarturnleft,,,,56,,old4,,,
,,,,,,,,0,0,103,,,,,,,0.7806736250034533,,,,,,,,,,,,0,,,,,,,,,,whitecarturnright,,,,102,,old4,,,
,,,,,,,,4,1,67,,,,,,,0.6730675190979168,,,,,,,,,,,,0,,,,,,,,,,whitefardown,,,,66,,old4,,,
,,,,,,,,33,2,155,,,,,,,0.5673760554528309,,,,,,,,,,,,1,,,,,,,,,,whitefargirl,,,,154,,old4,,,
,,,,,,,,11,1,589,,,,,,,0.769374062014312,,,,,,,,,,,,1,,,,,,,,,,whitegirlinlight,,,,588,,old4,,,
,,,,,,,,369,1,549,,,,,,,0.23147718103810852,,,,,,,,,,,,0,,,,,,,,,,whitegirltakingchopsticks,,,,548,,old4,,,
,,,,,,,,32,4,203,,,,,,,0.677766711741391,,,,,,,,,,,,4,,,,,,,,,,whiteofboys,,,,202,,old4,,,
,,,,,,,,105,1,425,,,,,,,0.49840921559223494,,,,,,,,,,,,1,,,,,,,,,,whiteridingbike,,,,424,,old4,,,
,,,,,,,,25,2,346,,,,,,,0.7640062625265642,,,,,,,,,,,,2,,,,,,,,,,whiterunningboy,,,,345,,old4,,,
,,,,,,,,207,10,818,,,,,,,0.5597742855409613,,,,,,,,,,,,9,,,,,,,,,,whiteskirtgirlcomingfromgoal,,,,817,,old4,,,
,,,,,,,,0,0,137,,,,,,,0.8759422238857344,,,,,,,,,,,,0,,,,,,,,,,whitesuvturn,,,,136,,old4,,,
,,,,,,,,0,0,95,,,,,,,0.8207127946848252,,,,,,,,,,,,0,,,,,,,,,,womanback2car,,,,94,,old4,,,
,,,,,,,,28,1,118,,,,,,,0.4845299321834225,,,,,,,,,,,,0,,,,,,,,,,yellowgirl118,,,,117,,old4,,,
,,,,,,,,0,0,361,,,,,,,0.8321695966055338,,,,,,,,,,,,0,,,,,,,,,,yellowskirt,,,,360,,old4,,,
,,,,,,,,0,0,304,,,,,,,0.81183270252665,,,,,,,,,,,,0,,,,,,,,,,10runone,,,,303,,gross_parent,,,
,,,,,,,,18,1,152,,,,,,,0.7476596712094363,,,,,,,,,,,,1,,,,,,,,,,11leftboy,,,,151,,gross_parent,,,
,,,,,,,,3,1,295,,,,,,,0.790965565935429,,,,,,,,,,,,0,,,,,,,,,,11runtwo,,,,294,,gross_parent,,,
,,,,,,,,0,0,851,,,,,,,0.8423212791833219,,,,,,,,,,,,0,,,,,,,,,,1blackteacher,,,,850,,gross_parent,,,
,,,,,,,,0,0,174,,,,,,,0.7875375112062143,,,,,,,,,,,,0,,,,,,,,,,1boycoming,,,,173,,gross_parent,,,
,,,,,,,,2995,6,3377,,,,,,,0.06130505925727267,,,,,,,,,,,,5,,,,,,,,,,1stcol4thboy,,,,3376,,gross_parent,,,
,,,,,,,,699,1,732,,,,,,,0.03593739961449364,,,,,,,,,,,,0,,,,,,,,,,1strowleftboyturning,,,,731,,gross_parent,,,
,,,,,,,,224,3,3817,,,,,,,0.6315654539346777,,,,,,,,,,,,2,,,,,,,,,,1strowrightdrillmaster,,,,3816,,gross_parent,,,
,,,,,,,,1538,39,3540,,,,,,,0.3982180444772536,,,,,,,,,,,,38,,,,,,,,,,1strowrightgirl3540,,,,3539,,gross_parent,,,
,,,,,,,,2,0,222,,,,,,,0.758098524485867,,,,,,,,,,,,0,,,,,,,,,,2girl,,,,221,,gross_parent,,,
,,,,,,,,215,1,238,,,,,,,0.059674865136442504,,,,,,,,,,,,0,,,,,,,,,,2girlup,,,,236,,gross_parent,,,
,,,,,,,,0,0,270,,,,,,,0.8197828281715794,,,,,,,,,,,,0,,,,,,,,,,2runseven,,,,269,,gross_parent,,,
,,,,,,,,0,0,117,,,,,,,0.7192057728125567,,,,,,,,,,,,0,,,,,,,,,,3bike1,,,,116,,gross_parent,,,
,,,,,,,,0,0,181,,,,,,,0.7701829655591593,,,,,,,,,,,,0,,,,,,,,,,3men,,,,180,,gross_parent,,,
,,,,,,,,1,0,234,,,,,,,0.7966951355586509,,,,,,,,,,,,0,,,,,,,,,,3pinkleft,,,,227,,gross_parent,,,
,,,,,,,,4,1,331,,,,,,,0.8065126681173338,,,,,,,,,,,,1,,,,,,,,,,3rdfatboy,,,,330,,gross_parent,,,
,,,,,,,,223,3,832,,,,,,,0.5195896937361328,,,,,,,,,,,,2,,,,,,,,,,3rdgrouplastboy,,,,831,,gross_parent,,,
,,,,,,,,0,0,104,,,,,,,0.8299086679761785,,,,,,,,,,,,0,,,,,,,,,,3thmoto,,,,103,,gross_parent,,,
,,,,,,,,0,0,414,,,,,,,0.7520635423973959,,,,,,,,,,,,0,,,,,,,,,,4men,,,,413,,gross_parent,,,
,,,,,,,,57,4,315,,,,,,,0.6854504135923347,,,,,,,,,,,,4,,,,,,,,,,4thboywithwhite,,,,314,,gross_parent,,,
,,,,,,,,269,2,487,,,,,,,0.3569840004789563,,,,,,,,,,,,1,,,,,,,,,,7rightorangegirl,,,,486,,gross_parent,,,
,,,,,,,,87,1,372,,,,,,,0.519810160705496,,,,,,,,,,,,1,,,,,,,,,,AQgirlwalkinrain,,,,371,,gross_parent,,,
,,,,,,,,0,0,95,,,,,,,0.8377875832504317,,,,,,,,,,,,0,,,,,,,,,,AQtruck2north,,,,94,,gross_parent,,,
,,,,,,,,5,1,353,,,,,,,0.8288186920121337,,,,,,,,,,,,1,,,,,,,,,,ab_bikeoccluded,,,,312,,gross_parent,,,
,,,,,,,,118,1,488,,,,,,,0.6214752485154196,,,,,,,,,,,,1,,,,,,,,,,ab_blkskirtgirl,,,,487,,gross_parent,,,
,,,,,,,,334,17,3247,,,,,,,0.5925471766856137,,,,,,,,,,,,17,,,,,,,,,,ab_bolstershaking,,,,3246,,gross_parent,,,
,,,,,,,,0,0,696,,,,,,,0.7827914914527204,,,,,,,,,,,,0,,,,,,,,,,ab_girlchoosesbike,,,,695,,gross_parent,,,
,,,,,,,,31,2,388,,,,,,,0.7075068393839526,,,,,,,,,,,,2,,,,,,,,,,ab_girlcrossroad,,,,355,,gross_parent,,,
,,,,,,,,180,1,194,,,,,,,0.03871401705681106,,,,,,,,,,,,0,,,,,,,,,,ab_pingpongball2,,,,193,,gross_parent,,,
,,,,,,,,788,20,1806,,,,,,,0.30876616035304943,,,,,,,,,,,,20,,,,,,,,,,ab_rightlowerredcup_quezhen,,,,1805,,gross_parent,,,
,,,,,,,,322,2,518,,,,,,,0.28138963783241644,,,,,,,,,,,,1,,,,,,,,,,ab_whiteboywithbluebag,,,,507,,gross_parent,,,
,,,,,,,,153,9,1411,,,,,,,0.7209167589117929,,,,,,,,,,,,9,,,,,,,,,,advancedredcup,,,,1410,,gross_parent,,,
,,,,,,,,0,0,111,,,,,,,0.7171091818400142,,,,,,,,,,,,0,,,,,,,,,,baggirl,,,,110,,gross_parent,,,
,,,,,,,,260,13,1505,,,,,,,0.5591936908981767,,,,,,,,,,,,12,,,,,,,,,,ballshootatthebasket3times,,,,1489,,gross_parent,,,
,,,,,,,,469,11,849,,,,,,,0.2408210072600042,,,,,,,,,,,,11,,,,,,,,,,basketball849,,,,743,,gross_parent,,,
,,,,,,,,33,2,64,,,,,,,0.2805038261371586,,,,,,,,,,,,1,,,,,,,,,,basketballathand,,,,63,,gross_parent,,,
,,,,,,,,0,0,85,,,,,,,0.6782983437330263,,,,,,,,,,,,0,,,,,,,,,,basketboy,,,,84,,gross_parent,,,
,,,,,,,,0,0,280,,,,,,,0.8035534503219441,,,,,,,,,,,,0,,,,,,,,,,bawgirl,,,,279,,gross_parent,,,
,,,,,,,,1,0,199,,,,,,,0.7402450750783335,,,,,,,,,,,,0,,,,,,,,,,belowdarkgirl,,,,198,,gross_parent,,,
,,,,,,,,22,1,1223,,,,,,,0.6799818342331039,,,,,,,,,,,,1,,,,,,,,,,besom3,,,,1222,,gross_parent,,,
,,,,,,,,1,0,651,,,,,,,0.8231917827977496,,,,,,,,,,,,0,,,,,,,,,,bike,,,,650,,gross_parent,,,
,,,,,,,,6,1,257,,,,,,,0.8174098435068036,,,,,,,,,,,,1,,,,,,,,,,bike2left,,,,256,,gross_parent,,,
,,,,,,,,3,0,146,,,,,,,0.7236787592296247,,,,,,,,,,,,0,,,,,,,,,,bike2trees,,,,145,,gross_parent,,,
,,,,,,,,0,0,113,,,,,,,0.8100092467398403,,,,,,,,,,,,0,,,,,,,,,,bikeboy,,,,112,,gross_parent,,,
,,,,,,,,572,2,826,,,,,,,0.21555588320662417,,,,,,,,,,,,1,,,,,,,,,,bikeboyintodark,,,,825,,gross_parent,,,
,,,,,,,,0,0,467,,,,,,,0.7102572028132751,,,,,,,,,,,,0,,,,,,,,,,bikeboyright,,,,466,,gross_parent,,,
,,,,,,,,0,0,155,,,,,,,0.6019363649819991,,,,,,,,,,,,0,,,,,,,,,,bikeboyturn,,,,154,,gross_parent,,,
,,,,,,,,0,0,243,,,,,,,0.9256960332072024,,,,,,,,,,,,0,,,,,,,,,,bikeboyturntimes,,,,242,,gross_parent,,,
,,,,,,,,0,0,220,,,,,,,0.8550736726369457,,,,,,,,,,,,0,,,,,,,,,,bikeboywithumbrella,,,,219,,gross_parent,,,
,,,,,,,,0,0,172,,,,,,,0.7449194924735071,,,,,,,,,,,,0,,,,,,,,,,bikefromlight,,,,171,,gross_parent,,,
,,,,,,,,132,2,284,,,,,,,0.3283838105731115,,,,,,,,,,,,1,,,,,,,,,,bikegoindark,,,,283,,gross_parent,,,
,,,,,,,,0,0,140,,,,,,,0.7595582855933953,,,,,,,,,,,,0,,,,,,,,,,bikeinrain,,,,139,,gross_parent,,,
,,,,,,,,118,1,131,,,,,,,0.05224076399922772,,,,,,,,,,,,0,,,,,,,,,,biketurnright,,,,130,,gross_parent,,,
,,,,,,,,0,0,432,,,,,,,0.8666145152638963,,,,,,,,,,,,0,,,,,,,,,,blackboy,,,,431,,gross_parent,,,
,,,,,,,,0,0,295,,,,,,,0.8897825978178677,,,,,,,,,,,,0,,,,,,,,,,blackboyoncall,,,,294,,gross_parent,,,
,,,,,,,,0,0,126,,,,,,,0.7595815518696178,,,,,,,,,,,,0,,,,,,,,,,blackcarturn,,,,125,,gross_parent,,,
,,,,,,,,1,0,62,,,,,,,0.7510337659407677,,,,,,,,,,,,0,,,,,,,,,,blackdown,,,,61,,gross_parent,,,
,,,,,,,,1,0,217,,,,,,,0.7572893215704184,,,,,,,,,,,,0,,,,,,,,,,blackgirl,,,,216,,gross_parent,,,
,,,,,,,,1098,28,12862,,,,,,,0.7119782681923883,,,,,,,,,,,,28,,,,,,,,,,blkboy`shead,,,,12861,,gross_parent,,,
,,,,,,,,0,0,171,,,,,,,0.7808788505685929,,,,,,,,,,,,0,,,,,,,,,,blkboyback,,,,170,,gross_parent,,,
,,,,,,,,11,2,302,,,,,,,0.723492665676114,,,,,,,,,,,,2,,,,,,,,,,blkboybetweenredandwhite,,,,301,,gross_parent,,,
,,,,,,,,3,0,82,,,,,,,0.6987629028953828,,,,,,,,,,,,0,,,,,,,,,,blkboydown,,,,81,,gross_parent,,,
,,,,,,,,348,3,556,,,,,,,0.2915467357351283,,,,,,,,,,,,2,,,,,,,,,,blkboyhead,,,,555,,gross_parent,,,
,,,,,,,,2988,34,6983,,,,,,,0.4115608471135338,,,,,,,,,,,,33,,,,,,,,,,blkboylefttheNo_21,,,,6930,,gross_parent,,,
,,,,,,,,810,3,1436,,,,,,,0.3440500064781099,,,,,,,,,,,,2,,,,,,,,,,blkboystand,,,,1435,,gross_parent,,,
,,,,,,,,0,0,340,,,,,,,0.8644149916362858,,,,,,,,,,,,0,,,,,,,,,,blkboytakesumbrella,,,,339,,gross_parent,,,
,,,,,,,,319,3,764,,,,,,,0.3734479023234174,,,,,,,,,,,,2,,,,,,,,,,blkcaratfrontbluebus,,,,763,,gross_parent,,,
,,,,,,,,0,0,342,,,,,,,0.7470004556913004,,,,,,,,,,,,0,,,,,,,,,,blkgirlumbrella,,,,341,,gross_parent,,,
,,,,,,,,59,4,564,,,,,,,0.648866951786882,,,,,,,,,,,,3,,,,,,,,,,blkhairgirltakingblkbag,,,,563,,gross_parent,,,
,,,,,,,,17,1,187,,,,,,,0.7196088534769104,,,,,,,,,,,,1,,,,,,,,,,blkmoto2north,,,,186,,gross_parent,,,
,,,,,,,,0,0,190,,,,,,,0.8153190860425681,,,,,,,,,,,,0,,,,,,,,,,blkstandboy,,,,189,,gross_parent,,,
,,,,,,,,0,0,142,,,,,,,0.8585839382760446,,,,,,,,,,,,0,,,,,,,,,,blktribikecome,,,,141,,gross_parent,,,
,,,,,,,,0,0,330,,,,,,,0.8404003318828225,,,,,,,,,,,,0,,,,,,,,,,blueboy,,,,329,,gross_parent,,,
,,,,,,,,1,0,421,,,,,,,0.7790993938917665,,,,,,,,,,,,0,,,,,,,,,,blueboy421,,,,420,,gross_parent,,,
,,,,,,,,0,0,1437,,,,,,,0.8646917223646983,,,,,,,,,,,,0,,,,,,,,,,bluebuscoming,,,,1436,,gross_parent,,,
,,,,,,,,6,1,222,,,,,,,0.7698710559341722,,,,,,,,,,,,1,,,,,,,,,,bluegirlbiketurn,,,,221,,gross_parent,,,
,,,,,,,,404,2,506,,,,,,,0.10464248428108873,,,,,,,,,,,,1,,,,,,,,,,bottlebetweenboy`sfeet,,,,505,,gross_parent,,,
,,,,,,,,55,5,206,,,,,,,0.5329048521838058,,,,,,,,,,,,4,,,,,,,,,,boy2basketballground,,,,205,,gross_parent,,,
,,,,,,,,90,4,1788,,,,,,,0.6789783920649689,,,,,,,,,,,,3,,,,,,,,,,boy2buildings,,,,1787,,gross_parent,,,
,,,,,,,,1,0,203,,,,,,,0.8218828768952201,,,,,,,,,,,,0,,,,,,,,,,boy2trees,,,,202,,gross_parent,,,
,,,,,,,,160,3,1083,,,,,,,0.5937684301319431,,,,,,,,,,,,3,,,,,,,,,,boy2treesfindbike,,,,1082,,gross_parent,,,
,,,,,,,,484,5,851,,,,,,,0.3034742456160012,,,,,,,,,,,,4,,,,,,,,,,boy`headwithouthat,,,,850,,gross_parent,,,
,,,,,,,,111,3,269,,,,,,,0.36315146659202985,,,,,,,,,,,,2,,,,,,,,,,boy`sheadingreycol,,,,268,,gross_parent,,,
,,,,,,,,6,1,102,,,,,,,0.7617797442203578,,,,,,,,,,,,1,,,,,,,,,,boyaftertree,,,,101,,gross_parent,,,
,,,,,,,,813,4,2469,,,,,,,0.5205928338287643,,,,,,,,,,,,4,,,,,,,,,,boyaroundtrees,,,,2457,,gross_parent,,,
,,,,,,,,52,4,494,,,,,,,0.701293242545966,,,,,,,,,,,,4,,,,,,,,,,boyatdoorturnright,,,,493,,gross_parent,,,
,,,,,,,,21,1,751,,,,,,,0.7560175741481819,,,,,,,,,,,,1,,,,,,,,,,boydownplatform,,,,750,,gross_parent,,,
,,,,,,,,0,0,285,,,,,,,0.8256053016934563,,,,,,,,,,,,0,,,,,,,,,,boyfromdark,,,,283,,gross_parent,,,
,,,,,,,,12,2,319,,,,,,,0.7735621280994743,,,,,,,,,,,,2,,,,,,,,,,boyinlight,,,,318,,gross_parent,,,
,,,,,,,,31,2,975,,,,,,,0.6975014467204382,,,,,,,,,,,,2,,,,,,,,,,boyinplatform,,,,974,,gross_parent,,,
,,,,,,,,13,1,1418,,,,,,,0.8424816667147866,,,,,,,,,,,,1,,,,,,,,,,boyinsnowfield3,,,,1417,,gross_parent,,,
,,,,,,,,82,3,426,,,,,,,0.5972732100483781,,,,,,,,,,,,2,,,,,,,,,,boyleftblkrunning2crowd,,,,425,,gross_parent,,,
,,,,,,,,156,3,4921,,,,,,,0.8227544613039557,,,,,,,,,,,,2,,,,,,,,,,boylefttheNo_9boy,,,,4919,,gross_parent,,,
,,,,,,,,0,0,310,,,,,,,0.7400018261122031,,,,,,,,,,,,0,,,,,,,,,,boyoncall,,,,308,,gross_parent,,,
,,,,,,,,14,3,436,,,,,,,0.7686850334051761,,,,,,,,,,,,3,,,,,,,,,,boyplayphone,,,,434,,gross_parent,,,
,,,,,,,,804,7,1840,,,,,,,0.3240344310401688,,,,,,,,,,,,6,,,,,,,,,,boyride2path,,,,1837,,gross_parent,,,
,,,,,,,,0,0,182,,,,,,,0.9236340061045796,,,,,,,,,,,,0,,,,,,,,,,boyruninsnow,,,,181,,gross_parent,,,
,,,,,,,,30,2,464,,,,,,,0.6927414839657238,,,,,,,,,,,,2,,,,,,,,,,boyscomeleft,,,,463,,gross_parent,,,
,,,,,,,,22,2,9684,,,,,,,0.7441836993202874,,,,,,,,,,,,2,,,,,,,,,,boyshead9684,,,,9683,,gross_parent,,,
,,,,,,,,52,6,375,,,,,,,0.5489279181455416,,,,,,,,,,,,5,,,,,,,,,,boyss,,,,374,,gross_parent,,,
,,,,,,,,531,5,1432,,,,,,,0.4862052390734928,,,,,,,,,,,,4,,,,,,,,,,boytakingbasketballfollowing,,,,1431,,gross_parent,,,
,,,,,,,,0,0,262,,,,,,,0.7457774368968318,,,,,,,,,,,,0,,,,,,,,,,boytakingplate2left,,,,259,,gross_parent,,,
,,,,,,,,499,2,613,,,,,,,0.14544577778767065,,,,,,,,,,,,1,,,,,,,,,,boyunder2baskets,,,,612,,gross_parent,,,
,,,,,,,,0,0,965,,,,,,,0.7864792746668687,,,,,,,,,,,,0,,,,,,,,,,boywaitgirl,,,,964,,gross_parent,,,
,,,,,,,,0,0,658,,,,,,,0.8679176411248147,,,,,,,,,,,,0,,,,,,,,,,boywalkinginsnow2,,,,657,,gross_parent,,,
,,,,,,,,595,39,9538,,,,,,,0.6572798507229145,,,,,,,,,,,,39,,,,,,,,,,broom,,,,9531,,gross_parent,,,
,,,,,,,,0,0,114,,,,,,,0.705699662394616,,,,,,,,,,,,0,,,,,,,,,,carbehindtrees,,,,113,,gross_parent,,,
,,,,,,,,0,0,101,,,,,,,0.8631662201358956,,,,,,,,,,,,0,,,,,,,,,,carcomeonlight,,,,100,,gross_parent,,,
,,,,,,,,242,2,391,,,,,,,0.2845688675793641,,,,,,,,,,,,1,,,,,,,,,,carcomingfromlight,,,,390,,gross_parent,,,
,,,,,,,,0,0,155,,,,,,,0.7672277411695447,,,,,,,,,,,,0,,,,,,,,,,carcominginlight,,,,154,,gross_parent,,,
,,,,,,,,0,0,70,,,,,,,0.8146335010032804,,,,,,,,,,,,0,,,,,,,,,,carlight2,,,,69,,gross_parent,,,
,,,,,,,,0,0,93,,,,,,,0.8532036025867337,,,,,,,,,,,,0,,,,,,,,,,carlightcome2,,,,92,,gross_parent,,,
,,,,,,,,0,0,86,,,,,,,0.7791630034346094,,,,,,,,,,,,0,,,,,,,,,,caronlight,,,,85,,gross_parent,,,
,,,,,,,,0,0,117,,,,,,,0.889295126997532,,,,,,,,,,,,0,,,,,,,,,,carturn117,,,,116,,gross_parent,,,
,,,,,,,,237,2,481,,,,,,,0.3682502418855814,,,,,,,,,,,,1,,,,,,,,,,carwillturn,,,,480,,gross_parent,,,
,,,,,,,,0,0,91,,,,,,,0.8827460787408563,,,,,,,,,,,,0,,,,,,,,,,catbrown2,,,,90,,gross_parent,,,
,,,,,,,,297,1,1343,,,,,,,0.6677930114214492,,,,,,,,,,,,1,,,,,,,,,,catbrownback2bush,,,,1342,,gross_parent,,,
,,,,,,,,38,1,101,,,,,,,0.45165455384998326,,,,,,,,,,,,0,,,,,,,,,,couple,,,,100,,gross_parent,,,
,,,,,,,,0,0,84,,,,,,,0.9334216573317238,,,,,,,,,,,,0,,,,,,,,,,darkcarturn,,,,83,,gross_parent,,,
,,,,,,,,0,0,613,,,,,,,0.8164529542898423,,,,,,,,,,,,0,,,,,,,,,,darkgirl,,,,612,,gross_parent,,,
,,,,,,,,89,8,749,,,,,,,0.5512910727690454,,,,,,,,,,,,8,,,,,,,,,,darkouterwhiteboy,,,,748,,gross_parent,,,
,,,,,,,,30,1,503,,,,,,,0.7093243943312901,,,,,,,,,,,,1,,,,,,,,,,darktreesboy,,,,502,,gross_parent,,,
,,,,,,,,576,1,1117,,,,,,,0.3956651593420382,,,,,,,,,,,,0,,,,,,,,,,drillmaster1117,,,,1116,,gross_parent,,,
,,,,,,,,481,1,982,,,,,,,0.3875826879123541,,,,,,,,,,,,1,,,,,,,,,,drillmasterfollowingatright,,,,981,,gross_parent,,,
,,,,,,,,30,1,254,,,,,,,0.5977217871363001,,,,,,,,,,,,1,,,,,,,,,,farfatboy,,,,253,,gross_parent,,,
,,,,,,,,585,5,1160,,,,,,,0.3024720089580614,,,,,,,,,,,,4,,,,,,,,,,firstexercisebook,,,,1159,,gross_parent,,,
,,,,,,,,27,2,193,,,,,,,0.5140896822868417,,,,,,,,,,,,2,,,,,,,,,,foamatgirl`srighthand,,,,192,,gross_parent,,,
,,,,,,,,209,9,1146,,,,,,,0.6068913681368049,,,,,,,,,,,,9,,,,,,,,,,foldedfolderatlefthand,,,,1145,,gross_parent,,,
,,,,,,,,0,0,151,,,,,,,0.6392091834235849,,,,,,,,,,,,0,,,,,,,,,,girl2left3man1,,,,150,,gross_parent,,,
,,,,,,,,465,1,571,,,,,,,0.10911848399661785,,,,,,,,,,,,0,,,,,,,,,,girl`sblkbag,,,,570,,gross_parent,,,
,,,,,,,,0,0,1130,,,,,,,0.8889650247749551,,,,,,,,,,,,0,,,,,,,,,,girlafterglassdoor,,,,1129,,gross_parent,,,
,,,,,,,,151,3,1217,,,,,,,0.55325610675088,,,,,,,,,,,,3,,,,,,,,,,girldownstairfromlight,,,,1216,,gross_parent,,,
,,,,,,,,8,1,1033,,,,,,,0.8353714955991604,,,,,,,,,,,,1,,,,,,,,,,girlfromlight_quezhen,,,,1032,,gross_parent,,,
,,,,,,,,0,0,312,,,,,,,0.8465109528281854,,,,,,,,,,,,0,,,,,,,,,,girlinrain,,,,311,,gross_parent,,,
,,,,,,,,40,6,304,,,,,,,0.63954269823629,,,,,,,,,,,,6,,,,,,,,,,girllongskirt,,,,303,,gross_parent,,,
,,,,,,,,475,10,986,,,,,,,0.3703368237203789,,,,,,,,,,,,9,,,,,,,,,,girlof2leaders,,,,985,,gross_parent,,,
,,,,,,,,75,2,308,,,,,,,0.581831976281888,,,,,,,,,,,,2,,,,,,,,,,girlrightthewautress,,,,307,,gross_parent,,,
,,,,,,,,0,0,2858,,,,,,,0.7304171629268836,,,,,,,,,,,,0,,,,,,,,,,girlunderthestreetlamp,,,,2857,,gross_parent,,,
,,,,,,,,39,1,282,,,,,,,0.6701741132660607,,,,,,,,,,,,1,,,,,,,,,,guardunderthecolumn,,,,281,,gross_parent,,,
,,,,,,,,0,0,542,,,,,,,0.8198454064804478,,,,,,,,,,,,0,,,,,,,,,,hugboy,,,,541,,gross_parent,,,
,,,,,,,,2456,32,4317,,,,,,,0.2696459175242278,,,,,,,,,,,,31,,,,,,,,,,hyalinepaperfrontface,,,,4316,,gross_parent,,,
,,,,,,,,177,6,1475,,,,,,,0.7097809473020705,,,,,,,,,,,,6,,,,,,,,,,large,,,,1474,,gross_parent,,,
,,,,,,,,1017,2,1116,,,,,,,0.06490540733618218,,,,,,,,,,,,1,,,,,,,,,,lastleftgirl,,,,1115,,gross_parent,,,
,,,,,,,,1302,15,3650,,,,,,,0.5044670760683967,,,,,,,,,,,,14,,,,,,,,,,leftblkTboy,,,,3439,,gross_parent,,,
,,,,,,,,1751,36,3991,,,,,,,0.28533043206792086,,,,,,,,,,,,35,,,,,,,,,,leftbottle2hang,,,,3990,,gross_parent,,,
,,,,,,,,950,3,1244,,,,,,,0.16360115482705598,,,,,,,,,,,,2,,,,,,,,,,leftboy2jointhe4,,,,1243,,gross_parent,,,
,,,,,,,,197,1,744,,,,,,,0.5727666280790232,,,,,,,,,,,,1,,,,,,,,,,leftboyoutofthetroop,,,,743,,gross_parent,,,
,,,,,,,,310,4,1400,,,,,,,0.6012261017690298,,,,,,,,,,,,4,,,,,,,,,,leftchair,,,,1399,,gross_parent,,,
,,,,,,,,44,3,566,,,,,,,0.5831285914470077,,,,,,,,,,,,2,,,,,,,,,,lefterbike,,,,565,,gross_parent,,,
,,,,,,,,185,5,1102,,,,,,,0.5135119673467149,,,,,,,,,,,,5,,,,,,,,,,leftexcersicebookyellow,,,,1101,,gross_parent,,,
,,,,,,,,4,1,903,,,,,,,0.707891089001164,,,,,,,,,,,,1,,,,,,,,,,leftfarboycomingpicktheball,,,,902,,gross_parent,,,
,,,,,,,,56,2,251,,,,,,,0.5889755751235609,,,,,,,,,,,,1,,,,,,,,,,leftgirl'swhitebag,,,,249,,gross_parent,,,
,,,,,,,,494,18,1905,,,,,,,0.4932564214651276,,,,,,,,,,,,18,,,,,,,,,,lefthyalinepaper2rgb,,,,1904,,gross_parent,,,
,,,,,,,,345,13,1802,,,,,,,0.603268522422132,,,,,,,,,,,,13,,,,,,,,,,lefthyalinepaperfrontpants,,,,1801,,gross_parent,,,
,,,,,,,,313,23,1879,,,,,,,0.6897501782623292,,,,,,,,,,,,23,,,,,,,,,,leftmirror,,,,1878,,gross_parent,,,
,,,,,,,,306,13,2265,,,,,,,0.5947163147884877,,,,,,,,,,,,13,,,,,,,,,,leftmirrorlikesky,,,,2264,,gross_parent,,,
,,,,,,,,955,10,1732,,,,,,,0.31930014677437524,,,,,,,,,,,,9,,,,,,,,,,leftmirrorside,,,,1731,,gross_parent,,,
,,,,,,,,14,1,170,,,,,,,0.4856537741326572,,,,,,,,,,,,0,,,,,,,,,,leftopenexersicebook,,,,167,,gross_parent,,,
,,,,,,,,57,1,66,,,,,,,0.07418223108021442,,,,,,,,,,,,0,,,,,,,,,,leftpingpongball,,,,65,,gross_parent,,,
,,,,,,,,14,1,148,,,,,,,0.7238958128615214,,,,,,,,,,,,1,,,,,,,,,,leftrushingboy,,,,147,,gross_parent,,,
,,,,,,,,732,3,986,,,,,,,0.1928817400607492,,,,,,,,,,,,2,,,,,,,,,,leftunderbasket,,,,985,,gross_parent,,,
,,,,,,,,141,2,1981,,,,,,,0.7322626528017486,,,,,,,,,,,,2,,,,,,,,,,leftuphand,,,,1980,,gross_parent,,,
,,,,,,,,0,0,1676,,,,,,,0.774116463349309,,,,,,,,,,,,0,,,,,,,,,,littelbabycryingforahug,,,,1675,,gross_parent,,,
,,,,,,,,3,1,33,,,,,,,0.722722096444076,,,,,,,,,,,,1,,,,,,,,,,lowerfoamboard,,,,31,,gross_parent,,,
,,,,,,,,16,1,1096,,,,,,,0.8184705567030026,,,,,,,,,,,,0,,,,,,,,,,mandownstair,,,,1095,,gross_parent,,,
,,,,,,,,0,0,408,,,,,,,0.8357644205256448,,,,,,,,,,,,0,,,,,,,,,,manfromtoilet,,,,407,,gross_parent,,,
,,,,,,,,40,1,254,,,,,,,0.6508410123326152,,,,,,,,,,,,1,,,,,,,,,,mangetsoff,,,,253,,gross_parent,,,
,,,,,,,,26,4,521,,,,,,,0.7187785914193104,,,,,,,,,,,,4,,,,,,,,,,manoncall,,,,520,,gross_parent,,,
,,,,,,,,12,1,273,,,,,,,0.804209958375855,,,,,,,,,,,,1,,,,,,,,,,mansimiliar,,,,272,,gross_parent,,,
,,,,,,,,0,0,123,,,,,,,0.8186173043400757,,,,,,,,,,,,0,,,,,,,,,,mantostartcar,,,,122,,gross_parent,,,
,,,,,,,,0,0,353,,,,,,,0.7944867737183369,,,,,,,,,,,,0,,,,,,,,,,midblkgirl,,,,352,,gross_parent,,,
,,,,,,,,1664,17,7258,,,,,,,0.6086912968593458,,,,,,,,,,,,17,,,,,,,,,,midboyNo_9,,,,7257,,gross_parent,,,
,,,,,,,,185,2,664,,,,,,,0.560596048473166,,,,,,,,,,,,1,,,,,,,,,,middrillmaster,,,,663,,gross_parent,,,
,,,,,,,,585,13,3226,,,,,,,0.577277166615794,,,,,,,,,,,,12,,,,,,,,,,midgreyboyrunningcoming,,,,3225,,gross_parent,,,
,,,,,,,,85,1,439,,,,,,,0.6237758460248989,,,,,,,,,,,,0,,,,,,,,,,midof3girls,,,,438,,gross_parent,,,
,,,,,,,,1925,15,7309,,,,,,,0.5937262692859042,,,,,,,,,,,,15,,,,,,,,,,midredboy,,,,7293,,gross_parent,,,
,,,,,,,,202,2,442,,,,,,,0.3769836283096607,,,,,,,,,,,,1,,,,,,,,,,midrunboywithwhite,,,,441,,gross_parent,,,
,,,,,,,,0,0,78,,,,,,,0.8576693878996806,,,,,,,,,,,,0,,,,,,,,,,minibus,,,,77,,gross_parent,,,
,,,,,,,,37,1,214,,,,,,,0.668696007568529,,,,,,,,,,,,0,,,,,,,,,,minibusgoes2left,,,,213,,gross_parent,,,
,,,,,,,,0,0,254,,,,,,,0.8696196502099396,,,,,,,,,,,,0,,,,,,,,,,moto,,,,253,,gross_parent,,,
,,,,,,,,0,0,84,,,,,,,0.7480230496362282,,,,,,,,,,,,0,,,,,,,,,,motocomeonlight,,,,83,,gross_parent,,,
,,,,,,,,0,0,127,,,,,,,0.8074402079080787,,,,,,,,,,,,0,,,,,,,,,,motogoesaloongS,,,,126,,gross_parent,,,
,,,,,,,,40,2,306,,,,,,,0.5594636621414688,,,,,,,,,,,,1,,,,,,,,,,mototaking2boys306,,,,305,,gross_parent,,,
,,,,,,,,0,0,122,,,,,,,0.8284147529915059,,,,,,,,,,,,0,,,,,,,,,,mototurneast,,,,121,,gross_parent,,,
,,,,,,,,0,0,95,,,,,,,0.7768461473348535,,,,,,,,,,,,0,,,,,,,,,,motowithbluetop,,,,94,,gross_parent,,,
,,,,,,,,11,2,808,,,,,,,0.819216880928691,,,,,,,,,,,,2,,,,,,,,,,pingpingpad3,,,,807,,gross_parent,,,
,,,,,,,,198,7,1270,,,,,,,0.6615268404317828,,,,,,,,,,,,6,,,,,,,,,,pinkwithblktopcup,,,,1269,,gross_parent,,,
,,,,,,,,0,0,334,,,,,,,0.835710496603667,,,,,,,,,,,,0,,,,,,,,,,raincarturn,,,,333,,gross_parent,,,
,,,,,,,,0,0,157,,,,,,,0.8406863802840258,,,,,,,,,,,,0,,,,,,,,,,rainycarcome_ab,,,,156,,gross_parent,,,
,,,,,,,,5,1,150,,,,,,,0.7348941221583654,,,,,,,,,,,,1,,,,,,,,,,redboygoright,,,,149,,gross_parent,,,
,,,,,,,,0,0,262,,,,,,,0.8690508531617742,,,,,,,,,,,,0,,,,,,,,,,redcarcominginlight,,,,261,,gross_parent,,,
,,,,,,,,0,0,104,,,,,,,0.7037199871774822,,,,,,,,,,,,0,,,,,,,,,,redetricycle,,,,103,,gross_parent,,,
,,,,,,,,11,1,662,,,,,,,0.6937085461584012,,,,,,,,,,,,1,,,,,,,,,,redmidboy,,,,661,,gross_parent,,,
,,,,,,,,268,7,730,,,,,,,0.5259817197963677,,,,,,,,,,,,6,,,,,,,,,,redroadlatboy,,,,729,,gross_parent,,,
,,,,,,,,0,0,168,,,,,,,0.6902416920861179,,,,,,,,,,,,0,,,,,,,,,,redtricycle,,,,167,,gross_parent,,,
,,,,,,,,1078,7,1750,,,,,,,0.27345249981264963,,,,,,,,,,,,6,,,,,,,,,,right2ndflagformath,,,,1749,,gross_parent,,,
,,,,,,,,431,8,1916,,,,,,,0.5473305251090654,,,,,,,,,,,,7,,,,,,,,,,right5thflag,,,,1898,,gross_parent,,,
,,,,,,,,106,2,225,,,,,,,0.3779173709069242,,,,,,,,,,,,1,,,,,,,,,,rightbike,,,,224,,gross_parent,,,
,,,,,,,,0,0,416,,,,,,,0.746579276675696,,,,,,,,,,,,0,,,,,,,,,,rightbike-gai,,,,415,,gross_parent,,,
,,,,,,,,889,7,4386,,,,,,,0.6560817947208588,,,,,,,,,,,,7,,,,,,,,,,rightblkboy4386,,,,4385,,gross_parent,,,
,,,,,,,,0,0,279,,,,,,,0.7565872673538417,,,,,,,,,,,,0,,,,,,,,,,rightblkboystand,,,,277,,gross_parent,,,
,,,,,,,,0,0,386,,,,,,,0.79640901458569,,,,,,,,,,,,0,,,,,,,,,,rightblkfatboyleftwhite,,,,385,,gross_parent,,,
,,,,,,,,0,0,353,,,,,,,0.6928321740453889,,,,,,,,,,,,0,,,,,,,,,,rightbluewhite,,,,352,,gross_parent,,,
,,,,,,,,558,25,1388,,,,,,,0.3484005948464204,,,,,,,,,,,,24,,,,,,,,,,rightbottlecomes,,,,1387,,gross_parent,,,
,,,,,,,,5,1,504,,,,,,,0.7561045276983155,,,,,,,,,,,,1,,,,,,,,,,rightboy504,,,,503,,gross_parent,,,
,,,,,,,,424,1,1050,,,,,,,0.4937757247828447,,,,,,,,,,,,0,,,,,,,,,,rightcameraman,,,,1049,,gross_parent,,,
,,,,,,,,242,4,561,,,,,,,0.31878522230692347,,,,,,,,,,,,3,,,,,,,,,,rightcar-chongT,,,,560,,gross_parent,,,
,,,,,,,,320,3,604,,,,,,,0.3578783358917191,,,,,,,,,,,,2,,,,,,,,,,rightcomingstrongboy,,,,603,,gross_parent,,,
,,,,,,,,339,2,1133,,,,,,,0.504160858344951,,,,,,,,,,,,1,,,,,,,,,,rightdarksingleman,,,,1132,,gross_parent,,,
,,,,,,,,606,3,668,,,,,,,0.06559846042834222,,,,,,,,,,,,2,,,,,,,,,,rightgirltakingcup,,,,667,,gross_parent,,,
,,,,,,,,46,2,308,,,,,,,0.6239673993884273,,,,,,,,,,,,2,,,,,,,,,,rightwaiter1_quezhen,,,,307,,gross_parent,,,
,,,,,,,,226,3,386,,,,,,,0.31901352971518454,,,,,,,,,,,,2,,,,,,,,,,runningcameragirl,,,,385,,gross_parent,,,
,,,,,,,,299,3,832,,,,,,,0.32246731304399123,,,,,,,,,,,,2,,,,,,,,,,shinybikeboy2left,,,,831,,gross_parent,,,
,,,,,,,,41,1,359,,,,,,,0.6192914715872597,,,,,,,,,,,,0,,,,,,,,,,shinycarcoming,,,,358,,gross_parent,,,
,,,,,,,,49,2,602,,,,,,,0.6337542111896161,,,,,,,,,,,,1,,,,,,,,,,shinycarcoming2,,,,601,,gross_parent,,,
,,,,,,,,0,0,201,,,,,,,0.9320136892184558,,,,,,,,,,,,0,,,,,,,,,,silvercarturn,,,,200,,gross_parent,,,
,,,,,,,,8,1,662,,,,,,,0.8267744557447286,,,,,,,,,,,,1,,,,,,,,,,small-gai,,,,661,,gross_parent,,,
,,,,,,,,0,0,683,,,,,,,0.8292439425863936,,,,,,,,,,,,0,,,,,,,,,,standblkboy,,,,682,,gross_parent,,,
,,,,,,,,0,0,664,,,,,,,0.7523879881364323,,,,,,,,,,,,0,,,,,,,,,,swan_0109,,,,663,,gross_parent,,,
,,,,,,,,2,0,152,,,,,,,0.5933679078490184,,,,,,,,,,,,0,,,,,,,,,,truckgonorth,,,,151,,gross_parent,,,
,,,,,,,,299,25,1171,,,,,,,0.5572153021022184,,,,,,,,,,,,24,,,,,,,,,,turning1strowleft2ndboy,,,,1170,,gross_parent,,,
,,,,,,,,0,0,192,,,,,,,0.8713380098433158,,,,,,,,,,,,0,,,,,,,,,,umbreboyoncall,,,,191,,gross_parent,,,
,,,,,,,,59,4,319,,,,,,,0.5786215453515027,,,,,,,,,,,,4,,,,,,,,,,umbrella,,,,318,,gross_parent,,,
,,,,,,,,4,0,475,,,,,,,0.7538129833065392,,,,,,,,,,,,0,,,,,,,,,,umbrellabyboy,,,,474,,gross_parent,,,
,,,,,,,,49,2,566,,,,,,,0.6638597216641733,,,,,,,,,,,,2,,,,,,,,,,umbrellawillbefold,,,,565,,gross_parent,,,
,,,,,,,,67,1,490,,,,,,,0.7051103298465882,,,,,,,,,,,,1,,,,,,,,,,umbrellawillopen,,,,489,,gross_parent,,,
,,,,,,,,0,0,680,,,,,,,0.7778174889466202,,,,,,,,,,,,0,,,,,,,,,,waitresscoming,,,,679,,gross_parent,,,
,,,,,,,,157,1,566,,,,,,,0.5367072520179673,,,,,,,,,,,,0,,,,,,,,,,whitebikebelow,,,,565,,gross_parent,,,
,,,,,,,,84,1,691,,,,,,,0.738905570066922,,,,,,,,,,,,1,,,,,,,,,,whiteboyrightcoccergoal,,,,690,,gross_parent,,,
,,,,,,,,0,0,84,,,,,,,0.8894820999030274,,,,,,,,,,,,0,,,,,,,,,,whitecarcomeinrain,,,,83,,gross_parent,,,
,,,,,,,,144,2,683,,,,,,,0.6691159129327175,,,,,,,,,,,,2,,,,,,,,,,whitecarturn683,,,,682,,gross_parent,,,
,,,,,,,,0,0,57,,,,,,,0.8752487982167694,,,,,,,,,,,,0,,,,,,,,,,whitecarturnleft,,,,56,,gross_parent,,,
,,,,,,,,0,0,103,,,,,,,0.7806736250034533,,,,,,,,,,,,0,,,,,,,,,,whitecarturnright,,,,102,,gross_parent,,,
,,,,,,,,4,1,67,,,,,,,0.6730675190979168,,,,,,,,,,,,0,,,,,,,,,,whitefardown,,,,66,,gross_parent,,,
,,,,,,,,33,2,155,,,,,,,0.5673760554528309,,,,,,,,,,,,1,,,,,,,,,,whitefargirl,,,,154,,gross_parent,,,
,,,,,,,,11,1,589,,,,,,,0.769374062014312,,,,,,,,,,,,1,,,,,,,,,,whitegirlinlight,,,,588,,gross_parent,,,
,,,,,,,,369,1,549,,,,,,,0.23147718103810852,,,,,,,,,,,,0,,,,,,,,,,whitegirltakingchopsticks,,,,548,,gross_parent,,,
,,,,,,,,32,4,203,,,,,,,0.677766711741391,,,,,,,,,,,,4,,,,,,,,,,whiteofboys,,,,202,,gross_parent,,,
,,,,,,,,105,1,425,,,,,,,0.49840921559223494,,,,,,,,,,,,1,,,,,,,,,,whiteridingbike,,,,424,,gross_parent,,,
,,,,,,,,25,2,346,,,,,,,0.7640062625265642,,,,,,,,,,,,2,,,,,,,,,,whiterunningboy,,,,345,,gross_parent,,,
,,,,,,,,207,10,818,,,,,,,0.5597742855409613,,,,,,,,,,,,9,,,,,,,,,,whiteskirtgirlcomingfromgoal,,,,817,,gross_parent,,,
,,,,,,,,0,0,137,,,,,,,0.8759422238857344,,,,,,,,,,,,0,,,,,,,,,,whitesuvturn,,,,136,,gross_parent,,,
,,,,,,,,0,0,95,,,,,,,0.8207127946848252,,,,,,,,,,,,0,,,,,,,,,,womanback2car,,,,94,,gross_parent,,,
,,,,,,,,28,1,118,,,,,,,0.4845299321834225,,,,,,,,,,,,0,,,,,,,,,,yellowgirl118,,,,117,,gross_parent,,,
,,,,,,,,0,0,361,,,,,,,0.8321695966055338,,,,,,,,,,,,0,,,,,,,,,,yellowskirt,,,,360,,gross_parent,,,
303,303,0,1445,7.78328130397061,0,0,6,0,0,304,303,1445,0,155,303,0,0.8117753201112833,303.0000017524629,0.0,88.96787732839584,0.0,302.99999700379936,0.0,88.92626410722733,0.0,0,0,0,0,0,1150902.4820753091,6,0,0,0,0,6,0,10runone,155,303,0,303,303,selected_ABC,0,0,0
150,133,18,855,23.367821232067108,2,0,20,18,1,152,151,855,0,7,150,1,0.7466486770341841,151.00000038833008,0.0,4.017423629760742,0.0,150.99999926223452,0.0,4.015839219093323,0.0,0,0,0,1,0,10044074.312093679,20,1,1,1,1,20,18,11leftboy,7,151,2,151,151,selected_ABC,0,0,0
292,290,2,1422,9.8659591444322,1,0,7,3,1,295,294,1422,0,26,292,2,0.790965565935429,294.00000641411594,0.0,14.924359619617462,0.0,293.9999954273794,0.0,14.916712880134583,0.0,0,0,0,0,0,542977.6938676583,7,1,1,0,0,7,3,11runtwo,26,294,1,294,294,selected_ABC,0,0,0
850,850,0,4185,4.454897755692872,0,0,0,0,0,851,850,4185,0,698,850,0,0.8423212791833219,849.9999951533813,0.0,400.7036179304123,0.0,849.9999990203813,0.0,400.54667270183563,0.0,0,0,0,0,0,0.0,0,0,0,0,0,0,0,1blackteacher,698,850,0,850,850,selected_ABC,0,0,0
173,173,0,865,5.025741991832412,0,0,0,0,0,174,173,865,0,173,173,0,0.7875375112062143,172.99999917818664,0.0,99.3211886882782,0.0,173.00000136531122,0.0,99.27886164188385,0.0,0,0,0,0,0,0.0,0,0,0,0,0,0,0,1boycoming,173,173,0,173,173,selected_ABC,0,0,0
588,175,2995,29736,1272.9281309868454,0,0,2709,2995,6,3377,3376,29736,0,0,389,2987,0.06130505925727267,3376.0,0.0,0.0,0.0,3376.0,0.0,0.0,0.0,199,0,0,5,0,321095633.0968016,2709,0,0,0,0,2510,2995,1stcol4thboy,0,3376,0,3376,3376,selected_ABC,0,0,0
39,32,699,4708,260.84943298579924,0,0,249,699,1,732,731,4708,0,54,38,693,0.03593739961449364,730.9999901447346,513.2925705623501,31.00825470685959,26.98987752199173,731.0000039110065,602.5417954668075,30.984009444713593,26.96774959564209,1,0,0,0,0,33264136.475471538,249,0,0,0,0,248,699,1strowleftboyturning,54,731,0,731,731,selected_ABC,693,0,47
3262,3184,224,17708,232.77054251007473,3,0,181,224,3,3817,3816,17708,0,0,3226,590,0.6315654539346777,3816.0,0.0,0.0,0.0,3816.0,0.0,0.0,0.0,36,0,0,2,0,3266358.9285797663,181,0,0,1,0,145,224,1strowrightdrillmaster,0,3816,3,3816,3816,selected_ABC,0,0,0
2222,1636,1718,27955,1271.0996534552376,10,0,2078,1714,34,3540,3539,27955,0,16,2072,1467,0.37906401788665395,3539.000038069644,0.0,9.186958968639374,0.0,3538.999941844346,0.0,9.180360019207,0.0,150,0,0,33,0,253575411.90140727,2078,0,1,4,4,1928,1714,1strowrightgirl3540,16,3539,10,3539,3539,selected_ABC,0,0,0
212,212,2,1031,4.9478871284715735,0,0,0,2,0,222,221,1031,0,121,212,9,0.758098524485867,221.00000046917492,0.0,69.4822279214859,0.0,220.99999823010023,0.0,69.42307424545288,0.0,0,0,0,0,0,0.0,0,0,0,0,0,0,2,2girl,121,221,0,221,221,selected_ABC,0,0,0
26,21,214,1374,73.7919981133455,3,0,71,215,1,238,236,1364,0,0,23,213,0.059674865136442504,236.0,0.0,0.0,0.0,236.0,0.0,0.0,0.0,3,0,0,0,0,11489794.20681136,71,1,1,0,0,67,215,2girlup,0,237,3,236,236,selected_ABC,0,0,0
269,269,0,1293,1.6110178849806016,0,0,0,0,0,270,269,1293,0,80,269,0,0.8197828281715794,268.99999954181214,0.0,45.91522216796875,0.0,268.999992858686,0.0,45.89511555433273,0.0,0,0,0,0,0,0.0,0,0,0,0,0,0,0,2runseven,80,269,0,269,269,selected_ABC,0,0,0
110,110,0,553,2.194947737027108,0,0,0,0,0,117,116,553,0,48,110,6,0.7192057728125567,116.00000188311952,0.0,27.56253707408905,0.0,116.00000055490395,0.0,27.5386181473732,0.0,0,0,0,0,0,0.0,0,0,0,0,0,0,0,3bike1,48,116,0,116,116,selected_ABC,0,0,0
174,174,0,810,3.813877280013446,0,0,0,0,0,181,180,810,0,134,174,6,0.7701829655591593,179.99999961021462,0.0,76.9823750257492,0.0,180.00000172764933,0.0,76.91665643453598,0.0,0,0,0,0,0,0.0,0,0,0,0,0,0,0,3men,134,180,0,180,180,selected_ABC,0,0,0
221,221,1,1294,13.908427380028227,0,0,27,1,0,234,227,1234,0,108,221,6,0.7964674018381201,226.99999713220816,0.0,62.013958513736725,0.0,227.00000163512416,0.0,61.97204917669296,0.0,0,0,0,0,0,7615669.961906217,27,0,0,0,0,21,1,3pinkleft,108,233,0,227,227,selected_ABC,0,0,0
323,312,10,1680,23.67845549565637,3,0,20,9,2,331,330,1680,0,137,320,10,0.7934035905764104,329.9999996442924,0.0,78.62399983406067,0.0,329.9999999473131,0.0,78.59946721792221,0.0,3,0,0,2,0,2306775.6495958385,20,1,1,2,2,17,9,3rdfatboy,137,330,3,330,330,selected_ABC,0,0,0
630,571,231,4074,135.0331411990243,7,0,128,231,3,832,831,4074,0,0,617,214,0.5146719783499482,831.0,0.0,0.0,0.0,831.0,0.0,0.0,0.0,13,0,0,2,0,3227127.765423533,128,1,1,1,1,115,231,3rdgrouplastboy,0,831,7,831,831,selected_ABC,0,0,0
99,99,0,554,2.7570204625276094,0,0,11,0,0,104,103,554,0,79,99,4,0.8299086679761785,102.99999917484432,0.0,45.37440222501755,0.0,103.00000004542855,0.0,45.32813733816147,0.0,0,0,0,0,0,1582782.1167210527,11,0,0,0,0,11,0,3thmoto,79,103,0,103,103,selected_ABC,0,0,0
401,401,0,2032,13.63120014459324,0,0,0,0,0,414,413,2032,0,413,401,12,0.7520635423973959,412.99999963856914,0.0,237.15302520990372,0.0,412.9999991459641,0.0,236.96361166238785,0.0,0,0,0,0,0,0.0,0,0,0,0,0,0,0,4men,413,413,0,413,413,selected_ABC,0,0,0
295,260,54,1724,50.953147695712865,1,0,36,53,4,315,314,1724,0,62,288,26,0.6960086114130548,314.00000626183504,0.0,35.586331367492676,0.0,313.9999990440076,0.0,35.57142525911331,0.0,7,0,0,4,0,2261008.187286253,36,0,0,1,1,29,53,4thboywithwhite,62,314,1,314,314,selected_ABC,0,0,0
267,209,269,3275,117.44488449797923,0,0,173,269,2,487,486,3275,0,123,267,219,0.3569827415883384,485.99999189636253,0.0,70.5914226770401,0.0,486.0000059462381,0.0,70.57171660661697,0.0,0,0,0,1,0,34289661.34039275,173,0,0,0,0,173,269,7rightorangegirl,123,486,0,486,486,selected_ABC,0,0,0
266,265,88,1907,29.392607785263785,2,0,29,87,1,372,371,1907,0,216,266,105,0.519877948373753,370.99999979817903,0.0,124.0003393292427,0.0,370.9999978553983,0.0,123.92262029647827,0.0,0,0,0,1,0,2887098.5308280634,29,0,0,1,1,29,87,AQgirlwalkinrain,216,371,2,371,371,selected_ABC,0,0,0
94,94,0,450,1.2500105833944724,0,0,0,0,0,95,94,450,0,94,94,0,0.8377875832504317,93.99999956682478,0.0,53.98618644475937,0.0,94.00000028642492,0.0,53.93333715200424,0.0,0,0,0,0,0,0.0,0,0,0,0,0,0,0,AQtruck2north,94,94,0,94,94,selected_ABC,0,0,0
306,306,2,1808,5.348892867790057,0,0,41,2,0,353,312,1423,0,103,306,6,0.8309704612059312,312.00000104238507,0.0,59.13758856058121,0.0,311.9999996960514,0.0,59.093758285045624,0.0,0,0,0,0,0,3391013.53496472,41,0,0,0,0,4,2,ab_bikeoccluded,103,352,0,312,312,selected_ABC,0,0,0
379,366,112,2693,28.867605596494005,1,0,87,112,1,488,487,2693,0,274,373,114,0.6317500964339556,487.00000143039426,0.6627769263821098,157.32420939207077,0.5742806196212769,487.00000454294775,1.0031179089631586,157.1955844759941,0.5737094879150391,6,0,0,1,0,16835028.535897553,87,0,0,0,0,81,112,ab_blkskirtgirl,274,487,1,487,487,selected_ABC,1,0,1
1898,1850,710,16704,529.9342435170818,4,0,506,709,14,3247,3246,16704,0,305,1864,1382,0.5106132154162404,3245.999993663115,819.9809978539105,175.07183223962784,141.78112840652466,3246.000020259653,941.8007669565698,175.00090301036835,141.7240868806839,34,0,0,14,0,361716686.45312685,506,0,2,2,2,472,709,ab_bolstershaking,305,3246,4,3246,3246,selected_ABC,834,0,247
691,691,0,3069,10.163628186080066,0,0,1,0,0,696,695,3069,0,203,691,4,0.7827914914527204,695.0000012324441,0.0,116.59340178966522,0.0,694.9999932151469,0.0,116.472975730896,0.0,0,0,0,0,0,70266.02381219622,1,0,0,0,0,1,0,ab_girlchoosesbike,203,695,0,695,695,selected_ABC,0,0,0
312,312,38,2123,13.026756088304328,0,0,75,38,2,388,355,1818,0,255,312,43,0.698143449486479,354.9999997585011,0.0,146.44771218299866,0.0,354.99999876337705,0.0,146.3011441230774,0.0,0,0,0,2,0,14950902.335912406,75,0,0,0,0,46,38,ab_girlcrossroad,255,387,0,355,355,selected_ABC,0,0,0
12,10,177,1527,23.380871119556176,6,0,117,175,1,194,193,1527,0,0,11,182,0.048858563286281666,193.0,0.0,0.0,0.0,193.0,0.0,0.0,0.0,1,0,0,0,0,43552747.06526373,117,0,1,2,1,116,175,ab_pingpongball2,0,193,6,193,193,selected_ABC,0,0,0
802,585,791,10825,475.239200380912,4,0,617,788,20,1806,1805,10825,0,0,740,1065,0.30876616035304943,1805.0,0.0,0.0,0.0,1805.0,0.0,0.0,0.0,62,0,0,20,0,339674230.0662976,617,0,0,4,1,555,788,ab_rightlowerredcup_quezhen,0,1805,4,1805,1805,selected_ABC,0,0,0
185,177,322,3403,113.97579157151205,0,0,174,322,2,518,507,3353,0,137,180,327,0.28138963783241644,506.99999401743315,0.0,78.65431201457977,0.0,506.9999920473958,0.0,78.61353868246078,0.0,5,0,0,1,0,38444990.12000338,174,0,0,0,0,169,322,ab_whiteboywithbluebag,137,517,0,507,507,selected_ABC,0,0,0
1297,1194,165,5580,221.78689428569723,1,0,91,166,9,1411,1410,5580,0,201,1288,122,0.7126777366067463,1410.0000273861845,0.0,115.34436815977097,0.0,1410.000002348492,0.0,115.32851874828339,0.0,9,0,0,9,0,17003573.4914139,91,1,1,0,0,82,166,advancedredcup,201,1410,1,1410,1410,selected_ABC,0,0,0
105,102,0,626,8.704547031803845,0,0,18,0,0,111,110,626,0,77,102,8,0.710501273320893,109.99999933196437,0.0,44.225382685661316,0.0,110.0000004169972,0.0,44.1880709528923,0.0,3,0,0,0,0,3719931.677627282,18,0,0,0,0,15,0,baggirl,77,110,0,110,110,selected_ABC,0,0,0
1080,1023,269,9019,205.27247907397899,9,0,475,265,12,1505,1489,8935,0,33,1045,444,0.5575403744296938,1489.0000065734796,0.0,18.934116661548615,0.0,1488.9999801667122,0.0,18.9327050447464,0.0,35,0,0,11,0,55146496.355749674,475,0,1,4,3,436,265,ballshootatthebasket3times,33,1504,8,1489,1489,selected_ABC,0,0,0
200,175,526,5886,159.69879344243085,7,1,401,522,10,849,743,5005,2,43,195,548,0.20061229174953468,742.9999955874713,0.0,24.682607769966125,0.0,743.0000057268938,0.0,24.67115992307663,0.0,5,2,2,10,0,63480815.47411379,401,0,0,4,2,319,522,basketball849,43,848,6,743,743,selected_ABC,0,0,0
22,16,33,412,15.000953615717934,1,0,26,33,2,64,63,412,0,0,17,46,0.2805038261371586,63.0,0.0,0.0,0.0,63.0,0.0,0.0,0.0,5,0,0,1,0,4735998.540657332,26,0,0,0,0,21,33,basketballathand,0,63,1,63,63,selected_ABC,0,0,0
74,74,0,399,4.102745480149467,0,0,0,0,0,85,84,399,0,70,74,10,0.6782983437330263,83.99999965771761,0.0,40.190424263477325,0.0,84.00000082232589,0.0,40.168273985385895,0.0,0,0,0,0,0,0.0,0,0,0,0,0,0,0,basketboy,70,84,0,84,84,selected_ABC,0,0,0
279,279,0,1315,4.105121544219095,0,0,0,0,0,280,279,1315,0,265,279,0,0.8035534503219441,279.0000005914861,0.0,152.1683313846588,0.0,278.9999994523767,0.0,152.03966933488846,0.0,0,0,0,0,0,0.0,0,0,0,0,0,0,0,bawgirl,265,279,0,279,279,selected_ABC,0,0,0
195,195,1,1027,8.716730133981494,0,0,11,1,0,199,198,1027,0,33,195,3,0.7402450750783335,198.0000011118483,0.0,18.936976552009583,0.0,198.00000154692142,0.0,18.93582147359848,0.0,0,0,0,0,0,2678833.4650194612,11,0,0,0,0,11,1,belowdarkgirl,33,198,0,198,198,selected_ABC,0,0,0
1009,1001,22,6516,58.06781266401903,0,0,90,22,1,1223,1222,6516,0,167,1003,219,0.6799818342331039,1222.0000025870056,0.0,95.91119402647018,0.0,1222.0000040273371,0.0,95.83541214466095,0.0,6,0,0,1,0,107802857.87540552,90,0,0,0,0,84,22,besom3,167,1222,0,1222,1222,selected_ABC,0,0,0
646,640,1,3021,12.737219081597342,0,0,15,1,0,651,650,3021,0,369,640,10,0.8231917827977496,650.0000018796604,0.0,211.80374044179916,0.0,649.9999997785734,0.0,211.71503418684006,0.0,6,0,0,0,0,2355277.969568452,15,0,0,0,0,9,1,bike,369,650,0,650,650,selected_ABC,0,0,0
251,248,6,1307,9.175777215291987,0,0,11,6,1,257,256,1307,0,195,251,5,0.8174098435068036,255.99999901348022,0.0,111.97763180732727,0.0,255.99999935896136,0.0,111.89081919193268,0.0,0,0,0,1,0,10541966.612374121,11,0,0,0,0,11,6,bike2left,195,256,0,256,256,selected_ABC,0,0,0
120,119,3,601,6.087617005656776,0,0,12,3,0,146,145,601,0,82,119,26,0.7236787592296247,145.00000151969846,0.0,47.09389638900757,0.0,145.0000002243704,0.0,47.04573953151703,0.0,1,0,0,0,0,1495829.4879940113,12,0,0,0,0,11,3,bike2trees,82,145,0,145,145,selected_ABC,0,0,0
108,108,0,541,2.3953247306103616,0,0,0,0,0,113,112,541,0,108,108,4,0.8100092467398403,112.00000016715792,0.0,62.00911068916321,0.0,112.00000044331007,0.0,61.96977508068085,0.0,0,0,0,0,0,0.0,0,0,0,0,0,0,0,bikeboy,108,112,0,112,112,selected_ABC,0,0,0
335,190,572,4988,240.56696576782002,1,0,207,571,3,826,825,4988,0,228,333,492,0.21676325353970408,824.9999855727684,393.4710132783104,130.91929656267166,5.738906621932983,825.0000053762159,516.572329053922,130.885556101799,5.738966524600983,2,0,0,2,0,102990013.27280228,207,0,0,1,1,205,571,bikeboyintodark,228,825,1,825,825,selected_ABC,578,0,10
415,415,0,2194,41.22977530926082,0,0,9,0,0,467,466,2194,0,305,415,51,0.7102572028132751,466.0000027943811,0.0,175.22034084796906,0.0,466.000008196366,0.0,175.0456566810608,0.0,0,0,0,0,0,486595.97292396985,9,0,0,0,0,9,0,bikeboyright,305,466,0,466,466,selected_ABC,0,0,0
128,128,0,736,11.056223717961075,0,0,0,0,0,155,154,736,0,109,128,26,0.6019363649819991,153.9999995063008,0.0,62.592995166778564,0.0,153.99999782436555,0.0,62.54181897640228,0.0,0,0,0,0,0,0.0,0,0,0,0,0,0,0,bikeboyturn,109,154,0,154,154,selected_ABC,0,0,0
242,242,0,1163,0.5392166078119218,0,0,0,0,0,243,242,1163,0,240,242,0,0.9257853859398564,242.00000048878297,0.0,137.8734611272812,0.0,242.00000186976766,0.0,137.69544923305511,0.0,0,0,0,0,0,0.0,0,0,0,0,0,0,0,bikeboyturntimes,240,242,0,242,242,selected_ABC,0,0,0
219,219,0,988,1.1546878269619336,0,0,0,0,0,220,219,988,0,219,219,0,0.8550736726369457,218.9999990545327,0.0,125.76679545640945,0.0,218.9999994021731,0.0,125.65152597427368,0.0,0,0,0,0,0,0.0,0,0,0,0,0,0,0,bikeboywithumbrella,219,219,0,219,219,selected_ABC,0,0,0
160,159,0,877,6.462737838973927,0,0,7,0,0,172,171,877,0,32,159,12,0.7449194924735071,171.00000001700295,0.0,18.377137303352356,0.0,171.0000002540873,0.0,18.360423803329468,0.0,1,0,0,0,0,331253.3484855101,7,0,0,0,0,6,0,bikefromlight,32,171,0,171,171,selected_ABC,0,0,0
108,107,132,1543,19.352339565403,0,0,76,132,2,284,283,1543,0,41,108,175,0.3283838105731115,282.99999986273394,0.0,23.540715098381042,0.0,282.9999943181531,0.0,23.523084342479706,0.0,0,0,0,1,0,28938215.553134438,76,0,0,0,0,76,132,bikegoindark,41,283,0,283,283,selected_ABC,0,0,0
138,138,0,654,1.0149575438035747,0,0,0,0,0,140,139,654,0,39,138,1,0.7595582855933953,138.9999999095738,0.0,22.398562371730804,0.0,138.99999753650366,0.0,22.37447875738144,0.0,0,0,0,0,0,0.0,0,0,0,0,0,0,0,bikeinrain,39,139,0,139,139,selected_ABC,0,0,0
22,6,118,567,83.56632594032484,0,0,0,118,1,131,130,567,0,0,22,108,0.05224076399922772,130.0,0.0,0.0,0.0,130.0,0.0,0.0,0.0,0,0,0,0,0,0.0,0,0,0,0,0,0,118,biketurnright,0,130,0,130,130,selected_ABC,0,0,0
431,431,0,2149,2.034831452980806,0,0,0,0,0,432,431,2149,0,419,431,0,0.8666145152638963,431.0000001974915,0.0,240.5912445783615,0.0,431.00000222826367,0.0,240.45049184560776,0.0,0,0,0,0,0,0.0,0,0,0,0,0,0,0,blackboy,419,431,0,431,431,selected_ABC,0,0,0
294,294,0,1392,2.877560981017012,0,0,0,0,0,295,294,1392,0,289,294,0,0.8897825978178677,294.0000011779613,0.0,165.96647828817368,0.0,294.00000009458194,0.0,165.82948553562164,0.0,0,0,0,0,0,0.0,0,0,0,0,0,0,0,blackboyoncall,289,294,0,294,294,selected_ABC,0,0,0
125,125,0,594,4.302474451412882,0,0,0,0,0,126,125,594,0,125,125,0,0.7595815518696178,125.00000025417103,0.0,71.78988951444626,0.0,125.00000116831045,0.0,71.7347566485405,0.0,0,0,0,0,0,0.0,0,0,0,0,0,0,0,blackcarturn,125,125,0,125,125,selected_ABC,0,0,0
60,60,1,287,1.6663634987847622,1,0,3,1,0,62,61,287,0,0,60,1,0.7510337659407677,61.0,0.0,0.0,0.0,61.0,0.0,0.0,0.0,0,0,0,0,0,115225.91504374349,3,0,0,0,0,3,1,blackdown,0,61,1,61,61,selected_ABC,0,0,0
214,213,1,1019,7.505621335805128,0,0,11,1,0,217,216,1019,0,72,213,3,0.7567606408419849,215.9999971722707,0.0,41.34874475002289,0.0,216.00000197855448,0.0,41.31285339593887,0.0,1,0,0,0,0,3672872.4320510197,11,0,0,0,0,10,1,blackgirl,72,216,0,216,216,selected_ABC,0,0,0
11688,11474,1103,62710,954.3248023782273,13,0,149,1094,27,12862,12861,62710,0,6866,11672,1189,0.712178076463148,12860.999991090866,167.25962760054145,3940.4672449827194,75.75799608230591,12861.000000932901,207.97693737954845,3939.621688425541,75.74114632606506,16,0,0,27,0,24276412.86948598,149,1,2,10,8,133,1094,blkboy`shead,6866,12861,13,12861,12861,selected_ABC,219,0,132
168,167,0,789,1.6396098279403972,0,0,4,0,0,171,170,789,0,83,167,3,0.7808788505685929,170.00000394472713,0.0,47.66249996423721,0.0,170.00000120458094,0.0,47.63439476490021,0.0,1,0,0,0,0,2162143.5528800194,4,0,0,0,0,3,0,blkboyback,83,170,0,170,170,selected_ABC,0,0,0
293,286,11,1626,24.38054236237402,0,0,31,11,2,302,301,1626,0,82,290,11,0.723492665676114,301.00000152823833,0.0,47.08404898643494,0.0,300.99999423707095,0.0,47.05471360683441,0.0,3,0,0,2,0,5991897.005476362,31,0,0,0,0,28,11,blkboybetweenredandwhite,82,301,0,301,301,selected_ABC,0,0,0
65,57,22,437,17.4735062455114,1,0,18,23,1,82,81,437,0,0,64,17,0.5540800663928779,81.0,0.0,0.0,0.0,81.0,0.0,0.0,0.0,1,0,0,0,0,1221695.0039068845,18,1,1,0,0,17,23,blkboydown,0,81,1,81,81,selected_ABC,0,0,0
392,326,226,3209,95.94992005411149,9,0,88,224,3,556,555,3209,1,131,378,177,0.46232258499492185,555.0000037086612,0.0,75.1814768910408,0.0,555.0000024436229,0.0,75.15884727239609,0.0,14,1,1,3,0,5698653.553474788,88,0,1,3,1,74,224,blkboyhead,131,555,9,555,555,selected_ABC,0,0,0
4229,3627,2888,39522,1983.0379819646619,30,0,1202,2875,38,6983,6930,39197,0,2165,4062,2868,0.4316853515269118,6929.999996464466,482.9992027615847,1243.0370085835457,204.95186811685562,6929.99994931012,487.2137592907122,1242.3966268897057,204.85971021652222,167,0,0,37,1,219811551.74928236,1202,0,2,14,9,1021,2875,blkboylefttheNo_21,2165,6982,29,6930,6930,selected_ABC,741,0,357
596,555,810,7484,517.9971466194824,2,0,189,811,3,1436,1435,7484,0,580,590,845,0.3435056666969673,1435.00001966163,628.0873784232828,333.06345784664154,103.36333578824997,1435.0000042827053,314.5114226518103,332.85460191965103,103.30816179513931,6,0,0,2,0,55275076.939515695,189,1,1,1,0,183,811,blkboystand,580,1435,2,1435,1435,selected_ABC,646,0,180
339,339,0,1664,3.1144899036832983,0,0,0,0,0,340,339,1664,0,339,339,0,0.8644292288272665,338.9999987482689,0.0,194.6445450782776,0.0,338.99999991988255,0.0,194.4988803267479,0.0,0,0,0,0,0,0.0,0,0,0,0,0,0,0,blkboytakesumbrella,339,339,0,339,339,selected_ABC,0,0,0
505,459,196,3983,102.71018757752181,1,0,46,195,3,764,763,3983,0,91,480,283,0.4996552492867174,763.000000236878,0.0,52.22263354063034,0.0,763.0000020063544,0.0,52.21506613492966,0.0,25,0,0,2,1,2114140.583962358,46,0,0,1,1,21,195,blkcaratfrontbluebus,91,763,1,763,763,selected_ABC,0,0,0
330,330,0,1624,6.665826487546116,0,0,3,0,0,342,341,1624,0,160,330,11,0.7470004556913004,341.0000003971597,0.0,91.88849997520447,0.0,340.9999960166361,0.0,91.79761093854904,0.0,0,0,0,0,0,315236.33772024035,3,0,0,0,0,3,0,blkgirlumbrella,160,341,0,341,341,selected_ABC,0,0,0
511,467,61,2826,76.6696801467752,2,0,53,63,4,564,563,2826,0,107,500,63,0.6445856025585249,563.0000129801758,0.0,61.44933104515076,0.0,562.9999979868254,0.0,61.39683175086975,0.0,11,0,0,3,0,24618665.492299903,53,2,2,0,0,42,63,blkhairgirltakingblkbag,107,563,2,563,563,selected_ABC,0,0,0
155,147,24,952,16.437767617946967,1,0,22,25,1,187,186,952,0,69,155,31,0.6861626803427241,185.99999860347967,0.0,39.6240798830986,0.0,185.99999852589121,0.0,39.58761829137802,0.0,0,0,0,0,0,1003976.7276807287,22,1,1,0,0,22,25,blkmoto2north,69,186,1,186,186,selected_ABC,0,0,0
189,189,0,919,2.705657804128215,0,0,0,0,0,190,189,919,0,114,189,0,0.8153190860425681,189.00000109714443,0.0,65.45065915584564,0.0,189.00000056188682,0.0,65.4202818274498,0.0,0,0,0,0,0,0.0,0,0,0,0,0,0,0,blkstandboy,114,189,0,189,189,selected_ABC,0,0,0
140,140,0,666,0.8629192200899798,0,0,0,0,0,142,141,666,0,130,140,1,0.8585839382760446,141.00000009679462,0.0,74.60994565486908,0.0,141.00000023343443,0.0,74.58830815553665,0.0,0,0,0,0,0,0.0,0,0,0,0,0,0,0,blktribikecome,130,141,0,141,141,selected_ABC,0,0,0
326,326,0,1634,2.032176801503601,0,0,2,0,0,330,329,1634,0,317,326,3,0.8404003318828225,329.00000109896786,0.0,182.0337125658989,0.0,328.999998806267,0.0,181.92540401220322,0.0,0,0,0,0,0,1270765.4802232732,2,0,0,0,0,2,0,blueboy,317,329,0,329,329,selected_ABC,0,0,0
403,403,1,1996,8.98095012961066,0,0,7,1,0,421,420,1996,0,192,403,17,0.7799746816254433,420.0000000474721,0.0,110.2257364988327,0.0,420.0000005424835,0.0,110.15508967638016,0.0,0,0,0,0,0,1212404.7953097648,7,0,0,0,0,7,1,blueboy421,192,420,0,420,420,selected_ABC,0,0,0
1436,1436,0,7071,21.422093387330833,0,0,0,0,0,1437,1436,7071,0,1435,1436,0,0.8646917223646983,1436.0000029371813,0.0,823.884585916996,0.0,1435.999996105077,0.0,823.3723992705345,0.0,0,0,0,0,0,0.0,0,0,0,0,0,0,0,bluebuscoming,1435,1436,0,1436,1436,selected_ABC,0,0,0
218,213,5,1099,9.821692914567498,1,0,16,6,1,222,221,1099,0,64,217,4,0.7698710559341722,221.00000406271928,0.0,36.7535195350647,0.0,221.00000021774426,0.0,36.717968821525574,0.0,1,0,0,1,0,2171731.054572999,16,1,1,0,0,15,6,bluegirlbiketurn,64,221,1,221,221,selected_ABC,0,0,0
82,39,405,2785,187.88961856228545,1,0,139,404,2,506,505,2785,0,1,70,435,0.10464248428108873,504.9999860525131,0.0,0.5739048719406128,0.0,504.99999821186066,0.0,0.5737048387527466,0.0,12,0,0,1,0,10611654.553769153,139,0,0,1,0,127,404,bottlebetweenboy`sfeet,1,505,1,505,505,selected_ABC,0,0,0
163,130,61,1212,40.146691917856955,2,0,42,63,4,206,205,1212,0,0,160,45,0.4954155091667388,205.0,0.0,0.0,0.0,205.0,0.0,0.0,0.0,3,0,0,3,0,2361774.9870134564,42,2,2,0,0,39,63,boy2basketballground,0,205,2,205,205,selected_ABC,0,0,0
1634,1626,87,8803,101.17989335998251,6,0,127,87,4,1788,1787,8803,0,711,1633,154,0.6803966092411047,1787.0000045945494,0.0,408.17589539289474,0.0,1787.000006697117,0.0,407.9122790694237,0.0,1,0,0,3,0,61966611.47385681,127,1,1,2,0,126,87,boy2buildings,711,1787,6,1787,1787,selected_ABC,0,0,0
199,199,1,951,3.2896130485065633,0,0,7,1,0,203,202,951,0,84,199,3,0.8218828768952201,202.00000018616933,0.0,48.2365180850029,0.0,201.99999874175438,0.0,48.19225353002548,0.0,0,0,0,0,0,1239368.3092140579,7,0,0,0,0,7,1,boy2trees,84,202,0,202,202,selected_ABC,0,0,0
807,804,156,5093,45.61222014121113,1,0,117,155,3,1083,1082,5093,0,257,807,275,0.5957931084194376,1082.0000094026072,0.0,147.59550023078918,0.0,1082.0000018965748,0.0,147.45144551992416,0.0,0,0,0,3,0,51664133.70312319,117,0,0,1,1,117,155,boy2treesfindbike,257,1082,1,1082,1082,selected_ABC,0,0,0
375,331,511,5653,142.82453065976102,6,0,288,512,3,851,850,5653,0,0,363,487,0.280600813854347,850.0,0.0,0.0,0.0,850.0,0.0,0.0,0.0,12,0,0,2,0,24810857.665531848,288,1,2,1,1,276,512,boy`headwithouthat,0,850,6,850,850,selected_ABC,0,0,0
126,107,109,1734,73.23462855462236,3,0,80,111,3,269,268,1734,0,1,112,156,0.36315146659202985,267.9999922513962,0.0,0.5738760232925415,0.0,268.0000042915344,0.0,0.5737422704696655,0.0,14,0,0,2,0,2245064.8518665778,80,1,2,0,0,66,111,boy`sheadingreycol,1,268,3,268,268,selected_ABC,0,0,0
96,95,6,367,1.5152777112351647,0,0,0,6,1,102,101,367,0,17,96,5,0.7617797442203578,101.00000133546146,0.0,9.759398579597473,0.0,100.9999992390403,0.0,9.753251194953918,0.0,0,0,0,1,0,0.0,0,0,0,0,0,0,6,boyaftertree,17,101,0,101,101,selected_ABC,0,0,0
1730,1577,800,12393,509.03032993199736,5,0,200,801,3,2469,2457,12327,0,1131,1724,733,0.5234775676195924,2456.9999944363244,407.1312821681414,649.4290085434914,180.8870006799698,2456.999996456433,429.7292661833339,648.8883034586906,180.7247313261032,6,0,0,3,0,36518972.95267139,200,2,2,1,0,191,801,boyaroundtrees,1131,2468,5,2457,2457,selected_ABC,568,0,315
424,389,52,3113,51.94709941085884,0,0,130,52,4,494,493,3113,0,241,396,97,0.701293242545966,492.99999280642214,0.0,138.35078692436218,0.0,492.9999999499998,0.0,138.3033350110054,0.0,28,0,0,4,0,17571257.41358134,130,0,0,0,0,102,52,boyatdoorturnright,241,493,0,493,493,selected_ABC,0,0,0
701,701,21,3538,21.45520902978386,0,0,12,21,1,751,750,3538,0,441,701,49,0.7560175741481819,749.9999990548905,0.0,253.17155873775482,0.0,749.9999967774878,0.0,253.0249261856079,0.0,0,0,0,1,0,4103904.916823301,12,0,0,0,0,12,21,boydownplatform,441,750,0,750,750,selected_ABC,0,0,0
281,281,0,1405,4.087754877260343,0,0,1,0,0,285,283,1400,0,85,281,2,0.8539434764005912,282.99999950193427,0.0,48.829131841659546,0.0,282.99999998943224,0.0,48.7710537314415,0.0,0,0,0,0,0,219179.9536598426,1,0,0,0,0,1,0,boyfromdark,85,284,0,283,283,selected_ABC,0,0,0
316,310,6,1217,13.87700808521582,1,0,2,7,1,319,318,1217,0,15,316,2,0.7798546250323938,318.0000005525694,0.0,8.60875689983368,0.0,318.0000018376502,0.0,8.605293571949005,0.0,0,0,0,1,0,96852.10554269125,2,1,1,0,0,2,7,boyinlight,15,318,1,318,318,selected_ABC,0,0,0
866,861,46,4212,29.13764692994495,4,0,43,46,2,975,974,4212,0,145,865,109,0.6909104352302132,974.0000083120277,0.0,83.29455232620239,0.0,973.9999990128089,0.0,83.1881952881813,0.0,1,0,0,2,0,14335297.644613296,43,1,2,2,2,42,46,boyinplatform,145,974,4,974,974,selected_ABC,0,0,0
1368,1366,13,6800,25.635772758257737,0,0,20,13,1,1418,1417,6800,0,1109,1366,51,0.8424816667147866,1417.0000010184485,12.637328185376452,636.679996073246,4.5940011739730835,1417.0000016048518,13.479258485888698,636.3671708703041,4.589716196060181,2,0,0,1,0,10277380.276192382,20,0,0,0,0,18,13,boyinsnowfield3,1109,1417,0,1417,1417,selected_ABC,19,0,8
353,339,72,2638,60.628974171542964,1,0,110,71,2,426,425,2638,0,0,343,82,0.61730472323536,425.0,0.0,0.0,0.0,425.0,0.0,0.0,0.0,10,0,0,1,0,5790417.535773298,110,0,0,1,1,100,71,boyleftblkrunning2crowd,0,425,1,425,425,selected_ABC,0,0,0
4692,4665,156,24690,240.20552258751064,0,0,37,156,3,4921,4918,24685,0,4115,4684,235,0.8227787754366258,4917.989557590965,118.27703820040833,2362.7478229403496,66.03536581993103,4917.997523503448,141.00930184530236,2361.2292833924294,65.98202896118164,8,0,0,2,0,16019442.746201582,37,0,0,0,0,29,156,boylefttheNo_9boy,4116,4920,0,4919,4919,selected_ABC,145,0,115
307,307,0,1541,11.62676122273136,0,0,0,0,0,310,308,1536,0,89,307,1,0.7400018261122031,307.9999948830043,0.0,51.10095226764679,0.0,308.0000041657306,0.0,51.061601400375366,0.0,0,0,0,0,0,0.0,0,0,0,0,0,0,0,boyoncall,89,309,0,308,308,selected_ABC,0,0,0
430,416,14,2303,41.940727719419115,2,0,42,14,3,436,434,2298,0,156,428,6,0.7676285073944564,434.0000001989057,0.0,89.56415784358978,0.0,433.9999947493794,0.0,89.49911975860596,0.0,2,0,0,3,0,2349565.646462696,42,1,1,1,1,40,14,boyplayphone,156,435,2,434,434,selected_ABC,0,0,0
778,687,766,10148,303.4285136965631,3,0,377,766,7,1840,1837,10135,0,334,724,1113,0.33403533067098806,1836.9999994491898,570.8332372502706,191.8331943154335,29.292998731136322,1837.0000007982133,58.46908531320144,191.6315867304802,29.26342684030533,54,0,0,6,0,198709721.0189605,377,1,1,1,1,322,766,boyride2path,334,1839,3,1837,1837,selected_ABC,884,0,51
181,181,0,904,0.3569990092498687,0,0,0,0,0,182,181,904,0,181,181,0,0.9236340061045796,181.0000002786682,0.0,103.92969065904617,0.0,181.00000105890825,0.0,103.87013906240463,0.0,0,0,0,0,0,0.0,0,0,0,0,0,0,0,boyruninsnow,181,181,0,181,181,selected_ABC,0,0,0
406,389,30,2400,36.60380863659722,0,0,29,30,2,464,463,2400,0,259,390,73,0.6922389905525365,462.9999969092289,0.0,148.72545278072357,0.0,462.99999838365136,0.0,148.6015965938568,0.0,16,0,0,2,0,2283499.456367148,29,0,0,0,0,13,30,boyscomeleft,259,463,0,463,463,selected_ABC,0,0,0
9244,9223,22,47039,257.88920562779407,2,0,252,22,2,9684,9683,47039,0,3340,9229,454,0.744197798083505,9682.999965827665,0.0,1917.337738454342,0.0,9683.000011901018,0.0,1916.524957895279,0.0,15,0,0,2,0,82781749.2655732,252,0,1,1,1,237,22,boyshead9684,3340,9683,2,9683,9683,selected_ABC,0,0,0
299,248,52,2535,72.9670146334987,0,0,151,52,6,375,374,2535,0,40,265,109,0.5489279181455416,373.9999947885293,0.0,22.976723790168762,0.0,374.0000078511127,0.0,22.950559735298157,0.0,34,0,0,5,0,22846463.74118611,151,0,0,0,0,117,52,boyss,40,374,0,374,374,selected_ABC,0,0,0
912,881,477,7924,207.39724241267396,7,0,253,475,5,1432,1431,7924,0,569,906,525,0.5139154723518925,1430.9999959238824,0.0,326.59666883945465,0.0,1431.0000008729012,0.0,326.57462227344513,0.0,6,0,0,4,0,90021072.08055119,253,1,1,3,2,247,475,boytakingbasketballfollowing,569,1431,7,1431,1431,selected_ABC,0,0,0
252,251,0,1280,4.635734833079481,0,0,6,0,0,262,259,1270,0,116,251,8,0.7457774368968318,258.99999891518786,0.0,66.59998840093613,0.0,259.0000030186714,0.0,66.56691318750381,0.0,1,0,0,0,0,2630980.176253157,6,0,0,0,0,5,0,boytakingplate2left,116,261,0,259,259,selected_ABC,0,0,0
309,102,499,3523,438.83405411399326,0,0,103,499,2,613,612,3523,0,126,295,317,0.14544577778767065,611.999995465446,469.1769915891842,72.3171643614769,56.822316348552704,612.0000032747973,465.15062773132007,72.29890441894531,56.807006776332855,14,0,0,1,0,41216121.93854523,103,0,0,0,0,89,499,boyunder2baskets,126,612,0,612,612,selected_ABC,479,0,99
955,955,0,4609,21.719468190411007,0,0,0,0,0,965,964,4609,0,855,955,9,0.7866281328594529,963.9999987936421,0.0,491.02224057912827,0.0,963.9999981691922,0.0,490.633007645607,0.0,0,0,0,0,0,0.0,0,0,0,0,0,0,0,boywaitgirl,855,964,0,964,964,selected_ABC,0,0,0
653,653,0,3094,4.961819013174306,0,0,0,0,0,658,657,3094,0,579,653,4,0.8679176411248147,656.9999984273888,0.0,332.37188082933426,0.0,656.999999289961,0.0,332.2303004860878,0.0,0,0,0,0,0,0.0,0,0,0,0,0,0,0,boywalkinginsnow2,579,657,0,657,657,selected_ABC,0,0,0
8031,7895,606,47073,726.5135694745736,9,0,403,604,39,9538,9531,47044,0,2360,7981,1550,0.6583906580190054,9530.999990786644,6.976580735666645,1355.226921081543,1.1483820080757141,9531.000021303851,6.458384219891534,1354.1934828162193,1.147389829158783,50,0,0,39,0,197171554.75204453,403,0,3,6,2,353,604,broom,2360,9537,9,9531,9531,selected_ABC,12,0,2
113,113,0,580,2.0853831812786967,0,0,3,0,0,114,113,580,0,0,113,0,0.705699662394616,113.0,0.0,0.0,0.0,113.0,0.0,0.0,0.0,0,0,0,0,0,47105.03125181387,3,0,0,0,0,3,0,carbehindtrees,0,113,0,113,113,selected_ABC,0,0,0
100,100,0,455,0.2518788123482637,0,0,0,0,0,101,100,455,0,100,100,0,0.8631662201358956,100.00000046229621,0.0,57.39322727918625,0.0,99.99999945661791,0.0,57.3768225312233,0.0,0,0,0,0,0,0.0,0,0,0,0,0,0,0,carcomeonlight,100,100,0,100,100,selected_ABC,0,0,0
145,130,216,2063,100.22456796990379,0,0,53,216,3,391,390,2063,0,158,144,246,0.31705706255921373,389.99999599470937,151.52452493095402,90.7298275232315,25.838980197906494,389.9999977373342,64.88620858081599,90.68138825893402,25.823928117752075,1,0,0,2,0,13016754.147537097,53,0,0,0,0,52,216,carcomingfromlight,158,390,0,390,390,selected_ABC,196,0,45
148,146,0,811,9.78268594057865,0,0,14,0,0,155,154,811,0,88,146,8,0.7672277411695447,154.00000051057273,0.0,50.51144516468048,0.0,154.00000026279764,0.0,50.48928415775299,0.0,2,0,0,0,0,563026.2829312199,14,0,0,0,0,12,0,carcominginlight,88,154,0,154,154,selected_ABC,0,0,0
69,69,0,332,0.6842188909674104,0,0,0,0,0,70,69,332,0,59,69,0,0.8146335010032804,68.99999922360094,0.0,33.87487518787384,0.0,68.99999957150366,0.0,33.84965497255325,0.0,0,0,0,0,0,0.0,0,0,0,0,0,0,0,carlight2,59,69,0,69,69,selected_ABC,0,0,0
92,92,0,449,0.5879396727918381,0,0,0,0,0,93,92,449,0,92,92,0,0.8532036025867337,91.99999968548175,0.0,52.81614536046982,0.0,91.99999976954379,0.0,52.784982085227966,0.0,0,0,0,0,0,0.0,0,0,0,0,0,0,0,carlightcome2,92,92,0,92,92,selected_ABC,0,0,0
85,85,0,408,1.9449857787583127,0,0,0,0,0,86,85,408,0,76,85,0,0.7791630034346094,85.00000004270908,0.0,43.63500767946243,0.0,85.00000033210358,0.0,43.60361760854721,0.0,0,0,0,0,0,0.0,0,0,0,0,0,0,0,caronlight,76,85,0,85,85,selected_ABC,0,0,0
116,116,0,579,0.3015769962759732,0,0,0,0,0,117,116,579,0,116,116,0,0.889295126997532,115.99999956752703,0.0,66.62417870759964,0.0,116.0000000207326,0.0,66.55511564016342,0.0,0,0,0,0,0,0.0,0,0,0,0,0,0,0,carturn117,116,116,0,116,116,selected_ABC,0,0,0
226,213,239,2303,158.4039811562046,2,0,26,239,2,481,480,2303,0,281,225,255,0.3672978249223366,480.0000014695793,207.08080951524425,161.39435851573944,99.37614196538925,480.00000060202933,206.5189204687987,161.29789459705353,99.30274158716202,1,0,0,1,0,12726582.994088935,26,0,1,1,1,25,239,carwillturn,281,480,2,480,480,selected_ABC,217,0,173
90,90,0,448,1.3188444640801322,0,0,0,0,0,91,90,448,0,90,90,0,0.8827460787408563,90.00000042703076,0.0,51.671534955501556,0.0,89.99999969464555,0.0,51.64680391550064,0.0,0,0,0,0,0,0.0,0,0,0,0,0,0,0,catbrown2,90,90,0,90,90,selected_ABC,0,0,0
1069,966,297,7339,140.97643202835172,0,0,205,297,1,1343,1342,7339,0,998,1036,306,0.6677930114214492,1341.9999884980216,98.9105706512928,572.8872914910316,0.5738511085510254,1341.9999929084759,80.88159728050232,572.6988645792007,0.5737619400024414,33,0,0,1,0,39994772.28592301,205,0,0,0,0,172,297,catbrownback2bush,998,1342,0,1342,1342,selected_ABC,343,0,1
82,74,10,527,14.011331246894091,1,0,15,11,1,101,100,527,0,19,81,19,0.6008253695238281,99.99999815076306,0.0,10.910687744617462,0.0,100.00000134271815,0.0,10.904634952545166,0.0,1,0,0,0,0,3175109.3363036388,15,1,1,0,0,14,11,couple,19,100,1,100,100,selected_ABC,0,0,0
83,83,0,415,1.685486713440789,0,0,0,0,0,84,83,415,0,83,83,0,0.9334216573317238,82.99999946067479,0.0,47.67257857322693,0.0,82.99999981213273,0.0,47.62300604581833,0.0,0,0,0,0,0,0.0,0,0,0,0,0,0,0,darkcarturn,83,83,0,83,83,selected_ABC,0,0,0
609,608,0,2954,6.709091872309617,0,0,2,0,0,613,612,2954,0,544,608,4,0.8173989907965725,611.9999982776336,0.0,312.368076980114,0.0,612.000001582305,0.0,312.1002585887909,0.0,1,0,0,0,0,151501.27947046576,2,0,0,0,0,1,0,darkgirl,544,612,0,612,612,selected_ABC,0,0,0
579,519,89,4739,91.03950205322515,0,0,282,89,8,749,748,4739,0,0,535,213,0.5512910727690454,748.0,0.0,0.0,0.0,748.0,0.0,0.0,0.0,44,0,0,8,0,9086417.227822362,282,0,0,0,0,238,89,darkouterwhiteboy,0,748,0,748,748,selected_ABC,0,0,0
401,401,30,1939,19.051966378223153,0,0,12,30,1,503,502,1939,0,303,401,101,0.7093243943312901,502.00000106534185,0.0,173.92804795503616,0.0,501.99999746199387,0.0,173.86703723669052,0.0,0,0,0,1,0,5345495.9897388425,12,0,0,0,0,12,30,darktreesboy,303,502,0,502,502,selected_ABC,0,0,0
643,522,576,5418,501.9239148540962,0,0,0,576,1,1117,1116,5418,0,705,643,473,0.395898686431677,1115.9999993964793,570.5322314899204,404.8192995786667,157.3475741147995,1116.000000163837,572.5315002325947,404.5563262104988,157.22404062747955,0,0,0,0,0,0.0,0,0,0,0,0,0,576,drillmaster1117,705,1116,0,1116,1116,selected_ABC,575,0,274
558,488,493,6626,193.11346250144072,3,0,376,494,1,982,981,6626,0,279,545,436,0.3824491366705723,981.0000135789326,0.0,160.1450054049492,0.0,981.0000047341211,0.0,160.07384234666824,0.0,13,0,0,1,0,85293576.06230938,376,1,1,0,0,363,494,drillmasterfollowingatright,279,981,3,981,981,selected_ABC,0,0,0
211,206,30,1328,14.88918017237162,0,0,41,30,1,254,253,1328,0,0,209,44,0.5977217871363001,253.0,0.0,0.0,0.0,253.0,0.0,0.0,0.0,2,0,0,1,0,1692278.1254233324,41,0,0,0,0,39,30,farfatboy,0,253,0,253,253,selected_ABC,0,0,0
488,329,585,5570,506.83583174894636,0,0,32,585,5,1160,1159,5570,0,365,486,673,0.3024720089580614,1159.0000149350467,444.7846541849514,209.50737929344177,96.42677742242813,1158.9999838235965,409.67475494597096,209.42323291301727,96.40279686450958,2,0,0,4,0,5948920.335262617,32,0,0,0,0,30,585,firstexercisebook,365,1159,0,1159,1159,selected_ABC,533,0,168
131,124,27,789,24.890768498381256,1,0,10,27,2,193,192,789,0,28,130,62,0.5162104998359407,191.9999991658868,0.0,16.07478964328766,0.0,192.0000010182809,0.0,16.064141869544983,0.0,1,0,0,2,0,654855.4938170223,10,0,0,1,0,9,27,foamatgirl`srighthand,28,192,1,192,192,selected_ABC,0,0,0
935,818,211,5779,185.14972420607629,1,0,91,210,9,1146,1145,5779,0,203,924,221,0.6064249577359868,1145.0000021057,0.0,116.51289582252502,0.0,1144.9999984913857,0.0,116.46613430976868,0.0,11,0,0,9,0,20237207.334148362,91,0,0,1,1,80,210,foldedfolderatlefthand,203,1145,1,1145,1145,selected_ABC,0,0,0
122,122,0,723,6.846615157511655,0,0,4,0,0,151,150,723,0,45,122,28,0.6392091834235849,149.99999907706436,0.0,25.836635529994965,0.0,149.99999824633394,0.0,25.818332493305206,0.0,0,0,0,0,0,331328.33724227105,4,0,0,0,0,4,0,girl2left3man1,45,150,0,150,150,selected_ABC,0,0,0
38,38,467,2728,297.69795752830606,1,0,32,467,1,571,570,2728,0,243,38,532,0.10577430481897517,569.9999992489427,239.52039524954475,139.59213107824326,139.59213107824326,570.0000004154538,229.84820926973669,139.45523542165756,139.45523542165756,0,0,0,0,0,8007028.405937997,32,0,0,0,0,32,467,girl`sblkbag,243,570,1,570,570,selected_ABC,242,0,243
1129,1129,0,5107,16.202316108619776,0,0,0,0,0,1130,1129,5107,0,1114,1129,0,0.8891242378926612,1129.0000025889913,0.0,639.8090294003487,0.0,1128.9999982985823,0.0,639.2857056260109,0.0,0,0,0,0,0,0.0,0,0,0,0,0,0,0,girlafterglassdoor,1114,1129,0,1129,1129,selected_ABC,0,0,0
817,805,151,5879,65.47825205656181,1,0,208,151,3,1217,1216,5879,0,10,812,404,0.55325610675088,1215.9999978094197,0.0,5.738679349422455,0.0,1215.9999987703275,0.0,5.737591087818146,0.0,5,0,0,3,0,28104421.56687291,208,0,0,0,0,203,151,girldownstairfromlight,10,1216,1,1216,1216,selected_ABC,0,0,0
993,982,8,5052,32.80784277641665,0,0,28,8,1,1033,1032,5052,0,896,982,50,0.8353714955991604,1032.0000036679687,0.0,514.1837223172188,0.0,1031.9999994984662,0.0,514.146618783474,0.0,11,0,0,1,0,8135062.98189809,28,0,0,0,0,17,8,girlfromlight_quezhen,896,1032,0,1032,1032,selected_ABC,0,0,0
311,311,0,1476,3.252707734942531,0,0,0,0,0,312,311,1476,0,287,311,0,0.8465109528281854,311.00000101031765,0.0,164.81763470172882,0.0,311.0000007304499,0.0,164.65888851881027,0.0,0,0,0,0,0,0.0,0,0,0,0,0,0,0,girlinrain,287,311,0,311,311,selected_ABC,0,0,0
252,234,40,1858,52.294019656324664,0,0,98,40,6,304,303,1858,0,70,239,64,0.63954269823629,302.9999985168776,0.0,40.19419902563095,0.0,303.0000097229128,0.0,40.16049700975418,0.0,13,0,0,6,0,6858365.447677042,98,0,0,0,0,85,40,girllongskirt,70,303,0,303,303,selected_ABC,0,0,0
678,418,475,5584,523.6424928167771,0,0,135,475,10,986,985,5584,0,362,645,340,0.3703368237203789,984.9999895287025,804.5153141952266,207.82449799776077,174.52708369493484,985.0000011860429,705.5345783865753,207.71203482151031,174.43292254209518,33,0,0,9,0,14997444.58268867,135,0,0,0,0,102,475,girlof2leaders,362,985,0,985,985,selected_ABC,843,0,304
253,230,75,1603,61.078689188036876,2,0,27,75,2,308,307,1603,0,4,250,57,0.581831976281888,307.000003038522,0.0,2.2956348657608032,0.0,306.9999965453744,0.0,2.295245349407196,0.0,3,0,0,2,0,2152085.3297311366,27,0,1,1,1,24,75,girlrightthewautress,4,307,2,307,307,selected_ABC,0,0,0
2744,2744,0,13605,53.69652256699708,0,0,31,0,0,2858,2857,13605,0,639,2744,113,0.7304171629268836,2856.99999718094,0.0,366.8367122411728,0.0,2856.999986332011,0.0,366.6144851446152,0.0,0,0,0,0,0,1906825.4401406772,31,0,0,0,0,31,0,girlunderthestreetlamp,639,2857,0,2857,2857,selected_ABC,0,0,0
251,221,39,1455,52.93222833357534,0,0,11,39,1,282,281,1455,0,236,244,37,0.6701741132660607,281.0000020974793,38.99112434684195,135.4896827340126,20.090757846832275,280.99999862481457,37.269144130762676,135.42094016075134,20.085101068019867,7,0,0,1,0,1210124.1801800649,11,0,0,0,0,4,39,guardunderthecolumn,236,281,0,281,281,selected_ABC,40,0,35
533,533,0,2657,31.971382900686244,0,0,1,0,0,542,541,2657,0,401,533,8,0.8196362042558805,540.9999918189786,0.0,230.2796005010605,0.0,540.9999959454049,0.0,230.089617729187,0.0,0,0,0,0,0,184399.71594348713,1,0,0,0,0,1,0,hugboy,401,541,0,541,541,selected_ABC,0,0,0
1619,1192,2447,28111,1939.8227228145386,23,0,1416,2445,30,4317,4316,28111,0,164,1477,2839,0.27113976854024274,4315.999970286839,68.92904577784606,94.09704250097275,40.731911182403564,4315.999900320702,298.96367566397083,94.08986335992813,40.734004974365234,142,0,0,29,1,389564981.03402996,1416,1,7,10,4,1274,2445,hyalinepaperfrontface,164,4316,23,4316,4316,selected_ABC,305,0,71
1378,1264,177,6443,143.741207383274,0,0,50,177,6,1475,1474,6443,0,660,1373,101,0.7097809473020705,1474.0000078098158,0.0,378.96970653533936,0.0,1474.000025456691,0.0,378.63770949840546,0.0,5,0,0,6,0,13766128.651258219,50,0,0,0,0,45,177,large,660,1474,0,1474,1474,selected_ABC,0,0,0
106,86,1017,7745,426.34770567223643,3,0,444,1017,2,1116,1115,7745,0,134,103,1012,0.06488923058669752,1115.0000080959865,389.53463319242184,76.90476942062378,45.33964669704437,1115.0000153062288,419.5225893664229,76.88658714294434,45.330183029174805,3,0,0,1,0,56557845.76990173,444,0,0,0,0,441,1017,lastleftgirl,134,1115,3,1115,1115,selected_ABC,467,0,79
2305,1935,1431,19241,1187.6821050300912,8,1,265,1429,14,3650,3383,18079,2,2197,2255,1184,0.47560493932808684,3394.26692884596,1036.8382612408172,1261.3229615688324,388.0954327583313,3388.48582598424,1109.3131910132395,1260.6540855765343,387.89353370666504,50,2,2,13,0,54777915.458641596,265,2,2,4,2,190,1429,leftblkTboy,2242,3649,7,3439,3439,selected_ABC,1122,1,676
1249,1033,1760,23665,763.7103745624127,11,0,1332,1760,37,3991,3990,23665,0,51,1241,2749,0.28769097801857707,3990.0000244653243,0.0,29.26287603378296,0.0,3990.0000094873885,0.0,29.260405480861664,0.0,8,0,0,36,0,770744425.6316406,1332,0,3,6,2,1324,1760,leftbottle2hang,51,3990,11,3990,3990,selected_ABC,0,0,0
770,705,241,6565,224.41366280611533,6,0,114,242,7,1244,1243,6565,0,503,743,500,0.5219000787576132,1242.9999827154315,0.0,288.72041231393814,0.0,1242.9999963138569,0.0,288.5970736145973,0.0,27,0,0,6,0,12086841.693551527,114,1,1,0,0,87,242,leftboy2jointhe4,503,1243,6,1243,1243,selected_ABC,0,0,0
554,525,199,3581,183.34404560974815,0,0,12,199,1,744,743,3581,0,514,554,189,0.5673632546827678,743.0000064536216,175.01234868649425,295.0634805560112,102.7709743976593,742.9999983440445,192.35471649477174,294.9270583987236,102.71293663978577,0,0,0,1,0,1092637.7444701358,12,0,0,0,0,12,199,leftboyoutofthetroop,514,743,0,743,743,selected_ABC,195,0,179
959,937,310,7130,250.12027970623723,0,0,27,310,4,1400,1399,7130,0,1007,946,453,0.6012261017690298,1399.0000014392492,254.49469676219374,578.1797281503677,120.00394785404205,1399.0000067827511,234.86188709553872,578.00318557024,119.97140735387802,13,0,0,4,0,24493135.827011105,27,0,0,0,0,14,310,leftchair,1007,1399,0,1399,1399,selected_ABC,258,0,209
437,407,47,2875,59.43208756532346,1,0,121,46,3,566,565,2875,0,0,414,151,0.5811725576650726,565.0,0.0,0.0,0.0,565.0,0.0,0.0,0.0,23,0,0,2,0,54038251.01595901,121,0,0,1,0,98,46,lefterbike,0,565,1,565,565,selected_ABC,0,0,0
751,641,185,5137,213.23265713164648,2,0,41,185,5,1102,1101,5137,1,171,741,360,0.5133822038950374,1101.0000008520321,321.1415098309774,98.12950301170349,39.02406024932861,1101.0000069254527,297.1450423689198,98.11319291591644,39.01613837480545,10,1,1,5,0,11469783.474070754,41,1,1,1,0,31,185,leftexcersicebookyellow,171,1101,2,1101,1101,selected_ABC,720,1,68
841,823,4,4537,36.67619782119112,0,0,73,4,1,903,902,4537,0,0,826,76,0.707891089001164,902.0,0.0,0.0,0.0,902.0,0.0,0.0,0.0,15,0,0,1,0,12171588.423034275,73,0,0,0,0,58,4,leftfarboycomingpicktheball,0,902,0,902,902,selected_ABC,0,0,0
180,174,56,1105,12.36111756716382,0,0,27,56,2,251,249,1104,0,15,178,71,0.5889755751235609,249.00000577828897,0.0,8.608806192874908,0.0,248.99999364203455,0.0,8.606932938098907,0.0,2,0,0,1,0,4698929.1576027125,27,0,0,0,0,25,56,leftgirl'swhitebag,15,250,0,249,249,selected_ABC,0,0,0
1106,1033,492,10472,245.9032562930747,2,0,400,492,18,1905,1904,10472,0,176,1096,808,0.4957562619198652,1903.9999771418632,0.0,101.05370032787323,0.0,1903.9999758970355,0.0,100.98419976234436,0.0,10,0,0,18,0,228576555.6706104,400,0,1,1,1,390,492,lefthyalinepaper2rgb,176,1904,2,1904,1904,selected_ABC,0,0,0
1331,1234,393,9002,274.07231315847554,7,0,179,390,12,1802,1801,9002,0,462,1316,485,0.5836624806486519,1800.999983090854,253.11034805169015,265.2562978863716,26.40873646736145,1801.0000123741072,257.0245271239653,265.0831679701805,26.39300572872162,15,0,0,12,0,53303471.34764119,179,0,2,5,1,164,390,lefthyalinepaperfrontpants,462,1801,7,1801,1801,selected_ABC,261,0,46
1714,1476,313,9759,379.537405269048,1,0,191,312,23,1879,1878,9759,0,753,1693,185,0.6901327928458887,1877.9999973025917,426.73931975226,432.1826515197754,31.569990873336792,1877.9999863962914,837.4819818797773,432.0284933447838,31.555211663246155,21,0,0,23,0,81529088.5390798,191,0,0,1,1,170,312,leftmirror,753,1878,1,1878,1878,selected_ABC,816,0,55
1672,1522,480,10988,424.07819512362005,2,0,235,478,14,2265,2264,10988,0,584,1649,615,0.5411881538444148,2263.9999930097233,154.05811843363946,335.3314773440361,28.70826417207718,2263.999996746483,149.6870210635326,335.0794624686241,28.686871826648712,23,0,0,14,0,65994676.164680324,235,0,0,2,1,212,478,leftmirrorlikesky,584,2264,2,2264,2264,selected_ABC,168,0,50
983,672,996,10077,679.7267879607432,2,0,428,996,9,1732,1731,10077,0,0,890,841,0.3042855495042457,1731.0,0.0,0.0,0.0,1731.0,0.0,0.0,0.0,93,0,0,8,0,51336166.76292037,428,0,0,0,0,335,996,leftmirrorside,0,1731,2,1731,1731,selected_ABC,0,0,0
72,68,14,770,37.561168328623516,0,0,1,14,1,170,167,760,0,99,72,95,0.4856537741326572,166.9999979021057,9.554145484985458,56.81292551755905,6.314607501029968,167.00000011380143,8.789420633525673,56.81068843603134,6.311421811580658,0,0,0,0,0,84173.44499979074,1,0,0,0,0,1,14,leftopenexersicebook,99,169,0,167,167,selected_ABC,12,0,11
10,7,57,507,8.469688091625706,1,0,38,57,1,66,65,507,0,2,10,55,0.07418223108021442,65.00000089942527,0.0,1.1478065252304077,0.0,65.00000125830493,0.0,1.1475099325180054,0.0,0,0,0,0,0,3671765.389418503,38,0,0,0,0,38,57,leftpingpongball,2,65,1,65,65,selected_ABC,0,0,0
132,124,17,875,32.317954422352926,2,0,31,19,3,148,147,875,0,27,131,16,0.6960773662668913,146.9999980239518,0.0,15.498495876789093,0.0,146.99999795317072,0.0,15.491817355155945,0.0,1,0,0,3,0,3450834.350437089,31,2,2,0,0,30,19,leftrushingboy,27,147,2,147,147,selected_ABC,0,0,0
314,187,732,5100,631.9196470912686,0,0,36,732,3,986,985,5100,0,810,313,672,0.1928817400607492,985.000000930089,657.3316637804784,464.98667418956757,342.7097266316414,985.0000011405615,628.6047723659718,464.8503724336624,342.6066440343857,1,0,0,2,0,11810928.351400884,36,0,0,0,0,35,732,leftunderbasket,810,985,0,985,985,selected_ABC,728,0,597
1803,1800,141,9929,165.45772960146945,0,0,12,141,2,1981,1980,9929,0,1817,1801,179,0.7322626528017486,1979.999995028537,102.0222973398607,1043.482845723629,58.00622946023941,1979.9999918368121,104.00771621220849,1042.609945178032,57.951543152332306,2,0,0,2,0,6561041.28108474,12,0,0,0,0,10,141,leftuphand,1817,1980,0,1980,1980,selected_ABC,104,0,101
1664,1663,0,8214,45.42024666694921,0,0,57,0,0,1676,1675,8214,0,177,1663,12,0.774116463349309,1675.000003544139,0.0,101.5585327744484,0.0,1674.999974316158,0.0,101.5663840174675,0.0,1,0,0,0,0,9014647.662370462,57,0,0,0,0,56,0,littelbabycryingforahug,177,1675,0,1675,1675,selected_ABC,0,0,0
28,27,3,171,6.23994586324964,0,0,3,3,1,33,31,166,0,5,28,3,0.722722096444076,30.999999951551427,0.0,2.871278405189514,0.0,31.000000031647904,0.0,2.8692275285720825,0.0,0,0,0,1,0,388911.64895736397,3,0,0,0,0,3,3,lowerfoamboard,5,32,0,31,31,selected_ABC,0,0,0
1075,1062,16,5493,25.50983785394152,0,0,49,16,1,1096,1095,5493,0,1011,1067,28,0.8184705567030026,1094.9999986843754,0.0,580.4409070611,0.0,1095.000000591796,0.0,580.1606529355049,0.0,8,0,0,0,0,14823706.204676086,49,0,0,0,0,41,16,mandownstair,1011,1095,0,1095,1095,selected_ABC,0,0,0
407,407,0,1879,3.5393531311109934,0,0,0,0,0,408,407,1879,0,351,407,0,0.8357644205256448,407.0000003904315,0.0,201.47479283809662,0.0,407.0000011515938,0.0,201.42380034923553,0.0,0,0,0,0,0,0.0,0,0,0,0,0,0,0,manfromtoilet,351,407,0,407,407,selected_ABC,0,0,0
210,200,40,1235,20.72031734305788,0,0,21,40,1,254,253,1235,0,142,207,46,0.6508410123326152,252.99999906887896,0.0,81.5479308962822,0.0,253.0000002793526,0.0,81.46993798017502,0.0,3,0,0,1,0,8912744.782700364,21,0,0,0,0,18,40,mangetsoff,142,253,0,253,253,selected_ABC,0,0,0
442,439,27,2347,16.812960047596313,1,0,29,26,4,521,520,2347,0,221,441,79,0.7187785914193104,519.9999988073696,0.0,126.91415667533875,0.0,519.999998764657,0.0,126.7962766289711,0.0,1,0,0,4,0,9996134.454842806,29,0,0,1,1,28,26,manoncall,221,520,1,520,520,selected_ABC,0,0,0
261,257,12,1343,13.23984253477078,0,0,7,12,1,273,272,1343,0,168,260,12,0.8048446681363224,272.000001893525,0.0,96.48454213142395,0.0,272.0000005531697,0.0,96.38750219345093,0.0,1,0,0,1,0,229526.33906603913,7,0,0,0,0,6,12,mansimiliar,168,272,0,272,272,selected_ABC,0,0,0
122,122,0,599,0.8949680015177086,0,0,0,0,0,123,122,599,0,83,122,0,0.8203055185411965,122.00000040293982,0.0,47.666541397571564,0.0,121.99999944211493,0.0,47.61910730600357,0.0,0,0,0,0,0,0.0,0,0,0,0,0,0,0,mantostartcar,83,122,0,122,122,selected_ABC,0,0,0
347,347,0,1628,5.003430701593342,0,0,0,0,0,353,352,1628,0,270,347,5,0.7944867737183369,351.9999977010425,0.0,155.01098603010178,0.0,351.99999961624525,0.0,154.91822957992554,0.0,0,0,0,0,0,0.0,0,0,0,0,0,0,0,midblkgirl,270,352,0,352,352,selected_ABC,0,0,0
5769,5420,1598,37179,1464.780940153922,10,0,258,1592,17,7258,7257,37179,0,5166,5743,1514,0.6168302661896335,7257.000008394524,1143.482649567403,2965.740196287632,493.11259829998016,7256.999998789223,1220.1370400597953,2964.3479537963867,492.9125736951828,26,0,0,17,0,56551137.80651572,258,0,0,6,6,232,1592,midboyNo_9,5166,7257,10,7257,7257,selected_ABC,1395,0,859
489,469,185,3275,129.07244678003372,1,0,20,186,2,664,663,3275,0,117,487,176,0.5597839642678389,662.9999996597562,0.0,67.15562963485718,0.0,663.0000071834723,0.0,67.12542414665222,0.0,2,0,0,1,0,806060.9298930957,20,1,1,0,0,18,186,middrillmaster,117,663,1,663,663,selected_ABC,0,0,0
2543,2331,728,16805,647.6742155653916,3,0,259,728,7,3226,3225,16805,0,2174,2519,706,0.5461498354645538,3224.99999269352,366.39716157392184,1247.8486189246178,171.05254113674164,3224.999998923199,472.97095914799297,1247.511109471321,171.0038355588913,24,0,0,6,0,75120723.92354532,259,1,1,1,1,235,728,midgreyboyrunningcoming,2174,3225,3,3225,3225,selected_ABC,697,0,298
321,317,85,2368,42.381551736514325,0,0,61,85,1,439,438,2368,0,202,317,121,0.6237758460248989,437.99999915127984,0.0,116.01667881011963,0.0,437.9999959546978,0.0,115.89916151762009,0.0,4,0,0,0,0,6172210.46903286,61,0,0,0,0,57,85,midof3girls,202,438,0,438,438,selected_ABC,0,0,0
5136,4705,2278,37931,1798.6843249544754,12,0,383,2274,16,7309,7293,37852,0,4745,5102,2191,0.5452117434474874,7293.000004307121,1832.2623923822255,2723.9618014097214,528.1215244531631,7293.000025485368,2090.0770297550052,2722.662906706333,527.8895463347435,34,0,0,16,0,66462134.48833464,383,1,2,5,4,348,2274,midredboy,4745,7308,12,7293,7293,selected_ABC,2359,0,920
330,226,202,3276,149.52673213057773,0,0,261,202,2,442,441,3276,0,8,287,154,0.3769836283096607,440.99999326591177,0.0,4.5910754799842834,0.0,440.99998584514265,0.0,4.5899538397789,0.0,43,0,0,1,0,23416436.825785954,261,0,0,0,0,218,202,midrunboywithwhite,8,441,0,441,441,selected_ABC,0,0,0
77,77,0,379,0.9748762914113495,0,0,0,0,0,78,77,379,0,77,77,0,0.8576693878996806,76.99999926617438,0.0,44.230522096157074,0.0,76.99999985200067,0.0,44.186328172683716,0.0,0,0,0,0,0,0.0,0,0,0,0,0,0,0,minibus,77,77,0,77,77,selected_ABC,0,0,0
180,170,37,1061,18.881083964600805,0,0,11,37,1,214,213,1061,0,139,179,34,0.668696007568529,213.00000050259024,0.0,79.82071125507355,0.0,212.99999870124583,0.0,79.77765500545502,0.0,1,0,0,0,0,3062639.9074480804,11,0,0,0,0,10,37,minibusgoes2left,139,213,0,213,213,selected_ABC,0,0,0
253,253,0,1253,1.7050044274628526,0,0,0,0,0,254,253,1253,0,212,253,0,0.8696196502099396,253.00000024026025,0.0,121.70758414268494,0.0,252.99999841180752,0.0,121.63704907894135,0.0,0,0,0,0,0,0.0,0,0,0,0,0,0,0,moto,212,253,0,253,253,selected_ABC,0,0,0
83,83,0,386,0.7473130794596065,0,0,0,0,0,84,83,386,0,20,83,0,0.7480230496362282,83.0000001110319,0.0,11.478353679180145,0.0,82.99999969362412,0.0,11.474210977554321,0.0,0,0,0,0,0,0.0,0,0,0,0,0,0,0,motocomeonlight,20,83,0,83,83,selected_ABC,0,0,0
126,126,0,569,0.7399201517119336,0,0,0,0,0,127,126,569,0,61,126,0,0.8074402079080787,126.00000013357575,0.0,35.0232999920845,0.0,125.99999938828311,0.0,34.99956655502319,0.0,0,0,0,0,0,0.0,0,0,0,0,0,0,0,motogoesaloongS,61,126,0,126,126,selected_ABC,0,0,0
216,208,40,1369,30.130858464284188,1,0,26,40,2,306,305,1369,0,92,214,91,0.5591076319286982,304.99999800759383,0.0,52.82087463140488,0.0,305.0000002348475,0.0,52.79908013343811,0.0,2,0,0,1,0,7732454.625873979,26,0,1,0,0,24,40,mototaking2boys306,92,305,1,305,305,selected_ABC,0,0,0
121,121,0,571,1.6097749688377399,0,0,0,0,0,122,121,571,0,121,121,0,0.8284147529915059,120.99999954846193,0.0,69.4931651353836,0.0,121.00000033065477,0.0,69.42092609405518,0.0,0,0,0,0,0,0.0,0,0,0,0,0,0,0,mototurneast,121,121,0,121,121,selected_ABC,0,0,0
94,94,0,448,1.8070526608179052,0,0,0,0,0,95,94,448,0,63,94,0,0.7768461473348535,94.00000082035562,0.0,36.17886304855347,0.0,93.99999901657974,0.0,36.14535915851593,0.0,0,0,0,0,0,0.0,0,0,0,0,0,0,0,motowithbluetop,63,94,0,94,94,selected_ABC,0,0,0
790,785,12,4090,31.128408797962,1,0,34,12,2,808,807,4090,0,544,787,20,0.8182530891321091,807.0000054683358,0.0,312.219104886055,0.0,806.9999984032798,0.0,312.13187676668167,0.0,3,0,0,2,0,9203775.059690744,34,0,0,0,0,31,12,pingpingpad3,544,807,1,807,807,selected_ABC,0,0,0
1102,1020,164,5937,209.84733440515495,3,0,196,163,8,1270,1269,5937,0,11,1080,189,0.6685728042937119,1269.0000359653836,0.0,6.311938524246216,0.0,1269.0000065856166,0.0,6.312242686748505,0.0,22,0,0,7,0,42638940.26755364,196,1,1,2,2,174,163,pinkwithblktopcup,11,1269,3,1269,1269,selected_ABC,0,0,0
333,333,0,1521,1.9906133861351527,0,0,0,0,0,334,333,1521,0,273,333,0,0.835710496603667,333.00000119013714,0.0,156.74546837806702,0.0,332.99999761896015,0.0,156.63117176294327,0.0,0,0,0,0,0,0.0,0,0,0,0,0,0,0,raincarturn,273,333,0,333,333,selected_ABC,0,0,0
156,156,0,721,5.026251104298088,0,0,1,0,0,157,156,721,0,130,156,0,0.8405659303588897,156.00000053766792,0.0,74.64022451639175,0.0,155.99999947996528,0.0,74.58233320713043,0.0,0,0,0,0,0,11807.353492958417,1,0,0,0,0,1,0,rainycarcome_ab,130,156,0,156,156,selected_ABC,0,0,0
135,135,5,720,5.880939814911583,0,0,10,5,1,150,149,720,0,16,135,14,0.7348941221583654,149.00000027931665,1.1579130922505074,9.182949185371399,0.5739616751670837,149.00000308668282,2.6244097730479212,9.1804860830307,0.5738154649734497,0,0,0,1,0,2403368.534737879,10,0,0,0,0,10,5,redboygoright,16,149,0,149,149,selected_ABC,1,0,1
261,261,0,1304,1.2810981915429926,0,0,0,0,0,262,261,1304,0,261,261,0,0.8690508531617742,261.0000001923656,0.0,149.8755565881729,0.0,260.9999990627122,0.0,149.7606013417244,0.0,0,0,0,0,0,0.0,0,0,0,0,0,0,0,redcarcominginlight,261,261,0,261,261,selected_ABC,0,0,0
103,103,0,515,2.2085753781175,0,0,0,0,0,104,103,515,0,67,103,0,0.7037199871774822,102.999999190558,0.0,38.467337131500244,0.0,102.99999882685405,0.0,38.44251626729965,0.0,0,0,0,0,0,0.0,0,0,0,0,0,0,0,redetricycle,67,103,0,103,103,selected_ABC,0,0,0
628,589,11,4837,157.83687253374126,0,0,333,11,1,662,661,4837,0,0,591,70,0.6937085461584012,661.0,0.0,0.0,0.0,661.0,0.0,0.0,0.0,37,0,0,1,0,58122672.8066383,333,0,0,0,0,296,11,redmidboy,0,661,0,661,661,selected_ABC,0,0,0
454,369,358,4415,215.64564672120386,11,0,154,357,2,730,729,4415,0,225,454,275,0.4248452566904453,729.0000203781829,0.0,129.1930735707283,0.0,728.9999986393683,0.0,129.09374278783798,0.0,0,0,0,1,0,24834287.7310214,154,3,3,4,4,154,357,redroadlatboy,225,729,11,729,729,selected_ABC,0,0,0
144,144,0,721,7.090123791228546,0,0,0,0,0,168,167,721,0,100,144,23,0.6902416920861179,166.99999787877292,0.0,57.428793370723724,0.0,167.00000112319523,0.0,57.37401366233826,0.0,0,0,0,0,0,0.0,0,0,0,0,0,0,0,redtricycle,100,167,0,167,167,selected_ABC,0,0,0
873,615,1061,11048,639.4605595504987,6,0,582,1059,7,1750,1749,11048,0,2,818,931,0.28215896969391235,1748.9999850883107,0.0,1.1478431224822998,0.0,1749.0000011884895,0.0,1.1474276781082153,0.0,55,0,0,6,0,30780102.72921806,582,1,1,3,3,527,1059,right2ndflagformath,2,1749,6,1749,1749,selected_ABC,0,0,0
1552,1355,409,10645,389.60877923224564,7,0,325,409,8,1916,1898,10520,0,7,1521,377,0.555847632634673,1897.9999827716877,0.0,4.016948819160461,0.0,1897.999944784885,0.0,4.015932142734528,0.0,31,0,0,8,0,25850267.82740641,325,1,3,4,3,286,409,right5thflag,8,1915,7,1898,1898,selected_ABC,0,0,0
109,107,105,1115,66.89153911941732,1,0,30,106,2,225,224,1115,0,73,108,116,0.3779173709069242,223.999997919756,34.51992099761042,41.913234889507294,21.82291203737259,223.9999992777951,30.5694199835392,41.88603162765503,21.804937303066254,1,0,0,1,0,5228414.3577964865,30,1,1,0,0,29,106,rightbike,73,224,1,224,224,selected_ABC,37,0,38
392,391,0,1941,23.322134226707202,0,0,15,0,0,416,415,1941,0,248,391,24,0.746579276675696,414.99999973930227,0.0,142.3616667985916,0.0,414.99999751184765,0.0,142.3212758898735,0.0,1,0,0,0,0,1204082.0608973717,15,0,0,0,0,14,0,rightbike-gai,248,415,0,415,415,selected_ABC,0,0,0
3560,3184,943,22150,1079.5446856475392,1,0,45,944,6,4386,4385,22150,0,3755,3549,836,0.6462609658919839,4384.999994602227,854.7011940893265,2155.6580879092216,450.5508628487587,4384.999997312163,849.725989333652,2155.249692082405,450.57500863075256,11,0,0,6,0,71491628.73179197,45,0,1,0,0,34,944,rightblkboy4386,3755,4385,1,4385,4385,selected_ABC,888,0,785
255,254,0,1288,7.420091123479575,0,0,2,0,0,279,276,1283,0,196,254,23,0.7565872673538417,276.0003427306339,0.0,112.51878935098648,0.0,275.9995984127024,0.0,112.49072641134262,0.0,1,0,0,0,0,891874.0753138165,2,0,0,0,0,1,0,rightblkboystand,197,278,0,277,277,selected_ABC,0,0,0
383,383,0,2087,30.563232405558583,0,0,34,0,0,386,385,2087,0,145,383,2,0.79640901458569,384.9999993672448,0.0,83.21260476112366,0.0,385.00000408300457,0.0,83.19322210550308,0.0,0,0,0,0,0,2000602.576210493,34,0,0,0,0,34,0,rightblkfatboyleftwhite,145,385,0,385,385,selected_ABC,0,0,0
349,348,0,1684,19.47793595040475,0,0,0,0,0,353,352,1684,0,310,349,3,0.6927898808460778,352.00000028624237,0.0,178.01011103391647,0.0,352.000000085083,0.0,177.86609852313995,0.0,0,0,0,0,0,0.0,0,0,0,0,0,0,0,rightbluewhite,310,352,0,352,352,selected_ABC,0,0,0
697,488,575,7156,313.8914646725335,4,0,416,577,25,1388,1387,7156,0,2,645,742,0.3400086375171717,1387.0000081775052,0.0,1.1477049589157104,0.0,1387.000035226345,0.0,1.147338628768921,0.0,52,0,0,24,0,127979449.19726095,416,3,3,1,0,364,577,rightbottlecomes,2,1387,4,1387,1387,selected_ABC,0,0,0
492,487,5,2322,13.602593692093084,0,0,6,5,1,504,503,2322,0,121,492,11,0.7561045276983155,502.99999795952675,0.0,69.44988149404526,0.0,502.99999402453625,0.0,69.42404705286026,0.0,0,0,0,1,0,206023.12157265146,6,0,0,0,0,6,5,rightboy504,121,503,0,503,503,selected_ABC,0,0,0
617,614,424,5204,107.31494163586835,0,0,141,424,1,1050,1049,5204,0,574,617,432,0.4937757247828447,1049.0000041677279,0.0,329.3857601284981,0.0,1049.0000019438558,0.0,329.30461370944977,0.0,0,0,0,0,0,12962615.502313007,141,0,0,0,0,141,424,rightcameraman,574,1049,0,1049,1049,selected_ABC,0,0,0
204,185,252,3388,106.69121587660698,3,0,184,252,4,561,560,3388,0,5,194,366,0.30973621646793986,560.0000018500355,0.0,2.86948424577713,0.0,560.0000050517958,0.0,2.869335353374481,0.0,10,0,0,3,0,57638873.31605208,184,0,1,1,0,174,252,rightcar-chongT,5,560,3,560,560,selected_ABC,0,0,0
318,287,314,3045,95.1468092111592,2,0,96,313,3,604,603,3045,0,56,304,299,0.36959285131854475,603.0000089525879,0.0,32.14241182804108,0.0,602.9999924327902,0.0,32.128499031066895,0.0,14,0,0,2,0,15545402.053923046,96,0,1,1,1,82,313,rightcomingstrongboy,56,603,2,603,603,selected_ABC,0,0,0
967,967,101,5840,26.97662105612176,1,0,109,100,3,1133,1132,5840,0,0,967,165,0.6510468218164516,1132.0,0.0,0.0,0.0,1132.0,0.0,0.0,0.0,0,0,0,2,0,19862798.832671687,109,0,0,1,0,109,100,rightdarksingleman,0,1132,1,1132,1132,selected_ABC,0,0,0
125,46,608,4485,306.6210374423239,10,0,247,608,3,668,667,4485,0,4,113,554,0.06366290667978344,667.0000009760934,0.0,2.296667516231537,0.0,667.0000264944275,0.0,2.294761300086975,0.0,12,0,0,2,0,24644584.43364548,247,0,1,2,1,235,608,rightgirltakingcup,4,667,10,667,667,selected_ABC,0,0,0
268,245,45,1529,38.63465355423385,1,0,20,44,2,308,307,1529,0,162,264,43,0.6272043991575559,306.9999979523407,0.0,93.01715713739395,0.0,306.9999975665039,0.0,92.96711611747742,0.0,4,0,0,2,0,9769164.2465378,20,0,0,1,1,16,44,rightwaiter1_quezhen,162,307,1,307,307,selected_ABC,0,0,0
189,147,225,1985,133.70532171558796,1,0,73,226,3,386,385,1985,0,52,165,220,0.3178986404847441,385.0000005031853,0.0,29.84484028816223,0.0,385.00000630082417,0.0,29.832695364952087,0.0,24,0,0,2,0,2251173.3152231723,73,0,1,0,0,49,226,runningcameragirl,52,385,1,385,385,selected_ABC,0,0,0
444,391,313,4726,85.24718229526793,3,0,220,312,4,832,831,4726,0,11,401,430,0.39913265954649274,830.9999971065795,0.0,6.3165265917778015,0.0,831.0000024672133,0.0,6.311974108219147,0.0,43,0,0,4,1,35411296.05884883,220,0,0,1,1,177,312,shinybikeboy2left,11,831,3,831,831,selected_ABC,0,0,0
275,272,41,1825,19.749783501824083,0,0,35,41,1,359,358,1825,0,185,275,83,0.6192914715872597,358.00000020489523,0.0,106.22133195400238,0.0,357.99999956692824,0.0,106.1812995672226,0.0,0,0,0,0,0,9975866.280810323,35,0,0,0,0,35,41,shinycarcoming,185,358,0,358,358,selected_ABC,0,0,0
505,496,49,3271,69.65083905628897,0,0,92,49,2,602,601,3271,0,171,496,105,0.6337542111896161,600.999998891106,12.305040442541973,98.19874823093414,6.890762627124786,601.000001921616,18.95827301272277,98.15458416938782,6.885851979255676,9,0,0,1,0,19636737.360142622,92,0,0,0,0,83,49,shinycarcoming2,171,601,0,601,601,selected_ABC,23,0,12
200,200,0,997,0.7640961943951935,0,0,0,0,0,201,200,997,0,200,200,0,0.9320136892184558,200.00000066011805,0.0,114.91841757297516,0.0,199.9999994158145,0.0,114.75708347558975,0.0,0,0,0,0,0,0.0,0,0,0,0,0,0,0,silvercarturn,200,200,0,200,200,selected_ABC,0,0,0
647,647,8,3043,6.762893699777394,0,0,12,8,1,662,661,3043,0,517,647,14,0.8267744557447286,660.9999988735872,0.0,296.7563722729683,0.0,661.0000001077415,0.0,296.62321358919144,0.0,0,0,0,1,0,11104137.2060985,12,0,0,0,0,12,8,small-gai,517,661,0,661,661,selected_ABC,0,0,0
678,677,0,3419,9.065267077515914,0,0,4,0,0,683,682,3419,0,531,677,5,0.8292439425863936,681.99999812373,0.0,304.8774887919426,0.0,681.9999983152181,0.0,304.7235860824585,0.0,1,0,0,0,0,901626.0386348104,4,0,0,0,0,3,0,standblkboy,531,682,0,682,682,selected_ABC,0,0,0
596,596,0,2786,24.068210712077466,0,0,25,0,0,664,663,2786,0,0,596,67,0.7523879881364323,663.0,0.0,0.0,0.0,663.0,0.0,0.0,0.0,0,0,0,0,0,1508540.204246254,25,0,0,0,0,25,0,swan_0109,0,663,0,663,663,selected_ABC,0,0,0
91,82,2,800,25.312917137508705,0,0,13,2,0,152,151,800,0,131,82,69,0.5933679078490184,150.99999995543263,0.0,75.26957541704178,0.0,150.99999973283457,0.0,75.15989911556244,0.0,9,0,0,0,0,807413.7049250193,13,0,0,0,0,4,2,truckgonorth,131,151,0,151,151,selected_ABC,0,0,0
1116,815,299,9712,543.3527851256929,0,0,832,299,25,1171,1170,9712,0,2,926,244,0.5572153021022184,1169.9999915787707,0.0,1.1476503610610962,0.0,1169.9999701976776,0.0,1.1474462151527405,0.0,190,0,0,24,0,128095789.25648081,832,0,0,0,0,642,299,turning1strowleft2ndboy,2,1170,0,1170,1170,selected_ABC,0,0,0
191,191,0,954,1.1851879309385638,0,0,0,0,0,192,191,954,0,165,191,0,0.8713380098433158,191.00000024939658,0.0,94.74197870492935,0.0,190.9999992584312,0.0,94.67631977796555,0.0,0,0,0,0,0,0.0,0,0,0,0,0,0,0,umbreboyoncall,165,191,0,191,191,selected_ABC,0,0,0
262,237,65,1935,72.2656587976071,3,0,88,64,4,319,318,1935,0,0,261,57,0.5698512425032273,318.0,0.0,0.0,0.0,318.0,0.0,0.0,0.0,1,0,0,4,0,2550160.10991382,88,0,1,2,2,87,64,umbrella,0,318,3,318,318,selected_ABC,0,0,0
453,451,4,2380,22.91368667235111,0,0,28,4,0,475,474,2380,0,113,451,23,0.7538129833065392,473.9999972251281,0.0,64.87754464149475,0.0,473.9999984016722,0.0,64.82803076505661,0.0,2,0,0,0,0,3208682.733053062,28,0,0,0,0,26,4,umbrellabyboy,113,474,0,474,474,selected_ABC,0,0,0
463,449,49,2807,38.66042745868496,0,0,26,49,2,566,565,2807,0,277,462,103,0.6638597216641733,565.0000017462115,0.0,159.00526648759842,0.0,565.0000073567091,0.0,158.93645107746124,0.0,1,0,0,2,0,10125833.331854211,26,0,0,0,0,25,49,umbrellawillbefold,277,565,0,565,565,selected_ABC,0,0,0
466,463,11,2426,8.443782489376304,0,0,15,11,1,490,489,2426,0,369,464,25,0.7987223811681441,488.99999878791016,0.0,211.8499476313591,0.0,489.0000008588625,0.0,211.71371233463287,0.0,2,0,0,1,0,7705360.885757927,15,0,0,0,0,13,11,umbrellawillopen,369,489,0,489,489,selected_ABC,0,0,0
678,678,0,3342,20.842268117864876,0,0,2,0,0,680,679,3342,0,569,678,1,0.7778174889466202,678.999998802686,0.0,326.71770161390305,0.0,679.0000021943023,0.0,326.5340933203697,0.0,0,0,0,0,0,246264.53336407756,2,0,0,0,0,2,0,waitresscoming,569,679,0,679,679,selected_ABC,0,0,0
458,455,51,3090,20.019765649592763,3,0,74,51,3,566,565,3090,0,36,458,107,0.6445880733630435,565.0000222104296,0.0,20.663783192634583,0.0,565.0000001251311,0.0,20.65607577562332,0.0,0,0,0,2,0,9098225.793174751,74,1,1,1,1,74,51,whitebikebelow,36,565,3,565,565,selected_ABC,0,0,0
604,594,92,3527,79.84988912891811,2,0,49,92,1,691,690,3527,0,86,602,88,0.7291247909937154,689.9999948742689,0.0,49.386148393154144,0.0,689.9999968623125,0.0,49.34366011619568,0.0,2,0,0,1,0,3753114.6586560225,49,1,1,1,1,47,92,whiteboyrightcoccergoal,86,690,2,690,690,selected_ABC,0,0,0
83,83,0,412,0.1848661257166705,0,0,0,0,0,84,83,412,0,83,83,0,0.8894820999030274,82.99999945291574,0.0,47.67621499300003,0.0,83.00000039314011,0.0,47.62034636735916,0.0,0,0,0,0,0,0.0,0,0,0,0,0,0,0,whitecarcomeinrain,83,83,0,83,83,selected_ABC,0,0,0
539,528,147,3909,57.92744364758333,1,0,109,146,2,683,682,3909,0,456,535,147,0.6669357401087718,682.0000020936045,22.01242399942467,261.9101449251175,4.597289979457855,682.0000004775842,31.01269770700183,261.68411761522293,4.590223848819733,4,0,0,2,0,52993841.523106664,109,0,0,1,1,105,146,whitecarturn683,456,682,1,682,682,selected_ABC,44,0,8
56,56,0,280,0.9018312437152459,0,0,0,0,0,57,56,280,0,56,56,0,0.8752487982167694,55.99999992633925,0.0,32.17088305950165,0.0,56.00000017986189,0.0,32.129574716091156,0.0,0,0,0,0,0,0.0,0,0,0,0,0,0,0,whitecarturnleft,56,56,0,56,56,selected_ABC,0,0,0
102,102,0,496,1.5019137884095208,0,0,0,0,0,103,102,496,0,90,102,0,0.7806736250034533,102.00000077362252,0.0,51.712883949279785,0.0,102.00000028807844,0.0,51.65216851234436,0.0,0,0,0,0,0,0.0,0,0,0,0,0,0,0,whitecarturnright,90,102,0,102,102,selected_ABC,0,0,0
51,51,4,336,2.395789144851231,0,0,8,4,1,67,66,336,0,0,51,15,0.6730675190979168,66.0,0.0,0.0,0.0,66.0,0.0,0.0,0.0,0,0,0,0,0,312198.5129579059,8,0,0,0,0,8,4,whitefardown,0,66,0,66,66,selected_ABC,0,0,0
123,118,32,818,28.47564756165387,1,0,17,33,2,155,154,818,0,0,122,32,0.5673760554528309,154.0,0.0,0.0,0.0,154.0,0.0,0.0,0.0,1,0,0,1,0,1628756.6457648745,17,1,1,0,0,16,33,whitefargirl,0,154,1,154,154,selected_ABC,0,0,0
555,555,11,2769,6.319246663811706,0,0,17,11,1,589,588,2769,0,277,555,33,0.7692732128613594,587.9999993370656,0.0,158.97923135757446,0.0,587.9999950453875,0.0,158.92571395635605,0.0,0,0,0,1,0,6403250.224175849,17,0,0,0,0,17,11,whitegirlinlight,277,588,0,588,588,selected_ABC,0,0,0
188,179,369,2782,157.05472609418058,0,0,81,369,1,549,548,2782,0,152,188,360,0.23147718103810852,548.0000211352788,0.0,87.29810398817062,0.0,547.9999974026792,0.0,87.22031706571579,0.0,0,0,0,0,0,17105413.651343845,81,0,0,0,0,81,369,whitegirltakingchopsticks,152,548,0,548,548,selected_ABC,0,0,0
193,166,32,1284,56.34776832673744,3,0,64,29,3,203,202,1284,0,0,188,14,0.689528901776449,202.0,0.0,0.0,0.0,202.0,0.0,0.0,0.0,5,0,0,3,0,4962288.334242115,64,0,0,3,3,59,29,whiteofboys,0,202,3,202,202,selected_ABC,0,0,0
256,253,98,2535,23.699654430848277,3,0,96,97,1,425,424,2535,0,42,256,168,0.507880197664613,423.9999994868939,0.0,24.102292120456696,0.0,424.00000275168634,0.0,24.09606957435608,0.0,0,0,0,1,0,12565060.366464928,96,0,0,1,1,96,97,whiteridingbike,42,424,3,424,424,selected_ABC,0,0,0
338,316,28,1820,29.46653572497392,1,0,33,27,2,346,345,1820,0,171,338,7,0.7435795699879808,345.0000007760734,0.0,98.17910313606262,0.0,345.0000017167664,0.0,98.10267323255539,0.0,0,0,0,2,0,1483597.3792046024,33,0,0,1,1,33,27,whiterunningboy,171,345,1,345,345,selected_ABC,0,0,0
596,554,208,4337,93.89924204080063,3,0,152,207,10,818,817,4337,0,219,588,229,0.5597408823746776,817.0000047784714,0.0,125.70317822694778,0.0,816.9999945387309,0.0,125.64502769708633,0.0,8,0,0,9,0,22905281.685818102,152,1,1,2,2,144,207,whiteskirtgirlcomingfromgoal,219,817,3,817,817,selected_ABC,0,0,0
136,136,0,671,0.7135335986131085,0,0,0,0,0,137,136,671,0,136,136,0,0.8759422238857344,136.00000038723616,0.0,78.12925457954407,0.0,135.999999530005,0.0,78.03065943717957,0.0,0,0,0,0,0,0.0,0,0,0,0,0,0,0,whitesuvturn,136,136,0,136,136,selected_ABC,0,0,0
93,93,0,460,2.261609541882865,0,0,4,0,0,95,94,460,0,19,93,1,0.8207127946848252,93.9999996928209,0.0,10.909175157546997,0.0,93.99999990365698,0.0,10.900819838047028,0.0,0,0,0,0,0,267137.2936921083,4,0,0,0,0,4,0,womanback2car,19,94,0,94,94,selected_ABC,0,0,0
61,58,28,711,8.880672985278167,0,0,44,28,1,118,117,711,0,0,61,56,0.4845299321834225,117.0,0.0,0.0,0.0,117.0,0.0,0.0,0.0,0,0,0,0,0,5242894.385014844,44,0,0,0,0,44,28,yellowgirl118,0,117,0,117,117,selected_ABC,0,0,0
359,359,0,1784,6.928999969390583,0,0,4,0,0,361,360,1784,0,271,359,1,0.8321726337676107,359.9999990021937,0.0,155.65730315446854,0.0,360.00000341775416,0.0,155.4866219162941,0.0,0,0,0,0,0,814830.1897674592,4,0,0,0,0,4,0,yellowskirt,271,360,0,360,360,selected_ABC,0,0,0
