variant,sequence,frame_zero_based,region,candidate,searched_region,extra_executed,pause,gt_known,same_state_c1_iou,selected_iou
recoverability_s42,aftertree,293,0,0,2,True,False,True,0.68418200259608,0.68418200259608
recoverability_s42,aftertree,308,0,1,0,False,False,True,0.703707462419016,0.0
recoverability_s42,aftertree,309,0,0,2,True,False,True,0.0,0.0
recoverability_s42,baby,286,0,2,2,True,False,True,0.11683805995420407,0.0
recoverability_s42,baby,287,0,3,2,True,False,True,0.0,0.0
recoverability_s42,baby,289,2,0,2,True,False,True,0.0,0.22378858889511621
recoverability_s42,baby,343,2,1,2,True,False,True,0.5267576405211677,0.0
recoverability_s42,baby,345,0,0,2,True,False,True,0.0,0.6668246263642886
recoverability_s42,baby,352,2,3,2,True,False,True,0.503117107912749,0.0
recoverability_s42,baby,353,2,2,2,True,False,True,0.0,0.0
recoverability_s42,baby,355,0,0,2,True,True,True,0.0,0.6536278194160693
recoverability_s42,baby,628,0,0,2,True,False,True,0.4636687592605753,0.4636687592605753
recoverability_s42,baby,629,0,0,2,True,False,True,0.38920794850245355,0.38920794850245355
recoverability_s42,baby,630,0,0,2,True,False,True,0.28871956898762635,0.0
recoverability_s42,baby,632,0,1,0,False,False,True,0.0,0.275618804352604
recoverability_s42,baginhand,163,2,1,2,True,False,True,0.3935823240895038,0.0
recoverability_s42,baginhand,164,0,0,2,True,False,True,0.018854420773835565,0.018854420773835565
recoverability_s42,baginhand,165,0,0,2,True,False,True,0.023741979822344692,0.023741979822344692
recoverability_s42,baginhand,166,0,0,2,True,False,True,0.05051309831620174,0.05051309831620174
recoverability_s42,baginhand,167,2,0,2,True,False,True,0.0777732506154086,0.0
recoverability_s42,baginhand,168,0,0,2,True,False,True,0.0,0.0
recoverability_s42,baginhand,171,2,0,2,True,False,True,0.0,0.0
recoverability_s42,baginhand,172,2,0,2,True,False,True,0.0,0.0
recoverability_s42,baginhand,173,2,0,2,True,False,True,0.0,0.0
recoverability_s42,baginhand,174,2,0,2,True,False,True,0.0,0.0
recoverability_s42,baginhand,175,2,2,2,True,False,True,0.0,0.0
recoverability_s42,baginhand,176,0,0,0,False,False,True,0.0,0.07057453259070236
recoverability_s42,baginhand,177,2,3,2,True,False,True,0.16982227522783994,0.0
recoverability_s42,baginhand,179,2,2,2,True,False,True,0.0,0.0
recoverability_s42,baginhand,181,0,1,2,True,False,True,0.0,0.07467942292796934
recoverability_s42,baginhand,182,2,1,2,True,False,True,0.056267831007428,0.0
recoverability_s42,baginhand,184,0,1,2,True,False,True,0.0,0.2891390688015543
recoverability_s42,baginhand,276,0,0,2,True,False,True,0.4071826221430543,0.4071826221430543
recoverability_s42,baginhand,277,0,0,2,True,False,True,0.5956456973834756,0.5956456973834756
recoverability_s42,baketballwaliking,11,0,0,2,True,False,True,0.8684855125824478,0.8684855125824478
recoverability_s42,baketballwaliking,12,0,0,2,True,False,True,0.03766750074670153,0.03766750074670153
recoverability_s42,baketballwaliking,24,0,0,2,True,False,True,0.0,0.0
recoverability_s42,baketballwaliking,32,0,0,2,True,False,True,0.9101326252304823,0.9101326252304823
recoverability_s42,baketballwaliking,34,0,0,2,True,False,True,0.0,0.0
recoverability_s42,baketballwaliking,35,0,0,2,True,False,True,0.787853242589473,0.787853242589473
recoverability_s42,baketballwaliking,59,0,0,2,True,False,True,0.0,0.0
recoverability_s42,baketballwaliking,62,0,0,2,True,False,True,0.0,0.0
recoverability_s42,baketballwaliking,63,0,0,2,True,False,True,0.0,0.0
recoverability_s42,baketballwaliking,66,0,0,2,True,False,True,0.0,0.0
recoverability_s42,baketballwaliking,69,0,0,2,True,False,True,0.0,0.0
recoverability_s42,baketballwaliking,70,0,0,2,True,False,True,0.0,0.0
recoverability_s42,baketballwaliking,72,0,0,2,True,False,True,0.7241475677155461,0.7241475677155461
recoverability_s42,baketballwaliking,73,0,0,2,True,False,True,0.7351258571529373,0.7351258571529373
recoverability_s42,baketballwaliking,74,0,0,2,True,False,True,0.8397093554372397,0.8397093554372397
recoverability_s42,baketballwaliking,85,0,0,2,True,False,True,0.8222050470262133,0.8222050470262133
recoverability_s42,baketballwaliking,86,0,0,2,True,False,True,0.8066230868385197,0.8066230868385197
recoverability_s42,baketballwaliking,90,0,0,2,True,False,True,0.0,0.0
recoverability_s42,baketballwaliking,104,0,0,2,True,False,True,0.6587342561938568,0.6587342561938568
recoverability_s42,balancebike,137,0,0,2,True,False,True,0.34921667912923243,0.34921667912923243
recoverability_s42,balancebike,138,0,0,2,True,False,True,0.6869380207634657,0.6869380207634657
recoverability_s42,balancebike,147,0,0,2,True,False,True,0.09362167399607034,0.09362167399607034
recoverability_s42,balancebike,153,0,0,2,True,False,True,0.0,0.0
recoverability_s42,balancebike,154,0,0,2,True,False,True,0.0,0.0
recoverability_s42,balancebike,158,0,0,0,False,False,True,0.21329884143186445,0.0
recoverability_s42,balancebike,162,0,0,2,True,False,True,0.0,0.0
recoverability_s42,balancebike,165,0,1,2,True,False,True,0.0,0.6279265175598268
recoverability_s42,balancebike,190,0,0,2,True,False,True,0.0943250475992898,0.0943250475992898
recoverability_s42,balancebike,204,0,0,2,True,False,True,0.7497391931019194,0.7497391931019194
recoverability_s42,balancebike,212,0,0,2,True,False,True,0.569346907462088,0.569346907462088
recoverability_s42,balancebike,213,0,0,2,True,False,True,0.6761637690790049,0.6761637690790049
recoverability_s42,biketwo,29,0,0,2,True,False,True,0.47940748282883505,0.47940748282883505
recoverability_s42,biketwo,102,0,0,2,True,False,True,0.41136492002583047,0.41136492002583047
recoverability_s42,biketwo,103,0,0,2,True,False,True,0.5332898020147605,0.5332898020147605
recoverability_s42,biketwo,106,0,0,2,True,False,True,0.4454638177968826,0.4454638177968826
recoverability_s42,biketwo,111,0,0,2,True,False,True,0.36680570674184904,0.36680570674184904
recoverability_s42,biketwo,112,0,0,2,True,False,True,0.45709167517694793,0.45709167517694793
recoverability_s42,biketwo,113,0,0,2,True,False,True,0.40379739381246693,0.40379739381246693
recoverability_s42,biketwo,114,0,0,2,True,False,True,0.3544493833198029,0.3544493833198029
recoverability_s42,biketwo,192,0,0,2,True,False,True,0.2701421694326403,0.2701421694326403
recoverability_s42,biketwo,231,0,0,2,True,False,True,0.47490614045241086,0.47490614045241086
recoverability_s42,biketwo,246,0,1,0,False,False,True,0.35050871332816,0.0
recoverability_s42,biketwo,247,0,0,2,True,False,True,0.0,0.0
recoverability_s42,biketwo,248,0,1,2,True,False,True,0.0,0.32701827190437033
recoverability_s42,biketwo,256,0,1,0,False,False,True,0.3668772279428506,0.0
recoverability_s42,biketwo,257,0,1,0,False,False,True,0.0,0.299852473958584
recoverability_s42,biketwo,259,0,0,2,True,False,True,0.04388294560910225,0.04388294560910225
recoverability_s42,biketwo,260,0,0,2,True,False,True,0.0,0.0
recoverability_s42,biketwo,265,0,0,2,True,False,True,0.054051601561736586,0.054051601561736586
recoverability_s42,biketwo,268,0,0,2,True,False,True,0.2175522253483778,0.2175522253483778
recoverability_s42,biketwo,274,0,0,2,True,False,True,0.1750057004680158,0.1750057004680158
recoverability_s42,biketwo,275,0,0,2,True,False,True,0.14039592962526914,0.14039592962526914
recoverability_s42,biketwo,276,0,0,2,True,False,True,0.16092762019884588,0.16092762019884588
recoverability_s42,biketwo,277,0,0,2,True,False,True,0.15714371034914734,0.15714371034914734
recoverability_s42,biketwo,278,0,0,2,True,False,True,0.14592734661629658,0.14592734661629658
recoverability_s42,biketwo,279,0,0,2,True,False,True,0.0452032530403807,0.0452032530403807
recoverability_s42,biketwo,280,0,0,2,True,False,True,0.00348639684771761,0.00348639684771761
recoverability_s42,biketwo,300,0,1,0,False,False,True,0.0,0.3063405406297948
recoverability_s42,biketwo,301,0,0,2,True,False,True,0.2709004322149579,0.2709004322149579
recoverability_s42,biketwo,303,0,1,0,False,False,True,0.2288894675352015,0.0
recoverability_s42,biketwo,307,0,1,0,False,False,True,0.0,0.29118271353359715
recoverability_s42,biketwo,308,0,0,2,True,False,True,0.2745791560624989,0.2745791560624989
recoverability_s42,biketwo,319,0,0,2,True,False,True,0.2825259543284249,0.2825259543284249
recoverability_s42,biketwo,320,0,0,2,True,False,True,0.30794622089985013,0.30794622089985013
recoverability_s42,biketwo,321,0,0,2,True,False,True,0.32375377265068095,0.32375377265068095
recoverability_s42,biketwo,322,0,1,2,True,False,True,0.3305291624445648,0.0
recoverability_s42,biketwo,326,0,1,0,False,False,True,0.0,0.3145873733039325
recoverability_s42,biketwo,327,0,0,2,True,False,True,0.29860074573644235,0.29860074573644235
recoverability_s42,biketwo,328,0,0,2,True,False,True,0.28935014208151955,0.28935014208151955
recoverability_s42,biketwo,329,0,0,2,True,False,True,0.3487205513452125,0.0
recoverability_s42,biketwo,331,0,2,0,False,False,True,0.0,0.2871683041761654
recoverability_s42,biketwo,332,0,0,2,True,False,True,0.3399520029702362,0.3399520029702362
recoverability_s42,blackwoman,291,0,0,2,True,False,True,0.821750530375784,0.821750530375784
recoverability_s42,blackwoman,296,0,0,2,True,False,True,0.803606455288112,0.803606455288112
recoverability_s42,blackwoman,301,0,0,2,True,False,True,0.8313366315494509,0.8313366315494509
recoverability_s42,boundaryandfast,40,0,1,0,False,False,True,0.39503650872467316,0.0
recoverability_s42,boundaryandfast,67,0,1,0,False,False,True,0.0,0.0
recoverability_s42,call,92,0,0,2,True,False,True,0.516593994036951,0.516593994036951
recoverability_s42,call,97,0,0,2,True,False,True,0.44774544013270573,0.44774544013270573
recoverability_s42,call,99,0,0,0,False,False,True,0.1012079263032178,0.6851573534112693
recoverability_s42,call,191,0,0,2,True,False,True,0.3811596642199867,0.3811596642199867
recoverability_s42,call,192,0,0,2,True,False,True,0.36336742023315527,0.36336742023315527
recoverability_s42,call,193,0,0,2,True,False,True,0.34686666752975714,0.34686666752975714
recoverability_s42,call,199,0,0,2,True,False,True,0.3098710389699961,0.3098710389699961
recoverability_s42,call,204,0,0,2,True,False,True,0.3587070083605745,0.3587070083605745
recoverability_s42,call,205,0,0,2,True,False,True,0.31027475534259497,0.31027475534259497
recoverability_s42,call,207,0,0,2,True,False,True,0.3124283616284871,0.3124283616284871
recoverability_s42,call,208,0,0,2,True,False,True,0.3712679244533232,0.3712679244533232
recoverability_s42,car37,266,2,1,2,True,False,True,0.6090310869872342,0.0
recoverability_s42,car37,267,0,1,0,False,False,True,0.0,0.0
recoverability_s42,car37,269,0,0,2,True,False,True,0.0,0.0
recoverability_s42,car37,270,0,0,2,True,False,True,0.0,0.0
recoverability_s42,car37,272,2,1,2,True,False,True,0.0,0.0
recoverability_s42,car37,273,0,1,0,False,False,True,0.0,0.0
recoverability_s42,car37,274,0,0,2,True,False,True,0.0,0.0
recoverability_s42,car37,275,0,0,2,True,False,True,0.0,0.0
recoverability_s42,car37,277,0,1,2,True,False,True,0.0,0.0
recoverability_s42,car37,280,0,0,2,True,False,True,0.0,0.0
recoverability_s42,car37,283,0,1,2,True,False,True,0.0,0.0
recoverability_s42,car37,284,0,1,2,True,False,True,0.0,0.0
recoverability_s42,car37,285,0,1,2,True,False,True,0.0,0.0
recoverability_s42,car37,288,0,1,2,True,False,True,0.0,0.0
recoverability_s42,car37,289,2,2,2,True,False,True,0.0,0.0
recoverability_s42,car37,290,0,1,2,True,False,True,0.0,0.0
recoverability_s42,car37,291,0,1,2,True,False,True,0.0,0.0
recoverability_s42,car37,292,0,1,0,False,False,True,0.0,0.0
recoverability_s42,car37,293,0,0,2,True,False,True,0.0,0.0
recoverability_s42,car37,294,0,0,2,True,False,True,0.0,0.0
recoverability_s42,car37,297,0,1,2,True,False,True,0.0,0.0
recoverability_s42,car37,298,0,0,0,False,False,True,0.0,0.0
recoverability_s42,car37,299,0,0,2,True,False,True,0.0,0.0
recoverability_s42,car37,300,0,0,2,True,False,True,0.0,0.0
recoverability_s42,car37,302,0,0,2,True,False,True,0.0,0.0
recoverability_s42,car37,303,0,0,2,True,False,True,0.0,0.0
recoverability_s42,car37,304,0,0,2,True,False,True,0.0,0.0
recoverability_s42,car37,306,0,1,0,False,False,True,0.0,0.0
recoverability_s42,car37,307,0,2,2,True,False,True,0.0,0.0
recoverability_s42,car37,310,0,2,2,True,False,True,0.0,0.0
recoverability_s42,car37,311,0,2,0,False,False,True,0.0,0.0
recoverability_s42,car37,312,0,2,0,False,False,True,0.0,0.0
recoverability_s42,car37,314,0,1,0,False,False,True,0.0,0.0
recoverability_s42,car37,316,0,0,2,True,False,True,0.0,0.0
recoverability_s42,car37,317,0,0,2,True,False,True,0.0,0.0
recoverability_s42,car37,318,0,0,2,True,False,True,0.0,0.0
recoverability_s42,car37,319,0,0,2,True,False,True,0.0,0.0
recoverability_s42,car37,320,0,0,2,True,False,True,0.0,0.0
recoverability_s42,car37,321,0,0,2,True,False,True,0.0,0.0
recoverability_s42,car37,322,0,1,0,False,False,True,0.0,0.0
recoverability_s42,car37,323,0,0,2,True,False,True,0.0,0.0
recoverability_s42,car37,325,0,0,2,True,False,True,0.0,0.0
recoverability_s42,car37,327,0,0,2,True,False,True,0.0,0.0
recoverability_s42,car37,328,0,0,2,True,False,True,0.0,0.0
recoverability_s42,car37,331,0,0,2,True,False,True,0.0,0.0
recoverability_s42,car37,333,0,0,2,True,False,True,0.0,0.0
recoverability_s42,car37,335,0,0,0,False,False,True,0.0,0.0
recoverability_s42,car37,336,0,0,2,True,False,True,0.0,0.0
recoverability_s42,car37,337,0,0,2,True,False,True,0.0,0.0
recoverability_s42,car37,338,0,0,2,True,False,True,0.0,0.0
recoverability_s42,car37,339,0,0,2,True,False,True,0.0,0.0
recoverability_s42,car37,340,0,0,2,True,False,True,0.0,0.0
recoverability_s42,car37,343,0,0,2,True,False,True,0.0,0.0
recoverability_s42,car37,344,0,2,2,True,False,True,0.0,0.0
recoverability_s42,car37,345,0,0,2,True,False,True,0.0,0.0
recoverability_s42,car37,346,0,1,2,True,False,True,0.0,0.0
recoverability_s42,car37,347,0,1,2,True,False,True,0.0,0.0
recoverability_s42,car37,348,0,0,2,True,False,True,0.0,0.0
recoverability_s42,car37,349,0,2,2,True,False,True,0.0,0.0
recoverability_s42,car37,350,0,0,2,True,False,True,0.0,0.0
recoverability_s42,car37,351,0,0,2,True,False,True,0.0,0.0
recoverability_s42,car37,353,0,0,2,True,False,True,0.0,0.0
recoverability_s42,car37,355,0,0,2,True,False,True,0.0,0.0
recoverability_s42,car37,357,0,0,2,True,False,True,0.0,0.0
recoverability_s42,car37,359,0,0,2,True,False,True,0.0,0.0
recoverability_s42,car37,360,0,0,0,False,False,True,0.0,0.0
recoverability_s42,car37,362,0,0,2,True,False,True,0.0,0.0
recoverability_s42,car37,365,0,1,2,True,False,True,0.0,0.0
recoverability_s42,car37,366,2,3,2,True,False,True,0.0,0.0
recoverability_s42,car37,367,0,1,2,True,False,True,0.0,0.0
recoverability_s42,car37,368,0,0,2,True,False,True,0.0,0.0
recoverability_s42,car37,369,0,2,2,True,False,True,0.0,0.0
recoverability_s42,car37,370,0,0,2,True,False,True,0.0,0.0
recoverability_s42,car37,371,0,1,2,True,False,True,0.0,0.0
recoverability_s42,car37,373,0,0,2,True,False,True,0.0,0.0
recoverability_s42,car37,374,0,1,2,True,False,True,0.0,0.0
recoverability_s42,car37,375,0,1,2,True,False,True,0.0,0.0
recoverability_s42,car37,376,0,1,0,False,False,True,0.0,0.0
recoverability_s42,car37,377,0,0,2,True,False,True,0.0,0.0
recoverability_s42,car37,378,0,0,2,True,False,True,0.0,0.0
recoverability_s42,car37,379,0,0,2,True,False,True,0.0,0.0
recoverability_s42,car37,380,0,0,2,True,False,True,0.0,0.0
recoverability_s42,car37,381,0,0,2,True,False,True,0.0,0.0
recoverability_s42,car37,382,0,0,2,True,False,True,0.0,0.0
recoverability_s42,car37,383,0,0,2,True,False,True,0.0,0.0
recoverability_s42,car37,384,0,0,2,True,False,True,0.0,0.0
recoverability_s42,car37,385,0,0,2,True,False,True,0.0,0.0
recoverability_s42,car37,386,0,0,2,True,False,True,0.0,0.0
recoverability_s42,car37,387,0,1,2,True,False,True,0.0,0.0
recoverability_s42,car37,390,0,0,2,True,False,True,0.0,0.0
recoverability_s42,car37,391,0,0,2,True,False,True,0.0,0.0
recoverability_s42,car37,392,0,1,2,True,False,True,0.0,0.0
recoverability_s42,car37,393,0,1,0,False,False,True,0.0,0.0
recoverability_s42,car37,394,0,0,2,True,False,True,0.0,0.0
recoverability_s42,car37,395,0,0,2,True,False,True,0.0,0.0
recoverability_s42,car37,396,0,0,2,True,False,True,0.0,0.0
recoverability_s42,car37,398,0,0,2,True,False,True,0.0,0.0
recoverability_s42,car37,400,0,1,2,True,False,True,0.0,0.0
recoverability_s42,car37,403,0,0,2,True,False,True,0.0,0.0
recoverability_s42,car37,405,0,1,2,True,False,True,0.0,0.0
recoverability_s42,car37,408,0,0,2,True,False,True,0.0,0.0
recoverability_s42,car37,409,2,1,2,True,False,True,0.0,0.0
recoverability_s42,car37,410,2,3,2,True,False,True,0.0,0.2264868475238061
recoverability_s42,car37,457,0,1,0,False,False,True,0.6780805253154145,0.0
recoverability_s42,car37,458,0,0,2,True,False,True,0.0,0.0
recoverability_s42,car37,459,0,0,2,True,False,True,0.0,0.0
recoverability_s42,car37,461,0,0,2,True,False,True,0.0,0.0
recoverability_s42,car37,462,0,0,2,True,False,True,0.0,0.0
recoverability_s42,car37,465,2,0,2,True,False,True,0.0,0.674583594226078
recoverability_s42,car37,477,0,2,0,False,False,True,0.638092202914171,0.0
recoverability_s42,car37,478,0,0,2,True,False,True,0.0,0.0
recoverability_s42,car37,480,0,1,0,False,False,True,0.0,0.0
recoverability_s42,car37,481,2,0,2,True,False,True,0.0,0.6891199064792071
recoverability_s42,car37,486,0,0,2,True,False,True,0.7143516503532841,0.7143516503532841
recoverability_s42,car37,487,0,0,2,True,False,True,0.7220546723973122,0.7220546723973122
recoverability_s42,car37,513,0,0,2,True,False,True,0.8218556749389225,0.8218556749389225
recoverability_s42,car37,603,2,1,2,True,False,True,0.7336652689746745,0.4308600284839816
recoverability_s42,caraftertree,192,0,0,2,True,False,True,0.0,0.0
recoverability_s42,caraftertree,193,2,2,2,True,False,True,0.0,0.2482269541098308
recoverability_s42,carnotmove,24,0,0,0,False,False,True,0.8802029790604867,0.3875943992620641
recoverability_s42,carnotmove,28,0,0,2,True,False,True,0.7659256978060852,0.7659256978060852
recoverability_s42,carnotmove,40,0,0,0,False,False,True,0.05147901242995067,0.8128494249774458
recoverability_s42,carnotmove,150,0,0,2,True,False,True,0.7269184687244098,0.7269184687244098
recoverability_s42,carnotmove,153,0,0,2,True,False,True,0.5740589437132994,0.5740589437132994
recoverability_s42,carnotmove,190,0,0,2,True,False,True,0.7191406423430675,0.7191406423430675
recoverability_s42,carnotmove,193,0,0,2,True,False,True,0.7607488844032622,0.7607488844032622
recoverability_s42,child,50,0,0,2,True,False,True,0.19632877547517905,0.19632877547517905
recoverability_s42,child,106,0,0,2,True,False,True,0.2693798716519067,0.2693798716519067
recoverability_s42,child,112,0,0,2,True,False,True,0.10930098612985382,0.10930098612985382
recoverability_s42,child,114,0,0,2,True,False,True,0.28287893792034885,0.28287893792034885
recoverability_s42,child,115,0,0,2,True,False,True,0.16667406045175906,0.16667406045175906
recoverability_s42,child,118,0,0,2,True,False,True,0.116743598791722,0.116743598791722
recoverability_s42,child,119,0,0,0,False,False,True,0.24079551409997718,0.2741874060598757
recoverability_s42,child,120,0,0,2,True,False,True,0.21807726721922926,0.21807726721922926
recoverability_s42,child,121,0,0,2,True,False,True,0.06131035637817684,0.06131035637817684
recoverability_s42,child,122,0,0,2,True,False,True,0.3280668328644576,0.3280668328644576
recoverability_s42,child,128,0,0,2,True,False,True,0.24587043427845312,0.24587043427845312
recoverability_s42,child1,152,0,1,0,False,False,True,0.838560928849277,0.0
recoverability_s42,child1,155,0,0,0,False,True,True,0.0,0.0
recoverability_s42,child1,156,0,0,0,False,True,True,0.0,0.0
recoverability_s42,child1,157,0,0,0,False,True,True,0.0,0.0
recoverability_s42,child1,158,0,0,0,False,True,True,0.0,0.0
recoverability_s42,child1,159,0,0,0,False,True,True,0.0,0.0
recoverability_s42,child3,19,0,0,2,True,False,True,0.6948748300294688,0.6948748300294688
recoverability_s42,child3,20,0,0,2,True,False,True,0.5985478644061442,0.5985478644061442
recoverability_s42,child3,21,0,0,2,True,False,True,0.36086986825198397,0.36086986825198397
recoverability_s42,child3,22,0,0,2,True,False,True,0.0523649782924791,0.0523649782924791
recoverability_s42,child3,25,0,0,2,True,False,True,0.7176271546896344,0.7176271546896344
recoverability_s42,child3,35,0,1,0,False,False,True,0.7297183105211743,0.0
recoverability_s42,child3,38,0,1,0,False,False,True,0.7903699805529,0.0
recoverability_s42,child3,39,0,0,2,True,False,True,0.0,0.0
recoverability_s42,child3,40,0,1,0,False,False,True,0.0,0.7963875394094533
recoverability_s42,child3,72,0,1,0,False,False,True,0.7035858336604257,0.0
recoverability_s42,child3,73,0,2,0,False,False,True,0.0,0.0
recoverability_s42,child3,74,0,1,0,False,False,True,0.0,0.0
recoverability_s42,child3,76,2,0,2,True,False,True,0.0,0.0
recoverability_s42,child3,78,2,1,2,True,False,True,0.0,0.0
recoverability_s42,child3,79,0,1,0,False,False,True,0.0,0.0
recoverability_s42,child3,84,0,0,0,False,False,True,0.0,0.0
recoverability_s42,child3,88,0,0,0,False,False,True,0.0,0.0
recoverability_s42,child3,92,2,2,2,True,False,True,0.0,0.0
recoverability_s42,child3,93,0,0,2,True,False,True,0.0,0.0
recoverability_s42,child3,94,0,1,0,False,False,True,0.0,0.0
recoverability_s42,child3,95,2,1,2,True,False,True,0.0,0.0
recoverability_s42,child3,96,0,0,0,False,False,True,0.0,0.0
recoverability_s42,child3,97,0,2,0,False,False,True,0.0,0.0
recoverability_s42,child3,109,0,0,0,False,False,True,0.0,0.0
recoverability_s42,child3,122,0,0,0,False,False,True,0.0,0.0
recoverability_s42,child3,127,0,3,0,False,False,True,0.0,0.0
recoverability_s42,child3,128,0,0,2,True,False,True,0.0,0.0
recoverability_s42,child3,129,0,1,0,False,False,True,0.0,0.0
recoverability_s42,child3,133,0,0,0,False,False,True,0.0,0.0
recoverability_s42,child3,137,0,0,2,True,False,True,0.0,0.0
recoverability_s42,child3,145,0,0,2,True,False,True,0.0,0.0
recoverability_s42,child3,148,0,0,2,True,False,True,0.0,0.0
recoverability_s42,child3,149,0,0,2,True,False,True,0.0,0.0
recoverability_s42,child3,156,0,1,0,False,False,True,0.0,0.0
recoverability_s42,child3,157,0,0,2,True,False,True,0.0,0.0
recoverability_s42,child3,159,0,1,0,False,False,True,0.0,0.0
recoverability_s42,child3,160,0,0,2,True,False,True,0.0,0.0
recoverability_s42,child3,161,0,0,2,True,False,True,0.0,0.0
recoverability_s42,child3,162,2,3,2,True,False,True,0.0,0.2755016381620105
recoverability_s42,child3,165,0,1,0,False,False,True,0.3532598526842837,0.0
recoverability_s42,child3,166,0,0,2,True,False,True,0.0,0.0
recoverability_s42,child3,167,0,0,2,True,False,True,0.5555967042140989,0.5555967042140989
recoverability_s42,child3,168,0,0,2,True,False,True,0.7868612742573015,0.7868612742573015
recoverability_s42,child3,186,0,0,2,True,False,True,0.0,0.0
recoverability_s42,child3,188,0,0,2,True,False,True,0.0,0.0
recoverability_s42,child3,189,0,0,2,True,False,True,0.6161662520661769,0.6161662520661769
recoverability_s42,child3,190,0,0,2,True,False,True,0.0,0.0
recoverability_s42,child3,191,0,2,0,False,False,True,0.0,0.0
recoverability_s42,child3,193,0,0,2,True,False,True,0.0,0.0
recoverability_s42,child3,194,0,1,2,True,False,True,0.0,0.0
recoverability_s42,child3,200,0,0,2,True,False,True,0.0,0.0
recoverability_s42,child3,202,0,0,2,True,False,True,0.0,0.0
recoverability_s42,child3,203,0,0,2,True,False,True,0.0,0.0
recoverability_s42,child3,204,0,0,2,True,False,True,0.0,0.0
recoverability_s42,child3,206,0,0,2,True,False,True,0.0,0.0
recoverability_s42,child3,208,0,0,2,True,False,True,0.0,0.0
recoverability_s42,child3,210,2,1,2,True,False,True,0.0,0.0
recoverability_s42,child3,260,0,0,2,True,False,True,0.7222284463184273,0.7222284463184273
recoverability_s42,child3,263,0,0,2,True,False,True,0.5635310616148611,0.5635310616148611
recoverability_s42,child3,265,0,1,2,True,False,True,0.42773490119783286,0.0
recoverability_s42,child3,266,0,1,0,False,False,True,0.0,0.0
recoverability_s42,child3,267,0,2,0,False,False,True,0.0,0.0
recoverability_s42,child3,269,0,2,0,False,False,True,0.0,0.0
recoverability_s42,child3,270,0,0,2,True,False,True,0.0,0.0
recoverability_s42,child3,271,0,0,2,True,False,True,0.0,0.0
recoverability_s42,child3,272,0,0,2,True,False,True,0.0,0.0
recoverability_s42,child3,273,0,0,0,False,False,True,0.0,0.0
recoverability_s42,child3,274,0,0,2,True,False,True,0.0,0.0
recoverability_s42,child3,275,2,1,2,True,False,True,0.0,0.3166475352699397
recoverability_s42,child3,280,0,1,0,False,False,True,0.5398906110396965,0.0
recoverability_s42,child3,282,0,1,0,False,False,True,0.0,0.0
recoverability_s42,child3,283,0,0,2,True,False,True,0.0,0.0
recoverability_s42,child3,284,2,1,2,True,False,True,0.0,0.2142396121769789
recoverability_s42,child3,286,2,1,2,True,False,True,0.2950174118236153,0.21219101816652672
recoverability_s42,child3,287,0,0,2,True,False,True,0.045004579209891586,0.045004579209891586
recoverability_s42,child3,289,0,0,2,True,False,True,0.6434639922753074,0.6434639922753074
recoverability_s42,child3,297,0,1,0,False,False,True,0.6249980073313135,0.0
recoverability_s42,child3,298,0,0,2,True,False,True,0.0,0.0
recoverability_s42,child3,304,0,2,0,False,False,True,0.0,0.0
recoverability_s42,child3,306,0,0,2,True,False,True,0.0,0.0
recoverability_s42,child3,307,0,0,2,True,False,True,0.0,0.0
recoverability_s42,child3,308,2,3,2,True,False,True,0.0,0.0
recoverability_s42,child3,310,0,1,0,False,False,True,0.6632573911086305,0.0
recoverability_s42,child3,314,0,1,0,False,False,True,0.0,0.42751922422807026
recoverability_s42,child3,316,0,1,0,False,False,True,0.7511395613777037,0.0
recoverability_s42,child3,317,0,1,0,False,False,True,0.0,0.0
recoverability_s42,child3,320,0,1,0,False,False,True,0.0,0.45677747344010805
recoverability_s42,child3,326,0,1,0,False,False,True,0.7233337113222916,0.0
recoverability_s42,child3,327,0,0,2,True,False,True,0.0,0.0
recoverability_s42,child3,332,0,2,0,False,False,True,0.0,0.0
recoverability_s42,child3,333,0,0,2,True,False,True,0.0,0.0
recoverability_s42,child3,334,0,0,2,True,False,True,0.0,0.0
recoverability_s42,child3,335,0,0,2,True,False,True,0.0,0.0
recoverability_s42,child3,336,0,0,2,True,False,True,0.0,0.0
recoverability_s42,child3,337,2,0,2,True,False,True,0.0,0.0
recoverability_s42,child3,339,0,1,0,False,False,True,0.0,0.0
recoverability_s42,child3,340,0,0,2,True,False,True,0.0,0.0
recoverability_s42,child3,341,0,0,2,True,False,True,0.0,0.0
recoverability_s42,child3,343,0,0,2,True,False,True,0.0,0.0
recoverability_s42,child3,345,2,1,2,True,False,True,0.0,0.0
recoverability_s42,child3,346,2,0,2,True,False,True,0.0,0.0
recoverability_s42,child3,357,0,0,2,True,False,True,0.0,0.0
recoverability_s42,child3,359,2,0,2,True,False,True,0.0,0.0
recoverability_s42,child3,477,0,0,2,True,False,True,0.0,0.0
recoverability_s42,child3,479,0,4,0,False,False,True,0.0,0.0
recoverability_s42,child3,480,2,1,2,True,False,True,0.0,0.0
recoverability_s42,child3,481,2,0,2,True,False,True,0.0,0.0
recoverability_s42,child3,519,0,1,0,False,False,True,0.0,0.0
recoverability_s42,child3,520,0,0,0,False,False,True,0.0,0.0
recoverability_s42,child3,526,0,1,0,False,False,True,0.0,0.0
recoverability_s42,child3,527,0,0,2,True,False,True,0.0,0.0
recoverability_s42,child3,531,0,0,0,False,False,True,0.0,0.0
recoverability_s42,child3,535,0,0,0,False,False,True,0.0,0.0
recoverability_s42,child3,537,0,0,2,True,False,True,0.0,0.0
recoverability_s42,child3,547,0,0,2,True,False,True,0.0,0.0
recoverability_s42,child3,551,0,1,0,False,False,True,0.0,0.0
recoverability_s42,child3,552,0,0,2,True,False,True,0.0,0.0
recoverability_s42,child3,557,0,0,0,False,False,True,0.0,0.0
recoverability_s42,child3,562,0,1,0,False,False,True,0.0,0.0
recoverability_s42,child3,563,0,1,0,False,False,True,0.0,0.0
recoverability_s42,child3,564,0,3,0,False,False,True,0.0,0.0
recoverability_s42,child3,568,2,1,2,True,False,True,0.0,0.0
recoverability_s42,child3,569,0,1,0,False,False,True,0.0,0.0
recoverability_s42,child3,597,0,1,0,False,False,True,0.0,0.05582847512364601
recoverability_s42,child3,605,0,0,2,True,False,True,0.21999286948356736,0.21999286948356736
recoverability_s42,child4,203,0,0,2,True,False,True,0.8671331095529543,0.8671331095529543
recoverability_s42,child4,204,0,0,2,True,False,True,0.7618091824666682,0.7618091824666682
recoverability_s42,child4,205,0,0,2,True,False,True,0.713610040887991,0.713610040887991
recoverability_s42,child4,207,0,0,2,True,False,True,0.7478247517827097,0.7478247517827097
recoverability_s42,child4,209,0,0,2,True,False,True,0.6791922978770327,0.6791922978770327
recoverability_s42,child4,210,0,0,2,True,False,True,0.7294466337224895,0.7294466337224895
recoverability_s42,child4,214,0,0,2,True,False,True,0.657604838361065,0.657604838361065
recoverability_s42,child4,215,0,0,2,True,False,True,0.6556028588928168,0.6556028588928168
recoverability_s42,child4,216,0,0,2,True,False,True,0.6837065046492132,0.6837065046492132
recoverability_s42,child4,409,0,1,0,False,False,True,0.6811868606337317,0.0
recoverability_s42,children2,7,0,0,2,True,False,True,0.0,0.0
recoverability_s42,children2,8,2,0,2,True,False,True,0.0,0.558717391393642
recoverability_s42,children2,9,0,1,2,True,False,True,0.5350173103624133,0.0
recoverability_s42,children2,11,0,0,2,True,False,True,0.04773114810762064,0.04773114810762064
recoverability_s42,children2,12,0,0,2,True,False,True,0.33887518366035185,0.33887518366035185
recoverability_s42,children2,14,0,0,2,True,False,True,0.13470144115872465,0.13470144115872465
recoverability_s42,children2,15,0,0,2,True,False,True,0.3546746211684437,0.3546746211684437
recoverability_s42,children2,16,0,0,2,True,False,True,0.3840620952146094,0.3840620952146094
recoverability_s42,children2,19,0,0,2,True,False,True,0.0,0.0
recoverability_s42,children2,20,0,0,2,True,False,True,0.5468694678685458,0.5468694678685458
recoverability_s42,children2,21,0,1,2,True,False,True,0.380444302285304,0.0
recoverability_s42,children2,22,0,0,0,False,False,True,0.0,0.2781556455215273
recoverability_s42,children2,25,0,1,0,False,False,True,0.0,0.0
recoverability_s42,children2,27,0,0,2,True,False,True,0.0,0.0
recoverability_s42,children2,32,0,0,2,True,False,True,0.0,0.0
recoverability_s42,children2,40,0,0,2,True,False,True,0.0,0.0
recoverability_s42,children2,51,0,0,2,True,False,True,0.0,0.0
recoverability_s42,children2,58,0,0,2,True,False,True,0.0,0.0
recoverability_s42,children2,59,0,0,2,True,False,True,0.0,0.0
recoverability_s42,children2,60,0,1,0,False,False,True,0.0,0.0
recoverability_s42,children2,61,0,0,2,True,False,True,0.0,0.0
recoverability_s42,children2,65,0,0,2,True,False,True,0.0,0.0
recoverability_s42,children2,66,0,0,2,True,False,True,0.0,0.0
recoverability_s42,children2,70,0,1,0,False,False,True,0.0,0.0
recoverability_s42,children2,72,0,1,0,False,False,True,0.0,0.0
recoverability_s42,children2,74,0,0,2,True,False,True,0.0,0.0
recoverability_s42,children2,81,0,1,0,False,False,True,0.0,0.0
recoverability_s42,children2,82,0,0,2,True,False,True,0.0,0.0
recoverability_s42,children2,84,0,1,0,False,False,True,0.0,0.0
recoverability_s42,children2,85,0,0,0,False,False,True,0.0,0.0
recoverability_s42,children2,91,0,1,2,True,False,True,0.0,0.0
recoverability_s42,children2,93,0,0,2,True,False,True,0.0,0.0
recoverability_s42,children2,95,0,0,2,True,False,True,0.0,0.0
recoverability_s42,children2,102,0,0,2,True,False,True,0.0,0.0
recoverability_s42,children2,104,0,0,2,True,False,True,0.0,0.0
recoverability_s42,children2,113,0,0,2,True,False,True,0.0,0.0
recoverability_s42,children2,115,0,0,2,True,False,True,0.0,0.0
recoverability_s42,children2,116,0,0,2,True,False,True,0.0,0.0
recoverability_s42,children2,117,2,0,2,True,False,True,0.0,0.0
recoverability_s42,children2,133,2,2,2,True,False,True,0.0,0.0
recoverability_s42,children2,134,0,0,2,True,False,True,0.0,0.0
recoverability_s42,children2,135,0,1,0,False,False,True,0.0,0.0
recoverability_s42,children2,142,0,2,0,False,False,True,0.0,0.0
recoverability_s42,children2,143,0,3,0,False,False,True,0.0,0.0
recoverability_s42,children2,144,0,2,0,False,False,True,0.0,0.059050589052260474
recoverability_s42,children2,147,0,1,0,False,False,True,0.4196202542754357,0.5978347955141504
recoverability_s42,children2,156,0,0,2,True,False,True,0.2577434267372902,0.2577434267372902
recoverability_s42,children2,157,0,0,2,True,False,True,0.11539858564372414,0.11539858564372414
recoverability_s42,children2,159,0,1,0,False,False,True,0.0,0.0
recoverability_s42,children2,160,0,3,0,False,False,True,0.0,0.0
recoverability_s42,children2,165,0,2,0,False,False,True,0.49003441965247,0.0
recoverability_s42,children2,166,0,0,2,True,False,True,0.0,0.0
recoverability_s42,children2,168,0,0,2,True,False,True,0.0,0.0
recoverability_s42,children2,170,0,0,2,True,False,True,0.0,0.0
recoverability_s42,children2,172,0,1,0,False,False,True,0.0,0.4930128871287128
recoverability_s42,children2,173,2,1,2,True,False,True,0.47562430305701153,0.24028131819287682
recoverability_s42,children2,174,0,0,2,True,False,True,0.36482641472915356,0.36482641472915356
recoverability_s42,children2,175,0,0,2,True,False,True,0.4615738760600291,0.4615738760600291
recoverability_s42,children2,193,0,1,0,False,False,True,0.0,0.0
recoverability_s42,children2,195,0,1,0,False,False,True,0.0,0.0
recoverability_s42,children2,216,0,0,2,True,False,True,0.0,0.0
recoverability_s42,children2,231,0,0,2,True,False,True,0.0,0.0
recoverability_s42,children2,235,0,2,0,False,False,True,0.0,0.0
recoverability_s42,children2,236,0,1,0,False,False,True,0.0,0.37583664293887226
recoverability_s42,children3,24,0,0,2,True,False,True,0.7846696284411687,0.7846696284411687
recoverability_s42,children3,26,0,0,2,True,False,True,0.8221091412926785,0.8221091412926785
recoverability_s42,children3,27,0,0,2,True,False,True,0.8267696130900699,0.8267696130900699
recoverability_s42,children3,31,0,1,0,False,False,True,0.8753330815519637,0.0
recoverability_s42,children3,33,0,1,0,False,False,True,0.0,0.9122353511077224
recoverability_s42,children3,35,0,1,2,True,False,True,0.7619744171912194,0.0
recoverability_s42,children3,36,0,0,2,True,False,True,0.0,0.0
recoverability_s42,children3,37,0,1,2,True,False,True,0.0,0.7302799116856512
recoverability_s42,children3,38,0,0,2,True,False,True,0.6717165464734813,0.6717165464734813
recoverability_s42,children3,43,0,0,2,True,False,True,0.5549701778274936,0.5549701778274936
recoverability_s42,children3,51,2,1,2,True,False,True,0.6512701999745761,0.0
recoverability_s42,children3,52,0,0,2,True,False,True,0.0,0.0
recoverability_s42,children3,71,0,1,0,False,False,True,0.0,0.0
recoverability_s42,children3,72,0,1,0,False,False,True,0.15431026243050597,0.45018701341404244
recoverability_s42,children3,77,2,0,2,True,False,True,0.24890750474479967,0.0
recoverability_s42,children3,81,0,0,2,True,False,True,0.0,0.0
recoverability_s42,children3,83,0,0,2,True,False,True,0.0,0.0
recoverability_s42,children3,84,2,1,2,True,False,True,0.0,0.0
recoverability_s42,children3,85,0,0,2,True,False,True,0.0,0.0
recoverability_s42,children3,89,0,0,0,False,False,True,0.0,0.5626490195757428
recoverability_s42,children3,91,2,0,2,True,False,True,0.7286889859054079,0.0
recoverability_s42,children3,94,0,0,2,True,False,True,0.0,0.0
recoverability_s42,children3,95,0,0,2,True,False,True,0.0,0.0
recoverability_s42,children3,96,0,0,2,True,False,True,0.0,0.0
recoverability_s42,children3,98,2,1,2,True,False,True,0.0,0.0
recoverability_s42,children3,99,0,1,2,True,False,True,0.0,0.5139217627986189
recoverability_s42,children3,100,0,0,2,True,False,True,0.623402127897154,0.623402127897154
recoverability_s42,children3,103,0,0,2,True,False,True,0.5951745164305553,0.5951745164305553
recoverability_s42,children3,104,0,0,2,True,False,True,0.6683610904206315,0.6683610904206315
recoverability_s42,children3,107,0,1,0,False,False,True,0.5695785095893092,0.0
recoverability_s42,children3,108,0,0,2,True,False,True,0.0,0.0
recoverability_s42,children3,109,0,0,2,True,False,True,0.0,0.0
recoverability_s42,children3,110,0,0,2,True,False,True,0.0,0.0
recoverability_s42,children3,111,0,1,2,True,False,True,0.0,0.5825069222971817
recoverability_s42,children3,112,0,0,2,True,False,True,0.5804435888045951,0.5804435888045951
recoverability_s42,children3,113,0,0,2,True,False,True,0.5008906364897691,0.5008906364897691
recoverability_s42,children3,114,0,0,2,True,False,True,0.5129533886723137,0.5129533886723137
recoverability_s42,children3,115,0,0,2,True,False,True,0.6423733126592388,0.6423733126592388
recoverability_s42,children3,118,0,0,2,True,False,True,0.7028383589201427,0.7028383589201427
recoverability_s42,children3,119,0,0,2,True,False,True,0.6428020242486636,0.6428020242486636
recoverability_s42,children3,123,0,1,0,False,False,True,0.5779990041983664,0.0
recoverability_s42,children3,132,0,0,2,True,False,True,0.0,0.0
recoverability_s42,children3,134,0,0,2,True,False,True,0.0,0.0
recoverability_s42,children4,48,0,0,2,True,False,True,0.44446153505721925,0.44446153505721925
recoverability_s42,children4,49,0,0,2,True,False,True,0.45197983593543667,0.45197983593543667
recoverability_s42,children4,51,0,0,2,True,False,True,0.37199914943833245,0.37199914943833245
recoverability_s42,children4,52,0,0,2,True,False,True,0.41032685250186124,0.41032685250186124
recoverability_s42,children4,53,0,0,2,True,False,True,0.415149224472844,0.415149224472844
recoverability_s42,children4,54,0,1,0,False,False,True,0.25235152092325547,0.0
recoverability_s42,children4,55,0,1,2,True,False,True,0.0,0.38394907106999676
recoverability_s42,children4,56,0,0,2,True,False,True,0.3897695859718963,0.3897695859718963
recoverability_s42,children4,63,0,0,2,True,False,True,0.41832649481627604,0.41832649481627604
recoverability_s42,children4,65,0,0,2,True,False,True,0.44600801099609566,0.44600801099609566
recoverability_s42,children4,68,2,0,2,True,False,True,0.45654322892907434,0.0
recoverability_s42,children4,69,2,0,2,True,False,True,0.0,0.0
recoverability_s42,children4,70,0,0,2,True,False,True,0.0,0.0
recoverability_s42,children4,71,2,0,2,True,False,True,0.0,0.0
recoverability_s42,children4,72,2,0,2,True,False,True,0.0,0.0
recoverability_s42,children4,74,2,0,2,True,False,True,0.0,0.0
recoverability_s42,children4,75,0,0,2,True,False,True,0.0,0.0
recoverability_s42,children4,76,0,0,2,True,False,True,0.2852258213595482,0.2852258213595482
recoverability_s42,children4,79,2,0,2,True,False,True,0.3697224554194186,0.0
recoverability_s42,children4,86,0,0,2,True,False,True,0.0,0.0
recoverability_s42,children4,87,0,1,2,True,False,True,0.0,0.0
recoverability_s42,children4,88,0,0,2,True,False,True,0.0,0.0
recoverability_s42,children4,92,0,0,2,True,False,True,0.0,0.0
recoverability_s42,children4,93,0,0,2,True,False,True,0.0,0.0
recoverability_s42,children4,94,0,0,2,True,False,True,0.0,0.0
recoverability_s42,children4,96,0,0,2,True,False,True,0.0,0.0
recoverability_s42,crouch,379,0,2,0,False,False,True,0.3210812724280494,0.0
recoverability_s42,crouch,447,0,0,2,True,False,True,0.0,0.0
recoverability_s42,crouch,459,0,0,2,True,False,True,0.0,0.0
recoverability_s42,crouch,485,0,0,2,True,False,True,0.0,0.0
recoverability_s42,crouch,492,0,0,2,True,False,True,0.0,0.0
recoverability_s42,crouch,496,0,0,2,True,False,True,0.0,0.0
recoverability_s42,crouch,497,0,0,2,True,False,True,0.0,0.0
recoverability_s42,crouch,498,0,0,2,True,False,True,0.0,0.0
recoverability_s42,crouch,499,0,0,2,True,False,True,0.0,0.0
recoverability_s42,crouch,503,0,0,2,True,False,True,0.0,0.0
recoverability_s42,crouch,527,0,0,2,True,False,True,0.0,0.0
recoverability_s42,crouch,557,0,0,2,True,False,True,0.0,0.0
recoverability_s42,crouch,671,0,0,2,True,False,True,0.0,0.0
recoverability_s42,crouch,679,0,0,2,True,False,True,0.0,0.0
recoverability_s42,crouch,681,0,0,2,True,False,True,0.0,0.0
recoverability_s42,crouch,682,0,0,2,True,False,True,0.0,0.0
recoverability_s42,crouch,683,0,0,2,True,False,True,0.0,0.0
recoverability_s42,crouch,686,2,2,2,True,False,True,0.0,0.0
recoverability_s42,crouch,687,0,0,0,False,False,True,0.03913965321557223,0.34494058046757264
recoverability_s42,crouch,796,0,1,0,False,False,True,0.6496545865439776,0.3146470411742196
recoverability_s42,crouch,797,0,0,0,False,False,True,0.17911001535283028,0.5968834422852787
recoverability_s42,crouch,854,0,1,0,False,False,True,0.6714289571944412,0.0
recoverability_s42,crouch,880,0,1,2,True,False,True,0.0,0.623118222575358
recoverability_s42,crouch,882,0,1,0,False,False,True,0.6262989501740001,0.0
recoverability_s42,crouch,896,0,0,2,True,False,True,0.0,0.0
recoverability_s42,crouch,897,0,0,2,True,False,True,0.0,0.0
recoverability_s42,crouch,898,0,0,2,True,False,True,0.0,0.0
recoverability_s42,crouch,899,0,0,2,True,False,True,0.0,0.0
recoverability_s42,crouch,903,0,1,2,True,False,True,0.0,0.0
recoverability_s42,crouch,929,0,1,0,False,False,True,0.5999160312193172,0.21577345152377933
recoverability_s42,cycle1,7,0,0,2,True,False,True,0.5115251867273408,0.5115251867273408
recoverability_s42,cycle1,8,0,1,0,False,False,True,0.7609688866326034,0.0
recoverability_s42,cycle1,9,0,0,2,True,False,True,0.0,0.0
recoverability_s42,cycle1,11,2,2,2,True,False,True,0.0,0.0
recoverability_s42,cycle1,12,0,0,2,True,False,True,0.0,0.0
recoverability_s42,cycle1,14,0,0,2,True,False,True,0.0,0.0
recoverability_s42,cycle1,24,0,0,2,True,False,True,0.0,0.0
recoverability_s42,cycle1,26,2,0,2,True,False,True,0.0,0.3754602710365755
recoverability_s42,cycle1,27,2,1,2,True,False,True,0.5812751726162619,0.18701855098552236
recoverability_s42,cycle1,28,0,0,2,True,False,True,0.46723208369489855,0.46723208369489855
recoverability_s42,cycle1,30,0,0,0,False,False,True,0.6668015701578621,0.005211015874296594
recoverability_s42,cycle1,33,0,0,2,True,False,True,0.0,0.0
recoverability_s42,cycle1,34,0,0,2,True,False,True,0.01962795815319918,0.01962795815319918
recoverability_s42,cycle1,35,2,0,2,True,False,True,0.0,0.5260168993324247
recoverability_s42,cycle1,69,0,0,2,True,False,True,0.0,0.0
recoverability_s42,cycle1,71,0,0,0,False,False,True,0.03758174489371386,0.660930039595277
recoverability_s42,cycle1,80,2,2,2,True,False,True,0.09276302018557622,0.21431422522272497
recoverability_s42,cycle1,81,0,0,2,True,False,True,0.06510426922768713,0.06510426922768713
recoverability_s42,cycle1,91,0,0,2,True,False,True,0.07150807551336605,0.07150807551336605
recoverability_s42,cycle1,95,0,0,2,True,False,True,0.024677593049854604,0.024677593049854604
recoverability_s42,cycle1,96,0,0,2,True,False,True,0.08575019258037558,0.08575019258037558
recoverability_s42,cycle1,98,0,0,2,True,False,True,0.06385244865969916,0.06385244865969916
recoverability_s42,cycle1,99,0,0,2,True,False,True,0.0,0.0
recoverability_s42,cycle1,100,0,0,2,True,False,True,0.08720936218041052,0.08720936218041052
recoverability_s42,cycle1,101,0,0,2,True,False,True,0.01885169134039391,0.01885169134039391
recoverability_s42,cycle1,102,0,0,2,True,False,True,0.10085144384208687,0.10085144384208687
recoverability_s42,cycle1,103,2,0,2,True,False,True,0.022726906734841873,0.47960519972679194
recoverability_s42,cycle1,104,0,0,2,True,False,True,0.07166822624479077,0.07166822624479077
recoverability_s42,cycle1,105,2,4,2,True,False,True,0.0,0.2516077725848422
recoverability_s42,cycle1,106,0,0,2,True,False,True,0.048315680754196844,0.048315680754196844
recoverability_s42,cycle1,107,0,0,2,True,False,True,0.5817604221200575,0.5817604221200575
recoverability_s42,cycle1,108,0,1,2,True,False,True,0.4690765545473163,0.011138254575061951
recoverability_s42,cycle1,109,0,0,2,True,False,True,0.0,0.0
recoverability_s42,cycle1,110,0,1,2,True,False,True,0.0,0.6611997619560271
recoverability_s42,cycle1,111,0,1,0,False,False,True,0.7252994547746775,0.0
recoverability_s42,cycle1,112,0,0,2,True,False,True,0.0,0.0
recoverability_s42,cycle1,113,0,1,2,True,False,True,0.0,0.6806749990255951
recoverability_s42,cycle1,114,0,1,0,False,False,True,0.7241746155221404,0.0
recoverability_s42,cycle1,129,0,0,2,True,False,True,0.2830278421971472,0.2830278421971472
recoverability_s42,cycle1,131,0,0,0,False,False,True,0.5437029196444418,0.2592566565155186
recoverability_s42,cycle1,132,0,0,2,True,False,True,0.3366026775397919,0.3366026775397919
recoverability_s42,cycle1,134,0,0,0,False,False,True,0.7019517626602747,0.3012514750219006
recoverability_s42,cycle1,135,0,0,2,True,False,True,0.17869359462327616,0.17869359462327616
recoverability_s42,cycle1,136,0,0,2,True,False,True,0.3318086865043699,0.3318086865043699
recoverability_s42,cycle1,138,0,0,2,True,False,True,0.3275624948274894,0.3275624948274894
recoverability_s42,cycle1,139,0,0,2,True,False,True,0.3232024424035528,0.3232024424035528
recoverability_s42,cycle1,141,0,0,2,True,False,True,0.305347296137292,0.305347296137292
recoverability_s42,cycle4,186,0,0,2,True,False,True,0.8726946477646443,0.8726946477646443
recoverability_s42,diamond,85,0,0,2,True,False,True,0.7189409531428311,0.7189409531428311
recoverability_s42,diamond,146,0,0,2,True,False,True,0.5433430765824768,0.5433430765824768
recoverability_s42,diamond,158,2,1,2,True,False,True,0.28841293882951446,0.28472854752167803
recoverability_s42,diamond,159,0,0,2,True,False,True,0.5767975675307782,0.5767975675307782
recoverability_s42,diamond,160,0,0,2,True,False,True,0.6650951231143599,0.6650951231143599
recoverability_s42,diamond,186,0,0,2,True,False,True,0.7163502620768656,0.7163502620768656
recoverability_s42,diamond,216,0,0,2,True,False,True,0.6860780606440032,0.6860780606440032
recoverability_s42,diamond,309,0,0,2,True,False,True,0.16570506123633386,0.16570506123633386
recoverability_s42,diamond,322,0,0,2,True,False,True,0.4736987478257403,0.4736987478257403
recoverability_s42,diamond,345,0,0,2,True,False,True,0.3689954221813905,0.3689954221813905
recoverability_s42,diamond,350,0,0,2,True,False,True,0.4735138536820077,0.4735138536820077
recoverability_s42,diamond,351,0,0,2,True,False,True,0.5603660254985422,0.5603660254985422
recoverability_s42,diamond,371,0,0,2,True,False,True,0.40806889482313874,0.40806889482313874
recoverability_s42,diamond,372,0,0,2,True,False,True,0.482800645902624,0.482800645902624
recoverability_s42,diamond,375,0,0,2,True,False,True,0.5268805869469928,0.5268805869469928
recoverability_s42,diamond,377,0,0,2,True,False,True,0.4843813726107963,0.4843813726107963
recoverability_s42,diamond,401,0,0,2,True,False,True,0.6102377417930402,0.6102377417930402
recoverability_s42,diamond,442,0,0,2,True,False,True,0.5583342968694527,0.5583342968694527
recoverability_s42,diamond,444,0,0,2,True,False,True,0.5707189292696464,0.5707189292696464
recoverability_s42,dog,36,2,0,2,True,False,True,0.5821128920455757,0.4024063811271848
recoverability_s42,dog,37,0,0,2,True,False,True,0.6295592250766537,0.6295592250766537
recoverability_s42,dog1,669,0,0,2,True,False,True,0.5368297532306898,0.5368297532306898
recoverability_s42,dog1,670,0,0,2,True,False,True,0.40756276218915394,0.40756276218915394
recoverability_s42,dog1,671,0,0,2,True,False,True,0.5372379211320627,0.5372379211320627
recoverability_s42,dog1,676,0,0,2,True,False,True,0.4650613697919596,0.4650613697919596
recoverability_s42,dog1,677,0,0,2,True,False,True,0.4253064755135932,0.4253064755135932
recoverability_s42,dog1,678,0,0,2,True,False,True,0.45895912980459186,0.45895912980459186
recoverability_s42,dog1,754,0,0,2,True,False,True,0.7703395183846845,0.7703395183846845
recoverability_s42,dog1,757,0,0,2,True,False,True,0.7239092409310619,0.7239092409310619
recoverability_s42,dog1,758,0,0,2,True,False,True,0.6588796292770394,0.6588796292770394
recoverability_s42,dog1,759,0,0,2,True,False,True,0.5118441530566888,0.5118441530566888
recoverability_s42,dog1,761,0,0,2,True,False,True,0.5672125715326296,0.5672125715326296
recoverability_s42,dog1,762,0,0,2,True,False,True,0.5480052217490041,0.5480052217490041
recoverability_s42,dog1,763,0,0,2,True,False,True,0.5907911213157354,0.5907911213157354
recoverability_s42,dog1,764,0,0,2,True,False,True,0.4155183049285163,0.4155183049285163
recoverability_s42,dog1,765,0,0,2,True,False,True,0.37165517415927757,0.37165517415927757
recoverability_s42,dog1,766,0,0,2,True,False,True,0.3029168903880295,0.3029168903880295
recoverability_s42,dog1,767,0,1,2,True,False,True,0.29835621536723067,0.0
recoverability_s42,dog1,777,0,1,0,False,False,True,0.0,0.0
recoverability_s42,dog1,778,0,0,2,True,False,True,0.0,0.0
recoverability_s42,dog1,779,0,2,0,False,False,True,0.0,0.0
recoverability_s42,dog1,780,0,1,0,False,False,True,0.0,0.0
recoverability_s42,dog1,781,0,1,0,False,False,True,0.0,0.0
recoverability_s42,dog1,785,0,0,2,True,False,True,0.0,0.0
recoverability_s42,dog1,787,0,0,2,True,False,True,0.0,0.0
recoverability_s42,dog1,788,0,0,2,True,False,True,0.0,0.0
recoverability_s42,dog1,789,0,0,2,True,False,True,0.0,0.0
recoverability_s42,dog1,817,0,0,2,True,False,True,0.0,0.0
recoverability_s42,dog1,828,0,0,2,True,False,True,0.0,0.0
recoverability_s42,dog1,843,0,1,0,False,False,True,0.0,0.0
recoverability_s42,dog1,844,0,2,0,False,False,True,0.0,0.0
recoverability_s42,dog1,845,0,0,2,True,False,True,0.0,0.0
recoverability_s42,dog1,859,0,1,0,False,False,True,0.0,0.0
recoverability_s42,dog1,860,0,1,0,False,False,True,0.0,0.0
recoverability_s42,dog1,865,0,1,0,False,False,True,0.0,0.0
recoverability_s42,dog1,866,0,1,0,False,False,True,0.0,0.0
recoverability_s42,dog1,871,0,1,0,False,False,True,0.0,0.0
recoverability_s42,dog1,874,0,1,0,False,False,True,0.0,0.0
recoverability_s42,dog1,880,0,1,0,False,False,True,0.0,0.0
recoverability_s42,dog1,881,0,1,0,False,False,True,0.0,0.0
recoverability_s42,dog1,896,0,1,0,False,False,True,0.0,0.0
recoverability_s42,dog1,897,0,1,0,False,False,True,0.0,0.0
recoverability_s42,dog1,929,0,1,0,False,False,True,0.0,0.0
recoverability_s42,dog1,931,0,1,0,False,False,True,0.0,0.0
recoverability_s42,dog1,939,0,1,0,False,False,True,0.0,0.0
recoverability_s42,dog1,940,0,1,0,False,False,True,0.0,0.0
recoverability_s42,dog1,951,0,1,0,False,False,True,0.0,0.0
recoverability_s42,dog1,952,0,1,2,True,False,True,0.0,0.0
recoverability_s42,dog1,982,0,1,0,False,False,True,0.0,0.0
recoverability_s42,dog10,153,0,0,2,True,False,True,0.782086310184926,0.782086310184926
recoverability_s42,dog11,4,0,0,2,True,False,True,0.7524806389608492,0.7524806389608492
recoverability_s42,dog11,17,0,0,2,True,False,True,0.6000933181930491,0.6000933181930491
recoverability_s42,dog11,19,0,0,2,True,False,True,0.5385066353533684,0.5385066353533684
recoverability_s42,dog11,47,0,0,2,True,False,True,0.46260386626479566,0.46260386626479566
recoverability_s42,dog11,49,2,0,2,True,False,True,0.002528810881899598,0.07674633720669387
recoverability_s42,dog11,50,0,0,2,True,False,True,0.05961936839895455,0.05961936839895455
recoverability_s42,dog11,51,2,0,2,True,False,True,0.20073415511616988,0.16422153115038907
recoverability_s42,dog11,52,0,0,2,True,False,True,0.21907776759613393,0.21907776759613393
recoverability_s42,dog11,53,0,0,2,True,False,True,0.20114625997116337,0.20114625997116337
recoverability_s42,dog11,56,0,0,2,True,False,True,0.48615978671958526,0.48615978671958526
recoverability_s42,dog11,58,0,0,0,False,False,True,0.1774186940857721,0.5300929712898965
recoverability_s42,dog11,74,0,0,2,True,False,True,0.8328209121041629,0.8328209121041629
recoverability_s42,dog11,77,0,0,2,True,False,True,0.6982376889694194,0.6982376889694194
recoverability_s42,dog11,79,2,0,2,True,False,True,0.595003274743329,0.576143526555007
recoverability_s42,dog11,80,0,0,2,True,False,True,0.9017704559448361,0.9017704559448361
recoverability_s42,dog11,81,0,0,2,True,False,True,0.7243837150300344,0.7243837150300344
recoverability_s42,dog11,82,0,1,0,False,False,True,0.6654024748018963,0.0
recoverability_s42,dog11,85,0,0,2,True,False,True,0.8342988714238885,0.8342988714238885
recoverability_s42,dog11,86,0,0,2,True,False,True,0.8327271822922849,0.8327271822922849
recoverability_s42,elecbike10,219,0,0,2,True,False,True,0.5504884850423991,0.5504884850423991
recoverability_s42,elecbike10,221,0,0,2,True,False,True,0.6501705733284446,0.6501705733284446
recoverability_s42,elecbike10,222,0,2,2,True,False,True,0.5946900657214756,0.0
recoverability_s42,elecbike10,223,0,0,2,True,False,True,0.0,0.0
recoverability_s42,elecbike10,225,0,1,0,False,False,True,0.0,0.6913635939009993
recoverability_s42,elecbike2,37,0,0,2,True,False,True,0.7320709443709126,0.7320709443709126
recoverability_s42,elecbike2,39,0,0,2,True,False,True,0.7338597644258802,0.7338597644258802
recoverability_s42,elecbike2,40,0,0,2,True,False,True,0.6858003861014557,0.6858003861014557
recoverability_s42,elecbike2,44,0,0,2,True,False,True,0.5994390524437346,0.5994390524437346
recoverability_s42,elecbike2,45,0,0,2,True,False,True,0.47193643796055607,0.47193643796055607
recoverability_s42,elecbike2,57,0,0,2,True,False,True,0.7196514099987101,0.7196514099987101
recoverability_s42,elecbike2,62,0,0,2,True,False,True,0.6774004261091654,0.6774004261091654
recoverability_s42,elecbike2,63,0,0,2,True,False,True,0.46261881555954987,0.46261881555954987
recoverability_s42,elecbike2,70,0,0,2,True,False,True,0.609994459424148,0.609994459424148
recoverability_s42,elecbike2,71,0,0,2,True,False,True,0.6071763125643452,0.6071763125643452
recoverability_s42,elecbike2,190,0,1,0,False,False,True,0.8402763972733068,0.0
recoverability_s42,elecbike2,191,2,0,2,True,False,True,0.0,0.7103124964448453
recoverability_s42,elecbike2,211,2,0,2,True,False,True,0.4249121533618903,0.04656961224350079
recoverability_s42,elecbike2,212,2,0,2,True,False,True,0.02216058706585238,0.0026919642828378025
recoverability_s42,elecbike2,213,0,0,2,True,False,True,0.012663594430000218,0.012663594430000218
recoverability_s42,elecbike2,214,2,0,2,True,False,True,1.752815022764292e-05,0.03134290036893595
recoverability_s42,elecbike2,215,2,0,2,True,True,True,0.0035937673773143927,0.045718282663661396
recoverability_s42,elecbike2,216,0,0,2,True,False,True,0.02690348533755221,0.02690348533755221
recoverability_s42,elecbike2,217,0,0,2,True,False,True,0.012303506608242603,0.012303506608242603
recoverability_s42,elecbike2,218,0,0,2,True,False,True,0.0,0.0
recoverability_s42,elecbike2,219,0,0,2,True,False,True,0.013348981567421207,0.013348981567421207
recoverability_s42,elecbike2,220,0,0,2,True,False,True,0.0,0.0
recoverability_s42,elecbike2,221,0,0,2,True,False,True,0.08401629378109902,0.08401629378109902
recoverability_s42,elecbike2,222,0,0,2,True,False,True,0.0283003619077427,0.0283003619077427
recoverability_s42,elecbike2,223,0,0,2,True,False,True,0.08752000633175999,0.08752000633175999
recoverability_s42,elecbike2,224,0,0,2,True,False,True,0.07313600620467064,0.07313600620467064
recoverability_s42,elecbike2,225,0,0,2,True,False,True,0.15808023988467818,0.15808023988467818
recoverability_s42,elecbike2,226,2,0,2,True,False,True,0.10576901363300485,0.0
recoverability_s42,elecbike2,227,0,0,2,True,False,True,0.0,0.0
recoverability_s42,elecbike2,228,0,0,2,True,False,True,0.057148678603641076,0.057148678603641076
recoverability_s42,elecbike2,229,2,0,2,True,False,True,0.09574726370691904,0.02875289552623853
recoverability_s42,elecbike2,230,0,0,2,True,False,True,0.047318314870415865,0.047318314870415865
recoverability_s42,elecbike2,231,0,0,2,True,False,True,0.08509356008133882,0.08509356008133882
recoverability_s42,elecbike2,233,2,0,2,True,False,True,0.2063727663866083,0.0076044611594266965
recoverability_s42,elecbike2,234,2,0,2,True,False,True,0.03188665862697349,0.03393184562497964
recoverability_s42,elecbike2,235,2,0,2,True,False,True,0.0008703082763722088,0.04827575023244027
recoverability_s42,elecbike2,236,2,1,2,True,False,True,0.06074785117323411,0.03065881103010197
recoverability_s42,elecbike2,237,0,0,2,True,False,True,0.047227089232177465,0.047227089232177465
recoverability_s42,elecbike2,238,2,0,2,True,False,True,0.108502581377355,0.04863361767660688
recoverability_s42,elecbike2,239,0,0,2,True,False,True,0.037344209349703346,0.037344209349703346
recoverability_s42,elecbike2,240,0,0,2,True,False,True,0.03430736679276221,0.03430736679276221
recoverability_s42,elecbike2,241,2,3,2,True,False,True,0.05080119084092319,0.03523913952540683
recoverability_s42,elecbike2,242,0,0,2,True,False,True,0.0283970260094453,0.0283970260094453
recoverability_s42,elecbike2,243,0,0,2,True,False,True,0.012397966420799685,0.012397966420799685
recoverability_s42,elecbike2,244,0,0,2,True,False,True,0.020803214723091167,0.020803214723091167
recoverability_s42,elecbike2,245,0,0,2,True,False,True,0.044849521047366725,0.044849521047366725
recoverability_s42,elecbike2,246,0,0,2,True,False,True,0.049419201742006064,0.049419201742006064
recoverability_s42,elecbike2,247,2,0,2,True,False,True,0.0889896434838523,0.01525322372525342
recoverability_s42,elecbike2,248,0,0,2,True,False,True,0.031864361695323605,0.031864361695323605
recoverability_s42,elecbike2,249,0,0,2,True,False,True,0.05259247760920803,0.05259247760920803
recoverability_s42,elecbike2,250,2,0,2,True,False,True,0.1006912418288847,0.04190989370565236
recoverability_s42,elecbike2,251,0,0,2,True,False,True,0.040128095981594565,0.040128095981594565
recoverability_s42,elecbike2,252,0,0,2,True,False,True,0.07625487552235286,0.07625487552235286
recoverability_s42,elecbike2,253,0,0,2,True,False,True,0.021353844544681044,0.021353844544681044
recoverability_s42,elecbike2,254,2,0,2,True,False,True,0.12706619015705262,0.051242153081049374
recoverability_s42,elecbike2,255,0,0,2,True,False,True,0.0,0.0
recoverability_s42,elecbike2,256,2,0,2,True,False,True,0.006926585497408248,0.047735108390533465
recoverability_s42,elecbike2,257,0,0,2,True,False,True,0.0,0.0
recoverability_s42,elecbike2,258,0,0,2,True,False,True,0.038106246723819764,0.038106246723819764
recoverability_s42,elecbike2,259,0,0,2,True,False,True,0.14100896348249836,0.14100896348249836
recoverability_s42,elecbike2,260,0,0,2,True,False,True,0.11593649812251941,0.11593649812251941
recoverability_s42,elecbike2,261,2,1,2,True,False,True,0.1951072508782369,0.05957927359040155
recoverability_s42,elecbike2,262,0,0,2,True,False,True,0.019393425768756745,0.019393425768756745
recoverability_s42,elecbike2,263,2,0,2,True,False,True,0.07522879749139909,0.049251153863872604
recoverability_s42,elecbike2,264,0,0,2,True,False,True,0.026177893574487004,0.026177893574487004
recoverability_s42,elecbike2,265,0,0,2,True,False,True,0.1250145231078695,0.1250145231078695
recoverability_s42,elecbike2,266,2,0,2,True,False,True,0.1104178435702854,0.05604705709926449
recoverability_s42,elecbike2,267,0,0,2,True,False,True,0.03724395109117233,0.03724395109117233
recoverability_s42,elecbike2,268,0,0,2,True,False,True,0.11188229965366146,0.11188229965366146
recoverability_s42,elecbike2,269,2,0,2,True,False,True,0.14635337475101165,0.05044596805309161
recoverability_s42,elecbike2,270,0,0,2,True,False,True,0.11585874681086379,0.11585874681086379
recoverability_s42,elecbike2,271,2,0,2,True,False,True,0.11612471830829914,0.035753967521517604
recoverability_s42,elecbike2,272,2,0,2,True,False,True,0.0866483118813848,0.04281825167877162
recoverability_s42,elecbike2,273,0,0,2,True,False,True,0.059481752677800835,0.059481752677800835
recoverability_s42,elecbike2,274,2,0,2,True,False,True,0.126904358977802,0.04086135491928668
recoverability_s42,elecbike2,275,0,0,2,True,False,True,0.05513563689285289,0.05513563689285289
recoverability_s42,elecbike2,276,0,0,2,True,False,True,0.008755681733513567,0.008755681733513567
recoverability_s42,elecbike2,277,2,0,2,True,False,True,0.06700368270165438,0.03814479273665658
recoverability_s42,elecbike2,278,0,0,2,True,False,True,0.020072592453168153,0.020072592453168153
recoverability_s42,elecbike2,279,0,0,2,True,False,True,0.04988001008731263,0.04988001008731263
recoverability_s42,elecbike2,280,0,0,2,True,False,True,0.05689849586679766,0.05689849586679766
recoverability_s42,elecbike2,281,0,0,2,True,False,True,0.07921149780087718,0.07921149780087718
recoverability_s42,elecbike2,282,0,0,2,True,False,True,0.008037890904662484,0.008037890904662484
recoverability_s42,elecbike2,283,2,0,2,True,False,True,0.0,0.012076559727466903
recoverability_s42,elecbike2,284,0,0,2,True,False,True,0.0,0.0
recoverability_s42,elecbike2,285,0,0,2,True,False,True,0.0,0.0
recoverability_s42,elecbike2,286,2,4,2,True,False,True,0.0,0.0
recoverability_s42,elecbike2,287,2,0,2,True,False,True,0.039943504121607784,0.0
recoverability_s42,elecbike2,288,0,0,0,False,False,True,0.0,0.028692445560465435
recoverability_s42,elecbike2,289,2,0,2,True,False,True,0.0,0.0
recoverability_s42,elecbike2,290,0,0,2,True,False,True,0.031853043679192075,0.031853043679192075
recoverability_s42,elecbike2,291,0,0,2,True,False,True,0.0,0.0
recoverability_s42,elecbike2,292,2,0,2,True,False,True,0.0,0.005769390378360809
recoverability_s42,elecbike2,293,2,2,2,True,False,True,0.002964113323641562,0.036080168324804006
recoverability_s42,elecbike2,294,0,0,2,True,False,True,0.0005045232838545311,0.0005045232838545311
recoverability_s42,elecbike2,295,0,0,2,True,False,True,0.0,0.0
recoverability_s42,elecbike2,296,0,0,2,True,False,True,0.0,0.0
recoverability_s42,elecbike2,297,2,0,2,True,False,True,0.0,0.03248658090121149
recoverability_s42,elecbike2,298,0,0,2,True,False,True,0.0,0.0
recoverability_s42,elecbike2,299,0,1,2,True,False,True,0.0,0.0
recoverability_s42,elecbike2,301,2,0,2,True,False,True,0.0,0.0
recoverability_s42,elecbike2,302,0,0,2,True,False,True,0.16943100742866365,0.16943100742866365
recoverability_s42,elecbike2,303,0,0,2,True,False,True,0.27981828153565286,0.27981828153565286
recoverability_s42,elecbike2,304,0,0,2,True,False,True,0.2959549933212711,0.2959549933212711
recoverability_s42,elecbike2,305,0,0,2,True,False,True,0.23729463239637055,0.23729463239637055
recoverability_s42,elecbike2,307,0,0,2,True,False,True,0.27502124874753153,0.27502124874753153
recoverability_s42,elecbike2,308,0,0,2,True,False,True,0.2588176312221093,0.2588176312221093
recoverability_s42,elecbike2,310,0,0,2,True,False,True,0.34918058944221747,0.34918058944221747
recoverability_s42,elecbike2,311,0,0,2,True,False,True,0.3557112116977301,0.3557112116977301
recoverability_s42,elecbike2,312,0,0,2,True,False,True,0.4510295431101493,0.4510295431101493
recoverability_s42,elecbike2,313,0,0,2,True,False,True,0.6531181931735411,0.6531181931735411
recoverability_s42,elecbike2,314,0,0,2,True,False,True,0.4007137449602882,0.4007137449602882
recoverability_s42,elecbike2,315,0,0,2,True,False,True,0.47168198706552084,0.47168198706552084
recoverability_s42,elecbike2,316,0,0,2,True,False,True,0.47233417740345485,0.47233417740345485
recoverability_s42,elecbike2,317,0,0,2,True,False,True,0.3707602863436656,0.3707602863436656
recoverability_s42,elecbike2,321,0,0,2,True,False,True,0.6423521370315082,0.6423521370315082
recoverability_s42,elecbike2,322,0,0,2,True,False,True,0.5657323590018668,0.5657323590018668
recoverability_s42,elecbike2,326,0,0,2,True,False,True,0.7428317192851763,0.7428317192851763
recoverability_s42,elecbike2,328,0,0,2,True,False,True,0.6597492245388441,0.6597492245388441
recoverability_s42,elecbike2,333,0,0,2,True,False,True,0.8283006157067835,0.8283006157067835
recoverability_s42,elecbike2,336,0,1,0,False,False,True,0.7711958569068925,0.0
recoverability_s42,elecbike2,337,0,2,2,True,False,True,0.0,0.0
recoverability_s42,elecbike2,338,0,1,0,False,False,True,0.0,0.0
recoverability_s42,elecbike2,339,2,1,2,True,False,True,0.0,0.0
recoverability_s42,elecbike2,340,2,0,2,True,False,True,0.0,0.0
recoverability_s42,elecbike2,341,0,1,0,False,False,True,0.0,0.0
recoverability_s42,elecbike2,342,0,1,0,False,False,True,0.00466848891462172,0.06641138853014678
recoverability_s42,elecbike2,344,2,0,2,True,False,True,0.13300225771257587,0.5001418233309091
recoverability_s42,elecbike2,346,0,1,0,False,False,True,0.609827306044588,0.0
recoverability_s42,elecbike2,347,0,0,2,True,False,True,0.0,0.0
recoverability_s42,elecbike2,348,0,0,2,True,False,True,0.0,0.0
recoverability_s42,elecbike2,349,2,0,2,True,False,True,0.0,0.0
recoverability_s42,elecbike2,353,0,2,0,False,False,True,0.0,0.0
recoverability_s42,elecbike2,354,0,1,0,False,False,True,0.0,0.0
recoverability_s42,elecbike2,356,2,0,2,True,False,True,0.0,0.0
recoverability_s42,elecbike2,363,0,2,0,False,False,True,0.0,0.0
recoverability_s42,elecbike2,365,0,0,2,True,False,True,0.0,0.0
recoverability_s42,elecbike2,366,2,0,2,True,False,True,0.0,0.7672567873009263
recoverability_s42,elecbike2,369,0,0,2,True,False,True,0.7264161148270102,0.7264161148270102
recoverability_s42,elecbike2,371,0,0,2,True,False,True,0.6604870771358916,0.6604870771358916
recoverability_s42,elecbike2,373,0,0,2,True,False,True,0.5135961818867146,0.5135961818867146
recoverability_s42,elecbike2,374,0,0,2,True,False,True,0.6707484213942496,0.6707484213942496
recoverability_s42,elecbike2,375,0,0,2,True,False,True,0.4321670043449889,0.4321670043449889
recoverability_s42,elecbike2,376,0,0,2,True,False,True,0.5444155602681173,0.5444155602681173
recoverability_s42,elecbike2,378,0,0,2,True,False,True,0.6059961768913407,0.6059961768913407
recoverability_s42,elecbike2,389,2,3,2,True,False,True,0.7619995446491848,0.4207836882797055
recoverability_s42,elecbike2,390,0,0,2,True,False,True,0.6881824758274302,0.6881824758274302
recoverability_s42,elecbike2,393,0,0,2,True,False,True,0.5172870619494593,0.5172870619494593
recoverability_s42,elecbike2,397,0,0,2,True,False,True,0.5991949100005702,0.5991949100005702
recoverability_s42,elecbike2,399,0,0,2,True,False,True,0.6329628212032443,0.6329628212032443
recoverability_s42,elecbike2,401,0,0,2,True,False,True,0.6629006901646097,0.6629006901646097
recoverability_s42,elecbike2,402,0,0,2,True,False,True,0.6502883476670096,0.6502883476670096
recoverability_s42,elecbike2,406,0,0,2,True,False,True,0.7771117173994376,0.7771117173994376
recoverability_s42,elecbike2,407,0,0,2,True,False,True,0.7139576001787259,0.7139576001787259
recoverability_s42,elecbike2,409,0,1,2,True,False,True,0.7215898928337865,0.0
recoverability_s42,elecbike2,410,2,1,2,True,False,True,0.0,0.6206467058576521
recoverability_s42,elecbike2,411,0,1,0,False,False,True,0.7066208320819543,0.0
recoverability_s42,elecbike2,412,2,0,2,True,False,True,0.0,0.5454408477041109
recoverability_s42,elecbike2,413,0,1,2,True,False,True,0.7009774415494177,0.0
recoverability_s42,elecbike2,414,2,1,2,True,False,True,0.0,0.6131638989316259
recoverability_s42,elecbike2,415,0,0,2,True,False,True,0.6333217838971437,0.6333217838971437
recoverability_s42,elecbike2,416,2,0,2,True,False,True,0.6017863870399166,0.5619850261873842
recoverability_s42,elecbike2,417,0,0,2,True,False,True,0.6000712268034514,0.6000712268034514
recoverability_s42,elecbike2,419,0,0,2,True,False,True,0.6780170442010902,0.6780170442010902
recoverability_s42,elecbike2,421,0,0,2,True,False,True,0.8434620447073998,0.8434620447073998
recoverability_s42,elecbike2,422,0,0,2,True,False,True,0.7723340268678907,0.7723340268678907
recoverability_s42,elecbike2,423,0,0,2,True,False,True,0.6245119081508793,0.6245119081508793
recoverability_s42,elecbike2,424,0,0,2,True,False,True,0.6853303235510375,0.6853303235510375
recoverability_s42,elecbike2,426,0,1,2,True,False,True,0.7402623566384696,0.0
recoverability_s42,elecbike2,427,0,2,2,True,False,True,0.0,0.0
recoverability_s42,elecbike2,429,0,1,2,True,False,True,0.0,0.0
recoverability_s42,elecbike2,430,0,1,2,True,False,True,0.05399659151108456,0.0
recoverability_s42,elecbike2,431,2,1,2,True,False,True,0.0,0.2865495518876691
recoverability_s42,elecbike2,432,0,2,0,False,False,True,0.5454563947132394,0.0
recoverability_s42,elecbike2,433,2,1,2,True,False,True,0.0,0.4918938229007422
recoverability_s42,elecbike2,434,0,2,0,False,False,True,0.6972601494907241,0.0
recoverability_s42,elecbike2,435,2,1,2,True,False,True,0.0,0.45379030268673176
recoverability_s42,elecbike2,436,2,0,2,True,False,True,0.6488794843153516,0.484785786958822
recoverability_s42,elecbike2,437,0,0,2,True,False,True,0.6489972209855516,0.6489972209855516
recoverability_s42,elecbike2,439,0,0,2,True,False,True,0.6168085584822964,0.6168085584822964
recoverability_s42,elecbike2,440,0,0,2,True,False,True,0.7039596519136025,0.7039596519136025
recoverability_s42,elecbike2,445,0,0,2,True,False,True,0.5857328307566443,0.5857328307566443
recoverability_s42,elecbike2,446,0,0,2,True,False,True,0.6423044352968768,0.6423044352968768
recoverability_s42,elecbike2,447,0,0,2,True,False,True,0.6038935255476087,0.6038935255476087
recoverability_s42,elecbike2,448,2,0,2,True,False,True,0.5486990999814457,0.46063148965380246
recoverability_s42,elecbike2,449,0,0,2,True,False,True,0.6370139470610724,0.6370139470610724
recoverability_s42,elecbike2,451,0,0,2,True,False,True,0.6089852825782086,0.6089852825782086
recoverability_s42,elecbike2,452,2,0,2,True,False,True,0.8220437602108845,0.39747279587582485
recoverability_s42,elecbike2,453,0,0,2,True,False,True,0.5294734888404287,0.5294734888404287
recoverability_s42,elecbike2,454,0,0,2,True,False,True,0.6294872147824443,0.6294872147824443
recoverability_s42,elecbike2,455,0,0,2,True,False,True,0.7601711302672823,0.7601711302672823
recoverability_s42,elecbike2,458,0,0,2,True,False,True,0.7341630059440304,0.7341630059440304
recoverability_s42,elecbike2,460,0,0,2,True,False,True,0.6309806160727357,0.6309806160727357
recoverability_s42,elecbike2,464,0,0,2,True,False,True,0.5619719427332309,0.5619719427332309
recoverability_s42,elecbike2,466,0,0,2,True,False,True,0.6837206042818508,0.6837206042818508
recoverability_s42,elecbike2,468,0,0,2,True,False,True,0.635304333922948,0.635304333922948
recoverability_s42,elecbike2,469,0,0,2,True,False,True,0.6301381186205157,0.6301381186205157
recoverability_s42,elecbike2,470,0,0,2,True,False,True,0.7749458277380865,0.7749458277380865
recoverability_s42,elecbike2,471,0,0,2,True,False,True,0.6703711232434042,0.6703711232434042
recoverability_s42,elecbike2,472,0,0,2,True,False,True,0.6291942500548844,0.6291942500548844
recoverability_s42,elecbike2,473,0,0,2,True,False,True,0.5961988510203708,0.5961988510203708
recoverability_s42,elecbike2,474,0,0,2,True,False,True,0.8091960311254204,0.8091960311254204
recoverability_s42,elecbike2,475,0,0,2,True,False,True,0.6584919018718682,0.6584919018718682
recoverability_s42,elecbike2,476,0,0,2,True,False,True,0.4975962700870366,0.4975962700870366
recoverability_s42,elecbike2,477,0,2,0,False,False,True,0.7201852720063835,0.0
recoverability_s42,elecbike2,478,2,0,2,True,False,True,0.0,0.7747068012600742
recoverability_s42,elecbike2,486,0,0,2,True,False,True,0.5670698749680891,0.5670698749680891
recoverability_s42,elecbike2,487,2,1,2,True,False,True,0.6150659755393849,0.2927924072155993
recoverability_s42,elecbike2,489,0,0,2,True,False,True,0.6192958048031509,0.6192958048031509
recoverability_s42,elecbike2,490,0,0,2,True,False,True,0.6936285611576799,0.6936285611576799
recoverability_s42,elecbike2,496,0,0,2,True,False,True,0.0,0.0
recoverability_s42,elecbike2,497,2,1,2,True,False,True,0.0,0.0
recoverability_s42,elecbike2,501,0,1,0,False,False,True,0.0,0.0
recoverability_s42,elecbike2,502,0,3,0,False,False,True,0.0,0.5488849316979177
recoverability_s42,elecbike2,504,0,0,0,False,False,True,0.505084283905856,0.0
recoverability_s42,elecbike2,506,0,1,0,False,False,True,0.0,0.0
recoverability_s42,elecbike2,507,2,0,2,True,False,True,0.0,0.0
recoverability_s42,elecbike2,525,0,0,2,True,False,True,0.0,0.0
recoverability_s42,elecbike2,528,0,0,2,True,False,True,0.0,0.0
recoverability_s42,elecbike2,530,0,0,2,True,False,True,0.0,0.0
recoverability_s42,elecbike2,537,0,0,2,True,False,True,0.0,0.0
recoverability_s42,elecbike2,541,0,0,0,False,False,True,0.0,0.0
recoverability_s42,elecbike2,543,0,1,0,False,False,True,0.0,0.0
recoverability_s42,elecbike2,544,0,2,0,False,False,True,0.0,0.0
recoverability_s42,elecbike2,547,0,1,0,False,False,True,0.0,0.0
recoverability_s42,elecbike2,548,2,3,2,True,False,True,0.0,0.0
recoverability_s42,elecbike2,550,0,0,0,False,False,True,0.0,0.0
recoverability_s42,elecbike2,558,0,0,2,True,False,True,0.0,0.0
recoverability_s42,elecbike2,560,0,0,2,True,False,True,0.0,0.0
recoverability_s42,elecbike2,561,0,0,2,True,False,True,0.0,0.0
recoverability_s42,elecbike2,563,0,0,2,True,False,True,0.0,0.0
recoverability_s42,elecbike2,565,0,0,2,True,False,True,0.0,0.0
recoverability_s42,elecbike2,566,0,0,2,True,False,True,0.0,0.0
recoverability_s42,elecbike2,567,0,0,2,True,False,True,0.0,0.0
recoverability_s42,elecbike2,568,0,0,2,True,False,True,0.0,0.0
recoverability_s42,elecbike2,569,2,1,2,True,False,True,0.0,0.0
recoverability_s42,elecbike2,571,0,0,0,False,False,True,0.0,0.0
recoverability_s42,elecbike2,575,0,0,0,False,False,True,0.0,0.0
recoverability_s42,elecbike3,35,0,0,2,True,False,True,0.5745181613433745,0.5745181613433745
recoverability_s42,elecbikeinfrontcar,128,0,0,2,True,False,True,0.7303622139000081,0.7303622139000081
recoverability_s42,elecbikeinfrontcar,129,2,0,2,True,False,True,0.24483972312045751,0.6810282024052845
recoverability_s42,elecbikewithlight1,46,0,0,0,False,False,True,0.7914084582305234,0.0
recoverability_s42,elecbikewithlight1,47,0,1,2,True,False,True,0.0,0.7145253115797844
recoverability_s42,face1,141,0,0,2,True,False,True,0.5277473662156298,0.5277473662156298
recoverability_s42,face1,142,2,0,2,True,False,True,0.5233846616030314,0.2256898986574695
recoverability_s42,face1,143,0,0,2,True,False,True,0.25154794328845603,0.25154794328845603
recoverability_s42,face1,144,0,0,2,True,False,True,0.30870169329687497,0.30870169329687497
recoverability_s42,face1,145,0,0,2,True,False,True,0.2940514405409427,0.2940514405409427
recoverability_s42,face1,146,0,0,2,True,False,True,0.3329783244350088,0.3329783244350088
recoverability_s42,face1,148,0,0,2,True,False,True,0.34749297760688336,0.34749297760688336
recoverability_s42,face1,149,0,0,2,True,False,True,0.36118327327071587,0.36118327327071587
recoverability_s42,face1,150,0,0,2,True,False,True,0.552155961438695,0.552155961438695
recoverability_s42,face1,151,0,0,2,True,False,True,0.5604405155650778,0.5604405155650778
recoverability_s42,face1,152,0,0,2,True,False,True,0.6130630382500021,0.6130630382500021
recoverability_s42,face1,153,0,0,2,True,False,True,0.5658707385052946,0.5658707385052946
recoverability_s42,face1,154,0,0,2,True,False,True,0.47441236884513616,0.47441236884513616
recoverability_s42,face1,155,0,0,2,True,False,True,0.5600984087202453,0.5600984087202453
recoverability_s42,face1,156,0,0,2,True,False,True,0.0,0.0
recoverability_s42,face1,159,0,1,0,False,False,True,0.0,0.6830864485869528
recoverability_s42,face1,174,2,0,2,True,False,True,0.8126428107766611,0.0
recoverability_s42,face1,177,0,0,2,True,False,True,0.0,0.0
recoverability_s42,face1,183,2,0,2,True,False,True,0.0,0.0
recoverability_s42,face1,190,0,1,0,False,False,True,0.0,0.7069579357779832
recoverability_s42,face1,192,0,1,0,False,False,True,0.8159248677143262,0.0
recoverability_s42,face1,195,0,0,2,True,False,True,0.0,0.0
recoverability_s42,face1,207,0,1,0,False,False,True,0.0,0.7457257434337293
recoverability_s42,face1,208,0,1,0,False,False,True,0.7487013832436035,0.0
recoverability_s42,face1,214,0,0,2,True,False,True,0.0,0.0
recoverability_s42,face1,231,0,0,2,True,False,True,0.0,0.0
recoverability_s42,face1,232,2,0,2,True,False,True,0.0,0.0
recoverability_s42,face1,234,0,0,2,True,False,True,0.0,0.0
recoverability_s42,face1,242,0,1,0,False,False,True,0.0,0.8345446608742192
recoverability_s42,face1,258,0,1,0,False,False,True,0.8326188443226336,0.0
recoverability_s42,face1,259,0,0,2,True,False,True,0.0,0.0
recoverability_s42,face1,261,0,0,2,True,False,True,0.0,0.0
recoverability_s42,face1,262,0,0,2,True,False,True,0.0,0.0
recoverability_s42,face1,264,0,0,2,True,False,True,0.0,0.0
recoverability_s42,face1,265,0,0,2,True,False,True,0.0,0.0
recoverability_s42,face1,266,0,0,2,True,False,True,0.0,0.0
recoverability_s42,face1,267,0,1,2,True,False,True,0.0,0.7354419598294343
recoverability_s42,face1,269,0,0,2,True,False,True,0.8437656199928286,0.8437656199928286
recoverability_s42,face1,270,0,0,2,True,False,True,0.7995812935251836,0.7995812935251836
recoverability_s42,face1,278,0,0,2,True,False,True,0.8161830055175271,0.8161830055175271
recoverability_s42,face1,279,0,0,2,True,False,True,0.7810711427823943,0.7810711427823943
recoverability_s42,face1,280,0,0,2,True,False,True,0.7872060427510809,0.7872060427510809
recoverability_s42,face1,286,0,0,2,True,False,True,0.8474137254743265,0.8474137254743265
recoverability_s42,face1,289,0,0,2,True,False,True,0.7600756575425075,0.7600756575425075
recoverability_s42,face1,291,0,0,2,True,False,True,0.7944434241147447,0.7944434241147447
recoverability_s42,face1,292,0,0,2,True,False,True,0.7994623366482254,0.7994623366482254
recoverability_s42,face1,295,0,0,2,True,False,True,0.6979179223735339,0.6979179223735339
recoverability_s42,face1,308,0,0,2,True,False,True,0.6874666924537122,0.6874666924537122
recoverability_s42,face1,309,0,0,2,True,False,True,0.6349093949136211,0.6349093949136211
recoverability_s42,face1,507,0,0,2,True,False,True,0.8396241059730909,0.8396241059730909
recoverability_s42,face1,1180,0,0,2,True,False,True,0.7223828881237748,0.7223828881237748
recoverability_s42,face1,1182,0,0,2,True,False,True,0.5442471359548127,0.5442471359548127
recoverability_s42,face1,1184,0,0,2,True,False,True,0.4450514677531867,0.4450514677531867
recoverability_s42,face1,1185,0,0,2,True,False,True,0.3631357558520156,0.3631357558520156
recoverability_s42,face1,1186,0,0,2,True,False,True,0.8063551371665048,0.8063551371665048
recoverability_s42,face1,1189,0,0,2,True,False,True,0.6768510780506668,0.6768510780506668
recoverability_s42,face1,1190,0,0,2,True,False,True,0.5934157584692282,0.5934157584692282
recoverability_s42,face1,1192,0,0,2,True,False,True,0.5070305625493463,0.5070305625493463
recoverability_s42,face1,1195,0,0,2,True,False,True,0.5014053996922101,0.5014053996922101
recoverability_s42,face1,1196,0,0,2,True,False,True,0.6152266305215006,0.6152266305215006
recoverability_s42,face1,1197,0,0,2,True,False,True,0.5638443421778118,0.5638443421778118
recoverability_s42,face1,1198,0,0,2,True,False,True,0.5361289078833392,0.5361289078833392
recoverability_s42,face1,1199,0,0,2,True,False,True,0.5150985117666085,0.5150985117666085
recoverability_s42,face1,1201,0,0,2,True,False,True,0.5061806226323147,0.5061806226323147
recoverability_s42,face1,1202,0,0,2,True,False,True,0.5248880965123109,0.5248880965123109
recoverability_s42,face1,1203,0,0,2,True,False,True,0.529620195833795,0.529620195833795
recoverability_s42,face1,1204,0,0,2,True,False,True,0.521500819147728,0.521500819147728
recoverability_s42,face1,1205,0,0,2,True,False,True,0.5394223087373551,0.5394223087373551
recoverability_s42,face1,1206,0,0,2,True,False,True,0.42018587571240745,0.42018587571240745
recoverability_s42,face1,1207,0,0,2,True,False,True,0.40757137951503897,0.40757137951503897
recoverability_s42,face1,1208,0,0,2,True,False,True,0.35513056506831336,0.35513056506831336
recoverability_s42,face1,1209,0,0,2,True,False,True,0.38387602062639165,0.38387602062639165
recoverability_s42,face1,1211,0,0,2,True,False,True,0.397331026825596,0.397331026825596
recoverability_s42,face1,1212,0,0,2,True,False,True,0.3572783951212768,0.3572783951212768
recoverability_s42,face1,1213,0,0,2,True,False,True,0.28826725797051167,0.28826725797051167
recoverability_s42,face1,1214,0,0,2,True,False,True,0.43116380226703604,0.43116380226703604
recoverability_s42,face1,1215,0,0,2,True,False,True,0.39728955762638835,0.39728955762638835
recoverability_s42,face1,1216,0,0,2,True,False,True,0.3888578905914547,0.3888578905914547
recoverability_s42,face1,1217,0,0,2,True,False,True,0.41307559977863967,0.41307559977863967
recoverability_s42,face1,1218,0,0,2,True,False,True,0.35626896060810287,0.35626896060810287
recoverability_s42,face1,1219,0,0,2,True,False,True,0.37523059237293,0.37523059237293
recoverability_s42,face1,1220,0,0,2,True,False,True,0.37593518795778513,0.37593518795778513
recoverability_s42,face1,1221,0,0,2,True,False,True,0.34850751025859134,0.34850751025859134
recoverability_s42,face1,1222,0,0,2,True,False,True,0.41737044569855863,0.41737044569855863
recoverability_s42,face1,1223,0,0,2,True,False,True,0.2784116861678047,0.2784116861678047
recoverability_s42,face1,1224,0,0,2,True,False,True,0.26725068093482374,0.26725068093482374
recoverability_s42,face1,1225,0,0,2,True,False,True,0.6362921276569364,0.6362921276569364
recoverability_s42,face1,1226,0,0,2,True,False,True,0.7088059084589218,0.7088059084589218
recoverability_s42,face1,1228,0,0,2,True,False,True,0.33835132296751264,0.33835132296751264
recoverability_s42,face1,1229,0,0,2,True,False,True,0.35619753770493884,0.35619753770493884
recoverability_s42,face1,1230,0,0,2,True,False,True,0.24159740626313994,0.24159740626313994
recoverability_s42,face1,1231,0,0,2,True,False,True,0.4085907168556279,0.4085907168556279
recoverability_s42,face1,1232,0,0,2,True,False,True,0.4830073384927754,0.4830073384927754
recoverability_s42,face1,1233,0,0,2,True,False,True,0.6250223560969957,0.6250223560969957
recoverability_s42,face1,1234,0,0,2,True,False,True,0.37267051702471804,0.37267051702471804
recoverability_s42,face1,1235,0,0,2,True,False,True,0.6603858036359223,0.6603858036359223
recoverability_s42,face1,1236,0,0,2,True,False,True,0.5720111503112735,0.5720111503112735
recoverability_s42,face1,1238,0,0,2,True,False,True,0.5617531090679473,0.5617531090679473
recoverability_s42,face1,1239,0,0,2,True,False,True,0.627911467140084,0.627911467140084
recoverability_s42,face1,1248,0,0,2,True,False,True,0.4074798876258873,0.4074798876258873
recoverability_s42,face1,1249,0,0,2,True,False,True,0.562403680228269,0.562403680228269
recoverability_s42,face1,1304,0,0,2,True,False,True,0.8032880405089117,0.8032880405089117
recoverability_s42,face1,1305,0,0,2,True,False,True,0.670182519015373,0.670182519015373
recoverability_s42,face1,1306,2,0,2,True,False,True,0.446536344479827,0.255342498366235
recoverability_s42,face1,1307,0,0,2,True,False,True,0.28666140081034297,0.28666140081034297
recoverability_s42,face1,1309,0,0,2,True,False,True,0.5279255907256667,0.5279255907256667
recoverability_s42,face1,1310,0,0,2,True,False,True,0.517946514163615,0.517946514163615
recoverability_s42,face1,1311,0,0,2,True,False,True,0.445543819294524,0.445543819294524
recoverability_s42,face1,1312,0,0,2,True,False,True,0.464351178609812,0.464351178609812
recoverability_s42,face1,1314,0,0,2,True,False,True,0.5249625641691882,0.5249625641691882
recoverability_s42,face1,1315,0,0,2,True,False,True,0.45506396540704463,0.45506396540704463
recoverability_s42,face1,1319,0,0,2,True,False,True,0.41699254583023415,0.41699254583023415
recoverability_s42,face1,1320,0,0,2,True,False,True,0.686943574263094,0.686943574263094
recoverability_s42,face1,1321,0,0,2,True,False,True,0.7517859139098607,0.7517859139098607
recoverability_s42,face1,1322,0,0,2,True,False,True,0.6198423276159999,0.6198423276159999
recoverability_s42,face1,1323,0,0,2,True,False,True,0.7387733510024459,0.7387733510024459
recoverability_s42,face1,1324,0,0,2,True,False,True,0.6676835211898682,0.6676835211898682
recoverability_s42,face1,1327,0,0,2,True,False,True,0.6316115167850476,0.6316115167850476
recoverability_s42,face1,1329,0,0,2,True,False,True,0.6556850157808196,0.6556850157808196
recoverability_s42,face1,1332,0,0,2,True,False,True,0.6936429624930851,0.6936429624930851
recoverability_s42,face1,1333,0,0,2,True,False,True,0.7631431306647687,0.7631431306647687
recoverability_s42,floor-1,90,0,0,2,True,False,True,0.6898683107312021,0.6898683107312021
recoverability_s42,floor-1,91,0,2,0,False,False,True,0.5784350356773522,0.0
recoverability_s42,floor-1,92,0,1,0,False,False,True,0.0,0.0
recoverability_s42,floor-1,93,2,1,2,True,False,True,0.0,0.0
recoverability_s42,floor-1,94,0,1,0,False,False,True,0.0,0.5777548504769995
recoverability_s42,floor-1,95,0,0,2,True,False,True,0.6671818124749117,0.6671818124749117
recoverability_s42,floor-1,103,0,1,2,True,False,True,0.5361861999392966,0.0
recoverability_s42,floor-1,104,0,0,2,True,False,True,0.0,0.0
recoverability_s42,floor-1,105,2,2,2,True,False,True,0.0,0.19692385483873986
recoverability_s42,floor-1,106,0,0,2,True,False,True,0.6030863115054437,0.6030863115054437
recoverability_s42,floor-1,125,2,1,2,True,False,True,0.3880535501577369,0.0
recoverability_s42,floor-1,126,0,0,2,True,False,True,0.0,0.0
recoverability_s42,floor-1,127,0,1,2,True,False,True,0.0,0.0
recoverability_s42,flower1,33,0,0,0,False,False,True,0.12799695747576514,0.2750400494606558
recoverability_s42,flower1,37,0,0,2,True,False,True,0.0,0.0
recoverability_s42,flower1,38,0,1,2,True,False,True,0.0,0.34736438623270194
recoverability_s42,flower1,39,0,0,2,True,False,True,0.34846135315130594,0.34846135315130594
recoverability_s42,flower1,67,0,0,2,True,False,True,0.7660998310590189,0.7660998310590189
recoverability_s42,flower1,71,0,0,0,False,False,True,0.0,0.5621097897639443
recoverability_s42,flower1,72,0,0,2,True,False,True,0.47756842313249964,0.47756842313249964
recoverability_s42,flower1,73,0,0,2,True,False,True,0.4870508674714497,0.4870508674714497
recoverability_s42,flower1,76,0,0,2,True,False,True,0.6872294144091573,0.6872294144091573
recoverability_s42,flower1,80,0,0,0,False,False,True,0.0954610624418354,0.6826309177747
recoverability_s42,flower1,110,0,0,2,True,False,True,0.46492984936634635,0.46492984936634635
recoverability_s42,flower1,112,0,0,2,True,False,True,0.4482726300934645,0.4482726300934645
recoverability_s42,flower1,113,0,0,2,True,False,True,0.42808262966303057,0.42808262966303057
recoverability_s42,flower1,115,0,0,2,True,False,True,0.2894149775948816,0.2894149775948816
recoverability_s42,flower1,117,0,0,2,True,False,True,0.0,0.0
recoverability_s42,flower1,119,0,0,2,True,False,True,0.0,0.0
recoverability_s42,flower1,122,0,0,2,True,False,True,0.0017752040044272566,0.0017752040044272566
recoverability_s42,flower1,124,0,0,2,True,False,True,0.41887528937673857,0.41887528937673857
recoverability_s42,flower1,125,0,0,2,True,False,True,0.0,0.0
recoverability_s42,flower1,126,0,0,2,True,False,True,0.23520832792852386,0.23520832792852386
recoverability_s42,flower1,134,0,0,0,False,False,True,0.6537048027811415,0.0
recoverability_s42,flower1,135,0,2,0,False,False,True,0.0,0.2130302727937595
recoverability_s42,flower1,136,0,0,2,True,False,True,0.6443848361347801,0.6443848361347801
recoverability_s42,flower1,143,0,0,0,False,False,True,0.5021338185387032,0.0
recoverability_s42,flower1,155,0,1,2,True,False,True,0.0,0.462008993840952
recoverability_s42,flower1,170,0,0,0,False,False,True,0.0,0.7331205789413824
recoverability_s42,flower1,186,0,1,0,False,False,True,0.7032295420290093,0.4307622921872955
recoverability_s42,flower1,301,0,1,0,False,False,True,0.7223783840863186,0.0
recoverability_s42,flower1,328,0,0,0,False,False,True,0.0,0.5436367020819926
recoverability_s42,flower1,329,0,0,2,True,False,True,0.6255137434923848,0.6255137434923848
recoverability_s42,flower1,330,0,0,2,True,False,True,0.0014449554948850578,0.0014449554948850578
recoverability_s42,flower1,340,0,1,0,False,False,True,0.0,0.6770609299871208
recoverability_s42,flower1,346,0,0,0,False,False,True,0.6972151251932106,0.014682723605358954
recoverability_s42,flower1,352,0,0,2,True,False,True,0.5820246475243507,0.5820246475243507
recoverability_s42,flower1,363,0,0,2,True,False,True,0.555769606686997,0.555769606686997
recoverability_s42,flower1,385,0,0,2,True,False,True,0.0,0.0
recoverability_s42,flower1,415,0,0,2,True,False,True,0.0,0.0
recoverability_s42,flower1,437,0,0,0,False,False,True,0.0,0.7141937239193604
recoverability_s42,flower1,438,0,0,2,True,False,True,0.6745513666754527,0.6745513666754527
recoverability_s42,flower1,524,0,0,0,False,False,True,0.6243049973741606,0.0
recoverability_s42,flower1,530,0,0,2,True,False,True,0.6063632581529503,0.6063632581529503
recoverability_s42,flower2,76,0,0,2,True,False,True,0.7082862365479381,0.7082862365479381
recoverability_s42,fog,552,0,0,2,True,False,True,0.776671746917038,0.776671746917038
recoverability_s42,fog,553,0,0,2,True,False,True,0.6798636932489065,0.6798636932489065
recoverability_s42,fog,627,0,0,2,True,False,True,0.8528804280385511,0.8528804280385511
recoverability_s42,fog,637,0,0,2,True,False,True,0.7152997618568243,0.7152997618568243
recoverability_s42,fog,640,0,0,2,True,False,True,0.7525383975509292,0.7525383975509292
recoverability_s42,fog,647,0,0,2,True,False,True,0.8814208912494644,0.8814208912494644
recoverability_s42,fog,648,0,0,2,True,False,True,0.8625331345302706,0.8625331345302706
recoverability_s42,fog,649,0,0,2,True,False,True,0.8671980377443649,0.8671980377443649
recoverability_s42,glass,308,2,0,2,True,False,True,0.5211028207446284,0.0
recoverability_s42,glass,311,2,1,2,True,False,True,0.0,0.0
recoverability_s42,glass,312,0,0,2,True,False,True,0.0,0.0
recoverability_s42,glass,313,0,1,2,True,False,True,0.0,0.0
recoverability_s42,glass,314,2,0,2,True,False,True,0.0,0.0
recoverability_s42,glass,315,0,1,2,True,False,True,0.0,0.0
recoverability_s42,glass,316,2,1,2,True,False,True,0.0,0.0
recoverability_s42,glass,317,2,0,2,True,False,True,0.0,0.0
recoverability_s42,glass,318,0,0,2,True,False,True,0.0,0.0
recoverability_s42,glass,321,0,2,0,False,False,True,0.0,0.0
recoverability_s42,glass,322,0,0,2,True,False,True,0.0,0.0
recoverability_s42,glass,324,2,0,2,True,False,True,0.0,0.0
recoverability_s42,glass,325,0,2,2,True,False,True,0.0,0.0
recoverability_s42,glass,326,0,0,2,True,False,True,0.0,0.0
recoverability_s42,glass,328,2,0,2,True,False,True,0.0,0.0
recoverability_s42,glass,329,0,0,2,True,False,True,0.0,0.0
recoverability_s42,glass,330,0,1,0,False,False,True,0.0,0.0
recoverability_s42,glass,331,0,0,2,True,False,True,0.0,0.0
recoverability_s42,glass,332,0,0,2,True,False,True,0.0,0.0
recoverability_s42,glass,333,0,0,2,True,False,True,0.0,0.0
recoverability_s42,glass,339,0,0,0,False,False,True,0.0,0.0
recoverability_s42,glass,340,0,0,2,True,False,True,0.0,0.0
recoverability_s42,glass,341,0,1,2,True,False,True,0.0,0.0
recoverability_s42,glass,343,0,1,0,False,False,True,0.0,0.0
recoverability_s42,glass,345,0,0,2,True,False,True,0.0,0.0
recoverability_s42,glass,346,0,0,0,False,False,True,0.0,0.0
recoverability_s42,glass,347,2,1,2,True,False,True,0.0,0.0
recoverability_s42,glass,348,0,0,2,True,False,True,0.0,0.0
recoverability_s42,glass,349,2,3,2,True,False,True,0.0,0.0
recoverability_s42,glass,350,0,0,2,True,False,True,0.0,0.0
recoverability_s42,glass,351,0,0,2,True,False,True,0.0,0.0
recoverability_s42,glass,356,2,2,2,True,False,True,0.0,0.0
recoverability_s42,glass,357,0,1,2,True,False,True,0.0,0.0
recoverability_s42,glass,360,2,2,2,True,False,True,0.0,0.0
recoverability_s42,glass,361,0,1,2,True,False,True,0.0,0.0
recoverability_s42,glass,362,2,1,2,True,False,True,0.0,0.0
recoverability_s42,glass,363,0,0,2,True,False,True,0.0,0.0
recoverability_s42,glass,365,2,0,2,True,False,True,0.0,0.0
recoverability_s42,glass,366,0,0,2,True,False,True,0.0,0.0
recoverability_s42,glass,369,2,2,2,True,False,True,0.0,0.0
recoverability_s42,glass,371,0,0,2,True,False,True,0.0,0.0
recoverability_s42,glass,373,0,0,2,True,False,True,0.0,0.0
recoverability_s42,glass,374,0,0,2,True,False,True,0.0,0.0
recoverability_s42,glass,384,0,0,2,True,False,True,0.0,0.0
recoverability_s42,glass,387,0,0,2,True,False,True,0.0,0.0
recoverability_s42,glass,390,0,0,2,True,False,True,0.0,0.0
recoverability_s42,glass,391,0,1,0,False,False,True,0.0,0.0
recoverability_s42,glass,397,0,0,2,True,False,True,0.0,0.0
recoverability_s42,glass,398,0,0,2,True,False,True,0.0,0.0
recoverability_s42,glass,400,0,0,2,True,False,True,0.0,0.0
recoverability_s42,glass,401,0,0,2,True,False,True,0.0,0.0
recoverability_s42,glass,402,0,0,2,True,False,True,0.0,0.0
recoverability_s42,glass,403,0,0,2,True,False,True,0.0,0.0
recoverability_s42,glass,406,0,0,2,True,False,True,0.0,0.0
recoverability_s42,glass,407,0,0,2,True,False,True,0.0,0.0
recoverability_s42,glass,409,0,0,2,True,False,True,0.0,0.0
recoverability_s42,glass,412,0,0,2,True,False,True,0.0,0.0
recoverability_s42,glass,422,0,0,2,True,False,True,0.0,0.0
recoverability_s42,glass,423,0,0,2,True,False,True,0.0,0.0
recoverability_s42,glass,424,0,0,2,True,False,True,0.0,0.0
recoverability_s42,glass,425,0,0,2,True,False,True,0.0,0.0
recoverability_s42,glass,427,0,0,2,True,False,True,0.0,0.0
recoverability_s42,glass,428,0,0,2,True,False,True,0.0,0.0
recoverability_s42,glass,430,0,0,2,True,False,True,0.0,0.0
recoverability_s42,glass,432,0,0,2,True,False,True,0.0,0.0
recoverability_s42,glass,433,0,0,2,True,False,True,0.0,0.0
recoverability_s42,glass,436,0,0,2,True,False,True,0.0,0.0
recoverability_s42,glass,437,0,0,2,True,False,True,0.0,0.0
recoverability_s42,glass,441,0,0,2,True,False,True,0.0,0.0
recoverability_s42,glass,442,0,0,2,True,False,True,0.0,0.0
recoverability_s42,glass,446,0,0,2,True,False,True,0.0,0.0
recoverability_s42,glass,450,2,1,2,True,False,True,0.0,0.0
recoverability_s42,glass,451,0,0,2,True,False,True,0.0,0.0
recoverability_s42,glass,452,2,1,2,True,False,True,0.0,0.0
recoverability_s42,glass2,222,0,1,0,False,False,True,0.5821017492210797,0.0
recoverability_s42,glass2,224,0,0,2,True,False,True,0.0,0.0
recoverability_s42,glass2,226,0,1,0,False,False,True,0.0,0.6881528131817769
recoverability_s42,greyman,173,0,0,2,True,False,True,0.5847366260170361,0.5847366260170361
recoverability_s42,guidepost,19,0,0,2,True,False,True,0.24854715238957592,0.24854715238957592
recoverability_s42,guidepost,245,0,0,2,True,False,True,0.2142755109980028,0.2142755109980028
recoverability_s42,guidepost,273,0,0,2,True,False,True,0.5207167501080393,0.5207167501080393
recoverability_s42,guidepost,301,0,0,2,True,False,True,0.5467461026941992,0.5467461026941992
recoverability_s42,guidepost,303,0,0,2,True,False,True,0.765985623529022,0.765985623529022
recoverability_s42,guidepost,304,0,0,2,True,False,True,0.5589594343040553,0.5589594343040553
recoverability_s42,guidepost,329,0,0,2,True,False,True,0.5692175838957043,0.5692175838957043
recoverability_s42,guidepost,333,0,0,2,True,False,True,0.6394697668647585,0.6394697668647585
recoverability_s42,guidepost,357,0,0,2,True,False,True,0.6829785194248328,0.6829785194248328
recoverability_s42,guidepost,358,0,0,2,True,False,True,0.673587001723583,0.673587001723583
recoverability_s42,guidepost,359,0,0,2,True,False,True,0.6558173745114892,0.6558173745114892
recoverability_s42,guidepost,378,0,0,2,True,False,True,0.6302189185408883,0.6302189185408883
recoverability_s42,guidepost,380,0,0,2,True,False,True,0.6533211313468545,0.6533211313468545
recoverability_s42,guidepost,381,0,0,2,True,False,True,0.6346275969413927,0.6346275969413927
recoverability_s42,guidepost,382,0,0,2,True,False,True,0.6236476481071015,0.6236476481071015
recoverability_s42,guidepost,384,0,0,2,True,False,True,0.6113142404731986,0.6113142404731986
recoverability_s42,guidepost,385,0,0,2,True,False,True,0.5876534402130235,0.5876534402130235
recoverability_s42,guidepost,386,0,0,2,True,False,True,0.672204240867293,0.672204240867293
recoverability_s42,guidepost,403,0,0,2,True,False,True,0.7148390461093491,0.7148390461093491
recoverability_s42,guidepost,409,0,0,2,True,False,True,0.4376945304352119,0.4376945304352119
recoverability_s42,hotglass,121,0,1,0,False,False,True,0.09915688934242364,0.0
recoverability_s42,hotglass,122,0,0,2,True,False,True,0.0,0.0
recoverability_s42,hotglass,123,0,0,2,True,False,True,0.0,0.0
recoverability_s42,hotglass,124,0,1,2,True,False,True,0.0,0.18744302969609763
recoverability_s42,hotglass,125,0,2,2,True,False,True,0.19298384838199495,0.0
recoverability_s42,hotglass,126,0,1,2,True,False,True,0.0,0.002957745581503627
recoverability_s42,hotglass,127,2,0,2,True,False,True,0.0,0.0
recoverability_s42,hotglass,128,0,0,2,True,False,True,0.0,0.0
recoverability_s42,hotglass,130,2,0,2,True,False,True,0.0,0.0
recoverability_s42,hotglass,131,0,0,2,True,False,True,0.0,0.0
recoverability_s42,hotglass,132,0,1,2,True,False,True,0.0,0.0
recoverability_s42,hotglass,133,2,1,2,True,False,True,0.0,0.0
recoverability_s42,hotglass,134,0,0,0,False,False,True,0.0,0.36276256016149866
recoverability_s42,hotglass,388,0,1,0,False,False,True,0.6487964464343683,0.0
recoverability_s42,hotglass,389,0,1,0,False,False,True,0.0,0.4415568907120504
recoverability_s42,kettle,95,0,0,2,True,False,True,0.4778782357813694,0.4778782357813694
recoverability_s42,kettle,96,0,0,2,True,False,True,0.4926464898843024,0.4926464898843024
recoverability_s42,kettle,98,0,0,2,True,False,True,0.34652720721909297,0.34652720721909297
recoverability_s42,kettle,102,0,0,2,True,False,True,0.3787327167707759,0.3787327167707759
recoverability_s42,kettle,107,0,0,2,True,False,True,0.3420977990302254,0.3420977990302254
recoverability_s42,kettle,110,0,0,2,True,False,True,0.21127970494825313,0.21127970494825313
recoverability_s42,kettle,111,0,0,2,True,False,True,0.21431501780496157,0.21431501780496157
recoverability_s42,kettle,112,0,0,2,True,False,True,0.17822844942376742,0.17822844942376742
recoverability_s42,kettle,113,0,0,2,True,False,True,0.23050342999859122,0.23050342999859122
recoverability_s42,kettle,116,0,0,2,True,False,True,0.5039873957008714,0.5039873957008714
recoverability_s42,kettle,117,0,0,2,True,False,True,0.437662748064785,0.437662748064785
recoverability_s42,kettle,118,2,0,2,True,False,True,0.45627985237023977,0.1353152668243681
recoverability_s42,kettle,124,0,0,2,True,False,True,0.26428569396320917,0.26428569396320917
recoverability_s42,kettle,126,0,0,2,True,False,True,0.21953293110696098,0.21953293110696098
recoverability_s42,kettle,127,0,0,2,True,False,True,0.25702344489665574,0.25702344489665574
recoverability_s42,kettle,128,0,0,2,True,False,True,0.272091947444763,0.272091947444763
recoverability_s42,kettle,130,0,0,2,True,False,True,0.28117753427447867,0.28117753427447867
recoverability_s42,kettle,135,0,0,2,True,False,True,0.21407026093369655,0.21407026093369655
recoverability_s42,kettle,136,0,0,2,True,False,True,0.2554450606297982,0.2554450606297982
recoverability_s42,kettle,137,2,0,2,True,False,True,0.2629258527818511,0.13346787336686924
recoverability_s42,kettle,147,0,0,2,True,False,True,0.566621102208115,0.566621102208115
recoverability_s42,kettle,163,0,0,2,True,False,True,0.734581321246752,0.734581321246752
recoverability_s42,kettle,182,2,0,2,True,False,True,0.5333901926895479,0.17380353994040434
recoverability_s42,kettle,189,0,0,2,True,False,True,0.19697521921274525,0.19697521921274525
recoverability_s42,kettle,190,0,0,2,True,False,True,0.15608219447503016,0.15608219447503016
recoverability_s42,kettle,191,0,0,2,True,False,True,0.21363256438797965,0.21363256438797965
recoverability_s42,kettle,192,0,0,2,True,False,True,0.3226150565511286,0.3226150565511286
recoverability_s42,kettle,193,0,0,2,True,False,True,0.5454743053248415,0.5454743053248415
recoverability_s42,kettle,211,0,0,2,True,False,True,0.6846847436827106,0.6846847436827106
recoverability_s42,kettle,213,0,0,2,True,False,True,0.6705550559415768,0.6705550559415768
recoverability_s42,kettle,275,0,0,2,True,False,True,0.6275377863715546,0.6275377863715546
recoverability_s42,kettle,276,0,0,2,True,False,True,0.6228258749121411,0.6228258749121411
recoverability_s42,kettle,296,0,0,2,True,False,True,0.6363435070051071,0.6363435070051071
recoverability_s42,kettle,1002,0,0,2,True,False,True,0.2768096488080016,0.2768096488080016
recoverability_s42,kettle,1006,0,0,2,True,False,True,0.4005765524291799,0.4005765524291799
recoverability_s42,kettle,1010,0,0,2,True,False,True,0.6162492601013771,0.6162492601013771
recoverability_s42,kettle,1170,0,2,0,False,False,True,0.35517206661966133,0.0
recoverability_s42,kettle,1171,2,1,2,True,False,True,0.0,0.0
recoverability_s42,kettle,1176,0,2,0,False,False,True,0.0,0.0
recoverability_s42,kettle,1177,2,2,2,True,False,True,0.0,0.0
recoverability_s42,kettle,1178,0,1,2,True,False,True,0.0,0.08402737465316151
recoverability_s42,kettle,1182,2,0,2,True,False,True,0.061848810773742206,0.09142225364154746
recoverability_s42,kettle,1184,0,4,2,True,False,True,0.09792283140456054,0.0
recoverability_s42,kettle,1185,2,2,2,True,False,True,0.0,0.04543535695648218
recoverability_s42,kettle,1187,0,0,2,True,False,True,0.05382971141442503,0.05382971141442503
recoverability_s42,kettle,1190,0,1,0,False,False,True,0.02057396080446058,0.0
recoverability_s42,kettle,1191,2,0,2,True,False,True,0.0,0.06751052720295864
recoverability_s42,kettle,1194,0,1,0,False,False,True,0.0,0.0
recoverability_s42,kettle,1195,0,0,2,True,False,True,0.0,0.0
recoverability_s42,kettle,1196,0,0,2,True,False,True,0.0,0.0
recoverability_s42,kettle,1197,0,0,2,True,False,True,0.0,0.0
recoverability_s42,kettle,1200,0,0,2,True,False,True,0.0,0.0
recoverability_s42,kettle,1201,0,0,2,True,False,True,0.0,0.0
recoverability_s42,kettle,1202,0,0,2,True,False,True,0.0,0.0
recoverability_s42,kettle,1205,0,0,2,True,False,True,0.0,0.0
recoverability_s42,kettle,1206,0,0,2,True,False,True,0.0,0.0
recoverability_s42,kettle,1207,0,0,2,True,False,True,0.0,0.0
recoverability_s42,kettle,1211,0,0,2,True,False,True,0.0,0.0
recoverability_s42,kettle,1212,0,0,2,True,False,True,0.0,0.0
recoverability_s42,kettle,1213,0,0,2,True,False,True,0.0,0.0
recoverability_s42,kettle,1214,0,0,2,True,False,True,0.0,0.0
recoverability_s42,kettle,1216,0,0,2,True,False,True,0.0,0.0
recoverability_s42,kettle,1217,0,0,2,True,False,True,0.0,0.0
recoverability_s42,kettle,1218,0,0,2,True,False,True,0.0,0.0
recoverability_s42,kettle,1219,0,0,2,True,False,True,0.0,0.0
recoverability_s42,kettle,1221,0,1,2,True,False,True,0.0,0.4261484869849956
recoverability_s42,kettle,1233,2,0,2,True,False,True,0.6683580262294069,0.37443521841200833
recoverability_s42,kettle,1234,0,2,0,False,False,True,0.11939954204397342,0.3193910127262867
recoverability_s42,kettle,1235,0,0,2,True,False,True,0.6379379374273015,0.6379379374273015
recoverability_s42,kettle,1277,0,0,2,True,False,True,0.7845409086360724,0.7845409086360724
recoverability_s42,kettle,1281,0,0,2,True,False,True,0.6484280315995905,0.6484280315995905
recoverability_s42,kettle,1282,0,0,2,True,False,True,0.6582731575372284,0.6582731575372284
recoverability_s42,kettle,1283,0,0,2,True,False,True,0.5453188835995778,0.5453188835995778
recoverability_s42,kettle,1284,0,0,2,True,False,True,0.5672989228236283,0.5672989228236283
recoverability_s42,kettle,1285,0,0,2,True,False,True,0.6253729572350442,0.6253729572350442
recoverability_s42,kettle,1286,0,0,2,True,False,True,0.6945197299194138,0.6945197299194138
recoverability_s42,kettle,1292,2,1,2,True,False,True,0.2404878364261151,0.02549722601404594
recoverability_s42,kettle,1297,0,0,2,True,False,True,0.4940262764224481,0.4940262764224481
recoverability_s42,kettle,1298,0,0,2,True,False,True,0.6119191094355091,0.6119191094355091
recoverability_s42,kettle,1319,0,0,2,True,False,True,0.6266491302480488,0.6266491302480488
recoverability_s42,kettle,1320,0,0,2,True,False,True,0.6241586798583408,0.6241586798583408
recoverability_s42,kettle,1321,0,0,2,True,False,True,0.6219123082784077,0.6219123082784077
recoverability_s42,kettle,1322,0,0,2,True,False,True,0.6540266610441167,0.6540266610441167
recoverability_s42,kettle,1323,0,0,2,True,False,True,0.5681527410716256,0.5681527410716256
recoverability_s42,kettle,1326,0,0,2,True,False,True,0.608510367539304,0.608510367539304
recoverability_s42,kettle,1348,0,0,2,True,False,True,0.6965558986997586,0.6965558986997586
recoverability_s42,kettle,1362,0,0,2,True,False,True,0.7325944505877686,0.7325944505877686
recoverability_s42,kettle,1363,0,0,2,True,False,True,0.5773220375060075,0.5773220375060075
recoverability_s42,kettle,1371,0,0,2,True,False,True,0.0,0.0
recoverability_s42,kettle,1372,0,0,2,True,False,True,0.0,0.0
recoverability_s42,kettle,1373,0,0,2,True,False,True,0.0,0.0
recoverability_s42,kettle,1374,2,2,2,True,False,True,0.0,0.0
recoverability_s42,kettle,1375,0,0,2,True,False,True,0.0,0.0
recoverability_s42,kettle,1376,0,0,2,True,False,True,0.0,0.0
recoverability_s42,kettle,1377,0,0,2,True,False,True,0.0,0.0
recoverability_s42,kettle,1381,0,0,2,True,False,True,0.0,0.0
recoverability_s42,kettle,1382,0,0,2,True,False,True,0.0,0.0
recoverability_s42,kettle,1383,0,0,2,True,False,True,0.0,0.0
recoverability_s42,kettle,1384,0,1,2,True,False,True,0.11349324987025226,0.14239140925653151
recoverability_s42,kettle,1388,0,0,2,True,False,True,0.27829981631599104,0.27829981631599104
recoverability_s42,kettle,1389,0,0,2,True,False,True,0.34185119757065024,0.34185119757065024
recoverability_s42,kettle,1393,0,0,2,True,False,True,0.34095178779862395,0.34095178779862395
recoverability_s42,kettle,1394,0,0,2,True,False,True,0.28813841426913556,0.28813841426913556
recoverability_s42,kettle,1395,0,0,2,True,False,True,0.31465506929391673,0.31465506929391673
recoverability_s42,kettle,1396,0,0,2,True,False,True,0.38780403282455206,0.38780403282455206
recoverability_s42,kettle,1408,0,0,2,True,False,True,0.7522715657193554,0.7522715657193554
recoverability_s42,kettle,1409,0,0,2,True,False,True,0.7304518405092554,0.7304518405092554
recoverability_s42,kettle,1410,0,0,2,True,False,True,0.6424808759324376,0.6424808759324376
recoverability_s42,kettle,1411,0,0,2,True,False,True,0.6976570414142361,0.6976570414142361
recoverability_s42,kettle,1412,0,0,2,True,False,True,0.5576422409229783,0.5576422409229783
recoverability_s42,kettle,1413,0,0,2,True,False,True,0.7291910889916513,0.7291910889916513
recoverability_s42,kettle,1414,0,0,2,True,False,True,0.623683271888742,0.623683271888742
recoverability_s42,kettle,1415,0,0,2,True,False,True,0.5814044770337503,0.5814044770337503
recoverability_s42,kettle,1416,0,0,2,True,False,True,0.5459231307743838,0.5459231307743838
recoverability_s42,kettle,1417,0,0,2,True,False,True,0.5745475045707487,0.5745475045707487
recoverability_s42,kettle,1421,0,0,2,True,False,True,0.5368296086948547,0.5368296086948547
recoverability_s42,kite2,39,0,0,2,True,False,True,0.8064517506506105,0.8064517506506105
recoverability_s42,kite2,40,2,1,2,True,False,True,0.6949984769231169,0.0
recoverability_s42,kite2,41,0,3,0,False,False,True,0.0,0.0
recoverability_s42,kite2,42,2,1,2,True,False,True,0.0,0.39600632776309336
recoverability_s42,kite2,43,0,0,2,True,False,True,0.6566344815802796,0.6566344815802796
recoverability_s42,kite2,44,0,2,2,True,False,True,0.6252279908751974,0.0
recoverability_s42,kite2,47,2,0,2,True,False,True,0.0,0.4934364046336187
recoverability_s42,kite2,58,2,0,2,True,False,True,0.6915730158574489,0.38950717347791
recoverability_s42,kite2,59,0,0,2,True,False,True,0.6295436219704388,0.6295436219704388
recoverability_s42,kite2,65,0,0,2,True,False,True,0.6428167311227391,0.6428167311227391
recoverability_s42,kite2,74,0,0,2,True,False,True,0.3432479661878729,0.3432479661878729
recoverability_s42,kite2,75,0,0,2,True,False,True,0.5295579144644984,0.5295579144644984
recoverability_s42,kite2,76,0,0,2,True,False,True,0.47851847215995125,0.47851847215995125
recoverability_s42,kite2,77,0,0,2,True,False,True,0.5861041074421472,0.5861041074421472
recoverability_s42,kite2,78,0,0,2,True,False,True,0.5664574139061068,0.5664574139061068
recoverability_s42,kite2,79,0,0,2,True,False,True,0.6211565743373898,0.6211565743373898
recoverability_s42,kite2,80,0,0,2,True,False,True,0.6030866998348415,0.6030866998348415
recoverability_s42,kite2,81,0,0,2,True,False,True,0.5228772241006521,0.5228772241006521
recoverability_s42,kite2,82,0,0,2,True,False,True,0.5359359662382149,0.5359359662382149
recoverability_s42,kite2,84,0,0,2,True,False,True,0.6314550801652488,0.6314550801652488
recoverability_s42,kite2,93,0,0,2,True,False,True,0.5936332728347437,0.5936332728347437
recoverability_s42,kite2,95,0,0,2,True,False,True,0.5425617683265904,0.5425617683265904
recoverability_s42,kite2,97,0,0,2,True,False,True,0.5402195589230955,0.5402195589230955
recoverability_s42,kite2,99,0,0,2,True,False,True,0.49199651102484854,0.49199651102484854
recoverability_s42,kite2,100,0,0,2,True,False,True,0.6271392430240518,0.6271392430240518
recoverability_s42,kite2,102,0,0,2,True,False,True,0.6252365967216172,0.6252365967216172
recoverability_s42,kite2,103,0,0,2,True,False,True,0.6407296163686145,0.6407296163686145
recoverability_s42,kite2,105,0,0,2,True,False,True,0.6104607537117227,0.6104607537117227
recoverability_s42,kite2,106,0,2,2,True,False,True,0.6433328760452831,0.0
recoverability_s42,kite2,107,0,1,2,True,False,True,0.0,0.41667641724434334
recoverability_s42,kite2,109,0,1,2,True,False,True,0.493559900303198,0.0
recoverability_s42,kite2,110,0,1,0,False,False,True,0.0,0.4324474712542156
recoverability_s42,kite2,116,0,0,2,True,False,True,0.556627549847538,0.556627549847538
recoverability_s42,kite2,117,0,0,2,True,False,True,0.5763205204155833,0.5763205204155833
recoverability_s42,kite2,119,0,0,2,True,False,True,0.4810606747518313,0.4810606747518313
recoverability_s42,kite2,120,0,0,2,True,False,True,0.4337876552242759,0.4337876552242759
recoverability_s42,kite2,122,0,0,2,True,False,True,0.44695436098768376,0.44695436098768376
recoverability_s42,kite2,123,0,0,2,True,False,True,0.5340003282739688,0.5340003282739688
recoverability_s42,kite2,124,0,0,2,True,False,True,0.552102512368284,0.552102512368284
recoverability_s42,kite2,143,0,0,2,True,False,True,0.45232127839114916,0.45232127839114916
recoverability_s42,kite2,144,0,0,2,True,False,True,0.6437946065332135,0.6437946065332135
recoverability_s42,kite2,145,0,0,2,True,False,True,0.5828339499112225,0.5828339499112225
recoverability_s42,kite2,146,0,0,2,True,False,True,0.7020291214037105,0.7020291214037105
recoverability_s42,kite2,148,0,0,2,True,False,True,0.659307866813227,0.659307866813227
recoverability_s42,kite2,149,0,0,2,True,False,True,0.5311820376323436,0.5311820376323436
recoverability_s42,kite2,150,0,0,2,True,False,True,0.5650386355123488,0.5650386355123488
recoverability_s42,kite2,151,0,0,2,True,False,True,0.739130638213,0.739130638213
recoverability_s42,kite2,152,0,0,2,True,False,True,0.6871495155107482,0.6871495155107482
recoverability_s42,kite2,153,0,1,2,True,False,True,0.4380325158597877,0.0
recoverability_s42,kite2,154,0,3,0,False,False,True,0.0,0.0454023590929407
recoverability_s42,kite2,155,2,3,2,True,False,True,0.12278396812958726,0.0
recoverability_s42,kite2,156,0,0,2,True,False,True,0.0,0.0
recoverability_s42,kite2,157,2,2,2,True,False,True,0.0,0.0
recoverability_s42,kite2,158,0,0,2,True,False,True,0.0,0.0
recoverability_s42,kite2,159,0,0,2,True,False,True,0.0,0.0
recoverability_s42,kite2,160,0,0,2,True,False,True,0.0,0.0
recoverability_s42,kite2,161,0,0,2,True,False,True,0.0,0.0
recoverability_s42,kite2,162,2,1,2,True,False,True,0.0,0.0
recoverability_s42,kite2,163,2,1,2,True,False,True,0.0,0.0
recoverability_s42,kite2,166,0,0,2,True,False,True,0.0,0.0
recoverability_s42,kite2,167,0,0,2,True,False,True,0.0,0.0
recoverability_s42,kite2,168,0,0,2,True,False,True,0.0,0.0
recoverability_s42,kite2,169,0,0,2,True,False,True,0.0,0.0
recoverability_s42,kite2,170,2,0,2,True,False,True,0.0,0.0
recoverability_s42,kite2,171,0,0,2,True,False,True,0.0,0.0
recoverability_s42,kite2,172,0,0,2,True,False,True,0.0,0.0
recoverability_s42,kite2,173,2,0,2,True,False,True,0.0,0.0
recoverability_s42,kite2,174,0,0,2,True,False,True,0.0,0.0
recoverability_s42,kite2,175,0,0,2,True,False,True,0.0,0.0
recoverability_s42,kite2,177,2,1,2,True,False,True,0.0,0.0
recoverability_s42,kite2,179,0,0,2,True,False,True,0.0,0.0
recoverability_s42,kite2,181,2,1,2,True,False,True,0.0,0.0
recoverability_s42,kite2,182,0,0,2,True,False,True,0.0,0.0
recoverability_s42,kite2,183,0,0,2,True,False,True,0.0,0.0
recoverability_s42,kite2,184,0,0,2,True,False,True,0.0,0.0
recoverability_s42,kite2,185,0,0,2,True,False,True,0.0,0.0
recoverability_s42,kite2,186,2,2,2,True,False,True,0.0,0.0
recoverability_s42,kite2,187,0,0,2,True,False,True,0.0,0.0
recoverability_s42,kite2,188,2,0,2,True,False,True,0.0,0.0
recoverability_s42,kite2,189,0,0,2,True,False,True,0.0,0.0
recoverability_s42,kite2,190,2,0,2,True,False,True,0.0,0.0
recoverability_s42,kite2,192,2,1,2,True,False,True,0.0,0.0
recoverability_s42,kite2,193,0,0,2,True,False,True,0.0,0.0
recoverability_s42,kite2,194,0,0,2,True,False,True,0.0,0.0
recoverability_s42,kite2,195,2,0,2,True,False,True,0.0,0.0
recoverability_s42,kite2,196,0,0,2,True,False,True,0.0,0.0
recoverability_s42,kite2,197,0,0,2,True,False,True,0.0,0.0
recoverability_s42,kite2,198,0,1,2,True,False,True,0.0,0.0
recoverability_s42,kite2,199,0,0,2,True,False,True,0.0,0.0
recoverability_s42,kite2,200,2,2,2,True,False,True,0.0,0.0
recoverability_s42,kite2,201,0,0,2,True,False,True,0.0,0.0
recoverability_s42,kite2,203,2,0,2,True,False,True,0.0,0.0
recoverability_s42,kite2,204,0,0,2,True,False,True,0.0,0.0
recoverability_s42,kite2,205,2,1,2,True,False,True,0.0,0.0
recoverability_s42,kite2,206,0,0,2,True,False,True,0.0,0.0
recoverability_s42,kite2,207,0,0,2,True,False,True,0.0,0.0
recoverability_s42,kite2,208,0,0,2,True,False,True,0.0,0.0
recoverability_s42,kite2,209,0,0,2,True,False,True,0.0,0.0
recoverability_s42,kite2,210,2,0,2,True,False,True,0.0,0.0
recoverability_s42,kite2,211,0,0,2,True,False,True,0.0,0.0
recoverability_s42,kite2,212,0,0,2,True,False,True,0.0,0.0
recoverability_s42,kite2,213,0,0,2,True,False,True,0.0,0.0
recoverability_s42,kite2,214,0,0,2,True,False,True,0.0,0.0
recoverability_s42,kite2,215,2,0,2,True,False,True,0.0,0.0
recoverability_s42,kite2,216,0,0,2,True,False,True,0.0,0.0
recoverability_s42,kite2,217,0,0,2,True,False,True,0.0,0.0
recoverability_s42,kite2,219,2,0,2,True,False,True,0.0,0.0
recoverability_s42,kite2,222,0,2,0,False,False,True,0.0,0.0
recoverability_s42,kite2,223,0,1,2,True,False,True,0.0,0.0
recoverability_s42,kite2,224,0,0,2,True,False,True,0.0,0.0
recoverability_s42,kite2,227,0,2,0,False,False,True,0.0,0.0
recoverability_s42,kite2,239,0,0,2,True,False,True,0.0,0.0
recoverability_s42,kite2,241,0,0,2,True,False,True,0.0,0.0
recoverability_s42,kite2,243,2,1,2,True,False,True,0.0,0.0
recoverability_s42,kite2,246,0,0,2,True,False,True,0.0,0.0
recoverability_s42,kite2,247,0,0,2,True,False,True,0.0,0.0
recoverability_s42,kite2,249,0,0,2,True,False,True,0.0,0.0
recoverability_s42,kite2,264,0,0,2,True,False,True,0.0,0.0
recoverability_s42,kite2,270,0,0,2,True,False,True,0.0,0.0
recoverability_s42,kite2,276,0,0,2,True,False,True,0.0,0.0
recoverability_s42,kite2,277,0,0,2,True,False,True,0.0,0.0
recoverability_s42,kite2,279,0,1,0,False,False,True,0.0,0.0
recoverability_s42,kite2,280,0,2,0,False,False,True,0.0,0.0
recoverability_s42,kite2,281,0,1,2,True,False,True,0.0,0.0
recoverability_s42,kite2,282,0,2,2,True,False,True,0.0,0.0
recoverability_s42,kite2,285,0,0,2,True,False,True,0.0,0.0
recoverability_s42,kite2,291,0,0,2,True,False,True,0.0,0.0
recoverability_s42,kite2,292,0,0,2,True,False,True,0.0,0.0
recoverability_s42,kite2,293,0,0,2,True,False,True,0.0,0.0
recoverability_s42,kite2,294,2,0,2,True,False,True,0.0,0.0
recoverability_s42,kite2,295,2,4,2,True,False,True,0.0,0.0
recoverability_s42,kite2,296,0,0,0,False,False,True,0.0,0.0
recoverability_s42,kite2,297,2,1,2,True,False,True,0.0,0.0
recoverability_s42,kite2,299,0,0,2,True,False,True,0.0,0.0
recoverability_s42,kite2,300,0,0,2,True,False,True,0.0,0.0
recoverability_s42,kite2,301,0,0,2,True,False,True,0.0,0.0
recoverability_s42,kite2,302,0,0,2,True,False,True,0.0,0.0
recoverability_s42,kite2,303,0,0,2,True,False,True,0.0,0.0
recoverability_s42,kite2,304,0,0,2,True,False,True,0.0,0.0
recoverability_s42,kite2,305,0,0,2,True,False,True,0.0,0.0
recoverability_s42,kite2,306,0,0,2,True,False,True,0.0,0.0
recoverability_s42,kite2,307,2,0,2,True,False,True,0.0,0.0
recoverability_s42,kite2,310,2,0,2,True,False,True,0.0,0.0
recoverability_s42,kite2,311,2,2,2,True,False,True,0.0,0.0
recoverability_s42,kite2,312,0,0,2,True,False,True,0.0,0.0
recoverability_s42,kite2,313,0,2,0,False,False,True,0.0,0.0
recoverability_s42,kite2,315,0,2,0,False,False,True,0.0,0.0
recoverability_s42,kite2,316,2,0,2,True,False,True,0.0,0.0
recoverability_s42,kite2,318,2,2,2,True,False,True,0.0,0.0
recoverability_s42,kite2,319,0,0,2,True,False,True,0.0,0.0
recoverability_s42,kite2,320,0,0,2,True,False,True,0.0,0.0
recoverability_s42,kite2,321,2,1,2,True,False,True,0.0,0.0
recoverability_s42,kite2,323,2,0,2,True,False,True,0.0,0.0
recoverability_s42,kite2,324,0,0,2,True,False,True,0.0,0.0
recoverability_s42,kite2,325,2,0,2,True,False,True,0.0,0.0
recoverability_s42,kite2,326,0,1,2,True,False,True,0.0,0.0
recoverability_s42,kite2,327,2,2,2,True,False,True,0.0,0.0
recoverability_s42,kite2,328,2,0,2,True,False,True,0.0,0.0
recoverability_s42,kite2,329,0,0,2,True,False,True,0.0,0.0
recoverability_s42,kite2,330,0,0,2,True,False,True,0.0,0.0
recoverability_s42,kite2,331,0,0,2,True,False,True,0.0,0.0
recoverability_s42,kite2,332,0,1,2,True,False,True,0.0,0.0
recoverability_s42,kite2,334,0,0,2,True,False,True,0.0,0.0
recoverability_s42,kite2,335,2,1,2,True,False,True,0.0,0.0
recoverability_s42,kite2,336,2,1,2,True,False,True,0.0012133704193404938,0.0
recoverability_s42,kite2,337,2,0,2,True,False,True,0.0,0.008941464699901272
recoverability_s42,kite2,338,0,0,2,True,False,True,0.021191292905324732,0.021191292905324732
recoverability_s42,kite2,340,2,0,2,True,False,True,0.0,0.015089251935650748
recoverability_s42,kite2,341,2,0,2,True,False,True,0.0368971417989223,0.0
recoverability_s42,kite2,343,0,1,2,True,False,True,0.0,0.0
recoverability_s42,kite2,344,0,0,2,True,False,True,0.0,0.0
recoverability_s42,kite2,345,2,0,2,True,False,True,0.0,0.0
recoverability_s42,kite2,346,0,1,2,True,False,True,0.0,0.0
recoverability_s42,kite2,347,0,0,2,True,False,True,0.0,0.0
recoverability_s42,kite2,348,0,0,2,True,False,True,0.0,0.0
recoverability_s42,kite2,349,0,0,2,True,False,True,0.0,0.0
recoverability_s42,kite2,352,0,0,2,True,False,True,0.0,0.0
recoverability_s42,kite2,353,0,0,2,True,False,True,0.0,0.0
recoverability_s42,kite2,356,0,0,2,True,False,True,0.0,0.0
recoverability_s42,kite2,357,0,0,2,True,False,True,0.0,0.0
recoverability_s42,kite2,358,0,1,2,True,False,True,0.0,0.0
recoverability_s42,kite2,361,0,0,2,True,False,True,0.0,0.0
recoverability_s42,kite2,362,0,0,2,True,False,True,0.0,0.0
recoverability_s42,kite2,363,0,0,2,True,False,True,0.0,0.0
recoverability_s42,kite2,365,0,1,2,True,False,True,0.0,0.0
recoverability_s42,kite2,366,0,0,2,True,False,True,0.0,0.0
recoverability_s42,kite2,367,0,0,2,True,False,True,0.0,0.0
recoverability_s42,kite2,368,0,0,2,True,False,True,0.0,0.0
recoverability_s42,kite2,370,0,1,0,False,False,True,0.0,0.0
recoverability_s42,kite2,373,0,1,0,False,False,True,0.0,0.0
recoverability_s42,kite2,375,0,0,2,True,False,True,0.0,0.0
recoverability_s42,kite2,378,0,0,2,True,False,True,0.0,0.0
recoverability_s42,kite2,379,0,0,2,True,False,True,0.0,0.0
recoverability_s42,kite2,386,2,0,2,True,False,True,0.0,0.0
recoverability_s42,kite2,387,2,0,2,True,False,True,0.0,0.0
recoverability_s42,kite2,388,2,0,2,True,False,True,0.0,0.0
recoverability_s42,kite2,389,2,0,2,True,False,True,0.0,0.0
recoverability_s42,kite2,390,2,0,2,True,False,True,0.0,0.0
recoverability_s42,kite2,391,2,0,2,True,False,True,0.0,0.0
recoverability_s42,kite2,392,0,0,2,True,False,True,0.0,0.0
recoverability_s42,kite2,393,2,0,2,True,False,True,0.0,0.0
recoverability_s42,kite2,394,2,0,2,True,False,True,0.0,0.0
recoverability_s42,kite2,395,0,0,2,True,False,True,0.0,0.0
recoverability_s42,kite2,396,2,0,2,True,False,True,0.0,0.0
recoverability_s42,kite2,398,2,0,2,True,False,True,0.0,0.0
recoverability_s42,kite2,399,2,0,2,True,False,True,0.0,0.0
recoverability_s42,kite2,401,2,0,2,True,False,True,0.0,0.0
recoverability_s42,kite2,402,2,0,2,True,False,True,0.0,0.0
recoverability_s42,kite2,403,0,0,2,True,False,True,0.0,0.0
recoverability_s42,kite2,404,2,1,2,True,False,True,0.0,0.0
recoverability_s42,kite2,405,0,0,2,True,False,True,0.0,0.0
recoverability_s42,kite2,406,2,0,2,True,False,True,0.0,0.0
recoverability_s42,kite2,407,2,0,2,True,False,True,0.0,0.0
recoverability_s42,kite2,409,2,0,2,True,False,True,0.0,0.0
recoverability_s42,kite2,410,2,0,2,True,False,True,0.0,0.0
recoverability_s42,kite2,411,0,0,2,True,False,True,0.0,0.0
recoverability_s42,kite2,412,2,0,2,True,False,True,0.0,0.0
recoverability_s42,kite2,413,2,0,2,True,False,True,0.0,0.0
recoverability_s42,kite2,414,2,0,2,True,False,True,0.0,0.0
recoverability_s42,kite2,416,0,0,2,True,False,True,0.0,0.0
recoverability_s42,kite2,417,0,0,2,True,False,True,0.0,0.0
recoverability_s42,kite2,418,0,0,2,True,False,True,0.0,0.0
recoverability_s42,kite2,419,0,1,2,True,False,True,0.0,0.0
recoverability_s42,kite2,420,2,0,2,True,False,True,0.0,0.0
recoverability_s42,kite2,421,0,0,2,True,False,True,0.0,0.0
recoverability_s42,kite2,422,0,1,2,True,False,True,0.0,0.0
recoverability_s42,kite2,423,2,0,2,True,False,True,0.0,0.0
recoverability_s42,kite2,424,2,0,2,True,False,True,0.0,0.0
recoverability_s42,kite2,427,0,0,2,True,False,True,0.0,0.0
recoverability_s42,kite2,428,0,0,2,True,False,True,0.0,0.0
recoverability_s42,kite2,429,0,0,2,True,False,True,0.0,0.0
recoverability_s42,kite2,430,0,0,2,True,False,True,0.0,0.0
recoverability_s42,kite2,431,0,0,2,True,False,True,0.0,0.0
recoverability_s42,kite2,432,0,0,2,True,False,True,0.0,0.0
recoverability_s42,kite2,433,0,0,2,True,False,True,0.0,0.0
recoverability_s42,kite2,434,0,0,2,True,False,True,0.0,0.0
recoverability_s42,kite2,435,0,0,2,True,False,True,0.0,0.0
recoverability_s42,kite2,436,0,0,2,True,False,True,0.0,0.0
recoverability_s42,kite2,437,0,0,2,True,False,True,0.0,0.0
recoverability_s42,kite2,438,0,0,2,True,False,True,0.0,0.0
recoverability_s42,kite2,439,0,0,2,True,False,True,0.0,0.0
recoverability_s42,kite2,440,0,0,2,True,False,True,0.0,0.0
recoverability_s42,kite2,441,0,0,2,True,False,True,0.0,0.0
recoverability_s42,kite2,442,0,0,2,True,False,True,0.0,0.0
recoverability_s42,kite2,443,0,0,2,True,False,True,0.0,0.0
recoverability_s42,kite2,444,0,0,2,True,False,True,0.0,0.0
recoverability_s42,kite2,445,0,0,2,True,False,True,0.0,0.0
recoverability_s42,kite2,446,0,0,2,True,False,True,0.0,0.0
recoverability_s42,kite2,447,0,0,2,True,False,True,0.0,0.0
recoverability_s42,kite2,450,0,0,2,True,False,True,0.0,0.0
recoverability_s42,kite2,451,0,0,2,True,False,True,0.0,0.0
recoverability_s42,kite2,452,0,0,2,True,False,True,0.0,0.0
recoverability_s42,kite2,453,0,0,2,True,False,True,0.0,0.0
recoverability_s42,kite2,454,0,0,2,True,False,True,0.0,0.0
recoverability_s42,kite2,455,0,0,2,True,False,True,0.0,0.0
recoverability_s42,kite2,456,0,0,2,True,False,True,0.0,0.0
recoverability_s42,kite2,457,0,0,2,True,False,True,0.0,0.0
recoverability_s42,kite2,458,0,0,2,True,False,True,0.0,0.0
recoverability_s42,kite2,459,0,0,2,True,False,True,0.0,0.0
recoverability_s42,kite2,461,0,0,2,True,False,True,0.0,0.0
recoverability_s42,kite2,462,0,0,2,True,False,True,0.0,0.0
recoverability_s42,kite2,463,0,0,2,True,False,True,0.0,0.0
recoverability_s42,kite2,464,0,0,2,True,False,True,0.0,0.0
recoverability_s42,kite2,468,2,0,2,True,False,True,0.0,0.0
recoverability_s42,kite2,469,0,0,2,True,False,True,0.0,0.0
recoverability_s42,kite2,470,0,0,2,True,False,True,0.0,0.0
recoverability_s42,kite2,471,0,0,2,True,False,True,0.0,0.0
recoverability_s42,kite2,482,0,0,2,True,False,True,0.0,0.0
recoverability_s42,kite2,491,0,0,2,True,False,True,0.0,0.0
recoverability_s42,kite2,492,2,0,2,True,False,True,0.0,0.0
recoverability_s42,kite2,493,2,0,2,True,False,True,0.0,0.0
recoverability_s42,kite2,494,0,0,2,True,False,True,0.0,0.0
recoverability_s42,kite2,495,0,0,2,True,False,True,0.0,0.0
recoverability_s42,kite2,496,2,1,2,True,False,True,0.0,0.0
recoverability_s42,kite2,498,0,0,2,True,False,True,0.0,0.0
recoverability_s42,kite2,499,2,0,2,True,False,True,0.0,0.0
recoverability_s42,kite2,500,0,0,2,True,False,True,0.0,0.0
recoverability_s42,kite2,501,0,0,2,True,False,True,0.0,0.0
recoverability_s42,kite2,502,2,0,2,True,False,True,0.0,0.0
recoverability_s42,kite2,503,0,0,2,True,False,True,0.0,0.0
recoverability_s42,kite2,504,0,0,2,True,False,True,0.0,0.0
recoverability_s42,kite2,505,0,0,2,True,False,True,0.0,0.0
recoverability_s42,kite2,506,2,0,2,True,False,True,0.0,0.0
recoverability_s42,kite2,507,0,0,2,True,False,True,0.0,0.0
recoverability_s42,kite2,508,0,0,2,True,False,True,0.0,0.0
recoverability_s42,kite2,509,0,0,2,True,False,True,0.0,0.0
recoverability_s42,kite2,510,0,0,2,True,False,True,0.0,0.0
recoverability_s42,kite2,512,0,0,2,True,False,True,0.0,0.0
recoverability_s42,kite2,513,0,0,2,True,False,True,0.0,0.0
recoverability_s42,kite2,514,0,0,2,True,False,True,0.0,0.0
recoverability_s42,kite2,520,2,2,2,True,False,True,0.0,0.041168259129978416
recoverability_s42,kite2,521,0,0,2,True,False,True,0.32428748581764216,0.32428748581764216
recoverability_s42,kite2,564,0,0,2,True,False,True,0.7626181110209378,0.7626181110209378
recoverability_s42,kite2,565,0,0,2,True,False,True,0.548746288728252,0.548746288728252
recoverability_s42,kite2,566,0,0,2,True,False,True,0.5349990071246163,0.5349990071246163
recoverability_s42,kite2,567,0,0,2,True,False,True,0.7850079036769804,0.7850079036769804
recoverability_s42,kite2,598,0,0,2,True,False,True,0.7288144237650733,0.7288144237650733
recoverability_s42,kite2,599,0,0,2,True,False,True,0.7588167882246439,0.7588167882246439
recoverability_s42,kite2,715,0,0,2,True,False,True,0.590216843785996,0.590216843785996
recoverability_s42,kite2,723,0,0,2,True,False,True,0.8688549966403123,0.8688549966403123
recoverability_s42,kite2,726,0,0,2,True,False,True,0.6815184945716294,0.6815184945716294
recoverability_s42,kite2,753,0,0,2,True,False,True,0.5320065294283293,0.5320065294283293
recoverability_s42,kite2,764,0,0,2,True,False,True,0.656379509557698,0.656379509557698
recoverability_s42,kite2,769,0,0,2,True,False,True,0.7390127642843594,0.7390127642843594
recoverability_s42,kite2,772,0,0,2,True,False,True,0.642557351676427,0.642557351676427
recoverability_s42,kite2,773,0,0,2,True,False,True,0.7228559185642967,0.7228559185642967
recoverability_s42,kite2,796,0,0,2,True,False,True,0.589750869683602,0.589750869683602
recoverability_s42,kite2,797,0,0,2,True,False,True,0.538475860697216,0.538475860697216
recoverability_s42,kite2,858,0,0,2,True,False,True,0.5720089662557215,0.5720089662557215
recoverability_s42,kite2,892,0,0,2,True,False,True,0.4861019168961428,0.4861019168961428
recoverability_s42,kite2,1035,0,0,2,True,False,True,0.5139619615802213,0.5139619615802213
recoverability_s42,kite2,1135,0,0,2,True,False,True,0.5577696542926602,0.5577696542926602
recoverability_s42,kite2,1356,0,0,2,True,False,True,0.6343760494891104,0.6343760494891104
recoverability_s42,kite2,1388,0,0,2,True,False,True,0.49552450823502625,0.49552450823502625
recoverability_s42,kite2,1398,0,0,2,True,False,True,0.4451515033645243,0.4451515033645243
recoverability_s42,kite2,1399,0,0,2,True,False,True,0.48639273380771875,0.48639273380771875
recoverability_s42,kite2,1401,0,0,2,True,False,True,0.5938100725509771,0.5938100725509771
recoverability_s42,kite2,1485,0,0,2,True,False,True,0.4022265389278535,0.4022265389278535
recoverability_s42,kite2,1539,0,0,2,True,False,True,0.39974819598680267,0.39974819598680267
recoverability_s42,kite2,1548,0,0,2,True,False,True,0.36873483172523114,0.36873483172523114
recoverability_s42,kite2,1558,0,0,2,True,False,True,0.4858335778628971,0.4858335778628971
recoverability_s42,kite2,1561,0,0,2,True,False,True,0.6829046243199273,0.6829046243199273
recoverability_s42,kite2,1590,2,1,2,True,False,True,0.6656770372323958,0.21478823947145026
recoverability_s42,kite2,1591,0,0,2,True,False,True,0.2810798061227116,0.2810798061227116
recoverability_s42,kite2,1592,0,0,2,True,False,True,0.3184121647221506,0.3184121647221506
recoverability_s42,kite2,1593,0,0,2,True,False,True,0.3499481306150378,0.3499481306150378
recoverability_s42,kite2,1594,2,0,2,True,False,True,0.4324865477671867,0.21895471156947832
recoverability_s42,kite2,1597,0,0,2,True,False,True,0.1646919472574314,0.1646919472574314
recoverability_s42,kite2,1598,0,0,2,True,False,True,0.11924209821026278,0.11924209821026278
recoverability_s42,kite2,1599,0,0,2,True,False,True,0.2738876789527383,0.2738876789527383
recoverability_s42,kite2,1600,0,1,2,True,False,True,0.3255022085527544,0.0
recoverability_s42,kite2,1601,2,1,2,True,False,True,0.0,0.0
recoverability_s42,kite2,1602,0,2,0,False,False,True,0.0,0.0
recoverability_s42,kite2,1603,0,0,2,True,False,True,0.0,0.0
recoverability_s42,kite2,1604,0,2,0,False,False,True,0.0,0.0
recoverability_s42,kite2,1605,0,1,0,False,False,True,0.0,0.0
recoverability_s42,kite2,1606,0,1,0,False,False,True,0.0,0.0
recoverability_s42,kite2,1607,0,1,2,True,False,True,0.0,0.0
recoverability_s42,kite2,1609,0,1,0,False,False,True,0.0,0.0
recoverability_s42,kite2,1610,0,2,0,False,False,True,0.0,0.0
recoverability_s42,kite2,1611,2,0,2,True,False,True,0.0,0.0
recoverability_s42,kite2,1612,0,1,0,False,False,True,0.0,0.0
recoverability_s42,kite2,1613,0,4,0,False,False,True,0.0,0.0
recoverability_s42,kite2,1614,0,1,2,True,False,True,0.0,0.0
recoverability_s42,kite2,1615,0,2,0,False,False,True,0.0,0.0
recoverability_s42,kite2,1616,0,3,2,True,False,True,0.0,0.0
recoverability_s42,kite2,1617,0,2,2,True,False,True,0.0,0.0
recoverability_s42,kite2,1618,0,2,0,False,False,True,0.0,0.0
recoverability_s42,kite2,1619,0,2,0,False,False,True,0.0,0.0
recoverability_s42,kite2,1622,0,2,0,False,False,True,0.0,0.0
recoverability_s42,kite4,97,0,1,2,True,False,True,0.6359751601250094,0.0
recoverability_s42,kite4,98,0,1,0,False,False,True,0.0,0.5567627822720557
recoverability_s42,kite4,100,0,0,2,True,False,True,0.8194745595084909,0.8194745595084909
recoverability_s42,kite4,936,0,0,2,True,False,True,0.5242164612634345,0.5242164612634345
recoverability_s42,kite4,937,0,0,2,True,False,True,0.634368067623391,0.634368067623391
recoverability_s42,kite4,938,0,0,2,True,False,True,0.47560746430105383,0.47560746430105383
recoverability_s42,luggage,365,0,0,2,True,False,True,0.7523325641009946,0.7523325641009946
recoverability_s42,man22,85,0,0,2,True,False,True,0.7697636841008758,0.7697636841008758
recoverability_s42,man22,89,0,0,2,True,False,True,0.8992742071684591,0.8992742071684591
recoverability_s42,man22,91,0,0,2,True,False,True,0.021863156835260716,0.021863156835260716
recoverability_s42,man22,94,0,0,2,True,False,True,0.0,0.0
recoverability_s42,man22,99,0,0,2,True,False,True,0.0,0.0
recoverability_s42,man22,100,0,0,2,True,False,True,0.0,0.0
recoverability_s42,man22,101,0,1,2,True,False,True,0.0,0.8019424484565753
recoverability_s42,man22,147,0,0,0,False,False,True,0.0,0.7666519781194482
recoverability_s42,man22,150,0,0,0,False,False,True,0.0,0.7749394692962867
recoverability_s42,man22,152,0,0,0,False,False,True,0.0,0.761927634990168
recoverability_s42,man22,153,0,0,0,False,False,True,0.0,0.941960457335717
recoverability_s42,man22,155,0,0,2,True,False,True,0.7917198843372387,0.7917198843372387
recoverability_s42,man22,286,0,0,2,True,False,True,0.643863691906586,0.643863691906586
recoverability_s42,man22,287,0,1,0,False,False,True,0.7622148173656718,0.0
recoverability_s42,man22,290,0,1,2,True,False,True,0.0,0.7984323770372918
recoverability_s42,man23,81,0,0,2,True,False,True,0.575290178261616,0.575290178261616
recoverability_s42,man23,83,0,0,2,True,False,True,0.5794665292335597,0.5794665292335597
recoverability_s42,man23,84,0,0,2,True,False,True,0.31207564758607004,0.31207564758607004
recoverability_s42,man23,85,0,0,2,True,False,True,0.27737504983407163,0.27737504983407163
recoverability_s42,man23,86,0,0,2,True,False,True,0.40064361282635974,0.40064361282635974
recoverability_s42,man23,87,0,0,2,True,False,True,0.37486786317245685,0.37486786317245685
recoverability_s42,man23,88,0,0,2,True,False,True,0.32018704291962174,0.32018704291962174
recoverability_s42,man23,89,0,0,2,True,False,True,0.2804042325626489,0.2804042325626489
recoverability_s42,man23,90,0,0,2,True,False,True,0.24126239438614802,0.24126239438614802
recoverability_s42,man23,91,0,0,2,True,False,True,0.36640856590866777,0.36640856590866777
recoverability_s42,man23,92,0,0,2,True,False,True,0.3509715783324281,0.3509715783324281
recoverability_s42,man23,93,0,0,2,True,False,True,0.28645751538929126,0.28645751538929126
recoverability_s42,man23,94,0,0,2,True,False,True,0.34531783601212773,0.34531783601212773
recoverability_s42,man23,95,0,0,2,True,False,True,0.0,0.0
recoverability_s42,man23,99,0,0,2,True,False,True,0.24748866039332063,0.24748866039332063
recoverability_s42,man23,100,0,0,2,True,False,True,0.2159101385234414,0.2159101385234414
recoverability_s42,man23,101,0,0,2,True,False,True,0.27947798170015586,0.27947798170015586
recoverability_s42,man23,102,0,0,2,True,False,True,0.3468613460670419,0.3468613460670419
recoverability_s42,man23,103,0,0,2,True,False,True,0.0,0.0
recoverability_s42,man23,105,0,0,2,True,False,True,0.3182467347533344,0.3182467347533344
recoverability_s42,man23,107,0,0,2,True,False,True,0.2694408181148194,0.2694408181148194
recoverability_s42,man23,108,0,0,2,True,False,True,0.46789732647515375,0.46789732647515375
recoverability_s42,man23,109,0,0,2,True,False,True,0.37679965251717246,0.37679965251717246
recoverability_s42,man23,112,0,0,2,True,False,True,0.5519938726591018,0.5519938726591018
recoverability_s42,man23,113,0,0,2,True,False,True,0.46424884187794413,0.46424884187794413
recoverability_s42,man23,114,0,0,2,True,False,True,0.6603942874474473,0.6603942874474473
recoverability_s42,man23,117,0,0,2,True,False,True,0.4157284600933005,0.4157284600933005
recoverability_s42,man23,118,0,0,2,True,False,True,0.3681550802045929,0.3681550802045929
recoverability_s42,man23,119,0,0,2,True,False,True,0.47665478177637216,0.47665478177637216
recoverability_s42,man23,120,0,0,2,True,False,True,0.5303768172299577,0.5303768172299577
recoverability_s42,man23,121,0,0,2,True,False,True,0.4976505704443934,0.4976505704443934
recoverability_s42,man23,123,0,0,2,True,False,True,0.44248729030847805,0.44248729030847805
recoverability_s42,man23,124,0,0,2,True,False,True,0.5031498677813169,0.5031498677813169
recoverability_s42,man23,125,0,0,2,True,False,True,0.46960433650684136,0.46960433650684136
recoverability_s42,man23,127,0,0,2,True,False,True,0.5635939812338744,0.5635939812338744
recoverability_s42,man23,172,0,1,0,False,False,True,0.784618332752701,0.0
recoverability_s42,man23,173,0,0,2,True,True,True,0.0,0.7631023317498381
recoverability_s42,man23,179,2,0,2,True,False,True,0.7924828343103398,0.0
recoverability_s42,man23,224,0,0,2,True,False,True,0.0,0.0
recoverability_s42,man23,225,0,0,2,True,False,True,0.0,0.0
recoverability_s42,man23,226,0,0,0,False,False,True,0.8220818387989026,0.0
recoverability_s42,man23,227,0,0,0,False,False,True,0.7349286972375155,0.0
recoverability_s42,man23,228,0,0,2,True,False,True,0.0,0.0
recoverability_s42,man23,231,0,0,0,False,False,True,0.9169402587246388,0.0
recoverability_s42,man23,232,0,0,0,False,False,True,0.0,0.8826248016891034
recoverability_s42,man23,240,0,0,2,True,False,True,0.0,0.0
recoverability_s42,man23,241,0,0,2,True,False,True,0.0,0.0
recoverability_s42,man23,243,0,0,2,True,False,True,0.01990366279517203,0.01990366279517203
recoverability_s42,man23,246,0,0,2,True,False,True,0.08775963144980076,0.08775963144980076
recoverability_s42,man23,251,0,0,2,True,False,True,0.3818494509318768,0.3818494509318768
recoverability_s42,man23,252,0,1,2,True,False,True,0.3492870543916954,0.0
recoverability_s42,man23,253,0,1,2,True,False,True,0.0,0.4890853526072865
recoverability_s42,man23,255,0,0,2,True,False,True,0.5457371440383894,0.5457371440383894
recoverability_s42,man23,260,0,0,2,True,False,True,0.12133018687755022,0.12133018687755022
recoverability_s42,man23,261,0,0,2,True,False,True,0.006081246968420879,0.006081246968420879
recoverability_s42,man23,316,0,0,2,True,False,True,0.0,0.0
recoverability_s42,man23,320,2,1,2,True,False,True,0.0,0.0
recoverability_s42,man23,321,0,0,2,True,False,True,0.0,0.0
recoverability_s42,man23,322,2,0,2,True,False,True,0.0,0.18329639625977462
recoverability_s42,man23,323,2,0,2,True,False,True,0.25188784170938033,0.07444364201557313
recoverability_s42,man23,325,2,0,2,True,False,True,0.150635432224399,0.05111486619773473
recoverability_s42,man23,326,0,0,2,True,False,True,0.06937035855602673,0.06937035855602673
recoverability_s42,man23,327,0,0,2,True,False,True,0.09990537299795867,0.09990537299795867
recoverability_s42,man23,328,2,0,2,True,False,True,0.12810454930181303,0.037331613945316686
recoverability_s42,man23,329,0,0,2,True,False,True,0.05475158205718917,0.05475158205718917
recoverability_s42,man23,330,0,0,2,True,False,True,0.08491411924946111,0.08491411924946111
recoverability_s42,man23,331,0,0,2,True,False,True,0.12075062770920261,0.12075062770920261
recoverability_s42,man23,332,2,0,2,True,False,True,0.16413511059748875,0.04664512944234199
recoverability_s42,man23,333,2,0,2,True,False,True,0.0810586278150093,0.03369250626266463
recoverability_s42,man23,334,0,0,2,True,False,True,0.0583557137525399,0.0583557137525399
recoverability_s42,man23,335,0,0,2,True,False,True,0.06987280803773742,0.06987280803773742
recoverability_s42,man23,336,2,0,2,True,False,True,0.1001044806754116,0.03762001425234019
recoverability_s42,man23,337,0,0,2,True,False,True,0.05819405707864366,0.05819405707864366
recoverability_s42,man23,338,2,0,2,True,False,True,0.0802029193549319,0.03666842478804332
recoverability_s42,man23,339,0,0,2,True,False,True,0.0497715737376187,0.0497715737376187
recoverability_s42,man23,340,0,0,2,True,False,True,0.060221338987415954,0.060221338987415954
recoverability_s42,man23,341,0,0,2,True,False,True,0.06972639648744294,0.06972639648744294
recoverability_s42,man23,342,0,0,2,True,False,True,0.07459192585584812,0.07459192585584812
recoverability_s42,man23,343,0,0,2,True,False,True,0.060673874483902566,0.060673874483902566
recoverability_s42,man23,344,2,0,2,True,False,True,0.03708000881370913,0.054914459893167795
recoverability_s42,man23,345,0,0,2,True,False,True,0.061519744452154454,0.061519744452154454
recoverability_s42,man23,346,0,0,2,True,False,True,0.08921493231608608,0.08921493231608608
recoverability_s42,man23,347,2,0,2,True,False,True,0.10668479828054242,0.04960099876539416
recoverability_s42,man23,348,0,0,2,True,False,True,0.060167051740985404,0.060167051740985404
recoverability_s42,man23,349,2,0,2,True,False,True,0.07133533104933334,0.03164716993925058
recoverability_s42,man23,350,0,0,2,True,False,True,0.051455626359400236,0.051455626359400236
recoverability_s42,man23,351,0,0,2,True,False,True,0.05965286573106754,0.05965286573106754
recoverability_s42,man23,352,0,0,2,True,False,True,0.0,0.0
recoverability_s42,man23,353,2,0,2,True,False,True,0.0,0.051983055651773205
recoverability_s42,man23,354,0,0,2,True,False,True,0.07879441653338323,0.07879441653338323
recoverability_s42,man23,355,2,0,2,True,False,True,0.08207507061008296,0.04022618483301284
recoverability_s42,man23,357,0,0,2,True,False,True,0.0630874820981261,0.0630874820981261
recoverability_s42,man23,358,2,0,2,True,False,True,0.0791106261210657,0.0446972330386214
recoverability_s42,man23,360,0,0,2,True,False,True,0.0,0.0
recoverability_s42,man23,361,2,0,2,True,False,True,0.0,0.0549707634617914
recoverability_s42,man23,362,2,0,2,True,False,True,0.0,0.040769807998073636
recoverability_s42,man23,363,0,0,2,True,False,True,0.06136900949508579,0.06136900949508579
recoverability_s42,man23,364,0,0,2,True,False,True,0.01921799500436931,0.01921799500436931
recoverability_s42,man23,365,2,0,2,True,False,True,0.0,0.05218783435083856
recoverability_s42,man23,367,2,0,2,True,False,True,0.0,0.046427556056198804
recoverability_s42,man23,368,0,0,2,True,False,True,0.010162468269718592,0.010162468269718592
recoverability_s42,man23,370,2,0,2,True,False,True,0.0,0.051172729550853224
recoverability_s42,man23,371,0,0,2,True,False,True,0.0,0.0
recoverability_s42,man23,372,2,0,2,True,False,True,0.0,0.04111323016234324
recoverability_s42,man23,374,0,0,2,True,False,True,0.0,0.0
recoverability_s42,man23,376,2,0,2,True,False,True,0.0,0.0
recoverability_s42,man23,380,0,0,2,True,False,True,0.0,0.0
recoverability_s42,man23,381,2,0,2,True,False,True,0.0,0.0
recoverability_s42,man23,383,2,0,2,True,False,True,0.0,0.0
recoverability_s42,man23,386,0,0,2,True,False,True,0.0,0.0
recoverability_s42,man23,387,2,0,2,True,False,True,0.0,0.0
recoverability_s42,man23,389,0,0,2,True,False,True,0.0,0.0
recoverability_s42,man23,391,2,0,2,True,False,True,0.0,0.0
recoverability_s42,man23,393,0,0,2,True,False,True,0.0,0.0
recoverability_s42,man23,394,0,0,2,True,False,True,0.0,0.0
recoverability_s42,man23,395,2,0,2,True,False,True,0.0,0.0
recoverability_s42,man23,396,2,0,2,True,False,True,0.0,0.0
recoverability_s42,man23,398,2,0,2,True,False,True,0.0,0.0
recoverability_s42,man23,400,2,0,2,True,False,True,0.0,0.0
recoverability_s42,man23,402,0,0,2,True,False,True,0.0,0.0
recoverability_s42,man26,289,0,1,2,True,False,True,0.5517855961984663,0.0
recoverability_s42,man26,290,0,0,2,True,False,True,0.0,0.0
recoverability_s42,man26,292,0,1,2,True,False,True,0.0,0.2668481073469151
recoverability_s42,man26,298,0,0,2,True,False,True,0.39192451903208986,0.39192451903208986
recoverability_s42,man26,299,0,0,2,True,False,True,0.2771271467691162,0.2771271467691162
recoverability_s42,man26,300,0,0,2,True,False,True,0.3789400881499304,0.3789400881499304
recoverability_s42,man26,301,0,0,2,True,False,True,0.29030980434902554,0.29030980434902554
recoverability_s42,man26,302,0,0,2,True,False,True,0.22737708343945157,0.22737708343945157
recoverability_s42,man26,303,0,0,2,True,False,True,0.20003394739215466,0.20003394739215466
recoverability_s42,man26,304,0,1,2,True,False,True,0.1379999720857476,0.0
recoverability_s42,man26,305,0,0,2,True,False,True,0.048454840086859574,0.048454840086859574
recoverability_s42,man26,308,0,0,2,True,False,True,0.13507452980519255,0.13507452980519255
recoverability_s42,man28,81,0,0,2,True,False,True,0.3993026969818911,0.3993026969818911
recoverability_s42,man28,86,0,0,2,True,False,True,0.2494597535488505,0.2494597535488505
recoverability_s42,man28,89,0,0,2,True,False,True,0.5393395777634983,0.5393395777634983
recoverability_s42,man28,90,0,0,2,True,False,True,0.43828762210457606,0.43828762210457606
recoverability_s42,man28,91,0,0,2,True,False,True,0.4758006066726409,0.4758006066726409
recoverability_s42,man28,92,0,0,2,True,False,True,0.020605165507410886,0.020605165507410886
recoverability_s42,man28,94,0,0,2,True,False,True,0.5309408104715573,0.5309408104715573
recoverability_s42,man28,95,0,0,2,True,False,True,0.46979718421068156,0.46979718421068156
recoverability_s42,man28,96,0,0,2,True,False,True,0.5710358386169458,0.5710358386169458
recoverability_s42,man28,97,0,0,2,True,False,True,0.5350732490984927,0.5350732490984927
recoverability_s42,man28,98,0,0,2,True,False,True,0.5774012514002749,0.5774012514002749
recoverability_s42,man28,101,0,0,2,True,False,True,0.5714610840846239,0.5714610840846239
recoverability_s42,man28,106,0,0,2,True,False,True,0.5926769879990179,0.5926769879990179
recoverability_s42,man28,107,2,1,2,True,False,True,0.5107717117803033,0.21179694477442002
recoverability_s42,man28,126,0,0,2,True,False,True,0.6721743339687593,0.6721743339687593
recoverability_s42,man28,129,0,0,2,True,False,True,0.407383795286464,0.407383795286464
recoverability_s42,man28,131,0,0,2,True,False,True,0.5462375716390592,0.5462375716390592
recoverability_s42,man28,132,2,2,2,True,False,True,0.4947570983931947,0.22191440941962692
recoverability_s42,man28,133,0,0,2,True,False,True,0.3925653709070153,0.3925653709070153
recoverability_s42,man28,139,0,0,2,True,False,True,0.5649034647119744,0.5649034647119744
recoverability_s42,man28,140,2,0,2,True,False,True,0.5339385478304757,0.3132871281452949
recoverability_s42,man28,142,2,0,2,True,False,True,0.0,0.20919921483867168
recoverability_s42,man28,145,0,0,2,True,False,True,0.4514967785634816,0.4514967785634816
recoverability_s42,man28,146,0,0,2,True,False,True,0.4283081372590552,0.4283081372590552
recoverability_s42,man28,147,2,0,2,True,False,True,0.4230982716216778,0.297844777090926
recoverability_s42,man28,150,2,0,2,True,False,True,0.374143004337705,0.27838112243460417
recoverability_s42,man28,152,0,0,2,True,False,True,0.4443581025690013,0.4443581025690013
recoverability_s42,man28,153,0,0,2,True,False,True,0.4794833304045565,0.4794833304045565
recoverability_s42,man28,154,0,0,2,True,False,True,0.5088989717597802,0.5088989717597802
recoverability_s42,man28,156,2,0,2,True,False,True,0.49812492252915014,0.2906842879859196
recoverability_s42,man28,158,0,0,2,True,False,True,0.5328527645468101,0.5328527645468101
recoverability_s42,man28,159,0,0,2,True,False,True,0.5323921347790737,0.5323921347790737
recoverability_s42,man28,161,0,0,2,True,False,True,0.645994022801592,0.645994022801592
recoverability_s42,man28,164,0,0,2,True,False,True,0.479208527344174,0.479208527344174
recoverability_s42,man28,166,2,0,2,True,False,True,0.7679123762133395,0.48561969612295847
recoverability_s42,man28,167,0,0,2,True,False,True,0.5102548023493845,0.5102548023493845
recoverability_s42,man28,168,0,1,2,True,False,True,0.4329823289706264,0.4633082976327136
recoverability_s42,man28,169,0,0,2,True,False,True,0.59604925359248,0.59604925359248
recoverability_s42,man28,170,0,0,2,True,False,True,0.704771982105118,0.704771982105118
recoverability_s42,man28,172,0,0,2,True,False,True,0.6468958241329205,0.6468958241329205
recoverability_s42,man28,173,0,1,0,False,False,True,0.5802012484933868,0.0
recoverability_s42,man28,176,2,0,2,True,False,True,0.6915900009190067,0.3372805396964059
recoverability_s42,man28,177,0,0,2,True,False,True,0.4584297433785219,0.4584297433785219
recoverability_s42,man28,178,0,1,2,True,False,True,0.46796361431991834,0.0
recoverability_s42,man28,179,0,0,2,True,False,True,0.0,0.0
recoverability_s42,man28,180,0,0,2,True,False,True,0.0,0.0
recoverability_s42,man28,181,0,0,2,True,False,True,0.0011911981518677936,0.0011911981518677936
recoverability_s42,man28,188,0,0,2,True,False,True,0.7789844545786164,0.7789844545786164
recoverability_s42,man28,189,0,0,2,True,False,True,0.7270693763140779,0.7270693763140779
recoverability_s42,man28,190,0,0,2,True,False,True,0.6660876355189213,0.6660876355189213
recoverability_s42,man28,191,0,0,2,True,False,True,0.5584132988385064,0.5584132988385064
recoverability_s42,man28,192,0,0,2,True,False,True,0.49645266010602185,0.49645266010602185
recoverability_s42,man28,194,0,3,0,False,False,True,0.11662026830022795,0.0
recoverability_s42,man28,195,0,1,0,False,False,True,0.0,0.048192356536444624
recoverability_s42,man28,196,2,1,2,True,False,True,0.1670535386902712,0.15918271831547207
recoverability_s42,man28,197,2,0,2,True,False,True,0.2368909672905933,0.0
recoverability_s42,man28,204,0,1,0,False,False,True,0.0,0.19994795804882348
recoverability_s42,man28,205,0,0,2,True,False,True,0.4701399470626246,0.4701399470626246
recoverability_s42,man28,217,0,0,2,True,False,True,0.4732814480464031,0.4732814480464031
recoverability_s42,man28,220,0,0,2,True,False,True,0.45241418088975477,0.45241418088975477
recoverability_s42,man28,222,0,0,2,True,False,True,0.26317658112349873,0.26317658112349873
recoverability_s42,man28,224,0,0,2,True,False,True,0.19921303624859715,0.19921303624859715
recoverability_s42,man28,226,0,0,2,True,False,True,0.21738001379127167,0.21738001379127167
recoverability_s42,man28,227,0,0,2,True,False,True,0.3122309252515386,0.3122309252515386
recoverability_s42,man28,230,2,0,2,True,False,True,0.0807987407301609,0.10958658919781589
recoverability_s42,man28,231,0,0,2,True,False,True,0.12995724695395736,0.12995724695395736
recoverability_s42,man28,232,2,1,2,True,False,True,0.0,0.19558041692000247
recoverability_s42,man28,234,2,3,2,True,False,True,0.0,0.13071111258829923
recoverability_s42,man28,236,2,1,2,True,False,True,0.10089090941447416,0.1220830957946779
recoverability_s42,man28,237,0,0,2,True,False,True,0.1001613045879926,0.1001613045879926
recoverability_s42,man28,238,0,0,2,True,False,True,0.043958764696444226,0.043958764696444226
recoverability_s42,man28,243,2,1,2,True,False,True,0.024924148025303232,0.22792799593725663
recoverability_s42,man28,244,0,0,2,True,False,True,0.22309632900099743,0.22309632900099743
recoverability_s42,man28,245,0,0,2,True,False,True,0.16373658686585724,0.16373658686585724
recoverability_s42,man28,246,2,1,2,True,False,True,0.3096765091343468,0.26502083215706995
recoverability_s42,man28,249,0,0,2,True,False,True,0.408728244762376,0.408728244762376
recoverability_s42,man28,251,0,0,2,True,False,True,0.5935651296572267,0.5935651296572267
recoverability_s42,man28,253,0,1,0,False,False,True,0.4520905527206089,0.08150612229281486
recoverability_s42,man28,273,0,0,2,True,False,True,0.19542111887798078,0.19542111887798078
recoverability_s42,man28,280,0,1,0,False,False,True,0.24040975148248148,0.0
recoverability_s42,man28,282,2,0,2,True,False,True,0.0,0.16879981221231255
recoverability_s42,man28,283,0,0,2,True,False,True,0.1862608931138853,0.1862608931138853
recoverability_s42,man28,296,0,0,2,True,False,True,0.5286197606039416,0.5286197606039416
recoverability_s42,man28,299,0,1,0,False,False,True,0.36492965435909985,0.0
recoverability_s42,man28,300,0,1,0,False,False,True,0.0,0.3891532296427835
recoverability_s42,man28,306,2,1,2,True,False,True,0.4821833736210332,0.24869795991105598
recoverability_s42,man28,307,0,0,2,True,False,True,0.36835491097113426,0.36835491097113426
recoverability_s42,man28,311,0,0,2,True,False,True,0.5960424451927604,0.5960424451927604
recoverability_s42,man28,312,0,0,2,True,False,True,0.6142284007969543,0.6142284007969543
recoverability_s42,man28,324,0,0,2,True,False,True,0.0,0.0
recoverability_s42,man28,327,0,0,0,False,False,True,0.0,0.6822076879757162
recoverability_s42,man28,329,0,0,2,True,False,True,0.0,0.0
recoverability_s42,man28,332,0,0,0,False,False,True,0.0,0.6826147640775747
recoverability_s42,man28,335,0,1,0,False,False,True,0.6690198991642149,0.0
recoverability_s42,man28,338,0,1,0,False,False,True,0.0,0.5895424036452742
recoverability_s42,man28,369,0,0,2,True,False,True,0.7290061317131801,0.7290061317131801
recoverability_s42,man28,405,0,1,0,False,False,True,0.6901574422033528,0.0
recoverability_s42,man28,406,0,0,2,True,False,True,0.0,0.0
recoverability_s42,man28,421,0,1,0,False,False,True,0.0,0.0
recoverability_s42,man28,431,0,0,2,True,False,True,0.0,0.0
recoverability_s42,man28,436,0,0,2,True,False,True,0.0,0.0
recoverability_s42,man28,437,0,0,2,True,False,True,0.0,0.0
recoverability_s42,man28,438,0,0,2,True,False,True,0.0,0.0
recoverability_s42,man28,445,0,0,2,True,False,True,0.0,0.0
recoverability_s42,man28,449,0,0,2,True,False,True,0.0,0.0
recoverability_s42,man28,457,0,0,2,True,False,True,0.0,0.0
recoverability_s42,man29,105,0,0,2,True,False,True,0.15289503374227237,0.15289503374227237
recoverability_s42,man29,106,0,0,0,False,False,True,0.784118035707392,0.28782656603036677
recoverability_s42,man29,129,0,0,2,True,False,True,0.21812048891092584,0.21812048891092584
recoverability_s42,man29,130,0,0,2,True,False,True,0.18957000993422674,0.18957000993422674
recoverability_s42,man29,136,0,1,0,False,False,True,0.030386305379609277,0.47300864218430155
recoverability_s42,man29,138,0,0,2,True,False,True,0.10592639769037297,0.10592639769037297
recoverability_s42,man29,141,0,2,0,False,False,True,0.5027089074089608,0.17571827536842016
recoverability_s42,man29,150,0,2,0,False,False,True,0.0,0.5437540551666907
recoverability_s42,man29,151,0,1,2,True,False,True,0.49825412986348966,0.0
recoverability_s42,man29,152,0,2,2,True,False,True,0.0,0.6310883246490667
recoverability_s42,man29,155,0,0,2,True,False,True,0.0,0.0
recoverability_s42,man29,160,0,0,2,True,False,True,0.5123381607676845,0.5123381607676845
recoverability_s42,man29,161,0,0,2,True,False,True,0.6376037811367066,0.6376037811367066
recoverability_s42,man29,163,0,2,0,False,False,True,0.03985969379821854,0.6555219546605451
recoverability_s42,man29,165,0,0,2,True,False,True,0.060940622571470496,0.060940622571470496
recoverability_s42,man29,167,0,0,2,True,False,True,0.046566134873775165,0.046566134873775165
recoverability_s42,man29,168,0,0,2,True,False,True,0.07303429931025866,0.07303429931025866
recoverability_s42,man29,170,0,0,2,True,False,True,0.45212511508753656,0.45212511508753656
recoverability_s42,man29,171,0,0,2,True,False,True,0.06469354770173165,0.06469354770173165
recoverability_s42,man29,179,0,1,2,True,False,True,0.03852097793372818,0.5099438076531444
recoverability_s42,man29,180,0,0,2,True,False,True,0.007023962268744075,0.007023962268744075
recoverability_s42,man29,183,0,0,2,True,False,True,0.2902897472066414,0.2902897472066414
recoverability_s42,man29,192,0,1,0,False,False,True,0.0,0.6410647011484542
recoverability_s42,man29,193,0,0,0,False,False,True,0.6243692327399837,0.0
recoverability_s42,man29,194,0,1,0,False,False,True,0.0,0.6414764389729952
recoverability_s42,man29,195,0,0,2,True,False,True,0.5937599297007504,0.5937599297007504
recoverability_s42,man29,196,0,0,0,False,False,True,0.5277154537142367,0.01616304728613971
recoverability_s42,man29,198,0,0,2,True,False,True,0.0,0.0
recoverability_s42,man29,252,0,0,0,False,True,True,0.5838588711941629,0.5838588711941629
recoverability_s42,man3,1019,2,0,2,True,False,True,0.5663215171397343,0.6279471238796954
recoverability_s42,man3,2109,0,0,2,True,False,True,0.8219919570055496,0.8219919570055496
recoverability_s42,man3,3519,0,0,0,False,True,True,0.7834707827392532,0.7834707827392532
recoverability_s42,man3,3520,0,0,0,False,True,True,0.8464941797536628,0.8464941797536628
recoverability_s42,man3,3598,0,0,2,True,False,True,0.42548245579740024,0.42548245579740024
recoverability_s42,man3,3599,0,0,2,True,False,True,0.5034549074646539,0.5034549074646539
recoverability_s42,man3,3600,0,1,2,True,False,True,0.5776226151546304,0.1663427111720291
recoverability_s42,man3,3602,0,0,2,True,False,True,0.6083857801734965,0.6083857801734965
recoverability_s42,man4,20,0,1,2,True,False,True,0.4010809027897479,0.0
recoverability_s42,man4,22,0,1,2,True,False,True,0.0,0.16291742714916135
recoverability_s42,man4,24,2,0,2,True,False,True,0.10987490807454159,0.0
recoverability_s42,man4,25,2,1,2,True,False,True,0.0,0.0
recoverability_s42,man4,26,0,0,2,True,False,True,0.0,0.0
recoverability_s42,man4,27,0,1,2,True,False,True,0.0,0.4901512625990413
recoverability_s42,man45,24,0,1,2,True,False,True,0.635508113326458,0.0
recoverability_s42,man45,25,0,0,0,False,False,True,0.0,0.6112119818121975
recoverability_s42,man45,26,0,0,2,True,False,True,0.5969970832366396,0.5969970832366396
recoverability_s42,man45,28,0,0,2,True,False,True,0.6881687097479473,0.6881687097479473
recoverability_s42,man45,29,0,0,2,True,False,True,0.7147694680318412,0.7147694680318412
recoverability_s42,man45,31,0,0,2,True,False,True,0.062079133096882906,0.062079133096882906
recoverability_s42,man45,34,0,0,2,True,False,True,0.49416649276592767,0.49416649276592767
recoverability_s42,man45,36,0,0,2,True,False,True,0.5488312281387591,0.5488312281387591
recoverability_s42,man45,39,0,0,2,True,False,True,0.647427932263939,0.647427932263939
recoverability_s42,man45,71,0,0,2,True,False,True,0.6217321287001908,0.6217321287001908
recoverability_s42,man45,72,0,0,2,True,False,True,0.7119334099152456,0.7119334099152456
recoverability_s42,man45,74,0,0,2,True,False,True,0.6982613823971231,0.6982613823971231
recoverability_s42,man45,76,0,0,2,True,False,True,0.6912114250506464,0.6912114250506464
recoverability_s42,man45,89,0,0,2,True,False,True,0.7135650532382034,0.7135650532382034
recoverability_s42,man45,90,0,1,0,False,False,True,0.8900641557438175,0.0
recoverability_s42,man45,92,0,2,2,True,False,True,0.0,0.7477303975434197
recoverability_s42,man45,95,0,0,2,True,False,True,0.7303725739316618,0.7303725739316618
recoverability_s42,man45,142,0,0,2,True,False,True,0.48786987879913196,0.48786987879913196
recoverability_s42,man45,143,0,0,2,True,False,True,0.5177378735789455,0.5177378735789455
recoverability_s42,man45,153,0,0,2,True,False,True,0.6996335634927398,0.6996335634927398
recoverability_s42,man45,154,0,0,2,True,False,True,0.6592176932261216,0.6592176932261216
recoverability_s42,man45,155,0,0,2,True,False,True,0.7744011113933624,0.7744011113933624
recoverability_s42,man45,156,0,0,2,True,False,True,0.617289481530599,0.617289481530599
recoverability_s42,man45,157,0,0,2,True,False,True,0.539385873353441,0.539385873353441
recoverability_s42,man45,160,0,0,2,True,False,True,0.7213854148782517,0.7213854148782517
recoverability_s42,man45,162,0,0,2,True,False,True,0.41615869667759753,0.41615869667759753
recoverability_s42,man45,163,0,1,2,True,False,True,0.30567202677520944,0.0
recoverability_s42,man45,167,0,1,0,False,False,True,0.0,0.6333213748059316
recoverability_s42,man45,186,0,1,0,False,False,True,0.7074208684864812,0.0
recoverability_s42,man45,187,0,0,2,True,False,True,0.0,0.0
recoverability_s42,man45,188,0,0,2,True,False,True,0.0,0.0
recoverability_s42,man45,190,0,0,2,True,False,True,0.0,0.0
recoverability_s42,man45,192,2,1,2,True,False,True,0.0,0.3757096757966929
recoverability_s42,man45,225,0,0,2,True,False,True,0.6011521271659027,0.6011521271659027
recoverability_s42,man45,229,0,0,2,True,False,True,0.6828517713101488,0.6828517713101488
recoverability_s42,man45,255,2,0,2,True,False,True,0.7742644802331354,0.0
recoverability_s42,man45,256,2,1,2,True,False,True,0.0,0.0
recoverability_s42,man45,257,0,0,2,True,False,True,0.0,0.0
recoverability_s42,man45,258,0,0,2,True,False,True,0.0,0.0
recoverability_s42,man45,259,0,0,2,True,False,True,0.0,0.0
recoverability_s42,man45,260,2,2,2,True,False,True,0.0,0.0
recoverability_s42,man45,261,0,0,2,True,False,True,0.0,0.0
recoverability_s42,man5,228,0,0,2,True,False,True,0.8500167090772751,0.8500167090772751
recoverability_s42,man55,483,0,1,0,False,False,True,0.1551905205263558,0.30352036920405095
recoverability_s42,man69,56,0,0,2,True,False,True,0.5136368673036843,0.5136368673036843
recoverability_s42,man69,64,0,0,2,True,False,True,0.6468660740183019,0.6468660740183019
recoverability_s42,man69,74,0,0,2,True,False,True,0.6390081834889142,0.6390081834889142
recoverability_s42,man69,75,0,0,2,True,False,True,0.5742727275255785,0.5742727275255785
recoverability_s42,man69,76,0,0,2,True,False,True,0.6837298552749778,0.6837298552749778
recoverability_s42,man69,80,0,0,2,True,False,True,0.5320623509740672,0.5320623509740672
recoverability_s42,man69,81,0,0,2,True,False,True,0.48359083317299245,0.48359083317299245
recoverability_s42,man69,83,0,0,2,True,False,True,0.5353535129290048,0.5353535129290048
recoverability_s42,man69,88,0,0,2,True,False,True,0.6385862889100198,0.6385862889100198
recoverability_s42,man69,92,0,0,2,True,False,True,0.6814522301082111,0.6814522301082111
recoverability_s42,man69,102,0,0,2,True,False,True,0.5626175554943685,0.5626175554943685
recoverability_s42,man69,103,2,0,2,True,False,True,0.5520781179247587,0.32586851397022726
recoverability_s42,man69,106,0,0,2,True,False,True,0.5869082016700802,0.5869082016700802
recoverability_s42,man69,107,0,0,2,True,False,True,0.6035185377951535,0.6035185377951535
recoverability_s42,man7,1295,0,1,0,False,False,True,0.4297208875889945,0.0
recoverability_s42,man7,1302,0,1,0,False,False,True,0.0,0.4127832852347288
recoverability_s42,man7,1304,0,0,0,False,False,True,0.48516420476433547,0.0
recoverability_s42,man7,1305,0,0,2,True,False,True,0.0,0.0
recoverability_s42,man7,1491,0,1,0,False,False,True,0.0,0.789306718149964
recoverability_s42,man7,1492,2,1,2,True,False,True,0.7871521899203181,0.0
recoverability_s42,man7,1494,0,1,0,False,False,True,0.0,0.8281477474431793
recoverability_s42,man7,1495,0,1,0,False,False,True,0.782594922650413,0.0
recoverability_s42,man7,1496,2,1,2,True,False,True,0.0,0.0
recoverability_s42,man7,1499,0,1,0,False,False,True,0.0,0.8575333534954909
recoverability_s42,man7,1500,0,0,2,True,False,True,0.8459708435002425,0.0
recoverability_s42,man7,1503,0,1,0,False,False,True,0.0,0.8562643442430281
recoverability_s42,man7,1504,0,1,2,True,False,True,0.7757649808390219,0.0
recoverability_s42,man7,1505,0,1,0,False,False,True,0.0,0.7488817818457787
recoverability_s42,man7,1506,0,1,0,False,False,True,0.793880594599343,0.0
recoverability_s42,man7,1507,0,0,0,False,False,True,0.0,0.7679140546130939
recoverability_s42,man7,1508,0,1,2,True,False,True,0.7692729907984107,0.0
recoverability_s42,man7,1509,0,0,0,False,False,True,0.0,0.8293383722017427
recoverability_s42,man7,1510,0,1,0,False,False,True,0.8100247718526384,0.0
recoverability_s42,man7,1511,0,1,0,False,False,True,0.0,0.8034401783388327
recoverability_s42,man7,1513,0,1,0,False,False,True,0.8390724179347717,0.0
recoverability_s42,man7,1514,0,1,0,False,False,True,0.0,0.7886904976472425
recoverability_s42,man7,1515,0,0,0,False,False,True,0.7294398143782184,0.0
recoverability_s42,man7,1517,0,0,0,False,False,True,0.0,0.9041591026969065
recoverability_s42,man7,1518,0,0,0,False,False,True,0.9335138929321398,0.0
recoverability_s42,man7,1519,0,0,0,False,False,True,0.0,0.8629908466764585
recoverability_s42,man7,1520,0,0,2,True,False,True,0.8136001278062628,0.0
recoverability_s42,man7,1521,0,0,0,False,False,True,0.0,0.7308193992309755
recoverability_s42,man7,1524,0,0,0,False,False,True,0.0,0.8535887670250053
recoverability_s42,man7,1543,0,0,2,True,False,True,0.8427362877660403,0.8427362877660403
recoverability_s42,man7,1553,0,0,2,True,False,True,0.16887863881630777,0.16887863881630777
recoverability_s42,man7,1558,0,0,2,True,False,True,0.0,0.0
recoverability_s42,man7,1560,0,0,2,True,False,True,0.0,0.0
recoverability_s42,man7,1575,0,1,0,False,False,True,0.0,0.0
recoverability_s42,man7,1577,0,1,0,False,False,True,0.0,0.0
recoverability_s42,man7,1584,0,1,0,False,False,True,0.0,0.0
recoverability_s42,man7,1586,0,1,0,False,False,True,0.44107723611759553,0.0
recoverability_s42,man7,1598,0,1,0,False,False,True,0.0,0.0
recoverability_s42,man7,1602,0,1,0,False,False,True,0.0,0.0
recoverability_s42,man7,1617,0,0,2,True,False,True,0.0,0.0
recoverability_s42,man7,1621,0,0,2,True,False,True,0.0,0.0
recoverability_s42,man7,1625,0,1,0,False,False,True,0.0,0.0
recoverability_s42,man7,1708,0,1,0,False,False,True,0.0,0.0
recoverability_s42,man7,1709,0,0,0,False,False,True,0.48945774726314945,0.0
recoverability_s42,man7,1746,0,1,0,False,False,True,0.0,0.8346441698532242
recoverability_s42,man7,1747,0,0,0,False,False,True,0.8955332078352533,0.0
recoverability_s42,man7,1774,0,0,0,False,False,True,0.7682961893872774,0.0
recoverability_s42,man7,1777,0,0,2,True,False,True,0.7404349468485704,0.7404349468485704
recoverability_s42,man7,1796,0,0,2,True,False,True,0.716297932031755,0.716297932031755
recoverability_s42,man7,1812,0,0,0,False,False,True,0.05588099690674296,0.78099984719987
recoverability_s42,man7,1817,2,0,2,True,False,True,0.7691139272058091,0.04636210606999686
recoverability_s42,man7,1826,0,0,0,False,False,True,0.00941186996200181,0.7112074755544399
recoverability_s42,man7,1835,0,0,0,False,False,True,0.10246717284838644,0.6787414790312082
recoverability_s42,man7,1855,0,0,2,True,False,True,0.6640574090173091,0.6640574090173091
recoverability_s42,man7,1988,0,1,0,False,False,True,0.21065348818093918,0.0
recoverability_s42,man7,2021,0,0,0,False,False,True,0.09052928998389545,0.7434268785192885
recoverability_s42,man7,2023,2,0,2,True,False,True,0.14429531955572242,0.05743500411974357
recoverability_s42,man7,2028,2,0,2,True,False,True,0.7748708459823117,0.0465616820721995
recoverability_s42,man7,2029,0,0,2,True,False,True,0.8036341961437576,0.8036341961437576
recoverability_s42,man7,2033,2,0,2,True,False,True,0.84198825727903,0.0908814371332497
recoverability_s42,man7,2044,0,0,0,False,False,True,0.7560626268255385,0.0
recoverability_s42,man7,2048,0,1,0,False,False,True,0.0,0.0
recoverability_s42,man7,2050,0,2,0,False,False,True,0.0,0.0
recoverability_s42,man7,2052,0,0,0,False,False,True,0.0,0.7665895315037032
recoverability_s42,man7,2054,0,0,0,False,False,True,0.0,0.8621504562711673
recoverability_s42,man7,2056,0,0,0,False,False,True,0.0,0.8619355661563335
recoverability_s42,man7,2059,0,1,0,False,False,True,0.8661241656016655,0.0
recoverability_s42,man7,2065,0,0,0,False,False,True,0.0,0.7527987301534532
recoverability_s42,man7,2066,0,0,0,False,False,True,0.7607149700995854,0.0
recoverability_s42,man7,2067,0,0,0,False,False,True,0.0,0.8056019869624916
recoverability_s42,man7,2070,0,0,0,False,False,True,0.0,0.8027440852642344
recoverability_s42,man7,2071,0,1,0,False,False,True,0.9217755760592319,0.0
recoverability_s42,man7,2072,0,1,0,False,False,True,0.0,0.9049935381284825
recoverability_s42,man7,2073,0,1,0,False,False,True,0.8806783697994798,0.0
recoverability_s42,man7,2074,0,1,0,False,False,True,0.0,0.9055034556014927
recoverability_s42,man7,2075,0,1,0,False,False,True,0.8646406330426474,0.0
recoverability_s42,man7,2106,0,1,0,False,False,True,0.0,0.8480570629889422
recoverability_s42,man7,2107,0,0,0,False,False,True,0.8426272304833405,0.0
recoverability_s42,man7,2110,0,1,0,False,False,True,0.0,0.8553019015300214
recoverability_s42,man7,2111,0,1,0,False,False,True,0.8923115713054341,0.0
recoverability_s42,man7,2119,0,1,0,False,False,True,0.9039696088686395,0.0
recoverability_s42,man7,2154,0,1,0,False,False,True,0.7133606755172149,0.0
recoverability_s42,man7,2155,0,1,0,False,False,True,0.0,0.7014634116794766
recoverability_s42,man7,2165,0,0,2,True,False,True,0.07559678885455254,0.07559678885455254
recoverability_s42,man7,2168,0,1,0,False,False,True,0.0,0.0
recoverability_s42,man7,2178,0,0,2,True,False,True,0.0,0.0
recoverability_s42,man7,2192,2,0,2,True,False,True,0.0,0.0
recoverability_s42,man7,2193,0,0,2,True,False,True,0.0,0.0
recoverability_s42,man7,2195,2,3,2,True,False,True,0.0,0.0
recoverability_s42,man7,2197,0,1,0,False,False,True,0.0,0.0
recoverability_s42,man7,2243,0,0,0,False,False,True,0.0,0.0
recoverability_s42,man7,2254,0,2,0,False,False,True,0.0,0.0
recoverability_s42,man7,2256,0,0,0,False,False,True,0.0,0.0
recoverability_s42,man7,2257,0,0,0,False,False,True,0.0,0.0
recoverability_s42,man7,2258,0,0,0,False,False,True,0.0,0.0
recoverability_s42,man7,2259,0,0,0,False,False,True,0.0,0.0
recoverability_s42,man7,2260,0,0,0,False,False,True,0.0,0.0
recoverability_s42,man7,2261,0,0,0,False,False,True,0.0,0.0
recoverability_s42,man7,2262,0,0,0,False,False,True,0.0,0.0
recoverability_s42,man7,2263,0,1,0,False,False,True,0.0,0.0
recoverability_s42,man7,2264,0,0,0,False,False,True,0.0,0.0
recoverability_s42,man7,2265,0,0,0,False,False,True,0.0,0.0
recoverability_s42,man7,2266,0,0,0,False,False,True,0.0,0.0
recoverability_s42,man7,2301,0,1,0,False,False,True,0.0,0.0
recoverability_s42,man7,2304,0,0,0,False,False,True,0.0,0.0
recoverability_s42,man7,2306,2,1,2,True,False,True,0.0,0.0
recoverability_s42,man7,2309,2,1,2,True,False,True,0.0,0.0
recoverability_s42,man7,2311,0,1,0,False,False,True,0.0,0.0
recoverability_s42,man7,2317,2,2,2,True,False,True,0.0,0.0
recoverability_s42,man7,2319,2,2,2,True,False,True,0.0,0.0
recoverability_s42,man7,2385,0,0,0,False,False,True,0.0,0.0
recoverability_s42,man7,2389,0,0,2,True,False,True,0.0,0.0
recoverability_s42,man7,2497,0,1,0,False,False,True,0.0,0.0
recoverability_s42,man7,2501,0,0,0,False,False,True,0.0,0.0
recoverability_s42,man7,2510,0,0,0,False,False,True,0.0,0.0
recoverability_s42,man7,2512,0,0,0,False,False,True,0.0,0.0
recoverability_s42,man7,2520,0,1,0,False,False,True,0.0,0.0
recoverability_s42,man7,2522,0,1,0,False,False,True,0.0,0.0
recoverability_s42,man7,2523,0,0,0,False,False,True,0.0,0.0
recoverability_s42,man7,2525,0,1,0,False,False,True,0.0,0.0
recoverability_s42,man7,2616,0,0,0,False,False,True,0.0,0.0
recoverability_s42,man7,2618,0,1,0,False,False,True,0.0,0.0
recoverability_s42,man7,2621,0,0,2,True,False,True,0.0,0.0
recoverability_s42,man7,2623,0,1,0,False,False,True,0.0,0.0
recoverability_s42,man7,2633,0,2,0,False,False,True,0.0,0.0
recoverability_s42,man7,2634,0,0,0,False,False,True,0.0,0.0
recoverability_s42,man7,2684,0,1,0,False,False,True,0.0,0.0
recoverability_s42,man7,2689,0,1,0,False,False,True,0.0,0.0
recoverability_s42,man7,2696,0,1,0,False,False,True,0.0,0.0
recoverability_s42,man7,2718,0,1,0,False,False,True,0.0,0.0
recoverability_s42,man7,2720,0,1,0,False,False,True,0.0,0.0
recoverability_s42,man7,2724,0,1,0,False,False,True,0.0,0.0
recoverability_s42,man7,2726,0,1,0,False,False,True,0.0,0.0
recoverability_s42,man7,2734,0,1,0,False,False,True,0.0,0.0
recoverability_s42,man7,2736,0,1,0,False,False,True,0.0,0.0
recoverability_s42,man7,2737,0,0,0,False,False,True,0.0,0.0
recoverability_s42,man7,2742,0,2,0,False,False,True,0.0,0.0
recoverability_s42,man7,2745,0,0,0,False,False,True,0.0,0.0
recoverability_s42,man7,2747,0,2,0,False,False,True,0.0,0.0
recoverability_s42,man7,2750,0,1,0,False,False,True,0.0,0.0
recoverability_s42,man7,2752,0,1,0,False,False,True,0.0,0.0
recoverability_s42,man7,2754,0,1,0,False,False,True,0.0,0.0
recoverability_s42,man7,2755,0,1,0,False,False,True,0.0,0.0
recoverability_s42,man7,2758,0,0,0,False,False,True,0.0,0.0
recoverability_s42,man7,2770,0,0,0,False,False,True,0.0,0.0
recoverability_s42,man7,2784,0,1,0,False,False,True,0.0,0.0
recoverability_s42,man7,2796,0,0,0,False,False,True,0.0,0.0
recoverability_s42,man7,2798,0,1,0,False,False,True,0.0,0.0
recoverability_s42,man7,2800,0,1,0,False,False,True,0.0,0.0
recoverability_s42,man7,2802,0,1,0,False,False,True,0.0,0.0
recoverability_s42,man7,2808,0,1,0,False,False,True,0.0,0.0
recoverability_s42,man7,2812,0,1,0,False,False,True,0.0,0.0
recoverability_s42,man7,2815,0,1,0,False,False,True,0.0,0.0
recoverability_s42,man7,2819,0,0,0,False,False,True,0.0,0.0
recoverability_s42,man7,2821,0,0,0,False,False,True,0.0,0.0
recoverability_s42,man7,2823,0,1,0,False,False,True,0.0,0.0
recoverability_s42,man7,2825,0,0,0,False,False,True,0.0,0.0
recoverability_s42,man7,2827,0,0,0,False,False,True,0.0,0.0
recoverability_s42,man7,2829,0,1,0,False,False,True,0.0,0.0
recoverability_s42,man7,2837,0,1,0,False,False,True,0.0,0.0
recoverability_s42,man7,2840,0,0,0,False,False,True,0.0,0.0
recoverability_s42,man7,2842,0,0,0,False,False,True,0.0,0.0
recoverability_s42,man7,2843,0,0,0,False,False,True,0.0,0.0
recoverability_s42,man7,2845,0,0,0,False,False,True,0.0,0.0
recoverability_s42,man7,2847,0,0,0,False,False,True,0.0,0.0
recoverability_s42,man7,2848,0,0,0,False,False,True,0.0,0.0
recoverability_s42,man7,2850,0,0,0,False,False,True,0.0,0.0
recoverability_s42,man7,2852,0,1,0,False,False,True,0.0,0.0
recoverability_s42,man7,2854,0,1,0,False,False,True,0.0,0.0
recoverability_s42,man7,2856,0,1,0,False,False,True,0.0,0.0
recoverability_s42,man7,2858,0,2,0,False,False,True,0.0,0.0
recoverability_s42,man7,2862,0,0,0,False,False,True,0.0,0.0
recoverability_s42,man7,2910,0,1,0,False,False,True,0.0,0.0
recoverability_s42,man7,2911,0,1,0,False,False,True,0.623732026530546,0.0
recoverability_s42,man7,2912,0,1,0,False,False,True,0.0,0.028057230194398413
recoverability_s42,man7,2914,0,1,0,False,False,True,0.5437340534689032,0.0
recoverability_s42,man7,2915,0,1,0,False,False,True,0.0,0.33540536146199623
recoverability_s42,man7,2916,0,0,0,False,False,True,0.7985407342166194,0.0
recoverability_s42,man7,2921,0,1,0,False,False,True,0.0,0.7046137989042881
recoverability_s42,man7,2922,0,0,0,False,False,True,0.7536214770904506,0.0
recoverability_s42,man7,2923,0,1,0,False,False,True,0.0,0.8727521245102993
recoverability_s42,man7,2934,0,0,0,False,False,True,0.6991899174123358,0.0
recoverability_s42,man7,2935,0,1,0,False,False,True,0.0,0.7222368468899281
recoverability_s42,man7,2936,0,0,0,False,False,True,0.6524630249356502,0.0
recoverability_s42,man7,2944,0,0,0,False,False,True,0.6336025127227922,0.0
recoverability_s42,man7,2946,0,0,2,True,False,True,0.0,0.0
recoverability_s42,man7,2947,0,0,0,False,False,True,0.0,0.6173409794884532
recoverability_s42,man7,2949,0,0,0,False,False,True,0.4462883724633598,0.0
recoverability_s42,man7,2950,0,1,0,False,False,True,0.0,0.7011225063648808
recoverability_s42,man7,2953,0,0,2,True,False,True,0.0,0.0
recoverability_s42,man7,2961,0,0,2,True,False,True,0.0,0.0
recoverability_s42,man7,2974,0,0,2,True,False,True,0.013768370855696762,0.013768370855696762
recoverability_s42,man7,2977,2,0,2,True,False,True,0.08359272668968448,0.6076179831997665
recoverability_s42,man7,2978,0,0,2,True,False,True,0.06637449472663907,0.06637449472663907
recoverability_s42,man7,3007,0,0,2,True,False,True,0.05763031981434877,0.05763031981434877
recoverability_s42,man7,3012,0,0,2,True,False,True,0.808383242766021,0.808383242766021
recoverability_s42,man7,3023,0,0,0,False,False,True,0.8467960433937812,0.0
recoverability_s42,man7,3030,0,1,0,False,False,True,0.9488277845057829,0.0
recoverability_s42,man7,3032,0,1,0,False,False,True,0.0,0.8976697515730215
recoverability_s42,man7,3039,0,1,0,False,False,True,0.842072368346005,0.0
recoverability_s42,man7,3041,0,1,2,True,False,True,0.0,0.8669963045339409
recoverability_s42,man7,3042,0,1,0,False,False,True,0.898553795292722,0.0
recoverability_s42,man7,3043,0,0,2,True,False,True,0.0,0.8775770328268374
recoverability_s42,man7,3044,0,1,0,False,False,True,0.9126730029033799,0.0
recoverability_s42,man7,3045,0,1,0,False,False,True,0.0,0.8079075098156816
recoverability_s42,man7,3117,0,1,0,False,False,True,0.8838743462985788,0.0
recoverability_s42,man7,3125,0,1,0,False,False,True,0.8747212504800439,0.0
recoverability_s42,man7,3140,0,1,0,False,False,True,0.7859029713670348,0.0
recoverability_s42,man7,3142,0,1,0,False,False,True,0.9009255851688426,0.12452349459441714
recoverability_s42,man7,3152,0,0,0,False,False,True,0.8466809326727215,0.0
recoverability_s42,man7,3154,0,0,0,False,False,True,0.8109600800371368,0.0
recoverability_s42,man7,3160,0,1,0,False,False,True,0.8320887452679911,0.0
recoverability_s42,man7,3162,0,0,0,False,False,True,0.8199897295825772,0.0
recoverability_s42,man7,3165,0,1,0,False,False,True,0.7869913374822604,0.0
recoverability_s42,man7,3168,0,0,0,False,False,True,0.8602835573048595,0.0
recoverability_s42,man7,3170,0,0,0,False,False,True,0.8084975500538749,0.0
recoverability_s42,man7,3172,0,1,0,False,False,True,0.767621255362807,0.0
recoverability_s42,man7,3174,0,1,0,False,False,True,0.9035364075655129,0.0
recoverability_s42,man7,3176,0,1,0,False,False,True,0.8894601979679669,0.0
recoverability_s42,man7,3181,0,1,0,False,False,True,0.8331371116192919,0.0
recoverability_s42,man7,3183,0,1,0,False,False,True,0.8185691387259071,0.0
recoverability_s42,man7,3186,0,1,0,False,False,True,0.8138512936853339,0.0
recoverability_s42,man7,3188,0,1,0,False,False,True,0.8622887468720538,0.0
recoverability_s42,man7,3191,0,1,0,False,False,True,0.8595725268652543,0.0
recoverability_s42,man7,3194,0,2,0,False,False,True,0.9009553927897159,0.0
recoverability_s42,man7,3196,2,0,2,True,True,True,0.9164424349983477,0.0
recoverability_s42,man7,3241,0,0,0,False,False,True,0.0,0.7912139889334334
recoverability_s42,man7,4100,0,0,0,False,False,True,0.0,0.7237400993532365
recoverability_s42,man7,4103,0,0,0,False,False,True,0.0,0.7240240765857184
recoverability_s42,man7,4105,0,0,2,True,False,True,0.6742533300659066,0.6742533300659066
recoverability_s42,man8,238,0,0,2,True,False,True,0.8025289330457258,0.8025289330457258
recoverability_s42,man8,320,0,0,2,True,False,True,0.8477587994185217,0.8477587994185217
recoverability_s42,man8,654,0,0,2,True,False,True,0.43738580423376106,0.43738580423376106
recoverability_s42,man8,655,0,0,2,True,False,True,0.46782335600002584,0.46782335600002584
recoverability_s42,man8,660,0,0,2,True,False,True,0.6729247138187572,0.6729247138187572
recoverability_s42,man8,663,0,0,2,True,False,True,0.6461208756512868,0.6461208756512868
recoverability_s42,man8,664,0,0,2,True,False,True,0.6519196143987795,0.6519196143987795
recoverability_s42,man8,666,0,0,2,True,False,True,0.5262941015095913,0.5262941015095913
recoverability_s42,man8,669,0,0,2,True,False,True,0.7645667520813522,0.7645667520813522
recoverability_s42,man8,670,0,0,2,True,False,True,0.6928265850445292,0.6928265850445292
recoverability_s42,man8,671,0,0,2,True,False,True,0.7478665238456742,0.7478665238456742
recoverability_s42,man8,672,0,0,2,True,False,True,0.6924830246388519,0.6924830246388519
recoverability_s42,man8,674,0,0,2,True,False,True,0.7122375643831479,0.7122375643831479
recoverability_s42,man8,675,2,1,2,True,False,True,0.6210071496393159,0.6212802573638527
recoverability_s42,man8,783,0,0,2,True,False,True,0.595722241495948,0.595722241495948
recoverability_s42,man8,1021,0,0,2,True,False,True,0.7500568313143466,0.7500568313143466
recoverability_s42,man8,1022,0,0,2,True,False,True,0.8703924711556708,0.8703924711556708
recoverability_s42,man8,1023,0,0,2,True,False,True,0.8520667270570343,0.8520667270570343
recoverability_s42,man8,1024,0,0,2,True,False,True,0.5976326162649995,0.5976326162649995
recoverability_s42,man8,1025,0,0,2,True,False,True,0.44352298644127625,0.44352298644127625
recoverability_s42,man8,1026,0,0,2,True,False,True,0.3187686653249741,0.3187686653249741
recoverability_s42,man8,1027,0,0,2,True,False,True,0.16976735309307625,0.16976735309307625
recoverability_s42,man8,1028,0,0,2,True,False,True,0.13081235959757725,0.13081235959757725
recoverability_s42,man8,1029,2,0,2,True,False,True,0.0,0.8954134414082265
recoverability_s42,man8,1032,0,1,0,False,False,True,0.8853058614800775,0.0
recoverability_s42,man8,1033,0,1,2,True,False,True,0.0,0.7406296640965222
recoverability_s42,man8,1035,2,1,2,True,False,True,0.04773649288187887,0.6685836123065834
recoverability_s42,man8,1040,0,1,0,False,False,True,0.7870959270378545,0.0
recoverability_s42,man8,1041,2,0,2,True,False,True,0.0,0.922338377946189
recoverability_s42,man8,1056,2,1,2,True,False,True,0.6738440856874587,0.4733992108682261
recoverability_s42,man8,1059,0,1,0,False,False,True,0.7517389890153071,0.0
recoverability_s42,man8,1060,2,0,2,True,False,True,0.0,0.8553576483744179
recoverability_s42,man8,1061,0,1,0,False,False,True,0.7287147185463206,0.0
recoverability_s42,man8,1062,0,0,2,True,False,True,0.0,0.0
recoverability_s42,man8,1063,0,0,2,True,False,True,0.0,0.0
recoverability_s42,man8,1064,0,0,2,True,False,True,0.0,0.0
recoverability_s42,man8,1065,0,0,2,True,False,True,0.0,0.0
recoverability_s42,man8,1066,0,1,0,False,False,True,0.0,0.6579915379201174
recoverability_s42,man8,1326,0,0,2,True,False,True,0.5529555972530817,0.5529555972530817
recoverability_s42,man8,1328,0,0,2,True,False,True,0.5509474906959745,0.5509474906959745
recoverability_s42,man8,1330,0,0,2,True,False,True,0.6255089597018749,0.6255089597018749
recoverability_s42,man8,1331,0,0,2,True,False,True,0.5770619654535551,0.5770619654535551
recoverability_s42,man8,1340,0,0,2,True,False,True,0.6402085819918186,0.6402085819918186
recoverability_s42,man8,1342,0,0,2,True,False,True,0.7816896508054119,0.7816896508054119
recoverability_s42,man8,1370,0,0,2,True,False,True,0.539257502474095,0.539257502474095
recoverability_s42,man8,1375,0,0,2,True,False,True,0.5790214950052215,0.5790214950052215
recoverability_s42,man8,1404,0,1,0,False,False,True,0.6825952887863038,0.0
recoverability_s42,man8,1407,0,0,2,True,False,True,0.0,0.0
recoverability_s42,man8,1412,0,0,2,True,False,True,0.09439639287581815,0.09439639287581815
recoverability_s42,man8,1425,0,0,2,True,False,True,0.7825103153418497,0.7825103153418497
recoverability_s42,man8,1651,0,0,2,True,False,True,0.6281904947750603,0.6281904947750603
recoverability_s42,man8,1659,0,0,2,True,False,True,0.7518330515388951,0.7518330515388951
recoverability_s42,man8,1660,0,0,2,True,False,True,0.6197370426928244,0.6197370426928244
recoverability_s42,man8,1663,0,0,2,True,False,True,0.2845898262154944,0.2845898262154944
recoverability_s42,man8,1664,2,0,2,True,False,True,0.3218755549743808,0.640624015943566
recoverability_s42,man8,1665,0,0,2,True,False,True,0.2116731729267943,0.2116731729267943
recoverability_s42,man8,1666,0,0,2,True,False,True,0.36556905730556355,0.36556905730556355
recoverability_s42,man8,1667,2,0,2,True,False,True,0.4288567676423699,0.5407637290712493
recoverability_s42,man8,1669,0,0,2,True,False,True,0.3934619873557147,0.3934619873557147
recoverability_s42,man8,1670,0,0,2,True,False,True,0.4265323007072331,0.4265323007072331
recoverability_s42,man8,1671,0,0,2,True,False,True,0.44475874738283466,0.44475874738283466
recoverability_s42,man8,1673,0,0,2,True,False,True,0.5536918766936882,0.5536918766936882
recoverability_s42,man8,1674,0,0,2,True,False,True,0.57105515839358,0.57105515839358
recoverability_s42,man8,1676,0,0,2,True,False,True,0.6815599728918506,0.6815599728918506
recoverability_s42,man8,1679,0,0,2,True,False,True,0.5759434209312958,0.5759434209312958
recoverability_s42,man8,1681,0,0,2,True,False,True,0.6734080832320414,0.6734080832320414
recoverability_s42,man8,1682,2,1,2,True,False,True,0.7231181452352538,0.6065587740815075
recoverability_s42,man8,1687,0,0,2,True,False,True,0.6855165688063616,0.6855165688063616
recoverability_s42,man8,1688,0,0,2,True,False,True,0.7104712076031161,0.7104712076031161
recoverability_s42,man8,1690,0,0,2,True,False,True,0.7633141343877463,0.7633141343877463
recoverability_s42,man8,1692,0,0,2,True,False,True,0.7466158505119136,0.7466158505119136
recoverability_s42,man8,1715,0,0,2,True,False,True,0.0,0.0
recoverability_s42,man8,1717,2,0,2,True,False,True,0.0,0.0
recoverability_s42,man8,1718,2,1,2,True,False,True,0.0,0.41695199865834065
recoverability_s42,man8,1719,0,0,2,True,False,True,0.805416365053953,0.805416365053953
recoverability_s42,man8,1721,0,0,2,True,False,True,0.6009209471246973,0.6009209471246973
recoverability_s42,man8,1722,0,0,2,True,False,True,0.5884997521555123,0.5884997521555123
recoverability_s42,man8,1724,0,0,2,True,False,True,0.5102812061626348,0.5102812061626348
recoverability_s42,man8,1726,0,0,2,True,False,True,0.5293711419825211,0.5293711419825211
recoverability_s42,man8,1733,0,0,2,True,False,True,0.40987137926847395,0.40987137926847395
recoverability_s42,man8,1736,0,0,2,True,False,True,0.40610972464508344,0.40610972464508344
recoverability_s42,man8,1737,0,0,2,True,False,True,0.40258444341022975,0.40258444341022975
recoverability_s42,man8,1739,0,0,2,True,False,True,0.5726553585011844,0.5726553585011844
recoverability_s42,man8,1740,2,0,2,True,False,True,0.5852075078869925,0.786761643364932
recoverability_s42,man8,1741,0,0,2,True,False,True,0.7176648081756235,0.7176648081756235
recoverability_s42,man8,1742,2,0,2,True,False,True,0.5319322259041346,0.717728409580766
recoverability_s42,man8,1743,0,0,2,True,False,True,0.7410960631575315,0.7410960631575315
recoverability_s42,man8,1744,2,0,2,True,False,True,0.7060482833139886,0.4694669569064973
recoverability_s42,man8,1745,0,0,2,True,False,True,0.542820638176352,0.542820638176352
recoverability_s42,man8,1746,2,0,2,True,False,True,0.136048033456581,0.4582576013894004
recoverability_s42,man8,1747,0,0,2,True,False,True,0.802080863052301,0.802080863052301
recoverability_s42,man8,1748,2,0,2,True,False,True,0.5278073352882772,0.793136256106484
recoverability_s42,man8,1774,0,0,2,True,False,True,0.5839676999108665,0.5839676999108665
recoverability_s42,man8,1788,0,0,2,True,False,True,0.6005397779073562,0.6005397779073562
recoverability_s42,man8,1791,0,0,2,True,False,True,0.5554699161398323,0.5554699161398323
recoverability_s42,man8,1815,0,0,2,True,False,True,0.5042544492727332,0.5042544492727332
recoverability_s42,man8,1831,0,0,2,True,False,True,0.4534678597736266,0.4534678597736266
recoverability_s42,man8,1839,0,0,2,True,False,True,0.344061681127807,0.344061681127807
recoverability_s42,man8,1931,0,0,2,True,False,True,0.638404686361702,0.638404686361702
recoverability_s42,man8,1933,0,0,2,True,False,True,0.6933197688469315,0.6933197688469315
recoverability_s42,man8,2006,0,1,0,False,False,True,0.7557498964625362,0.0
recoverability_s42,man8,2007,0,0,2,True,False,True,0.0,0.0
recoverability_s42,man8,2008,0,0,2,True,False,True,0.0,0.0
recoverability_s42,man8,2010,0,0,2,True,False,True,0.0,0.0
recoverability_s42,man8,2011,0,0,2,True,False,True,0.0,0.0
recoverability_s42,man8,2014,0,0,2,True,False,True,0.0,0.0
recoverability_s42,man8,2015,0,0,2,True,False,True,0.0,0.0
recoverability_s42,man8,2020,0,0,2,True,False,True,0.01903684001147816,0.01903684001147816
recoverability_s42,man8,2021,0,0,2,True,False,True,0.0,0.0
recoverability_s42,man8,2024,0,0,2,True,False,True,0.42033437258812395,0.42033437258812395
recoverability_s42,man8,2025,0,0,2,True,False,True,0.4040482223509016,0.4040482223509016
recoverability_s42,man8,2031,0,0,2,True,False,True,0.6058408458901088,0.6058408458901088
recoverability_s42,man8,2032,0,0,2,True,False,True,0.5044502000387158,0.5044502000387158
recoverability_s42,man8,2033,0,0,2,True,False,True,0.46072917219704773,0.46072917219704773
recoverability_s42,man8,2034,0,0,2,True,False,True,0.0729735320067849,0.0729735320067849
recoverability_s42,man8,2035,0,0,2,True,False,True,0.0,0.0
recoverability_s42,man8,2036,0,0,2,True,False,True,0.0,0.0
recoverability_s42,man8,2037,0,0,2,True,False,True,0.0,0.0
recoverability_s42,man8,2038,0,0,2,True,False,True,0.0,0.0
recoverability_s42,man8,2039,0,0,2,True,False,True,0.0,0.0
recoverability_s42,man8,2040,0,0,2,True,False,True,0.0,0.0
recoverability_s42,man8,2041,0,0,2,True,False,True,0.0,0.0
recoverability_s42,man8,2042,0,0,2,True,False,True,0.0,0.0
recoverability_s42,man8,2043,0,0,2,True,False,True,0.0,0.0
recoverability_s42,man8,2044,0,0,2,True,False,True,0.0,0.0
recoverability_s42,man8,2045,0,0,2,True,False,True,0.0,0.0
recoverability_s42,man8,2046,0,0,2,True,False,True,0.0,0.0
recoverability_s42,man8,2047,0,0,2,True,False,True,0.0,0.0
recoverability_s42,man8,2048,0,0,2,True,False,True,0.0,0.0
recoverability_s42,man8,2049,2,1,2,True,False,True,0.0,0.5880279375152511
recoverability_s42,man8,2146,0,0,2,True,False,True,0.5006688450340822,0.5006688450340822
recoverability_s42,man8,2147,0,0,2,True,False,True,0.5339957742010472,0.5339957742010472
recoverability_s42,man8,2259,0,0,2,True,False,True,0.32783676651517024,0.32783676651517024
recoverability_s42,man8,2382,0,0,2,True,False,True,0.7506829760114291,0.7506829760114291
recoverability_s42,man8,2392,0,0,2,True,False,True,0.2929958053108768,0.2929958053108768
recoverability_s42,man8,2408,0,0,2,True,False,True,0.5212751237653263,0.5212751237653263
recoverability_s42,man8,2544,0,0,2,True,False,True,0.45872393667189193,0.45872393667189193
recoverability_s42,man8,2548,0,0,2,True,False,True,0.45301424030462245,0.45301424030462245
recoverability_s42,man8,2555,0,0,2,True,False,True,0.7161701780448034,0.7161701780448034
recoverability_s42,man8,2556,0,0,2,True,False,True,0.6310295816174196,0.6310295816174196
recoverability_s42,man8,2561,0,0,2,True,False,True,0.6616698955964437,0.6616698955964437
recoverability_s42,man8,2562,0,0,2,True,False,True,0.621353722662785,0.621353722662785
recoverability_s42,man8,2563,0,0,2,True,False,True,0.6649920126489623,0.6649920126489623
recoverability_s42,man8,2565,0,0,2,True,False,True,0.5954607823921042,0.5954607823921042
recoverability_s42,man8,2566,0,0,2,True,False,True,0.46007803128619484,0.46007803128619484
recoverability_s42,man8,2567,0,0,2,True,False,True,0.368165214263702,0.368165214263702
recoverability_s42,man8,2572,0,0,2,True,False,True,0.6593145508822238,0.6593145508822238
recoverability_s42,man8,2573,0,0,2,True,False,True,0.6753445125534133,0.6753445125534133
recoverability_s42,man8,2574,0,0,2,True,False,True,0.6099130948823959,0.6099130948823959
recoverability_s42,man8,2575,0,0,2,True,False,True,0.6055271766705448,0.6055271766705448
recoverability_s42,man8,2577,0,0,2,True,False,True,0.7000449746047962,0.7000449746047962
recoverability_s42,man8,2578,0,0,2,True,False,True,0.7272358055627276,0.7272358055627276
recoverability_s42,man8,2580,0,0,2,True,False,True,0.6205751657324524,0.6205751657324524
recoverability_s42,man8,2581,0,0,2,True,False,True,0.5720046322443848,0.5720046322443848
recoverability_s42,man8,2582,2,0,2,True,False,True,0.589085300436636,0.7120400923724268
recoverability_s42,manafterrain,132,0,0,2,True,False,True,0.5997476075084125,0.5997476075084125
recoverability_s42,manafterrain,133,0,0,2,True,False,True,0.5494883204214842,0.5494883204214842
recoverability_s42,manafterrain,187,0,0,2,True,False,True,0.7496190498897779,0.7496190498897779
recoverability_s42,manafterrain,204,0,0,2,True,False,True,0.8047254121223454,0.8047254121223454
recoverability_s42,manafterrain,240,0,0,2,True,False,True,0.7253370593873973,0.7253370593873973
recoverability_s42,manafterrain,269,0,0,2,True,False,True,0.7383438737622728,0.7383438737622728
recoverability_s42,manafterrain,425,0,0,2,True,False,True,0.8436777683462741,0.8436777683462741
recoverability_s42,manafterrain,426,0,0,2,True,False,True,0.819174687677109,0.819174687677109
recoverability_s42,mancross,1,0,0,2,True,False,True,0.0,0.7022477341672758
recoverability_s42,mancross,2,2,0,2,True,False,True,0.0,0.5115764280947707
recoverability_s42,mancross,5,0,1,2,True,False,True,0.0,0.6407444181506939
recoverability_s42,mancross,22,0,0,2,True,False,True,0.0,0.0
recoverability_s42,mancross,24,2,0,2,True,False,True,0.0,0.31371352939392944
recoverability_s42,mancross,28,0,0,2,True,False,True,0.04458875674241715,0.04458875674241715
recoverability_s42,mancross,34,0,0,2,True,False,True,0.1403314707123106,0.1403314707123106
recoverability_s42,mancross,35,0,0,2,True,False,True,0.01263050424877116,0.01263050424877116
recoverability_s42,mancross,36,0,0,2,True,False,True,0.05791720374363218,0.05791720374363218
recoverability_s42,mancross,40,0,0,2,True,False,True,0.08999702684620543,0.08999702684620543
recoverability_s42,mancross,48,0,0,2,True,False,True,0.0,0.0
recoverability_s42,mancross,53,0,1,0,False,False,True,0.0,0.0
recoverability_s42,mancross,54,2,1,2,True,False,True,0.0,0.0
recoverability_s42,mancross,63,0,0,2,True,False,True,0.8060772050472512,0.8060772050472512
recoverability_s42,mancross,64,0,1,0,False,False,True,0.786737114297838,0.0
recoverability_s42,mancross,65,0,0,2,True,False,True,0.0,0.0
recoverability_s42,mancross,66,2,0,2,True,False,True,0.0,0.0
recoverability_s42,mancross,67,2,0,2,True,True,True,0.0,0.0
recoverability_s42,mancross1,69,0,0,2,True,False,True,0.6462702255467855,0.6462702255467855
recoverability_s42,mancross1,70,0,0,2,True,False,True,0.6631519836937644,0.6631519836937644
recoverability_s42,mancross1,71,2,2,2,True,False,True,0.48018942449555224,0.0
recoverability_s42,mancross1,72,2,0,2,True,False,True,0.0,0.0
recoverability_s42,mancross1,73,2,0,2,True,False,True,0.0,0.025380562446656204
recoverability_s42,mancross1,74,0,0,2,True,False,True,0.03778418027254169,0.03778418027254169
recoverability_s42,mancross1,75,2,0,2,True,False,True,0.06405763030964512,0.03709982490149448
recoverability_s42,mancross1,77,0,0,2,True,False,True,0.04517746528678579,0.04517746528678579
recoverability_s42,mancross1,78,0,0,2,True,False,True,0.04464514534110247,0.04464514534110247
recoverability_s42,mancross1,79,0,0,2,True,False,True,0.0595119066248503,0.0595119066248503
recoverability_s42,mancross1,80,0,0,2,True,False,True,0.0673570751987263,0.0673570751987263
recoverability_s42,mancross1,81,0,0,2,True,False,True,0.06971771157913137,0.06971771157913137
recoverability_s42,mancross1,82,0,0,2,True,False,True,0.10467634288477234,0.10467634288477234
recoverability_s42,mancross1,83,0,0,2,True,False,True,0.13897029580548045,0.13897029580548045
recoverability_s42,mancross1,84,0,0,2,True,False,True,0.09892811571250135,0.09892811571250135
recoverability_s42,mancross1,85,0,2,2,True,False,True,0.0,0.0
recoverability_s42,mancross1,90,0,0,2,True,False,True,0.0,0.0
recoverability_s42,mancross1,95,0,0,2,True,False,True,0.0,0.0
recoverability_s42,mancross1,151,0,0,2,True,False,True,0.7146381165133324,0.7146381165133324
recoverability_s42,mandrivecar,225,0,0,2,True,False,True,0.4112969212789447,0.4112969212789447
recoverability_s42,mandrivecar,234,0,0,2,True,False,True,0.31047030099639256,0.31047030099639256
recoverability_s42,mandrivecar,244,0,0,2,True,False,True,0.5079934435988024,0.5079934435988024
recoverability_s42,mandrivecar,256,0,0,0,False,False,True,0.0,0.38615779889973545
recoverability_s42,mandrivecar,257,0,0,2,True,False,True,0.4361102247516189,0.4361102247516189
recoverability_s42,mandrivecar,260,0,0,2,True,False,True,0.5288951451023989,0.5288951451023989
recoverability_s42,mandrivecar,261,0,0,2,True,False,True,0.4476157048331497,0.4476157048331497
recoverability_s42,mandrivecar,263,0,0,2,True,False,True,0.4332178678142521,0.4332178678142521
recoverability_s42,mandrivecar,264,0,0,2,True,False,True,0.434737140795931,0.434737140795931
recoverability_s42,mandrivecar,279,0,1,0,False,False,True,0.0,0.5058501055712279
recoverability_s42,manfaraway,78,2,1,2,True,False,True,0.7718630762043157,0.02721246035827371
recoverability_s42,manfaraway,80,2,0,2,True,False,True,0.0,0.582184433124427
recoverability_s42,manfaraway,81,2,0,2,True,False,True,0.7356154686420545,0.42548695179811535
recoverability_s42,manfaraway,82,0,0,2,True,False,True,0.5663653536693791,0.5663653536693791
recoverability_s42,manfaraway,83,0,0,2,True,False,True,0.6773552965965448,0.6773552965965448
recoverability_s42,manfaraway,158,0,0,2,True,False,True,0.690169717838522,0.690169717838522
recoverability_s42,manfaraway,182,0,0,2,True,False,True,0.718771957273379,0.718771957273379
recoverability_s42,maninglass,17,0,1,2,True,False,True,0.8622472275680252,0.0
recoverability_s42,maninglass,18,0,1,0,False,False,True,0.0,0.5293921840784049
recoverability_s42,maninglass,20,0,0,2,True,False,True,0.5979665774991265,0.5979665774991265
recoverability_s42,maninglass,22,0,0,2,True,False,True,0.5328628329497288,0.5328628329497288
recoverability_s42,maninglass,23,0,0,2,True,False,True,0.6253979469950577,0.6253979469950577
recoverability_s42,maninglass,26,2,1,2,True,False,True,0.8726393331352909,0.5341073467244499
recoverability_s42,maninglass,27,0,0,2,True,False,True,0.5552801350207994,0.5552801350207994
recoverability_s42,maninglass,28,0,0,2,True,False,True,0.8257565635078435,0.8257565635078435
recoverability_s42,maninglass,29,0,0,2,True,False,True,0.5928800772391122,0.5928800772391122
recoverability_s42,maninglass,31,0,0,2,True,False,True,0.8139413745861939,0.8139413745861939
recoverability_s42,maninglass,32,0,0,2,True,False,True,0.4758878917402632,0.4758878917402632
recoverability_s42,maninglass,35,0,0,2,True,False,True,0.47625035078118116,0.47625035078118116
recoverability_s42,maninglass,37,0,0,2,True,False,True,0.3877088137191159,0.3877088137191159
recoverability_s42,maninglass,38,0,0,2,True,False,True,0.21785683271705633,0.21785683271705633
recoverability_s42,maninglass,39,0,1,2,True,False,True,0.7709603415206225,0.7709603415206225
recoverability_s42,maninglass,40,0,0,2,True,False,True,0.570585570415161,0.570585570415161
recoverability_s42,maninglass,41,0,0,2,True,False,True,0.7734638350564874,0.7734638350564874
recoverability_s42,maninglass,43,0,0,2,True,False,True,0.757243440928523,0.757243440928523
recoverability_s42,maninglass,45,2,2,2,True,False,True,0.7769535134984523,0.32438932170504686
recoverability_s42,maninglass,46,0,0,2,True,False,True,0.5594901921707274,0.5594901921707274
recoverability_s42,maninglass,48,0,0,2,True,False,True,0.41830221217235597,0.41830221217235597
recoverability_s42,maninglass,49,0,0,2,True,False,True,0.6263953577099933,0.6263953577099933
recoverability_s42,maninglass,50,0,0,2,True,False,True,0.6456693248601153,0.6456693248601153
recoverability_s42,maninglass,51,0,0,2,True,False,True,0.8553792951792641,0.8553792951792641
recoverability_s42,maninglass,54,0,0,2,True,False,True,0.7052766443212759,0.7052766443212759
recoverability_s42,maninglass,56,0,0,2,True,False,True,0.626542361301043,0.626542361301043
recoverability_s42,maninglass,81,0,0,2,True,False,True,0.0,0.0
recoverability_s42,maninglass,82,0,0,2,True,False,True,0.6328947482255771,0.6328947482255771
recoverability_s42,maninglass,98,0,0,2,True,False,True,0.8078101159064907,0.8078101159064907
recoverability_s42,maninglass,102,0,0,2,True,False,True,0.7393633933788029,0.7393633933788029
recoverability_s42,maninglass,119,2,2,2,True,False,True,0.785447848813753,0.0
recoverability_s42,maninglass,128,0,0,2,True,False,True,0.0,0.0
recoverability_s42,maninglass,418,0,0,2,True,False,True,0.5071853709204807,0.5071853709204807
recoverability_s42,maninred,77,0,1,0,False,False,True,0.5574609526179758,0.0
recoverability_s42,maninred,78,2,3,2,True,False,True,0.0,0.4399738267682243
recoverability_s42,manoccpart,43,0,0,2,True,False,True,0.584991190457494,0.584991190457494
recoverability_s42,manoccpart,64,2,3,2,True,False,True,0.4477723684809072,0.5043712164104596
recoverability_s42,manoccpart,66,0,0,2,True,False,True,0.5508822724749762,0.5508822724749762
recoverability_s42,manoccpart,70,0,0,2,True,False,True,0.48574731108625535,0.48574731108625535
recoverability_s42,manoccpart,71,0,0,2,True,False,True,0.7333259766724759,0.7333259766724759
recoverability_s42,manonboundary,277,0,1,0,False,False,True,0.6902104442701235,0.7360357286108398
recoverability_s42,manonelecbike,167,0,0,2,True,False,True,0.4344389793653557,0.4344389793653557
recoverability_s42,manonelecbike,168,0,0,2,True,False,True,0.3436956269265759,0.3436956269265759
recoverability_s42,manonelecbike,169,2,0,2,True,False,True,0.026200278460301415,0.1555729340673968
recoverability_s42,manonelecbike,170,0,0,2,True,False,True,0.11250190557087789,0.11250190557087789
recoverability_s42,manonelecbike,171,0,0,2,True,False,True,0.0,0.38547613052600155
recoverability_s42,manonelecbike,173,0,0,2,True,False,True,0.4337565700883411,0.4337565700883411
recoverability_s42,manonelecbike,174,0,0,2,True,False,True,0.4858530226530242,0.4858530226530242
recoverability_s42,manonelecbike,175,0,0,2,True,False,True,0.4376096464746918,0.4376096464746918
recoverability_s42,manonelecbike,177,0,0,2,True,False,True,0.49163215774054825,0.49163215774054825
recoverability_s42,manonelecbike,178,0,0,2,True,False,True,0.5295014055214226,0.5295014055214226
recoverability_s42,manonelecbike,179,0,0,2,True,False,True,0.457458905616161,0.457458905616161
recoverability_s42,manonelecbike,196,0,0,2,True,False,True,0.6932630998164309,0.6932630998164309
recoverability_s42,manonelecbike,197,0,0,2,True,False,True,0.7790931976144552,0.7790931976144552
recoverability_s42,manonelecbike,198,0,0,2,True,False,True,0.815661806924431,0.815661806924431
recoverability_s42,manonelecbike,199,0,1,0,False,False,True,0.7964295143171377,0.0
recoverability_s42,manonelecbike,204,0,1,0,False,False,True,0.0,0.6928784781695895
recoverability_s42,manwithbag4,39,0,0,2,True,False,True,0.776040114801391,0.776040114801391
recoverability_s42,manwithbag4,42,0,0,2,True,False,True,0.6833377614468324,0.6833377614468324
recoverability_s42,manwithbag4,43,0,0,2,True,False,True,0.6783476787392129,0.6783476787392129
recoverability_s42,manwithbag4,44,0,0,2,True,False,True,0.6777989963367724,0.6777989963367724
recoverability_s42,manwithbag4,45,0,0,2,True,False,True,0.737434870447402,0.737434870447402
recoverability_s42,manwithbag4,48,0,0,2,True,False,True,0.6062348089169887,0.6062348089169887
recoverability_s42,manwithbag4,51,0,0,2,True,False,True,0.5181822802439829,0.5181822802439829
recoverability_s42,manwithbag4,52,0,0,2,True,False,True,0.49601421652748257,0.49601421652748257
recoverability_s42,manwithbag4,53,0,0,2,True,False,True,0.4627854455741831,0.4627854455741831
recoverability_s42,manwithbag4,54,0,0,2,True,False,True,0.44992526380374714,0.44992526380374714
recoverability_s42,manwithbag4,56,0,0,2,True,False,True,0.4906301858189574,0.4906301858189574
recoverability_s42,manwithbag4,57,0,0,2,True,False,True,0.5462952203336947,0.5462952203336947
recoverability_s42,manwithbag4,60,0,0,2,True,False,True,0.3772256638872071,0.3772256638872071
recoverability_s42,manwithbag4,62,0,0,2,True,False,True,0.34884852055890425,0.34884852055890425
recoverability_s42,manwithbag4,63,0,0,2,True,False,True,0.3086547749754989,0.3086547749754989
recoverability_s42,manwithbag4,64,0,0,2,True,False,True,0.3117911425370088,0.3117911425370088
recoverability_s42,manwithbag4,65,0,0,2,True,False,True,0.328765740392219,0.328765740392219
recoverability_s42,manwithbag4,66,0,0,2,True,False,True,0.27304636298565726,0.27304636298565726
recoverability_s42,manwithbag4,392,0,0,2,True,False,True,0.7650827866452329,0.7650827866452329
recoverability_s42,manwithbag4,393,0,0,2,True,False,True,0.7530890915232605,0.7530890915232605
recoverability_s42,manwithbag4,394,0,0,2,True,False,True,0.7438656762148136,0.7438656762148136
recoverability_s42,manwithbag4,395,0,0,2,True,False,True,0.722850340798371,0.722850340798371
recoverability_s42,manwithbag4,396,0,0,2,True,False,True,0.7912242370761241,0.7912242370761241
recoverability_s42,manwithbag4,397,0,0,2,True,False,True,0.7110676231128639,0.0
recoverability_s42,manwithbag4,399,0,0,2,True,False,True,0.0,0.0
recoverability_s42,manwithbag4,402,0,0,2,True,False,True,0.0,0.0
recoverability_s42,manwithbag4,403,0,0,2,True,False,True,0.0,0.0
recoverability_s42,manwithbag4,404,0,0,2,True,False,True,0.0,0.0
recoverability_s42,manwithbag4,405,0,0,2,True,False,True,0.0,0.777747576890132
recoverability_s42,manwithbag4,411,2,1,2,True,False,True,0.24130844825591105,0.0
recoverability_s42,manwithbag4,413,0,0,2,True,False,True,0.0,0.0
recoverability_s42,manwithbag4,414,0,0,2,True,False,True,0.0,0.0
recoverability_s42,manwithbag4,415,0,0,2,True,False,True,0.0,0.0
recoverability_s42,manwithbag4,416,0,0,2,True,False,True,0.0,0.0
recoverability_s42,manwithbag4,417,0,1,2,True,False,True,0.0,0.060224609565298765
recoverability_s42,manwithbasketball,29,0,0,0,False,False,True,0.7546995283099543,0.0
recoverability_s42,manwithbasketball,30,0,0,2,True,False,True,0.0,0.0
recoverability_s42,manwithbasketball,31,0,1,0,False,False,True,0.0,0.8148305598026692
recoverability_s42,manwithbasketball,33,0,0,2,True,False,True,0.5157774252950176,0.5157774252950176
recoverability_s42,manwithbasketball,34,0,0,2,True,False,True,0.6723960123649759,0.6723960123649759
recoverability_s42,manwithbasketball,38,0,0,2,True,False,True,0.6427307804544174,0.6427307804544174
recoverability_s42,manwithbasketball,39,0,0,2,True,False,True,0.11817095402402865,0.11817095402402865
recoverability_s42,manwithbasketball,40,0,2,2,True,False,True,0.07266421579338812,0.0
recoverability_s42,manwithbasketball,45,0,0,2,True,False,True,0.0,0.0
recoverability_s42,manwithbasketball,47,0,0,2,True,False,True,0.0,0.0
recoverability_s42,manwithbasketball,48,0,0,2,True,False,True,0.0,0.0
recoverability_s42,manwithbasketball,53,0,0,2,True,False,True,0.0,0.0
recoverability_s42,manwithbasketball,54,2,0,2,True,True,True,0.0,0.6561601617548048
recoverability_s42,manwithumbrella,334,2,0,2,True,False,True,0.6309295062147027,0.0
recoverability_s42,manwithumbrella,336,0,1,2,True,False,True,0.0,0.7404900347903737
recoverability_s42,manwithumbrella,435,0,1,0,False,False,True,0.6849264943695479,0.0
recoverability_s42,manwithumbrella,436,0,0,0,False,False,True,0.0,0.5747551091186642
recoverability_s42,manypeople,20,0,0,2,True,False,True,0.6218622000221582,0.6218622000221582
recoverability_s42,manypeople,22,0,0,2,True,False,True,0.35902994685471734,0.35902994685471734
recoverability_s42,manypeople,23,0,0,2,True,False,True,0.46474658931306945,0.46474658931306945
recoverability_s42,manypeople,30,0,0,2,True,False,True,0.5937314851084879,0.5937314851084879
recoverability_s42,manypeople,31,2,0,2,True,False,True,0.6843342647311053,0.013471906850320452
recoverability_s42,manypeople,34,0,0,2,True,False,True,0.0666137589028022,0.0666137589028022
recoverability_s42,manypeople,36,2,0,2,True,False,True,0.21916827038325593,0.2573845731200044
recoverability_s42,manypeople,37,0,0,2,True,False,True,0.25004936066893485,0.25004936066893485
recoverability_s42,manypeople,38,2,0,2,True,False,True,0.3581293106539362,0.2619262297978103
recoverability_s42,manypeople,39,0,0,2,True,False,True,0.40882975592987864,0.40882975592987864
recoverability_s42,manypeople,46,0,0,2,True,False,True,0.5853633638166948,0.5853633638166948
recoverability_s42,manypeople,47,0,0,2,True,False,True,0.2689875014581709,0.2689875014581709
recoverability_s42,manypeople,63,0,1,2,True,False,True,0.7098479589128032,0.7098479589128032
recoverability_s42,manypeople,65,0,0,2,True,False,True,0.6901943938213503,0.6901943938213503
recoverability_s42,manypeople,66,2,1,2,True,False,True,0.6769729753969742,0.26031930451144647
recoverability_s42,manypeople,67,0,0,2,True,False,True,0.5152029456078097,0.5152029456078097
recoverability_s42,manypeople,68,0,0,2,True,False,True,0.5335258835424724,0.5335258835424724
recoverability_s42,manypeople,69,0,0,2,True,False,True,0.5443849736672007,0.5443849736672007
recoverability_s42,manypeople,70,0,0,2,True,False,True,0.6564893575000026,0.6564893575000026
recoverability_s42,manypeople,72,0,0,2,True,False,True,0.5725808988837902,0.5725808988837902
recoverability_s42,manypeople,73,0,0,2,True,False,True,0.5314420330295514,0.5314420330295514
recoverability_s42,manypeople,74,0,1,0,False,False,True,0.4656976301444978,0.0
recoverability_s42,manypeople,75,0,0,0,False,False,True,0.0,0.0
recoverability_s42,manypeople,76,2,1,2,True,False,True,0.0,0.0
recoverability_s42,manypeople,96,0,0,2,True,False,True,0.0,0.0
recoverability_s42,manypeople,102,0,1,0,False,False,True,0.0,0.0
recoverability_s42,manypeople,103,0,4,0,False,False,True,0.0,0.0
recoverability_s42,manypeople,104,2,0,2,True,False,True,0.0,0.0
recoverability_s42,manypeople,128,0,1,0,False,False,True,0.0,0.3495615079365405
recoverability_s42,manypeople,146,0,0,2,True,False,True,0.3732314844063384,0.3732314844063384
recoverability_s42,manypeople,147,0,1,2,True,False,True,0.40227552048782006,0.0
recoverability_s42,manypeople,148,2,0,2,True,True,True,0.0,0.0
recoverability_s42,manypeople,149,0,0,2,True,False,True,0.0,0.29321020113284363
recoverability_s42,manypeople,203,0,1,0,False,False,True,0.3220510715601486,0.017540696941262028
recoverability_s42,manypeople,207,0,1,0,False,False,True,0.3261008826472461,0.0
recoverability_s42,manypeople,213,0,0,0,False,False,True,0.30095981887528506,0.0
recoverability_s42,manypeople,214,0,0,2,True,False,True,0.0,0.0
recoverability_s42,manypeople,218,0,1,0,False,False,True,0.305693699647702,0.16797462219542414
recoverability_s42,manypeople,224,0,1,0,False,False,True,0.3016199503263031,0.08380064612987266
recoverability_s42,manypeople,231,0,1,0,False,False,True,0.27776908425330504,0.1320690152574869
recoverability_s42,manypeople,236,0,0,2,True,False,True,0.0,0.0
recoverability_s42,manypeople,237,0,0,2,True,False,True,0.0,0.0
recoverability_s42,manypeople,242,0,0,0,False,False,True,0.30570661942982225,0.0
recoverability_s42,manypeople,245,0,0,2,True,False,True,0.0,0.0
recoverability_s42,manypeople,246,0,0,2,True,False,True,0.0,0.0
recoverability_s42,manypeople,247,0,0,2,True,False,True,0.0,0.0
recoverability_s42,manypeople,253,0,0,2,True,False,True,0.0,0.0
recoverability_s42,manypeople,259,0,0,2,True,False,True,0.10884799957677826,0.10884799957677826
recoverability_s42,manypeople,262,0,0,2,True,False,True,0.3188415200326256,0.3188415200326256
recoverability_s42,manypeople,271,0,1,2,True,False,True,0.29231030818144654,0.29231030818144654
recoverability_s42,manypeople,276,0,0,2,True,False,True,0.0,0.0
recoverability_s42,manypeople,282,0,1,0,False,False,True,0.2919228783001003,0.0
recoverability_s42,manypeople,284,0,0,2,True,False,True,0.0,0.0
recoverability_s42,manypeople,292,0,0,2,True,False,True,0.0,0.0
recoverability_s42,manypeople,329,0,1,0,False,False,True,0.3136538582738212,0.0
recoverability_s42,manypeople,330,0,0,2,True,False,True,0.0,0.31377980029417435
recoverability_s42,manypeople,332,0,0,2,True,False,True,0.3294495594510186,0.0
recoverability_s42,manypeople,334,0,1,2,True,False,True,0.0,0.3239137519792386
recoverability_s42,manypeople,335,0,0,2,True,False,True,0.3024150862595638,0.0
recoverability_s42,manypeople,337,0,0,0,False,False,True,0.2953015423252008,0.0
recoverability_s42,manypeople,339,0,1,0,False,False,True,0.3356344662911128,0.0
recoverability_s42,manypeople,340,0,0,0,False,False,True,0.0,0.33770159088507185
recoverability_s42,manypeople,341,0,0,0,False,False,True,0.3335265743834593,0.0
recoverability_s42,manypeople,344,0,1,0,False,False,True,0.3206445176287855,0.0
recoverability_s42,manypeople,389,0,0,2,True,False,True,0.0,0.0
recoverability_s42,manypeople,396,0,0,2,True,False,True,0.0,0.0
recoverability_s42,manypeople,399,0,0,2,True,False,True,0.0,0.0
recoverability_s42,manypeople,419,0,1,0,False,False,True,0.2866098432577356,0.2115634035268016
recoverability_s42,manypeople,421,0,0,0,False,False,True,0.28445939071759224,0.0
recoverability_s42,manypeople,435,0,1,0,False,False,True,0.3258300177606681,0.1604035049569534
recoverability_s42,manypeople,486,0,0,2,True,False,True,0.05856033167494342,0.05856033167494342
recoverability_s42,manypeople,487,0,0,0,False,False,True,0.0,0.2443667294896515
recoverability_s42,manypeople,523,0,1,0,False,False,True,0.2587949941380952,0.0
recoverability_s42,manypeople,528,0,0,0,False,False,True,0.25646892585546144,0.0
recoverability_s42,manypeople,529,0,0,0,False,False,True,0.0,0.25367689052207676
recoverability_s42,manypeople,531,0,1,0,False,False,True,0.24154470458379473,0.0
recoverability_s42,manypeople,532,0,0,0,False,False,True,0.0,0.2449034485065454
recoverability_s42,manypeople,534,0,1,0,False,False,True,0.24420083859200348,0.0
recoverability_s42,manypeople,536,0,0,0,False,False,True,0.23578954623640344,0.0
recoverability_s42,manypeople,539,0,2,0,False,False,True,0.2523706528709932,0.0
recoverability_s42,manypeople,545,0,1,0,False,False,True,0.2512973005845078,0.0
recoverability_s42,manypeople,546,0,0,0,False,False,True,0.0,0.23633058588790232
recoverability_s42,manypeople,547,0,1,0,False,False,True,0.2423547551515261,0.0
recoverability_s42,manypeople,557,0,1,0,False,False,True,0.21383431101102238,0.0
recoverability_s42,night2,1,0,0,2,True,False,True,0.7246272058257304,0.7246272058257304
recoverability_s42,night2,3,0,0,2,True,False,True,0.5567609167220708,0.8042314300979664
recoverability_s42,night2,5,0,0,2,True,False,True,0.7477967346403023,0.7477967346403023
recoverability_s42,night2,8,0,0,2,True,False,True,0.6645867675487305,0.6645867675487305
recoverability_s42,night2,9,0,0,2,True,False,True,0.6932541387954236,0.6932541387954236
recoverability_s42,night2,10,0,1,2,True,False,True,0.7706582342668102,0.0
recoverability_s42,night2,12,0,0,2,True,False,True,0.6600231975059717,0.6600231975059717
recoverability_s42,night2,20,0,1,0,False,False,True,0.7855408635139972,0.0
recoverability_s42,night2,28,0,0,2,True,False,True,0.7022297006497347,0.7022297006497347
recoverability_s42,night2,35,0,0,2,True,False,True,0.806453441817335,0.806453441817335
recoverability_s42,night2,36,0,0,2,True,False,True,0.7384115333036427,0.7384115333036427
recoverability_s42,night2,56,0,0,0,False,False,True,0.0,0.856159099547659
recoverability_s42,night2,60,0,0,2,True,False,True,0.7162993903505794,0.7162993903505794
recoverability_s42,night2,63,0,0,2,True,False,True,0.7317890767502663,0.7317890767502663
recoverability_s42,nightrun,134,0,0,2,True,False,True,0.20223222647069325,0.20223222647069325
recoverability_s42,nightrun,136,0,0,2,True,False,True,0.03421764819581294,0.03421764819581294
recoverability_s42,nightrun,137,0,0,2,True,False,True,0.0,0.0
recoverability_s42,nightrun,138,0,0,2,True,False,True,0.0,0.0
recoverability_s42,nightrun,139,0,0,2,True,False,True,0.025925230997429122,0.025925230997429122
recoverability_s42,nightrun,140,0,0,2,True,False,True,0.0,0.0
recoverability_s42,nightrun,141,0,0,2,True,False,True,0.0,0.0
recoverability_s42,nightrun,146,0,0,2,True,False,True,0.0,0.0
recoverability_s42,nightrun,148,0,0,2,True,False,True,0.0,0.0
recoverability_s42,nightrun,151,0,1,2,True,False,True,0.0,0.868847578200251
recoverability_s42,nightrun,156,0,0,2,True,False,True,0.8174218158458724,0.8174218158458724
recoverability_s42,nightrun,157,0,0,2,True,False,True,0.8558961807901961,0.8558961807901961
recoverability_s42,nightthreepeople,177,0,0,2,True,False,True,0.7535250248825588,0.7535250248825588
recoverability_s42,nightthreepeople,178,0,0,2,True,False,True,0.1940165240874151,0.1940165240874151
recoverability_s42,nightthreepeople,185,0,0,2,True,False,True,0.2222330342872131,0.2222330342872131
recoverability_s42,nightthreepeople,187,0,0,2,True,False,True,0.6188628086309901,0.6188628086309901
recoverability_s42,nightthreepeople,197,0,0,2,True,False,True,0.7316698080179227,0.7316698080179227
recoverability_s42,nightthreepeople,209,0,0,2,True,False,True,0.773858515389619,0.773858515389619
recoverability_s42,nightthreepeople,227,0,0,2,True,False,True,0.6350274691078927,0.6350274691078927
recoverability_s42,nightthreepeople,228,0,0,2,True,False,True,0.6352507799617327,0.6352507799617327
recoverability_s42,nightthreepeople,229,0,0,2,True,False,True,0.5067323782398553,0.5067323782398553
recoverability_s42,nightthreepeople,230,0,0,2,True,False,True,0.6452240905081943,0.6452240905081943
recoverability_s42,nightthreepeople,232,0,0,2,True,False,True,0.6147751321221724,0.6147751321221724
recoverability_s42,nightthreepeople,285,0,1,0,False,False,True,0.48808268689329565,0.6161651882376094
recoverability_s42,notmove,100,0,1,0,False,False,True,0.8145902398524623,0.0
recoverability_s42,notmove,101,0,0,2,True,False,True,0.0,0.745183350864489
recoverability_s42,notmove,104,0,1,2,True,False,True,0.7924873857602787,0.0
recoverability_s42,notmove,106,0,0,2,True,False,True,0.0,0.0
recoverability_s42,notmove,111,0,1,0,False,False,True,0.0,0.781437219808292
recoverability_s42,notmove,117,0,0,2,True,False,True,0.5414088507286593,0.5414088507286593
recoverability_s42,notmove,136,0,0,2,True,False,True,0.8274060574730091,0.8274060574730091
recoverability_s42,notmove,138,2,0,2,True,False,True,0.7167156347121334,0.2517677025443728
recoverability_s42,notmove,139,0,0,2,True,False,True,0.2878616164385964,0.2878616164385964
recoverability_s42,notmove,143,0,0,2,True,False,True,0.3500088223332064,0.3500088223332064
recoverability_s42,notmove,144,0,0,2,True,False,True,0.38430045681237196,0.38430045681237196
recoverability_s42,notmove,145,0,0,2,True,False,True,0.3587772141031819,0.3587772141031819
recoverability_s42,notmove,146,0,0,2,True,False,True,0.3716550054381638,0.3716550054381638
recoverability_s42,notmove,148,0,0,2,True,False,True,0.4043791199591475,0.4043791199591475
recoverability_s42,notmove,149,0,0,2,True,False,True,0.3246170829051041,0.3246170829051041
recoverability_s42,notmove,150,0,0,2,True,False,True,0.35039743874004425,0.35039743874004425
recoverability_s42,notmove,152,0,1,0,False,False,True,0.4944757539866687,0.0
recoverability_s42,notmove,153,0,2,0,False,False,True,0.0,0.0
recoverability_s42,notmove,154,0,0,2,True,False,True,0.0,0.0
recoverability_s42,notmove,155,2,2,2,True,False,True,0.0,0.0
recoverability_s42,notmove,156,0,4,0,False,False,True,0.0,0.0
recoverability_s42,notmove,157,2,0,2,True,False,True,0.0,0.0
recoverability_s42,notmove,158,0,2,2,True,False,True,0.0,0.20526232721922974
recoverability_s42,notmove,159,0,0,2,True,False,True,0.3602871167923637,0.3602871167923637
recoverability_s42,notmove,160,0,0,2,True,False,True,0.49839903232649135,0.49839903232649135
recoverability_s42,notmove,237,0,1,0,False,False,True,0.6223787540123924,0.0
recoverability_s42,notmove,239,0,0,2,True,False,True,0.0,0.0
recoverability_s42,notmove,240,0,0,2,True,False,True,0.0,0.0
recoverability_s42,notmove,241,0,0,2,True,False,True,0.0,0.0
recoverability_s42,notmove,244,0,0,2,True,False,True,0.0,0.0
recoverability_s42,notmove,245,0,0,2,True,False,True,0.0,0.0
recoverability_s42,notmove,247,0,0,2,True,False,True,0.0,0.0
recoverability_s42,notmove,249,0,0,2,True,False,True,0.0,0.0
recoverability_s42,notmove,250,0,0,2,True,False,True,0.0,0.0
recoverability_s42,notmove,255,0,1,0,False,False,True,0.0,0.756673256585203
recoverability_s42,notmove,274,0,1,0,False,False,True,0.5801381761293203,0.0
recoverability_s42,notmove,278,0,0,2,True,False,True,0.0,0.0
recoverability_s42,notmove,280,0,1,0,False,False,True,0.0,0.7126833711052355
recoverability_s42,notmove,353,0,0,2,True,False,True,0.6690164048461651,0.6690164048461651
recoverability_s42,oldman,353,0,0,2,True,False,True,0.6412081302157902,0.6412081302157902
recoverability_s42,oldman,355,2,0,2,True,False,True,0.5576119383734076,0.3764082739935141
recoverability_s42,oldman,356,0,0,2,True,False,True,0.4498086624452151,0.4498086624452151
recoverability_s42,oldman,357,0,0,2,True,False,True,0.47388336537905756,0.47388336537905756
recoverability_s42,oldman,358,0,0,2,True,False,True,0.6174226853987722,0.6174226853987722
recoverability_s42,oldman,359,2,0,2,True,False,True,0.6114065531128794,0.3804807016711164
recoverability_s42,oldman,360,0,0,2,True,False,True,0.46702146360504493,0.46702146360504493
recoverability_s42,oldman,361,0,0,2,True,False,True,0.5475100991658342,0.5475100991658342
recoverability_s42,oldman,362,2,1,2,True,False,True,0.5270311961141854,0.22200380650105583
recoverability_s42,oldman,365,0,0,2,True,False,True,0.49770916676968674,0.49770916676968674
recoverability_s42,oldman,366,0,0,2,True,False,True,0.4852301072537712,0.4852301072537712
recoverability_s42,oldman,367,0,0,2,True,False,True,0.6947146439130815,0.6947146439130815
recoverability_s42,oldman,392,0,0,2,True,False,True,0.36357535648598466,0.36357535648598466
recoverability_s42,oldman,409,0,0,2,True,False,True,0.4388042879544119,0.4388042879544119
recoverability_s42,oldman,411,0,0,2,True,False,True,0.4078911489302294,0.4078911489302294
recoverability_s42,oldman,412,0,0,2,True,False,True,0.3950005209902711,0.3950005209902711
recoverability_s42,oldman,413,0,0,2,True,False,True,0.38167457371884395,0.38167457371884395
recoverability_s42,oldman,414,0,0,2,True,False,True,0.38215802871652826,0.38215802871652826
recoverability_s42,oldman,415,0,0,2,True,False,True,0.33758326189120563,0.33758326189120563
recoverability_s42,oldman,416,0,0,2,True,False,True,0.3653081557848195,0.3653081557848195
recoverability_s42,oldman,418,0,0,2,True,False,True,0.3469615412069496,0.3469615412069496
recoverability_s42,oldman,428,0,0,2,True,False,True,0.2663486325258504,0.2663486325258504
recoverability_s42,oldman,430,0,0,2,True,False,True,0.43526716723581976,0.43526716723581976
recoverability_s42,oldman,431,0,0,2,True,False,True,0.6211897588146039,0.6211897588146039
recoverability_s42,oldman,437,0,0,2,True,False,True,0.47162176116193566,0.47162176116193566
recoverability_s42,oldman,449,0,0,2,True,False,True,0.36151142674412257,0.36151142674412257
recoverability_s42,oldman2,36,0,0,2,True,False,True,0.7156505815076724,0.7156505815076724
recoverability_s42,oldman2,97,0,0,2,True,False,True,0.6837032877673224,0.6837032877673224
recoverability_s42,oldman2,98,2,0,2,True,False,True,0.0,0.018110646412462433
recoverability_s42,oldman2,99,0,1,2,True,False,True,0.040612193352330586,0.5663871980913786
recoverability_s42,oldman2,100,0,0,2,True,False,True,0.387828410231366,0.387828410231366
recoverability_s42,oldman2,102,0,0,2,True,False,True,0.6454404136019496,0.6454404136019496
recoverability_s42,oldwoman,94,0,0,2,True,False,True,0.8780756726546284,0.8780756726546284
recoverability_s42,oldwoman,166,0,0,2,True,False,True,0.0,0.655799892722569
recoverability_s42,people,159,0,0,2,True,False,True,0.7001745053154474,0.7001745053154474
recoverability_s42,people,194,0,0,2,True,False,True,0.732462471588736,0.732462471588736
recoverability_s42,people,198,0,0,2,True,False,True,0.6656929726878167,0.6656929726878167
recoverability_s42,people,201,0,1,0,False,False,True,0.6581841152930473,0.0
recoverability_s42,people,217,0,1,0,False,False,True,0.0,0.0
recoverability_s42,people,218,0,0,2,True,False,True,0.0,0.0
recoverability_s42,people,219,0,0,0,False,False,True,0.0,0.5935196907868299
recoverability_s42,people,225,0,1,2,True,False,True,0.0,0.0
recoverability_s42,people,228,0,0,2,True,False,True,0.0,0.0
recoverability_s42,people,229,0,0,0,False,False,True,0.0,0.0020205350484793845
recoverability_s42,people,243,0,0,2,True,False,True,0.13680443762530334,0.13680443762530334
recoverability_s42,people,246,0,0,0,False,False,True,0.23444605463571325,0.0
recoverability_s42,people,258,0,0,2,True,False,True,0.39560195036499485,0.39560195036499485
recoverability_s42,people,259,0,1,2,True,False,True,0.48028322251581046,0.0
recoverability_s42,people,261,2,2,2,True,False,True,0.0,0.0
recoverability_s42,people,262,2,2,2,True,False,True,0.0,0.07592658989636228
recoverability_s42,people,263,0,0,2,True,False,True,0.1603784358355052,0.1603784358355052
recoverability_s42,people,264,0,0,2,True,False,True,0.0,0.0
recoverability_s42,people,266,2,2,2,True,False,True,0.0,0.0
recoverability_s42,people,267,0,0,2,True,False,True,0.0,0.0
recoverability_s42,people,268,0,1,2,True,False,True,0.0,0.0
recoverability_s42,people,273,0,1,0,False,False,True,0.0,0.0
recoverability_s42,people,275,0,0,2,True,False,True,0.0,0.0
recoverability_s42,people,277,0,0,2,True,False,True,0.0,0.0
recoverability_s42,people,283,0,0,2,True,False,True,0.0,0.0
recoverability_s42,people,285,0,1,0,False,False,True,0.0,0.06001760915613545
recoverability_s42,people,286,0,0,0,False,False,True,0.5451769069672714,0.0
recoverability_s42,people,289,0,0,2,True,False,True,0.0,0.0
recoverability_s42,people,290,0,1,2,True,False,True,0.0,0.5960241511089313
recoverability_s42,people,294,0,2,0,False,False,True,0.06000253516269311,0.0
recoverability_s42,people,298,0,1,0,False,False,True,0.024603872794346025,0.020597450128173378
recoverability_s42,people,299,0,0,2,True,False,True,0.0722370043768775,0.0722370043768775
recoverability_s42,people,324,0,2,0,False,False,True,0.3999165682295892,0.0
recoverability_s42,people,325,0,0,0,False,False,True,0.0,0.0
recoverability_s42,people,326,0,1,0,False,False,True,0.0,0.0
recoverability_s42,people,327,0,0,2,True,False,True,0.0,0.0
recoverability_s42,people,329,0,1,0,False,False,True,0.0,0.0
recoverability_s42,people,333,0,1,0,False,False,True,0.0,0.0
recoverability_s42,people,341,0,0,2,True,False,True,0.0,0.0
recoverability_s42,people,344,0,0,0,False,False,True,0.0,0.0
recoverability_s42,people,347,0,0,0,False,False,True,0.0,0.0
recoverability_s42,people,350,0,0,2,True,False,True,0.0,0.0
recoverability_s42,people,355,0,0,2,True,False,True,0.0,0.0
recoverability_s42,people,365,0,0,2,True,False,True,0.0,0.0
recoverability_s42,people,368,0,0,2,True,False,True,0.0,0.0
recoverability_s42,people,371,0,1,0,False,False,True,0.0,0.0
recoverability_s42,people,372,0,0,2,True,False,True,0.0,0.0
recoverability_s42,people1,558,0,0,2,True,False,True,0.8019114173151882,0.8019114173151882
recoverability_s42,people1,575,0,0,2,True,False,True,0.6355068468870326,0.6355068468870326
recoverability_s42,people1,588,0,0,2,True,False,True,0.7698613199436201,0.7698613199436201
recoverability_s42,people1,595,2,1,2,True,False,True,0.7626720034584283,0.43999181116653296
recoverability_s42,people1,600,0,0,0,False,False,True,0.7080649911837301,0.0
recoverability_s42,people1,602,0,2,2,True,False,True,0.0,0.0
recoverability_s42,people1,603,0,1,0,False,False,True,0.0,0.0
recoverability_s42,people1,604,0,1,0,False,False,True,0.0,0.7021155839936145
recoverability_s42,people1,608,0,1,0,False,False,True,0.0,0.0
recoverability_s42,people1,609,0,1,0,False,False,True,0.0,0.0
recoverability_s42,people1,611,0,0,2,True,False,True,0.0,0.0
recoverability_s42,people1,612,0,0,2,True,False,True,0.0,0.0
recoverability_s42,people1,614,0,0,2,True,False,True,0.0,0.0
recoverability_s42,people1,615,0,0,2,True,False,True,0.0,0.0
recoverability_s42,people1,616,2,0,2,True,True,True,0.0,0.8003532408857648
recoverability_s42,people1,617,0,1,0,False,False,True,0.7142420857793215,0.0
recoverability_s42,people1,618,0,1,0,False,False,True,0.0,0.7993159268474497
recoverability_s42,people1,619,0,0,0,False,False,True,0.661763507060659,0.0
recoverability_s42,people1,621,0,2,0,False,False,True,0.0,0.526206485797335
recoverability_s42,people1,622,0,0,2,True,False,True,0.7052687846026274,0.0
recoverability_s42,people1,623,0,1,0,False,False,True,0.0,0.658324332794179
recoverability_s42,people1,624,0,1,2,True,False,True,0.7636257630020232,0.0
recoverability_s42,people1,625,0,0,2,True,False,True,0.0,0.0
recoverability_s42,people1,632,2,0,2,True,False,True,0.0,0.804507779255087
recoverability_s42,people1,651,0,0,2,True,False,True,0.713994837665646,0.713994837665646
recoverability_s42,people1,661,0,0,2,True,False,True,0.7607778222871155,0.7607778222871155
recoverability_s42,people1,663,0,0,2,True,False,True,0.7123257875205229,0.7123257875205229
recoverability_s42,people1,668,0,0,2,True,False,True,0.7026385617744545,0.7026385617744545
recoverability_s42,people1,669,0,0,2,True,False,True,0.7937354145965713,0.7937354145965713
recoverability_s42,people1,670,0,0,2,True,False,True,0.800116558900741,0.800116558900741
recoverability_s42,people1,678,0,0,2,True,False,True,0.8763318467537685,0.8763318467537685
recoverability_s42,people1,687,0,0,2,True,False,True,0.7583091788837926,0.7583091788837926
recoverability_s42,people1,691,0,1,0,False,False,True,0.0,0.0
recoverability_s42,people1,897,0,1,0,False,False,True,0.7061052484782462,0.0
recoverability_s42,people1,907,0,1,0,False,False,True,0.0,0.46161730840534443
recoverability_s42,people1,908,0,0,2,True,False,True,0.5889046770723952,0.5889046770723952
recoverability_s42,people1,910,0,1,0,False,False,True,0.0,0.612463259041144
recoverability_s42,people1,912,0,1,2,True,False,True,0.0,0.6228358652999798
recoverability_s42,people1,915,0,0,0,False,False,True,0.0,0.48762804605826043
recoverability_s42,people1,917,0,0,0,False,False,True,0.0,0.3610694661834016
recoverability_s42,people1,918,0,1,0,False,False,True,0.3862166990941075,0.0
recoverability_s42,people1,920,0,0,0,False,False,True,0.0,0.6397704425192539
recoverability_s42,people1,922,0,1,0,False,False,True,0.0,0.6076483004867713
recoverability_s42,people1,923,0,1,0,False,False,True,0.69245063530135,0.0
recoverability_s42,people1,924,0,0,2,True,False,True,0.0,0.6222290026796927
recoverability_s42,people1,925,0,1,2,True,False,True,0.6977745836138055,0.0
recoverability_s42,people1,926,0,0,0,False,False,True,0.0,0.6042725255794859
recoverability_s42,people1,1185,0,0,2,True,False,True,0.6819041240495674,0.6819041240495674
recoverability_s42,people3,702,0,0,2,True,False,True,0.39249099878451416,0.39249099878451416
recoverability_s42,people3,713,0,0,2,True,False,True,0.6169395148184599,0.6169395148184599
recoverability_s42,people3,714,0,0,2,True,False,True,0.6286517266716247,0.6286517266716247
recoverability_s42,people3,715,0,0,2,True,False,True,0.5974665770482168,0.5974665770482168
recoverability_s42,people3,716,0,0,2,True,False,True,0.5669728710610177,0.5669728710610177
recoverability_s42,people3,730,0,0,2,True,False,True,0.31182470348539804,0.31182470348539804
recoverability_s42,people3,733,0,0,2,True,False,True,0.7135500575649448,0.7135500575649448
recoverability_s42,people3,743,0,0,2,True,False,True,0.6992958646470842,0.0
recoverability_s42,people3,780,0,0,2,True,False,True,0.5895102441703634,0.5895102441703634
recoverability_s42,playsoccer,637,0,0,0,False,True,True,0.7889279571769848,0.7889279571769848
recoverability_s42,playsoccer,665,0,1,0,False,False,True,0.559727098810882,0.0
recoverability_s42,playsoccer,676,0,1,0,False,False,True,0.6623409120676371,0.0
recoverability_s42,playsoccer,686,0,1,0,False,False,True,0.6857443049384297,0.0
recoverability_s42,push,10,0,0,2,True,False,True,0.7007619357633038,0.7007619357633038
recoverability_s42,push,72,0,0,2,True,False,True,0.4993287792358311,0.4993287792358311
recoverability_s42,push,134,0,0,2,True,False,True,0.5531813195287544,0.5531813195287544
recoverability_s42,push,135,0,0,2,True,False,True,0.547257122845124,0.547257122845124
recoverability_s42,push,138,0,0,2,True,False,True,0.5913084644323303,0.5913084644323303
recoverability_s42,push,139,0,0,2,True,False,True,0.5996908454440582,0.5996908454440582
recoverability_s42,push,140,0,0,2,True,False,True,0.5853415963705138,0.5853415963705138
recoverability_s42,push,168,0,0,2,True,False,True,0.5087082049908561,0.5087082049908561
recoverability_s42,push,172,0,0,2,True,False,True,0.5052592850491678,0.5052592850491678
recoverability_s42,push,174,0,0,2,True,False,True,0.5383917857670388,0.5383917857670388
recoverability_s42,push,176,0,0,2,True,False,True,0.5921472049898125,0.5921472049898125
recoverability_s42,push,177,0,0,2,True,False,True,0.6123542839686058,0.6123542839686058
recoverability_s42,push,179,0,0,2,True,False,True,0.5430263597773748,0.5430263597773748
recoverability_s42,push,180,0,0,2,True,False,True,0.5121995926190319,0.5121995926190319
recoverability_s42,push,181,0,0,2,True,False,True,0.6421879589654149,0.6421879589654149
recoverability_s42,push,183,0,0,2,True,False,True,0.631240123030425,0.631240123030425
recoverability_s42,push,184,0,0,2,True,False,True,0.6216309469441962,0.6216309469441962
recoverability_s42,push,185,0,0,2,True,False,True,0.6417011300978338,0.6417011300978338
recoverability_s42,push,186,0,0,2,True,False,True,0.5666974767995627,0.5666974767995627
recoverability_s42,push,188,0,0,2,True,False,True,0.5293242729949051,0.5293242729949051
recoverability_s42,push,189,0,0,2,True,False,True,0.6344431073427684,0.6344431073427684
recoverability_s42,push,190,0,0,2,True,False,True,0.6566689999966101,0.6566689999966101
recoverability_s42,push,199,0,0,2,True,False,True,0.5372045800094006,0.5372045800094006
recoverability_s42,push,202,0,0,2,True,False,True,0.5401901222313272,0.5401901222313272
recoverability_s42,push,203,0,0,2,True,False,True,0.5329184098786158,0.5329184098786158
recoverability_s42,push,205,0,0,2,True,False,True,0.5872818902475796,0.5872818902475796
recoverability_s42,push,207,0,0,2,True,False,True,0.5546273752351186,0.5546273752351186
recoverability_s42,push,209,0,0,0,False,False,True,0.4779599481063131,0.1277208389564192
recoverability_s42,push,210,0,0,2,True,False,True,0.4208258136654807,0.4208258136654807
recoverability_s42,push,214,0,0,0,False,False,True,0.0,0.6026744848127437
recoverability_s42,push,219,0,0,2,True,False,True,0.5503504820133501,0.5503504820133501
recoverability_s42,push,220,0,1,0,False,False,True,0.4865444696669656,0.0
recoverability_s42,push,222,0,0,0,False,False,True,0.0,0.4664280468646353
recoverability_s42,push,225,0,0,2,True,False,True,0.39054070474833563,0.39054070474833563
recoverability_s42,push,229,0,0,0,False,False,True,0.0,0.4607191119385951
recoverability_s42,push,230,0,0,2,True,False,True,0.5389773753332125,0.5389773753332125
recoverability_s42,push,237,0,0,2,True,False,True,0.4544245841117288,0.4544245841117288
recoverability_s42,push,239,0,0,2,True,False,True,0.41274466223056644,0.41274466223056644
recoverability_s42,push,241,0,0,2,True,False,True,0.08215697108881559,0.08215697108881559
recoverability_s42,push,254,0,0,2,True,False,True,0.24184166562427273,0.24184166562427273
recoverability_s42,push,255,0,0,2,True,False,True,0.3621062576929821,0.3621062576929821
recoverability_s42,push,256,0,0,2,True,False,True,0.4803341742948835,0.4803341742948835
recoverability_s42,push,259,0,1,2,True,False,True,0.4306892235055674,0.4306892235055674
recoverability_s42,push,260,0,1,2,True,False,True,0.4217859643066235,0.0
recoverability_s42,push,262,0,0,2,True,False,True,0.4728655792785617,0.4728655792785617
recoverability_s42,push,264,0,0,2,True,False,True,0.44325052371597956,0.44325052371597956
recoverability_s42,push,265,0,0,2,True,False,True,0.4442898339825121,0.4442898339825121
recoverability_s42,push,266,0,0,2,True,False,True,0.4226574637051381,0.4226574637051381
recoverability_s42,push,267,0,0,2,True,False,True,0.0,0.0
recoverability_s42,push,268,2,0,2,True,False,True,0.0,0.24392995763471137
recoverability_s42,push,272,0,0,2,True,False,True,0.0,0.0
recoverability_s42,push,275,0,1,0,False,False,True,0.39707388499535906,0.0
recoverability_s42,push,276,0,0,0,False,False,True,0.0,0.45136682952024176
recoverability_s42,push,277,0,0,2,True,False,True,0.44860220477894275,0.44860220477894275
recoverability_s42,push,280,0,0,2,True,False,True,0.4566892108777921,0.4566892108777921
recoverability_s42,push,287,0,0,2,True,False,True,0.5738701471966543,0.5738701471966543
recoverability_s42,push,288,0,0,2,True,False,True,0.6505686753241839,0.6505686753241839
recoverability_s42,push,303,0,0,0,False,False,True,0.0,0.0
recoverability_s42,push,304,0,1,2,True,False,True,0.0,0.0
recoverability_s42,push,306,2,4,2,True,False,True,0.0,0.0
recoverability_s42,push,307,0,1,2,True,False,True,0.0,0.0
recoverability_s42,push,322,0,0,2,True,False,True,0.0,0.0
recoverability_s42,push,326,0,0,2,True,False,True,0.0,0.0
recoverability_s42,push,327,0,0,2,True,False,True,0.0,0.0
recoverability_s42,redbag,630,0,1,0,False,False,True,0.7112321863282091,0.0
recoverability_s42,redbag,631,0,0,0,False,False,True,0.0,0.5816005327677586
recoverability_s42,redbag,678,0,0,2,True,False,True,0.7200152815678651,0.7200152815678651
recoverability_s42,redbag,680,0,1,2,True,False,True,0.7295068494961067,0.0
recoverability_s42,redbag,681,0,1,2,True,False,True,0.0,0.5216518785030788
recoverability_s42,redbag,683,0,1,2,True,False,True,0.6392208406432369,0.0
recoverability_s42,redbag,684,0,1,0,False,False,True,0.0,0.6142446357316023
recoverability_s42,redbag,685,0,0,2,True,False,True,0.7399188116044985,0.7399188116044985
recoverability_s42,redbag,686,0,1,2,True,False,True,0.6778767054514909,0.0
recoverability_s42,redbag,687,0,2,2,True,False,True,0.0,0.6188006197616889
recoverability_s42,redbag,688,0,0,2,True,False,True,0.7531171543480023,0.7531171543480023
recoverability_s42,redbag,689,0,1,2,True,False,True,0.6576459121555005,0.0
recoverability_s42,redbag,690,0,2,0,False,False,True,0.0,0.6073500967124831
recoverability_s42,redbag,691,0,1,0,False,False,True,0.7455544185727998,0.0
recoverability_s42,redbag,692,0,0,2,True,False,True,0.0,0.6226373359767079
recoverability_s42,redbag,693,0,0,2,True,False,True,0.7254791917115201,0.7254791917115201
recoverability_s42,redbag,694,0,0,2,True,False,True,0.7045733232519067,0.7045733232519067
recoverability_s42,redbag,695,0,0,2,True,False,True,0.7330475130285519,0.7330475130285519
recoverability_s42,redcar2,201,0,0,2,True,False,True,0.6280287779575807,0.6280287779575807
recoverability_s42,redcar2,202,0,0,2,True,False,True,0.23247342263744766,0.23247342263744766
recoverability_s42,redcar2,203,0,0,2,True,False,True,0.16627686315028264,0.16627686315028264
recoverability_s42,redcar2,204,0,0,2,True,False,True,0.1134368766857491,0.1134368766857491
recoverability_s42,redcar2,205,0,0,2,True,False,True,0.09569902734293498,0.09569902734293498
recoverability_s42,redcar2,206,0,0,2,True,False,True,0.08102020138689583,0.08102020138689583
recoverability_s42,redcar2,208,0,0,2,True,False,True,0.17148680193202076,0.17148680193202076
recoverability_s42,redcar2,209,0,0,2,True,False,True,0.07600854717465158,0.07600854717465158
recoverability_s42,redcar2,210,0,0,2,True,False,True,0.05512856060590676,0.05512856060590676
recoverability_s42,redcar2,211,0,0,2,True,False,True,0.034958761453894524,0.034958761453894524
recoverability_s42,redcar2,213,0,0,2,True,False,True,0.07292641527009248,0.07292641527009248
recoverability_s42,redcar2,216,0,0,2,True,False,True,0.017533395828211354,0.017533395828211354
recoverability_s42,redcar2,219,0,0,2,True,False,True,0.0,0.0
recoverability_s42,redcar2,220,0,0,2,True,False,True,0.0,0.0
recoverability_s42,redcar2,221,0,0,2,True,False,True,0.0,0.0
recoverability_s42,redcar2,222,0,0,2,True,False,True,0.00662080624708878,0.00662080624708878
recoverability_s42,redcar2,228,0,0,2,True,False,True,0.0,0.0
recoverability_s42,redcar2,231,0,0,2,True,False,True,0.0,0.0
recoverability_s42,redcar2,232,0,0,2,True,False,True,0.0,0.0
recoverability_s42,redcar2,233,0,0,2,True,False,True,0.0,0.0
recoverability_s42,redcar2,234,0,0,2,True,False,True,0.27923391994336894,0.27923391994336894
recoverability_s42,rmo,27,0,0,2,True,False,True,0.6452317356690666,0.6452317356690666
recoverability_s42,rmo,30,0,0,2,True,False,True,0.6275559447370049,0.6275559447370049
recoverability_s42,rmo,34,0,0,0,False,False,True,0.5372135836506601,0.0
recoverability_s42,rmo,44,0,0,2,True,False,True,0.0,0.0
recoverability_s42,rmo,45,0,0,2,True,False,True,0.0,0.0
recoverability_s42,rmo,50,0,0,2,True,False,True,0.0,0.0
recoverability_s42,rmo,72,0,0,2,True,False,True,0.0,0.0
recoverability_s42,rmo,74,0,1,0,False,False,True,0.0,0.6516571035609808
recoverability_s42,rmo,75,0,0,2,True,False,True,0.5976925500626313,0.0
recoverability_s42,rmo,77,0,0,2,True,False,True,0.0,0.0
recoverability_s42,rmo,78,0,0,2,True,False,True,0.0,0.0
recoverability_s42,rmo,80,0,2,0,False,False,True,0.0,0.6530193829754243
recoverability_s42,rmo,83,0,1,0,False,False,True,0.7015546801971829,0.0
recoverability_s42,rmo,85,0,0,2,True,False,True,0.0,0.0
recoverability_s42,rmo,87,0,0,2,True,False,True,0.0,0.0
recoverability_s42,rmo,89,0,0,2,True,False,True,0.0,0.0
recoverability_s42,rmo,91,0,0,2,True,False,True,0.0,0.0
recoverability_s42,rmo,94,0,0,2,True,False,True,0.0,0.0
recoverability_s42,rmo,97,0,0,2,True,False,True,0.0,0.0
recoverability_s42,rmo,98,0,0,2,True,False,True,0.0,0.0
recoverability_s42,rmo,99,0,0,2,True,False,True,0.0,0.0
recoverability_s42,rmo,100,0,1,2,True,False,True,0.0,0.5671183698581808
recoverability_s42,rmo,102,0,1,2,True,False,True,0.6840414643373545,0.0
recoverability_s42,rmo,104,0,0,2,True,False,True,0.0,0.0
recoverability_s42,rmo,105,0,0,2,True,False,True,0.0,0.0
recoverability_s42,rmo,107,0,0,2,True,False,True,0.0,0.0
recoverability_s42,rmo,108,0,0,2,True,False,True,0.0,0.0
recoverability_s42,rmo,110,0,0,2,True,False,True,0.0,0.0
recoverability_s42,rmo,111,0,0,2,True,False,True,0.0,0.0
recoverability_s42,rmo,112,0,1,2,True,False,True,0.0,0.0
recoverability_s42,rmo,113,0,0,2,True,False,True,0.0,0.0
recoverability_s42,rmo,114,0,0,0,False,False,True,0.0,0.0
recoverability_s42,rmo,115,0,0,2,True,False,True,0.0,0.0
recoverability_s42,rmo,116,0,0,2,True,False,True,0.0,0.0
recoverability_s42,rmo,117,0,1,2,True,False,True,0.0,0.5731020245603484
recoverability_s42,rmo,119,0,1,0,False,False,True,0.6092483113103868,0.0
recoverability_s42,rmo,120,0,0,2,True,False,True,0.0,0.0
recoverability_s42,rmo,122,0,0,2,True,False,True,0.0,0.0
recoverability_s42,rmo,123,0,1,2,True,False,True,0.0,0.64654951976853
recoverability_s42,rmo,126,0,0,2,True,False,True,0.6605413018389086,0.6605413018389086
recoverability_s42,rmo,127,0,0,2,True,False,True,0.6717276055715062,0.6717276055715062
recoverability_s42,rmo,128,0,0,2,True,False,True,0.6302283934543575,0.6302283934543575
recoverability_s42,rmo,130,0,0,2,True,False,True,0.6209312191249445,0.6209312191249445
recoverability_s42,rmo,131,0,0,2,True,False,True,0.6703599732403646,0.6703599732403646
recoverability_s42,rmo,136,0,0,2,True,False,True,0.5753296875716382,0.5753296875716382
recoverability_s42,rmo,137,0,0,2,True,False,True,0.5674312732612725,0.0
recoverability_s42,rmo,138,0,0,2,True,False,True,0.0,0.0
recoverability_s42,rmo,139,0,0,2,True,False,True,0.0,0.0
recoverability_s42,rmo,140,0,0,2,True,False,True,0.0,0.0
recoverability_s42,rmo,143,0,0,2,True,False,True,0.0,0.0
recoverability_s42,rmo,144,0,0,2,True,False,True,0.0,0.0
recoverability_s42,rmo,145,0,0,2,True,False,True,0.0,0.0
recoverability_s42,rmo,146,0,0,2,True,False,True,0.0,0.0
recoverability_s42,rmo,150,0,0,2,True,False,True,0.0,0.0
recoverability_s42,rmo,151,0,1,2,True,False,True,0.0,0.5553333309690112
recoverability_s42,rmo,171,2,0,2,True,False,True,0.6591123807168482,0.0
recoverability_s42,rmo,268,0,0,2,True,False,True,0.055376453761422285,0.055376453761422285
recoverability_s42,rmo,276,0,1,0,False,False,True,0.0,0.0
recoverability_s42,rmo,278,0,0,2,True,False,True,0.0,0.0
recoverability_s42,rmo,279,0,0,2,True,False,True,0.0,0.0
recoverability_s42,rmo,280,0,1,0,False,False,True,0.0,0.0
recoverability_s42,rmo,283,0,0,2,True,False,True,0.0,0.0
recoverability_s42,rmo,288,0,0,2,True,False,True,0.0,0.0
recoverability_s42,rmo,290,0,0,2,True,False,True,0.0,0.0
recoverability_s42,rmo,291,0,2,0,False,False,True,0.0,0.0
recoverability_s42,rmo,293,0,0,2,True,False,True,0.0,0.0
recoverability_s42,rmo,295,0,0,2,True,False,True,0.0,0.0
recoverability_s42,rmo,296,0,0,2,True,False,True,0.0,0.0
recoverability_s42,rmo,298,0,1,0,False,False,True,0.0,0.0
recoverability_s42,rmo,299,0,0,2,True,False,True,0.0,0.0
recoverability_s42,rmo,303,0,1,0,False,False,True,0.0,0.0
recoverability_s42,rmo,304,0,2,0,False,False,True,0.0,0.0
recoverability_s42,rmo,307,0,2,2,True,False,True,0.0,0.0
recoverability_s42,rmo,309,0,0,2,True,False,True,0.0,0.0
recoverability_s42,rmo,310,0,2,0,False,False,True,0.0,0.0
recoverability_s42,rmo,311,0,1,0,False,False,True,0.0,0.0
recoverability_s42,rmo,312,2,1,2,True,False,True,0.0,0.0
recoverability_s42,rmo,314,0,0,2,True,False,True,0.0,0.0
recoverability_s42,rmo,315,0,0,2,True,False,True,0.0,0.0
recoverability_s42,rmo,318,0,0,2,True,False,True,0.0,0.0
recoverability_s42,rmo,319,0,1,0,False,False,True,0.0,0.0
recoverability_s42,rmo,321,0,0,2,True,False,True,0.0,0.0
recoverability_s42,rmo,322,0,0,2,True,False,True,0.0,0.0
recoverability_s42,rmo,323,2,1,2,True,False,True,0.0,0.0
recoverability_s42,rmo,324,0,1,0,False,False,True,0.0,0.0
recoverability_s42,rmo,325,0,2,0,False,False,True,0.0,0.0
recoverability_s42,rmo,326,0,1,0,False,False,True,0.0,0.0
recoverability_s42,rmo,329,2,3,2,True,False,True,0.0,0.1472313903817493
recoverability_s42,rmo,330,0,0,2,True,False,True,0.16225907978483736,0.16225907978483736
recoverability_s42,rmo,331,0,1,0,False,False,True,0.16920120095954255,0.0
recoverability_s42,rmo,332,0,3,0,False,False,True,0.0,0.0
recoverability_s42,rmo,333,0,1,2,True,False,True,0.0,0.0
recoverability_s42,rmo,334,0,1,2,True,False,True,0.0,0.0
recoverability_s42,rmo,336,2,1,2,True,False,True,0.0,0.0
recoverability_s42,rmo,338,0,0,2,True,False,True,0.0,0.0
recoverability_s42,rmo,340,0,1,2,True,False,True,0.0,0.0
recoverability_s42,rmo,342,0,0,2,True,False,True,0.0,0.0
recoverability_s42,rmo,343,0,0,2,True,False,True,0.0,0.0
recoverability_s42,rmo,344,2,2,2,True,False,True,0.0,0.0
recoverability_s42,rmo,351,0,0,2,True,False,True,0.0,0.0
recoverability_s42,rmo,352,0,1,0,False,False,True,0.0,0.0
recoverability_s42,rmo,353,0,0,2,True,False,True,0.0,0.0
recoverability_s42,rmo,354,0,0,2,True,False,True,0.0,0.0
recoverability_s42,rmo,355,2,0,2,True,False,True,0.0,0.0
recoverability_s42,rmo,356,2,0,2,True,False,True,0.0,0.0
recoverability_s42,rmo,360,0,0,2,True,False,True,0.0,0.0
recoverability_s42,rmo,361,0,1,0,False,False,True,0.0,0.0
recoverability_s42,rmo,369,0,0,2,True,False,True,0.0,0.0
recoverability_s42,rmo,370,0,0,2,True,False,True,0.0,0.0
recoverability_s42,rmo,371,0,0,2,True,False,True,0.0,0.0
recoverability_s42,rmo,373,0,0,2,True,False,True,0.0,0.0
recoverability_s42,rmo,375,0,0,2,True,False,True,0.0,0.0
recoverability_s42,rmo,377,0,0,2,True,False,True,0.0,0.0
recoverability_s42,rmo,378,0,0,2,True,False,True,0.0,0.0
recoverability_s42,rmo,379,0,0,2,True,False,True,0.0,0.0
recoverability_s42,rmo,381,0,1,0,False,False,True,0.0,0.0
recoverability_s42,rmo,382,0,2,0,False,False,True,0.0,0.40915129771565845
recoverability_s42,rmo,383,0,2,0,False,False,True,0.7077214656500909,0.0
recoverability_s42,rmo,384,0,1,0,False,False,True,0.0,0.2550983786105464
recoverability_s42,rmo,385,0,2,2,True,False,True,0.7043909612642345,0.0
recoverability_s42,rmo,386,0,2,0,False,False,True,0.0,0.0
recoverability_s42,rmo,388,0,1,0,False,False,True,0.0,0.0
recoverability_s42,rmo,389,0,0,2,True,False,True,0.0,0.0
recoverability_s42,rmo,391,2,1,2,True,False,True,0.0,0.22748966829077563
recoverability_s42,rmo,392,0,2,0,False,False,True,0.2381090026777159,0.0
recoverability_s42,rmo,393,2,0,2,True,False,True,0.0,0.0
recoverability_s42,rmo,395,0,0,2,True,False,True,0.0,0.0
recoverability_s42,rmo,397,0,0,2,True,False,True,0.0,0.0
recoverability_s42,rmo,399,0,0,2,True,False,True,0.0,0.0
recoverability_s42,rmo,404,0,0,2,True,False,True,0.0,0.0
recoverability_s42,rmo,405,0,0,2,True,False,True,0.0,0.0
recoverability_s42,rmo,406,0,0,2,True,False,True,0.0,0.0
recoverability_s42,rmo,409,0,0,2,True,False,True,0.0,0.0
recoverability_s42,rmo,410,0,0,2,True,False,True,0.0,0.0
recoverability_s42,rmo,411,0,0,2,True,False,True,0.0,0.0
recoverability_s42,rmo,413,0,0,2,True,False,True,0.0,0.0
recoverability_s42,rmo,414,0,0,2,True,False,True,0.0,0.0
recoverability_s42,rmo,416,0,0,2,True,False,True,0.0,0.0
recoverability_s42,rmo,419,0,0,2,True,False,True,0.0,0.0
recoverability_s42,rmo,420,0,0,2,True,False,True,0.0,0.0
recoverability_s42,rmo,421,0,0,2,True,False,True,0.0,0.0
recoverability_s42,rmo,422,0,0,2,True,False,True,0.0,0.0
recoverability_s42,rmo,423,0,0,2,True,False,True,0.0,0.0
recoverability_s42,rmo,425,0,0,2,True,False,True,0.0,0.0
recoverability_s42,rmo,426,0,0,2,True,False,True,0.0,0.0
recoverability_s42,rmo,427,0,0,2,True,False,True,0.0,0.0
recoverability_s42,rmo,429,2,0,2,True,False,True,0.0,0.0
recoverability_s42,rmo,430,0,0,2,True,False,True,0.0,0.0
recoverability_s42,rmo,431,0,0,2,True,False,True,0.0,0.0
recoverability_s42,rmo,432,0,0,2,True,False,True,0.0,0.0
recoverability_s42,rmo,433,0,0,2,True,False,True,0.0,0.0
recoverability_s42,rmo,434,0,0,2,True,False,True,0.0,0.0
recoverability_s42,rmo,435,0,0,2,True,False,True,0.0,0.0
recoverability_s42,rmo,438,2,3,2,True,False,True,0.0,0.0
recoverability_s42,rmo,439,0,0,0,False,False,True,0.0,0.0
recoverability_s42,rmo,440,0,0,2,True,False,True,0.0,0.0
recoverability_s42,rmo,441,0,0,2,True,False,True,0.0,0.0
recoverability_s42,rmo,442,0,0,2,True,False,True,0.0,0.0
recoverability_s42,rmo,443,2,0,2,True,False,True,0.0,0.0
recoverability_s42,rmo,444,0,0,2,True,False,True,0.0,0.0
recoverability_s42,rmo,445,0,0,2,True,False,True,0.0,0.0
recoverability_s42,rmo,447,0,0,2,True,False,True,0.0,0.0
recoverability_s42,rmo,449,0,0,2,True,False,True,0.0,0.0
recoverability_s42,rmo,450,2,0,2,True,False,True,0.0,0.0
recoverability_s42,rmo,451,0,0,2,True,False,True,0.0,0.0
recoverability_s42,rmo,452,0,0,2,True,False,True,0.0,0.0
recoverability_s42,rmo,453,0,0,2,True,False,True,0.0,0.0
recoverability_s42,rmo,454,0,0,2,True,False,True,0.0,0.0
recoverability_s42,rmo,455,2,0,2,True,False,True,0.0,0.0
recoverability_s42,rmo,457,0,0,2,True,False,True,0.0,0.0
recoverability_s42,rmo,459,0,0,2,True,False,True,0.0,0.0
recoverability_s42,rmo,460,0,0,2,True,False,True,0.0,0.0
recoverability_s42,rmo,461,0,0,2,True,False,True,0.0,0.0
recoverability_s42,rmo,462,2,0,2,True,False,True,0.0,0.0
recoverability_s42,rmo,465,0,0,2,True,False,True,0.0,0.0
recoverability_s42,rmo,466,0,0,2,True,False,True,0.0,0.0
recoverability_s42,rmo,467,0,0,2,True,False,True,0.0,0.0
recoverability_s42,rmo,469,0,0,2,True,False,True,0.0,0.0
recoverability_s42,rmo,470,2,0,2,True,False,True,0.0,0.0
recoverability_s42,rmo,472,0,0,2,True,False,True,0.0,0.0
recoverability_s42,rmo,486,2,0,2,True,False,True,0.0,0.0
recoverability_s42,rmo,487,0,0,2,True,False,True,0.0,0.0
recoverability_s42,rmo,488,0,0,2,True,False,True,0.0,0.0
recoverability_s42,rmo,490,0,0,2,True,False,True,0.0,0.0
recoverability_s42,rmo,513,0,1,0,False,False,True,0.0,0.0
recoverability_s42,rmo,514,0,0,2,True,False,True,0.0,0.0
recoverability_s42,rmo,515,0,0,2,True,False,True,0.0,0.0
recoverability_s42,rmo,519,0,1,0,False,False,True,0.0,0.0
recoverability_s42,rmo,520,0,0,2,True,False,True,0.0,0.0
recoverability_s42,rmo,521,0,0,2,True,False,True,0.0,0.0
recoverability_s42,rmo,522,0,0,0,False,False,True,0.0,0.0
recoverability_s42,rmo,523,0,0,2,True,False,True,0.0,0.0
recoverability_s42,rmo,524,0,0,2,True,False,True,0.0,0.0
recoverability_s42,rmo,525,2,0,2,True,False,True,0.0,0.0
recoverability_s42,rmo,586,0,0,2,True,False,True,0.0,0.0
recoverability_s42,rmo,587,0,3,0,False,False,True,0.0,0.0
recoverability_s42,rmo,588,0,2,2,True,False,True,0.0,0.0
recoverability_s42,rmo,589,0,1,0,False,False,True,0.0,0.0
recoverability_s42,rmo,590,0,1,0,False,False,True,0.0,0.0
recoverability_s42,rmo,591,0,1,0,False,False,True,0.0,0.0
recoverability_s42,rmo,592,0,2,0,False,False,True,0.0,0.0
recoverability_s42,rmo,594,0,3,0,False,False,True,0.0,0.0
recoverability_s42,rmo,595,0,2,0,False,False,True,0.0,0.0
recoverability_s42,rmo,596,0,3,0,False,False,True,0.0,0.0
recoverability_s42,rmo,598,0,2,0,False,False,True,0.0,0.0
recoverability_s42,rmo,599,0,3,0,False,False,True,0.0,0.0
recoverability_s42,rmo,601,0,2,0,False,False,True,0.0,0.0
recoverability_s42,rmo,602,0,1,0,False,False,True,0.0,0.0
recoverability_s42,rmo,603,0,1,0,False,False,True,0.0,0.0
recoverability_s42,rmo,604,0,1,0,False,False,True,0.0,0.0
recoverability_s42,rmo,605,0,4,0,False,False,True,0.0,0.0
recoverability_s42,rmo,606,0,1,0,False,False,True,0.0,0.0
recoverability_s42,rmo,608,0,2,0,False,False,True,0.0,0.0
recoverability_s42,rmo,609,0,2,0,False,False,True,0.0,0.0
recoverability_s42,rmo,610,0,3,0,False,False,True,0.0,0.0
recoverability_s42,rmo,613,0,3,0,False,False,True,0.0,0.0
recoverability_s42,rmo,614,0,1,2,True,False,True,0.0,0.0
recoverability_s42,rmo,615,0,2,0,False,False,True,0.0,0.0
recoverability_s42,rmo,617,0,3,0,False,False,True,0.0,0.0
recoverability_s42,rmo,618,0,3,0,False,False,True,0.0,0.0
recoverability_s42,rmo,620,0,3,0,False,False,True,0.0,0.0
recoverability_s42,rmo,621,0,2,0,False,False,True,0.0,0.0
recoverability_s42,rmo,622,0,3,0,False,False,True,0.0,0.0
recoverability_s42,rmo,623,0,1,0,False,False,True,0.0,0.0
recoverability_s42,rmo,625,0,2,0,False,False,True,0.0,0.0
recoverability_s42,rmo,626,0,3,0,False,False,True,0.0,0.0
recoverability_s42,rmo,628,0,4,0,False,False,True,0.0,0.0
recoverability_s42,rmo,629,0,1,0,False,False,True,0.0,0.0
recoverability_s42,rmo,630,0,3,0,False,False,True,0.0,0.0
recoverability_s42,rmo,631,0,1,0,False,False,True,0.0,0.0
recoverability_s42,rmo,632,0,2,0,False,False,True,0.0,0.0
recoverability_s42,rmo,634,0,2,0,False,False,True,0.0,0.0
recoverability_s42,rmo,635,0,2,0,False,False,True,0.0,0.0
recoverability_s42,rmo,638,0,4,0,False,False,True,0.0,0.0
recoverability_s42,rmo,639,0,1,0,False,False,True,0.0,0.0
recoverability_s42,rmo,640,0,2,0,False,False,True,0.0,0.0
recoverability_s42,rmo,641,0,1,0,False,False,True,0.0,0.0
recoverability_s42,rmo,642,0,3,0,False,False,True,0.0,0.0
recoverability_s42,rmo,645,0,3,0,False,False,True,0.0,0.0
recoverability_s42,rmo,646,0,2,0,False,False,True,0.0,0.0
recoverability_s42,rmo,647,0,2,0,False,False,True,0.0,0.0
recoverability_s42,rmo,649,0,3,0,False,False,True,0.0,0.0
recoverability_s42,rmo,650,0,3,0,False,False,True,0.0,0.0
recoverability_s42,rmo,651,0,3,0,False,False,True,0.0,0.0
recoverability_s42,rmo,653,0,2,0,False,False,True,0.0,0.0
recoverability_s42,rmo,654,0,2,0,False,False,True,0.0,0.0
recoverability_s42,rmo,655,0,2,0,False,False,True,0.0,0.0
recoverability_s42,rmo,656,0,1,0,False,False,True,0.0,0.0
recoverability_s42,run,79,0,0,2,True,False,True,0.788027008302103,0.788027008302103
recoverability_s42,run,81,0,0,2,True,False,True,0.7391320916020505,0.7391320916020505
recoverability_s42,run,87,0,0,2,True,False,True,0.6708008121498407,0.6708008121498407
recoverability_s42,run,89,0,0,2,True,False,True,0.618561091493154,0.618561091493154
recoverability_s42,run,90,0,0,0,False,False,True,0.5023196272150463,0.23661699882263168
recoverability_s42,run,109,0,0,0,False,False,True,0.0,0.672755392393143
recoverability_s42,run,112,0,0,2,True,False,True,0.7579436665828367,0.7579436665828367
recoverability_s42,run,136,0,1,0,False,False,True,0.6578226163099079,0.0
recoverability_s42,run,137,0,1,0,False,False,True,0.0,0.6141163319130158
recoverability_s42,run,138,0,1,0,False,False,True,0.6312555242336095,0.0
recoverability_s42,run,139,2,4,2,True,False,True,0.0,0.0
recoverability_s42,run,227,0,1,0,False,False,True,0.0,0.0
recoverability_s42,run,231,2,0,2,True,False,True,0.0,0.0
recoverability_s42,run,232,0,0,2,True,False,True,0.0,0.0
recoverability_s42,run,233,2,0,2,True,False,True,0.0,0.0
recoverability_s42,run,234,2,4,2,True,False,True,0.0,0.0
recoverability_s42,run,235,0,0,2,True,False,True,0.0,0.0
recoverability_s42,run,236,2,0,2,True,False,True,0.0,0.0
recoverability_s42,run,237,0,0,2,True,False,True,0.0,0.0
recoverability_s42,run,239,2,1,2,True,False,True,0.0,0.0
recoverability_s42,run,240,0,0,2,True,False,True,0.0,0.0
recoverability_s42,run,241,2,1,2,True,False,True,0.0,0.0
recoverability_s42,run,242,0,0,2,True,False,True,0.0,0.0
recoverability_s42,run,244,2,2,2,True,False,True,0.0,0.0
recoverability_s42,run,246,2,0,2,True,False,True,0.0,0.0
recoverability_s42,run,247,0,0,2,True,False,True,0.0,0.0
recoverability_s42,run,248,2,0,2,True,False,True,0.0,0.0
recoverability_s42,run,249,0,0,2,True,False,True,0.0,0.0
recoverability_s42,run,250,2,0,2,True,False,True,0.0,0.0
recoverability_s42,run,251,2,2,2,True,False,True,0.0,0.0
recoverability_s42,run,252,0,0,2,True,False,True,0.0,0.0
recoverability_s42,run,253,2,2,2,True,False,True,0.0,0.0
recoverability_s42,run,254,0,0,2,True,False,True,0.0,0.0
recoverability_s42,run,255,2,2,2,True,False,True,0.0,0.0
recoverability_s42,run,256,0,0,2,True,False,True,0.0,0.0
recoverability_s42,run,258,2,0,2,True,False,True,0.0,0.0
recoverability_s42,run,259,0,0,2,True,False,True,0.0,0.0
recoverability_s42,run,260,2,0,2,True,False,True,0.0,0.0
recoverability_s42,run,261,2,0,2,True,False,True,0.0,0.0
recoverability_s42,run,262,0,0,2,True,False,True,0.0,0.0
recoverability_s42,run,263,2,0,2,True,False,True,0.0,0.0
recoverability_s42,run,264,0,0,2,True,False,True,0.0,0.0
recoverability_s42,run,265,0,0,2,True,False,True,0.0,0.0
recoverability_s42,run,266,2,0,2,True,False,True,0.0,0.0
recoverability_s42,run,267,2,0,2,True,False,True,0.0,0.0
recoverability_s42,run,268,0,0,2,True,False,True,0.0,0.0
recoverability_s42,run,269,2,0,2,True,False,True,0.0,0.0
recoverability_s42,run,270,2,2,2,True,False,True,0.0,0.0
recoverability_s42,run,271,0,0,2,True,False,True,0.0,0.0
recoverability_s42,run,272,2,1,2,True,False,True,0.0,0.0
recoverability_s42,run,273,0,0,2,True,False,True,0.0,0.0
recoverability_s42,run,274,2,1,2,True,False,True,0.0,0.0
recoverability_s42,run,275,0,0,2,True,False,True,0.0,0.0
recoverability_s42,run,276,2,3,2,True,False,True,0.0,0.0
recoverability_s42,run,277,0,0,2,True,False,True,0.0,0.0
recoverability_s42,run,278,2,0,2,True,False,True,0.0,0.0
recoverability_s42,run,279,0,0,2,True,False,True,0.0,0.0
recoverability_s42,run,281,2,0,2,True,False,True,0.0,0.0
recoverability_s42,run,282,0,0,2,True,False,True,0.0,0.0
recoverability_s42,run,284,2,0,2,True,False,True,0.0,0.0
recoverability_s42,run,285,0,0,2,True,False,True,0.0,0.0
recoverability_s42,run,286,2,0,2,True,False,True,0.0,0.0
recoverability_s42,run,288,2,1,2,True,False,True,0.0,0.0
recoverability_s42,run,289,0,0,2,True,False,True,0.0,0.0
recoverability_s42,run,290,0,0,2,True,False,True,0.0,0.0
recoverability_s42,run,291,2,0,2,True,False,True,0.0,0.0
recoverability_s42,run,292,0,0,2,True,False,True,0.0,0.0
recoverability_s42,run,293,2,3,2,True,False,True,0.0,0.0
recoverability_s42,run,294,0,0,2,True,False,True,0.0,0.0
recoverability_s42,run,295,2,0,2,True,False,True,0.0,0.0
recoverability_s42,run,296,0,0,2,True,False,True,0.0,0.0
recoverability_s42,run,297,2,1,2,True,False,True,0.0,0.0
recoverability_s42,run1,47,2,0,2,True,False,True,0.1483428257480669,0.3257512650636452
recoverability_s42,run1,56,0,1,0,False,False,True,0.6530590752521324,0.0
recoverability_s42,run1,57,0,1,2,True,False,True,0.0,0.719848280876283
recoverability_s42,run1,73,0,1,0,False,False,True,0.7401642367479115,0.0
recoverability_s42,run1,80,2,0,2,True,False,True,0.0,0.65876893596868
recoverability_s42,run1,83,0,0,2,True,False,True,0.8042769324936294,0.8042769324936294
recoverability_s42,run2,41,0,0,0,False,False,True,0.7665238583967583,0.10239347021707268
recoverability_s42,run2,42,0,0,2,True,False,True,0.06972345388432027,0.06972345388432027
recoverability_s42,run2,43,0,0,2,True,False,True,0.06324447705758317,0.06324447705758317
recoverability_s42,run2,44,0,0,2,True,False,True,0.10089777006000196,0.10089777006000196
recoverability_s42,run2,45,0,0,2,True,False,True,0.10449658398105188,0.10449658398105188
recoverability_s42,scooter,291,0,0,2,True,False,True,0.6091290096975667,0.6091290096975667
recoverability_s42,scooter,297,0,0,0,False,False,True,0.6156503379106054,0.0
recoverability_s42,scooter,298,0,0,0,False,False,True,0.0,0.5816434124730226
recoverability_s42,scooter,300,0,0,0,False,False,True,0.0,0.6092819657921357
recoverability_s42,scooter,302,0,1,0,False,False,True,0.0,0.575335314355463
recoverability_s42,scooter,304,0,0,0,False,False,True,0.0,0.5214050432881575
recoverability_s42,scooter,313,0,0,0,False,False,True,0.4970963902018564,0.0
recoverability_s42,scooter,319,0,1,0,False,False,True,0.0,0.5319461731853629
recoverability_s42,scooter,321,0,0,2,True,False,True,0.469460050924286,0.469460050924286
recoverability_s42,scooter,620,0,0,2,True,False,True,0.3472194674242085,0.3472194674242085
recoverability_s42,scooter,621,0,0,2,True,False,True,0.24822031110630077,0.24822031110630077
recoverability_s42,scooter,627,0,0,0,False,False,True,0.0,0.40879957610871775
recoverability_s42,shake,554,0,0,2,True,False,True,0.5927145812387516,0.5927145812387516
recoverability_s42,shake,555,0,0,2,True,False,True,0.6720618773250492,0.6720618773250492
recoverability_s42,shake,595,0,0,2,True,False,True,0.5459638664142914,0.5459638664142914
recoverability_s42,shake,596,0,0,2,True,False,True,0.5236637953405179,0.5236637953405179
recoverability_s42,shake,597,0,0,2,True,False,True,0.0,0.0
recoverability_s42,shake,601,0,0,2,True,False,True,0.3936244460807031,0.3936244460807031
recoverability_s42,shake,636,0,0,2,True,False,True,0.5010742442158728,0.5010742442158728
recoverability_s42,shake,637,0,0,2,True,False,True,0.31423760566033726,0.31423760566033726
recoverability_s42,shake,638,0,1,2,True,False,True,0.27337667159209456,0.2603139480315971
recoverability_s42,shake,640,0,2,0,False,False,True,0.5818827879936097,0.0
recoverability_s42,shake,641,0,2,0,False,False,True,0.0,0.08307610698843029
recoverability_s42,shake,642,0,2,0,False,False,True,0.0,0.3995059859085742
recoverability_s42,shake,643,0,0,2,True,False,True,0.35580505385376554,0.35580505385376554
recoverability_s42,shake,644,0,0,2,True,False,True,0.5235043688141015,0.5235043688141015
recoverability_s42,shake,645,0,0,2,True,False,True,0.42115275452865913,0.42115275452865913
recoverability_s42,shake,646,0,0,2,True,False,True,0.5534810122543368,0.5534810122543368
recoverability_s42,shake,647,0,0,2,True,False,True,0.5813994438133728,0.5813994438133728
recoverability_s42,shake,650,0,0,2,True,False,True,0.6263520667167375,0.6263520667167375
recoverability_s42,shake,652,0,0,2,True,False,True,0.6207789992332143,0.6207789992332143
recoverability_s42,shake,653,0,0,2,True,False,True,0.6774055070576808,0.6774055070576808
recoverability_s42,shake,654,0,0,2,True,False,True,0.6425079092659229,0.6425079092659229
recoverability_s42,shake,657,0,0,2,True,False,True,0.4411820452944567,0.4411820452944567
recoverability_s42,shake,659,0,0,2,True,False,True,0.45255410146249353,0.45255410146249353
recoverability_s42,shake,665,0,1,0,False,False,True,0.4470667872391687,0.0
recoverability_s42,shake,666,0,1,0,False,False,True,0.0,0.17968941929218776
recoverability_s42,shake,715,2,1,2,True,False,True,0.4505854603380143,0.0
recoverability_s42,shake,716,0,1,0,False,False,True,0.0,0.337874542394172
recoverability_s42,shake,717,2,1,2,True,False,True,0.4246331623314782,0.0
recoverability_s42,shake,719,0,0,2,True,False,True,0.0,0.0
recoverability_s42,shake,721,0,1,0,False,False,True,0.0,0.35301730416878063
recoverability_s42,shake,770,0,0,2,True,False,True,0.6202102796428601,0.6202102796428601
recoverability_s42,shake,774,0,0,2,True,False,True,0.6245975146349751,0.6245975146349751
recoverability_s42,shake,775,0,0,2,True,False,True,0.5938177739098885,0.5938177739098885
recoverability_s42,shake,846,0,0,2,True,False,True,0.6824523049315763,0.6824523049315763
recoverability_s42,single3,83,0,1,0,False,False,True,0.8071210443767276,0.6297020166362837
recoverability_s42,single3,161,0,1,0,False,False,True,0.8469100026353693,0.0
recoverability_s42,single3,164,0,0,2,True,False,True,0.6205363697372861,0.6205363697372861
recoverability_s42,soccer,291,0,2,2,True,False,True,0.0,0.22896554868745614
recoverability_s42,soccer,292,2,1,2,True,False,True,0.36521588656730136,0.43412670870464104
recoverability_s42,soccer,662,0,0,2,True,False,True,0.570985109647745,0.570985109647745
recoverability_s42,soccer,667,0,0,2,True,False,True,0.6687871495015351,0.6687871495015351
recoverability_s42,soccer,670,0,0,2,True,False,True,0.6799919400474549,0.6799919400474549
recoverability_s42,soccer,671,0,0,2,True,False,True,0.6369691172971574,0.6369691172971574
recoverability_s42,soccer,672,0,0,2,True,False,True,0.607526682005301,0.607526682005301
recoverability_s42,soccer,673,0,0,2,True,False,True,0.5681609258785116,0.5681609258785116
recoverability_s42,soccer,1031,0,0,2,True,False,True,0.5826890425763399,0.5826890425763399
recoverability_s42,soccer,1032,0,1,2,True,False,True,0.646962385795443,0.0
recoverability_s42,soccer,1033,0,1,0,False,False,True,0.0,0.0
recoverability_s42,soccer,1034,0,2,0,False,False,True,0.0,0.0
recoverability_s42,soccer,1035,0,1,2,True,False,True,0.0,0.0
recoverability_s42,soccer,1036,0,1,0,False,False,True,0.0,0.0
recoverability_s42,soccer,1038,0,1,0,False,False,True,0.0,0.0
recoverability_s42,soccer,1039,0,2,0,False,False,True,0.0,0.0
recoverability_s42,soccer,1041,0,1,2,True,False,True,0.0,0.0
recoverability_s42,soccer,1045,2,0,2,True,False,True,0.0,0.5638096468709408
recoverability_s42,soccer2,137,0,1,2,True,False,True,0.3070937497775608,0.02549874056310846
recoverability_s42,soccer2,138,0,0,2,True,False,True,0.06921533353210069,0.06921533353210069
recoverability_s42,soccer2,139,0,0,2,True,False,True,0.254935090274509,0.254935090274509
recoverability_s42,soccer2,141,0,0,2,True,False,True,0.22092163807846577,0.22092163807846577
recoverability_s42,soccer2,142,0,0,2,True,False,True,0.2368354232890326,0.2368354232890326
recoverability_s42,soccer2,158,0,0,2,True,False,True,0.5515361677595206,0.5515361677595206
recoverability_s42,soccer2,377,0,1,2,True,False,True,0.0,0.0
recoverability_s42,soccer2,378,2,0,2,True,False,True,0.0,0.025176934615647177
recoverability_s42,soccerinhand,191,0,0,2,True,False,True,0.7234665104166278,0.7234665104166278
recoverability_s42,soccerinhand,192,0,1,0,False,False,True,0.763253067220677,0.0
recoverability_s42,soccerinhand,193,0,1,0,False,False,True,0.0,0.0
recoverability_s42,soccerinhand,195,0,2,0,False,False,True,0.0,0.0
recoverability_s42,soccerinhand,196,0,2,2,True,False,True,0.0,0.0
recoverability_s42,soccerinhand,197,0,1,2,True,False,True,0.0,0.0
recoverability_s42,soccerinhand,198,0,3,0,False,False,True,0.0,0.0
recoverability_s42,soccerinhand,199,0,0,2,True,False,True,0.0,0.0
recoverability_s42,soccerinhand,200,2,3,2,True,False,True,0.0,0.0
recoverability_s42,soccerinhand,201,0,0,2,True,False,True,0.0,0.0
recoverability_s42,soccerinhand,202,0,0,2,True,False,True,0.0,0.0
recoverability_s42,soccerinhand,203,0,0,2,True,False,True,0.0,0.0
recoverability_s42,soccerinhand,204,0,0,2,True,False,True,0.0,0.0
recoverability_s42,soccerinhand,205,0,0,2,True,False,True,0.0,0.0
recoverability_s42,soccerinhand,206,0,0,2,True,False,True,0.0,0.0
recoverability_s42,soccerinhand,207,0,0,2,True,False,True,0.0,0.0
recoverability_s42,soccerinhand,208,0,0,2,True,False,True,0.0,0.0
recoverability_s42,soccerinhand,209,0,0,2,True,False,True,0.0,0.0
recoverability_s42,soccerinhand,210,0,0,2,True,False,True,0.0,0.0
recoverability_s42,soccerinhand,212,0,0,2,True,False,True,0.0,0.0
recoverability_s42,soccerinhand,213,0,0,2,True,False,True,0.0,0.0
recoverability_s42,soccerinhand,214,0,0,2,True,False,True,0.0,0.0
recoverability_s42,soccerinhand,216,0,0,2,True,False,True,0.0,0.0
recoverability_s42,soccerinhand,217,0,0,2,True,False,True,0.0,0.0
recoverability_s42,soccerinhand,218,2,2,2,True,False,True,0.0,0.0
recoverability_s42,soccerinhand,219,0,1,2,True,False,True,0.0,0.0
recoverability_s42,soccerinhand,220,0,0,0,False,False,True,0.0,0.0
recoverability_s42,soccerinhand,221,0,1,0,False,False,True,0.0,0.0
recoverability_s42,soccerinhand,224,0,0,2,True,False,True,0.0,0.0
recoverability_s42,soccerinhand,225,2,1,2,True,False,True,0.0,0.0
recoverability_s42,soccerinhand,226,0,0,2,True,False,True,0.0,0.0
recoverability_s42,soccerinhand,227,0,0,2,True,False,True,0.0,0.0
recoverability_s42,soccerinhand,228,0,0,2,True,False,True,0.0,0.0
recoverability_s42,soccerinhand,229,2,0,2,True,False,True,0.0,0.0
recoverability_s42,soccerinhand,230,0,0,2,True,False,True,0.0,0.0
recoverability_s42,soccerinhand,231,0,0,2,True,False,True,0.0,0.0
recoverability_s42,soccerinhand,232,0,0,2,True,False,True,0.0,0.0
recoverability_s42,soccerinhand,233,2,0,2,True,False,True,0.0,0.0
recoverability_s42,soccerinhand,234,0,0,2,True,False,True,0.0,0.0
recoverability_s42,soccerinhand,235,2,1,2,True,False,True,0.0,0.0
recoverability_s42,soccerinhand,236,0,0,2,True,False,True,0.0,0.0
recoverability_s42,soccerinhand,237,0,0,2,True,False,True,0.0,0.0
recoverability_s42,soccerinhand,238,0,0,2,True,False,True,0.0,0.0
recoverability_s42,soccerinhand,239,0,0,2,True,False,True,0.0,0.0
recoverability_s42,soccerinhand,240,0,0,2,True,False,True,0.0,0.0
recoverability_s42,soccerinhand,241,2,0,2,True,False,True,0.0,0.0
recoverability_s42,soccerinhand,242,0,0,2,True,False,True,0.0,0.0
recoverability_s42,soccerinhand,243,0,0,2,True,False,True,0.0,0.0
recoverability_s42,soccerinhand,245,0,0,2,True,False,True,0.0,0.0
recoverability_s42,soccerinhand,248,0,0,2,True,False,True,0.0,0.0
recoverability_s42,soccerinhand,250,0,0,2,True,False,True,0.0,0.0
recoverability_s42,soccerinhand,251,0,0,2,True,False,True,0.0,0.0
recoverability_s42,soccerinhand,253,0,0,2,True,False,True,0.0,0.0
recoverability_s42,soccerinhand,263,0,0,2,True,False,True,0.0,0.0
recoverability_s42,soccerinhand,264,0,0,2,True,False,True,0.0,0.0
recoverability_s42,soccerinhand,266,0,0,2,True,False,True,0.0,0.0
recoverability_s42,soccerinhand,268,0,0,2,True,False,True,0.0,0.0
recoverability_s42,soccerinhand,269,0,0,2,True,False,True,0.0,0.0
recoverability_s42,soccerinhand,271,0,0,2,True,False,True,0.0,0.0
recoverability_s42,soccerinhand,272,0,0,2,True,False,True,0.0,0.0
recoverability_s42,soccerinhand,273,0,0,2,True,False,True,0.0,0.0
recoverability_s42,soccerinhand,279,0,0,2,True,False,True,0.0,0.0
recoverability_s42,soccerinhand,282,0,0,2,True,False,True,0.0,0.0
recoverability_s42,soccerinhand,283,0,0,2,True,False,True,0.0,0.0
recoverability_s42,soccerinhand,284,0,0,2,True,False,True,0.0,0.0
recoverability_s42,soccerinhand,286,0,0,2,True,False,True,0.0,0.0
recoverability_s42,soccerinhand,291,0,0,2,True,False,True,0.0,0.0
recoverability_s42,soccerinhand,292,2,0,2,True,False,True,0.0,0.0
recoverability_s42,soccerinhand,293,0,0,2,True,False,True,0.0,0.0
recoverability_s42,soccerinhand,294,2,0,2,True,False,True,0.0,0.0
recoverability_s42,soccerinhand,295,0,0,2,True,False,True,0.0,0.0
recoverability_s42,soccerinhand,300,0,0,2,True,False,True,0.0,0.0
recoverability_s42,soccerinhand,301,0,0,2,True,False,True,0.0,0.0
recoverability_s42,soccerinhand,302,0,0,2,True,False,True,0.0,0.0
recoverability_s42,soccerinhand,303,0,0,2,True,False,True,0.0,0.0
recoverability_s42,soccerinhand,304,0,0,2,True,False,True,0.0,0.0
recoverability_s42,soccerinhand,305,0,0,2,True,False,True,0.0,0.0
recoverability_s42,soccerinhand,306,0,0,2,True,False,True,0.0,0.0
recoverability_s42,soccerinhand,307,0,0,2,True,False,True,0.0,0.0
recoverability_s42,soccerinhand,308,0,0,2,True,False,True,0.0,0.0
recoverability_s42,soccerinhand,309,2,1,2,True,False,True,0.0,0.0
recoverability_s42,soccerinhand,310,0,0,2,True,False,True,0.0,0.0
recoverability_s42,soccerinhand,311,0,0,2,True,False,True,0.0,0.0
recoverability_s42,soccerinhand,312,0,0,2,True,False,True,0.0,0.0
recoverability_s42,soccerinhand,315,0,0,2,True,False,True,0.0,0.0
recoverability_s42,soccerinhand,316,0,0,2,True,False,True,0.0,0.0
recoverability_s42,soccerinhand,317,0,0,2,True,False,True,0.0,0.0
recoverability_s42,soccerinhand,318,0,0,2,True,False,True,0.0,0.0
recoverability_s42,soccerinhand,320,0,0,2,True,False,True,0.0,0.0
recoverability_s42,soccerinhand,321,0,0,2,True,False,True,0.0,0.0
recoverability_s42,soccerinhand,322,0,0,2,True,False,True,0.0,0.0
recoverability_s42,soccerinhand,325,0,0,2,True,False,True,0.0,0.0
recoverability_s42,soccerinhand,326,0,0,2,True,False,True,0.0,0.0
recoverability_s42,soccerinhand,333,0,0,2,True,False,True,0.0,0.0
recoverability_s42,soccerinhand,334,0,0,2,True,False,True,0.0,0.0
recoverability_s42,soccerinhand,335,0,0,2,True,False,True,0.0,0.0
recoverability_s42,soccerinhand,336,0,0,2,True,False,True,0.0,0.0
recoverability_s42,soccerinhand,338,0,0,2,True,False,True,0.0,0.0
recoverability_s42,soccerinhand,344,0,0,2,True,False,True,0.0,0.0
recoverability_s42,soccerinhand,346,0,0,2,True,False,True,0.0,0.0
recoverability_s42,soccerinhand,347,0,0,2,True,False,True,0.0,0.0
recoverability_s42,soccerinhand,348,0,0,2,True,False,True,0.0,0.0
recoverability_s42,soccerinhand,349,0,0,2,True,False,True,0.0,0.0
recoverability_s42,soccerinhand,352,0,0,2,True,False,True,0.0,0.0
recoverability_s42,soccerinhand,354,0,0,2,True,False,True,0.0,0.0
recoverability_s42,soccerinhand,356,0,0,2,True,False,True,0.0,0.0
recoverability_s42,soccerinhand,357,0,0,2,True,False,True,0.0,0.0
recoverability_s42,soccerinhand,358,0,0,2,True,False,True,0.0,0.0
recoverability_s42,soccerinhand,359,2,0,2,True,False,True,0.0,0.0
recoverability_s42,soccerinhand,360,0,0,2,True,False,True,0.0,0.0
recoverability_s42,soccerinhand,362,0,0,2,True,False,True,0.0,0.0
recoverability_s42,soccerinhand,363,0,0,2,True,False,True,0.0,0.0
recoverability_s42,soccerinhand,364,0,0,2,True,False,True,0.0,0.0
recoverability_s42,soccerinhand,365,0,1,0,False,False,True,0.0,0.0
recoverability_s42,soccerinhand,367,0,0,2,True,False,True,0.0,0.0
recoverability_s42,soccerinhand,368,0,0,2,True,False,True,0.0,0.0
recoverability_s42,soccerinhand,369,0,0,2,True,False,True,0.0,0.0
recoverability_s42,soccerinhand,370,2,0,2,True,False,True,0.0,0.0
recoverability_s42,soccerinhand,371,0,0,2,True,False,True,0.0,0.0
recoverability_s42,soccerinhand,372,2,0,2,True,False,True,0.0,0.0
recoverability_s42,soccerinhand,373,0,0,2,True,False,True,0.0,0.0
recoverability_s42,soccerinhand,374,0,0,2,True,False,True,0.0,0.0
recoverability_s42,soccerinhand,376,2,0,2,True,False,True,0.0,0.0
recoverability_s42,soccerinhand,377,0,0,2,True,False,True,0.0,0.0
recoverability_s42,soccerinhand,378,0,0,2,True,False,True,0.0,0.0
recoverability_s42,soccerinhand,379,2,1,2,True,False,True,0.0,0.0
recoverability_s42,soccerinhand,381,0,0,2,True,False,True,0.0,0.0
recoverability_s42,soccerinhand,382,2,0,2,True,False,True,0.0,0.0
recoverability_s42,soccerinhand,383,0,0,2,True,False,True,0.0,0.0
recoverability_s42,soccerinhand,384,0,0,2,True,False,True,0.0,0.0
recoverability_s42,soccerinhand,385,0,0,2,True,False,True,0.0,0.0
recoverability_s42,soccerinhand,386,0,0,2,True,False,True,0.0,0.0
recoverability_s42,soccerinhand,387,0,0,2,True,False,True,0.0,0.0
recoverability_s42,soccerinhand,388,0,0,2,True,False,True,0.0,0.0
recoverability_s42,soccerinhand,389,0,0,2,True,False,True,0.0,0.0
recoverability_s42,soccerinhand,390,0,0,2,True,False,True,0.0,0.0
recoverability_s42,soccerinhand,392,2,0,2,True,False,True,0.0,0.0
recoverability_s42,soccerinhand,393,0,0,2,True,False,True,0.0,0.0
recoverability_s42,soccerinhand,394,0,0,2,True,False,True,0.0,0.0
recoverability_s42,soccerinhand,395,0,0,2,True,False,True,0.0,0.0
recoverability_s42,soccerinhand,397,2,0,2,True,False,True,0.0,0.0
recoverability_s42,soccerinhand,400,0,0,2,True,False,True,0.0,0.0
recoverability_s42,soccerinhand,402,0,0,2,True,False,True,0.0,0.0
recoverability_s42,soccerinhand,403,2,0,2,True,False,True,0.0,0.0
recoverability_s42,soccerinhand,404,0,0,2,True,False,True,0.0,0.0
recoverability_s42,soccerinhand,405,2,0,2,True,False,True,0.0,0.0
recoverability_s42,soccerinhand,406,0,0,2,True,False,True,0.0,0.0
recoverability_s42,soccerinhand,407,0,0,2,True,False,True,0.0,0.0
recoverability_s42,soccerinhand,408,0,0,2,True,False,True,0.0,0.0
recoverability_s42,soccerinhand,409,0,0,2,True,False,True,0.0,0.0
recoverability_s42,soccerinhand,410,0,0,2,True,False,True,0.0,0.0
recoverability_s42,soccerinhand,413,0,0,2,True,False,True,0.0,0.0
recoverability_s42,soccerinhand,415,0,0,2,True,False,True,0.0,0.0
recoverability_s42,soccerinhand,416,0,0,2,True,False,True,0.0,0.0
recoverability_s42,soccerinhand,418,0,0,2,True,False,True,0.0,0.0
recoverability_s42,soccerinhand,420,2,0,2,True,False,True,0.0,0.0
recoverability_s42,soccerinhand,421,0,0,2,True,False,True,0.0,0.0
recoverability_s42,soccerinhand,422,0,0,2,True,False,True,0.0,0.0
recoverability_s42,soccerinhand,424,0,0,2,True,False,True,0.0,0.0
recoverability_s42,soccerinhand,426,2,0,2,True,False,True,0.0,0.0
recoverability_s42,soccerinhand,427,0,0,2,True,False,True,0.0,0.0
recoverability_s42,soccerinhand,429,0,0,2,True,False,True,0.0,0.0
recoverability_s42,soccerinhand,430,0,0,2,True,False,True,0.0,0.0
recoverability_s42,soccerinhand,431,2,0,2,True,False,True,0.0,0.0
recoverability_s42,soccerinhand,432,0,0,2,True,False,True,0.0,0.0
recoverability_s42,soccerinhand,434,0,0,2,True,False,True,0.0,0.0
recoverability_s42,soccerinhand,435,0,0,2,True,False,True,0.0,0.0
recoverability_s42,soccerinhand,439,0,0,2,True,False,True,0.0,0.0
recoverability_s42,soccerinhand,440,0,0,2,True,False,True,0.0,0.0
recoverability_s42,soccerinhand,441,0,0,2,True,False,True,0.0,0.0
recoverability_s42,soccerinhand,442,0,0,2,True,False,True,0.0,0.0
recoverability_s42,soccerinhand,443,0,1,0,False,False,True,0.0,0.0
recoverability_s42,soccerinhand,444,2,0,2,True,False,True,0.0,0.0
recoverability_s42,soccerinhand,445,0,0,2,True,False,True,0.0,0.0
recoverability_s42,soccerinhand,446,0,0,2,True,False,True,0.0,0.0
recoverability_s42,soccerinhand,449,0,0,2,True,False,True,0.0,0.0
recoverability_s42,soccerinhand,450,0,0,2,True,False,True,0.0,0.0
recoverability_s42,soccerinhand,452,0,0,2,True,False,True,0.0,0.0
recoverability_s42,soccerinhand,453,2,0,2,True,False,True,0.0,0.0
recoverability_s42,soccerinhand,454,0,0,2,True,False,True,0.0,0.0
recoverability_s42,soccerinhand,455,0,0,2,True,False,True,0.0,0.0
recoverability_s42,soccerinhand,456,2,1,2,True,False,True,0.0,0.0
recoverability_s42,soccerinhand,457,2,1,2,True,False,True,0.0,0.0
recoverability_s42,soccerinhand,458,0,0,2,True,False,True,0.0,0.0
recoverability_s42,soccerinhand,460,0,0,2,True,False,True,0.0,0.0
recoverability_s42,soccerinhand,462,0,0,2,True,False,True,0.0,0.0
recoverability_s42,soccerinhand,463,0,0,2,True,False,True,0.0,0.0
recoverability_s42,soccerinhand,464,0,0,2,True,False,True,0.0,0.0
recoverability_s42,soccerinhand,465,0,0,2,True,False,True,0.0,0.0
recoverability_s42,soccerinhand,466,0,0,2,True,False,True,0.0,0.0
recoverability_s42,soccerinhand,467,2,1,2,True,False,True,0.0,0.0
recoverability_s42,soccerinhand,468,0,0,2,True,False,True,0.0,0.0
recoverability_s42,soccerinhand,469,0,0,2,True,False,True,0.0,0.0
recoverability_s42,soccerinhand,470,0,0,2,True,False,True,0.0,0.0
recoverability_s42,soccerinhand,474,0,0,2,True,False,True,0.0,0.0
recoverability_s42,soccerinhand,475,0,0,2,True,False,True,0.0,0.0
recoverability_s42,soccerinhand,477,0,0,2,True,False,True,0.0,0.0
recoverability_s42,soccerinhand,478,0,0,2,True,False,True,0.0,0.0
recoverability_s42,soccerinhand,480,0,0,2,True,False,True,0.0,0.0
recoverability_s42,soccerinhand,481,2,0,2,True,False,True,0.0,0.0
recoverability_s42,soccerinhand,483,0,2,0,False,False,True,0.0,0.0
recoverability_s42,soccerinhand,484,0,0,0,False,False,True,0.0,0.0
recoverability_s42,soccerinhand,487,0,0,2,True,False,True,0.0,0.0
recoverability_s42,soccerinhand,488,0,0,2,True,False,True,0.0,0.0
recoverability_s42,soccerinhand,490,2,0,2,True,False,True,0.0,0.0
recoverability_s42,soccerinhand,491,0,0,2,True,False,True,0.0,0.0
recoverability_s42,soccerinhand,492,0,0,2,True,False,True,0.0,0.0
recoverability_s42,soccerinhand,493,0,0,2,True,False,True,0.0,0.0
recoverability_s42,soccerinhand,494,0,0,2,True,False,True,0.0,0.0
recoverability_s42,soccerinhand,495,0,0,2,True,False,True,0.0,0.0
recoverability_s42,soccerinhand,496,0,0,2,True,False,True,0.0,0.0
recoverability_s42,soccerinhand,497,0,0,2,True,False,True,0.0,0.0
recoverability_s42,soccerinhand,499,0,0,2,True,False,True,0.0,0.0
recoverability_s42,soccerinhand,500,0,0,2,True,False,True,0.0,0.0
recoverability_s42,soccerinhand,501,0,0,2,True,False,True,0.0,0.0
recoverability_s42,soccerinhand,502,0,0,2,True,False,True,0.0,0.0
recoverability_s42,soccerinhand,503,0,1,0,False,False,True,0.0,0.0
recoverability_s42,soccerinhand,504,2,2,2,True,False,True,0.0,0.0
recoverability_s42,soccerinhand,505,0,0,2,True,False,True,0.0,0.0
recoverability_s42,soccerinhand,508,0,0,2,True,False,True,0.0,0.0
recoverability_s42,soccerinhand,509,2,2,2,True,False,True,0.0,0.0
recoverability_s42,soccerinhand,510,0,0,2,True,False,True,0.0,0.0
recoverability_s42,soccerinhand,512,0,0,2,True,False,True,0.0,0.0
recoverability_s42,soccerinhand,514,0,0,2,True,False,True,0.0,0.0
recoverability_s42,soccerinhand,516,0,0,2,True,False,True,0.0,0.0
recoverability_s42,soccerinhand,519,0,0,2,True,False,True,0.0,0.0
recoverability_s42,soccerinhand,520,0,0,2,True,False,True,0.0,0.0
recoverability_s42,soccerinhand,523,0,0,2,True,False,True,0.0,0.0
recoverability_s42,soccerinhand,524,0,0,2,True,False,True,0.0,0.0
recoverability_s42,soccerinhand,525,2,0,2,True,False,True,0.0,0.0
recoverability_s42,soccerinhand,526,0,0,2,True,False,True,0.0,0.0
recoverability_s42,soccerinhand,528,2,0,2,True,False,True,0.0,0.0
recoverability_s42,soccerinhand,529,0,0,2,True,False,True,0.0,0.0
recoverability_s42,soccerinhand,531,0,0,2,True,False,True,0.0,0.0
recoverability_s42,soccerinhand,532,0,0,2,True,False,True,0.0,0.0
recoverability_s42,soccerinhand,533,0,0,2,True,False,True,0.0,0.0
recoverability_s42,soccerinhand,534,2,1,2,True,False,True,0.0,0.0
recoverability_s42,soccerinhand,535,0,0,2,True,False,True,0.0,0.0
recoverability_s42,soccerinhand,537,0,0,2,True,False,True,0.0,0.0
recoverability_s42,soccerinhand,538,0,0,2,True,False,True,0.0,0.0
recoverability_s42,soccerinhand,539,2,0,2,True,False,True,0.0,0.0
recoverability_s42,soccerinhand,541,2,0,2,True,False,True,0.0,0.0
recoverability_s42,soccerinhand,542,0,0,2,True,False,True,0.0,0.0
recoverability_s42,soccerinhand,543,0,0,2,True,False,True,0.0,0.0
recoverability_s42,soccerinhand,544,0,0,2,True,False,True,0.0,0.0
recoverability_s42,soccerinhand,545,0,0,2,True,False,True,0.0,0.0
recoverability_s42,soccerinhand,546,2,0,2,True,False,True,0.0,0.0
recoverability_s42,soccerinhand,547,0,0,2,True,False,True,0.0,0.0
recoverability_s42,soccerinhand,548,2,0,2,True,False,True,0.0,0.0
recoverability_s42,soccerinhand,549,0,0,2,True,False,True,0.0,0.0
recoverability_s42,soccerinhand,550,2,0,2,True,False,True,0.0,0.0
recoverability_s42,soccerinhand,551,0,0,2,True,False,True,0.0,0.0
recoverability_s42,soccerinhand,552,2,0,2,True,False,True,0.0,0.0
recoverability_s42,soccerinhand,554,0,0,2,True,False,True,0.0,0.0
recoverability_s42,soccerinhand,555,0,0,2,True,False,True,0.0,0.0
recoverability_s42,soccerinhand,557,0,0,2,True,False,True,0.0,0.0
recoverability_s42,soccerinhand,562,0,0,2,True,False,True,0.0,0.0
recoverability_s42,soccerinhand,563,0,0,2,True,False,True,0.0,0.0
recoverability_s42,soccerinhand,564,2,0,2,True,False,True,0.0,0.0
recoverability_s42,soccerinhand,565,0,0,2,True,False,True,0.0,0.0
recoverability_s42,soccerinhand,567,0,0,2,True,False,True,0.0,0.0
recoverability_s42,soccerinhand,568,0,0,2,True,False,True,0.0,0.0
recoverability_s42,soccerinhand,570,2,0,2,True,False,True,0.0,0.0
recoverability_s42,soccerinhand,571,0,0,2,True,False,True,0.0,0.0
recoverability_s42,soccerinhand,572,0,0,2,True,False,True,0.0,0.0
recoverability_s42,soccerinhand,573,0,0,2,True,False,True,0.0,0.0
recoverability_s42,soccerinhand,574,0,0,2,True,False,True,0.0,0.0
recoverability_s42,soccerinhand,575,0,0,2,True,False,True,0.0,0.0
recoverability_s42,soccerinhand,576,0,0,2,True,False,True,0.0,0.0
recoverability_s42,soccerinhand,579,0,0,2,True,False,True,0.0,0.0
recoverability_s42,soccerinhand,580,2,0,2,True,False,True,0.0,0.0
recoverability_s42,soccerinhand,581,0,0,2,True,False,True,0.0,0.0
recoverability_s42,soccerinhand,582,0,0,2,True,False,True,0.0,0.0
recoverability_s42,soccerinhand,583,0,0,2,True,False,True,0.0,0.0
recoverability_s42,soccerinhand,584,0,0,2,True,False,True,0.0,0.0
recoverability_s42,soccerinhand,585,0,0,2,True,False,True,0.0,0.0
recoverability_s42,soccerinhand,587,2,1,2,True,False,True,0.0,0.0
recoverability_s42,soccerinhand,588,0,0,2,True,False,True,0.0,0.0
recoverability_s42,soccerinhand,590,0,0,2,True,False,True,0.0,0.0
recoverability_s42,soccerinhand,591,2,0,2,True,False,True,0.0,0.0
recoverability_s42,soccerinhand,592,0,0,2,True,False,True,0.0,0.0
recoverability_s42,soccerinhand,594,0,0,2,True,False,True,0.0,0.0
recoverability_s42,soccerinhand,595,0,0,2,True,False,True,0.0,0.0
recoverability_s42,soccerinhand,596,2,0,2,True,False,True,0.0,0.0
recoverability_s42,soccerinhand,597,0,0,2,True,False,True,0.0,0.0
recoverability_s42,soccerinhand,598,0,0,2,True,False,True,0.0,0.0
recoverability_s42,soccerinhand,600,0,0,2,True,False,True,0.0,0.0
recoverability_s42,soccerinhand,601,0,0,2,True,False,True,0.0,0.0
recoverability_s42,soccerinhand,602,2,0,2,True,False,True,0.0,0.0
recoverability_s42,soccerinhand,604,0,0,2,True,False,True,0.0,0.0
recoverability_s42,soccerinhand,605,0,0,2,True,False,True,0.0,0.0
recoverability_s42,soccerinhand,606,0,0,2,True,False,True,0.0,0.0
recoverability_s42,soccerinhand,607,0,0,2,True,False,True,0.0,0.0
recoverability_s42,soccerinhand,608,0,1,0,False,False,True,0.0,0.0
recoverability_s42,soccerinhand,610,0,0,2,True,False,True,0.0,0.0
recoverability_s42,soccerinhand,612,0,0,2,True,False,True,0.0,0.0
recoverability_s42,soccerinhand,614,0,0,2,True,False,True,0.0,0.0
recoverability_s42,soccerinhand,619,0,0,2,True,False,True,0.0,0.0
recoverability_s42,soccerinhand,622,0,0,2,True,False,True,0.0,0.0
recoverability_s42,soccerinhand,623,0,0,2,True,False,True,0.0,0.0
recoverability_s42,soccerinhand,625,0,0,2,True,False,True,0.0,0.0
recoverability_s42,soccerinhand,630,0,0,2,True,False,True,0.0,0.0
recoverability_s42,soccerinhand,632,0,0,2,True,False,True,0.0,0.0
recoverability_s42,soccerinhand,634,0,0,2,True,False,True,0.0,0.0
recoverability_s42,soccerinhand,635,0,0,2,True,False,True,0.0,0.0
recoverability_s42,soccerinhand,636,2,0,2,True,False,True,0.0,0.0
recoverability_s42,soccerinhand,638,0,0,2,True,False,True,0.0,0.0
recoverability_s42,soccerinhand,639,0,0,2,True,False,True,0.0,0.0
recoverability_s42,soccerinhand,644,0,0,2,True,False,True,0.0,0.0
recoverability_s42,soccerinhand,645,0,0,2,True,False,True,0.0,0.0
recoverability_s42,soccerinhand,653,2,0,2,True,False,True,0.0,0.0
recoverability_s42,soccerinhand,656,0,0,2,True,False,True,0.0,0.0
recoverability_s42,soccerinhand,661,0,0,2,True,False,True,0.0,0.0
recoverability_s42,soccerinhand,662,0,0,2,True,False,True,0.0,0.0
recoverability_s42,soccerinhand,666,0,0,2,True,False,True,0.0,0.0
recoverability_s42,soccerinhand,667,0,0,2,True,False,True,0.0,0.0
recoverability_s42,soccerinhand,668,2,2,2,True,False,True,0.0,0.0
recoverability_s42,soccerinhand,669,0,0,2,True,False,True,0.0,0.0
recoverability_s42,soccerinhand,674,0,0,2,True,False,True,0.0,0.0
recoverability_s42,soccerinhand,680,0,0,2,True,False,True,0.0,0.0
recoverability_s42,soccerinhand,687,0,0,2,True,False,True,0.0,0.0
recoverability_s42,soccerinhand,688,0,0,2,True,False,True,0.0,0.0
recoverability_s42,soccerinhand,689,0,0,2,True,False,True,0.0,0.0
recoverability_s42,soccerinhand,690,0,0,2,True,False,True,0.0,0.0
recoverability_s42,soccerinhand,692,0,0,2,True,False,True,0.0,0.0
recoverability_s42,soccerinhand,693,0,0,2,True,False,True,0.0,0.0
recoverability_s42,soccerinhand,695,2,0,2,True,False,True,0.0,0.0
recoverability_s42,soccerinhand,700,0,0,2,True,False,True,0.0,0.0
recoverability_s42,soccerinhand,702,0,0,2,True,False,True,0.0,0.0
recoverability_s42,soccerinhand,704,2,0,2,True,False,True,0.0,0.0
recoverability_s42,soccerinhand,708,0,0,2,True,False,True,0.0,0.0
recoverability_s42,soccerinhand,709,2,0,2,True,False,True,0.0,0.0
recoverability_s42,soccerinhand,710,0,0,2,True,False,True,0.0,0.0
recoverability_s42,soccerinhand,712,0,0,2,True,False,True,0.0,0.0
recoverability_s42,soccerinhand,714,0,0,2,True,False,True,0.0,0.0
recoverability_s42,soccerinhand,716,0,0,2,True,False,True,0.0,0.0
recoverability_s42,soccerinhand,717,2,0,2,True,False,True,0.0,0.0
recoverability_s42,soccerinhand,718,0,0,2,True,False,True,0.0,0.0
recoverability_s42,soccerinhand,720,0,0,2,True,False,True,0.0,0.0
recoverability_s42,soccerinhand,725,2,0,2,True,False,True,0.0,0.0
recoverability_s42,soccerinhand,726,0,0,2,True,False,True,0.0,0.0
recoverability_s42,soccerinhand,727,0,0,2,True,False,True,0.0,0.0
recoverability_s42,soccerinhand,729,2,0,2,True,False,True,0.0,0.0
recoverability_s42,soccerinhand,730,0,0,2,True,False,True,0.0,0.0
recoverability_s42,soccerinhand,731,2,0,2,True,False,True,0.0,0.0
recoverability_s42,soccerinhand,732,0,0,2,True,False,True,0.0,0.0
recoverability_s42,soccerinhand,733,0,0,2,True,False,True,0.0,0.0
recoverability_s42,soccerinhand,734,2,1,2,True,False,True,0.0,0.0
recoverability_s42,soccerinhand,735,0,0,2,True,False,True,0.0,0.0
recoverability_s42,soccerinhand,736,0,0,2,True,False,True,0.0,0.0
recoverability_s42,soccerinhand,738,2,0,2,True,False,True,0.0,0.0
recoverability_s42,soccerinhand,739,0,0,2,True,False,True,0.0,0.0
recoverability_s42,soccerinhand,740,0,0,2,True,False,True,0.0,0.0
recoverability_s42,soccerinhand,741,0,0,2,True,False,True,0.0,0.0
recoverability_s42,soccerinhand,744,0,0,2,True,False,True,0.0,0.0
recoverability_s42,soccerinhand,745,0,0,2,True,False,True,0.0,0.0
recoverability_s42,soccerinhand,748,2,1,2,True,False,True,0.0,0.0
recoverability_s42,soccerinhand,749,0,0,2,True,False,True,0.0,0.0
recoverability_s42,soccerinhand,750,0,0,2,True,False,True,0.0,0.0
recoverability_s42,soccerinhand,751,0,0,2,True,False,True,0.0,0.0
recoverability_s42,soccerinhand,752,0,0,2,True,False,True,0.0,0.0
recoverability_s42,soccerinhand,754,0,0,2,True,False,True,0.0,0.0
recoverability_s42,soccerinhand,756,0,0,2,True,False,True,0.0,0.0
recoverability_s42,soccerinhand,759,0,0,2,True,False,True,0.0,0.0
recoverability_s42,soccerinhand,760,0,0,2,True,False,True,0.0,0.0
recoverability_s42,soccerinhand,762,0,0,2,True,False,True,0.0,0.0
recoverability_s42,soccerinhand,767,0,0,2,True,False,True,0.0,0.0
recoverability_s42,soccerinhand,768,0,0,2,True,False,True,0.0,0.0
recoverability_s42,soccerinhand,773,0,0,2,True,False,True,0.0,0.0
recoverability_s42,soccerinhand,774,0,0,2,True,False,True,0.0,0.0
recoverability_s42,soccerinhand,775,0,0,2,True,False,True,0.0,0.0
recoverability_s42,soccerinhand,776,0,0,2,True,False,True,0.0,0.0
recoverability_s42,soccerinhand,777,0,0,2,True,False,True,0.0,0.0
recoverability_s42,soccerinhand,781,0,0,2,True,False,True,0.0,0.0
recoverability_s42,soccerinhand,782,0,0,2,True,False,True,0.0,0.0
recoverability_s42,soccerinhand,787,0,0,2,True,False,True,0.0,0.0
recoverability_s42,soccerinhand,788,0,0,2,True,False,True,0.0,0.0
recoverability_s42,soccerinhand,790,0,0,2,True,False,True,0.0,0.0
recoverability_s42,soccerinhand,794,0,0,2,True,False,True,0.0,0.0
recoverability_s42,soccerinhand,795,0,0,2,True,False,True,0.0,0.0
recoverability_s42,soccerinhand,803,0,0,2,True,False,True,0.0,0.0
recoverability_s42,soccerinhand,809,0,0,2,True,False,True,0.0,0.0
recoverability_s42,soccerinhand,813,0,0,2,True,False,True,0.0,0.0
recoverability_s42,soccerinhand,818,0,0,2,True,False,True,0.0,0.0
recoverability_s42,soccerinhand,820,0,0,2,True,False,True,0.0,0.0
recoverability_s42,soccerinhand,823,0,0,2,True,False,True,0.0,0.0
recoverability_s42,soccerinhand,825,2,0,2,True,False,True,0.0,0.0
recoverability_s42,soccerinhand,827,0,0,2,True,False,True,0.0,0.0
recoverability_s42,soccerinhand,828,2,0,2,True,False,True,0.0,0.0
recoverability_s42,soccerinhand,829,0,0,2,True,False,True,0.0,0.0
recoverability_s42,soccerinhand,830,0,0,2,True,False,True,0.0,0.0
recoverability_s42,soccerinhand,831,2,0,2,True,False,True,0.0,0.0
recoverability_s42,soccerinhand,833,0,0,2,True,False,True,0.0,0.0
recoverability_s42,soccerinhand,834,0,0,2,True,False,True,0.0,0.0
recoverability_s42,soccerinhand,837,2,1,2,True,False,True,0.0,0.0
recoverability_s42,soccerinhand,840,0,0,2,True,False,True,0.0,0.0
recoverability_s42,soccerinhand,841,0,0,2,True,False,True,0.0,0.0
recoverability_s42,soccerinhand,842,0,0,2,True,False,True,0.0,0.0
recoverability_s42,soccerinhand,843,0,0,2,True,False,True,0.0,0.0
recoverability_s42,soccerinhand,848,0,0,2,True,False,True,0.0,0.0
recoverability_s42,soccerinhand,850,2,0,2,True,False,True,0.0,0.0
recoverability_s42,soccerinhand,853,0,0,2,True,False,True,0.0,0.0
recoverability_s42,soccerinhand,855,0,0,2,True,False,True,0.0,0.0
recoverability_s42,soccerinhand,856,2,1,2,True,False,True,0.0,0.0
recoverability_s42,soccerinhand,860,0,0,2,True,False,True,0.0,0.0
recoverability_s42,soccerinhand,863,0,0,2,True,False,True,0.0,0.0
recoverability_s42,soccerinhand,866,0,0,2,True,False,True,0.0,0.0
recoverability_s42,soccerinhand,869,0,0,2,True,False,True,0.0,0.0
recoverability_s42,soccerinhand,875,2,0,2,True,False,True,0.0,0.0
recoverability_s42,soccerinhand,877,0,0,2,True,False,True,0.0,0.0
recoverability_s42,soccerinhand,879,0,0,2,True,False,True,0.0,0.0
recoverability_s42,soccerinhand,882,0,0,2,True,False,True,0.0,0.0
recoverability_s42,soccerinhand,884,0,0,2,True,False,True,0.0,0.0
recoverability_s42,soccerinhand,885,0,0,2,True,False,True,0.0,0.0
recoverability_s42,soccerinhand,888,0,0,2,True,False,True,0.0,0.0
recoverability_s42,soccerinhand,889,2,0,2,True,False,True,0.0,0.0
recoverability_s42,soccerinhand,890,0,0,2,True,False,True,0.0,0.0
recoverability_s42,soccerinhand,891,0,0,2,True,False,True,0.0,0.0
recoverability_s42,soccerinhand,895,0,0,2,True,False,True,0.0,0.0
recoverability_s42,soccerinhand,896,0,0,2,True,False,True,0.0,0.0
recoverability_s42,soccerinhand,899,0,0,2,True,False,True,0.0,0.0
recoverability_s42,soccerinhand,901,2,0,2,True,False,True,0.0,0.0
recoverability_s42,soccerinhand,904,2,2,2,True,False,True,0.0,0.0
recoverability_s42,soccerinhand,906,0,0,2,True,False,True,0.0,0.0
recoverability_s42,soccerinhand,909,0,0,2,True,False,True,0.0,0.0
recoverability_s42,soccerinhand,910,0,0,2,True,False,True,0.0,0.0
recoverability_s42,soccerinhand,915,0,0,2,True,False,True,0.0,0.0
recoverability_s42,soccerinhand,920,0,0,2,True,False,True,0.0,0.0
recoverability_s42,soccerinhand,922,2,0,2,True,False,True,0.0,0.0
recoverability_s42,soccerinhand,923,0,0,2,True,False,True,0.0,0.0
recoverability_s42,soccerinhand,925,2,0,2,True,False,True,0.0,0.0
recoverability_s42,soccerinhand,927,0,0,2,True,False,True,0.0,0.0
recoverability_s42,soccerinhand,933,0,0,2,True,False,True,0.0,0.0
recoverability_s42,soccerinhand,934,0,0,2,True,False,True,0.0,0.0
recoverability_s42,soccerinhand,937,0,0,2,True,False,True,0.0,0.0
recoverability_s42,soccerinhand,944,0,0,2,True,False,True,0.0,0.0
recoverability_s42,soccerinhand,947,0,0,2,True,False,True,0.0,0.0
recoverability_s42,soccerinhand,953,0,0,2,True,False,True,0.0,0.0
recoverability_s42,soccerinhand,954,2,0,2,True,False,True,0.0,0.0
recoverability_s42,soccerinhand,955,0,0,2,True,False,True,0.0,0.0
recoverability_s42,soccerinhand,956,0,0,2,True,False,True,0.0,0.0
recoverability_s42,soccerinhand,957,0,0,2,True,False,True,0.0,0.0
recoverability_s42,soccerinhand,958,0,0,2,True,False,True,0.0,0.0
recoverability_s42,soccerinhand,960,0,0,2,True,False,True,0.0,0.0
recoverability_s42,soccerinhand,963,0,0,2,True,False,True,0.0,0.0
recoverability_s42,soccerinhand,964,0,0,2,True,False,True,0.0,0.0
recoverability_s42,soccerinhand,966,0,0,2,True,False,True,0.0,0.0
recoverability_s42,soccerinhand,967,2,0,2,True,False,True,0.0,0.0
recoverability_s42,soccerinhand,968,0,0,2,True,False,True,0.0,0.0
recoverability_s42,soccerinhand,970,2,0,2,True,False,True,0.0,0.0
recoverability_s42,soccerinhand,971,0,0,2,True,False,True,0.0,0.0
recoverability_s42,soccerinhand,972,0,0,2,True,False,True,0.0,0.0
recoverability_s42,soccerinhand,974,2,1,2,True,False,True,0.0,0.0
recoverability_s42,soccerinhand,979,0,0,2,True,False,True,0.0,0.0
recoverability_s42,soccerinhand,980,0,0,2,True,False,True,0.0,0.0
recoverability_s42,soccerinhand,982,0,0,2,True,False,True,0.0,0.0
recoverability_s42,soccerinhand,987,0,0,2,True,False,True,0.0,0.0
recoverability_s42,soccerinhand,988,0,0,2,True,False,True,0.0,0.0
recoverability_s42,soccerinhand,993,0,0,2,True,False,True,0.0,0.0
recoverability_s42,soccerinhand,995,0,0,2,True,False,True,0.0,0.0
recoverability_s42,soccerinhand,997,0,0,2,True,False,True,0.0,0.0
recoverability_s42,soccerinhand,998,0,0,2,True,False,True,0.0,0.0
recoverability_s42,soccerinhand,1005,0,0,2,True,False,True,0.0,0.0
recoverability_s42,soccerinhand,1010,0,0,2,True,False,True,0.0,0.0
recoverability_s42,soccerinhand,1011,0,0,2,True,False,True,0.0,0.0
recoverability_s42,soccerinhand,1012,0,0,2,True,False,True,0.0,0.0
recoverability_s42,soccerinhand,1013,0,0,2,True,False,True,0.0,0.0
recoverability_s42,soccerinhand,1014,0,0,2,True,False,True,0.0,0.0
recoverability_s42,soccerinhand,1016,2,1,2,True,False,True,0.0,0.0
recoverability_s42,soccerinhand,1018,0,0,2,True,False,True,0.0,0.0
recoverability_s42,soccerinhand,1019,0,0,2,True,False,True,0.0,0.0
recoverability_s42,soccerinhand,1022,0,0,2,True,False,True,0.0,0.0
recoverability_s42,soccerinhand,1024,0,0,2,True,False,True,0.0,0.0
recoverability_s42,soccerinhand,1025,0,0,2,True,False,True,0.0,0.0
recoverability_s42,soccerinhand,1026,0,0,2,True,False,True,0.0,0.0
recoverability_s42,soccerinhand,1027,0,0,2,True,False,True,0.0,0.0
recoverability_s42,soccerinhand,1030,0,0,2,True,False,True,0.0,0.0
recoverability_s42,soccerinhand,1031,0,0,2,True,False,True,0.0,0.0
recoverability_s42,soccerinhand,1032,2,0,2,True,False,True,0.0,0.0
recoverability_s42,soccerinhand,1033,0,0,2,True,False,True,0.0,0.0
recoverability_s42,soccerinhand,1035,2,0,2,True,False,True,0.0,0.0
recoverability_s42,soccerinhand,1037,0,0,2,True,False,True,0.0,0.0
recoverability_s42,soccerinhand,1042,0,0,2,True,False,True,0.0,0.0
recoverability_s42,soccerinhand,1048,0,0,2,True,False,True,0.0,0.0
recoverability_s42,soccerinhand,1050,0,0,2,True,False,True,0.0,0.0
recoverability_s42,soccerinhand,1053,0,0,2,True,False,True,0.0,0.0
recoverability_s42,soccerinhand,1054,0,0,2,True,False,True,0.0,0.0
recoverability_s42,soccerinhand,1057,0,0,2,True,False,True,0.0,0.0
recoverability_s42,soccerinhand,1058,0,0,2,True,False,True,0.0,0.0
recoverability_s42,soccerinhand,1060,0,0,2,True,False,True,0.0,0.0
recoverability_s42,soccerinhand,1061,0,0,2,True,False,True,0.0,0.0
recoverability_s42,soccerinhand,1063,0,0,2,True,False,True,0.0,0.0
recoverability_s42,soccerinhand,1064,0,0,2,True,False,True,0.0,0.0
recoverability_s42,soccerinhand,1065,0,0,2,True,False,True,0.0,0.0
recoverability_s42,soccerinhand,1067,0,0,2,True,False,True,0.0,0.0
recoverability_s42,soccerinhand,1070,0,0,2,True,False,True,0.0,0.0
recoverability_s42,soccerinhand,1072,0,0,2,True,False,True,0.0,0.0
recoverability_s42,soccerinhand,1073,0,0,2,True,False,True,0.0,0.0
recoverability_s42,soccerinhand,1076,0,0,2,True,False,True,0.0,0.0
recoverability_s42,soccerinhand,1078,0,0,2,True,False,True,0.0,0.0
recoverability_s42,soccerinhand,1080,0,0,2,True,False,True,0.0,0.0
recoverability_s42,soccerinhand,1081,0,0,2,True,False,True,0.0,0.0
recoverability_s42,soccerinhand,1082,0,0,2,True,False,True,0.0,0.0
recoverability_s42,soccerinhand,1084,0,0,2,True,False,True,0.0,0.0
recoverability_s42,soccerinhand,1086,0,0,2,True,False,True,0.0,0.0
recoverability_s42,soccerinhand,1096,0,0,2,True,False,True,0.0,0.0
recoverability_s42,soccerinhand,1097,0,1,2,True,False,True,0.0,0.0
recoverability_s42,soccerinhand,1101,0,0,2,True,False,True,0.0,0.0
recoverability_s42,soccerinhand,1103,0,0,2,True,False,True,0.0,0.0
recoverability_s42,soccerinhand,1104,0,0,2,True,False,True,0.0,0.0
recoverability_s42,soccerinhand,1115,0,0,2,True,False,True,0.0,0.0
recoverability_s42,soccerinhand,1127,0,0,2,True,False,True,0.0,0.0
recoverability_s42,soccerinhand,1128,0,0,2,True,False,True,0.0,0.0
recoverability_s42,soccerinhand,1132,0,0,2,True,False,True,0.0,0.0
recoverability_s42,soccerinhand,1141,0,0,2,True,False,True,0.0,0.0
recoverability_s42,soccerinhand,1142,0,0,2,True,False,True,0.0,0.0
recoverability_s42,soccerinhand,1143,0,0,2,True,False,True,0.0,0.0
recoverability_s42,soccerinhand,1145,0,0,2,True,False,True,0.0,0.0
recoverability_s42,soccerinhand,1146,0,0,2,True,False,True,0.0,0.0
recoverability_s42,soccerinhand,1148,0,0,2,True,False,True,0.0,0.0
recoverability_s42,soccerinhand,1151,0,0,2,True,False,True,0.0,0.0
recoverability_s42,soccerinhand,1157,0,0,2,True,False,True,0.0,0.0
recoverability_s42,soccerinhand,1158,0,0,2,True,False,True,0.0,0.0
recoverability_s42,soccerinhand,1160,0,0,2,True,False,True,0.0,0.0
recoverability_s42,soccerinhand,1163,0,0,2,True,False,True,0.0,0.0
recoverability_s42,soccerinhand,1166,0,0,2,True,False,True,0.0,0.0
recoverability_s42,tallman,121,0,0,0,False,False,True,0.650519468755114,0.0
recoverability_s42,tallman,122,0,0,0,False,False,True,0.0,0.6723096558885305
recoverability_s42,tallman,145,0,0,0,False,False,True,0.0,0.6185449769541128
recoverability_s42,tallman,155,0,0,2,True,False,True,0.6577007312839422,0.6577007312839422
recoverability_s42,threeman,81,0,0,2,True,False,True,0.9076254440871951,0.9076254440871951
recoverability_s42,threeman,82,0,0,2,True,False,True,0.8177480353525208,0.8177480353525208
recoverability_s42,threeman,83,0,0,2,True,False,True,0.7216708892668813,0.7216708892668813
recoverability_s42,threeman,84,0,0,2,True,False,True,0.710049925061811,0.710049925061811
recoverability_s42,threeman,225,0,0,2,True,False,True,0.6833366863277339,0.6833366863277339
recoverability_s42,threeman,231,0,0,2,True,False,True,0.7013176582338596,0.7013176582338596
recoverability_s42,threeman,237,0,0,2,True,False,True,0.7205362553200098,0.7205362553200098
recoverability_s42,threeman,241,0,0,2,True,False,True,0.6180357289464038,0.6180357289464038
recoverability_s42,threeman,242,0,0,2,True,False,True,0.5918755952104813,0.5918755952104813
recoverability_s42,threeman,245,0,0,2,True,False,True,0.6755819271185001,0.6755819271185001
recoverability_s42,threeman,247,0,0,2,True,False,True,0.331938685868067,0.331938685868067
recoverability_s42,threeman2,232,0,0,2,True,False,True,0.6791085488377616,0.6791085488377616
recoverability_s42,threeman2,234,0,0,2,True,False,True,0.7547388574116327,0.7547388574116327
recoverability_s42,threeman2,235,0,0,2,True,False,True,0.7682511611174185,0.7682511611174185
recoverability_s42,threeman2,236,0,0,2,True,False,True,0.7789685088896997,0.7789685088896997
recoverability_s42,threeman2,248,0,1,2,True,False,True,0.0,0.8055994056137452
recoverability_s42,threeman2,249,0,0,2,True,False,True,0.7067428383500853,0.7067428383500853
recoverability_s42,threeman2,250,0,0,2,True,False,True,0.7110522858371401,0.7110522858371401
recoverability_s42,threeman2,251,0,0,2,True,False,True,0.6815895257815135,0.6815895257815135
recoverability_s42,threeman2,252,0,0,2,True,False,True,0.7788258348892446,0.7788258348892446
recoverability_s42,threeman2,253,0,1,2,True,False,True,0.4260679519362809,0.0
recoverability_s42,threeman2,254,0,0,2,True,False,True,0.0,0.0
recoverability_s42,threeman2,255,0,0,2,True,False,True,0.0,0.0
recoverability_s42,threeman2,256,0,0,2,True,False,True,0.6666114119771871,0.6666114119771871
recoverability_s42,threeman2,258,0,0,2,True,False,True,0.8353387536539314,0.8353387536539314
recoverability_s42,threeman2,277,0,0,2,True,False,True,0.8668877591648327,0.0
recoverability_s42,threeman2,278,0,0,0,False,False,True,0.0,0.8670131444996931
recoverability_s42,threepeople,56,0,0,2,True,False,True,0.8321925662053697,0.8321925662053697
recoverability_s42,threepeople,60,0,0,2,True,False,True,0.8283762055951561,0.8283762055951561
recoverability_s42,threewoman2,8,2,2,2,True,False,True,0.0,0.49158854649187433
recoverability_s42,threewoman2,9,0,0,2,True,False,True,0.8007853867543457,0.8007853867543457
recoverability_s42,threewoman2,12,0,0,2,True,False,True,0.9082505796070115,0.9082505796070115
recoverability_s42,threewoman2,13,0,0,2,True,False,True,0.5669318608800532,0.5669318608800532
recoverability_s42,threewoman2,16,0,0,2,True,False,True,0.09439204220978434,0.09439204220978434
recoverability_s42,threewoman2,17,0,0,2,True,False,True,0.7191574707136573,0.7191574707136573
recoverability_s42,threewoman2,18,0,0,2,True,False,True,0.06578958208386047,0.06578958208386047
recoverability_s42,threewoman2,19,2,3,2,True,False,True,0.0,0.0
recoverability_s42,threewoman2,21,0,0,2,True,False,True,0.6980526225332908,0.6980526225332908
recoverability_s42,threewoman2,31,0,1,2,True,False,True,0.0,0.0
recoverability_s42,threewoman2,70,0,0,2,True,False,True,0.8203110813439982,0.8203110813439982
recoverability_s42,threewoman2,72,0,2,2,True,False,True,0.12719709538124596,0.17160490382432028
recoverability_s42,threewoman2,74,0,0,2,True,False,True,0.7904128952149513,0.7904128952149513
recoverability_s42,threewoman2,77,0,0,2,True,False,True,0.6796718003723886,0.6796718003723886
recoverability_s42,threewoman2,83,0,0,2,True,False,True,0.2875504228497898,0.2875504228497898
recoverability_s42,threewoman2,84,0,0,2,True,False,True,0.596592070337788,0.596592070337788
recoverability_s42,threewoman2,87,0,0,2,True,False,True,0.6679057145749481,0.6679057145749481
recoverability_s42,threewoman2,94,0,0,2,True,False,True,0.690329131256832,0.690329131256832
recoverability_s42,threewoman2,96,0,0,2,True,False,True,0.5912736052883866,0.5912736052883866
recoverability_s42,threewoman2,120,0,0,2,True,False,True,0.6410403534352652,0.6410403534352652
recoverability_s42,threewoman2,121,0,0,2,True,False,True,0.6440700747844157,0.6440700747844157
recoverability_s42,threewoman2,146,0,0,2,True,False,True,0.7565616082250057,0.7565616082250057
recoverability_s42,threewoman2,147,0,0,2,True,False,True,0.764882149598865,0.764882149598865
recoverability_s42,threewoman2,149,0,0,2,True,False,True,0.23136328671182088,0.23136328671182088
recoverability_s42,threewoman2,153,0,0,2,True,False,True,0.812440846308988,0.812440846308988
recoverability_s42,threewoman2,154,0,0,2,True,False,True,0.06551824031351823,0.06551824031351823
recoverability_s42,threewoman2,158,0,0,2,True,False,True,0.8888981582720397,0.8888981582720397
recoverability_s42,threewoman2,159,0,0,2,True,False,True,0.778118596239481,0.778118596239481
recoverability_s42,threewoman2,173,0,0,2,True,False,True,0.9310575527122175,0.9310575527122175
recoverability_s42,threewoman2,192,0,0,2,True,False,True,0.835816771789874,0.835816771789874
recoverability_s42,threewoman2,202,0,0,2,True,False,True,0.7621087830610156,0.7621087830610156
recoverability_s42,threewoman2,216,0,0,2,True,False,True,0.7843316850231893,0.7843316850231893
recoverability_s42,threewoman2,218,0,1,2,True,False,True,0.8698457662907112,0.0
recoverability_s42,threewoman2,219,0,1,0,False,False,True,0.0,0.0
recoverability_s42,together,460,0,0,2,True,False,True,0.7917754229494925,0.7917754229494925
recoverability_s42,together,471,0,0,2,True,False,True,0.6660171300355363,0.6660171300355363
recoverability_s42,toy1,432,2,0,2,True,False,True,0.7337691490814766,0.40604086959138375
recoverability_s42,toy1,433,0,0,2,True,False,True,0.7813252533232868,0.7813252533232868
recoverability_s42,toy1,796,0,0,2,True,False,True,0.7690281643560771,0.7690281643560771
recoverability_s42,toy1,798,0,0,2,True,False,True,0.6937711415161771,0.6937711415161771
recoverability_s42,toy1,799,0,0,2,True,False,True,0.6565780947270756,0.6565780947270756
recoverability_s42,toy1,800,0,0,2,True,False,True,0.28610490320774584,0.28610490320774584
recoverability_s42,toy1,801,0,0,2,True,False,True,0.1982402281792227,0.1982402281792227
recoverability_s42,toy1,813,2,0,2,True,False,True,0.5815768968071681,0.1596276136507977
recoverability_s42,toy1,816,0,0,2,True,False,True,0.8578702820227905,0.8578702820227905
recoverability_s42,toy1,828,0,0,2,True,False,True,0.8410302794473643,0.8410302794473643
recoverability_s42,toy1,829,2,0,2,True,False,True,0.732408389462552,0.09578870428232297
recoverability_s42,toy1,830,0,0,0,False,False,True,0.14913629991082863,0.7944321254292556
recoverability_s42,toy1,1394,0,0,2,True,False,True,0.8807171949166397,0.8807171949166397
recoverability_s42,toy1,1397,0,0,2,True,False,True,0.9268138701529218,0.9268138701529218
recoverability_s42,toy1,1516,0,0,2,True,False,True,0.6163868882777473,0.6163868882777473
recoverability_s42,toy1,1517,0,0,2,True,False,True,0.8020287865472486,0.8020287865472486
recoverability_s42,toy1,1519,0,0,2,True,False,True,0.7273225036450169,0.7273225036450169
recoverability_s42,toy1,1532,0,0,2,True,False,True,0.7937743613428189,0.7937743613428189
recoverability_s42,toy1,1537,0,0,2,True,False,True,0.7827614556064882,0.7827614556064882
recoverability_s42,toy1,1538,0,0,2,True,False,True,0.8073934741255628,0.8073934741255628
recoverability_s42,toy1,1540,0,0,2,True,False,True,0.6846846582383296,0.6846846582383296
recoverability_s42,toy1,1541,0,0,2,True,False,True,0.4491448490905305,0.4491448490905305
recoverability_s42,toy1,1543,0,0,2,True,False,True,0.42323161333495785,0.42323161333495785
recoverability_s42,toy1,1544,0,0,2,True,False,True,0.661058677734168,0.661058677734168
recoverability_s42,toy1,1545,0,0,2,True,False,True,0.2766989682985475,0.2766989682985475
recoverability_s42,toy1,1546,0,0,2,True,False,True,0.36094698872809433,0.36094698872809433
recoverability_s42,toy1,1547,0,0,2,True,False,True,0.30928622399585515,0.30928622399585515
recoverability_s42,toy1,1548,0,0,2,True,False,True,0.7439743019699686,0.7439743019699686
recoverability_s42,toy1,1549,0,0,2,True,False,True,0.9559886073367372,0.9559886073367372
recoverability_s42,toy1,1550,0,0,2,True,False,True,0.9225299005207804,0.9225299005207804
recoverability_s42,toy1,1552,2,0,2,True,False,True,0.5008244646610095,0.1416479576063043
recoverability_s42,toy1,1554,0,0,2,True,False,True,0.6812416699059973,0.6812416699059973
recoverability_s42,toy1,1555,0,0,2,True,False,True,0.7358853992016305,0.7358853992016305
recoverability_s42,toy1,1556,0,0,2,True,False,True,0.24165236156640404,0.24165236156640404
recoverability_s42,toy1,1557,0,0,2,True,False,True,0.5237298827580206,0.5237298827580206
recoverability_s42,toy1,1559,0,0,2,True,False,True,0.21318855992460178,0.21318855992460178
recoverability_s42,toy1,1560,0,0,2,True,False,True,0.7794496739042059,0.7794496739042059
recoverability_s42,toy1,1561,0,0,2,True,False,True,0.7617809573570995,0.7617809573570995
recoverability_s42,toy1,1566,0,0,2,True,False,True,0.7625034268067618,0.7625034268067618
recoverability_s42,toy1,1567,0,0,2,True,False,True,0.7584953179524817,0.7584953179524817
recoverability_s42,toy1,1574,0,0,2,True,False,True,0.7733081126129586,0.7733081126129586
recoverability_s42,toy1,1576,0,0,2,True,False,True,0.6500675963555673,0.6500675963555673
recoverability_s42,toy1,1610,0,0,2,True,False,True,0.670093294962924,0.670093294962924
recoverability_s42,toy1,1611,0,0,2,True,False,True,0.6856546994002641,0.6856546994002641
recoverability_s42,toy1,1632,0,0,2,True,False,True,0.928895031776139,0.928895031776139
recoverability_s42,toy1,1652,0,0,2,True,False,True,0.765913273280423,0.765913273280423
recoverability_s42,toy1,1653,0,0,2,True,False,True,0.8099503051399342,0.8099503051399342
recoverability_s42,toy1,1654,0,0,2,True,False,True,0.38543267376452306,0.38543267376452306
recoverability_s42,toy1,1655,0,0,2,True,False,True,0.46322531410066575,0.46322531410066575
recoverability_s42,toy1,1656,0,0,2,True,False,True,0.24526361581155637,0.24526361581155637
recoverability_s42,toy1,1657,2,0,2,True,False,True,0.5202068069514422,0.18709622530370065
recoverability_s42,toy1,1658,0,0,2,True,False,True,0.18559127245592777,0.18559127245592777
recoverability_s42,toy1,1659,0,0,2,True,False,True,0.4122397706955775,0.4122397706955775
recoverability_s42,toy1,1660,0,0,2,True,False,True,0.4917368338489571,0.4917368338489571
recoverability_s42,toy1,1661,0,0,2,True,False,True,0.44629871901446105,0.44629871901446105
recoverability_s42,toy1,1662,0,0,2,True,False,True,0.6093418089788976,0.6093418089788976
recoverability_s42,toy1,1663,0,0,2,True,False,True,0.5766657286148399,0.5766657286148399
recoverability_s42,toy1,1664,0,0,2,True,False,True,0.7042031417463893,0.7042031417463893
recoverability_s42,toy1,1665,0,0,2,True,False,True,0.5854737595766202,0.5854737595766202
recoverability_s42,toy1,1666,0,0,2,True,False,True,0.30075203343099544,0.30075203343099544
recoverability_s42,toy1,1667,0,0,2,True,False,True,0.1585573174368366,0.1585573174368366
recoverability_s42,toy1,1669,0,0,2,True,False,True,0.0629696242571655,0.0629696242571655
recoverability_s42,toy1,1670,0,0,2,True,False,True,0.052263274500820446,0.052263274500820446
recoverability_s42,toy1,1671,0,0,2,True,False,True,0.05304557304132997,0.05304557304132997
recoverability_s42,toy1,1673,2,1,2,True,False,True,0.021978933133778016,0.005337000235875723
recoverability_s42,toy1,1674,0,0,2,True,False,True,0.026269524880116944,0.026269524880116944
recoverability_s42,toy1,1675,0,0,2,True,False,True,0.017585836577673784,0.017585836577673784
recoverability_s42,toy1,1676,0,0,2,True,False,True,0.013440536227162696,0.013440536227162696
recoverability_s42,toy1,1677,2,1,2,True,False,True,0.0,0.0
recoverability_s42,toy1,1678,2,0,2,True,False,True,0.0,0.09204846620507336
recoverability_s42,toy1,1679,0,0,2,True,False,True,0.0,0.0
recoverability_s42,toy1,1680,0,0,2,True,False,True,0.0,0.0
recoverability_s42,toy1,1681,0,0,2,True,False,True,0.0,0.0
recoverability_s42,toy1,1682,0,0,2,True,False,True,0.0,0.0
recoverability_s42,toy1,1683,0,0,2,True,False,True,0.0,0.0
recoverability_s42,toy1,1684,0,0,2,True,False,True,0.0,0.0
recoverability_s42,toy1,1685,0,0,2,True,False,True,0.0,0.0
recoverability_s42,toy1,1686,0,1,2,True,False,True,0.14721927352072875,0.5816758287175939
recoverability_s42,toy1,1688,0,0,2,True,False,True,0.7265135763322019,0.7265135763322019
recoverability_s42,toy1,1689,0,0,2,True,False,True,0.7777279278458382,0.7777279278458382
recoverability_s42,toy1,1692,0,0,2,True,False,True,0.7549933324425453,0.7549933324425453
recoverability_s42,toy3,419,2,2,2,True,False,True,0.8668510970768372,0.0
recoverability_s42,toy3,421,2,0,2,True,False,True,0.0,0.0
recoverability_s42,toy3,423,2,3,2,True,False,True,0.0,0.0
recoverability_s42,toy3,424,2,0,2,True,False,True,0.0,0.0
recoverability_s42,toy3,425,2,4,2,True,False,True,0.0,0.0
recoverability_s42,toy3,426,0,3,0,False,False,True,0.0,0.006049593765598608
recoverability_s42,toy3,427,2,1,2,True,False,True,0.009103865154514175,0.0
recoverability_s42,toy3,428,0,0,2,True,False,True,0.0,0.0
recoverability_s42,toy3,429,0,0,2,True,False,True,0.01403641892400344,0.01403641892400344
recoverability_s42,toy3,430,2,0,2,True,False,True,0.015149678057659152,0.0
recoverability_s42,toy3,431,0,0,2,True,False,True,0.014108884955427852,0.014108884955427852
recoverability_s42,toy3,432,0,0,2,True,False,True,0.033208537418570126,0.033208537418570126
recoverability_s42,toy3,433,0,0,2,True,False,True,0.07745978438916212,0.07745978438916212
recoverability_s42,toy3,434,0,0,2,True,False,True,0.12001636854174758,0.12001636854174758
recoverability_s42,toy3,435,0,0,2,True,False,True,0.2455246555224593,0.2455246555224593
recoverability_s42,toy3,436,0,0,2,True,False,True,0.5333898821080374,0.5333898821080374
recoverability_s42,toy3,817,0,0,2,True,False,True,0.8642752449369522,0.8642752449369522
recoverability_s42,toy3,821,0,0,2,True,False,True,0.8126232592662517,0.8126232592662517
recoverability_s42,toy3,1063,0,0,2,True,False,True,0.5784045557054871,0.5784045557054871
recoverability_s42,toy3,1064,0,0,2,True,False,True,0.634615084871739,0.634615084871739
recoverability_s42,toy3,1110,0,0,2,True,False,True,0.4411797117049092,0.4411797117049092
recoverability_s42,tree3,1607,0,0,2,True,False,True,0.7179986044549341,0.7179986044549341
recoverability_s42,tree3,1615,0,1,0,False,False,True,0.0,0.8576568940683712
recoverability_s42,tree3,1616,0,1,0,False,False,True,0.7570925794095595,0.0
recoverability_s42,tree3,1625,0,1,0,False,False,True,0.0,0.8853028226461839
recoverability_s42,tree3,1628,0,0,0,False,False,True,0.8392067968876165,0.0
recoverability_s42,tree3,1630,0,1,0,False,False,True,0.0,0.8969854465793866
recoverability_s42,tree3,1631,0,0,2,True,False,True,0.0,0.0
recoverability_s42,tree5,1316,0,1,2,True,False,True,0.7619567606629544,0.0
recoverability_s42,twoelecbike1,116,0,1,0,False,False,True,0.7705052269139728,0.0
recoverability_s42,twoelecbike1,117,0,0,2,True,False,True,0.0,0.9469841133633702
recoverability_s42,twoelecbike1,135,0,1,0,False,False,True,0.825010188062121,0.0
recoverability_s42,twoelecbike1,136,0,0,0,False,False,True,0.0,0.8362184126087062
recoverability_s42,twoelecbike1,162,0,0,0,False,False,True,0.852350361303517,0.0
recoverability_s42,twoelecbike1,163,0,0,0,False,False,True,0.0,0.8358090045771153
recoverability_s42,twoelecbike1,164,0,0,0,False,False,True,0.8375816354356937,0.0
recoverability_s42,twoelecbike1,165,0,0,0,False,False,True,0.0,0.8724569733029275
recoverability_s42,twoelecbike1,167,0,0,0,False,False,True,0.8930764944023554,0.0
recoverability_s42,twoman,1282,0,0,2,True,False,True,0.7362750036220084,0.7362750036220084
recoverability_s42,twoman1,252,0,0,2,True,False,True,0.6246199202232674,0.6246199202232674
recoverability_s42,twoman1,414,0,0,2,True,False,True,0.6525653058376845,0.6525653058376845
recoverability_s42,twoman1,456,0,0,2,True,False,True,0.6541804152295209,0.6541804152295209
recoverability_s42,twoman1,459,0,0,2,True,False,True,0.0,0.0
recoverability_s42,twoman1,460,0,0,2,True,False,True,0.0,0.0
recoverability_s42,twoman1,464,0,0,2,True,False,True,0.0,0.0
recoverability_s42,twoman1,475,0,1,2,True,False,True,0.7218715525436066,0.7218715525436066
recoverability_s42,twoman1,489,0,0,2,True,False,True,0.6222302426022,0.6222302426022
recoverability_s42,twoman1,540,0,0,2,True,False,True,0.7369177076347111,0.7369177076347111
recoverability_s42,twoman1,924,0,0,2,True,False,True,0.7691433235149394,0.7691433235149394
recoverability_s42,twoman2,205,0,1,0,False,False,True,0.7532431636432319,0.21272847840204348
recoverability_s42,twoman2,218,0,0,2,True,False,True,0.7996494659863487,0.7996494659863487
recoverability_s42,twoman2,219,0,0,2,True,False,True,0.8533310594743642,0.8533310594743642
recoverability_s42,twoman2,331,0,2,0,False,False,True,0.7861065271590644,0.0
recoverability_s42,twoman2,336,0,0,0,False,False,True,0.0,0.6907554408883608
recoverability_s42,twoman2,346,0,1,0,False,False,True,0.8736331852267685,0.15459868908138066
recoverability_s42,twoman2,349,0,0,2,True,False,True,0.7910354771542956,0.7910354771542956
recoverability_s42,twoman2,350,0,1,0,False,False,True,0.6380155509914571,0.7521474321921295
recoverability_s42,twoman2,379,0,1,0,False,False,True,0.8384169301917923,0.009341874677893396
recoverability_s42,twoman2,385,0,1,0,False,False,True,0.41339720115119066,0.19815605505634634
recoverability_s42,twoman2,388,0,0,2,True,False,True,0.0,0.0
recoverability_s42,twoman2,389,0,0,2,True,False,True,0.11962814545853141,0.11962814545853141
recoverability_s42,twoman2,390,0,0,2,True,False,True,0.06304295792815516,0.06304295792815516
recoverability_s42,walking40,159,0,0,0,False,True,True,0.6275418347979299,0.6275418347979299
recoverability_s42,walking40,206,0,1,0,False,False,True,0.7920051786467045,0.0
recoverability_s42,walking40,209,0,1,2,True,False,True,0.0,0.7300129663121415
recoverability_s42,walking40,215,0,0,2,True,False,True,0.8529184390912194,0.8529184390912194
recoverability_s42,walking40,217,0,0,2,True,False,True,0.8535920158676009,0.8535920158676009
recoverability_s42,walking40,218,0,1,2,True,False,True,0.8274482500472511,0.0
recoverability_s42,walking40,219,0,2,2,True,False,True,0.0,0.5335394039984022
recoverability_s42,walking40,222,0,0,2,True,False,True,0.6614893239791808,0.6614893239791808
recoverability_s42,walking40,229,0,1,0,False,False,True,0.5821307796327444,0.0
recoverability_s42,walking40,230,0,0,2,True,False,True,0.0,0.0
recoverability_s42,walking40,232,0,0,2,True,False,True,0.0,0.0
recoverability_s42,walking40,233,2,1,2,True,False,True,0.0,0.0
recoverability_s42,walking40,234,2,0,2,True,False,True,0.0,0.0
recoverability_s42,walking40,235,0,1,2,True,False,True,0.0,0.0
recoverability_s42,walking40,242,2,0,2,True,False,True,0.0,0.0
recoverability_s42,walking40,244,0,1,2,True,False,True,0.0,0.0
recoverability_s42,walking40,245,0,1,0,False,False,True,0.0,0.0
recoverability_s42,walking40,246,0,0,2,True,False,True,0.0,0.0
recoverability_s42,walking40,250,2,0,2,True,False,True,0.0,0.0
recoverability_s42,walking40,252,0,0,0,False,False,True,0.0,0.0
recoverability_s42,walking40,258,2,0,2,True,False,True,0.0,0.0
recoverability_s42,walking40,260,2,0,2,True,False,True,0.0,0.0
recoverability_s42,walking40,261,0,0,2,True,False,True,0.0,0.0
recoverability_s42,walking40,263,2,0,2,True,False,True,0.0,0.0
recoverability_s42,walking40,268,0,0,2,True,False,True,0.0,0.0
recoverability_s42,walking40,271,0,0,2,True,False,True,0.0,0.0
recoverability_s42,walking40,276,2,0,2,True,False,True,0.0,0.0
recoverability_s42,walking40,283,2,0,2,True,False,True,0.0,0.0
recoverability_s42,walking40,284,0,0,0,False,False,True,0.0,0.0
recoverability_s42,walking40,286,2,0,2,True,False,True,0.0,0.0
recoverability_s42,walking40,287,0,0,2,True,False,True,0.0,0.0
recoverability_s42,walking40,288,2,1,2,True,False,True,0.0,0.0
recoverability_s42,walking40,289,0,0,2,True,False,True,0.0,0.0
recoverability_s42,walking40,290,0,1,2,True,False,True,0.0,0.0
recoverability_s42,walking40,292,2,0,2,True,False,True,0.0,0.0
recoverability_s42,walking40,294,0,1,2,True,False,True,0.0,0.0
recoverability_s42,walking40,295,2,0,2,True,False,True,0.0,0.0
recoverability_s42,walking40,308,0,0,2,True,False,True,0.0,0.0
recoverability_s42,walking40,337,0,0,2,True,False,True,0.0,0.0
recoverability_s42,walking41,222,0,1,2,True,False,True,0.5081167201105043,0.0
recoverability_s42,walking41,224,0,0,2,True,False,True,0.1681346180796984,0.1681346180796984
recoverability_s42,walking41,225,0,0,2,True,False,True,0.08969238511664566,0.08969238511664566
recoverability_s42,walking41,226,0,0,2,True,False,True,0.3027436364115847,0.3027436364115847
recoverability_s42,walking41,227,0,0,2,True,False,True,0.16253268920024944,0.16253268920024944
recoverability_s42,walking41,228,0,0,2,True,False,True,0.38961858564678825,0.38961858564678825
recoverability_s42,walking41,230,0,0,2,True,False,True,0.3474372888218953,0.3474372888218953
recoverability_s42,walking41,231,0,0,2,True,False,True,0.5473873602008665,0.5473873602008665
recoverability_s42,walking41,306,0,0,2,True,False,True,0.44303154805706263,0.44303154805706263
recoverability_s42,walking41,321,0,0,2,True,False,True,0.587919499773231,0.587919499773231
recoverability_s42,walking41,333,0,0,2,True,False,True,0.5044464785448359,0.5044464785448359
recoverability_s42,walking41,334,0,0,2,True,False,True,0.5971421702609597,0.5971421702609597
recoverability_s42,walking41,348,0,0,2,True,False,True,0.47809136775967176,0.47809136775967176
recoverability_s42,walkingman,65,0,0,2,True,False,True,0.0,0.0
recoverability_s42,walkingman1,112,2,1,2,True,False,True,0.03614210786178967,0.4095788733620487
recoverability_s42,walkingman1,117,0,0,2,True,False,True,0.026401305895764546,0.026401305895764546
recoverability_s42,walkingman1,125,0,1,0,False,False,True,0.7559374716841117,0.0638042180354722
recoverability_s42,walkingman1,126,0,0,2,True,False,True,0.05506340665313058,0.05506340665313058
recoverability_s42,walkingman1,134,0,0,2,True,False,True,0.1916308900786686,0.1916308900786686
recoverability_s42,walkingman1,237,0,0,2,True,False,True,0.22083342528744984,0.22083342528744984
recoverability_s42,walkingman1,257,0,0,2,True,False,True,0.10820296923480319,0.10820296923480319
recoverability_s42,walkingman1,367,2,0,2,True,False,True,0.0,0.8474179039525963
recoverability_s42,walkingman1,393,2,0,2,True,True,True,0.8499167972594932,0.8798104002144468
recoverability_s42,walkingman1,397,2,0,2,True,True,True,0.7877910079828244,0.7649944656739234
recoverability_s42,walkingman1,398,0,0,2,True,False,True,0.8335836334780492,0.8335836334780492
recoverability_s42,walkingman1,422,0,1,0,False,False,True,0.7957307161549224,0.0
recoverability_s42,walkingman1,445,0,1,0,False,False,True,0.0,0.0
recoverability_s42,walkingman1,446,2,1,2,True,False,True,0.0,0.3678725937744562
recoverability_s42,walkingman1,464,0,0,2,True,False,True,0.8696523343176457,0.8696523343176457
recoverability_s42,walkingman1,476,2,1,2,True,False,True,0.7972073488403091,0.4937237653536808
recoverability_s42,walkingman1,479,0,0,2,True,False,True,0.8450076659666592,0.8450076659666592
recoverability_s42,walkingman1,480,2,1,2,True,False,True,0.7580987484650519,0.4303771389739951
recoverability_s42,walkingman1,482,0,0,2,True,False,True,0.7656129908499075,0.7656129908499075
recoverability_s42,walkingman1,483,0,0,2,True,False,True,0.794544704205753,0.794544704205753
recoverability_s42,walkingman1,484,2,1,2,True,False,True,0.8255487912445049,0.41058829445505735
recoverability_s42,walkingman12,19,0,0,2,True,False,True,0.5251963214638381,0.5251963214638381
recoverability_s42,walkingman12,20,0,0,2,True,False,True,0.7050333097585029,0.7050333097585029
recoverability_s42,walkingman12,23,0,0,2,True,False,True,0.4006955230723923,0.4006955230723923
recoverability_s42,walkingman12,25,0,0,2,True,False,True,0.4636729264062479,0.4636729264062479
recoverability_s42,walkingman12,26,2,1,2,True,False,True,0.3634919766387296,0.3945260267954854
recoverability_s42,walkingman12,27,0,0,2,True,False,True,0.599419052924144,0.599419052924144
recoverability_s42,walkingman12,28,0,0,2,True,False,True,0.39291413762966887,0.39291413762966887
recoverability_s42,walkingman12,36,0,0,2,True,False,True,0.5562059896021924,0.5562059896021924
recoverability_s42,walkingman12,37,2,2,2,True,False,True,0.4590998711389161,0.3703392108816078
recoverability_s42,walkingman12,40,0,0,2,True,False,True,0.58395270342723,0.58395270342723
recoverability_s42,walkingman12,41,0,0,2,True,False,True,0.8021056366460259,0.8021056366460259
recoverability_s42,walkingman12,43,0,0,2,True,False,True,0.6346271869551142,0.6346271869551142
recoverability_s42,walkingman12,44,2,0,2,True,False,True,0.48575355170827517,0.32975566538703593
recoverability_s42,walkingman12,45,0,0,2,True,False,True,0.5237361630229858,0.5237361630229858
recoverability_s42,walkingman12,46,0,0,2,True,False,True,0.5205660547810493,0.5205660547810493
recoverability_s42,walkingman12,47,0,0,2,True,False,True,0.5050161239400667,0.5050161239400667
recoverability_s42,walkingman12,52,0,0,2,True,False,True,0.5572963716540986,0.5572963716540986
recoverability_s42,walkingman12,58,0,0,2,True,False,True,0.6123265386427037,0.6123265386427037
recoverability_s42,walkingman12,61,2,1,2,True,False,True,0.5882194281009984,0.4081544480524637
recoverability_s42,walkingman12,62,0,0,2,True,False,True,0.44442758148812067,0.44442758148812067
recoverability_s42,walkingman12,64,0,0,2,True,False,True,0.6841745265839858,0.6841745265839858
recoverability_s42,walkingman12,72,0,0,2,True,False,True,0.4030817737464582,0.4030817737464582
recoverability_s42,walkingman12,74,0,0,2,True,False,True,0.48796890506755974,0.48796890506755974
recoverability_s42,walkingman12,82,0,0,2,True,False,True,0.41620087940570255,0.41620087940570255
recoverability_s42,walkingman12,93,0,0,2,True,False,True,0.6218739361115639,0.6218739361115639
recoverability_s42,walkingman12,98,0,0,2,True,False,True,0.7135045625427276,0.7135045625427276
recoverability_s42,walkingman12,120,0,0,2,True,False,True,0.7067631784214609,0.7067631784214609
recoverability_s42,walkingman12,121,0,0,2,True,False,True,0.7890975973325586,0.7890975973325586
recoverability_s42,walkingman12,124,0,0,2,True,False,True,0.7115301946637469,0.7115301946637469
recoverability_s42,walkingman12,126,0,0,2,True,False,True,0.7365792441867245,0.7365792441867245
recoverability_s42,walkingman12,131,0,0,2,True,False,True,0.5882068039500443,0.5882068039500443
recoverability_s42,walkingman12,134,0,0,2,True,False,True,0.7273821989129126,0.7273821989129126
recoverability_s42,walkingman12,159,0,0,2,True,False,True,0.5297041555634703,0.5297041555634703
recoverability_s42,walkingman12,162,0,0,2,True,False,True,0.07319867065796674,0.07319867065796674
recoverability_s42,walkingman12,167,0,0,2,True,False,True,0.11575124298051809,0.11575124298051809
recoverability_s42,walkingman12,178,0,0,2,True,False,True,0.43357071038992334,0.43357071038992334
recoverability_s42,walkingman12,180,0,0,2,True,False,True,0.4306138887959107,0.4306138887959107
recoverability_s42,walkingman12,185,0,0,2,True,False,True,0.3716349185857597,0.3716349185857597
recoverability_s42,walkingman12,192,0,0,2,True,False,True,0.25525401380498913,0.25525401380498913
recoverability_s42,walkingman12,195,0,0,2,True,False,True,0.021951767341326152,0.021951767341326152
recoverability_s42,walkingman12,201,0,0,2,True,False,True,0.40323583519589273,0.40323583519589273
recoverability_s42,walkingman12,202,0,0,2,True,False,True,0.24652655282446642,0.24652655282446642
recoverability_s42,walkingman12,205,0,0,2,True,False,True,0.0,0.0
recoverability_s42,walkingman12,207,0,0,2,True,False,True,0.009836809935249796,0.009836809935249796
recoverability_s42,walkingman12,217,0,0,2,True,False,True,0.44860310368023376,0.44860310368023376
recoverability_s42,walkingman12,226,0,0,2,True,False,True,0.5417282586790438,0.5417282586790438
recoverability_s42,walkingman12,250,0,0,2,True,False,True,0.16488172236482163,0.16488172236482163
recoverability_s42,walkingman12,251,0,0,2,True,False,True,0.17185828803033423,0.17185828803033423
recoverability_s42,walkingman12,254,0,0,2,True,False,True,0.40698171831955726,0.40698171831955726
recoverability_s42,walkingman12,255,0,0,2,True,False,True,0.37045698769366153,0.37045698769366153
recoverability_s42,walkingman12,257,0,0,2,True,False,True,0.1660946265376249,0.1660946265376249
recoverability_s42,walkingman12,259,0,0,2,True,False,True,0.2633824376521645,0.2633824376521645
recoverability_s42,walkingman12,260,0,0,2,True,False,True,0.5553954025622982,0.5553954025622982
recoverability_s42,walkingman12,262,2,1,2,True,False,True,0.7607910201301602,0.0
recoverability_s42,walkingman12,263,0,1,0,False,False,True,0.0,0.4544076025500841
recoverability_s42,walkingman12,267,0,0,2,True,False,True,0.6772007742533135,0.6772007742533135
recoverability_s42,walkingman12,271,0,0,2,True,False,True,0.65789219132932,0.65789219132932
recoverability_s42,walkingman12,272,0,0,2,True,False,True,0.7141074165085762,0.7141074165085762
recoverability_s42,walkingman12,280,0,0,2,True,False,True,0.4838945678268777,0.4838945678268777
recoverability_s42,walkingman12,281,0,0,2,True,False,True,0.525109257060539,0.525109257060539
recoverability_s42,walkingman12,282,0,0,2,True,False,True,0.2644146587999908,0.2644146587999908
recoverability_s42,walkingman12,289,0,0,2,True,False,True,0.382209233298806,0.382209233298806
recoverability_s42,walkingman12,292,0,0,2,True,False,True,0.2984312481210485,0.2984312481210485
recoverability_s42,walkingman12,295,0,0,2,True,False,True,0.3092425622446726,0.3092425622446726
recoverability_s42,walkingman12,305,0,0,2,True,False,True,0.08870443077863513,0.08870443077863513
recoverability_s42,walkingman12,322,0,0,2,True,False,True,0.18827405613071405,0.18827405613071405
recoverability_s42,walkingman12,327,0,0,2,True,False,True,0.2874963209464336,0.2874963209464336
recoverability_s42,walkingman12,328,0,0,2,True,False,True,0.2862788717833803,0.2862788717833803
recoverability_s42,walkingman12,329,0,0,2,True,False,True,0.22684943569604515,0.22684943569604515
recoverability_s42,walkingman12,330,0,0,2,True,False,True,0.3317917086723115,0.3317917086723115
recoverability_s42,walkingman12,331,0,0,2,True,False,True,0.22988394777697732,0.22988394777697732
recoverability_s42,walkingman12,332,0,0,2,True,False,True,0.2955045920990369,0.2955045920990369
recoverability_s42,walkingman12,333,0,0,2,True,False,True,0.28367096563628,0.28367096563628
recoverability_s42,walkingman12,334,0,0,2,True,False,True,0.30410555980577686,0.30410555980577686
recoverability_s42,walkingman12,335,0,0,2,True,False,True,0.1670934099576713,0.1670934099576713
recoverability_s42,walkingman12,336,0,0,2,True,False,True,0.3432396358992731,0.3432396358992731
recoverability_s42,walkingman12,337,0,0,2,True,False,True,0.0817898974054374,0.0817898974054374
recoverability_s42,walkingman12,338,0,3,0,False,False,True,0.05511506158775745,0.0
recoverability_s42,walkingman12,341,0,1,0,False,False,True,0.0,0.522822303746468
recoverability_s42,walkingman12,342,0,0,2,True,False,True,0.5059654413477731,0.5059654413477731
recoverability_s42,walkingman12,346,0,0,2,True,False,True,0.16367525078859202,0.16367525078859202
recoverability_s42,walkingman12,348,0,0,2,True,False,True,0.30651119057848203,0.30651119057848203
recoverability_s42,walkingman12,350,0,0,2,True,False,True,0.3031351134849104,0.3031351134849104
recoverability_s42,walkingman12,351,0,0,2,True,False,True,0.2799334291704606,0.2799334291704606
recoverability_s42,walkingman12,352,0,0,2,True,False,True,0.395606894626394,0.395606894626394
recoverability_s42,walkingman12,353,0,0,2,True,False,True,0.37474573677148026,0.37474573677148026
recoverability_s42,walkingman12,355,0,0,2,True,False,True,0.2863013647361187,0.2863013647361187
recoverability_s42,walkingman12,356,0,0,2,True,False,True,0.2931341250960388,0.2931341250960388
recoverability_s42,walkingman12,361,0,0,2,True,False,True,0.2747919922753962,0.2747919922753962
recoverability_s42,walkingman12,363,0,1,0,False,False,True,0.10838753401148604,0.2857298963560857
recoverability_s42,walkingman12,364,0,0,2,True,False,True,0.3779357268946516,0.3779357268946516
recoverability_s42,walkingman12,365,0,1,0,False,False,True,0.45594363036758756,0.0
recoverability_s42,walkingman12,367,0,0,0,False,False,True,0.0,0.421435227286611
recoverability_s42,walkingman12,368,0,0,2,True,False,True,0.27805832263111313,0.27805832263111313
recoverability_s42,walkingman12,371,0,0,2,True,False,True,0.3632193003986608,0.3632193003986608
recoverability_s42,walkingman12,373,0,0,2,True,False,True,0.3239445645562456,0.3239445645562456
recoverability_s42,walkingman12,378,0,2,0,False,False,True,0.02733056204998781,0.0
recoverability_s42,walkingman12,379,0,1,2,True,False,True,0.0,0.2228720588485927
recoverability_s42,walkingman12,384,0,0,2,True,False,True,0.3414277450448354,0.3414277450448354
recoverability_s42,walkingman12,385,0,0,2,True,False,True,0.36486062635319866,0.36486062635319866
recoverability_s42,walkingman12,395,0,0,2,True,False,True,0.4634445627244125,0.4634445627244125
recoverability_s42,walkingman12,397,0,0,2,True,False,True,0.4732921539822544,0.4732921539822544
recoverability_s42,walkingman12,400,0,0,2,True,False,True,0.1636473124892439,0.1636473124892439
recoverability_s42,walkingman12,402,0,0,2,True,False,True,0.4070594911791836,0.4070594911791836
recoverability_s42,walkingman12,403,0,0,2,True,False,True,0.4074993450984235,0.4074993450984235
recoverability_s42,walkingman12,404,0,0,2,True,False,True,0.2328021523594342,0.2328021523594342
recoverability_s42,walkingman12,406,0,0,2,True,False,True,0.3292625212060442,0.3292625212060442
recoverability_s42,walkingman12,407,0,0,2,True,False,True,0.2585084372744943,0.2585084372744943
recoverability_s42,walkingman12,408,0,0,2,True,False,True,0.3258256476475819,0.3258256476475819
recoverability_s42,walkingman12,409,0,0,2,True,False,True,0.29387602462516665,0.29387602462516665
recoverability_s42,walkingman12,410,0,0,2,True,False,True,0.3685309251847699,0.3685309251847699
recoverability_s42,walkingman12,411,0,0,2,True,False,True,0.30285352847456803,0.30285352847456803
recoverability_s42,walkingman12,413,0,0,2,True,False,True,0.24445965616071538,0.24445965616071538
recoverability_s42,walkingman12,417,0,0,2,True,False,True,0.5509261213817915,0.5509261213817915
recoverability_s42,walkingman12,421,0,0,2,True,False,True,0.49828144609805003,0.49828144609805003
recoverability_s42,walkingman12,426,0,0,2,True,False,True,0.5083303959412102,0.5083303959412102
recoverability_s42,walkingman12,430,0,0,2,True,False,True,0.31381264499894856,0.31381264499894856
recoverability_s42,walkingman12,435,0,0,2,True,False,True,0.1934916322445575,0.1934916322445575
recoverability_s42,walkingman12,436,0,0,2,True,False,True,0.6228390676059937,0.6228390676059937
recoverability_s42,walkingman12,437,0,0,2,True,False,True,0.611779033036474,0.611779033036474
recoverability_s42,walkingman12,443,0,0,2,True,False,True,0.519859821965597,0.519859821965597
recoverability_s42,walkingman12,444,0,0,2,True,False,True,0.5165509359192579,0.5165509359192579
recoverability_s42,walkingman12,445,0,0,2,True,False,True,0.45187233840946084,0.45187233840946084
recoverability_s42,walkingman12,446,0,0,2,True,False,True,0.39750217095237844,0.39750217095237844
recoverability_s42,walkingman12,447,0,0,2,True,False,True,0.5189287958820877,0.5189287958820877
recoverability_s42,walkingman12,448,0,0,2,True,False,True,0.5593650930911673,0.5593650930911673
recoverability_s42,walkingman12,449,0,0,2,True,False,True,0.5937390274453338,0.5937390274453338
recoverability_s42,walkingman12,450,0,0,2,True,False,True,0.5307284664054013,0.5307284664054013
recoverability_s42,walkingman12,451,0,0,2,True,False,True,0.48830944194834064,0.48830944194834064
recoverability_s42,walkingman12,452,0,0,2,True,False,True,0.4725569741949102,0.4725569741949102
recoverability_s42,walkingman12,455,0,0,2,True,False,True,0.15411465976921854,0.15411465976921854
recoverability_s42,walkingman12,456,0,0,2,True,False,True,0.45376588590346933,0.45376588590346933
recoverability_s42,walkingman12,457,0,0,2,True,False,True,0.3633337921992933,0.3633337921992933
recoverability_s42,walkingman12,458,0,0,2,True,False,True,0.48648894712229124,0.48648894712229124
recoverability_s42,walkingman12,459,0,0,2,True,False,True,0.6411249691768725,0.6411249691768725
recoverability_s42,walkingman12,477,0,0,2,True,False,True,0.35570462147644877,0.35570462147644877
recoverability_s42,walkingman12,478,0,0,2,True,False,True,0.3961131941028189,0.3961131941028189
recoverability_s42,walkingman12,481,0,0,2,True,False,True,0.22446916399267539,0.22446916399267539
recoverability_s42,walkingman12,490,0,0,2,True,False,True,0.4139316825951523,0.4139316825951523
recoverability_s42,walkingman12,495,0,0,2,True,False,True,0.40448727570822385,0.40448727570822385
recoverability_s42,walkingman12,496,0,0,2,True,False,True,0.4437305062853283,0.4437305062853283
recoverability_s42,walkingman12,497,0,0,2,True,False,True,0.47506898359905264,0.47506898359905264
recoverability_s42,walkingman12,505,0,0,2,True,False,True,0.5105622863088759,0.5105622863088759
recoverability_s42,walkingman12,507,0,1,0,False,False,True,0.5212101731388763,0.0
recoverability_s42,walkingman20,110,0,0,2,True,False,True,0.6040778607272657,0.6040778607272657
recoverability_s42,walkingman20,129,0,0,2,True,False,True,0.6245575431120436,0.6245575431120436
recoverability_s42,walkingman20,133,0,0,2,True,False,True,0.7418005684844037,0.7418005684844037
recoverability_s42,walkingman20,134,0,0,2,True,False,True,0.5448703100802721,0.5448703100802721
recoverability_s42,walkingman20,135,0,0,2,True,False,True,0.5108970670495151,0.5108970670495151
recoverability_s42,walkingman20,136,0,0,2,True,False,True,0.1481780411861836,0.1481780411861836
recoverability_s42,walkingman20,139,0,0,2,True,False,True,0.5022048241903306,0.5022048241903306
recoverability_s42,walkingman20,183,0,0,2,True,False,True,0.32913416561113273,0.32913416561113273
recoverability_s42,walkingman20,240,0,0,2,True,False,True,0.0,0.0
recoverability_s42,walkingman20,244,0,0,2,True,False,True,0.43138187137171613,0.43138187137171613
recoverability_s42,walkingman20,252,0,1,0,False,False,True,0.5537318382208447,0.0
recoverability_s42,walkingman20,254,0,0,2,True,False,True,0.0,0.0
recoverability_s42,walkingman20,255,0,1,0,False,False,True,0.0,0.6713653954869052
recoverability_s42,walkingman20,266,0,0,2,True,False,True,0.5198915358981744,0.5198915358981744
recoverability_s42,walkingman20,268,0,0,2,True,False,True,0.804282357330663,0.804282357330663
recoverability_s42,walkingman20,269,0,0,2,True,False,True,0.814302900145386,0.814302900145386
recoverability_s42,walkingman20,276,0,0,2,True,False,True,0.6588629115658725,0.6588629115658725
recoverability_s42,walkingman20,277,0,1,2,True,False,True,0.5788041224336227,0.0
recoverability_s42,walkingman20,278,0,0,2,True,False,True,0.0,0.0
recoverability_s42,walkingman20,279,0,1,2,True,False,True,0.0,0.6863539570494942
recoverability_s42,walkingman20,280,0,1,0,False,False,True,0.299398292670592,0.0
recoverability_s42,walkingman20,281,2,3,2,True,False,True,0.0,0.0
recoverability_s42,walkingman20,287,0,0,2,True,False,True,0.0,0.0
recoverability_s42,walkingman20,293,0,0,2,True,False,True,0.0,0.0
recoverability_s42,walkingman20,294,2,0,2,True,False,True,0.0,0.0
recoverability_s42,walkingman20,298,0,0,2,True,False,True,0.0,0.0
recoverability_s42,walkingman20,302,0,0,2,True,False,True,0.0,0.0
recoverability_s42,walkingman20,304,0,0,2,True,False,True,0.0,0.0
recoverability_s42,walkingman20,309,2,0,2,True,False,True,0.0,0.0
recoverability_s42,walkingman20,310,0,0,2,True,False,True,0.0,0.0
recoverability_s42,walkingman20,311,2,0,2,True,False,True,0.0,0.006905742096523576
recoverability_s42,walkingman20,312,0,0,2,True,False,True,0.0,0.0
recoverability_s42,walkingman20,313,0,0,2,True,False,True,0.0,0.0
recoverability_s42,walkingman20,314,2,0,2,True,False,True,0.0,0.007208198402926063
recoverability_s42,walkingman20,315,0,0,2,True,False,True,0.0,0.0
recoverability_s42,walkingman20,316,0,0,2,True,False,True,0.0,0.0
recoverability_s42,walkingman20,317,2,0,2,True,False,True,0.005244366579425477,0.013083086563064132
recoverability_s42,walkingman20,318,0,0,2,True,False,True,0.0019247667830354525,0.0019247667830354525
recoverability_s42,walkingman20,319,0,0,2,True,False,True,0.0,0.0
recoverability_s42,walkingman20,320,2,0,2,True,False,True,0.0,0.010085205621575883
recoverability_s42,walkingman20,321,0,0,2,True,False,True,0.0041474133977342734,0.0041474133977342734
recoverability_s42,walkingman20,322,0,0,2,True,False,True,0.0,0.0
recoverability_s42,walkingman20,323,2,0,2,True,False,True,0.0,0.01302129315877603
recoverability_s42,walkingman20,324,0,0,2,True,False,True,0.01086214880298317,0.01086214880298317
recoverability_s42,walkingman20,325,0,0,2,True,False,True,0.0,0.0
recoverability_s42,walkingman20,326,0,0,2,True,False,True,0.0,0.0
recoverability_s42,walkingman20,327,2,0,2,True,False,True,0.07303829575937998,0.0064313243242965674
recoverability_s42,walkingman20,328,2,0,2,True,False,True,2.3793889515461615e-05,0.010858661363871671
recoverability_s42,walkingman20,329,0,0,2,True,False,True,0.006960849666766524,0.006960849666766524
recoverability_s42,walkingman20,330,0,0,2,True,False,True,0.0,0.0
recoverability_s42,walkingman20,331,2,0,2,True,False,True,0.0,0.008155584675954302
recoverability_s42,walkingman20,332,0,0,2,True,False,True,0.0,0.0
recoverability_s42,walkingman20,333,0,0,2,True,False,True,0.0203520210233358,0.0203520210233358
recoverability_s42,walkingman20,334,2,0,2,True,False,True,0.0,0.014181081035861364
recoverability_s42,walkingman20,335,0,0,2,True,False,True,0.0,0.0
recoverability_s42,walkingman20,336,0,0,2,True,False,True,0.0,0.0
recoverability_s42,walkingman20,337,2,0,2,True,False,True,0.0,0.0024732426229031245
recoverability_s42,walkingman20,338,0,0,2,True,False,True,0.0,0.0
recoverability_s42,walkingman20,339,2,0,2,True,False,True,0.0,0.0105446321490671
recoverability_s42,walkingman20,340,0,0,2,True,False,True,0.006417772463028815,0.006417772463028815
recoverability_s42,walkingman20,341,2,0,2,True,False,True,0.0,0.008729649792258884
recoverability_s42,walkingman20,342,0,0,2,True,False,True,0.0,0.0
recoverability_s42,walkingman20,343,2,0,2,True,False,True,0.0,0.008934643088386792
recoverability_s42,walkingman20,344,0,0,2,True,False,True,0.0008993892820933877,0.0008993892820933877
recoverability_s42,walkingman20,345,0,0,2,True,False,True,0.0,0.0
recoverability_s42,walkingman20,346,2,1,2,True,False,True,0.0,0.011124333570120196
recoverability_s42,walkingman20,347,0,0,2,True,False,True,0.0,0.0
recoverability_s42,walkingman20,348,2,1,2,True,False,True,0.0,0.009090916566907106
recoverability_s42,walkingman20,349,0,0,2,True,False,True,0.0,0.0
recoverability_s42,walkingman20,350,2,0,2,True,False,True,0.0,0.010865573072141983
recoverability_s42,walkingman20,351,0,0,2,True,False,True,0.0,0.0
recoverability_s42,walkingman20,352,0,0,2,True,False,True,0.0,0.0
recoverability_s42,walkingman20,353,2,0,2,True,False,True,0.0,0.0
recoverability_s42,walkingman20,354,0,0,2,True,False,True,0.0,0.0
recoverability_s42,walkingman20,355,0,0,2,True,False,True,0.0,0.0
recoverability_s42,walkingman20,357,2,0,2,True,False,True,0.0,0.0
recoverability_s42,walkingman20,358,0,0,2,True,False,True,0.0,0.0
recoverability_s42,walkingman20,359,2,0,2,True,False,True,0.0,0.000635734102214098
recoverability_s42,walkingman20,360,0,0,2,True,False,True,0.0,0.0
recoverability_s42,walkingman20,361,0,0,2,True,False,True,0.0,0.0
recoverability_s42,walkingman20,362,2,0,2,True,False,True,0.0,0.0
recoverability_s42,walkingman20,363,0,0,2,True,False,True,0.0,0.0
recoverability_s42,walkingman20,364,0,0,2,True,False,True,0.0,0.0
recoverability_s42,walkingman20,365,2,0,2,True,False,True,0.0,0.011681347064514127
recoverability_s42,walkingman20,366,0,0,2,True,False,True,0.0,0.0
recoverability_s42,walkingman20,367,0,0,2,True,False,True,0.0,0.0
recoverability_s42,walkingman20,368,2,0,2,True,False,True,0.0,0.0
recoverability_s42,walkingman20,369,0,0,2,True,False,True,0.0,0.0
recoverability_s42,walkingman20,370,0,0,2,True,False,True,0.0,0.0
recoverability_s42,walkingman20,371,2,0,2,True,False,True,0.0,0.0
recoverability_s42,walkingman20,372,0,0,2,True,False,True,0.0,0.0
recoverability_s42,walkingman20,373,0,0,2,True,False,True,0.0,0.0
recoverability_s42,walkingman20,374,2,0,2,True,False,True,0.0,0.0
recoverability_s42,walkingman20,375,0,0,2,True,False,True,0.0,0.0
recoverability_s42,walkingman20,376,0,0,2,True,False,True,0.0,0.0
recoverability_s42,walkingman20,377,2,0,2,True,False,True,0.0,0.0
recoverability_s42,walkingman20,378,0,0,2,True,False,True,0.0,0.0
recoverability_s42,walkingman20,379,2,0,2,True,False,True,0.0,0.0
recoverability_s42,walkingman20,380,0,0,2,True,False,True,0.0,0.0
recoverability_s42,walkingman20,381,2,1,2,True,False,True,0.0,0.007285030176101385
recoverability_s42,walkingman20,382,0,0,2,True,False,True,0.0,0.0
recoverability_s42,walkingman20,383,0,0,2,True,False,True,0.0,0.0
recoverability_s42,walkingman20,384,2,0,2,True,False,True,0.0,0.0
recoverability_s42,walkingman20,385,0,0,2,True,False,True,0.0,0.0
recoverability_s42,walkingman20,386,0,0,2,True,False,True,0.0,0.0
recoverability_s42,walkingman20,387,2,0,2,True,False,True,0.0,0.0
recoverability_s42,walkingman20,388,0,0,2,True,False,True,0.0,0.0
recoverability_s42,walkingman20,389,2,0,2,True,False,True,0.0,0.0
recoverability_s42,walkingman20,390,0,0,2,True,False,True,0.0,0.0
recoverability_s42,walkingman20,391,2,0,2,True,False,True,0.0,0.0
recoverability_s42,walkingman20,392,0,0,2,True,False,True,0.0,0.0
recoverability_s42,walkingman20,393,0,0,2,True,False,True,0.0,0.0
recoverability_s42,walkingman20,394,2,0,2,True,False,True,0.0,0.0
recoverability_s42,walkingman20,395,0,0,2,True,False,True,0.0,0.0
recoverability_s42,walkingman20,396,0,0,2,True,False,True,0.0,0.0
recoverability_s42,walkingman20,399,0,1,2,True,False,True,0.0,0.12148945118811405
recoverability_s42,walkingman20,400,0,1,0,False,False,True,0.180110044085102,0.061604313802221956
recoverability_s42,walkingman20,401,0,0,2,True,False,True,0.12737108462207997,0.12737108462207997
recoverability_s42,walkingman20,438,0,0,2,True,False,True,0.0,0.0
recoverability_s42,walkingman20,443,0,0,2,True,False,True,0.0,0.0
recoverability_s42,walkingman20,444,0,0,2,True,False,True,0.0,0.0
recoverability_s42,walkingman20,448,0,0,2,True,False,True,0.0,0.0
recoverability_s42,walkingman20,449,0,0,2,True,False,True,0.0,0.0
recoverability_s42,walkingman20,453,0,0,2,True,False,True,0.0,0.0
recoverability_s42,walkingman20,455,0,0,2,True,False,True,0.0,0.0
recoverability_s42,walkingman20,456,0,0,2,True,False,True,0.0,0.0
recoverability_s42,walkingman20,457,0,0,2,True,False,True,0.0,0.0
recoverability_s42,walkingman20,458,0,0,2,True,False,True,0.0,0.0
recoverability_s42,walkingman20,460,0,0,2,True,False,True,0.0,0.0
recoverability_s42,walkingman20,463,0,0,2,True,False,True,0.0,0.0
recoverability_s42,walkingman20,464,0,0,2,True,False,True,0.0,0.0
recoverability_s42,walkingman20,465,0,0,2,True,False,True,0.0,0.0
recoverability_s42,walkingman20,466,0,0,2,True,False,True,0.0,0.0
recoverability_s42,walkingman20,467,0,0,2,True,False,True,0.0,0.0
recoverability_s42,walkingman20,468,0,0,2,True,False,True,0.0,0.0
recoverability_s42,walkingman20,469,0,0,2,True,False,True,0.0,0.0
recoverability_s42,walkingman20,470,0,0,2,True,False,True,0.0,0.0
recoverability_s42,walkingman20,473,0,0,2,True,False,True,0.0,0.0
recoverability_s42,walkingman20,474,0,0,2,True,False,True,0.0,0.0
recoverability_s42,walkingman20,476,0,0,2,True,False,True,0.0,0.0
recoverability_s42,walkingman20,477,0,1,2,True,False,True,0.0,0.48301937702417264
recoverability_s42,walkingman20,488,0,1,0,False,False,True,0.619627561027731,0.0
recoverability_s42,walkingman20,489,0,1,2,True,False,True,0.0,0.5712825908820688
recoverability_s42,walkingman20,492,0,1,0,False,False,True,0.701924274019043,0.0
recoverability_s42,walkingman20,493,0,1,2,True,False,True,0.0,0.0
recoverability_s42,walkingman20,494,0,0,2,True,False,True,0.0,0.0
recoverability_s42,walkingman20,495,0,0,2,True,False,True,0.0,0.0
recoverability_s42,walkingman20,502,0,0,2,True,False,True,0.0,0.0
recoverability_s42,walkingman20,504,0,1,2,True,False,True,0.0,0.37151752194353127
recoverability_s42,walkingman20,505,0,0,2,True,False,True,0.43099499663270513,0.43099499663270513
recoverability_s42,walkingman20,508,0,1,0,False,False,True,0.35235287686761946,0.0
recoverability_s42,walkingman20,509,0,0,2,True,False,True,0.0,0.0
recoverability_s42,walkingman20,511,0,0,2,True,False,True,0.0,0.0
recoverability_s42,walkingman20,514,0,0,2,True,False,True,0.0,0.0
recoverability_s42,walkingman20,515,0,0,2,True,False,True,0.0,0.0
recoverability_s42,walkingman20,522,2,1,2,True,False,True,0.0,0.2988278584156325
recoverability_s42,walkingman20,529,0,0,2,True,False,True,0.5452190911717665,0.5452190911717665
recoverability_s42,walkingman20,537,0,0,2,True,False,True,0.6890381239467536,0.6890381239467536
recoverability_s42,walkingman20,538,0,0,2,True,False,True,0.6192635060018377,0.6192635060018377
recoverability_s42,walkingman20,539,0,0,2,True,False,True,0.6633693582510114,0.6633693582510114
recoverability_s42,walkingman20,542,0,0,2,True,False,True,0.5123639867311408,0.5123639867311408
recoverability_s42,walkingman20,543,0,0,2,True,False,True,0.6212639296482292,0.6212639296482292
recoverability_s42,walkingman20,544,0,0,2,True,False,True,0.6793905882209046,0.6793905882209046
recoverability_s42,walkingman20,545,0,0,2,True,False,True,0.7037908899087577,0.7037908899087577
recoverability_s42,walkingman20,547,0,0,2,True,False,True,0.6221504929177699,0.6221504929177699
recoverability_s42,walkingman20,549,0,0,2,True,False,True,0.5979266752995988,0.5979266752995988
recoverability_s42,walkingman20,552,0,0,2,True,False,True,0.5764849394031227,0.5764849394031227
recoverability_s42,walkingman20,567,0,0,2,True,False,True,0.40438387211621185,0.40438387211621185
recoverability_s42,walkingman20,568,0,0,2,True,False,True,0.6666855490331053,0.6666855490331053
recoverability_s42,walkingman41,294,0,0,2,True,False,True,0.867151068251498,0.867151068251498
recoverability_s42,walkingman41,295,0,2,0,False,False,True,0.8495485630214262,0.0
recoverability_s42,walkingman41,298,0,2,0,False,False,True,0.0,0.0
recoverability_s42,walkingman41,299,0,3,2,True,False,True,0.2439636918546848,0.0
recoverability_s42,walkingman41,302,2,1,2,True,False,True,0.0,0.21997829299475635
recoverability_s42,walkingman41,303,0,1,0,False,False,True,0.38620342432232496,0.0
recoverability_s42,walkingman41,308,0,1,0,False,False,True,0.0,0.10610429944625133
recoverability_s42,walkingman41,337,0,0,2,True,False,True,0.6795663643023467,0.6795663643023467
recoverability_s42,walkingman41,349,0,0,2,True,False,True,0.0,0.0
recoverability_s42,walkingman41,350,0,0,2,True,False,True,0.0,0.0
recoverability_s42,walkingman41,352,0,0,2,True,False,True,0.0,0.0
recoverability_s42,walkingman41,353,0,0,2,True,False,True,0.0,0.0
recoverability_s42,walkingman41,354,0,0,2,True,False,True,0.0,0.0
recoverability_s42,walkingman41,355,0,1,2,True,False,True,0.0,0.0
recoverability_s42,walkingman41,356,0,0,2,True,False,True,0.0,0.0
recoverability_s42,walkingman41,357,0,0,2,True,False,True,0.0,0.0
recoverability_s42,walkingman41,358,0,0,2,True,False,True,0.7079128320014845,0.7079128320014845
recoverability_s42,walkingman41,359,2,1,2,True,False,True,0.6069345396924392,0.0
recoverability_s42,walkingman41,360,0,0,2,True,False,True,0.0,0.0
recoverability_s42,walkingman41,361,0,0,2,True,False,True,0.0,0.0
recoverability_s42,walkingman41,362,0,0,2,True,False,True,0.0,0.0
recoverability_s42,walkingman41,366,0,0,2,True,False,True,0.0,0.0
recoverability_s42,walkingman41,367,0,0,2,True,False,True,0.0,0.0
recoverability_s42,walkingman41,369,0,0,2,True,False,True,0.0,0.0
recoverability_s42,walkingman41,370,0,0,2,True,False,True,0.0,0.0
recoverability_s42,walkingman41,371,0,0,2,True,False,True,0.0,0.0
recoverability_s42,walkingman41,372,0,1,2,True,False,True,0.0,0.0
recoverability_s42,walkingman41,373,0,1,2,True,False,True,0.0,0.0
recoverability_s42,walkingman41,379,0,0,2,True,False,True,0.0,0.0
recoverability_s42,walkingman41,386,0,0,2,True,False,True,0.0,0.0
recoverability_s42,walkingman41,387,0,0,2,True,False,True,0.0,0.0
recoverability_s42,walkingman41,389,0,0,2,True,False,True,0.0,0.0
recoverability_s42,walkingman41,390,0,0,2,True,False,True,0.0,0.0
recoverability_s42,walkingman41,391,0,0,2,True,False,True,0.0,0.0
recoverability_s42,walkingman41,407,2,0,2,True,False,True,0.02021362811028088,0.0
recoverability_s42,walkingman41,428,0,3,0,False,False,True,0.0,0.0
recoverability_s42,walkingman41,457,0,0,2,True,False,True,0.0,0.0
recoverability_s42,walkingman41,464,0,0,2,True,False,True,0.0,0.0
recoverability_s42,walkingman41,476,0,1,0,False,False,True,0.0,0.039400076131115694
recoverability_s42,walkingman41,477,0,1,0,False,False,True,0.0,0.0
recoverability_s42,walkingman41,478,0,0,2,True,False,True,0.0,0.0
recoverability_s42,walkingman41,479,0,0,2,True,False,True,0.0,0.0
recoverability_s42,walkingman41,480,0,0,2,True,False,True,0.0,0.0
recoverability_s42,walkingman41,493,0,1,0,False,False,True,0.0,0.6375597738860093
recoverability_s42,walkingman41,494,0,1,0,False,False,True,0.5308773729312628,0.05180596317020525
recoverability_s42,walkingman41,496,0,1,0,False,False,True,0.08797887668562503,0.0
recoverability_s42,walkingmantiny,37,0,0,2,True,False,True,0.4093422963463738,0.4093422963463738
recoverability_s42,walkingmantiny,38,0,0,2,True,False,True,0.13777366844245206,0.13777366844245206
recoverability_s42,walkingmantiny,39,0,0,2,True,False,True,0.2030244610729409,0.2030244610729409
recoverability_s42,walkingmantiny,41,0,0,2,True,False,True,0.042431580715189085,0.042431580715189085
recoverability_s42,walkingmantiny,43,0,0,2,True,False,True,0.02318624228660809,0.02318624228660809
recoverability_s42,walkingmantiny,44,0,0,2,True,False,True,0.03869128998322547,0.03869128998322547
recoverability_s42,walkingmantiny,46,0,0,2,True,False,True,0.0,0.0
recoverability_s42,walkingmantiny,47,0,0,2,True,False,True,0.0464236129581231,0.0464236129581231
recoverability_s42,walkingmantiny,49,0,0,2,True,False,True,0.0,0.0
recoverability_s42,walkingmantiny,50,0,0,2,True,False,True,0.06864587827564861,0.06864587827564861
recoverability_s42,walkingmantiny,51,0,0,2,True,False,True,0.0,0.0
recoverability_s42,walkingmantiny,52,0,1,2,True,False,True,0.047123128326057855,0.0
recoverability_s42,walkingmantiny,55,0,0,2,True,False,True,0.0,0.0
recoverability_s42,walkingmantiny,60,0,0,2,True,False,True,0.0,0.0
recoverability_s42,walkingmantiny,61,0,0,2,True,False,True,0.0,0.0
recoverability_s42,walkingmantiny,62,0,0,2,True,False,True,0.0,0.0
recoverability_s42,walkingmantiny,63,0,0,2,True,False,True,0.0,0.0
recoverability_s42,walkingmantiny,64,0,0,2,True,False,True,0.0,0.0
recoverability_s42,walkingmantiny,66,0,0,2,True,False,True,0.0,0.0
recoverability_s42,walkingmantiny,67,0,0,2,True,False,True,0.0,0.0
recoverability_s42,walkingmantiny,68,0,0,2,True,False,True,0.0,0.0
recoverability_s42,walkingmantiny,69,0,0,2,True,False,True,0.0,0.0
recoverability_s42,walkingmantiny,70,0,0,2,True,False,True,0.0,0.0
recoverability_s42,walkingmantiny,72,0,0,2,True,False,True,0.0,0.0
recoverability_s42,walkingmantiny,73,0,0,2,True,False,True,0.0,0.0
recoverability_s42,walkingmantiny,74,0,0,2,True,False,True,0.0,0.0
recoverability_s42,walkingmantiny,76,0,0,2,True,False,True,0.0,0.0
recoverability_s42,walkingmantiny,80,0,0,2,True,False,True,0.0,0.0
recoverability_s42,walkingmantiny,82,0,0,2,True,False,True,0.0,0.0
recoverability_s42,walkingnight,144,0,0,2,True,False,True,0.7884861159379852,0.7884861159379852
recoverability_s42,walkingnight,236,0,0,2,True,False,True,0.8390916795102271,0.8390916795102271
recoverability_s42,walkingnight,238,0,0,2,True,False,True,0.7610268664643253,0.7610268664643253
recoverability_s42,walkingnight,239,0,0,2,True,False,True,0.7953953695994931,0.7953953695994931
recoverability_s42,walkingnight,240,0,0,2,True,False,True,0.6320342076081792,0.6320342076081792
recoverability_s42,walkingnight,241,0,0,2,True,False,True,0.7514342397314977,0.7514342397314977
recoverability_s42,walkingnight,242,0,0,2,True,False,True,0.794576716314368,0.794576716314368
recoverability_s42,walkingnight,244,0,0,2,True,False,True,0.7188769229154699,0.7188769229154699
recoverability_s42,walkingnight,245,0,0,2,True,False,True,0.6620176229525973,0.6620176229525973
recoverability_s42,walkingnight,246,0,0,2,True,False,True,0.6816702484049633,0.6816702484049633
recoverability_s42,walkingnight,247,0,0,2,True,False,True,0.6551544108485368,0.6551544108485368
recoverability_s42,walkingnight,248,0,0,2,True,False,True,0.6210065484990741,0.6210065484990741
recoverability_s42,walkingnight,249,0,0,2,True,False,True,0.4996263588228374,0.4996263588228374
recoverability_s42,walkingnight,250,0,0,2,True,False,True,0.566446742927908,0.566446742927908
recoverability_s42,walkingnight,251,0,0,2,True,False,True,0.5804156947116299,0.5804156947116299
recoverability_s42,walkingnight,252,0,0,2,True,False,True,0.4122134435445552,0.4122134435445552
recoverability_s42,walkingnight,253,0,0,2,True,False,True,0.536801425388058,0.536801425388058
recoverability_s42,walkingnight,254,0,0,2,True,False,True,0.5285253128933094,0.5285253128933094
recoverability_s42,walkingnight,255,0,0,2,True,False,True,0.0,0.47845979811609324
recoverability_s42,walkingnight,256,0,0,2,True,False,True,0.44460881727557006,0.44460881727557006
recoverability_s42,walkingnight,257,0,0,2,True,False,True,0.44353754624212394,0.44353754624212394
recoverability_s42,walkingnight,258,0,0,2,True,False,True,0.4628103246547083,0.4628103246547083
recoverability_s42,walkingnight,259,0,0,2,True,False,True,0.4198941571340056,0.4198941571340056
recoverability_s42,walkingnight,260,0,0,2,True,False,True,0.35903603455412564,0.35903603455412564
recoverability_s42,walkingnight,261,0,0,2,True,False,True,0.4171577227867657,0.4171577227867657
recoverability_s42,walkingnight,262,0,0,2,True,False,True,0.3719288296699744,0.3719288296699744
recoverability_s42,walkingnight,263,0,0,2,True,False,True,0.5326426777383331,0.5326426777383331
recoverability_s42,walkingnight,264,0,0,2,True,False,True,0.45952343793551037,0.45952343793551037
recoverability_s42,walkingnight,265,0,0,2,True,False,True,0.6023913981419108,0.6023913981419108
recoverability_s42,walkingnight,267,0,0,2,True,False,True,0.3802474834887761,0.3802474834887761
recoverability_s42,walkingnight,270,0,0,2,True,False,True,0.3613649839578288,0.3613649839578288
recoverability_s42,walkingnight,278,0,0,2,True,False,True,0.7484146726412462,0.7484146726412462
recoverability_s42,walkingnight,281,0,0,2,True,False,True,0.7423404128653653,0.7423404128653653
recoverability_s42,walkingnight,286,0,0,2,True,False,True,0.8274987496412949,0.8274987496412949
recoverability_s42,walkingnight,373,0,0,2,True,False,True,0.8338671017276809,0.8338671017276809
recoverability_s42,walkingnight,389,0,1,2,True,False,True,0.0,0.2840705418281121
recoverability_s42,walkingnight,390,0,0,2,True,False,True,0.3388256381576058,0.3388256381576058
recoverability_s42,walkingnight,392,0,1,0,False,False,True,0.0,0.39502044143087556
recoverability_s42,walkingtogether,1225,0,0,2,True,False,True,0.8026831022924698,0.8026831022924698
recoverability_s42,walkingtogether,1234,0,0,2,True,False,True,0.8344490500286975,0.8344490500286975
recoverability_s42,walkingtogether,1237,0,0,2,True,False,True,0.8444998630408581,0.8444998630408581
recoverability_s42,walkingtogether,1240,0,0,2,True,False,True,0.849034857948426,0.849034857948426
recoverability_s42,walkingtogether,1242,0,0,2,True,False,True,0.805962291159887,0.805962291159887
recoverability_s42,walkingtogether,1243,0,0,2,True,False,True,0.8863250934321423,0.8863250934321423
recoverability_s42,walkingtogether,1246,0,0,2,True,False,True,0.8655656488220058,0.8655656488220058
recoverability_s42,walkingtogether,1318,0,0,2,True,False,True,0.7535138595698028,0.7535138595698028
recoverability_s42,walkingtogether,1322,0,0,2,True,False,True,0.7326550733414364,0.7326550733414364
recoverability_s42,walkingtogether,1343,0,0,2,True,False,True,0.719132267857364,0.719132267857364
recoverability_s42,walkingtogether,1345,0,0,0,False,False,True,0.7261311541666592,0.0
recoverability_s42,walkingtogether,1347,0,0,2,True,False,True,0.6267575947117567,0.6267575947117567
recoverability_s42,walkingtogether,1350,0,1,0,False,False,True,0.8355840579816755,0.0
recoverability_s42,walkingtogetherright,244,0,0,2,True,False,True,0.46589519230236537,0.46589519230236537
recoverability_s42,walkingtogetherright,249,0,0,2,True,False,True,0.08312863622109405,0.08312863622109405
recoverability_s42,walkingtogetherright,266,0,0,2,True,False,True,0.3929813797425405,0.3929813797425405
recoverability_s42,walkingtogetherright,268,0,0,2,True,False,True,0.0,0.0
recoverability_s42,walkingtogetherright,280,0,0,2,True,False,True,0.3718500326546686,0.3718500326546686
recoverability_s42,walkingtogetherright,282,2,0,2,True,False,True,0.4004606464007072,0.0
recoverability_s42,walkingtogetherright,284,0,1,2,True,False,True,0.0,0.40855122496187807
recoverability_s42,walkingtogetherright,376,0,0,2,True,False,True,0.09186963759264606,0.09186963759264606
recoverability_s42,walkingtogetherright,486,0,0,2,True,False,True,0.42456447887849136,0.42456447887849136
recoverability_s42,walkingtogetherright,488,0,0,2,True,False,True,0.4317098456516082,0.4317098456516082
recoverability_s42,walkingtogetherright,597,0,0,0,False,False,True,0.0,0.474817604703784
recoverability_s42,walkingwithbag1,446,0,0,2,True,False,True,0.5291740078571014,0.5291740078571014
recoverability_s42,walkingwithbag1,447,0,0,2,True,False,True,0.3623060180080073,0.3623060180080073
recoverability_s42,walkingwithbag1,448,0,0,2,True,False,True,0.506421479565788,0.506421479565788
recoverability_s42,walkingwithbag1,451,0,0,2,True,False,True,0.4595105093734176,0.4595105093734176
recoverability_s42,whitebag,57,0,0,2,True,False,True,0.7514595253127582,0.7514595253127582
recoverability_s42,whitebag,59,2,1,2,True,False,True,0.43396050438006323,0.0
recoverability_s42,whitebag,124,0,2,0,False,False,True,0.0,0.11364613855668966
recoverability_s42,whitebag,125,0,0,2,True,False,True,0.35529036007384246,0.35529036007384246
recoverability_s42,whitebag,175,0,0,2,True,False,True,0.7485616885903108,0.7485616885903108
recoverability_s42,whitebag,176,0,0,2,True,False,True,0.717886266108771,0.717886266108771
recoverability_s42,whiteman1,268,0,1,0,False,False,True,0.864209013766221,0.0
recoverability_s42,whiteman1,269,0,1,0,False,False,True,0.0,0.8349314392984816
recoverability_s42,whiteman1,307,0,2,0,False,False,True,0.7130029468035612,0.0
recoverability_s42,whiteman1,308,2,0,2,True,False,True,0.0,0.6461880299259469
recoverability_s42,whiteman1,318,0,1,0,False,False,True,0.6707361163225147,0.0
recoverability_s42,whiteman1,319,0,2,0,False,False,True,0.0,0.6936758707229999
recoverability_s42,whiteman1,350,0,1,0,False,False,True,0.7043315737491976,0.0
recoverability_s42,whiteman1,351,0,0,2,True,False,True,0.0,0.0
recoverability_s42,whiteman1,352,0,1,2,True,False,True,0.7263399745728827,0.7263399745728827
recoverability_s42,whiteman1,353,0,0,2,True,False,True,0.6287519237046744,0.6287519237046744
recoverability_s42,whiteman1,354,0,0,2,True,False,True,0.40763260805964735,0.40763260805964735
recoverability_s42,whiteman1,355,0,0,2,True,False,True,0.6339332639114875,0.6339332639114875
recoverability_s42,whiteman1,356,0,0,2,True,False,True,0.5195209485571175,0.5195209485571175
recoverability_s42,whiteman1,357,0,0,2,True,False,True,0.6414111683338007,0.6414111683338007
recoverability_s42,whiteman1,358,0,0,2,True,False,True,0.5833877873102534,0.5833877873102534
recoverability_s42,whiteman1,359,0,0,2,True,False,True,0.5269431929932342,0.5269431929932342
recoverability_s42,whiteman1,361,0,0,2,True,False,True,0.7893406490010813,0.7893406490010813
recoverability_s42,whiteman1,363,0,0,2,True,False,True,0.0,0.0
recoverability_s42,whiteman1,366,2,1,2,True,False,True,0.5646870315817684,0.38793957263663637
recoverability_s42,whiteman1,367,0,0,2,True,False,True,0.3295399167950288,0.3295399167950288
recoverability_s42,whiteman1,368,0,0,2,True,False,True,0.4995305933079609,0.04111515438172728
recoverability_s42,whiteman1,369,0,0,2,True,False,True,0.005523545953592599,0.005523545953592599
recoverability_s42,whiteman1,371,0,0,2,True,False,True,0.3917175574659213,0.3917175574659213
recoverability_s42,whiteman1,372,0,0,2,True,False,True,0.4835972931515664,0.4835972931515664
recoverability_s42,whiteman1,373,0,0,2,True,False,True,0.43742897072167924,0.43742897072167924
recoverability_s42,whiteman1,375,0,0,2,True,False,True,0.385710347470663,0.385710347470663
recoverability_s42,whiteman1,377,0,0,2,True,False,True,0.43158887098875076,0.43158887098875076
recoverability_s42,whiteman1,381,0,0,2,True,False,True,0.4073021554685981,0.4073021554685981
recoverability_s42,whiteman1,383,0,0,2,True,False,True,0.4274337938475239,0.4274337938475239
recoverability_s42,whiteman1,384,0,1,2,True,False,True,0.49731676294495625,0.37328342238376466
recoverability_s42,whiteman1,385,0,0,2,True,False,True,0.5189763798539663,0.5189763798539663
recoverability_s42,whiteman1,387,0,0,2,True,False,True,0.44022090293423505,0.44022090293423505
recoverability_s42,whiteman1,388,0,0,2,True,False,True,0.5510297136193567,0.5510297136193567
recoverability_s42,whiteman1,390,0,0,2,True,False,True,0.5219398195683089,0.5219398195683089
recoverability_s42,whiteman1,392,0,0,2,True,False,True,0.5122783610943052,0.5122783610943052
recoverability_s42,whiteman1,393,0,0,2,True,False,True,0.4683290535623777,0.4683290535623777
recoverability_s42,whiteman1,394,0,0,2,True,False,True,0.45647108329896874,0.45647108329896874
recoverability_s42,whiteman1,395,0,0,2,True,False,True,0.5022349065830242,0.5022349065830242
recoverability_s42,whiteman1,403,0,0,2,True,False,True,0.4666948469352468,0.4666948469352468
recoverability_s42,whiteman1,404,0,0,2,True,False,True,0.3510414956357864,0.3510414956357864
recoverability_s42,whiteman1,405,0,0,2,True,False,True,0.4054852320927971,0.4054852320927971
recoverability_s42,whiteman1,407,0,0,2,True,False,True,0.58318484171003,0.58318484171003
recoverability_s42,whiteman1,408,0,0,2,True,False,True,0.5836359173198679,0.5836359173198679
recoverability_s42,whiteman1,409,0,0,2,True,False,True,0.5520899067335248,0.5520899067335248
recoverability_s42,whiteman1,410,0,0,2,True,False,True,0.3733464158035893,0.3733464158035893
recoverability_s42,whiteman1,412,0,0,2,True,False,True,0.4260331701527374,0.4260331701527374
recoverability_s42,whiteman1,414,0,0,2,True,False,True,0.38973982911000515,0.38973982911000515
recoverability_s42,whiteman1,416,0,0,2,True,False,True,0.5912109867944054,0.5912109867944054
recoverability_s42,whiteman1,417,2,1,2,True,False,True,0.5916507081052425,0.3872657769933716
recoverability_s42,whiteman1,420,0,0,2,True,False,True,0.4995922754468206,0.4995922754468206
recoverability_s42,whiteman1,421,0,0,2,True,False,True,0.6611531149768489,0.6611531149768489
recoverability_s42,whiteman1,422,0,0,2,True,False,True,0.6358557930552006,0.6358557930552006
recoverability_s42,whiteman1,423,0,0,2,True,False,True,0.661038552275764,0.661038552275764
recoverability_s42,whiteman1,425,0,0,2,True,False,True,0.6256424305647027,0.6256424305647027
recoverability_s42,whiteman1,426,0,0,2,True,False,True,0.6540271757584564,0.6540271757584564
recoverability_s42,whiteman1,430,0,0,2,True,False,True,0.5577870769411378,0.5577870769411378
recoverability_s42,whiteman1,432,0,0,2,True,False,True,0.7053684911607526,0.7053684911607526
recoverability_s42,whiteman1,435,0,0,2,True,False,True,0.4794223453100445,0.4794223453100445
recoverability_s42,whiteman1,439,0,0,2,True,False,True,0.679811815866239,0.679811815866239
recoverability_s42,whiteman1,440,0,0,2,True,False,True,0.6559749054716925,0.6559749054716925
recoverability_s42,whiteman1,441,0,0,2,True,False,True,0.5358638333255884,0.5358638333255884
recoverability_s42,whiteman1,442,0,0,2,True,False,True,0.592983788421264,0.592983788421264
recoverability_s42,whiteman1,447,0,0,2,True,False,True,0.626901089910485,0.626901089910485
recoverability_s42,whiteman1,448,0,0,2,True,False,True,0.5506551109803933,0.5506551109803933
recoverability_s42,whiteman1,450,0,0,2,True,False,True,0.5989992523718229,0.5989992523718229
recoverability_s42,whiteman1,452,0,0,2,True,False,True,0.4930721924861325,0.4930721924861325
recoverability_s42,whiteman1,454,0,0,2,True,False,True,0.5516438256614467,0.5516438256614467
recoverability_s42,whiteman1,477,0,0,2,True,False,True,0.584317735571026,0.584317735571026
recoverability_s42,whiteman1,494,0,0,2,True,False,True,0.5099506427872882,0.5099506427872882
recoverability_s42,whiteman1,495,0,0,2,True,False,True,0.5066043368401864,0.5066043368401864
recoverability_s42,whiteman1,506,2,0,2,True,False,True,0.317416850280709,0.6528166810459386
recoverability_s42,whiteman1,508,0,1,0,False,False,True,0.4766119723721169,0.0
recoverability_s42,whiteman1,510,0,1,0,False,False,True,0.850878925541837,0.0
recoverability_s42,whiteman1,511,2,0,2,True,False,True,0.0,0.46986918281761847
recoverability_s42,whiteman1,523,2,0,2,True,False,True,0.4858970871644521,0.588743770229803
recoverability_s42,whiteman1,526,0,0,2,True,False,True,0.5538312954216414,0.5538312954216414
recoverability_s42,whiteman1,527,2,0,2,True,False,True,0.5211769730758039,0.640721417273767
recoverability_s42,whiteman1,528,0,1,0,False,False,True,0.5465689775847236,0.15948191169459466
recoverability_s42,whiteman1,529,0,0,2,True,False,True,0.4284010624351679,0.4284010624351679
recoverability_s42,whiteman1,531,2,0,2,True,False,True,0.4580855609983706,0.6250438667043684
recoverability_s42,whiteman1,542,0,1,0,False,False,True,0.5324793558910526,0.06991820099991966
recoverability_s42,whiteman1,544,2,0,2,True,False,True,0.20196534839634983,0.7357418153072238
recoverability_s42,whiteman1,545,0,1,0,False,False,True,0.8028618984741744,0.0
recoverability_s42,whiteman1,546,0,2,2,True,False,True,0.0,0.0
recoverability_s42,whiteman1,549,2,0,2,True,False,True,0.20164702738637183,0.7538238675860481
recoverability_s42,whiteman1,557,0,0,0,False,False,True,0.7343508212086703,0.04306052328040487
recoverability_s42,whiteman1,558,0,0,2,True,False,True,0.08711952540109806,0.08711952540109806
recoverability_s42,whiteman1,559,2,0,2,True,False,True,0.09672104149399506,0.6987297352454034
recoverability_s42,whiteman1,560,0,2,2,True,False,True,0.9139881804207468,0.019283859166568888
recoverability_s42,whiteman1,561,2,0,2,True,False,True,0.09101305740168697,0.6991641222554793
recoverability_s42,whiteman1,565,0,1,0,False,False,True,0.7895959722079856,7.135432563744273e-05
recoverability_s42,whiteman1,567,2,0,2,True,False,True,0.02153879473863386,0.7103712181285561
recoverability_s42,whiteman1,572,0,0,0,False,False,True,0.7706654857555167,0.016357396424274282
recoverability_s42,whiteman1,620,0,0,0,False,False,True,0.7817899922324101,0.06634779875283349
recoverability_s42,whiteman1,624,0,1,0,False,False,True,0.7910036224814945,0.0
recoverability_s42,whiteman1,625,2,0,2,True,False,True,0.04349549357215965,0.8289378050729956
recoverability_s42,whiteman1,637,0,1,0,False,False,True,0.8810578116740784,0.0
recoverability_s42,whiteman1,639,2,0,2,True,False,True,0.0,0.7637123607285371
recoverability_s42,whiteman1,649,0,1,0,False,False,True,0.8137690967545657,0.0
recoverability_s42,whiteman1,650,0,1,0,False,False,True,0.0016830122899854248,0.8012713748597338
recoverability_s42,whiteman1,660,0,1,0,False,False,True,0.8243804438698601,0.0
recoverability_s42,whiteman1,667,2,0,2,True,False,True,0.0,0.8030685071753377
recoverability_s42,whiteman1,748,0,1,0,False,False,True,0.8508010691078653,0.0
recoverability_s42,whiteman1,749,2,1,2,True,False,True,0.0,0.6729310292785889
recoverability_s42,whiteman1,764,0,1,0,False,False,True,0.8780313064450253,0.0
recoverability_s42,whiteman1,765,0,0,2,True,False,True,0.0,0.0
recoverability_s42,whiteman1,767,0,0,2,True,False,True,0.0,0.0
recoverability_s42,whiteman1,768,2,0,2,True,False,True,0.0,0.6306497036600709
recoverability_s42,whiteman1,796,0,1,2,True,False,True,0.27779168130284626,0.0
recoverability_s42,whiteman1,797,0,0,2,True,False,True,0.0,0.0
recoverability_s42,whiteman1,798,2,1,2,True,False,True,0.0,0.0
recoverability_s42,whiteman1,799,0,0,2,True,False,True,0.0,0.740965402276151
recoverability_s42,whiteman1,805,0,1,0,False,False,True,0.5938686179221179,0.0
recoverability_s42,whiteman1,806,0,1,2,True,False,True,0.0,0.8109218868607745
recoverability_s42,whiteman1,811,0,0,2,True,False,True,0.3141411411537552,0.3141411411537552
recoverability_s42,whiteman1,812,0,0,2,True,False,True,0.8091287621063432,0.8091287621063432
recoverability_s42,whiteman1,823,0,1,0,False,False,True,0.6331133125505921,0.0
recoverability_s42,whiteman1,824,2,0,2,True,False,True,0.0,0.874962822069861
recoverability_s42,whiteman1,833,0,1,0,False,False,True,0.6918880655027455,0.0
recoverability_s42,whiteman1,834,0,0,0,False,False,True,0.0,0.7090668739083802
recoverability_s42,whiteman1,857,0,0,2,True,False,True,0.776763121808531,0.776763121808531
recoverability_s42,whiteman1,904,0,0,2,True,False,True,0.04933767688891901,0.04933767688891901
recoverability_s42,whiteman1,905,0,0,0,False,False,True,0.7638985181695823,0.0
recoverability_s42,whiteman1,906,0,1,0,False,False,True,0.03067684611668718,0.6988231657251939
recoverability_s42,whiteman1,910,0,0,2,True,False,True,0.7780481140610508,0.7780481140610508
recoverability_s42,whiteman1,913,0,0,2,True,False,True,0.8330595123058054,0.8330595123058054
recoverability_s42,whiteman1,917,0,0,2,True,False,True,0.8713985390494083,0.8713985390494083
recoverability_s42,whiteman1,918,0,0,2,True,False,True,0.31372699719759484,0.31372699719759484
recoverability_s42,whiteman1,919,0,0,2,True,False,True,0.7787536899892306,0.7787536899892306
recoverability_s42,whiteman1,923,0,1,0,False,False,True,0.7746131792232732,0.0
recoverability_s42,whiteman1,924,2,1,2,True,False,True,0.0,0.6798417363868673
recoverability_s42,whiteman1,1132,0,0,2,True,False,True,0.8612413163275915,0.8612413163275915
recoverability_s42,whiteman1,1136,0,0,2,True,False,True,0.8748713765233623,0.8748713765233623
recoverability_s42,whiteman1,1137,0,2,0,False,False,True,0.7921129481997788,0.0
recoverability_s42,whiteman1,1139,2,0,2,True,False,True,0.0,0.8166811852435847
recoverability_s42,woamn46,82,0,0,2,True,False,True,0.8172603947941485,0.8172603947941485
recoverability_s42,woamn46,83,0,0,2,True,False,True,0.8387705041048504,0.8387705041048504
recoverability_s42,woamn46,91,0,0,2,True,False,True,0.8205509072200912,0.8205509072200912
recoverability_s42,woamn46,97,0,0,2,True,False,True,0.7947303538463061,0.7947303538463061
recoverability_s42,woamn46,105,0,0,2,True,False,True,0.8377598545665372,0.8377598545665372
recoverability_s42,woamn46,106,0,0,2,True,False,True,0.8158075830792539,0.8158075830792539
recoverability_s42,woamn46,110,0,0,2,True,False,True,0.6959235307785073,0.6959235307785073
recoverability_s42,woamn46,111,0,0,2,True,False,True,0.8107587385805377,0.8107587385805377
recoverability_s42,woamn46,113,0,0,2,True,False,True,0.8614490615999248,0.8614490615999248
recoverability_s42,woamn46,117,0,0,2,True,False,True,0.8664832557783341,0.8664832557783341
recoverability_s42,woamn46,118,0,0,2,True,False,True,0.8090722902883603,0.8090722902883603
recoverability_s42,woamn46,131,0,0,2,True,False,True,0.8674372824460058,0.8674372824460058
recoverability_s42,woamn46,133,0,0,2,True,False,True,0.7834307069962257,0.7834307069962257
recoverability_s42,woamn46,134,0,0,2,True,False,True,0.668156756875627,0.668156756875627
recoverability_s42,woamn46,139,2,0,2,True,False,True,0.7857862709107211,0.0
recoverability_s42,woamn46,140,0,1,0,False,False,True,0.0,0.0
recoverability_s42,woamn46,141,2,0,2,True,False,True,0.0,0.0
recoverability_s42,woamn46,142,0,3,0,False,False,True,0.0,0.0
recoverability_s42,woamn46,143,2,0,2,True,False,True,0.0,0.0
recoverability_s42,woamn46,144,0,2,0,False,False,True,0.0,0.0
recoverability_s42,woamn46,145,0,0,2,True,False,True,0.009609410584244553,0.009609410584244553
recoverability_s42,woamn46,149,0,0,0,False,False,True,0.8685127125589258,0.0
recoverability_s42,woamn46,152,0,1,0,False,False,True,0.744839717606236,0.0
recoverability_s42,woamn46,153,0,0,2,True,False,True,0.0,0.0
recoverability_s42,woamn46,154,0,2,2,True,False,True,0.0,0.07931127174649857
recoverability_s42,woamn46,155,0,0,2,True,False,True,0.6867736104509088,0.6867736104509088
recoverability_s42,woamn46,159,0,0,2,True,False,True,0.7007195100245689,0.7007195100245689
recoverability_s42,woamn46,162,0,0,2,True,False,True,0.8307250649595987,0.8307250649595987
recoverability_s42,woamn46,163,0,0,2,True,False,True,0.7166068649222596,0.7166068649222596
recoverability_s42,woamn46,164,2,0,2,True,False,True,0.6708440616684405,0.0
recoverability_s42,woamn46,166,0,4,0,False,False,True,0.0,0.0
recoverability_s42,woamn46,167,2,0,2,True,False,True,0.0,0.0
recoverability_s42,woamn46,169,0,1,2,True,False,True,0.0,0.04199147352822021
recoverability_s42,woamn46,172,0,0,2,True,False,True,0.6044425167572371,0.6044425167572371
recoverability_s42,woamn46,174,0,0,2,True,False,True,0.7892739369789781,0.7892739369789781
recoverability_s42,woamn46,177,2,0,2,True,False,True,0.0,0.0
recoverability_s42,woamn46,178,0,1,2,True,False,True,0.0,0.8499828351895333
recoverability_s42,woamn46,179,2,0,2,True,False,True,0.59830649208905,0.0
recoverability_s42,woamn46,180,0,1,0,False,False,True,0.0,0.0
recoverability_s42,woamn46,181,0,1,0,False,False,True,0.0,0.7799303568514044
recoverability_s42,woamn46,182,0,0,2,True,False,True,0.6905614373247564,0.6905614373247564
recoverability_s42,woamn46,184,0,0,2,True,False,True,0.0,0.0
recoverability_s42,woamn46,185,0,0,2,True,False,True,0.0,0.0
recoverability_s42,woamn46,187,0,0,2,True,False,True,0.0,0.0
recoverability_s42,woamn46,191,0,1,0,False,False,True,0.7926919526098283,0.0
recoverability_s42,woamn46,192,0,1,2,True,False,True,0.0,0.0012123961349586336
recoverability_s42,woamn46,194,2,0,2,True,False,True,0.0,0.8213840105567035
recoverability_s42,woamn46,195,2,0,2,True,False,True,0.7015987484193725,0.0
recoverability_s42,woamn46,196,0,0,2,True,False,True,0.0,0.0
recoverability_s42,woamn46,198,0,1,0,False,False,True,0.0,0.7498826300666419
recoverability_s42,woamn46,202,2,1,2,True,False,True,0.7429384229415321,0.0
recoverability_s42,woamn46,203,0,1,2,True,False,True,0.0,0.7468793954427659
recoverability_s42,woamn46,207,0,0,2,True,False,True,0.6036373163183887,0.6036373163183887
recoverability_s42,woamn46,209,0,1,2,True,False,True,0.7459604085283807,0.0
recoverability_s42,woamn46,210,0,0,2,True,False,True,0.0,0.0
recoverability_s42,woamn46,214,0,0,2,True,False,True,0.0,0.0
recoverability_s42,woamn46,217,0,1,2,True,False,True,0.0,0.12546144999687522
recoverability_s42,woamn46,219,0,1,0,False,False,True,0.49252921873968075,0.0
recoverability_s42,woamn46,220,2,1,2,True,False,True,0.0,0.278422852181646
recoverability_s42,woamn46,221,0,1,0,False,False,True,0.23769989801975946,0.0
recoverability_s42,woamn46,222,2,1,2,True,False,True,0.0,0.25780716612924026
recoverability_s42,woamn46,223,0,1,0,False,False,True,0.47076530542126105,0.0
recoverability_s42,woamn46,224,2,0,2,True,False,True,0.0,0.0
recoverability_s42,woamn46,225,2,0,2,True,False,True,0.0,0.9063129067692911
recoverability_s42,woamn46,228,0,0,2,True,False,True,0.6666505302375683,0.6666505302375683
recoverability_s42,woamn46,232,0,0,2,True,False,True,0.6847868847122888,0.6847868847122888
recoverability_s42,woamn46,233,0,0,2,True,False,True,0.06883398844191264,0.06883398844191264
recoverability_s42,woamn46,234,0,0,0,False,False,True,0.05578565491361558,0.7482837606301357
recoverability_s42,woamn46,243,0,0,2,True,False,True,0.805345357259145,0.805345357259145
recoverability_s42,woamn46,248,0,2,0,False,False,True,0.732821778990867,0.0
recoverability_s42,woamn46,255,0,1,0,False,False,True,0.0,0.0
recoverability_s42,woamn46,263,2,2,2,True,False,True,0.0,0.644345771673446
recoverability_s42,woamn46,266,2,4,2,True,False,True,0.6970279085439371,0.0
recoverability_s42,woamn46,268,2,1,2,True,False,True,0.0,0.24456290137787987
recoverability_s42,woamn46,269,0,0,0,False,False,True,0.0,0.03717070412143251
recoverability_s42,woamn46,271,0,1,0,False,False,True,0.0,0.6678526706009836
recoverability_s42,woman1,522,0,0,2,True,False,True,0.6723879107907051,0.6723879107907051
recoverability_s42,woman1,523,0,1,2,True,False,True,0.833579874342864,0.0
recoverability_s42,woman1,524,2,0,2,True,False,True,0.0,0.0
recoverability_s42,woman1,526,0,0,2,True,False,True,0.0,0.0
recoverability_s42,woman1,529,0,1,0,False,False,True,0.0,0.0
recoverability_s42,woman1,530,0,0,2,True,False,True,0.0,0.0
recoverability_s42,woman1,534,0,0,2,True,False,True,0.0,0.0
recoverability_s42,woman1,539,0,0,2,True,False,True,0.0,0.0
recoverability_s42,woman1,544,0,0,2,True,False,True,0.0,0.0
recoverability_s42,woman1,545,0,0,2,True,False,True,0.0,0.0
recoverability_s42,woman1,548,0,0,2,True,False,True,0.0,0.0
recoverability_s42,woman1,550,0,0,2,True,False,True,0.0,0.0
recoverability_s42,woman1,551,0,0,2,True,False,True,0.0,0.0
recoverability_s42,woman1,552,0,0,2,True,False,True,0.0,0.0
recoverability_s42,woman1,559,0,0,2,True,False,True,0.0,0.0
recoverability_s42,woman1,563,0,0,2,True,False,True,0.0,0.0
recoverability_s42,woman1,564,0,0,2,True,False,True,0.0,0.0
recoverability_s42,woman1,571,0,0,2,True,False,True,0.0,0.0
recoverability_s42,woman1,577,0,0,2,True,False,True,0.0,0.0
recoverability_s42,woman1,580,0,1,0,False,False,True,0.0,0.0
recoverability_s42,woman1,581,0,0,2,True,False,True,0.0,0.0
recoverability_s42,woman1,584,0,0,2,True,False,True,0.0,0.0
recoverability_s42,woman1,588,0,0,2,True,False,True,0.0,0.0
recoverability_s42,woman1,589,0,0,2,True,False,True,0.0,0.0
recoverability_s42,woman1,592,0,0,2,True,False,True,0.0,0.0
recoverability_s42,woman1,603,0,0,2,True,False,True,0.0,0.0
recoverability_s42,woman1,604,0,1,0,False,False,True,0.0,0.0
recoverability_s42,woman1,605,0,0,2,True,False,True,0.0,0.0
recoverability_s42,woman1,610,0,0,2,True,False,True,0.0,0.0
recoverability_s42,woman1,615,0,0,2,True,False,True,0.0,0.0
recoverability_s42,woman1,616,0,0,2,True,False,True,0.0,0.0
recoverability_s42,woman1,623,0,0,2,True,False,True,0.0,0.0
recoverability_s42,woman1,624,0,0,2,True,False,True,0.0,0.0
recoverability_s42,woman1,631,0,0,2,True,False,True,0.0,0.0
recoverability_s42,woman1,633,0,0,2,True,False,True,0.0,0.0
recoverability_s42,woman1,639,0,0,2,True,False,True,0.0,0.0
recoverability_s42,woman1,640,0,0,2,True,False,True,0.0,0.0
recoverability_s42,woman1,644,0,0,2,True,False,True,0.0,0.0
recoverability_s42,woman1,652,0,0,2,True,False,True,0.0,0.0
recoverability_s42,woman1,654,0,0,2,True,False,True,0.0,0.0
recoverability_s42,woman1,659,0,0,2,True,False,True,0.0,0.0
recoverability_s42,woman1,661,0,0,2,True,False,True,0.0,0.0
recoverability_s42,woman1,662,0,0,2,True,False,True,0.0,0.0
recoverability_s42,woman1,664,0,0,2,True,False,True,0.0,0.0
recoverability_s42,woman1,667,0,0,2,True,False,True,0.0,0.0
recoverability_s42,woman1,668,0,0,2,True,False,True,0.0,0.0
recoverability_s42,woman1,669,0,0,2,True,False,True,0.0,0.0
recoverability_s42,woman1,671,0,0,2,True,False,True,0.0,0.0
recoverability_s42,woman1,678,0,0,2,True,False,True,0.0,0.0
recoverability_s42,woman1,684,0,0,2,True,False,True,0.0,0.0
recoverability_s42,woman1,686,0,0,2,True,False,True,0.0,0.0
recoverability_s42,woman1,688,0,0,2,True,False,True,0.0,0.0
recoverability_s42,woman1,692,0,0,2,True,False,True,0.0,0.0
recoverability_s42,woman1,697,0,0,2,True,False,True,0.0,0.0
recoverability_s42,woman1,700,0,0,2,True,False,True,0.0,0.0
recoverability_s42,woman1,702,0,0,2,True,False,True,0.0,0.0
recoverability_s42,woman1,703,0,0,2,True,False,True,0.0,0.0
recoverability_s42,woman1,706,0,0,2,True,False,True,0.0,0.0
recoverability_s42,woman1,710,0,0,2,True,False,True,0.0,0.0
recoverability_s42,woman1,711,0,1,0,False,False,True,0.0,0.0
recoverability_s42,woman1,715,0,0,2,True,False,True,0.0,0.0
recoverability_s42,woman1,727,0,0,2,True,False,True,0.0,0.0
recoverability_s42,woman1,728,0,0,2,True,False,True,0.0,0.0
recoverability_s42,woman1,730,0,0,2,True,False,True,0.0,0.0
recoverability_s42,woman1,732,0,0,2,True,False,True,0.0,0.0
recoverability_s42,woman1,735,0,0,2,True,False,True,0.0,0.0
recoverability_s42,woman1,736,0,0,2,True,False,True,0.0,0.0
recoverability_s42,woman1,753,0,0,2,True,False,True,0.0,0.0
recoverability_s42,woman1,754,0,0,2,True,False,True,0.0,0.0
recoverability_s42,woman1,756,0,0,2,True,False,True,0.0,0.0
recoverability_s42,woman1,762,0,0,2,True,False,True,0.0,0.0
recoverability_s42,woman1,766,0,0,2,True,False,True,0.0,0.0
recoverability_s42,woman1,773,0,0,2,True,False,True,0.0,0.0
recoverability_s42,woman1,782,0,0,2,True,False,True,0.0,0.0
recoverability_s42,woman1,786,0,0,2,True,False,True,0.0,0.3947978819221165
recoverability_s42,woman100,565,0,0,2,True,False,True,0.258980509979779,0.258980509979779
recoverability_s42,woman100,580,0,0,2,True,False,True,0.774216990609202,0.774216990609202
recoverability_s42,woman100,581,0,0,2,True,False,True,0.7436547650421373,0.7436547650421373
recoverability_s42,woman100,583,0,0,2,True,False,True,0.7469806722352555,0.7469806722352555
recoverability_s42,woman100,584,0,1,2,True,False,True,0.7934433625600086,0.0
recoverability_s42,woman100,585,0,1,0,False,False,True,0.0,0.0
recoverability_s42,woman100,586,0,0,2,True,False,True,0.0,0.0
recoverability_s42,woman100,587,0,0,2,True,False,True,0.7004453428693875,0.7004453428693875
recoverability_s42,woman100,588,0,1,2,True,False,True,0.7216476587336895,0.0
recoverability_s42,woman100,595,0,0,2,True,False,True,0.0,0.721257633347916
recoverability_s42,woman100,596,0,0,2,True,False,True,0.7084409238032507,0.7084409238032507
recoverability_s42,woman100,597,0,0,2,True,False,True,0.6820008186832304,0.6820008186832304
recoverability_s42,woman100,599,0,0,2,True,False,True,0.6987180503696574,0.6987180503696574
recoverability_s42,woman100,600,0,0,2,True,False,True,0.7060721868582499,0.7060721868582499
recoverability_s42,woman100,620,0,0,2,True,False,True,0.7068956179666036,0.7068956179666036
recoverability_s42,woman100,650,0,0,2,True,False,True,0.6188705834691481,0.6188705834691481
recoverability_s42,woman100,652,0,0,2,True,False,True,0.6313987125237677,0.6313987125237677
recoverability_s42,woman100,656,0,0,2,True,False,True,0.7010124426344344,0.7010124426344344
recoverability_s42,woman100,661,0,0,2,True,False,True,0.7218515005141237,0.7218515005141237
recoverability_s42,woman100,663,0,0,2,True,False,True,0.7098842043905601,0.7098842043905601
recoverability_s42,woman100,675,0,0,2,True,False,True,0.6497529020006598,0.6497529020006598
recoverability_s42,woman100,677,2,1,2,True,False,True,0.7054567282837693,0.3540218152363596
recoverability_s42,woman100,679,0,1,2,True,False,True,0.751850274115225,0.0
recoverability_s42,woman100,680,0,1,0,False,False,True,0.0,0.4431141763945951
recoverability_s42,woman100,683,0,0,2,True,False,True,0.7150484093334857,0.7150484093334857
recoverability_s42,woman100,687,0,0,2,True,False,True,0.7292225397211038,0.7292225397211038
recoverability_s42,woman2,200,0,0,2,True,False,True,0.6097333636787078,0.6097333636787078
recoverability_s42,woman2,207,0,0,2,True,False,True,0.7585372703668232,0.7585372703668232
recoverability_s42,woman2,232,2,1,2,True,False,True,0.4676097202250245,0.2771525119813999
recoverability_s42,woman2,235,0,0,2,True,False,True,0.6310779485373585,0.6310779485373585
recoverability_s42,woman2,237,0,0,2,True,False,True,0.5549827895169389,0.5549827895169389
recoverability_s42,woman2,238,0,1,0,False,False,True,0.6074122050689934,0.06178801616448504
recoverability_s42,woman2,242,0,0,2,True,False,True,0.6342514711929802,0.6342514711929802
recoverability_s42,woman2,253,0,1,0,False,False,True,0.8209191134417244,0.0
recoverability_s42,woman2,254,0,1,0,False,False,True,0.0,0.8234258674662245
recoverability_s42,woman2,263,0,0,2,True,False,True,0.7744821188794603,0.7744821188794603
recoverability_s42,woman3,193,0,1,0,False,False,True,0.8584542944977045,0.0
recoverability_s42,woman4,306,0,0,2,True,False,True,0.38470082446653386,0.38470082446653386
recoverability_s42,woman4,307,0,0,2,True,False,True,0.418447893349448,0.418447893349448
recoverability_s42,woman4,309,0,0,2,True,False,True,0.49248542291327363,0.49248542291327363
recoverability_s42,woman4,341,0,0,2,True,False,True,0.3858625259888479,0.3858625259888479
recoverability_s42,woman4,410,0,0,2,True,False,True,0.5487119465328341,0.5487119465328341
recoverability_s42,woman89,336,0,0,2,True,False,True,0.7420449099453608,0.7420449099453608
recoverability_s42,woman89,337,0,0,2,True,False,True,0.6698261949766146,0.6698261949766146
recoverability_s42,woman89,338,0,1,2,True,False,True,0.7480900763011892,0.0
recoverability_s42,woman89,342,0,0,2,True,False,True,0.0,0.0
recoverability_s42,woman89,343,0,0,2,True,False,True,0.0,0.0
recoverability_s42,woman89,349,0,0,2,True,False,True,0.0,0.0
recoverability_s42,woman89,350,0,0,2,True,False,True,0.0,0.0
recoverability_s42,woman89,351,0,1,2,True,False,True,0.0,0.5933811968830519
recoverability_s42,womancross,67,0,0,2,True,False,True,0.7520734253134668,0.7520734253134668
recoverability_s42,womancross,68,0,0,2,True,False,True,0.8519256003496681,0.8519256003496681
recoverability_s42,womancross,138,0,0,2,True,False,True,0.6628066518944498,0.6628066518944498
recoverability_s42,womancross,139,0,0,2,True,False,True,0.6386154987247095,0.6386154987247095
recoverability_s42,womancross,140,0,0,2,True,False,True,0.6247544608898561,0.6247544608898561
recoverability_s42,womanfaraway,54,0,0,2,True,False,True,0.75939879153729,0.75939879153729
recoverability_s42,womanfaraway,57,0,0,2,True,False,True,0.5172924276317494,0.5172924276317494
recoverability_s42,womanfaraway,58,0,0,2,True,False,True,0.465839364713785,0.465839364713785
recoverability_s42,womanfaraway,68,0,0,2,True,False,True,0.6263657039602413,0.6263657039602413
recoverability_s42,womanfaraway,69,0,1,2,True,False,True,0.5132007617318698,0.0
recoverability_s42,womanfaraway,70,0,0,2,True,False,True,0.0,0.6742255479969094
recoverability_s42,womaninblackwithbike,386,0,0,2,True,False,True,0.6579545438195079,0.6579545438195079
recoverability_s42,womaninblackwithbike,388,2,0,2,True,False,True,0.649922308086981,0.0
recoverability_s42,womaninblackwithbike,390,0,1,0,False,False,True,0.0,0.000834286570240659
recoverability_s42,womaninblackwithbike,392,0,0,2,True,False,True,0.6016827487705864,0.6016827487705864
recoverability_s42,womaninblackwithbike,393,2,3,2,True,False,True,0.5839703357860354,0.0
recoverability_s42,womaninblackwithbike,442,0,0,2,True,False,True,0.0,0.0
recoverability_s42,womaninblackwithbike,467,0,4,2,True,False,True,0.0,0.0
recoverability_s42,womaninblackwithbike,468,0,3,2,True,False,True,0.0,0.0
recoverability_s42,womaninblackwithbike,469,0,4,2,True,False,True,0.0,0.0
recoverability_s42,womaninblackwithbike,470,0,3,2,True,False,True,0.0,0.0
recoverability_s42,womaninblackwithbike,471,0,0,2,True,False,True,0.0,0.0
recoverability_s42,womaninblackwithbike,472,0,1,2,True,False,True,0.0,0.0
recoverability_s42,womaninblackwithbike,473,0,0,2,True,False,True,0.0,0.0
recoverability_s42,womaninblackwithbike,474,0,0,2,True,False,True,0.0,0.0
recoverability_s42,womaninblackwithbike,475,0,0,2,True,False,True,0.0,0.0
recoverability_s42,womaninblackwithbike,476,2,2,2,True,False,True,0.0,0.22763828037572229
recoverability_s42,womaninblackwithbike,477,0,0,2,True,False,True,0.6614932792404773,0.6614932792404773
recoverability_s42,womaninblackwithbike,478,2,1,2,True,False,True,0.05552961058029749,0.3143231060623473
recoverability_s42,womaninblackwithbike,479,0,0,2,True,False,True,0.36737876751041,0.36737876751041
recoverability_s42,womaninblackwithbike,480,2,0,2,True,False,True,0.2544813111677979,0.22984570850792116
recoverability_s42,womaninblackwithbike,481,2,0,2,True,False,True,0.2003414836193067,0.18012857214544087
recoverability_s42,womaninblackwithbike,482,0,0,2,True,False,True,0.33532245990983217,0.33532245990983217
recoverability_s42,womaninblackwithbike,483,2,0,2,True,False,True,0.03839692970650191,0.21076888393094984
recoverability_s42,womaninblackwithbike,484,0,0,2,True,False,True,0.2052489024231161,0.2052489024231161
recoverability_s42,womaninblackwithbike,485,2,1,2,True,False,True,0.10596380686342215,0.0
recoverability_s42,womaninblackwithbike,486,2,1,2,True,False,True,0.0,0.1162654553653093
recoverability_s42,womaninblackwithbike,487,0,0,2,True,False,True,0.16853850735861745,0.16853850735861745
recoverability_s42,womaninblackwithbike,488,0,0,2,True,False,True,0.18905121539347558,0.18905121539347558
recoverability_s42,womaninblackwithbike,489,0,0,2,True,False,True,0.7322541840762706,0.05824594861930938
recoverability_s42,womaninblackwithbike,490,0,0,2,True,False,True,0.6294243252213265,0.6294243252213265
recoverability_s42,womaninblackwithbike,491,0,0,2,True,False,True,0.3664380009420682,0.3664380009420682
recoverability_s42,womaninblackwithbike,492,0,0,2,True,False,True,0.5624834303574532,0.5624834303574532
recoverability_s42,womaninblackwithbike,493,0,0,2,True,False,True,0.33953965670573966,0.33953965670573966
recoverability_s42,womaninblackwithbike,494,0,0,2,True,False,True,0.38561940405138545,0.38561940405138545
recoverability_s42,womaninblackwithbike,495,0,0,2,True,False,True,0.39463308057210467,0.39463308057210467
recoverability_s42,womaninblackwithbike,498,0,0,2,True,False,True,0.6448548367905199,0.6448548367905199
recoverability_s42,womaninblackwithbike,499,0,0,2,True,False,True,0.8032335946724363,0.8032335946724363
recoverability_s42,womaninblackwithbike,501,0,0,2,True,False,True,0.7006798653722687,0.7006798653722687
recoverability_s42,womaninblackwithbike,502,0,0,2,True,False,True,0.7462641550609564,0.7462641550609564
recoverability_s42,womaninblackwithbike,504,0,0,2,True,False,True,0.7235386599757879,0.7235386599757879
recoverability_s42,womaninblackwithbike,505,0,0,2,True,False,True,0.08649982324367102,0.08649982324367102
recoverability_s42,womaninblackwithbike,506,0,1,0,False,False,True,0.01059529048464693,0.23025515557024764
recoverability_s42,womaninblackwithbike,507,0,1,2,True,False,True,0.12212777412297854,0.596792224624862
recoverability_s42,womaninblackwithbike,508,0,0,2,True,False,True,0.4147913695937573,0.4147913695937573
recoverability_s42,womaninblackwithbike,509,0,0,2,True,False,True,0.18273825063195895,0.18273825063195895
recoverability_s42,womaninblackwithbike,510,0,1,0,False,False,True,0.06424153847230535,0.8096142432028113
recoverability_s42,womaninblackwithbike,511,0,0,2,True,False,True,0.37454492314776444,0.37454492314776444
recoverability_s42,womaninblackwithbike,512,0,0,2,True,False,True,0.08932335057771859,0.08932335057771859
recoverability_s42,womaninblackwithbike,514,0,0,2,True,False,True,0.8595489025919719,0.8595489025919719
recoverability_s42,womaninblackwithbike,515,0,0,2,True,False,True,0.8480291065013211,0.8480291065013211
recoverability_s42,womaninblackwithbike,517,0,0,2,True,False,True,0.6722470411288349,0.6722470411288349
recoverability_s42,womaninblackwithbike,519,0,0,2,True,False,True,0.41117510027045273,0.41117510027045273
recoverability_s42,womaninblackwithbike,520,0,0,2,True,False,True,0.642304712344957,0.642304712344957
recoverability_s42,womaninblackwithbike,521,2,0,2,True,False,True,0.45874849461100675,0.2991758720004189
recoverability_s42,womaninblackwithbike,522,0,0,2,True,False,True,0.48071565452465537,0.48071565452465537
recoverability_s42,womaninblackwithbike,523,0,0,2,True,False,True,0.48972452668395666,0.48972452668395666
recoverability_s42,womaninblackwithbike,524,0,0,2,True,False,True,0.45492562170118717,0.45492562170118717
recoverability_s42,womaninblackwithbike,525,0,0,2,True,False,True,0.6911835521460578,0.6911835521460578
recoverability_s42,womaninblackwithbike,527,0,0,2,True,False,True,0.6766591562538178,0.6766591562538178
recoverability_s42,womaninblackwithbike,528,0,0,2,True,False,True,0.027376717372662545,0.027376717372662545
recoverability_s42,womaninblackwithbike,529,0,1,0,False,False,True,0.0,0.8254049159252883
recoverability_s42,womaninblackwithbike,530,0,0,2,True,False,True,0.3130446376069364,0.3130446376069364
recoverability_s42,womaninblackwithbike,532,0,0,2,True,False,True,0.1626688977939118,0.1626688977939118
recoverability_s42,womaninblackwithbike,533,0,1,2,True,False,True,0.0,0.794631226838813
recoverability_s42,womaninblackwithbike,534,0,0,2,True,False,True,0.2710000214553799,0.2710000214553799
recoverability_s42,womaninblackwithbike,535,0,0,2,True,False,True,0.0,0.0
recoverability_s42,womaninblackwithbike,536,0,1,0,False,False,True,0.0,0.64232384150394
recoverability_s42,womaninblackwithbike,537,0,0,2,True,False,True,0.0,0.0
recoverability_s42,womaninblackwithbike,538,0,1,0,False,False,True,0.0,0.8240932520509321
recoverability_s42,womanpink,12,0,0,2,True,False,True,0.0,0.0
recoverability_s42,womanpink,18,0,1,0,False,False,True,0.7241691953283709,0.0
recoverability_s42,womanpink,19,0,0,2,True,False,True,0.0,0.0
recoverability_s42,womanpink,21,0,0,2,True,False,True,0.0,0.0
recoverability_s42,womanpink,30,0,0,2,True,False,True,0.8725847716403605,0.8725847716403605
recoverability_s42,womanpink,96,0,0,2,True,False,True,0.7270775900172999,0.7270775900172999
recoverability_s42,womanpink,97,2,3,2,True,False,True,0.5554716298120257,0.0
recoverability_s42,womanpink,98,0,0,2,True,False,True,0.0,0.0
recoverability_s42,womanpink,100,0,1,0,False,False,True,0.0,0.051365050595494975
recoverability_s42,womanpink,101,0,0,2,True,False,True,0.6556497482806196,0.6556497482806196
recoverability_s42,womanrun,507,0,0,2,True,False,True,0.5478985481417977,0.5478985481417977
recoverability_s42,womanrun,555,0,0,2,True,False,True,0.6320149840046304,0.6320149840046304
recoverability_s42,womanrun,567,0,0,2,True,False,True,0.5958527299550858,0.5958527299550858
recoverability_s42,womanrun,569,0,0,0,False,False,True,0.0,0.541191931969867
recoverability_s42,womanrun,570,0,0,0,False,False,True,0.5337172732099258,0.0
recoverability_s42,womanrun,571,0,1,0,False,False,True,0.0,0.5042456355450563
recoverability_s42,womanrun,572,2,0,2,True,False,True,0.5169302253765724,0.0
recoverability_s42,womanrun,574,0,0,0,False,False,True,0.0,0.42587383777710436
recoverability_s42,womanrun,576,0,0,0,False,False,True,0.0,0.49860207973398346
recoverability_s42,womanrun,577,0,1,0,False,False,True,0.504938576766353,0.0
recoverability_s42,womanrun,578,0,0,0,False,False,True,0.0,0.5652593822263632
recoverability_s42,womanrun,586,0,1,0,False,False,True,0.4971005898420479,0.0
recoverability_s42,womanrun,587,0,0,0,False,False,True,0.0,0.4662109932546101
recoverability_s42,womanrun,588,0,0,2,True,False,True,0.5671445875775297,0.5671445875775297
recoverability_s42,womanrun,590,0,0,2,True,False,True,0.517311825638628,0.517311825638628
recoverability_s42,womanrun,591,0,0,2,True,False,True,0.41417913923231725,0.0
recoverability_s42,womanrun,600,0,0,0,False,False,True,0.0,0.5121608895322147
recoverability_s42,womanrun,609,0,1,0,False,False,True,0.5977486533132501,0.0
recoverability_s42,womanrun,610,0,0,2,True,False,True,0.0,0.5674382313419222
recoverability_s42,womanwithbag6,70,0,0,2,True,False,True,0.3771393541582587,0.3771393541582587
recoverability_s42,womanwithbag6,71,0,0,2,True,False,True,0.08561976442443744,0.08561976442443744
recoverability_s42,womanwithbag6,72,0,0,2,True,False,True,0.16135529636957635,0.16135529636957635
recoverability_s42,womanwithbag6,73,0,0,2,True,False,True,0.0519163047231206,0.0519163047231206
recoverability_s42,womanwithbag6,74,0,0,2,True,False,True,0.06011792225268356,0.06011792225268356
recoverability_s42,womanwithbag6,77,0,0,2,True,False,True,0.09506173498499161,0.09506173498499161
