334.000	257.000	80.000	146.000
333.357	259.587	82.471	141.749
334.127	259.494	82.833	142.003
334.241	259.202	82.666	143.106
334.604	258.930	81.073	143.541
334.932	258.466	80.567	144.317
334.826	259.396	80.402	143.523
334.620	260.103	81.271	143.700
334.778	259.855	81.200	144.180
335.141	260.101	81.429	144.002
335.620	260.298	82.336	143.533
335.566	261.442	83.694	142.164
335.755	263.925	88.487	139.170
336.160	261.282	95.102	140.395
336.909	262.066	104.734	135.914
342.008	258.851	124.639	127.445
356.777	252.934	135.455	122.772
370.386	248.611	137.171	117.262
390.167	243.258	147.314	104.002
408.154	240.366	142.907	107.552
428.372	237.169	136.388	116.646
447.734	235.734	124.219	128.221
449.004	237.287	147.381	138.913
444.200	235.126	165.753	143.260
440.871	231.198	176.889	144.308
439.245	232.656	182.876	141.166
434.453	229.489	187.157	144.633
425.281	233.469	186.558	139.239
414.166	229.558	188.336	148.030
394.127	243.887	176.866	127.071
382.494	258.217	160.521	114.896
368.346	250.792	173.093	120.418
360.073	253.724	177.809	117.321
357.903	250.275	188.650	117.527
358.019	238.409	138.796	132.290
353.595	238.023	112.237	134.947
349.276	258.550	99.521	118.583
328.150	256.975	108.481	116.104
298.210	258.583	113.245	119.164
278.272	261.598	127.348	126.132
254.633	261.979	150.328	124.443
240.705	265.541	158.371	128.539
236.691	264.372	161.637	133.791
235.425	262.469	159.259	137.241
238.364	262.467	157.802	135.310
245.038	266.664	153.543	127.051
260.295	274.312	140.922	111.239
281.210	280.428	126.998	104.224
282.798	281.665	126.613	97.326
292.899	281.043	119.412	97.060
296.779	282.723	115.525	93.392
297.814	280.820	112.197	87.605
297.073	278.255	113.157	87.174
297.269	275.196	112.449	89.807
294.258	273.426	114.732	91.364
291.206	270.341	117.340	95.432
288.292	266.332	117.097	111.391
283.309	263.511	119.820	118.761
274.502	258.331	129.012	123.055
269.232	253.948	138.261	131.743
265.072	250.907	146.327	132.308
265.834	247.663	151.579	134.673
269.439	243.731	151.303	134.749
273.663	239.414	150.664	133.758
280.798	233.255	148.983	136.770
298.562	230.088	140.604	138.715
323.225	226.240	133.491	133.405
351.672	225.845	115.457	129.448
366.898	227.422	111.794	125.526
371.745	231.162	105.990	119.378
376.908	243.140	106.471	113.655
367.234	255.839	113.856	114.849
351.521	255.783	121.742	120.367
338.377	260.189	134.366	116.930
331.049	260.553	133.262	119.713
326.335	258.107	125.958	122.473
326.308	256.371	91.206	124.742
335.472	257.549	80.858	122.636
337.958	251.678	77.730	125.502
331.774	251.957	92.213	119.615
327.532	251.479	109.750	120.611
328.883	252.334	114.856	121.701
331.336	263.192	120.491	98.663
331.030	264.508	115.825	91.042
322.853	265.566	104.144	103.827
316.659	257.861	109.866	106.603
395.387	181.250	120.408	91.308
319.832	249.595	125.212	120.819
357.213	220.327	161.844	242.334
381.033	140.576	212.860	301.313
298.751	52.750	247.190	451.636
484.938	184.822	122.877	165.465
493.351	236.742	121.112	113.456
486.390	256.151	134.961	93.353
481.130	259.993	136.011	90.236
447.087	260.745	155.155	88.376
410.076	261.692	158.213	81.483
373.730	263.512	119.860	78.991
327.989	261.178	143.605	73.047
295.058	259.194	140.347	69.925
271.192	258.673	131.214	68.782
247.787	254.265	143.437	70.383
225.742	248.549	137.334	77.638
206.793	248.149	140.783	80.915
200.429	247.694	136.834	83.176
205.139	248.124	133.778	81.407
203.361	248.013	139.396	80.934
220.132	246.559	131.326	80.522
232.679	244.584	141.420	79.795
240.204	244.760	137.964	78.405
254.879	244.977	126.708	82.024
267.513	246.011	113.376	90.740
274.583	245.815	106.563	102.638
278.634	249.227	105.233	107.944
278.461	251.495	104.309	116.600
287.938	262.057	95.823	113.822
290.184	275.471	94.049	102.891
293.586	276.775	96.873	100.947
292.761	277.838	110.634	99.026
298.945	274.808	131.108	98.704
308.062	274.950	151.572	90.413
343.194	266.675	175.957	77.163
389.124	260.898	156.932	67.546
413.059	257.229	111.409	88.621
342.883	214.289	166.568	126.262
471.126	253.282	148.805	69.251
495.705	259.238	161.594	68.156
480.941	221.402	176.240	120.895
522.533	256.033	129.927	84.927
517.460	252.642	120.450	89.408
508.376	255.479	109.007	93.174
490.205	262.462	123.643	86.285
487.283	259.414	108.246	89.815
488.336	260.134	107.739	91.175
336.717	217.959	136.375	210.767
334.869	233.334	130.743	202.409
368.274	266.108	97.215	103.678
344.547	260.053	105.209	85.915
315.103	254.256	114.156	84.238
290.444	253.208	127.802	82.565
271.240	253.573	132.115	77.269
256.572	254.914	138.182	69.195
252.351	258.092	129.164	64.524
257.203	260.690	114.292	65.745
256.914	260.247	108.105	70.298
265.000	260.966	99.935	72.477
267.766	265.709	106.035	79.018
295.834	263.554	98.855	89.568
324.530	265.373	89.277	91.395
338.911	263.489	91.905	93.552
358.767	267.000	87.572	91.190
405.944	263.492	81.935	97.019
428.295	252.481	76.715	116.234
437.877	248.958	90.202	105.754
450.418	251.874	102.434	95.173
458.287	257.122	122.901	78.727
467.452	250.856	136.664	85.608
474.611	239.145	140.557	99.418
478.250	237.202	138.478	102.236
478.770	240.690	138.012	99.534
478.874	238.301	132.881	99.504
477.603	241.176	127.645	91.570
475.900	247.120	115.800	88.415
477.331	247.637	121.027	91.382
476.135	251.080	117.388	89.064
473.388	251.270	115.900	90.205
470.287	254.166	117.762	90.956
473.548	247.649	115.352	99.857
468.578	251.442	113.996	91.694
467.644	250.839	117.590	90.141
466.744	243.475	115.975	94.094
392.779	219.144	158.444	138.756
475.821	197.363	105.722	116.095
485.698	179.771	110.859	124.168
483.357	168.626	109.689	126.333
483.251	165.875	116.274	112.139
470.476	137.556	117.627	113.496
455.726	130.264	134.795	113.865
461.767	127.326	126.403	103.691
453.948	119.970	112.822	118.594
443.254	119.208	119.411	112.262
435.799	118.620	128.354	113.454
431.128	130.571	137.079	109.709
427.446	140.753	135.139	103.336
430.989	146.801	113.225	105.908
440.419	164.876	94.147	102.571
426.260	185.239	98.340	90.936
405.893	221.840	117.860	71.583
272.563	281.344	46.533	110.985
430.446	243.536	96.099	81.797
432.575	249.751	94.126	79.184
429.719	248.649	95.467	78.014
425.115	235.896	93.992	86.873
383.576	218.923	103.352	218.742
409.653	203.001	102.289	83.087
405.939	182.480	108.736	89.119
378.906	201.991	115.998	247.757
388.582	126.230	165.822	318.198
381.379	103.751	163.676	262.521
382.387	90.195	148.766	154.968
390.784	84.403	114.033	132.019
391.424	113.910	119.158	98.325
369.069	136.571	155.188	216.296
389.802	114.100	102.183	89.966
368.772	132.190	142.311	197.586
372.492	167.679	135.021	209.777
401.084	101.575	96.555	95.004
390.157	78.571	144.923	155.311
407.068	128.133	126.598	100.504
417.423	126.783	119.438	104.179
412.817	129.798	126.077	106.258
422.345	132.692	118.293	122.505
428.830	146.008	111.557	106.365
439.309	159.162	84.817	111.149
443.436	189.176	68.375	100.177
447.342	206.019	61.486	102.899
443.530	223.494	61.862	101.307
441.582	230.790	66.659	104.514
440.486	239.122	69.416	101.141
438.649	236.613	71.138	103.170
433.143	234.318	77.607	100.974
430.994	228.423	82.031	104.046
434.620	204.883	80.261	120.341
430.018	187.534	82.567	112.168
425.801	158.308	85.885	123.289
422.743	151.218	83.659	116.401
431.011	143.515	77.217	114.875
431.584	127.861	76.143	133.284
430.146	116.974	78.753	123.806
423.968	181.781	108.696	229.053
407.012	159.247	164.035	294.992
398.906	99.860	197.510	404.736
120.128	289.879	494.616	262.920
410.007	105.940	176.424	365.422
416.678	107.395	118.572	160.685
420.049	135.448	106.478	128.963
424.028	154.494	97.026	119.512
445.108	160.145	87.276	128.521
407.872	144.925	146.020	230.486
411.946	134.768	158.937	285.208
450.388	226.043	108.000	208.089
431.442	224.236	121.174	211.747
391.526	351.850	143.790	141.856
407.573	255.336	99.009	157.932
360.925	244.593	178.239	249.294
423.675	259.027	95.620	85.416
409.814	259.595	93.747	99.794
389.717	256.872	94.333	98.065
384.516	252.177	99.757	94.492
383.180	247.056	89.514	99.135
361.250	403.309	190.761	106.689
327.882	309.683	176.905	151.931
326.419	254.706	96.676	100.650
320.154	257.320	93.628	89.933
310.614	252.014	92.473	95.475
301.527	250.612	97.038	96.542
295.678	249.450	99.306	92.854
272.572	244.655	90.527	97.338
267.157	243.954	81.525	93.347
265.195	239.596	79.489	92.421
258.971	238.863	78.938	91.877
252.882	237.376	81.342	91.299
252.327	235.465	80.610	91.002
249.650	235.669	82.497	90.760
249.012	235.448	82.267	90.632
249.154	234.219	82.683	91.004
249.566	235.767	89.599	89.039
249.908	237.015	83.993	87.960
252.342	237.566	83.244	89.186
254.224	236.710	79.823	91.354
258.622	236.691	78.929	91.750
265.080	240.158	78.223	92.629
278.432	240.506	86.520	91.705
283.987	240.881	85.185	93.966
286.536	237.168	86.944	96.774
290.229	239.585	86.959	92.129
294.950	241.707	86.152	89.452
316.662	241.512	83.804	90.207
312.582	231.868	91.336	100.822
286.575	173.362	150.830	171.039
350.955	242.293	81.633	90.261
360.552	234.557	81.462	81.144
357.810	238.975	86.941	74.911
238.545	311.269	24.918	88.570
221.512	43.133	167.526	177.095
267.163	104.958	99.358	73.412
335.072	213.733	106.401	206.563
344.871	252.958	121.709	132.212
309.499	354.761	211.271	126.504
343.878	150.582	183.973	287.008
289.964	224.601	208.485	242.710
341.895	153.665	227.148	422.335
199.193	0.000	384.204	465.629
368.905	128.949	199.182	319.946
384.961	217.604	154.108	173.478
386.290	103.031	195.829	302.412
537.637	401.927	120.940	106.135
392.528	238.566	98.671	219.175
424.041	244.512	73.292	98.071
426.906	238.772	76.995	99.797
427.428	224.718	68.716	107.108
426.566	215.104	65.820	102.892
432.319	197.296	61.649	97.597
431.267	184.452	62.882	96.700
432.121	165.826	59.386	99.292
431.427	151.323	61.996	107.928
426.335	136.994	65.695	114.029
429.503	136.968	87.135	117.710
426.166	125.486	76.935	124.152
416.566	153.500	123.435	176.371
414.577	140.907	109.384	126.889
417.921	138.858	88.240	120.325
416.360	156.377	90.358	104.734
429.768	155.177	71.841	121.482
429.722	158.992	66.511	124.296
437.043	170.807	62.908	122.108
438.769	198.461	60.007	112.276
436.938	231.800	71.130	102.296
363.904	217.513	120.632	168.173
401.083	240.344	91.399	185.779
344.611	389.140	280.363	162.222
371.250	274.190	139.918	203.385
371.468	250.191	108.312	143.616
332.110	183.115	149.717	206.088
383.181	262.130	71.450	94.804
384.390	257.244	67.541	95.438
383.352	263.948	66.736	86.857
390.589	241.143	60.777	103.996
385.969	224.198	63.786	90.290
392.030	199.680	57.354	98.561
392.226	188.213	58.920	102.240
387.817	177.129	68.652	108.295
245.162	361.164	31.328	46.882
372.745	350.709	85.877	52.932
413.563	136.376	63.933	94.634
415.617	135.972	63.612	93.586
417.914	137.797	68.271	90.779
329.262	141.464	86.750	78.012
447.043	151.782	79.597	94.404
452.530	166.538	80.433	85.902
459.713	181.756	75.204	85.316
459.388	195.745	81.525	84.928
456.398	210.436	87.090	87.449
459.490	233.166	96.484	77.871
481.005	227.925	90.792	95.722
486.600	252.840	103.485	82.860
489.545	268.483	101.156	76.420
376.608	259.198	93.858	111.248
495.975	284.504	101.424	70.036
494.895	284.419	103.309	72.437
496.337	276.259	104.876	81.263
502.939	278.237	101.138	76.287
504.266	267.308	98.377	84.572
480.061	252.950	112.914	97.676
481.200	229.342	108.144	114.405
412.409	220.322	137.573	221.057
402.337	143.785	176.014	334.155
399.668	73.142	208.746	418.533
402.011	68.202	236.040	434.847
409.112	123.840	162.863	276.552
430.177	103.046	167.644	154.516
394.108	138.036	208.705	403.811
229.351	294.614	34.717	124.429
383.741	110.125	95.078	112.040
370.381	113.940	96.831	98.211
355.555	116.715	98.701	97.251
346.621	123.817	96.803	102.228
337.511	141.828	97.705	93.847
328.784	156.944	91.132	96.425
322.978	169.117	92.182	105.664
321.469	184.022	103.425	103.241
321.523	200.936	105.668	107.856
320.231	212.504	109.642	114.625
322.164	225.981	110.034	115.579
326.566	235.276	119.278	117.981
334.801	241.159	131.705	123.171
345.596	246.127	125.297	125.783
353.214	252.895	127.938	124.223
358.393	255.038	123.897	116.603
355.247	253.103	123.164	115.897
344.782	261.134	126.655	106.641
327.512	252.046	129.853	117.344
305.715	246.767	135.447	114.447
273.658	219.202	137.731	128.928
247.494	198.357	143.445	131.006
235.229	178.643	123.049	121.060
230.928	165.690	123.169	104.779
223.944	136.240	114.503	115.760
446.525	395.383	65.372	29.487
196.155	90.690	117.039	109.126
186.241	43.251	189.015	138.848
164.291	62.949	147.314	119.260
355.150	193.823	106.747	99.424
156.287	55.793	134.159	114.816
153.911	68.307	122.249	94.493
162.342	0.000	166.774	170.766
146.340	77.562	119.750	103.815
145.430	87.243	118.363	105.873
271.918	90.360	186.732	181.270
313.228	145.552	138.690	134.118
319.271	154.177	123.286	127.414
321.079	159.943	122.212	124.232
137.363	69.420	215.041	167.332
145.442	136.952	177.976	106.120
153.353	138.754	130.961	118.487
154.299	148.090	128.037	117.226
153.729	154.083	133.040	118.418
156.482	162.200	136.184	122.525
161.806	170.987	145.037	125.656
177.359	181.313	140.747	124.006
191.143	198.605	136.599	113.279
201.170	216.002	133.298	104.901
217.682	229.896	131.664	108.514
235.437	241.041	139.867	111.309
252.331	259.252	136.110	103.743
268.707	261.071	127.652	108.025
278.355	257.347	122.650	113.073
283.494	271.812	133.360	98.664
286.271	255.062	129.048	112.130
281.828	234.469	130.805	115.701
278.857	214.833	122.148	109.587
267.640	154.067	148.453	149.924
258.503	122.086	142.986	144.340
256.592	93.565	146.292	138.389
257.550	75.470	134.228	129.233
261.853	54.767	118.110	117.630
262.811	37.680	124.705	110.924
261.452	24.537	133.265	116.980
263.336	21.385	133.399	106.588
268.701	14.955	129.973	103.154
275.493	13.836	120.545	95.230
276.329	11.921	120.429	93.020
276.067	13.504	125.109	94.963
281.845	13.786	124.811	105.226
280.747	16.386	128.296	113.591
284.321	28.724	122.610	112.559
286.024	50.217	121.875	104.011
284.059	62.801	128.608	110.282
281.464	86.942	137.646	129.019
283.200	111.835	137.464	129.066
287.300	131.543	144.496	126.679
298.975	149.317	145.816	133.694
309.113	172.935	154.721	117.976
333.290	202.196	133.953	109.860
348.124	216.403	135.167	112.538
361.366	222.119	123.238	106.759
380.237	223.841	116.008	118.244
396.033	221.056	115.586	124.295
390.106	239.749	125.767	109.300
404.404	236.048	119.755	118.172
398.337	228.808	127.279	124.667
391.884	252.816	149.766	99.934
387.712	230.147	124.611	108.149
381.772	208.103	121.008	108.179
368.760	185.188	131.938	118.726
354.352	163.073	131.991	130.939
348.585	146.663	142.927	132.283
347.065	141.971	139.122	116.108
349.343	132.647	127.599	103.934
343.190	119.002	131.335	111.268
342.501	116.406	133.576	115.627
343.801	116.677	130.494	112.529
340.668	117.670	127.898	108.435
338.634	127.607	123.773	95.658
328.958	130.715	138.088	102.364
328.929	138.360	137.659	114.669
330.363	151.455	135.306	128.647
338.198	167.980	139.024	115.318
348.924	181.353	137.599	104.673
360.614	192.510	129.065	103.998
374.246	206.691	126.222	104.262
392.863	221.780	115.716	103.947
405.898	236.709	118.960	96.283
427.149	252.198	127.416	96.921
432.528	255.245	132.928	104.133
441.510	265.697	127.458	100.016
452.801	263.701	122.994	104.167
450.063	256.261	126.694	112.270
444.926	260.333	129.296	100.996
425.988	238.432	131.712	105.596
415.738	236.255	146.229	95.037
370.647	183.037	193.835	137.050
358.700	137.648	186.263	173.360
354.276	112.030	141.605	138.164
360.212	104.561	126.566	119.452
368.433	83.158	120.469	112.498
365.888	59.455	133.210	108.549
364.355	49.814	137.629	106.919
365.409	48.377	134.482	106.683
373.491	47.462	125.635	106.414
376.752	48.030	121.935	100.250
375.701	44.848	128.684	100.926
373.739	48.863	130.829	100.570
377.114	60.893	125.165	103.888
505.772	169.169	87.729	106.144
366.524	83.312	175.714	129.959
371.243	104.503	174.558	137.116
375.136	125.284	123.087	107.970
377.191	143.827	120.485	115.895
383.533	151.874	109.914	117.743
397.930	165.727	116.133	109.815
405.620	182.028	120.697	113.375
420.742	190.389	120.817	111.308
431.971	194.004	117.611	114.652
435.008	204.455	113.518	105.162
436.030	210.803	108.597	99.206
437.301	217.669	113.675	97.512
437.297	221.482	112.585	95.420
432.612	219.232	116.404	95.560
427.078	215.686	120.575	101.941
421.522	211.430	125.938	105.977
414.539	205.080	124.100	109.491
407.351	200.987	126.234	114.310
386.187	192.226	141.764	118.354
376.282	184.597	127.041	122.068
367.230	173.591	126.002	124.899
361.022	160.841	116.828	126.799
368.311	144.373	103.161	118.804
366.974	108.794	109.705	124.341
368.405	87.972	112.928	127.435
368.347	73.480	111.220	128.851
373.044	66.743	111.432	130.879
373.071	67.298	109.200	122.589
380.749	60.307	112.669	111.104
379.436	57.905	117.800	115.894
379.361	60.887	119.709	121.292
379.567	71.552	119.321	125.596
379.014	82.669	122.153	121.060
385.082	98.580	118.881	115.944
412.528	120.379	91.937	117.189
426.104	133.856	84.188	125.250
442.551	145.541	80.138	127.031
460.388	180.320	69.719	125.625
467.082	206.951	67.582	121.799
464.552	241.975	67.375	107.507
474.946	252.679	59.169	105.868
476.017	259.588	59.009	111.515
475.632	267.017	62.335	111.934
471.631	270.499	63.193	112.351
460.228	269.097	65.068	111.081
452.949	266.572	61.882	114.222
440.833	263.018	63.543	115.279
430.746	252.531	65.860	111.980
421.979	234.182	63.313	102.468
421.403	222.627	60.921	104.685
403.794	145.237	89.829	159.656
415.660	143.364	62.412	133.840
411.239	112.814	66.292	122.645
402.318	72.979	72.273	129.090
404.844	58.653	69.677	137.098
404.514	55.465	68.833	130.627
405.682	37.829	65.309	132.292
407.056	35.101	62.767	122.403
409.923	32.390	63.701	114.512
411.629	30.527	62.344	114.301
413.299	28.056	59.975	127.931
413.576	31.287	58.243	126.768
416.232	44.752	55.714	124.303
413.596	67.822	61.920	110.299
414.707	89.786	65.825	106.585
415.060	97.800	67.786	107.329
422.531	110.821	65.280	108.809
350.742	102.179	139.634	158.846
376.881	140.639	127.729	157.435
353.649	180.795	132.747	122.535
396.239	210.493	102.278	113.984
398.923	239.158	97.098	104.238
404.169	263.931	90.848	103.282
401.796	274.100	86.531	102.386
396.374	278.838	87.416	105.069
396.640	280.542	85.422	104.318
394.528	276.908	90.274	107.143
385.816	277.114	109.276	102.147
383.549	262.039	113.096	105.378
416.214	240.051	101.353	100.442
432.777	209.457	101.206	108.320
447.404	175.291	99.028	120.394
448.523	139.041	108.363	118.271
450.862	120.441	113.498	109.780
450.648	97.768	110.101	97.544
443.921	78.681	115.477	102.285
437.169	57.157	128.816	103.038
429.909	49.261	139.304	104.149
434.272	44.686	136.048	102.893
444.585	43.061	119.947	89.510
447.187	41.645	114.490	86.360
445.206	42.583	120.844	90.180
442.960	44.245	127.498	95.932
442.066	47.422	127.101	100.653
452.050	62.258	119.714	118.088
451.174	78.970	119.951	103.876
449.106	97.708	114.223	95.030
448.154	125.002	113.960	93.741
446.044	136.064	116.143	85.439
445.010	154.918	118.085	89.340
436.801	188.660	125.188	96.833
393.129	193.201	161.735	124.916
280.116	195.718	214.768	153.087
375.643	221.157	146.195	129.933
375.026	243.951	122.026	106.934
360.376	253.798	123.352	108.313
352.569	249.258	124.486	113.108
348.357	250.111	129.695	112.967
352.526	246.940	132.329	115.487
365.447	239.792	133.062	113.271
382.528	231.010	129.271	114.917
399.718	222.574	122.670	106.571
419.036	212.511	112.110	104.901
438.547	194.616	105.086	95.760
434.412	157.787	104.337	87.476
421.437	135.349	120.220	83.697
410.741	116.905	128.910	88.336
413.592	97.792	119.539	89.573
384.364	76.711	167.610	146.459
422.222	72.199	108.920	115.184
426.025	68.701	94.835	85.903
423.224	70.845	94.578	81.741
420.064	74.285	98.866	81.194
419.477	78.267	104.041	79.423
414.640	86.022	95.696	82.047
310.676	210.273	96.028	73.099
423.277	110.958	88.652	68.593
426.707	123.222	90.131	81.700
426.099	134.346	96.261	83.955
330.017	140.062	133.966	137.598
362.858	160.698	150.619	108.706
415.773	188.939	102.101	91.132
433.507	197.778	80.450	95.425
431.338	211.085	71.364	103.758
428.089	224.031	67.796	103.206
312.373	274.302	125.880	153.380
346.450	277.903	108.705	136.641
350.939	205.351	79.872	82.367
364.202	241.040	95.921	108.627
344.900	200.556	105.959	109.796
312.397	163.681	130.536	129.951
338.230	180.992	122.039	106.225
336.376	165.839	106.932	113.115
339.213	115.222	136.649	200.473
348.809	183.432	122.510	104.987
345.112	148.908	103.791	106.999
344.420	158.942	96.509	98.844
341.344	150.466	90.132	105.229
336.502	137.760	163.783	153.967
330.641	125.989	169.394	150.972
318.919	122.385	204.356	265.399
218.789	97.313	330.999	446.188
296.057	79.045	219.346	292.394
211.851	64.959	347.787	475.208
283.937	102.641	116.094	88.143
285.130	105.645	100.896	83.773
288.024	110.890	98.583	82.581
278.364	123.219	137.642	92.103
262.342	129.010	118.175	89.428
259.554	125.087	122.188	97.534
254.033	126.560	129.833	97.285
255.514	137.211	130.332	100.877
261.650	147.427	122.119	103.960
267.443	161.006	124.574	99.872
275.761	170.683	121.758	104.637
287.793	186.212	110.609	98.078
296.260	195.353	117.194	100.969
302.376	197.353	123.249	110.585
310.142	200.088	123.223	115.926
317.594	211.047	131.440	116.687
325.022	213.526	125.122	121.808
332.741	212.906	119.639	123.524
334.290	215.171	119.212	122.544
331.174	214.026	120.332	125.110
319.313	214.046	122.094	117.323
308.663	205.433	119.515	108.036
284.426	187.985	124.775	103.239
261.686	155.855	134.521	118.377
250.424	136.296	127.950	118.387
248.932	122.032	119.815	110.274
250.370	101.017	122.010	100.375
246.090	82.016	127.797	111.384
238.410	79.915	123.731	109.503
236.773	76.453	123.427	105.687
240.718	77.908	128.220	97.111
236.669	76.984	134.780	109.348
236.406	81.788	136.326	114.006
236.923	93.247	130.834	105.769
240.159	109.674	128.294	86.865
241.738	123.392	119.853	92.034
245.571	136.569	124.348	83.523
253.339	150.455	121.309	72.185
261.086	165.368	119.627	65.351
272.923	184.616	125.219	64.491
287.396	191.368	128.867	75.142
301.217	200.736	116.465	83.270
314.661	210.235	107.052	85.983
334.303	212.682	90.018	92.296
351.389	225.556	77.354	87.988
359.101	228.088	82.337	91.077
360.585	231.549	88.667	90.148
359.069	233.110	91.790	90.513
355.391	231.858	93.678	93.302
346.516	228.685	103.207	93.752
341.370	224.755	106.448	91.593
329.681	219.837	113.957	90.865
311.173	207.253	124.159	97.601
296.850	191.696	123.103	110.625
283.636	174.243	121.373	116.463
281.812	153.111	115.740	117.372
279.103	139.639	113.742	108.038
283.038	119.239	112.970	98.253
283.684	95.953	105.796	98.967
285.426	85.638	101.182	97.731
381.915	307.787	112.087	26.624
287.259	63.341	91.754	85.662
291.068	58.752	89.286	82.223
289.971	57.453	90.281	80.251
287.751	57.539	96.513	84.575
285.518	56.525	106.954	83.457
291.404	58.698	108.400	79.764
300.234	67.551	99.185	78.690
309.205	77.764	90.772	83.190
318.290	91.384	88.362	78.473
314.447	105.879	86.625	98.626
320.099	111.054	160.873	134.307
351.143	111.940	134.142	129.751
325.905	146.100	114.004	98.664
326.229	155.867	91.366	87.516
339.174	166.230	82.076	83.363
350.527	170.438	85.088	94.062
353.080	187.161	66.348	93.049
363.544	120.549	115.614	159.419
362.124	173.735	240.349	246.931
257.762	310.864	444.206	265.136
356.524	48.433	165.833	265.105
339.590	77.850	147.751	210.466
390.788	223.957	54.236	70.739
389.215	224.477	54.101	70.934
388.414	219.358	54.705	73.935
376.164	216.082	61.274	76.672
364.098	209.816	72.492	85.519
353.129	201.467	83.492	95.535
349.292	197.928	84.794	99.898
338.194	196.198	95.047	105.977
313.540	192.089	120.180	105.735
303.411	186.447	130.216	113.256
294.979	181.498	137.316	119.486
291.006	176.145	135.544	125.602
289.858	171.568	124.775	128.546
291.643	167.794	129.637	128.941
299.832	165.052	121.068	130.397
310.198	164.023	106.860	130.171
322.785	166.164	101.090	128.585
333.012	166.995	97.303	125.003
354.452	169.897	84.831	122.754
354.827	177.486	93.188	103.707
366.718	179.108	94.130	107.059
385.368	190.087	86.261	112.087
396.743	197.828	79.930	106.841
396.025	200.306	75.300	106.582
399.491	198.284	68.083	108.919
398.860	191.079	63.174	108.388
396.571	181.061	59.424	109.783
379.421	138.817	64.721	127.891
367.100	121.847	70.429	112.048
355.744	106.184	77.835	109.863
349.159	99.960	78.427	100.570
321.272	41.317	131.227	176.625
351.232	103.006	100.106	120.376
319.607	27.879	85.708	100.080
321.015	26.803	76.264	96.909
321.729	23.056	70.403	96.996
319.790	13.730	65.195	110.237
318.048	8.566	64.585	115.825
322.538	16.734	65.088	112.871
327.070	26.881	59.750	106.630
330.935	32.554	65.660	106.506
338.863	221.202	71.453	36.661
329.159	45.767	110.368	157.319
335.811	47.960	142.295	214.850
339.028	92.620	120.387	155.694
341.237	110.680	100.207	143.853
362.804	151.637	73.685	111.280
375.421	183.089	66.910	117.876
388.504	225.343	63.666	100.363
386.274	217.538	95.847	201.480
385.620	240.369	76.482	96.910
395.900	252.199	64.725	84.071
403.380	252.391	63.736	81.203
412.657	251.283	63.730	82.989
419.556	251.949	61.435	82.074
423.180	248.379	60.034	84.807
427.719	240.388	57.087	94.006
429.850	231.115	53.895	96.689
426.751	219.720	58.228	98.063
430.523	183.133	56.289	112.641
430.718	166.702	55.778	116.188
451.337	198.736	72.628	80.658
408.909	137.521	91.619	132.661
424.139	135.371	71.174	132.242
432.511	135.444	96.777	118.408
418.668	124.753	97.057	122.773
413.188	121.246	93.328	116.806
409.284	115.337	94.008	109.648
379.498	94.164	169.351	171.848
401.074	110.878	115.256	120.930
402.094	115.748	146.911	183.259
397.152	104.161	133.465	132.000
430.523	179.527	108.465	108.104
268.249	282.361	30.517	118.101
292.492	276.020	41.420	117.126
303.907	310.771	40.301	99.172
308.146	281.489	32.179	111.254
308.479	293.655	30.648	105.514
433.291	220.376	95.008	75.142
424.349	218.000	92.551	85.531
417.659	208.866	105.777	85.355
341.072	132.544	100.000	104.787
325.058	122.032	114.656	105.885
309.969	112.165	126.956	109.083
298.850	104.117	135.415	112.582
289.552	96.834	198.387	129.986
295.313	102.088	130.773	112.822
293.311	104.913	129.305	111.704
293.521	113.220	138.455	107.376
304.254	120.377	144.510	126.897
299.525	132.728	160.132	123.113
309.868	143.739	152.198	119.928
313.889	156.488	154.394	107.525
328.660	165.221	138.021	100.145
335.063	164.385	127.554	105.320
341.168	159.634	128.347	112.191
347.882	162.573	129.215	110.854
352.330	165.740	128.828	104.561
354.160	175.582	133.659	103.551
370.470	175.432	139.662	108.198
384.308	179.112	135.226	106.147
386.661	177.483	130.296	105.227
403.831	433.355	96.956	32.847
388.059	174.284	140.570	110.559
393.011	173.106	132.185	112.764
386.229	175.188	139.300	109.801
381.137	175.212	136.794	111.743
378.393	184.973	131.575	106.262
372.774	198.492	123.827	101.799
369.180	208.452	111.947	114.265
357.984	230.902	110.980	116.379
351.159	232.259	113.930	112.857
350.906	227.733	117.565	114.472
341.233	220.363	107.564	114.105
333.659	207.801	117.327	102.090
336.894	196.688	114.346	110.109
342.214	188.460	139.460	107.778
351.734	196.250	147.624	98.827
334.172	186.434	178.118	218.944
373.798	105.176	169.310	350.446
363.440	103.091	201.204	387.278
375.919	88.717	219.895	404.383
359.814	68.374	234.030	415.126
368.589	61.806	238.168	421.090
385.978	386.743	311.848	143.162
379.777	87.098	180.576	377.057
744.010	20.304	36.883	143.822
303.900	212.379	48.643	114.233
320.123	305.133	66.788	88.745
440.842	223.771	112.613	81.119
425.101	223.125	126.361	83.155
426.144	214.455	118.816	84.541
406.801	205.587	123.145	90.683
388.070	197.602	133.553	101.462
385.540	186.925	122.079	103.573
366.826	193.499	115.648	107.205
356.603	196.574	102.458	103.903
349.080	201.194	97.240	105.507
328.900	214.919	85.178	104.318
320.584	221.011	87.898	102.554
311.600	228.529	81.236	103.702
300.205	236.420	80.283	100.166
293.106	236.873	81.956	103.792
281.214	243.260	89.768	97.698
276.253	248.367	96.983	93.943
274.501	248.999	100.579	87.367
273.879	252.606	104.487	81.058
275.983	253.850	106.309	77.119
283.752	252.335	100.293	77.248
291.315	250.645	87.996	78.647
296.072	252.915	81.837	75.237
307.049	249.403	71.093	79.119
323.104	243.284	62.871	87.772
343.777	217.419	88.172	78.626
418.841	265.546	69.306	72.959
423.669	269.469	76.921	72.142
430.129	270.504	82.698	71.858
448.669	271.357	71.147	72.911
450.521	273.432	92.792	68.901
444.298	271.732	115.309	72.242
438.986	266.673	121.150	79.273
420.057	265.032	129.406	73.628
390.950	264.127	138.579	69.285
351.050	262.423	146.635	65.403
337.747	255.180	136.421	66.939
324.757	253.184	128.964	64.519
308.095	241.288	109.744	74.797
272.368	227.616	115.471	86.413
256.056	223.714	122.335	90.172
230.455	223.662	127.000	90.417
231.214	222.154	118.205	92.026
235.319	223.266	109.441	90.097
242.723	225.968	101.230	89.047
245.776	232.905	103.618	85.656
252.292	233.797	100.269	87.575
257.438	234.206	94.674	86.364
262.902	231.849	90.208	88.183
268.778	233.520	87.812	86.172
275.730	239.874	85.698	82.716
338.710	135.635	72.470	79.677
275.718	231.753	88.570	98.742
286.874	249.053	71.968	78.074
293.187	253.888	70.387	74.403
288.629	241.342	67.829	91.052
286.983	248.968	65.663	99.236
284.014	261.051	64.139	99.934
288.201	269.070	60.977	100.137
282.807	269.898	69.505	97.482
278.777	268.874	74.367	95.649
283.069	267.730	73.997	95.053
281.405	271.719	84.007	84.059
325.340	146.249	120.564	144.540
424.226	225.797	83.644	88.017
427.535	244.745	95.971	75.721
439.201	243.840	90.283	80.856
447.000	238.096	105.808	90.002
456.867	234.673	103.717	96.667
464.250	233.785	99.464	96.666
462.289	227.567	94.784	98.692
462.499	225.656	94.150	91.448
460.545	223.337	97.078	89.304
439.713	217.148	116.888	92.058
423.426	213.366	122.429	92.472
409.934	212.258	125.224	89.073
342.154	369.587	88.388	71.612
317.813	199.098	124.870	90.019
287.680	198.002	111.501	92.199
264.088	200.964	113.651	94.557
205.391	203.474	146.291	104.307
202.469	213.004	122.801	101.876
194.053	221.631	115.417	99.368
190.441	230.520	109.180	93.473
189.631	249.243	110.549	80.405
194.195	260.766	97.281	82.600
199.935	271.057	97.437	75.337
220.159	275.982	92.396	70.077
235.268	276.390	91.342	67.510
251.099	275.010	82.086	64.141
266.382	257.911	70.002	77.600
305.432	272.920	88.719	153.327
319.184	193.479	163.504	257.652
422.119	266.402	89.540	75.793
395.187	263.885	135.213	185.527
428.417	261.814	122.903	157.203
507.617	309.497	80.321	71.467
525.905	312.622	79.051	78.147
540.726	314.513	66.731	86.843
551.050	306.583	59.305	97.666
549.510	311.503	61.932	85.729
547.481	298.869	58.477	92.208
535.111	294.716	63.872	87.763
520.412	287.936	72.768	85.166
506.128	285.696	85.780	82.694
475.287	278.510	110.784	85.520
412.260	269.966	127.937	84.495
376.306	267.723	131.627	87.240
350.181	256.819	130.432	88.835
330.146	250.496	124.327	89.685
306.478	243.522	120.339	92.173
307.358	229.708	110.828	102.764
309.246	214.416	113.593	108.829
306.503	204.406	114.118	112.567
319.339	195.941	118.266	108.067
342.960	180.235	115.599	119.827
362.878	172.562	117.242	103.222
375.189	170.578	110.267	97.588
381.408	170.279	107.336	95.104
379.373	170.639	107.901	94.134
377.332	172.706	107.942	92.347
370.762	181.609	107.700	85.946
358.209	185.696	104.934	86.021
349.494	177.323	132.693	123.311
319.983	141.587	170.277	275.734
342.604	92.064	192.163	369.515
377.832	168.725	180.384	147.956
432.065	173.412	143.103	102.124
456.815	161.834	135.868	106.599
472.812	158.992	132.883	109.154
476.016	156.029	133.258	112.162
474.858	158.204	133.445	111.101
463.064	164.165	135.625	107.038
441.767	167.782	146.598	107.977
416.045	173.259	150.485	105.566
393.252	190.552	134.883	87.877
371.507	189.365	120.468	89.107
362.221	196.949	98.652	81.982
355.604	192.110	84.306	89.159
358.398	187.614	75.788	91.112
365.189	194.989	69.416	94.206
379.686	189.097	72.362	100.601
386.400	188.841	80.706	85.199
394.799	188.362	74.271	91.959
396.454	190.922	74.639	85.234
393.173	189.281	71.883	85.718
382.416	193.656	85.132	82.089
356.744	182.242	88.844	92.175
341.439	182.910	87.581	92.806
327.042	180.523	84.005	93.628
325.630	175.300	80.346	94.608
322.170	170.618	84.890	94.100
324.381	178.352	94.548	85.088
192.617	120.943	32.949	102.647
376.956	185.509	81.327	100.950
391.841	201.833	83.428	105.107
408.262	203.381	75.758	95.943
417.514	205.851	68.116	96.355
425.731	213.745	65.217	93.131
420.638	213.723	66.498	95.027
407.159	216.460	72.649	94.807
343.753	118.015	146.961	138.348
365.664	214.028	70.865	85.058
356.180	186.121	62.293	98.948
345.277	152.927	59.129	102.048
350.974	139.212	58.063	105.366
352.273	117.372	77.158	105.403
347.112	115.983	88.835	101.025
351.826	64.073	129.781	158.768
354.894	75.843	192.852	305.239
352.445	37.599	233.747	397.099
347.083	27.359	251.883	443.215
396.455	114.174	205.976	347.311
400.027	131.985	206.488	251.960
339.356	64.352	194.369	394.954
342.244	104.287	166.689	343.349
338.171	109.491	94.085	119.674
357.411	123.812	74.177	118.442
358.162	138.266	82.404	116.269
198.866	179.901	29.084	122.237
336.289	88.315	129.411	167.149
346.451	189.288	71.846	94.492
341.932	184.269	67.333	98.237
336.532	180.783	72.227	101.065
333.922	179.797	73.097	92.288
323.067	179.012	78.145	87.929
326.613	167.578	92.220	202.135
288.404	148.793	119.204	183.642
314.006	68.024	100.620	79.255
298.693	131.551	116.623	95.491
304.792	125.676	121.733	92.600
310.994	114.888	124.858	91.877
318.140	103.320	120.648	92.668
319.200	93.579	120.010	88.852
319.680	78.808	119.987	93.773
316.720	74.119	127.149	87.135
316.219	70.712	130.456	94.737
315.468	66.447	143.240	87.657
318.618	70.551	141.990	79.834
325.580	74.569	144.281	74.687
328.769	81.217	140.819	79.650
337.423	85.363	126.585	91.066
347.106	91.448	107.716	92.092
352.654	97.203	101.170	93.491
348.582	95.643	100.272	97.671
350.136	99.161	96.265	94.838
351.594	96.003	93.262	97.327
345.872	95.689	95.671	95.177
338.852	96.591	102.813	95.413
332.216	105.607	104.799	86.710
326.831	101.689	114.833	94.673
338.283	10.232	101.370	82.741
304.796	114.104	125.774	79.884
298.632	105.462	111.954	87.058
299.156	91.250	121.816	93.441
304.435	79.075	118.815	100.015
297.273	69.697	124.212	99.581
292.079	60.087	124.720	99.224
289.028	45.991	125.974	104.431
288.700	35.506	118.061	98.372
241.059	6.431	183.351	141.864
246.253	3.113	157.492	126.244
261.689	4.298	131.701	119.049
269.509	3.581	118.998	105.787
315.104	0.000	123.035	0.000
268.531	46.773	114.290	107.494
251.517	13.387	134.731	132.127
236.783	54.079	194.346	323.907
222.009	20.550	124.617	110.377
211.277	37.695	121.984	105.290
207.842	60.902	124.746	96.740
209.002	75.059	127.797	91.693
216.924	64.427	123.818	104.656
199.053	94.928	129.318	93.321
199.843	89.403	127.257	104.776
191.604	91.316	129.715	108.159
178.331	98.906	137.358	96.409
164.006	106.334	146.436	89.872
167.567	99.919	153.526	96.221
167.445	94.939	152.528	100.334
169.995	91.091	147.694	99.834
171.847	90.986	125.176	93.810
178.322	86.928	131.556	95.440
187.199	86.977	126.424	86.533
143.993	71.362	203.479	115.519
181.784	72.526	134.464	115.015
194.167	72.233	119.778	110.985
184.158	65.644	128.421	112.286
176.814	66.177	133.937	112.161
169.849	66.978	138.138	111.721
167.454	69.846	138.088	111.083
166.235	72.317	138.874	109.564
171.856	75.913	138.309	106.955
173.920	74.552	140.323	109.109
176.018	74.947	143.965	108.329
176.906	73.745	143.119	110.359
177.359	73.561	143.165	109.096
178.814	73.831	138.134	109.248
177.688	74.715	139.849	110.631
178.979	78.527	145.460	109.725
181.232	80.997	148.700	109.001
181.334	85.226	152.997	108.617
171.096	100.011	139.931	100.932
150.633	108.682	141.539	103.190
126.360	110.202	124.066	120.479
106.462	106.502	172.305	125.856
46.550	119.877	188.801	107.532
25.443	122.891	171.596	102.675
7.036	112.140	136.632	99.124
26.250	119.341	123.053	79.960
23.343	114.913	120.602	73.419
17.475	94.803	127.470	93.958
27.496	84.797	127.118	110.775
37.133	91.122	128.206	114.251
55.606	102.196	122.637	116.090
71.899	124.352	117.049	107.371
79.286	147.568	139.024	112.570
97.298	159.484	157.670	119.103
127.099	171.345	158.791	114.385
169.968	175.272	161.619	111.559
190.313	176.471	125.244	111.919
223.637	124.533	168.729	195.088
239.264	85.598	142.048	127.386
254.396	102.149	122.610	100.920
207.005	73.203	198.972	123.810
235.467	82.978	124.076	104.414
189.336	73.523	173.660	126.571
200.781	100.277	130.789	89.130
187.583	114.530	134.493	72.377
187.596	117.934	131.328	69.082
188.028	115.860	131.911	74.546
188.359	115.819	130.574	75.065
190.947	114.266	127.372	81.047
192.727	110.274	123.495	85.517
194.280	105.382	118.882	92.129
197.920	101.694	113.070	98.319
201.577	99.452	108.069	103.377
204.788	98.439	104.463	107.492
205.842	97.587	102.880	108.874
203.447	98.275	104.417	108.498
201.802	98.374	104.699	108.050
200.592	99.107	105.442	107.536
200.406	99.757	105.735	106.668
199.976	100.043	105.821	106.219
200.469	100.889	105.267	105.699
200.031	101.348	105.964	105.876
200.984	101.619	103.875	105.977
201.207	102.490	103.778	104.950
201.985	103.264	102.752	104.782
201.594	103.742	102.556	106.062
202.513	103.881	101.612	106.968
203.454	104.025	99.801	106.878
204.670	104.557	97.495	107.852
209.484	106.058	90.365	111.539
208.650	107.393	89.176	112.458
196.970	116.199	100.053	107.000
182.416	131.493	112.104	91.708
135.804	170.031	125.221	77.673
114.738	162.967	121.655	92.295
62.191	151.092	189.468	124.088
32.385	152.299	147.252	117.403
48.095	152.477	115.448	94.604
33.616	128.659	111.220	66.905
32.178	102.019	105.694	79.672
29.646	96.597	111.744	88.843
34.261	97.797	128.263	93.966
42.957	104.072	143.057	101.927
48.250	112.508	146.496	104.003
67.042	129.326	150.412	99.732
83.010	152.750	142.795	96.838
116.006	176.839	119.652	105.933
138.287	185.177	118.327	115.888
178.667	194.182	134.798	104.587
200.971	192.623	117.943	104.675
227.014	189.356	88.778	107.297
234.373	109.159	148.560	135.749
260.237	128.666	104.420	95.387
267.571	107.740	119.616	111.452
232.564	58.181	171.042	140.985
237.992	66.885	159.106	120.426
214.245	24.695	201.537	267.544
231.717	63.776	141.580	118.195
229.225	72.161	125.788	120.773
216.656	95.198	108.273	117.027
216.463	104.485	98.207	114.868
213.136	126.686	79.663	98.139
212.031	143.728	68.451	118.404
196.609	166.823	71.087	129.709
177.949	190.052	83.783	104.975
165.106	190.865	91.541	105.130
141.225	189.087	104.834	103.832
122.376	188.362	106.233	101.151
77.272	156.607	110.270	104.605
59.096	132.543	114.734	105.523
54.339	125.631	108.655	99.687
61.312	126.095	107.627	101.433
59.701	125.427	110.524	102.341
55.220	128.369	121.771	100.298
66.034	142.648	119.496	101.835
76.534	162.838	123.964	88.641
86.414	183.197	128.771	77.225
95.859	184.730	133.723	84.382
128.791	185.135	116.693	108.799
159.710	186.857	129.330	103.092
195.551	179.474	140.528	104.259
216.050	172.104	147.601	96.678
231.051	145.240	132.272	92.028
232.142	140.484	133.374	73.194
90.743	228.712	29.435	101.104
256.543	114.188	142.858	77.168
215.173	75.619	214.658	110.020
212.569	121.230	249.105	293.714
192.796	40.748	297.548	379.695
183.150	49.094	237.290	148.490
242.790	88.382	169.576	117.943
285.957	0.000	132.219	0.000
244.627	173.465	109.990	83.333
254.059	181.885	108.924	87.793
213.032	168.927	93.755	105.775
179.310	159.308	114.596	120.084
165.830	164.315	121.277	104.578
116.580	150.388	173.829	118.994
117.304	137.234	142.182	118.838
105.755	126.522	127.348	115.959
110.738	118.301	121.781	109.403
107.037	111.764	113.767	97.698
118.858	108.942	106.988	91.850
127.790	111.236	105.959	90.234
159.380	119.875	112.035	89.150
185.545	126.800	111.598	90.585
195.581	130.856	112.838	94.165
198.750	134.825	112.804	99.572
207.722	146.070	114.280	100.358
225.163	161.561	115.103	98.401
236.864	165.880	118.574	99.188
250.763	171.810	131.765	97.865
274.627	176.924	120.978	93.068
291.185	181.483	112.718	93.994
362.668	168.372	172.001	187.589
287.510	184.397	102.628	78.709
273.691	180.654	99.497	81.776
335.311	53.927	158.234	149.793
262.876	171.552	76.379	64.295
276.531	101.722	99.794	120.194
279.176	176.615	70.101	59.717
308.282	75.362	79.412	48.827
307.050	179.002	75.825	55.284
323.436	169.778	85.684	57.557
393.710	77.991	111.687	108.334
402.864	75.468	104.816	108.709
359.726	109.064	141.055	90.326
350.343	95.825	143.552	99.923
364.400	90.288	150.166	98.858
418.044	95.361	209.268	112.016
449.018	106.806	190.663	120.594
473.737	105.005	165.221	135.053
498.649	154.683	128.492	103.966
358.755	109.290	217.283	143.670
390.815	64.729	199.267	344.388
373.738	21.758	232.314	405.043
784.087	257.055	161.822	141.089
422.640	354.206	301.291	159.466
395.160	18.857	189.921	405.222
377.113	350.109	277.276	188.177
401.235	62.974	163.635	218.167
429.804	385.361	207.974	146.158
406.808	0.000	154.950	236.903
493.602	164.898	79.348	100.574
412.288	110.488	161.839	126.678
516.591	151.928	81.492	93.018
525.420	156.775	87.616	85.950
544.954	160.920	88.445	88.532
558.712	150.197	97.391	100.638
548.738	145.217	130.611	98.077
536.112	144.457	142.750	97.740
525.925	141.460	152.415	95.338
464.678	106.176	204.179	106.993
449.029	127.665	162.493	102.457
411.838	121.827	197.203	132.349
372.694	0.000	214.652	306.230
337.475	16.072	269.899	397.257
321.655	10.465	286.348	417.733
292.004	8.866	305.655	427.953
168.622	0.000	451.793	457.650
206.802	184.669	159.950	123.611
197.359	187.836	158.103	122.106
193.416	190.446	160.137	122.608
200.325	193.515	152.237	122.922
227.071	201.059	127.835	119.128
250.135	209.786	108.733	114.447
282.160	216.282	89.592	110.241
306.421	217.945	83.405	109.066
328.877	231.578	67.154	97.513
338.932	190.712	116.083	155.204
326.547	167.019	173.358	276.287
310.894	58.256	220.744	403.477
297.097	43.959	276.928	440.571
282.712	30.374	285.999	480.312
246.778	29.046	332.221	506.096
236.705	18.865	369.918	508.263
246.208	35.825	409.686	501.181
444.726	175.832	237.646	211.027
178.039	0.000	243.429	0.000
286.734	99.147	99.827	143.739
322.931	71.101	36.715	137.440
311.526	154.334	93.488	146.831
302.175	118.978	89.335	125.701
397.783	275.776	160.320	94.603
369.840	275.312	130.563	94.871
323.387	285.520	144.300	94.248
281.062	283.551	155.228	89.660
248.465	271.986	159.492	99.345
225.288	272.417	158.909	98.953
208.205	267.258	139.672	103.091
204.812	272.884	129.366	101.710
198.011	276.666	124.828	102.280
185.303	276.732	133.417	106.566
181.170	277.320	139.133	109.515
174.108	278.373	147.661	111.571
169.977	280.462	158.671	113.840
172.063	281.905	161.641	115.386
176.807	282.129	161.061	115.600
181.939	284.033	158.980	112.897
197.799	286.710	150.481	108.692
211.205	288.944	147.056	105.012
221.773	289.749	144.303	102.649
229.090	290.120	145.754	101.702
233.815	289.654	149.915	101.392
239.215	287.625	158.058	106.215
245.706	285.878	164.818	111.809
254.096	281.487	169.552	118.621
276.706	271.129	160.054	129.714
308.860	259.621	136.245	139.828
350.745	248.942	113.448	144.631
380.671	238.149	111.961	143.388
408.122	243.783	105.927	122.190
441.858	224.523	131.512	110.625
456.569	218.099	152.534	101.713
466.563	216.226	168.141	93.508
481.571	214.090	164.457	87.477
485.091	208.020	161.406	87.349
495.807	205.608	154.213	85.839
492.262	209.017	154.851	88.745
490.994	211.494	150.230	97.991
491.809	234.487	146.027	93.470
480.944	243.553	150.128	101.067
475.628	256.035	146.066	102.715
464.367	263.586	151.468	108.783
464.426	268.751	148.843	113.420
458.537	268.857	148.528	110.700
459.542	259.946	141.984	107.586
458.132	251.508	144.297	102.230
471.262	231.966	133.519	113.392
477.018	211.598	141.714	127.697
474.510	197.649	142.946	131.291
474.296	185.737	134.064	127.058
460.593	181.160	120.272	113.624
451.562	173.094	114.419	108.313
434.952	158.277	115.842	118.808
402.119	143.564	108.524	126.070
384.706	138.143	118.941	126.029
369.715	134.584	130.100	113.787
365.852	135.703	125.642	119.885
363.036	135.860	124.497	117.431
362.927	137.106	123.243	112.817
369.178	138.308	118.357	113.438
378.503	137.977	112.466	115.485
392.932	139.024	102.194	116.151
402.046	142.044	105.711	110.132
408.847	145.613	102.629	102.767
465.321	210.375	139.469	104.602
473.945	200.498	159.986	116.227
486.429	193.068	175.702	129.974
498.686	188.082	186.409	129.652
515.311	180.902	165.400	138.663
519.046	185.840	156.656	133.623
496.379	182.465	173.994	115.389
468.993	181.974	185.794	103.779
448.089	185.366	191.836	95.581
426.582	189.838	194.492	95.243
404.884	202.210	171.629	93.516
384.215	219.713	155.831	88.766
312.074	230.883	125.630	100.797
278.979	240.602	155.796	108.055
254.201	250.484	156.623	132.419
220.234	254.621	155.623	144.442
213.800	256.616	136.083	152.029
201.910	261.434	96.791	145.292
179.587	259.319	93.151	144.653
160.972	257.339	94.116	145.106
147.460	251.935	97.463	146.900
140.326	260.802	99.964	134.223
142.629	253.635	97.137	139.437
146.896	253.394	97.404	136.960
154.220	255.661	99.257	132.246
167.365	257.909	91.839	125.616
181.951	256.290	87.551	124.170
197.149	258.958	86.945	120.400
214.316	262.832	83.044	121.106
233.289	268.333	87.336	113.763
249.637	267.466	98.379	106.614
253.472	266.660	122.509	101.973
253.840	265.299	140.778	98.573
253.886	266.743	142.681	92.202
260.710	267.435	141.895	87.929
265.627	265.647	142.902	90.518
269.311	265.492	153.089	95.787
270.715	262.849	166.623	103.696
270.942	258.582	180.412	125.422
269.797	256.395	167.930	139.543
284.306	253.898	157.231	146.013
309.024	252.478	145.763	146.855
324.105	259.716	159.699	125.959
327.695	259.158	188.054	113.683
347.651	261.006	211.002	83.394
365.685	249.593	210.075	78.042
407.858	229.245	190.179	108.854
449.169	222.948	165.332	126.634
478.574	212.241	171.011	142.673
498.914	218.156	176.914	138.097
512.921	225.485	174.448	127.336
523.573	231.029	167.797	112.597
520.715	230.185	164.694	106.628
521.299	233.079	139.237	105.704
509.641	234.431	128.410	104.934
479.964	237.947	138.494	99.555
457.202	238.259	140.174	106.018
447.040	239.785	139.572	113.797
424.403	247.182	150.256	113.164
421.204	242.915	169.095	124.817
405.801	250.187	173.462	125.732
385.322	259.303	165.774	127.271
362.673	262.866	158.242	134.307
351.642	263.283	133.269	141.834
334.691	262.159	110.629	148.919
322.839	268.726	98.010	141.828
295.935	271.122	110.085	145.354
222.614	279.822	157.540	137.962
166.435	277.406	185.908	156.143
128.581	280.758	214.775	157.460
109.418	282.462	211.526	155.692
99.667	291.813	211.929	144.583
89.430	287.819	213.177	148.271
90.552	281.602	201.662	156.202
96.980	277.213	185.320	158.451
112.415	272.028	163.175	160.205
141.562	269.022	122.266	148.967
173.009	260.148	115.304	140.103
184.501	254.115	113.784	137.377
190.166	245.416	121.374	141.715
190.630	237.170	126.707	147.741
195.794	234.775	138.999	148.939
214.139	225.759	132.370	157.881
233.519	221.513	118.798	161.037
262.588	217.279	98.814	168.235
271.807	214.207	99.267	173.003
271.813	215.673	119.052	174.229
279.025	221.019	133.556	167.077
289.844	220.440	156.999	163.764
301.493	224.444	191.426	144.011
363.219	233.281	147.984	137.120
409.212	244.407	116.815	126.128
434.021	232.151	104.107	134.971
460.341	221.164	108.519	140.956
467.258	221.920	142.350	145.235
475.285	223.224	175.631	151.553
488.927	228.302	197.349	155.663
513.209	229.922	201.900	159.627
537.452	219.225	195.460	169.516
541.898	203.438	202.543	186.077
548.527	200.259	212.889	168.400
564.223	197.679	196.939	163.364
567.002	211.484	187.346	129.813
554.299	214.915	210.860	105.049
546.373	209.311	227.307	100.542
543.729	200.197	220.266	130.045
382.557	130.135	163.826	171.100
529.834	194.438	170.001	162.967
508.131	197.044	137.501	165.438
497.889	198.969	134.869	171.751
462.780	202.679	145.628	168.031
427.275	208.013	120.699	163.346
369.838	230.204	117.568	148.118
354.768	243.616	128.600	138.354
334.487	246.883	135.951	141.017
306.482	246.599	149.160	146.183
290.462	243.060	151.221	154.521
276.517	243.108	158.798	157.558
268.781	242.944	163.555	158.598
266.971	247.864	165.228	152.754
267.117	247.441	154.376	154.020
267.710	249.717	160.487	151.381
265.441	250.394	139.317	151.436
270.712	246.321	150.755	150.021
270.292	244.559	155.049	154.450
269.717	241.125	160.161	161.402
269.760	239.690	166.844	164.336
281.202	231.800	162.446	171.595
304.591	227.713	142.214	173.951
307.782	237.203	142.044	162.128
321.440	252.437	140.863	147.178
342.995	253.787	134.478	142.600
375.018	248.057	130.451	145.876
402.729	213.033	199.379	182.836
433.856	245.182	189.492	157.571
433.434	251.380	222.798	162.335
443.444	258.553	246.329	165.719
496.156	246.203	223.237	183.966
529.251	262.844	216.186	160.982
551.136	276.116	210.956	142.764
327.925	262.053	102.528	139.641
584.393	285.080	196.274	142.228
572.800	293.418	205.049	145.318
361.423	115.670	186.441	193.640
284.015	226.336	100.207	101.462
284.910	87.010	168.192	184.383
301.353	256.353	119.917	261.264
298.065	296.848	113.368	212.524
272.956	292.473	124.267	212.231
256.918	288.324	134.488	208.949
243.634	114.295	269.672	365.947
230.300	248.738	233.919	240.013
219.164	252.331	214.309	231.405
292.014	103.419	416.383	293.928
148.200	240.213	306.936	204.985
197.819	247.900	249.121	187.379
209.541	245.395	246.589	184.834
209.290	249.683	246.149	169.117
214.521	247.064	254.212	173.380
203.655	250.624	275.591	169.707
203.067	243.535	276.518	168.631
215.143	245.486	248.543	167.454
219.441	237.843	242.433	174.991
213.578	239.865	245.267	172.197
233.477	234.500	239.012	179.481
229.703	243.766	238.595	168.104
238.498	239.728	240.492	176.718
236.715	241.761	238.341	181.589
252.611	239.401	230.226	185.434
227.868	233.261	240.108	195.850
253.398	236.457	222.460	198.749
264.309	237.317	214.113	199.376
256.582	241.787	221.000	195.002
265.317	242.831	217.806	199.489
268.310	241.010	212.544	204.164
271.343	244.987	212.502	204.128
272.220	248.291	214.759	204.193
272.711	249.368	217.155	203.665
284.560	250.707	210.192	208.655
281.278	249.179	209.655	207.999
280.524	250.817	208.565	207.437
284.498	252.901	201.831	207.291
284.778	254.846	201.429	206.151
279.091	255.361	200.921	207.973
296.295	255.085	185.542	207.929
297.397	255.688	186.909	207.666
298.439	255.409	178.674	210.690
307.144	252.048	177.202	212.610
319.606	255.112	163.332	213.229
330.181	256.651	158.236	218.208
333.318	260.707	156.650	214.794
333.624	254.647	152.866	211.572
500.703	240.672	143.112	165.295
301.709	226.972	201.833	290.603
376.323	231.136	245.418	324.303
338.521	217.210	242.536	291.531
364.633	238.423	166.609	161.320
356.775	235.742	173.383	162.957
350.163	241.279	158.069	159.820
347.484	239.641	149.637	164.905
348.882	242.909	137.258	167.643
345.382	248.349	129.717	169.841
344.052	252.024	122.579	173.607
338.121	257.403	127.148	174.002
322.146	260.777	149.116	174.837
283.212	265.266	174.521	183.338
259.264	272.389	199.747	168.613
230.367	272.429	193.169	169.381
193.284	285.320	206.724	158.640
167.661	290.248	185.163	159.819
119.761	298.759	172.923	150.941
72.223	303.604	205.780	158.074
41.076	304.500	220.678	168.990
41.599	306.953	206.885	159.426
17.741	312.774	224.119	157.995
24.357	317.761	210.692	151.469
14.365	320.100	208.903	150.713
25.170	320.909	198.178	150.198
47.971	323.924	171.280	149.785
86.496	318.895	139.462	156.245
98.861	322.904	146.268	157.651
111.471	325.265	141.559	164.069
123.522	326.275	134.724	160.819
143.952	324.500	116.797	160.432
157.098	324.458	102.599	157.188
159.827	324.454	98.458	157.532
160.982	321.521	98.055	156.711
159.442	314.694	99.820	158.968
156.145	314.012	104.735	148.025
149.628	313.508	115.011	140.929
139.192	314.403	127.958	138.564
129.949	313.010	137.285	136.116
119.709	309.124	143.873	142.319
108.202	302.576	140.008	159.007
91.589	292.522	133.453	179.738
62.969	287.663	148.151	194.759
23.445	282.702	173.907	203.058
1.111	275.270	177.253	203.162
0.000	271.134	162.693	188.257
0.000	267.737	141.008	180.148
0.000	267.316	124.061	176.254
0.000	266.013	112.391	179.508
0.355	264.076	114.396	186.154
0.758	262.769	126.209	191.795
0.683	261.440	145.394	194.970
0.000	258.093	163.208	198.344
0.000	256.508	193.347	198.906
6.128	255.615	219.188	199.302
12.848	269.189	266.406	189.819
79.044	287.630	259.176	187.424
154.735	286.893	234.697	200.373
246.655	274.287	163.408	229.677
299.942	40.712	228.813	354.581
377.669	254.244	221.414	236.995
414.745	273.099	239.554	179.294
421.388	266.463	267.572	149.861
445.659	236.504	266.524	167.291
302.612	39.845	197.718	173.907
441.757	179.423	298.914	207.115
420.207	155.035	307.075	230.879
406.735	159.859	302.567	227.299
392.056	162.424	295.732	229.795
371.935	170.752	289.233	233.884
346.366	189.066	289.093	242.116
328.484	213.147	289.559	244.920
198.295	235.827	374.006	244.766
181.937	293.567	297.768	207.435
268.924	576.000	288.834	0.000
60.501	336.198	290.987	187.508
16.302	343.069	246.809	213.303
6.606	337.218	240.578	210.532
40.260	222.683	310.789	353.317
4.104	313.817	148.093	201.273
0.349	303.297	142.385	152.535
92.896	84.373	184.780	64.895
0.000	298.394	116.835	84.876
13.535	134.961	130.820	42.311
0.857	303.402	129.738	105.505
1.689	310.489	118.742	130.827
2.224	299.630	116.676	168.727
1.234	295.205	150.053	190.199
2.554	301.930	148.509	193.717
5.910	312.386	152.552	223.061
18.985	303.980	167.536	243.517
25.028	309.266	182.836	226.188
20.818	309.975	195.095	242.182
49.723	305.210	229.287	201.661
62.195	294.132	258.467	180.392
64.793	286.218	331.104	157.340
99.781	286.007	321.815	123.514
155.079	271.214	290.002	142.276
198.155	245.184	284.036	182.844
240.551	261.941	313.504	181.571
259.506	238.500	264.965	215.782
269.567	228.706	316.873	232.330
242.175	217.295	347.107	255.870
251.429	194.412	304.399	287.502
249.221	166.399	266.717	296.819
244.101	140.649	238.145	290.157
236.199	120.108	259.004	242.563
219.348	98.772	281.506	219.216
209.684	62.150	352.019	287.264
221.607	50.192	319.883	289.496
222.248	86.621	330.271	278.761
204.270	73.827	390.910	313.962
228.010	92.056	398.220	321.456
258.519	104.457	360.720	330.393
293.249	138.189	313.207	293.445
345.402	160.197	272.231	275.976
361.705	181.297	267.377	240.896
351.101	204.326	306.865	221.279
351.545	230.856	340.650	202.739
344.041	231.474	350.435	235.664
374.665	241.508	304.524	259.829
409.518	240.616	228.362	297.036
419.449	261.565	174.808	294.719
428.051	249.868	164.780	318.722
419.084	243.867	202.471	316.154
400.622	233.630	239.482	314.744
359.727	243.096	282.286	259.493
367.484	235.951	266.917	250.049
366.296	213.247	257.589	274.640
346.628	203.691	259.952	280.468
334.650	200.524	234.457	279.792
319.250	227.210	238.402	269.061
289.186	237.039	256.923	259.744
264.335	243.889	266.744	266.129
238.149	270.439	269.449	247.779
208.491	291.849	252.227	230.865
190.717	296.995	207.398	231.393
192.404	297.411	190.448	227.576
183.102	300.289	192.328	268.064
176.694	282.636	194.069	281.661
173.400	279.915	189.373	270.427
114.347	269.463	238.916	262.228
85.536	266.039	275.875	252.731
59.367	258.245	302.872	263.543
72.342	262.669	297.847	271.435
94.873	263.442	304.563	277.754
110.109	281.314	313.241	268.153
59.847	287.895	359.720	275.103
32.782	272.287	407.218	297.331
32.636	266.657	426.011	302.077
66.169	262.134	383.057	302.798
111.452	257.320	282.892	277.098
177.678	243.003	222.461	323.577
161.843	237.346	252.705	313.768
110.387	221.225	392.074	344.191
86.004	222.563	466.151	351.880
63.776	221.029	508.480	354.971
69.626	220.469	496.212	354.545
97.465	221.273	434.662	352.168
146.345	226.905	358.765	348.349
188.631	241.177	291.898	334.722
214.901	245.013	246.949	330.987
220.173	243.683	239.524	328.353
218.424	236.420	252.520	338.546
203.897	228.599	286.466	346.101
181.493	229.750	329.432	339.293
151.606	229.201	378.473	332.205
131.937	227.587	358.660	301.741
126.417	226.349	397.109	296.939
145.762	206.792	373.907	318.512
140.917	253.207	298.757	292.987
99.420	258.967	290.491	276.283
66.966	255.895	335.581	309.053
24.873	270.808	398.554	296.050
46.306	267.757	397.570	290.620
97.123	257.813	334.793	299.209
130.252	249.466	268.407	312.450
151.339	240.879	235.350	318.028
170.343	240.586	224.142	301.185
183.698	241.233	222.113	284.251
198.153	242.406	218.576	273.816
226.905	246.432	203.342	268.918
247.697	248.070	199.738	266.615
267.036	250.575	203.755	259.670
282.332	249.659	196.354	264.848
277.331	253.861	237.537	261.872
248.099	265.994	259.649	259.485
299.008	261.720	296.736	272.402
329.788	251.085	250.722	262.346
396.946	247.351	213.682	290.598
394.664	235.298	215.148	283.802
392.102	227.292	273.136	278.679
354.521	219.503	340.000	281.043
350.642	211.246	327.323	281.125
380.790	210.522	277.334	285.940
388.490	200.863	227.964	294.201
400.625	205.347	200.618	266.667
396.453	220.408	233.556	271.298
395.877	220.355	240.786	271.493
367.972	226.507	258.703	265.254
361.451	223.980	211.550	272.663
354.136	231.264	183.964	259.425
330.070	232.227	213.529	244.390
294.855	239.222	268.534	225.845
282.918	240.085	284.604	222.740
291.150	237.622	262.698	236.527
302.393	259.278	194.356	227.983
295.854	271.959	190.150	215.415
268.830	274.816	230.678	229.367
229.109	275.869	275.623	245.546
259.252	273.165	255.519	247.534
286.954	269.074	169.235	253.200
305.321	256.698	154.772	249.744
298.869	261.329	194.756	234.710
279.125	259.711	246.755	229.329
282.057	257.002	262.138	210.770
287.587	249.090	292.937	190.394
307.724	247.438	278.876	183.520
315.522	243.518	266.972	182.572
324.307	242.057	240.225	183.847
364.953	242.569	169.585	192.422
389.239	248.897	132.067	200.594
386.851	257.338	138.025	216.581
380.904	271.335	153.198	214.253
341.582	272.563	204.785	214.432
319.837	269.354	236.445	224.237
305.519	262.827	205.860	231.573
315.218	265.217	168.464	248.581
327.310	262.576	144.429	244.805
289.383	253.123	185.276	243.765
253.623	253.534	244.506	228.324
232.204	249.364	268.520	230.646
232.489	243.822	255.769	225.941
238.501	245.733	239.690	216.582
251.424	240.737	224.129	211.630
259.541	238.124	217.263	208.338
264.540	233.901	216.256	201.240
269.192	231.162	221.092	198.141
276.626	234.126	252.011	192.579
296.180	235.769	240.193	189.963
336.023	232.061	212.263	197.827
366.439	230.836	234.923	197.300
393.577	226.781	237.995	188.229
444.103	223.364	191.937	179.127
452.709	221.012	218.560	157.731
459.752	219.955	250.783	133.297
448.971	218.046	283.132	108.267
446.114	212.236	281.102	102.437
438.633	211.860	264.253	92.375
417.864	211.749	249.126	84.315
386.723	212.615	252.380	92.086
315.504	215.174	258.396	101.866
293.267	225.927	251.180	114.861
273.122	232.891	230.423	123.740
195.294	245.063	252.673	136.568
176.049	248.236	250.360	165.819
139.763	247.435	255.101	179.855
126.564	261.397	256.457	167.673
105.509	269.467	237.463	159.507
91.756	268.304	227.232	159.601
94.614	264.750	211.342	160.220
95.451	262.982	204.753	157.397
99.146	259.630	203.817	152.501
115.513	256.457	197.578	150.470
149.286	258.463	186.722	139.237
187.723	259.566	166.344	129.299
220.798	263.370	145.487	121.072
242.788	267.518	126.020	118.253
269.307	278.548	104.284	110.529
278.972	279.635	81.732	104.271
269.541	284.404	85.556	105.296
427.849	264.670	181.495	95.229
250.849	270.166	91.540	102.384
294.438	142.697	167.957	165.593
248.695	182.439	120.552	174.758
526.581	236.141	193.454	102.825
537.079	233.666	205.444	103.293
536.956	228.791	222.484	108.175
534.120	230.334	223.727	109.706
532.325	227.402	217.140	121.407
514.692	228.551	209.517	130.243
468.984	218.275	201.993	154.826
437.252	227.007	188.609	157.764
395.275	237.113	162.239	152.913
334.905	228.383	149.652	163.790
306.235	223.270	147.048	167.659
264.532	224.148	161.028	157.820
210.797	222.711	174.138	157.742
183.716	223.702	183.682	154.789
149.979	225.787	201.185	155.350
136.542	221.664	207.492	155.471
106.786	226.594	231.588	152.289
118.603	238.817	219.124	143.035
141.952	245.725	201.869	139.805
164.957	246.408	179.675	146.364
179.397	251.798	176.102	149.903
176.935	257.950	191.942	152.541
178.870	257.545	202.650	160.909
187.642	260.009	198.893	174.135
197.511	265.572	192.864	175.649
226.511	267.379	171.168	176.453
243.783	267.383	159.271	183.774
262.911	265.193	159.200	185.349
288.090	265.531	157.873	183.876
338.781	268.740	121.432	190.488
356.011	266.431	114.663	182.058
373.768	267.791	115.207	163.501
425.431	274.098	105.961	173.520
443.137	276.411	114.585	170.757
445.949	275.306	135.145	166.851
461.682	271.700	149.490	172.643
463.447	276.983	157.481	170.319
469.818	283.564	171.545	160.322
471.535	281.175	181.523	164.672
470.689	285.189	191.216	162.406
467.405	288.151	190.160	159.183
471.736	288.725	186.187	156.753
468.056	289.590	173.510	152.321
482.232	288.551	152.756	147.868
485.907	291.905	143.469	138.872
478.183	290.579	135.711	131.023
469.288	295.947	126.866	120.712
461.359	309.956	129.756	103.201
400.710	284.836	125.253	116.514
221.969	213.304	176.694	221.423
364.800	295.044	125.132	111.002
306.789	274.915	83.175	124.888
279.552	274.338	90.962	124.050
260.370	274.752	109.302	120.938
223.233	272.746	148.274	114.084
205.623	275.366	162.942	99.830
210.134	274.798	157.530	91.085
226.063	273.877	141.574	102.495
244.811	278.600	124.463	112.686
270.735	282.893	100.180	125.181
280.170	293.095	93.973	128.692
291.753	293.409	83.012	128.544
292.581	297.471	80.332	136.585
287.024	304.310	87.855	129.912
288.968	302.860	86.870	131.145
290.039	297.814	83.257	135.098
300.527	291.673	110.137	132.514
349.589	240.963	159.406	207.476
392.122	288.429	111.484	121.083
398.903	284.735	120.316	127.717
429.291	285.925	111.600	130.416
445.706	286.508	114.250	128.612
465.924	284.526	119.947	129.115
489.217	276.337	111.140	130.164
488.946	271.685	129.672	120.114
482.560	275.202	173.919	107.405
465.815	272.191	193.554	92.668
447.690	250.186	200.220	94.749
440.747	231.966	175.713	110.169
420.647	225.341	158.395	120.616
379.321	216.779	150.111	130.548
349.642	215.665	155.007	134.710
306.488	221.189	159.877	135.925
277.664	224.699	177.007	139.004
271.003	237.469	177.915	139.254
272.614	249.261	172.623	136.887
280.870	257.436	170.274	131.898
299.177	268.935	155.068	120.359
294.672	275.965	157.351	123.434
303.279	276.135	152.539	132.657
317.314	280.195	145.628	133.930
375.599	282.266	106.994	135.925
406.649	280.546	108.536	133.689
453.352	290.378	104.967	123.333
469.717	290.320	125.149	127.330
474.934	291.717	150.126	128.312
484.394	292.468	158.084	127.708
495.582	293.720	158.907	123.817
500.615	292.048	154.858	124.619
501.993	293.416	155.705	122.260
500.882	295.114	151.437	118.467
487.756	297.511	150.873	114.139
466.616	302.206	158.103	106.863
453.039	299.953	143.423	107.439
445.558	290.654	117.407	119.352
189.384	75.526	238.462	120.824
345.927	282.690	102.843	126.881
352.226	279.692	101.559	123.395
339.484	285.538	106.946	111.123
319.073	288.055	96.009	115.209
305.702	287.230	101.662	112.788
287.296	287.956	121.236	107.067
280.302	282.899	126.547	107.737
270.936	277.223	135.761	112.847
356.109	186.592	101.740	145.904
278.348	268.223	131.792	123.901
303.031	269.550	116.594	122.446
339.935	273.438	102.356	118.295
372.121	290.379	101.350	101.695
374.270	289.699	94.870	109.213
364.546	291.956	107.026	107.490
357.881	297.130	118.639	106.175
361.162	298.504	121.813	105.565
361.719	299.088	164.354	107.155
357.901	292.117	183.503	116.157
356.748	284.568	184.049	128.684
352.622	276.242	182.846	137.923
351.639	279.599	180.324	138.403
354.231	278.937	161.035	139.116
356.356	277.988	123.932	140.690
349.730	287.914	92.424	128.986
337.335	292.292	93.415	126.664
307.420	293.170	121.888	121.516
280.079	292.073	149.456	123.555
275.600	291.870	148.185	122.261
272.455	292.371	149.267	122.654
270.263	291.270	150.772	125.400
272.765	290.080	151.001	128.781
287.175	287.062	139.760	132.349
307.736	286.462	123.172	130.188
321.990	285.384	108.571	121.076
337.765	295.903	100.501	109.626
399.062	325.578	173.989	163.759
427.372	283.186	114.736	122.466
470.855	282.185	102.578	92.111
477.213	269.403	121.766	93.179
473.481	262.644	144.679	110.631
495.625	236.698	144.698	143.725
511.108	246.613	135.403	124.640
501.803	254.504	142.689	99.739
483.907	211.936	171.049	136.739
491.492	204.682	135.366	131.922
488.463	203.218	134.135	128.070
487.602	197.666	106.438	118.863
487.985	196.226	95.108	118.026
477.673	196.679	93.639	113.352
459.673	199.026	94.989	116.067
444.548	205.821	90.424	112.859
430.429	218.006	84.781	112.392
421.642	226.091	87.154	115.491
413.257	225.755	98.980	125.344
403.742	223.736	109.326	128.414
383.938	230.241	127.501	120.621
369.970	249.249	134.301	101.970
364.310	252.706	134.531	103.390
357.547	260.668	137.522	99.897
351.331	267.220	139.561	92.131
351.380	272.165	132.457	87.200
343.760	269.647	122.881	92.458
325.440	259.604	126.787	102.310
318.302	265.934	113.161	102.408
287.085	263.883	130.916	105.513
253.789	250.167	176.637	120.581
257.704	248.948	119.535	119.393
261.256	243.311	103.735	120.371
240.672	257.208	120.705	106.189
224.205	258.383	139.504	105.428
222.647	252.798	157.027	104.225
235.593	262.840	149.813	101.465
249.493	267.724	148.991	92.965
256.063	270.280	157.134	80.674
269.591	272.706	157.770	75.607
319.239	108.314	172.999	127.849
316.183	263.089	153.106	93.367
334.554	266.926	125.951	97.582
335.744	272.982	128.825	90.012
345.314	275.994	149.560	85.190
375.301	262.776	126.628	99.924
376.880	262.071	123.788	91.998
363.539	264.946	154.352	77.861
346.979	259.936	167.954	78.896
341.070	249.466	163.852	88.778
346.071	246.500	156.307	90.920
359.745	245.179	147.462	79.264
374.937	247.737	139.174	68.977
385.670	250.462	139.352	62.816
393.928	243.316	127.343	80.601
408.408	239.613	96.827	97.730
437.338	212.217	88.539	113.595
431.372	204.376	100.747	98.517
423.435	194.120	110.329	105.103
408.059	194.985	126.562	103.885
397.083	192.469	133.280	106.295
388.299	187.678	138.708	117.391
374.120	196.659	137.016	117.396
374.257	199.786	124.468	112.356
363.408	214.235	120.927	110.157
352.784	210.653	156.558	123.091
350.436	251.261	125.021	92.859
353.361	266.456	98.843	84.211
359.816	273.217	117.647	79.196
361.760	277.826	117.087	77.050
364.975	281.480	112.790	72.268
358.919	273.593	125.415	78.239
348.238	267.699	132.047	77.078
338.008	262.465	138.796	77.295
324.147	254.729	135.204	82.607
323.125	231.729	139.643	79.670
344.181	204.999	123.204	97.694
354.950	182.710	127.349	113.836
360.768	183.426	138.641	114.207
371.358	186.684	135.580	109.915
385.418	185.724	121.690	106.766
389.169	204.224	102.820	91.197
383.700	207.340	115.834	83.088
378.659	208.023	118.625	83.443
382.573	207.902	126.288	88.009
381.144	199.375	138.372	99.024
379.793	188.255	132.965	93.888
385.008	173.047	125.072	90.522
384.517	157.518	126.345	80.410
390.893	153.793	137.069	65.097
396.019	141.533	127.300	77.406
402.938	119.979	113.285	82.484
423.959	108.969	113.060	78.809
444.471	97.151	96.101	84.272
445.497	79.813	91.508	99.977
435.539	67.530	98.821	100.734
406.306	58.126	115.450	80.329
409.439	269.709	98.100	24.813
383.769	68.091	89.035	92.021
365.090	94.636	102.490	76.415
365.004	121.963	128.993	62.748
376.954	132.702	120.513	78.257
400.001	136.061	109.446	84.312
406.106	139.983	111.871	81.393
406.998	139.880	113.140	77.803
408.723	136.371	119.821	69.069
431.313	116.492	107.302	66.594
437.319	106.659	97.991	77.767
435.915	91.388	78.927	90.646
454.389	88.758	84.311	83.933
458.168	93.102	103.989	71.475
471.590	165.443	125.337	162.449
453.947	141.131	124.223	159.010
448.570	156.959	132.570	204.743
352.507	261.979	33.126	70.634
461.574	145.196	114.741	154.124
446.746	170.420	174.392	313.014
398.595	207.767	309.406	368.233
444.100	137.052	143.744	308.184
406.570	116.317	177.634	341.028
415.293	148.816	222.242	374.212
296.569	115.713	398.948	455.474
368.195	117.756	264.724	348.103
353.013	113.147	122.744	77.423
462.433	217.092	106.817	98.718
354.042	125.151	87.162	104.889
350.121	145.855	115.186	88.092
352.657	166.843	132.843	69.036
368.260	169.217	116.763	76.578
388.644	167.699	102.593	76.961
398.351	163.150	101.995	78.909
400.094	150.991	113.295	68.739
423.929	135.220	105.214	74.673
450.328	116.529	75.104	86.850
455.590	113.150	82.572	82.128
458.755	111.368	101.927	78.908
467.098	83.836	117.116	147.732
356.267	280.597	32.183	43.580
504.068	127.105	93.558	61.988
494.074	131.464	94.785	64.693
488.891	196.184	137.493	188.864
472.709	121.387	106.913	119.096
461.776	105.785	108.545	100.686
456.073	93.148	100.098	100.242
443.335	89.002	103.031	90.939
432.406	86.285	104.459	89.329
431.925	85.532	85.352	77.806
423.069	84.817	89.102	73.746
395.748	89.963	108.121	65.199
363.448	92.889	129.287	60.126
355.504	93.546	122.441	77.448
337.686	98.502	99.612	89.068
339.740	101.488	94.299	84.945
341.726	105.205	94.076	87.589
346.396	115.022	99.347	91.260
370.007	128.278	114.963	85.528
389.277	121.177	111.669	89.529
420.968	117.765	82.543	85.967
427.659	113.976	75.956	82.354
431.180	111.944	76.486	83.170
440.134	105.673	76.301	82.672
440.051	106.434	90.654	82.492
444.691	153.307	116.733	189.972
441.535	107.457	106.372	75.873
444.921	110.249	105.783	72.640
454.940	113.857	96.121	76.334
460.457	115.457	103.482	88.658
457.641	122.139	110.792	84.184
465.895	133.145	107.405	87.733
459.334	143.003	104.169	97.462
458.416	146.939	106.461	94.748
447.171	155.384	102.741	98.217
433.350	142.869	125.431	162.647
430.876	147.050	116.199	144.482
392.122	163.592	180.790	284.385
430.492	146.094	188.401	337.107
407.523	142.074	201.927	353.086
399.205	157.415	183.877	143.987
394.387	177.687	152.667	99.940
394.816	185.651	124.174	92.837
390.354	192.598	104.198	96.139
392.271	209.192	105.026	97.930
393.587	226.022	108.495	82.192
402.817	236.946	110.013	81.528
411.135	254.935	103.780	78.472
420.162	260.879	101.276	84.602
469.097	285.437	98.805	62.647
476.016	288.541	104.089	55.450
491.726	283.486	108.879	59.403
522.664	258.988	97.213	74.073
538.917	247.379	83.491	77.438
546.124	240.123	80.571	76.311
543.024	237.528	88.300	73.002
532.726	235.151	96.374	76.843
523.775	230.443	101.667	81.785
503.243	251.500	101.907	61.180
478.380	253.660	98.843	63.391
459.090	252.771	87.430	69.474
442.831	249.827	86.038	78.812
420.953	235.885	80.362	91.950
398.792	227.655	75.764	86.731
370.412	216.615	88.094	89.033
343.316	214.807	102.262	95.333
337.546	212.440	102.981	88.202
339.357	213.754	101.413	82.092
338.338	219.708	100.556	78.138
350.409	241.574	96.065	72.177
355.321	255.095	93.343	80.269
356.736	261.338	93.855	90.030
361.035	278.140	98.172	76.454
373.965	302.554	104.789	57.521
378.356	312.115	109.412	52.557
378.852	313.466	110.125	54.008
375.012	306.925	110.788	58.529
367.641	300.744	113.104	63.317
366.487	296.714	103.182	64.950
366.418	292.059	101.112	67.563
366.078	283.668	98.837	73.129
368.073	265.189	88.634	90.519
368.731	250.774	93.090	99.697
371.387	250.783	95.798	99.241
384.950	252.631	105.187	90.071
412.106	271.302	110.144	65.069
437.767	276.731	100.115	63.468
451.440	282.215	106.995	58.093
455.112	284.920	121.174	58.181
465.195	286.185	117.603	59.061
465.277	277.283	121.803	66.209
475.783	264.375	114.348	71.739
480.635	254.550	106.726	71.847
478.836	251.218	116.000	70.828
476.254	244.106	125.305	73.466
473.328	244.294	127.536	70.341
418.004	207.173	154.761	119.971
532.490	207.292	101.347	88.473
558.127	210.697	76.380	85.017
559.839	208.460	75.213	89.902
549.561	207.360	86.558	94.209
542.591	224.614	91.936	82.459
529.271	237.322	103.029	80.979
521.219	257.853	104.644	79.540
412.211	266.536	112.274	96.943
259.410	258.148	44.699	110.599
526.314	287.287	112.048	62.584
418.885	309.186	67.458	82.714
517.556	285.069	106.489	56.981
504.796	278.476	107.166	56.708
418.168	236.872	148.688	130.058
414.448	243.614	115.409	87.207
410.882	227.171	124.824	173.685
407.299	240.419	112.811	96.699
384.843	209.460	151.595	202.486
406.894	255.869	61.133	79.715
407.687	254.906	60.023	76.184
407.996	255.931	61.356	79.175
409.459	207.147	114.399	111.877
408.578	253.222	67.645	76.443
407.936	256.920	62.962	78.899
407.501	206.708	106.915	117.520
526.495	271.543	120.937	67.399
405.572	295.321	57.200	78.948
549.820	257.375	94.801	75.609
552.532	255.416	92.141	75.185
548.509	253.804	96.228	75.336
535.828	257.434	103.725	70.528
517.330	262.219	120.238	60.196
503.510	262.709	130.963	58.528
470.031	260.554	152.396	60.458
451.883	265.297	136.296	57.792
436.071	267.492	126.438	52.538
411.758	263.801	125.027	56.698
406.830	254.645	125.273	67.314
414.708	248.756	115.970	69.584
421.091	244.515	108.771	73.120
420.883	233.510	104.793	69.739
425.316	221.094	103.186	81.208
426.442	218.212	114.485	86.504
444.342	211.087	109.989	82.883
458.731	205.416	99.331	74.099
469.063	205.981	104.530	77.802
466.734	209.157	119.463	85.187
464.482	228.279	122.667	71.356
332.556	318.262	35.533	97.875
442.156	242.177	120.933	67.305
443.650	241.740	102.098	72.844
442.969	239.779	100.604	72.930
438.453	229.834	103.879	78.039
429.430	219.079	127.302	109.182
416.485	204.601	134.606	82.091
415.971	229.262	164.683	205.871
411.577	146.212	193.069	338.062
414.690	147.794	233.347	376.779
398.530	171.845	165.524	203.628
420.454	163.213	191.924	325.745
386.637	173.072	111.567	73.791
383.614	173.064	98.827	83.862
382.853	171.742	95.938	84.227
379.426	184.133	101.344	83.019
380.143	192.666	110.867	89.037
384.447	199.652	116.858	81.592
397.295	202.660	112.330	88.333
408.002	202.433	113.986	87.845
436.221	202.796	112.951	79.263
456.709	196.212	102.170	68.513
460.010	189.266	149.094	116.475
471.727	182.865	142.490	123.021
479.207	160.413	118.025	102.006
502.971	149.312	98.911	95.861
505.737	152.646	103.345	88.267
508.579	153.864	101.367	89.226
525.019	157.572	82.317	90.198
531.038	164.394	75.246	82.351
516.247	166.892	90.920	83.231
506.157	171.164	103.752	81.343
504.768	179.119	105.859	79.518
473.889	174.393	125.549	136.958
467.193	179.149	132.689	130.638
430.817	182.934	159.295	119.268
397.194	186.909	149.292	79.888
366.262	178.041	122.588	75.822
372.367	171.544	107.297	74.577
346.455	165.173	110.307	72.954
324.801	164.370	108.059	74.377
308.953	167.685	110.753	72.169
310.992	176.728	96.846	83.056
302.093	181.741	87.370	81.799
297.781	206.290	90.703	70.300
293.342	207.432	92.836	82.731
294.863	223.735	87.346	78.695
308.036	234.912	79.753	71.814
299.382	241.737	93.737	71.262
296.428	254.335	89.264	71.103
291.092	272.324	104.969	56.446
297.486	271.767	104.406	62.875
310.000	268.786	101.748	67.485
323.600	261.597	102.902	72.129
323.336	256.418	103.261	74.497
321.595	239.443	110.129	84.500
319.431	228.709	113.676	69.845
319.834	200.355	110.245	88.054
336.736	186.846	92.001	100.914
341.234	178.233	96.410	87.748
342.857	175.374	110.089	87.339
350.021	170.770	111.121	91.081
367.388	190.550	166.840	108.201
381.555	208.062	134.773	90.247
383.114	216.120	116.365	86.447
377.228	217.802	118.141	79.751
376.502	212.106	102.324	87.479
378.684	200.361	90.919	93.892
383.235	190.162	78.859	90.340
381.041	187.112	91.093	81.020
414.841	347.057	72.584	52.410
368.282	173.835	88.399	76.976
369.883	162.253	96.049	86.159
368.524	157.831	97.713	79.041
370.088	149.446	87.834	91.425
366.650	155.303	85.909	86.819
362.083	164.725	91.700	83.111
373.723	185.165	104.795	80.051
390.732	197.703	94.102	92.687
402.798	212.706	132.561	72.093
419.685	217.031	127.085	65.789
449.992	215.040	102.551	65.097
471.033	200.941	94.804	72.221
482.895	198.892	94.242	73.298
502.732	197.396	99.949	111.512
500.000	182.495	131.704	180.486
518.303	168.998	108.337	134.397
518.497	162.410	104.088	98.320
545.537	171.237	76.525	94.073
515.854	197.704	117.911	171.412
506.465	202.848	120.082	116.784
507.080	206.017	111.236	103.530
514.892	199.401	106.740	108.452
512.385	199.585	97.899	106.900
480.083	193.429	147.558	145.278
464.211	184.740	134.382	112.150
437.522	148.323	177.424	281.516
452.175	171.972	82.452	75.073
441.569	173.143	75.271	79.373
411.163	179.282	93.665	72.026
375.414	184.931	120.149	62.039
364.874	185.456	112.944	72.075
359.139	178.305	68.330	97.810
335.532	199.424	91.839	88.941
329.940	220.119	106.962	76.810
354.197	248.022	94.517	60.697
361.946	250.197	89.861	68.591
372.198	255.859	88.144	76.518
383.172	257.846	90.195	76.891
393.298	259.081	87.771	75.197
398.004	252.710	95.221	78.658
403.127	248.146	101.076	78.278
405.706	249.635	113.053	63.234
404.731	238.835	105.240	70.562
432.050	215.087	127.605	104.672
445.509	209.716	119.389	101.607
458.950	222.423	103.879	84.292
463.961	223.071	92.982	77.162
453.182	237.025	95.981	72.671
433.132	250.581	108.184	62.608
634.182	422.686	23.367	29.940
420.741	256.712	102.785	58.899
419.086	249.732	95.962	66.004
418.913	251.636	93.386	65.935
412.972	245.648	99.464	72.672
405.221	245.294	107.498	73.517
404.425	245.016	102.915	74.259
405.393	243.481	99.299	78.949
407.483	241.801	93.265	84.755
404.587	241.465	94.100	86.154
407.487	246.227	112.301	83.299
412.963	248.524	115.520	79.638
418.907	255.064	114.657	71.027
427.632	252.931	106.467	72.500
427.867	260.802	109.741	62.671
430.495	262.531	105.129	58.509
429.497	263.775	115.294	54.273
428.568	263.331	117.664	53.105
437.027	260.052	105.421	58.402
438.973	260.270	101.962	58.909
441.156	260.013	98.134	60.333
432.995	260.350	103.110	60.653
427.849	261.078	110.592	63.137
419.448	262.335	120.191	64.791
414.879	263.458	118.560	64.351
411.170	265.832	121.508	61.688
405.581	267.226	123.047	59.804
403.066	267.083	122.292	59.203
402.700	266.886	120.157	58.441
400.081	267.275	121.853	56.759
400.279	267.910	118.031	54.656
401.089	267.063	120.396	54.787
402.561	266.479	120.465	55.736
403.466	265.738	124.570	56.283
406.865	266.564	116.259	56.163
410.524	268.476	116.229	55.388
413.021	269.665	121.803	57.926
415.110	271.858	117.224	58.773
416.905	272.609	118.359	60.890
413.765	276.345	114.397	61.951
414.140	279.727	111.418	64.761
408.090	283.993	112.352	67.283
403.835	284.986	116.554	73.523
402.990	285.451	114.120	81.019
397.899	284.362	121.995	87.484
395.982	282.141	127.187	91.824
396.776	276.972	126.218	94.891
404.474	269.813	121.904	83.684
417.395	266.196	111.349	71.049
345.364	239.287	168.008	175.098
300.891	372.387	22.197	81.297
312.736	245.448	69.157	83.659
315.038	239.835	76.656	80.003
468.670	266.405	117.175	51.128
483.341	280.746	135.000	47.394
486.171	285.118	132.544	55.290
507.630	294.887	113.979	61.130
516.308	295.837	109.913	70.609
519.570	302.930	107.829	72.297
516.916	308.238	101.286	76.830
514.946	309.378	94.075	82.680
508.740	306.404	86.736	84.181
500.400	300.866	68.502	88.375
495.408	285.097	66.093	87.472
493.781	272.753	70.384	88.611
495.606	266.527	76.614	76.210
497.002	262.832	97.191	56.967
390.643	253.749	52.048	72.688
405.978	380.510	21.040	54.907
411.073	223.428	42.623	82.721
502.336	240.094	86.488	54.621
509.322	241.071	101.868	49.254
546.775	239.982	98.493	50.704
447.049	186.433	19.638	73.091
518.123	239.975	103.387	58.443
497.983	241.119	102.936	61.497
456.124	260.549	97.768	70.592
444.189	272.525	94.136	74.501
421.629	275.108	102.509	76.746
397.738	281.527	92.221	76.336
378.012	277.942	87.882	83.999
369.038	371.964	66.791	85.454
342.736	266.479	98.045	72.708
330.088	257.508	108.880	63.290
296.126	232.704	104.920	72.991
313.302	215.512	105.809	80.544
301.252	138.695	141.410	187.487
260.193	385.736	256.738	190.264
324.806	261.093	143.758	196.077
349.532	167.782	125.458	128.503
362.876	193.565	132.809	112.896
412.507	237.244	121.764	83.626
430.716	267.346	115.669	70.044
343.171	311.668	78.477	67.315
349.693	313.455	80.125	80.704
481.253	270.542	106.965	103.786
496.069	264.855	119.276	108.896
509.611	260.080	123.836	99.241
348.412	97.270	48.208	120.988
533.022	231.500	111.746	92.717
530.658	215.899	109.691	78.219
540.767	214.513	113.310	75.846
548.553	208.653	110.844	79.271
539.066	207.162	111.472	84.192
528.139	206.906	115.188	79.544
525.037	205.334	112.989	84.301
394.253	308.243	70.263	132.264
461.553	186.346	180.749	128.059
406.385	292.424	70.721	107.687
623.093	409.680	35.218	66.908
405.446	285.032	96.691	88.499
404.742	277.424	71.734	105.881
355.706	253.880	98.303	108.801
326.071	240.519	135.101	145.798
317.903	239.882	119.126	105.990
310.718	207.999	139.301	167.008
341.804	263.100	106.405	124.064
296.802	198.056	202.680	175.542
303.759	96.577	203.864	226.810
215.533	116.244	280.438	266.982
232.563	86.318	323.343	394.206
323.766	186.980	165.190	123.140
362.863	201.239	134.636	109.161
402.671	221.413	127.486	94.274
409.205	229.996	126.146	90.144
386.882	195.832	199.289	144.546
478.527	247.372	125.352	104.345
406.111	213.837	204.275	162.323
354.042	212.268	270.388	326.361
321.990	130.486	339.416	445.514
130.829	157.860	669.169	418.140
388.350	137.684	269.274	305.168
435.197	194.340	188.877	160.686
404.462	173.216	164.756	294.243
374.369	217.628	257.789	358.372
373.321	193.350	226.247	176.428
403.444	284.609	88.712	112.413
700.350	30.930	92.242	60.326
306.470	128.162	54.478	104.037
468.283	401.326	244.342	107.354
373.840	134.764	230.850	314.676
417.188	225.616	120.456	103.566
410.770	226.004	123.137	93.908
409.156	219.203	123.084	94.411
411.743	211.649	119.853	95.337
412.128	207.270	119.333	96.605
415.947	203.850	118.828	93.016
419.571	203.250	119.316	93.162
416.560	221.712	139.645	214.558
418.490	207.563	114.831	95.578
422.053	210.430	115.649	98.793
422.029	227.350	116.438	97.593
418.955	254.934	101.837	98.961
417.659	260.554	97.852	92.875
421.103	264.750	93.627	94.503
423.675	194.211	132.337	168.604
418.861	264.844	91.945	102.816
429.893	255.245	94.590	104.927
439.407	244.040	130.210	204.550
410.201	252.383	95.155	127.247
476.830	479.992	102.950	60.080
443.406	217.732	110.188	189.964
460.774	276.157	72.734	128.700
428.984	239.482	95.562	161.686
415.415	243.340	71.105	111.554
395.607	240.841	109.652	178.043
413.598	176.287	151.209	287.002
447.701	151.748	109.215	99.224
448.108	150.465	118.178	95.111
450.077	152.911	115.803	102.486
448.624	173.264	112.454	85.259
430.745	143.122	152.376	169.436
458.880	187.053	101.166	81.621
456.753	188.333	106.334	83.555
457.299	193.646	112.787	91.506
455.457	195.524	117.520	92.099
465.388	201.374	105.776	104.903
432.058	174.479	132.235	202.889
434.186	175.503	159.106	293.699
429.117	156.347	123.378	273.782
410.265	258.675	116.282	130.076
430.741	170.006	125.471	256.168
435.025	257.292	129.971	220.271
448.001	300.582	76.597	92.899
454.453	301.835	68.918	89.930
456.868	297.947	64.121	88.992
456.281	290.648	61.614	92.806
449.084	287.537	68.754	95.118
462.632	248.381	71.356	98.727
327.606	308.180	57.203	115.929
423.478	241.366	92.411	89.416
416.637	232.600	100.050	96.648
393.061	223.263	134.751	227.623
420.271	181.427	113.890	158.551
412.562	153.640	148.984	310.735
411.946	178.952	132.587	159.444
423.285	190.552	104.304	137.066
425.513	210.744	94.377	114.154
427.697	98.266	68.931	109.232
426.436	214.495	92.185	105.269
416.672	220.700	80.750	96.301
390.433	95.543	127.063	186.133
412.414	229.572	75.358	83.660
413.320	228.945	65.829	84.422
434.626	226.117	99.395	137.339
433.095	146.891	116.655	242.844
416.041	173.052	209.937	345.336
393.654	125.326	230.456	423.752
244.802	397.305	409.117	178.695
439.724	271.062	118.505	239.283
439.326	275.059	78.749	108.020
448.429	281.336	75.894	100.006
456.088	288.947	73.360	94.845
461.345	291.913	66.661	89.679
459.431	295.530	68.263	88.379
458.910	296.275	68.028	87.669
461.514	290.048	64.358	90.452
466.325	278.571	58.205	96.791
464.698	276.890	58.831	96.033
459.889	264.396	57.555	102.628
453.270	235.548	58.328	126.632
443.282	221.171	64.064	118.366
440.795	185.439	65.260	102.967
437.252	170.027	64.776	104.874
433.431	155.807	66.369	113.078
424.422	189.509	124.220	186.856
412.085	127.405	162.582	365.315
303.291	323.907	409.693	252.093
240.080	44.811	403.487	438.772
280.643	70.330	437.416	453.811
373.321	131.419	238.642	279.985
232.140	62.934	393.249	213.595
342.123	113.665	268.828	407.782
321.142	110.158	385.343	460.472
386.377	131.401	189.083	381.739
324.641	87.596	277.691	452.243
386.618	162.177	192.858	329.375
410.608	260.237	109.900	125.619
407.268	277.228	94.164	109.565
399.939	281.500	99.739	110.588
389.542	288.436	111.535	110.182
380.169	285.794	121.121	112.129
374.299	288.673	125.481	109.501
369.022	285.476	133.364	111.672
366.850	288.816	133.689	110.695
366.135	288.914	132.837	110.207
366.667	291.777	132.847	108.378
367.485	288.703	129.111	110.846
367.894	287.973	123.115	110.820
369.649	290.838	116.972	105.926
369.518	294.791	114.965	101.471
369.886	291.406	115.010	101.430
381.221	295.036	103.733	98.514
390.131	295.031	86.023	95.732
402.823	296.733	77.619	95.069
409.205	294.564	70.724	98.581
408.116	294.691	70.297	97.650
416.282	294.957	78.025	95.195
413.616	297.366	83.491	93.194
412.138	300.760	90.719	93.225
411.156	301.828	98.293	89.963
398.634	305.542	112.871	86.725
418.859	301.847	103.551	89.527
418.926	302.858	109.879	85.359
419.248	304.829	112.380	83.555
418.795	303.479	123.082	82.029
419.201	302.656	136.887	81.959
421.530	299.687	138.990	85.733
423.559	297.974	142.409	88.202
426.870	298.180	138.520	89.065
426.309	300.076	130.522	94.343
424.927	306.537	124.110	93.690
425.126	308.274	107.760	98.616
418.220	309.322	104.208	91.834
507.338	306.280	98.471	81.876
509.925	306.738	97.117	80.611
474.031	224.617	118.657	84.774
477.339	224.756	117.716	85.417
439.109	238.790	86.472	79.800
438.079	230.856	83.797	87.116
513.921	302.647	97.115	78.947
514.974	303.071	102.711	76.241
519.947	302.126	104.456	75.513
520.214	303.017	104.909	75.690
521.974	303.234	106.706	76.292
523.884	303.082	107.859	75.376
522.125	302.715	107.457	74.915
522.880	302.151	107.073	74.924
523.473	301.195	106.905	76.009
523.559	300.147	102.611	76.369
522.018	298.068	102.699	78.796
523.529	299.645	101.787	77.753
525.985	297.910	98.647	79.836
526.865	297.837	95.604	80.279
527.733	297.786	95.004	80.938
527.599	296.338	92.118	81.634
526.520	296.458	93.031	81.704
527.011	297.243	93.879	81.556
527.615	298.356	94.967	81.541
527.210	299.204	93.834	80.238
526.294	298.436	94.343	81.723
525.394	300.197	93.002	79.842
525.541	301.145	90.555	79.749
525.447	300.122	88.298	80.774
524.103	300.107	87.854	82.519
522.147	300.098	84.321	82.253
518.904	303.963	81.425	79.778
515.494	303.362	80.336	76.596
516.816	304.123	73.569	74.402
512.753	303.294	77.999	74.605
509.976	304.546	77.767	73.072
507.454	303.818	76.893	74.040
502.617	304.499	81.975	72.369
500.472	303.483	82.854	74.146
495.423	302.226	82.823	73.120
491.294	302.273	81.481	73.056
486.963	301.433	80.360	74.814
480.631	301.041	82.389	75.565
474.129	301.319	86.451	74.648
468.738	299.151	91.203	76.402
465.993	301.468	96.014	75.651
461.038	300.657	94.980	78.606
458.703	299.405	95.980	80.389
455.621	299.329	96.314	79.855
453.262	300.449	98.474	77.495
451.616	300.659	99.315	76.844
450.766	299.604	98.261	77.657
445.025	298.134	103.859	77.886
442.395	295.553	107.109	81.396
442.889	294.676	105.393	82.175
436.828	294.046	110.550	83.167
437.322	292.615	108.343	82.248
443.290	290.272	95.430	82.522
442.885	286.188	84.451	86.578
443.879	287.879	83.656	85.156
441.719	286.008	80.843	85.523
439.172	285.514	77.308	88.266
438.483	282.949	78.654	85.339
436.507	284.344	74.870	85.177
434.648	283.202	75.382	85.996
433.314	283.760	73.434	83.914
430.207	282.645	71.545	74.755
428.028	284.231	72.347	71.390
429.007	284.822	71.510	71.322
429.949	286.933	68.427	70.107
430.926	286.523	66.233	74.769
431.873	288.239	67.166	75.696
430.118	288.714	67.234	75.901
429.668	288.832	67.424	73.243
431.253	290.795	65.475	70.477
430.378	290.157	66.715	70.543
434.967	293.795	66.337	70.650
432.310	291.770	71.850	74.637
429.926	289.629	73.473	77.340
430.829	292.023	73.815	76.049
429.847	290.731	73.857	78.967
430.546	290.365	72.000	77.387
431.021	289.941	71.330	79.362
431.165	290.626	72.387	81.195
431.024	289.865	72.752	81.687
432.357	288.723	70.927	84.866
428.711	287.422	73.953	83.660
432.455	291.207	71.434	80.203
426.516	289.179	75.915	79.000
425.023	288.225	78.427	82.901
428.441	288.554	75.597	82.661
431.144	286.135	73.626	86.372
427.979	283.010	74.086	86.363
429.109	279.365	70.979	87.046
429.257	276.150	70.273	87.918
430.503	273.441	68.989	90.711
424.757	257.844	70.094	97.430
421.863	250.201	74.553	93.256
411.382	243.265	77.033	92.524
403.791	231.418	80.525	92.340
401.231	223.357	81.045	94.253
403.566	222.473	81.528	90.732
367.363	161.513	141.428	153.896
384.254	188.515	115.710	125.066
379.433	197.621	112.767	105.902
355.055	115.954	159.447	193.302
355.274	159.386	161.200	173.257
254.087	135.891	59.659	111.937
570.619	348.791	64.426	86.285
424.979	230.059	83.468	76.860
376.261	176.655	111.061	112.796
382.150	246.910	167.070	185.371
390.195	188.981	101.405	75.426
369.005	228.320	149.397	152.949
402.752	214.295	88.659	51.556
399.066	210.352	92.184	58.571
395.461	230.475	93.876	71.762
395.139	250.030	110.985	57.778
398.608	252.803	104.525	53.583
401.604	253.105	94.679	59.974
406.238	254.868	95.880	81.470
408.991	257.934	95.975	84.221
412.957	249.589	87.680	94.922
421.836	248.568	84.707	104.292
425.572	245.684	79.297	89.131
429.797	237.812	72.514	93.968
432.209	236.693	69.367	92.283
567.500	380.254	61.678	63.887
453.224	204.599	61.160	95.057
434.767	167.400	129.333	136.104
415.276	234.559	207.823	239.176
393.868	78.606	205.316	350.916
448.898	168.015	125.107	127.281
429.543	207.168	191.428	193.973
376.724	132.285	243.756	337.334
425.534	186.818	233.209	110.484
422.171	176.017	175.635	106.359
446.800	421.719	252.650	141.078
257.442	405.518	31.723	63.036
647.661	385.296	56.884	85.608
479.609	185.928	91.978	97.558
426.376	166.480	162.681	133.866
540.778	409.243	200.952	104.829
590.956	411.407	151.916	94.434
454.992	195.523	115.203	108.749
470.121	199.582	93.125	101.098
404.016	180.531	165.787	128.822
431.016	194.582	141.666	130.352
419.747	213.908	174.586	245.169
85.300	294.629	119.783	166.511
441.985	293.174	248.029	219.030
397.493	200.815	190.210	150.162
427.270	194.014	126.888	124.365
427.578	191.079	111.413	110.606
421.533	181.612	113.668	104.670
395.812	165.169	156.111	141.087
385.260	156.756	163.198	143.110
352.169	114.082	230.991	217.509
160.624	110.446	89.329	152.669
316.993	150.568	196.747	225.870
320.693	144.490	168.652	211.139
336.389	121.494	75.011	116.608
401.322	215.713	112.742	87.102
321.886	177.673	100.173	97.969
298.155	182.962	164.407	168.351
328.098	165.526	208.750	130.173
299.420	216.000	136.399	134.506
312.696	234.498	156.817	107.408
287.049	244.861	194.913	110.362
316.325	255.409	131.972	102.043
335.949	267.211	114.847	99.613
341.009	285.431	112.602	90.858
350.047	280.701	114.183	95.970
354.272	273.834	98.955	102.808
358.456	265.284	92.104	109.588
360.129	257.622	90.102	109.692
361.271	247.212	84.096	108.736
363.168	225.229	115.161	151.331
367.906	70.696	153.347	238.879
338.894	141.306	205.242	184.590
368.944	117.323	157.216	175.234
375.297	151.118	172.955	129.433
383.388	116.687	104.704	107.650
356.297	90.407	162.772	162.179
395.331	193.860	115.588	107.367
382.429	129.672	111.035	102.770
387.722	192.352	160.268	197.946
325.293	248.219	300.186	277.323
245.918	275.438	508.379	279.873
347.751	387.734	467.295	139.312
529.562	576.000	340.347	0.000
513.270	413.645	240.826	112.163
372.052	199.127	242.139	249.705
390.188	198.337	192.446	127.547
385.542	62.651	186.484	240.468
377.478	22.706	220.885	422.273
402.336	243.264	181.021	221.700
244.659	286.006	69.749	139.200
415.322	141.836	113.538	104.117
433.669	140.386	102.734	80.459
494.877	295.937	75.629	93.604
492.116	288.591	76.689	101.051
427.666	265.165	143.542	124.910
444.690	249.318	121.788	119.513
424.178	209.152	167.338	162.288
396.035	204.967	201.998	293.035
313.935	42.621	367.820	428.168
362.129	110.662	250.904	268.531
394.460	151.299	171.616	175.292
391.689	146.987	147.546	141.802
405.729	151.982	129.195	132.908
598.112	423.375	129.397	57.787
409.897	220.096	160.089	228.051
572.631	414.182	119.396	31.361
401.720	139.454	125.600	111.885
407.542	139.586	120.643	120.378
369.901	0.000	178.686	196.812
373.145	41.819	189.987	190.058
398.333	156.283	130.471	141.821
412.115	9.280	76.163	123.566
397.225	14.165	112.338	150.355
352.632	37.198	211.720	188.043
236.147	271.628	31.059	39.975
248.095	290.622	71.353	104.468
413.866	145.541	146.801	137.426
416.510	163.874	146.285	130.762
423.472	186.329	140.439	160.845
380.735	78.530	207.721	322.765
433.651	251.473	153.944	269.010
406.353	22.117	199.570	409.043
445.212	255.157	119.262	138.809
417.844	291.995	156.429	242.080
431.333	304.169	155.572	196.427
459.198	169.889	120.135	220.422
440.024	415.697	216.564	128.711
476.101	395.973	169.816	125.409
480.345	413.061	180.163	111.358
300.956	330.114	156.242	91.781
320.988	318.328	147.132	65.326
315.180	318.298	135.171	73.116
175.431	146.000	56.260	56.187
339.859	325.324	115.687	63.441
452.840	157.498	139.263	188.611
455.391	173.919	133.309	170.799
434.747	179.392	115.376	162.650
436.895	173.332	123.679	172.167
440.438	176.857	127.089	174.619
557.890	477.263	53.604	77.645
446.656	233.159	103.234	124.128
435.690	236.730	108.129	121.019
437.256	351.978	221.294	166.346
471.992	429.028	230.504	91.675
441.192	454.021	327.582	100.022
396.168	252.203	151.305	119.447
498.687	490.323	240.481	85.677
543.803	471.781	178.244	74.080
438.024	397.209	106.712	97.001
434.432	391.009	87.780	105.775
555.565	478.741	147.930	61.932
553.857	477.273	147.109	65.131
546.043	475.528	154.675	65.441
547.027	472.515	158.238	70.067
544.066	462.865	154.741	77.045
540.843	442.006	154.938	95.341
506.902	415.970	224.998	129.653
518.938	385.560	187.235	144.119
511.793	368.494	171.019	154.501
489.491	344.431	149.522	137.607
465.555	328.220	204.389	247.780
387.419	305.217	358.890	270.783
433.352	279.849	229.239	215.960
264.287	285.780	392.602	220.193
399.525	277.250	138.025	126.190
392.815	273.713	142.074	107.403
384.489	272.203	145.842	101.570
379.896	269.396	126.387	97.893
378.134	264.017	118.685	102.204
365.914	248.052	117.724	117.117
363.013	240.289	113.033	123.814
364.488	247.737	114.117	117.810
369.727	248.254	102.350	116.663
367.697	246.513	103.880	120.637
350.917	239.480	112.830	128.156
343.510	232.397	129.073	132.911
320.106	221.529	140.914	139.330
302.966	210.703	144.362	136.329
290.448	205.909	150.369	136.642
249.806	192.597	148.074	138.511
220.771	192.494	149.315	105.845
214.316	191.375	142.539	94.170
200.281	186.117	139.680	94.569
196.832	186.233	129.172	89.169
196.071	189.754	127.867	93.583
197.076	191.342	134.402	99.000
199.724	197.891	142.257	95.384
220.290	196.451	228.258	115.590
235.784	204.257	175.679	109.844
242.665	220.443	251.851	119.706
248.974	212.590	335.185	155.903
326.580	0.000	277.825	345.519
354.292	294.654	163.467	98.383
376.145	41.675	193.865	241.673
259.164	196.998	101.189	107.003
508.124	248.567	158.039	110.831
516.736	247.664	167.650	107.516
546.660	239.377	157.002	92.854
404.308	166.286	124.006	122.753
600.575	230.307	123.571	80.729
599.262	229.449	122.657	81.258
593.290	227.715	130.239	90.889
571.716	223.994	144.230	103.292
566.838	222.617	148.309	115.904
376.476	161.221	123.590	129.251
494.869	204.626	146.606	137.687
356.093	176.441	131.841	133.617
325.377	198.917	188.817	164.718
349.540	245.234	218.932	256.949
315.822	199.897	186.704	145.979
303.316	198.667	141.548	133.133
301.036	212.529	145.818	111.220
298.594	229.779	144.330	86.926
297.081	237.032	144.518	78.485
307.505	232.371	148.987	84.612
324.586	240.104	130.320	86.671
330.516	236.609	129.734	100.423
342.166	243.569	116.753	106.494
370.084	241.032	126.451	124.875
365.507	294.643	147.640	86.046
205.055	103.432	119.461	79.933
389.327	186.974	112.360	114.572
413.430	278.899	214.914	224.948
533.523	275.113	155.114	96.204
596.134	403.394	134.253	119.627
567.977	268.266	143.304	88.392
558.513	263.848	137.026	72.541
541.640	261.098	142.631	64.394
406.165	293.507	37.877	113.333
387.139	177.879	159.464	120.823
374.269	161.837	162.465	145.440
372.354	167.882	133.220	140.690
338.942	136.881	173.469	196.149
296.176	275.623	110.428	87.750
310.400	265.897	110.829	88.876
295.065	264.480	108.504	81.278
277.781	270.501	120.562	81.505
260.654	275.170	127.951	83.832
244.540	271.236	134.641	100.467
238.026	269.396	133.255	106.905
236.424	263.735	131.790	91.383
251.895	259.838	119.887	86.978
261.578	262.499	108.541	85.108
260.563	264.832	108.886	82.478
258.163	265.851	110.845	81.069
256.515	266.070	110.387	80.376
245.912	261.555	124.732	88.406
238.128	264.245	119.409	89.669
232.929	267.741	124.274	86.486
231.595	272.438	113.898	86.961
229.012	275.073	110.586	85.926
231.810	279.745	108.944	77.625
247.111	285.438	101.453	71.592
275.095	185.177	124.441	166.038
293.993	182.185	143.886	124.295
254.424	173.545	206.501	170.092
257.314	372.744	388.636	203.256
262.087	66.255	297.052	466.582
235.553	48.786	397.579	481.323
275.535	242.428	326.518	276.877
213.238	48.696	387.441	527.304
245.791	114.364	302.810	453.641
602.449	403.053	148.160	121.282
276.547	418.768	134.420	111.180
393.991	234.429	139.530	87.536
360.032	244.953	143.620	86.185
313.305	252.763	122.865	93.086
262.400	265.241	126.820	84.672
225.869	273.767	144.515	88.140
205.277	276.248	136.653	100.234
154.018	283.840	178.196	87.438
149.299	285.883	161.431	94.328
135.087	289.539	147.008	101.956
123.182	290.781	149.533	102.840
122.225	289.535	146.363	117.647
123.299	287.959	142.878	114.407
134.998	291.040	130.446	108.943
140.917	289.229	126.935	109.898
141.369	293.886	119.466	103.897
144.038	290.915	121.607	109.195
147.069	279.702	113.470	118.861
149.818	273.934	115.946	122.711
156.405	266.165	116.572	120.826
156.836	252.738	126.829	132.322
168.024	234.192	114.291	123.175
254.155	220.207	116.500	106.465
197.846	179.666	147.223	119.638
195.809	163.502	136.337	132.166
193.156	122.893	182.475	202.879
142.843	111.595	298.437	375.988
196.108	29.072	313.577	504.600
205.112	112.186	241.399	268.497
209.982	74.052	254.452	433.309
206.418	35.531	299.287	476.424
198.807	122.155	243.069	225.579
236.886	60.538	235.956	433.719
273.947	200.697	159.117	94.436
298.778	208.871	141.437	88.333
141.167	110.495	104.874	115.339
347.038	218.967	98.987	73.865
266.265	122.337	187.207	155.967
322.231	232.320	123.604	90.933
517.771	407.775	82.510	83.762
278.797	263.912	118.222	189.530
327.756	252.538	78.589	80.550
330.911	240.952	76.279	89.550
298.639	393.992	70.725	57.856
301.106	360.841	82.700	98.185
300.928	85.829	159.775	187.465
344.754	206.894	114.537	87.822
313.199	176.347	159.963	121.888
368.608	180.344	101.579	110.180
361.971	164.472	106.283	123.285
352.313	150.144	118.537	135.869
362.805	157.398	107.832	128.131
325.164	88.783	95.839	131.705
329.040	84.940	94.525	130.673
328.931	92.241	88.563	112.622
333.410	105.019	83.420	109.783
341.360	123.557	78.393	119.577
507.672	303.968	71.100	77.487
171.250	103.937	79.846	94.703
345.902	233.961	79.700	89.801
360.791	254.780	91.542	81.370
359.885	144.561	98.125	203.208
395.581	288.293	62.438	83.317
398.330	290.527	60.730	84.300
398.422	290.753	62.792	82.472
398.922	290.393	63.152	84.112
399.892	283.957	63.312	86.486
401.501	274.595	61.228	86.813
374.923	232.499	84.519	127.092
377.991	193.592	80.859	120.690
374.554	186.371	83.016	120.498
373.775	165.335	91.710	117.888
297.823	128.075	161.796	153.351
265.481	88.100	211.666	196.599
295.836	87.002	155.271	175.953
305.402	58.149	137.798	167.062
388.513	391.973	148.892	54.998
301.714	210.302	168.991	231.331
410.692	400.700	120.635	84.886
312.054	186.907	164.700	254.161
297.224	121.212	163.447	244.577
430.489	394.318	120.365	88.630
424.352	223.109	213.360	229.315
334.100	21.590	179.480	203.476
444.544	290.003	214.577	136.890
337.767	354.564	412.875	221.436
81.157	67.140	689.305	484.375
20.964	0.000	910.318	576.000
60.350	12.272	844.369	524.252
17.021	0.134	942.979	575.866
51.756	0.000	871.793	553.901
20.604	0.000	939.396	576.000
45.727	0.000	851.889	540.932
192.532	0.000	767.468	576.000
28.535	14.700	930.987	561.300
6.101	2.328	953.899	573.672
35.518	10.210	880.932	539.627
196.475	21.495	634.304	456.917
115.435	25.136	826.995	516.705
56.582	31.193	903.418	544.807
92.609	18.761	835.295	539.447
0.000	9.695	960.000	566.305
134.434	20.474	784.871	552.299
5.104	29.392	951.260	546.608
171.784	8.843	753.782	541.827
25.334	29.744	921.036	546.256
0.000	14.386	960.000	561.614
229.702	46.902	730.298	529.098
154.932	6.231	610.899	345.068
66.821	0.000	528.561	0.000
130.058	23.014	352.670	186.068
183.061	88.896	405.240	487.104
64.857	28.245	414.951	426.749
108.589	18.876	337.067	272.517
50.901	31.680	416.011	502.964
37.153	20.038	312.678	312.562
98.228	57.902	212.128	278.285
102.851	125.472	339.195	450.528
146.407	194.612	159.446	143.366
138.512	135.213	204.030	204.460
126.142	146.682	209.190	184.887
118.994	130.640	205.625	195.397
113.132	143.865	187.489	168.708
100.784	50.295	330.671	267.653
98.613	112.130	211.775	196.450
104.784	98.781	173.219	206.410
101.745	106.200	160.894	193.350
87.431	88.577	204.855	207.927
86.337	112.838	179.362	186.378
81.839	89.908	201.273	210.363
80.725	118.846	185.400	184.619
79.105	89.979	211.513	211.982
81.028	114.927	192.038	188.312
126.887	43.657	386.659	278.095
553.606	0.000	299.007	0.000
85.388	118.181	186.049	191.566
88.627	135.701	174.465	174.324
84.306	96.404	202.523	212.256
87.871	147.999	190.584	162.547
79.766	81.248	211.326	235.191
79.205	127.420	199.586	183.794
90.628	140.382	186.719	171.236
91.459	137.009	190.000	173.961
93.842	139.494	196.484	172.344
98.393	146.794	190.366	164.542
95.322	139.796	189.270	170.256
93.295	142.243	195.262	169.084
91.506	141.767	196.418	169.529
90.004	139.936	199.580	170.815
92.941	140.826	199.168	171.411
90.457	140.359	199.554	171.309
87.077	137.763	203.431	175.005
84.807	136.506	205.671	177.398
91.142	136.003	203.419	178.584
87.486	139.396	210.450	174.866
89.270	141.417	216.326	173.643
92.254	143.305	206.309	172.566
91.525	141.379	213.543	176.639
88.763	143.305	213.201	176.495
89.864	141.784	211.839	176.718
89.008	142.480	210.888	176.115
88.444	144.111	211.571	176.730
90.934	144.020	215.064	177.505
97.070	143.806	213.306	177.132
99.504	140.644	202.701	182.745
102.517	147.095	202.161	174.430
91.275	57.098	262.100	255.622
98.124	91.602	206.898	207.531
100.092	16.222	271.696	288.100
144.844	11.618	224.125	245.851
162.063	30.153	209.201	208.732
119.797	24.788	241.464	296.171
153.282	12.616	209.159	217.902
195.241	18.099	195.786	166.750
349.285	305.290	133.538	132.085
321.933	318.753	132.321	200.643
172.117	116.540	216.191	288.612
195.279	193.116	225.052	207.520
185.176	75.764	206.532	239.835
199.137	0.801	213.336	204.823
267.537	308.422	216.027	150.919
143.628	81.704	283.318	346.521
259.458	134.652	192.379	235.106
154.706	118.657	251.432	399.007
162.105	28.168	235.273	247.214
183.217	5.994	256.207	285.073
185.981	44.640	286.548	443.750
166.353	53.630	275.181	428.958
192.019	27.051	218.678	262.366
190.185	16.019	240.238	217.196
125.428	53.382	329.694	467.531
174.491	32.783	288.233	218.880
134.507	42.427	397.192	533.573
248.469	25.780	222.596	200.933
261.662	13.805	212.475	216.132
265.285	8.105	221.574	225.634
260.822	17.037	229.592	214.895
262.195	13.295	227.587	215.863
265.768	18.567	224.709	210.322
260.625	28.647	230.936	199.435
259.766	45.336	230.513	183.721
260.701	68.850	230.215	161.927
271.861	77.545	220.584	155.122
0.519	311.834	75.597	194.804
345.141	114.563	128.385	140.504
285.331	83.767	169.831	241.146
293.284	121.222	144.993	232.729
206.768	189.011	248.820	375.713
149.585	59.099	334.084	499.485
181.353	25.348	274.436	372.878
148.590	16.438	277.802	283.520
306.268	58.423	187.302	276.975
113.656	126.949	344.338	449.051
162.045	23.129	367.944	233.730
78.836	59.206	334.383	190.551
55.339	76.379	334.700	480.132
105.052	108.461	293.572	429.976
197.799	60.851	152.916	166.673
95.228	28.693	266.542	217.763
104.905	26.274	244.085	206.288
93.101	30.875	246.737	195.718
99.594	23.097	211.037	200.896
101.959	258.922	170.913	190.590
158.322	47.530	159.815	177.121
80.192	72.404	216.466	378.391
79.651	161.187	229.046	377.541
83.537	178.762	226.838	355.331
127.219	255.007	163.333	201.812
73.941	201.865	230.253	353.183
61.876	219.799	296.441	356.201
74.145	215.078	199.087	285.138
52.019	155.623	247.326	415.961
59.142	201.235	209.773	338.275
178.688	154.002	244.383	181.776
63.749	213.233	291.535	362.767
214.539	167.288	196.226	190.690
217.353	169.444	192.425	196.596
183.072	222.833	209.570	144.258
224.742	159.412	183.118	191.619
242.392	152.717	162.839	184.151
225.445	155.497	183.591	174.083
110.785	70.449	340.615	303.025
31.232	40.479	380.763	535.521
106.052	46.161	358.915	237.519
124.066	46.018	306.751	209.597
0.000	92.955	291.845	483.045
41.910	224.642	223.730	273.584
19.763	44.830	269.364	464.875
52.479	238.543	230.778	255.792
82.612	232.480	186.361	229.821
43.310	210.891	245.414	274.596
22.449	52.873	306.717	486.664
0.000	190.112	312.366	385.888
19.981	89.792	290.063	437.998
35.215	20.381	393.787	499.141
23.155	21.226	480.831	495.901
21.962	36.700	401.693	508.496
140.444	31.540	349.640	350.324
51.707	295.718	257.274	246.982
191.868	293.406	217.296	246.122
76.607	310.044	145.195	182.113
295.070	206.613	199.548	173.216
290.697	211.261	206.856	167.306
315.995	187.373	179.027	165.850
195.234	139.293	310.393	191.695
303.330	134.103	210.034	170.863
123.364	191.126	225.178	338.234
83.635	41.396	345.327	440.010
146.390	164.852	218.301	338.718
121.815	103.474	335.298	433.856
111.053	177.447	296.477	341.379
169.935	245.130	235.443	277.627
148.166	256.792	264.988	319.208
188.517	249.737	205.916	266.451
200.014	260.537	172.884	279.600
231.390	194.971	183.599	117.344
395.745	206.087	157.429	167.983
390.867	224.668	155.418	160.546
364.624	216.492	155.618	159.526
367.133	213.841	149.143	171.071
367.420	205.505	143.089	171.370
371.522	198.844	129.107	164.490
374.117	181.955	113.878	151.871
269.755	246.155	109.496	150.184
241.672	273.792	214.290	225.706
286.726	150.100	175.137	153.787
332.147	120.627	155.350	161.409
354.402	135.421	139.919	151.936
355.989	131.266	148.212	147.989
294.934	99.127	213.562	182.469
252.473	106.441	309.701	428.223
288.741	130.090	240.192	159.557
282.320	129.336	232.600	426.011
301.472	107.017	218.750	197.694
258.023	94.587	281.573	474.457
366.275	199.800	126.381	132.207
374.053	215.498	110.548	119.776
373.041	232.937	89.881	143.032
359.629	247.529	80.456	129.598
363.403	255.205	74.636	123.927
339.782	217.262	94.925	157.730
355.890	250.827	77.019	125.334
349.764	243.769	74.172	138.111
318.184	229.844	109.766	214.559
335.386	195.418	109.655	150.176
361.121	194.513	107.973	118.735
548.502	422.363	93.316	58.141
366.124	182.541	99.965	106.992
343.074	174.051	124.860	118.240
307.649	236.040	192.462	243.874
312.434	63.764	162.916	219.952
319.625	83.643	153.763	209.226
315.816	59.482	153.593	200.623
263.515	31.150	251.535	322.789
298.361	290.678	282.930	255.950
317.593	0.000	265.630	499.184
339.028	202.152	155.900	98.549
155.821	193.190	89.072	133.240
339.940	192.705	161.035	208.395
364.358	245.726	107.066	76.482
382.382	177.258	100.141	199.238
394.130	262.600	85.970	116.744
405.413	266.850	87.233	125.332
408.346	276.757	96.233	120.136
425.966	278.754	90.911	137.084
456.342	279.414	72.860	141.968
466.002	277.261	69.792	144.026
471.864	273.538	71.684	139.336
481.892	260.701	68.889	143.334
483.122	250.853	74.076	121.608
495.285	238.995	73.256	130.370
497.940	229.235	80.221	134.336
501.810	219.211	84.788	137.268
505.882	214.386	88.782	120.701
489.665	204.354	103.292	115.969
490.222	192.491	109.312	109.201
497.360	177.018	113.410	120.014
468.534	155.475	145.750	146.053
447.678	192.131	153.531	104.047
437.241	22.528	183.959	244.579
273.806	416.479	424.312	159.521
369.440	8.738	285.042	511.777
488.538	250.423	130.888	164.642
440.545	174.698	164.318	137.941
499.180	199.531	107.680	163.660
490.029	209.355	106.193	145.944
492.791	227.590	92.484	137.046
441.978	116.684	97.913	121.512
472.038	226.993	79.168	121.324
443.632	205.312	86.365	126.501
435.376	197.656	88.830	124.488
413.706	153.004	133.296	155.576
429.218	181.203	137.450	113.767
405.689	153.528	100.553	125.266
314.737	98.332	215.261	201.888
387.501	82.961	120.224	171.127
392.742	85.750	104.730	159.992
579.564	395.973	129.031	34.909
354.135	161.500	152.762	124.958
345.663	183.964	141.304	104.354
614.932	398.310	46.672	83.812
340.547	192.206	104.388	92.223
331.412	202.450	87.715	83.170
360.983	135.541	96.407	82.048
214.939	98.264	49.377	87.430
362.549	224.123	79.241	122.468
364.486	241.339	79.272	112.569
366.772	248.889	70.040	107.999
369.842	259.516	75.528	91.023
383.174	254.361	73.861	92.309
391.360	245.927	80.606	89.609
391.840	218.869	100.884	95.375
389.903	84.935	181.730	155.718
370.544	122.396	172.847	190.699
454.294	390.213	112.853	50.408
436.827	379.089	108.165	48.260
416.109	194.237	103.216	82.674
430.642	188.216	108.686	95.949
372.660	317.490	135.262	118.351
411.304	333.267	136.715	104.301
309.088	95.233	73.168	95.484
415.592	353.791	123.435	86.646
416.589	333.470	135.180	109.323
318.552	59.559	56.335	107.299
582.303	189.928	76.335	137.459
576.028	202.232	84.031	131.748
573.852	213.959	85.466	121.510
571.862	213.491	86.362	122.606
565.725	213.800	90.579	122.762
553.762	213.765	97.254	126.500
472.843	186.427	112.046	87.432
544.849	210.270	105.769	121.616
462.736	16.095	172.408	238.881
356.184	82.898	79.415	121.011
351.793	306.089	92.391	68.623
476.329	457.275	149.235	47.142
471.301	193.599	167.854	178.138
454.148	0.000	197.645	338.252
449.146	45.298	196.861	231.764
435.144	43.394	231.054	388.170
376.771	229.513	250.779	169.979
422.654	68.514	235.489	383.293
462.437	251.861	118.340	125.801
428.973	93.882	200.052	194.496
375.815	266.407	107.442	108.583
351.651	272.049	117.690	104.543
339.546	268.685	126.286	112.065
313.891	271.322	139.082	119.881
294.733	274.991	140.299	124.463
270.233	277.978	156.084	118.540
266.287	273.088	129.830	117.465
259.012	276.442	108.679	108.107
256.458	276.444	109.687	104.756
253.868	278.244	108.356	98.581
254.696	272.372	116.404	104.422
256.368	270.389	120.595	103.752
257.204	271.304	136.074	101.574
263.901	274.118	142.943	96.650
283.132	275.876	135.508	98.763
287.746	278.641	136.620	92.789
311.954	280.904	113.490	90.987
326.514	278.917	108.739	85.126
327.695	277.301	101.848	76.117
327.423	275.293	98.032	77.492
324.951	266.672	102.991	86.730
314.063	261.635	110.795	95.128
301.213	273.793	119.693	94.254
290.813	285.187	123.077	89.582
283.702	283.186	104.727	99.402
260.316	290.414	150.727	95.540
241.780	292.458	123.909	104.433
237.488	294.729	128.475	97.186
232.344	295.013	146.683	95.604
223.475	291.444	201.705	93.955
244.259	290.814	176.098	93.476
308.970	283.480	153.802	92.399
293.708	275.946	166.923	90.746
390.429	271.793	130.972	103.578
402.483	258.817	167.877	112.252
438.977	261.645	154.595	114.959
449.478	258.434	150.991	121.133
462.479	255.014	127.573	127.626
474.866	253.574	105.354	127.267
432.397	518.936	117.522	31.803
481.489	253.786	74.865	120.997
485.699	261.364	67.457	108.424
483.036	265.132	67.642	104.042
470.058	263.338	85.614	105.867
463.271	262.578	105.190	109.492
381.412	129.592	187.266	185.952
381.469	82.043	213.390	249.300
352.209	258.628	121.213	127.775
304.781	265.075	120.291	108.101
271.713	264.998	138.875	101.885
220.711	270.369	184.076	103.612
215.116	254.959	155.869	108.925
207.758	254.192	147.069	107.105
198.706	250.618	138.442	110.862
200.682	250.841	136.878	110.412
202.900	247.836	139.415	116.831
230.935	258.551	143.996	107.424
274.460	268.960	101.832	97.644
285.775	263.449	92.908	89.587
278.776	266.237	100.060	95.423
276.173	266.641	152.546	106.926
265.485	274.166	121.284	82.389
262.614	280.381	106.184	77.277
249.459	284.053	107.454	83.105
231.627	287.498	119.117	84.019
205.243	275.289	134.246	95.976
183.695	277.743	165.764	103.887
161.614	276.915	154.778	102.502
149.000	281.013	171.253	98.382
165.765	273.364	167.258	98.129
204.519	267.051	142.616	100.508
244.773	272.586	137.732	91.124
315.165	269.323	115.532	110.424
340.091	260.174	194.481	131.636
367.826	261.758	179.518	137.159
389.745	265.548	167.462	135.597
400.719	266.184	152.235	140.504
406.074	262.706	140.734	144.883
419.819	261.386	126.468	149.020
423.649	260.997	115.435	146.524
440.056	262.393	100.906	140.945
372.998	73.722	160.163	249.591
438.977	267.281	141.043	126.767
413.817	242.612	174.218	158.739
416.150	267.807	168.041	109.074
347.516	82.619	198.129	226.236
286.337	166.494	311.525	394.597
184.581	0.000	421.263	576.000
248.950	9.097	518.888	533.821
195.540	199.286	405.524	190.218
160.305	248.174	222.636	123.803
162.768	251.035	164.219	108.421
180.580	253.428	157.813	96.731
134.639	49.694	181.562	106.661
234.013	266.395	149.518	71.222
266.274	265.079	125.020	73.273
319.666	260.491	96.183	74.151
317.182	256.081	119.386	112.169
322.219	261.894	84.875	85.536
315.828	256.193	131.856	123.364
320.906	260.772	157.500	220.113
291.192	242.689	228.436	268.965
285.877	39.837	268.829	468.458
251.849	4.143	353.002	526.876
182.503	264.117	286.189	165.869
191.524	274.987	165.556	138.134
171.922	275.242	164.553	128.992
145.985	270.252	176.528	112.423
146.783	268.631	170.009	108.051
146.929	270.360	175.004	88.095
173.648	269.821	160.939	83.405
225.441	250.572	134.479	108.602
271.503	237.141	102.576	126.980
285.579	245.403	124.976	90.300
300.770	249.166	132.219	79.597
319.335	253.421	132.685	125.133
279.693	83.035	121.314	89.932
333.309	252.040	173.174	145.115
332.469	250.974	166.290	144.645
327.706	251.431	137.645	132.872
298.232	242.249	157.675	242.853
311.383	242.343	236.117	333.657
288.170	247.838	167.400	244.637
334.090	249.451	157.002	144.040
332.557	243.953	201.922	240.114
345.139	245.861	211.252	202.517
346.279	251.168	206.916	319.751
344.276	259.501	203.809	185.645
329.601	247.906	228.075	328.094
337.724	247.751	199.253	208.549
187.305	221.677	372.604	260.444
333.679	237.615	174.877	149.860
339.593	230.563	171.068	150.170
575.978	390.818	164.629	112.693
349.386	211.933	156.943	151.692
346.781	219.958	161.766	122.649
343.050	212.703	160.968	115.783
323.555	217.107	181.778	100.823
326.000	220.728	164.938	102.211
317.669	216.944	185.316	108.832
307.993	222.088	183.243	111.884
290.819	238.859	163.467	105.212
292.365	239.231	146.769	108.908
281.865	241.079	144.886	117.442
285.964	247.147	144.065	155.614
279.799	242.290	157.478	162.087
257.336	240.901	182.206	165.869
259.196	235.219	172.267	164.123
239.634	231.240	192.884	154.212
234.756	223.200	193.714	154.103
235.955	204.647	193.397	163.343
238.873	198.867	196.865	163.214
239.022	215.090	190.078	141.372
253.298	238.543	182.321	113.180
251.484	244.056	169.654	144.208
251.488	253.091	166.687	157.783
253.038	261.128	161.127	164.607
251.717	254.088	172.101	188.444
246.362	250.556	178.500	187.793
242.347	242.528	211.814	191.107
246.297	242.599	190.381	191.071
250.325	239.200	208.561	189.445
305.121	246.626	160.535	191.993
319.068	237.442	143.317	198.566
323.170	238.155	148.565	182.787
292.006	37.108	142.477	120.124
336.520	231.429	152.495	180.707
337.477	232.285	168.184	180.372
340.217	235.277	191.715	179.183
335.414	243.587	226.340	179.290
343.139	238.030	230.159	200.152
331.104	236.508	232.427	198.973
303.554	222.840	220.864	209.576
289.363	215.894	198.855	204.149
290.604	211.954	190.360	199.958
284.205	215.958	198.900	192.577
281.101	215.574	207.276	192.762
298.984	208.874	189.288	199.268
307.840	209.310	180.718	200.568
336.169	214.015	139.026	192.832
343.422	215.058	124.113	195.053
334.887	226.560	126.385	191.082
326.042	226.699	162.696	212.957
309.088	223.642	183.378	215.432
292.690	220.293	190.561	188.640
269.980	211.694	190.193	178.678
268.084	203.198	172.712	183.635
277.604	203.981	155.031	180.513
284.817	210.852	147.760	169.680
271.133	229.470	177.031	161.770
250.910	229.828	209.366	179.025
253.854	219.532	203.226	192.279
262.102	223.234	183.650	198.343
286.678	217.003	184.992	310.934
316.465	225.163	156.965	212.796
317.969	225.661	168.624	217.967
289.266	189.235	238.631	347.569
291.902	173.461	219.565	279.715
297.816	145.916	205.425	227.389
272.138	137.374	228.423	222.786
269.115	133.809	232.905	220.060
268.028	145.306	212.358	214.419
285.742	168.231	165.008	214.979
274.780	144.793	214.740	362.731
275.376	205.176	247.544	249.002
279.606	224.143	262.738	243.193
295.168	219.396	264.056	251.665
299.074	211.148	288.126	261.347
282.323	202.343	314.500	269.265
283.527	212.270	304.635	235.820
349.165	0.000	242.852	0.000
288.435	189.332	286.227	269.422
297.747	203.581	272.168	195.996
342.689	217.878	239.232	172.666
320.919	206.952	296.169	222.182
353.184	230.845	289.913	188.012
358.392	254.554	286.932	185.674
433.090	251.844	225.692	238.399
439.411	249.167	226.525	242.581
439.587	241.454	230.611	250.059
435.495	237.039	235.021	243.177
408.107	241.660	251.268	231.935
355.239	241.620	287.095	241.033
336.066	261.699	300.737	245.545
330.513	261.690	298.343	261.151
322.269	265.370	308.748	262.936
319.452	265.809	292.869	277.762
304.738	247.245	291.292	300.322
283.935	249.272	307.961	299.251
269.307	249.193	327.735	304.488
258.110	246.401	343.282	312.524
260.511	254.160	337.241	308.392
265.775	259.607	342.246	308.111
269.059	261.948	343.070	302.108
275.028	261.409	325.946	299.204
278.014	258.277	305.369	300.530
279.690	248.586	286.602	307.824
298.308	233.317	264.793	333.129
311.953	230.671	252.862	338.029
312.470	226.558	254.530	343.841
312.569	226.371	251.076	344.451
309.191	233.973	249.511	337.367
306.927	221.122	245.551	352.615
300.989	227.701	249.733	344.790
290.992	226.056	253.577	342.943
279.950	224.194	245.374	345.446
278.635	230.703	245.387	337.368
279.838	239.775	253.968	331.373
273.741	242.886	316.026	327.499
264.733	245.249	351.941	324.655
259.885	247.691	367.719	311.088
259.107	238.141	363.642	314.443
254.277	222.602	338.402	323.592
248.563	220.944	339.355	255.637
212.189	198.114	358.759	279.644
236.530	193.407	338.839	286.229
238.097	189.403	314.482	280.984
246.618	171.838	285.681	296.322
229.880	144.613	317.705	405.887
238.216	204.141	270.777	350.547
248.740	193.534	378.394	330.585
251.911	227.999	381.441	264.221
251.514	214.909	386.179	286.401
237.277	192.937	389.724	306.369
222.600	168.218	381.986	317.970
207.936	167.262	373.728	323.035
203.718	172.628	378.302	276.861
214.639	171.958	312.005	271.104
192.608	166.657	324.446	267.215
191.517	175.844	313.857	273.649
208.283	168.806	286.849	286.480
245.617	207.774	247.924	252.434
261.327	243.278	240.162	229.724
276.130	232.908	230.521	239.919
195.337	202.942	315.245	348.285
316.661	224.127	224.096	247.651
295.065	225.517	222.861	255.688
307.930	227.126	233.387	197.724
306.934	234.034	317.792	149.553
319.715	243.172	336.445	119.777
317.452	237.324	231.448	155.435
332.363	244.428	273.225	169.079
407.761	232.813	289.492	192.906
368.234	37.989	191.895	209.961
311.139	229.526	350.373	346.474
322.588	216.044	323.380	223.980
324.742	225.417	295.785	206.374
316.744	230.570	196.519	221.792
325.628	231.898	178.233	275.905
311.677	234.825	191.463	234.812
288.923	237.236	200.252	219.280
280.062	238.232	201.179	217.076
278.973	241.193	182.265	215.339
290.350	244.408	162.793	217.532
293.285	252.827	159.009	226.645
294.881	259.659	155.757	227.355
306.004	263.304	151.713	224.215
311.713	257.490	164.663	220.701
293.586	253.749	184.491	247.722
270.795	253.662	224.981	229.405
263.375	253.079	249.209	213.260
257.709	253.624	260.372	217.343
252.780	268.542	264.320	199.560
256.991	273.362	260.892	198.234
258.295	271.167	264.626	185.690
262.897	269.289	252.766	235.538
269.555	263.195	250.862	238.730
331.462	244.943	175.388	266.080
339.270	245.213	160.400	269.415
351.818	241.453	136.231	272.735
355.872	230.759	134.236	283.130
357.883	226.722	145.204	288.506
295.488	128.120	218.825	347.252
330.151	163.479	242.897	173.075
26.364	168.854	143.565	190.788
341.787	205.319	245.119	119.389
350.392	207.925	225.930	122.602
351.796	241.951	184.526	105.200
342.524	251.927	195.955	88.964
338.078	247.839	226.007	97.822
354.279	245.154	230.764	137.382
369.970	234.815	213.344	179.540
403.922	220.639	183.360	242.745
398.786	208.275	190.816	239.197
393.269	200.021	179.096	144.416
351.778	163.034	253.142	192.809
381.716	151.867	175.281	149.652
396.655	156.897	165.039	120.134
413.238	122.686	156.892	150.361
425.291	98.710	188.261	166.355
399.739	119.000	201.316	156.955
404.613	113.097	193.085	160.136
399.936	118.505	178.272	165.909
379.881	132.252	183.417	184.666
393.084	118.339	173.097	181.880
400.253	108.242	175.231	173.652
398.416	113.219	178.991	183.059
366.583	0.000	224.011	291.899
356.733	206.100	131.957	149.848
338.186	213.811	119.773	160.908
303.922	219.631	120.712	166.278
269.427	216.716	133.898	166.962
221.569	204.263	149.266	155.676
197.850	197.932	155.133	157.075
186.091	184.765	168.620	149.784
190.841	181.170	189.993	139.773
185.917	170.172	199.602	122.603
211.063	135.769	186.214	124.117
249.063	125.787	166.928	132.894
300.228	108.698	127.121	158.949
332.262	78.405	203.809	203.346
341.700	112.554	205.678	169.819
277.888	182.882	319.720	342.796
366.520	178.009	179.743	172.289
346.917	223.652	189.396	134.128
341.941	229.766	163.564	135.749
327.795	239.560	112.912	149.975
275.378	236.780	123.616	143.629
247.504	227.898	140.963	132.003
225.814	218.755	160.851	116.522
226.338	201.662	154.573	117.193
234.577	184.501	162.809	104.772
257.400	144.166	156.748	118.284
280.517	126.877	143.269	136.776
318.675	117.275	116.974	146.898
335.366	108.973	118.192	153.644
345.156	103.021	111.365	162.508
353.250	119.718	191.990	152.086
393.852	115.838	193.900	164.807
422.982	117.084	175.000	184.817
436.920	127.569	164.737	186.405
398.709	150.471	200.583	195.275
364.553	130.782	233.558	363.861
362.547	22.279	286.012	478.649
292.715	238.772	261.568	186.250
343.493	238.493	177.853	157.994
322.437	231.327	183.240	160.905
320.726	208.448	166.849	185.465
312.915	206.745	142.917	153.600
314.979	203.875	150.760	101.491
311.027	200.886	163.029	87.177
287.433	178.827	182.192	112.021
291.417	158.702	175.098	144.499
299.093	148.873	183.573	155.814
328.290	150.115	175.067	141.446
362.039	142.963	145.783	143.170
397.386	120.303	136.190	158.938
409.169	136.121	137.091	157.332
409.669	151.764	138.986	144.674
372.978	50.036	181.562	255.645
383.544	236.494	96.708	154.175
394.644	193.675	186.603	183.861
373.916	238.916	125.368	122.312
355.554	236.109	112.887	125.437
323.727	238.405	114.232	124.876
301.706	237.040	146.587	125.132
271.860	227.103	159.441	137.676
240.877	214.077	151.427	149.641
218.140	212.309	151.114	140.170
205.704	212.601	154.923	134.519
194.906	212.307	164.895	120.232
189.819	211.279	176.439	107.650
200.142	206.133	174.424	99.185
220.064	198.624	178.658	94.299
241.244	190.145	176.496	86.322
265.559	192.444	157.235	81.575
304.663	190.164	125.420	83.201
331.334	200.776	151.171	71.759
586.323	406.885	42.242	51.327
397.219	122.875	136.562	196.536
132.767	239.336	81.572	186.671
458.048	495.120	141.707	66.963
389.054	266.356	102.117	115.713
387.292	243.812	104.880	103.800
379.367	244.653	88.011	87.547
366.864	258.278	108.889	183.970
355.150	241.029	104.672	129.718
328.241	234.536	148.866	141.601
309.130	220.441	143.660	156.387
289.205	212.984	147.812	154.013
280.793	204.269	154.730	145.180
268.777	201.595	158.742	130.297
269.617	207.880	163.656	122.057
279.877	208.546	158.602	86.134
278.146	197.970	167.401	73.321
268.390	190.835	185.474	78.494
277.591	181.988	194.734	86.938
286.892	173.907	198.810	103.186
342.674	165.137	148.006	134.775
380.726	176.757	149.157	130.518
401.682	172.272	152.015	146.238
400.713	490.486	124.075	53.103
456.751	164.682	159.630	153.027
561.735	398.042	175.847	108.005
440.538	166.417	168.395	116.954
446.862	160.414	145.481	117.069
255.331	113.514	114.600	144.476
590.369	398.022	156.533	75.077
445.477	143.151	130.357	128.724
433.142	109.650	207.996	259.823
474.918	47.290	144.736	131.173
441.882	45.526	160.630	137.454
411.763	33.648	187.371	207.050
398.810	96.257	166.498	140.406
366.012	110.144	172.352	145.275
351.490	128.218	153.879	135.290
360.958	142.036	183.151	140.263
285.331	219.088	156.703	119.492
261.726	254.058	148.398	116.317
260.423	260.516	136.602	114.811
262.373	265.971	124.281	126.545
270.161	255.372	105.420	140.732
273.182	240.087	86.971	142.548
266.213	206.884	83.805	122.895
251.257	190.275	91.626	103.639
255.925	183.022	90.373	108.579
239.385	139.332	98.995	83.283
236.064	121.773	95.819	88.715
229.384	103.941	113.733	94.523
214.702	91.964	125.762	107.331
219.236	92.548	123.169	112.124
236.719	108.488	116.664	112.515
279.689	142.034	119.166	140.537
319.998	198.089	112.815	118.272
328.704	222.651	106.743	118.116
331.520	239.669	112.553	117.017
331.567	242.729	109.536	119.153
328.421	247.440	108.912	118.784
316.298	239.187	108.201	101.399
296.498	227.964	114.181	98.868
274.677	209.018	120.129	103.841
260.362	191.031	108.346	107.152
252.668	175.740	103.865	113.737
243.558	132.000	118.132	120.809
239.943	114.349	154.419	88.048
246.556	108.824	165.825	84.242
273.464	92.402	144.954	97.229
316.502	87.189	123.925	105.921
294.656	72.061	212.990	146.336
420.334	99.749	195.433	164.441
454.156	130.330	167.276	160.411
462.172	133.053	157.817	139.349
469.155	446.779	167.883	52.985
441.206	59.142	205.164	237.050
431.908	148.279	212.096	172.395
437.016	76.859	210.320	406.066
420.716	217.415	112.365	126.329
392.465	210.092	94.749	120.170
339.444	196.648	130.420	116.536
320.262	171.157	130.202	128.229
305.934	152.058	122.109	126.767
301.366	134.976	125.429	121.448
287.724	128.054	136.692	94.237
292.185	90.052	125.819	114.965
298.626	65.193	118.814	105.890
320.039	59.454	101.313	110.928
336.257	59.794	105.290	103.197
353.904	47.399	119.640	141.415
378.998	119.226	158.633	108.545
389.493	123.183	156.849	141.656
403.621	140.796	157.508	133.933
394.375	152.044	148.886	137.685
357.015	216.821	137.590	112.329
370.585	261.725	113.987	111.878
340.981	269.289	113.175	106.655
320.255	266.182	132.419	112.973
286.140	266.919	145.537	103.675
270.735	247.971	133.731	112.089
301.957	150.746	237.947	183.159
289.837	110.567	219.603	216.733
239.816	148.954	89.310	118.646
238.379	129.402	99.320	107.038
237.565	104.063	94.388	98.736
248.328	60.746	112.175	93.707
250.440	44.219	140.815	89.055
258.642	39.084	146.264	93.912
321.640	36.304	99.300	98.960
341.698	56.156	99.675	108.262
356.373	58.673	163.233	197.619
388.846	43.270	169.846	189.255
409.390	142.264	124.865	131.320
407.616	160.723	126.078	121.326
405.902	158.517	133.555	118.906
348.387	190.933	109.584	121.519
325.782	196.736	128.444	108.074
315.296	193.868	123.023	92.615
304.264	173.160	114.785	88.242
287.364	150.799	93.482	92.987
287.784	124.433	101.573	112.100
271.307	108.589	135.222	74.555
285.544	82.825	138.487	67.892
307.064	61.130	123.582	75.116
328.632	41.778	120.667	85.840
397.354	58.127	103.234	88.578
437.109	84.207	93.608	86.597
453.298	279.966	33.865	84.411
642.941	270.365	37.928	96.080
635.918	293.342	33.975	89.342
513.594	155.996	102.787	119.957
449.381	168.660	113.280	112.479
361.126	416.414	146.430	34.301
441.942	182.425	111.371	109.776
667.390	400.858	51.101	57.407
360.824	203.657	107.146	106.615
332.789	183.004	113.204	122.678
310.212	167.418	117.399	120.599
305.888	148.134	108.755	123.862
281.617	134.586	113.799	119.070
281.608	92.825	111.782	118.873
286.026	80.571	123.854	80.692
298.375	54.705	154.801	150.065
356.887	97.433	158.730	149.996
320.917	15.269	252.906	211.347
373.430	90.974	204.523	392.550
355.947	76.916	277.519	428.898
361.413	388.670	373.294	138.305
380.869	71.045	177.375	404.419
370.547	127.165	224.371	373.642
591.483	290.688	180.469	171.200
380.886	181.260	120.213	97.725
383.392	176.678	112.890	103.003
380.651	189.522	129.678	98.787
381.170	191.793	123.050	103.372
345.859	182.510	120.230	119.673
334.063	172.073	101.195	121.035
328.940	156.949	107.201	117.552
316.288	149.781	96.664	119.433
295.090	76.790	151.871	151.001
294.443	19.576	148.453	165.704
262.383	23.494	121.459	155.407
150.816	57.490	107.316	109.168
342.290	154.182	141.624	102.098
289.632	0.000	151.637	164.450
353.528	12.074	95.716	72.991
394.136	15.548	89.216	83.373
400.380	0.000	140.185	132.375
432.903	158.888	99.661	87.024
428.399	57.884	137.193	75.572
434.288	166.725	105.517	123.632
440.164	173.494	113.822	96.274
465.504	172.484	98.075	116.282
464.521	199.961	93.856	97.031
473.424	205.398	91.253	96.148
452.778	200.927	98.909	102.498
424.893	203.458	125.700	109.992
385.064	203.604	111.811	110.801
359.704	179.802	100.526	124.207
344.025	155.224	99.506	134.135
313.067	136.839	111.851	102.713
301.201	103.591	111.139	116.823
296.036	77.195	114.462	96.816
299.085	61.522	114.793	83.287
298.846	43.583	123.817	89.289
304.081	31.368	131.693	89.291
315.581	20.183	140.845	86.659
355.542	20.986	111.505	88.711
447.316	152.780	123.161	112.769
441.102	150.135	128.859	123.264
445.970	157.102	123.693	123.902
447.972	169.536	118.695	116.824
445.547	172.283	119.118	107.459
450.703	154.959	123.528	103.810
452.654	160.628	105.477	122.029
444.425	170.419	112.663	128.649
419.645	203.667	109.296	112.772
388.747	207.493	95.089	111.168
345.011	207.186	92.299	107.664
317.290	173.554	131.028	146.814
305.644	172.607	101.433	100.900
312.097	144.514	205.650	139.973
261.186	112.951	123.575	142.112
255.753	103.212	115.142	100.198
255.482	91.207	121.986	97.108
260.609	81.469	125.554	94.420
295.528	69.229	122.782	86.799
292.399	51.816	123.403	92.844
394.031	179.284	111.718	98.845
347.054	64.251	109.052	97.047
390.442	177.735	106.343	99.564
384.651	199.613	90.781	80.103
385.828	204.069	81.802	73.466
382.722	210.781	88.652	65.330
380.471	213.199	90.883	65.786
379.665	221.733	94.521	75.246
374.143	249.704	91.572	96.855
350.285	252.494	113.695	96.441
337.271	247.202	96.057	103.830
326.844	234.302	96.182	100.839
317.618	220.299	87.855	104.024
407.355	153.345	172.854	152.072
321.903	187.666	241.680	253.416
310.010	121.913	316.912	454.087
335.650	105.221	225.996	302.405
262.770	106.256	217.855	211.034
280.869	80.607	167.728	105.254
121.827	90.964	158.158	120.405
411.304	170.826	125.622	107.413
419.014	180.388	119.557	101.835
256.487	189.299	29.218	82.011
425.684	192.331	110.731	93.456
422.894	205.127	97.319	88.623
425.210	216.438	86.629	81.087
425.436	221.872	79.865	95.993
416.145	235.256	83.424	94.976
370.370	231.571	70.827	107.661
339.705	221.297	95.001	109.279
306.294	207.224	111.636	110.888
284.680	183.370	92.060	118.145
258.428	172.987	111.663	113.808
229.738	136.421	117.915	147.283
221.454	124.251	123.543	127.831
217.117	113.018	138.533	94.618
227.141	90.368	128.404	86.896
237.964	86.229	114.452	76.412
266.677	62.709	101.232	95.190
245.051	0.000	146.587	185.784
324.713	87.172	91.633	114.360
363.631	118.157	124.665	220.538
383.039	143.585	151.040	147.798
385.319	126.165	135.885	115.143
414.133	142.844	123.338	101.057
404.494	142.498	107.502	99.918
640.407	336.603	25.186	63.183
406.950	190.472	134.981	117.569
368.648	154.094	141.125	116.849
371.086	157.335	119.365	137.100
360.859	156.062	120.988	140.625
348.817	161.061	126.014	133.734
341.231	163.728	132.469	130.189
335.294	159.979	126.764	125.034
334.567	157.476	124.421	125.036
332.594	153.704	125.366	123.873
327.314	152.467	128.142	123.666
325.309	148.551	127.504	126.474
324.630	147.543	128.224	127.585
322.065	145.822	130.485	130.602
322.249	145.694	130.752	133.267
326.032	145.299	132.965	136.921
329.883	145.291	130.303	141.334
332.689	146.876	133.718	143.250
344.394	146.293	127.957	142.986
355.973	148.955	124.020	139.655
363.356	149.664	117.491	138.449
365.590	151.369	118.768	135.280
363.384	150.479	122.274	137.898
364.901	150.451	125.321	141.886
370.270	151.773	120.976	141.715
370.986	151.321	119.526	142.816
369.960	149.527	120.045	143.750
371.375	148.105	116.222	144.883
372.468	148.183	112.014	137.146
375.325	149.454	105.062	137.646
375.745	147.807	103.683	138.235
373.996	148.117	104.157	136.619
372.689	148.728	103.100	135.453
371.064	147.799	103.906	135.525
368.163	149.658	107.709	134.932
368.523	147.582	106.264	136.843
363.409	148.884	111.388	134.895
362.783	149.982	112.227	133.023
363.517	149.839	114.045	133.217
363.431	150.487	114.762	136.979
364.016	151.794	116.223	137.623
361.563	151.965	119.958	138.386
362.666	153.146	119.922	138.396
361.715	154.111	123.556	139.434
363.293	154.631	125.599	139.120
364.093	153.749	124.926	139.570
370.160	145.455	122.877	144.018
372.556	129.578	122.291	145.379
387.549	102.529	121.985	133.009
388.025	85.350	133.343	117.480
402.369	66.164	137.262	118.622
395.361	37.846	175.671	152.715
411.706	28.766	170.863	159.856
422.694	21.408	209.205	171.386
456.808	25.008	178.477	179.795
486.321	60.640	161.022	149.829
522.057	108.130	152.973	149.579
494.490	163.611	146.923	149.838
449.055	197.504	183.463	141.170
414.274	217.537	181.918	135.499
380.676	224.070	143.135	123.884
352.403	210.599	129.233	121.516
326.559	170.016	131.475	127.214
334.052	190.311	173.423	271.758
271.751	249.429	110.700	144.267
335.564	66.652	140.039	132.982
335.973	31.692	132.343	121.764
307.592	0.000	172.038	218.407
360.992	14.593	134.171	79.219
370.933	4.601	152.543	67.039
374.211	11.777	168.154	138.789
358.079	0.000	214.836	213.812
305.827	75.944	233.671	407.307
266.816	56.454	300.205	453.656
248.570	24.326	359.749	486.535
375.092	13.558	231.890	236.929
286.902	56.581	229.900	437.401
273.157	47.206	310.918	431.727
154.236	0.000	471.381	555.970
242.114	76.846	303.468	429.831
491.881	207.760	156.125	144.582
305.357	266.471	104.963	147.206
464.190	213.654	167.427	179.934
331.628	177.473	196.665	342.861
317.898	58.399	222.542	437.505
323.248	93.062	193.915	387.717
315.553	46.511	235.959	448.893
327.108	48.538	192.940	406.959
321.560	58.866	250.302	432.678
311.374	54.698	290.366	463.584
156.219	65.831	477.613	468.230
331.800	58.687	214.878	439.492
313.363	32.733	289.188	475.502
302.539	22.051	348.778	516.636
326.610	25.254	243.754	331.731
322.951	48.875	254.525	457.098
217.117	0.000	239.118	0.000
516.166	400.410	213.512	44.699
458.110	124.883	231.912	112.487
328.581	285.967	96.879	163.614
469.157	167.263	196.617	169.361
319.575	268.516	101.617	157.065
336.685	179.849	184.124	188.670
410.853	194.131	123.492	165.207
388.302	193.717	172.969	199.486
360.910	141.911	147.675	164.901
335.832	297.709	99.967	159.105
324.161	330.978	103.340	142.718
293.278	0.000	188.637	290.584
295.445	273.759	117.577	179.461
294.561	156.712	227.786	394.018
239.995	13.367	260.878	405.390
275.530	133.486	215.645	369.860
265.703	36.827	158.799	232.794
419.713	0.933	117.531	66.367
427.240	2.262	145.144	80.696
435.332	3.131	167.561	99.616
462.059	13.980	156.372	137.416
465.560	58.493	162.053	129.570
488.724	97.861	136.339	136.921
478.349	373.311	173.711	65.274
439.730	200.131	153.659	123.321
405.441	223.431	150.296	138.976
323.084	232.020	198.715	241.374
293.773	231.907	122.962	159.659
271.338	227.519	119.752	153.939
204.312	208.733	165.528	143.417
180.523	184.544	170.107	144.224
183.965	159.503	167.865	155.894
121.031	141.350	193.267	109.111
103.759	113.285	176.753	132.246
106.828	92.553	175.972	156.764
109.034	91.476	167.750	157.145
107.894	104.691	178.430	133.227
131.004	120.789	176.510	99.103
138.190	123.557	237.203	114.812
150.746	132.074	175.941	103.368
188.102	139.688	140.349	103.070
216.560	164.241	129.920	122.367
219.803	175.073	147.460	119.996
232.062	206.017	160.034	105.359
253.125	225.951	165.414	99.091
290.263	232.775	147.597	112.997
348.308	237.299	114.436	137.809
371.751	242.226	123.243	138.215
393.761	241.017	140.771	134.334
395.421	240.375	178.886	123.667
381.730	240.460	144.611	126.626
440.351	224.214	150.424	111.325
456.858	212.602	162.552	130.481
439.493	230.113	178.741	111.417
383.113	237.695	258.284	154.813
395.571	232.580	183.464	106.003
380.133	236.215	155.607	119.611
383.363	137.828	111.499	113.276
373.040	144.070	121.805	128.273
312.025	257.305	147.815	134.579
267.591	256.722	154.594	139.741
206.282	252.687	178.762	139.778
185.973	248.210	174.327	129.379
176.283	245.425	175.377	107.408
167.568	235.865	159.239	107.312
166.744	223.964	163.210	74.680
170.552	194.231	133.369	100.350
164.689	182.081	147.581	113.027
152.894	176.240	167.930	118.842
178.834	174.463	165.336	125.545
201.016	193.947	178.539	104.784
268.645	232.736	145.341	84.386
293.510	220.190	128.112	94.628
408.032	57.112	97.462	146.285
407.054	157.721	131.132	122.846
419.631	157.526	118.962	119.027
406.000	154.695	122.125	105.771
512.950	193.568	153.902	161.835
494.896	187.340	171.315	193.806
224.577	60.814	93.126	133.369
524.391	196.439	141.638	99.055
484.464	177.505	159.118	102.830
373.143	168.280	148.554	105.215
380.655	166.345	145.266	102.801
394.842	4.371	152.497	252.984
379.354	167.916	137.742	100.763
377.249	179.171	131.172	111.010
390.353	173.728	116.262	139.001
397.502	91.787	106.782	162.282
376.821	223.725	104.567	117.294
370.177	232.577	89.659	129.231
359.328	245.570	91.048	118.606
345.461	245.226	99.522	123.309
342.079	246.221	105.620	121.058
338.782	246.740	118.171	121.549
339.235	243.690	128.947	121.243
342.609	244.661	144.700	113.378
359.492	240.413	160.827	116.180
379.239	237.510	157.267	117.068
391.500	249.926	163.168	114.533
445.455	248.688	139.646	118.266
392.879	161.450	133.588	127.269
273.364	217.296	158.317	99.455
543.317	260.054	135.610	73.393
562.366	247.610	131.157	76.334
564.095	235.792	118.459	80.110
556.695	221.722	119.989	91.569
515.003	218.614	134.142	92.830
465.241	231.755	147.652	75.628
410.848	169.170	141.812	117.184
388.955	248.581	88.458	133.540
427.728	171.099	96.710	115.264
402.972	241.131	102.670	91.894
395.587	238.951	114.427	174.082
374.308	247.258	106.545	76.842
338.202	247.662	98.241	83.236
323.357	249.805	99.249	81.546
298.821	250.916	111.738	78.969
296.379	248.451	114.227	79.339
297.527	244.752	114.309	76.819
306.334	238.908	124.573	73.077
327.204	233.747	121.336	72.970
347.696	216.490	108.129	75.260
352.089	206.723	106.620	84.130
349.586	199.916	104.467	93.355
351.194	194.812	93.632	101.511
351.179	192.786	89.122	103.313
348.645	198.192	90.213	91.633
358.154	198.833	94.875	105.517
364.077	226.066	104.062	101.917
372.037	218.090	103.762	101.511
351.437	233.588	115.356	89.712
434.710	193.421	145.204	123.901
408.824	177.635	167.669	192.014
396.455	186.337	127.280	125.340
331.484	242.615	116.962	100.415
527.604	263.184	137.845	70.338
549.351	256.488	125.824	76.419
554.947	263.263	133.120	71.200
531.808	258.004	150.230	74.821
527.019	250.527	131.391	88.699
476.653	250.091	143.671	88.193
448.279	249.281	117.543	103.914
450.066	251.510	106.874	99.563
444.259	249.485	98.127	100.380
425.501	256.206	102.423	90.034
402.464	256.031	124.134	90.674
371.015	257.840	114.033	92.060
357.732	258.980	121.015	94.663
347.070	262.621	121.062	94.476
343.382	265.740	114.684	93.922
338.416	270.229	114.735	87.683
339.797	272.567	126.107	74.517
344.025	270.432	124.583	72.271
356.655	269.857	116.349	72.513
390.752	178.273	74.928	83.602
361.585	266.049	113.980	75.887
372.242	259.787	117.396	84.030
403.721	259.168	102.195	88.981
419.495	264.945	134.493	205.413
381.635	139.859	106.568	154.342
385.852	169.713	101.308	114.240
396.903	173.174	97.826	111.746
396.098	178.901	112.847	112.498
392.820	184.728	131.838	123.536
380.910	182.226	129.080	130.945
397.066	172.435	127.788	133.432
408.989	209.466	129.676	129.422
365.081	236.191	198.370	202.328
398.527	197.397	106.613	100.173
399.990	201.303	106.346	90.933
389.490	205.551	115.206	90.334
401.666	204.418	104.664	90.514
408.032	202.491	99.002	103.040
409.758	205.187	95.095	95.536
362.546	249.795	98.897	78.708
349.471	245.859	96.213	69.998
313.047	245.642	120.427	65.113
297.346	241.340	110.578	55.974
295.755	240.912	97.313	55.354
283.342	242.681	102.422	63.548
282.731	242.799	100.147	69.982
294.145	252.221	100.349	80.175
305.864	263.678	103.888	78.683
322.357	269.571	106.560	83.894
338.400	275.051	105.989	84.068
365.708	273.229	105.065	80.464
231.841	264.415	88.036	95.742
426.743	254.170	88.890	91.404
439.678	252.361	93.564	94.342
298.260	253.823	57.594	107.248
476.009	199.005	116.595	149.411
464.264	183.909	136.373	129.012
418.239	84.289	177.169	225.382
434.013	215.195	172.227	213.445
403.351	110.123	165.883	344.132
383.542	111.012	225.742	354.959
401.596	102.674	176.036	348.471
399.386	99.248	167.333	353.611
403.731	126.988	162.986	321.676
403.278	137.592	158.153	301.505
386.631	104.718	217.692	351.184
391.034	109.740	206.015	350.128
411.684	181.068	133.408	120.285
419.970	180.494	122.016	111.946
416.357	180.113	117.593	104.091
410.696	170.423	118.156	107.190
404.180	156.320	120.755	115.524
393.529	156.082	130.088	107.185
395.007	157.726	122.677	101.536
365.600	186.581	121.688	73.775
360.728	194.483	121.637	72.411
365.592	199.527	108.992	89.566
367.492	202.496	97.507	96.929
377.935	199.963	110.385	104.257
374.475	201.904	121.141	105.572
371.780	200.631	128.342	90.948
367.221	224.794	113.682	93.181
384.179	211.396	105.158	93.221
250.277	280.978	107.635	128.071
406.900	228.184	90.095	96.495
400.072	228.066	73.014	104.309
390.231	208.532	73.705	103.410
380.152	210.731	85.657	105.637
373.861	204.120	90.007	103.456
362.744	144.545	140.755	168.836
368.108	206.595	89.031	90.442
368.441	207.560	96.808	83.951
368.465	197.889	98.672	95.311
369.796	202.744	101.180	87.839
368.361	210.018	103.825	87.347
367.454	214.556	106.806	89.371
378.781	209.813	103.449	99.467
375.259	214.193	114.891	95.914
378.591	208.859	118.289	101.039
379.707	201.418	120.851	106.908
380.471	188.688	124.490	114.198
382.726	217.257	119.341	97.972
386.378	157.253	113.138	148.086
377.014	144.386	124.893	98.394
376.407	139.407	123.084	96.414
378.999	140.944	120.823	93.454
381.037	137.239	115.404	96.785
379.198	143.396	121.952	85.657
372.016	149.791	115.510	85.788
378.192	156.286	100.991	91.569
387.919	159.417	100.168	98.496
407.453	166.152	111.343	97.126
413.246	174.414	123.121	93.586
416.881	182.208	122.848	91.102
420.430	189.520	122.178	101.840
421.241	198.225	126.357	98.104
425.728	207.397	124.130	106.006
429.060	215.293	119.938	106.643
426.963	217.335	120.670	98.614
426.534	220.487	122.282	100.542
427.560	219.895	123.181	100.587
429.956	214.032	120.261	104.155
440.911	193.351	121.780	123.198
256.253	169.496	33.836	140.734
442.847	106.995	142.995	255.227
446.203	199.006	119.456	101.453
457.471	202.293	114.219	99.551
458.017	206.854	122.092	97.057
457.031	207.995	126.371	101.027
421.965	397.568	120.428	91.221
432.409	399.238	130.464	85.014
460.984	189.868	156.527	225.823
461.621	234.136	112.170	102.680
437.305	225.531	144.112	195.181
437.556	227.996	140.403	199.371
462.164	235.277	94.313	102.883
463.073	236.626	99.609	102.144
310.484	237.453	51.663	109.586
466.264	243.098	114.042	96.416
463.941	245.041	113.490	95.456
463.643	247.043	114.188	95.173
460.458	252.162	110.443	97.672
455.155	255.418	106.526	101.737
450.372	253.918	107.869	105.672
446.674	257.656	115.105	106.440
442.292	253.807	105.848	107.641
438.592	241.507	83.917	110.802
410.154	214.176	82.813	127.468
392.637	202.265	88.701	115.412
380.988	191.642	85.988	121.165
377.914	181.876	88.243	114.443
364.594	114.407	121.362	200.422
359.706	137.828	121.953	105.441
354.103	121.560	99.188	107.121
351.353	124.039	106.139	101.211
348.400	119.584	109.915	104.163
347.131	133.848	123.796	107.846
349.865	138.953	128.000	113.415
370.783	152.413	118.000	110.970
377.180	176.196	121.284	106.593
398.143	208.035	116.809	98.917
426.504	214.721	111.512	111.116
465.370	217.356	96.817	113.408
455.662	229.031	111.110	96.633
302.468	238.869	57.838	128.642
527.466	204.034	128.128	116.594
523.404	174.948	121.541	115.664
527.072	173.951	128.266	113.913
527.589	154.126	123.226	132.564
526.790	131.157	123.793	137.752
516.914	124.882	129.062	142.663
478.563	102.453	164.060	175.011
463.485	116.956	153.177	121.238
456.115	118.591	127.036	122.699
447.724	130.152	124.158	118.509
428.589	132.917	128.687	121.338
404.141	150.438	134.034	100.701
373.876	155.358	144.455	97.370
348.014	179.713	145.438	86.811
336.725	211.450	113.896	85.832
341.707	229.974	109.135	79.234
352.000	237.790	92.498	103.418
354.697	243.889	84.631	110.681
356.635	245.266	84.810	107.232
358.044	247.192	83.602	106.690
354.101	247.126	90.930	105.295
342.293	238.152	101.988	111.383
327.734	234.161	109.116	117.001
317.265	227.457	112.355	123.162
287.422	215.521	128.429	131.745
271.210	208.514	132.084	121.387
252.416	201.245	143.152	111.196
241.897	199.237	145.060	106.374
231.680	192.879	139.690	100.750
233.650	185.222	132.350	93.440
233.431	174.689	130.627	89.119
238.694	171.690	130.271	72.464
246.162	171.711	138.970	64.200
246.422	167.449	139.483	61.561
282.370	169.403	124.787	70.681
230.148	171.173	158.694	145.698
325.958	129.153	251.892	199.721
300.294	75.631	319.079	429.516
173.358	23.257	513.841	546.385
328.801	82.462	306.576	364.569
319.654	58.721	322.065	415.146
307.646	46.576	352.804	450.099
382.789	157.894	279.931	226.083
319.668	133.738	214.271	169.576
320.947	209.864	168.019	137.511
488.278	247.527	153.346	123.877
475.371	249.755	163.875	117.839
456.292	251.381	150.661	107.227
458.427	252.730	134.338	96.188
448.011	243.817	118.225	94.587
370.298	256.953	134.293	167.691
363.770	249.294	110.343	107.300
366.170	256.284	130.303	181.404
364.728	161.243	138.815	180.554
351.737	264.770	99.387	92.993
340.566	260.609	98.642	59.249
336.920	266.137	90.771	55.863
372.901	196.344	129.417	127.729
243.699	244.825	71.249	85.071
331.352	260.584	90.917	68.362
330.659	256.045	135.983	73.825
309.080	266.889	110.767	78.411
493.448	269.911	138.994	73.224
498.640	266.386	147.339	82.960
514.287	264.953	145.358	83.789
522.266	260.929	147.248	84.843
522.118	249.505	146.143	77.920
514.577	241.456	148.056	82.570
488.372	230.849	161.008	83.424
441.562	222.337	182.470	83.011
409.476	207.036	142.957	86.761
378.614	209.277	135.819	94.326
357.298	208.426	140.695	99.347
338.489	211.567	122.502	102.142
299.021	203.542	116.655	112.517
274.729	199.740	112.886	119.039
249.602	207.603	116.936	118.663
244.452	205.957	113.550	123.566
233.725	209.938	122.671	125.363
224.969	221.323	132.840	116.679
224.165	227.837	135.249	107.894
249.658	231.099	137.902	102.048
270.811	243.419	143.022	85.072
283.766	245.753	145.625	75.764
315.505	242.880	120.097	73.639
337.266	243.889	100.360	74.112
363.752	243.940	79.395	72.385
372.853	249.665	64.468	72.754
373.372	252.288	64.986	76.165
369.100	251.830	70.470	79.544
362.832	251.836	75.744	81.706
353.687	251.913	81.683	85.971
345.970	248.348	79.088	90.574
337.629	244.682	83.290	96.560
323.548	238.524	77.755	100.724
314.370	232.016	83.723	101.061
294.908	217.455	100.120	100.801
290.217	210.596	102.233	98.454
288.037	198.049	107.223	101.816
287.093	187.984	114.450	107.340
292.860	172.923	121.008	111.678
299.165	174.669	116.008	98.777
317.199	164.284	113.415	103.212
324.353	161.536	109.071	106.018
328.484	165.747	109.265	103.051
332.319	171.197	104.309	98.937
342.178	218.042	220.327	131.080
316.621	68.070	231.341	289.324
345.344	219.945	118.943	97.525
343.961	248.554	119.393	82.287
357.704	261.210	105.931	78.817
364.283	262.824	98.243	91.417
369.328	270.146	84.463	93.976
372.556	265.446	76.841	99.624
378.392	255.783	71.266	96.700
388.233	244.456	67.761	82.584
401.132	219.055	70.939	76.470
407.793	206.280	72.336	75.316
401.291	197.815	64.511	87.571
431.842	231.479	113.277	108.044
470.878	459.733	113.199	51.654
384.341	82.008	133.844	220.237
232.118	342.256	41.561	141.484
459.573	260.840	99.397	115.402
466.438	449.277	103.381	97.972
431.755	133.903	94.584	145.657
429.574	143.131	94.406	143.653
429.648	141.998	92.834	135.655
424.685	128.092	140.024	207.498
409.194	156.458	172.318	324.512
404.772	61.766	280.707	436.324
364.775	220.384	241.671	151.329
340.469	55.069	246.068	350.596
377.466	279.792	85.395	106.835
376.241	275.633	76.030	112.503
372.453	259.440	75.253	126.058
371.542	236.682	79.620	137.021
365.480	190.167	95.876	121.185
361.014	155.891	85.955	124.821
364.412	128.807	91.843	129.691
361.880	110.446	96.166	97.592
368.812	77.667	87.468	111.144
369.319	54.747	84.613	112.835
372.524	37.138	74.575	119.748
375.588	28.123	69.868	108.409
375.405	27.975	68.170	98.379
377.525	26.362	64.917	104.554
381.551	20.241	70.508	126.878
382.349	18.536	75.677	126.332
381.868	23.893	81.163	121.434
381.628	44.704	83.495	103.205
385.610	49.078	86.453	101.775
390.419	59.240	81.257	107.802
388.005	72.709	85.128	123.991
380.523	99.954	88.340	132.339
385.807	126.446	77.543	126.576
395.070	126.397	70.192	132.894
457.898	203.319	104.270	73.804
415.233	200.810	73.928	116.611
421.738	216.145	76.129	108.492
429.173	230.922	70.105	97.195
437.961	243.665	64.612	88.907
445.004	253.536	63.525	88.760
447.783	260.918	66.290	79.610
446.171	258.295	66.671	82.927
441.241	259.500	69.972	82.194
434.237	259.930	74.110	81.217
420.945	255.089	66.761	82.080
410.364	253.365	66.693	79.996
403.301	251.749	65.939	79.117
396.496	244.429	66.519	83.893
389.469	240.777	69.423	77.352
386.378	224.162	63.558	82.024
385.209	220.984	58.458	82.033
385.056	209.238	57.345	87.971
384.097	206.785	58.224	86.478
386.378	188.823	58.286	99.960
386.600	182.515	60.454	106.586
384.180	172.645	62.781	112.880
385.260	171.355	68.653	114.955
384.217	176.058	65.933	115.225
381.939	186.332	68.830	119.310
385.239	207.628	69.547	117.086
389.502	244.350	60.323	95.623
389.190	252.078	59.494	95.124
389.351	255.285	59.600	91.309
382.865	261.995	65.313	86.487
357.726	240.131	90.120	103.217
338.538	205.991	105.431	130.377
322.455	168.134	115.447	122.650
315.671	137.035	116.359	122.855
308.800	116.526	113.278	109.881
306.349	80.997	104.036	117.713
294.919	63.999	114.685	107.696
293.279	55.127	106.921	111.332
288.905	52.304	108.506	103.139
287.062	33.432	101.878	109.777
271.653	21.933	99.519	103.144
262.429	14.734	92.010	100.217
252.840	11.012	97.535	102.162
245.989	9.870	103.850	101.277
247.613	16.164	103.529	102.687
228.926	17.558	106.983	112.288
219.529	20.381	112.477	113.553
216.038	29.534	113.356	120.789
209.872	49.803	107.112	118.339
203.914	69.128	106.812	116.939
201.209	89.418	122.030	113.268
194.958	116.309	155.961	90.613
206.800	150.948	163.948	79.611
214.176	160.428	156.515	105.609
228.160	176.489	153.745	126.577
262.916	186.311	174.309	140.902
307.655	221.504	150.713	130.440
333.105	251.539	160.991	120.303
367.148	255.361	149.752	115.301
398.988	260.159	128.920	97.956
416.963	259.173	107.878	92.129
415.409	255.932	102.921	93.406
407.609	257.250	97.552	103.017
400.957	256.097	96.700	109.218
392.377	255.268	71.710	111.838
369.203	252.701	75.875	117.663
351.235	251.346	83.649	119.381
334.304	247.666	96.321	116.789
317.817	245.190	106.688	121.743
309.254	242.220	111.010	121.226
304.362	240.960	106.035	113.847
305.582	240.478	103.100	111.054
307.035	240.127	100.082	113.302
309.653	241.386	96.692	112.545
319.444	242.779	90.472	114.506
339.786	248.438	77.304	111.593
351.377	255.381	73.042	115.285
362.618	257.581	70.133	114.568
369.688	261.927	77.720	107.541
377.590	264.393	77.568	100.102
388.548	269.063	74.561	98.579
389.655	266.596	70.688	102.640
392.632	260.263	73.143	101.681
394.335	253.407	70.859	103.908
396.599	241.857	68.923	107.749
394.953	211.583	67.612	114.333
401.391	201.204	64.143	105.183
401.969	168.777	69.968	105.718
395.560	160.387	73.753	112.105
447.951	339.349	77.219	63.394
393.027	194.179	105.723	168.873
307.219	280.982	21.677	76.708
408.921	73.744	68.625	128.795
366.202	132.327	136.125	216.459
367.564	24.753	160.677	349.146
367.524	146.439	162.013	184.746
364.897	24.496	161.103	330.256
352.064	40.449	171.620	259.314
395.372	178.107	80.229	107.976
246.973	61.794	33.967	106.650
372.307	107.797	148.028	165.282
407.119	131.044	103.368	133.174
415.497	140.489	89.612	119.406
405.334	186.376	101.749	92.254
414.795	196.318	92.284	81.904
411.969	212.472	84.088	88.134
431.056	218.211	59.815	97.000
430.737	240.338	58.725	89.195
431.433	253.950	55.899	81.805
430.206	257.890	54.434	71.534
429.373	259.115	56.691	66.993
425.743	265.102	56.912	64.824
421.220	269.692	56.588	70.138
414.182	255.953	56.766	76.072
417.876	244.505	52.235	85.267
418.328	201.468	52.039	106.715
412.907	173.568	64.555	115.326
393.911	153.972	81.874	108.177
398.919	142.887	70.847	100.037
401.471	121.011	73.146	106.544
397.918	84.505	69.893	107.352
400.135	66.103	59.831	113.451
402.788	50.545	55.732	114.969
402.959	48.641	51.265	108.473
402.425	36.632	49.800	110.570
402.680	30.347	47.966	110.670
399.773	39.279	50.850	91.530
400.170	40.456	50.383	87.903
367.299	182.262	76.662	40.757
399.729	49.897	49.996	94.436
399.631	67.716	47.598	100.556
399.342	76.768	45.660	102.711
365.302	113.642	110.413	147.944
369.972	91.392	137.238	256.596
346.774	103.077	145.973	134.096
347.339	262.671	175.391	219.856
383.242	175.586	129.186	230.640
373.375	150.562	177.263	290.967
373.675	124.879	205.195	343.209
371.916	115.007	239.920	361.075
373.025	111.417	255.574	371.892
372.165	96.259	245.502	390.396
398.303	84.650	370.985	429.560
366.621	142.464	235.403	279.660
346.532	215.904	336.141	360.096
320.536	90.438	408.981	485.562
386.964	156.904	202.275	334.775
414.972	255.731	210.274	225.292
469.844	176.348	101.375	105.475
472.779	171.428	101.536	108.151
313.315	319.296	45.890	119.509
463.293	133.849	88.235	138.230
471.700	132.325	85.390	140.072
473.241	129.666	84.941	131.416
481.114	124.922	97.353	106.366
449.466	101.430	162.513	152.582
494.196	119.410	67.603	95.868
491.345	144.099	78.414	79.485
500.359	148.212	77.925	74.138
507.205	149.781	72.290	77.231
501.295	157.317	79.031	74.191
472.353	163.274	94.553	82.971
341.911	288.725	34.021	87.037
319.721	254.930	38.311	131.484
432.821	327.366	71.450	91.639
509.264	218.809	69.427	107.180
454.322	218.279	124.735	179.291
420.975	116.289	139.300	285.854
397.463	123.467	229.319	400.350
426.055	150.386	171.202	295.816
338.194	114.595	263.903	341.338
200.764	108.544	510.809	407.113
397.010	116.306	212.958	364.831
398.919	90.642	253.206	410.411
276.001	46.102	403.340	461.277
382.358	115.684	258.356	413.765
366.787	93.437	200.300	222.429
342.094	72.815	202.419	222.881
400.577	66.477	55.818	108.695
402.056	63.437	49.767	107.262
400.652	63.992	49.778	99.465
392.742	68.386	52.336	90.784
387.191	68.406	55.008	94.574
383.409	74.429	55.317	91.463
380.463	87.307	55.137	81.151
378.496	89.631	51.404	82.934
374.997	99.687	48.218	84.513
375.386	128.899	47.390	90.228
368.697	146.236	56.322	95.734
367.040	165.772	66.068	98.746
366.768	172.662	60.845	103.419
368.966	209.232	62.540	90.001
369.355	219.358	57.575	90.323
373.338	236.364	56.084	86.260
377.585	248.818	60.774	98.151
383.880	257.472	61.379	94.767
391.221	271.818	62.722	84.314
399.802	278.081	59.720	81.531
405.204	283.379	55.267	81.761
406.953	288.934	56.067	76.422
406.727	286.903	61.110	75.958
407.123	282.557	57.187	81.817
406.843	278.524	51.736	85.747
406.671	273.530	58.768	83.450
406.032	258.545	54.264	93.716
449.021	388.877	64.971	65.233
450.853	394.827	66.028	68.335
449.081	395.945	71.447	63.150
448.989	393.209	70.141	69.013
456.115	389.603	66.823	75.663
451.994	393.561	66.143	67.420
454.620	351.183	55.637	95.101
419.298	230.182	73.439	167.211
385.423	141.354	94.426	206.403
371.528	43.015	79.039	147.073
369.716	41.561	73.645	140.388
352.100	20.836	89.005	189.010
357.679	129.095	163.173	218.348
360.727	122.674	192.391	307.165
351.390	136.675	171.944	244.246
351.630	116.006	203.986	329.478
355.332	118.343	196.298	326.377
363.151	120.002	230.578	339.870
355.376	113.046	246.337	365.709
348.545	117.523	261.750	373.856
350.244	100.613	268.271	390.064
339.135	111.525	185.029	239.141
357.543	72.574	193.939	364.890
322.043	40.273	182.846	294.423
360.334	145.905	135.663	226.939
333.749	92.494	175.353	259.168
375.080	194.300	97.128	100.801
372.362	200.929	90.808	84.400
368.523	217.157	69.392	66.955
368.578	225.383	63.883	58.090
366.483	228.631	74.332	56.396
272.257	216.073	18.805	92.561
387.182	262.125	81.727	146.081
384.536	240.833	79.240	92.472
396.016	249.391	65.593	93.040
392.999	273.598	63.710	68.465
395.120	276.602	55.756	61.014
408.776	267.096	45.158	69.361
398.089	219.089	67.359	103.969
365.551	232.753	92.536	93.244
424.605	394.448	91.113	63.481
427.181	333.184	61.360	102.208
434.323	192.452	81.602	105.676
427.939	168.014	91.416	121.673
398.715	216.233	81.403	74.629
457.655	165.355	69.994	90.202
468.626	148.227	71.796	95.285
462.198	136.067	85.976	98.055
461.019	124.905	89.750	102.388
431.208	161.441	102.150	112.790
470.501	139.051	82.960	87.504
340.996	131.615	26.318	104.798
476.642	140.764	98.187	119.567
458.264	160.779	102.780	90.649
479.508	169.765	82.147	94.531
476.209	189.227	78.436	87.195
464.988	192.542	107.431	126.203
465.028	173.744	83.936	114.020
458.635	230.948	122.497	173.575
435.957	167.316	137.265	264.922
417.088	125.841	185.927	317.789
469.605	156.414	115.701	199.706
424.893	134.979	148.008	298.834
382.090	106.133	329.618	347.541
282.743	206.524	293.647	199.277
258.015	135.372	311.424	280.503
433.961	99.071	147.221	257.085
440.126	197.798	123.383	204.031
472.671	161.344	73.300	104.078
453.704	149.806	89.827	95.985
462.176	133.645	79.950	135.291
455.943	101.384	76.687	136.596
470.136	92.049	58.935	113.228
470.329	83.725	53.685	106.332
432.225	146.146	121.714	130.960
399.179	53.797	179.179	205.541
463.857	79.613	61.080	116.941
465.352	83.923	55.373	98.007
467.371	85.366	51.610	102.723
466.909	93.935	55.090	108.538
422.099	175.619	123.494	160.913
378.360	128.264	184.217	228.473
411.577	111.222	175.844	329.405
421.432	170.097	148.391	181.177
424.683	132.170	167.939	292.896
378.291	279.352	401.903	296.648
361.932	175.857	233.049	268.532
380.135	130.069	276.833	369.715
439.229	147.413	193.489	332.045
486.321	255.806	94.525	87.194
348.207	238.102	40.473	101.047
351.373	242.961	33.357	95.079
352.284	246.260	40.131	98.021
483.517	275.366	95.785	80.213
490.184	275.485	96.609	76.439
486.999	272.109	95.318	84.005
495.602	273.613	88.644	82.080
495.063	262.597	91.419	85.917
490.752	256.066	88.623	91.292
496.392	236.774	77.541	97.790
489.537	218.783	73.417	98.204
482.738	183.679	73.236	102.481
482.386	182.686	76.652	96.946
484.664	155.928	69.507	124.113
486.397	162.124	118.489	143.549
465.631	115.223	144.967	305.010
480.763	98.636	129.920	199.051
431.203	161.609	209.143	322.584
473.363	63.044	139.541	261.051
443.262	47.920	159.798	336.219
480.781	142.605	133.714	177.133
430.323	36.286	177.130	291.231
453.298	28.681	78.388	101.803
453.628	32.233	71.062	95.731
451.773	35.535	68.946	96.178
452.120	52.345	65.930	92.293
455.494	65.228	62.139	98.315
459.358	87.328	71.534	92.434
463.135	100.994	70.246	91.450
437.247	124.215	129.863	144.895
464.244	156.770	100.382	117.233
468.609	152.708	99.198	117.688
461.408	173.556	98.650	118.457
429.015	152.776	138.489	232.405
462.783	243.223	57.284	103.003
467.832	252.959	51.183	100.132
467.609	260.273	53.009	93.281
475.704	268.428	51.523	81.915
477.242	271.300	56.275	80.219
478.894	272.388	62.658	77.167
482.634	269.669	60.686	79.670
484.683	264.984	61.637	87.228
485.325	250.565	59.654	97.822
485.138	241.048	64.445	98.886
488.167	218.357	66.607	115.897
493.964	185.705	74.552	119.851
500.373	167.712	72.201	110.276
499.757	131.591	78.348	109.862
519.438	89.121	63.738	111.172
523.617	74.929	62.084	116.628
487.430	40.726	112.948	170.944
470.048	136.957	112.403	121.954
437.416	50.206	164.661	233.049
492.234	131.991	130.529	249.559
514.108	140.010	97.416	106.556
528.747	146.002	91.953	96.380
386.062	310.195	45.444	76.644
524.346	141.215	95.209	110.574
594.447	369.449	85.885	33.124
502.617	18.991	126.917	286.350
391.420	309.513	55.380	81.133
516.834	116.922	98.625	132.309
544.942	2.014	79.009	64.077
496.870	150.183	96.802	27.702
555.027	4.121	73.064	88.035
558.821	12.723	72.758	98.739
560.887	25.132	76.053	101.496
539.964	20.635	105.743	193.635
569.569	88.204	93.190	147.711
579.522	121.692	94.878	128.125
584.227	140.135	99.963	123.972
590.415	159.817	99.168	120.852
594.578	177.522	98.622	121.217
582.483	191.647	106.313	115.860
571.313	199.187	113.574	119.879
555.541	203.586	122.907	123.656
544.458	214.363	121.961	118.049
528.014	224.630	115.684	107.468
525.560	225.110	111.436	102.892
516.744	228.434	104.965	98.278
488.468	227.983	98.957	97.003
482.934	236.134	97.642	90.760
474.856	231.754	88.591	100.393
464.610	233.297	98.738	105.225
462.485	236.818	99.521	105.636
451.996	244.714	105.048	102.406
437.002	238.755	116.225	108.598
421.114	239.325	121.052	108.207
417.928	237.423	118.780	108.311
412.754	240.186	116.941	105.021
410.116	241.452	115.750	103.369
406.314	243.193	114.941	102.603
405.896	244.249	105.956	100.169
407.990	244.385	91.009	100.258
409.936	244.635	81.169	100.037
411.328	238.028	74.418	105.977
409.712	236.485	71.800	110.257
400.502	235.640	66.359	109.354
396.833	236.056	60.774	112.662
397.569	234.213	58.636	113.259
398.481	238.748	57.044	109.636
399.876	237.257	58.816	106.925
388.447	224.062	64.202	110.033
382.976	205.898	74.174	103.425
382.922	187.345	77.312	105.052
368.923	151.660	84.679	108.329
335.909	145.959	115.859	179.840
338.903	102.660	115.444	142.048
331.762	79.779	104.939	121.112
324.373	60.333	103.199	107.327
320.017	43.547	98.433	93.595
319.907	37.877	96.142	89.826
300.694	16.447	125.823	122.395
312.205	14.154	97.039	82.215
482.483	162.222	57.692	77.736
486.919	161.454	53.085	78.673
304.077	4.914	90.520	90.048
309.677	9.430	81.649	87.904
310.882	16.220	79.606	86.575
308.061	22.565	82.744	88.877
304.582	30.015	90.295	97.506
304.530	48.690	101.579	110.444
305.283	67.912	103.523	96.638
304.530	99.013	112.696	168.388
306.769	107.417	120.287	129.489
304.057	110.923	122.979	114.393
303.717	118.218	115.698	108.653
301.603	143.155	113.951	98.611
300.554	149.054	96.026	103.982
304.520	169.501	95.980	108.481
308.936	182.711	95.482	104.681
319.731	194.337	91.860	104.498
326.796	208.357	99.013	103.750
329.712	211.888	104.235	98.960
332.309	219.218	112.004	95.760
334.261	220.989	110.458	99.681
333.958	222.528	111.243	99.620
328.466	218.158	106.984	99.644
322.030	209.248	98.949	94.826
252.125	179.285	195.071	157.541
300.916	146.448	116.372	151.875
191.322	123.949	226.373	206.693
291.875	91.748	104.464	124.381
295.996	66.771	104.835	114.475
292.402	54.658	114.897	105.709
294.488	21.010	121.562	105.665
295.462	14.367	122.525	93.959
298.411	2.447	112.721	79.703
307.476	2.179	101.225	72.375
292.779	1.178	128.638	105.199
295.693	0.000	113.270	78.799
299.064	1.513	139.930	119.799
314.128	109.044	203.606	245.835
306.903	1.494	119.134	85.137
240.132	38.552	204.659	106.469
490.335	159.240	56.520	52.067
526.938	162.046	31.113	63.991
524.275	180.764	50.393	63.686
321.848	14.466	121.884	100.195
322.020	31.122	129.980	96.606
328.021	114.773	169.639	220.754
315.694	64.395	149.837	124.395
325.357	77.213	132.077	115.438
319.067	84.239	139.306	114.075
335.890	92.852	125.337	109.342
334.459	107.314	121.954	116.751
335.386	122.388	124.001	108.408
346.115	143.254	118.548	113.732
349.001	160.838	115.398	115.965
355.945	170.523	113.274	118.683
364.413	179.395	113.809	122.666
371.333	187.200	110.806	120.976
385.234	197.755	109.151	115.378
405.716	197.189	92.250	116.879
412.682	206.510	93.298	107.494
416.011	204.879	87.548	110.246
416.474	203.808	86.875	114.014
415.577	199.183	86.827	115.228
410.619	191.730	80.464	112.139
406.959	178.601	80.543	119.301
410.365	155.172	91.589	125.434
404.288	134.939	90.724	137.921
393.234	79.816	75.725	123.049
392.356	51.502	70.480	135.620
396.265	29.906	75.811	125.082
392.290	27.624	76.330	116.692
392.344	20.685	73.588	116.116
389.660	17.757	77.979	118.004
378.516	19.436	90.863	110.697
373.922	21.959	93.185	112.178
366.918	37.822	93.697	102.296
416.292	100.906	93.734	106.932
395.335	125.927	128.203	117.461
346.624	34.589	169.397	218.239
356.373	0.000	201.181	424.546
338.203	43.069	319.657	429.448
254.296	20.741	489.081	555.259
293.556	0.000	653.588	576.000
336.759	44.702	299.567	459.178
314.830	0.000	329.552	576.000
351.387	74.940	220.180	327.309
352.228	131.924	229.644	316.065
261.043	41.319	343.785	390.283
285.097	193.548	302.472	292.497
355.075	122.356	216.731	215.671
370.739	116.440	88.594	112.209
374.813	120.161	68.698	106.603
376.664	116.595	62.973	103.078
379.760	121.732	69.018	94.128
395.154	183.336	102.594	32.510
396.927	12.852	81.532	104.041
396.847	0.000	111.235	154.813
393.754	81.559	156.479	227.984
412.466	157.835	130.633	132.364
408.604	162.953	123.713	90.338
255.969	221.406	24.938	117.991
264.044	220.705	23.894	112.340
399.257	146.653	113.073	101.730
428.495	208.382	118.311	234.966
384.042	152.076	148.016	220.214
351.633	101.896	171.522	211.253
394.132	177.997	93.209	85.460
262.059	226.256	22.090	112.916
395.983	105.838	65.890	98.017
259.145	223.458	20.915	107.457
265.098	195.057	21.634	121.514
395.493	157.519	85.766	111.443
579.179	354.179	56.849	55.250
396.709	181.428	102.444	94.310
400.313	168.746	107.209	92.742
395.470	169.840	112.310	92.993
390.142	153.429	118.823	109.176
391.180	184.360	102.029	79.584
260.209	217.224	21.615	106.706
391.434	211.562	62.437	88.053
393.495	209.777	58.618	80.516
396.159	117.641	122.718	137.949
392.127	92.336	140.228	184.908
391.017	155.868	117.348	99.675
391.247	140.505	116.986	112.271
394.486	153.499	122.662	103.341
389.058	70.833	168.180	224.021
375.718	0.000	168.401	165.941
383.267	0.000	150.075	230.012
390.716	112.042	90.830	134.222
400.552	67.588	106.782	159.685
434.713	4.225	89.523	139.600
452.549	0.000	99.178	191.917
311.034	124.640	210.120	201.397
373.084	75.034	145.127	240.520
374.205	120.911	95.991	127.613
376.129	139.635	111.375	118.599
378.784	153.213	121.886	116.211
351.962	159.123	179.481	193.453
377.771	189.170	142.623	111.527
353.879	141.286	182.558	201.077
406.482	106.168	130.891	196.560
396.289	194.912	89.430	86.868
417.669	171.036	118.558	160.163
554.238	372.380	76.308	43.969
427.806	176.970	105.013	107.461
442.967	198.304	93.698	118.704
445.638	174.741	122.944	157.470
408.362	205.176	175.006	232.997
424.611	174.197	158.589	138.172
280.305	247.628	266.122	188.806
371.292	110.797	267.665	404.683
363.775	40.698	267.946	445.030
420.596	152.123	227.580	272.732
444.496	159.813	166.489	102.293
448.302	156.754	143.872	87.174
443.432	158.882	138.853	83.147
291.151	355.883	28.303	68.322
455.726	164.324	120.168	87.853
451.176	165.044	116.143	89.816
448.022	166.497	113.903	89.843
445.784	168.737	117.274	90.536
442.907	169.011	116.543	87.235
435.569	170.224	150.417	132.320
439.511	171.153	114.983	88.577
443.282	172.018	108.502	88.603
446.018	171.523	101.092	89.005
446.032	172.039	96.275	90.621
446.512	174.658	92.837	89.086
448.205	176.373	91.061	88.726
435.186	177.576	101.283	89.674
436.938	180.681	101.680	90.034
435.159	183.638	108.683	88.549
435.577	184.848	117.424	89.407
441.502	188.192	109.173	90.912
443.374	193.742	106.889	85.809
439.633	196.598	109.746	84.673
433.224	198.891	109.360	84.897
430.507	201.582	105.829	84.533
431.851	204.265	95.575	83.185
431.360	209.644	86.922	77.686
436.302	217.600	85.202	71.549
425.788	220.782	91.871	69.561
421.006	219.590	83.261	71.031
421.508	223.439	83.175	71.556
417.981	226.259	83.366	72.614
414.475	226.320	84.387	76.645
416.574	226.324	80.421	79.679
413.340	225.536	76.502	80.919
415.758	229.330	67.853	79.895
416.736	226.363	64.954	84.350
421.130	231.978	61.487	83.710
421.611	226.653	59.129	91.717
419.321	235.927	63.943	85.952
418.665	235.017	67.178	85.927
431.015	239.007	62.763	89.327
426.500	241.655	67.052	85.896
445.105	243.991	57.794	82.335
460.491	245.838	56.040	83.340
469.387	247.480	55.146	82.573
478.268	242.988	52.534	84.791
481.910	243.806	55.597	85.452
490.440	241.070	65.183	87.547
497.036	228.564	68.156	95.486
503.555	220.672	73.031	89.017
438.382	203.746	143.606	127.559
499.264	196.646	109.805	106.854
500.282	193.492	101.471	99.493
487.470	192.611	103.431	92.915
474.732	195.132	102.429	87.221
451.302	203.134	104.656	76.828
438.146	205.095	105.166	76.518
443.027	212.745	99.911	75.011
339.799	239.020	171.004	120.239
364.076	243.245	141.303	74.577
347.780	258.116	108.830	76.363
342.775	264.947	80.272	92.925
340.528	271.021	70.508	92.886
331.361	275.153	66.900	92.164
320.121	274.921	70.765	84.788
317.167	277.723	76.256	75.578
315.829	276.421	78.646	71.956
317.410	276.690	82.657	65.072
323.024	266.583	85.969	66.928
331.305	259.460	80.049	67.266
332.470	256.940	79.061	67.349
328.838	266.068	76.710	60.676
327.351	258.617	75.988	66.352
320.644	263.174	79.819	70.988
317.500	274.581	79.788	66.745
320.125	276.751	75.350	69.064
323.192	274.717	68.771	78.512
324.190	274.831	66.015	78.437
322.042	271.951	75.383	81.729
309.456	246.366	148.488	125.783
359.384	231.460	141.344	85.031
388.411	227.043	119.949	81.056
417.036	223.554	106.813	61.813
418.184	211.085	137.205	89.057
450.900	208.603	110.606	72.525
464.408	211.892	109.778	73.294
469.998	217.116	123.345	81.330
480.915	215.927	121.194	87.655
486.212	221.775	118.875	88.975
489.808	227.727	119.342	86.554
488.204	221.984	112.915	88.109
484.361	227.256	96.711	91.032
488.349	228.150	81.822	93.807
494.568	232.456	71.478	97.992
496.865	235.820	71.275	95.856
500.094	242.527	73.932	90.263
500.501	241.126	80.654	90.485
503.431	242.021	84.645	89.913
509.846	241.936	91.127	90.148
523.274	233.444	99.262	86.326
523.873	232.801	109.342	88.431
517.785	235.506	114.641	76.304
500.626	225.236	125.281	81.300
476.685	190.847	127.133	108.912
464.615	190.546	115.387	102.569
436.656	216.959	121.223	82.826
399.574	242.100	100.184	68.206
384.753	242.745	102.359	71.518
364.813	244.319	98.876	74.858
350.448	244.487	108.799	75.434
342.025	245.354	103.077	79.073
336.819	247.619	96.740	77.651
334.894	250.654	91.257	75.416
336.882	252.454	92.533	75.260
354.537	255.226	94.060	78.211
366.602	260.202	92.176	77.863
373.299	264.030	90.681	77.609
383.918	267.074	89.132	75.487
395.346	269.745	84.407	73.717
414.051	272.934	69.638	70.982
422.724	271.753	67.173	73.970
428.629	271.900	64.471	75.854
434.784	270.304	65.697	78.308
437.909	268.572	65.743	83.588
437.670	273.819	66.511	73.059
433.761	271.010	71.486	71.728
428.089	271.068	75.199	74.081
425.008	269.664	79.525	72.532
421.683	274.331	79.426	69.604
408.257	279.701	70.551	69.847
396.625	279.536	77.517	74.115
387.410	280.546	82.086	75.706
378.897	281.436	83.906	76.352
372.556	281.810	88.299	76.334
364.634	279.975	96.300	76.242
356.879	277.801	104.640	78.468
367.078	273.318	94.550	77.449
379.292	273.163	85.652	70.068
382.643	271.980	92.308	64.551
394.301	270.710	108.426	49.772
413.167	269.187	110.066	48.481
424.819	269.289	105.171	49.012
447.408	266.732	96.397	53.482
462.094	262.914	92.274	59.203
477.079	259.803	90.720	65.866
484.782	260.314	96.494	68.559
491.201	260.944	98.735	69.236
493.849	261.184	104.515	70.181
494.853	261.299	105.447	71.573
497.473	259.499	107.333	74.370
500.109	259.329	104.476	74.819
501.609	260.225	103.382	74.016
501.946	260.342	102.227	75.074
498.974	261.750	101.064	73.375
495.045	260.099	99.833	79.060
490.251	261.195	96.730	78.922
488.570	259.232	95.336	82.967
487.410	259.072	89.398	83.478
485.728	257.379	87.802	81.590
485.969	258.545	87.718	81.080
482.509	258.682	88.995	80.972
481.162	256.387	88.683	83.278
483.471	256.203	85.863	84.043
481.785	258.773	84.913	83.632
476.486	256.498	88.552	86.784
478.174	256.547	85.203	86.279
476.709	257.815	85.978	85.669
478.037	262.056	85.580	85.717
480.766	263.696	82.699	89.781
488.197	265.545	74.258	93.232
500.776	270.796	65.104	91.317
506.566	270.797	65.333	95.382
514.104	269.337	66.484	90.201
524.292	273.152	64.196	91.746
531.159	276.874	75.316	95.112
540.302	277.016	84.247	94.455
545.580	275.930	84.282	92.953
550.102	273.066	86.152	93.302
547.073	269.937	87.813	93.454
549.729	267.954	85.909	92.389
544.885	268.561	89.444	89.283
539.577	269.625	92.075	87.452
524.936	269.835	90.635	87.196
510.327	269.836	88.730	88.145
490.893	268.700	89.473	88.369
487.370	266.836	70.595	94.860
473.253	263.052	76.755	94.263
453.209	262.497	76.814	93.628
443.466	262.916	70.688	97.469
407.564	262.891	94.044	93.701
381.684	265.001	107.881	87.123
368.687	264.309	114.826	83.699
359.237	263.700	121.074	73.300
355.031	262.276	118.273	67.218
349.988	260.337	107.285	59.919
340.154	258.532	106.556	59.298
340.353	251.563	100.364	73.125
336.296	245.939	103.540	87.187
334.590	245.630	113.755	93.484
355.676	250.089	107.326	92.902
361.542	252.425	104.190	92.478
383.142	251.560	91.114	96.142
414.330	249.215	67.895	94.316
428.746	252.389	62.581	91.744
433.635	256.163	69.664	89.956
428.256	256.440	82.600	88.946
426.293	257.248	96.967	91.460
423.295	259.315	112.515	92.247
426.095	259.570	114.570	95.107
434.380	260.064	104.895	101.510
445.493	260.028	100.100	103.089
469.412	262.888	97.672	98.595
484.041	243.523	108.327	192.547
516.240	272.518	97.342	105.520
536.006	267.005	121.593	90.769
543.212	264.135	127.932	95.989
555.685	265.620	128.221	95.675
553.055	268.863	137.582	90.814
557.257	271.480	132.998	81.260
552.136	270.600	131.670	79.247
553.278	268.487	120.931	82.035
552.504	268.695	110.052	82.608
542.220	272.663	117.948	80.867
535.103	273.098	118.405	79.175
529.345	276.814	109.196	77.797
521.843	275.077	109.948	82.493
513.800	274.909	105.783	84.505
504.532	276.001	104.662	89.168
499.801	275.543	96.701	91.787
490.193	272.826	92.333	99.211
477.669	270.980	96.890	107.472
467.658	270.526	100.415	109.527
459.427	271.736	102.867	107.063
451.238	272.338	104.792	101.384
419.602	267.186	106.201	105.040
397.863	265.948	120.234	96.055
390.476	264.582	119.225	91.091
384.215	262.411	107.391	96.050
376.026	257.793	91.257	98.854
366.619	252.395	83.341	101.895
352.197	249.622	92.684	103.121
343.282	249.551	96.725	104.111
335.823	250.819	99.230	104.118
329.605	255.598	106.538	104.063
321.572	255.474	117.864	106.236
317.892	256.058	124.949	109.134
316.586	255.286	133.053	112.573
316.970	260.799	138.163	109.937
322.640	262.199	138.127	109.591
330.390	264.226	135.124	107.491
338.316	265.555	131.717	107.323
343.204	266.862	130.858	105.970
348.211	267.098	129.835	106.530
353.023	267.229	127.793	108.866
360.581	266.270	123.142	110.394
366.831	265.586	118.675	111.092
373.516	265.960	116.670	110.711
381.238	265.174	111.715	110.868
392.272	264.623	103.272	112.021
413.631	260.967	82.656	117.028
427.847	260.276	70.929	114.649
435.422	258.264	66.825	118.962
439.468	257.038	67.370	118.785
444.908	253.067	68.848	121.966
456.766	257.027	68.648	114.290
470.446	248.961	68.783	118.108
473.080	248.039	77.613	114.083
477.233	245.261	82.360	113.746
476.503	243.431	91.224	106.133
485.229	236.090	94.124	111.475
489.954	222.795	101.878	118.916
491.099	218.253	109.012	117.697
488.808	216.285	121.175	109.920
492.699	210.733	119.897	115.704
497.867	210.572	122.439	116.863
500.292	203.322	121.459	117.926
500.263	206.225	113.689	114.478
502.142	202.874	108.848	116.517
501.515	204.005	106.309	116.026
501.810	208.589	111.017	114.053
475.462	215.608	108.866	114.330
473.487	222.142	114.763	108.868
455.919	226.616	124.695	107.567
443.283	236.718	110.644	106.503
392.940	251.030	110.481	101.695
352.547	255.546	115.380	104.609
317.546	258.724	124.607	111.972
297.048	269.542	121.621	105.006
269.305	268.900	128.555	106.969
253.939	272.813	127.397	103.961
226.491	270.517	142.884	110.701
202.876	263.343	131.633	106.447
197.897	253.221	126.786	113.535
194.870	253.699	127.370	109.222
193.792	245.119	127.742	117.199
195.091	238.538	134.300	120.870
197.376	241.257	136.356	118.495
205.968	250.681	137.529	109.274
218.563	259.346	137.319	103.664
239.841	268.790	137.379	103.451
256.209	276.314	140.513	103.105
276.360	279.886	146.596	106.862
297.759	279.649	144.473	108.933
315.240	279.684	141.092	106.616
344.969	271.391	116.991	106.435
387.440	259.050	112.030	112.025
406.002	255.048	119.004	105.467
410.131	249.018	112.592	109.462
421.437	245.017	108.989	106.140
423.002	245.580	113.973	103.518
423.462	247.319	125.018	100.283
428.865	245.842	124.220	101.069
429.788	244.095	127.842	104.582
428.783	243.652	128.126	105.290
429.874	244.171	126.305	104.948
429.721	243.674	120.180	104.764
426.881	246.421	123.503	104.443
424.985	246.561	125.209	104.086
429.955	247.668	123.931	104.442
431.760	245.296	125.061	108.028
459.529	241.927	108.975	116.181
471.159	243.005	107.597	116.747
480.541	239.732	110.347	118.641
480.024	238.515	114.094	118.939
485.514	238.037	113.410	121.332
484.758	232.110	120.948	123.457
487.528	233.671	120.338	115.531
484.972	234.029	121.619	113.418
481.651	232.664	119.958	114.134
477.794	234.430	127.105	112.190
476.956	235.204	127.834	109.029
471.530	236.004	112.040	112.376
468.444	234.343	111.503	120.822
464.134	233.345	98.141	125.907
450.892	234.815	75.854	126.280
443.382	240.503	70.505	125.591
435.363	238.980	72.199	126.889
421.121	238.268	81.002	123.281
407.964	240.665	87.775	118.603
396.382	240.732	96.571	114.264
386.777	236.382	105.275	114.416
375.369	236.197	113.223	113.506
368.695	237.130	119.002	110.815
365.507	237.571	119.081	109.919
364.392	238.392	114.933	111.004
363.353	243.526	110.853	114.127
362.381	246.987	109.017	117.864
363.411	245.619	104.899	128.501
364.727	246.811	104.324	131.803
367.694	250.287	98.954	129.066
371.835	252.113	92.723	128.664
375.342	250.108	92.469	131.252
374.696	248.599	98.954	132.021
375.345	242.913	103.166	130.715
375.339	242.473	111.147	125.958
378.572	231.149	110.643	132.444
382.779	224.826	111.088	134.107
386.643	225.312	113.477	131.008
402.703	222.397	100.286	132.596
409.231	220.681	95.099	131.571
416.854	222.093	87.665	134.073
428.325	223.227	78.222	130.515
422.938	226.367	82.238	124.108
430.964	230.011	78.357	117.417
438.870	232.826	74.319	113.179
433.156	237.069	81.556	107.606
432.593	240.019	84.987	107.612
436.046	243.609	83.094	110.504
432.635	242.797	83.603	122.916
432.080	247.596	86.746	126.232
430.459	251.272	89.198	131.298
431.223	254.958	90.805	132.037
432.484	258.211	91.561	129.254
431.584	259.661	92.861	127.441
427.831	261.169	96.179	120.444
411.058	262.253	114.412	111.715
395.573	260.789	133.022	116.005
393.010	257.549	136.945	119.295
391.399	252.359	139.542	123.730
389.529	249.203	141.271	126.457
398.924	237.678	136.834	132.568
406.104	227.055	138.430	135.598
418.176	219.280	131.821	140.910
426.407	207.685	127.463	150.486
433.863	209.141	131.091	148.704
457.178	205.275	114.682	131.639
466.215	203.428	103.944	119.813
489.359	194.503	82.860	123.455
497.490	196.441	84.045	118.663
498.836	206.013	92.164	113.396
507.912	199.037	103.869	122.483
502.671	205.200	122.284	123.103
494.048	210.055	135.661	123.842
486.085	215.149	141.572	127.342
472.559	223.417	148.488	127.203
452.762	231.040	147.046	124.012
434.821	237.471	151.814	123.238
418.927	239.782	150.590	123.826
396.866	244.163	157.419	121.464
374.240	251.415	163.649	118.263
350.390	251.044	162.244	123.641
337.276	256.781	164.739	121.127
317.886	259.800	173.896	124.480
310.924	262.512	169.505	131.774
308.641	264.496	152.709	139.718
301.108	267.198	143.552	140.369
298.490	271.821	109.816	137.843
292.255	272.143	90.732	137.353
281.725	272.859	91.133	134.907
271.290	273.358	94.115	131.930
238.715	272.084	134.971	132.779
226.058	273.082	153.085	134.315
223.139	271.630	161.850	135.793
224.253	270.153	159.026	137.325
241.006	270.341	140.124	134.950
267.798	266.767	111.616	136.662
291.053	266.278	89.821	137.623
309.386	266.065	79.878	139.747
310.773	268.294	89.462	138.074
312.869	268.482	97.473	135.056
318.074	267.586	98.169	136.711
332.325	268.207	89.145	140.362
348.890	265.213	82.479	140.296
349.165	269.544	87.109	139.226
342.911	268.834	103.340	145.392
328.935	269.755	126.529	141.469
322.957	267.779	152.694	136.574
326.004	263.881	162.298	142.139
328.320	263.072	165.409	140.747
347.133	264.131	150.308	134.900
364.293	260.457	120.474	141.605
406.589	256.808	81.616	143.686
412.412	255.747	92.743	140.409
406.504	255.959	98.364	143.888
402.612	253.680	122.594	144.695
397.657	250.966	159.205	144.567
400.756	250.062	168.245	144.547
418.292	247.513	149.379	145.792
438.929	249.538	128.750	139.804
460.996	252.881	97.966	136.346
465.257	255.641	93.293	134.916
477.102	256.499	88.851	136.756
485.937	257.732	84.973	133.449
487.128	257.804	88.660	131.810
487.089	256.742	89.936	133.619
486.533	256.110	91.540	134.511
483.350	255.623	94.808	134.723
478.343	255.650	96.719	133.009
466.707	253.074	104.989	136.147
452.238	252.286	115.944	137.481
437.987	249.482	135.141	140.653
432.531	249.057	147.186	139.942
421.652	250.631	160.214	141.964
416.797	253.621	165.981	141.543
412.159	251.720	162.687	146.543
418.290	250.287	141.575	148.842
416.773	249.199	116.134	153.146
414.885	249.117	89.968	153.328
412.929	249.927	83.826	146.817
403.248	254.800	90.119	145.102
390.280	254.974	102.963	141.288
384.382	257.470	113.036	141.301
346.038	258.924	154.215	140.850
335.306	259.568	165.143	145.304
325.180	260.601	175.378	144.184
319.657	260.549	168.590	149.438
316.925	269.077	154.277	142.858
319.444	269.589	140.276	144.612
326.832	266.563	122.696	149.423
330.939	268.205	111.898	146.142
337.101	270.695	101.927	143.405
339.753	270.818	97.136	143.657
342.171	272.257	92.874	146.288
340.099	272.865	91.719	149.984
334.391	274.671	93.210	146.908
330.562	274.583	86.205	147.949
325.992	276.337	84.281	144.314
325.472	275.985	83.223	141.751
324.837	275.778	83.378	142.047
324.805	272.796	83.573	143.579
323.228	270.072	84.136	144.394
323.451	268.929	85.394	143.367
320.996	268.376	90.253	142.351
318.863	267.291	96.922	142.986
308.296	262.015	123.242	148.349
304.363	258.948	146.047	152.004
300.804	258.796	168.170	147.030
299.154	257.244	176.145	150.131
306.890	257.871	174.035	147.940
339.889	255.554	148.821	149.916
366.237	252.047	125.834	148.712
405.655	250.676	87.589	149.362
419.893	246.882	93.979	151.456
420.383	247.511	88.700	155.682
420.530	245.364	113.222	149.251
421.020	245.421	135.499	142.784
422.304	243.469	166.264	142.552
433.355	241.397	170.439	149.130
449.109	244.341	159.011	149.492
468.995	244.855	136.372	150.998
480.376	251.003	125.978	141.306
494.160	248.978	108.780	141.994
495.736	247.689	108.254	141.596
499.927	246.918	105.589	142.463
500.537	246.715	105.952	142.448
501.366	245.679	105.640	143.615
503.913	246.877	102.889	141.361
496.067	247.443	105.871	142.426
483.499	248.350	114.948	141.931
472.086	244.860	127.483	146.003
465.011	246.624	141.016	147.199
457.501	244.860	153.355	148.280
434.269	251.117	177.816	143.503
436.061	254.400	172.849	141.262
434.793	255.149	157.141	140.839
435.460	252.429	129.333	150.230
414.122	253.132	100.456	163.201
400.468	254.749	108.044	151.003
380.747	258.111	126.659	149.618
345.823	257.994	160.457	142.524
327.030	259.146	179.242	137.727
299.956	265.114	165.640	141.865
297.896	264.845	153.588	155.849
296.870	266.592	140.387	153.284
302.302	265.639	128.245	152.665
294.748	270.574	98.354	149.889
276.041	275.652	104.279	143.756
259.973	275.848	120.553	147.009
245.506	276.212	138.179	149.147
236.352	277.354	152.333	148.133
233.211	278.266	157.642	149.020
229.430	279.596	162.510	148.329
228.608	280.107	164.027	147.883
228.642	280.659	163.970	145.898
228.655	280.889	163.677	145.596
228.754	280.533	163.315	144.693
229.838	279.616	161.967	143.929
230.443	278.817	162.478	143.166
236.764	276.971	157.523	144.345
247.923	275.252	148.487	146.068
264.785	271.940	132.639	147.130
284.627	270.799	113.308	146.303
304.860	265.912	101.333	152.772
312.361	264.428	103.661	145.007
317.226	262.903	108.888	142.630
321.414	260.774	131.278	144.484
322.184	258.107	167.078	153.336
329.420	252.827	178.094	154.459
339.077	252.833	179.605	150.567
390.446	245.215	146.749	158.511
410.012	243.753	128.370	153.685
435.857	238.792	110.746	155.185
467.341	230.687	115.509	160.217
459.846	226.463	153.532	163.201
446.395	221.940	189.298	165.364
443.194	219.887	200.451	169.857
445.593	220.623	196.757	168.259
454.443	214.700	179.792	175.715
468.821	214.768	158.454	175.126
479.149	213.318	135.012	179.796
483.486	216.478	127.252	175.113
485.156	217.880	122.239	173.164
484.437	219.728	119.802	168.316
478.169	223.178	121.736	164.320
468.462	227.398	125.530	161.132
460.069	232.251	130.261	157.837
448.295	234.833	143.641	157.233
431.254	236.911	164.858	155.591
415.725	246.073	180.642	147.705
410.126	249.214	163.373	148.024
412.580	244.423	142.190	162.310
378.249	240.454	111.558	163.772
366.552	248.519	124.186	173.683
350.212	248.310	142.952	174.102
312.543	251.943	181.956	165.777
276.329	258.043	218.895	150.328
267.426	263.685	184.604	164.137
268.193	264.703	162.425	161.487
271.520	265.397	147.760	164.906
281.017	264.462	138.202	163.213
282.172	267.609	125.046	162.135
267.485	269.752	129.407	164.311
247.325	272.323	134.626	163.908
237.867	271.755	149.737	166.380
230.574	272.487	155.644	166.511
224.832	274.095	159.585	166.864
223.932	271.377	152.833	172.996
220.873	270.539	151.018	173.610
222.729	271.004	144.160	174.129
225.493	270.165	138.250	171.943
235.669	268.116	127.145	173.621
244.598	264.816	118.410	174.674
260.370	261.997	105.100	175.666
271.383	263.905	102.791	175.128
278.105	266.982	103.027	170.808
284.722	266.143	107.861	169.066
285.352	260.567	141.680	172.612
272.464	258.477	182.962	173.847
270.541	256.637	185.108	174.312
278.195	255.460	198.591	164.822
294.544	253.902	204.655	175.932
360.563	245.881	154.900	178.039
389.352	240.841	123.948	173.932
430.809	240.685	138.074	179.676
428.557	235.928	169.361	183.715
415.580	228.868	216.077	186.908
421.470	226.269	226.156	190.607
430.737	218.815	211.272	194.485
457.237	213.079	172.628	192.338
482.015	212.204	138.986	185.519
504.212	212.743	110.930	183.841
506.665	213.631	105.795	178.281
508.742	210.055	112.952	167.342
512.290	204.782	123.978	166.533
507.306	203.909	134.942	167.626
498.791	207.246	151.315	158.833
485.597	200.482	167.625	164.295
460.823	199.157	192.196	163.026
434.548	186.927	206.715	170.187
410.342	184.433	220.736	173.884
377.790	185.580	206.099	167.486
339.559	189.729	230.314	170.219
285.668	194.549	272.980	171.052
269.554	203.106	269.007	164.968
246.801	214.354	269.961	156.286
239.914	218.609	224.954	158.874
214.691	228.092	209.663	151.053
176.091	222.208	174.589	166.069
167.769	229.194	171.662	156.898
150.127	231.595	182.723	164.462
132.935	236.475	197.010	167.908
117.815	239.774	210.418	172.117
101.000	244.497	239.296	169.512
100.478	247.252	248.823	172.274
110.385	247.370	238.141	170.637
123.675	252.611	223.160	165.701
153.021	257.371	196.251	160.024
186.768	254.862	168.683	174.659
233.181	252.095	129.448	183.365
261.249	252.831	111.043	187.433
270.567	252.072	112.995	195.309
288.051	248.390	109.016	199.069
298.949	251.884	115.913	202.512
300.289	250.376	134.171	205.547
293.350	245.511	158.527	208.371
276.022	237.328	197.319	209.594
271.637	243.889	244.866	198.586
270.136	243.674	249.617	191.250
278.894	244.518	245.543	188.171
303.170	241.636	211.772	191.790
317.583	245.629	179.414	191.185
318.956	237.395	176.548	200.132
357.775	232.209	178.424	213.413
331.272	222.403	216.259	220.740
312.257	222.210	252.385	223.593
306.804	218.442	264.716	226.672
301.191	215.414	264.029	218.673
302.005	209.072	242.263	219.953
300.342	208.000	229.222	211.327
305.164	204.446	216.738	209.821
307.306	201.012	210.442	212.071
313.615	189.913	198.003	225.288
312.013	192.764	198.988	221.493
309.981	198.032	207.194	222.546
308.804	197.388	208.884	234.674
309.600	199.164	206.935	243.465
309.183	203.575	225.543	248.685
314.389	207.301	242.862	239.395
313.289	205.723	259.782	231.395
314.701	204.890	264.146	224.848
319.040	200.560	257.763	224.565
328.656	195.066	241.694	223.483
338.902	197.369	228.778	219.880
376.357	198.612	169.814	219.511
377.849	195.982	148.864	229.595
394.384	204.554	133.843	220.838
406.523	206.632	125.665	242.985
383.924	209.220	164.241	240.267
363.318	211.650	197.788	235.289
353.175	218.698	212.630	224.792
333.460	219.820	251.182	225.563
326.423	218.396	255.397	229.396
309.906	217.216	277.166	230.145
302.648	221.224	281.424	216.590
296.617	225.616	282.920	210.555
290.752	225.047	290.720	212.871
287.088	229.734	288.219	222.752
278.324	221.334	287.528	228.455
262.772	217.184	287.560	223.125
258.074	213.492	294.212	219.937
253.876	210.802	282.014	222.998
250.985	213.396	280.364	234.003
241.237	216.106	265.789	242.847
234.978	216.890	268.159	244.223
241.258	219.612	250.626	245.627
242.158	218.080	234.602	253.114
241.328	215.175	216.844	263.878
237.544	215.706	206.307	271.199
234.460	215.428	201.839	281.187
231.742	221.699	195.091	274.475
228.817	222.728	187.383	266.774
211.615	224.141	202.592	239.981
202.593	214.193	218.588	224.112
194.396	207.053	229.383	211.559
191.242	208.229	232.897	198.891
201.539	216.377	226.852	190.641
208.622	218.277	216.828	193.171
221.548	228.642	213.844	217.071
244.474	224.136	208.307	238.001
263.773	227.712	208.308	267.646
271.388	226.221	215.968	282.370
266.802	224.128	213.053	295.207
266.555	212.170	233.601	299.879
259.886	211.244	338.029	281.476
260.429	203.737	344.758	294.685
263.366	208.371	348.727	287.392
280.543	202.113	332.437	288.924
302.399	197.183	315.896	286.809
327.616	197.039	292.985	289.642
358.023	201.445	265.938	290.400
409.040	205.746	212.932	294.273
456.872	220.810	167.419	283.900
487.027	227.065	165.408	268.039
500.471	222.299	173.180	265.096
508.157	217.142	188.844	260.725
496.190	216.809	238.113	257.829
490.388	217.460	254.770	253.850
482.365	212.877	292.125	253.228
468.457	204.148	305.724	253.672
464.360	196.234	314.128	258.294
452.903	189.358	327.236	257.747
434.287	184.608	335.643	248.359
416.154	176.619	342.302	248.480
397.203	171.745	353.491	253.308
378.729	172.330	361.263	249.608
363.598	173.925	362.560	251.008
350.238	180.976	360.516	251.104
339.526	190.626	351.150	256.756
341.102	192.085	320.194	273.201
350.918	197.042	275.347	280.359
379.913	193.939	195.683	296.905
381.039	195.426	159.709	299.304
334.197	203.151	194.561	299.484
284.225	200.650	258.420	303.728
249.087	198.884	325.503	309.814
225.759	201.169	376.920	304.150
229.940	194.361	386.573	313.183
246.882	185.042	363.290	323.310
273.366	184.281	302.946	325.254
293.755	174.515	226.413	336.390
311.883	180.397	162.092	333.847
285.417	183.519	201.373	327.586
235.505	184.728	280.808	319.415
197.659	187.795	332.567	315.921
172.438	187.968	364.677	319.033
161.466	185.966	387.212	319.945
161.533	181.754	393.157	326.193
167.734	175.497	372.159	332.400
179.717	173.601	327.438	337.855
199.370	170.172	279.987	343.521
222.282	176.851	231.409	335.302
240.015	181.006	185.863	331.792
245.727	187.500	159.470	325.454
247.314	193.970	151.553	318.654
246.186	193.762	151.674	319.057
243.542	195.074	156.269	315.556
242.176	196.667	169.357	313.311
237.978	198.236	175.161	312.198
236.490	199.795	182.944	310.799
232.719	200.796	206.290	313.391
216.974	198.162	252.693	321.238
192.345	199.085	321.612	328.087
173.445	198.613	392.784	330.244
173.981	195.583	421.332	335.601
180.838	196.380	425.006	344.244
194.704	193.862	437.126	358.867
219.866	189.677	408.917	378.145
293.901	190.776	328.248	371.532
333.579	200.452	277.794	365.657
366.878	197.956	256.140	362.271
439.681	200.692	220.945	360.198
444.146	205.072	275.013	348.350
416.265	195.953	354.783	355.767
391.945	195.878	407.192	356.119
356.157	194.480	453.100	362.660
344.450	193.287	458.777	369.007
339.819	191.187	451.313	374.053
344.190	187.982	420.857	379.944
361.471	183.290	371.666	386.630
393.573	179.928	284.809	390.473
431.352	187.950	222.490	381.433
454.580	201.839	183.115	367.166
455.488	217.258	175.130	347.563
459.076	220.309	155.820	345.483
454.366	214.736	168.085	336.949
451.495	225.399	170.678	344.836
450.830	230.822	173.558	332.987
455.826	229.851	171.345	326.145
462.767	228.478	168.290	325.321
464.495	230.578	175.077	323.746
461.311	232.882	187.854	321.373
462.616	236.497	195.646	319.426
461.691	237.824	201.660	315.730
446.404	238.637	225.023	314.354
424.802	238.523	255.232	316.143
408.646	233.348	274.820	318.360
399.161	226.780	291.857	313.458
399.107	224.245	299.988	307.409
397.873	222.673	308.480	300.469
365.182	228.362	344.554	302.616
366.046	223.182	317.520	316.042
379.297	225.797	287.239	315.403
403.292	213.977	238.737	328.935
420.316	228.531	199.977	314.775
426.243	238.924	180.017	303.239
426.627	255.173	175.484	283.309
415.580	262.529	180.946	273.953
404.834	266.275	190.361	268.058
387.652	263.415	194.615	252.951
375.534	259.138	178.790	244.473
362.091	261.749	176.422	233.874
352.440	260.387	168.433	228.402
332.651	271.200	179.776	210.669
135.743	189.603	306.756	337.168
252.046	220.384	228.368	230.516
274.883	208.584	210.230	233.610
101.044	80.969	257.035	400.495
84.195	79.804	309.385	347.045
93.691	48.889	217.323	248.370
57.543	241.623	210.739	186.767
41.826	242.839	216.581	195.088
38.249	247.123	259.252	212.182
156.393	58.133	170.200	145.187
35.152	231.783	277.493	218.734
26.041	234.655	276.952	213.678
21.878	243.019	196.714	207.429
28.579	249.144	166.458	201.490
31.444	245.723	159.408	201.861
18.225	222.139	250.152	237.014
30.713	231.000	190.542	227.075
55.144	228.058	207.011	222.686
59.939	238.771	245.001	211.753
70.486	219.453	273.004	228.246
93.516	235.219	319.510	194.294
120.362	224.866	324.254	214.897
158.629	221.491	263.250	230.280
182.416	223.633	263.251	233.994
191.580	225.700	273.609	230.041
259.455	212.401	249.488	261.972
288.605	204.196	298.675	269.286
292.617	200.970	297.639	273.989
303.478	193.842	290.666	279.333
309.247	194.337	289.579	277.564
316.607	193.615	286.872	270.173
320.523	193.715	285.554	268.716
325.791	197.583	288.890	263.026
327.498	197.175	286.895	264.142
321.474	198.803	293.112	260.578
311.211	201.453	303.169	258.050
300.087	205.339	308.347	252.817
286.498	204.552	315.105	257.889
271.336	204.876	322.241	257.730
261.451	202.834	313.315	263.749
251.253	209.146	312.205	248.782
243.142	213.700	311.951	245.896
242.788	215.380	301.546	248.538
239.952	222.075	300.032	247.105
239.089	222.945	301.309	249.371
242.065	233.752	300.234	240.711
247.298	235.102	298.296	232.793
256.091	231.141	288.513	242.126
270.887	227.795	269.565	241.717
304.601	227.160	225.930	232.570
346.281	229.369	176.033	213.182
347.114	232.532	184.319	210.199
346.633	232.958	190.929	194.209
350.014	235.995	253.271	199.229
357.084	235.274	267.731	197.064
367.625	233.913	261.410	193.396
373.897	225.577	254.475	194.639
392.893	231.401	226.220	185.868
372.847	236.238	242.466	170.628
393.771	240.632	207.449	161.594
379.749	256.700	219.240	141.355
344.926	246.400	233.026	147.939
170.907	118.462	183.900	131.106
332.728	202.848	201.016	188.350
172.925	20.844	298.645	317.083
176.249	84.802	249.310	320.495
90.188	70.112	453.675	505.888
156.647	235.089	202.538	150.341
139.651	241.191	234.704	285.341
130.627	232.171	199.215	148.995
129.876	230.547	222.912	154.600
127.754	221.766	227.072	169.294
92.319	204.490	230.081	187.822
81.451	208.360	216.702	175.963
84.506	211.346	212.501	171.792
87.528	208.387	209.750	173.228
133.202	200.587	200.422	176.803
167.300	200.939	171.077	180.155
180.577	203.761	155.892	178.855
211.457	218.253	164.067	175.165
268.488	222.617	169.472	200.404
282.277	226.311	164.777	210.086
287.655	222.909	161.171	204.673
295.950	220.564	159.819	210.761
296.729	219.071	179.556	210.474
302.544	210.944	197.273	210.532
343.919	207.663	211.960	220.511
364.523	195.458	194.821	233.178
372.010	189.216	192.635	251.872
380.121	187.453	190.470	228.148
407.180	186.004	173.313	190.213
402.166	196.971	197.700	189.145
402.226	192.142	209.689	196.385
400.654	185.964	214.865	205.183
396.632	183.194	223.607	200.815
370.532	191.450	240.989	187.621
362.962	197.104	245.166	189.296
343.751	200.619	241.286	191.825
334.313	209.347	235.949	191.122
326.089	222.978	234.654	185.244
311.652	231.950	180.379	171.725
305.929	240.936	164.790	180.358
298.256	240.578	162.212	188.953
289.998	247.005	155.936	183.486
285.697	246.551	123.944	182.035
322.982	0.000	235.756	285.039
247.801	257.056	115.135	170.351
225.984	256.451	123.450	166.803
214.745	258.546	138.471	166.849
209.500	255.279	151.089	173.698
208.074	252.383	174.772	151.617
208.456	252.183	198.650	153.422
207.808	250.333	203.687	147.189
276.109	77.178	157.733	171.039
240.957	249.074	181.618	128.904
270.472	252.645	162.513	120.962
296.023	251.681	141.927	117.202
298.536	251.404	145.222	117.246
315.517	248.175	134.772	121.606
334.834	244.957	128.293	128.749
351.031	238.066	152.290	148.917
407.250	240.066	139.789	160.509
421.882	239.416	132.154	156.201
435.840	245.612	137.203	149.306
435.261	248.949	143.932	145.470
441.763	253.565	141.215	144.857
446.179	253.936	146.195	137.802
443.059	255.304	153.255	134.797
448.125	257.561	149.690	127.242
450.192	258.595	147.608	122.486
454.463	260.037	143.824	119.270
459.515	258.244	136.511	124.400
463.108	257.930	125.670	124.578
275.230	289.158	56.234	132.541
440.794	264.192	126.375	123.556
386.045	255.191	122.562	136.345
355.335	252.564	133.580	133.978
347.506	246.593	107.348	143.492
345.407	246.730	94.005	144.917
335.758	244.739	100.007	136.941
325.087	244.257	115.896	131.150
310.172	237.321	140.603	137.748
293.673	226.422	162.733	155.977
282.130	218.733	177.849	165.660
279.851	218.571	193.860	166.419
280.078	219.268	205.105	166.363
308.635	226.232	215.987	159.400
332.574	232.629	202.675	153.035
360.290	236.225	172.456	155.453
372.314	239.833	166.224	152.564
392.851	240.559	181.224	143.160
422.394	237.721	161.026	152.791
430.269	230.187	167.216	147.606
443.959	236.125	175.623	134.066
448.075	238.123	169.156	127.758
447.488	238.851	170.780	122.186
421.502	239.506	191.464	113.127
412.645	239.308	200.241	123.321
392.316	241.833	219.268	120.700
379.265	245.556	225.462	122.093
373.847	246.162	223.210	135.543
352.313	250.211	238.307	136.687
347.483	250.733	213.595	143.030
340.902	252.248	205.441	145.256
339.858	257.403	185.417	143.940
338.712	255.673	153.329	145.124
340.491	256.855	126.029	138.396
349.710	254.496	115.771	138.712
354.969	255.511	103.796	134.012
362.510	256.796	96.696	130.012
366.146	258.777	98.328	124.926
383.899	255.786	106.789	124.092
385.558	257.621	117.512	120.531
204.732	235.033	71.012	147.519
219.994	254.897	51.382	146.426
423.643	255.771	120.091	125.743
237.254	141.296	46.506	163.610
475.399	56.470	123.335	116.169
473.578	57.812	123.599	110.265
424.489	259.137	115.108	87.569
430.365	247.957	132.770	92.701
407.178	136.807	127.386	118.896
476.772	253.592	113.453	88.961
496.210	250.311	124.294	86.625
429.661	84.479	177.995	223.040
403.074	161.048	85.003	99.259
411.472	165.661	101.531	87.916
421.241	102.303	178.748	154.431
416.218	203.881	230.078	266.888
391.752	68.810	229.351	457.842
400.396	44.588	201.749	183.694
416.147	70.025	175.027	180.127
433.792	95.452	164.666	170.526
178.598	102.977	132.327	190.003
185.390	105.192	128.772	172.931
162.951	230.798	62.934	205.172
376.416	63.671	235.653	304.416
193.580	55.787	84.281	122.705
391.256	242.383	113.741	119.598
380.935	244.942	124.609	116.307
374.150	245.040	128.036	118.084
366.667	244.919	135.507	118.313
365.982	245.279	141.243	119.886
362.360	246.674	145.894	118.822
361.559	246.154	143.752	122.666
359.423	246.422	142.278	122.129
364.061	244.732	151.681	124.559
365.911	245.944	158.406	122.537
365.724	244.381	148.561	124.304
368.147	246.218	143.886	122.795
370.753	247.421	145.095	122.407
369.756	246.820	142.196	122.858
373.987	247.121	145.097	123.333
375.439	250.810	145.235	119.530
378.159	250.934	143.355	122.326
378.816	252.982	146.886	121.302
386.210	254.165	147.249	122.567
390.968	255.489	149.068	121.808
395.729	256.370	146.725	121.110
400.619	256.384	147.608	122.212
406.325	255.253	143.002	122.844
409.643	255.596	132.657	117.171
410.833	257.128	132.214	114.442
411.563	255.692	130.971	116.466
410.366	255.394	134.046	116.542
409.221	254.373	134.108	118.341
405.954	251.325	135.312	121.034
405.353	250.527	142.675	122.206
404.816	247.946	145.557	123.082
405.723	247.357	143.171	124.663
405.298	247.192	144.708	123.963
407.010	245.529	143.412	126.407
407.875	244.888	143.013	127.781
408.233	243.477	141.895	129.532
408.926	242.580	141.626	130.799
409.197	241.292	139.678	132.435
409.969	241.008	138.902	132.789
410.227	240.871	141.319	132.837
410.059	242.141	139.117	129.817
410.163	241.476	137.679	132.825
410.383	242.142	137.058	131.338
409.791	244.515	139.044	129.982
407.162	246.583	142.140	128.037
402.562	247.831	144.246	128.011
399.055	251.062	148.428	126.654
395.314	252.541	148.690	129.434
387.228	255.888	158.281	127.625
380.708	257.299	160.494	128.803
373.992	257.827	163.233	129.167
370.594	258.216	158.475	128.832
366.727	258.699	157.469	127.899
362.707	258.821	165.603	127.408
361.712	259.616	155.204	126.855
364.446	260.007	150.047	125.673
362.872	257.687	133.356	125.007
369.624	259.623	127.640	123.825
373.636	260.141	121.089	122.684
187.205	260.814	91.686	131.450
378.786	260.628	104.380	121.525
380.404	259.933	103.879	121.876
383.403	260.876	111.584	120.118
388.548	259.938	114.803	119.955
396.738	256.208	103.350	124.121
424.685	508.499	120.179	37.055
403.731	259.302	85.793	123.264
402.078	245.772	139.120	191.998
399.294	242.959	147.058	157.896
410.839	141.157	130.128	144.277
404.461	103.233	125.406	154.786
362.507	203.594	188.284	245.226
377.408	44.050	162.428	239.910
366.861	66.514	195.054	368.505
339.201	21.255	267.683	469.602
295.750	8.812	366.485	548.985
240.369	118.920	613.943	457.080
319.205	7.690	236.156	326.959
223.918	0.000	388.329	470.785
345.494	0.000	246.488	311.185
342.545	93.540	160.678	175.782
298.120	48.985	249.168	256.751
353.586	126.852	178.051	242.219
365.233	175.071	164.129	260.231
336.574	87.069	187.260	209.880
333.918	122.342	187.633	237.917
332.343	35.930	139.578	207.784
324.363	33.793	178.420	212.036
358.569	161.565	122.563	113.949
332.753	57.725	178.979	213.437
357.888	54.340	163.448	224.466
360.142	168.313	111.537	108.896
556.322	396.719	80.553	46.925
343.161	88.625	173.235	186.584
377.199	260.957	150.080	195.077
390.833	150.106	126.125	125.611
404.642	141.298	124.467	133.570
413.798	264.745	132.146	111.635
375.959	91.785	165.589	198.260
400.776	126.617	130.782	171.671
402.013	224.605	139.895	119.321
415.586	259.535	108.432	105.541
400.615	262.801	149.234	181.407
381.584	49.027	149.804	284.239
361.167	266.858	175.134	204.337
257.367	221.211	43.162	146.123
260.903	242.771	60.416	151.566
435.174	271.604	109.162	110.161
383.873	127.678	111.794	141.475
296.729	122.209	55.093	117.855
296.432	399.372	68.487	99.154
395.050	160.780	151.051	194.553
280.020	116.467	82.484	109.103
422.518	102.250	108.283	81.279
256.682	286.378	53.614	138.036
252.726	257.988	56.168	139.004
451.229	495.879	89.693	46.759
462.132	490.931	77.265	55.783
248.459	218.916	48.349	146.384
238.653	100.228	72.970	114.124
367.280	209.789	134.677	187.821
348.613	112.037	163.480	203.992
332.052	88.057	163.362	185.204
366.459	264.908	143.382	207.679
357.762	260.225	122.071	141.432
339.777	266.776	115.521	111.745
323.597	277.715	90.982	99.626
307.445	277.226	88.921	98.697
298.804	279.465	95.543	97.327
285.307	280.601	106.338	98.788
268.204	283.137	125.557	96.267
265.800	282.145	124.102	101.317
264.303	282.488	128.541	103.360
262.971	285.119	130.105	101.940
268.926	284.670	130.279	105.798
269.087	283.882	129.959	108.456
271.510	282.506	130.141	110.882
292.808	279.023	119.271	110.295
314.399	276.685	106.621	112.547
331.184	271.239	109.904	114.108
343.173	268.695	100.374	115.923
349.214	265.541	97.880	117.789
352.186	265.920	105.889	114.805
357.251	269.532	112.993	106.092
362.423	272.736	132.042	108.150
370.518	275.244	131.895	108.809
378.659	271.844	130.088	113.079
381.019	274.857	128.499	110.083
384.000	271.723	129.835	115.520
385.455	275.649	130.911	111.731
388.813	275.060	128.930	110.605
399.773	274.527	119.475	110.813
399.157	273.263	123.464	110.561
410.522	272.500	111.977	112.239
416.562	274.551	106.630	109.376
424.346	274.090	103.033	107.951
420.867	274.093	107.883	108.316
423.095	273.485	105.370	108.185
421.526	275.873	107.802	106.240
422.048	277.280	107.475	107.109
420.353	277.974	110.815	110.920
421.417	278.794	114.121	111.495
419.992	279.443	120.102	111.575
418.280	280.290	127.043	111.236
418.503	283.405	134.032	108.869
425.382	283.223	131.077	110.325
429.152	281.732	125.831	109.611
431.119	285.783	122.274	104.948
432.863	287.459	121.565	105.745
435.590	288.581	117.273	108.311
433.389	286.682	120.968	101.648
436.319	290.095	118.809	104.373
434.584	289.573	120.786	105.140
432.144	294.302	126.051	97.597
435.328	297.583	132.134	87.805
437.195	297.777	135.233	88.006
444.560	294.353	133.677	90.494
451.373	292.915	131.393	101.212
453.066	294.025	135.679	100.972
455.704	292.081	139.537	107.530
461.396	287.504	139.008	115.371
463.705	288.982	143.950	114.716
466.165	287.256	148.673	114.571
471.978	284.167	147.121	118.612
473.739	282.764	145.179	118.538
477.805	283.135	140.924	120.725
481.396	282.256	136.717	120.317
480.627	281.945	138.129	117.610
483.339	281.305	136.068	117.764
484.755	279.764	134.360	120.112
485.243	279.176	134.586	121.394
484.899	278.474	135.485	121.786
485.089	277.617	136.320	122.695
486.288	277.424	133.899	122.733
485.599	275.104	134.952	117.845
484.966	271.553	130.304	118.877
484.201	268.357	128.937	115.195
483.716	263.296	126.217	114.456
483.824	257.699	121.575	112.859
477.482	252.244	130.090	112.226
472.039	247.508	135.759	113.340
468.397	246.953	132.448	114.407
468.833	254.967	119.782	106.584
462.072	253.108	121.440	111.235
463.452	254.458	113.689	108.058
456.418	253.494	95.562	110.395
446.364	257.652	88.834	105.556
425.397	261.774	92.486	97.145
416.212	268.774	99.891	89.556
398.426	267.933	110.247	86.156
362.707	270.166	129.845	91.182
334.285	270.040	143.237	98.721
332.690	269.895	136.494	107.457
331.685	269.753	131.591	110.420
341.218	265.746	116.899	110.178
347.027	265.315	109.923	105.967
348.506	265.709	106.611	101.811
346.182	266.985	111.644	99.941
342.896	267.478	119.684	100.499
341.209	267.499	126.299	101.446
342.473	265.133	124.664	108.640
345.111	264.030	124.271	112.062
352.281	260.513	124.460	114.492
360.767	258.186	119.540	117.668
378.547	251.564	107.707	115.837
399.494	246.038	88.556	116.879
406.865	247.492	74.180	113.778
420.899	248.623	68.545	101.412
420.341	238.402	63.940	105.904
420.579	201.986	90.534	197.329
424.751	184.892	85.564	134.331
431.193	181.566	93.647	118.725
433.122	177.255	106.525	117.538
435.801	176.622	112.055	120.809
440.667	183.762	103.840	108.705
437.139	184.069	113.915	102.129
432.044	198.210	124.994	89.831
431.147	197.930	114.160	87.370
435.189	219.438	110.534	72.171
435.586	226.724	95.284	71.188
440.084	232.761	101.822	71.524
435.664	235.098	85.165	76.726
438.802	239.408	78.463	85.948
439.628	202.376	115.956	164.478
429.016	257.857	80.626	109.011
424.897	263.377	80.189	109.453
420.147	264.073	84.682	111.153
410.083	264.172	92.612	113.894
391.989	267.587	108.397	109.302
370.362	264.479	128.135	113.608
344.626	263.632	151.306	117.434
341.016	261.091	148.466	118.908
339.957	258.297	140.868	117.921
341.335	259.326	129.001	116.929
342.154	264.084	92.560	107.312
346.390	260.128	73.944	108.687
345.831	262.208	65.953	106.257
343.243	259.040	65.038	108.616
339.339	261.788	68.791	104.271
337.577	261.336	68.675	104.468
334.075	264.984	67.722	102.505
333.936	266.369	69.531	101.781
334.187	269.737	67.941	101.435
334.576	272.633	73.936	102.552
327.335	275.771	96.627	103.489
317.640	277.175	115.936	105.416
306.904	277.868	128.967	111.991
305.696	278.327	128.605	111.223
304.996	278.703	129.369	109.850
304.891	280.795	129.798	107.857
305.408	283.299	131.505	101.151
308.522	283.822	127.019	99.395
310.886	284.827	125.893	97.629
314.477	283.691	123.706	98.664
321.339	283.342	120.848	99.306
334.833	279.947	115.602	101.939
347.514	277.733	122.752	100.146
379.117	273.285	95.183	101.067
405.037	270.162	83.232	95.213
410.368	277.628	79.692	88.563
413.982	282.260	83.368	86.251
428.737	278.144	108.997	84.555
442.699	277.629	134.899	83.982
459.808	273.027	126.229	90.984
480.707	273.481	112.013	92.935
501.519	270.065	96.230	96.775
519.870	269.375	82.369	99.411
531.175	269.395	74.700	98.506
533.038	268.854	73.233	97.538
534.651	266.938	73.032	98.565
534.359	266.704	76.404	94.203
533.391	266.118	80.243	89.189
530.163	264.100	86.026	86.527
529.533	265.079	88.215	81.143
529.182	265.360	86.056	78.418
525.736	265.740	91.584	80.208
521.737	263.815	96.579	82.321
516.139	261.489	97.937	85.001
505.467	259.880	100.363	87.411
488.616	261.478	99.711	87.084
471.125	257.627	97.227	92.576
450.148	258.253	113.152	91.025
429.024	249.748	112.838	100.670
404.642	246.175	123.121	100.112
385.635	233.756	128.893	97.251
367.359	223.600	123.030	104.875
354.339	225.555	118.827	101.536
344.339	220.124	116.280	98.669
336.840	217.714	108.776	98.786
328.050	216.387	110.911	98.699
314.440	218.227	115.265	97.024
309.628	219.383	114.905	99.860
303.699	222.687	116.933	105.707
301.952	224.873	114.593	111.298
302.757	234.168	109.485	107.486
311.848	244.362	101.545	97.561
317.357	255.425	98.503	90.936
322.711	259.904	102.010	95.389
333.944	261.608	111.498	98.859
344.707	262.726	120.904	100.963
375.786	273.197	115.245	92.938
390.377	272.230	119.185	100.197
414.548	275.053	110.691	101.319
428.436	274.537	124.036	106.299
440.487	276.557	135.876	105.645
467.197	273.713	127.844	100.141
486.742	280.382	124.020	93.146
508.705	273.960	113.772	91.282
525.385	275.340	108.774	88.978
527.817	276.706	121.168	70.727
546.472	276.065	120.556	61.005
427.189	264.813	72.363	62.989
443.364	268.361	47.290	69.833
549.846	270.623	132.758	54.083
549.601	269.844	132.819	58.508
540.979	274.707	127.715	65.683
540.870	273.462	106.556	77.850
543.641	275.447	97.201	84.224
539.221	273.161	91.966	91.124
536.354	270.845	77.591	96.317
536.361	273.042	61.477	105.261
535.282	274.430	55.093	114.319
534.320	269.814	56.441	119.297
524.420	272.460	73.114	118.058
514.402	276.508	92.449	117.714
508.735	278.657	103.093	109.788
502.700	277.791	111.058	107.660
491.967	274.920	115.747	104.452
488.509	271.014	112.184	101.672
481.860	267.308	104.231	98.661
456.031	260.884	105.667	91.821
443.927	262.632	82.201	83.455
435.292	258.379	78.379	82.564
425.804	254.217	77.038	85.487
415.086	251.788	77.387	85.957
394.418	254.294	70.616	82.894
381.529	259.067	69.988	79.358
368.365	263.168	77.274	76.623
352.852	267.324	84.882	80.620
345.147	272.666	84.430	83.143
340.209	278.917	85.630	82.340
337.451	281.136	86.266	84.865
337.933	285.563	86.460	84.155
341.416	286.281	80.121	87.342
349.174	286.429	72.410	86.700
361.907	285.996	66.890	85.767
376.350	282.234	61.899	83.764
387.182	279.814	61.937	76.151
394.122	275.624	54.530	76.619
400.513	271.680	60.583	78.011
401.389	257.612	54.699	74.568
402.389	256.708	63.724	66.974
405.722	267.601	76.935	104.502
405.261	258.140	71.582	66.840
404.514	265.546	72.683	60.824
400.375	272.581	64.834	63.856
400.354	277.593	52.630	70.353
399.496	280.598	49.497	73.992
397.907	284.016	55.150	74.296
394.768	288.236	56.613	75.636
385.859	291.552	57.607	85.014
375.684	292.206	66.410	88.247
366.723	288.784	85.154	97.216
365.800	284.161	103.426	91.209
367.822	279.632	121.638	80.210
387.543	271.999	123.865	53.060
400.731	258.692	140.765	53.014
431.738	247.568	119.410	53.408
465.021	240.713	102.593	56.400
476.173	232.327	99.120	63.344
505.533	233.752	101.626	65.542
522.607	235.642	107.357	69.206
538.517	243.700	104.303	69.325
547.467	244.993	99.661	76.906
548.888	248.200	100.705	84.490
550.406	254.735	97.591	87.848
550.121	255.963	94.559	92.058
547.273	256.780	90.393	92.129
545.641	259.115	89.845	91.346
544.709	259.457	89.205	90.512
543.246	255.962	87.315	88.388
541.839	254.171	87.015	81.871
540.232	252.929	82.141	77.140
539.520	250.573	80.993	75.838
538.288	250.528	77.200	75.544
535.746	251.444	77.715	74.446
527.886	252.781	84.186	73.059
520.265	253.278	92.272	73.677
512.841	254.290	98.192	71.316
506.244	256.700	105.393	69.554
485.578	258.870	124.220	62.658
466.596	260.343	126.333	59.646
436.097	263.546	109.449	55.005
399.764	264.125	120.011	52.366
376.139	268.525	119.598	49.126
362.440	268.673	114.819	50.817
328.272	271.554	109.662	55.128
309.355	271.610	107.242	56.212
292.699	275.021	109.136	54.774
286.669	277.671	111.778	55.020
288.487	279.997	107.401	58.601
295.537	284.468	101.811	60.945
308.300	285.857	97.807	61.960
316.840	287.236	105.121	62.457
327.371	288.029	113.369	60.958
351.944	279.559	98.750	70.626
386.331	271.491	85.654	75.288
403.787	264.920	73.979	76.651
414.168	263.044	68.059	67.680
418.491	259.833	65.357	62.598
431.170	260.066	69.729	144.781
427.665	262.778	77.238	145.956
420.407	265.471	75.959	60.095
421.347	263.486	74.758	60.965
404.868	263.781	61.856	62.158
390.175	262.469	64.389	64.848
375.193	261.013	76.704	68.012
355.245	260.482	88.258	67.520
340.681	252.106	106.136	78.219
327.339	239.321	92.182	87.295
320.718	214.584	134.497	113.715
338.430	190.332	105.854	69.135
355.832	177.330	162.660	147.432
362.232	136.814	207.719	215.163
374.607	111.709	155.984	122.526
315.291	304.936	156.046	89.881
450.603	98.622	150.502	86.110
489.106	95.860	133.234	93.163
507.350	96.147	126.201	96.019
519.727	100.414	116.183	92.985
520.859	119.055	117.394	68.479
523.263	133.674	114.010	60.770
526.526	129.638	106.493	66.120
530.497	126.402	96.595	76.623
527.346	123.429	97.312	98.875
523.025	118.905	100.365	101.353
521.854	116.373	100.453	104.709
515.532	112.702	101.166	91.927
497.017	99.028	116.324	88.335
480.266	92.876	120.334	84.054
458.656	83.882	127.724	82.581
431.557	69.685	120.406	73.152
414.112	62.544	117.984	69.962
395.830	56.648	121.225	80.901
378.483	51.942	124.710	76.062
345.652	45.369	126.658	84.993
307.003	45.595	117.859	89.172
303.353	55.324	87.048	105.302
287.318	128.081	100.931	87.077
288.513	144.810	91.556	100.481
301.886	153.547	84.032	121.132
321.555	211.711	109.706	94.766
340.939	232.581	109.283	97.060
362.384	246.319	88.946	92.220
380.874	248.151	101.448	88.923
388.256	246.207	89.051	85.649
387.538	230.482	111.859	168.172
383.104	209.923	102.823	95.872
378.713	194.583	108.746	82.335
368.142	177.443	112.931	93.784
346.694	159.894	105.183	95.199
332.120	126.262	112.024	91.133
341.413	94.598	99.095	95.329
349.685	86.409	101.327	85.483
336.605	68.480	158.140	107.769
386.783	24.483	99.134	124.796
411.979	22.866	113.939	93.326
456.681	26.639	112.526	92.553
442.431	155.111	145.855	207.822
473.282	71.351	146.253	111.579
513.779	84.746	114.470	107.293
514.640	111.695	118.498	107.585
511.600	136.907	106.563	96.552
498.575	163.850	121.431	92.432
452.390	155.042	172.806	109.440
453.378	159.240	138.369	112.619
442.243	159.081	110.016	109.856
423.169	158.862	100.564	102.018
411.763	140.815	97.869	104.040
404.483	129.590	98.734	95.839
339.037	304.918	115.000	67.478
385.011	88.196	96.808	99.598
363.967	81.891	120.975	96.986
350.513	79.628	127.014	80.129
341.151	61.436	136.338	88.726
327.951	48.823	134.575	100.233
325.780	38.697	98.824	90.651
323.693	40.082	97.296	89.064
320.227	46.151	89.946	89.836
309.309	59.329	93.956	81.889
306.361	75.677	95.489	75.285
303.827	100.221	101.348	65.447
308.448	121.629	101.405	62.154
328.613	129.109	90.051	69.808
354.302	138.155	92.510	81.973
371.700	141.639	87.369	84.231
382.322	144.872	95.684	86.516
414.756	141.878	83.722	80.540
426.952	136.951	81.470	69.619
437.075	126.440	74.747	65.339
445.197	114.433	62.891	70.123
444.187	99.304	66.655	73.625
433.114	82.251	107.629	136.866
440.505	70.473	78.033	57.063
437.456	56.205	77.905	63.215
437.882	48.883	73.771	70.006
431.196	40.569	74.693	75.541
413.433	36.556	77.674	74.862
403.109	34.530	84.033	74.606
400.672	38.500	84.694	67.475
389.498	40.571	93.183	66.376
382.719	44.517	95.961	86.708
382.446	43.201	93.641	102.826
384.042	65.628	87.758	99.091
389.294	85.097	85.162	96.449
412.460	132.861	86.988	112.448
427.232	159.714	82.839	116.967
437.810	182.964	93.010	114.350
448.322	199.307	86.042	113.827
464.982	208.287	78.889	107.025
477.863	220.321	77.709	94.831
484.581	223.497	85.995	88.599
486.892	225.240	95.587	90.137
487.833	226.645	102.862	95.541
491.378	230.704	105.030	96.810
491.931	232.606	108.099	98.574
490.560	233.697	111.957	98.012
489.589	235.676	113.299	95.298
487.950	236.659	110.562	93.601
486.825	236.346	101.563	91.770
484.827	237.673	91.194	90.220
478.123	239.006	85.214	87.685
471.456	235.695	79.742	90.910
461.943	227.868	78.977	93.288
453.026	214.319	83.378	97.572
443.333	194.123	90.808	96.359
436.912	171.026	91.749	94.885
433.451	150.380	95.431	96.201
428.951	133.786	103.896	91.726
434.682	120.795	85.337	90.681
432.332	88.653	70.441	104.715
432.777	70.755	63.357	103.293
436.539	53.452	58.917	105.759
432.546	47.442	59.920	113.598
425.861	42.071	66.117	108.908
422.003	42.283	73.495	104.261
416.803	46.016	84.606	101.130
410.318	53.147	93.702	98.773
408.327	62.240	98.880	88.477
404.121	0.000	102.344	0.000
398.297	174.167	89.401	96.125
398.674	123.451	110.837	187.019
418.146	85.810	81.947	109.017
408.797	116.089	91.470	97.268
421.630	99.106	71.359	114.267
426.582	114.727	66.320	125.785
429.550	121.308	66.189	125.732
429.072	146.540	69.400	112.732
431.696	165.317	67.553	102.948
434.317	196.100	66.797	94.176
435.469	206.017	67.763	100.751
443.281	217.290	62.389	104.989
450.089	226.103	60.288	103.792
446.857	229.186	65.265	101.966
448.492	222.727	65.804	107.223
446.393	210.860	64.363	111.837
444.437	190.557	68.479	116.999
437.939	174.787	73.039	104.013
408.023	151.587	120.996	126.923
430.913	88.463	79.512	137.398
425.673	71.107	74.877	129.480
427.778	58.941	62.215	107.944
433.849	30.964	59.848	117.288
435.513	24.068	64.057	106.928
433.571	13.719	64.842	107.857
433.739	15.911	64.206	98.218
433.534	9.815	64.474	85.866
434.387	7.451	66.368	90.674
434.457	8.745	67.086	92.449
438.878	12.704	61.563	91.042
440.898	16.417	58.813	91.486
447.624	22.690	52.987	83.851
450.254	31.763	52.582	86.734
451.443	45.768	54.356	98.782
456.465	80.659	58.607	99.791
456.299	88.428	66.325	102.251
458.155	94.741	70.375	111.142
455.741	103.907	64.673	123.277
459.283	114.977	54.035	121.928
462.649	132.727	51.255	109.631
462.636	148.688	52.880	102.695
460.887	161.045	53.191	111.670
459.551	174.207	53.200	118.774
458.748	186.160	56.785	115.182
460.880	197.086	52.072	114.535
460.889	211.376	53.794	105.702
463.848	216.177	50.406	100.553
465.421	222.370	50.930	93.413
462.265	216.604	51.464	98.118
457.856	211.669	54.424	101.199
450.313	189.033	57.877	120.301
449.554	164.107	55.710	133.784
441.497	150.396	60.830	128.631
438.011	137.048	61.946	107.393
434.340	87.789	94.501	143.347
422.319	85.588	130.970	249.745
406.766	89.974	166.700	341.700
364.161	61.329	247.555	378.227
339.963	45.200	370.638	419.773
398.923	91.793	166.813	366.461
364.430	31.764	168.930	259.273
340.426	31.971	175.952	163.091
423.496	139.976	107.845	108.172
323.493	280.393	136.970	79.197
431.759	131.492	116.011	115.749
362.907	64.117	133.544	225.009
323.878	301.596	124.836	116.205
425.816	135.554	119.200	107.511
324.499	302.609	123.439	93.397
444.915	7.073	54.741	101.998
449.362	22.380	54.541	105.251
452.907	48.778	54.036	112.245
417.539	131.948	133.074	161.841
416.873	109.591	148.825	314.397
443.648	137.347	86.580	90.970
444.979	162.336	70.292	85.913
460.450	140.820	58.830	116.216
459.560	159.864	58.912	108.031
464.293	155.709	54.947	101.545
466.024	167.219	55.753	103.565
464.096	167.274	58.597	102.883
466.125	173.831	59.078	100.588
467.426	172.485	57.933	100.959
468.539	175.618	58.920	100.034
469.303	176.759	56.895	100.049
472.325	178.749	53.713	99.112
472.883	177.899	52.905	98.926
475.323	178.295	52.617	98.293
468.913	174.438	57.528	102.771
470.358	175.175	56.677	104.504
465.318	178.151	59.898	104.506
461.739	174.591	62.307	105.071
457.012	170.203	63.650	108.113
453.348	169.967	66.696	107.330
445.995	172.201	69.980	106.529
439.610	175.014	73.221	102.806
433.597	174.004	77.953	102.455
427.008	174.539	73.672	101.834
419.688	176.475	69.907	102.051
411.558	171.732	69.254	105.158
394.850	171.536	75.583	101.892
381.678	168.614	80.321	104.758
363.557	183.157	86.936	92.757
353.723	176.429	86.119	93.567
335.314	136.864	89.789	116.488
321.331	126.936	78.335	118.215
305.063	122.266	86.706	106.361
293.748	119.174	86.288	96.559
286.836	117.368	102.034	95.093
282.570	114.768	138.825	95.270
270.475	108.371	150.718	104.167
260.098	109.203	140.283	105.907
254.066	109.970	125.971	109.464
249.694	124.715	127.221	100.042
246.519	144.332	114.867	91.781
243.619	157.290	121.326	92.220
247.535	169.125	127.136	98.004
253.610	170.370	111.758	114.327
262.500	185.108	113.960	110.545
279.329	193.013	96.793	109.964
281.145	201.160	103.910	106.233
286.717	209.002	99.637	97.469
286.211	214.757	98.031	78.507
286.384	221.129	102.940	93.197
288.338	220.312	102.331	94.754
289.262	221.662	105.019	94.448
294.488	222.216	100.151	94.345
303.005	224.445	99.407	91.709
301.869	219.759	102.895	96.616
308.081	221.094	99.210	95.219
312.266	218.581	96.874	98.691
318.198	218.602	93.841	98.370
335.808	217.829	87.904	99.397
341.575	217.676	86.985	99.572
353.168	214.503	83.352	100.608
365.690	210.155	79.985	102.775
372.632	203.028	81.533	105.244
395.568	188.970	68.624	107.005
419.220	178.918	62.881	112.459
415.114	172.089	66.835	117.089
427.346	151.938	70.278	120.698
430.748	123.509	62.463	130.840
434.230	98.622	69.968	132.100
437.357	91.918	72.237	117.480
441.243	80.871	71.581	116.284
452.477	67.261	70.891	126.714
454.928	61.719	64.867	135.422
462.019	65.296	69.948	134.878
462.678	70.275	72.043	132.493
466.644	101.422	76.376	105.335
472.460	98.348	71.428	110.874
475.719	107.293	68.264	104.174
470.603	121.106	66.498	97.863
469.368	126.689	61.157	102.981
463.909	129.649	72.026	99.480
461.535	133.697	73.268	110.375
458.935	139.313	78.134	130.655
445.163	141.436	88.140	131.456
434.909	150.845	83.363	144.456
422.569	171.141	84.599	129.231
412.384	181.062	89.447	120.574
404.345	185.338	98.455	117.052
391.178	187.905	108.044	116.254
381.020	184.510	109.166	118.197
374.405	178.226	117.204	121.036
373.319	169.134	112.891	125.668
372.746	158.692	121.007	121.102
370.927	144.174	109.489	112.037
380.740	127.797	103.129	115.291
387.798	118.592	90.957	97.323
392.905	109.327	93.163	90.992
403.887	102.522	90.156	95.948
407.046	96.845	91.304	94.265
405.789	97.545	120.872	105.574
418.688	98.736	106.500	103.327
428.758	106.441	98.366	93.688
434.252	107.380	86.993	89.269
433.403	123.333	149.894	164.607
408.655	386.069	318.848	175.352
453.577	153.608	124.693	126.791
448.507	158.337	128.177	116.995
415.980	411.804	182.219	143.857
404.938	392.191	180.227	84.666
389.199	306.130	110.908	135.032
416.825	154.815	151.553	146.248
442.138	119.324	110.549	130.086
424.679	185.871	119.313	95.865
312.417	299.660	119.547	73.372
410.647	208.669	110.100	83.718
426.932	196.757	99.126	93.396
394.761	188.370	111.954	96.104
377.859	177.801	116.671	99.217
366.411	189.505	120.289	88.177
360.644	198.674	125.730	80.007
363.965	195.872	129.334	83.386
325.018	105.381	183.277	169.689
340.678	152.369	142.377	140.770
343.800	154.254	133.705	131.509
341.180	149.268	119.934	127.897
339.282	142.902	107.355	125.943
343.304	115.267	151.156	199.084
317.439	81.801	177.769	302.305
320.073	66.803	207.147	376.474
333.991	115.990	180.886	376.975
389.028	0.000	112.547	230.744
340.410	0.000	179.062	349.731
401.260	0.000	111.098	221.874
350.346	119.278	82.389	106.115
419.953	6.700	57.442	76.778
421.455	7.156	55.666	70.804
421.262	5.573	56.160	78.232
425.536	10.401	51.454	88.070
429.664	16.804	50.312	97.153
429.085	16.099	54.696	103.475
430.006	26.371	63.207	100.840
433.958	45.566	83.955	89.575
441.072	45.648	84.988	99.720
428.861	47.072	108.664	106.124
413.122	55.384	138.959	96.942
464.799	0.000	125.740	0.000
495.184	60.177	91.245	99.317
500.655	62.695	90.285	98.760
495.154	66.999	99.693	102.079
479.784	70.770	118.947	114.648
467.291	75.868	136.004	117.404
485.369	84.098	127.095	106.730
493.468	91.625	120.125	98.151
497.806	98.714	121.376	92.704
476.321	109.485	150.561	101.014
307.098	297.221	114.650	113.654
483.471	122.283	149.714	122.436
472.782	157.581	146.138	102.724
468.896	171.113	117.132	115.239
461.062	186.724	113.893	117.591
461.919	203.207	110.791	106.579
468.777	216.039	99.739	108.076
468.824	221.566	97.512	115.266
469.395	225.317	99.173	113.568
470.898	221.463	100.908	109.926
471.176	215.898	105.065	111.746
473.804	211.522	110.273	111.662
478.473	201.579	112.849	106.031
487.837	191.092	115.163	112.181
502.764	173.936	122.800	117.285
489.158	148.678	144.813	122.408
499.658	123.662	139.718	123.745
491.709	94.486	150.166	126.508
489.160	64.674	153.847	127.522
497.166	41.440	140.617	134.775
495.666	25.304	134.042	131.139
490.949	18.089	126.022	118.429
482.063	11.128	126.728	100.721
474.031	7.687	130.708	86.329
462.570	8.323	134.668	76.065
482.534	0.000	142.927	0.000
428.915	3.646	131.370	74.564
427.436	1.692	116.912	77.028
427.465	2.203	110.870	73.585
425.596	4.059	106.069	72.008
416.397	7.592	114.528	75.998
402.362	10.251	128.017	84.060
396.613	13.466	130.790	86.995
384.787	22.384	135.728	103.247
377.982	43.386	128.539	127.499
374.957	88.731	119.379	103.250
371.276	93.920	119.869	101.912
302.087	292.775	97.389	74.674
346.071	105.142	135.431	110.863
288.214	284.311	135.443	99.314
330.078	141.524	125.332	86.596
321.289	151.800	131.168	78.881
356.939	307.632	128.625	88.320
312.255	209.386	146.174	160.063
299.251	185.764	130.318	54.915
283.616	144.671	151.568	109.305
289.168	179.006	137.521	63.101
284.952	173.604	127.266	54.024
288.056	172.601	119.766	55.471
283.218	165.376	118.640	57.793
286.152	168.001	115.969	58.741
293.201	169.794	111.678	59.854
293.412	176.451	113.570	55.559
298.237	182.464	114.436	53.391
302.076	184.612	109.272	56.531
303.264	189.806	109.411	51.718
302.008	192.436	115.538	51.918
306.836	196.515	117.394	51.502
332.645	197.202	103.840	59.999
325.581	203.302	111.529	63.067
311.269	207.556	127.620	65.091
311.096	207.794	131.228	72.345
315.915	208.474	137.999	76.568
320.640	209.583	146.870	79.736
336.175	211.668	144.430	84.185
342.133	213.118	139.592	83.569
347.711	210.186	140.085	82.969
355.644	206.836	138.621	81.800
375.557	200.014	124.457	83.963
399.044	186.099	111.447	81.036
392.733	164.010	114.699	79.982
360.427	154.860	138.892	238.005
361.406	0.000	176.167	0.000
364.386	111.966	133.412	99.867
366.964	84.844	125.467	88.673
307.706	302.640	116.500	41.416
366.136	57.413	137.476	69.860
374.265	52.081	132.656	73.618
373.950	48.542	133.036	75.744
369.572	47.542	137.418	75.047
371.680	46.094	128.708	82.447
369.715	46.974	123.717	87.162
375.355	50.556	115.048	94.961
375.354	52.132	139.047	133.405
397.090	85.594	113.296	107.054
397.842	92.377	98.391	115.801
408.515	127.129	99.178	97.390
406.387	146.983	113.454	85.102
403.607	165.642	118.983	79.792
264.159	281.503	27.966	88.421
389.521	186.257	131.842	80.078
399.202	197.884	122.018	84.820
395.108	202.369	115.998	93.922
398.609	204.511	112.186	100.244
404.385	205.924	102.931	111.026
396.483	207.550	108.021	114.420
387.690	212.136	117.290	111.400
380.562	204.567	121.204	117.720
373.982	199.870	115.381	114.817
354.541	192.919	115.459	104.960
340.699	167.365	118.534	117.426
335.179	136.010	111.628	119.020
335.431	97.704	94.227	129.142
334.054	81.636	89.621	122.245
326.750	48.156	115.545	142.247
310.107	289.025	109.395	83.914
317.024	17.312	86.199	116.034
308.832	17.416	88.570	110.768
304.637	13.594	88.934	99.058
303.489	9.168	87.870	78.859
301.033	8.730	85.957	78.010
296.068	9.184	87.627	80.581
293.396	8.853	90.669	84.549
286.504	8.819	94.196	89.115
276.618	10.035	98.484	92.941
271.080	13.219	97.064	107.923
264.127	13.569	138.253	131.139
276.726	41.022	151.708	128.472
278.338	71.515	159.085	117.132
284.396	75.952	182.407	120.258
279.564	109.779	184.998	98.137
296.495	140.859	174.781	78.681
323.835	154.141	157.006	80.908
330.644	183.890	146.112	86.619
296.363	211.703	137.813	102.946
317.902	238.699	130.258	94.489
336.896	240.279	131.498	96.074
340.774	247.188	141.301	92.839
349.031	229.731	128.366	111.279
352.201	224.698	126.036	116.222
350.753	228.073	132.844	112.444
353.200	209.766	125.928	128.411
356.308	198.962	120.287	131.445
387.050	193.414	102.030	128.283
388.326	163.143	97.978	143.299
404.780	134.344	85.125	142.584
412.297	102.941	83.509	131.511
422.197	66.947	86.313	139.420
421.053	23.492	96.734	150.264
417.087	17.100	101.326	126.716
421.325	11.275	92.295	112.864
423.579	8.109	90.753	101.474
384.844	51.307	148.334	171.635
340.595	93.947	208.206	336.121
333.979	38.531	226.715	454.563
314.316	6.037	270.469	500.245
568.679	383.455	158.340	109.496
368.352	97.873	144.522	136.803
373.065	113.743	155.380	113.973
378.723	109.494	142.745	118.179
352.603	98.340	158.494	125.951
341.614	95.744	169.759	130.368
388.093	0.000	145.531	0.000
350.332	101.796	141.940	122.502
494.465	0.000	155.797	0.000
431.300	29.335	104.853	130.548
419.937	50.538	118.266	129.449
407.853	86.887	137.747	106.956
411.040	103.051	151.670	97.121
542.584	0.000	168.828	0.000
396.565	140.950	144.137	119.116
388.723	147.728	136.770	138.951
386.274	160.724	132.780	142.228
380.758	163.544	121.227	145.846
377.008	162.691	112.987	151.028
371.466	168.088	113.261	154.130
366.186	172.142	107.615	148.754
362.833	181.456	102.510	147.075
360.452	195.486	96.023	136.296
356.616	201.314	76.898	129.149
350.829	200.577	69.589	127.888
340.315	189.420	68.555	135.429
328.107	191.945	71.763	132.610
319.451	171.404	71.394	149.165
307.993	154.593	74.768	166.492
298.682	134.135	77.731	177.450
292.940	123.921	85.427	164.951
283.793	101.557	92.010	142.901
266.795	84.944	112.404	116.146
310.492	267.957	87.065	95.626
253.708	12.107	149.975	148.352
254.510	55.861	169.806	193.993
275.599	75.004	204.481	399.738
264.075	21.743	263.988	490.636
247.206	0.000	292.654	497.074
249.674	0.000	311.529	497.966
109.969	0.000	473.492	557.211
276.086	42.044	253.523	392.934
260.045	13.201	294.309	504.747
289.545	20.651	214.909	403.565
268.044	0.000	125.436	0.000
341.675	94.645	105.855	77.500
276.739	5.805	136.711	119.012
278.267	13.284	129.237	141.391
274.638	19.021	132.234	149.245
291.068	19.859	119.052	128.976
293.183	26.155	98.002	136.753
292.698	25.689	101.286	125.610
285.572	27.310	103.674	123.820
277.553	37.460	166.382	147.265
272.360	37.058	139.483	136.816
269.533	109.479	182.333	237.167
251.608	63.689	228.557	159.827
248.782	79.432	190.609	102.442
240.009	94.794	168.054	107.077
242.446	109.413	168.118	106.398
248.059	126.068	147.026	107.769
258.680	153.972	137.029	81.925
269.913	161.959	128.374	98.755
282.636	170.167	112.225	110.562
297.560	182.631	121.694	107.619
301.073	187.085	135.485	109.178
305.330	188.093	140.526	114.577
305.253	195.257	151.948	112.914
300.605	178.225	140.808	127.739
292.304	181.704	154.428	125.779
288.713	184.090	156.725	129.397
288.494	185.062	157.093	127.735
288.720	178.135	148.924	136.407
285.769	184.089	147.469	126.713
286.115	183.628	149.730	121.990
280.492	168.513	153.750	126.951
277.410	175.370	155.663	121.660
277.597	174.727	147.238	120.951
278.558	180.251	152.102	120.579
279.989	169.645	164.743	122.597
283.929	160.249	163.007	116.145
283.652	139.752	161.070	113.728
288.467	129.837	156.060	101.312
285.068	102.173	146.027	100.114
287.772	78.102	135.409	114.169
290.295	61.057	123.724	122.534
287.175	48.260	188.152	140.543
286.347	36.119	140.004	143.052
283.072	24.440	125.657	128.839
284.033	24.435	114.939	121.631
287.126	24.657	118.412	121.952
280.436	23.338	143.382	164.167
281.345	42.628	129.838	149.883
283.094	55.954	124.126	143.057
293.341	84.356	117.767	126.436
297.704	105.562	117.283	118.715
301.371	129.834	120.111	124.087
307.695	147.306	123.484	123.856
316.660	158.098	128.802	130.800
334.837	176.965	124.506	129.380
338.539	202.199	96.698	132.204
338.004	210.853	103.989	118.203
337.688	208.810	104.887	118.908
338.060	204.261	112.746	117.963
334.887	180.278	111.287	111.640
325.750	167.614	106.785	112.395
319.651	131.910	109.290	122.002
319.159	116.092	110.136	133.136
315.740	93.676	99.274	122.419
319.538	72.410	103.891	116.877
322.598	47.740	103.952	106.287
324.494	22.994	91.599	106.202
330.335	13.944	89.835	112.948
327.390	11.255	97.160	106.929
327.860	11.557	101.165	112.761
324.992	9.401	110.880	117.401
326.047	11.400	112.773	117.881
325.934	14.400	112.896	116.034
331.285	22.295	115.477	112.456
377.369	121.359	107.093	80.185
343.781	64.171	101.999	104.768
355.269	80.741	102.018	112.865
371.690	101.382	100.277	113.906
378.633	107.520	92.391	109.328
393.227	139.858	81.977	99.502
402.579	146.719	89.699	115.030
417.326	169.935	80.075	111.668
428.686	186.551	72.411	129.794
435.403	199.567	70.917	127.603
445.008	210.433	71.082	113.948
454.365	220.073	62.795	109.192
459.994	208.983	59.506	114.255
455.725	191.208	60.408	119.980
447.881	170.600	65.077	134.301
444.057	144.865	67.217	142.981
430.024	128.544	79.281	119.566
428.933	91.795	76.429	117.828
423.301	61.196	72.545	119.254
420.595	43.927	76.051	126.338
416.756	29.645	71.098	111.023
415.003	19.762	65.768	103.834
412.812	15.451	61.155	98.642
412.705	14.057	59.104	95.037
413.619	11.971	56.345	98.844
404.887	10.647	59.330	105.780
402.834	13.868	58.722	111.571
398.988	19.077	60.738	113.588
397.235	24.060	64.672	112.493
394.890	28.954	71.258	115.995
395.798	44.153	85.191	119.527
385.854	70.258	105.957	114.470
374.021	76.737	103.990	106.889
401.236	115.633	113.048	92.368
400.398	151.612	113.900	72.450
400.377	164.152	109.687	75.078
398.414	195.384	103.164	72.865
411.602	217.076	95.181	74.497
387.041	222.284	99.751	97.055
392.375	243.730	86.825	103.705
399.382	250.851	93.314	103.010
401.163	245.582	92.475	106.037
392.981	242.748	107.973	91.997
386.366	223.946	114.642	94.731
385.673	208.919	109.640	102.616
386.408	195.425	110.502	106.108
402.932	173.552	95.347	103.645
392.533	150.694	104.756	92.441
387.725	144.104	99.408	77.470
386.077	138.834	101.192	78.292
388.879	109.633	103.366	68.535
385.273	94.712	111.881	75.717
382.332	80.826	115.354	94.444
382.550	73.610	122.344	105.203
385.288	72.081	118.962	110.926
388.237	76.813	117.420	112.532
392.883	87.693	115.517	106.682
394.088	103.250	115.477	93.042
400.025	129.601	118.214	75.900
404.604	146.821	104.505	69.210
407.814	159.184	102.444	62.848
411.974	167.519	104.595	62.876
416.116	171.006	106.861	63.256
424.056	176.292	107.686	61.472
429.183	180.675	109.295	59.718
428.607	188.599	106.733	58.351
431.920	187.462	106.316	69.084
437.901	182.917	111.703	82.312
440.417	175.206	118.579	93.527
441.944	169.631	117.058	100.486
446.899	167.831	117.024	107.366
455.508	168.508	114.844	109.833
464.650	175.520	117.690	105.147
469.059	182.635	134.422	104.691
477.125	197.943	138.088	104.564
480.381	213.517	144.882	103.613
318.195	303.622	151.600	109.872
355.360	304.658	101.065	86.437
332.148	306.535	135.521	77.814
496.118	259.612	80.761	72.493
381.926	287.875	32.212	63.117
488.232	268.573	78.439	70.834
473.780	266.720	78.455	76.143
476.410	270.087	64.836	81.014
477.524	272.045	62.993	76.876
477.691	273.372	77.289	70.645
467.527	268.405	88.793	73.162
459.545	268.225	98.186	68.429
454.212	266.926	100.366	64.821
452.212	263.392	102.463	64.457
452.219	259.035	107.629	63.454
454.685	245.751	103.117	69.981
464.937	234.219	99.055	72.137
468.444	222.737	92.043	70.685
461.569	206.159	96.115	70.802
460.050	183.567	95.045	81.805
458.860	158.444	91.294	91.536
457.728	142.642	83.902	95.820
457.514	129.611	78.281	98.674
455.733	120.227	69.109	102.202
452.596	117.930	58.657	97.459
451.513	117.802	63.692	94.030
446.750	117.090	64.562	87.178
442.435	117.522	66.118	85.018
437.042	117.917	68.694	87.946
432.518	122.634	72.591	105.823
429.694	128.331	86.672	103.094
430.464	136.802	91.485	103.137
431.781	145.237	82.511	97.083
450.226	157.787	68.593	96.229
459.640	178.642	61.832	89.759
466.527	185.897	60.266	91.751
469.486	192.310	72.652	93.913
465.149	196.040	83.287	92.464
460.115	199.463	99.080	89.429
460.522	203.606	100.618	81.827
455.558	200.918	107.891	77.781
451.946	197.507	111.531	76.884
444.304	196.522	118.020	74.680
435.110	194.302	122.771	74.742
428.956	191.678	117.885	76.075
419.240	191.475	113.269	79.897
427.979	198.547	89.647	77.915
398.922	196.413	81.193	87.510
376.204	201.226	85.254	94.852
361.916	206.158	94.204	100.021
323.133	219.009	114.927	92.823
310.485	224.810	107.421	95.094
301.253	240.623	105.956	83.014
297.535	248.174	100.320	80.533
298.954	251.450	98.596	81.953
304.362	253.474	101.969	85.088
316.542	258.321	100.875	83.283
325.383	260.268	103.166	80.268
340.880	263.694	97.512	73.559
361.130	266.341	86.389	65.831
380.803	239.091	75.070	83.875
398.578	159.921	128.671	123.649
409.843	213.791	120.813	134.695
415.724	226.352	140.523	83.362
469.629	233.362	97.864	71.061
493.490	225.287	76.750	77.038
497.177	211.513	75.869	91.700
503.518	204.273	72.702	95.892
506.772	201.491	66.739	100.538
501.574	201.197	72.662	99.888
477.229	199.996	101.056	96.283
466.057	203.625	108.000	90.570
459.132	203.922	91.716	90.784
458.849	208.293	91.005	87.601
459.865	211.711	93.990	83.615
464.046	212.893	103.996	82.912
329.215	266.194	34.530	86.422
477.154	213.719	97.986	82.141
444.263	213.706	137.833	87.358
462.442	215.398	110.197	94.390
484.385	221.520	86.985	94.054
433.963	239.383	116.215	141.794
410.261	184.644	147.175	238.754
418.788	182.646	128.679	251.557
350.382	255.326	92.423	84.954
328.418	251.270	85.361	80.413
312.313	244.498	84.866	84.718
293.854	239.269	88.077	88.754
281.401	233.621	91.073	90.489
279.608	228.925	86.714	94.823
279.355	226.011	85.996	98.668
283.121	223.893	90.507	97.256
292.698	223.547	99.513	93.358
308.144	231.689	105.189	76.499
332.094	235.617	113.284	62.421
364.432	226.418	106.873	74.363
404.986	209.182	104.514	79.786
443.970	190.050	95.884	100.837
456.409	191.545	119.036	93.646
504.594	180.336	93.272	109.602
469.871	176.701	146.239	113.928
316.867	299.898	143.528	79.774
555.521	170.522	89.135	121.297
569.864	185.627	81.159	106.144
572.903	198.128	85.901	94.586
566.976	212.975	94.610	83.817
553.700	216.951	104.676	88.923
548.746	222.810	103.173	93.193
545.404	228.410	104.543	94.216
545.412	228.553	100.936	95.877
547.555	225.746	102.285	99.386
545.755	222.500	105.634	107.454
546.603	220.564	108.090	111.978
546.678	219.139	113.758	111.657
545.076	216.566	116.751	109.738
542.852	212.606	116.773	107.585
538.675	209.977	114.773	107.157
532.648	207.308	112.206	104.223
524.323	203.292	107.899	106.802
513.481	197.014	106.347	103.979
496.074	195.657	107.671	98.716
475.567	188.429	93.358	98.309
460.688	184.750	90.784	94.748
437.349	184.273	99.940	85.481
415.609	184.326	89.445	85.506
388.756	185.721	100.504	77.379
361.150	188.517	101.641	72.982
341.994	190.162	116.251	74.227
328.978	191.889	126.197	75.533
321.363	193.864	119.082	76.265
317.851	195.450	117.838	77.311
314.675	197.325	109.838	80.612
313.932	200.961	101.922	84.947
313.330	205.080	95.242	87.693
316.996	210.270	88.951	89.490
322.369	215.911	88.895	94.789
326.900	224.624	83.085	93.688
329.101	232.986	78.511	91.563
335.676	239.631	71.942	93.765
340.472	252.928	67.123	99.076
348.878	258.853	77.234	107.907
360.738	274.889	75.651	101.051
365.198	275.126	77.946	97.659
380.476	261.437	81.685	100.361
304.718	288.374	130.226	135.835
310.397	303.123	162.970	128.389
418.063	202.771	89.468	79.025
446.874	225.181	87.098	165.030
461.041	226.058	90.478	75.436
476.071	214.412	96.973	84.596
483.307	214.482	109.611	67.350
484.302	199.867	111.821	63.238
488.756	199.647	111.715	63.912
488.916	195.442	114.627	64.368
491.174	198.385	122.701	62.000
499.992	200.338	120.746	63.820
508.276	202.907	106.516	73.056
523.635	219.283	92.806	70.957
535.621	227.363	77.739	78.281
537.164	233.400	74.048	82.780
539.705	235.356	68.861	86.490
536.538	234.484	64.205	89.818
541.176	229.380	65.075	96.044
425.271	252.369	56.182	82.994
420.649	252.556	60.999	82.228
400.998	252.695	70.490	79.864
361.427	248.856	81.174	76.299
343.668	247.365	93.555	74.106
330.058	243.930	99.194	75.459
310.479	243.198	117.670	69.678
298.842	243.272	127.658	66.278
301.423	242.779	136.166	62.755
318.801	241.659	130.305	60.837
345.360	241.443	123.032	61.864
371.646	242.258	121.674	68.485
396.593	239.313	124.225	69.629
447.596	232.311	100.197	82.772
473.415	230.520	94.323	89.801
501.842	237.592	77.293	88.534
522.006	233.126	81.963	91.272
542.243	230.699	101.208	88.201
553.226	232.963	105.111	80.920
548.621	226.833	122.437	82.307
548.673	224.803	122.428	78.603
544.304	222.520	122.284	72.756
539.484	221.530	104.645	69.654
527.364	213.016	94.814	78.202
512.879	203.918	91.015	87.341
510.636	201.637	90.504	89.615
439.986	201.777	131.044	159.229
415.411	140.854	120.493	166.060
414.513	186.033	107.812	212.481
416.255	238.432	101.072	166.037
574.749	223.922	48.717	123.999
564.914	311.419	51.621	68.521
322.605	146.714	31.911	96.504
468.760	205.410	64.411	65.189
479.441	207.408	65.594	67.892
479.265	209.434	70.764	69.292
478.907	208.871	79.427	70.687
477.655	212.229	93.495	79.580
476.940	208.908	108.758	87.090
471.052	209.583	121.254	88.942
469.524	216.140	123.138	83.890
467.294	221.757	118.379	77.555
451.337	235.375	128.438	64.587
417.729	245.350	130.077	59.652
405.614	251.920	113.795	65.643
396.248	254.802	111.352	69.048
364.214	257.578	124.241	73.643
332.517	269.475	134.615	72.767
308.725	280.701	123.598	67.822
297.110	285.105	112.679	72.141
285.976	284.927	106.052	76.733
279.075	284.143	102.788	77.316
275.290	283.083	103.319	78.078
273.561	278.524	107.886	84.747
280.229	274.427	103.604	90.443
300.167	269.792	91.866	90.335
307.523	271.436	100.719	83.733
317.288	270.231	100.767	79.249
339.657	277.564	88.108	70.652
339.187	276.718	87.974	67.320
309.001	244.389	119.547	85.544
394.660	129.663	152.055	142.000
402.371	114.126	150.622	165.437
414.462	105.648	143.391	194.803
389.206	114.318	182.944	328.558
465.437	150.021	165.725	165.443
495.594	176.559	133.676	130.364
507.130	215.277	127.460	94.044
348.968	296.521	54.336	100.861
518.723	186.468	122.694	111.424
514.375	186.968	118.631	107.405
509.300	185.156	116.997	103.006
489.241	177.996	112.690	106.715
464.707	184.053	79.629	101.601
438.876	187.428	89.695	101.474
422.138	187.963	102.290	104.617
408.895	188.309	114.730	108.055
404.086	188.616	119.091	112.321
406.425	189.798	117.344	113.314
411.097	190.761	111.315	112.717
422.971	191.209	100.600	113.974
437.767	192.974	90.844	112.455
459.447	195.282	74.254	110.840
475.550	195.914	68.996	112.937
482.572	203.321	72.455	104.239
482.993	208.038	89.815	106.179
490.840	216.719	96.071	104.423
493.608	227.290	94.251	101.898
492.623	228.879	93.633	103.111
399.668	154.968	158.245	147.990
337.111	94.728	191.490	259.631
335.910	96.700	215.848	373.401
328.646	72.321	256.166	407.648
299.921	65.238	289.647	412.712
295.482	67.205	284.978	414.660
259.258	252.379	121.630	84.292
249.143	253.339	114.761	82.337
245.510	251.643	114.109	86.208
240.117	251.461	118.614	92.804
242.319	253.034	118.395	95.942
249.512	255.547	118.289	95.943
258.763	259.671	123.651	95.271
276.291	261.601	131.516	98.402
295.573	254.365	138.036	106.436
323.272	245.751	149.626	111.160
354.198	245.587	146.978	102.403
385.628	239.269	142.068	94.046
402.871	230.153	141.461	79.849
434.809	217.610	132.514	80.338
459.093	201.410	132.685	90.996
463.291	187.167	144.272	102.778
468.196	178.080	148.535	103.054
469.552	172.732	142.995	108.786
464.757	174.203	137.308	104.012
458.567	176.642	122.297	100.319
459.872	176.701	112.165	100.464
464.868	179.084	117.405	97.776
467.040	181.729	120.953	94.939
464.778	181.709	123.591	94.773
463.570	182.858	129.038	93.459
464.962	182.381	127.807	91.733
463.757	185.172	130.370	84.815
463.555	184.759	129.876	78.395
463.049	182.384	128.979	71.775
455.969	175.550	129.766	64.605
445.663	167.333	131.454	58.403
437.198	159.103	126.090	53.333
430.671	149.368	114.172	60.805
415.724	137.062	131.553	73.057
423.292	127.216	132.657	78.087
423.998	122.557	123.418	87.107
427.582	121.000	114.627	95.522
424.511	122.854	114.028	100.119
433.221	131.368	107.296	104.097
425.582	143.578	87.973	111.383
429.453	156.545	81.868	113.229
432.036	171.081	71.257	113.503
436.360	182.385	63.857	118.980
441.065	189.655	61.821	123.068
442.090	197.920	61.551	116.539
443.410	206.627	61.525	108.703
446.515	190.162	60.522	120.912
449.250	181.597	61.807	128.448
451.951	171.097	63.334	129.625
454.096	162.231	65.609	121.546
455.093	148.388	63.753	115.343
456.169	131.258	61.747	112.295
454.315	115.383	60.657	120.405
449.501	100.222	65.444	129.770
452.287	98.665	63.591	126.212
454.476	106.059	65.522	113.712
457.731	110.197	60.373	100.749
453.156	112.649	61.291	106.763
454.218	116.936	62.137	121.247
450.240	134.315	71.836	116.107
448.554	144.909	71.871	115.298
452.205	144.953	66.258	124.440
448.598	156.479	66.072	117.820
451.279	167.279	66.237	110.662
447.993	191.919	64.301	98.079
445.831	197.555	67.770	106.352
443.059	206.784	68.039	108.313
442.143	208.745	71.143	107.753
436.231	201.280	70.975	114.556
433.176	187.740	74.480	117.753
433.594	173.182	81.120	113.366
429.781	153.942	90.556	113.049
430.637	130.999	97.059	116.326
430.782	104.629	98.539	120.283
432.939	83.488	96.582	121.743
437.348	73.643	92.891	110.412
444.287	70.211	89.456	95.506
448.911	60.680	85.717	103.967
454.875	49.454	79.525	112.348
460.006	46.496	74.528	121.488
465.492	50.294	65.641	132.427
465.631	60.544	64.973	124.689
467.372	79.446	69.185	114.029
469.247	92.879	78.121	108.146
463.949	107.462	94.812	110.166
459.190	117.917	101.487	106.562
447.946	134.694	116.457	91.431
436.927	155.372	133.967	80.022
430.052	165.185	144.666	78.249
435.731	173.125	132.052	74.519
430.196	173.761	131.129	77.230
431.551	176.489	121.962	80.427
425.627	179.642	120.088	89.056
423.398	186.044	118.336	92.184
421.692	193.438	119.145	94.022
423.310	202.944	116.540	86.849
426.703	202.963	117.939	87.505
427.880	204.441	123.661	90.683
428.784	205.623	125.570	92.761
424.990	194.449	134.262	102.710
426.449	178.091	136.189	114.925
429.008	164.913	135.819	118.671
434.368	148.975	128.151	106.995
449.507	127.639	112.205	110.034
451.640	100.077	112.109	128.817
442.482	93.503	115.579	125.882
435.619	91.376	122.051	108.752
424.324	82.387	127.866	111.040
401.608	74.028	139.711	120.075
394.490	76.497	143.613	118.726
387.667	82.419	148.201	115.193
384.163	91.289	149.598	110.301
379.247	102.949	137.118	100.828
371.659	111.010	124.198	96.168
372.118	117.490	112.479	90.646
370.112	121.375	114.283	93.558
367.352	124.791	117.018	90.792
364.510	127.454	117.884	88.805
362.408	128.373	118.713	89.222
364.574	129.138	116.993	90.056
368.250	131.488	113.588	89.114
371.761	134.170	110.700	87.756
375.179	136.354	107.618	88.231
380.359	137.430	105.414	90.332
384.158	137.208	103.725	91.537
385.099	137.112	105.328	92.454
386.373	135.978	107.985	92.970
387.655	137.228	110.660	94.907
386.136	136.255	113.237	96.494
385.950	135.888	115.377	96.917
386.739	137.305	112.944	95.531
386.335	137.021	114.168	94.459
386.051	136.278	113.378	94.982
385.994	136.074	114.509	94.944
385.492	136.634	113.076	93.080
384.347	136.641	110.415	92.547
384.997	137.350	104.176	91.223
385.066	139.723	102.714	88.353
383.882	142.078	100.882	86.844
383.606	139.786	103.239	87.712
382.953	141.861	101.558	85.984
381.994	141.496	103.232	85.838
381.502	142.034	103.996	86.250
381.015	141.817	104.133	86.640
379.950	141.852	103.856	87.175
379.865	140.600	105.501	87.025
379.755	139.882	104.427	85.236
379.441	137.207	104.382	81.410
378.884	132.940	108.051	76.160
301.923	298.494	111.914	59.759
372.059	112.531	112.872	75.492
364.671	106.060	121.604	77.751
362.290	100.988	101.570	80.258
367.740	99.414	91.220	87.703
371.125	95.307	75.863	99.159
374.507	96.959	73.587	105.473
371.998	94.942	68.847	110.009
366.861	104.777	67.501	112.961
359.569	116.998	76.685	110.146
345.638	124.575	90.530	106.235
330.224	134.301	108.522	97.064
329.793	151.117	115.588	83.059
334.101	162.015	121.537	69.056
334.023	169.491	122.683	58.376
308.378	298.979	101.342	77.779
342.596	165.094	110.753	66.603
343.210	165.158	118.954	68.155
341.305	166.564	116.008	68.885
339.659	168.760	118.296	68.343
342.569	168.864	114.060	71.832
340.956	171.241	111.693	71.584
336.523	170.253	112.271	71.971
332.479	167.153	106.986	79.533
334.549	167.380	99.408	95.966
336.257	196.195	88.829	85.419
305.622	224.320	94.261	64.885
290.506	225.329	90.235	63.812
281.523	220.398	94.750	76.887
282.086	213.487	82.606	91.820
278.257	204.848	66.156	100.048
257.334	198.180	77.285	92.138
247.134	194.072	85.051	82.495
245.493	189.815	94.991	75.074
245.576	185.623	100.962	76.726
253.626	184.421	106.072	77.291
262.908	183.417	102.511	79.971
289.223	186.825	89.194	93.110
312.639	186.409	76.917	99.882
335.974	192.908	84.756	96.436
348.543	193.075	95.131	89.618
366.901	174.991	111.453	82.100
377.059	155.171	114.418	86.488
391.575	144.198	106.483	88.958
418.735	136.994	101.804	91.152
431.685	132.793	96.719	87.068
441.673	124.272	93.479	94.932
444.808	122.442	95.055	96.453
446.733	122.991	98.055	98.530
446.844	128.051	103.266	102.906
439.026	143.709	108.674	94.697
425.369	156.946	115.718	87.961
416.510	166.721	144.094	77.080
267.731	272.026	31.471	93.053
403.839	190.855	136.170	81.796
401.479	187.889	118.931	92.655
399.258	180.734	91.415	103.183
398.111	163.028	77.487	117.665
393.847	158.814	79.784	114.636
391.659	157.642	80.417	114.685
392.864	156.642	79.359	113.480
397.826	161.038	75.136	116.538
403.911	162.666	68.512	120.307
407.617	168.513	67.821	114.266
408.147	177.880	81.645	107.190
399.332	182.089	98.294	95.955
391.854	185.848	106.120	79.748
393.453	185.205	116.751	71.040
390.322	181.035	117.483	58.375
394.703	176.572	111.627	56.348
402.730	172.497	132.844	56.017
405.848	166.314	151.517	59.707
409.825	165.035	153.081	60.709
409.110	164.084	155.560	62.271
415.140	164.998	151.459	66.035
408.620	169.242	142.638	69.159
415.429	180.732	133.963	70.715
411.692	193.672	130.693	76.026
415.388	208.178	113.569	89.354
414.270	221.968	112.088	106.180
415.034	231.185	115.503	121.703
412.205	231.708	127.431	131.616
402.146	240.884	140.587	127.534
403.235	241.183	143.233	132.489
401.771	242.738	143.939	129.071
397.638	244.223	145.646	119.786
396.558	246.466	138.547	115.696
392.537	247.034	135.513	117.783
393.690	243.743	124.233	124.802
398.344	240.334	108.024	136.980
398.707	239.512	97.943	139.618
397.341	236.275	89.754	139.008
396.468	234.470	81.903	137.503
394.664	232.293	79.586	135.482
393.557	228.337	80.644	130.421
393.127	223.396	84.225	127.208
392.997	218.806	86.783	123.768
392.874	217.265	91.563	122.419
393.363	215.748	100.654	122.815
394.895	215.286	110.324	118.693
397.305	213.116	119.553	118.574
401.465	214.543	124.858	116.901
416.760	211.481	128.372	120.835
424.309	209.203	138.405	125.740
428.804	208.363	154.597	132.715
437.152	199.940	162.532	140.815
451.783	192.428	167.980	147.525
474.245	184.479	161.907	145.253
490.492	175.776	152.640	143.500
508.295	168.605	139.673	134.783
520.495	167.436	133.168	132.052
525.126	167.166	129.585	128.517
527.304	168.208	128.274	123.550
524.741	172.011	129.847	119.277
518.343	173.519	132.675	116.467
512.782	175.723	129.173	113.083
504.392	173.715	123.621	113.778
496.686	171.231	117.623	125.646
484.968	168.419	110.627	127.315
469.220	167.038	109.665	135.090
453.226	163.868	107.923	140.378
433.737	162.780	112.661	137.483
413.617	161.617	114.029	136.202
394.296	161.249	117.648	138.831
371.044	161.273	126.430	140.958
351.802	160.308	138.485	143.400
333.678	160.276	142.805	147.312
316.234	163.387	148.952	148.707
310.286	173.830	143.262	138.735
310.161	185.186	139.794	126.817
315.967	193.707	138.618	119.304
326.127	205.952	133.532	112.125
334.438	211.512	147.262	117.446
359.903	212.247	142.215	122.065
388.297	206.769	133.457	127.088
410.914	204.788	123.457	132.971
421.295	196.355	133.717	142.388
452.019	184.871	122.746	145.535
472.587	178.650	118.581	136.493
496.907	168.057	128.186	133.085
505.550	153.153	129.211	143.867
509.793	136.222	142.335	152.371
516.992	126.200	149.640	156.688
516.048	122.135	158.397	160.822
518.573	119.488	158.949	163.847
514.118	124.285	162.233	161.877
502.520	140.152	164.006	155.692
492.292	150.303	160.187	150.689
481.285	164.677	162.531	141.534
469.489	169.845	161.840	138.931
455.205	172.054	170.195	149.742
436.387	178.018	160.491	154.750
422.465	199.106	143.781	134.156
415.454	210.334	132.560	125.359
395.723	210.871	136.181	123.679
388.252	213.899	134.924	120.096
388.523	211.716	133.849	117.723
395.665	210.126	126.298	116.047
406.327	211.083	116.716	118.602
420.365	212.664	108.958	124.342
431.840	213.081	113.284	126.769
437.767	210.419	121.928	140.136
442.214	210.290	131.399	141.380
447.013	211.770	139.317	145.055
454.282	207.582	153.541	146.795
462.599	204.958	154.414	147.238
472.967	191.827	151.254	152.401
481.779	186.308	148.494	150.373
485.860	181.086	146.862	148.021
490.909	180.674	141.355	145.460
492.915	182.274	138.541	141.436
494.882	175.937	127.629	149.577
490.200	181.134	122.321	143.075
482.292	193.400	116.330	134.541
470.869	199.060	107.698	134.945
459.830	198.959	109.682	141.092
444.336	206.633	123.381	142.413
429.013	213.408	131.218	148.208
413.895	212.854	139.463	155.058
396.195	216.941	149.357	151.794
377.100	223.905	155.471	147.940
352.872	226.117	166.959	153.233
328.459	231.141	176.913	153.613
315.341	234.410	171.865	153.098
298.760	235.692	171.254	152.300
280.819	235.771	174.098	152.423
261.321	237.989	175.576	150.050
251.945	232.731	162.606	156.906
243.521	241.731	157.505	146.602
236.509	245.842	151.976	140.981
231.725	250.165	139.424	136.830
228.100	257.271	132.404	125.132
221.571	260.507	130.467	120.640
221.534	258.536	128.352	122.122
221.077	260.512	136.086	121.010
229.658	260.279	138.752	122.222
238.107	265.823	148.538	118.441
250.739	268.057	155.645	124.114
255.752	263.501	157.885	135.187
275.058	251.423	178.036	148.860
297.773	238.555	188.757	153.764
327.862	226.753	181.281	149.873
357.357	215.671	160.621	145.232
368.441	198.976	159.669	131.235
384.834	186.548	165.853	134.187
398.190	184.305	163.385	125.034
401.489	183.871	164.297	112.607
398.625	184.926	167.935	103.463
391.583	188.738	172.169	100.231
383.338	195.415	170.775	96.050
372.384	201.712	159.444	103.438
362.178	206.029	151.581	116.704
353.209	208.903	156.705	132.523
340.497	210.796	157.847	141.034
330.840	217.598	153.090	137.620
323.863	225.950	154.495	132.467
318.046	239.007	153.596	127.449
311.986	239.769	158.110	132.681
310.992	240.277	159.428	133.745
313.136	240.516	157.574	131.091
315.437	239.532	156.078	127.161
319.975	234.136	152.908	126.094
322.004	231.276	154.908	125.262
327.564	229.757	156.341	125.234
339.340	228.867	152.995	124.242
351.514	226.879	158.126	126.740
373.450	226.584	154.262	129.065
391.672	221.678	157.193	139.161
415.409	216.459	162.493	149.196
439.191	210.115	168.985	160.928
456.564	208.042	170.756	168.433
484.533	201.863	161.251	153.492
516.884	198.640	160.300	145.222
539.716	201.882	159.451	137.130
549.622	198.634	172.284	120.917
551.403	181.799	192.358	130.718
540.459	168.137	205.867	144.679
529.159	155.942	211.203	158.213
520.750	151.896	202.218	164.198
505.717	151.480	200.798	165.350
487.625	155.643	192.693	166.534
457.652	166.555	190.935	158.757
438.443	177.235	181.054	148.399
404.494	191.848	175.910	141.799
359.510	201.103	180.691	145.434
341.085	203.449	171.224	152.811
300.920	200.872	183.128	148.482
247.093	205.357	200.757	146.224
218.861	203.888	195.539	145.192
202.215	195.468	197.512	142.581
182.309	184.759	185.003	144.044
161.751	174.766	177.533	145.968
134.780	170.448	186.799	149.293
112.461	168.117	199.193	152.094
98.365	171.739	210.221	154.556
88.426	177.543	216.885	157.749
88.607	191.384	213.088	153.481
96.431	202.059	202.365	148.610
114.714	205.534	191.419	150.626
133.629	201.446	185.043	162.027
150.272	188.246	208.329	173.448
178.186	167.756	215.391	182.953
209.525	157.906	210.584	175.319
240.562	147.571	211.638	170.633
259.932	142.786	202.811	173.447
269.148	140.067	199.060	169.800
275.071	141.364	201.565	171.327
276.234	146.295	201.503	173.899
271.573	146.048	204.136	178.596
269.015	147.870	200.365	182.805
271.813	147.707	187.200	185.619
264.418	148.978	193.230	189.350
265.365	148.801	179.701	192.915
265.929	150.366	169.506	191.272
265.808	154.298	164.665	190.314
265.639	157.415	162.194	189.552
273.714	172.102	156.125	173.412
275.885	182.420	157.266	165.788
276.272	190.970	163.486	160.136
288.904	204.291	165.271	165.656
296.967	207.241	167.106	169.746
303.968	206.133	163.830	176.064
317.064	203.976	153.438	178.235
330.277	202.746	136.691	178.485
345.300	202.533	125.665	176.376
374.829	195.865	104.186	177.627
390.753	200.713	105.229	170.052
401.830	205.685	106.623	165.533
408.699	199.684	123.085	177.945
416.767	202.538	136.320	163.869
422.618	198.114	148.903	164.364
431.177	197.574	153.277	161.051
428.454	198.292	161.740	155.253
418.649	196.125	172.110	150.207
401.542	191.928	187.047	148.977
388.363	190.864	191.232	152.942
369.112	184.788	198.615	164.727
347.451	177.643	213.455	187.537
333.106	174.526	224.554	201.495
317.415	172.224	235.074	211.517
297.903	177.072	242.264	212.308
289.652	173.094	244.394	224.777
276.610	175.790	248.893	226.100
263.916	176.944	262.765	226.986
259.816	171.670	263.541	229.781
253.409	170.327	265.055	230.398
249.402	165.019	262.396	235.091
239.899	161.734	264.012	237.518
228.748	163.123	271.775	236.704
218.139	166.141	273.725	232.218
202.438	169.703	277.184	224.098
186.510	169.224	277.850	220.309
159.506	177.179	275.156	202.751
130.081	187.451	276.121	185.458
95.264	210.950	288.965	158.572
68.457	230.674	288.822	129.953
45.846	245.651	287.818	106.221
26.294	249.110	242.796	108.317
13.789	256.645	228.102	110.427
2.611	257.595	226.075	121.630
17.433	251.718	221.384	141.074
68.205	244.088	182.464	157.732
118.791	239.950	139.062	157.219
163.120	230.829	110.909	160.191
201.080	224.944	89.634	154.678
233.450	201.866	89.302	165.680
241.213	90.981	198.910	218.230
236.583	97.170	200.722	258.588
275.918	191.177	225.990	167.696
238.203	36.019	223.128	230.122
392.321	242.994	123.432	92.497
268.142	210.991	109.538	145.609
319.973	212.257	182.970	173.871
278.641	217.594	152.080	157.141
282.896	241.118	187.517	324.442
262.943	38.162	253.895	513.114
266.566	6.185	250.224	241.925
257.977	10.481	281.141	241.589
230.808	233.861	121.049	152.584
203.773	235.876	133.294	144.764
179.324	234.706	157.564	147.418
162.153	230.448	177.762	158.343
107.086	224.660	223.820	174.648
91.887	225.736	227.185	182.304
98.904	220.474	221.268	191.084
102.554	214.487	218.231	195.038
120.366	205.713	204.284	199.534
175.269	189.034	159.788	192.302
211.038	186.562	154.495	184.869
230.538	193.269	176.372	167.489
248.602	198.019	186.921	158.845
277.627	208.275	175.458	142.188
319.581	200.318	199.238	143.200
335.115	180.425	259.037	159.595
392.248	176.544	244.979	163.923
431.706	180.617	247.543	167.522
427.040	186.776	263.645	163.583
431.361	186.203	269.140	174.118
436.931	189.589	243.406	179.413
439.567	189.158	199.640	181.773
439.761	190.929	183.603	180.727
453.218	186.394	165.782	184.707
451.600	186.570	165.102	183.626
450.081	187.178	168.842	180.481
453.172	188.691	182.284	177.751
447.035	189.444	203.548	180.403
444.406	194.294	214.400	178.193
442.992	192.962	218.140	183.463
433.964	196.469	227.245	184.272
426.346	201.973	215.465	182.718
413.529	205.071	190.168	179.130
390.098	195.545	238.494	212.817
392.811	206.207	194.784	193.768
384.404	209.026	217.413	199.334
372.540	207.164	203.796	202.025
358.025	203.763	192.487	198.638
340.481	202.027	178.638	194.221
310.637	209.364	172.884	181.340
276.422	218.048	169.263	184.502
211.359	224.488	218.125	184.340
189.008	227.555	244.614	202.349
163.086	229.755	275.639	211.283
151.606	233.719	278.249	211.201
149.733	235.484	276.864	217.280
148.986	234.256	274.540	220.842
151.670	235.405	265.742	221.703
157.193	235.416	257.613	221.018
161.868	236.195	252.180	222.810
166.099	238.463	246.025	222.443
170.723	237.948	240.199	224.725
172.022	239.096	243.868	224.386
172.957	239.297	243.810	227.369
172.697	240.369	245.147	227.820
169.704	241.187	251.816	229.324
167.261	240.493	255.677	232.091
164.611	238.566	258.704	235.843
163.459	237.935	260.682	237.259
163.008	237.564	270.094	237.473
163.390	236.897	285.426	242.707
164.675	236.206	291.116	245.813
168.826	233.661	294.267	250.557
173.448	231.816	294.675	251.045
178.836	230.209	294.156	252.328
188.672	227.489	287.978	255.628
198.536	225.876	279.196	255.739
207.848	228.217	270.904	250.877
220.920	227.487	256.711	252.138
236.002	226.527	240.978	249.543
252.199	219.288	220.156	256.137
265.392	219.970	208.882	256.089
285.162	216.761	190.477	255.963
300.776	217.215	178.285	252.626
316.612	217.347	164.209	250.390
330.141	212.603	152.821	250.400
339.367	212.201	147.164	249.479
347.951	214.182	145.379	245.715
359.077	219.529	141.338	234.950
370.137	222.659	135.564	228.853
376.300	224.082	134.444	223.948
380.474	224.277	132.694	224.892
382.285	224.884	131.906	224.715
383.924	225.092	129.654	225.819
384.229	225.198	125.772	229.128
382.507	222.315	125.908	235.232
376.930	222.387	126.854	236.558
372.586	224.069	127.811	233.701
370.205	223.914	125.958	236.103
369.016	224.378	124.423	235.409
367.850	226.399	122.470	232.866
367.423	225.141	121.262	231.675
368.223	225.004	119.235	230.890
368.567	224.499	118.314	230.763
367.475	224.901	119.863	232.801
367.364	225.112	120.936	232.445
366.483	224.787	121.986	232.691
364.996	224.353	124.239	235.055
365.432	221.752	125.383	237.779
363.988	223.409	126.245	236.541
364.503	223.077	125.389	237.854
363.362	223.739	126.234	238.017
362.558	224.664	126.429	236.485
360.312	224.157	129.145	238.564
357.154	224.896	131.909	238.239
354.050	221.346	135.092	242.344
350.373	219.793	137.984	244.550
346.670	218.643	138.775	246.001
340.956	219.995	142.553	246.893
333.216	219.528	149.331	247.507
327.996	219.087	154.996	248.507
323.326	220.308	158.999	246.546
320.627	220.661	159.823	246.446
319.056	219.150	161.341	247.873
316.813	218.499	163.595	249.248
315.736	219.708	163.875	248.291
314.414	219.351	165.797	248.648
314.058	219.312	165.634	250.735
313.384	218.952	166.607	251.008
312.553	219.192	167.514	251.201
311.516	218.421	168.833	251.229
312.147	218.541	168.292	251.443
312.896	217.568	167.543	252.588
313.932	217.202	166.886	252.954
314.926	218.693	165.990	251.194
315.640	218.110	164.710	252.110
316.988	218.832	163.674	250.268
317.351	218.462	164.038	252.174
319.370	219.312	161.893	250.562
318.550	218.946	163.039	251.262
320.040	219.549	161.842	251.173
321.669	220.029	160.612	251.037
322.536	219.881	160.347	249.476
323.040	219.576	159.748	250.127
323.348	219.217	160.133	250.400
323.655	218.619	160.226	250.827
323.688	220.418	159.920	249.131
323.800	219.934	160.169	250.630
324.052	218.738	160.520	250.879
324.541	218.875	159.852	250.674
324.506	218.978	159.969	250.639
324.868	219.217	159.704	250.057
325.548	219.337	158.918	249.852
326.565	218.738	157.736	250.536
328.351	218.018	156.140	250.916
329.356	218.796	156.474	250.209
330.006	217.014	156.043	252.426
330.043	219.098	156.021	250.006
330.864	218.292	155.588	251.463
330.970	219.337	156.095	249.938
333.082	219.362	153.030	249.704
333.893	221.014	151.124	247.281
334.729	220.620	151.300	247.143
335.814	221.371	150.187	245.558
337.302	221.206	148.871	245.464
338.326	221.719	148.598	244.392
339.691	222.358	146.992	246.628
341.503	223.589	145.021	245.588
343.216	223.621	144.225	242.724
345.512	223.861	143.036	241.028
346.902	223.975	141.968	239.113
345.367	223.933	143.595	237.027
342.554	224.914	148.018	235.854
335.955	224.690	154.925	238.703
325.970	224.539	164.610	238.909
316.708	223.698	174.159	238.211
303.838	221.244	186.239	239.869
295.615	218.695	193.372	242.169
286.016	215.733	200.830	245.527
278.325	215.697	206.646	245.532
270.305	215.670	213.827	245.307
264.461	216.501	219.194	245.432
262.173	215.171	218.467	252.634
262.264	215.390	220.167	252.580
260.366	213.779	222.503	256.161
256.949	214.194	227.133	257.284
253.802	213.223	231.885	258.564
252.510	212.331	233.491	261.474
251.188	211.573	235.300	263.638
251.767	211.706	234.920	264.577
254.394	210.645	231.784	266.719
259.224	211.573	227.110	265.972
260.696	213.017	224.580	264.021
261.701	213.371	222.961	262.831
265.913	213.745	217.825	261.883
268.894	213.418	210.136	259.451
270.601	214.244	206.069	255.430
272.711	216.350	202.332	250.998
275.972	217.352	196.439	248.482
278.877	217.940	191.918	247.012
279.341	218.049	190.244	245.343
280.102	217.434	188.815	246.141
280.205	217.313	188.593	245.928
280.065	217.192	188.036	245.550
279.205	218.017	187.612	243.973
276.414	218.250	188.437	242.342
273.091	219.203	190.259	241.553
270.713	220.742	191.032	242.507
266.464	222.213	193.409	242.778
266.628	223.106	191.833	242.840
264.700	223.824	194.060	242.785
262.851	224.182	196.559	243.762
263.111	223.039	198.012	247.898
263.575	223.010	199.699	247.227
266.490	222.788	197.242	244.894
270.557	221.737	193.272	243.014
282.243	221.904	181.617	244.870
290.964	224.036	174.779	245.764
303.578	227.715	162.804	250.249
316.679	232.461	153.315	253.223
324.903	236.441	145.920	244.885
360.478	234.161	124.258	248.455
370.969	229.359	128.631	244.008
374.765	228.962	143.163	241.872
376.600	230.807	175.509	231.466
371.304	230.539	202.189	224.706
372.638	222.371	238.069	221.850
365.989	221.046	261.416	219.385
359.995	220.363	277.181	229.936
357.165	218.188	284.463	221.528
377.765	219.607	267.022	222.565
392.974	213.067	246.789	227.049
399.914	210.719	229.523	228.680
405.840	211.528	215.314	229.708
421.753	206.533	186.548	238.572
439.189	205.445	156.928	240.585
452.204	209.206	129.344	236.461
456.034	216.511	122.190	226.293
457.762	220.484	118.294	218.586
456.130	221.578	118.329	211.785
446.221	224.890	127.831	206.228
433.685	225.783	142.989	205.137
421.211	226.280	160.289	206.441
404.164	224.526	182.236	210.300
391.286	219.998	199.542	218.607
372.907	221.147	218.977	218.973
332.225	230.166	259.097	194.379
306.085	230.996	273.346	192.281
305.119	230.317	259.110	203.372
302.776	227.253	248.984	199.187
304.950	224.310	236.937	207.848
305.392	220.218	226.768	209.582
307.950	218.252	218.418	206.972
309.587	218.400	212.575	205.760
311.083	218.603	209.280	205.679
312.097	219.132	209.635	204.469
312.943	221.543	213.138	203.979
313.301	223.390	219.837	205.859
313.171	222.620	225.943	210.738
310.159	223.017	235.323	213.180
304.313	222.348	247.246	215.052
299.284	221.353	256.991	207.890
297.288	220.151	258.466	209.370
293.719	222.520	259.816	207.524
288.924	223.129	260.651	203.532
284.672	225.037	255.706	205.279
279.125	227.407	250.065	207.864
264.364	228.939	240.000	208.710
262.313	231.228	225.620	207.483
258.314	233.933	215.405	207.462
251.667	238.769	200.829	200.057
244.175	241.135	161.731	192.239
241.261	240.186	138.882	197.239
233.069	244.412	132.875	202.189
224.903	247.523	133.801	205.067
210.832	250.305	130.938	206.309
