482.000	275.000	48.000	82.000
482.811	275.894	47.941	81.534
484.560	276.967	48.509	80.943
487.235	277.777	49.973	80.070
490.328	278.271	51.607	79.501
493.077	278.544	53.818	79.854
499.431	278.568	57.989	80.643
503.349	278.731	60.318	81.868
507.096	278.739	61.820	82.488
512.105	278.768	62.124	81.888
516.077	278.451	63.051	81.565
521.804	279.490	64.668	81.113
523.770	279.830	65.383	80.231
526.499	279.776	64.722	80.446
528.868	279.256	63.801	81.077
529.166	278.895	64.278	81.346
529.078	279.054	64.681	81.225
529.956	279.892	63.025	80.330
527.160	279.133	64.537	80.971
524.679	278.320	63.975	80.730
522.626	278.775	62.601	81.102
519.251	280.192	62.851	81.436
513.931	280.334	61.882	80.940
512.191	280.016	58.069	79.959
509.758	279.824	55.219	79.771
505.981	280.014	53.831	80.482
501.564	280.883	53.488	79.760
496.651	279.511	50.157	80.942
493.794	278.808	48.795	79.657
490.437	278.400	48.451	79.164
488.304	278.322	48.127	78.776
486.649	277.532	47.976	79.155
485.618	276.680	46.740	79.659
484.926	276.647	47.386	79.618
484.903	276.103	47.577	79.449
485.091	275.225	47.834	80.047
485.526	274.213	49.406	79.540
487.624	269.301	51.889	81.511
490.289	265.501	52.326	81.919
493.006	261.292	53.246	82.414
495.571	257.083	54.089	82.850
495.989	253.094	56.383	82.933
497.755	248.862	59.206	81.721
499.473	247.210	59.735	81.965
502.447	246.336	58.455	81.695
504.987	246.075	58.573	80.554
506.466	245.490	57.956	79.704
507.727	242.058	57.603	80.302
507.188	239.732	57.584	79.683
503.354	240.593	59.778	81.022
497.573	246.975	61.091	84.103
494.332	256.349	61.201	86.835
487.546	282.682	61.965	86.836
484.236	299.774	61.117	88.505
479.739	316.466	61.138	88.533
475.182	330.687	60.008	86.439
470.987	341.055	58.331	83.426
466.345	336.074	55.666	85.541
459.709	321.155	56.185	91.280
457.255	304.003	54.323	92.008
457.043	288.452	53.803	92.090
458.853	276.605	54.875	89.805
471.294	257.827	55.253	88.154
482.191	251.311	56.057	86.131
493.547	245.889	56.909	86.419
506.840	244.405	57.788	84.483
520.455	244.689	57.115	83.595
537.624	247.635	56.495	83.406
542.046	250.948	55.836	84.413
541.507	254.640	57.240	86.223
535.106	261.408	59.475	85.001
525.569	268.127	59.881	85.327
508.917	281.750	59.769	85.401
498.496	289.143	60.312	83.092
489.672	293.132	61.793	83.602
482.650	294.618	64.429	83.897
478.289	293.940	65.467	84.030
474.196	284.878	63.144	86.486
471.035	273.542	62.734	88.618
466.774	262.014	62.424	90.712
462.748	252.114	61.461	89.347
455.980	243.112	62.267	86.619
446.522	235.442	60.686	82.768
438.154	232.227	61.379	82.234
430.658	230.790	62.274	81.723
422.986	229.187	61.850	81.726
415.542	227.256	61.193	82.375
405.214	222.981	56.557	82.555
398.737	221.096	54.356	80.548
392.979	218.171	53.567	79.992
387.326	214.612	53.024	80.406
381.832	211.937	54.081	80.281
378.027	209.145	52.899	79.699
375.934	207.614	51.999	79.443
373.449	206.737	52.987	79.427
371.389	206.400	53.143	79.005
370.246	205.516	53.240	80.540
369.194	205.329	53.924	81.075
367.863	205.261	55.249	81.751
367.374	204.857	55.568	82.032
367.051	203.304	55.082	81.971
365.304	200.934	54.994	81.499
360.078	197.264	56.144	79.843
355.835	195.630	56.324	79.174
349.547	194.707	58.306	79.527
343.844	193.903	59.895	81.264
340.377	194.224	59.769	83.557
338.202	200.448	58.136	84.195
340.666	208.648	56.048	86.810
341.940	223.779	56.865	83.850
343.285	233.616	55.461	84.176
343.406	243.159	55.573	83.984
342.277	257.115	56.639	82.512
343.972	264.308	54.655	82.527
344.898	270.309	53.776	81.702
345.850	273.608	52.758	82.893
346.743	276.783	51.247	81.203
346.896	279.264	50.464	79.717
346.011	280.384	51.063	78.923
346.083	280.694	50.822	79.451
344.864	281.498	52.009	79.523
344.355	281.816	52.246	80.226
344.138	282.481	52.445	80.535
343.939	283.254	52.582	80.248
344.125	283.832	52.286	79.921
343.991	284.206	52.560	80.268
344.241	284.787	52.006	80.765
344.817	286.544	51.171	80.869
344.197	287.740	51.875	80.612
344.270	288.863	51.685	80.237
344.000	289.930	51.952	79.972
343.855	290.549	51.842	79.991
343.177	291.168	52.743	79.971
342.553	291.327	53.467	80.132
342.488	291.068	53.558	80.254
342.695	290.913	53.249	80.299
342.842	290.990	53.204	80.414
342.813	291.068	53.267	80.391
342.250	291.068	53.560	80.309
341.620	291.145	53.990	79.957
341.411	291.338	53.865	79.874
340.041	291.222	54.669	79.662
338.503	290.925	55.019	80.038
336.099	290.925	56.312	80.038
334.494	290.960	55.773	79.189
332.617	290.316	55.745	78.957
330.067	289.457	55.670	78.911
326.994	288.536	54.824	78.677
325.280	287.952	53.461	78.548
324.155	287.477	51.871	78.195
321.145	287.005	51.929	78.763
319.336	286.886	51.508	78.372
317.697	286.921	51.399	77.667
316.272	286.421	50.103	77.993
314.982	286.272	50.539	78.398
314.677	285.853	50.119	79.042
314.164	285.701	49.663	79.654
314.469	285.625	49.011	80.306
314.995	285.815	49.001	80.198
315.860	286.005	49.420	80.594
317.356	286.085	50.327	80.331
319.303	286.810	51.806	79.838
321.996	288.270	54.329	79.077
322.399	288.145	56.667	80.786
323.940	288.470	57.863	81.180
325.330	289.084	60.494	81.971
326.383	290.448	61.932	81.942
329.197	293.871	62.148	81.407
330.900	295.645	61.326	82.216
331.657	297.566	60.916	81.773
332.196	299.085	60.555	81.549
333.672	299.969	59.044	81.658
333.806	300.271	58.416	81.021
334.552	300.083	57.463	81.032
334.598	300.061	56.812	80.831
335.329	299.824	55.281	80.972
335.499	300.255	54.370	80.543
335.811	300.705	53.731	80.987
335.991	301.236	53.885	81.114
336.320	301.472	53.962	81.136
336.901	302.197	54.051	81.350
337.243	303.019	54.311	81.269
336.364	303.707	56.290	82.120
336.169	304.494	57.327	81.992
335.370	305.244	58.389	81.552
333.979	305.481	59.750	81.963
333.684	305.418	59.523	82.640
333.341	305.859	58.993	82.596
333.274	307.333	57.131	82.571
333.897	309.072	54.661	82.371
335.198	310.937	52.037	82.169
335.008	312.458	50.279	81.862
334.314	313.554	49.872	81.313
334.459	314.395	48.661	80.852
334.525	314.548	48.223	80.956
334.615	314.782	47.714	80.907
334.745	315.959	47.718	81.408
335.266	317.571	47.890	81.141
336.729	319.409	47.952	81.426
335.756	319.934	50.653	80.914
336.486	319.307	51.528	81.497
338.631	318.575	51.189	81.391
340.386	317.417	51.143	80.213
342.152	312.060	51.413	80.659
343.340	307.592	51.004	81.119
344.396	304.867	50.416	80.236
343.055	303.768	52.103	79.696
341.277	303.323	53.741	79.562
341.071	302.563	53.742	79.304
340.944	299.920	53.733	79.759
341.872	295.211	52.344	80.390
341.123	290.462	52.768	79.590
338.841	286.540	54.389	79.782
337.219	284.528	55.271	78.730
336.282	284.453	55.639	79.813
337.360	287.836	55.329	81.288
339.974	293.529	54.053	81.334
342.126	299.441	53.468	81.102
342.946	308.730	54.006	77.789
344.588	310.706	53.075	80.310
344.654	312.027	54.000	80.128
343.406	313.075	55.793	79.732
342.343	313.715	57.130	80.264
342.458	316.172	57.655	81.238
343.466	319.087	57.166	81.368
344.345	321.821	56.646	82.203
344.621	324.171	56.680	82.077
344.125	325.940	57.357	81.605
344.590	326.793	56.894	82.405
344.204	327.481	57.483	82.704
345.746	328.351	55.910	82.484
346.312	329.336	55.073	82.556
347.122	330.549	54.419	81.863
346.732	330.862	54.572	80.772
346.942	330.334	54.133	80.415
346.749	329.441	53.859	80.018
347.392	328.559	53.018	80.059
347.702	328.292	52.341	78.669
347.645	326.853	51.637	78.737
347.709	326.394	51.070	78.896
347.158	326.353	51.342	78.026
345.965	325.815	52.032	78.073
345.584	325.460	52.040	78.415
344.211	324.585	52.978	78.076
343.779	323.318	52.867	78.015
344.024	321.150	52.186	78.121
343.144	319.270	52.644	77.871
341.911	317.740	53.633	78.000
342.058	316.859	53.584	78.533
342.577	316.747	53.383	78.238
342.532	316.664	53.515	79.437
343.528	317.748	53.224	80.119
342.529	319.762	54.449	81.764
343.182	325.207	54.182	81.688
343.571	329.678	53.879	81.698
345.765	334.494	51.879	81.371
345.381	337.163	52.563	81.260
344.499	338.338	54.012	80.930
343.874	337.828	54.533	80.489
343.721	337.340	54.486	80.678
344.286	336.768	53.804	81.008
345.583	337.042	52.158	81.477
345.191	338.145	52.607	81.207
344.859	338.289	52.630	81.197
344.011	337.739	52.946	80.181
343.731	335.998	52.629	80.066
344.616	334.654	51.339	79.559
344.571	332.320	50.680	79.554
344.254	329.002	50.619	79.210
343.507	327.815	51.303	78.640
342.642	325.341	51.509	78.358
340.365	322.641	53.227	78.302
338.727	319.899	53.970	78.370
337.580	315.529	53.746	78.011
335.623	312.399	54.928	78.655
333.985	310.024	55.758	78.449
333.034	308.638	55.647	78.780
329.928	308.274	57.385	79.365
329.967	313.436	53.777	80.368
328.590	316.815	52.265	80.708
326.859	319.552	51.736	80.653
324.519	321.732	52.599	80.594
323.582	323.521	52.778	80.065
323.950	324.975	50.287	80.176
324.089	327.969	47.158	81.191
324.285	330.281	46.802	80.249
324.704	332.357	46.256	79.589
325.887	333.536	46.250	79.116
328.647	334.314	46.766	79.449
330.854	335.091	47.226	78.598
332.916	335.314	48.237	78.402
335.177	335.548	49.808	77.936
337.273	333.399	51.484	78.986
341.119	330.591	53.799	78.786
343.385	328.693	54.886	79.884
345.293	328.065	55.647	80.628
347.586	328.137	56.433	80.991
350.663	328.626	56.140	80.968
354.538	329.313	56.808	79.961
356.615	328.568	56.534	80.277
359.412	328.134	55.894	79.383
361.227	327.394	55.673	78.461
361.774	326.068	56.209	78.042
362.598	324.340	55.810	77.455
362.431	322.758	56.233	77.461
361.848	321.535	57.063	78.399
361.603	321.058	57.410	79.016
361.696	322.332	56.553	79.891
360.592	327.258	54.105	80.108
359.987	330.188	52.809	79.940
358.764	332.255	51.947	80.042
358.606	333.850	50.186	79.988
358.678	335.322	48.575	79.651
357.892	336.835	47.146	78.347
357.249	337.277	46.819	78.250
356.629	336.736	46.963	78.256
356.084	335.434	47.094	77.727
355.818	334.169	47.155	77.189
356.007	332.188	48.063	77.572
355.597	330.087	49.581	78.314
355.669	327.203	50.605	78.473
355.677	323.855	51.823	79.152
356.827	319.628	51.858	80.249
356.168	316.557	53.278	80.347
354.080	311.877	56.069	80.391
352.720	310.017	58.109	80.293
351.213	306.953	59.269	81.034
349.837	304.938	60.091	80.395
347.547	300.241	60.348	80.651
346.428	297.513	59.920	81.082
345.260	294.167	59.026	82.576
343.549	292.561	57.803	82.525
342.111	289.957	56.685	82.890
340.458	286.992	54.393	81.474
339.424	285.882	53.875	80.199
338.406	284.382	53.360	79.805
337.523	282.879	53.395	79.563
337.282	281.472	53.206	79.280
336.824	280.243	53.358	79.282
336.546	279.243	53.900	79.809
336.859	278.758	54.305	80.127
337.021	278.379	54.958	80.585
337.930	278.785	55.228	80.311
340.307	278.902	54.219	80.799
341.434	280.321	54.042	80.314
342.743	281.496	53.597	81.574
344.793	285.023	52.367	82.194
347.295	289.909	50.986	81.600
349.253	299.019	50.032	79.689
350.705	300.931	49.478	80.039
351.527	302.147	49.796	79.523
353.598	303.410	48.840	78.544
354.476	304.247	49.649	77.951
354.709	305.297	50.619	77.856
357.267	307.337	50.635	78.472
358.229	309.019	51.280	77.745
359.044	310.261	51.827	78.124
359.822	311.322	52.395	78.203
361.364	312.823	52.027	78.020
363.595	315.334	51.226	78.298
363.394	316.799	52.480	77.096
364.337	316.783	52.334	77.469
364.709	316.043	52.666	77.309
365.652	315.347	52.359	77.367
366.136	314.770	52.536	76.988
366.068	314.671	53.067	76.813
366.968	314.820	52.784	77.619
367.825	315.322	52.416	78.012
368.342	316.136	52.199	77.526
368.216	314.663	51.910	77.535
370.077	310.855	48.858	78.036
370.794	307.747	47.337	77.148
370.712	306.903	47.005	75.077
369.331	306.090	47.173	74.379
369.689	306.714	45.759	75.512
369.364	307.552	45.849	75.063
368.644	305.710	45.783	75.207
368.910	301.516	44.865	76.098
369.167	300.344	44.662	75.369
369.730	300.624	45.228	76.118
370.142	301.445	46.516	76.959
370.564	302.146	47.894	77.073
372.088	301.373	49.678	77.566
373.783	300.179	50.488	77.303
377.823	298.252	50.615	77.674
378.444	298.409	52.165	77.092
378.649	298.297	54.022	77.396
379.932	298.504	54.693	77.150
381.155	298.972	54.173	77.174
381.992	299.719	54.096	76.102
383.051	300.006	53.403	76.233
383.925	300.293	52.785	76.110
384.590	300.476	52.079	75.872
384.236	300.564	52.059	76.267
383.902	300.718	51.401	75.595
383.176	300.756	50.741	75.335
380.961	299.623	51.244	75.869
380.766	298.793	50.511	76.445
379.501	298.342	50.649	76.769
379.477	298.357	50.135	77.328
379.274	298.522	50.139	77.390
378.788	298.262	50.316	76.993
378.901	298.024	50.203	77.474
379.404	297.737	49.951	77.413
380.550	298.062	49.524	77.251
381.629	298.712	49.591	76.607
382.236	300.063	50.026	76.493
381.732	300.519	51.356	76.753
381.185	300.576	52.645	77.470
382.032	300.710	53.419	77.679
382.613	301.358	53.566	76.951
383.682	302.667	52.513	77.094
384.152	304.396	52.147	77.608
383.759	306.252	52.779	77.086
384.280	308.070	52.091	76.531
385.196	310.143	51.750	78.022
387.367	314.071	51.418	77.683
388.728	316.931	51.610	76.389
393.543	317.736	50.742	76.550
403.730	321.400	52.145	75.670
416.292	326.905	52.224	75.541
431.176	332.341	53.325	76.255
446.999	335.740	52.714	77.291
460.226	336.853	53.794	77.946
482.495	336.335	54.411	76.175
498.313	335.796	55.216	76.528
513.748	335.869	54.751	76.373
523.604	332.161	52.183	77.940
527.737	323.751	49.232	80.486
528.872	319.694	48.791	77.441
528.598	322.935	48.395	78.917
527.924	329.300	48.718	78.605
527.212	331.669	49.402	77.382
526.874	330.214	50.056	77.742
525.838	316.767	50.206	82.096
524.490	313.663	51.837	80.048
524.865	312.309	51.268	78.798
524.617	311.853	51.817	78.226
524.778	310.275	52.006	78.572
524.856	308.562	51.688	78.266
524.358	306.757	51.674	78.365
522.545	305.191	52.693	78.508
521.791	304.606	51.920	79.615
521.983	306.202	50.448	79.217
520.596	307.201	49.647	78.143
520.423	305.681	49.160	78.685
519.865	305.147	48.636	77.813
519.185	304.105	48.482	78.478
516.780	304.278	49.677	78.488
513.525	306.454	51.420	77.884
512.480	307.467	51.859	77.942
511.658	307.874	51.720	77.948
510.994	308.260	51.396	77.698
507.787	307.011	53.159	77.344
506.457	302.295	52.172	77.319
505.242	301.959	52.097	78.588
504.085	303.859	51.078	78.887
503.594	308.472	50.006	78.361
504.389	311.247	47.359	78.340
503.652	312.306	46.765	77.301
503.707	312.009	46.501	76.380
503.923	311.433	46.659	76.602
503.458	311.943	46.483	76.272
503.350	313.168	46.001	76.326
503.176	313.563	47.642	76.208
503.848	311.849	47.740	76.313
503.443	308.592	48.800	75.525
503.708	306.490	49.203	75.394
501.663	305.104	51.206	76.612
502.082	304.723	50.813	76.201
499.683	305.127	53.390	76.318
499.875	305.042	53.033	76.494
499.466	305.079	53.408	76.614
499.509	305.136	52.905	75.960
501.296	307.249	49.848	76.552
500.364	308.744	50.420	76.848
501.056	310.526	49.326	76.726
500.779	312.568	49.165	75.368
498.603	313.680	50.492	75.186
493.468	314.174	53.858	75.103
493.272	313.762	52.438	75.504
490.978	313.503	54.168	75.574
489.021	312.410	55.483	76.348
486.908	312.674	56.970	76.467
485.116	315.967	55.234	75.979
484.474	316.649	53.523	76.640
481.080	317.932	52.437	74.654
479.713	317.173	49.223	73.740
477.759	314.830	45.851	73.769
474.626	307.952	41.839	75.488
471.518	303.538	44.987	76.269
469.232	300.219	47.516	76.965
468.801	293.838	52.557	79.386
397.063	267.767	74.746	79.493
472.654	278.874	54.893	80.657
473.927	274.596	58.653	79.372
482.860	273.625	52.996	75.434
488.139	272.122	52.138	74.354
494.601	272.063	48.721	73.824
505.452	275.819	44.280	73.828
510.787	279.398	45.282	73.824
514.243	282.986	48.143	74.131
517.746	288.100	49.749	73.420
519.169	291.914	53.944	73.623
518.374	298.209	60.778	71.276
518.837	300.106	61.524	70.900
517.603	302.482	63.877	70.271
516.156	304.225	64.765	70.937
514.485	306.216	64.921	70.588
508.858	308.492	64.749	71.333
508.330	308.525	60.086	72.137
501.008	309.255	61.667	72.446
500.120	309.525	55.651	72.004
496.398	309.640	51.202	71.648
488.790	308.160	45.576	71.922
479.128	307.411	46.088	70.909
473.413	304.495	43.563	72.401
468.461	303.323	42.326	71.928
463.440	300.875	43.166	72.647
459.307	297.083	44.657	72.644
457.514	295.824	47.730	73.545
456.095	295.445	49.229	72.201
457.073	293.548	49.466	73.337
460.350	293.629	49.512	73.081
464.535	294.817	50.240	71.347
476.935	294.573	46.138	70.459
485.624	293.384	44.199	69.778
492.117	291.911	45.439	69.845
499.142	290.193	47.831	71.195
509.523	290.061	52.267	70.527
513.291	290.658	56.280	70.277
518.372	292.150	57.382	68.651
522.163	292.477	59.354	68.594
525.590	293.275	58.663	67.548
527.232	294.397	59.332	67.032
526.830	296.352	61.154	66.262
526.337	296.534	62.730	66.255
525.229	297.029	63.328	66.102
522.733	297.202	64.048	66.379
519.376	298.815	62.164	67.277
512.430	303.539	60.783	68.734
506.972	307.376	58.828	69.423
500.782	311.033	58.417	69.259
495.504	311.952	57.963	69.218
492.167	312.585	55.567	68.525
484.037	308.549	48.973	68.530
476.903	304.694	47.140	69.002
472.670	301.603	44.385	69.641
465.552	300.086	44.843	70.502
424.614	277.513	84.312	85.494
433.292	269.641	77.843	69.531
431.825	273.462	80.221	72.939
434.371	274.555	75.600	74.179
426.391	278.307	83.465	94.721
421.871	275.986	89.610	103.004
408.765	277.742	104.386	100.602
418.388	182.434	62.480	118.786
482.075	303.563	41.302	68.346
488.824	300.715	41.442	69.278
494.345	299.286	44.404	68.824
508.261	299.018	46.764	67.493
513.924	297.881	49.335	67.966
519.838	297.006	52.148	68.305
525.645	298.879	54.420	66.232
531.064	299.227	55.453	65.752
536.575	301.126	58.287	64.351
538.493	301.488	60.318	64.059
541.699	301.211	59.078	63.829
541.760	300.749	60.434	63.041
541.921	299.083	60.897	64.064
537.892	299.609	62.987	65.912
534.880	303.663	62.255	66.552
530.462	310.025	62.511	66.676
526.284	314.848	61.518	65.758
521.208	316.281	61.084	65.783
513.320	313.989	58.888	65.374
507.140	308.493	53.980	67.244
498.759	303.387	51.703	67.293
489.676	298.738	50.965	66.650
485.202	293.540	47.166	67.943
456.347	270.191	57.157	84.317
453.344	261.968	64.686	86.195
459.098	261.616	68.881	68.725
468.507	264.001	65.993	69.510
468.334	270.455	68.866	69.824
479.494	275.464	58.791	65.051
478.827	272.948	58.743	65.667
476.392	266.395	58.850	70.223
467.682	264.965	65.136	72.601
453.217	253.714	72.944	102.532
435.808	258.996	86.757	100.876
423.658	265.277	100.843	100.074
431.827	175.433	64.050	114.743
492.346	303.508	42.565	68.298
502.420	310.405	44.769	68.445
517.702	322.757	51.177	65.011
525.748	325.957	55.987	62.386
532.402	325.410	59.443	62.003
538.250	321.649	62.551	63.456
543.016	316.888	65.473	64.272
550.280	307.087	66.950	63.730
551.085	302.860	68.571	62.349
552.293	303.238	69.039	60.423
556.215	304.879	65.791	66.645
560.142	313.300	62.724	73.353
563.776	345.831	59.308	80.132
565.273	366.996	57.015	78.265
564.192	388.289	54.514	75.357
560.369	405.651	52.744	74.779
556.401	421.467	50.538	72.132
546.852	445.968	47.227	70.237
540.734	457.441	45.169	69.965
535.395	470.515	44.446	70.050
531.811	481.606	43.250	72.797
529.140	493.516	41.894	74.506
522.785	523.184	42.212	52.042
519.587	540.240	42.861	35.254
517.275	549.639	41.496	26.214
512.945	477.164	53.369	85.692
510.856	492.859	53.119	78.708
509.664	504.210	46.800	67.607
504.190	511.058	55.027	60.511
503.208	517.557	52.103	55.670
506.640	521.140	50.010	52.502
510.707	512.255	45.150	59.962
503.854	500.619	51.762	69.255
426.642	492.294	108.656	83.706
492.905	545.408	38.551	29.079
492.034	529.758	41.410	43.847
489.016	512.251	46.445	61.494
485.490	481.509	48.772	74.089
482.961	465.804	49.726	77.487
482.302	451.469	48.801	76.637
480.171	435.974	48.764	77.749
478.480	419.341	48.365	80.399
477.415	388.451	46.074	80.399
474.624	372.972	45.826	81.679
474.543	357.444	43.901	81.430
472.872	343.595	43.827	80.784
472.703	332.639	42.810	79.047
471.575	322.044	42.194	71.896
473.375	316.996	40.092	70.100
471.046	310.951	41.032	72.101
469.715	304.756	42.026	71.511
469.870	298.608	42.961	71.931
466.055	290.001	44.290	69.368
466.241	285.535	45.233	68.484
465.582	283.709	45.872	66.947
465.649	282.005	45.762	65.752
464.799	278.427	44.904	66.130
463.825	268.995	45.679	70.107
462.584	260.866	46.127	72.899
461.538	251.216	45.897	76.461
460.587	240.283	45.195	77.537
460.157	230.434	45.096	75.951
460.062	216.257	44.465	70.484
459.188	213.926	44.615	67.410
458.564	213.190	44.837	68.070
458.917	215.839	42.850	66.877
458.849	218.937	42.192	67.323
455.979	223.680	42.047	66.762
456.449	224.643	41.661	66.738
455.296	225.518	42.056	66.304
454.518	226.665	42.503	67.274
454.211	230.893	40.959	67.048
453.893	243.141	40.665	69.987
454.829	249.404	39.833	69.760
454.512	256.949	40.545	69.993
454.650	263.480	41.439	68.734
455.934	269.744	40.040	67.717
456.786	277.996	40.678	67.870
456.548	281.188	42.369	67.430
458.934	284.937	41.816	66.815
459.348	288.032	42.338	64.232
459.946	287.711	43.118	65.400
462.034	278.882	43.937	66.441
461.842	272.219	45.192	67.331
462.267	265.795	45.727	67.021
463.238	260.984	45.754	66.552
463.593	257.488	46.521	66.821
465.427	255.091	45.125	66.539
465.731	255.865	44.776	65.157
465.854	252.034	44.772	66.847
465.842	249.649	44.416	66.793
464.964	247.112	44.003	65.830
462.558	244.021	44.585	66.555
461.595	250.044	45.312	65.808
461.450	255.441	43.804	67.637
461.164	262.938	41.138	68.194
461.473	271.100	41.498	68.168
460.399	281.556	40.725	64.897
460.238	280.921	41.143	64.629
459.028	279.383	41.595	64.783
458.401	272.181	41.576	68.464
459.339	265.117	41.250	69.287
456.328	257.423	41.639	70.018
457.068	243.638	40.244	70.894
456.746	237.430	40.357	68.758
456.988	231.037	40.314	68.862
456.029	226.929	40.473	67.727
458.237	222.524	39.324	66.003
455.591	214.854	39.528	65.519
456.708	210.210	39.502	65.722
456.433	204.376	38.461	66.015
457.849	201.390	38.142	65.530
459.268	200.955	36.326	62.166
459.722	201.720	37.397	66.645
460.215	209.323	38.478	67.715
459.784	216.855	39.404	69.434
460.918	225.867	39.198	68.860
459.560	236.928	42.096	70.092
461.760	256.204	41.273	67.371
463.589	263.652	40.438	66.698
463.623	269.434	41.552	67.817
463.830	277.480	42.238	67.029
462.881	285.702	43.399	67.305
463.257	303.650	43.802	66.302
463.828	307.649	43.583	66.510
463.557	311.994	43.635	63.716
464.072	313.677	43.031	61.919
464.809	312.139	42.272	61.783
464.085	300.743	40.982	67.967
464.649	293.601	40.649	69.488
464.077	287.117	40.657	70.622
464.052	282.872	41.014	68.929
464.835	278.577	41.096	67.494
466.489	273.675	42.192	65.596
468.124	270.000	42.179	65.682
466.802	260.917	44.016	71.452
469.899	253.896	42.026	72.519
471.733	248.261	41.616	70.472
472.073	236.750	42.240	67.548
470.048	232.387	41.575	65.686
471.713	230.528	40.343	64.430
469.141	229.510	41.296	63.090
468.164	228.077	39.950	62.087
467.043	225.525	39.077	61.207
467.782	224.033	38.271	61.399
465.277	222.924	39.097	61.160
465.621	222.436	38.519	60.856
465.479	223.437	37.854	59.827
465.455	228.869	37.934	61.955
465.665	231.396	37.622	63.158
465.369	234.393	38.648	63.674
466.216	238.150	38.487	64.012
467.003	242.850	38.254	63.332
471.689	250.539	37.000	65.666
473.366	256.358	37.564	63.756
474.026	261.279	39.421	63.072
475.675	264.889	39.417	63.866
474.870	269.621	42.202	62.545
477.364	274.400	41.792	62.044
477.679	276.018	42.356	60.249
479.675	277.737	40.651	61.052
480.793	279.535	40.350	59.664
481.082	280.743	39.289	59.437
481.016	283.089	39.891	60.360
482.923	285.147	38.920	59.452
483.134	286.178	38.811	59.456
483.134	286.583	39.338	59.822
482.316	286.590	39.826	59.486
483.294	283.887	38.817	59.659
484.695	281.884	38.355	60.329
484.149	277.665	38.863	61.684
484.579	272.840	39.645	62.978
484.542	269.476	40.805	62.559
484.676	261.704	43.449	62.661
484.010	256.020	43.959	63.498
484.846	252.568	43.880	62.452
484.870	247.060	43.808	63.322
486.695	243.561	42.226	61.834
489.246	236.845	41.490	61.408
488.907	235.386	41.495	59.282
489.216	233.142	41.004	59.351
488.623	232.856	41.419	58.779
488.253	232.135	40.908	59.623
487.671	235.094	38.270	59.486
487.415	236.692	38.152	59.581
486.661	238.518	37.745	59.457
486.317	241.074	37.498	59.294
485.916	244.491	36.933	59.598
484.776	250.459	37.037	57.865
484.677	251.480	37.215	58.081
483.121	252.306	36.983	58.223
483.250	251.867	36.830	59.067
478.357	252.041	39.725	57.640
472.887	241.671	43.501	60.848
470.448	233.925	42.710	62.733
468.774	225.971	42.335	63.825
466.089	219.020	42.314	60.976
464.919	212.306	42.166	61.278
462.144	197.576	40.214	62.426
460.243	189.194	39.749	65.052
459.885	179.978	38.456	66.369
456.650	171.293	37.422	67.230
455.372	165.150	36.671	64.933
408.289	124.843	37.019	61.246
410.126	127.315	34.368	60.986
409.129	130.451	34.963	63.379
444.965	149.972	37.369	61.467
447.059	153.761	36.083	65.819
443.317	175.416	37.884	74.284
441.444	188.401	39.403	78.252
436.138	201.841	45.282	77.151
440.609	217.347	40.589	68.948
440.133	225.445	40.216	61.507
441.002	223.344	41.060	60.494
436.507	221.713	43.543	59.350
436.693	221.368	44.559	59.270
440.475	223.554	41.560	63.548
434.284	227.658	47.056	67.211
413.643	240.834	42.358	74.309
413.593	253.160	40.874	67.804
415.138	259.068	38.048	65.183
447.827	264.002	42.503	57.688
448.943	263.310	41.831	56.058
447.396	255.975	44.422	57.943
447.450	253.254	44.376	56.578
449.090	251.859	43.060	55.965
449.158	250.913	42.700	54.709
448.510	248.683	43.935	55.777
448.638	240.417	40.272	59.933
440.624	234.613	47.827	61.098
441.097	227.384	43.600	63.597
444.114	221.840	41.651	62.351
442.318	218.061	47.831	61.339
442.351	212.677	42.994	58.719
449.523	212.575	40.823	56.584
448.980	212.536	41.200	58.842
449.215	215.716	39.357	60.618
448.535	219.037	43.093	61.582
447.792	228.431	40.165	61.138
450.068	233.001	40.719	57.769
450.519	233.285	43.899	58.075
452.247	232.281	41.499	57.677
453.339	228.004	41.314	59.538
454.887	224.463	41.821	58.551
455.068	225.139	43.063	55.890
454.433	227.187	44.223	55.401
455.645	229.646	45.462	58.192
457.953	233.289	43.857	58.227
458.708	236.547	42.675	56.617
458.358	242.211	42.576	55.905
457.902	242.645	43.931	55.876
457.851	244.540	43.382	53.564
456.812	244.051	44.167	54.658
457.954	238.180	43.783	56.564
457.514	237.031	44.332	55.773
458.855	236.206	42.833	55.324
459.073	235.543	42.778	54.985
459.427	235.596	43.291	54.214
459.461	235.373	44.455	53.932
460.629	234.503	43.940	53.990
459.001	233.581	45.551	54.278
459.125	232.435	45.335	54.825
460.108	231.811	44.084	54.421
460.129	231.053	44.249	55.031
458.385	231.599	44.853	57.014
458.849	233.082	45.494	59.175
457.394	237.213	45.189	59.181
456.773	240.449	45.790	60.167
455.511	249.193	43.163	61.132
454.849	254.438	44.011	62.717
455.103	261.742	43.979	61.300
455.766	266.795	43.110	61.034
456.141	270.179	43.766	57.892
455.925	270.593	43.851	57.269
457.369	260.875	44.726	62.712
453.229	253.084	47.547	65.126
455.084	248.754	43.556	63.887
409.807	237.594	74.821	83.322
452.550	239.668	44.682	61.710
455.430	235.002	43.833	59.332
454.869	231.551	44.037	59.050
453.601	227.066	43.123	60.780
455.630	225.710	42.085	58.836
456.911	220.705	41.877	59.699
456.399	216.397	43.235	58.525
457.387	215.485	42.627	56.842
457.358	215.694	43.318	56.047
457.578	216.449	42.981	55.875
458.088	217.707	42.488	56.272
456.527	222.475	44.963	57.297
456.333	223.818	45.066	59.601
456.536	226.732	44.978	59.693
456.792	229.929	44.212	60.989
456.235	234.245	44.664	60.191
454.798	239.886	44.482	59.226
455.555	242.143	43.964	58.318
456.230	244.702	43.972	58.937
455.546	248.674	44.055	59.623
456.954	253.173	41.875	59.100
455.161	259.308	41.233	56.710
455.393	259.046	42.159	54.867
454.932	254.936	42.451	57.946
454.584	250.460	42.955	59.699
452.867	244.896	42.865	60.266
451.055	237.897	45.616	59.844
450.431	237.321	48.435	56.815
446.955	235.085	51.699	56.740
446.686	234.610	52.452	55.501
447.087	231.251	51.623	56.998
441.768	227.612	53.137	56.845
440.447	225.968	53.057	56.178
436.489	225.703	56.780	54.782
405.597	217.852	86.685	69.203
426.887	224.063	61.350	57.550
424.309	226.505	57.179	57.145
409.611	228.334	67.304	61.745
407.189	231.094	47.547	65.062
408.165	235.315	47.166	64.868
409.956	237.936	44.024	67.907
409.925	251.105	38.684	63.824
405.041	254.085	44.210	63.685
403.746	256.836	46.664	61.884
404.439	258.418	47.069	61.849
411.392	259.693	43.798	60.886
419.607	256.653	39.103	61.446
422.763	250.836	37.894	64.753
422.533	247.091	39.573	64.398
422.989	242.513	40.746	65.862
424.606	238.020	39.351	64.954
412.554	234.490	53.650	59.833
378.814	229.835	87.752	67.399
381.398	234.435	50.056	55.746
382.835	235.076	51.028	55.493
425.868	235.296	42.332	58.617
387.376	233.434	52.889	55.963
386.429	231.514	51.012	57.345
388.347	233.089	51.510	56.820
388.160	234.427	52.327	59.250
388.935	236.520	50.652	58.130
393.578	239.751	50.687	62.179
388.558	231.891	87.665	73.695
390.334	241.941	64.258	64.855
390.989	246.124	57.132	61.560
374.962	248.553	90.315	104.235
388.791	250.753	52.303	61.229
387.748	251.674	50.436	60.861
390.366	252.418	49.046	60.190
387.588	253.812	50.617	58.614
386.317	253.504	51.525	59.517
385.256	255.109	51.593	57.078
388.973	255.701	51.181	57.132
385.269	251.981	81.171	66.050
387.099	256.012	58.479	61.600
388.549	254.934	79.408	73.548
406.631	263.768	56.266	61.643
409.991	262.372	50.891	62.494
411.372	257.059	48.624	65.409
414.044	253.359	44.135	65.171
416.785	248.094	39.979	65.795
413.973	244.841	49.582	62.192
413.112	245.329	53.723	61.362
413.017	245.916	59.115	61.152
423.269	249.568	57.422	60.294
405.931	242.698	76.945	79.440
424.490	263.368	59.848	66.815
431.460	270.977	53.871	64.755
434.428	276.126	52.050	61.688
435.815	278.058	50.955	58.961
435.242	279.108	51.155	57.695
436.771	275.908	45.490	60.303
434.847	273.776	45.002	60.590
407.691	269.377	56.644	63.883
410.670	266.661	50.217	64.936
413.927	263.514	50.973	64.531
419.655	260.826	44.299	60.702
421.214	259.231	43.678	60.930
419.619	257.854	46.789	61.827
419.258	256.738	48.963	62.011
417.212	253.950	53.166	63.015
422.372	248.762	48.659	63.918
420.739	246.603	51.021	63.508
423.135	244.716	48.804	63.714
423.797	243.716	47.747	62.396
424.218	242.142	47.208	64.366
424.219	243.756	45.939	63.762
421.976	244.412	50.856	65.303
420.171	244.800	56.283	65.363
418.560	247.877	58.737	63.327
415.941	249.847	53.767	63.403
411.308	254.653	61.911	65.867
444.448	255.247	53.258	60.207
445.455	257.260	54.514	56.797
442.556	257.381	57.725	57.184
441.019	257.813	59.322	56.355
434.586	255.609	61.341	57.561
434.878	254.752	60.065	58.332
411.085	250.575	81.828	68.870
411.449	256.925	66.134	64.384
410.222	257.057	64.838	64.892
411.203	256.373	51.427	66.082
410.469	256.882	47.828	65.507
408.431	257.226	50.038	63.672
405.639	256.456	53.221	64.123
401.681	256.707	57.970	63.178
389.609	249.517	73.614	71.121
401.615	255.043	59.871	63.830
408.170	254.050	52.844	63.728
417.055	252.657	45.074	64.842
417.747	252.304	46.280	64.814
417.768	252.027	46.692	64.366
417.026	251.627	47.713	64.860
417.131	251.135	47.915	65.378
417.011	250.527	47.489	65.035
416.978	249.320	47.963	65.434
416.715	244.809	45.415	65.788
415.554	245.159	49.069	65.697
375.941	245.324	88.511	75.833
374.663	248.118	62.907	67.607
373.824	252.672	57.210	63.899
374.521	253.085	56.541	63.308
357.998	244.308	101.560	85.702
370.949	240.587	98.042	75.514
373.084	239.915	64.820	66.638
376.071	237.426	60.537	65.891
376.640	235.911	55.743	63.335
374.426	232.658	84.619	70.395
358.270	203.029	105.896	122.285
403.434	235.981	51.309	65.520
409.237	235.088	44.363	63.804
402.866	228.842	44.366	66.341
402.875	225.481	43.119	69.288
401.907	226.358	46.637	67.783
398.587	226.258	53.740	69.255
396.192	227.716	60.083	69.896
403.222	235.248	66.050	64.178
413.598	237.016	59.742	62.576
414.505	239.389	60.895	61.732
413.397	242.669	64.288	60.053
417.016	244.734	58.716	60.388
415.959	248.455	58.662	61.480
414.206	249.232	57.669	62.353
413.392	251.410	54.975	64.000
413.443	253.122	50.859	63.332
411.311	254.605	48.997	62.134
378.884	251.429	61.170	67.495
396.137	253.709	52.788	62.141
378.803	251.135	56.419	66.176
372.402	250.112	56.665	66.342
372.584	248.795	63.932	66.268
380.046	249.442	53.080	67.158
363.240	245.276	79.497	72.548
365.325	243.649	57.392	65.466
359.947	240.579	74.947	76.325
340.183	224.795	109.411	110.110
353.109	239.252	68.050	76.830
358.668	248.750	58.587	64.709
355.016	251.851	61.242	64.439
351.648	254.193	62.681	65.088
348.952	257.174	62.435	64.067
346.422	257.645	61.562	65.187
338.366	260.893	58.610	64.191
333.849	258.162	57.634	65.982
328.224	257.917	56.602	65.071
322.382	257.254	55.860	64.511
318.073	255.576	52.485	65.367
314.053	253.229	44.469	64.256
312.755	253.513	41.657	63.469
313.251	252.952	40.213	63.651
315.515	254.338	38.545	62.501
318.015	256.008	39.331	64.085
325.278	263.704	41.249	66.116
330.652	267.592	39.928	64.973
334.925	270.198	38.992	62.537
337.335	270.306	42.406	62.282
339.482	267.564	46.855	64.206
342.520	262.119	53.239	64.625
343.533	257.907	57.542	66.438
344.208	253.821	60.798	68.013
342.395	250.664	64.590	67.197
342.225	248.629	67.667	65.281
340.087	243.609	70.668	62.149
338.796	242.419	71.607	61.422
337.539	240.948	71.400	60.788
334.358	239.626	72.336	60.149
330.823	238.669	71.621	59.532
325.970	236.068	69.731	60.819
323.197	235.879	67.970	61.869
318.949	236.080	66.542	63.331
314.915	237.240	64.666	64.653
311.044	238.769	63.769	66.218
307.927	245.714	56.311	65.129
306.774	249.574	52.713	65.065
305.726	252.003	50.020	65.950
304.530	254.592	47.935	66.608
303.681	258.095	46.354	65.622
304.760	263.127	44.220	64.343
303.805	263.082	45.871	64.495
305.014	263.449	47.053	63.938
307.147	261.302	47.744	64.762
309.482	256.504	48.797	67.132
313.799	247.038	54.803	67.997
315.986	242.433	59.749	67.872
319.304	237.075	63.022	69.222
324.556	233.376	63.929	68.597
328.828	228.442	66.132	69.515
338.244	218.047	69.070	71.167
343.677	211.833	69.834	72.626
347.902	208.133	71.630	72.329
355.089	207.404	70.273	71.075
361.766	206.731	67.548	70.368
371.064	208.315	64.286	71.196
372.390	209.618	65.507	69.654
373.600	210.779	65.501	71.610
373.437	214.167	65.352	72.716
373.718	217.975	63.524	75.870
371.013	231.877	62.615	82.391
370.022	238.589	63.238	85.116
369.071	248.877	62.906	84.131
367.872	261.030	62.733	78.287
366.551	265.565	60.770	75.096
360.090	261.959	59.125	75.706
358.048	255.086	57.603	77.591
356.874	249.046	56.669	77.864
357.232	244.779	54.643	76.375
357.631	243.583	55.003	73.575
363.185	246.002	54.797	73.605
364.417	247.178	57.808	74.270
366.366	248.070	58.952	74.241
368.192	243.760	59.452	77.065
368.688	234.963	60.131	81.222
367.413	212.971	58.458	85.432
365.347	203.995	59.563	84.781
364.312	197.931	58.950	82.503
361.559	196.396	59.846	76.974
359.920	193.737	60.960	76.841
359.327	192.488	59.877	79.377
358.370	195.882	60.748	80.483
358.027	198.726	60.901	81.671
357.669	203.841	60.924	81.898
356.801	207.686	59.953	82.265
356.967	220.061	55.666	80.252
357.026	225.441	56.592	80.405
356.382	231.687	56.171	80.935
354.589	238.372	57.451	80.990
353.224	244.682	57.679	81.822
351.388	257.555	55.905	79.725
351.027	263.769	56.287	78.390
351.718	268.360	55.574	77.780
350.248	270.219	56.265	76.489
349.750	271.270	56.348	76.020
352.646	273.869	53.625	75.346
353.185	274.595	53.187	74.606
355.543	276.544	51.255	74.681
357.532	277.799	49.671	74.739
358.502	278.645	50.175	74.441
362.076	278.258	49.998	73.849
362.384	274.471	51.315	75.439
363.790	269.274	52.948	79.513
364.427	263.588	55.958	79.539
366.670	256.863	56.068	80.802
374.180	246.987	56.090	78.944
381.598	244.054	52.186	75.373
388.544	241.521	61.093	75.983
396.149	239.392	66.603	95.744
400.346	241.519	61.882	105.835
395.055	271.352	60.455	85.783
391.025	277.750	60.601	78.285
396.946	224.612	66.165	78.108
384.503	277.896	51.764	75.604
383.191	277.024	46.714	70.374
381.103	276.683	41.265	71.549
380.485	279.310	41.906	72.231
379.274	284.124	42.892	72.858
378.961	287.308	44.818	72.213
381.357	288.717	45.410	71.556
389.198	211.485	64.621	82.717
392.237	282.857	45.395	73.782
397.303	280.661	45.743	72.391
403.015	281.494	46.017	70.712
410.961	281.286	45.060	72.679
422.928	292.690	52.920	77.628
429.598	301.952	54.317	77.943
436.422	312.400	57.644	76.872
442.355	322.155	61.071	77.843
448.063	330.646	63.844	78.386
455.097	347.946	66.656	72.656
458.883	349.708	66.874	69.504
461.656	350.755	67.154	68.895
461.933	343.088	68.076	72.548
463.017	330.778	66.443	76.968
461.329	293.095	61.721	79.209
458.787	270.740	60.172	81.566
454.584	259.085	59.570	77.863
450.327	248.310	59.738	75.731
446.284	242.335	57.344	74.739
437.193	243.773	56.742	71.435
433.774	244.805	55.454	72.988
358.771	276.644	47.552	73.260
422.358	247.905	51.737	73.176
419.135	249.219	49.505	73.539
377.238	292.236	55.674	81.952
382.620	288.888	59.008	99.511
387.801	299.206	57.703	98.563
392.310	305.600	58.076	100.941
395.386	309.166	59.613	100.139
399.307	295.141	62.558	109.941
400.847	294.885	64.590	102.995
403.147	290.345	62.870	94.219
405.272	269.129	60.250	99.987
402.321	250.629	61.019	108.210
401.790	277.829	59.775	73.786
396.399	281.652	63.224	71.077
395.020	285.627	60.962	69.272
404.873	220.662	51.842	70.740
387.793	287.011	59.647	69.682
417.423	219.447	53.553	72.269
420.389	221.529	54.463	75.589
422.032	228.853	55.759	77.500
425.610	236.758	56.457	83.915
427.432	249.197	60.813	89.137
431.089	269.942	58.449	85.292
434.774	303.884	56.881	75.427
436.088	311.693	56.496	70.450
437.187	312.940	55.887	67.502
438.973	302.560	52.299	75.014
372.466	299.521	43.981	87.496
373.829	282.107	48.665	89.021
374.895	270.863	50.572	85.825
377.721	265.690	54.903	78.022
429.718	270.700	50.156	71.330
386.224	255.183	59.161	75.898
383.579	239.502	79.874	111.575
393.735	238.190	68.592	116.164
413.189	258.800	47.051	96.428
390.990	229.903	63.451	70.501
416.138	303.398	39.374	77.667
416.084	326.723	38.306	73.836
414.750	335.725	40.411	69.347
416.527	340.100	40.018	66.191
416.998	338.886	41.529	67.256
418.928	330.978	40.686	72.307
420.966	310.465	44.124	77.328
421.779	297.614	47.295	79.443
422.566	287.999	48.126	79.137
424.085	279.799	49.164	75.742
424.722	272.564	51.874	73.686
425.696	267.190	55.488	69.270
426.821	268.968	56.026	70.102
427.540	271.238	55.922	74.544
427.864	278.133	55.527	73.623
428.559	281.864	54.468	68.842
427.761	259.623	51.560	84.839
427.701	238.613	48.490	87.262
423.717	222.357	48.801	83.930
363.280	258.238	45.750	71.358
420.595	205.131	47.651	74.752
420.083	208.796	44.444	75.070
419.294	216.840	42.555	75.903
417.288	225.666	43.479	71.921
417.408	232.294	41.650	67.525
415.653	231.111	41.300	69.366
413.455	224.226	41.753	69.033
373.172	273.962	51.462	74.500
413.225	218.361	42.631	69.708
414.485	218.149	44.852	67.553
417.418	218.182	43.262	69.859
419.886	230.885	46.307	73.892
421.174	240.320	45.106	69.596
421.557	250.072	45.174	66.450
391.594	261.596	47.501	69.663
392.896	259.991	49.173	69.954
398.474	254.594	52.851	68.907
400.072	248.711	60.363	75.460
401.995	244.348	56.120	81.210
404.943	242.674	52.178	84.534
407.170	255.388	43.844	76.648
406.326	276.380	41.202	69.003
405.720	282.707	40.024	66.187
405.472	284.651	39.768	65.625
410.583	251.781	59.392	59.473
402.987	283.019	41.549	68.029
408.539	259.001	46.031	88.198
412.270	257.548	47.603	85.616
416.366	262.248	46.991	81.235
424.848	282.616	42.475	64.942
431.233	285.010	44.787	62.400
382.499	258.906	55.509	65.559
455.418	281.894	49.957	62.775
461.853	281.572	53.262	61.124
466.673	279.711	58.450	61.094
471.780	279.085	61.277	59.993
479.395	276.413	67.083	58.267
482.219	274.597	66.822	57.696
483.012	273.336	68.010	56.877
482.839	271.678	68.769	56.616
483.117	269.178	67.062	57.488
478.452	266.974	63.780	59.250
475.257	266.686	62.246	60.022
472.106	266.455	58.821	60.666
468.145	263.412	51.685	62.103
464.943	260.642	45.258	63.042
386.422	258.980	67.247	62.096
446.931	245.875	49.965	66.886
384.704	258.502	66.542	57.048
385.494	259.250	66.530	55.630
386.085	260.618	66.771	55.418
454.236	249.113	52.302	64.975
382.594	262.195	64.437	58.766
376.964	261.104	62.115	59.437
372.309	258.679	60.377	60.934
364.645	257.401	56.781	60.641
347.771	253.074	48.399	62.529
343.058	252.115	41.513	62.043
335.693	250.509	41.675	61.601
329.384	249.017	45.098	62.301
324.808	248.188	49.238	62.673
322.550	247.483	53.094	63.102
322.525	248.534	55.133	60.964
325.000	248.452	55.754	60.830
329.488	247.999	54.890	61.623
335.470	247.972	53.205	63.349
348.749	249.066	54.294	63.607
360.269	250.818	50.284	62.462
370.642	249.971	51.678	63.783
382.944	249.519	53.219	64.121
393.345	244.030	59.050	67.975
415.453	227.628	56.051	72.763
427.673	218.058	62.618	88.343
427.112	206.390	70.582	92.821
411.733	215.520	59.314	84.435
402.869	207.737	58.189	79.437
383.593	177.147	115.357	90.879
459.394	148.501	78.299	72.019
467.510	139.705	72.623	62.701
466.531	137.065	75.611	56.010
467.599	134.364	74.480	53.883
464.321	133.148	73.473	58.369
457.288	135.757	74.589	62.095
452.806	140.031	74.800	65.735
445.159	146.481	73.907	71.533
407.365	166.497	53.805	91.400
424.398	199.992	61.743	106.688
415.878	227.253	70.987	98.551
441.703	261.745	69.191	91.299
395.832	279.418	53.696	79.388
384.712	294.394	53.671	72.814
362.947	307.468	50.091	64.986
353.023	310.565	48.777	64.636
343.808	312.585	48.586	64.765
334.345	318.088	43.951	64.243
327.596	321.126	41.673	64.439
312.102	318.618	40.970	65.076
305.741	307.394	39.438	71.224
300.282	294.601	38.878	74.398
295.110	280.377	38.840	75.128
290.583	268.957	39.136	71.823
283.520	257.809	40.584	64.348
281.681	256.983	40.518	62.498
280.767	255.645	41.509	62.471
280.476	254.976	41.417	61.422
281.074	252.955	42.858	62.041
286.503	252.284	42.497	61.117
289.642	253.879	43.631	61.576
293.584	258.349	44.487	61.875
298.381	265.221	46.586	62.786
304.360	273.275	47.146	67.927
312.380	288.676	48.576	64.071
327.706	309.902	50.801	63.310
337.636	316.600	50.037	62.376
392.491	341.021	42.791	69.724
390.526	343.498	41.560	69.791
384.760	343.903	39.970	67.026
382.164	336.662	38.999	69.577
379.404	326.766	39.440	71.346
376.112	316.196	39.064	73.246
373.076	306.474	39.315	72.900
366.689	286.342	39.916	70.494
363.897	281.410	39.855	68.371
360.961	277.018	40.613	67.869
358.132	275.340	40.714	66.807
355.072	275.072	40.363	65.769
348.020	275.930	40.987	66.199
343.653	276.620	41.763	66.100
339.482	278.369	41.551	65.802
334.480	280.362	41.725	66.110
329.445	283.728	42.305	67.505
318.799	295.639	45.947	70.326
314.429	302.450	46.210	68.455
310.795	309.128	46.495	66.168
307.184	311.938	47.508	66.445
304.370	314.828	48.685	64.200
301.282	313.776	50.475	64.262
301.219	313.316	50.150	63.028
301.737	310.625	50.428	63.974
303.032	308.610	51.153	64.433
305.140	307.163	51.900	62.897
308.349	303.650	52.278	64.804
316.815	298.131	54.874	63.798
323.504	291.973	55.107	65.359
330.110	288.556	55.513	63.488
338.104	285.164	54.723	62.855
346.542	282.814	55.179	61.824
364.462	282.340	50.222	59.008
377.405	281.394	46.281	64.529
461.215	250.864	48.860	71.232
453.357	252.484	50.686	74.032
447.204	256.352	48.231	75.078
432.278	266.447	51.639	74.563
426.851	267.564	50.641	74.947
420.795	267.415	51.599	74.430
416.575	264.760	51.929	73.123
410.805	260.815	52.894	74.439
401.848	249.506	55.207	76.019
400.655	247.125	53.397	73.582
398.895	245.366	54.372	72.382
397.720	243.210	54.140	73.560
397.464	242.407	52.454	73.289
392.244	242.461	53.518	74.453
388.465	243.426	55.330	75.729
384.502	247.083	55.534	75.165
380.847	248.514	54.627	76.201
377.464	251.557	54.323	75.663
371.644	253.082	53.765	74.736
370.616	251.348	53.149	74.988
369.344	245.429	52.325	77.165
369.418	241.069	51.168	76.818
369.817	237.786	50.381	74.736
375.812	234.112	50.172	74.135
379.772	234.685	50.468	76.927
383.850	239.980	50.114	75.487
386.836	243.081	51.369	74.881
388.439	244.106	54.161	75.458
389.231	242.882	58.611	74.789
461.159	244.159	44.209	74.208
392.599	241.151	56.555	72.516
452.884	244.012	43.649	71.689
449.301	244.947	43.091	73.568
443.667	250.453	42.890	72.723
439.637	250.524	47.100	72.249
398.220	245.588	83.691	75.801
383.526	242.896	60.362	74.625
379.664	235.335	59.073	78.266
378.468	226.154	59.314	78.219
378.474	223.074	57.696	76.821
377.443	221.138	57.879	76.319
376.516	220.909	57.863	75.386
374.708	220.126	57.007	75.705
372.486	212.950	55.316	81.182
372.930	212.594	55.405	80.684
388.949	195.348	56.877	80.497
388.811	195.941	57.403	80.415
388.539	195.370	57.377	80.181
388.490	195.455	57.365	80.075
389.236	195.127	56.291	79.472
388.925	195.176	56.474	80.431
388.384	194.741	57.154	79.284
388.759	194.746	56.634	80.589
388.584	194.645	57.017	80.296
388.552	194.039	56.796	81.221
387.889	194.218	57.639	81.449
386.653	194.283	58.540	81.738
385.799	194.668	59.571	81.340
384.361	195.461	60.427	81.193
383.108	197.245	61.546	79.612
379.430	197.506	60.589	79.043
378.422	196.831	60.373	80.688
377.876	197.610	58.339	78.640
376.230	197.639	57.341	80.267
374.762	198.081	56.225	79.237
370.929	198.446	55.699	79.109
370.770	198.199	53.404	78.759
369.304	197.847	52.053	78.795
367.972	197.955	51.319	78.083
366.598	198.095	51.110	77.909
365.437	198.024	50.619	78.281
364.055	198.394	51.567	77.948
364.394	198.480	50.819	77.574
364.420	198.596	50.630	77.458
366.016	198.463	49.981	77.927
368.353	198.807	51.667	77.845
369.664	198.642	51.484	78.249
371.945	198.802	51.371	78.126
373.035	198.345	52.963	79.150
374.383	198.436	54.163	78.856
378.344	197.547	54.672	80.550
380.278	197.334	55.981	81.491
381.722	196.869	56.687	80.876
382.849	196.700	57.638	81.664
386.035	196.428	57.010	81.565
389.101	195.852	57.797	81.932
388.370	195.683	60.163	82.202
388.275	196.457	61.746	80.911
388.404	196.497	62.848	80.653
388.447	196.133	63.324	80.917
388.022	197.244	63.806	80.491
387.329	196.733	63.972	80.204
386.453	197.008	63.377	80.560
385.628	196.612	62.481	80.699
384.920	198.536	60.901	78.690
379.752	198.264	61.260	81.658
378.408	198.137	59.684	80.376
377.314	199.371	57.354	80.273
375.171	200.455	56.252	79.840
372.744	201.335	55.872	79.921
367.951	203.480	53.772	77.852
366.635	203.452	52.831	79.077
364.511	204.030	51.917	78.154
363.805	204.657	51.030	77.769
362.114	204.850	49.619	76.980
361.648	205.044	47.974	76.428
361.005	206.544	47.797	75.697
361.574	206.956	46.804	76.010
363.187	207.223	45.758	76.197
364.739	207.333	46.545	76.613
366.964	207.518	46.952	76.706
371.496	206.994	49.698	78.555
374.054	207.991	51.204	79.069
376.491	208.763	53.337	79.461
377.472	209.408	55.956	79.184
380.221	209.553	57.904	79.506
383.669	211.566	62.150	78.199
384.238	212.216	64.756	79.314
384.769	212.519	66.568	79.225
385.034	213.904	68.212	78.758
383.986	215.143	68.677	78.147
381.668	218.869	71.245	78.588
380.244	220.372	70.126	77.810
378.533	221.649	69.774	78.477
375.649	223.122	68.511	79.212
373.309	225.226	64.089	81.665
362.014	235.856	63.732	87.992
358.606	246.071	60.280	88.502
354.706	257.083	56.530	84.546
350.202	264.932	54.211	79.358
345.859	265.440	51.110	79.068
339.788	261.904	47.154	79.815
335.585	258.507	47.678	80.107
333.391	255.537	48.327	79.450
331.788	251.857	48.087	79.719
331.659	247.485	49.468	81.642
334.747	244.096	49.342	79.814
337.369	243.243	49.359	79.205
341.356	242.255	49.432	78.337
346.794	242.035	48.386	77.928
352.191	242.823	47.762	79.688
361.140	247.793	57.743	80.522
366.395	248.010	61.746	79.711
370.417	245.520	66.023	82.242
373.291	241.210	71.623	83.141
371.010	230.222	85.800	89.743
384.673	227.095	75.403	86.803
407.779	229.922	68.164	108.988
393.103	227.273	76.267	97.392
393.120	230.142	78.903	102.996
395.168	229.758	78.493	110.622
386.936	232.005	84.638	105.027
380.506	232.086	79.929	91.253
373.186	234.763	80.867	77.746
368.194	236.465	74.432	80.464
360.890	241.426	76.273	82.735
338.574	252.169	75.113	87.908
330.827	262.759	70.019	85.032
321.005	268.599	64.117	84.465
311.419	273.717	61.810	82.827
301.895	276.373	59.972	80.635
284.076	275.599	52.839	81.219
275.262	273.804	53.704	80.767
268.289	270.445	53.260	81.943
263.215	265.223	53.703	84.053
260.850	260.095	55.220	85.378
261.782	251.548	56.746	85.357
265.298	251.032	57.619	82.842
270.729	251.116	58.299	83.432
278.901	252.899	55.366	84.434
287.428	255.210	51.426	83.728
297.807	258.787	56.741	80.583
302.730	252.988	61.496	85.022
308.926	247.087	64.293	86.099
315.345	239.856	65.457	87.623
321.737	235.871	66.129	85.370
332.143	232.162	67.281	84.041
337.675	232.042	67.432	84.233
341.295	231.782	68.191	84.721
343.892	229.742	69.008	85.656
345.570	226.027	69.561	87.461
344.700	218.742	70.088	87.745
343.798	216.276	71.224	85.640
341.926	213.892	71.273	85.454
336.943	211.371	76.265	84.946
333.284	209.965	78.444	85.666
326.730	212.721	78.315	86.722
320.584	214.874	81.715	88.093
316.239	217.891	81.460	87.945
312.776	219.942	79.815	88.517
310.363	221.056	77.574	87.724
305.421	223.206	73.042	87.839
305.413	223.237	67.735	87.501
304.873	225.219	63.309	87.064
304.579	228.794	60.089	87.705
306.510	233.680	57.079	89.621
309.502	252.091	53.146	91.743
310.017	262.900	51.908	88.435
309.961	271.136	50.784	85.923
309.644	274.426	50.261	83.895
309.321	275.125	50.291	83.684
311.913	270.698	51.396	84.331
313.487	269.253	53.834	84.922
315.521	269.426	56.572	84.399
317.484	270.290	58.276	85.241
320.365	272.074	59.267	86.336
325.729	275.421	61.884	86.101
327.739	274.719	63.002	86.719
331.334	270.977	62.892	89.008
332.826	264.622	63.971	91.232
334.755	258.573	65.091	91.510
338.181	246.212	70.328	93.847
340.915	239.178	70.890	95.098
343.642	232.385	71.588	95.551
345.092	224.825	71.907	96.648
346.371	218.740	72.748	96.823
347.364	207.528	74.889	96.202
346.922	203.797	76.309	93.379
347.144	201.538	76.598	91.506
348.034	199.545	76.372	91.389
345.417	199.451	78.969	92.148
342.382	207.840	78.972	92.650
340.148	213.567	78.453	93.548
335.621	219.564	81.792	94.060
332.472	227.323	80.331	93.163
328.785	235.420	78.682	91.766
320.704	247.670	73.379	89.693
315.269	254.589	70.304	87.446
310.389	258.224	69.100	87.646
305.309	261.282	66.807	87.767
300.851	263.654	60.666	87.985
292.553	267.225	52.781	87.672
288.766	269.260	50.782	85.406
285.850	269.559	50.330	86.138
282.786	269.592	51.425	86.034
281.058	268.921	51.460	86.897
280.195	272.100	52.440	87.897
282.489	275.231	52.656	87.846
285.621	277.750	52.670	87.717
291.091	279.567	51.424	86.618
296.890	281.588	50.914	85.219
309.115	283.705	53.866	86.335
317.131	284.338	55.993	85.924
325.873	283.734	58.942	87.602
334.110	283.085	62.669	88.453
342.472	280.843	66.028	90.462
349.608	277.239	70.492	92.250
364.594	268.545	76.922	93.401
371.267	263.440	78.982	95.146
378.039	256.545	79.678	97.037
383.543	250.603	78.428	97.353
392.132	235.974	70.355	103.750
394.194	227.809	71.707	100.994
395.213	221.349	73.517	95.974
394.509	213.071	76.690	95.643
393.097	207.116	80.318	93.055
387.752	197.255	84.621	92.208
384.461	193.374	82.551	91.269
381.022	191.636	82.058	90.955
376.257	191.489	83.079	92.479
371.185	191.795	82.607	96.158
359.833	199.101	80.628	97.614
351.760	203.715	80.048	97.927
343.636	207.558	81.191	100.253
337.038	214.310	77.314	99.245
330.884	219.528	72.535	98.317
318.231	232.549	67.285	94.887
311.670	238.342	64.265	93.991
305.212	243.951	60.094	93.744
299.178	249.083	57.140	93.967
293.981	255.121	55.765	94.118
290.153	260.718	54.928	94.301
284.031	271.074	55.187	94.481
283.382	275.389	53.928	94.371
283.307	279.898	53.498	93.493
285.285	283.222	52.961	92.188
287.596	285.720	53.733	92.260
295.446	287.495	54.813	93.170
300.425	287.903	57.402	92.812
306.455	286.453	59.909	94.523
311.181	284.129	65.765	95.501
323.612	275.077	72.726	100.738
330.506	271.357	75.312	102.202
337.184	266.101	77.830	102.496
343.837	261.814	74.578	100.132
348.537	255.708	70.728	101.437
368.902	255.226	77.484	104.695
365.583	233.454	80.457	130.295
360.609	227.443	84.979	132.820
364.384	221.264	82.015	132.852
354.520	209.334	105.336	156.678
355.856	213.096	90.413	113.815
339.632	198.877	110.600	199.625
385.324	264.145	57.097	105.348
390.509	282.000	56.563	89.119
395.582	283.128	56.349	88.143
401.662	279.116	56.102	92.064
417.051	275.475	56.409	95.970
424.532	274.097	61.159	95.734
430.894	272.866	65.240	93.876
437.506	271.210	70.154	94.861
444.964	267.497	72.587	95.292
458.390	259.832	78.910	96.591
466.240	255.185	80.776	96.493
472.161	251.217	82.263	95.190
475.205	245.801	84.456	95.385
478.754	241.412	84.753	95.263
481.693	234.186	87.060	94.528
480.773	231.523	86.921	93.060
480.579	229.120	88.191	93.709
480.827	228.172	86.419	93.121
478.820	226.920	83.936	93.960
473.449	229.322	79.777	96.237
469.879	231.070	78.496	96.866
465.142	233.567	76.920	96.976
459.971	236.551	75.253	96.957
454.691	240.312	73.757	95.844
442.990	244.611	71.034	96.187
436.846	247.269	69.427	96.675
429.364	249.127	69.935	97.023
424.542	251.264	68.651	98.602
422.756	254.477	62.801	97.353
417.103	258.861	56.285	99.289
382.062	231.653	77.353	115.397
390.421	226.690	89.693	118.498
394.810	222.637	84.528	102.221
409.407	218.643	95.999	100.061
417.438	212.653	102.940	94.595
411.335	212.021	105.995	94.600
408.398	209.309	108.156	97.190
407.016	212.472	108.133	94.287
402.834	212.780	102.264	96.355
391.127	220.017	89.062	100.285
429.799	255.062	72.040	120.014
373.750	234.994	93.977	114.934
366.746	231.505	95.395	109.466
465.583	275.113	68.841	101.486
486.970	278.688	74.870	102.550
496.539	277.163	82.251	104.506
506.231	282.214	84.219	99.456
516.481	284.086	85.822	97.527
526.970	284.939	87.055	96.684
543.748	285.796	90.855	96.004
552.727	287.923	88.325	94.141
558.354	288.068	89.337	93.267
560.925	288.450	91.952	92.700
560.708	287.971	94.143	93.464
559.884	289.586	96.809	91.281
557.342	290.485	98.256	91.492
553.495	291.523	98.095	91.949
548.490	291.386	98.572	92.529
542.400	290.999	97.846	95.053
528.610	291.806	90.910	97.013
520.804	289.879	86.130	98.964
510.179	289.077	84.150	99.269
499.369	287.617	84.003	99.737
488.570	284.992	77.308	100.553
466.251	263.473	74.810	104.439
403.707	231.092	117.800	133.978
418.291	225.204	105.488	131.911
431.247	220.737	115.910	104.514
448.285	212.847	112.457	102.667
413.158	262.433	66.754	105.145
409.672	261.885	65.265	103.385
407.162	260.460	66.430	103.545
406.880	258.452	66.323	105.395
407.284	258.748	68.498	104.006
452.699	213.739	112.659	98.696
437.867	217.352	112.870	99.542
428.775	223.799	103.016	135.443
413.567	226.643	97.640	130.389
400.221	230.965	98.220	115.335
369.306	243.681	103.002	108.537
498.708	283.987	71.706	100.737
340.509	247.577	88.492	110.075
316.921	243.427	101.471	119.222
303.198	253.841	82.633	102.864
265.980	251.993	75.258	106.682
251.400	252.493	75.836	104.799
238.788	251.062	77.850	105.730
228.462	249.974	82.273	105.681
222.837	249.503	83.335	106.282
218.572	248.927	83.073	105.845
220.431	248.138	81.836	106.449
224.207	248.143	82.828	107.700
229.857	249.236	83.007	108.805
238.718	251.804	81.299	108.728
263.832	255.888	77.721	108.934
279.055	257.068	76.650	108.874
296.547	258.348	80.791	108.217
312.003	258.788	86.598	107.016
328.869	257.012	90.638	107.480
357.755	252.315	100.083	108.512
375.945	247.570	98.589	110.654
393.997	244.337	97.005	109.694
409.666	239.732	98.455	109.770
426.077	235.445	95.690	111.012
456.757	228.111	85.743	110.063
467.606	223.109	85.451	114.922
487.793	221.844	88.783	134.200
493.861	220.511	95.974	140.289
504.481	219.336	88.467	136.317
530.788	213.433	82.857	114.103
537.902	214.229	83.713	109.381
547.155	212.332	81.163	111.014
554.409	210.901	81.757	110.533
561.375	211.417	81.553	109.230
572.510	211.716	80.500	108.972
575.994	212.146	81.684	109.547
578.823	211.322	83.063	112.748
581.234	211.916	84.588	111.873
580.906	211.630	86.912	112.444
582.047	211.770	88.634	113.438
580.971	213.010	90.266	112.451
578.680	213.820	91.197	112.507
574.977	215.583	92.445	111.460
569.588	217.242	93.868	111.272
555.261	221.764	97.539	110.213
545.319	224.194	100.928	110.737
534.882	225.767	101.433	112.801
524.506	228.494	99.431	113.268
511.261	230.781	99.921	112.026
488.425	234.900	90.664	133.387
465.392	234.274	95.916	119.809
455.997	239.454	90.896	111.943
526.902	268.160	89.071	99.762
536.240	266.756	82.473	101.391
541.309	254.003	98.341	111.664
554.985	255.342	86.842	103.226
560.050	252.437	86.216	102.234
564.996	249.415	83.044	103.022
566.752	245.030	80.525	103.261
567.685	236.816	78.941	104.460
566.421	232.614	79.944	104.685
564.138	228.090	78.737	105.083
561.484	222.595	78.472	107.121
558.144	218.207	76.507	107.119
551.169	208.244	76.005	107.652
547.555	199.059	77.687	112.554
541.705	194.834	75.272	111.748
533.208	189.044	76.710	111.877
526.767	185.117	75.772	111.954
515.695	177.458	75.063	109.713
515.986	173.166	74.731	109.597
405.474	168.042	90.376	112.752
499.847	163.680	78.015	113.246
411.940	161.364	90.691	113.415
416.722	154.318	85.435	114.806
420.141	152.786	81.071	111.062
427.422	151.357	82.605	112.676
426.123	149.466	85.678	113.673
426.255	148.634	85.863	112.280
425.704	148.918	78.999	109.886
419.549	145.283	99.849	118.952
480.736	154.604	78.739	112.553
479.212	152.432	85.582	109.631
481.431	152.461	82.825	109.327
482.706	152.417	83.633	109.391
481.972	152.356	83.570	112.306
483.379	153.774	80.935	112.774
482.654	155.383	79.729	111.816
483.945	156.357	77.468	110.812
483.483	157.489	75.443	110.293
482.936	158.014	74.741	109.295
483.586	158.179	73.092	109.249
486.050	157.958	72.487	109.297
486.083	159.196	71.008	107.988
487.491	159.284	73.766	107.368
485.017	160.071	78.105	107.813
485.403	159.014	81.271	109.083
486.164	158.842	78.820	109.632
485.784	159.195	81.109	108.808
486.969	158.842	81.362	109.578
488.310	158.106	78.928	109.688
489.126	158.180	79.005	109.254
490.502	158.195	78.286	108.755
491.561	158.263	76.167	108.611
491.121	158.768	74.831	108.212
491.370	158.901	76.648	107.428
488.423	159.992	76.649	107.171
489.107	160.419	78.647	107.056
489.256	161.351	79.720	106.587
486.715	162.560	82.996	106.024
483.940	162.294	83.840	106.932
481.380	161.642	87.243	107.660
478.480	160.237	85.144	108.800
478.307	161.488	80.521	107.183
473.648	161.641	79.859	107.665
437.008	162.642	102.803	110.593
432.232	164.176	101.404	108.882
430.698	163.406	96.182	109.179
431.252	161.588	88.642	110.631
432.709	162.928	81.647	110.218
433.949	161.226	71.433	111.121
433.529	160.866	72.565	112.878
430.860	160.981	75.095	112.186
429.145	161.082	76.618	111.923
427.530	159.469	77.767	114.093
432.738	160.074	72.061	114.035
427.825	157.888	75.708	114.112
432.478	156.998	71.620	117.605
437.296	158.204	67.167	116.015
435.836	157.722	64.583	114.197
430.667	157.131	70.576	111.678
423.309	153.837	73.330	114.297
418.198	153.333	78.542	115.328
421.274	153.968	75.749	115.567
421.569	152.966	70.391	116.882
417.763	152.115	70.188	114.775
419.229	151.388	70.417	120.751
418.487	150.799	68.625	117.297
414.404	150.251	70.383	116.186
391.750	150.963	83.656	108.505
403.368	147.890	88.413	116.262
410.059	149.444	77.358	120.773
390.532	149.657	89.115	111.256
429.297	154.978	64.401	122.252
419.108	157.432	77.028	118.215
425.234	155.840	69.578	124.168
404.186	153.626	79.019	119.322
417.037	155.532	72.293	122.969
401.420	152.560	82.385	114.398
412.406	153.782	73.670	122.740
421.196	156.260	65.764	120.505
416.786	158.552	68.281	118.791
415.308	159.217	68.586	118.426
414.613	161.110	66.993	117.874
410.940	156.469	68.626	121.482
407.364	156.782	69.297	121.971
406.448	157.590	67.777	123.681
407.516	159.055	66.531	123.920
404.307	159.279	67.276	121.466
403.459	158.646	68.653	125.116
392.560	158.709	73.499	121.060
389.051	158.568	77.210	124.384
383.253	157.066	80.484	124.188
384.426	157.398	77.725	122.161
388.794	157.797	75.813	123.271
396.070	157.540	69.945	125.580
394.369	158.156	69.863	122.312
393.162	158.322	67.884	122.343
390.241	157.319	68.045	122.826
393.147	159.042	64.036	122.620
387.285	162.986	65.325	119.910
378.112	156.569	75.195	124.218
380.570	157.645	69.468	123.528
376.482	154.870	72.985	125.513
382.453	157.729	66.334	123.802
374.025	156.737	70.713	124.726
377.155	159.251	67.800	123.432
374.671	159.840	69.124	123.471
375.638	160.864	67.148	123.377
378.431	164.072	64.599	120.634
373.532	164.076	68.826	121.282
376.264	167.984	67.867	118.134
374.975	165.323	71.252	120.833
376.874	169.394	71.286	117.786
377.162	168.028	73.845	118.767
387.338	173.939	69.823	115.117
389.783	174.926	71.627	111.787
391.447	172.689	74.001	110.891
399.464	179.892	70.928	110.752
410.737	185.529	64.522	108.402
415.930	190.418	65.635	105.704
415.927	193.823	69.788	102.941
415.146	194.272	73.679	103.997
414.639	192.337	77.382	108.108
416.475	193.420	73.572	110.253
384.195	187.739	73.963	111.336
377.129	185.612	79.534	103.991
380.758	188.064	72.195	103.306
390.445	188.742	73.127	109.922
392.200	192.443	72.774	117.404
391.313	195.524	68.376	118.957
388.403	196.658	73.552	116.531
387.702	200.263	69.205	115.109
395.949	200.525	69.597	109.078
416.558	203.193	69.493	97.922
420.303	202.947	72.680	103.106
419.965	206.524	76.311	99.160
421.754	208.095	76.540	98.993
424.253	209.050	76.084	97.339
428.708	209.606	73.852	97.726
428.002	210.931	69.216	97.045
426.140	212.179	66.301	95.322
419.320	212.883	69.800	95.598
393.815	215.087	74.056	100.577
395.557	215.865	75.847	101.589
403.428	216.126	67.423	100.890
407.912	217.226	63.639	98.617
406.702	216.284	68.366	98.876
403.400	216.318	76.103	97.329
402.282	216.278	80.992	97.136
396.514	216.876	90.789	94.354
387.088	216.493	85.538	94.042
385.468	215.874	104.837	94.564
380.771	216.674	84.030	92.865
376.372	216.908	91.795	91.691
376.451	217.572	79.564	92.136
372.204	217.384	81.357	90.794
374.133	217.822	78.939	91.822
369.112	216.657	80.430	91.163
372.389	217.092	80.452	91.681
368.216	216.843	82.739	90.194
367.150	216.307	79.327	90.741
387.087	211.027	113.351	106.512
371.099	215.503	83.597	91.374
375.704	208.661	120.194	109.771
396.171	214.075	84.874	96.006
398.916	215.057	77.662	94.315
404.291	215.358	69.083	94.239
404.446	215.269	64.629	94.321
398.091	216.111	73.920	95.243
388.909	217.407	84.284	96.066
381.878	217.826	83.164	95.629
422.523	216.708	81.045	91.433
427.372	218.255	83.811	87.661
421.420	217.924	87.084	87.470
371.634	220.795	68.235	97.126
372.180	227.596	56.662	93.846
372.841	228.498	59.825	93.732
375.721	228.195	70.169	96.079
380.350	226.604	97.152	96.916
388.007	228.482	72.447	97.431
393.020	230.290	65.257	96.638
393.391	232.253	63.581	95.854
386.067	231.757	76.116	96.713
376.465	233.283	73.831	90.345
370.533	234.788	83.100	88.911
365.120	235.846	91.115	88.214
363.602	235.441	105.711	90.721
358.726	233.690	130.975	95.958
371.698	235.118	111.411	96.231
359.677	232.492	98.055	94.781
380.090	228.973	105.375	100.287
376.092	228.141	93.825	97.806
383.899	228.708	89.433	99.983
385.644	227.796	84.053	99.057
391.518	227.284	73.724	98.292
388.923	228.263	73.875	105.148
384.975	230.704	81.187	101.719
384.770	230.876	85.205	99.928
381.749	236.387	71.642	93.331
416.192	226.939	73.768	87.963
370.963	237.492	57.843	89.833
367.676	236.576	63.310	92.272
364.411	234.396	64.958	93.446
407.422	229.662	77.819	88.825
362.977	236.432	66.222	91.896
367.699	237.029	69.147	89.139
376.402	236.146	73.339	89.718
378.442	236.935	67.976	89.554
371.065	237.116	74.566	88.887
365.076	236.503	83.041	89.922
337.631	237.457	94.089	83.378
331.853	238.161	101.924	80.571
330.706	238.339	101.044	79.256
331.128	237.997	97.247	78.530
330.884	237.387	94.701	77.949
330.293	237.311	93.423	77.405
330.824	237.017	89.187	77.701
331.571	236.078	87.896	79.398
331.838	236.341	87.689	78.906
332.601	236.369	85.853	78.746
335.103	237.579	82.694	77.476
338.172	237.079	79.843	77.862
341.403	237.273	79.257	78.467
349.248	236.635	87.064	80.373
363.448	236.797	89.301	84.067
382.580	237.270	66.658	87.270
384.285	237.820	64.059	86.584
382.251	237.675	69.960	86.221
380.322	236.261	69.694	86.894
375.553	235.092	74.356	86.620
369.887	232.622	59.350	87.708
367.354	232.374	56.945	88.509
367.049	232.658	56.310	89.376
365.887	232.373	56.405	88.600
369.074	232.419	54.619	87.231
373.118	232.024	51.724	86.069
376.277	229.683	54.091	88.166
378.898	226.267	61.658	90.054
381.342	224.732	67.520	90.296
383.780	222.715	63.718	91.553
377.260	219.511	70.827	88.572
380.379	219.560	80.569	91.020
365.279	218.553	94.932	91.838
386.852	221.547	79.886	90.745
373.795	217.670	91.940	93.589
386.046	221.099	81.680	89.251
397.019	222.707	69.501	88.642
400.721	226.310	65.061	84.580
401.031	226.828	65.442	84.700
399.157	226.435	65.504	86.708
398.674	227.143	61.127	86.408
397.377	228.502	61.831	85.007
396.741	228.304	58.871	85.283
392.963	225.968	59.283	87.551
369.825	220.036	69.426	89.580
372.267	216.969	63.160	91.952
378.321	217.797	59.488	93.205
378.215	218.140	55.829	94.086
376.213	219.341	64.642	92.362
375.568	219.692	69.414	91.802
377.240	219.910	67.664	89.772
373.207	223.057	58.585	88.021
389.269	219.639	73.944	86.109
397.216	218.723	71.804	82.320
382.092	219.750	90.028	82.653
401.218	220.585	69.353	81.815
395.016	220.870	77.626	82.077
391.090	220.725	71.816	85.047
380.524	224.615	66.869	88.057
383.368	223.626	65.864	90.470
388.220	223.953	68.048	90.977
388.374	224.768	68.868	91.821
388.777	226.222	69.022	90.424
389.798	225.860	68.488	91.668
391.423	226.192	66.689	91.988
392.706	226.441	65.615	91.532
392.529	226.198	65.945	92.673
392.940	226.378	66.068	91.436
392.231	226.181	67.356	92.022
392.798	226.279	67.286	91.878
392.780	225.793	66.776	90.651
393.047	225.806	66.319	90.713
391.126	226.049	66.417	90.093
390.591	226.751	67.170	89.418
390.336	226.444	64.725	89.603
388.683	226.389	61.108	88.784
386.591	227.288	62.952	87.635
385.903	226.219	61.971	88.758
384.727	226.436	61.307	88.125
383.583	226.250	60.592	88.386
382.190	225.603	62.150	88.319
382.282	224.871	60.891	89.526
382.255	224.954	61.713	89.341
381.226	223.517	62.472	90.346
380.927	222.874	62.594	92.039
380.558	222.361	63.535	94.049
379.005	221.916	65.745	95.215
378.421	221.698	66.988	95.741
377.831	221.388	67.512	95.407
377.913	220.941	66.958	95.530
376.845	220.426	66.644	95.089
377.302	220.190	65.507	94.418
377.298	220.408	65.107	93.772
376.880	220.519	65.037	93.370
376.316	220.075	65.391	93.547
375.239	219.434	62.806	93.248
375.110	218.606	60.621	94.272
374.424	219.854	60.003	92.977
374.432	220.812	60.676	91.078
372.372	221.672	62.963	90.819
370.500	223.409	68.385	89.661
369.574	223.817	70.258	90.288
368.499	224.343	73.322	90.846
366.101	225.619	78.560	88.883
362.702	226.915	86.812	86.890
377.961	229.003	78.577	83.237
394.509	228.524	69.838	81.888
399.923	229.896	68.927	79.842
402.597	230.520	68.205	79.474
348.999	233.081	66.076	81.819
409.903	231.572	63.812	82.417
346.959	231.665	56.299	82.117
345.065	230.584	56.465	82.362
343.292	230.497	57.003	82.095
341.847	230.090	57.114	81.928
339.336	228.770	58.086	82.220
338.275	228.710	58.370	82.410
337.093	228.630	58.967	82.603
336.220	228.255	59.226	83.157
335.070	227.961	59.080	83.404
335.415	228.572	57.172	82.569
335.394	228.803	56.408	82.754
335.652	229.410	56.004	81.828
336.159	230.258	55.649	81.020
337.106	230.371	54.304	80.855
338.815	232.461	53.103	80.112
339.146	232.909	53.606	80.592
342.928	234.435	51.311	79.302
342.203	234.239	52.811	80.437
346.307	235.725	51.196	79.372
350.223	236.710	52.340	79.166
349.808	235.704	54.223	80.699
354.397	235.887	52.121	80.460
355.582	236.442	53.667	80.072
359.405	236.263	51.633	80.764
363.158	239.008	50.617	78.437
362.907	239.308	51.086	79.706
364.107	239.962	51.237	79.053
365.403	240.460	51.109	80.062
364.191	242.441	52.488	78.447
363.897	242.842	53.078	78.825
361.810	246.215	55.500	76.263
360.279	246.151	56.167	77.733
359.660	246.746	55.784	77.280
358.422	247.814	56.750	76.400
356.549	245.524	55.558	76.365
356.274	244.129	54.473	76.472
357.541	244.202	52.567	76.656
357.620	243.266	50.658	76.714
357.845	242.690	49.347	76.605
358.055	242.757	48.738	75.746
358.251	242.311	47.494	76.427
358.227	242.164	47.764	76.184
358.441	242.472	47.490	77.261
358.519	243.170	48.211	77.393
357.735	243.940	49.492	77.370
357.890	246.707	53.629	76.564
356.760	249.305	55.874	76.260
359.269	250.896	55.506	76.204
359.789	251.057	55.962	76.439
362.674	251.994	54.184	77.548
368.780	252.557	50.045	76.985
368.246	252.268	51.053	77.209
370.525	252.095	49.239	76.033
370.447	251.930	49.514	76.026
370.597	250.342	49.331	76.806
368.287	249.542	52.842	75.391
368.590	248.489	54.007	75.731
369.681	246.561	53.420	76.079
370.764	244.727	52.848	76.488
372.357	242.635	52.138	75.859
374.554	240.162	51.438	75.073
374.591	239.156	52.099	75.432
374.439	238.671	52.789	74.074
374.327	237.835	53.775	74.899
374.349	237.847	55.223	74.672
373.760	238.793	56.739	73.710
375.820	239.516	54.972	73.771
375.339	238.946	54.875	74.359
376.214	239.360	54.241	73.738
376.541	239.929	54.033	73.725
377.590	237.888	52.273	74.094
378.276	236.101	51.608	74.060
378.226	231.933	51.301	75.270
378.789	229.844	51.632	74.714
379.472	226.194	50.851	74.895
381.840	218.063	49.539	75.918
383.696	216.528	48.040	74.496
383.061	213.002	48.706	75.115
385.905	211.870	47.595	73.967
386.504	209.460	47.070	74.261
390.482	208.645	46.505	71.930
435.523	209.051	48.491	72.133
436.632	208.001	45.550	70.378
435.852	205.801	46.673	71.659
394.039	207.942	48.419	72.717
392.561	208.152	55.543	73.309
396.395	207.298	63.099	73.339
396.367	206.032	67.259	73.074
395.655	204.901	63.164	74.086
396.120	204.623	66.614	73.894
396.547	204.419	62.389	73.906
396.668	204.751	68.975	73.063
397.077	204.730	68.285	73.140
397.090	205.027	67.389	72.751
396.631	205.431	66.735	72.314
396.322	206.233	66.556	73.084
395.878	206.358	66.617	73.440
396.541	207.831	69.300	73.762
396.327	207.283	68.478	75.851
396.208	206.836	68.872	76.733
396.261	206.983	68.236	80.647
396.474	207.728	63.374	80.508
399.225	208.858	62.200	81.105
399.878	208.735	63.476	85.750
398.642	210.191	63.574	84.908
398.237	215.060	62.205	82.228
399.770	216.451	59.817	80.872
397.783	217.651	61.831	79.531
394.296	220.277	64.677	75.685
391.395	223.509	67.477	71.732
386.776	221.981	73.390	75.592
385.821	221.860	74.835	78.114
390.550	220.932	70.948	79.860
416.648	218.104	48.671	74.190
418.119	216.543	49.112	70.229
418.320	213.470	51.249	70.073
417.630	212.385	52.700	69.254
417.392	212.420	52.938	68.525
417.461	211.614	54.116	68.896
417.004	211.542	54.997	68.475
416.862	213.451	55.110	68.262
416.754	215.341	55.365	68.148
417.539	217.097	54.133	67.756
417.680	219.317	53.749	68.605
417.646	221.899	53.093	67.754
417.165	226.130	52.360	69.981
417.788	226.883	51.076	70.382
417.197	228.927	50.566	71.290
416.657	231.998	49.595	70.657
415.321	234.211	50.503	69.687
414.084	238.117	49.180	69.257
413.113	238.390	50.283	69.424
412.294	240.161	50.744	68.151
411.737	240.120	50.451	69.068
411.652	240.941	50.276	69.200
411.717	241.166	50.157	69.498
412.036	241.802	50.057	69.133
412.901	241.933	50.507	69.255
413.504	242.576	50.677	69.005
414.411	242.802	50.460	68.997
415.901	243.079	50.878	68.754
416.193	243.020	51.874	68.644
414.268	241.739	54.189	69.142
414.381	240.896	55.118	69.219
414.934	238.183	55.442	69.998
417.084	234.670	53.169	71.108
416.864	233.745	53.216	70.308
415.375	232.119	53.399	69.299
416.019	230.885	51.617	69.264
416.013	230.211	49.660	68.528
412.936	226.669	47.745	69.441
410.615	224.658	48.066	69.788
411.056	224.229	47.926	68.835
409.280	222.558	45.856	69.203
407.949	220.347	45.959	69.758
407.321	219.076	43.706	67.754
405.342	217.648	45.497	67.313
401.113	216.139	48.065	68.771
389.359	214.905	61.112	70.473
375.928	212.943	67.618	72.126
377.367	210.201	74.525	73.640
378.852	209.138	73.601	74.262
379.553	207.908	72.952	75.013
379.950	206.436	73.524	76.614
381.529	206.647	72.475	76.471
383.635	203.805	67.671	80.043
384.076	204.751	60.388	80.522
384.093	204.430	62.404	81.356
385.316	206.270	56.440	80.102
385.763	206.426	58.563	80.019
387.097	205.612	58.809	82.043
388.473	207.051	56.912	80.659
389.575	207.990	57.639	79.585
390.560	208.324	54.807	79.494
392.756	210.438	59.471	76.773
395.191	211.861	64.866	73.197
396.758	214.164	65.904	70.304
398.067	213.380	66.476	70.100
400.616	212.839	65.161	71.795
403.627	210.154	63.053	74.994
408.201	208.194	61.035	78.669
406.845	203.697	63.532	82.512
416.470	205.688	54.408	82.714
429.106	214.658	43.035	76.369
432.452	220.681	41.691	70.958
431.352	219.480	43.263	70.062
432.934	220.348	43.592	68.726
432.132	219.460	44.059	69.217
431.592	218.255	44.180	69.584
432.215	217.085	42.957	69.161
426.837	215.254	47.247	67.548
411.963	211.483	60.011	70.113
410.124	211.401	61.235	69.631
404.756	211.061	66.075	69.362
403.228	207.631	67.217	73.972
402.912	206.710	55.348	76.461
401.810	208.974	50.993	75.859
401.101	209.117	52.790	74.920
401.417	208.687	53.822	75.853
401.437	207.429	55.098	76.121
401.549	207.254	56.056	76.078
402.066	207.189	64.087	74.571
403.477	207.169	66.428	74.394
403.794	207.877	67.781	73.077
403.886	208.470	68.782	72.001
403.817	208.874	69.664	70.981
403.827	209.130	69.893	70.725
404.152	210.140	69.705	69.434
404.578	210.837	69.033	68.704
405.455	211.315	68.255	68.119
405.379	211.485	68.453	68.669
405.447	211.377	68.499	69.641
405.553	211.880	68.097	69.735
405.693	213.356	67.776	68.920
405.588	213.401	68.313	69.334
406.105	214.560	68.421	68.475
406.798	215.111	68.517	68.529
407.658	215.588	68.106	68.313
407.649	215.613	68.536	68.481
408.007	216.699	68.494	67.478
407.565	216.344	69.131	67.946
407.739	216.200	69.208	68.976
407.342	216.693	69.809	68.735
406.643	217.458	70.412	68.411
406.060	217.449	70.212	68.721
405.029	218.741	70.486	67.799
403.416	219.287	69.398	67.772
402.609	219.728	69.780	67.230
401.116	221.381	69.530	66.202
399.428	220.450	68.744	67.662
397.700	222.065	69.429	66.485
392.692	224.183	69.556	66.017
391.525	225.231	69.224	65.435
389.106	225.694	69.471	65.681
386.569	226.714	69.595	65.462
383.498	226.391	69.864	66.167
376.550	229.234	70.420	65.197
374.047	229.624	68.867	64.821
369.914	229.664	69.317	64.600
366.816	230.797	68.737	63.339
363.151	231.385	68.349	62.559
356.975	232.649	65.908	61.058
354.165	231.068	65.238	62.611
351.556	230.577	65.002	63.314
349.962	230.643	64.134	63.375
348.158	230.756	63.472	63.014
346.252	231.353	63.146	62.505
346.081	231.942	62.538	62.375
346.355	231.902	61.764	62.747
347.585	232.647	59.912	62.772
349.554	233.127	59.677	62.392
354.052	234.847	64.512	61.509
357.569	234.462	65.079	62.898
362.404	235.261	63.980	63.700
366.404	235.267	66.291	64.753
372.178	236.196	67.005	64.335
383.847	232.237	67.452	68.988
390.804	232.860	69.648	69.060
395.523	229.678	74.039	71.766
402.300	227.583	74.222	72.867
407.873	226.199	76.590	72.285
420.871	221.068	77.145	73.870
422.293	220.083	81.528	72.738
426.071	217.561	82.319	73.605
429.369	214.405	83.249	74.983
432.911	216.060	82.014	71.708
436.018	213.861	81.220	71.942
438.051	216.371	80.173	68.942
438.493	215.060	79.833	70.002
436.980	214.961	79.842	69.717
434.849	215.072	80.283	70.573
427.986	216.474	79.674	72.233
424.434	219.480	79.304	70.771
419.460	221.559	79.643	70.846
414.997	222.246	77.709	72.383
410.154	222.635	76.637	73.220
398.492	228.349	75.326	70.702
393.306	229.781	74.297	69.650
386.894	232.254	74.759	67.593
382.124	233.261	72.391	66.233
376.698	234.648	71.193	64.513
366.584	235.498	68.202	62.616
362.179	234.034	66.927	62.748
358.310	233.613	63.944	61.589
355.379	230.754	62.859	63.584
352.618	229.324	62.180	63.998
348.270	228.959	62.919	63.120
346.458	227.492	63.904	63.587
345.240	228.401	64.071	62.922
346.184	228.314	63.004	62.540
346.537	228.795	62.367	62.770
349.404	228.018	57.685	66.780
351.429	230.043	57.269	65.959
356.813	230.906	58.525	65.394
359.584	230.915	59.183	66.427
365.061	231.422	60.288	67.955
374.955	232.377	55.347	68.383
379.167	231.996	58.101	69.984
386.729	231.143	58.790	69.764
393.414	229.893	62.586	70.288
399.565	228.433	65.519	71.572
410.820	222.121	68.159	74.882
412.887	223.259	72.954	72.720
416.526	220.098	74.218	73.716
419.969	219.238	75.508	73.210
420.672	217.553	79.033	73.392
426.475	218.185	76.774	71.652
426.818	219.304	78.176	70.056
427.357	219.884	78.277	69.398
428.143	221.112	76.461	68.722
426.377	221.080	77.210	70.390
421.544	222.511	76.271	72.757
418.698	224.382	74.956	72.377
415.335	226.154	74.262	72.043
410.924	226.896	74.320	72.523
406.671	228.662	73.748	71.957
395.681	233.664	72.057	68.178
389.020	232.235	72.810	68.608
382.262	235.058	73.472	65.964
377.158	234.004	71.717	66.361
372.137	234.770	69.273	64.832
361.501	233.983	66.465	62.329
356.164	232.488	66.406	62.491
351.476	229.983	64.339	63.889
347.078	228.134	64.883	64.279
344.157	226.914	64.118	64.399
339.781	222.893	65.068	65.544
338.431	223.254	63.945	63.753
337.747	222.507	64.395	63.886
341.501	222.676	60.944	63.133
338.386	221.116	63.527	63.839
341.160	222.593	66.424	63.427
344.591	222.778	66.303	63.899
348.874	224.400	65.118	63.319
354.787	224.773	64.924	63.759
358.977	225.315	67.319	64.325
373.718	228.310	66.427	63.692
377.947	228.314	70.559	63.648
382.048	228.398	76.205	64.106
391.683	226.134	74.705	66.261
400.727	224.961	74.328	67.209
414.169	223.614	77.113	66.276
417.778	220.595	80.674	68.506
424.203	220.345	80.756	66.886
429.665	218.583	80.693	67.162
432.737	217.025	82.439	67.587
439.227	215.971	82.531	67.268
440.709	216.202	81.199	66.633
443.377	216.361	79.930	65.946
444.058	218.019	80.574	64.225
444.416	217.329	80.442	65.332
441.474	218.524	80.718	65.853
438.151	217.630	81.568	67.442
434.164	218.707	81.393	68.179
429.909	220.591	80.829	66.906
426.179	222.643	78.754	67.608
415.638	225.933	77.069	67.909
411.141	227.824	77.439	67.314
404.708	228.961	76.354	67.023
399.251	230.202	74.050	65.866
392.320	231.094	74.086	65.662
379.839	233.588	72.138	63.419
373.154	231.249	70.819	65.069
366.830	230.835	70.357	65.144
361.740	229.527	68.357	65.790
356.253	228.845	67.545	65.076
351.891	226.132	66.226	66.719
345.305	225.542	61.647	65.392
340.494	223.585	65.559	66.228
338.060	222.796	63.390	66.547
336.237	223.441	63.844	65.407
337.828	224.169	59.840	64.747
344.461	223.919	53.233	64.613
339.692	223.332	58.123	66.126
341.555	224.928	57.302	65.277
340.189	225.447	62.694	65.057
344.688	227.048	65.425	65.839
349.578	228.544	65.909	65.463
354.912	229.905	66.996	64.876
363.212	231.809	66.486	63.797
366.272	231.943	73.531	64.424
372.533	232.589	76.008	63.930
387.365	231.158	79.480	67.665
393.511	229.989	81.897	68.391
402.579	225.512	82.067	73.170
410.698	225.866	82.187	72.058
416.664	225.217	85.446	71.741
433.130	222.952	83.630	70.139
436.782	220.605	87.060	71.329
441.911	218.819	86.657	71.328
445.717	217.514	86.449	71.421
450.434	217.635	84.519	70.389
454.623	215.482	84.604	70.931
455.169	216.744	85.218	69.213
456.144	216.817	85.199	69.051
455.937	217.096	84.843	68.802
455.278	217.390	83.912	69.365
448.588	216.668	84.031	73.253
443.656	221.211	84.716	69.276
439.123	222.515	83.907	69.220
433.353	223.684	83.295	69.026
427.345	223.527	83.351	70.830
414.776	225.329	79.022	69.458
407.325	226.785	79.977	66.777
400.633	225.770	78.464	67.730
393.380	225.495	77.008	67.435
386.708	225.520	75.419	66.914
377.667	223.731	68.653	66.577
369.945	220.861	69.083	66.693
364.475	218.979	69.517	67.296
360.579	216.840	68.758	68.593
355.332	215.392	69.688	68.272
353.005	213.287	65.639	68.315
351.715	212.119	64.480	68.588
350.430	212.402	64.608	67.990
350.120	212.857	64.211	66.863
349.381	212.292	65.150	67.460
352.693	214.039	66.276	67.582
355.517	215.179	66.641	68.007
358.680	216.491	67.766	67.851
362.364	219.116	68.409	66.597
366.874	220.142	68.822	66.850
379.504	220.869	69.336	68.080
385.521	222.251	73.154	67.923
391.994	223.272	75.595	67.568
398.602	223.716	77.231	67.638
404.854	223.188	79.361	68.347
418.862	221.102	81.206	69.589
425.292	215.428	82.159	75.755
431.932	215.570	83.748	74.192
438.243	214.172	82.950	74.076
443.211	212.896	83.168	73.670
452.743	210.534	83.308	73.582
454.025	208.413	85.787	74.107
456.343	209.105	85.037	73.646
457.806	209.829	84.882	72.548
458.940	210.438	84.768	71.852
458.689	212.079	84.758	71.278
457.652	212.200	84.763	72.100
455.004	214.692	85.014	71.383
450.500	214.670	85.998	74.315
445.763	216.684	86.688	73.877
434.278	222.004	86.010	72.816
428.747	223.589	85.659	73.315
421.018	226.522	86.767	73.046
412.612	229.101	86.716	71.770
403.601	231.459	87.389	70.395
387.411	232.698	82.556	70.733
376.541	233.634	83.497	70.155
367.939	233.517	80.530	70.261
357.998	232.321	79.945	70.885
348.441	230.788	75.506	71.418
332.876	226.108	71.173	73.702
325.075	223.805	70.881	75.424
318.466	221.061	69.334	76.609
312.478	218.778	68.478	76.558
307.163	216.895	67.549	77.104
307.082	216.602	59.454	73.977
311.164	217.212	51.665	73.286
312.019	218.618	48.957	71.243
310.818	219.358	51.045	70.052
310.339	219.211	50.960	69.873
309.644	218.601	52.160	72.032
308.693	218.467	55.920	72.342
308.867	218.426	61.641	73.498
308.939	218.947	67.298	74.444
312.702	221.411	69.324	73.136
326.524	222.731	72.751	73.108
334.404	222.767	76.778	73.778
341.182	222.720	80.236	73.781
348.659	223.066	84.603	72.198
355.246	222.596	88.137	71.906
373.885	216.747	91.093	75.142
381.985	215.360	90.866	74.944
389.744	212.312	92.066	75.841
395.723	209.839	94.401	76.527
402.590	207.036	94.978	76.856
412.596	202.647	92.518	77.670
416.563	203.207	92.852	75.574
418.723	202.636	94.102	75.080
420.912	203.280	93.221	73.530
421.996	203.210	92.597	72.932
422.587	203.862	92.720	71.608
423.090	204.112	91.676	72.249
421.812	203.987	90.935	73.422
419.803	205.951	91.329	73.537
415.942	206.897	92.082	73.270
406.766	209.082	92.041	75.387
402.206	212.975	90.704	73.842
396.062	213.807	90.522	75.043
390.639	215.483	89.301	74.500
382.500	217.951	88.696	74.261
369.184	221.176	86.010	73.329
360.697	223.356	87.663	71.298
352.900	222.945	86.587	71.731
345.985	222.829	86.689	71.570
340.083	222.174	85.397	71.935
326.225	220.427	80.030	71.119
318.385	218.005	79.208	72.545
315.033	215.070	74.751	74.411
307.114	212.048	71.500	75.837
320.114	211.538	58.946	74.905
316.249	210.141	48.908	71.768
314.234	208.888	44.620	70.946
311.663	207.982	43.004	69.954
309.009	206.965	41.982	69.384
306.432	204.439	41.747	69.756
304.067	204.618	40.971	69.215
304.508	203.971	41.465	69.521
303.981	204.949	41.385	69.417
306.316	205.328	40.744	71.128
309.036	207.169	40.572	70.313
316.133	210.195	42.512	70.905
308.260	209.912	57.495	73.535
315.686	210.319	53.614	76.055
318.623	213.508	57.408	74.025
319.033	215.203	66.098	74.437
322.094	217.868	74.994	74.587
334.527	222.415	84.486	73.030
339.897	222.904	89.856	72.057
349.505	223.541	91.883	71.807
358.673	222.475	94.613	73.413
379.253	217.856	98.542	75.868
389.726	217.240	98.617	76.105
399.105	212.373	96.627	78.576
408.462	208.973	102.405	79.317
418.110	203.600	101.623	81.228
435.440	193.284	101.850	84.348
439.544	196.629	102.316	78.215
445.663	191.590	100.174	79.342
449.602	191.089	100.562	76.332
453.580	187.156	99.535	78.305
460.381	185.807	100.433	76.317
460.275	185.799	101.500	75.732
461.424	186.667	100.717	76.505
461.670	187.328	100.141	77.922
459.686	191.695	99.879	76.889
453.420	196.547	91.504	82.021
447.398	202.052	101.934	79.771
441.583	205.506	100.645	81.132
433.842	210.552	101.577	80.264
423.952	213.086	105.487	82.952
415.168	217.164	105.469	83.325
392.773	224.855	101.950	81.118
380.528	228.787	100.343	78.531
368.360	231.182	99.435	77.400
356.207	233.633	97.641	73.946
335.832	229.277	91.334	75.921
321.888	226.742	86.409	76.275
310.821	222.769	88.175	78.056
303.040	219.128	78.101	78.283
292.377	213.444	74.438	80.012
274.380	204.834	75.076	79.508
266.735	199.433	76.344	80.525
260.136	194.183	76.767	81.824
254.852	190.320	76.564	82.813
250.434	187.570	75.913	82.351
246.951	186.536	76.354	81.256
242.966	187.261	75.802	79.374
242.022	187.925	75.920	79.426
241.485	190.093	75.226	79.846
241.713	192.902	76.100	79.788
247.025	196.556	72.579	79.825
254.779	199.891	68.632	81.143
249.836	199.080	72.458	80.037
378.897	212.088	59.778	75.638
376.692	215.056	73.652	76.381
379.007	215.947	80.027	76.308
385.990	216.936	74.166	77.451
373.927	217.533	65.167	76.344
379.708	217.557	83.617	76.711
376.008	219.685	78.324	75.542
374.030	218.321	82.850	76.923
372.376	218.671	82.024	76.701
371.754	218.751	83.838	76.281
370.289	219.481	81.753	75.817
371.056	218.952	84.971	76.140
384.458	218.556	72.413	77.449
366.085	216.859	75.587	77.946
365.545	216.465	80.998	78.372
371.017	216.088	81.708	79.311
360.803	215.627	78.776	77.750
365.710	214.968	77.254	78.937
367.205	214.895	76.920	78.708
357.892	213.624	72.349	78.385
393.189	215.548	52.445	77.572
381.751	215.604	61.709	76.481
356.229	214.194	73.289	76.400
357.590	214.217	73.491	76.952
354.204	214.354	66.358	76.374
379.255	215.382	63.398	77.403
351.194	214.417	71.927	77.044
356.885	215.475	78.486	77.662
348.541	206.622	89.996	87.856
352.234	217.652	70.518	76.569
350.287	215.713	65.715	77.711
359.459	218.214	73.504	77.859
347.173	207.856	88.664	88.234
349.652	219.652	70.866	76.338
367.201	219.359	67.112	77.025
381.583	219.680	51.634	75.852
384.516	221.707	56.865	74.500
384.687	221.280	49.025	74.960
385.532	221.745	52.170	73.391
385.419	221.602	49.794	74.348
384.534	221.695	50.599	73.441
384.277	221.745	51.601	73.213
383.562	221.751	50.647	73.536
383.991	221.645	51.583	73.030
383.427	221.595	49.444	73.836
384.097	221.058	50.030	74.031
383.567	221.690	47.478	73.585
383.582	221.514	47.556	73.264
383.069	221.590	47.515	73.171
381.828	221.416	48.397	73.098
380.716	221.013	48.807	73.519
378.952	221.384	49.153	72.940
379.534	220.889	50.033	72.975
379.945	219.854	48.179	73.425
379.252	219.912	47.796	73.409
378.604	220.139	48.560	73.132
379.102	220.013	50.601	73.343
378.957	219.745	48.744	74.000
377.573	220.688	50.783	73.430
377.897	220.894	50.307	73.743
378.066	221.142	50.636	73.819
374.186	221.743	51.807	74.342
373.367	221.957	53.701	73.767
372.298	222.670	52.745	74.069
371.430	223.610	51.020	73.544
369.598	225.375	51.612	73.262
367.917	228.022	48.100	73.696
364.448	229.227	49.465	73.736
355.703	230.678	53.987	73.450
336.241	230.163	69.223	75.965
340.932	230.976	62.718	76.285
351.814	234.845	53.446	75.118
325.392	234.847	59.663	74.774
335.229	237.024	69.122	74.187
353.782	240.005	50.347	72.958
336.330	240.651	64.559	73.367
322.099	241.140	61.486	73.255
344.022	244.922	57.349	72.390
322.504	243.916	59.555	72.690
322.518	245.042	69.852	72.359
321.611	245.990	56.707	71.639
338.404	248.128	56.478	72.359
322.412	251.045	59.419	70.255
323.052	250.400	55.319	71.854
323.220	251.515	53.704	72.219
325.871	251.952	57.470	72.190
328.292	253.699	46.785	71.299
332.815	255.337	57.100	70.857
334.215	256.112	63.461	71.307
334.398	257.343	59.651	70.524
334.813	257.962	53.905	70.395
339.033	258.667	56.629	70.345
340.663	259.994	57.984	68.539
343.530	260.150	59.495	69.029
352.062	260.756	61.879	68.288
351.082	260.400	54.007	68.621
354.205	259.470	61.883	69.099
357.882	258.979	61.998	68.770
361.275	258.592	63.381	68.650
360.792	257.996	63.029	68.914
366.635	258.346	63.985	68.199
364.485	257.113	60.995	68.891
385.338	257.240	60.318	67.745
369.956	255.994	65.708	68.611
371.165	254.845	61.853	68.662
379.277	254.400	68.081	68.485
375.931	254.401	66.719	68.694
378.127	250.858	64.673	69.996
379.313	248.920	64.071	70.676
383.537	247.837	70.382	70.850
383.457	247.654	66.999	69.871
385.867	245.999	64.557	69.477
417.145	243.151	51.547	67.527
391.917	242.553	65.110	68.003
393.610	238.725	66.168	70.866
398.342	237.258	65.282	70.523
410.933	235.603	62.440	69.590
428.431	232.264	48.250	67.966
430.373	231.966	48.742	66.597
431.478	230.793	49.917	66.526
431.829	229.740	51.770	65.855
433.452	228.913	50.825	65.728
431.051	228.837	56.419	64.536
434.224	228.385	54.504	64.980
434.443	228.557	53.954	64.363
435.821	228.391	52.751	64.391
434.468	228.084	54.676	65.207
435.354	229.123	53.413	63.657
412.797	229.241	60.907	66.071
399.232	228.551	70.465	69.795
397.652	228.416	70.016	69.865
398.702	230.263	78.055	66.712
390.008	229.188	68.908	68.258
387.519	228.309	64.083	68.781
386.369	228.263	79.737	68.265
393.438	226.215	72.922	69.952
385.263	226.291	79.173	68.427
390.425	222.726	68.458	69.995
386.704	224.488	65.096	67.794
366.654	223.630	71.818	67.787
378.527	223.842	61.201	67.000
354.358	221.533	66.796	68.288
350.219	220.537	70.562	68.909
348.188	219.932	61.736	69.088
351.727	221.337	59.961	67.650
351.222	220.018	58.374	69.081
350.601	219.235	57.175	70.298
347.565	221.407	59.121	68.677
350.338	224.199	55.874	66.277
357.928	225.762	50.535	65.351
349.937	225.405	60.891	66.071
347.784	227.861	66.120	64.741
379.493	231.185	48.097	63.523
389.713	231.976	42.538	62.528
393.469	233.879	47.595	60.908
400.350	233.437	49.359	63.171
404.507	234.978	52.752	62.567
371.428	231.724	46.644	62.996
424.084	236.179	56.678	60.244
379.389	229.774	51.934	65.282
384.435	231.234	50.358	64.180
438.910	237.536	59.460	57.814
394.468	230.503	52.300	61.837
397.524	229.492	54.019	62.995
398.818	229.086	53.776	63.781
397.731	230.568	57.340	63.551
399.444	233.364	55.852	60.313
451.208	240.365	55.544	58.767
389.706	235.231	71.141	65.478
390.649	240.038	57.874	60.051
387.565	240.837	55.585	60.598
382.892	242.619	55.485	61.142
372.363	245.001	55.475	62.120
365.727	246.162	52.969	61.638
359.093	246.692	51.216	61.989
353.690	246.356	47.350	62.474
346.933	248.142	46.270	61.874
334.250	248.913	41.448	60.448
323.573	246.285	46.742	63.358
319.824	249.817	39.052	59.539
313.967	249.399	39.209	59.630
309.637	248.894	39.399	59.573
304.037	246.403	39.179	60.452
302.371	247.229	38.679	59.780
301.207	247.125	39.031	59.746
300.727	246.458	39.451	60.049
302.058	246.009	39.271	60.432
306.986	246.488	38.777	59.236
311.044	246.768	38.347	58.441
315.437	246.360	37.644	58.551
320.786	245.928	37.319	58.968
327.387	244.954	37.007	59.426
339.520	245.491	39.882	57.151
346.502	243.900	41.861	58.273
352.261	242.001	45.315	60.345
358.286	241.531	47.127	60.718
363.702	241.199	49.076	60.516
372.565	237.083	52.162	62.847
376.381	235.267	53.429	62.206
379.350	233.980	54.970	61.236
382.211	231.956	52.997	61.963
430.289	240.751	37.268	59.520
386.614	226.813	46.680	61.761
387.282	226.545	48.349	60.884
387.584	228.064	49.363	59.283
435.605	238.350	34.833	57.605
380.196	230.765	51.635	57.858
373.442	232.806	51.760	59.816
367.713	233.746	51.501	59.945
362.074	236.385	52.017	59.057
356.513	238.566	51.451	59.144
351.085	241.465	49.109	58.427
340.917	245.745	45.047	58.311
336.794	247.642	39.347	58.952
333.094	250.017	36.640	57.848
328.241	251.779	34.653	56.810
322.956	253.243	35.302	56.101
316.223	254.191	37.981	56.548
314.493	254.715	40.547	57.051
313.627	255.110	41.664	57.180
313.625	254.835	41.680	57.916
315.007	255.308	42.303	58.550
321.281	258.230	41.315	58.264
326.492	259.451	40.095	58.727
332.889	261.345	37.982	57.957
340.253	263.703	37.722	56.719
345.771	265.218	40.747	56.768
355.505	267.430	47.267	56.059
359.686	267.635	50.608	56.074
363.521	267.818	53.457	56.281
367.648	268.134	54.783	56.319
370.958	267.963	55.445	56.806
376.600	269.234	55.458	57.040
379.355	270.101	54.551	57.027
380.767	271.421	53.401	55.691
380.322	272.322	54.493	55.606
378.300	274.138	56.822	56.022
372.249	277.638	56.874	54.510
367.462	278.835	58.186	54.363
362.801	279.128	56.388	55.294
357.169	279.377	54.069	54.661
350.948	278.704	51.944	56.386
338.394	278.312	46.044	55.655
330.741	277.956	43.320	56.146
323.885	277.771	40.969	56.192
317.199	277.373	38.496	55.715
309.642	276.234	38.101	55.906
303.694	274.713	37.241	55.873
293.329	273.068	39.043	56.440
289.855	272.231	38.355	55.933
287.322	270.875	37.773	55.606
286.543	269.189	36.400	55.977
286.493	263.925	32.627	55.800
286.937	258.536	31.429	57.281
287.808	252.581	32.761	57.997
289.101	244.339	34.645	59.989
289.945	235.732	37.216	60.059
291.236	225.439	38.352	62.195
293.970	204.132	39.588	63.339
295.207	192.580	40.119	63.797
296.548	181.429	39.836	64.236
297.202	170.378	40.533	65.000
297.658	160.927	40.973	63.820
300.570	144.723	39.123	59.882
301.212	137.995	38.795	59.122
302.353	133.992	37.805	56.489
303.607	131.148	37.111	55.153
303.932	130.316	37.787	55.381
306.465	131.845	36.501	58.881
306.582	134.395	37.822	62.616
308.203	140.121	37.786	64.030
309.548	147.693	38.110	65.494
307.492	157.066	40.885	67.586
313.050	178.859	37.099	68.504
313.752	189.497	37.254	70.978
315.886	201.953	36.530	71.732
317.722	216.168	36.104	69.479
319.569	228.177	36.343	69.431
323.097	253.221	35.758	61.087
324.128	261.041	36.496	60.002
325.352	268.102	37.349	58.578
326.378	274.310	38.273	56.034
327.574	278.041	38.566	54.864
329.125	279.536	39.328	54.524
329.941	279.393	39.481	53.857
330.668	277.169	38.708	54.630
330.772	273.219	38.562	55.923
331.684	269.010	37.980	56.497
332.064	256.782	37.211	59.981
331.936	249.398	36.239	60.827
331.554	239.197	36.255	63.169
331.058	230.107	35.419	63.975
330.214	220.522	35.223	64.626
328.677	199.869	34.824	65.125
327.054	190.170	35.139	64.362
325.923	180.270	34.727	63.737
323.669	170.655	36.205	63.877
323.163	161.348	36.305	64.175
321.062	147.519	36.400	62.898
320.321	143.999	35.485	58.515
319.527	139.109	35.459	57.386
318.703	135.479	35.410	57.031
318.014	133.859	35.693	57.226
317.947	134.420	35.082	56.562
318.014	136.351	34.654	57.917
317.867	138.098	34.983	61.483
316.747	143.742	35.618	61.102
317.387	149.505	35.917	61.801
317.565	160.108	36.458	64.414
317.414	165.524	37.058	65.870
318.521	173.249	37.249	65.585
320.877	181.429	35.879	63.406
323.076	188.934	34.938	62.128
328.423	201.633	33.784	57.938
330.701	204.581	34.198	58.693
333.609	206.366	34.311	59.681
336.417	208.821	34.640	59.063
340.061	210.767	36.043	58.488
345.138	211.387	38.272	58.846
348.050	210.981	40.571	59.656
351.149	210.382	42.000	60.709
353.241	208.612	43.690	61.543
355.179	207.170	45.785	61.554
392.002	207.138	42.573	59.968
392.941	206.214	42.134	58.496
396.473	206.695	38.996	57.888
395.141	206.781	42.436	57.621
391.786	206.384	46.194	57.873
387.506	206.279	51.871	57.856
387.069	204.115	49.971	59.909
388.224	204.829	48.061	59.931
391.273	204.788	43.940	59.807
382.794	205.369	51.340	59.390
369.493	202.935	57.148	61.889
351.761	198.195	78.765	70.427
354.501	203.523	59.751	62.167
355.491	202.373	57.145	60.970
347.489	196.090	78.103	67.937
354.875	199.325	53.783	63.044
358.382	197.599	53.632	62.868
358.127	196.809	49.177	62.442
361.305	195.690	44.530	62.585
358.394	192.187	67.071	67.935
366.628	194.174	48.707	63.052
374.101	193.134	53.207	63.824
377.021	192.864	52.941	64.016
378.838	194.946	56.075	63.262
383.465	195.959	54.436	61.754
387.528	195.916	57.179	62.616
390.940	197.552	58.217	61.679
393.862	198.071	60.093	61.904
395.106	198.442	62.954	62.346
397.105	198.801	64.280	62.951
399.243	201.279	64.405	64.254
401.250	202.283	68.430	65.393
400.155	203.301	67.858	66.221
389.707	190.010	88.999	82.387
387.321	168.246	94.554	104.803
396.093	203.934	64.320	71.753
377.400	182.088	97.615	109.103
432.067	211.295	46.211	59.891
432.183	211.149	45.709	62.119
430.227	210.971	44.762	62.934
428.037	210.479	42.227	62.691
426.707	208.763	39.294	62.998
386.900	211.008	43.495	65.647
384.842	207.239	43.856	67.679
384.241	204.769	44.670	67.762
380.689	199.911	48.319	68.041
378.974	197.035	48.058	68.008
376.499	194.246	47.041	69.060
375.154	194.185	58.676	67.561
396.665	192.523	49.581	68.108
384.906	190.770	48.717	66.307
391.067	189.633	44.687	65.528
378.836	188.166	54.766	64.806
380.063	187.379	50.620	65.977
381.266	186.698	48.958	65.975
386.568	186.332	43.536	65.075
385.034	185.725	45.017	64.549
389.428	184.837	41.501	65.681
388.803	184.049	44.349	65.491
392.527	183.549	43.337	65.882
401.081	184.027	42.472	65.110
403.369	183.329	44.693	65.860
402.583	182.212	50.203	67.578
401.355	181.848	57.318	68.101
406.331	183.289	58.797	67.192
412.620	184.598	62.374	66.578
416.931	185.187	62.744	66.621
423.105	184.689	63.907	68.397
429.903	186.977	63.465	66.516
438.410	187.894	61.932	65.733
443.951	187.039	60.528	67.090
452.620	188.816	63.419	65.658
455.217	189.864	65.818	64.915
458.609	189.469	67.387	65.497
461.282	191.231	66.543	65.123
462.958	194.113	65.451	66.433
462.277	196.546	69.385	66.056
459.073	198.763	73.595	67.778
454.078	201.589	74.570	68.614
448.730	205.427	71.833	68.568
437.076	208.970	69.728	69.526
425.128	211.543	76.728	68.321
413.944	213.685	76.856	67.551
404.345	214.867	74.063	68.382
390.870	215.374	72.568	69.041
369.857	216.478	70.362	69.201
352.685	213.149	75.533	72.415
340.919	208.807	73.167	74.908
331.892	204.008	69.944	77.955
320.704	198.889	67.598	77.103
302.037	191.637	67.869	77.027
296.051	187.134	69.283	78.514
288.523	181.140	71.096	81.083
280.692	177.190	71.722	79.382
275.264	172.909	71.919	79.450
276.718	170.597	64.221	76.116
279.443	170.216	59.074	73.529
282.357	171.042	54.699	71.478
282.581	170.600	52.709	71.370
284.413	169.037	50.379	71.864
285.021	169.129	50.066	72.738
284.986	168.990	50.706	71.559
285.682	169.637	51.000	71.368
286.391	169.237	51.242	70.721
288.998	169.632	50.520	70.788
291.310	169.344	50.889	70.330
294.089	169.232	52.532	69.800
295.240	167.700	53.544	71.448
297.146	165.919	54.362	72.438
301.011	165.958	53.746	71.893
305.231	166.802	51.985	71.252
310.566	167.623	52.801	70.359
316.091	167.623	50.298	71.188
316.438	167.517	52.971	72.243
316.283	166.749	55.595	74.695
314.185	167.188	57.753	76.881
316.024	175.322	57.557	77.712
313.134	182.614	60.993	76.449
326.448	190.369	50.911	76.738
330.354	196.106	50.394	74.961
331.458	199.269	51.690	74.143
334.224	199.888	53.014	73.958
330.440	196.989	59.938	76.450
331.371	196.616	64.171	77.692
337.904	196.826	61.548	80.344
345.617	200.285	57.449	78.808
355.732	202.794	52.738	78.336
363.671	202.581	48.144	77.074
370.245	201.779	44.909	77.630
374.693	201.382	45.651	77.128
380.767	199.344	44.322	81.921
385.139	197.386	47.960	77.964
391.274	197.920	46.931	76.905
396.612	196.897	46.427	76.979
402.950	196.924	44.260	76.558
408.852	197.420	41.728	76.458
415.516	196.098	42.291	78.315
419.785	199.856	42.920	75.852
421.495	200.438	45.105	76.457
423.957	200.202	45.498	76.105
424.083	198.534	45.230	76.478
424.057	195.803	46.286	76.970
423.715	195.073	46.703	76.086
423.178	193.658	48.493	76.253
422.296	192.918	46.889	75.437
418.711	183.550	63.302	85.994
422.577	192.599	51.848	76.276
422.475	193.017	48.536	75.782
421.757	194.786	48.044	75.399
421.053	196.158	46.592	75.296
420.182	197.361	46.348	75.999
418.827	199.452	44.232	75.841
417.706	200.111	46.001	75.061
416.889	198.380	47.890	77.078
416.681	196.981	48.592	76.178
416.103	196.141	46.666	76.268
416.089	195.981	47.572	76.003
416.764	197.243	46.849	74.903
416.158	198.078	44.259	75.562
416.120	197.218	47.751	76.504
415.790	197.857	44.442	75.620
415.330	196.812	47.135	75.646
414.205	198.190	44.903	74.902
413.285	198.837	45.930	76.520
412.113	201.436	46.467	79.915
409.936	206.512	46.593	83.775
407.259	224.650	46.718	87.569
406.341	239.503	46.465	89.679
403.638	252.191	48.070	88.974
401.098	263.620	47.727	85.745
396.839	270.889	49.755	84.810
390.888	281.748	50.906	79.649
388.223	281.502	52.329	78.362
385.171	275.828	54.086	80.832
384.990	264.900	51.625	87.599
377.740	251.034	56.618	91.817
363.480	229.164	61.322	88.106
362.913	219.395	62.453	86.757
368.447	213.028	53.797	84.468
352.496	212.812	51.363	75.860
345.566	207.577	74.861	83.700
359.772	217.787	52.556	76.895
368.714	223.135	42.007	72.547
352.127	218.525	51.816	75.063
348.253	217.638	58.453	76.266
337.876	215.887	63.017	74.754
353.728	221.606	43.867	71.394
356.371	220.731	44.246	73.526
355.230	223.237	40.581	71.513
353.895	224.348	39.865	69.500
352.367	223.242	40.215	71.308
348.978	224.200	40.470	69.386
347.426	222.922	41.979	70.700
344.432	223.295	41.342	70.542
345.145	223.091	41.376	70.484
342.372	222.961	41.117	69.857
341.365	223.262	40.889	69.894
340.866	223.163	40.682	70.235
341.346	222.797	40.791	70.722
339.507	223.149	40.584	69.296
341.091	222.783	41.212	70.464
339.166	223.546	40.752	68.758
341.069	222.516	41.204	70.156
341.181	221.971	42.503	69.264
343.892	221.782	40.516	68.373
345.307	220.340	41.536	70.754
349.638	220.192	41.011	70.939
353.010	220.259	39.875	70.726
354.381	219.316	43.204	70.659
353.862	218.393	48.683	71.393
357.810	216.968	49.466	71.826
363.015	216.934	46.570	70.929
369.019	217.192	45.095	70.903
373.966	217.444	45.621	70.279
377.315	217.106	48.473	70.786
387.398	218.120	41.946	68.327
364.938	214.771	61.757	70.844
391.754	215.402	51.060	69.993
370.428	208.732	79.306	77.878
376.455	211.560	57.150	72.422
409.468	212.520	49.223	71.579
423.005	216.025	42.799	68.349
418.990	213.300	52.585	70.028
397.469	204.045	77.048	80.933
402.341	208.635	59.706	72.990
418.433	208.209	64.615	73.687
445.140	209.823	50.186	70.606
453.836	212.391	44.489	68.186
459.497	212.282	43.800	67.589
464.073	213.170	44.362	66.302
468.994	213.905	44.809	67.907
474.160	221.113	47.145	72.091
449.707	225.666	54.192	74.043
454.054	232.165	58.282	72.100
446.096	227.146	88.411	79.302
456.798	231.055	73.812	71.933
460.877	219.904	57.253	75.660
462.701	213.948	55.396	75.151
465.448	209.006	53.567	73.915
468.310	204.085	52.860	73.185
468.509	201.324	54.970	72.381
468.881	200.309	58.472	71.848
466.190	200.412	60.528	72.469
462.402	201.982	62.879	71.597
458.018	203.307	63.333	72.037
451.858	205.074	63.441	73.588
436.119	210.220	64.732	74.739
431.056	211.321	74.907	74.683
419.308	213.627	73.796	75.065
406.579	207.579	97.111	83.861
395.849	217.629	65.268	76.265
404.858	219.515	61.488	75.604
389.749	218.048	59.737	77.218
373.339	217.632	62.787	77.583
358.628	216.730	59.897	77.180
340.989	214.041	60.818	78.034
330.204	216.416	53.933	77.487
322.397	221.800	52.752	77.031
313.948	227.437	50.687	76.506
306.871	229.848	49.891	74.122
301.445	226.994	50.752	77.860
290.584	214.440	57.354	80.692
288.942	203.000	59.647	84.239
273.734	192.830	57.072	85.115
304.564	201.041	54.075	75.735
308.059	200.185	57.458	74.923
319.315	199.301	65.905	81.212
323.772	198.703	72.751	85.913
335.772	201.223	72.994	85.299
357.206	207.812	64.207	80.297
369.968	208.805	64.054	79.906
397.033	207.854	66.129	76.087
386.359	201.250	96.273	81.562
411.556	207.409	74.368	76.392
417.205	200.685	94.384	79.870
441.715	203.827	81.892	75.823
448.551	200.772	81.448	75.954
460.849	197.415	73.423	74.191
467.624	194.036	77.167	74.527
471.532	192.573	87.753	74.833
474.632	191.964	87.969	75.231
474.260	191.065	88.862	75.551
471.571	191.863	92.582	74.063
466.534	193.772	93.512	74.242
459.462	196.635	85.929	74.603
451.043	201.175	79.576	73.590
443.581	201.740	78.737	75.634
427.608	205.804	76.055	78.499
406.467	210.580	80.090	74.947
390.316	213.246	77.839	75.583
370.812	205.081	104.676	86.685
357.920	212.789	81.896	77.626
356.090	215.718	61.282	76.902
337.242	214.273	61.652	78.155
322.020	213.891	60.220	78.469
307.643	211.117	59.033	80.520
292.871	207.944	58.123	80.635
270.094	204.042	58.881	78.321
262.723	201.212	54.871	79.716
256.225	200.654	55.425	80.072
251.298	199.656	58.133	80.016
249.942	200.613	56.191	78.933
250.275	200.114	53.678	78.840
250.223	202.147	55.048	77.415
256.931	204.869	53.365	76.481
259.517	203.936	54.887	77.022
267.365	204.226	53.452	79.472
273.933	203.541	61.364	79.597
281.862	201.726	63.127	82.648
294.271	202.284	62.479	83.804
303.505	204.735	65.719	81.769
312.151	205.771	68.596	79.796
339.232	204.993	55.939	79.138
350.175	204.768	55.993	78.834
356.558	203.379	58.736	80.858
357.140	200.394	64.167	82.386
352.464	195.379	94.172	88.812
410.714	205.530	59.994	74.657
361.270	198.419	51.284	76.451
438.328	200.888	54.934	75.117
444.319	197.892	58.321	75.843
451.194	196.114	59.815	75.264
457.622	192.846	62.030	74.689
460.955	191.587	63.205	73.656
463.748	191.741	63.291	73.339
465.751	190.809	62.148	73.352
466.781	191.494	61.908	72.689
465.694	194.773	60.642	72.920
463.698	197.123	59.622	73.544
460.914	200.785	59.064	74.043
457.233	202.830	58.060	75.034
450.124	206.298	59.818	74.648
440.576	211.453	55.485	74.276
432.232	213.360	55.382	75.516
423.169	214.467	55.778	76.601
367.570	199.967	49.012	78.899
368.475	201.442	51.734	80.334
370.643	204.045	58.291	87.206
364.001	204.684	60.910	90.146
354.679	206.716	62.287	87.026
343.311	207.953	67.153	84.185
334.207	209.940	69.158	79.722
327.422	208.519	60.143	78.285
319.187	207.353	55.651	78.560
309.301	202.868	57.030	80.796
305.491	201.191	53.260	79.789
300.853	199.420	53.555	79.961
290.819	194.156	56.527	80.926
288.903	195.894	57.309	77.206
286.161	193.638	57.624	77.521
287.308	193.856	54.570	77.787
288.319	193.396	54.438	77.380
292.039	193.908	60.072	77.650
293.327	193.720	64.136	78.661
302.457	196.252	64.413	79.602
311.164	196.055	68.172	81.237
318.614	195.305	71.399	82.523
338.557	201.015	74.315	80.176
354.195	203.401	79.369	79.056
366.031	206.288	80.657	76.704
377.716	207.476	82.207	74.697
402.434	208.793	76.311	72.927
426.032	204.972	80.165	75.413
439.194	202.595	85.141	74.734
449.353	200.076	88.721	74.306
456.739	197.663	92.754	74.101
466.801	195.620	91.995	73.726
470.688	192.947	91.586	73.843
473.839	193.666	85.641	72.818
475.343	193.443	84.529	72.186
476.236	193.709	86.149	72.061
471.716	195.551	81.955	72.112
461.931	200.589	77.683	74.407
454.124	203.541	81.265	74.366
444.945	206.855	75.193	74.496
433.443	210.526	72.103	75.249
422.010	212.915	69.038	76.303
396.164	208.158	100.109	88.336
384.520	217.815	79.663	77.145
399.726	218.827	62.796	78.770
385.933	219.349	60.490	78.396
377.026	219.438	53.987	79.160
317.623	213.497	62.771	76.762
299.888	210.361	73.112	81.863
293.426	206.977	68.556	81.523
303.131	205.458	68.200	85.223
285.934	203.149	71.279	86.436
269.835	200.895	71.402	83.121
300.542	208.282	55.023	79.819
301.225	209.579	53.187	79.435
301.390	210.213	53.160	79.819
304.507	209.952	52.730	83.153
306.804	209.790	57.289	86.356
298.032	207.111	65.070	87.935
308.631	206.283	67.870	92.844
320.521	210.088	58.403	92.258
332.278	211.436	54.806	95.153
342.058	214.602	55.421	94.001
344.291	225.975	54.530	86.102
386.473	212.399	66.376	82.991
407.438	209.300	59.476	82.079
420.334	203.891	64.044	82.303
440.718	199.866	72.329	80.065
448.573	196.236	74.687	78.768
457.247	194.581	74.290	75.223
462.952	191.616	75.145	74.040
466.959	189.963	76.088	72.874
471.356	186.653	74.364	71.790
470.909	186.946	75.896	70.943
470.213	187.018	73.128	70.997
467.323	187.708	70.732	72.077
463.007	189.977	68.530	72.781
454.388	194.462	65.330	75.734
445.210	196.720	63.802	76.215
437.074	199.903	57.975	75.700
427.293	202.159	51.029	76.865
418.856	203.929	44.705	77.788
398.088	206.735	48.982	77.928
368.716	207.900	67.630	80.622
361.434	213.672	48.223	89.052
361.172	207.959	48.879	95.231
357.324	206.389	53.104	96.667
360.176	214.250	49.792	88.225
362.224	215.772	47.708	85.586
360.511	218.027	45.933	82.372
313.965	196.145	48.736	82.699
355.781	212.555	44.665	83.011
347.784	209.392	47.367	81.745
343.943	206.454	47.980	81.710
340.095	204.567	48.971	81.815
336.880	202.761	51.069	81.456
338.149	201.677	49.269	80.834
338.400	202.124	52.021	81.904
335.798	199.815	59.823	83.561
331.579	198.025	67.019	83.087
334.623	198.941	72.586	82.701
343.366	199.020	73.563	81.440
353.968	198.353	73.933	79.737
365.884	198.326	76.428	79.249
377.320	197.270	73.366	79.525
391.648	195.017	70.479	81.061
393.550	194.404	76.242	79.984
421.879	193.033	69.443	79.470
417.411	192.251	78.915	77.160
421.763	191.942	88.481	76.489
425.431	192.003	86.583	76.263
429.415	191.359	82.350	77.784
425.740	193.127	77.483	77.635
419.580	195.751	78.772	78.539
410.349	197.031	83.154	80.342
404.255	200.582	84.305	79.516
402.205	203.876	78.131	79.287
387.224	209.802	77.264	77.267
366.874	211.119	77.767	80.480
350.643	211.740	79.704	81.413
339.906	211.225	79.435	83.587
333.470	210.697	77.412	84.734
315.924	209.285	75.648	86.377
288.776	205.146	77.333	84.824
276.068	200.174	76.930	86.908
267.173	195.610	79.583	88.774
257.243	191.326	82.784	87.591
251.888	186.757	83.223	88.877
252.239	185.058	78.572	86.010
260.297	185.718	68.096	83.995
257.927	184.971	71.265	84.124
254.647	185.169	79.965	86.651
258.950	185.236	81.965	87.646
272.473	191.911	82.111	87.414
282.860	195.488	81.260	86.227
296.313	199.507	75.705	87.047
310.836	205.004	74.402	85.986
326.314	207.256	69.542	88.470
358.579	208.398	54.445	92.858
371.225	213.030	60.768	89.906
373.344	209.450	72.158	90.773
413.572	214.133	62.949	89.801
430.885	211.979	63.579	84.596
451.014	205.278	72.860	84.463
458.764	202.537	76.909	81.469
466.764	199.371	78.263	79.493
473.213	194.293	82.234	78.381
478.340	191.743	83.083	76.531
484.607	186.751	82.019	75.706
485.100	187.162	83.330	73.981
484.626	186.545	82.977	74.657
482.994	188.362	81.372	75.643
477.817	189.464	81.972	78.342
468.326	196.460	77.400	81.502
460.944	199.846	76.128	83.682
451.442	204.780	75.572	84.134
440.789	208.390	74.935	84.767
427.151	212.951	73.701	83.646
409.890	218.170	68.380	88.864
384.958	199.553	66.677	106.250
364.503	214.434	68.555	93.069
345.023	220.505	67.387	84.827
411.171	198.541	53.886	86.409
303.200	215.958	57.736	84.569
433.489	202.016	53.137	86.742
439.496	204.477	55.298	84.500
447.996	205.602	53.025	83.353
454.006	206.862	52.382	83.458
459.682	207.783	51.677	83.216
459.404	208.452	53.721	83.207
459.046	208.936	54.640	83.982
458.500	209.216	55.062	84.826
454.178	211.153	56.449	83.117
445.349	212.503	55.460	84.603
438.435	212.224	55.480	86.291
433.086	211.089	53.971	87.426
426.774	211.304	56.293	87.933
421.612	208.624	51.510	88.412
410.580	206.513	53.646	86.219
408.197	206.155	55.906	84.264
418.817	205.196	52.587	85.409
422.066	201.357	56.479	87.606
423.685	192.960	55.565	93.776
429.920	187.078	51.891	95.433
434.632	179.834	53.749	97.817
443.719	174.434	57.231	96.303
447.711	173.281	62.063	95.407
450.568	174.280	69.164	94.005
456.234	173.883	70.609	92.839
457.647	178.497	58.252	93.588
459.099	184.126	54.514	89.126
459.310	180.756	53.311	91.531
453.781	186.033	53.694	87.890
441.363	182.946	76.781	92.259
458.393	178.077	82.392	84.399
451.114	182.624	79.316	80.658
442.106	184.411	80.434	81.084
424.027	185.424	83.703	85.777
392.804	193.608	69.892	99.911
381.666	193.571	73.335	104.786
369.652	197.420	65.068	103.600
356.124	202.024	61.000	100.465
348.123	205.529	57.177	99.559
341.398	220.002	67.651	88.655
339.927	218.492	70.348	90.127
340.852	221.620	73.951	90.307
348.431	222.619	71.738	89.651
356.097	225.390	70.484	90.517
374.930	230.956	63.732	89.758
388.479	234.252	57.255	90.173
400.377	238.582	53.552	88.735
412.326	243.713	53.442	87.622
420.541	247.737	58.750	87.989
435.689	256.342	62.955	85.417
434.772	257.583	68.966	87.681
437.589	261.560	69.113	87.140
438.189	263.783	69.038	87.567
437.550	267.448	68.320	86.776
431.946	273.210	68.980	86.506
431.154	274.684	65.700	87.707
424.432	276.038	65.230	88.605
410.124	271.456	69.922	99.712
398.080	271.051	72.531	101.941
384.703	273.597	67.087	90.929
354.015	274.155	68.532	92.066
362.243	269.598	68.994	94.272
360.983	266.300	79.014	95.246
358.263	263.652	67.349	93.777
393.824	264.441	72.297	85.409
394.476	265.647	77.671	82.661
393.292	264.131	80.746	82.777
396.732	263.442	77.492	82.834
391.108	265.986	82.481	82.895
386.999	269.930	77.661	88.628
387.543	269.152	72.921	96.764
372.496	263.351	75.969	104.468
356.260	263.500	67.566	103.276
353.879	270.473	70.676	112.577
311.081	289.951	75.145	100.130
399.511	276.776	59.497	94.130
417.050	283.037	58.101	88.261
435.723	285.651	58.822	90.228
452.628	288.156	59.338	89.403
464.273	292.170	75.666	85.750
473.470	293.496	83.441	84.602
482.829	295.177	87.146	82.480
488.329	296.630	92.394	80.120
495.435	297.013	94.358	78.355
500.370	297.724	97.610	76.201
501.255	297.709	97.761	75.612
501.826	297.688	96.962	75.896
500.432	299.140	96.536	75.038
495.264	301.152	95.589	75.560
488.193	301.393	94.831	78.694
470.313	303.079	95.181	82.154
457.726	304.448	92.170	82.017
447.844	302.862	82.185	83.725
441.237	301.843	64.940	84.983
401.092	293.696	67.504	90.474
376.837	289.435	60.441	100.772
377.977	278.567	70.313	104.021
395.181	280.160	71.476	99.376
400.902	278.440	82.050	90.089
413.785	269.155	87.665	85.894
417.031	266.089	91.428	83.520
420.851	266.555	92.393	79.070
420.872	263.885	94.510	79.820
420.623	262.340	95.109	80.371
412.605	266.481	98.562	83.852
409.848	271.086	92.902	84.056
402.577	273.164	88.572	90.715
399.625	273.888	77.584	97.896
383.219	259.102	73.810	114.093
345.273	291.644	77.224	98.878
416.433	266.462	70.847	95.426
447.817	272.899	67.886	92.673
466.785	279.292	72.514	88.886
480.210	282.496	81.082	87.985
500.280	285.689	88.476	85.174
513.947	286.838	89.741	85.101
525.290	287.677	89.610	83.254
536.028	286.309	90.994	83.041
543.927	285.523	92.600	82.109
547.809	284.326	92.346	81.756
548.125	283.829	92.330	81.387
546.126	282.303	93.971	82.329
541.571	282.574	95.361	81.306
536.100	282.777	94.960	83.981
529.437	282.614	94.970	85.853
512.133	284.823	96.500	87.436
501.821	285.311	92.587	89.410
490.731	286.506	88.275	90.449
480.879	285.198	79.472	94.872
467.689	286.201	74.921	94.755
450.565	285.446	66.361	96.447
438.481	284.954	58.292	95.310
427.796	282.943	49.959	95.790
411.449	275.195	52.186	100.401
400.539	274.385	54.375	99.151
395.226	273.760	54.789	98.385
395.610	269.915	56.586	102.208
397.299	268.887	57.392	103.066
391.590	267.300	64.034	102.730
392.782	264.639	63.964	105.146
394.912	264.364	64.644	106.081
397.708	265.510	64.659	104.954
399.464	264.998	66.514	104.849
404.772	266.454	65.835	103.099
411.762	267.354	68.876	101.743
416.960	268.937	72.107	100.517
423.551	272.416	70.775	98.338
424.551	271.866	61.385	98.835
421.118	272.775	63.748	98.907
422.486	275.787	70.281	96.173
426.752	277.741	56.495	97.044
432.220	277.310	57.111	97.179
436.551	278.245	57.862	95.689
439.432	279.930	55.692	93.953
437.023	281.033	57.082	91.785
442.326	276.779	53.123	94.509
445.494	274.715	51.894	95.586
443.347	274.605	53.498	93.537
445.621	272.518	55.155	95.284
447.149	274.777	55.111	92.742
447.983	277.152	56.224	91.794
448.357	278.338	57.855	92.052
449.429	279.781	57.695	92.418
451.027	281.429	56.917	92.372
454.291	282.862	55.650	91.568
459.016	284.502	52.884	91.423
461.764	285.192	51.249	91.325
464.867	284.738	49.077	91.399
466.695	286.404	48.909	89.831
467.893	286.456	49.314	90.008
467.961	287.342	50.301	88.918
467.156	287.133	51.607	89.006
467.438	286.857	50.058	89.295
466.534	286.754	49.204	88.597
465.459	286.106	47.427	88.274
462.838	284.246	47.160	86.957
459.651	281.066	48.521	87.686
457.243	278.521	48.771	87.542
454.584	275.592	49.419	87.206
453.615	273.250	47.636	86.471
450.441	268.341	49.725	85.516
450.307	265.956	48.846	85.275
450.619	264.478	48.599	84.610
449.559	264.322	49.678	83.320
449.308	263.500	49.906	83.320
449.792	264.077	48.346	83.130
449.261	265.009	48.056	84.246
449.117	266.544	46.226	84.682
448.714	267.336	46.987	85.522
448.173	269.203	47.131	84.838
445.679	271.129	48.057	84.580
444.096	271.954	49.482	84.765
442.859	273.243	51.407	84.060
441.088	274.294	52.405	83.509
439.487	274.323	53.312	82.656
437.343	274.309	54.393	80.623
436.041	273.610	55.705	79.979
435.154	273.354	56.819	79.933
434.716	273.581	57.718	79.590
435.155	273.898	59.477	80.195
438.791	274.542	59.172	83.527
441.776	274.976	57.654	84.645
445.433	275.404	54.900	84.166
449.059	275.200	52.387	83.821
452.916	274.087	49.058	83.656
458.046	267.946	46.130	86.267
459.578	266.134	47.525	84.113
460.583	265.339	48.835	82.326
460.588	264.041	50.361	80.913
460.032	262.954	51.387	80.105
456.701	261.808	54.035	81.761
452.797	261.403	56.410	83.480
448.193	261.923	57.566	85.115
443.877	263.816	57.082	85.568
438.490	265.855	57.636	84.175
427.238	267.142	52.314	83.996
419.485	266.268	50.211	83.713
408.814	263.900	54.037	85.361
397.481	261.712	58.768	86.253
387.533	257.785	62.721	88.236
373.213	252.738	65.011	85.191
372.209	248.311	63.603	86.484
356.199	247.471	66.134	85.605
338.854	250.238	59.633	85.549
339.121	246.551	70.362	87.417
333.006	248.142	63.791	84.633
331.698	247.772	51.709	83.202
327.842	248.689	49.662	83.172
325.734	249.826	49.421	81.386
320.073	248.680	58.028	82.544
359.608	234.375	56.107	84.995
359.541	232.293	53.968	86.008
355.461	233.338	52.290	85.466
351.395	235.204	51.069	84.521
347.377	236.894	50.295	82.690
339.714	236.844	48.798	81.640
334.301	238.157	53.917	80.788
332.044	237.988	53.037	80.123
330.586	238.547	51.672	79.428
327.967	238.687	50.134	79.381
325.540	239.797	49.799	78.008
324.694	239.715	49.210	77.912
270.173	245.166	74.282	82.197
319.495	239.123	56.193	81.876
270.838	256.562	52.424	82.740
273.161	258.144	51.314	80.166
273.864	257.625	49.811	80.710
314.828	242.967	50.449	78.878
316.756	242.851	49.582	80.603
314.420	242.618	53.539	80.797
307.034	247.564	55.932	81.829
299.353	248.869	61.246	81.547
298.449	249.804	55.550	81.554
293.524	251.790	53.927	80.685
244.843	271.461	52.989	77.650
277.556	263.062	51.143	80.944
272.627	265.586	49.418	79.302
266.386	268.485	47.678	78.049
255.094	270.802	50.135	77.082
252.150	272.216	46.883	75.575
243.215	272.223	46.701	75.289
237.882	273.164	46.964	74.980
233.976	271.633	50.554	76.121
176.048	272.698	65.191	73.029
178.152	270.243	65.839	73.239
175.063	271.599	61.706	69.808
186.660	270.633	57.395	72.335
190.054	273.147	65.939	75.167
203.873	277.724	65.604	78.085
211.075	281.814	58.914	77.067
223.862	280.475	48.113	77.967
229.269	277.414	48.593	79.230
232.643	274.731	55.365	77.869
236.074	272.432	62.574	77.258
240.533	271.659	66.469	77.602
260.727	273.323	70.328	79.823
279.921	275.646	58.533	79.854
285.521	280.941	58.224	74.254
292.482	282.444	61.313	70.004
297.303	280.579	60.879	72.218
306.934	279.370	62.266	71.192
308.775	278.527	65.628	71.901
312.738	277.287	66.564	73.310
319.605	274.892	65.815	75.032
326.273	274.595	64.783	74.310
333.592	273.015	61.939	73.608
348.423	265.340	61.767	77.362
354.563	264.425	59.236	75.479
360.766	262.630	61.963	74.489
369.311	258.550	59.796	75.449
378.135	255.807	66.327	72.514
383.095	253.017	69.775	73.030
386.892	252.961	75.224	70.819
395.480	251.009	74.043	69.765
399.050	250.868	77.097	68.876
411.027	253.875	76.034	65.738
411.875	254.938	80.390	63.577
417.007	252.639	81.008	65.376
419.403	249.675	78.375	66.376
422.767	246.792	75.737	66.107
424.178	241.655	70.709	68.340
425.376	236.993	67.542	69.445
425.417	241.209	64.146	71.779
425.695	248.040	62.791	74.352
394.115	248.680	81.937	81.483
419.632	258.843	58.640	77.643
418.656	263.450	57.815	75.264
381.471	257.085	52.110	75.399
408.156	254.460	59.472	77.695
384.598	244.981	63.553	78.043
381.944	237.013	88.733	87.635
394.427	247.181	68.395	77.059
394.261	248.687	57.593	77.096
393.035	251.631	53.614	76.297
392.547	252.135	56.926	76.207
392.080	252.351	60.307	74.388
393.304	249.433	54.400	73.300
393.126	247.112	54.971	74.826
393.687	247.973	56.747	75.795
394.158	250.515	62.894	75.560
395.213	252.715	66.788	75.005
391.295	254.141	66.162	74.435
388.682	254.395	76.049	73.419
388.970	253.769	70.229	73.465
388.306	252.468	64.057	74.301
384.134	252.206	59.845	74.619
382.030	253.615	75.435	77.053
384.710	258.800	75.829	74.677
421.540	260.306	51.600	73.478
425.489	262.359	48.197	69.888
425.582	262.373	48.051	69.998
427.905	262.277	50.640	70.673
428.915	262.734	53.600	69.897
390.772	276.148	44.431	73.064
432.376	261.335	57.315	71.530
429.193	261.555	61.153	74.111
408.447	272.375	57.110	87.934
405.638	279.905	60.962	97.557
410.193	289.125	68.107	96.330
409.573	300.475	71.401	91.873
411.311	302.614	67.989	88.629
412.214	300.270	62.547	90.284
411.577	299.499	60.512	86.421
410.032	295.205	54.740	86.293
399.089	299.635	58.066	78.008
394.799	303.814	55.328	75.704
386.124	308.948	53.323	74.972
379.484	308.148	48.848	76.201
450.526	285.312	44.933	72.608
455.458	285.837	47.340	71.899
462.086	284.704	47.874	72.075
475.749	281.593	49.420	72.740
485.164	279.780	46.518	72.630
495.264	276.853	44.604	73.244
505.377	273.928	44.771	73.896
513.417	273.510	48.588	72.622
526.426	271.440	55.428	71.220
530.870	269.227	58.452	71.020
535.329	267.705	61.719	70.211
537.779	266.070	65.275	69.800
541.572	263.831	65.366	69.656
546.311	260.873	65.853	69.447
547.600	260.750	65.959	68.876
549.214	259.711	64.432	68.978
550.150	259.283	61.972	69.055
549.202	259.500	60.649	68.844
544.222	259.664	57.333	70.541
541.169	260.400	55.213	70.200
536.422	261.542	54.315	68.862
530.979	262.381	52.833	67.416
525.737	263.096	51.334	66.603
514.942	263.139	48.933	66.497
508.248	263.851	49.085	67.121
501.761	265.149	49.030	66.465
494.926	267.269	49.533	65.258
487.808	268.445	50.430	65.276
475.266	271.342	51.127	65.603
468.543	272.658	50.522	65.509
460.078	274.418	51.857	64.014
452.852	276.286	51.649	63.190
446.978	277.410	49.778	63.230
438.846	280.812	41.870	61.730
434.289	281.367	35.132	62.379
430.068	285.047	31.332	59.872
429.452	331.200	37.444	52.854
419.257	330.321	44.453	51.978
422.172	331.860	43.827	51.075
386.094	438.156	57.291	14.657
272.069	300.968	57.362	57.376
279.349	291.181	54.558	66.056
285.341	291.814	55.586	66.067
301.914	289.030	55.807	66.332
310.465	287.391	57.887	66.626
321.326	284.928	54.981	68.275
320.731	284.745	57.465	67.673
346.600	282.567	49.252	65.992
366.962	277.607	49.605	67.215
377.392	273.365	54.321	69.826
386.628	272.923	56.928	67.694
395.195	272.013	59.531	66.469
403.621	271.750	61.247	65.232
419.815	271.330	65.291	64.486
429.032	271.844	63.275	65.008
437.445	273.427	62.601	65.167
445.843	274.821	60.285	64.598
452.918	276.298	58.512	63.734
461.747	277.570	56.516	63.909
465.846	277.480	54.307	63.949
468.792	277.661	52.785	63.620
470.373	277.629	52.356	63.538
471.302	277.278	51.817	63.932
471.856	276.660	51.375	64.865
472.465	276.317	49.706	64.875
472.448	275.225	48.385	65.501
471.949	274.876	46.980	65.131
470.716	275.035	46.469	65.184
469.591	277.145	43.174	65.347
468.605	279.066	43.406	64.594
467.961	280.920	42.240	64.991
467.534	283.351	40.910	64.034
466.899	284.425	40.445	63.655
466.616	285.599	39.409	63.682
465.677	286.116	40.194	63.565
464.984	284.578	40.624	63.670
464.871	279.083	41.201	67.441
464.057	273.653	42.512	69.459
464.464	262.947	43.377	72.855
464.391	258.313	43.834	72.263
464.215	251.796	43.878	72.319
465.135	246.836	44.044	70.280
466.508	241.712	43.068	68.983
468.002	233.195	42.281	69.279
468.466	230.599	42.299	65.797
468.993	228.543	42.799	65.537
470.212	227.867	42.105	65.104
470.844	227.997	41.688	65.294
471.672	229.448	42.382	65.380
471.608	231.168	43.410	64.827
471.954	233.817	44.209	65.686
470.912	236.119	46.267	66.598
468.348	238.388	49.130	65.382
467.097	239.825	50.669	66.450
467.005	239.554	50.308	66.376
465.694	240.284	49.773	66.104
467.045	240.879	49.065	66.737
466.448	241.606	48.778	66.861
465.701	241.536	44.399	66.482
466.762	241.504	44.679	67.194
466.676	242.337	42.887	66.039
464.470	242.647	44.951	67.297
464.307	245.379	45.402	67.719
465.747	251.329	44.342	70.375
465.557	256.625	45.915	71.795
466.021	262.774	47.422	71.051
466.339	267.628	47.257	70.854
466.684	270.184	49.005	72.925
468.821	278.254	49.200	72.827
468.960	282.345	50.466	73.712
469.930	288.269	50.833	74.134
470.138	291.524	52.302	76.787
469.559	302.041	52.163	71.472
469.807	307.018	53.188	69.641
467.912	316.411	52.346	68.679
466.847	322.079	54.333	66.626
462.619	326.091	56.462	66.074
460.471	331.223	57.191	61.326
454.343	327.457	56.256	63.884
448.804	315.390	57.113	71.406
434.951	296.544	65.924	80.931
427.555	275.115	68.533	84.119
421.946	257.749	68.663	80.884
422.388	245.991	64.330	76.297
408.785	240.099	59.530	60.449
417.549	240.352	53.354	67.004
407.887	246.474	56.468	68.484
413.547	254.084	49.747	65.705
412.041	253.852	49.851	64.724
399.591	248.166	52.190	65.707
405.414	246.494	45.193	64.768
404.102	246.156	45.832	64.320
401.704	246.493	46.290	66.392
402.838	249.938	44.820	67.692
400.482	256.532	45.480	65.378
400.568	257.499	44.988	65.662
399.791	257.209	46.933	66.928
395.231	257.199	51.510	64.501
399.861	257.246	46.970	65.545
383.631	255.867	52.813	63.518
396.932	256.041	51.494	65.481
394.134	255.908	54.474	64.162
403.354	257.178	45.086	62.731
401.799	255.426	48.561	63.624
406.134	254.825	44.975	63.268
407.168	255.072	45.184	62.708
406.756	254.772	45.012	62.916
405.958	254.599	44.297	63.736
383.975	251.676	62.427	64.233
405.044	254.933	44.460	62.580
401.753	252.195	48.698	65.693
400.725	250.254	50.856	67.511
405.005	250.769	47.923	65.689
406.944	250.844	48.239	64.437
408.920	249.640	49.892	63.357
411.614	248.534	48.708	63.554
412.846	249.295	48.970	62.445
413.993	248.896	48.895	62.597
415.156	248.976	49.088	62.033
418.323	250.679	46.327	61.991
403.958	251.311	59.468	63.061
397.089	253.288	63.371	61.999
389.093	254.969	52.428	66.997
389.997	243.869	67.659	83.134
409.082	239.296	51.323	75.770
410.461	238.503	48.180	70.981
417.628	238.032	41.397	65.206
417.451	237.673	41.837	61.603
418.045	237.537	41.188	61.394
421.550	237.187	40.531	61.997
422.955	237.750	40.725	62.298
425.369	238.838	40.396	64.060
427.494	242.332	40.195	62.613
429.166	244.185	42.199	64.014
433.183	251.457	45.617	64.257
435.688	253.119	47.078	66.573
439.053	256.709	46.887	66.273
442.851	260.299	47.067	66.194
445.514	263.667	48.777	65.523
394.782	237.801	45.262	66.000
394.419	232.069	45.138	68.130
394.880	227.273	46.008	67.282
396.196	224.276	47.275	67.066
458.149	273.745	53.209	65.606
402.040	222.264	45.120	65.903
460.469	270.661	52.741	63.492
461.119	270.098	52.526	63.672
461.596	268.435	52.237	63.467
461.188	267.911	53.455	63.507
461.054	265.692	52.573	64.160
462.585	263.738	49.458	64.164
462.423	263.158	48.573	64.467
462.279	262.713	47.335	63.314
461.446	260.599	47.537	64.408
460.838	258.602	46.353	64.829
463.882	258.952	43.129	63.615
455.480	258.205	47.763	64.312
464.117	258.656	41.912	65.272
462.354	259.086	46.272	64.511
429.639	259.453	63.012	65.714
424.127	259.035	54.704	64.263
419.230	257.686	57.256	66.122
412.287	259.458	59.207	65.521
407.082	260.722	59.102	65.997
392.475	261.675	61.995	66.031
386.017	261.439	59.914	66.625
380.390	261.930	56.923	66.580
372.293	263.140	55.279	66.809
365.013	263.470	53.153	65.648
348.530	265.065	46.503	65.124
341.801	264.935	42.813	64.976
334.460	264.696	43.656	66.118
327.588	264.869	45.957	66.006
323.324	265.648	47.263	64.662
320.505	264.462	48.736	65.804
320.475	263.258	49.223	67.462
323.222	262.470	49.435	67.114
328.689	262.170	47.818	67.445
335.373	262.982	45.530	66.801
348.971	266.212	43.569	65.291
354.039	265.533	47.560	66.132
358.586	265.779	52.151	67.338
363.940	265.184	55.257	67.329
369.676	262.089	56.906	68.811
377.512	251.778	60.486	72.382
383.576	244.498	59.108	73.597
387.299	235.168	57.724	77.561
391.316	227.393	56.414	78.213
393.231	220.320	56.903	77.752
397.695	206.684	56.175	76.008
397.366	203.584	57.032	74.243
398.307	200.549	57.775	74.147
397.390	198.850	59.610	74.376
399.590	200.750	58.883	73.541
402.523	211.416	56.412	75.927
402.763	218.506	57.777	75.861
402.733	226.796	56.689	75.857
403.432	236.031	54.684	77.328
405.355	245.114	51.589	76.272
406.205	261.314	50.518	76.387
406.048	270.834	47.867	74.168
405.619	276.424	46.857	74.787
405.162	281.253	44.168	73.536
404.780	283.634	44.538	73.260
403.655	284.079	44.418	73.202
403.377	282.431	45.228	73.597
402.482	279.022	45.763	73.916
470.182	239.622	58.763	86.310
475.458	250.930	53.608	76.073
477.728	258.710	53.034	75.460
478.731	262.950	53.565	75.984
479.460	267.284	53.717	75.140
479.898	272.130	55.223	75.572
480.657	274.867	54.311	74.512
479.538	282.841	57.404	74.458
480.583	284.552	55.746	74.671
479.670	287.584	57.610	75.689
479.608	288.716	56.534	75.849
479.691	290.435	54.948	72.749
478.131	290.211	55.811	75.485
474.920	288.036	53.180	74.303
473.260	285.902	54.697	74.784
471.293	283.372	54.176	75.907
469.181	280.168	53.527	76.643
462.946	275.285	54.167	76.126
459.302	271.680	56.583	78.361
458.585	270.350	56.146	77.509
454.731	268.596	54.745	77.430
451.809	267.603	55.642	76.073
450.725	267.452	56.157	76.157
450.978	266.701	55.925	77.073
417.256	250.174	67.454	91.267
421.169	247.993	68.642	92.247
427.640	246.663	73.423	91.383
431.263	246.842	74.905	90.980
434.852	246.379	76.087	91.398
437.738	247.783	76.184	90.269
439.578	246.902	76.679	91.553
444.145	249.419	76.580	91.493
444.898	249.311	75.458	92.550
446.566	251.443	74.535	92.272
446.852	252.450	73.804	92.591
446.372	253.039	73.038	93.876
443.120	254.723	73.461	95.052
441.391	255.350	72.464	95.272
438.677	256.070	72.368	95.659
435.553	256.477	72.408	95.566
431.388	257.663	73.448	95.446
422.226	258.758	74.928	94.850
417.143	258.511	76.130	95.674
412.183	258.361	76.509	95.473
407.114	258.217	76.637	95.489
412.091	257.193	65.972	96.342
404.757	258.430	61.464	95.308
393.147	240.444	68.163	112.660
390.098	238.923	68.964	111.546
387.332	238.226	67.943	111.483
414.684	234.891	79.945	96.650
418.953	239.931	91.686	88.648
411.492	238.596	95.566	90.835
388.252	239.388	113.197	95.923
410.903	242.736	94.944	87.429
402.411	247.999	90.059	95.778
408.115	254.448	69.814	97.980
420.912	254.891	65.217	98.434
430.206	254.517	66.790	100.321
444.055	255.585	67.309	98.685
452.378	256.259	75.980	98.642
470.181	256.060	89.809	100.937
473.822	257.623	96.946	98.441
479.690	257.767	101.571	97.473
485.795	258.655	103.811	93.909
489.769	258.097	107.286	92.876
493.404	258.688	109.154	90.940
491.565	258.329	113.085	89.962
486.317	257.550	114.961	92.146
483.738	255.437	113.506	96.538
476.117	256.223	114.338	99.733
470.809	257.859	110.571	101.599
462.169	260.261	90.214	103.071
457.622	258.839	80.880	105.391
443.981	258.423	78.628	106.791
427.644	248.170	80.458	117.033
413.236	237.563	88.287	122.262
393.241	249.943	81.964	114.685
389.786	232.896	183.072	147.685
381.773	251.281	80.536	112.994
379.857	252.863	82.045	113.680
379.383	254.219	78.436	115.729
386.855	255.623	76.202	124.581
395.489	254.687	74.786	128.764
398.509	263.399	79.651	125.191
405.598	281.520	78.691	113.448
422.937	284.525	72.826	117.366
438.399	293.895	87.425	113.694
443.128	297.679	97.634	113.687
448.008	301.091	104.098	111.617
456.621	302.163	105.711	111.600
464.424	304.603	106.499	109.992
469.562	306.610	110.630	106.729
471.035	306.128	109.987	106.170
469.946	304.901	111.535	107.171
465.745	304.543	112.883	108.139
459.291	304.611	114.352	108.183
442.634	302.608	114.399	111.281
445.513	299.425	104.382	114.486
442.236	300.380	91.701	116.350
410.427	271.737	110.393	143.122
403.362	257.416	149.658	155.741
428.809	251.833	158.545	104.465
449.522	248.642	151.628	101.760
455.594	245.404	148.082	91.037
457.782	243.242	152.177	87.583
458.819	245.304	149.396	84.457
445.115	248.151	151.429	93.894
437.114	252.284	156.404	101.285
430.960	258.960	141.924	108.200
431.641	263.879	129.930	116.927
374.526	270.880	96.054	140.802
401.699	299.335	80.776	127.872
330.751	280.824	89.456	127.742
430.389	301.837	88.676	130.743
441.707	304.168	100.762	131.873
450.348	306.137	112.576	127.768
466.299	308.587	130.671	119.006
478.044	309.217	131.033	116.823
485.447	309.027	133.549	114.937
490.197	308.890	135.575	113.952
493.508	307.049	137.630	114.641
491.893	307.004	139.960	116.633
488.704	307.514	137.765	118.274
483.044	305.890	136.787	123.877
476.480	307.631	130.468	124.208
466.524	307.648	128.728	129.271
459.377	305.377	98.885	133.025
445.082	302.734	93.426	135.876
432.583	277.372	136.229	125.609
431.657	263.625	160.486	121.675
454.791	261.466	152.661	113.732
443.189	254.536	163.286	91.783
455.965	258.112	155.621	87.746
458.126	255.833	151.835	86.398
449.006	258.963	148.813	88.682
441.604	258.377	150.567	98.412
397.035	280.781	125.022	145.154
404.958	301.057	94.090	140.115
423.474	302.435	86.060	141.281
433.925	302.566	94.331	142.405
441.414	305.192	109.080	138.704
452.140	304.623	132.739	140.361
462.388	308.219	134.421	135.569
469.664	309.212	137.820	133.178
479.074	309.814	137.325	129.958
479.232	309.693	142.158	127.355
478.746	309.583	144.310	126.616
472.502	310.648	146.378	123.696
468.354	312.434	143.930	123.337
460.165	312.097	141.296	126.216
449.501	312.269	140.783	128.883
423.324	311.431	129.836	136.886
406.414	312.728	130.301	139.465
395.111	308.368	112.166	142.730
380.190	307.750	109.964	141.586
341.155	284.223	122.781	162.388
350.083	247.464	171.059	131.185
351.499	247.695	184.515	116.287
352.932	237.377	192.709	120.339
351.696	236.464	192.456	109.584
268.293	278.665	112.568	154.831
335.340	231.061	193.561	118.606
329.319	232.376	184.092	128.164
321.641	234.875	174.877	139.963
313.631	239.004	167.028	150.213
273.422	233.884	143.982	223.591
237.929	255.052	159.044	231.852
302.072	331.185	100.917	165.691
307.169	334.726	109.977	152.921
313.666	336.895	119.925	151.414
318.287	339.272	128.161	150.503
327.213	337.892	137.608	149.937
336.838	339.909	135.537	147.359
343.066	337.337	134.661	149.192
348.691	332.317	130.678	152.609
352.240	326.710	129.602	154.751
355.889	317.265	123.029	160.214
362.105	312.134	116.382	163.059
357.927	307.911	116.051	164.956
361.026	304.995	114.315	166.012
357.567	301.926	114.802	169.475
351.010	294.660	115.995	172.688
352.531	292.025	116.703	173.412
344.958	290.086	119.793	173.761
347.767	288.310	118.846	173.899
342.313	288.094	118.340	176.005
346.649	295.927	112.663	175.752
345.866	301.167	110.042	175.759
347.406	307.298	112.226	177.812
211.957	324.603	122.736	166.047
215.578	310.788	119.286	167.580
360.701	345.361	107.356	178.345
363.524	356.704	103.333	170.704
365.606	363.755	107.637	170.614
366.082	374.646	114.442	170.063
369.332	376.580	114.709	167.381
373.173	378.628	117.456	165.248
378.250	379.834	117.311	163.312
383.102	375.880	117.009	164.348
388.750	373.093	114.365	164.395
397.528	371.776	109.277	162.314
412.402	365.265	102.534	163.869
420.216	361.835	101.994	163.248
428.427	356.957	101.060	164.402
435.574	352.458	102.174	164.249
443.315	347.784	104.589	164.221
455.413	341.007	116.319	165.892
460.313	338.655	124.336	166.434
463.397	336.720	133.800	167.096
466.202	335.475	142.284	168.459
470.125	334.581	147.947	169.063
475.678	335.712	154.546	167.722
475.462	335.263	154.798	168.864
473.997	336.198	155.793	167.936
470.760	336.422	155.851	168.798
465.906	336.885	155.265	171.120
454.535	339.868	151.436	172.876
448.089	341.416	146.611	173.824
439.473	344.647	142.900	172.331
432.254	345.396	133.972	174.222
421.908	347.414	130.937	174.210
403.757	345.604	117.092	174.872
395.432	346.960	106.211	173.390
388.112	348.770	100.862	172.952
379.791	349.365	96.608	170.828
372.735	350.969	94.760	168.916
361.683	352.657	96.074	169.123
358.220	354.727	96.996	168.449
356.684	356.048	98.610	168.797
355.846	355.431	99.343	170.800
355.546	354.039	101.464	175.843
359.211	354.349	107.419	176.384
362.341	355.894	110.725	175.871
365.441	356.546	116.593	177.414
365.572	357.605	127.021	178.269
369.057	357.895	134.194	180.293
377.259	359.805	143.207	181.801
380.659	361.007	146.110	181.706
385.488	364.080	147.695	180.491
387.598	364.897	149.351	181.013
388.588	363.940	151.424	182.699
388.809	363.658	152.120	183.733
391.720	365.014	147.940	182.995
390.328	364.676	145.463	184.532
389.042	364.635	142.177	185.152
388.594	365.311	138.530	186.499
387.857	366.851	134.843	188.108
383.536	375.494	128.519	185.179
379.789	379.005	127.051	189.542
376.662	383.098	126.002	187.656
373.729	387.974	126.349	183.164
370.094	390.242	126.733	179.918
363.477	391.678	130.963	178.313
358.554	388.770	135.596	181.282
355.648	383.430	138.175	186.363
351.772	378.031	141.443	190.590
347.902	372.703	143.508	194.049
341.325	356.421	145.196	201.448
334.641	352.939	150.015	202.280
329.396	347.481	150.719	206.017
324.476	343.730	151.329	205.146
319.991	340.770	151.257	206.107
310.662	337.498	151.748	206.011
306.423	334.915	149.840	205.975
302.489	331.792	146.459	205.675
300.897	328.630	141.063	205.255
298.885	325.381	138.024	205.527
297.243	320.178	131.377	204.922
295.327	315.109	125.979	207.740
291.628	311.582	124.949	209.414
288.507	309.597	123.657	209.620
285.651	309.675	122.340	207.443
281.454	307.879	121.888	205.896
278.354	306.888	123.113	207.525
275.922	306.522	124.245	208.822
275.305	305.306	126.175	209.773
274.468	305.123	126.672	209.757
275.100	302.831	131.403	212.049
273.957	300.046	136.298	214.290
272.334	297.071	142.503	216.670
272.062	294.113	146.474	217.814
274.168	290.815	146.662	218.928
275.001	284.032	152.580	218.742
277.276	280.501	152.990	217.100
276.042	276.530	156.152	217.922
275.249	272.291	157.993	218.468
278.362	267.605	155.605	219.505
279.580	258.126	153.316	220.479
281.808	253.830	149.274	219.852
281.220	249.323	148.477	219.835
278.069	242.980	149.481	221.196
276.733	237.473	148.726	222.218
272.547	226.588	148.816	221.836
270.182	222.706	148.756	221.137
268.291	217.020	149.338	223.116
266.309	212.904	149.501	223.387
265.551	209.374	148.643	223.903
265.478	204.298	146.586	223.473
265.685	203.873	145.256	223.333
266.160	203.002	144.685	223.232
266.114	202.715	144.114	222.593
267.925	201.969	143.036	224.915
269.087	201.855	143.397	226.607
271.733	202.500	141.927	226.510
271.752	201.705	144.252	227.980
274.125	202.140	144.803	227.832
279.143	203.765	143.193	227.303
285.114	205.235	143.865	227.048
288.317	204.995	145.295	228.502
292.142	204.929	147.469	228.014
296.378	206.230	147.483	228.713
300.304	206.500	148.379	229.388
306.729	208.522	148.191	230.225
308.262	207.817	150.682	230.831
309.363	208.837	152.704	232.823
314.560	210.638	149.732	232.527
315.252	212.780	151.065	232.158
317.737	214.626	150.276	234.383
317.274	215.583	152.251	233.351
317.314	216.313	152.548	234.953
317.432	217.024	153.018	235.837
317.979	219.110	152.030	235.317
319.469	220.901	150.056	235.890
318.654	223.102	151.264	234.667
320.414	223.996	150.048	237.053
321.806	225.857	149.283	237.297
322.735	227.981	148.819	237.500
325.233	229.959	146.171	239.034
325.844	231.587	147.104	239.333
326.733	232.377	146.537	241.482
326.534	233.082	147.979	243.442
325.950	233.574	150.014	244.539
326.567	235.221	148.991	245.363
327.073	236.028	149.127	246.273
327.882	237.814	146.923	245.444
326.270	238.549	147.298	246.759
324.974	239.527	147.612	247.869
324.293	242.433	144.315	250.358
320.781	243.953	146.073	251.443
320.273	246.259	144.265	252.068
319.905	246.117	143.941	255.635
318.760	247.985	143.018	256.220
315.747	253.059	143.625	260.930
311.411	254.886	146.700	261.522
306.560	257.691	149.401	261.300
305.914	259.676	148.836	264.533
303.250	261.751	151.458	263.925
300.273	267.363	153.520	269.540
299.422	270.723	155.209	269.926
298.440	274.003	156.980	268.063
297.529	275.884	157.985	268.996
296.606	275.805	159.642	270.952
295.770	276.480	161.309	276.194
294.363	276.845	163.812	276.767
290.748	275.507	167.406	279.407
290.463	275.040	169.060	282.941
288.608	273.516	172.505	286.922
285.425	272.812	177.446	292.905
282.728	271.202	182.739	295.435
280.588	270.419	186.830	297.884
281.158	269.293	187.258	300.397
282.681	268.713	185.642	301.663
282.150	265.858	187.758	304.939
282.131	262.440	188.939	308.012
283.217	261.304	189.411	310.272
281.507	260.153	192.764	310.214
281.693	259.047	193.916	311.171
280.553	256.805	194.624	313.730
277.063	255.519	197.524	314.760
273.985	255.412	200.145	316.119
273.043	257.072	199.192	313.008
271.623	258.102	199.251	312.564
267.212	259.143	201.309	314.833
263.780	261.941	204.196	309.177
265.594	262.535	202.224	309.325
277.707	263.082	194.266	309.763
282.040	263.543	195.421	307.774
293.504	264.856	197.394	305.091
300.597	265.438	199.462	304.091
304.489	265.794	207.039	302.531
317.478	263.573	206.926	304.476
325.078	264.191	209.933	303.371
338.209	265.051	218.673	301.320
342.303	267.442	224.583	298.557
349.412	267.841	227.061	298.896
353.091	268.665	229.891	299.832
360.412	269.918	227.564	297.625
369.162	271.578	227.951	298.417
372.185	272.583	227.230	295.468
374.610	273.582	224.329	295.848
376.426	274.031	224.252	294.376
376.939	275.841	223.593	293.351
377.417	274.858	221.241	294.044
374.886	275.252	221.585	293.940
376.833	275.645	215.862	292.388
373.204	274.813	215.989	293.487
366.646	273.252	218.249	295.131
357.371	273.269	218.228	295.923
351.109	272.467	216.930	296.290
339.359	270.645	221.611	298.547
327.880	269.836	225.250	299.595
317.684	269.398	227.782	299.537
305.039	264.673	224.449	304.910
291.716	261.991	227.212	308.164
279.325	259.114	231.095	310.364
270.331	257.501	231.806	314.421
262.952	255.064	232.142	315.158
253.979	253.757	232.167	316.201
238.012	255.037	232.909	316.384
227.246	252.522	229.442	317.221
216.472	253.141	229.532	316.388
207.293	251.436	229.599	317.663
194.353	250.658	233.387	319.732
179.697	248.529	231.722	324.453
169.788	244.620	234.492	328.336
164.496	242.883	237.266	328.922
154.917	239.664	246.722	329.861
151.142	234.693	255.343	332.246
142.782	228.211	265.045	333.657
138.429	228.465	259.924	330.108
130.892	224.808	276.849	329.716
124.224	222.812	255.849	328.661
115.547	215.202	279.201	326.991
106.367	212.867	253.681	324.784
102.798	208.811	294.345	321.847
95.975	207.164	279.538	322.120
95.374	208.447	294.747	317.005
87.841	209.213	290.933	319.191
76.939	213.320	293.862	313.781
71.094	215.233	303.635	310.294
59.974	215.206	288.274	313.270
57.655	218.896	299.098	313.415
46.998	219.499	273.943	310.366
36.740	222.123	280.549	313.360
36.972	221.333	305.088	312.970
25.718	222.534	221.587	314.515
16.678	221.191	224.530	316.172
13.630	222.843	208.343	314.208
6.521	224.356	220.760	312.440
4.795	222.413	231.820	313.654
2.787	216.627	194.374	320.446
10.005	220.110	214.040	315.908
18.142	214.967	285.346	317.435
3.867	215.484	210.809	320.124
2.487	219.845	203.334	313.258
3.411	220.798	209.028	312.602
3.983	220.306	207.111	313.058
6.660	220.910	222.026	312.031
14.343	219.208	218.671	310.836
20.869	216.513	216.269	311.913
40.871	214.918	232.249	313.457
58.803	210.997	287.919	315.576
46.272	207.587	247.077	319.462
65.308	213.999	234.167	313.028
76.488	212.646	259.225	311.611
88.625	209.191	276.932	314.931
158.504	207.130	268.608	305.562
117.713	209.572	264.270	310.653
152.700	204.473	260.179	308.934
208.082	200.921	265.042	306.378
181.146	196.931	243.373	314.052
197.577	198.904	258.847	308.912
211.800	197.787	271.435	309.305
248.561	198.193	258.885	310.215
259.117	193.068	280.809	313.429
282.025	196.701	279.005	309.342
296.082	197.098	280.945	309.110
311.740	199.343	277.071	310.340
343.491	199.281	263.189	312.264
359.449	200.475	259.102	312.151
369.440	200.688	259.567	310.919
381.618	199.862	257.754	312.215
394.558	202.094	255.658	313.079
418.892	205.122	246.735	315.642
428.344	207.589	244.661	314.029
440.481	208.233	238.103	313.947
452.655	210.930	230.898	313.558
460.782	213.863	225.923	313.180
470.725	218.746	221.816	308.231
469.341	218.772	229.508	310.270
467.453	219.522	238.667	309.409
466.322	218.855	244.855	313.462
467.440	216.126	249.348	316.661
475.143	220.031	251.736	313.980
498.074	221.110	231.675	316.153
510.617	224.510	223.067	312.873
518.239	230.727	218.137	306.380
523.852	236.378	212.048	303.636
519.256	242.551	216.966	299.039
517.913	243.503	216.606	299.363
515.091	246.978	217.926	296.908
512.268	248.139	218.653	296.001
507.846	251.556	219.779	291.974
498.886	255.446	220.553	285.997
492.344	257.973	220.111	285.266
484.057	262.390	221.221	280.299
476.243	265.925	221.423	277.581
466.419	268.673	221.840	275.638
464.396	273.155	200.378	273.893
465.932	275.970	185.177	273.544
468.280	283.087	164.962	268.244
444.997	292.204	168.499	261.270
422.250	314.965	176.691	237.272
395.855	295.582	164.036	265.276
365.604	285.076	174.716	269.594
354.554	286.135	173.095	271.395
340.869	285.499	168.830	270.751
333.650	287.452	165.665	268.769
320.357	285.268	154.879	268.910
314.248	286.595	156.201	268.465
310.489	283.664	157.181	271.140
310.455	280.660	156.971	270.148
307.569	281.575	159.705	272.955
314.736	279.423	161.555	268.297
318.050	280.040	164.653	273.808
328.545	280.066	163.158	269.944
337.096	281.362	166.547	270.272
347.271	279.318	170.695	273.399
371.198	289.446	169.059	267.198
386.853	294.586	172.180	263.835
405.683	293.703	166.185	259.808
432.648	294.251	158.651	262.771
444.854	298.066	164.662	260.645
451.927	294.042	198.440	264.832
463.595	295.343	202.730	263.229
481.063	300.484	201.631	260.407
487.977	301.506	209.311	261.771
500.164	306.874	212.528	258.206
521.675	317.953	217.316	252.651
530.477	322.791	213.994	248.439
541.673	328.178	208.196	243.153
546.598	330.507	208.521	241.087
550.903	335.739	207.241	235.531
556.501	343.174	203.732	229.817
559.576	345.120	198.446	227.788
563.213	345.875	192.015	227.387
562.829	349.318	188.576	222.427
562.900	349.750	186.529	221.915
553.004	347.055	191.550	224.634
547.719	342.324	193.863	229.138
540.851	340.025	196.331	231.822
533.417	336.951	200.325	235.169
527.915	334.177	200.968	237.724
516.178	326.203	200.974	245.825
509.993	320.618	198.072	251.826
504.974	316.016	194.383	256.030
499.058	311.012	193.320	259.799
495.589	304.677	188.356	265.443
486.243	292.435	185.492	270.204
482.492	282.669	184.275	273.036
476.162	271.114	187.756	277.749
477.780	262.635	185.546	279.337
478.652	256.090	185.373	278.608
472.723	241.378	192.476	279.017
470.762	232.969	194.099	282.083
471.029	229.887	193.477	280.146
470.563	229.828	195.372	275.249
474.858	229.481	192.075	275.386
480.554	235.914	186.462	277.785
482.394	246.067	183.027	275.722
483.853	255.713	179.004	275.461
483.348	270.537	175.144	273.838
484.884	287.080	169.986	269.847
485.818	314.679	170.988	258.350
484.174	331.124	171.486	237.149
482.426	340.957	173.032	229.318
482.107	347.055	171.171	223.363
482.673	347.158	168.553	223.378
476.105	338.952	176.498	231.462
475.136	327.623	178.221	242.721
474.779	316.697	180.455	250.358
473.023	303.917	181.809	255.840
470.913	291.523	181.806	259.923
468.601	276.229	180.317	264.600
468.380	274.297	178.316	261.976
467.952	274.129	178.718	259.645
468.472	276.286	175.955	255.279
468.684	282.019	172.652	256.992
461.504	292.573	177.252	254.846
454.360	294.490	183.722	253.106
446.781	296.127	187.860	254.517
447.864	298.760	180.739	254.869
449.842	302.844	174.262	250.910
449.555	306.394	162.513	247.898
444.378	309.831	159.416	244.143
441.413	312.162	149.225	243.249
430.014	317.968	150.609	237.501
423.152	320.421	147.081	235.203
413.207	325.491	147.572	232.800
395.397	330.285	146.513	231.135
387.115	333.858	154.965	229.531
380.703	330.149	159.300	232.838
375.421	328.620	161.298	234.194
371.457	329.600	162.016	232.827
365.498	328.371	166.228	233.289
364.042	327.486	164.088	232.900
366.868	324.508	160.072	231.735
365.450	319.270	161.471	232.573
367.466	313.826	159.486	231.917
369.852	297.102	157.378	235.724
370.456	289.337	156.072	236.682
369.378	282.661	156.691	235.950
371.186	277.069	155.367	235.032
370.857	273.967	156.467	230.765
371.668	268.876	155.104	228.985
372.935	268.572	153.664	228.350
375.359	269.413	151.323	225.881
379.044	271.479	148.140	223.999
383.967	273.576	144.625	222.854
385.575	280.303	145.025	220.290
385.968	281.447	147.939	221.786
390.750	286.731	145.439	218.628
395.858	289.474	140.729	216.437
390.782	277.681	149.054	233.100
407.789	281.555	141.821	233.495
413.189	288.122	142.072	231.624
408.855	290.897	150.654	230.484
410.955	293.950	154.349	230.028
413.443	293.636	160.111	232.231
427.941	295.417	161.571	229.491
433.102	296.573	165.121	225.837
436.911	295.766	168.744	225.001
441.576	295.136	170.686	224.903
444.737	292.982	172.745	226.788
448.179	287.872	177.250	228.251
449.470	285.415	178.862	228.884
449.021	281.919	181.287	230.025
445.789	278.292	185.327	232.794
442.177	274.004	186.663	234.451
433.362	265.635	187.533	235.045
427.877	261.476	184.822	236.241
419.316	257.402	184.056	238.185
420.906	253.002	171.234	241.021
415.333	251.635	164.907	236.203
387.089	248.222	162.359	235.575
375.323	248.045	168.735	235.913
367.285	246.204	179.310	234.623
360.292	243.234	177.602	235.502
355.546	242.353	144.894	234.926
346.806	246.025	132.380	232.018
345.697	244.412	132.082	234.146
344.573	245.739	129.582	233.555
345.391	247.827	128.546	233.071
345.871	245.698	127.516	234.801
349.973	248.757	130.571	230.749
354.727	251.131	135.596	228.055
354.050	250.569	146.647	231.625
360.401	249.119	152.108	233.732
376.782	252.145	149.674	231.778
392.796	253.792	152.397	232.560
405.894	258.905	168.326	229.056
415.323	264.464	173.462	228.807
418.702	267.075	181.479	227.591
422.265	273.429	189.551	222.733
424.935	275.703	194.167	223.957
426.276	281.580	196.875	219.412
424.203	282.710	199.269	219.432
418.940	284.648	197.865	219.751
416.182	286.296	193.217	221.358
413.376	287.040	185.959	221.333
420.727	290.021	154.605	222.219
415.838	293.204	143.957	220.972
398.722	292.320	141.465	221.824
366.949	294.287	149.875	219.565
348.183	288.499	148.279	223.625
331.840	280.212	129.998	226.687
322.147	275.059	126.825	227.458
313.701	270.076	127.402	226.885
306.439	265.110	128.990	228.276
301.157	262.481	129.472	227.982
299.831	257.100	129.702	231.516
300.698	255.677	134.931	231.185
306.608	253.423	136.591	233.573
317.491	252.522	134.287	235.931
325.899	253.716	132.609	238.746
333.029	261.900	142.029	240.253
334.722	267.954	149.333	236.911
338.123	272.013	152.197	235.391
341.975	275.093	152.846	234.106
347.220	276.362	153.672	233.428
355.395	279.150	149.353	233.010
362.683	282.182	143.914	230.762
367.793	285.055	138.425	231.297
370.321	288.707	134.817	228.882
372.675	290.070	134.122	231.240
376.211	295.026	136.328	229.048
376.259	298.312	138.315	224.944
379.258	297.764	137.519	226.156
381.615	298.620	139.691	225.836
382.841	304.255	142.765	220.429
398.570	304.221	134.712	224.151
406.199	301.293	136.695	228.622
414.933	303.266	138.622	226.285
419.449	306.732	144.184	224.900
421.484	303.560	151.283	225.323
409.028	289.906	170.406	233.093
403.585	288.012	178.803	235.636
399.893	286.493	185.982	237.560
397.975	286.812	191.652	238.807
397.819	286.764	191.644	239.169
396.380	278.135	184.651	245.033
391.284	272.349	183.641	249.769
390.345	270.435	176.201	249.196
392.515	268.332	162.598	248.998
386.315	268.598	151.215	246.322
360.498	269.325	154.644	242.664
347.878	267.127	168.055	245.481
329.815	270.353	197.667	245.549
318.932	276.509	207.036	243.313
307.227	280.441	194.875	242.736
302.699	293.359	199.382	239.386
301.709	301.095	199.760	235.836
306.113	307.708	196.532	233.351
316.082	315.386	182.615	229.158
325.366	320.215	173.992	225.284
344.783	329.980	158.986	218.390
354.361	333.189	153.751	217.091
364.120	335.323	146.777	214.450
369.510	339.374	147.286	210.472
372.262	338.639	148.844	211.318
368.480	339.692	159.942	215.576
364.791	339.293	170.502	217.936
362.606	337.481	175.793	220.135
360.725	333.927	180.263	224.030
359.419	329.162	185.689	229.922
369.080	321.433	173.974	239.426
381.009	323.006	166.687	237.421
400.421	326.304	160.171	233.780
411.309	326.008	153.597	232.728
432.342	325.953	151.748	234.846
428.803	319.194	203.671	236.369
434.049	322.540	213.276	228.947
435.854	321.425	223.588	225.146
270.831	255.787	187.196	260.711
435.651	320.196	230.140	215.525
426.854	316.085	228.905	216.386
437.404	314.394	204.653	219.325
442.202	319.367	175.347	218.448
429.840	301.863	160.343	232.033
392.503	279.598	184.962	254.419
368.415	328.848	146.398	215.594
353.566	328.935	135.578	211.499
331.645	326.385	160.189	211.772
310.434	326.770	176.367	209.841
292.130	323.731	188.953	215.294
272.897	318.169	207.303	222.639
276.666	316.281	201.652	229.000
284.710	310.787	195.390	237.422
295.000	306.681	189.255	241.410
309.808	305.148	179.465	240.721
343.879	299.083	157.641	242.645
357.674	293.355	152.866	250.037
370.729	293.302	158.306	253.225
376.440	290.606	175.242	255.136
387.040	284.484	176.666	253.629
375.192	279.227	200.446	253.755
391.667	280.674	194.427	245.547
262.840	289.965	214.461	204.047
266.873	280.113	247.055	214.351
414.316	278.454	187.650	247.887
403.848	277.137	196.024	252.310
400.738	280.603	191.495	251.023
383.711	282.692	204.034	253.315
371.611	281.519	220.210	258.699
367.329	286.672	207.382	255.726
361.356	291.527	198.450	255.835
348.056	299.513	168.211	249.893
346.241	299.993	152.309	251.063
344.338	305.190	142.715	244.738
343.303	310.919	136.878	236.367
342.103	309.866	135.893	239.844
352.864	307.194	131.579	233.908
362.331	323.382	125.232	216.277
371.523	312.487	139.774	217.142
338.096	300.846	179.431	224.546
398.927	307.517	135.896	216.129
417.355	291.083	155.131	225.969
419.057	295.566	168.171	221.964
418.224	291.646	183.593	225.899
419.888	289.864	192.177	227.277
424.282	290.318	192.436	230.075
431.708	293.528	182.070	237.335
426.774	296.733	179.189	240.149
423.086	299.826	165.782	243.253
420.805	305.575	147.058	241.016
405.577	308.188	141.498	240.432
360.761	313.905	168.326	243.406
336.071	319.849	199.831	238.303
321.946	323.532	214.741	235.076
312.164	327.468	222.378	240.929
307.947	327.176	221.537	240.061
316.248	342.486	203.074	226.714
327.589	340.583	193.858	225.953
341.412	341.288	181.833	222.024
357.807	344.830	162.912	213.111
380.566	345.179	138.665	208.295
396.211	346.822	128.122	197.652
397.287	345.899	146.586	197.152
401.484	341.451	165.579	201.855
401.966	336.738	155.938	206.048
401.192	342.525	134.576	200.339
385.463	339.393	141.712	214.267
508.485	301.155	157.326	232.301
359.456	340.928	187.602	221.655
348.266	340.473	202.288	222.038
343.826	338.996	209.927	225.312
344.554	332.202	213.964	234.860
353.219	332.892	199.267	233.795
363.236	330.689	180.717	236.074
386.734	329.631	175.195	235.286
405.161	328.807	154.895	235.297
425.590	325.512	174.978	236.707
417.266	319.923	210.477	238.715
423.391	316.099	223.772	237.966
424.467	313.393	237.767	232.889
423.744	315.212	248.573	223.624
422.711	310.800	249.353	221.336
419.914	309.227	242.714	219.570
418.178	306.847	234.695	219.273
432.238	304.878	197.180	219.054
444.374	302.781	158.563	219.983
408.984	306.966	182.424	210.803
358.615	306.988	149.861	209.025
344.743	309.243	132.063	204.791
323.065	298.508	139.056	215.655
299.623	293.031	154.176	217.358
267.716	288.777	180.654	221.256
251.691	288.951	191.936	225.091
249.024	288.612	192.654	224.803
253.213	283.573	185.954	233.840
261.098	276.030	179.196	242.245
284.872	262.880	153.638	248.992
301.265	259.129	143.365	248.290
303.599	256.305	151.921	249.451
307.011	253.192	163.515	253.665
305.467	254.066	180.580	251.188
306.673	252.615	193.169	246.196
310.509	246.969	190.865	247.885
310.432	243.077	192.967	248.707
312.422	240.167	188.171	248.819
321.990	242.964	177.487	243.778
311.804	242.636	180.073	247.385
306.923	248.253	175.786	243.249
302.570	253.999	166.621	241.688
294.553	258.596	167.498	241.272
287.861	261.447	174.261	238.550
278.738	260.619	149.582	239.061
356.690	246.528	188.771	215.414
382.246	265.664	195.327	205.746
254.700	263.601	139.594	230.537
247.316	264.087	136.662	229.785
242.589	265.542	135.383	227.976
245.445	263.783	135.831	228.102
248.172	266.688	129.702	225.131
250.969	264.335	127.744	226.418
252.082	264.602	131.695	223.958
258.456	265.835	141.208	224.945
256.927	264.222	157.444	228.491
261.224	264.365	169.993	226.298
263.242	258.808	177.233	227.741
264.897	261.381	183.555	225.759
270.248	240.242	181.419	240.706
269.002	237.559	181.441	247.919
270.328	229.568	176.392	252.284
270.912	225.773	171.192	254.887
267.881	218.328	171.569	261.456
258.603	208.474	180.849	265.882
251.828	205.808	190.329	262.783
247.998	202.495	197.413	261.697
244.629	200.358	207.566	258.276
242.889	200.930	217.208	254.826
241.522	197.051	232.602	253.671
241.693	190.418	239.883	258.173
242.441	187.945	239.979	260.983
242.809	187.680	242.328	259.694
243.117	185.470	245.223	260.390
251.476	182.955	250.313	262.235
259.034	180.399	248.018	263.237
262.332	179.185	247.674	263.755
262.455	179.256	247.285	262.307
264.186	177.785	245.712	262.385
263.708	177.382	241.499	260.054
261.478	176.939	241.819	259.134
256.765	175.446	241.895	258.293
249.506	176.891	244.425	254.481
250.786	176.578	236.815	252.334
225.523	181.160	252.447	244.324
230.717	175.801	243.859	245.537
207.732	195.497	248.355	225.982
185.972	192.099	243.206	228.348
188.999	194.687	220.943	226.347
178.476	198.522	232.958	214.065
168.030	195.463	235.320	213.673
372.884	187.805	166.410	253.177
149.373	192.439	252.363	208.973
144.622	191.885	254.892	207.665
138.022	191.351	253.474	205.629
417.917	217.761	162.980	222.127
134.084	191.337	256.454	205.441
135.493	192.788	251.608	207.991
136.792	191.766	248.297	214.092
133.915	194.619	244.525	222.013
139.630	195.925	234.920	225.663
137.698	197.806	232.482	229.880
147.902	203.906	214.835	227.493
143.865	207.235	215.239	228.643
148.864	216.285	207.291	223.193
142.018	218.709	212.417	220.592
138.380	220.953	216.210	220.086
138.314	220.274	214.496	220.465
137.029	221.735	214.531	218.862
331.672	141.009	181.002	236.360
314.857	131.632	194.379	243.604
302.282	125.441	210.199	239.890
133.479	202.524	242.524	221.690
131.743	206.515	238.478	217.853
187.513	129.144	326.317	232.794
85.467	154.929	322.615	267.903
154.410	132.158	374.070	280.357
166.777	121.773	366.535	280.473
130.923	139.324	337.535	282.815
126.681	160.105	272.424	260.966
118.487	162.169	336.053	261.626
92.623	142.960	392.583	257.095
212.351	138.789	324.486	204.065
118.239	197.848	235.024	222.955
118.669	200.922	232.280	218.345
112.901	205.481	236.217	213.056
112.016	202.874	233.750	214.334
107.594	203.379	237.535	213.310
109.997	204.378	230.647	210.916
102.362	205.188	234.417	208.374
98.627	203.870	234.884	209.012
93.962	202.207	237.589	210.656
92.408	200.073	236.140	213.067
84.106	198.177	243.002	215.388
266.856	164.026	305.012	179.131
272.678	172.432	303.638	170.739
276.874	172.757	302.983	174.596
282.680	178.032	291.164	169.601
251.739	182.152	318.091	169.514
176.118	177.812	389.614	195.742
106.552	187.769	282.373	231.130
138.376	186.338	301.074	226.490
139.818	180.953	278.996	229.756
156.072	180.506	290.270	222.280
163.719	163.853	283.456	233.921
195.460	146.421	276.356	237.410
181.775	139.648	303.992	249.750
191.146	130.699	313.210	272.990
192.419	122.556	335.322	226.451
193.739	109.439	300.924	208.940
204.935	100.391	287.068	186.331
292.791	270.869	291.031	174.989
306.083	266.037	290.786	184.387
301.724	270.321	280.132	179.865
307.776	276.421	302.310	178.591
322.496	259.172	319.896	193.844
324.806	244.607	313.326	203.767
319.472	230.830	310.557	207.471
323.487	218.967	324.631	205.404
312.079	198.134	349.452	211.952
157.261	168.648	383.309	233.209
170.020	196.394	281.662	219.974
171.076	204.661	265.521	223.096
161.907	220.932	253.282	220.514
158.062	235.076	250.770	216.936
294.167	162.291	297.835	163.161
290.366	167.287	297.439	165.072
296.748	172.406	291.268	156.557
302.633	180.111	272.930	156.016
151.119	253.325	243.077	224.780
151.213	227.644	248.061	232.481
153.892	218.545	248.686	227.670
155.911	204.148	255.558	229.958
161.518	188.627	269.489	228.925
170.520	173.844	332.634	237.780
160.192	141.004	294.276	241.393
173.612	124.830	264.686	211.613
177.535	118.755	263.053	197.069
290.522	282.443	261.847	179.029
294.836	282.275	286.312	174.875
295.600	280.634	287.249	175.654
292.384	273.654	289.411	182.088
288.273	261.909	285.445	187.135
282.078	251.575	288.407	188.810
274.889	238.433	292.609	191.213
203.650	168.358	335.888	221.602
206.301	178.567	356.712	207.678
192.905	185.093	329.731	213.639
177.625	178.662	294.135	232.317
176.641	165.801	350.304	241.721
179.361	154.520	361.309	219.372
214.094	154.609	320.830	179.855
249.952	153.936	309.170	159.673
260.108	155.890	289.592	158.871
154.917	235.629	187.584	222.118
158.716	229.859	175.542	229.031
165.941	209.397	172.125	238.116
167.828	192.057	295.795	237.163
190.383	195.537	232.971	236.363
202.226	194.993	282.123	219.601
229.995	179.739	254.838	226.823
238.465	173.591	215.025	220.223
242.362	168.487	229.953	224.424
243.624	165.195	191.636	226.391
247.996	161.520	193.349	221.874
261.809	165.115	167.532	215.475
260.581	170.288	170.742	213.398
283.305	165.500	149.981	213.859
279.168	164.755	153.410	215.677
279.173	164.299	154.565	215.993
278.712	160.761	153.386	217.769
280.089	160.467	150.602	218.114
284.042	159.766	145.557	219.194
284.961	160.998	143.652	217.914
287.537	162.380	141.840	216.516
289.482	163.148	141.866	215.700
289.948	161.796	141.997	216.905
291.886	162.422	141.822	215.398
290.582	160.699	143.367	215.994
291.288	158.231	143.699	216.377
289.234	153.757	144.912	214.397
278.581	151.097	157.236	217.395
275.793	147.061	162.147	227.794
279.490	140.661	164.122	233.518
279.699	160.653	223.441	225.790
289.231	141.852	226.644	252.508
313.601	198.464	252.939	201.461
306.521	228.954	252.854	179.806
318.865	237.831	249.411	172.908
304.549	241.274	255.809	174.637
317.873	253.828	256.015	168.750
307.181	253.933	276.561	169.343
307.005	246.688	271.820	173.512
322.413	228.037	262.019	187.215
304.754	227.399	274.686	174.763
323.386	201.320	262.430	189.312
297.415	199.415	275.016	180.931
337.622	179.553	246.034	177.711
301.248	161.976	230.237	197.290
304.920	157.553	151.034	205.707
313.427	168.797	144.461	197.088
326.588	174.631	134.550	193.209
325.788	177.188	134.001	193.395
326.316	178.693	134.218	192.989
325.988	181.200	138.846	190.381
323.845	186.234	135.168	185.914
311.961	178.641	170.666	186.012
307.209	182.307	139.984	195.192
299.377	174.203	208.495	185.051
308.002	172.623	204.648	204.715
315.433	172.008	266.231	149.142
306.255	179.435	284.426	154.060
307.543	184.058	299.030	153.894
317.609	184.278	302.999	151.043
374.520	186.233	256.827	144.182
393.342	197.222	259.281	143.318
407.501	203.753	236.810	142.767
414.414	207.580	236.859	146.031
421.910	212.427	233.363	146.163
428.574	216.573	231.195	145.888
433.605	224.527	228.042	144.107
436.672	226.111	226.864	146.132
438.220	228.761	226.744	146.399
438.574	231.438	224.661	144.919
437.403	232.972	225.787	145.934
429.902	235.985	231.627	147.296
424.890	240.947	239.494	145.476
420.873	240.790	239.321	148.105
417.771	243.706	235.321	146.848
405.696	249.141	233.809	141.075
328.050	214.841	268.216	182.465
331.364	209.227	262.320	185.220
341.024	201.979	215.669	193.071
342.170	204.560	177.221	192.936
332.938	198.292	172.342	195.979
303.849	213.398	207.716	183.153
296.183	176.448	226.290	215.955
287.183	174.786	238.881	386.614
282.711	245.031	229.089	146.006
277.846	259.973	216.151	131.997
273.107	261.777	214.381	124.565
269.447	267.047	206.868	117.656
269.074	259.192	204.049	128.150
272.733	260.133	198.236	127.383
275.996	257.080	186.279	132.394
282.252	221.225	192.093	172.856
344.576	200.973	142.122	184.980
330.449	201.716	159.395	186.350
313.899	206.573	159.554	194.176
306.600	202.376	219.268	198.921
345.759	251.891	242.531	154.498
362.790	266.687	224.822	138.052
374.041	266.264	225.017	142.805
386.606	268.316	220.800	142.295
398.063	272.465	210.071	140.484
412.453	269.007	213.962	148.756
418.543	269.115	213.219	147.758
420.006	267.456	213.827	149.694
422.844	269.869	214.530	147.064
422.838	270.135	211.627	148.163
420.230	269.974	210.937	149.775
419.134	271.066	210.838	149.000
417.409	273.415	212.192	147.029
413.539	276.040	212.388	146.216
407.728	275.034	218.916	148.516
404.168	274.305	216.297	149.054
398.550	272.444	210.926	150.836
390.828	274.296	218.047	146.344
387.858	271.947	224.201	146.542
383.672	269.020	218.129	149.602
379.823	265.807	222.948	146.685
374.472	250.141	219.024	150.158
371.671	247.520	227.042	144.750
366.127	240.309	225.803	145.175
361.094	233.898	231.053	142.682
364.418	227.023	224.902	140.301
347.009	210.250	239.818	141.898
350.683	208.140	255.532	141.165
331.652	202.812	266.038	144.552
332.086	203.949	264.549	135.000
343.025	201.254	252.702	131.146
292.204	219.464	123.544	173.009
293.373	224.296	116.037	172.684
378.633	201.176	224.814	116.429
389.503	196.553	223.484	119.191
396.178	194.547	216.709	122.471
411.946	199.382	207.286	120.324
417.798	202.129	209.575	122.296
419.709	204.957	219.243	121.741
406.374	195.489	247.460	151.626
431.229	208.627	216.069	128.047
442.546	216.984	207.630	128.551
430.694	218.959	228.451	130.941
370.680	215.279	196.804	182.310
381.948	207.886	163.928	183.288
388.730	204.025	129.420	183.395
413.712	198.164	200.068	185.970
426.103	195.144	232.789	190.590
433.503	184.484	232.581	210.470
436.407	182.504	241.547	216.816
452.680	188.265	236.312	214.191
470.442	191.460	225.236	219.495
471.186	179.075	212.637	239.104
496.479	230.045	215.515	185.063
478.408	268.663	223.971	157.759
480.099	286.154	218.578	144.031
483.639	294.377	231.813	138.742
482.890	290.020	230.648	143.472
482.517	288.290	228.454	145.524
481.240	286.815	230.050	145.566
479.625	286.627	232.875	143.608
477.217	277.727	235.955	146.381
475.210	270.588	235.404	147.973
488.867	246.439	225.539	164.352
478.763	245.730	234.555	160.297
475.971	250.792	228.088	150.259
472.196	249.043	224.375	145.144
468.587	250.850	228.386	140.881
470.364	249.976	231.443	139.271
467.456	247.146	230.957	139.139
464.280	244.365	242.278	137.149
463.182	234.720	231.756	137.707
462.050	230.456	244.574	136.111
462.197	228.032	236.631	133.454
464.349	226.706	227.332	131.147
337.459	268.735	111.016	192.701
465.488	226.086	222.452	131.501
464.233	229.743	224.483	130.924
360.145	252.574	115.032	194.570
408.446	243.833	236.428	141.731
425.313	217.864	283.519	210.098
334.697	191.351	230.440	384.649
388.292	211.545	148.421	208.692
399.124	214.894	145.572	195.133
405.453	211.466	143.134	192.935
420.575	213.422	132.374	190.059
432.761	226.774	133.151	171.733
436.980	235.834	130.841	156.947
433.764	235.396	135.349	154.253
422.430	232.492	146.644	155.032
422.902	224.387	143.050	162.117
421.040	219.439	132.561	167.614
409.328	209.581	136.382	176.087
389.424	199.571	144.818	188.544
373.263	189.572	145.995	201.082
367.026	201.427	220.562	193.634
359.053	236.843	277.978	149.830
350.759	220.224	291.029	172.524
417.702	248.801	250.461	141.262
430.085	251.503	236.977	149.089
442.769	254.400	230.265	145.332
452.498	261.910	234.875	146.549
453.939	262.352	239.195	151.433
457.405	265.448	234.283	152.321
457.533	266.287	240.865	155.353
458.445	268.523	243.591	155.068
450.808	269.654	241.214	157.546
446.678	270.599	250.124	155.490
439.089	274.748	250.656	153.334
428.865	274.307	261.026	152.874
420.886	275.868	260.097	152.038
407.966	280.143	245.191	144.779
348.944	274.350	301.605	160.316
306.428	234.070	293.540	208.020
284.253	229.055	188.900	215.635
324.569	235.931	217.398	208.408
331.756	225.419	154.320	217.782
331.977	227.248	168.989	216.405
330.841	237.420	243.035	206.688
332.605	205.010	172.354	248.831
330.235	201.015	193.872	256.610
333.010	219.892	232.284	251.169
352.403	296.288	256.230	169.985
334.237	327.730	267.421	147.974
333.281	333.524	268.841	148.792
337.722	329.002	272.004	155.215
345.786	330.205	262.334	160.398
347.357	330.516	279.056	159.724
350.161	330.805	276.538	159.426
352.070	329.272	279.039	161.634
352.461	327.975	283.420	162.656
364.047	313.168	303.608	169.311
371.542	298.231	278.205	178.369
363.526	260.163	282.555	208.932
325.273	239.012	312.697	219.086
330.807	253.735	314.960	193.533
346.745	253.607	303.157	184.339
343.771	246.807	319.961	165.245
334.567	236.502	321.819	158.731
342.054	228.901	295.610	161.773
338.668	222.657	300.003	155.229
354.235	213.965	276.453	148.900
363.892	216.058	268.006	144.387
269.067	326.036	144.925	207.646
263.280	320.954	136.771	206.716
380.948	218.805	251.183	138.929
382.035	224.619	245.435	141.428
244.162	289.999	141.826	212.090
381.760	233.167	243.713	140.168
383.933	238.051	242.578	138.957
385.888	245.993	239.829	136.302
379.510	253.744	242.489	138.904
376.638	251.040	252.778	147.904
355.566	247.759	270.248	161.374
338.087	238.519	275.475	181.406
336.026	233.876	264.747	185.131
344.021	196.718	223.756	228.459
354.622	208.778	202.685	228.328
360.907	196.617	186.215	245.559
379.123	197.385	168.214	247.102
386.394	196.678	157.941	253.220
403.997	198.370	145.354	260.552
415.590	208.952	140.422	252.531
435.912	220.187	123.737	244.678
408.354	196.326	137.559	238.460
400.039	184.120	168.136	275.195
450.705	244.228	126.025	216.114
423.381	222.758	157.305	222.043
470.485	257.519	112.381	197.423
482.183	265.043	107.337	186.225
480.968	262.274	115.838	185.641
480.456	261.497	112.325	190.315
473.936	263.452	120.301	188.077
478.875	265.536	115.995	187.454
481.657	266.712	114.289	186.389
483.341	268.187	114.547	185.713
481.271	269.747	121.107	187.703
481.473	271.201	126.928	184.759
480.908	269.336	133.717	186.346
480.993	268.936	139.030	184.467
481.466	265.164	143.097	186.275
479.148	262.615	148.445	188.171
475.764	253.157	150.546	190.051
468.024	252.121	153.648	191.096
476.147	248.782	141.233	189.615
468.345	247.831	129.588	189.677
409.770	235.050	151.453	187.402
391.599	232.717	147.927	187.477
390.470	215.951	135.583	204.741
393.661	205.262	117.821	213.747
391.871	197.043	124.184	224.060
380.027	184.736	123.415	236.148
368.726	161.038	129.510	264.783
365.245	146.430	129.213	276.523
360.319	151.978	131.289	283.692
357.831	143.603	126.255	291.107
356.515	132.937	120.905	302.465
338.167	227.104	124.970	223.665
335.493	170.029	120.654	286.064
331.772	245.095	113.272	217.231
330.221	266.182	108.560	185.906
325.317	266.427	106.154	183.138
366.631	109.070	105.015	177.132
323.406	263.126	106.136	183.830
319.606	258.268	107.309	185.213
323.474	259.441	105.512	185.016
320.300	258.146	106.432	184.019
328.689	259.543	100.945	184.572
322.613	259.180	104.752	181.476
332.273	260.224	99.806	181.881
326.055	262.303	102.533	180.122
327.922	260.485	106.884	179.703
324.753	262.683	105.197	178.121
330.819	265.037	101.327	176.916
325.221	266.648	101.307	178.122
323.472	267.506	102.823	176.467
319.800	270.925	103.444	173.817
310.037	272.628	105.522	174.683
307.478	274.003	105.277	171.357
302.520	278.566	105.209	165.768
346.941	154.698	117.637	161.138
291.309	281.661	103.829	156.896
279.754	264.507	102.069	165.745
347.779	189.638	116.936	149.913
355.413	198.109	111.327	148.860
328.100	205.405	129.600	158.411
265.646	240.431	103.796	161.982
369.373	244.443	104.929	143.487
368.796	250.639	99.183	147.971
372.121	259.184	96.895	146.819
370.099	265.774	97.668	144.610
368.998	273.285	98.235	140.465
251.133	236.387	100.295	164.669
360.037	286.315	99.935	136.850
357.642	287.657	95.671	137.516
354.509	289.857	95.960	136.177
350.937	294.603	93.664	134.119
251.524	235.684	103.843	165.416
340.685	297.564	95.632	138.198
255.773	215.839	102.477	173.641
256.152	212.535	105.248	175.076
260.300	208.488	107.149	175.882
264.682	201.074	103.333	173.758
268.848	194.030	103.839	181.282
275.295	190.534	102.584	182.839
278.926	186.956	105.415	184.058
281.637	181.315	109.634	190.437
293.291	173.370	106.796	194.326
296.963	175.536	117.052	218.211
297.931	180.466	118.983	238.107
299.219	179.646	118.993	248.860
305.189	177.623	114.850	248.732
305.481	172.708	116.917	242.133
306.053	177.692	115.775	252.448
303.256	178.999	116.984	236.660
296.652	179.655	120.335	231.318
290.579	180.199	118.212	204.350
277.609	181.682	117.376	178.325
350.434	297.850	115.471	142.693
256.682	191.493	119.304	179.058
361.559	288.112	124.443	166.852
237.181	203.710	113.802	175.278
216.909	218.543	103.512	169.182
204.672	225.218	96.933	167.443
193.350	230.328	93.109	167.912
182.815	236.447	92.630	167.924
172.112	242.599	94.059	167.345
157.618	254.528	93.123	166.146
152.061	259.346	95.043	161.336
150.399	260.633	95.727	160.897
150.542	262.330	95.555	160.410
152.310	262.695	97.408	158.352
160.994	261.676	96.676	159.709
168.604	264.022	94.468	156.422
177.007	263.968	92.757	156.968
186.350	264.274	92.787	158.390
197.076	262.919	93.644	160.625
221.923	265.173	93.253	162.339
236.344	265.638	94.987	162.805
251.702	264.629	94.255	163.714
267.298	263.899	94.315	165.066
280.969	263.350	96.925	166.190
310.740	255.493	104.696	173.432
325.457	250.395	105.367	178.549
337.844	246.053	108.988	178.847
350.735	243.075	113.040	178.021
365.786	240.994	111.656	178.682
392.038	234.687	100.056	177.301
409.666	238.902	103.696	171.001
416.299	241.220	104.316	166.356
411.626	237.090	130.899	171.208
404.281	218.339	126.679	185.255
389.317	208.151	132.548	195.778
383.131	203.105	146.171	202.579
371.713	191.702	199.018	221.424
378.827	195.900	140.914	209.632
464.832	234.265	107.310	183.154
460.740	239.905	108.031	172.581
457.024	238.881	106.703	173.666
452.587	240.992	105.773	173.032
448.434	244.854	104.473	170.728
443.475	250.030	102.388	168.716
441.083	248.818	106.478	168.830
392.044	228.575	115.826	178.037
391.245	229.794	115.705	176.400
391.871	225.788	115.917	180.506
390.179	224.918	118.126	181.433
389.446	222.499	120.504	182.993
391.050	225.573	120.483	180.330
390.578	225.266	120.720	180.975
390.175	223.300	121.172	182.313
391.188	224.389	120.493	181.372
388.745	226.477	123.981	179.975
389.226	224.434	123.987	182.374
389.562	224.419	125.139	181.844
388.993	223.060	125.834	182.636
389.349	221.818	125.332	183.280
388.162	223.644	126.599	181.779
388.534	222.926	125.389	182.617
388.552	223.171	125.400	182.640
388.552	221.693	126.523	183.493
388.447	222.982	124.351	182.079
387.039	225.833	127.063	180.544
385.988	222.279	126.968	183.567
387.999	224.196	125.365	182.210
386.410	225.375	123.951	181.033
386.627	223.311	127.483	183.550
387.202	225.528	122.972	181.534
385.244	223.747	127.987	183.767
385.249	222.173	127.280	184.598
388.573	222.611	123.007	184.677
386.788	223.911	123.469	183.004
386.356	223.063	126.969	184.358
386.132	222.173	126.161	184.866
387.675	223.104	125.131	184.841
388.598	223.480	121.230	183.518
386.886	223.437	124.453	183.836
386.812	223.976	125.190	184.152
386.050	223.355	125.451	184.682
386.448	223.357	125.197	184.542
385.728	222.611	124.833	185.042
388.028	222.862	122.541	184.585
388.047	227.625	122.516	180.578
387.486	225.120	123.735	183.114
386.547	225.585	125.597	183.695
385.417	224.396	129.210	184.625
385.485	224.881	128.291	183.653
389.112	232.300	128.982	180.858
384.450	234.249	133.392	180.408
380.628	233.780	136.111	181.493
376.736	234.915	141.086	183.257
395.711	236.887	129.408	185.939
355.881	232.737	109.818	183.043
351.340	236.718	107.103	177.654
346.158	239.238	105.770	175.295
335.821	240.298	111.483	178.252
328.685	239.183	108.907	181.659
474.224	245.769	114.683	182.866
303.581	244.141	107.451	177.772
296.022	244.331	107.056	178.314
289.472	245.049	105.512	177.767
284.952	245.011	101.454	177.995
273.661	247.878	99.290	176.060
268.042	246.747	101.409	174.714
264.332	247.408	101.125	174.999
263.626	246.153	98.597	176.048
261.986	247.360	97.206	174.902
258.970	247.005	97.444	175.416
259.650	245.998	97.938	175.474
259.430	245.722	97.267	175.797
261.857	244.398	96.681	177.000
263.282	245.182	98.345	175.859
268.789	244.440	99.508	177.029
270.632	244.576	102.329	175.446
274.953	243.678	102.066	177.034
277.151	242.325	103.365	178.260
279.901	241.195	104.430	179.832
286.395	240.637	104.601	180.177
289.478	238.135	106.068	182.471
293.853	236.135	107.024	185.171
299.263	234.415	107.044	186.532
303.779	233.482	108.891	185.550
318.008	228.916	109.471	188.115
325.478	227.712	113.687	187.390
331.335	224.898	116.904	187.769
339.839	221.902	118.516	189.002
351.652	219.773	117.875	189.909
371.800	211.546	115.837	196.712
381.939	210.387	113.771	207.749
392.456	209.279	113.493	213.382
404.838	204.933	110.977	216.721
407.052	202.190	121.583	218.267
406.518	197.149	130.197	229.113
401.999	199.899	134.795	231.133
398.232	202.571	123.526	231.813
398.134	194.067	139.389	234.474
394.754	199.720	153.064	236.093
397.512	193.791	127.840	237.755
396.602	201.755	128.007	235.827
394.601	202.640	127.585	233.891
392.328	207.623	128.688	230.895
389.786	205.572	128.343	228.092
368.171	212.989	126.931	225.358
353.449	221.386	120.685	207.125
340.729	226.736	124.074	201.082
328.672	231.997	132.775	198.150
317.599	235.651	131.284	200.798
297.469	243.979	118.331	199.603
281.864	248.111	126.559	197.169
269.475	251.379	125.716	199.837
258.216	255.917	130.042	197.798
247.342	258.422	127.348	196.931
230.920	264.176	122.323	195.198
223.044	268.381	124.086	191.270
218.429	268.999	121.980	191.467
213.051	270.922	123.481	191.161
212.228	271.406	120.510	192.482
212.369	273.783	118.884	191.483
214.035	273.935	118.599	191.895
216.203	274.754	120.380	192.773
218.810	274.604	122.830	193.897
222.501	272.921	125.199	195.969
233.131	269.017	128.136	200.435
240.707	265.374	131.881	204.448
250.798	261.724	133.280	207.737
260.552	259.968	134.519	208.676
268.987	257.775	139.454	208.662
293.494	252.889	146.833	208.145
306.966	247.482	148.316	209.284
320.670	241.942	149.358	213.574
335.364	236.769	146.141	213.054
348.547	233.248	137.626	212.894
372.003	227.414	134.198	220.383
378.273	228.238	136.663	210.522
387.068	225.825	152.628	229.869
392.546	226.277	151.648	216.192
396.715	226.339	149.254	209.568
398.935	228.510	154.628	210.877
396.844	228.323	152.601	211.942
392.677	234.450	152.895	209.031
389.765	238.195	150.144	206.517
385.418	240.213	146.562	202.331
372.377	240.654	134.486	210.294
363.116	242.559	138.190	241.411
352.487	249.283	135.705	213.535
346.297	251.164	130.116	214.727
335.116	254.175	139.774	210.913
316.627	257.402	144.102	209.927
304.109	260.018	146.905	210.856
291.321	261.307	146.848	212.144
280.519	263.956	143.325	212.436
269.551	270.039	140.528	207.928
254.316	279.011	131.074	204.005
246.252	281.165	130.839	202.982
237.696	281.715	132.674	203.239
231.811	281.831	131.429	203.766
225.230	280.818	132.568	204.529
219.259	280.453	133.215	204.873
213.982	279.551	134.218	206.103
215.919	279.076	133.004	206.181
214.190	279.607	134.420	206.812
218.691	280.121	131.657	205.335
223.982	280.728	130.929	205.295
235.430	278.565	130.472	206.398
243.376	273.529	132.692	207.752
251.415	266.352	136.746	208.914
261.212	260.268	137.350	210.548
271.585	256.024	138.303	211.260
288.718	242.538	144.917	213.267
296.152	238.778	148.122	214.285
303.879	231.936	149.789	216.776
312.431	226.352	150.781	218.546
321.447	219.289	152.640	220.130
340.218	204.617	160.232	223.673
349.853	197.507	162.232	227.515
357.109	191.357	171.378	229.900
365.612	183.392	172.799	232.693
372.768	177.061	180.824	233.259
390.369	168.333	180.413	236.019
397.894	166.576	183.427	239.016
405.180	165.466	183.014	240.432
411.236	165.302	178.160	241.068
412.683	166.724	180.017	238.119
419.082	175.713	176.909	236.391
422.343	183.303	171.718	238.428
423.532	191.148	167.096	238.487
420.582	200.297	165.051	246.212
413.234	211.964	165.759	250.111
394.669	233.765	178.530	247.373
389.033	243.957	184.047	244.895
380.577	252.692	195.935	241.316
375.004	260.573	197.817	241.317
369.312	268.205	158.929	240.224
354.062	272.027	149.798	238.086
348.044	274.617	147.812	238.271
343.824	275.514	148.773	234.211
341.203	274.067	147.442	233.430
338.689	274.047	146.332	229.846
330.233	266.688	146.100	226.317
328.225	261.440	145.506	226.698
326.740	255.338	145.262	224.939
323.293	249.014	148.066	226.024
322.673	242.837	147.860	224.355
323.458	230.078	147.756	219.894
326.564	222.752	148.662	220.106
325.602	214.238	150.439	221.388
326.159	206.826	154.631	221.568
326.229	196.463	156.195	226.252
326.689	185.898	160.381	220.850
328.892	175.980	159.751	226.796
330.309	169.986	163.908	227.004
331.487	164.026	167.790	222.219
336.588	157.207	170.497	228.363
349.113	147.346	176.156	228.654
358.473	148.011	180.123	230.810
510.007	367.280	117.005	187.042
375.263	147.630	185.839	230.738
381.139	148.680	188.225	227.853
396.877	162.716	190.418	255.832
403.167	173.894	189.187	269.404
406.786	179.350	190.582	292.517
413.600	191.569	188.166	297.253
419.850	202.382	184.926	276.675
421.035	227.587	186.108	249.679
421.903	243.606	183.969	245.752
421.177	253.300	185.628	244.956
418.414	258.786	189.618	245.965
413.604	268.756	193.998	241.362
406.718	280.666	164.317	233.627
399.898	280.444	164.974	234.915
395.857	285.097	158.424	229.260
389.983	283.824	157.814	230.119
387.974	282.785	154.159	230.619
379.084	279.643	154.575	226.210
375.000	277.255	150.839	224.162
374.595	271.694	148.443	223.721
370.012	268.068	145.807	219.539
365.667	260.785	145.814	219.005
360.816	246.460	141.951	218.654
357.839	238.934	143.927	220.221
354.466	230.370	145.083	219.555
352.585	220.907	146.146	222.130
350.182	214.803	146.206	222.990
345.754	204.299	150.522	217.153
340.972	194.835	155.719	221.441
338.162	187.004	160.068	221.583
336.889	181.873	162.111	222.983
335.984	177.384	165.125	221.205
337.236	168.624	163.113	220.444
337.730	165.395	161.562	219.560
338.813	161.650	159.761	221.131
338.980	159.981	159.383	220.666
341.095	157.375	160.390	219.758
344.508	157.449	156.732	220.033
345.626	156.460	157.313	221.576
346.634	156.784	158.016	222.609
346.941	156.700	159.970	221.989
346.770	157.516	161.333	223.877
349.103	161.454	163.872	227.140
351.884	164.913	162.865	227.350
353.181	169.206	159.494	228.895
353.889	174.165	157.380	228.690
355.461	180.199	150.554	230.424
354.772	197.554	154.164	228.979
352.624	206.862	146.748	227.707
350.323	216.091	140.245	226.447
351.231	225.648	131.656	224.971
352.437	233.212	134.213	223.449
353.639	243.776	143.942	224.261
354.294	251.173	145.590	221.209
354.393	255.933	145.869	220.878
352.874	259.899	146.492	221.595
355.066	264.643	143.905	220.830
352.398	272.308	142.388	218.214
351.463	275.093	141.779	215.745
351.596	276.119	139.599	216.070
349.567	277.465	139.398	216.338
346.380	278.982	141.431	217.026
340.111	280.922	143.435	214.461
338.736	281.750	143.936	213.365
337.523	281.567	144.025	212.869
336.479	280.971	143.054	214.502
333.899	279.592	142.737	212.898
320.960	274.611	148.319	211.525
313.800	271.789	150.678	213.059
304.865	268.655	151.275	215.003
294.797	267.349	153.715	214.807
283.316	266.333	155.989	212.649
259.544	263.191	156.772	209.116
249.304	261.468	155.860	209.570
238.826	258.734	154.070	210.488
229.514	257.304	149.707	211.669
217.695	254.542	145.691	214.155
200.251	253.007	137.408	210.674
191.167	255.929	135.627	207.446
183.778	258.118	135.010	203.152
178.505	260.187	131.566	200.640
175.303	263.554	127.597	196.378
170.450	265.036	123.427	193.413
169.104	265.233	123.088	192.143
170.146	263.457	120.663	193.077
173.987	261.082	120.772	194.463
176.341	259.516	123.047	195.163
186.717	253.147	124.923	200.220
194.564	249.556	127.695	201.973
202.933	246.292	131.024	203.229
210.206	243.208	135.139	206.885
218.607	240.826	140.002	208.464
242.825	235.646	142.168	208.503
255.243	234.547	141.880	209.327
268.101	233.147	145.863	208.043
282.686	230.638	147.057	210.087
294.494	226.682	151.705	212.488
330.014	219.014	154.909	213.470
345.617	216.644	144.647	209.088
361.857	213.296	130.248	208.194
377.583	209.716	132.349	220.931
392.302	206.265	139.898	220.688
411.011	201.644	130.926	216.069
414.549	200.000	158.583	210.340
426.020	204.886	161.554	199.381
430.237	201.785	159.908	202.164
434.703	201.290	157.998	201.170
439.276	203.191	150.641	201.581
438.309	205.212	147.503	200.512
431.967	206.760	147.130	200.888
427.609	206.252	143.803	203.888
416.489	206.589	144.710	204.039
407.256	208.528	141.153	200.750
382.881	212.957	125.444	230.394
364.061	214.386	128.465	217.402
350.576	219.245	123.746	214.081
335.968	222.047	122.539	202.942
322.836	226.901	130.596	203.133
297.717	233.340	139.325	205.425
282.358	240.561	141.030	200.688
269.954	246.369	137.103	200.442
259.662	251.297	131.885	199.457
249.295	256.471	129.191	197.108
234.376	256.077	118.150	201.752
224.676	262.239	123.375	195.658
220.429	263.162	122.777	195.173
218.750	263.505	120.529	194.550
219.274	264.288	117.827	194.649
222.489	263.096	118.197	195.701
225.053	263.955	120.026	194.665
229.305	264.968	120.627	193.518
235.427	264.083	119.948	193.958
241.048	261.721	121.362	195.765
254.517	255.906	123.356	197.213
263.283	254.550	124.269	196.535
270.791	251.922	125.467	195.849
279.321	246.383	126.928	197.679
288.321	243.259	127.999	194.552
309.172	235.712	135.360	197.943
319.706	231.621	134.945	197.493
330.208	228.037	140.578	196.405
343.757	223.553	142.681	196.615
357.548	219.792	139.877	195.383
383.302	211.937	124.066	195.102
401.363	207.825	123.508	217.070
412.915	208.616	121.650	220.033
425.580	206.035	131.126	209.975
428.321	202.242	131.075	209.028
444.577	196.169	150.898	193.511
444.174	199.564	149.081	189.233
445.522	200.604	149.655	186.972
448.815	199.207	147.523	188.369
451.671	199.259	145.553	188.923
451.453	202.568	138.050	188.086
450.200	204.462	133.607	188.037
439.061	206.647	138.013	187.839
428.884	207.505	136.997	197.799
421.932	211.047	131.824	200.528
405.734	213.520	119.319	209.479
391.698	217.704	125.097	205.481
378.028	225.117	121.571	201.785
363.469	227.987	118.251	190.161
457.689	262.145	100.463	173.437
328.841	237.950	136.335	190.182
313.224	241.125	136.286	191.267
299.044	244.184	133.644	188.107
285.842	247.089	135.446	187.613
273.879	250.184	134.011	186.799
255.615	252.741	126.449	188.388
246.959	257.644	125.001	183.833
240.266	259.033	123.187	182.694
234.930	261.171	121.711	179.887
232.037	261.359	117.944	178.699
228.945	260.544	114.503	179.474
230.354	260.359	114.218	180.594
228.713	260.778	115.638	179.579
231.711	259.380	116.207	180.293
234.621	257.293	117.764	181.856
243.236	254.429	118.145	185.170
249.604	252.341	118.578	186.314
255.380	250.876	121.247	186.814
262.679	247.474	123.388	187.911
270.763	245.655	124.223	186.404
290.567	239.197	127.426	183.924
300.721	235.959	129.077	185.565
308.811	233.109	135.103	186.874
319.903	227.863	137.929	186.490
330.902	224.063	142.386	185.366
360.391	218.864	126.903	183.068
380.506	214.532	118.301	193.451
395.679	211.653	120.120	203.233
413.273	209.304	128.311	203.594
421.046	208.046	120.658	201.645
437.385	204.712	139.714	187.772
452.344	206.279	139.609	180.199
458.927	207.782	136.102	178.441
464.603	208.103	134.515	176.898
469.655	207.919	131.821	178.595
471.797	208.115	133.440	178.518
473.241	209.108	132.339	179.447
475.391	209.116	131.679	178.677
476.823	208.721	131.763	179.756
478.752	209.116	131.415	178.764
481.514	210.392	131.758	178.704
484.672	210.506	128.829	176.293
486.029	210.844	129.442	176.875
488.012	211.201	128.137	175.653
489.551	209.161	127.421	175.074
492.750	210.048	127.750	173.875
495.274	208.310	127.472	174.138
498.653	208.839	124.892	174.327
500.974	207.586	123.154	174.265
502.679	206.897	121.419	176.059
502.309	208.918	121.644	175.025
502.220	210.325	120.599	175.767
501.051	210.663	118.037	175.743
500.061	211.752	116.051	173.858
495.718	211.504	114.553	174.693
484.326	211.621	116.034	175.086
478.844	216.037	114.694	171.294
471.076	212.872	114.185	174.666
463.906	216.107	113.056	171.182
452.702	221.821	115.742	163.880
442.912	220.494	103.692	165.384
437.820	220.664	99.842	167.728
381.802	218.265	134.634	218.710
393.340	219.608	104.727	196.278
380.798	224.408	107.622	207.208
350.567	223.896	168.334	212.707
349.508	204.963	184.727	237.015
337.949	217.057	112.409	175.613
331.708	225.388	114.085	169.111
322.625	226.350	113.045	170.055
307.381	229.355	108.354	170.759
300.915	233.506	108.183	167.661
294.001	235.921	107.081	166.043
287.701	235.010	107.372	167.084
284.037	239.640	103.884	164.035
276.130	241.608	98.761	164.255
273.643	239.459	101.088	166.479
269.478	240.420	101.606	165.938
267.160	239.866	101.911	166.983
265.842	238.513	102.016	170.018
264.439	238.877	102.369	169.998
265.928	239.455	101.519	167.113
264.087	238.812	103.598	167.157
266.416	238.078	104.419	167.470
268.889	235.792	106.198	169.072
275.519	230.240	106.922	171.856
279.950	230.044	108.549	169.993
285.129	229.035	108.635	169.823
290.654	225.932	110.795	169.601
296.357	223.297	112.806	170.281
301.303	219.659	116.694	172.682
315.584	214.980	119.456	171.514
323.841	211.351	117.570	172.757
332.445	210.684	110.270	169.895
341.152	208.300	107.877	170.123
359.194	201.625	110.575	175.198
369.155	201.524	119.192	175.434
369.650	198.988	123.276	167.558
383.084	195.810	129.069	167.114
387.430	193.331	134.952	166.213
322.496	270.402	92.077	166.741
408.994	188.816	129.435	167.223
414.205	191.147	135.498	160.128
422.331	189.483	129.838	161.670
422.657	183.857	132.552	166.616
425.477	184.239	130.649	166.265
426.969	182.554	128.968	167.120
289.869	269.411	92.753	158.844
288.320	268.726	97.440	159.986
417.185	189.670	134.258	165.555
289.335	269.220	95.271	159.264
291.361	270.399	97.284	157.350
403.223	201.763	130.128	164.009
391.479	202.582	135.989	166.654
390.424	210.264	126.645	163.426
381.588	207.932	127.986	167.878
366.302	219.409	119.756	169.904
336.690	223.349	121.432	189.600
334.150	231.201	112.725	203.313
327.060	236.122	109.647	198.394
303.074	247.014	103.220	169.837
290.636	255.135	97.640	164.388
279.967	261.509	106.893	163.507
269.845	265.733	107.689	165.913
261.348	269.973	105.625	167.618
252.188	275.753	101.994	164.321
238.051	279.597	99.167	166.865
231.955	286.383	98.395	164.808
228.147	285.853	97.537	165.668
227.541	290.364	94.723	165.961
224.218	291.214	95.063	164.832
224.100	297.547	96.920	165.621
226.325	300.356	97.850	164.201
230.612	305.361	99.102	162.329
234.715	308.380	100.118	160.536
238.783	309.223	101.950	160.872
247.720	306.088	105.812	165.613
252.882	304.892	106.469	167.034
259.263	302.896	106.457	164.743
263.280	299.643	108.738	167.681
267.953	299.981	110.525	166.326
277.492	298.834	112.003	162.707
283.897	297.715	110.925	163.368
289.537	296.321	113.276	163.804
296.072	293.364	113.384	165.826
301.596	290.926	114.189	168.168
305.303	292.219	120.307	162.684
312.504	290.084	114.581	165.550
319.596	289.711	117.733	164.121
329.593	287.127	116.865	167.077
340.911	280.627	117.642	172.161
362.036	247.385	119.498	200.724
365.474	241.083	121.335	202.307
370.911	242.142	129.794	196.215
372.537	246.375	135.901	184.668
374.412	248.609	139.543	171.248
403.393	243.826	127.573	170.400
410.884	241.447	130.147	167.392
411.424	234.600	131.936	168.217
415.614	230.409	133.347	166.395
421.978	226.099	130.842	165.156
357.750	259.688	84.800	153.933
430.551	214.681	127.988	164.192
431.440	211.194	126.807	162.562
432.077	211.135	125.377	159.401
424.542	208.223	129.858	161.057
410.477	203.303	131.382	161.782
403.070	204.789	129.382	156.856
396.952	204.305	125.849	155.782
388.312	204.776	117.021	161.274
385.278	205.525	102.783	154.465
367.069	209.316	107.900	167.233
358.906	214.802	106.204	157.316
349.101	216.863	105.749	158.734
342.232	219.422	106.383	159.769
335.782	222.519	115.019	161.387
319.134	229.314	113.692	161.951
312.277	232.857	109.496	161.168
304.494	237.686	113.104	161.422
299.632	241.406	112.031	161.941
294.702	245.427	110.581	161.868
288.620	255.777	104.530	160.449
286.912	262.776	103.086	159.476
283.849	268.565	101.241	159.199
283.305	274.107	99.596	158.945
282.781	278.199	98.341	159.681
282.480	285.039	99.067	159.797
284.503	287.026	98.357	162.145
289.189	290.775	97.421	160.730
292.750	293.200	97.156	158.934
295.916	294.812	99.644	157.701
308.257	293.003	99.243	158.923
313.440	293.072	103.127	158.623
321.508	290.680	104.823	159.990
329.908	289.538	106.190	159.397
340.091	287.795	106.099	158.486
357.580	280.438	110.940	159.838
366.957	281.440	111.986	154.361
379.832	275.667	111.154	157.322
389.506	270.413	111.192	159.343
397.218	265.140	113.636	158.515
405.666	253.456	121.050	159.314
406.464	245.743	128.455	163.346
405.228	237.891	135.066	164.170
405.038	234.169	138.759	165.940
406.220	229.335	141.312	172.087
409.391	222.155	138.737	184.811
411.767	218.447	136.330	193.665
412.381	216.765	134.825	201.250
414.994	214.312	128.843	208.707
415.477	214.043	123.877	213.405
411.152	209.525	119.243	226.544
403.084	211.634	125.953	227.990
392.499	212.360	136.593	229.466
383.116	215.447	152.314	218.819
374.718	218.425	162.757	192.428
356.553	227.899	135.710	167.613
473.940	288.855	89.908	157.298
345.997	255.167	126.841	165.969
338.306	249.280	118.816	159.209
335.403	255.436	114.594	161.304
498.408	284.038	94.400	154.306
503.299	282.060	91.671	153.482
507.590	280.772	92.379	152.100
511.288	281.558	91.375	149.334
513.611	277.988	91.068	149.143
519.387	269.974	90.828	151.845
522.041	268.075	88.123	150.387
525.517	268.186	87.412	148.622
526.511	264.980	88.774	150.807
530.115	264.049	85.540	149.540
532.142	263.692	86.436	149.584
531.322	263.791	87.156	150.141
530.227	264.618	89.348	150.220
531.779	264.747	87.383	150.141
531.039	265.884	87.429	149.162
528.592	265.296	87.387	152.746
527.225	268.972	86.620	150.380
524.644	271.727	86.416	150.023
520.552	274.965	86.619	149.401
515.404	278.838	88.367	147.767
504.951	279.321	87.662	152.920
498.594	282.819	89.281	148.598
491.187	284.593	88.682	149.302
483.399	286.993	87.360	150.035
476.292	287.497	84.593	149.252
459.535	270.190	84.255	167.609
419.221	243.710	117.383	190.552
429.098	244.186	116.755	190.364
429.595	239.324	128.605	195.580
426.546	236.030	143.244	188.113
466.228	231.816	129.740	162.041
474.367	232.003	121.935	153.304
480.626	232.977	120.513	151.951
481.952	230.046	122.243	154.157
442.018	239.375	129.238	179.523
433.089	225.044	153.400	154.171
424.222	232.867	134.107	140.462
429.170	218.756	142.029	159.245
367.262	241.710	186.091	334.290
168.629	195.783	432.303	373.382
95.932	0.000	812.536	576.000
107.493	37.372	683.163	508.590
22.241	11.658	926.764	564.342
97.878	30.292	794.053	512.774
26.052	6.779	933.948	569.221
48.851	23.056	837.713	516.293
5.609	0.000	954.391	576.000
32.319	38.603	864.198	521.998
58.755	20.106	901.245	555.894
105.550	19.426	705.070	538.483
99.375	109.593	860.625	466.407
23.472	9.152	884.720	566.848
203.911	35.655	494.074	484.240
24.103	23.796	828.728	550.815
0.000	0.000	960.000	576.000
2.093	0.000	933.738	576.000
109.939	49.322	736.586	519.456
213.545	36.782	487.406	502.194
0.000	0.000	941.475	576.000
122.958	0.000	637.317	544.110
283.379	22.944	329.481	515.894
38.727	0.000	568.595	548.457
315.779	57.921	239.238	474.524
377.012	254.231	112.174	156.945
414.453	257.152	120.109	168.712
409.122	256.260	124.925	171.482
398.971	254.067	129.117	172.054
391.478	252.514	130.350	171.983
390.948	250.319	125.001	171.863
391.531	250.779	119.523	170.901
392.940	252.705	119.239	168.147
394.180	253.091	117.195	168.731
394.692	252.054	117.590	170.518
394.534	251.457	118.898	171.267
394.727	250.807	118.594	171.836
394.672	249.609	118.133	172.660
394.373	248.876	116.945	173.103
394.006	250.640	116.655	172.381
393.346	250.957	117.732	171.808
393.006	250.923	117.822	171.637
393.071	251.038	116.589	171.103
391.238	250.705	117.025	171.450
390.551	250.779	118.214	171.420
390.216	249.756	118.084	171.636
388.757	250.575	118.629	171.293
390.051	249.022	117.270	170.756
386.907	249.700	119.459	171.787
388.541	249.774	118.780	169.828
388.294	250.120	117.964	169.990
388.542	249.471	115.720	170.850
389.753	248.185	112.867	171.622
394.341	245.308	105.358	174.377
398.526	242.800	103.316	176.575
398.975	240.370	102.906	178.965
398.703	240.053	112.618	178.882
394.740	235.633	127.765	181.289
422.766	225.269	123.341	155.742
431.674	223.997	120.625	151.590
439.248	220.632	123.915	149.731
447.992	221.226	122.848	147.892
458.500	218.167	118.836	147.211
470.073	214.306	118.996	146.945
476.478	215.174	117.358	146.247
480.356	214.177	115.278	146.987
482.703	214.390	115.234	145.921
484.184	213.725	113.790	145.821
484.886	215.159	112.240	145.039
482.558	215.355	113.010	146.733
481.782	215.802	111.765	147.203
477.265	216.578	114.084	148.395
474.760	217.556	114.175	149.340
467.761	218.674	115.569	150.184
463.640	220.318	116.261	149.993
458.984	220.776	117.469	150.879
454.581	221.788	117.797	151.535
448.940	222.747	118.480	152.448
434.157	226.516	119.832	151.843
428.636	230.086	116.210	150.702
423.683	232.494	110.069	149.297
408.916	234.394	110.371	146.904
401.387	235.104	103.888	165.938
379.608	240.290	98.001	153.635
366.489	243.493	94.850	147.199
443.444	275.224	77.273	140.058
345.829	244.180	103.111	150.184
455.658	274.075	84.472	148.159
320.667	247.915	95.586	147.812
313.986	246.880	98.199	147.791
311.390	249.662	93.749	145.613
307.368	249.106	90.209	146.451
304.442	250.856	90.794	143.589
302.217	248.692	92.096	144.950
305.969	248.409	90.228	144.871
310.047	247.381	90.341	145.565
313.776	249.262	92.104	144.217
320.185	249.995	91.969	143.910
335.745	252.042	90.570	142.766
343.993	254.939	91.510	140.116
353.508	256.464	92.944	140.326
361.082	254.187	97.756	141.624
371.241	255.266	98.874	141.072
389.554	256.670	89.589	134.856
397.190	258.240	89.146	135.147
412.613	253.964	94.309	139.505
423.550	247.200	96.174	143.799
424.921	245.990	98.164	145.644
418.670	244.083	101.165	143.889
414.362	242.494	99.447	144.377
411.567	243.965	107.895	142.000
410.848	245.094	96.379	141.636
408.740	246.441	90.602	139.632
417.470	246.067	101.458	141.274
418.018	247.561	101.442	142.627
422.310	246.288	98.365	142.532
420.834	246.397	98.089	146.970
410.940	250.932	104.915	146.768
384.807	264.948	91.903	138.811
374.439	267.012	98.054	137.116
365.777	268.270	96.591	136.003
355.156	268.692	100.696	138.710
343.890	270.348	105.255	137.874
327.396	270.720	98.517	134.889
321.088	271.943	92.737	132.793
314.043	273.887	90.804	130.198
308.140	273.667	88.086	129.987
303.321	273.994	86.520	129.557
298.031	272.774	82.651	128.755
297.280	270.995	83.190	129.543
298.486	269.467	82.549	131.064
301.002	267.684	83.600	131.957
305.429	266.358	84.038	133.308
319.101	264.896	82.887	134.049
326.703	265.883	84.808	132.582
335.785	264.410	86.014	131.782
344.040	262.552	88.926	134.037
353.430	261.140	91.509	134.974
377.032	257.952	91.829	134.228
388.566	256.669	92.394	134.330
402.269	254.036	84.152	134.306
412.657	253.184	79.720	130.332
425.701	250.341	76.962	137.578
442.302	243.891	75.509	154.164
443.187	243.219	78.444	153.757
454.473	239.835	92.577	135.916
463.501	235.272	103.637	134.690
411.155	268.863	85.227	134.111
478.233	231.386	101.387	134.909
483.430	233.342	99.370	131.814
487.471	232.353	96.209	132.588
488.652	232.758	95.952	132.455
487.614	232.397	97.775	133.532
483.948	233.972	98.303	134.382
482.249	234.329	97.005	134.438
477.155	236.502	95.229	133.652
473.284	237.473	93.567	132.580
465.021	238.424	94.859	132.247
436.334	242.075	79.615	155.101
429.465	246.288	85.097	143.500
418.503	246.701	89.169	144.477
404.300	248.155	79.385	129.579
392.056	251.618	88.451	131.258
365.651	254.134	97.527	134.369
354.442	256.309	88.170	132.614
343.529	259.848	88.379	130.553
333.370	261.243	84.302	129.835
324.115	263.150	81.231	129.026
309.171	265.376	75.821	128.158
300.146	268.383	75.716	125.850
294.874	270.867	74.418	123.214
291.363	271.635	74.081	122.439
289.099	273.153	73.500	121.558
289.100	274.871	70.094	121.869
288.500	275.811	73.107	120.678
289.986	276.132	73.957	120.005
293.256	276.214	74.490	119.752
296.947	276.478	75.440	119.057
305.189	276.233	75.954	121.434
309.065	277.299	79.077	120.961
314.155	277.737	79.521	122.438
319.029	278.794	79.904	123.363
322.873	280.258	82.631	123.324
331.440	279.971	82.619	125.642
334.308	279.633	85.340	126.700
337.853	278.772	86.224	128.265
341.820	276.651	86.087	130.481
344.682	275.535	87.713	133.091
349.113	271.765	90.807	139.530
352.445	269.020	89.886	142.456
355.335	266.064	90.305	144.111
356.233	263.565	91.392	143.602
356.758	257.324	90.961	147.717
357.432	248.813	92.598	145.760
356.020	245.235	94.037	147.614
354.217	242.876	95.864	148.800
353.890	241.704	94.605	148.817
353.206	241.522	93.774	147.652
346.663	241.635	94.559	149.365
342.851	242.439	97.559	152.067
339.397	245.224	99.398	152.352
335.293	248.598	102.185	152.474
331.562	252.974	106.539	149.939
319.225	261.082	106.079	150.992
313.588	267.090	104.208	149.010
307.030	271.229	103.249	148.847
300.137	275.569	102.648	147.260
294.271	280.878	101.059	145.376
283.263	289.222	95.786	143.313
278.064	294.686	92.110	140.818
273.549	300.954	88.467	137.185
269.435	305.428	85.188	133.574
266.456	308.426	81.940	131.548
263.392	310.238	79.920	130.692
258.266	313.054	78.960	127.919
257.182	312.557	79.185	128.450
254.593	309.762	81.816	131.529
253.730	309.905	83.384	131.674
253.338	307.168	84.322	134.422
254.175	301.074	87.245	139.129
256.721	294.311	88.928	145.698
259.855	288.090	91.486	149.155
266.125	281.933	92.472	153.135
274.427	276.494	93.566	152.599
296.768	262.646	100.147	159.385
309.437	256.686	105.742	163.469
325.837	251.061	99.417	166.076
341.104	242.972	102.886	165.909
360.035	239.331	110.663	183.817
379.891	240.932	99.509	186.157
378.646	242.401	96.750	181.219
375.222	255.870	94.242	169.671
384.389	244.059	144.147	172.162
425.324	238.916	112.606	176.047
434.898	245.795	100.010	172.727
434.153	247.879	97.537	171.298
432.096	250.133	94.775	170.128
430.831	252.080	91.497	169.452
426.349	253.461	91.325	169.419
417.357	255.259	92.868	168.876
373.760	255.804	124.782	166.828
364.725	254.101	131.562	171.228
363.567	251.528	127.504	174.672
360.716	253.495	123.678	173.200
353.006	262.695	113.130	168.934
337.971	256.655	123.514	175.847
323.160	261.628	140.490	172.411
304.761	260.858	124.736	174.165
392.841	270.761	104.977	171.578
264.004	263.951	115.644	180.584
423.109	259.397	103.065	187.157
237.395	273.912	104.425	177.496
227.790	275.099	101.412	179.995
222.409	280.686	97.987	177.921
216.880	290.936	95.474	177.649
217.350	291.123	98.278	178.045
219.858	296.822	99.650	174.712
227.006	301.923	99.478	168.077
235.199	300.597	99.222	170.118
258.267	301.808	99.592	171.384
269.172	297.022	103.612	175.315
281.068	300.227	106.141	171.425
293.578	310.142	106.224	158.415
305.765	257.110	108.298	204.028
313.734	254.549	127.836	200.841
328.058	263.630	124.014	192.378
324.344	261.419	140.961	189.833
351.178	268.022	116.158	182.833
349.550	266.280	121.018	182.819
347.076	263.823	122.601	181.892
345.313	263.530	121.698	182.753
343.072	265.110	119.977	181.798
341.430	266.634	116.383	181.966
339.252	269.814	108.814	180.928
329.954	270.762	99.404	185.444
315.831	274.757	102.886	182.290
303.630	271.612	102.756	187.144
285.634	270.632	109.137	193.774
272.196	265.257	121.802	201.812
248.924	288.599	111.953	181.074
235.375	288.931	108.283	181.213
346.212	258.073	106.144	192.661
352.632	267.580	103.482	185.477
361.956	267.726	102.872	190.763
366.370	279.227	105.785	184.804
366.305	278.891	106.530	185.856
366.389	283.032	100.929	180.319
362.635	282.254	99.756	181.220
258.785	266.217	116.596	204.105
285.260	261.148	111.212	202.041
304.763	258.094	117.740	201.683
317.674	254.661	122.444	203.131
317.287	250.714	140.941	206.481
317.121	248.342	156.402	205.033
368.631	242.597	134.614	212.257
368.366	239.726	147.247	214.132
323.584	243.739	184.439	210.642
319.661	225.775	212.770	242.876
389.452	242.111	134.714	214.526
363.654	235.358	152.335	218.384
382.631	245.531	142.470	211.206
367.976	245.252	156.377	213.419
385.656	262.127	138.202	201.622
385.987	262.207	133.273	202.361
374.328	258.978	132.497	209.480
361.615	267.332	142.774	202.997
348.457	260.758	153.252	210.969
335.746	265.680	149.773	208.501
444.295	279.588	123.050	198.690
302.604	261.320	124.515	217.594
297.001	264.540	118.588	214.327
290.472	269.024	117.067	209.150
286.145	271.481	118.698	207.146
285.119	272.953	115.619	208.452
286.909	267.904	115.782	212.821
292.922	266.098	117.336	213.450
298.005	268.703	121.475	211.526
307.615	270.105	120.337	209.937
316.248	270.571	122.281	210.196
332.496	270.891	126.417	210.232
339.898	271.098	128.542	206.854
347.480	272.591	128.899	202.153
354.358	274.623	136.770	197.500
366.096	272.110	134.140	196.317
375.092	265.306	133.630	199.447
375.707	260.384	134.485	203.347
374.003	257.017	133.505	206.940
371.080	259.198	134.258	205.253
368.283	254.259	133.449	209.811
364.183	248.157	131.153	217.733
360.810	239.960	131.071	227.174
357.164	237.297	132.031	230.590
352.790	235.335	134.558	232.931
349.084	235.308	137.219	233.058
344.433	232.513	139.950	236.581
342.374	232.456	139.520	237.430
338.700	232.020	138.387	238.333
331.535	230.785	140.469	240.131
323.632	229.348	140.372	242.207
298.316	221.852	148.837	246.918
287.599	218.753	147.896	250.077
272.753	215.607	152.257	251.854
257.995	213.314	156.040	254.725
246.162	211.486	155.700	254.766
223.715	200.735	160.705	261.754
212.573	200.930	161.991	258.977
207.441	199.455	158.811	259.193
203.005	197.729	158.739	261.293
200.322	197.521	160.248	261.120
200.906	195.739	161.527	263.904
205.923	195.258	165.791	268.927
211.252	195.508	169.172	271.388
222.365	196.479	171.288	275.471
234.067	199.258	171.830	276.328
260.257	206.486	177.651	272.136
279.873	212.355	182.842	269.703
300.103	215.269	183.196	269.761
323.008	214.685	182.159	268.114
345.585	216.457	182.862	269.094
384.733	214.501	185.665	270.874
401.973	210.358	192.195	273.348
419.416	207.884	194.854	270.822
435.111	208.249	196.850	269.832
448.532	203.211	199.702	272.638
470.206	199.988	199.700	274.246
474.123	198.457	205.205	275.035
478.779	199.304	206.156	274.186
482.492	201.182	205.249	272.994
480.238	200.996	206.769	273.193
470.813	206.074	208.972	273.033
459.994	210.602	212.219	271.617
447.959	213.822	212.644	272.663
432.710	217.783	214.439	271.756
416.674	219.055	214.916	274.015
386.220	234.736	200.522	267.614
369.631	235.266	198.553	267.974
349.844	237.998	194.918	265.609
332.930	235.135	186.430	267.352
313.357	235.398	182.518	264.682
279.671	240.639	173.716	259.477
258.840	239.930	174.333	258.745
241.103	244.232	172.886	253.817
227.661	246.580	172.097	252.003
214.375	247.887	175.160	252.551
205.427	247.011	173.692	253.769
194.609	248.564	173.912	253.478
193.147	247.273	176.355	257.076
192.707	247.160	178.013	258.750
198.766	244.875	179.506	262.405
206.943	237.643	180.325	267.284
228.952	229.845	181.331	278.893
239.089	231.973	189.435	277.556
249.279	234.028	195.359	277.685
258.243	234.589	201.614	278.641
265.893	236.604	211.068	274.064
280.498	233.759	222.115	276.975
288.274	234.656	226.467	278.376
292.005	232.151	233.827	282.284
298.938	229.725	234.088	284.033
303.521	230.496	233.755	283.738
316.275	226.142	233.386	289.877
322.769	222.213	232.572	297.464
329.118	217.705	229.901	301.109
331.085	216.860	231.827	300.272
334.290	214.801	232.260	299.532
343.293	216.849	229.056	296.167
344.173	215.059	228.876	297.545
344.374	213.252	231.022	299.058
342.422	217.243	234.297	294.033
341.381	219.769	236.300	293.559
327.657	227.577	247.294	290.027
321.561	225.303	250.755	295.091
307.930	232.680	261.884	290.803
293.108	235.656	270.377	290.427
274.908	240.300	280.819	285.894
247.205	237.235	279.980	293.066
236.750	243.562	278.962	290.582
226.440	246.575	228.849	288.460
223.949	252.381	264.242	281.706
220.664	249.603	225.584	287.463
212.407	249.834	236.868	287.452
210.247	245.363	225.251	289.543
212.261	237.828	207.464	293.061
216.605	234.824	190.620	291.070
224.254	234.264	185.999	288.012
215.281	234.230	205.560	285.088
204.577	229.984	216.799	286.917
211.857	223.673	206.931	291.857
212.697	223.364	201.243	288.789
202.670	222.165	204.839	285.930
190.761	218.430	197.179	286.021
175.107	219.523	201.474	286.693
154.402	222.577	210.432	282.094
148.663	225.387	205.986	280.491
147.533	230.620	201.534	275.345
152.354	235.826	202.628	270.742
158.921	234.877	206.438	274.485
170.019	232.593	210.487	278.543
183.055	230.609	213.559	283.607
197.988	236.018	215.953	283.469
236.992	231.105	220.772	290.405
256.975	235.543	228.526	287.198
282.351	226.411	229.641	298.322
304.103	226.173	233.606	297.602
326.135	224.315	238.788	298.780
367.777	213.261	246.056	309.950
387.087	211.241	249.072	309.285
405.525	208.443	248.995	313.000
417.837	208.356	253.578	310.062
426.223	201.995	252.550	317.270
436.381	200.813	253.886	320.291
432.840	198.771	254.560	324.958
430.160	201.477	248.424	326.504
423.959	201.202	245.674	330.084
413.911	204.972	243.532	329.871
376.408	219.100	238.686	319.362
351.837	224.265	253.342	318.014
329.018	224.821	269.070	322.208
311.267	226.900	286.735	322.281
297.569	227.215	300.120	325.144
280.543	227.470	296.351	325.690
265.290	234.000	281.925	320.704
239.137	239.592	256.470	315.704
238.768	241.098	239.757	315.923
233.166	245.504	232.075	312.762
230.202	245.152	229.734	314.910
228.916	250.610	229.376	310.100
227.624	246.514	224.897	314.023
223.409	248.061	229.967	312.990
220.051	248.213	234.637	311.556
222.209	247.593	230.820	313.116
219.787	250.330	234.826	310.079
220.173	251.081	233.126	309.541
219.546	250.179	233.015	311.517
219.410	250.931	235.130	310.765
218.745	249.071	228.374	313.273
216.582	251.681	233.562	309.800
217.204	248.763	231.461	312.110
217.711	248.820	229.083	311.375
216.844	245.771	228.624	314.637
370.257	243.622	200.558	325.433
376.695	236.325	201.090	329.343
200.858	240.043	217.991	320.020
188.041	230.140	220.920	325.850
182.298	236.311	212.624	321.091
157.499	239.628	207.081	314.389
144.344	231.680	209.552	320.540
137.825	237.774	201.924	313.644
127.939	242.772	197.007	308.914
121.182	243.849	194.108	308.296
115.652	248.943	190.806	304.797
112.043	249.499	194.782	305.637
113.230	250.250	194.367	305.673
112.566	250.543	194.367	305.380
111.962	250.835	197.114	304.984
112.211	250.397	198.293	305.422
114.142	246.542	196.475	308.491
113.901	246.246	197.586	308.370
114.621	244.863	196.708	308.644
115.627	241.335	195.232	311.552
115.277	241.254	195.514	310.811
115.005	240.363	196.521	310.852
114.828	238.421	196.545	312.583
116.027	235.157	195.789	314.481
120.146	230.446	194.984	317.440
136.258	227.726	189.725	314.873
142.365	222.656	195.772	315.038
152.185	218.155	196.725	315.482
163.143	215.667	196.453	314.211
172.453	211.681	199.610	314.254
192.305	204.269	199.130	317.130
196.350	205.070	209.898	315.241
198.531	199.195	207.310	316.094
205.618	205.030	202.841	312.979
203.065	206.786	202.600	309.474
202.368	207.766	200.632	304.626
202.061	205.254	204.150	305.373
200.727	206.777	202.981	303.749
202.437	207.747	203.834	303.895
200.641	204.809	204.106	304.389
200.881	209.915	198.650	301.331
198.247	205.943	207.139	303.500
195.228	206.190	203.680	301.463
198.891	210.335	201.250	303.754
191.066	213.510	203.912	300.296
189.151	212.212	202.435	304.106
186.764	211.085	203.370	306.421
185.960	209.309	206.206	309.983
189.793	206.242	228.392	311.451
195.948	204.590	241.478	316.319
212.684	201.611	243.968	320.889
217.170	194.562	234.365	328.265
216.706	195.989	233.468	326.138
214.573	193.865	233.308	328.509
213.921	193.228	232.683	329.146
213.249	190.822	231.775	331.552
209.214	189.738	236.823	332.850
208.230	190.863	239.707	331.725
203.694	188.776	246.650	332.886
201.292	187.004	249.212	336.291
191.478	190.351	267.470	332.007
190.071	192.140	277.271	328.539
193.865	189.852	280.522	329.557
195.532	184.398	258.586	332.237
194.956	189.913	217.087	326.930
191.069	194.593	208.700	318.363
197.817	196.186	202.537	319.273
198.975	197.266	206.343	316.708
194.402	197.719	210.063	314.204
195.589	197.393	210.421	314.121
191.758	196.790	203.532	313.969
182.312	196.599	211.222	311.049
171.772	199.371	205.225	304.033
157.124	196.946	205.550	305.267
143.010	194.596	199.518	303.384
129.557	195.255	193.293	301.981
110.778	205.449	175.979	295.010
102.989	204.062	176.080	294.761
100.153	204.587	171.067	296.122
98.510	204.621	169.849	294.906
102.411	210.167	167.359	288.765
126.399	210.029	161.051	289.881
137.399	202.333	171.201	295.739
156.457	199.385	176.266	299.814
165.850	199.107	185.954	296.944
179.198	194.765	187.308	299.925
201.293	193.473	188.804	297.517
202.266	188.159	196.130	300.430
207.361	189.383	197.200	301.570
205.434	187.942	230.632	302.595
210.407	186.890	236.840	307.466
215.088	189.131	262.365	309.305
218.785	190.613	240.041	316.438
221.532	193.057	238.748	315.762
224.101	195.817	238.231	313.002
228.301	193.380	236.514	315.794
233.361	192.450	227.465	313.759
234.451	189.573	226.768	314.034
229.269	188.325	233.492	312.153
224.208	186.454	243.556	311.494
220.671	186.734	249.599	308.896
215.814	189.300	260.320	293.013
211.210	188.398	256.875	290.332
200.165	187.150	180.983	285.567
184.953	188.293	179.093	286.298
169.962	194.120	181.711	281.535
383.727	190.069	151.915	297.271
129.411	202.227	189.981	278.969
398.756	192.045	169.967	301.618
407.936	192.468	152.695	302.730
116.496	217.103	169.276	269.434
409.188	196.343	155.087	301.579
127.046	216.347	164.196	270.519
138.414	209.535	161.363	272.706
150.191	206.323	176.399	278.801
158.983	195.475	180.397	284.843
185.570	189.921	180.161	287.312
196.181	191.368	186.561	288.634
202.344	194.934	245.238	285.448
208.625	186.704	246.922	297.528
218.973	184.780	228.680	302.776
250.702	182.045	190.290	303.976
264.621	182.404	191.443	301.810
264.739	179.574	207.743	301.687
260.046	175.233	225.687	298.072
271.493	167.434	225.945	295.417
287.641	168.047	212.134	291.330
284.613	167.110	209.942	292.894
277.216	171.002	205.017	294.367
266.375	184.307	198.717	284.749
246.038	199.635	201.246	269.273
218.988	198.216	168.848	269.645
199.393	204.925	165.392	269.632
185.433	211.662	159.358	265.280
180.390	224.686	149.583	255.909
176.504	222.614	147.238	261.164
184.754	235.373	150.256	259.454
191.479	244.957	151.778	255.917
199.411	250.125	154.877	257.368
209.199	260.064	158.018	261.984
217.581	266.043	162.019	265.712
239.784	286.188	158.405	263.536
249.020	309.836	160.715	242.534
260.071	310.075	157.824	246.297
270.899	315.621	157.232	242.449
278.448	316.908	158.320	242.848
285.994	318.761	163.049	241.956
286.867	318.057	167.465	244.203
289.254	321.410	168.673	245.590
290.198	325.915	169.365	244.624
292.434	329.587	169.103	242.945
294.189	334.341	161.289	240.080
293.646	336.563	161.372	237.202
294.536	338.394	160.388	234.815
294.046	341.711	161.945	230.765
291.993	346.490	163.153	226.192
294.163	354.899	159.158	216.823
292.743	359.606	156.911	213.333
292.831	365.068	156.633	208.139
294.676	372.771	154.414	199.989
295.880	377.949	148.587	194.360
299.837	391.761	138.960	179.742
300.226	399.562	137.100	171.410
301.348	406.374	134.486	166.047
301.288	410.365	133.737	161.934
301.499	415.423	133.694	156.942
304.940	423.759	130.392	149.065
307.419	428.620	128.888	144.126
309.413	435.204	127.263	139.439
311.994	440.528	127.062	134.607
313.774	444.450	127.207	130.521
318.513	448.852	126.507	126.811
318.621	449.641	125.960	126.116
317.822	450.562	126.730	125.111
315.043	455.856	132.276	117.739
315.304	456.395	130.112	117.223
315.880	456.455	128.548	117.342
316.227	456.500	130.172	117.234
317.194	454.547	129.839	119.093
318.137	452.247	130.329	121.379
318.079	447.957	132.562	127.289
316.668	443.638	133.757	129.553
314.978	441.657	136.583	133.819
313.277	438.058	138.446	135.447
311.876	435.120	137.557	140.053
315.543	428.153	128.564	147.847
310.473	426.861	128.562	148.339
307.046	423.439	128.918	151.091
304.655	421.272	128.020	152.728
302.738	418.863	127.776	153.658
300.824	417.526	127.357	155.183
294.681	416.165	130.567	156.902
291.870	411.097	133.254	162.617
289.166	406.599	136.293	167.269
286.286	404.262	139.634	169.208
283.667	402.896	139.551	170.305
273.544	396.995	140.702	175.961
263.859	392.291	142.934	180.543
253.927	390.584	143.680	182.056
247.823	387.345	140.094	185.021
239.914	385.219	140.227	186.293
228.022	375.921	129.637	187.075
224.771	370.503	127.772	185.781
221.897	361.852	125.952	188.491
219.012	351.944	125.889	192.664
217.242	342.903	126.332	194.958
221.279	324.658	129.249	197.124
226.421	312.855	126.884	202.321
231.342	304.239	129.925	202.652
238.208	298.292	122.632	198.388
247.848	289.018	114.548	200.858
263.795	274.455	130.456	219.513
273.671	271.315	131.597	232.444
283.228	266.395	126.529	235.446
293.315	262.452	119.225	238.336
294.832	258.289	124.032	237.735
304.840	249.140	143.130	211.859
302.983	245.523	142.628	203.987
304.564	241.477	137.348	204.020
307.508	232.217	144.224	203.645
306.590	227.142	144.717	198.109
302.375	214.427	142.659	194.834
302.616	208.341	142.447	197.362
297.964	201.395	146.679	196.669
293.191	192.757	147.640	198.193
287.364	187.811	144.394	198.177
275.202	177.711	146.338	190.733
273.104	176.986	144.204	189.503
268.938	176.703	144.156	187.010
265.847	176.440	143.323	187.798
264.265	179.195	140.971	189.638
257.977	193.111	137.794	190.825
254.647	202.246	137.047	191.550
254.390	212.619	136.395	191.449
254.712	220.866	135.989	189.659
255.253	229.600	135.260	188.904
255.254	242.393	130.408	188.484
256.013	248.890	128.267	187.149
257.848	256.240	125.844	185.196
258.386	263.796	119.255	182.437
259.209	269.477	114.556	179.378
260.135	278.685	114.499	179.092
262.434	285.934	115.369	179.160
264.703	293.121	118.534	180.914
266.387	300.895	117.367	181.265
267.579	309.329	117.375	180.899
269.104	316.213	117.449	182.354
269.526	331.505	117.365	184.167
268.851	339.533	117.387	182.607
266.543	348.864	117.726	180.611
262.767	356.227	118.295	180.040
258.447	364.480	119.316	177.575
248.988	373.774	119.414	175.773
243.331	375.326	120.950	174.806
241.149	374.465	119.416	175.438
239.313	372.285	117.035	176.895
236.320	365.919	116.372	179.663
232.275	346.503	119.556	187.044
231.305	337.376	124.127	191.094
232.954	326.249	125.594	190.582
237.866	313.810	122.449	192.284
239.464	302.152	123.771	192.934
244.764	277.724	123.779	194.914
247.987	267.083	123.630	188.612
249.625	255.044	117.561	189.966
248.787	244.124	114.819	186.670
251.090	234.484	116.067	183.584
254.330	213.801	116.105	185.087
255.306	211.638	121.562	181.764
258.071	206.124	124.216	180.089
260.706	201.462	126.731	179.597
264.013	199.896	125.284	178.206
266.005	200.085	124.939	178.273
266.311	203.130	125.445	178.585
265.677	207.248	130.007	178.336
266.239	211.592	130.987	180.411
268.470	217.540	128.956	179.808
274.167	227.527	122.320	181.592
277.964	233.993	116.914	178.729
283.038	238.008	110.179	177.067
288.431	241.535	104.530	176.338
293.340	245.132	101.425	172.992
299.447	251.875	100.108	171.046
298.933	256.682	103.984	165.964
299.530	259.510	104.176	165.068
298.710	260.323	105.398	164.580
299.084	260.719	103.914	163.881
298.504	259.630	102.610	165.557
293.774	260.509	103.453	165.172
287.927	260.786	104.720	165.697
280.588	261.992	107.581	166.531
272.386	262.576	113.054	167.334
257.003	264.454	113.447	168.342
249.369	267.252	112.655	166.717
239.450	270.434	113.151	166.632
229.693	273.123	113.383	165.577
223.120	276.218	104.508	163.301
209.175	279.674	97.445	158.987
203.392	280.107	95.863	157.921
201.280	281.935	92.204	155.107
201.121	280.713	90.068	155.469
199.700	280.080	90.086	154.366
206.834	279.559	89.752	151.933
213.500	274.002	90.746	156.012
220.652	271.913	93.291	156.237
230.347	268.457	94.761	158.974
239.956	265.150	97.955	160.030
262.834	262.117	102.127	158.334
273.766	258.990	105.794	161.406
284.832	255.489	107.277	164.552
295.247	250.450	109.524	166.290
303.217	245.839	110.578	165.582
316.510	239.183	105.832	161.416
323.678	235.901	100.662	159.363
326.677	231.628	98.879	159.415
328.699	228.613	96.933	159.251
328.793	226.586	95.695	157.776
328.056	218.863	90.285	155.091
327.942	217.132	91.255	156.492
327.346	212.865	90.456	152.391
326.498	210.494	87.574	154.337
327.657	208.510	88.321	151.236
328.377	204.316	85.154	148.354
331.918	206.245	83.147	148.146
333.751	207.729	80.281	149.361
334.618	210.996	84.230	153.381
