334.000	257.000	80.000	146.000
333.357	259.587	82.471	141.749
334.127	259.494	82.833	142.003
334.241	259.202	82.666	143.106
334.604	258.930	81.073	143.541
334.932	258.466	80.567	144.317
334.826	259.396	80.402	143.523
334.620	260.103	81.271	143.700
334.778	259.855	81.200	144.180
335.141	260.101	81.429	144.002
335.620	260.298	82.336	143.533
335.566	261.442	83.694	142.164
335.755	263.925	88.487	139.170
336.160	261.282	95.102	140.395
336.909	262.066	104.734	135.914
342.831	259.770	121.950	126.678
357.054	254.583	131.496	120.485
375.015	250.567	131.847	114.901
383.599	245.377	152.228	103.586
405.227	242.649	145.757	105.798
427.863	238.556	132.223	116.315
443.234	238.754	127.084	128.494
449.037	239.037	146.830	137.622
446.365	236.312	163.214	141.597
442.038	233.996	174.069	140.098
442.167	232.942	178.184	140.750
437.208	229.058	184.363	145.760
426.756	238.941	183.483	133.637
415.695	235.288	186.370	141.957
392.472	245.772	177.627	126.192
385.177	260.068	166.836	113.366
374.743	248.227	165.924	124.607
362.798	252.971	177.238	118.711
361.549	251.533	165.449	117.422
358.960	251.295	135.287	119.911
355.480	243.801	107.822	129.870
350.495	257.820	97.786	119.458
332.242	256.844	106.326	118.627
316.620	258.017	108.547	119.696
278.341	260.403	127.381	126.130
249.812	262.182	149.179	123.815
237.926	263.187	160.717	131.875
234.273	265.047	161.978	133.567
234.215	263.624	159.997	135.695
237.335	259.320	158.129	139.850
246.699	269.317	149.427	123.469
269.065	276.756	129.957	105.839
284.650	282.813	124.352	99.614
288.335	281.537	128.111	99.301
296.158	282.962	120.825	93.603
298.925	282.133	111.598	94.370
299.016	281.259	110.642	88.597
297.603	278.504	112.233	87.112
298.595	274.985	109.206	90.078
295.285	272.985	113.115	91.199
291.969	270.981	116.131	94.919
288.565	266.337	113.671	106.001
281.807	263.182	116.575	115.693
274.525	259.085	128.724	121.861
266.493	254.970	137.471	129.350
260.394	250.977	147.849	132.101
262.140	247.480	153.306	134.036
265.396	240.502	156.552	138.703
276.593	234.688	150.109	136.549
287.018	228.414	147.885	140.527
310.433	222.306	136.940	144.434
337.286	219.711	125.649	132.818
355.390	220.589	115.679	131.427
365.565	222.832	109.529	125.507
373.016	230.985	102.070	118.620
378.693	245.784	104.736	107.680
369.135	256.847	108.638	111.346
355.732	257.187	117.397	118.633
341.016	260.494	129.902	118.503
332.728	260.475	131.290	120.273
327.953	261.386	121.102	119.417
327.822	260.544	90.201	119.710
335.460	258.271	79.883	119.644
339.879	255.045	74.696	122.095
333.535	254.243	89.532	118.829
329.693	252.978	105.942	121.493
331.628	254.710	112.355	113.113
330.982	258.065	116.421	95.727
324.442	265.624	114.506	94.022
321.707	262.144	114.221	109.458
322.138	259.612	108.715	108.436
313.673	250.499	141.413	113.061
346.006	256.153	115.598	120.724
341.403	228.003	122.846	134.096
507.913	219.814	100.072	121.794
502.237	239.109	105.464	104.909
497.102	205.602	108.656	138.843
497.313	226.901	116.245	124.098
489.774	255.524	132.975	94.986
481.454	262.533	133.766	88.301
455.531	261.365	154.265	87.744
410.415	264.218	153.203	78.203
372.918	263.615	116.632	79.830
329.267	258.512	145.978	72.329
300.384	257.009	137.769	71.762
277.615	257.925	127.108	66.849
250.632	255.545	138.911	68.339
225.321	250.877	136.140	74.276
208.339	247.869	135.050	80.074
201.570	248.247	135.701	80.648
207.512	247.979	131.981	80.178
203.064	250.148	136.733	80.220
231.751	245.464	123.805	79.303
233.850	237.203	139.055	85.540
244.144	240.144	135.087	82.174
256.795	246.967	121.050	78.730
266.955	248.107	112.957	85.754
275.659	248.051	104.083	98.822
279.410	251.354	102.520	104.535
279.956	255.335	101.842	112.330
287.876	263.376	94.413	111.795
292.610	276.791	91.193	100.845
294.113	275.204	95.026	101.888
294.730	276.621	112.757	99.554
303.722	271.166	131.652	101.745
316.042	273.196	156.139	89.108
334.136	266.576	187.142	73.282
392.184	261.640	152.729	64.941
415.716	256.255	119.373	82.824
448.921	251.710	138.787	72.786
489.420	252.071	137.722	67.120
507.675	260.506	147.336	63.787
514.876	256.583	143.853	72.531
523.578	257.688	129.933	83.093
518.259	255.237	123.585	86.273
509.742	254.483	107.530	93.386
488.239	263.563	121.784	81.770
489.101	261.678	112.537	86.981
345.947	211.318	94.502	114.910
336.121	194.365	113.426	101.135
326.643	192.432	137.660	131.134
351.954	265.987	91.641	94.082
343.386	261.247	97.697	80.922
317.309	254.825	110.774	82.908
292.257	254.654	122.782	81.030
274.501	255.090	128.941	75.628
258.691	258.891	133.476	64.659
253.430	259.385	125.610	63.675
256.908	261.980	111.658	64.280
257.763	260.736	109.923	71.414
263.929	261.773	104.429	77.709
268.005	265.748	110.398	81.894
301.699	259.349	98.632	94.874
327.794	264.252	89.009	91.392
342.197	262.361	90.277	93.916
358.409	267.996	86.418	89.160
399.485	263.634	80.279	94.887
426.499	258.144	73.809	102.472
439.108	253.842	82.003	104.681
430.583	232.445	150.310	130.967
460.465	236.386	124.179	107.736
462.140	245.572	136.302	92.931
472.468	238.956	142.383	99.307
476.237	236.373	139.879	103.356
476.540	238.198	140.022	100.370
478.700	235.973	133.266	100.286
478.854	239.935	126.526	91.846
476.012	244.760	118.341	89.330
477.462	245.947	119.523	93.299
473.587	247.745	116.351	89.940
471.265	248.936	119.004	93.864
469.850	250.079	119.551	94.324
473.496	248.859	115.096	97.461
469.886	246.761	117.543	97.278
468.402	250.239	118.175	92.321
467.643	242.988	117.230	97.000
476.288	210.682	113.365	116.987
484.058	190.647	108.216	122.490
474.529	174.396	120.267	129.930
475.750	168.092	120.724	122.919
473.724	157.796	124.215	108.972
470.206	131.368	123.302	120.664
454.379	131.786	135.021	107.793
467.689	129.271	121.388	95.979
454.979	119.585	112.408	106.585
442.784	117.971	119.990	104.922
434.228	117.223	127.232	110.615
427.064	127.416	135.981	105.069
421.436	134.358	142.297	100.399
420.574	143.312	134.936	100.955
436.793	147.494	99.910	111.095
418.264	200.709	110.598	80.092
422.982	225.886	103.584	68.669
427.167	235.362	95.282	81.559
428.465	243.861	95.031	82.917
440.229	251.178	84.351	78.437
439.467	251.251	85.956	78.668
417.166	236.848	92.781	83.379
408.207	219.449	96.046	87.699
403.063	200.747	103.526	80.927
409.506	177.251	106.472	82.079
418.731	180.397	100.101	106.126
380.724	105.718	144.526	224.359
299.322	393.219	380.923	178.621
393.276	89.630	112.402	134.458
393.376	85.488	109.278	116.771
394.187	80.773	107.613	119.326
380.066	133.357	108.897	81.044
386.522	123.254	85.207	89.361
384.835	79.241	121.888	124.072
397.275	90.469	106.232	112.154
398.918	94.697	102.892	96.800
402.667	127.686	109.275	87.693
404.247	128.779	130.759	93.789
408.967	126.055	126.211	95.865
413.228	128.878	126.351	102.646
423.719	132.236	117.017	109.356
436.469	149.313	83.177	103.136
436.259	169.988	77.431	100.747
446.547	195.325	65.637	93.875
447.468	208.756	57.920	104.776
447.108	220.863	57.293	104.329
443.349	232.684	65.260	101.310
440.772	236.371	69.147	103.300
439.016	234.136	71.150	106.828
433.874	233.861	77.544	101.792
432.794	227.688	81.196	109.070
435.481	207.194	78.248	122.534
428.894	190.150	81.463	112.524
426.475	163.832	85.597	115.933
423.632	153.106	79.212	104.551
431.382	145.479	71.954	110.037
429.671	118.817	72.279	134.555
431.519	104.492	74.980	132.304
431.323	106.544	74.687	127.591
434.917	108.623	70.175	122.712
432.289	110.760	75.683	108.802
432.472	114.705	76.638	111.082
429.144	117.984	85.310	119.059
425.912	125.697	87.884	121.343
423.694	140.106	95.983	107.532
426.914	154.813	91.156	118.631
446.008	178.816	82.268	113.480
455.870	183.434	91.450	132.390
457.360	204.958	88.358	113.292
461.834	212.718	79.731	109.362
456.351	212.981	85.430	107.508
438.023	256.426	96.063	88.960
424.497	262.931	95.204	82.057
403.888	151.013	121.438	213.779
404.464	233.344	120.570	151.553
363.447	139.612	174.105	258.922
380.980	235.645	141.898	147.418
346.079	128.083	181.057	254.323
276.190	53.379	286.792	392.230
287.216	385.076	290.465	139.895
273.718	154.289	255.768	315.852
326.102	435.377	269.768	140.623
242.294	393.974	409.712	173.129
233.472	0.000	324.084	517.161
367.894	413.323	365.160	161.314
193.143	81.907	306.913	435.525
273.245	234.807	102.179	112.169
266.819	238.302	80.071	96.421
263.930	239.418	77.784	91.474
259.224	239.039	75.828	91.181
252.766	237.725	77.463	89.996
252.948	236.714	79.688	88.714
250.363	236.520	79.973	89.207
249.938	237.204	79.493	87.930
250.048	234.464	79.404	89.886
250.121	236.924	86.213	87.074
250.219	237.322	83.007	88.221
252.486	237.961	82.903	88.791
253.779	236.854	79.984	90.977
257.520	236.444	77.601	91.445
258.958	237.888	79.446	92.243
266.874	240.159	86.156	90.427
283.426	238.414	92.489	96.079
279.727	236.824	103.916	98.275
266.791	229.388	107.146	103.039
284.329	233.509	109.157	96.912
297.140	237.143	110.733	92.299
304.359	236.577	111.674	92.433
184.646	19.149	200.771	181.342
359.242	239.854	77.808	87.585
364.953	236.047	76.626	85.797
369.065	244.427	83.827	82.044
369.192	234.919	85.476	89.475
373.274	234.468	82.231	86.593
371.468	234.912	84.966	83.238
341.827	227.923	93.218	98.323
377.718	239.623	76.261	109.731
338.398	226.315	103.687	197.299
358.319	236.659	93.445	181.669
361.728	267.252	85.796	170.013
364.711	254.547	90.458	176.940
374.036	262.796	98.831	163.642
389.941	250.632	94.123	166.855
410.530	248.452	106.576	92.976
423.897	252.157	96.945	86.102
429.590	254.113	85.890	80.648
434.154	253.897	77.103	86.523
428.847	242.030	76.680	97.731
424.726	233.564	72.534	106.273
427.416	220.523	68.369	110.853
429.641	211.944	62.558	105.474
432.523	195.900	57.960	94.529
434.466	182.972	57.783	95.280
433.282	165.436	56.162	99.208
430.388	151.607	58.561	103.687
429.271	138.776	59.485	110.072
427.870	127.679	61.489	115.553
428.928	125.065	64.237	119.194
427.409	121.961	71.108	123.764
389.858	111.144	137.821	206.178
337.770	353.066	357.040	197.422
171.791	362.490	385.393	199.751
300.831	576.000	297.869	0.000
312.253	399.500	380.037	176.500
399.078	113.281	141.317	322.614
265.254	61.610	41.937	99.973
436.614	222.569	68.485	109.766
417.803	256.493	83.732	101.008
388.501	247.628	106.305	178.471
335.201	292.217	216.524	235.990
316.929	419.922	372.472	156.078
399.834	256.535	81.683	111.023
397.244	259.041	66.346	97.427
390.473	261.009	63.228	91.589
389.176	257.232	62.777	92.853
383.473	271.298	60.482	80.324
384.137	244.648	63.402	103.925
368.088	222.542	87.412	98.797
329.972	169.473	151.983	154.251
350.681	282.339	55.420	102.224
383.311	174.891	76.055	108.813
749.559	300.324	41.537	152.866
784.805	373.962	76.124	132.501
801.336	370.170	60.920	136.167
805.478	377.743	60.669	126.185
804.450	384.415	59.229	118.313
805.130	381.512	57.458	120.512
807.620	383.838	56.090	118.290
807.944	381.542	54.527	119.735
805.531	379.426	56.562	123.207
803.889	377.722	58.923	126.484
804.855	379.692	59.557	124.420
805.449	380.334	59.094	122.447
807.029	384.809	55.829	118.848
808.787	379.971	54.139	122.563
805.603	383.655	57.926	119.798
805.405	380.873	57.020	122.531
807.063	384.034	56.337	117.606
807.287	384.607	54.437	116.554
810.154	380.229	52.674	116.336
810.158	383.960	52.064	115.286
810.811	381.283	50.877	119.542
809.933	383.637	51.632	116.781
810.053	385.692	52.029	115.275
810.134	383.986	52.596	116.251
812.535	382.140	51.440	112.050
809.076	386.314	52.980	106.897
811.339	383.817	50.659	112.430
809.330	383.622	52.934	115.048
807.839	385.830	53.570	112.321
809.294	383.812	53.027	115.532
808.234	384.985	55.151	111.648
807.774	384.899	55.404	111.988
807.709	386.160	55.898	111.667
808.992	385.978	54.785	112.216
809.712	386.302	52.673	110.844
811.030	389.068	50.090	106.821
809.221	389.550	52.261	107.009
811.515	384.961	51.619	110.320
811.008	388.030	51.612	106.260
813.141	388.163	48.748	105.512
813.753	387.141	47.025	106.562
814.111	389.121	46.468	105.326
806.660	385.898	51.995	108.857
807.051	384.357	52.572	111.853
807.700	383.462	53.975	113.912
809.353	386.716	51.749	108.507
802.985	392.124	56.597	99.784
811.472	387.706	46.577	106.813
809.973	388.770	48.833	103.867
810.282	388.116	49.895	104.611
810.006	390.304	50.185	101.177
797.363	386.011	60.973	106.817
801.567	384.870	60.639	109.612
802.718	380.764	61.482	112.796
774.595	369.199	82.749	87.163
792.950	383.904	67.360	112.331
802.988	382.403	61.380	113.422
800.168	380.345	63.819	113.263
770.322	375.668	91.733	95.577
798.051	380.292	63.143	113.580
781.024	370.527	102.748	131.594
804.445	386.258	62.223	109.726
805.522	386.107	58.844	109.608
804.791	386.603	58.604	108.975
806.083	385.494	54.399	110.193
803.969	384.117	55.441	111.594
804.596	386.376	56.221	108.632
805.539	387.348	54.692	108.621
805.145	384.204	54.590	113.019
806.815	387.587	54.848	108.932
806.161	387.505	55.094	109.657
805.293	383.421	55.974	114.204
807.044	385.522	57.164	110.169
807.053	388.407	57.313	108.268
804.949	386.049	57.516	111.931
798.887	381.167	62.595	114.011
729.228	535.447	115.430	35.784
741.354	525.291	121.868	50.709
790.644	373.456	74.916	122.333
791.385	382.293	75.474	115.131
798.817	381.661	71.582	115.980
797.960	378.413	68.762	115.360
805.182	385.051	64.947	111.196
811.246	391.674	54.633	102.253
805.954	391.079	58.026	106.381
807.170	385.307	55.977	110.762
806.347	388.216	56.369	108.148
806.771	388.095	55.402	107.440
808.346	389.801	53.028	106.103
808.502	389.277	53.047	107.207
808.820	388.527	55.183	109.023
808.582	390.104	56.043	106.870
809.203	391.840	54.061	102.827
811.365	393.998	51.191	99.770
811.780	392.230	48.217	102.562
811.266	389.572	48.023	105.601
808.647	388.665	50.351	105.761
808.635	386.703	51.447	107.619
809.727	387.777	51.998	106.434
810.486	389.024	50.811	105.813
810.533	390.631	50.373	103.165
810.604	392.036	49.517	102.342
811.130	390.079	48.124	104.188
811.727	390.141	47.877	103.791
811.302	387.980	48.120	105.997
811.991	389.744	47.353	102.652
812.549	388.972	47.643	103.108
813.111	389.672	46.928	105.272
531.849	202.169	73.008	170.328
530.957	194.369	70.622	158.115
811.404	395.046	50.531	99.121
812.116	391.905	48.737	104.267
812.556	394.923	49.174	100.233
808.826	392.416	52.483	104.563
811.855	391.580	51.411	104.662
813.475	395.676	50.059	98.326
814.646	394.569	48.194	101.035
814.059	395.645	48.529	99.214
813.243	394.605	49.403	100.641
811.673	393.564	48.264	101.709
811.822	392.155	46.989	102.695
812.660	391.855	46.785	102.229
813.032	391.813	46.121	102.511
813.405	393.414	44.765	103.059
813.237	391.811	44.184	105.187
814.645	394.613	43.506	100.953
810.871	395.864	49.021	98.624
811.617	395.933	46.813	98.851
814.562	394.391	43.994	99.969
808.906	394.959	50.961	99.391
814.157	395.265	44.639	101.952
808.745	391.174	52.801	105.905
812.267	391.783	50.406	102.659
813.424	394.223	46.172	99.058
814.791	395.201	44.824	101.649
812.922	393.236	48.673	103.797
813.434	396.689	48.593	98.001
815.240	395.557	45.902	102.912
813.627	397.579	47.123	100.807
813.051	394.596	47.002	102.264
814.863	394.855	44.372	103.419
813.389	393.992	45.903	104.165
811.440	396.086	48.555	101.611
812.935	394.885	47.228	101.508
814.548	395.410	45.272	103.341
808.252	394.408	52.581	105.414
808.136	388.251	52.908	107.442
809.875	391.426	51.181	103.847
813.459	395.385	46.520	99.258
811.746	396.326	47.723	98.573
810.475	393.977	48.476	102.544
814.972	396.043	44.551	99.758
815.237	397.226	44.566	99.755
814.155	396.777	45.885	99.376
814.427	394.806	45.919	102.665
816.071	396.632	44.051	100.439
815.776	398.981	45.310	97.126
815.576	397.597	45.509	100.941
815.506	398.109	46.031	99.866
815.442	399.114	45.616	98.584
814.619	400.081	47.278	96.096
815.139	400.149	44.956	95.245
811.323	398.635	47.419	97.884
810.615	397.520	48.356	100.550
811.271	394.429	48.737	102.305
810.646	396.083	48.926	100.999
810.856	395.363	47.985	103.523
808.564	393.771	51.594	103.675
811.499	393.956	50.383	102.079
810.969	397.791	49.727	97.838
809.449	394.560	50.243	102.560
808.108	394.367	51.935	101.105
811.217	392.534	47.574	100.936
737.237	543.494	116.161	31.342
814.100	393.193	45.021	102.409
811.622	395.291	47.238	102.285
808.719	393.637	50.899	104.625
801.203	387.817	60.103	108.785
804.627	388.252	56.993	107.332
809.739	387.653	53.323	107.580
812.488	391.109	52.269	102.604
806.983	394.642	54.415	99.519
806.272	383.461	54.640	111.364
803.777	382.660	58.433	111.162
797.958	382.382	65.040	110.515
814.852	395.725	49.606	97.999
814.713	398.443	55.837	100.281
810.649	396.818	51.627	98.383
810.991	392.186	50.734	104.702
813.599	391.156	49.258	103.893
804.349	385.260	57.815	110.175
806.335	388.387	59.438	106.828
503.343	175.436	75.106	207.588
490.511	201.211	72.153	230.330
794.466	386.883	72.201	116.394
777.678	375.723	89.884	124.093
393.063	90.308	118.627	128.812
798.509	381.950	70.682	119.221
800.847	382.734	67.251	112.954
792.872	378.489	76.822	116.964
773.806	377.417	90.917	99.903
784.777	375.585	87.015	119.727
439.812	238.383	101.611	198.560
438.139	146.671	148.486	213.039
808.045	381.204	63.268	113.582
432.903	256.435	93.501	204.499
798.489	381.863	72.032	114.202
805.828	388.090	63.218	110.384
792.565	387.170	71.424	110.763
799.247	392.494	64.075	109.500
802.359	392.101	58.878	108.169
803.952	391.660	56.336	110.187
804.675	391.208	56.657	110.578
797.945	388.400	60.467	111.383
802.411	390.619	59.965	110.305
803.591	389.458	55.129	107.631
807.174	391.312	51.274	106.137
807.628	389.411	51.675	107.396
808.882	390.653	51.206	105.515
812.791	393.092	47.323	101.200
804.366	388.705	56.750	109.386
804.946	385.380	55.507	108.743
800.769	384.724	59.636	110.435
798.505	382.822	59.590	110.040
804.027	385.517	56.757	107.788
804.272	383.218	54.933	109.374
806.809	387.964	51.889	102.595
810.504	385.578	48.877	105.408
811.687	387.354	45.726	102.032
813.529	389.203	42.770	102.188
813.068	390.554	43.795	102.103
811.987	388.836	44.810	102.059
812.146	386.528	43.605	106.522
811.680	385.737	45.769	107.377
812.624	388.263	43.998	104.930
811.993	386.249	44.073	107.778
811.546	386.413	45.517	108.703
810.588	387.614	45.163	103.588
762.312	371.323	80.530	83.184
809.153	390.624	47.574	101.338
810.523	387.800	45.689	107.998
802.506	384.603	52.692	108.225
808.510	386.992	50.067	109.169
806.213	390.803	52.264	102.447
803.782	387.691	52.154	106.459
809.179	386.454	49.813	110.739
808.660	390.994	49.145	104.432
806.874	389.936	49.826	104.439
808.301	387.741	48.064	110.396
807.808	387.743	50.576	109.037
805.581	391.493	52.342	103.028
803.452	388.491	54.382	107.174
803.333	386.911	55.514	110.409
780.355	380.300	72.675	113.909
755.725	369.668	92.789	93.091
806.000	389.340	53.611	106.845
808.238	392.986	50.292	102.884
807.424	389.484	48.885	105.815
805.830	390.281	49.574	103.764
805.683	386.713	49.565	107.318
809.098	392.099	47.734	102.342
811.011	391.836	44.905	104.953
806.473	388.112	49.872	109.209
808.729	393.699	49.331	102.087
809.213	392.527	47.192	103.753
808.468	390.341	47.510	106.122
808.612	389.573	46.391	105.378
809.072	389.251	46.928	108.232
809.222	389.698	49.614	107.250
810.555	393.665	48.176	103.467
809.239	393.260	48.778	105.530
808.491	392.016	50.084	104.626
809.767	393.179	48.281	103.306
808.317	389.847	47.706	108.032
809.476	392.770	50.213	105.282
809.292	394.819	48.469	101.600
758.787	375.221	83.903	72.581
746.239	545.168	107.381	22.671
803.400	387.742	56.739	113.420
802.172	388.070	55.495	108.337
806.136	389.184	51.061	109.063
809.438	394.300	49.694	102.357
809.112	394.367	48.804	101.974
808.078	390.194	48.592	108.285
807.752	391.584	51.614	105.545
807.196	393.468	52.524	103.289
806.469	390.886	52.144	107.651
807.582	393.216	51.176	104.306
802.973	390.646	54.077	107.080
804.482	384.367	52.572	110.997
803.381	390.625	53.891	104.276
806.986	390.703	49.472	105.655
808.573	390.417	49.280	104.029
809.894	394.213	46.466	100.068
808.092	394.000	48.311	101.920
810.042	389.142	46.673	105.990
809.405	390.529	47.126	104.756
807.923	388.113	48.920	110.659
807.702	394.363	51.781	100.967
806.554	391.386	51.548	104.913
807.574	392.537	50.838	103.193
805.422	388.530	52.063	108.377
808.860	389.505	50.229	106.470
811.889	396.738	46.321	97.999
761.959	354.882	103.104	142.423
322.104	107.297	60.913	272.900
763.625	377.092	92.680	122.669
789.879	378.910	71.586	117.274
802.818	381.443	63.428	113.592
809.324	387.401	55.760	103.901
813.355	382.825	48.999	107.207
810.295	379.097	50.542	106.895
810.836	380.794	49.474	103.807
759.576	364.922	85.207	73.061
804.739	374.746	61.196	113.354
809.605	381.543	51.817	102.503
811.706	384.374	47.258	99.081
810.644	385.985	50.158	99.023
812.922	383.047	45.940	102.068
808.575	382.832	50.252	102.572
762.460	362.785	80.023	72.583
804.294	371.921	57.039	111.742
810.081	374.118	52.286	107.836
811.062	379.974	49.538	99.928
812.660	380.274	46.589	97.428
765.360	359.810	79.085	60.212
815.387	377.433	45.580	96.460
810.868	379.713	49.323	91.492
767.960	356.541	75.489	65.440
812.405	374.389	50.585	96.690
814.041	375.302	46.570	89.805
816.099	374.327	42.696	89.095
818.654	376.675	41.111	83.048
762.301	509.188	91.981	32.830
817.803	368.576	43.609	91.258
814.383	365.590	47.526	90.178
761.176	342.931	79.192	61.852
757.733	510.368	90.720	35.612
764.301	338.113	77.998	55.728
754.853	501.121	104.871	28.664
762.788	329.208	122.804	125.392
810.097	360.149	63.650	94.239
760.022	330.175	127.849	123.145
751.896	328.265	105.042	89.739
759.031	319.600	108.311	77.019
442.467	210.656	51.325	175.769
755.249	318.578	98.999	71.593
759.543	325.234	95.924	66.544
579.235	375.959	126.057	103.206
559.016	378.977	126.539	96.234
545.404	372.865	135.772	99.965
824.784	517.882	102.538	31.055
753.735	320.262	110.494	64.614
748.292	318.777	109.741	66.133
758.465	314.548	98.955	62.965
761.472	318.032	97.497	75.149
755.411	313.772	104.204	92.203
757.754	307.915	108.600	86.351
750.405	317.017	105.699	88.881
765.094	306.324	99.466	89.460
757.880	319.431	95.088	100.754
765.610	315.396	81.969	85.447
759.078	307.205	99.922	76.420
775.947	316.519	84.909	101.489
802.031	319.336	64.930	104.590
806.410	320.202	60.068	102.232
787.494	320.905	69.407	96.712
761.179	304.273	91.682	77.949
748.826	303.373	105.054	74.860
753.836	302.613	103.529	69.005
758.644	306.992	100.418	87.021
814.977	327.329	49.694	90.681
751.960	311.321	110.953	117.532
739.816	161.942	105.833	145.257
804.333	319.299	62.235	103.861
808.292	324.266	57.304	97.118
808.016	325.017	55.746	92.595
755.987	307.444	82.335	69.408
759.779	465.870	111.664	57.667
805.991	320.682	56.513	98.393
808.831	321.176	52.831	95.553
765.869	471.547	108.751	45.634
769.412	470.598	106.674	42.526
769.407	464.891	100.815	43.385
766.503	470.250	109.215	41.911
767.948	464.702	103.173	43.507
809.644	321.613	51.488	86.358
738.817	300.986	133.082	120.227
812.291	318.923	48.811	83.157
808.667	317.251	50.812	83.659
699.149	280.575	152.602	129.847
335.295	135.138	200.330	246.925
793.134	296.985	69.562	109.246
794.971	302.022	64.571	94.483
798.831	303.742	61.761	97.252
800.201	302.203	62.271	96.123
779.660	453.395	101.249	56.339
758.579	300.611	115.944	144.814
470.271	199.173	39.136	183.544
777.926	297.092	79.081	98.799
754.277	285.556	97.061	91.414
761.293	278.985	122.630	131.780
786.730	296.315	74.650	96.047
752.708	281.571	96.946	98.012
755.597	280.536	102.729	96.553
749.589	286.375	102.298	100.340
749.179	284.974	97.801	96.647
754.272	278.692	101.397	92.288
731.397	276.912	116.059	77.359
789.048	290.761	69.513	96.487
752.565	274.922	101.400	101.355
759.265	279.304	95.948	104.063
784.498	286.279	77.639	100.566
770.002	284.514	86.574	97.577
738.773	271.560	100.563	96.087
784.435	285.982	72.743	96.250
752.268	276.765	88.474	88.298
792.938	289.273	61.733	87.863
757.569	266.199	120.890	122.561
755.547	263.726	116.006	127.187
771.660	284.037	81.141	94.894
796.794	283.743	67.585	95.798
857.535	456.453	89.065	38.629
862.103	453.868	86.633	38.193
751.997	272.014	77.350	83.694
796.168	287.965	64.061	90.554
794.264	287.240	65.237	91.548
851.192	462.333	85.907	27.615
784.180	282.933	68.593	93.836
742.683	270.223	96.594	84.217
757.185	273.141	89.868	96.874
745.113	272.414	98.299	94.379
767.067	271.600	84.324	106.012
710.903	129.563	97.511	105.330
728.166	254.731	126.474	130.303
733.364	250.638	130.585	136.550
729.969	267.534	125.878	128.206
724.877	261.160	136.391	133.549
798.393	285.114	65.092	96.960
867.319	459.063	86.281	36.902
731.683	267.106	118.056	135.042
734.109	272.523	118.451	130.463
792.197	289.804	70.300	96.095
753.383	283.152	88.189	85.544
739.101	269.127	103.729	75.454
739.317	274.071	101.057	84.848
756.220	288.844	95.143	98.408
415.928	271.960	72.486	146.219
378.072	185.414	70.520	204.587
730.384	277.858	109.979	72.795
418.687	199.200	44.444	228.084
713.230	270.758	111.497	90.173
383.465	197.294	93.187	192.937
384.134	217.477	89.946	197.173
738.807	438.896	125.757	82.279
743.827	298.598	98.780	80.457
743.711	295.661	89.021	80.650
750.395	305.711	85.424	83.509
744.727	305.596	85.363	89.913
436.397	193.379	65.167	223.834
746.337	295.110	86.113	107.555
744.705	292.882	81.225	114.943
399.184	165.877	96.636	258.940
421.864	141.759	173.166	162.646
785.999	364.123	79.962	123.934
791.229	369.078	68.699	118.254
745.401	519.577	117.480	50.202
800.101	377.590	62.119	113.225
807.626	386.802	50.310	103.832
808.500	393.337	52.273	106.168
805.236	395.695	54.147	107.811
802.809	394.387	55.074	112.745
806.161	394.948	52.629	113.229
795.893	396.761	59.623	114.655
798.928	392.766	56.267	117.323
801.122	398.754	52.518	118.922
802.773	401.369	51.629	117.819
800.370	406.325	55.278	123.915
795.309	415.921	60.074	115.598
800.728	419.854	53.842	114.179
744.644	392.940	89.586	74.520
799.065	415.596	55.700	119.747
790.836	410.758	63.393	119.800
798.590	398.689	56.124	114.432
800.528	397.840	57.183	105.800
799.791	384.997	54.743	104.576
801.351	372.095	53.496	104.525
801.767	368.075	49.342	99.459
808.783	372.906	41.637	87.787
779.715	344.542	73.666	123.666
805.557	376.586	46.862	103.392
807.596	381.317	45.755	112.167
731.556	322.766	124.584	135.948
723.400	322.471	124.945	133.513
733.363	325.351	117.087	140.948
731.427	317.269	113.788	152.997
729.749	354.385	117.463	127.305
805.070	370.002	48.999	103.402
804.765	371.656	48.862	95.952
806.962	368.073	46.191	102.792
745.013	536.472	94.700	31.340
805.127	380.625	48.117	108.945
733.850	536.871	125.956	36.661
736.726	543.460	112.689	30.832
807.153	385.010	49.207	108.303
800.566	382.996	55.332	107.632
801.771	377.275	54.286	103.841
806.022	377.496	49.860	101.330
802.447	369.829	53.385	104.466
808.299	376.548	48.915	101.936
806.649	381.195	50.063	106.530
752.303	359.933	90.227	68.773
791.506	381.208	65.251	105.373
806.549	384.082	54.128	107.734
803.854	379.092	57.598	109.049
802.179	373.597	58.166	104.808
808.278	371.702	50.629	102.364
752.256	350.198	79.485	70.292
805.206	370.032	50.281	99.409
807.449	377.468	44.969	101.941
806.209	380.617	48.336	108.888
723.397	310.732	120.344	113.857
807.107	384.131	47.484	106.903
784.421	376.785	70.973	103.489
750.522	339.542	88.093	97.699
804.865	365.978	56.289	100.974
752.658	345.574	80.163	74.040
807.651	365.803	51.341	105.479
730.890	313.139	114.507	129.431
435.213	194.965	154.478	215.271
736.668	337.696	116.677	104.230
398.497	200.708	173.519	226.156
737.702	332.146	113.522	108.634
758.755	351.120	98.058	119.409
793.178	356.490	65.478	123.293
801.071	363.087	58.516	106.754
803.072	368.686	54.752	104.917
801.805	368.531	55.383	103.603
804.872	376.838	49.718	99.778
809.115	378.727	46.441	101.975
754.344	358.791	86.520	64.482
731.356	509.562	106.169	56.448
788.161	398.278	70.313	134.484
757.750	360.846	93.086	100.890
801.226	376.296	53.921	100.689
792.024	374.128	59.327	101.867
758.583	360.332	90.554	73.321
747.959	528.756	88.377	31.924
745.979	527.941	91.755	34.756
780.520	374.008	83.173	123.112
755.770	361.309	92.756	88.432
741.099	361.456	107.431	87.478
794.449	376.788	65.560	104.464
805.382	376.809	52.294	101.764
781.865	370.831	66.233	101.916
756.495	357.559	89.316	75.587
803.083	377.733	54.637	105.750
802.071	378.197	55.294	104.987
807.795	381.398	47.277	100.656
805.626	380.644	48.953	103.172
808.554	385.203	43.770	96.493
757.554	364.944	82.098	68.950
790.322	380.027	62.692	110.025
803.947	378.237	54.759	105.563
805.973	386.050	49.735	97.981
805.738	384.123	47.535	103.899
805.407	384.356	47.842	101.314
804.270	383.936	47.690	101.388
802.183	379.382	47.642	105.381
801.204	380.711	48.993	103.554
756.546	364.969	77.933	58.948
750.925	364.856	90.066	62.707
795.850	380.662	60.095	106.027
801.996	375.214	55.505	106.911
800.615	375.539	52.944	106.582
797.710	376.012	53.236	107.483
799.207	372.708	52.381	111.024
753.629	360.972	83.987	66.556
752.968	364.524	93.410	65.833
801.971	372.783	50.976	106.221
805.169	370.727	49.556	108.520
805.193	371.875	49.563	111.460
806.908	378.114	47.878	101.919
756.464	354.095	82.444	72.587
805.049	372.404	48.879	112.524
807.436	379.437	47.800	101.598
801.686	376.276	51.054	105.596
805.438	374.991	47.220	106.978
802.400	373.173	49.341	109.583
756.442	360.161	84.381	68.390
735.270	523.601	120.961	24.223
758.779	355.017	120.794	133.736
739.884	527.944	100.756	40.973
807.246	374.858	45.438	109.261
805.609	386.468	45.567	104.584
805.983	392.902	45.258	99.575
802.380	392.918	49.298	104.230
738.976	323.066	116.909	131.725
420.823	210.630	158.239	119.572
690.385	512.330	156.746	61.334
625.620	443.070	89.810	132.930
455.980	286.942	107.627	30.938
372.254	363.931	20.703	71.186
407.090	211.147	116.895	87.468
349.285	212.878	149.638	169.618
321.290	198.954	116.810	87.741
285.535	196.810	107.728	93.336
246.081	200.828	124.122	94.718
213.191	205.314	120.793	100.354
194.763	215.951	118.907	99.602
194.921	221.631	109.248	98.494
196.247	234.346	105.418	88.167
191.188	249.392	104.708	78.260
197.109	262.593	93.981	78.190
204.677	274.508	94.189	71.502
221.822	277.958	90.862	66.796
237.489	277.795	87.071	65.632
254.709	275.373	78.258	62.208
278.857	254.628	58.804	80.194
273.558	238.747	57.940	95.071
308.066	293.067	65.120	118.369
319.197	306.346	78.946	116.106
444.364	268.117	85.343	76.643
464.407	287.115	83.153	78.139
502.716	309.325	83.934	71.937
525.577	312.983	78.539	76.408
540.396	315.457	66.830	84.986
551.919	304.237	57.888	97.455
551.818	302.980	59.105	89.685
548.587	295.081	55.005	91.759
541.553	292.088	58.934	87.153
526.586	287.747	67.323	83.736
504.159	285.795	86.990	81.770
472.149	279.548	112.773	83.060
411.653	270.529	126.383	82.451
379.535	267.380	130.457	85.610
356.418	257.112	127.603	87.106
328.057	250.352	124.383	88.990
307.536	244.800	117.368	89.913
311.593	233.249	108.503	99.026
312.557	215.246	109.555	111.391
311.503	203.348	114.688	113.318
318.216	193.590	116.923	111.766
341.339	184.097	119.360	116.508
367.631	172.869	114.358	103.240
375.384	170.267	112.649	98.045
382.319	170.347	105.806	94.836
379.697	171.834	107.379	92.921
377.053	173.757	108.605	92.138
365.954	181.683	107.267	87.583
360.028	189.787	98.673	84.934
357.038	195.961	110.238	84.924
350.496	195.153	120.263	81.171
373.970	207.835	119.922	66.779
399.707	195.827	116.135	75.859
433.515	187.716	121.872	80.483
457.577	165.993	128.795	100.970
471.774	159.663	133.028	107.952
475.292	160.478	132.311	108.247
473.881	159.764	132.459	109.593
462.743	164.697	136.764	106.851
441.239	168.216	146.539	107.310
418.017	173.139	154.502	103.904
391.405	188.960	129.112	88.897
371.055	193.730	105.732	83.048
365.195	198.298	91.053	79.972
361.025	192.142	78.737	90.541
363.390	190.864	72.905	103.925
369.573	191.067	65.642	103.904
382.661	190.453	69.271	100.537
391.240	190.926	71.712	94.817
397.745	190.699	70.358	89.529
398.813	190.219	68.982	87.580
394.678	189.379	67.959	87.572
382.015	193.184	76.005	85.143
359.214	188.720	74.539	86.694
344.256	188.084	79.555	85.209
328.910	182.271	75.966	90.133
326.935	178.885	73.548	90.493
325.717	170.431	75.886	93.991
334.750	173.692	80.546	87.758
360.743	171.821	75.151	92.888
384.817	191.686	72.106	89.749
399.123	198.289	72.766	92.325
412.448	200.115	67.923	94.956
423.324	202.877	61.774	101.484
428.511	208.368	59.805	99.609
425.147	215.493	62.666	94.168
410.002	213.629	68.431	100.833
384.958	203.705	68.727	102.877
367.385	213.859	68.508	86.663
357.185	177.358	59.230	101.196
343.571	146.174	58.878	104.190
347.861	126.904	54.248	116.001
360.111	104.953	60.727	122.937
360.068	90.701	76.832	121.486
382.330	88.756	73.824	108.880
364.559	87.329	164.039	109.222
393.065	103.945	102.102	81.105
387.289	97.770	108.653	92.168
364.001	97.778	87.611	100.852
351.569	103.526	84.667	102.662
344.445	113.558	77.399	92.044
338.190	115.148	73.161	95.860
355.934	124.138	58.163	105.868
358.843	128.451	63.425	114.611
357.456	138.962	77.114	120.050
355.429	157.079	80.646	111.123
345.736	190.588	74.236	86.649
347.187	190.611	67.696	93.380
345.340	188.135	62.744	96.704
339.043	182.213	69.510	100.315
334.750	181.405	73.948	94.509
324.550	181.368	80.218	87.580
298.409	169.569	113.785	203.547
306.101	143.549	101.764	138.249
299.290	135.990	117.887	107.570
299.148	128.477	121.963	102.629
306.213	122.267	122.327	98.514
311.732	114.439	122.692	94.472
318.429	105.169	119.635	92.115
322.649	91.855	116.350	93.088
323.221	76.675	119.695	96.519
317.346	73.589	121.704	89.914
317.255	72.341	136.173	85.053
320.463	68.588	140.597	81.700
326.487	71.914	137.489	76.138
332.126	76.226	143.402	72.519
323.063	78.397	145.119	82.355
333.744	84.390	132.143	91.982
346.012	90.178	109.490	94.515
350.476	96.873	103.385	93.687
348.577	95.400	100.364	97.137
348.194	99.927	98.238	93.506
352.234	95.513	93.186	98.144
348.058	96.879	94.713	94.332
338.167	96.420	104.264	94.140
330.607	105.881	108.829	87.422
324.123	101.962	118.904	94.669
325.279	103.718	113.827	94.281
307.887	114.255	121.491	82.285
305.917	102.456	118.005	91.713
304.172	89.248	123.288	100.730
297.299	95.781	120.312	84.990
293.474	92.095	120.077	81.545
291.951	67.346	119.186	93.175
287.732	56.022	123.719	91.220
286.824	22.296	117.605	107.114
286.308	10.083	115.560	97.948
258.705	4.458	141.191	78.855
264.491	7.060	121.914	76.355
241.763	203.217	78.637	40.578
256.101	30.219	121.921	120.505
243.380	9.346	126.866	94.753
240.844	7.182	120.318	124.755
195.850	0.000	198.067	155.054
207.545	13.363	164.264	114.929
213.628	33.933	136.983	108.699
208.078	63.872	123.579	92.920
207.654	73.191	127.075	91.949
207.400	78.655	128.755	93.726
201.709	95.049	124.441	92.809
195.893	93.208	131.449	102.444
200.497	88.717	131.903	109.267
179.322	97.327	144.115	101.638
164.466	100.282	153.230	97.392
163.329	96.380	154.808	101.541
164.723	93.107	148.833	102.190
165.090	89.121	144.675	102.195
169.799	86.590	146.172	98.373
172.938	84.305	141.958	97.560
184.991	90.514	137.508	91.793
185.571	84.601	128.984	88.590
191.456	76.831	125.221	101.390
189.045	69.784	121.115	108.324
182.099	65.745	128.344	110.966
175.267	67.217	134.438	110.212
167.457	66.907	140.989	111.024
164.037	70.971	144.682	109.699
163.675	73.419	145.048	109.191
168.510	75.985	146.656	108.196
172.316	75.414	146.370	109.381
176.242	75.247	146.055	109.285
178.277	73.904	146.960	110.628
180.042	73.721	144.902	110.501
179.666	74.486	142.082	108.920
177.998	75.204	145.904	109.538
180.737	77.814	148.877	108.847
181.869	80.963	155.757	110.121
180.069	87.119	156.617	107.796
164.916	101.344	148.440	99.756
149.532	108.817	143.611	100.940
127.144	112.663	121.012	116.294
98.835	111.637	135.629	112.699
65.656	119.852	160.290	104.697
36.211	121.568	143.709	103.507
13.270	112.422	128.871	98.114
18.185	103.472	129.187	95.425
7.865	87.990	132.533	97.878
14.817	81.247	133.434	107.365
26.259	83.929	135.157	110.529
41.929	91.092	126.622	114.087
57.683	103.334	117.436	112.633
70.910	124.689	119.195	106.002
84.604	150.182	133.606	111.543
95.019	157.468	156.864	120.522
128.874	172.808	157.941	112.532
181.433	175.207	150.786	111.205
194.699	176.941	117.912	107.078
240.544	114.204	121.593	113.931
245.581	87.075	126.724	116.769
245.123	95.484	123.869	94.635
233.225	81.139	121.554	107.373
210.736	78.420	141.790	105.924
196.366	86.578	144.610	102.916
185.388	99.055	145.115	91.560
184.744	115.718	138.026	71.760
186.933	115.927	133.376	72.320
186.710	115.263	133.272	73.581
186.825	116.110	133.572	75.571
190.584	115.247	129.088	80.052
192.657	110.410	125.146	85.197
195.230	105.642	117.875	93.986
197.153	101.431	114.241	100.851
199.908	99.348	110.707	105.799
203.016	98.201	106.636	108.773
205.703	97.734	103.274	111.386
205.280	97.049	102.078	112.285
203.302	97.861	103.387	111.633
202.167	99.255	103.959	110.080
201.597	99.846	104.143	109.489
201.981	100.719	103.477	107.736
203.886	101.766	102.458	107.235
204.798	102.203	101.300	107.769
204.839	101.664	100.444	107.850
205.818	102.770	99.504	107.229
204.535	103.169	100.338	108.325
203.613	102.636	100.532	109.965
204.190	103.676	100.081	109.767
204.756	102.799	98.599	111.099
205.563	104.146	96.796	112.002
208.205	104.967	91.494	114.717
205.515	106.356	91.912	117.477
183.351	111.577	114.401	112.427
154.844	125.666	144.187	96.697
132.577	150.116	144.058	99.688
110.291	161.047	128.495	107.485
68.491	152.556	136.472	116.058
37.156	151.860	121.927	112.274
18.565	139.112	122.615	74.521
21.722	118.127	115.642	64.696
18.136	102.003	116.985	77.227
20.064	95.459	125.104	89.669
28.395	96.635	137.550	96.892
41.083	103.220	152.159	101.595
50.984	112.034	157.194	105.832
63.141	126.141	159.226	103.821
81.042	149.419	146.973	103.022
118.811	173.601	122.077	116.280
142.861	182.330	120.012	120.351
182.071	194.502	144.362	104.533
202.103	184.203	122.283	114.549
239.273	147.098	129.093	116.981
241.086	108.572	134.809	125.898
246.444	93.599	142.865	123.472
245.175	60.927	152.839	131.403
239.871	58.569	150.857	122.053
239.020	54.423	150.187	114.414
228.918	57.795	141.344	111.477
221.069	56.046	135.458	121.372
213.200	67.135	127.509	128.059
209.622	84.955	115.961	131.394
210.232	101.514	98.686	127.283
210.102	128.159	81.343	110.947
206.895	140.444	70.308	135.392
191.874	150.802	78.999	143.813
171.988	181.008	93.000	117.532
160.973	187.280	99.408	109.583
134.021	184.075	111.472	108.717
101.021	161.520	123.241	124.828
59.115	143.530	128.494	115.695
52.314	130.209	116.941	106.346
50.960	122.966	110.066	103.389
50.661	120.042	116.065	105.647
51.029	120.330	119.891	107.575
51.050	128.710	125.918	107.548
58.701	140.943	131.673	104.001
74.265	161.462	130.018	92.659
85.466	180.336	128.903	78.602
98.779	184.491	139.964	90.147
131.734	185.830	123.792	104.124
148.799	186.108	142.549	105.377
196.968	176.465	148.612	107.193
214.967	159.663	152.289	103.034
234.910	143.891	143.134	91.011
234.293	126.396	147.244	81.294
261.835	116.291	140.038	80.542
269.758	111.275	141.484	79.566
264.852	102.666	143.722	74.272
264.539	99.759	143.423	79.745
259.507	99.719	146.928	83.994
261.957	113.392	134.808	80.308
254.317	102.976	139.901	105.321
255.478	100.076	130.769	126.681
247.175	168.380	107.337	88.000
240.762	177.910	116.357	89.111
212.572	167.783	104.026	107.589
183.939	164.203	105.979	106.936
149.209	159.231	131.651	97.919
106.138	153.326	188.891	117.601
101.512	130.572	164.246	125.639
98.954	117.514	133.518	116.972
101.512	113.215	134.744	104.725
104.033	107.199	118.151	95.160
119.690	107.713	113.379	87.837
131.468	113.289	109.785	88.007
163.092	123.664	119.851	86.350
184.689	127.539	115.557	89.796
194.749	130.605	115.801	97.056
196.507	136.662	121.430	103.493
207.555	143.425	118.171	105.844
225.341	159.828	115.295	99.758
234.410	161.849	120.721	101.455
252.323	168.168	125.665	104.165
274.946	174.942	123.005	94.102
297.804	174.916	115.101	97.881
350.514	154.330	173.359	119.197
406.765	155.084	153.668	108.255
441.098	136.330	149.565	91.153
314.482	33.837	247.796	163.389
495.380	85.105	203.587	115.296
515.440	94.746	188.077	91.022
529.916	82.872	174.503	98.066
561.593	78.504	142.656	100.237
568.005	77.883	132.139	107.884
572.068	81.061	127.026	108.135
569.257	88.140	127.402	101.167
564.467	94.671	129.201	95.083
557.710	95.916	133.615	97.044
563.865	98.024	124.140	96.319
546.859	99.621	129.845	101.391
446.769	101.175	225.413	116.439
472.106	105.122	173.463	124.986
500.502	103.602	138.579	131.511
490.750	158.673	121.123	98.503
493.943	162.761	94.131	99.726
485.035	157.668	78.058	104.509
483.152	164.337	72.889	101.904
494.117	179.987	56.532	93.235
497.186	177.124	56.873	91.819
492.912	173.422	61.816	94.585
487.130	176.856	70.975	91.099
359.822	116.061	53.915	86.668
496.358	170.311	65.939	94.622
496.135	165.376	69.180	84.088
503.256	164.151	67.095	83.319
510.982	154.782	69.423	77.287
522.073	155.363	74.184	84.472
532.882	153.952	80.946	86.962
558.002	161.817	76.088	88.617
560.427	150.948	98.751	97.628
547.178	143.477	134.194	99.272
532.475	142.264	147.216	98.535
516.627	141.626	155.205	93.751
491.020	137.063	143.493	89.069
464.621	131.271	136.898	100.764
427.412	149.424	106.196	95.446
375.649	160.745	120.104	103.662
339.560	162.712	115.119	118.241
307.062	139.969	101.390	154.978
271.860	172.089	105.740	132.308
242.991	183.650	124.349	125.101
210.789	183.910	152.462	123.195
189.780	186.837	168.075	123.478
193.335	187.655	161.025	126.603
202.221	193.293	150.700	123.775
225.288	199.974	128.971	120.108
251.201	209.793	108.256	114.190
280.300	215.446	94.704	110.811
303.691	220.140	86.720	108.405
323.606	230.292	71.027	100.018
340.873	235.294	81.363	96.252
294.227	234.401	81.519	100.298
336.930	177.545	140.372	175.227
312.856	171.320	149.225	143.257
333.631	245.019	110.012	87.444
487.868	243.203	131.293	101.217
320.829	181.318	35.171	110.658
337.994	189.676	35.898	114.791
347.023	200.620	30.684	118.013
347.199	178.618	37.815	120.665
510.597	247.218	153.389	107.759
488.906	253.207	165.863	101.537
467.409	258.530	164.363	98.888
432.995	263.885	171.183	98.151
396.148	274.184	159.786	95.889
366.673	275.672	138.561	97.186
328.275	283.542	141.602	95.160
282.502	279.125	153.236	95.012
249.409	268.879	159.024	103.736
225.156	267.702	156.794	104.364
205.043	265.883	149.744	105.228
203.567	272.074	132.695	103.828
192.610	277.806	130.292	100.743
176.621	276.839	143.467	107.400
167.949	278.296	153.670	110.137
163.053	279.749	161.966	112.904
163.891	279.669	167.880	117.621
168.454	280.954	167.207	117.899
174.292	281.245	164.787	117.985
181.372	283.000	162.279	115.568
196.193	284.613	154.412	112.417
209.887	287.351	150.569	107.320
220.376	288.307	147.806	104.394
229.214	289.034	146.028	103.447
234.287	290.133	149.989	101.067
239.592	287.795	157.710	105.905
244.673	284.096	166.198	112.735
255.642	280.996	169.761	119.345
277.407	272.260	161.019	127.860
311.008	259.335	134.540	139.393
350.580	250.515	112.746	143.623
382.858	234.844	112.156	146.505
409.186	245.967	106.103	119.398
442.084	221.963	132.503	112.001
455.180	219.370	154.440	96.373
467.003	217.755	166.785	91.387
480.609	215.005	166.732	85.686
487.440	210.079	159.722	82.925
496.625	206.444	152.566	83.665
493.335	209.670	152.334	85.075
489.493	211.287	150.235	95.877
493.505	233.688	142.590	92.360
482.676	247.441	147.452	96.265
476.528	259.122	144.547	98.032
467.477	264.089	148.667	107.511
463.949	269.842	149.702	112.039
457.091	269.032	149.997	109.711
461.895	260.254	139.543	106.664
460.196	250.990	142.787	101.869
472.073	233.951	135.430	111.347
481.766	212.177	135.902	126.127
479.853	198.738	134.926	130.280
476.962	187.084	133.543	121.864
459.462	181.082	119.830	109.254
454.047	174.527	111.255	110.344
432.511	158.180	119.550	119.112
403.666	143.741	108.117	127.077
381.521	136.612	118.870	128.163
370.348	135.345	129.133	111.575
366.268	135.468	125.329	119.257
362.774	136.800	125.215	114.334
363.009	138.441	122.517	107.405
369.438	137.696	116.932	112.255
380.931	138.592	110.684	115.734
391.755	138.812	103.597	116.091
398.545	143.765	106.063	108.825
412.558	146.225	99.799	103.258
464.794	210.962	138.415	102.047
474.868	204.267	159.077	112.229
488.573	194.119	173.770	127.225
503.425	186.097	179.599	130.528
517.345	180.034	163.063	140.841
520.682	186.909	155.172	131.959
497.781	184.077	172.267	115.255
470.384	183.006	183.787	103.171
449.771	186.040	189.772	93.035
424.397	189.211	200.611	94.612
403.614	203.683	177.347	90.964
376.530	220.573	160.875	87.366
315.301	233.282	139.019	92.518
278.238	242.285	147.382	108.753
244.252	251.937	159.139	125.679
224.975	255.852	149.851	142.926
214.202	255.854	130.443	152.003
202.912	260.756	93.106	144.646
180.986	259.353	90.161	145.746
162.199	261.947	93.407	139.906
148.416	257.038	96.064	141.713
142.143	261.896	97.139	131.671
143.111	255.916	96.346	136.371
147.839	253.984	95.820	134.910
156.024	256.840	97.525	130.300
167.650	258.673	91.418	124.834
183.423	258.823	85.881	120.893
198.404	260.254	85.246	118.624
216.067	262.777	81.517	120.479
235.368	269.215	85.829	112.059
250.575	265.136	97.510	109.243
256.387	266.533	118.968	102.334
255.388	266.789	136.016	94.752
256.535	267.630	139.129	89.552
261.840	267.594	139.165	87.258
267.410	265.932	140.811	90.829
269.694	264.775	152.661	95.613
272.084	261.709	169.801	106.842
270.045	256.756	181.796	126.172
269.575	256.749	170.656	139.891
287.172	253.275	156.088	146.520
314.630	251.417	138.975	147.917
319.998	260.352	162.086	128.217
326.447	258.958	188.411	118.038
346.800	260.115	213.472	84.354
364.886	248.973	213.182	79.685
405.187	230.246	193.543	107.123
445.711	223.311	169.321	125.936
482.767	215.665	166.158	141.145
500.530	218.917	173.590	138.217
513.920	225.185	172.218	126.287
522.246	231.585	169.733	111.869
520.996	227.728	164.013	107.936
521.393	230.732	138.481	107.711
510.534	234.963	126.157	103.924
479.915	238.548	141.679	100.333
458.123	233.379	135.084	111.887
448.388	239.762	140.456	117.195
431.960	239.682	154.221	123.210
425.803	242.813	160.471	127.998
405.217	251.900	172.419	124.545
387.424	256.877	166.149	130.176
360.936	262.218	160.653	135.101
352.174	262.045	131.960	141.899
333.848	262.699	107.229	144.379
324.410	270.264	96.879	139.602
301.588	274.078	105.092	139.789
232.517	282.780	145.404	133.072
173.007	277.371	179.261	155.647
128.458	279.843	216.579	158.382
106.823	282.544	215.979	155.012
101.081	294.673	212.055	140.011
93.167	291.415	206.059	145.893
90.420	285.039	200.541	152.783
97.852	277.368	183.136	157.972
112.693	272.247	162.039	159.285
141.016	268.994	122.912	145.087
173.181	260.634	116.665	139.263
184.738	254.320	114.031	137.301
189.747	245.710	121.957	141.918
191.642	235.768	126.667	148.567
196.459	235.702	137.039	148.421
214.101	225.249	132.838	157.844
233.699	222.105	118.584	160.259
262.952	218.297	96.783	166.742
275.271	215.609	97.706	171.612
272.486	215.851	117.928	172.747
277.656	221.387	134.993	166.640
289.744	221.510	153.225	162.125
307.235	225.779	191.724	147.291
369.803	244.807	149.134	127.438
402.617	252.326	117.493	118.017
434.493	229.004	105.519	134.605
461.599	222.988	116.640	138.717
465.286	219.192	154.809	146.320
475.650	221.557	176.387	155.395
489.797	223.861	197.765	159.532
514.502	227.013	200.617	160.312
537.304	222.772	196.473	166.854
543.336	203.115	203.142	186.011
551.658	199.562	210.934	167.969
566.753	200.985	194.703	161.719
566.062	211.226	189.661	129.217
555.939	215.388	206.565	100.477
546.493	209.627	222.615	100.114
543.971	199.419	222.077	130.044
368.271	83.587	138.473	198.100
354.969	256.307	123.548	153.599
510.977	195.633	133.947	166.977
498.672	202.952	136.646	166.481
463.104	201.465	142.256	170.581
428.487	208.637	120.194	163.487
377.499	224.287	121.709	151.814
355.664	244.445	132.815	137.443
332.690	248.147	136.980	138.070
305.649	246.513	147.780	148.002
290.281	245.407	153.767	152.374
277.505	244.805	156.721	156.173
268.790	244.434	161.599	156.918
266.823	241.273	153.907	158.908
267.453	252.335	164.068	147.644
265.916	248.773	149.577	152.103
267.743	250.211	161.091	149.772
271.082	243.974	156.898	155.309
271.833	244.046	155.460	155.838
271.255	240.690	159.691	161.057
270.583	239.147	167.273	164.710
281.516	231.190	162.772	172.373
306.047	228.343	141.116	172.988
311.095	232.054	142.337	167.127
323.909	249.095	138.817	148.676
343.724	253.838	131.090	143.640
372.717	247.618	143.807	145.494
396.585	213.525	213.238	184.490
430.994	213.673	195.145	185.486
431.130	258.921	226.194	156.292
434.604	260.731	250.481	164.664
322.938	573.956	245.720	2.044
317.137	258.782	139.685	196.599
337.953	89.259	183.589	198.130
331.254	271.793	95.863	152.162
579.532	283.284	197.509	148.082
590.523	288.210	190.005	156.361
600.161	298.021	178.779	165.826
599.852	309.401	182.540	165.281
603.006	312.591	183.831	170.346
601.653	321.427	195.116	171.438
605.331	330.664	198.097	171.580
333.772	256.488	62.996	250.085
612.164	356.099	211.905	167.810
302.337	90.964	355.149	307.432
211.485	67.815	490.772	451.365
245.305	78.547	446.502	392.269
162.890	238.685	380.308	229.030
157.936	78.677	561.179	377.953
138.962	207.272	441.590	246.498
188.339	232.430	303.298	191.483
207.616	251.515	288.039	166.123
206.335	251.412	266.293	170.480
209.963	246.363	260.475	166.476
213.524	238.998	257.843	174.095
218.972	244.966	250.656	169.671
221.006	241.105	242.485	171.662
216.192	241.471	250.160	170.599
232.113	240.368	241.294	178.127
224.248	243.512	243.413	175.363
244.133	236.556	235.969	182.095
239.164	237.969	234.712	179.011
228.133	241.537	258.143	179.362
254.948	240.459	225.266	189.302
241.111	237.742	241.583	195.275
260.761	236.247	223.895	201.487
255.824	247.612	228.033	191.005
269.342	241.275	213.777	200.209
266.901	241.739	212.597	204.623
272.068	243.946	213.806	205.493
271.717	248.496	213.596	203.408
271.138	249.477	219.991	204.450
270.023	251.744	219.903	206.398
267.141	253.556	226.941	206.159
281.419	255.988	207.606	203.087
280.660	253.193	204.851	207.296
283.729	254.154	199.444	208.503
281.916	255.910	196.520	207.852
296.249	255.430	183.842	207.552
291.121	253.313	191.916	213.293
301.241	254.446	181.197	210.869
310.861	254.283	173.969	210.332
312.726	255.219	166.223	218.177
327.912	255.012	158.022	214.941
333.936	260.680	145.958	206.797
341.012	259.915	142.753	201.785
384.478	34.158	256.518	320.449
333.243	223.893	173.946	304.587
396.677	244.710	179.329	153.163
383.561	237.902	179.523	159.658
366.487	239.075	181.644	155.659
359.474	241.038	171.341	156.007
351.652	245.643	150.642	156.963
347.445	241.588	148.305	161.070
346.969	246.401	138.109	165.657
344.912	249.263	129.039	169.183
343.528	249.024	125.397	176.885
338.923	256.187	124.471	174.768
319.540	262.354	146.320	174.896
283.014	255.290	206.677	268.729
266.170	274.342	204.857	175.349
230.656	270.655	196.315	173.415
193.605	285.976	205.322	160.060
167.750	290.248	185.349	159.819
119.761	298.849	172.828	149.758
72.181	304.086	209.260	160.666
42.538	305.322	220.168	168.121
37.739	308.448	209.584	158.467
19.900	312.055	220.917	158.635
20.953	316.708	207.683	152.206
12.877	321.357	209.724	149.473
27.544	321.473	195.086	149.328
47.438	323.595	168.467	150.324
89.156	319.988	137.915	154.813
98.358	323.883	147.086	158.290
110.975	325.781	142.368	162.553
123.588	326.473	134.958	161.465
143.914	323.397	117.153	161.632
157.752	323.766	102.087	158.629
160.120	323.873	97.470	157.951
161.457	321.511	97.389	157.524
159.099	315.477	98.940	154.822
154.164	315.180	104.992	146.256
148.892	313.318	113.246	140.035
140.547	312.366	124.838	139.988
130.706	312.353	134.088	137.270
122.486	307.991	136.429	144.597
109.829	298.542	134.184	161.515
91.915	290.196	133.768	166.947
67.525	283.706	143.654	188.320
31.211	278.413	161.856	187.786
18.345	275.506	161.591	183.222
8.066	266.455	153.562	178.174
3.903	269.561	136.094	173.728
6.320	266.820	117.645	170.915
4.890	265.037	110.110	173.246
3.890	263.711	106.774	180.306
2.520	262.055	122.933	181.155
3.835	263.180	142.712	186.368
2.323	258.772	162.252	195.713
3.522	258.620	188.981	192.607
0.000	256.946	223.603	197.370
22.169	266.838	262.763	197.573
69.036	284.051	277.938	187.592
157.326	287.350	221.363	201.091
247.958	276.937	153.033	239.422
325.124	283.226	114.856	218.741
386.991	274.180	154.244	199.635
403.456	271.915	185.411	174.862
438.386	262.103	226.227	154.641
443.409	237.868	233.832	167.243
449.057	199.517	274.390	192.843
435.062	193.901	264.172	196.691
405.967	175.638	305.164	212.989
406.990	153.272	300.660	236.400
387.113	160.843	302.271	229.984
371.166	169.124	288.896	235.637
343.851	190.050	293.435	243.432
319.948	216.397	297.344	237.002
281.864	258.348	255.651	224.731
183.490	301.855	284.665	191.898
131.462	299.938	359.790	233.394
59.392	329.019	292.071	195.826
17.707	340.104	239.249	214.802
11.214	333.988	229.740	209.511
63.217	283.559	271.052	292.441
86.431	23.296	208.063	268.977
7.868	305.179	127.988	165.648
2.396	292.019	127.733	115.042
0.000	301.240	115.418	83.851
1.092	301.944	127.035	84.566
3.633	302.370	121.408	103.470
4.036	306.798	113.904	130.259
3.593	297.875	111.828	165.029
8.378	297.349	128.006	191.465
6.909	302.704	144.764	187.224
10.077	307.210	147.708	224.971
22.068	309.074	160.226	245.371
13.859	307.609	226.817	253.736
9.143	303.934	235.248	254.440
53.507	300.167	222.617	206.730
64.528	295.447	253.443	175.897
66.799	286.764	319.529	157.358
100.480	285.023	317.188	126.735
152.311	269.812	286.209	140.348
200.840	255.027	296.219	168.157
254.452	260.769	304.761	174.810
248.719	238.347	260.467	216.349
257.303	226.386	331.376	231.714
246.220	208.278	336.864	270.924
245.683	200.242	305.118	281.326
250.973	170.463	269.198	289.035
241.078	135.869	239.405	276.954
246.154	116.782	250.702	233.579
221.272	96.060	282.853	222.764
225.586	67.580	293.218	248.550
208.950	44.834	353.358	321.682
220.170	82.556	320.837	274.445
222.162	70.288	380.970	317.910
222.150	81.710	412.970	337.538
263.765	97.547	360.214	337.844
298.484	130.613	305.127	304.328
313.007	151.692	308.876	289.036
353.367	176.169	275.280	253.397
335.863	199.454	321.280	222.482
322.595	215.770	368.439	217.953
367.121	234.277	340.961	236.540
400.446	234.440	289.236	276.440
410.496	239.593	229.443	297.898
422.764	247.832	172.554	308.927
428.521	242.933	164.711	333.067
417.670	234.254	203.584	325.141
396.899	237.841	245.593	310.381
381.111	237.673	271.662	274.138
375.864	224.545	265.539	266.698
374.104	208.308	251.941	275.018
356.572	193.695	251.907	296.179
335.496	184.832	245.566	304.792
303.179	189.772	257.418	302.003
284.339	205.879	261.236	301.329
254.345	222.633	277.896	291.773
235.084	252.447	281.494	269.054
219.142	278.003	258.510	253.341
207.542	287.286	211.123	237.927
190.475	286.483	196.863	240.292
187.664	289.106	193.629	280.829
178.266	272.765	202.017	298.550
171.647	266.522	193.529	292.614
129.414	267.197	238.311	270.700
87.807	262.344	279.512	266.621
77.845	256.497	283.436	270.686
77.333	255.886	289.063	273.262
95.425	261.158	302.626	280.094
109.845	275.068	317.713	277.271
95.542	279.398	340.135	257.011
47.067	278.608	389.323	295.367
48.759	264.955	430.076	307.188
62.114	258.969	395.722	306.430
131.711	251.306	274.804	290.848
170.783	232.754	234.190	335.007
160.120	225.741	266.944	334.033
136.543	232.502	345.999	331.383
91.534	238.859	451.236	331.658
80.653	240.604	490.744	334.054
73.316	248.346	485.806	325.345
96.873	240.292	430.105	330.443
142.015	238.730	360.944	335.199
187.858	246.131	293.526	329.771
215.632	245.345	247.027	330.414
220.676	243.522	239.218	328.514
218.424	236.420	252.687	338.546
203.897	228.599	286.466	346.101
181.493	229.750	329.432	339.293
151.606	229.201	378.473	332.205
131.937	227.587	358.660	301.741
126.417	226.349	397.109	296.939
145.762	206.792	373.907	318.512
140.917	253.207	298.757	292.987
99.420	258.967	290.491	276.283
66.966	255.895	335.581	309.053
24.873	270.808	398.554	296.050
46.306	267.757	397.570	290.620
97.123	257.813	334.793	299.209
130.252	249.466	268.407	312.450
151.339	240.879	235.350	318.028
170.343	240.586	224.142	301.185
183.698	241.233	222.113	284.251
198.153	242.406	218.576	273.816
226.905	246.432	203.342	268.918
247.697	248.070	199.738	266.615
267.036	250.575	203.755	259.670
282.332	249.659	196.354	264.848
277.331	253.861	237.537	261.872
248.099	265.994	259.649	259.485
299.008	261.720	296.736	272.402
329.788	251.085	250.722	262.346
396.946	247.351	213.682	290.598
394.664	235.298	215.148	283.802
392.102	227.292	273.136	278.679
354.521	219.503	340.000	281.043
350.642	211.246	327.323	281.125
370.134	204.263	288.141	289.668
393.269	196.346	229.573	302.954
402.269	198.421	210.779	283.417
394.096	208.124	239.827	272.086
374.425	208.756	261.034	290.464
360.108	209.957	271.045	293.350
363.145	209.834	238.009	294.025
358.379	210.815	186.255	281.113
330.498	227.153	219.655	249.715
289.525	237.763	277.832	229.968
281.708	237.319	288.749	226.036
297.853	235.385	254.633	238.595
306.212	256.760	186.987	227.942
301.367	267.471	184.631	221.190
278.715	273.005	219.609	229.762
243.521	269.074	261.563	256.990
288.260	268.360	216.728	235.257
293.890	265.771	156.202	260.040
307.117	254.809	152.327	252.837
297.461	261.562	198.572	233.551
279.477	260.647	245.164	225.314
281.008	253.271	268.329	215.640
288.383	248.606	295.940	195.585
308.006	246.194	283.306	184.210
315.841	242.593	275.853	182.824
328.271	242.290	241.199	182.341
365.740	241.883	164.182	192.262
388.795	249.483	133.193	199.348
384.591	256.090	138.698	221.868
369.200	268.827	172.601	214.184
334.686	269.235	222.852	208.233
312.793	265.941	235.356	223.025
302.808	262.971	209.800	229.949
316.473	265.067	166.142	242.721
329.984	264.237	142.727	242.109
284.373	251.148	188.616	238.895
253.243	251.630	241.624	227.919
227.207	246.484	276.033	231.259
228.867	243.382	260.796	228.827
238.849	244.854	237.940	219.143
250.859	240.737	224.851	211.758
261.071	237.644	214.400	206.284
265.291	233.915	213.087	200.198
269.500	231.886	219.717	197.092
277.851	234.330	249.462	191.504
296.905	235.492	242.740	189.294
341.885	231.716	210.764	197.617
368.587	231.064	238.880	196.200
397.733	228.409	231.515	189.686
444.922	220.785	189.351	181.525
451.432	220.348	221.652	158.474
457.990	219.771	252.268	132.785
448.116	219.304	279.970	106.284
439.262	213.923	288.023	96.976
447.923	214.211	259.219	90.273
420.461	212.973	246.444	84.727
385.716	213.458	253.617	89.975
315.358	214.612	256.239	101.577
291.564	226.575	235.917	113.392
270.883	234.354	233.103	126.632
196.996	245.372	261.551	140.130
196.966	253.654	233.815	148.314
146.704	258.826	244.023	172.983
124.266	262.568	249.234	166.521
106.265	268.904	232.583	159.736
94.035	268.137	222.722	159.277
96.722	265.118	208.940	159.605
96.394	263.580	202.888	156.992
98.891	259.822	203.833	153.219
114.604	256.202	197.960	150.993
148.361	258.430	188.305	139.615
189.161	259.776	168.668	129.000
220.881	263.521	147.360	120.266
240.840	266.923	128.285	119.550
273.706	278.895	101.114	110.107
280.164	280.960	82.107	96.790
269.506	283.256	81.550	104.146
439.731	263.336	164.820	97.630
260.125	255.723	62.213	111.734
489.249	258.869	166.165	87.816
523.292	245.953	167.291	94.706
527.095	237.973	188.856	101.863
534.426	232.566	207.464	105.195
536.881	228.483	221.944	108.055
533.020	230.462	224.533	109.578
522.209	228.425	224.828	118.466
494.542	224.799	218.969	130.879
457.357	212.530	204.687	159.275
437.634	222.988	186.508	160.061
393.734	231.914	160.530	154.671
338.865	229.921	146.263	159.857
307.940	222.214	146.162	170.073
242.074	219.328	179.033	162.637
199.875	223.547	188.794	157.662
156.476	217.695	213.702	157.818
116.404	218.635	232.158	159.139
98.897	221.949	242.672	158.760
106.548	225.356	238.048	156.441
116.893	232.746	227.244	152.095
138.480	239.189	204.290	151.832
160.690	244.837	186.655	152.092
174.846	248.561	177.617	154.965
171.417	253.048	202.932	160.943
175.674	255.337	206.090	165.229
184.226	257.415	202.693	176.298
196.170	257.652	194.780	182.197
222.989	258.523	175.357	182.850
245.745	260.050	158.614	195.501
273.239	262.684	146.641	189.301
293.571	264.927	148.308	184.361
338.745	265.304	121.996	195.800
356.116	266.152	116.457	185.586
372.265	264.908	121.541	169.837
417.982	272.848	115.638	175.122
442.179	275.162	119.202	172.163
446.067	274.019	136.942	171.709
459.163	270.524	155.327	172.214
463.096	277.052	161.633	170.688
469.380	283.313	176.178	162.516
470.502	280.708	185.354	167.084
467.581	283.429	188.577	164.896
228.684	186.905	93.167	205.190
470.788	288.827	186.378	156.409
472.994	287.949	170.035	153.765
486.881	288.869	152.610	149.138
490.763	291.325	145.113	142.770
474.712	290.922	141.513	131.465
471.422	299.624	126.992	117.656
460.976	291.286	124.585	122.866
208.464	145.208	149.916	262.838
321.811	219.624	136.157	192.461
264.328	181.816	169.988	180.733
293.961	265.857	111.537	142.639
277.286	274.027	93.228	128.553
257.652	273.622	112.617	126.039
223.614	275.519	147.931	113.074
207.470	275.999	163.154	99.826
209.864	274.315	159.197	93.701
225.652	274.496	140.486	102.109
244.628	274.730	123.996	115.469
271.499	280.601	99.780	128.071
283.525	293.824	89.680	125.291
291.236	293.824	81.590	126.214
291.206	300.385	83.530	133.269
283.950	304.743	89.271	132.492
284.585	304.810	88.009	133.690
285.649	300.929	88.066	135.086
297.012	288.228	89.684	140.996
337.460	263.234	124.544	134.574
398.253	284.659	106.390	121.197
410.266	281.157	110.935	132.381
442.763	286.147	101.189	132.263
448.768	285.343	113.443	133.635
468.445	281.350	118.254	131.963
490.954	271.288	110.618	137.482
488.452	271.538	130.421	127.506
481.895	269.304	170.410	112.065
459.293	269.153	199.937	92.007
444.986	246.180	199.396	96.581
439.333	230.165	182.743	112.338
421.404	224.455	166.599	121.375
378.150	213.648	149.328	131.818
351.417	218.038	156.529	133.107
310.635	219.813	160.680	138.267
284.001	224.326	172.727	141.182
274.957	230.449	177.191	148.497
274.271	243.171	175.814	147.240
283.052	256.941	167.949	135.048
291.260	267.958	162.559	123.873
293.179	271.193	162.534	129.347
308.030	273.725	152.940	134.108
315.844	277.835	149.269	138.066
372.365	279.384	110.384	139.335
407.093	281.423	107.321	135.791
450.282	293.370	109.216	123.784
469.529	291.240	125.148	125.955
477.035	292.212	150.680	127.411
483.528	293.333	160.691	126.166
492.259	292.744	161.650	124.478
499.097	294.088	160.278	122.652
296.160	181.796	60.261	157.308
494.806	294.744	152.753	117.163
301.662	264.007	92.813	108.561
311.295	296.551	104.195	86.264
323.322	293.891	92.158	94.993
337.644	289.278	84.546	102.983
340.740	283.167	85.054	122.350
342.444	276.906	113.383	174.739
346.071	277.001	114.952	128.028
335.593	284.387	94.131	106.958
319.073	286.192	91.061	115.083
306.299	286.145	100.835	115.212
290.098	288.429	118.646	108.171
275.420	282.533	134.117	110.946
265.697	276.150	142.567	116.267
271.421	272.088	138.576	119.436
289.167	269.516	123.902	124.237
310.280	267.558	109.249	124.996
354.261	275.101	91.829	119.317
373.528	299.553	102.658	96.581
372.813	292.450	93.741	107.578
365.966	294.649	104.528	105.680
358.511	297.348	112.228	105.526
358.509	299.733	115.172	103.866
360.552	299.066	130.914	106.851
359.450	300.241	145.254	109.409
354.379	297.759	166.096	114.038
351.212	286.549	179.174	127.674
350.309	276.769	179.980	139.155
353.653	279.843	157.536	137.695
354.136	282.227	120.260	135.904
349.121	287.921	89.547	130.532
331.565	294.839	100.077	124.434
304.537	294.535	124.749	122.379
280.002	293.378	149.630	121.476
274.347	292.159	152.153	124.574
271.979	291.401	151.656	124.110
270.595	289.280	152.630	128.366
272.599	289.356	152.618	129.778
286.655	287.181	141.910	132.169
305.407	286.938	125.120	128.799
325.574	286.829	105.889	119.578
348.126	281.012	93.261	115.468
348.560	292.768	100.428	112.076
374.201	292.727	171.139	150.347
379.970	186.245	180.951	303.657
367.396	63.976	222.625	472.966
465.788	253.306	159.785	121.398
487.599	233.299	151.695	148.581
505.953	245.463	140.337	124.495
506.066	251.248	139.786	99.177
481.118	218.812	184.267	132.245
489.750	204.634	141.062	130.845
488.971	202.838	132.731	127.287
490.066	198.486	102.735	116.448
487.736	196.189	92.017	117.238
477.942	197.630	93.324	112.484
459.543	200.084	92.844	115.903
444.738	206.399	90.956	111.559
432.149	213.573	82.996	115.833
422.545	222.551	88.568	117.412
411.461	224.612	100.134	121.007
400.358	222.972	111.818	129.305
386.926	222.733	125.928	127.082
369.759	238.880	135.407	112.433
362.623	265.288	136.483	90.561
352.832	263.232	140.331	95.574
351.158	268.812	136.019	90.838
352.267	271.824	126.160	88.355
343.142	273.728	118.552	88.573
323.943	276.461	109.175	85.572
319.512	277.599	107.155	89.494
285.145	266.838	128.374	102.305
256.393	252.666	171.647	116.792
263.973	257.957	114.614	110.106
263.189	252.900	96.747	112.992
238.062	259.083	121.580	103.415
226.917	257.820	136.990	104.967
222.630	252.953	159.936	105.049
233.923	262.574	153.070	100.725
247.678	268.610	150.028	93.253
253.600	269.394	156.880	83.452
268.674	272.851	157.165	80.662
291.198	267.323	154.997	82.455
314.126	263.225	150.604	90.860
336.697	267.034	126.974	94.955
334.990	272.907	126.837	89.979
346.669	276.172	149.246	85.874
374.765	264.743	125.672	98.804
377.130	264.539	120.994	96.151
356.045	262.280	155.432	80.235
344.753	260.401	173.254	78.604
341.693	248.846	162.459	89.143
345.798	246.579	156.850	89.751
361.670	244.985	144.625	78.202
375.812	247.718	138.596	68.851
385.964	250.225	139.861	62.834
391.512	246.045	128.597	78.339
409.707	243.377	91.207	92.308
425.945	202.315	112.120	132.075
426.311	204.247	109.315	98.063
423.539	195.228	112.788	103.005
401.526	192.835	134.039	106.456
394.988	189.585	136.905	108.573
385.318	185.940	142.046	117.663
374.158	196.648	137.048	116.824
375.348	199.031	126.451	111.926
361.236	208.932	119.758	109.898
353.187	233.812	101.189	98.646
357.645	254.935	107.602	83.991
358.579	270.907	110.948	77.784
360.732	273.298	118.620	79.560
362.335	276.664	113.195	78.344
364.725	281.882	113.687	72.020
358.338	273.917	125.738	77.415
347.720	265.910	135.883	77.091
336.656	260.575	137.633	81.244
324.325	254.622	139.774	84.098
318.748	229.505	136.044	87.787
354.112	205.689	121.194	96.407
357.363	181.910	127.634	112.807
359.194	185.652	140.471	112.279
372.103	184.818	137.185	111.515
385.348	186.459	123.568	106.406
392.167	205.436	100.596	90.036
385.501	207.765	114.565	82.423
380.374	209.238	115.833	82.603
380.689	208.444	127.732	87.176
381.517	198.777	137.447	101.099
382.839	188.162	130.659	95.060
401.412	175.957	113.309	99.613
386.208	159.434	131.677	78.145
387.954	153.573	131.474	74.924
396.838	143.164	120.693	77.888
403.639	121.859	120.953	79.479
424.983	107.840	113.869	79.174
446.616	97.062	93.682	87.417
445.279	79.073	92.477	100.854
435.770	66.793	98.811	98.139
406.944	55.940	111.938	83.483
386.888	59.924	112.387	83.449
383.625	68.325	86.990	92.431
515.504	272.980	75.572	20.898
557.180	277.798	60.221	58.676
467.724	397.340	20.794	29.523
398.637	138.212	109.644	92.447
404.889	139.587	112.703	81.297
407.113	140.202	113.635	79.372
408.414	136.549	120.513	68.925
430.882	117.930	103.278	66.937
437.649	105.349	92.787	79.167
436.899	91.088	78.712	90.671
453.745	89.060	83.847	84.000
458.340	93.052	103.451	71.267
478.274	90.066	91.946	87.479
463.015	138.660	117.175	155.338
466.431	129.512	112.427	100.968
461.013	146.799	102.232	81.057
467.459	151.154	91.378	83.937
474.767	186.316	91.627	94.303
474.819	207.197	88.926	94.293
431.156	138.425	81.938	85.639
414.532	138.528	93.641	68.526
406.982	123.651	88.026	71.205
408.398	113.427	74.139	79.636
377.235	110.291	97.885	83.285
356.980	115.386	109.333	72.470
352.346	119.395	104.767	97.387
354.900	125.663	87.380	103.177
350.911	146.019	115.091	87.449
351.989	166.462	133.439	69.305
368.349	168.818	119.405	76.955
387.837	167.615	104.131	77.252
398.553	163.486	103.053	78.973
402.928	151.203	115.722	68.486
424.605	137.990	107.786	71.204
444.280	115.470	78.186	86.500
454.747	113.795	81.191	81.003
459.228	111.403	101.109	76.935
468.570	85.242	112.573	146.255
511.461	187.378	104.209	120.777
513.035	193.931	111.176	111.200
512.238	178.254	113.850	123.057
482.021	129.420	102.188	101.516
476.744	126.460	98.534	84.783
463.717	108.599	97.360	94.394
455.023	96.506	98.242	99.423
443.904	88.486	101.028	92.206
433.828	86.966	102.229	88.479
432.748	84.938	84.327	79.275
423.447	85.378	88.901	74.708
397.291	88.969	105.913	66.040
364.286	92.752	129.033	60.042
355.991	93.476	122.887	77.760
336.315	97.866	99.378	89.269
339.290	102.202	96.255	84.626
340.763	104.434	97.149	87.943
345.572	115.278	100.513	91.390
368.144	128.021	113.984	85.862
389.983	121.516	109.446	90.219
420.491	117.809	82.836	86.249
428.338	114.577	75.288	81.925
431.454	112.102	76.749	82.663
438.556	106.445	78.296	82.141
439.953	106.364	90.526	82.580
440.777	106.095	104.797	80.791
441.350	106.293	106.936	76.420
445.760	111.027	105.290	70.246
453.123	113.746	97.614	76.696
461.806	116.092	102.119	89.058
457.082	125.857	110.891	80.555
463.438	135.553	109.012	86.895
456.850	141.987	105.976	92.885
457.904	148.602	105.672	90.162
446.695	155.458	100.672	99.570
433.470	145.045	106.676	91.839
430.968	149.389	107.230	104.863
428.853	140.457	133.138	208.331
431.428	187.076	138.257	127.013
409.575	164.427	118.165	109.119
400.786	168.327	104.817	92.231
401.861	180.905	100.400	82.355
412.074	187.029	105.054	81.855
381.820	189.269	137.316	109.823
390.713	204.347	108.814	103.469
394.584	226.115	107.130	82.963
401.370	237.288	109.953	83.586
410.491	255.196	107.757	76.402
420.625	260.240	101.595	85.414
467.168	284.907	101.287	61.948
476.335	287.460	105.005	56.069
492.165	281.036	114.302	61.567
524.115	256.105	98.024	77.464
536.106	245.518	86.450	81.206
543.332	240.457	83.676	78.596
544.339	236.599	87.365	74.171
532.482	235.516	96.852	76.778
523.853	230.595	101.543	81.402
501.362	250.372	100.688	62.141
476.124	254.032	96.883	63.305
460.045	253.030	85.139	68.810
443.807	251.501	84.316	77.594
420.496	239.257	80.997	89.505
397.407	226.750	76.906	87.541
369.329	217.934	89.590	91.195
342.056	214.978	102.033	95.973
337.160	212.163	104.090	88.884
338.082	213.531	102.279	81.812
339.010	220.919	101.216	77.273
350.481	241.606	96.211	72.084
355.206	255.095	93.605	80.309
356.690	260.588	94.032	90.712
360.260	279.211	98.378	75.998
372.931	303.774	105.693	56.147
379.570	312.503	107.803	51.298
378.811	313.772	111.836	54.169
373.933	307.306	112.716	58.413
367.825	300.599	113.351	63.223
366.541	296.754	103.248	64.978
366.417	292.059	101.290	67.383
366.078	283.668	98.742	73.166
367.931	265.415	88.722	90.371
368.229	250.938	92.801	99.748
372.391	250.878	97.611	97.870
386.240	251.158	101.150	92.160
410.936	270.801	107.959	65.013
439.026	277.461	95.639	63.610
451.714	282.715	103.462	58.237
454.576	284.636	119.750	58.038
464.225	285.716	119.581	58.842
465.329	278.664	123.517	65.435
474.647	265.313	113.608	73.366
480.189	256.308	107.947	71.875
478.906	250.387	116.667	71.252
478.745	243.100	125.144	75.663
474.074	243.654	121.749	72.129
341.490	247.440	57.886	105.411
413.525	206.417	184.927	207.013
404.995	171.843	254.763	377.212
216.717	576.000	329.311	0.000
520.161	198.140	119.895	108.741
540.727	207.265	94.361	100.501
531.054	226.973	105.489	91.355
525.902	252.731	113.317	81.754
530.699	273.362	103.856	74.480
526.236	283.301	111.491	68.790
527.837	287.779	110.817	61.719
529.350	286.175	100.825	61.481
517.937	285.408	106.152	55.550
503.311	278.997	107.644	56.049
486.914	266.830	89.969	60.920
480.571	257.647	67.417	69.938
411.871	221.808	97.897	104.454
406.839	253.590	96.285	69.287
401.002	259.542	66.131	76.151
407.039	255.893	62.596	76.930
407.779	255.278	59.981	78.350
408.071	255.926	60.749	77.514
405.183	257.919	68.998	78.570
409.054	254.081	66.400	74.704
408.205	257.638	62.953	76.702
407.503	259.246	61.919	76.061
531.115	271.604	113.971	62.833
410.848	267.509	36.147	78.390
414.953	258.127	25.504	89.232
428.936	316.656	20.591	79.068
430.976	312.068	20.975	84.174
536.202	256.235	102.796	72.438
515.699	264.558	122.775	56.940
503.567	263.010	131.836	58.904
470.075	260.209	148.230	61.176
451.215	266.135	135.916	57.604
438.797	268.771	125.525	53.242
408.584	262.051	126.944	57.679
405.998	254.958	127.142	68.712
414.312	249.553	116.197	68.196
421.267	244.775	108.560	72.638
420.249	233.858	105.103	70.124
425.912	221.052	104.664	81.746
426.227	219.005	111.162	89.904
418.590	209.793	146.157	110.938
461.062	204.726	97.515	72.062
473.907	205.994	99.872	74.358
465.038	213.090	118.429	85.263
462.322	226.174	124.374	78.186
450.931	238.285	118.132	71.252
437.969	241.304	125.581	69.146
443.235	242.001	103.373	72.752
442.957	240.448	101.092	72.539
439.958	229.576	103.561	78.354
411.628	222.780	107.003	77.524
414.666	205.415	134.534	123.849
418.729	200.520	129.148	71.013
425.616	204.312	119.678	66.354
436.489	197.857	110.684	75.726
400.999	170.658	101.993	82.838
395.362	175.480	108.792	69.671
389.837	175.695	104.027	72.606
383.985	173.098	97.935	82.692
382.931	171.143	96.157	84.866
379.072	183.899	101.830	83.919
380.624	192.745	109.220	89.992
384.441	199.282	116.805	81.462
397.536	203.604	112.017	86.705
407.045	202.353	114.636	87.715
435.212	202.990	110.055	81.050
456.617	194.493	103.887	68.882
459.649	188.515	150.712	117.398
471.460	184.639	144.105	125.741
488.922	156.860	95.955	87.225
504.784	150.749	96.277	91.788
509.344	151.814	98.353	89.893
507.124	155.017	101.113	87.160
524.905	155.344	81.781	91.460
532.912	162.708	73.777	83.556
514.916	168.018	92.658	81.794
505.422	171.882	104.463	81.902
501.381	179.691	108.943	79.334
495.798	182.413	101.228	88.187
465.516	178.784	134.915	129.922
435.166	191.732	101.624	77.695
412.013	187.790	110.200	65.904
371.561	179.314	113.237	67.270
375.212	168.957	103.013	75.157
347.363	163.605	108.249	72.423
324.110	164.677	108.565	73.588
308.693	167.413	111.060	71.814
310.776	176.731	100.012	83.559
301.534	181.546	88.615	80.624
298.205	205.790	91.527	70.385
293.011	207.752	92.891	82.765
295.381	223.862	87.294	78.678
308.030	234.878	79.977	71.891
300.702	241.357	93.067	71.912
296.809	254.159	90.753	71.150
289.685	268.911	108.351	60.254
298.370	272.674	109.486	62.880
309.351	267.736	102.941	68.726
323.434	262.244	102.282	72.224
322.913	257.695	103.992	74.152
321.358	240.088	110.456	84.369
318.705	228.420	114.101	69.061
320.434	198.804	108.384	90.006
336.915	185.270	91.760	102.750
341.685	178.163	97.264	86.970
343.376	175.286	109.661	88.206
350.599	171.390	108.865	91.698
361.460	191.216	168.788	108.762
382.692	207.451	138.895	105.985
381.704	214.719	126.327	93.596
378.419	217.679	124.718	83.191
376.636	212.027	101.855	88.172
378.357	200.565	89.991	94.261
383.106	190.253	78.848	90.547
381.041	187.016	91.228	80.915
376.534	180.073	92.908	77.790
367.944	173.835	88.287	76.937
369.602	161.427	97.105	86.986
367.393	156.990	98.568	80.295
369.757	150.762	87.703	90.798
366.722	154.495	88.768	87.192
362.925	164.007	92.675	84.520
373.151	184.573	105.088	81.313
390.512	197.953	94.593	92.917
403.086	212.502	133.294	72.249
420.886	216.912	126.628	65.994
452.347	213.832	102.138	65.390
471.169	201.223	94.282	73.405
478.341	197.965	98.150	72.700
503.678	198.834	98.371	112.218
523.317	191.940	100.374	107.182
505.163	167.386	123.685	151.790
513.996	163.606	107.733	127.691
498.906	164.796	134.991	219.677
518.774	162.629	110.794	129.354
513.651	208.012	95.332	99.665
504.872	205.140	113.322	92.395
516.463	201.030	102.893	101.783
512.277	200.301	96.966	104.703
501.849	197.382	108.048	100.793
461.308	185.313	109.762	82.703
455.165	180.469	89.455	70.692
451.988	173.200	80.416	74.161
443.143	173.648	74.197	78.587
409.671	178.848	94.682	71.965
374.965	184.640	120.431	62.341
364.809	185.288	114.536	71.772
359.501	177.843	69.398	97.826
336.623	199.182	92.330	89.013
331.247	227.361	107.688	69.860
351.981	247.937	94.736	60.934
361.551	250.345	89.749	69.109
371.964	255.955	88.267	76.703
384.374	258.001	88.687	77.036
393.395	259.304	87.358	74.748
398.116	252.919	95.284	78.235
403.440	248.146	100.695	78.278
405.561	249.676	113.332	63.140
404.731	238.947	104.623	70.653
432.035	214.395	127.467	105.364
446.342	207.531	119.294	100.886
461.617	222.552	102.401	85.991
464.529	222.374	90.010	74.313
454.464	238.632	93.828	73.904
433.554	246.872	106.237	65.549
426.455	252.783	110.277	57.862
420.115	255.800	103.202	59.961
420.105	252.679	95.502	63.685
416.775	248.666	95.634	68.750
409.924	244.655	100.700	74.111
406.032	245.084	105.665	73.694
404.837	245.504	103.308	74.085
405.778	243.439	98.270	78.991
407.462	242.334	93.641	84.265
404.653	241.784	94.835	86.207
406.991	244.916	111.268	84.441
412.975	250.182	116.640	78.114
419.193	254.136	114.888	72.037
426.443	253.332	108.359	72.011
428.074	260.483	109.616	63.311
431.296	262.812	110.304	58.221
426.821	264.595	121.914	52.960
428.108	263.061	119.194	54.898
435.998	259.925	107.657	58.265
439.467	260.862	102.138	57.680
441.312	259.944	97.599	60.317
432.952	260.356	103.905	60.939
427.751	260.968	111.432	63.338
419.306	262.303	119.917	64.720
415.088	263.299	117.602	63.997
411.070	265.579	120.987	62.560
405.975	267.496	123.445	59.394
403.038	266.872	122.223	59.604
402.201	266.954	120.800	58.373
400.634	267.802	120.673	55.945
400.128	267.727	118.045	54.601
400.818	267.223	121.008	54.439
402.343	266.254	120.215	55.918
404.025	265.834	123.792	56.323
405.106	267.242	120.951	55.370
410.334	268.621	116.875	55.359
413.203	269.736	121.634	58.390
414.003	271.841	119.033	58.879
416.242	272.638	121.922	61.788
415.364	276.293	115.723	62.826
411.422	279.159	116.490	64.693
408.984	283.132	113.149	68.310
404.665	284.977	113.552	74.209
402.332	284.991	117.523	80.694
398.069	284.413	122.871	86.580
395.289	282.907	125.561	91.897
397.944	276.025	124.591	96.010
404.244	268.928	121.090	82.812
417.547	266.128	110.192	70.451
359.528	188.798	183.679	133.713
398.594	222.429	154.433	102.940
419.744	262.745	141.907	55.229
293.449	362.486	22.160	85.071
466.839	267.381	119.119	50.084
483.727	280.670	134.205	47.336
486.760	284.451	131.544	55.581
508.520	294.558	112.958	61.341
516.056	295.111	109.150	71.973
520.292	302.899	107.226	72.236
517.495	308.454	101.129	76.427
514.585	309.901	93.565	81.632
508.978	307.081	86.935	83.833
501.035	300.597	68.408	89.196
495.365	285.088	66.849	87.493
493.768	271.158	69.896	90.416
494.901	266.795	77.639	75.803
497.301	262.514	96.995	58.014
505.019	259.354	112.164	42.719
513.396	254.571	119.958	40.913
526.245	249.625	111.572	40.677
525.993	213.418	128.995	93.374
406.033	219.586	46.718	92.897
369.042	374.342	62.695	31.497
375.794	380.686	53.196	69.647
371.765	381.749	59.130	74.839
368.738	380.222	64.183	81.692
367.335	372.086	67.734	78.549
364.293	372.177	68.399	80.960
426.196	278.286	95.188	77.687
399.858	282.430	87.416	75.152
379.255	281.621	88.916	80.825
365.190	375.300	69.985	84.004
343.142	266.323	98.635	70.110
244.801	231.804	155.914	93.157
288.291	232.156	106.756	73.732
308.815	221.932	110.085	89.886
313.175	239.214	111.194	91.225
314.274	245.875	145.404	172.886
263.530	377.951	287.678	193.555
226.268	59.649	287.436	474.334
204.428	37.060	321.947	211.108
401.805	227.591	131.442	94.603
423.087	264.852	122.463	75.256
452.476	272.074	105.209	80.818
344.033	312.527	82.718	81.911
346.929	310.052	68.316	70.476
497.057	264.336	118.767	105.971
508.619	259.869	122.400	93.273
353.580	317.579	60.010	108.379
527.097	247.758	120.437	77.017
534.328	215.920	112.967	82.677
545.936	215.970	112.557	72.185
417.105	368.859	34.268	68.360
540.768	206.600	109.953	83.945
529.028	207.047	114.683	80.107
525.120	205.334	112.488	83.980
392.246	311.419	72.413	126.590
402.555	296.603	72.733	129.017
405.977	290.672	74.103	120.562
413.505	283.060	74.050	115.767
411.833	285.363	89.782	95.411
397.708	278.053	77.824	106.958
341.933	245.912	121.745	143.560
331.917	239.930	141.151	242.710
314.926	240.168	120.514	105.149
312.605	207.999	139.866	174.155
315.302	213.217	138.124	128.183
317.349	219.697	140.942	231.351
304.851	196.640	131.117	105.670
320.587	190.863	120.551	79.181
327.747	197.068	117.558	81.214
346.808	201.338	121.750	82.848
381.857	213.498	107.906	88.002
398.924	230.483	128.977	79.364
421.226	243.062	110.144	78.038
380.438	296.544	71.938	89.802
386.630	294.166	110.340	100.099
481.257	252.591	134.817	96.594
409.242	211.592	195.221	167.674
389.620	197.194	235.936	328.238
401.660	292.890	85.694	124.286
387.299	308.637	102.410	120.571
406.746	289.363	92.775	108.441
420.527	227.450	117.222	115.490
400.185	283.998	112.010	108.079
377.701	308.857	96.134	97.063
388.234	284.444	79.467	96.832
405.932	226.068	170.118	115.488
408.197	284.629	63.686	81.026
407.382	197.105	135.143	118.297
426.855	226.217	128.529	109.318
418.624	231.884	120.899	95.968
409.942	225.275	123.413	96.329
409.895	218.212	122.170	96.157
411.150	211.176	120.785	95.810
411.810	207.502	119.201	94.913
415.120	204.500	120.487	88.948
419.989	203.023	117.761	91.645
419.235	204.244	116.189	91.770
418.482	206.553	117.840	94.937
421.157	214.569	114.170	98.696
419.995	233.124	117.380	93.433
418.876	248.321	101.329	98.690
417.130	256.930	98.905	91.519
421.859	263.863	95.457	93.182
421.936	267.258	93.614	93.142
421.389	262.757	90.401	96.274
434.809	254.346	88.964	96.534
445.280	249.272	93.770	93.420
418.795	244.876	95.270	98.726
452.428	209.895	99.486	97.737
444.803	204.671	110.772	96.040
421.534	176.091	101.511	188.929
433.713	165.681	149.945	306.109
419.312	244.910	74.959	129.245
420.272	247.490	64.367	124.989
417.347	248.515	68.468	120.897
410.734	243.331	84.805	98.700
450.582	152.233	106.999	93.304
451.871	153.919	116.977	102.770
450.644	169.546	114.464	88.378
453.676	184.435	106.832	77.104
458.695	187.203	98.118	80.158
456.892	190.133	105.430	81.146
457.709	193.067	111.991	84.006
454.031	196.265	117.166	107.115
453.963	194.961	114.712	111.339
454.882	166.219	124.561	221.377
390.797	179.214	150.364	182.152
433.249	172.784	126.124	238.449
414.541	184.754	132.427	211.306
402.953	213.400	155.474	191.131
421.778	167.515	154.202	308.659
213.224	426.857	488.783	149.143
414.206	284.061	96.538	114.700
444.882	299.842	75.108	98.533
447.100	295.473	70.218	93.700
448.290	286.434	69.720	95.596
420.762	272.507	103.773	166.556
428.965	253.072	90.017	133.568
414.568	234.201	91.104	124.200
428.073	223.631	134.749	234.178
445.650	251.756	114.211	261.158
364.082	145.726	226.460	377.456
394.234	115.864	274.594	387.638
426.006	186.037	105.802	140.838
432.314	105.493	89.917	137.160
428.772	96.866	69.297	110.755
426.781	95.882	68.452	102.028
402.759	227.463	71.641	89.897
417.992	135.786	106.732	183.834
424.800	186.801	116.552	136.455
422.864	220.998	117.937	102.528
422.889	216.414	98.486	106.129
418.045	226.481	91.248	105.833
419.095	233.542	86.017	98.810
421.455	121.751	113.227	206.054
416.038	245.379	81.157	78.627
453.687	221.745	56.253	115.657
440.368	285.088	72.922	80.306
452.438	279.812	67.241	93.226
462.761	281.192	62.702	96.017
466.603	290.565	62.387	92.524
459.984	294.697	68.923	89.167
455.677	298.721	70.711	85.584
460.437	294.536	67.743	86.813
456.876	295.123	68.620	85.408
466.492	280.788	59.634	94.581
465.355	278.892	58.354	96.276
458.875	263.027	58.649	104.747
452.658	228.479	57.526	131.047
441.632	234.490	67.959	123.982
439.173	186.450	64.527	98.359
436.136	165.162	73.610	114.246
434.645	184.605	124.490	136.664
438.614	186.012	106.716	140.818
443.316	192.311	105.943	118.596
427.507	169.749	113.810	135.982
413.690	175.465	123.710	139.929
390.689	165.875	132.707	143.430
382.009	170.550	125.556	143.790
364.527	168.907	136.562	142.585
365.115	192.265	120.307	135.718
364.822	181.776	106.367	105.193
377.401	178.288	101.674	94.113
398.189	182.479	88.958	118.394
427.893	253.377	87.648	94.357
386.051	185.836	135.191	185.727
406.293	267.258	105.693	123.148
396.539	281.899	103.446	111.707
388.321	287.320	113.937	109.553
381.116	288.954	121.056	109.989
372.779	285.350	128.202	113.144
368.870	286.354	131.662	113.036
367.318	286.727	134.774	112.912
365.838	289.189	132.052	109.986
366.464	292.239	132.643	107.296
367.653	289.085	128.433	110.859
367.462	287.997	122.938	110.882
369.435	290.616	117.277	106.361
368.328	294.387	115.607	101.738
369.158	293.375	116.183	100.538
384.282	295.201	98.939	98.678
388.813	293.634	86.378	97.873
405.068	294.393	75.352	98.229
408.958	293.516	70.012	100.940
408.125	294.670	70.131	98.387
414.232	296.357	75.203	93.142
410.660	299.228	82.292	91.122
411.983	301.177	89.349	90.762
411.818	304.203	99.204	88.861
406.751	307.905	105.041	86.040
417.735	300.701	102.440	89.711
415.725	301.459	115.713	86.312
418.653	304.137	112.634	83.973
419.312	304.440	119.727	81.857
418.745	304.830	134.965	79.214
424.366	301.152	134.571	83.503
426.197	298.387	138.707	88.569
427.244	298.594	138.414	88.967
428.967	299.377	129.958	91.852
424.215	306.567	127.185	94.097
424.119	311.534	102.480	93.871
418.967	311.001	98.120	90.324
487.558	189.799	93.843	93.702
509.572	307.603	96.084	78.775
509.924	305.122	95.253	80.291
510.799	303.714	95.158	80.930
511.482	303.053	97.010	80.743
514.020	301.185	94.627	81.547
513.394	302.923	96.923	79.678
515.414	302.991	103.575	76.140
519.878	302.320	104.154	74.829
520.780	302.863	105.080	75.634
521.905	303.358	107.042	76.168
524.443	303.180	107.879	75.238
522.375	303.212	107.369	74.002
524.203	302.464	106.296	74.900
523.674	300.669	106.470	76.204
523.848	300.295	102.569	76.346
522.018	298.173	103.171	78.774
523.759	300.105	101.483	77.341
526.231	297.618	98.910	80.477
527.400	298.080	95.806	79.873
528.052	297.312	94.761	81.455
527.743	296.759	92.447	81.421
527.013	297.158	92.967	81.233
527.317	297.368	93.936	81.629
527.615	298.254	95.161	81.644
527.275	299.332	94.051	80.163
526.294	298.522	94.623	81.636
525.394	300.197	93.140	79.895
525.219	300.778	91.645	79.832
525.669	300.482	88.369	80.490
524.248	300.276	87.736	82.687
522.377	300.446	84.041	81.667
518.859	304.422	81.537	79.455
515.009	301.822	80.494	77.609
517.371	304.426	74.156	74.924
512.862	303.997	76.609	74.413
509.722	302.574	78.642	75.638
508.095	303.738	76.505	74.591
503.733	304.738	81.423	72.865
500.171	303.974	82.592	73.809
496.072	302.443	82.715	73.182
492.205	302.124	81.193	73.780
487.097	301.729	80.384	74.752
481.027	301.141	81.885	75.308
474.687	302.057	86.322	73.771
469.402	300.082	90.920	75.817
465.022	301.249	96.168	76.423
459.219	300.183	97.352	79.785
455.926	298.417	98.292	80.923
456.734	299.028	95.515	79.158
454.621	299.977	96.750	77.144
453.480	299.900	96.884	77.375
453.590	299.517	94.352	77.335
450.771	299.328	96.769	77.065
439.425	298.375	108.562	78.165
441.555	295.253	106.906	82.208
436.942	295.290	110.617	82.380
437.748	290.677	106.508	84.393
442.515	291.822	96.526	82.461
442.319	286.329	86.049	86.069
444.021	287.747	84.200	85.229
440.644	285.257	81.495	86.239
439.640	285.264	76.781	88.646
438.026	282.717	78.301	86.222
437.059	284.554	74.530	84.850
433.716	282.922	76.091	85.243
433.958	283.334	71.447	83.415
431.311	282.925	70.456	73.887
428.570	283.626	71.542	71.583
428.741	284.675	71.335	70.548
429.596	286.521	68.437	69.084
431.379	286.884	65.507	73.319
431.697	288.085	67.443	74.423
430.411	289.371	66.923	75.347
428.788	287.814	67.743	74.491
430.444	291.108	65.554	71.738
430.719	290.238	66.281	69.925
434.690	293.410	64.986	70.050
432.075	291.469	71.577	73.731
430.387	289.636	73.547	76.561
430.976	291.209	71.237	74.381
431.961	290.758	71.614	79.523
430.636	289.630	71.329	76.776
431.718	291.067	70.692	78.432
430.549	289.972	73.103	81.468
430.695	289.764	72.818	81.108
431.407	288.106	71.616	84.503
426.857	285.911	74.934	79.613
434.741	290.768	70.697	83.005
427.743	288.853	74.389	77.971
425.950	288.000	78.933	85.904
425.771	287.376	78.697	87.579
430.824	287.222	75.151	89.010
427.929	283.422	75.143	87.947
428.672	279.753	73.510	90.800
429.345	276.155	70.028	88.537
430.371	273.441	69.187	90.711
424.970	257.099	69.846	98.313
421.398	250.857	74.350	93.158
411.446	243.011	77.037	92.626
403.353	231.860	76.972	95.581
398.487	220.110	79.610	97.962
400.353	222.836	84.709	89.253
396.940	207.410	92.824	96.499
388.758	201.496	104.490	112.355
390.964	221.059	102.074	98.410
345.876	225.115	170.067	169.749
364.346	149.676	199.423	327.200
355.216	108.390	261.407	409.288
376.067	164.823	125.679	119.878
402.129	203.752	105.726	103.641
380.313	180.323	81.259	93.355
381.118	179.110	92.437	73.970
396.585	187.857	88.438	72.296
395.366	198.056	99.398	65.746
398.673	212.751	94.269	52.356
393.983	216.504	94.366	52.500
395.649	227.700	87.758	78.292
396.202	248.212	112.004	59.834
399.246	251.727	104.060	53.096
401.850	252.639	92.015	60.270
404.971	254.853	94.025	79.765
409.717	259.276	94.337	81.835
414.020	250.902	87.146	96.617
420.505	246.575	84.022	101.507
426.085	244.473	79.807	93.197
429.550	243.464	72.152	94.069
431.253	222.342	70.983	96.433
444.371	204.738	72.294	93.145
450.594	204.266	65.897	88.443
450.623	174.168	89.395	95.957
447.590	182.807	118.997	113.991
447.904	173.852	119.970	125.409
444.070	173.148	125.886	116.544
452.194	189.623	117.508	93.158
452.291	168.483	113.873	92.417
448.120	168.525	115.811	98.879
461.045	179.102	112.305	89.068
447.679	226.637	107.961	83.032
459.855	237.957	102.172	74.014
461.078	230.243	91.571	92.219
440.427	237.282	96.010	74.694
633.195	416.466	26.728	29.640
631.486	374.046	36.199	27.916
632.858	399.480	61.855	62.812
633.139	421.427	93.634	86.265
500.017	382.053	36.268	71.183
615.928	412.588	126.783	92.515
502.020	271.519	63.505	90.512
486.788	249.111	70.603	84.216
627.706	423.229	49.116	23.629
398.273	202.057	158.104	133.198
463.976	207.698	81.767	111.296
454.046	208.950	84.175	95.771
439.215	194.088	97.264	104.266
389.963	179.332	154.157	149.490
394.289	165.844	156.061	141.900
407.867	174.497	129.070	121.321
370.166	162.898	131.814	85.736
359.631	113.158	86.157	116.121
350.673	116.724	81.401	108.036
338.640	155.844	174.474	181.974
337.966	122.907	76.944	118.272
322.642	174.516	87.703	86.905
310.821	182.384	164.642	145.928
344.319	180.626	172.552	123.961
298.691	199.813	135.875	108.106
307.745	216.083	110.401	94.471
316.315	245.890	110.950	83.143
319.345	252.772	120.338	83.698
323.107	262.104	110.001	89.579
339.959	277.024	117.211	85.956
193.996	276.400	110.344	114.332
349.426	288.943	118.741	84.858
352.568	273.021	101.470	104.486
357.861	267.756	93.817	107.368
360.348	255.702	85.233	109.351
359.391	247.629	79.928	108.892
360.441	215.160	106.051	168.352
363.174	180.421	85.981	137.940
368.585	175.784	88.198	121.247
377.006	179.301	103.131	116.340
371.414	100.960	165.677	188.113
377.723	124.603	119.173	114.870
387.903	112.053	108.094	107.449
360.960	139.708	176.454	137.700
133.368	100.775	98.951	158.202
388.130	187.834	51.937	115.458
396.346	158.070	136.307	152.010
371.630	139.079	126.050	90.870
417.898	141.903	114.083	87.572
405.202	210.396	106.673	97.842
389.514	149.972	129.576	87.558
468.118	210.283	118.002	84.471
429.661	230.102	121.164	82.219
451.749	227.683	113.040	90.754
429.424	226.944	141.920	122.827
454.985	255.053	119.657	114.965
424.668	269.560	158.570	189.918
490.717	280.060	86.675	110.814
493.326	293.729	81.042	95.694
497.914	295.606	72.936	95.195
492.287	288.889	76.188	99.619
458.741	273.355	101.240	98.111
438.568	239.353	134.793	136.059
450.401	206.071	114.980	142.605
455.863	188.401	97.441	151.575
375.558	140.655	176.358	130.818
411.559	150.615	140.504	140.776
410.977	149.714	135.380	141.728
399.095	153.074	128.219	131.021
394.222	113.651	153.604	192.868
392.710	100.223	148.013	195.499
340.221	0.000	249.308	283.050
411.331	143.194	125.684	117.782
408.769	139.136	123.825	117.747
576.837	411.949	132.197	28.229
613.336	422.632	112.538	91.516
465.139	263.679	30.950	55.471
439.715	269.610	63.980	55.758
351.110	345.107	47.655	71.725
409.258	64.631	109.873	155.398
416.818	113.770	142.696	183.975
551.035	427.756	177.739	105.060
404.615	116.927	156.141	163.123
410.998	140.291	156.060	143.988
417.286	161.965	148.044	134.902
422.334	183.694	134.902	163.808
422.213	221.027	112.901	194.680
443.972	277.200	84.080	157.967
446.355	274.404	128.411	186.052
390.689	92.863	209.923	282.005
432.763	407.774	325.672	135.542
456.702	341.956	227.970	178.523
452.524	378.867	183.826	144.442
467.521	412.807	180.030	104.276
475.078	417.671	166.185	100.061
485.157	422.948	172.311	98.412
302.544	323.060	151.625	76.668
334.590	318.718	133.671	70.295
197.801	317.463	93.340	122.922
240.964	311.955	141.022	107.798
316.492	321.151	137.279	82.078
336.820	327.909	129.863	54.496
345.911	327.579	116.172	78.115
357.602	327.760	113.842	77.220
436.361	181.383	130.488	164.964
439.116	181.948	123.635	167.189
448.670	196.090	108.630	151.125
449.252	224.210	108.715	133.593
456.292	228.062	97.032	131.697
441.738	380.965	83.071	112.232
371.761	196.638	170.819	151.706
383.818	241.398	100.064	88.692
377.468	233.869	177.095	142.288
393.745	281.829	147.207	98.358
402.451	261.239	135.134	110.108
429.880	388.615	94.537	104.936
433.424	401.626	100.541	94.136
376.972	263.854	92.340	84.272
429.880	396.061	138.628	112.366
485.862	464.083	205.783	89.865
536.696	474.247	167.348	68.214
553.943	453.552	161.838	88.826
536.022	439.489	152.622	99.649
508.461	410.683	224.605	138.127
522.365	387.849	186.489	142.238
513.144	367.102	162.362	150.488
478.842	327.614	232.995	190.254
467.902	318.084	194.095	167.877
466.573	284.890	239.081	228.736
436.931	260.899	240.964	263.249
367.711	203.778	358.638	342.625
389.811	286.039	206.839	123.151
390.394	274.447	147.746	113.439
384.824	266.624	145.100	106.658
382.339	267.107	129.409	101.590
373.879	258.577	117.103	108.405
203.158	108.216	72.633	121.362
363.139	241.477	112.062	122.759
363.115	249.375	111.508	116.639
369.469	249.490	102.819	114.834
366.451	247.583	105.211	120.616
356.367	239.577	115.223	129.881
322.337	225.180	166.518	151.888
316.798	222.673	140.013	135.398
304.672	210.595	137.411	137.119
285.206	205.742	151.286	134.692
238.744	193.610	214.209	140.523
225.224	192.341	164.650	119.049
199.640	188.069	149.180	101.197
197.956	186.826	137.578	92.198
194.333	185.273	129.452	88.375
193.531	186.326	123.699	91.206
199.894	195.257	130.120	93.530
202.240	194.804	141.392	103.361
223.764	224.260	133.602	80.272
244.002	204.338	198.390	110.734
333.741	267.887	114.545	86.430
352.985	275.789	118.956	92.536
381.833	292.037	113.760	91.201
420.724	298.191	85.686	89.979
375.324	197.080	151.234	177.773
415.293	301.453	85.819	71.914
569.545	456.971	46.366	38.977
577.319	362.785	99.736	124.489
561.850	241.965	141.739	86.505
586.206	235.378	133.632	77.824
603.570	233.951	118.412	74.434
599.744	231.608	122.174	79.543
595.605	227.592	130.740	88.673
578.846	224.467	137.658	104.666
405.515	167.224	97.792	118.712
366.043	165.647	141.692	124.662
499.854	205.977	143.541	140.127
358.645	172.096	126.686	139.631
323.007	194.606	191.454	171.108
357.037	181.859	150.752	175.459
313.309	202.000	171.299	146.398
301.733	202.223	140.433	132.179
301.485	217.554	145.223	106.398
297.913	229.217	143.389	90.700
296.669	239.726	147.868	71.263
311.674	233.229	145.142	79.135
326.828	238.223	140.019	89.567
333.718	238.281	122.750	101.680
344.574	245.469	119.200	109.741
367.518	257.177	124.048	104.677
367.868	292.213	129.363	89.232
389.859	196.156	113.990	107.984
485.698	278.228	153.113	105.631
512.748	282.682	147.463	98.472
531.192	270.671	155.378	95.764
545.700	269.661	162.839	87.539
553.219	269.513	157.883	77.990
552.091	262.313	141.324	70.910
540.052	263.009	137.986	69.150
532.283	259.819	130.293	69.800
380.127	172.052	160.427	131.254
526.380	263.715	116.461	64.237
493.493	212.369	96.593	107.326
421.989	189.559	122.199	98.287
382.395	188.026	110.397	107.606
312.524	254.727	103.789	98.181
291.032	259.618	114.983	78.108
282.614	270.027	118.061	85.414
257.669	272.909	132.124	84.640
246.582	271.147	132.803	99.448
237.981	271.138	131.342	105.292
236.939	262.784	129.439	100.063
242.825	259.950	129.590	90.966
259.081	261.162	112.463	88.699
258.652	263.365	112.513	85.080
258.197	264.441	112.021	84.246
256.489	266.305	114.108	80.868
244.919	265.414	127.066	84.760
236.144	264.285	123.051	88.485
233.199	268.362	121.877	87.165
232.550	273.363	111.675	86.453
228.607	278.144	108.295	83.802
233.434	281.303	106.933	76.479
246.813	284.605	98.225	73.561
280.249	185.714	126.681	166.543
288.116	191.167	139.595	118.258
267.183	198.802	108.298	133.887
274.161	55.874	194.558	223.690
271.368	108.788	200.498	213.013
272.939	203.254	256.563	289.034
273.643	143.484	215.069	325.202
250.755	237.045	219.153	145.311
280.724	143.373	198.901	394.492
393.519	239.153	152.597	78.273
423.784	232.093	124.709	87.332
391.499	237.193	139.811	88.261
334.138	247.278	143.614	80.690
296.480	254.465	126.505	98.266
252.979	263.950	127.342	89.549
234.609	272.045	132.768	92.777
218.827	273.943	134.557	95.583
162.897	283.457	158.124	85.350
149.487	288.062	152.698	90.384
136.442	290.482	140.470	100.487
123.895	291.609	149.111	101.272
121.339	290.620	146.190	116.238
123.485	287.622	144.417	113.583
131.369	291.649	133.464	107.250
142.656	292.882	123.750	105.608
142.988	290.893	116.862	106.871
142.717	290.942	124.609	109.215
146.824	279.501	116.457	118.738
147.792	275.537	116.464	120.829
154.243	266.874	121.641	125.487
156.043	252.871	130.301	125.424
166.929	234.614	117.815	123.563
260.122	219.697	112.971	96.539
237.932	206.171	129.850	92.969
196.859	160.583	101.341	126.648
197.161	147.295	100.754	102.140
205.113	146.852	174.944	160.894
236.404	149.094	146.813	148.935
257.776	158.109	140.860	149.037
262.981	167.892	136.354	131.992
225.678	153.180	143.743	127.867
269.461	180.593	138.298	117.868
277.708	197.342	140.988	100.396
284.907	206.612	154.085	89.907
275.459	206.426	164.732	91.241
307.407	210.752	136.891	86.469
346.923	215.634	102.385	76.833
354.417	222.875	95.075	70.058
364.051	226.376	85.064	73.421
312.707	203.047	144.147	107.739
320.042	238.768	99.878	93.648
316.555	256.859	86.290	77.634
322.987	239.281	81.167	86.857
339.555	225.698	99.005	91.155
317.430	190.182	146.195	122.326
336.302	202.224	130.924	97.424
324.736	178.471	120.275	116.631
332.404	167.462	128.668	124.471
352.219	168.127	116.231	121.920
347.050	158.951	122.638	127.188
339.392	156.097	129.557	129.932
359.619	163.737	109.507	119.212
328.622	95.461	114.380	120.946
329.936	83.820	87.686	125.905
330.563	92.842	80.793	109.454
287.378	113.902	159.504	155.717
335.715	132.665	81.714	113.240
322.127	116.784	131.535	151.602
344.776	191.952	95.253	120.238
307.557	64.821	152.950	211.146
287.269	419.825	165.472	113.526
322.218	152.254	158.100	175.780
339.951	260.260	119.570	117.464
385.803	284.129	76.123	95.349
395.514	289.579	66.459	86.379
397.362	288.441	64.772	86.249
400.548	284.970	63.051	85.542
401.584	274.794	61.368	87.742
379.254	212.638	82.558	125.149
347.751	166.739	110.093	169.080
367.607	165.389	96.476	142.573
364.474	159.350	100.038	126.852
322.574	134.586	122.807	129.813
285.687	120.909	150.009	122.742
290.169	39.904	165.201	239.169
322.564	35.868	117.971	168.134
337.630	18.998	105.401	157.314
344.948	14.017	101.568	143.513
286.417	106.464	124.093	124.285
299.443	115.797	122.851	136.186
299.818	134.365	134.235	126.198
292.123	141.907	123.666	121.942
358.473	101.054	131.573	111.726
182.546	315.040	101.072	86.737
340.918	60.210	163.765	171.846
356.854	121.407	152.819	134.537
327.357	150.169	212.734	140.587
218.870	229.249	410.533	320.700
224.239	156.909	434.307	398.562
263.595	184.535	443.415	317.430
254.188	56.139	366.087	335.525
336.931	278.013	456.855	295.313
363.852	380.555	423.355	195.445
322.548	23.270	226.592	289.447
331.203	11.154	176.260	311.131
270.272	58.169	246.157	294.565
326.516	35.477	227.976	271.345
256.982	29.144	242.827	260.399
266.681	20.947	277.936	263.409
265.184	21.675	252.000	282.242
257.457	18.737	289.933	267.580
266.562	46.161	258.961	164.211
222.970	10.200	355.037	257.340
184.590	12.302	428.343	263.735
213.175	0.000	460.138	262.399
216.804	192.053	549.899	362.506
187.168	44.509	466.347	390.392
178.891	31.247	372.943	184.257
145.891	17.706	437.155	237.177
102.344	36.659	369.508	408.743
307.631	58.842	198.904	185.945
136.375	22.271	354.493	219.781
117.641	46.624	386.723	343.522
148.014	0.000	350.644	294.357
129.714	137.181	156.989	173.207
140.064	177.997	173.179	152.734
151.515	191.213	157.934	143.455
154.680	198.702	136.373	138.747
132.826	151.957	198.012	184.597
119.027	92.972	259.900	391.589
121.806	118.157	209.833	217.911
121.354	143.922	191.803	180.100
79.390	75.810	273.204	297.285
122.614	163.661	179.205	145.503
101.483	90.093	212.765	218.927
102.683	141.645	173.915	163.998
119.650	174.786	143.469	133.546
88.097	111.404	188.478	196.856
92.196	120.715	171.074	179.650
89.180	148.256	164.413	153.544
102.148	162.241	152.982	142.316
116.169	185.019	140.836	120.123
123.749	195.492	132.109	107.384
148.219	118.552	252.382	183.281
77.786	117.039	192.527	189.009
87.221	137.439	169.894	171.465
79.259	104.383	202.641	203.842
80.325	108.999	201.980	197.862
79.220	124.564	205.535	187.415
84.189	132.202	204.224	179.607
89.529	138.166	184.349	172.666
84.160	102.114	211.863	208.521
86.969	138.210	195.699	174.851
88.516	135.732	199.216	173.114
90.966	140.291	199.857	171.125
90.417	143.604	198.822	165.897
90.254	139.423	198.320	170.120
92.968	145.762	195.293	166.929
94.652	144.714	194.735	166.443
93.867	144.104	195.539	167.359
91.170	140.954	198.081	170.617
86.754	139.198	199.477	173.379
87.852	136.420	195.494	178.339
91.605	136.264	187.479	177.248
94.186	138.561	188.931	176.973
96.058	140.041	195.266	175.251
88.882	139.394	208.152	177.883
90.585	140.241	215.119	174.068
92.432	143.270	207.834	177.259
92.496	142.782	212.122	175.862
93.002	142.364	209.930	176.231
93.547	145.483	212.747	175.480
97.580	143.702	207.322	175.939
97.552	144.462	204.879	176.946
100.633	146.287	200.235	176.521
116.825	150.914	191.050	169.832
92.072	60.995	247.761	254.318
91.076	41.095	210.302	253.671
84.997	22.959	292.933	295.240
151.271	8.891	236.695	255.152
153.897	12.276	221.094	218.890
120.426	24.968	269.478	285.693
168.325	13.815	210.864	232.404
127.409	25.949	263.375	294.936
200.939	29.529	187.743	154.225
177.039	54.135	191.163	172.776
173.254	60.482	190.547	194.607
177.556	61.675	177.431	188.846
182.999	120.732	195.199	128.495
294.294	0.834	120.345	167.268
301.918	8.616	118.473	160.875
279.573	205.063	107.473	105.136
281.654	233.374	84.087	86.092
286.020	259.999	73.176	86.583
287.973	266.441	80.955	79.358
297.903	259.857	87.133	83.073
302.382	242.313	97.830	91.850
304.213	175.948	131.162	165.906
301.170	143.125	133.307	158.269
175.171	20.233	280.320	248.297
212.539	77.645	231.299	374.220
230.389	15.760	213.312	202.075
250.019	30.516	196.157	196.020
269.111	19.543	195.614	204.001
228.399	12.079	262.110	250.239
249.865	9.160	244.364	225.947
256.455	15.329	234.491	215.309
261.341	22.015	229.154	207.043
265.593	20.729	223.823	208.984
266.176	27.947	223.871	198.834
256.652	49.637	232.955	179.120
263.550	67.169	228.648	161.757
264.367	73.843	227.928	157.850
335.267	98.092	155.699	142.296
342.475	115.816	131.547	146.712
336.271	131.780	119.935	153.215
307.222	128.362	142.186	250.726
235.719	216.357	173.706	159.244
266.947	219.906	168.232	162.689
326.480	222.453	122.238	160.627
305.380	400.257	154.661	140.440
303.037	34.531	192.371	281.984
107.624	77.298	337.143	435.762
130.972	276.266	130.104	182.587
182.465	24.918	341.227	267.579
113.034	50.006	405.648	483.501
0.000	0.000	623.771	576.000
128.722	39.822	466.964	536.178
85.666	90.679	373.734	437.190
0.000	7.689	516.827	568.311
80.255	16.228	242.613	214.792
98.475	163.694	209.711	409.180
88.344	22.387	238.078	188.970
108.199	34.263	191.754	174.135
175.196	64.379	136.247	153.172
66.754	34.013	224.595	395.026
40.651	47.728	298.167	510.915
29.845	30.954	294.763	244.320
155.609	17.842	355.087	200.936
92.476	227.251	183.442	274.835
213.933	67.041	258.563	195.900
255.054	92.974	208.031	190.276
219.992	116.444	188.410	166.137
244.141	173.870	165.154	159.023
71.402	239.524	216.577	336.476
210.238	238.065	159.970	120.691
207.155	235.085	156.019	121.569
204.036	235.447	155.509	125.766
205.354	151.949	200.377	209.490
195.193	146.209	209.984	180.663
219.104	144.691	189.278	176.785
219.367	148.446	198.263	175.965
189.393	131.125	233.559	157.860
64.544	303.416	172.384	169.812
267.296	62.580	210.461	173.866
259.794	60.935	207.600	176.064
285.980	42.892	194.364	155.729
120.559	316.836	156.034	153.767
120.574	296.877	146.591	124.181
49.940	227.051	227.232	254.374
283.278	320.833	179.159	72.106
55.011	228.910	232.782	263.796
47.751	226.658	241.716	264.178
24.034	40.335	287.713	484.672
90.996	278.474	183.089	194.846
43.412	166.939	282.401	366.016
39.769	165.063	284.905	373.075
0.000	0.000	484.453	500.240
30.439	17.214	534.283	510.784
0.000	0.483	456.741	575.517
288.284	200.243	211.157	185.865
291.684	201.564	205.556	180.627
295.075	211.307	203.359	165.947
313.915	188.083	178.122	159.743
320.429	167.399	183.491	149.426
332.348	137.109	176.030	166.391
88.231	294.651	152.216	198.911
345.557	100.194	177.658	182.106
158.450	223.767	199.819	302.136
134.859	128.662	251.120	359.106
255.032	169.572	123.907	123.395
163.275	279.493	192.901	287.802
162.126	202.479	282.219	344.279
112.633	39.254	327.835	360.348
23.955	19.937	518.685	556.063
147.643	114.077	383.475	452.653
138.205	186.827	349.660	268.397
386.768	222.137	157.461	160.022
190.845	153.537	248.716	217.625
370.294	211.414	146.446	162.048
372.946	201.550	138.358	167.467
378.341	195.126	120.163	162.753
379.153	185.070	108.024	173.618
376.803	172.492	110.293	141.254
362.290	183.098	131.349	119.340
273.635	151.111	172.688	151.981
306.301	129.969	155.087	148.137
362.747	131.183	133.380	149.096
308.087	68.856	190.118	218.863
287.203	128.059	215.188	150.982
294.064	129.244	222.956	306.508
296.604	144.037	218.016	139.062
341.130	175.139	167.718	111.214
362.237	178.248	146.551	115.475
382.041	195.451	119.747	124.253
390.876	207.652	108.118	93.452
387.355	213.134	103.061	100.582
378.032	228.111	89.088	124.707
290.024	194.561	152.977	195.121
360.913	254.069	74.629	122.896
362.447	265.159	73.198	117.217
342.642	210.289	89.391	170.815
354.771	257.919	73.369	118.547
324.806	207.996	99.994	164.666
335.956	206.616	98.822	140.835
316.201	68.191	161.045	205.893
362.457	190.853	106.676	104.599
550.767	391.813	77.313	61.767
449.964	497.472	58.924	65.115
523.082	406.609	80.945	65.898
484.717	382.320	101.647	89.464
316.837	135.578	169.368	273.717
319.315	169.484	164.803	258.686
328.462	157.051	147.710	125.859
325.277	195.305	155.329	100.931
338.480	205.398	151.712	92.112
313.685	410.139	156.389	76.820
346.210	215.948	144.014	83.937
352.526	210.926	146.118	95.065
360.032	238.574	115.197	89.784
379.844	179.165	102.225	199.364
395.198	235.551	103.188	153.138
404.263	260.664	97.416	131.804
404.663	275.470	104.653	126.111
432.262	275.546	86.110	133.473
458.017	278.747	70.823	145.009
464.771	281.328	72.007	141.926
474.687	270.606	69.679	145.010
482.060	265.050	69.077	142.257
489.089	257.050	72.368	117.263
493.314	240.074	74.268	130.595
497.248	230.931	79.084	130.208
501.030	227.546	83.689	128.412
503.176	217.007	89.712	118.106
487.996	210.437	101.944	111.041
512.615	194.070	98.751	110.673
520.246	181.211	92.061	118.005
621.664	398.960	87.591	52.271
617.745	419.605	85.127	85.382
611.135	405.210	92.393	92.730
617.354	401.358	88.648	88.582
524.415	268.038	88.330	78.605
541.378	187.024	75.116	126.401
469.750	126.794	96.768	102.294
319.436	264.656	49.477	91.313
435.888	214.716	110.793	79.403
451.182	118.776	135.744	173.536
468.478	218.647	107.896	145.088
462.182	225.487	91.885	127.210
453.802	203.970	81.164	139.387
438.641	191.329	87.959	125.505
430.657	180.913	105.046	115.806
417.939	176.812	118.195	112.453
415.058	159.740	106.800	126.594
396.884	121.199	99.096	146.849
393.299	95.941	92.828	139.838
382.015	168.150	149.343	94.888
353.396	64.882	165.317	209.314
351.957	163.335	155.442	110.498
346.810	183.867	151.531	97.728
411.801	449.577	220.808	122.360
356.288	243.426	269.426	255.185
336.114	71.850	271.502	432.806
339.880	412.573	329.561	124.071
419.496	116.363	269.208	412.699
311.704	37.690	338.771	512.801
345.222	0.000	283.801	416.831
311.655	65.885	385.264	490.458
325.126	52.037	298.222	450.455
299.335	19.277	366.404	502.862
350.471	244.467	200.264	109.310
402.407	206.659	148.496	115.529
400.768	200.563	121.903	107.698
405.215	197.215	112.602	104.094
581.718	393.096	97.313	68.365
527.569	379.859	116.347	96.922
423.604	214.960	117.920	60.618
434.540	189.211	102.933	87.191
431.295	150.171	175.193	166.047
446.827	201.676	134.818	73.406
454.239	203.509	130.388	73.967
404.267	334.155	117.740	108.556
366.492	314.407	143.912	116.703
440.010	219.599	229.293	217.688
438.426	45.314	222.091	387.536
567.255	206.692	96.936	131.451
571.292	214.102	87.719	121.222
571.132	213.651	86.290	122.858
567.676	213.903	88.972	123.667
551.872	213.544	99.505	125.624
550.442	211.998	98.626	135.290
544.614	210.739	106.604	118.879
372.257	299.667	70.865	89.341
540.073	475.208	141.107	35.260
515.314	444.500	122.634	86.127
367.846	308.925	83.570	77.128
487.034	217.135	136.092	139.937
499.482	226.886	113.142	117.237
501.324	233.378	99.214	112.880
496.624	242.976	90.563	108.027
507.263	254.858	76.992	97.953
489.188	255.148	88.460	101.722
434.288	245.877	138.364	146.564
400.975	257.777	102.115	83.931
384.697	267.150	95.873	95.392
363.309	268.329	104.005	101.314
336.095	273.325	122.884	104.942
313.798	269.183	140.292	119.548
289.294	274.661	140.743	123.258
274.747	277.728	145.954	119.588
262.436	273.129	131.832	118.256
258.107	275.953	110.893	109.003
256.778	276.491	109.813	105.300
253.714	277.063	110.361	100.065
254.166	273.361	114.965	105.142
256.113	271.797	122.829	100.163
259.653	271.731	142.519	101.304
263.981	273.292	149.328	100.578
280.355	276.926	137.717	96.756
288.609	278.583	136.887	92.694
312.354	281.054	113.384	90.661
329.042	279.979	106.488	84.796
329.311	274.137	99.016	81.594
327.766	275.626	100.209	77.098
325.307	268.143	103.010	85.282
312.981	267.306	112.193	90.453
304.662	266.899	118.172	95.895
291.686	283.472	118.764	89.067
282.593	283.214	103.897	94.405
261.412	290.183	137.969	96.484
240.074	293.389	120.629	102.931
233.312	294.798	134.091	97.277
230.910	295.356	145.726	95.699
229.635	287.803	171.114	92.426
253.305	289.529	159.636	90.640
300.782	283.985	157.345	91.311
308.489	275.819	165.803	89.292
390.692	271.625	124.491	103.387
416.259	260.237	164.989	107.253
431.431	261.194	162.334	117.717
443.605	256.325	155.812	123.548
462.310	255.015	129.778	126.974
475.516	253.475	103.765	127.423
481.700	254.743	90.384	124.335
481.178	256.471	76.068	116.573
485.150	261.467	68.357	109.392
482.064	265.616	70.089	103.377
469.191	263.036	85.485	106.268
459.810	264.049	107.868	107.641
410.827	182.645	183.608	150.566
374.011	252.316	171.141	124.799
359.960	242.622	116.185	139.081
308.747	261.633	114.088	108.105
263.198	265.474	146.321	100.014
234.762	265.355	152.888	91.879
218.755	258.272	158.931	99.609
202.293	253.185	144.353	109.524
198.732	254.244	138.936	107.478
199.949	249.306	137.597	113.932
210.196	248.496	138.726	116.993
244.139	264.357	134.881	102.759
273.277	270.422	106.548	91.852
285.100	266.665	94.094	86.808
279.791	261.106	130.725	116.828
272.128	267.630	168.673	203.729
266.056	275.428	128.334	85.115
259.946	280.880	104.136	76.259
254.595	285.896	103.446	79.381
232.303	286.936	119.642	84.009
202.292	278.966	138.068	92.087
177.035	276.376	162.700	107.641
157.299	275.725	157.924	104.325
144.838	279.446	174.873	100.911
163.360	270.894	168.018	100.485
203.222	263.863	143.839	103.131
246.638	272.091	137.497	92.926
317.405	270.195	116.026	105.744
327.375	269.540	144.975	115.204
363.500	264.311	178.471	125.793
390.731	265.098	167.278	135.695
400.264	265.753	152.739	141.821
407.799	265.530	140.794	143.386
416.770	260.187	128.468	150.002
425.665	260.825	113.676	146.032
440.526	263.610	101.804	139.945
375.378	86.132	160.263	244.209
412.335	261.001	170.496	143.242
410.735	260.387	176.636	126.907
416.414	266.937	171.605	111.558
390.204	260.099	166.915	118.708
259.637	263.925	175.140	81.762
223.179	266.180	161.420	87.097
215.763	262.341	162.861	85.527
199.078	259.363	154.735	95.567
160.033	244.549	179.359	118.312
169.505	248.095	159.222	108.666
176.577	252.920	158.969	97.349
202.703	258.759	156.527	83.605
232.015	262.645	147.365	74.427
272.409	265.499	125.201	70.558
304.840	262.567	106.743	74.761
321.993	263.017	90.876	86.588
322.289	259.742	87.620	89.399
316.596	260.677	91.323	90.855
307.585	265.858	93.835	87.413
291.179	267.770	94.803	101.586
275.450	281.812	86.238	98.770
259.386	281.358	91.215	117.397
220.446	282.193	121.210	116.171
200.260	281.090	145.085	128.451
170.708	274.520	156.233	124.590
149.925	271.964	173.083	111.944
146.817	270.077	166.981	115.438
148.716	270.465	175.583	94.652
163.346	266.918	170.314	86.935
174.080	250.068	231.605	117.026
276.571	248.297	131.087	140.821
286.804	246.737	140.167	116.137
302.668	252.998	152.771	123.723
323.889	253.576	141.238	139.968
325.646	252.384	177.123	146.524
327.107	252.266	183.259	150.164
331.316	253.261	170.584	143.758
328.384	252.583	142.691	132.864
299.023	239.603	159.482	248.986
327.321	254.227	158.458	285.501
344.030	253.104	149.555	101.808
340.240	250.957	126.380	122.097
351.274	247.357	133.449	130.975
320.377	242.808	212.821	235.096
365.835	260.155	130.875	141.951
341.788	254.415	203.778	224.086
345.189	251.292	185.782	188.957
331.735	238.099	216.964	255.093
330.183	249.523	197.568	183.442
330.739	235.761	182.440	156.727
334.982	230.158	170.078	149.309
349.958	219.244	160.743	157.543
348.665	211.078	160.877	148.871
347.190	218.772	159.140	125.182
342.165	212.918	162.166	115.676
324.179	216.403	171.017	102.438
323.744	221.309	173.213	100.875
316.272	216.707	189.319	107.809
307.668	224.327	191.667	110.269
292.448	238.414	162.738	101.847
290.356	237.946	146.507	106.079
286.003	241.626	140.548	114.656
288.892	246.634	141.051	156.447
260.523	236.272	188.153	199.555
260.006	241.018	177.679	165.469
256.748	234.973	174.125	159.809
242.366	228.938	188.683	156.008
236.581	225.971	193.996	152.162
233.526	215.981	198.017	157.923
231.868	199.139	210.962	168.582
226.834	216.275	201.925	136.598
253.160	239.797	179.478	115.540
253.687	245.483	167.941	146.903
251.961	251.873	163.125	154.589
252.749	260.144	160.284	168.569
252.527	253.819	171.483	187.608
247.239	246.801	174.735	191.199
243.120	242.757	213.410	186.433
244.697	242.275	198.149	189.989
256.346	242.511	206.426	189.597
304.765	241.453	165.988	199.112
317.030	238.975	152.905	195.947
323.047	239.987	150.810	180.961
327.976	236.037	150.581	176.472
334.566	232.903	150.329	178.806
338.189	233.208	164.638	178.541
341.439	234.973	196.214	178.760
342.411	241.527	215.125	183.143
344.703	243.377	225.471	193.804
338.596	238.218	225.503	197.986
304.693	229.629	212.514	197.308
287.964	219.384	195.916	200.686
286.907	208.852	202.087	201.698
281.246	219.015	204.851	190.750
282.603	215.449	206.562	188.246
295.055	209.341	194.844	199.793
311.302	209.115	178.172	199.558
333.000	212.619	142.890	197.266
345.343	216.041	124.364	193.196
334.346	227.753	126.784	191.017
326.579	226.974	163.034	215.387
308.301	220.941	184.297	214.214
290.499	218.735	194.069	189.686
272.251	211.203	188.727	176.762
269.762	203.318	174.783	182.568
277.721	203.981	155.583	181.346
286.233	216.827	143.540	163.431
271.217	228.297	175.347	163.288
249.749	230.567	206.649	179.345
252.180	220.193	202.979	191.909
263.355	222.746	183.212	197.565
267.734	229.542	176.944	190.104
317.611	225.614	156.612	211.140
319.132	225.090	170.542	219.949
324.885	219.333	185.904	203.955
328.774	206.255	178.231	208.999
301.815	159.066	187.839	207.365
278.102	136.677	212.043	219.208
275.170	133.765	228.497	218.038
272.152	144.092	219.735	210.129
281.482	174.878	168.034	206.634
276.393	147.327	215.286	397.194
278.291	209.944	249.442	253.467
274.440	228.979	270.073	242.716
273.989	221.467	288.429	247.209
276.483	211.110	302.636	267.256
276.814	206.425	301.801	265.751
287.688	206.476	296.945	239.005
297.134	209.404	269.479	214.615
286.920	186.835	273.050	272.622
290.368	206.524	267.853	214.032
346.470	209.751	244.792	174.530
316.862	204.804	300.616	222.579
359.106	231.469	288.620	191.768
358.396	254.397	290.930	187.988
431.913	254.377	226.169	225.163
436.615	247.528	231.466	246.115
441.072	246.266	228.401	245.603
425.306	239.196	245.736	240.093
405.211	235.659	254.612	242.074
350.110	244.215	295.401	243.326
332.314	263.903	311.915	242.893
331.732	264.054	299.966	262.801
321.057	263.776	316.775	271.415
316.376	260.915	296.556	285.131
302.213	248.112	303.990	299.548
286.988	248.356	302.349	299.972
267.565	247.164	331.071	303.281
259.282	248.415	340.250	308.279
259.016	255.190	339.100	307.075
263.935	263.138	344.816	302.798
269.909	263.706	341.044	299.380
274.358	259.771	329.166	302.363
278.282	258.349	307.661	301.685
279.690	248.425	287.478	307.597
298.863	232.820	261.176	333.627
311.821	228.887	253.169	338.953
314.403	227.059	252.409	343.106
315.185	227.225	247.993	343.879
309.401	235.430	250.589	335.910
306.473	231.058	245.700	341.818
298.817	232.670	249.351	338.946
290.805	229.706	251.540	338.896
281.896	227.559	248.270	341.905
279.054	231.032	247.638	337.271
277.134	239.138	257.689	332.244
272.747	247.200	312.215	323.815
271.405	248.587	337.040	322.956
260.383	248.544	362.717	313.372
257.352	238.914	361.996	315.661
251.023	225.588	336.784	323.956
238.866	214.576	345.323	270.105
229.398	209.436	345.483	285.508
230.562	194.455	339.765	283.640
236.398	192.316	320.908	275.453
244.667	178.373	286.581	301.045
228.102	199.347	285.887	313.643
270.108	195.511	266.446	271.508
278.636	218.660	335.835	243.008
241.316	229.870	375.523	258.746
249.860	218.432	380.181	286.944
231.796	193.572	384.960	300.397
223.309	174.799	367.812	305.306
222.217	175.945	360.173	300.653
232.500	173.600	354.545	285.743
204.537	179.733	322.378	256.333
195.286	173.453	318.575	265.536
183.971	160.285	322.091	286.738
200.563	183.504	294.263	272.418
237.631	198.525	256.089	260.961
261.167	237.397	241.153	237.767
274.203	236.137	229.484	243.528
280.346	231.255	223.652	274.469
290.819	223.847	232.294	266.752
293.373	225.293	254.496	251.802
296.497	232.771	248.495	200.651
307.215	236.525	309.209	152.266
324.336	239.715	299.699	134.768
345.971	244.370	317.691	125.441
352.932	237.305	305.577	169.737
357.196	236.140	336.602	194.037
436.986	223.293	274.885	220.833
416.340	227.653	252.431	211.069
397.135	233.274	252.490	203.366
368.104	232.044	224.969	198.906
322.090	231.362	195.935	298.599
324.147	230.658	177.816	278.324
322.391	233.904	177.763	225.813
294.415	237.740	199.054	217.770
283.174	238.671	194.425	216.531
279.208	241.140	194.507	218.008
291.284	242.510	165.441	219.388
294.932	250.637	157.320	227.605
294.706	262.449	156.123	222.384
305.246	267.566	154.192	223.791
312.447	259.546	160.770	224.626
293.635	252.081	183.483	252.298
271.310	254.757	228.595	231.696
264.979	260.065	246.517	222.277
257.680	257.134	256.026	206.257
254.164	265.383	264.535	203.025
255.273	272.939	266.022	190.511
257.127	273.035	268.990	201.419
260.322	273.864	260.847	229.043
269.172	265.441	242.957	235.614
332.579	249.716	173.719	261.797
341.134	249.749	158.674	260.888
348.387	234.239	144.708	277.680
353.165	230.564	136.825	283.092
359.785	223.080	136.106	288.946
268.933	131.111	242.285	351.771
331.451	166.039	226.782	173.811
332.411	198.216	233.481	126.756
331.114	206.525	247.780	117.487
346.212	210.530	221.425	124.851
353.291	243.550	171.652	104.939
344.043	255.533	185.092	83.235
334.886	251.965	216.164	95.297
355.333	248.264	223.430	132.844
373.803	243.244	211.638	187.815
403.139	226.872	178.006	247.251
400.467	213.147	186.765	247.664
392.112	199.474	193.650	147.692
385.316	187.555	187.598	148.705
397.762	157.631	158.238	186.083
396.070	106.773	220.144	158.993
425.226	87.384	194.155	182.217
412.798	112.186	181.398	160.562
406.552	127.337	175.862	145.813
401.212	124.218	177.953	143.804
399.872	115.223	169.522	159.353
393.351	167.508	174.193	152.752
350.018	183.132	264.110	268.205
362.431	24.515	281.768	475.672
354.664	7.500	328.705	533.132
369.931	100.385	193.015	249.729
341.282	200.978	152.866	145.096
334.857	214.708	132.424	165.818
299.163	215.797	127.539	175.329
269.813	213.661	139.130	176.585
215.191	207.683	153.851	152.656
193.472	195.704	159.872	152.839
189.520	182.496	160.592	152.476
194.557	180.786	190.309	142.844
195.412	171.456	197.859	110.765
210.858	134.749	183.593	122.883
252.891	124.357	161.978	135.099
303.936	114.410	120.747	152.168
334.543	112.135	107.060	162.363
347.536	104.675	131.626	167.785
358.657	188.958	191.198	143.819
356.158	204.182	181.836	139.707
347.755	224.922	170.198	135.495
344.364	231.550	159.589	137.558
330.533	241.913	115.054	138.510
287.178	234.646	112.838	150.228
243.879	229.984	141.270	127.361
222.990	220.088	159.566	111.947
222.590	202.065	165.372	111.525
228.890	181.342	169.301	108.199
258.412	147.893	156.252	115.294
279.442	133.604	144.556	129.637
321.349	114.956	111.743	147.856
335.297	110.424	115.709	153.232
343.563	101.774	115.234	161.485
367.054	120.405	193.853	151.134
403.595	128.384	180.190	156.095
431.583	137.431	163.756	161.767
440.795	130.722	157.435	185.393
402.748	166.221	184.259	186.418
399.421	234.768	195.361	105.249
396.818	239.056	131.015	158.424
367.480	245.747	147.752	141.698
349.029	239.507	167.992	152.148
328.964	234.944	181.121	157.852
319.272	216.069	127.974	170.945
316.945	212.252	138.434	155.162
320.120	204.288	148.661	98.943
293.937	202.084	177.675	91.336
288.351	172.196	179.363	120.409
294.362	158.365	175.650	144.604
299.548	149.311	179.130	156.472
332.209	148.052	164.381	144.657
367.687	142.239	144.103	143.741
397.248	128.767	133.003	145.314
394.474	146.101	109.082	210.985
405.002	148.621	143.087	156.474
403.239	163.837	139.189	152.364
424.689	221.236	133.352	123.198
385.435	238.403	139.738	122.752
383.895	238.800	128.857	119.639
356.851	241.080	119.349	123.019
321.683	239.523	122.509	123.096
300.851	239.372	142.245	123.501
272.026	230.459	163.017	134.672
240.491	217.668	145.521	145.823
221.356	211.923	144.346	139.704
209.782	212.197	148.470	132.479
196.477	210.133	162.985	117.193
197.965	210.551	170.865	107.803
199.698	207.105	171.792	98.710
219.593	199.253	172.899	95.008
242.483	192.594	175.631	84.656
263.267	192.043	155.737	82.219
322.773	193.684	108.084	80.838
343.754	200.051	120.103	75.221
404.387	241.038	130.697	70.273
437.297	258.559	113.311	60.997
459.072	261.559	93.303	101.041
463.581	270.915	114.026	100.442
396.287	264.261	92.808	121.432
394.880	251.179	92.416	104.938
380.972	242.219	91.858	94.371
371.943	240.489	82.307	117.988
359.574	241.810	107.052	125.931
327.525	236.985	142.122	141.469
303.759	221.685	148.446	154.736
289.151	215.138	148.693	155.451
282.013	207.366	151.243	140.420
270.334	203.734	153.998	124.286
269.702	208.440	155.151	110.845
282.568	207.868	164.916	77.093
278.243	198.122	164.283	70.524
269.196	192.269	189.756	74.400
283.713	180.957	174.016	88.476
285.686	173.694	194.637	101.174
335.348	165.052	160.105	131.934
369.492	173.726	162.511	132.132
412.482	177.461	150.971	141.237
412.088	485.536	170.572	55.368
446.930	183.605	181.885	247.775
460.814	165.533	211.648	140.149
450.978	163.228	178.222	130.557
410.106	115.011	260.385	169.533
522.544	113.325	189.205	137.601
538.680	82.780	155.270	144.680
516.924	59.773	162.620	133.613
474.950	53.493	166.006	138.318
469.812	44.774	148.155	134.768
443.273	46.675	157.954	134.222
411.943	36.209	188.052	209.324
381.537	99.289	173.633	140.727
369.700	106.421	159.872	144.747
361.639	129.196	153.948	133.717
361.335	153.159	188.413	131.516
291.631	222.847	151.300	121.035
264.264	252.403	145.168	120.916
260.271	263.030	135.105	106.795
263.369	266.013	126.727	131.452
266.370	255.007	106.506	139.463
270.489	247.283	88.925	143.414
269.443	210.639	88.446	137.947
255.472	196.016	91.108	122.772
252.110	180.264	89.786	121.162
234.793	127.002	98.379	86.619
236.908	119.638	95.071	85.409
235.465	106.842	104.851	94.685
214.283	94.155	127.454	105.356
227.379	95.452	119.385	111.746
239.161	108.735	121.695	109.674
278.467	136.872	119.736	143.113
316.828	188.920	114.745	126.275
330.278	225.497	104.776	107.574
333.559	238.624	108.522	113.222
333.586	244.390	108.219	118.792
327.169	248.652	110.076	120.371
312.961	239.157	111.441	108.816
289.333	227.088	120.841	93.518
275.229	208.681	125.064	93.926
261.966	193.513	100.946	100.348
252.045	178.088	96.091	107.639
241.942	140.135	125.613	105.736
241.938	113.373	140.105	110.259
247.366	105.432	153.535	97.330
272.486	94.169	147.985	94.177
310.361	88.000	126.322	101.828
375.668	98.919	114.274	95.788
417.154	95.509	192.854	156.714
454.116	118.888	157.268	164.171
469.506	138.014	151.138	152.611
469.945	163.119	163.213	122.487
465.116	178.242	152.015	123.283
477.277	479.818	165.438	35.930
439.835	407.075	108.405	90.913
419.724	253.058	88.258	73.427
391.541	220.580	83.358	108.635
354.537	193.172	114.022	123.356
316.709	172.988	131.696	127.642
305.019	152.441	121.111	128.191
302.035	136.386	121.523	115.484
286.248	123.113	126.102	107.927
280.176	91.964	136.995	115.048
303.093	69.207	122.062	105.389
326.904	58.573	94.519	111.239
343.300	58.611	94.926	107.963
360.248	78.680	96.813	101.821
387.044	115.634	103.863	83.966
383.355	125.592	114.985	95.963
369.477	176.134	119.727	84.277
385.629	132.521	162.518	162.889
385.517	228.458	103.523	98.231
374.848	259.323	92.872	108.444
348.845	270.901	105.676	99.404
318.236	272.699	129.814	102.840
291.145	263.756	145.996	108.229
268.743	250.145	129.950	109.119
252.764	205.177	108.388	132.336
243.057	176.446	91.844	112.707
237.386	150.618	87.229	112.932
237.943	133.650	98.541	100.235
238.896	107.974	90.404	104.727
247.910	62.230	111.579	88.984
251.380	48.873	135.848	83.213
274.742	43.943	132.704	93.936
320.686	33.247	98.001	103.539
342.861	57.838	109.378	100.900
359.825	64.101	102.492	109.324
392.086	96.410	109.204	118.081
219.445	328.712	38.571	55.379
660.087	389.451	50.638	59.275
575.126	417.510	59.732	70.739
404.609	191.344	131.265	107.482
328.821	191.278	136.137	115.960
315.036	194.927	117.984	94.179
302.474	172.380	115.337	89.212
288.824	152.355	105.174	101.030
281.967	118.334	110.923	108.875
272.756	98.347	139.685	83.902
290.356	70.570	132.970	70.925
309.218	55.047	122.962	76.942
324.763	47.918	124.245	77.194
392.534	78.215	106.352	96.408
430.018	151.638	118.154	109.567
436.701	157.812	115.236	118.028
438.205	164.970	113.944	108.669
445.022	162.049	111.416	112.484
528.289	161.230	114.525	102.394
457.272	169.442	108.700	116.808
446.626	186.125	120.539	114.590
433.219	182.586	120.630	108.399
434.217	179.537	112.498	111.597
360.515	198.147	101.304	112.671
331.740	200.661	116.418	106.379
320.012	174.225	111.523	111.591
300.795	146.856	109.482	124.612
289.603	130.379	108.837	118.032
272.621	97.091	115.027	123.886
282.048	76.520	109.661	92.606
322.857	86.427	118.696	76.781
374.819	112.463	109.041	93.295
393.169	145.596	111.794	116.191
388.301	170.062	110.568	109.952
621.223	378.218	43.421	67.401
421.099	277.243	35.998	110.591
637.370	392.795	99.763	88.241
636.468	396.034	105.588	89.813
298.674	309.705	40.266	180.457
478.044	279.526	42.039	143.314
380.413	183.267	99.737	94.860
382.363	192.203	110.422	87.197
562.467	396.624	73.329	37.241
352.213	188.691	95.590	112.851
333.905	195.558	99.732	87.073
323.532	122.479	151.663	162.151
317.062	131.285	101.855	118.020
293.070	113.435	103.956	113.495
290.226	61.461	104.197	100.699
289.366	51.346	105.374	95.771
286.430	23.926	131.575	111.520
288.415	28.346	157.175	139.146
412.435	174.906	101.939	79.875
402.567	153.267	85.137	103.356
420.898	155.332	108.637	109.774
426.431	160.503	110.293	104.972
429.132	161.729	109.114	111.938
428.523	162.986	111.493	111.042
434.480	167.904	140.363	116.383
432.862	450.825	141.478	32.212
444.771	396.026	88.300	78.995
625.325	407.811	31.920	96.799
513.042	448.481	34.704	75.526
546.962	389.769	47.335	86.969
372.950	195.066	161.550	141.476
396.362	184.300	171.955	140.909
589.151	393.914	133.947	89.680
382.271	170.868	193.004	183.234
314.451	130.224	168.972	147.105
288.157	99.936	156.235	152.635
320.460	60.331	281.300	229.596
297.901	61.587	122.273	91.662
301.608	40.692	122.220	93.368
302.518	32.733	137.893	79.472
310.923	22.939	147.564	85.220
362.223	13.333	107.348	91.972
448.484	155.753	123.080	103.215
446.866	157.518	123.333	121.467
448.526	162.567	121.467	122.042
445.123	169.916	122.390	115.445
445.870	163.842	118.785	116.904
441.335	157.518	127.988	116.682
440.941	167.523	118.605	113.734
443.186	175.595	113.360	127.144
417.748	200.389	115.557	110.234
382.717	207.104	86.868	111.982
341.131	204.330	95.868	106.942
323.270	195.493	96.256	103.946
306.579	172.525	102.585	102.613
291.856	142.343	105.282	120.840
265.368	119.417	108.023	93.867
265.916	105.798	112.021	83.591
254.645	94.106	120.704	86.910
269.325	89.006	116.663	85.541
294.157	75.098	116.693	81.388
358.911	167.487	130.296	103.124
302.839	53.672	130.665	93.920
342.607	55.635	110.711	109.249
387.413	179.656	106.414	97.793
389.914	151.779	169.114	138.510
392.568	175.008	120.796	120.436
384.962	212.916	119.311	74.422
381.503	215.278	100.859	70.299
372.159	214.822	92.444	68.707
386.297	257.196	90.476	93.000
352.614	252.894	105.468	96.769
337.247	249.726	95.386	97.743
329.035	238.231	93.370	97.798
318.501	219.245	85.396	101.550
305.234	166.651	95.088	119.982
290.798	144.802	100.597	105.768
283.633	134.477	105.536	88.517
282.696	121.845	111.485	89.304
291.609	166.088	126.981	114.798
303.226	79.896	128.015	90.964
341.808	70.709	107.884	97.297
414.025	182.057	105.634	93.989
422.067	181.599	103.329	98.275
430.058	180.037	106.320	93.959
419.134	196.146	115.168	92.166
423.891	208.788	99.412	83.196
425.835	218.542	81.533	78.678
446.232	185.140	119.154	132.400
406.292	156.269	191.115	191.071
362.904	229.071	90.151	116.570
324.300	224.158	109.613	103.295
295.621	205.391	111.035	100.284
266.618	195.181	112.135	104.824
248.851	170.606	116.786	117.256
232.353	149.465	124.056	117.738
219.920	130.211	130.809	104.622
203.749	106.999	131.356	100.796
225.503	88.032	126.119	90.039
237.591	90.685	119.052	73.054
259.940	65.025	106.100	95.837
291.368	52.152	88.891	105.557
314.220	76.476	96.318	105.661
160.986	222.060	50.836	107.375
372.080	101.458	122.139	134.865
390.285	132.938	124.048	110.445
414.856	139.368	111.268	101.111
411.318	146.001	116.105	93.322
411.154	151.669	122.732	101.517
406.222	200.963	116.969	106.377
375.432	170.676	177.208	170.789
365.318	154.777	129.140	145.331
360.278	155.937	119.750	138.954
347.578	161.342	126.372	133.991
343.219	163.802	129.459	129.917
338.645	159.449	124.682	126.312
334.128	156.427	125.245	124.186
331.989	152.781	125.088	125.445
327.950	151.314	126.798	125.066
325.486	149.211	127.391	126.227
325.368	147.020	127.451	127.915
323.048	144.345	129.680	132.082
322.625	145.694	130.867	132.994
327.047	145.208	132.314	137.082
331.787	145.750	128.982	140.368
329.866	146.368	136.443	144.328
343.230	146.895	128.839	143.096
356.249	148.440	123.955	140.211
362.700	149.571	118.239	137.984
365.487	151.187	119.079	134.986
364.484	151.079	123.668	137.069
366.045	150.765	124.616	140.898
369.159	151.936	122.097	140.917
370.372	151.750	120.583	141.815
369.640	150.113	120.428	142.703
368.900	149.304	118.711	143.505
372.626	147.799	111.429	138.714
375.855	149.074	106.416	135.052
374.912	148.728	104.581	134.922
373.011	148.311	104.838	137.098
373.085	148.867	103.124	135.006
371.263	148.173	104.099	134.299
369.709	147.567	105.994	135.860
367.807	148.923	108.520	134.638
364.322	148.933	109.600	135.398
364.488	149.396	111.338	133.714
364.914	149.929	111.375	133.527
364.770	150.861	112.897	135.855
362.982	152.058	116.922	137.401
361.261	152.379	120.507	137.759
362.436	153.330	120.280	137.794
361.794	154.111	123.738	139.013
363.215	154.819	125.745	138.584
260.833	273.815	104.084	120.626
411.616	478.372	95.965	79.806
425.251	466.234	69.713	80.924
327.188	356.173	67.682	44.304
363.740	265.877	78.074	38.916
406.217	63.845	128.492	125.942
399.066	41.267	162.768	136.247
417.155	29.287	170.820	173.330
442.171	19.499	178.528	168.532
325.887	230.585	54.032	80.525
497.250	29.140	153.110	173.902
509.815	75.543	140.916	168.022
494.524	135.143	154.531	177.969
444.538	202.450	188.882	135.197
413.700	219.041	183.095	132.392
381.632	224.391	146.231	123.608
353.280	209.601	129.861	122.704
329.004	172.484	131.355	123.731
307.060	160.069	133.759	175.857
322.718	116.127	135.498	162.873
333.916	65.426	137.504	145.008
285.095	172.216	173.200	291.351
267.272	285.270	104.323	50.504
378.405	3.840	140.765	190.361
395.690	18.515	163.264	178.819
292.273	20.897	194.671	176.503
377.873	9.744	181.432	139.922
336.815	103.506	150.728	160.225
261.110	284.120	104.381	35.794
486.438	7.816	91.802	111.362
500.764	16.806	92.850	111.856
341.971	243.116	25.183	34.673
344.816	247.374	40.083	66.094
513.705	174.827	144.493	98.984
507.063	189.705	144.299	120.931
491.883	214.729	150.557	131.627
483.803	231.834	126.271	130.107
467.961	231.090	138.757	126.184
401.847	214.173	102.378	144.062
395.071	189.291	113.999	127.059
360.315	146.949	132.141	134.049
336.415	275.706	94.996	161.449
345.470	276.578	83.112	161.564
343.828	271.461	86.170	150.736
337.767	267.151	96.889	125.476
351.722	270.833	82.147	138.942
344.471	251.371	87.614	153.409
333.815	253.220	105.222	106.908
346.081	260.745	96.049	105.115
331.791	255.998	98.033	100.568
328.757	263.283	92.967	139.753
326.650	244.059	99.514	119.443
327.979	238.930	131.941	215.565
378.168	130.530	205.989	125.752
495.323	160.673	188.502	109.566
461.640	159.877	214.523	168.340
499.082	181.665	148.310	143.467
472.569	190.924	172.105	151.978
424.111	208.210	121.048	156.163
396.007	193.083	130.570	155.943
357.942	156.745	144.881	148.222
347.041	129.731	153.202	160.853
336.844	120.587	153.740	156.015
303.751	95.519	156.945	179.144
256.365	0.000	235.436	311.220
274.031	24.292	249.338	488.049
262.743	47.464	242.430	463.964
235.683	14.833	301.160	500.244
249.265	31.761	267.778	475.104
255.648	40.241	248.679	471.165
250.394	102.316	96.635	109.281
441.493	5.013	165.022	97.507
462.151	30.015	157.429	126.891
483.907	63.179	159.788	125.814
484.885	102.980	142.802	133.059
473.300	142.275	146.571	142.197
440.097	200.489	154.851	122.984
406.040	223.044	150.046	140.525
366.201	231.994	139.039	141.520
295.002	237.642	112.276	149.401
279.011	239.131	110.169	144.545
219.712	219.181	157.900	129.258
182.648	182.855	152.323	138.033
179.943	166.849	152.964	142.261
131.272	144.196	165.170	104.819
108.425	116.376	172.536	125.516
108.619	90.342	175.302	157.018
108.156	91.695	167.905	154.271
107.269	104.338	178.850	134.103
125.910	118.202	259.519	126.612
138.778	124.395	181.597	93.202
155.464	133.324	161.899	90.987
190.911	142.758	134.422	95.120
217.258	163.385	128.117	118.484
220.459	172.695	146.418	122.672
233.809	207.142	159.984	104.454
248.737	228.046	162.388	97.018
287.861	234.381	149.549	111.996
350.178	237.715	111.877	131.687
370.621	242.954	125.006	138.136
392.254	242.423	139.508	132.161
395.538	240.956	182.464	122.533
388.868	240.735	154.194	126.379
449.794	215.797	154.056	116.611
462.013	214.208	169.504	127.603
438.861	230.999	193.911	109.489
420.339	239.021	187.566	92.675
390.536	241.173	145.477	91.234
393.222	240.229	143.526	111.867
363.175	253.545	136.042	111.204
339.647	254.424	136.774	120.111
309.898	259.198	146.764	131.518
287.334	261.547	144.587	134.952
206.664	255.109	176.513	137.533
184.900	249.452	173.120	129.290
171.295	245.807	177.203	107.148
169.801	236.852	159.678	103.145
169.162	226.560	176.536	85.484
160.368	191.346	148.027	106.220
155.083	180.898	155.921	114.383
156.810	177.646	166.418	118.605
172.458	177.398	175.910	120.729
214.723	206.779	182.124	94.807
266.602	230.265	148.651	87.580
300.637	222.121	129.465	105.943
403.846	60.445	85.600	134.691
412.115	162.695	130.779	123.667
405.656	148.341	132.556	123.514
413.499	161.730	127.614	108.696
407.680	161.487	117.189	140.270
384.899	146.204	145.327	126.867
520.645	198.053	152.705	117.659
518.821	195.791	152.687	106.857
484.743	183.736	156.791	104.372
360.398	170.791	135.019	113.785
369.896	176.613	133.696	96.058
375.976	170.471	125.848	101.728
373.848	164.749	109.910	112.246
382.835	185.533	133.681	108.386
393.438	190.509	115.131	131.465
391.768	201.503	112.144	132.387
374.077	218.655	110.254	121.185
368.427	233.948	90.629	127.446
358.938	244.613	93.021	114.166
346.147	244.677	99.498	122.858
342.166	246.922	105.706	121.268
339.014	247.351	118.527	121.326
339.918	246.005	134.545	117.822
342.315	247.042	140.607	109.085
367.468	242.299	140.179	115.940
386.296	242.649	150.264	111.428
393.808	247.623	162.968	110.297
452.136	249.125	132.973	116.993
332.090	150.204	248.561	166.676
516.711	254.782	154.702	96.703
542.836	251.771	134.406	83.886
564.243	246.699	128.714	78.781
564.728	236.588	113.117	81.958
560.797	221.963	114.991	90.907
506.006	223.414	123.508	88.892
476.129	217.982	144.489	85.788
318.776	245.307	134.179	86.044
390.434	245.201	82.531	118.240
390.814	244.902	96.229	84.194
410.806	245.965	98.144	80.610
449.318	249.780	78.217	90.654
376.000	247.421	105.974	76.687
338.199	249.249	94.883	80.133
324.186	250.420	96.604	79.495
299.542	251.658	108.717	79.725
295.803	249.839	112.572	75.970
297.698	247.201	118.834	72.143
307.925	239.688	122.986	72.064
327.298	235.447	118.321	69.371
348.080	217.379	104.407	74.743
352.425	208.625	107.406	82.471
350.090	200.824	103.573	92.816
350.565	193.882	93.768	102.311
350.683	192.309	88.677	104.304
348.427	198.291	89.598	88.957
357.347	204.242	95.131	103.701
367.831	220.708	98.664	105.005
372.106	219.523	101.655	102.500
460.706	165.743	112.782	114.750
504.857	205.059	85.676	115.561
478.446	214.230	102.551	111.136
486.755	228.132	115.089	105.564
516.989	261.432	137.696	75.267
526.519	261.240	139.678	73.000
549.372	258.869	126.923	74.718
550.143	264.341	136.295	69.101
413.425	469.252	108.854	34.753
530.500	255.424	135.223	80.969
475.868	249.073	146.866	87.687
449.695	253.398	105.373	115.837
451.357	253.351	97.634	103.081
448.148	254.039	90.825	95.146
443.213	255.637	89.628	91.386
405.988	256.151	112.900	90.206
370.798	259.325	111.689	90.976
358.134	260.326	120.334	92.444
348.120	263.354	120.694	93.388
345.931	265.133	116.880	93.646
340.756	269.252	114.316	87.307
344.593	271.557	121.783	74.784
345.973	271.353	123.842	71.498
355.968	270.140	117.980	70.717
358.131	272.163	119.412	71.050
362.019	268.057	112.746	73.174
371.641	259.949	110.685	84.022
404.114	258.642	115.513	87.154
364.399	183.537	99.898	107.493
386.200	151.027	82.321	122.820
438.320	268.737	95.936	84.284
401.738	182.026	87.926	107.660
410.488	246.576	127.419	124.599
384.951	189.641	101.338	112.142
412.019	207.516	131.860	105.616
389.490	196.853	133.217	121.724
404.811	197.754	130.160	145.699
386.410	98.274	162.642	291.086
417.119	244.182	127.585	119.256
395.945	195.028	124.762	105.643
375.165	206.170	141.294	107.929
399.745	210.205	119.014	98.781
402.082	212.272	99.856	111.025
387.587	252.866	97.318	78.362
364.003	248.947	96.134	72.171
349.383	246.234	95.762	67.195
311.770	246.047	117.324	63.197
295.504	240.327	108.614	55.005
294.239	240.639	95.575	53.145
282.368	242.992	103.137	62.927
282.703	242.993	100.193	69.465
290.022	253.780	99.854	81.685
304.312	263.193	104.591	77.536
321.984	267.838	105.434	84.542
338.101	273.916	104.104	84.695
368.713	275.513	101.671	83.163
426.034	260.607	82.653	101.083
428.307	159.799	114.284	100.837
436.440	249.343	99.354	104.207
451.845	242.184	102.877	104.707
480.894	196.598	112.529	150.008
482.131	197.660	118.838	107.569
471.650	223.817	115.519	102.327
468.483	224.995	104.247	100.929
463.605	239.924	100.083	87.263
456.539	245.892	85.955	82.949
448.744	249.072	105.031	77.897
439.896	245.968	105.793	81.058
424.641	246.844	108.544	94.885
426.896	234.101	101.612	95.118
419.034	229.449	105.531	101.115
420.348	209.712	96.327	106.984
422.354	194.420	96.992	108.358
420.808	181.054	108.885	101.364
416.717	181.545	115.626	99.595
412.752	170.994	117.127	103.429
404.861	159.676	115.880	113.438
401.400	157.435	115.839	113.860
387.570	161.173	129.066	102.335
375.017	165.194	138.260	93.325
359.713	191.198	123.222	79.146
364.427	199.200	111.236	92.232
365.243	203.409	105.999	93.005
377.465	202.602	115.995	100.690
373.348	205.491	122.669	104.305
369.754	204.630	125.504	90.151
368.532	223.595	122.161	94.003
385.652	210.691	110.477	95.034
382.926	215.361	105.186	99.051
407.812	233.686	89.139	91.180
399.900	224.089	71.377	106.127
389.979	213.564	71.838	100.373
380.159	213.193	81.968	104.703
372.111	206.601	84.903	106.789
367.411	207.031	96.457	103.630
368.119	208.271	86.704	103.026
367.803	202.054	94.831	92.033
368.527	198.914	98.678	92.999
369.256	199.936	100.904	89.870
367.446	210.486	106.080	84.100
366.223	215.735	107.908	89.246
376.358	215.956	107.194	92.104
375.636	213.591	116.658	97.431
377.195	208.405	118.023	102.374
377.989	201.543	121.849	108.172
378.076	213.292	124.304	101.442
384.261	178.204	116.269	139.316
380.930	178.284	127.198	134.454
366.049	143.625	137.534	104.572
372.055	137.970	128.008	96.188
380.999	138.431	116.612	95.941
379.115	135.877	116.542	96.057
378.711	146.494	123.688	81.906
372.765	150.190	116.889	80.566
377.800	154.788	103.001	87.213
384.880	156.792	100.787	99.974
406.356	169.057	119.025	93.813
407.237	181.484	130.422	88.475
416.923	177.598	118.796	97.223
420.947	185.330	119.945	110.157
423.360	203.820	126.679	92.071
427.230	209.260	122.289	93.202
428.076	215.025	122.978	120.150
426.432	218.738	123.123	104.699
426.358	218.014	122.964	101.609
427.981	219.992	122.561	101.290
430.623	216.017	118.843	103.887
435.000	197.612	123.817	109.269
436.433	195.386	124.572	112.165
440.366	197.865	119.204	104.119
447.066	204.274	120.429	98.716
452.218	205.995	118.315	101.027
458.441	208.319	121.036	104.646
458.714	208.545	123.418	99.578
457.407	205.320	124.664	107.169
457.314	197.610	139.395	105.819
474.252	195.630	132.442	108.200
459.868	233.671	116.089	105.525
464.429	240.329	95.633	100.425
438.738	227.944	137.412	198.431
309.705	247.860	41.322	122.898
462.421	236.860	98.302	101.090
463.908	239.339	98.714	98.235
459.249	449.438	111.951	36.404
464.512	244.607	114.431	95.345
463.570	246.709	114.901	94.549
460.932	252.865	110.564	95.377
456.265	256.377	104.077	100.503
451.074	254.187	105.704	105.710
447.096	257.474	113.077	105.577
443.690	256.711	103.181	102.160
439.706	247.842	77.966	106.079
410.962	222.669	80.977	120.476
395.835	198.568	85.918	121.511
381.539	201.003	80.243	113.802
378.606	176.273	92.471	109.436
368.686	129.621	133.160	186.896
360.712	135.313	139.721	111.693
354.925	135.953	104.932	93.979
353.357	122.584	103.203	100.285
346.627	120.437	110.798	102.440
346.350	130.560	122.813	105.855
352.566	143.704	126.538	110.883
363.569	157.836	120.074	104.580
374.355	162.290	124.590	111.745
394.509	204.462	123.095	101.870
444.286	211.164	101.639	117.078
459.309	222.604	95.425	111.153
489.592	209.782	118.007	93.858
509.798	218.330	132.084	109.607
523.827	200.379	127.417	113.621
522.208	178.293	122.843	116.096
522.616	178.881	131.018	107.038
527.139	153.660	124.355	121.226
521.407	135.135	126.832	131.966
516.557	120.477	131.925	142.097
499.676	116.021	134.153	149.554
469.338	108.345	138.635	130.814
456.696	118.249	122.442	121.331
444.779	126.177	125.597	117.302
431.893	135.661	128.732	121.906
395.409	149.832	148.713	109.392
373.102	155.158	132.488	103.210
347.167	178.023	143.378	91.886
342.521	204.333	111.775	84.426
343.554	226.930	110.267	77.957
352.451	236.707	91.347	102.648
354.301	245.142	83.953	108.565
356.997	246.785	83.566	104.550
357.773	247.829	83.407	105.391
353.914	247.354	90.146	105.922
341.626	240.110	102.094	110.744
326.128	234.070	112.107	118.229
315.208	227.443	117.627	123.427
286.484	215.783	129.710	133.650
270.871	208.161	130.332	123.777
251.320	201.796	142.193	107.347
241.257	200.535	144.416	105.008
231.646	194.107	139.460	96.816
234.646	186.435	127.538	92.099
231.803	174.992	127.633	88.759
242.983	174.403	127.686	82.212
243.680	171.036	133.708	61.943
252.635	169.197	144.598	60.335
289.615	170.413	131.248	66.888
214.788	170.209	170.694	157.575
230.888	174.391	172.498	141.476
453.297	209.288	117.337	73.626
489.705	217.466	127.098	81.731
503.662	229.484	133.212	109.010
503.294	230.294	142.760	119.669
513.305	241.957	144.594	113.582
515.800	245.197	140.419	122.689
512.326	247.572	140.252	123.385
502.451	251.589	144.494	117.654
489.903	254.519	150.359	114.955
473.591	253.371	163.817	112.968
461.520	252.000	151.861	104.160
463.044	252.973	132.532	100.274
458.797	227.892	193.550	143.777
370.939	237.343	137.955	132.303
371.699	257.596	115.944	145.503
367.166	251.630	116.369	120.125
361.001	259.030	111.714	120.363
348.349	259.120	107.014	109.963
335.167	266.076	115.836	62.648
337.962	265.932	106.697	58.501
348.359	267.673	83.947	62.438
351.098	257.405	78.272	69.446
334.123	254.576	86.052	73.212
338.188	246.437	96.345	79.548
326.756	257.645	129.922	68.100
492.029	267.865	98.536	79.278
502.319	267.810	140.404	82.138
513.196	264.645	144.411	84.192
524.536	260.032	144.437	89.196
523.351	251.148	146.852	80.090
518.272	241.795	141.692	81.254
491.003	233.714	153.567	80.002
444.499	224.614	179.055	82.320
414.783	213.846	137.844	77.413
383.726	211.870	129.784	87.697
362.638	204.489	130.550	99.081
328.089	221.480	122.368	96.403
302.842	210.069	129.973	107.866
271.304	202.439	114.743	112.871
240.219	210.034	120.613	117.637
242.947	208.807	116.828	119.139
235.989	211.931	122.047	124.019
224.475	223.388	132.627	115.390
223.866	227.926	136.690	107.493
250.486	231.083	137.220	101.041
264.955	243.067	150.521	85.325
286.427	245.447	142.431	77.031
304.918	243.142	125.618	73.398
335.076	244.626	103.069	70.359
362.888	243.152	78.450	73.433
374.301	250.357	64.226	72.209
372.975	253.461	65.030	75.555
368.951	252.673	70.173	78.500
363.034	252.626	75.548	80.300
354.235	253.501	82.286	84.024
346.345	248.989	75.921	89.693
338.756	246.049	84.969	93.933
323.433	240.684	78.411	97.099
315.160	231.313	82.701	100.231
295.734	219.594	98.796	98.346
291.252	210.777	100.097	98.191
287.616	198.195	106.791	99.834
289.554	189.312	110.424	95.036
291.520	180.930	116.533	104.394
311.955	161.442	115.498	111.702
314.796	162.818	116.261	106.301
324.177	162.242	110.257	104.944
328.493	165.811	109.786	103.209
333.943	174.082	104.929	96.621
341.374	187.194	106.588	97.543
344.168	205.540	104.301	92.263
346.604	225.805	112.650	85.554
344.952	251.702	114.682	72.156
357.297	258.575	104.787	82.182
362.590	265.207	100.332	89.199
368.336	271.605	84.041	93.730
371.268	266.989	76.516	98.681
380.232	255.967	69.747	93.380
388.359	243.105	67.008	80.998
399.363	219.735	67.775	76.253
406.944	211.106	66.048	71.351
402.735	202.325	66.639	76.844
404.753	188.720	69.301	80.866
386.983	142.029	118.575	143.809
394.177	75.291	114.781	204.606
434.595	234.843	124.461	118.202
254.080	229.948	83.770	136.577
410.680	198.981	144.493	202.480
459.075	269.952	119.013	158.097
448.761	187.404	163.803	275.275
421.957	75.133	197.687	410.750
416.884	6.489	165.126	381.560
376.118	225.338	182.220	191.308
404.622	137.573	204.616	336.410
362.669	259.803	201.766	102.766
377.600	266.894	96.996	101.687
380.778	278.482	78.680	102.152
377.182	275.517	74.042	108.896
373.815	259.743	73.453	122.977
370.739	239.996	80.805	136.452
192.252	218.178	87.002	131.225
362.624	141.817	98.139	116.193
360.328	129.829	90.554	137.184
367.533	101.772	89.784	122.123
367.281	91.215	87.735	97.833
370.951	52.147	81.113	114.653
374.990	37.429	72.174	116.998
374.524	30.558	71.455	111.952
374.235	29.317	69.344	95.346
377.038	27.523	65.342	102.652
381.561	21.047	70.493	126.945
381.696	17.433	76.148	127.308
382.859	22.153	80.513	122.800
381.378	46.078	84.956	102.221
386.486	49.378	86.762	100.038
390.750	62.302	79.828	103.106
389.804	74.656	80.515	120.220
381.294	102.077	84.941	131.163
386.298	120.523	78.272	128.184
395.932	124.373	69.768	137.280
458.607	202.813	99.679	70.140
644.370	329.443	35.471	66.266
557.558	246.535	109.585	142.467
499.022	200.220	61.650	71.622
437.934	251.234	62.323	78.872
445.056	259.994	63.014	81.817
449.792	263.494	63.078	77.094
445.541	260.656	66.641	80.227
441.481	259.753	68.936	81.910
434.443	260.358	73.616	80.604
421.380	257.004	65.880	80.161
465.677	192.460	92.243	85.124
402.743	244.432	67.744	88.622
395.373	242.524	68.608	86.331
389.212	237.969	68.831	79.727
385.592	226.371	63.170	79.112
385.869	220.242	58.158	82.357
385.094	211.737	56.686	85.029
384.717	207.588	56.237	85.640
386.204	197.984	56.002	91.407
380.683	168.227	82.287	123.528
384.260	174.526	61.606	109.593
383.316	172.176	65.812	113.226
384.606	175.761	67.087	114.751
381.677	184.929	66.291	117.544
384.991	208.444	66.502	120.287
386.914	237.505	63.157	105.536
389.478	254.302	60.291	91.663
389.362	256.858	59.570	89.632
382.781	261.941	65.044	85.505
356.684	242.165	90.941	101.679
337.826	206.617	106.145	129.637
321.705	164.783	113.576	128.404
315.416	136.200	117.144	124.107
311.655	112.215	114.745	118.375
303.743	78.392	114.835	110.651
303.159	80.845	108.419	96.217
302.195	66.675	94.222	91.886
261.870	22.976	135.754	133.749
289.056	43.304	95.533	99.883
275.368	24.330	90.976	101.865
265.305	12.867	88.524	105.180
253.756	11.475	97.250	101.443
246.105	10.364	103.430	100.616
246.382	14.276	103.592	102.769
229.454	17.533	106.682	111.506
217.764	14.506	111.244	111.894
214.229	42.991	115.710	111.548
210.246	53.195	105.756	115.151
203.048	68.663	106.668	122.309
198.718	95.219	125.444	109.336
195.779	121.081	153.904	86.071
206.289	146.977	164.220	83.397
210.896	162.813	158.390	104.833
232.683	175.948	150.533	128.662
262.115	180.806	161.054	147.058
295.723	220.862	157.479	130.185
330.540	251.923	160.136	120.968
369.273	260.036	145.340	112.581
392.871	266.115	131.573	99.888
417.116	260.713	106.373	90.988
416.107	256.265	101.077	93.214
408.088	258.037	96.939	103.752
400.156	256.955	96.159	107.923
391.700	256.964	73.141	110.889
367.988	254.815	76.721	114.389
351.181	251.368	81.717	119.053
333.769	248.760	96.360	116.464
320.051	245.413	104.327	119.955
309.591	241.536	107.877	119.982
307.973	239.176	101.549	118.441
306.582	239.789	102.079	113.440
306.874	240.237	100.316	113.614
309.653	241.386	96.692	112.545
319.444	242.501	90.198	114.784
336.820	247.640	79.713	114.214
351.738	255.088	73.984	114.636
362.034	257.730	72.574	115.586
369.968	261.369	78.068	105.438
377.333	264.810	77.709	100.159
386.757	266.616	74.289	101.172
391.299	265.673	67.756	98.096
393.969	260.106	70.013	99.586
395.030	252.575	69.519	101.874
396.605	244.037	67.976	104.898
395.361	205.527	67.258	114.889
401.147	194.840	64.103	109.315
406.712	170.785	66.299	104.125
405.787	152.423	62.437	109.768
391.912	136.741	79.500	96.402
365.389	75.309	125.273	145.034
366.733	47.974	170.923	300.369
375.430	57.177	141.567	255.895
346.236	111.036	196.656	308.314
390.504	144.781	98.745	134.639
392.616	122.719	126.050	224.099
405.077	98.996	113.352	161.793
394.816	138.810	109.285	127.863
390.297	116.873	112.165	151.311
400.449	69.699	91.329	148.220
394.324	169.703	99.213	115.143
400.994	182.557	117.100	238.898
401.892	158.643	112.984	123.224
412.541	166.671	94.974	107.434
425.118	187.868	83.121	92.009
409.246	213.524	91.717	82.987
430.939	215.780	59.695	98.579
432.200	235.591	59.206	96.136
431.990	261.290	58.828	74.235
431.517	259.301	49.884	70.121
408.274	394.881	58.327	21.566
424.600	269.916	61.297	61.641
422.184	270.882	58.558	68.637
415.989	264.280	56.362	71.699
419.808	255.174	57.841	75.280
418.195	199.967	50.917	108.329
412.386	174.949	64.826	116.585
399.926	151.490	74.962	113.345
393.922	147.601	75.514	93.138
401.538	108.336	68.677	111.289
396.175	82.112	68.404	109.129
397.641	66.887	60.983	112.383
403.562	53.421	57.085	113.296
401.921	47.003	52.857	108.702
402.034	42.096	49.777	104.728
402.600	30.905	47.407	109.196
399.860	36.594	50.590	93.668
399.605	39.813	51.420	90.621
400.418	40.466	48.827	98.045
399.142	49.375	50.631	96.990
399.730	67.989	48.084	101.465
398.769	75.775	46.408	100.276
397.141	99.200	47.258	97.829
379.170	203.790	61.411	81.362
394.468	126.097	56.729	108.900
387.167	176.585	86.267	108.660
356.301	156.100	125.942	180.164
380.866	154.538	160.950	278.915
401.510	188.856	131.433	236.527
405.678	173.664	103.474	163.272
422.565	223.514	75.046	146.851
429.014	257.267	71.698	105.314
436.610	274.851	64.198	79.988
449.706	279.386	56.117	70.459
461.974	277.154	54.189	60.253
474.565	260.627	55.391	65.083
474.532	247.285	58.499	70.494
436.120	225.785	66.391	69.963
481.765	201.892	66.684	89.452
493.927	168.275	79.974	93.913
610.841	312.235	81.028	77.223
492.864	223.796	20.122	95.875
412.909	459.193	90.885	43.622
434.994	406.565	68.797	54.498
417.914	266.043	90.126	164.426
430.142	411.312	68.006	53.258
435.611	454.720	66.171	61.616
418.600	407.236	95.869	57.154
419.065	413.279	84.053	50.921
416.814	400.233	72.107	66.049
421.225	389.604	129.349	62.222
437.412	483.752	65.085	91.497
421.193	518.804	76.540	57.196
434.528	448.329	67.218	54.810
437.193	353.067	60.961	54.921
442.274	453.395	58.722	59.841
441.263	452.180	56.591	59.851
440.229	449.215	55.075	59.006
443.467	451.028	50.667	60.197
439.928	449.183	52.429	55.164
442.666	450.216	44.516	61.587
434.116	395.108	97.338	73.799
446.042	386.751	92.828	61.116
338.105	264.225	49.333	80.196
438.959	451.066	47.858	76.689
417.840	397.738	124.007	90.459
443.402	388.646	91.181	68.171
329.165	261.804	52.781	70.282
588.945	420.132	38.988	110.576
458.728	326.886	43.489	78.402
416.209	311.790	54.235	87.602
374.487	197.764	124.232	182.107
371.272	171.635	121.168	133.967
388.015	177.674	85.482	101.163
385.863	184.648	65.422	83.871
385.233	176.111	62.578	95.706
264.864	215.744	18.375	53.678
261.582	189.644	23.029	80.784
349.758	152.895	109.884	143.401
368.227	166.470	66.951	101.502
367.533	170.535	60.535	103.827
368.021	208.093	61.542	92.283
370.236	220.370	57.377	88.074
373.497	236.419	55.533	85.782
378.201	249.227	60.542	99.374
384.704	258.488	61.249	95.496
392.338	273.047	61.867	83.408
400.476	278.814	57.915	81.699
405.814	284.693	54.798	80.766
407.701	289.061	55.584	74.650
407.758	284.426	60.497	77.847
407.081	281.098	56.714	81.184
407.790	279.281	51.790	85.853
408.328	274.381	58.078	82.974
407.225	257.160	50.853	94.745
399.996	236.907	55.144	92.244
387.081	193.716	58.786	109.529
375.711	166.776	76.066	114.801
378.244	159.525	102.208	93.650
373.879	81.872	62.541	141.153
372.051	60.150	67.079	133.097
373.554	34.297	59.945	124.514
373.983	25.679	52.282	113.500
372.988	18.243	47.558	96.373
372.022	8.794	47.815	92.327
369.431	5.492	49.943	81.013
366.365	0.000	51.447	74.093
355.205	109.076	125.339	130.685
376.203	127.138	150.651	272.514
354.795	114.784	202.892	340.219
384.620	152.111	140.086	162.113
324.357	115.823	158.123	235.996
346.696	132.963	141.964	115.455
362.593	133.048	164.949	244.327
350.591	127.810	138.247	136.456
356.151	92.497	151.735	266.869
414.468	169.068	107.381	102.021
394.282	155.399	103.939	115.364
386.200	171.001	105.855	106.332
388.452	180.813	109.755	95.636
379.516	189.986	102.845	93.701
377.379	195.443	92.815	88.063
370.927	198.649	78.431	84.899
368.836	215.985	70.906	65.673
367.778	225.993	63.838	56.482
365.964	229.221	70.470	55.172
399.145	223.586	53.258	74.177
399.706	245.565	55.817	76.812
397.808	258.846	55.720	70.298
403.352	259.192	55.938	78.547
374.268	249.837	79.899	145.243
393.774	275.365	56.498	60.915
409.928	271.211	45.158	64.989
403.680	226.308	61.925	96.503
381.033	229.757	85.890	78.878
412.820	231.250	69.460	85.411
400.536	392.025	132.625	62.104
423.917	276.772	65.411	146.340
424.589	181.927	95.207	106.613
442.857	171.144	84.871	108.583
443.014	165.861	91.435	92.981
465.080	138.868	77.674	101.739
464.183	133.292	87.167	101.682
418.177	131.662	125.974	171.705
421.142	192.502	86.437	101.510
466.394	138.177	85.640	86.493
486.006	139.290	78.389	95.800
480.962	143.701	84.744	102.745
406.150	151.235	139.320	148.518
415.307	170.493	159.722	208.556
483.495	195.399	82.263	78.454
484.005	199.005	67.616	78.108
481.241	194.238	71.681	93.182
473.573	224.603	77.329	75.687
488.995	246.615	67.250	81.350
489.140	253.998	67.465	77.534
487.717	254.663	57.074	79.088
487.147	255.015	58.463	78.721
486.631	247.925	56.049	80.277
484.397	232.224	55.281	88.905
481.349	217.331	55.453	101.887
475.539	188.452	58.760	107.495
479.791	162.877	68.173	97.302
476.837	154.574	65.800	88.206
459.104	149.466	76.882	89.430
467.521	115.946	67.574	115.401
465.796	108.815	65.234	112.333
468.272	95.701	58.420	102.960
472.588	83.192	52.740	103.292
473.374	77.729	48.805	101.765
472.182	73.992	48.710	101.040
469.679	85.344	49.156	94.684
469.488	84.351	48.892	93.119
467.568	87.354	49.976	103.278
466.511	94.911	53.624	110.400
462.969	112.540	59.625	99.349
419.782	157.326	88.561	74.262
435.713	201.089	108.774	186.711
420.877	159.756	161.215	254.377
406.400	267.373	373.799	308.627
455.397	192.397	90.588	115.468
454.167	235.152	93.660	78.511
466.810	245.565	82.566	76.456
479.684	256.652	77.040	75.492
489.423	258.675	81.845	76.351
493.787	386.890	64.912	66.166
495.538	312.654	54.148	101.600
483.148	271.979	82.252	83.620
484.572	276.238	91.064	81.595
484.950	275.890	98.804	77.603
486.524	273.105	96.503	82.246
494.047	272.833	90.069	82.672
496.860	261.643	89.868	85.296
489.688	253.507	88.914	92.478
492.198	238.267	80.954	97.300
492.195	219.418	73.795	95.669
487.677	184.327	71.496	105.808
484.355	181.551	84.813	97.719
486.511	156.409	72.021	119.618
482.631	132.312	73.178	130.456
482.052	110.931	89.043	154.648
478.266	78.855	76.040	134.596
469.777	51.406	69.721	129.969
467.110	44.334	68.887	111.430
464.903	42.780	71.605	104.126
462.602	38.052	71.379	100.416
459.904	35.007	71.829	97.270
456.529	31.459	71.482	96.886
453.677	32.072	69.903	95.348
451.488	36.858	68.215	93.798
452.578	51.544	65.325	93.896
454.641	64.554	62.380	97.439
459.924	87.796	70.462	91.163
461.972	100.805	74.708	89.127
462.543	158.275	83.275	94.752
467.663	154.040	91.435	104.373
466.869	158.337	98.004	115.736
463.275	170.956	105.630	118.483
466.911	203.628	100.432	87.678
463.562	234.862	56.686	108.632
469.139	254.346	50.862	96.185
470.268	261.906	50.665	91.177
474.483	269.519	52.331	80.328
477.822	272.404	54.452	78.863
476.910	272.815	63.985	75.917
483.302	270.406	59.096	78.839
485.077	264.416	60.982	85.919
485.729	249.907	60.412	96.473
486.205	240.251	64.168	98.466
489.327	216.224	66.013	115.893
494.742	188.071	73.833	119.845
500.093	169.611	71.510	110.257
499.677	129.191	77.814	106.629
519.566	88.309	63.363	110.411
522.707	74.648	63.027	112.205
520.241	48.756	66.787	117.858
514.068	41.285	72.852	95.670
511.677	11.001	77.174	91.153
520.665	156.317	99.280	68.051
511.659	22.936	88.114	45.778
489.889	154.573	123.696	101.300
463.423	37.302	154.432	215.185
452.211	104.430	181.130	316.729
515.423	142.254	108.985	110.831
513.699	137.415	103.988	120.697
506.800	0.000	130.968	164.235
502.663	129.935	102.561	120.141
540.008	22.971	90.838	73.434
526.052	143.189	91.451	77.089
553.892	6.231	75.238	85.834
557.645	10.136	75.104	93.411
562.664	24.313	73.075	98.200
491.775	27.594	119.298	189.258
577.994	113.341	81.234	115.178
582.474	128.652	90.483	117.768
588.286	144.281	95.292	118.884
593.145	161.077	97.265	118.296
595.432	175.740	99.291	121.460
582.528	190.595	108.332	118.167
571.781	198.853	113.999	119.779
558.386	204.470	120.295	122.418
545.090	214.805	128.902	116.883
525.256	223.908	116.179	105.988
511.715	231.764	115.267	95.160
512.988	228.992	108.176	97.550
488.850	226.461	97.559	98.902
483.999	232.980	94.419	93.697
474.287	233.874	89.239	96.579
466.988	233.417	96.105	104.475
462.661	236.375	97.773	102.883
454.309	240.401	101.248	105.584
431.985	237.129	122.448	108.561
423.371	240.226	118.535	108.279
417.842	237.582	118.929	107.415
412.309	238.919	116.551	106.378
409.748	240.840	115.193	103.600
406.038	243.831	115.655	100.419
405.563	242.918	105.890	101.043
407.608	245.994	96.408	98.466
409.929	245.134	82.886	100.248
410.988	238.289	74.814	106.169
410.015	236.362	69.163	109.435
400.137	237.284	64.412	108.359
397.170	237.424	59.291	110.036
398.068	233.528	58.561	113.855
398.632	238.946	57.886	109.105
399.258	237.851	57.303	106.081
388.902	222.370	62.186	110.879
384.282	207.423	73.015	101.186
381.296	188.821	77.399	104.347
371.058	156.793	81.936	108.976
351.919	135.486	89.328	105.050
339.931	105.839	93.285	105.349
335.337	84.820	99.261	109.439
323.618	57.964	97.141	93.835
320.586	44.702	96.836	93.753
319.331	36.906	95.090	86.924
307.231	16.987	121.169	130.194
310.474	11.765	95.127	83.758
305.378	8.762	97.885	86.856
304.408	5.807	95.589	90.558
321.504	59.020	89.514	98.051
309.507	12.041	84.027	89.297
310.380	16.027	79.755	87.405
308.033	22.827	82.216	86.464
304.757	30.144	90.986	97.266
301.712	42.781	94.776	103.486
297.704	72.301	109.410	121.626
327.588	108.457	150.183	148.295
313.152	100.099	130.644	131.108
300.793	116.242	120.212	122.191
303.877	123.750	121.080	105.711
303.742	142.347	115.175	90.246
303.410	153.507	94.874	101.729
306.660	169.035	98.396	105.311
308.997	181.670	94.722	108.862
312.589	192.873	98.787	101.501
327.946	207.942	99.527	101.408
330.033	213.812	104.350	96.206
331.912	216.842	105.094	96.600
333.777	222.602	106.967	95.321
334.726	223.070	108.963	97.621
328.560	218.386	100.787	95.074
323.370	210.520	102.289	94.649
314.786	192.591	103.856	107.952
305.955	173.138	102.481	109.805
299.077	141.520	97.306	123.773
291.732	97.605	101.965	121.180
294.576	64.650	104.589	109.721
298.660	45.202	110.279	114.284
288.827	21.202	127.839	106.600
294.206	17.370	124.375	86.944
301.368	4.024	114.917	89.232
285.410	45.690	135.112	132.568
364.093	142.987	97.803	67.102
421.121	143.263	90.436	104.977
289.602	0.000	152.540	125.750
307.873	2.897	114.700	44.909
311.242	4.628	130.336	125.626
282.654	0.000	187.340	172.594
351.970	107.698	222.083	379.886
307.465	2.134	137.538	88.471
323.375	10.802	118.535	98.157
322.647	16.402	121.091	100.672
321.506	28.846	127.843	98.555
325.014	114.829	172.146	219.496
320.147	71.964	136.950	103.546
322.574	79.564	134.371	100.414
326.159	82.369	130.450	96.813
331.783	89.974	124.983	111.882
329.943	106.521	130.508	109.803
336.113	119.493	122.916	110.649
346.171	142.011	118.762	107.677
349.431	159.037	116.014	116.333
358.936	166.410	112.019	117.611
367.587	176.922	105.959	131.354
368.235	191.630	112.001	118.554
385.599	197.720	109.687	114.570
405.700	198.059	93.572	115.607
412.465	206.768	91.652	107.712
417.044	205.759	86.358	109.262
416.588	204.211	86.268	113.260
415.299	199.828	90.636	112.904
410.567	190.003	81.978	114.611
407.697	175.429	79.569	121.939
411.682	154.521	93.164	128.455
403.756	133.620	94.554	139.507
395.176	91.102	91.218	113.030
391.585	57.107	73.245	132.040
396.763	35.316	78.383	118.934
393.747	27.036	71.396	117.571
392.217	19.300	71.485	115.948
391.538	17.150	74.792	120.022
379.449	19.181	88.566	112.024
395.875	121.014	126.224	126.687
357.449	6.042	169.913	219.583
381.960	130.573	167.629	143.037
333.142	53.551	190.370	269.695
352.440	62.937	221.722	350.980
382.440	116.724	152.994	126.369
382.629	122.832	138.952	131.979
372.782	122.905	142.141	128.589
376.647	143.779	137.779	108.481
367.054	125.607	118.552	119.051
366.376	138.516	109.501	107.343
376.815	130.522	99.214	116.994
399.755	16.209	104.862	107.082
376.165	116.578	92.667	113.686
380.103	102.671	90.114	119.970
346.655	0.000	145.972	148.106
359.966	108.993	147.702	127.438
364.421	98.430	160.936	139.354
277.188	281.633	246.045	153.995
374.224	174.889	258.065	343.800
320.190	46.657	311.132	526.341
384.227	63.593	137.933	192.993
394.911	113.480	128.814	147.313
329.768	123.536	201.180	236.778
358.819	106.065	190.599	222.599
337.249	63.197	209.031	337.456
320.049	154.319	363.036	421.216
392.659	168.575	187.475	276.356
407.784	124.799	118.214	125.218
377.138	205.032	160.581	223.321
389.232	147.158	142.200	146.320
400.883	127.166	126.543	140.535
394.752	157.726	123.625	115.898
367.448	168.690	170.892	179.294
393.463	181.413	102.176	92.877
394.868	179.614	87.368	92.407
393.818	181.969	85.265	87.332
390.582	99.893	66.667	111.548
392.708	170.338	98.871	94.786
396.010	167.281	109.530	98.270
398.703	162.928	115.745	100.550
397.449	172.162	120.583	91.737
382.287	166.034	114.138	105.319
390.772	173.076	100.875	103.583
392.759	141.654	107.783	120.083
391.532	152.839	123.818	106.751
409.953	137.674	122.157	117.957
438.966	23.669	84.104	116.144
419.227	10.172	98.138	107.421
380.768	231.024	94.598	40.335
383.277	227.186	95.381	43.480
387.920	140.180	103.146	110.674
387.288	191.651	104.676	58.141
398.089	86.000	142.666	174.057
400.192	0.000	168.141	224.381
355.505	100.766	183.136	319.402
435.451	4.261	79.110	124.238
436.912	10.184	66.280	112.253
444.882	10.041	56.888	100.594
450.766	22.445	60.110	97.088
388.683	126.734	82.061	99.590
247.888	56.308	27.391	103.328
375.694	127.429	15.310	79.657
388.292	138.524	45.983	60.623
393.841	136.084	57.668	63.951
394.462	220.809	63.607	68.733
387.318	197.186	71.518	69.571
390.143	190.214	73.932	76.613
399.637	130.937	125.579	135.495
391.643	160.832	170.177	225.362
410.860	211.088	132.924	239.002
416.628	188.862	118.513	101.510
438.143	199.572	96.572	113.549
407.634	171.932	150.403	162.856
466.338	138.681	102.331	100.081
459.869	163.672	116.010	102.131
298.061	385.203	36.347	50.998
468.822	148.255	106.756	89.973
468.451	152.645	107.604	89.490
464.824	156.517	117.563	89.422
459.945	159.651	122.908	85.085
452.835	160.182	128.892	82.585
451.963	161.793	129.054	79.141
459.825	162.740	118.328	86.401
452.184	164.711	124.063	87.765
453.479	166.922	114.486	90.323
441.968	167.900	119.444	87.568
439.365	169.101	124.957	87.306
436.318	169.510	126.568	87.086
440.928	170.833	123.510	88.520
432.100	170.522	151.922	137.355
445.763	171.305	103.785	89.900
447.942	172.568	98.530	88.457
447.776	172.470	96.947	88.820
444.968	175.225	95.445	88.558
445.425	177.035	94.798	88.994
441.651	179.260	97.999	89.645
444.824	181.956	98.534	88.582
440.066	183.299	106.151	88.346
436.175	183.489	113.462	90.904
442.440	191.142	108.430	87.741
440.569	194.166	109.416	85.323
438.363	196.045	111.110	85.337
433.861	201.017	108.648	82.472
429.590	201.749	105.754	83.221
431.019	204.719	96.689	82.074
432.383	210.543	88.739	76.351
434.707	216.441	85.153	71.540
431.400	218.325	86.817	70.465
417.162	220.231	90.086	67.854
420.951	223.911	84.608	71.613
418.658	225.975	82.411	73.008
414.813	226.861	84.101	75.806
418.759	227.298	78.987	79.894
415.203	222.717	73.601	83.958
415.282	228.758	68.967	81.215
414.798	224.765	67.325	86.485
416.842	230.478	64.428	84.987
418.956	233.148	62.465	87.739
418.648	233.380	65.186	86.685
425.724	237.317	64.802	87.045
422.344	238.782	67.039	81.679
434.986	234.992	62.121	86.426
450.307	245.587	55.206	81.800
462.884	245.962	53.386	79.946
470.065	247.657	53.498	79.921
478.482	244.281	51.822	84.051
482.655	243.882	54.407	85.726
491.011	241.178	64.099	85.909
496.723	230.074	67.190	93.932
504.350	218.089	71.988	90.274
505.996	210.933	79.274	91.334
505.631	201.108	90.103	94.586
502.711	194.020	93.872	94.729
484.469	194.579	105.096	87.273
474.684	196.301	102.467	85.059
453.145	204.027	107.332	76.300
445.270	207.053	104.892	75.352
443.921	212.578	99.681	71.986
372.886	239.004	98.833	70.666
366.384	248.985	106.770	66.597
349.202	259.009	93.668	81.818
343.400	269.022	78.440	85.901
340.183	271.046	68.583	92.395
331.368	274.650	64.728	90.884
321.916	275.783	69.218	83.696
319.920	276.937	73.345	74.855
318.104	276.497	77.376	67.416
318.080	276.126	81.438	62.498
323.920	267.135	83.593	63.996
332.260	260.719	79.195	64.681
333.193	258.145	80.180	65.198
330.131	257.467	78.469	66.395
327.696	259.098	78.776	67.516
321.791	260.102	80.645	73.435
317.687	273.140	79.291	66.519
320.505	277.839	73.956	68.301
324.353	275.700	65.791	75.539
324.765	275.213	64.573	76.543
321.802	272.746	74.748	79.686
332.051	259.479	88.474	74.239
358.445	243.931	97.036	68.722
375.030	231.518	104.473	71.590
419.222	220.362	98.102	62.311
438.202	216.451	99.404	60.418
453.594	212.055	96.267	66.679
465.053	212.350	110.424	70.703
471.488	216.239	124.436	79.612
481.588	215.095	118.389	87.095
487.431	220.595	116.637	88.851
489.702	226.865	118.522	90.001
485.853	219.918	115.876	88.334
485.927	225.444	98.124	89.641
489.254	225.013	82.254	94.375
493.686	229.383	72.281	99.392
497.009	234.573	72.579	97.325
499.642	239.908	73.770	92.050
502.978	242.309	77.587	87.757
501.447	241.361	82.951	88.351
513.166	243.377	86.402	87.322
522.551	234.086	98.666	85.086
524.134	232.658	107.556	88.411
515.545	235.545	118.236	72.366
501.832	224.321	122.275	80.789
466.347	419.643	105.930	49.702
458.222	187.714	151.765	158.519
421.940	209.980	152.987	90.500
399.230	238.476	111.641	69.993
382.708	243.232	104.456	72.220
364.562	244.200	98.010	73.084
350.749	246.358	105.375	71.116
342.511	245.363	102.168	78.070
337.601	247.561	96.398	76.746
335.285	251.100	92.544	73.522
338.974	253.383	90.689	73.133
357.024	255.882	91.137	75.409
367.926	261.730	92.345	74.793
375.661	264.029	89.103	75.471
384.002	266.924	88.472	74.027
396.464	270.261	83.918	71.694
413.159	272.550	68.985	70.520
423.027	273.205	65.306	71.288
428.192	273.846	61.454	71.083
434.469	273.854	59.349	75.204
436.854	273.176	63.455	77.301
436.923	279.028	61.695	72.240
434.328	271.250	72.934	69.546
428.468	269.307	77.884	72.438
425.166	272.166	78.523	70.761
420.244	271.834	75.142	71.817
408.455	280.458	68.455	69.524
396.249	280.009	77.326	73.457
387.609	280.452	82.254	75.419
379.223	281.378	84.148	75.510
373.135	282.369	87.264	75.155
365.375	280.089	95.818	75.506
355.481	277.652	106.236	78.005
369.111	273.402	91.614	76.278
380.215	273.615	84.248	69.692
383.601	273.015	90.060	62.679
397.634	270.330	107.944	50.241
412.627	269.601	107.634	47.800
425.553	269.689	103.265	47.168
448.014	267.517	95.488	51.976
462.443	263.841	91.967	57.146
475.316	259.707	92.444	65.992
486.920	259.496	94.094	68.858
490.861	260.325	97.562	68.238
494.632	261.114	103.162	70.217
495.695	260.931	104.536	71.436
496.961	260.236	108.447	73.263
499.806	259.137	104.706	74.723
501.168	259.719	103.900	74.274
500.974	260.148	102.105	74.444
498.587	261.311	101.331	74.045
494.941	260.128	100.503	78.212
490.461	260.802	97.299	79.005
487.029	258.559	97.736	83.171
485.591	256.569	91.497	82.765
353.135	246.103	47.989	98.299
482.609	257.412	90.811	81.671
480.273	256.456	90.749	83.466
479.756	255.022	89.904	84.377
482.039	254.586	86.061	86.384
480.451	256.126	87.148	85.835
478.163	253.896	87.728	88.616
478.255	257.027	85.530	85.996
476.437	257.309	86.360	86.130
478.600	261.583	85.087	86.314
482.607	264.289	80.289	88.474
493.395	267.419	69.627	88.618
489.419	267.238	73.624	94.911
504.899	267.357	66.242	97.568
515.681	270.775	64.796	89.984
525.243	273.640	62.689	91.192
533.475	277.747	75.610	92.954
538.783	277.814	86.272	93.630
546.566	276.287	83.169	93.193
550.277	272.421	86.291	93.873
546.735	270.304	86.030	91.360
547.813	268.005	86.224	89.312
542.901	268.047	89.385	87.891
431.199	255.984	74.731	68.202
512.934	226.248	119.703	132.852
503.671	268.596	97.509	89.554
493.721	270.619	75.972	87.908
488.146	265.471	68.729	91.909
474.821	264.428	75.692	92.398
451.451	264.698	67.106	90.985
445.260	262.774	66.572	97.424
407.575	263.002	92.292	92.034
382.221	263.264	106.151	89.684
367.600	263.744	115.777	84.468
359.228	263.877	120.993	72.480
355.958	262.643	116.925	65.877
351.031	261.140	108.886	59.545
338.678	258.122	105.726	59.934
339.866	251.982	100.241	72.274
336.831	246.126	103.781	86.878
334.198	245.971	113.165	92.190
356.099	250.107	105.837	90.881
370.123	251.642	95.671	91.966
384.870	251.329	87.329	94.464
414.477	249.490	65.472	92.638
428.897	253.049	62.507	90.512
434.051	256.437	68.526	89.013
429.434	256.688	82.570	88.554
426.517	257.248	96.332	90.884
423.512	259.253	112.738	91.745
426.996	260.323	112.952	94.559
434.103	259.409	107.342	99.257
448.672	261.207	101.531	100.663
473.403	263.945	95.446	97.602
495.234	268.345	84.650	93.325
524.717	269.810	65.912	90.886
544.956	271.098	102.821	86.469
544.291	268.197	120.801	90.113
555.477	267.456	124.821	91.467
554.284	268.174	134.509	90.598
551.264	270.948	137.172	78.035
553.861	268.266	130.482	81.876
556.935	266.176	119.718	85.734
554.656	269.282	109.413	83.232
542.003	271.782	117.659	82.466
534.598	272.674	120.255	79.698
529.447	276.444	111.251	76.984
521.435	274.910	110.666	81.830
514.566	275.020	103.410	84.907
505.865	275.884	102.440	88.902
500.611	277.121	94.186	90.285
492.173	272.915	89.992	97.898
482.783	270.947	91.824	106.185
474.628	271.859	94.290	107.998
460.386	272.140	100.986	106.723
451.320	272.573	104.425	103.328
425.050	267.156	106.824	106.568
400.872	264.682	117.881	101.299
390.151	264.289	115.421	94.011
383.213	264.338	104.526	87.798
376.095	259.906	85.737	94.619
366.856	252.276	84.694	100.671
352.491	250.276	92.450	102.769
343.182	249.976	95.529	103.631
336.504	251.588	99.371	102.765
329.933	255.580	107.096	103.575
322.107	256.089	119.900	105.536
318.240	255.873	125.274	108.777
320.238	257.197	128.465	109.772
322.078	260.998	133.604	108.916
326.170	262.748	134.374	107.801
331.879	265.847	133.800	105.276
339.553	266.978	130.330	104.982
344.473	267.473	129.081	105.429
348.941	267.446	129.683	106.040
353.352	267.270	127.359	108.770
360.640	266.313	123.173	109.436
367.568	265.591	118.238	110.342
373.642	265.970	116.382	111.345
381.435	264.969	111.335	112.722
396.141	261.964	97.824	118.623
412.827	260.382	84.157	117.885
427.934	259.554	71.423	115.178
434.959	257.489	67.156	119.776
440.160	256.420	67.219	119.661
443.172	253.522	69.461	123.370
456.742	257.263	69.289	113.946
469.476	247.650	69.809	120.743
474.097	248.849	77.749	115.233
477.443	246.582	82.149	111.804
476.749	243.211	90.672	108.562
485.365	234.959	98.778	114.756
488.412	222.149	99.774	118.845
490.065	214.693	111.284	121.488
490.494	215.103	121.549	113.290
492.024	209.351	122.889	118.035
497.156	208.559	126.240	116.414
499.766	203.214	122.999	120.909
501.260	207.416	119.498	114.411
500.374	200.414	110.497	120.380
504.005	202.273	107.751	118.511
494.337	211.526	117.182	111.568
479.118	215.624	123.897	111.238
466.814	220.783	120.722	111.549
444.020	231.960	116.092	106.135
433.604	241.210	119.613	100.864
394.621	250.333	118.645	104.634
378.282	253.251	101.298	105.116
320.605	260.970	123.269	110.678
299.445	270.680	119.996	104.619
276.545	270.023	122.788	104.490
257.026	272.490	128.166	102.673
229.312	274.262	132.395	97.778
204.885	262.995	132.418	107.395
198.086	257.122	127.184	109.174
194.918	250.780	129.680	113.095
193.948	242.894	128.181	118.480
193.769	238.790	132.480	121.091
198.358	240.910	137.042	119.086
206.657	249.752	137.621	110.514
217.750	259.897	136.859	104.317
236.828	268.491	142.470	103.448
257.973	275.813	140.524	104.734
275.859	278.779	146.353	106.625
294.159	280.593	149.188	108.509
324.458	278.903	133.875	109.293
351.214	269.300	114.512	108.726
394.351	261.924	112.032	107.700
409.784	253.979	116.438	106.924
413.039	248.200	118.024	106.653
421.250	244.857	117.903	105.841
425.664	245.534	121.464	103.804
427.360	246.043	124.992	101.564
429.436	244.178	124.905	103.371
430.223	244.150	126.773	105.005
429.002	243.721	127.527	105.389
430.139	243.837	126.346	106.179
429.321	243.414	122.989	105.192
426.416	246.056	120.201	103.719
426.543	247.479	129.190	103.901
430.634	246.905	121.994	105.827
430.352	246.034	126.091	107.394
463.394	239.796	106.458	117.856
473.215	243.888	105.220	115.627
479.768	239.978	110.658	122.118
480.568	237.575	112.914	120.045
486.249	238.926	112.167	120.497
485.833	232.329	120.102	124.197
488.709	233.975	116.281	114.331
485.183	234.194	120.229	113.191
497.911	389.566	125.579	135.467
481.545	234.158	127.686	109.692
474.930	236.149	128.360	107.398
471.029	237.048	113.686	111.823
470.513	235.701	107.934	124.713
463.208	232.934	95.575	126.049
450.002	232.304	68.298	129.405
444.985	236.808	67.794	126.928
435.753	237.317	71.380	127.352
421.173	240.090	80.722	121.543
407.772	242.556	87.391	116.209
396.802	241.345	97.609	112.133
386.698	236.457	104.301	113.499
377.293	236.519	112.042	113.704
368.776	236.707	117.243	111.761
365.369	237.176	119.499	110.727
364.049	237.293	115.843	112.528
363.083	243.378	112.185	114.626
362.056	247.581	109.246	118.105
363.034	245.190	105.010	129.209
364.724	247.438	105.201	131.198
368.046	250.149	99.602	129.573
371.482	252.028	93.282	128.859
375.115	250.323	91.973	131.065
375.030	249.674	97.997	131.095
376.839	243.061	102.537	131.416
374.654	242.212	111.812	126.460
378.634	229.962	109.899	134.238
382.764	224.825	111.039	134.297
386.378	225.312	113.742	131.335
402.511	223.225	100.603	131.835
410.179	220.957	94.096	131.404
415.516	222.929	89.002	133.740
429.496	220.609	76.487	135.316
419.977	226.582	85.695	125.515
430.204	232.010	77.893	114.603
438.699	234.343	74.113	110.763
433.564	236.920	80.404	108.104
432.886	240.039	84.846	108.713
435.597	243.619	83.536	110.921
432.400	243.003	84.014	123.935
433.353	245.970	85.226	130.214
430.082	250.122	89.567	132.996
429.707	253.975	91.516	133.140
431.182	255.715	92.842	131.880
430.589	258.271	94.160	128.990
426.764	259.446	97.780	123.806
409.923	260.751	116.472	113.701
395.086	262.513	132.904	113.583
390.991	257.367	138.239	119.818
391.393	251.347	139.184	125.461
389.930	249.877	143.205	126.289
397.375	234.748	139.558	137.032
404.768	227.951	136.136	135.398
415.104	219.734	138.952	139.269
425.221	209.267	129.183	148.921
433.500	208.306	130.155	151.080
457.781	205.991	114.172	130.921
467.986	203.328	98.075	120.228
490.234	192.861	79.081	122.873
496.352	197.054	85.136	117.026
498.036	209.710	92.769	110.012
505.793	200.836	101.250	121.303
502.746	205.282	122.637	122.108
494.463	210.842	135.101	125.056
484.972	215.277	143.465	128.216
473.806	222.738	148.857	128.083
451.195	230.857	148.058	125.255
435.444	237.306	152.653	124.439
419.262	240.440	150.855	123.440
397.454	244.414	157.221	121.465
374.373	251.415	163.985	118.348
350.608	251.633	162.272	123.259
336.707	256.222	165.466	121.255
318.735	258.777	173.793	125.602
310.448	263.116	169.687	131.037
308.520	264.239	152.221	139.673
301.898	267.604	143.453	138.770
299.186	271.734	108.816	137.060
292.480	273.750	90.030	136.721
282.786	273.461	85.063	133.917
269.407	273.727	96.732	131.616
248.612	271.673	123.977	133.251
230.679	271.775	148.787	135.377
223.318	271.183	161.162	136.646
223.931	269.693	160.204	137.798
240.241	268.393	140.737	135.613
273.064	268.606	106.338	138.735
294.861	266.780	85.112	138.097
309.073	266.947	79.494	141.259
309.441	269.864	91.800	137.521
313.066	268.494	97.873	135.459
318.244	268.125	97.152	140.618
326.582	268.591	94.940	141.091
347.493	264.407	82.956	140.518
348.499	268.876	86.227	140.052
347.462	270.014	97.958	141.136
328.891	269.517	127.723	139.433
326.892	267.807	149.563	138.533
326.777	263.428	162.288	140.780
329.107	263.201	165.710	143.196
344.730	263.149	152.402	135.786
361.294	261.658	121.853	139.829
406.130	257.206	82.741	142.656
412.372	255.498	93.136	140.462
406.613	256.065	98.797	143.091
402.261	253.225	124.330	144.736
398.489	250.007	159.137	145.494
401.209	249.193	168.068	144.180
417.082	249.554	150.043	143.653
439.444	250.534	125.067	138.843
460.374	252.179	98.035	134.797
464.878	256.286	94.148	133.270
477.565	256.598	88.655	135.804
483.772	257.679	85.691	133.206
488.407	257.333	86.115	131.866
487.100	256.411	89.741	133.395
485.929	255.531	91.650	134.310
484.013	255.175	93.774	134.561
478.293	255.407	95.672	134.006
465.949	253.168	105.658	135.465
451.105	250.604	117.764	139.565
436.129	247.635	137.316	142.153
432.576	248.699	146.081	140.813
419.907	252.280	162.593	139.657
414.824	253.478	168.608	141.795
411.173	250.291	163.502	146.975
419.195	253.558	144.028	144.951
415.100	248.934	117.541	149.849
415.173	248.157	89.178	152.911
412.479	251.231	85.217	145.050
403.126	254.706	90.382	144.628
390.134	254.874	104.465	141.750
384.460	258.064	111.877	142.116
349.238	258.949	151.975	140.387
335.563	259.290	164.810	143.738
323.743	260.071	175.789	143.040
319.300	260.065	170.046	148.594
318.563	268.558	152.143	144.027
320.690	269.411	140.165	144.644
326.275	266.042	124.253	149.433
333.990	267.589	109.307	146.873
337.564	270.498	101.798	144.380
339.785	270.181	96.940	144.736
341.411	271.996	93.565	147.234
338.974	272.771	92.733	150.978
335.226	273.504	91.333	146.706
330.534	274.471	86.553	147.104
326.015	276.201	84.482	144.803
324.858	277.006	83.825	143.212
324.566	274.736	84.302	144.364
325.209	272.572	84.654	143.760
323.444	269.745	85.446	143.888
323.781	269.813	84.290	142.607
321.538	268.530	89.708	142.474
318.941	267.497	97.942	142.635
312.883	262.295	115.653	147.428
302.923	260.665	143.386	149.850
301.749	259.848	170.035	145.707
301.154	256.953	175.779	151.620
309.602	256.733	171.740	148.384
343.978	254.264	146.141	151.380
371.041	253.252	119.914	147.529
408.746	248.965	85.771	150.898
420.053	247.273	92.294	152.234
421.402	246.905	91.551	154.725
419.229	245.731	109.262	149.834
418.400	244.631	139.456	143.548
422.694	243.089	165.874	144.434
433.198	241.245	170.778	148.979
448.727	243.428	159.275	149.677
468.916	244.270	137.749	151.056
479.469	247.544	123.712	147.060
493.427	248.152	109.836	142.744
494.104	247.053	109.789	142.425
498.888	246.249	106.294	142.716
499.875	246.685	106.431	142.182
501.671	245.383	105.496	143.770
503.801	246.589	103.001	141.858
496.431	247.347	105.503	142.606
483.600	248.255	114.941	142.097
470.914	244.050	128.662	146.741
465.081	246.046	141.691	147.473
455.016	245.679	155.890	148.390
431.027	248.600	181.074	143.893
433.498	254.207	176.784	142.122
434.468	256.265	160.488	139.830
433.693	252.822	119.028	150.157
410.955	253.189	98.567	162.431
401.363	254.743	106.447	152.871
378.924	256.742	128.600	152.332
346.231	257.698	160.357	144.147
327.463	258.167	179.993	139.256
301.184	265.370	164.880	148.512
299.098	264.408	150.624	156.581
296.761	267.174	142.199	151.434
301.757	265.482	129.223	152.720
294.589	271.055	98.767	149.750
276.317	275.067	103.969	145.543
260.923	275.754	119.286	147.485
244.987	276.673	136.367	147.959
238.709	275.877	150.622	149.601
234.257	278.377	156.669	148.538
230.416	279.775	161.210	147.432
228.558	279.999	163.879	147.158
229.106	281.165	163.638	146.125
228.707	280.988	164.103	145.388
229.039	280.837	163.008	144.295
230.018	279.871	162.288	143.771
231.199	278.892	161.405	143.091
237.243	277.609	156.885	143.624
248.201	275.215	146.980	145.722
264.646	272.088	131.894	147.376
286.372	267.971	110.735	149.294
306.321	265.393	101.225	153.153
312.284	263.375	102.606	146.382
317.923	261.848	108.008	147.496
324.076	258.961	131.887	153.915
322.660	255.977	169.838	151.460
329.682	252.360	179.973	153.778
338.749	251.679	184.343	154.669
388.448	243.646	151.960	161.739
405.422	242.101	136.324	152.776
435.700	235.483	112.482	158.863
467.133	231.178	114.506	159.418
459.904	225.977	150.237	163.860
445.780	221.042	188.578	166.567
444.268	220.060	199.070	168.661
446.492	219.551	195.691	168.892
454.443	214.700	180.271	175.829
469.050	215.767	158.841	175.455
478.553	213.048	135.550	180.309
485.074	215.633	125.270	177.624
484.848	218.217	122.948	173.786
483.759	220.082	121.146	169.165
477.638	223.117	122.445	165.540
467.675	227.420	126.770	160.864
456.003	232.012	134.308	158.078
445.690	233.758	148.230	158.497
425.379	234.153	172.250	159.220
418.253	246.224	177.182	147.578
408.452	245.883	162.686	149.943
417.193	246.225	135.824	160.557
377.024	241.686	109.938	162.633
367.889	248.381	121.826	175.683
346.495	248.685	147.081	173.348
314.719	250.984	178.928	168.912
275.491	256.088	218.433	154.798
269.603	263.318	182.309	165.047
269.456	264.057	159.206	162.904
272.027	266.310	148.055	163.782
280.830	264.409	139.897	163.231
281.970	267.172	124.105	163.567
267.006	269.857	126.444	164.455
246.926	272.696	134.970	163.032
237.496	271.039	146.732	167.130
229.108	271.577	156.484	168.403
225.235	271.002	157.249	173.169
222.159	271.486	154.386	173.946
220.588	270.905	150.617	174.523
222.448	270.269	143.612	174.746
225.877	269.817	138.062	172.748
235.380	268.394	127.518	172.855
244.328	265.504	118.542	173.753
259.420	262.947	105.917	174.517
271.968	267.102	99.702	170.551
277.795	269.106	100.417	166.532
283.576	267.442	104.071	166.672
283.228	266.713	135.349	166.690
273.632	258.617	172.414	173.721
269.994	258.444	189.988	171.274
278.281	258.446	192.722	165.349
301.409	257.244	196.287	170.173
356.602	249.835	158.184	175.463
369.102	242.998	140.876	174.291
410.481	240.953	138.111	163.544
417.211	239.385	156.152	177.863
407.329	238.898	212.057	176.053
413.152	224.807	231.672	190.779
424.024	213.840	216.607	201.877
448.078	211.833	182.967	198.031
478.172	204.340	142.739	196.262
497.386	204.799	120.209	190.523
501.985	205.539	114.200	186.737
506.767	202.504	119.980	180.817
507.447	199.953	129.595	177.921
501.335	198.429	141.407	172.823
493.098	200.553	157.607	168.978
477.358	195.778	175.912	170.613
454.639	195.214	198.573	169.251
427.537	186.392	215.771	173.475
410.564	182.812	221.228	177.247
385.392	185.000	220.536	171.227
352.799	190.210	223.387	171.221
285.337	197.819	268.951	166.144
265.563	200.631	272.497	169.048
247.895	211.689	266.709	161.392
248.260	207.508	216.120	172.740
224.575	222.179	197.545	161.518
182.089	222.453	173.620	167.955
159.369	227.796	179.804	165.381
150.376	227.367	185.205	169.993
131.250	235.215	204.601	169.596
118.196	236.929	212.688	176.395
103.195	242.513	236.673	170.803
100.083	245.604	245.919	173.329
103.551	246.519	244.831	166.104
107.841	252.972	244.294	162.965
161.324	262.377	191.461	151.219
216.406	253.565	139.954	167.433
245.159	253.718	117.454	176.104
267.487	252.240	104.216	179.956
278.407	254.854	107.164	189.051
287.683	254.238	109.455	188.868
296.819	255.913	115.115	195.236
301.187	253.264	132.376	197.229
291.420	250.766	160.403	198.218
277.084	241.185	186.422	205.503
270.415	245.471	237.788	195.019
265.776	246.503	254.146	183.829
277.226	245.231	247.051	186.382
300.326	241.120	214.743	193.675
319.280	246.169	175.728	191.844
341.661	237.403	152.557	203.208
362.275	225.988	171.847	219.306
336.018	224.162	213.811	218.946
317.578	225.329	245.781	221.087
306.380	217.356	262.363	223.930
299.680	216.195	263.573	215.536
300.667	210.508	245.588	217.712
300.681	205.444	227.036	214.012
306.403	202.636	214.459	212.158
307.020	202.873	207.963	209.522
313.312	192.978	197.102	222.115
312.322	193.678	197.480	219.132
311.752	199.078	204.556	224.129
308.466	202.888	211.485	227.014
310.108	201.892	211.996	238.525
312.098	203.655	221.317	241.864
318.788	203.197	246.360	247.255
315.147	205.860	253.800	231.212
313.903	207.058	267.696	225.475
319.930	199.746	255.920	222.959
327.405	196.392	245.229	221.329
336.776	197.369	229.052	219.995
376.538	197.617	167.521	220.968
387.253	196.882	138.757	228.015
399.344	204.812	129.749	227.883
407.482	210.608	125.481	240.500
384.554	211.281	161.874	239.478
371.582	212.460	188.202	235.503
367.078	219.422	198.804	223.127
341.768	225.443	239.740	217.617
321.945	219.758	256.765	227.893
312.255	216.423	275.506	232.514
302.470	221.512	280.943	217.225
297.502	225.748	282.097	209.847
291.583	225.047	288.689	212.297
286.894	226.139	285.455	221.600
281.129	221.741	283.950	232.007
264.121	219.455	283.967	219.903
258.314	215.107	286.274	216.595
255.273	211.378	284.523	219.403
253.213	214.490	276.706	230.468
243.996	215.788	263.595	244.126
235.814	217.645	266.196	243.795
240.975	220.369	250.734	244.870
242.210	218.336	234.705	253.374
241.486	215.112	217.011	262.988
237.407	216.055	206.432	270.986
234.460	215.428	201.839	281.187
231.742	221.699	195.091	274.475
228.817	222.728	187.383	266.774
210.686	224.671	203.522	243.491
200.449	216.202	214.846	228.152
197.418	207.250	220.620	214.569
193.247	209.625	231.795	196.370
201.682	218.392	224.775	187.835
208.972	224.978	215.962	188.184
223.830	226.736	209.701	213.526
251.450	224.019	193.331	225.689
271.833	230.800	192.113	232.000
275.540	228.451	207.953	269.727
270.601	224.921	210.712	288.221
269.240	221.726	221.080	292.332
263.790	214.229	282.922	270.575
261.085	210.000	339.005	271.774
267.706	209.111	336.485	266.567
283.180	207.032	331.978	264.410
308.525	202.441	307.297	274.160
334.982	208.395	278.846	274.189
369.454	208.766	243.809	279.811
415.333	214.826	200.015	275.741
462.434	229.797	160.817	267.108
498.695	234.942	147.863	249.535
507.801	226.637	159.576	254.362
511.156	222.507	183.764	250.965
500.276	221.136	226.890	242.299
722.476	563.056	237.524	12.944
486.718	205.205	275.851	252.400
469.577	206.975	304.102	250.473
465.674	198.346	313.525	257.212
455.951	190.291	321.569	257.209
438.077	185.156	332.913	247.656
414.940	177.677	344.410	248.474
394.046	171.436	359.253	253.837
375.360	171.612	366.841	249.970
362.403	174.978	364.218	249.024
349.971	181.121	360.452	250.671
339.920	190.769	349.791	256.613
341.691	191.533	320.492	272.975
350.518	195.273	274.658	282.216
377.893	194.083	197.705	295.499
381.039	195.004	159.050	300.043
333.937	202.339	194.837	300.295
282.380	202.430	262.157	301.818
276.599	193.631	275.749	317.626
272.801	198.581	304.053	306.613
259.179	192.266	339.351	311.523
255.837	189.111	352.992	310.595
278.438	188.309	296.478	317.347
293.176	178.268	226.915	330.550
307.989	182.677	165.703	330.591
285.527	184.888	199.976	325.545
237.426	187.422	277.918	315.606
196.097	187.865	334.600	315.232
171.692	187.313	365.191	319.688
160.230	185.966	387.162	322.064
158.619	182.097	395.564	322.888
168.526	174.976	371.188	336.620
178.763	174.251	330.554	339.154
200.771	171.927	279.790	342.006
219.948	178.052	231.274	331.022
240.704	178.809	182.364	332.761
246.503	182.677	157.026	329.190
247.343	190.086	152.017	321.391
245.049	193.773	152.943	316.931
244.853	194.492	153.716	313.443
244.298	195.549	157.337	311.433
242.068	198.394	167.873	308.158
238.781	200.266	177.326	307.450
239.137	202.384	196.723	311.166
219.180	201.000	246.848	313.626
198.289	197.500	305.618	329.429
183.573	196.546	364.952	337.480
175.696	198.620	419.228	333.496
181.378	197.240	424.824	346.143
190.006	197.243	445.414	361.905
209.953	192.994	424.263	374.902
289.365	194.376	336.297	371.400
335.285	200.814	278.005	364.536
369.657	197.956	253.945	362.030
437.114	199.646	222.569	360.007
443.264	203.550	275.264	350.107
422.455	191.404	347.218	357.968
391.290	186.791	408.069	366.665
358.047	191.641	449.830	367.008
344.218	192.317	458.415	370.222
339.361	190.788	451.770	374.694
343.968	187.780	421.344	380.145
361.068	182.888	372.299	387.033
393.232	179.730	285.150	390.410
431.352	187.950	222.490	381.433
454.580	201.839	183.115	367.166
455.488	217.258	175.130	347.563
459.076	220.309	155.820	345.483
454.366	214.736	168.085	336.949
451.495	225.399	170.678	344.836
450.830	230.822	173.558	332.987
455.826	229.851	171.345	326.145
462.767	228.478	168.290	325.321
464.495	230.578	175.077	323.746
461.311	232.882	187.854	321.373
458.589	232.201	200.020	331.862
459.716	228.309	208.275	333.768
445.762	231.682	229.994	328.844
422.942	235.508	258.450	320.457
412.473	232.049	271.011	319.888
406.437	226.452	284.967	314.178
411.704	226.549	287.273	309.706
393.245	226.199	308.509	299.247
366.450	229.197	341.140	300.690
369.806	223.009	315.875	313.791
380.532	225.157	284.496	314.973
407.238	212.842	232.872	329.164
421.633	230.490	195.742	312.646
427.060	245.231	179.266	297.196
427.637	259.130	172.885	281.638
416.874	267.560	181.844	272.151
407.312	268.619	188.754	267.001
389.651	263.155	187.783	260.263
370.811	261.198	183.103	244.722
354.794	260.139	185.014	235.509
346.959	256.997	174.098	230.435
355.914	280.824	160.345	203.602
251.220	187.184	250.100	280.895
266.309	223.571	211.520	239.898
132.154	191.571	273.466	384.429
23.368	41.276	476.539	534.724
265.631	163.506	186.210	355.917
63.539	148.944	296.102	294.575
55.187	180.538	269.662	258.357
302.342	208.720	169.057	324.661
41.795	236.623	257.952	227.562
34.829	237.314	257.429	214.657
29.992	239.225	264.768	202.510
29.185	240.713	253.434	206.521
24.232	245.682	208.084	204.073
23.639	249.177	175.448	201.118
30.190	247.172	161.649	203.241
37.694	245.509	156.138	203.557
50.411	234.450	161.912	211.200
61.474	230.461	193.631	215.310
246.056	56.311	191.442	191.517
72.230	225.866	282.349	224.787
95.523	234.859	317.438	198.132
119.763	226.416	312.424	213.141
147.012	223.742	286.760	222.300
181.294	221.250	255.952	238.348
187.535	225.476	264.629	232.561
254.725	212.991	252.108	256.023
291.222	202.462	295.466	274.342
293.205	201.684	296.900	273.455
303.661	194.727	290.789	278.802
308.956	193.904	289.470	277.996
316.032	193.471	287.447	270.658
323.373	192.960	283.488	268.667
323.757	198.262	291.468	261.995
325.898	198.586	287.917	262.975
321.027	200.629	293.559	258.528
311.365	201.859	302.426	257.304
300.404	206.273	310.594	253.741
286.335	204.823	315.858	257.617
271.336	204.876	322.241	257.730
261.451	202.834	313.315	263.749
251.253	209.146	312.205	248.782
243.142	213.700	311.951	245.896
242.788	215.380	301.546	248.538
239.952	222.075	300.032	247.105
239.089	222.945	301.309	249.371
242.065	233.752	300.234	240.711
247.298	235.102	298.296	232.793
256.091	231.141	288.513	242.126
270.887	227.795	269.565	241.717
304.601	227.160	225.930	232.570
346.281	229.369	176.033	213.182
347.114	232.532	184.319	210.199
346.633	232.958	190.929	194.209
350.014	235.995	253.271	199.229
357.084	235.274	267.731	197.064
367.625	233.913	261.410	193.396
373.897	225.577	254.475	194.639
392.893	231.401	226.220	185.868
372.847	236.238	242.466	170.628
393.771	240.632	207.449	161.594
379.749	256.700	219.240	141.355
344.926	246.400	233.026	147.939
336.875	219.346	221.511	176.991
332.728	202.848	201.016	188.350
318.176	222.436	180.743	171.346
311.514	218.401	173.975	175.043
169.363	212.556	210.052	163.881
144.033	227.944	205.629	145.229
142.684	239.915	204.565	140.555
129.744	230.602	244.403	161.403
186.993	240.401	177.703	168.400
167.976	230.861	203.689	157.998
83.616	211.215	244.047	170.451
87.739	212.549	221.247	171.018
82.613	210.986	214.061	172.854
102.186	209.627	200.391	172.527
140.961	195.054	177.293	184.180
154.553	199.730	165.714	180.893
243.818	213.394	199.673	290.570
205.015	222.532	224.567	178.364
262.587	225.056	175.106	206.115
283.322	227.159	164.453	209.302
287.655	222.909	161.171	204.673
295.950	220.564	159.819	210.761
296.729	219.071	179.556	210.474
302.544	210.944	197.273	210.532
343.919	207.663	211.960	220.511
364.523	195.458	194.821	233.178
372.010	189.216	192.635	251.872
380.121	187.453	190.470	228.148
407.180	186.004	173.313	190.213
402.166	196.971	197.700	189.145
402.226	192.142	209.689	196.385
400.654	185.964	214.865	205.183
396.632	183.194	223.607	200.815
370.532	191.450	240.989	187.621
362.962	197.104	245.166	189.296
343.751	200.619	241.286	191.825
334.313	209.347	235.949	191.122
326.089	222.978	234.654	185.244
311.652	231.950	180.379	171.725
305.929	240.936	164.790	180.358
298.256	240.578	162.212	188.953
289.998	247.005	155.936	183.486
285.697	246.551	123.944	182.035
322.982	0.000	235.756	285.039
247.801	257.056	115.135	170.351
225.984	256.451	123.450	166.803
214.745	258.546	138.471	166.849
209.500	255.279	151.089	173.698
208.074	252.383	174.772	151.617
208.456	252.183	198.650	153.422
207.808	250.333	203.687	147.189
208.986	253.024	213.346	127.225
240.957	249.074	181.618	128.904
270.472	252.645	162.513	120.962
296.023	251.681	141.927	117.202
298.536	251.404	145.222	117.246
315.517	248.175	134.772	121.606
334.834	244.957	128.293	128.749
351.031	238.066	152.290	148.917
407.250	240.066	139.789	160.509
421.882	239.416	132.154	156.201
435.840	245.612	137.203	149.306
435.261	248.949	143.932	145.470
441.763	253.565	141.215	144.857
446.179	253.936	146.195	137.802
443.059	255.304	153.255	134.797
448.125	257.561	149.690	127.242
450.192	258.595	147.608	122.486
454.463	260.037	143.824	119.270
459.515	258.244	136.511	124.400
463.108	257.930	125.670	124.578
460.641	258.987	126.562	125.676
440.794	264.192	126.375	123.556
386.045	255.191	122.562	136.345
355.335	252.564	133.580	133.978
347.506	246.593	107.348	143.492
345.407	246.730	94.005	144.917
335.758	244.739	100.007	136.941
325.087	244.257	115.896	131.150
310.172	237.321	140.603	137.748
293.673	226.422	162.733	155.977
282.130	218.733	177.849	165.660
279.851	218.571	193.860	166.419
280.078	219.268	205.105	166.363
308.635	226.232	215.987	159.400
332.574	232.629	202.675	153.035
360.290	236.225	172.456	155.453
372.314	239.833	166.224	152.564
392.851	240.559	181.224	143.160
422.394	237.721	161.026	152.791
430.269	230.187	167.216	147.606
443.959	236.125	175.623	134.066
448.075	238.123	169.156	127.758
447.488	238.851	170.780	122.186
421.502	239.506	191.464	113.127
412.645	239.308	200.241	123.321
392.316	241.833	219.268	120.700
379.265	245.556	225.462	122.093
373.847	246.162	223.210	135.543
352.313	250.211	238.307	136.687
347.483	250.733	213.595	143.030
340.902	252.248	205.441	145.256
339.858	257.403	185.417	143.940
338.712	255.673	153.329	145.124
340.491	256.855	126.029	138.396
349.710	254.496	115.771	138.712
354.969	255.511	103.796	134.012
362.510	256.796	96.696	130.012
366.146	258.777	98.328	124.926
383.899	255.786	106.789	124.092
385.558	257.621	117.512	120.531
400.862	255.063	114.433	123.415
407.520	256.267	111.063	121.025
423.643	255.771	120.091	125.743
479.017	71.707	127.156	107.019
401.121	120.363	124.890	135.333
422.345	255.209	126.285	99.598
471.414	58.908	123.188	105.545
430.365	247.957	132.770	92.701
426.816	142.256	148.539	154.393
464.008	59.381	130.008	117.800
495.422	240.562	129.750	100.247
414.108	97.953	189.258	188.027
477.837	66.950	117.651	112.860
508.235	232.298	136.950	98.661
490.050	245.661	114.470	110.371
523.962	208.312	112.741	125.513
534.568	206.137	112.086	130.267
481.520	251.833	114.009	119.735
481.137	254.439	112.895	112.203
470.564	250.397	107.301	124.892
489.247	252.691	94.753	131.022
444.169	233.606	117.586	123.779
436.525	266.864	154.794	205.205
419.349	237.519	104.108	124.344
403.488	243.161	97.847	116.472
390.661	245.421	105.902	113.366
380.529	243.157	116.311	119.149
201.255	88.360	96.714	117.406
367.495	243.653	137.095	119.787
363.709	246.171	140.205	119.080
364.701	246.361	144.101	119.820
360.843	246.222	146.024	122.652
360.041	246.131	145.331	121.934
364.247	243.732	147.225	125.739
364.837	243.161	154.562	124.927
365.476	245.871	148.466	123.469
368.353	247.752	145.102	121.613
171.090	234.801	103.095	143.569
370.282	246.365	142.272	124.172
373.933	249.537	146.831	120.333
375.482	249.785	144.048	120.668
378.180	252.371	144.297	118.415
379.548	252.824	145.708	122.036
383.500	255.296	146.985	120.486
391.182	253.355	145.373	124.171
393.976	256.310	148.020	120.987
400.966	256.890	148.754	121.865
405.216	255.884	143.547	122.872
410.944	253.392	133.660	122.094
410.725	256.149	134.925	115.384
411.235	255.430	130.743	115.846
410.834	255.545	134.033	117.161
409.472	254.574	135.300	117.990
221.972	289.439	58.688	158.419
405.349	250.419	141.225	122.613
404.817	248.233	145.664	123.054
404.931	246.516	143.535	125.094
404.760	247.098	144.880	124.253
407.511	245.397	142.545	126.623
408.042	245.110	143.819	127.465
408.026	241.838	142.159	131.606
408.411	243.021	143.914	130.320
408.831	241.506	140.995	131.685
409.969	241.005	138.403	132.955
409.946	240.942	139.956	133.052
409.215	241.481	136.310	132.210
409.878	242.030	138.171	132.290
410.200	242.315	139.226	130.831
408.846	243.541	138.061	130.117
407.578	246.447	141.975	128.960
402.658	247.580	146.634	128.288
399.636	249.166	147.877	129.796
395.394	253.425	147.048	129.232
387.330	255.904	157.269	128.149
380.441	256.884	161.850	129.127
374.464	257.270	166.915	129.639
370.773	257.798	164.254	129.019
367.492	257.274	164.038	129.114
363.049	259.486	159.299	127.647
362.427	260.839	157.281	125.447
364.488	260.151	160.276	125.255
364.472	256.267	134.981	127.883
165.090	130.028	87.550	149.538
181.853	335.521	66.416	166.126
188.047	259.896	95.330	132.022
196.355	256.266	94.861	136.232
380.011	261.221	101.542	120.369
381.272	262.703	97.382	117.328
392.112	261.158	101.649	112.454
397.411	257.356	98.396	125.248
399.016	256.852	95.703	125.784
403.406	259.871	90.578	124.346
407.318	263.475	84.779	105.476
401.458	257.278	81.086	103.725
394.576	9.860	149.253	193.384
245.116	277.783	75.109	121.717
382.600	249.434	88.563	103.203
395.461	162.168	112.424	121.980
370.642	77.266	126.582	119.174
366.617	108.806	129.128	143.807
354.649	20.215	180.339	257.529
280.750	0.000	307.118	355.465
379.581	244.044	136.815	152.168
341.852	0.000	178.490	251.588
337.981	0.000	263.069	330.819
332.993	25.036	210.389	257.321
387.394	255.622	118.526	144.373
371.232	252.585	158.444	190.967
321.919	75.071	216.718	264.002
330.329	85.681	280.868	429.346
334.638	23.593	168.333	292.800
341.747	57.238	226.591	423.428
346.223	48.274	188.065	322.934
303.457	60.632	248.501	232.157
337.709	59.764	249.038	422.222
354.012	143.898	145.069	149.606
357.467	162.304	124.730	124.226
360.134	177.675	132.002	106.079
366.307	80.045	156.872	209.678
359.633	37.809	193.838	265.589
392.940	131.641	133.236	160.054
371.068	95.506	161.799	222.535
419.633	120.567	121.886	174.685
409.768	122.073	127.046	171.996
400.720	250.484	121.392	122.176
217.337	285.021	62.356	144.736
385.770	441.399	69.358	75.562
391.280	439.860	87.375	44.317
381.143	282.167	91.009	162.469
173.698	115.797	60.419	132.519
433.755	262.819	111.501	118.436
259.687	261.558	55.474	133.288
442.036	268.228	98.996	111.766
280.414	111.194	59.778	118.831
442.402	275.647	109.853	100.866
444.020	268.414	106.185	108.027
438.005	273.025	110.392	105.855
431.410	267.489	113.737	109.147
416.145	263.307	112.640	108.778
432.437	264.763	107.860	110.506
419.209	263.731	105.547	107.157
413.946	263.081	107.705	108.549
251.400	258.978	41.171	132.057
407.108	262.205	105.481	108.088
399.915	246.388	101.859	106.299
358.986	196.535	130.516	99.042
376.863	173.776	113.213	123.659
360.955	185.291	116.703	163.699
353.640	207.607	157.015	234.136
359.274	254.400	135.750	179.837
346.347	261.451	132.809	146.447
323.795	266.973	122.319	112.214
303.575	276.968	100.507	97.747
298.520	278.650	100.654	98.073
289.179	280.894	106.738	98.398
268.183	283.779	126.349	94.646
264.980	282.490	126.809	101.065
263.780	282.954	128.616	102.412
263.767	285.099	129.555	101.674
268.339	284.214	129.254	105.808
269.668	283.551	126.759	109.019
271.856	281.583	127.856	111.912
285.433	278.826	126.034	110.996
313.717	275.377	114.516	113.389
333.152	271.108	108.592	114.017
346.869	268.033	97.832	114.456
350.872	266.842	95.412	114.963
351.876	268.349	101.551	113.279
356.492	269.537	109.026	107.237
359.570	271.906	135.550	108.293
366.572	274.360	138.396	109.091
379.994	274.210	129.197	111.136
381.708	271.435	127.023	114.683
383.644	272.318	128.290	115.263
386.302	274.197	130.400	112.805
389.186	274.060	128.796	112.070
398.248	274.472	120.990	110.379
402.473	273.782	120.186	110.134
410.039	272.439	112.546	111.453
416.562	274.551	106.630	109.376
424.346	274.090	103.033	107.951
420.867	274.093	107.883	108.316
423.095	273.485	105.370	108.185
421.526	275.873	107.802	106.240
422.048	277.280	107.475	107.109
420.353	277.974	110.815	110.920
421.417	278.794	114.121	111.495
419.992	279.443	120.102	111.575
418.280	280.290	127.043	111.236
418.503	283.405	134.032	108.869
425.382	283.223	131.077	110.325
429.152	281.732	125.831	109.611
431.119	285.783	122.274	104.948
432.863	287.459	121.565	105.745
435.590	288.581	117.273	108.311
433.389	286.682	120.968	101.648
436.319	290.095	118.809	104.373
434.584	289.573	120.786	105.140
432.144	294.302	126.051	97.597
435.328	297.583	132.134	87.805
437.195	297.777	135.233	88.006
444.560	294.353	133.677	90.494
451.373	292.915	131.393	101.212
453.066	294.025	135.679	100.972
455.704	292.081	139.537	107.530
461.396	287.504	139.008	115.371
463.705	288.982	143.950	114.716
466.165	287.256	148.673	114.571
471.978	284.167	147.121	118.612
473.739	282.764	145.179	118.538
477.805	283.135	140.924	120.725
481.396	282.256	136.717	120.317
480.627	281.945	138.129	117.610
483.339	281.305	136.068	117.764
484.755	279.764	134.360	120.112
485.243	279.176	134.586	121.394
484.899	278.474	135.485	121.786
485.089	277.617	136.320	122.695
486.288	277.424	133.899	122.733
485.599	275.104	134.952	117.845
484.966	271.553	130.304	118.877
484.201	268.357	128.937	115.195
483.716	263.296	126.217	114.456
483.824	257.699	121.575	112.859
477.482	252.244	130.090	112.226
472.039	247.508	135.759	113.340
468.397	246.953	132.448	114.407
468.833	254.967	119.782	106.584
462.072	253.108	121.440	111.235
463.452	254.458	113.689	108.058
456.418	253.494	95.562	110.395
446.364	257.652	88.834	105.556
425.397	261.774	92.486	97.145
416.212	268.774	99.891	89.556
398.426	267.933	110.247	86.156
362.707	270.166	129.845	91.182
334.285	270.040	143.237	98.721
332.690	269.895	136.494	107.457
331.685	269.753	131.591	110.420
341.218	265.746	116.899	110.178
347.027	265.315	109.923	105.967
348.506	265.709	106.611	101.811
346.182	266.985	111.644	99.941
342.896	267.478	119.684	100.499
341.209	267.499	126.299	101.446
342.473	265.133	124.664	108.640
345.111	264.030	124.271	112.062
352.281	260.513	124.460	114.492
360.767	258.186	119.540	117.668
378.547	251.564	107.707	115.837
399.494	246.038	88.556	116.879
406.865	247.492	74.180	113.778
420.899	248.623	68.545	101.412
420.341	238.402	63.940	105.904
421.535	215.989	69.613	111.069
424.751	184.892	85.564	134.331
431.193	181.566	93.647	118.725
433.122	177.255	106.525	117.538
435.801	176.622	112.055	120.809
440.667	183.762	103.840	108.705
437.139	184.069	113.915	102.129
432.044	198.210	124.994	89.831
431.147	197.930	114.160	87.370
435.189	219.438	110.534	72.171
435.586	226.724	95.284	71.188
440.084	232.761	101.822	71.524
435.664	235.098	85.165	76.726
438.802	239.408	78.463	85.948
437.586	224.113	143.229	155.336
429.016	257.857	80.626	109.011
424.897	263.377	80.189	109.453
420.147	264.073	84.682	111.153
410.083	264.172	92.612	113.894
391.989	267.587	108.397	109.302
370.362	264.479	128.135	113.608
344.626	263.632	151.306	117.434
341.016	261.091	148.466	118.908
339.957	258.297	140.868	117.921
341.335	259.326	129.001	116.929
342.154	264.084	92.560	107.312
346.390	260.128	73.944	108.687
345.831	262.208	65.953	106.257
343.243	259.040	65.038	108.616
339.339	261.788	68.791	104.271
337.577	261.336	68.675	104.468
334.075	264.984	67.722	102.505
333.936	266.369	69.531	101.781
334.187	269.737	67.941	101.435
334.576	272.633	73.936	102.552
327.335	275.771	96.627	103.489
317.640	277.175	115.936	105.416
306.904	277.868	128.967	111.991
305.696	278.327	128.605	111.223
304.996	278.703	129.369	109.850
304.891	280.795	129.798	107.857
305.408	283.299	131.505	101.151
308.522	283.822	127.019	99.395
310.886	284.827	125.893	97.629
314.477	283.691	123.706	98.664
321.339	283.342	120.848	99.306
334.833	279.947	115.602	101.939
347.514	277.733	122.752	100.146
379.117	273.285	95.183	101.067
405.037	270.162	83.232	95.213
410.368	277.628	79.692	88.563
413.982	282.260	83.368	86.251
428.737	278.144	108.997	84.555
442.699	277.629	134.899	83.982
459.808	273.027	126.229	90.984
480.707	273.481	112.013	92.935
331.188	287.743	41.030	93.170
519.870	269.375	82.369	99.411
531.175	269.395	74.700	98.506
533.038	268.854	73.233	97.538
534.651	266.938	73.032	98.565
534.359	266.704	76.404	94.203
533.391	266.118	80.243	89.189
530.163	264.100	86.026	86.527
529.533	265.079	88.215	81.143
529.182	265.360	86.056	78.418
525.736	265.740	91.584	80.208
521.737	263.815	96.579	82.321
516.139	261.489	97.937	85.001
505.467	259.880	100.363	87.411
488.616	261.478	99.711	87.084
471.125	257.627	97.227	92.576
450.148	258.253	113.152	91.025
429.024	249.748	112.838	100.670
404.642	246.175	123.121	100.112
385.635	233.756	128.893	97.251
367.359	223.600	123.030	104.875
354.339	225.555	118.827	101.536
344.339	220.124	116.280	98.669
336.840	217.714	108.776	98.786
328.050	216.387	110.911	98.699
314.440	218.227	115.265	97.024
309.628	219.383	114.905	99.860
303.699	222.687	116.933	105.707
301.952	224.873	114.593	111.298
302.757	234.168	109.485	107.486
311.848	244.362	101.545	97.561
317.357	255.425	98.503	90.936
322.711	259.904	102.010	95.389
333.944	261.608	111.498	98.859
344.707	262.726	120.904	100.963
375.786	273.197	115.245	92.938
390.377	272.230	119.185	100.197
414.548	275.053	110.691	101.319
428.436	274.537	124.036	106.299
440.487	276.557	135.876	105.645
467.197	273.713	127.844	100.141
486.742	280.382	124.020	93.146
508.705	273.960	113.772	91.282
525.385	275.340	108.774	88.978
527.817	276.706	121.168	70.727
546.472	276.065	120.556	61.005
555.143	274.573	118.716	53.152
547.314	271.402	133.464	53.381
549.846	270.623	132.758	54.083
549.601	269.844	132.819	58.508
540.979	274.707	127.715	65.683
540.870	273.462	106.556	77.850
543.641	275.447	97.201	84.224
539.221	273.161	91.966	91.124
536.354	270.845	77.591	96.317
536.361	273.042	61.477	105.261
535.282	274.430	55.093	114.319
534.320	269.814	56.441	119.297
524.420	272.460	73.114	118.058
514.402	276.508	92.449	117.714
508.735	278.657	103.093	109.788
502.700	277.791	111.058	107.660
491.967	274.920	115.747	104.452
488.509	271.014	112.184	101.672
481.860	267.308	104.231	98.661
456.031	260.884	105.667	91.821
443.927	262.632	82.201	83.455
435.292	258.379	78.379	82.564
425.804	254.217	77.038	85.487
415.086	251.788	77.387	85.957
394.418	254.294	70.616	82.894
381.529	259.067	69.988	79.358
368.365	263.168	77.274	76.623
352.852	267.324	84.882	80.620
345.147	272.666	84.430	83.143
340.209	278.917	85.630	82.340
337.451	281.136	86.266	84.865
337.933	285.563	86.460	84.155
341.416	286.281	80.121	87.342
349.174	286.429	72.410	86.700
361.907	285.996	66.890	85.767
376.350	282.234	61.899	83.764
387.182	279.814	61.937	76.151
394.122	275.624	54.530	76.619
400.513	271.680	60.583	78.011
401.389	257.612	54.699	74.568
402.389	256.708	63.724	66.974
405.265	262.713	73.017	62.133
408.597	258.027	69.884	63.068
405.403	259.624	65.405	63.007
402.982	271.776	60.827	63.615
401.139	277.730	52.280	70.341
399.862	279.112	49.929	75.808
398.385	283.315	54.553	75.753
394.367	286.679	57.242	76.760
385.681	291.475	55.932	85.516
376.126	292.092	66.960	88.131
367.256	288.447	85.376	97.790
365.463	283.869	102.836	90.621
366.993	279.551	122.801	81.653
385.644	272.475	125.375	52.489
401.143	258.828	139.508	51.363
430.788	247.689	119.168	53.754
464.857	240.415	102.329	56.083
475.477	231.397	98.410	63.969
506.501	233.599	102.474	65.661
521.589	238.367	108.218	67.245
539.481	243.089	103.983	69.230
548.379	245.225	98.878	77.227
546.865	247.652	103.241	84.279
550.903	254.564	97.278	88.579
550.091	255.689	94.431	92.331
547.273	256.780	90.393	92.129
545.641	259.115	89.845	91.346
544.709	259.457	89.205	90.512
543.246	255.962	87.315	88.388
541.839	254.171	87.015	81.871
540.232	252.929	82.141	77.140
539.520	250.573	80.993	75.838
538.288	250.528	77.200	75.544
535.746	251.444	77.715	74.446
527.886	252.781	84.186	73.059
520.265	253.278	92.272	73.677
512.841	254.290	98.192	71.316
506.244	256.700	105.393	69.554
485.578	258.870	124.220	62.658
466.596	260.343	126.333	59.646
436.097	263.546	109.449	55.005
399.764	264.125	120.011	52.366
376.139	268.525	119.598	49.126
362.440	268.673	114.819	50.817
328.272	271.554	109.662	55.128
309.355	271.610	107.242	56.212
292.699	275.021	109.136	54.774
286.669	277.671	111.778	55.020
288.487	279.997	107.401	58.601
295.537	284.468	101.811	60.945
308.300	285.857	97.807	61.960
316.840	287.236	105.121	62.457
327.371	288.029	113.369	60.958
351.944	279.559	98.750	70.626
386.331	271.491	85.654	75.288
403.787	264.920	73.979	76.651
414.168	263.044	68.059	67.680
418.491	259.833	65.357	62.598
421.520	260.315	67.135	64.886
420.859	263.038	72.133	60.445
420.407	265.471	75.959	60.095
421.347	263.486	74.758	60.965
404.868	263.781	61.856	62.158
390.175	262.469	64.389	64.848
375.193	261.013	76.704	68.012
355.245	260.482	88.258	67.520
340.681	252.106	106.136	78.219
327.339	239.321	92.182	87.295
320.718	214.584	134.497	113.715
343.139	193.471	95.412	65.693
344.036	173.218	87.755	88.686
358.012	149.737	111.110	72.930
371.419	106.662	158.632	106.065
438.078	100.902	126.221	86.964
460.660	100.564	137.309	84.766
489.438	97.668	130.155	92.447
510.261	96.342	124.052	93.886
519.613	99.433	115.448	93.879
520.859	119.055	117.394	68.479
523.263	133.674	114.010	60.770
526.526	129.638	106.493	66.120
530.497	126.402	96.595	76.623
527.346	123.429	97.312	98.875
523.025	118.905	100.365	101.353
521.854	116.373	100.453	104.709
515.532	112.702	101.166	91.927
497.017	99.028	116.324	88.335
480.266	92.876	120.334	84.054
458.656	83.882	127.724	82.581
431.557	69.685	120.406	73.152
414.112	62.544	117.984	69.962
395.830	56.648	121.225	80.901
378.483	51.942	124.710	76.062
345.652	45.369	126.658	84.993
307.003	45.595	117.859	89.172
303.353	55.324	87.048	105.302
287.318	128.081	100.931	87.077
288.513	144.810	91.556	100.481
301.886	153.547	84.032	121.132
321.555	211.711	109.706	94.766
340.939	232.581	109.283	97.060
362.384	246.319	88.946	92.220
380.874	248.151	101.448	88.923
388.256	246.207	89.051	85.649
392.250	232.656	82.280	85.783
383.347	214.535	85.775	79.421
377.374	195.456	106.420	80.114
366.827	175.453	113.915	94.722
342.617	161.019	105.381	93.931
335.876	126.073	104.795	91.552
342.079	94.636	101.458	92.523
350.340	86.819	101.733	81.773
336.892	71.035	161.478	103.511
404.482	30.566	90.119	100.224
442.865	158.753	133.855	62.936
457.562	26.728	110.728	92.570
473.579	48.777	121.569	93.060
501.959	73.372	115.760	90.466
496.790	91.949	132.694	124.623
511.894	119.299	119.113	104.055
508.578	136.604	113.442	97.687
354.169	303.760	79.793	89.739
472.056	166.516	145.024	97.247
451.231	161.818	117.578	105.261
437.161	164.202	104.850	101.219
424.588	156.206	97.236	104.474
412.051	140.689	97.275	104.185
404.438	127.998	98.065	96.051
336.300	304.819	117.496	64.299
330.979	301.701	134.760	50.749
357.931	78.484	139.969	107.822
357.717	84.435	111.272	75.149
340.438	61.406	121.821	66.008
327.278	43.473	110.659	73.650
326.393	39.978	96.345	85.299
324.423	40.377	96.843	87.866
320.394	48.064	88.979	87.688
309.712	62.324	93.399	80.699
306.831	74.248	95.535	76.672
303.640	101.013	100.894	64.937
306.096	117.890	102.087	65.391
325.406	127.832	93.814	72.162
357.324	138.694	90.052	82.875
372.051	141.699	88.297	84.834
382.019	144.459	94.185	85.893
413.789	142.427	85.851	79.736
427.114	136.994	82.318	68.370
437.902	124.948	74.835	66.449
444.955	114.900	64.620	69.677
443.714	99.310	67.873	72.972
432.898	85.844	102.965	139.699
434.128	71.921	94.857	83.080
433.540	54.754	84.490	67.664
435.790	47.709	75.976	69.825
428.903	41.061	77.853	74.976
412.619	36.238	79.838	74.982
402.103	34.583	85.423	74.724
400.020	38.124	85.336	68.169
389.099	40.056	93.681	67.544
382.902	44.365	94.833	86.600
382.123	43.739	93.714	100.781
385.865	67.982	87.025	99.129
389.446	83.353	84.219	98.179
408.042	128.826	78.749	112.874
428.964	160.602	79.727	114.397
437.723	185.362	92.871	109.540
450.380	201.063	84.416	112.880
467.831	208.284	76.833	107.164
476.670	220.501	78.070	94.390
484.813	224.039	85.897	87.590
486.752	224.416	95.982	90.881
487.824	226.070	103.096	97.594
492.331	231.107	103.287	97.090
491.605	232.551	108.677	98.072
490.186	234.296	112.500	96.902
489.323	235.329	113.241	95.591
487.950	236.659	110.562	93.601
486.825	236.346	101.563	91.770
484.827	237.673	91.194	90.220
478.123	239.006	85.214	87.685
471.456	235.695	79.742	90.910
461.943	227.868	78.977	93.288
453.026	214.319	83.378	97.572
443.333	194.123	90.808	96.359
436.912	171.026	91.749	94.885
433.451	150.380	95.431	96.201
428.951	133.786	103.896	91.726
434.682	120.795	85.337	90.681
432.332	88.653	70.441	104.715
432.777	70.755	63.357	103.293
436.539	53.452	58.917	105.759
432.546	47.442	59.920	113.598
425.861	42.071	66.117	108.908
422.003	42.283	73.495	104.261
416.803	46.016	84.606	101.130
410.318	53.147	93.702	98.773
408.327	62.240	98.880	88.477
415.911	70.633	91.503	75.198
398.297	174.167	89.401	96.125
398.674	123.451	110.837	187.019
396.488	141.390	107.642	142.143
403.887	123.428	99.196	139.260
407.186	163.420	94.457	108.730
421.470	110.018	73.492	124.380
428.707	122.007	66.529	124.602
430.331	146.678	67.999	112.228
434.921	165.168	64.372	102.192
433.420	194.108	67.290	94.221
434.014	206.693	69.371	99.000
442.995	218.228	62.306	103.228
449.038	227.775	60.094	102.493
444.427	228.733	66.343	100.266
447.085	224.228	65.384	105.411
446.421	208.797	65.046	113.459
443.850	189.633	69.818	117.828
438.313	174.918	73.527	103.589
445.570	151.109	91.011	103.175
431.314	95.357	69.189	131.557
423.460	68.612	67.765	130.291
430.330	56.560	60.707	116.046
431.990	31.649	62.490	110.154
435.894	21.111	63.244	109.371
433.116	15.753	65.982	105.700
425.690	0.000	73.058	0.000
469.454	144.982	88.763	90.040
433.039	8.383	67.984	90.560
435.108	8.780	66.245	92.775
438.611	12.647	61.800	91.285
440.862	16.494	58.930	91.409
447.624	22.690	52.987	83.851
450.254	31.763	52.582	86.734
451.443	45.768	54.356	98.782
456.465	80.659	58.607	99.791
456.299	88.428	66.325	102.251
458.155	94.741	70.375	111.142
455.741	103.907	64.673	123.277
459.283	114.977	54.035	121.928
462.649	132.727	51.255	109.631
462.636	148.688	52.880	102.695
460.887	161.045	53.191	111.670
459.551	174.207	53.200	118.774
458.748	186.160	56.785	115.182
460.880	197.086	52.072	114.535
460.889	211.376	53.794	105.702
463.848	216.177	50.406	100.553
465.421	222.370	50.930	93.413
462.265	216.604	51.464	98.118
457.856	211.669	54.424	101.199
450.313	189.033	57.877	120.301
449.554	164.107	55.710	133.784
441.497	150.396	60.830	128.631
438.011	137.048	61.946	107.393
438.714	98.707	59.475	123.997
429.664	51.669	62.019	136.676
431.718	27.278	61.962	131.005
431.480	25.556	65.064	111.649
429.431	115.156	114.587	175.318
376.760	80.223	59.174	68.918
367.105	71.917	50.439	80.607
433.591	5.316	56.380	74.419
497.266	0.000	69.915	0.000
361.034	75.397	43.439	61.635
439.429	0.383	44.552	63.170
441.551	1.214	43.913	63.793
420.737	147.855	91.805	101.043
345.594	297.747	109.968	96.569
427.002	6.223	94.616	144.794
396.821	89.132	145.651	248.912
332.419	293.274	122.438	86.039
343.553	285.448	136.237	89.791
429.021	119.892	106.981	91.931
448.246	121.601	64.281	93.560
451.766	135.232	53.731	87.486
452.558	161.675	59.804	81.252
460.917	140.991	55.622	110.046
454.759	186.861	65.043	79.405
464.834	155.470	56.180	100.817
464.424	167.037	56.193	103.628
464.292	167.436	59.204	102.692
464.901	172.707	59.426	101.204
467.980	173.414	58.382	101.339
468.871	174.968	56.835	100.300
469.210	176.564	56.646	98.985
471.597	177.457	55.480	100.059
473.806	178.231	52.666	99.335
475.270	177.804	51.516	98.401
469.080	176.255	57.554	100.587
471.609	178.485	55.358	103.084
465.106	175.277	60.225	105.458
463.497	176.000	61.036	106.444
457.109	172.572	64.053	106.043
453.296	170.137	65.450	105.904
446.663	171.946	70.530	107.075
439.225	174.778	73.088	103.554
432.706	174.356	78.885	102.072
426.709	175.050	73.567	101.756
419.450	176.835	69.011	101.550
413.250	177.369	68.334	101.137
398.106	172.662	74.229	103.346
382.058	167.392	81.460	106.184
363.715	173.589	85.744	101.414
358.324	182.926	80.928	88.671
335.909	138.860	83.647	112.359
321.804	128.456	77.951	115.162
305.369	123.237	86.380	108.274
294.266	119.303	90.382	95.478
285.575	116.108	100.585	96.208
283.871	113.985	133.421	95.532
272.281	108.791	150.522	104.191
260.939	109.030	135.189	107.188
254.881	111.594	127.967	107.402
249.756	124.124	126.974	100.937
246.133	132.219	116.843	102.819
238.791	159.769	126.132	89.847
247.449	167.776	125.540	96.838
253.797	172.256	115.133	111.851
259.746	186.436	113.095	110.717
273.280	192.573	105.067	107.778
280.517	200.171	104.152	105.548
286.575	211.359	98.034	98.878
288.926	210.672	90.831	73.109
290.567	230.671	103.328	84.030
290.552	220.422	101.606	94.010
291.041	222.485	103.379	93.479
296.121	221.696	100.572	94.968
302.775	223.688	99.614	92.807
299.942	219.677	105.665	96.751
306.435	218.088	100.889	97.834
310.874	217.051	97.109	99.802
318.308	218.262	92.413	99.694
336.237	216.622	87.628	100.684
341.322	217.683	87.001	99.463
353.168	214.503	83.352	100.608
365.690	210.155	79.985	102.775
372.632	203.028	81.533	105.244
395.568	188.970	68.624	107.005
419.220	178.918	62.881	112.459
415.114	172.089	66.835	117.089
427.346	151.938	70.278	120.698
430.748	123.509	62.463	130.840
434.230	98.622	69.968	132.100
332.329	303.535	128.194	63.200
417.582	111.799	140.760	254.353
301.631	309.015	168.510	105.376
312.010	299.404	146.397	106.445
319.118	297.361	124.601	81.629
325.066	302.153	124.817	56.867
515.403	468.529	53.330	43.475
519.980	440.478	68.711	48.637
513.148	431.892	80.075	61.527
489.374	321.063	80.000	28.726
461.966	138.176	72.769	129.372
470.951	186.930	73.360	119.098
460.902	131.490	74.712	112.991
458.187	138.845	78.567	130.047
446.871	141.277	85.360	129.310
433.586	153.648	81.496	142.762
422.224	173.215	84.139	127.986
412.415	181.995	91.760	120.325
404.557	183.478	94.253	117.855
389.756	187.462	107.381	117.509
383.940	184.540	108.238	117.922
371.914	177.892	115.214	121.471
372.367	168.384	113.053	127.129
371.928	157.472	116.024	120.846
371.910	142.539	110.179	114.506
380.251	127.428	103.748	115.015
391.703	122.266	87.665	98.200
394.616	109.455	97.273	90.587
404.186	103.274	94.514	98.025
407.281	97.002	88.806	102.537
415.610	99.213	104.798	96.625
392.431	75.135	150.715	130.996
431.337	100.681	92.518	90.873
422.836	129.260	138.266	180.599
407.559	174.633	206.368	240.117
310.323	97.601	325.887	361.020
380.619	52.122	277.577	421.204
402.770	63.693	209.797	411.169
442.431	171.945	123.909	108.346
463.027	129.746	112.249	131.263
400.673	326.599	199.357	143.743
402.701	397.203	196.763	96.440
407.819	302.777	120.294	133.996
427.499	171.245	134.425	119.074
413.332	190.853	130.144	88.763
409.217	197.368	113.639	89.809
400.319	196.281	108.808	87.310
405.230	200.492	108.398	95.159
382.978	187.032	117.613	89.958
368.833	203.838	112.506	75.626
366.626	197.979	101.188	79.783
368.193	194.821	113.108	82.966
378.502	185.693	110.402	86.315
357.079	176.521	99.047	99.082
331.312	102.459	143.326	189.338
347.517	161.675	96.622	115.006
352.057	152.717	116.646	119.253
326.144	188.629	124.410	166.256
412.101	61.005	83.956	104.708
412.567	48.258	68.906	104.045
419.323	19.702	55.743	103.476
341.878	123.488	69.075	96.473
418.657	12.277	58.136	91.312
418.576	8.566	60.392	87.962
420.254	8.459	57.515	80.284
419.664	6.334	57.847	76.805
421.407	7.156	55.822	70.932
421.321	5.605	55.950	78.273
425.536	10.401	51.454	88.070
429.664	16.804	50.312	97.153
429.085	16.099	54.696	103.475
430.006	26.371	63.207	100.840
433.958	45.566	83.955	89.575
441.072	45.648	84.988	99.720
428.861	47.072	108.664	106.124
413.122	55.384	138.959	96.942
490.629	56.407	88.287	109.992
495.278	61.231	90.651	103.515
496.633	62.912	93.190	98.948
473.043	65.052	124.144	125.154
470.422	69.057	128.889	119.191
468.400	74.914	136.060	111.289
479.776	83.812	130.091	103.851
488.556	94.714	126.913	91.910
498.641	101.461	120.086	89.595
501.609	116.725	115.532	86.949
499.554	130.448	121.467	88.140
488.525	140.646	121.834	90.111
472.513	156.184	121.532	104.971
466.438	172.344	118.975	111.526
461.405	184.224	111.224	118.724
461.182	201.953	111.089	109.967
468.624	216.426	99.563	111.458
468.572	222.151	96.653	114.513
469.029	226.140	99.150	112.422
470.874	221.502	100.792	109.864
470.596	214.399	105.238	113.298
471.368	209.215	112.748	111.371
482.032	202.768	108.843	106.087
489.025	188.358	115.170	113.753
498.457	175.103	127.018	128.506
492.414	148.528	141.809	125.757
499.815	124.194	140.221	122.297
494.335	96.056	148.191	124.467
493.154	64.806	150.800	128.236
494.143	42.850	145.308	137.030
494.480	26.014	136.899	134.648
489.462	17.968	127.113	112.361
482.913	11.956	128.184	107.041
472.508	8.083	133.693	85.835
457.953	6.866	129.852	81.216
390.313	123.036	88.387	119.294
375.880	117.071	112.914	134.221
388.146	132.410	103.945	118.369
395.772	126.541	95.337	122.227
391.738	132.747	96.798	124.781
389.012	130.456	100.350	120.649
391.501	126.309	98.926	117.717
395.024	15.937	132.111	87.233
386.792	21.549	134.817	105.227
376.695	42.839	125.228	130.474
374.121	86.188	121.754	106.352
368.938	95.436	120.921	102.126
324.653	282.720	99.907	86.515
337.889	262.222	103.950	94.496
337.694	126.144	122.532	96.752
330.127	139.056	123.583	87.389
321.408	161.108	133.652	70.585
314.746	181.592	134.223	53.399
309.383	182.876	132.825	61.303
360.478	307.789	115.781	94.685
357.295	303.522	130.578	80.046
543.897	184.541	88.619	123.463
292.003	174.707	118.162	57.036
287.599	170.877	119.706	56.184
284.831	166.015	115.911	58.202
286.713	167.830	114.662	58.879
380.591	305.060	85.112	65.578
373.136	286.852	88.301	88.466
295.275	179.766	118.939	53.615
296.627	184.518	112.171	54.756
297.077	189.119	113.312	51.984
303.775	192.136	113.036	52.433
281.533	165.754	130.550	84.093
330.426	198.401	107.210	65.015
325.378	203.691	114.419	62.144
313.014	207.279	127.771	65.562
310.187	207.017	136.643	72.071
314.464	208.624	143.659	76.657
320.883	208.120	147.383	81.974
334.616	211.831	145.939	83.857
341.293	212.591	139.891	82.279
347.562	211.197	146.578	82.583
356.712	208.101	139.860	80.714
373.457	199.662	125.313	82.508
397.548	187.699	112.784	81.318
392.527	165.231	116.172	79.013
387.599	143.840	131.203	76.019
345.855	293.248	96.604	96.343
391.340	290.289	75.567	110.115
393.541	303.696	74.848	114.938
350.081	103.531	158.554	201.761
411.402	304.426	70.825	105.042
359.283	50.928	158.231	84.054
364.609	49.146	155.529	94.447
363.984	45.846	141.823	89.317
235.733	0.000	171.929	0.000
470.535	0.000	150.134	0.000
373.649	49.294	118.694	94.599
379.966	60.316	144.096	126.213
407.301	92.897	91.262	100.632
404.411	103.410	91.391	95.011
413.537	129.331	91.520	94.107
414.256	148.790	106.210	85.388
406.893	167.900	114.275	77.069
395.244	184.752	125.475	74.865
390.777	187.209	130.351	78.003
401.838	197.391	118.148	85.026
398.509	201.750	112.441	93.891
399.828	205.650	107.724	100.986
404.940	206.506	103.503	107.858
396.584	210.834	107.422	113.831
387.547	213.040	118.093	111.296
382.842	205.462	119.851	118.464
369.897	203.769	117.896	111.523
359.792	191.109	117.620	107.843
340.962	165.826	118.071	111.900
334.896	137.983	108.604	117.290
334.041	97.177	93.540	124.933
334.347	82.214	93.031	117.994
327.795	54.734	91.154	119.616
325.078	32.427	85.123	106.955
316.810	16.963	86.369	112.822
308.551	16.991	90.000	115.053
302.606	12.723	92.371	101.829
302.004	7.773	89.521	80.112
300.863	8.502	85.955	78.283
295.964	9.225	87.816	80.485
293.396	8.853	90.669	84.549
286.504	8.819	94.196	89.115
276.618	10.035	98.484	92.941
271.080	13.219	97.064	107.923
264.127	13.569	138.253	131.139
281.444	52.517	139.177	110.541
277.791	61.426	123.542	126.139
287.975	86.342	154.490	116.125
281.953	115.417	178.506	89.282
292.247	139.179	167.168	81.668
296.765	162.542	157.440	86.995
327.557	185.982	151.367	90.494
303.140	199.621	178.017	119.475
321.752	215.984	133.191	115.561
321.859	230.969	152.838	105.775
338.932	242.973	142.631	97.182
350.114	240.594	137.378	101.335
354.644	225.486	128.250	116.257
350.221	218.172	128.631	119.814
348.744	209.061	127.362	127.261
355.788	197.889	120.465	133.148
388.205	195.135	100.735	125.915
393.583	170.633	94.038	135.619
408.011	132.745	79.829	141.330
412.752	102.738	81.461	130.515
424.729	68.892	84.105	138.242
420.562	25.942	97.367	147.451
412.212	16.575	104.937	126.937
426.763	11.486	89.300	118.041
426.668	8.817	88.330	100.366
392.513	104.743	109.757	92.469
440.042	11.642	86.075	92.224
436.139	11.075	81.960	91.126
365.530	123.361	94.657	106.101
434.132	11.370	86.355	92.270
358.237	124.787	100.510	106.754
344.291	279.134	90.255	96.337
347.211	249.397	84.852	102.212
353.390	113.391	99.144	92.349
347.449	107.380	161.712	122.246
354.418	106.144	161.685	117.494
351.250	102.382	139.050	119.265
327.961	250.653	102.300	115.580
321.004	258.834	96.882	113.464
381.620	64.466	158.704	225.530
383.300	76.089	169.209	127.837
391.910	112.538	164.130	97.636
270.021	0.000	162.576	0.000
530.006	0.000	184.569	0.000
389.003	147.649	136.094	139.205
386.274	160.724	132.780	142.228
380.758	163.544	121.227	145.846
377.008	162.691	112.987	151.028
371.466	168.088	113.261	154.130
366.186	172.142	107.615	148.754
362.833	181.456	102.510	147.075
360.452	195.486	96.023	136.296
356.616	201.314	76.898	129.149
350.829	200.577	69.589	127.888
340.315	189.420	68.555	135.429
328.107	191.945	71.763	132.610
319.451	171.404	71.394	149.165
307.993	154.593	74.768	166.492
298.682	134.135	77.731	177.450
292.940	123.921	85.427	164.951
283.793	101.557	92.010	142.901
266.795	84.944	112.404	116.146
346.371	86.374	128.296	81.246
264.068	0.000	108.073	0.000
254.510	55.861	169.806	193.993
309.988	290.455	97.357	44.804
314.722	157.456	123.549	192.573
254.436	2.181	127.658	124.733
225.133	7.801	179.490	204.156
268.138	0.000	83.392	0.000
337.526	156.733	68.840	25.441
288.593	3.312	58.935	68.287
342.284	95.488	93.090	69.325
529.803	164.477	21.841	83.511
436.119	102.034	48.438	24.571
425.578	77.547	76.438	69.678
279.991	28.744	137.772	168.504
277.036	25.960	144.692	163.182
294.271	105.626	174.935	198.546
293.010	32.071	117.067	150.267
292.886	30.058	113.703	141.246
285.502	24.362	114.862	128.046
279.214	31.595	110.532	119.236
269.648	45.473	172.627	145.951
264.968	54.962	190.176	140.224
254.950	57.376	173.132	122.038
249.496	80.501	184.043	96.736
237.970	100.192	156.220	101.546
244.356	113.864	137.845	104.259
245.187	131.329	201.020	111.123
253.890	147.075	147.828	96.053
265.488	162.649	145.559	91.254
283.394	170.119	116.072	109.953
296.637	184.162	118.290	101.771
299.892	190.489	125.670	107.281
304.493	191.356	145.682	108.498
301.956	179.272	137.344	126.298
296.151	175.299	141.074	131.057
294.381	176.209	145.793	131.036
284.564	184.906	152.826	125.421
286.187	177.565	150.345	132.163
289.013	181.956	143.356	130.427
288.291	183.872	147.939	125.304
283.806	181.278	155.484	118.278
274.856	173.875	151.531	122.880
278.801	167.958	153.849	126.456
277.299	180.740	152.624	116.326
277.393	184.907	155.562	118.137
278.277	168.842	166.447	125.052
284.055	160.384	162.641	116.588
283.652	139.752	161.070	113.728
288.467	129.837	156.060	101.312
285.068	102.173	146.027	100.114
287.772	78.102	135.409	114.169
290.295	61.057	123.724	122.534
287.175	48.260	188.152	140.543
285.598	37.938	123.036	128.776
285.744	26.902	117.361	124.365
283.181	25.014	112.362	120.255
284.568	24.721	117.414	121.518
278.473	26.235	147.711	163.335
283.194	43.355	122.217	149.422
281.330	58.863	124.417	141.026
293.570	85.081	117.064	126.345
298.651	110.264	119.052	114.723
302.061	131.717	116.789	124.442
307.697	146.713	122.376	122.876
315.330	157.504	128.250	130.448
333.639	180.528	124.212	124.628
338.378	204.195	96.031	127.742
337.837	209.594	101.940	119.809
338.819	208.034	109.240	119.878
339.323	204.974	127.114	112.130
335.797	178.242	117.775	118.613
325.789	164.914	115.892	115.116
316.262	142.183	113.554	113.701
317.923	110.809	111.443	137.244
316.629	93.431	100.428	122.263
319.959	65.082	99.548	127.138
325.787	48.440	106.585	108.187
324.142	21.944	95.443	109.379
329.835	15.673	90.813	112.752
327.653	10.846	96.831	108.192
327.579	11.545	101.161	113.075
325.411	9.435	109.940	118.226
179.523	0.000	144.121	0.000
321.179	16.217	112.216	112.097
331.481	26.142	112.671	108.294
335.431	48.146	119.959	110.121
344.775	63.916	103.804	107.400
350.903	78.662	107.698	113.541
368.028	95.675	102.311	118.984
378.250	100.255	96.414	120.414
390.171	137.642	88.628	101.910
392.361	142.429	107.952	130.341
416.959	166.777	83.193	115.063
428.781	185.358	71.684	129.995
434.786	200.183	71.850	126.759
445.008	210.433	71.082	113.948
454.365	220.073	62.795	109.192
459.994	208.983	59.506	114.255
455.725	191.208	60.408	119.980
447.881	170.600	65.077	134.301
444.057	144.865	67.217	142.981
430.024	128.544	79.281	119.566
428.933	91.795	76.429	117.828
423.301	61.196	72.545	119.254
420.595	43.927	76.051	126.338
416.756	29.645	71.098	111.023
415.003	19.762	65.768	103.834
412.812	15.451	61.155	98.642
412.705	14.057	59.104	95.037
413.619	11.971	56.345	98.844
404.887	10.647	59.330	105.780
402.834	13.868	58.722	111.571
398.988	19.077	60.738	113.588
397.235	24.060	64.672	112.493
394.890	28.954	71.258	115.995
395.798	44.153	85.191	119.527
385.854	70.258	105.957	114.470
374.021	76.737	103.990	106.889
401.236	115.633	113.048	92.368
400.398	151.612	113.900	72.450
400.377	164.152	109.687	75.078
398.414	195.384	103.164	72.865
411.602	217.076	95.181	74.497
387.041	222.284	99.751	97.055
392.375	243.730	86.825	103.705
399.382	250.851	93.314	103.010
401.163	245.582	92.475	106.037
392.981	242.748	107.973	91.997
386.366	223.946	114.642	94.731
385.673	208.919	109.640	102.616
386.408	195.425	110.502	106.108
402.932	173.552	95.347	103.645
392.533	150.694	104.756	92.441
387.725	144.104	99.408	77.470
386.077	138.834	101.192	78.292
388.879	109.633	103.366	68.535
385.273	94.712	111.881	75.717
382.332	80.826	115.354	94.444
382.550	73.610	122.344	105.203
385.288	72.081	118.962	110.926
388.237	76.813	117.420	112.532
392.883	87.693	115.517	106.682
394.088	103.250	115.477	93.042
400.025	129.601	118.214	75.900
404.604	146.821	104.505	69.210
407.814	159.184	102.444	62.848
325.630	301.734	138.594	54.946
319.060	304.045	123.338	70.181
325.131	302.915	138.473	68.841
313.830	298.157	142.514	81.134
326.956	296.588	129.360	81.225
315.953	297.396	134.786	91.548
323.409	300.968	135.920	95.614
439.255	176.428	122.701	99.074
443.025	169.298	117.799	100.952
447.257	167.647	117.239	107.072
454.761	167.890	115.884	110.302
466.474	175.687	115.353	104.999
469.606	182.543	133.154	104.488
476.814	196.973	137.836	105.437
472.229	209.816	149.693	105.769
504.602	245.799	122.438	80.305
363.498	308.738	75.196	113.172
380.840	294.454	43.111	64.062
495.125	256.239	78.711	78.544
489.918	259.278	80.373	77.864
488.152	268.241	78.367	71.500
376.707	304.697	58.018	51.670
475.022	269.518	66.394	80.446
476.041	272.597	60.543	76.693
475.816	271.991	75.167	72.904
468.418	267.807	87.601	74.475
459.586	268.257	96.788	68.145
453.766	267.205	99.205	64.116
451.892	263.867	104.611	63.706
451.717	258.738	106.701	64.381
454.791	246.234	102.161	69.810
466.412	236.924	97.609	69.772
467.446	221.009	91.882	71.453
463.079	206.396	95.240	71.000
460.262	183.067	94.259	82.242
458.628	158.716	92.117	91.924
457.952	142.688	83.508	95.959
457.284	129.694	77.843	98.576
455.735	121.473	68.592	100.596
453.119	117.744	58.218	97.951
451.363	117.894	64.533	93.448
446.397	116.624	63.444	89.204
441.844	117.750	66.998	84.504
436.966	117.959	68.675	87.966
432.518	122.634	72.591	105.823
429.694	128.331	86.672	103.094
430.464	136.802	91.485	103.137
431.781	145.237	82.511	97.083
450.226	157.787	68.593	96.229
459.640	178.642	61.832	89.759
466.527	185.897	60.266	91.751
469.486	192.310	72.652	93.913
465.149	196.040	83.287	92.464
460.115	199.463	99.080	89.429
460.522	203.606	100.618	81.827
455.558	200.918	107.891	77.781
451.946	197.507	111.531	76.884
444.304	196.522	118.020	74.680
435.110	194.302	122.771	74.742
428.956	191.678	117.885	76.075
419.240	191.475	113.269	79.897
427.979	198.547	89.647	77.915
398.922	196.413	81.193	87.510
376.204	201.226	85.254	94.852
361.916	206.158	94.204	100.021
323.133	219.009	114.927	92.823
310.485	224.810	107.421	95.094
301.253	240.623	105.956	83.014
297.535	248.174	100.320	80.533
298.954	251.450	98.596	81.953
304.362	253.474	101.969	85.088
316.542	258.321	100.875	83.283
325.383	260.268	103.166	80.268
340.880	263.694	97.512	73.559
361.130	266.341	86.389	65.831
380.803	239.091	75.070	83.875
401.946	244.338	67.872	89.414
417.406	228.812	101.714	97.057
415.724	226.352	140.523	83.362
469.629	233.362	97.864	71.061
493.490	225.287	76.750	77.038
497.177	211.513	75.869	91.700
503.518	204.273	72.702	95.892
506.772	201.491	66.739	100.538
501.574	201.197	72.662	99.888
477.229	199.996	101.056	96.283
466.057	203.625	108.000	90.570
459.132	203.922	91.716	90.784
458.849	208.293	91.005	87.601
459.865	211.711	93.990	83.615
464.046	212.893	103.996	82.912
468.589	214.590	102.012	81.483
477.154	213.719	97.986	82.141
444.263	213.706	137.833	87.358
462.442	215.398	110.197	94.390
484.385	221.520	86.985	94.054
456.437	214.465	83.060	90.167
414.958	223.970	94.017	87.524
392.717	244.851	93.108	88.323
351.201	255.200	81.312	83.006
330.385	251.090	82.491	80.410
313.275	245.031	83.274	83.151
294.770	240.111	86.361	87.314
282.055	233.689	89.988	89.555
279.506	228.838	86.802	95.341
279.390	226.623	84.777	98.887
283.034	224.128	89.706	96.135
293.060	223.872	98.976	92.933
308.162	231.937	104.950	77.033
331.444	235.944	114.700	62.301
365.158	226.346	107.635	74.092
406.451	209.123	103.763	80.069
444.649	190.091	94.544	101.558
455.873	191.010	115.566	95.633
506.695	175.890	89.785	112.485
528.756	173.438	86.399	107.090
547.778	165.640	88.552	121.900
551.134	167.872	92.208	125.709
565.399	183.694	84.979	108.328
573.444	198.348	86.733	92.672
566.418	212.855	94.964	84.002
553.947	217.823	104.942	88.813
548.370	222.448	103.508	92.044
544.977	226.090	103.930	96.256
545.136	225.813	101.424	100.134
546.977	225.714	102.430	100.092
546.469	223.992	105.032	106.817
547.306	220.174	107.716	111.998
546.177	219.579	114.543	111.171
545.234	216.685	116.696	109.753
542.297	211.436	117.400	110.455
539.192	208.721	115.632	106.775
532.318	206.944	113.756	105.352
524.874	203.380	107.860	107.533
513.381	197.376	106.286	103.772
495.443	195.571	106.889	97.944
475.387	190.551	95.941	96.163
457.711	186.152	94.548	92.599
436.933	184.324	101.253	85.439
415.731	184.187	87.289	85.651
387.203	186.032	98.217	76.822
363.370	187.897	98.769	73.705
343.071	190.257	114.261	73.557
327.057	191.856	122.823	75.106
324.106	193.732	113.663	74.574
316.435	195.742	114.416	76.928
315.320	197.587	106.410	81.223
313.997	200.574	103.785	85.641
312.872	205.681	95.375	87.116
316.996	210.270	88.951	89.490
322.369	215.911	88.895	94.789
326.900	224.624	83.085	93.688
329.101	232.986	78.511	91.563
335.676	239.631	71.942	93.765
340.472	252.928	67.123	99.076
348.878	258.853	77.234	107.907
360.738	274.889	75.651	101.051
365.198	275.126	77.946	97.659
380.476	261.437	81.685	100.361
393.692	260.418	101.249	94.165
406.039	235.323	82.570	116.673
418.063	202.771	89.468	79.025
447.220	211.362	77.943	91.700
461.041	226.058	90.478	75.436
476.071	214.412	96.973	84.596
483.307	214.482	109.611	67.350
461.973	193.741	142.903	75.168
478.356	176.451	118.217	86.628
480.345	189.449	131.538	73.090
489.700	195.222	127.724	66.268
497.146	192.986	123.834	74.044
505.612	199.904	110.862	77.270
517.454	214.080	99.048	76.776
530.958	225.341	83.753	79.054
537.359	234.268	74.566	82.230
539.884	236.769	68.978	85.395
537.931	233.826	63.905	89.564
430.745	251.027	69.282	82.684
511.924	207.497	70.613	68.214
420.449	253.218	59.579	80.475
401.638	252.637	68.372	80.418
363.588	249.069	79.735	75.086
345.936	246.917	89.547	74.470
332.237	243.562	96.292	75.412
311.374	242.657	117.167	70.837
298.585	243.205	128.411	66.513
301.391	242.684	134.828	63.032
319.182	241.355	130.832	61.324
345.161	241.283	125.522	62.405
371.940	241.802	117.621	71.960
397.937	238.530	123.612	68.773
448.270	231.696	100.657	82.857
475.720	229.733	91.286	89.214
502.961	236.630	76.315	90.064
522.399	233.363	81.049	91.465
543.135	230.427	100.233	87.345
554.925	232.762	103.890	82.082
549.348	226.496	121.330	82.383
548.854	225.108	122.197	77.961
543.955	222.498	122.428	72.657
539.942	221.361	104.713	69.639
527.207	212.842	95.220	78.687
513.538	203.967	90.109	87.474
508.782	202.020	89.745	88.710
480.575	198.507	86.998	91.367
438.630	222.877	92.882	82.509
433.310	203.974	89.200	77.670
436.298	218.152	86.010	67.731
431.052	223.531	85.694	63.338
423.157	214.753	95.852	52.158
424.920	219.433	93.777	53.598
469.091	203.891	67.139	70.474
478.360	205.595	66.566	68.721
480.338	207.284	69.883	69.337
479.943	208.742	79.139	72.460
477.404	211.874	94.754	79.052
477.303	208.507	110.092	88.432
471.251	209.818	121.410	88.474
469.153	216.143	124.103	84.369
467.421	221.609	118.893	78.140
451.231	236.620	128.381	63.297
417.848	245.702	129.184	59.347
404.274	251.525	115.981	65.725
396.376	255.673	111.353	67.857
362.290	258.092	126.043	73.205
331.182	269.126	135.308	73.283
308.727	282.400	124.599	65.750
296.762	285.390	112.780	71.979
285.976	284.927	106.052	76.733
279.075	284.143	102.788	77.316
275.290	283.083	103.319	78.078
273.561	278.524	107.886	84.747
280.229	274.427	103.604	90.443
300.167	269.792	91.866	90.335
307.523	271.436	100.719	83.733
317.288	270.231	100.767	79.249
339.657	277.564	88.108	70.652
339.187	276.718	87.974	67.320
309.001	244.389	119.547	85.544
394.660	129.663	152.055	142.000
402.371	114.126	150.622	165.437
444.742	244.111	100.782	90.250
485.163	249.544	81.700	76.778
496.167	245.919	84.435	72.095
499.999	240.992	93.254	65.115
517.931	235.411	112.505	66.868
523.909	212.751	116.934	87.722
520.817	187.904	120.342	109.451
514.739	186.062	119.705	108.157
506.673	185.750	111.833	107.566
494.855	180.948	119.407	113.363
470.422	184.631	107.417	103.428
437.330	184.144	96.996	106.155
417.927	187.257	108.423	104.209
408.860	187.103	114.916	109.185
403.467	188.571	119.266	111.747
405.454	189.705	118.247	113.621
410.931	190.667	111.661	112.938
422.732	192.179	101.542	113.531
439.768	192.951	89.176	111.965
460.201	195.387	73.719	109.005
476.787	198.677	67.296	111.426
481.178	203.241	74.638	102.544
484.277	208.711	88.812	106.619
490.653	219.636	96.764	101.397
494.809	228.571	92.916	98.652
493.218	225.245	92.916	108.053
410.664	225.741	135.059	116.036
431.885	228.392	93.697	98.596
357.821	164.810	152.303	178.889
329.071	266.791	88.772	65.539
317.425	266.656	88.710	69.470
295.476	261.154	97.815	74.777
267.168	255.080	108.975	80.374
249.516	253.527	115.114	80.908
244.923	251.690	115.004	85.072
240.117	251.461	118.614	92.804
242.319	253.034	118.395	95.942
249.512	255.547	118.289	95.943
258.763	259.671	123.651	95.271
276.291	261.601	131.516	98.402
295.573	254.365	138.036	106.436
323.272	245.751	149.626	111.160
354.198	245.587	146.978	102.403
385.628	239.269	142.068	94.046
402.871	230.153	141.461	79.849
434.809	217.610	132.514	80.338
459.093	201.410	132.685	90.996
463.291	187.167	144.272	102.778
468.196	178.080	148.535	103.054
469.552	172.732	142.995	108.786
464.757	174.203	137.308	104.012
458.567	176.642	122.297	100.319
459.872	176.701	112.165	100.464
464.868	179.084	117.405	97.776
467.040	181.729	120.953	94.939
464.778	181.709	123.591	94.773
463.570	182.858	129.038	93.459
464.962	182.381	127.807	91.733
463.757	185.172	130.370	84.815
463.555	184.759	129.876	78.395
463.049	182.384	128.979	71.775
455.969	175.550	129.766	64.605
445.663	167.333	131.454	58.403
437.198	159.103	126.090	53.333
430.671	149.368	114.172	60.805
415.724	137.062	131.553	73.057
423.292	127.216	132.657	78.087
423.998	122.557	123.418	87.107
427.582	121.000	114.627	95.522
424.511	122.854	114.028	100.119
433.221	131.368	107.296	104.097
425.582	143.578	87.973	111.383
429.453	156.545	81.868	113.229
432.036	171.081	71.257	113.503
436.360	182.385	63.857	118.980
441.065	189.655	61.821	123.068
442.090	197.920	61.551	116.539
443.410	206.627	61.525	108.703
446.515	190.162	60.522	120.912
449.250	181.597	61.807	128.448
451.951	171.097	63.334	129.625
454.096	162.231	65.609	121.546
455.093	148.388	63.753	115.343
456.169	131.258	61.747	112.295
454.315	115.383	60.657	120.405
449.501	100.222	65.444	129.770
452.287	98.665	63.591	126.212
454.476	106.059	65.522	113.712
457.731	110.197	60.373	100.749
453.156	112.649	61.291	106.763
391.916	133.555	70.992	86.098
450.240	134.315	71.836	116.107
448.554	144.909	71.871	115.298
452.205	144.953	66.258	124.440
448.598	156.479	66.072	117.820
451.279	167.279	66.237	110.662
447.993	191.919	64.301	98.079
445.831	197.555	67.770	106.352
443.059	206.784	68.039	108.313
442.143	208.745	71.143	107.753
436.231	201.280	70.975	114.556
433.176	187.740	74.480	117.753
433.594	173.182	81.120	113.366
429.781	153.942	90.556	113.049
430.637	130.999	97.059	116.326
430.782	104.629	98.539	120.283
432.939	83.488	96.582	121.743
437.348	73.643	92.891	110.412
444.287	70.211	89.456	95.506
448.911	60.680	85.717	103.967
454.875	49.454	79.525	112.348
460.006	46.496	74.528	121.488
465.492	50.294	65.641	132.427
465.631	60.544	64.973	124.689
467.372	79.446	69.185	114.029
469.247	92.879	78.121	108.146
463.949	107.462	94.812	110.166
459.190	117.917	101.487	106.562
447.946	134.694	116.457	91.431
436.927	155.372	133.967	80.022
430.052	165.185	144.666	78.249
435.731	173.125	132.052	74.519
430.196	173.761	131.129	77.230
431.551	176.489	121.962	80.427
425.627	179.642	120.088	89.056
423.398	186.044	118.336	92.184
421.692	193.438	119.145	94.022
423.310	202.944	116.540	86.849
426.703	202.963	117.939	87.505
427.880	204.441	123.661	90.683
428.784	205.623	125.570	92.761
424.990	194.449	134.262	102.710
426.449	178.091	136.189	114.925
429.008	164.913	135.819	118.671
434.368	148.975	128.151	106.995
449.507	127.639	112.205	110.034
451.640	100.077	112.109	128.817
442.482	93.503	115.579	125.882
435.619	91.376	122.051	108.752
424.324	82.387	127.866	111.040
401.608	74.028	139.711	120.075
394.490	76.497	143.613	118.726
387.667	82.419	148.201	115.193
384.163	91.289	149.598	110.301
379.247	102.949	137.118	100.828
371.659	111.010	124.198	96.168
372.118	117.490	112.479	90.646
370.112	121.375	114.283	93.558
367.352	124.791	117.018	90.792
364.510	127.454	117.884	88.805
362.408	128.373	118.713	89.222
364.574	129.138	116.993	90.056
368.250	131.488	113.588	89.114
371.761	134.170	110.700	87.756
375.179	136.354	107.618	88.231
380.359	137.430	105.414	90.332
384.158	137.208	103.725	91.537
385.099	137.112	105.328	92.454
386.373	135.978	107.985	92.970
387.655	137.228	110.660	94.907
386.136	136.255	113.237	96.494
385.950	135.888	115.377	96.917
301.840	299.321	100.053	97.362
191.372	149.341	116.567	101.033
305.680	294.944	102.511	108.412
387.388	139.913	103.607	87.354
386.811	138.739	102.506	91.378
385.338	138.838	103.181	89.768
385.100	139.681	101.144	89.553
384.349	139.568	101.578	88.814
383.982	140.616	101.926	88.034
383.838	140.383	103.089	86.936
382.874	142.750	101.681	85.244
381.842	140.698	104.556	86.800
381.670	141.297	103.659	87.062
381.024	141.852	103.107	86.852
380.086	141.700	104.738	86.666
379.740	141.366	104.162	86.304
379.520	139.197	105.994	85.542
379.311	137.458	105.631	82.067
379.072	133.163	107.340	72.869
377.610	123.596	110.251	72.028
368.915	112.517	117.463	75.791
363.302	105.405	116.302	78.193
362.749	101.592	99.679	80.667
367.334	100.040	90.929	88.009
369.858	94.616	78.555	99.341
373.959	96.477	74.296	106.008
371.372	94.510	68.795	110.683
366.999	104.098	67.776	114.177
359.376	115.850	76.619	111.356
345.519	124.473	91.748	104.475
330.238	135.228	109.266	97.138
327.576	148.966	118.869	84.797
332.901	161.746	122.821	70.467
334.689	169.666	122.111	57.988
338.535	166.743	112.861	61.129
342.846	165.273	112.567	66.323
340.330	164.222	114.402	69.636
342.412	167.826	114.328	67.440
340.510	168.899	117.788	68.599
342.567	169.180	114.487	71.540
340.956	171.241	111.693	71.584
336.523	170.253	112.271	71.971
332.479	167.153	106.986	79.533
334.549	167.380	99.408	95.966
336.257	196.195	88.829	85.419
305.622	224.320	94.261	64.885
290.506	225.329	90.235	63.812
281.523	220.398	94.750	76.887
282.086	213.487	82.606	91.820
278.257	204.848	66.156	100.048
257.334	198.180	77.285	92.138
247.134	194.072	85.051	82.495
245.493	189.815	94.991	75.074
245.576	185.623	100.962	76.726
253.626	184.421	106.072	77.291
262.908	183.417	102.511	79.971
289.223	186.825	89.194	93.110
312.639	186.409	76.917	99.882
335.974	192.908	84.756	96.436
348.543	193.075	95.131	89.618
366.901	174.991	111.453	82.100
377.059	155.171	114.418	86.488
391.575	144.198	106.483	88.958
418.735	136.994	101.804	91.152
431.685	132.793	96.719	87.068
441.673	124.272	93.479	94.932
444.808	122.442	95.055	96.453
446.733	122.991	98.055	98.530
446.844	128.051	103.266	102.906
439.026	143.709	108.674	94.697
425.369	156.946	115.718	87.961
416.510	166.721	144.094	77.080
404.813	188.843	145.617	71.715
403.839	190.855	136.170	81.796
401.479	187.889	118.931	92.655
399.258	180.734	91.415	103.183
398.111	163.028	77.487	117.665
393.847	158.814	79.784	114.636
391.659	157.642	80.417	114.685
392.864	156.642	79.359	113.480
397.826	161.038	75.136	116.538
403.911	162.666	68.512	120.307
407.617	168.513	67.821	114.266
408.147	177.880	81.645	107.190
399.332	182.089	98.294	95.955
391.854	185.848	106.120	79.748
393.453	185.205	116.751	71.040
390.322	181.035	117.483	58.375
394.703	176.572	111.627	56.348
402.730	172.497	132.844	56.017
405.848	166.314	151.517	59.707
409.825	165.035	153.081	60.709
409.110	164.084	155.560	62.271
415.140	164.998	151.459	66.035
408.620	169.242	142.638	69.159
415.429	180.732	133.963	70.715
411.692	193.672	130.693	76.026
415.388	208.178	113.569	89.354
414.270	221.968	112.088	106.180
415.034	231.185	115.503	121.703
412.205	231.708	127.431	131.616
402.146	240.884	140.587	127.534
403.235	241.183	143.233	132.489
401.771	242.738	143.939	129.071
397.638	244.223	145.646	119.786
396.558	246.466	138.547	115.696
392.537	247.034	135.513	117.783
393.690	243.743	124.233	124.802
398.344	240.334	108.024	136.980
398.707	239.512	97.943	139.618
397.341	236.275	89.754	139.008
396.468	234.470	81.903	137.503
394.611	233.292	78.946	132.931
393.585	229.861	79.614	128.547
393.436	225.761	81.727	122.911
393.893	221.863	84.134	121.846
394.526	219.386	88.437	120.215
395.056	218.625	96.651	118.296
397.492	218.844	105.061	115.575
400.924	217.620	113.227	115.411
407.189	215.911	120.169	114.372
419.616	214.284	121.457	119.169
425.525	213.705	129.460	121.035
430.623	209.509	150.192	128.731
438.404	202.678	159.397	137.279
452.148	194.983	163.731	143.519
478.292	187.173	153.659	141.335
490.891	178.663	151.021	138.045
508.257	171.474	138.218	136.603
521.827	169.461	130.459	128.965
526.776	169.046	125.968	125.407
528.297	169.916	126.021	120.763
525.067	173.539	128.190	116.377
518.851	175.286	130.557	113.435
513.774	177.662	125.112	109.754
506.405	175.696	118.695	111.523
500.078	172.688	109.314	120.880
488.365	169.185	104.544	124.090
471.716	167.567	106.186	129.001
454.405	164.681	104.931	134.386
433.189	163.884	110.112	133.506
414.579	162.849	109.874	133.002
393.218	163.040	116.954	132.836
371.672	164.443	123.893	130.708
352.793	163.922	131.941	137.653
337.144	161.450	138.439	143.554
317.515	164.198	145.379	146.313
311.689	175.536	140.177	135.611
310.929	189.981	140.401	122.925
315.038	195.488	138.908	120.021
321.937	207.519	141.478	111.896
332.468	213.472	145.253	117.526
359.381	214.788	138.196	119.037
381.818	209.201	140.555	123.150
412.084	204.687	123.009	130.820
420.457	199.452	132.717	137.772
453.879	189.422	118.367	140.704
474.153	180.661	115.232	134.856
495.902	170.370	130.045	131.359
505.004	155.715	129.161	140.438
510.775	139.505	139.480	149.024
519.954	126.982	145.264	155.561
514.624	122.635	158.301	160.557
519.338	121.352	158.592	162.509
514.559	124.450	161.280	162.470
503.413	139.040	161.894	159.175
491.879	148.743	159.997	153.368
481.662	162.653	163.146	143.819
468.800	167.873	166.379	141.553
453.511	171.739	172.504	152.383
437.111	173.849	179.714	160.551
422.198	187.895	149.326	149.635
411.921	197.613	140.566	138.587
393.438	206.529	141.888	129.901
387.089	209.689	140.162	128.980
386.663	202.669	140.376	129.636
395.571	204.941	131.226	126.725
406.196	207.349	120.857	125.997
419.743	206.653	111.290	130.147
428.970	208.662	118.158	135.762
436.899	200.336	125.075	154.380
440.733	198.593	137.775	154.962
446.703	197.015	142.148	163.987
453.829	197.181	154.404	159.207
459.872	187.811	159.409	165.764
470.310	186.979	157.192	158.311
480.057	184.979	151.337	151.470
483.628	180.267	148.718	147.791
488.696	182.049	142.341	144.117
490.257	182.046	139.000	141.182
487.490	181.491	135.028	141.447
483.452	186.374	129.320	136.650
475.956	194.365	126.468	133.743
465.293	196.585	113.517	139.063
457.599	195.157	116.670	147.485
440.631	195.628	131.769	152.613
426.236	199.598	138.193	161.823
408.929	204.979	149.065	159.282
389.588	215.075	158.139	153.911
371.865	221.610	163.061	149.272
344.551	222.510	176.321	155.883
321.637	226.989	186.825	154.274
313.299	231.063	175.109	158.180
296.174	235.293	176.557	154.411
277.914	233.729	177.899	153.973
260.508	232.955	179.086	156.645
251.990	230.142	165.997	159.358
242.664	237.829	159.984	152.985
235.272	241.896	156.131	146.897
230.388	249.221	147.303	138.951
227.119	254.213	135.615	127.932
221.618	260.793	133.547	120.042
221.655	257.789	130.914	122.670
222.258	260.848	136.348	120.284
229.311	260.740	139.495	121.294
236.898	265.823	151.960	117.649
250.254	270.237	157.508	122.770
256.608	261.441	176.321	137.781
270.802	247.392	184.100	155.850
295.283	236.799	199.170	157.988
317.008	225.393	192.674	154.989
357.460	213.297	162.639	149.286
366.498	198.497	167.848	135.044
378.703	186.065	173.757	133.816
390.909	182.225	171.916	127.930
397.763	183.247	168.652	116.584
397.173	183.145	170.536	107.047
390.862	186.882	177.920	102.213
380.378	191.148	174.312	101.165
369.390	199.093	178.564	107.507
358.806	202.603	164.199	124.223
347.950	204.996	167.206	135.864
338.795	207.578	163.377	144.819
329.918	217.001	156.948	138.515
322.493	225.894	158.133	133.713
314.250	237.822	158.423	131.434
313.471	239.889	157.002	134.725
312.832	240.836	157.795	133.905
313.858	240.665	156.981	131.965
316.345	239.742	155.060	127.107
319.936	234.606	152.775	125.294
322.644	231.271	154.198	125.433
328.338	228.869	155.801	125.807
340.293	227.163	152.789	125.478
352.031	226.395	157.557	127.105
367.630	226.059	159.608	129.230
389.580	223.673	154.844	138.272
411.522	219.264	161.632	147.203
439.067	213.171	167.197	154.291
455.297	208.904	166.193	165.028
487.114	205.347	164.680	147.279
520.107	200.232	156.194	142.853
542.624	205.542	157.185	131.210
549.205	199.559	172.967	119.517
552.481	185.129	189.468	127.317
747.856	316.492	180.266	183.046
924.488	308.525	35.512	210.255
960.000	329.591	0.000	136.471
499.413	153.488	203.838	162.606
484.985	158.507	193.239	163.208
456.698	168.984	189.805	156.190
438.322	177.323	177.161	145.310
403.196	194.940	172.901	137.684
361.202	202.262	175.491	135.906
338.113	205.545	173.726	151.882
299.960	203.222	184.619	148.193
237.303	206.337	208.487	144.363
215.752	205.615	200.397	139.913
203.933	197.227	192.998	139.126
184.054	185.661	181.990	141.966
162.536	175.608	177.242	144.927
136.100	171.027	187.045	147.801
113.852	168.280	197.803	151.444
98.868	172.436	207.027	152.707
89.432	178.691	214.400	156.637
90.778	191.355	210.368	154.019
98.450	201.123	202.024	148.886
116.015	205.139	190.362	150.817
136.097	202.309	180.685	160.883
151.180	193.968	191.184	169.936
177.216	170.995	214.368	176.428
212.839	160.121	216.839	180.144
242.143	148.668	209.946	177.861
259.474	143.009	199.936	173.736
268.928	142.258	202.017	167.255
275.186	141.543	197.660	171.262
277.528	143.604	200.677	174.399
271.642	147.052	206.143	176.225
268.794	147.498	202.974	182.420
272.239	148.467	185.421	184.985
266.947	148.316	191.138	188.723
266.294	149.191	177.320	192.099
266.218	152.503	171.177	187.006
268.074	155.025	164.113	188.344
266.645	159.874	161.295	186.507
275.419	169.627	154.473	178.714
277.036	181.758	156.721	167.503
276.457	190.681	163.654	158.874
289.864	208.712	164.275	160.914
297.681	208.912	165.726	169.249
304.259	208.269	163.486	175.287
317.114	206.880	152.805	176.703
329.107	207.131	136.626	175.198
350.466	203.455	121.195	176.895
375.354	198.912	104.809	176.116
390.539	204.155	103.537	166.990
401.988	202.038	106.072	173.695
413.272	195.514	118.662	179.209
418.695	200.910	135.993	164.600
425.168	197.667	147.087	163.725
431.601	197.069	152.970	161.516
429.608	197.733	162.012	154.811
416.511	195.390	176.835	153.386
401.448	192.483	189.396	153.871
385.471	189.128	195.284	154.959
366.889	184.836	200.669	165.356
347.373	178.344	213.918	188.380
333.623	174.500	225.266	201.182
317.517	170.831	235.313	212.910
296.728	176.317	244.205	213.656
288.694	173.970	247.126	222.736
277.424	176.711	248.102	225.179
263.610	174.804	262.429	229.276
258.766	175.275	265.873	226.006
254.180	171.865	264.357	228.860
251.246	168.133	260.028	231.521
240.689	166.118	263.287	233.254
230.390	163.187	269.117	237.102
218.937	166.078	274.648	231.595
202.908	168.623	275.723	224.019
185.770	173.193	275.131	214.452
163.616	174.186	269.336	206.208
133.584	192.122	272.997	181.370
99.066	213.048	284.218	154.071
67.257	228.714	287.735	127.187
39.212	245.014	289.635	105.961
21.913	248.557	259.869	106.391
13.504	258.291	234.530	107.364
4.403	257.407	225.167	121.355
18.213	249.755	224.247	142.297
69.929	244.961	188.920	154.384
117.807	237.725	140.931	160.053
164.330	231.381	110.781	158.423
199.491	227.062	87.586	150.498
221.767	217.244	90.360	153.321
247.629	218.702	82.822	142.317
252.480	196.115	94.254	130.580
254.157	222.917	126.086	124.927
250.666	211.925	133.750	129.602
274.166	196.643	212.752	239.873
216.839	183.335	227.181	392.665
272.649	189.687	235.461	188.770
285.572	216.755	209.936	164.729
269.976	101.145	222.139	382.447
263.109	227.142	123.337	159.027
276.027	222.047	120.059	122.084
270.161	18.342	258.194	193.329
237.358	237.291	87.704	137.710
217.567	238.460	116.751	140.576
179.464	238.491	157.284	142.723
158.005	230.859	178.919	158.010
107.117	225.097	222.358	173.145
96.503	226.671	221.552	179.389
100.190	220.148	220.696	190.060
103.429	216.523	217.363	193.133
120.221	207.518	202.614	197.022
172.213	191.759	160.498	189.192
210.761	188.535	148.544	182.938
229.985	197.705	172.524	162.993
248.906	201.741	180.502	155.138
281.646	206.543	179.414	143.331
315.758	196.705	195.743	145.909
345.118	179.482	248.324	160.322
404.305	177.902	237.756	162.042
432.777	184.581	253.406	163.405
429.503	184.640	263.156	166.078
434.088	190.013	260.804	167.944
436.088	190.117	239.679	175.422
440.811	188.634	200.539	181.596
441.669	192.372	180.478	178.935
451.746	185.996	166.584	184.639
454.677	187.068	160.485	182.934
449.731	186.526	170.551	181.326
452.445	189.743	182.550	176.335
449.638	192.167	197.098	176.009
447.112	194.039	212.908	178.877
441.947	196.194	218.502	174.968
433.408	196.499	225.057	182.794
427.498	201.628	215.629	186.641
416.349	203.528	184.481	182.464
404.617	210.903	185.982	168.366
377.188	201.503	247.026	215.597
384.916	210.162	191.646	186.463
375.087	209.891	195.990	195.040
357.131	206.397	186.529	195.131
341.198	204.121	175.183	192.013
312.582	209.165	170.957	182.746
277.016	220.307	166.009	181.789
226.155	225.361	208.302	181.253
189.776	229.459	243.241	196.591
166.846	230.248	271.162	208.003
154.188	235.529	277.739	208.006
150.821	236.352	275.578	215.259
149.518	234.020	273.642	220.792
151.880	233.902	266.224	222.639
156.903	235.180	256.391	221.254
161.610	235.433	250.715	221.238
166.555	237.580	245.461	223.359
170.462	237.948	241.125	224.725
171.620	238.401	244.198	225.383
173.018	240.485	244.665	225.084
173.139	240.467	244.159	228.188
170.718	240.557	248.657	230.256
167.698	241.178	253.399	230.775
165.055	240.963	256.165	233.268
164.434	240.128	259.139	235.829
163.104	238.648	269.853	235.153
162.512	237.033	286.767	241.382
164.762	236.079	291.902	245.940
169.169	233.661	293.242	250.557
173.922	231.282	294.241	251.093
179.846	229.884	293.146	252.562
188.492	227.355	287.774	254.592
198.362	226.280	278.665	254.839
208.455	228.613	269.762	251.305
221.569	227.792	256.221	250.959
234.683	226.316	242.859	248.115
251.277	220.006	221.675	255.498
265.272	219.842	208.994	256.044
285.162	216.372	190.343	254.689
300.320	217.339	178.038	251.307
317.401	217.225	163.275	250.175
329.777	212.480	153.148	249.040
339.490	212.320	146.240	249.445
348.306	214.065	144.523	246.000
359.077	219.529	141.338	234.950
370.137	222.659	135.564	228.853
376.300	224.082	134.444	223.948
380.474	224.277	132.694	224.892
382.285	224.884	131.906	224.715
383.924	225.092	129.654	225.819
384.229	225.198	125.772	229.128
382.507	222.315	125.908	235.232
376.930	222.387	126.854	236.558
372.586	224.069	127.811	233.701
370.205	223.914	125.958	236.103
369.016	224.378	124.423	235.409
367.850	226.399	122.470	232.866
367.423	225.141	121.262	231.675
368.223	225.004	119.235	230.890
368.567	224.499	118.314	230.763
367.475	224.901	119.863	232.801
367.364	225.112	120.936	232.445
366.483	224.787	121.986	232.691
364.996	224.353	124.239	235.055
365.432	221.752	125.383	237.779
363.988	223.409	126.245	236.541
364.503	223.077	125.389	237.854
363.362	223.739	126.234	238.017
362.558	224.664	126.429	236.485
360.312	224.157	129.145	238.564
357.154	224.896	131.909	238.239
354.050	221.346	135.092	242.344
350.373	219.793	137.984	244.550
346.670	218.643	138.775	246.001
340.956	219.995	142.553	246.893
333.216	219.528	149.331	247.507
327.996	219.087	154.996	248.507
323.326	220.308	158.999	246.546
320.627	220.661	159.823	246.446
318.965	218.914	161.044	248.623
317.460	219.708	162.263	248.463
317.347	220.300	161.772	248.817
317.347	221.594	162.171	247.510
316.698	221.831	162.140	247.787
317.228	222.889	161.300	247.243
316.741	221.922	161.592	248.020
316.654	222.044	161.381	247.482
317.524	223.241	161.120	247.236
317.106	221.881	161.915	246.987
318.137	221.831	160.594	246.763
318.467	221.090	160.652	246.831
320.259	220.647	158.663	248.031
320.023	220.494	159.585	248.013
320.330	221.121	159.873	247.897
320.726	221.476	159.781	248.312
321.395	222.066	159.610	247.894
323.282	222.041	158.209	248.412
324.738	222.041	157.253	248.412
325.539	221.566	156.356	248.291
326.633	221.209	155.529	248.563
326.808	221.447	155.354	248.495
327.054	222.702	155.223	247.393
327.158	223.176	155.117	247.087
326.350	222.227	156.617	247.868
327.125	221.989	155.441	249.204
327.212	221.153	155.450	249.616
327.966	222.041	154.716	248.754
328.490	221.751	154.404	248.597
329.260	220.855	153.943	248.956
330.461	221.328	152.862	248.313
331.331	221.092	152.300	248.124
331.322	220.737	152.808	247.885
331.667	221.210	152.841	248.431
332.503	222.034	152.128	247.607
333.371	221.263	151.474	248.438
334.033	221.563	151.407	247.482
334.217	221.855	151.624	246.588
334.982	221.440	150.982	246.662
335.491	221.791	150.691	245.888
335.935	222.606	150.150	245.073
337.307	222.141	148.807	245.707
337.984	221.250	148.997	245.501
339.068	222.024	148.728	246.332
341.320	223.007	145.567	246.171
343.033	222.567	145.010	243.128
345.331	223.595	143.407	241.132
346.902	223.975	141.968	239.113
345.367	223.933	143.595	237.027
342.554	224.914	148.018	235.854
335.955	224.690	154.925	238.703
325.970	224.539	164.610	238.909
316.708	223.698	174.159	238.211
303.838	221.244	186.239	239.869
295.615	218.695	193.372	242.169
286.016	215.733	200.830	245.527
278.325	215.697	206.646	245.532
270.305	215.670	213.827	245.307
264.461	216.501	219.194	245.432
262.173	215.171	218.467	252.634
262.264	215.390	220.167	252.580
260.366	213.779	222.503	256.161
256.949	214.194	227.133	257.284
253.802	213.223	231.885	258.564
252.510	212.331	233.491	261.474
251.188	211.573	235.300	263.638
251.767	211.706	234.920	264.577
254.394	210.645	231.784	266.719
259.224	211.573	227.110	265.972
260.696	213.017	224.580	264.021
261.701	213.371	222.961	262.831
265.913	213.745	217.825	261.883
268.894	213.418	210.136	259.451
270.601	214.244	206.069	255.430
272.711	216.350	202.332	250.998
275.972	217.352	196.439	248.482
278.877	217.940	191.918	247.012
279.341	218.538	189.290	244.041
279.411	219.705	187.056	241.995
280.341	218.965	184.854	241.956
280.447	220.841	183.472	238.574
280.445	221.244	183.194	236.896
276.873	221.210	185.095	238.338
273.444	222.180	187.687	238.377
270.055	222.375	189.833	240.288
266.821	222.780	191.336	241.136
266.724	222.569	192.027	243.599
264.926	223.466	194.166	242.812
262.957	224.063	196.830	243.714
263.322	222.709	198.449	248.025
263.476	222.642	199.717	248.598
265.836	223.276	198.294	242.934
270.533	221.737	193.099	243.500
282.533	221.784	181.327	244.991
290.964	224.036	174.779	245.764
303.578	227.715	162.804	250.249
316.679	232.461	153.315	253.223
324.903	236.441	145.920	244.885
360.478	234.161	124.258	248.455
370.969	229.359	128.631	244.008
374.765	228.962	143.163	241.872
376.600	230.807	175.509	231.466
371.304	230.539	202.189	224.706
372.638	222.371	238.069	221.850
365.989	221.046	261.416	219.385
359.995	220.363	277.181	229.936
357.165	218.188	284.463	221.528
377.765	219.607	267.022	222.565
392.974	213.067	246.789	227.049
399.914	210.719	229.523	228.680
405.840	211.528	215.314	229.708
421.753	206.533	186.548	238.572
439.189	205.445	156.928	240.585
452.204	209.206	129.344	236.461
456.034	216.511	122.190	226.293
457.762	220.484	118.294	218.586
456.130	221.578	118.329	211.785
447.728	223.755	127.026	207.277
432.666	223.274	144.711	207.194
420.471	224.390	160.995	207.862
403.144	223.043	183.386	211.563
391.823	218.058	198.406	221.359
376.373	217.939	215.556	226.306
336.320	222.909	254.863	218.243
303.170	233.030	280.483	192.277
305.892	226.597	262.798	213.963
302.212	225.179	249.845	202.558
304.205	223.638	238.923	205.840
305.071	219.508	226.977	208.892
307.889	217.545	218.416	206.516
310.161	216.759	211.569	209.294
310.608	217.809	209.480	206.461
311.922	218.709	209.788	205.164
313.066	221.230	213.233	203.876
313.952	223.599	218.880	205.088
313.476	223.257	225.621	207.931
310.026	221.966	234.822	214.204
304.806	221.675	246.421	215.725
299.460	221.353	256.816	207.565
297.827	220.559	257.676	208.739
294.092	221.756	259.996	206.797
290.641	223.951	258.600	205.412
284.938	226.330	255.599	204.951
278.406	227.418	251.617	208.113
266.818	227.300	237.011	207.567
260.838	230.568	227.772	209.808
257.726	231.479	216.624	209.009
250.772	237.290	203.227	199.693
242.935	238.411	168.877	191.093
236.895	241.569	144.187	192.344
230.121	246.583	137.003	198.032
223.750	250.597	134.684	207.070
210.331	254.006	130.504	204.380
