482.000	275.000	48.000	82.000
482.811	275.894	47.941	81.534
484.560	276.967	48.509	80.943
487.235	277.777	49.973	80.070
490.328	278.271	51.607	79.501
493.077	278.544	53.818	79.854
499.431	278.568	57.989	80.643
503.349	278.731	60.318	81.868
507.096	278.739	61.820	82.488
512.105	278.768	62.124	81.888
516.077	278.451	63.051	81.565
521.804	279.490	64.668	81.113
523.770	279.830	65.383	80.231
526.499	279.776	64.722	80.446
528.868	279.256	63.801	81.077
529.166	278.895	64.278	81.346
529.078	279.054	64.681	81.225
529.956	279.892	63.025	80.330
527.160	279.133	64.537	80.971
524.679	278.320	63.975	80.730
522.626	278.775	62.601	81.102
519.251	280.192	62.851	81.436
513.931	280.334	61.882	80.940
512.191	280.016	58.069	79.959
509.758	279.824	55.219	79.771
505.981	280.014	53.831	80.482
501.564	280.883	53.488	79.760
496.651	279.511	50.157	80.942
493.794	278.808	48.795	79.657
490.401	278.209	48.336	78.905
488.473	277.901	47.475	78.465
487.321	277.680	46.467	78.550
486.099	276.754	45.814	79.006
485.439	276.881	46.312	78.845
485.273	276.169	46.831	79.060
485.573	275.698	47.183	79.318
485.843	274.076	48.854	79.696
487.729	269.465	51.708	81.397
490.235	265.295	52.306	82.185
493.006	261.292	53.246	82.414
495.571	257.083	54.089	82.850
495.989	253.094	56.383	82.933
497.755	248.862	59.206	81.721
499.473	247.210	59.735	81.965
502.447	246.336	58.455	81.695
504.987	246.075	58.573	80.554
506.466	245.490	57.956	79.704
507.727	242.058	57.603	80.302
507.188	239.732	57.584	79.683
503.354	240.593	59.778	81.022
497.573	246.975	61.091	84.103
494.332	256.349	61.201	86.835
487.546	282.682	61.965	86.836
484.236	299.774	61.117	88.505
479.739	316.466	61.138	88.533
475.182	330.687	60.008	86.439
470.987	341.055	58.331	83.426
466.345	336.074	55.666	85.541
459.709	321.155	56.185	91.280
457.255	304.003	54.323	92.008
457.043	288.452	53.803	92.090
458.853	276.605	54.875	89.805
471.294	257.827	55.253	88.154
482.191	251.311	56.057	86.131
493.547	245.889	56.909	86.419
506.840	244.405	57.788	84.483
520.369	244.974	56.745	83.027
538.101	247.986	55.362	82.498
542.499	250.983	55.129	83.998
541.169	254.593	57.558	86.240
535.106	261.408	59.475	85.001
525.569	268.127	59.881	85.327
506.620	281.606	62.142	85.495
496.616	288.553	62.345	83.912
487.939	293.044	63.573	83.824
481.303	294.349	65.798	84.344
478.258	293.620	65.613	84.681
473.642	284.632	63.967	86.597
470.241	273.629	63.342	88.649
466.306	261.975	62.866	90.861
464.240	251.510	60.347	89.746
456.919	242.901	61.504	86.683
446.874	235.504	60.624	82.665
438.282	232.135	61.228	82.364
430.658	230.790	62.274	81.723
422.986	229.187	61.850	81.726
415.542	227.256	61.193	82.375
405.214	222.981	56.557	82.555
398.737	221.096	54.356	80.548
392.979	218.171	53.567	79.992
387.326	214.612	53.024	80.406
381.832	211.937	54.081	80.281
378.027	209.145	52.899	79.699
375.934	207.614	51.999	79.443
373.449	206.737	52.987	79.427
371.389	206.400	53.143	79.005
370.246	205.516	53.240	80.540
369.194	205.329	53.924	81.075
367.863	205.261	55.249	81.751
367.374	204.857	55.568	82.032
367.051	203.304	55.082	81.971
365.304	200.934	54.994	81.499
360.078	197.264	56.144	79.843
355.835	195.630	56.324	79.174
349.547	194.707	58.306	79.527
343.844	193.903	59.895	81.264
340.377	194.224	59.769	83.557
338.202	200.448	58.136	84.195
340.666	208.648	56.048	86.810
341.940	223.779	56.865	83.850
343.285	233.616	55.461	84.176
343.406	243.159	55.573	83.984
342.277	257.115	56.639	82.512
343.972	264.308	54.655	82.527
344.898	270.309	53.776	81.702
345.850	273.608	52.758	82.893
346.743	276.783	51.247	81.203
346.896	279.264	50.464	79.717
346.011	280.384	51.063	78.923
346.083	280.694	50.822	79.451
344.864	281.498	52.009	79.523
344.355	281.816	52.246	80.226
344.138	282.481	52.445	80.535
343.939	283.254	52.582	80.248
344.125	283.832	52.286	79.921
343.991	284.206	52.560	80.268
344.241	284.787	52.006	80.765
344.817	286.544	51.171	80.869
344.197	287.740	51.875	80.612
344.270	288.863	51.685	80.237
344.000	289.930	51.952	79.972
343.855	290.549	51.842	79.991
343.177	291.168	52.743	79.971
342.553	291.327	53.467	80.132
342.488	291.068	53.558	80.254
342.695	290.913	53.249	80.299
342.842	290.990	53.204	80.414
342.813	291.068	53.267	80.391
342.250	291.068	53.560	80.309
341.620	291.145	53.990	79.957
341.411	291.338	53.865	79.874
340.041	291.222	54.669	79.662
338.503	290.925	55.019	80.038
336.099	290.925	56.312	80.038
334.494	290.960	55.773	79.189
332.617	290.316	55.745	78.957
330.067	289.457	55.670	78.911
326.994	288.536	54.824	78.677
325.280	287.952	53.461	78.548
324.155	287.477	51.871	78.195
321.145	287.005	51.929	78.763
319.336	286.886	51.508	78.372
317.697	286.921	51.399	77.667
316.272	286.421	50.103	77.993
314.982	286.272	50.539	78.398
314.677	285.853	50.119	79.042
314.164	285.701	49.663	79.654
314.469	285.625	49.011	80.306
314.995	285.815	49.001	80.198
315.860	286.005	49.420	80.594
317.356	286.085	50.327	80.331
319.303	286.810	51.806	79.838
321.996	288.270	54.329	79.077
322.399	288.145	56.667	80.786
323.940	288.470	57.863	81.180
325.330	289.084	60.494	81.971
326.383	290.448	61.932	81.942
329.197	293.871	62.148	81.407
330.900	295.645	61.326	82.216
331.657	297.566	60.916	81.773
332.196	299.085	60.555	81.549
333.672	299.969	59.044	81.658
333.806	300.271	58.416	81.021
334.552	300.083	57.463	81.032
334.598	300.061	56.812	80.831
335.329	299.824	55.281	80.972
335.499	300.255	54.370	80.543
335.811	300.705	53.731	80.987
335.991	301.236	53.885	81.114
336.320	301.472	53.962	81.136
336.901	302.197	54.051	81.350
337.243	303.019	54.311	81.269
336.364	303.707	56.290	82.120
336.169	304.494	57.327	81.992
335.370	305.244	58.389	81.552
333.979	305.481	59.750	81.963
333.684	305.418	59.523	82.640
333.341	305.859	58.993	82.596
333.274	307.333	57.131	82.571
333.897	309.072	54.661	82.371
335.198	310.937	52.037	82.169
335.008	312.458	50.279	81.862
334.314	313.554	49.872	81.313
334.459	314.395	48.661	80.852
334.525	314.548	48.223	80.956
334.615	314.782	47.714	80.907
334.745	315.959	47.718	81.408
335.266	317.571	47.890	81.141
336.729	319.409	47.952	81.426
335.756	319.934	50.653	80.914
336.486	319.307	51.528	81.497
338.631	318.575	51.189	81.391
340.386	317.417	51.143	80.213
342.152	312.060	51.413	80.659
343.340	307.592	51.004	81.119
344.396	304.867	50.416	80.236
343.055	303.768	52.103	79.696
341.277	303.323	53.741	79.562
341.071	302.563	53.742	79.304
340.944	299.920	53.733	79.759
341.872	295.211	52.344	80.390
341.123	290.462	52.768	79.590
338.841	286.540	54.389	79.782
337.219	284.528	55.271	78.730
336.282	284.453	55.639	79.813
337.360	287.836	55.329	81.288
339.974	293.529	54.053	81.334
342.126	299.441	53.468	81.102
342.946	308.730	54.006	77.789
344.588	310.706	53.075	80.310
344.654	312.027	54.000	80.128
343.406	313.075	55.793	79.732
342.343	313.715	57.130	80.264
342.458	316.172	57.655	81.238
343.466	319.087	57.166	81.368
344.345	321.821	56.646	82.203
344.621	324.171	56.680	82.077
344.125	325.940	57.357	81.605
344.590	326.793	56.894	82.405
344.204	327.481	57.483	82.704
345.746	328.351	55.910	82.484
346.312	329.336	55.073	82.556
347.122	330.549	54.419	81.863
346.732	330.862	54.572	80.772
346.942	330.334	54.133	80.415
346.749	329.441	53.859	80.018
347.392	328.559	53.018	80.059
347.702	328.292	52.341	78.669
347.645	326.853	51.637	78.737
347.709	326.394	51.070	78.896
347.158	326.353	51.342	78.026
345.965	325.815	52.032	78.073
345.584	325.460	52.040	78.415
344.211	324.585	52.978	78.076
343.779	323.318	52.867	78.015
344.024	321.150	52.186	78.121
343.144	319.270	52.644	77.871
341.911	317.740	53.633	78.000
342.058	316.859	53.584	78.533
342.577	316.747	53.383	78.238
342.532	316.664	53.515	79.437
343.528	317.748	53.224	80.119
342.529	319.762	54.449	81.764
343.182	325.207	54.182	81.688
343.571	329.678	53.879	81.698
345.765	334.494	51.879	81.371
345.381	337.163	52.563	81.260
344.499	338.338	54.012	80.930
343.874	337.828	54.533	80.489
343.721	337.340	54.486	80.678
344.286	336.768	53.804	81.008
345.583	337.042	52.158	81.477
345.191	338.145	52.607	81.207
344.859	338.289	52.630	81.197
344.011	337.739	52.946	80.181
343.731	335.998	52.629	80.066
344.616	334.654	51.339	79.559
344.571	332.320	50.680	79.554
344.254	329.002	50.619	79.210
343.507	327.815	51.303	78.640
342.642	325.341	51.509	78.358
340.365	322.641	53.227	78.302
338.727	319.899	53.970	78.370
337.580	315.529	53.746	78.011
335.623	312.399	54.928	78.655
333.985	310.024	55.758	78.449
333.034	308.638	55.647	78.780
329.928	308.274	57.385	79.365
329.967	313.436	53.777	80.368
328.590	316.815	52.265	80.708
326.859	319.552	51.736	80.653
324.519	321.732	52.599	80.594
323.582	323.521	52.778	80.065
323.950	324.975	50.287	80.176
324.089	327.969	47.158	81.191
324.285	330.281	46.802	80.249
324.704	332.357	46.256	79.589
325.887	333.536	46.250	79.116
328.647	334.314	46.766	79.449
330.854	335.091	47.226	78.598
332.916	335.314	48.237	78.402
335.177	335.548	49.808	77.936
337.273	333.399	51.484	78.986
341.119	330.591	53.799	78.786
343.385	328.693	54.886	79.884
345.293	328.065	55.647	80.628
347.586	328.137	56.433	80.991
350.663	328.626	56.140	80.968
354.538	329.313	56.808	79.961
356.615	328.568	56.534	80.277
359.412	328.134	55.894	79.383
361.227	327.394	55.673	78.461
361.774	326.068	56.209	78.042
362.598	324.340	55.810	77.455
362.431	322.758	56.233	77.461
361.848	321.535	57.063	78.399
361.603	321.058	57.410	79.016
361.696	322.332	56.553	79.891
360.592	327.258	54.105	80.108
359.987	330.188	52.809	79.940
358.764	332.255	51.947	80.042
358.606	333.850	50.186	79.988
358.678	335.322	48.575	79.651
357.892	336.835	47.146	78.347
357.249	337.277	46.819	78.250
356.466	336.849	46.876	78.038
355.899	335.602	47.185	77.402
355.819	334.018	47.125	77.340
355.873	331.922	48.197	77.837
355.597	330.087	49.581	78.314
355.669	327.203	50.605	78.473
355.677	323.855	51.823	79.152
356.827	319.628	51.858	80.249
356.168	316.557	53.278	80.347
354.080	311.877	56.069	80.391
352.720	310.017	58.109	80.293
351.213	306.953	59.269	81.034
349.837	304.938	60.091	80.395
347.547	300.241	60.348	80.651
346.428	297.513	59.920	81.082
345.260	294.167	59.026	82.576
343.549	292.561	57.803	82.525
342.111	289.957	56.685	82.890
340.458	286.992	54.393	81.474
339.424	285.882	53.875	80.199
338.406	284.382	53.360	79.805
337.523	282.879	53.395	79.563
337.282	281.472	53.206	79.280
336.824	280.243	53.358	79.282
336.546	279.243	53.900	79.809
336.859	278.758	54.305	80.127
337.021	278.379	54.958	80.585
337.930	278.785	55.228	80.311
340.307	278.902	54.219	80.799
341.434	280.321	54.042	80.314
342.743	281.496	53.597	81.574
344.793	285.023	52.367	82.194
347.295	289.909	50.986	81.600
349.253	299.019	50.032	79.689
350.705	300.931	49.478	80.039
351.527	302.147	49.796	79.523
353.598	303.410	48.840	78.544
354.476	304.247	49.649	77.951
354.709	305.297	50.619	77.856
357.267	307.337	50.635	78.472
358.229	309.019	51.280	77.745
359.044	310.261	51.827	78.124
359.822	311.322	52.395	78.203
361.364	312.823	52.027	78.020
363.595	315.334	51.226	78.298
363.394	316.799	52.480	77.096
364.337	316.783	52.334	77.469
364.709	316.043	52.666	77.309
365.652	315.347	52.359	77.367
366.136	314.770	52.536	76.988
366.068	314.671	53.067	76.813
366.968	314.820	52.784	77.619
367.825	315.322	52.416	78.012
368.342	316.136	52.199	77.526
368.216	314.663	51.910	77.535
370.077	310.855	48.858	78.036
370.794	307.747	47.337	77.148
370.712	306.903	47.005	75.077
369.331	306.090	47.173	74.379
369.689	306.714	45.759	75.512
369.364	307.552	45.849	75.063
368.644	305.710	45.783	75.207
368.910	301.516	44.865	76.098
369.167	300.344	44.662	75.369
369.730	300.624	45.228	76.118
370.142	301.445	46.516	76.959
370.564	302.146	47.894	77.073
372.088	301.373	49.678	77.566
373.783	300.179	50.488	77.303
377.823	298.252	50.615	77.674
378.444	298.409	52.165	77.092
378.649	298.297	54.022	77.396
379.932	298.504	54.693	77.150
381.155	298.972	54.173	77.174
381.992	299.719	54.096	76.102
383.051	300.006	53.403	76.233
383.925	300.293	52.785	76.110
384.590	300.476	52.079	75.872
384.236	300.564	52.059	76.267
383.902	300.718	51.401	75.595
383.176	300.756	50.741	75.335
380.961	299.623	51.244	75.869
380.766	298.793	50.511	76.445
379.501	298.342	50.649	76.769
379.477	298.357	50.135	77.328
379.274	298.522	50.139	77.390
378.788	298.262	50.316	76.993
378.901	298.024	50.203	77.474
379.404	297.737	49.951	77.413
380.550	298.062	49.524	77.251
381.629	298.712	49.591	76.607
382.236	300.063	50.026	76.493
381.732	300.519	51.356	76.753
381.185	300.576	52.645	77.470
382.032	300.710	53.419	77.679
382.613	301.358	53.566	76.951
383.682	302.667	52.513	77.094
384.152	304.396	52.147	77.608
383.759	306.252	52.779	77.086
384.280	308.070	52.091	76.531
385.196	310.143	51.750	78.022
387.367	314.071	51.418	77.683
388.728	316.931	51.610	76.389
393.543	317.736	50.742	76.550
403.730	321.400	52.145	75.670
415.663	326.374	52.539	76.049
430.737	331.153	53.485	77.056
446.526	335.149	53.020	77.909
459.521	336.969	54.658	77.292
482.061	336.624	55.085	75.928
498.372	335.540	54.763	76.947
510.923	336.131	55.450	76.052
522.694	331.580	53.218	78.641
528.053	325.201	49.306	78.863
528.302	320.665	49.508	76.763
529.432	323.664	47.370	77.768
528.042	330.216	48.765	77.164
526.965	332.461	49.153	76.364
524.677	330.548	51.467	77.409
525.290	318.020	50.546	81.876
524.577	314.586	51.558	79.325
524.044	313.547	52.023	77.484
523.142	312.581	52.900	77.332
522.746	312.309	53.359	76.992
523.127	310.017	52.803	77.252
523.423	308.118	52.273	77.236
523.428	307.426	51.809	76.467
521.283	307.650	52.504	76.411
521.296	308.628	51.256	77.290
520.173	309.554	49.971	76.501
520.514	307.951	48.786	76.986
520.182	307.212	47.779	75.930
519.164	306.745	47.875	76.209
517.551	306.676	48.686	76.245
514.581	308.288	50.308	76.220
512.382	308.730	52.128	76.781
511.687	309.445	52.054	76.399
511.055	309.907	51.965	76.154
510.066	309.187	51.193	75.044
510.219	305.270	49.043	75.019
510.387	304.639	47.329	75.323
509.236	305.841	45.504	76.170
507.064	309.987	45.605	76.024
505.438	312.828	45.873	75.905
504.131	314.006	46.048	75.082
504.259	313.258	45.707	74.553
503.898	312.321	45.721	75.493
503.442	313.124	45.632	74.769
503.136	314.172	45.591	74.992
502.539	314.312	47.281	75.258
502.895	313.139	47.745	75.124
502.990	310.002	48.074	74.253
502.800	307.806	48.717	73.542
501.119	306.852	50.377	73.665
500.665	305.748	51.670	75.062
500.678	305.774	52.113	75.389
499.910	305.835	53.120	75.460
499.006	305.818	53.991	75.396
499.201	305.615	53.269	75.601
499.989	307.289	51.659	75.849
501.070	308.746	49.695	76.408
501.138	310.924	48.927	75.847
499.718	312.751	50.052	74.982
497.707	313.856	51.255	74.718
493.732	314.456	53.416	74.440
491.916	313.944	53.974	75.287
490.699	313.615	54.409	75.345
488.990	312.968	55.481	75.790
487.468	313.057	56.113	76.178
484.809	316.507	55.795	75.677
482.876	317.527	54.740	75.709
481.481	318.501	52.219	74.038
480.228	317.949	48.665	73.021
478.123	316.037	46.160	73.015
476.545	310.320	41.093	73.457
473.991	306.519	41.944	73.960
471.410	302.038	45.010	73.845
469.830	296.590	48.593	75.356
469.521	291.273	50.738	76.645
473.974	281.461	52.881	77.260
477.908	276.175	53.237	76.378
483.594	272.402	52.379	75.969
488.341	271.781	51.895	74.296
494.311	271.758	49.396	74.548
504.327	275.313	44.845	74.356
509.731	279.019	45.202	73.903
513.290	282.922	48.173	74.028
516.648	288.148	50.542	73.160
518.760	291.950	54.140	73.442
518.650	298.337	60.076	70.817
519.060	300.562	60.770	69.810
518.261	302.731	62.901	69.442
516.548	304.516	63.999	70.086
514.949	306.499	64.044	69.907
509.679	309.145	63.537	70.272
506.936	308.622	60.650	72.162
502.132	308.455	59.754	72.749
497.612	308.701	56.985	72.322
496.141	308.648	50.807	71.988
487.475	308.546	45.557	70.959
478.664	307.196	45.445	70.766
473.961	304.317	42.084	72.532
468.724	303.559	41.806	71.560
463.835	300.816	42.748	72.083
459.660	297.372	44.186	72.232
457.689	297.110	46.887	72.121
456.369	295.637	48.706	72.057
457.763	294.563	48.291	72.248
460.702	294.486	48.824	72.139
466.833	295.472	47.416	70.703
476.818	294.671	45.419	70.060
485.497	293.766	43.561	68.803
491.269	291.788	45.682	69.708
498.132	290.711	48.349	70.342
508.411	290.641	53.049	69.226
512.830	290.872	56.149	69.539
518.368	292.425	57.206	68.163
521.763	292.372	59.718	68.705
524.936	293.499	59.082	66.618
526.961	294.355	59.569	66.940
526.576	296.320	61.163	66.248
526.112	296.634	62.743	66.021
525.163	297.096	63.110	65.945
523.798	296.880	62.635	66.672
519.365	298.662	62.307	67.106
512.244	303.607	60.543	68.374
506.789	307.409	58.668	68.952
500.562	311.209	58.130	68.786
495.756	311.892	57.290	69.552
492.399	312.585	55.113	68.432
484.806	309.356	48.738	67.755
477.111	305.330	47.046	68.417
472.580	301.514	44.583	69.900
465.766	300.679	44.925	69.678
455.799	285.149	51.685	81.208
432.965	271.742	76.146	69.826
436.989	273.526	75.201	72.000
433.254	273.845	74.197	75.167
442.632	281.059	65.173	79.488
457.159	293.993	49.682	81.649
465.938	304.712	45.330	71.608
472.990	305.485	43.044	68.637
482.525	302.606	39.836	68.496
489.381	301.085	40.886	68.442
494.251	299.636	44.419	68.369
508.538	299.172	46.224	67.560
514.096	298.099	49.078	67.833
520.508	297.235	51.432	67.838
526.493	298.919	53.424	65.819
532.010	299.628	54.636	65.255
537.755	301.248	57.319	64.316
539.046	301.503	59.826	64.368
541.875	301.254	59.199	64.012
542.874	300.908	59.465	62.737
541.594	299.685	61.432	63.301
537.892	299.609	62.987	65.912
534.880	303.663	62.255	66.552
530.462	310.025	62.511	66.676
526.284	314.848	61.518	65.758
521.208	316.281	61.084	65.783
513.320	313.989	58.888	65.374
507.140	308.493	53.980	67.244
498.759	303.387	51.703	67.293
489.676	298.738	50.965	66.650
485.202	293.540	47.166	67.943
456.347	270.191	57.157	84.317
453.344	261.968	64.686	86.195
459.098	261.616	68.881	68.725
468.507	264.001	65.993	69.510
468.334	270.455	68.866	69.824
479.494	275.464	58.791	65.051
478.827	272.948	58.743	65.667
476.392	266.395	58.850	70.223
467.682	264.965	65.136	72.601
453.217	253.714	72.944	102.532
436.903	263.816	79.181	92.842
471.786	288.921	49.002	69.628
481.842	296.929	44.369	68.473
492.804	303.212	42.329	68.506
502.546	310.547	44.583	68.339
517.742	322.622	51.411	65.184
525.822	326.054	55.710	62.199
532.362	325.404	59.632	62.020
538.455	321.838	62.678	63.094
543.385	316.636	64.748	64.559
549.554	306.986	68.244	62.961
550.967	302.804	68.616	62.270
552.293	303.238	69.039	60.423
556.215	304.879	65.791	66.645
560.142	313.300	62.724	73.353
563.776	345.831	59.308	80.132
565.273	366.996	57.015	78.265
564.192	388.289	54.514	75.357
560.369	405.651	52.744	74.779
556.401	421.467	50.538	72.132
546.852	445.968	47.227	70.237
540.734	457.441	45.169	69.965
535.395	470.515	44.446	70.050
531.811	481.606	43.250	72.797
529.140	493.516	41.894	74.506
522.785	523.184	42.212	52.042
519.587	540.240	42.861	35.254
519.497	478.242	46.297	41.765
523.614	479.676	41.168	55.446
447.055	409.998	33.716	22.862
436.909	419.910	46.427	29.722
422.074	425.037	60.055	24.171
505.645	517.558	52.344	56.101
508.740	522.603	48.428	50.886
509.547	514.802	43.282	58.642
501.805	500.257	48.693	72.165
480.321	558.807	53.535	17.193
497.228	571.909	47.062	4.091
493.373	531.016	40.998	42.755
489.636	513.083	45.951	60.614
485.503	481.841	48.640	73.686
483.062	465.707	49.819	77.479
482.162	451.559	49.051	76.730
480.100	435.902	48.713	77.501
478.538	419.219	48.070	80.611
477.392	388.636	46.015	80.311
474.624	372.972	45.826	81.679
474.543	357.444	43.901	81.430
472.872	343.595	43.827	80.784
472.703	332.639	42.810	79.047
471.575	322.044	42.194	71.896
473.375	316.996	40.092	70.100
471.046	310.951	41.032	72.101
469.715	304.756	42.026	71.511
469.870	298.608	42.961	71.931
466.055	290.001	44.290	69.368
466.241	285.535	45.233	68.484
465.582	283.709	45.872	66.947
465.649	282.005	45.762	65.752
464.799	278.427	44.904	66.130
463.825	268.995	45.679	70.107
462.584	260.866	46.127	72.899
461.538	251.216	45.897	76.461
460.587	240.283	45.195	77.537
460.157	230.434	45.096	75.951
460.062	216.257	44.465	70.484
459.188	213.926	44.615	67.410
458.564	213.190	44.837	68.070
458.917	215.839	42.850	66.877
458.849	218.937	42.192	67.323
455.979	223.680	42.047	66.762
456.449	224.643	41.661	66.738
455.296	225.518	42.056	66.304
454.518	226.665	42.503	67.274
454.211	230.893	40.959	67.048
453.893	243.141	40.665	69.987
454.829	249.404	39.833	69.760
454.512	256.949	40.545	69.993
454.650	263.480	41.439	68.734
455.934	269.744	40.040	67.717
456.786	277.996	40.678	67.870
456.548	281.188	42.369	67.430
458.934	284.937	41.816	66.815
459.348	288.032	42.338	64.232
459.946	287.711	43.118	65.400
462.034	278.882	43.937	66.441
461.842	272.219	45.192	67.331
462.267	265.795	45.727	67.021
463.238	260.984	45.754	66.552
463.593	257.488	46.521	66.821
465.427	255.091	45.125	66.539
465.731	255.865	44.776	65.157
465.854	252.034	44.772	66.847
465.842	249.649	44.416	66.793
464.964	247.112	44.003	65.830
462.558	244.021	44.585	66.555
461.595	250.044	45.312	65.808
461.450	255.441	43.804	67.637
461.164	262.938	41.138	68.194
461.473	271.100	41.498	68.168
460.399	281.556	40.725	64.897
460.238	280.921	41.143	64.629
459.028	279.383	41.595	64.783
458.401	272.181	41.576	68.464
459.339	265.117	41.250	69.287
456.328	257.423	41.639	70.018
457.068	243.638	40.244	70.894
456.746	237.430	40.357	68.758
456.988	231.037	40.314	68.862
456.029	226.929	40.473	67.727
458.237	222.524	39.324	66.003
455.591	214.854	39.528	65.519
456.708	210.210	39.502	65.722
456.433	204.376	38.461	66.015
457.849	201.390	38.142	65.530
459.268	200.955	36.326	62.166
459.722	201.720	37.397	66.645
460.215	209.323	38.478	67.715
459.784	216.855	39.404	69.434
460.918	225.867	39.198	68.860
459.560	236.928	42.096	70.092
461.760	256.204	41.273	67.371
463.589	263.652	40.438	66.698
463.623	269.434	41.552	67.817
463.830	277.480	42.238	67.029
462.881	285.702	43.399	67.305
463.257	303.650	43.802	66.302
463.828	307.649	43.583	66.510
463.557	311.994	43.635	63.716
464.072	313.677	43.031	61.919
464.809	312.139	42.272	61.783
464.085	300.743	40.982	67.967
464.649	293.601	40.649	69.488
464.077	287.117	40.657	70.622
464.052	282.872	41.014	68.929
464.835	278.577	41.096	67.494
466.489	273.675	42.192	65.596
468.124	270.000	42.179	65.682
466.802	260.917	44.016	71.452
469.899	253.896	42.026	72.519
471.733	248.261	41.616	70.472
472.073	236.750	42.240	67.548
470.048	232.387	41.575	65.686
471.713	230.528	40.343	64.430
469.141	229.510	41.296	63.090
468.164	228.077	39.950	62.087
467.043	225.525	39.077	61.207
467.782	224.033	38.271	61.399
465.277	222.924	39.097	61.160
465.621	222.436	38.519	60.856
465.479	223.437	37.854	59.827
465.455	228.869	37.934	61.955
465.665	231.396	37.622	63.158
465.369	234.393	38.648	63.674
466.216	238.150	38.487	64.012
467.003	242.850	38.254	63.332
471.689	250.539	37.000	65.666
473.366	256.358	37.564	63.756
474.026	261.279	39.421	63.072
475.675	264.889	39.417	63.866
474.870	269.621	42.202	62.545
477.364	274.400	41.792	62.044
477.679	276.018	42.356	60.249
479.675	277.737	40.651	61.052
480.793	279.535	40.350	59.664
481.082	280.743	39.289	59.437
481.016	283.089	39.891	60.360
482.923	285.147	38.920	59.452
483.134	286.178	38.811	59.456
483.134	286.583	39.338	59.822
482.316	286.590	39.826	59.486
483.294	283.887	38.817	59.659
484.695	281.884	38.355	60.329
484.149	277.665	38.863	61.684
484.579	272.840	39.645	62.978
484.542	269.476	40.805	62.559
484.676	261.704	43.449	62.661
484.010	256.020	43.959	63.498
484.846	252.568	43.880	62.452
484.870	247.060	43.808	63.322
486.695	243.561	42.226	61.834
489.246	236.845	41.490	61.408
488.907	235.386	41.495	59.282
489.216	233.142	41.004	59.351
488.623	232.856	41.419	58.779
488.253	232.135	40.908	59.623
487.671	235.094	38.270	59.486
487.415	236.692	38.152	59.581
486.661	238.518	37.745	59.457
486.317	241.074	37.498	59.294
485.916	244.491	36.933	59.598
484.776	250.459	37.037	57.865
484.677	251.480	37.215	58.081
483.121	252.306	36.983	58.223
483.250	251.867	36.830	59.067
478.357	252.041	39.725	57.640
472.887	241.671	43.501	60.848
470.448	233.925	42.710	62.733
468.774	225.971	42.335	63.825
466.089	219.020	42.314	60.976
464.919	212.306	42.166	61.278
462.144	197.576	40.214	62.426
460.243	189.194	39.749	65.052
459.885	179.978	38.456	66.369
456.650	171.293	37.422	67.230
455.372	165.150	36.671	64.933
545.887	144.311	29.718	73.305
556.881	133.410	53.994	72.502
450.344	151.693	33.557	59.337
448.692	151.931	35.382	59.385
446.680	154.706	35.112	64.870
443.117	176.740	38.679	73.187
442.904	189.312	37.714	77.082
440.659	203.365	40.504	74.820
441.890	218.016	38.951	67.298
441.688	226.358	38.069	59.886
442.265	224.154	38.900	59.447
438.669	222.364	40.978	59.133
431.053	221.201	49.648	59.687
430.702	221.340	50.696	67.322
418.958	224.478	51.853	72.125
415.357	243.598	45.205	71.781
413.536	253.841	38.271	66.973
415.170	260.692	39.140	63.113
447.966	264.375	41.970	56.289
449.143	263.222	41.503	55.930
447.492	255.847	44.355	57.928
447.450	253.254	44.376	56.578
449.090	251.859	43.060	55.965
449.158	250.913	42.700	54.709
448.510	248.683	43.935	55.777
448.638	240.417	40.272	59.933
440.624	234.613	47.827	61.098
441.097	227.384	43.600	63.597
444.114	221.840	41.651	62.351
442.318	218.061	47.831	61.339
442.351	212.677	42.994	58.719
449.523	212.575	40.823	56.584
448.980	212.536	41.200	58.842
449.215	215.716	39.357	60.618
448.535	219.037	43.093	61.582
447.792	228.431	40.165	61.138
450.068	233.001	40.719	57.769
450.519	233.285	43.899	58.075
452.247	232.281	41.499	57.677
453.339	228.004	41.314	59.538
454.887	224.463	41.821	58.551
455.068	225.139	43.063	55.890
454.433	227.187	44.223	55.401
455.645	229.646	45.462	58.192
457.953	233.289	43.857	58.227
458.708	236.547	42.675	56.617
458.358	242.211	42.576	55.905
457.902	242.645	43.931	55.876
457.851	244.540	43.382	53.564
456.812	244.051	44.167	54.658
457.954	238.180	43.783	56.564
457.514	237.031	44.332	55.773
458.855	236.206	42.833	55.324
459.073	235.543	42.778	54.985
459.427	235.596	43.291	54.214
459.461	235.373	44.455	53.932
460.629	234.503	43.940	53.990
459.001	233.581	45.551	54.278
459.125	232.435	45.335	54.825
460.108	231.811	44.084	54.421
460.129	231.053	44.249	55.031
458.385	231.599	44.853	57.014
458.849	233.082	45.494	59.175
457.394	237.213	45.189	59.181
456.773	240.449	45.790	60.167
455.511	249.193	43.163	61.132
454.849	254.438	44.011	62.717
455.103	261.742	43.979	61.300
455.766	266.795	43.110	61.034
456.141	270.179	43.766	57.892
455.925	270.593	43.851	57.269
457.369	260.875	44.726	62.712
453.229	253.084	47.547	65.126
455.084	248.754	43.556	63.887
409.807	237.594	74.821	83.322
452.550	239.668	44.682	61.710
455.430	235.002	43.833	59.332
454.869	231.551	44.037	59.050
453.601	227.066	43.123	60.780
455.630	225.710	42.085	58.836
456.911	220.705	41.877	59.699
456.399	216.397	43.235	58.525
457.387	215.485	42.627	56.842
457.358	215.694	43.318	56.047
457.578	216.449	42.981	55.875
458.088	217.707	42.488	56.272
456.527	222.475	44.963	57.297
456.333	223.818	45.066	59.601
456.536	226.732	44.978	59.693
456.792	229.929	44.212	60.989
456.235	234.245	44.664	60.191
454.798	239.886	44.482	59.226
455.555	242.143	43.964	58.318
456.230	244.702	43.972	58.937
455.546	248.674	44.055	59.623
456.954	253.173	41.875	59.100
455.161	259.308	41.233	56.710
455.393	259.046	42.159	54.867
454.932	254.936	42.451	57.946
454.584	250.460	42.955	59.699
452.867	244.896	42.865	60.266
451.055	237.897	45.616	59.844
450.431	237.321	48.435	56.815
446.955	235.085	51.699	56.740
446.686	234.610	52.452	55.501
447.087	231.251	51.623	56.998
441.768	227.612	53.137	56.845
440.447	225.968	53.057	56.178
534.518	182.314	41.804	71.569
564.890	204.766	57.708	74.165
436.055	224.573	54.356	54.770
430.257	226.816	54.236	56.917
406.564	229.350	41.274	62.253
408.384	231.203	55.074	61.319
409.582	236.336	49.280	63.180
410.500	237.302	42.676	68.869
409.925	251.105	38.684	63.824
405.041	254.085	44.210	63.685
403.746	256.836	46.664	61.884
404.439	258.418	47.069	61.849
411.392	259.693	43.798	60.886
419.607	256.653	39.103	61.446
422.763	250.836	37.894	64.753
422.533	247.091	39.573	64.398
422.989	242.513	40.746	65.862
424.606	238.020	39.351	64.954
412.554	234.490	53.650	59.833
378.814	229.835	87.752	67.399
381.398	234.435	50.056	55.746
382.835	235.076	51.028	55.493
425.868	235.296	42.332	58.617
387.518	233.602	53.274	55.880
384.514	231.931	50.989	56.856
387.810	233.391	51.468	56.203
388.342	234.462	52.196	59.027
388.452	236.434	52.231	58.010
393.955	239.345	50.907	62.713
390.061	241.254	52.446	61.582
389.894	244.026	52.197	63.736
388.789	245.866	52.478	64.121
392.860	247.902	50.051	63.126
388.163	250.894	51.070	61.796
389.163	252.362	48.964	60.324
390.828	253.133	49.002	59.025
387.674	253.727	50.369	58.666
387.854	253.776	50.462	58.910
387.033	254.510	50.809	57.957
385.157	255.561	49.169	57.306
387.740	256.690	47.625	56.699
389.257	258.319	47.618	58.320
389.321	256.533	78.515	69.366
420.216	265.445	42.972	60.507
415.842	262.230	46.391	63.168
411.806	257.062	48.499	65.813
413.751	252.694	44.597	66.347
416.791	248.100	39.707	65.856
413.973	244.841	49.582	62.192
413.112	245.329	53.723	61.362
413.017	245.916	59.115	61.152
423.269	249.568	57.422	60.294
405.931	242.698	76.945	79.440
424.490	263.368	59.848	66.815
431.460	270.977	53.871	64.755
434.428	276.126	52.050	61.688
396.091	277.674	43.679	62.347
436.014	277.483	50.633	59.862
436.541	275.538	45.548	60.780
433.790	273.781	45.107	60.709
407.953	269.472	54.434	63.643
410.748	266.630	51.101	64.676
413.321	263.495	50.681	64.711
415.558	180.814	52.171	71.220
395.223	95.266	57.363	74.351
420.012	258.301	46.780	62.187
418.448	257.058	49.357	61.534
417.339	253.885	53.095	63.238
423.552	248.658	47.377	64.129
420.525	247.624	50.805	62.000
423.221	243.885	48.540	64.729
424.302	242.742	47.298	63.551
424.761	242.103	46.629	64.432
423.724	243.507	47.168	64.889
421.771	244.569	51.168	64.945
420.171	244.800	56.283	65.363
418.560	247.877	58.737	63.327
415.941	249.847	53.767	63.403
411.308	254.653	61.911	65.867
444.448	255.247	53.258	60.207
445.455	257.260	54.514	56.797
442.556	257.381	57.725	57.184
441.019	257.813	59.322	56.355
411.670	168.309	78.141	51.807
405.839	257.456	47.266	64.552
407.391	256.913	65.886	64.107
391.648	239.632	94.976	92.144
409.140	256.079	67.134	66.240
411.074	256.731	51.453	65.928
410.752	257.037	46.993	65.254
408.728	257.226	49.685	63.437
405.846	256.456	53.118	64.080
401.986	256.707	57.673	63.178
390.000	249.935	73.393	70.886
393.107	253.558	66.115	63.223
383.149	243.764	82.097	75.054
415.075	252.414	47.053	64.443
417.251	252.470	46.105	64.097
417.801	251.744	46.729	65.083
417.432	250.969	46.937	65.521
375.558	252.525	48.565	63.741
417.011	250.527	47.489	65.035
416.978	249.320	47.963	65.434
416.715	244.809	45.415	65.788
372.921	244.785	53.938	63.852
375.941	245.324	88.511	75.833
373.998	247.093	59.587	68.699
374.151	252.732	55.690	63.650
374.116	253.508	56.213	62.026
373.403	249.323	60.511	63.521
374.079	242.722	71.825	68.246
375.762	241.416	75.359	68.166
371.646	224.121	89.875	82.494
351.712	153.634	122.972	134.624
376.061	234.943	52.064	64.157
380.472	233.104	48.686	62.630
384.240	230.528	72.516	73.878
412.397	235.136	41.180	64.758
403.953	229.779	42.672	65.285
402.386	225.317	42.934	69.302
402.001	226.456	46.550	67.569
398.612	226.246	54.132	69.204
396.192	227.549	60.247	69.761
403.222	235.248	66.050	64.178
413.598	237.016	59.742	62.576
414.505	239.389	60.895	61.732
413.397	242.669	64.288	60.053
417.016	244.734	58.716	60.388
415.959	248.455	58.662	61.480
414.206	249.232	57.669	62.353
413.392	251.410	54.975	64.000
413.443	253.122	50.859	63.332
411.311	254.605	48.997	62.134
378.884	251.429	61.170	67.495
396.137	253.709	52.788	62.141
378.803	251.135	56.419	66.176
372.402	250.112	56.665	66.342
372.584	248.795	63.932	66.268
380.046	249.442	53.080	67.158
381.400	245.249	56.225	67.903
393.244	249.045	47.363	67.880
362.681	240.783	78.088	77.529
395.574	250.764	46.425	66.211
361.186	244.050	52.399	67.738
352.041	168.122	67.174	87.209
355.423	252.375	63.097	66.581
351.825	253.844	62.846	65.456
348.962	257.112	62.353	64.129
346.422	257.645	61.562	65.187
338.366	260.893	58.610	64.191
333.849	258.162	57.634	65.982
328.224	257.917	56.602	65.071
322.382	257.254	55.860	64.511
318.073	255.576	52.485	65.367
314.053	253.229	44.469	64.256
312.755	253.513	41.657	63.469
313.251	252.952	40.213	63.651
315.515	254.338	38.545	62.501
318.015	256.008	39.331	64.085
325.278	263.704	41.249	66.116
330.536	267.514	40.045	65.118
334.618	269.906	39.450	63.018
337.247	270.119	42.769	62.711
339.390	267.436	47.088	64.416
343.192	262.115	53.087	65.053
342.514	258.328	59.110	66.160
343.030	253.942	62.580	68.033
341.958	250.896	65.567	67.153
419.026	245.024	47.833	66.286
409.160	238.703	48.922	67.190
406.070	236.083	46.689	67.443
347.667	239.227	66.622	61.396
336.503	239.197	70.427	60.401
331.125	237.833	71.829	60.126
325.768	236.155	70.506	61.074
322.684	235.147	68.753	62.933
317.320	235.679	68.804	63.883
314.069	237.324	66.458	64.615
310.254	239.009	65.200	66.429
307.498	245.491	57.799	65.922
289.498	232.053	72.885	92.451
304.942	250.128	52.394	69.395
303.949	254.661	49.663	66.455
303.165	257.963	47.625	66.554
303.241	262.354	46.796	65.631
304.316	262.666	46.345	65.683
304.309	262.913	48.531	65.275
307.138	261.093	48.145	65.264
309.267	256.302	49.767	67.717
313.572	246.864	55.287	68.438
316.191	241.754	59.766	68.889
319.525	236.279	62.695	70.095
324.272	232.483	64.426	69.680
435.175	250.899	53.910	71.279
337.109	217.471	71.097	72.063
342.910	212.211	71.285	71.332
348.097	208.133	71.298	72.329
355.081	207.183	70.068	71.534
361.766	206.731	67.548	70.368
371.064	208.315	64.286	71.196
372.390	209.618	65.507	69.654
373.600	210.779	65.501	71.610
373.437	214.167	65.352	72.716
373.718	217.975	63.524	75.870
371.013	231.877	62.615	82.391
370.022	238.589	63.238	85.116
369.071	248.877	62.906	84.131
367.872	261.030	62.733	78.287
366.551	265.565	60.770	75.096
360.090	261.959	59.125	75.706
358.048	255.086	57.603	77.591
356.874	249.046	56.669	77.864
357.232	244.779	54.643	76.375
357.631	243.583	55.003	73.575
363.185	246.002	54.797	73.605
364.417	247.178	57.808	74.270
366.366	248.070	58.952	74.241
368.192	243.760	59.452	77.065
368.688	234.963	60.131	81.222
367.413	212.971	58.458	85.432
365.347	203.995	59.563	84.781
364.312	197.931	58.950	82.503
361.559	196.396	59.846	76.974
359.920	193.737	60.960	76.841
359.327	192.488	59.877	79.377
358.370	195.882	60.748	80.483
358.027	198.726	60.901	81.671
357.669	203.841	60.924	81.898
356.801	207.686	59.953	82.265
356.967	220.061	55.666	80.252
357.026	225.441	56.592	80.405
356.382	231.687	56.171	80.935
354.589	238.372	57.451	80.990
353.224	244.682	57.679	81.822
351.388	257.555	55.905	79.725
351.027	263.769	56.287	78.390
351.718	268.360	55.574	77.780
350.248	270.219	56.265	76.489
349.750	271.270	56.348	76.020
352.646	273.869	53.625	75.346
353.185	274.595	53.187	74.606
355.543	276.544	51.255	74.681
357.532	277.799	49.671	74.739
358.502	278.645	50.175	74.441
362.076	278.258	49.998	73.849
362.384	274.471	51.315	75.439
363.790	269.274	52.948	79.513
364.427	263.588	55.958	79.539
366.670	256.863	56.068	80.802
374.180	246.987	56.090	78.944
381.598	244.054	52.186	75.373
388.544	241.521	61.093	75.983
396.149	239.392	66.603	95.744
400.346	241.519	61.882	105.835
395.055	271.352	60.455	85.783
391.025	277.750	60.601	78.285
389.392	225.235	69.220	93.648
398.236	219.519	67.145	74.835
382.766	276.895	49.134	69.852
399.741	210.179	68.100	71.536
404.985	211.292	63.010	71.555
378.623	282.730	43.771	73.943
379.299	287.026	45.324	72.773
380.555	287.697	46.393	72.117
387.680	285.791	45.817	73.466
388.079	208.129	61.442	78.238
383.290	206.489	61.862	76.642
379.778	205.774	58.425	72.184
410.961	281.084	45.020	72.608
422.953	292.973	52.422	77.220
429.215	301.670	54.575	78.497
436.025	312.336	58.176	76.791
442.090	321.987	61.487	78.449
447.916	330.179	63.793	78.809
455.097	347.946	66.656	72.656
458.883	349.708	66.874	69.504
461.656	350.755	67.154	68.895
461.933	343.088	68.076	72.548
463.017	330.778	66.443	76.968
461.329	293.095	61.721	79.209
458.787	270.740	60.172	81.566
454.584	259.085	59.570	77.863
450.327	248.310	59.738	75.731
446.284	242.335	57.344	74.739
437.193	243.773	56.742	71.435
433.774	244.805	55.454	72.988
428.834	247.678	53.174	73.272
422.358	247.905	51.737	73.176
419.135	249.219	49.505	73.539
377.238	292.236	55.674	81.952
382.620	288.888	59.008	99.511
387.801	299.206	57.703	98.563
392.310	305.600	58.076	100.941
395.386	309.166	59.613	100.139
399.307	295.141	62.558	109.941
400.847	294.885	64.590	102.995
403.147	290.345	62.870	94.219
405.272	269.129	60.250	99.987
402.321	250.629	61.019	108.210
401.790	277.829	59.775	73.786
396.399	281.652	63.224	71.077
395.020	285.627	60.962	69.272
404.873	220.662	51.842	70.740
387.793	287.011	59.647	69.682
382.115	289.775	52.886	69.283
420.389	221.529	54.463	75.589
422.032	228.853	55.759	77.500
425.610	236.758	56.457	83.915
427.432	249.197	60.813	89.137
431.089	269.942	58.449	85.292
434.774	303.884	56.881	75.427
436.088	311.693	56.496	70.450
437.187	312.940	55.887	67.502
438.973	302.560	52.299	75.014
433.447	281.652	55.659	75.368
430.682	272.628	55.655	77.672
429.605	268.273	54.156	73.103
377.721	265.690	54.903	78.022
382.092	259.420	53.938	77.012
386.224	255.183	59.161	75.898
389.815	245.334	67.501	80.662
417.124	264.768	47.014	92.756
417.182	281.885	43.343	80.048
389.545	232.988	64.787	68.196
416.376	302.825	39.692	77.539
416.119	326.946	37.690	73.836
417.015	335.490	37.848	69.527
416.554	340.071	39.942	65.565
416.970	338.967	41.326	67.559
418.874	331.595	40.607	71.762
421.890	310.859	43.248	76.728
421.594	297.766	48.111	78.831
422.293	288.054	49.810	77.745
424.577	279.816	49.248	75.547
425.024	272.564	51.692	73.837
425.408	267.684	55.807	68.814
426.663	268.835	56.032	70.560
427.690	270.841	55.773	74.941
428.281	277.873	54.989	73.670
428.472	281.943	54.474	68.453
428.322	259.437	50.883	84.953
427.688	238.692	48.599	87.399
423.779	220.948	48.407	85.507
423.463	211.923	46.497	78.895
421.886	206.712	47.104	72.228
419.960	209.250	44.686	73.616
419.374	216.697	42.966	76.044
417.834	225.614	42.342	71.985
417.324	232.431	41.870	67.163
370.445	296.079	53.407	66.240
413.552	224.528	40.412	69.144
413.636	219.316	42.151	72.147
412.965	218.535	42.509	68.496
414.781	218.194	44.548	67.571
379.481	263.747	46.290	68.725
386.416	263.016	43.820	68.824
388.674	263.090	44.387	70.019
390.368	262.283	45.077	70.988
392.164	261.249	46.662	70.645
392.896	259.991	49.173	69.954
398.474	254.594	52.851	68.907
400.072	248.711	60.363	75.460
401.995	244.348	56.120	81.210
404.943	242.674	52.178	84.534
407.170	255.388	43.844	76.648
406.326	276.380	41.202	69.003
405.720	282.707	40.024	66.187
405.472	284.651	39.768	65.625
410.583	251.781	59.392	59.473
408.400	251.871	59.152	59.713
408.402	264.577	44.787	82.038
412.252	259.733	47.763	84.888
413.613	256.764	49.895	86.386
388.420	253.199	78.281	89.951
431.356	284.012	43.991	63.656
382.091	259.245	51.670	64.593
376.283	260.631	49.943	63.931
373.193	260.134	44.702	64.510
368.996	259.952	41.948	64.613
364.501	258.617	43.806	64.716
358.361	256.783	48.976	65.579
357.282	256.417	49.342	65.486
356.611	256.049	50.341	65.395
357.797	256.342	49.308	64.487
361.838	257.377	46.824	64.360
370.012	261.493	41.097	64.043
374.856	264.590	40.420	62.115
377.796	266.963	45.543	61.889
381.766	266.802	49.081	62.856
374.998	256.950	64.932	73.081
383.855	259.895	62.634	63.106
385.177	259.809	66.398	58.056
384.879	258.704	66.538	56.808
385.494	259.250	66.530	55.630
386.085	260.618	66.771	55.418
386.387	262.856	64.883	57.713
382.594	262.195	64.437	58.766
376.964	261.104	62.115	59.437
372.309	258.679	60.377	60.934
364.645	257.401	56.781	60.641
347.771	253.074	48.399	62.529
343.058	252.115	41.513	62.043
335.693	250.509	41.675	61.601
329.384	249.017	45.098	62.301
324.808	248.188	49.238	62.673
322.550	247.483	53.094	63.102
322.525	248.534	55.133	60.964
325.000	248.452	55.754	60.830
329.488	247.999	54.890	61.623
335.470	247.972	53.205	63.349
348.749	249.066	54.294	63.607
360.269	250.818	50.284	62.462
370.642	249.971	51.678	63.783
382.944	249.519	53.219	64.121
393.345	244.030	59.050	67.975
415.453	227.628	56.051	72.763
427.673	218.058	62.618	88.343
427.112	206.390	70.582	92.821
411.733	215.520	59.314	84.435
400.868	204.000	68.337	80.280
460.878	158.809	73.142	68.525
465.938	147.933	71.302	66.071
468.561	139.981	71.336	62.254
466.781	137.071	75.098	55.730
467.547	134.276	74.428	53.714
464.247	133.075	73.491	58.284
457.165	135.755	74.671	62.177
452.806	140.031	74.800	65.735
445.159	146.481	73.907	71.533
407.365	166.497	53.805	91.400
424.398	199.992	61.743	106.688
415.878	227.253	70.987	98.551
441.703	261.745	69.191	91.299
459.243	290.001	62.268	76.015
464.641	308.097	63.673	64.382
474.540	316.941	69.105	59.991
479.949	318.973	65.906	57.632
482.947	321.539	66.684	59.312
485.962	325.349	65.145	60.413
487.655	330.340	63.218	59.910
486.251	330.229	61.431	59.618
486.220	320.087	57.871	67.644
484.626	307.526	55.837	73.726
481.136	294.750	53.419	77.186
477.689	283.846	51.491	76.040
466.309	273.307	52.329	65.801
460.693	272.129	49.491	63.416
454.820	271.329	49.674	63.283
448.881	270.622	50.061	62.923
443.157	269.668	49.877	63.297
432.931	269.503	48.012	64.176
427.033	270.920	47.848	66.938
422.105	273.978	46.650	70.359
417.675	282.158	45.153	72.134
413.158	293.900	45.071	74.470
409.192	308.227	44.259	72.165
329.307	308.110	48.747	63.464
337.505	316.655	49.742	61.008
392.326	341.080	43.226	69.916
391.017	343.836	41.531	69.048
383.970	342.964	40.987	67.636
381.784	335.106	39.617	70.771
378.972	325.911	39.783	72.040
376.787	315.386	37.771	73.229
373.736	306.078	38.238	71.584
367.223	286.465	38.849	70.124
363.977	279.978	39.243	68.414
360.792	276.406	40.240	66.793
358.355	275.375	40.164	65.179
355.108	274.415	40.469	65.656
348.410	276.059	40.533	64.994
344.577	277.213	40.556	64.496
340.115	278.606	40.250	64.285
335.056	280.162	40.511	65.134
329.778	283.717	41.814	66.485
319.072	295.555	45.855	67.836
314.805	302.821	47.001	66.975
310.552	309.185	48.054	65.439
306.449	311.277	49.555	66.730
303.533	314.286	50.787	64.468
300.450	314.140	52.410	64.011
300.578	313.446	51.756	63.307
301.663	310.713	51.393	63.761
303.257	309.235	51.337	63.462
305.760	307.061	51.574	63.291
308.366	304.776	52.262	63.559
316.879	298.315	55.182	63.366
324.200	292.721	54.783	64.322
331.149	288.439	55.072	63.473
338.399	284.778	55.653	63.389
348.111	281.744	54.625	63.190
368.161	280.984	47.451	60.608
379.110	281.191	43.353	62.868
389.605	282.190	46.920	63.009
454.076	250.675	51.725	74.907
535.656	174.534	56.425	87.242
431.904	264.912	52.324	75.594
425.872	266.959	53.425	75.523
466.022	299.016	47.443	61.471
472.568	293.240	53.068	62.382
478.631	285.498	55.883	65.738
495.335	273.880	58.087	64.848
502.343	270.546	57.866	65.033
510.975	269.081	57.506	65.904
518.834	269.754	56.601	65.630
524.933	270.857	56.563	65.290
531.496	271.857	56.223	66.169
530.185	270.980	59.801	67.409
530.943	270.717	59.656	68.075
528.140	270.815	61.284	67.919
526.015	270.002	61.977	68.186
517.392	266.011	61.304	68.592
512.400	258.364	62.748	71.838
505.838	252.351	63.123	73.022
501.338	247.269	61.679	72.460
497.724	243.883	59.827	71.662
491.386	243.731	55.467	72.093
487.895	246.175	53.990	74.458
486.205	249.995	50.598	73.797
481.286	252.468	49.325	73.688
477.115	253.287	47.998	72.767
465.808	246.235	46.764	75.463
391.834	239.519	59.397	75.372
386.916	238.004	62.825	77.364
385.956	237.640	63.463	76.541
386.481	239.062	61.426	78.947
383.362	247.260	63.609	75.968
382.331	243.883	62.774	77.475
381.059	242.784	62.731	77.044
378.560	237.655	61.633	79.705
377.481	230.729	61.605	82.266
376.219	223.149	60.134	81.035
376.060	219.846	59.471	79.529
374.801	219.086	60.053	78.180
373.659	218.650	60.359	78.580
372.702	218.280	58.743	78.328
371.020	210.465	56.507	83.664
370.313	210.509	58.158	83.301
387.069	194.109	59.352	81.892
386.520	192.888	59.907	83.132
386.951	192.642	59.554	83.424
386.755	192.682	59.674	82.879
386.933	192.855	59.075	82.286
386.846	192.579	58.942	82.608
386.889	191.684	59.452	83.170
386.204	191.935	59.804	83.224
386.229	192.534	60.200	82.872
386.394	192.084	60.035	83.225
385.529	192.413	60.938	83.222
384.125	193.011	61.926	82.989
383.942	193.208	61.961	83.438
382.279	193.156	63.133	83.451
380.879	194.382	64.015	82.967
377.534	194.500	63.680	83.435
376.795	194.599	62.475	83.091
374.998	195.135	62.103	83.156
373.558	195.330	60.793	83.031
373.056	195.729	58.530	81.921
369.650	196.111	57.050	81.017
368.218	194.745	56.173	82.922
366.847	194.403	55.321	82.780
365.886	194.744	53.822	81.811
365.211	194.841	52.633	81.529
363.560	195.185	53.330	81.567
362.446	195.536	53.900	81.560
362.330	195.728	53.745	81.323
362.541	195.650	53.239	81.457
363.059	195.614	53.464	81.820
366.162	195.949	54.623	81.757
366.944	195.418	54.774	82.083
367.659	195.762	56.984	82.367
371.316	196.777	56.342	81.984
372.159	196.444	57.508	82.050
375.736	195.322	58.098	84.097
377.763	194.970	59.638	83.733
378.373	194.914	61.242	83.515
381.201	194.951	60.503	83.371
383.387	194.984	60.915	83.708
386.106	194.771	61.945	82.855
385.807	195.092	63.685	83.483
386.453	195.703	64.487	82.042
385.985	195.814	66.127	81.305
386.571	195.419	65.723	82.049
386.255	196.077	66.608	81.502
385.030	195.181	67.446	82.732
384.080	195.614	67.117	81.357
383.121	195.643	66.193	82.191
382.500	196.197	64.814	81.468
378.217	195.855	63.864	84.074
376.538	196.739	62.271	82.871
374.541	197.936	60.764	83.112
372.899	199.148	59.244	81.563
371.361	199.763	57.461	81.648
365.691	202.222	56.380	79.049
364.520	201.707	55.247	80.828
362.848	201.941	54.112	80.912
361.241	201.846	53.811	80.984
360.171	201.496	51.962	80.960
359.480	201.981	50.641	79.985
359.485	202.621	49.825	80.278
359.367	203.498	49.647	79.745
360.527	203.967	49.367	80.241
362.766	204.391	48.538	80.307
364.729	204.548	49.870	80.771
369.093	205.849	52.783	80.854
371.074	205.913	55.209	81.922
373.688	207.670	57.018	81.176
374.450	208.164	60.153	80.579
376.878	208.737	62.743	80.973
380.517	210.115	66.102	80.767
381.562	210.349	68.596	81.564
381.735	210.451	70.629	81.794
384.050	213.343	69.546	80.499
385.023	214.903	69.857	79.232
474.111	250.283	48.290	87.981
381.818	220.723	74.030	78.169
377.974	221.716	70.848	78.662
374.531	222.531	69.517	80.019
370.649	224.413	67.953	82.510
362.315	235.599	64.071	88.321
358.802	245.087	60.159	88.611
354.268	257.686	57.560	82.848
350.028	264.509	54.669	79.039
345.599	266.173	51.930	77.374
339.262	262.158	47.355	78.513
335.940	258.118	46.879	79.353
333.382	254.188	47.047	80.254
331.863	250.806	48.998	80.128
331.259	247.456	49.650	80.862
334.404	243.354	49.777	79.450
337.395	242.547	49.513	79.081
341.518	242.245	49.084	78.309
346.731	242.207	48.325	77.694
352.176	243.014	47.609	79.255
361.176	247.664	57.431	80.504
366.730	248.297	61.393	79.331
370.920	245.737	65.670	81.638
373.625	241.169	71.316	83.179
371.062	230.836	85.646	89.337
390.734	226.679	77.473	87.421
404.652	230.354	69.293	110.153
385.659	228.280	95.770	116.283
394.070	228.090	80.468	108.731
394.043	230.781	80.181	102.839
386.131	228.869	82.629	100.466
380.540	233.407	77.319	93.587
373.974	234.281	78.995	78.514
368.204	235.313	71.671	81.808
361.194	241.781	75.628	81.906
338.812	252.732	73.897	87.304
330.609	262.618	70.389	84.823
321.425	268.713	63.906	84.264
311.522	274.078	61.541	83.428
301.855	276.426	59.737	80.693
284.141	275.656	52.722	81.124
275.190	274.024	53.909	80.528
268.428	270.808	52.592	81.825
263.284	265.280	53.575	84.128
260.850	260.095	55.220	85.378
261.782	251.548	56.746	85.357
265.298	251.032	57.619	82.842
270.729	251.116	58.299	83.432
278.901	253.215	55.366	84.088
287.994	255.851	50.750	82.671
297.916	258.935	56.456	80.265
303.923	253.540	60.646	84.570
308.706	246.954	64.652	86.052
315.073	239.528	65.810	87.950
321.402	235.470	66.700	86.582
331.888	231.775	67.300	84.824
337.373	231.856	67.678	84.073
341.295	231.782	68.140	84.678
343.892	229.742	69.008	85.656
345.570	226.027	69.561	87.461
344.700	218.742	70.088	87.745
343.798	216.276	71.224	85.640
341.926	213.892	71.273	85.454
336.943	211.371	76.265	84.946
333.284	209.965	78.444	85.666
326.730	212.721	78.315	86.722
320.584	214.874	81.715	88.093
316.239	217.891	81.460	87.945
312.776	219.942	79.815	88.517
310.363	221.056	77.574	87.724
305.421	223.206	73.042	87.839
305.413	223.237	67.735	87.501
304.873	225.219	63.309	87.064
304.579	228.794	60.089	87.705
306.510	233.680	57.079	89.621
309.502	252.091	53.146	91.743
310.017	262.900	51.908	88.435
309.961	271.136	50.784	85.923
309.644	274.426	50.261	83.895
309.321	275.125	50.291	83.684
311.913	270.698	51.396	84.331
313.487	269.253	53.834	84.922
315.521	269.426	56.572	84.399
317.484	270.290	58.276	85.241
320.365	272.074	59.267	86.336
325.729	275.421	61.884	86.101
327.739	274.719	63.002	86.719
331.334	270.977	62.892	89.008
332.826	264.622	63.971	91.232
334.755	258.573	65.091	91.510
338.181	246.212	70.328	93.847
340.915	239.178	70.890	95.098
343.642	232.385	71.588	95.551
345.092	224.825	71.907	96.648
346.371	218.740	72.748	96.823
347.364	207.528	74.889	96.202
346.922	203.797	76.309	93.379
347.144	201.538	76.598	91.506
348.034	199.545	76.372	91.389
345.417	199.451	78.969	92.148
342.382	207.840	78.972	92.650
340.148	213.567	78.453	93.548
335.621	219.564	81.792	94.060
332.472	227.323	80.331	93.163
328.785	235.420	78.682	91.766
320.704	247.670	73.379	89.693
315.269	254.589	70.304	87.446
310.389	258.224	69.100	87.646
305.309	261.282	66.807	87.767
300.851	263.654	60.666	87.985
292.553	267.225	52.781	87.672
288.766	269.260	50.782	85.406
285.850	269.559	50.330	86.138
282.786	269.592	51.425	86.034
281.058	268.921	51.460	86.897
280.195	272.100	52.440	87.897
282.489	275.231	52.656	87.846
285.621	277.750	52.670	87.717
291.091	279.567	51.424	86.618
296.890	281.588	50.914	85.219
309.115	283.705	53.866	86.335
317.367	284.567	55.683	85.820
325.426	283.744	59.497	87.410
333.578	282.599	63.088	88.942
342.661	280.887	65.715	90.149
349.976	276.727	69.943	91.780
365.987	268.888	74.493	92.430
371.821	263.323	77.952	94.768
378.429	256.962	78.043	95.692
384.720	251.678	76.130	96.111
391.515	237.045	70.018	102.921
394.730	228.673	70.905	100.570
395.022	221.669	72.545	95.134
394.623	213.263	76.246	95.190
393.328	207.069	79.696	92.473
387.609	196.801	84.924	92.359
384.750	193.375	82.105	91.426
381.471	191.777	81.555	90.755
377.490	191.858	81.605	92.230
372.037	192.505	81.772	95.149
360.356	199.399	80.527	97.161
351.959	203.826	79.848	97.992
343.740	207.954	80.973	99.864
337.189	214.322	77.027	99.116
331.108	219.692	73.125	97.741
318.492	232.549	67.459	94.995
311.548	238.286	64.567	94.047
305.270	243.928	59.801	93.676
299.178	249.083	57.140	93.967
293.981	255.121	55.765	94.118
290.153	260.718	54.928	94.301
284.031	271.074	55.187	94.481
283.382	275.389	53.928	94.371
283.307	279.898	53.498	93.493
285.285	283.222	52.961	92.188
287.596	285.720	53.733	92.260
295.446	287.495	54.813	93.170
300.425	287.903	57.402	92.812
306.455	286.453	59.909	94.523
311.181	284.129	65.765	95.501
323.612	275.077	72.726	100.738
330.506	271.357	75.312	102.202
337.184	266.101	77.830	102.496
343.837	261.814	74.578	100.132
348.537	255.708	70.728	101.437
368.902	255.226	77.484	104.695
365.583	233.454	80.457	130.295
360.609	227.443	84.979	132.820
364.384	221.264	82.015	132.852
359.844	216.167	89.322	99.906
379.106	237.825	62.193	130.396
378.499	228.951	63.337	130.054
385.881	280.289	56.916	90.143
390.268	284.421	55.929	86.237
395.798	284.002	55.814	87.250
401.320	278.625	56.557	92.724
417.399	274.824	56.177	96.999
424.503	274.415	61.182	95.139
431.523	273.018	64.565	94.467
437.654	271.547	70.006	94.397
444.971	267.451	72.622	95.704
460.795	260.913	77.819	95.375
466.537	254.974	81.088	96.590
472.409	251.230	81.882	95.140
475.357	245.809	84.178	95.372
478.946	241.361	84.550	95.314
482.332	233.998	85.981	94.665
480.451	231.401	87.786	93.368
481.383	229.735	86.817	93.140
481.666	228.051	85.839	93.488
478.794	227.506	84.158	92.949
473.760	229.597	79.639	95.822
470.036	231.427	78.445	96.156
465.391	233.706	76.684	96.423
460.709	236.731	74.910	96.621
455.138	240.152	73.389	95.757
443.064	244.495	71.216	96.203
436.932	247.269	69.373	96.710
429.364	249.127	69.935	97.023
424.542	251.264	68.651	98.602
422.756	254.477	62.801	97.353
417.103	258.861	56.285	99.289
382.062	231.653	77.353	115.397
390.421	226.690	89.693	118.498
394.810	222.637	84.528	102.221
409.407	218.643	95.999	100.061
417.438	212.653	102.940	94.595
411.335	212.021	105.995	94.600
408.398	209.309	108.156	97.190
407.016	212.472	108.133	94.287
402.834	212.780	102.264	96.355
391.127	220.017	89.062	100.285
429.799	255.062	72.040	120.014
447.702	273.685	63.087	102.370
366.746	231.505	95.395	109.466
465.583	275.113	68.841	101.486
486.970	278.688	74.870	102.550
496.539	277.163	82.251	104.506
506.231	282.214	84.219	99.456
516.481	284.086	85.822	97.527
528.116	285.764	85.557	96.583
544.928	285.958	90.224	96.596
552.629	287.341	90.017	94.760
557.854	288.465	90.137	93.066
561.098	288.578	91.783	92.640
560.708	287.971	94.143	93.464
561.296	288.920	95.008	92.251
558.182	291.038	97.419	90.133
554.639	291.199	96.743	91.588
549.468	291.582	97.569	92.081
542.740	291.049	97.289	94.878
528.817	292.096	90.677	96.732
520.383	289.807	86.590	99.618
509.891	289.281	84.603	99.230
499.265	287.686	84.402	99.716
489.191	285.487	78.141	100.547
467.500	282.658	74.758	100.078
457.125	287.227	68.841	93.094
437.185	243.984	81.166	130.345
429.795	218.000	111.913	112.641
446.789	213.251	114.334	101.964
411.311	262.286	70.165	105.342
409.195	261.496	66.675	103.108
406.769	260.034	67.642	103.872
406.758	257.747	67.294	105.957
407.161	257.612	69.160	105.346
414.607	259.402	69.751	107.123
431.602	240.296	101.364	117.589
427.689	222.764	108.151	130.985
410.015	218.875	127.187	155.568
401.128	230.356	97.635	121.462
368.262	243.319	104.945	107.871
352.982	245.441	99.940	107.802
339.074	246.897	91.298	110.985
326.713	250.195	84.297	108.397
301.574	251.891	82.897	106.613
265.116	251.798	76.101	106.805
250.809	252.351	76.835	104.738
238.008	250.607	79.343	105.841
228.801	249.841	82.300	105.993
223.027	249.502	82.922	105.721
218.873	248.647	82.535	106.464
220.267	248.078	81.800	106.726
224.116	248.071	82.826	107.666
229.976	249.093	82.849	108.839
238.794	251.665	81.345	108.923
264.080	256.198	77.345	108.445
280.409	257.207	74.807	108.227
296.359	258.420	80.279	107.711
312.292	258.781	86.050	106.794
329.637	257.296	90.027	107.399
352.842	251.176	104.213	109.931
374.983	245.985	102.394	113.544
393.267	242.500	104.876	112.265
407.685	237.682	103.173	112.843
423.727	233.481	98.557	114.189
454.804	227.979	87.960	111.814
468.761	225.276	79.413	110.383
486.505	222.902	89.236	115.195
493.750	219.263	92.973	123.617
505.784	218.229	85.042	117.969
528.922	214.933	76.253	110.325
531.900	213.593	87.444	111.662
546.395	212.026	82.332	111.509
554.143	210.804	82.276	111.121
561.962	211.206	81.808	109.884
573.383	211.209	80.354	109.764
576.780	212.137	81.267	109.931
579.781	211.586	82.809	112.067
581.331	211.579	84.456	113.090
580.921	211.650	87.239	112.542
582.436	211.846	88.477	113.249
581.243	213.010	89.983	112.564
578.780	213.895	91.097	112.376
574.977	215.583	92.445	111.460
569.588	217.242	93.868	111.272
555.261	221.764	97.539	110.213
545.319	224.194	100.928	110.737
534.882	225.767	101.433	112.801
524.506	228.494	99.431	113.268
511.261	230.781	99.921	112.026
488.425	234.900	90.664	133.387
465.392	234.274	95.916	119.809
455.997	239.454	90.896	111.943
526.902	268.160	89.071	99.762
535.552	266.192	87.068	97.495
548.919	258.795	86.774	100.807
555.174	255.205	87.389	102.404
560.019	252.650	86.280	101.957
564.996	249.415	83.044	103.022
566.752	245.030	80.525	103.261
567.685	236.816	78.941	104.460
566.421	232.614	79.944	104.685
564.138	228.090	78.737	105.083
561.484	222.595	78.472	107.121
558.144	218.207	76.507	107.119
551.169	208.244	76.005	107.652
547.555	199.059	77.687	112.554
541.705	194.834	75.272	111.748
533.208	189.044	76.710	111.877
526.767	185.117	75.772	111.954
515.695	177.458	75.063	109.713
515.986	173.166	74.731	109.597
405.474	168.042	90.376	112.752
405.946	164.748	89.192	113.556
412.690	161.667	86.713	113.095
418.795	156.828	83.826	112.014
423.946	155.450	76.838	109.214
427.423	154.195	72.890	109.245
428.965	153.284	71.579	107.060
427.996	153.138	75.846	105.821
429.495	153.067	74.064	106.126
430.023	153.067	73.563	106.445
430.341	152.555	71.671	107.215
428.446	152.576	69.977	107.336
427.311	151.611	67.505	109.023
426.501	151.290	66.625	110.160
426.008	151.601	67.468	110.906
424.880	151.886	69.582	110.736
425.260	152.139	69.992	110.887
425.025	153.034	70.586	109.766
425.449	153.758	70.763	109.284
426.175	154.149	71.726	108.088
427.432	154.715	70.460	108.181
427.007	155.138	71.766	107.775
427.566	155.860	71.127	107.773
428.877	156.284	70.577	107.213
429.090	156.657	71.402	107.161
430.067	156.504	70.387	107.774
431.220	156.384	69.833	107.619
431.263	156.329	71.350	107.905
432.366	156.781	71.259	108.200
432.916	156.837	73.388	108.168
432.775	157.196	75.432	107.360
433.323	157.704	75.717	106.417
433.340	157.565	75.698	106.952
433.691	158.777	76.039	105.395
434.310	160.194	75.519	105.131
435.099	161.627	74.502	104.894
435.063	163.049	73.832	105.164
434.809	165.034	72.805	104.061
432.964	165.800	72.280	104.871
432.806	167.433	70.762	104.889
432.521	167.400	68.917	104.997
433.419	167.998	67.815	104.865
434.223	168.085	66.246	105.287
434.686	167.971	66.556	104.182
435.641	168.122	71.884	103.679
435.403	167.257	79.561	103.932
435.885	166.917	77.972	104.456
436.687	166.777	77.128	104.414
434.689	165.339	77.323	106.594
436.447	163.209	68.163	108.377
435.668	164.136	69.830	107.711
432.646	164.337	72.237	108.034
430.421	163.852	75.042	108.907
428.025	163.134	77.489	109.658
422.978	161.157	80.571	111.679
423.096	159.944	80.350	114.181
421.142	159.510	82.068	115.713
420.095	157.664	82.323	117.657
416.324	156.333	85.191	118.767
412.444	156.345	86.565	118.284
409.909	155.907	88.256	118.957
408.914	155.268	88.523	120.255
407.155	155.221	89.214	120.308
403.100	154.518	92.257	120.573
397.985	153.352	95.507	120.331
395.318	152.322	97.570	120.259
392.333	150.810	99.848	121.615
390.341	150.289	101.306	121.941
389.484	150.081	102.799	122.680
388.410	151.004	102.538	120.732
386.738	150.389	103.986	121.807
385.863	150.644	104.714	121.594
385.590	150.828	104.215	121.087
386.691	151.129	103.696	125.640
388.124	151.140	100.555	125.240
387.876	151.305	99.667	126.172
389.595	151.775	97.214	125.996
390.888	152.110	96.607	127.322
390.969	152.929	95.954	126.219
391.620	153.203	93.508	125.404
391.659	153.840	91.345	124.871
391.593	154.885	90.291	123.482
392.254	156.014	88.136	122.259
391.217	156.295	87.242	123.158
389.115	158.031	86.557	123.949
388.096	158.716	86.258	123.677
386.749	158.777	86.689	124.150
386.271	159.965	86.891	123.914
385.487	160.214	86.587	123.274
384.166	159.919	86.432	124.299
383.160	160.214	86.811	123.514
381.118	159.486	87.550	124.721
380.792	159.359	87.464	123.945
380.333	159.145	87.145	123.988
378.640	158.167	85.577	124.763
376.315	157.283	86.113	125.192
377.237	157.060	84.015	124.980
377.652	157.482	82.055	124.268
377.133	157.448	80.157	124.548
375.205	158.900	78.320	122.665
373.509	158.771	78.935	123.536
372.205	159.108	79.022	123.269
371.837	159.815	78.029	122.206
372.364	159.548	76.217	122.985
372.811	159.756	73.224	122.813
373.049	161.335	71.704	121.590
373.403	162.541	70.726	121.442
373.240	164.960	70.009	120.306
373.405	165.825	69.711	120.632
372.960	167.391	70.130	119.403
374.157	169.906	69.534	116.273
374.651	169.402	70.780	117.307
374.942	170.063	72.881	116.829
375.221	171.127	75.292	116.003
374.377	172.965	81.225	114.324
373.155	174.068	86.804	115.307
372.731	172.547	88.524	113.554
372.316	171.577	83.192	110.371
372.717	173.839	89.948	109.310
372.645	177.035	99.745	110.686
373.328	179.559	103.185	113.271
369.909	178.859	99.332	106.274
372.624	182.401	104.934	111.764
371.068	180.162	100.159	109.200
376.846	186.325	93.405	112.047
381.972	188.287	91.399	111.544
381.899	188.631	82.196	111.449
385.554	191.902	82.590	116.522
388.768	192.873	76.281	119.193
390.672	195.718	69.456	119.255
389.344	198.508	72.664	114.813
388.266	201.098	77.307	113.569
386.860	204.518	82.172	109.961
386.981	205.743	81.967	107.797
420.643	204.418	78.406	101.928
419.493	207.865	78.521	97.558
422.334	208.845	77.613	97.204
424.547	209.731	76.094	96.794
427.305	209.949	76.454	97.099
425.879	212.094	70.302	95.402
410.156	214.389	78.308	93.515
388.612	216.165	67.535	101.675
394.856	216.686	79.172	100.479
395.735	216.870	78.830	101.617
405.230	217.318	64.707	99.363
408.751	216.597	62.287	98.851
406.633	216.316	68.228	98.645
403.432	216.318	75.923	97.329
402.324	216.344	80.785	96.974
397.810	216.644	91.354	94.955
394.150	216.140	97.131	95.524
381.073	217.037	86.605	93.616
377.162	216.819	90.399	92.767
376.867	217.536	88.557	91.995
377.247	217.544	79.523	92.076
372.889	217.180	82.109	91.369
371.307	218.194	80.062	90.115
369.923	200.067	119.396	118.932
368.269	200.070	120.864	117.785
367.365	217.340	80.538	90.178
365.997	200.061	116.618	116.752
368.607	214.655	74.236	93.344
386.372	210.981	111.561	103.394
379.051	214.930	90.895	92.419
397.289	214.535	81.385	94.379
399.268	215.356	77.840	93.854
404.098	215.310	69.671	94.690
403.735	215.109	65.297	94.583
397.971	216.002	73.941	95.591
388.678	217.307	82.646	96.136
382.098	217.850	77.650	95.984
379.317	216.278	107.196	97.895
422.485	217.555	88.190	89.472
373.963	221.593	62.901	95.075
372.610	223.543	56.864	96.328
419.638	215.277	86.152	89.422
371.530	228.646	58.687	94.555
376.355	229.044	55.243	94.313
376.079	228.519	60.467	95.480
388.530	227.924	63.859	98.161
393.400	230.895	65.019	95.940
393.645	232.365	62.784	94.986
387.348	233.100	73.895	94.810
378.124	233.010	76.408	90.236
371.847	235.172	81.047	89.338
366.560	236.902	103.005	87.864
363.642	237.318	85.958	87.666
359.378	234.061	108.715	92.369
364.469	233.917	106.145	93.207
365.203	232.258	92.211	92.487
371.073	230.195	110.463	96.737
400.385	232.303	83.206	98.979
378.418	226.692	63.827	94.559
384.774	227.711	72.202	91.848
392.233	228.056	66.847	93.381
391.122	229.981	71.146	102.771
386.166	232.439	79.947	98.827
384.098	234.435	78.258	96.418
381.688	238.028	67.063	92.158
378.789	240.384	59.372	88.059
420.335	226.558	74.338	86.416
368.218	238.388	60.535	88.704
365.388	236.048	64.934	91.697
417.598	231.212	68.811	86.015
362.764	235.506	64.669	90.932
368.819	238.195	61.871	87.323
376.888	237.550	70.483	88.630
379.527	237.497	67.809	88.162
371.704	237.021	74.108	89.112
366.010	236.816	82.169	89.852
340.146	236.989	93.833	84.809
333.606	238.273	102.445	81.036
329.902	238.726	101.749	78.943
331.037	238.211	97.283	78.217
331.369	237.682	93.852	77.752
331.133	237.830	92.258	76.973
332.277	237.114	88.083	77.714
332.033	236.317	86.793	78.974
332.010	236.441	87.607	78.798
332.733	236.577	85.664	78.539
335.305	237.943	83.029	77.163
338.351	237.201	80.016	77.689
341.514	237.394	80.360	78.347
349.411	237.121	86.787	79.710
364.573	236.994	88.519	84.019
383.410	237.510	66.005	86.999
384.445	238.158	64.013	86.305
381.971	237.514	70.292	86.760
380.241	236.328	68.770	87.273
375.380	235.086	62.886	86.954
411.782	225.824	83.032	82.414
367.211	232.926	57.503	88.811
366.492	232.136	57.190	89.446
365.721	232.555	56.100	88.463
368.539	232.352	54.214	87.865
372.849	232.285	51.736	86.457
376.074	229.678	54.154	88.301
378.619	227.042	62.189	89.348
380.881	224.566	67.941	90.458
383.224	223.075	62.728	91.087
377.153	219.687	76.086	88.829
374.639	218.907	85.150	90.639
364.472	218.957	89.736	89.467
388.547	221.567	79.664	90.405
382.092	219.016	85.650	92.563
355.624	211.702	115.134	102.169
387.899	223.479	79.353	87.806
397.771	224.863	67.389	86.388
400.472	227.413	64.663	83.991
400.546	226.881	64.717	85.412
398.819	227.529	60.965	86.129
397.700	228.862	60.885	84.538
396.443	228.306	58.920	84.950
391.871	225.610	60.264	87.517
386.318	222.983	64.898	88.726
373.536	218.225	63.836	90.111
378.449	218.074	59.071	92.772
378.337	218.702	55.660	93.474
376.439	219.818	63.998	91.912
375.146	220.228	71.277	91.266
376.201	219.878	71.946	90.549
374.324	219.916	70.575	89.690
394.423	216.948	73.148	84.034
395.686	218.620	75.586	82.450
385.513	219.475	87.770	82.783
399.811	219.828	69.982	83.434
392.572	220.167	79.824	84.043
396.018	220.459	71.640	85.402
379.130	223.642	65.783	89.300
382.351	224.283	66.289	90.250
387.624	223.585	68.258	91.570
388.117	224.497	69.818	91.410
388.714	225.522	69.526	91.492
389.645	225.538	68.221	92.067
391.308	226.314	66.832	91.729
392.706	226.441	65.615	91.532
392.529	226.198	65.945	92.673
392.940	226.378	66.068	91.436
392.231	226.181	67.356	92.022
392.798	226.279	67.286	91.878
392.780	225.793	66.776	90.651
393.047	225.806	66.319	90.713
391.126	226.049	66.417	90.093
390.591	226.751	67.170	89.418
390.336	226.444	64.725	89.603
388.683	226.389	61.108	88.784
386.591	227.288	62.952	87.635
385.903	226.219	61.971	88.758
384.727	226.436	61.307	88.125
383.583	226.250	60.592	88.386
382.190	225.603	62.150	88.319
382.282	224.871	60.891	89.526
382.255	224.954	61.713	89.341
381.226	223.517	62.472	90.346
380.927	222.874	62.594	92.039
380.558	222.361	63.535	94.049
379.005	221.916	65.745	95.215
378.421	221.698	66.988	95.741
377.831	221.388	67.512	95.407
377.913	220.941	66.958	95.530
376.845	220.426	66.644	95.089
377.302	220.190	65.507	94.418
377.298	220.408	65.107	93.772
376.880	220.519	65.037	93.370
376.316	220.075	65.391	93.547
375.239	219.434	62.806	93.248
375.110	218.606	60.621	94.272
374.424	219.854	60.003	92.977
374.432	220.812	60.676	91.078
372.372	221.672	62.963	90.819
370.500	223.409	68.385	89.661
369.574	223.817	70.258	90.288
368.499	224.343	73.322	90.846
366.101	225.619	78.560	88.883
362.702	226.915	86.812	86.890
377.961	229.003	78.577	83.237
394.509	228.524	69.838	81.888
399.923	229.896	68.927	79.842
402.597	230.520	68.205	79.474
348.999	233.081	66.076	81.819
349.676	232.820	57.382	80.978
346.959	231.665	56.299	82.117
345.065	230.584	56.465	82.362
343.292	230.497	57.003	82.095
341.847	230.090	57.114	81.928
339.336	228.770	58.086	82.220
338.275	228.710	58.370	82.410
337.093	228.630	58.967	82.603
422.904	232.626	59.663	82.579
335.070	227.961	59.080	83.404
335.415	228.572	57.172	82.569
335.394	228.803	56.408	82.754
335.652	229.410	56.004	81.828
336.159	230.258	55.649	81.020
337.106	230.371	54.304	80.855
338.815	232.461	53.103	80.112
339.146	232.909	53.606	80.592
342.928	234.435	51.311	79.302
342.203	234.239	52.811	80.437
346.307	235.725	51.196	79.372
350.223	236.710	52.340	79.166
349.808	235.704	54.223	80.699
354.397	235.887	52.121	80.460
355.582	236.442	53.667	80.072
359.405	236.263	51.633	80.764
363.158	239.008	50.617	78.437
362.907	239.308	51.086	79.706
364.107	239.962	51.237	79.053
365.403	240.460	51.109	80.062
364.191	242.441	52.488	78.447
363.897	242.842	53.078	78.825
361.810	246.215	55.500	76.263
360.279	246.151	56.167	77.733
359.660	246.746	55.784	77.280
358.422	247.814	56.750	76.400
356.549	245.524	55.558	76.365
356.274	244.129	54.473	76.472
357.541	244.202	52.567	76.656
357.620	243.266	50.658	76.714
357.845	242.690	49.347	76.605
358.055	242.757	48.738	75.746
358.251	242.311	47.494	76.427
358.227	242.164	47.764	76.184
358.441	242.472	47.490	77.261
358.519	243.170	48.211	77.393
357.735	243.940	49.492	77.370
357.890	246.707	53.629	76.564
356.760	249.305	55.874	76.260
359.269	250.896	55.506	76.204
359.789	251.057	55.962	76.439
362.674	251.994	54.184	77.548
368.780	252.557	50.045	76.985
368.246	252.268	51.053	77.209
370.525	252.095	49.239	76.033
370.447	251.930	49.514	76.026
370.597	250.342	49.331	76.806
368.287	249.542	52.842	75.391
368.590	248.489	54.007	75.731
369.681	246.561	53.420	76.079
370.764	244.727	52.848	76.488
372.357	242.635	52.138	75.859
374.554	240.162	51.438	75.073
374.591	239.156	52.099	75.432
449.042	243.797	61.046	76.007
374.327	237.835	53.775	74.899
374.349	237.847	55.223	74.672
373.760	238.793	56.739	73.710
375.820	239.516	54.972	73.771
375.339	238.946	54.875	74.359
376.214	239.360	54.241	73.738
376.541	239.929	54.033	73.725
377.590	237.888	52.273	74.094
378.276	236.101	51.608	74.060
378.226	231.933	51.301	75.270
378.789	229.844	51.632	74.714
379.472	226.194	50.851	74.895
381.840	218.063	49.539	75.918
383.696	216.528	48.040	74.496
383.061	213.002	48.706	75.115
385.905	211.870	47.595	73.967
386.504	209.460	47.070	74.261
390.482	208.645	46.505	71.930
389.739	207.837	47.709	73.008
436.632	208.001	45.550	70.378
435.852	205.801	46.673	71.659
394.039	207.942	48.419	72.717
392.561	208.152	55.543	73.309
396.395	207.298	63.099	73.339
396.367	206.032	67.259	73.074
395.655	204.901	63.164	74.086
396.120	204.623	66.614	73.894
396.547	204.419	62.389	73.906
396.668	204.751	68.975	73.063
397.077	204.730	68.285	73.140
397.090	205.027	67.389	72.751
396.631	205.431	66.735	72.314
396.322	206.233	66.556	73.084
395.878	206.358	66.617	73.440
396.541	207.831	69.300	73.762
396.327	207.283	68.478	75.851
396.208	206.836	68.872	76.733
396.261	206.983	68.236	80.647
396.474	207.728	63.374	80.508
399.225	208.858	62.200	81.105
399.878	208.735	63.476	85.750
398.642	210.191	63.574	84.908
398.237	215.060	62.205	82.228
399.770	216.451	59.817	80.872
397.783	217.651	61.831	79.531
394.296	220.277	64.677	75.685
391.395	223.509	67.477	71.732
386.776	221.981	73.390	75.592
385.821	221.860	74.835	78.114
390.550	220.932	70.948	79.860
416.648	218.104	48.671	74.190
418.119	216.543	49.112	70.229
418.320	213.470	51.249	70.073
417.630	212.385	52.700	69.254
417.392	212.420	52.938	68.525
417.461	211.614	54.116	68.896
417.004	211.542	54.997	68.475
416.862	213.451	55.110	68.262
416.754	215.341	55.365	68.148
417.539	217.097	54.133	67.756
417.680	219.317	53.749	68.605
417.646	221.899	53.093	67.754
417.165	226.130	52.360	69.981
417.788	226.883	51.076	70.382
417.197	228.927	50.566	71.290
416.657	231.998	49.595	70.657
415.321	234.211	50.503	69.687
414.084	238.117	49.180	69.257
413.113	238.390	50.283	69.424
412.294	240.161	50.744	68.151
411.737	240.120	50.451	69.068
411.652	240.941	50.276	69.200
411.717	241.166	50.157	69.498
412.036	241.802	50.057	69.133
412.901	241.933	50.507	69.255
413.504	242.576	50.677	69.005
414.411	242.802	50.460	68.997
415.901	243.079	50.878	68.754
416.193	243.020	51.874	68.644
414.268	241.739	54.189	69.142
414.381	240.896	55.118	69.219
414.934	238.183	55.442	69.998
417.084	234.670	53.169	71.108
416.864	233.745	53.216	70.308
415.375	232.119	53.399	69.299
416.019	230.885	51.617	69.264
416.013	230.211	49.660	68.528
412.936	226.669	47.745	69.441
410.615	224.658	48.066	69.788
411.056	224.229	47.926	68.835
409.280	222.558	45.856	69.203
407.949	220.347	45.959	69.758
407.321	219.076	43.706	67.754
405.342	217.648	45.497	67.313
401.113	216.139	48.065	68.771
389.359	214.905	61.112	70.473
375.928	212.943	67.618	72.126
377.367	210.201	74.525	73.640
378.852	209.138	73.601	74.262
379.553	207.908	72.952	75.013
379.950	206.436	73.524	76.614
381.529	206.647	72.475	76.471
383.635	203.805	67.671	80.043
384.076	204.751	60.388	80.522
384.093	204.430	62.404	81.356
385.316	206.270	56.440	80.102
385.763	206.426	58.563	80.019
387.097	205.612	58.809	82.043
388.473	207.051	56.912	80.659
389.575	207.990	57.639	79.585
390.560	208.324	54.807	79.494
392.756	210.438	59.471	76.773
395.191	211.861	64.866	73.197
396.758	214.164	65.904	70.304
398.067	213.380	66.476	70.100
400.616	212.839	65.161	71.795
403.627	210.154	63.053	74.994
408.201	208.194	61.035	78.669
406.845	203.697	63.532	82.512
416.470	205.688	54.408	82.714
429.106	214.658	43.035	76.369
432.452	220.681	41.691	70.958
431.352	219.480	43.263	70.062
432.934	220.348	43.592	68.726
432.132	219.460	44.059	69.217
431.592	218.255	44.180	69.584
432.215	217.085	42.957	69.161
426.837	215.254	47.247	67.548
411.963	211.483	60.011	70.113
410.124	211.401	61.235	69.631
404.756	211.061	66.075	69.362
403.228	207.631	67.217	73.972
402.912	206.710	55.348	76.461
401.810	208.974	50.993	75.859
401.101	209.117	52.790	74.920
401.417	208.687	53.822	75.853
401.437	207.429	55.098	76.121
401.549	207.254	56.056	76.078
402.066	207.189	64.087	74.571
403.477	207.169	66.428	74.394
403.794	207.877	67.781	73.077
403.886	208.470	68.782	72.001
403.817	208.874	69.664	70.981
403.827	209.130	69.893	70.725
404.152	210.140	69.705	69.434
404.578	210.837	69.033	68.704
405.455	211.315	68.255	68.119
405.379	211.485	68.453	68.669
405.447	211.377	68.499	69.641
405.553	211.880	68.097	69.735
405.693	213.356	67.776	68.920
405.588	213.401	68.313	69.334
406.105	214.560	68.421	68.475
406.798	215.111	68.517	68.529
407.658	215.588	68.106	68.313
407.649	215.613	68.536	68.481
408.007	216.699	68.494	67.478
407.565	216.344	69.131	67.946
407.739	216.200	69.208	68.976
407.342	216.693	69.809	68.735
406.643	217.458	70.412	68.411
406.060	217.449	70.212	68.721
405.029	218.741	70.486	67.799
403.416	219.287	69.398	67.772
402.609	219.728	69.780	67.230
401.116	221.381	69.530	66.202
399.428	220.450	68.744	67.662
397.700	222.065	69.429	66.485
392.692	224.183	69.556	66.017
391.525	225.231	69.224	65.435
389.106	225.694	69.471	65.681
386.569	226.714	69.595	65.462
383.498	226.391	69.864	66.167
376.550	229.234	70.420	65.197
374.047	229.624	68.867	64.821
369.914	229.664	69.317	64.600
366.816	230.797	68.737	63.339
363.151	231.385	68.349	62.559
356.975	232.649	65.908	61.058
354.165	231.068	65.238	62.611
351.556	230.577	65.002	63.314
349.962	230.643	64.134	63.375
348.158	230.756	63.472	63.014
346.252	231.353	63.146	62.505
346.081	231.942	62.538	62.375
346.355	231.902	61.764	62.747
347.585	232.647	59.912	62.772
349.554	233.127	59.677	62.392
354.052	234.847	64.512	61.509
357.569	234.462	65.079	62.898
362.404	235.261	63.980	63.700
366.404	235.267	66.291	64.753
372.178	236.196	67.005	64.335
383.847	232.237	67.452	68.988
390.804	232.860	69.648	69.060
395.523	229.678	74.039	71.766
402.300	227.583	74.222	72.867
407.873	226.199	76.590	72.285
420.871	221.068	77.145	73.870
422.293	220.083	81.528	72.738
426.071	217.561	82.319	73.605
429.369	214.405	83.249	74.983
432.911	216.060	82.014	71.708
436.018	213.861	81.220	71.942
438.051	216.371	80.173	68.942
438.493	215.060	79.833	70.002
436.980	214.961	79.842	69.717
434.849	215.072	80.283	70.573
427.986	216.474	79.674	72.233
424.434	219.480	79.304	70.771
419.460	221.559	79.643	70.846
414.997	222.246	77.709	72.383
410.154	222.635	76.637	73.220
398.492	228.349	75.326	70.702
393.306	229.781	74.297	69.650
386.894	232.254	74.759	67.593
382.124	233.261	72.391	66.233
376.698	234.648	71.193	64.513
366.584	235.498	68.202	62.616
362.179	234.034	66.927	62.748
358.310	233.613	63.944	61.589
355.379	230.754	62.859	63.584
352.618	229.324	62.180	63.998
348.270	228.959	62.919	63.120
346.458	227.492	63.904	63.587
345.240	228.401	64.071	62.922
346.184	228.314	63.004	62.540
346.537	228.795	62.367	62.770
349.404	228.018	57.685	66.780
351.429	230.043	57.269	65.959
356.813	230.906	58.525	65.394
359.584	230.915	59.183	66.427
365.061	231.422	60.288	67.955
374.955	232.377	55.347	68.383
379.167	231.996	58.101	69.984
386.729	231.143	58.790	69.764
393.414	229.893	62.586	70.288
399.565	228.433	65.519	71.572
410.820	222.121	68.159	74.882
412.887	223.259	72.954	72.720
416.526	220.098	74.218	73.716
419.969	219.238	75.508	73.210
420.672	217.553	79.033	73.392
426.475	218.185	76.774	71.652
426.818	219.304	78.176	70.056
427.357	219.884	78.277	69.398
428.143	221.112	76.461	68.722
426.377	221.080	77.210	70.390
421.544	222.511	76.271	72.757
418.698	224.382	74.956	72.377
415.335	226.154	74.262	72.043
410.924	226.896	74.320	72.523
406.671	228.662	73.748	71.957
395.681	233.664	72.057	68.178
389.020	232.235	72.810	68.608
382.262	235.058	73.472	65.964
377.158	234.004	71.717	66.361
372.137	234.770	69.273	64.832
361.501	233.983	66.465	62.329
356.164	232.488	66.406	62.491
351.476	229.983	64.339	63.889
347.078	228.134	64.883	64.279
344.157	226.914	64.118	64.399
339.781	222.893	65.068	65.544
338.431	223.254	63.945	63.753
337.747	222.507	64.395	63.886
341.501	222.676	60.944	63.133
338.386	221.116	63.527	63.839
341.160	222.593	66.424	63.427
344.591	222.778	66.303	63.899
348.874	224.400	65.118	63.319
354.787	224.773	64.924	63.759
358.977	225.315	67.319	64.325
373.718	228.310	66.427	63.692
377.947	228.314	70.559	63.648
382.048	228.398	76.205	64.106
391.683	226.134	74.705	66.261
400.727	224.961	74.328	67.209
414.169	223.614	77.113	66.276
417.778	220.595	80.674	68.506
424.203	220.345	80.756	66.886
429.665	218.583	80.693	67.162
432.737	217.025	82.439	67.587
439.227	215.971	82.531	67.268
440.709	216.202	81.199	66.633
443.377	216.361	79.930	65.946
444.058	218.019	80.574	64.225
444.416	217.329	80.442	65.332
441.474	218.524	80.718	65.853
438.151	217.630	81.568	67.442
434.164	218.707	81.393	68.179
429.909	220.591	80.829	66.906
426.179	222.643	78.754	67.608
415.638	225.933	77.069	67.909
411.141	227.824	77.439	67.314
404.708	228.961	76.354	67.023
399.251	230.202	74.050	65.866
392.320	231.094	74.086	65.662
379.839	233.588	72.138	63.419
373.154	231.249	70.819	65.069
366.830	230.835	70.357	65.144
361.740	229.527	68.357	65.790
356.253	228.845	67.545	65.076
351.891	226.132	66.226	66.719
345.305	225.542	61.647	65.392
340.494	223.585	65.559	66.228
338.060	222.796	63.390	66.547
336.237	223.441	63.844	65.407
337.828	224.169	59.840	64.747
344.461	223.919	53.233	64.613
339.692	223.332	58.123	66.126
341.555	224.928	57.302	65.277
340.189	225.447	62.694	65.057
344.688	227.048	65.425	65.839
349.578	228.544	65.909	65.463
354.912	229.905	66.996	64.876
363.212	231.809	66.486	63.797
366.272	231.943	73.531	64.424
372.533	232.589	76.008	63.930
387.365	231.158	79.480	67.665
393.511	229.989	81.897	68.391
402.579	225.512	82.067	73.170
410.698	225.866	82.187	72.058
416.664	225.217	85.446	71.741
433.130	222.952	83.630	70.139
436.782	220.605	87.060	71.329
441.911	218.819	86.657	71.328
445.717	217.514	86.449	71.421
450.434	217.635	84.519	70.389
454.623	215.482	84.604	70.931
455.169	216.744	85.218	69.213
456.144	216.817	85.199	69.051
455.937	217.096	84.843	68.802
455.278	217.390	83.912	69.365
448.588	216.668	84.031	73.253
443.656	221.211	84.716	69.276
439.123	222.515	83.907	69.220
433.353	223.684	83.295	69.026
427.345	223.527	83.351	70.830
414.776	225.329	79.022	69.458
407.325	226.785	79.977	66.777
400.633	225.770	78.464	67.730
393.380	225.495	77.008	67.435
386.708	225.520	75.419	66.914
377.667	223.731	68.653	66.577
369.945	220.861	69.083	66.693
364.475	218.979	69.517	67.296
360.579	216.840	68.758	68.593
355.332	215.392	69.688	68.272
353.005	213.287	65.639	68.315
351.715	212.119	64.480	68.588
350.430	212.402	64.608	67.990
350.120	212.857	64.211	66.863
349.381	212.292	65.150	67.460
352.693	214.039	66.276	67.582
355.517	215.179	66.641	68.007
358.680	216.491	67.766	67.851
362.364	219.116	68.409	66.597
366.874	220.142	68.822	66.850
379.504	220.869	69.336	68.080
385.521	222.251	73.154	67.923
391.994	223.272	75.595	67.568
398.602	223.716	77.231	67.638
404.854	223.188	79.361	68.347
418.862	221.102	81.206	69.589
425.292	215.428	82.159	75.755
431.932	215.570	83.748	74.192
438.243	214.172	82.950	74.076
443.211	212.896	83.168	73.670
452.743	210.534	83.308	73.582
454.025	208.413	85.787	74.107
456.343	209.105	85.037	73.646
457.806	209.829	84.882	72.548
458.940	210.438	84.768	71.852
458.689	212.079	84.758	71.278
457.652	212.200	84.763	72.100
455.004	214.692	85.014	71.383
450.500	214.670	85.998	74.315
445.763	216.684	86.688	73.877
434.278	222.004	86.010	72.816
428.747	223.589	85.659	73.315
421.018	226.522	86.767	73.046
412.612	229.101	86.716	71.770
403.601	231.459	87.389	70.395
387.411	232.698	82.556	70.733
376.541	233.634	83.497	70.155
367.939	233.517	80.530	70.261
357.998	232.321	79.945	70.885
348.441	230.788	75.506	71.418
332.876	226.108	71.173	73.702
325.075	223.805	70.881	75.424
318.466	221.061	69.334	76.609
312.478	218.778	68.478	76.558
307.163	216.895	67.549	77.104
307.082	216.602	59.454	73.977
311.164	217.212	51.665	73.286
312.019	218.618	48.957	71.243
310.818	219.358	51.045	70.052
310.339	219.211	50.960	69.873
309.644	218.601	52.160	72.032
308.693	218.467	55.920	72.342
308.867	218.426	61.641	73.498
308.939	218.947	67.298	74.444
312.702	221.411	69.324	73.136
326.524	222.731	72.751	73.108
334.404	222.767	76.778	73.778
341.182	222.720	80.236	73.781
348.659	223.066	84.603	72.198
355.246	222.596	88.137	71.906
373.885	216.747	91.093	75.142
381.985	215.360	90.866	74.944
389.744	212.312	92.066	75.841
395.723	209.839	94.401	76.527
402.590	207.036	94.978	76.856
412.596	202.647	92.518	77.670
416.563	203.207	92.852	75.574
418.723	202.636	94.102	75.080
420.912	203.280	93.221	73.530
421.996	203.210	92.597	72.932
422.587	203.862	92.720	71.608
423.090	204.112	91.676	72.249
421.812	203.987	90.935	73.422
419.803	205.951	91.329	73.537
415.942	206.897	92.082	73.270
406.766	209.082	92.041	75.387
402.206	212.975	90.704	73.842
396.062	213.807	90.522	75.043
390.639	215.483	89.301	74.500
382.500	217.951	88.696	74.261
369.184	221.176	86.010	73.329
360.697	223.356	87.663	71.298
352.900	222.945	86.587	71.731
345.985	222.829	86.689	71.570
340.083	222.174	85.397	71.935
326.225	220.427	80.030	71.119
318.385	218.005	79.208	72.545
315.033	215.070	74.751	74.411
307.114	212.048	71.500	75.837
320.114	211.538	58.946	74.905
316.249	210.141	48.908	71.768
314.234	208.888	44.620	70.946
311.663	207.982	43.004	69.954
309.009	206.965	41.982	69.384
306.432	204.439	41.747	69.756
304.067	204.618	40.971	69.215
304.508	203.971	41.465	69.521
303.981	204.949	41.385	69.417
306.316	205.328	40.744	71.128
309.036	207.169	40.572	70.313
316.133	210.195	42.512	70.905
308.260	209.912	57.495	73.535
315.686	210.319	53.614	76.055
318.623	213.508	57.408	74.025
319.033	215.203	66.098	74.437
322.094	217.868	74.994	74.587
334.527	222.415	84.486	73.030
339.897	222.904	89.856	72.057
349.505	223.541	91.883	71.807
358.673	222.475	94.613	73.413
379.253	217.856	98.542	75.868
389.726	217.240	98.617	76.105
399.105	212.373	96.627	78.576
408.462	208.973	102.405	79.317
418.110	203.600	101.623	81.228
435.440	193.284	101.850	84.348
439.544	196.629	102.316	78.215
445.663	191.590	100.174	79.342
449.602	191.089	100.562	76.332
453.580	187.156	99.535	78.305
460.381	185.807	100.433	76.317
460.275	185.799	101.500	75.732
461.424	186.667	100.717	76.505
461.670	187.328	100.141	77.922
459.686	191.695	99.879	76.889
453.420	196.547	91.504	82.021
447.398	202.052	101.934	79.771
441.583	205.506	100.645	81.132
433.842	210.552	101.577	80.264
423.952	213.086	105.487	82.952
415.168	217.164	105.469	83.325
392.773	224.855	101.950	81.118
380.528	228.787	100.343	78.531
368.360	231.182	99.435	77.400
356.207	233.633	97.641	73.946
335.832	229.277	91.334	75.921
321.888	226.742	86.409	76.275
310.821	222.769	88.175	78.056
303.040	219.128	78.101	78.283
292.377	213.444	74.438	80.012
274.380	204.834	75.076	79.508
266.735	199.433	76.344	80.525
260.136	194.183	76.767	81.824
254.852	190.320	76.564	82.813
250.434	187.570	75.913	82.351
246.951	186.536	76.354	81.256
242.966	187.261	75.802	79.374
242.022	187.925	75.920	79.426
241.485	190.093	75.226	79.846
241.713	192.902	76.100	79.788
247.025	196.556	72.579	79.825
254.779	199.891	68.632	81.143
249.836	199.080	72.458	80.037
378.897	212.088	59.778	75.638
376.692	215.056	73.652	76.381
379.007	215.947	80.027	76.308
385.990	216.936	74.166	77.451
373.927	217.533	65.167	76.344
379.708	217.557	83.617	76.711
376.008	219.685	78.324	75.542
374.030	218.321	82.850	76.923
372.376	218.671	82.024	76.701
371.754	218.751	83.838	76.281
370.289	219.481	81.753	75.817
371.056	218.952	84.971	76.140
384.458	218.556	72.413	77.449
366.085	216.859	75.587	77.946
365.545	216.465	80.998	78.372
371.017	216.088	81.708	79.311
360.803	215.627	78.776	77.750
365.710	214.968	77.254	78.937
367.205	214.895	76.920	78.708
375.170	214.544	69.142	78.849
393.189	215.548	52.445	77.572
381.751	215.604	61.709	76.481
356.229	214.194	73.289	76.400
357.590	214.217	73.491	76.952
354.204	214.354	66.358	76.374
379.255	215.382	63.398	77.403
351.194	214.417	71.927	77.044
356.885	215.475	78.486	77.662
348.541	206.622	89.996	87.856
351.040	215.831	62.468	76.046
351.213	216.502	75.694	77.434
348.846	217.367	65.391	76.435
351.538	217.481	80.991	77.332
346.810	218.149	65.306	76.540
368.837	218.386	66.456	77.882
382.869	220.176	51.164	75.560
385.626	221.673	56.009	74.179
385.257	221.461	48.521	74.809
385.188	221.688	51.901	73.306
385.125	221.751	50.003	73.860
384.366	221.594	51.706	73.577
384.225	221.550	50.281	73.486
383.783	221.492	51.317	73.748
383.914	221.600	50.528	73.151
383.560	221.293	49.728	74.091
383.807	221.241	50.329	73.860
383.928	221.494	48.207	73.642
383.803	221.539	47.481	73.419
383.069	221.590	47.515	73.171
381.828	221.416	48.397	73.098
380.716	221.013	48.807	73.519
378.952	221.384	49.153	72.940
379.534	220.889	50.033	72.975
379.945	219.854	48.179	73.425
379.252	219.912	47.796	73.409
378.604	220.139	48.560	73.132
379.102	220.013	50.601	73.343
378.957	219.745	48.744	74.000
377.573	220.688	50.783	73.430
377.897	220.894	50.307	73.743
378.066	221.142	50.636	73.819
374.186	221.743	51.807	74.342
373.367	221.957	53.701	73.767
372.298	222.670	52.745	74.069
371.430	223.610	51.020	73.544
369.598	225.375	51.612	73.262
367.917	228.022	48.100	73.696
364.448	229.227	49.465	73.736
355.703	230.678	53.987	73.450
336.241	230.163	69.223	75.965
340.932	230.976	62.718	76.285
351.814	234.845	53.446	75.118
325.392	234.847	59.663	74.774
335.229	237.024	69.122	74.187
353.782	240.005	50.347	72.958
336.330	240.651	64.559	73.367
322.099	241.140	61.486	73.255
327.293	243.024	68.846	73.086
322.504	243.916	59.555	72.690
322.518	245.042	69.852	72.359
321.611	245.990	56.707	71.639
323.641	246.709	64.964	73.065
322.412	251.045	59.419	70.255
323.052	250.400	55.319	71.854
323.220	251.515	53.704	72.219
325.871	251.952	57.470	72.190
328.292	253.699	46.785	71.299
332.815	255.337	57.100	70.857
334.215	256.112	63.461	71.307
334.398	257.343	59.651	70.524
334.813	257.962	53.905	70.395
339.033	258.667	56.629	70.345
340.663	259.994	57.984	68.539
343.530	260.150	59.495	69.029
352.062	260.756	61.879	68.288
351.082	260.400	54.007	68.621
354.205	259.470	61.883	69.099
357.882	258.979	61.998	68.770
361.275	258.592	63.381	68.650
360.792	257.996	63.029	68.914
366.635	258.346	63.985	68.199
364.485	257.113	60.995	68.891
385.338	257.240	60.318	67.745
369.956	255.994	65.708	68.611
371.165	254.845	61.853	68.662
379.277	254.400	68.081	68.485
375.931	254.401	66.719	68.694
378.127	250.858	64.673	69.996
379.313	248.920	64.071	70.676
383.537	247.837	70.382	70.850
383.457	247.654	66.999	69.871
385.867	245.999	64.557	69.477
417.145	243.151	51.547	67.527
391.917	242.553	65.110	68.003
393.610	238.725	66.168	70.866
398.342	237.258	65.282	70.523
410.933	235.603	62.440	69.590
428.431	232.264	48.250	67.966
430.373	231.966	48.742	66.597
431.478	230.793	49.917	66.526
431.829	229.740	51.770	65.855
433.452	228.913	50.825	65.728
431.051	228.837	56.419	64.536
434.224	228.385	54.504	64.980
434.443	228.557	53.954	64.363
435.821	228.391	52.751	64.391
434.468	228.084	54.676	65.207
435.354	229.123	53.413	63.657
412.797	229.241	60.907	66.071
399.232	228.551	70.465	69.795
397.652	228.416	70.016	69.865
398.702	230.263	78.055	66.712
390.008	229.188	68.908	68.258
387.519	228.309	64.083	68.781
386.369	228.263	79.737	68.265
393.438	226.215	72.922	69.952
385.263	226.291	79.173	68.427
390.425	222.726	68.458	69.995
386.704	224.488	65.096	67.794
366.654	223.630	71.818	67.787
378.527	223.842	61.201	67.000
354.358	221.533	66.796	68.288
350.219	220.537	70.562	68.909
348.188	219.932	61.736	69.088
351.727	221.337	59.961	67.650
351.222	220.018	58.374	69.081
350.601	219.235	57.175	70.298
347.565	221.407	59.121	68.677
350.338	224.199	55.874	66.277
357.928	225.762	50.535	65.351
349.937	225.405	60.891	66.071
347.784	227.861	66.120	64.741
379.493	231.185	48.097	63.523
389.713	231.976	42.538	62.528
393.469	233.879	47.595	60.908
400.350	233.437	49.359	63.171
404.507	234.978	52.752	62.567
371.428	231.724	46.644	62.996
424.084	236.179	56.678	60.244
428.903	236.067	58.342	60.108
384.435	231.234	50.358	64.180
438.910	237.536	59.460	57.814
394.468	230.503	52.300	61.837
397.524	229.492	54.019	62.995
398.818	229.086	53.776	63.781
397.731	230.568	57.340	63.551
399.444	233.364	55.852	60.313
397.470	237.697	57.210	59.230
395.191	238.441	55.273	60.191
391.864	239.030	55.484	61.120
387.607	241.087	55.978	60.786
382.644	241.795	56.015	61.644
371.818	245.399	55.698	61.848
365.727	246.162	52.969	61.638
359.093	246.692	51.216	61.989
353.690	246.356	47.350	62.474
346.933	248.142	46.270	61.874
334.250	248.913	41.448	60.448
326.898	249.455	38.749	59.327
320.083	249.841	38.391	58.842
314.247	249.621	38.969	59.357
309.846	248.996	38.997	59.269
304.090	246.636	39.022	60.241
302.396	246.878	38.680	59.685
301.307	247.004	39.017	59.603
300.727	246.458	39.451	60.049
302.058	246.009	39.271	60.432
306.986	246.488	38.777	59.236
311.044	246.768	38.347	58.441
315.437	246.360	37.644	58.551
320.993	246.069	37.175	58.687
327.387	244.954	37.007	59.426
339.724	245.491	38.529	56.961
347.204	244.694	39.415	57.000
352.924	244.484	43.207	57.192
359.149	243.344	45.387	58.432
364.213	242.166	47.748	59.595
372.922	238.490	50.597	61.260
377.726	236.234	51.643	60.750
380.935	234.604	53.805	60.724
384.197	232.971	53.598	61.264
387.015	231.459	50.538	61.481
389.390	228.832	47.734	62.197
389.616	228.567	48.888	60.546
388.866	228.394	50.478	60.709
385.423	228.812	51.701	60.119
380.291	230.481	52.681	58.556
372.950	232.512	53.083	60.151
367.668	232.944	52.869	61.380
361.492	235.435	53.264	60.651
356.037	237.565	51.691	60.493
351.333	240.550	49.063	59.316
341.689	245.571	45.238	58.810
337.149	247.891	39.950	58.682
332.960	250.054	37.305	58.195
328.141	251.716	35.044	57.271
322.592	253.414	35.982	56.283
315.991	254.192	38.397	56.895
314.072	254.950	41.158	57.041
313.400	255.162	41.743	57.380
313.429	255.029	42.499	57.979
314.893	255.295	42.888	58.774
321.277	257.868	41.447	58.911
326.406	259.869	40.607	58.603
332.684	261.346	38.586	58.095
340.337	263.569	37.439	56.943
346.204	265.471	40.017	56.345
355.553	267.650	46.894	55.834
360.241	268.329	49.167	55.610
364.847	268.491	50.942	55.897
368.462	268.874	52.385	55.957
371.435	269.475	54.222	55.394
376.909	269.949	54.969	55.870
379.385	270.266	54.595	56.580
380.622	271.189	54.240	56.671
380.689	272.081	54.539	56.602
378.403	273.654	57.191	56.715
372.266	277.548	56.627	54.532
367.144	278.452	59.066	54.936
362.445	278.527	58.118	56.041
356.881	279.243	55.510	55.155
349.738	279.482	55.032	54.492
337.852	279.111	47.656	54.240
330.783	278.412	43.823	55.078
323.404	278.166	41.785	55.298
316.714	277.677	39.512	55.033
309.678	276.492	38.589	55.310
303.586	274.893	37.720	55.601
293.008	273.349	39.590	55.896
289.610	272.387	38.897	55.483
287.378	270.962	37.908	55.760
286.494	269.003	36.332	55.867
286.626	263.788	32.388	55.818
286.941	258.768	31.901	57.113
287.772	252.554	32.817	58.158
288.912	244.528	35.007	59.563
289.945	235.732	37.216	60.059
291.236	225.439	38.352	62.195
293.970	204.132	39.588	63.339
295.162	192.520	40.118	63.927
296.548	181.429	39.836	64.236
297.202	170.378	40.533	65.000
297.413	160.744	41.241	64.086
299.475	144.823	40.473	60.036
300.580	137.712	39.493	60.157
301.284	133.382	39.240	58.350
302.591	130.819	38.566	56.765
303.323	130.197	38.904	56.272
305.264	132.750	38.479	58.448
306.229	135.598	38.503	61.481
307.405	140.831	38.676	63.561
308.286	147.403	39.204	65.616
309.519	155.004	39.559	68.929
311.817	175.148	39.173	72.726
312.344	186.356	39.008	74.527
314.399	198.764	38.724	74.073
317.461	211.347	37.285	73.840
319.069	225.682	37.310	71.395
322.530	250.560	37.229	64.096
323.464	259.902	38.073	61.394
325.111	268.272	37.900	58.302
326.366	274.262	38.343	56.105
327.748	278.008	38.325	54.768
329.212	279.588	39.060	54.297
329.941	279.393	39.481	53.857
330.668	277.169	38.708	54.630
330.772	273.219	38.562	55.923
331.684	269.010	37.980	56.497
332.064	256.782	37.211	59.981
331.845	249.365	36.372	60.766
331.577	239.025	35.887	63.075
330.855	229.017	35.423	64.757
329.736	219.206	35.590	64.931
327.793	199.325	36.030	65.958
326.144	189.474	36.652	64.815
325.433	180.090	35.980	65.125
323.838	170.938	36.898	64.513
323.222	162.010	36.312	64.894
320.962	148.593	37.131	61.270
320.607	143.135	36.627	60.050
319.485	139.049	36.980	58.251
318.665	134.829	36.872	58.241
317.882	133.613	36.971	57.700
317.620	133.662	37.112	57.515
317.391	135.724	36.454	58.989
317.778	138.920	35.702	61.029
317.257	143.172	36.147	61.975
317.332	148.980	36.108	62.378
317.615	158.401	37.135	65.699
317.784	165.439	38.413	65.504
318.453	171.654	38.599	66.291
319.886	177.546	38.633	67.342
322.151	185.046	37.821	65.619
327.420	198.174	35.977	61.677
330.068	203.299	35.718	60.127
333.145	205.586	35.328	60.109
335.894	208.584	35.202	58.758
339.474	211.139	35.938	57.649
344.313	212.473	36.559	57.482
347.597	212.624	39.511	57.157
351.082	211.926	41.538	58.025
354.188	210.707	44.171	59.816
356.604	209.329	46.560	60.831
358.446	207.909	46.756	60.213
359.607	206.360	46.713	60.413
360.292	205.781	46.629	60.376
360.624	205.454	46.111	59.867
360.565	204.555	45.867	60.286
359.937	203.943	46.671	61.592
359.184	203.369	46.746	62.718
358.429	203.181	46.793	62.700
357.479	203.505	47.118	63.092
356.887	202.935	46.238	63.504
355.109	202.080	45.554	63.678
353.819	201.757	46.921	63.380
353.078	201.862	46.950	62.496
352.455	200.945	46.681	62.525
351.893	200.653	47.184	62.138
352.578	198.932	46.681	62.574
352.897	197.552	46.045	61.653
353.342	196.198	46.002	63.944
354.905	194.540	44.700	64.158
358.148	194.309	44.502	65.095
364.643	193.032	44.621	64.562
369.402	192.837	52.821	64.597
371.325	192.330	51.288	65.048
375.296	192.284	56.910	65.610
380.921	193.616	57.660	64.908
385.583	195.145	60.191	64.003
388.486	196.504	60.600	63.479
391.347	197.843	60.571	62.847
394.357	197.728	61.532	63.726
395.412	198.679	61.364	63.668
396.874	200.025	57.604	65.711
396.315	202.354	58.378	65.650
397.687	202.915	61.883	67.353
391.163	191.529	85.959	81.347
426.999	203.513	56.254	63.784
429.455	208.074	51.492	62.885
431.045	210.002	50.171	60.386
432.100	211.632	47.882	61.671
430.735	210.694	47.617	62.646
392.189	211.054	41.183	65.271
427.623	209.980	42.077	63.061
425.900	207.949	41.528	64.717
423.569	206.628	40.635	63.977
422.211	204.797	40.497	65.161
383.048	205.320	45.198	69.147
380.303	199.859	47.822	69.570
378.339	197.553	46.604	67.667
376.546	194.426	45.694	68.408
373.563	192.973	47.133	67.330
369.480	191.007	55.173	67.729
371.019	188.629	47.417	67.556
366.249	187.578	48.923	67.438
363.998	186.106	51.555	67.577
374.540	186.283	55.744	68.162
374.924	184.853	53.325	68.547
383.108	184.343	46.128	68.089
386.250	184.478	44.988	66.608
386.536	183.513	44.181	67.417
377.681	182.049	51.437	68.197
364.045	180.170	55.623	67.329
392.807	178.830	51.759	70.834
399.934	179.946	50.168	70.317
391.798	179.394	62.492	70.846
399.429	180.177	60.840	70.568
403.679	180.422	61.203	70.517
408.463	182.873	67.030	69.020
413.883	183.304	66.531	69.597
420.130	183.587	66.429	70.269
425.187	184.860	66.196	69.060
432.639	185.525	66.578	68.790
436.584	184.872	64.782	68.974
448.228	187.413	66.161	67.433
452.578	188.437	68.469	66.613
456.521	188.961	68.910	66.444
355.077	162.546	62.975	45.223
460.285	193.205	64.828	67.264
461.483	195.868	68.828	66.736
456.946	198.207	72.060	69.351
452.202	201.344	74.074	69.389
447.005	204.875	68.738	69.660
433.593	209.213	72.927	69.386
422.386	211.113	77.746	68.120
411.156	213.052	77.769	68.245
402.648	213.895	76.321	68.920
391.205	214.016	75.060	70.295
374.480	215.893	68.733	69.106
352.354	212.547	76.356	73.545
342.309	208.148	73.091	75.955
332.048	203.837	71.245	77.992
320.312	198.837	70.080	77.315
301.489	191.733	70.976	76.336
298.821	187.249	69.331	77.598
295.803	182.425	66.684	80.624
291.972	179.787	68.214	77.608
286.527	175.390	66.525	77.695
280.538	172.923	62.529	74.167
283.999	172.446	55.472	71.558
282.330	171.163	55.280	72.134
280.867	169.954	55.028	72.027
281.396	169.919	53.214	71.720
282.225	169.708	51.885	71.509
281.707	169.581	52.393	71.450
282.624	169.113	52.547	71.628
285.283	168.496	51.029	71.804
287.552	169.244	51.399	71.029
291.273	168.735	51.131	71.318
292.936	166.635	54.212	72.728
294.906	166.709	54.761	72.879
297.955	165.990	54.708	72.658
302.125	166.671	54.079	71.772
305.872	166.741	52.406	71.760
309.536	165.435	54.601	72.594
316.494	167.139	50.786	71.900
315.414	165.882	54.926	74.281
313.780	165.851	58.684	75.319
306.940	164.914	63.349	78.402
307.845	174.346	65.238	78.049
317.928	181.133	57.535	79.952
322.710	188.628	56.086	78.007
314.332	189.891	65.165	79.976
321.635	194.717	60.524	78.386
328.115	196.915	60.080	77.512
328.400	196.332	63.110	78.257
331.159	195.184	65.482	80.695
338.502	197.199	62.178	80.868
343.127	198.085	60.177	81.722
352.890	203.094	56.026	78.593
360.731	200.623	50.875	80.221
367.860	199.947	49.001	81.199
369.970	200.355	50.414	80.007
374.395	197.078	51.209	82.575
382.458	196.857	50.890	80.703
387.338	196.471	51.218	79.234
392.344	195.042	51.139	79.370
399.242	195.734	48.380	79.062
403.784	196.278	47.811	79.137
411.369	194.603	47.197	81.674
416.342	198.992	47.942	78.597
418.763	199.156	49.079	78.630
420.458	198.337	49.927	78.588
421.527	197.170	50.639	79.181
421.708	194.030	52.336	80.017
421.598	192.929	51.024	79.439
420.878	192.394	51.466	78.476
420.709	191.470	51.353	78.088
420.850	191.194	50.307	77.175
420.363	191.782	49.048	76.525
419.510	192.633	47.907	76.731
419.712	194.145	49.363	75.747
419.083	194.858	46.591	77.250
419.312	195.832	49.801	76.779
418.021	198.804	47.381	76.622
416.508	198.745	48.294	77.636
415.219	197.343	50.307	78.902
414.649	194.844	51.600	79.167
414.366	193.776	49.697	79.546
414.221	194.308	49.695	78.266
414.460	194.573	49.031	78.018
414.041	196.309	47.936	77.711
414.034	196.425	49.018	77.967
413.499	195.712	48.748	78.416
412.862	196.505	49.214	76.914
412.416	197.415	47.087	76.177
411.494	197.690	49.130	78.594
410.390	200.459	49.544	81.320
408.460	205.126	49.530	85.435
405.718	224.170	48.880	90.502
404.206	238.281	50.387	92.710
401.737	251.015	50.389	89.825
398.954	261.481	51.043	88.695
395.843	269.642	51.136	86.350
388.611	279.904	53.789	81.221
385.719	279.807	55.060	79.942
381.804	272.807	57.703	84.996
381.513	262.064	56.288	90.473
376.368	250.912	57.894	92.285
361.490	227.128	60.587	89.869
360.626	218.324	64.105	87.954
357.836	211.195	63.408	86.377
357.219	209.911	61.265	81.501
370.051	213.972	48.622	77.898
373.232	220.728	42.448	75.290
368.642	222.699	43.152	74.082
361.796	218.674	48.471	76.963
351.519	217.979	55.980	78.037
351.696	216.485	54.001	76.452
354.027	218.551	45.981	75.949
353.191	219.924	45.445	74.952
353.976	221.521	43.308	73.190
352.250	221.572	41.799	72.627
350.585	220.668	43.456	73.803
346.972	222.145	44.099	71.889
345.380	222.350	43.883	71.841
343.704	221.766	45.235	71.885
306.527	215.960	47.869	73.566
303.820	217.100	45.152	74.094
304.696	211.615	72.055	81.786
301.264	217.319	46.364	73.395
302.122	217.120	44.311	74.293
301.875	217.006	44.894	74.427
301.356	217.421	44.178	73.605
304.213	214.898	45.609	76.418
305.095	210.991	69.375	82.909
305.950	214.162	48.736	76.129
306.896	207.354	69.109	84.745
313.802	215.015	70.693	74.789
340.057	215.954	52.281	73.659
346.392	217.547	47.587	73.200
344.113	216.635	54.122	73.478
342.795	215.808	59.287	73.130
328.744	213.661	66.471	73.947
333.189	211.338	54.413	74.016
352.127	211.744	60.617	74.538
367.989	214.864	56.383	73.210
377.836	215.965	49.079	71.882
384.368	215.942	46.693	72.024
392.381	215.638	48.493	71.020
399.843	215.516	46.266	71.840
402.230	215.878	48.890	71.425
410.403	216.213	43.481	69.908
416.284	216.299	42.094	70.292
423.475	214.936	42.234	69.462
427.727	213.803	43.546	69.990
422.387	211.948	54.702	71.826
405.936	209.007	66.042	73.008
410.184	207.981	67.483	73.651
417.779	207.988	68.486	72.387
430.987	207.013	65.854	73.077
440.033	207.943	60.779	72.701
451.292	209.014	58.701	71.171
450.014	209.472	65.234	72.068
439.484	216.713	56.127	76.825
444.398	224.051	52.293	76.865
448.560	231.484	52.794	73.741
452.608	232.277	58.980	72.410
454.003	228.626	63.685	74.300
459.749	219.249	55.687	77.286
462.451	213.669	54.239	76.019
464.452	208.083	53.804	75.213
466.362	203.134	54.194	74.766
467.562	200.318	55.759	73.633
467.551	199.851	57.119	72.676
465.601	200.079	57.824	73.271
460.845	200.883	61.969	73.655
457.335	203.015	62.288	72.913
451.579	204.358	61.202	75.036
434.237	209.147	63.886	75.625
427.316	210.172	73.850	76.136
415.004	211.879	70.401	76.929
406.307	216.154	61.016	76.211
395.462	216.432	64.223	76.936
404.227	219.796	61.599	76.224
387.545	217.148	62.109	78.567
379.198	217.518	59.922	78.389
361.885	216.689	60.488	77.206
340.148	213.077	65.686	79.076
329.606	214.613	56.054	78.977
321.693	220.174	55.850	78.554
312.544	225.182	54.381	78.674
304.032	226.613	54.059	77.622
296.903	224.859	55.780	79.484
290.464	210.972	58.971	84.814
283.442	201.854	64.010	86.209
274.920	195.275	62.130	84.407
296.005	195.182	62.853	80.722
286.129	190.375	72.017	83.374
306.041	194.746	79.080	85.626
318.573	196.258	77.342	88.025
330.889	200.689	76.920	86.045
350.258	205.789	70.252	82.454
364.771	206.752	69.081	82.801
376.148	204.265	77.069	79.290
402.333	205.198	73.259	78.766
409.428	204.708	69.156	78.560
435.980	204.949	68.110	76.474
444.553	203.134	81.369	76.337
444.562	200.184	77.252	76.513
457.277	197.569	69.610	74.070
464.517	193.653	73.467	74.781
470.277	192.671	80.062	75.558
473.405	192.419	77.379	75.173
473.912	192.576	75.415	74.653
471.427	192.573	81.258	73.499
465.765	194.201	85.273	73.539
457.532	197.459	77.927	75.277
450.624	199.817	80.184	74.963
442.839	201.221	76.572	76.813
422.134	204.675	76.500	80.290
403.983	209.814	82.389	76.508
388.383	212.366	75.281	76.108
374.443	214.093	85.732	76.711
356.590	213.528	83.868	78.472
355.327	215.364	62.193	78.634
337.908	213.569	61.884	79.487
321.752	212.426	61.525	80.217
304.099	209.952	63.021	81.491
291.770	207.748	60.024	80.758
271.160	202.071	57.539	82.090
261.842	199.767	57.853	81.457
255.875	200.715	58.765	81.137
251.086	199.223	59.680	80.370
248.061	198.477	59.102	81.610
248.815	200.725	56.463	78.330
249.268	200.544	57.891	79.529
254.416	201.221	56.539	80.191
256.980	200.999	58.702	81.763
263.788	200.225	58.668	83.458
274.355	201.456	62.083	82.574
279.731	199.748	63.948	85.139
291.724	200.738	66.642	85.599
302.982	204.212	66.881	82.738
311.770	204.225	69.674	81.957
337.724	203.292	58.484	81.553
348.384	202.273	59.058	82.405
354.507	200.759	61.833	84.232
358.214	198.267	62.381	84.512
395.648	201.934	57.144	81.875
359.605	198.826	54.396	78.853
425.238	202.485	58.901	76.401
359.641	195.209	49.997	78.131
352.415	195.562	54.326	77.042
355.827	193.263	44.879	77.819
457.247	192.976	62.738	75.164
460.511	191.083	64.202	75.118
463.201	191.468	64.432	74.243
464.768	190.146	63.664	74.825
466.048	191.287	63.467	73.200
465.181	194.386	61.832	73.568
462.941	196.653	61.604	74.882
459.719	199.754	60.786	74.857
456.179	203.155	58.906	74.728
449.742	206.322	60.155	74.705
439.025	210.631	57.949	74.484
430.069	213.472	58.307	74.494
365.246	198.839	52.205	77.649
368.758	199.136	50.308	79.443
367.408	200.335	53.264	79.867
370.549	202.874	58.048	87.719
363.521	203.870	60.682	91.278
353.833	204.973	63.902	89.365
342.576	206.808	68.563	86.212
333.598	208.431	70.604	81.932
325.457	206.934	62.043	80.446
316.490	204.840	59.854	81.437
306.932	201.714	60.240	82.729
306.802	199.970	55.220	81.375
301.009	198.490	55.116	80.402
288.822	193.779	57.882	81.616
287.151	195.377	58.425	77.922
285.952	193.546	56.985	77.759
286.944	193.627	54.575	77.593
288.481	193.358	54.616	77.056
292.147	192.702	60.653	78.587
292.958	191.481	65.795	81.515
301.088	193.967	67.371	81.667
313.093	194.210	67.259	84.186
321.309	195.617	68.716	82.383
336.332	200.245	71.986	80.738
352.248	202.642	80.600	80.493
365.009	205.131	78.852	78.315
376.795	205.292	77.452	76.782
397.416	205.906	77.100	76.653
422.720	204.432	77.935	75.808
407.153	84.651	85.224	77.931
447.657	199.448	82.188	74.883
454.655	197.976	84.382	74.185
460.327	195.826	83.742	74.030
471.226	194.193	77.930	72.784
474.279	194.207	75.198	71.964
474.469	193.668	73.926	72.346
474.539	194.969	74.104	71.276
471.416	193.033	75.301	75.558
459.948	199.544	74.333	75.927
453.808	203.735	74.094	75.006
446.207	205.873	70.144	76.155
432.222	210.274	70.146	75.961
420.461	211.159	68.281	78.753
408.857	215.753	88.249	80.671
405.870	216.979	71.819	78.296
404.734	218.495	59.642	79.590
387.118	217.706	59.638	80.892
376.103	218.518	56.602	80.892
315.434	212.416	61.336	80.725
311.457	210.852	75.803	83.546
294.083	206.156	71.082	85.002
300.997	204.856	70.587	86.330
302.370	205.838	67.354	84.985
297.261	204.026	61.881	83.984
297.042	205.449	60.298	82.354
299.639	207.605	56.645	80.313
261.849	200.854	83.307	82.739
272.937	197.854	66.458	83.953
286.232	204.259	73.656	86.777
289.481	204.237	71.082	88.872
303.504	206.875	71.244	91.700
316.589	208.349	63.192	95.092
330.993	209.761	57.320	97.227
340.718	212.637	58.268	96.745
352.006	212.366	70.641	84.057
392.034	212.052	63.634	83.136
345.452	233.922	49.557	78.707
342.867	231.888	46.830	79.443
336.935	224.378	45.898	81.002
333.820	222.011	49.834	81.758
331.579	219.049	50.300	80.280
330.498	216.445	49.976	81.745
329.917	214.150	48.895	81.731
329.644	211.739	50.273	80.585
329.799	210.396	49.600	81.288
331.744	210.185	47.579	81.229
333.300	210.394	46.887	81.054
335.620	210.404	46.578	81.537
339.640	213.365	45.922	81.662
343.310	215.589	44.699	81.634
344.968	217.939	45.311	80.491
346.754	220.670	45.989	80.304
349.017	220.952	46.601	80.817
395.675	203.309	50.961	82.526
381.655	204.097	59.563	82.569
360.435	209.289	50.309	93.790
360.141	205.691	51.628	96.991
354.979	203.186	56.484	99.919
357.730	209.912	53.913	93.188
360.100	213.643	50.528	88.719
357.901	216.337	49.594	82.644
313.523	193.515	51.144	87.362
307.323	195.175	50.064	81.437
349.145	205.154	46.507	86.246
342.486	205.471	49.787	82.703
339.458	202.837	50.766	83.072
336.514	202.263	53.372	82.640
336.427	200.903	52.162	81.655
337.781	200.818	54.190	82.903
336.921	199.264	60.004	83.830
335.392	197.713	65.459	84.885
338.755	198.060	68.670	83.085
347.852	198.567	68.997	83.290
353.658	196.926	73.864	81.913
366.418	196.610	76.370	82.055
376.308	196.174	73.882	80.618
384.835	194.562	72.217	81.104
391.006	193.539	73.585	80.766
402.600	193.143	74.358	79.277
412.594	191.913	73.620	78.069
417.681	191.939	74.119	77.039
420.328	191.567	72.839	77.241
421.897	191.745	68.945	77.476
421.262	193.577	70.649	78.056
416.734	195.475	73.572	78.604
410.984	198.158	74.606	79.567
403.565	201.256	73.922	79.564
400.304	203.329	78.993	79.717
384.984	209.018	74.449	78.564
366.924	210.350	76.093	82.057
349.719	210.557	84.574	83.359
342.402	209.836	79.635	85.481
331.112	210.428	76.174	85.829
320.201	209.031	72.861	87.433
301.269	204.533	68.558	88.377
276.483	198.514	79.208	89.315
267.642	194.659	80.394	90.121
258.468	191.566	83.138	88.225
255.618	186.448	79.625	90.412
254.931	184.716	76.339	86.876
261.966	184.951	67.124	85.280
257.849	184.216	72.565	85.379
255.368	184.974	79.121	87.189
260.996	184.390	80.701	89.004
272.750	191.347	82.346	87.909
282.964	194.784	80.635	87.438
295.020	199.429	77.754	87.680
309.870	204.631	76.562	87.177
326.137	206.369	70.810	89.654
358.807	208.261	56.354	93.592
369.586	210.109	65.182	94.056
368.411	208.144	73.783	93.516
416.367	216.514	59.994	84.953
428.717	212.094	66.764	84.212
450.000	205.075	74.858	85.473
367.937	199.649	54.075	86.259
465.069	197.701	82.196	82.122
472.403	193.181	83.389	80.583
478.261	191.010	84.344	78.412
484.519	185.807	82.841	77.508
484.908	186.651	83.874	75.002
484.856	185.843	83.644	76.152
482.637	187.486	82.071	77.134
475.275	189.299	85.051	79.132
467.619	195.915	78.528	82.532
458.745	199.573	77.186	83.895
449.626	203.673	77.627	85.536
439.235	207.496	77.162	86.107
427.459	211.851	71.732	87.042
411.295	215.876	70.070	91.793
384.513	195.548	66.352	110.594
363.453	210.452	70.582	96.788
343.413	220.664	67.495	87.246
411.766	197.674	54.094	88.138
302.624	215.554	59.203	84.223
287.349	211.558	59.003	86.616
276.339	207.896	59.280	86.371
265.337	205.729	59.746	87.486
257.440	204.082	60.459	87.339
250.824	200.213	60.739	88.562
250.512	202.031	59.209	85.598
251.408	201.286	58.416	85.944
255.845	201.647	59.909	85.224
260.791	201.225	60.160	86.524
274.296	203.946	58.504	84.456
285.213	204.935	57.780	83.282
299.432	205.009	54.904	85.020
312.719	205.142	54.179	85.186
327.131	205.078	55.478	85.560
349.672	203.325	61.527	85.907
364.117	200.515	54.332	85.337
411.502	202.560	61.162	88.617
416.225	197.927	59.042	89.193
420.102	193.494	57.087	93.733
428.097	184.948	53.000	96.766
433.997	179.285	54.529	97.726
440.746	174.782	60.042	98.028
444.650	174.506	64.982	98.020
449.515	175.059	68.977	95.035
456.083	174.068	68.461	94.476
457.239	178.582	58.172	94.086
458.507	181.026	55.290	92.064
458.622	182.829	52.107	90.445
451.667	180.910	57.387	92.661
443.535	187.995	56.070	88.973
443.352	181.564	89.402	90.108
429.528	185.439	66.341	93.984
419.686	186.771	68.491	98.950
409.664	191.313	58.464	98.556
392.270	196.153	62.241	97.659
380.859	196.261	66.265	101.035
367.839	198.506	64.254	100.764
354.171	202.542	61.987	99.112
346.742	204.919	60.000	100.099
296.322	207.227	58.883	88.828
277.592	208.237	62.062	88.541
258.515	208.847	58.765	88.938
347.078	224.752	72.648	87.504
353.497	225.808	74.483	89.309
375.779	231.307	61.537	89.362
389.295	234.173	56.392	89.534
401.318	238.558	52.834	88.745
412.490	243.023	53.186	88.016
420.342	247.221	58.941	88.266
431.376	255.228	66.934	85.987
436.350	257.215	67.537	87.758
435.336	259.797	71.155	88.273
436.953	262.883	70.558	88.417
436.370	265.712	69.864	87.863
430.974	272.864	69.961	86.973
426.957	274.054	69.083	88.316
424.172	275.626	65.293	89.049
409.292	271.247	71.217	99.915
399.727	270.665	72.583	102.368
387.129	274.882	63.089	88.413
356.778	273.881	69.755	91.342
361.507	269.593	70.344	94.265
361.273	266.533	77.505	93.894
356.100	263.485	65.091	93.194
396.884	268.725	68.226	80.973
393.121	266.385	77.600	81.503
334.647	256.601	55.842	92.941
395.937	264.792	78.683	81.738
390.159	266.374	83.606	82.114
389.515	270.093	75.698	88.088
340.423	259.488	65.413	92.925
349.945	261.358	75.490	94.308
355.800	263.148	70.963	104.754
354.293	269.241	67.775	111.563
381.803	273.471	61.571	92.590
400.234	277.737	58.064	92.262
416.804	282.941	58.887	88.324
433.900	283.418	61.310	91.127
452.471	288.711	59.412	88.647
463.462	292.228	76.546	86.041
473.793	293.750	83.647	84.209
483.450	295.219	87.050	82.382
487.540	295.911	93.821	80.806
493.157	297.281	96.322	78.137
498.062	297.820	99.476	76.742
500.418	297.323	98.315	76.554
501.440	297.582	97.402	76.292
500.327	298.812	96.653	75.678
495.384	300.389	96.102	76.462
487.926	301.215	95.436	78.894
469.390	302.879	96.037	82.337
456.833	304.226	92.922	82.478
447.710	302.840	82.195	84.037
441.466	302.215	64.685	84.622
402.026	293.686	66.900	90.340
376.158	291.812	60.779	98.844
378.756	278.483	68.149	104.224
396.344	280.398	69.280	99.105
400.933	278.378	81.510	90.108
413.746	269.258	87.891	85.753
417.031	265.950	91.428	83.756
420.021	265.085	93.522	80.666
421.903	264.220	93.633	79.387
420.245	262.586	95.483	79.944
412.710	266.481	98.457	83.788
409.989	271.086	92.761	84.056
402.870	272.820	87.621	91.359
400.256	273.829	77.161	98.059
382.534	257.278	73.253	115.372
346.607	292.024	76.699	98.409
416.966	266.317	69.256	95.473
448.197	272.938	67.263	92.946
467.269	278.548	72.024	89.710
480.726	282.418	80.566	88.215
499.391	285.581	89.384	85.282
513.787	286.645	89.980	85.313
524.566	286.350	89.607	85.685
535.739	285.367	91.282	85.073
541.172	284.481	95.670	84.438
546.550	283.711	93.313	83.236
546.539	282.158	93.543	83.841
547.265	282.639	92.465	82.512
544.091	281.940	91.275	82.292
538.548	281.578	90.849	85.070
532.461	283.704	88.621	84.604
520.585	285.312	86.453	85.635
505.735	285.741	85.975	87.861
493.941	286.474	80.459	89.395
483.789	286.323	74.216	92.007
470.896	287.988	70.788	92.609
451.093	286.441	64.329	94.806
438.812	285.923	56.784	93.841
428.357	283.461	47.721	95.038
408.141	274.082	53.685	101.756
347.788	272.669	81.836	103.359
390.518	271.564	59.577	99.736
393.221	272.010	57.388	100.528
393.380	269.238	59.915	102.667
392.100	265.909	63.015	104.772
390.638	265.370	64.848	104.807
393.913	266.352	64.092	103.610
397.222	265.621	64.101	104.456
399.736	266.378	66.013	103.909
404.878	266.846	68.043	103.150
412.045	268.553	70.815	100.071
417.683	270.218	72.160	98.946
422.944	272.757	71.470	97.455
425.561	272.469	64.279	98.040
424.002	273.591	63.399	96.899
435.514	276.083	70.750	94.363
427.577	275.366	66.442	99.144
434.494	278.581	55.808	94.699
437.541	278.609	55.875	94.760
440.541	279.782	54.041	93.160
438.857	279.880	55.291	92.693
441.792	276.382	55.085	93.722
439.958	273.963	57.835	95.534
444.128	273.963	55.117	95.395
446.285	273.680	55.460	94.487
447.859	275.209	54.078	92.750
448.443	277.037	54.649	91.319
448.512	278.373	56.372	91.546
449.765	280.024	56.772	92.021
451.973	281.727	55.764	92.279
455.044	283.810	53.696	90.301
459.350	284.745	52.381	91.194
462.487	284.676	49.514	91.334
465.462	285.128	48.187	90.656
467.074	285.847	47.972	89.795
468.168	286.416	48.441	89.562
468.589	287.524	49.273	88.675
467.722	287.819	50.245	88.159
468.420	287.783	48.603	88.278
466.794	286.801	48.407	88.294
465.470	286.389	47.184	87.971
463.900	284.064	45.423	87.938
459.939	280.378	48.047	88.498
457.317	279.550	48.025	86.844
455.264	274.837	48.513	88.345
453.705	273.590	47.146	86.299
450.969	266.545	48.017	86.843
450.554	263.256	48.695	88.392
450.562	262.680	49.224	86.513
449.858	263.154	49.985	84.359
449.692	262.166	50.197	84.393
449.957	263.912	47.926	83.333
449.715	264.268	47.748	84.837
449.838	265.152	46.174	86.045
449.317	267.701	45.595	85.099
448.551	269.624	46.208	84.415
446.054	271.275	47.134	84.343
444.629	272.190	48.548	84.292
443.444	272.968	49.677	84.236
442.106	273.462	49.677	83.979
439.981	273.362	52.037	83.112
438.092	272.857	53.615	81.700
436.374	272.334	54.362	81.442
436.008	272.432	55.251	80.554
435.763	272.707	55.707	80.608
436.373	273.813	57.128	80.132
439.663	274.565	56.582	82.109
443.663	275.335	52.287	83.181
447.820	275.841	49.459	82.531
451.760	275.729	46.534	81.481
455.782	272.463	43.529	83.491
460.326	265.787	41.933	86.797
461.140	266.458	43.720	83.029
461.177	262.814	45.797	84.111
460.214	260.449	48.598	84.125
459.383	259.314	50.943	83.769
456.178	259.669	53.844	83.392
452.054	259.967	55.997	84.286
450.999	262.153	54.416	84.633
446.915	264.793	52.272	83.618
440.978	267.109	50.769	81.861
430.617	268.366	45.805	80.454
420.339	265.326	45.879	83.064
407.603	263.238	53.270	86.188
397.188	259.732	55.243	89.231
387.744	256.111	60.734	91.633
372.398	252.738	64.857	86.540
371.679	247.840	64.552	86.800
352.408	248.149	63.660	86.543
334.526	246.165	67.255	86.389
333.153	248.056	58.136	87.668
331.870	248.154	53.103	82.897
329.611	247.790	52.326	83.234
328.242	248.728	49.847	82.615
325.734	249.710	51.358	81.474
319.251	248.506	62.358	81.931
362.415	235.191	52.991	84.949
361.251	233.363	50.744	85.610
357.630	234.059	49.874	85.404
351.215	235.672	51.779	84.538
320.139	234.231	76.643	86.692
338.933	236.913	49.567	81.849
334.411	237.899	53.678	80.397
328.816	238.083	54.673	80.576
275.112	245.961	64.502	82.430
269.898	233.838	87.261	95.952
270.986	248.211	63.893	80.942
269.057	247.648	63.542	82.634
267.456	248.342	64.347	85.683
268.476	253.178	62.215	84.734
269.527	255.889	58.474	84.294
273.551	256.970	52.050	80.857
274.366	257.873	49.580	80.695
276.864	256.827	45.688	81.396
277.229	255.911	48.364	82.101
276.902	260.219	47.350	78.563
306.977	250.343	52.480	78.180
265.792	267.991	45.572	77.652
260.135	266.954	46.755	79.497
253.857	266.105	48.218	81.664
244.898	267.264	56.936	82.746
228.389	269.048	63.294	82.690
219.979	273.847	56.415	81.979
210.651	271.033	69.991	87.010
258.070	270.260	49.270	77.148
375.883	197.172	32.855	66.036
184.549	277.623	58.703	71.457
180.438	275.804	64.650	70.520
179.904	274.868	66.406	71.440
177.681	273.851	66.242	70.808
177.042	271.872	64.389	70.947
179.393	271.837	57.230	69.013
186.888	270.935	51.974	71.289
192.582	274.853	51.898	73.776
205.559	279.190	53.006	75.990
212.966	282.061	55.997	76.586
225.220	280.842	46.248	78.677
230.979	278.567	45.462	78.588
233.917	274.559	53.653	77.928
238.424	272.072	59.041	77.854
249.878	272.273	60.982	77.506
275.155	279.772	54.009	73.824
282.752	283.834	51.442	70.332
286.861	283.901	56.267	69.620
292.066	282.450	58.868	70.244
299.978	280.695	59.149	70.494
306.087	278.751	62.680	70.999
311.478	278.207	61.011	71.364
315.390	277.701	62.309	71.463
321.721	276.444	60.989	72.545
331.196	274.812	56.844	73.723
336.299	272.955	58.863	73.855
352.117	265.586	56.822	76.649
357.279	263.651	55.135	76.425
362.833	262.389	58.931	74.546
369.233	259.153	58.952	74.377
379.191	255.863	64.965	73.121
387.180	253.718	63.859	71.891
391.585	252.794	67.474	69.852
397.698	251.238	69.632	69.374
403.033	250.691	71.280	68.507
407.260	253.858	77.941	65.253
408.933	254.887	79.181	63.811
414.176	253.367	78.089	64.071
419.860	249.843	73.133	66.105
421.413	247.133	72.044	65.591
423.124	242.360	68.288	66.976
424.046	238.277	66.977	68.629
423.710	239.698	63.667	72.936
426.195	243.829	58.342	78.896
423.378	253.598	54.979	77.413
422.068	260.292	52.273	76.568
421.700	264.675	50.312	73.816
418.960	262.980	52.172	73.193
418.920	257.746	51.289	73.657
418.622	252.863	51.921	73.161
418.292	247.278	54.546	76.106
422.498	248.731	51.470	77.280
406.608	250.187	63.195	76.648
396.908	250.667	70.174	78.816
397.911	252.120	66.773	76.537
397.016	251.672	75.938	75.259
395.631	248.998	63.277	74.538
393.482	247.387	62.977	74.274
394.237	247.815	66.890	76.137
395.236	250.691	71.008	75.871
398.660	251.938	67.583	76.432
394.570	253.815	64.950	75.315
396.249	254.172	67.245	73.915
391.297	252.660	70.053	74.906
398.419	251.999	62.068	75.702
382.489	246.058	82.643	87.863
376.666	232.687	92.684	102.118
421.933	259.899	46.914	73.819
424.370	262.889	45.988	69.441
424.763	263.169	46.625	69.794
426.049	262.432	47.423	70.367
428.574	262.421	48.384	70.598
429.494	262.364	50.627	70.989
430.773	261.835	52.040	70.550
433.408	260.589	52.476	71.976
434.257	262.384	53.578	72.562
381.936	263.226	90.553	114.188
407.353	279.503	61.264	92.693
409.732	286.747	65.160	98.240
411.255	300.374	67.109	92.139
412.905	302.438	63.364	88.047
413.574	300.975	55.634	90.193
411.971	299.081	55.467	86.498
409.323	296.792	53.251	83.568
402.664	298.431	55.787	80.387
397.154	303.027	54.196	77.799
389.156	307.628	50.309	76.672
379.373	308.558	49.210	75.767
372.800	310.087	46.830	73.317
362.829	313.101	46.607	70.739
462.930	284.510	46.001	71.634
474.915	281.648	46.664	71.843
486.209	279.022	43.492	71.975
497.459	276.658	40.187	71.580
508.670	273.970	39.246	71.457
517.194	271.882	43.576	72.199
528.459	271.455	46.880	70.009
533.055	269.336	53.345	69.021
537.504	268.275	57.472	67.657
542.248	266.461	58.596	67.605
544.493	263.924	60.257	68.649
547.830	260.652	61.395	68.783
550.075	260.190	61.113	68.157
550.326	259.635	61.424	67.698
551.103	259.503	59.850	67.271
550.369	259.070	58.262	67.541
549.715	259.417	51.065	68.485
543.961	260.611	50.330	67.866
541.043	262.757	46.248	64.970
534.355	261.325	42.983	65.756
529.477	261.645	40.204	65.248
519.883	262.927	39.963	64.027
512.443	263.599	39.630	64.603
505.216	264.817	40.681	64.203
497.658	266.832	42.236	63.028
490.433	268.394	43.985	63.375
479.145	271.307	44.766	62.945
471.201	273.124	44.764	63.067
462.663	275.054	46.256	61.522
454.844	277.503	46.349	60.381
449.265	278.258	44.366	61.503
437.999	280.918	38.779	60.350
434.256	281.884	32.789	61.411
431.636	284.230	28.093	60.678
430.071	331.087	37.072	52.803
419.896	333.164	43.470	48.604
422.787	332.859	40.550	48.753
423.088	334.029	40.773	47.323
406.381	434.830	43.177	11.462
406.759	425.783	39.693	42.824
402.026	431.320	48.310	34.918
392.968	398.752	54.816	58.414
379.066	381.520	57.523	70.499
323.310	288.278	52.114	62.884
322.377	285.999	54.605	65.099
326.359	277.055	69.788	74.429
304.279	290.485	41.594	60.705
300.403	289.084	41.794	59.926
297.648	287.609	42.053	60.884
293.861	286.409	42.536	61.256
290.655	286.875	41.749	60.402
286.946	288.094	41.108	58.895
285.193	288.612	42.315	58.599
284.043	288.939	40.931	59.287
283.207	290.454	41.964	58.123
282.241	291.869	41.848	58.163
282.277	293.424	41.457	58.184
282.792	294.203	41.466	58.292
283.348	294.356	41.708	58.653
284.658	293.951	41.033	58.608
286.173	293.373	41.946	59.230
290.100	290.092	42.328	59.930
292.703	286.678	42.649	60.830
296.380	282.937	42.859	61.118
299.543	277.416	43.757	62.884
303.923	270.498	42.976	64.241
310.107	256.487	41.242	66.431
316.227	249.625	39.709	65.473
321.241	241.423	38.869	64.779
326.332	233.826	37.089	63.150
331.171	226.882	36.113	61.973
340.303	220.906	34.812	59.129
345.097	219.235	35.612	60.170
350.334	219.946	36.844	59.689
355.423	223.312	37.399	61.044
360.938	229.815	37.279	62.361
369.078	243.532	39.267	66.986
375.167	254.936	39.247	66.369
380.905	262.105	38.252	67.603
385.426	268.361	38.637	70.153
389.739	276.962	38.204	66.823
396.304	286.613	38.178	63.892
401.080	287.991	37.962	63.139
404.543	289.453	37.707	62.298
406.554	287.448	38.014	63.762
409.805	283.219	38.664	65.826
412.824	273.263	40.833	68.118
415.134	265.942	41.698	69.768
418.197	258.906	40.814	70.490
472.504	235.219	42.339	67.990
473.118	236.000	44.386	68.478
470.714	239.077	45.338	65.155
471.989	239.717	44.821	64.947
471.099	239.920	44.923	65.146
472.666	240.924	42.696	64.761
470.202	241.461	43.265	64.794
469.268	241.901	40.571	65.555
468.716	243.676	40.247	64.164
468.483	242.964	40.398	64.529
466.413	244.907	41.815	64.815
466.851	247.815	41.556	65.329
468.623	254.586	41.061	66.085
467.666	258.863	42.351	68.077
469.134	264.327	41.534	67.737
469.473	270.274	43.176	66.454
469.453	273.575	44.123	67.175
471.639	281.261	44.823	67.761
472.352	287.446	45.380	66.868
473.029	294.071	47.350	66.569
473.932	300.725	48.394	66.420
473.615	305.682	48.830	66.542
473.119	311.723	48.899	65.227
471.338	319.432	47.402	65.108
469.971	325.113	49.258	62.962
467.872	328.944	50.594	62.296
466.458	331.804	50.413	60.424
458.313	328.697	52.302	61.259
456.712	317.212	49.149	68.559
447.418	297.956	54.999	78.378
436.291	276.206	60.668	86.485
427.048	255.948	65.915	87.781
427.799	242.532	65.690	93.784
413.348	240.946	53.329	60.330
503.098	186.949	43.120	55.494
417.098	249.030	41.958	66.356
419.270	255.064	40.538	63.938
416.055	256.873	41.882	60.755
406.509	249.708	44.045	63.092
408.331	248.551	41.390	61.371
404.621	247.709	43.312	60.869
402.931	249.826	42.865	62.702
401.552	253.621	43.940	62.770
399.286	258.016	44.546	62.023
402.454	259.376	41.265	61.342
407.574	259.384	36.935	63.189
406.347	260.414	38.904	60.986
404.904	260.035	41.103	60.249
406.018	259.245	39.046	59.845
407.793	259.773	38.121	58.987
408.732	260.281	39.736	57.631
408.919	260.575	40.944	57.460
407.598	259.190	42.771	57.575
407.584	257.546	42.675	57.810
409.018	256.587	41.287	58.972
408.592	256.425	40.725	58.836
408.561	256.195	40.827	60.157
404.064	255.602	42.169	60.246
404.106	255.276	44.077	60.967
403.163	253.120	47.108	63.849
402.245	250.816	48.872	66.594
404.668	250.445	47.722	65.289
408.283	250.934	45.060	62.970
411.958	250.293	45.164	61.067
414.519	249.901	44.676	61.332
415.482	249.399	45.791	61.654
416.221	248.886	46.552	62.128
417.288	249.105	46.596	61.829
419.968	250.491	43.847	61.366
407.566	251.441	52.097	62.350
390.193	246.138	72.082	71.875
387.916	246.487	73.276	76.036
392.508	257.714	46.683	69.438
396.294	271.695	38.069	65.184
396.410	274.287	41.375	67.266
396.548	279.111	39.367	67.162
396.869	282.354	37.503	67.695
395.547	286.525	39.747	64.644
393.456	290.158	38.107	60.449
424.903	237.999	36.819	63.471
392.284	287.968	37.338	58.340
393.127	285.711	37.250	59.686
395.506	280.805	36.901	62.757
434.107	251.393	42.948	63.872
433.704	242.814	62.422	93.011
440.941	259.620	44.695	63.533
445.023	260.072	43.556	65.675
447.852	264.297	44.470	62.858
453.270	270.841	45.953	64.596
456.926	273.885	47.367	63.113
397.611	229.085	39.997	62.845
461.778	274.649	45.797	61.373
464.886	274.387	44.991	60.971
464.862	273.229	47.067	60.406
464.412	272.404	48.265	61.037
464.802	271.779	47.614	60.040
465.168	271.096	47.337	59.429
464.742	269.195	47.653	60.670
465.018	266.727	46.095	61.522
466.365	264.245	44.567	62.584
464.792	263.805	43.681	62.497
465.639	262.715	43.229	62.027
464.163	262.649	42.930	61.177
463.114	261.904	41.793	60.039
464.651	260.694	40.422	60.885
462.025	260.098	39.931	61.564
464.321	260.368	41.606	63.316
460.946	260.662	42.352	61.727
439.458	261.196	54.584	61.835
425.102	259.704	53.054	61.881
412.746	256.994	66.176	70.062
415.045	261.818	55.022	62.063
409.220	262.189	57.026	63.232
396.318	262.911	55.518	63.243
382.059	256.463	65.800	75.243
382.398	264.506	52.490	63.310
374.293	264.932	50.596	63.504
366.003	265.207	48.566	63.268
350.324	266.597	41.203	62.723
342.540	265.976	40.766	63.403
335.757	266.649	41.332	62.752
329.398	266.888	42.380	62.880
324.802	267.152	44.648	62.964
322.037	266.315	45.653	63.256
321.906	265.329	46.236	64.201
325.836	264.443	45.333	64.124
330.727	263.584	44.207	64.807
337.445	264.329	41.912	64.739
350.927	266.813	40.708	64.122
355.779	267.577	43.774	62.805
359.735	266.711	49.203	64.795
365.601	266.877	51.796	64.340
370.038	264.365	55.016	64.917
379.453	252.883	58.252	70.341
378.173	241.154	67.198	85.295
389.935	237.056	54.020	74.229
392.713	228.531	53.724	75.368
396.773	221.215	51.783	74.759
400.082	206.043	52.202	74.220
398.768	203.103	54.717	72.182
400.364	200.316	54.428	73.104
400.792	199.553	54.981	72.286
393.029	197.899	65.829	83.803
404.791	213.312	53.225	72.373
404.304	221.842	53.965	71.279
404.561	229.041	53.382	73.216
406.679	238.975	50.641	73.675
407.572	248.484	48.883	71.969
407.578	264.398	47.126	72.309
407.611	272.029	44.621	74.066
407.774	278.138	42.950	72.722
406.961	281.979	41.384	72.021
406.412	284.618	41.054	72.666
405.366	286.202	42.434	71.021
404.764	284.547	42.369	72.796
404.886	279.369	41.970	74.670
404.838	274.023	43.910	73.817
405.161	266.136	44.087	75.304
404.460	252.264	48.218	77.980
402.709	245.505	51.777	76.493
394.975	233.471	65.100	86.046
399.694	231.837	56.689	77.155
399.918	226.457	57.877	76.814
397.332	221.123	60.076	75.046
398.351	219.742	59.239	73.713
387.913	210.851	70.714	84.009
389.884	212.529	67.801	88.997
396.486	226.796	59.728	76.120
395.016	232.038	60.061	76.257
389.179	241.077	57.210	76.747
391.067	250.241	51.791	75.820
472.115	286.060	52.509	71.442
472.202	283.184	50.060	72.138
464.981	278.459	50.108	71.788
464.523	275.834	50.877	72.716
461.778	273.419	50.624	72.844
457.994	271.207	51.772	72.716
456.170	269.986	51.958	72.847
452.708	268.633	50.604	73.133
454.128	268.092	50.926	73.824
424.686	252.016	58.396	88.249
425.489	250.214	62.740	87.963
431.905	249.056	67.402	87.293
437.265	248.947	67.105	87.094
441.619	248.530	66.947	87.472
443.079	248.481	67.786	87.464
447.041	249.310	66.979	87.103
453.306	251.176	64.477	87.678
451.940	251.516	66.012	88.638
452.217	252.540	66.091	88.939
450.687	252.968	67.286	91.636
449.362	253.368	66.891	92.156
448.201	255.438	66.103	91.732
443.545	255.761	66.955	93.045
441.714	257.253	66.744	91.882
442.338	257.749	64.615	91.676
434.650	258.475	67.233	92.070
425.343	259.168	69.391	91.857
420.907	258.582	69.748	93.443
416.659	257.883	69.035	94.293
417.480	258.452	66.004	92.953
415.624	259.131	61.202	92.611
401.392	256.163	61.100	94.668
390.498	239.260	67.250	110.247
390.526	239.799	65.562	107.239
383.172	231.054	100.763	117.008
385.124	226.675	107.997	117.362
407.768	239.294	97.052	90.821
423.957	239.626	82.090	87.554
412.895	240.387	92.957	88.878
412.042	245.054	89.999	85.584
386.654	236.241	113.021	114.590
397.587	253.281	77.436	96.284
415.689	252.638	66.291	98.727
387.427	246.746	110.743	100.407
339.382	242.464	80.135	101.371
329.020	243.395	69.862	99.893
295.120	240.717	65.646	101.823
279.043	239.668	75.422	101.313
266.271	239.215	81.407	99.692
258.393	237.482	85.387	100.434
254.314	236.936	88.150	99.651
258.169	238.650	89.153	100.633
266.389	237.907	88.525	103.020
280.579	239.536	84.256	103.792
295.373	241.309	80.919	105.238
316.476	242.326	78.907	106.383
342.725	244.091	72.386	104.417
380.091	243.389	85.275	104.899
457.989	259.627	70.067	98.371
442.285	261.421	70.496	103.543
426.679	245.411	78.003	117.416
415.802	240.548	78.330	119.571
397.958	250.660	77.474	111.542
365.531	235.982	143.355	131.332
390.579	201.228	196.419	154.152
456.711	232.210	123.714	85.142
450.956	236.496	119.536	86.196
443.111	249.300	111.868	98.588
439.194	260.175	100.810	99.001
383.523	257.337	120.963	129.231
403.316	273.823	81.949	118.371
421.096	287.842	73.367	111.039
441.381	293.953	82.420	110.531
448.238	297.814	88.208	110.473
458.426	303.607	92.019	106.988
454.009	298.919	112.112	118.444
468.607	308.766	101.425	101.726
477.485	309.721	98.918	100.700
463.131	289.433	125.119	126.365
464.989	293.318	122.049	123.060
477.642	309.998	99.028	99.931
471.411	307.342	100.896	104.795
440.121	289.100	123.723	125.666
453.896	303.186	90.970	109.240
449.537	303.293	79.548	110.216
414.456	276.365	98.647	135.297
403.685	256.959	147.088	152.100
442.781	253.036	148.230	98.906
594.461	73.466	135.246	124.835
459.732	248.459	145.993	83.624
463.244	246.804	145.305	81.215
462.505	247.155	145.225	80.281
449.613	247.926	146.201	91.435
438.076	252.689	149.243	98.070
356.181	254.167	169.023	157.724
318.064	210.899	232.017	244.550
372.657	256.347	168.469	159.245
362.378	282.027	106.472	141.191
419.332	303.458	79.290	124.606
431.416	301.670	84.740	125.631
444.922	306.113	89.980	125.780
453.642	306.893	100.602	123.596
479.286	311.809	114.270	112.937
485.123	313.942	122.168	107.298
692.095	148.100	78.210	121.155
497.080	312.807	129.631	106.641
716.543	139.158	73.560	118.574
501.503	311.756	129.405	107.736
496.670	311.917	128.345	112.536
493.638	311.169	123.059	115.849
485.160	310.825	116.391	121.612
472.220	310.504	118.819	124.771
465.317	307.201	88.518	128.565
443.605	311.396	86.819	128.040
433.312	278.414	96.865	149.086
409.084	264.444	178.381	162.985
399.687	247.383	203.513	179.945
603.220	44.713	150.343	104.851
409.653	61.509	183.546	108.564
443.544	253.444	163.786	88.571
446.615	256.407	146.660	90.711
385.725	247.305	201.197	179.909
399.260	284.523	117.180	134.412
405.015	299.576	95.010	141.455
406.744	300.365	100.768	141.917
434.764	301.411	89.447	141.781
444.571	305.919	103.088	134.923
458.424	308.261	122.871	132.257
475.424	313.689	118.387	127.557
483.518	314.893	122.190	123.789
483.962	314.013	129.670	122.182
486.816	312.566	131.800	122.150
484.154	313.501	135.769	118.263
480.070	313.307	136.704	117.802
474.237	312.982	134.404	120.357
465.582	312.809	132.803	123.173
461.470	312.769	123.769	125.658
434.696	310.968	111.718	135.485
418.614	312.181	106.264	137.874
397.476	310.283	101.715	140.089
383.446	309.646	96.400	140.007
352.754	300.032	106.807	145.460
386.062	255.340	133.528	118.508
304.621	246.085	222.315	190.966
711.319	259.887	132.544	197.403
739.909	105.274	147.398	169.609
367.965	240.790	169.393	96.999
347.274	230.727	174.343	116.523
341.886	235.566	168.193	123.932
262.138	240.270	218.832	149.363
301.682	239.640	156.170	162.626
284.532	244.032	127.843	164.690
294.736	328.963	92.996	151.770
303.589	332.019	96.656	153.151
309.376	334.961	107.330	154.279
161.546	281.504	94.117	157.530
325.448	339.975	118.789	147.083
336.584	335.879	124.427	153.711
324.584	327.020	156.677	166.193
329.904	328.649	152.424	164.815
337.317	324.040	145.767	166.790
363.227	327.223	116.577	153.595
370.061	316.174	108.625	159.024
365.859	313.814	109.926	160.615
361.491	310.100	111.424	161.723
358.982	306.015	111.826	164.971
363.721	303.121	109.266	165.309
358.247	298.231	106.540	166.440
363.871	294.420	105.386	171.521
351.433	292.833	110.388	169.829
356.357	291.445	109.573	172.625
350.591	289.230	110.362	171.870
352.368	296.282	103.524	173.256
348.272	303.485	101.870	171.959
218.183	340.642	112.850	161.617
207.706	319.030	123.041	168.910
212.043	300.858	118.661	175.252
220.982	268.696	108.370	176.451
217.502	249.710	102.661	174.245
219.361	233.879	103.866	172.465
215.029	220.003	106.417	171.582
214.914	206.994	105.295	170.828
210.468	198.133	108.691	166.516
209.167	200.607	110.516	162.992
207.139	200.031	113.448	168.041
196.230	213.944	123.864	163.566
186.766	221.712	130.447	166.420
150.181	232.796	167.218	183.264
139.664	246.874	162.727	180.885
130.342	254.496	159.390	183.180
124.747	263.335	150.519	182.260
132.546	280.147	112.220	163.343
116.279	287.790	94.235	164.072
104.810	299.243	86.860	153.327
93.220	298.200	90.294	154.045
85.637	293.536	98.865	159.185
83.638	295.105	104.969	158.623
91.222	294.287	107.198	160.503
101.189	296.405	102.959	160.364
114.972	302.322	95.829	158.022
132.125	306.406	86.907	155.738
147.316	306.289	91.633	159.809
178.748	303.771	112.935	166.377
190.799	296.105	129.916	172.005
192.431	284.058	155.504	189.791
258.350	538.653	172.153	37.347
224.406	279.950	169.601	196.069
400.616	330.833	106.088	166.775
395.271	349.926	103.476	171.850
389.572	354.459	94.566	166.581
380.180	357.398	92.471	163.859
371.977	361.798	96.518	162.646
361.892	366.015	96.426	157.762
358.605	366.479	101.369	160.839
357.623	368.816	101.980	158.972
354.243	369.116	102.898	159.873
354.291	355.361	105.507	173.430
364.209	352.912	102.226	176.943
368.633	354.958	105.222	177.672
371.912	355.110	110.809	177.349
376.339	356.190	115.954	180.263
379.209	359.209	121.883	178.185
386.817	362.910	131.622	178.273
391.528	364.087	131.909	177.301
396.116	364.339	132.544	177.217
397.263	365.515	136.315	176.128
398.643	364.666	136.893	178.061
398.476	363.931	138.142	178.833
398.344	366.030	137.310	178.103
397.189	365.749	135.889	180.231
396.028	365.749	134.501	181.487
396.560	366.110	129.489	182.910
395.658	368.279	125.349	183.591
391.211	376.398	117.305	183.584
389.778	379.557	115.232	184.974
384.507	385.678	114.145	183.827
381.092	389.684	115.998	180.303
377.186	392.725	119.725	177.432
372.887	393.901	122.285	174.722
374.280	389.415	120.005	179.892
369.157	383.225	124.597	183.724
366.666	378.846	125.123	186.322
364.367	371.560	125.531	191.975
356.812	358.651	130.057	197.526
355.066	352.227	131.230	199.398
348.420	347.480	129.542	200.840
343.865	344.146	132.000	199.742
337.871	341.553	135.349	200.572
328.827	335.819	133.162	203.270
321.827	336.408	132.727	199.376
322.235	332.995	126.859	201.110
320.293	329.545	120.884	202.840
316.499	325.856	121.306	203.106
312.176	319.131	116.284	204.560
307.564	315.153	112.375	205.344
303.639	311.745	110.901	206.801
300.316	310.097	111.006	205.912
298.718	309.711	109.271	202.570
293.308	305.611	110.026	206.125
290.306	303.221	111.143	207.185
287.699	302.890	111.039	208.632
287.447	304.294	112.192	207.292
285.904	304.295	114.456	206.835
288.078	302.738	121.240	207.761
289.565	299.001	124.147	209.771
292.238	296.473	124.218	210.824
295.343	294.503	123.288	209.715
298.941	289.438	125.203	213.324
298.377	281.519	132.979	216.161
298.059	278.430	130.576	216.781
297.822	275.290	136.135	216.262
296.964	271.001	137.826	217.074
297.825	266.486	139.596	217.468
298.503	256.549	139.343	220.931
297.219	251.163	134.773	221.172
295.295	246.006	134.775	220.660
291.195	240.920	136.349	221.222
291.013	235.439	136.563	222.411
289.027	225.646	134.309	218.831
286.250	219.886	133.819	219.553
285.459	214.254	134.989	223.437
284.989	208.601	131.148	223.828
284.971	206.846	131.932	220.072
282.648	203.443	131.334	220.078
283.687	202.804	129.618	218.011
283.063	198.958	130.120	222.280
284.131	199.172	130.340	221.724
285.377	197.106	129.474	223.789
284.411	201.568	128.202	220.171
288.309	199.265	128.068	224.172
288.925	202.630	127.480	220.574
291.984	202.698	128.808	221.538
295.692	203.374	128.018	222.658
302.961	203.566	128.157	222.858
307.085	207.292	129.205	222.865
308.589	208.783	133.157	224.488
310.743	208.605	135.488	224.098
312.590	208.065	138.800	226.922
319.083	208.548	139.702	230.761
322.300	206.308	140.808	231.316
325.291	209.031	140.489	228.458
327.777	210.265	140.143	230.203
329.254	213.326	139.042	228.554
331.691	218.180	139.275	227.849
334.040	218.530	140.141	229.981
333.812	217.408	140.166	230.795
332.752	218.205	140.069	229.158
333.853	216.448	139.016	234.169
334.615	219.145	137.656	233.452
335.409	220.871	137.055	235.796
335.124	222.298	135.750	235.520
335.798	224.005	137.849	238.001
335.989	226.912	136.193	234.399
337.300	228.651	135.728	237.731
337.679	231.755	135.098	237.923
339.465	230.044	134.819	242.035
338.383	231.893	135.901	241.189
339.835	233.807	135.156	242.606
340.178	235.533	133.959	242.380
339.300	238.230	133.686	242.898
337.480	238.282	134.199	242.159
337.854	239.604	132.776	243.697
336.543	243.560	132.067	243.114
333.423	246.389	133.429	245.394
329.166	248.107	136.400	244.818
327.825	248.477	135.059	248.384
328.381	250.190	135.017	250.303
325.586	251.502	133.960	251.714
318.144	255.938	139.468	258.451
316.268	255.014	140.909	258.797
313.294	259.052	140.905	258.537
313.379	259.437	140.796	263.663
311.566	264.350	141.554	261.797
308.857	270.425	143.505	266.828
311.503	276.046	141.647	265.370
310.656	277.301	143.133	266.953
308.734	276.732	146.398	268.101
309.565	277.229	146.977	273.914
306.877	281.926	148.518	272.675
307.407	275.517	149.466	280.713
305.407	278.610	151.847	275.774
306.362	283.891	153.975	276.221
303.309	283.335	157.660	278.129
298.490	279.988	166.676	289.251
295.532	279.185	169.006	289.101
294.567	278.731	173.992	289.601
297.982	278.047	172.080	290.773
297.597	278.323	172.696	291.693
299.039	277.078	174.687	292.538
298.458	274.228	174.370	294.641
297.600	274.149	179.681	294.065
298.182	273.770	179.515	296.114
296.040	271.664	182.970	297.609
295.413	271.266	181.413	298.470
295.539	268.999	179.887	299.917
292.171	266.581	184.692	301.357
286.886	268.003	188.574	299.463
287.036	267.860	186.321	298.478
86.756	196.940	353.193	372.769
265.903	257.232	211.005	318.768
277.992	266.498	188.262	301.637
289.691	259.482	181.075	307.644
292.472	270.738	179.215	298.044
311.878	260.809	177.814	305.528
315.050	264.879	187.187	300.827
324.120	268.404	187.721	295.002
331.998	265.994	190.144	298.136
339.945	268.203	192.271	294.920
351.011	265.766	199.192	295.241
363.550	274.295	198.087	287.769
364.831	274.049	203.438	288.608
372.004	279.819	204.129	283.326
376.809	278.248	204.647	284.299
384.165	279.291	208.151	286.159
387.746	276.325	204.876	287.754
379.865	273.046	213.881	290.239
391.831	280.347	202.331	285.185
387.167	273.090	207.586	290.247
391.053	277.952	200.579	288.346
390.277	275.914	201.416	289.144
388.711	277.668	200.431	287.951
383.296	275.126	200.840	290.493
371.083	276.380	205.924	289.585
359.654	272.249	206.475	295.713
351.813	270.668	206.386	295.784
351.811	274.879	201.881	292.523
332.512	272.448	211.502	293.801
329.022	273.877	207.961	294.008
315.168	272.082	202.825	295.086
316.264	270.131	196.399	298.636
299.706	269.115	199.442	297.846
295.545	264.905	200.159	301.413
285.900	274.655	198.180	293.559
280.405	277.474	194.100	289.838
262.748	278.736	193.602	285.985
248.658	267.818	193.969	295.450
234.721	262.449	202.008	300.958
219.413	265.757	213.098	302.792
199.111	253.950	227.485	311.252
189.685	267.168	216.836	303.265
182.144	268.408	217.531	298.980
178.952	257.782	209.363	308.882
169.827	249.666	210.701	318.155
159.638	240.387	212.241	325.149
152.879	249.179	199.213	316.519
146.874	243.359	209.111	308.659
138.173	244.279	205.867	306.456
131.678	241.208	209.573	303.824
128.693	236.964	207.597	303.641
115.497	227.918	213.909	302.538
111.049	221.534	215.571	307.973
110.279	222.874	215.479	307.672
103.554	222.666	217.854	304.021
95.962	222.737	227.499	302.232
91.483	224.352	214.784	299.865
87.847	230.411	233.763	294.985
81.637	228.626	222.808	293.461
71.740	236.320	231.806	290.103
64.294	229.796	210.732	294.147
45.923	239.076	205.461	294.926
36.305	239.371	198.732	292.702
43.467	252.347	178.893	281.312
146.406	244.302	188.996	258.175
131.457	234.702	194.829	260.498
121.798	235.190	194.635	261.478
128.627	242.790	185.118	255.541
12.024	251.066	172.265	284.073
129.600	246.500	175.944	256.207
108.717	240.008	194.872	258.308
8.914	243.398	174.183	291.228
123.639	244.718	178.614	256.549
118.116	235.554	187.463	262.827
12.049	239.689	180.492	294.974
125.684	242.638	186.221	257.842
55.719	238.071	206.305	282.954
139.909	226.566	187.567	273.522
52.815	234.932	167.386	288.925
158.056	232.829	180.610	261.404
85.295	241.705	164.218	278.444
103.049	235.453	176.161	284.072
99.355	237.804	186.334	281.344
121.255	242.658	169.704	278.992
222.073	240.786	181.786	252.918
147.892	234.948	178.870	287.773
165.807	224.979	174.247	285.731
187.679	232.217	192.651	275.921
225.812	220.498	183.973	283.953
188.361	179.273	300.092	330.580
557.748	576.000	288.858	0.000
258.630	197.903	216.432	308.824
285.867	208.531	201.199	293.755
294.225	206.344	207.323	295.428
317.267	206.106	206.791	296.970
328.654	205.906	218.497	297.315
354.913	207.025	225.215	294.334
358.179	204.917	239.208	301.325
374.563	207.286	231.415	300.784
387.265	207.716	234.120	300.434
403.530	210.553	226.546	300.265
430.807	216.473	218.537	295.615
442.811	219.439	213.124	295.800
451.180	223.000	211.999	295.306
464.467	227.683	205.603	289.050
471.164	228.574	200.819	288.683
490.859	234.388	190.725	288.160
498.258	247.480	192.906	275.383
499.597	242.742	198.787	282.290
504.086	236.128	200.935	287.128
508.754	234.386	202.309	288.465
524.150	248.087	194.208	278.338
531.762	236.844	192.221	289.742
534.585	243.550	191.473	286.019
541.491	243.452	188.553	289.565
545.491	244.432	187.913	292.419
547.626	252.619	188.172	285.197
533.689	248.399	201.066	290.701
544.449	254.576	186.261	281.268
535.672	258.685	191.737	280.646
529.243	263.118	194.408	276.112
516.149	268.193	199.174	268.865
519.773	262.306	188.748	276.296
519.708	266.500	183.898	274.594
488.428	269.574	205.460	271.725
488.534	272.831	197.399	267.344
489.111	280.872	173.301	263.097
483.564	287.548	162.495	259.666
470.609	289.117	154.532	261.438
437.534	321.764	167.533	231.277
378.862	172.839	237.865	382.846
397.932	168.494	254.042	341.690
405.336	192.464	259.096	306.524
433.573	168.050	253.820	313.061
436.146	169.333	264.121	301.868
452.878	166.419	258.811	301.855
468.901	154.459	259.405	308.342
477.420	162.422	248.682	299.522
477.242	160.147	251.108	298.859
475.052	156.233	255.243	304.529
478.021	160.973	248.248	297.652
460.885	159.690	255.029	302.921
448.387	161.282	254.710	302.594
433.989	164.477	257.457	298.378
327.861	273.903	178.734	282.649
413.435	170.923	248.880	294.547
363.019	277.243	178.640	287.453
352.143	171.195	230.369	378.719
328.855	182.678	251.237	375.426
312.095	195.493	279.556	364.583
376.314	254.215	235.874	305.447
258.322	202.854	203.204	297.068
460.807	290.890	207.655	267.456
471.611	295.257	208.100	270.392
211.960	221.886	198.030	283.740
494.754	305.281	216.866	268.297
510.319	314.657	230.576	261.343
514.121	303.007	236.051	272.993
196.785	236.382	173.638	288.354
536.464	325.853	216.955	249.797
540.952	327.501	215.811	248.499
552.989	339.789	207.209	236.095
554.105	342.766	207.306	233.234
557.134	345.332	202.485	230.668
561.024	345.511	194.169	230.489
559.425	346.358	193.517	229.642
547.923	341.206	202.835	234.794
239.406	260.865	198.105	284.723
538.894	335.476	203.776	240.524
256.184	256.826	206.391	283.372
527.961	320.489	205.673	255.511
510.792	320.392	206.470	255.297
305.496	258.239	202.291	273.080
312.321	257.076	216.217	280.570
320.137	260.231	209.196	270.890
323.810	263.546	214.187	269.515
342.547	272.699	205.140	265.543
332.894	270.193	218.503	269.315
336.045	263.406	212.295	278.514
340.719	270.536	207.052	270.576
330.936	273.949	215.969	271.165
472.754	235.664	195.704	282.982
465.554	227.357	204.242	286.612
462.001	222.429	206.851	286.819
313.705	285.884	195.368	279.924
464.492	213.988	215.564	299.238
305.340	283.322	196.257	275.555
477.660	240.347	191.259	282.003
475.112	253.778	186.244	284.197
473.778	264.198	183.550	284.403
288.171	220.648	193.378	285.667
285.872	180.190	189.151	299.316
486.250	325.778	174.856	246.415
483.889	337.740	177.232	234.951
483.301	339.573	176.126	236.036
269.119	164.598	202.223	274.072
275.440	182.186	187.217	291.461
472.015	320.219	184.656	255.781
289.661	239.669	173.710	283.221
295.392	260.757	170.012	288.868
298.130	288.436	167.841	276.500
466.153	269.868	186.886	268.243
468.574	269.481	182.235	269.563
292.464	305.836	181.515	265.114
467.081	269.481	179.556	273.185
462.777	273.557	184.411	268.904
297.858	261.861	187.028	271.934
447.908	284.340	201.863	269.060
454.119	294.659	178.300	265.523
454.377	294.922	181.204	259.799
454.569	294.676	175.542	260.177
448.349	303.327	168.406	252.546
439.365	306.225	170.135	250.288
431.842	309.257	164.915	246.574
410.469	294.902	177.592	261.591
361.089	228.855	215.642	329.144
336.604	178.201	228.619	380.365
344.534	181.825	212.704	383.608
349.710	183.216	211.221	379.894
355.866	189.058	207.904	374.770
360.681	200.802	208.751	363.951
362.829	212.736	206.389	350.371
364.447	233.271	213.275	327.883
366.748	241.251	215.919	316.600
367.880	239.927	218.342	313.173
366.759	235.011	222.330	313.094
368.940	224.602	220.955	318.719
368.689	204.141	222.587	323.457
368.674	202.725	223.584	324.504
366.821	194.816	227.302	325.666
367.165	187.674	225.524	326.382
365.415	185.681	228.419	321.369
366.740	183.655	227.343	316.214
370.049	181.832	222.656	315.112
371.265	184.729	217.881	312.378
372.900	190.647	209.703	307.105
368.825	197.410	208.532	300.882
368.837	205.989	198.420	295.833
368.945	213.797	192.888	286.819
373.430	214.407	178.381	289.250
364.061	212.696	181.854	293.053
348.955	214.222	197.074	295.622
339.775	224.981	213.515	295.745
350.615	226.628	206.154	289.920
389.483	262.765	171.510	266.484
415.392	283.724	153.076	242.836
424.955	289.610	159.451	236.213
417.649	294.340	172.132	236.121
434.740	292.888	163.081	236.917
441.951	293.550	164.851	232.437
446.540	291.356	169.449	234.040
448.925	289.436	171.179	234.303
266.720	235.286	136.915	242.492
449.497	281.924	181.413	236.261
448.804	277.345	184.742	239.364
444.175	270.614	189.438	240.848
448.189	268.673	182.721	241.017
438.508	255.493	185.529	246.360
431.519	255.724	187.510	245.328
421.429	251.912	182.978	247.307
424.399	251.578	167.777	242.306
399.945	249.987	177.518	238.537
366.177	245.133	185.159	240.996
367.544	244.806	180.021	238.756
365.396	244.309	182.132	238.323
360.331	243.098	170.271	236.059
355.465	242.961	145.788	233.671
346.578	245.915	132.383	232.048
345.204	246.722	128.018	231.202
343.023	246.231	127.376	232.971
343.935	249.002	126.613	231.246
345.169	249.899	124.487	229.732
348.887	250.932	128.085	228.163
355.639	252.403	135.031	227.868
354.894	249.737	145.773	232.581
360.669	248.961	151.503	233.778
376.582	252.145	149.874	231.665
392.336	254.408	152.189	231.943
405.836	259.546	168.378	229.439
412.482	264.674	175.912	228.833
418.339	268.026	183.527	227.561
423.029	273.629	188.397	223.950
425.132	275.593	193.835	223.913
425.996	281.580	197.447	219.257
424.477	282.380	198.707	219.613
420.446	284.243	196.359	219.853
416.730	286.402	192.957	221.538
414.103	286.030	185.671	222.724
419.966	290.260	155.718	222.133
414.188	293.614	145.487	220.133
397.012	294.361	143.328	221.446
366.275	297.495	151.213	216.413
348.392	288.007	147.584	225.730
331.597	279.719	130.347	227.600
321.938	274.720	127.312	228.725
313.567	269.774	127.851	227.288
305.498	265.529	129.403	227.781
299.547	262.938	131.942	226.540
298.891	257.409	131.901	229.970
301.022	254.863	135.001	231.228
306.037	252.700	137.642	234.296
316.727	253.382	135.381	235.998
325.622	256.267	132.769	235.676
332.231	262.712	142.597	239.779
334.795	267.799	149.393	237.298
337.863	271.516	151.751	237.300
341.371	274.680	152.995	235.144
347.464	275.838	152.921	234.065
355.802	278.575	147.712	234.085
361.950	282.550	144.217	230.056
367.857	285.055	138.090	231.184
370.401	288.916	135.206	228.537
372.326	289.963	134.485	231.429
375.699	295.391	136.764	228.362
376.266	298.308	137.950	225.206
379.405	297.613	137.415	226.307
381.615	298.620	139.691	225.836
382.841	304.255	142.765	220.429
398.570	304.221	134.712	224.151
406.199	301.293	136.695	228.622
414.933	303.266	138.622	226.285
419.449	306.732	144.184	224.900
421.484	303.560	151.283	225.323
409.028	289.906	170.406	233.093
403.585	288.012	178.803	235.636
399.893	286.493	185.982	237.560
397.975	286.812	191.652	238.807
397.819	286.764	191.644	239.169
396.380	278.135	184.651	245.033
391.284	272.349	183.641	249.769
390.345	270.435	176.201	249.196
392.515	268.332	162.598	248.998
386.315	268.598	151.215	246.322
360.498	269.325	154.644	242.664
347.878	267.127	168.055	245.481
329.815	270.353	197.667	245.549
318.932	276.509	207.036	243.313
309.553	278.879	205.871	246.125
300.361	290.761	203.739	239.714
301.538	299.964	202.741	237.980
305.813	307.290	197.163	235.193
316.033	314.810	182.710	229.974
325.246	319.316	174.133	225.898
344.455	329.124	159.446	219.425
354.515	333.377	152.351	216.584
363.594	335.131	148.173	215.486
370.696	337.027	145.683	212.083
372.684	338.375	149.319	211.683
368.861	339.779	160.265	215.980
364.526	339.974	171.474	217.543
362.652	337.765	177.021	219.924
360.643	333.617	182.313	224.305
358.884	329.411	188.289	230.277
368.959	320.999	174.963	239.571
380.507	324.128	168.393	236.242
400.637	326.151	160.056	233.933
409.546	326.008	157.322	232.502
430.364	323.871	153.228	235.668
431.999	318.310	197.953	235.544
438.402	324.832	208.902	225.282
434.547	322.092	225.576	224.322
431.033	324.733	236.097	215.383
429.248	324.005	236.399	212.108
430.686	321.546	222.035	209.662
433.534	322.672	206.433	208.633
446.338	323.850	173.501	210.924
451.608	320.083	142.109	214.942
428.993	323.883	153.820	209.069
370.911	333.534	139.399	203.848
354.371	328.413	127.060	208.619
332.508	328.262	152.285	208.007
311.833	326.259	168.884	211.289
293.648	322.975	185.201	217.605
271.291	298.636	216.291	255.330
277.647	317.633	199.807	225.833
284.763	312.941	194.493	234.428
295.388	309.671	184.044	237.076
309.846	306.781	180.266	238.000
344.036	299.040	157.914	242.575
360.481	294.298	150.639	246.740
376.948	294.240	151.789	247.180
380.666	294.233	167.397	247.536
386.576	288.447	176.559	254.373
392.088	281.446	181.134	257.090
400.329	279.437	186.887	252.065
408.540	281.039	184.480	248.155
414.692	281.132	184.392	245.815
413.990	278.380	185.799	249.213
401.041	277.341	197.728	252.347
393.099	278.853	201.593	253.339
382.708	276.956	205.233	259.206
372.473	278.974	220.272	261.815
367.012	283.893	223.885	257.186
361.493	289.916	198.095	257.010
348.042	299.393	168.609	250.014
345.276	301.424	148.345	247.556
344.658	306.503	137.505	240.696
343.361	311.609	134.702	236.053
343.226	312.063	134.674	236.385
352.591	310.152	131.130	231.621
363.086	323.256	123.663	216.536
370.999	310.719	140.433	219.197
338.352	299.645	178.652	225.862
398.799	308.142	136.369	215.858
413.837	292.052	159.181	226.071
416.468	294.104	170.642	223.295
418.136	292.232	183.369	225.671
419.498	289.708	192.363	227.545
424.026	290.169	192.840	229.990
431.044	293.192	183.156	237.238
425.287	295.077	180.874	242.036
425.963	296.432	162.211	245.028
422.543	301.995	144.511	244.444
405.385	309.081	141.851	239.085
359.957	313.166	168.859	244.300
336.971	318.164	200.996	241.278
322.323	321.533	220.039	239.546
312.460	326.824	227.078	239.406
306.677	330.694	222.954	238.567
315.565	338.723	204.356	231.545
324.781	339.328	194.203	229.693
337.623	341.479	184.396	225.175
351.649	342.365	168.286	220.614
369.986	343.535	149.879	214.524
391.662	344.739	129.981	203.935
400.187	345.522	129.447	196.473
404.134	346.937	128.588	194.283
406.502	345.616	127.424	193.752
405.856	346.547	126.665	196.814
389.206	343.042	139.416	206.502
374.026	342.269	158.281	211.901
361.662	341.969	177.656	215.591
352.832	341.097	189.976	220.204
347.218	340.468	199.341	223.035
345.688	336.384	204.349	230.750
353.127	332.362	198.046	235.634
364.950	327.759	180.110	242.223
384.129	328.166	171.674	239.845
400.408	329.541	161.533	236.732
424.298	323.520	178.190	239.066
415.665	317.702	212.395	242.009
424.199	315.015	222.428	238.718
423.699	312.298	238.696	234.284
423.475	314.978	249.802	224.453
423.483	311.838	248.761	219.979
419.725	309.929	242.371	218.311
418.177	307.306	234.303	218.814
426.831	306.192	203.567	217.391
440.554	300.376	162.136	223.657
399.830	300.767	191.665	217.601
357.077	309.363	151.961	208.149
491.526	283.922	193.682	210.018
322.472	298.615	144.004	213.283
299.022	292.411	155.653	218.918
264.273	286.291	182.487	226.580
252.151	290.695	192.249	222.942
248.490	288.310	194.426	225.207
472.811	287.016	150.248	193.553
262.015	278.040	181.756	240.235
285.283	263.518	153.129	248.124
300.838	259.166	144.430	247.983
302.985	256.047	152.951	249.826
306.847	253.367	163.818	253.850
305.467	254.066	180.580	251.188
306.673	252.615	193.169	246.196
310.509	246.969	190.865	247.885
310.432	243.077	192.967	248.707
312.422	240.167	188.171	248.819
321.990	242.964	177.487	243.778
311.804	242.636	180.073	247.385
306.923	248.253	175.786	243.249
302.570	253.999	166.621	241.688
294.553	258.596	167.498	241.272
287.861	261.447	174.261	238.550
278.738	260.619	149.582	239.061
270.844	265.062	141.802	232.982
263.420	265.800	136.288	230.389
255.429	267.388	134.584	228.455
247.806	268.990	132.232	226.951
242.291	269.738	130.765	224.811
244.415	268.095	127.767	225.052
247.566	267.492	125.667	224.536
249.361	266.824	125.683	223.822
251.670	266.949	127.947	222.605
257.167	270.984	138.809	220.197
259.381	269.798	152.225	222.073
263.628	270.752	161.727	219.853
265.777	267.596	167.528	219.885
264.927	265.131	172.340	220.559
270.714	257.019	174.067	226.254
271.999	249.607	174.916	233.965
272.522	239.392	172.992	242.436
273.034	230.022	169.540	249.262
267.827	222.530	171.533	257.374
259.624	208.404	179.557	266.288
252.039	205.808	190.028	262.611
248.105	202.495	196.556	261.523
244.216	200.487	207.554	257.977
243.268	200.165	216.557	255.249
241.522	197.570	230.842	252.661
240.549	195.870	227.211	251.836
238.667	196.847	218.799	249.716
238.422	194.774	216.472	252.326
239.680	197.669	178.428	248.255
243.956	201.418	179.234	247.013
246.472	213.295	174.916	233.770
246.752	207.340	177.635	237.948
250.107	212.354	176.221	231.706
249.028	210.561	175.384	231.168
247.838	207.686	177.127	231.962
248.157	204.985	176.473	233.372
239.644	209.075	184.861	226.473
229.210	212.913	191.346	218.155
221.377	210.026	196.083	219.121
204.396	201.128	204.315	224.084
200.905	207.454	199.522	215.917
193.382	208.297	207.911	212.796
186.494	204.319	209.010	216.781
187.763	200.653	209.032	218.436
172.725	199.541	229.139	212.983
162.788	200.282	239.651	207.205
153.106	196.708	247.289	208.033
146.775	194.380	250.705	208.653
139.141	192.989	257.416	205.584
133.916	191.215	262.339	204.250
130.518	188.995	265.788	205.388
129.266	185.777	263.510	209.716
127.435	182.229	261.068	219.035
126.073	178.483	259.957	227.514
132.660	181.960	246.353	235.032
134.297	192.598	241.177	230.669
135.894	200.359	233.196	227.825
136.800	206.545	226.906	226.828
134.162	212.383	225.509	225.042
133.254	218.353	222.222	222.615
141.785	214.630	212.005	227.875
142.088	215.359	209.827	227.679
141.895	217.212	210.533	223.969
142.674	218.344	208.750	222.386
139.983	219.934	214.787	218.626
141.348	221.177	211.849	216.664
139.654	221.171	215.960	214.557
134.587	226.561	225.176	206.138
131.932	227.964	229.870	202.880
131.997	227.964	230.263	201.057
130.633	224.526	233.173	204.385
129.957	223.043	232.946	205.572
129.813	221.293	233.988	206.528
128.474	218.880	232.938	208.599
125.693	216.065	232.327	210.213
120.785	212.732	235.337	212.585
119.839	211.990	236.660	212.785
116.904	209.533	238.576	214.681
115.722	208.342	238.131	215.241
111.192	206.647	242.266	215.252
109.424	204.073	242.738	216.505
108.089	201.790	244.437	217.658
104.229	198.091	247.568	219.683
101.312	195.814	247.864	222.727
95.628	191.533	249.986	223.458
91.857	188.846	254.358	225.472
90.115	185.161	249.619	228.413
84.214	183.835	250.176	228.853
80.111	181.295	249.395	232.581
75.908	177.981	248.430	238.200
73.118	177.367	249.433	239.359
74.049	174.939	251.622	242.854
77.435	177.061	255.424	241.777
83.253	182.124	259.483	235.333
95.634	193.365	256.476	225.333
116.707	193.560	256.926	224.259
132.713	192.005	259.441	223.534
143.801	187.420	267.951	222.267
155.856	183.414	272.325	219.307
170.453	174.536	273.763	218.909
187.898	152.717	285.070	228.092
189.453	145.285	291.389	247.329
197.089	135.188	296.988	269.244
201.310	126.456	311.384	282.147
206.005	118.179	309.079	296.778
206.146	99.473	291.739	221.721
205.879	105.321	290.633	185.438
283.820	277.440	285.002	171.263
287.016	273.759	289.529	184.783
282.704	294.918	263.922	162.566
332.980	269.176	280.416	182.676
203.464	126.687	274.711	184.955
336.807	252.939	284.242	187.379
344.702	225.675	283.844	199.353
211.928	169.140	350.566	209.546
187.619	191.451	286.579	201.551
176.553	204.460	273.134	207.316
174.379	195.808	305.587	225.395
163.343	193.777	321.124	248.096
162.780	222.441	255.073	236.892
151.975	271.610	253.336	199.297
302.519	170.809	281.389	150.409
284.180	168.180	291.632	147.481
150.953	254.863	242.373	226.079
147.709	252.960	247.000	223.839
153.336	239.430	249.037	219.220
155.592	224.615	271.681	221.696
154.796	210.092	265.125	225.109
164.206	194.278	266.641	222.754
168.908	178.363	269.140	230.525
177.077	146.261	271.200	219.192
174.355	132.136	265.342	204.274
181.781	121.183	262.762	204.531
186.667	116.474	264.511	194.676
189.576	111.586	261.769	192.085
193.306	111.191	257.960	188.924
196.966	113.531	250.059	190.693
197.248	122.370	244.671	190.695
197.807	132.258	237.379	193.370
196.334	144.666	240.250	190.673
192.080	164.814	218.685	175.310
192.108	179.479	199.220	199.398
188.716	196.314	216.890	197.337
182.826	210.886	218.004	199.049
182.329	222.131	211.024	201.495
169.804	239.710	205.114	201.837
164.503	246.349	196.820	204.913
165.093	242.787	186.028	216.129
163.572	244.025	180.177	216.533
163.341	241.815	173.108	220.492
164.616	225.984	163.695	228.407
169.413	212.907	163.908	237.742
176.220	203.415	166.410	237.067
188.471	195.253	163.970	236.683
200.136	189.998	163.711	234.132
223.336	176.197	161.509	233.259
239.450	169.659	157.557	231.289
252.196	166.083	153.360	229.176
264.411	164.116	146.036	226.832
273.316	162.238	143.309	225.464
282.946	160.394	140.957	222.062
286.836	160.140	139.327	221.349
289.247	161.096	138.734	220.209
290.410	160.582	138.072	218.930
291.121	160.665	138.284	217.074
291.493	158.649	136.860	218.362
291.245	157.932	136.263	218.574
291.612	157.707	135.800	217.657
294.138	158.626	133.903	217.709
295.172	157.996	132.519	217.348
296.741	157.964	131.961	217.007
298.314	157.668	132.127	217.303
300.113	157.890	131.318	216.153
301.713	156.602	129.659	217.291
300.892	155.560	130.618	215.463
299.716	150.557	132.844	214.401
297.116	149.743	133.357	213.656
294.731	146.663	136.820	214.949
296.553	139.597	136.793	222.676
295.886	134.745	138.331	233.809
295.145	123.387	140.602	260.232
293.008	117.040	143.989	277.377
290.958	105.761	141.779	260.049
289.088	99.198	136.721	212.513
290.721	92.819	136.097	213.709
291.594	91.959	137.257	207.452
292.729	94.454	137.874	204.890
294.289	99.990	136.941	204.848
298.097	101.596	140.458	218.673
298.313	120.585	155.219	256.144
299.257	137.361	140.702	241.753
294.168	147.674	146.137	220.501
296.418	150.358	148.395	208.441
309.631	156.785	133.752	200.152
316.308	160.241	128.865	199.199
321.011	167.305	127.678	197.997
326.020	170.194	126.479	197.069
331.183	174.102	123.184	194.762
330.087	174.265	126.464	194.075
325.224	176.350	129.148	191.102
324.084	184.839	126.814	184.104
318.284	182.765	129.856	186.405
307.045	188.186	137.013	186.030
304.856	177.595	136.672	196.715
306.103	187.419	130.544	192.081
296.879	191.237	124.580	190.537
293.964	195.350	123.269	191.350
287.870	199.591	120.036	186.898
282.904	199.334	117.602	189.695
277.366	200.858	117.222	189.651
379.100	220.242	214.200	131.162
257.906	210.527	114.598	183.266
252.754	212.073	113.054	182.048
247.110	213.533	112.305	183.010
244.116	214.723	109.182	182.047
239.277	217.005	106.293	181.562
239.351	219.670	104.790	179.693
240.398	220.485	103.451	179.690
243.579	221.204	103.540	180.868
247.071	224.098	104.019	178.351
260.326	222.219	103.360	180.383
267.161	224.673	106.332	178.064
274.398	222.120	110.273	182.003
284.885	220.529	109.122	181.990
294.368	220.452	110.479	181.605
312.958	214.428	118.474	184.888
324.475	211.070	123.111	186.610
341.537	208.865	119.348	187.028
343.286	208.062	129.208	185.263
350.498	204.190	133.146	188.589
383.100	194.532	126.414	184.352
300.562	247.571	188.491	146.357
292.858	255.828	204.075	138.833
288.144	249.122	215.746	141.387
282.872	254.093	217.941	135.489
278.565	255.974	217.970	130.407
276.664	259.791	224.122	124.230
276.569	258.136	209.704	125.091
395.200	194.666	124.833	178.597
388.457	196.456	124.484	178.748
373.347	198.059	124.545	180.406
357.711	202.742	128.678	178.145
340.655	204.296	132.016	179.549
319.872	208.265	136.084	186.164
313.234	209.810	123.045	191.016
277.236	215.710	112.683	184.539
261.259	219.759	117.920	181.345
245.016	221.249	116.186	179.363
397.768	276.723	181.433	132.965
218.201	228.083	105.587	173.662
198.102	229.460	101.845	172.972
191.208	231.722	98.219	169.898
186.061	231.936	98.405	169.720
184.061	229.924	96.677	169.194
183.436	230.216	97.990	167.468
186.397	223.719	101.839	167.245
190.606	220.153	101.703	167.866
192.119	214.086	106.511	169.641
198.504	211.585	106.497	168.632
202.700	207.338	108.428	168.566
206.260	202.754	110.867	168.869
221.186	194.977	107.721	167.482
224.162	193.190	110.202	168.047
229.475	191.681	111.472	167.887
235.528	190.236	112.039	165.517
240.082	189.388	113.520	164.971
250.364	189.132	112.084	165.619
256.295	191.583	110.683	166.044
261.522	192.763	113.560	167.756
266.134	194.959	113.187	168.044
271.571	197.337	112.544	166.589
280.039	205.743	110.489	165.599
284.001	207.644	108.686	166.485
286.748	210.801	108.295	166.344
290.153	212.814	106.914	167.085
292.842	215.766	106.221	167.791
296.725	223.277	107.328	168.734
297.596	226.845	108.532	169.561
299.264	229.160	108.976	171.287
300.744	231.938	108.315	171.111
301.415	232.964	108.943	171.968
308.701	234.043	105.930	172.595
312.246	234.156	107.426	173.327
318.866	233.063	106.475	174.253
326.361	232.412	105.958	174.207
334.693	229.854	105.527	176.880
351.775	224.406	106.778	177.621
361.525	220.683	110.222	178.531
372.006	216.186	111.744	180.189
383.313	212.733	112.108	181.292
394.929	208.779	112.987	178.314
415.124	199.940	107.159	180.298
426.331	196.471	105.642	181.382
434.540	192.843	108.643	189.915
443.857	190.277	107.886	186.406
451.056	186.429	108.827	173.876
458.821	179.781	111.493	185.728
459.817	176.291	116.574	186.922
462.247	175.275	118.336	174.150
461.469	171.229	121.114	172.886
460.049	168.514	121.068	177.218
454.101	165.687	122.198	178.548
449.543	165.046	122.696	177.937
444.117	164.702	123.494	176.872
438.657	165.444	122.137	176.224
432.530	167.219	121.630	174.942
419.690	171.237	121.422	177.514
413.306	177.499	120.415	177.561
406.458	183.605	118.963	175.850
403.368	192.470	108.696	173.063
397.359	199.950	104.890	173.626
385.468	210.594	101.613	178.726
379.839	220.843	102.708	175.875
374.362	229.177	102.886	175.987
369.262	236.114	102.788	178.808
363.825	245.069	103.248	181.353
351.739	260.195	105.988	182.863
346.489	267.405	107.237	183.977
341.520	273.514	110.500	182.523
340.939	274.465	107.122	185.071
340.088	273.780	107.992	186.538
345.365	265.516	111.266	188.678
352.108	258.775	113.080	191.551
359.269	253.043	114.098	191.824
367.051	246.922	116.678	192.117
375.792	240.870	119.144	192.124
390.537	228.220	125.258	195.784
399.156	221.313	125.324	196.538
404.092	215.337	128.159	195.471
411.800	212.428	132.587	194.928
424.378	207.594	128.081	193.753
436.567	203.890	126.550	191.319
437.864	205.807	127.906	189.748
437.655	212.526	130.623	179.287
443.320	218.771	125.217	169.440
444.082	225.827	122.864	159.219
429.214	210.853	120.048	171.154
414.054	208.696	125.852	176.333
396.912	203.120	132.618	183.847
379.300	192.165	133.381	198.558
359.370	195.080	138.871	199.455
325.759	202.720	131.598	197.989
307.083	200.376	130.889	204.146
290.267	201.893	131.232	205.319
273.107	206.934	130.810	204.092
258.620	211.689	125.293	199.995
234.564	216.715	119.710	198.768
224.293	220.897	115.731	196.391
218.447	223.151	111.928	196.257
212.857	225.878	112.663	196.429
212.108	227.707	110.597	197.846
217.390	227.821	112.053	199.991
223.051	229.416	115.157	199.685
230.737	229.621	117.397	201.244
240.391	229.613	119.806	203.212
249.405	229.792	125.898	206.922
272.621	233.362	132.475	210.203
284.851	232.982	134.608	212.527
296.719	233.408	133.968	214.529
309.272	232.139	136.497	214.794
320.864	233.226	138.658	214.201
335.859	230.024	142.470	214.420
337.931	226.608	151.324	212.361
335.557	219.880	158.248	223.451
333.357	212.720	166.581	235.241
332.944	201.306	166.469	251.512
331.014	185.825	172.898	281.114
329.011	173.979	154.865	257.780
325.276	165.472	150.276	211.696
315.690	282.144	233.325	211.493
316.365	246.044	209.817	239.226
321.535	199.448	239.406	218.272
355.112	346.671	228.367	146.220
357.059	344.356	228.475	148.987
354.799	348.420	250.205	148.554
353.810	351.444	253.733	145.998
299.514	193.911	138.663	209.755
302.138	201.549	175.463	244.862
308.541	215.361	228.328	254.349
309.885	227.480	286.593	232.935
307.954	240.034	264.214	211.301
302.710	263.272	188.903	212.986
305.925	282.049	188.515	205.453
294.929	287.271	173.868	211.530
300.764	292.850	144.759	217.910
294.060	309.331	143.909	212.187
284.409	329.935	141.584	200.413
275.950	334.592	142.903	198.789
266.435	330.482	143.571	201.800
368.627	221.952	251.523	144.720
371.276	219.096	257.270	139.311
374.235	228.208	253.867	135.335
383.819	230.555	236.675	134.877
381.976	240.544	242.538	132.090
390.107	242.985	226.227	132.026
383.061	250.137	239.712	132.228
374.133	254.841	242.321	139.103
368.141	247.300	251.856	147.372
328.531	236.798	296.493	174.617
303.438	224.783	297.332	201.105
302.068	215.831	172.863	205.173
334.611	204.846	175.068	224.476
348.309	202.313	158.717	233.307
361.709	201.840	152.928	241.065
371.526	199.153	154.116	248.933
382.066	196.304	142.135	252.829
394.946	197.284	134.530	255.680
393.779	200.423	135.808	250.317
399.737	200.322	129.575	226.867
402.373	198.114	119.115	202.487
401.633	194.532	120.888	209.476
398.231	201.212	119.837	199.259
396.217	204.961	118.536	195.024
394.577	208.257	116.631	191.486
391.926	212.078	116.865	187.904
389.511	217.283	117.772	185.765
384.687	224.156	109.903	184.408
473.704	271.493	116.970	177.508
493.179	267.900	98.420	183.100
481.756	275.492	112.338	179.514
487.269	272.295	110.395	182.930
490.840	273.288	117.016	183.926
493.480	274.869	121.830	185.029
490.616	272.885	130.943	186.957
492.456	272.456	131.805	183.887
490.134	271.068	138.232	183.957
486.669	267.087	143.420	182.703
484.574	257.204	146.242	184.777
480.963	257.810	142.418	188.255
479.157	254.951	134.525	184.370
475.183	249.204	126.477	188.667
384.361	242.834	127.456	177.830
385.524	239.439	149.100	183.536
387.839	220.600	141.489	198.674
389.462	211.141	125.106	210.253
389.224	194.998	129.948	226.062
381.900	185.725	123.982	237.417
368.429	165.491	131.869	259.196
365.408	162.395	132.013	265.850
361.165	153.480	130.523	278.974
358.268	153.141	127.956	281.397
355.299	139.299	123.648	299.676
343.538	206.409	122.732	240.621
337.123	269.367	115.841	187.347
332.263	272.761	113.917	178.766
328.733	271.989	109.585	178.723
325.200	268.832	107.031	181.122
322.780	268.225	105.612	180.418
321.663	266.168	106.081	180.485
366.468	117.698	103.952	168.622
365.382	119.884	103.795	166.181
365.936	120.823	101.981	165.066
324.043	262.255	104.095	182.166
326.392	263.716	103.531	180.013
325.064	262.529	105.161	180.373
326.396	261.700	106.000	181.683
325.985	262.003	106.997	179.911
326.475	262.972	105.742	179.977
325.870	266.211	104.973	177.517
323.848	267.158	105.456	178.044
321.097	270.496	105.422	175.648
319.577	271.413	106.128	174.574
357.239	146.985	108.978	160.214
307.577	284.203	105.319	161.455
302.500	289.160	105.574	154.946
296.365	285.941	106.039	155.231
291.019	288.374	106.598	150.589
279.868	271.254	102.442	158.659
349.733	198.952	117.839	139.662
269.733	259.257	100.746	163.252
266.354	257.299	99.404	165.433
264.220	252.273	100.433	166.129
267.333	242.084	135.888	147.949
368.618	248.712	100.904	150.108
372.194	259.754	99.120	148.277
370.076	267.881	96.656	142.838
369.360	246.728	121.568	177.469
362.767	284.923	99.066	136.769
247.872	236.183	100.798	165.035
249.999	236.812	100.170	166.255
249.118	236.038	99.827	164.133
249.691	233.082	100.322	167.001
249.100	225.389	102.176	168.049
253.202	221.621	102.273	170.941
252.124	217.242	106.418	171.164
255.655	212.382	106.349	172.624
259.750	206.454	106.780	175.713
264.728	200.004	104.109	175.017
269.283	195.115	104.171	177.294
274.257	192.523	104.060	175.797
277.105	187.338	107.542	181.504
280.871	181.953	111.252	183.964
291.140	179.069	110.980	183.432
295.057	175.473	119.260	206.340
295.081	180.797	120.638	237.163
299.383	180.744	116.804	248.782
303.518	178.368	116.719	249.251
304.797	177.675	117.703	246.355
305.776	178.107	117.001	249.279
303.131	179.569	118.310	238.353
296.415	180.307	122.814	237.220
291.484	181.109	126.329	230.837
274.886	183.905	126.491	177.719
266.391	188.185	119.280	177.267
255.593	192.667	121.045	178.011
244.970	200.772	121.417	174.876
235.212	205.593	116.067	173.734
215.953	219.274	104.864	167.824
203.719	225.905	98.631	166.388
193.014	230.411	94.753	167.310
182.073	237.488	94.471	169.054
172.516	245.527	94.441	166.936
157.171	254.559	95.642	164.755
152.306	260.181	95.008	161.323
150.680	260.594	97.291	161.224
151.213	263.696	96.290	157.152
153.397	265.844	94.817	155.835
161.725	265.840	94.185	155.758
168.822	266.212	92.980	154.417
177.211	265.562	91.746	155.550
186.949	265.356	91.376	157.140
197.478	263.627	93.099	159.562
222.655	264.675	92.524	162.234
236.822	264.658	93.818	163.216
251.484	263.860	94.313	164.913
266.404	263.909	95.452	165.079
280.928	263.920	97.379	166.782
310.835	255.327	105.042	173.371
491.533	263.861	98.870	170.220
338.852	247.373	107.798	176.040
353.852	245.339	108.803	174.784
368.599	243.281	110.693	177.087
393.852	235.952	104.245	176.589
412.023	241.418	140.214	174.395
416.799	233.181	127.384	176.769
408.616	231.563	140.127	178.186
402.838	224.099	151.546	186.123
411.151	206.776	158.986	206.333
383.368	200.936	176.030	205.301
378.958	201.844	172.514	210.503
461.408	223.763	123.955	192.910
465.855	234.467	112.908	180.994
461.069	236.995	112.949	178.001
457.538	238.623	112.190	177.281
453.350	241.191	110.131	174.230
448.021	244.875	108.794	174.041
441.673	250.051	108.350	171.350
440.049	247.662	110.609	173.380
387.628	221.727	124.129	186.691
386.804	223.598	127.978	185.644
385.914	218.916	130.327	189.258
386.047	218.060	130.771	190.231
386.675	217.826	130.042	190.457
387.449	218.606	129.889	189.769
388.150	219.187	129.488	188.924
388.066	218.643	129.205	189.373
388.137	218.255	129.379	189.670
386.002	219.925	134.639	188.641
386.445	218.693	135.388	188.859
386.867	219.080	133.707	188.562
387.239	218.347	133.780	189.845
386.915	218.884	133.474	189.027
386.505	219.391	135.030	188.335
386.100	219.080	135.133	187.740
386.087	219.264	134.014	189.110
386.122	217.256	134.159	189.383
386.063	219.264	132.910	188.832
385.050	221.030	135.360	187.253
384.790	221.240	132.835	187.149
384.525	219.720	134.588	188.842
384.371	221.622	133.332	187.032
384.390	219.460	133.900	189.558
384.297	222.245	132.991	187.334
384.140	219.979	133.974	189.955
384.870	221.119	132.103	188.645
385.120	219.590	132.239	189.885
384.799	220.018	130.823	189.742
383.974	219.265	135.054	190.394
384.401	220.993	132.715	189.143
384.036	219.563	135.328	189.465
385.078	219.723	130.505	189.856
385.805	219.590	129.709	190.160
385.035	220.108	131.453	190.286
384.768	221.877	133.304	188.345
383.458	219.096	134.672	190.668
383.917	219.467	132.198	190.391
384.583	219.041	132.105	190.446
384.894	221.750	132.613	188.288
385.410	220.022	132.795	190.106
384.680	222.634	132.677	188.885
384.036	221.068	135.854	190.526
384.145	222.231	135.969	190.342
382.110	234.428	147.772	180.197
380.861	227.475	151.436	185.414
376.828	225.614	156.288	191.225
370.056	224.781	166.775	192.505
386.812	226.848	159.304	191.200
689.311	46.155	128.328	219.785
348.435	234.729	113.370	184.877
457.962	241.250	114.886	185.723
457.400	240.690	122.962	187.181
463.933	240.959	122.725	190.177
312.472	244.344	105.763	182.015
301.136	244.543	113.382	179.174
294.097	244.082	111.018	180.534
287.063	245.977	109.512	178.491
281.777	245.552	108.031	178.471
271.771	248.185	104.306	176.699
266.520	248.941	106.127	175.104
263.618	248.252	104.615	176.089
261.883	246.342	103.052	178.374
259.348	246.020	101.868	178.752
257.328	247.860	100.885	176.738
258.945	245.922	102.240	178.845
256.794	245.520	101.060	178.833
259.923	246.404	100.533	177.807
261.212	247.174	102.374	176.667
268.008	244.591	102.775	178.906
270.786	243.463	103.786	178.859
274.298	242.966	104.161	178.814
276.108	242.478	107.054	180.068
278.329	241.718	109.021	180.228
285.754	241.964	107.982	180.622
289.692	238.019	108.552	184.597
294.242	237.022	109.268	185.508
298.547	234.887	110.370	186.915
303.801	233.399	111.597	188.509
318.329	228.930	112.586	189.337
323.419	227.414	118.380	189.784
329.468	222.835	122.246	193.221
336.896	219.946	124.085	192.977
347.806	217.174	125.399	194.349
368.905	211.225	119.178	196.701
379.353	207.273	117.092	211.589
390.554	205.719	114.170	212.497
399.802	204.346	117.372	220.581
402.662	200.168	129.162	218.689
405.154	196.156	132.749	229.884
399.539	197.076	142.792	234.813
400.585	194.597	136.693	233.055
413.707	191.217	140.104	227.611
415.562	188.630	142.674	211.027
409.196	190.753	141.980	205.879
403.253	193.318	141.248	208.717
398.952	195.327	132.681	222.139
392.586	198.363	128.269	218.326
384.440	199.954	135.894	237.159
363.359	213.091	127.833	227.898
348.761	217.335	126.040	210.609
339.966	226.428	128.544	202.779
328.953	229.819	135.783	203.526
317.111	234.290	135.486	202.538
293.085	242.511	128.692	204.144
280.809	247.769	132.335	200.345
269.049	250.229	131.182	201.652
257.786	255.175	130.748	199.087
247.008	258.044	127.528	197.063
230.586	263.852	122.859	195.600
222.830	267.551	124.028	191.788
217.313	269.310	123.343	190.937
213.269	271.419	123.332	191.258
212.195	271.952	120.883	191.802
212.369	273.783	118.884	191.483
214.035	273.935	118.599	191.895
216.203	274.754	120.380	192.773
218.810	274.604	122.830	193.897
222.501	272.921	125.199	195.969
233.131	269.017	128.136	200.435
240.707	265.374	131.881	204.448
250.798	261.724	133.280	207.737
260.552	259.968	134.519	208.676
268.987	257.775	139.454	208.662
293.494	252.889	146.833	208.145
305.105	247.295	151.091	212.076
320.506	241.601	150.296	211.355
335.630	236.556	146.018	212.714
349.058	233.324	136.983	212.819
371.865	227.520	134.173	221.096
378.402	228.134	136.305	209.116
386.851	225.063	152.183	222.746
392.125	227.379	146.908	211.731
396.226	226.675	152.664	207.131
398.202	227.877	152.327	208.217
398.060	229.968	150.264	209.326
393.093	233.986	153.026	210.073
389.937	238.294	150.063	205.983
385.471	240.113	146.485	202.568
372.439	240.458	134.607	210.717
363.222	241.961	137.672	241.820
352.574	248.926	135.679	213.338
346.374	251.306	129.730	214.900
335.116	254.175	139.774	210.913
316.627	257.402	144.102	209.927
304.109	260.018	146.905	210.856
291.321	261.307	146.848	212.144
280.519	263.956	143.325	212.436
269.551	270.039	140.528	207.928
254.316	279.011	131.074	204.005
246.252	281.165	130.839	202.982
237.696	281.715	132.674	203.239
231.811	281.831	131.429	203.766
225.230	280.818	132.568	204.529
219.259	280.453	133.215	204.873
213.982	279.551	134.218	206.103
215.919	279.076	133.004	206.181
214.190	279.607	134.420	206.812
218.691	280.121	131.657	205.335
223.982	280.728	130.929	205.295
235.430	278.565	130.472	206.398
243.376	273.529	132.692	207.752
251.415	266.352	136.746	208.914
261.212	260.268	137.350	210.548
271.585	256.024	138.303	211.260
288.718	242.538	144.917	213.267
296.152	238.778	148.122	214.285
303.879	231.936	149.789	216.776
312.431	226.352	150.781	218.546
321.447	219.289	152.640	220.130
340.218	204.617	160.232	223.673
349.853	197.507	162.232	227.515
357.109	191.357	171.378	229.900
365.612	183.392	172.799	232.693
372.768	177.061	180.824	233.259
390.369	168.333	180.413	236.019
397.894	166.576	183.427	239.016
405.180	165.466	183.014	240.432
411.236	165.302	178.160	241.068
412.683	166.724	180.017	238.119
419.082	175.713	176.909	236.391
422.343	183.303	171.718	238.428
423.532	191.148	167.096	238.487
420.582	200.297	165.051	246.212
413.234	211.964	165.759	250.111
394.669	233.765	178.530	247.373
389.033	243.957	184.047	244.895
380.577	252.692	195.935	241.316
375.004	260.573	197.817	241.317
369.312	268.205	158.929	240.224
354.062	272.027	149.798	238.086
348.044	274.617	147.812	238.271
343.824	275.514	148.773	234.211
341.203	274.067	147.442	233.430
338.689	274.047	146.332	229.846
330.144	270.647	147.412	222.358
326.035	264.085	147.384	221.432
324.435	255.494	148.386	224.216
322.891	249.458	148.939	222.280
322.094	239.178	149.271	226.072
324.020	226.538	147.514	223.618
326.488	220.814	148.244	222.204
325.961	212.765	151.910	223.363
324.612	204.248	155.899	225.850
323.943	195.849	159.656	226.278
324.078	184.000	161.978	224.295
328.557	175.709	159.458	226.964
328.650	170.550	163.711	225.558
331.440	163.991	166.115	225.408
334.946	158.953	170.299	224.988
346.658	150.693	178.726	227.038
356.866	148.979	176.903	228.586
367.626	148.671	178.610	228.106
376.278	148.979	181.102	228.699
385.791	150.293	182.703	230.131
399.608	161.093	184.612	243.717
407.565	170.974	170.143	235.840
414.530	182.446	178.019	239.075
419.692	193.764	176.640	261.010
422.734	204.615	174.072	276.870
426.001	233.976	174.032	240.704
426.555	248.350	172.277	239.762
423.490	258.553	175.379	239.017
419.928	263.138	182.788	241.272
415.883	270.309	191.366	238.008
406.663	279.631	167.230	234.389
402.029	282.208	159.427	232.613
395.270	286.177	158.598	229.492
393.164	287.029	155.232	227.652
389.685	284.718	152.851	227.915
379.327	281.541	153.655	225.168
374.733	277.625	150.667	224.482
373.930	271.996	149.519	223.668
369.969	267.517	146.267	219.949
365.371	260.115	146.382	219.783
361.182	245.799	141.637	219.610
357.747	238.606	143.838	220.832
354.529	230.452	145.170	219.573
352.585	220.907	146.146	222.130
350.182	214.803	146.206	222.990
345.754	204.299	150.522	217.153
340.972	194.835	155.719	221.441
338.162	187.004	160.068	221.583
336.889	181.873	162.111	222.983
335.984	177.384	165.125	221.205
337.236	168.624	163.113	220.444
337.730	165.395	161.562	219.560
338.813	161.650	159.761	221.131
338.980	159.981	159.383	220.666
341.095	157.375	160.390	219.758
344.508	157.449	156.732	220.033
345.626	156.460	157.313	221.576
346.634	156.784	158.016	222.609
346.941	156.700	159.970	221.989
346.770	157.516	161.333	223.877
349.103	161.454	163.872	227.140
351.884	164.913	162.865	227.350
353.181	169.206	159.494	228.895
353.889	174.165	157.380	228.690
355.461	180.199	150.554	230.424
354.772	197.554	154.164	228.979
352.624	206.862	146.748	227.707
350.323	216.091	140.245	226.447
351.231	225.648	131.656	224.971
352.437	233.212	134.213	223.449
353.639	243.776	143.942	224.261
354.294	251.173	145.590	221.209
354.393	255.933	145.869	220.878
352.874	259.899	146.492	221.595
355.066	264.643	143.905	220.830
352.398	272.308	142.388	218.214
351.463	275.093	141.779	215.745
351.596	276.119	139.599	216.070
349.567	277.465	139.398	216.338
346.380	278.982	141.431	217.026
340.111	280.922	143.435	214.461
338.736	281.750	143.936	213.365
337.523	281.567	144.025	212.869
336.479	280.971	143.054	214.502
333.899	279.592	142.737	212.898
320.960	274.611	148.319	211.525
313.800	271.789	150.678	213.059
304.865	268.655	151.275	215.003
294.797	267.349	153.715	214.807
283.316	266.333	155.989	212.649
259.544	263.191	156.772	209.116
249.304	261.468	155.860	209.570
238.826	258.734	154.070	210.488
229.514	257.304	149.707	211.669
217.695	254.542	145.691	214.155
200.251	253.007	137.408	210.674
191.167	255.929	135.627	207.446
183.778	258.118	135.010	203.152
178.505	260.187	131.566	200.640
175.303	263.554	127.597	196.378
170.450	265.036	123.427	193.413
169.104	265.233	123.088	192.143
170.146	263.457	120.663	193.077
173.987	261.082	120.772	194.463
176.341	259.516	123.047	195.163
186.717	253.147	124.923	200.220
194.564	249.556	127.695	201.973
202.933	246.292	131.024	203.229
210.206	243.208	135.139	206.885
218.607	240.826	140.002	208.464
242.825	235.646	142.168	208.503
255.243	234.547	141.880	209.327
268.101	233.147	145.863	208.043
282.686	230.638	147.057	210.087
294.494	226.682	151.705	212.488
330.014	219.014	154.909	213.470
345.617	216.644	144.647	209.088
361.857	213.296	130.248	208.194
377.583	209.716	132.349	220.931
392.302	206.265	139.898	220.688
411.011	201.644	130.926	216.069
414.549	200.000	158.583	210.340
426.020	204.886	161.554	199.381
430.237	201.785	159.908	202.164
434.703	201.290	157.998	201.170
439.276	203.191	150.641	201.581
438.309	205.212	147.503	200.512
431.967	206.760	147.130	200.888
427.609	206.252	143.803	203.888
416.489	206.589	144.710	204.039
407.256	208.528	141.153	200.750
382.881	212.957	125.444	230.394
364.061	214.386	128.465	217.402
350.576	219.245	123.746	214.081
335.968	222.047	122.539	202.942
322.836	226.901	130.596	203.133
297.717	233.340	139.325	205.425
282.358	240.561	141.030	200.688
269.954	246.369	137.103	200.442
259.662	251.297	131.885	199.457
249.295	256.471	129.191	197.108
234.376	256.077	118.150	201.752
224.676	262.239	123.375	195.658
220.429	263.162	122.777	195.173
218.750	263.505	120.529	194.550
219.274	264.288	117.827	194.649
222.489	263.096	118.197	195.701
225.053	263.955	120.026	194.665
229.305	264.968	120.627	193.518
235.427	264.083	119.948	193.958
241.048	261.721	121.362	195.765
254.517	255.906	123.356	197.213
263.283	254.550	124.269	196.535
270.791	251.922	125.467	195.849
279.321	246.383	126.928	197.679
288.321	243.259	127.999	194.552
309.172	235.712	135.360	197.943
319.706	231.621	134.945	197.493
330.208	228.037	140.578	196.405
343.757	223.553	142.681	196.615
357.548	219.792	139.877	195.383
383.302	211.937	124.066	195.102
401.363	207.825	123.508	217.070
412.915	208.616	121.650	220.033
425.580	206.035	131.126	209.975
428.321	202.242	131.075	209.028
444.577	196.169	150.898	193.511
444.174	199.564	149.081	189.233
445.522	200.604	149.655	186.972
448.815	199.207	147.523	188.369
451.671	199.259	145.553	188.923
451.453	202.568	138.050	188.086
450.200	204.462	133.607	188.037
439.061	206.647	138.013	187.839
428.884	207.505	136.997	197.799
421.932	211.047	131.824	200.528
405.734	213.520	119.319	209.479
391.698	217.704	125.097	205.481
378.028	225.117	121.571	201.785
363.469	227.987	118.251	190.161
457.689	262.145	100.463	173.437
328.841	237.950	136.335	190.182
313.224	241.125	136.286	191.267
299.044	243.684	137.073	189.733
284.991	246.064	136.607	189.330
273.674	250.132	134.973	187.532
255.774	252.767	127.194	188.249
247.268	257.298	124.726	184.300
240.211	259.045	123.830	182.972
235.025	260.810	121.628	180.336
231.827	260.142	118.411	180.002
228.518	260.021	115.722	179.613
229.844	260.181	115.366	180.622
230.492	258.525	115.124	181.581
231.734	257.168	116.374	182.764
234.567	255.170	118.491	185.045
242.070	253.947	119.390	186.294
248.860	253.209	119.433	185.937
255.298	251.146	121.084	186.734
262.236	247.627	123.681	187.893
270.929	245.836	123.896	186.222
290.268	238.725	127.795	184.252
301.140	235.528	128.778	186.219
309.026	232.317	135.408	188.024
319.594	227.187	138.381	187.060
332.083	223.739	140.493	186.146
359.969	218.864	127.294	182.503
380.370	214.441	117.738	192.057
395.849	211.966	119.197	201.541
412.218	209.237	128.318	196.578
422.613	208.278	128.033	193.330
442.747	203.543	141.023	185.493
444.015	206.815	144.808	179.442
457.437	208.132	139.096	177.616
465.289	207.665	134.440	176.519
469.073	207.679	132.199	178.482
471.435	207.994	134.314	178.378
473.304	208.441	132.665	179.234
402.614	250.269	97.011	184.894
405.134	254.420	96.867	180.557
406.244	252.062	98.310	180.522
481.356	210.392	131.990	178.527
484.672	210.384	128.973	176.244
486.106	210.364	129.186	177.008
487.855	210.844	128.438	175.667
489.394	209.161	127.720	174.737
492.674	209.931	127.826	173.820
495.040	208.188	127.705	174.176
498.653	208.839	124.962	174.155
500.651	207.586	123.285	174.180
502.604	206.777	121.562	176.093
502.309	208.799	121.577	175.058
502.220	210.325	120.532	175.767
501.129	210.310	118.152	176.096
500.155	211.467	115.539	174.403
495.877	211.504	114.515	174.693
484.235	210.788	116.011	176.168
479.115	216.733	114.239	171.122
471.011	212.734	114.202	175.473
462.932	216.819	114.900	170.917
452.130	221.262	116.405	165.116
374.432	259.769	90.147	187.498
314.773	223.834	188.945	217.416
394.741	215.415	126.391	186.923
390.257	219.934	111.907	191.564
381.152	224.694	107.613	209.845
351.005	223.326	168.791	210.347
349.806	235.318	109.256	160.883
339.225	224.323	106.535	167.941
332.402	224.599	114.287	170.718
322.457	224.856	112.889	171.263
308.082	228.753	107.603	170.720
301.936	234.046	106.913	166.540
296.216	236.942	105.374	164.247
290.348	239.165	104.579	163.698
284.802	241.072	104.181	161.996
277.066	243.658	99.803	161.953
273.702	244.607	101.159	162.225
270.956	244.683	101.332	163.157
270.327	243.798	100.182	163.823
269.797	243.692	98.673	164.385
268.555	243.615	98.510	164.316
267.243	243.727	100.612	163.579
267.631	241.982	100.235	164.353
269.416	239.795	102.070	165.742
271.219	237.289	104.606	166.911
277.156	232.519	106.349	168.152
280.235	230.761	108.360	168.506
285.186	228.286	109.052	169.930
290.540	226.174	111.454	169.186
295.466	224.066	113.781	169.718
301.455	219.743	116.504	172.483
315.181	215.379	119.847	171.133
323.658	212.329	117.471	170.255
332.258	210.698	110.694	169.230
340.924	208.700	107.966	169.640
359.402	201.862	110.518	173.451
368.682	200.880	118.322	175.463
369.767	198.209	120.098	170.228
384.139	195.596	129.052	166.782
387.822	193.080	135.099	166.591
322.759	270.712	92.172	166.823
313.745	272.684	95.302	159.269
309.899	270.146	93.173	162.581
303.424	270.805	92.922	160.251
298.533	270.930	94.153	159.610
286.069	256.120	109.123	189.408
290.147	270.587	95.581	158.052
289.040	270.453	97.108	158.900
287.771	252.388	111.459	192.118
288.783	254.810	109.228	189.698
290.136	267.263	96.179	161.058
291.279	270.962	97.682	157.910
296.010	271.389	96.116	158.317
297.614	271.968	97.520	158.727
390.458	207.357	124.837	164.567
380.734	209.374	128.496	166.629
361.044	218.791	123.487	169.751
341.200	221.491	118.336	191.615
334.518	230.112	112.486	205.803
326.655	235.832	110.686	193.631
302.946	246.439	104.699	170.151
290.165	254.747	98.626	164.419
280.530	261.060	108.862	165.707
269.397	265.143	108.874	167.333
261.508	268.778	104.444	167.821
252.279	275.004	102.336	164.470
238.223	281.194	98.905	165.896
232.474	285.290	97.957	166.998
228.050	285.521	97.920	165.321
226.976	288.630	94.760	164.659
224.411	291.847	95.067	164.493
223.307	298.588	97.722	164.390
226.127	300.193	98.161	164.665
230.442	305.286	99.272	162.404
234.555	308.604	100.298	160.483
238.389	309.147	102.521	160.780
247.852	306.036	105.935	165.206
252.958	305.316	106.975	165.645
258.250	302.107	106.363	167.874
262.649	299.510	109.027	167.750
268.418	299.472	111.062	166.027
277.698	298.644	111.213	162.762
283.960	297.310	111.239	165.033
289.052	296.693	114.021	163.239
294.432	292.867	114.331	165.646
299.645	291.641	116.280	167.047
304.633	291.091	121.851	164.140
312.462	289.853	114.137	165.360
319.476	289.551	117.682	164.281
329.420	286.775	115.699	166.950
340.666	279.282	118.246	173.749
361.374	247.524	121.279	200.385
365.189	239.714	121.521	202.821
370.063	245.605	130.063	190.941
372.819	248.536	135.205	181.691
375.278	250.401	141.201	171.268
401.520	244.450	130.598	170.013
410.458	240.895	130.167	167.899
412.367	234.526	130.894	168.135
414.956	229.607	133.693	167.278
419.877	226.611	130.504	165.477
424.729	220.683	132.748	162.583
361.202	265.151	82.682	149.075
430.967	211.856	127.153	162.603
432.111	211.354	125.358	159.497
424.542	208.335	129.923	161.179
410.051	203.420	131.628	161.741
402.640	204.152	129.853	157.701
397.270	203.711	125.758	156.598
388.154	204.131	118.112	160.420
385.006	205.463	103.405	153.427
366.099	209.352	107.608	165.170
359.274	214.065	104.664	158.422
348.885	217.087	105.281	158.510
341.683	218.540	105.952	160.560
335.167	222.196	115.674	161.174
318.798	228.250	113.848	162.421
311.793	232.574	115.081	161.897
304.609	236.692	113.677	162.312
299.200	241.268	112.748	162.599
294.742	245.827	110.542	161.721
288.910	256.614	104.276	160.033
287.473	262.611	102.817	160.108
284.065	268.465	101.282	159.379
283.877	273.883	99.201	158.957
283.209	278.199	97.741	159.681
282.291	285.151	98.758	159.271
284.250	286.745	98.350	162.616
288.343	290.686	98.519	160.870
292.362	292.961	97.287	158.963
296.260	295.239	98.861	157.466
462.836	236.045	91.135	155.807
314.678	292.767	102.233	159.356
321.432	290.834	105.153	159.890
329.908	289.538	106.190	159.397
340.091	287.795	106.099	158.486
357.580	280.438	110.940	159.838
368.014	280.487	111.272	155.013
380.216	275.940	110.382	157.350
389.467	269.256	111.222	159.683
397.639	263.994	112.621	159.725
405.256	253.555	121.801	159.034
407.112	247.082	127.717	161.742
405.763	239.723	134.346	161.757
405.765	235.694	138.313	163.875
406.573	229.477	139.505	172.529
409.472	222.235	137.440	184.773
411.493	218.556	135.634	192.589
413.197	216.805	132.834	200.640
414.658	214.193	129.143	208.531
415.241	213.646	123.351	213.652
409.995	209.983	120.789	226.692
404.094	212.243	125.954	227.714
393.266	212.679	136.387	228.669
383.258	215.873	152.555	218.686
374.628	218.005	162.158	187.322
357.549	227.202	135.284	167.889
475.220	290.685	88.208	155.617
478.798	288.361	91.119	157.454
482.914	287.089	93.379	156.928
487.628	286.453	94.772	158.219
498.773	284.667	93.511	153.673
503.766	283.368	91.005	152.758
507.072	280.399	92.114	152.807
511.394	281.201	91.118	149.978
513.711	278.041	90.850	149.159
519.008	269.339	91.404	152.607
522.029	269.494	88.918	149.375
525.324	266.484	88.185	150.057
527.154	266.568	86.984	148.925
530.352	265.459	85.362	148.616
531.838	264.089	85.770	149.417
530.706	264.471	88.224	149.469
530.344	264.830	89.092	149.800
531.120	264.905	88.178	149.960
531.654	265.744	86.822	149.250
528.828	265.225	86.885	152.550
527.049	268.763	86.963	150.804
525.223	271.976	85.068	149.338
520.949	275.992	86.627	148.416
515.929	278.869	87.673	147.480
505.279	279.182	87.830	153.114
498.715	282.959	88.853	148.668
491.291	285.491	87.883	150.500
483.802	287.003	86.831	147.860
475.784	287.880	85.315	149.518
459.361	276.283	83.827	162.246
418.130	240.365	117.302	195.314
425.860	241.863	120.676	193.312
428.917	238.976	130.123	195.372
425.606	236.828	144.651	189.062
457.288	231.956	134.616	161.479
394.779	271.476	109.483	160.195
398.951	273.304	103.225	155.606
478.125	228.341	125.245	152.920
448.907	233.472	128.147	174.911
430.749	227.393	147.716	155.170
429.070	236.396	133.223	140.577
427.278	220.606	134.532	143.972
406.756	213.430	166.568	187.838
135.694	155.976	114.705	246.278
343.074	114.762	337.640	461.238
396.574	225.316	169.724	183.047
245.904	210.349	341.259	353.512
260.324	113.297	298.694	403.538
301.107	134.776	322.827	379.920
302.517	141.718	316.280	370.960
327.083	243.985	258.206	332.015
396.133	225.135	171.874	175.075
388.042	225.664	177.790	165.820
308.910	212.230	301.351	363.770
373.935	233.612	182.100	168.277
358.358	186.456	207.750	385.270
377.790	228.287	189.677	163.216
390.349	245.943	173.459	156.107
390.261	237.195	154.991	154.711
375.479	233.549	156.074	152.905
262.948	50.710	267.431	314.328
377.598	223.987	162.073	352.013
266.238	106.714	265.649	440.587
131.390	240.626	97.501	200.951
400.263	336.771	67.812	64.109
461.517	291.037	70.587	138.295
453.380	289.243	81.424	142.634
448.389	293.113	85.475	133.268
445.785	283.356	92.123	145.267
411.328	260.112	112.826	167.936
389.741	250.027	132.866	174.100
388.439	250.516	129.737	172.498
390.728	251.786	124.173	168.255
391.109	252.550	122.624	167.590
391.989	251.914	123.549	168.606
392.803	251.360	122.062	169.336
393.011	251.033	121.444	170.825
392.957	250.667	121.775	171.276
393.045	250.055	120.691	171.850
393.791	250.055	119.608	171.515
393.619	249.311	118.071	172.125
393.940	249.461	117.721	171.765
392.624	250.689	117.870	171.687
393.506	249.403	117.475	171.741
391.764	250.915	117.655	171.207
390.435	250.691	118.026	170.619
391.651	251.189	117.791	170.802
391.355	250.203	117.448	172.079
390.744	251.216	117.935	171.057
389.832	251.912	118.134	170.417
389.491	252.159	118.281	169.820
389.093	251.701	117.490	170.107
388.631	251.046	116.134	170.578
389.003	249.893	114.919	170.603
390.455	249.294	111.145	171.823
395.045	246.188	104.784	173.857
399.286	244.993	102.885	174.328
400.522	240.991	104.733	178.028
398.180	238.807	115.041	180.174
394.114	234.603	128.816	182.385
422.830	224.330	123.485	157.914
431.685	223.630	120.320	152.239
372.029	270.152	94.996	147.933
447.911	218.355	121.240	150.507
454.405	217.830	123.924	146.817
351.610	267.265	85.416	148.697
345.809	266.513	84.908	144.044
344.346	265.823	88.006	143.557
343.767	263.625	85.266	145.152
343.215	265.885	82.235	141.216
345.440	267.587	84.728	139.658
348.265	268.972	84.854	138.653
347.578	268.783	85.001	141.618
349.421	268.010	86.809	144.104
351.006	270.028	87.087	142.412
355.644	271.970	85.905	141.080
354.864	271.639	87.019	143.712
356.546	272.428	87.967	142.932
360.915	272.176	86.870	142.274
363.621	272.737	87.514	143.407
436.459	237.266	115.807	158.949
425.744	229.752	117.367	151.789
413.187	232.871	117.514	150.165
394.477	235.152	121.863	183.154
393.373	238.814	110.297	178.368
378.114	242.390	119.727	173.927
364.640	246.151	105.563	152.742
350.867	243.024	105.761	150.617
342.503	245.699	106.414	150.804
333.556	246.052	103.862	149.320
320.422	248.939	99.564	147.839
313.776	247.956	98.725	147.314
310.538	250.087	95.353	145.738
306.155	249.923	93.567	145.893
303.526	250.782	93.369	144.377
301.691	250.415	94.755	144.103
302.711	249.457	94.467	144.232
309.317	247.496	91.750	145.146
313.531	249.783	92.897	143.205
319.857	250.749	93.375	144.335
335.651	253.118	92.035	143.026
343.119	255.537	93.974	141.886
353.155	256.499	94.212	140.489
361.857	255.673	97.172	140.610
372.084	255.897	97.654	140.366
388.257	256.644	90.957	136.542
397.297	258.428	88.066	133.154
408.083	256.558	86.091	135.534
424.660	248.904	92.597	141.094
426.391	247.737	91.544	141.684
418.472	245.980	87.876	141.081
413.535	245.562	85.659	138.969
411.384	245.120	81.704	139.267
413.468	248.500	81.286	135.138
410.458	248.487	79.692	136.865
417.348	247.984	84.666	137.275
418.346	249.558	95.673	137.315
423.369	248.834	89.307	138.517
421.977	248.197	90.298	142.710
406.940	255.169	96.682	140.436
387.356	267.938	88.624	132.812
377.816	269.447	94.025	133.175
366.690	270.785	96.553	133.985
355.758	269.803	99.853	137.168
345.458	270.356	104.009	138.100
328.135	270.624	97.900	134.873
321.417	271.958	92.703	132.820
313.860	273.624	91.483	130.654
308.452	273.192	87.519	130.312
303.404	273.114	85.462	129.662
297.970	272.417	83.110	128.359
297.795	271.001	82.624	129.315
298.722	268.893	82.377	131.731
301.190	267.638	83.461	132.065
305.429	266.358	84.038	133.308
319.101	264.896	82.887	134.049
326.703	265.883	84.808	132.582
335.785	264.410	86.014	131.782
344.040	262.552	88.926	134.037
353.430	261.140	91.509	134.974
377.032	257.952	91.829	134.228
388.566	256.669	92.394	134.330
402.269	254.036	84.152	134.306
412.657	253.184	79.720	130.332
425.701	250.341	76.962	137.578
442.302	243.891	75.509	154.164
443.187	243.219	78.444	153.757
454.473	239.835	92.577	135.916
463.501	235.272	103.637	134.690
411.155	268.863	85.227	134.111
413.339	268.499	73.132	133.176
410.874	270.686	70.902	127.745
408.845	270.939	70.340	126.335
408.187	270.224	71.076	125.722
407.308	270.092	69.753	125.385
409.584	266.402	68.254	130.154
477.616	239.907	97.631	132.063
476.031	237.262	96.241	132.290
473.344	237.492	94.164	132.595
464.251	238.515	95.401	131.959
436.188	242.075	79.536	155.101
429.821	246.388	84.434	143.672
418.736	246.769	88.520	144.710
404.473	248.265	79.187	129.519
392.056	251.618	88.451	131.258
365.651	254.134	97.527	134.369
354.442	256.309	88.170	132.614
343.529	259.848	88.379	130.553
333.370	261.243	84.302	129.835
324.115	263.150	81.231	129.026
309.171	265.376	75.821	128.158
300.146	268.383	75.716	125.850
294.874	270.867	74.418	123.214
291.363	271.635	74.081	122.439
289.099	273.153	73.500	121.558
289.100	274.871	70.094	121.869
288.500	275.811	73.107	120.678
289.986	276.132	73.957	120.005
293.256	276.214	74.490	119.752
296.947	276.478	75.440	119.057
305.189	276.233	75.954	121.434
309.065	277.299	79.077	120.961
314.155	277.737	79.521	122.438
319.029	278.794	79.904	123.363
322.873	280.258	82.631	123.324
331.440	279.971	82.619	125.642
334.308	279.633	85.340	126.700
337.853	278.772	86.224	128.265
341.820	276.651	86.087	130.481
344.682	275.535	87.713	133.091
349.113	271.765	90.807	139.530
352.445	269.020	89.886	142.456
355.335	266.064	90.305	144.111
356.233	263.565	91.392	143.602
356.758	257.324	90.961	147.717
357.432	248.813	92.598	145.760
356.020	245.235	94.037	147.614
354.217	242.876	95.864	148.800
353.890	241.704	94.605	148.817
353.206	241.522	93.774	147.652
346.663	241.635	94.559	149.365
342.851	242.439	97.559	152.067
339.397	245.224	99.398	152.352
335.293	248.598	102.185	152.474
331.562	252.974	106.539	149.939
319.225	261.082	106.079	150.992
313.588	267.090	104.208	149.010
307.030	271.229	103.249	148.847
300.137	275.569	102.648	147.260
294.271	280.878	101.059	145.376
283.263	289.222	95.786	143.313
278.064	294.686	92.110	140.818
273.549	300.954	88.467	137.185
269.435	305.428	85.188	133.574
266.456	308.426	81.940	131.548
263.392	310.238	79.920	130.692
258.266	313.054	78.960	127.919
257.182	312.557	79.185	128.450
254.593	309.762	81.816	131.529
253.730	309.905	83.384	131.674
253.338	307.168	84.322	134.422
254.175	301.074	87.245	139.129
256.721	294.311	88.928	145.698
259.855	288.090	91.486	149.155
266.125	281.933	92.472	153.135
274.427	276.494	93.566	152.599
296.768	262.646	100.147	159.385
309.437	256.686	105.742	163.469
325.837	251.061	99.417	166.076
341.731	244.627	99.580	165.149
358.999	240.114	104.688	179.319
381.015	241.257	92.727	182.771
378.016	246.862	84.239	179.188
380.110	236.275	147.137	187.960
411.164	239.783	121.331	175.939
391.409	225.213	151.933	200.895
431.613	242.469	102.186	175.794
431.536	247.878	99.685	170.589
433.202	251.246	93.265	167.292
430.506	254.243	89.474	166.171
425.823	252.999	88.800	168.875
407.511	257.268	98.122	165.899
367.392	256.040	107.874	164.994
363.851	259.213	124.018	163.668
361.800	256.626	125.502	169.328
359.960	258.462	121.149	169.481
353.078	262.920	112.234	167.289
339.013	257.373	119.310	173.590
325.108	260.956	135.430	172.057
297.798	259.085	185.800	181.520
291.848	258.069	108.120	179.685
263.142	268.307	113.962	176.485
247.917	267.443	107.332	179.333
238.043	274.362	101.850	176.187
229.295	277.449	97.151	176.003
224.391	282.818	93.991	174.667
218.080	294.477	93.315	173.229
217.810	295.689	94.477	173.005
222.450	296.966	96.178	173.385
228.141	302.629	97.365	166.612
236.149	303.095	97.459	167.033
259.204	299.701	99.761	172.600
270.151	295.631	99.564	175.687
281.093	298.170	105.061	172.013
292.528	302.505	104.957	166.333
306.585	248.320	106.758	212.419
293.805	244.628	135.589	199.050
268.349	236.982	182.063	222.704
316.717	244.630	145.685	211.978
360.096	267.009	103.401	185.298
249.203	242.955	105.359	179.073
352.750	265.428	115.001	181.909
349.449	264.370	117.171	181.528
345.954	264.796	115.815	181.572
341.766	266.851	113.459	180.934
341.523	269.953	106.167	179.423
253.870	259.567	107.586	170.771
268.618	266.248	106.292	168.961
279.830	268.634	114.278	173.791
286.308	271.972	108.956	189.912
274.599	263.166	118.504	201.272
243.673	286.221	113.416	184.858
237.206	291.370	104.546	180.359
228.633	291.685	102.325	182.640
224.671	291.974	99.377	184.670
219.949	291.422	103.705	186.616
220.458	286.528	106.983	190.485
225.778	280.372	109.178	195.477
367.083	283.525	100.054	177.445
363.738	286.360	96.938	176.052
262.317	267.126	111.065	202.100
287.349	265.954	107.317	197.080
305.708	259.451	118.372	200.088
318.557	256.519	120.101	200.453
317.627	254.226	140.822	203.263
316.460	251.706	161.115	203.990
325.188	244.256	177.825	209.606
314.839	246.122	193.182	203.502
338.447	245.003	180.824	206.917
335.457	244.619	186.880	208.370
344.925	243.897	181.238	210.034
350.988	244.703	175.772	210.417
359.526	244.630	169.383	215.248
367.743	247.710	161.312	215.018
372.413	250.801	154.644	212.943
377.376	255.331	145.514	210.311
368.236	259.993	141.479	210.010
358.677	263.749	152.327	208.361
343.829	263.856	175.175	210.064
335.563	263.773	191.507	211.910
323.537	260.944	136.615	214.871
301.355	260.871	126.965	219.893
293.308	266.261	125.532	216.637
288.001	269.116	121.143	213.235
284.812	269.031	121.031	214.550
283.391	270.809	118.147	213.839
286.766	270.198	119.794	212.928
291.369	269.605	121.728	214.118
475.341	249.104	125.028	217.040
309.307	272.264	125.347	212.946
314.641	272.532	127.806	212.059
331.212	270.310	129.385	211.118
338.703	271.284	128.784	207.339
347.224	272.316	128.844	203.310
353.563	274.747	136.154	197.590
363.904	271.116	133.916	195.889
373.625	265.538	132.190	200.723
373.125	262.562	132.539	202.473
376.071	258.290	128.324	205.700
369.081	261.511	133.738	202.467
362.536	238.147	136.736	226.711
356.746	241.931	136.145	223.116
354.210	239.810	136.528	227.645
349.532	240.951	138.575	226.491
350.359	238.480	136.458	230.163
349.262	241.256	135.465	227.387
346.299	235.519	135.592	234.268
345.722	236.645	134.203	232.837
340.308	236.258	134.539	233.770
333.221	235.358	136.292	234.784
325.208	235.107	136.812	235.544
302.762	233.331	136.339	238.328
289.352	219.754	142.454	249.872
275.262	221.938	144.062	246.353
259.819	219.766	145.927	246.615
249.802	209.510	145.475	256.559
227.611	223.054	140.082	239.469
221.143	207.829	143.624	253.704
213.250	218.315	144.883	241.758
207.687	205.276	144.771	253.528
207.016	220.899	140.568	239.424
207.662	216.646	139.747	243.551
211.002	227.702	146.537	237.140
217.968	213.480	148.752	252.698
229.395	214.316	150.904	255.376
239.365	215.169	157.811	258.246
270.079	232.925	155.836	247.916
287.156	235.119	164.166	245.791
305.607	239.478	167.080	243.513
326.849	255.300	162.439	226.933
346.866	245.358	162.035	239.932
390.801	239.564	149.006	245.459
404.199	244.601	180.009	239.884
415.643	244.275	191.147	236.056
431.974	241.412	183.550	234.776
444.403	244.066	194.618	232.725
466.256	236.561	187.949	235.879
477.533	246.695	183.735	222.424
480.414	240.399	189.307	228.744
483.507	239.601	186.751	230.724
484.045	241.750	186.087	230.535
473.321	246.800	197.294	231.512
464.693	245.469	196.793	233.794
453.460	250.688	195.957	233.062
439.079	262.241	194.198	225.922
423.631	258.313	195.751	232.477
392.474	286.616	178.093	214.158
372.040	279.013	182.269	220.673
349.776	281.045	184.493	218.427
331.530	282.212	175.626	215.521
310.614	287.836	171.217	211.735
269.507	291.016	135.306	209.692
256.789	279.816	163.439	221.026
236.733	283.097	166.053	214.955
223.448	283.645	165.665	214.817
215.926	283.303	166.285	216.908
207.257	283.484	168.557	217.579
195.589	282.161	171.066	220.488
192.275	279.661	174.591	223.628
192.656	277.023	176.517	229.088
197.349	274.213	181.167	232.625
204.845	269.869	183.904	237.599
226.255	269.750	184.642	240.578
237.312	269.161	188.365	241.070
250.141	267.991	190.725	242.821
259.902	264.775	198.513	247.541
268.092	258.292	205.756	252.874
285.201	247.633	212.396	263.797
289.304	242.639	222.645	270.314
293.411	235.340	229.988	277.338
299.046	229.761	232.937	285.247
304.008	226.551	233.268	288.661
317.353	221.885	232.303	295.640
321.207	220.222	234.613	299.808
328.467	216.711	230.697	302.246
331.208	216.711	231.704	300.220
334.290	214.801	232.260	299.532
343.882	215.973	228.307	296.841
343.684	213.801	230.124	297.391
343.755	212.776	231.341	298.012
343.559	215.694	233.010	297.286
339.094	218.446	238.520	295.994
326.459	226.010	248.073	292.888
320.249	225.594	252.201	295.406
306.938	232.680	262.876	290.803
292.814	236.085	270.508	289.796
274.908	240.300	280.819	285.894
247.205	237.235	279.980	293.066
236.750	243.562	278.962	290.582
226.440	246.575	228.849	288.460
223.949	252.381	264.242	281.706
220.664	249.603	225.584	287.463
212.407	249.834	236.868	287.452
210.247	245.363	225.251	289.543
212.261	237.828	207.464	293.061
216.605	234.824	190.620	291.070
224.254	234.264	185.999	288.012
215.281	234.230	205.560	285.088
204.577	229.984	216.799	286.917
211.857	223.673	206.931	291.857
212.697	223.364	201.243	288.789
202.670	222.165	204.839	285.930
190.761	218.430	197.179	286.021
175.107	219.523	201.474	286.693
154.402	222.577	210.432	282.094
148.663	225.387	205.986	280.491
147.533	230.620	201.534	275.345
152.354	235.826	202.628	270.742
158.921	234.877	206.438	274.485
170.019	232.593	210.487	278.543
183.055	230.609	213.559	283.607
197.988	236.018	215.953	283.469
236.992	231.105	220.772	290.405
259.400	230.100	226.238	291.926
282.565	227.154	228.749	295.888
304.098	222.457	235.247	300.723
327.080	220.595	237.419	302.019
366.878	209.668	246.106	312.648
385.314	209.670	251.435	310.924
403.243	208.356	251.413	312.187
416.584	207.896	254.643	310.733
428.184	201.267	251.982	317.933
438.434	201.439	249.869	319.665
433.745	200.481	253.577	324.860
429.051	202.274	249.533	325.454
422.765	203.190	245.470	328.805
413.350	204.972	244.231	330.198
376.883	219.701	237.648	318.597
351.400	223.635	252.957	318.327
328.415	224.349	269.519	322.239
311.421	225.467	286.226	323.018
297.408	228.022	299.909	324.337
279.401	229.168	300.897	323.990
263.953	235.114	276.361	319.590
239.933	237.826	246.419	316.480
239.216	239.602	242.216	317.916
233.174	242.348	232.844	315.547
231.103	246.944	229.378	311.688
228.656	246.690	228.092	313.933
224.934	246.995	230.255	313.200
224.935	249.425	229.740	311.411
222.897	250.481	235.455	309.928
222.584	248.669	230.047	311.527
219.040	248.517	240.092	311.892
219.376	250.456	233.116	309.868
219.807	249.274	232.094	312.207
219.802	251.381	235.411	310.100
218.615	249.071	228.638	313.062
216.455	252.129	234.588	308.922
217.204	248.609	231.170	312.264
217.589	248.517	227.706	311.892
216.849	246.668	232.433	313.025
371.093	239.287	202.425	327.637
211.106	239.215	221.040	318.358
393.616	236.794	189.730	327.849
398.926	242.761	192.527	317.669
415.184	237.607	190.487	321.583
445.318	239.262	176.273	316.922
456.042	235.364	177.021	318.787
461.104	236.447	181.203	316.169
463.740	241.135	186.282	310.918
468.315	243.857	179.822	309.085
472.755	244.178	181.640	311.020
475.151	239.676	179.097	316.557
476.194	242.619	169.499	313.912
476.056	236.911	171.377	318.735
474.163	241.631	165.430	312.353
470.611	241.899	166.765	311.551
464.975	241.147	174.881	311.721
464.208	237.455	174.162	315.658
463.887	240.899	167.895	312.935
462.470	235.045	171.806	318.237
460.996	242.567	163.681	310.970
453.322	236.206	175.458	319.197
450.522	230.965	180.441	320.496
452.286	233.808	168.300	318.600
448.987	233.265	171.719	321.978
437.460	231.111	169.613	319.121
428.771	227.046	172.697	325.309
422.623	228.593	168.992	320.506
409.182	225.700	171.000	320.689
406.960	230.623	161.002	312.817
191.790	207.294	207.912	314.252
195.039	200.511	212.371	317.973
199.762	200.012	205.365	314.784
201.538	205.614	205.829	309.934
203.371	208.122	202.368	307.400
202.180	204.363	202.360	306.059
202.624	209.201	205.546	302.151
201.584	207.321	203.540	302.284
201.626	208.613	204.332	301.665
200.956	205.403	204.755	303.188
199.414	207.046	205.798	301.565
197.669	208.181	207.553	299.920
193.680	206.878	206.942	301.326
192.914	207.334	207.546	303.593
190.818	210.560	205.338	302.056
188.746	211.546	203.104	305.375
186.883	211.380	205.079	305.710
184.920	212.483	208.613	306.149
189.445	206.698	227.711	311.203
195.727	204.437	240.662	316.255
212.584	201.392	242.597	321.579
217.726	194.336	234.551	328.174
215.905	194.024	235.786	328.350
213.801	192.748	235.445	329.401
213.687	189.738	233.767	333.305
212.073	187.798	234.652	334.110
208.462	188.615	237.306	333.734
206.070	189.258	241.021	333.551
204.961	186.024	243.942	337.284
201.376	186.512	249.472	336.783
191.111	190.994	268.341	331.134
190.071	192.140	277.271	328.539
193.865	189.852	280.522	329.557
195.532	184.398	258.586	332.237
194.956	189.913	217.087	326.930
191.069	194.593	208.700	318.363
194.603	199.021	199.181	313.137
196.458	203.391	201.228	308.891
195.700	207.217	200.680	303.310
199.248	211.192	197.967	298.773
192.411	211.047	198.943	297.110
189.422	205.959	201.846	298.379
177.051	207.359	199.833	293.842
157.865	204.781	202.272	291.931
142.030	200.721	199.364	294.435
127.162	200.822	197.015	293.488
108.659	209.354	179.154	288.912
102.207	220.646	175.793	278.278
100.513	224.960	168.478	275.050
99.282	229.202	166.579	270.759
106.673	232.853	161.659	268.317
127.936	239.989	158.846	260.692
141.804	244.076	163.203	253.910
159.538	244.798	167.748	250.663
175.753	242.382	173.293	251.455
188.383	236.859	174.604	254.216
208.070	231.344	176.041	257.405
213.152	228.910	176.452	257.475
213.110	228.085	176.847	258.714
216.178	226.709	169.483	263.315
220.247	228.955	169.683	263.358
224.005	233.471	171.168	264.274
226.855	238.175	171.675	262.763
229.743	243.385	174.511	261.007
231.750	247.565	177.787	259.127
238.924	250.036	177.980	255.315
247.078	249.639	188.532	253.133
243.447	247.900	201.015	251.982
237.494	241.849	213.310	255.215
230.998	232.233	224.134	262.729
228.646	223.540	234.023	270.160
218.563	214.163	212.716	267.666
211.881	208.251	193.841	269.380
200.015	207.858	178.988	266.922
191.153	207.357	172.230	263.270
175.467	207.621	174.834	266.179
149.847	208.753	168.995	267.925
134.370	213.801	172.379	265.360
124.721	215.929	171.557	266.087
121.954	220.760	162.263	261.872
122.400	227.954	153.944	255.583
126.183	228.042	152.630	256.187
132.014	224.998	154.177	259.231
141.750	224.986	157.708	257.510
153.342	220.651	164.385	259.839
165.750	216.015	170.208	263.425
188.911	213.930	178.684	265.576
199.205	206.646	178.996	272.409
203.306	209.977	185.258	267.005
215.015	209.718	205.796	271.500
227.634	211.108	213.454	274.386
257.897	206.628	178.201	276.304
271.198	203.750	180.775	277.013
267.736	198.689	201.797	282.147
263.051	185.158	221.201	287.782
274.713	171.257	220.073	289.422
289.791	169.605	209.368	288.852
287.549	168.280	206.671	290.916
278.653	173.166	203.855	291.090
268.292	187.475	196.242	281.271
248.279	201.824	196.983	267.670
217.370	198.416	168.429	270.583
199.998	208.785	163.004	264.945
186.395	215.674	157.567	261.282
177.306	225.695	154.415	254.671
176.646	230.252	146.826	254.766
182.952	234.991	148.300	258.929
190.777	247.284	150.798	252.972
200.733	256.167	151.117	251.966
208.187	261.824	156.324	256.540
220.188	273.743	157.543	256.451
239.675	295.441	156.638	251.585
250.927	305.901	156.069	246.629
260.131	308.775	157.571	246.839
270.899	312.581	157.420	245.336
278.022	317.368	159.003	241.668
285.463	321.145	164.154	239.364
287.787	320.962	167.229	240.760
289.728	323.365	167.397	243.292
290.397	326.956	169.190	243.020
292.981	331.128	168.364	241.538
294.154	336.784	160.962	238.121
294.647	339.027	160.178	235.562
294.878	341.166	159.926	232.633
295.323	343.608	160.512	229.983
293.954	346.641	161.887	226.515
291.411	355.887	160.186	216.507
292.380	359.052	157.018	214.103
293.676	364.093	155.393	208.791
294.945	372.272	152.963	199.262
295.257	377.727	149.298	193.258
299.682	393.131	138.177	177.185
301.431	399.694	134.867	171.191
301.825	406.476	132.825	164.571
298.201	190.313	137.302	210.972
314.821	174.799	126.526	233.058
304.724	421.900	131.377	150.154
306.890	429.077	129.750	143.849
309.719	434.793	126.760	139.749
311.994	440.528	127.062	134.607
313.774	444.450	127.207	130.521
318.513	448.852	126.507	126.811
318.621	449.641	125.960	126.116
317.822	450.562	126.730	125.111
315.043	455.856	132.276	117.739
315.304	456.395	130.112	117.223
315.880	456.455	128.548	117.342
316.227	456.500	130.172	117.234
317.194	454.547	129.839	119.093
318.137	452.247	130.329	121.379
318.079	447.957	132.562	127.289
316.668	443.638	133.757	129.553
314.978	441.657	136.583	133.819
313.277	438.058	138.446	135.447
311.876	435.120	137.557	140.053
315.543	428.153	128.564	147.847
310.473	426.861	128.562	148.339
307.046	423.439	128.918	151.091
304.655	421.272	128.020	152.728
302.738	418.863	127.776	153.658
300.824	417.526	127.357	155.183
294.681	416.165	130.567	156.902
304.143	216.927	122.426	206.228
287.952	408.993	139.787	165.801
286.746	406.155	140.448	168.780
284.433	404.675	138.467	169.994
274.674	397.465	139.331	175.628
265.717	393.014	141.202	179.836
254.385	391.027	143.178	181.760
247.328	387.246	140.780	185.129
239.794	384.968	140.562	186.452
354.862	251.569	115.172	196.068
224.248	369.217	130.123	187.502
221.061	360.399	127.150	190.455
218.022	351.433	126.606	193.129
217.017	341.462	125.932	196.349
354.767	299.842	110.446	196.378
351.656	308.170	115.936	198.281
229.040	303.884	134.240	203.791
237.811	297.589	124.910	199.328
247.471	288.952	116.632	200.967
263.924	275.170	125.648	216.540
274.525	272.707	125.346	229.139
285.468	268.609	125.013	230.321
291.894	263.832	119.484	235.041
296.242	260.350	128.305	219.117
306.896	249.447	140.313	207.994
302.927	246.110	138.406	208.533
304.616	242.038	137.195	204.956
308.611	236.123	141.424	201.287
306.408	227.903	140.536	199.174
302.098	215.733	138.537	196.796
300.262	210.554	144.315	197.787
296.232	202.658	145.310	197.746
291.137	194.077	145.806	196.281
288.088	188.472	143.321	196.383
276.144	178.153	144.058	189.663
274.578	176.910	140.330	189.107
270.088	176.676	143.691	186.539
266.315	176.440	142.906	187.798
264.592	179.440	140.669	189.583
257.291	192.257	138.868	191.839
254.250	201.949	137.609	192.026
254.147	212.619	136.801	191.051
254.535	220.630	136.092	189.894
255.148	229.715	135.312	188.302
255.254	242.393	130.408	188.484
256.013	248.890	128.267	187.149
257.848	256.240	125.844	185.196
258.386	263.796	119.255	182.437
259.209	269.477	114.556	179.378
260.135	278.685	114.499	179.092
262.434	285.934	115.369	179.160
264.703	293.121	118.534	180.914
266.387	300.895	117.367	181.265
267.579	309.329	117.375	180.899
269.104	316.213	117.449	182.354
269.526	331.505	117.365	184.167
268.851	339.533	117.387	182.607
266.543	348.864	117.726	180.611
262.767	356.227	118.295	180.040
258.447	364.480	119.316	177.575
248.988	373.774	119.414	175.773
243.331	375.326	120.950	174.806
241.149	374.465	119.416	175.438
239.313	372.285	117.035	176.895
236.320	365.919	116.372	179.663
232.275	346.503	119.556	187.044
231.305	337.376	124.127	191.094
232.954	326.249	125.594	190.582
237.866	313.810	122.449	192.284
239.464	302.152	123.771	192.934
244.764	277.724	123.779	194.914
247.987	267.083	123.630	188.612
249.625	255.044	117.561	189.966
249.008	244.437	115.239	186.127
249.725	235.254	116.427	184.535
252.413	214.812	117.090	185.114
253.922	210.900	122.682	181.961
257.706	205.448	124.413	180.085
260.552	201.590	126.857	180.072
263.112	199.402	125.225	178.101
265.306	200.085	126.124	178.186
265.552	203.039	128.666	177.359
265.363	207.105	131.038	178.573
266.509	211.820	130.746	180.183
268.113	217.313	129.563	179.944
274.049	227.421	122.714	181.794
277.595	233.391	117.613	178.676
283.178	237.941	109.399	177.244
288.314	241.242	104.647	176.146
293.340	245.132	101.425	172.992
299.447	251.875	100.108	171.046
298.933	256.682	103.984	165.964
299.530	259.510	104.176	165.068
298.710	260.323	105.398	164.580
299.084	260.719	103.914	163.881
298.504	259.630	102.610	165.557
293.774	260.509	103.453	165.172
287.927	260.786	104.720	165.697
280.588	261.992	107.581	166.531
272.386	262.576	113.054	167.334
257.003	264.454	113.447	168.342
249.369	267.252	112.655	166.717
239.450	270.434	113.151	166.632
229.693	273.123	113.383	165.577
223.120	276.218	104.508	163.301
209.175	279.674	97.445	158.987
203.392	280.107	95.863	157.921
201.280	281.935	92.204	155.107
201.290	281.610	89.443	154.277
200.053	281.309	89.471	153.263
206.470	278.175	90.310	153.729
212.774	276.376	91.716	154.384
220.722	272.080	92.940	156.593
230.347	270.308	94.578	157.116
239.474	265.292	98.653	159.657
262.737	261.806	102.495	158.645
273.443	258.564	105.769	160.937
284.915	255.647	106.918	163.561
294.466	250.762	110.130	165.749
303.162	246.004	110.430	165.417
316.224	239.462	105.301	160.958
323.327	236.341	100.292	159.549
326.608	231.886	98.637	159.290
327.058	227.787	98.350	159.765
327.888	225.725	97.408	158.565
327.288	218.820	91.364	155.518
327.385	215.875	91.381	156.020
327.551	211.701	90.486	155.265
326.733	210.132	89.138	150.910
327.474	207.285	87.893	150.860
329.620	205.183	85.668	148.735
331.028	205.341	84.427	148.582
334.940	207.704	82.328	148.925
339.692	210.029	79.552	150.626
