415.000	260.000	13.000	35.000
413.834	261.678	15.375	31.470
413.992	261.466	15.109	31.867
413.974	261.564	15.110	31.709
414.119	261.638	15.026	31.462
414.115	261.535	14.955	31.522
414.132	261.579	14.860	31.468
414.079	261.638	15.034	31.430
414.132	261.433	14.981	31.915
414.119	261.564	14.830	31.709
414.025	261.210	14.985	31.963
414.119	261.617	14.872	31.714
414.150	261.388	14.989	31.959
414.280	261.400	14.653	31.904
414.115	261.394	15.051	31.877
414.173	261.608	14.912	31.636
414.150	261.410	15.042	31.952
414.083	261.728	14.993	31.546
414.115	261.333	14.972	31.884
414.333	261.638	14.683	31.798
414.310	261.322	14.918	31.982
414.353	261.586	14.707	31.512
414.239	261.244	15.097	31.799
414.613	261.732	14.602	31.227
414.571	261.116	14.752	31.692
414.512	261.680	14.562	31.235
414.588	261.225	14.612	31.627
414.501	261.329	14.753	31.793
414.775	261.145	14.316	31.829
414.553	261.419	14.720	31.623
414.768	261.597	14.513	31.373
414.794	261.408	14.494	31.546
414.659	261.638	14.629	31.197
414.762	261.203	14.509	31.941
414.679	261.210	14.257	31.956
414.380	261.447	14.638	31.707
414.519	261.210	14.577	31.901
414.874	261.091	14.118	32.105
414.639	261.001	14.789	31.950
414.978	260.729	14.484	32.114
415.013	261.159	14.655	31.459
415.092	260.740	14.811	31.795
415.100	260.655	14.767	31.888
415.142	260.535	14.905	32.158
415.280	260.564	14.830	31.763
415.358	260.696	15.161	31.916
415.553	260.873	15.376	32.187
415.668	260.986	15.535	32.151
415.811	260.881	15.518	32.377
416.000	261.164	15.514	32.128
416.231	261.179	15.430	32.147
416.141	260.911	15.538	32.192
416.597	261.016	15.045	31.814
416.785	261.334	15.062	31.305
416.825	261.056	14.918	31.572
416.750	261.011	15.097	31.931
417.026	261.056	14.766	32.062
417.439	260.952	14.723	32.366
417.543	260.935	14.671	32.478
417.681	261.267	14.833	31.877
417.571	261.011	14.626	31.974
417.546	261.011	14.704	32.096
417.785	261.114	14.660	31.992
417.679	261.203	14.877	31.849
417.687	261.129	14.832	31.912
417.714	260.819	14.773	32.233
417.625	260.640	14.812	32.346
417.604	260.608	14.788	32.350
417.554	260.712	14.731	32.281
417.732	260.789	14.739	32.252
417.847	260.535	14.385	32.364
417.711	260.535	14.628	32.342
417.588	260.608	14.859	32.372
417.774	260.505	14.685	32.397
418.001	260.341	14.409	32.549
417.711	260.712	14.881	32.326
417.597	260.594	15.070	32.467
417.703	260.520	15.032	32.451
417.813	260.474	14.866	32.420
417.881	260.653	15.000	32.351
417.803	260.490	15.169	32.423
418.101	260.307	14.728	32.654
417.916	260.356	14.876	32.647
417.829	260.682	15.016	32.367
418.092	260.611	14.789	32.339
418.017	260.608	14.792	32.248
417.812	260.505	14.962	32.544
418.237	260.383	14.554	32.436
417.846	260.638	15.089	32.422
417.950	260.353	15.076	32.729
417.738	260.550	15.225	32.575
417.711	260.611	15.307	32.350
417.581	260.429	15.154	32.641
417.370	260.246	15.198	32.693
417.430	260.424	15.230	32.504
417.439	260.307	14.911	32.654
417.506	260.608	14.953	32.497
417.362	260.015	15.097	33.144
416.843	259.833	15.662	33.220
416.991	259.955	15.333	33.118
416.834	259.787	15.258	33.380
416.903	259.818	15.338	33.190
416.791	260.077	15.431	32.930
416.970	259.695	15.011	33.324
416.945	259.664	15.037	33.264
416.970	259.540	14.884	33.547
416.894	259.602	15.087	33.473
416.911	259.984	14.943	33.157
417.012	259.509	14.988	33.430
416.962	259.509	15.056	33.487
417.110	259.849	14.926	33.047
417.070	259.695	14.894	33.188
416.851	259.571	14.948	33.200
416.808	259.695	15.046	33.088
416.765	259.772	14.910	33.078
416.638	259.509	14.894	33.162
416.481	259.896	15.124	32.655
416.370	259.941	15.180	32.702
416.310	259.851	15.113	32.655
416.318	260.238	15.417	32.394
416.422	259.971	15.295	32.656
416.405	260.138	15.219	32.578
416.353	260.244	15.106	32.416
416.266	260.071	15.321	32.596
416.283	260.062	15.267	32.698
416.379	259.971	15.171	32.756
416.456	259.787	14.985	33.062
416.589	259.533	14.943	33.557
416.384	259.879	14.973	32.803
416.266	260.355	15.120	32.345
416.132	260.056	15.254	32.689
416.213	259.741	14.958	33.064
416.159	260.047	14.970	32.591
416.041	260.429	15.148	32.329
416.150	259.928	15.190	33.106
416.270	259.707	14.803	33.307
416.053	260.244	15.076	32.427
416.092	260.311	15.080	32.344
416.051	260.252	15.196	32.393
416.132	260.132	15.039	32.558
416.177	260.117	15.101	32.484
416.336	260.282	14.729	32.247
416.125	260.311	15.047	32.256
416.263	260.132	14.709	32.436
416.191	260.177	14.817	32.490
416.125	260.608	14.956	31.981
416.263	260.311	14.691	32.311
416.255	260.296	14.644	32.260
416.342	260.564	14.666	31.992
416.349	260.354	14.725	32.328
415.992	260.520	14.979	32.048
416.182	260.667	14.807	31.823
416.340	260.354	14.647	32.274
416.134	260.475	14.820	31.993
416.109	260.475	14.917	31.993
416.084	260.608	14.851	31.860
416.388	260.535	14.565	32.029
416.366	260.314	14.603	32.122
416.384	260.069	14.568	32.653
416.239	260.401	14.606	32.089
416.478	260.080	14.578	32.673
416.294	260.098	14.897	32.605
416.370	260.008	14.537	32.681
416.404	259.963	14.659	32.801
416.294	260.244	14.713	32.504
416.239	260.199	14.842	32.415
416.318	260.244	14.799	32.549
416.271	260.110	14.755	32.639
416.182	260.579	14.609	31.759
416.289	260.221	14.941	32.332
416.150	260.233	14.913	32.396
416.302	260.143	14.615	32.515
416.263	260.008	14.654	32.711
416.034	260.549	14.919	31.930
416.166	260.053	14.823	32.755
416.034	260.446	14.883	32.111
416.310	259.985	14.661	32.644
416.092	260.177	14.952	32.527
416.051	260.121	14.957	32.628
416.109	260.008	14.881	32.740
416.001	260.279	14.953	32.415
416.092	260.087	14.934	32.646
416.051	260.076	15.030	32.718
416.248	259.919	14.659	32.713
416.034	259.985	15.010	32.763
415.970	259.985	15.066	32.816
415.791	260.229	15.136	32.588
415.790	260.648	15.362	31.935
415.759	260.564	15.249	31.970
415.916	260.431	15.074	32.115
415.864	259.826	15.272	32.953
415.851	260.379	15.112	32.181
415.776	260.282	15.213	32.231
415.855	259.837	15.299	32.986
415.978	259.741	14.985	33.000
415.953	259.822	14.937	33.040
415.877	260.092	15.050	32.490
415.872	259.640	15.154	33.376
415.928	259.753	14.962	33.246
415.962	260.168	14.784	32.414
415.846	259.875	15.035	32.770
415.821	260.127	15.215	32.858
415.703	260.138	15.007	32.423
415.860	260.011	14.931	32.545
415.514	259.799	15.277	32.780
415.034	259.833	15.820	32.838
415.141	259.454	15.870	33.155
415.401	259.637	15.706	32.972
415.534	259.045	15.544	33.855
415.506	259.116	15.555	33.624
415.772	259.457	15.420	33.289
415.889	258.787	15.373	34.269
416.105	258.033	15.031	34.944
416.195	257.906	14.887	35.092
415.972	258.146	14.979	34.472
415.991	257.952	15.107	34.664
415.738	257.896	15.296	34.668
415.814	257.802	15.419	34.738
415.996	257.728	15.123	34.843
415.823	257.643	15.486	34.777
415.898	258.066	15.468	34.481
415.814	257.663	15.495	34.814
415.797	257.651	15.588	34.948
415.616	257.425	15.712	35.064
415.566	257.150	15.800	35.209
415.584	258.090	15.958	34.304
415.625	257.565	15.704	35.064
415.584	257.425	15.725	35.076
415.601	257.296	15.843	35.074
415.645	257.619	15.780	34.847
415.668	257.587	15.679	34.951
415.703	257.619	15.702	34.992
415.688	257.458	15.837	34.900
415.745	257.715	15.780	34.703
415.703	257.731	15.818	34.831
415.650	257.619	15.913	34.740
415.688	257.683	15.893	34.616
415.518	257.778	15.829	35.260
415.557	259.429	15.945	35.409
415.323	260.840	16.258	35.825
415.518	262.681	15.922	37.969
415.314	265.036	16.089	36.868
415.175	267.121	16.005	36.592
415.284	267.475	15.891	36.505
414.993	263.255	16.487	36.826
415.221	257.894	15.881	37.215
414.964	255.742	16.566	36.922
415.411	255.850	15.730	36.631
415.183	257.405	16.141	36.473
415.414	259.016	15.922	36.439
415.376	260.517	15.851	35.758
415.681	259.521	15.739	36.897
415.430	260.710	15.721	35.857
415.573	260.392	15.989	36.575
415.665	260.309	15.697	36.596
415.394	258.628	15.969	37.389
415.490	258.430	16.062	36.981
415.446	257.642	16.266	37.446
415.319	256.770	16.030	37.039
415.446	255.195	16.206	37.601
415.503	256.564	16.074	36.069
415.211	255.445	16.607	37.446
415.557	257.261	16.186	36.170
415.579	256.445	16.098	37.096
415.437	257.563	16.255	36.131
415.562	257.690	15.997	35.914
415.640	257.673	15.939	36.017
415.657	257.919	15.902	35.859
415.678	257.716	15.881	36.375
415.640	257.968	15.959	35.898
415.621	257.246	15.937	36.308
415.527	257.475	16.231	35.943
415.640	258.163	15.978	35.716
415.659	258.473	15.637	35.372
415.730	258.328	15.598	35.947
415.592	258.359	15.871	36.046
415.562	258.985	15.762	35.557
415.815	258.769	15.360	35.821
415.575	258.326	15.467	36.116
415.740	258.851	15.387	35.609
416.058	258.422	15.174	35.972
416.198	259.061	15.130	34.871
416.124	259.792	15.439	33.896
416.347	260.321	14.977	33.354
416.462	260.223	14.835	33.409
416.566	260.394	14.656	33.284
416.997	260.611	14.407	32.548
416.894	260.308	14.607	32.568
416.606	260.282	14.885	32.530
416.506	259.996	14.880	33.008
416.464	260.633	14.886	32.488
416.573	260.926	14.996	32.277
416.539	260.611	14.811	32.581
416.774	260.307	14.849	32.719
416.670	260.215	14.953	32.844
416.597	260.307	14.935	32.523
416.336	260.147	15.214	32.676
416.447	260.274	15.214	32.520
416.105	260.304	15.463	32.345
416.266	260.259	15.321	32.434
416.060	260.379	15.675	32.236
416.069	260.409	15.592	32.107
416.060	260.487	15.675	31.985
416.032	260.691	15.445	31.602
415.846	260.760	15.659	31.765
415.458	261.006	15.678	31.548
415.687	260.932	15.430	31.401
414.434	261.719	15.664	30.296
414.364	260.874	15.557	31.288
413.987	261.336	16.090	31.188
413.571	262.024	16.542	30.694
412.999	262.206	16.549	30.338
413.009	262.620	16.331	29.588
413.280	263.790	15.769	28.508
412.336	263.306	16.509	28.869
412.567	264.052	16.153	28.067
411.848	264.077	16.618	28.068
411.710	264.011	16.791	28.213
411.697	264.152	16.295	27.744
411.639	263.860	16.577	28.200
410.883	263.498	16.959	28.380
410.554	263.623	17.176	28.024
410.509	263.743	17.022	28.187
410.556	263.967	17.006	28.023
410.118	263.511	17.330	28.347
409.842	263.522	17.710	28.377
410.237	263.790	17.078	28.178
410.005	263.863	17.337	28.036
409.762	263.809	17.383	28.033
409.826	263.781	17.456	28.041
409.924	263.903	16.828	27.882
409.898	264.183	17.094	27.487
409.795	264.342	17.265	27.441
409.796	264.302	17.127	27.443
409.889	264.315	16.992	27.430
410.055	264.407	16.774	27.338
409.823	264.347	17.026	27.434
409.823	264.236	17.158	27.547
410.079	264.407	16.773	27.329
410.036	264.401	16.752	27.255
410.120	264.177	17.008	27.485
409.802	264.117	17.346	27.572
409.631	264.024	17.445	27.628
409.963	264.215	17.369	27.617
410.036	264.117	17.158	27.694
409.717	264.486	17.064	27.260
409.907	264.342	17.086	27.602
409.757	264.616	16.916	27.252
409.637	264.573	17.213	27.208
409.829	264.512	17.214	27.328
410.210	264.130	16.684	27.578
409.706	264.433	17.123	27.172
410.212	263.997	16.955	27.711
410.141	263.579	16.914	28.073
409.973	263.610	16.759	28.027
409.992	263.783	16.652	27.893
410.173	263.984	16.971	27.837
409.921	263.579	17.272	28.119
410.185	263.409	16.647	28.190
410.453	263.463	16.780	28.301
410.248	263.449	17.044	28.353
410.061	263.650	16.746	27.786
410.264	263.481	16.910	28.065
410.148	263.476	17.026	28.113
410.288	263.369	16.995	28.259
410.258	263.274	16.789	28.181
410.468	263.517	16.404	28.073
410.337	263.534	16.700	28.022
410.108	263.436	16.826	28.134
410.031	263.888	16.632	27.643
410.410	263.640	16.777	28.022
409.974	264.033	16.524	27.518
410.017	263.706	17.121	28.181
409.688	264.332	16.995	27.548
410.154	264.525	16.759	27.572
409.447	264.771	17.017	27.082
409.498	264.837	17.202	27.246
410.210	264.534	16.654	27.467
409.852	264.387	16.565	27.512
410.036	264.679	16.381	27.220
410.020	264.709	16.812	27.380
409.637	264.679	16.818	27.156
410.134	264.163	16.552	27.560
409.978	263.837	16.592	27.942
409.766	264.719	17.015	27.349
409.729	264.876	17.053	27.133
409.567	264.320	16.869	27.497
409.870	264.499	16.782	27.303
409.764	264.293	16.865	27.398
409.959	264.210	16.739	27.573
409.813	264.170	16.728	27.528
410.026	264.117	16.486	27.647
409.881	264.019	16.807	27.749
409.795	264.447	17.009	27.355
409.997	264.263	16.496	27.520
410.093	264.478	16.429	27.185
410.255	264.322	16.656	27.557
409.745	264.355	16.933	27.438
409.719	264.603	17.173	27.427
409.926	264.289	16.812	27.551
409.646	264.144	16.714	27.658
409.382	263.877	17.610	27.953
409.546	262.710	17.494	29.293
408.918	263.685	17.751	28.304
409.335	263.910	17.635	27.891
409.220	263.063	18.096	28.901
408.961	263.111	18.061	28.624
407.191	263.413	19.379	28.419
407.621	263.047	19.739	28.502
405.494	263.695	21.347	27.608
406.215	263.452	21.367	28.003
405.243	263.549	21.235	27.906
403.875	263.576	21.998	28.126
403.399	263.449	21.436	27.889
405.982	262.170	20.495	29.153
403.557	264.190	22.830	27.712
401.791	264.733	23.210	27.167
401.815	263.512	21.359	28.092
403.127	263.686	22.737	27.750
403.415	263.640	22.573	27.819
403.101	263.657	22.965	27.850
405.047	263.909	21.032	27.526
404.187	263.595	21.639	27.742
404.011	263.229	21.745	28.648
403.733	263.808	21.312	28.379
405.241	262.278	20.993	29.313
405.457	262.810	21.443	29.145
405.336	262.782	20.958	28.891
405.996	262.217	20.597	29.329
407.526	262.922	19.350	28.483
407.641	262.834	18.797	28.570
408.200	262.820	18.425	28.782
408.299	263.124	18.411	28.514
408.134	263.509	18.160	28.207
408.310	263.127	18.358	28.694
408.184	263.290	18.259	28.601
408.423	263.194	17.990	28.717
408.770	263.055	17.612	28.767
408.808	263.264	17.628	28.420
408.625	263.373	17.750	28.428
408.470	263.373	17.735	28.302
408.448	263.468	17.658	28.333
408.797	263.305	17.628	28.322
408.965	263.332	17.400	28.449
408.965	263.318	17.471	28.640
409.087	263.359	17.318	28.422
408.989	263.400	17.244	28.381
409.012	263.315	17.385	28.527
408.776	263.154	17.761	28.774
408.850	263.305	17.485	28.604
408.860	263.508	17.444	28.157
408.692	263.618	17.580	28.093
408.559	263.590	17.937	28.299
408.850	263.278	17.535	28.465
408.797	263.481	17.628	28.193
408.985	263.508	17.440	28.157
409.166	263.700	17.221	27.973
408.848	263.730	17.455	27.764
408.911	263.677	17.283	27.932
409.067	263.490	17.456	27.985
409.089	263.138	17.337	28.393
408.622	263.279	17.536	28.360
408.722	263.495	17.552	28.141
408.711	263.522	17.503	28.124
408.892	263.522	17.453	28.133
408.392	263.331	17.280	28.324
408.380	263.737	17.499	27.861
408.577	263.690	17.565	27.651
408.653	263.503	17.335	28.086
408.505	263.597	17.566	27.764
408.730	263.783	17.347	27.672
408.963	263.557	17.270	27.937
408.848	263.328	17.141	28.232
408.848	263.557	17.102	27.946
408.837	263.440	17.406	28.057
409.268	263.557	17.034	27.709
409.272	263.409	16.718	28.065
409.056	263.517	17.059	27.872
409.128	263.637	16.997	27.780
408.963	263.690	17.053	27.567
409.198	263.342	17.174	28.190
408.787	263.382	16.814	27.950
408.907	263.717	17.166	27.634
408.826	263.557	17.318	27.870
408.816	263.490	17.231	28.004
408.751	263.570	17.403	27.923
408.508	263.314	17.294	28.116
408.577	263.610	17.514	27.731
408.558	263.070	17.076	28.441
408.607	263.290	17.524	28.327
408.595	263.383	17.247	28.095
408.961	263.517	17.232	27.920
408.911	263.288	17.332	28.149
408.773	263.318	17.739	27.974
408.538	263.345	17.151	27.880
408.465	263.449	17.380	28.198
408.023	263.328	18.211	28.178
408.121	263.414	17.548	28.251
408.295	263.393	17.826	28.193
408.321	263.238	17.472	28.512
408.389	263.777	17.467	27.879
408.300	264.006	17.362	27.506
407.856	263.883	17.112	27.897
407.895	263.554	17.430	28.023
407.688	263.275	17.246	28.532
407.818	263.267	17.427	28.661
408.158	263.170	17.750	28.512
408.106	263.160	17.603	28.576
408.151	263.182	17.797	28.329
408.203	263.277	17.736	28.282
408.657	262.933	17.080	28.667
407.940	262.500	17.649	28.978
408.060	262.542	17.779	28.893
408.362	261.995	17.989	29.558
408.274	262.403	18.223	29.259
408.268	262.557	18.432	29.225
408.058	261.983	18.803	29.404
407.397	262.182	19.849	29.238
406.718	263.584	20.229	28.297
405.061	262.782	21.008	28.324
405.484	262.279	20.944	28.995
404.196	262.027	22.122	29.525
402.884	263.126	23.014	28.027
401.512	263.953	23.995	27.509
401.529	263.416	23.779	27.980
402.437	263.094	22.751	28.600
401.513	264.632	23.337	27.454
401.036	264.326	24.505	27.231
401.139	263.460	23.509	28.153
400.569	263.848	24.281	28.202
401.096	263.767	23.795	28.105
400.465	263.811	23.818	28.109
401.606	263.363	23.063	28.088
400.981	262.843	22.758	28.873
401.963	263.651	23.309	27.910
402.468	263.028	22.244	28.622
402.677	263.242	22.059	28.875
403.014	262.956	22.618	28.925
403.007	263.148	22.906	29.021
404.435	264.242	22.124	28.113
406.071	262.990	20.222	28.821
406.453	262.834	19.865	28.926
407.412	263.327	19.399	28.375
407.588	263.228	18.664	29.016
407.386	263.515	18.319	28.772
407.259	263.400	18.768	28.629
407.228	263.501	18.800	28.689
407.493	263.389	18.202	28.762
407.707	263.246	18.160	28.782
407.434	263.362	18.359	28.736
407.664	263.362	18.224	28.569
408.278	262.944	17.794	29.055
407.952	262.944	17.998	29.135
407.748	263.285	17.844	29.010
407.599	263.361	18.163	28.666
407.707	262.790	18.014	29.299
407.675	263.197	18.098	28.971
407.544	263.246	18.186	28.950
407.760	263.180	18.044	28.790
408.150	263.070	17.882	28.917
407.839	263.226	17.969	28.956
407.310	263.168	18.307	29.141
407.749	263.167	17.930	28.807
407.805	263.139	17.964	28.960
407.717	263.070	17.972	29.140
407.344	263.001	18.099	29.083
407.947	263.000	17.742	29.089
408.117	263.111	17.782	29.088
408.007	263.097	17.771	29.112
407.839	263.090	17.603	29.065
408.150	263.246	17.450	28.787
408.299	263.099	17.271	29.038
408.128	263.044	17.482	29.103
408.193	263.206	17.357	28.746
408.057	262.973	17.633	28.873
408.182	262.770	17.647	29.362
408.018	262.961	17.710	29.081
407.873	262.781	17.462	29.289
408.089	263.041	17.631	29.097
408.106	262.741	17.642	29.399
407.833	262.776	17.887	29.293
407.577	262.804	17.714	29.205
408.059	263.000	17.527	29.069
408.171	263.165	17.648	29.036
408.257	263.207	17.663	28.859
408.193	263.094	17.506	28.926
408.257	263.228	17.592	28.866
408.331	263.207	17.619	28.878
408.117	263.123	17.662	29.097
408.246	262.902	17.613	29.167
408.171	262.961	17.678	29.193
408.257	263.055	17.703	29.013
408.062	263.021	17.807	29.317
407.679	262.842	17.339	29.341
407.578	263.221	17.752	28.937
407.717	263.638	17.777	28.523
407.668	263.094	17.194	28.804
407.614	263.209	17.551	28.941
407.445	263.652	17.843	28.414
407.535	263.707	17.626	28.455
407.744	263.335	17.541	28.634
407.437	263.737	17.377	28.321
406.989	263.727	18.244	28.324
406.985	263.625	18.314	28.403
406.918	263.762	18.319	28.304
407.160	263.762	18.056	28.151
407.126	263.508	18.208	28.273
406.725	263.940	18.574	27.955
406.816	264.317	18.535	27.749
406.042	263.416	18.575	28.160
406.588	263.427	18.639	28.444
406.522	263.317	18.662	28.544
406.696	263.304	18.520	28.470
406.759	263.359	18.467	28.522
406.782	263.197	18.424	28.267
407.708	263.035	17.853	28.770
407.418	262.666	18.431	29.332
407.209	262.523	18.780	29.452
407.220	262.509	18.747	29.290
406.905	262.466	19.223	29.353
407.366	262.094	18.385	29.607
406.941	262.075	19.306	29.671
406.189	262.707	20.028	29.169
405.910	263.047	20.604	28.656
405.371	263.494	20.846	28.018
404.649	262.948	21.089	28.563
403.752	263.088	21.715	28.375
402.325	263.112	22.689	28.396
400.768	263.523	23.751	28.108
401.401	263.967	23.348	27.537
400.992	263.787	23.377	27.940
399.734	263.111	23.115	28.339
399.760	263.693	23.880	27.833
400.926	264.214	22.585	27.461
401.859	264.455	22.346	27.110
400.084	263.244	23.707	28.274
399.025	263.981	23.298	27.300
400.864	263.498	22.963	27.659
401.405	265.162	21.978	26.372
401.677	263.836	22.273	27.461
401.868	263.781	22.374	27.783
402.452	263.587	22.763	28.132
402.802	263.157	22.329	28.944
403.138	263.718	22.087	28.439
404.167	263.407	21.639	28.699
404.847	263.227	20.771	28.837
405.403	263.315	20.335	28.914
406.328	263.313	19.668	28.721
406.456	263.355	19.397	28.780
406.612	263.173	19.318	28.803
406.861	263.242	18.987	28.792
407.467	263.228	18.618	28.896
407.300	263.347	18.394	28.921
407.414	263.487	18.367	28.761
407.465	263.263	18.432	28.687
407.537	263.345	18.372	28.684
407.506	263.400	18.380	28.709
407.631	263.439	18.467	28.744
407.300	263.276	18.394	28.852
407.310	263.158	18.525	28.856
407.265	263.109	18.696	28.891
407.827	263.147	18.026	28.773
407.929	263.083	18.122	28.936
407.713	263.099	17.995	29.125
407.114	263.080	18.648	29.018
407.522	263.045	18.203	29.162
407.478	263.246	18.232	28.769
407.631	263.168	18.235	28.860
407.599	263.021	18.394	29.064
407.782	263.246	17.780	29.035
407.770	263.831	18.023	28.331
407.873	263.376	17.540	28.711
407.300	263.400	18.185	28.528
407.219	263.542	18.450	28.505
407.792	263.441	17.981	28.708
407.963	263.458	17.806	28.839
407.632	263.336	17.948	28.874
407.228	263.776	17.784	28.522
407.101	263.940	18.530	28.319
407.238	263.569	18.174	28.689
407.478	263.094	18.118	29.089
407.259	263.235	18.263	28.954
406.954	263.263	18.119	28.756
407.073	263.027	18.361	29.161
407.316	263.007	18.427	29.280
407.128	263.163	18.329	29.261
407.368	263.445	18.517	28.979
407.693	263.192	17.857	29.380
407.664	263.121	18.255	29.205
407.546	263.192	17.933	29.291
407.927	263.138	17.939	28.970
407.725	262.944	18.104	29.305
407.468	262.874	18.104	29.315
407.696	262.860	18.223	29.349
408.027	263.234	17.907	28.995
407.815	263.221	17.886	28.937
407.555	263.083	18.010	29.076
407.588	263.069	18.216	29.129
408.029	263.263	17.879	28.886
408.095	263.458	17.926	28.927
407.873	263.221	18.036	28.922
407.678	263.099	18.090	28.859
407.648	263.221	18.261	28.847
407.175	263.304	18.526	28.815
406.877	262.606	18.865	29.562
407.127	263.075	18.926	29.119
407.117	262.751	18.907	29.323
407.001	262.907	19.191	28.990
406.458	263.061	19.819	28.680
406.257	263.135	19.888	28.410
405.623	263.047	20.235	28.237
405.062	262.567	20.894	29.018
403.901	262.936	21.512	28.469
402.916	263.027	21.823	28.749
401.172	261.820	21.125	30.202
399.947	262.439	19.368	29.729
400.762	262.374	18.434	29.759
400.722	262.878	18.415	29.018
400.860	263.359	17.972	28.631
401.361	263.249	18.019	28.778
401.547	263.097	17.997	29.022
401.526	263.386	18.051	29.189
401.648	263.163	17.775	29.579
401.919	263.431	17.483	29.271
401.486	262.938	17.905	29.457
401.648	262.790	18.042	30.067
401.138	263.256	18.551	29.242
401.047	263.078	18.584	29.267
401.532	262.480	18.245	29.774
400.410	263.103	18.791	29.529
399.503	262.984	18.662	29.423
398.137	262.864	20.505	29.320
397.257	262.741	21.722	29.831
394.781	262.713	23.634	29.789
393.603	262.645	24.155	29.606
393.584	263.221	23.757	29.193
392.563	263.754	24.741	28.795
391.792	262.855	24.955	29.491
391.581	262.908	25.627	29.452
391.453	264.466	25.260	28.187
391.781	262.594	25.411	29.373
390.981	264.219	24.920	27.908
390.563	262.914	26.269	29.129
389.624	264.767	25.708	27.341
391.228	263.066	25.049	29.224
391.354	263.553	24.488	28.857
394.177	261.861	23.292	30.430
395.624	263.051	22.184	29.886
395.534	262.117	22.070	30.688
396.734	262.458	21.848	30.300
397.746	263.123	20.963	29.625
398.011	263.066	20.400	29.522
399.960	263.918	19.310	29.050
400.220	263.694	19.168	29.066
399.784	263.509	19.333	29.174
399.612	263.469	19.519	29.357
400.041	263.341	19.155	29.413
400.010	263.539	18.984	29.046
399.979	263.822	19.068	28.919
399.990	264.075	19.165	28.705
400.285	264.005	18.894	28.506
401.082	263.930	18.152	28.652
400.308	263.817	18.611	28.432
400.219	264.235	18.933	28.346
400.219	264.069	18.785	28.321
400.749	264.441	18.339	28.102
400.771	264.346	18.342	28.194
400.839	263.994	18.253	28.500
400.929	263.666	18.082	28.828
400.466	264.102	18.596	28.432
400.544	264.617	18.586	28.021
400.782	264.207	18.434	28.352
400.490	263.986	18.675	28.442
400.844	264.207	18.351	28.373
400.608	264.644	18.566	28.052
400.690	264.375	18.403	28.221
400.047	264.069	18.863	28.284
400.456	264.317	18.707	28.149
400.782	264.138	18.444	28.366
400.490	264.124	18.521	28.228
400.418	263.748	18.401	28.647
400.173	264.427	18.789	28.192
400.126	264.304	18.920	28.238
400.196	264.359	18.702	27.975
400.533	264.424	18.322	28.210
400.321	264.400	18.660	28.265
400.253	264.766	18.645	27.853
400.736	264.472	18.275	28.272
400.996	264.108	18.148	28.432
400.394	264.183	18.345	28.431
400.865	264.658	18.170	27.961
400.702	264.291	18.309	28.182
400.466	264.196	18.303	28.308
400.345	263.858	18.334	28.617
400.230	264.413	18.657	28.186
400.478	264.290	18.388	28.252
400.514	263.899	18.446	28.675
400.310	264.604	18.462	27.862
400.722	264.535	18.019	28.033
400.765	264.454	18.017	28.047
400.722	264.481	18.102	27.916
400.266	264.468	18.496	28.005
400.346	264.400	18.364	28.111
400.614	264.522	18.179	27.999
400.744	264.683	18.122	27.838
400.515	264.305	18.288	28.168
400.526	264.290	18.133	28.105
400.481	264.250	18.489	28.309
400.802	264.779	18.054	27.350
400.271	264.517	18.739	27.675
400.284	264.196	18.465	27.965
400.150	264.089	18.478	28.015
400.404	264.569	18.210	27.631
400.020	264.113	18.763	28.022
400.310	264.701	18.441	27.451
400.126	264.616	18.677	27.408
400.504	264.017	18.320	28.063
399.839	264.196	18.851	28.111
400.253	264.097	18.750	28.050
400.958	263.179	17.888	29.109
401.430	262.705	17.574	29.736
403.334	262.691	15.907	29.977
403.497	262.599	15.993	30.027
402.208	262.753	16.857	29.791
401.862	262.392	16.896	30.122
401.598	262.307	17.527	30.299
401.565	262.249	18.066	30.351
402.143	262.220	17.676	30.360
401.598	262.249	18.409	30.486
401.682	261.816	18.294	30.609
402.135	261.883	17.667	30.647
401.245	261.722	18.076	30.633
401.241	260.969	17.985	31.276
398.132	259.723	17.594	31.897
395.273	259.427	18.069	32.682
396.587	259.019	15.831	33.064
396.883	258.016	15.260	34.277
395.490	258.511	16.645	34.005
396.094	258.523	16.114	33.483
395.126	256.897	17.527	34.878
395.418	257.527	16.792	34.229
395.161	257.187	17.120	34.479
396.232	258.337	16.270	33.680
394.333	259.263	17.730	32.546
395.019	259.010	16.697	33.144
394.829	259.726	16.692	32.235
394.738	259.713	16.340	32.413
394.941	260.164	16.051	32.163
393.574	260.274	15.812	32.024
393.609	260.443	14.929	32.222
393.395	261.620	15.571	31.158
393.150	260.804	15.771	32.215
393.632	262.445	15.590	30.736
393.434	262.301	16.479	30.684
393.829	262.832	16.533	29.909
393.598	263.871	16.932	28.933
393.166	263.486	17.824	29.160
392.763	263.038	17.833	29.476
393.547	262.464	17.625	29.644
393.889	262.363	19.810	29.721
391.272	262.486	17.843	29.891
394.175	263.159	17.737	29.339
394.839	263.604	21.315	28.034
395.792	262.946	24.091	28.825
397.347	262.660	23.899	29.770
397.521	263.664	23.501	28.657
399.139	263.477	22.612	28.792
398.422	264.532	23.932	27.666
398.960	263.846	23.303	28.055
398.855	264.148	23.944	27.726
399.134	264.834	23.695	27.152
399.472	264.350	23.045	27.657
399.801	264.702	22.481	27.502
398.838	264.147	23.762	27.935
400.257	264.921	22.410	27.220
399.554	264.030	23.161	28.107
399.296	265.076	23.030	26.980
398.790	264.736	23.631	27.170
398.634	264.732	23.214	27.341
398.287	264.530	23.053	27.371
398.024	263.880	22.971	28.020
398.704	263.177	22.624	28.953
398.850	262.787	21.619	29.558
398.541	263.185	20.493	29.273
398.123	263.259	20.376	29.241
398.019	263.330	20.111	29.232
397.985	263.599	19.159	29.062
398.296	263.735	19.230	28.712
397.908	263.737	19.276	28.706
398.181	263.991	19.195	28.692
398.254	263.921	18.853	28.609
398.083	263.627	18.738	28.563
398.321	263.473	18.635	29.179
398.410	263.751	18.531	28.891
398.116	263.668	18.684	28.834
398.393	263.696	18.481	28.866
398.557	263.710	18.446	29.174
398.471	263.682	18.297	29.040
398.196	263.916	18.855	28.806
398.300	263.751	18.695	29.001
398.439	263.820	18.588	28.982
398.630	263.848	18.398	29.107
398.493	263.834	18.546	28.878
398.439	263.751	18.447	29.011
398.787	263.985	18.318	29.001
398.818	264.441	18.549	28.539
398.237	263.812	18.703	29.133
398.919	263.836	18.432	29.002
398.662	263.696	18.870	29.066
398.953	263.892	18.870	29.162
398.601	263.765	18.705	29.131
398.343	263.765	19.083	29.014
399.087	263.906	18.401	29.237
398.192	263.921	19.328	28.801
398.738	263.878	18.601	29.018
398.407	263.571	18.732	29.001
398.429	263.793	18.778	28.909
398.514	263.916	18.625	28.806
398.461	263.765	18.458	29.027
398.514	263.779	18.503	28.983
398.514	263.862	18.625	28.621
398.766	263.834	18.671	28.629
398.953	263.820	18.438	28.762
398.600	263.818	18.351	28.763
398.968	263.801	18.426	28.977
398.777	263.724	18.430	28.858
398.461	263.737	18.678	28.765
398.787	263.529	18.363	29.043
398.556	263.529	18.673	29.023
398.588	263.682	18.506	28.940
398.714	263.806	18.391	28.895
398.662	264.000	18.511	28.505
398.968	264.027	18.192	28.515
398.732	263.707	18.520	28.777
398.630	263.682	18.554	28.900
398.567	263.627	18.341	28.936
398.608	263.543	18.348	29.099
398.994	263.724	18.236	28.779
398.513	263.497	18.308	29.062
398.839	263.417	18.468	29.125
398.777	263.585	18.441	28.977
398.797	263.765	18.387	28.987
398.787	263.751	18.230	28.861
398.968	263.972	18.143	28.666
398.959	263.731	18.259	29.117
398.735	263.751	18.517	28.881
398.407	263.599	18.403	29.063
398.556	263.613	18.373	29.059
398.192	263.696	18.705	28.876
398.268	263.613	18.511	29.009
398.039	263.445	19.084	28.920
397.979	262.351	18.939	30.076
397.794	261.487	18.759	31.205
397.497	261.975	19.360	30.777
397.447	261.965	19.072	30.835
397.206	261.210	19.478	31.674
397.385	262.181	19.383	30.892
397.706	262.261	19.171	30.644
397.250	262.113	19.139	30.875
397.471	261.831	19.032	31.285
397.860	263.449	18.826	29.817
398.752	265.069	18.304	28.251
398.490	263.816	18.179	29.491
399.094	262.251	17.895	31.012
401.211	260.100	15.827	32.980
401.515	261.046	15.800	31.999
403.792	261.891	14.430	30.960
403.939	260.672	14.959	32.325
403.803	262.290	16.014	30.804
404.563	260.320	15.139	32.813
405.195	260.663	16.207	32.120
404.456	260.274	16.766	32.353
404.933	260.321	17.805	32.414
404.002	260.347	18.973	32.445
405.211	260.429	21.030	32.216
404.820	260.649	19.623	31.862
404.735	260.291	20.907	32.005
405.473	260.262	20.442	31.990
405.408	261.107	20.451	31.105
406.497	262.009	19.416	30.074
407.845	262.172	18.034	29.710
408.126	262.388	17.383	29.491
408.924	262.296	16.862	29.751
409.607	261.805	16.189	30.456
410.098	261.774	16.374	30.703
410.956	262.178	15.945	29.971
410.989	261.810	16.254	30.298
412.185	262.114	15.808	30.450
412.768	262.426	16.181	30.159
412.658	263.058	17.599	29.139
413.363	262.466	18.124	29.885
413.830	262.963	18.212	29.669
413.683	262.878	17.617	29.526
414.315	263.000	18.095	29.638
416.344	262.892	20.866	29.356
415.627	261.905	22.119	30.605
416.208	262.195	23.251	30.012
416.723	263.194	23.444	29.009
417.410	264.282	23.160	27.912
416.430	264.341	24.075	27.750
418.698	264.337	22.339	27.688
417.357	264.518	23.791	27.783
418.318	264.514	22.816	27.736
417.817	264.214	23.934	27.970
419.229	264.166	22.966	27.805
417.667	264.800	24.351	27.558
419.113	264.577	23.201	27.575
414.189	264.199	25.669	28.076
418.711	263.153	23.762	28.629
419.035	264.159	22.820	27.708
418.377	263.181	23.373	28.644
417.572	262.659	23.502	29.188
418.002	261.988	23.093	30.136
418.199	262.938	21.862	29.203
417.374	263.138	20.626	28.592
416.950	263.159	20.564	28.776
417.421	263.103	19.761	28.653
417.473	263.159	19.517	29.005
417.390	263.013	19.523	29.336
417.520	262.620	19.099	29.533
417.553	262.874	19.166	28.851
416.746	263.584	19.130	28.327
417.596	263.751	18.608	28.190
417.204	264.007	18.668	27.906
417.183	264.237	18.539	27.677
417.695	264.129	18.237	27.559
417.307	264.318	18.593	27.486
417.228	264.535	18.693	27.379
417.093	264.656	18.746	27.204
417.372	264.535	18.573	27.397
417.555	264.603	18.378	27.203
417.601	264.318	18.222	27.373
417.201	264.292	18.633	27.559
417.474	263.980	18.566	27.820
417.354	264.156	18.683	27.682
417.439	264.075	18.722	27.706
417.460	264.183	18.522	27.655
417.815	263.831	18.213	27.895
418.051	263.750	18.172	27.886
417.659	263.896	18.346	27.807
417.923	263.549	17.984	28.049
417.871	263.481	18.099	27.897
418.263	263.670	17.997	27.937
417.755	263.830	18.311	27.816
418.026	263.508	18.038	28.080
417.836	263.723	18.474	27.817
417.959	263.803	18.294	27.698
417.594	263.830	18.545	27.787
417.732	263.737	18.463	27.775
417.897	263.670	18.448	27.966
417.428	263.940	18.940	27.861
417.576	263.803	18.688	27.978
417.659	263.953	18.581	27.791
417.523	263.831	18.660	27.988
417.753	263.776	18.592	27.950
417.794	263.597	18.469	28.166
417.460	263.611	18.622	28.189
417.269	263.331	18.972	28.442
417.630	263.386	18.761	28.407
417.797	263.372	18.640	28.304
417.649	263.304	18.615	28.450
417.849	263.180	18.396	28.711
417.425	263.631	18.607	28.319
418.144	263.263	18.225	28.579
417.386	263.290	18.798	28.503
417.493	263.166	18.898	28.627
417.891	263.290	18.535	28.503
417.403	263.536	18.858	28.296
418.076	263.152	18.194	28.563
417.236	263.413	19.039	28.458
417.051	263.599	19.317	28.286
417.203	263.529	19.095	28.262
417.450	263.304	19.011	28.558
416.996	263.375	19.314	28.510
417.317	263.103	19.121	28.833
416.990	263.131	19.461	28.668
417.011	263.005	19.303	28.931
417.327	263.075	19.212	28.822
417.233	263.200	19.268	28.677
417.043	262.907	19.483	28.990
416.966	262.511	19.341	29.467
417.474	262.398	19.143	29.187
417.109	262.651	19.348	28.854
417.086	262.497	19.240	29.208
416.720	262.721	19.507	28.884
417.212	262.707	19.139	28.957
417.149	263.270	19.202	28.471
416.863	263.325	19.435	28.377
416.926	263.145	19.437	28.538
417.128	263.353	19.248	28.407
417.051	263.270	19.375	28.432
416.447	263.270	19.413	28.490
416.840	263.214	19.623	28.468
416.699	263.117	19.219	28.682
416.784	262.595	19.506	29.204
416.695	261.941	19.490	29.763
416.430	261.456	19.875	30.225
416.596	260.831	19.630	30.906
416.850	260.713	18.180	31.014
416.873	261.097	18.474	30.689
416.434	261.141	18.592	30.520
416.422	261.493	17.895	29.959
416.367	261.580	17.292	30.312
416.125	262.050	17.065	30.029
415.833	262.163	18.117	29.591
416.092	261.192	17.272	30.844
415.746	261.119	18.200	31.072
415.899	261.461	17.512	30.878
415.608	262.128	17.951	30.118
415.767	262.652	18.126	29.363
416.136	262.417	18.489	29.599
415.807	262.637	17.981	29.397
414.202	263.226	17.398	29.196
414.466	263.994	17.163	28.304
416.224	264.199	20.537	28.075
416.497	263.901	22.212	28.006
416.887	263.908	22.347	28.143
417.158	263.555	22.394	28.515
417.704	264.400	21.791	27.757
417.605	264.253	21.862	27.785
418.230	264.767	21.431	27.386
418.135	264.438	21.802	27.284
419.071	264.383	21.267	27.375
418.213	264.848	21.421	27.022
419.164	264.662	20.788	27.133
418.063	265.298	21.880	26.673
419.032	264.735	21.490	26.923
418.782	264.162	21.516	27.783
417.921	263.100	22.496	28.825
418.291	262.870	22.413	29.129
416.909	262.831	22.475	29.150
417.700	262.659	22.017	29.521
417.041	262.546	21.694	29.578
416.946	262.227	21.423	30.190
416.760	262.126	21.041	29.957
416.649	262.049	20.198	30.148
416.745	262.210	19.501	29.908
416.828	262.272	19.357	29.814
416.780	262.820	19.082	29.273
417.254	263.047	18.356	29.167
417.419	263.501	18.141	28.728
417.032	263.762	18.079	28.380
417.150	263.790	17.923	28.334
417.193	263.583	17.859	28.559
417.191	263.652	17.924	28.414
416.952	263.611	18.192	28.474
417.029	263.858	18.311	28.208
417.171	263.611	18.107	28.493
416.873	263.500	18.219	28.566
416.985	263.638	18.077	28.427
417.289	263.666	17.886	28.457
417.214	263.486	18.012	28.541
417.414	263.472	17.843	28.555
416.680	263.693	18.335	28.296
417.394	263.625	17.874	28.595
417.203	263.500	18.137	28.662
417.128	263.514	18.213	28.609
417.151	263.721	17.942	28.268
417.251	263.790	18.129	28.188
416.830	263.707	18.247	28.378
417.221	263.583	18.008	28.483
417.291	263.748	17.824	28.222
417.362	263.737	17.715	28.202
417.323	263.373	17.694	28.536
417.331	263.386	17.542	28.512
417.269	263.427	17.746	28.571
417.848	263.549	17.439	28.449
417.277	263.549	17.623	28.439
417.124	263.630	17.629	28.338
417.320	263.508	17.849	28.479
417.509	263.776	17.675	28.233
417.162	263.700	18.123	28.332
416.794	263.625	18.288	28.479
417.040	263.858	18.064	28.150
417.091	264.048	17.880	27.979
416.756	264.159	18.255	27.844
416.565	264.264	18.548	27.815
417.010	263.803	17.917	28.129
417.292	263.670	17.797	28.180
416.814	263.562	17.790	28.386
417.244	263.576	17.796	28.264
416.893	263.710	17.572	28.130
417.260	264.132	17.773	27.785
417.250	263.971	17.749	27.909
416.919	263.917	18.102	28.029
417.321	263.737	17.683	28.123
417.091	264.172	17.886	27.707
417.020	264.038	18.024	27.860
417.041	263.944	17.837	28.030
417.231	263.809	17.724	28.137
417.121	264.078	17.856	27.896
417.121	263.930	17.670	28.034
416.940	263.944	17.971	28.069
417.547	263.903	17.326	28.147
417.300	264.011	17.699	27.925
416.990	264.025	17.965	28.026
416.980	263.781	18.019	28.308
417.371	263.735	17.600	28.255
417.071	263.944	17.884	28.126
417.505	263.741	17.576	28.387
417.150	263.645	17.732	28.648
417.128	263.707	17.924	28.464
416.846	263.885	18.202	28.181
416.948	263.762	18.078	28.304
416.771	263.305	18.250	28.905
417.242	263.069	17.798	29.049
417.271	263.658	17.833	28.431
416.752	263.994	18.552	28.129
417.111	263.680	18.352	28.405
417.460	263.193	18.557	28.683
417.792	262.080	18.489	30.088
417.221	262.171	20.332	29.920
416.710	262.123	21.373	29.974
415.870	261.683	23.334	30.420
413.441	260.245	26.831	31.937
415.500	262.735	24.680	29.520
417.541	260.942	24.839	30.979
416.229	261.197	27.987	30.661
419.929	262.157	23.479	29.509
423.820	261.356	19.053	29.926
423.267	261.141	20.092	30.645
422.563	261.257	20.281	30.530
423.651	261.551	19.102	30.091
423.945	261.863	18.991	29.861
423.719	261.401	19.662	30.164
423.320	260.958	20.205	30.605
423.374	261.331	19.899	30.540
423.361	261.668	19.707	30.225
423.960	262.083	19.823	29.884
423.959	262.178	19.714	29.607
423.896	262.013	19.566	29.668
423.430	262.028	19.851	29.855
422.941	260.962	20.811	30.799
421.180	260.832	21.789	31.074
419.155	261.197	23.437	30.467
419.327	262.865	23.059	29.026
418.644	262.619	22.871	29.215
417.909	263.022	23.605	28.981
416.775	262.849	22.701	29.154
416.196	261.991	22.093	30.052
416.079	261.855	21.159	29.946
416.474	262.114	20.283	29.757
415.557	262.782	20.204	28.999
415.804	263.672	19.755	28.283
416.489	263.518	19.298	28.340
416.090	264.216	19.238	27.782
416.456	263.981	18.836	27.801
415.932	264.424	19.028	27.855
415.742	264.362	19.346	27.725
416.114	265.199	19.604	26.887
416.396	264.486	20.427	27.782
415.990	264.279	21.194	27.703
416.945	263.256	22.531	28.689
416.358	263.425	23.808	28.495
418.123	262.601	22.927	29.266
417.796	262.586	23.787	29.339
420.150	263.497	22.341	28.235
417.469	264.297	24.803	27.641
421.021	263.688	21.121	28.113
418.437	263.904	23.921	27.818
421.999	263.503	20.372	28.331
419.692	263.721	22.952	28.112
423.081	263.341	20.065	28.329
420.309	263.600	22.648	27.968
419.458	264.021	23.394	27.630
420.800	263.537	22.156	28.113
418.631	264.054	24.034	27.741
419.079	263.023	23.364	28.848
420.401	262.216	22.017	29.788
417.939	262.831	23.949	28.928
418.456	262.458	22.700	29.129
418.674	262.846	22.129	28.926
418.123	263.607	22.723	28.550
417.625	263.459	22.456	28.555
418.066	262.663	21.167	29.194
417.696	262.767	21.032	29.106
417.900	263.030	20.336	28.858
418.585	263.181	19.176	28.575
417.744	263.509	19.817	28.375
418.082	263.045	19.328	28.783
418.736	262.946	18.707	29.063
418.759	262.926	18.833	29.111
418.203	263.695	19.253	28.429
418.725	263.576	18.761	28.521
419.060	263.348	18.522	28.585
418.889	263.158	18.739	28.773
418.805	263.158	18.671	28.745
418.656	263.265	18.799	28.735
418.748	263.348	18.717	28.436
418.618	263.420	18.845	28.498
419.027	263.534	18.630	28.397
418.555	263.819	18.837	28.101
418.748	263.515	18.656	28.527
418.994	263.265	18.481	28.610
418.402	263.685	18.769	28.246
418.999	263.381	18.261	28.481
418.896	263.381	18.434	28.647
418.681	263.591	18.752	28.299
418.505	263.797	18.797	28.078
418.918	263.819	18.464	28.160
418.941	263.644	18.421	28.227
418.952	263.585	18.389	28.246
418.959	264.116	18.492	27.874
418.794	263.634	18.568	28.251
418.952	263.732	18.337	28.099
418.839	263.575	18.501	28.188
419.095	263.790	18.266	28.054
418.884	263.585	18.477	28.300
418.952	263.366	18.410	28.504
418.668	263.323	18.653	28.428
419.210	263.496	18.329	28.407
418.693	263.456	18.842	28.401
419.082	263.285	18.394	28.660
418.606	263.400	18.786	28.378
419.210	263.515	18.308	28.388
418.816	263.516	18.576	28.315
418.526	263.265	18.836	28.652
418.961	263.228	18.493	28.638
418.643	263.304	18.749	28.599
418.861	263.285	18.530	28.688
419.103	263.285	18.479	28.619
418.705	263.420	18.258	28.525
419.084	263.572	18.029	28.456
418.725	263.624	18.358	28.423
418.929	263.436	18.256	28.435
419.141	263.790	18.031	28.162
418.669	264.173	18.203	27.696
419.603	263.686	17.620	28.288
418.766	263.763	18.167	27.989
419.696	263.576	17.527	28.225
418.861	263.876	18.226	28.060
418.877	263.569	18.341	28.496
418.979	263.597	18.216	28.354
419.111	263.666	18.281	28.247
418.884	263.476	18.467	28.408
418.670	263.441	18.537	28.578
419.222	263.207	18.197	28.742
418.517	263.359	18.644	28.493
419.280	263.304	18.190	28.646
418.578	263.577	18.877	28.314
418.693	263.550	18.863	28.331
418.690	263.343	18.732	28.533
418.480	263.285	18.911	28.619
418.621	263.308	18.749	28.625
418.713	263.178	18.531	28.851
418.690	263.400	18.533	28.740
418.567	264.126	18.836	27.903
418.825	264.007	18.531	28.097
418.618	264.196	18.977	27.927
418.160	263.872	19.465	28.069
418.138	263.765	19.810	28.367
418.010	263.199	20.120	28.879
419.063	263.089	19.303	28.886
420.834	262.765	17.504	28.937
422.816	262.263	16.312	29.562
423.554	262.522	15.756	29.442
424.026	262.517	16.169	29.189
424.096	262.631	17.062	28.838
423.775	262.917	17.799	28.250
424.622	262.514	17.589	28.547
425.301	262.359	17.561	28.569
425.995	261.395	17.299	29.993
426.597	261.425	16.928	29.828
426.414	260.919	16.399	30.529
426.750	260.805	16.411	30.585
426.289	260.711	15.681	30.708
426.478	260.014	15.428	31.362
426.418	260.080	15.432	31.354
426.296	259.937	15.685	31.992
426.413	260.138	15.601	31.521
426.059	260.133	16.040	31.811
426.379	259.908	15.753	32.047
426.153	260.355	16.397	31.431
425.851	259.897	16.131	32.058
426.151	259.707	16.356	32.255
425.386	260.386	16.606	31.293
425.886	260.443	16.176	31.171
425.651	260.691	16.028	30.606
425.373	260.305	16.002	30.984
425.079	260.436	16.112	30.967
424.355	260.393	16.799	30.783
423.127	260.604	17.423	30.599
421.796	260.836	18.097	29.993
420.988	261.061	18.916	30.390
420.150	261.847	19.659	29.663
420.619	261.985	18.593	29.251
420.152	261.696	19.165	29.539
419.985	262.317	19.559	28.806
419.819	262.613	19.239	28.500
419.772	262.887	18.849	28.169
420.265	262.838	18.291	28.209
420.062	262.992	18.362	28.096
419.996	262.953	18.428	28.312
419.759	262.683	18.488	28.323
419.725	263.106	18.491	27.955
419.526	262.838	18.475	28.400
419.749	262.673	18.318	28.469
418.932	262.416	18.297	28.658
419.171	262.362	17.020	28.514
418.766	262.179	17.254	28.476
419.207	262.223	17.278	28.814
419.450	262.113	16.925	28.964
419.826	261.833	16.727	29.331
419.679	261.863	16.459	29.314
420.203	262.072	16.243	29.125
420.097	261.871	16.369	29.376
420.613	261.843	16.057	29.446
420.546	261.750	16.101	29.761
420.286	261.711	16.018	29.669
420.605	261.767	16.154	29.552
420.607	261.487	15.877	29.788
420.484	260.965	15.964	30.397
420.655	260.784	15.854	30.534
420.636	261.277	15.742	30.075
420.646	261.047	15.584	30.386
420.673	261.539	15.687	29.708
420.877	261.919	15.768	29.432
420.886	262.193	15.797	29.189
420.779	261.919	15.725	29.361
420.921	262.015	15.583	29.285
420.669	261.656	15.797	29.614
421.008	261.770	15.403	29.882
421.016	261.536	15.339	30.144
420.727	261.767	15.865	29.554
420.841	261.823	15.700	29.600
420.894	262.030	15.750	29.509
420.912	261.679	15.592	29.748
421.025	262.050	15.386	29.532
420.868	262.388	15.683	28.992
420.829	262.168	15.528	29.134
420.780	262.470	15.524	28.792
420.931	262.971	15.824	28.253
420.931	262.846	15.815	28.387
420.966	262.647	15.912	28.802
420.829	262.098	15.510	29.144
420.629	262.001	15.710	29.213
420.823	261.753	15.840	29.629
420.767	261.780	15.807	29.647
420.751	262.084	15.799	29.339
420.733	262.084	15.987	29.288
420.823	261.905	15.821	29.518
420.850	262.301	15.832	29.183
421.051	262.402	15.556	28.860
420.809	262.429	15.797	28.852
420.730	262.333	15.876	28.978
420.814	262.539	15.858	28.970
420.809	262.443	15.671	29.095
420.868	262.388	15.684	28.982
420.619	262.140	15.898	29.309
420.806	262.165	15.736	29.412
420.886	262.301	15.618	29.276
421.068	262.484	15.539	28.935
420.917	262.525	15.689	28.924
420.868	262.347	15.702	28.945
420.936	262.457	15.562	28.913
420.809	262.306	15.671	28.986
420.956	262.361	15.472	29.108
420.770	262.237	15.622	29.222
420.956	262.688	15.344	28.800
421.079	263.374	15.424	28.172
420.855	262.900	15.460	28.690
420.975	262.914	15.695	28.517
421.027	263.320	15.662	28.054
421.087	262.618	15.315	28.857
420.832	263.023	15.763	28.351
420.975	262.791	15.583	28.545
421.053	262.815	15.561	28.798
421.004	262.109	15.371	29.298
420.888	262.470	15.381	29.068
421.044	262.552	15.514	28.936
421.079	262.443	15.172	28.986
421.001	262.467	15.254	28.993
420.787	262.292	15.450	28.796
420.630	262.401	15.553	29.039
420.328	262.525	16.068	28.543
419.770	261.862	16.164	29.423
419.166	261.696	16.517	29.442
418.647	261.906	17.100	29.535
418.668	262.431	16.981	29.083
418.414	262.342	17.076	28.980
418.772	262.414	16.532	29.089
418.422	262.781	16.937	28.521
418.133	262.508	17.139	28.659
418.510	262.604	16.505	28.409
418.463	262.436	16.314	28.734
418.346	261.830	16.191	29.361
418.347	261.820	16.335	29.343
418.296	262.127	16.365	29.090
418.463	262.287	15.929	29.094
418.405	262.193	16.136	29.159
418.268	262.029	16.161	29.312
418.782	261.820	15.510	29.426
418.501	262.220	15.581	29.040
418.853	261.736	15.518	29.589
418.645	262.030	15.417	29.189
418.853	261.810	15.539	29.300
418.501	262.084	15.671	28.857
418.714	261.673	15.740	29.550
418.520	261.750	15.616	29.400
418.031	261.141	16.110	29.926
418.605	261.752	15.808	29.495
418.682	261.840	15.837	29.420
418.972	261.881	15.819	29.575
419.036	261.659	15.905	29.546
419.266	261.638	15.807	29.719
419.382	261.526	15.672	29.930
419.353	261.298	15.648	30.326
419.306	261.144	15.598	30.103
419.552	261.240	15.337	30.193
419.647	261.169	15.351	30.149
419.605	260.872	15.312	30.447
419.770	261.057	15.097	30.276
419.779	261.281	14.774	29.754
419.283	261.190	15.323	29.781
419.042	261.464	15.669	29.493
418.463	261.614	16.257	29.149
417.963	260.996	16.447	29.648
417.470	261.830	16.523	29.217
416.727	262.522	16.956	28.506
416.980	262.371	16.505	28.591
416.675	262.227	16.461	28.581
416.678	262.478	16.466	28.713
416.501	262.420	16.575	28.660
416.337	262.363	16.393	28.636
416.308	262.391	16.441	28.703
416.178	262.343	16.608	28.738
416.238	262.304	16.510	28.749
416.258	262.236	16.255	28.900
415.708	262.355	16.721	28.694
416.111	262.688	16.698	28.274
416.188	262.236	16.297	28.790
416.046	262.187	16.383	28.893
416.158	262.334	16.308	28.871
416.238	262.401	16.350	28.584
416.434	262.324	16.429	28.688
416.877	262.324	16.064	28.552
416.710	262.312	16.420	28.664
417.051	262.304	16.114	28.818
417.117	262.246	16.288	28.904
416.932	262.623	16.295	28.576
417.354	262.422	16.302	28.541
417.347	262.158	16.101	28.772
417.258	262.178	16.097	28.657
417.264	262.730	16.383	28.370
417.669	262.382	15.834	28.661
417.592	262.150	16.078	28.627
417.390	262.476	16.109	28.643
417.357	262.702	16.430	28.386
417.548	262.742	16.077	28.240
417.769	262.150	16.024	28.800
417.588	262.543	15.804	28.656
417.667	262.863	15.965	28.263
417.667	262.796	15.984	28.205
417.686	262.427	15.984	28.648
417.588	262.170	15.716	28.833
417.769	262.422	15.901	28.769
417.608	262.620	15.784	28.557
417.760	262.362	15.901	28.788
417.578	262.302	15.761	28.808
417.555	262.688	15.929	28.741
417.595	262.531	15.687	28.754
417.649	262.231	15.844	29.122
417.697	262.324	15.457	28.978
417.630	262.482	15.753	28.695
417.649	262.709	15.661	28.482
417.583	262.626	15.901	28.589
417.592	262.472	15.663	28.598
417.621	262.483	15.744	28.808
417.723	262.482	15.623	28.655
417.639	262.427	15.616	28.768
417.516	262.200	15.648	28.762
417.516	262.231	15.931	29.005
417.614	262.663	15.432	28.688
417.526	262.060	15.549	28.869
417.667	262.534	15.570	28.712
417.525	262.688	15.724	28.380
417.630	262.863	15.661	28.342
417.677	262.490	15.706	28.677
417.663	262.160	15.433	29.044
417.732	262.180	15.596	28.889
417.787	262.559	15.623	28.567
417.658	262.494	15.561	28.651
417.814	262.348	15.514	28.847
417.704	262.291	15.551	28.751
417.796	262.719	15.532	28.517
417.814	262.309	15.405	28.778
417.895	262.163	15.378	28.991
417.649	262.153	15.688	29.152
417.669	262.566	15.323	28.512
417.536	262.147	15.647	28.953
417.661	262.372	15.441	28.778
417.488	262.467	15.816	28.638
417.667	262.688	15.679	28.380
417.497	262.360	15.667	28.875
417.626	262.241	15.467	28.788
417.581	262.560	15.761	28.495
417.667	262.348	15.872	28.847
417.557	262.209	15.590	28.888
417.608	262.281	15.514	28.802
417.608	262.253	15.724	28.912
417.573	262.957	15.658	28.092
417.723	262.309	15.651	28.685
417.695	262.290	15.752	28.947
417.814	262.312	15.376	28.865
417.796	262.719	15.762	28.416
417.841	262.374	15.606	28.651
417.322	262.105	16.043	29.051
416.911	262.111	16.426	29.190
417.055	262.169	16.352	28.860
416.130	262.206	16.702	28.973
415.923	262.461	16.785	28.340
415.921	262.247	17.321	29.084
415.437	262.277	17.291	28.904
415.658	262.044	17.292	29.003
415.548	262.386	16.682	28.473
415.468	262.597	16.791	28.265
415.645	262.743	16.529	28.158
415.880	262.581	16.301	28.342
415.557	262.796	16.657	28.100
415.547	263.091	16.753	27.863
415.567	263.603	16.676	27.427
415.536	263.600	16.496	27.236
415.631	262.949	16.301	27.808
415.507	263.290	16.525	27.745
415.545	263.037	16.371	27.869
415.272	262.863	16.502	28.128
415.424	262.890	16.117	28.073
415.516	262.525	16.295	28.467
415.185	262.416	16.777	28.519
415.405	262.220	16.574	28.583
415.864	262.436	16.029	28.426
416.267	262.034	15.973	28.686
416.286	262.329	15.975	28.481
416.452	262.520	16.264	28.415
416.669	262.322	16.118	28.694
416.984	262.178	15.694	28.972
417.210	262.231	15.827	29.081
417.061	262.436	15.901	28.824
417.319	262.566	15.680	28.638
417.448	262.180	15.445	29.118
417.484	262.160	15.428	29.098
417.564	261.975	15.697	29.350
417.415	261.970	15.488	29.235
417.461	262.423	15.906	28.899
417.238	262.017	15.594	29.093
417.228	262.037	15.762	29.046
417.079	261.709	15.348	29.551
416.586	261.515	15.532	29.456
415.476	262.015	16.606	29.255
414.645	262.346	17.278	28.963
414.481	262.318	17.439	28.749
414.266	262.182	17.338	28.856
414.404	262.441	17.295	28.757
414.254	262.318	17.330	29.184
414.362	262.666	17.148	28.593
414.526	262.890	17.125	28.257
414.546	262.604	16.909	28.418
414.453	262.315	16.905	28.813
414.370	262.453	16.999	28.714
414.474	262.328	16.923	28.751
414.412	262.370	16.851	28.538
414.317	262.165	17.052	29.105
414.497	261.725	16.738	29.332
414.572	262.003	16.407	29.134
414.359	261.960	16.733	29.059
414.380	261.711	16.636	29.366
414.869	261.316	16.148	29.672
414.942	261.425	16.169	29.662
415.194	261.836	16.213	29.231
415.503	261.767	16.049	29.392
415.491	262.165	16.181	28.637
415.724	262.220	16.110	28.850
415.742	262.056	16.246	29.123
415.688	262.396	16.217	28.565
415.859	262.552	15.965	28.545
415.917	262.783	15.943	28.305
416.237	262.566	15.790	28.834
416.228	262.796	15.818	28.157
416.058	263.006	15.804	27.958
416.283	262.873	15.712	28.177
416.365	262.873	15.603	27.996
416.328	262.833	15.621	28.208
416.383	262.833	15.622	28.064
416.585	262.860	15.428	28.171
416.611	262.793	15.256	28.286
416.585	263.006	15.182	28.035
416.486	262.993	15.366	27.943
416.454	262.793	15.367	28.248
416.410	262.900	15.348	28.257
416.524	262.873	15.252	28.293
416.454	262.726	15.232	28.334
416.481	262.833	15.241	28.141
416.507	262.900	15.233	28.112
416.524	262.780	15.144	28.213
416.637	262.699	15.031	28.370
416.568	262.753	15.235	28.307
416.481	262.860	15.241	28.162
416.551	262.766	15.135	28.236
416.654	262.833	15.104	28.198
416.496	262.780	15.514	28.261
416.645	262.793	15.176	28.267
416.611	262.726	15.292	28.190
416.585	262.847	15.382	28.146
416.594	263.059	15.392	27.972
416.534	262.980	15.529	28.110
416.763	263.033	15.168	28.057
416.506	262.820	15.504	28.308
416.738	263.006	15.303	28.073
416.658	262.940	15.299	28.159
416.746	262.847	15.295	28.080
416.457	262.793	15.695	28.057
416.713	262.753	15.421	28.211
416.730	262.766	15.404	28.122
416.476	262.873	15.675	27.864
416.637	262.753	15.479	28.022
416.662	262.833	15.547	28.026
416.771	262.900	15.381	28.017
416.496	262.833	15.674	28.112
416.592	262.873	15.554	27.996
416.662	262.953	15.716	28.040
416.667	262.953	15.515	28.126
416.559	262.980	15.640	28.023
416.481	263.112	15.728	27.853
416.472	263.099	15.916	27.828
416.381	262.793	15.892	28.325
416.649	262.917	15.534	28.103
416.688	263.046	15.578	27.938
416.447	262.966	15.884	28.027
416.478	262.887	15.723	28.203
416.649	262.966	15.516	28.065
416.704	262.980	15.300	27.928
416.649	263.164	15.485	27.800
416.582	262.980	15.605	28.071
416.730	262.887	15.238	28.135
416.554	263.125	15.439	27.916
416.554	263.138	15.563	28.038
416.755	262.847	15.296	28.214
416.534	263.019	15.617	28.060
416.829	262.887	15.597	28.106
416.371	262.497	16.049	28.650
416.683	262.971	16.101	28.233
416.658	262.278	16.068	28.926
416.733	262.369	16.226	29.054
416.556	262.618	16.404	28.724
416.660	262.439	16.623	29.110
416.845	262.453	16.059	28.997
417.026	261.692	16.137	29.777
417.537	261.613	15.554	29.838
417.520	261.670	15.580	29.722
417.660	261.320	15.350	30.195
417.434	261.278	15.415	30.166
417.382	261.315	15.523	30.213
417.605	261.641	15.318	29.861
417.424	261.390	15.568	29.829
417.672	261.079	15.716	30.212
417.535	260.451	15.622	30.868
417.488	260.458	15.687	30.875
417.588	260.394	16.261	30.711
417.467	260.911	15.891	30.289
416.818	261.049	16.412	30.045
416.805	261.193	16.045	30.127
416.459	262.182	16.297	28.925
416.510	262.315	16.106	28.755
416.576	262.583	15.937	28.778
416.434	262.620	15.995	28.496
416.649	262.539	15.761	28.626
416.322	262.674	15.807	28.317
416.048	262.719	15.991	28.618
416.255	262.552	15.828	28.593
416.154	262.470	16.070	28.579
416.363	262.579	15.804	28.412
416.079	262.494	15.871	28.661
416.182	262.607	16.042	28.376
416.283	262.001	16.113	28.867
416.108	262.165	16.119	28.745
416.539	261.933	15.886	29.027
416.623	262.179	15.696	28.980
416.567	262.250	16.134	28.561
416.639	262.369	15.985	28.611
416.639	262.416	16.277	28.386
416.629	262.237	16.232	28.679
416.886	262.274	16.181	28.716
416.770	262.301	16.211	28.738
416.868	262.517	16.140	28.724
417.013	262.742	16.126	28.413
416.994	262.863	16.033	28.418
416.936	262.957	16.184	28.188
417.051	262.971	16.060	28.350
416.946	263.011	16.007	28.428
417.032	263.024	15.986	28.366
416.946	262.877	15.914	28.405
416.839	262.957	16.179	28.305
416.965	263.011	16.034	28.320
416.956	263.037	16.062	28.264
417.061	263.117	15.883	28.194
416.962	263.226	16.042	28.025
417.049	263.441	15.882	27.896
417.097	263.280	15.697	28.085
417.153	262.993	15.759	28.145
417.068	263.322	15.936	28.001
417.059	263.293	15.645	28.033
417.144	263.439	15.605	27.825
416.953	263.068	15.679	28.115
417.020	263.085	15.819	28.188
416.943	263.105	15.636	28.213
417.087	263.308	15.734	27.868
416.884	263.112	15.874	28.123
417.223	262.832	15.828	28.504
417.023	262.742	15.710	28.559
417.032	262.783	15.810	28.656
417.126	262.674	15.790	28.814
417.032	262.674	15.737	28.686
417.023	262.769	15.565	28.739
417.130	262.850	15.682	28.412
417.281	263.010	15.693	28.157
417.191	262.753	15.841	28.589
417.023	262.823	15.601	28.596
417.314	262.996	15.670	28.265
417.498	263.138	15.617	28.155
417.274	262.993	15.973	28.213
416.869	262.722	15.871	28.652
417.372	262.904	15.833	28.349
416.986	263.064	15.859	28.178
417.338	262.873	15.898	28.219
417.058	262.876	16.106	28.471
417.337	262.930	15.793	28.225
416.891	263.006	16.131	28.064
417.328	262.957	15.830	28.237
416.922	263.023	15.975	28.219
417.395	262.722	15.792	28.389
417.110	262.798	15.965	28.560
417.363	262.971	15.870	28.262
417.161	263.132	15.860	28.017
417.374	262.900	15.891	28.306
417.381	262.863	15.820	28.457
417.449	262.904	15.842	28.359
417.361	262.742	15.876	28.569
417.590	262.702	15.729	28.678
417.497	262.715	15.794	28.528
417.212	262.552	16.007	28.759
417.599	262.769	15.797	28.719
417.391	262.470	15.792	28.841
417.582	262.715	15.766	28.528
417.381	262.796	15.965	28.762
417.504	262.729	15.863	28.810
417.513	262.944	15.674	28.604
417.242	262.887	15.887	28.544
417.283	262.890	15.800	28.618
417.504	263.024	15.645	28.307
417.430	263.078	15.556	28.401
417.262	263.280	15.813	28.247
417.100	263.064	15.745	28.405
417.724	263.159	15.443	28.368
417.449	262.654	15.680	28.607
417.079	262.484	15.557	29.094
417.237	261.607	15.155	29.714
416.965	261.864	15.356	29.807
417.284	261.726	14.834	29.966
416.516	261.436	15.649	30.303
416.525	261.429	15.723	30.301
416.673	261.906	15.874	29.918
416.817	262.077	15.768	29.886
416.422	261.830	16.152	29.869
416.673	261.599	15.557	30.416
416.097	261.528	15.162	30.593
415.961	261.409	15.310	30.575
416.084	261.316	14.346	30.688
415.651	261.278	14.250	30.677
415.495	260.396	14.194	31.554
414.380	260.257	14.977	31.814
415.069	259.774	14.145	32.300
414.305	259.967	14.910	31.877
412.702	259.296	15.629	32.341
404.799	258.664	17.287	31.272
383.189	257.539	17.161	32.748
371.518	259.100	17.405	31.721
364.790	258.650	16.540	32.105
362.161	258.774	17.170	32.635
362.189	259.654	17.064	32.528
362.303	258.371	16.813	33.915
362.274	259.570	16.690	32.988
361.562	258.508	16.743	33.880
358.777	259.005	17.591	33.016
354.462	259.545	18.034	32.349
347.296	260.011	17.119	32.337
344.546	260.250	17.565	31.955
344.194	260.007	16.853	32.629
344.271	259.688	16.580	32.880
344.427	259.673	16.299	33.010
344.408	259.159	16.395	33.159
344.562	259.635	16.280	32.754
344.866	260.680	16.352	31.635
344.986	259.910	15.824	32.089
345.096	260.849	16.068	31.354
345.134	260.460	16.447	31.619
345.399	261.133	16.638	30.950
345.611	261.545	16.368	30.523
345.752	261.521	16.234	30.884
345.641	261.579	16.610	30.636
345.810	261.994	17.001	30.229
346.139	262.076	16.697	30.133
345.849	262.366	16.646	30.039
345.905	262.456	17.022	29.920
346.261	262.719	16.812	29.570
346.415	262.436	16.528	29.881
346.292	262.892	16.858	29.396
345.894	262.753	17.183	29.627
346.261	262.635	17.395	29.746
346.319	262.535	17.061	29.815
346.331	261.985	16.946	30.380
346.136	261.942	16.730	30.571
346.335	261.300	16.876	31.052
346.084	260.897	16.614	31.675
345.984	261.097	16.502	31.629
345.820	261.766	16.365	30.840
345.729	261.267	16.174	31.247
345.719	261.835	16.071	30.673
345.930	261.732	15.644	30.702
345.718	262.052	16.038	30.363
345.913	261.995	15.959	30.473
346.033	261.867	15.632	30.601
345.965	261.900	15.734	30.515
346.058	262.134	15.583	30.268
346.102	262.273	15.563	30.160
346.230	262.411	15.362	29.884
346.248	262.587	15.490	29.816
346.329	262.587	15.410	29.755
346.278	262.334	15.431	29.957
346.364	262.292	15.429	30.070
346.338	262.768	15.474	29.527
346.354	262.489	15.524	29.802
346.408	262.136	15.166	30.145
346.537	262.164	15.201	30.116
346.512	262.362	15.337	30.020
346.425	262.461	15.423	30.034
346.605	262.559	15.244	29.864
346.604	262.726	15.298	29.667
346.567	263.029	15.265	29.374
346.666	262.635	15.176	29.530
346.590	262.702	15.446	29.583
346.779	262.795	15.001	29.485
346.683	262.901	15.494	29.376
346.806	262.933	15.027	29.388
346.832	262.819	15.118	29.417
346.724	262.487	15.349	29.850
346.751	262.615	15.098	29.666
346.716	262.433	15.246	29.899
346.760	262.531	15.054	29.750
346.724	262.079	15.284	30.252
346.638	262.618	15.322	29.815
346.788	262.905	14.992	29.395
346.859	262.640	14.968	29.536
346.823	262.543	15.195	29.764
346.877	263.015	14.955	29.285
346.913	262.969	15.073	29.277
346.975	262.750	14.976	29.486
347.001	262.709	14.950	29.557
346.823	263.307	15.074	29.041
346.868	262.955	14.977	29.382
346.868	262.681	15.065	29.575
346.774	262.319	15.207	30.039
346.788	263.138	14.992	29.132
346.850	263.091	15.082	29.185
346.922	262.819	15.029	29.327
346.966	263.091	14.897	29.205
346.760	263.213	15.085	29.114
346.796	262.777	14.996	29.550
346.831	262.264	15.224	29.912
346.850	262.390	14.894	29.759
346.823	262.539	15.195	29.715
346.956	262.823	14.806	29.448
346.957	262.750	14.958	29.587
346.939	262.791	14.888	29.516
346.805	263.199	15.092	29.148
346.966	262.832	14.861	29.474
346.931	262.584	14.897	29.601
347.001	262.571	14.844	29.675
346.868	262.983	15.047	29.294
346.939	262.584	14.923	29.732
346.798	261.959	15.426	30.273
346.817	262.203	15.033	30.134
346.832	262.726	15.053	29.585
346.927	262.407	15.212	29.816
346.973	262.193	15.001	30.109
346.894	262.503	14.938	29.758
346.823	262.443	15.204	29.779
346.868	262.292	14.929	30.152
346.903	262.334	14.964	30.130
346.877	262.461	14.920	29.659
346.782	262.566	15.442	29.719
346.964	262.545	14.921	29.746
346.990	262.416	15.291	29.859
346.510	261.850	15.500	30.492
346.563	261.653	15.359	30.642
346.673	261.452	15.230	31.044
346.344	261.203	15.452	31.501
346.444	261.232	15.766	31.257
346.109	261.393	16.082	31.108
346.238	261.235	16.083	31.157
346.624	260.177	16.577	32.172
347.032	259.929	17.088	32.586
347.136	260.186	16.748	32.172
347.216	259.076	16.730	33.452
347.607	259.846	16.714	32.772
347.495	259.596	16.660	32.995
347.564	258.896	16.767	33.706
347.445	259.253	16.773	33.315
347.746	259.179	16.793	33.368
347.910	258.917	16.985	33.630
348.143	258.890	17.081	33.486
348.066	258.906	17.493	33.526
348.249	258.142	18.013	34.249
348.193	258.882	17.849	33.395
348.283	258.667	17.840	33.437
348.678	259.105	17.444	32.999
348.757	259.210	17.400	32.876
348.451	259.980	17.128	32.060
348.485	260.128	16.787	31.795
348.616	260.460	16.433	31.545
348.136	260.138	16.544	32.096
347.685	260.883	17.097	31.635
347.334	260.408	16.889	32.250
346.859	260.245	17.470	32.703
347.127	261.246	17.112	31.502
347.103	260.969	16.530	31.850
346.840	260.939	16.344	31.569
346.967	261.002	15.861	31.427
347.023	260.946	15.749	31.479
346.975	261.018	15.783	31.494
346.768	261.336	16.049	31.232
346.669	261.545	15.993	30.983
346.984	261.246	15.431	31.211
346.757	261.465	15.493	31.003
346.799	261.595	15.729	30.579
346.763	261.159	15.615	31.078
346.805	261.624	15.445	30.887
346.887	261.363	15.869	31.052
347.162	261.479	15.933	31.245
347.846	262.105	16.126	30.439
347.902	262.108	16.213	30.445
348.005	262.403	16.052	30.172
348.033	262.058	16.321	30.609
347.977	262.091	16.455	30.573
348.277	262.165	16.540	30.615
348.325	261.942	16.560	30.722
348.248	262.133	17.013	30.632
348.027	262.417	17.009	30.229
348.069	262.047	17.384	30.528
348.014	262.089	17.473	30.594
348.084	262.139	17.485	30.742
348.269	262.336	17.698	30.337
348.597	262.430	17.584	30.422
348.511	261.885	17.621	30.997
348.487	262.124	17.254	30.756
348.478	261.777	16.819	31.046
348.807	261.810	16.249	31.130
348.470	262.062	16.061	30.911
348.218	261.932	16.047	30.920
348.069	262.206	16.030	30.703
347.921	261.989	15.763	30.815
347.628	262.123	15.783	30.754
347.525	262.458	15.577	30.398
347.581	261.842	15.521	30.784
347.469	262.116	15.597	30.635
347.609	262.458	15.420	30.356
347.425	262.061	15.460	30.760
347.402	261.871	15.131	30.880
347.417	261.972	15.377	30.821
347.488	262.316	15.011	30.488
347.434	261.907	15.014	30.879
347.434	261.784	14.943	30.874
347.364	262.245	15.174	30.487
347.329	261.810	15.156	30.955
346.973	261.535	15.592	31.226
347.216	261.696	15.195	30.986
347.008	262.015	15.558	30.684
347.100	261.706	15.409	30.865
347.042	261.399	15.449	31.185
347.162	262.151	15.231	30.520
347.239	262.159	15.371	30.498
347.194	262.173	15.344	30.298
347.257	262.077	15.120	30.493
347.382	262.035	15.067	30.643
347.399	262.189	15.103	30.478
347.417	262.221	15.050	30.429
347.203	262.036	15.228	30.438
347.266	262.077	15.290	30.515
347.373	262.425	15.347	30.220
347.275	262.249	15.372	30.463
347.157	262.130	15.417	30.424
347.203	262.044	15.517	30.510
347.275	262.187	15.354	30.585
347.166	262.344	15.499	30.323
347.148	261.943	15.372	30.477
347.148	261.724	15.445	30.836
347.025	261.510	15.598	31.089
347.198	261.609	15.412	30.869
347.349	262.024	15.316	30.594
347.293	261.638	15.281	30.968
347.305	261.652	15.397	30.871
347.287	261.523	15.286	31.148
347.314	261.508	15.260	31.314
347.478	261.203	15.261	31.598
347.270	261.508	15.341	31.314
347.287	261.609	15.452	31.018
347.323	261.436	15.288	31.053
347.323	261.450	15.324	31.071
347.392	261.276	15.347	31.449
347.375	261.203	15.253	31.234
347.427	261.070	15.074	31.483
347.487	261.232	15.142	31.321
347.529	261.217	15.136	31.507
347.461	261.378	15.333	31.090
347.470	261.056	15.086	31.540
347.418	261.129	15.413	31.265
347.470	261.232	15.177	31.332
347.444	261.203	15.093	31.297
347.487	261.609	15.050	31.094
347.672	260.962	15.289	31.538
347.470	261.318	15.122	31.464
347.546	261.041	15.064	31.759
347.563	261.203	15.121	31.223
347.418	261.373	15.321	31.019
347.287	261.867	15.713	30.718
347.349	262.151	15.928	30.456
347.736	262.144	16.058	30.276
347.664	262.514	16.852	30.060
348.252	261.549	16.779	31.129
348.044	262.064	17.107	30.744
348.114	262.220	17.008	30.820
347.973	262.566	17.400	30.475
347.861	262.748	17.646	30.146
347.778	262.545	17.864	30.400
347.820	262.666	17.832	30.418
347.757	262.607	18.041	30.249
347.923	262.451	17.771	30.504
347.943	262.423	17.730	30.725
348.146	262.357	17.544	30.288
348.168	262.075	17.404	30.870
348.092	262.031	17.578	30.967
348.665	261.958	17.147	31.030
348.963	261.840	16.989	30.627
348.611	261.763	17.232	30.959
348.715	262.046	16.944	30.381
348.611	262.120	16.981	30.517
348.221	261.931	17.222	31.105
347.473	261.484	17.291	31.535
347.365	260.909	17.214	32.096
346.921	261.337	17.510	31.872
347.001	261.816	16.945	31.372
347.336	262.191	16.400	31.031
347.768	261.712	15.535	31.346
347.794	261.814	15.342	31.222
347.887	262.058	15.161	30.988
347.618	261.827	15.214	31.241
347.621	261.608	15.551	31.300
347.705	261.624	15.266	31.450
347.703	261.882	15.565	31.270
347.714	261.741	15.533	31.327
347.687	261.460	15.485	31.576
347.794	261.356	15.887	31.606
347.864	261.267	16.288	31.639
347.797	261.267	16.656	31.880
347.922	261.089	16.778	32.026
348.229	261.253	16.634	31.840
348.104	261.811	16.633	31.216
348.250	262.162	16.972	31.028
348.421	261.766	16.994	31.413
348.477	261.943	17.102	31.247
348.517	262.075	17.102	31.169
348.527	262.249	17.244	30.941
348.725	261.825	17.247	31.301
348.587	261.943	17.286	31.247
348.396	262.322	17.590	30.719
348.457	262.249	17.571	30.898
348.457	262.489	17.748	30.550
348.725	262.637	17.598	30.564
348.973	262.779	17.350	30.519
349.004	262.326	17.421	31.044
348.874	262.126	17.195	30.991
349.084	262.016	16.809	31.423
348.851	261.914	16.390	31.603
348.729	262.016	15.987	31.336
348.855	261.475	15.942	31.732
348.661	261.516	15.871	31.654
348.430	261.443	15.967	31.682
348.370	261.439	16.142	31.560
348.327	261.950	16.146	31.011
348.344	261.638	15.847	31.548
348.495	261.814	15.512	31.211
348.613	261.465	15.578	31.455
348.551	261.741	15.421	31.285
348.596	261.638	15.423	31.217
348.427	261.667	15.147	31.144
348.444	261.711	15.462	31.082
348.554	261.261	15.315	31.453
348.529	261.450	15.359	31.188
348.613	261.667	15.426	31.058
348.799	261.724	14.962	30.990
348.781	261.337	15.158	31.406
348.735	261.144	15.227	31.538
348.596	261.479	15.499	31.149
348.695	261.246	15.400	31.435
348.705	261.276	15.194	31.352
348.679	261.537	15.341	31.016
348.869	261.767	14.927	30.775
348.762	261.409	15.387	31.087
348.852	261.523	15.051	31.094
348.922	261.798	15.108	30.838
348.896	261.510	15.062	31.125
348.973	261.885	15.129	30.762
348.869	261.667	15.052	30.786
348.869	261.993	15.070	30.578
348.850	261.625	15.393	30.978
348.991	261.667	14.985	30.940
348.852	261.838	15.087	30.690
348.973	261.894	15.038	30.612
348.850	261.696	15.053	30.885
348.904	261.767	15.143	30.976
348.843	261.842	15.096	30.868
348.930	262.030	15.063	30.659
348.869	261.923	14.909	30.734
348.874	261.639	15.124	31.018
348.834	262.187	15.033	30.428
348.823	262.249	15.026	30.505
348.762	261.950	15.330	30.741
348.772	262.130	15.167	30.621
348.630	261.667	15.368	30.959
348.973	261.782	14.841	31.019
348.763	261.909	15.104	30.877
348.861	262.101	15.079	30.712
348.618	262.429	15.196	30.395
348.770	261.493	15.172	31.276
348.799	261.753	14.980	31.167
348.636	261.842	15.321	30.951
348.673	262.058	15.195	30.735
348.781	262.017	15.158	30.824
348.590	262.130	15.421	30.684
348.581	262.230	15.322	30.626
348.393	262.500	15.583	30.419
348.516	262.273	15.532	30.678
348.664	262.401	15.168	30.550
348.546	262.207	15.414	30.634
348.497	262.500	15.299	30.483
348.605	261.640	15.468	31.226
348.613	262.165	15.502	30.810
348.590	262.697	15.277	30.275
348.460	262.323	15.575	30.559
348.440	262.514	15.356	30.384
348.443	261.841	15.574	30.960
348.512	261.609	15.488	31.224
348.554	261.609	15.503	31.245
348.621	261.276	15.455	31.546
348.569	261.508	15.603	31.488
348.354	261.858	15.727	31.072
348.504	261.975	15.764	30.882
348.940	261.796	15.289	31.070
348.843	262.087	15.186	30.832
348.808	262.116	15.185	30.688
348.852	262.287	15.305	30.422
348.896	261.914	15.225	30.879
348.682	261.579	15.475	31.120
348.125	261.276	16.008	31.503
348.301	261.045	16.251	31.752
348.172	260.656	16.760	32.228
348.031	260.772	17.350	32.278
347.608	261.501	18.147	31.477
348.445	260.260	18.098	32.537
349.701	260.158	17.289	32.772
352.195	260.106	16.222	32.899
353.394	260.165	16.115	32.651
354.591	260.298	16.367	32.502
355.132	260.508	16.937	32.399
354.641	260.298	17.648	32.747
354.685	260.755	17.771	32.343
354.809	260.744	17.575	32.448
354.940	261.315	17.853	31.784
354.585	261.464	18.149	31.303
355.051	261.560	17.754	31.222
354.773	261.376	17.846	31.424
354.890	261.515	17.951	31.539
353.857	261.358	18.514	31.635
353.113	261.626	19.167	31.454
351.791	261.315	20.637	31.859
351.733	261.311	20.753	31.869
351.316	261.438	20.983	31.540
351.113	261.627	21.292	31.290
351.030	262.516	21.621	30.571
350.152	263.094	22.254	30.036
348.742	263.987	23.509	29.096
344.855	263.242	26.759	29.800
345.510	264.159	25.963	28.743
344.834	264.440	26.292	28.301
345.395	264.634	25.107	28.273
344.180	265.038	26.535	27.690
344.756	265.038	25.543	27.814
343.735	264.895	26.434	27.887
344.581	265.266	25.184	27.605
343.765	264.860	25.962	27.776
343.996	265.052	25.342	27.675
343.887	264.891	24.681	27.823
344.321	263.988	23.890	28.776
344.306	264.125	23.420	29.275
344.876	264.428	22.800	29.017
344.842	264.243	22.564	29.200
345.725	263.438	21.916	29.859
346.577	263.839	21.663	29.546
346.268	263.019	21.942	30.562
347.537	262.480	20.329	30.872
347.719	262.698	20.223	31.175
348.727	262.979	19.665	31.112
349.435	263.004	18.860	31.035
350.633	263.187	18.095	30.950
350.735	262.935	17.811	31.157
349.707	262.801	18.239	31.408
350.168	263.187	18.375	31.242
350.178	263.824	18.549	30.680
350.336	264.141	18.262	30.112
350.736	263.481	17.771	30.810
350.437	263.840	17.747	30.220
350.367	263.662	17.905	30.121
350.266	263.509	17.432	30.289
350.368	264.163	17.254	29.833
350.203	264.421	17.615	29.489
350.355	264.578	17.442	29.196
350.538	264.123	17.079	29.591
350.548	263.910	17.238	29.784
350.555	263.762	17.300	30.126
350.242	264.473	17.530	29.667
350.295	264.206	17.327	29.803
350.049	264.250	17.734	29.979
350.551	264.305	17.292	29.794
350.906	264.278	16.910	29.642
350.924	264.052	16.652	29.885
350.527	263.782	16.895	30.053
350.456	263.649	17.164	30.366
350.501	263.992	17.161	29.973
350.577	263.935	16.951	30.040
350.404	263.753	17.107	30.163
350.460	264.166	17.556	29.956
350.409	263.978	17.414	30.183
350.337	264.064	17.405	29.912
350.305	263.878	17.138	30.016
350.477	263.902	17.421	30.071
350.511	264.035	17.302	29.859
351.079	263.935	16.982	30.092
350.781	263.796	16.958	30.019
350.739	263.663	16.981	30.225
350.696	263.321	17.189	30.651
350.694	263.307	17.438	30.851
350.500	263.307	17.276	30.691
350.631	263.652	17.192	30.550
350.631	263.992	17.141	30.045
350.937	263.618	16.987	30.337
350.555	263.379	16.916	30.509
350.551	263.350	16.922	30.612
350.460	263.589	17.363	30.346
350.680	263.385	16.912	30.714
350.521	263.589	17.251	30.479
350.460	263.719	17.212	30.297
350.651	263.647	16.842	30.277
351.149	263.564	16.571	30.741
351.139	263.604	16.824	30.475
351.009	264.459	17.013	29.795
351.039	264.264	16.973	29.647
351.257	263.839	16.408	30.057
350.944	263.796	16.928	30.029
350.739	263.748	16.981	30.172
350.642	263.860	17.078	30.039
350.813	263.762	16.830	30.349
350.599	263.393	17.044	30.527
350.700	264.163	17.286	29.864
350.896	263.931	16.824	29.862
350.548	263.724	17.072	30.182
350.596	263.163	16.843	30.693
350.060	263.564	17.763	30.293
349.554	263.963	18.339	30.025
349.522	264.256	18.414	29.803
349.000	264.580	18.883	29.474
348.905	264.016	19.042	29.959
348.707	264.256	19.123	29.773
348.421	263.283	19.505	30.725
346.672	263.683	21.100	30.034
346.930	264.425	21.202	28.912
345.886	264.945	21.956	28.897
345.086	264.711	22.462	29.190
345.316	264.902	22.069	29.099
345.254	265.284	21.688	28.598
344.587	265.588	22.090	28.323
344.689	265.123	21.987	28.946
344.354	264.856	22.442	28.871
344.225	265.383	22.499	28.479
344.034	265.593	22.437	28.211
344.005	264.416	22.858	29.225
343.932	263.495	22.559	30.507
343.847	263.227	22.853	30.623
344.471	263.227	22.216	30.603
344.823	263.191	21.938	30.717
344.946	263.191	21.860	30.358
346.693	263.355	20.208	30.207
345.834	263.117	21.301	30.535
346.355	263.168	20.955	30.512
346.385	263.764	21.228	29.921
347.154	263.638	20.488	30.066
347.478	263.716	20.187	30.001
346.696	264.041	21.226	29.429
346.740	263.787	20.777	30.006
346.563	263.528	19.865	30.363
347.197	263.451	18.833	29.917
346.267	263.200	18.900	30.297
346.325	263.374	18.462	30.401
346.598	263.534	18.543	30.569
344.815	263.316	19.484	30.669
344.217	263.596	20.843	30.563
343.942	263.950	20.914	30.011
344.368	264.123	20.860	29.851
341.791	264.455	23.154	29.601
341.916	264.428	22.856	30.155
341.402	264.167	22.706	29.604
340.763	264.326	23.066	29.676
341.140	264.860	22.364	29.082
339.595	264.488	22.319	29.331
339.512	264.243	19.827	29.779
339.096	264.057	20.794	30.030
338.049	263.056	19.221	30.908
338.429	263.753	18.449	30.477
338.870	263.592	17.792	30.355
338.939	262.713	17.796	31.477
339.014	263.141	17.616	31.112
338.929	263.709	17.550	30.412
339.241	263.820	17.380	30.497
338.972	263.964	17.720	30.438
338.672	263.820	18.126	30.671
338.366	263.357	18.094	31.173
337.682	262.841	18.637	31.727
336.719	263.039	19.473	31.664
335.813	262.748	20.142	31.645
335.531	262.931	20.734	30.943
333.750	262.745	22.006	31.203
333.127	263.356	22.857	30.417
332.828	262.833	22.930	30.688
331.716	263.636	24.031	30.005
331.246	264.018	24.263	29.661
331.207	263.650	24.164	30.029
330.239	264.134	25.113	29.751
330.473	263.391	24.465	30.539
330.489	264.048	24.731	29.785
329.948	263.252	25.156	30.678
330.398	264.923	23.606	29.018
330.648	265.038	23.766	28.694
329.521	263.735	24.483	30.166
330.397	263.908	23.706	29.902
330.147	264.301	23.826	29.537
329.678	263.356	23.356	30.663
330.129	264.175	21.196	29.960
329.648	263.411	20.491	30.806
328.704	262.754	18.615	31.607
329.339	262.517	17.659	31.267
329.698	262.555	17.072	31.162
330.166	263.492	17.345	30.905
330.476	263.955	16.767	30.353
330.125	264.350	17.031	29.970
330.296	264.535	17.066	29.734
330.073	264.478	17.447	29.740
330.139	264.478	17.334	29.710
330.248	264.464	17.074	29.795
330.051	264.818	17.489	29.492
330.401	264.677	17.021	29.501
330.310	264.878	17.221	29.562
330.538	264.832	17.131	29.600
330.278	264.667	17.292	29.699
330.352	264.790	17.139	29.662
330.352	264.705	17.238	29.788
330.608	264.888	17.021	29.574
330.578	265.052	17.111	29.334
330.425	264.796	17.008	29.463
330.698	264.697	16.833	29.611
330.708	264.739	16.882	29.804
330.718	264.450	16.862	30.385
330.522	264.733	17.275	29.800
330.696	264.705	16.947	29.614
330.638	264.641	17.060	29.861
330.678	264.649	17.021	29.783
330.708	264.663	16.991	29.707
330.548	264.535	16.973	29.999
330.658	264.930	17.070	29.697
330.608	264.910	17.051	29.824
330.608	264.667	17.011	29.987
330.558	264.790	17.161	29.652
330.588	264.888	17.281	29.687
330.367	264.902	17.450	29.725
330.138	264.916	17.563	29.465
330.523	264.705	17.228	29.747
330.138	264.958	17.776	29.617
330.690	265.248	17.224	29.314
330.383	264.290	17.536	29.998
330.621	264.459	17.293	30.123
330.551	265.013	17.496	29.696
330.367	264.776	17.725	29.789
330.591	265.021	17.466	29.772
330.555	265.050	17.656	29.743
330.056	264.964	18.105	29.859
330.581	264.835	17.694	30.141
330.851	265.064	17.615	29.739
330.968	264.763	17.659	30.172
330.793	264.907	17.919	30.059
330.799	265.021	17.708	29.873
330.736	264.560	17.866	30.122
330.082	263.781	18.394	30.819
330.213	262.630	17.753	31.524
329.810	262.861	17.568	31.072
329.638	262.126	15.619	31.502
328.322	261.564	15.015	32.169
326.865	262.091	16.016	31.477
327.078	261.896	15.564	32.174
326.448	261.138	16.055	32.954
326.999	259.504	15.420	34.251
326.225	259.604	15.768	34.578
327.062	259.220	14.999	34.780
326.998	259.970	15.036	34.039
326.587	260.448	15.794	33.531
326.271	261.031	15.829	33.201
326.543	261.016	15.566	33.182
326.330	260.803	15.702	33.368
325.914	261.154	15.878	32.987
326.625	261.336	15.342	32.725
325.959	261.409	15.632	32.621
326.379	261.153	15.380	32.877
326.317	261.334	15.573	32.662
326.048	260.540	15.581	33.253
326.085	261.283	15.766	32.556
326.426	261.047	15.489	32.814
326.578	261.016	15.168	32.923
326.412	261.379	15.352	32.719
326.228	260.787	15.542	33.243
326.418	261.164	15.122	32.709
326.246	261.062	15.657	33.139
326.298	260.990	15.409	33.280
326.350	260.865	15.357	33.162
326.264	260.416	15.519	33.591
326.158	260.536	15.681	33.605
326.203	260.630	15.491	33.397
326.149	260.364	15.633	33.697
326.203	260.111	15.605	33.803
326.280	260.256	15.357	33.668
326.176	260.192	15.419	33.704
326.153	259.928	15.517	34.038
326.314	259.556	15.455	34.390
326.211	260.627	15.615	33.391
326.203	260.785	15.637	33.470
326.451	260.985	15.388	33.502
326.290	260.376	15.512	34.075
326.097	260.317	15.555	34.054
326.424	259.754	15.176	33.917
326.751	259.147	14.901	34.821
326.744	258.596	14.744	35.101
326.658	258.021	14.811	35.608
326.152	259.439	15.086	34.283
326.323	259.190	15.046	34.782
326.475	259.209	14.659	34.994
326.116	259.516	14.884	34.643
326.068	259.563	15.108	34.988
326.310	259.254	15.289	35.182
326.247	259.842	15.698	34.385
326.473	259.424	15.240	34.335
326.407	259.016	15.287	34.573
326.194	258.924	15.614	34.433
325.814	259.145	15.749	34.164
325.694	259.133	15.730	34.160
325.251	259.601	15.756	33.804
324.719	260.052	15.806	33.742
324.533	260.375	15.696	33.572
324.524	260.317	15.099	33.676
324.927	260.493	14.837	33.376
324.486	260.227	15.242	34.063
323.890	261.030	15.175	33.294
324.522	260.993	14.278	33.390
324.556	260.693	14.421	33.621
324.379	260.447	14.207	33.572
324.454	260.353	14.113	33.578
324.351	260.230	14.590	33.853
324.199	259.513	14.565	34.637
324.309	259.745	14.808	34.176
323.752	260.316	15.265	33.779
323.358	260.664	14.947	33.520
323.132	260.753	15.027	33.429
322.808	260.799	14.992	33.506
322.440	261.538	15.342	33.375
322.559	261.527	15.205	33.607
322.542	261.092	15.146	33.980
322.235	261.254	15.514	33.709
322.203	261.419	14.867	33.549
322.207	261.263	14.922	33.920
321.577	260.657	15.143	34.074
321.460	260.052	14.605	34.241
321.409	259.537	14.642	34.881
321.301	259.664	14.394	34.519
321.489	259.513	14.278	34.590
321.316	259.835	14.302	34.285
321.012	259.905	14.433	34.324
321.314	260.092	13.863	34.090
320.703	260.562	14.540	33.703
320.417	260.322	14.510	34.107
320.443	260.776	14.520	33.668
320.278	260.475	14.522	34.110
320.270	260.498	14.476	34.117
320.294	260.879	14.470	33.693
320.119	260.192	14.538	34.596
320.113	260.536	14.421	34.116
320.094	260.357	14.368	34.056
320.119	260.298	14.204	34.115
319.928	260.345	14.552	34.114
319.874	260.758	14.374	33.609
319.670	260.494	14.483	34.126
319.501	260.695	14.639	33.854
319.632	260.695	14.545	33.703
319.522	260.756	14.794	33.839
319.727	260.222	14.521	34.247
319.867	260.909	14.328	33.174
320.079	260.844	14.092	33.216
319.984	260.966	14.421	33.163
319.813	260.844	14.447	33.273
319.758	260.971	14.556	33.277
319.581	260.235	14.715	34.185
319.696	260.879	14.499	33.369
319.523	260.725	14.507	33.464
319.498	260.756	14.462	33.445
319.638	260.818	14.235	33.326
319.614	260.722	14.469	33.349
319.876	260.881	14.313	33.474
319.654	260.844	14.499	33.426
319.750	260.955	14.279	33.512
319.670	260.782	14.430	33.645
319.703	260.664	14.345	33.733
319.556	260.695	14.527	33.529
319.507	260.802	14.511	33.560
319.617	260.848	14.457	33.526
319.679	260.602	14.369	33.737
319.597	260.556	14.645	33.703
319.727	260.633	14.557	33.534
319.695	260.602	14.619	33.772
319.624	260.679	14.624	33.614
319.544	260.756	14.715	33.479
319.745	260.787	14.533	33.506
319.845	260.756	14.487	33.479
319.719	260.648	14.542	33.599
319.622	260.602	14.674	33.726
319.624	260.710	14.715	33.525
319.356	260.664	14.848	33.641
319.485	260.633	14.692	33.603
319.356	260.602	14.848	33.749
319.542	260.648	14.688	33.656
319.469	260.587	14.771	33.718
319.468	260.587	14.762	33.741
319.680	260.741	14.479	33.552
319.630	260.587	14.595	33.637
319.325	260.725	14.786	33.625
319.432	260.587	14.641	33.603
319.332	260.571	14.759	33.687
319.325	260.447	14.638	33.812
319.191	260.571	14.809	33.710
319.183	260.494	14.817	33.811
319.061	260.447	14.975	33.858
319.232	260.819	14.923	33.512
319.239	260.664	14.724	33.583
318.995	260.400	14.769	33.916
318.867	260.576	14.916	33.720
318.874	260.618	14.889	33.607
319.127	260.431	14.691	33.850
319.119	260.587	14.627	33.534
319.078	260.540	14.686	33.684
319.143	260.587	14.603	33.603
318.995	260.556	14.733	33.668
318.962	260.540	14.713	33.695
319.135	260.385	14.486	33.828
318.987	260.618	14.616	33.664
319.078	260.431	14.543	33.758
318.936	260.494	14.667	33.696
318.791	260.463	14.584	33.773
318.704	260.478	14.966	33.439
319.191	260.648	14.465	33.427
319.061	260.447	14.577	33.663
318.860	260.494	14.708	33.627
318.903	260.509	14.683	33.692
319.167	260.556	14.525	33.623
319.199	260.338	14.263	33.669
319.102	260.641	14.465	33.407
318.960	260.836	14.609	33.305
319.020	260.741	14.512	33.449
319.215	260.463	14.335	33.647
319.061	260.369	14.418	33.684
319.159	260.587	14.251	33.512
319.223	260.671	14.456	33.482
319.159	260.307	14.409	33.792
319.086	260.260	14.446	33.964
319.301	260.772	14.355	33.270
319.442	260.738	14.207	33.334
319.373	260.508	14.119	33.519
319.488	260.459	14.109	33.694
319.102	260.746	14.715	33.513
319.469	260.369	14.187	33.775
319.469	260.429	14.116	33.725
319.309	260.565	14.276	33.612
319.207	260.416	14.308	33.912
319.270	260.431	14.280	33.804
319.286	260.291	14.247	33.762
319.363	260.550	14.204	33.580
319.207	260.656	14.308	33.568
319.130	260.416	14.238	33.751
319.195	260.385	14.282	33.782
319.394	260.197	14.103	33.901
319.454	260.490	14.220	33.676
319.159	260.353	14.373	33.943
319.270	260.181	14.192	34.043
319.199	260.369	14.263	33.763
319.247	260.431	14.357	33.735
319.199	260.571	14.298	33.539
318.982	260.581	14.495	33.620
319.207	260.416	14.361	33.751
319.309	260.416	14.401	33.751
319.199	260.494	14.386	33.593
319.223	259.976	14.274	34.167
319.199	260.346	14.228	33.890
319.294	260.354	14.169	33.871
319.159	260.385	14.409	33.759
319.317	260.150	14.233	34.063
319.247	260.213	14.357	33.886
319.175	260.338	14.464	33.944
319.199	260.416	14.547	33.762
319.254	260.087	14.420	34.091
319.332	260.469	14.288	33.708
319.127	260.181	14.459	34.031
319.309	260.362	14.206	33.780
319.348	260.307	14.184	33.729
319.270	260.246	14.440	33.955
319.286	260.228	14.388	33.893
319.278	260.338	14.290	33.817
319.394	259.929	14.227	34.192
319.325	260.392	14.367	33.820
319.278	260.291	14.219	33.853
319.348	260.275	14.362	33.937
319.363	260.260	14.258	33.816
319.379	260.474	14.349	33.785
319.223	260.369	14.274	33.729
319.340	260.520	14.352	33.681
319.223	260.322	14.345	33.890
319.151	260.354	14.452	33.917
319.191	260.571	14.219	33.745
319.183	260.540	14.140	33.718
319.180	260.385	14.297	33.805
318.953	260.478	14.474	33.689
319.239	260.525	14.382	33.745
319.231	260.400	14.461	33.835
319.135	260.385	14.468	33.782
319.127	260.181	14.441	34.043
319.223	260.667	14.416	33.522
319.301	260.525	14.213	33.665
319.332	260.565	14.467	33.671
319.175	260.275	14.464	33.891
319.247	260.338	14.428	33.921
319.191	260.416	14.430	33.877
319.167	260.369	14.525	33.901
319.301	260.447	14.266	33.789
319.454	260.463	14.184	33.808
319.371	260.540	14.250	33.718
319.151	260.540	14.399	33.753
319.102	260.602	14.448	33.622
319.371	260.431	14.197	33.885
319.371	260.571	14.285	33.710
319.294	260.322	14.434	33.948
319.175	260.478	14.499	33.769
319.247	260.695	14.303	33.552
319.270	260.618	14.404	33.561
319.053	260.494	14.693	33.742
319.151	260.416	14.417	33.808
319.191	260.494	14.412	33.753
319.332	260.556	14.235	33.657
319.175	260.463	14.340	33.739
319.363	260.494	14.187	33.753
319.270	260.556	14.298	33.680
319.151	260.633	14.207	33.683
319.042	260.416	14.326	33.889
319.191	260.416	14.063	33.866
319.079	260.756	14.344	33.595
319.173	260.772	14.359	33.602
319.119	260.679	14.431	33.648
319.175	260.679	14.270	33.648
319.159	260.540	14.391	33.834
319.078	260.725	14.419	33.660
318.860	260.571	14.585	33.745
319.183	260.431	14.262	33.850
319.045	260.741	14.435	33.598
319.151	260.848	14.452	33.503
319.102	260.664	14.519	33.652
318.970	260.602	14.615	33.656
319.207	260.802	14.273	33.525
319.173	261.138	14.340	33.165
319.199	260.859	14.172	33.349
319.342	260.799	14.011	33.353
319.191	260.814	14.180	33.395
319.130	260.844	14.166	33.399
318.967	260.814	14.473	33.429
318.806	260.894	14.526	33.526
319.216	261.123	14.188	33.426
319.137	261.881	14.431	32.784
319.503	261.523	14.076	33.055
319.658	261.565	13.886	32.900
319.654	261.834	13.792	32.699
319.530	262.246	13.968	32.230
319.680	262.432	13.906	32.180
319.969	262.798	13.495	31.670
320.015	262.647	13.316	31.880
319.960	262.893	13.645	31.679
319.967	262.878	13.638	31.616
319.932	263.164	13.569	31.341
320.060	263.550	13.564	31.085
320.144	263.407	13.529	31.195
319.927	263.018	13.647	31.563
319.841	262.921	13.610	31.650
319.841	262.921	13.575	31.672
319.876	263.050	13.557	31.499
319.897	263.348	13.639	31.004
319.863	263.178	13.744	31.404
319.717	263.036	13.767	31.403
319.498	263.079	13.918	31.230
319.357	262.893	13.924	31.580
318.733	263.121	14.768	31.594
318.470	262.399	14.833	32.413
317.890	262.401	15.283	32.189
317.189	262.800	15.910	31.867
316.571	263.164	16.465	31.829
315.757	263.577	17.077	31.482
315.006	264.185	17.434	30.930
315.587	263.618	16.475	31.920
315.272	264.060	16.893	31.412
314.851	263.618	16.616	31.508
314.953	263.884	16.269	30.716
314.519	264.091	16.429	30.629
313.719	264.379	16.730	30.197
313.040	265.013	17.097	29.811
312.404	265.347	17.447	29.296
312.070	265.967	17.813	28.687
312.291	266.609	17.592	28.307
312.191	266.830	17.546	28.059
311.858	267.119	17.751	27.770
311.797	266.795	18.005	28.151
312.167	266.535	17.672	28.168
311.497	267.134	18.208	27.726
311.321	267.052	18.402	27.715
311.675	267.536	18.151	27.206
311.423	267.132	18.292	27.616
311.382	267.424	18.375	27.156
311.265	267.437	18.200	27.329
311.241	267.052	18.601	27.400
311.382	267.368	18.103	27.010
311.458	267.562	17.845	26.874
311.668	267.144	17.690	27.508
311.295	267.119	18.008	27.315
311.203	266.917	18.199	27.480
311.211	266.631	18.239	27.657
311.655	266.870	17.709	27.660
311.254	266.863	18.136	27.534
311.191	266.836	18.223	27.507
311.871	266.522	17.675	27.284
311.578	266.980	17.801	27.155
311.717	266.901	17.640	27.234
311.836	266.888	17.566	27.662
311.806	266.822	17.584	27.566
311.885	266.730	17.375	27.754
311.598	266.637	17.683	27.733
311.598	266.730	17.759	27.735
311.865	266.863	17.659	28.017
311.766	266.917	17.617	27.590
311.698	266.783	17.540	27.615
311.678	266.783	17.560	27.436
311.885	267.046	17.386	27.390
311.924	266.742	17.379	27.957
311.618	266.677	17.696	27.599
311.826	266.862	17.477	27.385
311.816	266.915	17.326	27.839
311.787	266.809	17.355	27.877
311.578	266.915	17.638	27.752
311.767	266.631	17.580	28.116
311.992	266.618	17.179	28.252
311.914	266.727	17.432	28.077
311.970	266.713	17.342	27.867
312.185	266.836	17.075	27.879
311.973	266.663	17.352	28.052
311.846	266.754	17.523	28.031
311.725	266.563	17.597	28.421
312.089	266.481	17.374	28.320
311.725	266.795	17.597	28.275
311.963	266.944	17.467	27.898
311.747	266.672	17.677	28.057
311.943	266.577	17.454	28.171
311.787	266.700	17.566	28.351
311.735	266.342	17.684	28.585
312.099	266.427	17.309	28.472
312.061	266.723	17.182	28.225
311.747	266.590	17.699	28.139
312.157	266.400	17.384	28.381
311.858	266.454	17.444	28.337
312.167	266.481	17.100	28.378
311.889	266.631	17.374	28.458
311.854	266.563	17.456	28.469
311.825	266.495	17.572	28.483
312.080	266.830	17.241	28.059
311.668	266.439	17.690	28.488
312.021	266.549	17.267	28.116
311.855	266.809	17.329	27.984
311.668	266.754	17.570	28.087
311.775	266.522	17.611	28.226
311.972	265.809	17.305	28.760
311.755	265.711	17.576	28.896
311.963	266.397	17.402	28.367
311.943	265.087	17.367	29.655
311.342	264.804	17.898	29.587
310.849	265.207	18.683	29.565
310.436	264.868	18.672	30.033
309.787	264.555	19.317	30.175
307.679	264.400	21.469	30.142
308.184	263.937	21.075	30.026
307.481	263.353	21.532	30.756
307.761	264.123	21.036	29.708
307.124	264.835	21.690	29.526
307.030	266.632	21.537	27.846
306.734	266.545	22.283	28.365
306.582	267.081	22.204	27.321
306.419	267.075	22.361	27.373
305.901	267.427	22.769	26.886
306.441	267.662	22.194	26.718
306.394	266.979	22.255	27.614
306.279	267.490	22.067	27.075
306.607	269.072	21.600	25.161
306.123	266.862	21.785	27.121
308.066	265.847	20.826	28.034
308.262	266.316	20.279	28.018
308.775	265.285	20.371	29.169
309.229	265.036	19.952	29.392
309.468	264.591	19.803	29.418
310.085	264.787	19.196	29.810
310.752	263.747	18.714	30.376
310.881	263.287	18.458	31.166
311.469	263.872	17.878	30.835
311.454	264.124	17.853	30.181
311.555	264.306	17.880	30.314
312.048	265.025	17.431	29.668
311.709	265.166	17.703	29.337
311.809	265.263	17.625	29.148
312.183	265.652	17.294	28.704
311.943	265.781	17.324	28.698
311.914	265.683	17.572	28.828
311.565	265.652	17.717	28.471
311.695	265.562	17.746	28.555
312.080	265.638	17.252	28.777
312.478	264.993	17.109	29.586
312.193	265.277	17.250	29.138
311.856	265.193	17.407	29.203
311.607	265.052	17.636	29.373
311.819	265.069	17.421	29.373
311.699	265.542	17.681	28.923
311.929	265.445	17.631	29.030
311.839	265.666	17.584	28.789
311.829	265.277	17.566	29.396
311.642	265.305	17.872	29.259
312.029	264.436	17.455	29.935
311.482	264.930	17.818	29.512
311.621	265.304	17.965	29.711
311.149	265.448	18.016	29.503
310.973	265.368	18.099	29.117
311.060	265.557	18.416	29.480
309.792	265.202	19.357	29.212
309.437	265.376	19.831	28.876
307.998	265.356	20.846	29.049
306.199	264.955	22.430	29.068
304.562	265.273	23.931	28.713
304.635	266.221	23.677	27.755
304.035	267.093	24.057	26.655
303.929	268.358	24.289	25.512
303.457	269.227	24.633	24.912
303.474	270.650	24.292	23.580
303.573	269.299	24.390	24.820
303.936	270.071	24.271	24.007
303.643	269.886	24.132	24.312
303.741	269.692	24.022	24.443
303.510	269.477	24.106	24.658
304.465	268.390	23.549	25.770
304.365	269.456	23.451	24.831
304.568	268.663	23.355	25.548
305.379	268.645	22.382	25.395
306.229	266.696	22.109	27.192
307.034	264.704	21.745	29.016
306.660	263.496	21.566	30.078
307.982	262.745	20.181	30.920
308.436	262.914	19.810	31.296
308.837	262.189	19.590	32.214
309.668	262.852	18.779	31.353
310.068	263.451	18.310	31.131
310.143	263.427	18.192	31.109
310.149	263.619	18.221	31.077
310.629	263.464	17.805	31.288
310.485	264.389	17.843	30.047
310.849	264.552	17.751	29.997
310.735	264.963	17.654	29.576
311.017	265.359	17.549	29.227
311.182	265.542	17.577	28.972
311.131	266.156	17.241	28.368
310.854	265.425	17.640	29.254
310.937	265.221	17.762	29.363
310.658	264.393	17.885	29.967
310.369	264.278	17.991	30.036
310.462	264.351	17.866	29.974
310.687	264.220	17.748	30.318
310.493	264.822	17.824	29.748
310.428	264.835	17.893	29.589
310.576	265.106	17.896	29.436
310.496	265.459	17.894	29.303
310.709	264.676	17.638	29.866
310.638	265.163	17.634	29.379
310.648	264.818	17.645	29.634
310.486	264.818	17.894	29.788
310.606	265.875	17.502	28.707
310.825	266.883	17.242	27.869
310.816	266.097	17.596	28.463
310.711	266.422	17.805	28.383
310.829	265.752	17.902	29.066
309.447	265.133	18.761	29.536
309.837	265.415	18.761	29.187
308.735	266.339	19.435	28.840
308.235	266.528	19.812	28.258
305.998	267.210	22.181	27.369
305.954	267.037	22.180	27.316
304.573	267.518	23.206	26.675
304.341	266.699	23.429	27.343
303.865	267.072	23.898	27.017
303.945	267.667	23.815	26.671
304.055	268.325	23.473	26.023
303.507	268.898	23.783	25.402
304.759	267.899	23.109	25.974
303.947	267.260	23.211	26.687
304.184	268.547	23.100	25.386
304.077	268.527	22.869	25.481
304.155	267.500	23.444	26.560
304.228	267.209	23.094	26.616
304.411	266.587	23.122	27.251
304.453	265.127	23.162	29.162
304.471	263.487	23.497	30.328
305.904	262.671	22.837	31.281
306.276	262.011	21.934	31.850
306.831	261.773	21.473	32.870
307.187	261.258	21.266	33.337
307.541	261.630	20.685	33.128
308.381	262.337	20.065	32.418
309.004	262.288	19.274	32.255
309.682	262.917	18.572	31.574
309.672	263.242	18.777	31.319
309.838	263.242	18.556	31.228
309.316	263.203	18.940	31.153
309.046	263.172	19.272	31.191
308.394	262.669	19.636	31.573
307.517	262.222	20.610	32.196
306.135	262.114	21.500	32.099
306.617	262.777	21.429	31.771
305.402	263.024	22.090	31.142
305.069	263.540	22.754	30.919
304.398	263.036	22.958	31.259
303.739	263.706	22.628	30.630
304.693	263.443	21.500	30.597
302.909	263.314	21.215	30.322
303.196	263.161	19.951	30.290
303.513	263.148	18.396	30.372
303.636	263.141	18.054	30.211
303.757	263.564	17.895	29.856
303.850	263.192	17.379	30.429
303.667	263.408	17.682	30.379
303.768	263.307	17.433	30.670
303.851	263.696	17.281	30.701
303.933	263.524	17.059	30.887
303.882	263.268	17.070	31.187
303.151	262.637	17.527	31.820
302.822	262.876	18.326	31.682
301.638	263.024	19.199	31.317
300.648	263.208	20.543	31.257
300.155	264.141	20.680	30.221
299.732	264.663	21.118	30.169
299.759	265.501	21.463	29.331
299.454	266.667	21.756	28.385
299.271	268.032	21.582	26.956
299.112	268.917	21.520	25.830
298.055	268.953	22.474	25.572
297.542	268.905	23.050	25.600
297.912	267.941	22.580	26.371
297.706	268.950	22.816	25.271
297.510	268.597	22.767	25.494
297.758	268.423	22.901	25.874
297.983	268.900	22.815	25.490
297.542	268.423	22.921	26.161
298.109	267.658	22.769	26.420
298.116	266.693	22.466	27.741
298.372	265.530	22.543	28.882
298.119	264.835	22.959	29.850
297.921	263.576	23.479	31.242
298.256	262.917	22.698	31.554
298.897	262.366	22.293	32.093
299.716	262.431	21.358	31.941
300.427	262.277	20.925	32.234
300.979	262.909	20.319	31.601
301.853	262.915	19.551	31.621
302.110	263.478	18.821	30.893
302.461	263.427	18.944	31.162
302.740	263.521	18.851	31.058
303.143	263.113	18.400	31.455
303.664	263.738	17.534	30.925
303.285	263.709	18.182	30.779
303.752	263.926	17.812	30.519
304.087	263.372	17.546	31.190
303.885	263.104	17.755	31.657
304.189	263.654	17.545	30.949
304.137	263.299	17.416	31.478
304.148	263.050	17.406	31.786
304.349	263.099	17.292	31.668
304.272	264.276	17.570	30.382
304.218	264.181	17.404	30.642
303.778	265.279	18.222	29.559
304.308	264.322	17.460	30.572
303.539	264.286	18.203	30.538
303.303	264.193	18.485	30.842
303.029	264.224	18.538	30.841
302.047	263.351	19.281	31.435
301.783	262.803	18.755	31.175
300.781	261.476	17.218	31.841
299.609	261.154	15.780	32.492
299.211	261.484	15.973	31.901
298.920	261.692	15.556	31.736
298.458	261.785	15.244	31.882
297.728	261.953	15.488	31.780
298.773	261.697	14.699	32.015
298.453	262.217	14.958	31.824
299.054	261.685	14.685	32.345
295.345	261.893	18.216	32.038
297.794	261.237	16.031	32.642
297.527	262.680	15.939	31.369
297.373	263.120	15.874	30.938
298.158	262.814	14.862	31.190
297.752	263.542	14.658	30.032
297.304	264.250	14.545	30.003
296.823	263.805	15.252	30.375
296.534	263.923	15.982	30.538
296.799	263.203	15.212	31.652
296.697	262.489	15.588	32.117
297.092	263.461	15.441	31.346
297.150	264.296	15.997	30.210
297.727	264.833	15.632	29.980
297.698	265.768	16.188	28.992
297.050	266.396	17.081	28.319
296.387	266.570	17.000	27.790
297.358	266.193	18.563	27.777
299.221	265.389	18.714	28.133
300.901	264.660	18.174	28.655
301.479	264.634	19.372	29.570
301.756	265.084	20.814	29.469
301.809	265.227	21.560	29.346
300.532	265.835	23.107	28.739
305.183	264.431	21.299	29.894
303.214	263.974	23.607	30.303
303.535	263.926	22.943	30.549
303.564	264.498	23.306	30.161
308.031	263.814	20.081	30.494
305.392	265.469	20.152	29.026
307.823	265.497	18.629	29.059
305.458	265.318	20.234	29.111
306.479	265.077	20.209	29.579
305.415	265.016	21.335	29.455
305.417	263.454	21.638	31.185
304.635	262.510	21.309	32.102
303.622	262.554	21.395	32.059
303.303	262.511	21.404	32.072
303.501	262.684	21.582	31.945
302.418	262.718	21.497	31.592
302.675	263.315	20.558	31.112
302.141	263.084	19.879	31.263
302.053	263.643	19.401	30.684
301.861	264.302	18.720	30.108
301.750	265.103	18.793	29.464
301.722	264.481	18.240	30.023
302.103	265.064	17.914	29.270
302.004	265.178	17.670	28.948
301.884	265.992	18.498	28.411
302.235	266.207	17.786	28.257
301.935	265.102	17.310	29.390
302.059	265.084	17.839	29.472
301.759	265.258	18.381	29.269
301.782	265.268	18.296	29.371
301.348	264.556	18.648	30.153
301.725	264.035	18.503	30.736
301.374	263.844	18.869	30.407
301.585	265.206	18.149	29.175
301.149	265.308	18.928	29.373
301.023	265.165	19.180	29.494
301.048	265.356	19.357	29.275
301.120	264.491	19.733	30.238
301.661	263.862	19.380	30.833
302.046	262.697	19.608	31.998
302.299	262.743	19.900	31.858
303.580	261.851	18.105	32.660
305.107	262.411	16.846	32.180
307.426	261.016	15.037	33.730
308.756	261.377	14.664	33.624
309.499	262.138	14.086	32.544
309.576	263.486	14.691	31.326
309.906	262.440	15.036	32.281
310.334	261.791	15.367	32.292
310.439	260.787	14.984	33.256
309.982	261.016	16.673	33.579
310.323	260.808	17.424	33.244
310.998	260.764	19.240	32.712
311.507	260.372	19.196	33.088
311.846	261.669	19.995	31.918
311.751	262.518	19.633	31.287
311.955	262.696	19.565	31.341
312.349	263.171	19.160	30.960
313.473	262.809	18.097	31.889
313.674	261.903	18.344	32.872
314.396	261.850	17.537	32.982
315.867	262.164	16.178	32.567
316.341	262.086	15.921	32.608
317.401	262.603	15.730	32.179
318.403	262.329	15.040	32.700
319.883	263.181	15.144	31.803
320.199	263.318	14.846	31.450
320.687	263.426	16.034	31.313
321.065	263.598	16.524	31.193
321.395	263.503	17.293	31.230
322.180	263.253	18.815	30.745
321.545	262.702	20.818	31.503
322.546	262.431	21.163	31.790
322.520	263.849	21.970	30.445
323.649	263.203	21.815	31.136
323.653	264.588	22.206	29.840
323.181	264.148	22.623	30.517
323.737	263.834	22.327	30.804
323.891	264.620	22.099	29.869
324.433	264.559	21.593	30.106
324.150	265.075	21.961	29.413
323.862	265.460	22.150	29.101
324.079	265.859	22.018	28.780
324.694	265.764	21.372	28.699
324.411	265.812	21.450	28.893
324.159	265.046	21.655	29.471
323.532	264.638	21.937	29.698
323.292	263.733	21.765	30.467
322.904	263.083	21.866	30.757
322.929	263.995	22.041	30.235
323.002	264.239	21.696	30.092
322.861	263.809	20.490	30.431
322.510	264.210	19.226	30.199
323.649	263.055	17.802	31.414
323.954	262.585	16.830	31.674
323.902	263.776	16.622	30.443
323.829	263.971	16.885	30.535
324.134	263.609	16.550	30.831
323.423	263.471	16.531	30.954
323.925	263.891	16.444	30.666
323.056	263.889	16.436	30.561
323.509	263.673	16.431	30.692
323.066	263.695	17.090	30.628
322.827	262.852	16.871	31.646
323.217	262.104	16.584	32.334
322.641	263.035	16.645	31.402
323.059	262.959	16.251	31.752
322.882	262.615	16.303	32.126
322.290	261.684	16.742	33.027
322.688	261.283	16.660	33.460
322.649	261.935	17.018	33.043
322.025	262.196	17.255	32.934
322.824	263.221	17.082	31.723
322.276	262.752	17.013	32.429
322.708	263.326	17.360	31.910
322.783	263.398	17.782	31.697
323.549	264.215	17.640	30.730
323.626	264.293	18.565	30.318
323.659	265.131	20.139	29.345
324.030	264.759	20.875	29.515
324.181	263.788	20.524	30.849
324.649	263.876	22.300	30.012
324.524	264.059	23.586	30.401
324.287	264.505	23.659	29.994
324.383	264.239	24.398	30.052
324.328	266.139	25.190	28.076
325.155	267.050	24.460	27.628
325.531	266.337	25.262	28.092
326.117	266.695	24.598	27.699
325.260	265.965	24.981	28.243
326.153	266.738	24.094	27.381
325.904	266.369	24.070	28.345
325.994	266.408	24.274	27.690
325.950	266.363	24.134	28.045
325.788	266.619	24.259	27.960
325.567	266.008	24.263	28.384
325.423	265.616	24.271	28.752
325.587	265.433	23.855	28.876
325.368	264.206	23.740	29.970
325.388	263.736	23.534	30.635
324.785	263.069	23.814	31.356
325.185	263.210	21.368	30.767
325.467	264.719	19.097	29.854
325.521	264.297	18.281	30.256
325.542	264.165	18.083	30.552
325.680	264.495	17.655	30.223
325.869	264.482	17.097	30.225
326.086	264.691	16.825	30.017
325.689	264.691	17.025	29.817
326.279	265.050	16.506	29.557
325.425	265.267	17.681	29.261
325.819	264.836	16.799	29.943
325.848	265.296	17.246	29.329
325.886	264.638	17.506	30.282
325.032	264.756	19.220	29.925
324.978	264.767	20.360	29.657
324.648	262.662	21.278	31.742
324.386	262.748	23.010	31.618
325.143	264.852	25.275	29.352
325.134	265.144	26.069	29.298
325.940	264.921	26.201	29.368
326.612	264.737	25.359	29.493
329.213	264.250	23.061	29.894
331.640	264.087	20.902	29.962
331.417	264.873	21.495	29.237
331.809	264.663	21.139	29.366
332.194	264.307	20.897	29.729
332.145	264.525	21.127	29.585
332.563	264.407	20.743	29.747
332.706	263.475	20.657	30.489
332.150	263.034	21.695	31.026
332.479	263.540	21.112	30.445
331.826	262.598	21.696	31.379
331.083	262.919	22.288	30.929
332.689	262.619	21.257	31.274
330.449	265.827	22.881	28.430
329.904	266.387	23.306	28.125
327.909	267.103	24.985	26.898
327.607	266.689	24.286	27.354
326.904	265.689	24.825	28.519
325.895	264.855	24.772	29.453
325.701	264.605	22.713	29.669
326.262	264.680	21.330	29.764
325.790	265.311	20.050	29.299
325.464	264.358	19.928	30.113
325.598	263.418	19.251	31.175
326.071	262.902	18.440	31.458
325.596	263.912	18.042	30.528
325.764	263.126	18.154	30.890
326.119	264.317	17.935	29.852
326.752	264.478	17.948	29.832
325.598	264.368	18.786	30.252
325.032	265.220	19.602	29.668
324.959	265.178	20.247	29.321
325.446	265.732	20.685	28.697
326.119	265.751	21.100	28.820
326.087	265.346	22.817	28.970
325.842	266.604	25.357	28.227
327.003	267.080	23.693	27.574
326.397	268.002	24.673	26.666
326.676	267.719	24.716	26.714
326.915	267.445	24.646	27.023
327.196	266.831	24.723	27.782
328.808	266.515	23.146	28.012
327.408	266.467	24.340	27.994
328.021	266.323	23.506	28.295
328.352	266.843	23.493	27.549
328.521	266.071	23.401	28.485
328.709	265.252	23.227	29.425
328.071	266.254	23.297	28.772
328.243	265.186	23.347	29.508
328.084	265.341	23.183	29.066
328.206	266.394	23.212	28.130
327.297	265.049	23.902	29.450
327.695	264.930	22.784	29.591
327.231	264.236	22.409	30.248
327.256	264.987	21.466	29.469
327.484	264.682	19.239	30.209
327.421	264.868	19.230	29.994
327.468	264.634	18.554	30.208
327.318	264.533	18.555	30.151
327.609	264.706	18.011	30.182
327.412	264.786	18.303	30.110
326.964	264.621	18.782	30.063
327.292	264.229	18.433	30.536
327.325	265.220	18.336	29.639
327.367	265.333	18.275	29.309
327.713	265.234	17.999	29.558
327.609	265.557	17.639	29.215
327.400	265.693	18.124	29.058
327.242	265.691	18.479	28.947
327.621	265.501	18.110	29.221
327.577	265.849	17.947	29.073
327.696	265.902	18.087	28.833
327.467	265.606	18.305	29.109
327.588	265.501	18.143	29.071
327.669	265.613	17.987	29.089
327.631	265.762	17.986	28.915
327.577	265.649	18.040	28.989
327.511	265.379	18.157	29.183
327.355	265.234	18.293	29.408
327.322	265.333	18.123	29.249
327.547	265.375	17.832	29.307
327.424	265.192	18.277	29.520
327.356	265.135	18.059	29.597
327.468	265.599	18.052	29.224
327.310	265.235	18.317	29.538
327.322	265.177	18.134	29.484
327.438	265.389	18.082	29.393
327.424	265.361	18.109	29.331
327.445	265.403	18.077	29.279
327.465	265.206	18.056	29.536
327.478	265.389	17.936	29.444
327.465	265.389	18.079	29.424
327.367	265.220	18.230	29.552
327.445	265.121	18.155	29.642
327.445	265.106	18.166	29.575
327.345	265.347	18.060	29.305
327.537	265.529	17.800	28.993
327.321	265.221	18.015	29.323
327.486	265.333	17.883	29.170
327.506	265.207	17.950	29.204
327.577	265.180	17.673	29.221
327.537	265.083	17.821	29.369
327.455	265.000	17.828	29.617
327.424	265.291	17.859	29.272
327.475	265.249	17.629	29.306
327.434	265.009	17.923	29.604
327.537	265.291	17.819	29.291
327.424	265.041	17.901	29.421
327.496	265.152	17.851	29.351
327.455	265.041	17.764	29.431
327.373	264.874	17.878	29.660
327.517	265.319	17.850	29.323
327.638	265.092	17.928	29.510
327.465	265.220	18.034	29.412
327.669	265.635	17.898	29.089
327.475	265.476	18.135	28.974
327.228	264.705	18.217	29.736
327.410	265.075	18.256	29.567
327.000	264.964	18.569	29.748
326.735	263.954	19.168	30.750
326.620	263.378	19.649	31.318
326.755	263.100	19.419	31.596
326.814	262.198	19.055	32.206
327.775	261.699	18.399	32.869
328.593	261.320	17.576	33.160
329.286	261.433	17.075	33.236
330.287	260.689	16.438	33.917
331.101	260.394	15.596	34.364
332.142	260.383	15.071	34.328
332.533	259.980	14.943	34.893
332.365	260.857	14.976	33.806
332.583	261.146	14.883	33.475
332.509	261.177	14.957	33.398
332.920	261.652	14.547	33.002
332.990	262.355	14.288	32.253
333.322	262.240	14.017	32.361
333.050	262.031	14.311	32.625
333.521	262.594	13.747	32.018
333.755	261.926	13.481	32.666
333.680	261.396	13.428	32.908
333.628	261.586	13.957	32.913
333.744	261.042	13.764	33.560
333.829	261.535	13.803	32.987
333.571	261.744	14.074	32.766
333.538	261.863	14.074	32.579
333.845	260.605	13.776	33.845
333.622	261.682	13.961	32.945
333.985	261.505	13.611	33.131
333.767	261.967	14.065	32.657
333.791	261.744	14.023	32.766
333.831	261.263	13.967	33.259
333.952	261.416	14.038	33.282
333.750	261.565	14.209	32.998
334.025	261.692	13.820	32.997
334.136	260.304	13.730	34.373
333.922	260.986	13.951	33.930
333.975	261.581	13.829	33.028
333.932	261.202	14.037	33.422
334.086	260.186	13.564	34.203
333.711	260.986	14.093	33.658
333.743	260.905	13.807	33.378
333.600	260.757	14.014	33.751
333.813	261.196	13.635	33.208
333.735	261.546	13.579	33.009
333.553	260.831	13.605	33.710
333.166	260.951	13.881	33.665
333.071	260.477	13.698	33.701
332.922	260.940	13.848	33.430
333.298	260.791	13.655	33.609
333.084	260.951	13.128	33.449
332.976	261.433	13.300	33.143
332.838	261.774	13.072	32.702
332.579	262.032	13.413	32.853
331.727	262.575	13.750	32.319
331.067	261.420	14.312	33.565
331.362	260.465	14.224	34.427
330.578	260.940	14.885	33.899
330.927	260.905	14.539	33.903
330.680	261.516	14.479	33.323
330.379	261.081	14.899	34.060
330.132	260.561	14.885	34.247
330.690	260.928	14.653	34.312
330.051	261.022	14.248	33.739
330.677	260.858	13.929	34.173
330.231	260.704	13.921	34.065
330.470	260.429	13.898	34.249
329.825	260.868	14.241	33.269
329.564	261.188	14.448	33.381
329.766	260.609	14.038	33.810
329.186	260.521	14.397	33.784
329.143	260.369	14.390	33.813
329.045	261.049	14.400	33.164
328.922	261.792	14.339	32.348
328.751	260.831	14.445	33.710
328.960	261.318	13.793	33.220
328.719	261.123	13.876	33.343
328.419	261.188	13.934	33.614
328.622	261.426	13.646	33.359
328.636	261.456	13.786	33.434
328.856	261.928	13.583	32.985
328.289	262.165	13.687	32.804
328.426	261.971	13.718	33.010
328.600	261.655	14.158	33.598
328.711	261.219	14.214	33.890
328.962	261.227	14.260	33.924
328.843	261.776	14.480	33.162
329.101	261.277	14.340	33.848
329.386	260.952	14.006	33.910
329.529	260.823	14.416	34.286
329.559	261.334	14.422	33.723
329.638	261.120	13.983	34.078
329.875	260.669	14.070	34.456
330.104	260.561	14.037	34.231
330.294	260.856	13.739	33.963
330.012	260.633	14.106	34.290
330.046	260.679	14.311	33.975
330.317	260.753	13.834	34.255
330.247	260.489	13.973	34.496
330.254	260.695	14.208	33.972
330.254	259.916	14.563	35.234
330.124	260.935	14.388	34.011
330.588	260.865	14.266	34.347
330.813	261.057	13.838	33.968
330.914	260.823	13.703	34.473
331.223	260.681	13.795	34.553
331.078	260.999	13.542	33.887
331.251	260.235	13.674	34.828
331.168	261.032	13.778	33.777
331.216	260.369	13.692	34.896
331.168	260.051	13.919	34.788
331.259	259.855	13.846	35.026
331.217	260.789	13.870	34.062
331.463	260.369	13.427	34.678
331.437	260.357	13.611	34.857
331.301	260.591	13.748	34.417
331.325	260.556	13.691	34.706
331.551	260.271	13.465	35.115
331.432	260.477	13.500	34.878
331.738	260.263	13.448	35.320
331.660	260.137	13.475	35.186
331.909	260.296	13.431	35.170
331.895	260.271	13.324	35.036
332.308	260.298	13.384	35.059
332.217	260.108	13.265	34.979
332.384	260.298	13.397	34.820
332.286	260.498	13.047	34.716
332.272	260.657	13.044	34.499
332.173	261.046	13.209	34.014
332.464	261.192	13.097	34.238
332.417	261.829	12.834	33.391
332.493	261.805	12.919	33.542
332.440	261.850	12.777	33.474
332.410	260.835	13.123	34.481
332.223	260.489	13.377	34.573
332.355	260.764	13.227	34.237
332.490	260.940	13.160	34.169
332.287	260.764	13.239	34.021
332.606	260.583	13.239	34.422
332.423	260.537	13.261	34.417
332.632	260.537	13.293	34.417
332.708	260.405	13.200	34.549
332.775	260.573	13.080	34.474
332.622	260.621	13.227	34.395
332.651	260.332	13.573	34.530
332.681	261.032	13.152	33.801
333.073	260.831	13.212	34.274
332.780	260.441	13.352	34.575
332.681	261.550	13.539	33.276
332.856	260.700	13.309	34.251
332.904	260.929	13.261	34.289
332.958	260.381	13.463	34.697
332.828	260.132	13.918	35.146
332.836	260.836	13.679	34.164
332.813	260.799	13.752	34.325
332.995	260.657	13.859	34.468
332.936	260.486	14.046	34.553
332.821	260.990	13.882	33.976
332.829	261.208	13.821	34.026
332.944	261.311	13.740	33.907
332.929	261.414	13.536	33.646
333.064	261.349	13.656	33.640
332.979	261.195	13.867	33.854
333.079	261.337	13.521	33.582
333.032	261.610	13.783	33.337
332.948	261.753	13.531	33.115
332.870	261.192	13.979	33.989
332.758	261.414	14.046	33.602
332.914	261.380	14.028	33.745
332.922	261.300	14.073	33.840
332.837	261.391	14.036	33.827
332.868	261.208	14.022	34.026
332.766	261.591	13.969	33.362
333.084	261.595	13.960	33.455
332.960	261.906	13.810	32.948
333.091	261.860	13.913	33.229
333.223	262.121	13.456	32.643
333.253	262.311	13.450	32.734
333.289	262.311	13.381	32.794
333.318	262.266	13.269	32.808
333.195	262.042	13.509	33.063
333.308	262.532	13.575	32.588
333.281	262.488	13.548	32.602
333.310	262.030	13.359	33.074
333.301	262.300	13.565	32.820
333.343	262.355	13.557	32.855
333.194	262.109	13.758	33.010
333.266	262.261	13.515	32.653
333.158	262.064	13.698	33.055
333.187	261.878	13.748	33.185
333.259	261.906	13.711	33.068
333.216	262.297	13.754	32.854
333.447	261.712	13.351	33.188
333.273	261.756	13.440	33.243
333.180	262.318	13.669	32.755
333.301	261.455	13.260	33.620
333.322	261.793	13.578	33.342
333.201	261.676	13.427	33.253
333.180	261.681	13.704	33.562
333.076	261.688	13.418	33.332
333.194	261.410	13.587	33.787
333.027	262.019	13.623	33.091
333.280	261.688	13.382	33.478
333.054	261.219	13.829	34.043
333.137	261.391	13.963	33.827
333.166	261.573	13.759	33.661
332.997	261.871	13.773	33.178
333.069	261.088	13.746	34.052
332.876	261.104	14.049	34.130
333.296	262.213	13.796	33.057
333.165	261.831	13.430	33.306
332.978	261.443	13.734	33.903
333.027	261.699	13.743	33.441
333.135	261.711	14.037	33.613
332.845	261.595	13.925	33.561
332.646	261.502	14.089	33.745
332.622	261.550	14.391	33.855
332.975	261.463	14.247	33.673
332.662	261.391	14.298	33.983
332.868	261.533	14.131	33.665
332.605	261.494	14.424	33.959
333.047	261.730	14.026	33.560
333.005	261.572	13.920	33.599
332.845	261.490	13.977	33.650
332.782	261.311	14.283	34.079
332.797	261.868	13.957	33.315
333.084	261.607	13.833	33.610
333.042	261.981	13.676	33.182
333.024	261.420	13.740	33.965
332.997	261.741	13.876	33.775
333.130	262.196	13.520	33.193
333.009	261.557	13.721	33.594
333.218	261.326	13.663	34.074
332.891	261.505	13.862	34.011
332.906	261.357	13.778	33.764
332.906	261.265	13.915	34.203
332.782	261.381	13.902	33.512
333.018	261.380	13.935	33.932
332.821	261.539	14.017	33.648
332.860	260.976	14.013	34.211
333.192	261.334	13.698	33.864
332.727	261.573	14.026	33.583
332.813	261.641	13.719	33.348
333.116	261.290	13.639	33.638
333.123	261.260	13.562	33.687
333.012	261.088	13.815	34.068
332.758	260.987	14.115	34.029
332.882	260.823	14.026	34.333
332.982	260.573	14.000	34.405
332.889	260.879	13.969	34.192
333.073	260.952	13.872	33.925
332.982	260.764	13.685	34.361
332.997	260.882	13.910	34.321
332.995	260.500	14.005	34.347
332.608	260.741	13.976	34.046
332.551	260.284	14.485	34.640
332.793	260.325	14.664	34.802
332.254	260.825	15.439	34.096
331.851	261.087	16.071	33.907
332.034	260.877	15.888	33.945
331.888	260.959	16.227	33.861
331.738	261.590	16.436	33.051
332.141	260.556	15.916	33.832
332.159	260.526	15.996	33.881
332.059	260.337	16.280	34.105
332.029	260.002	16.356	34.406
331.866	260.206	16.215	34.188
331.534	260.368	16.468	34.132
331.066	260.066	16.667	34.458
330.775	259.887	16.512	34.763
331.025	259.558	15.899	34.965
331.073	259.778	15.698	34.759
330.875	259.474	15.613	35.004
330.875	259.317	15.281	35.113
330.988	260.127	15.207	34.291
331.263	260.285	14.817	34.109
331.324	260.206	14.700	34.257
331.129	260.222	14.969	34.312
331.193	260.285	14.869	34.237
331.324	260.143	14.626	34.356
331.278	260.301	14.913	34.303
331.178	260.285	15.024	34.086
331.161	260.348	14.975	34.139
331.200	260.567	14.879	33.943
331.158	260.661	14.929	33.920
330.931	260.775	15.263	33.648
330.900	260.692	15.199	33.714
330.737	261.077	15.436	33.398
330.110	261.254	15.878	33.185
330.032	261.153	15.845	33.170
329.931	261.427	15.927	33.438
328.291	261.029	17.366	33.222
328.406	261.206	17.276	33.660
328.150	261.486	17.348	33.058
327.349	261.170	17.771	33.266
327.126	261.490	17.773	33.146
327.045	260.820	17.535	33.818
327.124	260.856	17.276	33.581
326.795	260.896	17.285	33.786
326.657	260.551	16.904	33.908
327.430	260.644	16.048	33.657
342.821	260.758	18.127	32.569
354.041	260.847	16.783	34.696
362.037	260.957	17.505	34.716
363.764	261.340	17.810	34.692
364.688	260.699	16.729	35.221
364.107	260.729	17.263	35.156
363.601	260.839	17.318	35.144
363.392	261.387	16.945	34.224
362.609	262.311	17.610	33.307
361.658	262.239	18.383	33.840
361.059	262.387	18.655	33.559
360.793	262.620	18.290	33.092
360.409	262.988	18.615	32.788
360.272	262.270	17.933	33.486
359.256	261.435	18.368	33.716
359.325	261.019	17.473	33.724
358.749	260.930	16.969	33.592
358.534	261.065	16.468	33.063
358.884	260.722	15.529	33.540
358.330	261.398	15.918	33.254
357.458	261.419	16.828	33.108
357.728	261.735	16.757	32.062
356.942	261.763	16.500	32.600
355.706	261.940	16.413	32.136
355.771	262.194	15.531	31.680
355.079	262.279	15.766	31.498
354.674	262.365	15.745	31.236
354.203	262.058	16.530	31.463
353.839	261.799	16.835	31.988
353.733	262.592	17.109	30.895
352.674	262.439	17.090	30.885
352.266	261.896	17.393	31.579
351.973	261.453	16.866	31.910
351.523	260.871	16.631	31.842
351.167	260.863	16.522	32.168
350.447	260.852	16.507	32.134
349.282	260.818	17.185	32.137
349.455	260.891	16.145	31.461
348.978	261.072	15.409	31.007
347.777	262.365	16.081	30.750
346.418	261.489	16.403	31.114
346.238	262.035	15.861	30.947
345.776	261.638	16.715	31.282
345.388	261.633	16.840	30.895
344.336	261.777	17.530	30.302
342.573	262.208	18.573	29.886
343.177	262.296	17.243	29.663
341.828	262.071	17.382	29.665
341.867	260.411	17.671	30.983
340.217	260.508	17.497	31.097
373.452	263.610	18.447	29.214
371.165	261.640	18.865	29.583
370.686	262.075	18.167	28.979
338.717	260.386	16.990	31.597
338.694	261.355	16.529	29.963
338.694	261.396	16.348	29.622
336.255	262.250	17.120	28.728
337.058	262.354	16.426	28.837
335.422	262.168	16.318	29.456
335.080	260.719	16.904	30.705
333.963	261.810	17.978	29.572
333.322	262.276	17.805	28.875
333.321	262.472	17.649	28.555
360.434	262.291	17.351	27.020
359.470	262.896	18.403	26.707
387.620	259.596	22.213	29.576
388.178	259.879	18.127	29.403
386.216	260.517	18.669	28.621
384.787	260.268	18.837	28.114
383.547	259.487	19.057	27.133
382.261	259.124	18.331	28.909
380.287	259.534	19.110	29.375
