budget_candidate_recalled_frames,c1_same_state_correct_frames,c1_same_state_failed_frames,candidate_evaluations,candidate_quality_squared_error_sum,changed_candidate_indices,correct_query_writes_prevented,extra_visual_forwards,failed_frames,failure_events,frames,known_active_template_frames,known_candidate_evaluations,known_paused_query_writes,known_template_updates,local_candidate_recalled_frames,local_missing_frames,mean_valid_iou,memory_rgb_target_read_known_mass,memory_rgb_target_read_wrong_mass,memory_rgb_target_write_known_mass,memory_rgb_target_write_wrong_mass,memory_tir_target_read_known_mass,memory_tir_target_read_wrong_mass,memory_tir_target_write_known_mass,memory_tir_target_write_wrong_mass,missing_correct_candidates_reintroduced,paused_actions,paused_query_writes,recovered_events,reintroduced_candidates_selected_correctly,requested_extra_area_sum_pixels_squared,requested_extra_searches,same_state_harms,same_state_iou_degradations,same_state_iou_improvements,same_state_rescues,searches_without_new_correct_candidate,selected_failed_frames,sequence,template_updates,tracking_frames,valid_changed_candidate_indices,valid_frames,valid_tracking_frames,variant,wrong_active_template_frames_localization_proxy,wrong_query_writes_prevented_localization_proxy,wrong_template_updates_localization_proxy
,,,,,,,,0,0,304,,,,,,,0.8117753201112833,,,,,,,,,,,,0,,,,,,,,,,10runone,,,,303,,baseline,,,
,,,,,,,,17,1,152,,,,,,,0.753314437729625,,,,,,,,,,,,1,,,,,,,,,,11leftboy,,,,151,,baseline,,,
,,,,,,,,0,0,295,,,,,,,0.7981597591545819,,,,,,,,,,,,0,,,,,,,,,,11runtwo,,,,294,,baseline,,,
,,,,,,,,0,0,851,,,,,,,0.8423212791833219,,,,,,,,,,,,0,,,,,,,,,,1blackteacher,,,,850,,baseline,,,
,,,,,,,,0,0,174,,,,,,,0.7875375112062143,,,,,,,,,,,,0,,,,,,,,,,1boycoming,,,,173,,baseline,,,
,,,,,,,,3073,14,3377,,,,,,,0.05009293005708881,,,,,,,,,,,,13,,,,,,,,,,1stcol4thboy,,,,3376,,baseline,,,
,,,,,,,,699,1,732,,,,,,,0.03593739961449364,,,,,,,,,,,,0,,,,,,,,,,1strowleftboyturning,,,,731,,baseline,,,
,,,,,,,,224,3,3817,,,,,,,0.6314972418395399,,,,,,,,,,,,2,,,,,,,,,,1strowrightdrillmaster,,,,3816,,baseline,,,
,,,,,,,,2053,35,3540,,,,,,,0.29556063830152696,,,,,,,,,,,,34,,,,,,,,,,1strowrightgirl3540,,,,3539,,baseline,,,
,,,,,,,,2,0,222,,,,,,,0.758098524485867,,,,,,,,,,,,0,,,,,,,,,,2girl,,,,221,,baseline,,,
,,,,,,,,216,1,238,,,,,,,0.058152987743722476,,,,,,,,,,,,0,,,,,,,,,,2girlup,,,,236,,baseline,,,
,,,,,,,,0,0,270,,,,,,,0.8197828281715794,,,,,,,,,,,,0,,,,,,,,,,2runseven,,,,269,,baseline,,,
,,,,,,,,0,0,117,,,,,,,0.7192057728125567,,,,,,,,,,,,0,,,,,,,,,,3bike1,,,,116,,baseline,,,
,,,,,,,,0,0,181,,,,,,,0.7701829655591593,,,,,,,,,,,,0,,,,,,,,,,3men,,,,180,,baseline,,,
,,,,,,,,1,0,234,,,,,,,0.7964674018381201,,,,,,,,,,,,0,,,,,,,,,,3pinkleft,,,,227,,baseline,,,
,,,,,,,,9,2,331,,,,,,,0.7933759667386313,,,,,,,,,,,,2,,,,,,,,,,3rdfatboy,,,,330,,baseline,,,
,,,,,,,,224,4,832,,,,,,,0.5192660740336185,,,,,,,,,,,,3,,,,,,,,,,3rdgrouplastboy,,,,831,,baseline,,,
,,,,,,,,0,0,104,,,,,,,0.8299086679761785,,,,,,,,,,,,0,,,,,,,,,,3thmoto,,,,103,,baseline,,,
,,,,,,,,0,0,414,,,,,,,0.7520635423973959,,,,,,,,,,,,0,,,,,,,,,,4men,,,,413,,baseline,,,
,,,,,,,,59,4,315,,,,,,,0.6806676775697929,,,,,,,,,,,,4,,,,,,,,,,4thboywithwhite,,,,314,,baseline,,,
,,,,,,,,269,2,487,,,,,,,0.3569827415883384,,,,,,,,,,,,1,,,,,,,,,,7rightorangegirl,,,,486,,baseline,,,
,,,,,,,,87,1,372,,,,,,,0.518438417351702,,,,,,,,,,,,1,,,,,,,,,,AQgirlwalkinrain,,,,371,,baseline,,,
,,,,,,,,0,0,95,,,,,,,0.8377875832504317,,,,,,,,,,,,0,,,,,,,,,,AQtruck2north,,,,94,,baseline,,,
,,,,,,,,2,0,353,,,,,,,0.8309704612059312,,,,,,,,,,,,0,,,,,,,,,,ab_bikeoccluded,,,,312,,baseline,,,
,,,,,,,,117,1,488,,,,,,,0.6231283793078305,,,,,,,,,,,,1,,,,,,,,,,ab_blkskirtgirl,,,,487,,baseline,,,
,,,,,,,,329,15,3247,,,,,,,0.5930470485397107,,,,,,,,,,,,15,,,,,,,,,,ab_bolstershaking,,,,3246,,baseline,,,
,,,,,,,,0,0,696,,,,,,,0.7827914914527204,,,,,,,,,,,,0,,,,,,,,,,ab_girlchoosesbike,,,,695,,baseline,,,
,,,,,,,,38,2,388,,,,,,,0.698143449486479,,,,,,,,,,,,2,,,,,,,,,,ab_girlcrossroad,,,,355,,baseline,,,
,,,,,,,,182,1,194,,,,,,,0.034215360057388546,,,,,,,,,,,,0,,,,,,,,,,ab_pingpongball2,,,,193,,baseline,,,
,,,,,,,,899,23,1806,,,,,,,0.27536764783061285,,,,,,,,,,,,23,,,,,,,,,,ab_rightlowerredcup_quezhen,,,,1805,,baseline,,,
,,,,,,,,322,2,518,,,,,,,0.28138963783241644,,,,,,,,,,,,1,,,,,,,,,,ab_whiteboywithbluebag,,,,507,,baseline,,,
,,,,,,,,391,12,1411,,,,,,,0.5773952176967405,,,,,,,,,,,,12,,,,,,,,,,advancedredcup,,,,1410,,baseline,,,
,,,,,,,,0,0,111,,,,,,,0.710501273320893,,,,,,,,,,,,0,,,,,,,,,,baggirl,,,,110,,baseline,,,
,,,,,,,,362,11,1505,,,,,,,0.5188236999664537,,,,,,,,,,,,10,,,,,,,,,,ballshootatthebasket3times,,,,1489,,baseline,,,
,,,,,,,,484,11,849,,,,,,,0.2342425434799171,,,,,,,,,,,,11,,,,,,,,,,basketball849,,,,743,,baseline,,,
,,,,,,,,33,2,64,,,,,,,0.2805038261371586,,,,,,,,,,,,1,,,,,,,,,,basketballathand,,,,63,,baseline,,,
,,,,,,,,0,0,85,,,,,,,0.6782983437330263,,,,,,,,,,,,0,,,,,,,,,,basketboy,,,,84,,baseline,,,
,,,,,,,,0,0,280,,,,,,,0.8035534503219441,,,,,,,,,,,,0,,,,,,,,,,bawgirl,,,,279,,baseline,,,
,,,,,,,,1,0,199,,,,,,,0.7402450750783335,,,,,,,,,,,,0,,,,,,,,,,belowdarkgirl,,,,198,,baseline,,,
,,,,,,,,24,1,1223,,,,,,,0.6919400472235188,,,,,,,,,,,,1,,,,,,,,,,besom3,,,,1222,,baseline,,,
,,,,,,,,1,0,651,,,,,,,0.8231917827977496,,,,,,,,,,,,0,,,,,,,,,,bike,,,,650,,baseline,,,
,,,,,,,,5,1,257,,,,,,,0.8202690028790182,,,,,,,,,,,,1,,,,,,,,,,bike2left,,,,256,,baseline,,,
,,,,,,,,3,0,146,,,,,,,0.7236787592296247,,,,,,,,,,,,0,,,,,,,,,,bike2trees,,,,145,,baseline,,,
,,,,,,,,0,0,113,,,,,,,0.8100092467398403,,,,,,,,,,,,0,,,,,,,,,,bikeboy,,,,112,,baseline,,,
,,,,,,,,467,4,826,,,,,,,0.304907289294528,,,,,,,,,,,,3,,,,,,,,,,bikeboyintodark,,,,825,,baseline,,,
,,,,,,,,3,1,467,,,,,,,0.7063628945300872,,,,,,,,,,,,1,,,,,,,,,,bikeboyright,,,,466,,baseline,,,
,,,,,,,,0,0,155,,,,,,,0.6019363649819991,,,,,,,,,,,,0,,,,,,,,,,bikeboyturn,,,,154,,baseline,,,
,,,,,,,,0,0,243,,,,,,,0.9257853859398564,,,,,,,,,,,,0,,,,,,,,,,bikeboyturntimes,,,,242,,baseline,,,
,,,,,,,,0,0,220,,,,,,,0.8550736726369457,,,,,,,,,,,,0,,,,,,,,,,bikeboywithumbrella,,,,219,,baseline,,,
,,,,,,,,0,0,172,,,,,,,0.7449194924735071,,,,,,,,,,,,0,,,,,,,,,,bikefromlight,,,,171,,baseline,,,
,,,,,,,,132,2,284,,,,,,,0.3283838105731115,,,,,,,,,,,,1,,,,,,,,,,bikegoindark,,,,283,,baseline,,,
,,,,,,,,0,0,140,,,,,,,0.7595582855933953,,,,,,,,,,,,0,,,,,,,,,,bikeinrain,,,,139,,baseline,,,
,,,,,,,,118,1,131,,,,,,,0.05224076399922772,,,,,,,,,,,,0,,,,,,,,,,biketurnright,,,,130,,baseline,,,
,,,,,,,,0,0,432,,,,,,,0.8666145152638963,,,,,,,,,,,,0,,,,,,,,,,blackboy,,,,431,,baseline,,,
,,,,,,,,0,0,295,,,,,,,0.8897825978178677,,,,,,,,,,,,0,,,,,,,,,,blackboyoncall,,,,294,,baseline,,,
,,,,,,,,0,0,126,,,,,,,0.7595815518696178,,,,,,,,,,,,0,,,,,,,,,,blackcarturn,,,,125,,baseline,,,
,,,,,,,,1,0,62,,,,,,,0.7510337659407677,,,,,,,,,,,,0,,,,,,,,,,blackdown,,,,61,,baseline,,,
,,,,,,,,1,0,217,,,,,,,0.7567606408419849,,,,,,,,,,,,0,,,,,,,,,,blackgirl,,,,216,,baseline,,,
,,,,,,,,1192,34,12862,,,,,,,0.7054335837938447,,,,,,,,,,,,34,,,,,,,,,,blkboy`shead,,,,12861,,baseline,,,
,,,,,,,,0,0,171,,,,,,,0.7808788505685929,,,,,,,,,,,,0,,,,,,,,,,blkboyback,,,,170,,baseline,,,
,,,,,,,,11,2,302,,,,,,,0.723492665676114,,,,,,,,,,,,2,,,,,,,,,,blkboybetweenredandwhite,,,,301,,baseline,,,
,,,,,,,,17,1,82,,,,,,,0.5998852408980613,,,,,,,,,,,,0,,,,,,,,,,blkboydown,,,,81,,baseline,,,
,,,,,,,,432,1,556,,,,,,,0.1786776720441908,,,,,,,,,,,,0,,,,,,,,,,blkboyhead,,,,555,,baseline,,,
,,,,,,,,2688,36,6983,,,,,,,0.4525055236208617,,,,,,,,,,,,36,,,,,,,,,,blkboylefttheNo_21,,,,6930,,baseline,,,
,,,,,,,,825,3,1436,,,,,,,0.3358797766397115,,,,,,,,,,,,2,,,,,,,,,,blkboystand,,,,1435,,baseline,,,
,,,,,,,,0,0,340,,,,,,,0.8644292288272665,,,,,,,,,,,,0,,,,,,,,,,blkboytakesumbrella,,,,339,,baseline,,,
,,,,,,,,271,3,764,,,,,,,0.3928709161342242,,,,,,,,,,,,2,,,,,,,,,,blkcaratfrontbluebus,,,,763,,baseline,,,
,,,,,,,,0,0,342,,,,,,,0.7470004556913004,,,,,,,,,,,,0,,,,,,,,,,blkgirlumbrella,,,,341,,baseline,,,
,,,,,,,,106,6,564,,,,,,,0.5886333296596019,,,,,,,,,,,,5,,,,,,,,,,blkhairgirltakingblkbag,,,,563,,baseline,,,
,,,,,,,,35,2,187,,,,,,,0.6433300322847293,,,,,,,,,,,,1,,,,,,,,,,blkmoto2north,,,,186,,baseline,,,
,,,,,,,,0,0,190,,,,,,,0.8153190860425681,,,,,,,,,,,,0,,,,,,,,,,blkstandboy,,,,189,,baseline,,,
,,,,,,,,0,0,142,,,,,,,0.8585839382760446,,,,,,,,,,,,0,,,,,,,,,,blktribikecome,,,,141,,baseline,,,
,,,,,,,,0,0,330,,,,,,,0.8404003318828225,,,,,,,,,,,,0,,,,,,,,,,blueboy,,,,329,,baseline,,,
,,,,,,,,1,0,421,,,,,,,0.7799746816254433,,,,,,,,,,,,0,,,,,,,,,,blueboy421,,,,420,,baseline,,,
,,,,,,,,0,0,1437,,,,,,,0.8646917223646983,,,,,,,,,,,,0,,,,,,,,,,bluebuscoming,,,,1436,,baseline,,,
,,,,,,,,1,0,222,,,,,,,0.7890886278162589,,,,,,,,,,,,0,,,,,,,,,,bluegirlbiketurn,,,,221,,baseline,,,
,,,,,,,,366,3,506,,,,,,,0.15932287949682444,,,,,,,,,,,,2,,,,,,,,,,bottlebetweenboy`sfeet,,,,505,,baseline,,,
,,,,,,,,97,3,206,,,,,,,0.3664586640863898,,,,,,,,,,,,2,,,,,,,,,,boy2basketballground,,,,205,,baseline,,,
,,,,,,,,207,3,1788,,,,,,,0.6370504370572942,,,,,,,,,,,,2,,,,,,,,,,boy2buildings,,,,1787,,baseline,,,
,,,,,,,,1,0,203,,,,,,,0.8218828768952201,,,,,,,,,,,,0,,,,,,,,,,boy2trees,,,,202,,baseline,,,
,,,,,,,,148,3,1083,,,,,,,0.5978562004910922,,,,,,,,,,,,3,,,,,,,,,,boy2treesfindbike,,,,1082,,baseline,,,
,,,,,,,,437,5,851,,,,,,,0.3387979485121638,,,,,,,,,,,,4,,,,,,,,,,boy`headwithouthat,,,,850,,baseline,,,
,,,,,,,,159,4,269,,,,,,,0.24971448112026037,,,,,,,,,,,,3,,,,,,,,,,boy`sheadingreycol,,,,268,,baseline,,,
,,,,,,,,6,1,102,,,,,,,0.7617797442203578,,,,,,,,,,,,1,,,,,,,,,,boyaftertree,,,,101,,baseline,,,
,,,,,,,,806,3,2469,,,,,,,0.5221718587389789,,,,,,,,,,,,3,,,,,,,,,,boyaroundtrees,,,,2457,,baseline,,,
,,,,,,,,55,5,494,,,,,,,0.700137159939342,,,,,,,,,,,,5,,,,,,,,,,boyatdoorturnright,,,,493,,baseline,,,
,,,,,,,,19,1,751,,,,,,,0.7565088624514261,,,,,,,,,,,,1,,,,,,,,,,boydownplatform,,,,750,,baseline,,,
,,,,,,,,0,0,285,,,,,,,0.8539434764005912,,,,,,,,,,,,0,,,,,,,,,,boyfromdark,,,,283,,baseline,,,
,,,,,,,,8,1,319,,,,,,,0.7782392873221439,,,,,,,,,,,,1,,,,,,,,,,boyinlight,,,,318,,baseline,,,
,,,,,,,,33,2,975,,,,,,,0.6984816626081121,,,,,,,,,,,,2,,,,,,,,,,boyinplatform,,,,974,,baseline,,,
,,,,,,,,13,1,1418,,,,,,,0.8424816667147866,,,,,,,,,,,,1,,,,,,,,,,boyinsnowfield3,,,,1417,,baseline,,,
,,,,,,,,70,2,426,,,,,,,0.6190976519247172,,,,,,,,,,,,1,,,,,,,,,,boyleftblkrunning2crowd,,,,425,,baseline,,,
,,,,,,,,156,3,4921,,,,,,,0.8229521101798077,,,,,,,,,,,,2,,,,,,,,,,boylefttheNo_9boy,,,,4919,,baseline,,,
,,,,,,,,0,0,310,,,,,,,0.7400018261122031,,,,,,,,,,,,0,,,,,,,,,,boyoncall,,,,308,,baseline,,,
,,,,,,,,5,1,436,,,,,,,0.7836445068616121,,,,,,,,,,,,1,,,,,,,,,,boyplayphone,,,,434,,baseline,,,
,,,,,,,,805,5,1840,,,,,,,0.32444065971900465,,,,,,,,,,,,4,,,,,,,,,,boyride2path,,,,1837,,baseline,,,
,,,,,,,,0,0,182,,,,,,,0.9236340061045796,,,,,,,,,,,,0,,,,,,,,,,boyruninsnow,,,,181,,baseline,,,
,,,,,,,,263,3,464,,,,,,,0.30537117294308447,,,,,,,,,,,,3,,,,,,,,,,boyscomeleft,,,,463,,baseline,,,
,,,,,,,,96,3,9684,,,,,,,0.7376989176254517,,,,,,,,,,,,3,,,,,,,,,,boyshead9684,,,,9683,,baseline,,,
,,,,,,,,60,6,375,,,,,,,0.539634896634034,,,,,,,,,,,,5,,,,,,,,,,boyss,,,,374,,baseline,,,
,,,,,,,,567,5,1432,,,,,,,0.4723349128328805,,,,,,,,,,,,4,,,,,,,,,,boytakingbasketballfollowing,,,,1431,,baseline,,,
,,,,,,,,0,0,262,,,,,,,0.7457774368968318,,,,,,,,,,,,0,,,,,,,,,,boytakingplate2left,,,,259,,baseline,,,
,,,,,,,,478,3,613,,,,,,,0.1653473072134626,,,,,,,,,,,,2,,,,,,,,,,boyunder2baskets,,,,612,,baseline,,,
,,,,,,,,0,0,965,,,,,,,0.7866281328594529,,,,,,,,,,,,0,,,,,,,,,,boywaitgirl,,,,964,,baseline,,,
,,,,,,,,0,0,658,,,,,,,0.8679176411248147,,,,,,,,,,,,0,,,,,,,,,,boywalkinginsnow2,,,,657,,baseline,,,
,,,,,,,,544,34,9538,,,,,,,0.6564881082341705,,,,,,,,,,,,34,,,,,,,,,,broom,,,,9531,,baseline,,,
,,,,,,,,0,0,114,,,,,,,0.705699662394616,,,,,,,,,,,,0,,,,,,,,,,carbehindtrees,,,,113,,baseline,,,
,,,,,,,,0,0,101,,,,,,,0.8631662201358956,,,,,,,,,,,,0,,,,,,,,,,carcomeonlight,,,,100,,baseline,,,
,,,,,,,,212,3,391,,,,,,,0.3243435570403118,,,,,,,,,,,,2,,,,,,,,,,carcomingfromlight,,,,390,,baseline,,,
,,,,,,,,0,0,155,,,,,,,0.7664653574035258,,,,,,,,,,,,0,,,,,,,,,,carcominginlight,,,,154,,baseline,,,
,,,,,,,,0,0,70,,,,,,,0.8146335010032804,,,,,,,,,,,,0,,,,,,,,,,carlight2,,,,69,,baseline,,,
,,,,,,,,0,0,93,,,,,,,0.8532036025867337,,,,,,,,,,,,0,,,,,,,,,,carlightcome2,,,,92,,baseline,,,
,,,,,,,,0,0,86,,,,,,,0.7791630034346094,,,,,,,,,,,,0,,,,,,,,,,caronlight,,,,85,,baseline,,,
,,,,,,,,0,0,117,,,,,,,0.889295126997532,,,,,,,,,,,,0,,,,,,,,,,carturn117,,,,116,,baseline,,,
,,,,,,,,227,2,481,,,,,,,0.3834819595891803,,,,,,,,,,,,1,,,,,,,,,,carwillturn,,,,480,,baseline,,,
,,,,,,,,0,0,91,,,,,,,0.8827460787408563,,,,,,,,,,,,0,,,,,,,,,,catbrown2,,,,90,,baseline,,,
,,,,,,,,297,1,1343,,,,,,,0.6677930114214492,,,,,,,,,,,,1,,,,,,,,,,catbrownback2bush,,,,1342,,baseline,,,
,,,,,,,,38,1,101,,,,,,,0.45165455384998326,,,,,,,,,,,,0,,,,,,,,,,couple,,,,100,,baseline,,,
,,,,,,,,0,0,84,,,,,,,0.9334216573317238,,,,,,,,,,,,0,,,,,,,,,,darkcarturn,,,,83,,baseline,,,
,,,,,,,,0,0,613,,,,,,,0.8173989907965725,,,,,,,,,,,,0,,,,,,,,,,darkgirl,,,,612,,baseline,,,
,,,,,,,,95,9,749,,,,,,,0.5404547414971373,,,,,,,,,,,,9,,,,,,,,,,darkouterwhiteboy,,,,748,,baseline,,,
,,,,,,,,29,1,503,,,,,,,0.7117324507194843,,,,,,,,,,,,1,,,,,,,,,,darktreesboy,,,,502,,baseline,,,
,,,,,,,,576,1,1117,,,,,,,0.395898686431677,,,,,,,,,,,,0,,,,,,,,,,drillmaster1117,,,,1116,,baseline,,,
,,,,,,,,471,1,982,,,,,,,0.400366960375387,,,,,,,,,,,,1,,,,,,,,,,drillmasterfollowingatright,,,,981,,baseline,,,
,,,,,,,,43,1,254,,,,,,,0.5739753032550795,,,,,,,,,,,,1,,,,,,,,,,farfatboy,,,,253,,baseline,,,
,,,,,,,,590,5,1160,,,,,,,0.2991503499847218,,,,,,,,,,,,4,,,,,,,,,,firstexercisebook,,,,1159,,baseline,,,
,,,,,,,,43,3,193,,,,,,,0.4568760786549702,,,,,,,,,,,,2,,,,,,,,,,foamatgirl`srighthand,,,,192,,baseline,,,
,,,,,,,,591,11,1146,,,,,,,0.33678522399170063,,,,,,,,,,,,11,,,,,,,,,,foldedfolderatlefthand,,,,1145,,baseline,,,
,,,,,,,,0,0,151,,,,,,,0.6392091834235849,,,,,,,,,,,,0,,,,,,,,,,girl2left3man1,,,,150,,baseline,,,
,,,,,,,,465,1,571,,,,,,,0.10911848399661785,,,,,,,,,,,,0,,,,,,,,,,girl`sblkbag,,,,570,,baseline,,,
,,,,,,,,0,0,1130,,,,,,,0.8891242378926612,,,,,,,,,,,,0,,,,,,,,,,girlafterglassdoor,,,,1129,,baseline,,,
,,,,,,,,294,4,1217,,,,,,,0.4680501336868876,,,,,,,,,,,,4,,,,,,,,,,girldownstairfromlight,,,,1216,,baseline,,,
,,,,,,,,8,1,1033,,,,,,,0.8353714955991604,,,,,,,,,,,,1,,,,,,,,,,girlfromlight_quezhen,,,,1032,,baseline,,,
,,,,,,,,0,0,312,,,,,,,0.8465109528281854,,,,,,,,,,,,0,,,,,,,,,,girlinrain,,,,311,,baseline,,,
,,,,,,,,40,6,304,,,,,,,0.6405684096088099,,,,,,,,,,,,6,,,,,,,,,,girllongskirt,,,,303,,baseline,,,
,,,,,,,,475,7,986,,,,,,,0.3715017913300957,,,,,,,,,,,,6,,,,,,,,,,girlof2leaders,,,,985,,baseline,,,
,,,,,,,,93,1,308,,,,,,,0.539071020372712,,,,,,,,,,,,1,,,,,,,,,,girlrightthewautress,,,,307,,baseline,,,
,,,,,,,,0,0,2858,,,,,,,0.7304171629268836,,,,,,,,,,,,0,,,,,,,,,,girlunderthestreetlamp,,,,2857,,baseline,,,
,,,,,,,,39,1,282,,,,,,,0.6701741132660607,,,,,,,,,,,,1,,,,,,,,,,guardunderthecolumn,,,,281,,baseline,,,
,,,,,,,,0,0,542,,,,,,,0.8196362042558805,,,,,,,,,,,,0,,,,,,,,,,hugboy,,,,541,,baseline,,,
,,,,,,,,2700,22,4317,,,,,,,0.23463951829704838,,,,,,,,,,,,21,,,,,,,,,,hyalinepaperfrontface,,,,4316,,baseline,,,
,,,,,,,,147,9,1475,,,,,,,0.7263307986167955,,,,,,,,,,,,9,,,,,,,,,,large,,,,1474,,baseline,,,
,,,,,,,,1002,2,1116,,,,,,,0.07514452586890018,,,,,,,,,,,,1,,,,,,,,,,lastleftgirl,,,,1115,,baseline,,,
,,,,,,,,1290,17,3650,,,,,,,0.508334669206233,,,,,,,,,,,,16,,,,,,,,,,leftblkTboy,,,,3439,,baseline,,,
,,,,,,,,1652,35,3991,,,,,,,0.3076320313673347,,,,,,,,,,,,35,,,,,,,,,,leftbottle2hang,,,,3990,,baseline,,,
,,,,,,,,953,3,1244,,,,,,,0.16282276219638508,,,,,,,,,,,,2,,,,,,,,,,leftboy2jointhe4,,,,1243,,baseline,,,
,,,,,,,,199,1,744,,,,,,,0.5673632546827678,,,,,,,,,,,,1,,,,,,,,,,leftboyoutofthetroop,,,,743,,baseline,,,
,,,,,,,,303,4,1400,,,,,,,0.6036600410992634,,,,,,,,,,,,4,,,,,,,,,,leftchair,,,,1399,,baseline,,,
,,,,,,,,49,3,566,,,,,,,0.5813635602016314,,,,,,,,,,,,2,,,,,,,,,,lefterbike,,,,565,,baseline,,,
,,,,,,,,208,6,1102,,,,,,,0.4985615813454106,,,,,,,,,,,,6,,,,,,,,,,leftexcersicebookyellow,,,,1101,,baseline,,,
,,,,,,,,4,1,903,,,,,,,0.707891089001164,,,,,,,,,,,,1,,,,,,,,,,leftfarboycomingpicktheball,,,,902,,baseline,,,
,,,,,,,,56,2,251,,,,,,,0.5889755751235609,,,,,,,,,,,,1,,,,,,,,,,leftgirl'swhitebag,,,,249,,baseline,,,
,,,,,,,,532,19,1905,,,,,,,0.47659142521990316,,,,,,,,,,,,19,,,,,,,,,,lefthyalinepaper2rgb,,,,1904,,baseline,,,
,,,,,,,,318,15,1802,,,,,,,0.619178091757629,,,,,,,,,,,,15,,,,,,,,,,lefthyalinepaperfrontpants,,,,1801,,baseline,,,
,,,,,,,,253,20,1879,,,,,,,0.7153717888889061,,,,,,,,,,,,20,,,,,,,,,,leftmirror,,,,1878,,baseline,,,
,,,,,,,,798,17,2265,,,,,,,0.4416407753415693,,,,,,,,,,,,16,,,,,,,,,,leftmirrorlikesky,,,,2264,,baseline,,,
,,,,,,,,545,10,1732,,,,,,,0.48479644187191134,,,,,,,,,,,,9,,,,,,,,,,leftmirrorside,,,,1731,,baseline,,,
,,,,,,,,14,1,170,,,,,,,0.4856537741326572,,,,,,,,,,,,0,,,,,,,,,,leftopenexersicebook,,,,167,,baseline,,,
,,,,,,,,57,1,66,,,,,,,0.07512883015285438,,,,,,,,,,,,0,,,,,,,,,,leftpingpongball,,,,65,,baseline,,,
,,,,,,,,21,3,148,,,,,,,0.6830214148558579,,,,,,,,,,,,3,,,,,,,,,,leftrushingboy,,,,147,,baseline,,,
,,,,,,,,732,3,986,,,,,,,0.1928817400607492,,,,,,,,,,,,2,,,,,,,,,,leftunderbasket,,,,985,,baseline,,,
,,,,,,,,120,3,1981,,,,,,,0.7379375312749179,,,,,,,,,,,,3,,,,,,,,,,leftuphand,,,,1980,,baseline,,,
,,,,,,,,0,0,1676,,,,,,,0.7739570025639826,,,,,,,,,,,,0,,,,,,,,,,littelbabycryingforahug,,,,1675,,baseline,,,
,,,,,,,,14,1,33,,,,,,,0.4495814431671775,,,,,,,,,,,,0,,,,,,,,,,lowerfoamboard,,,,31,,baseline,,,
,,,,,,,,3,1,1096,,,,,,,0.8238191571819038,,,,,,,,,,,,1,,,,,,,,,,mandownstair,,,,1095,,baseline,,,
,,,,,,,,0,0,408,,,,,,,0.8357644205256448,,,,,,,,,,,,0,,,,,,,,,,manfromtoilet,,,,407,,baseline,,,
,,,,,,,,36,2,254,,,,,,,0.6626841204097699,,,,,,,,,,,,2,,,,,,,,,,mangetsoff,,,,253,,baseline,,,
,,,,,,,,26,4,521,,,,,,,0.7187785914193104,,,,,,,,,,,,4,,,,,,,,,,manoncall,,,,520,,baseline,,,
,,,,,,,,9,1,273,,,,,,,0.8139165235688537,,,,,,,,,,,,1,,,,,,,,,,mansimiliar,,,,272,,baseline,,,
,,,,,,,,0,0,123,,,,,,,0.8203055185411965,,,,,,,,,,,,0,,,,,,,,,,mantostartcar,,,,122,,baseline,,,
,,,,,,,,0,0,353,,,,,,,0.7944867737183369,,,,,,,,,,,,0,,,,,,,,,,midblkgirl,,,,352,,baseline,,,
,,,,,,,,1755,17,7258,,,,,,,0.5983303080316447,,,,,,,,,,,,17,,,,,,,,,,midboyNo_9,,,,7257,,baseline,,,
,,,,,,,,186,2,664,,,,,,,0.5597839642678389,,,,,,,,,,,,1,,,,,,,,,,middrillmaster,,,,663,,baseline,,,
,,,,,,,,439,10,3226,,,,,,,0.6119938571458959,,,,,,,,,,,,9,,,,,,,,,,midgreyboyrunningcoming,,,,3225,,baseline,,,
,,,,,,,,88,1,439,,,,,,,0.6226171314466531,,,,,,,,,,,,0,,,,,,,,,,midof3girls,,,,438,,baseline,,,
,,,,,,,,1939,19,7309,,,,,,,0.5868995882999657,,,,,,,,,,,,19,,,,,,,,,,midredboy,,,,7293,,baseline,,,
,,,,,,,,202,2,442,,,,,,,0.37676635693672544,,,,,,,,,,,,1,,,,,,,,,,midrunboywithwhite,,,,441,,baseline,,,
,,,,,,,,0,0,78,,,,,,,0.8576693878996806,,,,,,,,,,,,0,,,,,,,,,,minibus,,,,77,,baseline,,,
,,,,,,,,37,1,214,,,,,,,0.668696007568529,,,,,,,,,,,,0,,,,,,,,,,minibusgoes2left,,,,213,,baseline,,,
,,,,,,,,0,0,254,,,,,,,0.8696196502099396,,,,,,,,,,,,0,,,,,,,,,,moto,,,,253,,baseline,,,
,,,,,,,,0,0,84,,,,,,,0.7480230496362282,,,,,,,,,,,,0,,,,,,,,,,motocomeonlight,,,,83,,baseline,,,
,,,,,,,,0,0,127,,,,,,,0.8074402079080787,,,,,,,,,,,,0,,,,,,,,,,motogoesaloongS,,,,126,,baseline,,,
,,,,,,,,35,2,306,,,,,,,0.571128960500105,,,,,,,,,,,,2,,,,,,,,,,mototaking2boys306,,,,305,,baseline,,,
,,,,,,,,0,0,122,,,,,,,0.8284147529915059,,,,,,,,,,,,0,,,,,,,,,,mototurneast,,,,121,,baseline,,,
,,,,,,,,0,0,95,,,,,,,0.7768461473348535,,,,,,,,,,,,0,,,,,,,,,,motowithbluetop,,,,94,,baseline,,,
,,,,,,,,11,2,808,,,,,,,0.819216880928691,,,,,,,,,,,,2,,,,,,,,,,pingpingpad3,,,,807,,baseline,,,
,,,,,,,,350,12,1270,,,,,,,0.5524768803038899,,,,,,,,,,,,11,,,,,,,,,,pinkwithblktopcup,,,,1269,,baseline,,,
,,,,,,,,0,0,334,,,,,,,0.835710496603667,,,,,,,,,,,,0,,,,,,,,,,raincarturn,,,,333,,baseline,,,
,,,,,,,,0,0,157,,,,,,,0.8405659303588897,,,,,,,,,,,,0,,,,,,,,,,rainycarcome_ab,,,,156,,baseline,,,
,,,,,,,,5,1,150,,,,,,,0.7348941221583654,,,,,,,,,,,,1,,,,,,,,,,redboygoright,,,,149,,baseline,,,
,,,,,,,,0,0,262,,,,,,,0.8690508531617742,,,,,,,,,,,,0,,,,,,,,,,redcarcominginlight,,,,261,,baseline,,,
,,,,,,,,0,0,104,,,,,,,0.7037199871774822,,,,,,,,,,,,0,,,,,,,,,,redetricycle,,,,103,,baseline,,,
,,,,,,,,11,1,662,,,,,,,0.6937085461584012,,,,,,,,,,,,1,,,,,,,,,,redmidboy,,,,661,,baseline,,,
,,,,,,,,361,2,730,,,,,,,0.4187934297237589,,,,,,,,,,,,1,,,,,,,,,,redroadlatboy,,,,729,,baseline,,,
,,,,,,,,0,0,168,,,,,,,0.6902416920861179,,,,,,,,,,,,0,,,,,,,,,,redtricycle,,,,167,,baseline,,,
,,,,,,,,1117,8,1750,,,,,,,0.2582798009045495,,,,,,,,,,,,7,,,,,,,,,,right2ndflagformath,,,,1749,,baseline,,,
,,,,,,,,829,6,1916,,,,,,,0.4111448826059266,,,,,,,,,,,,6,,,,,,,,,,right5thflag,,,,1898,,baseline,,,
,,,,,,,,105,2,225,,,,,,,0.3808770770571046,,,,,,,,,,,,1,,,,,,,,,,rightbike,,,,224,,baseline,,,
,,,,,,,,0,0,416,,,,,,,0.746579276675696,,,,,,,,,,,,0,,,,,,,,,,rightbike-gai,,,,415,,baseline,,,
,,,,,,,,702,5,4386,,,,,,,0.69094093241334,,,,,,,,,,,,5,,,,,,,,,,rightblkboy4386,,,,4385,,baseline,,,
,,,,,,,,0,0,279,,,,,,,0.7565872673538417,,,,,,,,,,,,0,,,,,,,,,,rightblkboystand,,,,277,,baseline,,,
,,,,,,,,0,0,386,,,,,,,0.79640901458569,,,,,,,,,,,,0,,,,,,,,,,rightblkfatboyleftwhite,,,,385,,baseline,,,
,,,,,,,,0,0,353,,,,,,,0.6927898808460778,,,,,,,,,,,,0,,,,,,,,,,rightbluewhite,,,,352,,baseline,,,
,,,,,,,,645,26,1388,,,,,,,0.30563143548297955,,,,,,,,,,,,25,,,,,,,,,,rightbottlecomes,,,,1387,,baseline,,,
,,,,,,,,5,1,504,,,,,,,0.7561045276983155,,,,,,,,,,,,1,,,,,,,,,,rightboy504,,,,503,,baseline,,,
,,,,,,,,418,1,1050,,,,,,,0.4956030404024394,,,,,,,,,,,,0,,,,,,,,,,rightcameraman,,,,1049,,baseline,,,
,,,,,,,,429,2,561,,,,,,,0.14072311426519168,,,,,,,,,,,,1,,,,,,,,,,rightcar-chongT,,,,560,,baseline,,,
,,,,,,,,315,3,604,,,,,,,0.3662055123365372,,,,,,,,,,,,2,,,,,,,,,,rightcomingstrongboy,,,,603,,baseline,,,
,,,,,,,,279,2,1133,,,,,,,0.5376251245631078,,,,,,,,,,,,2,,,,,,,,,,rightdarksingleman,,,,1132,,baseline,,,
,,,,,,,,609,3,668,,,,,,,0.06132429366869906,,,,,,,,,,,,2,,,,,,,,,,rightgirltakingcup,,,,667,,baseline,,,
,,,,,,,,44,2,308,,,,,,,0.6272043991575559,,,,,,,,,,,,2,,,,,,,,,,rightwaiter1_quezhen,,,,307,,baseline,,,
,,,,,,,,228,3,386,,,,,,,0.312387797801472,,,,,,,,,,,,2,,,,,,,,,,runningcameragirl,,,,385,,baseline,,,
,,,,,,,,348,7,832,,,,,,,0.3154649145033916,,,,,,,,,,,,7,,,,,,,,,,shinybikeboy2left,,,,831,,baseline,,,
,,,,,,,,35,2,359,,,,,,,0.6221145545796419,,,,,,,,,,,,1,,,,,,,,,,shinycarcoming,,,,358,,baseline,,,
,,,,,,,,49,2,602,,,,,,,0.6337542111896161,,,,,,,,,,,,1,,,,,,,,,,shinycarcoming2,,,,601,,baseline,,,
,,,,,,,,0,0,201,,,,,,,0.9320136892184558,,,,,,,,,,,,0,,,,,,,,,,silvercarturn,,,,200,,baseline,,,
,,,,,,,,8,1,662,,,,,,,0.8267744557447286,,,,,,,,,,,,1,,,,,,,,,,small-gai,,,,661,,baseline,,,
,,,,,,,,0,0,683,,,,,,,0.8292439425863936,,,,,,,,,,,,0,,,,,,,,,,standblkboy,,,,682,,baseline,,,
,,,,,,,,0,0,664,,,,,,,0.7523879881364323,,,,,,,,,,,,0,,,,,,,,,,swan_0109,,,,663,,baseline,,,
,,,,,,,,2,0,152,,,,,,,0.5933679078490184,,,,,,,,,,,,0,,,,,,,,,,truckgonorth,,,,151,,baseline,,,
,,,,,,,,281,26,1171,,,,,,,0.5655703410354229,,,,,,,,,,,,25,,,,,,,,,,turning1strowleft2ndboy,,,,1170,,baseline,,,
,,,,,,,,0,0,192,,,,,,,0.8713380098433158,,,,,,,,,,,,0,,,,,,,,,,umbreboyoncall,,,,191,,baseline,,,
,,,,,,,,49,4,319,,,,,,,0.6003899534482156,,,,,,,,,,,,4,,,,,,,,,,umbrella,,,,318,,baseline,,,
,,,,,,,,4,0,475,,,,,,,0.7538129833065392,,,,,,,,,,,,0,,,,,,,,,,umbrellabyboy,,,,474,,baseline,,,
,,,,,,,,32,2,566,,,,,,,0.6891269896264922,,,,,,,,,,,,2,,,,,,,,,,umbrellawillbefold,,,,565,,baseline,,,
,,,,,,,,9,1,490,,,,,,,0.7976843618545287,,,,,,,,,,,,1,,,,,,,,,,umbrellawillopen,,,,489,,baseline,,,
,,,,,,,,0,0,680,,,,,,,0.7778174889466202,,,,,,,,,,,,0,,,,,,,,,,waitresscoming,,,,679,,baseline,,,
,,,,,,,,64,4,566,,,,,,,0.6292196708922818,,,,,,,,,,,,3,,,,,,,,,,whitebikebelow,,,,565,,baseline,,,
,,,,,,,,75,1,691,,,,,,,0.7462031718130017,,,,,,,,,,,,1,,,,,,,,,,whiteboyrightcoccergoal,,,,690,,baseline,,,
,,,,,,,,0,0,84,,,,,,,0.8894820999030274,,,,,,,,,,,,0,,,,,,,,,,whitecarcomeinrain,,,,83,,baseline,,,
,,,,,,,,146,2,683,,,,,,,0.6669357401087718,,,,,,,,,,,,2,,,,,,,,,,whitecarturn683,,,,682,,baseline,,,
,,,,,,,,0,0,57,,,,,,,0.8752487982167694,,,,,,,,,,,,0,,,,,,,,,,whitecarturnleft,,,,56,,baseline,,,
,,,,,,,,0,0,103,,,,,,,0.7806736250034533,,,,,,,,,,,,0,,,,,,,,,,whitecarturnright,,,,102,,baseline,,,
,,,,,,,,4,1,67,,,,,,,0.6730675190979168,,,,,,,,,,,,0,,,,,,,,,,whitefardown,,,,66,,baseline,,,
,,,,,,,,30,2,155,,,,,,,0.5804452646662723,,,,,,,,,,,,1,,,,,,,,,,whitefargirl,,,,154,,baseline,,,
,,,,,,,,11,1,589,,,,,,,0.7692732128613594,,,,,,,,,,,,1,,,,,,,,,,whitegirlinlight,,,,588,,baseline,,,
,,,,,,,,369,1,549,,,,,,,0.23147718103810852,,,,,,,,,,,,0,,,,,,,,,,whitegirltakingchopsticks,,,,548,,baseline,,,
,,,,,,,,51,6,203,,,,,,,0.5992087554411111,,,,,,,,,,,,6,,,,,,,,,,whiteofboys,,,,202,,baseline,,,
,,,,,,,,343,1,425,,,,,,,0.1555260656197015,,,,,,,,,,,,0,,,,,,,,,,whiteridingbike,,,,424,,baseline,,,
,,,,,,,,37,2,346,,,,,,,0.7211751807454345,,,,,,,,,,,,2,,,,,,,,,,whiterunningboy,,,,345,,baseline,,,
,,,,,,,,372,9,818,,,,,,,0.4213845423829336,,,,,,,,,,,,8,,,,,,,,,,whiteskirtgirlcomingfromgoal,,,,817,,baseline,,,
,,,,,,,,0,0,137,,,,,,,0.8759422238857344,,,,,,,,,,,,0,,,,,,,,,,whitesuvturn,,,,136,,baseline,,,
,,,,,,,,0,0,95,,,,,,,0.8207127946848252,,,,,,,,,,,,0,,,,,,,,,,womanback2car,,,,94,,baseline,,,
,,,,,,,,28,1,118,,,,,,,0.4845299321834225,,,,,,,,,,,,0,,,,,,,,,,yellowgirl118,,,,117,,baseline,,,
,,,,,,,,0,0,361,,,,,,,0.8321726337676107,,,,,,,,,,,,0,,,,,,,,,,yellowskirt,,,,360,,baseline,,,
,,,,,,,,0,0,304,,,,,,,0.8117753201112833,,,,,,,,,,,,0,,,,,,,,,,10runone,,,,303,,c1,,,
,,,,,,,,18,1,152,,,,,,,0.7476596712094363,,,,,,,,,,,,1,,,,,,,,,,11leftboy,,,,151,,c1,,,
,,,,,,,,0,0,295,,,,,,,0.7981597591545819,,,,,,,,,,,,0,,,,,,,,,,11runtwo,,,,294,,c1,,,
,,,,,,,,0,0,851,,,,,,,0.8423212791833219,,,,,,,,,,,,0,,,,,,,,,,1blackteacher,,,,850,,c1,,,
,,,,,,,,0,0,174,,,,,,,0.7875375112062143,,,,,,,,,,,,0,,,,,,,,,,1boycoming,,,,173,,c1,,,
,,,,,,,,2995,6,3377,,,,,,,0.06130505925727267,,,,,,,,,,,,5,,,,,,,,,,1stcol4thboy,,,,3376,,c1,,,
,,,,,,,,699,1,732,,,,,,,0.03593739961449364,,,,,,,,,,,,0,,,,,,,,,,1strowleftboyturning,,,,731,,c1,,,
,,,,,,,,224,3,3817,,,,,,,0.6312873401668089,,,,,,,,,,,,2,,,,,,,,,,1strowrightdrillmaster,,,,3816,,c1,,,
,,,,,,,,1583,38,3540,,,,,,,0.3894054353062183,,,,,,,,,,,,37,,,,,,,,,,1strowrightgirl3540,,,,3539,,c1,,,
,,,,,,,,2,0,222,,,,,,,0.758098524485867,,,,,,,,,,,,0,,,,,,,,,,2girl,,,,221,,c1,,,
,,,,,,,,175,2,238,,,,,,,0.16798347180553763,,,,,,,,,,,,1,,,,,,,,,,2girlup,,,,236,,c1,,,
,,,,,,,,0,0,270,,,,,,,0.8197828281715794,,,,,,,,,,,,0,,,,,,,,,,2runseven,,,,269,,c1,,,
,,,,,,,,0,0,117,,,,,,,0.7192057728125567,,,,,,,,,,,,0,,,,,,,,,,3bike1,,,,116,,c1,,,
,,,,,,,,0,0,181,,,,,,,0.7701829655591593,,,,,,,,,,,,0,,,,,,,,,,3men,,,,180,,c1,,,
,,,,,,,,1,0,234,,,,,,,0.7964674018381201,,,,,,,,,,,,0,,,,,,,,,,3pinkleft,,,,227,,c1,,,
,,,,,,,,256,1,331,,,,,,,0.1657201686685167,,,,,,,,,,,,0,,,,,,,,,,3rdfatboy,,,,330,,c1,,,
,,,,,,,,220,3,832,,,,,,,0.5209979294534505,,,,,,,,,,,,2,,,,,,,,,,3rdgrouplastboy,,,,831,,c1,,,
,,,,,,,,0,0,104,,,,,,,0.8299086679761785,,,,,,,,,,,,0,,,,,,,,,,3thmoto,,,,103,,c1,,,
,,,,,,,,0,0,414,,,,,,,0.7520635423973959,,,,,,,,,,,,0,,,,,,,,,,4men,,,,413,,c1,,,
,,,,,,,,57,4,315,,,,,,,0.6854504135923347,,,,,,,,,,,,4,,,,,,,,,,4thboywithwhite,,,,314,,c1,,,
,,,,,,,,269,2,487,,,,,,,0.3569827415883384,,,,,,,,,,,,1,,,,,,,,,,7rightorangegirl,,,,486,,c1,,,
,,,,,,,,128,1,372,,,,,,,0.4330008105919588,,,,,,,,,,,,1,,,,,,,,,,AQgirlwalkinrain,,,,371,,c1,,,
,,,,,,,,0,0,95,,,,,,,0.8377875832504317,,,,,,,,,,,,0,,,,,,,,,,AQtruck2north,,,,94,,c1,,,
,,,,,,,,2,0,353,,,,,,,0.8309704612059312,,,,,,,,,,,,0,,,,,,,,,,ab_bikeoccluded,,,,312,,c1,,,
,,,,,,,,117,1,488,,,,,,,0.6231283793078305,,,,,,,,,,,,1,,,,,,,,,,ab_blkskirtgirl,,,,487,,c1,,,
,,,,,,,,706,13,3247,,,,,,,0.5106421084109416,,,,,,,,,,,,13,,,,,,,,,,ab_bolstershaking,,,,3246,,c1,,,
,,,,,,,,0,0,696,,,,,,,0.7827914914527204,,,,,,,,,,,,0,,,,,,,,,,ab_girlchoosesbike,,,,695,,c1,,,
,,,,,,,,38,2,388,,,,,,,0.698143449486479,,,,,,,,,,,,2,,,,,,,,,,ab_girlcrossroad,,,,355,,c1,,,
,,,,,,,,180,1,194,,,,,,,0.04023632041683667,,,,,,,,,,,,0,,,,,,,,,,ab_pingpongball2,,,,193,,c1,,,
,,,,,,,,824,21,1806,,,,,,,0.2978148295546116,,,,,,,,,,,,21,,,,,,,,,,ab_rightlowerredcup_quezhen,,,,1805,,c1,,,
,,,,,,,,322,2,518,,,,,,,0.28138963783241644,,,,,,,,,,,,1,,,,,,,,,,ab_whiteboywithbluebag,,,,507,,c1,,,
,,,,,,,,153,9,1411,,,,,,,0.7209167589117929,,,,,,,,,,,,9,,,,,,,,,,advancedredcup,,,,1410,,c1,,,
,,,,,,,,0,0,111,,,,,,,0.710501273320893,,,,,,,,,,,,0,,,,,,,,,,baggirl,,,,110,,c1,,,
,,,,,,,,366,11,1505,,,,,,,0.5167693419959453,,,,,,,,,,,,10,,,,,,,,,,ballshootatthebasket3times,,,,1489,,c1,,,
,,,,,,,,698,3,849,,,,,,,0.03824003559549922,,,,,,,,,,,,2,,,,,,,,,,basketball849,,,,743,,c1,,,
,,,,,,,,32,2,64,,,,,,,0.278461409794218,,,,,,,,,,,,1,,,,,,,,,,basketballathand,,,,63,,c1,,,
,,,,,,,,0,0,85,,,,,,,0.6782983437330263,,,,,,,,,,,,0,,,,,,,,,,basketboy,,,,84,,c1,,,
,,,,,,,,0,0,280,,,,,,,0.8035534503219441,,,,,,,,,,,,0,,,,,,,,,,bawgirl,,,,279,,c1,,,
,,,,,,,,1,0,199,,,,,,,0.7402450750783335,,,,,,,,,,,,0,,,,,,,,,,belowdarkgirl,,,,198,,c1,,,
,,,,,,,,22,1,1223,,,,,,,0.6799818342331039,,,,,,,,,,,,1,,,,,,,,,,besom3,,,,1222,,c1,,,
,,,,,,,,1,0,651,,,,,,,0.8231917827977496,,,,,,,,,,,,0,,,,,,,,,,bike,,,,650,,c1,,,
,,,,,,,,6,1,257,,,,,,,0.8174098435068036,,,,,,,,,,,,1,,,,,,,,,,bike2left,,,,256,,c1,,,
,,,,,,,,3,0,146,,,,,,,0.7236787592296247,,,,,,,,,,,,0,,,,,,,,,,bike2trees,,,,145,,c1,,,
,,,,,,,,0,0,113,,,,,,,0.8100092467398403,,,,,,,,,,,,0,,,,,,,,,,bikeboy,,,,112,,c1,,,
,,,,,,,,572,2,826,,,,,,,0.21555588320662417,,,,,,,,,,,,1,,,,,,,,,,bikeboyintodark,,,,825,,c1,,,
,,,,,,,,0,0,467,,,,,,,0.7102572028132751,,,,,,,,,,,,0,,,,,,,,,,bikeboyright,,,,466,,c1,,,
,,,,,,,,0,0,155,,,,,,,0.6019363649819991,,,,,,,,,,,,0,,,,,,,,,,bikeboyturn,,,,154,,c1,,,
,,,,,,,,0,0,243,,,,,,,0.9257853859398564,,,,,,,,,,,,0,,,,,,,,,,bikeboyturntimes,,,,242,,c1,,,
,,,,,,,,0,0,220,,,,,,,0.8550736726369457,,,,,,,,,,,,0,,,,,,,,,,bikeboywithumbrella,,,,219,,c1,,,
,,,,,,,,0,0,172,,,,,,,0.7449194924735071,,,,,,,,,,,,0,,,,,,,,,,bikefromlight,,,,171,,c1,,,
,,,,,,,,132,2,284,,,,,,,0.3283838105731115,,,,,,,,,,,,1,,,,,,,,,,bikegoindark,,,,283,,c1,,,
,,,,,,,,0,0,140,,,,,,,0.7595582855933953,,,,,,,,,,,,0,,,,,,,,,,bikeinrain,,,,139,,c1,,,
,,,,,,,,118,1,131,,,,,,,0.05224076399922772,,,,,,,,,,,,0,,,,,,,,,,biketurnright,,,,130,,c1,,,
,,,,,,,,0,0,432,,,,,,,0.8666145152638963,,,,,,,,,,,,0,,,,,,,,,,blackboy,,,,431,,c1,,,
,,,,,,,,0,0,295,,,,,,,0.8897825978178677,,,,,,,,,,,,0,,,,,,,,,,blackboyoncall,,,,294,,c1,,,
,,,,,,,,0,0,126,,,,,,,0.7595815518696178,,,,,,,,,,,,0,,,,,,,,,,blackcarturn,,,,125,,c1,,,
,,,,,,,,1,0,62,,,,,,,0.7510337659407677,,,,,,,,,,,,0,,,,,,,,,,blackdown,,,,61,,c1,,,
,,,,,,,,1,0,217,,,,,,,0.7567606408419849,,,,,,,,,,,,0,,,,,,,,,,blackgirl,,,,216,,c1,,,
,,,,,,,,1609,25,12862,,,,,,,0.6808648826801909,,,,,,,,,,,,25,,,,,,,,,,blkboy`shead,,,,12861,,c1,,,
,,,,,,,,0,0,171,,,,,,,0.7808788505685929,,,,,,,,,,,,0,,,,,,,,,,blkboyback,,,,170,,c1,,,
,,,,,,,,11,2,302,,,,,,,0.723492665676114,,,,,,,,,,,,2,,,,,,,,,,blkboybetweenredandwhite,,,,301,,c1,,,
,,,,,,,,3,0,82,,,,,,,0.6987629028953828,,,,,,,,,,,,0,,,,,,,,,,blkboydown,,,,81,,c1,,,
,,,,,,,,116,3,556,,,,,,,0.5832123548736562,,,,,,,,,,,,3,,,,,,,,,,blkboyhead,,,,555,,c1,,,
,,,,,,,,3170,30,6983,,,,,,,0.39573251007317606,,,,,,,,,,,,29,,,,,,,,,,blkboylefttheNo_21,,,,6930,,c1,,,
,,,,,,,,810,3,1436,,,,,,,0.3439705332548951,,,,,,,,,,,,2,,,,,,,,,,blkboystand,,,,1435,,c1,,,
,,,,,,,,0,0,340,,,,,,,0.8644292288272665,,,,,,,,,,,,0,,,,,,,,,,blkboytakesumbrella,,,,339,,c1,,,
,,,,,,,,389,2,764,,,,,,,0.30044547287949336,,,,,,,,,,,,1,,,,,,,,,,blkcaratfrontbluebus,,,,763,,c1,,,
,,,,,,,,0,0,342,,,,,,,0.7470004556913004,,,,,,,,,,,,0,,,,,,,,,,blkgirlumbrella,,,,341,,c1,,,
,,,,,,,,254,1,564,,,,,,,0.38699920685377504,,,,,,,,,,,,0,,,,,,,,,,blkhairgirltakingblkbag,,,,563,,c1,,,
,,,,,,,,17,1,187,,,,,,,0.7196088534769104,,,,,,,,,,,,1,,,,,,,,,,blkmoto2north,,,,186,,c1,,,
,,,,,,,,0,0,190,,,,,,,0.8153190860425681,,,,,,,,,,,,0,,,,,,,,,,blkstandboy,,,,189,,c1,,,
,,,,,,,,0,0,142,,,,,,,0.8585839382760446,,,,,,,,,,,,0,,,,,,,,,,blktribikecome,,,,141,,c1,,,
,,,,,,,,0,0,330,,,,,,,0.8404003318828225,,,,,,,,,,,,0,,,,,,,,,,blueboy,,,,329,,c1,,,
,,,,,,,,1,0,421,,,,,,,0.7799746816254433,,,,,,,,,,,,0,,,,,,,,,,blueboy421,,,,420,,c1,,,
,,,,,,,,0,0,1437,,,,,,,0.8646917223646983,,,,,,,,,,,,0,,,,,,,,,,bluebuscoming,,,,1436,,c1,,,
,,,,,,,,1,0,222,,,,,,,0.7890886278162589,,,,,,,,,,,,0,,,,,,,,,,bluegirlbiketurn,,,,221,,c1,,,
,,,,,,,,403,2,506,,,,,,,0.10445964274303993,,,,,,,,,,,,1,,,,,,,,,,bottlebetweenboy`sfeet,,,,505,,c1,,,
,,,,,,,,36,5,206,,,,,,,0.6015745641105145,,,,,,,,,,,,4,,,,,,,,,,boy2basketballground,,,,205,,c1,,,
,,,,,,,,73,4,1788,,,,,,,0.6834333058651697,,,,,,,,,,,,3,,,,,,,,,,boy2buildings,,,,1787,,c1,,,
,,,,,,,,1,0,203,,,,,,,0.8218828768952201,,,,,,,,,,,,0,,,,,,,,,,boy2trees,,,,202,,c1,,,
,,,,,,,,160,3,1083,,,,,,,0.5937684301319431,,,,,,,,,,,,3,,,,,,,,,,boy2treesfindbike,,,,1082,,c1,,,
,,,,,,,,571,1,851,,,,,,,0.23023826658867547,,,,,,,,,,,,0,,,,,,,,,,boy`headwithouthat,,,,850,,c1,,,
,,,,,,,,94,4,269,,,,,,,0.40816386140448946,,,,,,,,,,,,3,,,,,,,,,,boy`sheadingreycol,,,,268,,c1,,,
,,,,,,,,6,1,102,,,,,,,0.7617797442203578,,,,,,,,,,,,1,,,,,,,,,,boyaftertree,,,,101,,c1,,,
,,,,,,,,809,4,2469,,,,,,,0.522059123324148,,,,,,,,,,,,4,,,,,,,,,,boyaroundtrees,,,,2457,,c1,,,
,,,,,,,,52,4,494,,,,,,,0.701293242545966,,,,,,,,,,,,4,,,,,,,,,,boyatdoorturnright,,,,493,,c1,,,
,,,,,,,,21,1,751,,,,,,,0.7560175741481819,,,,,,,,,,,,1,,,,,,,,,,boydownplatform,,,,750,,c1,,,
,,,,,,,,0,0,285,,,,,,,0.8539434764005912,,,,,,,,,,,,0,,,,,,,,,,boyfromdark,,,,283,,c1,,,
,,,,,,,,6,1,319,,,,,,,0.7819544519169708,,,,,,,,,,,,1,,,,,,,,,,boyinlight,,,,318,,c1,,,
,,,,,,,,29,1,975,,,,,,,0.7001741612098685,,,,,,,,,,,,1,,,,,,,,,,boyinplatform,,,,974,,c1,,,
,,,,,,,,13,1,1418,,,,,,,0.8424816667147866,,,,,,,,,,,,1,,,,,,,,,,boyinsnowfield3,,,,1417,,c1,,,
,,,,,,,,134,3,426,,,,,,,0.5097908843267703,,,,,,,,,,,,2,,,,,,,,,,boyleftblkrunning2crowd,,,,425,,c1,,,
,,,,,,,,156,3,4921,,,,,,,0.8227787754366258,,,,,,,,,,,,2,,,,,,,,,,boylefttheNo_9boy,,,,4919,,c1,,,
,,,,,,,,0,0,310,,,,,,,0.7400018261122031,,,,,,,,,,,,0,,,,,,,,,,boyoncall,,,,308,,c1,,,
,,,,,,,,21,2,436,,,,,,,0.7570744774942562,,,,,,,,,,,,2,,,,,,,,,,boyplayphone,,,,434,,c1,,,
,,,,,,,,817,7,1840,,,,,,,0.3211729155040307,,,,,,,,,,,,6,,,,,,,,,,boyride2path,,,,1837,,c1,,,
,,,,,,,,0,0,182,,,,,,,0.9236340061045796,,,,,,,,,,,,0,,,,,,,,,,boyruninsnow,,,,181,,c1,,,
,,,,,,,,30,2,464,,,,,,,0.6922389905525365,,,,,,,,,,,,2,,,,,,,,,,boyscomeleft,,,,463,,c1,,,
,,,,,,,,52,1,9684,,,,,,,0.7412788528756876,,,,,,,,,,,,1,,,,,,,,,,boyshead9684,,,,9683,,c1,,,
,,,,,,,,52,6,375,,,,,,,0.5489279181455416,,,,,,,,,,,,5,,,,,,,,,,boyss,,,,374,,c1,,,
,,,,,,,,533,7,1432,,,,,,,0.4889495102897764,,,,,,,,,,,,6,,,,,,,,,,boytakingbasketballfollowing,,,,1431,,c1,,,
,,,,,,,,0,0,262,,,,,,,0.7457774368968318,,,,,,,,,,,,0,,,,,,,,,,boytakingplate2left,,,,259,,c1,,,
,,,,,,,,499,2,613,,,,,,,0.14544577778767065,,,,,,,,,,,,1,,,,,,,,,,boyunder2baskets,,,,612,,c1,,,
,,,,,,,,0,0,965,,,,,,,0.7866281328594529,,,,,,,,,,,,0,,,,,,,,,,boywaitgirl,,,,964,,c1,,,
,,,,,,,,0,0,658,,,,,,,0.8679176411248147,,,,,,,,,,,,0,,,,,,,,,,boywalkinginsnow2,,,,657,,c1,,,
,,,,,,,,593,38,9538,,,,,,,0.6571897320027222,,,,,,,,,,,,38,,,,,,,,,,broom,,,,9531,,c1,,,
,,,,,,,,0,0,114,,,,,,,0.705699662394616,,,,,,,,,,,,0,,,,,,,,,,carbehindtrees,,,,113,,c1,,,
,,,,,,,,0,0,101,,,,,,,0.8631662201358956,,,,,,,,,,,,0,,,,,,,,,,carcomeonlight,,,,100,,c1,,,
,,,,,,,,216,3,391,,,,,,,0.31705706255921373,,,,,,,,,,,,2,,,,,,,,,,carcomingfromlight,,,,390,,c1,,,
,,,,,,,,0,0,155,,,,,,,0.7672277411695447,,,,,,,,,,,,0,,,,,,,,,,carcominginlight,,,,154,,c1,,,
,,,,,,,,0,0,70,,,,,,,0.8146335010032804,,,,,,,,,,,,0,,,,,,,,,,carlight2,,,,69,,c1,,,
,,,,,,,,0,0,93,,,,,,,0.8532036025867337,,,,,,,,,,,,0,,,,,,,,,,carlightcome2,,,,92,,c1,,,
,,,,,,,,0,0,86,,,,,,,0.7791630034346094,,,,,,,,,,,,0,,,,,,,,,,caronlight,,,,85,,c1,,,
,,,,,,,,0,0,117,,,,,,,0.889295126997532,,,,,,,,,,,,0,,,,,,,,,,carturn117,,,,116,,c1,,,
,,,,,,,,231,2,481,,,,,,,0.36780581173543225,,,,,,,,,,,,1,,,,,,,,,,carwillturn,,,,480,,c1,,,
,,,,,,,,0,0,91,,,,,,,0.8827460787408563,,,,,,,,,,,,0,,,,,,,,,,catbrown2,,,,90,,c1,,,
,,,,,,,,297,1,1343,,,,,,,0.6677930114214492,,,,,,,,,,,,1,,,,,,,,,,catbrownback2bush,,,,1342,,c1,,,
,,,,,,,,3,0,101,,,,,,,0.6586630953116521,,,,,,,,,,,,0,,,,,,,,,,couple,,,,100,,c1,,,
,,,,,,,,0,0,84,,,,,,,0.9334216573317238,,,,,,,,,,,,0,,,,,,,,,,darkcarturn,,,,83,,c1,,,
,,,,,,,,0,0,613,,,,,,,0.8173989907965725,,,,,,,,,,,,0,,,,,,,,,,darkgirl,,,,612,,c1,,,
,,,,,,,,89,8,749,,,,,,,0.5512910727690454,,,,,,,,,,,,8,,,,,,,,,,darkouterwhiteboy,,,,748,,c1,,,
,,,,,,,,30,1,503,,,,,,,0.7093243943312901,,,,,,,,,,,,1,,,,,,,,,,darktreesboy,,,,502,,c1,,,
,,,,,,,,576,1,1117,,,,,,,0.395898686431677,,,,,,,,,,,,0,,,,,,,,,,drillmaster1117,,,,1116,,c1,,,
,,,,,,,,518,1,982,,,,,,,0.3633653315385945,,,,,,,,,,,,1,,,,,,,,,,drillmasterfollowingatright,,,,981,,c1,,,
,,,,,,,,30,1,254,,,,,,,0.5977217871363001,,,,,,,,,,,,1,,,,,,,,,,farfatboy,,,,253,,c1,,,
,,,,,,,,585,5,1160,,,,,,,0.3024720089580614,,,,,,,,,,,,4,,,,,,,,,,firstexercisebook,,,,1159,,c1,,,
,,,,,,,,27,2,193,,,,,,,0.5140896822868417,,,,,,,,,,,,2,,,,,,,,,,foamatgirl`srighthand,,,,192,,c1,,,
,,,,,,,,212,9,1146,,,,,,,0.6049779936261284,,,,,,,,,,,,9,,,,,,,,,,foldedfolderatlefthand,,,,1145,,c1,,,
,,,,,,,,0,0,151,,,,,,,0.6392091834235849,,,,,,,,,,,,0,,,,,,,,,,girl2left3man1,,,,150,,c1,,,
,,,,,,,,465,1,571,,,,,,,0.10911848399661785,,,,,,,,,,,,0,,,,,,,,,,girl`sblkbag,,,,570,,c1,,,
,,,,,,,,0,0,1130,,,,,,,0.8891242378926612,,,,,,,,,,,,0,,,,,,,,,,girlafterglassdoor,,,,1129,,c1,,,
,,,,,,,,279,3,1217,,,,,,,0.4773689584430596,,,,,,,,,,,,3,,,,,,,,,,girldownstairfromlight,,,,1216,,c1,,,
,,,,,,,,8,1,1033,,,,,,,0.8353714955991604,,,,,,,,,,,,1,,,,,,,,,,girlfromlight_quezhen,,,,1032,,c1,,,
,,,,,,,,0,0,312,,,,,,,0.8465109528281854,,,,,,,,,,,,0,,,,,,,,,,girlinrain,,,,311,,c1,,,
,,,,,,,,40,6,304,,,,,,,0.63954269823629,,,,,,,,,,,,6,,,,,,,,,,girllongskirt,,,,303,,c1,,,
,,,,,,,,475,10,986,,,,,,,0.3703368237203789,,,,,,,,,,,,9,,,,,,,,,,girlof2leaders,,,,985,,c1,,,
,,,,,,,,74,2,308,,,,,,,0.5798215520439758,,,,,,,,,,,,2,,,,,,,,,,girlrightthewautress,,,,307,,c1,,,
,,,,,,,,0,0,2858,,,,,,,0.7304171629268836,,,,,,,,,,,,0,,,,,,,,,,girlunderthestreetlamp,,,,2857,,c1,,,
,,,,,,,,39,1,282,,,,,,,0.6701741132660607,,,,,,,,,,,,1,,,,,,,,,,guardunderthecolumn,,,,281,,c1,,,
,,,,,,,,0,0,542,,,,,,,0.8196362042558805,,,,,,,,,,,,0,,,,,,,,,,hugboy,,,,541,,c1,,,
,,,,,,,,2633,29,4317,,,,,,,0.2458731365202225,,,,,,,,,,,,28,,,,,,,,,,hyalinepaperfrontface,,,,4316,,c1,,,
,,,,,,,,177,6,1475,,,,,,,0.7097809473020705,,,,,,,,,,,,6,,,,,,,,,,large,,,,1474,,c1,,,
,,,,,,,,1017,2,1116,,,,,,,0.06490540733618218,,,,,,,,,,,,1,,,,,,,,,,lastleftgirl,,,,1115,,c1,,,
,,,,,,,,581,14,3650,,,,,,,0.6682533519672886,,,,,,,,,,,,13,,,,,,,,,,leftblkTboy,,,,3439,,c1,,,
,,,,,,,,1740,35,3991,,,,,,,0.28659355322601043,,,,,,,,,,,,34,,,,,,,,,,leftbottle2hang,,,,3990,,c1,,,
,,,,,,,,145,7,1244,,,,,,,0.5810733802626471,,,,,,,,,,,,6,,,,,,,,,,leftboy2jointhe4,,,,1243,,c1,,,
,,,,,,,,199,1,744,,,,,,,0.5673632546827678,,,,,,,,,,,,1,,,,,,,,,,leftboyoutofthetroop,,,,743,,c1,,,
,,,,,,,,310,4,1400,,,,,,,0.6012261017690298,,,,,,,,,,,,4,,,,,,,,,,leftchair,,,,1399,,c1,,,
,,,,,,,,44,3,566,,,,,,,0.5831285914470077,,,,,,,,,,,,2,,,,,,,,,,lefterbike,,,,565,,c1,,,
,,,,,,,,184,4,1102,,,,,,,0.5089840299804348,,,,,,,,,,,,4,,,,,,,,,,leftexcersicebookyellow,,,,1101,,c1,,,
,,,,,,,,4,1,903,,,,,,,0.707891089001164,,,,,,,,,,,,1,,,,,,,,,,leftfarboycomingpicktheball,,,,902,,c1,,,
,,,,,,,,56,2,251,,,,,,,0.5889755751235609,,,,,,,,,,,,1,,,,,,,,,,leftgirl'swhitebag,,,,249,,c1,,,
,,,,,,,,495,18,1905,,,,,,,0.4928148476098429,,,,,,,,,,,,18,,,,,,,,,,lefthyalinepaper2rgb,,,,1904,,c1,,,
,,,,,,,,406,12,1802,,,,,,,0.5775132314476924,,,,,,,,,,,,12,,,,,,,,,,lefthyalinepaperfrontpants,,,,1801,,c1,,,
,,,,,,,,313,23,1879,,,,,,,0.6897501782623292,,,,,,,,,,,,23,,,,,,,,,,leftmirror,,,,1878,,c1,,,
,,,,,,,,482,14,2265,,,,,,,0.5400147363179326,,,,,,,,,,,,14,,,,,,,,,,leftmirrorlikesky,,,,2264,,c1,,,
,,,,,,,,627,11,1732,,,,,,,0.4563892527323123,,,,,,,,,,,,10,,,,,,,,,,leftmirrorside,,,,1731,,c1,,,
,,,,,,,,14,1,170,,,,,,,0.4856537741326572,,,,,,,,,,,,0,,,,,,,,,,leftopenexersicebook,,,,167,,c1,,,
,,,,,,,,58,1,66,,,,,,,0.07018994305803021,,,,,,,,,,,,0,,,,,,,,,,leftpingpongball,,,,65,,c1,,,
,,,,,,,,13,1,148,,,,,,,0.7280061958550318,,,,,,,,,,,,1,,,,,,,,,,leftrushingboy,,,,147,,c1,,,
,,,,,,,,732,3,986,,,,,,,0.1928817400607492,,,,,,,,,,,,2,,,,,,,,,,leftunderbasket,,,,985,,c1,,,
,,,,,,,,141,2,1981,,,,,,,0.7322626528017486,,,,,,,,,,,,2,,,,,,,,,,leftuphand,,,,1980,,c1,,,
,,,,,,,,0,0,1676,,,,,,,0.774116463349309,,,,,,,,,,,,0,,,,,,,,,,littelbabycryingforahug,,,,1675,,c1,,,
,,,,,,,,3,1,33,,,,,,,0.722722096444076,,,,,,,,,,,,1,,,,,,,,,,lowerfoamboard,,,,31,,c1,,,
,,,,,,,,16,1,1096,,,,,,,0.8184705567030026,,,,,,,,,,,,0,,,,,,,,,,mandownstair,,,,1095,,c1,,,
,,,,,,,,0,0,408,,,,,,,0.8357644205256448,,,,,,,,,,,,0,,,,,,,,,,manfromtoilet,,,,407,,c1,,,
,,,,,,,,40,1,254,,,,,,,0.6508410123326152,,,,,,,,,,,,1,,,,,,,,,,mangetsoff,,,,253,,c1,,,
,,,,,,,,93,3,521,,,,,,,0.6309487976038368,,,,,,,,,,,,3,,,,,,,,,,manoncall,,,,520,,c1,,,
,,,,,,,,12,1,273,,,,,,,0.8048446681363224,,,,,,,,,,,,1,,,,,,,,,,mansimiliar,,,,272,,c1,,,
,,,,,,,,0,0,123,,,,,,,0.8203055185411965,,,,,,,,,,,,0,,,,,,,,,,mantostartcar,,,,122,,c1,,,
,,,,,,,,0,0,353,,,,,,,0.7944867737183369,,,,,,,,,,,,0,,,,,,,,,,midblkgirl,,,,352,,c1,,,
,,,,,,,,1237,18,7258,,,,,,,0.6576795802962291,,,,,,,,,,,,18,,,,,,,,,,midboyNo_9,,,,7257,,c1,,,
,,,,,,,,182,2,664,,,,,,,0.563797753504457,,,,,,,,,,,,1,,,,,,,,,,middrillmaster,,,,663,,c1,,,
,,,,,,,,737,12,3226,,,,,,,0.540845019501084,,,,,,,,,,,,11,,,,,,,,,,midgreyboyrunningcoming,,,,3225,,c1,,,
,,,,,,,,85,1,439,,,,,,,0.6237758460248989,,,,,,,,,,,,0,,,,,,,,,,midof3girls,,,,438,,c1,,,
,,,,,,,,2180,17,7309,,,,,,,0.5549400473056084,,,,,,,,,,,,17,,,,,,,,,,midredboy,,,,7293,,c1,,,
,,,,,,,,202,2,442,,,,,,,0.3769836283096607,,,,,,,,,,,,1,,,,,,,,,,midrunboywithwhite,,,,441,,c1,,,
,,,,,,,,0,0,78,,,,,,,0.8576693878996806,,,,,,,,,,,,0,,,,,,,,,,minibus,,,,77,,c1,,,
,,,,,,,,37,1,214,,,,,,,0.668696007568529,,,,,,,,,,,,0,,,,,,,,,,minibusgoes2left,,,,213,,c1,,,
,,,,,,,,0,0,254,,,,,,,0.8696196502099396,,,,,,,,,,,,0,,,,,,,,,,moto,,,,253,,c1,,,
,,,,,,,,0,0,84,,,,,,,0.7480230496362282,,,,,,,,,,,,0,,,,,,,,,,motocomeonlight,,,,83,,c1,,,
,,,,,,,,0,0,127,,,,,,,0.8074402079080787,,,,,,,,,,,,0,,,,,,,,,,motogoesaloongS,,,,126,,c1,,,
,,,,,,,,40,2,306,,,,,,,0.5594636621414688,,,,,,,,,,,,1,,,,,,,,,,mototaking2boys306,,,,305,,c1,,,
,,,,,,,,0,0,122,,,,,,,0.8284147529915059,,,,,,,,,,,,0,,,,,,,,,,mototurneast,,,,121,,c1,,,
,,,,,,,,0,0,95,,,,,,,0.7768461473348535,,,,,,,,,,,,0,,,,,,,,,,motowithbluetop,,,,94,,c1,,,
,,,,,,,,12,2,808,,,,,,,0.8182694530290846,,,,,,,,,,,,2,,,,,,,,,,pingpingpad3,,,,807,,c1,,,
,,,,,,,,198,7,1270,,,,,,,0.6615268404317828,,,,,,,,,,,,6,,,,,,,,,,pinkwithblktopcup,,,,1269,,c1,,,
,,,,,,,,0,0,334,,,,,,,0.835710496603667,,,,,,,,,,,,0,,,,,,,,,,raincarturn,,,,333,,c1,,,
,,,,,,,,0,0,157,,,,,,,0.8405659303588897,,,,,,,,,,,,0,,,,,,,,,,rainycarcome_ab,,,,156,,c1,,,
,,,,,,,,5,1,150,,,,,,,0.7348941221583654,,,,,,,,,,,,1,,,,,,,,,,redboygoright,,,,149,,c1,,,
,,,,,,,,0,0,262,,,,,,,0.8690508531617742,,,,,,,,,,,,0,,,,,,,,,,redcarcominginlight,,,,261,,c1,,,
,,,,,,,,0,0,104,,,,,,,0.7037199871774822,,,,,,,,,,,,0,,,,,,,,,,redetricycle,,,,103,,c1,,,
,,,,,,,,11,1,662,,,,,,,0.6937085461584012,,,,,,,,,,,,1,,,,,,,,,,redmidboy,,,,661,,c1,,,
,,,,,,,,267,8,730,,,,,,,0.5223195746500928,,,,,,,,,,,,7,,,,,,,,,,redroadlatboy,,,,729,,c1,,,
,,,,,,,,0,0,168,,,,,,,0.6902416920861179,,,,,,,,,,,,0,,,,,,,,,,redtricycle,,,,167,,c1,,,
,,,,,,,,1045,7,1750,,,,,,,0.28615190243791017,,,,,,,,,,,,6,,,,,,,,,,right2ndflagformath,,,,1749,,c1,,,
,,,,,,,,416,7,1916,,,,,,,0.5517012133075846,,,,,,,,,,,,7,,,,,,,,,,right5thflag,,,,1898,,c1,,,
,,,,,,,,7,1,225,,,,,,,0.7678989470750404,,,,,,,,,,,,1,,,,,,,,,,rightbike,,,,224,,c1,,,
,,,,,,,,0,0,416,,,,,,,0.746579276675696,,,,,,,,,,,,0,,,,,,,,,,rightbike-gai,,,,415,,c1,,,
,,,,,,,,889,7,4386,,,,,,,0.6560817947208588,,,,,,,,,,,,7,,,,,,,,,,rightblkboy4386,,,,4385,,c1,,,
,,,,,,,,0,0,279,,,,,,,0.7565872673538417,,,,,,,,,,,,0,,,,,,,,,,rightblkboystand,,,,277,,c1,,,
,,,,,,,,0,0,386,,,,,,,0.79640901458569,,,,,,,,,,,,0,,,,,,,,,,rightblkfatboyleftwhite,,,,385,,c1,,,
,,,,,,,,0,0,353,,,,,,,0.6927898808460778,,,,,,,,,,,,0,,,,,,,,,,rightbluewhite,,,,352,,c1,,,
,,,,,,,,599,24,1388,,,,,,,0.3225708455740591,,,,,,,,,,,,23,,,,,,,,,,rightbottlecomes,,,,1387,,c1,,,
,,,,,,,,5,1,504,,,,,,,0.7561045276983155,,,,,,,,,,,,1,,,,,,,,,,rightboy504,,,,503,,c1,,,
,,,,,,,,424,1,1050,,,,,,,0.4937757247828447,,,,,,,,,,,,0,,,,,,,,,,rightcameraman,,,,1049,,c1,,,
,,,,,,,,440,2,561,,,,,,,0.12397531310570838,,,,,,,,,,,,1,,,,,,,,,,rightcar-chongT,,,,560,,c1,,,
,,,,,,,,348,2,604,,,,,,,0.32042736569295777,,,,,,,,,,,,1,,,,,,,,,,rightcomingstrongboy,,,,603,,c1,,,
,,,,,,,,106,3,1133,,,,,,,0.6484323636542966,,,,,,,,,,,,2,,,,,,,,,,rightdarksingleman,,,,1132,,c1,,,
,,,,,,,,606,3,668,,,,,,,0.06518180622943802,,,,,,,,,,,,2,,,,,,,,,,rightgirltakingcup,,,,667,,c1,,,
,,,,,,,,46,2,308,,,,,,,0.6239673993884273,,,,,,,,,,,,2,,,,,,,,,,rightwaiter1_quezhen,,,,307,,c1,,,
,,,,,,,,204,3,386,,,,,,,0.3503056752187848,,,,,,,,,,,,2,,,,,,,,,,runningcameragirl,,,,385,,c1,,,
,,,,,,,,296,3,832,,,,,,,0.3255445002203414,,,,,,,,,,,,2,,,,,,,,,,shinybikeboy2left,,,,831,,c1,,,
,,,,,,,,41,1,359,,,,,,,0.6192914715872597,,,,,,,,,,,,0,,,,,,,,,,shinycarcoming,,,,358,,c1,,,
,,,,,,,,49,2,602,,,,,,,0.6337542111896161,,,,,,,,,,,,1,,,,,,,,,,shinycarcoming2,,,,601,,c1,,,
,,,,,,,,0,0,201,,,,,,,0.9320136892184558,,,,,,,,,,,,0,,,,,,,,,,silvercarturn,,,,200,,c1,,,
,,,,,,,,8,1,662,,,,,,,0.8267744557447286,,,,,,,,,,,,1,,,,,,,,,,small-gai,,,,661,,c1,,,
,,,,,,,,0,0,683,,,,,,,0.8292439425863936,,,,,,,,,,,,0,,,,,,,,,,standblkboy,,,,682,,c1,,,
,,,,,,,,0,0,664,,,,,,,0.7523879881364323,,,,,,,,,,,,0,,,,,,,,,,swan_0109,,,,663,,c1,,,
,,,,,,,,2,0,152,,,,,,,0.5933679078490184,,,,,,,,,,,,0,,,,,,,,,,truckgonorth,,,,151,,c1,,,
,,,,,,,,299,25,1171,,,,,,,0.5572153021022184,,,,,,,,,,,,24,,,,,,,,,,turning1strowleft2ndboy,,,,1170,,c1,,,
,,,,,,,,0,0,192,,,,,,,0.8713380098433158,,,,,,,,,,,,0,,,,,,,,,,umbreboyoncall,,,,191,,c1,,,
,,,,,,,,83,4,319,,,,,,,0.5260351897105878,,,,,,,,,,,,4,,,,,,,,,,umbrella,,,,318,,c1,,,
,,,,,,,,4,0,475,,,,,,,0.7538129833065392,,,,,,,,,,,,0,,,,,,,,,,umbrellabyboy,,,,474,,c1,,,
,,,,,,,,49,2,566,,,,,,,0.6638597216641733,,,,,,,,,,,,2,,,,,,,,,,umbrellawillbefold,,,,565,,c1,,,
,,,,,,,,11,1,490,,,,,,,0.7987223811681441,,,,,,,,,,,,1,,,,,,,,,,umbrellawillopen,,,,489,,c1,,,
,,,,,,,,0,0,680,,,,,,,0.7778174889466202,,,,,,,,,,,,0,,,,,,,,,,waitresscoming,,,,679,,c1,,,
,,,,,,,,48,2,566,,,,,,,0.6484070629721039,,,,,,,,,,,,1,,,,,,,,,,whitebikebelow,,,,565,,c1,,,
,,,,,,,,7,1,691,,,,,,,0.823064531892121,,,,,,,,,,,,1,,,,,,,,,,whiteboyrightcoccergoal,,,,690,,c1,,,
,,,,,,,,0,0,84,,,,,,,0.8894820999030274,,,,,,,,,,,,0,,,,,,,,,,whitecarcomeinrain,,,,83,,c1,,,
,,,,,,,,155,2,683,,,,,,,0.6573793124834004,,,,,,,,,,,,2,,,,,,,,,,whitecarturn683,,,,682,,c1,,,
,,,,,,,,0,0,57,,,,,,,0.8752487982167694,,,,,,,,,,,,0,,,,,,,,,,whitecarturnleft,,,,56,,c1,,,
,,,,,,,,0,0,103,,,,,,,0.7806736250034533,,,,,,,,,,,,0,,,,,,,,,,whitecarturnright,,,,102,,c1,,,
,,,,,,,,4,1,67,,,,,,,0.6730675190979168,,,,,,,,,,,,0,,,,,,,,,,whitefardown,,,,66,,c1,,,
,,,,,,,,18,2,155,,,,,,,0.6056634074735737,,,,,,,,,,,,1,,,,,,,,,,whitefargirl,,,,154,,c1,,,
,,,,,,,,11,1,589,,,,,,,0.7692732128613594,,,,,,,,,,,,1,,,,,,,,,,whitegirlinlight,,,,588,,c1,,,
,,,,,,,,369,1,549,,,,,,,0.23147718103810852,,,,,,,,,,,,0,,,,,,,,,,whitegirltakingchopsticks,,,,548,,c1,,,
,,,,,,,,46,4,203,,,,,,,0.6211505816745172,,,,,,,,,,,,4,,,,,,,,,,whiteofboys,,,,202,,c1,,,
,,,,,,,,343,1,425,,,,,,,0.1555260656197015,,,,,,,,,,,,0,,,,,,,,,,whiteridingbike,,,,424,,c1,,,
,,,,,,,,42,3,346,,,,,,,0.712800089726801,,,,,,,,,,,,2,,,,,,,,,,whiterunningboy,,,,345,,c1,,,
,,,,,,,,233,10,818,,,,,,,0.5439392663269568,,,,,,,,,,,,9,,,,,,,,,,whiteskirtgirlcomingfromgoal,,,,817,,c1,,,
,,,,,,,,0,0,137,,,,,,,0.8759422238857344,,,,,,,,,,,,0,,,,,,,,,,whitesuvturn,,,,136,,c1,,,
,,,,,,,,0,0,95,,,,,,,0.8207127946848252,,,,,,,,,,,,0,,,,,,,,,,womanback2car,,,,94,,c1,,,
,,,,,,,,28,1,118,,,,,,,0.4845299321834225,,,,,,,,,,,,0,,,,,,,,,,yellowgirl118,,,,117,,c1,,,
,,,,,,,,0,0,361,,,,,,,0.8321726337676107,,,,,,,,,,,,0,,,,,,,,,,yellowskirt,,,,360,,c1,,,
,,,,,,,,0,0,304,,,,,,,0.81183270252665,,,,,,,,,,,,0,,,,,,,,,,10runone,,,,303,,old4,,,
,,,,,,,,18,1,152,,,,,,,0.7476596712094363,,,,,,,,,,,,1,,,,,,,,,,11leftboy,,,,151,,old4,,,
,,,,,,,,3,1,295,,,,,,,0.790965565935429,,,,,,,,,,,,0,,,,,,,,,,11runtwo,,,,294,,old4,,,
,,,,,,,,0,0,851,,,,,,,0.8423212791833219,,,,,,,,,,,,0,,,,,,,,,,1blackteacher,,,,850,,old4,,,
,,,,,,,,0,0,174,,,,,,,0.7875375112062143,,,,,,,,,,,,0,,,,,,,,,,1boycoming,,,,173,,old4,,,
,,,,,,,,2995,6,3377,,,,,,,0.06130505925727267,,,,,,,,,,,,5,,,,,,,,,,1stcol4thboy,,,,3376,,old4,,,
,,,,,,,,699,1,732,,,,,,,0.03593739961449364,,,,,,,,,,,,0,,,,,,,,,,1strowleftboyturning,,,,731,,old4,,,
,,,,,,,,224,3,3817,,,,,,,0.6315654539346777,,,,,,,,,,,,2,,,,,,,,,,1strowrightdrillmaster,,,,3816,,old4,,,
,,,,,,,,1538,39,3540,,,,,,,0.3982180444772536,,,,,,,,,,,,38,,,,,,,,,,1strowrightgirl3540,,,,3539,,old4,,,
,,,,,,,,2,0,222,,,,,,,0.758098524485867,,,,,,,,,,,,0,,,,,,,,,,2girl,,,,221,,old4,,,
,,,,,,,,215,1,238,,,,,,,0.059674865136442504,,,,,,,,,,,,0,,,,,,,,,,2girlup,,,,236,,old4,,,
,,,,,,,,0,0,270,,,,,,,0.8197828281715794,,,,,,,,,,,,0,,,,,,,,,,2runseven,,,,269,,old4,,,
,,,,,,,,0,0,117,,,,,,,0.7192057728125567,,,,,,,,,,,,0,,,,,,,,,,3bike1,,,,116,,old4,,,
,,,,,,,,0,0,181,,,,,,,0.7701829655591593,,,,,,,,,,,,0,,,,,,,,,,3men,,,,180,,old4,,,
,,,,,,,,1,0,234,,,,,,,0.7966951355586509,,,,,,,,,,,,0,,,,,,,,,,3pinkleft,,,,227,,old4,,,
,,,,,,,,4,1,331,,,,,,,0.8065126681173338,,,,,,,,,,,,1,,,,,,,,,,3rdfatboy,,,,330,,old4,,,
,,,,,,,,223,3,832,,,,,,,0.5195896937361328,,,,,,,,,,,,2,,,,,,,,,,3rdgrouplastboy,,,,831,,old4,,,
,,,,,,,,0,0,104,,,,,,,0.8299086679761785,,,,,,,,,,,,0,,,,,,,,,,3thmoto,,,,103,,old4,,,
,,,,,,,,0,0,414,,,,,,,0.7520635423973959,,,,,,,,,,,,0,,,,,,,,,,4men,,,,413,,old4,,,
,,,,,,,,57,4,315,,,,,,,0.6854504135923347,,,,,,,,,,,,4,,,,,,,,,,4thboywithwhite,,,,314,,old4,,,
,,,,,,,,269,2,487,,,,,,,0.3569840004789563,,,,,,,,,,,,1,,,,,,,,,,7rightorangegirl,,,,486,,old4,,,
,,,,,,,,87,1,372,,,,,,,0.519810160705496,,,,,,,,,,,,1,,,,,,,,,,AQgirlwalkinrain,,,,371,,old4,,,
,,,,,,,,0,0,95,,,,,,,0.8377875832504317,,,,,,,,,,,,0,,,,,,,,,,AQtruck2north,,,,94,,old4,,,
,,,,,,,,5,1,353,,,,,,,0.8288186920121337,,,,,,,,,,,,1,,,,,,,,,,ab_bikeoccluded,,,,312,,old4,,,
,,,,,,,,111,1,488,,,,,,,0.6333292654489641,,,,,,,,,,,,1,,,,,,,,,,ab_blkskirtgirl,,,,487,,old4,,,
,,,,,,,,334,17,3247,,,,,,,0.5925471766856137,,,,,,,,,,,,17,,,,,,,,,,ab_bolstershaking,,,,3246,,old4,,,
,,,,,,,,0,0,696,,,,,,,0.7827914914527204,,,,,,,,,,,,0,,,,,,,,,,ab_girlchoosesbike,,,,695,,old4,,,
,,,,,,,,31,2,388,,,,,,,0.7075068393839526,,,,,,,,,,,,2,,,,,,,,,,ab_girlcrossroad,,,,355,,old4,,,
,,,,,,,,176,1,194,,,,,,,0.051531634301580045,,,,,,,,,,,,0,,,,,,,,,,ab_pingpongball2,,,,193,,old4,,,
,,,,,,,,788,20,1806,,,,,,,0.30876616035304943,,,,,,,,,,,,20,,,,,,,,,,ab_rightlowerredcup_quezhen,,,,1805,,old4,,,
,,,,,,,,322,2,518,,,,,,,0.28138963783241644,,,,,,,,,,,,1,,,,,,,,,,ab_whiteboywithbluebag,,,,507,,old4,,,
,,,,,,,,153,9,1411,,,,,,,0.7209167589117929,,,,,,,,,,,,9,,,,,,,,,,advancedredcup,,,,1410,,old4,,,
,,,,,,,,0,0,111,,,,,,,0.7171091818400142,,,,,,,,,,,,0,,,,,,,,,,baggirl,,,,110,,old4,,,
,,,,,,,,260,13,1505,,,,,,,0.5591936908981767,,,,,,,,,,,,12,,,,,,,,,,ballshootatthebasket3times,,,,1489,,old4,,,
,,,,,,,,469,11,849,,,,,,,0.2408210072600042,,,,,,,,,,,,11,,,,,,,,,,basketball849,,,,743,,old4,,,
,,,,,,,,33,2,64,,,,,,,0.2805038261371586,,,,,,,,,,,,1,,,,,,,,,,basketballathand,,,,63,,old4,,,
,,,,,,,,0,0,85,,,,,,,0.6782983437330263,,,,,,,,,,,,0,,,,,,,,,,basketboy,,,,84,,old4,,,
,,,,,,,,0,0,280,,,,,,,0.8035534503219441,,,,,,,,,,,,0,,,,,,,,,,bawgirl,,,,279,,old4,,,
,,,,,,,,1,0,199,,,,,,,0.7402450750783335,,,,,,,,,,,,0,,,,,,,,,,belowdarkgirl,,,,198,,old4,,,
,,,,,,,,22,1,1223,,,,,,,0.6799818342331039,,,,,,,,,,,,1,,,,,,,,,,besom3,,,,1222,,old4,,,
,,,,,,,,1,0,651,,,,,,,0.8231917827977496,,,,,,,,,,,,0,,,,,,,,,,bike,,,,650,,old4,,,
,,,,,,,,6,1,257,,,,,,,0.8174098435068036,,,,,,,,,,,,1,,,,,,,,,,bike2left,,,,256,,old4,,,
,,,,,,,,3,0,146,,,,,,,0.7236787592296247,,,,,,,,,,,,0,,,,,,,,,,bike2trees,,,,145,,old4,,,
,,,,,,,,0,0,113,,,,,,,0.8100092467398403,,,,,,,,,,,,0,,,,,,,,,,bikeboy,,,,112,,old4,,,
,,,,,,,,572,2,826,,,,,,,0.21555588320662417,,,,,,,,,,,,1,,,,,,,,,,bikeboyintodark,,,,825,,old4,,,
,,,,,,,,0,0,467,,,,,,,0.7102572028132751,,,,,,,,,,,,0,,,,,,,,,,bikeboyright,,,,466,,old4,,,
,,,,,,,,0,0,155,,,,,,,0.6019363649819991,,,,,,,,,,,,0,,,,,,,,,,bikeboyturn,,,,154,,old4,,,
,,,,,,,,0,0,243,,,,,,,0.9256960332072024,,,,,,,,,,,,0,,,,,,,,,,bikeboyturntimes,,,,242,,old4,,,
,,,,,,,,0,0,220,,,,,,,0.8550736726369457,,,,,,,,,,,,0,,,,,,,,,,bikeboywithumbrella,,,,219,,old4,,,
,,,,,,,,0,0,172,,,,,,,0.7449194924735071,,,,,,,,,,,,0,,,,,,,,,,bikefromlight,,,,171,,old4,,,
,,,,,,,,132,2,284,,,,,,,0.3283838105731115,,,,,,,,,,,,1,,,,,,,,,,bikegoindark,,,,283,,old4,,,
,,,,,,,,0,0,140,,,,,,,0.7595582855933953,,,,,,,,,,,,0,,,,,,,,,,bikeinrain,,,,139,,old4,,,
,,,,,,,,118,1,131,,,,,,,0.05224076399922772,,,,,,,,,,,,0,,,,,,,,,,biketurnright,,,,130,,old4,,,
,,,,,,,,0,0,432,,,,,,,0.8666145152638963,,,,,,,,,,,,0,,,,,,,,,,blackboy,,,,431,,old4,,,
,,,,,,,,0,0,295,,,,,,,0.8897825978178677,,,,,,,,,,,,0,,,,,,,,,,blackboyoncall,,,,294,,old4,,,
,,,,,,,,0,0,126,,,,,,,0.7595815518696178,,,,,,,,,,,,0,,,,,,,,,,blackcarturn,,,,125,,old4,,,
,,,,,,,,1,0,62,,,,,,,0.7510337659407677,,,,,,,,,,,,0,,,,,,,,,,blackdown,,,,61,,old4,,,
,,,,,,,,1,0,217,,,,,,,0.7572893215704184,,,,,,,,,,,,0,,,,,,,,,,blackgirl,,,,216,,old4,,,
,,,,,,,,1098,28,12862,,,,,,,0.7119782681923883,,,,,,,,,,,,28,,,,,,,,,,blkboy`shead,,,,12861,,old4,,,
,,,,,,,,0,0,171,,,,,,,0.7808788505685929,,,,,,,,,,,,0,,,,,,,,,,blkboyback,,,,170,,old4,,,
,,,,,,,,11,2,302,,,,,,,0.723492665676114,,,,,,,,,,,,2,,,,,,,,,,blkboybetweenredandwhite,,,,301,,old4,,,
,,,,,,,,3,0,82,,,,,,,0.6987629028953828,,,,,,,,,,,,0,,,,,,,,,,blkboydown,,,,81,,old4,,,
,,,,,,,,348,3,556,,,,,,,0.2915467357351283,,,,,,,,,,,,2,,,,,,,,,,blkboyhead,,,,555,,old4,,,
,,,,,,,,2936,36,6983,,,,,,,0.41749299962236214,,,,,,,,,,,,35,,,,,,,,,,blkboylefttheNo_21,,,,6930,,old4,,,
,,,,,,,,810,3,1436,,,,,,,0.3440500064781099,,,,,,,,,,,,2,,,,,,,,,,blkboystand,,,,1435,,old4,,,
,,,,,,,,0,0,340,,,,,,,0.8644149916362858,,,,,,,,,,,,0,,,,,,,,,,blkboytakesumbrella,,,,339,,old4,,,
,,,,,,,,322,3,764,,,,,,,0.36977233105623764,,,,,,,,,,,,2,,,,,,,,,,blkcaratfrontbluebus,,,,763,,old4,,,
,,,,,,,,0,0,342,,,,,,,0.7470004556913004,,,,,,,,,,,,0,,,,,,,,,,blkgirlumbrella,,,,341,,old4,,,
,,,,,,,,59,4,564,,,,,,,0.648866951786882,,,,,,,,,,,,3,,,,,,,,,,blkhairgirltakingblkbag,,,,563,,old4,,,
,,,,,,,,17,1,187,,,,,,,0.7196088534769104,,,,,,,,,,,,1,,,,,,,,,,blkmoto2north,,,,186,,old4,,,
,,,,,,,,0,0,190,,,,,,,0.8153190860425681,,,,,,,,,,,,0,,,,,,,,,,blkstandboy,,,,189,,old4,,,
,,,,,,,,0,0,142,,,,,,,0.8585839382760446,,,,,,,,,,,,0,,,,,,,,,,blktribikecome,,,,141,,old4,,,
,,,,,,,,0,0,330,,,,,,,0.8404003318828225,,,,,,,,,,,,0,,,,,,,,,,blueboy,,,,329,,old4,,,
,,,,,,,,1,0,421,,,,,,,0.7790993938917665,,,,,,,,,,,,0,,,,,,,,,,blueboy421,,,,420,,old4,,,
,,,,,,,,0,0,1437,,,,,,,0.8646917223646983,,,,,,,,,,,,0,,,,,,,,,,bluebuscoming,,,,1436,,old4,,,
,,,,,,,,6,1,222,,,,,,,0.7698710559341722,,,,,,,,,,,,1,,,,,,,,,,bluegirlbiketurn,,,,221,,old4,,,
,,,,,,,,404,2,506,,,,,,,0.10464248428108873,,,,,,,,,,,,1,,,,,,,,,,bottlebetweenboy`sfeet,,,,505,,old4,,,
,,,,,,,,55,5,206,,,,,,,0.5329048521838058,,,,,,,,,,,,4,,,,,,,,,,boy2basketballground,,,,205,,old4,,,
,,,,,,,,90,4,1788,,,,,,,0.6789783920649689,,,,,,,,,,,,3,,,,,,,,,,boy2buildings,,,,1787,,old4,,,
,,,,,,,,1,0,203,,,,,,,0.8218828768952201,,,,,,,,,,,,0,,,,,,,,,,boy2trees,,,,202,,old4,,,
,,,,,,,,160,3,1083,,,,,,,0.5937684301319431,,,,,,,,,,,,3,,,,,,,,,,boy2treesfindbike,,,,1082,,old4,,,
,,,,,,,,331,7,851,,,,,,,0.43230084674931746,,,,,,,,,,,,6,,,,,,,,,,boy`headwithouthat,,,,850,,old4,,,
,,,,,,,,111,3,269,,,,,,,0.36315146659202985,,,,,,,,,,,,2,,,,,,,,,,boy`sheadingreycol,,,,268,,old4,,,
,,,,,,,,6,1,102,,,,,,,0.7617797442203578,,,,,,,,,,,,1,,,,,,,,,,boyaftertree,,,,101,,old4,,,
,,,,,,,,812,4,2469,,,,,,,0.5208884950771312,,,,,,,,,,,,4,,,,,,,,,,boyaroundtrees,,,,2457,,old4,,,
,,,,,,,,52,4,494,,,,,,,0.701293242545966,,,,,,,,,,,,4,,,,,,,,,,boyatdoorturnright,,,,493,,old4,,,
,,,,,,,,21,1,751,,,,,,,0.7560175741481819,,,,,,,,,,,,1,,,,,,,,,,boydownplatform,,,,750,,old4,,,
,,,,,,,,0,0,285,,,,,,,0.8256053016934563,,,,,,,,,,,,0,,,,,,,,,,boyfromdark,,,,283,,old4,,,
,,,,,,,,12,2,319,,,,,,,0.7735621280994743,,,,,,,,,,,,2,,,,,,,,,,boyinlight,,,,318,,old4,,,
,,,,,,,,31,2,975,,,,,,,0.6975014467204382,,,,,,,,,,,,2,,,,,,,,,,boyinplatform,,,,974,,old4,,,
,,,,,,,,13,1,1418,,,,,,,0.8424816667147866,,,,,,,,,,,,1,,,,,,,,,,boyinsnowfield3,,,,1417,,old4,,,
,,,,,,,,82,3,426,,,,,,,0.5972732100483781,,,,,,,,,,,,2,,,,,,,,,,boyleftblkrunning2crowd,,,,425,,old4,,,
,,,,,,,,156,3,4921,,,,,,,0.8227544613039557,,,,,,,,,,,,2,,,,,,,,,,boylefttheNo_9boy,,,,4919,,old4,,,
,,,,,,,,0,0,310,,,,,,,0.7400018261122031,,,,,,,,,,,,0,,,,,,,,,,boyoncall,,,,308,,old4,,,
,,,,,,,,14,3,436,,,,,,,0.7686850334051761,,,,,,,,,,,,3,,,,,,,,,,boyplayphone,,,,434,,old4,,,
,,,,,,,,800,7,1840,,,,,,,0.3248308840528272,,,,,,,,,,,,6,,,,,,,,,,boyride2path,,,,1837,,old4,,,
,,,,,,,,0,0,182,,,,,,,0.9236340061045796,,,,,,,,,,,,0,,,,,,,,,,boyruninsnow,,,,181,,old4,,,
,,,,,,,,30,2,464,,,,,,,0.6927414839657238,,,,,,,,,,,,2,,,,,,,,,,boyscomeleft,,,,463,,old4,,,
,,,,,,,,22,2,9684,,,,,,,0.7441836993202874,,,,,,,,,,,,2,,,,,,,,,,boyshead9684,,,,9683,,old4,,,
,,,,,,,,52,6,375,,,,,,,0.5489279181455416,,,,,,,,,,,,5,,,,,,,,,,boyss,,,,374,,old4,,,
,,,,,,,,531,5,1432,,,,,,,0.4862052390734928,,,,,,,,,,,,4,,,,,,,,,,boytakingbasketballfollowing,,,,1431,,old4,,,
,,,,,,,,0,0,262,,,,,,,0.7457774368968318,,,,,,,,,,,,0,,,,,,,,,,boytakingplate2left,,,,259,,old4,,,
,,,,,,,,499,2,613,,,,,,,0.14544577778767065,,,,,,,,,,,,1,,,,,,,,,,boyunder2baskets,,,,612,,old4,,,
,,,,,,,,0,0,965,,,,,,,0.7864792746668687,,,,,,,,,,,,0,,,,,,,,,,boywaitgirl,,,,964,,old4,,,
,,,,,,,,0,0,658,,,,,,,0.8679176411248147,,,,,,,,,,,,0,,,,,,,,,,boywalkinginsnow2,,,,657,,old4,,,
,,,,,,,,595,39,9538,,,,,,,0.6572798507229145,,,,,,,,,,,,39,,,,,,,,,,broom,,,,9531,,old4,,,
,,,,,,,,0,0,114,,,,,,,0.705699662394616,,,,,,,,,,,,0,,,,,,,,,,carbehindtrees,,,,113,,old4,,,
,,,,,,,,0,0,101,,,,,,,0.8631662201358956,,,,,,,,,,,,0,,,,,,,,,,carcomeonlight,,,,100,,old4,,,
,,,,,,,,242,2,391,,,,,,,0.2845688675793641,,,,,,,,,,,,1,,,,,,,,,,carcomingfromlight,,,,390,,old4,,,
,,,,,,,,0,0,155,,,,,,,0.7672277411695447,,,,,,,,,,,,0,,,,,,,,,,carcominginlight,,,,154,,old4,,,
,,,,,,,,0,0,70,,,,,,,0.8146335010032804,,,,,,,,,,,,0,,,,,,,,,,carlight2,,,,69,,old4,,,
,,,,,,,,0,0,93,,,,,,,0.8532036025867337,,,,,,,,,,,,0,,,,,,,,,,carlightcome2,,,,92,,old4,,,
,,,,,,,,0,0,86,,,,,,,0.7791630034346094,,,,,,,,,,,,0,,,,,,,,,,caronlight,,,,85,,old4,,,
,,,,,,,,0,0,117,,,,,,,0.889295126997532,,,,,,,,,,,,0,,,,,,,,,,carturn117,,,,116,,old4,,,
,,,,,,,,236,2,481,,,,,,,0.3689206430920617,,,,,,,,,,,,1,,,,,,,,,,carwillturn,,,,480,,old4,,,
,,,,,,,,0,0,91,,,,,,,0.8827460787408563,,,,,,,,,,,,0,,,,,,,,,,catbrown2,,,,90,,old4,,,
,,,,,,,,297,1,1343,,,,,,,0.6677930114214492,,,,,,,,,,,,1,,,,,,,,,,catbrownback2bush,,,,1342,,old4,,,
,,,,,,,,38,1,101,,,,,,,0.45165455384998326,,,,,,,,,,,,0,,,,,,,,,,couple,,,,100,,old4,,,
,,,,,,,,0,0,84,,,,,,,0.9334216573317238,,,,,,,,,,,,0,,,,,,,,,,darkcarturn,,,,83,,old4,,,
,,,,,,,,0,0,613,,,,,,,0.8164529542898423,,,,,,,,,,,,0,,,,,,,,,,darkgirl,,,,612,,old4,,,
,,,,,,,,89,8,749,,,,,,,0.5512910727690454,,,,,,,,,,,,8,,,,,,,,,,darkouterwhiteboy,,,,748,,old4,,,
,,,,,,,,30,1,503,,,,,,,0.7093243943312901,,,,,,,,,,,,1,,,,,,,,,,darktreesboy,,,,502,,old4,,,
,,,,,,,,576,1,1117,,,,,,,0.3956651593420382,,,,,,,,,,,,0,,,,,,,,,,drillmaster1117,,,,1116,,old4,,,
,,,,,,,,481,1,982,,,,,,,0.3875826879123541,,,,,,,,,,,,1,,,,,,,,,,drillmasterfollowingatright,,,,981,,old4,,,
,,,,,,,,30,1,254,,,,,,,0.5977217871363001,,,,,,,,,,,,1,,,,,,,,,,farfatboy,,,,253,,old4,,,
,,,,,,,,585,5,1160,,,,,,,0.3024720089580614,,,,,,,,,,,,4,,,,,,,,,,firstexercisebook,,,,1159,,old4,,,
,,,,,,,,27,2,193,,,,,,,0.5140896822868417,,,,,,,,,,,,2,,,,,,,,,,foamatgirl`srighthand,,,,192,,old4,,,
,,,,,,,,209,9,1146,,,,,,,0.6068913681368049,,,,,,,,,,,,9,,,,,,,,,,foldedfolderatlefthand,,,,1145,,old4,,,
,,,,,,,,0,0,151,,,,,,,0.6392091834235849,,,,,,,,,,,,0,,,,,,,,,,girl2left3man1,,,,150,,old4,,,
,,,,,,,,465,1,571,,,,,,,0.10911848399661785,,,,,,,,,,,,0,,,,,,,,,,girl`sblkbag,,,,570,,old4,,,
,,,,,,,,0,0,1130,,,,,,,0.8889650247749551,,,,,,,,,,,,0,,,,,,,,,,girlafterglassdoor,,,,1129,,old4,,,
,,,,,,,,151,3,1217,,,,,,,0.55325610675088,,,,,,,,,,,,3,,,,,,,,,,girldownstairfromlight,,,,1216,,old4,,,
,,,,,,,,8,1,1033,,,,,,,0.8353714955991604,,,,,,,,,,,,1,,,,,,,,,,girlfromlight_quezhen,,,,1032,,old4,,,
,,,,,,,,0,0,312,,,,,,,0.8465109528281854,,,,,,,,,,,,0,,,,,,,,,,girlinrain,,,,311,,old4,,,
,,,,,,,,40,6,304,,,,,,,0.63954269823629,,,,,,,,,,,,6,,,,,,,,,,girllongskirt,,,,303,,old4,,,
,,,,,,,,475,10,986,,,,,,,0.3703368237203789,,,,,,,,,,,,9,,,,,,,,,,girlof2leaders,,,,985,,old4,,,
,,,,,,,,75,2,308,,,,,,,0.581831976281888,,,,,,,,,,,,2,,,,,,,,,,girlrightthewautress,,,,307,,old4,,,
,,,,,,,,0,0,2858,,,,,,,0.7304171629268836,,,,,,,,,,,,0,,,,,,,,,,girlunderthestreetlamp,,,,2857,,old4,,,
,,,,,,,,39,1,282,,,,,,,0.6701741132660607,,,,,,,,,,,,1,,,,,,,,,,guardunderthecolumn,,,,281,,old4,,,
,,,,,,,,0,0,542,,,,,,,0.8198454064804478,,,,,,,,,,,,0,,,,,,,,,,hugboy,,,,541,,old4,,,
,,,,,,,,2456,32,4317,,,,,,,0.2696459175242278,,,,,,,,,,,,31,,,,,,,,,,hyalinepaperfrontface,,,,4316,,old4,,,
,,,,,,,,177,6,1475,,,,,,,0.7097809473020705,,,,,,,,,,,,6,,,,,,,,,,large,,,,1474,,old4,,,
,,,,,,,,1017,2,1116,,,,,,,0.06490540733618218,,,,,,,,,,,,1,,,,,,,,,,lastleftgirl,,,,1115,,old4,,,
,,,,,,,,1317,15,3650,,,,,,,0.5005791031116974,,,,,,,,,,,,14,,,,,,,,,,leftblkTboy,,,,3439,,old4,,,
,,,,,,,,1751,36,3991,,,,,,,0.28533043206792086,,,,,,,,,,,,35,,,,,,,,,,leftbottle2hang,,,,3990,,old4,,,
,,,,,,,,950,3,1244,,,,,,,0.16360115482705598,,,,,,,,,,,,2,,,,,,,,,,leftboy2jointhe4,,,,1243,,old4,,,
,,,,,,,,197,1,744,,,,,,,0.5727666280790232,,,,,,,,,,,,1,,,,,,,,,,leftboyoutofthetroop,,,,743,,old4,,,
,,,,,,,,310,4,1400,,,,,,,0.6012261017690298,,,,,,,,,,,,4,,,,,,,,,,leftchair,,,,1399,,old4,,,
,,,,,,,,44,3,566,,,,,,,0.5831285914470077,,,,,,,,,,,,2,,,,,,,,,,lefterbike,,,,565,,old4,,,
,,,,,,,,185,5,1102,,,,,,,0.5135119673467149,,,,,,,,,,,,5,,,,,,,,,,leftexcersicebookyellow,,,,1101,,old4,,,
,,,,,,,,4,1,903,,,,,,,0.707891089001164,,,,,,,,,,,,1,,,,,,,,,,leftfarboycomingpicktheball,,,,902,,old4,,,
,,,,,,,,56,2,251,,,,,,,0.5889755751235609,,,,,,,,,,,,1,,,,,,,,,,leftgirl'swhitebag,,,,249,,old4,,,
,,,,,,,,494,18,1905,,,,,,,0.4932564214651276,,,,,,,,,,,,18,,,,,,,,,,lefthyalinepaper2rgb,,,,1904,,old4,,,
,,,,,,,,345,13,1802,,,,,,,0.603268522422132,,,,,,,,,,,,13,,,,,,,,,,lefthyalinepaperfrontpants,,,,1801,,old4,,,
,,,,,,,,313,23,1879,,,,,,,0.6897501782623292,,,,,,,,,,,,23,,,,,,,,,,leftmirror,,,,1878,,old4,,,
,,,,,,,,306,13,2265,,,,,,,0.5947163147884877,,,,,,,,,,,,13,,,,,,,,,,leftmirrorlikesky,,,,2264,,old4,,,
,,,,,,,,955,10,1732,,,,,,,0.31930014677437524,,,,,,,,,,,,9,,,,,,,,,,leftmirrorside,,,,1731,,old4,,,
,,,,,,,,14,1,170,,,,,,,0.4856537741326572,,,,,,,,,,,,0,,,,,,,,,,leftopenexersicebook,,,,167,,old4,,,
,,,,,,,,57,1,66,,,,,,,0.07418223108021442,,,,,,,,,,,,0,,,,,,,,,,leftpingpongball,,,,65,,old4,,,
,,,,,,,,14,1,148,,,,,,,0.7238958128615214,,,,,,,,,,,,1,,,,,,,,,,leftrushingboy,,,,147,,old4,,,
,,,,,,,,732,3,986,,,,,,,0.1928817400607492,,,,,,,,,,,,2,,,,,,,,,,leftunderbasket,,,,985,,old4,,,
,,,,,,,,141,2,1981,,,,,,,0.7322626528017486,,,,,,,,,,,,2,,,,,,,,,,leftuphand,,,,1980,,old4,,,
,,,,,,,,0,0,1676,,,,,,,0.774116463349309,,,,,,,,,,,,0,,,,,,,,,,littelbabycryingforahug,,,,1675,,old4,,,
,,,,,,,,3,1,33,,,,,,,0.722722096444076,,,,,,,,,,,,1,,,,,,,,,,lowerfoamboard,,,,31,,old4,,,
,,,,,,,,16,1,1096,,,,,,,0.8184705567030026,,,,,,,,,,,,0,,,,,,,,,,mandownstair,,,,1095,,old4,,,
,,,,,,,,0,0,408,,,,,,,0.8357644205256448,,,,,,,,,,,,0,,,,,,,,,,manfromtoilet,,,,407,,old4,,,
,,,,,,,,40,1,254,,,,,,,0.6508410123326152,,,,,,,,,,,,1,,,,,,,,,,mangetsoff,,,,253,,old4,,,
,,,,,,,,26,4,521,,,,,,,0.7187785914193104,,,,,,,,,,,,4,,,,,,,,,,manoncall,,,,520,,old4,,,
,,,,,,,,12,1,273,,,,,,,0.804209958375855,,,,,,,,,,,,1,,,,,,,,,,mansimiliar,,,,272,,old4,,,
,,,,,,,,0,0,123,,,,,,,0.8186173043400757,,,,,,,,,,,,0,,,,,,,,,,mantostartcar,,,,122,,old4,,,
,,,,,,,,0,0,353,,,,,,,0.7944867737183369,,,,,,,,,,,,0,,,,,,,,,,midblkgirl,,,,352,,old4,,,
,,,,,,,,1592,17,7258,,,,,,,0.6166889606124987,,,,,,,,,,,,17,,,,,,,,,,midboyNo_9,,,,7257,,old4,,,
,,,,,,,,185,2,664,,,,,,,0.560596048473166,,,,,,,,,,,,1,,,,,,,,,,middrillmaster,,,,663,,old4,,,
,,,,,,,,585,13,3226,,,,,,,0.577277166615794,,,,,,,,,,,,12,,,,,,,,,,midgreyboyrunningcoming,,,,3225,,old4,,,
,,,,,,,,85,1,439,,,,,,,0.6237758460248989,,,,,,,,,,,,0,,,,,,,,,,midof3girls,,,,438,,old4,,,
,,,,,,,,1941,15,7309,,,,,,,0.5921093608178047,,,,,,,,,,,,15,,,,,,,,,,midredboy,,,,7293,,old4,,,
,,,,,,,,202,2,442,,,,,,,0.3769836283096607,,,,,,,,,,,,1,,,,,,,,,,midrunboywithwhite,,,,441,,old4,,,
,,,,,,,,0,0,78,,,,,,,0.8576693878996806,,,,,,,,,,,,0,,,,,,,,,,minibus,,,,77,,old4,,,
,,,,,,,,37,1,214,,,,,,,0.668696007568529,,,,,,,,,,,,0,,,,,,,,,,minibusgoes2left,,,,213,,old4,,,
,,,,,,,,0,0,254,,,,,,,0.8696196502099396,,,,,,,,,,,,0,,,,,,,,,,moto,,,,253,,old4,,,
,,,,,,,,0,0,84,,,,,,,0.7480230496362282,,,,,,,,,,,,0,,,,,,,,,,motocomeonlight,,,,83,,old4,,,
,,,,,,,,0,0,127,,,,,,,0.8074402079080787,,,,,,,,,,,,0,,,,,,,,,,motogoesaloongS,,,,126,,old4,,,
,,,,,,,,40,2,306,,,,,,,0.5594636621414688,,,,,,,,,,,,1,,,,,,,,,,mototaking2boys306,,,,305,,old4,,,
,,,,,,,,0,0,122,,,,,,,0.8284147529915059,,,,,,,,,,,,0,,,,,,,,,,mototurneast,,,,121,,old4,,,
,,,,,,,,0,0,95,,,,,,,0.7768461473348535,,,,,,,,,,,,0,,,,,,,,,,motowithbluetop,,,,94,,old4,,,
,,,,,,,,11,2,808,,,,,,,0.819216880928691,,,,,,,,,,,,2,,,,,,,,,,pingpingpad3,,,,807,,old4,,,
,,,,,,,,198,7,1270,,,,,,,0.6615268404317828,,,,,,,,,,,,6,,,,,,,,,,pinkwithblktopcup,,,,1269,,old4,,,
,,,,,,,,0,0,334,,,,,,,0.835710496603667,,,,,,,,,,,,0,,,,,,,,,,raincarturn,,,,333,,old4,,,
,,,,,,,,0,0,157,,,,,,,0.8406863802840258,,,,,,,,,,,,0,,,,,,,,,,rainycarcome_ab,,,,156,,old4,,,
,,,,,,,,5,1,150,,,,,,,0.7348941221583654,,,,,,,,,,,,1,,,,,,,,,,redboygoright,,,,149,,old4,,,
,,,,,,,,0,0,262,,,,,,,0.8690508531617742,,,,,,,,,,,,0,,,,,,,,,,redcarcominginlight,,,,261,,old4,,,
,,,,,,,,0,0,104,,,,,,,0.7037199871774822,,,,,,,,,,,,0,,,,,,,,,,redetricycle,,,,103,,old4,,,
,,,,,,,,11,1,662,,,,,,,0.6937085461584012,,,,,,,,,,,,1,,,,,,,,,,redmidboy,,,,661,,old4,,,
,,,,,,,,268,7,730,,,,,,,0.5259817197963677,,,,,,,,,,,,6,,,,,,,,,,redroadlatboy,,,,729,,old4,,,
,,,,,,,,0,0,168,,,,,,,0.6902416920861179,,,,,,,,,,,,0,,,,,,,,,,redtricycle,,,,167,,old4,,,
,,,,,,,,1078,7,1750,,,,,,,0.27345249981264963,,,,,,,,,,,,6,,,,,,,,,,right2ndflagformath,,,,1749,,old4,,,
,,,,,,,,409,8,1916,,,,,,,0.5554338133140652,,,,,,,,,,,,8,,,,,,,,,,right5thflag,,,,1898,,old4,,,
,,,,,,,,106,2,225,,,,,,,0.3779173709069242,,,,,,,,,,,,1,,,,,,,,,,rightbike,,,,224,,old4,,,
,,,,,,,,0,0,416,,,,,,,0.746579276675696,,,,,,,,,,,,0,,,,,,,,,,rightbike-gai,,,,415,,old4,,,
,,,,,,,,889,7,4386,,,,,,,0.6560817947208588,,,,,,,,,,,,7,,,,,,,,,,rightblkboy4386,,,,4385,,old4,,,
,,,,,,,,0,0,279,,,,,,,0.7565872673538417,,,,,,,,,,,,0,,,,,,,,,,rightblkboystand,,,,277,,old4,,,
,,,,,,,,0,0,386,,,,,,,0.79640901458569,,,,,,,,,,,,0,,,,,,,,,,rightblkfatboyleftwhite,,,,385,,old4,,,
,,,,,,,,0,0,353,,,,,,,0.6928321740453889,,,,,,,,,,,,0,,,,,,,,,,rightbluewhite,,,,352,,old4,,,
,,,,,,,,558,25,1388,,,,,,,0.3484005948464204,,,,,,,,,,,,24,,,,,,,,,,rightbottlecomes,,,,1387,,old4,,,
,,,,,,,,5,1,504,,,,,,,0.7561045276983155,,,,,,,,,,,,1,,,,,,,,,,rightboy504,,,,503,,old4,,,
,,,,,,,,424,1,1050,,,,,,,0.4937757247828447,,,,,,,,,,,,0,,,,,,,,,,rightcameraman,,,,1049,,old4,,,
,,,,,,,,444,2,561,,,,,,,0.12588222716176775,,,,,,,,,,,,1,,,,,,,,,,rightcar-chongT,,,,560,,old4,,,
,,,,,,,,320,3,604,,,,,,,0.3578783358917191,,,,,,,,,,,,2,,,,,,,,,,rightcomingstrongboy,,,,603,,old4,,,
,,,,,,,,339,2,1133,,,,,,,0.504160858344951,,,,,,,,,,,,1,,,,,,,,,,rightdarksingleman,,,,1132,,old4,,,
,,,,,,,,606,3,668,,,,,,,0.06559846042834222,,,,,,,,,,,,2,,,,,,,,,,rightgirltakingcup,,,,667,,old4,,,
,,,,,,,,46,2,308,,,,,,,0.6239673993884273,,,,,,,,,,,,2,,,,,,,,,,rightwaiter1_quezhen,,,,307,,old4,,,
,,,,,,,,226,3,386,,,,,,,0.3178986404847441,,,,,,,,,,,,2,,,,,,,,,,runningcameragirl,,,,385,,old4,,,
,,,,,,,,159,3,832,,,,,,,0.48261127030336154,,,,,,,,,,,,3,,,,,,,,,,shinybikeboy2left,,,,831,,old4,,,
,,,,,,,,41,1,359,,,,,,,0.6192914715872597,,,,,,,,,,,,0,,,,,,,,,,shinycarcoming,,,,358,,old4,,,
,,,,,,,,49,2,602,,,,,,,0.6337542111896161,,,,,,,,,,,,1,,,,,,,,,,shinycarcoming2,,,,601,,old4,,,
,,,,,,,,0,0,201,,,,,,,0.9320136892184558,,,,,,,,,,,,0,,,,,,,,,,silvercarturn,,,,200,,old4,,,
,,,,,,,,8,1,662,,,,,,,0.8267744557447286,,,,,,,,,,,,1,,,,,,,,,,small-gai,,,,661,,old4,,,
,,,,,,,,0,0,683,,,,,,,0.8292439425863936,,,,,,,,,,,,0,,,,,,,,,,standblkboy,,,,682,,old4,,,
,,,,,,,,0,0,664,,,,,,,0.7523879881364323,,,,,,,,,,,,0,,,,,,,,,,swan_0109,,,,663,,old4,,,
,,,,,,,,2,0,152,,,,,,,0.5933679078490184,,,,,,,,,,,,0,,,,,,,,,,truckgonorth,,,,151,,old4,,,
,,,,,,,,299,25,1171,,,,,,,0.5572153021022184,,,,,,,,,,,,24,,,,,,,,,,turning1strowleft2ndboy,,,,1170,,old4,,,
,,,,,,,,0,0,192,,,,,,,0.8713380098433158,,,,,,,,,,,,0,,,,,,,,,,umbreboyoncall,,,,191,,old4,,,
,,,,,,,,59,4,319,,,,,,,0.5786215453515027,,,,,,,,,,,,4,,,,,,,,,,umbrella,,,,318,,old4,,,
,,,,,,,,4,0,475,,,,,,,0.7538129833065392,,,,,,,,,,,,0,,,,,,,,,,umbrellabyboy,,,,474,,old4,,,
,,,,,,,,49,2,566,,,,,,,0.6638597216641733,,,,,,,,,,,,2,,,,,,,,,,umbrellawillbefold,,,,565,,old4,,,
,,,,,,,,67,1,490,,,,,,,0.7051103298465882,,,,,,,,,,,,1,,,,,,,,,,umbrellawillopen,,,,489,,old4,,,
,,,,,,,,0,0,680,,,,,,,0.7778174889466202,,,,,,,,,,,,0,,,,,,,,,,waitresscoming,,,,679,,old4,,,
,,,,,,,,157,1,566,,,,,,,0.5367072520179673,,,,,,,,,,,,0,,,,,,,,,,whitebikebelow,,,,565,,old4,,,
,,,,,,,,84,1,691,,,,,,,0.738905570066922,,,,,,,,,,,,1,,,,,,,,,,whiteboyrightcoccergoal,,,,690,,old4,,,
,,,,,,,,0,0,84,,,,,,,0.8894820999030274,,,,,,,,,,,,0,,,,,,,,,,whitecarcomeinrain,,,,83,,old4,,,
,,,,,,,,144,2,683,,,,,,,0.6691159129327175,,,,,,,,,,,,2,,,,,,,,,,whitecarturn683,,,,682,,old4,,,
,,,,,,,,0,0,57,,,,,,,0.8752487982167694,,,,,,,,,,,,0,,,,,,,,,,whitecarturnleft,,,,56,,old4,,,
,,,,,,,,0,0,103,,,,,,,0.7806736250034533,,,,,,,,,,,,0,,,,,,,,,,whitecarturnright,,,,102,,old4,,,
,,,,,,,,4,1,67,,,,,,,0.6730675190979168,,,,,,,,,,,,0,,,,,,,,,,whitefardown,,,,66,,old4,,,
,,,,,,,,33,2,155,,,,,,,0.5673760554528309,,,,,,,,,,,,1,,,,,,,,,,whitefargirl,,,,154,,old4,,,
,,,,,,,,11,1,589,,,,,,,0.769374062014312,,,,,,,,,,,,1,,,,,,,,,,whitegirlinlight,,,,588,,old4,,,
,,,,,,,,369,1,549,,,,,,,0.23147718103810852,,,,,,,,,,,,0,,,,,,,,,,whitegirltakingchopsticks,,,,548,,old4,,,
,,,,,,,,32,4,203,,,,,,,0.677766711741391,,,,,,,,,,,,4,,,,,,,,,,whiteofboys,,,,202,,old4,,,
,,,,,,,,105,1,425,,,,,,,0.49840921559223494,,,,,,,,,,,,1,,,,,,,,,,whiteridingbike,,,,424,,old4,,,
,,,,,,,,25,2,346,,,,,,,0.7640062625265642,,,,,,,,,,,,2,,,,,,,,,,whiterunningboy,,,,345,,old4,,,
,,,,,,,,207,10,818,,,,,,,0.5597742855409613,,,,,,,,,,,,9,,,,,,,,,,whiteskirtgirlcomingfromgoal,,,,817,,old4,,,
,,,,,,,,0,0,137,,,,,,,0.8759422238857344,,,,,,,,,,,,0,,,,,,,,,,whitesuvturn,,,,136,,old4,,,
,,,,,,,,0,0,95,,,,,,,0.8207127946848252,,,,,,,,,,,,0,,,,,,,,,,womanback2car,,,,94,,old4,,,
,,,,,,,,28,1,118,,,,,,,0.4845299321834225,,,,,,,,,,,,0,,,,,,,,,,yellowgirl118,,,,117,,old4,,,
,,,,,,,,0,0,361,,,,,,,0.8321695966055338,,,,,,,,,,,,0,,,,,,,,,,yellowskirt,,,,360,,old4,,,
,,,,,,,,0,0,304,,,,,,,0.81183270252665,,,,,,,,,,,,0,,,,,,,,,,10runone,,,,303,,gross_parent,,,
,,,,,,,,18,1,152,,,,,,,0.7476596712094363,,,,,,,,,,,,1,,,,,,,,,,11leftboy,,,,151,,gross_parent,,,
,,,,,,,,3,1,295,,,,,,,0.790965565935429,,,,,,,,,,,,0,,,,,,,,,,11runtwo,,,,294,,gross_parent,,,
,,,,,,,,0,0,851,,,,,,,0.8423212791833219,,,,,,,,,,,,0,,,,,,,,,,1blackteacher,,,,850,,gross_parent,,,
,,,,,,,,0,0,174,,,,,,,0.7875375112062143,,,,,,,,,,,,0,,,,,,,,,,1boycoming,,,,173,,gross_parent,,,
,,,,,,,,2995,6,3377,,,,,,,0.06130505925727267,,,,,,,,,,,,5,,,,,,,,,,1stcol4thboy,,,,3376,,gross_parent,,,
,,,,,,,,699,1,732,,,,,,,0.03593739961449364,,,,,,,,,,,,0,,,,,,,,,,1strowleftboyturning,,,,731,,gross_parent,,,
,,,,,,,,224,3,3817,,,,,,,0.6315654539346777,,,,,,,,,,,,2,,,,,,,,,,1strowrightdrillmaster,,,,3816,,gross_parent,,,
,,,,,,,,1538,39,3540,,,,,,,0.3982180444772536,,,,,,,,,,,,38,,,,,,,,,,1strowrightgirl3540,,,,3539,,gross_parent,,,
,,,,,,,,2,0,222,,,,,,,0.758098524485867,,,,,,,,,,,,0,,,,,,,,,,2girl,,,,221,,gross_parent,,,
,,,,,,,,215,1,238,,,,,,,0.059674865136442504,,,,,,,,,,,,0,,,,,,,,,,2girlup,,,,236,,gross_parent,,,
,,,,,,,,0,0,270,,,,,,,0.8197828281715794,,,,,,,,,,,,0,,,,,,,,,,2runseven,,,,269,,gross_parent,,,
,,,,,,,,0,0,117,,,,,,,0.7192057728125567,,,,,,,,,,,,0,,,,,,,,,,3bike1,,,,116,,gross_parent,,,
,,,,,,,,0,0,181,,,,,,,0.7701829655591593,,,,,,,,,,,,0,,,,,,,,,,3men,,,,180,,gross_parent,,,
,,,,,,,,1,0,234,,,,,,,0.7966951355586509,,,,,,,,,,,,0,,,,,,,,,,3pinkleft,,,,227,,gross_parent,,,
,,,,,,,,4,1,331,,,,,,,0.8065126681173338,,,,,,,,,,,,1,,,,,,,,,,3rdfatboy,,,,330,,gross_parent,,,
,,,,,,,,223,3,832,,,,,,,0.5195896937361328,,,,,,,,,,,,2,,,,,,,,,,3rdgrouplastboy,,,,831,,gross_parent,,,
,,,,,,,,0,0,104,,,,,,,0.8299086679761785,,,,,,,,,,,,0,,,,,,,,,,3thmoto,,,,103,,gross_parent,,,
,,,,,,,,0,0,414,,,,,,,0.7520635423973959,,,,,,,,,,,,0,,,,,,,,,,4men,,,,413,,gross_parent,,,
,,,,,,,,57,4,315,,,,,,,0.6854504135923347,,,,,,,,,,,,4,,,,,,,,,,4thboywithwhite,,,,314,,gross_parent,,,
,,,,,,,,269,2,487,,,,,,,0.3569840004789563,,,,,,,,,,,,1,,,,,,,,,,7rightorangegirl,,,,486,,gross_parent,,,
,,,,,,,,87,1,372,,,,,,,0.519810160705496,,,,,,,,,,,,1,,,,,,,,,,AQgirlwalkinrain,,,,371,,gross_parent,,,
,,,,,,,,0,0,95,,,,,,,0.8377875832504317,,,,,,,,,,,,0,,,,,,,,,,AQtruck2north,,,,94,,gross_parent,,,
,,,,,,,,5,1,353,,,,,,,0.8288186920121337,,,,,,,,,,,,1,,,,,,,,,,ab_bikeoccluded,,,,312,,gross_parent,,,
,,,,,,,,118,1,488,,,,,,,0.6214752485154196,,,,,,,,,,,,1,,,,,,,,,,ab_blkskirtgirl,,,,487,,gross_parent,,,
,,,,,,,,334,17,3247,,,,,,,0.5925471766856137,,,,,,,,,,,,17,,,,,,,,,,ab_bolstershaking,,,,3246,,gross_parent,,,
,,,,,,,,0,0,696,,,,,,,0.7827914914527204,,,,,,,,,,,,0,,,,,,,,,,ab_girlchoosesbike,,,,695,,gross_parent,,,
,,,,,,,,31,2,388,,,,,,,0.7075068393839526,,,,,,,,,,,,2,,,,,,,,,,ab_girlcrossroad,,,,355,,gross_parent,,,
,,,,,,,,180,1,194,,,,,,,0.03871401705681106,,,,,,,,,,,,0,,,,,,,,,,ab_pingpongball2,,,,193,,gross_parent,,,
,,,,,,,,788,20,1806,,,,,,,0.30876616035304943,,,,,,,,,,,,20,,,,,,,,,,ab_rightlowerredcup_quezhen,,,,1805,,gross_parent,,,
,,,,,,,,322,2,518,,,,,,,0.28138963783241644,,,,,,,,,,,,1,,,,,,,,,,ab_whiteboywithbluebag,,,,507,,gross_parent,,,
,,,,,,,,153,9,1411,,,,,,,0.7209167589117929,,,,,,,,,,,,9,,,,,,,,,,advancedredcup,,,,1410,,gross_parent,,,
,,,,,,,,0,0,111,,,,,,,0.7171091818400142,,,,,,,,,,,,0,,,,,,,,,,baggirl,,,,110,,gross_parent,,,
,,,,,,,,260,13,1505,,,,,,,0.5591936908981767,,,,,,,,,,,,12,,,,,,,,,,ballshootatthebasket3times,,,,1489,,gross_parent,,,
,,,,,,,,469,11,849,,,,,,,0.2408210072600042,,,,,,,,,,,,11,,,,,,,,,,basketball849,,,,743,,gross_parent,,,
,,,,,,,,33,2,64,,,,,,,0.2805038261371586,,,,,,,,,,,,1,,,,,,,,,,basketballathand,,,,63,,gross_parent,,,
,,,,,,,,0,0,85,,,,,,,0.6782983437330263,,,,,,,,,,,,0,,,,,,,,,,basketboy,,,,84,,gross_parent,,,
,,,,,,,,0,0,280,,,,,,,0.8035534503219441,,,,,,,,,,,,0,,,,,,,,,,bawgirl,,,,279,,gross_parent,,,
,,,,,,,,1,0,199,,,,,,,0.7402450750783335,,,,,,,,,,,,0,,,,,,,,,,belowdarkgirl,,,,198,,gross_parent,,,
,,,,,,,,22,1,1223,,,,,,,0.6799818342331039,,,,,,,,,,,,1,,,,,,,,,,besom3,,,,1222,,gross_parent,,,
,,,,,,,,1,0,651,,,,,,,0.8231917827977496,,,,,,,,,,,,0,,,,,,,,,,bike,,,,650,,gross_parent,,,
,,,,,,,,6,1,257,,,,,,,0.8174098435068036,,,,,,,,,,,,1,,,,,,,,,,bike2left,,,,256,,gross_parent,,,
,,,,,,,,3,0,146,,,,,,,0.7236787592296247,,,,,,,,,,,,0,,,,,,,,,,bike2trees,,,,145,,gross_parent,,,
,,,,,,,,0,0,113,,,,,,,0.8100092467398403,,,,,,,,,,,,0,,,,,,,,,,bikeboy,,,,112,,gross_parent,,,
,,,,,,,,572,2,826,,,,,,,0.21555588320662417,,,,,,,,,,,,1,,,,,,,,,,bikeboyintodark,,,,825,,gross_parent,,,
,,,,,,,,0,0,467,,,,,,,0.7102572028132751,,,,,,,,,,,,0,,,,,,,,,,bikeboyright,,,,466,,gross_parent,,,
,,,,,,,,0,0,155,,,,,,,0.6019363649819991,,,,,,,,,,,,0,,,,,,,,,,bikeboyturn,,,,154,,gross_parent,,,
,,,,,,,,0,0,243,,,,,,,0.9256960332072024,,,,,,,,,,,,0,,,,,,,,,,bikeboyturntimes,,,,242,,gross_parent,,,
,,,,,,,,0,0,220,,,,,,,0.8550736726369457,,,,,,,,,,,,0,,,,,,,,,,bikeboywithumbrella,,,,219,,gross_parent,,,
,,,,,,,,0,0,172,,,,,,,0.7449194924735071,,,,,,,,,,,,0,,,,,,,,,,bikefromlight,,,,171,,gross_parent,,,
,,,,,,,,132,2,284,,,,,,,0.3283838105731115,,,,,,,,,,,,1,,,,,,,,,,bikegoindark,,,,283,,gross_parent,,,
,,,,,,,,0,0,140,,,,,,,0.7595582855933953,,,,,,,,,,,,0,,,,,,,,,,bikeinrain,,,,139,,gross_parent,,,
,,,,,,,,118,1,131,,,,,,,0.05224076399922772,,,,,,,,,,,,0,,,,,,,,,,biketurnright,,,,130,,gross_parent,,,
,,,,,,,,0,0,432,,,,,,,0.8666145152638963,,,,,,,,,,,,0,,,,,,,,,,blackboy,,,,431,,gross_parent,,,
,,,,,,,,0,0,295,,,,,,,0.8897825978178677,,,,,,,,,,,,0,,,,,,,,,,blackboyoncall,,,,294,,gross_parent,,,
,,,,,,,,0,0,126,,,,,,,0.7595815518696178,,,,,,,,,,,,0,,,,,,,,,,blackcarturn,,,,125,,gross_parent,,,
,,,,,,,,1,0,62,,,,,,,0.7510337659407677,,,,,,,,,,,,0,,,,,,,,,,blackdown,,,,61,,gross_parent,,,
,,,,,,,,1,0,217,,,,,,,0.7572893215704184,,,,,,,,,,,,0,,,,,,,,,,blackgirl,,,,216,,gross_parent,,,
,,,,,,,,1098,28,12862,,,,,,,0.7119782681923883,,,,,,,,,,,,28,,,,,,,,,,blkboy`shead,,,,12861,,gross_parent,,,
,,,,,,,,0,0,171,,,,,,,0.7808788505685929,,,,,,,,,,,,0,,,,,,,,,,blkboyback,,,,170,,gross_parent,,,
,,,,,,,,11,2,302,,,,,,,0.723492665676114,,,,,,,,,,,,2,,,,,,,,,,blkboybetweenredandwhite,,,,301,,gross_parent,,,
,,,,,,,,3,0,82,,,,,,,0.6987629028953828,,,,,,,,,,,,0,,,,,,,,,,blkboydown,,,,81,,gross_parent,,,
,,,,,,,,348,3,556,,,,,,,0.2915467357351283,,,,,,,,,,,,2,,,,,,,,,,blkboyhead,,,,555,,gross_parent,,,
,,,,,,,,2988,34,6983,,,,,,,0.4115608471135338,,,,,,,,,,,,33,,,,,,,,,,blkboylefttheNo_21,,,,6930,,gross_parent,,,
,,,,,,,,810,3,1436,,,,,,,0.3440500064781099,,,,,,,,,,,,2,,,,,,,,,,blkboystand,,,,1435,,gross_parent,,,
,,,,,,,,0,0,340,,,,,,,0.8644149916362858,,,,,,,,,,,,0,,,,,,,,,,blkboytakesumbrella,,,,339,,gross_parent,,,
,,,,,,,,319,3,764,,,,,,,0.3734479023234174,,,,,,,,,,,,2,,,,,,,,,,blkcaratfrontbluebus,,,,763,,gross_parent,,,
,,,,,,,,0,0,342,,,,,,,0.7470004556913004,,,,,,,,,,,,0,,,,,,,,,,blkgirlumbrella,,,,341,,gross_parent,,,
,,,,,,,,59,4,564,,,,,,,0.648866951786882,,,,,,,,,,,,3,,,,,,,,,,blkhairgirltakingblkbag,,,,563,,gross_parent,,,
,,,,,,,,17,1,187,,,,,,,0.7196088534769104,,,,,,,,,,,,1,,,,,,,,,,blkmoto2north,,,,186,,gross_parent,,,
,,,,,,,,0,0,190,,,,,,,0.8153190860425681,,,,,,,,,,,,0,,,,,,,,,,blkstandboy,,,,189,,gross_parent,,,
,,,,,,,,0,0,142,,,,,,,0.8585839382760446,,,,,,,,,,,,0,,,,,,,,,,blktribikecome,,,,141,,gross_parent,,,
,,,,,,,,0,0,330,,,,,,,0.8404003318828225,,,,,,,,,,,,0,,,,,,,,,,blueboy,,,,329,,gross_parent,,,
,,,,,,,,1,0,421,,,,,,,0.7790993938917665,,,,,,,,,,,,0,,,,,,,,,,blueboy421,,,,420,,gross_parent,,,
,,,,,,,,0,0,1437,,,,,,,0.8646917223646983,,,,,,,,,,,,0,,,,,,,,,,bluebuscoming,,,,1436,,gross_parent,,,
,,,,,,,,6,1,222,,,,,,,0.7698710559341722,,,,,,,,,,,,1,,,,,,,,,,bluegirlbiketurn,,,,221,,gross_parent,,,
,,,,,,,,404,2,506,,,,,,,0.10464248428108873,,,,,,,,,,,,1,,,,,,,,,,bottlebetweenboy`sfeet,,,,505,,gross_parent,,,
,,,,,,,,55,5,206,,,,,,,0.5329048521838058,,,,,,,,,,,,4,,,,,,,,,,boy2basketballground,,,,205,,gross_parent,,,
,,,,,,,,90,4,1788,,,,,,,0.6789783920649689,,,,,,,,,,,,3,,,,,,,,,,boy2buildings,,,,1787,,gross_parent,,,
,,,,,,,,1,0,203,,,,,,,0.8218828768952201,,,,,,,,,,,,0,,,,,,,,,,boy2trees,,,,202,,gross_parent,,,
,,,,,,,,160,3,1083,,,,,,,0.5937684301319431,,,,,,,,,,,,3,,,,,,,,,,boy2treesfindbike,,,,1082,,gross_parent,,,
,,,,,,,,484,5,851,,,,,,,0.3034742456160012,,,,,,,,,,,,4,,,,,,,,,,boy`headwithouthat,,,,850,,gross_parent,,,
,,,,,,,,111,3,269,,,,,,,0.36315146659202985,,,,,,,,,,,,2,,,,,,,,,,boy`sheadingreycol,,,,268,,gross_parent,,,
,,,,,,,,6,1,102,,,,,,,0.7617797442203578,,,,,,,,,,,,1,,,,,,,,,,boyaftertree,,,,101,,gross_parent,,,
,,,,,,,,813,4,2469,,,,,,,0.5205928338287643,,,,,,,,,,,,4,,,,,,,,,,boyaroundtrees,,,,2457,,gross_parent,,,
,,,,,,,,52,4,494,,,,,,,0.701293242545966,,,,,,,,,,,,4,,,,,,,,,,boyatdoorturnright,,,,493,,gross_parent,,,
,,,,,,,,21,1,751,,,,,,,0.7560175741481819,,,,,,,,,,,,1,,,,,,,,,,boydownplatform,,,,750,,gross_parent,,,
,,,,,,,,0,0,285,,,,,,,0.8256053016934563,,,,,,,,,,,,0,,,,,,,,,,boyfromdark,,,,283,,gross_parent,,,
,,,,,,,,12,2,319,,,,,,,0.7735621280994743,,,,,,,,,,,,2,,,,,,,,,,boyinlight,,,,318,,gross_parent,,,
,,,,,,,,31,2,975,,,,,,,0.6975014467204382,,,,,,,,,,,,2,,,,,,,,,,boyinplatform,,,,974,,gross_parent,,,
,,,,,,,,13,1,1418,,,,,,,0.8424816667147866,,,,,,,,,,,,1,,,,,,,,,,boyinsnowfield3,,,,1417,,gross_parent,,,
,,,,,,,,82,3,426,,,,,,,0.5972732100483781,,,,,,,,,,,,2,,,,,,,,,,boyleftblkrunning2crowd,,,,425,,gross_parent,,,
,,,,,,,,156,3,4921,,,,,,,0.8227544613039557,,,,,,,,,,,,2,,,,,,,,,,boylefttheNo_9boy,,,,4919,,gross_parent,,,
,,,,,,,,0,0,310,,,,,,,0.7400018261122031,,,,,,,,,,,,0,,,,,,,,,,boyoncall,,,,308,,gross_parent,,,
,,,,,,,,14,3,436,,,,,,,0.7686850334051761,,,,,,,,,,,,3,,,,,,,,,,boyplayphone,,,,434,,gross_parent,,,
,,,,,,,,804,7,1840,,,,,,,0.3240344310401688,,,,,,,,,,,,6,,,,,,,,,,boyride2path,,,,1837,,gross_parent,,,
,,,,,,,,0,0,182,,,,,,,0.9236340061045796,,,,,,,,,,,,0,,,,,,,,,,boyruninsnow,,,,181,,gross_parent,,,
,,,,,,,,30,2,464,,,,,,,0.6927414839657238,,,,,,,,,,,,2,,,,,,,,,,boyscomeleft,,,,463,,gross_parent,,,
,,,,,,,,22,2,9684,,,,,,,0.7441836993202874,,,,,,,,,,,,2,,,,,,,,,,boyshead9684,,,,9683,,gross_parent,,,
,,,,,,,,52,6,375,,,,,,,0.5489279181455416,,,,,,,,,,,,5,,,,,,,,,,boyss,,,,374,,gross_parent,,,
,,,,,,,,531,5,1432,,,,,,,0.4862052390734928,,,,,,,,,,,,4,,,,,,,,,,boytakingbasketballfollowing,,,,1431,,gross_parent,,,
,,,,,,,,0,0,262,,,,,,,0.7457774368968318,,,,,,,,,,,,0,,,,,,,,,,boytakingplate2left,,,,259,,gross_parent,,,
,,,,,,,,499,2,613,,,,,,,0.14544577778767065,,,,,,,,,,,,1,,,,,,,,,,boyunder2baskets,,,,612,,gross_parent,,,
,,,,,,,,0,0,965,,,,,,,0.7864792746668687,,,,,,,,,,,,0,,,,,,,,,,boywaitgirl,,,,964,,gross_parent,,,
,,,,,,,,0,0,658,,,,,,,0.8679176411248147,,,,,,,,,,,,0,,,,,,,,,,boywalkinginsnow2,,,,657,,gross_parent,,,
,,,,,,,,595,39,9538,,,,,,,0.6572798507229145,,,,,,,,,,,,39,,,,,,,,,,broom,,,,9531,,gross_parent,,,
,,,,,,,,0,0,114,,,,,,,0.705699662394616,,,,,,,,,,,,0,,,,,,,,,,carbehindtrees,,,,113,,gross_parent,,,
,,,,,,,,0,0,101,,,,,,,0.8631662201358956,,,,,,,,,,,,0,,,,,,,,,,carcomeonlight,,,,100,,gross_parent,,,
,,,,,,,,242,2,391,,,,,,,0.2845688675793641,,,,,,,,,,,,1,,,,,,,,,,carcomingfromlight,,,,390,,gross_parent,,,
,,,,,,,,0,0,155,,,,,,,0.7672277411695447,,,,,,,,,,,,0,,,,,,,,,,carcominginlight,,,,154,,gross_parent,,,
,,,,,,,,0,0,70,,,,,,,0.8146335010032804,,,,,,,,,,,,0,,,,,,,,,,carlight2,,,,69,,gross_parent,,,
,,,,,,,,0,0,93,,,,,,,0.8532036025867337,,,,,,,,,,,,0,,,,,,,,,,carlightcome2,,,,92,,gross_parent,,,
,,,,,,,,0,0,86,,,,,,,0.7791630034346094,,,,,,,,,,,,0,,,,,,,,,,caronlight,,,,85,,gross_parent,,,
,,,,,,,,0,0,117,,,,,,,0.889295126997532,,,,,,,,,,,,0,,,,,,,,,,carturn117,,,,116,,gross_parent,,,
,,,,,,,,237,2,481,,,,,,,0.3682502418855814,,,,,,,,,,,,1,,,,,,,,,,carwillturn,,,,480,,gross_parent,,,
,,,,,,,,0,0,91,,,,,,,0.8827460787408563,,,,,,,,,,,,0,,,,,,,,,,catbrown2,,,,90,,gross_parent,,,
,,,,,,,,297,1,1343,,,,,,,0.6677930114214492,,,,,,,,,,,,1,,,,,,,,,,catbrownback2bush,,,,1342,,gross_parent,,,
,,,,,,,,38,1,101,,,,,,,0.45165455384998326,,,,,,,,,,,,0,,,,,,,,,,couple,,,,100,,gross_parent,,,
,,,,,,,,0,0,84,,,,,,,0.9334216573317238,,,,,,,,,,,,0,,,,,,,,,,darkcarturn,,,,83,,gross_parent,,,
,,,,,,,,0,0,613,,,,,,,0.8164529542898423,,,,,,,,,,,,0,,,,,,,,,,darkgirl,,,,612,,gross_parent,,,
,,,,,,,,89,8,749,,,,,,,0.5512910727690454,,,,,,,,,,,,8,,,,,,,,,,darkouterwhiteboy,,,,748,,gross_parent,,,
,,,,,,,,30,1,503,,,,,,,0.7093243943312901,,,,,,,,,,,,1,,,,,,,,,,darktreesboy,,,,502,,gross_parent,,,
,,,,,,,,576,1,1117,,,,,,,0.3956651593420382,,,,,,,,,,,,0,,,,,,,,,,drillmaster1117,,,,1116,,gross_parent,,,
,,,,,,,,481,1,982,,,,,,,0.3875826879123541,,,,,,,,,,,,1,,,,,,,,,,drillmasterfollowingatright,,,,981,,gross_parent,,,
,,,,,,,,30,1,254,,,,,,,0.5977217871363001,,,,,,,,,,,,1,,,,,,,,,,farfatboy,,,,253,,gross_parent,,,
,,,,,,,,585,5,1160,,,,,,,0.3024720089580614,,,,,,,,,,,,4,,,,,,,,,,firstexercisebook,,,,1159,,gross_parent,,,
,,,,,,,,27,2,193,,,,,,,0.5140896822868417,,,,,,,,,,,,2,,,,,,,,,,foamatgirl`srighthand,,,,192,,gross_parent,,,
,,,,,,,,209,9,1146,,,,,,,0.6068913681368049,,,,,,,,,,,,9,,,,,,,,,,foldedfolderatlefthand,,,,1145,,gross_parent,,,
,,,,,,,,0,0,151,,,,,,,0.6392091834235849,,,,,,,,,,,,0,,,,,,,,,,girl2left3man1,,,,150,,gross_parent,,,
,,,,,,,,465,1,571,,,,,,,0.10911848399661785,,,,,,,,,,,,0,,,,,,,,,,girl`sblkbag,,,,570,,gross_parent,,,
,,,,,,,,0,0,1130,,,,,,,0.8889650247749551,,,,,,,,,,,,0,,,,,,,,,,girlafterglassdoor,,,,1129,,gross_parent,,,
,,,,,,,,151,3,1217,,,,,,,0.55325610675088,,,,,,,,,,,,3,,,,,,,,,,girldownstairfromlight,,,,1216,,gross_parent,,,
,,,,,,,,8,1,1033,,,,,,,0.8353714955991604,,,,,,,,,,,,1,,,,,,,,,,girlfromlight_quezhen,,,,1032,,gross_parent,,,
,,,,,,,,0,0,312,,,,,,,0.8465109528281854,,,,,,,,,,,,0,,,,,,,,,,girlinrain,,,,311,,gross_parent,,,
,,,,,,,,40,6,304,,,,,,,0.63954269823629,,,,,,,,,,,,6,,,,,,,,,,girllongskirt,,,,303,,gross_parent,,,
,,,,,,,,475,10,986,,,,,,,0.3703368237203789,,,,,,,,,,,,9,,,,,,,,,,girlof2leaders,,,,985,,gross_parent,,,
,,,,,,,,75,2,308,,,,,,,0.581831976281888,,,,,,,,,,,,2,,,,,,,,,,girlrightthewautress,,,,307,,gross_parent,,,
,,,,,,,,0,0,2858,,,,,,,0.7304171629268836,,,,,,,,,,,,0,,,,,,,,,,girlunderthestreetlamp,,,,2857,,gross_parent,,,
,,,,,,,,39,1,282,,,,,,,0.6701741132660607,,,,,,,,,,,,1,,,,,,,,,,guardunderthecolumn,,,,281,,gross_parent,,,
,,,,,,,,0,0,542,,,,,,,0.8198454064804478,,,,,,,,,,,,0,,,,,,,,,,hugboy,,,,541,,gross_parent,,,
,,,,,,,,2456,32,4317,,,,,,,0.2696459175242278,,,,,,,,,,,,31,,,,,,,,,,hyalinepaperfrontface,,,,4316,,gross_parent,,,
,,,,,,,,177,6,1475,,,,,,,0.7097809473020705,,,,,,,,,,,,6,,,,,,,,,,large,,,,1474,,gross_parent,,,
,,,,,,,,1017,2,1116,,,,,,,0.06490540733618218,,,,,,,,,,,,1,,,,,,,,,,lastleftgirl,,,,1115,,gross_parent,,,
,,,,,,,,1302,15,3650,,,,,,,0.5044670760683967,,,,,,,,,,,,14,,,,,,,,,,leftblkTboy,,,,3439,,gross_parent,,,
,,,,,,,,1751,36,3991,,,,,,,0.28533043206792086,,,,,,,,,,,,35,,,,,,,,,,leftbottle2hang,,,,3990,,gross_parent,,,
,,,,,,,,950,3,1244,,,,,,,0.16360115482705598,,,,,,,,,,,,2,,,,,,,,,,leftboy2jointhe4,,,,1243,,gross_parent,,,
,,,,,,,,197,1,744,,,,,,,0.5727666280790232,,,,,,,,,,,,1,,,,,,,,,,leftboyoutofthetroop,,,,743,,gross_parent,,,
,,,,,,,,310,4,1400,,,,,,,0.6012261017690298,,,,,,,,,,,,4,,,,,,,,,,leftchair,,,,1399,,gross_parent,,,
,,,,,,,,44,3,566,,,,,,,0.5831285914470077,,,,,,,,,,,,2,,,,,,,,,,lefterbike,,,,565,,gross_parent,,,
,,,,,,,,185,5,1102,,,,,,,0.5135119673467149,,,,,,,,,,,,5,,,,,,,,,,leftexcersicebookyellow,,,,1101,,gross_parent,,,
,,,,,,,,4,1,903,,,,,,,0.707891089001164,,,,,,,,,,,,1,,,,,,,,,,leftfarboycomingpicktheball,,,,902,,gross_parent,,,
,,,,,,,,56,2,251,,,,,,,0.5889755751235609,,,,,,,,,,,,1,,,,,,,,,,leftgirl'swhitebag,,,,249,,gross_parent,,,
,,,,,,,,494,18,1905,,,,,,,0.4932564214651276,,,,,,,,,,,,18,,,,,,,,,,lefthyalinepaper2rgb,,,,1904,,gross_parent,,,
,,,,,,,,345,13,1802,,,,,,,0.603268522422132,,,,,,,,,,,,13,,,,,,,,,,lefthyalinepaperfrontpants,,,,1801,,gross_parent,,,
,,,,,,,,313,23,1879,,,,,,,0.6897501782623292,,,,,,,,,,,,23,,,,,,,,,,leftmirror,,,,1878,,gross_parent,,,
,,,,,,,,306,13,2265,,,,,,,0.5947163147884877,,,,,,,,,,,,13,,,,,,,,,,leftmirrorlikesky,,,,2264,,gross_parent,,,
,,,,,,,,955,10,1732,,,,,,,0.31930014677437524,,,,,,,,,,,,9,,,,,,,,,,leftmirrorside,,,,1731,,gross_parent,,,
,,,,,,,,14,1,170,,,,,,,0.4856537741326572,,,,,,,,,,,,0,,,,,,,,,,leftopenexersicebook,,,,167,,gross_parent,,,
,,,,,,,,57,1,66,,,,,,,0.07418223108021442,,,,,,,,,,,,0,,,,,,,,,,leftpingpongball,,,,65,,gross_parent,,,
,,,,,,,,14,1,148,,,,,,,0.7238958128615214,,,,,,,,,,,,1,,,,,,,,,,leftrushingboy,,,,147,,gross_parent,,,
,,,,,,,,732,3,986,,,,,,,0.1928817400607492,,,,,,,,,,,,2,,,,,,,,,,leftunderbasket,,,,985,,gross_parent,,,
,,,,,,,,141,2,1981,,,,,,,0.7322626528017486,,,,,,,,,,,,2,,,,,,,,,,leftuphand,,,,1980,,gross_parent,,,
,,,,,,,,0,0,1676,,,,,,,0.774116463349309,,,,,,,,,,,,0,,,,,,,,,,littelbabycryingforahug,,,,1675,,gross_parent,,,
,,,,,,,,3,1,33,,,,,,,0.722722096444076,,,,,,,,,,,,1,,,,,,,,,,lowerfoamboard,,,,31,,gross_parent,,,
,,,,,,,,16,1,1096,,,,,,,0.8184705567030026,,,,,,,,,,,,0,,,,,,,,,,mandownstair,,,,1095,,gross_parent,,,
,,,,,,,,0,0,408,,,,,,,0.8357644205256448,,,,,,,,,,,,0,,,,,,,,,,manfromtoilet,,,,407,,gross_parent,,,
,,,,,,,,40,1,254,,,,,,,0.6508410123326152,,,,,,,,,,,,1,,,,,,,,,,mangetsoff,,,,253,,gross_parent,,,
,,,,,,,,26,4,521,,,,,,,0.7187785914193104,,,,,,,,,,,,4,,,,,,,,,,manoncall,,,,520,,gross_parent,,,
,,,,,,,,12,1,273,,,,,,,0.804209958375855,,,,,,,,,,,,1,,,,,,,,,,mansimiliar,,,,272,,gross_parent,,,
,,,,,,,,0,0,123,,,,,,,0.8186173043400757,,,,,,,,,,,,0,,,,,,,,,,mantostartcar,,,,122,,gross_parent,,,
,,,,,,,,0,0,353,,,,,,,0.7944867737183369,,,,,,,,,,,,0,,,,,,,,,,midblkgirl,,,,352,,gross_parent,,,
,,,,,,,,1664,17,7258,,,,,,,0.6086912968593458,,,,,,,,,,,,17,,,,,,,,,,midboyNo_9,,,,7257,,gross_parent,,,
,,,,,,,,185,2,664,,,,,,,0.560596048473166,,,,,,,,,,,,1,,,,,,,,,,middrillmaster,,,,663,,gross_parent,,,
,,,,,,,,585,13,3226,,,,,,,0.577277166615794,,,,,,,,,,,,12,,,,,,,,,,midgreyboyrunningcoming,,,,3225,,gross_parent,,,
,,,,,,,,85,1,439,,,,,,,0.6237758460248989,,,,,,,,,,,,0,,,,,,,,,,midof3girls,,,,438,,gross_parent,,,
,,,,,,,,1925,15,7309,,,,,,,0.5937262692859042,,,,,,,,,,,,15,,,,,,,,,,midredboy,,,,7293,,gross_parent,,,
,,,,,,,,202,2,442,,,,,,,0.3769836283096607,,,,,,,,,,,,1,,,,,,,,,,midrunboywithwhite,,,,441,,gross_parent,,,
,,,,,,,,0,0,78,,,,,,,0.8576693878996806,,,,,,,,,,,,0,,,,,,,,,,minibus,,,,77,,gross_parent,,,
,,,,,,,,37,1,214,,,,,,,0.668696007568529,,,,,,,,,,,,0,,,,,,,,,,minibusgoes2left,,,,213,,gross_parent,,,
,,,,,,,,0,0,254,,,,,,,0.8696196502099396,,,,,,,,,,,,0,,,,,,,,,,moto,,,,253,,gross_parent,,,
,,,,,,,,0,0,84,,,,,,,0.7480230496362282,,,,,,,,,,,,0,,,,,,,,,,motocomeonlight,,,,83,,gross_parent,,,
,,,,,,,,0,0,127,,,,,,,0.8074402079080787,,,,,,,,,,,,0,,,,,,,,,,motogoesaloongS,,,,126,,gross_parent,,,
,,,,,,,,40,2,306,,,,,,,0.5594636621414688,,,,,,,,,,,,1,,,,,,,,,,mototaking2boys306,,,,305,,gross_parent,,,
,,,,,,,,0,0,122,,,,,,,0.8284147529915059,,,,,,,,,,,,0,,,,,,,,,,mototurneast,,,,121,,gross_parent,,,
,,,,,,,,0,0,95,,,,,,,0.7768461473348535,,,,,,,,,,,,0,,,,,,,,,,motowithbluetop,,,,94,,gross_parent,,,
,,,,,,,,11,2,808,,,,,,,0.819216880928691,,,,,,,,,,,,2,,,,,,,,,,pingpingpad3,,,,807,,gross_parent,,,
,,,,,,,,198,7,1270,,,,,,,0.6615268404317828,,,,,,,,,,,,6,,,,,,,,,,pinkwithblktopcup,,,,1269,,gross_parent,,,
,,,,,,,,0,0,334,,,,,,,0.835710496603667,,,,,,,,,,,,0,,,,,,,,,,raincarturn,,,,333,,gross_parent,,,
,,,,,,,,0,0,157,,,,,,,0.8406863802840258,,,,,,,,,,,,0,,,,,,,,,,rainycarcome_ab,,,,156,,gross_parent,,,
,,,,,,,,5,1,150,,,,,,,0.7348941221583654,,,,,,,,,,,,1,,,,,,,,,,redboygoright,,,,149,,gross_parent,,,
,,,,,,,,0,0,262,,,,,,,0.8690508531617742,,,,,,,,,,,,0,,,,,,,,,,redcarcominginlight,,,,261,,gross_parent,,,
,,,,,,,,0,0,104,,,,,,,0.7037199871774822,,,,,,,,,,,,0,,,,,,,,,,redetricycle,,,,103,,gross_parent,,,
,,,,,,,,11,1,662,,,,,,,0.6937085461584012,,,,,,,,,,,,1,,,,,,,,,,redmidboy,,,,661,,gross_parent,,,
,,,,,,,,268,7,730,,,,,,,0.5259817197963677,,,,,,,,,,,,6,,,,,,,,,,redroadlatboy,,,,729,,gross_parent,,,
,,,,,,,,0,0,168,,,,,,,0.6902416920861179,,,,,,,,,,,,0,,,,,,,,,,redtricycle,,,,167,,gross_parent,,,
,,,,,,,,1078,7,1750,,,,,,,0.27345249981264963,,,,,,,,,,,,6,,,,,,,,,,right2ndflagformath,,,,1749,,gross_parent,,,
,,,,,,,,431,8,1916,,,,,,,0.5473305251090654,,,,,,,,,,,,7,,,,,,,,,,right5thflag,,,,1898,,gross_parent,,,
,,,,,,,,106,2,225,,,,,,,0.3779173709069242,,,,,,,,,,,,1,,,,,,,,,,rightbike,,,,224,,gross_parent,,,
,,,,,,,,0,0,416,,,,,,,0.746579276675696,,,,,,,,,,,,0,,,,,,,,,,rightbike-gai,,,,415,,gross_parent,,,
,,,,,,,,889,7,4386,,,,,,,0.6560817947208588,,,,,,,,,,,,7,,,,,,,,,,rightblkboy4386,,,,4385,,gross_parent,,,
,,,,,,,,0,0,279,,,,,,,0.7565872673538417,,,,,,,,,,,,0,,,,,,,,,,rightblkboystand,,,,277,,gross_parent,,,
,,,,,,,,0,0,386,,,,,,,0.79640901458569,,,,,,,,,,,,0,,,,,,,,,,rightblkfatboyleftwhite,,,,385,,gross_parent,,,
,,,,,,,,0,0,353,,,,,,,0.6928321740453889,,,,,,,,,,,,0,,,,,,,,,,rightbluewhite,,,,352,,gross_parent,,,
,,,,,,,,558,25,1388,,,,,,,0.3484005948464204,,,,,,,,,,,,24,,,,,,,,,,rightbottlecomes,,,,1387,,gross_parent,,,
,,,,,,,,5,1,504,,,,,,,0.7561045276983155,,,,,,,,,,,,1,,,,,,,,,,rightboy504,,,,503,,gross_parent,,,
,,,,,,,,424,1,1050,,,,,,,0.4937757247828447,,,,,,,,,,,,0,,,,,,,,,,rightcameraman,,,,1049,,gross_parent,,,
,,,,,,,,242,4,561,,,,,,,0.31878522230692347,,,,,,,,,,,,3,,,,,,,,,,rightcar-chongT,,,,560,,gross_parent,,,
,,,,,,,,320,3,604,,,,,,,0.3578783358917191,,,,,,,,,,,,2,,,,,,,,,,rightcomingstrongboy,,,,603,,gross_parent,,,
,,,,,,,,339,2,1133,,,,,,,0.504160858344951,,,,,,,,,,,,1,,,,,,,,,,rightdarksingleman,,,,1132,,gross_parent,,,
,,,,,,,,606,3,668,,,,,,,0.06559846042834222,,,,,,,,,,,,2,,,,,,,,,,rightgirltakingcup,,,,667,,gross_parent,,,
,,,,,,,,46,2,308,,,,,,,0.6239673993884273,,,,,,,,,,,,2,,,,,,,,,,rightwaiter1_quezhen,,,,307,,gross_parent,,,
,,,,,,,,226,3,386,,,,,,,0.31901352971518454,,,,,,,,,,,,2,,,,,,,,,,runningcameragirl,,,,385,,gross_parent,,,
,,,,,,,,299,3,832,,,,,,,0.32246731304399123,,,,,,,,,,,,2,,,,,,,,,,shinybikeboy2left,,,,831,,gross_parent,,,
,,,,,,,,41,1,359,,,,,,,0.6192914715872597,,,,,,,,,,,,0,,,,,,,,,,shinycarcoming,,,,358,,gross_parent,,,
,,,,,,,,49,2,602,,,,,,,0.6337542111896161,,,,,,,,,,,,1,,,,,,,,,,shinycarcoming2,,,,601,,gross_parent,,,
,,,,,,,,0,0,201,,,,,,,0.9320136892184558,,,,,,,,,,,,0,,,,,,,,,,silvercarturn,,,,200,,gross_parent,,,
,,,,,,,,8,1,662,,,,,,,0.8267744557447286,,,,,,,,,,,,1,,,,,,,,,,small-gai,,,,661,,gross_parent,,,
,,,,,,,,0,0,683,,,,,,,0.8292439425863936,,,,,,,,,,,,0,,,,,,,,,,standblkboy,,,,682,,gross_parent,,,
,,,,,,,,0,0,664,,,,,,,0.7523879881364323,,,,,,,,,,,,0,,,,,,,,,,swan_0109,,,,663,,gross_parent,,,
,,,,,,,,2,0,152,,,,,,,0.5933679078490184,,,,,,,,,,,,0,,,,,,,,,,truckgonorth,,,,151,,gross_parent,,,
,,,,,,,,299,25,1171,,,,,,,0.5572153021022184,,,,,,,,,,,,24,,,,,,,,,,turning1strowleft2ndboy,,,,1170,,gross_parent,,,
,,,,,,,,0,0,192,,,,,,,0.8713380098433158,,,,,,,,,,,,0,,,,,,,,,,umbreboyoncall,,,,191,,gross_parent,,,
,,,,,,,,59,4,319,,,,,,,0.5786215453515027,,,,,,,,,,,,4,,,,,,,,,,umbrella,,,,318,,gross_parent,,,
,,,,,,,,4,0,475,,,,,,,0.7538129833065392,,,,,,,,,,,,0,,,,,,,,,,umbrellabyboy,,,,474,,gross_parent,,,
,,,,,,,,49,2,566,,,,,,,0.6638597216641733,,,,,,,,,,,,2,,,,,,,,,,umbrellawillbefold,,,,565,,gross_parent,,,
,,,,,,,,67,1,490,,,,,,,0.7051103298465882,,,,,,,,,,,,1,,,,,,,,,,umbrellawillopen,,,,489,,gross_parent,,,
,,,,,,,,0,0,680,,,,,,,0.7778174889466202,,,,,,,,,,,,0,,,,,,,,,,waitresscoming,,,,679,,gross_parent,,,
,,,,,,,,157,1,566,,,,,,,0.5367072520179673,,,,,,,,,,,,0,,,,,,,,,,whitebikebelow,,,,565,,gross_parent,,,
,,,,,,,,84,1,691,,,,,,,0.738905570066922,,,,,,,,,,,,1,,,,,,,,,,whiteboyrightcoccergoal,,,,690,,gross_parent,,,
,,,,,,,,0,0,84,,,,,,,0.8894820999030274,,,,,,,,,,,,0,,,,,,,,,,whitecarcomeinrain,,,,83,,gross_parent,,,
,,,,,,,,144,2,683,,,,,,,0.6691159129327175,,,,,,,,,,,,2,,,,,,,,,,whitecarturn683,,,,682,,gross_parent,,,
,,,,,,,,0,0,57,,,,,,,0.8752487982167694,,,,,,,,,,,,0,,,,,,,,,,whitecarturnleft,,,,56,,gross_parent,,,
,,,,,,,,0,0,103,,,,,,,0.7806736250034533,,,,,,,,,,,,0,,,,,,,,,,whitecarturnright,,,,102,,gross_parent,,,
,,,,,,,,4,1,67,,,,,,,0.6730675190979168,,,,,,,,,,,,0,,,,,,,,,,whitefardown,,,,66,,gross_parent,,,
,,,,,,,,33,2,155,,,,,,,0.5673760554528309,,,,,,,,,,,,1,,,,,,,,,,whitefargirl,,,,154,,gross_parent,,,
,,,,,,,,11,1,589,,,,,,,0.769374062014312,,,,,,,,,,,,1,,,,,,,,,,whitegirlinlight,,,,588,,gross_parent,,,
,,,,,,,,369,1,549,,,,,,,0.23147718103810852,,,,,,,,,,,,0,,,,,,,,,,whitegirltakingchopsticks,,,,548,,gross_parent,,,
,,,,,,,,32,4,203,,,,,,,0.677766711741391,,,,,,,,,,,,4,,,,,,,,,,whiteofboys,,,,202,,gross_parent,,,
,,,,,,,,105,1,425,,,,,,,0.49840921559223494,,,,,,,,,,,,1,,,,,,,,,,whiteridingbike,,,,424,,gross_parent,,,
,,,,,,,,25,2,346,,,,,,,0.7640062625265642,,,,,,,,,,,,2,,,,,,,,,,whiterunningboy,,,,345,,gross_parent,,,
,,,,,,,,207,10,818,,,,,,,0.5597742855409613,,,,,,,,,,,,9,,,,,,,,,,whiteskirtgirlcomingfromgoal,,,,817,,gross_parent,,,
,,,,,,,,0,0,137,,,,,,,0.8759422238857344,,,,,,,,,,,,0,,,,,,,,,,whitesuvturn,,,,136,,gross_parent,,,
,,,,,,,,0,0,95,,,,,,,0.8207127946848252,,,,,,,,,,,,0,,,,,,,,,,womanback2car,,,,94,,gross_parent,,,
,,,,,,,,28,1,118,,,,,,,0.4845299321834225,,,,,,,,,,,,0,,,,,,,,,,yellowgirl118,,,,117,,gross_parent,,,
,,,,,,,,0,0,361,,,,,,,0.8321695966055338,,,,,,,,,,,,0,,,,,,,,,,yellowskirt,,,,360,,gross_parent,,,
303,303,0,1445,7.78328130397061,0,0,6,0,0,304,303,1445,0,155,303,0,0.8117753201112833,303.0000017524629,0.0,88.96787732839584,0.0,302.99999700379936,0.0,88.92626410722733,0.0,0,0,0,0,0,1150902.4820753091,6,0,0,0,0,6,0,10runone,155,303,0,303,303,selected_ABC,0,0,0
150,134,17,845,21.934451254067884,6,0,18,17,1,152,151,845,0,7,150,1,0.753314437729625,151.0000003992193,0.0,4.017423629760742,0.0,150.99999933684276,0.0,4.015839219093323,0.0,0,0,0,1,0,8191485.140945772,18,3,3,3,3,18,17,11leftboy,7,151,6,151,151,selected_ABC,0,0,0
292,289,3,1427,10.887558986997412,1,0,8,4,1,295,294,1427,0,26,292,2,0.7882507913498371,294.0000063749654,0.0,14.924359619617462,0.0,293.9999954273794,0.0,14.916712880134583,0.0,0,0,0,0,0,709590.1402390943,8,1,1,0,0,8,4,11runtwo,26,294,1,294,294,selected_ABC,0,0,0
850,850,0,4185,4.454897755692872,0,0,0,0,0,851,850,4185,0,698,850,0,0.8423212791833219,849.9999951533813,0.0,400.7036179304123,0.0,849.9999990203813,0.0,400.54667270183563,0.0,0,0,0,0,0,0.0,0,0,0,0,0,0,0,1blackteacher,698,850,0,850,850,selected_ABC,0,0,0
173,173,0,865,5.025741991832412,0,0,0,0,0,174,173,865,0,173,173,0,0.7875375112062143,172.99999917818664,0.0,99.3211886882782,0.0,173.00000136531122,0.0,99.27886164188385,0.0,0,0,0,0,0,0.0,0,0,0,0,0,0,0,1boycoming,173,173,0,173,173,selected_ABC,0,0,0
508,88,3086,29903,1304.7875286966223,3,0,2747,3085,6,3377,3376,29903,0,0,299,3077,0.042505779426687845,3376.0,0.0,0.0,0.0,3376.0,0.0,0.0,0.0,209,0,0,5,0,323743365.8887322,2747,0,0,1,1,2538,3085,1stcol4thboy,0,3376,3,3376,3376,selected_ABC,0,0,0
39,32,699,4729,263.4999112263439,4,0,250,699,1,732,731,4729,0,54,38,693,0.03593739961449364,730.9999897691886,530.2925675726914,31.00825470685959,26.98987752199173,731.000004016286,618.5417931374042,30.984009444713593,26.96774959564209,1,0,0,0,0,33682060.2734038,250,0,0,0,0,249,699,1strowleftboyturning,54,731,4,731,731,selected_ABC,693,0,47
3262,3184,224,17721,231.31095052579045,5,0,183,224,3,3817,3816,17721,0,0,3226,590,0.6314972418395399,3816.0,0.0,0.0,0.0,3816.0,0.0,0.0,0.0,36,0,0,2,0,3386650.760355202,183,0,2,2,0,147,224,1strowrightdrillmaster,0,3816,5,3816,3816,selected_ABC,0,0,0
2203,1590,1786,27255,1350.1537502047456,32,0,1940,1788,35,3540,3539,27255,0,16,2068,1471,0.36710332214629426,3539.0000389721126,0.0,9.186958968639374,0.0,3538.999945243744,0.0,9.180360019207,0.0,135,0,0,34,0,251198017.30244133,1940,11,11,9,8,1805,1788,1strowrightgirl3540,16,3539,32,3539,3539,selected_ABC,0,0,0
212,212,2,1031,4.9478871284715735,0,0,0,2,0,222,221,1031,0,121,212,9,0.758098524485867,221.00000046917492,0.0,69.4822279214859,0.0,220.99999823010023,0.0,69.42307424545288,0.0,0,0,0,0,0,0.0,0,0,0,0,0,0,2,2girl,121,221,0,221,221,selected_ABC,0,0,0
22,20,215,1405,72.09303467971291,6,0,74,216,1,238,236,1400,0,0,22,214,0.058152987743722476,236.0,0.0,0.0,0.0,236.0,0.0,0.0,0.0,0,0,0,0,0,6733134.607652271,74,0,1,0,0,74,216,2girlup,0,237,6,236,236,selected_ABC,0,0,0
269,269,0,1293,1.6110178849806016,0,0,0,0,0,270,269,1293,0,80,269,0,0.8197828281715794,268.99999954181214,0.0,45.91522216796875,0.0,268.999992858686,0.0,45.89511555433273,0.0,0,0,0,0,0,0.0,0,0,0,0,0,0,0,2runseven,80,269,0,269,269,selected_ABC,0,0,0
110,110,0,553,2.194947737027108,0,0,0,0,0,117,116,553,0,48,110,6,0.7192057728125567,116.00000188311952,0.0,27.56253707408905,0.0,116.00000055490395,0.0,27.5386181473732,0.0,0,0,0,0,0,0.0,0,0,0,0,0,0,0,3bike1,48,116,0,116,116,selected_ABC,0,0,0
174,174,0,810,3.813877280013446,0,0,0,0,0,181,180,810,0,134,174,6,0.7701829655591593,179.99999961021462,0.0,76.9823750257492,0.0,180.00000172764933,0.0,76.91665643453598,0.0,0,0,0,0,0,0.0,0,0,0,0,0,0,0,3men,134,180,0,180,180,selected_ABC,0,0,0
221,221,1,1294,13.908427380028227,0,0,27,1,0,234,227,1234,0,108,221,6,0.7964674018381201,226.99999713220816,0.0,62.013958513736725,0.0,227.00000163512416,0.0,61.97204917669296,0.0,0,0,0,0,0,7615669.961906217,27,0,0,0,0,21,1,3pinkleft,108,233,0,227,227,selected_ABC,0,0,0
323,312,9,1665,21.023890226000674,3,0,17,8,1,331,330,1665,0,137,319,11,0.7943643147056674,329.9999996357214,0.0,78.62399983406067,0.0,329.9999999899756,0.0,78.59946721792221,0.0,4,0,0,1,0,2021671.265442382,17,1,1,2,2,13,8,3rdfatboy,137,330,3,330,330,selected_ABC,0,0,0
657,607,183,3940,121.40264199070668,9,0,83,182,4,832,831,3940,0,0,642,189,0.54930074514025,831.0,0.0,0.0,0.0,831.0,0.0,0.0,0.0,15,0,0,3,0,1905553.4257940913,83,1,1,2,2,68,182,3rdgrouplastboy,0,831,9,831,831,selected_ABC,0,0,0
99,99,0,554,2.7570204625276094,0,0,11,0,0,104,103,554,0,79,99,4,0.8299086679761785,102.99999917484432,0.0,45.37440222501755,0.0,103.00000004542855,0.0,45.32813733816147,0.0,0,0,0,0,0,1582782.1167210527,11,0,0,0,0,11,0,3thmoto,79,103,0,103,103,selected_ABC,0,0,0
401,401,0,2032,13.63120014459324,0,0,0,0,0,414,413,2032,0,413,401,12,0.7520635423973959,412.99999963856914,0.0,237.15302520990372,0.0,412.9999991459641,0.0,236.96361166238785,0.0,0,0,0,0,0,0.0,0,0,0,0,0,0,0,4men,413,413,0,413,413,selected_ABC,0,0,0
295,258,56,1734,52.433922822878685,2,0,38,56,5,315,314,1734,0,62,288,26,0.6878123072958561,314.0000062026914,0.0,35.586331367492676,0.0,313.9999990440076,0.0,35.57142525911331,0.0,7,0,0,5,0,2321321.3616083288,38,1,1,1,1,31,56,4thboywithwhite,62,314,2,314,314,selected_ABC,0,0,0
267,209,269,3228,115.6333040915989,2,0,165,269,2,487,486,3228,0,123,267,219,0.3569827415883384,485.99999182445026,0.0,70.5914226770401,0.0,486.0000058845143,0.0,70.57171660661697,0.0,0,0,0,1,0,32832041.997007243,165,0,0,0,0,165,269,7rightorangegirl,123,486,2,486,486,selected_ABC,0,0,0
266,265,88,1918,28.876519916176022,3,0,31,87,1,372,371,1918,0,216,266,105,0.5199304367782404,370.9999995704411,0.0,124.0004004240036,0.0,370.9999983407721,0.0,123.92261213064194,0.0,0,0,0,1,0,2608443.9415738937,31,0,0,1,1,31,87,AQgirlwalkinrain,216,371,3,371,371,selected_ABC,0,0,0
94,94,0,450,1.2500105833944724,0,0,0,0,0,95,94,450,0,94,94,0,0.8377875832504317,93.99999956682478,0.0,53.98618644475937,0.0,94.00000028642492,0.0,53.93333715200424,0.0,0,0,0,0,0,0.0,0,0,0,0,0,0,0,AQtruck2north,94,94,0,94,94,selected_ABC,0,0,0
306,306,2,1808,5.348892867790057,0,0,41,2,0,353,312,1423,0,103,306,6,0.8309704612059312,312.00000104238507,0.0,59.13758856058121,0.0,311.9999996960514,0.0,59.093758285045624,0.0,0,0,0,0,0,3391013.53496472,41,0,0,0,0,4,2,ab_bikeoccluded,103,352,0,312,312,selected_ABC,0,0,0
385,371,106,2642,31.056576629202507,2,0,77,105,2,488,487,2642,0,274,379,108,0.6413009458790008,487.00000126695585,0.6627769263821098,157.3242449760437,0.5742806196212769,487.00000345046783,1.0031179089631586,157.19565856456757,0.5737094879150391,6,0,0,2,0,15175106.009578602,77,0,0,1,0,71,105,ab_blkskirtgirl,274,487,2,487,487,selected_ABC,1,0,1
1897,1848,714,16689,529.4388067115278,8,0,503,715,16,3247,3246,16689,0,306,1865,1381,0.509688868069752,3245.9999948448008,819.462175408336,175.64660847187042,141.78112840652466,3246.000042003859,940.719464311433,175.57461845874786,141.7240868806839,32,0,0,16,0,359238899.09164023,503,1,4,4,2,471,715,ab_bolstershaking,306,3246,8,3246,3246,selected_ABC,834,0,247
691,691,0,3069,10.163628186080066,0,0,1,0,0,696,695,3069,0,203,691,4,0.7827914914527204,695.0000012324441,0.0,116.59340178966522,0.0,694.9999932151469,0.0,116.472975730896,0.0,0,0,0,0,0,70266.02381219622,1,0,0,0,0,1,0,ab_girlchoosesbike,203,695,0,695,695,selected_ABC,0,0,0
313,313,36,2103,13.176440925373107,4,0,71,35,2,388,355,1803,0,258,313,42,0.7031537180979551,354.99999970735996,0.0,148.17028933763504,0.0,354.9999987195785,0.0,148.02234131097794,0.0,0,0,0,2,0,9934649.748849235,71,0,0,1,0,43,35,ab_girlcrossroad,258,387,1,355,355,selected_ABC,0,0,0
32,29,157,1253,21.748511282802347,12,0,66,152,3,194,193,1253,0,0,32,161,0.1330850402414317,193.0,0.0,0.0,0.0,193.0,0.0,0.0,0.0,0,0,0,2,0,12563263.09027358,66,0,0,6,3,66,152,ab_pingpongball2,0,193,12,193,193,selected_ABC,0,0,0
788,595,790,10787,466.1116787213782,13,0,613,784,21,1806,1805,10787,0,0,714,1091,0.3122056257198897,1805.0,0.0,0.0,0.0,1805.0,0.0,0.0,0.0,74,0,0,21,0,312792757.29254735,613,0,4,8,2,539,784,ab_rightlowerredcup_quezhen,0,1805,13,1805,1805,selected_ABC,0,0,0
293,270,203,2905,113.36604992611245,6,0,92,202,4,518,507,2855,0,146,281,226,0.4358848501038925,507.00000174235157,0.0,83.82049888372421,0.0,507.0000008921785,0.0,83.77779430150986,0.0,12,0,0,4,0,24217609.43013403,92,1,1,2,1,80,202,ab_whiteboywithbluebag,146,517,6,507,507,selected_ABC,0,0,0
1297,1160,199,5522,229.78744350656933,3,0,90,200,10,1411,1410,5522,0,201,1288,122,0.6915302532061313,1410.000027621376,0.0,115.34436815977097,0.0,1410.000002348492,0.0,115.32851874828339,0.0,9,0,0,10,0,16844088.06333967,90,2,2,1,1,81,200,advancedredcup,201,1410,3,1410,1410,selected_ABC,0,0,0
105,102,0,626,8.704547031803845,0,0,18,0,0,111,110,626,0,77,102,8,0.710501273320893,109.99999933196437,0.0,44.225382685661316,0.0,110.0000004169972,0.0,44.1880709528923,0.0,3,0,0,0,0,3719931.677627282,18,0,0,0,0,15,0,baggirl,77,110,0,110,110,selected_ABC,0,0,0
1083,1030,274,8939,206.63625846946385,19,0,470,270,12,1505,1489,8855,0,33,1049,440,0.5586533622984633,1489.0000067601243,0.0,18.934116661548615,0.0,1488.9999801593997,0.0,18.9327050447464,0.0,34,0,0,11,0,53241373.08755594,470,3,3,7,6,432,270,ballshootatthebasket3times,33,1504,18,1489,1489,selected_ABC,0,0,0
143,119,572,5831,150.90807355332893,20,2,391,568,8,849,743,4990,2,34,137,606,0.14647080405789734,742.9999989410449,0.0,19.515377461910248,0.0,743.0000069706107,0.0,19.50676715373993,0.0,6,2,2,8,1,64313425.36846664,391,0,3,9,7,315,568,basketball849,34,848,19,743,743,selected_ABC,0,0,0
22,16,33,412,15.000953615717934,1,0,26,33,2,64,63,412,0,0,17,46,0.2805038261371586,63.0,0.0,0.0,0.0,63.0,0.0,0.0,0.0,5,0,0,1,0,4735998.540657332,26,0,0,0,0,21,33,basketballathand,0,63,1,63,63,selected_ABC,0,0,0
74,74,0,399,4.102745480149467,0,0,0,0,0,85,84,399,0,70,74,10,0.6782983437330263,83.99999965771761,0.0,40.190424263477325,0.0,84.00000082232589,0.0,40.168273985385895,0.0,0,0,0,0,0,0.0,0,0,0,0,0,0,0,basketboy,70,84,0,84,84,selected_ABC,0,0,0
279,279,0,1315,4.105121544219095,0,0,0,0,0,280,279,1315,0,265,279,0,0.8035534503219441,279.0000005914861,0.0,152.1683313846588,0.0,278.9999994523767,0.0,152.03966933488846,0.0,0,0,0,0,0,0.0,0,0,0,0,0,0,0,bawgirl,265,279,0,279,279,selected_ABC,0,0,0
195,195,1,1027,8.716730133981494,0,0,11,1,0,199,198,1027,0,33,195,3,0.7402450750783335,198.0000011118483,0.0,18.936976552009583,0.0,198.00000154692142,0.0,18.93582147359848,0.0,0,0,0,0,0,2678833.4650194612,11,0,0,0,0,11,1,belowdarkgirl,33,198,0,198,198,selected_ABC,0,0,0
1009,1001,22,6516,58.06781266401903,0,0,90,22,1,1223,1222,6516,0,167,1003,219,0.6799818342331039,1222.0000025870056,0.0,95.91119402647018,0.0,1222.0000040273371,0.0,95.83541214466095,0.0,6,0,0,1,0,107802857.87540552,90,0,0,0,0,84,22,besom3,167,1222,0,1222,1222,selected_ABC,0,0,0
646,640,1,3021,12.737219081597342,0,0,15,1,0,651,650,3021,0,369,640,10,0.8231917827977496,650.0000018796604,0.0,211.80374044179916,0.0,649.9999997785734,0.0,211.71503418684006,0.0,6,0,0,0,0,2355277.969568452,15,0,0,0,0,9,1,bike,369,650,0,650,650,selected_ABC,0,0,0
251,248,6,1307,9.175777215291987,0,0,11,6,1,257,256,1307,0,195,251,5,0.8174098435068036,255.99999901348022,0.0,111.97763180732727,0.0,255.99999935896136,0.0,111.89081919193268,0.0,0,0,0,1,0,10541966.612374121,11,0,0,0,0,11,6,bike2left,195,256,0,256,256,selected_ABC,0,0,0
120,119,3,601,6.087617005656776,0,0,12,3,0,146,145,601,0,82,119,26,0.7236787592296247,145.00000151969846,0.0,47.09389638900757,0.0,145.0000002243704,0.0,47.04573953151703,0.0,1,0,0,0,0,1495829.4879940113,12,0,0,0,0,11,3,bike2trees,82,145,0,145,145,selected_ABC,0,0,0
108,108,0,541,2.3953247306103616,0,0,0,0,0,113,112,541,0,108,108,4,0.8100092467398403,112.00000016715792,0.0,62.00911068916321,0.0,112.00000044331007,0.0,61.96977508068085,0.0,0,0,0,0,0,0.0,0,0,0,0,0,0,0,bikeboy,108,112,0,112,112,selected_ABC,0,0,0
393,296,461,4937,198.15122111442986,12,0,198,461,5,826,825,4937,0,228,391,434,0.31157989076132275,824.9999870279736,354.8892048406455,130.91929656267166,5.738906621932983,825.0000055752221,507.85218643318086,130.885556101799,5.738966524600983,2,0,0,4,0,91305106.15336265,198,2,3,8,3,196,461,bikeboyintodark,228,825,12,825,825,selected_ABC,578,0,10
415,415,0,2194,41.22977530926082,0,0,9,0,0,467,466,2194,0,305,415,51,0.7102572028132751,466.0000027943811,0.0,175.22034084796906,0.0,466.000008196366,0.0,175.0456566810608,0.0,0,0,0,0,0,486595.97292396985,9,0,0,0,0,9,0,bikeboyright,305,466,0,466,466,selected_ABC,0,0,0
128,128,0,736,11.056223717961075,0,0,0,0,0,155,154,736,0,109,128,26,0.6019363649819991,153.9999995063008,0.0,62.592995166778564,0.0,153.99999782436555,0.0,62.54181897640228,0.0,0,0,0,0,0,0.0,0,0,0,0,0,0,0,bikeboyturn,109,154,0,154,154,selected_ABC,0,0,0
242,242,0,1163,0.5392166078119218,0,0,0,0,0,243,242,1163,0,240,242,0,0.9257853859398564,242.00000048878297,0.0,137.8734611272812,0.0,242.00000186976766,0.0,137.69544923305511,0.0,0,0,0,0,0,0.0,0,0,0,0,0,0,0,bikeboyturntimes,240,242,0,242,242,selected_ABC,0,0,0
219,219,0,988,1.1546878269619336,0,0,0,0,0,220,219,988,0,219,219,0,0.8550736726369457,218.9999990545327,0.0,125.76679545640945,0.0,218.9999994021731,0.0,125.65152597427368,0.0,0,0,0,0,0,0.0,0,0,0,0,0,0,0,bikeboywithumbrella,219,219,0,219,219,selected_ABC,0,0,0
160,159,0,877,6.462737838973927,0,0,7,0,0,172,171,877,0,32,159,12,0.7449194924735071,171.00000001700295,0.0,18.377137303352356,0.0,171.0000002540873,0.0,18.360423803329468,0.0,1,0,0,0,0,331253.3484855101,7,0,0,0,0,6,0,bikefromlight,32,171,0,171,171,selected_ABC,0,0,0
108,107,132,1543,19.352339565403,0,0,76,132,2,284,283,1543,0,41,108,175,0.3283838105731115,282.99999986273394,0.0,23.540715098381042,0.0,282.9999943181531,0.0,23.523084342479706,0.0,0,0,0,1,0,28938215.553134438,76,0,0,0,0,76,132,bikegoindark,41,283,0,283,283,selected_ABC,0,0,0
138,138,0,654,1.0149575438035747,0,0,0,0,0,140,139,654,0,39,138,1,0.7595582855933953,138.9999999095738,0.0,22.398562371730804,0.0,138.99999753650366,0.0,22.37447875738144,0.0,0,0,0,0,0,0.0,0,0,0,0,0,0,0,bikeinrain,39,139,0,139,139,selected_ABC,0,0,0
22,6,118,567,83.56632594032484,0,0,0,118,1,131,130,567,0,0,22,108,0.05224076399922772,130.0,0.0,0.0,0.0,130.0,0.0,0.0,0.0,0,0,0,0,0,0.0,0,0,0,0,0,0,118,biketurnright,0,130,0,130,130,selected_ABC,0,0,0
431,431,0,2149,2.034831452980806,0,0,0,0,0,432,431,2149,0,419,431,0,0.8666145152638963,431.0000001974915,0.0,240.5912445783615,0.0,431.00000222826367,0.0,240.45049184560776,0.0,0,0,0,0,0,0.0,0,0,0,0,0,0,0,blackboy,419,431,0,431,431,selected_ABC,0,0,0
294,294,0,1392,2.877560981017012,0,0,0,0,0,295,294,1392,0,289,294,0,0.8897825978178677,294.0000011779613,0.0,165.96647828817368,0.0,294.00000009458194,0.0,165.82948553562164,0.0,0,0,0,0,0,0.0,0,0,0,0,0,0,0,blackboyoncall,289,294,0,294,294,selected_ABC,0,0,0
125,125,0,594,4.302474451412882,0,0,0,0,0,126,125,594,0,125,125,0,0.7595815518696178,125.00000025417103,0.0,71.78988951444626,0.0,125.00000116831045,0.0,71.7347566485405,0.0,0,0,0,0,0,0.0,0,0,0,0,0,0,0,blackcarturn,125,125,0,125,125,selected_ABC,0,0,0
60,60,1,287,1.6663634987847622,1,0,3,1,0,62,61,287,0,0,60,1,0.7510337659407677,61.0,0.0,0.0,0.0,61.0,0.0,0.0,0.0,0,0,0,0,0,115225.91504374349,3,0,0,0,0,3,1,blackdown,0,61,1,61,61,selected_ABC,0,0,0
214,213,1,1019,7.505621335805128,0,0,11,1,0,217,216,1019,0,72,213,3,0.7567606408419849,215.9999971722707,0.0,41.34874475002289,0.0,216.00000197855448,0.0,41.31285339593887,0.0,1,0,0,0,0,3672872.4320510197,11,0,0,0,0,10,1,blackgirl,72,216,0,216,216,selected_ABC,0,0,0
11567,11337,1238,62680,1042.3554179462503,22,0,149,1233,30,12862,12861,62680,0,6782,11554,1307,0.7037660096415917,12860.999995342416,167.25844224495182,3892.242456793785,75.75799608230591,12860.999993371233,207.96375666819833,3891.401828944683,75.74114632606506,13,0,0,30,0,23573995.04239706,149,5,8,13,9,136,1233,blkboy`shead,6782,12861,22,12861,12861,selected_ABC,219,0,132
168,167,0,789,1.6396098279403972,0,0,4,0,0,171,170,789,0,83,167,3,0.7808788505685929,170.00000394472713,0.0,47.66249996423721,0.0,170.00000120458094,0.0,47.63439476490021,0.0,1,0,0,0,0,2162143.5528800194,4,0,0,0,0,3,0,blkboyback,83,170,0,170,170,selected_ABC,0,0,0
293,286,11,1626,24.38054236237402,0,0,31,11,2,302,301,1626,0,82,290,11,0.723492665676114,301.00000152823833,0.0,47.08404898643494,0.0,300.99999423707095,0.0,47.05471360683441,0.0,3,0,0,2,0,5991897.005476362,31,0,0,0,0,28,11,blkboybetweenredandwhite,82,301,0,301,301,selected_ABC,0,0,0
65,57,22,435,17.435711533327268,2,0,18,23,1,82,81,435,0,0,64,17,0.5541492321907154,81.0,0.0,0.0,0.0,81.0,0.0,0.0,0.0,1,0,0,0,0,1221695.0039068845,18,1,1,1,0,17,23,blkboydown,0,81,2,81,81,selected_ABC,0,0,0
269,241,312,3072,156.56059559337587,19,0,60,312,3,556,555,3072,0,35,262,293,0.33521556948216885,555.0000009206987,0.0,20.083302915096283,0.0,555.0000017609038,0.0,20.080078899860382,0.0,7,0,0,2,1,5052040.484451792,60,1,5,3,1,53,312,blkboyhead,35,555,19,555,555,selected_ABC,0,0,0
4798,4152,2285,38822,1792.5428894983252,41,0,1033,2273,43,6983,6930,38497,0,2310,4610,2320,0.4922698608742176,6929.999996555862,436.99618355381796,1326.2941942811012,204.95186811685562,6929.999947441134,510.0923905189346,1325.6019685268402,204.85971021652222,188,0,0,43,2,185896150.82021677,1033,5,5,21,11,831,2273,blkboylefttheNo_21,2310,6982,40,6930,6930,selected_ABC,632,0,357
593,552,809,7467,516.5771585442377,4,0,186,810,3,1436,1435,7467,0,580,588,847,0.34188385184491443,1435.0000198261764,628.0873784232828,333.06345784664154,103.36333578824997,1435.0000042224685,314.5114226518103,332.85460191965103,103.30816179513931,5,0,0,2,0,57306753.73378714,186,1,2,2,0,181,810,blkboystand,580,1435,4,1435,1435,selected_ABC,646,0,180
339,339,0,1664,3.1144899036832983,0,0,0,0,0,340,339,1664,0,339,339,0,0.8644292288272665,338.9999987482689,0.0,194.6445450782776,0.0,338.99999991988255,0.0,194.4988803267479,0.0,0,0,0,0,0,0.0,0,0,0,0,0,0,0,blkboytakesumbrella,339,339,0,339,339,selected_ABC,0,0,0
505,459,196,3983,102.71018757752181,1,0,46,195,3,764,763,3983,0,91,480,283,0.4996552492867174,763.000000236878,0.0,52.22263354063034,0.0,763.0000020063544,0.0,52.21506613492966,0.0,25,0,0,2,1,2114140.583962358,46,0,0,1,1,21,195,blkcaratfrontbluebus,91,763,1,763,763,selected_ABC,0,0,0
330,330,0,1624,6.665826487546116,0,0,3,0,0,342,341,1624,0,160,330,11,0.7470004556913004,341.0000003971597,0.0,91.88849997520447,0.0,340.9999960166361,0.0,91.79761093854904,0.0,0,0,0,0,0,315236.33772024035,3,0,0,0,0,3,0,blkgirlumbrella,160,341,0,341,341,selected_ABC,0,0,0
511,467,61,2826,76.6696801467752,2,0,53,63,4,564,563,2826,0,107,500,63,0.6445856025585249,563.0000129801758,0.0,61.44933104515076,0.0,562.9999979868254,0.0,61.39683175086975,0.0,11,0,0,3,0,24618665.492299903,53,2,2,0,0,42,63,blkhairgirltakingblkbag,107,563,2,563,563,selected_ABC,0,0,0
155,147,24,952,16.437767617946967,1,0,22,25,1,187,186,952,0,69,155,31,0.6861626803427241,185.99999860347967,0.0,39.6240798830986,0.0,185.99999852589121,0.0,39.58761829137802,0.0,0,0,0,0,0,1003976.7276807287,22,1,1,0,0,22,25,blkmoto2north,69,186,1,186,186,selected_ABC,0,0,0
189,189,0,919,2.705657804128215,0,0,0,0,0,190,189,919,0,114,189,0,0.8153190860425681,189.00000109714443,0.0,65.45065915584564,0.0,189.00000056188682,0.0,65.4202818274498,0.0,0,0,0,0,0,0.0,0,0,0,0,0,0,0,blkstandboy,114,189,0,189,189,selected_ABC,0,0,0
140,140,0,666,0.8629192200899798,0,0,0,0,0,142,141,666,0,130,140,1,0.8585839382760446,141.00000009679462,0.0,74.60994565486908,0.0,141.00000023343443,0.0,74.58830815553665,0.0,0,0,0,0,0,0.0,0,0,0,0,0,0,0,blktribikecome,130,141,0,141,141,selected_ABC,0,0,0
326,326,0,1634,2.032176801503601,0,0,2,0,0,330,329,1634,0,317,326,3,0.8404003318828225,329.00000109896786,0.0,182.0337125658989,0.0,328.999998806267,0.0,181.92540401220322,0.0,0,0,0,0,0,1270765.4802232732,2,0,0,0,0,2,0,blueboy,317,329,0,329,329,selected_ABC,0,0,0
403,403,1,1996,8.98095012961066,0,0,7,1,0,421,420,1996,0,192,403,17,0.7799746816254433,420.0000000474721,0.0,110.2257364988327,0.0,420.0000005424835,0.0,110.15508967638016,0.0,0,0,0,0,0,1212404.7953097648,7,0,0,0,0,7,1,blueboy421,192,420,0,420,420,selected_ABC,0,0,0
1436,1436,0,7071,21.422093387330833,0,0,0,0,0,1437,1436,7071,0,1435,1436,0,0.8646917223646983,1436.0000029371813,0.0,823.884585916996,0.0,1435.999996105077,0.0,823.3723992705345,0.0,0,0,0,0,0,0.0,0,0,0,0,0,0,0,bluebuscoming,1435,1436,0,1436,1436,selected_ABC,0,0,0
218,213,5,1099,9.34358148790168,2,0,16,5,1,222,221,1099,0,64,217,4,0.773663090556515,221.00000411854634,0.0,36.7535195350647,0.0,221.0000002008168,0.0,36.717968821525574,0.0,1,0,0,1,0,2252590.246181603,16,1,1,1,1,15,5,bluegirlbiketurn,64,221,2,221,221,selected_ABC,0,0,0
82,40,404,2783,187.23240513635903,2,0,139,402,2,506,505,2783,0,1,71,434,0.10711425731585629,504.9999860525131,0.0,0.5739048719406128,0.0,504.99999836087227,0.0,0.5737048387527466,0.0,11,0,0,1,0,10790322.006890211,139,0,0,2,1,128,402,bottlebetweenboy`sfeet,1,505,2,505,505,selected_ABC,0,0,0
129,105,87,1155,40.41579477475973,6,0,31,89,4,206,205,1155,0,0,126,79,0.39873624334768243,205.0,0.0,0.0,0.0,205.0,0.0,0.0,0.0,3,0,0,3,0,2308597.97827646,31,3,3,1,1,28,89,boy2basketballground,0,205,6,205,205,selected_ABC,0,0,0
1629,1618,95,8775,94.43997296403548,15,0,122,93,4,1788,1787,8775,0,711,1627,160,0.6778247047394982,1787.0000046248097,0.0,408.17589539289474,0.0,1787.0000072970615,0.0,407.9122790694237,0.0,2,0,0,3,0,55705666.16806061,122,2,3,5,0,120,93,boy2buildings,711,1787,15,1787,1787,selected_ABC,0,0,0
199,199,1,951,3.2896130485065633,0,0,7,1,0,203,202,951,0,84,199,3,0.8218828768952201,202.00000018616933,0.0,48.2365180850029,0.0,201.99999874175438,0.0,48.19225353002548,0.0,0,0,0,0,0,1239368.3092140579,7,0,0,0,0,7,1,boy2trees,84,202,0,202,202,selected_ABC,0,0,0
807,804,156,5093,45.61222014121113,1,0,117,155,3,1083,1082,5093,0,257,807,275,0.5957931084194376,1082.0000094026072,0.0,147.59550023078918,0.0,1082.0000018965748,0.0,147.45144551992416,0.0,0,0,0,3,0,51664133.70312319,117,0,0,1,1,117,155,boy2treesfindbike,257,1082,1,1082,1082,selected_ABC,0,0,0
558,434,402,5142,186.5204337943973,26,0,183,403,7,851,850,5142,0,0,520,330,0.37024005588438014,850.0,0.0,0.0,0.0,850.0,0.0,0.0,0.0,38,0,0,6,1,16601950.677017141,183,5,7,8,6,145,403,boy`headwithouthat,0,850,26,850,850,selected_ABC,0,0,0
95,79,158,1706,89.1806190649952,6,0,74,158,4,269,268,1706,0,1,84,184,0.26012103787882823,267.9999923110008,0.0,0.5738760232925415,0.0,268.0000041425228,0.0,0.5737422704696655,0.0,11,0,0,3,1,2306136.117781874,74,0,1,2,1,63,158,boy`sheadingreycol,1,268,6,268,268,selected_ABC,0,0,0
96,95,6,367,1.5152777112351647,0,0,0,6,1,102,101,367,0,17,96,5,0.7617797442203578,101.00000133546146,0.0,9.759398579597473,0.0,100.9999992390403,0.0,9.753251194953918,0.0,0,0,0,1,0,0.0,0,0,0,0,0,0,6,boyaftertree,17,101,0,101,101,selected_ABC,0,0,0
1721,1573,809,12222,517.4101549277738,17,0,175,809,3,2469,2457,12179,0,1132,1715,742,0.5213827360774845,2456.999994675339,405.08993783586766,650.0029959082603,180.8870006799698,2456.99999615849,429.7229975500788,649.4619723558426,180.7247313261032,6,0,0,3,0,27091041.923520304,175,2,3,2,1,169,809,boyaroundtrees,1132,2468,16,2457,2457,selected_ABC,567,0,315
424,389,52,3113,51.94709941085884,0,0,130,52,4,494,493,3113,0,241,396,97,0.701293242545966,492.99999280642214,0.0,138.35078692436218,0.0,492.9999999499998,0.0,138.3033350110054,0.0,28,0,0,4,0,17571257.41358134,130,0,0,0,0,102,52,boyatdoorturnright,241,493,0,493,493,selected_ABC,0,0,0
701,701,21,3538,21.45520902978386,0,0,12,21,1,751,750,3538,0,441,701,49,0.7560175741481819,749.9999990548905,0.0,253.17155873775482,0.0,749.9999967774878,0.0,253.0249261856079,0.0,0,0,0,1,0,4103904.916823301,12,0,0,0,0,12,21,boydownplatform,441,750,0,750,750,selected_ABC,0,0,0
281,281,0,1405,4.087754877260343,0,0,1,0,0,285,283,1400,0,85,281,2,0.8539434764005912,282.99999950193427,0.0,48.829131841659546,0.0,282.99999998943224,0.0,48.7710537314415,0.0,0,0,0,0,0,219179.9536598426,1,0,0,0,0,1,0,boyfromdark,85,284,0,283,283,selected_ABC,0,0,0
316,310,6,1217,13.87700808521582,1,0,2,7,1,319,318,1217,0,15,316,2,0.7798546250323938,318.0000005525694,0.0,8.60875689983368,0.0,318.0000018376502,0.0,8.605293571949005,0.0,0,0,0,1,0,96852.10554269125,2,1,1,0,0,2,7,boyinlight,15,318,1,318,318,selected_ABC,0,0,0
868,865,63,4310,36.65806236649982,4,0,58,63,2,975,974,4310,0,145,868,106,0.6863847945199968,974.0000080221736,0.0,83.29455232620239,0.0,973.9999990128089,0.0,83.1881952881813,0.0,0,0,0,2,0,15483003.538636971,58,1,2,2,2,58,63,boyinplatform,145,974,4,974,974,selected_ABC,0,0,0
1368,1366,13,6800,25.635772758257737,0,0,20,13,1,1418,1417,6800,0,1109,1366,51,0.8424816667147866,1417.0000010184485,12.637328185376452,636.679996073246,4.5940011739730835,1417.0000016048518,13.479258485888698,636.3671708703041,4.589716196060181,2,0,0,1,0,10277380.276192382,20,0,0,0,0,18,13,boyinsnowfield3,1109,1417,0,1417,1417,selected_ABC,19,0,8
356,339,72,2646,62.29714838915274,2,0,112,71,2,426,425,2646,0,0,345,80,0.6163771948163431,425.0,0.0,0.0,0.0,425.0,0.0,0.0,0.0,11,0,0,1,0,5925488.198838908,112,0,1,1,1,101,71,boyleftblkrunning2crowd,0,425,2,425,425,selected_ABC,0,0,0
4692,4665,156,24690,240.48802421544116,1,0,37,157,3,4921,4918,24685,0,4116,4684,235,0.8227146348885359,4918.003711440738,119.00027715211459,2363.3220601677895,66.60960304737091,4917.997192061338,141.7202631289983,2361.8030626773834,66.55580824613571,8,0,0,2,0,16019442.746201582,37,0,1,0,0,29,157,boylefttheNo_9boy,4117,4920,1,4919,4919,selected_ABC,145,0,116
307,307,0,1541,11.62676122273136,0,0,0,0,0,310,308,1536,0,89,307,1,0.7400018261122031,307.9999948830043,0.0,51.10095226764679,0.0,308.0000041657306,0.0,51.061601400375366,0.0,0,0,0,0,0,0.0,0,0,0,0,0,0,0,boyoncall,89,309,0,308,308,selected_ABC,0,0,0
430,419,11,2308,39.00012848908103,2,0,43,11,2,436,434,2303,0,156,428,6,0.7730608530294658,434.0000002066555,0.0,89.56415784358978,0.0,433.9999947046389,0.0,89.49911975860596,0.0,2,0,0,2,0,2457013.8055202966,43,1,1,1,1,41,11,boyplayphone,156,435,2,434,434,selected_ABC,0,0,0
786,698,737,10029,296.4519516236438,8,0,365,734,7,1840,1837,10016,0,334,732,1105,0.3424135276448066,1836.99999946642,581.8332368773515,191.8331943154335,29.292998731136322,1837.000000769436,58.46908531320144,191.6315867304802,29.26342684030533,54,0,0,6,1,193472786.05559656,365,1,3,5,1,310,734,boyride2path,334,1839,8,1837,1837,selected_ABC,884,0,51
181,181,0,904,0.3569990092498687,0,0,0,0,0,182,181,904,0,181,181,0,0.9236340061045796,181.0000002786682,0.0,103.92969065904617,0.0,181.00000105890825,0.0,103.87013906240463,0.0,0,0,0,0,0,0.0,0,0,0,0,0,0,0,boyruninsnow,181,181,0,181,181,selected_ABC,0,0,0
272,249,178,2425,142.39975357623172,6,0,40,179,3,464,463,2425,2,274,252,211,0.4618993911748835,462.99999771519657,114.5773315733353,157.3175010085106,61.98955428600311,462.9999990584445,113.9967084230245,157.2081395983696,61.961918234825134,20,2,2,3,0,2784327.874556196,40,2,3,1,0,20,179,boyscomeleft,274,463,6,463,463,selected_ABC,122,1,108
9246,9221,25,47032,259.84197402303266,6,0,251,25,3,9684,9683,47032,0,3340,9232,451,0.7439783621781192,9682.99996562521,0.0,1917.337738454342,0.0,9683.000012019058,0.0,1916.524957895279,0.0,14,0,0,3,0,82580606.70411403,251,1,4,2,2,237,25,boyshead9684,3340,9683,6,9683,9683,selected_ABC,0,0,0
299,248,52,2535,72.9670146334987,0,0,151,52,6,375,374,2535,0,40,265,109,0.5489279181455416,373.9999947885293,0.0,22.976723790168762,0.0,374.0000078511127,0.0,22.950559735298157,0.0,34,0,0,5,0,22846463.74118611,151,0,0,0,0,117,52,boyss,40,374,0,374,374,selected_ABC,0,0,0
1014,922,433,7435,212.9980106392088,18,0,202,434,12,1432,1431,7435,0,568,1005,426,0.5330199807636963,1430.9999955838052,0.0,326.0226532816887,0.0,1431.0000009701935,0.0,326.0003210902214,0.0,9,0,0,11,0,58065717.14112179,202,8,8,8,6,193,434,boytakingbasketballfollowing,568,1431,18,1431,1431,selected_ABC,0,0,0
252,251,0,1280,4.635734833079481,0,0,6,0,0,262,259,1270,0,116,251,8,0.7457774368968318,258.99999891518786,0.0,66.59998840093613,0.0,259.0000030186714,0.0,66.56691318750381,0.0,1,0,0,0,0,2630980.176253157,6,0,0,0,0,5,0,boytakingplate2left,116,261,0,259,259,selected_ABC,0,0,0
309,102,499,3523,438.83405411399326,0,0,103,499,2,613,612,3523,0,126,295,317,0.14544577778767065,611.999995465446,469.1769915891842,72.3171643614769,56.822316348552704,612.0000032747973,465.15062773132007,72.29890441894531,56.807006776332855,14,0,0,1,0,41216121.93854523,103,0,0,0,0,89,499,boyunder2baskets,126,612,0,612,612,selected_ABC,479,0,99
955,955,0,4609,21.719468190411007,0,0,0,0,0,965,964,4609,0,855,955,9,0.7866281328594529,963.9999987936421,0.0,491.02224057912827,0.0,963.9999981691922,0.0,490.633007645607,0.0,0,0,0,0,0,0.0,0,0,0,0,0,0,0,boywaitgirl,855,964,0,964,964,selected_ABC,0,0,0
653,653,0,3094,4.961819013174306,0,0,0,0,0,658,657,3094,0,579,653,4,0.8679176411248147,656.9999984273888,0.0,332.37188082933426,0.0,656.999999289961,0.0,332.2303004860878,0.0,0,0,0,0,0,0.0,0,0,0,0,0,0,0,boywalkinginsnow2,579,657,0,657,657,selected_ABC,0,0,0
8023,7892,601,47045,723.9232364858103,10,0,403,602,39,9538,9531,47016,0,2356,7976,1555,0.6583272454646959,9530.999991490946,6.976580735666645,1352.9321004748344,1.1483820080757141,9531.000025573256,6.458384219891534,1351.8985814452171,1.147389829158783,47,0,0,39,0,192916456.12380663,403,1,5,5,1,356,602,broom,2356,9537,10,9531,9531,selected_ABC,12,0,2
113,113,0,580,2.0853831812786967,0,0,3,0,0,114,113,580,0,0,113,0,0.705699662394616,113.0,0.0,0.0,0.0,113.0,0.0,0.0,0.0,0,0,0,0,0,47105.03125181387,3,0,0,0,0,3,0,carbehindtrees,0,113,0,113,113,selected_ABC,0,0,0
100,100,0,455,0.2518788123482637,0,0,0,0,0,101,100,455,0,100,100,0,0.8631662201358956,100.00000046229621,0.0,57.39322727918625,0.0,99.99999945661791,0.0,57.3768225312233,0.0,0,0,0,0,0,0.0,0,0,0,0,0,0,0,carcomeonlight,100,100,0,100,100,selected_ABC,0,0,0
146,132,214,2078,95.56469111862425,3,0,57,213,3,391,390,2078,0,156,145,245,0.3194730608099266,389.99999595647415,144.52452707508291,89.58191561698914,25.838980197906494,389.99999779673806,65.88620837349588,89.53382229804993,25.823928117752075,1,0,0,2,0,12774965.760866882,57,0,0,1,0,56,213,carcomingfromlight,156,390,3,390,390,selected_ABC,196,0,45
148,146,0,811,9.78268594057865,0,0,14,0,0,155,154,811,0,88,146,8,0.7672277411695447,154.00000051057273,0.0,50.51144516468048,0.0,154.00000026279764,0.0,50.48928415775299,0.0,2,0,0,0,0,563026.2829312199,14,0,0,0,0,12,0,carcominginlight,88,154,0,154,154,selected_ABC,0,0,0
69,69,0,332,0.6842188909674104,0,0,0,0,0,70,69,332,0,59,69,0,0.8146335010032804,68.99999922360094,0.0,33.87487518787384,0.0,68.99999957150366,0.0,33.84965497255325,0.0,0,0,0,0,0,0.0,0,0,0,0,0,0,0,carlight2,59,69,0,69,69,selected_ABC,0,0,0
92,92,0,449,0.5879396727918381,0,0,0,0,0,93,92,449,0,92,92,0,0.8532036025867337,91.99999968548175,0.0,52.81614536046982,0.0,91.99999976954379,0.0,52.784982085227966,0.0,0,0,0,0,0,0.0,0,0,0,0,0,0,0,carlightcome2,92,92,0,92,92,selected_ABC,0,0,0
85,85,0,408,1.9449857787583127,0,0,0,0,0,86,85,408,0,76,85,0,0.7791630034346094,85.00000004270908,0.0,43.63500767946243,0.0,85.00000033210358,0.0,43.60361760854721,0.0,0,0,0,0,0,0.0,0,0,0,0,0,0,0,caronlight,76,85,0,85,85,selected_ABC,0,0,0
116,116,0,579,0.3015769962759732,0,0,0,0,0,117,116,579,0,116,116,0,0.889295126997532,115.99999956752703,0.0,66.62417870759964,0.0,116.0000000207326,0.0,66.55511564016342,0.0,0,0,0,0,0,0.0,0,0,0,0,0,0,0,carturn117,116,116,0,116,116,selected_ABC,0,0,0
221,210,243,2367,160.8921122129793,5,0,37,243,2,481,480,2367,0,282,220,260,0.36205426966247845,480.00000150153295,202.90737346129575,161.96864980459213,99.95043325424194,480.00000070007076,208.52106682615357,161.87195575237274,99.87680274248123,1,0,0,1,0,23424605.148863897,37,0,1,2,0,36,243,carwillturn,282,480,5,480,480,selected_ABC,218,0,174
90,90,0,448,1.3188444640801322,0,0,0,0,0,91,90,448,0,90,90,0,0.8827460787408563,90.00000042703076,0.0,51.671534955501556,0.0,89.99999969464555,0.0,51.64680391550064,0.0,0,0,0,0,0,0.0,0,0,0,0,0,0,0,catbrown2,90,90,0,90,90,selected_ABC,0,0,0
1069,966,297,7339,140.97643202835172,0,0,205,297,1,1343,1342,7339,0,998,1036,306,0.6677930114214492,1341.9999884980216,98.9105706512928,572.8872914910316,0.5738511085510254,1341.9999929084759,80.88159728050232,572.6988645792007,0.5737619400024414,33,0,0,1,0,39994772.28592301,205,0,0,0,0,172,297,catbrownback2bush,998,1342,0,1342,1342,selected_ABC,343,0,1
70,59,37,529,23.379703238055562,2,0,13,38,1,101,100,529,0,19,68,32,0.45165455384998326,99.99999821525125,0.0,10.910687744617462,0.0,100.00000134271815,0.0,10.904634952545166,0.0,2,0,0,0,0,1831248.6883696318,13,0,1,0,0,11,38,couple,19,100,2,100,100,selected_ABC,0,0,0
83,83,0,415,1.685486713440789,0,0,0,0,0,84,83,415,0,83,83,0,0.9334216573317238,82.99999946067479,0.0,47.67257857322693,0.0,82.99999981213273,0.0,47.62300604581833,0.0,0,0,0,0,0,0.0,0,0,0,0,0,0,0,darkcarturn,83,83,0,83,83,selected_ABC,0,0,0
609,608,0,2954,6.709091872309617,0,0,2,0,0,613,612,2954,0,544,608,4,0.8173989907965725,611.9999982776336,0.0,312.368076980114,0.0,612.000001582305,0.0,312.1002585887909,0.0,1,0,0,0,0,151501.27947046576,2,0,0,0,0,1,0,darkgirl,544,612,0,612,612,selected_ABC,0,0,0
579,519,89,4739,91.03950205322515,0,0,282,89,8,749,748,4739,0,0,535,213,0.5512910727690454,748.0,0.0,0.0,0.0,748.0,0.0,0.0,0.0,44,0,0,8,0,9086417.227822362,282,0,0,0,0,238,89,darkouterwhiteboy,0,748,0,748,748,selected_ABC,0,0,0
402,402,30,1960,19.329579176208846,1,0,13,29,1,503,502,1960,0,303,402,100,0.7117324507194843,502.00000105763434,0.0,173.92804795503616,0.0,501.99999754921123,0.0,173.86703723669052,0.0,0,0,0,1,0,7224044.230238579,13,0,0,1,0,13,29,darktreesboy,303,502,1,502,502,selected_ABC,0,0,0
643,522,576,5418,501.9239148540962,0,0,0,576,1,1117,1116,5418,0,705,643,473,0.395898686431677,1115.9999993964793,570.5322314899204,404.8192995786667,157.3475741147995,1116.000000163837,572.5315002325947,404.5563262104988,157.22404062747955,0,0,0,0,0,0.0,0,0,0,0,0,0,576,drillmaster1117,705,1116,0,1116,1116,selected_ABC,575,0,274
585,510,470,6421,191.85380351135245,4,0,341,470,1,982,981,6421,0,279,576,405,0.4005116063185623,981.0000137955079,0.0,160.1450054049492,0.0,981.0000049865475,0.0,160.07384234666824,0.0,9,0,0,1,0,75384145.00087634,341,1,1,1,0,332,470,drillmasterfollowingatright,279,981,4,981,981,selected_ABC,0,0,0
211,206,30,1328,14.88918017237162,0,0,41,30,1,254,253,1328,0,0,209,44,0.5977217871363001,253.0,0.0,0.0,0.0,253.0,0.0,0.0,0.0,2,0,0,1,0,1692278.1254233324,41,0,0,0,0,39,30,farfatboy,0,253,0,253,253,selected_ABC,0,0,0
492,331,585,5560,509.5570123358277,2,0,30,587,5,1160,1159,5560,0,366,490,669,0.3015442905958574,1159.000012507515,450.61103547703726,210.08105516433716,97.00045329332352,1158.999985098427,409.8213990763295,209.99701750278473,96.97658145427704,2,0,0,4,0,5309275.2567589665,30,1,2,0,0,28,587,firstexercisebook,366,1159,2,1159,1159,selected_ABC,533,0,169
131,124,27,789,24.890768498381256,1,0,10,27,2,193,192,789,0,28,130,62,0.5162104998359407,191.9999991658868,0.0,16.07478964328766,0.0,192.0000010182809,0.0,16.064141869544983,0.0,1,0,0,2,0,654855.4938170223,10,0,0,1,0,9,27,foamatgirl`srighthand,28,192,1,192,192,selected_ABC,0,0,0
677,428,617,6787,478.9011761285691,17,0,275,617,12,1146,1145,6787,0,63,664,481,0.32426836417447613,1145.0000012986723,226.18401722733782,36.15606200695038,12.053973376750946,1144.9999954734415,329.82934314944345,36.146098494529724,12.05057418346405,13,0,0,12,0,60814632.826302625,275,4,6,11,2,262,617,foldedfolderatlefthand,63,1145,17,1145,1145,selected_ABC,398,0,21
122,122,0,723,6.846615157511655,0,0,4,0,0,151,150,723,0,45,122,28,0.6392091834235849,149.99999907706436,0.0,25.836635529994965,0.0,149.99999824633394,0.0,25.818332493305206,0.0,0,0,0,0,0,331328.33724227105,4,0,0,0,0,4,0,girl2left3man1,45,150,0,150,150,selected_ABC,0,0,0
38,38,468,2720,300.52719685806187,2,0,31,468,1,571,570,2720,0,243,38,532,0.10470381586182163,569.9999992489427,239.52039524954475,139.59213107824326,139.59213107824326,570.0000004154538,229.84820926973669,139.45523542165756,139.45523542165756,0,0,0,0,0,8241996.161483082,31,0,1,0,0,31,468,girl`sblkbag,243,570,2,570,570,selected_ABC,242,0,243
1129,1129,0,5107,16.202316108619776,0,0,0,0,0,1130,1129,5107,0,1114,1129,0,0.8891242378926612,1129.0000025889913,0.0,639.8090294003487,0.0,1128.9999982985823,0.0,639.2857056260109,0.0,0,0,0,0,0,0.0,0,0,0,0,0,0,0,girlafterglassdoor,1114,1129,0,1129,1129,selected_ABC,0,0,0
820,809,148,5932,66.28758184715585,2,0,215,147,3,1217,1216,5932,0,10,816,400,0.5551528305978631,1215.9999965862432,0.0,5.738679349422455,0.0,1215.99999892768,0.0,5.737591087818146,0.0,4,0,0,3,0,33262245.489645686,215,0,0,1,0,211,147,girldownstairfromlight,10,1216,2,1216,1216,selected_ABC,0,0,0
993,982,8,5052,32.80784277641665,0,0,28,8,1,1033,1032,5052,0,896,982,50,0.8353714955991604,1032.0000036679687,0.0,514.1837223172188,0.0,1031.9999994984662,0.0,514.146618783474,0.0,11,0,0,1,0,8135062.98189809,28,0,0,0,0,17,8,girlfromlight_quezhen,896,1032,0,1032,1032,selected_ABC,0,0,0
311,311,0,1476,3.252707734942531,0,0,0,0,0,312,311,1476,0,287,311,0,0.8465109528281854,311.00000101031765,0.0,164.81763470172882,0.0,311.0000007304499,0.0,164.65888851881027,0.0,0,0,0,0,0,0.0,0,0,0,0,0,0,0,girlinrain,287,311,0,311,311,selected_ABC,0,0,0
258,242,31,1874,53.41082815232272,2,0,101,31,5,304,303,1874,0,70,244,59,0.6598765484148146,302.9999985343309,0.0,40.19419902563095,0.0,303.00000977602326,0.0,40.16049700975418,0.0,14,0,0,5,0,6235646.469555048,101,0,0,2,0,87,31,girllongskirt,70,303,2,303,303,selected_ABC,0,0,0
680,418,476,5580,524.8920328975544,1,0,134,477,10,986,985,5580,0,362,648,337,0.3691469167684946,984.99998918609,804.5162970530863,207.82464963197708,174.52723532915115,985.0000013172519,705.5266429400432,207.71197241544724,174.4328601360321,32,0,0,9,0,14896940.110793479,134,1,1,0,0,102,477,girlof2leaders,362,985,1,985,985,selected_ABC,843,0,304
242,216,90,1577,65.57783639242541,7,0,24,89,2,308,307,1577,0,4,235,72,0.547274338617068,307.0000031173241,0.0,2.2956348657608032,0.0,306.99999681643413,0.0,2.295245349407196,0.0,7,0,0,2,1,1911561.8135727851,24,2,3,4,3,17,89,girlrightthewautress,4,307,7,307,307,selected_ABC,0,0,0
2744,2744,0,13605,53.69652256699708,0,0,31,0,0,2858,2857,13605,0,639,2744,113,0.7304171629268836,2856.99999718094,0.0,366.8367122411728,0.0,2856.999986332011,0.0,366.6144851446152,0.0,0,0,0,0,0,1906825.4401406772,31,0,0,0,0,31,0,girlunderthestreetlamp,639,2857,0,2857,2857,selected_ABC,0,0,0
251,221,39,1455,52.93222833357534,0,0,11,39,1,282,281,1455,0,236,244,37,0.6701741132660607,281.0000020974793,38.99112434684195,135.4896827340126,20.090757846832275,280.99999862481457,37.269144130762676,135.42094016075134,20.085101068019867,7,0,0,1,0,1210124.1801800649,11,0,0,0,0,4,39,guardunderthecolumn,236,281,0,281,281,selected_ABC,40,0,35
533,533,0,2657,31.971382900686244,0,0,1,0,0,542,541,2657,0,401,533,8,0.8196362042558805,540.9999918189786,0.0,230.2796005010605,0.0,540.9999959454049,0.0,230.089617729187,0.0,0,0,0,0,0,184399.71594348713,1,0,0,0,0,1,0,hugboy,401,541,0,541,541,selected_ABC,0,0,0
1610,1179,2456,28150,1968.1127306038438,74,0,1421,2450,31,4317,4316,28150,0,164,1459,2857,0.26941670309717103,4315.999970448497,69.92858349775418,94.09704250097275,40.731911182403564,4315.999899640246,297.96415686971085,94.08986335992813,40.734004974365234,151,0,0,30,1,387269333.8534885,1421,1,10,19,5,1270,2450,hyalinepaperfrontface,164,4316,74,4316,4316,selected_ABC,305,0,71
1410,1314,126,6591,141.84999749982046,4,0,80,126,8,1475,1474,6591,0,663,1404,70,0.7365838606065165,1473.999996976864,0.0,380.6913468837738,0.0,1473.9999944471415,0.0,380.358806848526,0.0,6,0,0,8,0,21389635.860722464,80,2,2,2,2,74,126,large,663,1474,4,1474,1474,selected_ABC,0,0,0
106,86,1017,7722,425.79542218499137,4,0,439,1017,2,1116,1115,7722,0,134,103,1012,0.06490564120878146,1115.000008232879,389.5347117956619,76.9047702550888,45.3396475315094,1115.0000150576818,419.52230206032874,76.88656586408615,45.33016175031662,3,0,0,1,0,55857974.51239507,439,0,0,0,0,436,1017,lastleftgirl,134,1115,4,1115,1115,selected_ABC,467,0,79
2211,1852,1510,19376,1225.80412883784,18,0,308,1508,18,3650,3399,18254,0,2060,2161,1278,0.4554915917380771,3400.388483651159,981.4665541242956,1182.670688688755,366.8498894572258,3396.078060216687,1043.6020088624819,1182.0409130454063,366.6622434258461,50,0,0,17,0,60327459.964634426,308,3,4,6,3,239,1508,leftblkTboy,2105,3649,13,3439,3439,selected_ABC,1060,0,639
1053,988,1950,21819,1199.7651967432935,27,0,868,1951,32,3991,3990,21819,0,1077,1045,2945,0.27161904913306306,3990.000015526174,1003.7424635494863,618.208025097847,588.945149064064,3990.0000074287045,1016.5284134490568,618.0454366803169,588.7850311994553,8,0,0,31,0,506199179.00659275,868,2,12,12,5,860,1951,leftbottle2hang,1077,3990,27,3990,3990,selected_ABC,1025,0,1026
773,720,228,6646,216.87006433795682,15,0,131,228,6,1244,1243,6646,0,503,746,497,0.5307430138657193,1242.9999832010121,0.0,288.72041231393814,0.0,1242.9999963026553,0.0,288.5970736145973,0.0,27,0,0,6,0,16556668.182688585,131,2,2,2,2,104,228,leftboy2jointhe4,503,1243,15,1243,1243,selected_ABC,0,0,0
554,525,199,3581,183.34404560974815,0,0,12,199,1,744,743,3581,0,514,554,189,0.5673632546827678,743.0000064536216,175.01234868649425,295.0634805560112,102.7709743976593,742.9999983440445,192.35471649477174,294.9270583987236,102.71293663978577,0,0,0,1,0,1092637.7444701358,12,0,0,0,0,12,199,leftboyoutofthetroop,514,743,0,743,743,selected_ABC,195,0,179
959,937,310,7130,250.12027970623723,0,0,27,310,4,1400,1399,7130,0,1007,946,453,0.6012261017690298,1399.0000014392492,254.49469676219374,578.1797281503677,120.00394785404205,1399.0000067827511,234.86188709553872,578.00318557024,119.97140735387802,13,0,0,4,0,24493135.827011105,27,0,0,0,0,14,310,leftchair,1007,1399,0,1399,1399,selected_ABC,258,0,209
444,414,46,2889,62.20169706426979,3,0,119,46,4,566,565,2889,0,0,424,141,0.5814908084216828,565.0,0.0,0.0,0.0,565.0,0.0,0.0,0.0,20,0,0,3,0,50254534.17117338,119,0,2,1,0,99,46,lefterbike,0,565,3,565,565,selected_ABC,0,0,0
747,638,184,5132,214.49199811102278,2,0,39,184,5,1102,1101,5132,1,171,738,363,0.5120148443520933,1101.0000010099052,324.0628307924023,98.12950301170349,39.02406024932861,1101.000006931017,296.170357350501,98.11319291591644,39.01613837480545,9,1,1,5,0,11009594.628996488,39,1,1,1,0,30,184,leftexcersicebookyellow,171,1101,2,1101,1101,selected_ABC,720,1,68
841,823,4,4537,36.67619782119112,0,0,73,4,1,903,902,4537,0,0,826,76,0.707891089001164,902.0,0.0,0.0,0.0,902.0,0.0,0.0,0.0,15,0,0,1,0,12171588.423034275,73,0,0,0,0,58,4,leftfarboycomingpicktheball,0,902,0,902,902,selected_ABC,0,0,0
180,174,56,1105,12.36111756716382,0,0,27,56,2,251,249,1104,0,15,178,71,0.5889755751235609,249.00000577828897,0.0,8.608806192874908,0.0,248.99999364203455,0.0,8.606932938098907,0.0,2,0,0,1,0,4698929.1576027125,27,0,0,0,0,25,56,leftgirl'swhitebag,15,250,0,249,249,selected_ABC,0,0,0
1058,964,584,10406,277.70378234134336,11,0,386,587,21,1905,1904,10406,0,176,1047,857,0.465764902014158,1903.9999768320772,0.0,101.05370032787323,0.0,1903.9999757766545,0.0,100.98419976234436,0.0,11,0,0,21,0,228005567.99963406,386,2,6,5,2,375,587,lefthyalinepaper2rgb,176,1904,11,1904,1904,selected_ABC,0,0,0
1375,1281,345,8909,255.71430945865302,16,0,168,340,14,1802,1801,8909,0,475,1361,440,0.6055067680338998,1800.99998881596,259.9124182586886,272.7181678414345,28.13092350959778,1801.0000054124093,264.45896667906237,272.54213666915894,28.114294230937958,14,0,0,14,1,54819180.509337574,168,1,3,9,3,154,340,lefthyalinepaperfrontpants,475,1801,16,1801,1801,selected_ABC,271,0,49
1714,1479,312,9766,378.4038233264112,2,0,192,312,23,1879,1878,9766,0,753,1695,183,0.6900247100927747,1877.9999972900866,428.73931966661684,432.1826515197754,31.569990873336792,1877.9999861911595,837.4819816142754,432.0284933447838,31.555211663246155,19,0,0,23,0,82958164.97741082,192,1,1,1,1,173,312,leftmirror,753,1878,2,1878,1878,selected_ABC,816,0,55
1353,1184,837,10661,663.1901901542249,13,0,200,836,19,2265,2264,10661,0,709,1318,946,0.42577961250529306,2263.9999983378475,502.8599459787386,407.10676223039627,136.07763421535492,2264.0000037822306,403.5957325077653,406.80339485406876,135.9816151857376,35,0,0,18,0,59086806.38847387,200,5,6,6,4,165,836,leftmirrorlikesky,709,2264,13,2264,2264,selected_ABC,527,0,237
1007,736,913,10163,636.4659670943406,5,0,445,911,9,1732,1731,10163,0,0,909,822,0.33354437786190283,1731.0,0.0,0.0,0.0,1731.0,0.0,0.0,0.0,98,0,0,8,0,51076776.46766195,445,0,0,3,1,347,911,leftmirrorside,0,1731,5,1731,1731,selected_ABC,0,0,0
72,68,14,770,37.561168328623516,0,0,1,14,1,170,167,760,0,99,72,95,0.4856537741326572,166.9999979021057,9.554145484985458,56.81292551755905,6.314607501029968,167.00000011380143,8.789420633525673,56.81068843603134,6.311421811580658,0,0,0,0,0,84173.44499979074,1,0,0,0,0,1,14,leftopenexersicebook,99,169,0,167,167,selected_ABC,12,0,11
8,6,58,490,8.445290835983926,4,0,34,56,1,66,65,490,0,2,8,57,0.08192333576470265,65.00000072545053,0.0,1.1478065252304077,0.0,65.00000125830493,0.0,1.1475099325180054,0.0,0,0,0,0,0,2873352.1008133525,34,0,0,2,1,34,56,leftpingpongball,2,65,4,65,65,selected_ABC,0,0,0
131,122,19,865,31.116225412680464,2,0,29,21,3,148,147,865,0,27,130,17,0.6890482498257209,146.99999810405913,0.0,15.498495876789093,0.0,146.99999795317072,0.0,15.491817355155945,0.0,1,0,0,3,0,3341751.662123234,29,1,2,0,0,28,21,leftrushingboy,27,147,2,147,147,selected_ABC,0,0,0
312,187,732,5085,630.2543393373913,1,0,33,732,3,986,985,5085,0,815,312,673,0.1928817400607492,985.0000010567024,656.3316639070919,467.85694563388824,345.57999807596207,985.0000012483732,627.6047724737836,467.71921968460083,345.4754912853241,0,0,0,2,0,10962420.662626926,33,0,0,0,0,33,732,leftunderbasket,815,985,1,985,985,selected_ABC,728,0,602
1803,1800,141,9929,165.45772960146945,0,0,12,141,2,1981,1980,9929,0,1817,1801,179,0.7322626528017486,1979.999995028537,102.0222973398607,1043.482845723629,58.00622946023941,1979.9999918368121,104.00771621220849,1042.609945178032,57.951543152332306,2,0,0,2,0,6561041.28108474,12,0,0,0,0,10,141,leftuphand,1817,1980,0,1980,1980,selected_ABC,104,0,101
1664,1663,0,8214,45.42024666694921,0,0,57,0,0,1676,1675,8214,0,177,1663,12,0.774116463349309,1675.000003544139,0.0,101.5585327744484,0.0,1674.999974316158,0.0,101.5663840174675,0.0,1,0,0,0,0,9014647.662370462,57,0,0,0,0,56,0,littelbabycryingforahug,177,1675,0,1675,1675,selected_ABC,0,0,0
28,27,3,171,6.23994586324964,0,0,3,3,1,33,31,166,0,5,28,3,0.722722096444076,30.999999951551427,0.0,2.871278405189514,0.0,31.000000031647904,0.0,2.8692275285720825,0.0,0,0,0,1,0,388911.64895736397,3,0,0,0,0,3,3,lowerfoamboard,5,32,0,31,31,selected_ABC,0,0,0
1075,1062,16,5493,25.50983785394152,0,0,49,16,1,1096,1095,5493,0,1011,1067,28,0.8184705567030026,1094.9999986843754,0.0,580.4409070611,0.0,1095.000000591796,0.0,580.1606529355049,0.0,8,0,0,0,0,14823706.204676086,49,0,0,0,0,41,16,mandownstair,1011,1095,0,1095,1095,selected_ABC,0,0,0
407,407,0,1879,3.5393531311109934,0,0,0,0,0,408,407,1879,0,351,407,0,0.8357644205256448,407.0000003904315,0.0,201.47479283809662,0.0,407.0000011515938,0.0,201.42380034923553,0.0,0,0,0,0,0,0.0,0,0,0,0,0,0,0,manfromtoilet,351,407,0,407,407,selected_ABC,0,0,0
210,200,40,1235,20.72031734305788,0,0,21,40,1,254,253,1235,0,142,207,46,0.6508410123326152,252.99999906887896,0.0,81.5479308962822,0.0,253.0000002793526,0.0,81.46993798017502,0.0,3,0,0,1,0,8912744.782700364,21,0,0,0,0,18,40,mangetsoff,142,253,0,253,253,selected_ABC,0,0,0
448,448,20,2379,15.425324977719185,1,0,34,20,3,521,520,2379,0,221,448,72,0.7267126599378635,519.9999988758656,0.0,126.91415667533875,0.0,519.999998764657,0.0,126.7962766289711,0.0,0,0,0,3,0,13623355.571548555,34,0,1,0,0,34,20,manoncall,221,520,1,520,520,selected_ABC,0,0,0
261,257,12,1343,13.23984253477078,0,0,7,12,1,273,272,1343,0,168,260,12,0.8048446681363224,272.000001893525,0.0,96.48454213142395,0.0,272.0000005531697,0.0,96.38750219345093,0.0,1,0,0,1,0,229526.33906603913,7,0,0,0,0,6,12,mansimiliar,168,272,0,272,272,selected_ABC,0,0,0
122,122,0,599,0.8949680015177086,0,0,0,0,0,123,122,599,0,83,122,0,0.8203055185411965,122.00000040293982,0.0,47.666541397571564,0.0,121.99999944211493,0.0,47.61910730600357,0.0,0,0,0,0,0,0.0,0,0,0,0,0,0,0,mantostartcar,83,122,0,122,122,selected_ABC,0,0,0
347,347,0,1628,5.003430701593342,0,0,0,0,0,353,352,1628,0,270,347,5,0.7944867737183369,351.9999977010425,0.0,155.01098603010178,0.0,351.99999961624525,0.0,154.91822957992554,0.0,0,0,0,0,0,0.0,0,0,0,0,0,0,0,midblkgirl,270,352,0,352,352,selected_ABC,0,0,0
5714,5360,1661,36884,1516.6457770578465,18,0,214,1658,17,7258,7257,36884,1,5241,5691,1566,0.6097247916772528,7257.000000654093,1279.4911273455468,3008.79793459177,547.650130212307,7257.00001490331,1360.9168568683951,3007.3800538778305,547.4199975132942,23,1,1,17,0,45112714.993671946,214,5,6,8,7,191,1658,midboyNo_9,5241,7257,18,7257,7257,selected_ABC,1532,1,954
489,469,185,3275,129.07244678003372,1,0,20,186,2,664,663,3275,0,117,487,176,0.5597839642678389,662.9999996597562,0.0,67.15562963485718,0.0,663.0000071834723,0.0,67.12542414665222,0.0,2,0,0,1,0,806060.9298930957,20,1,1,0,0,18,186,middrillmaster,117,663,1,663,663,selected_ABC,0,0,0
2595,2380,648,16487,618.2697951523197,9,0,190,645,11,3226,3225,16487,0,2212,2571,654,0.560808580928526,3224.999994726501,327.22220083584773,1269.6636543273926,180.23857074975967,3224.9999977047837,483.86031435032334,1269.3188652992249,180.18599152565002,24,0,0,10,0,48841086.773556605,190,1,1,4,3,166,645,midgreyboyrunningcoming,2212,3225,9,3225,3225,selected_ABC,630,0,314
321,317,85,2368,42.381551736514325,0,0,61,85,1,439,438,2368,0,202,317,121,0.6237758460248989,437.99999915127984,0.0,116.01667881011963,0.0,437.9999959546978,0.0,115.89916151762009,0.0,4,0,0,0,0,6172210.46903286,61,0,0,0,0,57,85,midof3girls,202,438,0,438,438,selected_ABC,0,0,0
5136,4712,2271,37950,1792.9739338123845,14,0,387,2267,16,7309,7293,37871,0,4749,5101,2192,0.5460253169902136,7293.000004349743,1824.017549972612,2726.25739467144,527.5473914146423,7293.000025217066,2091.8476825864855,2724.9576709866524,527.3156892061234,35,0,0,16,0,68061676.228277,387,1,2,5,4,351,2267,midredboy,4749,7308,14,7293,7293,selected_ABC,2354,0,919
330,226,202,3276,149.52673213057773,0,0,261,202,2,442,441,3276,0,8,287,154,0.3769836283096607,440.99999326591177,0.0,4.5910754799842834,0.0,440.99998584514265,0.0,4.5899538397789,0.0,43,0,0,1,0,23416436.825785954,261,0,0,0,0,218,202,midrunboywithwhite,8,441,0,441,441,selected_ABC,0,0,0
77,77,0,379,0.9748762914113495,0,0,0,0,0,78,77,379,0,77,77,0,0.8576693878996806,76.99999926617438,0.0,44.230522096157074,0.0,76.99999985200067,0.0,44.186328172683716,0.0,0,0,0,0,0,0.0,0,0,0,0,0,0,0,minibus,77,77,0,77,77,selected_ABC,0,0,0
180,170,37,1061,18.881083964600805,0,0,11,37,1,214,213,1061,0,139,179,34,0.668696007568529,213.00000050259024,0.0,79.82071125507355,0.0,212.99999870124583,0.0,79.77765500545502,0.0,1,0,0,0,0,3062639.9074480804,11,0,0,0,0,10,37,minibusgoes2left,139,213,0,213,213,selected_ABC,0,0,0
253,253,0,1253,1.7050044274628526,0,0,0,0,0,254,253,1253,0,212,253,0,0.8696196502099396,253.00000024026025,0.0,121.70758414268494,0.0,252.99999841180752,0.0,121.63704907894135,0.0,0,0,0,0,0,0.0,0,0,0,0,0,0,0,moto,212,253,0,253,253,selected_ABC,0,0,0
83,83,0,386,0.7473130794596065,0,0,0,0,0,84,83,386,0,20,83,0,0.7480230496362282,83.0000001110319,0.0,11.478353679180145,0.0,82.99999969362412,0.0,11.474210977554321,0.0,0,0,0,0,0,0.0,0,0,0,0,0,0,0,motocomeonlight,20,83,0,83,83,selected_ABC,0,0,0
126,126,0,569,0.7399201517119336,0,0,0,0,0,127,126,569,0,61,126,0,0.8074402079080787,126.00000013357575,0.0,35.0232999920845,0.0,125.99999938828311,0.0,34.99956655502319,0.0,0,0,0,0,0,0.0,0,0,0,0,0,0,0,motogoesaloongS,61,126,0,126,126,selected_ABC,0,0,0
217,213,35,1352,28.298700577817435,2,0,24,35,2,306,305,1352,0,92,215,90,0.570495516019551,304.99999800412627,0.0,52.82087463140488,0.0,305.0000002348475,0.0,52.79908013343811,0.0,2,0,0,2,1,7853844.418927578,24,1,1,1,1,22,35,mototaking2boys306,92,305,2,305,305,selected_ABC,0,0,0
121,121,0,571,1.6097749688377399,0,0,0,0,0,122,121,571,0,121,121,0,0.8284147529915059,120.99999954846193,0.0,69.4931651353836,0.0,121.00000033065477,0.0,69.42092609405518,0.0,0,0,0,0,0,0.0,0,0,0,0,0,0,0,mototurneast,121,121,0,121,121,selected_ABC,0,0,0
94,94,0,448,1.8070526608179052,0,0,0,0,0,95,94,448,0,63,94,0,0.7768461473348535,94.00000082035562,0.0,36.17886304855347,0.0,93.99999901657974,0.0,36.14535915851593,0.0,0,0,0,0,0,0.0,0,0,0,0,0,0,0,motowithbluetop,63,94,0,94,94,selected_ABC,0,0,0
789,785,12,4081,30.71463681831426,2,0,32,10,2,808,807,4081,0,544,787,20,0.8199109596996853,807.000005432649,0.0,312.219104886055,0.0,806.9999984319351,0.0,312.13187676668167,0.0,2,0,0,2,0,6383558.015183157,32,0,0,2,1,30,10,pingpingpad3,544,807,2,807,807,selected_ABC,0,0,0
1107,926,294,5820,255.44156682018206,7,0,154,295,10,1270,1269,5820,0,11,1091,178,0.6084876553797334,1269.0000361673972,0.0,6.311938524246216,0.0,1269.0000062623797,0.0,6.312242686748505,0.0,16,0,0,9,0,37934062.82116182,154,3,4,3,3,138,295,pinkwithblktopcup,11,1269,7,1269,1269,selected_ABC,0,0,0
333,333,0,1521,1.9906133861351527,0,0,0,0,0,334,333,1521,0,273,333,0,0.835710496603667,333.00000119013714,0.0,156.74546837806702,0.0,332.99999761896015,0.0,156.63117176294327,0.0,0,0,0,0,0,0.0,0,0,0,0,0,0,0,raincarturn,273,333,0,333,333,selected_ABC,0,0,0
156,156,0,721,5.026251104298088,0,0,1,0,0,157,156,721,0,130,156,0,0.8405659303588897,156.00000053766792,0.0,74.64022451639175,0.0,155.99999947996528,0.0,74.58233320713043,0.0,0,0,0,0,0,11807.353492958417,1,0,0,0,0,1,0,rainycarcome_ab,130,156,0,156,156,selected_ABC,0,0,0
135,135,5,720,5.880939814911583,0,0,10,5,1,150,149,720,0,16,135,14,0.7348941221583654,149.00000027931665,1.1579130922505074,9.182949185371399,0.5739616751670837,149.00000308668282,2.6244097730479212,9.1804860830307,0.5738154649734497,0,0,0,1,0,2403368.534737879,10,0,0,0,0,10,5,redboygoright,16,149,0,149,149,selected_ABC,1,0,1
261,261,0,1304,1.2810981915429926,0,0,0,0,0,262,261,1304,0,261,261,0,0.8690508531617742,261.0000001923656,0.0,149.8755565881729,0.0,260.9999990627122,0.0,149.7606013417244,0.0,0,0,0,0,0,0.0,0,0,0,0,0,0,0,redcarcominginlight,261,261,0,261,261,selected_ABC,0,0,0
103,103,0,515,2.2085753781175,0,0,0,0,0,104,103,515,0,67,103,0,0.7037199871774822,102.999999190558,0.0,38.467337131500244,0.0,102.99999882685405,0.0,38.44251626729965,0.0,0,0,0,0,0,0.0,0,0,0,0,0,0,0,redetricycle,67,103,0,103,103,selected_ABC,0,0,0
628,589,11,4837,157.83687253374126,0,0,333,11,1,662,661,4837,0,0,591,70,0.6937085461584012,661.0,0.0,0.0,0.0,661.0,0.0,0.0,0.0,37,0,0,1,0,58122672.8066383,333,0,0,0,0,296,11,redmidboy,0,661,0,661,661,selected_ABC,0,0,0
409,369,358,4228,226.14078866625707,27,0,118,359,2,730,729,4228,0,225,409,320,0.4234617520999282,729.0000202372707,0.0,129.1930735707283,0.0,728.999998868975,0.0,129.09374278783798,0.0,0,0,0,1,0,18715981.536629025,118,5,5,4,4,118,359,redroadlatboy,225,729,27,729,729,selected_ABC,0,0,0
144,144,0,721,7.090123791228546,0,0,0,0,0,168,167,721,0,100,144,23,0.6902416920861179,166.99999787877292,0.0,57.428793370723724,0.0,167.00000112319523,0.0,57.37401366233826,0.0,0,0,0,0,0,0.0,0,0,0,0,0,0,0,redtricycle,100,167,0,167,167,selected_ABC,0,0,0
839,607,1069,10826,635.1157528022022,11,0,537,1069,7,1750,1749,10826,0,2,792,957,0.2788310885987826,1748.9999850704628,0.0,1.1478431224822998,0.0,1749.0000012139571,0.0,1.1474276781082153,0.0,47,0,0,6,0,29628563.080875393,537,3,3,3,3,490,1069,right2ndflagformath,2,1749,11,1749,1749,selected_ABC,0,0,0
1464,1223,560,10469,504.9567793601223,19,0,268,562,8,1916,1898,10384,0,31,1424,474,0.5081352322966908,1897.9999833158877,20.535506307449598,17.792986035346985,13.776037216186523,1897.9999434317642,18.241800809207486,17.787674069404602,13.771741926670074,40,0,0,7,0,19976160.319374673,268,5,8,7,5,228,562,right5thflag,48,1915,19,1898,1898,selected_ABC,23,0,24
111,108,104,1128,67.13330335760043,3,0,31,105,2,225,224,1128,0,73,108,116,0.3800084859033498,223.99999695006616,34.51974541316281,41.91339725255966,21.823083102703094,224.00000021939144,29.765593375681313,41.88622975349426,21.80504071712494,3,0,0,1,0,4208345.923087321,31,1,2,0,0,28,105,rightbike,73,224,3,224,224,selected_ABC,37,0,38
392,391,0,1941,23.322134226707202,0,0,15,0,0,416,415,1941,0,248,391,24,0.746579276675696,414.99999973930227,0.0,142.3616667985916,0.0,414.99999751184765,0.0,142.3212758898735,0.0,1,0,0,0,0,1204082.0608973717,15,0,0,0,0,14,0,rightbike-gai,248,415,0,415,415,selected_ABC,0,0,0
3565,3213,917,22240,1075.552437338626,2,0,63,916,7,4386,4385,22240,0,3758,3552,833,0.6509517121429804,4384.999993809157,854.7011940893265,2157.3811981081963,450.5508628487587,4384.999997807635,849.725989333652,2156.971097588539,450.57500863075256,13,0,0,7,0,97716764.15192652,63,0,1,1,1,50,916,rightblkboy4386,3758,4385,2,4385,4385,selected_ABC,888,0,785
255,254,0,1288,7.420091123479575,0,0,2,0,0,279,276,1283,0,196,254,23,0.7565872673538417,276.0003427306339,0.0,112.51878935098648,0.0,275.9995984127024,0.0,112.49072641134262,0.0,1,0,0,0,0,891874.0753138165,2,0,0,0,0,1,0,rightblkboystand,197,278,0,277,277,selected_ABC,0,0,0
383,383,0,2092,31.244480799174852,1,0,35,0,0,386,385,2092,0,145,383,2,0.7964659113598171,384.9999992564116,0.0,83.21260476112366,0.0,385.0000041221959,0.0,83.19322210550308,0.0,0,0,0,0,0,2049561.0917730636,35,0,0,1,0,35,0,rightblkfatboyleftwhite,145,385,1,385,385,selected_ABC,0,0,0
349,348,0,1684,19.47793595040475,0,0,0,0,0,353,352,1684,0,310,349,3,0.6927898808460778,352.00000028624237,0.0,178.01011103391647,0.0,352.000000085083,0.0,177.86609852313995,0.0,0,0,0,0,0,0.0,0,0,0,0,0,0,0,rightbluewhite,310,352,0,352,352,selected_ABC,0,0,0
685,464,603,7165,323.91312509600533,7,0,422,605,25,1388,1387,7165,0,2,630,757,0.32346406093017827,1387.0000084334772,0.0,1.1477049589157104,0.0,1387.0000350177288,0.0,1.147338628768921,0.0,55,0,0,24,0,132401178.7565093,422,4,5,2,2,367,605,rightbottlecomes,2,1387,7,1387,1387,selected_ABC,0,0,0
492,487,5,2322,13.602593692093084,0,0,6,5,1,504,503,2322,0,121,492,11,0.7561045276983155,502.99999795952675,0.0,69.44988149404526,0.0,502.99999402453625,0.0,69.42404705286026,0.0,0,0,0,1,0,206023.12157265146,6,0,0,0,0,6,5,rightboy504,121,503,0,503,503,selected_ABC,0,0,0
615,613,430,5211,108.43647337236037,1,0,142,431,1,1050,1049,5211,0,574,615,434,0.4910481149320909,1049.0000043505786,0.0,329.3857601284981,0.0,1049.0000019438558,0.0,329.30461370944977,0.0,0,0,0,0,0,12829767.897053346,142,1,1,0,0,142,431,rightcameraman,574,1049,1,1049,1049,selected_ABC,0,0,0
111,95,397,3381,165.3412233660395,5,0,160,396,3,561,560,3381,0,84,103,457,0.16604575601423355,560.0000016075358,342.5992763751536,48.23732787370682,45.36784362792969,560.0000090447796,335.5642091508805,48.21361553668976,45.34428018331528,8,0,0,2,0,37240256.26744865,160,1,1,2,0,152,396,rightcar-chongT,84,560,5,560,560,selected_ABC,368,0,79
317,288,313,3067,96.13033422700451,4,0,98,313,3,604,603,3067,0,56,303,300,0.36946981233931736,603.0000088092756,0.0,32.14241182804108,0.0,602.9999922375379,0.0,32.128499031066895,0.0,14,0,0,2,0,15759107.52012011,98,1,2,1,1,84,313,rightcomingstrongboy,56,603,4,603,603,selected_ABC,0,0,0
888,887,182,5946,43.98330008493003,3,0,132,182,3,1133,1132,5946,0,0,887,245,0.6014916091581866,1132.0,0.0,0.0,0.0,1132.0,0.0,0.0,0.0,1,0,0,2,0,20718916.776145417,132,0,2,1,0,131,182,rightdarksingleman,0,1132,3,1132,1132,selected_ABC,0,0,0
101,44,610,4479,305.3655945851717,18,0,247,610,3,668,667,4479,0,4,88,579,0.061567511763963065,667.0000009670226,0.0,2.296667516231537,0.0,667.000027631118,0.0,2.294761300086975,0.0,13,0,0,2,0,25751748.686663445,247,0,1,2,1,234,610,rightgirltakingcup,4,667,18,667,667,selected_ABC,0,0,0
268,245,45,1529,38.63465355423385,1,0,20,44,2,308,307,1529,0,162,264,43,0.6272043991575559,306.9999979523407,0.0,93.01715713739395,0.0,306.9999975665039,0.0,92.96711611747742,0.0,4,0,0,2,0,9769164.2465378,20,0,0,1,1,16,44,rightwaiter1_quezhen,162,307,1,307,307,selected_ABC,0,0,0
183,141,232,1990,136.0419844254572,2,0,72,234,4,386,385,1990,0,52,168,217,0.30000597820777536,385.0000005980369,0.0,29.84484028816223,0.0,385.0000061675797,0.0,29.832695364952087,0.0,15,0,0,3,0,2270594.838364958,72,2,2,0,0,57,234,runningcameragirl,52,385,2,385,385,selected_ABC,0,0,0
316,259,296,4239,150.05240246383246,10,0,128,296,6,832,831,4239,0,0,263,568,0.3323679795860364,831.0,0.0,0.0,0.0,831.0,0.0,0.0,0.0,53,0,0,5,1,24373975.57982266,128,0,3,2,1,75,296,shinybikeboy2left,0,831,10,831,831,selected_ABC,0,0,0
274,272,43,1859,19.678281323136222,2,0,38,44,1,359,358,1859,0,185,274,84,0.6081932399273083,358.0000002918946,0.0,106.22133195400238,0.0,357.99999946723995,0.0,106.1812995672226,0.0,0,0,0,0,0,15299047.67225124,38,1,2,0,0,38,44,shinycarcoming,185,358,2,358,358,selected_ABC,0,0,0
508,499,47,3271,69.59024350540561,1,0,92,46,2,602,601,3271,0,175,499,102,0.6379914900178223,600.9999978432224,13.280798451281076,100.49664688110352,6.890762627124786,601.0000018971687,16.013226236615314,100.45084136724472,6.885851979255676,9,0,0,1,0,19636737.360142622,92,0,0,1,0,83,46,shinycarcoming2,175,601,1,601,601,selected_ABC,19,0,12
200,200,0,997,0.7640961943951935,0,0,0,0,0,201,200,997,0,200,200,0,0.9320136892184558,200.00000066011805,0.0,114.91841757297516,0.0,199.9999994158145,0.0,114.75708347558975,0.0,0,0,0,0,0,0.0,0,0,0,0,0,0,0,silvercarturn,200,200,0,200,200,selected_ABC,0,0,0
647,647,8,3043,6.762893699777394,0,0,12,8,1,662,661,3043,0,517,647,14,0.8267744557447286,660.9999988735872,0.0,296.7563722729683,0.0,661.0000001077415,0.0,296.62321358919144,0.0,0,0,0,1,0,11104137.2060985,12,0,0,0,0,12,8,small-gai,517,661,0,661,661,selected_ABC,0,0,0
678,677,0,3419,9.065267077515914,0,0,4,0,0,683,682,3419,0,531,677,5,0.8292439425863936,681.99999812373,0.0,304.8774887919426,0.0,681.9999983152181,0.0,304.7235860824585,0.0,1,0,0,0,0,901626.0386348104,4,0,0,0,0,3,0,standblkboy,531,682,0,682,682,selected_ABC,0,0,0
596,596,0,2786,24.068210712077466,0,0,25,0,0,664,663,2786,0,0,596,67,0.7523879881364323,663.0,0.0,0.0,0.0,663.0,0.0,0.0,0.0,0,0,0,0,0,1508540.204246254,25,0,0,0,0,25,0,swan_0109,0,663,0,663,663,selected_ABC,0,0,0
91,82,2,800,25.312917137508705,0,0,13,2,0,152,151,800,0,131,82,69,0.5933679078490184,150.99999995543263,0.0,75.26957541704178,0.0,150.99999973283457,0.0,75.15989911556244,0.0,9,0,0,0,0,807413.7049250193,13,0,0,0,0,4,2,truckgonorth,131,151,0,151,151,selected_ABC,0,0,0
1104,808,305,9727,543.4049567734734,8,0,836,299,25,1171,1170,9727,0,2,917,253,0.5586941194198792,1169.99999118702,0.0,1.1476503610610962,0.0,1169.9999700784683,0.0,1.1474462151527405,0.0,187,0,0,24,0,129393336.79034245,836,0,0,7,6,649,299,turning1strowleft2ndboy,2,1170,8,1170,1170,selected_ABC,0,0,0
191,191,0,954,1.1851879309385638,0,0,0,0,0,192,191,954,0,165,191,0,0.8713380098433158,191.00000024939658,0.0,94.74197870492935,0.0,190.9999992584312,0.0,94.67631977796555,0.0,0,0,0,0,0,0.0,0,0,0,0,0,0,0,umbreboyoncall,165,191,0,191,191,selected_ABC,0,0,0
263,246,57,1909,67.25533984955341,8,0,82,59,6,319,318,1909,0,0,261,57,0.5821274156922934,318.0,0.0,0.0,0.0,318.0,0.0,0.0,0.0,2,0,0,6,0,2353743.5344517785,82,2,4,2,1,80,59,umbrella,0,318,8,318,318,selected_ABC,0,0,0
452,450,4,2374,22.40314112351589,1,0,27,5,0,475,474,2374,0,113,450,24,0.7521589652925346,473.9999972251281,0.0,64.87754464149475,0.0,473.99999834668756,0.0,64.82803076505661,0.0,2,0,0,0,0,3062345.866243015,27,1,1,0,0,25,5,umbrellabyboy,113,474,1,474,474,selected_ABC,0,0,0
473,466,34,2773,29.731597203889432,1,0,19,33,2,566,565,2773,0,292,472,93,0.6878551442459176,565.0000015955877,0.0,167.61628204584122,0.0,565.0000030846064,0.0,167.54215067625046,0.0,1,0,0,2,0,6889078.273068454,19,0,0,1,0,18,33,umbrellawillbefold,292,565,1,565,565,selected_ABC,0,0,0
468,463,5,2397,9.25736791206773,2,1,8,5,1,490,489,2397,1,370,465,24,0.8018149126182241,488.99999955897783,0.0,212.42352551221848,0.0,489.00000124060676,0.0,212.28764832019806,0.0,3,1,1,1,1,5514840.538776511,8,0,0,2,0,5,5,umbrellawillopen,370,489,2,489,489,selected_ABC,0,0,0
678,678,0,3342,20.842268117864876,0,0,2,0,0,680,679,3342,0,569,678,1,0.7778174889466202,678.999998802686,0.0,326.71770161390305,0.0,679.0000021943023,0.0,326.5340933203697,0.0,0,0,0,0,0,246264.53336407756,2,0,0,0,0,2,0,waitresscoming,569,679,0,679,679,selected_ABC,0,0,0
458,444,62,3117,23.259624397240554,6,0,78,63,4,566,565,3117,0,36,458,107,0.6278043321072946,565.0000213929959,0.0,20.663783192634583,0.0,565.0000000185802,0.0,20.65607577562332,0.0,0,0,0,3,0,16152233.5632175,78,2,3,1,1,78,63,whitebikebelow,36,565,6,565,565,selected_ABC,0,0,0
606,591,95,3522,83.14321778730658,3,0,48,95,1,691,690,3522,0,86,604,86,0.725705327073434,689.9999950718206,0.0,49.386148393154144,0.0,689.9999968512993,0.0,49.34366011619568,0.0,2,0,0,1,0,3720158.5510482835,48,1,1,1,1,46,95,whiteboyrightcoccergoal,86,690,3,690,690,selected_ABC,0,0,0
83,83,0,412,0.1848661257166705,0,0,0,0,0,84,83,412,0,83,83,0,0.8894820999030274,82.99999945291574,0.0,47.67621499300003,0.0,83.00000039314011,0.0,47.62034636735916,0.0,0,0,0,0,0,0.0,0,0,0,0,0,0,0,whitecarcomeinrain,83,83,0,83,83,selected_ABC,0,0,0
541,537,137,3847,59.23833382852237,4,0,88,135,3,683,682,3847,0,456,541,141,0.6778738158064467,682.0000014464347,22.012176068501475,261.9101449251175,4.597289979457855,682.0000005001846,31.01285940204342,261.68411761522293,4.590223848819733,0,0,0,3,0,22042080.97231592,88,0,0,2,2,88,135,whitecarturn683,456,682,4,682,682,selected_ABC,44,0,8
56,56,0,280,0.9018312437152459,0,0,0,0,0,57,56,280,0,56,56,0,0.8752487982167694,55.99999992633925,0.0,32.17088305950165,0.0,56.00000017986189,0.0,32.129574716091156,0.0,0,0,0,0,0,0.0,0,0,0,0,0,0,0,whitecarturnleft,56,56,0,56,56,selected_ABC,0,0,0
102,102,0,496,1.5019137884095208,0,0,0,0,0,103,102,496,0,90,102,0,0.7806736250034533,102.00000077362252,0.0,51.712883949279785,0.0,102.00000028807844,0.0,51.65216851234436,0.0,0,0,0,0,0,0.0,0,0,0,0,0,0,0,whitecarturnright,90,102,0,102,102,selected_ABC,0,0,0
51,51,4,336,2.395789144851231,0,0,8,4,1,67,66,336,0,0,51,15,0.6730675190979168,66.0,0.0,0.0,0.0,66.0,0.0,0.0,0.0,0,0,0,0,0,312198.5129579059,8,0,0,0,0,8,4,whitefardown,0,66,0,66,66,selected_ABC,0,0,0
124,116,34,813,26.209919009458243,1,0,16,35,2,155,154,813,0,0,123,31,0.5596031369829966,154.0,0.0,0.0,0.0,154.0,0.0,0.0,0.0,1,0,0,1,0,1560029.1822230518,16,1,1,0,0,15,35,whitefargirl,0,154,1,154,154,selected_ABC,0,0,0
365,364,204,2854,109.16429894297549,1,0,24,204,1,589,588,2854,0,176,364,224,0.49772126959264007,587.9999972688769,0.0,101.00570374727249,0.0,587.9999955562621,0.0,100.97598177194595,0.0,1,0,0,0,0,7343572.098372182,24,0,1,0,0,23,204,whitegirlinlight,176,588,1,588,588,selected_ABC,0,0,0
188,179,369,2782,157.05472609418058,0,0,81,369,1,549,548,2782,0,152,188,360,0.23147718103810852,548.0000211352788,0.0,87.29810398817062,0.0,547.9999974026792,0.0,87.22031706571579,0.0,0,0,0,0,0,17105413.651343845,81,0,0,0,0,81,369,whitegirltakingchopsticks,152,548,0,548,548,selected_ABC,0,0,0
193,166,32,1284,56.34776832673744,3,0,64,29,3,203,202,1284,0,0,188,14,0.689528901776449,202.0,0.0,0.0,0.0,202.0,0.0,0.0,0.0,5,0,0,3,0,4962288.334242115,64,0,0,3,3,59,29,whiteofboys,0,202,3,202,202,selected_ABC,0,0,0
283,281,61,2510,23.458182362465617,9,0,92,58,3,425,424,2510,0,42,283,141,0.563092182829024,423.9999998312777,0.0,24.102292120456696,0.0,424.00000272305846,0.0,24.09606957435608,0.0,0,0,0,3,0,11323705.595359754,92,0,1,3,0,92,58,whiteridingbike,42,424,9,424,424,selected_ABC,0,0,0
332,310,35,1791,26.9246982289105,2,0,27,35,1,346,345,1791,0,171,332,13,0.7288460466787351,345.00000070140777,0.0,98.17910313606262,0.0,345.00000195529447,0.0,98.10267323255539,0.0,0,0,0,1,0,1392271.286487298,27,1,1,1,1,27,35,whiterunningboy,171,345,2,345,345,selected_ABC,0,0,0
542,489,293,4383,116.32446030575201,5,0,166,290,9,818,817,4383,0,202,515,302,0.4961466296078571,817.0000065106113,0.0,115.94506061077118,0.0,816.9999940819686,0.0,115.89167761802673,0.0,27,0,0,8,1,20114399.849763542,166,0,0,3,3,139,290,whiteskirtgirlcomingfromgoal,202,817,5,817,817,selected_ABC,0,0,0
136,136,0,671,0.7135335986131085,0,0,0,0,0,137,136,671,0,136,136,0,0.8759422238857344,136.00000038723616,0.0,78.12925457954407,0.0,135.999999530005,0.0,78.03065943717957,0.0,0,0,0,0,0,0.0,0,0,0,0,0,0,0,whitesuvturn,136,136,0,136,136,selected_ABC,0,0,0
93,93,0,460,2.261609541882865,0,0,4,0,0,95,94,460,0,19,93,1,0.8207127946848252,93.9999996928209,0.0,10.909175157546997,0.0,93.99999990365698,0.0,10.900819838047028,0.0,0,0,0,0,0,267137.2936921083,4,0,0,0,0,4,0,womanback2car,19,94,0,94,94,selected_ABC,0,0,0
61,58,28,715,8.828639636708312,1,0,45,29,1,118,117,715,0,0,61,56,0.4800853538041395,117.0,0.0,0.0,0.0,117.0,0.0,0.0,0.0,0,0,0,0,0,5355307.449847426,45,0,1,0,0,45,29,yellowgirl118,0,117,1,117,117,selected_ABC,0,0,0
359,359,0,1784,6.928999969390583,0,0,4,0,0,361,360,1784,0,271,359,1,0.8321726337676107,359.9999990021937,0.0,155.65730315446854,0.0,360.00000341775416,0.0,155.4866219162941,0.0,0,0,0,0,0,814830.1897674592,4,0,0,0,0,4,0,yellowskirt,271,360,0,360,360,selected_ABC,0,0,0
