283.000	156.000	57.000	76.000
284.222	156.759	57.544	70.693
285.818	156.025	55.903	71.443
286.104	155.768	56.394	71.249
286.345	156.400	56.562	71.375
286.797	156.061	55.801	71.306
287.102	156.480	55.457	71.306
287.202	155.709	55.639	70.793
286.992	156.187	56.174	70.087
287.501	156.317	56.292	69.103
287.912	156.051	56.286	69.179
287.640	156.379	57.224	69.125
287.629	156.464	57.239	70.582
286.830	156.097	57.623	70.838
286.716	156.240	57.856	70.274
286.547	156.288	57.785	70.437
286.794	156.097	56.985	70.068
287.047	155.312	56.367	70.411
287.798	155.515	56.183	70.686
288.768	155.839	55.434	70.627
289.523	155.952	54.673	71.452
290.106	156.616	54.558	70.983
290.710	157.288	53.524	70.668
291.151	158.542	52.748	71.703
291.208	160.133	52.691	71.072
291.036	160.687	52.662	71.518
291.034	162.065	52.844	71.796
290.957	162.420	52.586	73.244
290.041	165.922	53.710	72.794
290.297	169.096	54.188	72.527
291.390	171.929	53.110	72.130
291.768	173.975	53.536	72.094
291.873	176.043	53.934	72.523
292.297	181.193	53.461	71.809
292.595	182.185	53.259	72.472
292.911	184.134	53.149	72.069
292.823	186.064	54.048	71.892
293.538	188.043	54.126	70.953
294.515	189.338	53.497	71.415
295.343	189.943	53.041	71.910
295.947	191.289	53.315	71.066
295.833	191.839	54.966	70.352
296.267	192.288	54.923	70.088
296.648	192.926	55.452	69.478
297.267	193.269	55.030	69.803
297.344	192.700	55.129	70.444
298.012	192.663	54.468	70.523
297.942	192.546	54.546	70.914
297.953	192.663	54.668	71.051
298.333	192.593	54.611	71.461
298.434	192.458	54.199	72.288
298.080	192.744	54.415	71.340
297.212	193.695	55.552	70.458
295.629	194.068	55.254	68.012
294.649	193.669	55.074	67.856
293.621	193.198	55.200	66.691
292.855	191.731	54.921	67.386
292.484	190.495	54.698	67.393
292.134	188.678	54.499	67.819
291.840	186.726	54.240	67.835
291.947	184.629	53.546	66.587
291.494	183.046	53.869	65.954
291.638	181.241	53.041	66.390
291.135	177.522	53.104	67.500
290.882	176.470	53.038	65.815
290.776	175.398	52.720	65.315
290.885	174.500	52.525	64.546
290.792	173.351	52.150	66.954
289.833	172.150	52.233	67.676
289.336	171.473	51.851	67.322
288.488	170.642	51.375	67.036
288.094	170.228	52.711	68.194
287.124	169.712	54.567	68.262
286.584	168.296	56.393	69.867
286.006	168.547	56.905	69.431
286.301	168.395	55.506	69.879
286.801	168.546	54.868	69.205
286.717	168.306	54.249	69.541
286.001	167.913	54.026	69.528
285.417	168.464	54.766	68.151
285.817	167.864	53.967	68.296
286.482	166.191	52.171	70.018
285.975	165.628	53.379	71.116
285.610	165.104	53.895	70.661
284.835	163.360	56.139	71.265
283.445	162.531	60.011	72.603
282.708	160.582	61.216	75.710
282.320	158.937	60.710	77.496
282.021	158.039	61.274	77.981
280.867	158.967	62.934	76.242
279.845	159.573	64.159	75.329
278.951	158.470	64.299	77.626
277.830	157.890	63.089	79.082
276.318	163.220	61.339	74.670
275.665	160.993	60.920	76.065
274.920	162.190	61.762	75.906
275.500	163.991	61.423	73.672
276.262	163.983	60.680	74.561
276.906	165.603	60.716	73.128
277.965	167.635	60.387	72.039
280.013	168.121	59.351	71.982
281.186	166.686	57.911	71.916
283.024	165.937	57.152	72.858
283.257	163.724	58.985	73.964
283.090	163.686	59.676	75.906
284.561	163.669	59.962	75.598
285.567	165.585	59.913	72.986
285.778	164.700	59.963	73.943
286.279	165.543	59.623	72.714
286.655	167.856	60.445	71.385
286.244	166.670	61.754	72.798
286.631	166.105	61.904	74.341
286.513	166.603	62.771	73.653
286.120	166.008	63.579	74.347
286.506	165.874	62.984	73.738
286.635	166.448	62.791	72.035
287.125	165.910	62.371	71.873
287.346	164.661	61.886	73.593
286.963	164.800	62.233	71.889
288.932	164.796	59.779	72.760
289.197	165.372	59.578	70.821
290.649	165.590	57.211	71.747
290.817	166.072	58.018	70.158
291.618	165.569	55.405	70.347
290.141	165.030	55.696	71.014
290.087	164.600	55.263	72.038
290.257	164.848	54.910	71.840
290.444	165.873	53.968	71.368
290.059	167.848	52.746	69.466
289.988	170.047	51.820	66.158
290.148	169.404	53.004	65.368
289.283	169.184	54.811	66.273
288.954	168.995	56.957	65.959
289.208	168.115	56.178	68.890
287.749	166.976	58.167	69.075
287.539	166.420	56.951	69.132
287.446	166.572	54.676	67.972
287.375	166.105	54.348	67.544
286.899	166.569	55.338	66.014
286.742	167.090	55.628	64.049
287.407	166.249	54.376	64.670
287.460	166.964	54.559	64.490
287.947	167.192	54.000	63.490
287.581	167.566	54.311	62.193
287.264	167.706	54.749	62.384
287.341	167.140	54.323	62.995
287.229	166.988	54.805	62.924
287.168	165.319	54.373	63.977
287.389	165.506	54.270	63.972
287.341	165.848	52.446	61.703
287.842	165.643	52.123	61.359
287.454	165.631	50.443	60.085
286.852	165.724	51.910	61.148
287.307	165.912	51.604	62.070
287.912	166.554	51.410	62.454
287.942	166.735	51.828	62.696
287.928	167.503	51.488	62.568
288.496	168.043	51.302	63.668
288.951	168.154	50.612	62.447
288.570	167.198	50.811	60.996
288.509	166.662	49.559	63.871
287.912	167.419	50.283	61.685
287.707	167.876	49.492	62.382
286.492	168.145	51.410	58.071
285.758	167.445	51.213	62.565
285.575	167.705	51.149	62.944
285.440	167.525	50.638	61.731
285.415	168.756	50.212	61.761
285.550	169.090	50.028	60.662
285.579	168.691	50.178	60.631
285.644	169.026	50.519	60.228
286.223	169.026	49.494	60.721
286.414	169.056	49.224	59.365
286.288	168.279	50.254	60.833
286.385	168.110	50.697	60.168
286.962	168.395	50.721	60.517
287.057	167.531	50.808	61.533
287.225	167.179	50.976	62.764
287.977	167.207	50.029	63.703
288.673	167.875	50.344	62.960
288.783	169.035	50.712	62.549
289.105	169.758	50.444	63.396
289.878	170.377	49.711	61.061
290.174	171.445	49.671	61.577
290.699	171.194	48.843	62.084
290.509	171.573	49.314	61.370
290.861	172.510	48.788	60.930
290.886	172.816	49.593	60.973
290.803	172.377	49.468	61.020
290.735	171.580	49.849	61.635
290.980	171.923	49.013	61.582
290.458	171.152	49.771	61.285
290.189	170.279	50.039	61.908
290.125	169.309	49.974	62.662
289.874	169.316	50.315	61.833
289.679	168.221	50.457	63.518
289.465	167.862	50.461	62.339
289.280	167.825	50.620	62.305
289.711	167.529	49.994	62.353
289.184	167.403	50.941	64.642
289.169	167.650	50.303	65.076
288.642	167.563	50.790	63.888
288.230	167.204	52.210	66.441
288.113	167.579	51.542	68.441
287.068	167.437	52.146	64.859
287.374	168.182	51.458	64.712
287.937	167.613	50.728	63.379
288.878	168.519	51.144	67.073
289.050	167.764	52.695	63.616
288.637	168.590	51.952	61.774
288.975	168.951	52.215	63.490
288.564	167.097	51.936	62.241
288.709	168.349	52.089	62.825
289.115	167.395	51.493	63.458
289.695	168.808	52.014	67.198
289.704	168.537	51.587	65.082
288.940	169.154	51.097	65.908
288.307	167.669	50.178	67.201
286.477	168.181	51.972	67.881
286.455	167.429	52.364	67.334
285.407	167.112	53.955	66.994
285.183	166.895	54.090	67.581
284.920	167.122	54.241	67.947
286.364	165.817	53.127	67.254
285.062	166.403	53.858	68.769
286.812	165.540	52.397	67.660
281.954	173.720	55.654	66.095
286.689	166.462	52.454	68.588
287.822	167.518	51.386	65.008
287.630	167.982	52.176	64.186
288.285	168.068	51.324	65.629
288.679	168.302	50.655	65.054
289.959	167.897	49.458	64.270
290.265	167.992	49.260	64.520
290.391	167.819	49.454	63.306
290.544	168.018	49.618	62.595
290.421	167.871	50.104	63.935
290.432	168.208	49.780	64.431
290.074	167.870	50.380	64.331
289.757	168.145	50.906	64.588
290.403	167.387	50.873	65.307
290.190	167.239	51.225	64.705
289.293	167.316	52.094	64.182
288.069	168.003	52.683	65.182
288.253	168.246	51.905	64.770
288.776	168.371	51.194	64.445
289.683	167.445	50.593	64.848
289.692	167.781	50.477	63.764
289.829	168.166	50.252	63.034
289.750	167.719	50.696	63.049
290.548	166.992	50.496	62.823
290.396	167.103	50.659	61.893
290.756	167.531	50.144	60.800
290.899	167.253	50.455	59.770
291.362	167.860	49.608	61.644
291.730	167.573	48.891	60.466
291.505	167.115	49.176	59.297
291.624	166.766	48.644	59.198
291.353	166.888	49.324	59.861
291.242	165.922	49.632	61.076
291.283	165.194	49.655	62.638
291.849	165.126	49.538	62.397
291.929	165.084	49.846	62.132
292.325	164.785	49.581	61.489
291.891	163.607	50.226	63.842
290.344	163.547	52.099	63.542
292.020	163.550	50.934	63.975
291.852	162.851	50.902	64.643
292.214	162.467	51.146	64.492
292.340	162.532	50.668	66.114
293.605	162.547	49.586	65.065
293.112	162.267	49.816	66.592
293.349	162.762	49.848	65.983
292.462	162.600	50.614	66.326
293.302	162.318	50.279	65.995
292.928	163.149	50.363	65.372
293.435	163.306	49.846	65.887
293.384	163.209	50.070	65.404
293.148	163.047	50.253	66.508
293.567	162.926	49.932	65.439
293.972	162.137	49.286	66.773
293.978	161.650	49.285	67.051
294.770	161.402	48.584	67.442
294.246	161.947	49.871	68.135
294.564	162.081	50.650	67.501
294.879	162.167	50.307	67.657
294.331	162.380	51.026	67.339
295.394	161.760	49.124	66.893
293.905	162.892	51.540	67.284
285.885	161.027	61.699	68.308
295.521	159.834	50.468	68.272
295.246	161.704	50.967	66.906
295.628	162.005	51.175	65.726
296.070	162.089	50.679	65.984
296.712	162.284	50.673	65.300
296.991	163.550	50.071	63.539
296.586	163.406	50.528	63.775
296.363	163.388	50.483	63.829
296.139	163.197	50.126	63.806
295.876	162.933	50.123	64.865
295.725	163.268	50.068	64.269
295.561	163.133	50.258	64.777
295.567	162.979	50.460	64.601
295.663	163.172	50.391	64.452
295.627	162.915	50.790	64.839
295.439	163.202	51.447	63.585
295.585	163.319	51.087	64.767
295.636	163.278	50.864	63.719
295.594	162.907	50.713	65.089
295.571	163.278	50.765	63.424
295.757	162.780	50.170	64.553
295.627	162.105	50.517	64.793
295.766	162.108	50.080	64.386
295.757	161.460	50.441	65.225
295.927	161.692	49.946	65.232
296.435	161.657	49.737	65.054
296.535	161.138	50.028	65.680
297.233	160.819	49.492	65.269
297.270	160.754	49.388	65.307
297.646	161.459	49.200	64.602
297.797	162.123	49.048	64.146
297.554	162.384	49.762	63.811
297.073	162.375	49.933	64.245
297.080	162.673	49.956	64.413
296.430	161.976	50.310	65.095
296.180	162.236	50.329	63.872
296.106	161.813	50.105	64.922
296.017	161.071	50.492	65.901
296.191	160.796	51.030	65.007
296.480	160.665	50.713	66.125
296.711	160.514	50.898	65.887
296.516	160.839	51.259	65.965
296.690	160.318	51.110	67.449
296.735	160.692	51.199	66.094
296.475	160.677	51.605	67.277
296.803	160.986	51.210	66.976
297.148	161.398	50.186	66.645
296.969	161.383	50.228	66.602
296.937	161.022	50.124	67.054
296.722	161.088	50.360	66.358
296.450	160.861	50.529	66.257
296.136	160.698	51.000	66.242
296.070	161.130	51.203	65.946
296.394	160.989	50.438	66.190
296.186	160.698	50.522	66.781
295.441	160.775	50.899	66.853
294.729	161.168	50.919	66.415
294.165	161.318	50.754	67.079
293.952	161.545	50.381	65.921
293.581	161.307	49.751	66.574
293.092	161.600	50.010	65.609
293.023	161.015	49.850	65.379
292.701	160.625	50.389	66.015
292.548	161.310	50.868	64.768
292.439	161.080	50.596	65.446
291.994	160.892	50.814	65.899
291.642	161.284	51.327	64.348
291.668	161.342	51.079	64.604
291.831	161.144	50.779	64.472
292.017	160.689	50.249	65.416
291.766	160.884	50.816	64.906
291.363	161.470	50.171	63.316
291.199	161.218	50.473	63.531
291.302	161.563	50.449	63.401
291.085	161.831	49.943	61.325
291.459	161.167	48.718	64.385
290.951	161.982	50.148	61.471
291.193	161.961	49.667	61.938
291.384	161.713	49.343	62.690
291.421	162.042	49.597	62.620
291.356	162.126	49.742	61.238
291.254	161.875	49.756	63.364
291.296	161.933	49.780	61.213
291.287	161.814	49.724	62.635
291.387	161.994	49.427	62.350
291.542	162.268	49.079	61.340
291.383	162.177	49.308	61.654
291.319	162.177	49.345	62.456
291.542	161.824	49.026	63.007
291.193	161.730	50.091	61.739
291.061	161.907	50.010	62.094
291.028	162.035	49.779	60.242
291.245	162.059	49.634	61.508
291.447	162.058	48.962	63.540
291.132	161.884	49.521	60.918
290.769	162.086	49.842	61.892
290.421	162.801	50.265	58.776
290.317	162.214	49.934	62.525
290.387	162.421	49.507	60.226
290.415	162.504	49.476	60.045
290.319	162.530	49.519	59.730
290.383	162.413	49.296	59.805
290.319	162.250	49.387	59.819
290.189	162.355	48.956	60.950
290.276	162.383	49.711	59.451
290.255	162.652	49.345	61.297
290.319	162.747	49.293	59.247
290.288	162.531	49.826	58.933
290.448	162.924	49.507	58.866
290.448	162.906	49.507	60.556
290.803	162.433	49.515	59.638
290.963	162.901	49.686	60.177
291.088	162.847	50.088	60.871
291.450	163.088	50.092	60.315
292.151	162.664	50.161	61.083
293.276	162.756	50.935	59.683
294.319	161.654	50.256	62.386
294.778	161.403	50.377	62.437
295.513	160.794	50.468	63.573
295.751	159.845	50.658	64.673
296.023	159.532	51.113	66.160
296.330	159.774	51.645	66.302
296.489	159.512	52.229	67.070
296.604	159.045	53.052	67.466
297.080	158.830	53.417	65.805
297.934	159.068	54.253	65.668
298.963	159.855	54.724	64.984
299.436	159.076	53.480	65.573
299.583	160.033	54.743	65.247
299.753	160.096	53.061	64.683
299.836	160.308	53.694	64.403
299.914	160.661	53.487	64.007
300.071	159.418	53.032	65.033
300.049	158.594	54.631	66.448
299.919	158.887	54.319	66.042
300.611	158.732	54.033	67.241
301.272	159.261	52.994	66.940
301.421	159.138	52.654	67.424
301.421	158.872	52.797	67.006
302.096	159.072	51.972	68.002
301.929	159.512	52.393	67.733
301.776	159.437	52.310	67.804
301.720	159.336	51.843	68.042
301.253	159.839	52.225	67.631
301.321	159.370	52.158	67.690
300.776	159.112	52.590	68.506
300.473	159.459	52.207	67.381
300.192	159.412	52.350	67.144
300.017	159.112	52.494	67.083
300.297	158.743	51.874	67.229
299.460	158.285	52.672	66.654
299.164	157.586	52.542	67.739
298.776	157.201	53.242	68.639
298.600	156.940	53.041	67.237
298.430	157.039	53.164	67.386
298.303	156.457	54.194	68.378
298.174	157.250	54.896	66.298
298.762	157.161	55.210	66.723
299.017	156.337	53.995	67.809
299.066	156.923	53.817	66.328
298.562	157.194	54.343	65.829
298.463	156.997	54.275	66.656
297.954	157.493	54.312	65.945
297.150	157.138	54.341	66.471
297.344	156.794	54.124	67.407
296.768	157.294	54.051	68.304
296.168	158.685	53.649	66.293
296.214	158.666	52.910	67.928
295.444	159.526	52.720	66.404
295.638	159.349	52.103	67.671
295.455	159.033	52.364	66.927
294.998	160.003	52.659	67.632
295.084	159.377	52.226	67.331
294.421	159.805	52.590	66.950
294.145	160.338	52.558	67.122
293.667	161.919	51.680	65.864
293.138	162.815	51.564	65.767
292.526	162.105	51.178	66.840
291.600	163.757	52.587	67.304
291.249	164.105	52.287	68.016
290.672	165.063	52.192	68.952
290.205	168.562	52.489	68.663
289.531	169.429	52.245	68.546
289.842	171.479	51.886	69.398
289.373	175.410	53.096	67.881
289.306	175.844	53.140	67.261
289.061	178.280	53.970	67.504
289.290	180.037	53.703	66.217
289.233	178.785	53.751	66.349
289.216	180.523	53.944	67.102
289.502	178.287	53.564	66.741
290.654	175.451	52.679	67.977
291.146	173.886	53.030	68.155
292.127	173.445	52.895	64.596
292.965	170.357	52.765	66.493
294.032	166.704	52.107	66.694
296.482	162.129	50.080	68.576
296.319	159.701	50.845	68.402
296.386	158.516	50.961	67.408
297.334	156.677	50.028	68.041
297.091	155.894	50.408	66.445
297.030	154.879	50.352	65.747
296.973	154.255	50.104	65.372
297.023	152.898	50.203	65.170
296.538	152.202	50.716	66.080
296.417	152.704	50.698	65.146
296.480	152.176	50.907	64.610
296.006	151.495	51.329	63.732
296.049	151.554	51.170	64.200
295.852	151.395	51.395	63.331
295.585	151.161	51.360	63.014
295.363	150.428	51.410	64.817
295.186	150.704	51.812	64.618
295.019	150.768	51.896	64.817
294.714	150.575	52.033	64.443
294.612	150.510	51.969	64.551
294.302	150.800	51.922	63.494
294.141	150.586	51.524	64.431
294.480	150.470	50.740	64.041
294.363	150.363	50.971	64.522
294.571	150.596	50.874	63.766
294.822	150.172	50.649	63.597
295.143	149.939	50.907	64.175
296.041	149.660	51.497	63.117
294.974	148.170	52.749	65.118
294.739	149.296	54.238	64.028
293.536	149.565	55.363	66.074
292.796	149.457	56.225	65.653
293.161	149.514	55.622	63.136
293.489	149.763	54.209	62.795
292.906	149.988	55.302	63.083
292.231	150.011	56.763	64.358
290.966	150.149	57.513	67.307
292.023	150.144	56.148	68.295
291.439	149.940	56.726	68.873
291.508	150.043	56.369	68.624
291.971	149.719	55.688	68.665
292.699	150.616	54.633	66.505
293.526	150.161	53.218	66.409
293.819	150.073	51.208	66.438
293.814	150.525	50.877	64.723
293.863	150.371	50.418	65.199
293.798	150.916	50.265	64.653
293.757	150.850	50.387	65.299
293.636	151.181	50.645	64.896
293.439	151.628	50.951	64.417
294.023	152.075	51.002	64.849
294.544	152.470	51.094	64.520
294.733	152.500	51.347	65.114
295.349	152.543	51.267	64.389
295.668	152.403	51.385	65.166
296.001	152.284	51.305	64.519
296.384	152.446	51.121	64.565
296.439	151.722	51.116	65.541
296.417	151.612	51.137	65.086
296.285	151.252	51.048	66.182
295.940	151.839	50.810	64.471
295.685	151.724	50.878	63.386
295.720	151.912	50.686	62.944
295.533	151.379	50.490	62.746
295.657	151.230	50.211	63.165
295.341	151.036	50.048	63.433
295.369	150.949	49.979	63.114
295.063	150.503	50.001	64.718
294.496	150.556	50.594	64.952
294.505	150.467	50.531	64.535
294.375	149.883	50.188	65.488
294.190	149.885	50.508	64.988
294.180	149.756	50.383	64.594
294.245	150.034	50.129	63.864
294.270	149.679	49.915	63.350
294.063	149.373	49.751	62.961
294.240	149.529	49.184	62.323
294.273	149.469	48.935	61.806
293.829	149.105	49.379	62.114
293.404	149.513	50.440	60.404
293.431	149.717	49.893	60.745
293.176	149.828	49.891	60.843
292.867	149.085	50.196	63.685
292.886	149.122	50.202	62.910
292.669	149.398	50.387	62.714
292.603	149.045	50.562	63.844
292.463	149.350	50.546	64.069
292.330	149.350	50.705	64.378
292.310	149.363	50.882	64.478
292.174	149.997	50.998	64.152
292.884	150.361	50.668	63.642
293.048	150.002	51.030	63.939
294.165	148.508	50.806	63.897
295.893	145.698	49.299	63.852
296.403	141.944	49.945	62.294
296.903	131.132	49.547	63.043
297.479	124.301	48.059	66.052
297.845	117.140	48.724	66.881
299.356	110.027	46.992	66.445
300.167	103.099	46.281	65.151
301.061	91.390	46.586	64.370
300.357	81.200	47.280	65.513
300.085	75.061	47.633	65.418
300.487	66.233	47.990	64.432
299.996	59.494	49.022	64.206
300.279	46.494	48.983	71.894
300.303	43.189	47.848	69.460
300.624	38.682	46.581	68.760
301.502	35.539	46.915	65.505
300.347	33.841	46.871	58.940
300.824	32.866	45.624	60.875
300.148	32.695	45.888	60.357
299.479	32.442	46.123	59.856
299.139	33.247	45.743	58.623
299.018	32.908	45.504	59.352
297.805	32.190	46.179	60.976
297.624	33.771	46.411	60.331
296.268	34.641	46.879	60.946
296.812	33.370	46.782	64.112
296.799	33.725	47.104	62.468
297.374	36.348	46.896	63.411
262.792	87.610	53.845	79.115
272.964	86.488	67.391	89.270
306.004	194.418	65.134	73.204
314.701	190.131	73.396	70.739
324.634	192.094	60.491	64.390
301.864	98.997	50.596	14.917
301.749	53.518	41.116	57.281
301.048	40.509	44.354	61.272
300.444	41.154	45.704	59.886
299.269	40.221	45.506	61.546
279.876	138.283	48.630	39.702
292.012	159.174	61.855	55.647
288.209	144.394	59.433	73.396
290.261	133.307	55.918	75.535
290.064	135.168	60.961	78.895
289.660	131.319	63.075	79.619
288.790	134.061	61.982	75.826
289.825	139.846	62.889	76.294
285.468	142.646	67.211	74.734
282.505	136.832	67.326	81.283
281.418	121.365	66.565	91.911
283.028	125.096	65.476	90.164
280.448	123.882	69.844	93.057
282.208	115.610	66.996	102.722
286.913	133.844	67.390	97.062
284.572	126.665	67.872	102.566
293.572	78.676	50.590	69.833
296.600	80.661	47.647	63.357
297.591	82.240	45.555	59.607
298.050	87.495	44.622	56.616
298.546	90.835	44.377	55.177
299.511	93.311	43.298	54.259
299.503	94.310	43.315	56.214
299.206	95.751	44.672	56.601
297.448	95.053	47.380	57.201
298.923	96.622	46.638	56.971
299.138	97.141	47.094	56.512
300.408	96.034	47.241	55.687
301.260	93.520	45.850	55.586
303.204	90.682	45.550	56.988
305.416	86.154	44.836	55.148
287.085	183.323	50.256	30.763
295.062	183.691	55.095	50.430
290.579	180.203	62.022	72.876
288.529	174.376	62.597	82.072
289.812	167.410	64.240	80.260
289.801	171.714	64.870	76.688
289.639	167.446	65.148	70.492
292.425	164.660	64.753	61.765
292.893	160.916	66.721	66.019
292.235	156.149	63.828	63.120
292.088	153.029	65.378	66.837
292.807	149.670	68.050	63.241
293.310	148.948	64.363	67.566
292.916	147.720	64.192	67.257
296.651	145.836	65.810	68.432
293.622	143.501	70.056	72.881
296.551	144.741	68.901	70.309
292.432	145.481	67.991	69.659
298.440	146.243	65.912	67.793
292.838	144.967	69.837	69.680
291.398	147.803	71.238	67.882
290.447	147.331	71.584	67.587
290.943	148.803	71.810	67.193
288.835	149.568	72.535	72.017
290.088	145.726	72.671	70.761
293.242	154.727	68.076	62.306
298.079	148.768	67.807	65.689
292.989	146.542	68.049	70.886
290.509	145.804	78.747	73.726
294.823	144.042	71.439	82.325
283.564	154.463	73.609	86.141
287.741	149.402	70.401	71.429
280.970	157.960	74.858	78.665
286.603	149.864	68.673	65.908
280.340	160.642	73.122	55.930
285.687	171.236	70.612	68.142
281.006	162.216	75.852	69.046
290.087	154.753	72.072	65.992
295.560	158.614	74.329	70.520
286.700	160.378	74.651	63.749
329.723	164.927	52.744	61.803
294.774	81.024	51.369	23.392
257.980	133.719	36.678	34.283
262.464	133.657	43.667	57.694
278.494	159.774	68.405	56.442
276.708	168.265	72.542	48.720
276.609	164.978	74.978	63.637
271.811	162.540	81.587	64.046
277.988	165.152	76.507	59.315
277.251	165.648	77.823	61.840
276.639	166.635	75.855	55.938
271.718	166.058	76.690	65.897
275.250	157.803	75.373	62.614
273.310	164.230	76.584	59.855
275.283	167.046	77.052	54.330
273.974	164.801	76.738	58.279
276.639	166.546	74.112	54.705
274.383	167.163	76.425	52.359
274.946	165.117	75.942	55.996
273.702	168.385	76.916	48.106
276.874	168.722	76.804	53.125
277.396	166.781	80.264	53.795
277.690	161.328	80.476	59.171
292.119	161.048	73.662	65.454
278.067	159.013	77.231	60.543
274.021	166.535	74.900	56.712
273.535	168.355	74.033	52.695
273.454	171.288	72.221	50.239
275.059	173.987	69.757	48.496
273.799	177.239	70.541	47.883
271.797	180.213	69.628	49.176
270.932	184.043	72.860	47.417
270.491	185.453	73.618	46.584
270.390	186.198	72.362	46.082
266.077	182.273	73.515	50.095
264.157	176.708	76.746	56.080
261.393	175.806	82.109	59.161
265.578	179.145	81.129	59.061
265.836	175.113	82.313	60.476
264.321	170.305	78.535	61.091
262.556	170.894	83.245	60.419
262.963	172.189	84.492	59.755
263.302	170.213	80.249	62.141
267.323	170.717	80.561	61.146
273.220	170.775	79.784	60.541
273.962	166.463	80.891	63.347
276.296	161.481	79.890	67.848
274.493	164.052	77.377	65.194
274.074	160.744	79.845	66.421
272.390	168.800	78.887	58.183
273.959	173.240	69.916	54.388
271.894	167.981	73.659	59.464
271.119	165.357	80.324	64.191
269.901	154.828	69.819	67.798
269.495	157.386	73.371	63.545
271.881	165.724	75.489	53.775
274.284	160.101	72.625	57.171
275.225	166.887	75.056	50.146
273.745	162.691	72.098	54.361
275.222	165.215	76.920	55.272
274.813	163.121	79.437	54.330
278.253	160.511	75.579	60.331
274.403	158.106	77.488	63.744
278.483	165.475	74.118	54.578
279.504	163.278	72.356	55.117
279.026	165.732	74.969	53.510
277.947	164.038	75.927	62.988
287.441	161.645	69.763	58.738
285.282	162.056	70.716	66.390
278.557	154.999	71.651	69.034
249.569	123.854	63.626	74.507
254.770	125.361	56.202	73.184
257.345	126.577	56.441	74.996
261.420	128.168	52.676	78.252
260.108	127.985	51.535	76.541
260.423	125.913	51.479	77.888
260.152	126.857	51.425	75.748
261.839	126.908	51.328	75.697
263.195	128.529	51.823	71.003
263.476	129.641	55.828	75.370
297.647	54.991	49.288	71.502
296.027	56.655	47.891	62.470
273.079	180.705	64.938	18.232
263.542	173.487	56.759	67.114
251.247	163.471	69.872	76.214
244.750	184.908	70.962	61.036
240.847	187.261	63.234	57.586
248.354	191.276	61.462	57.394
244.356	192.524	62.012	59.563
243.069	192.529	63.912	62.947
245.601	191.496	59.854	68.404
244.232	193.047	62.005	65.032
244.054	193.300	60.277	66.904
245.925	197.248	60.053	64.475
246.492	196.352	58.748	63.484
247.630	195.905	57.830	66.351
247.233	195.784	58.620	67.011
247.384	194.633	58.095	68.387
246.769	195.929	59.291	67.779
247.632	195.414	57.658	69.261
245.765	196.354	60.366	69.255
248.955	194.613	56.998	70.420
246.054	192.626	57.670	72.355
253.217	191.792	57.383	74.663
250.828	191.971	54.170	75.034
246.727	191.579	52.435	74.528
248.458	190.075	52.526	76.845
246.365	192.073	50.650	74.451
243.374	186.016	48.098	79.594
245.057	189.351	49.645	79.123
247.467	188.552	47.185	77.814
249.165	189.151	48.407	76.605
248.946	187.736	51.403	76.663
296.156	173.817	61.695	62.312
299.699	175.680	60.422	60.978
300.470	175.314	60.595	69.524
308.495	179.873	54.872	62.604
311.942	178.037	52.283	63.444
310.253	179.015	54.786	59.921
313.268	175.825	52.410	65.523
307.565	173.800	58.013	70.979
311.896	174.863	54.155	66.642
311.678	172.568	54.191	67.845
312.119	173.470	55.262	64.639
314.905	173.866	54.227	57.349
318.426	171.505	49.945	68.458
318.256	166.077	50.499	72.090
321.674	174.651	49.205	69.774
309.798	90.011	51.941	23.719
313.836	67.768	45.298	47.010
310.877	64.155	52.316	51.561
313.330	64.078	51.698	52.923
313.179	62.175	52.859	55.070
312.462	58.610	50.792	57.120
314.928	63.131	52.611	54.848
314.790	59.768	52.874	56.323
311.544	57.542	51.728	57.450
316.445	67.146	52.499	55.142
314.036	65.621	52.451	54.118
335.588	184.570	52.809	15.369
328.011	179.371	47.233	51.833
307.207	167.414	60.211	81.580
280.781	188.175	52.919	76.461
280.261	184.054	52.078	84.919
316.058	88.948	52.603	23.251
316.398	63.916	43.225	48.607
313.082	59.074	46.523	53.330
311.589	61.945	49.189	53.291
309.781	61.604	52.018	53.732
304.717	57.843	50.647	57.662
306.526	53.780	49.375	59.202
303.274	55.743	50.061	55.998
304.606	54.320	49.980	56.438
301.995	53.441	50.693	55.871
305.989	54.551	49.330	54.760
288.057	171.141	61.006	15.812
310.583	163.903	45.647	59.446
316.417	157.178	48.314	92.154
305.524	161.101	59.386	92.333
307.824	154.334	55.281	81.251
308.191	154.938	55.456	81.405
308.955	154.852	55.727	80.757
294.228	149.634	66.815	73.858
304.201	152.920	65.073	80.920
321.814	158.504	58.054	86.648
312.734	165.530	64.553	81.033
313.250	164.729	61.108	79.406
319.657	161.245	60.862	82.666
309.074	160.948	63.085	70.320
315.570	162.539	62.951	83.329
317.524	162.636	57.293	88.168
299.250	159.202	67.708	69.632
309.675	168.284	60.988	74.897
310.104	164.370	60.983	82.520
310.493	167.485	57.667	81.886
306.803	159.395	60.994	70.101
298.729	155.039	66.267	67.050
304.133	146.991	63.804	69.211
292.565	146.691	68.643	65.994
300.854	151.951	72.000	68.788
311.849	155.320	68.191	74.750
315.204	161.523	75.289	71.342
318.951	162.793	71.568	76.337
322.900	158.765	65.224	76.552
325.735	156.969	63.099	79.738
323.303	158.130	64.355	81.443
327.743	156.014	64.339	79.744
323.751	164.427	65.621	73.223
324.392	162.910	59.706	72.871
325.290	162.324	64.159	74.221
323.977	162.734	58.864	73.415
324.114	165.658	66.989	69.713
323.281	159.007	64.412	75.441
322.018	156.891	67.000	77.321
324.347	154.814	69.242	78.616
327.437	161.346	63.226	74.120
320.450	161.624	65.886	72.175
315.761	164.197	59.803	76.730
312.265	157.037	60.840	75.765
309.246	160.542	65.261	78.237
312.965	161.433	61.095	82.106
309.933	157.762	64.438	73.199
308.664	161.804	62.264	72.647
304.323	163.778	62.664	75.297
299.771	159.826	62.432	70.378
296.918	159.372	62.260	69.664
289.458	160.727	66.177	67.684
289.942	159.289	68.873	71.096
286.598	147.815	73.810	80.237
284.441	141.514	74.730	87.000
283.111	142.985	69.321	79.222
281.018	141.222	68.966	82.908
282.026	141.930	64.531	75.410
281.025	146.591	63.307	74.697
284.138	141.281	70.958	75.155
274.649	139.421	74.984	77.035
275.776	144.538	75.802	68.360
278.776	153.513	73.739	58.705
276.096	148.275	76.251	63.058
277.506	153.410	74.192	58.202
272.638	151.220	76.089	61.422
314.536	156.751	75.396	72.122
329.250	153.910	59.403	75.582
319.630	155.885	69.111	76.308
330.473	164.365	60.347	73.928
316.748	170.510	80.768	72.129
328.058	172.325	67.183	73.702
327.430	175.069	69.732	72.948
326.648	176.490	70.512	73.219
335.147	176.070	63.670	76.337
332.979	174.901	66.690	78.570
320.291	171.246	77.238	84.305
278.047	146.775	72.946	71.784
280.798	157.041	71.640	64.670
278.893	162.614	75.624	62.146
276.728	158.757	75.740	64.119
276.820	141.752	73.456	78.289
255.527	113.462	73.395	73.032
248.484	113.898	55.376	63.464
252.251	115.523	55.244	58.574
248.379	115.739	53.775	57.001
285.811	158.152	61.168	58.248
286.294	155.543	64.437	64.516
288.122	149.430	69.935	79.509
300.368	148.046	68.796	96.394
306.461	167.860	71.250	89.640
313.425	173.161	61.874	92.344
299.443	65.124	52.492	48.268
299.919	50.008	49.480	63.659
299.603	51.070	49.272	61.571
297.453	59.573	52.523	61.891
288.584	181.712	57.141	23.211
291.314	183.044	52.227	61.641
318.337	200.437	63.723	72.982
312.221	196.056	70.549	83.738
313.317	195.981	68.625	87.674
318.169	204.452	61.683	76.556
315.910	202.054	65.182	82.402
305.310	211.613	71.429	70.613
326.401	210.843	62.086	77.726
322.053	207.965	68.141	76.475
325.144	204.809	65.952	80.236
330.115	200.555	61.291	74.548
299.489	102.039	48.413	50.741
298.934	84.248	47.689	63.181
297.857	87.857	49.856	64.798
296.755	87.711	50.078	64.989
295.670	88.333	50.011	65.334
295.137	88.650	49.978	65.792
294.528	89.403	50.290	64.673
293.836	89.636	50.093	65.293
292.696	89.911	51.027	64.589
291.891	90.455	50.958	65.512
291.225	90.852	51.227	64.188
291.058	91.170	50.886	64.524
290.670	91.934	50.763	64.886
289.667	91.998	51.023	64.214
288.583	91.868	51.522	64.152
287.358	91.955	51.909	63.970
286.401	92.043	52.442	63.276
285.913	91.756	51.897	63.754
285.131	92.297	51.878	63.748
284.442	91.788	51.922	63.238
284.085	92.404	51.573	62.788
283.783	92.614	50.852	60.638
283.385	92.573	51.440	59.865
283.765	93.349	50.268	58.393
283.592	93.603	50.905	57.528
283.484	93.731	51.214	57.556
283.699	93.133	50.566	59.623
283.235	92.869	50.963	60.076
282.918	93.388	51.663	59.676
283.276	93.567	50.984	60.879
282.304	94.238	52.720	57.932
283.936	95.376	50.360	57.809
283.752	96.045	50.283	57.050
283.155	97.239	51.341	56.958
283.215	98.254	50.951	58.134
283.775	98.719	50.711	60.164
285.008	99.258	50.361	60.590
284.619	100.288	52.377	59.196
287.451	101.569	50.910	60.697
288.432	101.968	50.732	62.518
288.355	103.035	53.040	61.778
289.693	103.993	52.706	61.393
291.582	104.923	51.567	60.870
293.293	106.637	52.548	60.741
295.110	107.116	52.044	60.147
297.100	107.242	50.828	59.474
298.245	108.794	50.920	58.623
299.532	107.199	50.573	60.894
300.906	108.508	49.224	58.385
301.520	108.719	49.162	58.836
301.153	109.230	50.373	57.560
301.644	109.475	50.041	57.142
302.255	109.388	49.756	57.267
302.809	108.560	49.670	57.970
303.065	108.552	50.084	58.480
303.288	108.300	50.066	59.529
303.287	107.937	50.463	59.015
303.513	107.976	50.163	57.175
304.128	108.021	49.616	57.622
304.259	107.660	49.943	57.918
304.965	107.348	48.773	57.217
305.261	107.541	48.312	56.636
305.110	107.522	48.492	58.703
305.065	107.484	47.914	59.717
304.483	107.247	48.258	59.308
304.610	107.218	47.724	59.377
303.809	107.120	48.068	60.476
303.159	107.743	48.724	60.194
302.053	107.990	48.622	60.130
301.415	108.831	48.335	60.571
300.963	108.582	48.273	60.816
300.086	109.355	48.893	60.197
299.854	108.505	48.405	60.210
299.283	108.355	48.247	59.727
299.053	108.567	47.749	59.291
298.227	108.763	48.114	59.856
297.607	108.160	48.526	60.112
297.177	109.273	48.872	59.448
296.501	109.171	48.723	59.057
296.353	109.166	48.974	58.928
296.287	109.441	48.463	59.039
296.045	109.044	48.763	59.033
296.001	108.526	48.781	59.361
295.395	107.788	49.199	59.747
295.806	107.895	49.067	59.441
295.884	107.725	48.321	60.005
295.571	107.313	48.416	59.622
295.700	106.663	47.677	60.342
295.675	106.648	47.519	59.358
295.588	106.439	47.297	60.120
295.233	107.529	47.534	59.941
295.131	107.885	47.094	59.033
295.164	107.067	46.474	59.279
294.861	107.798	47.046	58.603
294.613	107.856	46.991	58.427
294.461	108.203	47.092	58.801
294.093	108.161	47.234	59.000
293.542	108.335	47.775	58.427
293.511	108.625	47.527	57.980
293.278	108.769	47.402	58.278
292.717	108.594	47.938	58.492
292.736	107.341	47.781	59.178
292.767	108.164	47.760	58.676
292.679	108.423	48.021	57.871
292.734	108.014	47.849	58.670
292.647	108.739	48.308	58.142
292.685	107.754	48.199	59.054
292.666	108.319	48.255	58.826
293.072	107.963	47.895	59.836
292.770	108.689	49.004	58.905
293.029	109.201	48.684	58.792
293.079	108.501	48.759	59.347
293.155	108.431	49.317	58.973
293.309	106.853	48.865	59.532
293.961	106.526	48.369	59.953
294.116	105.788	48.340	60.692
294.403	105.839	48.319	61.098
294.351	106.332	48.845	60.878
294.162	107.266	49.076	60.535
294.479	107.179	48.948	61.434
294.731	107.990	48.262	60.286
294.884	108.050	48.228	60.008
294.414	107.807	48.604	60.221
293.029	108.050	49.445	59.591
292.110	108.138	50.183	58.689
291.953	108.461	50.140	58.723
291.801	108.695	49.680	58.171
291.660	108.113	48.966	59.523
291.441	108.270	49.368	59.720
292.026	108.872	48.936	58.916
292.287	108.201	48.684	60.398
292.403	107.922	49.019	60.654
292.871	107.653	49.035	60.290
293.247	107.157	48.727	59.867
293.910	106.479	48.233	59.398
294.156	106.525	47.920	59.795
293.718	106.965	48.358	58.751
293.201	107.179	48.734	58.346
293.330	107.091	48.796	58.867
293.510	107.201	48.912	58.594
294.131	106.642	48.772	59.799
293.933	106.561	49.009	60.199
294.221	106.615	48.880	60.021
294.064	106.332	48.440	59.975
293.676	106.171	48.908	59.737
293.493	106.131	48.650	59.569
293.309	106.091	48.927	59.669
293.283	105.479	48.277	60.103
293.184	105.364	48.379	60.595
292.643	105.209	48.800	59.535
292.388	105.531	49.005	59.617
293.013	105.570	48.223	59.668
292.063	105.669	49.422	59.886
292.347	106.315	49.689	59.476
292.986	105.735	49.275	60.509
292.973	105.898	49.579	60.436
291.959	105.475	50.016	60.536
293.173	105.909	49.123	60.276
293.636	105.857	48.917	60.567
293.374	106.340	49.148	59.994
292.548	105.972	50.133	60.013
293.314	106.231	49.434	60.166
293.741	106.019	48.781	60.436
293.321	105.839	48.980	60.588
293.871	106.019	48.682	60.315
293.802	106.004	48.397	60.154
293.910	106.292	48.770	60.217
293.749	106.250	48.725	60.266
293.669	106.895	48.559	59.831
293.858	106.684	48.758	60.885
294.234	106.776	48.512	60.377
293.986	106.929	48.365	60.701
294.247	106.672	48.381	60.784
294.143	106.816	48.736	60.608
294.299	106.612	48.674	60.722
294.299	107.180	48.706	60.670
294.143	107.004	49.150	60.692
294.235	106.974	49.447	61.028
294.336	107.464	49.155	60.569
294.191	108.206	49.727	59.136
294.388	107.615	49.615	60.171
294.793	108.107	49.045	59.960
294.675	108.153	49.418	59.205
294.512	108.240	49.763	59.388
294.610	108.770	49.694	58.810
294.702	109.002	49.862	59.386
294.775	109.872	49.908	58.464
294.645	110.157	50.719	57.836
295.257	110.956	49.811	57.982
295.744	112.102	49.685	57.978
296.339	112.185	49.114	56.937
296.708	112.768	48.769	58.315
296.758	113.705	48.676	56.203
297.190	113.092	48.372	58.496
297.304	112.763	48.160	58.766
296.690	114.563	49.094	57.040
296.368	113.903	49.592	57.909
296.074	113.631	50.167	57.986
296.686	112.078	49.127	59.254
296.388	112.131	49.582	58.921
296.335	111.355	49.667	59.610
296.083	111.932	50.084	59.402
296.715	111.694	49.649	59.566
296.669	112.212	49.559	59.574
296.510	111.816	49.977	59.384
296.775	111.856	49.582	59.961
296.470	112.681	50.443	58.978
296.684	112.622	50.132	59.157
297.038	112.385	49.860	59.155
297.221	111.975	49.266	60.083
297.162	112.027	49.328	59.002
297.151	111.648	49.690	59.417
296.964	112.054	50.354	59.702
297.040	111.945	50.030	59.007
297.137	111.696	50.028	59.019
297.739	111.816	50.205	59.461
297.702	111.585	50.322	59.308
297.709	111.539	50.359	59.765
298.025	110.891	49.881	59.676
296.929	110.877	50.356	58.012
295.962	109.912	50.887	58.776
295.242	107.905	50.653	60.794
294.074	107.299	51.148	58.872
293.448	105.968	50.290	60.650
290.268	104.919	51.369	60.849
289.007	103.699	51.039	61.253
286.234	101.876	51.145	61.530
284.044	100.353	51.346	61.505
282.875	96.742	50.297	64.104
279.224	95.944	51.135	61.676
276.928	94.070	50.994	62.393
273.511	94.738	53.743	60.347
273.753	92.957	52.977	60.190
269.943	94.150	54.169	60.216
269.795	94.023	53.965	59.882
268.231	92.218	53.564	61.269
273.998	178.840	61.551	48.511
264.395	183.560	73.766	86.580
298.640	199.710	73.189	77.724
281.619	198.519	89.383	80.320
297.334	202.622	66.958	78.103
262.035	177.951	77.543	54.754
292.264	203.462	64.976	74.370
261.741	179.181	71.057	47.934
264.316	179.006	74.052	74.023
262.159	177.511	77.092	79.129
259.033	177.616	82.928	79.402
257.558	181.313	90.204	82.679
260.545	192.966	89.116	82.278
269.977	196.474	82.737	75.135
260.747	187.291	92.111	84.125
261.049	197.281	90.947	73.077
278.958	198.266	75.126	75.902
287.487	199.782	73.135	72.370
298.210	202.026	62.738	70.657
291.814	200.820	72.947	72.039
302.816	201.651	64.705	73.085
264.160	176.013	68.905	54.721
264.635	173.573	64.738	46.259
263.633	169.297	63.377	47.161
263.538	168.383	63.494	48.782
260.353	169.679	63.734	47.792
260.277	173.555	64.430	49.299
257.847	178.503	66.888	49.502
256.772	181.296	65.733	49.288
256.625	182.056	64.999	49.259
255.553	182.871	64.082	49.521
254.714	182.750	66.084	49.086
254.979	181.891	66.852	49.216
255.988	182.059	67.711	48.313
256.613	182.378	69.070	48.297
272.618	109.819	49.297	60.784
270.577	110.511	51.214	58.230
269.654	110.888	51.583	56.927
269.079	110.327	50.794	57.170
268.671	109.552	50.142	57.929
268.449	109.756	49.918	57.340
268.122	109.645	50.199	57.608
268.219	109.348	49.754	57.367
267.437	109.590	50.289	57.297
267.571	108.836	49.685	57.896
267.588	108.601	49.282	57.296
267.555	108.710	49.117	56.986
267.437	107.513	48.305	58.626
267.459	107.645	47.158	57.377
267.644	107.674	46.764	56.867
266.799	107.520	47.809	58.523
266.360	107.080	49.320	57.969
266.419	106.836	49.597	58.285
267.092	107.069	49.301	57.779
267.994	107.185	48.169	57.662
268.793	106.972	46.989	59.236
268.972	107.683	47.756	57.805
269.155	107.448	47.857	58.717
269.045	106.991	48.919	58.095
269.349	106.796	48.711	58.924
269.578	106.777	48.497	59.220
270.002	107.047	47.341	59.792
269.995	105.895	47.426	60.860
269.339	107.814	47.612	60.286
269.867	108.435	46.446	59.306
269.648	107.947	47.635	60.715
270.587	107.526	47.996	60.073
271.361	107.461	47.673	60.175
272.336	108.260	47.258	60.926
272.830	109.142	48.010	60.914
274.399	111.015	46.721	59.776
274.453	110.783	46.674	59.380
274.763	112.171	46.976	59.557
275.330	113.222	46.523	58.984
275.522	114.405	46.156	57.254
275.846	114.577	45.461	58.142
276.142	115.435	45.401	57.569
275.968	114.895	45.456	58.352
275.826	114.977	45.820	58.105
275.264	114.717	46.481	57.062
275.264	114.006	46.158	58.037
274.931	112.966	46.417	58.422
274.609	110.770	46.658	60.002
274.781	110.902	45.649	59.340
274.582	111.039	45.460	58.787
274.255	109.983	44.523	58.595
273.279	109.110	45.392	58.507
273.187	108.840	45.495	58.765
272.543	108.395	44.972	58.694
272.286	108.522	45.079	58.100
271.699	107.602	44.580	58.897
271.554	107.120	45.040	58.903
272.014	107.941	44.668	58.070
271.674	107.845	44.549	58.386
271.260	108.120	45.465	58.342
271.506	107.231	45.235	59.259
270.993	107.519	45.996	59.426
270.673	107.507	46.594	59.295
270.396	107.448	47.112	59.073
270.555	107.961	46.932	59.163
270.882	107.691	46.395	59.752
270.932	107.779	46.676	59.744
271.167	108.051	46.763	59.191
271.240	107.809	47.343	59.796
271.536	107.944	47.798	59.173
272.205	108.325	48.038	58.435
272.843	108.625	49.112	58.335
274.274	108.660	48.869	57.995
275.235	108.240	49.751	58.816
275.936	108.010	50.068	58.867
276.650	107.895	50.286	58.293
276.431	109.697	50.768	57.011
277.951	109.098	50.294	56.725
279.149	107.973	49.896	55.893
280.116	109.009	49.847	56.038
280.577	109.229	49.612	54.256
281.295	109.618	50.040	54.093
282.320	108.899	49.574	54.776
283.392	107.764	48.989	57.076
283.453	108.992	49.894	54.872
283.673	107.204	50.295	54.631
283.569	107.083	51.221	54.416
283.687	106.621	51.311	54.615
284.306	106.287	51.177	55.540
284.635	106.531	50.792	54.888
285.082	106.843	50.950	55.243
285.858	106.541	50.557	55.105
286.499	105.109	49.590	57.200
286.626	104.786	50.385	56.651
286.600	105.393	50.749	56.175
287.032	104.358	50.596	57.421
287.633	105.160	49.529	56.974
287.607	104.523	49.786	56.896
287.705	104.624	49.712	58.175
287.922	104.201	49.336	58.911
287.739	104.054	49.714	58.506
287.607	103.010	49.781	59.510
287.324	101.481	50.557	60.543
286.728	101.395	51.515	60.578
286.935	99.699	51.004	61.786
286.872	100.224	50.963	61.420
287.260	99.316	50.911	61.259
286.634	99.363	51.404	60.101
287.565	99.358	50.227	60.168
287.829	98.693	50.206	61.168
288.060	99.478	49.876	59.762
287.763	99.027	50.404	60.774
288.459	98.698	49.062	63.042
287.702	98.265	50.391	62.099
288.052	98.938	50.367	62.163
287.430	100.842	51.422	59.626
287.206	99.783	51.441	59.175
287.316	100.736	51.379	59.345
286.242	99.291	51.858	60.477
288.603	101.954	50.676	58.208
288.965	99.668	50.565	60.841
289.406	100.178	50.118	60.143
289.202	99.846	50.350	61.098
290.348	100.044	49.782	62.245
289.908	99.824	50.999	62.133
290.144	100.264	51.087	62.193
290.280	100.060	50.752	62.707
290.619	100.646	50.875	61.932
290.907	99.951	50.717	62.525
291.361	98.579	50.020	63.264
291.550	97.906	49.896	62.725
291.684	97.230	49.348	62.468
291.609	96.613	49.970	62.206
291.502	95.956	49.724	62.567
291.502	96.408	49.628	61.076
291.573	95.324	49.013	61.410
291.992	95.170	48.882	61.409
291.309	95.583	48.562	60.151
289.378	92.647	50.034	61.100
288.427	93.692	50.453	58.572
285.618	91.881	50.720	60.223
289.892	93.938	49.488	58.438
283.556	91.354	50.041	60.173
280.046	92.285	53.867	59.618
280.594	92.374	53.818	60.489
281.230	93.106	52.775	60.143
278.511	93.279	54.855	59.895
282.137	93.145	52.032	60.822
279.286	94.481	53.422	59.214
286.215	94.497	48.019	60.633
284.752	94.063	49.173	60.342
283.521	95.126	50.128	59.816
282.469	95.100	51.377	59.545
280.657	94.752	53.721	58.899
281.570	94.124	53.114	59.777
283.630	95.050	51.947	60.336
283.880	94.394	51.798	60.188
290.102	206.149	63.591	30.872
286.549	202.161	65.212	69.404
283.667	201.611	69.881	72.691
280.442	201.209	72.386	73.652
278.157	181.733	68.590	90.969
274.743	170.911	70.083	100.962
274.573	161.832	70.786	105.424
271.884	174.329	76.793	95.671
260.965	175.416	86.943	102.338
262.933	182.862	84.866	99.077
261.302	186.218	85.381	99.316
268.852	190.021	76.657	91.890
268.840	185.147	76.325	101.264
268.207	192.458	80.704	91.320
278.065	203.596	72.803	78.425
282.742	210.564	68.013	71.817
281.161	209.391	70.495	72.448
281.258	207.098	70.524	73.551
283.181	205.366	68.080	71.428
278.814	205.410	72.162	69.338
283.346	202.626	68.729	70.509
285.799	203.020	68.913	71.995
293.156	203.630	64.636	71.347
291.062	205.122	68.908	68.114
270.055	200.998	80.430	77.408
259.258	183.899	76.355	94.653
257.057	186.723	77.369	91.089
257.391	191.256	92.319	88.094
273.423	200.240	93.964	72.236
289.402	194.566	80.053	81.570
281.960	196.656	84.047	78.881
286.853	196.663	79.636	79.250
289.961	198.549	74.748	77.616
296.312	202.760	66.202	71.664
297.060	204.351	64.725	68.414
297.101	204.245	63.551	67.971
294.397	204.399	66.423	68.712
296.620	204.868	65.772	68.063
296.161	204.524	67.099	69.547
293.005	201.861	67.814	72.274
296.556	201.965	61.906	72.939
293.525	206.046	63.188	69.044
294.964	202.893	62.063	73.101
295.721	204.358	61.415	72.582
294.716	204.477	61.156	71.944
296.058	205.222	60.670	70.539
294.998	205.328	62.262	70.151
288.506	205.439	68.236	72.038
294.035	203.769	65.462	71.813
297.286	205.099	64.996	70.134
293.741	204.549	69.944	72.762
296.326	202.546	69.273	76.109
294.569	204.386	69.679	73.087
298.123	206.478	67.137	69.173
300.493	208.785	63.274	67.422
301.528	209.050	63.116	71.231
301.668	213.284	61.717	69.199
298.982	215.162	64.236	68.492
298.765	215.472	66.031	69.970
293.066	213.941	72.224	69.946
284.691	210.286	76.699	75.014
294.675	213.851	65.953	77.927
289.488	218.852	72.394	70.528
290.254	220.589	71.387	72.036
299.135	222.033	62.654	75.727
294.944	223.027	66.712	75.738
296.191	222.074	66.014	79.845
276.385	116.014	54.916	32.872
277.157	90.064	52.288	54.357
263.290	173.956	65.937	49.958
265.673	172.871	68.408	52.969
266.206	175.342	71.866	48.683
294.115	217.294	59.278	72.803
293.771	213.284	60.943	73.854
293.500	208.511	60.181	78.383
290.970	205.322	62.256	79.262
287.267	203.192	65.035	79.313
289.646	203.798	63.227	78.831
293.025	201.974	61.622	80.156
294.534	207.493	61.245	76.619
298.135	203.057	59.648	81.700
299.368	204.983	61.417	81.210
297.538	203.783	64.340	83.483
299.602	202.660	62.296	87.093
298.274	196.192	62.963	93.222
299.968	205.711	64.920	83.118
282.953	186.252	67.454	72.102
268.824	174.643	74.715	60.001
275.289	176.874	70.893	62.534
289.093	182.743	65.228	94.273
296.908	191.980	68.558	91.699
289.578	184.570	70.614	113.038
293.382	199.067	70.336	100.011
286.012	204.651	78.848	80.839
286.160	205.287	73.459	80.412
290.122	207.827	72.818	79.387
285.895	203.745	76.278	86.229
289.691	200.559	72.789	84.174
302.442	202.885	65.734	87.327
309.309	194.861	61.724	96.852
313.062	188.660	59.395	95.829
305.714	185.674	62.215	82.494
314.851	192.554	63.922	82.068
315.291	198.733	70.288	78.721
326.274	200.190	75.602	70.821
307.694	196.364	83.048	73.578
314.968	197.544	80.445	80.673
334.161	198.717	80.431	77.999
332.096	199.209	82.142	77.683
340.787	200.507	77.353	77.049
317.667	196.238	84.235	79.583
335.005	195.936	74.136	85.469
327.560	201.573	75.254	83.238
327.316	203.744	74.086	82.149
321.615	200.197	73.814	81.787
325.231	207.325	64.336	81.298
322.078	209.881	61.728	75.409
314.297	211.912	65.869	77.645
311.541	214.145	67.939	73.412
309.240	212.501	67.803	73.838
305.121	213.252	72.937	73.854
302.048	211.517	75.605	75.723
304.722	208.815	73.351	79.222
303.623	209.415	74.762	77.464
304.064	209.568	74.049	77.270
306.015	206.292	73.471	79.391
314.350	208.275	68.174	77.365
319.372	208.470	67.158	77.995
313.732	206.895	79.655	81.017
318.341	212.413	77.212	74.836
308.856	207.880	86.634	78.229
313.837	211.473	84.986	79.240
323.381	210.692	77.185	78.811
323.620	213.554	75.883	79.504
321.279	214.286	72.524	80.834
321.546	214.243	73.655	81.127
320.762	215.895	67.888	78.666
319.325	218.417	65.711	74.398
317.020	218.203	62.876	76.059
313.967	213.381	57.558	82.075
302.481	205.724	65.397	85.440
278.029	197.042	74.262	89.328
288.189	193.977	73.485	92.398
281.641	195.120	78.157	89.976
283.817	193.699	72.640	70.146
281.732	187.271	76.516	75.749
277.724	183.017	80.201	81.906
283.594	180.810	74.507	82.483
287.602	179.107	70.178	64.717
281.727	190.393	74.504	93.576
276.856	190.710	78.725	92.469
280.795	189.740	74.586	94.455
279.859	190.488	75.137	90.962
276.094	188.921	79.648	89.298
280.904	189.245	77.003	99.968
282.546	194.497	78.420	88.599
300.863	199.726	63.502	86.169
298.329	203.095	70.739	78.610
290.314	197.515	83.989	74.896
305.092	202.420	73.986	81.305
308.281	203.971	74.218	79.818
313.030	206.738	72.539	74.827
318.187	206.852	68.286	73.882
313.293	206.789	76.315	73.706
314.392	204.468	75.666	78.904
320.439	206.974	70.746	76.859
311.100	204.587	76.291	77.881
322.784	208.014	68.772	75.882
294.780	196.817	85.868	88.653
276.357	190.034	60.071	91.716
277.545	189.331	61.436	80.034
278.534	194.765	62.294	74.653
278.947	193.155	65.976	76.774
280.293	195.788	64.896	75.048
281.541	192.748	59.795	76.272
283.824	196.030	76.995	78.295
286.691	191.259	77.422	82.017
287.524	193.119	79.736	83.091
288.546	192.153	76.466	82.215
289.415	191.708	78.696	84.487
288.080	188.511	73.902	83.436
288.364	192.651	77.450	86.046
288.731	194.309	80.239	82.013
290.278	193.016	79.394	84.073
289.456	187.431	79.463	84.363
291.569	188.015	82.933	85.773
301.903	191.104	75.779	92.134
320.470	206.988	63.260	72.781
326.241	213.845	59.254	66.111
329.317	213.163	62.301	66.349
326.416	212.899	66.156	65.513
340.871	212.613	64.920	65.330
338.265	209.405	69.011	67.516
326.531	205.255	74.216	70.530
332.063	202.915	70.510	73.544
328.869	199.581	69.823	72.407
301.924	196.067	86.303	72.638
306.068	195.399	91.403	75.810
289.337	193.854	86.940	75.562
289.072	190.838	94.852	79.077
294.785	187.474	104.247	79.555
307.291	188.183	98.931	83.080
292.567	177.066	96.980	84.537
289.502	170.058	105.376	89.600
295.862	181.554	109.410	81.915
294.424	173.362	93.879	81.124
296.950	187.167	99.718	79.345
293.507	176.711	87.640	77.886
293.244	182.746	86.522	76.044
289.040	172.219	80.626	73.133
292.005	184.299	81.949	70.283
298.280	206.595	100.294	91.710
304.708	202.038	100.777	93.604
303.444	209.375	99.892	86.762
269.351	181.961	90.549	79.585
287.289	181.355	79.791	76.466
283.570	183.414	79.989	68.776
285.088	183.328	81.851	78.347
281.040	183.856	79.445	72.280
273.386	183.451	82.938	69.319
282.478	183.403	78.844	65.722
281.178	186.176	77.592	69.571
271.853	188.555	79.015	71.614
285.779	200.556	84.995	62.805
310.724	203.690	82.225	70.146
312.158	195.926	84.220	75.952
307.546	194.721	87.485	81.675
311.906	192.526	90.045	77.113
316.502	186.186	85.072	77.830
331.254	186.075	76.065	76.510
309.586	187.403	81.654	72.525
309.196	186.300	81.751	71.974
318.498	183.878	81.323	73.305
314.620	182.512	83.783	73.174
314.436	184.434	83.130	72.520
314.337	192.878	79.874	73.582
321.868	197.095	78.345	70.417
320.716	199.600	71.612	71.241
319.623	208.043	71.611	66.363
318.802	211.449	66.719	65.571
321.421	215.077	63.199	66.929
318.991	214.517	63.517	73.091
313.707	213.000	61.666	71.650
311.438	212.772	60.280	83.001
309.955	208.266	64.121	83.830
266.264	180.953	73.629	83.414
273.372	174.028	81.011	80.868
276.494	171.269	78.316	73.237
296.153	210.258	81.814	81.039
287.527	188.303	84.841	99.789
272.714	168.153	92.116	101.042
279.700	194.018	96.866	102.562
275.919	167.760	85.551	99.641
273.719	167.951	96.293	79.082
294.182	202.251	83.371	84.120
301.710	207.029	73.485	85.168
296.500	207.744	82.927	84.870
282.056	200.480	79.643	83.167
316.081	216.003	71.647	78.974
312.077	216.678	74.290	78.354
316.831	215.132	82.626	80.106
329.727	223.288	78.438	75.251
335.074	229.365	76.069	71.534
335.972	228.412	76.039	73.431
326.848	223.388	81.713	80.359
343.224	222.376	68.599	78.691
347.504	221.889	69.508	78.255
269.600	185.772	75.867	69.213
279.385	182.051	71.223	70.710
284.189	175.201	71.468	79.256
284.279	192.104	86.449	91.961
301.683	199.409	84.402	95.953
312.161	216.792	85.347	85.614
309.543	197.364	78.473	91.814
311.076	197.651	70.302	91.752
311.331	196.749	63.620	90.941
308.087	193.043	61.673	84.670
302.320	186.385	66.916	87.653
303.425	182.493	65.991	87.911
295.672	180.826	71.738	78.803
296.863	174.159	72.960	59.983
301.441	190.605	66.611	91.813
294.844	191.208	75.011	95.989
292.015	199.644	76.712	83.883
301.381	189.448	67.950	95.033
297.751	192.153	75.701	90.066
291.568	189.757	77.079	90.470
298.943	189.396	67.744	91.565
288.658	196.880	76.075	81.761
295.975	200.666	69.970	80.848
294.786	204.940	73.340	70.427
309.435	202.919	62.510	72.917
297.541	204.473	72.444	67.586
307.585	201.471	63.476	69.987
303.356	201.032	64.718	67.382
302.003	197.303	63.498	70.128
302.032	197.386	63.336	69.120
299.460	199.250	63.714	70.346
289.046	197.344	69.910	72.181
284.655	196.245	71.290	73.318
280.173	195.243	73.834	73.371
278.225	195.070	74.740	73.205
278.885	195.698	75.758	74.472
278.394	193.681	74.995	77.298
277.002	196.309	73.821	72.991
275.682	193.782	78.438	76.160
275.935	194.184	74.251	77.324
277.584	195.200	76.052	75.879
279.640	198.060	75.130	72.049
281.084	194.837	73.466	80.301
279.059	187.960	79.452	85.973
283.303	193.219	76.469	81.096
283.438	189.638	75.518	84.965
282.692	185.302	74.662	86.530
281.046	182.162	73.615	93.401
278.702	180.701	70.494	97.666
282.877	164.157	69.656	102.384
284.576	173.415	68.719	83.064
291.065	177.373	70.185	72.909
280.582	187.395	73.028	86.558
284.213	192.119	75.424	97.635
286.851	193.529	72.700	87.073
283.783	189.377	73.057	83.712
286.948	200.437	71.977	81.351
282.735	200.195	75.961	80.461
288.870	203.457	72.147	72.455
286.625	201.888	72.786	75.375
292.823	190.055	71.786	86.757
291.030	195.068	76.967	85.867
292.345	195.328	79.729	82.459
295.454	201.911	76.068	76.093
304.658	204.904	69.250	75.384
313.404	206.672	61.206	71.862
312.532	109.554	50.415	59.836
311.112	111.184	49.087	58.485
310.101	113.581	49.183	60.832
309.629	117.410	48.939	59.054
308.479	121.048	50.078	59.164
307.515	123.185	50.052	57.606
307.482	126.263	48.792	61.648
307.123	128.880	48.534	61.068
306.793	132.594	49.552	60.843
307.182	136.354	49.348	60.092
307.636	140.470	48.354	62.709
308.439	147.431	47.853	61.790
309.199	151.234	47.578	61.520
309.259	157.604	47.365	61.197
309.956	162.965	46.846	59.158
309.861	166.288	46.896	58.765
309.447	172.155	46.731	57.686
309.102	172.873	47.004	57.969
308.627	174.752	46.530	57.312
307.672	174.980	47.412	57.452
306.886	174.839	47.631	58.202
306.635	172.535	47.226	57.988
306.346	171.312	46.410	57.577
305.962	170.726	46.411	58.256
305.009	170.036	46.653	57.613
303.405	170.618	48.166	57.078
303.078	166.064	48.320	58.038
305.020	161.935	45.961	63.701
304.824	159.304	46.027	67.382
304.787	159.126	46.584	68.083
304.584	160.267	47.044	66.776
304.817	156.391	46.529	71.190
304.943	156.426	46.876	71.105
304.997	157.445	47.105	69.486
304.987	166.363	47.073	62.465
305.578	170.588	46.621	58.675
307.125	172.481	46.349	59.502
308.203	173.551	46.705	57.277
308.995	174.281	46.506	57.599
309.855	173.719	46.570	57.465
310.023	174.309	46.923	58.093
310.579	174.868	46.819	56.774
310.846	175.281	46.889	55.611
311.651	174.822	45.955	55.506
311.511	174.872	46.056	55.373
311.548	173.267	46.363	56.972
311.513	173.548	46.695	55.934
311.649	173.072	46.509	58.530
311.102	173.117	47.321	58.022
310.843	172.740	46.640	58.464
310.269	172.943	46.730	56.918
309.352	174.398	46.443	55.052
308.730	174.539	45.952	55.945
307.804	174.904	46.228	55.797
307.356	174.821	45.876	56.380
306.680	174.766	46.231	57.075
305.655	175.367	46.454	54.921
305.296	174.477	46.760	54.681
305.548	174.791	46.015	54.122
305.236	174.511	46.420	53.614
305.022	174.292	46.708	54.184
305.785	174.095	46.475	54.622
306.553	174.279	46.627	53.840
306.953	174.630	47.041	52.832
307.745	174.000	46.405	53.868
308.426	174.022	46.317	53.709
309.183	173.835	45.967	53.263
309.387	174.065	46.095	52.928
309.736	173.927	45.375	54.662
309.477	173.661	45.934	53.692
309.417	174.170	45.558	54.019
308.454	174.037	45.410	52.767
308.094	174.260	44.804	52.388
307.422	173.926	44.511	53.488
306.124	173.581	45.286	53.172
305.351	172.981	45.365	53.860
303.818	172.486	44.621	55.448
302.575	172.397	44.965	55.597
301.281	172.726	45.945	56.889
300.759	172.284	47.639	59.751
300.033	173.156	48.714	59.249
299.384	172.161	51.463	58.743
299.339	171.300	44.556	61.818
299.203	170.795	43.344	59.580
298.851	171.845	43.218	59.714
298.385	172.185	43.900	58.891
297.985	171.603	43.640	59.313
297.129	171.132	45.617	59.863
295.812	171.769	51.735	58.832
295.274	171.445	51.206	60.013
294.490	172.641	46.534	58.641
292.364	172.953	46.764	55.571
292.188	173.214	45.778	55.859
291.785	173.718	46.222	54.195
291.923	174.310	45.907	53.393
292.299	174.751	45.766	53.172
293.001	174.779	46.236	54.023
293.629	174.249	46.616	53.813
294.250	174.377	46.643	55.523
295.599	173.965	46.276	54.531
296.561	173.384	46.330	54.199
298.225	173.806	46.300	54.629
298.902	173.460	46.333	53.700
299.626	172.886	46.029	53.891
299.626	172.524	46.399	56.047
299.860	172.937	46.076	54.012
300.067	172.877	46.083	54.343
299.863	172.840	46.065	55.458
299.078	172.167	46.176	56.156
296.970	172.242	48.511	58.709
295.963	172.514	49.595	55.389
294.426	170.637	51.144	56.425
294.182	168.440	51.347	59.023
293.298	167.360	52.064	60.409
293.891	166.057	51.097	62.045
293.981	166.738	50.529	62.141
295.189	167.817	48.969	61.656
294.835	170.404	49.018	58.571
294.799	172.697	48.796	59.188
294.612	173.260	48.662	59.214
295.079	172.013	48.126	58.431
295.574	171.954	47.253	55.985
296.113	172.628	46.546	53.935
296.426	172.657	45.796	54.562
296.629	172.913	45.396	54.470
296.567	173.185	45.193	56.926
296.352	173.146	45.294	56.061
296.173	173.386	45.129	55.463
296.072	173.620	45.226	54.517
295.950	173.300	45.339	54.921
296.009	172.960	45.354	54.434
295.921	173.468	45.223	54.550
295.892	173.692	45.373	53.568
295.942	173.887	45.459	54.133
295.972	173.745	45.512	54.232
296.062	173.671	45.326	55.070
296.279	173.583	45.453	54.993
296.514	173.546	45.856	54.184
296.567	173.942	46.114	53.102
296.971	173.779	45.993	53.724
297.121	173.475	45.944	55.044
297.127	173.583	46.390	54.938
297.308	173.349	46.603	54.810
297.388	173.676	46.643	55.808
297.739	173.392	46.518	54.996
297.845	173.207	46.582	56.470
297.913	173.555	46.783	54.815
298.173	173.460	46.779	54.808
298.262	173.290	46.830	56.194
298.516	173.157	46.579	55.438
298.472	172.932	46.871	55.467
298.890	173.345	46.542	55.895
299.068	173.658	46.638	55.720
299.292	173.403	46.650	56.993
299.206	173.654	47.052	55.510
299.281	173.492	46.532	56.349
299.217	173.579	46.628	56.016
299.546	173.607	46.150	56.293
299.679	173.738	46.183	56.525
299.679	173.623	46.504	55.555
299.797	173.291	45.773	58.594
299.410	173.395	46.448	57.131
299.605	173.690	45.963	57.392
299.516	173.816	45.982	56.931
299.635	174.157	46.310	56.628
299.723	173.702	46.548	57.429
299.756	174.196	46.677	56.901
300.201	174.206	46.007	57.025
300.307	173.873	46.043	57.065
300.187	174.326	46.163	56.999
300.427	174.214	46.145	57.072
300.367	174.185	46.057	56.868
300.397	173.873	45.904	57.686
300.434	173.948	46.149	57.551
300.324	173.659	45.999	57.610
299.935	174.026	46.373	56.500
299.649	173.788	46.337	56.922
298.894	173.645	46.992	56.800
296.939	173.972	49.068	55.217
295.631	173.026	50.100	57.072
293.889	172.819	51.223	56.487
292.854	172.388	51.645	57.075
291.911	172.472	51.254	57.064
291.263	172.210	51.190	57.363
290.532	171.240	51.471	57.729
289.996	171.239	52.164	57.213
289.305	171.385	52.364	56.063
289.684	169.831	51.242	55.868
289.559	169.364	50.344	54.642
289.364	167.724	51.129	55.738
288.998	166.934	51.581	55.107
289.203	166.164	50.138	58.806
289.251	167.475	50.398	56.310
289.155	167.250	50.642	56.393
288.882	167.135	50.470	55.838
288.714	167.249	50.022	57.169
288.836	166.840	49.744	57.541
288.862	166.514	49.457	57.811
288.731	166.240	49.492	58.464
289.187	166.465	49.180	58.928
289.187	165.762	49.206	59.946
289.090	166.256	49.135	60.323
289.094	164.844	49.087	61.056
288.788	165.780	49.250	59.117
289.218	167.016	48.781	58.579
289.097	166.484	49.409	59.392
289.095	166.270	49.412	59.279
289.095	166.772	49.517	59.380
288.933	166.093	48.946	58.467
289.473	167.189	48.769	57.808
289.488	166.719	49.401	57.973
289.578	166.719	48.990	59.117
289.512	167.377	49.153	57.872
289.387	167.208	49.673	58.122
289.248	165.860	49.851	61.436
290.089	166.632	49.369	61.730
289.350	166.691	50.994	60.195
291.788	167.228	49.072	61.569
292.039	168.325	49.890	58.850
292.764	169.558	49.430	57.596
293.751	170.506	48.596	55.986
294.743	170.125	48.148	55.920
295.855	170.703	48.073	56.125
296.502	171.177	48.000	55.920
297.174	171.983	47.814	54.911
297.919	171.719	47.421	55.763
298.546	172.191	47.336	55.979
298.935	172.258	47.410	54.605
299.322	172.482	46.995	56.110
299.337	172.411	47.035	55.959
299.187	172.635	47.110	55.363
299.281	173.151	47.200	54.998
299.466	173.373	47.116	54.654
299.603	173.591	47.224	53.421
299.953	173.377	47.192	54.675
300.110	172.987	47.207	54.167
299.947	173.304	47.059	54.052
300.608	173.174	47.030	54.768
300.542	173.345	47.059	54.867
300.724	173.345	46.977	54.830
300.865	172.987	47.002	55.600
300.588	173.074	47.094	55.144
300.618	173.290	46.938	54.922
300.694	173.180	47.183	55.370
300.800	173.074	47.134	55.144
300.896	173.263	46.946	55.212
301.141	173.102	46.801	55.707
301.001	173.298	46.984	55.326
301.232	173.381	46.561	55.541
301.049	173.793	46.545	55.493
300.711	173.766	46.909	55.298
300.800	173.849	46.334	55.891
300.435	173.987	46.207	56.098
300.201	174.630	46.393	54.262
299.850	174.452	46.252	54.060
299.467	174.388	46.388	54.800
299.429	173.815	46.088	54.363
299.022	173.671	46.195	55.381
298.845	173.456	46.260	55.419
298.664	173.676	46.417	55.350
298.875	173.599	45.765	55.651
298.935	173.954	45.608	55.173
298.990	173.926	45.331	54.979
298.892	174.334	45.276	54.374
298.567	174.279	45.193	54.947
298.236	174.402	45.309	53.670
297.883	174.161	45.518	54.505
297.507	173.997	45.831	54.235
297.357	174.329	46.030	53.796
297.205	174.256	46.500	53.816
297.175	174.130	46.456	53.844
297.114	174.346	46.714	53.737
297.357	174.202	46.570	53.663
297.417	174.238	46.683	53.573
297.650	174.453	46.326	54.068
297.681	174.329	46.492	53.689
297.772	174.438	46.598	53.768
297.832	174.592	47.010	55.466
297.800	174.115	47.413	54.408
297.680	174.084	47.362	54.297
297.804	174.226	47.263	53.579
298.096	174.166	46.815	53.753
297.974	174.381	46.838	52.733
298.062	174.145	46.819	52.948
298.175	174.673	46.752	54.313
298.035	174.242	46.901	53.262
298.236	174.726	46.889	54.786
298.203	174.484	47.125	54.507
298.078	174.012	47.548	54.335
298.382	174.345	47.698	54.570
298.919	174.646	47.039	55.672
299.307	174.291	46.788	54.807
299.203	174.312	46.853	54.439
299.489	174.461	46.621	54.092
298.968	174.228	46.813	56.002
299.427	174.062	46.543	55.637
299.405	174.158	46.515	55.280
299.768	174.200	46.600	55.179
300.261	174.645	46.792	55.399
300.856	174.638	46.790	54.934
301.379	174.484	46.574	57.506
301.444	174.787	47.364	56.147
301.756	175.029	47.105	57.569
302.334	174.757	47.323	57.144
302.683	175.546	47.254	57.054
302.685	175.532	47.791	57.357
303.372	175.204	47.798	57.476
303.551	175.175	48.412	57.794
305.512	175.739	47.849	57.661
306.723	175.798	47.883	58.092
307.392	176.739	48.647	56.867
309.322	176.405	47.912	57.642
311.307	176.290	47.701	56.986
315.074	175.552	47.599	55.303
316.041	173.191	48.182	57.259
317.320	171.411	48.336	57.824
318.422	169.465	48.538	57.610
320.705	167.059	46.804	57.981
322.128	162.320	46.296	58.306
322.507	157.764	47.462	60.107
323.187	154.512	47.618	60.736
323.561	151.629	47.659	60.282
325.306	148.584	46.351	60.657
325.472	145.557	46.355	59.519
325.540	142.957	46.473	59.689
325.628	141.008	46.486	60.054
325.529	139.268	46.217	59.706
325.392	136.672	46.925	61.849
324.607	133.755	47.286	61.570
324.662	132.436	46.135	61.426
324.437	131.029	46.376	60.353
323.751	128.617	47.355	60.022
323.628	126.620	47.452	60.944
323.745	124.468	46.618	59.359
323.431	122.714	46.821	59.631
323.513	120.801	46.756	59.489
322.992	119.525	47.504	59.047
323.352	118.507	46.717	59.387
322.657	117.646	47.863	57.570
323.871	116.065	45.746	58.384
324.257	114.691	45.264	58.718
324.068	114.659	45.727	58.580
323.713	113.700	45.973	59.035
323.780	114.029	46.027	58.655
323.532	113.785	46.129	59.506
323.548	113.838	46.334	59.483
323.183	114.510	46.880	59.423
323.713	115.019	46.315	60.017
322.615	115.932	47.503	59.274
322.812	116.877	47.040	58.847
322.606	117.654	46.592	58.386
322.632	118.621	45.672	58.027
322.030	119.209	45.516	57.598
320.666	119.463	46.317	58.949
320.582	119.594	45.680	58.570
319.803	119.201	45.409	59.439
319.458	119.552	45.758	58.494
319.454	119.319	45.749	57.690
319.083	118.948	45.656	58.973
318.893	119.262	45.892	58.462
318.803	119.164	45.492	58.598
317.901	119.654	46.399	57.175
317.237	119.972	47.146	57.070
316.601	119.997	46.199	56.416
315.524	120.018	46.537	56.628
315.030	120.044	45.784	56.476
314.268	119.952	45.628	56.636
314.187	119.725	44.821	57.206
313.675	120.065	45.065	56.184
313.189	120.401	45.491	55.777
312.672	120.090	45.746	56.336
312.232	120.150	46.296	56.704
311.501	120.495	47.373	56.138
310.449	120.654	47.291	56.514
310.291	121.369	46.864	55.686
309.480	121.708	47.216	55.078
308.889	121.963	47.402	55.074
308.634	122.195	46.946	54.818
307.412	122.450	46.834	54.370
307.548	122.928	46.606	54.008
307.357	123.216	46.158	51.953
305.598	123.436	46.274	52.984
305.135	123.786	46.671	52.867
304.591	124.848	46.051	52.537
303.590	125.792	46.574	51.091
302.416	126.123	46.759	49.957
301.732	126.149	46.999	49.608
300.538	125.843	46.765	49.554
298.971	127.262	46.266	48.739
297.682	126.765	45.328	49.730
296.190	126.666	46.524	50.442
294.521	126.281	47.026	51.972
293.206	126.556	48.317	52.039
291.986	127.197	49.766	52.475
291.024	127.513	49.632	51.847
290.950	127.208	49.999	51.526
290.413	126.652	50.047	52.135
290.025	128.175	50.833	50.505
289.560	126.821	50.690	50.968
289.515	127.570	50.720	51.126
288.722	126.722	50.483	52.117
288.231	126.358	51.225	53.165
289.004	126.485	50.344	53.169
289.809	125.332	50.454	53.906
289.417	124.805	51.641	52.692
289.281	124.022	52.373	52.184
289.556	123.520	52.643	52.862
289.585	123.445	52.047	53.408
289.725	122.728	51.774	52.321
289.355	122.041	50.607	51.362
287.845	120.304	51.492	51.776
284.753	118.085	53.880	52.923
281.973	114.973	52.732	53.368
280.936	110.917	48.926	50.132
279.626	113.154	51.627	49.272
277.146	109.799	49.848	48.973
275.449	110.689	51.888	50.317
273.676	108.823	53.156	48.229
272.718	107.451	52.778	51.375
271.659	107.820	53.995	53.339
268.856	105.747	53.578	52.461
271.504	105.336	52.984	54.526
272.263	100.591	52.331	54.065
279.045	100.581	52.217	50.015
277.214	99.106	52.070	53.773
277.720	98.926	55.521	53.735
216.797	211.855	40.735	24.135
224.125	209.572	34.517	46.486
217.048	222.052	48.220	51.239
216.768	216.496	53.956	56.292
217.305	215.813	58.159	53.772
218.552	198.963	65.329	79.351
242.217	177.707	64.705	99.244
232.682	224.740	60.967	99.143
230.271	227.438	78.203	103.187
239.471	220.897	74.721	110.965
246.300	211.077	78.554	106.982
254.147	218.131	101.823	96.453
299.286	234.334	75.619	85.393
301.497	231.724	80.052	81.932
273.043	224.001	97.781	90.429
290.879	225.694	95.140	85.917
269.027	217.678	100.368	94.392
254.117	212.138	77.229	97.459
275.149	215.674	101.539	86.464
265.265	219.434	112.631	89.156
264.933	216.748	111.022	92.233
256.571	214.714	114.238	93.469
263.807	213.109	124.118	105.260
296.086	233.374	82.515	95.739
296.662	233.370	72.605	89.738
274.949	222.712	84.317	100.193
248.906	212.986	109.070	98.699
237.689	204.511	83.958	75.634
246.374	211.499	81.537	61.910
257.118	209.797	90.688	66.259
253.563	218.004	104.215	81.412
254.810	215.046	112.445	103.432
236.926	210.917	124.531	88.036
263.592	217.707	111.527	109.989
263.311	213.523	113.793	112.279
283.205	213.955	96.830	111.264
285.969	217.167	100.212	107.357
275.917	217.055	115.866	103.202
275.817	213.853	122.133	102.839
281.702	207.819	123.307	106.776
270.596	205.192	136.657	109.243
276.681	206.034	130.277	108.049
299.860	194.913	103.140	115.342
293.797	210.680	100.692	84.637
289.479	194.956	104.673	100.764
312.577	202.789	98.533	99.585
346.348	214.845	99.232	108.216
342.548	226.913	96.126	101.994
351.131	229.173	99.502	102.196
309.106	222.674	88.785	101.898
305.582	225.141	115.512	96.971
263.312	215.780	100.738	81.946
224.046	215.458	123.707	75.025
204.594	217.913	137.604	73.163
203.459	214.618	142.313	80.376
194.760	212.241	138.616	86.725
197.836	200.478	149.693	96.995
198.777	200.300	139.329	105.862
200.863	203.467	150.154	102.901
204.386	208.006	147.521	100.847
201.446	213.325	145.649	99.257
195.280	214.325	123.753	98.677
192.054	211.844	145.955	89.955
195.705	215.005	135.286	88.223
201.086	219.275	99.922	80.001
203.625	218.896	92.602	88.811
199.176	221.523	87.562	86.784
195.885	218.879	91.014	90.681
192.218	216.226	93.572	88.258
219.460	220.684	127.297	93.402
187.845	224.729	100.226	88.946
267.627	212.645	86.337	87.079
272.378	214.491	89.297	102.800
278.578	212.574	88.019	97.429
289.163	238.570	107.012	92.126
305.998	260.571	114.292	71.563
322.420	253.600	89.338	81.233
304.661	250.725	94.205	71.694
325.124	244.191	80.695	71.339
315.757	238.820	87.006	65.018
299.548	251.897	106.629	56.174
254.069	236.344	123.768	64.116
250.199	242.190	138.357	68.163
227.825	241.443	143.880	79.734
227.442	240.759	165.078	84.073
266.809	238.304	143.049	94.434
287.624	236.700	123.867	98.126
249.861	235.383	164.793	93.198
239.704	228.953	168.983	110.483
257.194	225.609	156.133	117.668
243.671	226.148	170.159	113.132
245.723	226.469	165.792	109.511
251.082	226.580	158.091	109.642
261.480	229.844	150.606	102.546
263.274	240.052	152.478	100.052
320.037	242.458	118.925	154.179
305.919	250.112	136.734	163.910
275.494	232.226	176.646	104.976
330.920	258.629	120.388	146.864
369.191	277.968	107.944	139.008
226.406	257.368	170.086	91.123
228.844	265.594	175.441	80.475
231.311	254.295	147.554	86.600
235.161	278.636	167.146	64.430
246.501	270.250	152.525	67.573
249.565	280.018	151.103	50.743
255.020	277.501	141.494	58.309
245.370	272.292	125.997	68.962
260.747	268.048	150.927	69.096
248.845	264.925	170.527	75.846
242.200	252.677	160.404	79.716
239.437	241.417	154.543	90.359
224.817	231.299	158.210	97.993
228.423	224.658	169.837	101.640
228.155	223.157	154.548	98.623
227.377	220.367	174.248	100.474
230.424	216.468	162.671	101.658
227.670	216.372	147.524	101.059
238.289	215.167	147.384	102.126
226.969	211.318	136.226	106.882
216.237	215.156	121.698	100.217
220.565	217.493	132.375	98.846
221.502	220.655	157.606	97.521
257.205	218.601	134.425	102.131
217.702	214.841	136.159	100.512
226.151	222.424	149.717	99.520
217.864	220.102	126.124	105.164
214.769	215.593	97.953	107.260
222.978	207.241	83.985	104.668
217.219	218.468	91.532	89.013
225.606	213.730	87.599	89.987
231.064	203.617	86.827	102.112
230.919	214.175	84.836	119.235
235.962	234.691	93.428	116.177
223.638	231.284	89.659	121.003
223.539	218.308	91.682	96.321
230.856	226.953	90.368	89.694
219.624	215.836	104.918	92.914
241.122	170.659	79.058	97.609
217.451	191.580	75.883	93.523
226.903	192.826	72.602	85.944
240.219	170.645	69.025	102.106
242.504	199.166	85.065	88.568
253.492	206.529	95.466	102.990
338.250	170.728	118.130	141.441
340.282	161.394	111.480	148.560
339.145	136.453	104.291	146.657
337.996	124.050	92.495	124.783
337.908	134.712	82.320	96.323
345.222	98.999	60.724	132.630
342.129	71.913	61.263	122.689
343.047	81.195	61.200	101.181
338.391	71.981	62.880	115.163
331.500	38.543	70.130	110.363
319.735	30.571	80.755	109.226
311.868	25.008	84.666	94.649
308.774	20.955	83.103	86.340
302.980	22.694	89.835	88.121
286.046	20.688	99.303	87.835
292.800	27.607	92.985	83.383
283.396	20.214	96.152	84.928
276.729	21.100	99.286	85.153
275.288	22.341	96.569	83.249
270.178	19.362	96.045	83.759
271.838	25.537	93.601	78.807
193.023	217.853	89.597	20.110
203.145	227.735	61.076	60.585
201.516	226.680	60.324	68.892
194.344	230.085	52.563	67.267
191.866	234.300	52.662	62.941
186.424	236.940	53.771	62.568
182.994	235.478	52.255	68.090
180.436	240.391	54.319	67.879
179.155	239.113	63.208	67.190
193.080	229.335	77.272	76.483
196.609	222.652	85.389	86.731
195.765	218.975	97.310	88.079
202.825	211.759	114.282	88.548
269.829	213.283	119.407	82.210
218.064	229.444	158.654	65.430
183.833	242.519	190.402	61.286
191.258	237.018	196.045	71.772
193.818	222.181	196.992	91.112
200.629	218.050	174.026	109.569
191.339	210.911	187.182	123.089
184.704	208.355	206.956	129.248
191.822	204.560	205.247	137.333
193.205	203.168	187.570	142.418
189.588	202.890	147.629	145.150
188.563	202.388	137.675	140.526
191.944	204.199	139.240	141.232
197.184	204.854	141.999	143.430
197.882	205.377	167.961	151.776
199.359	200.018	156.254	154.899
195.931	198.654	193.821	157.800
200.348	205.962	191.161	157.183
199.881	210.605	138.750	148.912
193.508	223.410	135.664	145.351
174.764	220.896	137.449	139.773
184.368	234.065	137.488	126.592
208.227	230.358	140.175	140.520
187.967	246.657	132.882	121.141
182.266	232.842	144.247	121.872
194.975	233.032	147.127	121.390
198.584	252.040	185.913	95.441
188.749	213.954	173.737	130.331
195.379	264.609	190.747	69.740
203.623	262.441	193.401	62.117
216.435	262.161	188.973	66.652
207.874	258.245	202.980	74.519
203.934	250.721	212.434	83.409
199.692	251.796	218.274	82.821
201.569	247.677	204.660	86.094
205.229	245.047	186.876	93.849
203.748	238.690	198.310	106.605
209.134	237.112	194.403	112.701
205.837	227.568	191.031	125.810
208.638	220.203	183.889	132.521
209.309	218.189	177.357	136.718
207.984	215.512	184.662	140.811
197.193	214.226	178.767	148.192
195.774	213.485	206.956	147.055
186.512	208.416	188.507	151.295
203.389	203.873	207.213	149.709
205.351	204.422	186.408	150.610
200.269	196.644	191.316	161.262
193.398	216.851	185.243	154.426
173.978	224.504	197.274	158.518
159.291	222.527	217.673	158.265
157.749	221.160	216.861	154.381
176.806	219.362	191.129	153.764
160.561	213.326	217.196	161.985
160.845	215.610	225.276	161.149
314.015	256.015	169.713	207.787
266.189	228.990	172.696	219.948
166.871	225.632	222.292	152.410
166.398	224.693	214.029	153.145
169.930	224.997	208.455	147.768
166.677	226.327	205.365	147.956
162.188	220.282	226.960	147.467
174.726	212.679	216.665	167.209
172.321	224.897	221.799	156.906
175.754	227.999	219.902	160.353
177.512	233.539	220.427	159.097
173.702	234.057	220.047	163.907
178.695	234.841	218.717	164.802
171.567	235.543	223.684	163.163
176.078	234.070	223.272	166.741
177.568	232.952	223.049	167.597
165.379	232.717	229.054	166.093
157.788	233.721	232.572	168.747
157.444	236.770	228.400	169.400
165.212	235.517	221.150	169.869
151.928	240.677	218.063	164.315
159.068	237.272	233.185	167.888
263.115	233.706	203.970	202.002
181.415	219.726	240.648	195.203
140.045	220.047	236.866	177.051
153.898	206.332	268.911	199.969
123.394	215.941	229.394	172.915
136.729	212.400	218.029	170.602
133.561	213.382	254.029	176.539
143.230	211.056	265.087	183.689
136.560	211.134	242.214	171.459
146.185	210.658	226.634	168.882
147.346	212.464	223.216	165.437
138.907	210.677	216.228	165.983
141.098	209.029	222.420	166.147
146.419	211.746	216.759	164.956
154.986	214.216	228.454	162.022
179.549	209.235	207.445	161.962
199.649	204.728	192.371	164.814
179.748	204.924	199.581	136.631
174.359	201.749	201.870	139.595
175.540	203.220	212.414	146.440
183.531	202.108	205.642	157.838
180.422	205.069	209.403	161.276
189.283	203.302	219.646	161.509
195.213	205.778	212.586	153.321
178.510	200.554	198.593	111.009
175.993	188.135	220.430	123.067
300.338	250.807	142.783	182.088
307.924	247.094	162.214	182.317
329.406	238.722	147.575	191.635
317.730	264.927	157.637	171.831
300.417	253.251	170.589	175.490
309.425	251.375	168.357	198.915
207.545	155.353	171.277	144.317
208.945	152.662	168.019	140.881
206.982	160.573	174.175	135.175
200.623	159.103	175.904	132.463
211.212	164.665	170.820	122.535
204.554	180.132	166.298	111.053
179.888	208.590	182.849	96.601
184.439	203.374	170.001	112.722
182.283	197.783	170.003	135.912
182.688	195.112	172.185	145.243
182.074	192.003	171.929	170.743
185.841	193.144	167.587	172.149
188.248	197.580	170.953	174.492
190.131	199.791	170.932	183.860
190.096	202.295	175.474	193.912
190.131	205.130	179.869	198.700
190.315	209.885	183.922	193.865
189.680	216.614	178.836	195.111
192.222	224.266	177.518	194.738
190.119	213.692	178.376	201.538
190.666	223.483	185.827	198.192
192.135	224.122	177.741	195.179
193.826	223.912	179.608	200.351
191.561	225.130	181.807	198.868
192.699	224.729	180.550	199.571
194.035	215.438	173.073	212.848
195.604	210.754	179.052	221.263
193.542	210.434	179.404	224.034
197.565	208.519	174.592	225.719
194.733	213.488	177.179	225.874
194.670	210.859	177.867	224.101
195.212	209.297	176.587	222.441
194.306	205.582	176.754	223.736
188.384	210.503	185.809	228.209
195.969	206.123	186.415	236.728
192.389	214.153	175.644	212.901
192.751	215.238	177.145	211.897
195.790	213.752	174.262	216.432
196.306	210.522	173.633	218.635
197.249	214.486	172.950	216.835
197.977	207.340	169.774	225.082
189.489	200.189	171.395	185.756
192.775	206.357	179.553	213.850
188.618	178.064	173.747	179.957
197.283	207.698	167.136	131.240
201.021	214.121	159.861	128.688
194.893	231.212	145.845	181.824
202.146	225.135	162.586	168.628
188.750	256.310	185.232	164.840
184.546	267.806	188.863	149.233
184.147	283.072	191.306	139.599
193.865	294.692	200.361	118.531
194.340	297.038	189.422	112.965
197.278	296.145	170.089	118.110
196.245	295.730	178.129	121.121
194.624	297.387	188.801	117.122
191.093	295.984	192.166	113.450
190.584	298.065	189.604	107.782
192.390	297.800	179.124	107.383
188.777	297.043	181.454	111.183
185.489	300.255	183.101	107.429
183.024	299.360	176.807	109.075
189.373	300.483	175.685	108.151
192.284	301.861	167.764	105.384
194.093	301.600	174.761	104.999
190.331	302.498	172.937	102.994
198.558	301.837	168.230	104.111
191.017	299.695	172.296	103.385
197.482	293.949	167.226	110.603
198.480	290.507	166.655	116.611
199.854	292.027	165.256	112.180
193.825	295.541	167.012	104.843
201.554	302.586	169.522	97.727
199.221	299.104	167.340	100.962
204.630	294.217	165.229	110.257
207.046	293.367	164.234	109.711
207.334	294.455	161.825	105.628
208.008	289.300	159.055	105.208
209.413	286.936	155.693	104.052
212.401	282.334	154.888	104.980
211.764	278.198	159.681	105.475
205.855	273.234	158.891	108.871
212.250	271.751	167.239	109.603
209.815	268.968	163.029	109.938
205.726	267.461	161.408	106.396
208.792	266.720	166.206	102.318
199.738	264.385	165.536	101.691
206.510	260.988	160.135	102.909
202.616	259.703	161.887	101.999
212.137	260.383	161.225	105.235
197.423	257.601	167.420	113.228
201.958	258.396	168.467	121.103
205.576	249.287	163.242	136.315
232.157	236.046	155.577	148.042
238.387	231.322	140.266	156.191
246.661	222.259	131.466	155.695
246.381	213.311	136.734	154.958
246.247	205.249	143.486	151.916
244.726	198.592	143.591	151.963
253.147	188.120	132.687	150.787
243.876	180.402	137.676	150.974
248.092	177.586	131.459	158.851
248.992	176.137	129.379	159.220
246.420	174.005	128.085	159.780
248.370	175.314	124.329	158.067
248.331	178.802	122.350	155.560
248.344	185.801	120.968	144.436
245.078	193.025	125.097	142.468
246.251	195.509	127.047	143.383
250.668	201.166	124.184	136.590
250.570	203.654	120.425	140.912
254.804	204.938	113.296	138.818
248.075	206.633	118.513	128.735
245.249	209.780	122.727	122.996
242.114	209.751	126.550	124.438
241.526	209.433	127.653	128.397
240.787	207.769	127.623	128.599
244.961	204.568	124.054	129.410
246.534	206.864	122.108	127.121
241.801	207.297	129.041	124.002
236.872	207.902	134.329	136.487
244.747	205.014	126.338	147.415
249.604	212.874	123.624	141.133
243.619	225.883	127.918	129.841
240.904	261.853	127.044	99.484
245.363	274.592	120.362	86.762
240.314	257.866	124.722	103.364
243.000	244.724	122.074	117.479
244.008	253.839	120.760	108.910
245.355	268.686	122.456	93.943
248.281	279.790	117.270	86.840
250.499	280.062	111.290	85.196
248.030	283.531	110.239	79.528
242.743	284.268	115.517	76.495
239.334	284.282	116.025	76.191
236.566	284.564	114.185	74.810
236.974	284.149	114.846	75.509
236.707	284.709	122.658	78.065
244.311	284.668	116.773	82.579
244.398	285.770	117.036	83.689
245.393	285.922	115.356	84.359
244.945	286.472	115.206	84.065
246.549	285.754	113.503	84.651
247.333	287.078	111.750	82.562
247.427	286.168	109.085	83.580
246.305	285.659	111.524	83.452
246.167	283.948	113.011	82.814
245.850	282.690	112.045	82.891
245.673	281.566	113.974	83.157
246.174	279.547	117.818	84.937
248.124	278.141	115.757	85.182
247.369	276.740	115.835	85.050
247.238	276.234	119.602	85.310
241.182	276.911	120.282	83.030
239.018	275.335	118.623	83.877
237.451	272.773	111.712	84.430
232.004	272.276	115.342	83.332
238.390	270.718	109.882	89.624
238.504	268.070	109.747	91.943
232.038	268.187	116.729	91.286
231.153	264.403	117.336	95.964
229.745	260.282	131.071	97.199
227.867	252.247	120.252	103.569
231.429	243.431	119.379	105.452
240.412	228.895	104.124	115.697
248.825	226.946	104.424	100.139
243.279	214.490	109.627	109.921
256.956	206.394	101.168	114.149
260.076	201.669	98.431	115.644
260.548	197.452	95.137	116.387
249.130	194.040	101.445	111.099
264.253	191.321	90.547	106.906
265.924	191.960	88.984	105.574
268.685	191.226	90.166	107.498
273.363	191.103	90.240	106.361
288.774	190.379	86.316	104.868
297.910	193.099	91.706	91.181
306.706	198.205	88.038	96.922
315.416	197.604	85.984	91.061
321.586	203.421	82.948	98.375
321.553	210.058	88.397	96.098
322.144	205.653	89.531	99.691
323.869	208.034	91.111	97.678
320.901	203.863	84.857	97.147
314.711	201.947	84.054	86.862
305.738	204.759	85.595	84.455
297.740	208.389	89.215	95.043
285.308	211.044	93.020	93.082
256.347	208.348	101.190	92.580
255.812	205.076	95.342	95.886
224.786	207.485	100.462	91.683
225.504	206.072	90.109	92.281
218.137	201.853	89.736	92.715
214.053	201.910	95.353	88.120
195.746	200.871	94.222	90.041
189.036	196.981	76.538	88.644
193.502	201.812	84.763	83.305
185.043	200.032	83.876	84.768
183.228	202.738	90.422	86.650
180.376	202.745	90.749	84.354
184.015	203.670	92.628	86.370
186.938	205.404	89.643	90.817
207.150	206.431	88.957	90.988
194.371	209.647	109.831	95.505
211.179	209.799	93.516	95.333
219.680	209.494	85.858	92.450
230.770	210.515	91.944	86.652
244.699	210.895	83.382	89.840
255.659	210.413	94.527	87.371
249.050	203.209	98.329	95.076
273.842	204.769	93.630	94.192
282.154	205.103	85.884	97.114
290.755	205.667	82.848	96.782
292.898	205.393	85.598	96.493
295.339	203.373	84.627	98.613
296.419	203.690	86.028	99.435
296.214	204.417	87.250	96.758
294.652	204.893	89.212	96.297
293.078	205.736	94.702	92.823
289.918	207.105	81.038	91.434
285.550	206.983	83.098	86.912
280.107	209.313	84.340	98.191
273.511	210.732	88.804	94.729
262.582	219.819	84.534	89.634
262.770	225.684	106.555	85.804
238.812	212.892	118.169	97.335
220.277	231.870	124.392	83.832
201.645	242.032	112.236	70.070
209.734	243.960	99.075	65.718
219.377	242.456	103.698	66.429
199.722	239.209	94.982	67.847
199.140	241.965	99.310	62.179
196.230	240.336	98.428	60.480
197.961	239.257	92.404	61.444
197.912	237.553	92.605	62.307
204.597	234.890	87.634	62.654
200.899	236.464	87.513	57.858
209.352	235.345	96.359	59.427
223.758	234.744	92.043	58.212
220.448	233.426	81.582	57.896
226.578	231.721	97.424	61.709
218.968	235.114	96.197	61.513
217.469	231.004	99.261	63.442
235.542	227.221	92.448	62.747
240.054	221.549	90.662	66.428
232.856	220.581	99.972	68.759
238.935	214.726	93.941	63.716
244.689	212.805	92.848	67.306
240.454	212.030	94.791	64.482
258.384	209.803	83.143	60.399
258.404	209.888	80.949	58.886
261.308	210.492	80.572	57.149
271.641	210.508	76.975	57.698
270.469	208.194	77.768	60.323
274.525	209.602	81.441	60.054
274.382	211.273	81.805	59.302
274.826	211.433	85.093	59.408
273.810	210.176	81.016	61.145
271.539	211.521	81.747	58.974
275.007	213.259	81.105	57.487
277.807	208.043	78.541	64.316
278.494	213.999	78.611	60.270
279.066	213.371	78.140	60.531
276.256	219.004	76.845	55.744
281.235	218.363	76.266	56.877
279.980	209.620	75.787	64.188
278.057	209.162	77.531	66.122
277.211	212.900	79.143	63.363
280.012	218.656	74.453	59.188
274.099	223.959	72.201	56.604
278.569	228.942	78.040	54.170
277.747	230.552	76.062	55.191
283.671	234.403	72.553	60.617
285.936	235.045	69.816	62.109
283.896	235.097	69.622	62.387
279.661	236.499	68.491	62.815
281.106	231.088	64.802	67.487
282.254	229.570	64.484	69.539
281.902	224.521	65.702	70.511
287.524	211.187	67.882	77.265
289.961	206.894	71.734	76.738
287.920	203.335	70.905	74.561
293.084	198.248	67.206	73.990
289.727	198.126	69.062	73.249
286.192	198.551	70.867	70.609
285.210	197.583	73.471	70.833
285.455	198.373	71.734	70.856
296.830	199.059	66.849	71.149
292.231	199.053	70.122	75.348
297.898	198.942	65.861	74.927
294.432	198.595	67.084	73.876
298.443	198.951	64.803	73.941
297.177	199.101	66.843	74.378
303.952	198.653	66.311	71.850
294.484	197.993	74.036	73.952
304.438	197.342	69.915	73.532
293.677	195.426	75.586	73.799
303.244	194.868	65.626	74.511
302.974	196.283	65.136	72.461
299.361	194.572	69.268	71.407
303.470	192.834	67.691	71.657
299.554	192.321	70.149	70.790
300.920	191.580	69.610	70.079
300.096	193.507	74.268	67.959
292.521	191.753	74.587	69.386
285.684	190.044	76.449	73.485
290.630	197.093	70.225	69.319
289.284	193.220	76.452	71.483
289.881	192.749	73.469	74.909
289.150	196.220	74.257	71.954
284.348	198.237	78.514	69.384
291.934	190.500	72.923	78.182
294.728	196.628	68.524	82.297
298.957	215.231	80.011	73.997
306.511	208.307	80.923	80.955
306.962	201.622	88.917	85.401
290.286	195.039	88.264	82.652
289.704	190.506	101.005	89.887
272.952	183.788	98.407	92.060
285.423	181.017	94.959	92.230
306.953	188.074	93.140	105.650
281.219	189.756	96.015	84.585
293.905	191.435	85.504	77.982
293.508	189.927	80.964	82.720
282.658	215.034	79.589	72.323
292.764	219.040	68.971	62.029
296.847	218.963	63.860	52.575
286.929	215.300	64.049	47.906
288.515	211.204	62.114	52.947
287.172	209.657	66.847	56.816
288.014	207.708	68.305	57.026
284.814	204.476	71.114	59.461
287.153	199.014	70.230	64.802
291.445	204.330	69.722	59.242
287.270	197.386	72.415	63.441
289.062	192.526	73.023	66.017
281.589	193.596	76.155	62.328
272.364	192.428	86.889	76.266
262.606	182.034	93.219	86.258
244.763	174.937	100.814	101.096
257.548	157.377	108.940	59.264
256.780	164.892	98.500	53.628
273.159	172.155	77.898	52.265
266.024	181.327	89.974	54.112
299.419	188.172	79.798	67.333
269.200	193.656	91.050	59.060
304.763	201.127	83.666	65.147
277.796	200.769	92.105	65.207
260.462	204.484	86.851	70.359
250.113	204.024	91.107	73.563
252.815	209.545	83.869	88.547
261.494	212.401	71.480	66.746
258.734	206.243	76.873	60.517
243.887	197.209	84.074	61.236
257.114	190.366	82.441	67.400
248.458	192.771	80.019	63.116
236.616	197.972	86.045	62.430
226.431	201.316	93.735	65.857
221.344	214.602	99.060	75.835
324.390	196.683	77.075	87.915
321.149	182.732	79.726	90.551
319.665	173.952	78.201	81.736
317.316	166.717	76.656	78.342
315.865	162.716	77.592	82.826
300.689	161.512	90.548	108.812
254.646	178.476	130.264	127.906
248.357	169.275	153.803	146.263
243.374	154.950	160.061	165.591
246.554	150.180	164.518	178.103
234.910	153.627	161.605	165.860
238.286	145.967	167.877	172.718
235.961	158.447	170.331	162.049
228.936	154.461	157.041	168.022
229.279	162.567	152.467	165.922
229.108	154.913	148.404	164.839
230.977	171.707	144.999	153.854
236.234	163.989	146.624	162.945
232.955	150.290	156.954	172.732
233.936	154.201	158.704	167.323
231.108	150.006	163.052	169.431
232.808	154.239	164.547	162.773
239.814	164.486	148.958	157.643
239.762	154.839	154.931	167.746
236.872	174.729	161.660	146.767
238.106	162.770	154.687	155.114
240.181	171.494	154.462	146.631
260.446	168.660	137.090	155.177
245.500	172.219	151.009	148.489
259.760	177.468	141.684	151.325
221.799	245.582	182.217	88.175
209.510	274.476	185.046	54.473
188.948	273.330	120.836	58.058
220.458	275.552	104.137	57.468
220.787	277.009	102.835	57.029
208.549	275.368	91.447	61.885
234.142	275.166	85.644	65.920
244.478	275.439	86.506	72.424
242.324	276.534	75.845	75.206
240.969	276.897	76.591	80.514
217.537	267.205	75.376	69.907
222.349	265.327	84.540	74.963
220.878	264.350	82.043	66.547
231.285	266.016	76.135	66.792
225.609	261.904	73.782	62.120
229.629	260.125	75.457	63.518
228.144	260.169	77.326	65.410
237.716	260.261	72.756	77.537
255.672	283.819	65.259	85.472
242.252	261.402	77.775	85.715
241.754	253.974	78.320	85.230
244.345	251.233	76.810	95.217
241.185	244.103	82.725	91.873
239.170	240.775	80.594	86.617
239.435	240.254	83.772	95.724
238.114	242.401	86.096	99.799
240.982	239.728	84.916	93.186
240.916	242.019	83.061	83.764
241.784	239.333	83.753	80.554
250.954	247.424	87.019	94.396
264.112	261.700	87.325	96.752
271.403	260.985	102.668	89.139
312.151	204.362	99.897	121.633
308.619	202.109	104.912	151.052
313.349	180.198	112.990	174.415
301.312	201.709	124.021	168.849
297.522	230.694	132.343	159.060
287.893	230.355	137.999	173.749
310.271	227.121	121.815	189.639
294.196	217.411	138.681	180.255
309.386	228.107	124.794	185.511
300.223	232.942	137.630	178.891
314.031	218.501	134.352	193.356
318.353	233.657	133.043	180.319
308.105	222.381	128.080	191.284
277.617	200.373	104.881	132.976
275.122	203.813	95.968	87.086
275.139	199.333	82.557	82.480
277.922	207.315	80.260	79.527
287.082	213.030	91.576	69.522
286.225	211.775	84.923	67.428
287.820	204.214	81.737	73.525
289.492	214.257	87.073	67.202
290.681	223.501	90.054	65.295
288.575	228.238	90.941	63.084
288.771	240.923	88.060	52.577
291.991	246.401	78.470	49.747
270.789	247.827	88.234	50.573
284.968	249.819	80.497	51.771
289.648	253.807	84.756	48.262
298.994	254.413	82.197	51.047
298.044	252.180	84.315	55.482
267.318	249.686	96.513	57.200
251.537	240.179	96.450	71.166
252.317	238.548	94.613	72.930
261.313	240.559	93.443	67.761
254.904	239.871	91.018	64.563
264.512	240.650	85.612	64.052
269.079	234.511	97.871	68.600
265.576	235.462	79.141	65.919
253.181	229.999	81.885	65.522
248.854	228.561	80.415	66.694
242.815	207.320	92.328	75.782
261.039	201.682	95.227	85.462
268.127	195.363	88.594	95.352
266.902	194.377	87.975	93.350
261.110	200.776	92.519	90.502
267.681	195.746	86.034	97.651
276.397	209.764	84.082	85.912
279.186	207.202	82.817	86.057
268.478	216.964	85.073	81.255
273.009	227.211	79.113	75.304
279.063	245.285	75.158	60.620
291.725	247.949	62.841	61.147
290.021	249.032	69.831	59.418
288.002	248.168	73.025	60.999
280.326	246.997	78.667	60.500
255.218	245.039	80.744	53.199
267.590	247.813	77.111	53.826
260.890	246.517	73.230	55.374
263.330	245.974	75.101	56.323
272.911	243.123	69.469	63.669
273.368	242.221	70.226	61.293
273.490	241.774	70.947	58.967
274.784	221.754	70.711	74.372
265.138	223.066	75.862	74.309
269.519	231.581	76.806	69.663
265.662	237.143	76.500	67.289
275.333	235.164	74.292	68.282
269.654	253.091	81.747	62.736
273.894	248.918	80.895	70.889
271.264	257.239	76.325	62.585
269.093	258.232	75.674	59.279
270.989	266.832	75.275	53.605
270.060	265.257	76.325	54.297
268.902	261.317	77.722	54.735
266.179	257.889	78.662	50.687
266.797	259.587	78.008	48.599
271.152	249.802	70.699	57.649
273.106	256.462	66.191	56.703
267.813	253.105	69.915	57.963
264.318	248.401	76.980	58.278
266.385	242.778	76.556	56.191
262.540	244.021	75.384	54.095
267.040	243.081	73.066	54.307
268.410	241.976	71.474	45.399
265.038	237.930	74.240	47.602
265.960	235.358	72.926	49.507
260.558	234.541	75.967	51.519
257.308	239.964	79.927	51.223
256.135	241.412	81.354	56.511
246.449	246.695	81.116	60.150
245.741	252.071	90.090	66.203
229.977	250.039	83.558	72.122
241.328	264.271	76.354	62.146
225.754	269.205	72.258	58.539
233.902	272.190	63.651	55.279
226.919	278.626	67.178	52.708
235.495	281.680	59.439	52.442
226.359	283.828	66.063	50.406
223.488	272.572	66.596	62.231
232.146	239.030	59.412	81.690
251.088	258.673	72.004	68.789
256.171	247.385	94.367	73.109
292.862	244.183	88.501	71.844
289.339	241.992	74.616	83.161
289.617	242.830	69.736	73.021
296.391	232.789	63.391	80.021
287.569	238.251	68.889	76.573
283.779	241.514	74.267	71.432
285.333	241.144	74.895	72.804
297.926	237.243	69.306	82.734
297.198	235.216	70.513	84.341
289.543	242.610	72.367	84.627
293.068	237.621	69.274	83.322
275.675	248.655	72.407	74.670
281.390	241.708	80.333	80.006
272.541	243.591	80.713	80.122
252.961	245.894	88.228	89.108
254.404	251.084	84.839	79.753
267.191	243.658	82.535	86.580
263.528	246.920	84.650	90.202
271.806	250.415	78.572	84.880
265.938	251.365	74.862	89.334
265.371	247.946	75.631	95.343
254.092	254.153	82.028	92.207
262.287	262.148	76.009	85.050
259.115	261.765	78.007	86.041
250.068	262.064	79.792	89.028
257.744	262.833	72.868	78.378
249.852	261.508	77.597	77.748
253.745	265.650	76.034	76.778
250.991	262.467	76.139	75.566
254.348	265.225	73.395	71.685
253.286	264.278	75.157	72.880
253.885	267.523	74.621	70.058
251.962	266.242	74.695	71.995
254.517	263.824	75.924	74.581
254.951	270.599	73.550	69.682
259.921	275.873	67.338	65.424
265.832	269.725	69.288	70.223
260.745	255.730	75.711	87.789
248.286	255.669	84.484	94.391
248.348	254.458	82.794	91.576
260.700	256.101	79.104	90.872
258.839	257.044	79.523	90.267
262.337	268.906	73.349	81.197
266.872	271.361	68.912	87.688
264.865	266.384	72.526	89.292
258.428	269.265	81.578	88.256
254.625	287.368	79.636	76.463
254.935	279.084	82.162	76.433
259.365	275.487	79.912	80.083
264.634	261.691	84.193	85.777
266.825	250.425	73.408	94.409
292.083	245.784	77.254	89.358
293.892	244.909	80.189	86.988
295.415	242.290	79.954	86.883
282.449	248.015	92.343	85.869
283.604	242.930	85.937	86.244
283.457	244.565	78.290	80.874
291.817	241.626	88.076	77.608
302.455	231.345	77.530	81.803
316.020	232.445	66.687	76.070
318.642	228.805	63.503	74.784
305.601	228.389	71.213	76.849
296.663	225.365	78.404	81.437
288.764	226.334	77.120	88.406
284.947	228.462	76.674	85.110
289.817	228.133	83.591	84.839
295.723	240.594	68.613	83.042
301.836	244.423	66.344	79.535
308.256	246.454	63.809	75.196
306.376	245.911	63.551	75.996
312.736	245.470	62.013	78.863
315.012	247.381	63.822	76.361
302.281	255.275	68.947	72.101
309.249	251.120	63.174	73.294
300.992	249.196	66.096	77.688
292.176	246.459	72.467	80.583
297.827	243.285	74.666	81.506
283.754	238.831	81.380	86.011
239.086	235.652	84.562	80.904
268.454	262.799	79.851	70.984
317.675	239.426	61.825	77.689
258.818	252.707	98.652	70.927
228.114	240.973	97.479	85.004
229.924	229.587	80.264	84.313
232.704	225.232	75.591	84.104
234.722	223.037	73.868	78.159
235.726	219.216	73.425	78.458
234.576	217.895	74.305	76.231
234.488	220.279	76.052	82.383
236.328	227.918	76.951	85.317
238.273	229.790	84.198	90.316
248.493	239.855	105.481	88.670
241.845	226.766	82.795	103.169
235.066	215.284	72.785	94.589
236.857	210.491	73.417	87.536
234.690	232.010	89.403	94.529
245.587	253.610	87.355	95.357
238.886	276.597	106.088	89.975
265.642	270.336	111.043	136.071
333.551	265.167	112.321	149.233
338.287	273.914	124.346	144.707
335.927	279.336	130.860	141.765
331.179	268.740	141.696	149.966
325.778	270.720	142.730	148.883
269.469	266.403	139.459	147.408
233.459	276.674	115.393	136.816
213.366	260.873	105.328	131.617
218.165	256.125	105.445	125.178
224.023	229.879	117.157	124.229
247.483	222.455	126.321	104.588
235.259	226.538	131.201	117.179
234.299	216.322	131.453	121.806
245.773	204.371	125.639	113.638
249.002	201.864	118.006	111.546
249.075	198.290	112.726	112.343
249.074	197.022	103.042	111.611
243.926	200.407	102.856	100.366
258.138	185.694	111.244	105.294
278.609	182.541	90.776	97.962
271.363	183.773	98.722	94.415
278.693	177.623	92.736	103.998
291.466	175.091	86.795	107.519
299.321	180.757	83.505	93.560
308.641	184.756	74.017	81.011
309.061	189.596	73.148	78.172
303.472	186.764	70.944	85.859
297.533	192.825	70.286	86.456
294.770	193.689	78.907	83.412
267.138	197.059	87.268	80.642
246.708	204.122	99.376	72.119
243.185	209.815	92.045	84.773
245.813	212.828	93.862	86.554
248.958	212.592	102.649	85.600
249.947	209.994	100.542	87.661
248.415	210.759	97.771	95.932
242.084	212.535	109.512	97.912
238.666	215.344	103.408	99.187
246.330	214.009	106.444	100.336
226.873	206.893	117.881	102.172
241.874	209.807	104.049	103.821
242.274	215.793	91.720	95.446
257.192	222.283	80.356	110.708
255.584	212.955	80.230	123.682
262.490	213.406	83.743	123.751
264.538	220.389	83.570	140.509
252.620	222.667	101.365	126.041
256.258	213.410	115.442	112.354
284.308	194.074	99.717	94.368
291.467	186.890	87.823	100.332
288.817	188.776	122.434	143.072
299.175	207.056	165.590	138.484
331.329	219.213	138.546	134.492
278.496	219.912	179.142	132.553
281.182	226.807	175.226	126.573
303.857	230.718	144.590	122.010
301.641	221.581	143.897	132.238
299.584	228.759	132.587	134.891
290.849	223.338	131.727	138.987
246.292	196.553	119.571	98.898
236.353	187.582	111.067	102.821
239.384	202.486	118.792	105.936
241.061	196.587	122.147	123.409
234.680	184.648	108.312	121.476
236.007	187.645	112.644	112.270
244.042	196.346	118.189	101.448
243.770	198.116	145.841	113.306
249.745	186.093	143.889	122.280
245.655	193.460	148.389	119.996
266.061	199.286	142.589	122.441
267.658	201.508	139.069	120.387
297.480	200.681	139.451	122.814
306.915	198.219	129.398	119.627
324.952	205.269	117.362	125.925
322.256	203.191	129.797	125.999
314.484	203.438	115.325	109.824
294.260	208.413	106.997	109.774
267.002	198.674	100.382	101.789
215.809	214.948	98.323	110.274
196.689	261.710	113.312	80.507
167.921	250.370	107.910	92.339
136.861	244.777	101.200	97.399
124.986	246.231	109.535	99.696
113.882	246.026	115.611	101.366
107.211	243.172	120.874	104.897
116.043	244.884	113.930	100.327
121.189	245.122	112.120	99.307
144.399	252.084	100.689	96.153
161.290	262.416	106.347	83.520
182.982	267.640	106.566	72.227
237.368	241.093	93.674	102.677
292.083	229.929	94.531	113.438
316.727	234.797	104.184	120.103
333.264	214.880	95.114	118.799
349.476	203.594	105.193	106.108
323.051	242.569	80.629	120.000
319.619	217.857	73.606	125.098
304.441	82.019	73.569	40.964
305.463	194.842	57.189	22.133
310.804	187.894	52.154	65.415
314.146	180.002	64.163	78.848
378.328	188.917	82.735	70.908
350.179	202.718	88.845	74.240
318.699	222.139	91.438	75.550
293.016	232.443	87.360	92.818
292.670	257.491	73.621	102.161
308.216	260.101	79.053	99.432
303.807	261.141	82.834	94.943
312.507	263.780	82.335	84.807
326.313	264.024	75.573	83.395
335.539	266.484	73.738	78.968
330.841	261.501	78.231	84.422
331.034	263.171	80.183	86.656
334.722	261.639	79.705	90.093
358.076	262.931	74.212	89.917
343.471	265.442	79.899	86.354
364.930	263.448	70.727	88.176
349.435	262.502	76.590	86.810
350.819	259.009	76.880	90.045
347.154	261.781	76.452	90.265
348.520	261.176	75.252	86.630
347.041	252.573	79.104	92.882
321.104	217.658	81.552	62.324
345.145	204.745	76.206	74.403
370.342	181.692	61.609	95.210
376.365	173.278	64.706	84.021
383.626	165.520	75.317	91.599
378.456	168.850	80.822	91.168
368.721	183.730	80.727	87.541
352.069	202.264	83.192	86.579
318.523	216.818	83.497	90.244
301.739	262.885	105.372	69.954
360.219	265.011	101.104	68.947
361.910	272.091	91.738	73.692
343.582	264.897	97.334	78.360
362.512	270.028	87.067	87.148
338.322	267.184	97.047	86.262
333.485	266.656	95.017	82.628
332.157	267.214	90.379	68.333
250.046	141.940	80.557	28.654
257.995	141.768	70.681	80.705
141.032	241.606	45.395	73.423
109.201	253.678	83.876	67.125
122.782	261.579	89.144	72.482
142.376	265.910	86.378	78.383
165.218	278.017	90.623	73.488
211.826	264.628	79.049	80.948
252.316	263.200	61.553	101.079
275.388	240.498	70.736	95.913
282.168	224.515	81.507	98.368
310.198	211.600	71.516	115.533
309.742	199.386	80.231	96.961
327.456	199.837	80.862	101.433
347.538	193.911	66.018	100.308
347.560	190.999	69.778	83.873
345.100	189.209	70.076	79.720
332.100	191.769	82.497	70.169
296.729	201.323	98.903	89.781
321.064	215.028	86.882	108.235
324.642	203.642	84.048	114.325
327.906	210.209	83.703	105.177
338.827	213.221	86.057	101.640
345.896	213.309	90.197	106.933
351.925	215.018	92.115	99.922
313.289	208.485	126.181	98.214
284.537	196.881	96.067	96.508
274.591	192.041	83.705	71.914
272.999	187.487	82.089	74.145
273.324	191.810	78.678	72.053
282.926	188.198	73.997	73.551
286.879	189.177	72.330	73.431
276.314	197.823	73.677	71.854
277.029	199.859	76.142	69.902
268.951	199.366	77.338	68.960
264.850	195.517	75.735	76.957
261.643	195.517	84.257	92.672
306.950	244.359	75.673	92.700
300.543	249.769	73.406	88.863
292.911	250.636	73.918	87.248
291.797	240.319	70.453	97.748
282.994	260.568	69.568	97.277
169.306	243.692	86.661	90.837
199.436	253.342	76.665	91.789
242.976	248.078	71.387	117.361
251.251	246.851	93.280	118.406
276.933	247.597	73.201	115.080
294.272	248.793	65.891	108.166
294.870	243.288	82.943	86.160
307.305	240.177	90.817	84.026
326.925	229.330	75.386	81.451
349.120	228.899	57.656	89.491
358.730	227.075	52.391	89.558
361.169	230.781	51.338	85.250
354.700	219.244	56.766	80.278
335.265	223.262	64.726	74.155
319.562	227.465	70.148	86.139
303.444	247.119	112.879	86.143
299.958	249.022	110.133	86.127
299.539	261.398	92.299	78.344
294.299	262.229	89.210	77.611
291.857	258.084	94.490	85.144
320.639	120.974	63.575	34.668
333.792	86.510	55.302	61.298
332.947	83.796	58.167	63.226
329.456	84.104	61.892	65.356
331.706	84.574	59.178	66.479
326.379	86.065	63.132	69.235
326.602	82.937	61.110	70.647
321.168	84.866	65.320	71.859
318.778	83.997	63.633	71.227
316.957	83.904	63.329	70.444
309.594	88.084	63.149	71.474
308.962	85.949	62.814	71.090
304.380	87.903	61.013	69.332
265.169	219.424	54.230	33.472
272.153	212.569	49.453	75.092
279.011	211.657	72.845	84.765
290.020	255.781	83.860	100.267
300.509	249.141	75.684	99.703
310.126	231.169	74.122	109.641
307.417	232.775	91.878	94.772
315.652	232.579	95.395	82.764
315.395	228.008	104.717	80.000
320.148	223.981	96.419	82.577
321.900	241.205	92.292	63.246
318.244	239.550	89.255	63.409
251.583	117.996	71.755	32.117
264.247	84.765	56.545	64.466
261.372	81.728	57.389	69.752
259.080	82.621	58.551	71.385
257.974	83.838	59.836	66.846
255.529	82.765	61.338	66.833
254.906	83.521	58.497	72.024
249.644	84.368	62.490	71.542
247.670	81.706	64.375	72.969
252.766	83.329	58.761	70.775
250.662	83.090	57.283	61.989
252.478	81.264	55.709	58.454
251.405	82.101	53.498	63.315
248.542	82.438	54.942	65.883
247.696	80.543	55.830	67.557
246.230	79.570	56.273	58.490
245.000	80.820	54.755	60.434
240.934	81.980	57.115	66.454
241.311	79.622	58.045	66.039
239.539	78.927	57.563	64.312
237.879	81.094	56.268	67.156
235.733	83.556	58.971	65.575
232.844	84.156	60.275	64.674
232.457	83.638	60.130	64.501
263.176	221.623	63.914	19.277
274.761	212.418	54.565	64.935
292.411	210.810	53.215	80.534
297.211	206.211	57.829	87.375
279.105	207.469	84.254	87.393
303.707	208.403	84.960	87.867
302.977	218.683	90.941	77.276
287.619	230.956	104.316	59.068
259.155	97.169	60.763	50.115
265.214	78.972	58.324	64.320
270.218	74.455	57.000	67.439
275.997	76.332	55.077	69.254
277.064	75.255	57.750	69.330
283.323	74.200	58.397	70.881
285.250	73.433	60.529	70.557
289.103	73.044	57.976	74.419
291.950	74.089	58.370	70.264
294.055	72.523	57.240	69.523
295.671	70.719	57.822	69.940
296.725	70.164	57.069	70.584
297.755	70.115	57.462	67.539
298.988	70.100	56.123	67.546
299.887	69.954	55.805	67.135
299.792	69.927	55.963	67.685
300.033	68.759	57.424	68.495
300.769	68.636	56.847	68.014
301.195	68.929	56.855	68.311
301.487	68.902	57.175	69.179
301.907	68.936	56.800	70.239
302.764	69.724	56.219	69.472
302.766	69.665	56.352	68.614
302.513	70.515	55.817	66.139
301.770	71.583	55.083	65.421
298.473	72.219	56.217	65.357
300.358	69.392	56.856	67.127
299.867	68.601	57.349	68.209
298.941	68.260	57.668	68.592
297.065	68.127	57.899	69.998
283.497	214.059	58.740	16.929
282.974	176.501	48.290	79.030
287.784	197.626	63.711	83.819
300.422	216.468	62.389	82.918
304.694	214.662	60.137	71.551
319.760	213.197	69.423	78.454
312.466	207.202	68.585	83.227
303.450	204.054	85.988	75.664
281.421	188.134	64.988	81.313
278.081	191.224	63.033	82.070
277.481	195.451	65.744	77.244
272.137	192.480	70.519	77.633
270.303	194.988	72.300	84.586
335.063	207.512	64.887	59.271
304.266	209.105	80.133	54.706
303.215	210.859	85.121	53.635
279.125	208.489	92.719	71.336
284.015	208.997	85.729	92.422
280.671	213.963	91.954	98.039
283.394	210.718	94.541	98.960
284.088	212.732	89.168	109.848
285.583	212.832	79.849	109.957
284.252	213.919	84.437	100.805
279.892	210.329	85.150	84.208
278.540	211.127	67.087	74.866
282.855	212.275	71.334	68.573
273.787	204.395	59.295	78.137
265.733	188.433	62.733	77.438
273.404	201.645	58.588	80.452
264.981	189.835	63.982	76.033
259.391	194.591	69.464	77.636
267.045	208.451	81.859	72.312
266.937	212.318	96.531	78.671
272.285	216.692	86.949	75.501
268.500	218.321	85.579	74.499
270.371	220.630	83.907	74.128
265.898	225.589	89.275	75.142
261.716	227.040	92.255	81.235
256.448	228.753	97.409	80.812
254.742	228.681	96.728	84.742
247.445	226.539	101.566	90.946
256.762	225.775	88.152	100.944
250.490	232.805	95.027	98.220
237.460	239.960	108.247	94.532
248.900	244.708	97.471	104.292
273.992	255.519	82.404	96.321
287.054	260.944	81.134	91.049
299.988	261.989	82.635	90.217
299.850	263.197	74.361	87.316
313.274	264.039	77.518	82.694
328.830	262.973	83.332	72.676
342.713	270.738	72.387	78.066
353.554	270.890	75.544	86.411
365.786	266.868	77.298	85.004
357.939	264.376	91.865	92.194
355.714	261.367	97.409	90.183
353.086	254.544	98.889	85.979
359.278	251.711	91.871	81.955
350.572	253.308	88.992	76.052
344.462	252.840	85.874	74.801
321.974	257.753	98.635	66.083
319.461	261.610	97.679	65.584
294.623	266.930	115.765	64.160
262.987	230.479	81.745	95.346
269.662	223.424	100.716	120.902
275.930	201.547	80.127	106.779
306.771	204.646	56.451	94.591
325.468	193.000	50.883	98.122
328.795	200.005	59.533	97.444
325.167	194.564	71.759	99.787
311.314	201.010	91.932	95.947
320.254	202.633	96.858	98.655
307.485	213.308	91.877	89.593
275.909	219.062	82.133	75.431
238.551	229.045	78.756	82.738
237.950	255.190	99.378	107.306
222.629	243.198	97.509	103.148
208.763	254.204	103.774	118.628
144.608	262.031	112.874	101.339
141.021	259.314	99.097	101.999
117.430	250.311	105.095	110.223
101.808	244.513	110.484	111.348
94.912	237.689	108.730	113.969
86.555	238.029	111.242	112.368
82.331	237.290	112.189	112.790
75.281	240.370	117.642	113.202
76.720	242.370	122.645	115.493
89.108	248.963	122.057	113.624
108.742	253.999	116.513	110.797
134.150	258.640	104.953	109.188
153.001	252.641	98.838	116.940
208.567	210.442	84.684	114.409
225.392	207.355	87.734	97.758
236.737	205.420	97.826	98.755
308.313	245.720	86.385	85.048
291.462	211.485	71.014	101.267
300.444	203.058	74.606	94.069
307.574	194.799	78.916	91.438
339.356	190.425	59.099	93.708
357.780	185.765	51.113	78.586
289.699	193.905	58.731	77.306
284.779	201.908	65.708	73.854
290.763	195.270	86.095	76.955
333.379	200.643	78.467	80.345
308.971	224.968	93.972	90.850
307.088	252.865	108.640	97.125
253.867	242.060	119.634	117.508
234.529	264.658	115.249	121.463
200.596	265.843	89.227	109.365
168.933	271.743	73.387	99.146
142.643	266.273	95.461	101.431
123.420	245.030	106.897	120.463
110.048	247.118	143.468	118.183
106.873	230.005	119.848	125.249
98.930	224.084	131.089	126.275
95.120	222.152	128.321	126.558
98.501	227.432	126.733	120.545
106.356	220.318	121.741	126.601
102.514	218.393	116.824	120.855
129.032	236.157	114.457	111.358
153.148	259.342	112.502	85.329
191.953	262.373	101.455	73.402
209.371	267.929	97.864	69.238
275.541	247.939	68.986	72.246
286.897	253.618	78.587	65.348
317.084	251.776	74.575	68.659
345.283	244.851	77.106	73.698
359.278	227.359	58.239	78.029
366.345	226.800	64.800	101.797
374.267	215.902	66.996	117.285
383.025	203.442	67.075	110.191
363.016	205.089	80.265	98.561
368.793	206.811	82.205	89.311
351.539	203.612	91.325	73.919
346.295	207.352	89.217	77.000
325.659	256.570	89.314	94.113
298.507	211.831	81.582	72.738
276.112	203.947	64.729	77.288
266.526	205.241	62.719	80.255
258.905	205.100	68.638	75.100
248.562	216.273	86.895	71.867
247.010	208.897	90.549	80.480
251.098	208.158	97.404	70.548
236.101	209.060	102.801	72.365
221.919	204.069	116.774	79.720
218.009	202.715	118.864	80.897
209.718	209.673	101.649	74.671
200.633	202.207	101.884	89.490
200.759	183.812	85.498	105.395
209.617	193.811	82.890	87.309
212.512	196.227	82.074	88.184
220.886	208.326	99.234	79.466
213.627	207.496	96.580	80.563
216.350	202.015	87.451	86.599
217.188	195.568	86.127	88.957
259.282	197.670	81.270	94.776
232.725	196.609	84.059	92.692
212.309	191.170	99.098	92.353
211.595	187.861	81.804	94.824
219.911	184.768	93.168	104.556
224.168	181.470	102.348	101.906
227.224	188.172	116.413	97.649
242.919	198.515	108.146	90.251
235.195	208.932	115.897	79.676
266.258	216.958	90.369	61.580
263.299	216.305	90.464	66.221
259.058	196.653	90.873	90.273
285.173	198.427	68.796	87.837
285.759	203.646	69.805	90.345
283.201	214.381	68.210	98.046
251.410	209.893	67.082	110.720
246.821	199.482	71.048	105.753
280.900	82.518	64.528	92.164
280.779	86.270	63.843	83.838
277.509	98.188	63.774	85.129
277.652	105.371	62.136	85.438
277.498	109.850	62.416	84.737
275.533	116.497	62.052	83.984
273.807	123.037	59.813	81.641
272.380	130.196	59.609	80.059
270.831	132.005	61.549	82.793
269.906	136.176	60.980	81.162
268.402	141.969	61.570	78.838
266.403	144.876	60.713	76.126
264.420	147.433	60.549	74.557
260.385	148.711	58.108	76.395
257.873	149.064	60.311	77.147
256.103	149.149	58.895	75.153
253.706	148.442	60.135	77.389
252.263	148.358	60.373	74.177
251.905	147.605	59.168	73.814
251.033	147.270	59.285	73.498
250.227	146.069	60.111	78.418
250.033	147.049	60.282	75.785
249.646	147.603	59.761	76.222
249.558	147.671	58.885	77.691
248.493	149.558	59.892	73.259
247.773	149.686	59.768	72.426
247.900	147.695	58.948	72.753
248.404	145.869	57.588	72.400
248.408	143.986	57.165	72.953
248.612	142.582	56.416	72.311
249.993	142.187	55.549	71.369
250.840	142.135	55.387	71.813
251.908	142.491	55.938	71.545
253.338	142.456	57.230	71.483
254.995	143.305	56.711	71.558
256.423	142.821	56.862	72.398
257.697	142.829	56.968	71.891
258.936	143.635	57.437	71.471
262.165	144.355	57.109	70.969
263.699	143.857	57.327	68.095
265.419	143.081	58.665	69.400
266.161	143.497	58.476	71.705
266.905	142.465	57.838	72.508
267.721	132.442	55.402	79.744
266.540	140.142	56.655	73.634
267.293	141.820	57.381	69.293
266.716	138.395	58.982	73.722
265.925	136.891	59.438	74.785
264.120	136.103	59.845	75.906
262.164	130.787	61.232	80.531
261.549	133.114	61.446	79.410
262.126	130.860	59.998	81.569
261.519	132.529	59.541	80.883
261.330	134.311	58.832	80.034
261.297	137.018	57.823	76.596
261.397	136.801	57.819	77.623
261.418	136.885	57.775	75.907
260.225	137.864	58.701	76.322
260.287	137.890	58.362	73.911
259.837	138.067	58.413	75.457
260.037	137.736	57.821	73.648
258.003	137.839	60.386	75.536
258.558	137.104	59.033	75.599
257.971	136.763	59.815	76.971
257.460	135.349	60.076	78.853
258.183	135.454	58.809	78.747
257.072	133.756	59.637	79.885
257.615	134.698	58.789	79.146
257.022	134.021	59.314	80.110
256.190	133.401	59.765	81.539
255.929	134.803	60.091	79.995
256.271	135.330	59.095	80.034
256.033	135.147	58.765	78.554
254.783	134.235	59.761	81.527
254.420	133.861	60.027	82.438
253.974	133.369	60.586	82.661
253.602	134.691	60.741	81.206
253.268	133.240	60.752	82.925
252.432	134.787	61.416	80.399
253.195	134.587	60.452	81.150
253.346	134.697	60.668	80.722
252.876	134.751	61.495	80.350
253.246	133.813	60.810	80.463
252.916	135.349	61.223	78.870
252.936	136.103	61.019	77.762
253.076	135.708	61.156	78.198
252.078	135.102	62.253	79.278
252.229	135.613	61.418	78.546
252.427	135.832	61.282	78.708
252.190	135.945	61.354	76.965
252.489	135.349	60.739	78.962
252.071	135.532	61.177	78.499
252.111	135.532	60.811	77.844
251.602	136.222	61.333	78.063
251.071	135.692	62.104	78.184
250.608	135.846	62.588	78.370
250.118	135.304	63.026	78.501
249.639	135.372	63.576	79.175
250.123	135.814	62.753	78.346
250.400	136.609	62.406	77.472
250.501	136.052	62.420	77.923
252.026	137.084	60.175	76.452
252.464	135.904	59.912	76.687
251.656	136.408	60.885	77.477
251.685	134.955	60.674	78.758
251.894	136.099	60.551	77.908
251.607	135.495	60.850	78.875
250.992	134.994	61.581	79.634
251.266	135.596	60.707	79.724
250.739	135.023	61.315	79.221
251.254	134.434	60.575	80.542
251.381	135.830	60.361	78.394
251.386	135.387	60.713	78.673
251.779	135.156	60.470	79.224
251.740	135.532	60.312	78.228
251.489	135.334	60.706	78.998
251.270	134.940	61.110	78.821
251.518	136.103	60.602	79.301
251.093	135.514	60.961	78.576
250.871	135.639	61.574	77.853
251.309	136.066	60.972	77.479
251.371	135.973	60.726	77.664
251.489	135.920	60.837	77.986
251.053	136.393	61.142	77.590
251.037	136.026	61.361	78.422
250.976	135.798	61.979	78.232
251.130	135.943	62.268	78.095
251.090	136.725	62.308	77.119
251.506	135.798	61.736	78.699
252.441	135.996	61.178	77.233
253.109	136.135	60.217	78.489
251.852	135.960	61.605	78.086
252.623	136.272	60.888	77.104
251.996	135.823	61.242	78.998
251.739	135.891	61.813	78.276
251.380	135.188	62.507	78.788
251.440	135.944	62.636	78.447
251.240	135.663	62.702	77.932
251.770	136.153	62.026	76.580
251.973	135.763	60.961	78.385
251.800	135.425	61.365	78.777
251.976	135.368	61.477	78.847
251.858	136.258	61.661	76.703
251.116	135.296	61.851	77.056
250.973	136.131	62.681	77.831
250.240	137.287	62.889	75.030
250.744	137.703	62.096	74.649
250.452	137.509	62.252	74.375
251.045	138.060	60.910	74.270
250.338	138.068	60.502	75.134
251.567	138.226	59.880	75.465
250.700	138.226	60.779	75.502
252.318	138.710	59.584	75.069
251.074	137.787	61.182	75.850
251.357	138.920	61.489	75.988
251.709	138.358	60.464	75.646
251.768	138.175	60.291	76.267
252.464	138.509	58.912	76.180
252.287	139.219	59.645	75.245
252.329	138.735	59.284	75.308
252.821	139.795	58.792	74.367
252.546	139.529	59.174	72.863
252.343	139.142	59.127	73.961
252.682	140.163	58.898	72.063
252.610	140.562	59.173	71.093
252.910	140.630	58.860	71.639
252.985	140.678	58.975	71.880
253.747	140.659	58.636	71.959
254.466	141.412	57.393	71.631
254.481	141.325	57.059	71.950
253.830	140.458	57.957	72.672
250.571	141.126	60.427	71.482
246.519	140.792	63.865	73.417
247.618	140.071	63.257	77.041
248.641	139.529	61.724	78.025
248.016	141.372	60.863	72.867
249.651	142.104	58.735	71.306
250.521	142.119	58.540	71.579
250.744	140.711	59.015	70.980
250.370	140.400	58.694	71.304
250.105	140.656	58.144	72.883
249.957	140.875	58.264	72.952
249.650	140.378	58.744	71.679
249.607	140.554	57.850	72.829
248.880	141.090	58.310	71.953
248.759	140.911	59.042	72.327
248.763	140.816	58.191	71.728
248.707	140.441	57.449	72.551
248.744	140.656	57.013	71.701
248.830	140.753	56.436	71.910
248.721	140.711	56.576	71.674
248.830	140.247	56.406	71.944
248.830	140.107	56.681	72.210
248.854	140.824	56.505	71.596
249.075	140.569	56.128	71.430
249.048	140.456	56.577	71.096
248.976	140.137	56.711	71.753
248.947	140.249	56.774	71.148
249.222	139.711	56.593	71.966
249.305	140.462	56.938	70.415
249.344	139.600	57.525	70.980
249.795	139.885	57.112	71.042
250.039	139.640	57.144	71.407
249.841	139.674	57.805	70.867
249.872	139.674	58.260	70.344
250.336	139.533	58.216	70.579
250.694	139.982	57.787	69.124
251.169	140.762	57.162	68.549
251.549	140.889	57.203	68.239
251.122	140.185	57.855	72.013
251.668	141.012	57.614	70.628
251.547	141.029	57.341	71.942
252.081	141.400	57.619	71.513
252.257	141.140	58.303	69.877
252.367	141.025	57.808	71.047
252.556	141.495	58.122	69.503
252.409	141.227	58.064	69.943
253.002	140.713	57.174	69.865
252.669	140.932	57.375	70.903
252.965	140.852	57.180	70.063
252.966	140.667	57.477	71.613
252.854	141.214	57.731	69.784
252.677	140.983	57.948	71.693
253.020	140.795	57.867	70.127
252.743	140.451	57.803	71.868
252.642	141.472	58.431	69.746
252.868	141.346	57.920	70.224
253.294	140.809	57.314	69.528
253.020	141.070	57.534	70.035
252.639	141.366	58.078	69.804
252.443	141.145	58.041	69.261
252.556	140.592	57.518	69.835
252.168	140.654	57.981	71.132
251.601	141.355	58.644	68.957
251.715	140.640	57.910	69.511
251.524	140.897	57.765	70.160
250.793	140.735	58.629	68.868
250.058	141.090	59.402	68.797
250.405	140.939	58.733	69.679
250.294	140.507	58.401	68.983
250.063	140.781	58.381	68.272
249.792	140.498	58.099	69.397
249.905	140.504	57.782	69.952
249.754	140.205	57.811	71.325
249.406	140.108	58.179	70.310
249.329	140.025	57.908	70.853
249.102	139.931	58.296	71.248
249.391	139.893	57.837	69.926
249.101	140.087	57.983	69.612
248.905	140.053	58.028	69.834
249.018	139.878	57.945	69.915
249.131	139.773	57.372	70.161
249.056	139.738	57.386	69.776
249.187	139.445	56.827	70.756
248.981	139.667	57.278	69.523
248.966	139.515	57.078	71.075
248.705	139.603	57.440	71.033
248.866	139.815	57.324	70.345
249.038	139.702	57.199	70.232
248.943	139.597	57.591	69.456
249.077	139.585	57.182	70.956
249.038	139.885	57.632	70.656
249.018	139.885	57.677	70.227
249.002	140.087	57.949	69.612
248.943	140.192	58.238	69.601
249.093	139.878	58.149	68.857
249.254	139.654	57.974	69.690
249.206	139.661	57.758	69.348
249.443	139.235	57.540	69.969
249.465	139.504	57.684	71.023
249.721	139.815	57.625	71.015
249.668	140.095	57.855	70.207
250.403	140.029	56.773	71.258
250.038	140.241	57.570	71.436
249.508	140.157	59.846	70.665
248.881	139.980	61.086	70.549
248.090	140.211	62.002	70.184
247.570	139.484	62.623	72.337
247.280	139.307	62.382	73.559
246.547	139.280	63.264	73.740
245.904	138.617	64.425	72.537
245.664	138.310	64.253	74.258
245.221	138.416	64.539	74.611
245.119	138.238	64.757	75.349
244.818	138.620	65.163	75.548
243.991	138.449	66.009	76.607
244.261	138.286	65.328	78.384
243.433	138.538	65.876	78.415
242.388	138.533	66.534	79.373
241.459	139.421	66.870	79.077
241.757	139.377	65.052	80.175
240.727	140.896	65.022	76.493
241.344	142.247	63.141	74.784
240.010	142.605	62.818	72.451
241.719	145.109	60.573	69.209
239.776	144.787	61.578	67.623
237.593	143.535	62.228	65.664
239.174	142.950	58.801	70.415
238.949	143.837	59.515	69.121
232.976	142.860	63.745	70.464
230.166	145.423	65.243	68.783
230.749	145.741	62.563	66.058
230.817	146.321	61.190	63.093
227.948	147.107	61.487	63.182
221.794	146.284	62.522	60.048
222.592	145.471	61.792	57.714
225.468	147.077	59.801	58.676
225.711	147.523	57.866	58.729
231.514	147.269	52.335	61.151
225.906	146.028	56.939	61.185
230.500	146.048	53.373	60.778
225.698	144.957	57.299	59.368
225.833	143.902	56.521	58.155
229.072	143.957	55.034	58.749
229.891	143.925	53.809	57.326
232.954	143.788	51.929	59.266
236.281	142.074	51.531	60.930
239.164	142.906	50.048	61.181
239.097	142.573	50.463	63.547
234.243	139.621	55.919	60.376
233.037	137.459	57.197	63.039
231.710	135.932	59.387	64.131
230.788	135.100	60.732	62.574
233.771	134.126	58.129	63.405
235.949	132.724	56.815	66.438
237.672	131.737	57.319	68.890
238.227	131.303	57.020	69.815
240.766	131.095	57.245	73.902
241.934	131.345	57.640	71.165
244.362	131.071	56.676	74.878
245.539	131.401	56.918	75.553
246.885	131.478	55.665	74.915
247.637	131.011	54.138	72.514
248.443	130.243	53.179	73.794
249.968	130.922	54.356	72.815
250.739	131.030	55.766	73.704
251.697	130.264	54.939	71.906
252.063	130.135	55.804	72.058
252.554	130.702	57.154	72.123
253.064	130.432	54.878	70.939
253.080	130.488	57.918	68.586
254.172	131.218	55.526	68.771
254.420	131.406	58.537	66.994
253.753	130.975	59.605	67.635
255.442	130.296	61.887	73.377
256.100	130.275	63.415	74.910
254.562	128.814	64.384	76.048
254.271	129.084	64.202	76.183
254.314	130.171	65.493	74.796
252.868	130.391	60.298	69.380
251.988	130.693	59.365	70.443
253.121	130.995	57.965	72.008
251.661	131.965	57.748	73.887
254.197	132.563	57.015	72.706
252.020	133.329	58.059	75.218
254.250	135.032	54.556	76.787
253.546	134.464	55.212	75.857
253.395	135.107	55.671	77.341
250.903	133.446	55.491	79.146
250.429	133.351	55.313	79.940
250.150	134.168	56.835	78.581
250.489	132.252	56.720	77.728
250.335	134.105	55.675	78.414
250.484	133.001	55.621	76.204
250.366	134.996	56.663	76.600
250.193	132.694	55.616	75.570
249.972	134.489	57.416	76.453
250.053	133.990	56.265	75.666
250.884	136.326	55.963	77.081
250.902	132.621	55.790	76.221
251.103	133.816	56.741	78.650
250.823	133.984	54.699	78.250
250.991	134.431	55.864	78.589
250.808	131.184	54.133	77.438
250.488	134.711	58.068	77.469
250.509	134.137	53.654	79.675
250.487	131.414	57.253	77.943
250.446	133.836	54.980	77.215
250.643	136.252	56.588	76.556
250.727	131.459	56.742	77.559
250.491	134.362	54.531	78.044
250.506	133.519	56.857	77.797
250.460	134.214	54.626	77.805
250.004	134.167	55.342	78.045
250.143	133.299	56.100	77.888
250.251	134.179	54.924	77.122
250.306	134.749	56.503	76.815
250.676	134.179	54.601	76.597
250.519	135.291	55.082	76.031
251.147	134.389	53.696	76.944
251.124	132.241	54.814	76.312
251.025	134.883	53.494	76.059
250.887	132.772	54.387	74.115
250.309	135.859	55.114	74.803
250.610	132.785	55.508	74.870
250.304	133.566	53.982	76.733
250.593	134.455	56.240	75.593
251.226	133.346	53.413	79.529
251.114	133.442	53.625	78.135
251.032	133.548	53.956	78.768
250.280	134.657	53.870	77.501
250.177	134.578	55.391	74.570
251.390	133.767	56.210	77.351
250.750	134.345	53.920	76.155
251.094	134.210	56.220	75.329
250.880	134.539	54.365	76.804
251.350	134.366	55.072	75.558
251.336	135.767	55.300	71.130
251.412	134.512	54.759	71.475
251.757	136.750	56.922	69.557
251.750	135.547	54.671	70.767
252.654	134.651	56.404	71.686
252.039	135.477	54.891	72.910
252.835	135.710	55.773	72.768
253.224	134.430	54.869	72.509
251.895	135.514	56.484	72.871
252.989	134.751	56.083	72.530
253.437	134.781	55.224	73.592
253.820	134.645	54.780	73.210
252.701	135.225	55.229	71.816
253.152	136.200	56.600	71.586
253.294	135.964	55.372	71.817
253.790	134.967	54.448	72.824
253.893	134.967	54.196	72.681
253.479	135.263	54.812	71.572
252.415	136.058	55.411	70.772
253.071	135.401	56.315	71.331
252.619	135.352	54.510	74.424
252.647	135.545	55.864	71.159
253.047	135.312	54.821	70.411
252.953	135.263	54.312	71.559
252.626	135.383	55.132	72.479
251.497	135.174	55.713	72.546
251.465	135.567	55.739	71.793
253.358	134.274	55.447	74.686
251.750	136.647	55.601	69.851
252.512	135.638	54.994	71.234
251.568	136.601	55.396	69.368
251.255	136.046	57.684	71.381
250.820	137.053	56.792	69.364
250.292	137.031	58.606	68.304
250.216	135.030	59.265	69.317
249.993	134.285	60.822	68.248
251.556	132.628	62.087	69.491
250.668	133.084	62.875	68.675
250.642	132.065	61.676	70.622
251.358	132.006	62.383	69.312
251.221	132.727	64.341	67.726
251.292	132.692	64.791	68.963
251.347	133.054	60.348	71.620
251.421	133.905	59.647	73.320
251.931	134.212	58.164	77.948
252.679	134.282	57.921	74.835
251.701	133.891	59.020	72.602
251.574	133.682	59.295	71.501
251.569	134.132	58.073	74.883
251.645	134.967	58.360	71.403
251.258	134.977	58.289	70.288
251.056	135.305	58.321	70.866
251.217	135.108	57.997	70.831
251.102	135.037	57.896	71.141
251.064	135.390	57.965	70.075
250.947	135.381	57.861	69.167
251.333	134.932	57.327	71.250
251.056	135.427	58.041	69.390
251.206	135.157	58.255	69.824
251.216	135.311	58.579	69.651
251.143	134.990	58.756	68.332
251.341	134.375	58.597	68.281
251.526	134.174	58.721	70.028
252.151	134.859	58.439	70.507
252.706	135.460	59.173	70.622
252.991	135.329	58.819	71.247
252.875	135.331	58.809	71.220
253.143	135.436	58.729	71.506
253.558	135.731	58.629	71.752
253.531	135.763	58.734	71.546
253.645	135.870	58.808	71.827
253.910	135.516	58.765	71.576
254.059	135.254	59.028	72.413
253.995	135.776	59.103	72.396
254.035	135.852	59.264	72.270
254.306	135.418	59.246	72.998
254.312	135.651	59.495	72.258
254.725	135.436	59.335	71.393
254.995	135.447	59.197	72.835
254.962	135.324	59.648	72.978
255.003	135.059	59.677	72.318
254.886	134.995	60.208	72.249
255.042	134.848	60.149	72.211
254.925	135.157	59.946	72.834
255.158	135.233	59.522	73.147
255.312	135.360	59.336	73.184
255.351	135.724	59.075	72.771
255.344	135.527	59.112	73.635
254.937	134.609	59.598	72.479
254.582	133.698	60.036	72.546
254.583	133.456	59.762	72.784
254.320	134.013	60.188	72.928
253.903	133.520	60.280	72.526
253.615	133.505	60.616	72.735
253.419	133.924	60.530	72.945
253.321	133.779	60.358	73.895
252.968	133.494	60.477	72.999
252.614	133.674	60.297	72.547
252.613	133.258	60.193	73.345
252.614	133.330	59.649	73.329
252.356	133.407	60.020	73.270
252.292	133.280	59.969	73.269
252.227	133.429	59.918	72.829
252.161	133.407	60.149	72.580
252.225	133.357	60.007	72.235
252.326	133.387	59.636	72.725
252.384	133.308	59.808	72.105
252.261	133.677	59.435	72.325
252.226	133.780	59.468	71.901
252.290	133.633	59.481	72.191
252.163	133.287	59.763	72.680
251.969	133.159	60.028	72.936
252.097	133.212	59.706	74.549
251.582	133.243	60.319	73.504
251.582	133.280	60.451	73.196
251.711	133.280	60.046	72.760
251.740	133.358	60.184	72.083
252.001	133.338	59.572	72.374
251.805	133.289	59.813	72.206
251.741	133.435	59.798	71.701
251.908	133.360	59.481	71.679
251.966	132.976	59.580	71.892
251.683	133.504	59.516	71.248
251.553	133.247	59.452	71.376
251.426	133.054	59.351	71.215
251.104	133.102	59.480	70.498
250.654	133.265	59.741	70.722
250.686	133.199	59.477	70.296
250.591	133.075	59.495	71.162
250.262	133.054	59.983	71.003
250.105	133.138	59.634	70.623
249.849	133.123	59.889	69.464
249.952	133.462	59.829	67.404
249.862	133.803	60.355	65.692
249.449	133.692	59.797	66.461
249.133	133.574	59.688	66.868
248.321	133.349	60.464	68.742
248.820	132.582	59.346	72.325
248.326	131.907	60.292	74.155
248.195	126.621	59.942	80.128
247.581	123.691	60.446	84.006
246.331	120.145	61.009	87.234
245.854	116.938	61.855	91.860
246.972	124.187	61.228	85.533
248.023	129.493	59.777	77.519
247.500	130.469	60.520	77.482
247.576	131.117	60.286	76.645
247.078	131.846	60.642	75.896
246.916	131.349	60.943	75.541
246.591	131.070	61.348	76.709
246.360	131.648	61.502	75.907
246.566	131.696	61.158	75.943
246.519	131.507	61.085	76.390
246.599	131.297	61.046	76.113
246.966	130.861	60.565	76.419
246.768	130.805	60.504	76.608
246.787	130.516	60.419	76.612
246.538	130.507	60.223	76.183
246.538	130.558	59.136	76.112
245.799	130.558	59.078	73.766
245.585	130.219	58.478	72.151
245.683	130.295	57.498	71.079
245.721	129.830	57.252	70.415
246.012	130.160	56.675	68.853
246.953	131.180	56.753	68.723
248.041	131.576	55.899	70.079
249.911	132.511	54.878	71.031
253.521	134.315	52.733	72.067
256.573	137.016	53.248	71.247
261.114	140.449	53.494	73.576
261.361	143.483	56.837	72.883
265.020	146.216	56.239	73.820
267.939	148.962	56.571	74.563
270.801	153.153	56.179	74.262
274.983	161.393	55.563	74.374
277.452	164.517	56.304	75.061
277.150	168.251	58.514	70.710
279.716	169.846	58.295	67.556
281.093	169.885	61.518	65.263
282.716	162.901	60.477	63.785
284.953	157.605	59.648	66.444
286.089	150.105	59.851	71.401
285.876	140.701	59.136	72.300
286.186	131.106	57.483	71.661
284.984	112.616	55.044	72.195
283.669	101.848	55.463	67.242
282.376	89.350	53.833	69.961
280.141	75.921	53.626	72.719
277.893	62.238	53.557	75.563
276.399	46.502	53.405	70.515
275.464	35.087	53.865	70.928
274.733	25.512	52.658	72.207
274.284	17.533	52.819	72.413
273.677	13.102	52.766	70.433
273.354	12.889	52.345	65.175
273.386	12.759	52.609	62.018
273.363	14.645	52.743	66.786
273.564	19.692	52.473	69.475
274.024	28.356	52.055	71.118
276.304	40.558	50.604	69.794
276.840	46.623	52.072	67.392
278.535	49.701	51.884	64.599
280.590	51.223	52.408	62.031
282.422	51.687	52.195	61.156
284.584	51.673	51.607	60.796
286.377	50.442	50.891	60.523
287.932	48.683	49.460	62.087
288.880	46.985	49.348	61.995
289.174	45.153	50.752	60.742
291.089	42.572	48.911	61.565
291.548	40.523	49.733	60.567
292.157	38.244	49.525	61.647
293.219	36.821	48.461	61.858
293.262	35.582	49.585	60.143
294.336	33.379	49.227	60.739
295.516	32.136	48.782	59.740
296.470	31.069	48.804	59.279
297.637	30.799	47.622	58.783
297.937	29.777	48.056	58.765
298.781	29.688	46.888	58.332
299.133	29.590	46.886	58.098
299.433	28.843	47.110	58.313
299.396	28.597	47.573	57.863
299.924	28.261	46.891	58.237
299.653	29.446	47.184	57.453
299.568	31.002	47.021	56.532
299.667	32.235	46.250	55.700
299.430	33.732	46.128	55.854
299.380	34.735	46.058	56.668
298.678	36.174	46.746	59.900
299.082	37.794	46.135	57.407
299.138	38.467	45.631	57.898
299.261	39.524	45.247	57.943
299.310	40.371	45.577	56.319
299.554	40.370	45.631	55.883
299.674	40.017	45.481	56.055
299.866	39.900	45.592	55.817
300.238	39.902	45.354	55.692
300.451	39.898	45.241	56.435
300.818	40.480	45.579	55.978
301.165	40.632	46.050	55.358
301.770	40.632	45.566	55.632
302.140	41.342	44.987	54.922
301.745	42.006	46.207	53.393
302.121	42.445	45.773	53.060
302.232	42.673	45.675	53.550
303.017	43.180	44.951	53.028
302.847	43.145	45.348	53.852
302.557	43.022	45.290	56.497
303.057	43.166	45.158	54.386
303.032	43.460	45.572	54.221
302.942	44.422	46.467	57.132
304.133	43.950	44.490	54.991
303.994	44.720	44.560	57.398
303.885	45.111	43.122	61.608
303.172	45.905	42.790	60.827
302.920	44.993	41.218	61.428
304.389	44.484	40.126	59.916
304.567	44.823	40.445	62.418
304.824	45.254	41.432	61.956
305.501	45.251	40.961	60.763
305.126	46.004	41.441	61.118
305.315	46.235	41.523	59.470
304.197	46.173	43.648	57.617
303.173	47.776	46.006	55.799
302.542	48.293	46.910	55.567
303.722	47.366	45.751	56.146
303.158	48.734	46.793	54.858
303.561	49.556	46.731	54.565
304.674	50.300	46.374	55.275
305.818	51.208	45.397	53.953
306.721	51.305	44.602	53.655
307.307	52.041	44.108	53.428
307.457	52.111	44.052	53.525
308.103	52.037	43.441	53.917
307.706	51.957	44.141	54.004
307.917	52.711	44.266	53.455
308.411	53.218	44.216	52.267
308.780	52.609	43.884	54.269
309.103	52.786	45.145	53.279
309.884	52.468	45.549	53.876
310.444	51.946	45.554	54.424
311.169	51.739	45.205	55.079
311.869	51.196	44.559	54.997
311.780	51.286	45.429	55.012
311.807	50.818	45.927	55.126
312.043	50.562	46.014	55.892
312.140	50.135	46.166	55.664
312.232	49.908	46.059	55.397
312.554	49.457	46.213	55.595
312.651	49.570	45.818	55.699
312.623	48.984	45.853	55.736
312.992	48.495	45.417	56.551
312.292	48.324	45.935	56.909
312.005	48.096	46.174	55.938
312.049	47.999	46.007	55.708
312.067	47.675	46.239	55.562
312.165	47.533	45.840	55.849
312.116	47.731	45.800	55.218
311.765	47.153	45.843	56.197
311.405	46.864	46.303	56.355
311.304	46.559	46.061	56.952
311.180	46.649	46.274	56.393
311.285	46.388	46.036	56.557
310.990	46.502	46.301	56.221
310.817	46.360	46.625	55.387
310.531	45.872	47.298	55.694
311.005	45.328	46.184	56.168
310.768	45.476	46.463	56.491
310.792	45.478	46.199	55.914
310.602	45.193	46.410	56.435
310.304	45.249	46.061	55.495
309.870	44.908	46.466	56.254
309.743	43.967	46.548	56.607
309.692	44.279	46.403	56.269
309.496	44.430	46.588	56.185
309.268	44.312	46.428	56.335
309.477	44.512	46.185	56.879
309.279	44.512	46.564	56.879
309.378	45.022	46.495	55.506
309.380	44.344	46.148	57.042
309.403	44.936	45.845	56.208
309.306	45.108	45.926	56.859
309.080	45.335	46.226	56.275
309.089	44.851	46.263	57.652
309.055	44.989	46.265	56.654
309.329	44.678	45.860	56.986
309.254	44.483	45.645	58.468
309.528	45.288	44.906	56.805
309.189	44.984	45.966	57.064
308.980	45.136	46.238	56.642
309.162	44.650	45.593	57.895
308.941	45.391	45.947	57.038
308.821	45.706	45.992	56.840
308.743	45.988	45.895	57.529
308.417	46.877	46.034	56.905
308.205	47.866	45.926	56.265
308.282	48.620	45.631	56.161
308.481	49.973	45.614	54.701
308.702	51.279	45.048	53.336
309.049	52.507	44.749	52.281
309.555	52.728	44.544	53.470
309.519	53.749	44.753	53.321
309.330	53.867	45.302	54.638
307.245	54.166	47.431	56.120
308.261	53.416	46.657	56.014
308.748	52.933	45.945	56.237
309.426	52.860	45.926	56.332
311.137	51.653	44.361	57.201
310.234	52.621	45.197	58.753
312.389	53.578	43.125	55.660
312.269	54.543	43.167	53.701
312.631	54.745	42.826	54.016
312.432	55.309	42.617	53.850
312.066	56.221	42.756	53.862
311.135	56.967	43.453	54.552
310.198	57.728	43.584	54.187
309.724	58.136	43.518	54.226
308.758	58.405	43.863	54.922
307.407	59.341	44.082	53.525
305.753	60.326	44.367	53.096
305.919	61.437	42.212	53.729
305.254	62.214	41.870	53.392
302.855	63.654	43.886	52.275
301.173	64.128	44.312	53.379
299.404	64.765	44.178	53.490
299.519	65.877	42.113	53.149
298.161	67.737	42.906	51.956
298.166	68.340	42.514	52.030
296.836	69.591	42.734	52.097
296.335	70.020	42.642	51.684
296.502	69.855	41.714	53.292
296.439	69.717	41.624	52.882
296.229	69.462	41.786	52.853
295.981	69.672	42.390	52.082
296.229	69.488	42.225	52.404
296.982	69.515	42.124	52.343
297.984	69.515	41.720	52.101
298.525	69.699	41.429	51.247
299.230	69.072	41.494	52.288
299.099	68.819	42.697	52.219
300.531	68.593	42.089	52.474
301.004	68.225	41.556	52.049
301.552	68.181	41.741	52.140
301.542	68.206	42.114	52.050
301.569	68.828	43.192	51.429
301.740	67.906	42.895	52.537
302.143	67.811	42.395	52.218
301.767	67.655	42.592	52.567
302.063	66.874	42.892	53.814
302.372	66.706	42.354	52.602
302.375	66.606	42.164	52.190
302.677	65.359	42.367	52.351
303.067	65.993	42.822	50.653
302.544	63.610	41.556	51.878
304.131	63.940	42.232	52.627
304.280	63.265	41.757	52.085
304.336	62.824	43.059	52.211
304.416	62.525	43.519	52.325
306.745	61.824	43.006	53.080
306.735	61.716	44.569	51.808
306.369	62.317	47.355	55.000
226.912	145.086	34.336	47.820
