305.000	238.000	48.000	105.000
311.249	235.437	48.395	102.020
317.304	234.210	49.084	99.614
321.564	233.008	50.446	98.157
324.149	232.013	51.914	97.646
327.171	230.858	53.377	97.867
330.079	230.117	53.896	97.887
332.675	228.976	54.197	98.642
334.748	228.941	56.102	97.996
336.371	228.722	56.221	98.582
337.176	228.300	55.527	99.465
337.457	228.164	55.096	100.214
336.548	228.878	55.086	99.878
335.236	229.198	54.715	99.943
334.277	229.266	53.724	100.396
333.700	229.756	52.537	99.488
332.893	230.232	52.677	99.159
332.561	230.589	52.313	98.952
331.514	231.082	52.471	98.549
331.007	231.483	52.636	98.521
330.579	231.441	52.286	99.237
329.897	232.061	52.820	98.434
329.579	232.218	53.016	98.938
329.054	232.454	52.637	98.578
328.770	232.655	52.518	98.921
328.222	232.913	52.164	98.274
327.499	233.072	52.559	98.160
326.942	233.250	52.580	98.104
325.450	233.443	52.533	97.697
324.499	233.978	51.900	97.116
323.420	234.267	51.697	97.188
322.268	234.697	51.266	97.277
320.922	235.095	51.737	96.988
320.043	236.274	51.550	97.279
318.945	237.452	51.472	97.629
317.617	240.082	52.807	97.311
316.028	243.088	53.146	99.329
314.676	249.306	55.280	99.713
315.324	256.411	57.035	103.364
315.550	266.705	61.439	105.810
315.379	275.749	65.650	109.920
315.537	285.123	67.951	113.903
315.686	295.424	68.502	119.382
314.728	309.735	69.948	119.691
313.640	321.900	71.213	116.750
313.282	328.274	70.649	117.048
313.663	334.144	69.938	116.811
314.001	337.562	69.332	117.251
314.390	341.336	70.190	115.074
312.892	341.736	71.018	115.229
309.072	341.080	72.332	112.352
305.332	338.839	70.700	111.599
302.128	332.732	69.818	115.086
297.319	325.723	66.910	114.284
290.967	320.586	65.653	115.779
286.121	314.215	66.697	117.538
278.423	308.983	68.436	117.428
271.803	302.796	70.464	116.495
272.298	297.397	65.937	121.074
270.628	292.039	67.721	119.872
270.496	289.103	69.346	119.854
271.654	289.964	70.781	116.885
271.942	285.537	73.770	117.054
272.547	282.504	78.867	115.541
274.020	281.453	79.752	115.395
275.721	279.702	77.686	115.225
277.903	278.448	76.497	116.906
277.873	274.880	75.925	120.045
279.015	275.497	73.714	118.820
279.207	276.568	71.377	116.730
279.725	275.940	67.104	116.017
280.395	268.647	66.115	121.972
278.812	279.445	65.979	113.394
274.985	273.402	66.555	117.947
270.967	272.812	68.916	115.097
270.486	271.821	69.127	107.631
265.755	269.600	72.333	105.629
266.940	264.950	69.970	106.480
266.469	255.424	69.107	108.358
269.707	252.350	67.144	105.139
275.579	252.664	63.442	104.041
280.832	249.072	61.691	107.202
283.028	245.401	64.579	107.718
289.665	241.412	64.489	110.278
294.770	239.785	66.032	112.438
303.456	242.761	62.824	107.915
309.230	236.476	64.671	110.016
313.245	234.144	64.101	111.280
319.346	233.525	60.150	111.030
319.528	235.586	62.078	107.167
320.736	231.132	61.639	107.810
320.201	229.587	59.830	105.976
320.732	231.532	56.984	102.566
320.048	230.545	55.747	100.320
318.596	227.022	56.862	101.784
315.330	219.032	60.436	107.042
317.985	208.081	58.560	113.401
320.468	205.690	59.320	111.465
323.002	197.348	60.154	115.257
326.071	186.863	60.454	121.301
329.452	183.259	61.143	122.844
332.443	183.669	63.510	116.924
334.708	184.110	65.105	113.940
339.049	182.055	62.284	113.547
337.240	177.567	64.526	118.763
339.068	180.651	63.001	116.287
337.657	180.110	62.917	114.167
337.537	181.923	60.609	111.290
335.292	182.178	59.435	108.646
333.824	177.954	57.155	111.914
331.277	179.021	55.228	112.184
329.918	179.801	55.350	114.227
329.233	182.285	55.713	114.539
328.780	184.241	56.078	112.774
328.685	187.968	56.409	109.647
328.341	190.155	56.862	107.890
327.636	190.925	58.966	107.340
325.640	191.445	62.505	107.142
327.166	192.538	62.724	109.443
324.142	194.078	65.085	106.546
325.021	195.045	64.647	106.402
329.261	197.925	59.267	105.624
323.040	197.825	61.155	105.793
319.990	200.944	60.980	101.032
318.992	201.798	58.702	99.339
321.328	200.467	56.021	101.855
322.295	196.303	55.394	106.767
322.748	193.143	56.881	108.130
328.946	192.817	52.935	106.693
332.257	194.580	53.912	104.198
334.328	192.001	55.544	106.044
336.389	191.703	57.074	103.874
335.947	188.367	60.434	107.046
336.305	187.460	59.797	107.061
339.092	188.648	59.838	106.681
336.770	190.282	57.614	104.647
335.459	190.867	57.330	103.206
332.345	190.872	53.904	103.021
328.923	194.402	51.553	103.711
324.564	193.125	54.754	104.555
320.401	195.726	57.962	103.875
317.660	196.428	59.585	103.838
318.307	198.011	59.905	104.261
319.698	197.445	59.854	104.497
324.496	197.033	58.882	104.567
329.074	197.500	56.975	105.588
336.004	196.033	53.846	108.462
340.690	196.453	55.011	109.102
340.931	201.558	59.840	104.613
343.024	202.847	62.048	104.531
340.290	201.342	63.707	107.681
339.483	201.145	60.987	107.568
337.704	202.668	61.200	106.591
332.211	205.585	59.069	102.294
327.544	208.299	53.028	98.263
320.411	212.962	54.885	95.155
319.335	213.221	57.716	96.370
315.635	210.765	58.517	96.784
312.410	200.183	54.656	107.704
314.438	205.630	54.896	102.868
317.148	196.190	53.715	110.587
321.681	190.114	53.814	113.953
328.356	189.938	54.771	113.635
336.470	184.680	53.908	112.522
344.851	186.946	58.007	102.861
346.400	181.288	67.245	104.568
349.581	179.037	70.979	102.630
361.591	183.147	64.874	94.979
359.550	178.872	72.980	95.255
361.458	177.923	74.144	94.503
363.193	178.581	74.527	92.917
363.733	177.884	74.306	94.670
363.639	176.057	68.354	97.033
360.837	176.647	62.936	98.926
357.297	172.795	54.450	104.583
354.094	167.396	52.844	107.585
350.276	171.426	52.404	104.472
346.958	175.631	52.865	99.405
344.285	174.198	52.854	100.588
339.712	172.234	56.064	102.473
337.659	172.886	57.739	101.743
338.887	174.762	57.268	101.773
340.221	175.225	57.131	101.630
342.697	178.434	56.068	100.435
346.063	181.792	54.716	100.489
347.773	183.443	54.374	103.605
347.354	184.939	56.921	102.238
346.336	187.300	57.419	100.474
345.657	182.749	59.761	105.982
345.323	183.703	56.602	106.185
344.555	185.110	54.443	108.020
344.486	189.250	53.588	113.743
340.163	188.690	55.759	118.524
342.960	191.863	54.569	119.233
342.204	202.256	57.705	113.586
344.298	204.432	58.281	115.298
343.264	211.069	62.867	110.398
347.671	203.596	60.646	118.398
349.844	214.800	60.618	106.925
353.768	207.227	57.628	113.793
355.786	218.016	56.475	103.994
357.108	212.353	56.090	107.502
357.273	211.422	57.385	110.391
358.469	208.861	59.517	117.723
361.096	236.016	57.838	99.638
363.295	243.260	52.933	99.661
361.676	255.069	51.637	92.271
362.553	259.648	51.343	87.842
358.847	259.926	52.677	86.830
351.532	258.246	57.115	88.629
346.075	256.829	60.056	88.347
344.466	255.032	60.361	91.698
343.271	254.599	60.917	90.790
343.352	253.196	59.911	92.948
342.830	254.846	57.390	92.791
342.874	255.777	58.550	91.226
345.491	253.945	58.033	92.016
342.787	255.256	61.525	90.437
352.605	259.047	53.240	92.378
356.027	264.779	51.892	85.215
359.723	265.385	48.721	83.929
362.570	266.319	46.527	83.302
365.006	266.714	46.830	86.996
366.036	266.560	48.446	87.484
366.894	262.910	50.865	85.421
367.745	262.971	53.960	85.696
368.861	259.830	54.999	86.531
370.145	254.901	52.663	88.876
370.526	248.968	50.922	90.650
369.649	242.773	50.523	94.139
368.026	239.656	54.710	89.775
366.299	233.368	55.156	92.257
363.825	230.973	57.518	91.954
362.325	228.385	58.707	94.371
360.446	229.089	58.494	90.037
359.081	231.074	56.928	90.046
357.561	233.994	52.462	89.515
355.802	238.587	50.916	85.191
355.156	237.158	48.981	86.332
354.046	234.490	46.819	86.396
353.347	233.250	46.717	88.945
352.903	233.419	46.826	88.309
351.837	237.588	45.873	84.905
351.997	233.474	44.573	90.517
352.035	240.942	45.726	85.008
352.665	240.728	46.636	85.505
354.882	238.987	45.057	86.534
357.574	236.095	45.827	88.140
359.289	228.283	47.882	95.516
360.844	221.038	50.794	102.982
361.136	219.314	51.555	104.875
362.343	218.417	53.629	103.377
363.818	216.564	54.140	101.872
365.104	213.978	54.867	101.896
368.094	213.401	54.478	96.816
369.711	212.117	52.297	94.837
369.847	212.431	54.208	93.803
369.833	213.233	53.905	92.874
370.049	214.012	54.721	92.564
370.942	216.358	53.732	91.588
372.693	216.637	52.861	92.754
371.574	217.698	51.581	92.089
370.740	217.286	51.360	92.816
369.685	219.271	51.239	91.370
368.862	220.324	51.298	90.113
367.158	221.654	51.033	90.182
365.756	221.345	52.962	92.451
364.489	223.956	51.912	90.039
364.406	223.995	49.614	90.296
362.956	223.334	48.822	91.211
362.063	222.925	49.507	91.876
361.564	222.691	48.402	93.149
360.356	224.160	49.919	93.654
359.305	225.981	51.453	91.733
359.344	227.294	51.007	91.052
358.869	226.935	51.214	91.398
358.248	226.304	52.566	91.904
358.761	226.230	52.178	92.358
359.172	227.294	52.450	92.347
359.599	227.167	53.295	92.727
360.271	227.762	54.133	91.368
361.829	227.794	55.008	91.371
362.803	227.164	56.565	91.016
365.588	225.674	55.787	93.116
367.155	227.711	57.334	91.052
374.246	224.695	53.409	92.122
380.279	228.640	50.455	88.707
385.701	223.937	47.030	92.151
387.820	224.781	47.291	92.626
390.814	223.219	46.293	94.142
391.548	222.745	46.746	93.505
392.003	223.261	46.867	92.766
392.585	223.464	46.811	92.751
391.181	222.183	47.871	93.126
387.888	220.911	50.052	94.912
384.098	223.223	53.410	92.526
380.356	223.918	52.510	91.212
375.392	225.547	49.114	91.650
370.368	223.942	50.026	90.614
363.647	223.134	47.721	94.544
357.742	221.193	50.111	95.447
353.678	221.115	49.446	97.965
348.085	221.882	51.642	95.111
343.879	223.477	52.410	96.609
338.285	224.647	55.783	92.970
334.163	227.580	58.539	90.483
329.163	228.287	60.789	88.644
326.727	229.019	64.795	87.677
323.561	228.682	68.382	87.568
321.746	229.845	67.223	89.247
323.192	229.779	65.144	90.611
325.631	229.495	62.315	90.630
327.215	230.021	61.638	88.937
331.920	229.824	59.238	89.471
340.069	230.469	54.890	88.820
344.598	229.142	54.563	89.020
350.132	227.210	53.831	92.714
355.759	226.019	53.556	94.391
362.380	226.727	53.472	93.859
368.500	226.334	54.199	93.989
374.730	224.594	53.697	93.030
379.661	227.543	52.675	89.856
386.897	225.442	48.744	92.423
391.644	227.343	46.764	91.013
395.290	229.359	46.180	88.717
396.920	231.550	45.213	86.305
397.899	228.221	44.100	88.938
397.943	231.298	45.082	86.784
396.385	230.427	45.919	87.219
393.350	233.593	47.819	84.298
390.890	234.152	45.344	84.009
388.007	232.365	45.177	85.574
384.520	231.982	46.656	86.517
381.021	231.924	46.653	84.369
376.474	229.779	47.526	88.703
373.427	227.104	50.253	91.140
370.610	227.035	52.033	91.411
368.840	227.607	52.844	90.662
367.771	226.898	54.136	91.461
365.862	229.193	52.722	91.895
365.735	234.415	54.443	86.416
365.243	237.540	52.272	84.348
365.974	239.881	52.041	81.909
367.314	242.896	50.435	79.428
369.143	245.355	49.118	78.449
370.131	245.316	49.822	78.236
372.736	246.503	49.266	78.006
373.811	246.578	50.001	78.783
376.077	247.669	49.957	78.303
376.499	247.685	50.743	78.039
378.464	247.088	50.041	79.775
380.199	247.619	49.819	80.640
381.070	248.354	49.965	81.450
382.235	248.859	49.021	81.465
380.825	249.394	49.144	83.114
377.935	252.791	46.158	81.220
375.165	251.827	45.196	86.216
371.516	252.638	45.678	85.768
367.724	249.937	44.261	88.786
362.644	250.884	46.400	87.406
357.659	251.459	48.460	87.250
353.015	250.487	50.325	88.219
348.262	252.220	52.137	86.508
343.917	252.485	53.190	84.833
339.263	251.689	53.288	85.320
334.199	250.665	58.390	87.631
331.135	250.035	57.836	88.971
329.573	250.075	58.483	88.208
330.454	248.779	57.338	90.740
330.142	248.341	56.124	91.363
328.456	249.810	55.533	90.586
328.845	256.086	56.156	87.560
331.594	259.294	54.152	87.388
334.176	260.725	51.946	87.651
335.763	261.996	51.413	87.634
336.292	263.770	51.502	86.465
338.959	263.650	50.010	86.292
338.625	265.482	51.911	86.770
340.438	267.417	50.706	84.802
341.246	266.909	50.563	84.434
341.837	266.952	49.913	84.630
340.881	267.767	51.190	85.186
340.415	269.586	51.755	84.473
339.461	269.308	52.476	85.188
336.087	271.707	55.031	83.319
336.370	274.657	55.398	80.803
333.843	276.532	57.899	80.662
333.870	277.162	58.379	79.882
332.246	278.707	56.611	79.162
330.202	278.754	54.875	80.253
327.553	278.443	53.240	81.065
324.838	276.650	53.591	81.844
323.506	278.728	52.806	80.376
322.552	278.493	53.327	80.410
321.194	278.651	52.225	80.552
319.432	279.789	52.798	81.073
319.101	280.630	52.506	80.615
318.820	281.197	52.444	80.521
318.480	279.800	51.596	82.036
318.047	280.133	51.718	82.079
317.101	280.602	52.350	81.778
316.859	281.029	52.470	83.128
315.791	281.783	52.757	81.528
314.774	282.467	53.272	81.369
314.051	280.872	53.230	83.168
315.324	282.147	52.866	81.584
314.324	281.669	53.989	82.371
316.496	282.664	53.509	81.162
316.913	282.654	53.030	81.046
317.156	281.823	52.723	82.776
319.246	283.176	51.810	81.821
318.250	281.904	52.515	82.804
319.507	282.136	51.592	82.754
319.568	282.006	51.478	83.343
320.015	282.669	51.072	82.036
319.876	282.472	51.548	83.051
320.264	282.192	52.478	82.736
322.020	282.689	51.522	82.256
321.872	279.832	51.736	83.998
323.088	278.630	50.902	83.702
322.670	278.247	51.500	83.225
322.578	277.952	51.362	82.671
322.186	279.358	51.183	81.280
320.097	278.851	51.735	81.170
316.700	280.673	54.162	79.503
313.484	280.798	55.262	81.324
311.336	280.783	56.701	83.449
309.732	281.116	56.984	83.864
309.062	282.111	58.271	82.629
306.703	283.619	56.204	82.750
304.477	284.097	54.644	84.418
303.528	284.119	55.399	84.016
302.677	285.123	53.835	84.526
302.638	285.986	54.325	85.984
302.380	288.985	53.004	86.165
302.263	289.892	53.560	84.857
302.404	290.016	53.852	86.681
301.807	290.774	52.494	86.892
302.732	291.545	52.843	85.799
303.973	296.724	52.161	82.768
305.809	297.340	50.337	84.037
306.099	299.496	51.820	83.546
307.483	301.821	51.969	83.008
309.220	303.199	51.299	82.432
309.139	302.897	51.989	82.796
309.671	302.312	52.008	83.721
310.793	301.829	52.175	83.132
310.922	302.016	51.733	83.903
310.882	301.366	52.488	81.383
311.612	300.165	52.049	82.078
311.414	297.387	52.460	81.056
312.422	295.935	51.876	81.152
312.382	294.764	51.597	79.362
312.593	293.776	51.095	78.866
312.440	292.316	50.908	79.063
312.440	291.548	50.908	79.704
312.308	290.855	51.380	80.737
312.079	290.230	51.659	79.858
312.619	289.743	50.688	79.761
312.935	289.777	50.695	80.244
313.246	288.793	49.899	80.815
312.561	287.961	50.639	82.153
312.205	287.135	50.807	82.701
312.206	285.986	50.428	83.229
311.644	284.709	50.600	85.267
311.296	285.083	49.795	85.615
310.414	285.519	48.665	92.299
308.416	286.130	48.387	95.129
307.302	285.669	48.490	97.314
305.981	289.008	49.764	94.844
305.017	284.573	54.351	98.739
304.974	283.239	56.293	100.022
305.616	280.947	56.164	104.200
306.500	285.636	54.047	104.498
303.211	299.926	56.701	97.375
309.387	298.002	52.647	100.721
310.654	309.254	53.451	93.614
315.190	314.559	49.849	90.667
316.112	318.203	49.739	89.365
316.621	320.629	49.433	83.834
315.615	318.984	51.873	85.137
316.197	322.048	52.404	82.853
317.508	321.599	52.272	84.670
319.143	319.282	50.633	85.347
319.063	318.123	50.162	86.439
318.353	319.001	50.314	85.299
318.688	318.446	48.898	84.106
317.552	318.849	45.465	83.589
315.886	318.371	44.653	82.504
310.078	317.740	47.326	83.746
310.077	325.441	53.402	81.915
306.132	329.619	51.689	82.214
300.367	330.596	49.199	81.902
293.157	332.625	50.553	78.328
285.593	333.812	52.338	78.367
279.657	332.629	54.915	81.956
279.834	327.339	58.632	87.097
274.498	327.603	52.383	89.481
274.082	335.074	51.646	80.234
268.113	333.620	55.315	82.927
266.981	332.230	59.960	82.344
266.868	334.922	63.149	77.601
269.579	331.485	65.470	78.934
277.249	328.713	65.016	78.197
289.778	327.964	58.862	78.637
306.192	325.276	56.099	82.244
322.445	323.320	55.354	83.626
341.391	321.706	53.917	85.234
359.053	318.862	52.484	86.100
370.903	314.189	53.817	87.370
397.809	310.515	51.702	83.200
413.089	303.556	56.183	91.339
428.475	305.247	71.716	88.285
433.753	294.547	70.332	97.027
439.289	299.078	73.682	93.455
434.587	304.527	73.961	86.023
432.608	308.394	101.863	79.432
421.937	299.735	63.220	88.943
417.839	305.733	56.946	86.903
415.888	309.434	57.834	83.822
414.947	310.202	56.662	82.706
414.233	305.935	57.423	86.059
415.448	313.961	55.979	80.621
420.388	313.450	69.724	82.626
415.158	313.299	68.029	87.251
410.383	317.763	68.627	89.040
370.767	318.234	64.053	94.734
350.457	325.301	60.292	91.800
329.793	327.879	61.295	85.750
305.571	329.587	52.943	93.918
280.539	329.639	55.934	85.254
258.314	329.013	53.231	88.150
237.589	333.772	52.541	83.330
219.881	332.621	53.991	81.579
206.410	332.807	53.597	81.885
192.465	334.792	60.008	77.704
183.194	333.194	64.914	77.274
176.204	332.165	66.764	80.556
174.055	332.229	65.745	82.363
172.392	334.119	64.821	82.748
172.361	332.583	64.752	84.766
174.789	334.987	70.984	80.681
179.352	328.598	77.587	88.449
195.136	327.222	76.569	94.701
219.707	338.638	64.355	88.823
248.245	340.954	53.738	87.202
271.652	346.366	47.914	87.364
291.447	347.186	47.204	89.848
308.351	344.093	52.233	90.388
323.297	347.124	60.918	88.873
342.550	346.765	57.961	86.031
355.894	344.139	62.676	82.722
375.371	346.524	62.810	84.402
395.937	350.051	80.579	85.069
412.231	355.025	71.527	85.507
406.110	357.086	73.219	83.760
409.900	360.158	69.198	91.117
408.905	356.315	69.601	98.613
411.575	360.770	67.469	97.193
406.605	361.058	65.176	98.239
405.311	367.238	66.028	93.842
392.574	372.293	60.510	79.036
383.586	374.308	53.367	82.922
367.768	373.590	52.742	93.375
355.727	377.073	50.166	88.710
338.222	374.626	47.275	92.656
317.048	336.543	52.965	133.683
297.939	294.005	59.237	182.150
282.345	275.919	59.934	173.623
271.697	233.867	55.598	186.580
269.948	211.869	57.430	159.231
255.866	234.639	55.398	181.346
218.001	252.223	73.159	192.611
208.660	241.339	84.625	210.965
207.151	213.298	86.125	233.540
207.871	196.250	93.053	227.222
174.400	229.679	107.681	215.874
168.387	254.094	116.557	212.915
165.697	244.523	114.233	224.544
166.988	228.809	114.526	232.332
167.503	219.907	125.081	232.733
162.873	223.589	126.435	227.029
167.104	228.999	125.589	224.113
168.179	219.974	125.309	227.981
174.836	223.447	122.220	234.671
192.380	215.644	109.853	231.823
224.899	200.927	81.150	219.741
237.107	211.525	71.151	222.197
255.986	213.867	65.407	241.115
265.771	233.484	67.275	269.004
276.818	226.170	66.822	275.011
280.203	222.829	81.097	255.360
292.220	241.187	80.889	222.997
293.988	245.013	84.832	207.692
297.740	230.282	79.916	207.453
302.039	215.933	85.221	176.380
323.465	225.995	77.589	140.599
323.339	230.531	66.495	121.631
328.703	243.618	70.497	111.019
328.919	230.286	62.814	119.555
326.592	213.798	71.904	131.336
333.508	179.736	73.204	151.581
337.536	194.450	76.591	184.396
331.671	193.445	80.444	164.613
330.761	193.867	67.700	170.214
336.054	191.765	68.156	144.665
333.274	206.887	71.883	139.512
338.711	177.648	65.436	184.269
336.630	205.965	67.575	146.163
335.847	334.185	54.049	117.642
329.097	337.641	50.898	116.199
320.629	348.601	54.866	105.424
315.090	347.653	54.435	101.359
309.948	350.641	52.623	98.778
303.232	350.414	55.681	94.104
296.512	341.293	54.894	102.695
288.095	320.899	53.889	117.903
280.473	292.221	64.409	141.258
271.523	247.087	54.170	160.157
275.441	208.819	55.024	141.186
270.692	209.246	49.526	148.980
266.863	206.331	51.273	136.195
257.975	217.073	51.627	162.468
255.517	211.561	55.933	167.721
247.852	215.253	59.882	174.815
251.125	198.627	59.474	190.002
254.697	187.225	60.141	184.471
245.179	200.994	66.766	174.316
244.236	194.674	73.414	166.030
249.138	201.784	71.037	164.848
250.096	211.628	72.393	165.566
252.149	201.383	76.005	175.185
260.211	202.454	77.750	158.862
280.567	207.508	66.791	167.657
294.322	200.202	67.205	145.212
311.495	193.288	66.487	114.786
321.415	193.485	52.938	122.120
313.800	347.990	57.695	81.035
333.648	338.373	52.335	100.576
354.805	347.018	50.425	95.067
369.828	349.526	50.833	94.428
382.678	348.120	54.796	86.732
412.473	359.686	68.079	84.763
412.538	358.665	65.336	85.946
411.814	356.834	70.589	87.028
402.878	354.850	78.223	84.837
382.295	347.044	84.328	87.611
387.270	343.872	59.404	89.274
383.140	344.300	57.517	86.844
385.480	351.348	56.148	81.633
381.283	349.761	52.773	81.172
378.029	346.175	53.601	83.558
379.920	347.564	51.391	83.420
378.507	347.111	52.035	82.197
381.279	345.642	49.698	83.055
382.276	346.749	52.806	82.260
383.658	349.160	50.908	78.836
384.400	349.047	44.850	77.711
383.552	347.911	42.561	80.018
382.183	350.990	42.020	76.775
381.051	351.296	41.794	75.549
379.778	350.662	42.403	75.024
378.850	350.132	41.787	72.719
415.137	373.888	39.286	81.312
409.495	373.356	42.697	78.816
406.621	370.823	42.923	82.635
401.721	369.492	43.736	86.135
398.755	359.270	44.474	98.804
399.477	363.175	44.643	93.114
399.709	346.139	42.106	108.979
396.605	353.176	48.206	104.734
393.785	359.525	54.585	98.453
393.017	361.233	52.401	97.029
389.775	369.406	48.891	91.801
386.653	370.572	48.204	85.552
385.043	372.209	44.904	83.936
382.078	370.782	44.055	84.557
374.841	368.137	46.925	84.240
369.406	367.560	50.404	83.715
366.774	363.153	49.950	90.144
362.981	366.669	49.957	87.909
357.827	362.557	49.738	89.807
353.169	361.747	44.722	87.931
349.226	369.917	45.158	81.284
342.876	366.367	47.751	81.940
338.299	360.705	49.529	86.495
330.624	347.407	51.739	101.045
323.408	344.512	54.051	103.402
316.728	346.855	56.219	98.842
314.162	349.613	52.450	92.398
312.325	346.628	47.714	94.890
306.735	343.444	46.978	95.569
302.275	341.213	47.261	92.991
298.394	339.218	46.827	91.462
295.335	339.365	45.617	87.359
292.328	341.221	45.737	81.452
290.387	343.889	47.108	76.658
288.803	343.864	46.894	75.555
288.073	344.889	44.098	73.827
286.549	344.241	43.476	75.466
285.288	342.296	45.258	80.486
285.603	341.955	46.805	81.873
287.487	342.744	46.837	85.199
290.338	347.488	47.304	82.069
297.682	346.805	46.137	83.903
306.960	339.967	44.932	94.139
314.072	344.199	46.116	91.161
321.269	338.918	49.067	89.714
335.841	335.836	47.437	87.723
350.384	332.290	63.160	92.141
360.770	331.121	63.691	91.098
368.114	328.410	56.230	89.861
376.357	326.686	55.277	93.245
378.276	319.651	62.560	99.271
378.028	322.296	69.335	95.617
380.756	319.669	71.184	95.832
384.023	319.021	69.008	97.996
388.622	316.430	67.218	97.271
388.952	313.166	62.474	99.434
388.069	311.914	63.911	105.137
383.890	309.410	71.838	105.335
369.257	302.507	67.421	93.664
358.161	299.150	54.773	91.570
349.218	311.113	54.737	88.987
333.670	301.831	55.212	90.292
319.840	310.082	50.823	89.337
306.291	304.290	51.313	88.188
294.270	310.835	52.440	78.995
283.177	305.807	46.740	79.118
271.648	307.561	48.981	74.285
262.749	302.254	47.354	74.620
255.276	301.019	45.362	72.803
248.875	299.310	44.267	71.281
242.949	297.722	44.938	70.606
240.922	297.520	42.590	70.148
238.987	299.064	42.324	67.341
238.237	298.444	41.264	67.905
237.600	299.806	41.775	66.417
237.993	298.823	42.069	67.700
239.430	299.388	45.293	69.029
242.324	299.028	51.769	72.329
250.605	303.538	51.279	71.992
261.687	310.833	51.622	67.728
274.883	314.227	51.436	68.147
291.901	314.212	49.302	70.517
306.012	310.115	50.091	74.863
318.138	308.261	55.000	75.988
340.749	306.817	53.520	72.321
360.645	301.275	55.709	77.102
371.430	289.299	59.584	82.640
378.036	283.267	67.289	75.959
425.890	305.958	58.399	103.138
416.756	273.712	59.286	126.229
420.864	262.042	66.828	112.343
424.802	257.155	70.287	101.154
430.514	247.747	66.902	100.080
432.086	252.850	71.130	91.386
433.261	255.269	71.584	88.490
430.754	254.801	73.273	90.789
428.626	249.556	69.253	95.180
422.094	258.741	65.582	82.273
409.731	281.771	54.134	116.932
407.408	291.279	60.829	116.551
397.634	303.932	73.537	105.898
379.596	309.024	68.245	79.885
360.831	297.796	62.485	93.379
351.253	309.313	67.564	89.524
332.770	323.301	52.138	88.879
319.784	314.629	50.193	98.582
308.359	318.776	52.328	99.618
296.050	320.336	58.283	91.689
283.729	321.903	59.702	83.365
269.397	321.150	50.718	79.418
265.065	322.693	51.869	73.858
256.392	317.233	46.325	74.134
252.638	316.645	43.304	70.346
249.316	317.764	42.482	65.602
246.131	317.091	43.108	63.221
245.034	313.396	42.545	64.445
243.798	312.399	42.651	64.881
243.871	312.157	42.521	64.554
245.527	313.841	41.866	64.129
247.209	319.803	41.880	62.599
250.610	320.759	42.073	64.773
254.509	320.711	42.875	68.933
264.838	325.058	40.759	68.167
270.262	328.942	43.296	68.506
281.225	332.060	41.219	68.099
289.304	328.024	42.487	71.530
298.921	324.752	42.328	77.076
308.183	321.781	45.939	77.885
320.070	316.197	45.022	77.483
327.608	311.317	48.145	76.362
337.901	301.871	49.661	76.150
352.033	295.007	46.440	77.627
360.705	289.765	46.464	73.830
364.570	284.785	51.292	73.558
369.440	279.474	58.317	71.966
376.076	280.225	55.511	69.993
383.203	280.288	51.782	70.136
383.361	279.065	53.689	71.203
380.599	275.149	57.937	76.909
389.837	263.698	49.578	94.030
382.098	259.258	56.926	103.448
380.643	270.675	56.033	101.821
376.537	283.514	57.131	103.608
372.393	295.661	55.362	99.050
370.644	299.639	54.414	104.550
360.858	317.981	50.957	89.950
352.959	329.185	46.810	85.592
344.259	330.078	47.157	86.460
336.665	324.125	46.627	92.765
327.325	325.965	49.046	91.048
314.985	321.048	53.158	93.096
312.157	320.331	50.245	107.345
305.068	318.697	55.118	104.521
304.691	318.459	56.692	117.104
302.034	316.985	61.592	125.170
299.081	315.704	69.418	128.728
297.346	312.908	69.726	133.050
295.687	309.528	69.681	136.365
300.326	280.596	65.987	145.450
298.176	297.551	69.402	143.132
302.029	236.496	60.318	134.850
313.295	180.711	55.157	143.180
319.170	187.946	55.482	140.712
317.581	196.616	61.597	138.850
311.196	210.957	66.911	141.097
304.222	303.455	62.200	111.636
314.116	304.078	59.175	101.088
320.344	305.739	66.084	102.202
342.871	310.311	54.155	95.732
351.831	315.932	58.674	87.451
365.182	321.660	58.466	74.154
385.457	320.882	51.688	66.718
395.791	313.636	49.147	68.871
398.748	293.845	50.948	77.423
395.965	283.918	59.415	71.958
410.271	282.797	56.999	72.604
411.887	283.613	58.746	71.937
412.503	283.201	58.680	68.381
414.327	280.851	60.173	68.128
416.258	280.311	59.673	75.678
416.491	273.590	59.858	81.677
416.682	278.869	55.509	84.569
415.473	297.471	51.665	77.993
409.793	307.648	48.401	77.081
400.754	326.907	45.795	70.068
396.114	329.788	45.883	73.326
385.213	333.118	44.850	71.101
371.936	337.214	44.289	72.623
360.702	333.823	43.137	74.225
351.056	331.997	41.812	76.917
339.214	328.147	42.141	79.223
327.295	316.932	44.211	91.639
314.638	305.474	50.549	106.598
308.745	315.446	51.808	124.792
304.171	311.085	64.476	132.548
296.083	315.946	70.802	131.584
294.775	312.545	78.745	137.542
293.076	308.538	76.237	141.010
292.439	302.628	78.630	144.109
296.672	299.734	73.032	144.310
296.769	300.400	72.822	138.053
316.627	191.916	52.859	147.598
316.489	195.226	73.984	154.261
296.808	197.323	64.703	137.927
312.650	185.493	53.791	142.525
316.052	189.548	54.005	128.426
322.615	185.414	48.237	109.422
324.231	187.856	49.249	116.810
327.831	186.973	49.274	108.989
337.700	195.850	45.924	129.974
348.468	185.753	52.104	119.989
345.238	185.358	48.952	107.902
349.699	317.956	74.212	78.125
370.429	305.574	64.666	80.556
384.478	299.213	56.472	80.277
394.212	297.777	54.702	71.646
401.699	295.201	55.367	68.287
402.907	292.262	56.109	68.984
406.227	290.783	56.464	67.282
406.853	291.066	56.363	64.780
406.274	289.935	56.776	68.524
408.358	294.567	53.938	66.530
405.373	297.927	51.414	69.993
401.314	302.437	47.038	74.723
395.682	309.598	47.174	72.714
386.073	322.338	47.542	69.848
378.104	319.917	48.697	76.226
368.508	326.786	52.843	74.110
356.418	327.017	47.156	80.097
343.512	317.552	46.441	89.483
330.017	313.797	49.011	101.341
320.775	309.973	59.525	101.807
313.052	310.525	74.833	106.089
306.702	319.972	59.707	125.279
299.816	322.704	66.630	127.335
292.281	322.238	73.277	126.455
287.707	321.935	80.378	127.461
278.182	296.182	76.483	125.279
281.575	295.542	73.078	131.319
288.272	300.618	80.161	135.127
290.971	273.678	77.367	147.334
296.948	237.220	80.890	134.186
309.362	194.219	66.114	142.301
302.302	205.152	70.043	135.571
308.297	196.495	64.738	143.128
312.980	196.406	64.436	143.812
316.983	192.985	63.731	144.180
316.648	197.233	66.657	150.857
305.366	285.934	68.131	135.538
308.562	294.024	75.001	105.018
312.072	302.487	88.091	88.341
339.022	231.642	75.953	135.906
361.084	255.805	75.681	121.812
374.015	257.233	64.600	100.793
382.921	245.825	61.148	101.695
387.245	217.038	60.519	113.749
384.112	193.982	64.732	124.869
386.446	153.267	62.083	113.300
384.892	137.476	66.179	112.803
385.615	125.953	65.438	90.042
370.349	116.538	74.081	67.375
371.379	113.612	69.390	59.160
370.935	111.817	65.072	64.639
368.454	111.172	65.917	64.068
348.985	110.850	80.345	67.889
324.099	117.853	76.463	78.650
336.712	124.912	83.976	83.939
344.600	133.237	87.048	87.060
338.838	136.252	83.649	80.380
347.698	134.007	82.741	79.045
359.189	140.916	73.906	75.353
343.597	136.239	77.937	76.958
364.792	139.873	66.891	80.409
339.734	142.075	83.697	71.486
340.470	143.846	79.523	72.885
333.646	145.132	80.570	68.284
323.313	142.687	92.465	68.904
333.383	138.454	89.707	76.910
326.499	140.486	87.348	73.312
323.630	142.599	88.972	71.733
331.840	149.491	80.219	75.472
340.265	164.039	74.947	74.301
337.008	171.727	78.446	65.659
343.418	176.265	76.712	66.055
340.328	177.839	78.611	77.734
330.035	167.256	74.867	99.130
340.252	171.152	71.197	144.272
336.572	174.155	83.818	117.443
334.964	177.209	91.042	63.707
339.966	181.988	89.348	58.533
345.079	183.104	93.520	59.722
371.770	192.787	77.090	58.440
378.632	187.839	74.325	66.639
382.655	183.141	75.249	67.112
391.865	188.135	76.175	72.725
398.534	179.881	81.316	67.907
402.857	170.374	84.482	77.208
418.134	182.416	80.108	71.569
425.690	187.011	72.693	69.219
419.355	194.732	78.743	67.877
404.632	193.931	83.910	68.760
398.324	210.863	97.903	62.863
390.560	195.554	86.408	80.075
380.599	191.802	68.301	97.308
368.329	226.931	76.213	89.883
339.130	241.984	70.540	89.133
331.462	241.436	70.726	86.141
331.398	245.973	68.555	86.885
319.820	245.305	71.990	86.608
320.232	248.688	67.367	85.436
318.767	246.734	66.947	81.807
318.264	247.406	66.244	86.526
316.290	244.625	67.981	83.969
316.591	242.146	69.269	90.587
317.945	242.069	69.997	90.399
319.628	242.583	72.600	91.886
321.156	242.063	71.202	95.364
321.385	239.059	74.071	96.948
322.520	227.380	78.043	95.396
323.933	232.380	73.571	104.528
332.965	223.579	70.969	111.081
329.665	230.321	75.671	107.444
328.579	229.159	77.880	108.013
329.055	225.796	76.468	107.079
325.187	227.804	76.209	108.289
327.089	229.135	74.058	104.595
341.293	228.584	76.716	106.484
330.748	233.461	74.698	106.732
324.674	237.328	78.408	100.967
326.608	238.073	77.416	100.760
323.627	235.659	80.504	102.754
320.837	242.228	77.020	98.235
322.236	240.803	72.378	97.333
322.651	240.180	70.609	97.803
322.350	234.021	71.992	102.946
321.990	234.665	68.144	101.629
317.900	231.325	69.305	104.648
314.540	233.636	69.377	106.101
312.318	231.708	71.676	107.396
308.700	231.007	75.534	99.363
310.202	239.608	74.524	98.631
310.499	242.774	74.262	95.256
311.676	247.241	75.951	89.825
309.935	246.756	81.528	88.121
311.852	245.232	79.406	88.584
313.398	250.239	78.383	85.312
312.893	248.601	77.349	86.716
314.923	245.923	77.612	89.438
316.639	245.879	73.682	90.995
324.047	244.542	68.677	92.040
327.028	242.756	66.770	90.832
325.497	240.844	70.946	91.908
325.542	237.516	69.506	97.403
330.239	236.953	66.605	99.884
334.280	234.137	65.533	102.165
354.846	221.876	61.282	112.465
357.339	217.379	64.763	112.423
358.735	218.235	60.484	111.825
368.648	201.491	58.945	96.461
370.334	194.023	58.529	84.263
376.598	199.110	55.690	76.717
381.247	201.540	50.783	70.004
382.877	199.940	48.395	65.272
385.348	203.106	46.983	65.338
378.938	185.045	57.673	76.826
378.021	187.434	63.343	85.267
367.307	184.993	70.938	112.515
353.089	207.964	74.192	122.714
361.220	208.455	72.245	120.453
374.969	213.924	68.819	120.248
380.125	216.469	68.106	109.532
377.619	203.472	65.342	133.480
384.919	201.153	74.460	121.564
388.557	213.710	61.289	122.443
378.487	221.120	59.516	112.234
379.854	222.075	63.920	108.192
369.591	222.630	62.541	109.693
358.025	208.605	63.885	114.319
362.205	209.547	66.072	114.089
366.553	201.283	76.645	118.126
349.202	205.905	71.939	127.819
336.654	207.282	63.763	126.174
352.261	185.626	72.566	89.161
382.866	181.677	59.261	81.393
391.880	183.414	55.233	78.130
388.183	183.408	52.633	73.856
383.462	182.199	52.331	72.753
383.913	177.704	50.416	75.267
380.030	175.609	51.684	77.745
377.638	179.061	54.146	71.650
376.119	181.926	58.441	66.793
366.597	180.216	65.211	64.569
361.851	184.329	65.356	53.275
355.118	185.080	67.179	51.603
355.665	189.451	72.444	49.901
352.397	187.783	69.770	53.212
369.593	192.700	67.810	55.826
386.557	197.535	61.405	54.749
391.223	206.444	60.299	51.727
403.589	206.184	61.538	64.586
398.458	201.306	75.617	63.879
408.270	206.048	80.623	80.795
404.906	198.102	81.420	83.900
421.019	195.060	94.297	93.315
425.641	187.024	92.576	113.700
408.381	181.585	98.441	97.402
427.632	180.012	87.408	98.552
421.491	175.258	88.224	105.263
417.306	168.295	89.777	120.534
416.970	155.213	91.675	126.014
412.344	158.982	93.305	130.605
410.865	143.785	102.929	135.005
406.139	137.020	101.659	146.847
397.848	152.026	111.748	173.066
396.477	167.353	102.899	165.781
393.433	153.819	101.666	180.598
392.048	145.745	100.409	182.204
390.203	129.590	98.702	172.752
392.387	129.385	93.329	139.656
395.497	136.748	90.954	109.905
409.230	130.117	76.118	93.128
412.148	124.458	64.684	88.867
414.357	126.227	57.176	81.071
415.363	123.230	54.589	77.606
417.611	122.289	53.128	80.587
413.502	123.068	54.097	79.064
414.234	121.863	53.828	80.535
413.956	122.003	53.279	80.564
412.836	125.121	52.757	82.738
412.721	123.486	52.590	79.353
412.885	129.217	52.289	79.457
418.438	128.082	55.397	82.412
417.936	123.082	50.248	79.707
422.102	123.694	52.656	83.918
422.566	129.153	53.108	84.186
426.913	132.362	55.303	82.007
425.713	138.359	57.225	83.443
425.217	140.612	56.307	87.345
434.345	134.423	57.119	89.681
432.429	140.310	56.975	83.393
436.771	136.727	53.974	87.088
438.347	144.768	56.252	80.142
442.302	141.962	53.024	79.879
443.205	143.475	53.092	78.970
443.168	143.930	51.437	79.034
444.560	135.493	49.879	86.534
443.123	143.422	53.859	79.755
445.986	140.239	50.690	82.193
447.839	142.053	50.188	80.669
449.242	145.730	51.211	80.286
448.656	143.380	52.577	81.963
453.124	138.628	53.913	81.577
452.653	139.355	56.603	80.531
443.525	136.159	64.515	78.893
441.053	135.334	67.601	81.901
447.270	132.551	63.989	85.019
443.834	132.249	61.537	80.112
448.744	125.523	61.605	81.790
452.941	117.221	52.365	87.719
451.474	111.550	47.271	91.211
451.494	115.866	47.415	87.686
448.380	117.167	43.200	87.961
445.571	121.544	50.843	84.134
443.961	128.108	53.190	82.084
445.249	122.292	50.611	85.209
444.332	132.181	54.430	78.570
444.589	128.103	52.390	79.992
446.586	129.091	51.379	77.382
449.022	129.222	49.191	77.384
449.026	126.451	48.182	77.595
446.821	126.940	50.200	75.665
438.026	129.768	54.622	72.178
443.333	138.679	58.999	72.364
426.948	125.436	59.751	84.852
428.949	129.663	65.258	83.175
427.430	123.256	65.003	89.325
428.851	123.489	65.304	86.870
427.359	130.403	66.395	82.946
430.756	125.812	64.396	86.687
430.716	126.759	64.656	86.387
427.764	125.695	67.500	86.358
427.573	123.721	65.987	88.341
421.224	127.061	70.532	83.643
425.692	129.168	69.410	83.293
420.045	125.846	69.751	87.421
417.257	126.412	70.206	84.820
421.216	130.267	72.487	83.459
423.687	124.608	69.019	87.033
423.313	127.475	68.077	86.187
423.317	129.945	69.439	83.330
422.785	124.645	68.929	86.584
420.251	131.027	67.535	80.897
424.289	126.946	65.351	84.865
424.375	139.947	65.557	76.743
424.087	129.362	63.782	84.648
424.155	128.191	65.450	85.144
424.587	131.310	65.729	83.265
425.478	128.287	64.088	86.171
425.439	124.833	63.650	87.675
424.447	131.019	66.180	83.726
427.423	128.989	65.559	86.013
422.975	126.704	71.441	86.226
421.584	121.639	68.250	90.430
419.714	124.236	68.499	87.046
416.587	126.838	69.042	85.319
418.836	127.106	67.259	85.890
415.199	124.152	66.465	87.149
416.880	126.122	71.436	87.966
420.304	123.717	67.799	87.652
422.963	125.677	64.158	84.954
423.164	126.821	66.054	85.815
422.622	124.450	64.959	86.225
422.589	126.548	64.912	85.739
424.756	127.484	63.776	85.853
424.521	127.682	66.222	86.302
420.069	126.240	70.664	87.834
421.752	120.087	66.621	91.697
419.746	124.847	67.711	87.902
422.195	124.334	65.394	87.645
420.866	123.812	66.983	87.786
423.007	124.228	65.891	88.004
426.341	125.767	66.885	86.347
426.586	125.938	66.349	86.712
429.300	122.910	65.228	88.881
423.956	124.979	65.360	87.885
422.850	121.444	62.060	88.361
427.127	123.583	62.754	85.987
427.750	123.316	62.286	84.429
429.459	120.353	59.323	86.596
428.550	121.760	60.415	83.096
430.008	120.603	57.898	84.977
426.873	122.497	61.379	83.886
425.064	122.389	63.297	84.029
434.300	126.595	61.705	79.431
438.768	127.441	61.621	78.950
435.188	132.368	65.441	74.274
441.129	137.470	67.700	69.208
449.060	137.312	73.181	65.425
439.876	138.714	73.933	73.426
449.231	135.190	81.317	74.765
432.993	129.615	85.339	76.919
446.849	130.805	89.250	74.000
439.645	129.937	91.063	71.833
444.166	134.111	86.319	68.733
456.007	133.429	82.285	65.053
469.514	136.315	78.310	64.807
459.592	136.009	78.555	64.104
460.182	135.453	82.640	64.561
459.294	134.618	85.610	65.762
458.741	132.108	89.973	68.876
457.362	131.399	93.485	69.525
455.436	133.417	88.068	67.573
444.336	135.335	91.299	66.622
427.112	137.664	84.225	69.506
437.707	142.461	76.696	74.975
454.126	133.776	72.938	78.168
454.998	125.233	67.099	79.681
464.903	118.026	64.565	88.282
468.813	114.881	70.856	94.411
481.871	121.583	71.710	89.925
464.685	115.384	80.117	93.604
455.614	127.107	84.120	82.676
471.472	131.241	82.299	77.166
464.757	137.162	80.255	72.603
452.169	153.925	75.575	67.893
455.684	166.752	80.237	69.030
460.366	165.834	81.109	77.015
464.171	166.787	81.411	83.140
467.063	173.804	75.102	86.475
466.596	184.302	68.798	76.268
466.534	194.558	74.366	69.113
466.692	192.829	70.296	71.393
466.578	195.728	63.272	67.809
467.944	194.592	59.089	69.241
469.191	198.386	51.982	66.792
468.586	190.825	50.675	70.313
467.658	180.077	44.880	77.179
466.829	161.245	47.121	104.243
464.272	156.731	48.582	116.327
458.305	152.945	52.468	117.774
451.989	155.318	54.127	111.675
444.250	156.630	55.290	103.504
436.021	130.797	68.889	101.559
418.809	149.836	67.803	100.135
419.125	147.081	69.378	107.316
413.399	141.700	70.659	117.586
400.943	142.409	74.593	114.975
398.962	154.011	71.244	117.844
393.335	155.072	74.088	105.465
393.578	153.763	70.272	101.731
389.443	159.220	69.436	104.505
389.072	156.421	71.173	106.929
387.297	161.876	70.530	101.169
382.567	164.740	69.896	94.220
376.887	178.173	72.956	86.192
372.302	177.616	78.753	76.909
361.635	178.080	80.988	80.784
345.985	181.755	84.712	98.146
338.216	200.304	65.137	122.506
340.792	193.380	62.789	132.613
331.740	198.113	65.391	129.703
334.129	191.667	66.465	133.881
326.835	198.251	62.256	131.069
323.989	186.970	71.264	140.942
318.103	179.235	81.287	139.544
312.436	193.700	82.607	140.066
324.220	184.650	100.477	98.488
326.809	182.785	97.208	91.977
334.513	179.089	95.655	77.651
306.721	181.152	102.608	93.933
337.141	175.521	93.320	74.361
344.856	177.468	82.715	75.400
327.878	185.979	91.295	92.268
311.984	198.334	78.952	125.882
315.884	203.753	72.754	128.280
321.146	195.575	73.911	138.306
327.338	185.671	76.721	144.858
322.058	197.722	66.298	135.754
323.611	190.100	66.277	141.322
322.589	185.017	65.471	141.881
317.213	182.025	67.414	141.886
313.594	168.592	62.541	147.469
314.728	152.448	69.758	161.651
363.931	139.143	99.281	131.322
375.233	118.096	107.805	110.857
393.197	103.316	104.035	133.522
398.897	110.450	92.614	129.551
411.178	112.078	99.475	125.673
430.360	121.782	75.654	126.612
416.302	143.750	83.638	109.656
432.404	144.171	75.442	124.369
438.312	148.225	76.855	108.597
444.205	157.127	73.780	125.352
430.141	164.245	71.217	148.327
427.342	222.888	54.221	116.554
433.494	225.563	50.839	118.479
433.375	232.562	60.341	116.419
391.790	225.396	73.512	124.603
401.208	142.901	101.519	130.629
404.022	128.490	99.122	122.855
391.029	124.043	96.877	123.801
391.798	147.042	99.244	101.017
399.683	156.733	89.597	88.266
401.156	155.508	75.026	97.464
402.745	165.929	66.597	92.602
414.540	164.229	56.030	93.419
418.191	154.329	56.261	114.921
414.611	156.261	55.997	105.522
409.098	156.663	54.407	117.143
400.559	151.414	61.674	110.259
395.348	162.983	60.935	115.909
380.643	160.963	69.880	103.151
351.945	165.276	84.760	111.970
361.095	137.498	87.107	120.046
378.592	144.015	87.417	115.227
385.537	129.334	81.542	102.972
395.392	139.524	71.163	98.383
398.948	149.441	67.717	94.500
401.750	155.165	57.126	109.002
399.157	156.554	56.261	114.240
397.275	154.909	57.767	107.265
390.582	142.491	73.814	89.528
389.669	146.719	81.328	99.822
416.508	160.711	90.976	88.865
372.149	162.840	109.346	82.761
357.707	160.573	84.474	78.584
369.048	167.907	77.634	78.499
381.915	168.810	66.228	92.471
398.498	164.985	54.785	101.402
406.178	163.854	50.002	101.940
407.815	171.683	47.975	100.904
413.789	169.623	46.790	101.995
416.773	173.820	45.531	97.947
416.639	174.258	46.153	97.555
410.022	173.888	50.285	94.998
403.170	178.369	50.608	94.852
386.717	172.018	65.414	90.720
368.939	182.340	69.791	94.872
354.688	178.026	72.057	85.912
351.812	178.853	72.642	98.977
359.203	170.336	82.313	106.766
375.757	161.135	84.720	104.473
374.869	156.556	90.103	111.522
381.185	171.225	97.725	98.263
387.089	170.813	96.049	92.281
400.340	176.032	89.109	85.179
395.336	179.194	90.600	81.723
402.391	182.172	89.763	77.519
410.401	178.135	86.887	76.436
409.580	182.226	82.136	83.613
427.841	180.074	71.216	76.185
421.018	184.007	70.565	72.650
437.567	185.583	57.678	77.350
443.371	184.043	53.173	75.273
445.768	180.778	52.346	79.828
439.292	177.132	57.874	83.545
437.684	160.632	65.985	92.813
416.060	198.281	80.872	79.884
419.115	192.056	78.972	68.824
415.486	180.359	76.617	87.501
419.321	181.951	82.868	82.536
431.321	164.647	91.498	87.895
433.661	167.805	88.752	77.984
412.569	172.694	78.905	73.729
425.461	168.444	78.186	64.619
412.900	168.551	68.904	73.036
415.402	170.131	59.572	77.017
408.264	180.540	61.732	68.850
406.322	188.191	62.884	66.800
402.900	187.061	64.422	66.859
406.396	200.219	61.941	63.868
415.455	189.845	69.283	65.636
425.992	187.075	75.281	66.811
435.901	184.275	68.374	67.449
435.441	183.289	68.857	68.358
432.590	184.955	69.005	73.164
438.282	184.690	63.951	70.378
437.558	184.415	66.533	73.746
436.826	184.718	63.787	79.385
437.878	186.015	66.272	77.703
431.805	184.454	68.781	73.892
438.128	185.693	68.776	66.111
428.993	184.146	69.163	68.856
433.087	185.805	68.778	79.835
429.472	182.606	65.738	86.645
422.302	181.562	73.244	81.629
422.217	174.316	74.251	86.022
415.810	170.245	63.292	94.301
412.840	160.108	79.484	88.927
418.405	157.699	67.732	93.036
433.564	146.346	65.773	80.824
432.889	150.481	62.325	80.872
434.605	145.672	63.855	81.360
430.434	145.035	69.060	76.320
430.306	143.421	72.251	71.951
432.610	141.212	73.303	61.127
431.351	137.498	66.376	67.113
433.074	137.386	69.210	59.978
435.989	136.928	64.082	61.400
437.502	136.726	61.897	58.057
439.240	137.202	61.751	55.681
438.167	137.506	60.659	54.625
438.606	135.824	58.829	57.550
439.737	134.001	61.336	57.856
441.993	132.002	62.517	56.284
446.286	131.120	62.637	57.268
446.153	130.063	65.456	57.143
446.970	130.564	66.055	55.679
451.260	129.199	66.959	55.883
448.727	128.712	71.029	57.263
460.316	129.556	68.381	59.006
463.925	129.754	69.922	57.475
459.201	134.903	70.719	54.175
454.451	134.522	77.051	55.308
465.583	131.873	70.651	59.738
456.870	133.880	76.473	59.168
455.873	133.577	83.205	61.541
471.176	144.194	69.851	68.362
459.335	135.876	77.385	76.256
473.303	143.395	86.796	86.057
491.090	149.540	91.912	87.285
465.306	143.675	91.743	100.207
451.195	143.841	89.421	116.544
438.706	152.646	97.281	117.631
434.924	150.843	87.386	120.839
416.526	161.100	88.354	121.525
397.589	174.481	81.119	132.606
373.562	215.609	80.078	111.154
362.759	231.850	74.398	88.723
353.320	233.577	72.867	87.366
343.184	239.929	76.101	82.270
345.021	237.066	78.392	97.533
326.651	240.029	85.409	94.629
352.432	318.087	67.640	80.998
348.021	324.671	67.790	93.212
344.153	320.184	66.018	120.852
315.161	310.156	73.335	146.950
317.311	308.708	86.830	151.176
392.338	147.101	72.490	130.973
379.113	148.023	83.055	154.453
405.190	127.547	83.918	170.122
395.687	132.608	88.111	181.682
399.456	103.848	97.081	174.026
392.119	110.859	92.290	175.147
395.078	120.284	105.788	181.567
409.142	139.212	103.756	186.605
398.957	115.607	105.476	164.706
389.613	118.647	112.007	111.080
425.499	139.977	95.758	126.380
449.469	156.118	75.941	112.761
452.776	171.809	68.749	97.465
447.447	172.141	62.913	100.367
429.369	159.226	66.889	92.778
424.188	154.556	64.388	73.896
428.944	148.073	59.160	72.203
423.091	148.216	57.688	68.542
421.979	150.767	56.490	67.810
419.903	161.170	56.178	62.852
419.930	165.513	56.458	58.646
417.273	165.060	55.618	61.290
415.178	168.722	59.159	60.025
412.879	169.301	62.081	60.441
410.611	177.391	68.814	66.354
400.334	179.780	73.292	81.330
399.925	185.108	78.471	82.770
384.986	176.661	69.925	91.894
385.074	194.445	64.566	105.974
377.756	262.242	64.173	80.132
378.160	267.106	58.201	75.321
378.454	272.832	58.690	70.459
376.736	289.150	59.447	65.788
384.065	248.838	55.649	98.231
477.677	245.708	47.907	121.500
477.371	260.034	51.406	110.521
479.391	264.861	53.216	111.991
486.636	268.820	52.009	112.955
501.619	270.975	45.242	115.074
498.767	272.623	50.830	122.613
502.371	280.247	51.008	120.347
497.614	275.483	58.745	130.864
507.931	293.273	47.515	118.824
517.745	303.532	44.003	110.318
523.217	306.549	41.361	102.456
522.896	303.581	43.895	106.756
520.300	291.708	47.332	114.688
516.921	293.021	48.844	120.327
375.813	295.933	56.155	135.524
360.086	293.168	64.093	152.567
370.238	308.128	63.832	149.768
376.453	317.448	59.252	149.157
377.475	312.475	58.422	150.971
374.338	295.655	60.128	136.844
367.547	278.909	72.249	111.048
369.109	244.662	71.521	103.295
368.082	225.722	61.288	113.038
376.247	218.049	65.165	119.740
372.762	215.066	63.400	116.303
370.491	230.677	70.605	107.444
371.514	238.769	74.248	98.071
369.300	241.790	73.327	96.624
368.750	245.496	71.093	91.711
361.751	238.678	68.592	86.675
362.768	242.359	71.393	85.384
361.610	230.249	57.402	96.970
360.307	222.627	56.752	107.884
359.819	213.234	54.430	111.044
363.015	215.464	50.450	111.815
359.178	216.650	54.676	103.631
354.629	215.226	56.082	94.768
352.689	209.762	64.679	88.745
353.878	205.483	63.537	82.147
354.660	209.603	63.428	77.055
357.094	209.503	59.737	78.734
368.565	204.035	49.262	87.568
372.986	202.759	48.300	86.889
375.223	199.893	46.054	91.724
381.179	235.327	58.830	94.725
385.943	235.596	60.890	102.749
387.268	242.891	66.736	104.890
395.508	227.147	63.076	109.100
397.235	223.896	55.714	112.089
402.019	218.860	58.786	117.424
402.783	202.942	57.156	118.859
403.828	216.706	73.925	131.486
413.175	226.896	97.268	119.064
452.343	220.052	78.763	129.785
457.821	226.319	70.161	131.233
458.203	215.851	67.500	132.353
394.339	218.916	67.246	114.743
401.412	226.458	75.464	111.914
398.727	226.245	72.049	110.492
402.809	232.159	66.863	103.884
403.805	234.736	64.199	100.916
406.256	241.211	58.031	106.474
387.330	244.138	61.916	104.241
384.469	244.294	59.091	107.493
379.608	245.188	50.988	106.397
377.101	248.408	47.553	107.707
375.031	249.999	48.954	106.412
372.675	248.152	50.636	106.069
368.544	249.433	56.625	103.466
358.425	251.118	64.732	98.456
356.572	254.903	59.626	86.340
358.792	255.422	57.613	78.849
360.373	259.231	57.322	73.662
362.937	254.082	54.198	75.514
366.730	250.087	53.521	81.904
366.841	250.133	55.872	82.345
368.515	247.333	55.074	85.360
365.635	239.853	61.676	94.779
371.704	240.818	70.811	103.228
375.200	230.097	69.895	118.799
379.102	238.700	72.652	117.199
390.706	249.114	74.705	107.286
409.111	248.483	67.765	102.115
414.130	237.003	67.411	107.493
411.606	234.496	74.560	113.901
429.272	221.907	91.085	122.805
415.802	218.082	102.973	128.744
447.181	213.013	84.170	130.109
454.935	202.475	78.629	119.180
461.863	213.318	76.736	122.165
439.173	225.514	95.996	117.693
450.641	225.830	88.703	120.471
456.841	219.783	86.204	114.732
442.641	241.312	91.092	106.831
438.904	216.085	82.438	139.245
423.715	216.773	76.396	133.676
420.776	176.425	76.779	90.177
428.357	183.278	66.210	84.504
424.482	189.829	62.284	76.870
417.754	194.286	59.870	77.913
415.926	216.493	54.069	109.333
410.170	239.110	57.830	119.355
403.941	246.305	65.307	111.509
396.663	227.078	61.912	127.516
385.302	249.587	74.697	107.896
373.789	243.356	68.587	107.910
363.717	209.866	65.627	133.642
362.125	198.764	66.524	133.113
342.005	222.583	72.384	121.835
327.102	244.239	84.195	103.492
320.307	248.521	75.342	99.136
311.357	240.802	68.156	103.692
305.247	248.629	66.710	97.333
299.993	259.020	61.781	83.213
295.132	260.413	60.587	80.250
293.618	263.503	61.023	76.299
292.873	268.802	61.185	67.980
293.536	268.158	59.210	68.702
293.515	267.939	60.681	68.931
294.958	268.353	61.523	68.046
303.239	269.202	62.147	65.801
308.499	269.511	63.265	66.494
316.537	265.227	56.565	70.864
319.230	262.000	55.356	74.987
321.340	262.865	55.972	76.011
318.546	257.678	62.364	79.974
311.862	229.217	69.694	103.574
307.282	213.986	73.203	119.068
296.317	227.337	87.281	107.340
293.335	213.016	81.775	118.249
286.820	212.875	86.906	125.109
277.272	225.441	97.943	113.222
278.488	236.542	93.709	104.024
285.476	237.333	84.218	110.169
298.586	228.181	75.868	122.505
302.150	225.414	76.872	123.010
311.047	216.454	73.797	135.732
331.190	218.247	71.082	124.363
332.110	213.810	76.430	124.328
329.786	236.277	92.483	101.709
355.645	229.353	82.199	102.910
371.706	233.411	82.470	97.648
375.234	236.615	77.804	93.608
371.926	228.996	80.911	99.572
362.334	227.208	87.183	97.927
363.000	231.221	82.236	101.671
358.871	233.155	86.234	109.608
333.385	236.284	97.607	100.493
311.417	202.649	85.788	118.363
281.016	225.945	98.211	99.052
264.703	234.607	91.082	83.801
276.164	232.223	79.609	96.159
258.097	239.962	86.326	89.627
253.647	245.808	81.090	83.773
254.854	250.028	77.216	80.745
255.287	249.448	88.148	81.992
263.668	240.377	98.273	85.192
278.160	228.908	95.064	90.269
292.510	219.088	93.659	101.597
299.906	224.070	104.422	109.035
364.705	228.214	92.275	87.558
377.762	219.220	93.958	82.632
382.774	219.625	85.385	77.103
381.926	217.810	85.736	75.065
380.463	216.151	86.292	74.775
376.847	211.102	86.940	78.681
358.011	207.376	69.541	85.477
337.763	208.214	66.764	77.816
319.831	210.493	71.901	75.394
308.836	220.997	78.316	70.427
288.343	224.534	94.511	67.294
278.050	224.972	91.384	70.711
273.655	231.782	87.957	67.231
261.011	233.055	99.157	67.065
257.995	228.462	108.825	71.771
269.215	220.595	111.013	81.931
283.324	218.596	104.423	87.002
300.663	206.972	102.944	97.281
359.164	198.438	76.477	106.768
376.947	201.149	84.308	104.011
388.617	198.084	84.391	103.802
400.778	204.439	88.052	90.237
414.888	209.293	87.233	85.891
445.905	218.850	83.813	71.585
443.070	214.051	87.391	74.399
448.029	216.779	86.667	72.281
431.939	214.868	93.429	74.034
416.437	215.407	75.557	76.003
389.791	213.579	77.357	81.882
357.160	214.958	80.053	90.163
325.403	216.369	80.536	96.437
293.532	222.156	93.373	79.647
262.845	216.868	91.789	83.611
245.190	219.714	96.049	81.801
228.293	217.066	96.974	82.462
215.654	207.870	103.452	89.656
213.821	189.255	105.365	102.844
212.785	185.328	109.287	102.704
207.836	186.004	107.492	106.622
210.058	186.960	108.212	109.023
214.302	189.544	96.697	112.114
222.516	194.657	88.926	113.274
238.731	197.988	77.926	114.444
235.864	190.678	81.381	103.433
256.466	208.118	81.588	110.144
266.800	222.598	89.008	102.746
282.384	211.539	85.947	105.990
302.907	212.674	77.008	95.582
320.916	177.158	57.096	118.781
329.014	176.480	59.458	123.088
351.671	183.131	61.445	115.220
368.214	187.596	58.503	108.461
373.980	184.558	64.415	107.488
379.984	178.456	70.743	113.426
381.936	167.871	76.553	129.995
381.231	145.210	71.279	150.572
384.141	151.771	89.805	144.345
388.030	151.100	91.033	157.808
387.664	115.014	86.950	158.899
389.689	123.100	81.336	152.747
413.978	135.956	75.113	124.852
417.209	138.997	67.307	120.055
413.445	149.980	65.097	116.952
420.848	159.093	55.086	108.667
420.689	167.145	52.970	99.467
418.249	177.390	55.517	91.014
417.595	179.617	58.408	87.376
416.042	180.744	61.254	87.127
414.932	182.862	64.389	85.677
409.545	182.842	71.684	87.334
413.197	173.027	69.274	98.873
411.212	179.727	74.193	90.083
413.486	179.272	73.481	89.582
416.981	176.388	71.268	91.843
420.727	170.105	68.222	98.425
422.409	163.491	67.780	105.897
426.089	149.302	65.465	115.780
433.284	138.184	60.574	123.280
437.489	142.711	58.425	116.979
440.281	137.378	56.746	116.738
447.970	150.018	51.657	109.364
447.868	154.230	55.471	101.692
448.626	152.766	59.806	102.575
449.715	157.284	63.506	98.859
450.098	145.208	65.683	106.122
448.741	139.973	73.713	113.557
450.192	140.692	64.019	114.823
448.863	136.826	70.485	111.432
445.775	139.473	72.792	110.121
442.998	137.726	73.221	107.330
436.890	139.991	71.044	106.241
431.838	138.348	70.451	109.078
439.234	131.102	72.920	102.759
444.387	95.392	76.774	95.674
455.788	95.436	76.715	91.856
460.451	101.585	76.625	78.432
462.748	96.756	73.941	74.944
426.944	136.280	58.731	95.718
416.390	147.168	62.061	99.702
416.221	151.761	59.497	100.349
412.762	155.717	63.330	89.923
417.561	148.790	60.032	103.303
420.320	131.198	81.657	110.172
418.246	137.801	69.223	123.025
414.114	121.183	80.279	124.916
416.074	116.209	102.104	121.025
429.991	104.860	106.811	126.999
399.236	126.099	115.284	135.612
366.993	137.471	126.767	142.041
323.085	131.261	121.560	164.987
330.761	120.087	128.574	186.739
312.239	142.124	101.527	173.388
325.093	136.972	92.790	118.136
323.642	149.803	81.477	124.826
360.881	134.963	60.897	115.320
350.321	145.029	66.835	129.631
335.178	151.478	71.827	136.215
316.328	158.674	76.821	127.520
314.535	158.501	83.884	133.126
296.658	160.083	74.683	124.783
294.783	163.603	77.484	125.642
292.468	166.094	78.522	127.670
289.817	174.080	87.186	125.545
285.161	174.459	82.120	127.565
286.911	179.673	83.223	121.699
291.159	173.607	76.467	128.907
298.875	180.174	63.549	124.554
304.148	176.231	63.723	130.732
319.219	174.339	62.579	140.392
324.197	182.392	61.609	127.062
337.603	177.951	54.964	129.855
339.701	170.163	66.798	133.485
344.218	153.433	74.778	146.457
354.039	145.487	75.729	129.159
350.849	166.698	65.491	114.988
355.315	164.565	66.507	112.792
357.607	171.146	67.287	111.663
358.301	162.679	64.039	116.943
366.613	204.802	93.241	110.041
375.460	188.535	82.203	121.466
376.372	208.999	81.984	98.852
370.866	185.642	72.820	110.143
362.353	174.381	57.441	127.056
365.959	166.672	59.228	130.165
352.984	159.184	61.633	137.188
362.423	141.214	60.057	132.022
348.630	167.905	50.823	136.029
344.099	169.439	58.334	138.411
331.654	172.453	69.458	140.337
330.922	169.641	75.811	135.385
324.149	172.375	66.521	139.625
322.271	180.075	72.230	131.942
323.194	181.853	66.740	126.801
322.621	182.433	79.380	132.408
324.621	177.280	83.378	135.730
316.353	171.049	71.066	138.342
316.591	174.468	75.944	148.777
321.621	179.174	79.347	140.625
330.441	179.160	84.374	144.436
329.724	179.030	57.626	136.490
331.895	174.744	56.580	137.313
336.851	181.200	54.269	135.026
348.947	178.206	51.892	135.550
354.689	178.861	59.213	132.828
356.454	177.112	64.642	138.520
347.821	177.198	68.805	128.833
356.712	170.580	71.686	128.924
356.652	172.461	64.067	106.014
362.584	150.676	76.526	126.028
371.639	165.127	78.045	136.669
327.887	182.663	84.657	143.038
375.310	144.674	73.961	140.355
340.304	182.088	91.738	142.877
345.808	176.134	100.491	144.832
364.794	178.632	109.333	136.496
328.269	190.440	94.296	135.169
332.732	188.794	95.138	146.051
369.367	155.518	91.103	128.532
345.369	129.138	85.011	150.689
330.726	147.036	90.139	175.202
331.421	194.199	83.827	141.039
333.972	190.838	84.384	155.458
329.395	168.154	74.620	166.062
316.562	193.266	87.823	148.970
319.092	156.103	80.849	166.041
303.104	192.106	88.246	145.763
301.680	206.508	87.707	132.251
296.662	203.296	88.972	132.470
300.101	207.478	82.551	129.640
286.556	207.812	92.976	124.698
286.762	210.101	87.542	118.945
280.304	207.616	86.242	123.899
282.085	204.584	86.278	128.254
286.649	197.324	74.415	130.151
290.546	198.959	71.557	134.856
295.035	195.537	70.590	137.575
307.217	198.661	71.311	146.254
315.181	201.803	69.085	132.968
326.996	201.107	83.046	142.740
335.227	185.889	88.362	134.859
335.527	185.729	88.356	140.027
347.273	164.489	90.702	132.341
344.159	189.088	80.263	150.395
350.404	166.665	93.399	152.134
358.224	175.289	88.027	142.438
362.142	177.893	91.875	119.715
344.555	196.383	95.749	144.992
357.278	184.632	102.839	146.491
349.600	196.599	96.545	144.950
352.954	182.992	94.446	144.650
350.153	194.890	86.354	128.219
351.534	183.992	86.590	128.696
346.306	191.705	90.988	97.137
347.328	237.004	71.643	113.218
340.103	274.132	73.678	80.794
329.864	271.084	78.147	85.696
321.627	269.891	87.226	87.158
313.964	220.725	68.733	130.070
303.247	224.961	93.938	130.556
304.026	220.652	101.525	140.269
286.685	213.596	86.362	125.401
291.699	209.337	87.120	126.025
294.845	213.520	92.674	123.036
294.331	218.524	95.512	121.383
306.439	218.622	80.819	111.424
306.379	214.428	79.219	120.916
310.901	210.180	77.399	124.025
307.318	211.928	81.022	127.115
307.806	207.288	83.411	147.202
309.331	250.638	95.087	109.071
334.609	270.689	72.011	88.204
351.250	269.353	60.599	88.191
362.982	267.466	62.834	86.128
341.622	219.618	82.358	126.359
353.673	188.243	80.183	137.745
357.588	170.290	102.055	151.612
371.188	186.865	104.481	146.101
346.038	201.182	92.693	139.080
363.872	190.449	79.052	162.571
365.882	215.822	75.919	133.825
362.557	202.089	78.125	137.438
318.747	191.560	84.693	143.846
359.811	188.465	89.332	168.381
363.800	181.609	92.804	153.483
359.574	175.404	96.559	138.163
352.523	201.299	88.203	148.025
340.301	189.509	85.104	153.390
337.546	183.099	91.788	169.279
332.877	238.277	97.981	119.599
328.289	263.710	98.606	93.947
320.711	276.908	98.808	81.055
314.787	280.414	92.946	74.165
296.989	274.762	99.999	82.540
319.930	262.567	97.792	90.322
327.552	254.360	86.815	98.486
320.441	247.031	90.268	105.069
322.013	265.191	85.206	92.026
333.712	269.308	80.289	85.821
296.256	269.538	76.729	87.079
297.158	274.973	90.633	79.885
314.643	271.858	85.279	84.152
314.593	269.731	77.022	86.352
318.894	257.621	84.303	97.461
324.303	251.480	84.025	101.229
334.173	227.509	77.884	124.316
337.093	215.474	81.113	127.457
338.468	245.725	78.246	104.752
334.409	260.649	77.185	90.648
331.351	275.367	73.285	79.032
333.453	276.201	77.100	73.039
332.639	285.561	67.213	69.713
333.596	282.846	64.118	70.804
332.185	283.731	67.261	71.066
336.614	265.824	75.288	88.091
340.118	252.351	78.944	102.471
338.736	254.693	79.644	101.492
340.630	260.224	62.411	97.000
334.939	268.876	71.030	89.047
323.820	276.284	82.305	82.036
321.514	275.628	87.730	81.415
318.898	255.368	95.700	99.212
301.405	203.496	96.070	146.720
299.018	199.190	93.215	152.063
289.592	205.553	82.069	145.141
291.499	196.721	107.363	144.243
299.578	193.466	113.096	149.526
291.666	185.947	102.660	158.919
295.063	183.355	97.094	152.973
315.754	182.429	94.121	163.777
305.178	201.712	115.560	149.950
319.825	266.043	117.156	88.637
333.884	268.080	100.370	84.057
347.445	265.632	85.467	84.904
352.027	263.921	83.964	89.085
368.884	262.303	68.925	88.359
368.877	264.543	74.929	83.809
368.610	262.378	73.817	84.611
367.252	261.415	74.558	85.885
369.042	262.077	83.752	84.922
367.659	262.596	82.360	85.418
364.087	265.093	78.568	83.528
366.099	265.410	75.165	83.363
367.598	267.848	72.969	82.045
367.676	249.831	81.199	101.806
364.265	259.699	79.780	90.006
363.105	264.825	72.868	85.948
361.131	270.807	74.018	84.164
359.511	263.524	70.301	91.157
344.253	268.897	85.628	88.332
334.230	266.520	88.623	93.779
325.938	269.092	100.275	91.174
316.668	272.930	98.045	85.997
304.739	274.942	101.890	83.886
291.454	271.834	110.186	86.046
331.649	258.459	84.020	95.160
330.230	262.259	79.184	94.573
328.535	258.610	80.557	94.195
324.985	262.036	82.477	91.685
327.434	267.278	80.261	87.837
323.309	267.447	86.628	88.918
315.041	264.672	93.333	93.159
318.410	266.622	85.009	89.976
309.388	271.278	92.672	84.130
279.645	259.001	78.886	101.720
291.556	263.486	77.785	95.318
299.838	263.034	83.191	97.114
318.963	235.151	74.891	115.614
322.044	184.158	70.110	145.585
326.983	158.528	76.727	161.432
322.593	215.413	92.947	141.222
330.101	235.442	88.962	119.923
338.416	239.239	85.154	111.316
346.306	230.609	80.476	116.371
340.301	230.603	88.824	117.674
343.220	226.294	89.373	113.297
344.066	240.365	90.360	115.881
338.306	242.445	96.873	113.969
339.403	218.266	87.267	134.429
337.739	244.973	85.668	112.678
331.846	248.593	95.391	110.953
332.524	198.725	96.565	146.276
331.622	148.990	108.273	197.548
319.851	236.706	111.140	123.338
304.767	266.669	95.829	98.947
320.155	271.545	97.573	90.188
329.339	261.973	86.994	98.143
336.164	261.873	89.188	98.411
342.203	265.444	90.593	91.972
340.006	269.547	91.618	87.421
333.788	245.869	96.213	112.917
295.328	157.334	100.717	171.813
280.148	145.132	90.340	169.444
274.330	166.879	126.643	205.256
251.295	269.035	132.486	176.904
277.088	212.142	93.867	152.545
292.958	240.813	115.520	120.957
312.901	177.470	116.044	164.255
310.745	183.553	111.368	179.297
315.518	209.853	107.674	147.187
334.371	231.736	85.930	122.081
349.776	236.423	74.024	119.073
353.523	232.028	84.822	119.423
353.010	214.503	77.383	128.803
358.063	221.796	81.994	120.386
359.038	214.732	81.809	124.200
359.898	206.790	79.910	135.913
357.795	207.851	86.390	138.676
353.381	177.518	87.649	167.642
344.492	176.327	92.996	174.661
346.615	224.565	91.325	134.984
344.564	234.115	91.274	133.853
334.941	245.794	83.305	122.267
332.196	253.193	82.162	115.373
320.112	256.779	79.903	111.186
292.397	263.488	98.978	104.256
315.015	270.136	110.952	87.753
322.466	263.897	103.104	93.392
319.798	264.544	104.828	96.270
306.367	270.549	115.573	99.844
264.936	259.883	135.832	111.826
265.357	243.377	155.120	120.962
280.333	160.530	152.543	179.437
254.936	207.428	168.606	157.025
291.375	128.158	141.288	226.854
223.218	227.154	168.131	143.611
247.220	247.885	145.740	126.164
270.612	258.388	135.488	106.281
263.152	254.494	126.727	112.559
283.580	247.917	109.172	117.796
297.731	248.986	110.213	110.453
295.975	266.276	98.489	101.063
289.518	263.908	105.123	96.767
305.337	254.082	106.461	109.245
293.531	263.231	106.947	104.438
290.722	257.408	103.722	105.119
295.698	262.184	99.776	102.629
298.047	266.255	91.110	100.352
298.913	267.836	95.756	99.959
299.653	269.609	91.097	94.806
302.802	267.184	83.847	91.146
300.856	271.821	81.919	88.787
300.907	269.830	81.780	89.578
306.933	262.364	93.089	99.335
299.743	265.285	95.438	99.094
304.526	266.472	104.141	98.947
317.131	214.915	96.505	141.177
310.627	244.304	110.338	130.189
309.822	245.739	95.816	123.503
301.265	253.091	88.293	113.741
275.721	239.363	97.338	125.916
269.491	240.841	104.640	125.401
270.117	212.506	120.647	151.751
270.274	174.094	124.052	186.598
274.440	178.255	131.074	192.558
240.898	241.698	150.065	131.176
247.023	229.705	143.000	135.818
252.935	237.306	128.686	132.930
257.208	242.230	113.818	123.880
264.450	244.139	120.679	123.775
296.945	243.934	102.840	122.715
295.762	259.784	108.332	111.755
328.167	259.818	90.034	110.857
328.822	257.998	91.505	104.274
320.957	255.465	113.564	105.915
310.846	261.941	119.472	106.908
310.806	266.731	114.465	108.653
306.229	260.112	131.133	107.779
313.766	257.947	110.440	107.300
316.009	254.299	99.512	108.728
323.553	261.220	93.152	94.982
324.297	254.050	89.454	100.499
326.281	256.137	84.748	96.573
326.770	253.598	84.860	97.912
326.836	254.910	87.646	96.539
326.163	252.063	93.751	99.802
328.773	256.059	93.087	96.525
325.120	254.322	101.456	98.107
331.845	255.189	94.727	100.099
335.779	253.210	113.826	105.348
335.631	256.006	103.294	116.374
337.536	257.095	103.852	114.310
336.221	250.169	93.289	127.880
310.914	253.783	115.135	124.964
298.076	255.687	125.135	122.870
283.446	260.849	132.806	116.013
269.678	259.413	150.328	112.655
266.550	260.504	157.266	113.188
271.157	254.959	160.381	114.507
241.092	255.270	153.059	125.148
255.550	255.851	145.296	119.309
261.759	256.293	132.541	124.865
261.292	256.943	120.998	129.786
271.894	261.166	125.942	124.811
300.578	255.858	97.638	135.364
310.127	250.000	101.995	119.750
326.419	255.643	119.848	127.218
295.651	254.591	118.957	115.115
290.576	256.409	127.899	112.150
286.608	252.330	114.628	120.535
291.897	250.100	100.767	113.502
283.877	259.071	103.874	105.003
286.820	261.261	93.501	102.032
286.009	261.271	91.572	102.109
286.539	258.821	87.501	104.790
286.147	254.483	85.855	108.557
282.287	261.739	93.112	105.484
282.269	257.827	102.831	109.181
279.225	263.629	102.202	106.889
284.098	256.042	112.077	112.805
297.608	260.763	121.132	123.697
309.219	260.091	101.007	126.209
297.200	263.169	93.155	132.682
274.779	259.221	87.632	144.770
251.996	246.741	106.425	152.976
211.545	261.904	125.416	141.544
207.081	255.203	141.018	143.036
184.579	253.423	122.728	144.954
173.210	249.984	126.137	150.425
171.355	248.817	132.807	150.516
176.008	241.933	145.973	151.521
181.514	240.241	166.097	152.574
212.400	253.948	177.890	119.501
253.790	235.531	172.526	155.330
234.592	238.265	178.622	147.386
239.073	223.769	182.661	169.702
260.164	231.449	162.579	153.072
280.477	233.933	157.633	136.924
290.452	220.656	128.615	157.007
278.001	228.821	140.264	163.787
241.682	190.974	162.212	213.983
265.066	233.596	168.443	149.483
282.223	238.323	143.019	145.483
253.865	224.843	116.422	172.003
263.037	221.735	122.724	173.142
273.256	212.586	128.234	180.792
275.923	205.208	126.622	211.934
274.413	172.563	130.868	205.989
289.490	200.217	119.066	181.826
296.520	208.388	112.902	172.211
293.484	205.412	114.839	167.669
292.497	201.483	119.251	160.911
297.144	196.445	114.915	168.658
304.481	209.680	116.522	176.802
300.818	200.252	116.438	179.803
303.936	202.969	112.392	185.580
298.474	203.852	113.216	186.996
298.300	204.157	108.251	188.672
293.772	210.796	111.227	185.569
284.111	213.981	108.233	184.850
273.851	201.720	91.262	201.009
264.368	209.826	117.656	190.383
261.516	214.617	112.849	183.302
252.931	228.684	109.579	177.580
241.382	228.769	130.186	164.231
228.676	230.545	109.362	201.032
229.559	222.066	142.803	166.744
220.938	234.190	105.639	188.904
219.077	227.923	125.242	169.438
213.838	227.223	117.897	175.224
218.558	223.241	114.054	176.147
245.803	232.669	136.188	151.931
286.561	240.810	120.914	143.162
239.595	232.179	145.493	156.499
218.958	231.860	114.038	193.836
241.660	240.734	148.290	141.806
233.463	232.357	146.547	162.766
244.076	231.745	94.723	187.587
253.092	224.063	107.086	186.792
257.360	226.177	107.862	201.376
270.337	226.365	127.656	178.387
286.913	223.502	129.484	181.556
270.712	229.645	110.756	189.122
279.269	229.464	108.748	188.381
274.503	224.813	102.994	188.285
281.222	239.553	106.482	176.080
277.266	241.407	103.528	170.016
281.026	240.330	103.069	176.097
278.793	232.655	101.641	178.212
276.698	237.724	109.499	167.766
283.816	225.834	129.054	178.529
280.039	222.258	122.552	184.204
262.225	217.226	118.235	197.338
263.175	216.512	118.028	190.784
262.356	228.681	120.096	178.775
295.732	231.604	134.598	163.712
277.211	229.433	141.891	174.806
245.094	236.271	109.727	180.636
240.577	237.107	89.954	171.289
238.847	238.619	110.327	165.978
235.140	234.002	132.880	165.652
235.894	236.746	95.792	183.779
235.151	235.818	113.098	177.928
234.619	235.123	110.029	177.314
237.139	241.280	134.183	171.059
242.346	240.959	92.786	182.668
246.787	243.691	126.615	168.653
245.960	242.146	107.513	196.701
247.656	232.816	116.098	212.650
255.179	170.204	96.799	271.667
256.031	226.036	111.969	234.141
255.580	267.553	99.604	193.355
265.489	247.579	101.483	216.623
265.176	270.068	103.665	192.629
272.118	257.710	107.168	223.799
275.707	258.225	106.345	229.145
278.271	265.828	106.323	229.864
281.833	276.987	105.588	221.433
280.239	318.128	109.316	188.628
286.863	324.608	101.792	177.019
292.729	336.107	95.954	163.208
294.907	341.986	94.273	160.142
296.797	324.159	93.209	171.039
296.777	331.476	94.101	160.054
294.919	334.412	92.420	141.083
295.833	291.550	90.439	167.499
290.713	270.844	90.771	176.639
284.471	258.087	93.629	174.310
282.635	249.107	100.092	164.485
278.155	222.812	102.779	154.702
279.403	185.248	99.366	165.348
279.942	177.805	103.625	170.318
281.982	147.424	99.234	183.969
273.423	122.036	97.687	198.634
275.339	67.994	91.355	186.209
273.959	46.936	91.928	184.146
276.164	37.056	90.565	174.316
279.185	24.020	83.749	163.264
279.376	15.690	86.248	151.896
283.975	18.152	80.108	150.221
287.646	15.032	82.718	147.436
290.583	19.056	79.336	147.613
291.433	22.243	87.136	145.472
295.057	22.522	82.404	154.199
301.168	29.138	77.711	161.443
301.115	58.072	75.501	159.763
294.352	85.704	89.612	157.502
285.407	96.552	96.037	170.512
245.794	243.384	122.413	139.895
246.915	243.572	121.284	137.593
271.729	185.539	113.537	186.942
276.964	200.315	106.897	180.504
287.973	195.534	96.534	190.800
279.723	225.215	102.103	184.531
277.597	245.228	98.086	200.063
264.902	241.563	105.802	212.922
264.885	245.696	103.834	236.284
259.513	240.965	117.431	228.512
262.196	242.298	105.965	248.019
253.951	234.330	122.200	201.118
262.364	302.353	102.643	208.426
264.184	267.708	102.754	209.126
265.304	287.716	99.766	214.897
265.128	278.534	100.293	212.502
265.206	245.506	101.947	221.951
269.054	248.515	104.923	226.020
273.799	254.277	97.876	208.948
278.742	229.384	100.021	202.550
281.266	249.431	103.101	188.763
274.310	243.036	104.946	169.828
279.782	241.139	98.875	159.186
281.469	207.273	98.348	179.387
288.173	188.814	94.040	193.133
289.126	184.772	94.114	189.715
290.924	171.558	92.368	189.164
288.065	163.507	94.874	178.535
290.360	159.469	93.138	178.821
288.896	158.674	92.678	179.729
288.352	159.165	93.828	172.885
286.582	158.123	92.905	175.412
282.223	162.989	98.748	178.088
277.674	169.867	103.434	180.497
276.890	177.744	104.184	180.524
276.112	183.814	104.318	185.153
271.082	196.723	104.859	195.351
268.324	217.141	100.812	207.429
267.988	238.317	100.058	213.577
263.038	249.617	99.779	222.389
266.359	244.261	102.384	239.496
264.838	248.432	108.708	252.433
265.758	236.044	123.841	221.161
283.922	203.896	129.481	185.963
290.973	227.648	122.584	163.335
300.561	232.181	111.316	151.472
296.298	246.237	117.729	139.834
288.631	222.845	121.992	161.644
288.971	226.733	123.851	161.656
295.858	222.596	119.147	164.406
287.586	195.544	119.453	188.029
278.067	366.434	105.424	170.563
282.072	354.999	106.389	166.939
284.930	345.573	104.924	145.160
290.730	315.457	101.481	147.425
290.440	257.217	104.733	176.172
293.422	240.269	103.695	148.530
297.777	209.715	104.191	165.021
298.846	191.238	98.252	182.981
302.517	181.121	99.235	192.182
295.491	176.312	106.278	181.388
303.007	161.507	99.376	186.192
311.246	160.795	93.371	189.094
314.169	176.429	92.175	178.999
314.171	191.206	91.525	177.081
312.434	193.170	102.266	190.872
311.461	199.545	98.271	194.977
312.775	220.431	97.515	195.031
314.833	223.891	100.187	205.742
295.542	229.162	118.103	165.804
315.183	283.076	93.819	210.150
456.387	213.739	97.741	177.776
447.894	204.742	108.594	177.849
463.610	210.872	105.908	163.125
459.136	213.041	103.239	158.054
456.917	199.882	99.797	164.761
440.149	165.076	111.694	185.535
312.142	416.977	90.263	137.882
320.679	410.807	83.057	148.960
320.038	391.643	84.911	160.306
322.529	370.263	87.158	165.237
326.650	365.774	86.688	151.749
332.508	344.335	87.478	127.517
337.522	315.383	85.736	138.186
333.927	258.983	94.052	166.001
339.304	233.103	92.123	160.912
339.827	219.587	89.367	165.640
350.739	203.942	87.096	160.808
358.002	179.521	82.410	173.980
358.537	177.073	88.847	163.435
357.518	177.920	87.574	159.645
361.020	175.305	91.009	161.326
364.391	189.977	93.532	158.524
367.833	197.060	96.094	170.539
375.945	201.067	90.073	182.953
379.633	206.242	85.043	191.859
383.155	207.277	80.694	213.019
384.110	198.961	80.539	257.182
363.874	228.172	98.833	235.392
376.013	222.787	91.507	245.338
374.032	260.586	91.368	252.965
370.581	304.915	89.149	208.813
365.862	344.381	82.402	177.624
361.653	366.804	85.028	155.612
358.859	369.251	82.487	145.553
357.220	364.718	79.981	140.578
356.644	350.582	78.850	142.200
354.938	345.050	80.575	115.677
357.400	308.856	79.873	131.238
353.949	245.073	80.778	162.802
354.214	237.804	88.043	149.941
352.422	225.760	93.917	145.075
345.479	209.666	103.657	152.550
344.450	203.294	106.412	154.645
356.965	157.700	96.339	180.843
362.515	158.377	84.693	171.403
355.226	142.601	92.230	178.635
314.468	171.658	120.537	184.706
311.246	223.809	133.148	153.271
307.508	243.503	131.192	129.630
356.235	197.280	104.809	178.011
364.148	208.209	98.574	173.327
375.208	213.154	81.937	199.455
370.890	222.658	85.875	222.365
333.199	220.778	120.158	171.171
358.443	203.001	94.114	208.179
316.732	249.418	112.782	134.241
317.853	259.802	90.085	118.884
311.604	261.233	87.904	116.616
325.175	249.224	89.964	131.311
319.626	218.282	85.630	166.399
311.738	214.895	88.242	170.434
338.384	355.694	73.359	135.288
336.026	345.519	74.049	121.468
333.883	337.594	72.088	108.570
332.811	283.886	70.413	140.401
321.982	269.707	79.449	140.718
317.838	259.467	84.643	116.932
317.277	237.874	86.414	133.533
316.549	228.353	87.382	133.994
321.420	210.600	84.841	133.277
325.901	190.888	78.492	150.348
324.060	187.790	76.172	156.544
325.165	203.780	77.266	135.310
329.874	207.127	71.795	141.311
329.599	213.039	72.148	140.506
328.274	219.621	77.828	147.767
327.141	212.748	76.261	162.965
325.680	217.915	75.187	169.277
318.320	222.088	76.125	167.442
314.810	230.961	75.202	165.844
302.467	248.686	83.952	159.755
281.094	245.589	93.406	158.004
267.566	260.526	94.892	140.066
254.539	263.270	103.310	156.082
247.897	263.347	101.231	163.695
231.884	262.227	116.641	152.530
208.404	260.533	99.783	175.156
189.653	258.673	114.552	187.569
191.034	173.211	147.622	227.684
178.763	112.046	112.144	297.431
207.753	238.756	171.105	174.945
156.174	149.529	169.880	248.325
150.832	123.815	178.365	300.070
155.404	102.353	186.890	317.439
162.695	103.288	175.109	326.334
171.930	98.740	180.447	335.082
214.224	71.414	216.819	288.372
261.573	0.000	220.533	178.606
260.120	35.732	214.064	198.226
244.266	64.127	178.736	239.884
259.548	28.883	193.045	221.598
202.695	250.354	164.485	190.292
273.543	261.338	136.515	158.602
303.880	257.984	117.497	150.031
337.825	263.907	106.647	139.027
304.407	231.093	113.614	136.493
304.028	241.133	112.884	122.873
298.413	250.174	121.022	118.013
300.706	259.802	120.661	109.143
304.684	254.477	119.173	115.013
309.433	265.193	113.658	109.326
312.623	256.632	110.317	114.068
312.220	262.159	112.073	112.022
317.102	260.513	109.158	111.899
315.961	256.926	116.647	115.882
312.023	255.245	125.998	124.909
321.121	244.567	146.330	158.122
376.410	232.539	94.611	165.017
369.355	253.465	83.810	142.171
360.133	259.782	85.038	129.799
357.149	253.603	81.957	133.505
349.476	253.634	85.129	129.457
347.945	255.432	90.356	122.395
354.741	259.482	83.536	119.636
370.888	264.408	71.562	109.880
331.794	260.135	97.791	106.150
343.169	240.619	96.566	112.176
343.319	250.045	103.907	108.038
339.119	252.792	118.488	109.160
342.000	239.673	115.291	122.109
343.816	257.754	121.139	118.368
351.252	257.869	115.882	117.299
355.814	222.214	119.959	140.483
352.754	181.402	130.486	159.808
353.409	121.443	135.400	206.544
355.506	170.165	148.932	189.001
369.778	190.615	143.012	177.928
369.138	208.100	139.586	166.144
365.543	227.503	142.652	147.166
349.140	179.216	148.103	185.284
360.188	208.613	151.667	165.165
349.251	228.187	155.612	150.590
366.734	192.372	139.040	178.320
349.467	172.631	158.734	188.202
366.944	213.847	143.484	167.202
351.444	223.470	148.334	160.607
369.907	232.014	140.062	147.888
333.891	189.158	148.390	196.640
317.197	215.772	148.428	162.302
302.366	249.915	131.744	158.875
295.035	255.428	153.247	162.646
300.111	259.822	130.698	143.648
301.581	274.729	123.786	130.390
301.637	257.161	116.661	127.679
278.926	266.852	125.082	138.979
298.775	239.350	124.461	146.711
293.637	236.091	132.940	143.336
276.022	245.497	130.356	147.991
290.943	184.493	130.981	181.359
265.365	233.174	145.850	174.224
284.585	176.328	144.024	218.986
241.719	228.454	146.599	198.274
264.567	186.589	159.918	215.945
271.761	120.575	165.160	259.538
227.500	136.110	166.804	278.392
226.929	180.696	164.725	249.095
226.554	191.873	168.172	254.815
249.749	172.276	169.699	231.716
262.882	108.064	167.677	259.696
271.321	140.429	191.409	274.921
192.511	191.841	171.554	285.223
197.647	135.127	143.795	264.607
194.575	131.448	186.133	283.629
174.751	150.416	133.757	296.511
175.755	162.344	152.339	283.145
194.185	122.673	186.790	309.100
174.929	124.207	138.704	324.136
171.954	181.430	145.969	284.651
192.815	171.980	170.347	279.451
235.933	144.245	183.262	269.561
195.659	110.122	129.000	354.654
187.820	139.407	128.298	325.971
186.793	78.122	118.065	295.833
188.811	75.841	124.578	284.766
191.363	142.266	172.778	283.232
179.872	193.253	112.352	274.515
179.752	194.664	127.774	253.659
181.702	143.438	96.881	270.497
182.426	160.609	117.078	277.059
182.206	183.605	130.461	274.109
191.214	178.004	161.292	275.318
208.339	180.985	179.413	242.682
173.361	190.066	153.910	273.571
180.209	219.585	139.528	263.607
183.113	229.691	134.107	244.571
183.998	220.685	146.023	245.992
177.467	203.871	152.471	255.234
202.902	204.369	174.146	219.731
234.032	126.831	167.410	255.169
168.839	214.513	142.908	241.911
219.316	162.578	129.845	272.155
220.716	240.781	164.407	235.157
271.800	201.095	156.903	185.923
299.055	176.013	138.303	163.198
298.183	189.206	130.508	169.382
292.374	188.256	130.913	149.737
329.584	134.062	120.578	186.493
306.776	177.647	132.815	178.972
255.447	257.399	124.072	176.326
260.278	240.214	153.181	185.207
272.758	271.548	135.558	162.456
277.447	94.409	71.371	220.076
271.418	102.091	87.738	215.261
266.217	113.381	103.684	226.493
251.143	113.359	112.571	228.355
266.516	93.820	92.248	209.304
270.119	93.316	90.855	207.152
272.687	100.150	89.364	204.004
274.125	97.688	93.953	211.822
263.642	170.975	162.892	168.485
308.431	201.865	149.645	182.414
342.096	180.370	131.907	159.671
346.399	198.860	114.477	168.562
337.097	155.905	113.084	178.696
296.441	128.564	132.973	185.685
321.239	167.755	134.037	190.520
295.015	229.271	152.858	167.126
333.884	175.007	117.060	162.916
314.275	208.167	132.185	171.940
325.234	162.925	129.555	186.933
284.378	198.686	140.052	176.554
299.784	201.629	131.759	184.202
255.686	221.819	129.706	215.886
280.583	215.297	126.430	200.317
306.864	184.057	127.960	179.632
313.143	229.974	119.616	191.300
313.421	223.280	111.155	190.207
308.511	246.345	116.347	174.525
311.273	176.140	118.868	127.871
317.752	185.706	102.321	139.360
318.012	175.847	99.729	116.942
320.245	187.622	92.883	115.295
316.759	184.113	93.724	103.101
316.197	171.211	92.232	101.473
313.514	179.629	93.138	102.608
313.486	176.681	85.684	91.137
318.134	175.152	87.167	102.004
319.255	167.013	91.591	108.235
323.862	169.446	99.069	119.766
326.419	150.550	64.169	142.531
299.170	196.143	98.341	126.105
301.796	194.894	83.670	144.956
298.544	182.382	106.237	172.461
265.438	242.320	70.486	163.186
275.906	205.580	102.994	154.010
254.117	239.106	95.796	179.134
281.492	169.689	100.164	178.223
291.219	149.597	106.984	171.960
263.080	232.770	96.037	164.650
279.949	183.406	111.102	157.003
284.891	169.196	120.618	180.336
280.459	200.597	159.939	180.070
273.976	166.122	138.176	168.999
281.858	209.310	128.143	139.564
258.702	247.374	83.077	173.549
255.837	230.683	86.215	171.295
271.866	180.977	106.553	191.033
269.464	168.995	123.574	171.447
296.249	161.435	122.371	186.351
299.748	206.201	174.307	149.678
250.268	227.051	108.053	198.442
263.917	188.258	129.189	201.601
292.286	157.141	131.370	178.741
318.467	209.711	155.693	146.795
269.482	191.161	147.120	144.731
278.742	209.724	150.464	186.591
287.399	209.676	155.895	129.002
288.636	152.719	137.094	179.977
264.781	218.813	118.336	141.496
280.158	180.579	121.971	151.814
263.442	236.223	85.754	172.775
283.752	163.277	95.873	189.637
287.062	174.125	115.116	171.851
261.868	238.286	98.995	187.165
268.742	215.039	117.700	154.194
285.156	181.717	123.784	158.242
262.260	250.700	95.083	184.645
260.563	240.399	81.026	173.287
260.266	258.329	90.673	171.903
261.863	257.619	87.465	181.628
271.259	217.455	108.115	171.631
276.277	189.645	112.589	145.990
285.666	190.182	101.558	138.027
284.078	202.522	101.745	133.012
296.305	194.418	93.094	137.850
301.074	204.130	90.535	134.263
306.051	207.398	89.337	130.005
305.152	221.819	83.664	136.036
305.768	213.209	82.965	183.135
296.021	271.614	110.973	171.546
309.086	266.061	99.720	181.525
315.972	253.291	111.765	182.957
319.744	264.502	103.568	174.589
339.433	284.804	85.551	155.505
339.210	288.836	86.079	151.702
347.977	325.335	91.782	115.612
370.768	324.171	81.870	111.419
412.120	339.073	63.062	94.265
424.507	339.792	58.502	90.277
432.629	342.191	53.355	84.638
434.652	342.310	54.224	82.551
435.819	341.068	55.621	83.289
430.044	341.092	59.809	82.060
422.759	340.021	62.994	85.913
413.109	338.727	63.248	87.964
408.886	337.221	59.832	93.196
403.710	335.509	62.970	99.727
366.846	313.224	65.500	120.350
350.084	304.029	67.209	130.436
344.250	312.394	76.578	129.254
330.013	315.557	80.500	126.369
315.602	318.872	89.982	127.924
292.702	296.767	101.834	143.822
260.387	318.075	121.839	146.321
256.843	289.352	132.191	177.362
256.673	304.028	140.088	167.404
234.447	319.158	131.213	162.798
214.840	321.527	115.936	147.029
230.446	296.860	124.884	158.133
248.554	300.196	140.238	154.672
228.361	290.120	137.413	165.172
253.186	298.193	139.005	159.564
234.367	291.608	126.763	171.889
241.077	301.106	148.663	158.129
233.364	257.892	99.735	196.639
254.859	241.607	116.636	185.822
265.571	226.866	135.670	185.302
263.920	261.802	113.897	192.381
270.974	284.672	110.264	167.905
295.293	309.424	102.710	142.176
310.095	313.674	94.285	134.960
329.375	321.157	83.020	123.514
364.701	326.785	73.129	108.343
371.441	328.428	72.681	109.471
370.986	323.683	77.942	109.962
372.386	314.782	78.409	116.011
352.814	280.978	88.542	121.013
357.463	278.288	87.770	138.225
359.697	268.588	88.558	140.444
338.827	297.619	80.148	137.343
349.052	297.001	80.325	138.268
334.616	284.971	89.504	147.949
336.095	263.811	96.693	135.518
324.921	290.982	74.459	147.582
312.671	313.745	83.643	132.487
297.822	314.920	72.341	128.281
285.541	317.455	76.095	126.676
261.222	339.392	87.294	115.889
247.201	329.244	97.210	119.622
254.444	282.433	107.120	146.501
263.528	243.783	120.590	186.133
252.748	239.184	112.498	182.922
242.815	246.663	120.335	183.367
247.200	250.680	121.984	190.628
245.280	281.543	120.110	181.181
249.954	260.810	125.613	190.744
260.574	222.580	139.201	176.708
246.045	268.836	121.448	193.217
240.524	273.155	123.588	177.247
287.760	287.553	102.380	152.404
290.001	294.901	98.395	146.184
304.708	308.424	96.657	124.301
314.605	319.422	87.555	112.325
323.625	319.660	80.584	109.333
329.634	327.175	80.598	104.414
330.289	324.861	81.763	105.334
331.386	329.757	80.406	100.530
343.708	304.113	76.208	120.852
347.225	288.955	70.588	136.301
346.513	282.720	88.833	136.867
347.180	246.166	106.254	127.872
362.163	238.845	99.974	142.992
370.146	200.996	118.345	144.370
349.252	219.853	142.244	159.417
354.859	211.231	142.849	159.212
350.103	214.558	145.604	163.335
499.423	203.793	110.904	191.479
498.820	211.760	119.816	186.103
490.608	208.121	126.727	184.167
456.971	207.900	149.968	170.536
489.206	205.370	125.491	195.623
368.786	235.564	152.635	135.695
346.027	269.393	156.536	134.311
376.272	253.984	142.726	113.888
402.792	240.290	116.686	121.444
387.090	228.344	119.211	129.730
394.041	230.746	110.290	123.655
397.895	231.110	109.655	120.370
407.353	245.947	108.738	110.096
401.513	249.573	107.053	110.319
409.414	244.777	99.195	114.045
408.535	250.251	101.384	109.840
402.319	226.806	98.098	131.515
407.252	240.566	98.762	117.714
420.409	260.202	98.937	133.254
441.160	290.460	81.325	123.160
435.884	321.601	62.549	91.750
417.311	326.445	60.329	86.791
411.720	315.022	50.586	94.790
397.105	273.824	73.945	123.713
386.201	222.808	77.087	140.759
382.085	196.482	85.950	152.198
374.630	197.827	95.796	135.466
373.291	184.680	97.308	131.874
374.190	193.486	91.987	127.211
373.719	191.517	88.768	132.438
370.869	187.452	83.411	133.946
369.033	208.166	84.125	141.848
370.640	214.482	75.763	170.790
378.736	218.916	75.825	170.457
389.810	240.311	71.609	149.603
396.132	266.366	63.883	123.698
405.584	284.655	57.044	101.905
410.143	285.047	50.478	103.030
413.177	285.193	55.308	107.036
419.971	287.208	49.758	103.576
423.489	291.163	49.409	89.650
420.739	285.687	55.601	87.994
423.061	278.786	54.923	93.095
418.485	275.026	57.293	93.917
416.998	274.834	57.777	91.745
420.215	272.138	50.425	93.748
412.825	273.720	53.575	98.796
403.827	282.402	51.455	90.097
398.320	284.717	54.147	91.342
391.420	282.047	57.357	95.945
386.757	270.974	62.056	100.110
370.622	271.022	77.962	83.341
360.904	274.455	86.242	89.440
349.612	272.428	88.860	99.325
334.390	288.315	74.136	99.661
345.301	271.854	100.417	88.277
348.340	257.595	105.343	90.425
332.667	228.490	100.993	118.766
322.876	213.378	86.725	120.374
316.271	214.322	84.124	120.940
325.544	215.314	95.045	131.374
316.658	209.553	83.349	122.844
325.144	208.205	75.616	120.511
324.524	210.282	76.396	123.064
327.161	209.597	69.755	117.964
329.084	214.180	65.083	120.730
333.095	210.342	66.034	127.164
321.382	200.165	66.780	142.759
328.136	210.091	68.837	123.850
337.692	196.127	70.074	134.505
349.595	243.119	90.484	125.358
367.395	284.095	71.985	89.890
368.883	256.541	77.158	102.270
370.823	249.350	79.275	102.835
376.569	245.472	76.067	109.255
377.571	262.786	78.993	89.482
378.436	255.890	80.852	94.911
379.005	257.356	90.699	93.282
376.455	259.639	100.057	91.597
368.577	254.970	105.074	96.068
370.328	238.495	89.356	113.863
378.313	251.817	78.509	103.516
376.017	249.953	73.586	105.345
373.311	267.813	73.520	92.282
369.481	283.628	63.240	85.645
367.856	288.241	60.264	84.513
360.814	288.297	62.438	85.688
333.998	289.862	75.789	91.690
331.586	283.623	85.712	88.876
326.392	281.569	85.751	88.310
318.748	288.850	91.785	85.182
308.666	217.650	66.586	104.988
305.529	215.606	62.358	114.980
311.403	219.895	61.606	115.452
303.964	216.782	61.920	106.094
303.190	215.807	59.410	106.357
304.206	207.988	59.081	114.826
299.881	203.658	63.036	111.287
300.409	206.841	65.485	118.046
300.118	194.053	72.192	135.334
302.659	203.248	79.682	134.733
302.892	196.923	80.599	135.289
310.490	260.555	99.532	98.274
303.314	285.239	106.549	74.991
331.225	268.606	82.878	86.467
347.540	259.704	67.655	95.512
346.565	268.863	74.307	85.613
355.115	258.534	80.550	90.775
363.558	261.195	73.630	87.594
365.948	261.612	77.165	83.716
374.493	261.107	75.390	81.040
380.729	264.099	90.547	80.170
386.052	260.645	89.779	84.404
399.128	267.044	96.552	88.186
408.327	277.577	95.068	88.562
378.644	260.944	97.793	87.668
393.168	274.124	91.812	82.834
441.291	280.622	69.936	88.632
442.349	281.253	61.340	85.151
440.650	280.109	56.382	86.298
450.812	277.692	49.496	94.180
457.726	274.137	49.314	93.087
458.763	268.407	58.232	95.443
459.107	272.725	67.706	86.985
455.135	276.754	67.281	86.291
453.444	279.413	76.768	84.033
451.933	280.335	85.939	81.784
453.850	279.959	89.441	84.967
452.695	279.016	95.572	85.462
453.428	280.137	101.055	85.482
451.638	275.840	100.663	84.781
448.488	280.079	98.256	79.517
450.330	271.551	99.747	90.249
433.994	269.839	104.113	90.927
432.492	265.735	116.068	91.231
431.366	268.875	125.629	91.301
452.531	272.001	105.449	90.054
373.712	268.459	79.558	90.048
385.493	273.251	82.230	94.398
410.671	265.611	95.282	101.487
396.840	252.475	109.618	106.790
429.234	248.395	72.711	126.145
418.701	253.611	58.778	118.544
414.547	254.988	51.823	115.055
407.742	260.161	59.616	107.630
402.742	256.137	62.150	109.829
397.915	262.810	63.150	106.852
389.588	229.427	76.436	109.709
391.623	231.049	65.825	119.871
402.729	265.882	58.978	100.999
415.489	272.041	53.021	100.276
427.756	279.066	66.533	90.836
409.392	284.025	80.384	95.084
382.308	217.084	87.186	122.577
371.899	210.109	90.955	129.447
357.966	217.683	96.102	125.823
330.025	222.442	85.811	107.787
335.680	230.059	87.701	107.596
333.349	229.519	70.478	104.506
336.426	230.656	68.446	103.080
337.657	229.676	65.336	102.839
334.908	231.771	68.190	101.692
327.960	230.501	74.449	105.485
335.714	230.178	70.307	108.231
333.572	230.790	73.842	104.373
333.501	232.000	75.730	104.351
337.401	228.798	72.227	103.860
333.898	227.545	73.517	111.884
334.896	225.943	86.780	117.734
334.186	221.997	83.231	111.398
338.445	224.866	81.592	110.702
334.057	219.102	85.338	117.997
336.731	214.521	90.346	128.489
389.335	211.113	90.088	144.976
392.443	206.311	95.726	149.567
407.432	225.889	82.064	150.488
396.130	202.344	90.471	155.907
393.632	171.438	103.705	151.919
431.654	202.931	80.644	102.203
430.192	182.741	77.699	88.398
433.724	173.010	63.972	85.396
412.476	126.029	72.139	97.381
379.162	103.237	88.641	116.212
352.541	102.621	110.269	115.326
428.605	275.486	78.557	110.631
448.464	268.561	57.458	113.368
458.544	269.214	61.377	100.853
454.391	262.780	71.382	94.288
460.868	224.570	68.321	122.340
457.337	212.832	75.497	127.426
462.130	237.774	72.193	105.700
465.680	254.697	69.176	96.526
469.312	255.890	64.319	91.095
471.315	262.750	64.186	80.341
474.885	262.855	61.856	80.094
408.142	269.914	59.239	96.676
410.542	275.832	64.556	105.031
417.958	275.049	58.677	114.778
396.970	259.298	67.221	120.236
388.658	251.707	74.923	109.055
375.863	260.646	81.435	92.498
368.523	262.434	80.637	90.295
355.032	255.996	87.145	93.290
345.009	249.637	95.455	100.736
350.182	238.622	87.099	107.251
342.193	241.427	73.588	115.752
344.082	225.609	69.244	124.044
347.018	218.654	68.781	118.167
346.391	208.465	66.945	126.577
357.159	182.020	57.139	140.408
358.702	167.107	52.355	147.074
354.991	157.035	58.499	150.472
357.684	146.270	62.411	159.467
356.634	134.349	65.635	139.193
359.550	138.229	67.307	122.701
370.026	131.867	71.338	127.708
377.362	127.687	75.617	116.551
363.622	118.215	84.892	124.315
367.771	100.402	98.111	132.309
375.507	103.886	97.999	122.997
368.503	92.762	107.271	125.576
379.418	89.799	96.378	123.917
385.939	86.543	93.343	118.763
382.704	95.686	90.355	99.596
305.899	52.264	77.257	98.281
301.171	53.040	79.019	88.176
295.269	58.315	72.781	78.542
294.520	66.176	67.027	78.250
295.558	76.809	65.456	70.125
297.127	79.606	63.360	67.575
298.764	83.071	60.324	66.421
300.245	88.498	56.613	64.083
294.895	95.308	59.934	59.074
294.443	95.058	57.445	57.469
297.946	88.268	57.591	61.703
307.616	83.591	57.494	65.048
305.390	87.552	64.159	61.346
308.092	91.337	69.254	57.398
305.810	92.774	78.559	55.140
304.093	94.182	83.289	55.461
310.967	104.370	83.860	56.673
322.897	107.591	79.497	64.317
328.245	111.692	79.276	65.460
355.222	121.178	73.282	76.165
374.918	133.103	80.706	89.520
369.827	136.864	82.197	72.792
384.712	146.115	75.444	70.169
386.293	157.132	71.295	66.216
394.236	171.981	68.894	63.063
396.513	178.610	61.492	60.312
395.210	183.960	60.243	61.721
398.600	182.474	59.621	65.106
395.023	183.054	59.234	63.906
395.459	184.952	57.829	62.860
397.449	180.712	56.309	71.609
391.970	172.794	63.985	78.093
381.363	168.679	70.435	78.478
376.613	165.538	68.954	81.145
374.879	154.497	62.341	85.337
371.755	159.477	67.755	79.525
371.945	157.726	64.474	82.127
365.720	154.768	69.134	82.922
378.828	153.731	71.826	93.966
366.389	150.955	88.632	104.118
379.469	167.606	98.957	125.235
376.161	176.566	92.556	152.663
395.911	148.299	112.474	143.991
399.313	148.625	114.729	158.103
385.913	153.497	117.998	171.724
375.725	156.664	108.843	170.644
372.427	160.636	105.538	174.023
374.689	161.702	93.820	166.766
382.242	168.717	94.571	156.079
382.123	150.321	108.010	128.981
391.557	130.959	100.305	132.870
394.253	140.049	92.675	98.848
399.818	129.074	77.909	96.694
400.572	139.798	83.875	80.811
407.244	132.336	78.007	84.014
393.130	140.436	81.821	77.945
397.291	142.492	76.792	75.216
402.013	135.047	75.503	81.794
398.748	134.303	74.437	83.555
402.651	138.186	75.222	81.805
394.002	130.995	76.762	82.978
397.360	138.030	82.691	81.287
401.970	129.203	78.545	86.560
389.653	141.870	84.884	81.460
388.339	141.119	78.582	90.950
383.555	139.140	87.732	96.535
385.069	142.745	91.360	107.551
390.031	138.130	90.956	108.021
387.655	133.805	84.768	102.317
391.678	154.475	94.859	83.006
414.962	160.073	81.663	81.251
413.266	149.698	71.298	98.961
413.199	167.393	65.740	86.487
411.194	163.918	64.962	82.017
403.349	173.470	68.269	71.186
403.201	176.036	75.148	70.016
401.953	173.984	75.782	71.591
397.374	181.295	77.519	66.738
394.279	178.444	72.862	69.244
394.585	181.286	76.470	66.186
399.100	174.964	74.985	70.776
403.842	177.416	72.479	74.293
415.621	170.418	69.465	78.537
414.839	169.513	69.876	81.799
415.043	165.965	74.821	80.952
418.650	164.245	79.490	83.257
400.710	163.556	82.949	75.861
394.675	158.493	79.136	73.139
397.881	152.175	68.359	89.944
392.061	158.003	69.738	88.426
393.414	172.061	64.694	77.901
393.998	176.020	56.172	75.763
395.190	181.496	54.930	72.376
396.734	189.621	52.486	78.441
396.586	188.876	50.315	86.143
404.093	186.165	41.692	105.957
402.435	184.729	46.063	110.926
401.770	186.173	47.973	110.989
401.996	188.226	47.312	109.105
402.350	179.670	48.861	118.583
401.803	179.637	52.075	113.986
401.253	187.085	53.561	129.522
400.863	191.794	53.028	124.746
401.956	187.989	54.772	126.949
404.225	186.415	60.608	126.203
403.644	191.245	65.381	114.835
404.971	181.622	62.852	120.094
406.807	181.774	65.709	124.806
412.291	167.367	62.690	133.519
411.106	160.355	70.349	132.507
413.868	149.236	77.774	132.530
420.029	141.081	79.276	132.336
402.396	134.903	79.562	138.706
427.126	131.613	86.866	133.617
424.945	130.271	98.926	141.573
427.921	132.926	97.901	138.930
435.213	135.250	90.843	142.475
444.448	140.580	78.627	128.924
448.428	146.381	78.459	128.332
451.129	145.321	69.669	121.447
457.677	150.600	68.008	120.435
454.205	143.183	71.770	122.948
457.119	143.276	68.762	124.025
457.796	149.172	68.657	119.800
451.177	145.612	76.011	121.900
452.689	148.768	69.446	113.018
450.665	143.086	67.101	107.007
455.076	156.676	66.238	105.031
451.049	144.750	67.129	114.289
453.239	150.815	67.712	108.137
455.533	150.835	65.645	104.905
459.340	149.867	62.558	107.195
459.356	154.068	63.114	103.596
457.336	144.615	62.226	103.043
456.266	165.905	68.797	95.084
452.357	161.826	71.850	94.948
460.172	156.969	71.841	107.025
461.667	153.950	71.559	118.108
459.300	160.187	74.613	112.335
456.539	144.829	73.059	119.610
461.221	147.824	72.340	124.176
449.433	141.974	81.123	121.713
448.924	143.879	76.453	114.990
439.155	138.390	79.084	110.536
435.247	141.228	76.633	104.544
438.308	144.430	81.578	103.473
436.442	153.839	85.223	91.656
427.029	159.101	82.386	94.014
429.496	160.824	74.670	99.261
425.099	152.438	90.426	98.098
433.659	155.873	73.318	113.602
437.942	160.140	79.849	102.301
449.828	155.526	75.257	92.122
451.035	154.977	69.357	82.517
451.904	156.201	65.850	77.369
454.123	155.805	59.437	76.693
456.494	157.397	58.074	79.054
450.952	160.982	60.954	72.723
452.472	157.601	59.760	79.680
456.385	152.370	61.062	79.040
457.234	151.587	59.067	74.372
464.260	151.974	53.582	68.535
465.605	154.014	49.459	58.165
469.551	153.643	44.650	55.911
467.064	154.617	47.693	59.902
467.048	153.332	46.142	58.720
467.217	157.490	46.745	65.198
463.907	159.329	46.290	56.938
465.561	154.769	44.774	61.285
464.440	153.454	47.940	58.805
469.191	152.962	44.052	57.938
470.812	153.631	41.218	55.201
471.677	153.985	39.892	52.920
471.394	155.378	40.133	52.801
468.076	153.148	41.594	56.544
465.216	153.619	44.542	55.533
464.774	153.091	44.771	55.602
461.427	150.338	47.609	63.550
464.508	146.180	46.569	70.521
462.984	144.438	50.508	73.729
460.268	146.733	52.171	76.304
460.962	148.028	52.543	73.585
459.452	150.648	55.673	67.326
460.961	146.310	56.314	68.839
462.648	143.999	54.013	71.109
461.072	153.629	55.976	67.117
465.119	149.363	54.334	68.228
468.763	152.022	52.009	68.925
467.444	155.490	53.050	64.884
469.889	155.330	49.813	66.572
462.327	153.966	56.925	62.384
462.850	152.338	56.220	65.295
456.977	148.983	55.861	66.107
458.912	149.587	51.497	66.934
455.650	150.214	50.776	61.984
457.059	150.333	51.293	65.802
456.238	148.247	51.129	66.554
457.163	149.114	53.437	67.657
450.161	146.677	57.729	67.292
449.678	148.446	56.238	65.939
452.690	153.899	61.271	67.751
445.887	148.639	61.718	72.413
449.680	158.008	63.183	69.915
446.127	147.078	58.747	79.694
447.106	151.142	58.834	80.907
443.332	140.666	58.230	82.865
446.342	157.535	59.783	77.019
440.564	143.200	56.881	91.757
449.239	151.523	61.426	79.223
445.463	143.174	59.109	77.407
441.796	147.719	59.470	74.235
446.891	155.161	60.391	66.957
446.059	144.715	56.836	70.417
440.671	147.274	56.545	73.881
444.252	152.421	60.937	68.710
443.284	146.800	53.898	76.264
440.837	156.941	54.149	95.895
440.365	158.742	59.319	72.706
437.482	155.439	54.940	94.737
433.599	154.373	63.657	75.013
439.593	150.060	63.269	76.258
445.502	151.447	61.758	69.602
444.713	146.090	56.941	80.813
433.832	148.535	64.157	90.979
426.492	161.626	60.828	128.007
421.519	180.344	58.329	129.068
419.765	185.773	52.873	139.539
421.365	184.332	53.837	138.011
420.167	190.043	53.477	133.275
421.098	193.371	52.807	135.553
419.280	197.972	54.916	136.807
418.536	200.602	55.658	136.030
419.469	205.993	56.551	134.289
419.256	212.514	54.504	131.583
419.894	218.323	54.941	122.111
417.582	223.980	57.815	127.482
412.999	211.331	63.591	121.825
413.094	195.519	64.419	128.288
404.893	198.448	75.900	102.643
407.861	181.107	70.685	105.792
393.838	191.829	74.125	88.968
380.999	193.924	87.855	117.613
331.501	235.457	86.071	105.878
372.375	180.994	83.998	149.505
422.373	151.486	83.175	133.014
431.810	174.592	77.297	149.583
438.555	189.373	83.765	167.499
421.673	156.081	82.713	154.232
425.358	141.015	92.147	127.675
433.877	150.587	77.757	126.412
448.302	165.072	63.086	120.018
457.273	175.086	50.007	121.959
456.815	208.864	48.504	159.925
446.589	222.444	65.336	135.232
443.529	249.269	75.154	104.728
443.553	256.936	81.887	89.843
447.642	228.194	66.990	126.768
449.663	248.087	78.730	103.536
444.057	204.868	73.449	131.096
447.705	230.311	73.865	127.285
451.003	188.747	66.677	163.712
422.033	168.545	91.503	153.225
404.629	186.615	107.379	150.885
428.078	156.898	89.640	170.152
412.975	164.162	99.554	170.159
425.256	132.750	84.399	186.579
417.951	146.744	90.403	173.603
424.046	145.361	92.373	161.903
410.542	141.102	85.255	171.386
435.349	135.887	88.851	116.931
423.092	149.742	83.387	150.855
417.770	149.380	82.623	160.958
431.403	148.315	84.513	165.304
420.121	168.319	81.635	158.584
412.982	160.421	77.351	147.783
415.503	92.396	132.133	358.034
268.161	265.130	115.263	203.989
413.556	186.098	92.264	156.448
413.329	245.406	82.747	106.808
418.909	266.491	73.920	78.982
426.699	203.274	85.340	112.028
413.063	228.885	87.805	118.892
415.324	251.652	82.952	96.788
417.183	254.541	77.004	84.266
420.113	260.383	61.950	78.114
421.210	265.582	56.845	71.102
422.096	275.934	54.002	61.939
423.082	269.425	51.663	68.440
423.240	271.313	52.382	66.519
423.770	275.035	53.235	63.613
426.424	271.938	52.401	66.847
425.722	275.202	54.929	64.513
428.596	281.934	55.210	58.618
431.815	282.464	52.436	60.752
429.097	286.986	56.499	56.644
433.766	284.450	50.882	63.352
435.294	279.735	50.064	66.941
431.700	277.250	54.558	70.238
430.352	275.209	55.052	69.970
429.223	273.999	54.652	70.799
428.072	266.697	52.619	77.722
422.811	269.045	54.228	75.139
424.680	269.349	51.039	75.331
422.857	269.373	50.010	73.236
417.041	258.394	55.638	79.423
419.992	258.160	54.481	80.616
418.256	251.764	55.952	83.419
414.459	238.755	59.180	94.771
414.751	247.426	63.066	87.516
415.446	254.333	59.340	89.819
418.241	255.960	56.291	88.481
420.749	246.563	52.551	94.872
420.753	241.868	56.421	106.871
420.914	223.259	55.702	100.868
421.817	207.795	65.964	70.990
423.205	195.431	69.857	77.617
437.962	177.194	74.030	89.656
439.026	175.389	77.943	97.061
456.897	191.863	58.116	101.417
462.978	198.472	46.221	89.792
463.657	206.964	43.117	80.362
458.817	209.180	42.559	74.093
454.646	208.009	41.523	77.676
453.216	203.011	40.137	81.285
451.935	208.734	40.769	80.269
452.680	210.151	43.583	73.945
452.669	207.960	47.136	74.985
453.319	205.536	50.635	74.265
454.189	204.004	51.721	73.166
453.495	206.098	52.529	65.676
451.378	202.147	56.420	65.020
451.312	199.065	57.307	66.703
448.639	194.311	61.376	68.324
448.530	183.314	65.787	68.626
444.792	158.270	70.956	84.830
432.794	138.973	75.914	97.357
433.981	119.894	84.127	106.615
419.305	114.611	86.303	109.702
443.930	113.322	88.695	110.363
429.442	118.137	94.151	105.604
429.905	122.686	83.873	117.829
429.386	120.870	78.147	107.886
437.791	114.228	82.579	107.582
448.802	114.477	80.303	114.161
429.518	115.056	91.591	107.393
433.359	120.467	73.980	101.393
437.044	134.846	73.935	88.145
454.608	124.988	80.933	97.092
459.228	119.761	75.102	107.216
462.413	118.286	69.614	102.152
460.668	118.451	79.238	100.424
456.745	116.978	77.276	103.956
454.255	117.577	77.468	103.472
457.548	118.698	75.387	108.052
458.514	124.050	76.719	113.302
447.326	121.172	86.389	116.744
453.989	122.997	81.237	123.241
452.344	120.975	84.431	119.193
449.427	118.707	88.499	115.593
453.175	117.284	87.417	112.981
446.511	120.721	96.898	101.742
448.023	123.296	88.012	97.520
459.813	116.893	82.814	101.308
441.975	123.185	85.877	96.053
472.055	117.215	76.179	107.448
455.308	118.339	83.144	111.433
444.774	129.024	84.182	109.716
437.021	134.702	79.831	113.299
443.328	145.853	85.769	113.254
440.290	160.920	83.097	101.122
448.770	168.791	74.525	100.011
445.118	173.674	69.150	101.459
456.523	182.665	51.299	89.531
446.770	191.677	53.640	84.765
443.793	192.003	52.951	82.741
440.902	193.660	54.929	81.217
442.447	191.327	54.628	84.524
441.555	186.377	55.576	93.924
438.478	188.392	57.557	95.498
438.595	191.015	57.250	91.513
438.456	194.074	52.786	90.359
441.622	200.963	47.116	87.263
446.920	199.004	49.080	87.429
449.876	191.106	55.499	92.388
451.543	189.974	61.212	95.700
455.201	192.694	67.559	87.355
466.356	194.797	68.155	82.196
461.311	195.551	76.078	74.330
464.766	188.825	72.722	77.448
464.834	186.859	73.717	77.165
463.191	188.927	71.433	76.225
463.506	186.114	64.094	87.912
464.133	187.329	59.173	91.176
463.389	183.089	51.391	97.637
456.034	187.134	53.571	101.616
450.836	185.208	55.206	110.633
442.936	194.360	57.919	106.973
438.841	198.160	60.422	111.667
436.332	202.744	69.911	123.814
432.542	205.203	72.051	126.620
432.930	193.659	72.349	115.043
433.492	198.236	67.850	120.732
434.905	208.612	61.957	115.381
441.664	210.686	56.206	119.904
442.047	216.442	61.628	117.281
442.157	226.605	66.616	113.362
442.890	239.880	69.642	102.930
440.415	237.577	72.545	105.267
439.639	227.472	70.912	118.766
434.610	237.591	73.930	113.924
438.342	237.547	79.945	109.610
502.316	199.848	74.081	143.202
507.928	195.304	70.143	154.513
510.276	201.688	73.991	152.440
511.518	198.829	79.007	153.872
512.633	190.915	85.347	158.181
528.410	187.488	76.188	162.869
533.485	157.104	84.266	176.643
537.938	178.705	91.975	177.854
540.517	178.837	89.839	180.735
538.360	187.623	95.322	169.543
539.632	196.321	94.354	155.552
545.211	179.483	90.536	160.682
554.693	180.171	77.318	160.146
559.043	187.581	72.609	163.635
568.297	188.572	64.970	166.094
568.730	184.415	64.955	182.773
570.535	209.998	65.818	165.105
571.564	246.898	59.107	132.387
570.884	250.184	53.861	130.280
563.694	251.391	55.227	131.930
554.021	224.045	60.363	155.553
544.725	209.272	64.992	170.038
535.715	196.443	71.919	181.988
530.051	195.360	72.049	180.960
527.264	190.444	72.505	186.047
522.384	184.380	66.258	196.073
517.250	178.020	63.610	203.374
521.177	188.849	66.634	194.127
512.482	182.661	65.678	202.205
505.389	178.236	72.871	204.212
498.376	205.806	76.555	182.858
501.758	179.025	75.501	208.704
504.577	176.107	74.163	219.229
492.089	197.486	80.451	202.260
507.109	181.720	66.720	217.656
493.875	195.195	68.547	209.846
509.153	169.042	59.439	233.181
358.762	181.894	135.268	134.745
341.470	194.482	126.349	128.395
329.683	226.514	105.131	107.621
305.518	241.795	112.305	140.119
328.788	237.985	90.555	159.654
344.658	196.177	118.438	125.943
346.914	180.764	125.390	122.448
331.118	170.190	129.159	131.115
335.119	159.898	123.440	147.030
330.269	165.913	116.486	139.661
327.708	146.616	123.206	150.577
338.560	138.243	140.744	145.742
340.080	128.454	124.694	154.322
345.660	128.224	119.749	148.203
347.465	144.422	96.288	126.782
280.958	311.035	65.085	120.078
282.516	304.614	49.950	130.547
282.312	295.301	54.408	140.797
284.500	281.755	49.954	158.655
281.043	266.256	56.542	179.432
279.041	252.957	64.452	188.096
278.737	234.131	59.979	194.180
275.915	223.821	63.362	199.129
280.747	203.019	72.257	216.981
290.296	295.320	70.741	142.748
295.236	319.398	62.333	101.742
299.543	325.542	55.202	86.831
306.359	322.501	49.959	82.985
311.008	318.168	48.055	79.373
314.994	313.802	48.235	77.463
319.823	311.663	48.177	81.326
323.252	307.661	50.684	75.894
325.252	306.269	53.887	75.103
329.868	300.335	56.560	73.457
330.545	301.941	59.479	70.277
336.918	298.110	58.892	66.386
346.760	297.063	50.197	68.361
353.237	294.742	48.934	65.522
359.200	294.198	44.872	67.289
365.106	292.760	41.538	74.097
368.713	290.393	43.314	74.465
372.890	291.735	42.878	77.944
373.837	293.094	45.208	77.492
379.048	293.203	45.995	78.250
380.002	294.457	50.073	75.994
383.653	297.174	50.137	72.153
388.513	296.924	46.887	72.839
392.969	297.894	44.262	73.269
397.295	297.236	44.208	77.147
400.528	294.775	45.335	78.657
405.556	290.994	41.794	84.265
407.881	289.660	42.764	84.130
411.224	286.155	42.808	83.852
412.987	285.826	45.078	80.782
414.501	284.508	45.554	78.338
415.122	281.934	47.047	77.213
416.083	279.731	48.280	73.846
418.041	277.355	49.301	73.867
404.828	270.400	63.328	73.179
413.893	267.310	54.224	74.844
410.346	263.895	59.441	75.617
420.410	259.417	51.876	79.974
423.696	253.715	50.480	82.241
423.708	247.937	46.983	83.656
425.404	244.941	51.715	83.108
424.424	237.939	54.282	83.562
426.108	233.271	55.090	83.640
423.411	227.013	57.448	90.301
423.613	219.343	60.677	82.417
420.238	214.688	65.664	76.163
422.698	214.180	66.868	69.916
422.840	206.780	68.331	72.760
422.126	201.441	69.427	75.218
421.015	193.669	68.101	75.819
419.259	188.078	68.014	75.187
417.263	181.397	67.953	75.074
419.634	177.170	62.603	74.635
419.673	172.757	62.222	72.823
419.660	168.139	62.860	71.566
420.670	162.368	62.602	70.141
420.354	158.935	64.823	69.487
420.496	156.143	67.945	66.892
422.089	154.122	69.295	65.293
424.836	149.655	68.110	68.252
428.812	142.720	66.300	73.689
431.275	129.511	66.518	86.185
434.207	134.096	64.953	81.283
436.215	132.466	63.683	82.272
438.898	132.589	63.712	82.119
439.397	124.821	64.007	89.320
438.449	123.374	67.122	92.986
438.203	122.040	67.475	96.418
436.552	124.323	64.736	95.126
435.289	131.109	67.242	84.488
433.398	133.909	62.153	81.267
432.469	135.177	61.548	77.841
430.970	134.532	61.273	78.074
428.911	134.013	61.346	78.263
427.123	135.605	63.060	76.233
424.601	134.597	63.942	76.991
422.831	128.312	66.583	82.802
421.458	124.864	68.123	90.140
416.471	132.316	77.158	85.758
415.337	149.005	78.396	73.908
404.243	159.647	82.286	71.707
399.010	157.592	84.477	77.499
390.499	179.876	82.831	64.079
388.127	192.148	79.717	63.725
385.430	206.353	75.889	58.187
381.127	220.014	65.279	65.781
382.879	235.060	55.874	93.746
378.826	244.813	60.575	101.992
382.225	235.498	63.730	107.270
381.362	246.079	62.894	100.289
380.032	251.233	60.695	97.549
379.873	263.480	57.991	91.340
380.382	287.054	59.448	84.275
383.471	293.887	61.205	82.666
377.893	298.221	70.551	85.355
382.267	314.320	76.175	74.756
381.924	325.880	79.702	62.141
385.990	327.696	77.647	62.261
390.582	325.611	76.112	65.117
398.687	325.455	70.887	66.067
407.633	319.092	62.891	70.581
412.089	316.882	59.045	70.373
412.631	311.937	59.375	71.729
413.109	307.715	61.522	70.959
412.103	303.682	65.108	71.648
410.130	295.230	69.093	65.377
407.772	290.549	70.164	58.179
409.782	288.520	75.441	60.871
409.944	284.542	74.085	64.607
412.895	278.807	77.324	71.700
407.293	271.605	81.412	75.794
410.269	266.803	80.105	81.341
409.962	265.894	77.685	81.397
410.171	259.610	76.281	86.531
413.897	249.429	74.021	96.060
423.157	235.556	73.377	101.436
427.877	233.628	67.213	107.820
432.809	227.025	69.423	92.036
438.625	219.171	69.766	89.097
440.439	215.831	72.493	68.224
440.396	212.539	74.360	57.046
442.733	209.014	72.600	55.897
445.476	207.779	70.487	58.505
447.017	206.930	70.040	59.776
449.904	209.258	68.700	58.851
453.822	213.708	63.917	64.668
456.640	217.793	61.939	62.763
458.936	222.458	58.097	67.064
461.043	231.182	56.297	68.655
461.703	231.542	56.560	69.675
461.689	228.583	48.205	106.920
461.023	247.039	53.776	119.733
455.651	170.678	53.381	163.204
451.721	142.317	63.650	187.625
446.868	126.358	65.886	155.739
442.024	117.515	72.789	144.675
454.476	146.819	73.720	139.598
444.636	160.564	77.281	134.737
442.387	140.919	74.040	118.440
440.451	142.875	71.279	92.638
458.087	159.678	70.679	95.793
455.137	164.260	63.675	116.693
460.770	172.636	63.820	121.945
460.021	260.231	73.459	113.591
451.677	300.317	70.356	90.252
450.802	302.795	64.842	76.428
446.657	310.070	63.680	68.892
445.267	309.269	60.314	64.704
442.995	306.129	56.268	66.234
440.713	301.667	54.677	68.311
436.774	296.629	50.246	66.581
434.270	289.793	49.384	68.156
432.108	283.932	46.368	68.818
428.520	275.552	48.028	72.153
415.008	271.036	56.492	74.573
413.726	266.320	56.142	78.704
405.618	267.042	59.507	75.639
405.746	258.854	56.528	84.404
408.142	245.718	60.532	90.129
408.024	243.825	57.229	99.449
415.903	231.761	49.627	105.673
403.752	217.089	59.362	118.713
409.576	212.956	55.282	115.809
415.560	209.680	48.929	121.062
412.978	207.767	52.044	122.494
407.637	212.022	62.767	123.306
494.577	231.995	63.999	138.026
497.690	221.866	62.147	148.312
486.508	200.013	72.110	161.457
467.047	184.834	86.934	158.896
476.656	175.492	76.628	181.852
468.602	167.530	81.419	177.276
459.998	193.352	87.929	152.634
446.724	201.650	96.471	142.679
478.920	188.582	67.147	152.437
471.964	192.275	71.103	151.096
468.420	186.186	73.247	155.277
463.199	167.804	71.883	171.593
434.957	117.716	84.866	174.861
390.022	117.093	87.484	183.788
393.288	110.824	108.339	181.826
387.218	113.467	99.411	183.878
406.089	111.880	101.059	171.924
402.720	119.765	94.063	172.696
401.907	108.945	99.860	187.954
410.747	118.823	89.771	188.762
382.929	115.980	111.196	184.894
389.911	119.190	96.837	184.034
403.198	117.481	91.634	179.663
424.450	164.568	79.385	176.045
421.610	193.594	73.136	156.738
430.899	230.004	62.149	140.932
432.032	245.159	58.165	127.258
433.156	250.886	56.031	115.571
434.916	249.322	52.946	118.277
433.245	254.941	55.848	111.561
434.024	252.900	50.237	112.965
431.627	245.703	51.008	122.457
431.895	249.764	53.864	114.839
433.759	255.317	53.969	111.049
441.317	245.774	60.964	115.790
441.154	254.278	60.160	113.051
424.102	236.105	77.579	116.860
444.295	244.592	67.556	115.222
429.576	239.631	76.584	108.642
452.964	248.457	60.885	126.505
459.840	235.503	60.709	136.593
461.578	219.678	62.688	148.713
455.949	174.151	70.889	164.165
462.993	140.301	69.979	143.571
465.063	133.038	70.651	150.688
463.697	124.522	74.160	159.122
471.754	145.913	74.717	156.844
481.443	147.553	74.593	132.525
475.772	144.076	73.544	146.621
491.525	143.584	67.786	149.638
473.906	158.696	83.674	136.091
493.507	150.036	67.446	159.281
491.359	142.958	74.751	149.364
415.436	235.889	81.211	111.717
410.535	256.055	89.621	96.604
415.770	279.379	86.514	86.205
431.590	281.586	73.869	87.822
428.592	308.294	72.311	103.090
517.285	273.019	65.631	112.935
519.373	270.795	63.566	127.415
520.155	270.292	70.479	124.833
525.515	272.210	69.711	131.887
533.227	239.233	71.568	159.900
544.819	225.707	70.864	176.584
555.391	208.989	66.282	196.994
554.918	192.520	71.976	216.666
552.311	196.267	80.407	212.159
555.952	196.963	81.734	214.359
554.509	200.192	86.454	215.111
564.804	215.382	79.619	202.844
559.297	221.451	86.225	201.504
562.399	204.769	87.169	211.663
560.294	200.893	88.699	209.317
564.892	209.464	87.746	208.900
567.255	216.079	83.344	216.320
567.833	215.383	82.349	224.876
571.558	223.260	80.599	218.523
572.074	213.717	77.565	221.598
572.878	210.032	77.694	219.218
576.384	229.044	73.098	211.780
576.867	256.578	72.988	191.118
581.634	273.689	66.519	172.224
578.824	293.219	66.800	152.634
585.905	301.516	58.571	142.625
581.514	302.452	61.342	139.424
580.705	300.063	58.864	144.199
584.419	296.257	54.569	149.058
579.708	288.590	56.875	156.212
576.568	295.374	60.955	150.191
578.893	278.133	58.900	159.685
577.238	289.970	59.810	154.443
572.182	288.651	62.402	154.281
554.786	299.436	82.604	151.085
563.290	306.245	77.221	149.752
558.727	316.783	80.473	147.750
420.613	303.784	81.689	92.242
424.071	302.896	70.770	85.354
431.254	295.820	62.686	88.216
433.584	289.341	59.463	89.769
435.193	281.309	61.592	97.871
427.831	278.855	68.298	101.646
429.272	269.070	60.854	91.447
433.234	262.861	61.247	103.012
427.144	257.866	61.670	102.572
425.270	251.025	56.154	98.449
423.779	247.504	57.606	99.360
421.478	241.797	60.863	97.082
419.465	233.593	56.502	98.848
416.493	226.264	59.344	99.101
417.371	225.880	55.919	99.129
414.975	226.231	57.766	92.401
413.323	221.208	59.768	82.921
413.651	217.649	60.139	85.610
409.025	213.553	61.326	89.210
404.690	210.968	67.451	100.957
420.506	238.333	71.581	109.779
408.921	214.496	72.153	128.558
420.222	256.025	70.163	92.716
425.955	250.396	63.249	88.045
430.960	251.165	57.736	83.965
433.195	250.437	52.936	79.937
433.511	250.136	52.225	78.512
430.985	252.020	51.220	78.134
431.784	241.952	51.828	87.451
436.546	245.420	50.093	89.308
400.895	188.665	55.197	86.843
395.213	183.560	56.618	104.038
397.072	190.558	53.825	95.795
400.918	198.291	50.155	88.574
403.330	206.214	48.496	89.922
403.194	211.884	51.503	87.473
404.521	213.281	50.180	88.731
405.148	215.117	50.899	89.165
406.584	217.346	49.397	98.115
408.016	221.752	51.361	99.742
409.667	223.979	52.286	95.638
413.170	225.815	50.162	90.659
413.885	225.559	49.686	95.313
414.084	225.162	50.529	97.872
414.460	224.956	51.492	104.128
412.569	225.868	55.963	116.850
414.021	222.088	57.613	127.997
414.463	220.430	57.647	128.562
416.568	221.694	58.071	125.304
417.909	223.681	60.532	127.170
421.262	228.237	63.552	121.296
417.906	245.097	68.247	119.201
417.078	246.796	74.134	116.944
419.361	255.434	73.796	112.073
418.174	252.108	75.957	113.423
413.649	242.838	78.936	103.481
408.938	237.440	78.594	109.637
405.318	234.725	76.534	108.882
405.918	229.888	68.272	106.134
410.816	226.964	56.179	110.129
404.025	229.504	59.105	111.211
387.689	232.904	65.218	110.556
381.144	233.547	75.011	103.403
376.691	235.195	73.502	109.161
377.375	234.189	77.433	106.434
376.985	235.191	75.951	106.115
380.644	233.480	75.759	105.572
389.111	231.093	71.294	110.096
402.790	229.428	65.526	113.815
414.284	222.705	66.642	105.947
414.250	226.870	72.576	104.170
407.979	234.847	83.663	115.624
403.874	233.763	89.304	126.228
400.564	229.656	92.261	129.737
399.917	226.860	89.724	134.913
396.554	221.805	83.751	120.545
400.458	225.673	71.957	102.913
397.210	236.171	67.568	107.541
393.598	238.804	67.204	111.832
389.282	241.967	66.593	113.831
386.987	242.814	68.406	115.498
386.121	244.180	69.359	116.428
385.501	241.547	72.435	112.605
386.456	239.772	77.873	109.197
387.465	237.578	80.462	100.307
384.653	239.514	83.004	101.271
384.058	241.433	82.697	113.733
384.308	246.083	82.012	132.740
382.464	246.756	79.654	121.092
383.918	248.699	74.648	118.606
381.296	244.221	79.090	110.840
376.476	246.945	85.069	105.823
375.596	243.459	87.966	109.527
375.756	243.743	86.873	109.404
375.591	245.942	88.034	106.368
376.096	246.921	87.845	111.399
379.633	246.105	89.439	115.613
378.837	245.410	95.338	112.642
381.890	244.914	96.636	113.952
384.313	243.316	96.759	111.700
390.671	245.013	93.184	104.055
413.940	242.724	104.519	96.420
439.428	242.192	93.114	89.428
455.089	242.609	81.879	86.259
449.627	242.595	84.208	87.194
474.200	241.256	60.605	88.761
486.019	237.825	50.121	89.230
489.823	235.892	49.241	88.583
491.439	235.386	48.707	91.473
415.742	254.672	67.258	90.972
417.114	246.070	75.296	97.446
419.924	243.085	79.408	95.831
425.165	242.803	74.344	95.780
426.577	243.060	73.646	94.732
429.319	241.970	70.982	94.641
431.453	240.342	69.529	93.058
433.224	238.143	69.463	91.816
433.474	238.701	68.924	88.862
434.047	239.256	68.367	91.450
431.679	238.968	69.564	86.940
431.538	240.344	69.225	84.950
428.944	239.004	71.556	87.257
424.466	241.953	71.472	86.305
425.629	240.578	70.429	85.607
425.747	239.560	70.204	87.011
427.634	240.505	69.280	89.268
428.606	239.341	69.677	90.362
429.938	239.398	66.449	93.200
430.667	239.918	65.159	91.803
429.911	240.714	64.555	90.656
427.050	239.557	69.582	91.630
419.316	241.450	70.509	93.012
412.783	241.411	74.226	92.760
407.717	244.001	71.834	91.223
402.293	243.094	73.635	87.740
396.986	243.728	74.265	92.536
393.067	243.490	79.041	89.865
388.406	243.103	74.430	93.833
385.973	243.350	80.528	98.661
381.214	243.642	77.801	92.991
378.130	244.239	76.864	90.707
375.178	244.211	71.746	92.441
370.975	246.920	70.681	102.246
365.671	249.817	74.646	102.565
359.597	248.452	76.475	102.681
358.041	249.170	72.091	106.934
350.308	251.484	72.177	110.071
344.049	251.397	76.154	103.794
342.337	242.318	78.008	109.485
341.025	240.353	83.768	111.219
338.261	238.510	82.141	117.420
335.224	251.064	72.830	110.149
336.260	235.374	76.674	117.128
335.491	244.617	71.018	112.613
339.555	219.480	78.730	127.562
337.872	211.999	77.764	137.363
341.920	206.556	82.495	144.584
342.950	217.875	83.521	135.667
349.384	230.144	81.188	128.928
368.702	191.719	78.380	123.334
386.490	189.963	72.929	111.930
403.855	192.340	69.772	112.944
413.321	192.295	67.930	106.969
427.454	191.027	67.051	111.957
431.946	190.539	66.434	105.332
437.880	190.030	66.936	107.933
450.906	190.509	71.688	108.310
450.548	187.418	76.715	108.312
455.112	185.834	77.734	109.407
456.836	183.578	74.252	111.296
464.743	178.263	76.540	115.648
503.091	171.042	96.848	114.067
473.384	175.559	69.803	118.663
474.876	182.363	80.785	109.951
476.787	183.300	74.939	105.900
477.545	180.373	74.301	118.212
477.719	181.733	69.679	117.496
475.320	180.923	73.321	121.922
472.200	180.858	75.725	124.749
463.786	188.483	74.891	119.450
455.537	195.872	75.533	117.212
441.144	209.647	70.082	114.405
430.429	208.166	75.531	119.018
421.189	219.032	80.770	119.379
409.570	221.205	81.075	127.244
395.151	236.109	88.716	120.174
470.707	343.720	66.728	122.551
444.913	348.860	64.196	122.882
426.604	356.703	65.590	118.300
398.693	361.584	72.512	125.225
349.316	372.312	101.918	117.949
340.598	364.976	86.464	123.060
312.574	373.528	79.401	117.118
297.283	298.130	98.867	154.333
291.670	281.412	107.568	143.614
284.239	273.212	112.730	147.984
259.784	280.340	113.420	183.597
254.370	289.694	118.737	212.098
256.815	281.121	106.915	219.301
240.541	272.931	110.035	223.436
239.261	287.658	100.626	233.911
216.108	285.801	103.402	240.809
217.342	282.408	106.944	205.173
212.157	295.307	108.781	212.150
206.668	294.404	108.710	207.662
212.417	300.489	104.503	202.724
214.625	297.156	105.611	224.521
215.780	273.135	96.379	244.835
219.035	288.838	94.914	238.888
220.749	277.533	96.074	252.164
216.934	273.439	101.497	256.502
213.102	268.227	107.705	253.927
215.848	259.279	110.400	258.144
213.574	253.348	119.921	253.933
219.395	260.588	118.461	240.819
193.117	245.483	131.509	246.146
235.164	233.411	124.079	246.300
294.989	274.484	149.984	96.299
295.263	275.720	146.870	87.984
288.244	267.204	120.665	100.549
291.130	371.091	70.937	126.214
296.109	385.856	73.299	109.204
311.287	392.443	70.072	106.706
314.771	386.937	72.925	114.622
317.672	386.600	72.211	117.574
322.264	388.888	67.124	120.299
323.230	386.330	66.655	126.101
324.656	391.757	62.493	122.674
323.986	397.489	62.760	120.973
321.612	380.021	59.053	153.887
435.733	260.853	73.707	137.280
447.553	254.275	70.133	137.108
440.477	259.444	79.490	137.024
446.087	245.478	83.038	149.615
446.577	263.039	79.481	136.812
442.912	255.931	90.416	151.517
422.396	254.888	120.773	148.947
374.497	228.369	133.563	147.937
371.376	234.817	128.722	139.738
389.559	239.024	125.211	148.173
396.075	238.484	132.234	151.071
418.393	256.972	130.138	154.436
406.976	239.759	140.102	161.425
385.940	233.214	130.492	163.551
401.605	232.464	115.887	169.373
405.870	225.214	116.947	163.489
422.979	219.975	98.817	149.117
425.554	212.055	113.590	162.399
431.150	202.027	94.278	163.615
436.618	201.046	92.542	166.650
450.700	192.768	83.630	172.751
460.344	199.264	79.340	167.407
466.522	203.272	78.470	162.998
469.006	208.786	77.000	160.757
471.666	196.641	76.806	172.142
470.267	189.353	77.802	181.953
463.334	191.485	95.344	166.983
449.992	185.129	112.393	163.532
452.470	175.234	102.991	147.295
439.760	186.294	127.371	154.037
450.078	214.574	136.754	147.136
416.059	202.647	132.737	159.639
404.580	172.118	114.635	147.843
410.611	188.196	95.842	126.669
408.577	192.017	86.298	125.260
413.829	204.098	82.990	120.534
421.590	210.724	71.309	112.963
429.387	212.572	62.062	111.208
429.083	212.409	64.778	114.353
432.991	212.882	62.770	115.123
435.039	215.109	64.978	115.186
436.557	206.426	67.238	124.574
438.158	210.364	69.969	120.845
436.216	218.382	73.150	114.156
441.626	215.979	74.504	120.974
448.692	219.563	80.134	138.582
451.764	214.293	87.080	158.189
453.492	213.409	90.161	166.924
455.962	211.417	93.284	164.623
453.832	209.040	87.520	162.067
450.632	207.466	88.740	160.592
450.532	203.996	98.012	166.289
448.767	206.098	79.704	147.746
447.142	222.081	72.081	128.403
441.528	229.747	69.698	119.620
436.569	229.028	67.577	117.053
427.286	227.027	65.165	116.714
420.720	224.608	67.631	119.212
413.547	219.162	65.498	116.714
404.851	215.428	65.293	114.429
399.965	212.558	63.891	115.034
391.019	204.700	66.306	116.150
386.677	191.068	68.089	122.951
384.723	176.557	69.562	130.443
382.252	163.718	67.349	136.688
379.922	152.850	67.933	144.967
380.801	143.433	65.472	141.723
379.579	136.168	66.233	136.984
380.476	129.247	64.222	153.895
377.889	116.556	63.984	165.808
377.465	113.176	65.657	165.540
376.489	105.965	64.742	146.172
373.839	96.906	63.561	143.470
372.304	100.238	61.547	134.042
366.592	101.194	60.755	129.868
358.902	101.496	65.966	127.302
351.731	107.832	64.150	119.568
343.856	109.845	63.346	126.725
241.508	109.718	94.277	126.396
245.859	120.394	90.422	130.473
247.568	130.583	90.533	120.817
254.256	136.123	86.373	119.547
257.416	135.219	84.320	125.349
255.499	137.361	87.255	125.227
256.575	139.285	87.076	130.082
261.477	140.082	86.887	131.290
269.871	144.283	82.981	129.197
273.419	149.461	84.486	126.646
284.679	149.890	81.211	131.673
291.088	147.233	85.264	130.838
298.021	149.145	91.703	126.267
342.188	154.664	105.536	144.733
320.798	142.807	111.887	148.620
328.860	147.380	99.840	152.456
348.297	145.379	97.921	153.795
323.807	137.451	107.049	142.759
326.983	133.484	104.053	137.088
335.808	126.406	100.403	138.137
336.841	119.114	102.301	145.170
337.494	118.581	101.709	139.429
337.358	117.719	105.847	138.908
339.480	119.914	107.209	136.239
371.493	169.499	85.693	112.366
348.180	127.074	90.193	129.724
347.449	112.731	83.638	134.510
345.639	107.402	89.781	135.968
349.666	109.601	91.891	131.642
352.844	107.219	91.463	142.230
354.087	114.045	98.184	134.489
358.531	113.272	98.124	132.248
358.877	119.512	109.047	136.451
358.724	121.344	97.147	124.138
363.135	120.331	96.930	129.723
366.887	118.294	94.684	125.875
373.471	121.121	95.747	123.949
