variant,sequence,frame_zero_based,region,candidate,searched_region,extra_executed,pause,gt_known,same_state_c1_iou,selected_iou
write_pair_reference_own_b384,10runone,55,0,0,2,True,False,True,0.7204956914114402,0.7204956914114402
write_pair_reference_own_b384,10runone,68,0,0,2,True,False,True,0.935852622264573,0.935852622264573
write_pair_reference_own_b384,10runone,72,0,0,2,True,False,True,0.6495547791265363,0.6495547791265363
write_pair_reference_own_b384,10runone,73,0,0,2,True,False,True,0.8237458545054663,0.8237458545054663
write_pair_reference_own_b384,10runone,80,0,0,0,False,True,True,0.7962605068187839,0.7962605068187839
write_pair_reference_own_b384,11leftboy,46,0,0,2,True,False,True,0.811816965607375,0.811816965607375
write_pair_reference_own_b384,11leftboy,129,0,0,2,True,False,True,0.0,0.0
write_pair_reference_own_b384,11leftboy,134,0,0,2,True,False,True,0.0,0.0
write_pair_reference_own_b384,11leftboy,135,0,0,2,True,False,True,0.0,0.0
write_pair_reference_own_b384,11leftboy,142,0,1,2,True,False,True,0.0,0.0
write_pair_reference_own_b384,11runtwo,241,0,0,2,True,False,True,0.766722078435123,0.766722078435123
write_pair_reference_own_b384,11runtwo,292,0,1,0,False,False,True,0.7326452280391395,0.0
write_pair_reference_own_b384,1stcol4thboy,9,0,0,2,True,False,True,0.418274925471313,0.418274925471313
write_pair_reference_own_b384,1stcol4thboy,20,0,0,2,True,False,True,0.24329477093345664,0.24329477093345664
write_pair_reference_own_b384,1stcol4thboy,29,0,0,2,True,False,True,0.0,0.0
write_pair_reference_own_b384,1stcol4thboy,30,0,0,2,True,False,True,0.0,0.0
write_pair_reference_own_b384,1stcol4thboy,32,0,0,2,True,False,True,0.0,0.0
write_pair_reference_own_b384,1stcol4thboy,33,0,0,2,True,False,True,0.0,0.0
write_pair_reference_own_b384,1stcol4thboy,36,0,0,2,True,False,True,0.03797192530228416,0.03797192530228416
write_pair_reference_own_b384,1stcol4thboy,37,0,0,2,True,False,True,0.5983681354530894,0.5983681354530894
write_pair_reference_own_b384,1stcol4thboy,42,0,0,2,True,False,True,0.0,0.0
write_pair_reference_own_b384,1stcol4thboy,43,0,0,2,True,False,True,0.6879649956911623,0.6879649956911623
write_pair_reference_own_b384,1stcol4thboy,44,0,0,2,True,False,True,0.0,0.0
write_pair_reference_own_b384,1stcol4thboy,45,0,0,2,True,False,True,0.0,0.0
write_pair_reference_own_b384,1stcol4thboy,46,0,0,2,True,False,True,0.0,0.0
write_pair_reference_own_b384,1stcol4thboy,49,0,0,2,True,False,True,0.0,0.0
write_pair_reference_own_b384,1stcol4thboy,51,0,0,2,True,False,True,0.0,0.0
write_pair_reference_own_b384,1stcol4thboy,52,0,0,2,True,False,True,0.32027381452366915,0.32027381452366915
write_pair_reference_own_b384,1stcol4thboy,53,0,0,2,True,False,True,0.15511513601995813,0.15511513601995813
write_pair_reference_own_b384,1stcol4thboy,59,0,0,2,True,False,True,0.11092971365399645,0.11092971365399645
write_pair_reference_own_b384,1stcol4thboy,68,0,0,2,True,False,True,0.0,0.0
write_pair_reference_own_b384,1stcol4thboy,70,0,0,2,True,False,True,0.0,0.0
write_pair_reference_own_b384,1stcol4thboy,72,0,0,2,True,False,True,0.0,0.0
write_pair_reference_own_b384,1stcol4thboy,73,0,0,2,True,False,True,0.0,0.0
write_pair_reference_own_b384,1stcol4thboy,74,0,0,2,True,False,True,0.0,0.0
write_pair_reference_own_b384,1stcol4thboy,78,0,0,2,True,False,True,0.0,0.0
write_pair_reference_own_b384,1stcol4thboy,79,0,0,2,True,False,True,0.0,0.0
write_pair_reference_own_b384,1stcol4thboy,88,0,0,2,True,False,True,0.0,0.0
write_pair_reference_own_b384,1stcol4thboy,89,0,0,2,True,False,True,0.0,0.0
write_pair_reference_own_b384,1stcol4thboy,90,0,0,2,True,False,True,0.0,0.0
write_pair_reference_own_b384,1stcol4thboy,91,0,0,2,True,False,True,0.0,0.0
write_pair_reference_own_b384,1stcol4thboy,94,0,0,2,True,False,True,0.0,0.0
write_pair_reference_own_b384,1stcol4thboy,98,0,0,2,True,False,True,0.0,0.0
write_pair_reference_own_b384,1stcol4thboy,99,0,0,2,True,False,True,0.0,0.0
write_pair_reference_own_b384,1stcol4thboy,100,0,0,2,True,False,True,0.0,0.0
write_pair_reference_own_b384,1stcol4thboy,105,0,0,2,True,False,True,0.0,0.0
write_pair_reference_own_b384,1stcol4thboy,108,0,0,2,True,False,True,0.0,0.0
write_pair_reference_own_b384,1stcol4thboy,110,0,0,2,True,False,True,0.0,0.0
write_pair_reference_own_b384,1stcol4thboy,114,0,0,2,True,False,True,0.0,0.0
write_pair_reference_own_b384,1stcol4thboy,117,0,0,2,True,False,True,0.0,0.0
write_pair_reference_own_b384,1stcol4thboy,118,0,0,2,True,False,True,0.024501842902511114,0.024501842902511114
write_pair_reference_own_b384,1stcol4thboy,123,0,0,2,True,False,True,0.0,0.0
write_pair_reference_own_b384,1stcol4thboy,124,0,0,2,True,False,True,0.0,0.0
write_pair_reference_own_b384,1stcol4thboy,125,0,0,2,True,False,True,0.0,0.0
write_pair_reference_own_b384,1stcol4thboy,128,0,0,2,True,False,True,0.0,0.0
write_pair_reference_own_b384,1stcol4thboy,129,0,0,2,True,False,True,0.0,0.0
write_pair_reference_own_b384,1stcol4thboy,130,0,0,2,True,False,True,0.0,0.0
write_pair_reference_own_b384,1stcol4thboy,133,0,0,2,True,False,True,0.1522089538909133,0.1522089538909133
write_pair_reference_own_b384,1stcol4thboy,139,0,0,2,True,False,True,0.0,0.0
write_pair_reference_own_b384,1stcol4thboy,142,0,0,2,True,False,True,0.0,0.0
write_pair_reference_own_b384,1stcol4thboy,144,0,0,2,True,False,True,0.0,0.0
write_pair_reference_own_b384,1stcol4thboy,147,0,0,2,True,False,True,0.0,0.0
write_pair_reference_own_b384,1stcol4thboy,151,0,0,2,True,False,True,0.0,0.0
write_pair_reference_own_b384,1stcol4thboy,152,0,0,2,True,False,True,0.0,0.0
write_pair_reference_own_b384,1stcol4thboy,153,0,0,2,True,False,True,0.0,0.0
write_pair_reference_own_b384,1stcol4thboy,156,0,0,2,True,False,True,0.0,0.0
write_pair_reference_own_b384,1stcol4thboy,157,0,0,2,True,False,True,0.0,0.0
write_pair_reference_own_b384,1stcol4thboy,158,0,0,2,True,False,True,0.0,0.0
write_pair_reference_own_b384,1stcol4thboy,160,0,0,2,True,False,True,0.0,0.0
write_pair_reference_own_b384,1stcol4thboy,161,0,0,2,True,False,True,0.0,0.0
write_pair_reference_own_b384,1stcol4thboy,162,0,0,2,True,False,True,0.0,0.0
write_pair_reference_own_b384,1stcol4thboy,163,0,0,2,True,False,True,0.0,0.0
write_pair_reference_own_b384,1stcol4thboy,164,0,0,2,True,False,True,0.0,0.0
write_pair_reference_own_b384,1stcol4thboy,166,0,0,2,True,False,True,0.0,0.0
write_pair_reference_own_b384,1stcol4thboy,168,0,0,2,True,False,True,0.0,0.0
write_pair_reference_own_b384,1stcol4thboy,169,0,0,2,True,False,True,0.0,0.0
write_pair_reference_own_b384,1stcol4thboy,170,0,0,2,True,False,True,0.0,0.0
write_pair_reference_own_b384,1stcol4thboy,172,0,0,2,True,False,True,0.0,0.0
write_pair_reference_own_b384,1stcol4thboy,177,0,0,2,True,False,True,0.0,0.0
write_pair_reference_own_b384,1stcol4thboy,179,0,0,2,True,False,True,0.0,0.0
write_pair_reference_own_b384,1stcol4thboy,180,0,0,2,True,False,True,0.0,0.0
write_pair_reference_own_b384,1stcol4thboy,181,0,0,2,True,False,True,0.0,0.0
write_pair_reference_own_b384,1stcol4thboy,182,0,0,2,True,False,True,0.0,0.0
write_pair_reference_own_b384,1stcol4thboy,183,0,0,2,True,False,True,0.0,0.0
write_pair_reference_own_b384,1stcol4thboy,184,0,0,2,True,False,True,0.0,0.0
write_pair_reference_own_b384,1stcol4thboy,185,0,0,2,True,False,True,0.0,0.0
write_pair_reference_own_b384,1stcol4thboy,186,0,0,2,True,False,True,0.0,0.0
write_pair_reference_own_b384,1stcol4thboy,187,0,0,2,True,False,True,0.0,0.0
write_pair_reference_own_b384,1stcol4thboy,188,0,0,2,True,False,True,0.0,0.0
write_pair_reference_own_b384,1stcol4thboy,190,0,0,2,True,False,True,0.0,0.0
write_pair_reference_own_b384,1stcol4thboy,192,0,0,2,True,False,True,0.0,0.0
write_pair_reference_own_b384,1stcol4thboy,194,0,0,2,True,False,True,0.0,0.0
write_pair_reference_own_b384,1stcol4thboy,204,0,0,2,True,False,True,0.624524929549721,0.624524929549721
write_pair_reference_own_b384,1stcol4thboy,205,0,0,2,True,False,True,0.0789844203300666,0.0789844203300666
write_pair_reference_own_b384,1stcol4thboy,216,0,0,2,True,False,True,0.0,0.0
write_pair_reference_own_b384,1stcol4thboy,218,0,0,2,True,False,True,0.0,0.0
write_pair_reference_own_b384,1stcol4thboy,230,0,0,2,True,False,True,0.42057873103752946,0.42057873103752946
write_pair_reference_own_b384,1stcol4thboy,234,0,0,2,True,False,True,0.0,0.0
write_pair_reference_own_b384,1stcol4thboy,237,0,0,2,True,False,True,0.0,0.0
write_pair_reference_own_b384,1stcol4thboy,243,0,0,2,True,False,True,0.0,0.0
write_pair_reference_own_b384,1stcol4thboy,256,0,0,2,True,False,True,0.0,0.0
write_pair_reference_own_b384,1stcol4thboy,259,0,0,2,True,False,True,0.1377440809648064,0.1377440809648064
write_pair_reference_own_b384,1stcol4thboy,268,0,0,2,True,False,True,0.0,0.0
write_pair_reference_own_b384,1stcol4thboy,269,0,1,2,True,False,True,0.0,0.0
write_pair_reference_own_b384,1stcol4thboy,270,0,0,2,True,False,True,0.0,0.0
write_pair_reference_own_b384,1stcol4thboy,271,0,0,2,True,False,True,0.0,0.0
write_pair_reference_own_b384,1stcol4thboy,272,0,0,2,True,False,True,0.0,0.0
write_pair_reference_own_b384,1stcol4thboy,273,0,0,2,True,False,True,0.0,0.0
write_pair_reference_own_b384,1stcol4thboy,275,0,0,2,True,False,True,0.0,0.0
write_pair_reference_own_b384,1stcol4thboy,276,0,0,2,True,False,True,0.0,0.0
write_pair_reference_own_b384,1stcol4thboy,278,0,0,2,True,False,True,0.0,0.0
write_pair_reference_own_b384,1stcol4thboy,279,0,0,2,True,False,True,0.0,0.0
write_pair_reference_own_b384,1stcol4thboy,280,0,0,2,True,False,True,0.0,0.0
write_pair_reference_own_b384,1stcol4thboy,281,0,0,2,True,False,True,0.0,0.0
write_pair_reference_own_b384,1stcol4thboy,285,0,0,2,True,False,True,0.0,0.0
write_pair_reference_own_b384,1stcol4thboy,287,0,0,2,True,False,True,0.0,0.0
write_pair_reference_own_b384,1stcol4thboy,288,0,0,2,True,False,True,0.0,0.0
write_pair_reference_own_b384,1stcol4thboy,289,0,0,2,True,False,True,0.0,0.0
write_pair_reference_own_b384,1stcol4thboy,290,0,0,2,True,False,True,0.0,0.0
write_pair_reference_own_b384,1stcol4thboy,291,0,0,2,True,False,True,0.0,0.0
write_pair_reference_own_b384,1stcol4thboy,292,0,0,2,True,False,True,0.0,0.0
write_pair_reference_own_b384,1stcol4thboy,293,0,0,2,True,False,True,0.0,0.0
write_pair_reference_own_b384,1stcol4thboy,295,0,0,2,True,False,True,0.0,0.0
write_pair_reference_own_b384,1stcol4thboy,297,0,0,2,True,False,True,0.0,0.0
write_pair_reference_own_b384,1stcol4thboy,298,0,0,2,True,False,True,0.0,0.0
write_pair_reference_own_b384,1stcol4thboy,299,0,0,2,True,False,True,0.0,0.0
write_pair_reference_own_b384,1stcol4thboy,300,0,0,2,True,False,True,0.0,0.0
write_pair_reference_own_b384,1stcol4thboy,301,0,0,2,True,False,True,0.0,0.0
write_pair_reference_own_b384,1stcol4thboy,302,0,0,2,True,False,True,0.0,0.0
write_pair_reference_own_b384,1stcol4thboy,307,0,0,2,True,False,True,0.0,0.0
write_pair_reference_own_b384,1stcol4thboy,308,0,0,2,True,False,True,0.0,0.0
write_pair_reference_own_b384,1stcol4thboy,310,0,0,2,True,False,True,0.0,0.0
write_pair_reference_own_b384,1stcol4thboy,313,0,0,2,True,False,True,0.0,0.0
write_pair_reference_own_b384,1stcol4thboy,314,0,0,2,True,False,True,0.0,0.0
write_pair_reference_own_b384,1stcol4thboy,315,0,0,2,True,False,True,0.0,0.0
write_pair_reference_own_b384,1stcol4thboy,316,0,0,2,True,False,True,0.0,0.0
write_pair_reference_own_b384,1stcol4thboy,317,0,0,2,True,False,True,0.0,0.0
write_pair_reference_own_b384,1stcol4thboy,319,0,0,2,True,False,True,0.0,0.0
write_pair_reference_own_b384,1stcol4thboy,320,0,0,2,True,False,True,0.0,0.0
write_pair_reference_own_b384,1stcol4thboy,323,0,0,2,True,False,True,0.0,0.0
write_pair_reference_own_b384,1stcol4thboy,324,0,0,2,True,False,True,0.0,0.0
write_pair_reference_own_b384,1stcol4thboy,326,0,0,2,True,False,True,0.0,0.0
write_pair_reference_own_b384,1stcol4thboy,328,0,0,2,True,False,True,0.0,0.0
write_pair_reference_own_b384,1stcol4thboy,340,0,0,2,True,False,True,0.0,0.0
write_pair_reference_own_b384,1stcol4thboy,346,0,0,2,True,False,True,0.0,0.0
write_pair_reference_own_b384,1stcol4thboy,353,0,0,2,True,False,True,0.0,0.0
write_pair_reference_own_b384,1stcol4thboy,356,0,0,2,True,False,True,0.0,0.0
write_pair_reference_own_b384,1stcol4thboy,366,0,0,2,True,False,True,0.0,0.0
write_pair_reference_own_b384,1stcol4thboy,367,0,0,2,True,False,True,0.0,0.0
write_pair_reference_own_b384,1stcol4thboy,384,0,0,2,True,False,True,0.0,0.0
write_pair_reference_own_b384,1stcol4thboy,399,0,0,2,True,False,True,0.0,0.0
write_pair_reference_own_b384,1stcol4thboy,400,0,0,2,True,False,True,0.0,0.0
write_pair_reference_own_b384,1stcol4thboy,404,0,0,2,True,False,True,0.0,0.0
write_pair_reference_own_b384,1stcol4thboy,406,0,0,2,True,False,True,0.0,0.0
write_pair_reference_own_b384,1stcol4thboy,407,0,0,2,True,False,True,0.0,0.0
write_pair_reference_own_b384,1stcol4thboy,408,0,0,2,True,False,True,0.0,0.0
write_pair_reference_own_b384,1stcol4thboy,420,0,0,2,True,False,True,0.0,0.0
write_pair_reference_own_b384,1stcol4thboy,425,0,0,2,True,False,True,0.0,0.0
write_pair_reference_own_b384,1stcol4thboy,431,0,0,2,True,False,True,0.0,0.0
write_pair_reference_own_b384,1stcol4thboy,437,0,0,2,True,False,True,0.0,0.0
write_pair_reference_own_b384,1stcol4thboy,468,0,0,2,True,False,True,0.0,0.0
write_pair_reference_own_b384,1stcol4thboy,470,0,0,2,True,False,True,0.0,0.0
write_pair_reference_own_b384,1stcol4thboy,480,0,0,2,True,False,True,0.0,0.0
write_pair_reference_own_b384,1stcol4thboy,481,0,0,2,True,False,True,0.0,0.0
write_pair_reference_own_b384,1stcol4thboy,482,0,0,2,True,False,True,0.0,0.0
write_pair_reference_own_b384,1stcol4thboy,486,0,0,2,True,False,True,0.0,0.0
write_pair_reference_own_b384,1stcol4thboy,516,0,0,2,True,False,True,0.0,0.0
write_pair_reference_own_b384,1stcol4thboy,519,0,0,2,True,False,True,0.0,0.0
write_pair_reference_own_b384,1stcol4thboy,521,0,0,2,True,False,True,0.0,0.0
write_pair_reference_own_b384,1stcol4thboy,526,0,0,2,True,False,True,0.5705671579067438,0.5705671579067438
write_pair_reference_own_b384,1stcol4thboy,545,0,0,2,True,False,True,0.4466913208679878,0.4466913208679878
write_pair_reference_own_b384,1stcol4thboy,564,0,0,2,True,False,True,0.3894432044537045,0.3894432044537045
write_pair_reference_own_b384,1stcol4thboy,565,0,0,2,True,False,True,0.39523837003063006,0.39523837003063006
write_pair_reference_own_b384,1stcol4thboy,572,0,0,2,True,False,True,0.5162501478490288,0.5162501478490288
write_pair_reference_own_b384,1stcol4thboy,574,0,0,2,True,False,True,0.5703389601536418,0.5703389601536418
write_pair_reference_own_b384,1stcol4thboy,586,0,0,2,True,False,True,0.4761864665674682,0.4761864665674682
write_pair_reference_own_b384,1stcol4thboy,587,0,0,2,True,False,True,0.5224127113400256,0.5224127113400256
write_pair_reference_own_b384,1stcol4thboy,591,0,0,2,True,False,True,0.4079443407673586,0.4079443407673586
write_pair_reference_own_b384,1stcol4thboy,600,0,0,2,True,False,True,0.537856405996911,0.537856405996911
write_pair_reference_own_b384,1stcol4thboy,648,0,0,2,True,False,True,0.4478079201525967,0.4478079201525967
write_pair_reference_own_b384,1stcol4thboy,652,0,0,2,True,False,True,0.41427875183137836,0.41427875183137836
write_pair_reference_own_b384,1stcol4thboy,655,0,0,2,True,False,True,0.5138915736909241,0.5138915736909241
write_pair_reference_own_b384,1stcol4thboy,658,0,0,2,True,False,True,0.40661730912724403,0.40661730912724403
write_pair_reference_own_b384,1stcol4thboy,659,0,0,2,True,False,True,0.36759215610921403,0.36759215610921403
write_pair_reference_own_b384,1stcol4thboy,663,0,0,2,True,False,True,0.4411246268464468,0.4411246268464468
write_pair_reference_own_b384,1stcol4thboy,669,0,0,2,True,False,True,0.42665966758926505,0.42665966758926505
write_pair_reference_own_b384,1stcol4thboy,671,0,0,2,True,False,True,0.39848414915191793,0.39848414915191793
write_pair_reference_own_b384,1stcol4thboy,672,0,0,2,True,False,True,0.4028814348412219,0.4028814348412219
write_pair_reference_own_b384,1stcol4thboy,673,0,0,2,True,False,True,0.4126782732974572,0.4126782732974572
write_pair_reference_own_b384,1stcol4thboy,678,0,0,2,True,False,True,0.45628846103395515,0.45628846103395515
write_pair_reference_own_b384,1stcol4thboy,681,0,0,2,True,False,True,0.47040759047485603,0.47040759047485603
write_pair_reference_own_b384,1stcol4thboy,683,0,0,2,True,False,True,0.4285353523175401,0.4285353523175401
write_pair_reference_own_b384,1stcol4thboy,684,0,0,2,True,False,True,0.43588239628987996,0.43588239628987996
write_pair_reference_own_b384,1stcol4thboy,685,0,0,2,True,False,True,0.40761055495628584,0.40761055495628584
write_pair_reference_own_b384,1stcol4thboy,686,0,0,2,True,False,True,0.45931643372297326,0.45931643372297326
write_pair_reference_own_b384,1stcol4thboy,687,0,0,2,True,False,True,0.4033871058287666,0.4033871058287666
write_pair_reference_own_b384,1stcol4thboy,694,0,0,2,True,False,True,0.0,0.0
write_pair_reference_own_b384,1stcol4thboy,706,0,0,2,True,False,True,0.0,0.0
write_pair_reference_own_b384,1stcol4thboy,709,0,0,2,True,False,True,0.0,0.0
write_pair_reference_own_b384,1stcol4thboy,712,0,0,2,True,False,True,0.0,0.0
write_pair_reference_own_b384,1stcol4thboy,713,0,0,2,True,False,True,0.0,0.0
write_pair_reference_own_b384,1stcol4thboy,723,0,0,2,True,False,True,0.0,0.0
write_pair_reference_own_b384,1stcol4thboy,724,0,0,2,True,False,True,0.0,0.0
write_pair_reference_own_b384,1stcol4thboy,726,0,0,2,True,False,True,0.0,0.0
write_pair_reference_own_b384,1stcol4thboy,732,0,0,2,True,False,True,0.0,0.0
write_pair_reference_own_b384,1stcol4thboy,741,0,0,2,True,False,True,0.0,0.0
write_pair_reference_own_b384,1stcol4thboy,757,0,0,2,True,False,True,0.0,0.0
write_pair_reference_own_b384,1stcol4thboy,758,0,0,2,True,False,True,0.0,0.0
write_pair_reference_own_b384,1stcol4thboy,786,0,0,2,True,False,True,0.0,0.0
write_pair_reference_own_b384,1stcol4thboy,802,0,0,2,True,False,True,0.0,0.0
write_pair_reference_own_b384,1stcol4thboy,805,0,0,2,True,False,True,0.0,0.0
write_pair_reference_own_b384,1stcol4thboy,806,0,0,2,True,False,True,0.0,0.0
write_pair_reference_own_b384,1stcol4thboy,827,0,0,2,True,False,True,0.0,0.0
write_pair_reference_own_b384,1stcol4thboy,832,0,0,2,True,False,True,0.0,0.0
write_pair_reference_own_b384,1stcol4thboy,835,0,0,2,True,False,True,0.0,0.0
write_pair_reference_own_b384,1stcol4thboy,836,0,0,2,True,False,True,0.0,0.0
write_pair_reference_own_b384,1stcol4thboy,844,0,0,2,True,False,True,0.0,0.0
write_pair_reference_own_b384,1stcol4thboy,845,0,0,2,True,False,True,0.0,0.0
write_pair_reference_own_b384,1stcol4thboy,849,0,0,2,True,False,True,0.0,0.0
write_pair_reference_own_b384,1stcol4thboy,850,0,0,2,True,False,True,0.0,0.0
write_pair_reference_own_b384,1stcol4thboy,851,0,0,2,True,False,True,0.0,0.0
write_pair_reference_own_b384,1stcol4thboy,852,0,0,2,True,False,True,0.0,0.0
write_pair_reference_own_b384,1stcol4thboy,854,0,0,2,True,False,True,0.0,0.0
write_pair_reference_own_b384,1stcol4thboy,857,0,0,2,True,False,True,0.0,0.0
write_pair_reference_own_b384,1stcol4thboy,891,0,0,2,True,False,True,0.0,0.0
write_pair_reference_own_b384,1stcol4thboy,899,0,0,2,True,False,True,0.0,0.0
write_pair_reference_own_b384,1stcol4thboy,901,0,0,2,True,False,True,0.0,0.0
write_pair_reference_own_b384,1stcol4thboy,923,0,0,2,True,False,True,0.3883148919562043,0.3883148919562043
write_pair_reference_own_b384,1stcol4thboy,991,0,0,2,True,False,True,0.8108780186814337,0.8108780186814337
write_pair_reference_own_b384,1stcol4thboy,1006,0,0,2,True,False,True,0.7812841636730969,0.7812841636730969
write_pair_reference_own_b384,1stcol4thboy,1022,0,0,2,True,False,True,0.0,0.0
write_pair_reference_own_b384,1stcol4thboy,1025,0,0,2,True,False,True,0.0,0.0
write_pair_reference_own_b384,1stcol4thboy,1026,0,0,2,True,False,True,0.0,0.0
write_pair_reference_own_b384,1stcol4thboy,1028,0,0,2,True,False,True,0.0,0.0
write_pair_reference_own_b384,1stcol4thboy,1037,0,0,2,True,False,True,0.0,0.0
write_pair_reference_own_b384,1stcol4thboy,1038,0,0,2,True,False,True,0.0,0.0
write_pair_reference_own_b384,1stcol4thboy,1047,0,0,2,True,False,True,0.0,0.0
write_pair_reference_own_b384,1stcol4thboy,1063,0,0,2,True,False,True,0.0,0.0
write_pair_reference_own_b384,1stcol4thboy,1069,0,0,2,True,False,True,0.0,0.0
write_pair_reference_own_b384,1stcol4thboy,1070,0,0,2,True,False,True,0.0,0.0
write_pair_reference_own_b384,1stcol4thboy,1079,0,0,2,True,False,True,0.0,0.0
write_pair_reference_own_b384,1stcol4thboy,1088,0,0,2,True,False,True,0.9317798936387928,0.9317798936387928
write_pair_reference_own_b384,1stcol4thboy,1089,0,0,2,True,False,True,0.8914055657981392,0.8914055657981392
write_pair_reference_own_b384,1stcol4thboy,1090,0,0,2,True,False,True,0.6248105533417021,0.6248105533417021
write_pair_reference_own_b384,1stcol4thboy,1093,0,0,2,True,False,True,0.4396146689861592,0.4396146689861592
write_pair_reference_own_b384,1stcol4thboy,1096,0,0,2,True,False,True,0.1502846445801039,0.1502846445801039
write_pair_reference_own_b384,1stcol4thboy,1098,0,0,2,True,False,True,0.15008518158397532,0.15008518158397532
write_pair_reference_own_b384,1stcol4thboy,1099,0,0,2,True,False,True,0.10967261819135957,0.10967261819135957
write_pair_reference_own_b384,1stcol4thboy,1101,0,0,2,True,False,True,0.20898972629496104,0.20898972629496104
write_pair_reference_own_b384,1stcol4thboy,1105,0,0,2,True,False,True,0.42413178643565974,0.42413178643565974
write_pair_reference_own_b384,1stcol4thboy,1108,0,0,2,True,False,True,0.23783120050562723,0.23783120050562723
write_pair_reference_own_b384,1stcol4thboy,1109,0,0,2,True,False,True,0.06489589969081702,0.06489589969081702
write_pair_reference_own_b384,1stcol4thboy,1111,0,0,2,True,False,True,0.12049533804570725,0.12049533804570725
write_pair_reference_own_b384,1stcol4thboy,1114,0,0,2,True,False,True,0.22121197031769196,0.22121197031769196
write_pair_reference_own_b384,1stcol4thboy,1116,0,0,2,True,False,True,0.27446971187038466,0.27446971187038466
write_pair_reference_own_b384,1stcol4thboy,1119,0,0,2,True,False,True,0.045547694827800356,0.045547694827800356
write_pair_reference_own_b384,1stcol4thboy,1120,0,0,2,True,False,True,0.1712224625975479,0.1712224625975479
write_pair_reference_own_b384,1stcol4thboy,1121,0,0,2,True,False,True,0.09588876225795799,0.09588876225795799
write_pair_reference_own_b384,1stcol4thboy,1122,0,0,2,True,False,True,0.0,0.0
write_pair_reference_own_b384,1stcol4thboy,1123,0,0,2,True,False,True,0.02010733655236639,0.02010733655236639
write_pair_reference_own_b384,1stcol4thboy,1126,0,0,2,True,False,True,0.19265285328867118,0.19265285328867118
write_pair_reference_own_b384,1stcol4thboy,1129,0,0,2,True,False,True,0.0,0.0
write_pair_reference_own_b384,1stcol4thboy,1130,0,0,2,True,False,True,0.049030251466172084,0.049030251466172084
write_pair_reference_own_b384,1stcol4thboy,1131,0,0,2,True,False,True,0.0,0.0
write_pair_reference_own_b384,1stcol4thboy,1132,0,0,2,True,False,True,0.0,0.0
write_pair_reference_own_b384,1stcol4thboy,1133,0,0,2,True,False,True,0.0,0.0
write_pair_reference_own_b384,1stcol4thboy,1134,0,0,2,True,False,True,0.0,0.0
write_pair_reference_own_b384,1stcol4thboy,1135,0,0,2,True,False,True,0.0,0.0
write_pair_reference_own_b384,1stcol4thboy,1136,0,0,2,True,False,True,0.0,0.0
write_pair_reference_own_b384,1stcol4thboy,1137,0,0,2,True,False,True,0.0,0.0
write_pair_reference_own_b384,1stcol4thboy,1138,0,0,2,True,False,True,0.0,0.0
write_pair_reference_own_b384,1stcol4thboy,1139,0,0,2,True,False,True,0.0,0.0
write_pair_reference_own_b384,1stcol4thboy,1140,0,0,2,True,False,True,0.0,0.0
write_pair_reference_own_b384,1stcol4thboy,1141,0,0,2,True,False,True,0.0,0.0
write_pair_reference_own_b384,1stcol4thboy,1142,0,0,2,True,False,True,0.0,0.0
write_pair_reference_own_b384,1stcol4thboy,1143,0,0,2,True,False,True,0.0,0.0
write_pair_reference_own_b384,1stcol4thboy,1144,0,0,2,True,False,True,0.0,0.0
write_pair_reference_own_b384,1stcol4thboy,1145,0,0,2,True,False,True,0.0,0.0
write_pair_reference_own_b384,1stcol4thboy,1146,0,0,2,True,False,True,0.0,0.0
write_pair_reference_own_b384,1stcol4thboy,1151,0,0,2,True,False,True,0.07013368010363552,0.07013368010363552
write_pair_reference_own_b384,1stcol4thboy,1153,0,0,2,True,False,True,0.1605170352993923,0.1605170352993923
write_pair_reference_own_b384,1stcol4thboy,1159,0,0,2,True,False,True,0.0,0.0
write_pair_reference_own_b384,1stcol4thboy,1162,0,0,2,True,False,True,0.0,0.0
write_pair_reference_own_b384,1stcol4thboy,1164,0,0,2,True,False,True,0.0,0.0
write_pair_reference_own_b384,1stcol4thboy,1165,0,0,2,True,False,True,0.0,0.0
write_pair_reference_own_b384,1stcol4thboy,1166,0,0,2,True,False,True,0.0,0.0
write_pair_reference_own_b384,1stcol4thboy,1169,0,0,2,True,False,True,0.0,0.0
write_pair_reference_own_b384,1stcol4thboy,1173,0,0,2,True,False,True,0.0,0.0
write_pair_reference_own_b384,1stcol4thboy,1174,0,0,2,True,False,True,0.0,0.0
write_pair_reference_own_b384,1stcol4thboy,1176,0,0,2,True,False,True,0.0,0.0
write_pair_reference_own_b384,1stcol4thboy,1183,0,0,2,True,False,True,0.0,0.0
write_pair_reference_own_b384,1stcol4thboy,1185,0,0,2,True,False,True,0.0,0.0
write_pair_reference_own_b384,1stcol4thboy,1186,0,0,2,True,False,True,0.0,0.0
write_pair_reference_own_b384,1stcol4thboy,1187,0,0,2,True,False,True,0.0,0.0
write_pair_reference_own_b384,1stcol4thboy,1189,0,0,2,True,False,True,0.0,0.0
write_pair_reference_own_b384,1stcol4thboy,1190,0,0,2,True,False,True,0.0,0.0
write_pair_reference_own_b384,1stcol4thboy,1192,0,0,2,True,False,True,0.0,0.0
write_pair_reference_own_b384,1stcol4thboy,1193,0,0,2,True,False,True,0.0,0.0
write_pair_reference_own_b384,1stcol4thboy,1196,0,0,2,True,False,True,0.0,0.0
write_pair_reference_own_b384,1stcol4thboy,1198,0,0,2,True,False,True,0.0,0.0
write_pair_reference_own_b384,1stcol4thboy,1200,0,0,2,True,False,True,0.0,0.0
write_pair_reference_own_b384,1stcol4thboy,1202,0,0,2,True,False,True,0.0,0.0
write_pair_reference_own_b384,1stcol4thboy,1205,0,0,2,True,False,True,0.0,0.0
write_pair_reference_own_b384,1stcol4thboy,1214,0,0,2,True,False,True,0.0,0.0
write_pair_reference_own_b384,1stcol4thboy,1215,0,0,2,True,False,True,0.0,0.0
write_pair_reference_own_b384,1stcol4thboy,1217,0,0,2,True,False,True,0.0,0.0
write_pair_reference_own_b384,1stcol4thboy,1219,0,0,2,True,False,True,0.0,0.0
write_pair_reference_own_b384,1stcol4thboy,1221,0,0,2,True,False,True,0.0,0.0
write_pair_reference_own_b384,1stcol4thboy,1224,0,0,2,True,False,True,0.0,0.0
write_pair_reference_own_b384,1stcol4thboy,1225,0,0,2,True,False,True,0.0,0.0
write_pair_reference_own_b384,1stcol4thboy,1227,0,0,2,True,False,True,0.0,0.0
write_pair_reference_own_b384,1stcol4thboy,1228,0,0,2,True,False,True,0.0,0.0
write_pair_reference_own_b384,1stcol4thboy,1229,0,0,2,True,False,True,0.0,0.0
write_pair_reference_own_b384,1stcol4thboy,1230,0,0,2,True,False,True,0.0,0.0
write_pair_reference_own_b384,1stcol4thboy,1231,0,0,2,True,False,True,0.0,0.0
write_pair_reference_own_b384,1stcol4thboy,1232,0,0,2,True,False,True,0.0,0.0
write_pair_reference_own_b384,1stcol4thboy,1233,0,0,2,True,False,True,0.0,0.0
write_pair_reference_own_b384,1stcol4thboy,1234,0,0,2,True,False,True,0.0,0.0
write_pair_reference_own_b384,1stcol4thboy,1238,0,0,2,True,False,True,0.0,0.0
write_pair_reference_own_b384,1stcol4thboy,1240,0,0,2,True,False,True,0.0,0.0
write_pair_reference_own_b384,1stcol4thboy,1241,0,0,2,True,False,True,0.0,0.0
write_pair_reference_own_b384,1stcol4thboy,1242,0,0,2,True,False,True,0.0,0.0
write_pair_reference_own_b384,1stcol4thboy,1243,0,0,2,True,False,True,0.0,0.0
write_pair_reference_own_b384,1stcol4thboy,1244,0,0,2,True,False,True,0.0,0.0
write_pair_reference_own_b384,1stcol4thboy,1245,0,0,2,True,False,True,0.0,0.0
write_pair_reference_own_b384,1stcol4thboy,1247,0,0,2,True,False,True,0.0,0.0
write_pair_reference_own_b384,1stcol4thboy,1249,0,0,2,True,False,True,0.0,0.0
write_pair_reference_own_b384,1stcol4thboy,1250,0,0,2,True,False,True,0.0,0.0
write_pair_reference_own_b384,1stcol4thboy,1255,0,0,2,True,False,True,0.0,0.0
write_pair_reference_own_b384,1stcol4thboy,1256,0,0,2,True,False,True,0.0,0.0
write_pair_reference_own_b384,1stcol4thboy,1258,0,0,2,True,False,True,0.0,0.0
write_pair_reference_own_b384,1stcol4thboy,1260,0,0,2,True,False,True,0.0,0.0
write_pair_reference_own_b384,1stcol4thboy,1263,0,0,2,True,False,True,0.0,0.0
write_pair_reference_own_b384,1stcol4thboy,1264,0,0,2,True,False,True,0.0,0.0
write_pair_reference_own_b384,1stcol4thboy,1265,0,0,2,True,False,True,0.0,0.0
write_pair_reference_own_b384,1stcol4thboy,1266,0,0,2,True,False,True,0.0,0.0
write_pair_reference_own_b384,1stcol4thboy,1267,0,0,2,True,False,True,0.0,0.0
write_pair_reference_own_b384,1stcol4thboy,1268,0,0,2,True,False,True,0.0,0.0
write_pair_reference_own_b384,1stcol4thboy,1270,0,0,2,True,False,True,0.0,0.0
write_pair_reference_own_b384,1stcol4thboy,1272,0,0,2,True,False,True,0.0,0.0
write_pair_reference_own_b384,1stcol4thboy,1274,0,0,2,True,False,True,0.0,0.0
write_pair_reference_own_b384,1stcol4thboy,1275,0,0,2,True,False,True,0.0,0.0
write_pair_reference_own_b384,1stcol4thboy,1276,0,0,2,True,False,True,0.0,0.0
write_pair_reference_own_b384,1stcol4thboy,1277,0,0,2,True,False,True,0.0,0.0
write_pair_reference_own_b384,1stcol4thboy,1278,0,0,2,True,False,True,0.0,0.0
write_pair_reference_own_b384,1stcol4thboy,1279,0,0,2,True,False,True,0.0,0.0
write_pair_reference_own_b384,1stcol4thboy,1281,0,0,2,True,False,True,0.0,0.0
write_pair_reference_own_b384,1stcol4thboy,1282,0,0,2,True,False,True,0.0,0.0
write_pair_reference_own_b384,1stcol4thboy,1285,0,0,2,True,False,True,0.0,0.0
write_pair_reference_own_b384,1stcol4thboy,1288,0,0,2,True,False,True,0.0,0.0
write_pair_reference_own_b384,1stcol4thboy,1290,0,0,2,True,False,True,0.0,0.0
write_pair_reference_own_b384,1stcol4thboy,1292,0,0,2,True,False,True,0.0,0.0
write_pair_reference_own_b384,1stcol4thboy,1296,0,0,2,True,False,True,0.0,0.0
write_pair_reference_own_b384,1stcol4thboy,1297,0,0,2,True,False,True,0.0,0.0
write_pair_reference_own_b384,1stcol4thboy,1298,0,0,2,True,False,True,0.0,0.0
write_pair_reference_own_b384,1stcol4thboy,1299,0,0,2,True,False,True,0.0,0.0
write_pair_reference_own_b384,1stcol4thboy,1300,0,0,2,True,False,True,0.0,0.0
write_pair_reference_own_b384,1stcol4thboy,1301,0,0,2,True,False,True,0.0,0.0
write_pair_reference_own_b384,1stcol4thboy,1304,0,0,2,True,False,True,0.0,0.0
write_pair_reference_own_b384,1stcol4thboy,1313,0,0,2,True,False,True,0.0,0.0
write_pair_reference_own_b384,1stcol4thboy,1314,0,0,2,True,False,True,0.0,0.0
write_pair_reference_own_b384,1stcol4thboy,1315,0,0,2,True,False,True,0.0,0.0
write_pair_reference_own_b384,1stcol4thboy,1317,0,0,2,True,False,True,0.0,0.0
write_pair_reference_own_b384,1stcol4thboy,1321,0,0,2,True,False,True,0.0,0.0
write_pair_reference_own_b384,1stcol4thboy,1324,0,0,2,True,False,True,0.0,0.0
write_pair_reference_own_b384,1stcol4thboy,1326,0,0,2,True,False,True,0.0,0.0
write_pair_reference_own_b384,1stcol4thboy,1327,0,0,2,True,False,True,0.0,0.0
write_pair_reference_own_b384,1stcol4thboy,1328,0,0,2,True,False,True,0.0,0.0
write_pair_reference_own_b384,1stcol4thboy,1329,0,0,2,True,False,True,0.0,0.0
write_pair_reference_own_b384,1stcol4thboy,1330,0,0,2,True,False,True,0.0,0.0
write_pair_reference_own_b384,1stcol4thboy,1334,0,0,2,True,False,True,0.0,0.0
write_pair_reference_own_b384,1stcol4thboy,1336,0,0,2,True,False,True,0.0,0.0
write_pair_reference_own_b384,1stcol4thboy,1337,0,0,2,True,False,True,0.0,0.0
write_pair_reference_own_b384,1stcol4thboy,1338,0,0,2,True,False,True,0.0,0.0
write_pair_reference_own_b384,1stcol4thboy,1340,0,0,2,True,False,True,0.0,0.0
write_pair_reference_own_b384,1stcol4thboy,1343,0,0,2,True,False,True,0.0,0.0
write_pair_reference_own_b384,1stcol4thboy,1344,0,0,2,True,False,True,0.0,0.0
write_pair_reference_own_b384,1stcol4thboy,1346,0,0,2,True,False,True,0.0,0.0
write_pair_reference_own_b384,1stcol4thboy,1347,0,0,2,True,False,True,0.0,0.0
write_pair_reference_own_b384,1stcol4thboy,1348,0,0,2,True,False,True,0.0,0.0
write_pair_reference_own_b384,1stcol4thboy,1349,0,0,2,True,False,True,0.0,0.0
write_pair_reference_own_b384,1stcol4thboy,1350,0,0,2,True,False,True,0.0,0.0
write_pair_reference_own_b384,1stcol4thboy,1354,0,0,2,True,False,True,0.0,0.0
write_pair_reference_own_b384,1stcol4thboy,1357,0,0,2,True,False,True,0.0,0.0
write_pair_reference_own_b384,1stcol4thboy,1359,0,0,2,True,False,True,0.0,0.0
write_pair_reference_own_b384,1stcol4thboy,1360,0,0,2,True,False,True,0.0,0.0
write_pair_reference_own_b384,1stcol4thboy,1361,0,0,2,True,False,True,0.0,0.0
write_pair_reference_own_b384,1stcol4thboy,1362,0,0,2,True,False,True,0.0,0.0
write_pair_reference_own_b384,1stcol4thboy,1364,0,0,2,True,False,True,0.0,0.0
write_pair_reference_own_b384,1stcol4thboy,1365,0,0,2,True,False,True,0.0,0.0
write_pair_reference_own_b384,1stcol4thboy,1366,0,0,2,True,False,True,0.0,0.0
write_pair_reference_own_b384,1stcol4thboy,1373,0,0,2,True,False,True,0.0,0.0
write_pair_reference_own_b384,1stcol4thboy,1374,0,0,2,True,False,True,0.0,0.0
write_pair_reference_own_b384,1stcol4thboy,1379,0,0,2,True,False,True,0.0,0.0
write_pair_reference_own_b384,1stcol4thboy,1381,0,0,2,True,False,True,0.0,0.0
write_pair_reference_own_b384,1stcol4thboy,1382,0,0,2,True,False,True,0.0,0.0
write_pair_reference_own_b384,1stcol4thboy,1384,0,0,2,True,False,True,0.0,0.0
write_pair_reference_own_b384,1stcol4thboy,1385,0,0,2,True,False,True,0.0,0.0
write_pair_reference_own_b384,1stcol4thboy,1386,0,0,2,True,False,True,0.0,0.0
write_pair_reference_own_b384,1stcol4thboy,1387,0,0,2,True,False,True,0.0,0.0
write_pair_reference_own_b384,1stcol4thboy,1399,0,0,2,True,False,True,0.0,0.0
write_pair_reference_own_b384,1stcol4thboy,1403,0,0,2,True,False,True,0.0,0.0
write_pair_reference_own_b384,1stcol4thboy,1405,0,0,2,True,False,True,0.0,0.0
write_pair_reference_own_b384,1stcol4thboy,1408,0,0,2,True,False,True,0.0,0.0
write_pair_reference_own_b384,1stcol4thboy,1414,0,0,2,True,False,True,0.0,0.0
write_pair_reference_own_b384,1stcol4thboy,1415,0,0,2,True,False,True,0.0,0.0
write_pair_reference_own_b384,1stcol4thboy,1425,0,0,2,True,False,True,0.0,0.0
write_pair_reference_own_b384,1stcol4thboy,1426,0,0,2,True,False,True,0.0,0.0
write_pair_reference_own_b384,1stcol4thboy,1452,0,0,2,True,False,True,0.0,0.0
write_pair_reference_own_b384,1stcol4thboy,1454,0,0,2,True,False,True,0.0,0.0
write_pair_reference_own_b384,1stcol4thboy,1467,0,0,2,True,False,True,0.0,0.0
write_pair_reference_own_b384,1stcol4thboy,1469,0,0,2,True,False,True,0.0,0.0
write_pair_reference_own_b384,1stcol4thboy,1471,0,0,2,True,False,True,0.0,0.0
write_pair_reference_own_b384,1stcol4thboy,1472,0,0,2,True,False,True,0.0,0.0
write_pair_reference_own_b384,1stcol4thboy,1475,0,0,2,True,False,True,0.0,0.0
write_pair_reference_own_b384,1stcol4thboy,1476,0,0,2,True,False,True,0.0,0.0
write_pair_reference_own_b384,1stcol4thboy,1480,0,0,2,True,False,True,0.0,0.0
write_pair_reference_own_b384,1stcol4thboy,1481,0,0,2,True,False,True,0.0,0.0
write_pair_reference_own_b384,1stcol4thboy,1483,0,0,2,True,False,True,0.0,0.0
write_pair_reference_own_b384,1stcol4thboy,1488,0,0,2,True,False,True,0.0,0.0
write_pair_reference_own_b384,1stcol4thboy,1493,0,0,2,True,False,True,0.0,0.0
write_pair_reference_own_b384,1stcol4thboy,1495,0,0,2,True,False,True,0.0,0.0
write_pair_reference_own_b384,1stcol4thboy,1497,0,0,2,True,False,True,0.0,0.0
write_pair_reference_own_b384,1stcol4thboy,1503,0,0,2,True,False,True,0.0,0.0
write_pair_reference_own_b384,1stcol4thboy,1504,0,0,2,True,False,True,0.0,0.0
write_pair_reference_own_b384,1stcol4thboy,1505,0,0,2,True,False,True,0.0,0.0
write_pair_reference_own_b384,1stcol4thboy,1510,0,0,2,True,False,True,0.0,0.0
write_pair_reference_own_b384,1stcol4thboy,1513,0,0,2,True,False,True,0.0,0.0
write_pair_reference_own_b384,1stcol4thboy,1519,0,0,2,True,False,True,0.0,0.0
write_pair_reference_own_b384,1stcol4thboy,1533,0,0,2,True,False,True,0.0,0.0
write_pair_reference_own_b384,1stcol4thboy,1543,0,0,2,True,False,True,0.0,0.0
write_pair_reference_own_b384,1stcol4thboy,1545,0,0,2,True,False,True,0.0,0.0
write_pair_reference_own_b384,1stcol4thboy,1547,0,0,2,True,False,True,0.0,0.0
write_pair_reference_own_b384,1stcol4thboy,1549,0,0,2,True,False,True,0.0,0.0
write_pair_reference_own_b384,1stcol4thboy,1560,0,0,2,True,False,True,0.0,0.0
write_pair_reference_own_b384,1stcol4thboy,1561,0,0,2,True,False,True,0.0,0.0
write_pair_reference_own_b384,1stcol4thboy,1563,0,0,2,True,False,True,0.0,0.0
write_pair_reference_own_b384,1stcol4thboy,1564,0,0,2,True,False,True,0.0,0.0
write_pair_reference_own_b384,1stcol4thboy,1577,0,0,2,True,False,True,0.0,0.0
write_pair_reference_own_b384,1stcol4thboy,1585,0,0,2,True,False,True,0.0,0.0
write_pair_reference_own_b384,1stcol4thboy,1599,0,0,2,True,False,True,0.0,0.0
write_pair_reference_own_b384,1stcol4thboy,1604,0,0,2,True,False,True,0.0,0.0
write_pair_reference_own_b384,1stcol4thboy,1615,0,0,2,True,False,True,0.0,0.0
write_pair_reference_own_b384,1stcol4thboy,1618,0,0,2,True,False,True,0.0,0.0
write_pair_reference_own_b384,1stcol4thboy,1631,0,0,2,True,False,True,0.0,0.0
write_pair_reference_own_b384,1stcol4thboy,1632,0,0,2,True,False,True,0.0,0.0
write_pair_reference_own_b384,1stcol4thboy,1633,0,0,2,True,False,True,0.0,0.0
write_pair_reference_own_b384,1stcol4thboy,1638,0,0,2,True,False,True,0.0,0.0
write_pair_reference_own_b384,1stcol4thboy,1640,0,0,2,True,False,True,0.0,0.0
write_pair_reference_own_b384,1stcol4thboy,1643,0,0,2,True,False,True,0.0,0.0
write_pair_reference_own_b384,1stcol4thboy,1652,0,0,2,True,False,True,0.0,0.0
write_pair_reference_own_b384,1stcol4thboy,1665,0,0,2,True,False,True,0.0,0.0
write_pair_reference_own_b384,1stcol4thboy,1675,0,0,2,True,False,True,0.0,0.0
write_pair_reference_own_b384,1stcol4thboy,1678,0,0,2,True,False,True,0.0,0.0
write_pair_reference_own_b384,1stcol4thboy,1695,0,0,2,True,False,True,0.0,0.0
write_pair_reference_own_b384,1stcol4thboy,1716,0,0,2,True,False,True,0.0,0.0
write_pair_reference_own_b384,1stcol4thboy,1718,0,0,2,True,False,True,0.0,0.0
write_pair_reference_own_b384,1stcol4thboy,1719,0,0,2,True,False,True,0.0,0.0
write_pair_reference_own_b384,1stcol4thboy,1725,0,0,2,True,False,True,0.0,0.0
write_pair_reference_own_b384,1stcol4thboy,1743,0,0,2,True,False,True,0.0,0.0
write_pair_reference_own_b384,1stcol4thboy,1744,0,0,2,True,False,True,0.0,0.0
write_pair_reference_own_b384,1stcol4thboy,1745,0,0,2,True,False,True,0.0,0.0
write_pair_reference_own_b384,1stcol4thboy,1750,0,0,2,True,False,True,0.0,0.0
write_pair_reference_own_b384,1stcol4thboy,1760,0,0,2,True,False,True,0.0,0.0
write_pair_reference_own_b384,1stcol4thboy,1763,0,0,2,True,False,True,0.0,0.0
write_pair_reference_own_b384,1stcol4thboy,1764,0,0,2,True,False,True,0.0,0.0
write_pair_reference_own_b384,1stcol4thboy,1766,0,0,2,True,False,True,0.0,0.0
write_pair_reference_own_b384,1stcol4thboy,1767,0,0,2,True,False,True,0.0,0.0
write_pair_reference_own_b384,1stcol4thboy,1768,0,0,2,True,False,True,0.0,0.0
write_pair_reference_own_b384,1stcol4thboy,1774,0,0,2,True,False,True,0.0,0.0
write_pair_reference_own_b384,1stcol4thboy,1781,0,0,2,True,False,True,0.0,0.0
write_pair_reference_own_b384,1stcol4thboy,1785,0,0,2,True,False,True,0.0,0.0
write_pair_reference_own_b384,1stcol4thboy,1788,0,0,2,True,False,True,0.0,0.0
write_pair_reference_own_b384,1stcol4thboy,1790,0,0,2,True,False,True,0.0,0.0
write_pair_reference_own_b384,1stcol4thboy,1792,0,0,2,True,False,True,0.0,0.0
write_pair_reference_own_b384,1stcol4thboy,1794,0,0,2,True,False,True,0.0,0.0
write_pair_reference_own_b384,1stcol4thboy,1795,0,0,2,True,False,True,0.0,0.0
write_pair_reference_own_b384,1stcol4thboy,1796,0,0,2,True,False,True,0.0,0.0
write_pair_reference_own_b384,1stcol4thboy,1801,0,0,2,True,False,True,0.0,0.0
write_pair_reference_own_b384,1stcol4thboy,1803,0,0,2,True,False,True,0.0,0.0
write_pair_reference_own_b384,1stcol4thboy,1805,0,0,2,True,False,True,0.0,0.0
write_pair_reference_own_b384,1stcol4thboy,1807,0,0,2,True,False,True,0.0,0.0
write_pair_reference_own_b384,1stcol4thboy,1809,0,0,2,True,False,True,0.0,0.0
write_pair_reference_own_b384,1stcol4thboy,1810,0,0,2,True,False,True,0.0,0.0
write_pair_reference_own_b384,1stcol4thboy,1811,0,0,2,True,False,True,0.0,0.0
write_pair_reference_own_b384,1stcol4thboy,1815,0,0,2,True,False,True,0.0,0.0
write_pair_reference_own_b384,1stcol4thboy,1816,0,0,2,True,False,True,0.0,0.0
write_pair_reference_own_b384,1stcol4thboy,1820,0,0,2,True,False,True,0.0,0.0
write_pair_reference_own_b384,1stcol4thboy,1823,0,0,2,True,False,True,0.0,0.0
write_pair_reference_own_b384,1stcol4thboy,1824,0,0,2,True,False,True,0.0,0.0
write_pair_reference_own_b384,1stcol4thboy,1825,0,0,2,True,False,True,0.0,0.0
write_pair_reference_own_b384,1stcol4thboy,1826,0,0,2,True,False,True,0.0,0.0
write_pair_reference_own_b384,1stcol4thboy,1827,0,0,2,True,False,True,0.0,0.0
write_pair_reference_own_b384,1stcol4thboy,1828,0,0,2,True,False,True,0.0,0.0
write_pair_reference_own_b384,1stcol4thboy,1829,0,0,2,True,False,True,0.0,0.0
write_pair_reference_own_b384,1stcol4thboy,1830,0,0,2,True,False,True,0.0,0.0
write_pair_reference_own_b384,1stcol4thboy,1831,0,0,2,True,False,True,0.0,0.0
write_pair_reference_own_b384,1stcol4thboy,1832,0,0,2,True,False,True,0.0,0.0
write_pair_reference_own_b384,1stcol4thboy,1836,0,0,2,True,False,True,0.0,0.0
write_pair_reference_own_b384,1stcol4thboy,1839,0,0,2,True,False,True,0.0,0.0
write_pair_reference_own_b384,1stcol4thboy,1840,0,0,2,True,False,True,0.0,0.0
write_pair_reference_own_b384,1stcol4thboy,1841,0,0,2,True,False,True,0.0,0.0
write_pair_reference_own_b384,1stcol4thboy,1842,0,0,2,True,False,True,0.05424587580364968,0.05424587580364968
write_pair_reference_own_b384,1stcol4thboy,1843,0,0,2,True,False,True,0.13420490732605728,0.13420490732605728
write_pair_reference_own_b384,1stcol4thboy,1844,0,0,2,True,False,True,0.11380188931939977,0.11380188931939977
write_pair_reference_own_b384,1stcol4thboy,1845,0,0,2,True,False,True,0.14560287564410412,0.14560287564410412
write_pair_reference_own_b384,1stcol4thboy,1847,0,0,2,True,False,True,0.14001664702267158,0.14001664702267158
write_pair_reference_own_b384,1stcol4thboy,1849,0,0,2,True,False,True,0.12117868250002466,0.12117868250002466
write_pair_reference_own_b384,1stcol4thboy,1850,0,0,2,True,False,True,0.10683545658695526,0.10683545658695526
write_pair_reference_own_b384,1stcol4thboy,1851,0,0,2,True,False,True,0.20457210063734602,0.20457210063734602
write_pair_reference_own_b384,1stcol4thboy,1852,0,0,2,True,False,True,0.08063451001867801,0.08063451001867801
write_pair_reference_own_b384,1stcol4thboy,1853,0,0,2,True,False,True,0.09235056505104863,0.09235056505104863
write_pair_reference_own_b384,1stcol4thboy,1858,0,0,2,True,False,True,0.20901972836911722,0.20901972836911722
write_pair_reference_own_b384,1stcol4thboy,1859,0,0,2,True,False,True,0.6075569604561933,0.6075569604561933
write_pair_reference_own_b384,1stcol4thboy,1862,0,0,2,True,False,True,0.8649470664944157,0.8649470664944157
write_pair_reference_own_b384,1stcol4thboy,1871,0,0,2,True,False,True,0.0,0.0
write_pair_reference_own_b384,1stcol4thboy,1876,0,0,2,True,False,True,0.0,0.0
write_pair_reference_own_b384,1stcol4thboy,1882,0,0,2,True,False,True,0.0,0.0
write_pair_reference_own_b384,1stcol4thboy,1883,0,0,2,True,False,True,0.0,0.0
write_pair_reference_own_b384,1stcol4thboy,1888,0,0,2,True,False,True,0.23957949506878762,0.23957949506878762
write_pair_reference_own_b384,1stcol4thboy,1892,0,0,2,True,False,True,0.0,0.0
write_pair_reference_own_b384,1stcol4thboy,1895,0,0,2,True,False,True,0.0,0.0
write_pair_reference_own_b384,1stcol4thboy,1898,0,0,2,True,False,True,0.0,0.0
write_pair_reference_own_b384,1stcol4thboy,1899,0,0,2,True,False,True,0.0,0.0
write_pair_reference_own_b384,1stcol4thboy,1900,0,0,2,True,False,True,0.0,0.0
write_pair_reference_own_b384,1stcol4thboy,1904,0,0,2,True,False,True,0.0,0.0
write_pair_reference_own_b384,1stcol4thboy,1905,0,0,2,True,False,True,0.0,0.0
write_pair_reference_own_b384,1stcol4thboy,1906,0,0,2,True,False,True,0.0,0.0
write_pair_reference_own_b384,1stcol4thboy,1907,0,0,2,True,False,True,0.0,0.0
write_pair_reference_own_b384,1stcol4thboy,1908,0,0,2,True,False,True,0.026936418068794293,0.026936418068794293
write_pair_reference_own_b384,1stcol4thboy,1912,0,0,2,True,False,True,0.0,0.0
write_pair_reference_own_b384,1stcol4thboy,1913,0,0,2,True,False,True,0.0,0.0
write_pair_reference_own_b384,1stcol4thboy,1914,0,1,2,True,False,True,0.0,0.0
write_pair_reference_own_b384,1stcol4thboy,1918,0,0,2,True,False,True,0.4062929407260873,0.4062929407260873
write_pair_reference_own_b384,1stcol4thboy,1922,0,0,2,True,False,True,0.0,0.0
write_pair_reference_own_b384,1stcol4thboy,1923,0,0,2,True,False,True,0.0,0.0
write_pair_reference_own_b384,1stcol4thboy,1924,0,0,2,True,False,True,0.0,0.0
write_pair_reference_own_b384,1stcol4thboy,1929,0,0,2,True,False,True,0.0,0.0
write_pair_reference_own_b384,1stcol4thboy,1930,0,0,2,True,False,True,0.0,0.0
write_pair_reference_own_b384,1stcol4thboy,1936,0,0,2,True,False,True,0.0,0.0
write_pair_reference_own_b384,1stcol4thboy,1937,0,0,2,True,False,True,0.0,0.0
write_pair_reference_own_b384,1stcol4thboy,1939,0,0,2,True,False,True,0.0,0.0
write_pair_reference_own_b384,1stcol4thboy,1940,0,0,2,True,False,True,0.0,0.0
write_pair_reference_own_b384,1stcol4thboy,1941,0,0,2,True,False,True,0.0,0.0
write_pair_reference_own_b384,1stcol4thboy,1946,0,0,2,True,False,True,0.0,0.0
write_pair_reference_own_b384,1stcol4thboy,1947,0,0,2,True,False,True,0.0,0.0
write_pair_reference_own_b384,1stcol4thboy,1948,0,0,2,True,False,True,0.0,0.0
write_pair_reference_own_b384,1stcol4thboy,1949,0,0,2,True,False,True,0.09532756608819702,0.09532756608819702
write_pair_reference_own_b384,1stcol4thboy,1950,0,0,2,True,False,True,0.11039493223291406,0.11039493223291406
write_pair_reference_own_b384,1stcol4thboy,1952,0,0,2,True,False,True,0.1564104273626202,0.1564104273626202
write_pair_reference_own_b384,1stcol4thboy,1958,0,0,2,True,False,True,0.0,0.0
write_pair_reference_own_b384,1stcol4thboy,1959,0,0,2,True,False,True,0.0,0.0
write_pair_reference_own_b384,1stcol4thboy,1960,0,0,2,True,False,True,0.0,0.0
write_pair_reference_own_b384,1stcol4thboy,1963,0,0,2,True,False,True,0.0,0.0
write_pair_reference_own_b384,1stcol4thboy,1972,0,0,2,True,False,True,0.0,0.0
write_pair_reference_own_b384,1stcol4thboy,1974,0,0,2,True,False,True,0.0,0.0
write_pair_reference_own_b384,1stcol4thboy,1976,0,0,2,True,False,True,0.0,0.0
write_pair_reference_own_b384,1stcol4thboy,1977,0,0,2,True,False,True,0.0,0.0
write_pair_reference_own_b384,1stcol4thboy,1979,0,0,2,True,False,True,0.0,0.0
write_pair_reference_own_b384,1stcol4thboy,1980,0,0,2,True,False,True,0.0,0.0
write_pair_reference_own_b384,1stcol4thboy,1981,0,0,2,True,False,True,0.0,0.0
write_pair_reference_own_b384,1stcol4thboy,1983,0,0,2,True,False,True,0.0,0.0
write_pair_reference_own_b384,1stcol4thboy,1986,0,0,2,True,False,True,0.0,0.0
write_pair_reference_own_b384,1stcol4thboy,1987,0,0,2,True,False,True,0.0,0.0
write_pair_reference_own_b384,1stcol4thboy,2000,0,0,2,True,False,True,0.0,0.0
write_pair_reference_own_b384,1stcol4thboy,2003,0,0,2,True,False,True,0.0,0.0
write_pair_reference_own_b384,1stcol4thboy,2004,0,0,2,True,False,True,0.0,0.0
write_pair_reference_own_b384,1stcol4thboy,2005,0,0,2,True,False,True,0.0,0.0
write_pair_reference_own_b384,1stcol4thboy,2006,0,0,2,True,False,True,0.0,0.0
write_pair_reference_own_b384,1stcol4thboy,2007,0,0,2,True,False,True,0.0,0.0
write_pair_reference_own_b384,1stcol4thboy,2010,0,0,2,True,False,True,0.0,0.0
write_pair_reference_own_b384,1stcol4thboy,2013,0,0,2,True,False,True,0.0,0.0
write_pair_reference_own_b384,1stcol4thboy,2016,0,0,2,True,False,True,0.0,0.0
write_pair_reference_own_b384,1stcol4thboy,2017,0,0,2,True,False,True,0.0,0.0
write_pair_reference_own_b384,1stcol4thboy,2031,0,0,2,True,False,True,0.36575103666988157,0.36575103666988157
write_pair_reference_own_b384,1stcol4thboy,2034,0,0,2,True,False,True,0.4599570346512191,0.4599570346512191
write_pair_reference_own_b384,1stcol4thboy,2035,0,0,2,True,False,True,0.4775268227453644,0.4775268227453644
write_pair_reference_own_b384,1stcol4thboy,2036,0,0,2,True,False,True,0.40850491992152993,0.40850491992152993
write_pair_reference_own_b384,1stcol4thboy,2050,0,0,2,True,False,True,0.0,0.0
write_pair_reference_own_b384,1stcol4thboy,2059,0,0,2,True,False,True,0.26481933747592334,0.26481933747592334
write_pair_reference_own_b384,1stcol4thboy,2065,0,0,2,True,False,True,0.03218528090726338,0.03218528090726338
write_pair_reference_own_b384,1stcol4thboy,2067,0,0,2,True,False,True,0.31509661141862744,0.31509661141862744
write_pair_reference_own_b384,1stcol4thboy,2072,0,1,2,True,False,True,0.2829926402229285,0.2829926402229285
write_pair_reference_own_b384,1stcol4thboy,2078,0,0,2,True,False,True,0.0,0.0
write_pair_reference_own_b384,1stcol4thboy,2079,0,0,2,True,False,True,0.0,0.0
write_pair_reference_own_b384,1stcol4thboy,2081,0,0,2,True,False,True,0.0,0.0
write_pair_reference_own_b384,1stcol4thboy,2082,0,0,2,True,False,True,0.0,0.0
write_pair_reference_own_b384,1stcol4thboy,2092,0,0,2,True,False,True,0.0,0.0
write_pair_reference_own_b384,1stcol4thboy,2093,0,0,2,True,False,True,0.0,0.0
write_pair_reference_own_b384,1stcol4thboy,2096,0,0,2,True,False,True,0.0,0.0
write_pair_reference_own_b384,1stcol4thboy,2097,0,0,2,True,False,True,0.0,0.0
write_pair_reference_own_b384,1stcol4thboy,2098,0,0,2,True,False,True,0.0,0.0
write_pair_reference_own_b384,1stcol4thboy,2101,0,0,2,True,False,True,0.0,0.0
write_pair_reference_own_b384,1stcol4thboy,2105,0,0,2,True,False,True,0.0,0.0
write_pair_reference_own_b384,1stcol4thboy,2106,0,0,2,True,False,True,0.0,0.0
write_pair_reference_own_b384,1stcol4thboy,2107,0,0,2,True,False,True,0.0,0.0
write_pair_reference_own_b384,1stcol4thboy,2108,0,0,2,True,False,True,0.0,0.0
write_pair_reference_own_b384,1stcol4thboy,2109,0,0,2,True,False,True,0.0,0.0
write_pair_reference_own_b384,1stcol4thboy,2110,0,0,2,True,False,True,0.0,0.0
write_pair_reference_own_b384,1stcol4thboy,2113,0,0,2,True,False,True,0.0,0.0
write_pair_reference_own_b384,1stcol4thboy,2117,0,0,2,True,False,True,0.0,0.0
write_pair_reference_own_b384,1stcol4thboy,2119,0,0,2,True,False,True,0.0,0.0
write_pair_reference_own_b384,1stcol4thboy,2120,0,0,2,True,False,True,0.0,0.0
write_pair_reference_own_b384,1stcol4thboy,2124,0,0,2,True,False,True,0.0,0.0
write_pair_reference_own_b384,1stcol4thboy,2125,0,0,2,True,False,True,0.0,0.0
write_pair_reference_own_b384,1stcol4thboy,2126,0,0,2,True,False,True,0.0,0.0
write_pair_reference_own_b384,1stcol4thboy,2127,0,0,2,True,False,True,0.0,0.0
write_pair_reference_own_b384,1stcol4thboy,2128,0,0,2,True,False,True,0.0,0.0
write_pair_reference_own_b384,1stcol4thboy,2129,0,0,2,True,False,True,0.0,0.0
write_pair_reference_own_b384,1stcol4thboy,2130,0,0,2,True,False,True,0.0,0.0
write_pair_reference_own_b384,1stcol4thboy,2131,0,0,2,True,False,True,0.0,0.0
write_pair_reference_own_b384,1stcol4thboy,2132,0,0,2,True,False,True,0.0,0.0
write_pair_reference_own_b384,1stcol4thboy,2133,0,0,2,True,False,True,0.0,0.0
write_pair_reference_own_b384,1stcol4thboy,2134,0,0,2,True,False,True,0.0,0.0
write_pair_reference_own_b384,1stcol4thboy,2141,0,0,2,True,False,True,0.0,0.0
write_pair_reference_own_b384,1stcol4thboy,2145,0,0,2,True,False,True,0.0,0.0
write_pair_reference_own_b384,1stcol4thboy,2150,0,0,2,True,False,True,0.0,0.0
write_pair_reference_own_b384,1stcol4thboy,2151,0,0,2,True,False,True,0.0,0.0
write_pair_reference_own_b384,1stcol4thboy,2152,0,0,2,True,False,True,0.0,0.0
write_pair_reference_own_b384,1stcol4thboy,2153,0,0,2,True,False,True,0.0,0.0
write_pair_reference_own_b384,1stcol4thboy,2155,0,0,2,True,False,True,0.0,0.0
write_pair_reference_own_b384,1stcol4thboy,2156,0,0,2,True,False,True,0.0,0.0
write_pair_reference_own_b384,1stcol4thboy,2157,0,0,2,True,False,True,0.0,0.0
write_pair_reference_own_b384,1stcol4thboy,2159,0,0,2,True,False,True,0.0,0.0
write_pair_reference_own_b384,1stcol4thboy,2161,0,0,2,True,False,True,0.0,0.0
write_pair_reference_own_b384,1stcol4thboy,2162,0,0,2,True,False,True,0.0,0.0
write_pair_reference_own_b384,1stcol4thboy,2163,0,0,2,True,False,True,0.0,0.0
write_pair_reference_own_b384,1stcol4thboy,2164,0,0,2,True,False,True,0.0,0.0
write_pair_reference_own_b384,1stcol4thboy,2165,0,0,2,True,False,True,0.0,0.0
write_pair_reference_own_b384,1stcol4thboy,2166,0,0,2,True,False,True,0.0,0.0
write_pair_reference_own_b384,1stcol4thboy,2168,0,0,2,True,False,True,0.0,0.0
write_pair_reference_own_b384,1stcol4thboy,2170,0,0,2,True,False,True,0.0,0.0
write_pair_reference_own_b384,1stcol4thboy,2171,0,0,2,True,False,True,0.0,0.0
write_pair_reference_own_b384,1stcol4thboy,2173,0,0,2,True,False,True,0.0,0.0
write_pair_reference_own_b384,1stcol4thboy,2174,0,0,2,True,False,True,0.0,0.0
write_pair_reference_own_b384,1stcol4thboy,2175,0,0,2,True,False,True,0.0,0.0
write_pair_reference_own_b384,1stcol4thboy,2176,0,0,2,True,False,True,0.0,0.0
write_pair_reference_own_b384,1stcol4thboy,2177,0,0,2,True,False,True,0.0,0.0
write_pair_reference_own_b384,1stcol4thboy,2179,0,0,2,True,False,True,0.0,0.0
write_pair_reference_own_b384,1stcol4thboy,2183,0,0,2,True,False,True,0.0,0.0
write_pair_reference_own_b384,1stcol4thboy,2184,0,0,2,True,False,True,0.0,0.0
write_pair_reference_own_b384,1stcol4thboy,2188,0,0,2,True,False,True,0.0,0.0
write_pair_reference_own_b384,1stcol4thboy,2189,0,0,2,True,False,True,0.0,0.0
write_pair_reference_own_b384,1stcol4thboy,2192,0,0,2,True,False,True,0.0,0.0
write_pair_reference_own_b384,1stcol4thboy,2194,0,0,2,True,False,True,0.0,0.0
write_pair_reference_own_b384,1stcol4thboy,2195,0,0,2,True,False,True,0.0,0.0
write_pair_reference_own_b384,1stcol4thboy,2197,0,0,2,True,False,True,0.0,0.0
write_pair_reference_own_b384,1stcol4thboy,2204,0,0,2,True,False,True,0.0,0.0
write_pair_reference_own_b384,1stcol4thboy,2211,0,0,2,True,False,True,0.0,0.0
write_pair_reference_own_b384,1stcol4thboy,2213,0,0,2,True,False,True,0.0,0.0
write_pair_reference_own_b384,1stcol4thboy,2214,0,0,2,True,False,True,0.0,0.0
write_pair_reference_own_b384,1stcol4thboy,2215,0,0,2,True,False,True,0.0,0.0
write_pair_reference_own_b384,1stcol4thboy,2217,0,0,2,True,False,True,0.0,0.0
write_pair_reference_own_b384,1stcol4thboy,2220,0,0,2,True,False,True,0.0,0.0
write_pair_reference_own_b384,1stcol4thboy,2222,0,0,2,True,False,True,0.0,0.0
write_pair_reference_own_b384,1stcol4thboy,2224,0,0,2,True,False,True,0.0,0.0
write_pair_reference_own_b384,1stcol4thboy,2225,0,0,2,True,False,True,0.0,0.0
write_pair_reference_own_b384,1stcol4thboy,2226,0,0,2,True,False,True,0.0,0.0
write_pair_reference_own_b384,1stcol4thboy,2227,0,0,2,True,False,True,0.0,0.0
write_pair_reference_own_b384,1stcol4thboy,2229,0,0,2,True,False,True,0.0,0.0
write_pair_reference_own_b384,1stcol4thboy,2230,0,0,2,True,False,True,0.0,0.0
write_pair_reference_own_b384,1stcol4thboy,2231,0,0,2,True,False,True,0.0,0.0
write_pair_reference_own_b384,1stcol4thboy,2232,0,0,2,True,False,True,0.0,0.0
write_pair_reference_own_b384,1stcol4thboy,2233,0,0,2,True,False,True,0.0,0.0
write_pair_reference_own_b384,1stcol4thboy,2234,0,0,2,True,False,True,0.0,0.0
write_pair_reference_own_b384,1stcol4thboy,2236,0,0,2,True,False,True,0.0,0.0
write_pair_reference_own_b384,1stcol4thboy,2237,0,0,2,True,False,True,0.0,0.0
write_pair_reference_own_b384,1stcol4thboy,2239,0,0,2,True,False,True,0.0,0.0
write_pair_reference_own_b384,1stcol4thboy,2241,0,0,2,True,False,True,0.0,0.0
write_pair_reference_own_b384,1stcol4thboy,2243,0,0,2,True,False,True,0.0,0.0
write_pair_reference_own_b384,1stcol4thboy,2248,0,0,2,True,False,True,0.0,0.0
write_pair_reference_own_b384,1stcol4thboy,2251,0,0,2,True,False,True,0.0,0.0
write_pair_reference_own_b384,1stcol4thboy,2255,0,0,2,True,False,True,0.0,0.0
write_pair_reference_own_b384,1stcol4thboy,2258,0,0,2,True,False,True,0.0,0.0
write_pair_reference_own_b384,1stcol4thboy,2260,0,0,2,True,False,True,0.0,0.0
write_pair_reference_own_b384,1stcol4thboy,2267,0,0,2,True,False,True,0.0,0.0
write_pair_reference_own_b384,1stcol4thboy,2275,0,0,2,True,False,True,0.0,0.0
write_pair_reference_own_b384,1stcol4thboy,2276,0,0,2,True,False,True,0.0,0.0
write_pair_reference_own_b384,1stcol4thboy,2279,0,0,2,True,False,True,0.0,0.0
write_pair_reference_own_b384,1stcol4thboy,2282,0,0,2,True,False,True,0.0,0.0
write_pair_reference_own_b384,1stcol4thboy,2283,0,0,2,True,False,True,0.0,0.0
write_pair_reference_own_b384,1stcol4thboy,2284,0,0,2,True,False,True,0.0,0.0
write_pair_reference_own_b384,1stcol4thboy,2285,0,0,2,True,False,True,0.0,0.0
write_pair_reference_own_b384,1stcol4thboy,2286,0,0,2,True,False,True,0.0,0.0
write_pair_reference_own_b384,1stcol4thboy,2287,0,0,2,True,False,True,0.0,0.0
write_pair_reference_own_b384,1stcol4thboy,2295,0,0,2,True,False,True,0.0,0.0
write_pair_reference_own_b384,1stcol4thboy,2298,0,0,2,True,False,True,0.0,0.0
write_pair_reference_own_b384,1stcol4thboy,2299,0,0,2,True,False,True,0.0,0.0
write_pair_reference_own_b384,1stcol4thboy,2300,0,0,2,True,False,True,0.0,0.0
write_pair_reference_own_b384,1stcol4thboy,2301,0,0,2,True,False,True,0.0,0.0
write_pair_reference_own_b384,1stcol4thboy,2304,0,0,2,True,False,True,0.0,0.0
write_pair_reference_own_b384,1stcol4thboy,2305,0,0,2,True,False,True,0.0,0.0
write_pair_reference_own_b384,1stcol4thboy,2306,0,0,2,True,False,True,0.0,0.0
write_pair_reference_own_b384,1stcol4thboy,2307,0,0,2,True,False,True,0.0,0.0
write_pair_reference_own_b384,1stcol4thboy,2310,0,0,2,True,False,True,0.0,0.0
write_pair_reference_own_b384,1stcol4thboy,2314,0,0,2,True,False,True,0.0,0.0
write_pair_reference_own_b384,1stcol4thboy,2318,0,0,2,True,False,True,0.0,0.0
write_pair_reference_own_b384,1stcol4thboy,2322,0,0,2,True,False,True,0.0,0.0
write_pair_reference_own_b384,1stcol4thboy,2326,0,0,2,True,False,True,0.0,0.0
write_pair_reference_own_b384,1stcol4thboy,2330,0,0,2,True,False,True,0.0,0.0
write_pair_reference_own_b384,1stcol4thboy,2334,0,0,2,True,False,True,0.0,0.0
write_pair_reference_own_b384,1stcol4thboy,2337,0,0,2,True,False,True,0.0,0.0
write_pair_reference_own_b384,1stcol4thboy,2339,0,0,2,True,False,True,0.0,0.0
write_pair_reference_own_b384,1stcol4thboy,2340,0,0,2,True,False,True,0.0,0.0
write_pair_reference_own_b384,1stcol4thboy,2342,0,0,2,True,False,True,0.0,0.0
write_pair_reference_own_b384,1stcol4thboy,2343,0,0,2,True,False,True,0.0,0.0
write_pair_reference_own_b384,1stcol4thboy,2344,0,0,2,True,False,True,0.0,0.0
write_pair_reference_own_b384,1stcol4thboy,2345,0,0,2,True,False,True,0.0,0.0
write_pair_reference_own_b384,1stcol4thboy,2346,0,0,2,True,False,True,0.0,0.0
write_pair_reference_own_b384,1stcol4thboy,2347,0,0,2,True,False,True,0.0,0.0
write_pair_reference_own_b384,1stcol4thboy,2348,0,0,2,True,False,True,0.0,0.0
write_pair_reference_own_b384,1stcol4thboy,2349,0,0,2,True,False,True,0.0,0.0
write_pair_reference_own_b384,1stcol4thboy,2350,0,0,2,True,False,True,0.0,0.0
write_pair_reference_own_b384,1stcol4thboy,2351,0,0,2,True,False,True,0.0,0.0
write_pair_reference_own_b384,1stcol4thboy,2353,0,0,2,True,False,True,0.0,0.0
write_pair_reference_own_b384,1stcol4thboy,2356,0,0,2,True,False,True,0.0,0.0
write_pair_reference_own_b384,1stcol4thboy,2358,0,0,2,True,False,True,0.0,0.0
write_pair_reference_own_b384,1stcol4thboy,2361,0,0,2,True,False,True,0.0,0.0
write_pair_reference_own_b384,1stcol4thboy,2366,0,0,2,True,False,True,0.0,0.0
write_pair_reference_own_b384,1stcol4thboy,2369,0,0,2,True,False,True,0.0,0.0
write_pair_reference_own_b384,1stcol4thboy,2372,0,0,2,True,False,True,0.0,0.0
write_pair_reference_own_b384,1stcol4thboy,2373,0,0,2,True,False,True,0.0,0.0
write_pair_reference_own_b384,1stcol4thboy,2374,0,0,2,True,False,True,0.0,0.0
write_pair_reference_own_b384,1stcol4thboy,2375,0,0,2,True,False,True,0.0,0.0
write_pair_reference_own_b384,1stcol4thboy,2377,0,0,2,True,False,True,0.0,0.0
write_pair_reference_own_b384,1stcol4thboy,2381,0,0,2,True,False,True,0.0,0.0
write_pair_reference_own_b384,1stcol4thboy,2382,0,0,2,True,False,True,0.0,0.0
write_pair_reference_own_b384,1stcol4thboy,2383,0,0,2,True,False,True,0.0,0.0
write_pair_reference_own_b384,1stcol4thboy,2384,0,0,2,True,False,True,0.0,0.0
write_pair_reference_own_b384,1stcol4thboy,2385,0,0,2,True,False,True,0.0,0.0
write_pair_reference_own_b384,1stcol4thboy,2386,0,0,2,True,False,True,0.0,0.0
write_pair_reference_own_b384,1stcol4thboy,2387,0,0,2,True,False,True,0.0,0.0
write_pair_reference_own_b384,1stcol4thboy,2388,0,0,2,True,False,True,0.0,0.0
write_pair_reference_own_b384,1stcol4thboy,2389,0,0,2,True,False,True,0.0,0.0
write_pair_reference_own_b384,1stcol4thboy,2397,0,0,2,True,False,True,0.0,0.0
write_pair_reference_own_b384,1stcol4thboy,2398,0,0,2,True,False,True,0.0,0.0
write_pair_reference_own_b384,1stcol4thboy,2400,0,0,2,True,False,True,0.0,0.0
write_pair_reference_own_b384,1stcol4thboy,2401,0,0,2,True,False,True,0.0,0.0
write_pair_reference_own_b384,1stcol4thboy,2411,0,0,2,True,False,True,0.0,0.0
write_pair_reference_own_b384,1stcol4thboy,2415,0,0,2,True,False,True,0.0,0.0
write_pair_reference_own_b384,1stcol4thboy,2416,0,0,2,True,False,True,0.0,0.0
write_pair_reference_own_b384,1stcol4thboy,2418,0,0,2,True,False,True,0.0,0.0
write_pair_reference_own_b384,1stcol4thboy,2420,0,0,2,True,False,True,0.0,0.0
write_pair_reference_own_b384,1stcol4thboy,2422,0,0,2,True,False,True,0.0,0.0
write_pair_reference_own_b384,1stcol4thboy,2429,0,0,2,True,False,True,0.0,0.0
write_pair_reference_own_b384,1stcol4thboy,2438,0,0,2,True,False,True,0.0,0.0
write_pair_reference_own_b384,1stcol4thboy,2445,0,0,2,True,False,True,0.0,0.0
write_pair_reference_own_b384,1stcol4thboy,2448,0,0,2,True,False,True,0.0,0.0
write_pair_reference_own_b384,1stcol4thboy,2450,0,0,2,True,False,True,0.0,0.0
write_pair_reference_own_b384,1stcol4thboy,2453,0,0,2,True,False,True,0.0,0.0
write_pair_reference_own_b384,1stcol4thboy,2463,0,0,2,True,False,True,0.0,0.0
write_pair_reference_own_b384,1stcol4thboy,2474,0,0,2,True,False,True,0.0,0.0
write_pair_reference_own_b384,1stcol4thboy,2475,0,0,2,True,False,True,0.0,0.0
write_pair_reference_own_b384,1stcol4thboy,2492,0,0,2,True,False,True,0.0,0.0
write_pair_reference_own_b384,1stcol4thboy,2493,0,0,2,True,False,True,0.0,0.0
write_pair_reference_own_b384,1stcol4thboy,2494,0,0,2,True,False,True,0.0,0.0
write_pair_reference_own_b384,1stcol4thboy,2495,0,0,2,True,False,True,0.0,0.0
write_pair_reference_own_b384,1stcol4thboy,2498,0,0,2,True,False,True,0.0,0.0
write_pair_reference_own_b384,1stcol4thboy,2499,0,0,2,True,False,True,0.0,0.0
write_pair_reference_own_b384,1stcol4thboy,2502,0,0,2,True,False,True,0.0,0.0
write_pair_reference_own_b384,1stcol4thboy,2505,0,0,2,True,False,True,0.0,0.0
write_pair_reference_own_b384,1stcol4thboy,2507,0,0,2,True,False,True,0.0,0.0
write_pair_reference_own_b384,1stcol4thboy,2509,0,0,2,True,False,True,0.0,0.0
write_pair_reference_own_b384,1stcol4thboy,2510,0,0,2,True,False,True,0.0,0.0
write_pair_reference_own_b384,1stcol4thboy,2511,0,0,2,True,False,True,0.0,0.0
write_pair_reference_own_b384,1stcol4thboy,2512,0,0,2,True,False,True,0.0,0.0
write_pair_reference_own_b384,1stcol4thboy,2514,0,0,2,True,False,True,0.0,0.0
write_pair_reference_own_b384,1stcol4thboy,2515,0,0,2,True,False,True,0.0,0.0
write_pair_reference_own_b384,1stcol4thboy,2516,0,0,2,True,False,True,0.0,0.0
write_pair_reference_own_b384,1stcol4thboy,2517,0,0,2,True,False,True,0.0,0.0
write_pair_reference_own_b384,1stcol4thboy,2518,0,0,2,True,False,True,0.0,0.0
write_pair_reference_own_b384,1stcol4thboy,2519,0,0,2,True,False,True,0.0,0.0
write_pair_reference_own_b384,1stcol4thboy,2520,0,0,2,True,False,True,0.0,0.0
write_pair_reference_own_b384,1stcol4thboy,2524,0,0,2,True,False,True,0.0,0.0
write_pair_reference_own_b384,1stcol4thboy,2525,0,0,2,True,False,True,0.0,0.0
write_pair_reference_own_b384,1stcol4thboy,2528,0,0,2,True,False,True,0.0,0.0
write_pair_reference_own_b384,1stcol4thboy,2529,0,0,2,True,False,True,0.0,0.0
write_pair_reference_own_b384,1stcol4thboy,2530,0,0,2,True,False,True,0.0,0.0
write_pair_reference_own_b384,1stcol4thboy,2531,0,0,2,True,False,True,0.0,0.0
write_pair_reference_own_b384,1stcol4thboy,2532,0,0,2,True,False,True,0.0,0.0
write_pair_reference_own_b384,1stcol4thboy,2533,0,0,2,True,False,True,0.0,0.0
write_pair_reference_own_b384,1stcol4thboy,2534,0,0,2,True,False,True,0.0,0.0
write_pair_reference_own_b384,1stcol4thboy,2536,0,0,2,True,False,True,0.0,0.0
write_pair_reference_own_b384,1stcol4thboy,2538,0,0,2,True,False,True,0.0,0.0
write_pair_reference_own_b384,1stcol4thboy,2539,0,0,2,True,False,True,0.0,0.0
write_pair_reference_own_b384,1stcol4thboy,2540,0,0,2,True,False,True,0.0,0.0
write_pair_reference_own_b384,1stcol4thboy,2541,0,0,2,True,False,True,0.0,0.0
write_pair_reference_own_b384,1stcol4thboy,2542,0,0,2,True,False,True,0.0,0.0
write_pair_reference_own_b384,1stcol4thboy,2546,0,0,2,True,False,True,0.0,0.0
write_pair_reference_own_b384,1stcol4thboy,2547,0,0,2,True,False,True,0.0,0.0
write_pair_reference_own_b384,1stcol4thboy,2549,0,0,2,True,False,True,0.0,0.0
write_pair_reference_own_b384,1stcol4thboy,2550,0,0,2,True,False,True,0.0,0.0
write_pair_reference_own_b384,1stcol4thboy,2551,0,0,2,True,False,True,0.0,0.0
write_pair_reference_own_b384,1stcol4thboy,2552,0,0,2,True,False,True,0.0,0.0
write_pair_reference_own_b384,1stcol4thboy,2555,0,0,2,True,False,True,0.0,0.0
write_pair_reference_own_b384,1stcol4thboy,2556,0,0,2,True,False,True,0.0,0.0
write_pair_reference_own_b384,1stcol4thboy,2557,0,0,2,True,False,True,0.0,0.0
write_pair_reference_own_b384,1stcol4thboy,2558,0,0,2,True,False,True,0.0,0.0
write_pair_reference_own_b384,1stcol4thboy,2559,0,0,2,True,False,True,0.0,0.0
write_pair_reference_own_b384,1stcol4thboy,2560,0,0,2,True,False,True,0.0,0.0
write_pair_reference_own_b384,1stcol4thboy,2561,0,0,2,True,False,True,0.0,0.0
write_pair_reference_own_b384,1stcol4thboy,2562,0,0,2,True,False,True,0.0,0.0
write_pair_reference_own_b384,1stcol4thboy,2563,0,0,2,True,False,True,0.0,0.0
write_pair_reference_own_b384,1stcol4thboy,2564,0,0,2,True,False,True,0.0,0.0
write_pair_reference_own_b384,1stcol4thboy,2565,0,0,2,True,False,True,0.0,0.0
write_pair_reference_own_b384,1stcol4thboy,2566,0,0,2,True,False,True,0.0,0.0
write_pair_reference_own_b384,1stcol4thboy,2568,0,0,2,True,False,True,0.0,0.0
write_pair_reference_own_b384,1stcol4thboy,2569,0,0,2,True,False,True,0.0,0.0
write_pair_reference_own_b384,1stcol4thboy,2571,0,0,2,True,False,True,0.0,0.0
write_pair_reference_own_b384,1stcol4thboy,2572,0,0,2,True,False,True,0.0,0.0
write_pair_reference_own_b384,1stcol4thboy,2573,0,0,2,True,False,True,0.0,0.0
write_pair_reference_own_b384,1stcol4thboy,2574,0,0,2,True,False,True,0.0,0.0
write_pair_reference_own_b384,1stcol4thboy,2575,0,0,2,True,False,True,0.0,0.0
write_pair_reference_own_b384,1stcol4thboy,2577,0,0,2,True,False,True,0.0,0.0
write_pair_reference_own_b384,1stcol4thboy,2578,0,0,2,True,False,True,0.0,0.0
write_pair_reference_own_b384,1stcol4thboy,2579,0,0,2,True,False,True,0.0,0.0
write_pair_reference_own_b384,1stcol4thboy,2581,0,0,2,True,False,True,0.0,0.0
write_pair_reference_own_b384,1stcol4thboy,2582,0,0,2,True,False,True,0.0,0.0
write_pair_reference_own_b384,1stcol4thboy,2583,0,0,2,True,False,True,0.0,0.0
write_pair_reference_own_b384,1stcol4thboy,2584,0,0,2,True,False,True,0.0,0.0
write_pair_reference_own_b384,1stcol4thboy,2585,0,0,2,True,False,True,0.0,0.0
write_pair_reference_own_b384,1stcol4thboy,2586,0,0,2,True,False,True,0.0,0.0
write_pair_reference_own_b384,1stcol4thboy,2587,0,0,2,True,False,True,0.0,0.0
write_pair_reference_own_b384,1stcol4thboy,2588,0,0,2,True,False,True,0.0,0.0
write_pair_reference_own_b384,1stcol4thboy,2589,0,0,2,True,False,True,0.0,0.0
write_pair_reference_own_b384,1stcol4thboy,2590,0,0,2,True,False,True,0.0,0.0
write_pair_reference_own_b384,1stcol4thboy,2591,0,0,2,True,False,True,0.0,0.0
write_pair_reference_own_b384,1stcol4thboy,2592,0,0,2,True,False,True,0.0,0.0
write_pair_reference_own_b384,1stcol4thboy,2593,0,0,2,True,False,True,0.0,0.0
write_pair_reference_own_b384,1stcol4thboy,2594,0,0,2,True,False,True,0.0,0.0
write_pair_reference_own_b384,1stcol4thboy,2595,0,0,2,True,False,True,0.0,0.0
write_pair_reference_own_b384,1stcol4thboy,2598,0,0,2,True,False,True,0.0,0.0
write_pair_reference_own_b384,1stcol4thboy,2604,0,0,2,True,False,True,0.0,0.0
write_pair_reference_own_b384,1stcol4thboy,2605,0,0,2,True,False,True,0.0,0.0
write_pair_reference_own_b384,1stcol4thboy,2606,0,0,2,True,False,True,0.0,0.0
write_pair_reference_own_b384,1stcol4thboy,2608,0,0,2,True,False,True,0.0,0.0
write_pair_reference_own_b384,1stcol4thboy,2614,0,0,2,True,False,True,0.0,0.0
write_pair_reference_own_b384,1stcol4thboy,2615,0,0,2,True,False,True,0.0,0.0
write_pair_reference_own_b384,1stcol4thboy,2618,0,0,2,True,False,True,0.0,0.0
write_pair_reference_own_b384,1stcol4thboy,2622,0,0,2,True,False,True,0.0,0.0
write_pair_reference_own_b384,1stcol4thboy,2623,0,0,2,True,False,True,0.0,0.0
write_pair_reference_own_b384,1stcol4thboy,2624,0,0,2,True,False,True,0.0,0.0
write_pair_reference_own_b384,1stcol4thboy,2625,0,0,2,True,False,True,0.0,0.0
write_pair_reference_own_b384,1stcol4thboy,2628,0,0,2,True,False,True,0.0,0.0
write_pair_reference_own_b384,1stcol4thboy,2631,0,0,2,True,False,True,0.0,0.0
write_pair_reference_own_b384,1stcol4thboy,2634,0,0,2,True,False,True,0.0,0.0
write_pair_reference_own_b384,1stcol4thboy,2636,0,0,2,True,False,True,0.0,0.0
write_pair_reference_own_b384,1stcol4thboy,2637,0,0,2,True,False,True,0.0,0.0
write_pair_reference_own_b384,1stcol4thboy,2641,0,0,2,True,False,True,0.0,0.0
write_pair_reference_own_b384,1stcol4thboy,2642,0,0,2,True,False,True,0.0,0.0
write_pair_reference_own_b384,1stcol4thboy,2643,0,0,2,True,False,True,0.0,0.0
write_pair_reference_own_b384,1stcol4thboy,2644,0,0,2,True,False,True,0.0,0.0
write_pair_reference_own_b384,1stcol4thboy,2646,0,0,2,True,False,True,0.0,0.0
write_pair_reference_own_b384,1stcol4thboy,2653,0,0,2,True,False,True,0.0,0.0
write_pair_reference_own_b384,1stcol4thboy,2654,0,0,2,True,False,True,0.0,0.0
write_pair_reference_own_b384,1stcol4thboy,2655,0,0,2,True,False,True,0.0,0.0
write_pair_reference_own_b384,1stcol4thboy,2656,0,0,2,True,False,True,0.0,0.0
write_pair_reference_own_b384,1stcol4thboy,2657,0,0,2,True,False,True,0.0,0.0
write_pair_reference_own_b384,1stcol4thboy,2659,0,0,2,True,False,True,0.0,0.0
write_pair_reference_own_b384,1stcol4thboy,2668,0,0,2,True,False,True,0.0,0.0
write_pair_reference_own_b384,1stcol4thboy,2670,0,0,2,True,False,True,0.0,0.0
write_pair_reference_own_b384,1stcol4thboy,2671,0,0,2,True,False,True,0.0,0.0
write_pair_reference_own_b384,1stcol4thboy,2672,0,0,2,True,False,True,0.0,0.0
write_pair_reference_own_b384,1stcol4thboy,2674,0,0,2,True,False,True,0.0,0.0
write_pair_reference_own_b384,1stcol4thboy,2675,0,0,2,True,False,True,0.0,0.0
write_pair_reference_own_b384,1stcol4thboy,2676,0,0,2,True,False,True,0.0,0.0
write_pair_reference_own_b384,1stcol4thboy,2677,0,0,2,True,False,True,0.0,0.0
write_pair_reference_own_b384,1stcol4thboy,2678,0,0,2,True,False,True,0.0,0.0
write_pair_reference_own_b384,1stcol4thboy,2679,0,0,2,True,False,True,0.0,0.0
write_pair_reference_own_b384,1stcol4thboy,2695,0,0,2,True,False,True,0.0,0.0
write_pair_reference_own_b384,1stcol4thboy,2696,0,0,2,True,False,True,0.0,0.0
write_pair_reference_own_b384,1stcol4thboy,2699,0,0,2,True,False,True,0.0,0.0
write_pair_reference_own_b384,1stcol4thboy,2706,0,0,2,True,False,True,0.0,0.0
write_pair_reference_own_b384,1stcol4thboy,2718,0,0,2,True,False,True,0.0,0.0
write_pair_reference_own_b384,1stcol4thboy,2719,0,0,2,True,False,True,0.0,0.0
write_pair_reference_own_b384,1stcol4thboy,2730,0,0,2,True,False,True,0.0,0.0
write_pair_reference_own_b384,1stcol4thboy,2731,0,0,2,True,False,True,0.0,0.0
write_pair_reference_own_b384,1stcol4thboy,2735,0,0,2,True,False,True,0.0,0.0
write_pair_reference_own_b384,1stcol4thboy,2736,0,0,2,True,False,True,0.0,0.0
write_pair_reference_own_b384,1stcol4thboy,2739,0,0,2,True,False,True,0.0,0.0
write_pair_reference_own_b384,1stcol4thboy,2743,0,0,2,True,False,True,0.0,0.0
write_pair_reference_own_b384,1stcol4thboy,2744,0,0,2,True,False,True,0.0,0.0
write_pair_reference_own_b384,1stcol4thboy,2745,0,0,2,True,False,True,0.0,0.0
write_pair_reference_own_b384,1stcol4thboy,2746,0,0,2,True,False,True,0.0,0.0
write_pair_reference_own_b384,1stcol4thboy,2747,0,0,2,True,False,True,0.0,0.0
write_pair_reference_own_b384,1stcol4thboy,2755,0,0,2,True,False,True,0.0,0.0
write_pair_reference_own_b384,1stcol4thboy,2758,0,0,2,True,False,True,0.0,0.0
write_pair_reference_own_b384,1stcol4thboy,2766,0,0,2,True,False,True,0.0,0.0
write_pair_reference_own_b384,1stcol4thboy,2767,0,0,2,True,False,True,0.0,0.0
write_pair_reference_own_b384,1stcol4thboy,2768,0,0,2,True,False,True,0.0,0.0
write_pair_reference_own_b384,1stcol4thboy,2773,0,0,2,True,False,True,0.0,0.0
write_pair_reference_own_b384,1stcol4thboy,2780,0,0,2,True,False,True,0.0,0.0
write_pair_reference_own_b384,1stcol4thboy,2788,0,0,2,True,False,True,0.0,0.0
write_pair_reference_own_b384,1stcol4thboy,2789,0,1,2,True,False,True,0.0,0.0
write_pair_reference_own_b384,1stcol4thboy,2793,0,0,2,True,False,True,0.0,0.0
write_pair_reference_own_b384,1stcol4thboy,2794,0,0,2,True,False,True,0.0,0.0
write_pair_reference_own_b384,1stcol4thboy,2796,0,0,2,True,False,True,0.0,0.0
write_pair_reference_own_b384,1stcol4thboy,2799,0,0,2,True,False,True,0.0,0.0
write_pair_reference_own_b384,1stcol4thboy,2804,0,0,2,True,False,True,0.0,0.0
write_pair_reference_own_b384,1stcol4thboy,2805,0,0,2,True,False,True,0.0,0.0
write_pair_reference_own_b384,1stcol4thboy,2806,0,0,2,True,False,True,0.0,0.0
write_pair_reference_own_b384,1stcol4thboy,2810,0,0,2,True,False,True,0.0,0.0
write_pair_reference_own_b384,1stcol4thboy,2811,0,0,2,True,False,True,0.0,0.0
write_pair_reference_own_b384,1stcol4thboy,2812,0,0,2,True,False,True,0.0,0.0
write_pair_reference_own_b384,1stcol4thboy,2814,0,0,2,True,False,True,0.0,0.0
write_pair_reference_own_b384,1stcol4thboy,2817,0,0,2,True,False,True,0.0,0.0
write_pair_reference_own_b384,1stcol4thboy,2822,0,0,2,True,False,True,0.0,0.0
write_pair_reference_own_b384,1stcol4thboy,2823,0,0,2,True,False,True,0.0,0.0
write_pair_reference_own_b384,1stcol4thboy,2824,0,0,2,True,False,True,0.0,0.0
write_pair_reference_own_b384,1stcol4thboy,2825,0,0,2,True,False,True,0.0,0.0
write_pair_reference_own_b384,1stcol4thboy,2826,0,0,2,True,False,True,0.0,0.0
write_pair_reference_own_b384,1stcol4thboy,2827,0,0,2,True,False,True,0.0,0.0
write_pair_reference_own_b384,1stcol4thboy,2828,0,0,2,True,False,True,0.0,0.0
write_pair_reference_own_b384,1stcol4thboy,2829,0,0,2,True,False,True,0.0,0.0
write_pair_reference_own_b384,1stcol4thboy,2830,0,0,2,True,False,True,0.0,0.0
write_pair_reference_own_b384,1stcol4thboy,2831,0,0,2,True,False,True,0.0,0.0
write_pair_reference_own_b384,1stcol4thboy,2833,0,0,2,True,False,True,0.0,0.0
write_pair_reference_own_b384,1stcol4thboy,2834,0,0,2,True,False,True,0.0,0.0
write_pair_reference_own_b384,1stcol4thboy,2835,0,0,2,True,False,True,0.0,0.0
write_pair_reference_own_b384,1stcol4thboy,2836,0,0,2,True,False,True,0.0,0.0
write_pair_reference_own_b384,1stcol4thboy,2837,0,0,2,True,False,True,0.0,0.0
write_pair_reference_own_b384,1stcol4thboy,2838,0,0,2,True,False,True,0.0,0.0
write_pair_reference_own_b384,1stcol4thboy,2839,0,0,2,True,False,True,0.0,0.0
write_pair_reference_own_b384,1stcol4thboy,2841,0,0,2,True,False,True,0.0,0.0
write_pair_reference_own_b384,1stcol4thboy,2842,0,0,2,True,False,True,0.0,0.0
write_pair_reference_own_b384,1stcol4thboy,2843,0,0,2,True,False,True,0.0,0.0
write_pair_reference_own_b384,1stcol4thboy,2844,0,0,2,True,False,True,0.0,0.0
write_pair_reference_own_b384,1stcol4thboy,2845,0,0,2,True,False,True,0.0,0.0
write_pair_reference_own_b384,1stcol4thboy,2846,0,0,2,True,False,True,0.0,0.0
write_pair_reference_own_b384,1stcol4thboy,2847,0,0,2,True,False,True,0.0,0.0
write_pair_reference_own_b384,1stcol4thboy,2848,0,0,2,True,False,True,0.0,0.0
write_pair_reference_own_b384,1stcol4thboy,2849,0,0,2,True,False,True,0.0,0.0
write_pair_reference_own_b384,1stcol4thboy,2850,0,0,2,True,False,True,0.0,0.0
write_pair_reference_own_b384,1stcol4thboy,2851,0,0,2,True,False,True,0.0,0.0
write_pair_reference_own_b384,1stcol4thboy,2852,0,0,2,True,False,True,0.0,0.0
write_pair_reference_own_b384,1stcol4thboy,2853,0,0,2,True,False,True,0.0,0.0
write_pair_reference_own_b384,1stcol4thboy,2854,0,0,2,True,False,True,0.0,0.0
write_pair_reference_own_b384,1stcol4thboy,2855,0,0,2,True,False,True,0.0,0.0
write_pair_reference_own_b384,1stcol4thboy,2856,0,0,2,True,False,True,0.0,0.0
write_pair_reference_own_b384,1stcol4thboy,2857,0,0,2,True,False,True,0.0,0.0
write_pair_reference_own_b384,1stcol4thboy,2858,0,0,2,True,False,True,0.0,0.0
write_pair_reference_own_b384,1stcol4thboy,2859,0,0,2,True,False,True,0.0,0.0
write_pair_reference_own_b384,1stcol4thboy,2860,0,0,2,True,False,True,0.0,0.0
write_pair_reference_own_b384,1stcol4thboy,2861,0,0,2,True,False,True,0.0,0.0
write_pair_reference_own_b384,1stcol4thboy,2862,0,0,2,True,False,True,0.0,0.0
write_pair_reference_own_b384,1stcol4thboy,2863,0,0,2,True,False,True,0.0,0.0
write_pair_reference_own_b384,1stcol4thboy,2864,0,0,2,True,False,True,0.0,0.0
write_pair_reference_own_b384,1stcol4thboy,2865,0,0,2,True,False,True,0.0,0.0
write_pair_reference_own_b384,1stcol4thboy,2866,0,0,2,True,False,True,0.0,0.0
write_pair_reference_own_b384,1stcol4thboy,2867,0,0,2,True,False,True,0.0,0.0
write_pair_reference_own_b384,1stcol4thboy,2868,0,0,2,True,False,True,0.0,0.0
write_pair_reference_own_b384,1stcol4thboy,2869,0,0,2,True,False,True,0.0,0.0
write_pair_reference_own_b384,1stcol4thboy,2870,0,0,2,True,False,True,0.0,0.0
write_pair_reference_own_b384,1stcol4thboy,2871,0,0,2,True,False,True,0.0,0.0
write_pair_reference_own_b384,1stcol4thboy,2872,0,0,2,True,False,True,0.0,0.0
write_pair_reference_own_b384,1stcol4thboy,2873,0,0,2,True,False,True,0.0,0.0
write_pair_reference_own_b384,1stcol4thboy,2874,0,0,2,True,False,True,0.0,0.0
write_pair_reference_own_b384,1stcol4thboy,2875,0,0,2,True,False,True,0.0,0.0
write_pair_reference_own_b384,1stcol4thboy,2877,0,0,2,True,False,True,0.0,0.0
write_pair_reference_own_b384,1stcol4thboy,2878,0,0,2,True,False,True,0.0,0.0
write_pair_reference_own_b384,1stcol4thboy,2879,0,0,2,True,False,True,0.0,0.0
write_pair_reference_own_b384,1stcol4thboy,2880,0,0,2,True,False,True,0.0,0.0
write_pair_reference_own_b384,1stcol4thboy,2881,0,0,2,True,False,True,0.0,0.0
write_pair_reference_own_b384,1stcol4thboy,2882,0,0,2,True,False,True,0.0,0.0
write_pair_reference_own_b384,1stcol4thboy,2883,0,0,2,True,False,True,0.0,0.0
write_pair_reference_own_b384,1stcol4thboy,2884,0,0,2,True,False,True,0.0,0.0
write_pair_reference_own_b384,1stcol4thboy,2885,0,0,2,True,False,True,0.0,0.0
write_pair_reference_own_b384,1stcol4thboy,2888,0,0,2,True,False,True,0.0,0.0
write_pair_reference_own_b384,1stcol4thboy,2889,0,0,2,True,False,True,0.0,0.0
write_pair_reference_own_b384,1stcol4thboy,2892,0,0,2,True,False,True,0.0,0.0
write_pair_reference_own_b384,1stcol4thboy,2893,0,0,2,True,False,True,0.0,0.0
write_pair_reference_own_b384,1stcol4thboy,2894,0,0,2,True,False,True,0.0,0.0
write_pair_reference_own_b384,1stcol4thboy,2895,0,0,2,True,False,True,0.0,0.0
write_pair_reference_own_b384,1stcol4thboy,2897,0,0,2,True,False,True,0.0,0.0
write_pair_reference_own_b384,1stcol4thboy,2898,0,0,2,True,False,True,0.0,0.0
write_pair_reference_own_b384,1stcol4thboy,2900,0,0,2,True,False,True,0.0,0.0
write_pair_reference_own_b384,1stcol4thboy,2901,0,0,2,True,False,True,0.0,0.0
write_pair_reference_own_b384,1stcol4thboy,2902,0,0,2,True,False,True,0.0,0.0
write_pair_reference_own_b384,1stcol4thboy,2904,0,0,2,True,False,True,0.0,0.0
write_pair_reference_own_b384,1stcol4thboy,2906,0,0,2,True,False,True,0.0,0.0
write_pair_reference_own_b384,1stcol4thboy,2907,0,0,2,True,False,True,0.0,0.0
write_pair_reference_own_b384,1stcol4thboy,2909,0,0,2,True,False,True,0.0,0.0
write_pair_reference_own_b384,1stcol4thboy,2910,0,0,2,True,False,True,0.0,0.0
write_pair_reference_own_b384,1stcol4thboy,2917,0,0,2,True,False,True,0.0,0.0
write_pair_reference_own_b384,1stcol4thboy,2919,0,0,2,True,False,True,0.0,0.0
write_pair_reference_own_b384,1stcol4thboy,2920,0,0,2,True,False,True,0.0,0.0
write_pair_reference_own_b384,1stcol4thboy,2921,0,0,2,True,False,True,0.0,0.0
write_pair_reference_own_b384,1stcol4thboy,2925,0,0,2,True,False,True,0.0,0.0
write_pair_reference_own_b384,1stcol4thboy,2927,0,0,2,True,False,True,0.0,0.0
write_pair_reference_own_b384,1stcol4thboy,2928,0,0,2,True,False,True,0.0,0.0
write_pair_reference_own_b384,1stcol4thboy,2931,0,0,2,True,False,True,0.0,0.0
write_pair_reference_own_b384,1stcol4thboy,2934,0,0,2,True,False,True,0.0,0.0
write_pair_reference_own_b384,1stcol4thboy,2940,0,0,2,True,False,True,0.0,0.0
write_pair_reference_own_b384,1stcol4thboy,2947,0,0,2,True,False,True,0.0,0.0
write_pair_reference_own_b384,1stcol4thboy,2950,0,0,2,True,False,True,0.0,0.0
write_pair_reference_own_b384,1stcol4thboy,2952,0,0,2,True,False,True,0.0,0.0
write_pair_reference_own_b384,1stcol4thboy,2956,0,0,2,True,False,True,0.0,0.0
write_pair_reference_own_b384,1stcol4thboy,2957,0,0,2,True,False,True,0.0,0.0
write_pair_reference_own_b384,1stcol4thboy,2959,0,0,2,True,False,True,0.0,0.0
write_pair_reference_own_b384,1stcol4thboy,2960,0,0,2,True,False,True,0.0,0.0
write_pair_reference_own_b384,1stcol4thboy,2961,0,0,2,True,False,True,0.0,0.0
write_pair_reference_own_b384,1stcol4thboy,2962,0,0,2,True,False,True,0.0,0.0
write_pair_reference_own_b384,1stcol4thboy,2967,0,0,2,True,False,True,0.0,0.0
write_pair_reference_own_b384,1stcol4thboy,2968,0,0,2,True,False,True,0.0,0.0
write_pair_reference_own_b384,1stcol4thboy,2970,0,0,2,True,False,True,0.0,0.0
write_pair_reference_own_b384,1stcol4thboy,2971,0,0,2,True,False,True,0.0,0.0
write_pair_reference_own_b384,1stcol4thboy,2972,0,0,2,True,False,True,0.0,0.0
write_pair_reference_own_b384,1stcol4thboy,2973,0,0,2,True,False,True,0.0,0.0
write_pair_reference_own_b384,1stcol4thboy,2974,0,0,2,True,False,True,0.0,0.0
write_pair_reference_own_b384,1stcol4thboy,2975,0,0,2,True,False,True,0.0,0.0
write_pair_reference_own_b384,1stcol4thboy,2978,0,0,2,True,False,True,0.0,0.0
write_pair_reference_own_b384,1stcol4thboy,2981,0,0,2,True,False,True,0.0,0.0
write_pair_reference_own_b384,1stcol4thboy,2982,0,0,2,True,False,True,0.0,0.0
write_pair_reference_own_b384,1stcol4thboy,2985,0,0,2,True,False,True,0.0,0.0
write_pair_reference_own_b384,1stcol4thboy,2986,0,0,2,True,False,True,0.0,0.0
write_pair_reference_own_b384,1stcol4thboy,2987,0,0,2,True,False,True,0.0,0.0
write_pair_reference_own_b384,1stcol4thboy,2988,0,0,2,True,False,True,0.0,0.0
write_pair_reference_own_b384,1stcol4thboy,2989,0,0,2,True,False,True,0.0,0.0
write_pair_reference_own_b384,1stcol4thboy,2990,0,0,2,True,False,True,0.0,0.0
write_pair_reference_own_b384,1stcol4thboy,2991,0,0,2,True,False,True,0.0,0.0
write_pair_reference_own_b384,1stcol4thboy,2993,0,0,2,True,False,True,0.0,0.0
write_pair_reference_own_b384,1stcol4thboy,2998,0,0,2,True,False,True,0.0,0.0
write_pair_reference_own_b384,1stcol4thboy,3005,0,0,2,True,False,True,0.0,0.0
write_pair_reference_own_b384,1stcol4thboy,3008,0,0,2,True,False,True,0.0,0.0
write_pair_reference_own_b384,1stcol4thboy,3011,0,0,2,True,False,True,0.0,0.0
write_pair_reference_own_b384,1stcol4thboy,3013,0,0,2,True,False,True,0.0,0.0
write_pair_reference_own_b384,1stcol4thboy,3014,0,0,2,True,False,True,0.0,0.0
write_pair_reference_own_b384,1stcol4thboy,3018,0,0,2,True,False,True,0.0,0.0
write_pair_reference_own_b384,1stcol4thboy,3019,0,0,2,True,False,True,0.0,0.0
write_pair_reference_own_b384,1stcol4thboy,3020,0,0,2,True,False,True,0.0,0.0
write_pair_reference_own_b384,1stcol4thboy,3021,0,0,2,True,False,True,0.0,0.0
write_pair_reference_own_b384,1stcol4thboy,3022,0,0,2,True,False,True,0.0,0.0
write_pair_reference_own_b384,1stcol4thboy,3027,0,0,2,True,False,True,0.0,0.0
write_pair_reference_own_b384,1stcol4thboy,3030,0,0,2,True,False,True,0.0,0.0
write_pair_reference_own_b384,1stcol4thboy,3031,0,0,2,True,False,True,0.0,0.0
write_pair_reference_own_b384,1stcol4thboy,3032,0,0,2,True,False,True,0.0,0.0
write_pair_reference_own_b384,1stcol4thboy,3033,0,0,2,True,False,True,0.0,0.0
write_pair_reference_own_b384,1stcol4thboy,3034,0,0,2,True,False,True,0.0,0.0
write_pair_reference_own_b384,1stcol4thboy,3035,0,0,2,True,False,True,0.0,0.0
write_pair_reference_own_b384,1stcol4thboy,3036,0,0,2,True,False,True,0.0,0.0
write_pair_reference_own_b384,1stcol4thboy,3037,0,0,2,True,False,True,0.0,0.0
write_pair_reference_own_b384,1stcol4thboy,3038,0,0,2,True,False,True,0.0,0.0
write_pair_reference_own_b384,1stcol4thboy,3039,0,0,2,True,False,True,0.0,0.0
write_pair_reference_own_b384,1stcol4thboy,3040,0,0,2,True,False,True,0.0,0.0
write_pair_reference_own_b384,1stcol4thboy,3041,0,0,2,True,False,True,0.0,0.0
write_pair_reference_own_b384,1stcol4thboy,3043,0,0,2,True,False,True,0.0,0.0
write_pair_reference_own_b384,1stcol4thboy,3045,0,0,2,True,False,True,0.0,0.0
write_pair_reference_own_b384,1stcol4thboy,3047,0,0,2,True,False,True,0.0,0.0
write_pair_reference_own_b384,1stcol4thboy,3049,0,0,2,True,False,True,0.0,0.0
write_pair_reference_own_b384,1stcol4thboy,3050,0,0,2,True,False,True,0.0,0.0
write_pair_reference_own_b384,1stcol4thboy,3051,0,0,2,True,False,True,0.0,0.0
write_pair_reference_own_b384,1stcol4thboy,3054,0,0,2,True,False,True,0.0,0.0
write_pair_reference_own_b384,1stcol4thboy,3056,0,0,2,True,False,True,0.0,0.0
write_pair_reference_own_b384,1stcol4thboy,3059,0,0,2,True,False,True,0.0,0.0
write_pair_reference_own_b384,1stcol4thboy,3064,0,0,2,True,False,True,0.0,0.0
write_pair_reference_own_b384,1stcol4thboy,3068,0,0,2,True,False,True,0.0,0.0
write_pair_reference_own_b384,1stcol4thboy,3070,0,0,2,True,False,True,0.0,0.0
write_pair_reference_own_b384,1stcol4thboy,3072,0,0,2,True,False,True,0.0,0.0
write_pair_reference_own_b384,1stcol4thboy,3074,0,0,2,True,False,True,0.0,0.0
write_pair_reference_own_b384,1stcol4thboy,3076,0,0,2,True,False,True,0.0,0.0
write_pair_reference_own_b384,1stcol4thboy,3077,0,0,2,True,False,True,0.0,0.0
write_pair_reference_own_b384,1stcol4thboy,3078,0,0,2,True,False,True,0.0,0.0
write_pair_reference_own_b384,1stcol4thboy,3079,0,0,2,True,False,True,0.0,0.0
write_pair_reference_own_b384,1stcol4thboy,3080,0,0,2,True,False,True,0.0,0.0
write_pair_reference_own_b384,1stcol4thboy,3081,0,0,2,True,False,True,0.0,0.0
write_pair_reference_own_b384,1stcol4thboy,3082,0,0,2,True,False,True,0.0,0.0
write_pair_reference_own_b384,1stcol4thboy,3083,0,0,2,True,False,True,0.0,0.0
write_pair_reference_own_b384,1stcol4thboy,3084,0,0,2,True,False,True,0.0,0.0
write_pair_reference_own_b384,1stcol4thboy,3085,0,0,2,True,False,True,0.0,0.0
write_pair_reference_own_b384,1stcol4thboy,3087,0,0,2,True,False,True,0.0,0.0
write_pair_reference_own_b384,1stcol4thboy,3092,0,0,2,True,False,True,0.0,0.0
write_pair_reference_own_b384,1stcol4thboy,3093,0,0,2,True,False,True,0.0,0.0
write_pair_reference_own_b384,1stcol4thboy,3094,0,0,2,True,False,True,0.0,0.0
write_pair_reference_own_b384,1stcol4thboy,3095,0,0,2,True,False,True,0.0,0.0
write_pair_reference_own_b384,1stcol4thboy,3097,0,0,2,True,False,True,0.0,0.0
write_pair_reference_own_b384,1stcol4thboy,3098,0,0,2,True,False,True,0.0,0.0
write_pair_reference_own_b384,1stcol4thboy,3099,0,0,2,True,False,True,0.0,0.0
write_pair_reference_own_b384,1stcol4thboy,3100,0,0,2,True,False,True,0.0,0.0
write_pair_reference_own_b384,1stcol4thboy,3102,0,0,2,True,False,True,0.0,0.0
write_pair_reference_own_b384,1stcol4thboy,3105,0,0,2,True,False,True,0.0,0.0
write_pair_reference_own_b384,1stcol4thboy,3106,0,0,2,True,False,True,0.0,0.0
write_pair_reference_own_b384,1stcol4thboy,3107,0,0,2,True,False,True,0.0,0.0
write_pair_reference_own_b384,1stcol4thboy,3108,0,0,2,True,False,True,0.0,0.0
write_pair_reference_own_b384,1stcol4thboy,3110,0,0,2,True,False,True,0.0,0.0
write_pair_reference_own_b384,1stcol4thboy,3111,0,1,2,True,False,True,0.0,0.0
write_pair_reference_own_b384,1stcol4thboy,3112,0,0,2,True,False,True,0.0,0.0
write_pair_reference_own_b384,1stcol4thboy,3114,0,0,2,True,False,True,0.0,0.0
write_pair_reference_own_b384,1stcol4thboy,3116,0,0,2,True,False,True,0.0,0.0
write_pair_reference_own_b384,1stcol4thboy,3118,0,0,2,True,False,True,0.0,0.0
write_pair_reference_own_b384,1stcol4thboy,3120,0,0,2,True,False,True,0.0,0.0
write_pair_reference_own_b384,1stcol4thboy,3121,0,0,2,True,False,True,0.0,0.0
write_pair_reference_own_b384,1stcol4thboy,3122,0,0,2,True,False,True,0.0,0.0
write_pair_reference_own_b384,1stcol4thboy,3126,0,0,2,True,False,True,0.0,0.0
write_pair_reference_own_b384,1stcol4thboy,3127,0,0,2,True,False,True,0.0,0.0
write_pair_reference_own_b384,1stcol4thboy,3128,0,0,2,True,False,True,0.0,0.0
write_pair_reference_own_b384,1stcol4thboy,3129,0,0,2,True,False,True,0.0,0.0
write_pair_reference_own_b384,1stcol4thboy,3130,0,0,2,True,False,True,0.0,0.0
write_pair_reference_own_b384,1stcol4thboy,3131,0,0,2,True,False,True,0.0,0.0
write_pair_reference_own_b384,1stcol4thboy,3132,0,0,2,True,False,True,0.0,0.0
write_pair_reference_own_b384,1stcol4thboy,3134,0,0,2,True,False,True,0.0,0.0
write_pair_reference_own_b384,1stcol4thboy,3135,0,0,2,True,False,True,0.0,0.0
write_pair_reference_own_b384,1stcol4thboy,3136,0,0,2,True,False,True,0.0,0.0
write_pair_reference_own_b384,1stcol4thboy,3137,0,0,2,True,False,True,0.0,0.0
write_pair_reference_own_b384,1stcol4thboy,3141,0,0,2,True,False,True,0.0,0.0
write_pair_reference_own_b384,1stcol4thboy,3145,0,0,2,True,False,True,0.0,0.0
write_pair_reference_own_b384,1stcol4thboy,3146,0,0,2,True,False,True,0.0,0.0
write_pair_reference_own_b384,1stcol4thboy,3148,0,0,2,True,False,True,0.0,0.0
write_pair_reference_own_b384,1stcol4thboy,3149,0,0,2,True,False,True,0.0,0.0
write_pair_reference_own_b384,1stcol4thboy,3150,0,0,2,True,False,True,0.0,0.0
write_pair_reference_own_b384,1stcol4thboy,3151,0,0,2,True,False,True,0.0,0.0
write_pair_reference_own_b384,1stcol4thboy,3154,0,0,2,True,False,True,0.0,0.0
write_pair_reference_own_b384,1stcol4thboy,3156,0,0,2,True,False,True,0.0,0.0
write_pair_reference_own_b384,1stcol4thboy,3157,0,0,2,True,False,True,0.0,0.0
write_pair_reference_own_b384,1stcol4thboy,3161,0,0,2,True,False,True,0.0,0.0
write_pair_reference_own_b384,1stcol4thboy,3165,0,0,2,True,False,True,0.0,0.0
write_pair_reference_own_b384,1stcol4thboy,3166,0,0,2,True,False,True,0.0,0.0
write_pair_reference_own_b384,1stcol4thboy,3167,0,0,2,True,False,True,0.0,0.0
write_pair_reference_own_b384,1stcol4thboy,3168,0,0,2,True,False,True,0.0,0.0
write_pair_reference_own_b384,1stcol4thboy,3171,0,0,2,True,False,True,0.0,0.0
write_pair_reference_own_b384,1stcol4thboy,3172,0,0,2,True,False,True,0.0,0.0
write_pair_reference_own_b384,1stcol4thboy,3173,0,0,2,True,False,True,0.0,0.0
write_pair_reference_own_b384,1stcol4thboy,3176,0,0,2,True,False,True,0.0,0.0
write_pair_reference_own_b384,1stcol4thboy,3182,0,0,2,True,False,True,0.0,0.0
write_pair_reference_own_b384,1stcol4thboy,3183,0,0,2,True,False,True,0.0,0.0
write_pair_reference_own_b384,1stcol4thboy,3186,0,0,2,True,False,True,0.0,0.0
write_pair_reference_own_b384,1stcol4thboy,3188,0,0,2,True,False,True,0.0,0.0
write_pair_reference_own_b384,1stcol4thboy,3189,0,0,2,True,False,True,0.0,0.0
write_pair_reference_own_b384,1stcol4thboy,3192,0,0,2,True,False,True,0.0,0.0
write_pair_reference_own_b384,1stcol4thboy,3193,0,0,2,True,False,True,0.0,0.0
write_pair_reference_own_b384,1stcol4thboy,3194,0,0,2,True,False,True,0.0,0.0
write_pair_reference_own_b384,1stcol4thboy,3195,0,0,2,True,False,True,0.0,0.0
write_pair_reference_own_b384,1stcol4thboy,3196,0,0,2,True,False,True,0.0,0.0
write_pair_reference_own_b384,1stcol4thboy,3197,0,0,2,True,False,True,0.0,0.0
write_pair_reference_own_b384,1stcol4thboy,3198,0,0,2,True,False,True,0.0,0.0
write_pair_reference_own_b384,1stcol4thboy,3199,0,0,2,True,False,True,0.0,0.0
write_pair_reference_own_b384,1stcol4thboy,3200,0,0,2,True,False,True,0.0,0.0
write_pair_reference_own_b384,1stcol4thboy,3201,0,0,2,True,False,True,0.0,0.0
write_pair_reference_own_b384,1stcol4thboy,3203,0,0,2,True,False,True,0.0,0.0
write_pair_reference_own_b384,1stcol4thboy,3205,0,0,2,True,False,True,0.0,0.0
write_pair_reference_own_b384,1stcol4thboy,3206,0,0,2,True,False,True,0.0,0.0
write_pair_reference_own_b384,1stcol4thboy,3207,0,0,2,True,False,True,0.0,0.0
write_pair_reference_own_b384,1stcol4thboy,3209,0,0,2,True,False,True,0.0,0.0
write_pair_reference_own_b384,1stcol4thboy,3210,0,0,2,True,False,True,0.0,0.0
write_pair_reference_own_b384,1stcol4thboy,3217,0,0,2,True,False,True,0.0,0.0
write_pair_reference_own_b384,1stcol4thboy,3221,0,0,2,True,False,True,0.0,0.0
write_pair_reference_own_b384,1stcol4thboy,3223,0,0,2,True,False,True,0.0,0.0
write_pair_reference_own_b384,1stcol4thboy,3228,0,0,2,True,False,True,0.0,0.0
write_pair_reference_own_b384,1stcol4thboy,3243,0,0,2,True,False,True,0.0,0.0
write_pair_reference_own_b384,1stcol4thboy,3244,0,0,2,True,False,True,0.0,0.0
write_pair_reference_own_b384,1stcol4thboy,3253,0,0,2,True,False,True,0.0,0.0
write_pair_reference_own_b384,1stcol4thboy,3276,0,0,2,True,False,True,0.0,0.0
write_pair_reference_own_b384,1stcol4thboy,3279,0,0,2,True,False,True,0.0,0.0
write_pair_reference_own_b384,1stcol4thboy,3283,0,0,2,True,False,True,0.0,0.0
write_pair_reference_own_b384,1stcol4thboy,3296,0,0,2,True,False,True,0.0,0.0
write_pair_reference_own_b384,1stcol4thboy,3299,0,0,2,True,False,True,0.0,0.0
write_pair_reference_own_b384,1stcol4thboy,3303,0,0,2,True,False,True,0.0,0.0
write_pair_reference_own_b384,1stcol4thboy,3317,0,0,2,True,False,True,0.0,0.0
write_pair_reference_own_b384,1stcol4thboy,3341,0,0,2,True,False,True,0.0,0.0
write_pair_reference_own_b384,1stcol4thboy,3345,0,0,2,True,False,True,0.0,0.0
write_pair_reference_own_b384,1stcol4thboy,3347,0,0,2,True,False,True,0.0,0.0
write_pair_reference_own_b384,1stcol4thboy,3357,0,0,2,True,False,True,0.0,0.0
write_pair_reference_own_b384,1strowleftboyturning,112,0,0,2,True,False,True,0.0,0.0
write_pair_reference_own_b384,1strowleftboyturning,113,0,0,2,True,False,True,0.0,0.0
write_pair_reference_own_b384,1strowleftboyturning,124,0,0,2,True,False,True,0.0,0.0
write_pair_reference_own_b384,1strowleftboyturning,142,0,0,2,True,False,True,0.0,0.0
write_pair_reference_own_b384,1strowleftboyturning,152,0,0,2,True,False,True,0.0,0.0
write_pair_reference_own_b384,1strowleftboyturning,153,0,0,2,True,False,True,0.0,0.0
write_pair_reference_own_b384,1strowleftboyturning,156,0,0,2,True,False,True,0.0,0.0
write_pair_reference_own_b384,1strowleftboyturning,184,0,0,2,True,False,True,0.0,0.0
write_pair_reference_own_b384,1strowleftboyturning,186,0,0,2,True,False,True,0.0,0.0
write_pair_reference_own_b384,1strowleftboyturning,187,0,0,2,True,False,True,0.0,0.0
write_pair_reference_own_b384,1strowleftboyturning,189,0,0,2,True,False,True,0.0,0.0
write_pair_reference_own_b384,1strowleftboyturning,191,0,0,2,True,False,True,0.0,0.0
write_pair_reference_own_b384,1strowleftboyturning,192,0,0,2,True,False,True,0.0,0.0
write_pair_reference_own_b384,1strowleftboyturning,213,0,0,2,True,False,True,0.0,0.0
write_pair_reference_own_b384,1strowleftboyturning,215,0,0,2,True,False,True,0.0,0.0
write_pair_reference_own_b384,1strowleftboyturning,250,0,0,2,True,False,True,0.0,0.0
write_pair_reference_own_b384,1strowleftboyturning,252,0,0,2,True,False,True,0.0,0.0
write_pair_reference_own_b384,1strowleftboyturning,257,0,0,2,True,False,True,0.0,0.0
write_pair_reference_own_b384,1strowleftboyturning,261,0,1,2,True,False,True,0.0,0.0
write_pair_reference_own_b384,1strowleftboyturning,272,0,0,2,True,False,True,0.0,0.0
write_pair_reference_own_b384,1strowleftboyturning,629,0,0,2,True,False,True,0.0,0.0
write_pair_reference_own_b384,1strowleftboyturning,637,0,0,2,True,False,True,0.0,0.0
write_pair_reference_own_b384,1strowleftboyturning,639,0,0,2,True,False,True,0.0,0.0
write_pair_reference_own_b384,1strowleftboyturning,664,0,0,2,True,False,True,0.0,0.0
write_pair_reference_own_b384,1strowleftboyturning,683,0,0,2,True,False,True,0.0,0.0
write_pair_reference_own_b384,1strowleftboyturning,685,0,0,2,True,False,True,0.0,0.0
write_pair_reference_own_b384,1strowleftboyturning,714,0,0,2,True,False,True,0.0,0.0
write_pair_reference_own_b384,1strowrightdrillmaster,411,0,0,2,True,False,True,0.5726202350466894,0.5726202350466894
write_pair_reference_own_b384,1strowrightdrillmaster,735,0,0,2,True,False,True,0.5019856307816826,0.5019856307816826
write_pair_reference_own_b384,1strowrightdrillmaster,740,0,0,2,True,False,True,0.5400800040712456,0.5400800040712456
write_pair_reference_own_b384,1strowrightdrillmaster,745,0,0,2,True,False,True,0.5852336272707995,0.5852336272707995
write_pair_reference_own_b384,1strowrightdrillmaster,859,0,0,2,True,False,True,0.6593382868711437,0.6593382868711437
write_pair_reference_own_b384,1strowrightdrillmaster,870,0,0,2,True,False,True,0.6130907821172287,0.6130907821172287
write_pair_reference_own_b384,1strowrightdrillmaster,874,0,0,2,True,False,True,0.5062400964999468,0.5062400964999468
write_pair_reference_own_b384,1strowrightdrillmaster,962,0,0,2,True,False,True,0.5617052787758461,0.5617052787758461
write_pair_reference_own_b384,1strowrightdrillmaster,976,0,0,2,True,False,True,0.614253857400071,0.614253857400071
write_pair_reference_own_b384,1strowrightdrillmaster,1005,0,0,2,True,False,True,0.4912614974891234,0.4912614974891234
write_pair_reference_own_b384,1strowrightdrillmaster,1007,0,0,2,True,False,True,0.561888335031511,0.561888335031511
write_pair_reference_own_b384,1strowrightdrillmaster,1214,0,0,2,True,False,True,0.5062046489480633,0.5062046489480633
write_pair_reference_own_b384,1strowrightdrillmaster,1217,0,0,2,True,False,True,0.5285494794750408,0.5285494794750408
write_pair_reference_own_b384,1strowrightdrillmaster,1257,0,0,2,True,False,True,0.5523735199072638,0.5523735199072638
write_pair_reference_own_b384,1strowrightdrillmaster,1369,0,0,2,True,False,True,0.6930475233084319,0.6930475233084319
write_pair_reference_own_b384,1strowrightdrillmaster,2567,0,0,2,True,False,True,0.6832078424695269,0.6832078424695269
write_pair_reference_own_b384,1strowrightdrillmaster,2926,0,0,2,True,False,True,0.6650111334614672,0.6650111334614672
write_pair_reference_own_b384,1strowrightdrillmaster,2928,0,0,2,True,False,True,0.678282717018468,0.678282717018468
write_pair_reference_own_b384,1strowrightdrillmaster,2929,0,0,2,True,False,True,0.692499008443514,0.692499008443514
write_pair_reference_own_b384,1strowrightdrillmaster,2931,0,0,2,True,False,True,0.625153444234578,0.625153444234578
write_pair_reference_own_b384,1strowrightdrillmaster,2966,0,0,2,True,False,True,0.6030213072631198,0.6030213072631198
write_pair_reference_own_b384,1strowrightdrillmaster,2986,0,0,2,True,False,True,0.571101732684058,0.571101732684058
write_pair_reference_own_b384,1strowrightdrillmaster,3041,0,0,2,True,False,True,0.5736003919414456,0.5736003919414456
write_pair_reference_own_b384,1strowrightdrillmaster,3047,0,0,2,True,False,True,0.6220447960399716,0.6220447960399716
write_pair_reference_own_b384,1strowrightdrillmaster,3068,0,0,2,True,False,True,0.6104207004421847,0.6104207004421847
write_pair_reference_own_b384,1strowrightdrillmaster,3088,0,0,2,True,False,True,0.4641024980558661,0.4641024980558661
write_pair_reference_own_b384,1strowrightdrillmaster,3094,0,0,2,True,False,True,0.45505043820910845,0.45505043820910845
write_pair_reference_own_b384,1strowrightdrillmaster,3099,0,0,2,True,False,True,0.5062394117130632,0.5062394117130632
write_pair_reference_own_b384,1strowrightdrillmaster,3140,0,0,2,True,False,True,0.7065877123168397,0.7065877123168397
write_pair_reference_own_b384,1strowrightdrillmaster,3177,0,0,2,True,False,True,0.5929145373756946,0.5929145373756946
write_pair_reference_own_b384,1strowrightdrillmaster,3178,0,0,2,True,False,True,0.6320676969439856,0.6320676969439856
write_pair_reference_own_b384,1strowrightdrillmaster,3180,0,0,2,True,False,True,0.6992081075047177,0.6992081075047177
write_pair_reference_own_b384,1strowrightdrillmaster,3181,0,0,2,True,False,True,0.7448617359235472,0.7448617359235472
write_pair_reference_own_b384,1strowrightdrillmaster,3182,0,0,2,True,False,True,0.7582640982528027,0.7582640982528027
write_pair_reference_own_b384,1strowrightdrillmaster,3184,0,0,2,True,False,True,0.7707193472345744,0.7707193472345744
write_pair_reference_own_b384,1strowrightdrillmaster,3187,0,0,2,True,False,True,0.6591544524979237,0.6591544524979237
write_pair_reference_own_b384,1strowrightdrillmaster,3189,0,0,2,True,False,True,0.7392963548340241,0.7392963548340241
write_pair_reference_own_b384,1strowrightdrillmaster,3193,0,0,2,True,False,True,0.7537041076929774,0.7537041076929774
write_pair_reference_own_b384,1strowrightdrillmaster,3195,0,0,2,True,False,True,0.8413230901595692,0.8413230901595692
write_pair_reference_own_b384,1strowrightdrillmaster,3196,0,0,2,True,False,True,0.8848362513343473,0.8848362513343473
write_pair_reference_own_b384,1strowrightdrillmaster,3199,0,0,2,True,False,True,0.8118516626835931,0.8118516626835931
write_pair_reference_own_b384,1strowrightdrillmaster,3200,0,0,2,True,False,True,0.79460296242422,0.79460296242422
write_pair_reference_own_b384,1strowrightdrillmaster,3202,0,0,2,True,False,True,0.554298330974837,0.554298330974837
write_pair_reference_own_b384,1strowrightdrillmaster,3210,0,0,2,True,False,True,0.1792965221398721,0.1792965221398721
write_pair_reference_own_b384,1strowrightdrillmaster,3211,0,0,2,True,False,True,0.19598072988481496,0.19598072988481496
write_pair_reference_own_b384,1strowrightdrillmaster,3212,0,0,2,True,False,True,0.19090629746068713,0.19090629746068713
write_pair_reference_own_b384,1strowrightdrillmaster,3213,0,0,2,True,False,True,0.20019037644676685,0.20019037644676685
write_pair_reference_own_b384,1strowrightdrillmaster,3215,0,0,2,True,False,True,0.14372804859331892,0.14372804859331892
write_pair_reference_own_b384,1strowrightdrillmaster,3216,0,0,2,True,False,True,0.12645478988037093,0.12645478988037093
write_pair_reference_own_b384,1strowrightdrillmaster,3255,0,0,2,True,False,True,0.0,0.0
write_pair_reference_own_b384,1strowrightdrillmaster,3256,0,0,2,True,False,True,0.0,0.0
write_pair_reference_own_b384,1strowrightdrillmaster,3261,0,0,2,True,False,True,0.0,0.0
write_pair_reference_own_b384,1strowrightdrillmaster,3267,0,0,2,True,False,True,0.0,0.0
write_pair_reference_own_b384,1strowrightdrillmaster,3275,0,0,2,True,False,True,0.005014720625547238,0.005014720625547238
write_pair_reference_own_b384,1strowrightdrillmaster,3283,0,0,2,True,False,True,0.0,0.0
write_pair_reference_own_b384,1strowrightdrillmaster,3550,0,0,2,True,False,True,0.5940237788544578,0.5940237788544578
write_pair_reference_own_b384,1strowrightdrillmaster,3581,0,0,2,True,False,True,0.6561097524394295,0.6561097524394295
write_pair_reference_own_b384,1strowrightdrillmaster,3584,0,0,2,True,False,True,0.6610396822574078,0.6610396822574078
write_pair_reference_own_b384,1strowrightdrillmaster,3585,0,0,2,True,False,True,0.6596785943280788,0.6596785943280788
write_pair_reference_own_b384,1strowrightdrillmaster,3588,0,0,2,True,False,True,0.7006180407889915,0.7006180407889915
write_pair_reference_own_b384,1strowrightdrillmaster,3590,0,0,2,True,False,True,0.6634205719817421,0.6634205719817421
write_pair_reference_own_b384,1strowrightdrillmaster,3593,0,0,2,True,False,True,0.6835805466701154,0.6835805466701154
write_pair_reference_own_b384,1strowrightdrillmaster,3622,0,0,2,True,False,True,0.6086555937165273,0.6086555937165273
write_pair_reference_own_b384,1strowrightdrillmaster,3624,0,0,2,True,False,True,0.6172039521930307,0.6172039521930307
write_pair_reference_own_b384,1strowrightdrillmaster,3627,0,0,2,True,False,True,0.6134639059644034,0.6134639059644034
write_pair_reference_own_b384,1strowrightdrillmaster,3795,0,0,0,False,False,True,0.0,0.0
write_pair_reference_own_b384,1strowrightdrillmaster,3798,0,0,0,False,False,True,0.0,0.03830643290785889
write_pair_reference_own_b384,1strowrightgirl3540,70,0,0,2,True,False,True,0.5604625257094469,0.5604625257094469
write_pair_reference_own_b384,1strowrightgirl3540,137,0,0,2,True,False,True,0.9461452671903176,0.9461452671903176
write_pair_reference_own_b384,1strowrightgirl3540,138,0,0,2,True,False,True,0.8071524380098997,0.8071524380098997
write_pair_reference_own_b384,1strowrightgirl3540,139,0,0,2,True,False,True,0.8024843305121048,0.8024843305121048
write_pair_reference_own_b384,1strowrightgirl3540,141,0,0,2,True,False,True,0.7060414941250137,0.7060414941250137
write_pair_reference_own_b384,1strowrightgirl3540,142,0,0,2,True,False,True,0.8664042742423997,0.8664042742423997
write_pair_reference_own_b384,1strowrightgirl3540,169,0,0,2,True,False,True,0.8288095087704256,0.8288095087704256
write_pair_reference_own_b384,1strowrightgirl3540,170,0,0,2,True,False,True,0.7915981063921772,0.7915981063921772
write_pair_reference_own_b384,1strowrightgirl3540,252,0,0,2,True,False,True,0.0,0.0
write_pair_reference_own_b384,1strowrightgirl3540,261,0,0,2,True,False,True,0.6814898722652282,0.6814898722652282
write_pair_reference_own_b384,1strowrightgirl3540,265,0,0,2,True,False,True,0.3185334323789227,0.3185334323789227
write_pair_reference_own_b384,1strowrightgirl3540,279,0,0,2,True,False,True,0.788002326898205,0.788002326898205
write_pair_reference_own_b384,1strowrightgirl3540,280,0,0,2,True,False,True,0.6411413415981226,0.6411413415981226
write_pair_reference_own_b384,1strowrightgirl3540,281,0,0,2,True,False,True,0.5204931674690584,0.5204931674690584
write_pair_reference_own_b384,1strowrightgirl3540,306,0,0,2,True,False,True,0.6290027089060739,0.6290027089060739
write_pair_reference_own_b384,1strowrightgirl3540,308,0,0,2,True,False,True,0.6800679781173359,0.6800679781173359
write_pair_reference_own_b384,1strowrightgirl3540,331,0,0,2,True,False,True,0.7212276420520829,0.7212276420520829
write_pair_reference_own_b384,1strowrightgirl3540,337,0,0,2,True,False,True,0.682734256170205,0.682734256170205
write_pair_reference_own_b384,1strowrightgirl3540,338,0,0,2,True,False,True,0.591878318477432,0.591878318477432
write_pair_reference_own_b384,1strowrightgirl3540,339,0,0,2,True,False,True,0.6004130936318981,0.6004130936318981
write_pair_reference_own_b384,1strowrightgirl3540,349,0,0,2,True,False,True,0.8035593890904185,0.8035593890904185
write_pair_reference_own_b384,1strowrightgirl3540,365,0,0,2,True,False,True,0.5890127551775712,0.5890127551775712
write_pair_reference_own_b384,1strowrightgirl3540,389,0,0,2,True,False,True,0.6529404136920245,0.6529404136920245
write_pair_reference_own_b384,1strowrightgirl3540,414,0,1,2,True,False,True,0.7067696708439696,0.7067696708439696
write_pair_reference_own_b384,1strowrightgirl3540,415,0,0,2,True,False,True,0.7408615424102681,0.7408615424102681
write_pair_reference_own_b384,1strowrightgirl3540,443,0,0,2,True,False,True,0.6616817058202458,0.6616817058202458
write_pair_reference_own_b384,1strowrightgirl3540,444,0,0,2,True,False,True,0.5329316438967661,0.5329316438967661
write_pair_reference_own_b384,1strowrightgirl3540,445,0,0,2,True,False,True,0.6494352916814433,0.6494352916814433
write_pair_reference_own_b384,1strowrightgirl3540,447,0,0,2,True,False,True,0.8793212912535113,0.8793212912535113
write_pair_reference_own_b384,1strowrightgirl3540,462,0,0,2,True,False,True,0.813077403035512,0.813077403035512
write_pair_reference_own_b384,1strowrightgirl3540,463,0,0,2,True,False,True,0.8323949066239944,0.8323949066239944
write_pair_reference_own_b384,1strowrightgirl3540,480,0,0,2,True,False,True,0.4790323626185976,0.4790323626185976
write_pair_reference_own_b384,1strowrightgirl3540,486,0,0,2,True,False,True,0.48534390443045566,0.48534390443045566
write_pair_reference_own_b384,1strowrightgirl3540,490,0,0,2,True,False,True,0.526149111181299,0.526149111181299
write_pair_reference_own_b384,1strowrightgirl3540,512,0,0,2,True,False,True,0.7066643910014735,0.7066643910014735
write_pair_reference_own_b384,1strowrightgirl3540,513,0,0,2,True,False,True,0.5980312526780346,0.5980312526780346
write_pair_reference_own_b384,1strowrightgirl3540,517,0,0,2,True,False,True,0.7597202668096422,0.7597202668096422
write_pair_reference_own_b384,1strowrightgirl3540,518,0,0,2,True,False,True,0.644184375915953,0.644184375915953
write_pair_reference_own_b384,1strowrightgirl3540,519,0,0,2,True,False,True,0.7383770236224909,0.7383770236224909
write_pair_reference_own_b384,1strowrightgirl3540,529,0,0,2,True,False,True,0.8597822698535251,0.8597822698535251
write_pair_reference_own_b384,1strowrightgirl3540,532,0,0,2,True,False,True,0.6144200939546197,0.6144200939546197
write_pair_reference_own_b384,1strowrightgirl3540,540,0,0,2,True,False,True,0.7281704739911616,0.7281704739911616
write_pair_reference_own_b384,1strowrightgirl3540,541,0,0,2,True,False,True,0.5991877320484806,0.5991877320484806
write_pair_reference_own_b384,1strowrightgirl3540,562,0,0,2,True,False,True,0.30358466464390527,0.30358466464390527
write_pair_reference_own_b384,1strowrightgirl3540,566,0,0,2,True,False,True,0.49758800790659996,0.49758800790659996
write_pair_reference_own_b384,1strowrightgirl3540,567,0,0,2,True,False,True,0.551253433763537,0.551253433763537
write_pair_reference_own_b384,1strowrightgirl3540,571,0,0,2,True,False,True,0.8459693377038338,0.8459693377038338
write_pair_reference_own_b384,1strowrightgirl3540,574,0,0,2,True,False,True,0.5970967950394382,0.5970967950394382
write_pair_reference_own_b384,1strowrightgirl3540,576,0,0,2,True,False,True,0.588084564753654,0.588084564753654
write_pair_reference_own_b384,1strowrightgirl3540,577,0,0,2,True,False,True,0.5775849078977227,0.5775849078977227
write_pair_reference_own_b384,1strowrightgirl3540,578,0,0,2,True,False,True,0.544698863299818,0.544698863299818
write_pair_reference_own_b384,1strowrightgirl3540,579,0,0,2,True,False,True,0.5814551297019022,0.5814551297019022
write_pair_reference_own_b384,1strowrightgirl3540,580,0,0,2,True,False,True,0.6600679514483144,0.6600679514483144
write_pair_reference_own_b384,1strowrightgirl3540,581,0,0,2,True,False,True,0.7202511776699327,0.7202511776699327
write_pair_reference_own_b384,1strowrightgirl3540,582,0,0,2,True,False,True,0.7601439203668682,0.7601439203668682
write_pair_reference_own_b384,1strowrightgirl3540,583,0,0,2,True,False,True,0.7931249447534728,0.7931249447534728
write_pair_reference_own_b384,1strowrightgirl3540,584,0,0,2,True,False,True,0.8595991137165897,0.8595991137165897
write_pair_reference_own_b384,1strowrightgirl3540,589,0,0,2,True,False,True,0.3844492841145942,0.3844492841145942
write_pair_reference_own_b384,1strowrightgirl3540,591,0,0,2,True,False,True,0.4476536830019228,0.4476536830019228
write_pair_reference_own_b384,1strowrightgirl3540,592,0,0,2,True,False,True,0.4870722999328103,0.4870722999328103
write_pair_reference_own_b384,1strowrightgirl3540,593,0,0,2,True,False,True,0.4775150657024694,0.4775150657024694
write_pair_reference_own_b384,1strowrightgirl3540,598,0,1,2,True,False,True,0.712202137889878,0.712202137889878
write_pair_reference_own_b384,1strowrightgirl3540,599,0,0,2,True,False,True,0.8579226683144342,0.8579226683144342
write_pair_reference_own_b384,1strowrightgirl3540,600,0,0,2,True,False,True,0.8625982600090856,0.8625982600090856
write_pair_reference_own_b384,1strowrightgirl3540,601,0,0,2,True,False,True,0.5911876488761717,0.5911876488761717
write_pair_reference_own_b384,1strowrightgirl3540,602,0,0,2,True,False,True,0.4979899026961711,0.4979899026961711
write_pair_reference_own_b384,1strowrightgirl3540,603,0,0,2,True,False,True,0.48302121637093787,0.48302121637093787
write_pair_reference_own_b384,1strowrightgirl3540,604,0,0,2,True,False,True,0.49612095884976337,0.49612095884976337
write_pair_reference_own_b384,1strowrightgirl3540,605,0,0,2,True,False,True,0.5326708429965437,0.5326708429965437
write_pair_reference_own_b384,1strowrightgirl3540,608,0,0,2,True,False,True,0.7502317594066912,0.7502317594066912
write_pair_reference_own_b384,1strowrightgirl3540,616,0,0,2,True,False,True,0.41197153906680906,0.41197153906680906
write_pair_reference_own_b384,1strowrightgirl3540,641,0,0,2,True,False,True,0.7095066203928326,0.7095066203928326
write_pair_reference_own_b384,1strowrightgirl3540,664,0,0,2,True,False,True,0.8830347533162154,0.8830347533162154
write_pair_reference_own_b384,1strowrightgirl3540,673,0,0,2,True,False,True,0.6444042125350549,0.6444042125350549
write_pair_reference_own_b384,1strowrightgirl3540,674,0,0,2,True,False,True,0.6925739215660087,0.6925739215660087
write_pair_reference_own_b384,1strowrightgirl3540,729,0,0,2,True,False,True,0.8819515950175902,0.8819515950175902
write_pair_reference_own_b384,1strowrightgirl3540,730,0,0,2,True,False,True,0.900863097368474,0.900863097368474
write_pair_reference_own_b384,1strowrightgirl3540,769,0,0,2,True,False,True,0.7567205725787284,0.7567205725787284
write_pair_reference_own_b384,1strowrightgirl3540,773,0,0,2,True,False,True,0.7233631247979028,0.7233631247979028
write_pair_reference_own_b384,1strowrightgirl3540,775,0,0,2,True,False,True,0.7715899743589413,0.7715899743589413
write_pair_reference_own_b384,1strowrightgirl3540,780,0,0,2,True,False,True,0.6916902179538409,0.6916902179538409
write_pair_reference_own_b384,1strowrightgirl3540,782,0,0,2,True,False,True,0.6976181720649958,0.6976181720649958
write_pair_reference_own_b384,1strowrightgirl3540,783,0,0,2,True,False,True,0.795530160364567,0.795530160364567
write_pair_reference_own_b384,1strowrightgirl3540,789,0,0,2,True,False,True,0.8329402958021311,0.8329402958021311
write_pair_reference_own_b384,1strowrightgirl3540,796,0,0,2,True,False,True,0.842772131040255,0.842772131040255
write_pair_reference_own_b384,1strowrightgirl3540,809,0,0,2,True,False,True,0.7865265136837556,0.7865265136837556
write_pair_reference_own_b384,1strowrightgirl3540,812,0,0,2,True,False,True,0.8504373673058965,0.8504373673058965
write_pair_reference_own_b384,1strowrightgirl3540,815,0,0,2,True,False,True,0.8676710779999629,0.8676710779999629
write_pair_reference_own_b384,1strowrightgirl3540,820,0,1,2,True,False,True,0.008141815834500674,0.008141815834500674
write_pair_reference_own_b384,1strowrightgirl3540,821,0,0,2,True,False,True,0.0,0.0
write_pair_reference_own_b384,1strowrightgirl3540,822,0,0,2,True,False,True,0.8314996986376438,0.8314996986376438
write_pair_reference_own_b384,1strowrightgirl3540,830,0,0,2,True,False,True,0.9735685555272099,0.9735685555272099
write_pair_reference_own_b384,1strowrightgirl3540,831,0,0,2,True,False,True,0.8934882732095439,0.8934882732095439
write_pair_reference_own_b384,1strowrightgirl3540,832,0,0,2,True,False,True,0.8927017889180814,0.8927017889180814
write_pair_reference_own_b384,1strowrightgirl3540,837,0,0,2,True,False,True,0.28210479608825795,0.28210479608825795
write_pair_reference_own_b384,1strowrightgirl3540,839,0,0,2,True,False,True,0.38221573863653396,0.38221573863653396
write_pair_reference_own_b384,1strowrightgirl3540,842,0,0,2,True,False,True,0.6562464767929518,0.6562464767929518
write_pair_reference_own_b384,1strowrightgirl3540,844,0,0,2,True,False,True,0.5340802766239702,0.5340802766239702
write_pair_reference_own_b384,1strowrightgirl3540,858,0,0,2,True,False,True,0.9527849481190542,0.9527849481190542
write_pair_reference_own_b384,1strowrightgirl3540,861,0,0,2,True,False,True,0.9079090713657482,0.9079090713657482
write_pair_reference_own_b384,1strowrightgirl3540,878,0,0,2,True,False,True,0.8302293739908043,0.8302293739908043
write_pair_reference_own_b384,1strowrightgirl3540,879,0,0,2,True,False,True,0.8670675276961177,0.8670675276961177
write_pair_reference_own_b384,1strowrightgirl3540,881,0,0,2,True,False,True,0.8191936828060066,0.8191936828060066
write_pair_reference_own_b384,1strowrightgirl3540,883,0,0,2,True,False,True,0.7443778517923392,0.7443778517923392
write_pair_reference_own_b384,1strowrightgirl3540,886,0,0,2,True,False,True,0.8463792230003547,0.8463792230003547
write_pair_reference_own_b384,1strowrightgirl3540,901,0,0,2,True,False,True,0.7574205460575956,0.7574205460575956
write_pair_reference_own_b384,1strowrightgirl3540,906,0,0,2,True,False,True,0.8203791540545098,0.8203791540545098
write_pair_reference_own_b384,1strowrightgirl3540,936,0,0,2,True,False,True,0.8596410688129744,0.8596410688129744
write_pair_reference_own_b384,1strowrightgirl3540,938,0,0,2,True,False,True,0.832203209959537,0.832203209959537
write_pair_reference_own_b384,1strowrightgirl3540,939,0,0,2,True,False,True,0.8167053868751504,0.8167053868751504
write_pair_reference_own_b384,1strowrightgirl3540,948,0,0,2,True,False,True,0.5339664734066276,0.5339664734066276
write_pair_reference_own_b384,1strowrightgirl3540,949,0,0,2,True,False,True,0.6658324542490232,0.6658324542490232
write_pair_reference_own_b384,1strowrightgirl3540,951,0,0,2,True,False,True,0.05084467200735812,0.05084467200735812
write_pair_reference_own_b384,1strowrightgirl3540,954,0,0,2,True,False,True,0.04695366499852183,0.04695366499852183
write_pair_reference_own_b384,1strowrightgirl3540,963,0,0,2,True,False,True,0.8620979803696627,0.8620979803696627
write_pair_reference_own_b384,1strowrightgirl3540,965,0,0,2,True,False,True,0.9391726614432676,0.9391726614432676
write_pair_reference_own_b384,1strowrightgirl3540,973,0,0,2,True,False,True,0.8522922169466973,0.8522922169466973
write_pair_reference_own_b384,1strowrightgirl3540,976,0,0,2,True,False,True,0.7780258677998972,0.7780258677998972
write_pair_reference_own_b384,1strowrightgirl3540,977,0,0,2,True,False,True,0.9056236953604356,0.9056236953604356
write_pair_reference_own_b384,1strowrightgirl3540,978,0,0,2,True,False,True,0.8982426787813662,0.8982426787813662
write_pair_reference_own_b384,1strowrightgirl3540,980,0,0,2,True,False,True,0.8858569471572647,0.8858569471572647
write_pair_reference_own_b384,1strowrightgirl3540,994,0,0,2,True,False,True,0.8450911057690452,0.8450911057690452
write_pair_reference_own_b384,1strowrightgirl3540,998,0,0,2,True,False,True,0.8515355187689567,0.8515355187689567
write_pair_reference_own_b384,1strowrightgirl3540,1001,0,0,2,True,False,True,0.820700128749321,0.820700128749321
write_pair_reference_own_b384,1strowrightgirl3540,1002,0,0,2,True,False,True,0.7799780818984355,0.7799780818984355
write_pair_reference_own_b384,1strowrightgirl3540,1006,0,0,2,True,False,True,0.8525629849385667,0.8525629849385667
write_pair_reference_own_b384,1strowrightgirl3540,1007,0,0,2,True,False,True,0.7891568641153603,0.7891568641153603
write_pair_reference_own_b384,1strowrightgirl3540,1012,0,0,2,True,False,True,0.8270160703547106,0.8270160703547106
write_pair_reference_own_b384,1strowrightgirl3540,1014,0,0,2,True,False,True,0.9034225478103901,0.9034225478103901
write_pair_reference_own_b384,1strowrightgirl3540,1022,0,0,2,True,False,True,0.8809702929216182,0.8809702929216182
write_pair_reference_own_b384,1strowrightgirl3540,1023,0,0,2,True,False,True,0.9678003077935232,0.9678003077935232
write_pair_reference_own_b384,1strowrightgirl3540,1024,0,0,2,True,False,True,0.9087256059903955,0.9087256059903955
write_pair_reference_own_b384,1strowrightgirl3540,1025,0,0,2,True,False,True,0.890224709941075,0.890224709941075
write_pair_reference_own_b384,1strowrightgirl3540,1029,0,0,2,True,False,True,0.8683401830175577,0.8683401830175577
write_pair_reference_own_b384,1strowrightgirl3540,1031,0,0,2,True,False,True,0.8955723393215406,0.8955723393215406
write_pair_reference_own_b384,1strowrightgirl3540,1032,0,0,2,True,False,True,0.8271100408753422,0.8271100408753422
write_pair_reference_own_b384,1strowrightgirl3540,1033,0,0,2,True,False,True,0.8191441083502464,0.8191441083502464
write_pair_reference_own_b384,1strowrightgirl3540,1054,0,0,2,True,False,True,0.8688287986088077,0.8688287986088077
write_pair_reference_own_b384,1strowrightgirl3540,1056,0,0,2,True,False,True,0.8646801336812859,0.8646801336812859
write_pair_reference_own_b384,1strowrightgirl3540,1057,0,0,2,True,False,True,0.9546620848289037,0.9546620848289037
write_pair_reference_own_b384,1strowrightgirl3540,1067,0,0,2,True,False,True,0.07135983998953653,0.07135983998953653
write_pair_reference_own_b384,1strowrightgirl3540,1068,0,0,2,True,False,True,0.07323966397658814,0.07323966397658814
write_pair_reference_own_b384,1strowrightgirl3540,1077,0,0,2,True,False,True,0.10316475532747882,0.10316475532747882
write_pair_reference_own_b384,1strowrightgirl3540,1078,0,0,2,True,False,True,0.2317322864968808,0.2317322864968808
write_pair_reference_own_b384,1strowrightgirl3540,1086,0,0,2,True,False,True,0.8824918216690192,0.8824918216690192
write_pair_reference_own_b384,1strowrightgirl3540,1087,0,0,2,True,False,True,0.8983180402268794,0.8983180402268794
write_pair_reference_own_b384,1strowrightgirl3540,1088,0,0,2,True,False,True,0.9078190635088794,0.9078190635088794
write_pair_reference_own_b384,1strowrightgirl3540,1090,0,0,2,True,False,True,0.8934938957078363,0.8934938957078363
write_pair_reference_own_b384,1strowrightgirl3540,1094,0,0,2,True,False,True,0.8054749712927273,0.8054749712927273
write_pair_reference_own_b384,1strowrightgirl3540,1095,0,0,2,True,False,True,0.9439457058234246,0.9439457058234246
write_pair_reference_own_b384,1strowrightgirl3540,1096,0,0,2,True,False,True,0.8860545583941775,0.8860545583941775
write_pair_reference_own_b384,1strowrightgirl3540,1097,0,0,2,True,False,True,0.9423422720045778,0.9423422720045778
write_pair_reference_own_b384,1strowrightgirl3540,1098,0,0,2,True,False,True,0.9108725932345751,0.9108725932345751
write_pair_reference_own_b384,1strowrightgirl3540,1101,0,0,2,True,False,True,0.8840272030353211,0.8840272030353211
write_pair_reference_own_b384,1strowrightgirl3540,1138,0,0,2,True,False,True,0.8506969144065596,0.8506969144065596
write_pair_reference_own_b384,1strowrightgirl3540,1140,0,0,2,True,False,True,0.9117376011588553,0.9117376011588553
write_pair_reference_own_b384,1strowrightgirl3540,1141,0,0,2,True,False,True,0.9239035052765767,0.9239035052765767
write_pair_reference_own_b384,1strowrightgirl3540,1142,0,0,2,True,False,True,0.8790423830056552,0.8790423830056552
write_pair_reference_own_b384,1strowrightgirl3540,1143,0,0,2,True,False,True,0.860835825480269,0.860835825480269
write_pair_reference_own_b384,1strowrightgirl3540,1144,0,0,2,True,False,True,0.8964844931956641,0.8964844931956641
write_pair_reference_own_b384,1strowrightgirl3540,1145,0,0,2,True,False,True,0.8679648167674424,0.8679648167674424
write_pair_reference_own_b384,1strowrightgirl3540,1146,0,0,2,True,False,True,0.863782846826393,0.863782846826393
write_pair_reference_own_b384,1strowrightgirl3540,1147,0,0,2,True,False,True,0.895752938232519,0.895752938232519
write_pair_reference_own_b384,1strowrightgirl3540,1149,0,0,2,True,False,True,0.8956041898594499,0.8956041898594499
write_pair_reference_own_b384,1strowrightgirl3540,1150,0,0,2,True,False,True,0.9383399327196151,0.9383399327196151
write_pair_reference_own_b384,1strowrightgirl3540,1154,0,0,2,True,False,True,0.858126790713062,0.858126790713062
write_pair_reference_own_b384,1strowrightgirl3540,1155,0,0,2,True,False,True,0.7982121296889895,0.7982121296889895
write_pair_reference_own_b384,1strowrightgirl3540,1156,0,0,2,True,False,True,0.9361490657081685,0.9361490657081685
write_pair_reference_own_b384,1strowrightgirl3540,1158,0,0,2,True,False,True,0.8431481966331893,0.8431481966331893
write_pair_reference_own_b384,1strowrightgirl3540,1159,0,0,2,True,False,True,0.8627987108529711,0.8627987108529711
write_pair_reference_own_b384,1strowrightgirl3540,1161,0,0,2,True,False,True,0.7374901066948061,0.7374901066948061
write_pair_reference_own_b384,1strowrightgirl3540,1166,0,0,2,True,False,True,0.7780746946500842,0.7780746946500842
write_pair_reference_own_b384,1strowrightgirl3540,1167,0,0,2,True,False,True,0.8284305718367119,0.8284305718367119
write_pair_reference_own_b384,1strowrightgirl3540,1168,0,0,2,True,False,True,0.8931990276135681,0.8931990276135681
write_pair_reference_own_b384,1strowrightgirl3540,1169,0,0,2,True,False,True,0.8395416307343379,0.8395416307343379
write_pair_reference_own_b384,1strowrightgirl3540,1175,0,0,2,True,False,True,0.7683816733992347,0.7683816733992347
write_pair_reference_own_b384,1strowrightgirl3540,1182,0,0,2,True,False,True,0.0,0.0
write_pair_reference_own_b384,1strowrightgirl3540,1184,0,0,2,True,False,True,0.0,0.0
write_pair_reference_own_b384,1strowrightgirl3540,1185,0,0,2,True,False,True,0.0,0.0
write_pair_reference_own_b384,1strowrightgirl3540,1190,0,0,2,True,False,True,0.03460308489338747,0.03460308489338747
write_pair_reference_own_b384,1strowrightgirl3540,1191,0,0,2,True,False,True,0.0,0.0
write_pair_reference_own_b384,1strowrightgirl3540,1193,0,0,2,True,False,True,0.133240667275584,0.133240667275584
write_pair_reference_own_b384,1strowrightgirl3540,1195,0,0,2,True,False,True,0.0,0.0
write_pair_reference_own_b384,1strowrightgirl3540,1200,0,0,2,True,False,True,0.030251333344194928,0.030251333344194928
write_pair_reference_own_b384,1strowrightgirl3540,1211,0,0,2,True,False,True,0.0,0.0
write_pair_reference_own_b384,1strowrightgirl3540,1224,0,0,2,True,False,True,0.0,0.0
write_pair_reference_own_b384,1strowrightgirl3540,1225,0,0,2,True,False,True,0.0,0.0
write_pair_reference_own_b384,1strowrightgirl3540,1226,0,0,2,True,False,True,0.0,0.0
write_pair_reference_own_b384,1strowrightgirl3540,1227,0,0,2,True,False,True,0.0,0.0
write_pair_reference_own_b384,1strowrightgirl3540,1243,0,0,2,True,False,True,0.08632666408348794,0.08632666408348794
write_pair_reference_own_b384,1strowrightgirl3540,1249,0,0,2,True,False,True,0.0,0.0
write_pair_reference_own_b384,1strowrightgirl3540,1254,0,0,2,True,False,True,0.18479802745069554,0.18479802745069554
write_pair_reference_own_b384,1strowrightgirl3540,1284,0,0,2,True,False,True,0.23325363215068684,0.23325363215068684
write_pair_reference_own_b384,1strowrightgirl3540,1321,0,0,2,True,False,True,0.0,0.0
write_pair_reference_own_b384,1strowrightgirl3540,1336,0,0,2,True,False,True,0.0,0.0
write_pair_reference_own_b384,1strowrightgirl3540,1337,0,0,2,True,False,True,0.0,0.0
write_pair_reference_own_b384,1strowrightgirl3540,1338,0,0,2,True,False,True,0.0,0.0
write_pair_reference_own_b384,1strowrightgirl3540,1341,0,0,2,True,False,True,0.0,0.0
write_pair_reference_own_b384,1strowrightgirl3540,1342,0,0,2,True,False,True,0.0,0.0
write_pair_reference_own_b384,1strowrightgirl3540,1350,0,0,2,True,False,True,0.0,0.0
write_pair_reference_own_b384,1strowrightgirl3540,1352,0,0,2,True,False,True,0.0,0.0
write_pair_reference_own_b384,1strowrightgirl3540,1355,0,0,2,True,False,True,0.0,0.0
write_pair_reference_own_b384,1strowrightgirl3540,1360,0,0,2,True,False,True,0.0,0.0
write_pair_reference_own_b384,1strowrightgirl3540,1364,0,0,2,True,False,True,0.0,0.0
write_pair_reference_own_b384,1strowrightgirl3540,1371,0,0,2,True,False,True,0.0,0.0
write_pair_reference_own_b384,1strowrightgirl3540,1383,0,0,2,True,False,True,0.0,0.0
write_pair_reference_own_b384,1strowrightgirl3540,1384,0,1,2,True,False,True,0.0,0.0
write_pair_reference_own_b384,1strowrightgirl3540,1385,0,0,2,True,False,True,0.0,0.0
write_pair_reference_own_b384,1strowrightgirl3540,1386,0,0,2,True,False,True,0.0,0.0
write_pair_reference_own_b384,1strowrightgirl3540,1387,0,0,2,True,False,True,0.0,0.0
write_pair_reference_own_b384,1strowrightgirl3540,1388,0,0,2,True,False,True,0.0,0.0
write_pair_reference_own_b384,1strowrightgirl3540,1389,0,0,2,True,False,True,0.0,0.0
write_pair_reference_own_b384,1strowrightgirl3540,1392,0,0,2,True,False,True,0.0,0.0
write_pair_reference_own_b384,1strowrightgirl3540,1394,0,0,2,True,False,True,0.0,0.0
write_pair_reference_own_b384,1strowrightgirl3540,1397,0,0,2,True,False,True,0.0,0.0
write_pair_reference_own_b384,1strowrightgirl3540,1398,0,0,2,True,False,True,0.0,0.0
write_pair_reference_own_b384,1strowrightgirl3540,1406,0,0,2,True,False,True,0.49702341928697763,0.49702341928697763
write_pair_reference_own_b384,1strowrightgirl3540,1407,0,0,2,True,False,True,0.47073601004516125,0.47073601004516125
write_pair_reference_own_b384,1strowrightgirl3540,1409,0,0,2,True,False,True,0.4031475844846228,0.4031475844846228
write_pair_reference_own_b384,1strowrightgirl3540,1411,0,0,2,True,False,True,0.0,0.0
write_pair_reference_own_b384,1strowrightgirl3540,1412,0,0,2,True,False,True,0.0,0.0
write_pair_reference_own_b384,1strowrightgirl3540,1413,0,0,2,True,False,True,0.0,0.0
write_pair_reference_own_b384,1strowrightgirl3540,1414,0,0,2,True,False,True,0.1655012897581714,0.1655012897581714
write_pair_reference_own_b384,1strowrightgirl3540,1419,0,0,2,True,False,True,0.33329243208659204,0.33329243208659204
write_pair_reference_own_b384,1strowrightgirl3540,1445,0,0,2,True,False,True,0.11057679113106805,0.11057679113106805
write_pair_reference_own_b384,1strowrightgirl3540,1454,0,0,2,True,False,True,0.0,0.0
write_pair_reference_own_b384,1strowrightgirl3540,1455,0,0,2,True,False,True,0.01687498406022814,0.01687498406022814
write_pair_reference_own_b384,1strowrightgirl3540,1459,0,0,2,True,False,True,0.0,0.0
write_pair_reference_own_b384,1strowrightgirl3540,1469,0,0,2,True,False,True,0.0,0.0
write_pair_reference_own_b384,1strowrightgirl3540,1471,0,0,2,True,False,True,0.0,0.0
write_pair_reference_own_b384,1strowrightgirl3540,1476,0,0,2,True,False,True,0.0,0.0
write_pair_reference_own_b384,1strowrightgirl3540,1477,0,0,2,True,False,True,0.0,0.0
write_pair_reference_own_b384,1strowrightgirl3540,1505,0,0,2,True,False,True,0.0,0.0
write_pair_reference_own_b384,1strowrightgirl3540,1508,0,0,2,True,False,True,0.0,0.0
write_pair_reference_own_b384,1strowrightgirl3540,1511,0,0,2,True,False,True,0.0,0.0
write_pair_reference_own_b384,1strowrightgirl3540,1514,0,0,2,True,False,True,0.0,0.0
write_pair_reference_own_b384,1strowrightgirl3540,1515,0,0,2,True,False,True,0.0,0.0
write_pair_reference_own_b384,1strowrightgirl3540,1526,0,0,2,True,False,True,0.0,0.0
write_pair_reference_own_b384,1strowrightgirl3540,1527,0,0,2,True,False,True,0.0,0.0
write_pair_reference_own_b384,1strowrightgirl3540,1530,0,0,2,True,False,True,0.0,0.0
write_pair_reference_own_b384,1strowrightgirl3540,1531,0,0,2,True,False,True,0.0,0.0
write_pair_reference_own_b384,1strowrightgirl3540,1538,0,0,2,True,False,True,0.0,0.0
write_pair_reference_own_b384,1strowrightgirl3540,1541,0,0,2,True,False,True,0.0,0.0
write_pair_reference_own_b384,1strowrightgirl3540,1542,0,0,2,True,False,True,0.0,0.0
write_pair_reference_own_b384,1strowrightgirl3540,1545,0,0,2,True,False,True,0.0,0.0
write_pair_reference_own_b384,1strowrightgirl3540,1546,0,0,2,True,False,True,0.0,0.0
write_pair_reference_own_b384,1strowrightgirl3540,1547,0,0,2,True,False,True,0.0,0.0
write_pair_reference_own_b384,1strowrightgirl3540,1551,0,0,2,True,False,True,0.0,0.0
write_pair_reference_own_b384,1strowrightgirl3540,1552,0,0,2,True,False,True,0.0,0.0
write_pair_reference_own_b384,1strowrightgirl3540,1553,0,0,2,True,False,True,0.0,0.0
write_pair_reference_own_b384,1strowrightgirl3540,1554,0,0,2,True,False,True,0.0,0.0
write_pair_reference_own_b384,1strowrightgirl3540,1555,0,0,2,True,False,True,0.0,0.0
write_pair_reference_own_b384,1strowrightgirl3540,1559,0,0,2,True,False,True,0.0,0.0
write_pair_reference_own_b384,1strowrightgirl3540,1561,0,0,2,True,False,True,0.0,0.0
write_pair_reference_own_b384,1strowrightgirl3540,1562,0,0,2,True,False,True,0.0,0.0
write_pair_reference_own_b384,1strowrightgirl3540,1564,0,0,2,True,False,True,0.0,0.0
write_pair_reference_own_b384,1strowrightgirl3540,1568,0,0,2,True,False,True,0.0,0.0
write_pair_reference_own_b384,1strowrightgirl3540,1571,0,0,2,True,False,True,0.0,0.0
write_pair_reference_own_b384,1strowrightgirl3540,1572,0,0,2,True,False,True,0.0,0.0
write_pair_reference_own_b384,1strowrightgirl3540,1577,0,0,2,True,False,True,0.0,0.0
write_pair_reference_own_b384,1strowrightgirl3540,1580,0,0,2,True,False,True,0.0,0.0
write_pair_reference_own_b384,1strowrightgirl3540,1581,0,0,2,True,False,True,0.0,0.0
write_pair_reference_own_b384,1strowrightgirl3540,1582,0,0,2,True,False,True,0.0,0.0
write_pair_reference_own_b384,1strowrightgirl3540,1583,0,0,2,True,False,True,0.0,0.0
write_pair_reference_own_b384,1strowrightgirl3540,1584,0,0,2,True,False,True,0.0,0.0
write_pair_reference_own_b384,1strowrightgirl3540,1585,0,0,2,True,False,True,0.0,0.0
write_pair_reference_own_b384,1strowrightgirl3540,1588,0,0,2,True,False,True,0.0,0.0
write_pair_reference_own_b384,1strowrightgirl3540,1594,0,0,2,True,False,True,0.0,0.0
write_pair_reference_own_b384,1strowrightgirl3540,1598,0,0,2,True,False,True,0.0,0.0
write_pair_reference_own_b384,1strowrightgirl3540,1599,0,0,2,True,False,True,0.0,0.0
write_pair_reference_own_b384,1strowrightgirl3540,1604,0,0,2,True,False,True,0.0,0.0
write_pair_reference_own_b384,1strowrightgirl3540,1606,0,0,2,True,False,True,0.0,0.0
write_pair_reference_own_b384,1strowrightgirl3540,1607,0,0,2,True,False,True,0.0,0.0
write_pair_reference_own_b384,1strowrightgirl3540,1608,0,0,2,True,False,True,0.0,0.0
write_pair_reference_own_b384,1strowrightgirl3540,1610,0,0,2,True,False,True,0.0,0.0
write_pair_reference_own_b384,1strowrightgirl3540,1613,0,0,2,True,False,True,0.0,0.0
write_pair_reference_own_b384,1strowrightgirl3540,1614,0,0,2,True,False,True,0.0,0.0
write_pair_reference_own_b384,1strowrightgirl3540,1617,0,0,2,True,False,True,0.0,0.0
write_pair_reference_own_b384,1strowrightgirl3540,1619,0,0,2,True,False,True,0.0,0.0
write_pair_reference_own_b384,1strowrightgirl3540,1626,0,0,2,True,False,True,0.0,0.0
write_pair_reference_own_b384,1strowrightgirl3540,1633,0,0,2,True,False,True,0.0,0.0
write_pair_reference_own_b384,1strowrightgirl3540,1634,0,0,2,True,False,True,0.0,0.0
write_pair_reference_own_b384,1strowrightgirl3540,1635,0,0,2,True,False,True,0.0,0.0
write_pair_reference_own_b384,1strowrightgirl3540,1636,0,0,2,True,False,True,0.0,0.0
write_pair_reference_own_b384,1strowrightgirl3540,1638,0,0,2,True,False,True,0.0,0.0
write_pair_reference_own_b384,1strowrightgirl3540,1639,0,0,2,True,False,True,0.0,0.0
write_pair_reference_own_b384,1strowrightgirl3540,1640,0,0,2,True,False,True,0.0,0.0
write_pair_reference_own_b384,1strowrightgirl3540,1644,0,0,2,True,False,True,0.0,0.0
write_pair_reference_own_b384,1strowrightgirl3540,1647,0,0,2,True,False,True,0.0,0.0
write_pair_reference_own_b384,1strowrightgirl3540,1652,0,0,2,True,False,True,0.0,0.0
write_pair_reference_own_b384,1strowrightgirl3540,1653,0,0,2,True,False,True,0.0,0.0
write_pair_reference_own_b384,1strowrightgirl3540,1655,0,0,2,True,False,True,0.0,0.0
write_pair_reference_own_b384,1strowrightgirl3540,1656,0,0,2,True,False,True,0.0,0.0
write_pair_reference_own_b384,1strowrightgirl3540,1658,0,0,2,True,False,True,0.0,0.0
write_pair_reference_own_b384,1strowrightgirl3540,1661,0,0,2,True,False,True,0.0,0.0
write_pair_reference_own_b384,1strowrightgirl3540,1662,0,0,2,True,False,True,0.0,0.0
write_pair_reference_own_b384,1strowrightgirl3540,1664,0,0,2,True,False,True,0.0,0.0
write_pair_reference_own_b384,1strowrightgirl3540,1666,0,0,2,True,False,True,0.0,0.0
write_pair_reference_own_b384,1strowrightgirl3540,1668,0,0,2,True,False,True,0.0,0.0
write_pair_reference_own_b384,1strowrightgirl3540,1669,0,0,2,True,False,True,0.0,0.0
write_pair_reference_own_b384,1strowrightgirl3540,1671,0,0,2,True,False,True,0.0,0.0
write_pair_reference_own_b384,1strowrightgirl3540,1673,0,0,2,True,False,True,0.0,0.0
write_pair_reference_own_b384,1strowrightgirl3540,1675,0,0,2,True,False,True,0.0,0.0
write_pair_reference_own_b384,1strowrightgirl3540,1676,0,0,2,True,False,True,0.0,0.0
write_pair_reference_own_b384,1strowrightgirl3540,1678,0,0,2,True,False,True,0.0,0.0
write_pair_reference_own_b384,1strowrightgirl3540,1679,0,0,2,True,False,True,0.0,0.0
write_pair_reference_own_b384,1strowrightgirl3540,1682,0,0,2,True,False,True,0.0,0.0
write_pair_reference_own_b384,1strowrightgirl3540,1686,0,0,2,True,False,True,0.0,0.0
write_pair_reference_own_b384,1strowrightgirl3540,1688,0,0,2,True,False,True,0.0,0.0
write_pair_reference_own_b384,1strowrightgirl3540,1689,0,0,2,True,False,True,0.0,0.0
write_pair_reference_own_b384,1strowrightgirl3540,1690,0,0,2,True,False,True,0.0,0.0
write_pair_reference_own_b384,1strowrightgirl3540,1691,0,0,2,True,False,True,0.0,0.0
write_pair_reference_own_b384,1strowrightgirl3540,1693,0,0,2,True,False,True,0.0,0.0
write_pair_reference_own_b384,1strowrightgirl3540,1696,0,0,2,True,False,True,0.0,0.0
write_pair_reference_own_b384,1strowrightgirl3540,1699,0,0,2,True,False,True,0.0,0.0
write_pair_reference_own_b384,1strowrightgirl3540,1704,0,0,2,True,False,True,0.0,0.0
write_pair_reference_own_b384,1strowrightgirl3540,1705,0,0,2,True,False,True,0.0,0.0
write_pair_reference_own_b384,1strowrightgirl3540,1706,0,0,2,True,False,True,0.0,0.0
write_pair_reference_own_b384,1strowrightgirl3540,1707,0,0,2,True,False,True,0.0,0.0
write_pair_reference_own_b384,1strowrightgirl3540,1708,0,0,2,True,False,True,0.0,0.0
write_pair_reference_own_b384,1strowrightgirl3540,1710,0,0,2,True,False,True,0.0,0.0
write_pair_reference_own_b384,1strowrightgirl3540,1712,0,0,2,True,False,True,0.0,0.0
write_pair_reference_own_b384,1strowrightgirl3540,1713,0,0,2,True,False,True,0.0,0.0
write_pair_reference_own_b384,1strowrightgirl3540,1714,0,0,2,True,False,True,0.0,0.0
write_pair_reference_own_b384,1strowrightgirl3540,1718,0,0,2,True,False,True,0.0,0.0
write_pair_reference_own_b384,1strowrightgirl3540,1720,0,0,2,True,False,True,0.45213149338152264,0.45213149338152264
write_pair_reference_own_b384,1strowrightgirl3540,1721,0,0,2,True,False,True,0.0,0.0
write_pair_reference_own_b384,1strowrightgirl3540,1722,0,0,2,True,False,True,0.0,0.0
write_pair_reference_own_b384,1strowrightgirl3540,1724,0,0,2,True,False,True,0.0,0.0
write_pair_reference_own_b384,1strowrightgirl3540,1727,0,0,2,True,False,True,0.0,0.0
write_pair_reference_own_b384,1strowrightgirl3540,1728,0,0,2,True,False,True,0.0,0.0
write_pair_reference_own_b384,1strowrightgirl3540,1737,0,0,2,True,False,True,0.0,0.0
write_pair_reference_own_b384,1strowrightgirl3540,1738,0,0,2,True,False,True,0.0,0.0
write_pair_reference_own_b384,1strowrightgirl3540,1741,0,0,2,True,False,True,0.0,0.0
write_pair_reference_own_b384,1strowrightgirl3540,1742,0,0,2,True,False,True,0.0,0.0
write_pair_reference_own_b384,1strowrightgirl3540,1747,0,0,2,True,False,True,0.0,0.0
write_pair_reference_own_b384,1strowrightgirl3540,1749,0,0,2,True,False,True,0.0,0.0
write_pair_reference_own_b384,1strowrightgirl3540,1760,0,0,2,True,False,True,0.0,0.0
write_pair_reference_own_b384,1strowrightgirl3540,1764,0,0,2,True,False,True,0.0,0.0
write_pair_reference_own_b384,1strowrightgirl3540,1773,0,0,2,True,False,True,0.0,0.0
write_pair_reference_own_b384,1strowrightgirl3540,1774,0,0,2,True,False,True,0.0,0.0
write_pair_reference_own_b384,1strowrightgirl3540,1789,0,0,2,True,False,True,0.0,0.0
write_pair_reference_own_b384,1strowrightgirl3540,1791,0,0,2,True,False,True,0.0,0.0
write_pair_reference_own_b384,1strowrightgirl3540,1795,0,0,2,True,False,True,0.0,0.0
write_pair_reference_own_b384,1strowrightgirl3540,1796,0,0,2,True,False,True,0.0,0.0
write_pair_reference_own_b384,1strowrightgirl3540,1797,0,0,2,True,False,True,0.0,0.0
write_pair_reference_own_b384,1strowrightgirl3540,1800,0,0,2,True,False,True,0.0,0.0
write_pair_reference_own_b384,1strowrightgirl3540,1802,0,0,2,True,False,True,0.0,0.0
write_pair_reference_own_b384,1strowrightgirl3540,1803,0,0,2,True,False,True,0.0,0.0
write_pair_reference_own_b384,1strowrightgirl3540,1814,0,0,2,True,False,True,0.0,0.0
write_pair_reference_own_b384,1strowrightgirl3540,1818,0,0,2,True,False,True,0.0,0.0
write_pair_reference_own_b384,1strowrightgirl3540,1821,0,0,2,True,False,True,0.0,0.0
write_pair_reference_own_b384,1strowrightgirl3540,1822,0,0,2,True,False,True,0.0,0.0
write_pair_reference_own_b384,1strowrightgirl3540,1825,0,1,2,True,False,True,0.0,0.0
write_pair_reference_own_b384,1strowrightgirl3540,1826,0,0,2,True,False,True,0.0,0.0
write_pair_reference_own_b384,1strowrightgirl3540,1827,0,0,2,True,False,True,0.0,0.0
write_pair_reference_own_b384,1strowrightgirl3540,1835,0,0,2,True,False,True,0.0,0.0
write_pair_reference_own_b384,1strowrightgirl3540,1844,0,0,2,True,False,True,0.0,0.0
write_pair_reference_own_b384,1strowrightgirl3540,1845,0,0,2,True,False,True,0.0,0.0
write_pair_reference_own_b384,1strowrightgirl3540,1852,0,0,2,True,False,True,0.0,0.0
write_pair_reference_own_b384,1strowrightgirl3540,1853,0,0,2,True,False,True,0.0,0.0
write_pair_reference_own_b384,1strowrightgirl3540,1855,0,0,2,True,False,True,0.0,0.0
write_pair_reference_own_b384,1strowrightgirl3540,1857,0,0,2,True,False,True,0.0,0.0
write_pair_reference_own_b384,1strowrightgirl3540,1859,0,0,2,True,False,True,0.0,0.0
write_pair_reference_own_b384,1strowrightgirl3540,1866,0,0,2,True,False,True,0.0,0.0
write_pair_reference_own_b384,1strowrightgirl3540,1867,0,0,2,True,False,True,0.0,0.0
write_pair_reference_own_b384,1strowrightgirl3540,1869,0,0,2,True,False,True,0.0,0.0
write_pair_reference_own_b384,1strowrightgirl3540,1870,0,0,2,True,False,True,0.0,0.0
write_pair_reference_own_b384,1strowrightgirl3540,1874,0,1,2,True,False,True,0.0,0.0
write_pair_reference_own_b384,1strowrightgirl3540,1879,0,0,2,True,False,True,0.0,0.0
write_pair_reference_own_b384,1strowrightgirl3540,1880,0,0,2,True,False,True,0.0,0.0
write_pair_reference_own_b384,1strowrightgirl3540,1881,0,0,2,True,False,True,0.0,0.0
write_pair_reference_own_b384,1strowrightgirl3540,1883,0,0,2,True,False,True,0.0,0.0
write_pair_reference_own_b384,1strowrightgirl3540,1885,0,0,2,True,False,True,0.0,0.0
write_pair_reference_own_b384,1strowrightgirl3540,1898,0,0,2,True,False,True,0.0,0.0
write_pair_reference_own_b384,1strowrightgirl3540,1907,0,0,2,True,False,True,0.0,0.0
write_pair_reference_own_b384,1strowrightgirl3540,1909,0,0,2,True,False,True,0.0,0.0
write_pair_reference_own_b384,1strowrightgirl3540,1910,0,0,2,True,False,True,0.0,0.0
write_pair_reference_own_b384,1strowrightgirl3540,1930,0,0,2,True,False,True,0.0,0.0
write_pair_reference_own_b384,1strowrightgirl3540,1937,0,0,2,True,False,True,0.0,0.0
write_pair_reference_own_b384,1strowrightgirl3540,1957,0,0,2,True,False,True,0.0,0.0
write_pair_reference_own_b384,1strowrightgirl3540,1984,0,0,2,True,False,True,0.0,0.0
write_pair_reference_own_b384,1strowrightgirl3540,1986,0,0,2,True,False,True,0.0,0.0
write_pair_reference_own_b384,1strowrightgirl3540,1991,0,0,2,True,False,True,0.0,0.0
write_pair_reference_own_b384,1strowrightgirl3540,2005,0,0,2,True,False,True,0.0,0.0
write_pair_reference_own_b384,1strowrightgirl3540,2016,0,0,2,True,False,True,0.0,0.0
write_pair_reference_own_b384,1strowrightgirl3540,2032,0,0,2,True,False,True,0.0,0.0
write_pair_reference_own_b384,1strowrightgirl3540,2035,0,0,2,True,False,True,0.0,0.0
write_pair_reference_own_b384,1strowrightgirl3540,2036,0,0,2,True,False,True,0.0,0.0
write_pair_reference_own_b384,1strowrightgirl3540,2038,0,0,2,True,False,True,0.0,0.0
write_pair_reference_own_b384,1strowrightgirl3540,2039,0,0,2,True,False,True,0.0,0.0
write_pair_reference_own_b384,1strowrightgirl3540,2061,0,0,2,True,False,True,0.0,0.0
write_pair_reference_own_b384,1strowrightgirl3540,2063,0,0,2,True,False,True,0.0,0.0
write_pair_reference_own_b384,1strowrightgirl3540,2064,0,0,2,True,False,True,0.009300447478892158,0.009300447478892158
write_pair_reference_own_b384,1strowrightgirl3540,2065,0,0,2,True,False,True,0.8350611566238653,0.8350611566238653
write_pair_reference_own_b384,1strowrightgirl3540,2082,0,0,2,True,False,True,0.01059632907818824,0.01059632907818824
write_pair_reference_own_b384,1strowrightgirl3540,2101,0,0,2,True,False,True,0.04270605154425076,0.04270605154425076
write_pair_reference_own_b384,1strowrightgirl3540,2109,0,0,2,True,False,True,0.0,0.0
write_pair_reference_own_b384,1strowrightgirl3540,2110,0,0,2,True,False,True,0.0,0.0
write_pair_reference_own_b384,1strowrightgirl3540,2113,0,1,2,True,False,True,0.0,0.0
write_pair_reference_own_b384,1strowrightgirl3540,2123,0,0,2,True,False,True,0.0,0.0
write_pair_reference_own_b384,1strowrightgirl3540,2124,0,0,2,True,False,True,0.8221980269370176,0.8221980269370176
write_pair_reference_own_b384,1strowrightgirl3540,2125,0,0,2,True,False,True,0.8499201321160612,0.8499201321160612
write_pair_reference_own_b384,1strowrightgirl3540,2126,0,0,2,True,False,True,0.77385476387621,0.77385476387621
write_pair_reference_own_b384,1strowrightgirl3540,2127,0,0,2,True,False,True,0.695636373169359,0.695636373169359
write_pair_reference_own_b384,1strowrightgirl3540,2128,0,0,2,True,False,True,0.7277318859354258,0.7277318859354258
write_pair_reference_own_b384,1strowrightgirl3540,2132,0,0,2,True,False,True,0.8750710040253824,0.8750710040253824
write_pair_reference_own_b384,1strowrightgirl3540,2133,0,0,2,True,False,True,0.9144639834631436,0.9144639834631436
write_pair_reference_own_b384,1strowrightgirl3540,2134,0,0,2,True,False,True,0.9334977558841352,0.9334977558841352
write_pair_reference_own_b384,1strowrightgirl3540,2138,0,0,2,True,False,True,0.8035481110553877,0.8035481110553877
write_pair_reference_own_b384,1strowrightgirl3540,2139,0,0,2,True,False,True,0.8166716103010655,0.8166716103010655
write_pair_reference_own_b384,1strowrightgirl3540,2140,0,0,2,True,False,True,0.7492736812717353,0.7492736812717353
write_pair_reference_own_b384,1strowrightgirl3540,2141,0,0,2,True,False,True,0.6527622052099754,0.6527622052099754
write_pair_reference_own_b384,1strowrightgirl3540,2149,0,0,2,True,False,True,0.0,0.0
write_pair_reference_own_b384,1strowrightgirl3540,2153,0,0,2,True,False,True,0.0,0.0
write_pair_reference_own_b384,1strowrightgirl3540,2154,0,0,2,True,False,True,0.014554032796976556,0.014554032796976556
write_pair_reference_own_b384,1strowrightgirl3540,2155,0,0,2,True,False,True,0.03668452623585649,0.03668452623585649
write_pair_reference_own_b384,1strowrightgirl3540,2157,0,1,2,True,False,True,0.006667565903054008,0.006667565903054008
write_pair_reference_own_b384,1strowrightgirl3540,2158,0,0,2,True,False,True,0.8029160655990197,0.8029160655990197
write_pair_reference_own_b384,1strowrightgirl3540,2161,0,0,2,True,False,True,0.7917694426921378,0.7917694426921378
write_pair_reference_own_b384,1strowrightgirl3540,2165,0,0,2,True,False,True,0.8200335921444578,0.8200335921444578
write_pair_reference_own_b384,1strowrightgirl3540,2168,0,0,2,True,False,True,0.7265129609722671,0.7265129609722671
write_pair_reference_own_b384,1strowrightgirl3540,2175,0,0,2,True,False,True,0.8501653722960012,0.8501653722960012
write_pair_reference_own_b384,1strowrightgirl3540,2179,0,0,2,True,False,True,0.8790228409223434,0.8790228409223434
write_pair_reference_own_b384,1strowrightgirl3540,2180,0,0,2,True,False,True,0.7612227834831833,0.7612227834831833
write_pair_reference_own_b384,1strowrightgirl3540,2181,0,0,2,True,False,True,0.8102911275029222,0.8102911275029222
write_pair_reference_own_b384,1strowrightgirl3540,2185,0,0,2,True,False,True,0.7987827437421459,0.7987827437421459
write_pair_reference_own_b384,1strowrightgirl3540,2186,0,0,2,True,False,True,0.7784711179318203,0.7784711179318203
write_pair_reference_own_b384,1strowrightgirl3540,2193,0,0,2,True,False,True,0.8395330121787581,0.8395330121787581
write_pair_reference_own_b384,1strowrightgirl3540,2194,0,0,2,True,False,True,0.6436329260049758,0.6436329260049758
write_pair_reference_own_b384,1strowrightgirl3540,2195,0,0,2,True,False,True,0.7051314651823373,0.7051314651823373
write_pair_reference_own_b384,1strowrightgirl3540,2200,0,0,2,True,False,True,0.8793689991991948,0.8793689991991948
write_pair_reference_own_b384,1strowrightgirl3540,2203,0,0,2,True,False,True,0.8709095091279475,0.8709095091279475
write_pair_reference_own_b384,1strowrightgirl3540,2207,0,0,2,True,False,True,0.7960330333679111,0.7960330333679111
write_pair_reference_own_b384,1strowrightgirl3540,2208,0,0,2,True,False,True,0.712198624926016,0.712198624926016
write_pair_reference_own_b384,1strowrightgirl3540,2209,0,0,2,True,False,True,0.728295178482394,0.728295178482394
write_pair_reference_own_b384,1strowrightgirl3540,2221,0,0,2,True,False,True,0.6534893848775446,0.6534893848775446
write_pair_reference_own_b384,1strowrightgirl3540,2226,0,0,2,True,False,True,0.8494768568729473,0.8494768568729473
write_pair_reference_own_b384,1strowrightgirl3540,2230,0,0,2,True,False,True,0.8792677072428227,0.8792677072428227
write_pair_reference_own_b384,1strowrightgirl3540,2234,0,0,2,True,False,True,0.7244078428789315,0.7244078428789315
write_pair_reference_own_b384,1strowrightgirl3540,2242,0,0,2,True,False,True,0.8809067789825812,0.8809067789825812
write_pair_reference_own_b384,1strowrightgirl3540,2246,0,0,2,True,False,True,0.7920249533463102,0.7920249533463102
write_pair_reference_own_b384,1strowrightgirl3540,2247,0,0,2,True,False,True,0.6826649423765137,0.6826649423765137
write_pair_reference_own_b384,1strowrightgirl3540,2248,0,0,2,True,False,True,0.6358350026997797,0.6358350026997797
write_pair_reference_own_b384,1strowrightgirl3540,2250,0,0,2,True,False,True,0.0,0.0
write_pair_reference_own_b384,1strowrightgirl3540,2251,0,0,2,True,False,True,0.0,0.0
write_pair_reference_own_b384,1strowrightgirl3540,2253,0,0,2,True,False,True,0.0,0.0
write_pair_reference_own_b384,1strowrightgirl3540,2257,0,0,2,True,False,True,0.0,0.0
write_pair_reference_own_b384,1strowrightgirl3540,2258,0,0,2,True,False,True,0.0,0.0
write_pair_reference_own_b384,1strowrightgirl3540,2259,0,1,2,True,False,True,0.0,0.0
write_pair_reference_own_b384,1strowrightgirl3540,2261,0,0,2,True,False,True,0.0,0.0
write_pair_reference_own_b384,1strowrightgirl3540,2263,0,0,2,True,False,True,0.0,0.0
write_pair_reference_own_b384,1strowrightgirl3540,2264,0,0,2,True,False,True,0.0,0.0
write_pair_reference_own_b384,1strowrightgirl3540,2266,0,0,2,True,False,True,0.0,0.0
write_pair_reference_own_b384,1strowrightgirl3540,2275,0,0,2,True,False,True,0.0,0.0
write_pair_reference_own_b384,1strowrightgirl3540,2276,0,0,2,True,False,True,0.0,0.0
write_pair_reference_own_b384,1strowrightgirl3540,2282,0,0,2,True,False,True,0.0,0.0
write_pair_reference_own_b384,1strowrightgirl3540,2286,0,0,2,True,False,True,0.0,0.0
write_pair_reference_own_b384,1strowrightgirl3540,2287,0,0,2,True,False,True,0.0,0.0
write_pair_reference_own_b384,1strowrightgirl3540,2288,0,0,2,True,False,True,0.0,0.0
write_pair_reference_own_b384,1strowrightgirl3540,2289,0,0,2,True,False,True,0.0,0.0
write_pair_reference_own_b384,1strowrightgirl3540,2290,0,0,2,True,False,True,0.0,0.0
write_pair_reference_own_b384,1strowrightgirl3540,2291,0,0,2,True,False,True,0.0,0.0
write_pair_reference_own_b384,1strowrightgirl3540,2299,0,0,2,True,False,True,0.0,0.0
write_pair_reference_own_b384,1strowrightgirl3540,2304,0,0,2,True,False,True,0.0,0.0
write_pair_reference_own_b384,1strowrightgirl3540,2312,0,0,2,True,False,True,0.0,0.0
write_pair_reference_own_b384,1strowrightgirl3540,2313,0,0,2,True,False,True,0.0,0.0
write_pair_reference_own_b384,1strowrightgirl3540,2316,0,0,2,True,False,True,0.0,0.0
write_pair_reference_own_b384,1strowrightgirl3540,2326,0,0,2,True,False,True,0.0,0.0
write_pair_reference_own_b384,1strowrightgirl3540,2327,0,0,2,True,False,True,0.0,0.0
write_pair_reference_own_b384,1strowrightgirl3540,2328,0,0,2,True,False,True,0.0,0.0
write_pair_reference_own_b384,1strowrightgirl3540,2343,0,0,2,True,False,True,0.0,0.0
write_pair_reference_own_b384,1strowrightgirl3540,2345,0,1,2,True,False,True,0.0,0.0
write_pair_reference_own_b384,1strowrightgirl3540,2349,0,0,2,True,False,True,0.0,0.0
write_pair_reference_own_b384,1strowrightgirl3540,2371,0,0,2,True,False,True,0.0,0.0
write_pair_reference_own_b384,1strowrightgirl3540,2392,0,0,2,True,False,True,0.0,0.0
write_pair_reference_own_b384,1strowrightgirl3540,2393,0,0,2,True,False,True,0.0,0.0
write_pair_reference_own_b384,1strowrightgirl3540,2394,0,0,2,True,False,True,0.0,0.0
write_pair_reference_own_b384,1strowrightgirl3540,2396,0,1,2,True,False,True,0.0,0.0
write_pair_reference_own_b384,1strowrightgirl3540,2398,0,1,2,True,False,True,0.0,0.0
write_pair_reference_own_b384,1strowrightgirl3540,2399,0,0,2,True,False,True,0.0,0.0
write_pair_reference_own_b384,1strowrightgirl3540,2401,0,0,2,True,False,True,0.0,0.0
write_pair_reference_own_b384,1strowrightgirl3540,2402,0,0,2,True,False,True,0.0,0.0
write_pair_reference_own_b384,1strowrightgirl3540,2405,0,0,2,True,False,True,0.0,0.0
write_pair_reference_own_b384,1strowrightgirl3540,2408,0,0,2,True,False,True,0.0,0.0
write_pair_reference_own_b384,1strowrightgirl3540,2416,0,0,2,True,False,True,0.8390997248122569,0.8390997248122569
write_pair_reference_own_b384,1strowrightgirl3540,2420,0,0,2,True,False,True,0.6164601759489714,0.6164601759489714
write_pair_reference_own_b384,1strowrightgirl3540,2433,0,0,2,True,False,True,0.5233391893472921,0.5233391893472921
write_pair_reference_own_b384,1strowrightgirl3540,2436,0,0,2,True,False,True,0.6232528594495061,0.6232528594495061
write_pair_reference_own_b384,1strowrightgirl3540,2438,0,0,2,True,False,True,0.803809971769197,0.803809971769197
write_pair_reference_own_b384,1strowrightgirl3540,2439,0,0,2,True,False,True,0.7639921314836328,0.7639921314836328
write_pair_reference_own_b384,1strowrightgirl3540,2459,0,0,2,True,False,True,0.0,0.0
write_pair_reference_own_b384,1strowrightgirl3540,2463,0,1,2,True,False,True,0.0,0.0
write_pair_reference_own_b384,1strowrightgirl3540,2472,0,0,2,True,False,True,0.0,0.0
write_pair_reference_own_b384,1strowrightgirl3540,2474,0,0,2,True,False,True,0.0,0.0
write_pair_reference_own_b384,1strowrightgirl3540,2475,0,0,2,True,False,True,0.0,0.0
write_pair_reference_own_b384,1strowrightgirl3540,2476,0,0,2,True,False,True,0.0,0.0
write_pair_reference_own_b384,1strowrightgirl3540,2477,0,0,2,True,False,True,0.0,0.0
write_pair_reference_own_b384,1strowrightgirl3540,2478,0,0,2,True,False,True,0.0,0.0
write_pair_reference_own_b384,1strowrightgirl3540,2479,0,0,2,True,False,True,0.0,0.0
write_pair_reference_own_b384,1strowrightgirl3540,2482,0,0,2,True,False,True,0.0,0.5894762532934921
write_pair_reference_own_b384,1strowrightgirl3540,2494,0,0,2,True,False,True,0.850070798290877,0.850070798290877
write_pair_reference_own_b384,1strowrightgirl3540,2495,0,1,2,True,False,True,0.8608517586853233,0.8608517586853233
write_pair_reference_own_b384,1strowrightgirl3540,2496,0,0,2,True,False,True,0.6400294488523037,0.6400294488523037
write_pair_reference_own_b384,1strowrightgirl3540,2497,0,0,2,True,False,True,0.845067914298247,0.845067914298247
write_pair_reference_own_b384,1strowrightgirl3540,2498,0,0,2,True,False,True,0.7795635332711156,0.7795635332711156
write_pair_reference_own_b384,1strowrightgirl3540,2500,0,0,2,True,False,True,0.6226800128037251,0.6226800128037251
write_pair_reference_own_b384,1strowrightgirl3540,2501,0,0,2,True,False,True,0.5886806241635987,0.5886806241635987
write_pair_reference_own_b384,1strowrightgirl3540,2502,0,0,2,True,False,True,0.6254227155214733,0.6254227155214733
write_pair_reference_own_b384,1strowrightgirl3540,2503,0,0,2,True,False,True,0.7799577857080376,0.7799577857080376
write_pair_reference_own_b384,1strowrightgirl3540,2505,0,0,2,True,False,True,0.6758825820493285,0.6758825820493285
write_pair_reference_own_b384,1strowrightgirl3540,2506,0,0,2,True,False,True,0.7669261945431479,0.7669261945431479
write_pair_reference_own_b384,1strowrightgirl3540,2507,0,0,2,True,False,True,0.844115114901884,0.844115114901884
write_pair_reference_own_b384,1strowrightgirl3540,2508,0,0,2,True,False,True,0.7323980259738001,0.7323980259738001
write_pair_reference_own_b384,1strowrightgirl3540,2509,0,0,2,True,False,True,0.6980581882807154,0.6980581882807154
write_pair_reference_own_b384,1strowrightgirl3540,2510,0,0,2,True,False,True,0.7952259605642757,0.7952259605642757
write_pair_reference_own_b384,1strowrightgirl3540,2511,0,0,2,True,False,True,0.742148999943651,0.742148999943651
write_pair_reference_own_b384,1strowrightgirl3540,2512,0,0,2,True,False,True,0.7853575369389466,0.7853575369389466
write_pair_reference_own_b384,1strowrightgirl3540,2513,0,0,2,True,False,True,0.8296504982559999,0.8296504982559999
write_pair_reference_own_b384,1strowrightgirl3540,2517,0,0,2,True,False,True,0.7263703400544199,0.7263703400544199
write_pair_reference_own_b384,1strowrightgirl3540,2518,0,0,2,True,False,True,0.7745622190658186,0.7745622190658186
write_pair_reference_own_b384,1strowrightgirl3540,2523,0,0,2,True,False,True,0.0,0.0
write_pair_reference_own_b384,1strowrightgirl3540,2530,0,0,2,True,False,True,0.0,0.0
write_pair_reference_own_b384,1strowrightgirl3540,2531,0,0,2,True,False,True,0.0,0.0
write_pair_reference_own_b384,1strowrightgirl3540,2533,0,0,2,True,False,True,0.0,0.0
write_pair_reference_own_b384,1strowrightgirl3540,2534,0,0,2,True,False,True,0.0,0.0
write_pair_reference_own_b384,1strowrightgirl3540,2535,0,1,2,True,False,True,0.0,0.0
write_pair_reference_own_b384,1strowrightgirl3540,2536,0,1,2,True,False,True,0.0,0.0
write_pair_reference_own_b384,1strowrightgirl3540,2538,0,1,2,True,False,True,0.0,0.0
write_pair_reference_own_b384,1strowrightgirl3540,2548,0,0,2,True,False,True,0.6624264893510641,0.6624264893510641
write_pair_reference_own_b384,1strowrightgirl3540,2549,0,0,2,True,False,True,0.8462947879626141,0.8462947879626141
write_pair_reference_own_b384,1strowrightgirl3540,2550,0,0,2,True,False,True,0.5931905744876496,0.5931905744876496
write_pair_reference_own_b384,1strowrightgirl3540,2551,0,0,2,True,False,True,0.8024926570554441,0.8024926570554441
write_pair_reference_own_b384,1strowrightgirl3540,2552,0,0,2,True,False,True,0.31854864891191326,0.31854864891191326
write_pair_reference_own_b384,1strowrightgirl3540,2553,0,1,2,True,False,True,0.09958519517694328,0.09958519517694328
write_pair_reference_own_b384,1strowrightgirl3540,2554,0,0,2,True,False,True,0.11094182517616538,0.11094182517616538
write_pair_reference_own_b384,1strowrightgirl3540,2556,0,0,2,True,False,True,0.28426762668165534,0.28426762668165534
write_pair_reference_own_b384,1strowrightgirl3540,2557,0,0,2,True,False,True,0.30387487354578735,0.30387487354578735
write_pair_reference_own_b384,1strowrightgirl3540,2558,0,0,2,True,False,True,0.2256772335014689,0.2256772335014689
write_pair_reference_own_b384,1strowrightgirl3540,2559,0,0,2,True,False,True,0.30468759213447966,0.30468759213447966
write_pair_reference_own_b384,1strowrightgirl3540,2560,0,0,2,True,False,True,0.6778210460837278,0.6778210460837278
write_pair_reference_own_b384,1strowrightgirl3540,2561,0,0,2,True,False,True,0.6617699437785547,0.6617699437785547
write_pair_reference_own_b384,1strowrightgirl3540,2562,0,0,2,True,False,True,0.4555770878065496,0.4555770878065496
write_pair_reference_own_b384,1strowrightgirl3540,2563,0,1,2,True,False,True,0.6821944569742501,0.6821944569742501
write_pair_reference_own_b384,1strowrightgirl3540,2576,0,0,2,True,False,True,0.5736372009544138,0.5736372009544138
write_pair_reference_own_b384,1strowrightgirl3540,2577,0,0,2,True,False,True,0.4098166641415769,0.4098166641415769
write_pair_reference_own_b384,1strowrightgirl3540,2578,0,0,2,True,False,True,0.34124707402280463,0.34124707402280463
write_pair_reference_own_b384,1strowrightgirl3540,2579,0,0,2,True,False,True,0.5275260108033245,0.5275260108033245
write_pair_reference_own_b384,1strowrightgirl3540,2585,0,0,2,True,False,True,0.0,0.0
write_pair_reference_own_b384,1strowrightgirl3540,2592,0,0,2,True,False,True,0.0,0.0
write_pair_reference_own_b384,1strowrightgirl3540,2594,0,0,2,True,False,True,0.0,0.0
write_pair_reference_own_b384,1strowrightgirl3540,2596,0,1,2,True,False,True,0.0,0.0
write_pair_reference_own_b384,1strowrightgirl3540,2598,0,0,2,True,False,True,0.0,0.0
write_pair_reference_own_b384,1strowrightgirl3540,2599,0,1,2,True,False,True,0.0,0.0
write_pair_reference_own_b384,1strowrightgirl3540,2601,0,1,2,True,False,True,0.0,0.0
write_pair_reference_own_b384,1strowrightgirl3540,2602,0,0,2,True,False,True,0.0,0.0
write_pair_reference_own_b384,1strowrightgirl3540,2603,0,0,2,True,False,True,0.0,0.0
write_pair_reference_own_b384,1strowrightgirl3540,2607,0,0,2,True,False,True,0.0,0.0
write_pair_reference_own_b384,1strowrightgirl3540,2608,0,0,2,True,False,True,0.0,0.0
write_pair_reference_own_b384,1strowrightgirl3540,2614,0,0,2,True,False,True,0.0,0.0
write_pair_reference_own_b384,1strowrightgirl3540,2618,0,0,2,True,False,True,0.0,0.0
write_pair_reference_own_b384,1strowrightgirl3540,2619,0,1,2,True,False,True,0.0,0.0
write_pair_reference_own_b384,1strowrightgirl3540,2623,0,1,2,True,False,True,0.0,0.0
write_pair_reference_own_b384,1strowrightgirl3540,2630,0,0,2,True,False,True,0.0,0.0
write_pair_reference_own_b384,1strowrightgirl3540,2639,0,0,2,True,False,True,0.0,0.0
write_pair_reference_own_b384,1strowrightgirl3540,2643,0,0,2,True,False,True,0.0,0.0
write_pair_reference_own_b384,1strowrightgirl3540,2645,0,1,2,True,False,True,0.0,0.0
write_pair_reference_own_b384,1strowrightgirl3540,2655,0,0,2,True,False,True,0.8911774785065303,0.8911774785065303
write_pair_reference_own_b384,1strowrightgirl3540,2661,0,0,2,True,False,True,0.8986677988099123,0.8986677988099123
write_pair_reference_own_b384,1strowrightgirl3540,2662,0,0,2,True,False,True,0.8975206475875663,0.8975206475875663
write_pair_reference_own_b384,1strowrightgirl3540,2663,0,0,2,True,False,True,0.7711959995163817,0.7711959995163817
write_pair_reference_own_b384,1strowrightgirl3540,2664,0,0,2,True,False,True,0.7614011975809225,0.7614011975809225
write_pair_reference_own_b384,1strowrightgirl3540,2665,0,0,2,True,False,True,0.8272748663688904,0.8272748663688904
write_pair_reference_own_b384,1strowrightgirl3540,2667,0,0,2,True,False,True,0.0,0.0
write_pair_reference_own_b384,1strowrightgirl3540,2694,0,0,2,True,False,True,0.0,0.0
write_pair_reference_own_b384,1strowrightgirl3540,2698,0,1,2,True,False,True,0.0,0.0
write_pair_reference_own_b384,1strowrightgirl3540,2716,0,0,2,True,False,True,0.0,0.0
write_pair_reference_own_b384,1strowrightgirl3540,2724,0,0,2,True,False,True,0.9111765993623069,0.9111765993623069
write_pair_reference_own_b384,1strowrightgirl3540,2731,0,0,2,True,False,True,0.9229200831898896,0.9229200831898896
write_pair_reference_own_b384,1strowrightgirl3540,2741,0,0,2,True,False,True,0.0,0.0
write_pair_reference_own_b384,1strowrightgirl3540,2747,0,0,2,True,False,True,0.8464309406987666,0.8464309406987666
write_pair_reference_own_b384,1strowrightgirl3540,2750,0,0,2,True,False,True,0.0,0.0
write_pair_reference_own_b384,1strowrightgirl3540,2755,0,0,2,True,False,True,0.2709949107506947,0.2709949107506947
write_pair_reference_own_b384,1strowrightgirl3540,2759,0,0,2,True,False,True,0.8303025463453769,0.8303025463453769
write_pair_reference_own_b384,1strowrightgirl3540,2761,0,0,2,True,False,True,0.005167600728042902,0.005167600728042902
write_pair_reference_own_b384,1strowrightgirl3540,2762,0,0,2,True,False,True,0.7635353877410075,0.7635353877410075
write_pair_reference_own_b384,1strowrightgirl3540,2763,0,0,2,True,False,True,0.0,0.0
write_pair_reference_own_b384,1strowrightgirl3540,2771,0,0,2,True,False,True,0.8090077985760029,0.8090077985760029
write_pair_reference_own_b384,1strowrightgirl3540,2772,0,0,2,True,False,True,0.0,0.0
write_pair_reference_own_b384,1strowrightgirl3540,2775,0,0,2,True,False,True,0.0,0.0
write_pair_reference_own_b384,1strowrightgirl3540,2776,0,0,2,True,False,True,0.0,0.0
write_pair_reference_own_b384,1strowrightgirl3540,2782,0,0,2,True,False,True,0.6332096538625086,0.6332096538625086
write_pair_reference_own_b384,1strowrightgirl3540,2788,0,0,2,True,False,True,0.791274936954549,0.791274936954549
write_pair_reference_own_b384,1strowrightgirl3540,2793,0,0,2,True,False,True,0.0,0.0
write_pair_reference_own_b384,1strowrightgirl3540,2796,0,0,2,True,False,True,0.777667888548,0.777667888548
write_pair_reference_own_b384,1strowrightgirl3540,2799,0,0,2,True,False,True,0.7829487868636421,0.7829487868636421
write_pair_reference_own_b384,1strowrightgirl3540,2801,0,0,2,True,False,True,0.0,0.0
write_pair_reference_own_b384,1strowrightgirl3540,2803,0,0,2,True,False,True,0.7216555420341527,0.7216555420341527
write_pair_reference_own_b384,1strowrightgirl3540,2804,0,0,2,True,False,True,0.0,0.0
write_pair_reference_own_b384,1strowrightgirl3540,2817,0,0,2,True,False,True,0.5237508808722756,0.5237508808722756
write_pair_reference_own_b384,1strowrightgirl3540,2824,0,0,2,True,False,True,0.5368287481152548,0.5368287481152548
write_pair_reference_own_b384,1strowrightgirl3540,2825,0,0,2,True,False,True,0.6092092230372125,0.6092092230372125
write_pair_reference_own_b384,1strowrightgirl3540,2826,0,0,2,True,False,True,0.753512478381249,0.753512478381249
write_pair_reference_own_b384,1strowrightgirl3540,2827,0,0,2,True,False,True,0.7797733374176842,0.7797733374176842
write_pair_reference_own_b384,1strowrightgirl3540,2829,0,0,2,True,False,True,0.8405814308190039,0.8405814308190039
write_pair_reference_own_b384,1strowrightgirl3540,2830,0,0,2,True,False,True,0.8105759591718407,0.8105759591718407
write_pair_reference_own_b384,1strowrightgirl3540,2852,0,0,2,True,False,True,0.640354173227882,0.640354173227882
write_pair_reference_own_b384,1strowrightgirl3540,2855,0,0,2,True,False,True,0.7748827439144795,0.7748827439144795
write_pair_reference_own_b384,1strowrightgirl3540,2863,0,0,2,True,False,True,0.583675415121121,0.583675415121121
write_pair_reference_own_b384,1strowrightgirl3540,2866,0,0,2,True,False,True,0.7244274654880464,0.7244274654880464
write_pair_reference_own_b384,1strowrightgirl3540,2868,0,0,2,True,False,True,0.6666927384061649,0.6666927384061649
write_pair_reference_own_b384,1strowrightgirl3540,2882,0,0,2,True,False,True,0.8003100845890974,0.8003100845890974
write_pair_reference_own_b384,1strowrightgirl3540,2892,0,0,2,True,False,True,0.7327867866154694,0.7327867866154694
write_pair_reference_own_b384,1strowrightgirl3540,2893,0,0,2,True,False,True,0.6022683460197865,0.6022683460197865
write_pair_reference_own_b384,1strowrightgirl3540,2898,0,0,2,True,False,True,0.7003552581300608,0.7003552581300608
write_pair_reference_own_b384,1strowrightgirl3540,2900,0,0,2,True,False,True,0.582606721382493,0.582606721382493
write_pair_reference_own_b384,1strowrightgirl3540,2905,0,0,2,True,False,True,0.9345445288594262,0.9345445288594262
write_pair_reference_own_b384,1strowrightgirl3540,2906,0,0,2,True,False,True,0.8202114829998552,0.8202114829998552
write_pair_reference_own_b384,1strowrightgirl3540,2907,0,0,2,True,False,True,0.7737439332031493,0.7737439332031493
write_pair_reference_own_b384,1strowrightgirl3540,2911,0,0,2,True,False,True,0.0,0.0
write_pair_reference_own_b384,1strowrightgirl3540,2912,0,0,2,True,False,True,0.7086241970961031,0.7086241970961031
write_pair_reference_own_b384,1strowrightgirl3540,2913,0,0,2,True,False,True,0.7218648906832859,0.7218648906832859
write_pair_reference_own_b384,1strowrightgirl3540,2915,0,0,2,True,False,True,0.8636574360295798,0.8636574360295798
write_pair_reference_own_b384,1strowrightgirl3540,2924,0,0,2,True,False,True,0.7493011756694653,0.7493011756694653
write_pair_reference_own_b384,1strowrightgirl3540,2931,0,0,2,True,False,True,0.631982115611152,0.631982115611152
write_pair_reference_own_b384,1strowrightgirl3540,2934,0,0,2,True,False,True,0.7869341491972632,0.7869341491972632
write_pair_reference_own_b384,1strowrightgirl3540,2935,0,0,2,True,False,True,0.32489416631553003,0.32489416631553003
write_pair_reference_own_b384,1strowrightgirl3540,2947,0,0,2,True,False,True,0.031145096855308956,0.031145096855308956
write_pair_reference_own_b384,1strowrightgirl3540,2953,0,0,2,True,False,True,0.34666046954002977,0.34666046954002977
write_pair_reference_own_b384,1strowrightgirl3540,2955,0,0,2,True,False,True,0.6787524176339883,0.6787524176339883
write_pair_reference_own_b384,1strowrightgirl3540,2966,0,0,2,True,False,True,0.4547877997173434,0.4547877997173434
write_pair_reference_own_b384,1strowrightgirl3540,2970,0,0,2,True,False,True,0.37834922435769613,0.37834922435769613
write_pair_reference_own_b384,1strowrightgirl3540,2971,0,0,2,True,False,True,0.4779103902633437,0.4779103902633437
write_pair_reference_own_b384,1strowrightgirl3540,2978,0,0,2,True,False,True,0.0,0.0
write_pair_reference_own_b384,1strowrightgirl3540,2980,0,0,2,True,False,True,0.0,0.0
write_pair_reference_own_b384,1strowrightgirl3540,2984,0,0,2,True,False,True,0.0,0.0
write_pair_reference_own_b384,1strowrightgirl3540,2985,0,0,2,True,False,True,0.0,0.0
write_pair_reference_own_b384,1strowrightgirl3540,2986,0,0,2,True,False,True,0.0,0.0
write_pair_reference_own_b384,1strowrightgirl3540,2987,0,0,2,True,False,True,0.0,0.0
write_pair_reference_own_b384,1strowrightgirl3540,2988,0,0,2,True,False,True,0.0,0.0
write_pair_reference_own_b384,1strowrightgirl3540,2989,0,0,2,True,False,True,0.25041032096550375,0.25041032096550375
write_pair_reference_own_b384,1strowrightgirl3540,2990,0,0,2,True,False,True,0.6024472614871892,0.6024472614871892
write_pair_reference_own_b384,1strowrightgirl3540,2991,0,0,2,True,False,True,0.4718170190097756,0.4718170190097756
write_pair_reference_own_b384,1strowrightgirl3540,3001,0,0,2,True,False,True,0.6840913347499323,0.6840913347499323
write_pair_reference_own_b384,1strowrightgirl3540,3006,0,0,2,True,False,True,0.3308448206391814,0.3308448206391814
write_pair_reference_own_b384,1strowrightgirl3540,3017,0,0,2,True,False,True,0.04709584847377046,0.04709584847377046
write_pair_reference_own_b384,1strowrightgirl3540,3019,0,0,2,True,False,True,0.03456876610323842,0.03456876610323842
write_pair_reference_own_b384,1strowrightgirl3540,3020,0,0,2,True,False,True,0.6610358578125568,0.6610358578125568
write_pair_reference_own_b384,1strowrightgirl3540,3025,0,0,2,True,False,True,0.6061596399495985,0.6061596399495985
write_pair_reference_own_b384,1strowrightgirl3540,3026,0,0,2,True,False,True,0.7659153371634341,0.7659153371634341
write_pair_reference_own_b384,1strowrightgirl3540,3028,0,0,2,True,False,True,0.7082847200436342,0.7082847200436342
write_pair_reference_own_b384,1strowrightgirl3540,3029,0,0,2,True,False,True,0.6724751507439354,0.6724751507439354
write_pair_reference_own_b384,1strowrightgirl3540,3030,0,0,2,True,False,True,0.6824781293747261,0.6824781293747261
write_pair_reference_own_b384,1strowrightgirl3540,3031,0,0,2,True,False,True,0.42781254640947586,0.42781254640947586
write_pair_reference_own_b384,1strowrightgirl3540,3034,0,0,2,True,False,True,0.1763343001010138,0.1763343001010138
write_pair_reference_own_b384,1strowrightgirl3540,3036,0,0,2,True,False,True,0.30402360406197204,0.30402360406197204
write_pair_reference_own_b384,1strowrightgirl3540,3037,0,0,2,True,False,True,0.12565337907024998,0.12565337907024998
write_pair_reference_own_b384,1strowrightgirl3540,3042,0,0,2,True,False,True,0.49993542725446327,0.49993542725446327
write_pair_reference_own_b384,1strowrightgirl3540,3043,0,0,2,True,False,True,0.548476260864438,0.548476260864438
write_pair_reference_own_b384,1strowrightgirl3540,3045,0,0,2,True,False,True,0.6824604967406107,0.6824604967406107
write_pair_reference_own_b384,1strowrightgirl3540,3046,0,0,2,True,False,True,0.7291504311474541,0.7291504311474541
write_pair_reference_own_b384,1strowrightgirl3540,3048,0,0,2,True,False,True,0.7023536058964177,0.7023536058964177
write_pair_reference_own_b384,1strowrightgirl3540,3049,0,0,2,True,False,True,0.6543253773782767,0.6543253773782767
write_pair_reference_own_b384,1strowrightgirl3540,3050,0,0,2,True,False,True,0.6319311231100551,0.6319311231100551
write_pair_reference_own_b384,1strowrightgirl3540,3057,0,0,2,True,False,True,0.0,0.0
write_pair_reference_own_b384,1strowrightgirl3540,3064,0,0,2,True,False,True,0.0,0.0
write_pair_reference_own_b384,1strowrightgirl3540,3067,0,0,2,True,False,True,0.0,0.0
write_pair_reference_own_b384,1strowrightgirl3540,3069,0,0,2,True,False,True,0.0,0.0
write_pair_reference_own_b384,1strowrightgirl3540,3071,0,0,2,True,False,True,0.0,0.0
write_pair_reference_own_b384,1strowrightgirl3540,3072,0,0,2,True,False,True,0.7172123527824331,0.7172123527824331
write_pair_reference_own_b384,1strowrightgirl3540,3083,0,0,2,True,False,True,0.785520410039495,0.785520410039495
write_pair_reference_own_b384,1strowrightgirl3540,3085,0,0,2,True,False,True,0.6085390795172795,0.6085390795172795
write_pair_reference_own_b384,1strowrightgirl3540,3088,0,0,2,True,False,True,0.6099672179918677,0.6099672179918677
write_pair_reference_own_b384,1strowrightgirl3540,3096,0,0,2,True,False,True,0.170690074936735,0.170690074936735
write_pair_reference_own_b384,1strowrightgirl3540,3101,0,0,2,True,False,True,0.20856223584602523,0.20856223584602523
write_pair_reference_own_b384,1strowrightgirl3540,3104,0,0,2,True,False,True,0.2507530103214508,0.2507530103214508
write_pair_reference_own_b384,1strowrightgirl3540,3105,0,0,2,True,False,True,0.42880173182873066,0.42880173182873066
write_pair_reference_own_b384,1strowrightgirl3540,3106,0,0,2,True,False,True,0.33891166202947354,0.33891166202947354
write_pair_reference_own_b384,1strowrightgirl3540,3125,0,0,2,True,False,True,0.5435970755614419,0.5435970755614419
write_pair_reference_own_b384,1strowrightgirl3540,3127,0,0,2,True,False,True,0.6529105326809949,0.6529105326809949
write_pair_reference_own_b384,1strowrightgirl3540,3128,0,0,2,True,False,True,0.30237173632225534,0.30237173632225534
write_pair_reference_own_b384,1strowrightgirl3540,3139,0,0,2,True,False,True,0.0,0.0
write_pair_reference_own_b384,1strowrightgirl3540,3148,0,0,2,True,False,True,0.0,0.0
write_pair_reference_own_b384,1strowrightgirl3540,3149,0,0,2,True,False,True,0.0,0.0
write_pair_reference_own_b384,1strowrightgirl3540,3151,0,0,2,True,False,True,0.0,0.0
write_pair_reference_own_b384,1strowrightgirl3540,3154,0,0,2,True,False,True,0.0,0.0
write_pair_reference_own_b384,1strowrightgirl3540,3155,0,0,2,True,False,True,0.0,0.0
write_pair_reference_own_b384,1strowrightgirl3540,3160,0,0,2,True,False,True,0.0,0.0
write_pair_reference_own_b384,1strowrightgirl3540,3162,0,0,2,True,False,True,0.0,0.0
write_pair_reference_own_b384,1strowrightgirl3540,3164,0,0,2,True,False,True,0.0,0.0
write_pair_reference_own_b384,1strowrightgirl3540,3170,0,0,2,True,False,True,0.39498287180790304,0.39498287180790304
write_pair_reference_own_b384,1strowrightgirl3540,3172,0,0,2,True,False,True,0.3241304096041157,0.3241304096041157
write_pair_reference_own_b384,1strowrightgirl3540,3173,0,0,2,True,False,True,0.19404096125245746,0.19404096125245746
write_pair_reference_own_b384,1strowrightgirl3540,3174,0,0,2,True,False,True,0.35346309556565536,0.35346309556565536
write_pair_reference_own_b384,1strowrightgirl3540,3176,0,0,2,True,False,True,0.32385731046715394,0.32385731046715394
write_pair_reference_own_b384,1strowrightgirl3540,3177,0,0,2,True,False,True,0.29228113133205696,0.29228113133205696
write_pair_reference_own_b384,1strowrightgirl3540,3185,0,0,2,True,False,True,0.1942206169195967,0.1942206169195967
write_pair_reference_own_b384,1strowrightgirl3540,3188,0,0,2,True,False,True,0.19823710793627253,0.19823710793627253
write_pair_reference_own_b384,1strowrightgirl3540,3202,0,0,2,True,False,True,0.5066164045388921,0.5066164045388921
write_pair_reference_own_b384,1strowrightgirl3540,3203,0,0,2,True,False,True,0.5147667988739553,0.5147667988739553
write_pair_reference_own_b384,1strowrightgirl3540,3212,0,0,2,True,False,True,0.20215540719746353,0.20215540719746353
write_pair_reference_own_b384,1strowrightgirl3540,3215,0,0,2,True,False,True,0.14524092543255704,0.14524092543255704
write_pair_reference_own_b384,1strowrightgirl3540,3216,0,0,2,True,False,True,0.16042087541032923,0.16042087541032923
write_pair_reference_own_b384,1strowrightgirl3540,3217,0,0,2,True,False,True,0.1621572761967631,0.1621572761967631
write_pair_reference_own_b384,1strowrightgirl3540,3218,0,0,2,True,False,True,0.4341976802626811,0.4341976802626811
write_pair_reference_own_b384,1strowrightgirl3540,3221,0,0,2,True,False,True,0.4632962444621339,0.4632962444621339
write_pair_reference_own_b384,1strowrightgirl3540,3222,0,0,2,True,False,True,0.4231998649097824,0.4231998649097824
write_pair_reference_own_b384,1strowrightgirl3540,3225,0,0,2,True,False,True,0.6098706195247633,0.6098706195247633
write_pair_reference_own_b384,1strowrightgirl3540,3230,0,0,2,True,False,True,0.35158011250289045,0.35158011250289045
write_pair_reference_own_b384,1strowrightgirl3540,3248,0,0,2,True,False,True,0.49958811982544055,0.49958811982544055
write_pair_reference_own_b384,1strowrightgirl3540,3258,0,0,2,True,False,True,0.5343168456606022,0.5343168456606022
write_pair_reference_own_b384,1strowrightgirl3540,3265,0,0,2,True,False,True,0.3793257426022143,0.3793257426022143
write_pair_reference_own_b384,1strowrightgirl3540,3296,0,0,2,True,False,True,0.3113707447538895,0.3113707447538895
write_pair_reference_own_b384,1strowrightgirl3540,3302,0,0,2,True,False,True,0.6650601793246295,0.6650601793246295
write_pair_reference_own_b384,1strowrightgirl3540,3318,0,0,2,True,False,True,0.31264317039341705,0.31264317039341705
write_pair_reference_own_b384,1strowrightgirl3540,3320,0,0,2,True,False,True,0.0,0.0
write_pair_reference_own_b384,1strowrightgirl3540,3328,0,0,2,True,False,True,0.5968567857744375,0.5968567857744375
write_pair_reference_own_b384,1strowrightgirl3540,3334,0,0,2,True,False,True,0.5798091416753532,0.5798091416753532
write_pair_reference_own_b384,1strowrightgirl3540,3335,0,0,2,True,False,True,0.3986777471042699,0.3986777471042699
write_pair_reference_own_b384,1strowrightgirl3540,3336,0,0,2,True,False,True,0.29384592948810967,0.29384592948810967
write_pair_reference_own_b384,1strowrightgirl3540,3339,0,0,2,True,False,True,0.43767636909151403,0.43767636909151403
write_pair_reference_own_b384,1strowrightgirl3540,3341,0,0,2,True,False,True,0.458636067427463,0.458636067427463
write_pair_reference_own_b384,1strowrightgirl3540,3347,0,0,2,True,False,True,0.12628012765118674,0.12628012765118674
write_pair_reference_own_b384,1strowrightgirl3540,3357,0,0,2,True,False,True,0.4131070734241589,0.4131070734241589
write_pair_reference_own_b384,1strowrightgirl3540,3362,0,0,2,True,False,True,0.4276928217571012,0.4276928217571012
write_pair_reference_own_b384,1strowrightgirl3540,3366,0,0,2,True,False,True,0.29602488219668255,0.29602488219668255
write_pair_reference_own_b384,1strowrightgirl3540,3368,0,0,2,True,False,True,0.5710785616442616,0.5710785616442616
write_pair_reference_own_b384,1strowrightgirl3540,3377,0,0,2,True,False,True,0.08425707272220881,0.08425707272220881
write_pair_reference_own_b384,1strowrightgirl3540,3390,0,0,2,True,False,True,0.4840172872743107,0.4840172872743107
write_pair_reference_own_b384,1strowrightgirl3540,3395,0,0,2,True,False,True,0.3573437231383505,0.3573437231383505
write_pair_reference_own_b384,1strowrightgirl3540,3397,0,0,2,True,False,True,0.4196556593711107,0.4196556593711107
write_pair_reference_own_b384,1strowrightgirl3540,3398,0,0,2,True,False,True,0.3650823227086841,0.3650823227086841
write_pair_reference_own_b384,1strowrightgirl3540,3407,0,0,2,True,False,True,0.5467786736636774,0.5467786736636774
write_pair_reference_own_b384,1strowrightgirl3540,3408,0,0,2,True,False,True,0.5503830894407208,0.5503830894407208
write_pair_reference_own_b384,1strowrightgirl3540,3409,0,0,2,True,False,True,0.47261295362676675,0.47261295362676675
write_pair_reference_own_b384,1strowrightgirl3540,3414,0,0,2,True,False,True,0.48835618873348724,0.48835618873348724
write_pair_reference_own_b384,1strowrightgirl3540,3417,0,0,2,True,False,True,0.3927138138569808,0.3927138138569808
write_pair_reference_own_b384,1strowrightgirl3540,3418,0,0,2,True,False,True,0.4181920931280127,0.4181920931280127
write_pair_reference_own_b384,1strowrightgirl3540,3419,0,0,2,True,False,True,0.3448927561506685,0.3448927561506685
write_pair_reference_own_b384,1strowrightgirl3540,3423,0,0,2,True,False,True,0.4160760131572659,0.4160760131572659
write_pair_reference_own_b384,1strowrightgirl3540,3425,0,0,2,True,False,True,0.36035595020447536,0.36035595020447536
write_pair_reference_own_b384,1strowrightgirl3540,3427,0,0,2,True,False,True,0.3136086577225314,0.3136086577225314
write_pair_reference_own_b384,1strowrightgirl3540,3428,0,0,2,True,False,True,0.2862937914256326,0.2862937914256326
write_pair_reference_own_b384,1strowrightgirl3540,3429,0,0,2,True,False,True,0.2977898125611699,0.2977898125611699
write_pair_reference_own_b384,1strowrightgirl3540,3431,0,0,2,True,False,True,0.44846001456447415,0.44846001456447415
write_pair_reference_own_b384,1strowrightgirl3540,3433,0,0,2,True,False,True,0.482185039813908,0.482185039813908
write_pair_reference_own_b384,1strowrightgirl3540,3434,0,0,2,True,False,True,0.4448893204346016,0.4448893204346016
write_pair_reference_own_b384,1strowrightgirl3540,3440,0,0,2,True,False,True,0.19915322671501698,0.19915322671501698
write_pair_reference_own_b384,1strowrightgirl3540,3441,0,0,2,True,False,True,0.4792602220733223,0.4792602220733223
write_pair_reference_own_b384,1strowrightgirl3540,3442,0,0,2,True,False,True,0.38686948901944596,0.38686948901944596
write_pair_reference_own_b384,1strowrightgirl3540,3443,0,0,2,True,False,True,0.2880463489284398,0.2880463489284398
write_pair_reference_own_b384,1strowrightgirl3540,3444,0,0,2,True,False,True,0.3695939760643834,0.3695939760643834
write_pair_reference_own_b384,1strowrightgirl3540,3450,0,0,2,True,False,True,0.3323783216553879,0.3323783216553879
write_pair_reference_own_b384,1strowrightgirl3540,3451,0,0,2,True,False,True,0.20767062374239212,0.20767062374239212
write_pair_reference_own_b384,1strowrightgirl3540,3458,0,0,2,True,False,True,0.04705722877459205,0.04705722877459205
write_pair_reference_own_b384,2girlup,22,0,0,0,False,False,True,0.5108773887149374,0.0
write_pair_reference_own_b384,2girlup,35,0,0,2,True,False,True,0.0,0.0
write_pair_reference_own_b384,2girlup,109,0,1,0,False,False,True,0.0,0.0
write_pair_reference_own_b384,2girlup,192,0,1,0,False,False,True,0.0,0.0
write_pair_reference_own_b384,2girlup,223,0,0,2,True,False,False,,
write_pair_reference_own_b384,3pinkleft,106,0,0,2,True,False,True,0.7934450431578572,0.7934450431578572
write_pair_reference_own_b384,3pinkleft,115,0,0,2,True,False,True,0.8171170627317578,0.8171170627317578
write_pair_reference_own_b384,3pinkleft,215,0,0,0,False,True,True,0.6638647645927893,0.6638647645927893
write_pair_reference_own_b384,3pinkleft,225,0,0,2,True,False,True,0.43633073933263306,0.43633073933263306
write_pair_reference_own_b384,3rdfatboy,54,0,0,2,True,False,True,0.6313548778328008,0.6313548778328008
write_pair_reference_own_b384,3rdfatboy,63,0,0,2,True,False,True,0.7761601745023861,0.7761601745023861
write_pair_reference_own_b384,3rdfatboy,72,0,0,2,True,False,True,0.8300257718755609,0.8300257718755609
write_pair_reference_own_b384,3rdfatboy,73,0,0,2,True,False,True,0.20242850498043205,0.20242850498043205
write_pair_reference_own_b384,3rdfatboy,75,0,0,2,True,False,True,0.0,0.0
write_pair_reference_own_b384,3rdfatboy,78,0,0,0,False,False,True,0.0,0.9385220050428084
write_pair_reference_own_b384,3rdfatboy,84,0,0,2,True,False,True,0.2502175747255774,0.2502175747255774
write_pair_reference_own_b384,3rdfatboy,87,0,0,2,True,False,True,0.7565564703923997,0.7565564703923997
write_pair_reference_own_b384,3rdfatboy,128,0,0,2,True,False,True,0.9125710024139014,0.9125710024139014
write_pair_reference_own_b384,3rdfatboy,137,0,0,2,True,False,True,0.884701383391293,0.884701383391293
write_pair_reference_own_b384,3rdgrouplastboy,605,0,1,2,True,False,True,0.697931928369983,0.697931928369983
write_pair_reference_own_b384,3rdgrouplastboy,614,0,0,0,False,False,True,0.4242087906366513,0.0
write_pair_reference_own_b384,3rdgrouplastboy,650,0,0,2,True,False,True,0.0,0.0
write_pair_reference_own_b384,3rdgrouplastboy,653,0,0,2,True,False,True,0.0,0.0
write_pair_reference_own_b384,3rdgrouplastboy,655,0,0,2,True,False,True,0.0,0.0
write_pair_reference_own_b384,3rdgrouplastboy,662,0,1,0,False,False,True,0.0,0.0
write_pair_reference_own_b384,3rdgrouplastboy,670,0,0,2,True,False,True,0.0,0.0
write_pair_reference_own_b384,3rdgrouplastboy,674,0,1,2,True,False,True,0.0,0.0
write_pair_reference_own_b384,3rdgrouplastboy,675,0,1,2,True,False,True,0.0,0.0
write_pair_reference_own_b384,3rdgrouplastboy,700,0,0,2,True,False,True,0.0,0.0
write_pair_reference_own_b384,3rdgrouplastboy,701,0,0,2,True,False,True,0.0,0.0
write_pair_reference_own_b384,3rdgrouplastboy,702,0,0,2,True,False,True,0.0,0.0
write_pair_reference_own_b384,3rdgrouplastboy,703,0,1,2,True,False,True,0.0,0.0
write_pair_reference_own_b384,3rdgrouplastboy,706,0,0,2,True,False,True,0.0,0.0
write_pair_reference_own_b384,3rdgrouplastboy,718,0,1,2,True,False,True,0.0,0.0
write_pair_reference_own_b384,3rdgrouplastboy,721,0,0,2,True,False,True,0.0,0.0
write_pair_reference_own_b384,3rdgrouplastboy,722,0,0,2,True,False,True,0.0,0.0
write_pair_reference_own_b384,3rdgrouplastboy,749,0,0,2,True,False,True,0.0,0.0
write_pair_reference_own_b384,3rdgrouplastboy,750,0,0,2,True,False,True,0.0,0.0
write_pair_reference_own_b384,3rdgrouplastboy,754,0,0,2,True,False,True,0.0,0.0
write_pair_reference_own_b384,3rdgrouplastboy,761,0,0,2,True,False,True,0.0,0.0
write_pair_reference_own_b384,3rdgrouplastboy,762,0,1,2,True,False,True,0.0,0.0
write_pair_reference_own_b384,3rdgrouplastboy,809,0,0,2,True,False,True,0.2694577165798378,0.2694577165798378
write_pair_reference_own_b384,3rdgrouplastboy,813,0,0,2,True,False,True,0.10995312969883216,0.10995312969883216
write_pair_reference_own_b384,3rdgrouplastboy,821,0,0,2,True,False,True,0.0,0.0
write_pair_reference_own_b384,3rdgrouplastboy,831,0,0,2,True,False,True,0.06946442360078134,0.06946442360078134
write_pair_reference_own_b384,4thboywithwhite,24,0,0,2,True,False,True,0.7864686604834753,0.7864686604834753
write_pair_reference_own_b384,4thboywithwhite,64,0,0,2,True,False,True,0.0,0.0
write_pair_reference_own_b384,4thboywithwhite,68,0,0,2,True,False,True,0.0,0.0
write_pair_reference_own_b384,4thboywithwhite,70,0,0,2,True,False,True,0.0,0.0
write_pair_reference_own_b384,4thboywithwhite,83,0,0,2,True,False,True,0.6309318003695212,0.6309318003695212
write_pair_reference_own_b384,4thboywithwhite,85,0,0,2,True,False,True,0.6835535885314599,0.6835535885314599
write_pair_reference_own_b384,4thboywithwhite,86,0,0,2,True,False,True,0.5101533765443904,0.5101533765443904
write_pair_reference_own_b384,4thboywithwhite,93,0,0,2,True,False,True,0.8799223643156961,0.8799223643156961
write_pair_reference_own_b384,4thboywithwhite,110,0,2,2,True,False,True,0.0,0.0
write_pair_reference_own_b384,4thboywithwhite,202,0,0,2,True,False,True,0.665379650994448,0.665379650994448
write_pair_reference_own_b384,4thboywithwhite,203,0,0,2,True,False,True,0.6948793156425571,0.6948793156425571
write_pair_reference_own_b384,4thboywithwhite,212,0,0,2,True,False,True,0.0,0.0
write_pair_reference_own_b384,4thboywithwhite,213,0,0,2,True,False,True,0.02336624619995301,0.02336624619995301
write_pair_reference_own_b384,4thboywithwhite,216,0,0,2,True,False,True,0.12450406198297859,0.12450406198297859
write_pair_reference_own_b384,4thboywithwhite,312,0,0,2,True,False,True,0.7421702975542808,0.7421702975542808
write_pair_reference_own_b384,4thboywithwhite,314,0,0,2,True,False,True,0.815089844097404,0.815089844097404
write_pair_reference_own_b384,7rightorangegirl,83,0,0,0,False,True,True,0.9141781153392516,0.9141781153392516
write_pair_reference_own_b384,7rightorangegirl,173,0,0,2,True,False,True,0.6393171634898035,0.6393171634898035
write_pair_reference_own_b384,7rightorangegirl,251,0,0,2,True,False,True,0.0,0.0
write_pair_reference_own_b384,7rightorangegirl,271,0,0,2,True,False,True,0.0,0.0
write_pair_reference_own_b384,7rightorangegirl,282,0,0,2,True,False,True,0.0,0.0
write_pair_reference_own_b384,AQgirlwalkinrain,281,0,0,0,False,False,True,0.0,0.0
write_pair_reference_own_b384,AQgirlwalkinrain,307,0,0,0,False,False,True,0.0,0.636255845849408
write_pair_reference_own_b384,ab_bikeoccluded,5,0,0,0,False,True,True,0.9348884746112631,0.9348884746112631
write_pair_reference_own_b384,ab_bikeoccluded,89,0,0,0,False,True,True,0.8040878966096766,0.8040878966096766
write_pair_reference_own_b384,ab_blkskirtgirl,13,0,0,2,True,False,True,0.7980435267658142,0.7980435267658142
write_pair_reference_own_b384,ab_blkskirtgirl,20,0,0,2,True,False,True,0.21001783502610205,0.21001783502610205
write_pair_reference_own_b384,ab_blkskirtgirl,127,0,1,0,False,False,True,0.0,0.0
write_pair_reference_own_b384,ab_blkskirtgirl,140,0,1,0,False,False,True,0.0,0.0
write_pair_reference_own_b384,ab_blkskirtgirl,143,0,1,2,True,False,True,0.0,0.7118998723776083
write_pair_reference_own_b384,ab_blkskirtgirl,232,0,0,0,False,True,True,0.8887398843218864,0.8887398843218864
write_pair_reference_own_b384,ab_blkskirtgirl,235,0,0,0,False,True,True,0.8747297424628514,0.8747297424628514
write_pair_reference_own_b384,ab_blkskirtgirl,236,0,0,0,False,True,True,0.8073727901386482,0.8073727901386482
write_pair_reference_own_b384,ab_bolstershaking,125,0,0,2,True,False,True,0.35062216962455867,0.35062216962455867
write_pair_reference_own_b384,ab_bolstershaking,142,0,0,0,False,False,True,0.0,0.5800654140599005
write_pair_reference_own_b384,ab_bolstershaking,318,0,0,2,True,False,True,0.2438653347446373,0.2438653347446373
write_pair_reference_own_b384,ab_bolstershaking,319,0,0,2,True,False,True,0.18094794359003943,0.18094794359003943
write_pair_reference_own_b384,ab_bolstershaking,328,0,0,2,True,False,True,0.11498967448429005,0.11498967448429005
write_pair_reference_own_b384,ab_bolstershaking,544,0,0,2,True,False,True,0.41002663446024495,0.41002663446024495
write_pair_reference_own_b384,ab_bolstershaking,584,0,0,2,True,False,True,0.5929689270456653,0.5929689270456653
write_pair_reference_own_b384,ab_bolstershaking,713,0,0,2,True,False,True,0.732392713802017,0.732392713802017
write_pair_reference_own_b384,ab_bolstershaking,749,0,0,2,True,False,True,0.1789134590668381,0.1789134590668381
write_pair_reference_own_b384,ab_bolstershaking,770,0,0,0,False,True,True,0.06703439223647116,0.06703439223647116
write_pair_reference_own_b384,ab_bolstershaking,785,0,0,2,True,False,True,0.5143561498510955,0.5143561498510955
write_pair_reference_own_b384,ab_bolstershaking,786,0,0,2,True,False,True,0.4925319255057092,0.4925319255057092
write_pair_reference_own_b384,ab_bolstershaking,904,0,0,2,True,False,True,0.7003402006271541,0.7003402006271541
write_pair_reference_own_b384,ab_bolstershaking,1115,0,0,2,True,False,True,0.09543767873636792,0.09543767873636792
write_pair_reference_own_b384,ab_bolstershaking,1193,0,0,2,True,False,True,0.30942059350365847,0.30942059350365847
write_pair_reference_own_b384,ab_bolstershaking,1616,0,0,2,True,False,True,0.6555209832406801,0.6555209832406801
write_pair_reference_own_b384,ab_bolstershaking,1620,0,0,2,True,False,True,0.6821353071932967,0.6821353071932967
write_pair_reference_own_b384,ab_bolstershaking,1628,0,0,2,True,False,True,0.23620298054852376,0.23620298054852376
write_pair_reference_own_b384,ab_bolstershaking,1644,0,0,2,True,False,True,0.030777426917705228,0.030777426917705228
write_pair_reference_own_b384,ab_bolstershaking,1651,0,0,2,True,False,True,0.857926690281881,0.857926690281881
write_pair_reference_own_b384,ab_bolstershaking,1672,0,0,2,True,False,True,0.8493559735492144,0.8493559735492144
write_pair_reference_own_b384,ab_bolstershaking,1682,0,0,2,True,False,True,0.7470279866762721,0.7470279866762721
write_pair_reference_own_b384,ab_bolstershaking,1696,0,0,2,True,False,True,0.6100353864167104,0.6100353864167104
write_pair_reference_own_b384,ab_bolstershaking,1718,0,0,2,True,False,True,0.5251767930752462,0.5251767930752462
write_pair_reference_own_b384,ab_bolstershaking,1728,0,0,2,True,False,True,0.4933211014906956,0.4933211014906956
write_pair_reference_own_b384,ab_bolstershaking,2156,0,0,2,True,False,True,0.2564190006858658,0.2564190006858658
write_pair_reference_own_b384,ab_bolstershaking,2157,0,0,2,True,False,True,0.0572998830205752,0.0572998830205752
write_pair_reference_own_b384,ab_bolstershaking,2167,0,0,2,True,False,True,0.4372377138287466,0.4372377138287466
write_pair_reference_own_b384,ab_bolstershaking,2290,0,1,0,False,False,True,0.4074220925610752,0.0
write_pair_reference_own_b384,ab_bolstershaking,2292,0,0,2,True,False,True,0.3228260233287864,0.3228260233287864
write_pair_reference_own_b384,ab_bolstershaking,2340,0,1,0,False,False,True,0.3886062245391031,0.0
write_pair_reference_own_b384,ab_bolstershaking,2601,0,0,2,True,False,True,0.11795998534253968,0.11795998534253968
write_pair_reference_own_b384,ab_bolstershaking,2694,0,0,2,True,False,True,0.1803927111827878,0.1803927111827878
write_pair_reference_own_b384,ab_bolstershaking,2748,0,0,2,True,False,True,0.6880283070628014,0.6880283070628014
write_pair_reference_own_b384,ab_bolstershaking,2749,0,0,2,True,False,True,0.8024192190200172,0.8024192190200172
write_pair_reference_own_b384,ab_bolstershaking,2750,0,0,2,True,False,True,0.8589211815220235,0.8589211815220235
write_pair_reference_own_b384,ab_bolstershaking,2877,0,0,2,True,False,True,0.5548925123433385,0.5548925123433385
write_pair_reference_own_b384,ab_bolstershaking,2894,0,0,2,True,False,True,0.5582880584133599,0.5582880584133599
write_pair_reference_own_b384,ab_bolstershaking,2921,0,0,2,True,False,True,0.5727711233137492,0.5727711233137492
write_pair_reference_own_b384,ab_bolstershaking,2961,0,0,2,True,False,True,0.06630911657279694,0.06630911657279694
write_pair_reference_own_b384,ab_girlcrossroad,112,0,1,0,False,False,False,,
write_pair_reference_own_b384,ab_girlcrossroad,134,0,1,0,False,False,True,0.0,0.0
write_pair_reference_own_b384,ab_girlcrossroad,135,0,0,2,True,False,True,0.0,0.0
write_pair_reference_own_b384,ab_girlcrossroad,141,0,1,0,False,False,True,0.0,0.0
write_pair_reference_own_b384,ab_girlcrossroad,142,0,0,2,True,False,True,0.0,0.0
write_pair_reference_own_b384,ab_girlcrossroad,301,0,0,0,False,True,True,0.7089393774379307,0.7089393774379307
write_pair_reference_own_b384,ab_pingpongball2,10,0,1,0,False,False,True,0.0,0.519267297724251
write_pair_reference_own_b384,ab_pingpongball2,14,0,1,0,False,False,True,0.0,0.297601381025471
write_pair_reference_own_b384,ab_pingpongball2,48,0,3,0,False,False,True,0.0,0.0
write_pair_reference_own_b384,ab_pingpongball2,71,0,1,0,False,False,True,0.0,0.0
write_pair_reference_own_b384,ab_pingpongball2,75,0,1,0,False,False,True,0.0,0.0
write_pair_reference_own_b384,ab_pingpongball2,88,0,1,0,False,False,True,0.0,0.0
write_pair_reference_own_b384,ab_pingpongball2,91,0,2,0,False,False,True,0.0,0.0
write_pair_reference_own_b384,ab_pingpongball2,140,0,0,2,True,False,True,0.0,0.0
write_pair_reference_own_b384,ab_pingpongball2,142,0,0,2,True,False,True,0.10814625837142472,0.10814625837142472
write_pair_reference_own_b384,ab_pingpongball2,145,0,1,0,False,False,True,0.0,0.435771464141067
write_pair_reference_own_b384,ab_pingpongball2,152,0,0,2,True,False,True,0.0,0.0
write_pair_reference_own_b384,ab_pingpongball2,172,0,3,0,False,False,True,0.0,0.0
write_pair_reference_own_b384,ab_pingpongball2,192,0,1,0,False,False,True,0.0,0.0969774408615758
write_pair_reference_own_b384,ab_rightlowerredcup_quezhen,167,0,1,0,False,False,True,0.0,0.47161364002336836
write_pair_reference_own_b384,ab_rightlowerredcup_quezhen,338,0,0,2,True,False,True,0.30042863138210124,0.30042863138210124
write_pair_reference_own_b384,ab_rightlowerredcup_quezhen,563,0,0,2,True,False,True,0.0,0.0
write_pair_reference_own_b384,ab_rightlowerredcup_quezhen,710,0,0,2,True,False,True,0.5556922540712963,0.5556922540712963
write_pair_reference_own_b384,ab_rightlowerredcup_quezhen,733,0,0,2,True,False,True,0.0,0.0
write_pair_reference_own_b384,ab_rightlowerredcup_quezhen,738,0,0,2,True,False,True,0.36210205511994925,0.36210205511994925
write_pair_reference_own_b384,ab_rightlowerredcup_quezhen,795,0,0,2,True,False,True,0.5186722294714041,0.5186722294714041
write_pair_reference_own_b384,ab_rightlowerredcup_quezhen,808,0,0,2,True,False,True,0.28956900888012543,0.28956900888012543
write_pair_reference_own_b384,ab_rightlowerredcup_quezhen,812,0,0,2,True,False,True,0.7575774276432296,0.7575774276432296
write_pair_reference_own_b384,ab_rightlowerredcup_quezhen,813,0,0,2,True,False,True,0.5656682916165289,0.5656682916165289
write_pair_reference_own_b384,ab_rightlowerredcup_quezhen,969,0,0,0,False,False,True,0.0,0.03304738096836319
write_pair_reference_own_b384,ab_rightlowerredcup_quezhen,989,0,0,2,True,False,True,0.0,0.0
write_pair_reference_own_b384,ab_rightlowerredcup_quezhen,991,0,0,0,False,False,True,0.0,0.4303261502192988
write_pair_reference_own_b384,ab_rightlowerredcup_quezhen,1003,0,0,2,True,False,True,0.46416984845070897,0.46416984845070897
write_pair_reference_own_b384,ab_rightlowerredcup_quezhen,1016,0,1,0,False,False,True,0.0,0.6384553793418182
write_pair_reference_own_b384,ab_rightlowerredcup_quezhen,1205,0,0,2,True,False,True,0.0,0.0
write_pair_reference_own_b384,ab_rightlowerredcup_quezhen,1524,0,0,2,True,False,True,0.5678373542446276,0.5678373542446276
write_pair_reference_own_b384,ab_rightlowerredcup_quezhen,1596,0,0,2,True,False,True,0.0,0.0
write_pair_reference_own_b384,ab_whiteboywithbluebag,249,0,0,2,True,False,True,0.0,0.0
write_pair_reference_own_b384,ab_whiteboywithbluebag,294,0,0,2,True,False,True,0.0,0.0
write_pair_reference_own_b384,advancedredcup,1231,0,0,2,True,False,True,0.0,0.0
write_pair_reference_own_b384,advancedredcup,1233,0,0,2,True,False,True,0.0,0.0
write_pair_reference_own_b384,baggirl,21,0,0,0,False,True,True,0.9069718391897119,0.9069718391897119
write_pair_reference_own_b384,ballshootatthebasket3times,231,0,0,2,True,False,True,0.5966324033504198,0.5966324033504198
write_pair_reference_own_b384,ballshootatthebasket3times,288,0,0,2,True,False,True,0.5378888707268367,0.5378888707268367
write_pair_reference_own_b384,ballshootatthebasket3times,345,0,0,2,True,False,True,0.6751114273559287,0.6751114273559287
write_pair_reference_own_b384,ballshootatthebasket3times,402,0,1,0,False,False,False,,
write_pair_reference_own_b384,ballshootatthebasket3times,437,0,1,0,False,False,True,0.0,0.0
write_pair_reference_own_b384,ballshootatthebasket3times,446,0,0,0,False,False,True,0.0,0.0
write_pair_reference_own_b384,ballshootatthebasket3times,482,0,1,0,False,False,True,0.0,0.0
write_pair_reference_own_b384,ballshootatthebasket3times,517,0,0,2,True,False,True,0.0,0.0
write_pair_reference_own_b384,ballshootatthebasket3times,941,0,1,0,False,False,True,0.5266774402234086,0.0
write_pair_reference_own_b384,ballshootatthebasket3times,955,0,1,0,False,False,True,0.06120830832217222,0.0
write_pair_reference_own_b384,ballshootatthebasket3times,1170,0,1,0,False,False,True,0.0,0.2709089460429829
write_pair_reference_own_b384,ballshootatthebasket3times,1461,0,1,0,False,False,True,0.0,0.0
write_pair_reference_own_b384,ballshootatthebasket3times,1477,0,1,0,False,False,True,0.0,0.0
write_pair_reference_own_b384,ballshootatthebasket3times,1478,0,1,0,False,False,True,0.0,0.0
write_pair_reference_own_b384,basketball849,88,0,1,0,False,False,True,0.0,0.7752567728414766
write_pair_reference_own_b384,basketball849,282,0,1,0,False,False,True,0.0,0.0
write_pair_reference_own_b384,basketball849,326,0,1,0,False,False,True,0.0,0.8033936795691442
write_pair_reference_own_b384,basketball849,335,0,1,0,False,False,True,0.0,0.4285374349420372
write_pair_reference_own_b384,basketball849,529,0,1,0,False,False,True,0.0,0.649581940692979
write_pair_reference_own_b384,basketball849,549,0,0,0,False,False,True,0.0,0.42677138337538995
write_pair_reference_own_b384,basketball849,630,0,1,0,False,False,True,0.0,0.2882765250946566
write_pair_reference_own_b384,basketball849,743,0,2,0,False,False,True,0.0,0.0
write_pair_reference_own_b384,basketball849,811,0,0,2,True,False,True,0.0,0.0
write_pair_reference_own_b384,basketball849,832,0,0,0,False,True,True,0.0,0.6942444593577717
write_pair_reference_own_b384,basketballathand,14,0,0,0,False,False,True,0.0,0.0
write_pair_reference_own_b384,basketballathand,26,0,0,2,True,False,True,0.3070698314944778,0.3070698314944778
write_pair_reference_own_b384,basketballathand,46,0,0,2,True,False,True,0.4202891582374144,0.4202891582374144
write_pair_reference_own_b384,besom3,311,0,0,2,True,False,True,0.036355315080612974,0.036355315080612974
write_pair_reference_own_b384,bike2left,22,0,0,2,True,False,True,0.8095145097002412,0.8095145097002412
write_pair_reference_own_b384,bike2left,26,0,0,2,True,False,True,0.0,0.0
write_pair_reference_own_b384,bike2left,28,0,0,2,True,False,True,0.0,0.0
write_pair_reference_own_b384,bikeboyintodark,594,0,1,0,False,False,True,0.0,0.0
write_pair_reference_own_b384,bikeboyintodark,810,0,0,2,True,False,True,0.0,0.0
write_pair_reference_own_b384,bikeboyright,434,0,0,2,True,False,True,0.7483245969467317,0.7483245969467317
write_pair_reference_own_b384,bikeboyright,453,0,1,2,True,False,True,0.6146548334898082,0.6146548334898082
write_pair_reference_own_b384,bikeboyturntimes,34,0,0,0,False,True,True,0.8791966356228655,0.8791966356228655
write_pair_reference_own_b384,bikeboyturntimes,82,0,0,0,False,True,True,0.7986556489477596,0.7986556489477596
write_pair_reference_own_b384,bikeboyturntimes,83,0,0,0,False,True,True,0.8622613372471877,0.8622613372471877
write_pair_reference_own_b384,bikeboyturntimes,84,0,0,0,False,True,True,0.824936948905486,0.824936948905486
write_pair_reference_own_b384,bikeboyturntimes,86,0,0,0,False,True,True,0.8690315219265244,0.8690315219265244
write_pair_reference_own_b384,bikeboyturntimes,87,0,0,0,False,True,True,0.8715292219944158,0.8715292219944158
write_pair_reference_own_b384,bikeboyturntimes,88,0,0,0,False,True,True,0.8943068267407208,0.8943068267407208
write_pair_reference_own_b384,bikeboyturntimes,89,0,0,0,False,True,True,0.877646812401608,0.877646812401608
write_pair_reference_own_b384,bikeboyturntimes,90,0,0,0,False,True,True,0.8843005557085399,0.8843005557085399
write_pair_reference_own_b384,bikeboyturntimes,133,0,0,0,False,True,True,0.8762834187655266,0.8762834187655266
write_pair_reference_own_b384,bikeboyturntimes,134,0,0,0,False,True,True,0.9005138196005738,0.9005138196005738
write_pair_reference_own_b384,bikefromlight,121,0,0,2,True,False,True,0.7337239268627257,0.7337239268627257
write_pair_reference_own_b384,blackdown,11,0,0,2,True,False,True,0.7821349694611678,0.7821349694611678
write_pair_reference_own_b384,blackdown,61,0,4,0,False,False,True,0.0,0.0
write_pair_reference_own_b384,blackgirl,44,0,0,0,False,True,True,0.8808602510878629,0.8808602510878629
write_pair_reference_own_b384,blackgirl,45,0,0,0,False,True,True,0.8061946194973331,0.8061946194973331
write_pair_reference_own_b384,blackgirl,56,0,0,0,False,True,True,0.8485940402065847,0.8485940402065847
write_pair_reference_own_b384,blackgirl,66,0,0,0,False,True,True,0.8205233543674693,0.8205233543674693
write_pair_reference_own_b384,blkboy`shead,2122,0,0,2,True,False,True,0.033788170000160676,0.033788170000160676
write_pair_reference_own_b384,blkboy`shead,2235,0,0,0,False,False,True,0.732519129074677,0.0
write_pair_reference_own_b384,blkboy`shead,2665,0,0,0,False,False,True,0.0,0.6895661250935748
write_pair_reference_own_b384,blkboy`shead,2801,0,0,2,True,False,True,0.7419480203097821,0.7419480203097821
write_pair_reference_own_b384,blkboy`shead,2832,0,0,0,False,False,True,0.021249030798728703,0.9285367315589107
write_pair_reference_own_b384,blkboy`shead,2949,0,1,0,False,False,True,0.6779216753998955,0.0
write_pair_reference_own_b384,blkboy`shead,3038,0,0,2,True,False,True,0.0,0.0
write_pair_reference_own_b384,blkboy`shead,3042,0,0,2,True,False,True,0.0,0.0
write_pair_reference_own_b384,blkboy`shead,3047,0,0,2,True,False,True,0.0,0.0
write_pair_reference_own_b384,blkboy`shead,3157,0,0,2,True,False,True,0.7784192235297748,0.7784192235297748
write_pair_reference_own_b384,blkboy`shead,3836,0,0,0,False,False,True,0.0,0.8533899576524999
write_pair_reference_own_b384,blkboy`shead,3930,0,0,2,True,False,True,0.0,0.0
write_pair_reference_own_b384,blkboy`shead,4028,0,0,2,True,False,True,0.0,0.0
write_pair_reference_own_b384,blkboy`shead,4031,0,0,0,False,False,True,0.0,0.7510368923417658
write_pair_reference_own_b384,blkboy`shead,4828,0,0,2,True,False,True,0.0,0.0
write_pair_reference_own_b384,blkboy`shead,4830,0,0,2,True,False,True,0.0,0.4132372611319909
write_pair_reference_own_b384,blkboy`shead,5714,0,0,2,True,False,True,0.7332508752168135,0.7332508752168135
write_pair_reference_own_b384,blkboy`shead,5715,0,0,2,True,False,True,0.6876898305164696,0.6876898305164696
write_pair_reference_own_b384,blkboy`shead,5716,0,0,2,True,False,True,0.7338485898655532,0.7338485898655532
write_pair_reference_own_b384,blkboy`shead,5965,0,0,2,True,False,True,0.7703221508202576,0.7703221508202576
write_pair_reference_own_b384,blkboy`shead,5966,0,0,2,True,False,True,0.7633210471643902,0.7633210471643902
write_pair_reference_own_b384,blkboy`shead,5971,0,0,2,True,False,True,0.7718768563244993,0.7718768563244993
write_pair_reference_own_b384,blkboy`shead,6394,0,0,2,True,False,True,0.033821384476289046,0.033821384476289046
write_pair_reference_own_b384,blkboy`shead,6643,0,0,2,True,False,True,0.0,0.0
write_pair_reference_own_b384,blkboy`shead,7258,0,0,2,True,False,True,0.869873574959869,0.869873574959869
write_pair_reference_own_b384,blkboy`shead,7259,0,0,2,True,False,True,0.8177235153391493,0.8177235153391493
write_pair_reference_own_b384,blkboy`shead,7496,0,0,2,True,False,True,0.865411210996409,0.865411210996409
write_pair_reference_own_b384,blkboy`shead,7497,0,0,2,True,False,True,0.852673973391096,0.852673973391096
write_pair_reference_own_b384,blkboy`shead,7498,0,0,2,True,False,True,0.7831126057857959,0.7831126057857959
write_pair_reference_own_b384,blkboy`shead,7499,0,0,2,True,False,True,0.8015904438132255,0.8015904438132255
write_pair_reference_own_b384,blkboy`shead,7506,0,0,2,True,False,True,0.8980029466724753,0.8980029466724753
write_pair_reference_own_b384,blkboy`shead,7512,0,0,2,True,False,True,0.7929425426430143,0.7929425426430143
write_pair_reference_own_b384,blkboy`shead,7513,0,0,2,True,False,True,0.769619170930959,0.769619170930959
write_pair_reference_own_b384,blkboy`shead,7609,0,0,2,True,False,True,0.7595807058203745,0.7595807058203745
write_pair_reference_own_b384,blkboy`shead,9875,0,0,2,True,False,True,0.0,0.0
write_pair_reference_own_b384,blkboy`shead,9877,0,1,0,False,False,True,0.0,0.0
write_pair_reference_own_b384,blkboy`shead,9883,0,0,0,False,False,True,0.0,0.48780135779297784
write_pair_reference_own_b384,blkboy`shead,10076,0,0,2,True,False,True,0.7515270003218841,0.7515270003218841
write_pair_reference_own_b384,blkboy`shead,10078,0,0,2,True,False,True,0.67701161274224,0.67701161274224
write_pair_reference_own_b384,blkboy`shead,11099,0,0,2,True,False,True,0.7513350584037352,0.7513350584037352
write_pair_reference_own_b384,blkboy`shead,11132,0,0,2,True,False,True,0.0,0.0
write_pair_reference_own_b384,blkboy`shead,11208,0,0,0,False,False,True,0.0,0.7728267485811823
write_pair_reference_own_b384,blkboy`shead,11940,0,0,2,True,False,True,0.7893799350225995,0.7893799350225995
write_pair_reference_own_b384,blkboy`shead,11941,0,0,2,True,False,True,0.7861985846870355,0.7861985846870355
write_pair_reference_own_b384,blkboybetweenredandwhite,85,0,0,2,True,False,True,0.5844705325501662,0.5844705325501662
write_pair_reference_own_b384,blkboybetweenredandwhite,86,0,0,2,True,False,True,0.11835533061929754,0.11835533061929754
write_pair_reference_own_b384,blkboybetweenredandwhite,87,0,0,2,True,False,True,0.05787439245372953,0.05787439245372953
write_pair_reference_own_b384,blkboybetweenredandwhite,88,0,0,2,True,False,True,0.11447774399725075,0.11447774399725075
write_pair_reference_own_b384,blkboybetweenredandwhite,89,0,0,2,True,False,True,0.09636828782830194,0.09636828782830194
write_pair_reference_own_b384,blkboybetweenredandwhite,91,0,0,2,True,False,True,0.30888704274220435,0.30888704274220435
write_pair_reference_own_b384,blkboybetweenredandwhite,162,0,0,2,True,False,True,0.615047435020579,0.615047435020579
write_pair_reference_own_b384,blkboybetweenredandwhite,169,0,0,2,True,False,True,0.6898607921512308,0.6898607921512308
write_pair_reference_own_b384,blkboybetweenredandwhite,171,0,0,2,True,False,True,0.39385402101968425,0.39385402101968425
write_pair_reference_own_b384,blkboybetweenredandwhite,172,0,0,2,True,False,True,0.2695567771834091,0.2695567771834091
write_pair_reference_own_b384,blkboybetweenredandwhite,184,0,0,2,True,False,True,0.0,0.0
write_pair_reference_own_b384,blkboybetweenredandwhite,189,0,0,2,True,False,True,0.0,0.0
write_pair_reference_own_b384,blkboybetweenredandwhite,190,0,0,2,True,False,True,0.8429002780886574,0.8429002780886574
write_pair_reference_own_b384,blkboybetweenredandwhite,210,0,0,2,True,False,True,0.6656134375517588,0.6656134375517588
write_pair_reference_own_b384,blkboybetweenredandwhite,211,0,0,2,True,False,True,0.6664416090180172,0.6664416090180172
write_pair_reference_own_b384,blkboybetweenredandwhite,247,0,0,2,True,False,True,0.7210646284806405,0.7210646284806405
write_pair_reference_own_b384,blkboybetweenredandwhite,248,0,0,2,True,False,True,0.7070693153470388,0.7070693153470388
write_pair_reference_own_b384,blkboybetweenredandwhite,249,0,0,2,True,False,True,0.6914623133995687,0.6914623133995687
write_pair_reference_own_b384,blkboybetweenredandwhite,250,0,0,2,True,False,True,0.6650034775337544,0.6650034775337544
write_pair_reference_own_b384,blkboybetweenredandwhite,251,0,0,2,True,False,True,0.6267944199323952,0.6267944199323952
write_pair_reference_own_b384,blkboybetweenredandwhite,252,0,0,2,True,False,True,0.6015798380807287,0.6015798380807287
write_pair_reference_own_b384,blkboybetweenredandwhite,253,0,0,2,True,False,True,0.579868300326135,0.579868300326135
write_pair_reference_own_b384,blkboybetweenredandwhite,254,0,0,2,True,False,True,0.6813129166617317,0.6813129166617317
write_pair_reference_own_b384,blkboybetweenredandwhite,255,0,0,2,True,False,True,0.7490354221573509,0.7490354221573509
write_pair_reference_own_b384,blkboybetweenredandwhite,256,0,0,2,True,False,True,0.6005252141447432,0.6005252141447432
write_pair_reference_own_b384,blkboybetweenredandwhite,258,0,0,2,True,False,True,0.6275036995751027,0.6275036995751027
write_pair_reference_own_b384,blkboybetweenredandwhite,264,0,0,2,True,False,True,0.685389336391365,0.685389336391365
write_pair_reference_own_b384,blkboybetweenredandwhite,269,0,0,2,True,False,True,0.7659664309099048,0.7659664309099048
write_pair_reference_own_b384,blkboybetweenredandwhite,270,0,0,2,True,False,True,0.6719909564737064,0.6719909564737064
write_pair_reference_own_b384,blkboybetweenredandwhite,272,0,0,2,True,False,True,0.7516798410991418,0.7516798410991418
write_pair_reference_own_b384,blkboybetweenredandwhite,273,0,0,2,True,False,True,0.7060740896407695,0.7060740896407695
write_pair_reference_own_b384,blkboybetweenredandwhite,274,0,0,2,True,False,True,0.6955563922814904,0.6955563922814904
write_pair_reference_own_b384,blkboydown,28,0,0,2,True,False,True,0.8668320025717444,0.8668320025717444
write_pair_reference_own_b384,blkboyhead,124,0,0,0,False,False,True,0.08390623250684855,0.0
write_pair_reference_own_b384,blkboyhead,176,0,1,0,False,False,True,0.06011369631271547,0.0
write_pair_reference_own_b384,blkboyhead,179,0,1,0,False,False,True,0.0,0.004742808091884722
write_pair_reference_own_b384,blkboyhead,196,0,1,0,False,False,True,0.0,0.0
write_pair_reference_own_b384,blkboyhead,201,0,1,0,False,False,True,0.0,0.0
write_pair_reference_own_b384,blkboyhead,212,0,1,0,False,False,True,0.0,0.0
write_pair_reference_own_b384,blkboyhead,221,0,1,0,False,False,True,0.0,0.0
write_pair_reference_own_b384,blkboyhead,223,0,1,0,False,False,True,0.0,0.0
write_pair_reference_own_b384,blkboyhead,273,0,0,0,False,False,True,0.6018548772924461,0.0
write_pair_reference_own_b384,blkboyhead,283,0,1,0,False,False,True,0.0,0.0
write_pair_reference_own_b384,blkboyhead,448,0,0,0,False,False,True,0.0,0.5821653068576785
write_pair_reference_own_b384,blkboyhead,502,0,0,0,False,False,True,0.8757971897771267,0.0
write_pair_reference_own_b384,blkboyhead,503,0,0,2,True,False,True,0.0,0.0
write_pair_reference_own_b384,blkboylefttheNo_21,530,0,0,2,True,False,True,0.5010075549833043,0.5010075549833043
write_pair_reference_own_b384,blkboylefttheNo_21,538,0,0,2,True,False,True,0.0,0.0
write_pair_reference_own_b384,blkboylefttheNo_21,540,0,0,2,True,False,True,0.0,0.0
write_pair_reference_own_b384,blkboylefttheNo_21,541,0,0,2,True,False,True,0.0,0.0
write_pair_reference_own_b384,blkboylefttheNo_21,562,0,0,2,True,False,True,0.6718455520973595,0.6718455520973595
write_pair_reference_own_b384,blkboylefttheNo_21,563,0,0,2,True,False,True,0.030972011334522074,0.030972011334522074
write_pair_reference_own_b384,blkboylefttheNo_21,567,0,1,2,True,False,True,0.006751319383823061,0.006751319383823061
write_pair_reference_own_b384,blkboylefttheNo_21,569,0,0,2,True,False,True,0.0,0.0
write_pair_reference_own_b384,blkboylefttheNo_21,571,0,0,2,True,False,True,0.0,0.0
write_pair_reference_own_b384,blkboylefttheNo_21,858,0,0,2,True,False,True,0.0,0.0
write_pair_reference_own_b384,blkboylefttheNo_21,859,0,0,2,True,False,True,0.0,0.0
write_pair_reference_own_b384,blkboylefttheNo_21,863,0,0,2,True,False,True,0.0,0.0
write_pair_reference_own_b384,blkboylefttheNo_21,864,0,0,2,True,False,True,0.0,0.0
write_pair_reference_own_b384,blkboylefttheNo_21,871,0,0,2,True,False,True,0.0,0.0
write_pair_reference_own_b384,blkboylefttheNo_21,873,0,0,2,True,False,True,0.0,0.0
write_pair_reference_own_b384,blkboylefttheNo_21,877,0,0,2,True,False,True,0.0,0.0
write_pair_reference_own_b384,blkboylefttheNo_21,878,0,0,2,True,False,True,0.0,0.0
write_pair_reference_own_b384,blkboylefttheNo_21,932,0,0,2,True,False,True,0.0,0.0
write_pair_reference_own_b384,blkboylefttheNo_21,942,0,0,2,True,False,True,0.0,0.0
write_pair_reference_own_b384,blkboylefttheNo_21,943,0,0,2,True,False,True,0.0,0.0
write_pair_reference_own_b384,blkboylefttheNo_21,945,0,0,2,True,False,True,0.0,0.0
write_pair_reference_own_b384,blkboylefttheNo_21,946,0,0,2,True,False,True,0.0,0.0
write_pair_reference_own_b384,blkboylefttheNo_21,947,0,0,2,True,False,True,0.0,0.0
write_pair_reference_own_b384,blkboylefttheNo_21,949,0,2,2,True,False,True,0.0,0.0
write_pair_reference_own_b384,blkboylefttheNo_21,950,0,0,2,True,False,True,0.0,0.0
write_pair_reference_own_b384,blkboylefttheNo_21,951,0,0,2,True,False,True,0.0,0.0
write_pair_reference_own_b384,blkboylefttheNo_21,954,0,0,2,True,False,True,0.0,0.0
write_pair_reference_own_b384,blkboylefttheNo_21,955,0,0,2,True,False,True,0.0,0.0
write_pair_reference_own_b384,blkboylefttheNo_21,961,0,0,2,True,False,True,0.0,0.0
write_pair_reference_own_b384,blkboylefttheNo_21,962,0,0,2,True,False,True,0.0,0.0
write_pair_reference_own_b384,blkboylefttheNo_21,975,0,0,2,True,False,True,0.0,0.0
write_pair_reference_own_b384,blkboylefttheNo_21,1087,0,1,0,False,False,True,0.0,0.0
write_pair_reference_own_b384,blkboylefttheNo_21,1280,0,0,2,True,False,True,0.0,0.0
write_pair_reference_own_b384,blkboylefttheNo_21,1281,0,0,2,True,False,True,0.0,0.0
write_pair_reference_own_b384,blkboylefttheNo_21,1286,0,0,2,True,False,True,0.0,0.0
write_pair_reference_own_b384,blkboylefttheNo_21,1287,0,0,2,True,False,True,0.0,0.0
write_pair_reference_own_b384,blkboylefttheNo_21,1289,0,0,2,True,False,True,0.0,0.0
write_pair_reference_own_b384,blkboylefttheNo_21,1290,0,0,2,True,False,True,0.0,0.0
write_pair_reference_own_b384,blkboylefttheNo_21,1293,0,0,2,True,False,True,0.0,0.0
write_pair_reference_own_b384,blkboylefttheNo_21,1296,0,0,2,True,False,True,0.0,0.0
write_pair_reference_own_b384,blkboylefttheNo_21,1309,0,0,2,True,False,True,0.0,0.0
write_pair_reference_own_b384,blkboylefttheNo_21,1311,0,1,2,True,False,True,0.0,0.0
write_pair_reference_own_b384,blkboylefttheNo_21,1312,0,1,2,True,False,True,0.0,0.0
write_pair_reference_own_b384,blkboylefttheNo_21,1313,0,0,2,True,False,True,0.0,0.0
write_pair_reference_own_b384,blkboylefttheNo_21,1316,0,0,2,True,False,True,0.0,0.0
write_pair_reference_own_b384,blkboylefttheNo_21,1317,0,1,2,True,False,True,0.0,0.0
write_pair_reference_own_b384,blkboylefttheNo_21,1318,0,1,2,True,False,True,0.0,0.0
write_pair_reference_own_b384,blkboylefttheNo_21,1321,0,1,2,True,False,True,0.0,0.0
write_pair_reference_own_b384,blkboylefttheNo_21,1350,0,0,2,True,False,True,0.0,0.0
write_pair_reference_own_b384,blkboylefttheNo_21,1360,0,0,2,True,False,True,0.0,0.0
write_pair_reference_own_b384,blkboylefttheNo_21,1361,0,0,2,True,False,True,0.0,0.0
write_pair_reference_own_b384,blkboylefttheNo_21,1374,0,0,2,True,False,True,0.0,0.0
write_pair_reference_own_b384,blkboylefttheNo_21,1396,0,0,2,True,False,True,0.0,0.0
write_pair_reference_own_b384,blkboylefttheNo_21,1397,0,0,2,True,False,True,0.0,0.0
write_pair_reference_own_b384,blkboylefttheNo_21,1399,0,0,2,True,False,True,0.0,0.0
write_pair_reference_own_b384,blkboylefttheNo_21,1402,0,0,2,True,False,True,0.0,0.0
write_pair_reference_own_b384,blkboylefttheNo_21,1416,0,0,2,True,False,True,0.0,0.0
write_pair_reference_own_b384,blkboylefttheNo_21,1421,0,0,2,True,False,True,0.0,0.0
write_pair_reference_own_b384,blkboylefttheNo_21,1428,0,0,2,True,False,True,0.0,0.0
write_pair_reference_own_b384,blkboylefttheNo_21,1429,0,0,2,True,False,True,0.0,0.0
write_pair_reference_own_b384,blkboylefttheNo_21,1430,0,0,2,True,False,True,0.0,0.0
write_pair_reference_own_b384,blkboylefttheNo_21,1431,0,0,2,True,False,True,0.0,0.0
write_pair_reference_own_b384,blkboylefttheNo_21,1432,0,0,2,True,False,True,0.0,0.0
write_pair_reference_own_b384,blkboylefttheNo_21,1434,0,0,2,True,False,True,0.0,0.0
write_pair_reference_own_b384,blkboylefttheNo_21,1435,0,0,2,True,False,True,0.0,0.0
write_pair_reference_own_b384,blkboylefttheNo_21,1436,0,0,2,True,False,True,0.0,0.0
write_pair_reference_own_b384,blkboylefttheNo_21,1437,0,0,2,True,False,True,0.0,0.0
write_pair_reference_own_b384,blkboylefttheNo_21,1440,0,0,2,True,False,True,0.0,0.0
write_pair_reference_own_b384,blkboylefttheNo_21,1449,0,1,2,True,False,True,0.0,0.0
write_pair_reference_own_b384,blkboylefttheNo_21,1450,0,0,2,True,False,True,0.0832106157838548,0.0832106157838548
write_pair_reference_own_b384,blkboylefttheNo_21,1453,0,0,2,True,False,True,0.38872990879382274,0.38872990879382274
write_pair_reference_own_b384,blkboylefttheNo_21,1454,0,0,2,True,False,True,0.5490552462393946,0.5490552462393946
write_pair_reference_own_b384,blkboylefttheNo_21,1455,0,0,2,True,False,True,0.5013357388023505,0.5013357388023505
write_pair_reference_own_b384,blkboylefttheNo_21,1456,0,0,2,True,False,True,0.4645814723501536,0.4645814723501536
write_pair_reference_own_b384,blkboylefttheNo_21,1457,0,0,2,True,False,True,0.2580768168403315,0.2580768168403315
write_pair_reference_own_b384,blkboylefttheNo_21,1458,0,0,2,True,False,True,0.21748183899107967,0.21748183899107967
write_pair_reference_own_b384,blkboylefttheNo_21,1461,0,0,2,True,False,True,0.0,0.0
write_pair_reference_own_b384,blkboylefttheNo_21,1464,0,0,2,True,False,True,0.0,0.0
write_pair_reference_own_b384,blkboylefttheNo_21,1465,0,0,2,True,False,True,0.0,0.0
write_pair_reference_own_b384,blkboylefttheNo_21,1466,0,0,2,True,False,True,0.0,0.0
write_pair_reference_own_b384,blkboylefttheNo_21,1467,0,0,2,True,False,True,0.0,0.0
write_pair_reference_own_b384,blkboylefttheNo_21,1468,0,0,2,True,False,True,0.29853435954216,0.29853435954216
write_pair_reference_own_b384,blkboylefttheNo_21,1475,0,0,2,True,False,True,0.0,0.0
write_pair_reference_own_b384,blkboylefttheNo_21,1476,0,0,2,True,False,True,0.0,0.0
write_pair_reference_own_b384,blkboylefttheNo_21,1478,0,0,2,True,False,True,0.0,0.0
write_pair_reference_own_b384,blkboylefttheNo_21,1479,0,1,2,True,False,True,0.0,0.0
write_pair_reference_own_b384,blkboylefttheNo_21,1481,0,0,2,True,False,True,0.0,0.0
write_pair_reference_own_b384,blkboylefttheNo_21,1482,0,0,2,True,False,True,0.0,0.0
write_pair_reference_own_b384,blkboylefttheNo_21,1499,0,0,2,True,False,True,0.0,0.0
write_pair_reference_own_b384,blkboylefttheNo_21,1526,0,0,2,True,False,True,0.0,0.0
write_pair_reference_own_b384,blkboylefttheNo_21,1533,0,0,2,True,False,True,0.0,0.0
write_pair_reference_own_b384,blkboylefttheNo_21,1546,0,0,2,True,False,True,0.0,0.0
write_pair_reference_own_b384,blkboylefttheNo_21,1549,0,0,0,False,False,True,0.0,0.0
write_pair_reference_own_b384,blkboylefttheNo_21,1551,0,0,2,True,False,True,0.0,0.0
write_pair_reference_own_b384,blkboylefttheNo_21,1554,0,0,2,True,False,True,0.0,0.0
write_pair_reference_own_b384,blkboylefttheNo_21,1555,0,0,2,True,False,True,0.0,0.0
write_pair_reference_own_b384,blkboylefttheNo_21,1558,0,0,0,False,False,True,0.0,0.550531575365892
write_pair_reference_own_b384,blkboylefttheNo_21,1561,0,0,2,True,False,True,0.4635513282639575,0.4635513282639575
write_pair_reference_own_b384,blkboylefttheNo_21,1582,0,0,2,True,False,True,0.5379676020826336,0.5379676020826336
write_pair_reference_own_b384,blkboylefttheNo_21,1584,0,0,2,True,False,True,0.5294477958053934,0.5294477958053934
write_pair_reference_own_b384,blkboylefttheNo_21,1585,0,0,2,True,False,True,0.5201793209548674,0.5201793209548674
write_pair_reference_own_b384,blkboylefttheNo_21,1586,0,0,2,True,False,True,0.5053660979401507,0.5053660979401507
write_pair_reference_own_b384,blkboylefttheNo_21,1587,0,0,2,True,False,True,0.5359578689731815,0.5359578689731815
write_pair_reference_own_b384,blkboylefttheNo_21,1588,0,0,2,True,False,True,0.5694607977873462,0.5694607977873462
write_pair_reference_own_b384,blkboylefttheNo_21,1589,0,0,2,True,False,True,0.5741193155946586,0.5741193155946586
write_pair_reference_own_b384,blkboylefttheNo_21,1590,0,0,2,True,False,True,0.5629768490450073,0.5629768490450073
write_pair_reference_own_b384,blkboylefttheNo_21,1592,0,0,2,True,False,True,0.5986200409849219,0.5986200409849219
write_pair_reference_own_b384,blkboylefttheNo_21,1593,0,0,2,True,False,True,0.5649486712064374,0.5649486712064374
write_pair_reference_own_b384,blkboylefttheNo_21,1594,0,0,2,True,False,True,0.568573542116297,0.568573542116297
write_pair_reference_own_b384,blkboylefttheNo_21,1596,0,0,2,True,False,True,0.49812767500655697,0.49812767500655697
write_pair_reference_own_b384,blkboylefttheNo_21,1628,0,0,2,True,False,True,0.41198835272193823,0.41198835272193823
write_pair_reference_own_b384,blkboylefttheNo_21,1671,0,1,0,False,False,True,0.5078538966982862,0.0
write_pair_reference_own_b384,blkboylefttheNo_21,1673,0,1,2,True,False,True,0.0,0.0
write_pair_reference_own_b384,blkboylefttheNo_21,1674,0,0,2,True,False,True,0.0,0.0
write_pair_reference_own_b384,blkboylefttheNo_21,1675,0,0,2,True,False,True,0.0,0.0
write_pair_reference_own_b384,blkboylefttheNo_21,1677,0,0,2,True,False,True,0.0,0.0
write_pair_reference_own_b384,blkboylefttheNo_21,1685,0,0,2,True,False,True,0.0,0.0
write_pair_reference_own_b384,blkboylefttheNo_21,1686,0,0,2,True,False,True,0.0,0.0
write_pair_reference_own_b384,blkboylefttheNo_21,1687,0,0,2,True,False,True,0.0,0.0
write_pair_reference_own_b384,blkboylefttheNo_21,1688,0,0,2,True,False,True,0.0,0.0
write_pair_reference_own_b384,blkboylefttheNo_21,1690,0,0,2,True,False,True,0.0,0.0
write_pair_reference_own_b384,blkboylefttheNo_21,1691,0,0,2,True,False,True,0.0,0.0
write_pair_reference_own_b384,blkboylefttheNo_21,1692,0,0,2,True,False,True,0.0,0.0
write_pair_reference_own_b384,blkboylefttheNo_21,1693,0,0,2,True,False,True,0.0,0.0
write_pair_reference_own_b384,blkboylefttheNo_21,1694,0,0,2,True,False,True,0.0,0.0
write_pair_reference_own_b384,blkboylefttheNo_21,1695,0,0,2,True,False,True,0.0,0.0
write_pair_reference_own_b384,blkboylefttheNo_21,1696,0,0,2,True,False,True,0.0,0.0
write_pair_reference_own_b384,blkboylefttheNo_21,1697,0,0,2,True,False,True,0.0,0.0
write_pair_reference_own_b384,blkboylefttheNo_21,1705,0,0,2,True,False,True,0.0,0.0
write_pair_reference_own_b384,blkboylefttheNo_21,1790,0,0,2,True,False,True,0.18533284021469842,0.18533284021469842
write_pair_reference_own_b384,blkboylefttheNo_21,1793,0,0,2,True,False,True,0.2696267123388691,0.2696267123388691
write_pair_reference_own_b384,blkboylefttheNo_21,1795,0,0,2,True,False,True,0.2777540152217194,0.2777540152217194
write_pair_reference_own_b384,blkboylefttheNo_21,1797,0,0,2,True,False,True,0.10857973649123384,0.10857973649123384
write_pair_reference_own_b384,blkboylefttheNo_21,1812,0,1,2,True,False,True,0.053371146452903,0.053371146452903
write_pair_reference_own_b384,blkboylefttheNo_21,1846,0,1,2,True,False,True,0.007984860601743176,0.007984860601743176
write_pair_reference_own_b384,blkboylefttheNo_21,1847,0,0,2,True,False,True,0.0,0.0
write_pair_reference_own_b384,blkboylefttheNo_21,1869,0,0,2,True,False,True,0.0923276744865765,0.0923276744865765
write_pair_reference_own_b384,blkboylefttheNo_21,1870,0,0,2,True,False,True,0.09201188901938914,0.09201188901938914
write_pair_reference_own_b384,blkboylefttheNo_21,1872,0,0,2,True,False,True,0.40040504494409507,0.40040504494409507
write_pair_reference_own_b384,blkboylefttheNo_21,1880,0,0,2,True,False,True,0.04544980105109326,0.04544980105109326
write_pair_reference_own_b384,blkboylefttheNo_21,1881,0,0,2,True,False,True,0.12132099812316811,0.12132099812316811
write_pair_reference_own_b384,blkboylefttheNo_21,1882,0,0,2,True,False,True,0.5540566266303827,0.5540566266303827
write_pair_reference_own_b384,blkboylefttheNo_21,1883,0,0,2,True,False,True,0.4994584199348394,0.4994584199348394
write_pair_reference_own_b384,blkboylefttheNo_21,1884,0,0,2,True,False,True,0.3588468585510816,0.3588468585510816
write_pair_reference_own_b384,blkboylefttheNo_21,1939,0,0,2,True,False,True,0.44756929466786133,0.44756929466786133
write_pair_reference_own_b384,blkboylefttheNo_21,1940,0,0,2,True,False,True,0.5313927126350418,0.5313927126350418
write_pair_reference_own_b384,blkboylefttheNo_21,1941,0,0,2,True,False,True,0.5554375558196122,0.5554375558196122
write_pair_reference_own_b384,blkboylefttheNo_21,1945,0,0,2,True,False,True,0.5846600632345258,0.5846600632345258
write_pair_reference_own_b384,blkboylefttheNo_21,1969,0,0,2,True,False,True,0.27397584996914265,0.27397584996914265
write_pair_reference_own_b384,blkboylefttheNo_21,1970,0,0,2,True,False,True,0.7895498503726971,0.7895498503726971
write_pair_reference_own_b384,blkboylefttheNo_21,1993,0,0,2,True,False,True,0.712000030819738,0.712000030819738
write_pair_reference_own_b384,blkboylefttheNo_21,1994,0,0,2,True,False,True,0.6835883941392161,0.6835883941392161
write_pair_reference_own_b384,blkboylefttheNo_21,1998,0,0,2,True,False,True,0.6911790682843413,0.6911790682843413
write_pair_reference_own_b384,blkboylefttheNo_21,1999,0,0,2,True,False,True,0.7763377493909205,0.7763377493909205
write_pair_reference_own_b384,blkboylefttheNo_21,2000,0,0,2,True,False,True,0.8288184989716346,0.8288184989716346
write_pair_reference_own_b384,blkboylefttheNo_21,2001,0,0,2,True,False,True,0.7499927073151956,0.7499927073151956
write_pair_reference_own_b384,blkboylefttheNo_21,2139,0,0,2,True,False,True,0.6704906811332678,0.6704906811332678
write_pair_reference_own_b384,blkboylefttheNo_21,2161,0,0,2,True,False,True,0.7354777954929274,0.7354777954929274
write_pair_reference_own_b384,blkboylefttheNo_21,2165,0,0,2,True,False,True,0.5909502027430594,0.5909502027430594
write_pair_reference_own_b384,blkboylefttheNo_21,2167,0,0,2,True,False,True,0.6602318929738549,0.6602318929738549
write_pair_reference_own_b384,blkboylefttheNo_21,2169,0,0,2,True,False,True,0.5945020970478259,0.5945020970478259
write_pair_reference_own_b384,blkboylefttheNo_21,2170,0,0,2,True,False,True,0.5546583087573917,0.5546583087573917
write_pair_reference_own_b384,blkboylefttheNo_21,2172,0,0,2,True,False,True,0.62546400288638,0.62546400288638
write_pair_reference_own_b384,blkboylefttheNo_21,2173,0,0,2,True,False,True,0.6483227373014582,0.6483227373014582
write_pair_reference_own_b384,blkboylefttheNo_21,2175,0,0,2,True,False,True,0.5016358578228504,0.5016358578228504
write_pair_reference_own_b384,blkboylefttheNo_21,2176,0,0,2,True,False,True,0.524742484336826,0.524742484336826
write_pair_reference_own_b384,blkboylefttheNo_21,2178,0,0,2,True,False,True,0.11186220610081499,0.11186220610081499
write_pair_reference_own_b384,blkboylefttheNo_21,2183,0,0,2,True,False,True,0.5719994973601622,0.5719994973601622
write_pair_reference_own_b384,blkboylefttheNo_21,2191,0,0,2,True,False,True,0.5747615157045708,0.5747615157045708
write_pair_reference_own_b384,blkboylefttheNo_21,2197,0,0,2,True,False,True,0.6578211974449353,0.6578211974449353
write_pair_reference_own_b384,blkboylefttheNo_21,2201,0,0,2,True,False,True,0.8289937607825794,0.8289937607825794
write_pair_reference_own_b384,blkboylefttheNo_21,2206,0,0,2,True,False,True,0.3858321391415636,0.3858321391415636
write_pair_reference_own_b384,blkboylefttheNo_21,2207,0,0,2,True,False,True,0.4527608050669124,0.4527608050669124
write_pair_reference_own_b384,blkboylefttheNo_21,2208,0,0,2,True,False,True,0.49462768402931895,0.49462768402931895
write_pair_reference_own_b384,blkboylefttheNo_21,2217,0,0,2,True,False,True,0.5590881148587395,0.5590881148587395
write_pair_reference_own_b384,blkboylefttheNo_21,2218,0,0,2,True,False,True,0.4985980853054196,0.4985980853054196
write_pair_reference_own_b384,blkboylefttheNo_21,2219,0,0,2,True,False,True,0.26894978257300617,0.26894978257300617
write_pair_reference_own_b384,blkboylefttheNo_21,2220,0,0,2,True,False,True,0.1972738952188321,0.1972738952188321
write_pair_reference_own_b384,blkboylefttheNo_21,2221,0,0,2,True,False,True,0.21532036816422095,0.21532036816422095
write_pair_reference_own_b384,blkboylefttheNo_21,2222,0,0,2,True,False,True,0.6802474791894464,0.6802474791894464
write_pair_reference_own_b384,blkboylefttheNo_21,2223,0,0,2,True,False,True,0.9125865238221779,0.9125865238221779
write_pair_reference_own_b384,blkboylefttheNo_21,2226,0,0,2,True,False,True,0.7836354149258337,0.7836354149258337
write_pair_reference_own_b384,blkboylefttheNo_21,2228,0,0,2,True,False,True,0.7893548268836788,0.7893548268836788
write_pair_reference_own_b384,blkboylefttheNo_21,2250,0,0,2,True,False,True,0.6719611047841031,0.6719611047841031
write_pair_reference_own_b384,blkboylefttheNo_21,2260,0,0,2,True,False,True,0.7881573998015111,0.7881573998015111
write_pair_reference_own_b384,blkboylefttheNo_21,2281,0,0,2,True,False,True,0.7057648792776109,0.7057648792776109
write_pair_reference_own_b384,blkboylefttheNo_21,2282,0,0,2,True,False,True,0.678499622943973,0.678499622943973
write_pair_reference_own_b384,blkboylefttheNo_21,2283,0,1,2,True,False,True,0.6339189536010358,0.6339189536010358
write_pair_reference_own_b384,blkboylefttheNo_21,2309,0,0,2,True,False,True,0.7209201112065764,0.7209201112065764
write_pair_reference_own_b384,blkboylefttheNo_21,2326,0,0,2,True,False,True,0.7770329380205164,0.7770329380205164
write_pair_reference_own_b384,blkboylefttheNo_21,2328,0,0,2,True,False,True,0.6543368394459524,0.6543368394459524
write_pair_reference_own_b384,blkboylefttheNo_21,2329,0,0,2,True,False,True,0.820325550745939,0.820325550745939
write_pair_reference_own_b384,blkboylefttheNo_21,2331,0,1,2,True,False,True,0.7252688066971971,0.7252688066971971
write_pair_reference_own_b384,blkboylefttheNo_21,2332,0,0,0,False,False,True,0.672963614595245,0.0
write_pair_reference_own_b384,blkboylefttheNo_21,2339,0,0,2,True,False,True,0.0,0.0
write_pair_reference_own_b384,blkboylefttheNo_21,2390,0,0,2,True,False,True,0.7193616413372447,0.7193616413372447
write_pair_reference_own_b384,blkboylefttheNo_21,2391,0,0,2,True,False,True,0.3853233822635566,0.3853233822635566
write_pair_reference_own_b384,blkboylefttheNo_21,2392,0,0,2,True,False,True,0.4035633157712704,0.4035633157712704
write_pair_reference_own_b384,blkboylefttheNo_21,2411,0,1,2,True,False,True,0.7834574040928872,0.7834574040928872
write_pair_reference_own_b384,blkboylefttheNo_21,2412,0,1,2,True,False,True,0.7844073669542415,0.7844073669542415
write_pair_reference_own_b384,blkboylefttheNo_21,2413,0,0,2,True,False,True,0.774108025429835,0.774108025429835
write_pair_reference_own_b384,blkboylefttheNo_21,2414,0,0,2,True,False,True,0.7454267401097989,0.7454267401097989
write_pair_reference_own_b384,blkboylefttheNo_21,2415,0,0,2,True,False,True,0.7398883660521629,0.7398883660521629
write_pair_reference_own_b384,blkboylefttheNo_21,2416,0,0,2,True,False,True,0.7961811496100887,0.7961811496100887
write_pair_reference_own_b384,blkboylefttheNo_21,2418,0,0,2,True,False,True,0.7725251952806317,0.7725251952806317
write_pair_reference_own_b384,blkboylefttheNo_21,2419,0,1,2,True,False,True,0.7476622864509388,0.7476622864509388
write_pair_reference_own_b384,blkboylefttheNo_21,2420,0,0,2,True,False,True,0.7114617970583316,0.7114617970583316
write_pair_reference_own_b384,blkboylefttheNo_21,2421,0,0,2,True,False,True,0.6763458000255291,0.6763458000255291
write_pair_reference_own_b384,blkboylefttheNo_21,2422,0,0,2,True,False,True,0.713411869694736,0.713411869694736
write_pair_reference_own_b384,blkboylefttheNo_21,2423,0,0,2,True,False,True,0.7699257126442361,0.7699257126442361
write_pair_reference_own_b384,blkboylefttheNo_21,2426,0,0,2,True,False,True,0.7483272660526729,0.7483272660526729
write_pair_reference_own_b384,blkboylefttheNo_21,2427,0,0,2,True,False,True,0.6411682118202812,0.6411682118202812
write_pair_reference_own_b384,blkboylefttheNo_21,2482,0,0,2,True,False,True,0.750459433658097,0.750459433658097
write_pair_reference_own_b384,blkboylefttheNo_21,2483,0,0,2,True,False,True,0.6844330838452023,0.6844330838452023
write_pair_reference_own_b384,blkboylefttheNo_21,2484,0,0,2,True,False,True,0.8124760644291589,0.8124760644291589
write_pair_reference_own_b384,blkboylefttheNo_21,2506,0,0,2,True,False,True,0.5894624082138279,0.5894624082138279
write_pair_reference_own_b384,blkboylefttheNo_21,2517,0,1,2,True,False,True,0.0,0.0
write_pair_reference_own_b384,blkboylefttheNo_21,2518,0,1,2,True,False,True,0.0,0.0
write_pair_reference_own_b384,blkboylefttheNo_21,2526,0,0,2,True,False,True,0.7859516901795567,0.7859516901795567
write_pair_reference_own_b384,blkboylefttheNo_21,2624,0,0,2,True,False,True,0.742386924427163,0.742386924427163
write_pair_reference_own_b384,blkboylefttheNo_21,2625,0,0,2,True,False,True,0.5999163167326056,0.5999163167326056
write_pair_reference_own_b384,blkboylefttheNo_21,2628,0,0,2,True,False,True,0.6750645970496052,0.6750645970496052
write_pair_reference_own_b384,blkboylefttheNo_21,2639,0,0,2,True,False,True,0.0034032266139450242,0.0034032266139450242
write_pair_reference_own_b384,blkboylefttheNo_21,2640,0,0,2,True,False,True,0.0,0.0
write_pair_reference_own_b384,blkboylefttheNo_21,2645,0,1,2,True,False,True,0.0,0.0
write_pair_reference_own_b384,blkboylefttheNo_21,2646,0,0,2,True,False,True,0.0,0.0
write_pair_reference_own_b384,blkboylefttheNo_21,2648,0,0,0,False,False,True,0.0,0.0
write_pair_reference_own_b384,blkboylefttheNo_21,2656,0,0,2,True,False,True,0.0,0.0
write_pair_reference_own_b384,blkboylefttheNo_21,2661,0,0,2,True,False,True,0.0,0.0
write_pair_reference_own_b384,blkboylefttheNo_21,2663,0,0,2,True,False,True,0.0,0.0
write_pair_reference_own_b384,blkboylefttheNo_21,2665,0,0,2,True,False,True,0.0,0.0
write_pair_reference_own_b384,blkboylefttheNo_21,2669,0,0,2,True,False,True,0.0,0.0
write_pair_reference_own_b384,blkboylefttheNo_21,2673,0,0,2,True,False,True,0.0,0.0
write_pair_reference_own_b384,blkboylefttheNo_21,2674,0,0,2,True,False,True,0.0,0.0
write_pair_reference_own_b384,blkboylefttheNo_21,2701,0,0,2,True,False,True,0.0,0.0
write_pair_reference_own_b384,blkboylefttheNo_21,2708,0,0,2,True,False,True,0.0,0.0
write_pair_reference_own_b384,blkboylefttheNo_21,2710,0,0,2,True,False,True,0.0,0.0
write_pair_reference_own_b384,blkboylefttheNo_21,2712,0,0,2,True,False,True,0.0,0.0
write_pair_reference_own_b384,blkboylefttheNo_21,2713,0,0,2,True,False,True,0.0,0.0
write_pair_reference_own_b384,blkboylefttheNo_21,2714,0,0,2,True,False,True,0.0,0.0
write_pair_reference_own_b384,blkboylefttheNo_21,2719,0,0,2,True,False,True,0.1353502630336336,0.1353502630336336
write_pair_reference_own_b384,blkboylefttheNo_21,2723,0,0,2,True,False,True,0.0,0.0
write_pair_reference_own_b384,blkboylefttheNo_21,2726,0,0,2,True,False,True,0.0,0.0
write_pair_reference_own_b384,blkboylefttheNo_21,2736,0,0,2,True,False,True,0.07753603529652012,0.07753603529652012
write_pair_reference_own_b384,blkboylefttheNo_21,2738,0,0,2,True,False,True,0.0,0.0
write_pair_reference_own_b384,blkboylefttheNo_21,2747,0,0,2,True,False,True,0.9050246158259375,0.9050246158259375
write_pair_reference_own_b384,blkboylefttheNo_21,2748,0,0,2,True,False,True,0.5966771747920238,0.5966771747920238
write_pair_reference_own_b384,blkboylefttheNo_21,2752,0,0,2,True,False,True,0.6765901497684773,0.6765901497684773
write_pair_reference_own_b384,blkboylefttheNo_21,2756,0,0,2,True,False,True,0.776585263814089,0.776585263814089
write_pair_reference_own_b384,blkboylefttheNo_21,2757,0,0,2,True,False,True,0.5600608773975914,0.5600608773975914
write_pair_reference_own_b384,blkboylefttheNo_21,2771,0,1,2,True,False,True,0.0,0.0
write_pair_reference_own_b384,blkboylefttheNo_21,2772,0,0,2,True,False,True,0.0,0.0
write_pair_reference_own_b384,blkboylefttheNo_21,2773,0,1,0,False,False,True,0.0,0.0
write_pair_reference_own_b384,blkboylefttheNo_21,2780,0,0,2,True,False,True,0.0,0.0
write_pair_reference_own_b384,blkboylefttheNo_21,2785,0,0,2,True,False,True,0.0,0.0
write_pair_reference_own_b384,blkboylefttheNo_21,2786,0,1,2,True,False,True,0.0,0.0
write_pair_reference_own_b384,blkboylefttheNo_21,2794,0,0,2,True,False,True,0.0,0.0
write_pair_reference_own_b384,blkboylefttheNo_21,2809,0,0,2,True,False,True,0.0,0.0
write_pair_reference_own_b384,blkboylefttheNo_21,2810,0,0,2,True,False,True,0.0,0.0
write_pair_reference_own_b384,blkboylefttheNo_21,2815,0,0,2,True,False,True,0.0,0.0
write_pair_reference_own_b384,blkboylefttheNo_21,2816,0,0,2,True,False,True,0.0,0.0
write_pair_reference_own_b384,blkboylefttheNo_21,2817,0,0,2,True,False,True,0.0,0.0
write_pair_reference_own_b384,blkboylefttheNo_21,2818,0,0,2,True,False,True,0.0,0.0
write_pair_reference_own_b384,blkboylefttheNo_21,2819,0,0,2,True,False,True,0.0,0.0
write_pair_reference_own_b384,blkboylefttheNo_21,2829,0,0,2,True,False,True,0.0,0.0
write_pair_reference_own_b384,blkboylefttheNo_21,2830,0,0,2,True,False,True,0.0,0.0
write_pair_reference_own_b384,blkboylefttheNo_21,2835,0,0,2,True,False,True,0.0,0.0
write_pair_reference_own_b384,blkboylefttheNo_21,2837,0,0,2,True,False,True,0.0,0.0
write_pair_reference_own_b384,blkboylefttheNo_21,2838,0,0,2,True,False,True,0.0,0.0
write_pair_reference_own_b384,blkboylefttheNo_21,2839,0,0,2,True,False,True,0.0,0.0
write_pair_reference_own_b384,blkboylefttheNo_21,2840,0,0,2,True,False,True,0.0,0.0
write_pair_reference_own_b384,blkboylefttheNo_21,2841,0,0,2,True,False,True,0.0,0.0
write_pair_reference_own_b384,blkboylefttheNo_21,2842,0,0,2,True,False,True,0.0,0.0
write_pair_reference_own_b384,blkboylefttheNo_21,2844,0,0,2,True,False,True,0.0,0.0
write_pair_reference_own_b384,blkboylefttheNo_21,2845,0,0,2,True,False,True,0.0,0.0
write_pair_reference_own_b384,blkboylefttheNo_21,2846,0,0,2,True,False,True,0.0,0.0
write_pair_reference_own_b384,blkboylefttheNo_21,2847,0,0,2,True,False,True,0.0,0.0
write_pair_reference_own_b384,blkboylefttheNo_21,2848,0,0,2,True,False,True,0.0,0.0
write_pair_reference_own_b384,blkboylefttheNo_21,2852,0,0,2,True,False,True,0.0,0.0
write_pair_reference_own_b384,blkboylefttheNo_21,2871,0,0,2,True,False,True,0.0,0.0
write_pair_reference_own_b384,blkboylefttheNo_21,2876,0,0,2,True,False,True,0.0,0.0
write_pair_reference_own_b384,blkboylefttheNo_21,2878,0,0,2,True,False,True,0.0,0.0
write_pair_reference_own_b384,blkboylefttheNo_21,2880,0,0,2,True,False,True,0.0,0.0
write_pair_reference_own_b384,blkboylefttheNo_21,2881,0,0,2,True,False,True,0.0,0.0
write_pair_reference_own_b384,blkboylefttheNo_21,2882,0,0,2,True,False,True,0.0,0.0
write_pair_reference_own_b384,blkboylefttheNo_21,2886,0,0,2,True,False,True,0.0,0.0
write_pair_reference_own_b384,blkboylefttheNo_21,2906,0,0,2,True,False,True,0.0,0.0
write_pair_reference_own_b384,blkboylefttheNo_21,2923,0,0,2,True,False,True,0.0,0.0
write_pair_reference_own_b384,blkboylefttheNo_21,2924,0,0,2,True,False,True,0.0,0.0
write_pair_reference_own_b384,blkboylefttheNo_21,2925,0,0,2,True,False,True,0.0,0.0
write_pair_reference_own_b384,blkboylefttheNo_21,2937,0,0,2,True,False,True,0.0,0.0
write_pair_reference_own_b384,blkboylefttheNo_21,2958,0,0,2,True,False,True,0.0,0.0
write_pair_reference_own_b384,blkboylefttheNo_21,2960,0,1,2,True,False,True,0.0,0.0
write_pair_reference_own_b384,blkboylefttheNo_21,2963,0,1,2,True,False,True,0.0,0.0
write_pair_reference_own_b384,blkboylefttheNo_21,2971,0,0,2,True,False,True,0.0,0.0
write_pair_reference_own_b384,blkboylefttheNo_21,2972,0,0,2,True,False,True,0.0,0.0
write_pair_reference_own_b384,blkboylefttheNo_21,2976,0,0,2,True,False,True,0.0,0.0
write_pair_reference_own_b384,blkboylefttheNo_21,2977,0,0,2,True,False,True,0.0,0.0
write_pair_reference_own_b384,blkboylefttheNo_21,2979,0,0,2,True,False,True,0.0,0.0
write_pair_reference_own_b384,blkboylefttheNo_21,2980,0,0,2,True,False,True,0.0,0.0
write_pair_reference_own_b384,blkboylefttheNo_21,2983,0,0,2,True,False,True,0.0,0.0
write_pair_reference_own_b384,blkboylefttheNo_21,2985,0,0,2,True,False,True,0.0,0.0
write_pair_reference_own_b384,blkboylefttheNo_21,2986,0,0,2,True,False,True,0.0,0.0
write_pair_reference_own_b384,blkboylefttheNo_21,2987,0,0,2,True,False,True,0.0,0.0
write_pair_reference_own_b384,blkboylefttheNo_21,2992,0,0,2,True,False,True,0.0,0.0
write_pair_reference_own_b384,blkboylefttheNo_21,2994,0,0,2,True,False,True,0.0,0.0
write_pair_reference_own_b384,blkboylefttheNo_21,2995,0,0,2,True,False,True,0.0,0.0
write_pair_reference_own_b384,blkboylefttheNo_21,3008,0,0,0,False,False,True,0.0,0.0
write_pair_reference_own_b384,blkboylefttheNo_21,3010,0,0,2,True,False,True,0.022843925510182782,0.022843925510182782
write_pair_reference_own_b384,blkboylefttheNo_21,3014,0,0,2,True,False,True,0.12631746400114607,0.12631746400114607
write_pair_reference_own_b384,blkboylefttheNo_21,3015,0,0,2,True,False,True,0.08965693551012853,0.08965693551012853
write_pair_reference_own_b384,blkboylefttheNo_21,3018,0,0,2,True,False,True,0.017115032284195312,0.017115032284195312
write_pair_reference_own_b384,blkboylefttheNo_21,3024,0,0,2,True,False,True,0.0,0.0
write_pair_reference_own_b384,blkboylefttheNo_21,3026,0,0,2,True,False,True,0.0,0.0
write_pair_reference_own_b384,blkboylefttheNo_21,3062,0,0,2,True,False,True,0.7809565313828865,0.7809565313828865
write_pair_reference_own_b384,blkboylefttheNo_21,3066,0,0,2,True,False,True,0.7699735391645204,0.7699735391645204
write_pair_reference_own_b384,blkboylefttheNo_21,3069,0,0,2,True,False,True,0.7010828922227931,0.7010828922227931
write_pair_reference_own_b384,blkboylefttheNo_21,3075,0,0,2,True,False,True,0.6949235639904753,0.6949235639904753
write_pair_reference_own_b384,blkboylefttheNo_21,3076,0,0,2,True,False,True,0.6172991063109814,0.6172991063109814
write_pair_reference_own_b384,blkboylefttheNo_21,3088,0,0,2,True,False,True,0.11552922943265856,0.11552922943265856
write_pair_reference_own_b384,blkboylefttheNo_21,3089,0,0,2,True,False,True,0.757563268879728,0.757563268879728
write_pair_reference_own_b384,blkboylefttheNo_21,3095,0,0,2,True,False,True,0.6887191473519252,0.6887191473519252
write_pair_reference_own_b384,blkboylefttheNo_21,3097,0,0,2,True,False,True,0.46212248019037644,0.46212248019037644
write_pair_reference_own_b384,blkboylefttheNo_21,3099,0,0,2,True,False,True,0.3855045054973602,0.3855045054973602
write_pair_reference_own_b384,blkboylefttheNo_21,3100,0,0,2,True,False,True,0.6689690464807637,0.6689690464807637
write_pair_reference_own_b384,blkboylefttheNo_21,3101,0,0,2,True,False,True,0.6837663848163553,0.6837663848163553
write_pair_reference_own_b384,blkboylefttheNo_21,3102,0,0,2,True,False,True,0.804755275036948,0.804755275036948
write_pair_reference_own_b384,blkboylefttheNo_21,3103,0,0,2,True,False,True,0.7151435883701471,0.7151435883701471
write_pair_reference_own_b384,blkboylefttheNo_21,3105,0,0,2,True,False,True,0.5250567232960146,0.5250567232960146
write_pair_reference_own_b384,blkboylefttheNo_21,3106,0,0,2,True,False,True,0.44267581458403404,0.44267581458403404
write_pair_reference_own_b384,blkboylefttheNo_21,3107,0,1,2,True,False,True,0.5056470160245492,0.5056470160245492
write_pair_reference_own_b384,blkboylefttheNo_21,3111,0,1,2,True,False,True,0.46609695034319126,0.46609695034319126
write_pair_reference_own_b384,blkboylefttheNo_21,3114,0,0,2,True,False,True,0.0,0.0
write_pair_reference_own_b384,blkboylefttheNo_21,3117,0,0,2,True,False,True,0.0,0.0
write_pair_reference_own_b384,blkboylefttheNo_21,3121,0,0,2,True,False,True,0.0,0.0
write_pair_reference_own_b384,blkboylefttheNo_21,3122,0,0,2,True,False,True,0.0,0.0
write_pair_reference_own_b384,blkboylefttheNo_21,3141,0,0,2,True,False,True,0.42916846505775824,0.42916846505775824
write_pair_reference_own_b384,blkboylefttheNo_21,3146,0,0,2,True,False,True,0.6289154457920882,0.6289154457920882
write_pair_reference_own_b384,blkboylefttheNo_21,3147,0,0,2,True,False,True,0.6065637751509546,0.6065637751509546
write_pair_reference_own_b384,blkboylefttheNo_21,3148,0,0,2,True,False,True,0.5353691972697847,0.5353691972697847
write_pair_reference_own_b384,blkboylefttheNo_21,3150,0,0,2,True,False,True,0.6214151386637045,0.6214151386637045
write_pair_reference_own_b384,blkboylefttheNo_21,3151,0,0,2,True,False,True,0.5544581457806297,0.5544581457806297
write_pair_reference_own_b384,blkboylefttheNo_21,3152,0,0,2,True,False,True,0.5854335132706252,0.5854335132706252
write_pair_reference_own_b384,blkboylefttheNo_21,3158,0,0,2,True,False,True,0.7940484348086717,0.7940484348086717
write_pair_reference_own_b384,blkboylefttheNo_21,3163,0,0,2,True,False,True,0.05678978963578094,0.05678978963578094
write_pair_reference_own_b384,blkboylefttheNo_21,3164,0,0,2,True,False,True,0.14587738898918826,0.14587738898918826
write_pair_reference_own_b384,blkboylefttheNo_21,3165,0,0,2,True,False,True,0.24769209066801098,0.24769209066801098
write_pair_reference_own_b384,blkboylefttheNo_21,3168,0,0,2,True,False,True,0.0,0.0
write_pair_reference_own_b384,blkboylefttheNo_21,3170,0,0,2,True,False,True,0.0,0.0
write_pair_reference_own_b384,blkboylefttheNo_21,3171,0,0,2,True,False,True,0.057239946476914765,0.057239946476914765
write_pair_reference_own_b384,blkboylefttheNo_21,3172,0,1,2,True,False,True,0.0,0.0
write_pair_reference_own_b384,blkboylefttheNo_21,3173,0,0,2,True,False,True,0.15470005432864634,0.15470005432864634
write_pair_reference_own_b384,blkboylefttheNo_21,3174,0,0,2,True,False,True,0.6883032937774295,0.6883032937774295
write_pair_reference_own_b384,blkboylefttheNo_21,3175,0,0,2,True,False,True,0.6535119701518689,0.6535119701518689
write_pair_reference_own_b384,blkboylefttheNo_21,3178,0,0,2,True,False,True,0.6958475314337886,0.6958475314337886
write_pair_reference_own_b384,blkboylefttheNo_21,3200,0,0,2,True,False,True,0.7764720025603357,0.7764720025603357
write_pair_reference_own_b384,blkboylefttheNo_21,3201,0,0,2,True,False,True,0.7515370437316309,0.7515370437316309
write_pair_reference_own_b384,blkboylefttheNo_21,3203,0,0,2,True,False,True,0.7475608673443641,0.7475608673443641
write_pair_reference_own_b384,blkboylefttheNo_21,3206,0,0,2,True,False,True,0.7402316597526577,0.7402316597526577
write_pair_reference_own_b384,blkboylefttheNo_21,3207,0,0,2,True,False,True,0.7063954854154003,0.7063954854154003
write_pair_reference_own_b384,blkboylefttheNo_21,3211,0,0,2,True,False,True,0.6980827104705885,0.6980827104705885
write_pair_reference_own_b384,blkboylefttheNo_21,3769,0,0,2,True,False,True,0.5355421029557736,0.5355421029557736
write_pair_reference_own_b384,blkboylefttheNo_21,3771,0,0,2,True,False,True,0.6023259993739316,0.6023259993739316
write_pair_reference_own_b384,blkboylefttheNo_21,3772,0,0,2,True,False,True,0.6123838332530556,0.6123838332530556
write_pair_reference_own_b384,blkboylefttheNo_21,3787,0,0,2,True,False,True,0.6149377745944692,0.6149377745944692
write_pair_reference_own_b384,blkboylefttheNo_21,3788,0,0,2,True,False,True,0.6017236310604515,0.6017236310604515
write_pair_reference_own_b384,blkboylefttheNo_21,3789,0,0,2,True,False,True,0.5890510185908617,0.5890510185908617
write_pair_reference_own_b384,blkboylefttheNo_21,3790,0,0,2,True,False,True,0.17373297670612445,0.17373297670612445
write_pair_reference_own_b384,blkboylefttheNo_21,4011,0,0,2,True,False,True,0.0677162082242244,0.0677162082242244
write_pair_reference_own_b384,blkboylefttheNo_21,4013,0,0,2,True,False,True,0.348596645051617,0.348596645051617
write_pair_reference_own_b384,blkboylefttheNo_21,4031,0,1,2,True,False,True,0.25947128583419404,0.25947128583419404
write_pair_reference_own_b384,blkboylefttheNo_21,4034,0,0,2,True,False,True,0.40823992921097,0.40823992921097
write_pair_reference_own_b384,blkboylefttheNo_21,4045,0,0,2,True,False,True,0.0,0.0
write_pair_reference_own_b384,blkboylefttheNo_21,4046,0,0,2,True,False,True,0.0,0.0
write_pair_reference_own_b384,blkboylefttheNo_21,4049,0,0,2,True,False,True,0.0,0.0
write_pair_reference_own_b384,blkboylefttheNo_21,4052,0,0,2,True,False,True,0.0,0.0
write_pair_reference_own_b384,blkboylefttheNo_21,4053,0,0,2,True,False,True,0.0,0.0
write_pair_reference_own_b384,blkboylefttheNo_21,4057,0,0,2,True,False,True,0.0,0.0
write_pair_reference_own_b384,blkboylefttheNo_21,4059,0,0,2,True,False,True,0.0,0.0
write_pair_reference_own_b384,blkboylefttheNo_21,4093,0,0,2,True,False,True,0.0,0.0
write_pair_reference_own_b384,blkboylefttheNo_21,4114,0,0,2,True,False,True,0.0894184725189631,0.0894184725189631
write_pair_reference_own_b384,blkboylefttheNo_21,4115,0,0,2,True,False,True,0.1049463237124198,0.1049463237124198
write_pair_reference_own_b384,blkboylefttheNo_21,4120,0,0,2,True,False,True,0.20861990646696021,0.20861990646696021
write_pair_reference_own_b384,blkboylefttheNo_21,4189,0,0,2,True,False,True,0.4305601227769179,0.4305601227769179
write_pair_reference_own_b384,blkboylefttheNo_21,4190,0,0,2,True,False,True,0.45577008901998867,0.45577008901998867
write_pair_reference_own_b384,blkboylefttheNo_21,4191,0,0,2,True,False,True,0.5640656329279201,0.5640656329279201
write_pair_reference_own_b384,blkboylefttheNo_21,4194,0,0,2,True,False,True,0.4349171612497929,0.4349171612497929
write_pair_reference_own_b384,blkboylefttheNo_21,4204,0,0,2,True,False,True,0.3903555324690153,0.3903555324690153
write_pair_reference_own_b384,blkboylefttheNo_21,4205,0,0,2,True,False,True,0.531462459300058,0.531462459300058
write_pair_reference_own_b384,blkboylefttheNo_21,4222,0,0,2,True,False,True,0.7533165723910678,0.7533165723910678
write_pair_reference_own_b384,blkboylefttheNo_21,4224,0,0,2,True,False,True,0.6536461599534207,0.6536461599534207
write_pair_reference_own_b384,blkboylefttheNo_21,4226,0,0,2,True,False,True,0.7681582015987839,0.7681582015987839
write_pair_reference_own_b384,blkboylefttheNo_21,4230,0,0,2,True,False,True,0.8839412586808062,0.8839412586808062
write_pair_reference_own_b384,blkboylefttheNo_21,4243,0,0,2,True,False,True,0.0,0.0
write_pair_reference_own_b384,blkboylefttheNo_21,4244,0,0,2,True,False,True,0.0,0.0
write_pair_reference_own_b384,blkboylefttheNo_21,4245,0,0,2,True,False,True,0.0,0.0
write_pair_reference_own_b384,blkboylefttheNo_21,4248,0,0,2,True,False,True,0.0,0.0
write_pair_reference_own_b384,blkboylefttheNo_21,4249,0,0,2,True,False,True,0.0,0.0
write_pair_reference_own_b384,blkboylefttheNo_21,4250,0,0,2,True,False,True,0.9236617483612773,0.9236617483612773
write_pair_reference_own_b384,blkboylefttheNo_21,4252,0,0,2,True,False,True,0.8576171997612745,0.8576171997612745
write_pair_reference_own_b384,blkboylefttheNo_21,4253,0,0,2,True,False,True,0.8858219052717179,0.8858219052717179
write_pair_reference_own_b384,blkboylefttheNo_21,4254,0,0,2,True,False,True,0.890201114242244,0.890201114242244
write_pair_reference_own_b384,blkboylefttheNo_21,4255,0,0,2,True,False,True,0.944790950877057,0.944790950877057
write_pair_reference_own_b384,blkboylefttheNo_21,4256,0,0,2,True,False,True,0.8731996963673053,0.8731996963673053
write_pair_reference_own_b384,blkboylefttheNo_21,4257,0,0,2,True,False,True,0.8365287311625387,0.8365287311625387
write_pair_reference_own_b384,blkboylefttheNo_21,4258,0,0,2,True,False,True,0.8359955545176335,0.8359955545176335
write_pair_reference_own_b384,blkboylefttheNo_21,4259,0,0,2,True,False,True,0.8865529703326303,0.8865529703326303
write_pair_reference_own_b384,blkboylefttheNo_21,4272,0,1,2,True,False,True,0.10900360540806256,0.10900360540806256
write_pair_reference_own_b384,blkboylefttheNo_21,4273,0,1,2,True,False,True,0.16935007962032386,0.16935007962032386
write_pair_reference_own_b384,blkboylefttheNo_21,4276,0,1,2,True,False,True,0.31924256023530795,0.31924256023530795
write_pair_reference_own_b384,blkboylefttheNo_21,4277,0,1,2,True,False,True,0.3103646688695444,0.3103646688695444
write_pair_reference_own_b384,blkboylefttheNo_21,4296,0,0,2,True,False,True,0.0,0.0
write_pair_reference_own_b384,blkboylefttheNo_21,4300,0,0,2,True,False,True,0.0,0.0
write_pair_reference_own_b384,blkboylefttheNo_21,4302,0,0,2,True,False,True,0.08696610380559858,0.08696610380559858
write_pair_reference_own_b384,blkboylefttheNo_21,4304,0,0,2,True,False,True,0.1645209501899857,0.1645209501899857
write_pair_reference_own_b384,blkboylefttheNo_21,4305,0,0,2,True,False,True,0.062314522520338166,0.062314522520338166
write_pair_reference_own_b384,blkboylefttheNo_21,4306,0,0,2,True,False,True,0.3743030307723943,0.3743030307723943
write_pair_reference_own_b384,blkboylefttheNo_21,4345,0,0,2,True,False,True,0.2802829498415592,0.2802829498415592
write_pair_reference_own_b384,blkboylefttheNo_21,4346,0,0,2,True,False,True,0.6426047381738077,0.6426047381738077
write_pair_reference_own_b384,blkboylefttheNo_21,4349,0,0,2,True,False,True,0.2502868238058757,0.2502868238058757
write_pair_reference_own_b384,blkboylefttheNo_21,4351,0,0,2,True,False,True,0.8463051079614647,0.8463051079614647
write_pair_reference_own_b384,blkboylefttheNo_21,4352,0,0,2,True,False,True,0.7569143349946582,0.7569143349946582
write_pair_reference_own_b384,blkboylefttheNo_21,4353,0,0,2,True,False,True,0.8256738716746257,0.8256738716746257
write_pair_reference_own_b384,blkboylefttheNo_21,4354,0,0,2,True,False,True,0.7591739534962133,0.7591739534962133
write_pair_reference_own_b384,blkboylefttheNo_21,4358,0,0,2,True,False,True,0.12446764479385894,0.12446764479385894
write_pair_reference_own_b384,blkboylefttheNo_21,4360,0,0,2,True,False,True,0.10355317398113201,0.10355317398113201
write_pair_reference_own_b384,blkboylefttheNo_21,4364,0,0,2,True,False,True,0.57646343654514,0.57646343654514
write_pair_reference_own_b384,blkboylefttheNo_21,4705,0,0,2,True,False,True,0.0,0.0
write_pair_reference_own_b384,blkboylefttheNo_21,4707,0,0,2,True,False,True,0.0,0.0
write_pair_reference_own_b384,blkboylefttheNo_21,4711,0,1,2,True,False,True,0.0,0.0
write_pair_reference_own_b384,blkboylefttheNo_21,4712,0,0,2,True,False,True,0.0,0.0
write_pair_reference_own_b384,blkboylefttheNo_21,4726,0,0,2,True,False,True,0.0,0.0
write_pair_reference_own_b384,blkboylefttheNo_21,4727,0,0,2,True,False,True,0.0,0.0
write_pair_reference_own_b384,blkboylefttheNo_21,4810,0,0,2,True,False,True,0.06288665510533899,0.06288665510533899
write_pair_reference_own_b384,blkboylefttheNo_21,4811,0,0,2,True,False,True,0.43716982359277984,0.43716982359277984
write_pair_reference_own_b384,blkboylefttheNo_21,4812,0,0,2,True,False,True,0.4225608649441142,0.4225608649441142
write_pair_reference_own_b384,blkboylefttheNo_21,4813,0,0,2,True,False,True,0.34687672567917643,0.34687672567917643
write_pair_reference_own_b384,blkboylefttheNo_21,4816,0,0,2,True,False,True,0.051640203388456866,0.051640203388456866
write_pair_reference_own_b384,blkboylefttheNo_21,4817,0,0,2,True,False,True,0.0,0.0
write_pair_reference_own_b384,blkboylefttheNo_21,4825,0,0,2,True,False,True,0.0,0.0
write_pair_reference_own_b384,blkboylefttheNo_21,4831,0,0,2,True,False,True,0.0,0.0
write_pair_reference_own_b384,blkboylefttheNo_21,4841,0,0,2,True,False,True,0.0,0.0
write_pair_reference_own_b384,blkboylefttheNo_21,4843,0,0,2,True,False,True,0.0,0.0
write_pair_reference_own_b384,blkboylefttheNo_21,4844,0,0,2,True,False,True,0.0,0.0
write_pair_reference_own_b384,blkboylefttheNo_21,4847,0,0,2,True,False,True,0.0,0.0
write_pair_reference_own_b384,blkboylefttheNo_21,4848,0,0,2,True,False,True,0.0,0.0
write_pair_reference_own_b384,blkboylefttheNo_21,4850,0,0,2,True,False,True,0.0,0.0
write_pair_reference_own_b384,blkboylefttheNo_21,4853,0,0,2,True,False,True,0.0,0.0
write_pair_reference_own_b384,blkboylefttheNo_21,4859,0,0,2,True,False,True,0.0,0.0
write_pair_reference_own_b384,blkboylefttheNo_21,4866,0,0,2,True,False,True,0.0,0.0
write_pair_reference_own_b384,blkboylefttheNo_21,4867,0,0,2,True,False,True,0.0,0.0
write_pair_reference_own_b384,blkboylefttheNo_21,4869,0,0,2,True,False,True,0.0,0.0
write_pair_reference_own_b384,blkboylefttheNo_21,4924,0,1,0,False,False,True,0.0,0.0
write_pair_reference_own_b384,blkboylefttheNo_21,4926,0,0,2,True,False,True,0.0,0.0
write_pair_reference_own_b384,blkboylefttheNo_21,4927,0,0,2,True,False,True,0.0,0.0
write_pair_reference_own_b384,blkboylefttheNo_21,4929,0,0,2,True,False,True,0.0,0.0
write_pair_reference_own_b384,blkboylefttheNo_21,4934,0,0,2,True,False,True,0.0,0.0
write_pair_reference_own_b384,blkboylefttheNo_21,4935,0,0,2,True,False,True,0.0,0.0
write_pair_reference_own_b384,blkboylefttheNo_21,4942,0,0,2,True,False,True,0.0,0.0
write_pair_reference_own_b384,blkboylefttheNo_21,4943,0,0,2,True,False,True,0.0,0.0
write_pair_reference_own_b384,blkboylefttheNo_21,4945,0,0,2,True,False,True,0.0,0.0
write_pair_reference_own_b384,blkboylefttheNo_21,4955,0,0,2,True,False,True,0.0,0.0
write_pair_reference_own_b384,blkboylefttheNo_21,4985,0,0,2,True,False,True,0.0,0.0
write_pair_reference_own_b384,blkboylefttheNo_21,5000,0,0,2,True,False,True,0.0,0.0
write_pair_reference_own_b384,blkboylefttheNo_21,5005,0,0,2,True,False,True,0.0,0.0
write_pair_reference_own_b384,blkboylefttheNo_21,5007,0,0,2,True,False,True,0.0,0.0
write_pair_reference_own_b384,blkboylefttheNo_21,5014,0,0,2,True,False,True,0.0,0.0
write_pair_reference_own_b384,blkboylefttheNo_21,5015,0,0,2,True,False,True,0.0,0.0
write_pair_reference_own_b384,blkboylefttheNo_21,5023,0,0,2,True,False,True,0.0,0.0
write_pair_reference_own_b384,blkboylefttheNo_21,5044,0,0,2,True,False,True,0.0,0.0
write_pair_reference_own_b384,blkboylefttheNo_21,5048,0,0,2,True,False,True,0.0,0.0
write_pair_reference_own_b384,blkboylefttheNo_21,5050,0,0,2,True,False,True,0.0,0.0
write_pair_reference_own_b384,blkboylefttheNo_21,5051,0,1,2,True,False,True,0.0,0.0
write_pair_reference_own_b384,blkboylefttheNo_21,5095,0,0,2,True,False,True,0.5631222392914921,0.5631222392914921
write_pair_reference_own_b384,blkboylefttheNo_21,5104,0,0,2,True,False,True,0.3291278922369529,0.3291278922369529
write_pair_reference_own_b384,blkboylefttheNo_21,5106,0,0,2,True,False,True,0.216789865613326,0.216789865613326
write_pair_reference_own_b384,blkboylefttheNo_21,5109,0,0,2,True,False,True,0.054086525697115306,0.054086525697115306
write_pair_reference_own_b384,blkboylefttheNo_21,5111,0,0,2,True,False,True,0.0,0.0
write_pair_reference_own_b384,blkboylefttheNo_21,5130,0,0,2,True,False,True,0.0,0.0
write_pair_reference_own_b384,blkboylefttheNo_21,5131,0,0,2,True,False,True,0.0,0.0
write_pair_reference_own_b384,blkboylefttheNo_21,5143,0,0,2,True,False,True,0.0,0.0
write_pair_reference_own_b384,blkboylefttheNo_21,5144,0,0,2,True,False,True,0.0,0.0
write_pair_reference_own_b384,blkboylefttheNo_21,5145,0,0,2,True,False,True,0.0,0.0
write_pair_reference_own_b384,blkboylefttheNo_21,5146,0,0,2,True,False,True,0.0,0.0
write_pair_reference_own_b384,blkboylefttheNo_21,5214,0,0,2,True,False,True,0.0,0.0
write_pair_reference_own_b384,blkboylefttheNo_21,5215,0,0,2,True,False,True,0.0,0.0
write_pair_reference_own_b384,blkboylefttheNo_21,5216,0,0,2,True,False,True,0.0,0.0
write_pair_reference_own_b384,blkboylefttheNo_21,5217,0,0,2,True,False,True,0.0,0.0
write_pair_reference_own_b384,blkboylefttheNo_21,5218,0,0,2,True,False,True,0.0,0.0
write_pair_reference_own_b384,blkboylefttheNo_21,5236,0,1,2,True,False,True,0.0,0.0
write_pair_reference_own_b384,blkboylefttheNo_21,5237,0,0,2,True,False,True,0.4673720976005686,0.4673720976005686
write_pair_reference_own_b384,blkboylefttheNo_21,5238,0,0,2,True,False,True,0.8381737270235867,0.8381737270235867
write_pair_reference_own_b384,blkboylefttheNo_21,5244,0,0,2,True,False,True,0.0,0.0
write_pair_reference_own_b384,blkboylefttheNo_21,5257,0,0,2,True,False,True,0.09803502562526922,0.09803502562526922
write_pair_reference_own_b384,blkboylefttheNo_21,5277,0,0,2,True,False,True,0.02552467418176985,0.02552467418176985
write_pair_reference_own_b384,blkboylefttheNo_21,5278,0,0,2,True,False,True,0.0,0.0
write_pair_reference_own_b384,blkboylefttheNo_21,5281,0,0,2,True,False,True,0.010417751968815843,0.010417751968815843
write_pair_reference_own_b384,blkboylefttheNo_21,5462,0,0,2,True,False,True,0.583210620124903,0.583210620124903
write_pair_reference_own_b384,blkboylefttheNo_21,5464,0,0,2,True,False,True,0.6820636429966032,0.6820636429966032
write_pair_reference_own_b384,blkboylefttheNo_21,5470,0,0,2,True,False,True,0.6346349627516514,0.6346349627516514
write_pair_reference_own_b384,blkboylefttheNo_21,5473,0,0,2,True,False,True,0.6381846997787574,0.6381846997787574
write_pair_reference_own_b384,blkboylefttheNo_21,5519,0,0,2,True,False,True,0.5029307294824917,0.5029307294824917
write_pair_reference_own_b384,blkboylefttheNo_21,5521,0,0,2,True,False,True,0.5410845165672238,0.5410845165672238
write_pair_reference_own_b384,blkboylefttheNo_21,5522,0,0,2,True,False,True,0.6393374780059154,0.6393374780059154
write_pair_reference_own_b384,blkboylefttheNo_21,5529,0,0,2,True,False,True,0.08478809135686705,0.08478809135686705
write_pair_reference_own_b384,blkboylefttheNo_21,5530,0,0,2,True,False,True,0.09259345686237609,0.09259345686237609
write_pair_reference_own_b384,blkboylefttheNo_21,5532,0,0,2,True,False,True,0.046392218408154585,0.046392218408154585
write_pair_reference_own_b384,blkboylefttheNo_21,5533,0,0,2,True,False,True,0.08497064216079951,0.08497064216079951
write_pair_reference_own_b384,blkboylefttheNo_21,5539,0,0,2,True,False,True,0.48805120725884743,0.48805120725884743
write_pair_reference_own_b384,blkboylefttheNo_21,5567,0,0,2,True,False,True,0.3456077344816043,0.3456077344816043
write_pair_reference_own_b384,blkboylefttheNo_21,5570,0,0,2,True,False,True,0.41382159387403217,0.41382159387403217
write_pair_reference_own_b384,blkboylefttheNo_21,5573,0,0,2,True,False,True,0.2786236258830853,0.2786236258830853
write_pair_reference_own_b384,blkboylefttheNo_21,5574,0,0,2,True,False,True,0.28415484970786437,0.28415484970786437
write_pair_reference_own_b384,blkboylefttheNo_21,5576,0,0,2,True,False,True,0.3350262853195429,0.3350262853195429
write_pair_reference_own_b384,blkboylefttheNo_21,5588,0,0,2,True,False,True,0.25044210046920506,0.25044210046920506
write_pair_reference_own_b384,blkboylefttheNo_21,5596,0,0,2,True,False,True,0.25060034720515595,0.25060034720515595
write_pair_reference_own_b384,blkboylefttheNo_21,5615,0,0,2,True,False,True,0.6540041252256745,0.6540041252256745
write_pair_reference_own_b384,blkboylefttheNo_21,5616,0,0,2,True,False,True,0.5515663602101691,0.5515663602101691
write_pair_reference_own_b384,blkboylefttheNo_21,5618,0,0,2,True,False,True,0.4830273075085935,0.4830273075085935
write_pair_reference_own_b384,blkboylefttheNo_21,5619,0,0,2,True,False,True,0.46531233726831217,0.46531233726831217
write_pair_reference_own_b384,blkboylefttheNo_21,5620,0,0,2,True,False,True,0.7020996262418685,0.7020996262418685
write_pair_reference_own_b384,blkboylefttheNo_21,5628,0,0,2,True,False,True,0.552759460713678,0.552759460713678
write_pair_reference_own_b384,blkboylefttheNo_21,5649,0,0,2,True,False,True,0.48254054937473345,0.48254054937473345
write_pair_reference_own_b384,blkboylefttheNo_21,5650,0,0,2,True,False,True,0.5030586390600419,0.5030586390600419
write_pair_reference_own_b384,blkboylefttheNo_21,5655,0,0,2,True,False,True,0.30039944636120675,0.30039944636120675
write_pair_reference_own_b384,blkboylefttheNo_21,5656,0,0,2,True,False,True,0.7467944565020241,0.7467944565020241
write_pair_reference_own_b384,blkboylefttheNo_21,5680,0,0,2,True,False,True,0.59774903299366,0.59774903299366
write_pair_reference_own_b384,blkboylefttheNo_21,5682,0,0,2,True,False,True,0.7236073940034425,0.7236073940034425
write_pair_reference_own_b384,blkboylefttheNo_21,5776,0,0,2,True,False,True,0.0,0.0
write_pair_reference_own_b384,blkboylefttheNo_21,5777,0,1,2,True,False,True,0.0,0.0
write_pair_reference_own_b384,blkboylefttheNo_21,5778,0,0,2,True,False,True,0.0,0.0
write_pair_reference_own_b384,blkboylefttheNo_21,5779,0,0,2,True,False,True,0.0,0.0
write_pair_reference_own_b384,blkboylefttheNo_21,5780,0,0,2,True,False,True,0.0,0.0
write_pair_reference_own_b384,blkboylefttheNo_21,5781,0,0,2,True,False,True,0.0,0.0
write_pair_reference_own_b384,blkboylefttheNo_21,5801,0,0,2,True,False,True,0.0,0.0
write_pair_reference_own_b384,blkboylefttheNo_21,5802,0,0,2,True,False,True,0.0,0.0
write_pair_reference_own_b384,blkboylefttheNo_21,5806,0,0,2,True,False,True,0.0,0.0
write_pair_reference_own_b384,blkboylefttheNo_21,5809,0,0,2,True,False,True,0.0,0.0
write_pair_reference_own_b384,blkboylefttheNo_21,5837,0,0,2,True,False,True,0.0,0.0
write_pair_reference_own_b384,blkboylefttheNo_21,5838,0,0,2,True,False,True,0.0,0.0
write_pair_reference_own_b384,blkboylefttheNo_21,5850,0,0,2,True,False,True,0.0,0.0
write_pair_reference_own_b384,blkboylefttheNo_21,5853,0,0,2,True,False,True,0.0,0.0
write_pair_reference_own_b384,blkboylefttheNo_21,5856,0,0,2,True,False,True,0.0,0.0
write_pair_reference_own_b384,blkboylefttheNo_21,5857,0,0,2,True,False,True,0.0,0.0
write_pair_reference_own_b384,blkboylefttheNo_21,5858,0,0,2,True,False,True,0.0,0.0
write_pair_reference_own_b384,blkboylefttheNo_21,5859,0,0,2,True,False,True,0.0,0.0
write_pair_reference_own_b384,blkboylefttheNo_21,5860,0,0,2,True,False,True,0.0,0.0
write_pair_reference_own_b384,blkboylefttheNo_21,5861,0,0,2,True,False,True,0.0,0.0
write_pair_reference_own_b384,blkboylefttheNo_21,5862,0,0,2,True,False,True,0.0,0.0
write_pair_reference_own_b384,blkboylefttheNo_21,5863,0,0,2,True,False,True,0.0,0.0
write_pair_reference_own_b384,blkboylefttheNo_21,5864,0,0,2,True,False,True,0.0,0.0
write_pair_reference_own_b384,blkboylefttheNo_21,5866,0,0,2,True,False,True,0.0,0.0
write_pair_reference_own_b384,blkboylefttheNo_21,5867,0,0,2,True,False,True,0.0,0.0
write_pair_reference_own_b384,blkboylefttheNo_21,5868,0,0,2,True,False,True,0.0,0.0
write_pair_reference_own_b384,blkboylefttheNo_21,5870,0,0,2,True,False,True,0.0,0.0
write_pair_reference_own_b384,blkboylefttheNo_21,5871,0,0,2,True,False,True,0.0,0.0
write_pair_reference_own_b384,blkboylefttheNo_21,5874,0,0,2,True,False,True,0.0,0.0
write_pair_reference_own_b384,blkboylefttheNo_21,5875,0,0,2,True,False,True,0.0,0.0
write_pair_reference_own_b384,blkboylefttheNo_21,5876,0,0,2,True,False,True,0.0,0.0
write_pair_reference_own_b384,blkboylefttheNo_21,5882,0,0,2,True,False,True,0.0,0.0
write_pair_reference_own_b384,blkboylefttheNo_21,5883,0,0,2,True,False,True,0.0,0.0
write_pair_reference_own_b384,blkboylefttheNo_21,5884,0,0,2,True,False,True,0.0,0.0
write_pair_reference_own_b384,blkboylefttheNo_21,5886,0,0,2,True,False,True,0.0,0.0
write_pair_reference_own_b384,blkboylefttheNo_21,5887,0,0,2,True,False,True,0.0,0.0
write_pair_reference_own_b384,blkboylefttheNo_21,5888,0,0,2,True,False,True,0.0,0.4364425803972048
write_pair_reference_own_b384,blkboylefttheNo_21,5890,0,0,2,True,False,True,0.45866616295517393,0.45866616295517393
write_pair_reference_own_b384,blkboylefttheNo_21,5892,0,0,2,True,False,True,0.44321544632200227,0.44321544632200227
write_pair_reference_own_b384,blkboylefttheNo_21,5894,0,0,2,True,False,True,0.5158435591980851,0.5158435591980851
write_pair_reference_own_b384,blkboylefttheNo_21,5895,0,0,2,True,False,True,0.4152725146257371,0.4152725146257371
write_pair_reference_own_b384,blkboylefttheNo_21,5897,0,0,2,True,False,True,0.42917588882450736,0.42917588882450736
write_pair_reference_own_b384,blkboylefttheNo_21,5899,0,0,2,True,False,True,0.41093123227420164,0.41093123227420164
write_pair_reference_own_b384,blkboylefttheNo_21,5903,0,0,2,True,False,True,0.16375794267765056,0.16375794267765056
write_pair_reference_own_b384,blkboylefttheNo_21,5911,0,0,2,True,False,True,0.0,0.0
write_pair_reference_own_b384,blkboylefttheNo_21,5925,0,0,2,True,False,True,0.0,0.0
write_pair_reference_own_b384,blkboylefttheNo_21,5929,0,0,2,True,False,True,0.0,0.0
write_pair_reference_own_b384,blkboylefttheNo_21,5930,0,0,2,True,False,True,0.0,0.0
write_pair_reference_own_b384,blkboylefttheNo_21,5931,0,1,2,True,False,True,0.0,0.0
write_pair_reference_own_b384,blkboylefttheNo_21,5933,0,1,2,True,False,True,0.0,0.0
write_pair_reference_own_b384,blkboylefttheNo_21,5934,0,0,2,True,False,True,0.0,0.6872279036549122
write_pair_reference_own_b384,blkboylefttheNo_21,5964,0,0,2,True,False,True,0.633742180824688,0.633742180824688
write_pair_reference_own_b384,blkboylefttheNo_21,6258,0,0,2,True,False,True,0.3817591795234985,0.3817591795234985
write_pair_reference_own_b384,blkboylefttheNo_21,6287,0,0,2,True,False,True,0.03327174672734196,0.03327174672734196
write_pair_reference_own_b384,blkboylefttheNo_21,6295,0,0,2,True,False,True,0.015054801986560958,0.015054801986560958
write_pair_reference_own_b384,blkboylefttheNo_21,6318,0,1,0,False,False,True,0.0,0.44700960229975356
write_pair_reference_own_b384,blkboylefttheNo_21,6320,0,0,2,True,False,True,0.012774027944892503,0.012774027944892503
write_pair_reference_own_b384,blkboylefttheNo_21,6322,0,0,2,True,False,True,0.12255426186988676,0.12255426186988676
write_pair_reference_own_b384,blkboylefttheNo_21,6349,0,0,2,True,False,True,0.0,0.0
write_pair_reference_own_b384,blkboylefttheNo_21,6366,0,0,2,True,False,True,0.0,0.0
write_pair_reference_own_b384,blkboylefttheNo_21,6367,0,0,2,True,False,True,0.0,0.0
write_pair_reference_own_b384,blkboylefttheNo_21,6368,0,0,2,True,False,True,0.0,0.0
write_pair_reference_own_b384,blkboylefttheNo_21,6369,0,0,2,True,False,True,0.0,0.0
write_pair_reference_own_b384,blkboylefttheNo_21,6370,0,0,2,True,False,True,0.0,0.0
write_pair_reference_own_b384,blkboylefttheNo_21,6371,0,0,2,True,False,True,0.0,0.0
write_pair_reference_own_b384,blkboylefttheNo_21,6372,0,0,2,True,False,True,0.0,0.0
write_pair_reference_own_b384,blkboylefttheNo_21,6375,0,0,2,True,False,True,0.0,0.0
write_pair_reference_own_b384,blkboylefttheNo_21,6378,0,0,2,True,False,True,0.0,0.0
write_pair_reference_own_b384,blkboylefttheNo_21,6380,0,0,2,True,False,True,0.0,0.0
write_pair_reference_own_b384,blkboylefttheNo_21,6385,0,0,2,True,False,True,0.0,0.0
write_pair_reference_own_b384,blkboylefttheNo_21,6388,0,0,2,True,False,True,0.0,0.0
write_pair_reference_own_b384,blkboylefttheNo_21,6399,0,0,2,True,False,True,0.0,0.0
write_pair_reference_own_b384,blkboylefttheNo_21,6408,0,0,2,True,False,True,0.0,0.0
write_pair_reference_own_b384,blkboylefttheNo_21,6410,0,0,2,True,False,True,0.0,0.0
write_pair_reference_own_b384,blkboylefttheNo_21,6411,0,0,2,True,False,True,0.0,0.0
write_pair_reference_own_b384,blkboylefttheNo_21,6417,0,0,2,True,False,True,0.0,0.0
write_pair_reference_own_b384,blkboylefttheNo_21,6418,0,0,2,True,False,True,0.0,0.0
write_pair_reference_own_b384,blkboylefttheNo_21,6419,0,0,2,True,False,True,0.0,0.0
write_pair_reference_own_b384,blkboylefttheNo_21,6428,0,0,2,True,False,True,0.0,0.0
write_pair_reference_own_b384,blkboylefttheNo_21,6430,0,0,2,True,False,True,0.0,0.0
write_pair_reference_own_b384,blkboylefttheNo_21,6432,0,0,2,True,False,True,0.0,0.0
write_pair_reference_own_b384,blkboylefttheNo_21,6438,0,0,2,True,False,True,0.0,0.0
write_pair_reference_own_b384,blkboylefttheNo_21,6439,0,0,2,True,False,True,0.0,0.0
write_pair_reference_own_b384,blkboylefttheNo_21,6440,0,0,2,True,False,True,0.0,0.0
write_pair_reference_own_b384,blkboylefttheNo_21,6441,0,0,2,True,False,True,0.0,0.0
write_pair_reference_own_b384,blkboylefttheNo_21,6443,0,0,2,True,False,True,0.0,0.0
write_pair_reference_own_b384,blkboylefttheNo_21,6444,0,0,2,True,False,True,0.0,0.0
write_pair_reference_own_b384,blkboylefttheNo_21,6445,0,0,2,True,False,True,0.0,0.0
write_pair_reference_own_b384,blkboylefttheNo_21,6446,0,0,2,True,False,True,0.0,0.0
write_pair_reference_own_b384,blkboylefttheNo_21,6447,0,0,2,True,False,True,0.0,0.0
write_pair_reference_own_b384,blkboylefttheNo_21,6450,0,0,2,True,False,True,0.0,0.0
write_pair_reference_own_b384,blkboylefttheNo_21,6451,0,0,2,True,False,True,0.0,0.0
write_pair_reference_own_b384,blkboylefttheNo_21,6452,0,0,2,True,False,True,0.0,0.0
write_pair_reference_own_b384,blkboylefttheNo_21,6459,0,0,2,True,False,True,0.0,0.0
write_pair_reference_own_b384,blkboylefttheNo_21,6460,0,0,2,True,False,True,0.0,0.0
write_pair_reference_own_b384,blkboylefttheNo_21,6462,0,0,2,True,False,True,0.0,0.0
write_pair_reference_own_b384,blkboylefttheNo_21,6463,0,0,2,True,False,True,0.0,0.0
write_pair_reference_own_b384,blkboylefttheNo_21,6464,0,0,2,True,False,True,0.0,0.0
write_pair_reference_own_b384,blkboylefttheNo_21,6465,0,0,2,True,False,True,0.0,0.0
write_pair_reference_own_b384,blkboylefttheNo_21,6466,0,0,2,True,False,True,0.0,0.0
write_pair_reference_own_b384,blkboylefttheNo_21,6467,0,0,2,True,False,True,0.0,0.0
write_pair_reference_own_b384,blkboylefttheNo_21,6469,0,0,2,True,False,True,0.0,0.0
write_pair_reference_own_b384,blkboylefttheNo_21,6470,0,0,2,True,False,True,0.0,0.0
write_pair_reference_own_b384,blkboylefttheNo_21,6472,0,0,2,True,False,True,0.0,0.0
write_pair_reference_own_b384,blkboylefttheNo_21,6474,2,0,2,True,True,True,0.0,0.8903147202965372
write_pair_reference_own_b384,blkboylefttheNo_21,6479,0,0,2,True,False,True,0.6188555013686823,0.6188555013686823
write_pair_reference_own_b384,blkboylefttheNo_21,6483,0,0,2,True,False,True,0.5833354294092381,0.5833354294092381
write_pair_reference_own_b384,blkboylefttheNo_21,6484,0,0,2,True,False,True,0.25928778498405236,0.25928778498405236
write_pair_reference_own_b384,blkboylefttheNo_21,6485,0,0,2,True,False,True,0.46012463000839515,0.46012463000839515
write_pair_reference_own_b384,blkboylefttheNo_21,6486,0,0,2,True,False,True,0.5834663505262019,0.5834663505262019
write_pair_reference_own_b384,blkboylefttheNo_21,6490,0,0,2,True,False,True,0.5330160180827919,0.5330160180827919
write_pair_reference_own_b384,blkboylefttheNo_21,6494,0,0,2,True,False,True,0.19722372851180772,0.19722372851180772
write_pair_reference_own_b384,blkboylefttheNo_21,6495,0,0,2,True,False,True,0.18266375799509266,0.18266375799509266
write_pair_reference_own_b384,blkboylefttheNo_21,6496,0,0,2,True,False,True,0.17704312608679637,0.17704312608679637
write_pair_reference_own_b384,blkboylefttheNo_21,6497,0,0,2,True,False,True,0.14610714693778704,0.14610714693778704
write_pair_reference_own_b384,blkboylefttheNo_21,6498,0,0,2,True,False,True,0.18538570507993607,0.18538570507993607
write_pair_reference_own_b384,blkboylefttheNo_21,6500,0,0,2,True,False,True,0.2906067750863746,0.2906067750863746
write_pair_reference_own_b384,blkboylefttheNo_21,6506,0,0,2,True,False,True,0.6571521919036237,0.6571521919036237
write_pair_reference_own_b384,blkboylefttheNo_21,6513,0,0,2,True,False,True,0.0,0.0
write_pair_reference_own_b384,blkboylefttheNo_21,6526,0,0,2,True,False,True,0.0,0.0
write_pair_reference_own_b384,blkboylefttheNo_21,6531,0,0,2,True,False,True,0.0,0.0
write_pair_reference_own_b384,blkboylefttheNo_21,6536,0,0,2,True,False,True,0.0,0.0
write_pair_reference_own_b384,blkboylefttheNo_21,6537,0,2,2,True,False,True,0.0,0.0
write_pair_reference_own_b384,blkboylefttheNo_21,6538,0,1,2,True,False,True,0.0,0.0
write_pair_reference_own_b384,blkboylefttheNo_21,6544,0,1,2,True,False,True,0.0,0.0
write_pair_reference_own_b384,blkboylefttheNo_21,6545,0,1,2,True,False,True,0.0,0.0
write_pair_reference_own_b384,blkboylefttheNo_21,6546,0,1,2,True,False,True,0.0,0.0
write_pair_reference_own_b384,blkboylefttheNo_21,6563,0,0,2,True,False,True,0.2459080013338493,0.2459080013338493
write_pair_reference_own_b384,blkboylefttheNo_21,6593,0,0,2,True,False,True,0.7218025154605596,0.7218025154605596
write_pair_reference_own_b384,blkboylefttheNo_21,6727,0,0,2,True,False,True,0.8068848665163569,0.8068848665163569
write_pair_reference_own_b384,blkboylefttheNo_21,6870,0,1,0,False,False,False,,
write_pair_reference_own_b384,blkboylefttheNo_21,6874,0,0,2,True,False,False,,
write_pair_reference_own_b384,blkboylefttheNo_21,6926,0,0,2,True,False,True,0.0,0.0
write_pair_reference_own_b384,blkboylefttheNo_21,6929,0,1,2,True,False,True,0.0,0.0
write_pair_reference_own_b384,blkboylefttheNo_21,6931,0,1,2,True,False,True,0.0,0.0
write_pair_reference_own_b384,blkboylefttheNo_21,6942,0,0,2,True,False,True,0.0,0.0
write_pair_reference_own_b384,blkboylefttheNo_21,6980,0,0,0,False,False,True,0.0,0.0
write_pair_reference_own_b384,blkboylefttheNo_21,6982,0,0,2,True,False,True,0.0,0.0
write_pair_reference_own_b384,blkboystand,289,0,0,2,True,False,True,0.3036800690445701,0.3036800690445701
write_pair_reference_own_b384,blkboystand,293,0,0,2,True,False,True,0.0,0.0
write_pair_reference_own_b384,blkboystand,417,0,0,2,True,False,True,0.07184569432429613,0.07184569432429613
write_pair_reference_own_b384,blkboystand,418,0,0,2,True,False,True,0.1539241088511294,0.1539241088511294
write_pair_reference_own_b384,blkboystand,419,0,0,2,True,False,True,0.10732707166886615,0.10732707166886615
write_pair_reference_own_b384,blkboystand,422,0,0,2,True,False,True,0.1992285507322164,0.1992285507322164
write_pair_reference_own_b384,blkboystand,916,0,0,2,True,False,True,0.0,0.0
write_pair_reference_own_b384,blkboystand,919,0,0,2,True,False,True,0.0,0.0
write_pair_reference_own_b384,blkboystand,920,0,0,2,True,False,True,0.0,0.0
write_pair_reference_own_b384,blkboystand,954,0,0,2,True,False,True,0.0,0.0
write_pair_reference_own_b384,blkboystand,955,0,0,2,True,False,True,0.0,0.0
write_pair_reference_own_b384,blkboystand,957,0,0,2,True,False,True,0.0,0.0
write_pair_reference_own_b384,blkboystand,958,0,0,0,False,False,True,0.0,0.18710648695967194
write_pair_reference_own_b384,blkboystand,1137,0,0,2,True,False,True,0.0,0.0
write_pair_reference_own_b384,blkboystand,1138,0,0,2,True,False,True,0.0,0.0
write_pair_reference_own_b384,blkboystand,1147,0,0,2,True,False,True,0.0,0.0
write_pair_reference_own_b384,blkboystand,1184,0,0,2,True,False,True,0.0,0.0
write_pair_reference_own_b384,blkboystand,1206,0,0,2,True,False,True,0.005190583861735412,0.005190583861735412
write_pair_reference_own_b384,blkboystand,1207,0,0,2,True,False,True,0.004364450038435661,0.004364450038435661
write_pair_reference_own_b384,blkboystand,1208,0,0,2,True,False,True,0.0,0.0
write_pair_reference_own_b384,blkboystand,1211,0,0,2,True,False,True,0.0,0.0
write_pair_reference_own_b384,blkboystand,1212,0,0,2,True,False,True,0.0,0.0
write_pair_reference_own_b384,blkboystand,1213,0,0,2,True,False,True,0.0,0.0
write_pair_reference_own_b384,blkboystand,1214,0,0,2,True,False,True,0.0,0.0
write_pair_reference_own_b384,blkboystand,1215,0,0,2,True,False,True,0.0,0.0
write_pair_reference_own_b384,blkboystand,1219,0,0,2,True,False,True,0.0,0.0
write_pair_reference_own_b384,blkboystand,1221,0,0,2,True,False,True,0.0,0.0
write_pair_reference_own_b384,blkboystand,1222,0,0,2,True,False,True,0.007791148303871767,0.007791148303871767
write_pair_reference_own_b384,blkboystand,1225,0,0,2,True,False,True,0.0,0.0
write_pair_reference_own_b384,blkboystand,1227,0,0,2,True,False,True,0.0,0.0
write_pair_reference_own_b384,blkboystand,1230,0,0,2,True,False,True,0.0,0.0
write_pair_reference_own_b384,blkboystand,1232,0,0,2,True,False,True,0.008003695009537456,0.008003695009537456
write_pair_reference_own_b384,blkboystand,1236,0,0,2,True,False,True,0.0,0.0
write_pair_reference_own_b384,blkboystand,1237,0,0,2,True,False,True,0.0,0.0
write_pair_reference_own_b384,blkboystand,1240,0,0,2,True,False,True,0.0,0.0
write_pair_reference_own_b384,blkboystand,1249,0,0,2,True,False,True,0.0,0.0
write_pair_reference_own_b384,blkboystand,1253,0,0,2,True,False,True,0.0,0.0
write_pair_reference_own_b384,blkboystand,1258,0,0,2,True,False,True,0.0,0.0
write_pair_reference_own_b384,blkboystand,1260,0,0,2,True,False,True,0.0,0.0
write_pair_reference_own_b384,blkboystand,1263,0,0,2,True,False,True,0.0,0.0
write_pair_reference_own_b384,blkboystand,1267,0,0,2,True,False,True,0.0,0.0
write_pair_reference_own_b384,blkboystand,1270,0,0,2,True,False,True,0.0,0.0
write_pair_reference_own_b384,blkboystand,1273,0,0,2,True,False,True,0.0,0.0
write_pair_reference_own_b384,blkboystand,1274,0,0,2,True,False,True,0.00800782423093874,0.00800782423093874
write_pair_reference_own_b384,blkboystand,1275,0,0,2,True,False,True,0.018132657283806607,0.018132657283806607
write_pair_reference_own_b384,blkboystand,1276,0,0,2,True,False,True,0.0027488457472530335,0.0027488457472530335
write_pair_reference_own_b384,blkboystand,1278,0,0,2,True,False,True,0.0,0.0
write_pair_reference_own_b384,blkboystand,1280,0,0,2,True,False,True,0.017194854064639237,0.017194854064639237
write_pair_reference_own_b384,blkboystand,1282,0,0,2,True,False,True,0.0,0.0
write_pair_reference_own_b384,blkboystand,1284,0,0,2,True,False,True,0.006469676411862484,0.006469676411862484
write_pair_reference_own_b384,blkboystand,1285,0,0,2,True,False,True,0.0,0.0
write_pair_reference_own_b384,blkboystand,1286,0,0,2,True,False,True,0.007329410668896126,0.007329410668896126
write_pair_reference_own_b384,blkboystand,1287,0,0,2,True,False,True,0.0,0.0
write_pair_reference_own_b384,blkboystand,1289,0,0,2,True,False,True,0.0,0.0
write_pair_reference_own_b384,blkboystand,1291,0,0,2,True,False,True,0.0,0.0
write_pair_reference_own_b384,blkboystand,1300,0,0,2,True,False,True,0.0,0.0
write_pair_reference_own_b384,blkboystand,1301,0,0,2,True,False,True,0.0,0.0
write_pair_reference_own_b384,blkboystand,1307,0,0,2,True,False,True,0.0,0.0
write_pair_reference_own_b384,blkboystand,1309,0,0,2,True,False,True,0.0,0.0
write_pair_reference_own_b384,blkboystand,1312,0,0,2,True,False,True,0.0,0.0
write_pair_reference_own_b384,blkboystand,1319,0,0,2,True,False,True,0.0,0.0
write_pair_reference_own_b384,blkboystand,1323,0,0,2,True,False,True,0.006752221953396075,0.006752221953396075
write_pair_reference_own_b384,blkboystand,1333,0,0,2,True,False,True,0.0,0.0
write_pair_reference_own_b384,blkboystand,1335,0,0,2,True,False,True,0.0,0.0
write_pair_reference_own_b384,blkboystand,1336,0,0,2,True,False,True,0.0,0.0
write_pair_reference_own_b384,blkboystand,1346,0,0,2,True,False,True,0.0,0.0
write_pair_reference_own_b384,blkboystand,1348,0,0,2,True,False,True,0.0,0.0
write_pair_reference_own_b384,blkboystand,1354,0,0,2,True,False,True,0.0,0.0
write_pair_reference_own_b384,blkboystand,1356,0,0,2,True,False,True,0.0,0.0
write_pair_reference_own_b384,blkboystand,1358,0,0,2,True,False,True,0.0,0.0
write_pair_reference_own_b384,blkboystand,1360,0,0,2,True,False,True,0.0,0.0
write_pair_reference_own_b384,blkboystand,1361,0,0,2,True,False,True,0.0,0.0
write_pair_reference_own_b384,blkboystand,1367,0,0,2,True,False,True,0.0,0.0
write_pair_reference_own_b384,blkboystand,1368,0,0,2,True,False,True,0.0,0.0
write_pair_reference_own_b384,blkboystand,1369,0,0,2,True,False,True,0.0,0.0
write_pair_reference_own_b384,blkboystand,1370,0,0,2,True,False,True,0.0,0.0
write_pair_reference_own_b384,blkboystand,1371,0,0,2,True,False,True,0.0,0.0
write_pair_reference_own_b384,blkboystand,1372,0,0,2,True,False,True,0.0,0.0
write_pair_reference_own_b384,blkboystand,1379,0,0,2,True,False,True,0.0,0.0
write_pair_reference_own_b384,blkboystand,1381,0,0,2,True,False,True,0.0,0.0
write_pair_reference_own_b384,blkboystand,1387,0,0,2,True,False,True,0.0,0.0
write_pair_reference_own_b384,blkboystand,1388,0,0,2,True,False,True,0.0,0.0
write_pair_reference_own_b384,blkboystand,1394,0,0,2,True,False,True,0.0,0.0
write_pair_reference_own_b384,blkboystand,1403,0,0,2,True,False,True,0.0,0.0
write_pair_reference_own_b384,blkboystand,1409,0,0,2,True,False,True,0.0,0.0
write_pair_reference_own_b384,blkboystand,1411,0,0,2,True,False,True,0.0,0.0
write_pair_reference_own_b384,blkboystand,1412,0,0,2,True,False,True,0.0,0.0
write_pair_reference_own_b384,blkboystand,1413,0,0,2,True,False,True,0.0,0.0
write_pair_reference_own_b384,blkboystand,1414,0,0,2,True,False,True,0.0,0.0
write_pair_reference_own_b384,blkboystand,1416,0,0,2,True,False,True,0.0,0.0
write_pair_reference_own_b384,blkboystand,1420,0,0,2,True,False,True,0.0,0.0
write_pair_reference_own_b384,blkboystand,1421,0,0,2,True,False,True,0.0,0.0
write_pair_reference_own_b384,blkboystand,1423,0,0,2,True,False,True,0.0,0.0
write_pair_reference_own_b384,blkboystand,1430,0,0,2,True,False,True,0.0,0.0
write_pair_reference_own_b384,blkboystand,1431,0,0,2,True,False,True,0.0,0.0
write_pair_reference_own_b384,blkboystand,1432,0,0,2,True,False,True,0.0,0.0
write_pair_reference_own_b384,blkboystand,1435,0,0,2,True,False,True,0.0,0.0
write_pair_reference_own_b384,blkboytakesumbrella,28,0,0,0,False,True,True,0.926864613269067,0.926864613269067
write_pair_reference_own_b384,blkboytakesumbrella,257,0,0,0,False,True,True,0.7962945565676021,0.7962945565676021
write_pair_reference_own_b384,blkcaratfrontbluebus,487,0,1,0,False,False,True,0.0,0.19862176246090554
write_pair_reference_own_b384,blkcaratfrontbluebus,555,0,2,0,False,False,True,0.5800326106075584,0.0
write_pair_reference_own_b384,blkhairgirltakingblkbag,65,0,0,2,True,False,True,0.39210244862921406,0.39210244862921406
write_pair_reference_own_b384,blkhairgirltakingblkbag,67,0,0,2,True,False,True,0.5314680500504011,0.5314680500504011
write_pair_reference_own_b384,blkhairgirltakingblkbag,70,0,0,2,True,False,True,0.7228526881263986,0.7228526881263986
write_pair_reference_own_b384,blkhairgirltakingblkbag,95,0,0,2,True,False,True,0.8931442785255187,0.8931442785255187
write_pair_reference_own_b384,blkhairgirltakingblkbag,106,0,0,2,True,False,True,0.8834023100417416,0.8834023100417416
write_pair_reference_own_b384,blkhairgirltakingblkbag,304,0,0,0,False,False,True,0.6441893646385682,0.0
write_pair_reference_own_b384,blkhairgirltakingblkbag,386,0,0,2,True,False,True,0.023186805332176205,0.023186805332176205
write_pair_reference_own_b384,blkhairgirltakingblkbag,488,0,0,2,True,False,True,0.7548286623752392,0.7548286623752392
write_pair_reference_own_b384,blkhairgirltakingblkbag,563,0,0,0,False,False,True,0.0,0.0
write_pair_reference_own_b384,blueboy421,261,0,0,0,False,True,True,0.6925141995444501,0.6925141995444501
write_pair_reference_own_b384,bluegirlbiketurn,72,0,1,0,False,False,True,0.773877113028596,0.0
write_pair_reference_own_b384,bluegirlbiketurn,82,0,0,2,True,False,True,0.6754317677361623,0.6754317677361623
write_pair_reference_own_b384,bottlebetweenboy`sfeet,36,0,0,2,True,False,True,0.0,0.0
write_pair_reference_own_b384,bottlebetweenboy`sfeet,306,0,1,0,False,False,True,0.0,0.24299027931415623
write_pair_reference_own_b384,boy2basketballground,182,0,1,0,False,False,True,0.7471396081246795,0.0
write_pair_reference_own_b384,boy2buildings,394,0,0,0,False,True,True,0.810901225045166,0.810901225045166
write_pair_reference_own_b384,boy2buildings,1022,0,0,0,False,True,True,0.7536061324695691,0.7536061324695691
write_pair_reference_own_b384,boy2buildings,1153,0,0,2,True,False,True,0.7104083595342415,0.7104083595342415
write_pair_reference_own_b384,boy2buildings,1571,0,0,2,True,False,True,0.03476297408988139,0.03476297408988139
write_pair_reference_own_b384,boy2buildings,1572,0,0,2,True,False,True,0.0,0.0
write_pair_reference_own_b384,boy2buildings,1574,0,0,2,True,False,True,0.0,0.0
write_pair_reference_own_b384,boy2buildings,1577,2,1,2,True,False,True,0.0,0.14857606514147736
write_pair_reference_own_b384,boy2buildings,1578,0,0,2,True,False,True,0.22756063207406993,0.22756063207406993
write_pair_reference_own_b384,boy2buildings,1579,0,0,2,True,False,True,0.0,0.0
write_pair_reference_own_b384,boy2buildings,1671,0,2,0,False,False,True,0.6635610626778852,0.0
write_pair_reference_own_b384,boy2buildings,1677,0,0,2,True,False,True,0.0,0.0
write_pair_reference_own_b384,boy2buildings,1681,0,0,2,True,False,True,0.0,0.0
write_pair_reference_own_b384,boy2buildings,1684,0,0,2,True,False,True,0.0,0.0
write_pair_reference_own_b384,boy2buildings,1685,0,0,2,True,False,True,0.0,0.0
write_pair_reference_own_b384,boy2buildings,1687,0,0,2,True,False,True,0.0,0.0
write_pair_reference_own_b384,boy2buildings,1688,0,1,2,True,False,True,0.0,0.0
write_pair_reference_own_b384,boy2buildings,1689,0,0,2,True,False,True,0.0,0.0
write_pair_reference_own_b384,boy2buildings,1692,0,0,2,True,False,True,0.0,0.0
write_pair_reference_own_b384,boy2buildings,1697,0,0,2,True,False,True,0.0,0.0
write_pair_reference_own_b384,boy2buildings,1698,0,0,2,True,False,True,0.0,0.0
write_pair_reference_own_b384,boy2buildings,1699,0,1,0,False,False,True,0.0,0.0
write_pair_reference_own_b384,boy2buildings,1704,0,0,2,True,False,True,0.0,0.0
write_pair_reference_own_b384,boy2buildings,1714,0,0,2,True,False,True,0.0,0.0
write_pair_reference_own_b384,boy2buildings,1721,0,1,0,False,False,True,0.0,0.32756420150749505
write_pair_reference_own_b384,boy`headwithouthat,178,0,0,0,False,False,True,0.7147998404436493,0.0
write_pair_reference_own_b384,boy`headwithouthat,276,0,1,0,False,False,True,0.47877971085423576,0.0
write_pair_reference_own_b384,boy`headwithouthat,321,0,0,0,False,False,True,0.0,0.7625928249666484
write_pair_reference_own_b384,boy`headwithouthat,393,0,1,0,False,False,True,0.4833580099867417,0.0
write_pair_reference_own_b384,boy`headwithouthat,420,0,2,0,False,False,True,0.0,0.0
write_pair_reference_own_b384,boy`headwithouthat,507,0,1,0,False,False,True,0.6804293514375251,0.0
write_pair_reference_own_b384,boy`headwithouthat,653,0,0,0,False,False,True,0.7139920374595595,0.0
write_pair_reference_own_b384,boy`headwithouthat,763,0,1,0,False,False,True,0.7342656202303354,0.0
write_pair_reference_own_b384,boy`headwithouthat,783,0,1,0,False,False,True,0.0,0.0
write_pair_reference_own_b384,boy`sheadingreycol,60,0,0,0,False,False,True,0.408883105541449,0.0
write_pair_reference_own_b384,boy`sheadingreycol,61,0,0,0,False,False,True,0.0,0.0
write_pair_reference_own_b384,boy`sheadingreycol,64,0,0,2,True,False,True,0.0,0.0
write_pair_reference_own_b384,boy`sheadingreycol,81,0,0,2,True,False,True,0.0,0.0
write_pair_reference_own_b384,boy`sheadingreycol,91,0,0,2,True,False,True,0.14736945457182055,0.14736945457182055
write_pair_reference_own_b384,boy`sheadingreycol,158,0,0,2,True,False,True,0.005660047200531876,0.005660047200531876
write_pair_reference_own_b384,boy`sheadingreycol,167,0,0,2,True,False,True,0.25748403320535246,0.25748403320535246
write_pair_reference_own_b384,boy`sheadingreycol,168,0,0,2,True,False,True,0.5326363988664468,0.5326363988664468
write_pair_reference_own_b384,boy`sheadingreycol,171,0,0,2,True,False,True,0.3295049803682582,0.3295049803682582
write_pair_reference_own_b384,boy`sheadingreycol,183,0,0,2,True,False,True,0.5567017905574821,0.5567017905574821
write_pair_reference_own_b384,boy`sheadingreycol,230,0,0,2,True,False,True,0.27474867347486714,0.27474867347486714
write_pair_reference_own_b384,boy`sheadingreycol,236,0,0,0,False,False,True,0.7418043370196705,0.0
write_pair_reference_own_b384,boy`sheadingreycol,267,0,0,2,True,False,True,0.0,0.0
write_pair_reference_own_b384,boyaroundtrees,412,0,0,2,True,False,True,0.0,0.0
write_pair_reference_own_b384,boyaroundtrees,413,0,0,2,True,False,True,0.0,0.0
write_pair_reference_own_b384,boyaroundtrees,415,0,0,2,True,False,True,0.0,0.0
write_pair_reference_own_b384,boyaroundtrees,417,0,0,2,True,False,True,0.0,0.0
write_pair_reference_own_b384,boyaroundtrees,421,0,0,2,True,False,True,0.0,0.0
write_pair_reference_own_b384,boyaroundtrees,700,0,0,2,True,False,True,0.0,0.0
write_pair_reference_own_b384,boyaroundtrees,849,0,2,0,False,False,True,0.0,0.0
write_pair_reference_own_b384,boyaroundtrees,855,0,0,0,False,True,True,0.0,0.37677404792839303
write_pair_reference_own_b384,boyaroundtrees,960,0,0,2,True,False,True,0.8541012389045891,0.8541012389045891
write_pair_reference_own_b384,boyaroundtrees,1126,0,0,0,False,True,True,0.86095959270264,0.86095959270264
write_pair_reference_own_b384,boyaroundtrees,1132,0,0,0,False,True,True,0.9186392321108429,0.9186392321108429
write_pair_reference_own_b384,boyaroundtrees,1314,0,0,0,False,True,True,0.6743928434272374,0.6743928434272374
write_pair_reference_own_b384,boyaroundtrees,1707,0,1,0,False,False,True,0.0,0.0
write_pair_reference_own_b384,boyaroundtrees,1708,0,0,2,True,False,True,0.0,0.0
write_pair_reference_own_b384,boyaroundtrees,1811,0,0,2,True,False,True,0.0,0.0
write_pair_reference_own_b384,boyaroundtrees,1812,0,0,2,True,False,True,0.0,0.0
write_pair_reference_own_b384,boyaroundtrees,1815,0,0,2,True,False,True,0.0,0.0
write_pair_reference_own_b384,boyaroundtrees,1818,0,0,2,True,False,True,0.0,0.0
write_pair_reference_own_b384,boyaroundtrees,1895,0,1,0,False,False,True,0.0,0.0
write_pair_reference_own_b384,boyaroundtrees,1988,0,0,0,False,False,True,0.0,0.0
write_pair_reference_own_b384,boyaroundtrees,2207,0,0,0,False,True,True,0.85246893874016,0.85246893874016
write_pair_reference_own_b384,boyatdoorturnright,16,0,0,2,True,False,True,0.780085897283354,0.780085897283354
write_pair_reference_own_b384,boyatdoorturnright,17,0,0,2,True,False,True,0.9579825512635922,0.9579825512635922
write_pair_reference_own_b384,boyatdoorturnright,18,0,0,2,True,False,True,0.8751986545382446,0.8751986545382446
write_pair_reference_own_b384,boyatdoorturnright,20,0,0,2,True,False,True,0.575830301250225,0.575830301250225
write_pair_reference_own_b384,boyatdoorturnright,22,0,0,2,True,False,True,0.24832299654625337,0.24832299654625337
write_pair_reference_own_b384,boyatdoorturnright,23,0,0,2,True,False,True,0.15931852291215917,0.15931852291215917
write_pair_reference_own_b384,boyatdoorturnright,27,0,0,2,True,False,True,0.5800905787023716,0.5800905787023716
write_pair_reference_own_b384,boyatdoorturnright,28,0,0,2,True,False,True,0.393926508687558,0.393926508687558
write_pair_reference_own_b384,boyatdoorturnright,29,0,0,2,True,False,True,0.04741528551198359,0.04741528551198359
write_pair_reference_own_b384,boyatdoorturnright,30,0,0,2,True,False,True,0.0,0.0
write_pair_reference_own_b384,boyatdoorturnright,32,0,0,2,True,False,True,0.07541799462493891,0.07541799462493891
write_pair_reference_own_b384,boyatdoorturnright,34,0,0,2,True,False,True,0.0,0.0
write_pair_reference_own_b384,boyatdoorturnright,36,0,0,2,True,False,True,0.0,0.0
write_pair_reference_own_b384,boyatdoorturnright,40,0,0,2,True,False,True,0.22723977917741767,0.22723977917741767
write_pair_reference_own_b384,boyatdoorturnright,64,0,0,2,True,False,True,0.8451545333253375,0.8451545333253375
write_pair_reference_own_b384,boyatdoorturnright,78,0,0,2,True,False,True,0.0,0.0
write_pair_reference_own_b384,boyatdoorturnright,81,0,0,2,True,False,True,0.04031621029824343,0.04031621029824343
write_pair_reference_own_b384,boyatdoorturnright,83,0,0,2,True,False,True,0.0,0.0
write_pair_reference_own_b384,boyatdoorturnright,85,0,0,2,True,False,True,0.0,0.0
write_pair_reference_own_b384,boyatdoorturnright,87,0,0,2,True,False,True,0.0,0.0
write_pair_reference_own_b384,boyatdoorturnright,88,0,0,2,True,False,True,0.0,0.0
write_pair_reference_own_b384,boyatdoorturnright,89,0,0,2,True,False,True,0.0,0.0
write_pair_reference_own_b384,boyatdoorturnright,90,0,0,2,True,False,True,0.0,0.0
write_pair_reference_own_b384,boyatdoorturnright,92,0,1,2,True,False,True,0.0,0.0
write_pair_reference_own_b384,boyatdoorturnright,117,0,0,2,True,False,True,0.589358641394092,0.589358641394092
write_pair_reference_own_b384,boyatdoorturnright,134,0,0,2,True,False,True,0.4336406524262125,0.4336406524262125
write_pair_reference_own_b384,boyatdoorturnright,169,0,0,2,True,False,True,0.0,0.0
write_pair_reference_own_b384,boyatdoorturnright,171,0,0,2,True,False,True,0.01387698481689626,0.01387698481689626
write_pair_reference_own_b384,boyatdoorturnright,175,0,0,2,True,False,True,0.39138627786442864,0.39138627786442864
write_pair_reference_own_b384,boyatdoorturnright,184,0,0,2,True,False,True,0.6530507056851743,0.6530507056851743
write_pair_reference_own_b384,boyatdoorturnright,186,0,0,2,True,False,True,0.7527635834874818,0.7527635834874818
write_pair_reference_own_b384,boyatdoorturnright,188,0,0,2,True,False,True,0.5638841767025708,0.5638841767025708
write_pair_reference_own_b384,boyatdoorturnright,197,0,0,2,True,False,True,0.5166179978891694,0.5166179978891694
write_pair_reference_own_b384,boyatdoorturnright,200,0,0,2,True,False,True,0.6344118610286119,0.6344118610286119
write_pair_reference_own_b384,boyatdoorturnright,203,0,0,2,True,False,True,0.23338410928510098,0.23338410928510098
write_pair_reference_own_b384,boyatdoorturnright,205,0,0,2,True,False,True,0.46012450826050216,0.46012450826050216
write_pair_reference_own_b384,boyatdoorturnright,207,0,0,2,True,False,True,0.7710042410053232,0.7710042410053232
write_pair_reference_own_b384,boyatdoorturnright,208,0,0,2,True,False,True,0.8681502139148402,0.8681502139148402
write_pair_reference_own_b384,boyatdoorturnright,209,0,0,2,True,False,True,0.7118403551048895,0.7118403551048895
write_pair_reference_own_b384,boydownplatform,379,0,0,2,True,False,True,0.5690389007127157,0.5690389007127157
write_pair_reference_own_b384,boyfromdark,200,0,0,0,False,True,True,0.8389292175681338,0.8389292175681338
write_pair_reference_own_b384,boyfromdark,205,0,0,0,False,True,True,0.9273212089636084,0.9273212089636084
write_pair_reference_own_b384,boyfromdark,208,0,0,0,False,True,True,0.8331371061867775,0.8331371061867775
write_pair_reference_own_b384,boyfromdark,238,0,0,0,False,True,True,0.8056021758446249,0.8056021758446249
write_pair_reference_own_b384,boyfromdark,264,0,0,0,False,True,True,0.781659597833224,0.781659597833224
write_pair_reference_own_b384,boyfromdark,270,0,0,0,False,True,True,0.7508402644574534,0.7508402644574534
write_pair_reference_own_b384,boyfromdark,271,0,0,0,False,True,True,0.8091944181339225,0.8091944181339225
write_pair_reference_own_b384,boyfromdark,273,0,0,0,False,True,True,0.7751375216802165,0.7751375216802165
write_pair_reference_own_b384,boyfromdark,274,0,0,0,False,True,True,0.7837001231998036,0.7837001231998036
write_pair_reference_own_b384,boyfromdark,277,0,0,0,False,True,True,0.8354995825773712,0.8354995825773712
write_pair_reference_own_b384,boyfromdark,278,0,0,0,False,True,True,0.8239978980340881,0.8239978980340881
write_pair_reference_own_b384,boyfromdark,279,0,0,0,False,True,True,0.7455761950005285,0.7455761950005285
write_pair_reference_own_b384,boyfromdark,280,0,0,0,False,True,True,0.7448381976071861,0.7448381976071861
write_pair_reference_own_b384,boyfromdark,281,0,0,0,False,True,True,0.7292927932287515,0.7292927932287515
write_pair_reference_own_b384,boyfromdark,282,0,0,0,False,True,True,0.7997548555209307,0.7997548555209307
write_pair_reference_own_b384,boyfromdark,283,0,0,0,False,True,True,0.8385352120479889,0.8385352120479889
write_pair_reference_own_b384,boyinlight,154,0,0,0,False,True,True,0.9059820527232965,0.9059820527232965
write_pair_reference_own_b384,boyinlight,297,0,0,2,True,False,True,0.0,0.0
write_pair_reference_own_b384,boyinlight,302,0,0,0,False,False,True,0.0,0.8092099691227701
write_pair_reference_own_b384,boyinplatform,614,0,1,0,False,False,True,0.5579574510457684,0.0
write_pair_reference_own_b384,boyinplatform,617,0,0,0,False,False,True,0.0,0.9427846520754808
write_pair_reference_own_b384,boyinplatform,938,0,0,0,False,True,True,0.8656323015520804,0.8656323015520804
write_pair_reference_own_b384,boyleftblkrunning2crowd,51,0,0,2,True,False,True,0.0,0.0
write_pair_reference_own_b384,boyleftblkrunning2crowd,53,0,0,2,True,False,True,0.0,0.0
write_pair_reference_own_b384,boyleftblkrunning2crowd,54,0,0,2,True,False,True,0.0,0.0
write_pair_reference_own_b384,boyleftblkrunning2crowd,62,0,0,2,True,False,True,0.595105416773549,0.595105416773549
write_pair_reference_own_b384,boyleftblkrunning2crowd,66,0,0,2,True,False,True,0.6446828585796559,0.6446828585796559
write_pair_reference_own_b384,boyleftblkrunning2crowd,181,0,0,2,True,False,True,0.7789360695697617,0.7789360695697617
write_pair_reference_own_b384,boyleftblkrunning2crowd,185,0,0,2,True,False,True,0.7389689387337304,0.7389689387337304
write_pair_reference_own_b384,boyleftblkrunning2crowd,188,0,0,2,True,False,True,0.8038886879661193,0.8038886879661193
write_pair_reference_own_b384,boyleftblkrunning2crowd,201,0,0,2,True,False,True,0.8815845574962626,0.8815845574962626
write_pair_reference_own_b384,boyleftblkrunning2crowd,202,0,0,2,True,False,True,0.8502106982687697,0.8502106982687697
write_pair_reference_own_b384,boyleftblkrunning2crowd,204,0,0,2,True,False,True,0.6525306093581318,0.6525306093581318
write_pair_reference_own_b384,boyleftblkrunning2crowd,213,0,0,2,True,False,True,0.7536814983798124,0.7536814983798124
write_pair_reference_own_b384,boyleftblkrunning2crowd,227,0,0,2,True,False,True,0.7690158439457595,0.7690158439457595
write_pair_reference_own_b384,boyleftblkrunning2crowd,228,0,0,2,True,False,True,0.7666369496781127,0.7666369496781127
write_pair_reference_own_b384,boyleftblkrunning2crowd,229,0,0,2,True,False,True,0.827132679606489,0.827132679606489
write_pair_reference_own_b384,boyleftblkrunning2crowd,232,0,0,2,True,False,True,0.0,0.0
write_pair_reference_own_b384,boyleftblkrunning2crowd,236,0,0,2,True,False,True,0.0,0.0
write_pair_reference_own_b384,boyleftblkrunning2crowd,239,0,0,2,True,False,True,0.0,0.0
write_pair_reference_own_b384,boyleftblkrunning2crowd,240,0,0,2,True,False,True,0.0,0.0
write_pair_reference_own_b384,boyleftblkrunning2crowd,242,0,0,0,False,False,True,0.0,0.7661485235366094
write_pair_reference_own_b384,boyleftblkrunning2crowd,244,0,0,2,True,False,True,0.8233591126199169,0.8233591126199169
write_pair_reference_own_b384,boyleftblkrunning2crowd,245,0,0,2,True,False,True,0.8043552182951629,0.8043552182951629
write_pair_reference_own_b384,boyleftblkrunning2crowd,246,0,0,2,True,False,True,0.6974303869383409,0.6974303869383409
write_pair_reference_own_b384,boyleftblkrunning2crowd,334,0,0,2,True,False,True,0.7707997891442553,0.7707997891442553
write_pair_reference_own_b384,boyleftblkrunning2crowd,338,0,0,2,True,False,True,0.8134067515842703,0.8134067515842703
write_pair_reference_own_b384,boyleftblkrunning2crowd,345,0,0,2,True,False,True,0.8384725267729002,0.8384725267729002
write_pair_reference_own_b384,boyleftblkrunning2crowd,350,0,0,2,True,False,True,0.7860376103106697,0.7860376103106697
write_pair_reference_own_b384,boyleftblkrunning2crowd,374,0,0,2,True,False,True,0.09380125370228039,0.09380125370228039
write_pair_reference_own_b384,boyleftblkrunning2crowd,375,0,0,2,True,False,True,0.06897583856530921,0.06897583856530921
write_pair_reference_own_b384,boyleftblkrunning2crowd,376,0,0,2,True,False,True,0.006072247447248483,0.006072247447248483
write_pair_reference_own_b384,boyleftblkrunning2crowd,377,0,0,2,True,False,True,0.0,0.0
write_pair_reference_own_b384,boyleftblkrunning2crowd,379,0,0,2,True,False,True,0.19679121797614463,0.19679121797614463
write_pair_reference_own_b384,boyleftblkrunning2crowd,383,0,0,2,True,False,True,0.0,0.0
write_pair_reference_own_b384,boyleftblkrunning2crowd,384,0,0,2,True,False,True,0.0,0.0
write_pair_reference_own_b384,boyleftblkrunning2crowd,385,0,0,2,True,False,True,0.0,0.0
write_pair_reference_own_b384,boyleftblkrunning2crowd,388,0,0,2,True,False,True,0.0,0.0
write_pair_reference_own_b384,boyleftblkrunning2crowd,390,0,0,2,True,False,True,0.0,0.0
write_pair_reference_own_b384,boyleftblkrunning2crowd,395,0,0,2,True,False,True,0.23705199831274085,0.23705199831274085
write_pair_reference_own_b384,boylefttheNo_9boy,339,0,0,0,False,True,True,0.7143279328242352,0.7143279328242352
write_pair_reference_own_b384,boylefttheNo_9boy,344,0,0,0,False,True,True,0.6216732361038974,0.6216732361038974
write_pair_reference_own_b384,boylefttheNo_9boy,348,0,0,0,False,True,True,0.6011451268055573,0.6011451268055573
write_pair_reference_own_b384,boylefttheNo_9boy,1189,0,0,2,True,False,True,0.37992240480416806,0.37992240480416806
write_pair_reference_own_b384,boylefttheNo_9boy,1190,0,0,2,True,False,True,0.8457508742021467,0.8457508742021467
write_pair_reference_own_b384,boylefttheNo_9boy,1272,0,0,2,True,False,True,0.5902667028353212,0.5902667028353212
write_pair_reference_own_b384,boylefttheNo_9boy,2467,0,0,2,True,False,True,0.7813490373533319,0.7813490373533319
write_pair_reference_own_b384,boylefttheNo_9boy,3037,0,0,0,False,True,True,0.8041931485164386,0.8041931485164386
write_pair_reference_own_b384,boylefttheNo_9boy,3038,0,0,0,False,True,True,0.8780065905953359,0.8780065905953359
write_pair_reference_own_b384,boylefttheNo_9boy,4135,0,0,0,False,True,True,0.0,0.0
write_pair_reference_own_b384,boylefttheNo_9boy,4138,0,0,0,False,True,True,0.0,0.0
write_pair_reference_own_b384,boylefttheNo_9boy,4139,0,0,0,False,True,True,0.0,0.0
write_pair_reference_own_b384,boylefttheNo_9boy,4140,0,0,0,False,True,True,0.0,0.0
write_pair_reference_own_b384,boylefttheNo_9boy,4141,0,0,0,False,True,True,0.0,0.0
write_pair_reference_own_b384,boylefttheNo_9boy,4142,0,0,0,False,True,True,0.0,0.0
write_pair_reference_own_b384,boylefttheNo_9boy,4143,0,0,0,False,True,True,0.0,0.0
write_pair_reference_own_b384,boylefttheNo_9boy,4144,0,0,0,False,True,True,0.0,0.0
write_pair_reference_own_b384,boylefttheNo_9boy,4145,0,0,0,False,True,True,0.0,0.0
write_pair_reference_own_b384,boylefttheNo_9boy,4146,0,0,0,False,True,True,0.0,0.0
write_pair_reference_own_b384,boylefttheNo_9boy,4147,0,0,0,False,True,True,0.0,0.0
write_pair_reference_own_b384,boylefttheNo_9boy,4193,0,0,2,True,False,True,0.24043494499784,0.24043494499784
write_pair_reference_own_b384,boylefttheNo_9boy,4194,0,0,2,True,False,True,0.2670498771221785,0.2670498771221785
write_pair_reference_own_b384,boylefttheNo_9boy,4195,0,0,2,True,False,True,0.32725236125635426,0.32725236125635426
write_pair_reference_own_b384,boylefttheNo_9boy,4197,0,0,2,True,False,True,0.4602207824061609,0.4602207824061609
write_pair_reference_own_b384,boylefttheNo_9boy,4198,0,0,2,True,False,True,0.14882949653841293,0.14882949653841293
write_pair_reference_own_b384,boylefttheNo_9boy,4199,0,0,2,True,False,True,0.22169409742402255,0.22169409742402255
write_pair_reference_own_b384,boylefttheNo_9boy,4200,0,0,2,True,False,True,0.6619307075605755,0.6619307075605755
write_pair_reference_own_b384,boylefttheNo_9boy,4205,0,0,2,True,False,True,0.14823020322353495,0.14823020322353495
write_pair_reference_own_b384,boylefttheNo_9boy,4206,0,0,2,True,False,True,0.41420412933707285,0.41420412933707285
write_pair_reference_own_b384,boylefttheNo_9boy,4207,0,0,2,True,False,True,0.5472289907288695,0.5472289907288695
write_pair_reference_own_b384,boylefttheNo_9boy,4208,0,0,2,True,False,True,0.6648730551927153,0.6648730551927153
write_pair_reference_own_b384,boylefttheNo_9boy,4812,0,0,2,True,False,True,0.4747196104221615,0.4747196104221615
write_pair_reference_own_b384,boylefttheNo_9boy,4820,0,0,2,True,False,True,0.5995693135005239,0.5995693135005239
write_pair_reference_own_b384,boylefttheNo_9boy,4861,0,0,2,True,False,True,0.21258006303898297,0.21258006303898297
write_pair_reference_own_b384,boylefttheNo_9boy,4863,0,0,2,True,False,True,0.5296140481141856,0.5296140481141856
write_pair_reference_own_b384,boylefttheNo_9boy,4868,0,0,2,True,False,True,0.6974214609545853,0.6974214609545853
write_pair_reference_own_b384,boylefttheNo_9boy,4904,0,0,2,True,False,True,0.0,0.0
write_pair_reference_own_b384,boylefttheNo_9boy,4914,0,0,2,True,False,True,0.0,0.0
write_pair_reference_own_b384,boylefttheNo_9boy,4920,0,0,2,True,False,True,0.0,0.0
write_pair_reference_own_b384,boyplayphone,1,0,0,0,False,True,True,0.7387211550131639,0.7387211550131639
write_pair_reference_own_b384,boyplayphone,65,0,0,0,False,True,True,0.9029496148408747,0.9029496148408747
write_pair_reference_own_b384,boyplayphone,66,0,0,0,False,True,True,0.8130838477753991,0.8130838477753991
write_pair_reference_own_b384,boyplayphone,75,0,0,0,False,True,True,0.9400819994878021,0.9400819994878021
write_pair_reference_own_b384,boyplayphone,90,0,0,0,False,True,True,0.8735464477489653,0.8735464477489653
write_pair_reference_own_b384,boyplayphone,91,0,0,0,False,True,True,0.9523035286644099,0.9523035286644099
write_pair_reference_own_b384,boyplayphone,132,0,0,0,False,True,True,0.8851090232804973,0.8851090232804973
write_pair_reference_own_b384,boyplayphone,139,0,0,0,False,True,True,0.8109888301305407,0.8109888301305407
write_pair_reference_own_b384,boyplayphone,141,0,0,0,False,True,True,0.8174855393092878,0.8174855393092878
write_pair_reference_own_b384,boyplayphone,148,0,0,0,False,True,True,0.7877671768537754,0.7877671768537754
write_pair_reference_own_b384,boyplayphone,168,0,0,0,False,True,True,0.8901986639344428,0.8901986639344428
write_pair_reference_own_b384,boyplayphone,170,0,0,0,False,True,True,0.9378951147976685,0.9378951147976685
write_pair_reference_own_b384,boyplayphone,171,0,0,0,False,True,True,0.9422908166064077,0.9422908166064077
write_pair_reference_own_b384,boyplayphone,172,0,0,0,False,True,True,0.8519378172898685,0.8519378172898685
write_pair_reference_own_b384,boyplayphone,178,0,0,0,False,True,True,0.8509979665857819,0.8509979665857819
write_pair_reference_own_b384,boyplayphone,292,0,1,2,True,False,True,0.7978899173682155,0.0
write_pair_reference_own_b384,boyplayphone,309,0,0,2,True,False,True,0.0,0.8080943651830798
write_pair_reference_own_b384,boyplayphone,336,0,0,2,True,False,True,0.6719188834216069,0.6719188834216069
write_pair_reference_own_b384,boyplayphone,394,0,0,2,True,False,True,0.7670978979627732,0.7670978979627732
write_pair_reference_own_b384,boyplayphone,400,0,0,2,True,False,True,0.7026174623616145,0.7026174623616145
write_pair_reference_own_b384,boyride2path,318,0,1,0,False,False,True,0.5280467834484198,0.0
write_pair_reference_own_b384,boyride2path,345,0,1,0,False,False,True,0.0,0.2897981384041701
write_pair_reference_own_b384,boyride2path,537,0,0,2,True,False,True,0.0,0.0
write_pair_reference_own_b384,boyride2path,564,0,0,2,True,False,True,0.0,0.0
write_pair_reference_own_b384,boyride2path,571,0,1,0,False,False,True,0.0,0.21153075973799748
write_pair_reference_own_b384,boyride2path,586,0,0,2,True,False,True,0.0,0.0
write_pair_reference_own_b384,boyride2path,596,0,0,2,True,False,True,0.0,0.0
write_pair_reference_own_b384,boyride2path,604,0,0,2,True,False,True,0.0,0.0
write_pair_reference_own_b384,boyride2path,631,0,0,2,True,False,True,0.0,0.0
write_pair_reference_own_b384,boyride2path,635,0,0,2,True,False,True,0.0,0.0
write_pair_reference_own_b384,boyride2path,636,0,0,2,True,False,True,0.0,0.0
write_pair_reference_own_b384,boyride2path,637,0,0,2,True,False,True,0.0,0.0
write_pair_reference_own_b384,boyride2path,638,0,0,2,True,False,True,0.0,0.0
write_pair_reference_own_b384,boyride2path,654,0,0,2,True,False,True,0.0,0.0
write_pair_reference_own_b384,boyride2path,655,0,0,2,True,False,True,0.0,0.0
write_pair_reference_own_b384,boyride2path,784,0,0,2,True,False,True,0.0,0.0
write_pair_reference_own_b384,boyride2path,985,0,0,2,True,False,True,0.424253906345521,0.424253906345521
write_pair_reference_own_b384,boyride2path,1363,0,0,0,False,True,True,0.39107503133745875,0.39107503133745875
write_pair_reference_own_b384,boyride2path,1364,0,0,0,False,True,True,0.4339234329676688,0.4339234329676688
write_pair_reference_own_b384,boyride2path,1365,0,0,0,False,True,True,0.47444947725557024,0.47444947725557024
write_pair_reference_own_b384,boyride2path,1366,0,0,0,False,True,True,0.4392725859181854,0.4392725859181854
write_pair_reference_own_b384,boyride2path,1367,0,0,0,False,True,True,0.5701312898090118,0.5701312898090118
write_pair_reference_own_b384,boyride2path,1368,0,0,0,False,True,True,0.4036844969757535,0.4036844969757535
write_pair_reference_own_b384,boyride2path,1370,0,0,0,False,True,True,0.3816231647994786,0.3816231647994786
write_pair_reference_own_b384,boyride2path,1371,0,0,0,False,True,True,0.5199973243961346,0.5199973243961346
write_pair_reference_own_b384,boyscomeleft,40,0,0,2,True,False,True,0.4651855763658562,0.4651855763658562
write_pair_reference_own_b384,boyscomeleft,41,0,0,2,True,False,True,0.4824292119173443,0.4824292119173443
write_pair_reference_own_b384,boyscomeleft,48,0,0,2,True,False,True,0.4466917677202491,0.4466917677202491
write_pair_reference_own_b384,boyscomeleft,54,0,0,2,True,False,True,0.3907784304525661,0.3907784304525661
write_pair_reference_own_b384,boyscomeleft,66,0,0,2,True,False,True,0.5187082630293708,0.5187082630293708
write_pair_reference_own_b384,boyscomeleft,88,0,0,2,True,False,True,0.5931966612167309,0.5931966612167309
write_pair_reference_own_b384,boyscomeleft,279,0,0,0,False,True,True,0.640935959883231,0.640935959883231
write_pair_reference_own_b384,boyshead9684,1232,0,0,2,True,False,True,0.7134039618568014,0.7134039618568014
write_pair_reference_own_b384,boyshead9684,1432,0,0,2,True,False,True,0.5952310352929624,0.5952310352929624
write_pair_reference_own_b384,boyshead9684,1436,0,0,2,True,False,True,0.5347080739950264,0.5347080739950264
write_pair_reference_own_b384,boyshead9684,1437,0,0,2,True,False,True,0.35644826142272806,0.35644826142272806
write_pair_reference_own_b384,boyshead9684,1438,0,0,2,True,False,True,0.5466833823532459,0.5466833823532459
write_pair_reference_own_b384,boyshead9684,1445,0,0,2,True,False,True,0.4846714175144684,0.4846714175144684
write_pair_reference_own_b384,boyshead9684,1446,0,0,2,True,False,True,0.4945431945295391,0.4945431945295391
write_pair_reference_own_b384,boyshead9684,1866,0,0,2,True,False,True,0.7737004596517032,0.7737004596517032
write_pair_reference_own_b384,boyshead9684,2211,0,0,2,True,False,True,0.4407180556299381,0.4407180556299381
write_pair_reference_own_b384,boyshead9684,2232,0,0,2,True,False,True,0.3660775366428294,0.3660775366428294
write_pair_reference_own_b384,boyshead9684,3065,0,0,2,True,False,True,0.6420689050163869,0.6420689050163869
write_pair_reference_own_b384,boyshead9684,3068,0,0,2,True,False,True,0.7590072506056011,0.7590072506056011
write_pair_reference_own_b384,boyshead9684,3236,0,0,2,True,False,True,0.7377198433991545,0.7377198433991545
write_pair_reference_own_b384,boyshead9684,3870,0,0,2,True,False,True,0.4946673663821081,0.4946673663821081
write_pair_reference_own_b384,boyshead9684,4421,0,0,2,True,False,True,0.6454467826375848,0.6454467826375848
write_pair_reference_own_b384,boyshead9684,4674,0,0,2,True,False,True,0.3910102058609563,0.3910102058609563
write_pair_reference_own_b384,boyshead9684,4675,0,0,2,True,False,True,0.36424583859640614,0.36424583859640614
write_pair_reference_own_b384,boyshead9684,4680,0,0,2,True,False,True,0.49271206713823296,0.49271206713823296
write_pair_reference_own_b384,boyshead9684,4681,0,0,2,True,False,True,0.4656523939559213,0.4656523939559213
write_pair_reference_own_b384,boyshead9684,4692,0,0,2,True,False,True,0.44563832542267967,0.44563832542267967
write_pair_reference_own_b384,boyshead9684,4693,0,0,2,True,False,True,0.4503992175117132,0.4503992175117132
write_pair_reference_own_b384,boyshead9684,4702,0,0,2,True,False,True,0.4899815883079385,0.4899815883079385
write_pair_reference_own_b384,boyshead9684,4704,0,0,2,True,False,True,0.5515386639820451,0.5515386639820451
write_pair_reference_own_b384,boyshead9684,4709,0,0,2,True,False,True,0.8474310737320897,0.8474310737320897
write_pair_reference_own_b384,boyshead9684,5189,0,0,2,True,False,True,0.6768161091789285,0.6768161091789285
write_pair_reference_own_b384,boyshead9684,5242,0,0,2,True,False,True,0.9278683704380576,0.9278683704380576
write_pair_reference_own_b384,boyshead9684,5243,0,0,2,True,False,True,0.7123269421516137,0.7123269421516137
write_pair_reference_own_b384,boyshead9684,5244,0,0,2,True,False,True,0.8172286906899181,0.8172286906899181
write_pair_reference_own_b384,boyshead9684,7070,0,0,2,True,False,True,0.5551363492329585,0.5551363492329585
write_pair_reference_own_b384,boyshead9684,7072,0,0,2,True,False,True,0.5305748959718564,0.5305748959718564
write_pair_reference_own_b384,boyshead9684,7073,0,0,2,True,False,True,0.5445406239872583,0.5445406239872583
write_pair_reference_own_b384,boyshead9684,7858,0,2,0,False,False,True,0.08826353422663154,0.0
write_pair_reference_own_b384,boyshead9684,7863,0,1,0,False,False,True,0.0,0.48594541048065376
write_pair_reference_own_b384,boyshead9684,8289,0,0,2,True,False,True,0.2958350109309026,0.2958350109309026
write_pair_reference_own_b384,boyshead9684,8291,0,0,2,True,False,True,0.2970667501968889,0.2970667501968889
write_pair_reference_own_b384,boyshead9684,8616,0,1,0,False,False,True,0.39014403993314617,0.0
write_pair_reference_own_b384,boyss,102,0,0,2,True,False,True,0.7417295121500845,0.7417295121500845
write_pair_reference_own_b384,boyss,104,0,0,2,True,False,True,0.6214945304896161,0.6214945304896161
write_pair_reference_own_b384,boyss,122,0,0,2,True,False,True,0.5410842090581017,0.5410842090581017
write_pair_reference_own_b384,boyss,123,0,0,2,True,False,True,0.56344251873224,0.56344251873224
write_pair_reference_own_b384,boyss,137,0,0,2,True,False,True,0.9097949818607983,0.9097949818607983
write_pair_reference_own_b384,boyss,171,0,0,2,True,False,True,0.0,0.0
write_pair_reference_own_b384,boyss,173,0,0,2,True,False,True,0.0,0.0
write_pair_reference_own_b384,boyss,174,0,0,2,True,False,True,0.40017347965577965,0.40017347965577965
write_pair_reference_own_b384,boyss,175,0,0,2,True,False,True,0.4379481808585144,0.4379481808585144
write_pair_reference_own_b384,boyss,176,0,0,2,True,False,True,0.24745327611416412,0.24745327611416412
write_pair_reference_own_b384,boyss,177,0,0,2,True,False,True,0.5919383101581975,0.5919383101581975
write_pair_reference_own_b384,boyss,179,0,0,2,True,False,True,0.8050780361012824,0.8050780361012824
write_pair_reference_own_b384,boyss,182,0,0,2,True,False,True,0.7241749215780645,0.7241749215780645
write_pair_reference_own_b384,boyss,189,0,0,2,True,False,True,0.7891657949811804,0.7891657949811804
write_pair_reference_own_b384,boyss,208,0,0,2,True,False,True,0.8002208405717591,0.8002208405717591
write_pair_reference_own_b384,boyss,210,0,0,2,True,False,True,0.832011179547921,0.832011179547921
write_pair_reference_own_b384,boyss,212,0,0,2,True,False,True,0.8414857657954319,0.8414857657954319
write_pair_reference_own_b384,boyss,222,0,0,2,True,False,True,0.2539267984945703,0.2539267984945703
write_pair_reference_own_b384,boyss,248,0,0,2,True,False,True,0.5058971049923572,0.5058971049923572
write_pair_reference_own_b384,boyss,252,0,0,2,True,False,True,0.09419395716686167,0.09419395716686167
write_pair_reference_own_b384,boyss,255,0,0,2,True,False,True,0.12326934650745189,0.12326934650745189
write_pair_reference_own_b384,boyss,263,0,0,2,True,False,True,0.6834758944292778,0.6834758944292778
write_pair_reference_own_b384,boyss,264,0,0,2,True,False,True,0.7096266458499682,0.7096266458499682
write_pair_reference_own_b384,boyss,266,0,0,2,True,False,True,0.7364762121803144,0.7364762121803144
write_pair_reference_own_b384,boyss,268,0,0,2,True,False,True,0.805768338961171,0.805768338961171
write_pair_reference_own_b384,boyss,303,0,0,2,True,False,True,0.6682398783197616,0.6682398783197616
write_pair_reference_own_b384,boyss,333,0,0,2,True,False,True,0.5118760240685425,0.5118760240685425
write_pair_reference_own_b384,boyss,355,0,0,2,True,False,True,0.14297287024945168,0.14297287024945168
write_pair_reference_own_b384,boyss,371,0,0,2,True,False,True,0.588317469658196,0.588317469658196
write_pair_reference_own_b384,boytakingbasketballfollowing,367,0,0,2,True,False,True,0.5970972546062897,0.5970972546062897
write_pair_reference_own_b384,boytakingbasketballfollowing,374,0,1,2,True,False,True,0.7989946161516461,0.7989946161516461
write_pair_reference_own_b384,boytakingbasketballfollowing,375,0,1,2,True,False,True,0.7889348408054829,0.7889348408054829
write_pair_reference_own_b384,boytakingbasketballfollowing,376,0,1,2,True,False,True,0.7197246034982707,0.7197246034982707
write_pair_reference_own_b384,boytakingbasketballfollowing,377,0,0,0,False,False,True,0.813416762386034,0.0
write_pair_reference_own_b384,boytakingbasketballfollowing,378,0,0,2,True,False,True,0.6791516758039265,0.6791516758039265
write_pair_reference_own_b384,boytakingbasketballfollowing,581,0,0,2,True,False,True,0.5327026548979396,0.5327026548979396
write_pair_reference_own_b384,boytakingbasketballfollowing,621,0,0,2,True,False,True,0.828818683142514,0.828818683142514
write_pair_reference_own_b384,boytakingbasketballfollowing,628,0,0,0,False,False,True,0.0,0.6416183662187245
write_pair_reference_own_b384,boytakingbasketballfollowing,702,0,0,0,False,False,True,0.0,0.3853268297329733
write_pair_reference_own_b384,boytakingbasketballfollowing,703,0,0,2,True,False,True,0.7084471946337999,0.7084471946337999
write_pair_reference_own_b384,boytakingbasketballfollowing,773,0,0,2,True,False,True,0.6817274367744189,0.6817274367744189
write_pair_reference_own_b384,boytakingbasketballfollowing,774,0,0,2,True,False,True,0.7160057532255202,0.7160057532255202
write_pair_reference_own_b384,boytakingbasketballfollowing,779,0,0,2,True,False,True,0.7674343686736472,0.7674343686736472
write_pair_reference_own_b384,boytakingbasketballfollowing,783,0,0,2,True,False,True,0.677321169730442,0.677321169730442
write_pair_reference_own_b384,boytakingbasketballfollowing,786,0,0,2,True,False,True,0.7592941701323358,0.7592941701323358
write_pair_reference_own_b384,boytakingbasketballfollowing,791,0,0,2,True,False,True,0.664038028177062,0.664038028177062
write_pair_reference_own_b384,boytakingbasketballfollowing,794,0,0,2,True,False,True,0.6891152392632576,0.6891152392632576
write_pair_reference_own_b384,boytakingbasketballfollowing,797,0,0,2,True,False,True,0.7622985284516296,0.7622985284516296
write_pair_reference_own_b384,boytakingbasketballfollowing,798,0,0,2,True,False,True,0.7836261514943937,0.7836261514943937
write_pair_reference_own_b384,boytakingbasketballfollowing,814,0,0,2,True,False,True,0.43150496692686974,0.43150496692686974
write_pair_reference_own_b384,boytakingbasketballfollowing,815,0,0,2,True,False,True,0.23950880465857402,0.23950880465857402
write_pair_reference_own_b384,boytakingbasketballfollowing,819,0,0,2,True,False,True,0.5766188868866323,0.5766188868866323
write_pair_reference_own_b384,boytakingbasketballfollowing,820,0,0,2,True,False,True,0.49945892043976337,0.49945892043976337
write_pair_reference_own_b384,boytakingbasketballfollowing,825,0,0,2,True,False,True,0.9208077848824282,0.9208077848824282
write_pair_reference_own_b384,boytakingbasketballfollowing,898,0,1,2,True,False,True,0.0,0.0
write_pair_reference_own_b384,boytakingbasketballfollowing,914,0,0,2,True,False,True,0.0,0.0
write_pair_reference_own_b384,boytakingbasketballfollowing,968,0,0,2,True,False,True,0.6947879987296447,0.0
write_pair_reference_own_b384,boytakingbasketballfollowing,1064,0,1,0,False,False,True,0.0,0.0
write_pair_reference_own_b384,boytakingbasketballfollowing,1084,0,0,2,True,False,True,0.0,0.0
write_pair_reference_own_b384,boytakingbasketballfollowing,1099,0,0,2,True,False,True,0.0,0.0
write_pair_reference_own_b384,boytakingbasketballfollowing,1138,0,2,0,False,False,True,0.0,0.0
write_pair_reference_own_b384,boytakingbasketballfollowing,1156,0,0,2,True,False,True,0.0,0.0
write_pair_reference_own_b384,boytakingbasketballfollowing,1165,0,0,2,True,False,True,0.0,0.0
write_pair_reference_own_b384,boytakingbasketballfollowing,1168,0,0,2,True,False,True,0.0,0.0
write_pair_reference_own_b384,boytakingbasketballfollowing,1184,0,0,2,True,False,True,0.0,0.0
write_pair_reference_own_b384,boytakingbasketballfollowing,1250,0,1,0,False,False,True,0.0,0.0
write_pair_reference_own_b384,boytakingbasketballfollowing,1343,0,0,2,True,False,True,0.045091728050231955,0.045091728050231955
write_pair_reference_own_b384,boytakingbasketballfollowing,1348,0,0,2,True,False,True,0.10711609348300996,0.10711609348300996
write_pair_reference_own_b384,boytakingplate2left,240,0,0,2,True,False,True,0.38276140681169585,0.38276140681169585
write_pair_reference_own_b384,boytakingplate2left,244,0,0,2,True,False,True,0.4087998584606118,0.4087998584606118
write_pair_reference_own_b384,boyunder2baskets,41,0,0,2,True,False,True,0.700856669573195,0.700856669573195
write_pair_reference_own_b384,boyunder2baskets,43,0,0,2,True,False,True,0.2664825390621434,0.2664825390621434
write_pair_reference_own_b384,boyunder2baskets,49,0,0,2,True,False,True,0.9027980828825483,0.9027980828825483
write_pair_reference_own_b384,boyunder2baskets,64,0,0,2,True,False,True,0.25424225866757055,0.25424225866757055
write_pair_reference_own_b384,boyunder2baskets,157,0,0,2,True,False,True,0.0,0.0
write_pair_reference_own_b384,boyunder2baskets,191,0,0,2,True,False,True,0.0,0.0
write_pair_reference_own_b384,boyunder2baskets,200,0,0,2,True,False,True,0.0,0.0
write_pair_reference_own_b384,boyunder2baskets,215,0,0,2,True,False,True,0.0,0.0
write_pair_reference_own_b384,boyunder2baskets,268,0,0,2,True,False,True,0.11056519393692434,0.11056519393692434
write_pair_reference_own_b384,boyunder2baskets,281,0,0,2,True,False,True,0.0671418066252295,0.0671418066252295
write_pair_reference_own_b384,boyunder2baskets,282,0,0,2,True,False,True,0.1611322897342725,0.1611322897342725
write_pair_reference_own_b384,boyunder2baskets,284,0,1,2,True,False,True,0.057725155507520214,0.057725155507520214
write_pair_reference_own_b384,boyunder2baskets,294,0,0,2,True,False,True,0.5524731569154653,0.5524731569154653
write_pair_reference_own_b384,boyunder2baskets,306,0,0,2,True,False,True,0.8015570579851335,0.8015570579851335
write_pair_reference_own_b384,boyunder2baskets,307,0,0,2,True,False,True,0.7773953866159723,0.7773953866159723
write_pair_reference_own_b384,boyunder2baskets,309,0,0,2,True,False,True,0.8982269177093111,0.8982269177093111
write_pair_reference_own_b384,boyunder2baskets,331,0,0,2,True,False,True,0.9105595658654626,0.9105595658654626
write_pair_reference_own_b384,boyunder2baskets,476,0,0,2,True,False,True,0.0,0.0
write_pair_reference_own_b384,boyunder2baskets,497,0,0,2,True,False,True,0.0,0.0
write_pair_reference_own_b384,boyunder2baskets,508,0,0,2,True,False,True,0.0,0.0
write_pair_reference_own_b384,boyunder2baskets,517,0,0,2,True,False,True,0.0,0.0
write_pair_reference_own_b384,boyunder2baskets,521,0,0,2,True,False,True,0.0,0.0
write_pair_reference_own_b384,boyunder2baskets,522,0,0,2,True,False,True,0.0,0.0
write_pair_reference_own_b384,boyunder2baskets,535,0,0,2,True,False,True,0.0,0.0
write_pair_reference_own_b384,boyunder2baskets,536,0,0,2,True,False,True,0.0,0.0
write_pair_reference_own_b384,boyunder2baskets,539,0,0,2,True,False,True,0.0,0.0
write_pair_reference_own_b384,boyunder2baskets,540,0,0,2,True,False,True,0.17691186875876547,0.17691186875876547
write_pair_reference_own_b384,boyunder2baskets,573,0,0,2,True,False,True,0.0,0.0
write_pair_reference_own_b384,boyunder2baskets,576,0,0,2,True,False,True,0.0,0.0
write_pair_reference_own_b384,boywaitgirl,231,0,0,0,False,True,True,0.9070028695800334,0.9070028695800334
write_pair_reference_own_b384,boywaitgirl,237,0,0,0,False,True,True,0.7123241809439903,0.7123241809439903
write_pair_reference_own_b384,boywaitgirl,440,0,0,0,False,True,True,0.8024395900512602,0.8024395900512602
write_pair_reference_own_b384,boywaitgirl,441,0,0,0,False,True,True,0.7063760190145549,0.7063760190145549
write_pair_reference_own_b384,boywaitgirl,442,0,0,0,False,True,True,0.7947104482738685,0.7947104482738685
write_pair_reference_own_b384,boywaitgirl,443,0,0,0,False,True,True,0.7237991472924747,0.7237991472924747
write_pair_reference_own_b384,boywaitgirl,444,0,0,0,False,True,True,0.7078657856550616,0.7078657856550616
write_pair_reference_own_b384,boywaitgirl,445,0,0,0,False,True,True,0.7260242553510681,0.7260242553510681
write_pair_reference_own_b384,boywaitgirl,446,0,0,0,False,True,True,0.7136515939326475,0.7136515939326475
write_pair_reference_own_b384,boywaitgirl,447,0,0,0,False,True,True,0.7516787122218946,0.7516787122218946
write_pair_reference_own_b384,boywaitgirl,459,0,0,0,False,True,True,0.7598957839868218,0.7598957839868218
write_pair_reference_own_b384,broom,255,0,0,2,True,False,True,0.5675639653336211,0.5675639653336211
write_pair_reference_own_b384,broom,312,0,0,0,False,False,True,0.0,0.48270932805263994
write_pair_reference_own_b384,broom,657,0,0,2,True,False,True,0.13080388192729142,0.13080388192729142
write_pair_reference_own_b384,broom,658,0,0,2,True,False,True,0.46989915173644103,0.46989915173644103
write_pair_reference_own_b384,broom,659,0,0,2,True,False,True,0.2810210907712467,0.2810210907712467
write_pair_reference_own_b384,broom,1031,0,0,2,True,False,True,0.539670771863528,0.539670771863528
write_pair_reference_own_b384,broom,1036,0,0,2,True,False,True,0.8216430061194846,0.8216430061194846
write_pair_reference_own_b384,broom,1947,0,0,0,False,False,True,0.0,0.4044624022214433
write_pair_reference_own_b384,broom,2426,0,0,2,True,False,True,0.5994262757835911,0.5994262757835911
write_pair_reference_own_b384,broom,3169,0,0,2,True,False,True,0.28918603750299715,0.28918603750299715
write_pair_reference_own_b384,broom,3237,0,1,2,True,False,True,0.0,0.0
write_pair_reference_own_b384,broom,3240,0,0,2,True,False,True,0.5984135452550327,0.5984135452550327
write_pair_reference_own_b384,broom,3251,0,0,2,True,False,True,0.5875735210025391,0.5875735210025391
write_pair_reference_own_b384,broom,3255,0,0,2,True,False,True,0.0,0.0
write_pair_reference_own_b384,broom,3256,0,0,2,True,False,True,0.0,0.0
write_pair_reference_own_b384,broom,3560,0,0,2,True,False,True,0.6357546307618416,0.6357546307618416
write_pair_reference_own_b384,broom,3600,0,0,2,True,False,True,0.4898886051953189,0.4898886051953189
write_pair_reference_own_b384,broom,3615,0,0,2,True,False,True,0.8032865769967819,0.8032865769967819
write_pair_reference_own_b384,broom,3616,0,0,2,True,False,True,0.7650624508515275,0.7650624508515275
write_pair_reference_own_b384,broom,3617,0,0,2,True,False,True,0.7645008746454601,0.7645008746454601
write_pair_reference_own_b384,broom,3618,0,0,2,True,False,True,0.7954558926194413,0.7954558926194413
write_pair_reference_own_b384,broom,3962,0,0,2,True,False,True,0.010847162572601396,0.010847162572601396
write_pair_reference_own_b384,broom,3964,0,0,2,True,False,True,0.0,0.0
write_pair_reference_own_b384,broom,3967,0,0,2,True,False,True,0.06728215671564684,0.06728215671564684
write_pair_reference_own_b384,broom,4053,0,0,2,True,False,True,0.5342233779191815,0.5342233779191815
write_pair_reference_own_b384,broom,4057,0,0,2,True,False,True,0.0,0.0
write_pair_reference_own_b384,broom,4091,0,0,2,True,False,True,0.8743359794638741,0.8743359794638741
write_pair_reference_own_b384,broom,4093,0,0,2,True,False,True,0.4452678766615205,0.4452678766615205
write_pair_reference_own_b384,broom,4121,0,0,2,True,False,True,0.26444570035360204,0.26444570035360204
write_pair_reference_own_b384,broom,4138,0,0,2,True,False,True,0.5600901967922974,0.5600901967922974
write_pair_reference_own_b384,broom,4147,0,0,2,True,False,True,0.6428538603035407,0.6428538603035407
write_pair_reference_own_b384,broom,4161,0,0,2,True,False,True,0.0,0.0
write_pair_reference_own_b384,broom,4163,0,0,2,True,False,True,0.4333137223258274,0.4333137223258274
write_pair_reference_own_b384,broom,4164,0,0,2,True,False,True,0.5089428810138135,0.5089428810138135
write_pair_reference_own_b384,broom,4212,0,0,2,True,False,True,0.6776301807515995,0.6776301807515995
write_pair_reference_own_b384,broom,4213,0,0,2,True,False,True,0.7352987159487215,0.7352987159487215
write_pair_reference_own_b384,broom,4215,0,0,2,True,False,True,0.7547977339515924,0.7547977339515924
write_pair_reference_own_b384,broom,4216,0,0,2,True,False,True,0.7248001674316917,0.7248001674316917
write_pair_reference_own_b384,broom,4242,0,0,2,True,False,True,0.7873855603319408,0.7873855603319408
write_pair_reference_own_b384,broom,4243,0,0,2,True,False,True,0.7011711877265489,0.7011711877265489
write_pair_reference_own_b384,broom,4245,0,0,2,True,False,True,0.7593446663465032,0.7593446663465032
write_pair_reference_own_b384,broom,4246,0,0,2,True,False,True,0.6853649667553793,0.6853649667553793
write_pair_reference_own_b384,broom,4248,0,0,2,True,False,True,0.5993206098057047,0.5993206098057047
write_pair_reference_own_b384,broom,4254,0,0,2,True,False,True,0.6744394677482171,0.6744394677482171
write_pair_reference_own_b384,broom,4263,0,0,2,True,False,True,0.5975286971828786,0.5975286971828786
write_pair_reference_own_b384,broom,4284,0,0,2,True,False,True,0.7765287273351807,0.7765287273351807
write_pair_reference_own_b384,broom,4406,0,0,2,True,False,True,0.5770307322001874,0.5770307322001874
write_pair_reference_own_b384,broom,4468,0,0,2,True,False,True,0.5671600478686304,0.5671600478686304
write_pair_reference_own_b384,broom,4499,0,0,2,True,False,True,0.5043977765257864,0.5043977765257864
write_pair_reference_own_b384,broom,4500,0,0,2,True,False,True,0.5390520165731894,0.5390520165731894
write_pair_reference_own_b384,broom,4501,0,0,2,True,False,True,0.5946445755543786,0.5946445755543786
write_pair_reference_own_b384,broom,4502,0,0,2,True,False,True,0.643751889978888,0.643751889978888
write_pair_reference_own_b384,broom,4578,0,0,2,True,False,True,0.4375025194638051,0.4375025194638051
write_pair_reference_own_b384,broom,4589,0,0,2,True,False,True,0.41621078564731795,0.41621078564731795
write_pair_reference_own_b384,broom,4591,0,0,2,True,False,True,0.0,0.0
write_pair_reference_own_b384,broom,4592,0,0,2,True,False,True,0.39949149810958184,0.39949149810958184
write_pair_reference_own_b384,broom,4754,0,0,2,True,False,True,0.4345830367573699,0.4345830367573699
write_pair_reference_own_b384,broom,4755,0,0,2,True,False,True,0.4730569165075442,0.4730569165075442
write_pair_reference_own_b384,broom,4756,0,0,2,True,False,True,0.4851252439913285,0.4851252439913285
write_pair_reference_own_b384,broom,4824,0,0,2,True,False,True,0.7315227262383883,0.7315227262383883
write_pair_reference_own_b384,broom,4911,0,0,2,True,False,True,0.5052003282732059,0.5052003282732059
write_pair_reference_own_b384,broom,5421,0,0,2,True,False,True,0.5181879919200213,0.5181879919200213
write_pair_reference_own_b384,broom,5441,0,0,2,True,False,True,0.5406323870741924,0.5406323870741924
write_pair_reference_own_b384,broom,5442,0,0,2,True,False,True,0.6072942003099165,0.6072942003099165
write_pair_reference_own_b384,broom,5449,0,0,2,True,False,True,0.0,0.0
write_pair_reference_own_b384,broom,5450,0,0,2,True,False,True,0.7484087913040623,0.7484087913040623
write_pair_reference_own_b384,broom,6285,0,0,2,True,False,True,0.12837500680631678,0.12837500680631678
write_pair_reference_own_b384,broom,6286,0,0,2,True,False,True,0.1242810557920619,0.1242810557920619
write_pair_reference_own_b384,broom,6290,0,0,2,True,False,True,0.09669839150875562,0.09669839150875562
write_pair_reference_own_b384,broom,6443,0,0,2,True,False,True,0.014061595307500362,0.014061595307500362
write_pair_reference_own_b384,broom,6444,0,0,2,True,False,True,0.03499743130512651,0.03499743130512651
write_pair_reference_own_b384,broom,6452,0,0,2,True,False,True,0.6207298807615219,0.6207298807615219
write_pair_reference_own_b384,broom,6679,0,0,2,True,False,True,0.7150547844144779,0.7150547844144779
write_pair_reference_own_b384,broom,7307,0,0,2,True,False,True,0.6221861585697626,0.6221861585697626
write_pair_reference_own_b384,broom,8388,0,0,2,True,False,True,0.7134683898467377,0.7134683898467377
write_pair_reference_own_b384,broom,8397,0,0,2,True,False,True,0.5410705970728399,0.5410705970728399
write_pair_reference_own_b384,broom,8691,0,0,2,True,False,True,0.6302995586154939,0.6302995586154939
write_pair_reference_own_b384,broom,8866,0,0,2,True,False,True,0.683285452850438,0.683285452850438
write_pair_reference_own_b384,broom,9378,0,0,2,True,False,True,0.4687511618362964,0.4687511618362964
write_pair_reference_own_b384,broom,9383,0,0,2,True,False,True,0.5306847931188357,0.5306847931188357
write_pair_reference_own_b384,broom,9384,0,0,2,True,False,True,0.6171041139743296,0.6171041139743296
write_pair_reference_own_b384,broom,9385,0,0,2,True,False,True,0.8166875551462018,0.8166875551462018
write_pair_reference_own_b384,broom,9387,0,0,2,True,False,True,0.8374075200788863,0.8374075200788863
write_pair_reference_own_b384,carbehindtrees,23,0,0,2,True,False,True,0.6138362097824663,0.6138362097824663
write_pair_reference_own_b384,carbehindtrees,25,0,0,2,True,False,True,0.7751763659536787,0.7751763659536787
write_pair_reference_own_b384,carbehindtrees,26,0,0,2,True,False,True,0.7982118258899802,0.7982118258899802
write_pair_reference_own_b384,carcomingfromlight,307,0,2,0,False,False,True,0.0,0.0
write_pair_reference_own_b384,carwillturn,208,0,1,0,False,False,True,0.0,0.5796141755973555
write_pair_reference_own_b384,carwillturn,261,0,0,0,False,False,True,0.32185841204165483,0.0
write_pair_reference_own_b384,couple,66,0,0,0,False,False,True,0.4924287219280222,0.0
write_pair_reference_own_b384,couple,70,0,0,2,True,False,True,0.0,0.0
write_pair_reference_own_b384,couple,97,0,0,2,True,False,True,0.0,0.0
write_pair_reference_own_b384,couple,100,0,0,2,True,False,True,0.0,0.0
write_pair_reference_own_b384,darkgirl,282,0,0,0,False,True,True,0.7734714496837515,0.7734714496837515
write_pair_reference_own_b384,darkgirl,484,0,0,0,False,True,True,0.7367008735547406,0.7367008735547406
write_pair_reference_own_b384,darkgirl,486,0,0,0,False,True,True,0.7427580827707156,0.7427580827707156
write_pair_reference_own_b384,darkgirl,536,0,0,2,True,False,True,0.7415165116774903,0.7415165116774903
write_pair_reference_own_b384,darkouterwhiteboy,21,0,0,2,True,False,True,0.6259623274699584,0.6259623274699584
write_pair_reference_own_b384,darkouterwhiteboy,22,0,0,2,True,False,True,0.6400938318929525,0.6400938318929525
write_pair_reference_own_b384,darkouterwhiteboy,23,0,0,2,True,False,True,0.6608862548530791,0.6608862548530791
write_pair_reference_own_b384,darkouterwhiteboy,65,0,0,2,True,False,True,0.4440093875092588,0.4440093875092588
write_pair_reference_own_b384,darkouterwhiteboy,269,0,0,2,True,False,True,0.5764431566090484,0.5764431566090484
write_pair_reference_own_b384,darkouterwhiteboy,281,0,0,2,True,False,True,0.5772977597586165,0.5772977597586165
write_pair_reference_own_b384,darkouterwhiteboy,309,0,0,2,True,False,True,0.4210480075711082,0.4210480075711082
write_pair_reference_own_b384,darkouterwhiteboy,314,0,0,2,True,False,True,0.21853246803751863,0.21853246803751863
write_pair_reference_own_b384,darkouterwhiteboy,315,0,0,2,True,False,True,0.25468998665693277,0.25468998665693277
write_pair_reference_own_b384,darkouterwhiteboy,359,0,0,2,True,False,True,0.3618604176176293,0.3618604176176293
write_pair_reference_own_b384,darkouterwhiteboy,377,0,0,2,True,False,True,0.5088602854148904,0.5088602854148904
write_pair_reference_own_b384,darkouterwhiteboy,458,0,0,2,True,False,True,0.7745302355680715,0.7745302355680715
write_pair_reference_own_b384,darkouterwhiteboy,472,0,0,2,True,False,True,0.7918383121699305,0.7918383121699305
write_pair_reference_own_b384,darkouterwhiteboy,473,0,0,2,True,False,True,0.8460808377008527,0.8460808377008527
write_pair_reference_own_b384,darktreesboy,196,0,0,2,True,False,True,0.22089792228285043,0.22089792228285043
write_pair_reference_own_b384,darktreesboy,198,0,0,2,True,False,True,0.0,0.0
write_pair_reference_own_b384,darktreesboy,200,0,0,2,True,False,True,0.0,0.0
write_pair_reference_own_b384,darktreesboy,201,0,0,2,True,False,True,0.14240525053055736,0.14240525053055736
write_pair_reference_own_b384,drillmaster1117,276,0,0,0,False,True,True,0.9505856101160653,0.9505856101160653
write_pair_reference_own_b384,drillmaster1117,283,0,0,0,False,True,True,0.8997135200929496,0.8997135200929496
write_pair_reference_own_b384,drillmaster1117,284,0,0,0,False,True,True,0.9198742939861978,0.9198742939861978
write_pair_reference_own_b384,drillmaster1117,285,0,0,0,False,True,True,0.9155970429061105,0.9155970429061105
write_pair_reference_own_b384,drillmaster1117,286,0,0,0,False,True,True,0.9264919338173038,0.9264919338173038
write_pair_reference_own_b384,drillmaster1117,287,0,0,0,False,True,True,0.9318661595756703,0.9318661595756703
write_pair_reference_own_b384,drillmaster1117,288,0,0,0,False,True,True,0.909622169247839,0.909622169247839
write_pair_reference_own_b384,drillmaster1117,289,0,0,0,False,True,True,0.8904670768679364,0.8904670768679364
write_pair_reference_own_b384,drillmaster1117,290,0,0,0,False,True,True,0.8858412552172634,0.8858412552172634
write_pair_reference_own_b384,drillmaster1117,291,0,0,0,False,True,True,0.9518950327612592,0.9518950327612592
write_pair_reference_own_b384,drillmaster1117,292,0,0,0,False,True,True,0.9262560016761875,0.9262560016761875
write_pair_reference_own_b384,drillmaster1117,293,0,0,0,False,True,True,0.8753754490166092,0.8753754490166092
write_pair_reference_own_b384,drillmasterfollowingatright,313,0,0,2,True,False,True,0.7712821649399705,0.7712821649399705
write_pair_reference_own_b384,drillmasterfollowingatright,319,0,0,2,True,False,True,0.6456243898728938,0.6456243898728938
write_pair_reference_own_b384,drillmasterfollowingatright,320,0,0,2,True,False,True,0.8062288943010085,0.8062288943010085
write_pair_reference_own_b384,drillmasterfollowingatright,327,0,0,2,True,False,True,0.6784293592209812,0.6784293592209812
write_pair_reference_own_b384,drillmasterfollowingatright,328,0,0,2,True,False,True,0.7987077889678373,0.7987077889678373
write_pair_reference_own_b384,drillmasterfollowingatright,329,0,0,2,True,False,True,0.7840766320009316,0.7840766320009316
write_pair_reference_own_b384,drillmasterfollowingatright,330,0,1,2,True,False,True,0.7221340400404735,0.7221340400404735
write_pair_reference_own_b384,drillmasterfollowingatright,331,0,0,2,True,False,True,0.7015407284935058,0.7015407284935058
write_pair_reference_own_b384,drillmasterfollowingatright,332,0,1,2,True,False,True,0.8411329945662236,0.8411329945662236
write_pair_reference_own_b384,drillmasterfollowingatright,333,0,0,2,True,False,True,0.6784639891783427,0.6784639891783427
write_pair_reference_own_b384,drillmasterfollowingatright,334,0,0,2,True,False,True,0.5566476406477265,0.5566476406477265
write_pair_reference_own_b384,drillmasterfollowingatright,335,0,0,2,True,False,True,0.5069730642588137,0.5069730642588137
write_pair_reference_own_b384,drillmasterfollowingatright,336,0,0,2,True,False,True,0.3770239998364502,0.3770239998364502
write_pair_reference_own_b384,drillmasterfollowingatright,337,0,0,2,True,False,True,0.3226296646746763,0.3226296646746763
write_pair_reference_own_b384,drillmasterfollowingatright,351,0,0,2,True,False,True,0.0,0.0
write_pair_reference_own_b384,drillmasterfollowingatright,353,0,0,2,True,False,True,0.0,0.0
write_pair_reference_own_b384,drillmasterfollowingatright,354,0,0,2,True,False,True,0.0,0.0
write_pair_reference_own_b384,drillmasterfollowingatright,355,0,0,2,True,False,True,0.0,0.0
write_pair_reference_own_b384,drillmasterfollowingatright,356,0,0,2,True,False,True,0.0,0.0
write_pair_reference_own_b384,drillmasterfollowingatright,357,0,0,2,True,False,True,0.0,0.0
write_pair_reference_own_b384,drillmasterfollowingatright,365,0,0,2,True,False,True,0.0,0.0
write_pair_reference_own_b384,drillmasterfollowingatright,366,0,0,2,True,False,True,0.0,0.0
write_pair_reference_own_b384,drillmasterfollowingatright,376,0,0,2,True,False,True,0.0,0.0
write_pair_reference_own_b384,drillmasterfollowingatright,378,0,0,2,True,False,True,0.0,0.0
write_pair_reference_own_b384,drillmasterfollowingatright,379,0,0,2,True,False,True,0.0,0.0
write_pair_reference_own_b384,drillmasterfollowingatright,387,0,0,2,True,False,True,0.0,0.0
write_pair_reference_own_b384,drillmasterfollowingatright,388,0,0,2,True,False,True,0.0,0.0
write_pair_reference_own_b384,drillmasterfollowingatright,394,0,0,2,True,False,True,0.0,0.0
write_pair_reference_own_b384,drillmasterfollowingatright,396,0,0,2,True,False,True,0.0,0.0
write_pair_reference_own_b384,drillmasterfollowingatright,402,0,0,2,True,False,True,0.0,0.0
write_pair_reference_own_b384,drillmasterfollowingatright,444,0,0,2,True,False,True,0.0,0.0
write_pair_reference_own_b384,drillmasterfollowingatright,462,0,0,2,True,False,True,0.0,0.0
write_pair_reference_own_b384,drillmasterfollowingatright,467,0,0,2,True,False,True,0.0,0.0
write_pair_reference_own_b384,drillmasterfollowingatright,473,0,0,2,True,False,True,0.0,0.0
write_pair_reference_own_b384,drillmasterfollowingatright,483,0,0,2,True,False,True,0.0,0.0
write_pair_reference_own_b384,drillmasterfollowingatright,553,0,1,0,False,False,True,0.0,0.0
write_pair_reference_own_b384,drillmasterfollowingatright,554,0,0,2,True,False,True,0.0,0.0
write_pair_reference_own_b384,drillmasterfollowingatright,557,0,0,2,True,False,True,0.0,0.0
write_pair_reference_own_b384,drillmasterfollowingatright,558,0,0,2,True,False,True,0.0,0.0
write_pair_reference_own_b384,drillmasterfollowingatright,561,0,0,2,True,False,True,0.0,0.0
write_pair_reference_own_b384,drillmasterfollowingatright,562,0,0,2,True,False,True,0.0,0.0
write_pair_reference_own_b384,drillmasterfollowingatright,563,0,0,2,True,False,True,0.0,0.0
write_pair_reference_own_b384,drillmasterfollowingatright,564,0,0,2,True,False,True,0.0,0.0
write_pair_reference_own_b384,drillmasterfollowingatright,568,0,0,2,True,False,True,0.0,0.0
write_pair_reference_own_b384,drillmasterfollowingatright,570,0,0,2,True,False,True,0.0,0.0
write_pair_reference_own_b384,drillmasterfollowingatright,571,0,0,2,True,False,True,0.0,0.0
write_pair_reference_own_b384,drillmasterfollowingatright,580,0,0,2,True,False,True,0.0,0.0
write_pair_reference_own_b384,drillmasterfollowingatright,590,0,0,2,True,False,True,0.0,0.0
write_pair_reference_own_b384,drillmasterfollowingatright,593,0,0,2,True,False,True,0.0,0.0
write_pair_reference_own_b384,drillmasterfollowingatright,600,0,0,2,True,False,True,0.0,0.0
write_pair_reference_own_b384,drillmasterfollowingatright,602,0,0,2,True,False,True,0.0,0.0
write_pair_reference_own_b384,drillmasterfollowingatright,605,0,0,2,True,False,True,0.0,0.0
write_pair_reference_own_b384,drillmasterfollowingatright,620,0,0,2,True,False,True,0.0,0.0
write_pair_reference_own_b384,drillmasterfollowingatright,627,0,0,2,True,False,True,0.0,0.0
write_pair_reference_own_b384,drillmasterfollowingatright,640,0,0,2,True,False,True,0.0,0.0
write_pair_reference_own_b384,drillmasterfollowingatright,643,0,0,2,True,False,True,0.0,0.0
write_pair_reference_own_b384,drillmasterfollowingatright,646,0,0,2,True,False,True,0.0,0.0
write_pair_reference_own_b384,drillmasterfollowingatright,647,0,0,2,True,False,True,0.0,0.0
write_pair_reference_own_b384,drillmasterfollowingatright,657,0,0,2,True,False,True,0.0,0.0
write_pair_reference_own_b384,drillmasterfollowingatright,660,0,0,2,True,False,True,0.0,0.0
write_pair_reference_own_b384,drillmasterfollowingatright,663,0,0,2,True,False,True,0.0,0.0
write_pair_reference_own_b384,drillmasterfollowingatright,664,0,0,2,True,False,True,0.0,0.0
write_pair_reference_own_b384,drillmasterfollowingatright,665,0,0,2,True,False,True,0.0,0.0
write_pair_reference_own_b384,drillmasterfollowingatright,666,0,0,2,True,False,True,0.0,0.0
write_pair_reference_own_b384,drillmasterfollowingatright,667,0,0,2,True,False,True,0.0,0.0
write_pair_reference_own_b384,drillmasterfollowingatright,671,0,0,2,True,False,True,0.0,0.0
write_pair_reference_own_b384,drillmasterfollowingatright,672,0,0,2,True,False,True,0.0,0.0
write_pair_reference_own_b384,drillmasterfollowingatright,676,0,0,2,True,False,True,0.0,0.0
write_pair_reference_own_b384,drillmasterfollowingatright,679,0,0,2,True,False,True,0.0,0.0
write_pair_reference_own_b384,drillmasterfollowingatright,688,0,0,2,True,False,True,0.0,0.0
write_pair_reference_own_b384,drillmasterfollowingatright,721,0,0,2,True,False,True,0.0,0.0
write_pair_reference_own_b384,drillmasterfollowingatright,726,0,0,2,True,False,True,0.0,0.0
write_pair_reference_own_b384,drillmasterfollowingatright,727,0,0,2,True,False,True,0.0,0.0
write_pair_reference_own_b384,drillmasterfollowingatright,732,0,0,2,True,False,True,0.0,0.0
write_pair_reference_own_b384,drillmasterfollowingatright,733,0,0,2,True,False,True,0.0,0.0
write_pair_reference_own_b384,drillmasterfollowingatright,734,0,0,2,True,False,True,0.0,0.0
write_pair_reference_own_b384,drillmasterfollowingatright,744,0,0,2,True,False,True,0.0,0.0
write_pair_reference_own_b384,drillmasterfollowingatright,755,0,0,2,True,False,True,0.0,0.0
write_pair_reference_own_b384,drillmasterfollowingatright,763,0,0,2,True,False,True,0.0,0.0
write_pair_reference_own_b384,drillmasterfollowingatright,769,0,0,2,True,False,True,0.0,0.0
write_pair_reference_own_b384,farfatboy,117,0,0,2,True,False,True,0.0,0.0
write_pair_reference_own_b384,farfatboy,130,0,0,2,True,False,True,0.6762100604840657,0.6762100604840657
write_pair_reference_own_b384,farfatboy,165,0,0,2,True,False,True,0.6228055765648405,0.6228055765648405
write_pair_reference_own_b384,farfatboy,176,0,0,2,True,False,True,0.8177037454534052,0.8177037454534052
write_pair_reference_own_b384,farfatboy,204,0,0,2,True,False,True,0.6430057255534478,0.6430057255534478
write_pair_reference_own_b384,farfatboy,207,0,0,2,True,False,True,0.5445568435619579,0.5445568435619579
write_pair_reference_own_b384,farfatboy,208,0,0,2,True,False,True,0.6699345200241746,0.6699345200241746
write_pair_reference_own_b384,firstexercisebook,332,0,0,2,True,False,True,0.8985488537487067,0.8985488537487067
write_pair_reference_own_b384,foldedfolderatlefthand,451,0,0,2,True,False,True,0.0,0.0
write_pair_reference_own_b384,foldedfolderatlefthand,482,0,0,2,True,False,True,0.33056047976803415,0.33056047976803415
write_pair_reference_own_b384,foldedfolderatlefthand,533,0,0,2,True,False,True,0.02486700374679721,0.02486700374679721
write_pair_reference_own_b384,foldedfolderatlefthand,652,0,0,2,True,False,True,0.35951354636919275,0.35951354636919275
write_pair_reference_own_b384,foldedfolderatlefthand,814,0,0,2,True,False,True,0.49192030017425825,0.49192030017425825
write_pair_reference_own_b384,foldedfolderatlefthand,838,0,0,2,True,False,True,0.3774469463417867,0.3774469463417867
write_pair_reference_own_b384,foldedfolderatlefthand,901,0,0,2,True,False,True,0.7857010262666418,0.7857010262666418
write_pair_reference_own_b384,foldedfolderatlefthand,935,0,0,2,True,False,True,0.5852160327595523,0.5852160327595523
write_pair_reference_own_b384,foldedfolderatlefthand,1009,0,0,0,False,False,True,0.0,0.6204883090666943
write_pair_reference_own_b384,foldedfolderatlefthand,1088,0,0,2,True,False,True,0.0,0.0
write_pair_reference_own_b384,foldedfolderatlefthand,1138,0,0,2,True,False,True,0.8075624022755773,0.8075624022755773
write_pair_reference_own_b384,girlafterglassdoor,70,0,0,0,False,True,True,0.9349366539959076,0.9349366539959076
write_pair_reference_own_b384,girlafterglassdoor,71,0,0,0,False,True,True,0.9042727020349127,0.9042727020349127
write_pair_reference_own_b384,girlafterglassdoor,72,0,0,0,False,True,True,0.8962611139837648,0.8962611139837648
write_pair_reference_own_b384,girlafterglassdoor,73,0,0,0,False,True,True,0.8882974854990296,0.8882974854990296
write_pair_reference_own_b384,girlafterglassdoor,544,0,0,0,False,True,True,0.9037066049952811,0.9037066049952811
write_pair_reference_own_b384,girlafterglassdoor,699,0,0,0,False,True,True,0.7295526090657511,0.7295526090657511
write_pair_reference_own_b384,girlafterglassdoor,701,0,0,0,False,True,True,0.7436551416416177,0.7436551416416177
write_pair_reference_own_b384,girlafterglassdoor,702,0,0,0,False,True,True,0.7483970143850712,0.7483970143850712
write_pair_reference_own_b384,girlafterglassdoor,705,0,0,0,False,True,True,0.898788049621944,0.898788049621944
write_pair_reference_own_b384,girldownstairfromlight,282,0,1,0,False,False,True,0.0,0.0
write_pair_reference_own_b384,girllongskirt,89,0,0,2,True,False,True,0.7233044640655097,0.7233044640655097
write_pair_reference_own_b384,girllongskirt,113,0,0,2,True,False,True,0.38865734723510553,0.38865734723510553
write_pair_reference_own_b384,girllongskirt,114,0,0,2,True,False,True,0.46573265439975403,0.46573265439975403
write_pair_reference_own_b384,girllongskirt,116,0,0,2,True,False,True,0.5886190050505196,0.5886190050505196
write_pair_reference_own_b384,girllongskirt,117,0,0,2,True,False,True,0.6192179996770173,0.6192179996770173
write_pair_reference_own_b384,girllongskirt,118,0,0,2,True,False,True,0.5956081814961629,0.5956081814961629
write_pair_reference_own_b384,girllongskirt,121,0,0,2,True,False,True,0.253066764593574,0.253066764593574
write_pair_reference_own_b384,girllongskirt,123,0,0,2,True,False,True,0.572830415368177,0.572830415368177
write_pair_reference_own_b384,girllongskirt,124,0,0,2,True,False,True,0.6248829679192733,0.6248829679192733
write_pair_reference_own_b384,girllongskirt,126,0,0,2,True,False,True,0.18207078932775744,0.18207078932775744
write_pair_reference_own_b384,girllongskirt,128,0,0,2,True,False,True,0.5112936304556907,0.5112936304556907
write_pair_reference_own_b384,girllongskirt,130,0,0,2,True,False,True,0.28186019940643103,0.28186019940643103
write_pair_reference_own_b384,girllongskirt,135,0,0,2,True,False,True,0.37172260050436035,0.37172260050436035
write_pair_reference_own_b384,girllongskirt,136,0,0,2,True,False,True,0.04188644688821317,0.04188644688821317
write_pair_reference_own_b384,girllongskirt,139,0,0,2,True,False,True,0.5181862989930551,0.5181862989930551
write_pair_reference_own_b384,girllongskirt,140,0,0,2,True,False,True,0.5136763664504392,0.5136763664504392
write_pair_reference_own_b384,girllongskirt,141,0,0,2,True,False,True,0.0,0.0
write_pair_reference_own_b384,girllongskirt,142,0,0,2,True,False,True,0.0668937676543179,0.0668937676543179
write_pair_reference_own_b384,girllongskirt,143,0,0,2,True,False,True,0.06540116801256947,0.06540116801256947
write_pair_reference_own_b384,girllongskirt,144,0,0,2,True,False,True,0.01839441788957185,0.01839441788957185
write_pair_reference_own_b384,girllongskirt,146,0,0,2,True,False,True,0.4984168109018764,0.4984168109018764
write_pair_reference_own_b384,girllongskirt,149,0,0,2,True,False,True,0.48156660002577134,0.48156660002577134
write_pair_reference_own_b384,girllongskirt,150,0,0,2,True,False,True,0.3826053735382293,0.3826053735382293
write_pair_reference_own_b384,girllongskirt,151,0,0,2,True,False,True,0.3610498310587899,0.3610498310587899
write_pair_reference_own_b384,girllongskirt,152,0,0,2,True,False,True,0.3130472926550407,0.3130472926550407
write_pair_reference_own_b384,girllongskirt,162,0,0,2,True,False,True,0.770196173116409,0.770196173116409
write_pair_reference_own_b384,girllongskirt,170,0,0,2,True,False,True,0.8278269120566104,0.8278269120566104
write_pair_reference_own_b384,girllongskirt,188,0,0,2,True,False,True,0.05675041865865908,0.05675041865865908
write_pair_reference_own_b384,girllongskirt,197,0,0,2,True,False,True,0.03755511098269888,0.03755511098269888
write_pair_reference_own_b384,girllongskirt,198,0,0,2,True,False,True,0.06704716866630638,0.06704716866630638
write_pair_reference_own_b384,girllongskirt,199,0,0,2,True,False,True,0.7438407520885476,0.7438407520885476
write_pair_reference_own_b384,girllongskirt,203,0,0,2,True,False,True,0.8650730648287271,0.8650730648287271
write_pair_reference_own_b384,girllongskirt,213,0,0,2,True,False,True,0.6326656384216752,0.6326656384216752
write_pair_reference_own_b384,girlof2leaders,67,0,0,2,True,False,True,0.8400337264994095,0.8400337264994095
write_pair_reference_own_b384,girlof2leaders,71,0,0,2,True,False,True,0.8993468547516541,0.8993468547516541
write_pair_reference_own_b384,girlof2leaders,76,0,0,2,True,False,True,0.8266215644292881,0.8266215644292881
write_pair_reference_own_b384,girlof2leaders,128,0,1,2,True,False,True,0.7685589363238097,0.7685589363238097
write_pair_reference_own_b384,girlof2leaders,129,0,1,2,True,False,True,0.40349910339297135,0.40349910339297135
write_pair_reference_own_b384,girlof2leaders,362,0,0,2,True,False,True,0.0,0.0
write_pair_reference_own_b384,girlof2leaders,378,0,0,2,True,False,True,0.20294090635098858,0.20294090635098858
write_pair_reference_own_b384,girlof2leaders,390,0,0,2,True,False,True,0.2759200339005109,0.2759200339005109
write_pair_reference_own_b384,girlof2leaders,525,0,0,2,True,False,True,0.6347832815962188,0.6347832815962188
write_pair_reference_own_b384,girlof2leaders,544,0,0,2,True,False,True,0.23923564272892794,0.23923564272892794
write_pair_reference_own_b384,girlof2leaders,552,0,0,2,True,False,True,0.24226142421397473,0.24226142421397473
write_pair_reference_own_b384,girlof2leaders,553,0,0,2,True,False,True,0.47014200693377,0.47014200693377
write_pair_reference_own_b384,girlof2leaders,555,0,0,2,True,False,True,0.14197790224765056,0.14197790224765056
write_pair_reference_own_b384,girlof2leaders,559,0,0,2,True,False,True,0.5269435192061944,0.5269435192061944
write_pair_reference_own_b384,girlof2leaders,584,0,0,2,True,False,True,0.17348087669677317,0.17348087669677317
write_pair_reference_own_b384,girlof2leaders,698,0,0,2,True,False,True,0.0,0.0
write_pair_reference_own_b384,girlof2leaders,704,0,0,2,True,False,True,0.0,0.0
write_pair_reference_own_b384,girlof2leaders,705,0,0,2,True,False,True,0.0,0.0
write_pair_reference_own_b384,girlof2leaders,731,0,0,2,True,False,True,0.8869672207125736,0.8869672207125736
write_pair_reference_own_b384,girlof2leaders,741,0,0,2,True,False,True,0.851298024706997,0.851298024706997
write_pair_reference_own_b384,girlof2leaders,747,0,0,2,True,False,True,0.0,0.0
write_pair_reference_own_b384,girlof2leaders,753,0,0,2,True,False,True,0.8730416849510736,0.8730416849510736
write_pair_reference_own_b384,girlof2leaders,758,0,0,2,True,False,True,0.9059727021385602,0.9059727021385602
write_pair_reference_own_b384,girlof2leaders,770,0,0,2,True,False,True,0.8919158080794399,0.8919158080794399
write_pair_reference_own_b384,girlof2leaders,771,0,1,2,True,False,True,0.9257786616754151,0.9257786616754151
write_pair_reference_own_b384,girlof2leaders,772,0,0,2,True,False,True,0.8539796967106587,0.8539796967106587
write_pair_reference_own_b384,girlof2leaders,774,0,0,2,True,False,True,0.8178534750765859,0.8178534750765859
write_pair_reference_own_b384,girlof2leaders,796,0,0,2,True,False,True,0.5778066641461453,0.5778066641461453
write_pair_reference_own_b384,girlof2leaders,802,0,0,2,True,False,True,0.9400477065683905,0.9400477065683905
write_pair_reference_own_b384,girlof2leaders,806,0,0,2,True,False,True,0.0,0.0
write_pair_reference_own_b384,girlof2leaders,810,0,0,2,True,False,True,0.6730325789649195,0.6730325789649195
write_pair_reference_own_b384,girlof2leaders,811,0,0,2,True,False,True,0.821380744036156,0.821380744036156
write_pair_reference_own_b384,girlof2leaders,822,0,0,2,True,False,True,0.8644447974683056,0.8644447974683056
write_pair_reference_own_b384,girlof2leaders,826,0,0,2,True,False,True,0.8060762593405854,0.8060762593405854
write_pair_reference_own_b384,girlof2leaders,828,0,0,2,True,False,True,0.795127602663873,0.795127602663873
write_pair_reference_own_b384,girlof2leaders,832,0,0,2,True,False,True,0.8000018164541982,0.8000018164541982
write_pair_reference_own_b384,girlof2leaders,833,0,0,2,True,False,True,0.8226812333411989,0.8226812333411989
write_pair_reference_own_b384,girlof2leaders,834,0,0,2,True,False,True,0.7803875515345238,0.7803875515345238
write_pair_reference_own_b384,girlof2leaders,850,0,0,2,True,False,True,0.7127985676072549,0.7127985676072549
write_pair_reference_own_b384,girlof2leaders,851,0,0,2,True,False,True,0.7786272107054232,0.7786272107054232
write_pair_reference_own_b384,girlof2leaders,861,0,0,2,True,False,True,0.7070091561927457,0.7070091561927457
write_pair_reference_own_b384,girlof2leaders,863,0,0,2,True,False,True,0.8021037294331381,0.8021037294331381
write_pair_reference_own_b384,girlof2leaders,865,0,0,2,True,False,True,0.7520863563501148,0.7520863563501148
write_pair_reference_own_b384,girlof2leaders,871,0,0,2,True,False,True,0.7151499464318561,0.7151499464318561
write_pair_reference_own_b384,girlof2leaders,872,0,0,2,True,False,True,0.6765348764645612,0.6765348764645612
write_pair_reference_own_b384,girlof2leaders,874,0,0,2,True,False,True,0.5326541901728589,0.5326541901728589
write_pair_reference_own_b384,girlof2leaders,875,0,0,2,True,False,True,0.7023413130253854,0.7023413130253854
write_pair_reference_own_b384,girlof2leaders,876,0,0,2,True,False,True,0.5716983535194395,0.5716983535194395
write_pair_reference_own_b384,girlof2leaders,878,0,0,2,True,False,True,0.7740386804796949,0.7740386804796949
write_pair_reference_own_b384,girlof2leaders,879,0,0,2,True,False,True,0.29711902725452155,0.29711902725452155
write_pair_reference_own_b384,girlof2leaders,880,0,0,2,True,False,True,0.3615175261691161,0.3615175261691161
write_pair_reference_own_b384,girlof2leaders,882,0,0,2,True,False,True,0.418588238366199,0.418588238366199
write_pair_reference_own_b384,girlof2leaders,886,0,0,2,True,False,True,0.7898180763775954,0.7898180763775954
write_pair_reference_own_b384,girlof2leaders,887,0,0,2,True,False,True,0.8609927683828238,0.8609927683828238
write_pair_reference_own_b384,girlof2leaders,888,0,0,2,True,False,True,0.3768844025161365,0.3768844025161365
write_pair_reference_own_b384,girlof2leaders,889,0,0,2,True,False,True,0.32836643466268595,0.32836643466268595
write_pair_reference_own_b384,girlof2leaders,891,0,0,2,True,False,True,0.24545230789201297,0.24545230789201297
write_pair_reference_own_b384,girlof2leaders,892,0,0,2,True,False,True,0.36314442177443396,0.36314442177443396
write_pair_reference_own_b384,girlof2leaders,896,0,0,2,True,False,True,0.28049048097722656,0.28049048097722656
write_pair_reference_own_b384,girlof2leaders,899,0,0,2,True,False,True,0.0,0.0
write_pair_reference_own_b384,girlof2leaders,902,0,0,2,True,False,True,0.19846391749694006,0.19846391749694006
write_pair_reference_own_b384,girlof2leaders,903,0,0,2,True,False,True,0.2552802282082229,0.2552802282082229
write_pair_reference_own_b384,girlof2leaders,904,0,0,2,True,False,True,0.26702209967681934,0.26702209967681934
write_pair_reference_own_b384,girlof2leaders,906,0,0,2,True,False,True,0.22788674003474518,0.22788674003474518
write_pair_reference_own_b384,girlof2leaders,915,0,0,2,True,False,True,0.7866444254215973,0.7866444254215973
write_pair_reference_own_b384,girlof2leaders,916,0,0,2,True,False,True,0.788693705962346,0.788693705962346
write_pair_reference_own_b384,girlof2leaders,919,0,0,2,True,False,True,0.8091376084914381,0.8091376084914381
write_pair_reference_own_b384,girlof2leaders,933,0,0,2,True,False,True,0.8369434527323996,0.8369434527323996
write_pair_reference_own_b384,girlof2leaders,935,0,0,2,True,False,True,0.7431972924647474,0.7431972924647474
write_pair_reference_own_b384,girlof2leaders,936,0,0,2,True,False,True,0.8304310313694848,0.8304310313694848
write_pair_reference_own_b384,girlof2leaders,952,0,0,2,True,False,True,0.0,0.0
write_pair_reference_own_b384,girlof2leaders,955,0,0,2,True,False,True,0.023513558263782024,0.023513558263782024
write_pair_reference_own_b384,girlof2leaders,957,0,0,2,True,False,True,0.0,0.0
write_pair_reference_own_b384,girlof2leaders,979,0,0,2,True,False,True,0.0,0.0
write_pair_reference_own_b384,girlof2leaders,981,0,0,2,True,False,True,0.0,0.0
write_pair_reference_own_b384,girlof2leaders,982,0,0,2,True,False,True,0.0,0.0
write_pair_reference_own_b384,girlrightthewautress,53,0,0,2,True,False,True,0.5914191243482313,0.5914191243482313
write_pair_reference_own_b384,girlrightthewautress,54,0,0,2,True,False,True,0.5814886892988861,0.5814886892988861
write_pair_reference_own_b384,girlrightthewautress,57,0,0,2,True,False,True,0.5902942290680985,0.5902942290680985
write_pair_reference_own_b384,girlrightthewautress,59,0,0,2,True,False,True,0.6487140520284858,0.6487140520284858
write_pair_reference_own_b384,girlrightthewautress,60,0,0,2,True,False,True,0.6283603066162722,0.6283603066162722
write_pair_reference_own_b384,girlrightthewautress,116,0,0,2,True,False,True,0.7104256969886766,0.7104256969886766
write_pair_reference_own_b384,girlrightthewautress,117,0,0,2,True,False,True,0.6819214117213295,0.6819214117213295
write_pair_reference_own_b384,girlrightthewautress,118,0,1,2,True,False,True,0.6358710775398443,0.6358710775398443
write_pair_reference_own_b384,girlrightthewautress,119,0,0,0,False,False,True,0.4351305101636269,0.0
write_pair_reference_own_b384,girlrightthewautress,190,0,0,0,False,False,True,0.0,0.7203464103800699
write_pair_reference_own_b384,girlunderthestreetlamp,2285,0,0,2,True,False,True,0.7749819094061587,0.7749819094061587
write_pair_reference_own_b384,guardunderthecolumn,185,0,0,2,True,False,True,0.5755846620970024,0.5755846620970024
write_pair_reference_own_b384,guardunderthecolumn,186,0,0,2,True,False,True,0.5829878758220307,0.5829878758220307
write_pair_reference_own_b384,guardunderthecolumn,187,0,0,2,True,False,True,0.3227395265870745,0.3227395265870745
write_pair_reference_own_b384,guardunderthecolumn,188,0,0,2,True,False,True,0.25499381537836735,0.25499381537836735
write_pair_reference_own_b384,guardunderthecolumn,189,0,0,2,True,False,True,0.3028883205900267,0.3028883205900267
write_pair_reference_own_b384,guardunderthecolumn,190,0,0,2,True,False,True,0.2984110180236006,0.2984110180236006
write_pair_reference_own_b384,guardunderthecolumn,194,0,0,2,True,False,True,0.26527461265745333,0.26527461265745333
write_pair_reference_own_b384,guardunderthecolumn,195,0,0,2,True,False,True,0.21391945218280903,0.21391945218280903
write_pair_reference_own_b384,hugboy,75,0,0,0,False,True,True,0.7940682408852028,0.7940682408852028
write_pair_reference_own_b384,hugboy,76,0,0,0,False,True,True,0.7987263656881239,0.7987263656881239
write_pair_reference_own_b384,hugboy,77,0,0,0,False,True,True,0.8581691518446989,0.8581691518446989
write_pair_reference_own_b384,hugboy,78,0,0,0,False,True,True,0.8177223322339836,0.8177223322339836
write_pair_reference_own_b384,hugboy,79,0,0,0,False,True,True,0.8824655984703799,0.8824655984703799
write_pair_reference_own_b384,hugboy,499,0,0,2,True,False,True,0.8487978390917521,0.8487978390917521
write_pair_reference_own_b384,hyalinepaperfrontface,609,0,0,0,False,False,True,0.08271409268323526,0.0
write_pair_reference_own_b384,hyalinepaperfrontface,612,0,1,0,False,False,True,0.0,0.09737540027150396
write_pair_reference_own_b384,hyalinepaperfrontface,613,0,0,2,True,False,True,0.07060292340136158,0.07060292340136158
write_pair_reference_own_b384,hyalinepaperfrontface,617,0,1,0,False,False,True,0.0,0.5058893034278582
write_pair_reference_own_b384,hyalinepaperfrontface,648,0,1,0,False,False,True,0.0,0.5162208339984453
write_pair_reference_own_b384,hyalinepaperfrontface,689,0,1,0,False,False,True,0.4605820691692789,0.0
write_pair_reference_own_b384,hyalinepaperfrontface,690,0,1,0,False,False,True,0.0,0.02810512321078221
write_pair_reference_own_b384,hyalinepaperfrontface,770,0,1,0,False,False,True,0.0,0.18886806968596695
write_pair_reference_own_b384,hyalinepaperfrontface,816,0,1,2,True,False,True,0.0,0.0
write_pair_reference_own_b384,hyalinepaperfrontface,817,0,0,2,True,False,True,0.0,0.0
write_pair_reference_own_b384,hyalinepaperfrontface,827,0,1,0,False,False,True,0.0,0.0
write_pair_reference_own_b384,hyalinepaperfrontface,832,0,1,0,False,False,True,0.5828490610488058,0.0
write_pair_reference_own_b384,hyalinepaperfrontface,843,0,1,0,False,False,True,0.0,0.0
write_pair_reference_own_b384,hyalinepaperfrontface,854,0,0,2,True,False,True,0.4012315014240834,0.4012315014240834
write_pair_reference_own_b384,hyalinepaperfrontface,855,0,0,2,True,False,True,0.49021114661699944,0.49021114661699944
write_pair_reference_own_b384,hyalinepaperfrontface,897,0,0,2,True,False,True,0.5261789534969031,0.5261789534969031
write_pair_reference_own_b384,hyalinepaperfrontface,935,0,0,0,False,False,True,0.16263999765165424,0.0
write_pair_reference_own_b384,hyalinepaperfrontface,939,0,1,0,False,False,True,0.0,0.3337096260442371
write_pair_reference_own_b384,hyalinepaperfrontface,951,0,0,0,False,False,True,0.23790074148080737,0.0
write_pair_reference_own_b384,hyalinepaperfrontface,1187,0,1,0,False,False,True,0.0,0.616235998709787
write_pair_reference_own_b384,hyalinepaperfrontface,1275,0,0,2,True,False,True,0.0,0.0
write_pair_reference_own_b384,hyalinepaperfrontface,1379,0,1,0,False,False,True,0.0,0.02006202006531324
write_pair_reference_own_b384,hyalinepaperfrontface,1446,0,1,0,False,False,True,0.002745795815233992,0.0
write_pair_reference_own_b384,hyalinepaperfrontface,1448,0,1,2,True,False,True,0.0,0.5100100931374205
write_pair_reference_own_b384,hyalinepaperfrontface,1712,0,0,0,False,False,True,0.08122745847527825,0.0
write_pair_reference_own_b384,hyalinepaperfrontface,2138,0,1,0,False,False,True,0.0,0.0
write_pair_reference_own_b384,hyalinepaperfrontface,2303,0,2,0,False,False,True,0.0,0.038756186149221036
write_pair_reference_own_b384,hyalinepaperfrontface,2337,0,0,2,True,False,True,0.4625379689444022,0.4625379689444022
write_pair_reference_own_b384,hyalinepaperfrontface,2360,0,0,2,True,False,True,0.6797441086524916,0.6797441086524916
write_pair_reference_own_b384,hyalinepaperfrontface,2362,0,0,2,True,False,True,0.7726328283090997,0.7726328283090997
write_pair_reference_own_b384,hyalinepaperfrontface,2363,0,0,2,True,False,True,0.7270308305959119,0.7270308305959119
write_pair_reference_own_b384,hyalinepaperfrontface,2364,0,0,2,True,False,True,0.739616794874415,0.739616794874415
write_pair_reference_own_b384,hyalinepaperfrontface,2367,0,0,2,True,False,True,0.6704763343576297,0.6704763343576297
write_pair_reference_own_b384,hyalinepaperfrontface,2368,0,0,2,True,False,True,0.709490413029869,0.709490413029869
write_pair_reference_own_b384,hyalinepaperfrontface,2373,0,0,2,True,False,True,0.8148030129976849,0.8148030129976849
write_pair_reference_own_b384,hyalinepaperfrontface,2390,0,0,2,True,False,True,0.8719482248720295,0.8719482248720295
write_pair_reference_own_b384,hyalinepaperfrontface,2395,0,0,2,True,False,True,0.7861550355740721,0.7861550355740721
write_pair_reference_own_b384,hyalinepaperfrontface,2396,0,0,2,True,False,True,0.7313940989780875,0.7313940989780875
write_pair_reference_own_b384,hyalinepaperfrontface,2397,0,0,2,True,False,True,0.6714783169250926,0.6714783169250926
write_pair_reference_own_b384,hyalinepaperfrontface,2399,0,0,2,True,False,True,0.8200925977884735,0.8200925977884735
write_pair_reference_own_b384,hyalinepaperfrontface,2400,0,0,2,True,False,True,0.7485596806217663,0.7485596806217663
write_pair_reference_own_b384,hyalinepaperfrontface,2402,0,0,2,True,False,True,0.8306362039659008,0.8306362039659008
write_pair_reference_own_b384,hyalinepaperfrontface,2403,0,0,2,True,False,True,0.8270152476232506,0.8270152476232506
write_pair_reference_own_b384,hyalinepaperfrontface,2404,0,0,2,True,False,True,0.7414016080930322,0.7414016080930322
write_pair_reference_own_b384,hyalinepaperfrontface,2406,0,0,2,True,False,True,0.7607313314362236,0.7607313314362236
write_pair_reference_own_b384,hyalinepaperfrontface,2409,0,0,2,True,False,True,0.7857039876263207,0.7857039876263207
write_pair_reference_own_b384,hyalinepaperfrontface,2411,0,0,2,True,False,True,0.6967284391298719,0.6967284391298719
write_pair_reference_own_b384,hyalinepaperfrontface,2412,0,0,2,True,False,True,0.7715429420065675,0.7715429420065675
write_pair_reference_own_b384,hyalinepaperfrontface,2413,0,0,2,True,False,True,0.8315930048462601,0.8315930048462601
write_pair_reference_own_b384,hyalinepaperfrontface,2416,0,0,2,True,False,True,0.8507725467222976,0.8507725467222976
write_pair_reference_own_b384,hyalinepaperfrontface,2417,0,0,2,True,False,True,0.5617463553864709,0.5617463553864709
write_pair_reference_own_b384,hyalinepaperfrontface,2419,0,0,2,True,False,True,0.20084006737174334,0.20084006737174334
write_pair_reference_own_b384,hyalinepaperfrontface,2464,0,0,2,True,False,True,0.9494583385415521,0.9494583385415521
write_pair_reference_own_b384,hyalinepaperfrontface,2465,0,0,2,True,False,True,0.9323720610175492,0.9323720610175492
write_pair_reference_own_b384,hyalinepaperfrontface,2468,0,0,2,True,False,True,0.5345182523179272,0.5345182523179272
write_pair_reference_own_b384,hyalinepaperfrontface,3054,0,0,2,True,False,True,0.8053084178076506,0.8053084178076506
write_pair_reference_own_b384,hyalinepaperfrontface,3055,0,0,2,True,False,True,0.80801882067988,0.80801882067988
write_pair_reference_own_b384,hyalinepaperfrontface,3056,0,0,2,True,False,True,0.6980687417769552,0.6980687417769552
write_pair_reference_own_b384,hyalinepaperfrontface,3135,0,0,2,True,False,True,0.8293352087895308,0.8293352087895308
write_pair_reference_own_b384,hyalinepaperfrontface,3136,0,0,2,True,False,True,0.8564338172952862,0.8564338172952862
write_pair_reference_own_b384,hyalinepaperfrontface,3144,0,2,0,False,False,True,0.0,0.0
write_pair_reference_own_b384,hyalinepaperfrontface,3145,0,1,0,False,False,True,0.0,0.0
write_pair_reference_own_b384,hyalinepaperfrontface,3186,0,1,0,False,False,True,0.0,0.0
write_pair_reference_own_b384,hyalinepaperfrontface,3188,0,1,0,False,False,True,0.0,0.40765646643585435
write_pair_reference_own_b384,hyalinepaperfrontface,3248,0,1,0,False,False,True,0.0,0.0
write_pair_reference_own_b384,hyalinepaperfrontface,3261,0,1,0,False,False,True,0.0,0.0
write_pair_reference_own_b384,hyalinepaperfrontface,3273,0,1,0,False,False,True,0.595209131144484,0.0
write_pair_reference_own_b384,hyalinepaperfrontface,3297,0,1,0,False,False,True,0.0,0.0
write_pair_reference_own_b384,hyalinepaperfrontface,3305,0,1,0,False,False,True,0.22656769764688545,0.0
write_pair_reference_own_b384,hyalinepaperfrontface,3313,0,0,2,True,False,True,0.0,0.0
write_pair_reference_own_b384,hyalinepaperfrontface,3335,0,1,0,False,False,True,0.0,0.0
write_pair_reference_own_b384,hyalinepaperfrontface,3413,0,0,2,True,False,True,0.709954938928173,0.709954938928173
write_pair_reference_own_b384,hyalinepaperfrontface,3507,0,0,0,False,False,True,0.6400438762882993,0.0
write_pair_reference_own_b384,hyalinepaperfrontface,4316,0,1,0,False,False,True,0.0,0.0
write_pair_reference_own_b384,large,27,0,0,2,True,False,True,0.7625160322314793,0.7625160322314793
write_pair_reference_own_b384,lastleftgirl,86,0,0,2,True,False,True,0.0,0.0
write_pair_reference_own_b384,lastleftgirl,87,0,0,2,True,False,True,0.0,0.0
write_pair_reference_own_b384,lastleftgirl,99,0,0,2,True,False,True,0.6000334298205598,0.6000334298205598
write_pair_reference_own_b384,lastleftgirl,101,0,0,2,True,False,True,0.5084226072305674,0.5084226072305674
write_pair_reference_own_b384,lastleftgirl,103,0,0,2,True,False,True,0.7051580394562196,0.7051580394562196
write_pair_reference_own_b384,lastleftgirl,104,0,0,2,True,False,True,0.6958284389794043,0.6958284389794043
write_pair_reference_own_b384,lastleftgirl,107,0,0,2,True,False,True,0.6127272166733809,0.6127272166733809
write_pair_reference_own_b384,lastleftgirl,108,0,0,2,True,False,True,0.5742037336423644,0.5742037336423644
write_pair_reference_own_b384,lastleftgirl,113,0,0,2,True,False,True,0.49816306821021766,0.49816306821021766
write_pair_reference_own_b384,lastleftgirl,114,0,0,2,True,False,True,0.5317908119032141,0.5317908119032141
write_pair_reference_own_b384,lastleftgirl,116,0,0,2,True,False,True,0.23437985898980881,0.23437985898980881
write_pair_reference_own_b384,lastleftgirl,133,0,0,2,True,False,True,0.0,0.0
write_pair_reference_own_b384,lastleftgirl,174,0,0,2,True,False,True,0.0,0.0
write_pair_reference_own_b384,lastleftgirl,214,0,0,2,True,False,True,0.0,0.0
write_pair_reference_own_b384,lastleftgirl,228,0,0,2,True,False,True,0.0,0.0
write_pair_reference_own_b384,lastleftgirl,236,0,0,2,True,False,True,0.0,0.0
write_pair_reference_own_b384,lastleftgirl,247,0,0,2,True,False,True,0.0,0.0
write_pair_reference_own_b384,lastleftgirl,250,0,0,2,True,False,True,0.0,0.0
write_pair_reference_own_b384,lastleftgirl,348,0,0,2,True,False,True,0.0,0.0
write_pair_reference_own_b384,lastleftgirl,349,0,0,2,True,False,True,0.0,0.0
write_pair_reference_own_b384,lastleftgirl,360,0,0,2,True,False,True,0.0,0.0
write_pair_reference_own_b384,lastleftgirl,488,0,0,2,True,False,True,0.0,0.0
write_pair_reference_own_b384,lastleftgirl,563,0,1,0,False,False,True,0.0,0.0
write_pair_reference_own_b384,lastleftgirl,583,0,0,2,True,False,True,0.0,0.0
write_pair_reference_own_b384,lastleftgirl,594,0,0,2,True,False,True,0.0,0.0
write_pair_reference_own_b384,lastleftgirl,595,0,0,2,True,False,True,0.0,0.0
write_pair_reference_own_b384,lastleftgirl,596,0,0,2,True,False,True,0.0,0.0
write_pair_reference_own_b384,lastleftgirl,597,0,0,2,True,False,True,0.0,0.0
write_pair_reference_own_b384,lastleftgirl,795,0,0,2,True,False,True,0.0,0.0
write_pair_reference_own_b384,lastleftgirl,1102,0,0,0,False,False,True,0.0,0.0
write_pair_reference_own_b384,leftblkTboy,233,0,0,2,True,False,True,0.7215611180194609,0.7215611180194609
write_pair_reference_own_b384,leftblkTboy,235,0,0,2,True,False,True,0.7932600583613438,0.0
write_pair_reference_own_b384,leftblkTboy,268,0,0,2,True,False,True,0.0,0.0
write_pair_reference_own_b384,leftblkTboy,270,0,1,2,True,False,True,0.0,0.0
write_pair_reference_own_b384,leftblkTboy,271,0,1,2,True,False,True,0.0,0.0
write_pair_reference_own_b384,leftblkTboy,274,0,1,2,True,False,True,0.0,0.0
write_pair_reference_own_b384,leftblkTboy,275,0,0,2,True,False,True,0.0,0.0
write_pair_reference_own_b384,leftblkTboy,276,0,1,2,True,False,True,0.0,0.0
write_pair_reference_own_b384,leftblkTboy,278,0,0,2,True,False,True,0.0,0.0
write_pair_reference_own_b384,leftblkTboy,280,0,0,0,False,True,True,0.0,0.5754789243146452
write_pair_reference_own_b384,leftblkTboy,350,0,0,2,True,False,True,0.7215660029167706,0.7215660029167706
write_pair_reference_own_b384,leftblkTboy,355,0,0,2,True,False,True,0.37547311934314004,0.37547311934314004
write_pair_reference_own_b384,leftblkTboy,374,0,0,2,True,False,True,0.6357820651656806,0.6357820651656806
write_pair_reference_own_b384,leftblkTboy,388,0,0,2,True,False,True,0.8624615326858275,0.8624615326858275
write_pair_reference_own_b384,leftblkTboy,389,0,0,2,True,False,True,0.8272886430496236,0.8272886430496236
write_pair_reference_own_b384,leftblkTboy,391,0,0,2,True,False,True,0.8682997646910801,0.8682997646910801
write_pair_reference_own_b384,leftblkTboy,392,0,0,2,True,False,True,0.8343691680232402,0.8343691680232402
write_pair_reference_own_b384,leftblkTboy,393,0,0,2,True,False,True,0.7256462426908916,0.7256462426908916
write_pair_reference_own_b384,leftblkTboy,409,0,0,2,True,False,True,0.5929082216514685,0.5929082216514685
write_pair_reference_own_b384,leftblkTboy,413,0,1,2,True,False,True,0.454567922983124,0.454567922983124
write_pair_reference_own_b384,leftblkTboy,414,0,0,2,True,False,True,0.45679178054331043,0.45679178054331043
write_pair_reference_own_b384,leftblkTboy,415,0,0,2,True,False,True,0.4912457598950383,0.4912457598950383
write_pair_reference_own_b384,leftblkTboy,416,0,0,2,True,False,True,0.5371688950526562,0.5371688950526562
write_pair_reference_own_b384,leftblkTboy,509,0,1,2,True,False,True,0.0,0.0
write_pair_reference_own_b384,leftblkTboy,513,0,0,2,True,False,True,0.0,0.6355802665595454
write_pair_reference_own_b384,leftblkTboy,917,0,0,2,True,False,True,0.8052743115659251,0.8052743115659251
write_pair_reference_own_b384,leftblkTboy,924,0,0,2,True,False,True,0.7545851816919448,0.7545851816919448
write_pair_reference_own_b384,leftblkTboy,925,0,0,2,True,False,True,0.7922377633666443,0.7922377633666443
write_pair_reference_own_b384,leftblkTboy,926,0,0,2,True,False,True,0.7635415570929843,0.7635415570929843
write_pair_reference_own_b384,leftblkTboy,927,0,0,2,True,False,True,0.7252336841264142,0.7252336841264142
write_pair_reference_own_b384,leftblkTboy,928,0,0,2,True,False,True,0.656410105807189,0.656410105807189
write_pair_reference_own_b384,leftblkTboy,929,0,0,2,True,False,True,0.7284480976767904,0.7284480976767904
write_pair_reference_own_b384,leftblkTboy,931,0,0,2,True,False,True,0.7749771651776234,0.7749771651776234
write_pair_reference_own_b384,leftblkTboy,932,0,0,2,True,False,True,0.7309736570191787,0.7309736570191787
write_pair_reference_own_b384,leftblkTboy,933,0,0,2,True,False,True,0.6690536784619419,0.6690536784619419
write_pair_reference_own_b384,leftblkTboy,934,0,0,2,True,False,True,0.0,0.0
write_pair_reference_own_b384,leftblkTboy,937,0,0,2,True,False,True,0.35861350968919153,0.35861350968919153
write_pair_reference_own_b384,leftblkTboy,944,0,0,2,True,False,True,0.0,0.0
write_pair_reference_own_b384,leftblkTboy,951,0,0,2,True,False,True,0.899573070246943,0.899573070246943
write_pair_reference_own_b384,leftblkTboy,954,0,0,2,True,False,True,0.0,0.0
write_pair_reference_own_b384,leftblkTboy,955,0,0,2,True,False,True,0.6964863989721821,0.6964863989721821
write_pair_reference_own_b384,leftblkTboy,957,0,0,2,True,False,True,0.6410978727271122,0.6410978727271122
write_pair_reference_own_b384,leftblkTboy,958,0,0,2,True,False,True,0.7241504375286283,0.7241504375286283
write_pair_reference_own_b384,leftblkTboy,961,0,0,2,True,False,True,0.473670046200085,0.473670046200085
write_pair_reference_own_b384,leftblkTboy,962,0,0,2,True,False,True,0.5193955648359377,0.5193955648359377
write_pair_reference_own_b384,leftblkTboy,963,0,0,2,True,False,True,0.3096168225357499,0.3096168225357499
write_pair_reference_own_b384,leftblkTboy,965,0,0,2,True,False,True,0.23960876731897965,0.23960876731897965
write_pair_reference_own_b384,leftblkTboy,966,0,0,2,True,False,True,0.2787631649492304,0.2787631649492304
write_pair_reference_own_b384,leftblkTboy,968,0,0,2,True,False,True,0.33940276857808166,0.33940276857808166
write_pair_reference_own_b384,leftblkTboy,969,0,0,2,True,False,True,0.776200624742308,0.776200624742308
write_pair_reference_own_b384,leftblkTboy,973,0,0,2,True,False,True,0.8286550950081448,0.8286550950081448
write_pair_reference_own_b384,leftblkTboy,974,0,0,2,True,False,True,0.0,0.0
write_pair_reference_own_b384,leftblkTboy,975,0,0,2,True,False,True,0.0,0.0
write_pair_reference_own_b384,leftblkTboy,976,0,0,2,True,False,True,0.008137438274963984,0.008137438274963984
write_pair_reference_own_b384,leftblkTboy,977,0,0,2,True,False,True,0.0,0.0
write_pair_reference_own_b384,leftblkTboy,984,0,0,2,True,False,True,0.13510878950829489,0.13510878950829489
write_pair_reference_own_b384,leftblkTboy,996,0,0,2,True,False,True,0.0,0.0
write_pair_reference_own_b384,leftblkTboy,1014,0,0,2,True,False,True,0.3868747236906658,0.3868747236906658
write_pair_reference_own_b384,leftblkTboy,1015,0,0,2,True,False,True,0.6904864475450452,0.6904864475450452
write_pair_reference_own_b384,leftblkTboy,1018,0,0,2,True,False,True,0.7754901795222312,0.7754901795222312
write_pair_reference_own_b384,leftblkTboy,1058,0,0,2,True,False,True,0.0,0.0
write_pair_reference_own_b384,leftblkTboy,1060,0,0,2,True,False,True,0.0,0.0
write_pair_reference_own_b384,leftblkTboy,1238,0,0,2,True,False,True,0.14277546715781683,0.14277546715781683
write_pair_reference_own_b384,leftblkTboy,1239,0,0,2,True,False,True,0.15810418183014602,0.15810418183014602
write_pair_reference_own_b384,leftblkTboy,1241,0,0,2,True,False,True,0.23238953444346672,0.23238953444346672
write_pair_reference_own_b384,leftblkTboy,1243,0,0,2,True,False,True,0.4649441461569045,0.4649441461569045
write_pair_reference_own_b384,leftblkTboy,1244,0,0,2,True,False,True,0.4022431608030225,0.4022431608030225
write_pair_reference_own_b384,leftblkTboy,1245,0,0,2,True,False,True,0.36459527887389104,0.36459527887389104
write_pair_reference_own_b384,leftblkTboy,1261,0,0,2,True,False,True,0.8233695724272505,0.8233695724272505
write_pair_reference_own_b384,leftblkTboy,1262,0,0,2,True,False,True,0.8153150605912294,0.8153150605912294
write_pair_reference_own_b384,leftblkTboy,1283,0,0,2,True,False,True,0.8000220569114704,0.8000220569114704
write_pair_reference_own_b384,leftblkTboy,1286,0,0,2,True,False,True,0.6395723587680648,0.6395723587680648
write_pair_reference_own_b384,leftblkTboy,1295,0,0,2,True,True,True,0.7783314940777364,0.0
write_pair_reference_own_b384,leftblkTboy,1619,0,0,2,True,False,True,0.0,0.0
write_pair_reference_own_b384,leftblkTboy,2055,0,0,0,False,False,False,,
write_pair_reference_own_b384,leftblkTboy,2555,0,0,2,True,False,True,0.0,0.0
write_pair_reference_own_b384,leftblkTboy,2578,0,0,2,True,False,True,0.0,0.0
write_pair_reference_own_b384,leftblkTboy,2580,0,1,2,True,False,True,0.0,0.0
write_pair_reference_own_b384,leftblkTboy,2585,0,0,2,True,False,True,0.0,0.0
write_pair_reference_own_b384,leftblkTboy,2586,0,0,2,True,False,True,0.0,0.0
write_pair_reference_own_b384,leftblkTboy,2589,0,0,2,True,False,True,0.0,0.0
write_pair_reference_own_b384,leftblkTboy,2591,0,0,2,True,False,True,0.0,0.0
write_pair_reference_own_b384,leftblkTboy,2594,0,0,0,False,True,True,0.0,0.597565491263044
write_pair_reference_own_b384,leftblkTboy,2770,0,0,0,False,True,True,0.9335193681704481,0.9335193681704481
write_pair_reference_own_b384,leftblkTboy,2771,0,0,0,False,True,True,0.942776404123856,0.942776404123856
write_pair_reference_own_b384,leftblkTboy,2811,0,0,2,True,False,True,0.7135920450567913,0.7135920450567913
write_pair_reference_own_b384,leftblkTboy,2825,0,0,2,True,False,True,0.07294914890630037,0.07294914890630037
write_pair_reference_own_b384,leftblkTboy,2826,0,0,2,True,False,True,0.0944274236642838,0.0944274236642838
write_pair_reference_own_b384,leftblkTboy,2828,0,0,2,True,False,True,0.06336302437973731,0.06336302437973731
write_pair_reference_own_b384,leftblkTboy,2830,0,0,2,True,False,True,0.5424071332144739,0.5424071332144739
write_pair_reference_own_b384,leftblkTboy,2831,0,0,2,True,False,True,0.5500330473255539,0.5500330473255539
write_pair_reference_own_b384,leftblkTboy,2833,0,0,2,True,False,True,0.3870517300141764,0.3870517300141764
write_pair_reference_own_b384,leftblkTboy,2834,0,0,2,True,False,True,0.45255844898258607,0.45255844898258607
write_pair_reference_own_b384,leftblkTboy,2835,0,0,2,True,False,True,0.34183447685577045,0.34183447685577045
write_pair_reference_own_b384,leftblkTboy,2840,0,0,2,True,False,True,0.590397302079601,0.590397302079601
write_pair_reference_own_b384,leftblkTboy,2850,0,0,2,True,False,True,0.0,0.0
write_pair_reference_own_b384,leftblkTboy,2851,0,0,2,True,False,True,0.0,0.0
write_pair_reference_own_b384,leftblkTboy,2852,0,0,2,True,False,True,0.0,0.0
write_pair_reference_own_b384,leftblkTboy,2859,0,0,2,True,False,True,0.0,0.0
write_pair_reference_own_b384,leftblkTboy,2860,0,0,2,True,False,True,0.0,0.0
write_pair_reference_own_b384,leftblkTboy,2868,0,0,2,True,False,True,0.0,0.0
write_pair_reference_own_b384,leftblkTboy,2869,0,0,2,True,False,True,0.0,0.0
write_pair_reference_own_b384,leftblkTboy,2870,0,0,2,True,False,True,0.0,0.0
write_pair_reference_own_b384,leftblkTboy,2871,0,0,2,True,False,True,0.0,0.0
write_pair_reference_own_b384,leftblkTboy,2872,0,0,2,True,False,True,0.0,0.0
write_pair_reference_own_b384,leftblkTboy,2873,0,0,2,True,False,True,0.0,0.0
write_pair_reference_own_b384,leftblkTboy,2883,0,0,2,True,False,True,0.0,0.0
write_pair_reference_own_b384,leftblkTboy,2887,0,0,2,True,False,True,0.0,0.0
write_pair_reference_own_b384,leftblkTboy,2889,0,0,2,True,False,True,0.0,0.0
write_pair_reference_own_b384,leftblkTboy,2892,0,0,2,True,False,True,0.0,0.0
write_pair_reference_own_b384,leftblkTboy,2893,0,0,2,True,False,True,0.0,0.0
write_pair_reference_own_b384,leftblkTboy,2903,0,0,2,True,False,True,0.0,0.0
write_pair_reference_own_b384,leftblkTboy,2925,0,0,2,True,False,True,0.0,0.0
write_pair_reference_own_b384,leftblkTboy,2928,0,0,2,True,False,True,0.0,0.0
write_pair_reference_own_b384,leftblkTboy,2950,0,0,2,True,False,True,0.0,0.0
write_pair_reference_own_b384,leftblkTboy,2959,0,0,2,True,False,True,0.07614439955428187,0.07614439955428187
write_pair_reference_own_b384,leftblkTboy,2960,0,0,2,True,False,True,0.7488305748103482,0.7488305748103482
write_pair_reference_own_b384,leftblkTboy,2963,0,0,2,True,False,True,0.7513701408574032,0.7513701408574032
write_pair_reference_own_b384,leftblkTboy,2980,0,0,2,True,False,True,0.27326437958408495,0.27326437958408495
write_pair_reference_own_b384,leftblkTboy,2982,0,0,2,True,False,True,0.7685837590866875,0.7685837590866875
write_pair_reference_own_b384,leftblkTboy,2986,0,0,2,True,False,True,0.8123898048601059,0.8123898048601059
write_pair_reference_own_b384,leftblkTboy,2987,0,0,2,True,False,True,0.03359810412360151,0.03359810412360151
write_pair_reference_own_b384,leftbottle2hang,590,0,0,2,True,False,True,0.20025366841987205,0.20025366841987205
write_pair_reference_own_b384,leftbottle2hang,637,0,1,0,False,False,True,0.10997568330710296,0.5133186538402319
write_pair_reference_own_b384,leftbottle2hang,984,0,1,0,False,False,True,0.0,0.16734398592653218
write_pair_reference_own_b384,leftbottle2hang,1021,0,0,2,True,False,True,0.4552707153235572,0.4552707153235572
write_pair_reference_own_b384,leftbottle2hang,1069,0,0,2,True,False,True,0.1674841434566422,0.1674841434566422
write_pair_reference_own_b384,leftbottle2hang,1285,0,0,2,True,False,True,0.0,0.0
write_pair_reference_own_b384,leftbottle2hang,1441,0,1,0,False,False,True,0.0,0.0
write_pair_reference_own_b384,leftbottle2hang,1617,0,0,2,True,False,True,0.17849950274243181,0.17849950274243181
write_pair_reference_own_b384,leftbottle2hang,1653,0,0,2,True,False,True,0.3332940680926975,0.3332940680926975
write_pair_reference_own_b384,leftbottle2hang,2198,0,0,2,True,False,True,0.4410845174177693,0.4410845174177693
write_pair_reference_own_b384,leftbottle2hang,2273,0,0,2,True,False,True,0.38088461472771207,0.38088461472771207
write_pair_reference_own_b384,leftbottle2hang,2285,0,0,2,True,False,True,0.4863452483079179,0.4863452483079179
write_pair_reference_own_b384,leftbottle2hang,2286,0,0,2,True,False,True,0.543403734283863,0.543403734283863
write_pair_reference_own_b384,leftbottle2hang,2303,0,0,2,True,False,True,0.0,0.0
write_pair_reference_own_b384,leftbottle2hang,2397,0,0,2,True,False,True,0.18087619729761242,0.18087619729761242
write_pair_reference_own_b384,leftbottle2hang,2400,0,0,2,True,False,True,0.0,0.0
write_pair_reference_own_b384,leftbottle2hang,2471,0,0,2,True,False,True,0.0,0.0
write_pair_reference_own_b384,leftbottle2hang,2472,0,0,2,True,False,True,0.0,0.0
write_pair_reference_own_b384,leftbottle2hang,2473,0,0,2,True,False,True,0.0,0.0
write_pair_reference_own_b384,leftbottle2hang,2474,0,0,2,True,False,True,0.0,0.0
write_pair_reference_own_b384,leftbottle2hang,2480,0,0,2,True,False,True,0.0,0.0
write_pair_reference_own_b384,leftbottle2hang,2481,0,0,2,True,False,True,0.0,0.0
write_pair_reference_own_b384,leftbottle2hang,2482,0,0,2,True,False,True,0.0,0.0
write_pair_reference_own_b384,leftbottle2hang,2484,0,0,2,True,False,True,0.0,0.0
write_pair_reference_own_b384,leftbottle2hang,2485,0,0,2,True,False,True,0.0,0.0
write_pair_reference_own_b384,leftbottle2hang,2486,0,0,2,True,False,True,0.0,0.0
write_pair_reference_own_b384,leftbottle2hang,2488,0,0,2,True,False,True,0.0,0.0
write_pair_reference_own_b384,leftbottle2hang,2489,0,0,2,True,False,True,0.0,0.0
write_pair_reference_own_b384,leftbottle2hang,2490,0,0,2,True,False,True,0.0,0.0
write_pair_reference_own_b384,leftbottle2hang,2491,0,0,2,True,False,True,0.0,0.0
write_pair_reference_own_b384,leftbottle2hang,2492,0,0,2,True,False,True,0.0,0.0
write_pair_reference_own_b384,leftbottle2hang,2495,0,0,2,True,False,True,0.0,0.0
write_pair_reference_own_b384,leftbottle2hang,2496,0,0,2,True,False,True,0.0,0.0
write_pair_reference_own_b384,leftbottle2hang,2633,0,0,2,True,False,True,0.0,0.0
write_pair_reference_own_b384,leftbottle2hang,2635,0,0,2,True,False,True,0.0,0.0
write_pair_reference_own_b384,leftbottle2hang,2636,0,0,2,True,False,True,0.0,0.0
write_pair_reference_own_b384,leftbottle2hang,2637,0,0,2,True,False,True,0.0,0.0
write_pair_reference_own_b384,leftbottle2hang,2638,0,0,2,True,False,True,0.0,0.0
write_pair_reference_own_b384,leftbottle2hang,2641,0,0,2,True,False,True,0.0,0.0
write_pair_reference_own_b384,leftbottle2hang,2665,0,0,2,True,False,True,0.0,0.0
write_pair_reference_own_b384,leftbottle2hang,2671,0,0,2,True,False,True,0.0,0.0
write_pair_reference_own_b384,leftbottle2hang,2673,0,0,2,True,False,True,0.0,0.0
write_pair_reference_own_b384,leftbottle2hang,3021,0,0,2,True,False,True,0.24443885239648747,0.24443885239648747
write_pair_reference_own_b384,leftbottle2hang,3025,0,0,2,True,False,True,0.10134218258626534,0.10134218258626534
write_pair_reference_own_b384,leftbottle2hang,3145,0,0,2,True,False,True,0.31073850699652583,0.31073850699652583
write_pair_reference_own_b384,leftbottle2hang,3380,0,0,2,True,False,True,0.22103070272739922,0.22103070272739922
write_pair_reference_own_b384,leftbottle2hang,3646,0,0,0,False,False,True,0.2816969878069111,0.0
write_pair_reference_own_b384,leftbottle2hang,3845,0,0,2,True,False,True,0.2801242605580011,0.2801242605580011
write_pair_reference_own_b384,leftbottle2hang,3847,0,1,2,True,False,True,0.2449382209309917,0.2449382209309917
write_pair_reference_own_b384,leftbottle2hang,3848,0,1,2,True,False,True,0.21358875630533666,0.21358875630533666
write_pair_reference_own_b384,leftbottle2hang,3855,0,0,2,True,False,True,0.3909784638991545,0.3909784638991545
write_pair_reference_own_b384,leftbottle2hang,3860,0,0,2,True,False,True,0.44043018462728695,0.44043018462728695
write_pair_reference_own_b384,leftbottle2hang,3862,0,0,2,True,False,True,0.32781821000884404,0.32781821000884404
write_pair_reference_own_b384,leftbottle2hang,3941,0,1,0,False,False,True,0.0,0.0
write_pair_reference_own_b384,leftboy2jointhe4,277,0,0,2,True,False,True,0.022908611047819934,0.022908611047819934
write_pair_reference_own_b384,leftboy2jointhe4,282,0,0,2,True,False,True,0.0,0.0
write_pair_reference_own_b384,leftboy2jointhe4,284,0,0,2,True,False,True,0.0,0.0
write_pair_reference_own_b384,leftboy2jointhe4,296,0,0,2,True,False,True,0.0,0.0
write_pair_reference_own_b384,leftboy2jointhe4,307,0,1,2,True,False,True,0.3486752906892925,0.3486752906892925
write_pair_reference_own_b384,leftboy2jointhe4,309,0,0,2,True,False,True,0.0,0.0
write_pair_reference_own_b384,leftboy2jointhe4,312,0,0,2,True,False,True,0.0294872608628984,0.0294872608628984
write_pair_reference_own_b384,leftboy2jointhe4,315,0,0,2,True,False,True,0.17461823303115667,0.17461823303115667
write_pair_reference_own_b384,leftboy2jointhe4,321,0,0,0,False,False,True,0.6282601174323676,0.0
write_pair_reference_own_b384,leftboy2jointhe4,335,0,1,2,True,False,True,0.0,0.0
write_pair_reference_own_b384,leftboy2jointhe4,384,0,0,2,True,False,True,0.0,0.0
write_pair_reference_own_b384,leftboy2jointhe4,393,0,0,2,True,False,True,0.0,0.0
write_pair_reference_own_b384,leftboy2jointhe4,465,0,1,2,True,False,True,0.0,0.0
write_pair_reference_own_b384,leftboy2jointhe4,471,0,0,0,False,False,True,0.0,0.0
write_pair_reference_own_b384,leftboy2jointhe4,486,0,0,2,True,False,True,0.0,0.0
write_pair_reference_own_b384,leftboy2jointhe4,511,0,0,2,True,False,True,0.0,0.0
write_pair_reference_own_b384,leftboy2jointhe4,512,0,0,2,True,False,True,0.0,0.0
write_pair_reference_own_b384,leftboy2jointhe4,525,0,1,2,True,False,True,0.0,0.0
write_pair_reference_own_b384,leftboy2jointhe4,528,0,0,2,True,False,True,0.0,0.0
write_pair_reference_own_b384,leftboy2jointhe4,529,0,0,2,True,False,True,0.0,0.0
write_pair_reference_own_b384,leftboy2jointhe4,572,0,0,0,False,True,True,0.0,0.0
write_pair_reference_own_b384,leftboy2jointhe4,573,0,0,0,False,True,True,0.0,0.0
write_pair_reference_own_b384,leftboy2jointhe4,1022,0,0,2,True,False,True,0.0,0.0
write_pair_reference_own_b384,leftboyoutofthetroop,62,0,0,0,False,True,True,0.8546115750352982,0.8546115750352982
write_pair_reference_own_b384,leftboyoutofthetroop,237,0,0,0,False,True,True,0.0,0.0
write_pair_reference_own_b384,leftboyoutofthetroop,238,0,0,0,False,True,True,0.0,0.0
write_pair_reference_own_b384,leftboyoutofthetroop,239,0,0,0,False,True,True,0.0,0.0
write_pair_reference_own_b384,leftboyoutofthetroop,241,0,0,0,False,True,True,0.0,0.0
write_pair_reference_own_b384,leftboyoutofthetroop,242,0,0,0,False,True,True,0.0,0.0
write_pair_reference_own_b384,leftboyoutofthetroop,243,0,0,0,False,True,True,0.0,0.0
write_pair_reference_own_b384,leftboyoutofthetroop,282,0,0,0,False,True,True,0.0,0.0
write_pair_reference_own_b384,leftboyoutofthetroop,348,0,0,0,False,True,True,0.0,0.0
write_pair_reference_own_b384,leftboyoutofthetroop,480,0,0,0,False,True,True,0.9035687111412174,0.9035687111412174
write_pair_reference_own_b384,leftchair,77,0,0,2,True,False,True,0.2100137942560375,0.2100137942560375
write_pair_reference_own_b384,leftchair,78,0,0,2,True,False,True,0.08726907310861477,0.08726907310861477
write_pair_reference_own_b384,leftchair,81,0,0,2,True,False,True,0.22391834305264216,0.22391834305264216
write_pair_reference_own_b384,leftchair,84,0,0,2,True,False,True,0.22202004926379493,0.22202004926379493
write_pair_reference_own_b384,leftchair,85,0,0,2,True,False,True,0.26123548014615183,0.26123548014615183
write_pair_reference_own_b384,leftchair,87,0,0,2,True,False,True,0.31241221454888113,0.31241221454888113
write_pair_reference_own_b384,leftchair,549,0,0,2,True,False,True,0.5831184556010902,0.5831184556010902
write_pair_reference_own_b384,leftchair,552,0,0,2,True,False,True,0.45432579893635294,0.45432579893635294
write_pair_reference_own_b384,lefterbike,55,0,0,2,True,False,True,0.7117165207623024,0.7117165207623024
write_pair_reference_own_b384,lefterbike,103,0,0,2,True,False,True,0.5473872211109998,0.5473872211109998
write_pair_reference_own_b384,lefterbike,171,0,0,2,True,False,True,0.7306189441256906,0.7306189441256906
write_pair_reference_own_b384,lefterbike,172,0,0,2,True,False,True,0.7594494322981552,0.7594494322981552
write_pair_reference_own_b384,lefterbike,204,0,0,2,True,False,True,0.5886676852035962,0.5886676852035962
write_pair_reference_own_b384,lefterbike,205,0,0,2,True,False,True,0.5285068045904686,0.5285068045904686
write_pair_reference_own_b384,lefterbike,221,0,0,2,True,False,True,0.5439252171732964,0.5439252171732964
write_pair_reference_own_b384,lefterbike,290,0,0,2,True,False,True,0.5087866015461955,0.5087866015461955
write_pair_reference_own_b384,lefterbike,360,0,0,2,True,False,True,0.6269188917744872,0.6269188917744872
write_pair_reference_own_b384,lefterbike,363,0,0,2,True,False,True,0.6073973963372282,0.6073973963372282
write_pair_reference_own_b384,lefterbike,395,0,0,2,True,False,True,0.7178072735887401,0.7178072735887401
write_pair_reference_own_b384,lefterbike,422,0,0,2,True,False,True,0.09910346650467457,0.09910346650467457
write_pair_reference_own_b384,lefterbike,507,0,0,2,True,False,True,0.708663797972309,0.708663797972309
write_pair_reference_own_b384,lefterbike,523,0,0,2,True,False,True,0.0,0.0
write_pair_reference_own_b384,leftexcersicebookyellow,343,0,0,2,True,False,True,0.29839658087219206,0.29839658087219206
write_pair_reference_own_b384,leftexcersicebookyellow,344,0,0,2,True,False,True,0.33654545447300654,0.33654545447300654
write_pair_reference_own_b384,leftexcersicebookyellow,486,0,1,2,True,False,True,0.0,0.398350736864368
write_pair_reference_own_b384,leftexcersicebookyellow,637,0,0,2,True,False,True,0.5583789879154866,0.5583789879154866
write_pair_reference_own_b384,leftexcersicebookyellow,638,0,0,2,True,False,True,0.5859946588288912,0.5859946588288912
write_pair_reference_own_b384,leftexcersicebookyellow,642,0,0,0,False,True,True,0.5778370244540186,0.0
write_pair_reference_own_b384,leftexcersicebookyellow,1057,0,1,2,True,False,True,0.7880882488354584,0.7880882488354584
write_pair_reference_own_b384,leftexcersicebookyellow,1060,0,0,2,True,False,True,0.9138856791290898,0.9138856791290898
write_pair_reference_own_b384,leftfarboycomingpicktheball,176,0,0,2,True,False,True,0.4413783152748021,0.4413783152748021
write_pair_reference_own_b384,leftfarboycomingpicktheball,233,0,0,2,True,False,True,0.6820355369842347,0.6820355369842347
write_pair_reference_own_b384,leftfarboycomingpicktheball,234,0,0,2,True,False,True,0.6405459732620312,0.6405459732620312
write_pair_reference_own_b384,leftfarboycomingpicktheball,235,0,0,2,True,False,True,0.5042820503604553,0.5042820503604553
write_pair_reference_own_b384,leftfarboycomingpicktheball,237,0,0,2,True,False,True,0.3893889894983103,0.3893889894983103
write_pair_reference_own_b384,leftfarboycomingpicktheball,243,0,0,2,True,False,True,0.6339848049793808,0.6339848049793808
write_pair_reference_own_b384,leftfarboycomingpicktheball,245,0,0,2,True,False,True,0.6368613275058236,0.6368613275058236
write_pair_reference_own_b384,leftfarboycomingpicktheball,246,0,0,2,True,False,True,0.6151085772088575,0.6151085772088575
write_pair_reference_own_b384,leftfarboycomingpicktheball,247,0,0,2,True,False,True,0.5552051356283116,0.5552051356283116
write_pair_reference_own_b384,leftfarboycomingpicktheball,249,0,0,2,True,False,True,0.550079282551289,0.550079282551289
write_pair_reference_own_b384,leftfarboycomingpicktheball,250,0,0,2,True,False,True,0.5625863370503921,0.5625863370503921
write_pair_reference_own_b384,leftfarboycomingpicktheball,251,0,0,2,True,False,True,0.6113304848207034,0.6113304848207034
write_pair_reference_own_b384,leftfarboycomingpicktheball,260,0,0,2,True,False,True,0.6829022335746527,0.6829022335746527
write_pair_reference_own_b384,lefthyalinepaper2rgb,71,0,0,2,True,False,True,0.8099071710585171,0.8099071710585171
write_pair_reference_own_b384,lefthyalinepaper2rgb,150,0,0,2,True,False,True,0.7786628698311642,0.7786628698311642
write_pair_reference_own_b384,lefthyalinepaper2rgb,161,0,0,2,True,False,True,0.375215025616986,0.375215025616986
write_pair_reference_own_b384,lefthyalinepaper2rgb,162,0,0,2,True,False,True,0.490041179818523,0.490041179818523
write_pair_reference_own_b384,lefthyalinepaper2rgb,173,0,0,2,True,False,True,0.9082209218591649,0.9082209218591649
write_pair_reference_own_b384,lefthyalinepaper2rgb,176,0,0,2,True,False,True,0.22093357472658334,0.22093357472658334
write_pair_reference_own_b384,lefthyalinepaper2rgb,487,0,0,0,False,False,True,0.0,0.6514868200405002
write_pair_reference_own_b384,lefthyalinepaperfrontpants,253,0,0,2,True,False,True,0.04791495041294278,0.04791495041294278
write_pair_reference_own_b384,lefthyalinepaperfrontpants,306,0,0,2,True,False,True,0.0,0.0
write_pair_reference_own_b384,lefthyalinepaperfrontpants,316,0,0,2,True,False,True,0.2347964805767258,0.2347964805767258
write_pair_reference_own_b384,lefthyalinepaperfrontpants,495,0,1,2,True,False,True,0.8292600661424064,0.8292600661424064
write_pair_reference_own_b384,lefthyalinepaperfrontpants,507,0,0,2,True,False,True,0.6034001824753669,0.6034001824753669
write_pair_reference_own_b384,lefthyalinepaperfrontpants,668,0,0,2,True,False,True,0.7310408529725498,0.7310408529725498
write_pair_reference_own_b384,lefthyalinepaperfrontpants,670,0,0,2,True,False,True,0.6954963280569185,0.6954963280569185
write_pair_reference_own_b384,lefthyalinepaperfrontpants,679,0,0,2,True,False,True,0.8487828942598435,0.8487828942598435
write_pair_reference_own_b384,lefthyalinepaperfrontpants,822,0,0,2,True,False,True,0.4038175265758974,0.4038175265758974
write_pair_reference_own_b384,lefthyalinepaperfrontpants,1089,0,0,2,True,False,True,0.0,0.0
write_pair_reference_own_b384,lefthyalinepaperfrontpants,1327,0,0,2,True,False,True,0.25746287937363993,0.25746287937363993
write_pair_reference_own_b384,lefthyalinepaperfrontpants,1385,0,1,0,False,False,True,0.0,0.3831826214752997
write_pair_reference_own_b384,lefthyalinepaperfrontpants,1441,0,1,0,False,False,True,0.0,0.0
write_pair_reference_own_b384,lefthyalinepaperfrontpants,1442,0,1,2,True,False,True,0.0,0.0013012201398795269
write_pair_reference_own_b384,lefthyalinepaperfrontpants,1510,0,1,2,True,False,True,0.0904308822440329,0.0
write_pair_reference_own_b384,lefthyalinepaperfrontpants,1522,0,2,0,False,False,True,0.0,0.0
write_pair_reference_own_b384,lefthyalinepaperfrontpants,1524,0,3,0,False,False,True,0.0,0.362941742407162
write_pair_reference_own_b384,lefthyalinepaperfrontpants,1528,0,3,0,False,False,True,0.09769865754900325,0.0
write_pair_reference_own_b384,lefthyalinepaperfrontpants,1532,0,1,0,False,False,True,0.0,0.0
write_pair_reference_own_b384,leftmirror,1021,0,0,2,True,False,True,0.3696760221803494,0.3696760221803494
write_pair_reference_own_b384,leftmirror,1478,0,0,2,True,False,True,0.7159377900525316,0.7159377900525316
write_pair_reference_own_b384,leftmirror,1579,0,0,2,True,False,True,0.8221078159166192,0.8221078159166192
write_pair_reference_own_b384,leftmirror,1586,0,0,2,True,False,True,0.7683080285085476,0.7683080285085476
write_pair_reference_own_b384,leftmirror,1587,0,0,2,True,False,True,0.7448004614695818,0.7448004614695818
write_pair_reference_own_b384,leftmirror,1600,0,0,2,True,False,True,0.07144290715125896,0.07144290715125896
write_pair_reference_own_b384,leftmirror,1617,0,0,2,True,False,True,0.8117122376983434,0.8117122376983434
write_pair_reference_own_b384,leftmirror,1722,0,0,2,True,False,True,0.12556167983431352,0.12556167983431352
write_pair_reference_own_b384,leftmirror,1734,0,0,2,True,False,True,0.8053213935757434,0.8053213935757434
write_pair_reference_own_b384,leftmirror,1735,0,0,2,True,False,True,0.8002626921136092,0.8002626921136092
write_pair_reference_own_b384,leftmirror,1769,0,0,2,True,False,True,0.13913772317260328,0.13913772317260328
write_pair_reference_own_b384,leftmirror,1814,0,0,2,True,False,True,0.8112565051634031,0.8112565051634031
write_pair_reference_own_b384,leftmirrorlikesky,355,0,0,2,True,False,True,0.0,0.0
write_pair_reference_own_b384,leftmirrorlikesky,421,0,0,2,True,False,True,0.10839927735243164,0.10839927735243164
write_pair_reference_own_b384,leftmirrorlikesky,446,0,0,2,True,True,True,0.0,0.5142992988657897
write_pair_reference_own_b384,leftmirrorlikesky,549,0,0,2,True,False,True,0.6854138763173273,0.6854138763173273
write_pair_reference_own_b384,leftmirrorlikesky,999,0,0,2,True,False,True,0.0027559633409089943,0.0027559633409089943
write_pair_reference_own_b384,leftmirrorlikesky,1026,0,0,2,True,False,True,0.0,0.0
write_pair_reference_own_b384,leftmirrorlikesky,1332,0,1,0,False,False,True,0.0,0.12776629603243206
write_pair_reference_own_b384,leftmirrorlikesky,1401,0,0,2,True,False,True,0.0,0.0
write_pair_reference_own_b384,leftmirrorlikesky,1634,0,0,2,True,False,True,0.851091785490063,0.851091785490063
write_pair_reference_own_b384,leftmirrorlikesky,1799,0,1,2,True,False,True,0.774801969598417,0.774801969598417
write_pair_reference_own_b384,leftmirrorlikesky,1808,0,0,2,True,False,True,0.839404561747029,0.839404561747029
write_pair_reference_own_b384,leftmirrorlikesky,1816,0,0,2,True,False,True,0.808161317353242,0.808161317353242
write_pair_reference_own_b384,leftmirrorlikesky,1817,0,1,2,True,False,True,0.7734457074714033,0.7734457074714033
write_pair_reference_own_b384,leftmirrorlikesky,1819,0,1,2,True,False,True,0.7729329222145581,0.7729329222145581
write_pair_reference_own_b384,leftmirrorlikesky,1824,0,0,2,True,False,True,0.8222595040087335,0.8222595040087335
write_pair_reference_own_b384,leftmirrorlikesky,1825,0,0,2,True,False,True,0.8298376452369696,0.8298376452369696
write_pair_reference_own_b384,leftmirrorlikesky,1832,0,0,2,True,False,True,0.859821230981814,0.859821230981814
write_pair_reference_own_b384,leftmirrorlikesky,1835,0,0,2,True,False,True,0.7631412991412977,0.7631412991412977
write_pair_reference_own_b384,leftmirrorlikesky,1836,0,0,2,True,False,True,0.7613579684547555,0.7613579684547555
write_pair_reference_own_b384,leftmirrorlikesky,1847,0,0,2,True,False,True,0.7193367846318428,0.7193367846318428
write_pair_reference_own_b384,leftmirrorlikesky,2122,0,0,2,True,False,True,0.07229003276468811,0.07229003276468811
write_pair_reference_own_b384,leftmirrorside,165,0,0,2,True,False,True,0.0,0.0
write_pair_reference_own_b384,leftmirrorside,232,0,0,2,True,False,True,0.0,0.0
write_pair_reference_own_b384,leftmirrorside,536,0,0,2,True,False,True,0.0,0.0
write_pair_reference_own_b384,leftmirrorside,612,0,1,0,False,False,True,0.0,0.0
write_pair_reference_own_b384,leftmirrorside,620,0,0,2,True,False,True,0.0,0.0
write_pair_reference_own_b384,leftmirrorside,709,0,0,2,True,False,True,0.0,0.0
write_pair_reference_own_b384,leftmirrorside,710,0,0,2,True,False,True,0.0,0.0
write_pair_reference_own_b384,leftmirrorside,751,0,0,2,True,False,True,0.0,0.0
write_pair_reference_own_b384,leftmirrorside,763,0,0,2,True,False,True,0.0,0.0
write_pair_reference_own_b384,leftmirrorside,764,0,0,2,True,False,True,0.0,0.0
write_pair_reference_own_b384,leftmirrorside,766,0,0,2,True,False,True,0.0,0.0
write_pair_reference_own_b384,leftmirrorside,860,0,0,2,True,False,True,0.0,0.0
write_pair_reference_own_b384,leftmirrorside,862,0,0,2,True,False,True,0.0,0.0
write_pair_reference_own_b384,leftmirrorside,922,0,0,2,True,False,True,0.0,0.0
write_pair_reference_own_b384,leftmirrorside,962,0,0,0,False,False,True,0.0,0.24485341911643388
write_pair_reference_own_b384,leftmirrorside,1166,0,0,2,True,False,True,0.7472299656141083,0.7472299656141083
write_pair_reference_own_b384,leftmirrorside,1235,0,0,2,True,False,True,0.0,0.0
write_pair_reference_own_b384,leftmirrorside,1261,0,0,2,True,False,True,0.0,0.0
write_pair_reference_own_b384,leftmirrorside,1422,0,0,2,True,False,True,0.0,0.0
write_pair_reference_own_b384,leftmirrorside,1565,0,0,2,True,False,True,0.09532322832550119,0.09532322832550119
write_pair_reference_own_b384,leftmirrorside,1579,0,0,2,True,False,True,0.0,0.0
write_pair_reference_own_b384,leftpingpongball,8,0,1,0,False,False,True,0.0,0.0
write_pair_reference_own_b384,leftrushingboy,9,0,0,2,True,False,True,0.8116905268578701,0.8116905268578701
write_pair_reference_own_b384,leftrushingboy,42,0,0,2,True,False,True,0.817447365122534,0.817447365122534
write_pair_reference_own_b384,leftrushingboy,44,0,0,2,True,False,True,0.8604934928086189,0.8604934928086189
write_pair_reference_own_b384,leftrushingboy,46,0,0,2,True,False,True,0.6824787838411901,0.6824787838411901
write_pair_reference_own_b384,leftrushingboy,47,0,0,2,True,False,True,0.8189862945981617,0.8189862945981617
write_pair_reference_own_b384,leftrushingboy,49,0,0,2,True,False,True,0.8312033120065512,0.8312033120065512
write_pair_reference_own_b384,leftrushingboy,50,0,0,2,True,False,True,0.8440904963691737,0.8440904963691737
write_pair_reference_own_b384,leftrushingboy,51,0,0,2,True,False,True,0.8506275158588212,0.8506275158588212
write_pair_reference_own_b384,leftrushingboy,52,0,0,2,True,False,True,0.823842932664504,0.823842932664504
write_pair_reference_own_b384,leftrushingboy,80,0,0,0,False,False,True,0.6042189655279645,0.0
write_pair_reference_own_b384,leftunderbasket,593,0,0,2,True,False,True,0.6753335126214096,0.6753335126214096
write_pair_reference_own_b384,leftunderbasket,594,0,0,2,True,False,True,0.6133096776423363,0.6133096776423363
write_pair_reference_own_b384,leftunderbasket,601,0,0,2,True,False,True,0.6539741362987175,0.6539741362987175
write_pair_reference_own_b384,leftunderbasket,602,0,0,2,True,False,True,0.7696580723597307,0.7696580723597307
write_pair_reference_own_b384,leftunderbasket,603,0,0,2,True,False,True,0.773758777623542,0.773758777623542
write_pair_reference_own_b384,leftunderbasket,725,0,0,0,False,True,True,0.0,0.0
write_pair_reference_own_b384,leftunderbasket,980,0,0,0,False,True,True,0.0,0.0
write_pair_reference_own_b384,leftuphand,147,0,0,2,True,False,True,0.766955522816538,0.766955522816538
write_pair_reference_own_b384,leftuphand,149,0,0,2,True,False,True,0.3910636623337887,0.3910636623337887
write_pair_reference_own_b384,leftuphand,150,0,0,2,True,False,True,0.6040884046891237,0.6040884046891237
write_pair_reference_own_b384,leftuphand,1799,0,0,2,True,False,True,0.4181356412160428,0.4181356412160428
write_pair_reference_own_b384,leftuphand,1800,0,0,2,True,False,True,0.5864958216255556,0.5864958216255556
write_pair_reference_own_b384,leftuphand,1801,0,0,2,True,False,True,0.5365026962202833,0.5365026962202833
write_pair_reference_own_b384,leftuphand,1802,0,0,2,True,False,True,0.5817708306679931,0.5817708306679931
write_pair_reference_own_b384,leftuphand,1833,0,0,2,True,False,True,0.0,0.0
write_pair_reference_own_b384,leftuphand,1835,0,0,2,True,False,True,0.0,0.0
write_pair_reference_own_b384,leftuphand,1836,0,1,2,True,False,True,0.0,0.0
write_pair_reference_own_b384,littelbabycryingforahug,308,0,0,2,True,False,True,0.7192728093667246,0.7192728093667246
write_pair_reference_own_b384,littelbabycryingforahug,1498,0,0,2,True,False,True,0.7803162024677283,0.7803162024677283
write_pair_reference_own_b384,littelbabycryingforahug,1505,0,0,2,True,False,True,0.7647144106187654,0.7647144106187654
write_pair_reference_own_b384,littelbabycryingforahug,1522,0,0,2,True,False,True,0.7904071257528751,0.7904071257528751
write_pair_reference_own_b384,littelbabycryingforahug,1525,0,0,2,True,False,True,0.5471228823108645,0.5471228823108645
write_pair_reference_own_b384,littelbabycryingforahug,1529,0,0,2,True,False,True,0.6870762143962915,0.6870762143962915
write_pair_reference_own_b384,lowerfoamboard,24,0,0,2,True,False,True,0.8894572796722017,0.8894572796722017
write_pair_reference_own_b384,mandownstair,1042,0,0,2,True,False,True,0.5912694580491555,0.5912694580491555
write_pair_reference_own_b384,mandownstair,1043,0,0,2,True,False,True,0.4658311088841517,0.4658311088841517
write_pair_reference_own_b384,mandownstair,1044,0,0,2,True,False,True,0.43499687777448515,0.43499687777448515
write_pair_reference_own_b384,mandownstair,1045,0,0,2,True,False,True,0.3824709323303406,0.3824709323303406
write_pair_reference_own_b384,mandownstair,1046,0,0,2,True,False,True,0.29677902871553946,0.29677902871553946
write_pair_reference_own_b384,mandownstair,1048,0,0,2,True,False,True,0.4850540144865925,0.4850540144865925
write_pair_reference_own_b384,mandownstair,1049,0,0,2,True,False,True,0.4983167868808338,0.4983167868808338
write_pair_reference_own_b384,mandownstair,1051,0,0,2,True,False,True,0.5761358937841036,0.5761358937841036
write_pair_reference_own_b384,mandownstair,1052,0,0,2,True,False,True,0.622469426045232,0.622469426045232
write_pair_reference_own_b384,mandownstair,1053,0,0,2,True,False,True,0.6027125680557107,0.6027125680557107
write_pair_reference_own_b384,mandownstair,1055,0,0,2,True,False,True,0.5894681573401488,0.5894681573401488
write_pair_reference_own_b384,mandownstair,1056,0,0,2,True,False,True,0.645544040222466,0.645544040222466
write_pair_reference_own_b384,mandownstair,1057,0,0,2,True,False,True,0.774274719456326,0.774274719456326
write_pair_reference_own_b384,mandownstair,1058,0,0,2,True,False,True,0.7763682309938522,0.7763682309938522
write_pair_reference_own_b384,mandownstair,1059,0,0,2,True,False,True,0.8082807901382946,0.8082807901382946
write_pair_reference_own_b384,mandownstair,1060,0,0,2,True,False,True,0.6653883604709719,0.6653883604709719
write_pair_reference_own_b384,mandownstair,1061,0,0,2,True,False,True,0.6679314072595757,0.6679314072595757
write_pair_reference_own_b384,mandownstair,1062,0,0,2,True,False,True,0.630101183507117,0.630101183507117
write_pair_reference_own_b384,mandownstair,1064,0,0,2,True,False,True,0.798587895304906,0.798587895304906
write_pair_reference_own_b384,mandownstair,1065,0,0,2,True,False,True,0.7085865144821114,0.7085865144821114
write_pair_reference_own_b384,mandownstair,1066,0,0,2,True,False,True,0.7577209159156785,0.7577209159156785
write_pair_reference_own_b384,mandownstair,1067,0,0,2,True,False,True,0.6944357218605289,0.6944357218605289
write_pair_reference_own_b384,mandownstair,1068,0,0,2,True,False,True,0.5345568149069503,0.5345568149069503
write_pair_reference_own_b384,mandownstair,1069,0,0,2,True,False,True,0.4840302444938756,0.4840302444938756
write_pair_reference_own_b384,mandownstair,1074,0,0,2,True,False,True,0.24091192332933786,0.24091192332933786
write_pair_reference_own_b384,mandownstair,1076,0,0,2,True,False,True,0.386337953305058,0.386337953305058
write_pair_reference_own_b384,mandownstair,1077,0,0,2,True,False,True,0.5743474231909822,0.5743474231909822
write_pair_reference_own_b384,mandownstair,1078,0,0,2,True,False,True,0.3224792454968393,0.3224792454968393
write_pair_reference_own_b384,mandownstair,1079,0,0,2,True,False,True,0.2774078346503128,0.2774078346503128
write_pair_reference_own_b384,mandownstair,1080,0,0,2,True,False,True,0.11359388969399688,0.11359388969399688
write_pair_reference_own_b384,mandownstair,1081,0,0,2,True,False,True,0.1255268197924436,0.1255268197924436
write_pair_reference_own_b384,manoncall,284,0,0,2,True,False,True,0.5828997682332655,0.5828997682332655
write_pair_reference_own_b384,manoncall,433,0,0,0,False,False,True,0.0,0.804593528930713
write_pair_reference_own_b384,mansimiliar,20,0,0,2,True,False,True,0.7562872983131015,0.7562872983131015
write_pair_reference_own_b384,mansimiliar,26,0,0,2,True,False,True,0.8362786204708083,0.8362786204708083
write_pair_reference_own_b384,mansimiliar,30,0,0,2,True,False,True,0.8298592752270461,0.8298592752270461
write_pair_reference_own_b384,mansimiliar,98,0,0,0,False,True,True,0.8641383100141335,0.8641383100141335
write_pair_reference_own_b384,mansimiliar,99,0,0,0,False,True,True,0.8877830615307947,0.8877830615307947
write_pair_reference_own_b384,mansimiliar,100,0,0,0,False,True,True,0.789230383935696,0.789230383935696
write_pair_reference_own_b384,mansimiliar,101,0,0,0,False,True,True,0.8892389923684964,0.8892389923684964
write_pair_reference_own_b384,mansimiliar,143,0,0,0,False,True,True,0.896435971655355,0.896435971655355
write_pair_reference_own_b384,mansimiliar,144,0,0,0,False,True,True,0.9138470870257108,0.9138470870257108
write_pair_reference_own_b384,mansimiliar,145,0,0,0,False,True,True,0.9367302866605052,0.9367302866605052
write_pair_reference_own_b384,mansimiliar,146,0,0,0,False,True,True,0.9096709428305109,0.9096709428305109
write_pair_reference_own_b384,mansimiliar,147,0,0,0,False,True,True,0.9556266616392495,0.9556266616392495
write_pair_reference_own_b384,mansimiliar,154,0,0,0,False,True,True,0.9618993515413374,0.9618993515413374
write_pair_reference_own_b384,mansimiliar,155,0,0,0,False,True,True,0.8495331519839695,0.8495331519839695
write_pair_reference_own_b384,mansimiliar,156,0,0,0,False,True,True,0.9024167101007329,0.9024167101007329
write_pair_reference_own_b384,mansimiliar,162,0,0,0,False,True,True,0.9018477023650493,0.9018477023650493
write_pair_reference_own_b384,mansimiliar,200,0,0,0,False,True,True,0.8421693754791487,0.8421693754791487
write_pair_reference_own_b384,mansimiliar,206,0,0,0,False,True,True,0.9448471650126699,0.9448471650126699
write_pair_reference_own_b384,mansimiliar,207,0,0,0,False,True,True,0.8930565057193246,0.8930565057193246
write_pair_reference_own_b384,mansimiliar,208,0,0,0,False,True,True,0.8988350346145697,0.8988350346145697
write_pair_reference_own_b384,mansimiliar,209,0,0,0,False,True,True,0.8555455557619145,0.8555455557619145
write_pair_reference_own_b384,mansimiliar,215,0,0,0,False,True,True,0.8983333622971965,0.8983333622971965
write_pair_reference_own_b384,mansimiliar,216,0,0,0,False,True,True,0.8920658569042065,0.8920658569042065
write_pair_reference_own_b384,mantostartcar,81,0,0,0,False,True,True,0.8863488266413955,0.8863488266413955
write_pair_reference_own_b384,midboyNo_9,525,0,1,2,True,False,True,0.0,0.0
write_pair_reference_own_b384,midboyNo_9,529,0,0,2,True,False,True,0.0,0.0
write_pair_reference_own_b384,midboyNo_9,533,0,0,2,True,False,True,0.0,0.0
write_pair_reference_own_b384,midboyNo_9,638,0,1,2,True,False,True,0.0,0.0
write_pair_reference_own_b384,midboyNo_9,639,0,0,2,True,False,True,0.0,0.0
write_pair_reference_own_b384,midboyNo_9,660,0,0,0,False,False,True,0.0,0.29809352759140034
write_pair_reference_own_b384,midboyNo_9,1213,0,0,2,True,False,True,0.7726484181754117,0.7726484181754117
write_pair_reference_own_b384,midboyNo_9,1684,0,0,2,True,False,True,0.7227557550537166,0.7227557550537166
write_pair_reference_own_b384,midboyNo_9,1916,0,0,2,True,False,True,0.0,0.0
write_pair_reference_own_b384,midboyNo_9,1917,0,0,2,True,False,True,0.13983713413171095,0.13983713413171095
write_pair_reference_own_b384,midboyNo_9,1923,0,0,2,True,False,True,0.0,0.0
write_pair_reference_own_b384,midboyNo_9,2015,0,0,2,True,False,True,0.0,0.0
write_pair_reference_own_b384,midboyNo_9,2443,0,0,2,True,False,True,0.0,0.0
write_pair_reference_own_b384,midboyNo_9,2444,0,1,2,True,False,True,0.0,0.0
write_pair_reference_own_b384,midboyNo_9,2445,0,0,2,True,False,True,0.0,0.8022836885174897
write_pair_reference_own_b384,midboyNo_9,2756,0,0,2,True,False,True,0.6965473412833755,0.6965473412833755
write_pair_reference_own_b384,midboyNo_9,2990,0,0,2,True,False,True,0.7479916054082594,0.7479916054082594
write_pair_reference_own_b384,midboyNo_9,3653,0,0,2,True,False,True,0.6998207828464539,0.6998207828464539
write_pair_reference_own_b384,midboyNo_9,3656,0,0,2,True,False,True,0.2810002372171264,0.2810002372171264
write_pair_reference_own_b384,midboyNo_9,3715,0,0,2,True,False,True,0.5144509443079949,0.5144509443079949
write_pair_reference_own_b384,midboyNo_9,3717,0,0,2,True,False,True,0.2961741114007949,0.2961741114007949
write_pair_reference_own_b384,midboyNo_9,3719,0,0,2,True,False,True,0.12491488846789431,0.12491488846789431
write_pair_reference_own_b384,midboyNo_9,3720,0,0,2,True,False,True,0.058549004628934455,0.058549004628934455
write_pair_reference_own_b384,midboyNo_9,3729,0,0,2,True,False,True,0.7910457730270885,0.7910457730270885
write_pair_reference_own_b384,midboyNo_9,3731,0,0,2,True,False,True,0.7988654292984603,0.7988654292984603
write_pair_reference_own_b384,midboyNo_9,3754,0,0,2,True,False,True,0.8621949143111579,0.8621949143111579
write_pair_reference_own_b384,midboyNo_9,3762,0,0,2,True,False,True,0.6492972024735804,0.6492972024735804
write_pair_reference_own_b384,midboyNo_9,3764,0,0,2,True,False,True,0.4762129325115073,0.4762129325115073
write_pair_reference_own_b384,midboyNo_9,3819,0,0,2,True,False,True,0.526298119231716,0.526298119231716
write_pair_reference_own_b384,midboyNo_9,3827,0,0,2,True,False,True,0.7519463976230911,0.7519463976230911
write_pair_reference_own_b384,midboyNo_9,3853,0,0,2,True,False,True,0.701486043713572,0.701486043713572
write_pair_reference_own_b384,midboyNo_9,3855,0,0,2,True,False,True,0.6966167889892223,0.6966167889892223
write_pair_reference_own_b384,midboyNo_9,3866,0,0,2,True,False,True,0.7037422511641058,0.7037422511641058
write_pair_reference_own_b384,midboyNo_9,3873,0,0,2,True,False,True,0.6411550112011005,0.6411550112011005
write_pair_reference_own_b384,midboyNo_9,3874,0,0,2,True,False,True,0.5254974839453285,0.5254974839453285
write_pair_reference_own_b384,midboyNo_9,3880,0,0,2,True,False,True,0.6614817589055968,0.6614817589055968
write_pair_reference_own_b384,midboyNo_9,3881,0,0,2,True,False,True,0.7319275342694196,0.7319275342694196
write_pair_reference_own_b384,midboyNo_9,3882,0,0,2,True,False,True,0.8249839572854034,0.8249839572854034
write_pair_reference_own_b384,midboyNo_9,3883,0,0,2,True,False,True,0.7906437086606561,0.7906437086606561
write_pair_reference_own_b384,midboyNo_9,3884,0,0,2,True,False,True,0.8817588094152328,0.8817588094152328
write_pair_reference_own_b384,midboyNo_9,3885,0,0,2,True,False,True,0.8312108563869763,0.8312108563869763
write_pair_reference_own_b384,midboyNo_9,3886,0,1,2,True,False,True,0.7528173283142134,0.7528173283142134
write_pair_reference_own_b384,midboyNo_9,3887,0,0,2,True,False,True,0.8109878149840578,0.8109878149840578
write_pair_reference_own_b384,midboyNo_9,3893,0,0,2,True,False,True,0.5042966980867353,0.5042966980867353
write_pair_reference_own_b384,midboyNo_9,3909,0,0,2,True,False,True,0.7029448944703868,0.7029448944703868
write_pair_reference_own_b384,midboyNo_9,3916,0,1,2,True,False,True,0.0,0.0
write_pair_reference_own_b384,midboyNo_9,3917,0,1,2,True,False,True,0.0,0.0
write_pair_reference_own_b384,midboyNo_9,3919,0,0,2,True,False,True,0.7075450806203687,0.7075450806203687
write_pair_reference_own_b384,midboyNo_9,4345,0,0,2,True,False,True,0.03827672869192939,0.03827672869192939
write_pair_reference_own_b384,midboyNo_9,4448,0,0,2,True,False,True,0.7380317573355658,0.7380317573355658
write_pair_reference_own_b384,midboyNo_9,4449,0,0,2,True,False,True,0.6943777266832755,0.6943777266832755
write_pair_reference_own_b384,midboyNo_9,4450,0,0,2,True,False,True,0.7386103424986348,0.7386103424986348
write_pair_reference_own_b384,midboyNo_9,4452,0,0,2,True,False,True,0.6367379426474722,0.6367379426474722
write_pair_reference_own_b384,midboyNo_9,4454,0,0,2,True,False,True,0.829618688676565,0.829618688676565
write_pair_reference_own_b384,midboyNo_9,4456,0,1,2,True,False,True,0.3079011183119929,0.3079011183119929
write_pair_reference_own_b384,midboyNo_9,4457,0,0,2,True,False,True,0.8138970990212464,0.8138970990212464
write_pair_reference_own_b384,midboyNo_9,4458,0,0,2,True,False,True,0.7835528178763069,0.7835528178763069
write_pair_reference_own_b384,midboyNo_9,4460,0,0,2,True,False,True,0.17138828007924278,0.17138828007924278
write_pair_reference_own_b384,midboyNo_9,4461,0,0,2,True,False,True,0.7438449934120731,0.7438449934120731
write_pair_reference_own_b384,midboyNo_9,4462,0,0,2,True,False,True,0.6871084057250582,0.6871084057250582
write_pair_reference_own_b384,midboyNo_9,4463,0,0,2,True,False,True,0.8712051473604265,0.8712051473604265
write_pair_reference_own_b384,midboyNo_9,4468,0,0,2,True,False,True,0.8974040635754887,0.8974040635754887
write_pair_reference_own_b384,midboyNo_9,4469,0,0,2,True,False,True,0.838313685677731,0.838313685677731
write_pair_reference_own_b384,midboyNo_9,4474,0,0,2,True,False,True,0.7439925770489403,0.7439925770489403
write_pair_reference_own_b384,midboyNo_9,4475,0,0,2,True,False,True,0.7246816251234284,0.7246816251234284
write_pair_reference_own_b384,midboyNo_9,4476,0,0,2,True,False,True,0.7026360044979375,0.7026360044979375
write_pair_reference_own_b384,midboyNo_9,4477,0,0,2,True,False,True,0.7040714732920875,0.7040714732920875
write_pair_reference_own_b384,midboyNo_9,4478,0,0,2,True,False,True,0.4198606566239234,0.4198606566239234
write_pair_reference_own_b384,midboyNo_9,4479,0,0,2,True,False,True,0.7765230754343694,0.7765230754343694
write_pair_reference_own_b384,midboyNo_9,4480,0,0,2,True,False,True,0.8154290059004292,0.8154290059004292
write_pair_reference_own_b384,midboyNo_9,4509,0,0,2,True,False,True,0.8451440051211377,0.8451440051211377
write_pair_reference_own_b384,midboyNo_9,4516,0,0,2,True,False,True,0.0,0.0
write_pair_reference_own_b384,midboyNo_9,4858,0,0,2,True,False,True,0.0,0.0
write_pair_reference_own_b384,midboyNo_9,4860,0,0,2,True,False,True,0.0,0.0
write_pair_reference_own_b384,midboyNo_9,4965,0,0,2,True,False,True,0.0,0.0
write_pair_reference_own_b384,midboyNo_9,4972,0,0,2,True,False,True,0.0,0.0
write_pair_reference_own_b384,midboyNo_9,5189,0,0,0,False,False,True,0.0,0.7815306281067103
write_pair_reference_own_b384,midboyNo_9,5524,0,0,2,True,False,True,0.7483912465462406,0.7483912465462406
write_pair_reference_own_b384,midboyNo_9,5714,0,0,0,False,True,True,0.8430997630609708,0.8430997630609708
write_pair_reference_own_b384,midboyNo_9,5715,0,0,0,False,True,True,0.8701653381400196,0.8701653381400196
write_pair_reference_own_b384,midboyNo_9,5716,0,0,0,False,True,True,0.8907957153179937,0.8907957153179937
write_pair_reference_own_b384,midboyNo_9,5717,0,0,0,False,True,True,0.9413878134771374,0.9413878134771374
write_pair_reference_own_b384,midboyNo_9,5718,0,0,0,False,True,True,0.9798483324056078,0.9798483324056078
write_pair_reference_own_b384,midboyNo_9,5719,0,0,0,False,True,True,0.9631471457919213,0.9631471457919213
write_pair_reference_own_b384,midboyNo_9,5720,0,0,0,False,True,True,0.956759514070255,0.956759514070255
write_pair_reference_own_b384,midboyNo_9,5721,0,0,0,False,True,True,0.9312133657205798,0.9312133657205798
write_pair_reference_own_b384,midboyNo_9,5722,0,0,0,False,True,True,0.9226705347868256,0.9226705347868256
write_pair_reference_own_b384,midboyNo_9,5723,0,0,0,False,True,True,0.91461445615857,0.91461445615857
write_pair_reference_own_b384,midboyNo_9,5724,0,0,0,False,True,True,0.9212098826152091,0.9212098826152091
write_pair_reference_own_b384,midboyNo_9,5725,0,0,0,False,True,True,0.9543055919773045,0.9543055919773045
write_pair_reference_own_b384,midboyNo_9,5726,0,0,0,False,True,True,0.9590252674080555,0.9590252674080555
write_pair_reference_own_b384,midboyNo_9,5727,0,0,0,False,True,True,0.9657629784867883,0.9657629784867883
write_pair_reference_own_b384,midboyNo_9,5728,0,0,0,False,True,True,0.9556330673981811,0.9556330673981811
write_pair_reference_own_b384,midboyNo_9,5729,0,0,0,False,True,True,0.9421624786640163,0.9421624786640163
write_pair_reference_own_b384,midboyNo_9,5730,0,0,0,False,True,True,0.9343993955947879,0.9343993955947879
write_pair_reference_own_b384,midboyNo_9,5916,0,0,2,True,False,True,0.0,0.0
write_pair_reference_own_b384,midboyNo_9,5919,0,0,2,True,False,True,0.0,0.0
write_pair_reference_own_b384,midboyNo_9,5922,0,0,2,True,False,True,0.0,0.0
write_pair_reference_own_b384,midboyNo_9,5924,0,0,2,True,False,True,0.0,0.0
write_pair_reference_own_b384,midboyNo_9,5952,0,0,2,True,False,True,0.0,0.0
write_pair_reference_own_b384,midboyNo_9,5953,0,0,0,False,False,True,0.0,0.0
write_pair_reference_own_b384,midboyNo_9,6318,0,0,2,True,False,True,0.0,0.0
write_pair_reference_own_b384,midboyNo_9,6322,2,0,2,True,True,True,0.0,0.8585542984023121
write_pair_reference_own_b384,midboyNo_9,6556,0,0,2,True,False,True,0.4831209681730066,0.4831209681730066
write_pair_reference_own_b384,midboyNo_9,6557,0,0,2,True,False,True,0.7573231802110922,0.7573231802110922
write_pair_reference_own_b384,midboyNo_9,6559,0,0,2,True,False,True,0.7334150077136593,0.7334150077136593
write_pair_reference_own_b384,midboyNo_9,6561,0,0,2,True,False,True,0.8770409077349026,0.8770409077349026
write_pair_reference_own_b384,midboyNo_9,6614,0,0,2,True,False,True,0.0,0.0
write_pair_reference_own_b384,midboyNo_9,6618,0,0,2,True,False,True,0.0,0.0
write_pair_reference_own_b384,midboyNo_9,6619,0,0,0,False,True,True,0.0,0.8180397048597873
write_pair_reference_own_b384,middrillmaster,267,0,0,2,True,False,True,0.7983732138137308,0.7983732138137308
write_pair_reference_own_b384,middrillmaster,301,0,0,2,True,False,True,0.09669252333858844,0.09669252333858844
write_pair_reference_own_b384,middrillmaster,474,0,0,2,True,False,True,0.6501928105985082,0.6501928105985082
write_pair_reference_own_b384,middrillmaster,481,0,0,2,True,False,True,0.5335787367547534,0.5335787367547534
write_pair_reference_own_b384,middrillmaster,482,0,0,2,True,False,True,0.28654748919694695,0.28654748919694695
write_pair_reference_own_b384,middrillmaster,483,0,0,2,True,False,True,0.17497993041843396,0.17497993041843396
write_pair_reference_own_b384,middrillmaster,491,0,0,0,False,False,True,0.42925369754882026,0.0
write_pair_reference_own_b384,midgreyboyrunningcoming,346,0,0,2,True,False,True,0.0,0.0
write_pair_reference_own_b384,midgreyboyrunningcoming,347,0,0,2,True,False,True,0.0,0.0
write_pair_reference_own_b384,midgreyboyrunningcoming,349,0,0,2,True,False,True,0.0,0.0
write_pair_reference_own_b384,midgreyboyrunningcoming,480,0,0,2,True,False,True,0.7273886547387673,0.7273886547387673
write_pair_reference_own_b384,midgreyboyrunningcoming,485,0,0,2,True,False,True,0.6522969746841717,0.6522969746841717
write_pair_reference_own_b384,midgreyboyrunningcoming,541,0,0,2,True,False,True,0.45133019413841036,0.45133019413841036
write_pair_reference_own_b384,midgreyboyrunningcoming,555,0,0,2,True,False,True,0.48500743927678,0.48500743927678
write_pair_reference_own_b384,midgreyboyrunningcoming,556,0,0,2,True,False,True,0.5942993455511419,0.5942993455511419
write_pair_reference_own_b384,midgreyboyrunningcoming,569,0,0,2,True,False,True,0.022288983823301512,0.022288983823301512
write_pair_reference_own_b384,midgreyboyrunningcoming,570,0,0,2,True,False,True,0.11335435488380058,0.11335435488380058
write_pair_reference_own_b384,midgreyboyrunningcoming,579,0,0,2,True,False,True,0.0,0.0
write_pair_reference_own_b384,midgreyboyrunningcoming,583,0,0,2,True,False,True,0.0,0.0
write_pair_reference_own_b384,midgreyboyrunningcoming,584,0,0,2,True,False,True,0.0,0.0
write_pair_reference_own_b384,midgreyboyrunningcoming,600,0,0,2,True,False,True,0.0,0.0
write_pair_reference_own_b384,midgreyboyrunningcoming,603,0,0,2,True,False,True,0.0,0.0
write_pair_reference_own_b384,midgreyboyrunningcoming,605,0,0,2,True,False,True,0.0,0.0
write_pair_reference_own_b384,midgreyboyrunningcoming,606,0,0,2,True,False,True,0.32667892204182497,0.32667892204182497
write_pair_reference_own_b384,midgreyboyrunningcoming,839,0,0,0,False,True,True,0.7381453081205039,0.0
write_pair_reference_own_b384,midgreyboyrunningcoming,950,0,0,0,False,True,True,0.0,0.7146502825412157
write_pair_reference_own_b384,midgreyboyrunningcoming,957,0,0,2,True,False,True,0.9145811286484172,0.9145811286484172
write_pair_reference_own_b384,midgreyboyrunningcoming,958,0,0,0,False,True,True,0.9140847866481593,0.0
write_pair_reference_own_b384,midgreyboyrunningcoming,975,0,0,2,True,False,True,0.0,0.0
write_pair_reference_own_b384,midgreyboyrunningcoming,976,0,0,2,True,False,True,0.0,0.0
write_pair_reference_own_b384,midgreyboyrunningcoming,979,0,0,2,True,False,True,0.0,0.0
write_pair_reference_own_b384,midgreyboyrunningcoming,980,0,0,2,True,False,True,0.0,0.0
write_pair_reference_own_b384,midgreyboyrunningcoming,982,0,0,2,True,False,True,0.0,0.0
write_pair_reference_own_b384,midgreyboyrunningcoming,991,0,0,2,True,False,True,0.0,0.0
write_pair_reference_own_b384,midgreyboyrunningcoming,994,0,0,2,True,False,True,0.0,0.0
write_pair_reference_own_b384,midgreyboyrunningcoming,1016,0,0,2,True,False,True,0.5859850198559678,0.5859850198559678
write_pair_reference_own_b384,midgreyboyrunningcoming,1018,0,0,2,True,False,True,0.5752357283708625,0.5752357283708625
write_pair_reference_own_b384,midgreyboyrunningcoming,1074,0,0,2,True,False,True,0.041855428166288094,0.041855428166288094
write_pair_reference_own_b384,midgreyboyrunningcoming,1075,0,0,2,True,False,True,0.30360987754403146,0.30360987754403146
write_pair_reference_own_b384,midgreyboyrunningcoming,1081,0,0,2,True,False,True,0.5786250831881978,0.5786250831881978
write_pair_reference_own_b384,midgreyboyrunningcoming,1084,0,0,2,True,False,True,0.4744550857486665,0.4744550857486665
write_pair_reference_own_b384,midgreyboyrunningcoming,1085,0,0,2,True,False,True,0.307109706784215,0.307109706784215
write_pair_reference_own_b384,midgreyboyrunningcoming,1086,0,0,2,True,False,True,0.3600408381035883,0.3600408381035883
write_pair_reference_own_b384,midgreyboyrunningcoming,1097,0,0,2,True,False,True,0.17208416999459453,0.17208416999459453
write_pair_reference_own_b384,midgreyboyrunningcoming,1098,0,0,2,True,False,True,0.0,0.0
write_pair_reference_own_b384,midgreyboyrunningcoming,1100,0,0,2,True,False,True,0.46305647422984764,0.46305647422984764
write_pair_reference_own_b384,midgreyboyrunningcoming,1101,0,0,2,True,False,True,0.07967039039440107,0.07967039039440107
write_pair_reference_own_b384,midgreyboyrunningcoming,1115,0,0,2,True,False,True,0.0,0.0
write_pair_reference_own_b384,midgreyboyrunningcoming,1130,0,1,2,True,False,True,0.0,0.0
write_pair_reference_own_b384,midgreyboyrunningcoming,1131,0,1,2,True,False,True,0.0,0.0
write_pair_reference_own_b384,midgreyboyrunningcoming,1135,0,0,2,True,False,True,0.0,0.0
write_pair_reference_own_b384,midgreyboyrunningcoming,1151,0,0,2,True,False,True,0.0,0.0
write_pair_reference_own_b384,midgreyboyrunningcoming,1153,0,0,2,True,False,True,0.0,0.0
write_pair_reference_own_b384,midgreyboyrunningcoming,1156,0,0,2,True,False,True,0.0,0.0
write_pair_reference_own_b384,midgreyboyrunningcoming,1157,0,1,2,True,False,True,0.0,0.0
write_pair_reference_own_b384,midgreyboyrunningcoming,1159,0,0,0,False,True,True,0.8024504676341984,0.8024504676341984
write_pair_reference_own_b384,midgreyboyrunningcoming,1321,0,0,2,True,False,True,0.6880518720019605,0.6880518720019605
write_pair_reference_own_b384,midgreyboyrunningcoming,1790,0,0,2,True,False,True,0.0,0.0
write_pair_reference_own_b384,midgreyboyrunningcoming,1793,0,0,2,True,False,True,0.0,0.0
write_pair_reference_own_b384,midgreyboyrunningcoming,1800,0,0,2,True,False,True,0.0,0.0
write_pair_reference_own_b384,midgreyboyrunningcoming,1801,0,0,2,True,False,True,0.0,0.0
write_pair_reference_own_b384,midgreyboyrunningcoming,1802,0,0,2,True,False,True,0.0,0.0
write_pair_reference_own_b384,midgreyboyrunningcoming,1803,0,0,2,True,False,True,0.0,0.0
write_pair_reference_own_b384,midgreyboyrunningcoming,1810,0,0,2,True,False,True,0.0,0.0
write_pair_reference_own_b384,midgreyboyrunningcoming,1815,0,0,2,True,False,True,0.0,0.0
write_pair_reference_own_b384,midgreyboyrunningcoming,1818,0,0,2,True,False,True,0.0,0.0
write_pair_reference_own_b384,midgreyboyrunningcoming,1831,0,0,2,True,False,True,0.0,0.0
write_pair_reference_own_b384,midgreyboyrunningcoming,1832,0,0,2,True,False,True,0.0,0.0
write_pair_reference_own_b384,midgreyboyrunningcoming,1833,0,0,2,True,False,True,0.0,0.0
write_pair_reference_own_b384,midgreyboyrunningcoming,1834,0,0,2,True,False,True,0.0,0.0
write_pair_reference_own_b384,midgreyboyrunningcoming,1835,0,0,2,True,False,True,0.0,0.0
write_pair_reference_own_b384,midgreyboyrunningcoming,1836,0,0,2,True,False,True,0.0,0.0
write_pair_reference_own_b384,midgreyboyrunningcoming,1840,0,0,2,True,False,True,0.0,0.0
write_pair_reference_own_b384,midgreyboyrunningcoming,1843,0,0,2,True,False,True,0.0,0.0
write_pair_reference_own_b384,midgreyboyrunningcoming,1852,0,0,2,True,False,True,0.0,0.0
write_pair_reference_own_b384,midgreyboyrunningcoming,1853,0,0,2,True,False,True,0.0,0.0
write_pair_reference_own_b384,midgreyboyrunningcoming,1854,0,0,2,True,False,True,0.0,0.0
write_pair_reference_own_b384,midgreyboyrunningcoming,1855,0,1,2,True,False,True,0.0,0.0
write_pair_reference_own_b384,midgreyboyrunningcoming,1866,0,0,2,True,False,True,0.0,0.0
write_pair_reference_own_b384,midgreyboyrunningcoming,1867,0,1,2,True,False,True,0.0,0.0
write_pair_reference_own_b384,midgreyboyrunningcoming,1876,0,0,2,True,False,True,0.0,0.0
write_pair_reference_own_b384,midgreyboyrunningcoming,1885,0,0,2,True,False,True,0.0,0.0
write_pair_reference_own_b384,midgreyboyrunningcoming,1892,0,0,2,True,False,True,0.0,0.0
write_pair_reference_own_b384,midgreyboyrunningcoming,1893,0,1,2,True,False,True,0.0,0.0
write_pair_reference_own_b384,midgreyboyrunningcoming,1894,0,1,2,True,False,True,0.0,0.0
write_pair_reference_own_b384,midgreyboyrunningcoming,1896,0,0,2,True,False,True,0.0,0.0
write_pair_reference_own_b384,midgreyboyrunningcoming,1908,0,0,2,True,False,True,0.0,0.0
write_pair_reference_own_b384,midgreyboyrunningcoming,1909,0,0,2,True,False,True,0.0,0.0
write_pair_reference_own_b384,midgreyboyrunningcoming,1910,0,0,2,True,False,True,0.0,0.0
write_pair_reference_own_b384,midgreyboyrunningcoming,1911,0,0,2,True,False,True,0.0,0.0
write_pair_reference_own_b384,midgreyboyrunningcoming,1912,0,0,2,True,False,True,0.0,0.0
write_pair_reference_own_b384,midgreyboyrunningcoming,1917,0,0,0,False,False,True,0.0,0.49023898551335826
write_pair_reference_own_b384,midgreyboyrunningcoming,1982,0,0,0,False,True,True,0.7445291434531719,0.7445291434531719
write_pair_reference_own_b384,midgreyboyrunningcoming,1983,0,0,0,False,True,True,0.7241636646937069,0.7241636646937069
write_pair_reference_own_b384,midgreyboyrunningcoming,1984,0,0,0,False,True,True,0.7137338061774162,0.7137338061774162
write_pair_reference_own_b384,midgreyboyrunningcoming,1985,0,0,0,False,True,True,0.7006081200729909,0.7006081200729909
write_pair_reference_own_b384,midgreyboyrunningcoming,1986,0,0,0,False,True,True,0.6874903607024482,0.6874903607024482
write_pair_reference_own_b384,midgreyboyrunningcoming,1987,0,0,0,False,True,True,0.6820402493324439,0.6820402493324439
write_pair_reference_own_b384,midgreyboyrunningcoming,2102,0,0,2,True,False,True,0.281346920564854,0.281346920564854
write_pair_reference_own_b384,midgreyboyrunningcoming,2103,0,0,2,True,False,True,0.08398562780770419,0.08398562780770419
write_pair_reference_own_b384,midgreyboyrunningcoming,2151,0,0,2,True,False,True,0.0,0.0
write_pair_reference_own_b384,midgreyboyrunningcoming,2152,0,0,2,True,False,True,0.0,0.0
write_pair_reference_own_b384,midgreyboyrunningcoming,2156,0,0,2,True,False,True,0.0,0.0
write_pair_reference_own_b384,midgreyboyrunningcoming,2157,0,0,2,True,False,True,0.0,0.0
write_pair_reference_own_b384,midgreyboyrunningcoming,2158,0,0,2,True,False,True,0.0,0.0
write_pair_reference_own_b384,midgreyboyrunningcoming,2159,2,0,2,True,True,True,0.0,0.5834219970638158
write_pair_reference_own_b384,midgreyboyrunningcoming,2546,0,0,2,True,False,True,0.5646828536616714,0.5646828536616714
write_pair_reference_own_b384,midgreyboyrunningcoming,2550,0,0,2,True,False,True,0.6413729845676165,0.6413729845676165
write_pair_reference_own_b384,midgreyboyrunningcoming,2565,0,0,2,True,False,True,0.5371041059144891,0.5371041059144891
write_pair_reference_own_b384,midgreyboyrunningcoming,2568,0,0,2,True,False,True,0.5865775029177654,0.5865775029177654
write_pair_reference_own_b384,midgreyboyrunningcoming,2593,0,0,2,True,False,True,0.6782427515617856,0.6782427515617856
write_pair_reference_own_b384,midgreyboyrunningcoming,2599,0,0,2,True,False,True,0.2846717250445758,0.2846717250445758
write_pair_reference_own_b384,midgreyboyrunningcoming,2626,0,0,2,True,False,True,0.24220832467508874,0.24220832467508874
write_pair_reference_own_b384,midgreyboyrunningcoming,2630,0,0,2,True,False,True,0.32765605832938044,0.32765605832938044
write_pair_reference_own_b384,midgreyboyrunningcoming,2631,0,0,2,True,False,True,0.22682486858535036,0.22682486858535036
write_pair_reference_own_b384,midgreyboyrunningcoming,2632,0,0,2,True,False,True,0.4945726647220887,0.4945726647220887
write_pair_reference_own_b384,midgreyboyrunningcoming,2635,0,0,2,True,False,True,0.10919581634859532,0.10919581634859532
write_pair_reference_own_b384,midgreyboyrunningcoming,2636,0,0,2,True,False,True,0.24596618831691816,0.24596618831691816
write_pair_reference_own_b384,midgreyboyrunningcoming,2637,0,0,2,True,False,True,0.0,0.0
write_pair_reference_own_b384,midgreyboyrunningcoming,2638,0,0,2,True,False,True,0.24430740179133073,0.24430740179133073
write_pair_reference_own_b384,midgreyboyrunningcoming,2639,0,0,2,True,False,True,0.5213547009750078,0.5213547009750078
write_pair_reference_own_b384,midgreyboyrunningcoming,2641,0,0,2,True,False,True,0.5016872602420746,0.5016872602420746
write_pair_reference_own_b384,midgreyboyrunningcoming,2642,0,0,2,True,False,True,0.5029761213940496,0.5029761213940496
write_pair_reference_own_b384,midgreyboyrunningcoming,2643,0,0,2,True,False,True,0.4748342026506941,0.4748342026506941
write_pair_reference_own_b384,midgreyboyrunningcoming,2644,0,0,2,True,False,True,0.4895170656193093,0.4895170656193093
write_pair_reference_own_b384,midgreyboyrunningcoming,2645,0,0,2,True,False,True,0.4605917162630102,0.4605917162630102
write_pair_reference_own_b384,midgreyboyrunningcoming,2646,0,0,2,True,False,True,0.47517972833818517,0.47517972833818517
write_pair_reference_own_b384,midgreyboyrunningcoming,2647,0,0,2,True,False,True,0.4575054072683636,0.4575054072683636
write_pair_reference_own_b384,midgreyboyrunningcoming,2649,0,0,2,True,False,True,0.4582881599217786,0.4582881599217786
write_pair_reference_own_b384,midgreyboyrunningcoming,2650,0,0,2,True,False,True,0.4732732920143426,0.4732732920143426
write_pair_reference_own_b384,midgreyboyrunningcoming,3189,0,0,2,True,False,True,0.6480745437155132,0.6480745437155132
write_pair_reference_own_b384,midgreyboyrunningcoming,3192,0,0,2,True,False,True,0.5517200306489445,0.5517200306489445
write_pair_reference_own_b384,midgreyboyrunningcoming,3207,0,0,2,True,False,True,0.0,0.0
write_pair_reference_own_b384,midgreyboyrunningcoming,3209,0,0,2,True,False,True,0.0,0.0
write_pair_reference_own_b384,midgreyboyrunningcoming,3214,0,0,2,True,False,True,0.0,0.0
write_pair_reference_own_b384,midof3girls,268,0,0,2,True,False,True,0.5277014870992561,0.5277014870992561
write_pair_reference_own_b384,midof3girls,273,0,0,2,True,False,True,0.6488380524951572,0.6488380524951572
write_pair_reference_own_b384,midof3girls,274,0,0,2,True,False,True,0.5993206456402517,0.5993206456402517
write_pair_reference_own_b384,midof3girls,315,0,0,2,True,False,True,0.6574732189990972,0.6574732189990972
write_pair_reference_own_b384,midof3girls,378,0,0,2,True,False,True,0.3718723546713969,0.3718723546713969
write_pair_reference_own_b384,midof3girls,383,0,0,2,True,False,True,0.0,0.0
write_pair_reference_own_b384,midredboy,222,0,0,2,True,False,True,0.0,0.0
write_pair_reference_own_b384,midredboy,225,0,0,2,True,False,True,0.0,0.0
write_pair_reference_own_b384,midredboy,262,0,0,2,True,False,True,0.0,0.0
write_pair_reference_own_b384,midredboy,421,0,0,2,True,True,True,0.0,0.8174594204264919
write_pair_reference_own_b384,midredboy,428,0,0,2,True,False,True,0.864456214612849,0.864456214612849
write_pair_reference_own_b384,midredboy,429,0,0,2,True,False,True,0.8622476244636955,0.8622476244636955
write_pair_reference_own_b384,midredboy,496,0,0,2,True,False,True,0.563974707557916,0.563974707557916
write_pair_reference_own_b384,midredboy,528,0,0,2,True,False,True,0.7394761810316497,0.7394761810316497
write_pair_reference_own_b384,midredboy,530,0,0,2,True,False,True,0.21696912751057046,0.21696912751057046
write_pair_reference_own_b384,midredboy,531,0,0,2,True,False,True,0.7639733148569278,0.7639733148569278
write_pair_reference_own_b384,midredboy,836,0,0,2,True,False,True,0.7688128344253193,0.7688128344253193
write_pair_reference_own_b384,midredboy,1173,0,0,2,True,False,True,0.5553128054212941,0.5553128054212941
write_pair_reference_own_b384,midredboy,1187,0,0,2,True,False,True,0.5961559552525272,0.5961559552525272
write_pair_reference_own_b384,midredboy,1188,0,0,2,True,False,True,0.7476878883123689,0.7476878883123689
write_pair_reference_own_b384,midredboy,1191,0,0,2,True,False,True,0.8220215961412457,0.8220215961412457
write_pair_reference_own_b384,midredboy,1270,0,0,2,True,False,True,0.440095022653723,0.440095022653723
write_pair_reference_own_b384,midredboy,1280,0,0,2,True,False,True,0.8897701086823097,0.8897701086823097
write_pair_reference_own_b384,midredboy,1283,0,1,2,True,False,True,0.8449363784245584,0.8449363784245584
write_pair_reference_own_b384,midredboy,1357,0,0,2,True,False,True,0.0,0.0
write_pair_reference_own_b384,midredboy,1358,0,0,2,True,False,True,0.0,0.0
write_pair_reference_own_b384,midredboy,1375,0,0,2,True,False,True,0.0,0.0
write_pair_reference_own_b384,midredboy,1377,0,0,2,True,False,True,0.0,0.0
write_pair_reference_own_b384,midredboy,1379,0,0,2,True,False,True,0.0,0.0
write_pair_reference_own_b384,midredboy,1382,0,0,2,True,False,True,0.0,0.0
write_pair_reference_own_b384,midredboy,1383,0,0,2,True,False,True,0.0,0.0
write_pair_reference_own_b384,midredboy,1385,0,1,2,True,False,True,0.0,0.0
write_pair_reference_own_b384,midredboy,1386,0,1,2,True,False,True,0.0,0.0
write_pair_reference_own_b384,midredboy,1387,0,0,2,True,False,True,0.0,0.0
write_pair_reference_own_b384,midredboy,1390,0,0,2,True,False,True,0.0,0.0
write_pair_reference_own_b384,midredboy,1391,0,0,2,True,False,True,0.0,0.0
write_pair_reference_own_b384,midredboy,1392,0,0,2,True,False,True,0.0,0.0
write_pair_reference_own_b384,midredboy,1398,0,0,2,True,False,True,0.0,0.0
write_pair_reference_own_b384,midredboy,1400,0,0,2,True,False,True,0.0,0.0
write_pair_reference_own_b384,midredboy,1402,0,0,2,True,False,True,0.0,0.0
write_pair_reference_own_b384,midredboy,1404,0,0,2,True,False,True,0.0,0.0
write_pair_reference_own_b384,midredboy,1405,0,0,2,True,False,True,0.0,0.0
write_pair_reference_own_b384,midredboy,1406,0,0,2,True,False,True,0.0,0.0
write_pair_reference_own_b384,midredboy,1407,0,0,2,True,False,True,0.0,0.0
write_pair_reference_own_b384,midredboy,1408,0,0,2,True,False,True,0.0,0.0
write_pair_reference_own_b384,midredboy,1409,0,0,2,True,False,True,0.0,0.0
write_pair_reference_own_b384,midredboy,1410,0,0,2,True,False,True,0.0,0.0
write_pair_reference_own_b384,midredboy,1411,0,0,2,True,False,True,0.0,0.0
write_pair_reference_own_b384,midredboy,1412,0,0,2,True,False,True,0.0,0.0
write_pair_reference_own_b384,midredboy,1414,0,1,2,True,False,True,0.0,0.0
write_pair_reference_own_b384,midredboy,1415,0,0,2,True,False,True,0.0,0.0
write_pair_reference_own_b384,midredboy,1416,0,0,2,True,False,True,0.0,0.0
write_pair_reference_own_b384,midredboy,1418,0,0,2,True,False,True,0.0,0.0
write_pair_reference_own_b384,midredboy,1420,0,0,2,True,False,True,0.0,0.0
write_pair_reference_own_b384,midredboy,1427,0,0,2,True,False,True,0.0,0.0
write_pair_reference_own_b384,midredboy,1429,0,0,2,True,False,True,0.0,0.0
write_pair_reference_own_b384,midredboy,1430,0,0,2,True,False,True,0.0,0.0
write_pair_reference_own_b384,midredboy,1442,0,0,2,True,False,True,0.0,0.0
write_pair_reference_own_b384,midredboy,1444,0,0,2,True,False,True,0.0,0.0
write_pair_reference_own_b384,midredboy,1474,0,0,2,True,False,True,0.0,0.0
write_pair_reference_own_b384,midredboy,1476,0,0,2,True,False,True,0.0,0.0
write_pair_reference_own_b384,midredboy,1477,0,0,2,True,False,True,0.0,0.0
write_pair_reference_own_b384,midredboy,1480,0,0,2,True,False,True,0.0,0.0
write_pair_reference_own_b384,midredboy,1481,0,0,2,True,False,True,0.0,0.0
write_pair_reference_own_b384,midredboy,1490,0,0,2,True,False,True,0.0,0.0
write_pair_reference_own_b384,midredboy,1511,0,0,2,True,False,True,0.0,0.0
write_pair_reference_own_b384,midredboy,1514,0,0,2,True,False,True,0.0,0.0
write_pair_reference_own_b384,midredboy,1515,0,0,2,True,False,True,0.0,0.0
write_pair_reference_own_b384,midredboy,1516,0,0,2,True,False,True,0.0,0.0
write_pair_reference_own_b384,midredboy,1518,0,0,2,True,False,True,0.0,0.0
write_pair_reference_own_b384,midredboy,1520,0,0,2,True,False,True,0.0,0.0
write_pair_reference_own_b384,midredboy,1522,0,0,2,True,False,True,0.22847073967394785,0.22847073967394785
write_pair_reference_own_b384,midredboy,1523,0,0,2,True,False,True,0.32746032870141784,0.32746032870141784
write_pair_reference_own_b384,midredboy,1528,0,0,2,True,False,True,0.0,0.0
write_pair_reference_own_b384,midredboy,1535,0,0,2,True,False,True,0.5541492915147866,0.5541492915147866
write_pair_reference_own_b384,midredboy,1536,0,0,2,True,False,True,0.5649578949461439,0.5649578949461439
write_pair_reference_own_b384,midredboy,1539,0,0,2,True,False,True,0.5484009035608627,0.5484009035608627
write_pair_reference_own_b384,midredboy,1540,0,0,2,True,False,True,0.45469014487928144,0.45469014487928144
write_pair_reference_own_b384,midredboy,1541,0,0,2,True,False,True,0.42018600850508087,0.42018600850508087
write_pair_reference_own_b384,midredboy,1542,0,0,2,True,False,True,0.35476114094254274,0.35476114094254274
write_pair_reference_own_b384,midredboy,1545,0,0,2,True,False,True,0.46185092150271784,0.46185092150271784
write_pair_reference_own_b384,midredboy,1546,0,1,2,True,False,True,0.42857864813069113,0.42857864813069113
write_pair_reference_own_b384,midredboy,1547,0,0,2,True,False,True,0.43575787030202506,0.43575787030202506
write_pair_reference_own_b384,midredboy,1553,0,0,2,True,False,True,0.3312370737504024,0.3312370737504024
write_pair_reference_own_b384,midredboy,1554,0,0,2,True,False,True,0.3553842457390718,0.3553842457390718
write_pair_reference_own_b384,midredboy,1562,0,0,2,True,False,True,0.02582351932093995,0.02582351932093995
write_pair_reference_own_b384,midredboy,1566,0,1,2,True,False,True,0.0,0.0
write_pair_reference_own_b384,midredboy,1567,0,0,2,True,False,True,0.0,0.0
write_pair_reference_own_b384,midredboy,1572,0,0,2,True,False,True,0.0,0.0
write_pair_reference_own_b384,midredboy,1573,0,0,2,True,False,True,0.0,0.0
write_pair_reference_own_b384,midredboy,1585,0,0,2,True,False,True,0.0,0.0
write_pair_reference_own_b384,midredboy,1950,0,0,0,False,False,True,0.0,0.20192596291503997
write_pair_reference_own_b384,midredboy,2979,0,0,2,True,False,True,0.0,0.0
write_pair_reference_own_b384,midredboy,2980,0,0,2,True,False,True,0.0,0.0
write_pair_reference_own_b384,midredboy,2985,0,0,2,True,False,True,0.0,0.0
write_pair_reference_own_b384,midredboy,2986,0,0,2,True,False,True,0.0,0.0
write_pair_reference_own_b384,midredboy,2987,0,0,2,True,False,True,0.0,0.0
write_pair_reference_own_b384,midredboy,3041,0,0,2,True,False,True,0.0,0.0
write_pair_reference_own_b384,midredboy,3044,0,0,2,True,False,True,0.0,0.0
write_pair_reference_own_b384,midredboy,3047,0,0,2,True,False,True,0.0,0.0
write_pair_reference_own_b384,midredboy,3048,0,0,2,True,False,True,0.0,0.0
write_pair_reference_own_b384,midredboy,3051,0,0,2,True,True,True,0.0,0.8436007071270949
write_pair_reference_own_b384,midredboy,3211,0,0,2,True,False,True,0.0,0.0
write_pair_reference_own_b384,midredboy,3214,0,0,2,True,False,True,0.0,0.0
write_pair_reference_own_b384,midredboy,3217,0,0,2,True,False,True,0.0,0.0
write_pair_reference_own_b384,midredboy,3285,0,0,2,True,False,False,,
write_pair_reference_own_b384,midredboy,3300,0,0,2,True,False,True,0.0,0.0
write_pair_reference_own_b384,midredboy,3365,0,0,2,True,False,True,0.0,0.0
write_pair_reference_own_b384,midredboy,3366,0,0,2,True,False,True,0.0,0.0
write_pair_reference_own_b384,midredboy,3367,0,0,2,True,False,True,0.0,0.0
write_pair_reference_own_b384,midredboy,3377,0,0,2,True,False,True,0.0,0.0
write_pair_reference_own_b384,midredboy,3398,0,0,2,True,False,True,0.0,0.0
write_pair_reference_own_b384,midredboy,3400,0,0,2,True,False,True,0.0,0.0
write_pair_reference_own_b384,midredboy,3401,0,1,2,True,False,True,0.0,0.0
write_pair_reference_own_b384,midredboy,3424,0,0,2,True,False,True,0.0,0.0
write_pair_reference_own_b384,midredboy,3425,0,0,2,True,False,True,0.0,0.0
write_pair_reference_own_b384,midredboy,3430,0,0,2,True,False,True,0.0,0.0
write_pair_reference_own_b384,midredboy,3431,0,0,2,True,False,True,0.0,0.0
write_pair_reference_own_b384,midredboy,3459,0,0,2,True,False,True,0.7655808098486265,0.7655808098486265
write_pair_reference_own_b384,midredboy,3495,0,0,2,True,False,True,0.7415977494332864,0.7415977494332864
write_pair_reference_own_b384,midredboy,3496,0,0,2,True,False,True,0.7901503630056794,0.7901503630056794
write_pair_reference_own_b384,midredboy,3497,0,0,2,True,False,True,0.532008552410473,0.532008552410473
write_pair_reference_own_b384,midredboy,3500,0,0,2,True,False,True,0.8267958245033069,0.8267958245033069
write_pair_reference_own_b384,midredboy,3506,0,0,2,True,False,True,0.19523893164400954,0.19523893164400954
write_pair_reference_own_b384,midredboy,3508,0,0,2,True,False,True,0.23015830728000677,0.23015830728000677
write_pair_reference_own_b384,midredboy,3509,0,0,2,True,False,True,0.41146731885286464,0.41146731885286464
write_pair_reference_own_b384,midredboy,3730,0,0,2,True,False,True,0.363792833350528,0.363792833350528
write_pair_reference_own_b384,midredboy,3745,0,0,2,True,False,True,0.6988211525092501,0.6988211525092501
write_pair_reference_own_b384,midredboy,3748,0,0,2,True,False,True,0.28735880316867496,0.28735880316867496
write_pair_reference_own_b384,midredboy,3753,0,0,2,True,False,True,0.658879166133807,0.658879166133807
write_pair_reference_own_b384,midredboy,4234,0,0,2,True,False,True,0.47822345600334737,0.47822345600334737
write_pair_reference_own_b384,midredboy,4473,0,0,0,False,True,True,0.9248458666189573,0.9248458666189573
write_pair_reference_own_b384,midredboy,4474,0,0,0,False,True,True,0.904275602073796,0.904275602073796
write_pair_reference_own_b384,midredboy,4475,0,0,0,False,True,True,0.8946529132635495,0.8946529132635495
write_pair_reference_own_b384,midredboy,4476,0,0,0,False,True,True,0.8813726185498912,0.8813726185498912
write_pair_reference_own_b384,midredboy,4477,0,0,0,False,True,True,0.8595277740407546,0.8595277740407546
write_pair_reference_own_b384,midredboy,4480,0,0,0,False,True,True,0.7802850620549976,0.7802850620549976
write_pair_reference_own_b384,midredboy,5263,0,0,2,True,False,True,0.0,0.0
write_pair_reference_own_b384,midredboy,5265,0,0,2,True,False,True,0.0,0.0
write_pair_reference_own_b384,midredboy,5266,0,0,2,True,False,True,0.0,0.0
write_pair_reference_own_b384,midredboy,5267,0,0,2,True,False,True,0.0,0.0
write_pair_reference_own_b384,midredboy,5278,0,0,2,True,False,True,0.0,0.0
write_pair_reference_own_b384,midredboy,5283,0,0,2,True,False,True,0.0,0.0
write_pair_reference_own_b384,midredboy,5284,0,0,2,True,False,True,0.0,0.0
write_pair_reference_own_b384,midredboy,5285,0,0,2,True,False,True,0.0,0.0
write_pair_reference_own_b384,midredboy,5287,0,0,2,True,False,True,0.0,0.0
write_pair_reference_own_b384,midredboy,5288,0,0,2,True,False,True,0.0,0.0
write_pair_reference_own_b384,midredboy,5289,0,0,2,True,False,True,0.0,0.0
write_pair_reference_own_b384,midredboy,5291,0,0,2,True,False,True,0.0,0.0
write_pair_reference_own_b384,midredboy,5292,0,0,2,True,False,True,0.0,0.0
write_pair_reference_own_b384,midredboy,5293,0,0,2,True,False,True,0.0,0.0
write_pair_reference_own_b384,midredboy,5295,0,0,2,True,False,True,0.0,0.0
write_pair_reference_own_b384,midredboy,5296,0,0,2,True,False,True,0.0,0.0
write_pair_reference_own_b384,midredboy,5304,0,0,2,True,False,True,0.0,0.0
write_pair_reference_own_b384,midredboy,5307,0,0,2,True,False,True,0.0,0.0
write_pair_reference_own_b384,midredboy,5308,0,0,2,True,False,True,0.0,0.0
write_pair_reference_own_b384,midredboy,5311,0,0,2,True,False,True,0.0,0.0
write_pair_reference_own_b384,midredboy,5318,0,0,2,True,False,True,0.0,0.0
write_pair_reference_own_b384,midredboy,5320,0,0,2,True,False,True,0.0,0.0
write_pair_reference_own_b384,midredboy,5322,0,0,2,True,False,True,0.0,0.0
write_pair_reference_own_b384,midredboy,5325,0,0,2,True,False,True,0.0,0.0
write_pair_reference_own_b384,midredboy,5327,0,0,2,True,False,True,0.0,0.0
write_pair_reference_own_b384,midredboy,5329,0,0,2,True,False,True,0.0,0.0
write_pair_reference_own_b384,midredboy,5330,0,1,2,True,False,True,0.0,0.0
write_pair_reference_own_b384,midredboy,5332,2,0,2,True,True,True,0.0,0.7056178538007677
write_pair_reference_own_b384,midredboy,6873,0,0,2,True,False,True,0.0,0.0
write_pair_reference_own_b384,midredboy,6874,0,0,0,False,True,True,0.0,0.8694420102229198
write_pair_reference_own_b384,midrunboywithwhite,111,0,0,2,True,False,True,0.6455003053889864,0.6455003053889864
write_pair_reference_own_b384,midrunboywithwhite,125,0,0,2,True,False,True,0.6253080466466334,0.6253080466466334
write_pair_reference_own_b384,midrunboywithwhite,126,0,0,2,True,False,True,0.5293787376697063,0.5293787376697063
write_pair_reference_own_b384,midrunboywithwhite,127,0,0,2,True,False,True,0.298982741990029,0.298982741990029
write_pair_reference_own_b384,midrunboywithwhite,128,0,0,2,True,False,True,0.5619425064353739,0.5619425064353739
write_pair_reference_own_b384,midrunboywithwhite,130,0,0,2,True,False,True,0.76474617346995,0.76474617346995
write_pair_reference_own_b384,midrunboywithwhite,132,0,0,2,True,False,True,0.7026875908654248,0.7026875908654248
write_pair_reference_own_b384,midrunboywithwhite,139,0,0,2,True,False,True,0.6672985900099307,0.6672985900099307
write_pair_reference_own_b384,midrunboywithwhite,150,0,0,2,True,False,True,0.6855059860947493,0.6855059860947493
write_pair_reference_own_b384,midrunboywithwhite,152,0,0,2,True,False,True,0.7405113921813425,0.7405113921813425
write_pair_reference_own_b384,midrunboywithwhite,154,0,0,2,True,False,True,0.6883939516480898,0.6883939516480898
write_pair_reference_own_b384,midrunboywithwhite,156,0,0,2,True,False,True,0.7280142713939531,0.7280142713939531
write_pair_reference_own_b384,midrunboywithwhite,157,0,0,2,True,False,True,0.8756885095520796,0.8756885095520796
write_pair_reference_own_b384,midrunboywithwhite,182,0,0,2,True,False,True,0.7063215185738251,0.7063215185738251
write_pair_reference_own_b384,midrunboywithwhite,207,0,0,2,True,False,True,0.0,0.0
write_pair_reference_own_b384,midrunboywithwhite,214,0,0,2,True,False,True,0.0,0.0
write_pair_reference_own_b384,midrunboywithwhite,225,0,0,2,True,False,True,0.0,0.0
write_pair_reference_own_b384,midrunboywithwhite,233,0,0,2,True,False,True,0.0,0.0
write_pair_reference_own_b384,midrunboywithwhite,244,0,0,2,True,False,True,0.0,0.0
write_pair_reference_own_b384,midrunboywithwhite,270,0,0,2,True,False,True,0.0,0.0
write_pair_reference_own_b384,midrunboywithwhite,271,0,0,2,True,False,True,0.0,0.0
write_pair_reference_own_b384,midrunboywithwhite,273,0,0,2,True,False,True,0.0,0.0
write_pair_reference_own_b384,midrunboywithwhite,282,0,0,2,True,False,True,0.0,0.0
write_pair_reference_own_b384,midrunboywithwhite,283,0,0,2,True,False,True,0.0,0.0
write_pair_reference_own_b384,midrunboywithwhite,288,0,0,2,True,False,True,0.0,0.0
write_pair_reference_own_b384,midrunboywithwhite,318,0,0,2,True,False,True,0.6849632592179759,0.6849632592179759
write_pair_reference_own_b384,midrunboywithwhite,344,0,0,2,True,False,True,0.684686805260352,0.684686805260352
write_pair_reference_own_b384,midrunboywithwhite,363,0,0,2,True,False,True,0.8147398798119663,0.8147398798119663
write_pair_reference_own_b384,midrunboywithwhite,372,0,0,2,True,False,True,0.0,0.0
write_pair_reference_own_b384,midrunboywithwhite,377,0,0,2,True,False,True,0.0,0.0
write_pair_reference_own_b384,midrunboywithwhite,379,0,0,2,True,False,True,0.0,0.0
write_pair_reference_own_b384,midrunboywithwhite,382,0,0,2,True,False,True,0.0,0.0
write_pair_reference_own_b384,midrunboywithwhite,384,0,0,2,True,False,True,0.0,0.0
write_pair_reference_own_b384,midrunboywithwhite,385,0,0,2,True,False,True,0.0,0.0
write_pair_reference_own_b384,midrunboywithwhite,387,0,0,2,True,False,True,0.0,0.0
write_pair_reference_own_b384,midrunboywithwhite,390,0,0,2,True,False,True,0.0,0.0
write_pair_reference_own_b384,midrunboywithwhite,391,0,0,2,True,False,True,0.0,0.0
write_pair_reference_own_b384,midrunboywithwhite,394,0,0,2,True,False,True,0.0,0.0
write_pair_reference_own_b384,midrunboywithwhite,396,0,0,2,True,False,True,0.0,0.0
write_pair_reference_own_b384,midrunboywithwhite,397,0,0,2,True,False,True,0.0,0.0
write_pair_reference_own_b384,midrunboywithwhite,398,0,0,2,True,False,True,0.0,0.0
write_pair_reference_own_b384,midrunboywithwhite,401,0,0,2,True,False,True,0.0,0.0
write_pair_reference_own_b384,midrunboywithwhite,419,0,0,2,True,False,True,0.0,0.0
write_pair_reference_own_b384,midrunboywithwhite,422,0,0,2,True,False,True,0.0,0.0
write_pair_reference_own_b384,midrunboywithwhite,425,0,0,2,True,False,True,0.0,0.0
write_pair_reference_own_b384,midrunboywithwhite,431,0,0,2,True,False,True,0.0,0.0
write_pair_reference_own_b384,midrunboywithwhite,432,0,0,2,True,False,True,0.0,0.0
write_pair_reference_own_b384,pingpingpad3,526,0,0,2,True,False,True,0.22442005061219705,0.22442005061219705
write_pair_reference_own_b384,pingpingpad3,527,0,0,2,True,False,True,0.037080601237627984,0.037080601237627984
write_pair_reference_own_b384,pingpingpad3,528,0,0,2,True,False,True,0.0,0.0
write_pair_reference_own_b384,pingpingpad3,529,0,0,2,True,False,True,0.0,0.0
write_pair_reference_own_b384,pingpingpad3,782,0,0,2,True,False,True,0.0,0.8538022988034513
write_pair_reference_own_b384,pingpingpad3,789,0,0,2,True,False,True,0.8526504024448863,0.8526504024448863
write_pair_reference_own_b384,pinkwithblktopcup,473,0,0,2,True,False,True,0.7986140684661078,0.7986140684661078
write_pair_reference_own_b384,pinkwithblktopcup,474,0,0,2,True,False,True,0.848425995748741,0.848425995748741
write_pair_reference_own_b384,pinkwithblktopcup,662,0,0,2,True,False,True,0.8005734006821462,0.8005734006821462
write_pair_reference_own_b384,pinkwithblktopcup,686,0,0,2,True,False,True,0.9240800687041609,0.9240800687041609
write_pair_reference_own_b384,pinkwithblktopcup,689,0,0,2,True,False,True,0.8182864250785907,0.8182864250785907
write_pair_reference_own_b384,pinkwithblktopcup,690,0,0,2,True,False,True,0.8548021560099153,0.8548021560099153
write_pair_reference_own_b384,pinkwithblktopcup,693,0,0,2,True,False,True,0.7222458657225201,0.7222458657225201
write_pair_reference_own_b384,pinkwithblktopcup,694,0,0,2,True,False,True,0.7471666414712861,0.7471666414712861
write_pair_reference_own_b384,pinkwithblktopcup,834,0,1,2,True,False,True,0.7243504058168636,0.7243504058168636
write_pair_reference_own_b384,pinkwithblktopcup,921,0,0,2,True,False,True,0.24195033872213248,0.24195033872213248
write_pair_reference_own_b384,pinkwithblktopcup,922,0,0,2,True,False,True,0.24537336868996995,0.24537336868996995
write_pair_reference_own_b384,pinkwithblktopcup,923,0,0,2,True,False,True,0.104004763894626,0.104004763894626
write_pair_reference_own_b384,pinkwithblktopcup,924,0,0,2,True,False,True,0.05187417470973539,0.05187417470973539
write_pair_reference_own_b384,pinkwithblktopcup,927,0,0,2,True,False,True,0.06623048113137565,0.06623048113137565
write_pair_reference_own_b384,pinkwithblktopcup,928,0,0,2,True,False,True,0.041367180910562885,0.041367180910562885
write_pair_reference_own_b384,pinkwithblktopcup,932,0,0,2,True,False,True,0.0,0.0
write_pair_reference_own_b384,pinkwithblktopcup,933,0,0,2,True,False,True,0.0,0.0
write_pair_reference_own_b384,pinkwithblktopcup,935,0,0,2,True,False,True,0.8806946668946367,0.8806946668946367
write_pair_reference_own_b384,pinkwithblktopcup,943,0,0,2,True,False,True,0.7171287437367285,0.7171287437367285
write_pair_reference_own_b384,pinkwithblktopcup,949,0,0,2,True,False,True,0.3777361053184889,0.3777361053184889
write_pair_reference_own_b384,pinkwithblktopcup,958,0,0,2,True,False,True,0.5803941403019541,0.5803941403019541
write_pair_reference_own_b384,pinkwithblktopcup,960,0,0,2,True,False,True,0.6825653482220623,0.6825653482220623
write_pair_reference_own_b384,pinkwithblktopcup,961,0,0,2,True,False,True,0.7333739810178204,0.7333739810178204
write_pair_reference_own_b384,pinkwithblktopcup,1257,0,0,2,True,False,True,0.0,0.0
write_pair_reference_own_b384,pinkwithblktopcup,1258,0,0,2,True,False,True,0.0,0.0
write_pair_reference_own_b384,pinkwithblktopcup,1259,0,0,2,True,False,True,0.0,0.0
write_pair_reference_own_b384,pinkwithblktopcup,1267,0,0,2,True,False,True,0.0,0.0
write_pair_reference_own_b384,rainycarcome_ab,110,0,0,0,False,True,True,0.9108170711718244,0.9108170711718244
write_pair_reference_own_b384,redmidboy,35,0,0,2,True,False,True,0.2979625790418673,0.2979625790418673
write_pair_reference_own_b384,redmidboy,36,0,0,2,True,False,True,0.44430109209193575,0.44430109209193575
write_pair_reference_own_b384,redmidboy,49,0,0,2,True,False,True,0.6754396289719807,0.6754396289719807
write_pair_reference_own_b384,redmidboy,86,0,0,2,True,False,True,0.7259493538523828,0.7259493538523828
write_pair_reference_own_b384,redmidboy,150,0,0,2,True,False,True,0.5349821572428645,0.5349821572428645
write_pair_reference_own_b384,redmidboy,151,0,0,2,True,False,True,0.5338749998030508,0.5338749998030508
write_pair_reference_own_b384,redmidboy,154,0,0,2,True,False,True,0.5269452178086445,0.5269452178086445
write_pair_reference_own_b384,redmidboy,192,0,0,2,True,False,True,0.8641583357963044,0.8641583357963044
write_pair_reference_own_b384,redmidboy,201,0,0,2,True,False,True,0.6155088974644077,0.6155088974644077
write_pair_reference_own_b384,redmidboy,205,0,0,2,True,False,True,0.7968860897014739,0.7968860897014739
write_pair_reference_own_b384,redmidboy,207,0,0,2,True,False,True,0.6699165251391581,0.6699165251391581
write_pair_reference_own_b384,redmidboy,225,0,0,2,True,False,True,0.7455283636460103,0.7455283636460103
write_pair_reference_own_b384,redmidboy,226,0,0,2,True,False,True,0.7714143850028903,0.7714143850028903
write_pair_reference_own_b384,redmidboy,270,0,0,2,True,False,True,0.441254330349846,0.441254330349846
write_pair_reference_own_b384,redmidboy,277,0,0,2,True,False,True,0.7171724991483504,0.7171724991483504
write_pair_reference_own_b384,redmidboy,279,0,0,2,True,False,True,0.8662103561795881,0.8662103561795881
write_pair_reference_own_b384,redmidboy,284,0,0,2,True,False,True,0.7451029821220525,0.7451029821220525
write_pair_reference_own_b384,redmidboy,285,0,0,2,True,False,True,0.0,0.0
write_pair_reference_own_b384,redmidboy,286,0,0,2,True,False,True,0.7251786733035648,0.7251786733035648
write_pair_reference_own_b384,redmidboy,300,0,0,2,True,False,True,0.7632561856508469,0.7632561856508469
write_pair_reference_own_b384,redmidboy,302,0,0,2,True,False,True,0.8311797047840671,0.8311797047840671
write_pair_reference_own_b384,redmidboy,314,0,0,2,True,False,True,0.5992256490424399,0.5992256490424399
write_pair_reference_own_b384,redmidboy,317,0,0,2,True,False,True,0.22280169616273146,0.22280169616273146
write_pair_reference_own_b384,redmidboy,319,0,0,2,True,False,True,0.04090842336067478,0.04090842336067478
write_pair_reference_own_b384,redmidboy,435,0,0,2,True,False,True,0.601351079893384,0.601351079893384
write_pair_reference_own_b384,redmidboy,504,0,0,2,True,False,True,0.856809968139989,0.856809968139989
write_pair_reference_own_b384,redmidboy,506,0,0,2,True,False,True,0.8556965270819388,0.8556965270819388
write_pair_reference_own_b384,redmidboy,508,0,0,2,True,False,True,0.8544311410324121,0.8544311410324121
write_pair_reference_own_b384,redmidboy,509,0,0,2,True,False,True,0.8544457203216117,0.8544457203216117
write_pair_reference_own_b384,redmidboy,510,0,0,2,True,False,True,0.8295518620736781,0.8295518620736781
write_pair_reference_own_b384,redmidboy,513,0,0,2,True,False,True,0.9162122328998696,0.9162122328998696
write_pair_reference_own_b384,redmidboy,514,0,0,2,True,False,True,0.9004048374043124,0.9004048374043124
write_pair_reference_own_b384,redmidboy,527,0,0,2,True,False,True,0.6911476055418619,0.6911476055418619
write_pair_reference_own_b384,redmidboy,529,0,0,2,True,False,True,0.6980149943773125,0.6980149943773125
write_pair_reference_own_b384,redmidboy,531,0,0,2,True,False,True,0.750078579217657,0.750078579217657
write_pair_reference_own_b384,redmidboy,591,0,0,2,True,False,True,0.884974823612896,0.884974823612896
write_pair_reference_own_b384,redmidboy,592,0,0,2,True,False,True,0.8771892650322936,0.8771892650322936
write_pair_reference_own_b384,redmidboy,615,0,0,2,True,False,True,0.7433748294860882,0.7433748294860882
write_pair_reference_own_b384,redmidboy,631,0,0,2,True,False,True,0.8637207685799422,0.8637207685799422
write_pair_reference_own_b384,redmidboy,633,0,0,2,True,False,True,0.8190639843811482,0.8190639843811482
write_pair_reference_own_b384,redmidboy,638,0,0,2,True,False,True,0.8918027305431451,0.8918027305431451
write_pair_reference_own_b384,redmidboy,640,0,0,2,True,False,True,0.818850035364868,0.818850035364868
write_pair_reference_own_b384,redmidboy,648,0,0,2,True,False,True,0.8147601285581286,0.8147601285581286
write_pair_reference_own_b384,redmidboy,655,0,0,2,True,False,True,0.7504045506284173,0.7504045506284173
write_pair_reference_own_b384,redmidboy,656,0,0,2,True,False,True,0.18231369657595917,0.18231369657595917
write_pair_reference_own_b384,redmidboy,659,0,0,2,True,False,True,0.7297118028338908,0.7297118028338908
write_pair_reference_own_b384,redroadlatboy,263,0,0,2,True,False,True,0.8417283119773258,0.8417283119773258
write_pair_reference_own_b384,redroadlatboy,289,0,0,2,True,False,True,0.7972434035792648,0.7972434035792648
write_pair_reference_own_b384,redroadlatboy,292,0,0,2,True,False,True,0.7272055566833121,0.7272055566833121
write_pair_reference_own_b384,redroadlatboy,364,0,0,2,True,False,True,0.0,0.0
write_pair_reference_own_b384,redroadlatboy,365,0,0,2,True,False,True,0.0,0.0
write_pair_reference_own_b384,redroadlatboy,366,0,0,2,True,False,True,0.0,0.0
write_pair_reference_own_b384,redroadlatboy,373,0,3,0,False,False,True,0.0,0.8143359559630899
write_pair_reference_own_b384,redroadlatboy,379,0,0,0,False,False,True,0.8087375297349686,0.0
write_pair_reference_own_b384,redroadlatboy,380,0,0,0,False,False,True,0.0,0.9048506122978683
write_pair_reference_own_b384,redroadlatboy,389,0,0,0,False,False,True,0.8977720368592971,0.0
write_pair_reference_own_b384,redroadlatboy,409,0,1,0,False,False,True,0.0,0.7236199372352647
write_pair_reference_own_b384,redroadlatboy,446,0,1,0,False,False,True,0.0,0.734622989462698
write_pair_reference_own_b384,redroadlatboy,534,0,0,2,True,False,True,0.0,0.0
write_pair_reference_own_b384,redroadlatboy,561,0,0,2,True,False,True,0.7522397421410743,0.7522397421410743
write_pair_reference_own_b384,redroadlatboy,566,0,0,0,False,False,True,0.0,0.0
write_pair_reference_own_b384,redroadlatboy,672,0,1,0,False,False,True,0.0,0.0
write_pair_reference_own_b384,redroadlatboy,684,0,0,2,True,False,True,0.0,0.0
write_pair_reference_own_b384,right2ndflagformath,180,0,0,2,True,False,True,0.021977619354978578,0.021977619354978578
write_pair_reference_own_b384,right2ndflagformath,626,0,0,2,True,False,True,0.8069757484801657,0.8069757484801657
write_pair_reference_own_b384,right2ndflagformath,637,0,0,2,True,False,True,0.9005265743001017,0.9005265743001017
write_pair_reference_own_b384,right2ndflagformath,640,0,0,2,True,False,True,0.0,0.0
write_pair_reference_own_b384,right2ndflagformath,662,0,0,2,True,False,True,0.8768054430857218,0.8768054430857218
write_pair_reference_own_b384,right2ndflagformath,689,0,0,2,True,False,True,0.7391794428104754,0.7391794428104754
write_pair_reference_own_b384,right2ndflagformath,726,0,0,2,True,False,True,0.6195423430085354,0.6195423430085354
write_pair_reference_own_b384,right2ndflagformath,765,0,1,0,False,False,True,0.5087546780993347,0.0
write_pair_reference_own_b384,right2ndflagformath,818,0,1,2,True,False,True,0.0,0.0
write_pair_reference_own_b384,right2ndflagformath,820,0,0,2,True,False,True,0.0,0.0
write_pair_reference_own_b384,right2ndflagformath,835,0,0,2,True,False,True,0.5985142678310275,0.5985142678310275
write_pair_reference_own_b384,right2ndflagformath,837,0,0,2,True,False,True,0.631135079678047,0.631135079678047
write_pair_reference_own_b384,right2ndflagformath,868,0,1,2,True,False,True,0.0,0.0
write_pair_reference_own_b384,right2ndflagformath,869,0,1,2,True,False,True,0.0,0.0
write_pair_reference_own_b384,right2ndflagformath,1074,0,0,2,True,False,True,0.0,0.0
write_pair_reference_own_b384,right2ndflagformath,1075,0,0,2,True,False,True,0.0,0.0
write_pair_reference_own_b384,right2ndflagformath,1076,0,0,2,True,False,True,0.0,0.0
write_pair_reference_own_b384,right2ndflagformath,1081,0,0,2,True,False,True,0.0,0.0
write_pair_reference_own_b384,right2ndflagformath,1088,0,0,2,True,False,True,0.0,0.0
write_pair_reference_own_b384,right2ndflagformath,1102,0,1,2,True,False,True,0.0,0.0
write_pair_reference_own_b384,right2ndflagformath,1133,0,0,2,True,False,True,0.0,0.0
write_pair_reference_own_b384,right2ndflagformath,1144,0,0,2,True,False,True,0.0,0.0
write_pair_reference_own_b384,right2ndflagformath,1165,0,0,2,True,False,True,0.0,0.0
write_pair_reference_own_b384,right2ndflagformath,1278,0,0,2,True,False,True,0.0,0.0
write_pair_reference_own_b384,right2ndflagformath,1300,0,0,2,True,False,True,0.0,0.0
write_pair_reference_own_b384,right2ndflagformath,1311,0,0,2,True,False,True,0.0,0.0
write_pair_reference_own_b384,right2ndflagformath,1318,0,0,2,True,False,True,0.0,0.0
write_pair_reference_own_b384,right2ndflagformath,1320,0,0,2,True,False,True,0.0,0.0
write_pair_reference_own_b384,right2ndflagformath,1321,0,0,2,True,False,True,0.0,0.0
write_pair_reference_own_b384,right2ndflagformath,1471,0,0,2,True,False,True,0.0,0.0
write_pair_reference_own_b384,right2ndflagformath,1473,0,0,2,True,False,True,0.0,0.0
write_pair_reference_own_b384,right2ndflagformath,1491,0,0,2,True,False,True,0.0,0.0
write_pair_reference_own_b384,right2ndflagformath,1607,0,0,0,False,False,True,0.0,0.0
write_pair_reference_own_b384,right2ndflagformath,1662,0,0,2,True,False,True,0.0,0.0
write_pair_reference_own_b384,right5thflag,555,0,1,0,False,False,True,0.25670526546234945,0.0
write_pair_reference_own_b384,right5thflag,701,0,0,2,True,False,True,0.3282916290533191,0.3282916290533191
write_pair_reference_own_b384,right5thflag,745,0,0,0,False,False,True,0.0,0.6370559606553703
write_pair_reference_own_b384,right5thflag,985,0,0,2,True,False,True,0.3406306913363234,0.3406306913363234
write_pair_reference_own_b384,right5thflag,1086,0,0,2,True,False,True,0.8420281717539237,0.8420281717539237
write_pair_reference_own_b384,right5thflag,1088,0,2,2,True,False,True,0.0,0.0
write_pair_reference_own_b384,right5thflag,1157,0,0,2,True,False,True,0.0,0.0
write_pair_reference_own_b384,right5thflag,1158,0,0,2,True,False,True,0.0,0.0
write_pair_reference_own_b384,right5thflag,1159,0,0,2,True,False,True,0.0,0.0
write_pair_reference_own_b384,right5thflag,1160,0,0,2,True,False,True,0.0,0.0
write_pair_reference_own_b384,right5thflag,1161,0,0,2,True,False,True,0.0,0.0
write_pair_reference_own_b384,right5thflag,1162,0,0,2,True,False,True,0.0,0.0
write_pair_reference_own_b384,right5thflag,1163,0,0,2,True,False,True,0.0,0.0
write_pair_reference_own_b384,right5thflag,1164,0,0,2,True,False,True,0.0,0.0
write_pair_reference_own_b384,right5thflag,1165,0,0,2,True,False,True,0.0,0.0
write_pair_reference_own_b384,right5thflag,1231,0,0,2,True,False,True,0.534453592433882,0.534453592433882
write_pair_reference_own_b384,right5thflag,1238,0,0,2,True,False,True,0.6767461916999858,0.6767461916999858
write_pair_reference_own_b384,right5thflag,1239,0,0,2,True,False,True,0.5757511822195254,0.5757511822195254
write_pair_reference_own_b384,right5thflag,1240,0,0,2,True,False,True,0.5287404361342841,0.5287404361342841
write_pair_reference_own_b384,right5thflag,1241,0,0,2,True,False,True,0.5911448463645237,0.5911448463645237
write_pair_reference_own_b384,right5thflag,1243,0,0,2,True,False,True,0.45171294082425445,0.45171294082425445
write_pair_reference_own_b384,right5thflag,1245,0,0,2,True,False,True,0.7038159696917397,0.7038159696917397
write_pair_reference_own_b384,right5thflag,1246,0,0,2,True,False,True,0.6659642465556503,0.6659642465556503
write_pair_reference_own_b384,right5thflag,1248,0,0,2,True,False,True,0.3053584467300177,0.3053584467300177
write_pair_reference_own_b384,right5thflag,1253,0,0,2,True,False,True,0.4596413360988151,0.4596413360988151
write_pair_reference_own_b384,right5thflag,1259,0,0,2,True,False,True,0.17703454126438867,0.17703454126438867
write_pair_reference_own_b384,right5thflag,1261,0,0,2,True,False,True,0.8652566574058512,0.8652566574058512
write_pair_reference_own_b384,right5thflag,1270,0,0,2,True,False,True,0.6960088603997954,0.6960088603997954
write_pair_reference_own_b384,right5thflag,1271,0,0,2,True,False,True,0.8106801390715708,0.8106801390715708
write_pair_reference_own_b384,right5thflag,1276,0,0,2,True,False,True,0.7335947036202501,0.7335947036202501
write_pair_reference_own_b384,right5thflag,1277,0,0,2,True,False,True,0.7541268439317271,0.7541268439317271
write_pair_reference_own_b384,right5thflag,1281,0,0,2,True,False,True,0.7527690379997138,0.7527690379997138
write_pair_reference_own_b384,right5thflag,1282,0,0,2,True,False,True,0.7534226362947404,0.7534226362947404
write_pair_reference_own_b384,right5thflag,1283,0,0,2,True,False,True,0.6207741508032424,0.6207741508032424
write_pair_reference_own_b384,right5thflag,1285,0,0,2,True,False,True,0.6787958350588132,0.6787958350588132
write_pair_reference_own_b384,right5thflag,1434,0,0,2,True,False,True,0.0,0.0
write_pair_reference_own_b384,right5thflag,1437,0,0,2,True,False,True,0.0,0.0
write_pair_reference_own_b384,right5thflag,1445,0,0,2,True,False,True,0.0,0.0
write_pair_reference_own_b384,right5thflag,1580,0,0,2,True,False,True,0.5982374116157033,0.5982374116157033
write_pair_reference_own_b384,right5thflag,1581,0,0,2,True,False,True,0.6265821805625476,0.6265821805625476
write_pair_reference_own_b384,right5thflag,1582,0,0,2,True,False,True,0.5441805121838746,0.5441805121838746
write_pair_reference_own_b384,right5thflag,1625,0,0,2,True,False,True,0.7101029248200674,0.7101029248200674
write_pair_reference_own_b384,right5thflag,1626,0,0,2,True,False,True,0.6413999716152435,0.6413999716152435
write_pair_reference_own_b384,right5thflag,1690,0,0,2,True,False,True,0.7197473855576524,0.7197473855576524
write_pair_reference_own_b384,right5thflag,1704,0,0,2,True,False,True,0.5909130326225616,0.5909130326225616
write_pair_reference_own_b384,right5thflag,1707,0,0,2,True,False,True,0.6531172610216575,0.6531172610216575
write_pair_reference_own_b384,right5thflag,1708,0,0,2,True,False,True,0.6454071654930124,0.6454071654930124
write_pair_reference_own_b384,right5thflag,1715,0,0,2,True,False,True,0.7777090940137692,0.7777090940137692
write_pair_reference_own_b384,right5thflag,1731,0,0,2,True,False,True,0.6632936157687537,0.6632936157687537
write_pair_reference_own_b384,right5thflag,1760,0,0,2,True,False,True,0.5792233875672136,0.5792233875672136
write_pair_reference_own_b384,right5thflag,1783,0,0,2,True,False,True,0.5192126085517355,0.5192126085517355
write_pair_reference_own_b384,right5thflag,1802,0,1,0,False,False,True,0.008605951629886765,0.6544146412887828
write_pair_reference_own_b384,right5thflag,1821,0,0,0,False,False,True,0.6829922908341018,0.0
write_pair_reference_own_b384,right5thflag,1868,0,0,0,False,False,True,0.48455623650179563,0.0
write_pair_reference_own_b384,rightbike,124,0,0,2,True,False,True,0.779611387228231,0.779611387228231
write_pair_reference_own_b384,rightbike,126,0,0,0,False,False,True,0.7476115232066106,0.0
write_pair_reference_own_b384,rightbike,167,0,0,2,True,False,True,0.0,0.0
write_pair_reference_own_b384,rightblkboy4386,40,0,0,2,True,False,True,0.7478578727320757,0.7478578727320757
write_pair_reference_own_b384,rightblkboy4386,58,0,0,2,True,False,True,0.6438494481401079,0.6438494481401079
write_pair_reference_own_b384,rightblkboy4386,666,0,0,2,True,False,True,0.8799820320159046,0.8799820320159046
write_pair_reference_own_b384,rightblkboy4386,668,0,0,2,True,False,True,0.8191978896185501,0.8191978896185501
write_pair_reference_own_b384,rightblkboy4386,2249,0,0,2,True,False,True,0.769816218165565,0.769816218165565
write_pair_reference_own_b384,rightblkboy4386,3284,0,0,2,True,False,True,0.2903959467044684,0.2903959467044684
write_pair_reference_own_b384,rightblkboy4386,3285,0,0,2,True,False,True,0.43888391674794663,0.43888391674794663
write_pair_reference_own_b384,rightblkboy4386,3286,0,0,2,True,False,True,0.6487861078586644,0.6487861078586644
write_pair_reference_own_b384,rightblkboy4386,3287,0,0,2,True,False,True,0.3419775416000612,0.3419775416000612
write_pair_reference_own_b384,rightblkboy4386,3288,0,0,2,True,False,True,0.2045828856094441,0.2045828856094441
write_pair_reference_own_b384,rightblkboy4386,3289,0,0,2,True,False,True,0.40997190713849463,0.40997190713849463
write_pair_reference_own_b384,rightblkboy4386,3293,0,0,2,True,False,True,0.4706039188008812,0.4706039188008812
write_pair_reference_own_b384,rightblkboy4386,3294,0,0,2,True,False,True,0.059413206416693926,0.059413206416693926
write_pair_reference_own_b384,rightblkboy4386,3302,0,0,2,True,False,True,0.0,0.0
write_pair_reference_own_b384,rightblkboy4386,3304,0,0,2,True,False,True,0.0,0.0
write_pair_reference_own_b384,rightblkboy4386,3306,0,0,2,True,False,True,0.7487057315419784,0.7487057315419784
write_pair_reference_own_b384,rightbluewhite,7,0,0,0,False,True,True,0.7594377061173377,0.7594377061173377
write_pair_reference_own_b384,rightbluewhite,190,0,0,0,False,True,True,0.7990226102297106,0.7990226102297106
write_pair_reference_own_b384,rightbluewhite,333,0,0,0,False,True,True,0.8350865666577836,0.8350865666577836
write_pair_reference_own_b384,rightbottlecomes,167,0,0,0,False,False,True,0.05133896353632482,0.0
write_pair_reference_own_b384,rightbottlecomes,237,0,0,2,True,False,True,0.5012011215465855,0.5012011215465855
write_pair_reference_own_b384,rightbottlecomes,238,0,0,2,True,False,True,0.0016215214500349838,0.0016215214500349838
write_pair_reference_own_b384,rightbottlecomes,241,0,1,0,False,False,True,0.0,0.6428438090318058
write_pair_reference_own_b384,rightbottlecomes,248,0,0,2,True,False,True,0.6694175135517705,0.6694175135517705
write_pair_reference_own_b384,rightbottlecomes,271,0,0,2,True,False,True,0.0035070256778700955,0.0035070256778700955
write_pair_reference_own_b384,rightbottlecomes,272,0,0,2,True,False,True,0.010296533457193786,0.010296533457193786
write_pair_reference_own_b384,rightbottlecomes,274,0,0,2,True,False,True,0.04306353561233486,0.04306353561233486
write_pair_reference_own_b384,rightbottlecomes,276,0,0,2,True,False,True,0.7613592788518283,0.7613592788518283
write_pair_reference_own_b384,rightbottlecomes,277,0,0,2,True,False,True,0.7215719824215299,0.7215719824215299
write_pair_reference_own_b384,rightbottlecomes,331,0,0,2,True,False,True,0.6989721272079261,0.6989721272079261
write_pair_reference_own_b384,rightbottlecomes,471,0,1,0,False,False,True,0.5414430287441339,0.0
write_pair_reference_own_b384,rightbottlecomes,515,0,0,0,False,False,True,0.0021737870027081596,0.7585025235222125
write_pair_reference_own_b384,rightbottlecomes,889,0,0,2,True,False,True,0.4668867378164458,0.4668867378164458
write_pair_reference_own_b384,rightbottlecomes,1010,0,0,2,True,False,True,0.5032758846421685,0.5032758846421685
write_pair_reference_own_b384,rightboy504,410,0,0,2,True,False,True,0.5699267332188451,0.5699267332188451
write_pair_reference_own_b384,rightcameraman,648,0,0,2,True,False,True,0.1351111519280134,0.1351111519280134
write_pair_reference_own_b384,rightcameraman,856,0,0,2,True,False,True,0.0,0.0
write_pair_reference_own_b384,rightcameraman,911,0,0,2,True,False,True,0.0,0.0
write_pair_reference_own_b384,rightcameraman,919,0,0,2,True,False,True,0.0,0.0
write_pair_reference_own_b384,rightcameraman,920,0,0,2,True,False,True,0.0,0.0
write_pair_reference_own_b384,rightcameraman,923,0,0,2,True,False,True,0.0,0.0
write_pair_reference_own_b384,rightcameraman,926,0,0,2,True,False,True,0.0,0.0
write_pair_reference_own_b384,rightcar-chongT,100,0,2,0,False,False,True,0.042338968093483385,0.17055848158378378
write_pair_reference_own_b384,rightcar-chongT,338,0,1,0,False,False,True,0.0,0.0
write_pair_reference_own_b384,rightcar-chongT,537,0,0,0,False,False,True,0.0,0.0
write_pair_reference_own_b384,rightcomingstrongboy,281,0,0,0,False,False,True,0.0,0.8005335619636702
write_pair_reference_own_b384,rightcomingstrongboy,460,0,0,2,True,False,True,0.0,0.0
write_pair_reference_own_b384,rightdarksingleman,808,0,0,0,False,False,True,0.12702436853576637,0.0
write_pair_reference_own_b384,rightdarksingleman,812,0,1,0,False,False,True,0.12407365287213014,0.0
write_pair_reference_own_b384,rightgirltakingcup,10,0,0,2,True,False,True,0.0,0.0
write_pair_reference_own_b384,rightgirltakingcup,12,0,0,2,True,False,True,0.0,0.0
write_pair_reference_own_b384,rightgirltakingcup,17,0,0,2,True,False,True,0.0,0.0
write_pair_reference_own_b384,rightgirltakingcup,20,0,0,2,True,False,True,0.5670785044513713,0.5670785044513713
write_pair_reference_own_b384,rightgirltakingcup,21,0,0,2,True,False,True,0.6925735495556654,0.6925735495556654
write_pair_reference_own_b384,rightgirltakingcup,22,0,0,2,True,False,True,0.799616267671098,0.799616267671098
write_pair_reference_own_b384,rightgirltakingcup,23,0,0,2,True,False,True,0.6823802534829506,0.6823802534829506
write_pair_reference_own_b384,rightgirltakingcup,34,0,0,2,True,False,True,0.0,0.0
write_pair_reference_own_b384,rightgirltakingcup,42,0,0,2,True,False,True,0.674982346924814,0.674982346924814
write_pair_reference_own_b384,rightgirltakingcup,44,0,0,2,True,False,True,0.0025294670604916213,0.0025294670604916213
write_pair_reference_own_b384,rightgirltakingcup,51,0,0,2,True,False,True,0.8030077831535185,0.8030077831535185
write_pair_reference_own_b384,rightgirltakingcup,52,0,0,2,True,False,True,0.8549163387256768,0.8549163387256768
write_pair_reference_own_b384,rightgirltakingcup,59,0,0,2,True,False,True,0.812301133259367,0.812301133259367
write_pair_reference_own_b384,rightgirltakingcup,61,0,0,2,True,False,True,0.723356316545359,0.723356316545359
write_pair_reference_own_b384,rightgirltakingcup,64,0,0,2,True,False,True,0.8571237184197206,0.8571237184197206
write_pair_reference_own_b384,rightgirltakingcup,71,0,0,2,True,False,True,0.6295461352815352,0.6295461352815352
write_pair_reference_own_b384,rightgirltakingcup,105,0,0,2,True,False,True,0.0,0.0
write_pair_reference_own_b384,rightgirltakingcup,111,0,0,2,True,False,True,0.0,0.0
write_pair_reference_own_b384,rightgirltakingcup,125,0,0,2,True,False,True,0.0,0.0
write_pair_reference_own_b384,rightgirltakingcup,126,0,0,2,True,False,True,0.0,0.0
write_pair_reference_own_b384,rightgirltakingcup,129,0,0,2,True,False,True,0.0,0.0
write_pair_reference_own_b384,rightgirltakingcup,133,0,1,0,False,False,True,0.0,0.14460470732071978
write_pair_reference_own_b384,rightgirltakingcup,144,0,0,2,True,False,True,0.0,0.0
write_pair_reference_own_b384,rightgirltakingcup,152,0,0,2,True,False,True,0.0,0.0
write_pair_reference_own_b384,rightgirltakingcup,155,0,0,2,True,False,True,0.0,0.0
write_pair_reference_own_b384,rightgirltakingcup,162,0,0,2,True,False,True,0.0,0.0
write_pair_reference_own_b384,rightgirltakingcup,165,0,0,2,True,False,True,0.0,0.0
write_pair_reference_own_b384,rightgirltakingcup,167,0,0,2,True,False,True,0.0,0.0
write_pair_reference_own_b384,rightgirltakingcup,168,0,0,2,True,False,True,0.0,0.0
write_pair_reference_own_b384,rightgirltakingcup,169,0,0,2,True,False,True,0.0,0.0
write_pair_reference_own_b384,rightgirltakingcup,171,0,0,2,True,False,True,0.0,0.0
write_pair_reference_own_b384,rightgirltakingcup,173,0,0,2,True,False,True,0.0,0.0
write_pair_reference_own_b384,rightgirltakingcup,180,0,0,2,True,False,True,0.0,0.0
write_pair_reference_own_b384,rightgirltakingcup,199,0,0,2,True,False,True,0.0,0.0
write_pair_reference_own_b384,rightgirltakingcup,200,0,0,2,True,False,True,0.0,0.0
write_pair_reference_own_b384,rightgirltakingcup,214,0,0,2,True,False,True,0.0,0.0
write_pair_reference_own_b384,rightgirltakingcup,215,0,0,2,True,False,True,0.0,0.0
write_pair_reference_own_b384,rightgirltakingcup,220,0,0,2,True,False,True,0.0,0.0
write_pair_reference_own_b384,rightgirltakingcup,230,0,0,2,True,False,True,0.0,0.0
write_pair_reference_own_b384,rightgirltakingcup,232,0,0,2,True,False,True,0.0,0.0
write_pair_reference_own_b384,rightgirltakingcup,241,0,0,2,True,False,True,0.0,0.0
write_pair_reference_own_b384,rightgirltakingcup,244,0,0,2,True,False,True,0.0,0.0
write_pair_reference_own_b384,rightgirltakingcup,245,0,0,2,True,False,True,0.0,0.0
write_pair_reference_own_b384,rightgirltakingcup,249,0,0,2,True,False,True,0.0,0.0
write_pair_reference_own_b384,rightgirltakingcup,279,0,0,2,True,False,True,0.0,0.0
write_pair_reference_own_b384,rightgirltakingcup,280,0,0,2,True,False,True,0.0,0.0
write_pair_reference_own_b384,rightgirltakingcup,294,0,1,0,False,False,True,0.0,0.0
write_pair_reference_own_b384,rightgirltakingcup,344,0,0,2,True,False,True,0.0,0.0
write_pair_reference_own_b384,rightgirltakingcup,358,0,0,2,True,False,True,0.0,0.0
write_pair_reference_own_b384,rightgirltakingcup,419,0,1,0,False,False,True,0.0,0.0
write_pair_reference_own_b384,rightgirltakingcup,423,0,0,2,True,False,True,0.0,0.0
write_pair_reference_own_b384,rightgirltakingcup,429,0,0,2,True,False,True,0.0,0.0
write_pair_reference_own_b384,rightgirltakingcup,434,0,0,2,True,False,True,0.0,0.0
write_pair_reference_own_b384,rightgirltakingcup,447,0,0,2,True,False,True,0.0,0.0
write_pair_reference_own_b384,rightgirltakingcup,471,0,1,0,False,False,True,0.0,0.0
write_pair_reference_own_b384,rightgirltakingcup,522,0,0,2,True,False,True,0.0,0.0
write_pair_reference_own_b384,rightgirltakingcup,555,0,0,2,True,False,True,0.0,0.0
write_pair_reference_own_b384,rightgirltakingcup,557,0,0,2,True,False,True,0.0,0.0
write_pair_reference_own_b384,rightgirltakingcup,559,0,0,2,True,False,True,0.0,0.0
write_pair_reference_own_b384,rightgirltakingcup,562,0,0,2,True,False,True,0.0,0.0
write_pair_reference_own_b384,rightgirltakingcup,573,0,0,2,True,False,True,0.0,0.0
write_pair_reference_own_b384,rightgirltakingcup,574,0,0,2,True,False,True,0.0,0.0
write_pair_reference_own_b384,rightgirltakingcup,575,0,0,2,True,False,True,0.0,0.0
write_pair_reference_own_b384,rightgirltakingcup,577,0,0,2,True,False,True,0.0,0.0
write_pair_reference_own_b384,rightgirltakingcup,588,0,0,2,True,False,True,0.0,0.0
write_pair_reference_own_b384,rightgirltakingcup,603,0,0,2,True,False,True,0.0,0.0
write_pair_reference_own_b384,rightgirltakingcup,611,0,0,0,False,False,True,0.0,0.0
write_pair_reference_own_b384,rightgirltakingcup,621,0,0,2,True,False,True,0.0,0.0
write_pair_reference_own_b384,rightgirltakingcup,627,0,1,2,True,False,True,0.0,0.0
write_pair_reference_own_b384,rightgirltakingcup,630,0,0,2,True,False,True,0.0,0.0
write_pair_reference_own_b384,rightgirltakingcup,633,0,0,2,True,False,True,0.0,0.0
write_pair_reference_own_b384,rightwaiter1_quezhen,137,0,0,2,True,False,True,0.6862616351493591,0.6862616351493591
write_pair_reference_own_b384,rightwaiter1_quezhen,224,0,0,2,True,False,True,0.5242580587177111,0.5242580587177111
write_pair_reference_own_b384,rightwaiter1_quezhen,276,0,0,2,True,False,True,0.0,0.0
write_pair_reference_own_b384,runningcameragirl,113,0,0,2,True,False,True,0.8051768755879727,0.8051768755879727
write_pair_reference_own_b384,runningcameragirl,116,0,0,2,True,False,True,0.0,0.0
write_pair_reference_own_b384,runningcameragirl,119,0,0,2,True,False,True,0.7913118487209356,0.7913118487209356
write_pair_reference_own_b384,runningcameragirl,125,0,0,2,True,False,True,0.1667124759530812,0.1667124759530812
write_pair_reference_own_b384,runningcameragirl,140,0,0,2,True,False,True,0.04813694166578508,0.04813694166578508
write_pair_reference_own_b384,runningcameragirl,150,0,0,2,True,False,True,0.4900115356079734,0.4900115356079734
write_pair_reference_own_b384,runningcameragirl,153,0,0,2,True,False,True,0.7699003621162721,0.7699003621162721
write_pair_reference_own_b384,runningcameragirl,204,0,0,2,True,False,True,0.7569106730266022,0.7569106730266022
write_pair_reference_own_b384,runningcameragirl,207,0,0,0,False,False,True,0.46320846023741147,0.0
write_pair_reference_own_b384,shinybikeboy2left,201,0,1,0,False,False,True,0.0,0.0
write_pair_reference_own_b384,shinybikeboy2left,214,0,1,0,False,False,True,0.0,0.0
write_pair_reference_own_b384,shinybikeboy2left,222,0,1,0,False,False,True,0.0,0.23887930344182964
write_pair_reference_own_b384,shinybikeboy2left,226,0,0,2,True,False,True,0.4221971438952666,0.4221971438952666
write_pair_reference_own_b384,shinybikeboy2left,270,0,0,2,True,False,True,0.29464490717607844,0.29464490717607844
write_pair_reference_own_b384,shinybikeboy2left,325,0,1,0,False,False,True,0.011926804847953679,0.3804041559908674
write_pair_reference_own_b384,shinybikeboy2left,364,0,0,0,False,False,True,0.11253388802401473,0.13862873648964152
write_pair_reference_own_b384,shinybikeboy2left,418,0,0,2,True,False,True,0.39087518148153083,0.39087518148153083
write_pair_reference_own_b384,turning1strowleft2ndboy,38,0,0,2,True,False,True,0.6568617390012015,0.6568617390012015
write_pair_reference_own_b384,turning1strowleft2ndboy,57,0,0,2,True,False,True,0.7222311409041563,0.7222311409041563
write_pair_reference_own_b384,turning1strowleft2ndboy,77,0,0,2,True,False,True,0.651404498893537,0.651404498893537
write_pair_reference_own_b384,turning1strowleft2ndboy,78,0,0,2,True,False,True,0.5720171441993807,0.5720171441993807
write_pair_reference_own_b384,turning1strowleft2ndboy,82,0,0,2,True,False,True,0.521525404499874,0.521525404499874
write_pair_reference_own_b384,turning1strowleft2ndboy,121,0,0,2,True,False,True,0.8051966105810107,0.8051966105810107
write_pair_reference_own_b384,turning1strowleft2ndboy,127,0,0,2,True,False,True,0.0,0.0
write_pair_reference_own_b384,turning1strowleft2ndboy,131,0,0,2,True,False,True,0.0,0.0
write_pair_reference_own_b384,turning1strowleft2ndboy,137,0,0,2,True,False,True,0.8015063405031522,0.8015063405031522
write_pair_reference_own_b384,turning1strowleft2ndboy,139,0,0,2,True,False,True,0.7537783191424884,0.7537783191424884
write_pair_reference_own_b384,turning1strowleft2ndboy,140,0,0,2,True,False,True,0.7965131406377908,0.7965131406377908
write_pair_reference_own_b384,turning1strowleft2ndboy,153,0,0,2,True,False,True,0.8124038239893627,0.8124038239893627
write_pair_reference_own_b384,turning1strowleft2ndboy,154,0,0,2,True,False,True,0.77860860254853,0.77860860254853
write_pair_reference_own_b384,turning1strowleft2ndboy,159,0,0,2,True,False,True,0.7981364504166617,0.7981364504166617
write_pair_reference_own_b384,turning1strowleft2ndboy,172,0,0,2,True,False,True,0.6253112112712157,0.6253112112712157
write_pair_reference_own_b384,turning1strowleft2ndboy,175,0,0,2,True,False,True,0.7026894283257876,0.7026894283257876
write_pair_reference_own_b384,turning1strowleft2ndboy,176,0,0,2,True,False,True,0.7099782168828608,0.7099782168828608
write_pair_reference_own_b384,turning1strowleft2ndboy,177,0,0,2,True,False,True,0.8790713745036112,0.8790713745036112
write_pair_reference_own_b384,turning1strowleft2ndboy,179,0,0,2,True,False,True,0.8516406741791123,0.8516406741791123
write_pair_reference_own_b384,turning1strowleft2ndboy,181,0,0,2,True,False,True,0.7764138107676148,0.7764138107676148
write_pair_reference_own_b384,turning1strowleft2ndboy,187,0,0,2,True,False,True,0.8341180479081683,0.8341180479081683
write_pair_reference_own_b384,turning1strowleft2ndboy,198,0,0,2,True,False,True,0.8906958798790358,0.8906958798790358
write_pair_reference_own_b384,turning1strowleft2ndboy,199,0,0,2,True,False,True,0.0,0.0
write_pair_reference_own_b384,turning1strowleft2ndboy,204,0,0,2,True,False,True,0.7297099797808736,0.7297099797808736
write_pair_reference_own_b384,turning1strowleft2ndboy,210,0,0,2,True,False,True,0.7315361863364034,0.7315361863364034
write_pair_reference_own_b384,turning1strowleft2ndboy,211,0,0,2,True,False,True,0.7716933165110537,0.7716933165110537
write_pair_reference_own_b384,turning1strowleft2ndboy,212,0,0,2,True,False,True,0.6905796867992031,0.6905796867992031
write_pair_reference_own_b384,turning1strowleft2ndboy,214,0,0,2,True,False,True,0.6581693529819386,0.6581693529819386
write_pair_reference_own_b384,turning1strowleft2ndboy,218,0,0,2,True,False,True,0.6127807540997793,0.6127807540997793
write_pair_reference_own_b384,turning1strowleft2ndboy,219,0,0,2,True,False,True,0.6478697349122099,0.6478697349122099
write_pair_reference_own_b384,turning1strowleft2ndboy,220,0,0,2,True,False,True,0.7040673422301992,0.7040673422301992
write_pair_reference_own_b384,turning1strowleft2ndboy,222,0,0,2,True,False,True,0.6253432023070143,0.6253432023070143
write_pair_reference_own_b384,turning1strowleft2ndboy,226,0,0,2,True,False,True,0.7852399585939491,0.7852399585939491
write_pair_reference_own_b384,turning1strowleft2ndboy,227,0,0,2,True,False,True,0.4106694525385564,0.4106694525385564
write_pair_reference_own_b384,turning1strowleft2ndboy,228,0,0,2,True,False,True,0.25328150041494896,0.25328150041494896
write_pair_reference_own_b384,turning1strowleft2ndboy,232,0,0,2,True,False,True,0.5448296439861783,0.5448296439861783
write_pair_reference_own_b384,turning1strowleft2ndboy,235,0,0,2,True,False,True,0.880811168372962,0.880811168372962
write_pair_reference_own_b384,turning1strowleft2ndboy,240,0,0,2,True,False,True,0.8358509759423555,0.8358509759423555
write_pair_reference_own_b384,turning1strowleft2ndboy,241,0,0,2,True,False,True,0.7393972455317404,0.7393972455317404
write_pair_reference_own_b384,turning1strowleft2ndboy,245,0,0,2,True,False,True,0.5987091385681916,0.5987091385681916
write_pair_reference_own_b384,turning1strowleft2ndboy,246,0,0,2,True,False,True,0.6693690447861063,0.6693690447861063
write_pair_reference_own_b384,turning1strowleft2ndboy,247,0,0,2,True,False,True,0.6978746881734578,0.6978746881734578
write_pair_reference_own_b384,turning1strowleft2ndboy,248,0,0,2,True,False,True,0.7921483705793405,0.7921483705793405
write_pair_reference_own_b384,turning1strowleft2ndboy,249,0,0,2,True,False,True,0.5569223766745287,0.5569223766745287
write_pair_reference_own_b384,turning1strowleft2ndboy,251,0,0,2,True,False,True,0.6274146125263594,0.6274146125263594
write_pair_reference_own_b384,turning1strowleft2ndboy,252,0,0,2,True,False,True,0.766045556141206,0.766045556141206
write_pair_reference_own_b384,turning1strowleft2ndboy,253,0,0,2,True,False,True,0.7092851813153179,0.7092851813153179
write_pair_reference_own_b384,turning1strowleft2ndboy,254,0,0,2,True,False,True,0.7664237588581564,0.7664237588581564
write_pair_reference_own_b384,turning1strowleft2ndboy,258,0,0,2,True,False,True,0.4367513211246315,0.4367513211246315
write_pair_reference_own_b384,turning1strowleft2ndboy,260,0,0,2,True,False,True,0.5589884302951131,0.5589884302951131
write_pair_reference_own_b384,turning1strowleft2ndboy,261,0,0,2,True,False,True,0.5236734024727686,0.5236734024727686
write_pair_reference_own_b384,turning1strowleft2ndboy,262,0,0,2,True,False,True,0.6374765897569511,0.6374765897569511
write_pair_reference_own_b384,turning1strowleft2ndboy,263,0,0,2,True,False,True,0.4810049806203076,0.4810049806203076
write_pair_reference_own_b384,turning1strowleft2ndboy,267,0,0,2,True,False,True,0.38495458771993146,0.38495458771993146
write_pair_reference_own_b384,turning1strowleft2ndboy,269,0,0,2,True,False,True,0.6277862790171834,0.6277862790171834
write_pair_reference_own_b384,turning1strowleft2ndboy,270,0,0,2,True,False,True,0.3257475482617483,0.3257475482617483
write_pair_reference_own_b384,turning1strowleft2ndboy,272,0,0,2,True,False,True,0.3907413361221923,0.3907413361221923
write_pair_reference_own_b384,turning1strowleft2ndboy,274,0,0,2,True,False,True,0.5103935519340437,0.5103935519340437
write_pair_reference_own_b384,turning1strowleft2ndboy,275,0,0,2,True,False,True,0.7267187622166666,0.7267187622166666
write_pair_reference_own_b384,turning1strowleft2ndboy,281,0,0,2,True,False,True,0.6918586031637473,0.6918586031637473
write_pair_reference_own_b384,turning1strowleft2ndboy,284,0,0,2,True,False,True,0.9391221019081549,0.9391221019081549
write_pair_reference_own_b384,turning1strowleft2ndboy,286,0,0,2,True,False,True,0.818525390243982,0.818525390243982
write_pair_reference_own_b384,turning1strowleft2ndboy,287,0,0,2,True,False,True,0.8215904014535307,0.8215904014535307
write_pair_reference_own_b384,turning1strowleft2ndboy,289,0,0,2,True,False,True,0.8830994104168235,0.8830994104168235
write_pair_reference_own_b384,turning1strowleft2ndboy,292,0,0,2,True,False,True,0.903259567873307,0.903259567873307
write_pair_reference_own_b384,turning1strowleft2ndboy,293,0,0,2,True,False,True,0.8708657889188205,0.8708657889188205
write_pair_reference_own_b384,turning1strowleft2ndboy,294,0,0,2,True,False,True,0.8582669445303054,0.8582669445303054
write_pair_reference_own_b384,turning1strowleft2ndboy,295,0,0,2,True,False,True,0.9263642337314832,0.9263642337314832
write_pair_reference_own_b384,turning1strowleft2ndboy,296,0,0,2,True,False,True,0.8832040653852176,0.8832040653852176
write_pair_reference_own_b384,turning1strowleft2ndboy,297,0,0,2,True,False,True,0.7625382483149129,0.7625382483149129
write_pair_reference_own_b384,turning1strowleft2ndboy,298,0,0,2,True,False,True,0.6973085703394819,0.6973085703394819
write_pair_reference_own_b384,turning1strowleft2ndboy,299,0,0,2,True,False,True,0.8766874478740027,0.8766874478740027
write_pair_reference_own_b384,turning1strowleft2ndboy,300,0,0,2,True,False,True,0.8209045661278785,0.8209045661278785
write_pair_reference_own_b384,turning1strowleft2ndboy,301,0,0,2,True,False,True,0.7610381302278687,0.7610381302278687
write_pair_reference_own_b384,turning1strowleft2ndboy,302,0,0,2,True,False,True,0.7574991302544762,0.7574991302544762
write_pair_reference_own_b384,turning1strowleft2ndboy,307,0,0,2,True,False,True,0.7423732563550053,0.7423732563550053
write_pair_reference_own_b384,turning1strowleft2ndboy,309,0,0,2,True,False,True,0.6095592598516214,0.6095592598516214
write_pair_reference_own_b384,turning1strowleft2ndboy,310,0,0,2,True,False,True,0.5740192004767377,0.5740192004767377
write_pair_reference_own_b384,turning1strowleft2ndboy,311,0,0,2,True,False,True,0.565253428132413,0.565253428132413
write_pair_reference_own_b384,turning1strowleft2ndboy,314,0,0,2,True,False,True,0.6433123429305704,0.6433123429305704
write_pair_reference_own_b384,turning1strowleft2ndboy,316,0,0,2,True,False,True,0.6563482132570753,0.6563482132570753
write_pair_reference_own_b384,turning1strowleft2ndboy,317,0,0,2,True,False,True,0.4459990501551885,0.4459990501551885
write_pair_reference_own_b384,turning1strowleft2ndboy,318,0,0,2,True,False,True,0.4496378614229406,0.4496378614229406
write_pair_reference_own_b384,turning1strowleft2ndboy,320,0,0,2,True,False,True,0.5400781157316993,0.5400781157316993
write_pair_reference_own_b384,turning1strowleft2ndboy,321,0,0,2,True,False,True,0.5956972326430323,0.5956972326430323
write_pair_reference_own_b384,turning1strowleft2ndboy,322,0,0,2,True,False,True,0.5657239280092022,0.5657239280092022
write_pair_reference_own_b384,turning1strowleft2ndboy,324,0,0,2,True,False,True,0.7041541069210364,0.7041541069210364
write_pair_reference_own_b384,turning1strowleft2ndboy,325,0,0,2,True,False,True,0.6469656438626427,0.6469656438626427
write_pair_reference_own_b384,turning1strowleft2ndboy,326,0,0,2,True,False,True,0.6100800708916942,0.6100800708916942
write_pair_reference_own_b384,turning1strowleft2ndboy,328,0,0,2,True,False,True,0.650801750868083,0.650801750868083
write_pair_reference_own_b384,turning1strowleft2ndboy,329,0,0,2,True,False,True,0.6452490811969546,0.6452490811969546
write_pair_reference_own_b384,turning1strowleft2ndboy,334,0,0,2,True,False,True,0.0,0.0
write_pair_reference_own_b384,turning1strowleft2ndboy,335,0,0,2,True,False,True,0.02328718384448078,0.02328718384448078
write_pair_reference_own_b384,turning1strowleft2ndboy,336,0,0,2,True,False,True,0.27040991306656864,0.27040991306656864
write_pair_reference_own_b384,turning1strowleft2ndboy,337,0,0,2,True,False,True,0.7195110099528962,0.7195110099528962
write_pair_reference_own_b384,turning1strowleft2ndboy,338,0,0,2,True,False,True,0.7179891501363791,0.7179891501363791
write_pair_reference_own_b384,turning1strowleft2ndboy,339,0,0,2,True,False,True,0.6800309317920072,0.6800309317920072
write_pair_reference_own_b384,turning1strowleft2ndboy,340,0,0,2,True,False,True,0.6771048882286569,0.6771048882286569
write_pair_reference_own_b384,turning1strowleft2ndboy,341,0,0,2,True,False,True,0.7753955172226225,0.7753955172226225
write_pair_reference_own_b384,turning1strowleft2ndboy,342,0,0,2,True,False,True,0.6590635288568799,0.6590635288568799
write_pair_reference_own_b384,turning1strowleft2ndboy,344,0,0,2,True,False,True,0.6416957667354275,0.6416957667354275
write_pair_reference_own_b384,turning1strowleft2ndboy,345,0,0,2,True,False,True,0.5366021002777863,0.5366021002777863
write_pair_reference_own_b384,turning1strowleft2ndboy,346,0,0,2,True,False,True,0.4881489430150801,0.4881489430150801
write_pair_reference_own_b384,turning1strowleft2ndboy,347,0,0,2,True,False,True,0.7199865194338801,0.7199865194338801
write_pair_reference_own_b384,turning1strowleft2ndboy,349,0,0,2,True,False,True,0.5166485549890935,0.5166485549890935
write_pair_reference_own_b384,turning1strowleft2ndboy,350,0,0,2,True,False,True,0.37058496402633295,0.37058496402633295
write_pair_reference_own_b384,turning1strowleft2ndboy,351,0,0,2,True,False,True,0.35495372645638346,0.35495372645638346
write_pair_reference_own_b384,turning1strowleft2ndboy,352,0,0,2,True,False,True,0.7040800384359329,0.7040800384359329
write_pair_reference_own_b384,turning1strowleft2ndboy,354,0,0,2,True,False,True,0.0,0.0
write_pair_reference_own_b384,turning1strowleft2ndboy,355,0,0,2,True,False,True,0.0,0.0
write_pair_reference_own_b384,turning1strowleft2ndboy,356,0,0,2,True,False,True,0.2832922557382229,0.2832922557382229
write_pair_reference_own_b384,turning1strowleft2ndboy,357,0,0,2,True,False,True,0.5986688135253289,0.5986688135253289
write_pair_reference_own_b384,turning1strowleft2ndboy,358,0,0,2,True,False,True,0.0,0.0
write_pair_reference_own_b384,turning1strowleft2ndboy,359,0,0,2,True,False,True,0.0,0.0
write_pair_reference_own_b384,turning1strowleft2ndboy,360,0,0,2,True,False,True,0.0,0.0
write_pair_reference_own_b384,turning1strowleft2ndboy,361,0,0,2,True,False,True,0.0,0.0
write_pair_reference_own_b384,turning1strowleft2ndboy,362,0,0,2,True,False,True,0.0,0.0
write_pair_reference_own_b384,turning1strowleft2ndboy,364,0,0,2,True,False,True,0.3390227315644441,0.3390227315644441
write_pair_reference_own_b384,turning1strowleft2ndboy,365,0,0,2,True,False,True,0.6886330037714038,0.6886330037714038
write_pair_reference_own_b384,turning1strowleft2ndboy,366,0,0,2,True,False,True,0.0019477394286622589,0.0019477394286622589
write_pair_reference_own_b384,turning1strowleft2ndboy,367,0,0,2,True,False,True,0.35494504271869415,0.35494504271869415
write_pair_reference_own_b384,turning1strowleft2ndboy,368,0,0,2,True,False,True,0.4645593912396537,0.4645593912396537
write_pair_reference_own_b384,turning1strowleft2ndboy,369,0,0,2,True,False,True,0.4193782418946074,0.4193782418946074
write_pair_reference_own_b384,turning1strowleft2ndboy,370,0,0,2,True,False,True,0.5418173702860837,0.5418173702860837
write_pair_reference_own_b384,turning1strowleft2ndboy,371,0,0,2,True,False,True,0.6197400166193358,0.6197400166193358
write_pair_reference_own_b384,turning1strowleft2ndboy,372,0,0,2,True,False,True,0.5814783258374016,0.5814783258374016
write_pair_reference_own_b384,turning1strowleft2ndboy,373,0,0,2,True,False,True,0.4866190757614668,0.4866190757614668
write_pair_reference_own_b384,turning1strowleft2ndboy,374,0,0,2,True,False,True,0.2477086933675965,0.2477086933675965
write_pair_reference_own_b384,turning1strowleft2ndboy,375,0,0,2,True,False,True,0.6085043545929459,0.6085043545929459
write_pair_reference_own_b384,turning1strowleft2ndboy,376,0,0,2,True,False,True,0.5832456137298011,0.5832456137298011
write_pair_reference_own_b384,turning1strowleft2ndboy,377,0,0,2,True,False,True,0.5968126827862001,0.5968126827862001
write_pair_reference_own_b384,turning1strowleft2ndboy,378,0,0,2,True,False,True,0.6146931912011484,0.6146931912011484
write_pair_reference_own_b384,turning1strowleft2ndboy,379,0,0,2,True,False,True,0.0,0.0
write_pair_reference_own_b384,turning1strowleft2ndboy,380,0,0,2,True,False,True,0.0,0.0
write_pair_reference_own_b384,turning1strowleft2ndboy,383,0,0,2,True,False,True,0.0,0.0
write_pair_reference_own_b384,turning1strowleft2ndboy,386,0,0,2,True,False,True,0.0,0.0
write_pair_reference_own_b384,turning1strowleft2ndboy,387,0,0,2,True,False,True,0.0,0.0
write_pair_reference_own_b384,turning1strowleft2ndboy,388,0,0,2,True,False,True,0.0,0.0
write_pair_reference_own_b384,turning1strowleft2ndboy,389,0,0,2,True,False,True,0.0,0.0
write_pair_reference_own_b384,turning1strowleft2ndboy,391,0,0,2,True,False,True,0.8001617769186933,0.8001617769186933
write_pair_reference_own_b384,turning1strowleft2ndboy,393,0,0,2,True,False,True,0.0,0.0
write_pair_reference_own_b384,turning1strowleft2ndboy,394,0,0,2,True,False,True,0.0,0.0
write_pair_reference_own_b384,turning1strowleft2ndboy,395,0,0,2,True,False,True,0.004183425659272266,0.004183425659272266
write_pair_reference_own_b384,turning1strowleft2ndboy,396,0,0,2,True,False,True,0.0,0.0
write_pair_reference_own_b384,turning1strowleft2ndboy,397,0,0,2,True,False,True,0.0,0.0
write_pair_reference_own_b384,turning1strowleft2ndboy,398,0,0,2,True,False,True,0.0,0.0
write_pair_reference_own_b384,turning1strowleft2ndboy,399,0,0,2,True,False,True,0.005489302254082404,0.005489302254082404
write_pair_reference_own_b384,turning1strowleft2ndboy,400,0,0,2,True,False,True,0.04777606206458923,0.04777606206458923
write_pair_reference_own_b384,turning1strowleft2ndboy,401,0,0,2,True,False,True,0.4284847502037873,0.4284847502037873
write_pair_reference_own_b384,turning1strowleft2ndboy,402,0,0,2,True,False,True,0.09763803622592845,0.09763803622592845
write_pair_reference_own_b384,turning1strowleft2ndboy,403,0,0,2,True,False,True,0.62224081950908,0.62224081950908
write_pair_reference_own_b384,turning1strowleft2ndboy,404,0,0,2,True,False,True,0.02805443916341202,0.02805443916341202
write_pair_reference_own_b384,turning1strowleft2ndboy,405,0,0,2,True,False,True,0.3130297988039905,0.3130297988039905
write_pair_reference_own_b384,turning1strowleft2ndboy,406,0,0,2,True,False,True,0.007739732122186247,0.007739732122186247
write_pair_reference_own_b384,turning1strowleft2ndboy,407,0,0,2,True,False,True,0.0,0.0
write_pair_reference_own_b384,turning1strowleft2ndboy,408,0,0,2,True,False,True,0.0,0.0
write_pair_reference_own_b384,turning1strowleft2ndboy,409,0,0,2,True,False,True,0.0,0.0
write_pair_reference_own_b384,turning1strowleft2ndboy,410,0,0,2,True,False,True,0.2222443111489584,0.2222443111489584
write_pair_reference_own_b384,turning1strowleft2ndboy,411,0,0,2,True,False,True,0.7447262517051835,0.7447262517051835
write_pair_reference_own_b384,turning1strowleft2ndboy,412,0,0,2,True,False,True,0.758194801800675,0.758194801800675
write_pair_reference_own_b384,turning1strowleft2ndboy,413,0,0,2,True,False,True,0.8940505770643395,0.8940505770643395
write_pair_reference_own_b384,turning1strowleft2ndboy,414,0,0,2,True,False,True,0.7537642173392863,0.7537642173392863
write_pair_reference_own_b384,turning1strowleft2ndboy,416,0,0,2,True,False,True,0.7524284534446327,0.7524284534446327
write_pair_reference_own_b384,turning1strowleft2ndboy,417,0,0,2,True,False,True,0.7441801985721926,0.7441801985721926
write_pair_reference_own_b384,turning1strowleft2ndboy,418,0,0,2,True,False,True,0.744240926661851,0.744240926661851
write_pair_reference_own_b384,turning1strowleft2ndboy,419,0,0,2,True,False,True,0.0,0.0
write_pair_reference_own_b384,turning1strowleft2ndboy,420,0,0,2,True,False,True,0.0,0.0
write_pair_reference_own_b384,turning1strowleft2ndboy,421,0,0,2,True,False,True,0.0,0.0
write_pair_reference_own_b384,turning1strowleft2ndboy,422,0,0,2,True,False,True,0.0,0.0
write_pair_reference_own_b384,turning1strowleft2ndboy,423,0,0,2,True,False,True,0.0,0.0
write_pair_reference_own_b384,turning1strowleft2ndboy,424,0,0,2,True,False,True,0.04134373954572803,0.04134373954572803
write_pair_reference_own_b384,turning1strowleft2ndboy,425,0,0,2,True,False,True,0.6474046035371837,0.6474046035371837
write_pair_reference_own_b384,turning1strowleft2ndboy,428,0,0,2,True,False,True,0.7092740307426645,0.7092740307426645
write_pair_reference_own_b384,turning1strowleft2ndboy,430,0,0,2,True,False,True,0.707104746531508,0.707104746531508
write_pair_reference_own_b384,turning1strowleft2ndboy,431,0,0,2,True,False,True,0.6901747141093009,0.6901747141093009
write_pair_reference_own_b384,turning1strowleft2ndboy,433,0,0,2,True,False,True,0.7213988824222489,0.7213988824222489
write_pair_reference_own_b384,turning1strowleft2ndboy,434,0,0,2,True,False,True,0.0,0.0
write_pair_reference_own_b384,turning1strowleft2ndboy,435,0,0,2,True,False,True,0.0,0.0
write_pair_reference_own_b384,turning1strowleft2ndboy,437,0,0,2,True,False,True,0.0,0.0
write_pair_reference_own_b384,turning1strowleft2ndboy,438,0,0,2,True,False,True,0.0,0.0
write_pair_reference_own_b384,turning1strowleft2ndboy,439,0,0,2,True,False,True,0.0,0.0
write_pair_reference_own_b384,turning1strowleft2ndboy,440,0,0,2,True,False,True,0.0,0.0
write_pair_reference_own_b384,turning1strowleft2ndboy,441,0,0,2,True,False,True,0.0,0.0
write_pair_reference_own_b384,turning1strowleft2ndboy,442,0,0,2,True,False,True,0.0,0.0
write_pair_reference_own_b384,turning1strowleft2ndboy,443,0,0,2,True,False,True,0.0,0.0
write_pair_reference_own_b384,turning1strowleft2ndboy,444,0,0,2,True,False,True,0.0,0.0
write_pair_reference_own_b384,turning1strowleft2ndboy,445,0,0,2,True,False,True,0.0,0.0
write_pair_reference_own_b384,turning1strowleft2ndboy,446,0,0,2,True,False,True,0.7500736300974705,0.7500736300974705
write_pair_reference_own_b384,turning1strowleft2ndboy,448,0,0,2,True,False,True,0.6831366963021032,0.6831366963021032
write_pair_reference_own_b384,turning1strowleft2ndboy,449,0,0,2,True,False,True,0.6668366620689912,0.6668366620689912
write_pair_reference_own_b384,turning1strowleft2ndboy,450,0,0,2,True,False,True,0.6688761413991205,0.6688761413991205
write_pair_reference_own_b384,turning1strowleft2ndboy,451,0,0,2,True,False,True,0.654018686126094,0.654018686126094
write_pair_reference_own_b384,turning1strowleft2ndboy,452,0,0,2,True,False,True,0.6585414816168371,0.6585414816168371
write_pair_reference_own_b384,turning1strowleft2ndboy,453,0,0,2,True,False,True,0.6887096558964972,0.6887096558964972
write_pair_reference_own_b384,turning1strowleft2ndboy,454,0,0,2,True,False,True,0.6981413719293069,0.6981413719293069
write_pair_reference_own_b384,turning1strowleft2ndboy,455,0,0,2,True,False,True,0.6879381826570978,0.6879381826570978
write_pair_reference_own_b384,turning1strowleft2ndboy,456,0,0,2,True,False,True,0.664064665870005,0.664064665870005
write_pair_reference_own_b384,turning1strowleft2ndboy,457,0,0,2,True,False,True,0.6747252136195635,0.6747252136195635
write_pair_reference_own_b384,turning1strowleft2ndboy,458,0,0,2,True,False,True,0.7216465164171479,0.7216465164171479
write_pair_reference_own_b384,turning1strowleft2ndboy,459,0,0,2,True,False,True,0.7007369948101979,0.7007369948101979
write_pair_reference_own_b384,turning1strowleft2ndboy,460,0,0,2,True,False,True,0.705721890787316,0.705721890787316
write_pair_reference_own_b384,turning1strowleft2ndboy,461,0,0,2,True,False,True,0.7393646463219664,0.7393646463219664
write_pair_reference_own_b384,turning1strowleft2ndboy,462,0,0,2,True,False,True,0.7545556507188673,0.7545556507188673
write_pair_reference_own_b384,turning1strowleft2ndboy,463,0,0,2,True,False,True,0.7490513648033017,0.7490513648033017
write_pair_reference_own_b384,turning1strowleft2ndboy,464,0,0,2,True,False,True,0.7642349471043192,0.7642349471043192
write_pair_reference_own_b384,turning1strowleft2ndboy,465,0,0,2,True,False,True,0.745091052024064,0.745091052024064
write_pair_reference_own_b384,turning1strowleft2ndboy,466,0,0,2,True,False,True,0.7741474019151198,0.7741474019151198
write_pair_reference_own_b384,turning1strowleft2ndboy,468,0,0,2,True,False,True,0.0,0.0
write_pair_reference_own_b384,turning1strowleft2ndboy,471,0,0,2,True,False,True,0.0,0.0
write_pair_reference_own_b384,turning1strowleft2ndboy,472,0,0,2,True,False,True,0.0,0.0
write_pair_reference_own_b384,turning1strowleft2ndboy,473,0,0,2,True,False,True,0.0,0.0
write_pair_reference_own_b384,turning1strowleft2ndboy,475,0,0,2,True,False,True,0.0,0.0
write_pair_reference_own_b384,turning1strowleft2ndboy,476,0,0,2,True,False,True,0.0,0.0
write_pair_reference_own_b384,turning1strowleft2ndboy,480,0,0,2,True,False,True,0.7578027396222273,0.7578027396222273
write_pair_reference_own_b384,turning1strowleft2ndboy,481,0,0,2,True,False,True,0.7680670669636367,0.7680670669636367
write_pair_reference_own_b384,turning1strowleft2ndboy,482,0,0,2,True,False,True,0.7195408807688476,0.7195408807688476
write_pair_reference_own_b384,turning1strowleft2ndboy,483,0,0,2,True,False,True,0.7426743184064085,0.7426743184064085
write_pair_reference_own_b384,turning1strowleft2ndboy,484,0,0,2,True,False,True,0.736023706436959,0.736023706436959
write_pair_reference_own_b384,turning1strowleft2ndboy,485,0,0,2,True,False,True,0.7214458593783133,0.7214458593783133
write_pair_reference_own_b384,turning1strowleft2ndboy,487,0,0,2,True,False,True,0.8092718512443987,0.8092718512443987
write_pair_reference_own_b384,turning1strowleft2ndboy,488,0,0,2,True,False,True,0.8040562937933793,0.8040562937933793
write_pair_reference_own_b384,turning1strowleft2ndboy,489,0,0,2,True,False,True,0.8396776674688449,0.8396776674688449
write_pair_reference_own_b384,turning1strowleft2ndboy,490,0,0,2,True,False,True,0.8284926743355229,0.8284926743355229
write_pair_reference_own_b384,turning1strowleft2ndboy,491,0,0,2,True,False,True,0.8150924346663284,0.8150924346663284
write_pair_reference_own_b384,turning1strowleft2ndboy,492,0,0,2,True,False,True,0.7532022788988036,0.7532022788988036
write_pair_reference_own_b384,turning1strowleft2ndboy,494,0,0,2,True,False,True,0.7622492333381171,0.7622492333381171
write_pair_reference_own_b384,turning1strowleft2ndboy,498,0,0,2,True,False,True,0.8169415248629969,0.8169415248629969
write_pair_reference_own_b384,turning1strowleft2ndboy,499,0,0,2,True,False,True,0.8217355338596666,0.8217355338596666
write_pair_reference_own_b384,turning1strowleft2ndboy,500,0,0,2,True,False,True,0.8150735922950658,0.8150735922950658
write_pair_reference_own_b384,turning1strowleft2ndboy,501,0,0,2,True,False,True,0.80124763926798,0.80124763926798
write_pair_reference_own_b384,turning1strowleft2ndboy,502,0,0,2,True,False,True,0.8388303451542587,0.8388303451542587
write_pair_reference_own_b384,turning1strowleft2ndboy,503,0,0,2,True,False,True,0.7966821733957153,0.7966821733957153
write_pair_reference_own_b384,turning1strowleft2ndboy,504,0,0,2,True,False,True,0.805247154408063,0.805247154408063
write_pair_reference_own_b384,turning1strowleft2ndboy,506,0,0,2,True,False,True,0.8412175846518094,0.8412175846518094
write_pair_reference_own_b384,turning1strowleft2ndboy,507,0,0,2,True,False,True,0.8422706254533606,0.8422706254533606
write_pair_reference_own_b384,turning1strowleft2ndboy,514,0,0,2,True,False,True,0.8205249630282313,0.8205249630282313
write_pair_reference_own_b384,turning1strowleft2ndboy,520,0,0,2,True,False,True,0.6537533605320378,0.6537533605320378
write_pair_reference_own_b384,turning1strowleft2ndboy,521,0,0,2,True,False,True,0.9163441409717676,0.9163441409717676
write_pair_reference_own_b384,turning1strowleft2ndboy,522,0,0,2,True,False,True,0.8965713037305725,0.8965713037305725
write_pair_reference_own_b384,turning1strowleft2ndboy,523,0,0,2,True,False,True,0.7647112011780771,0.7647112011780771
write_pair_reference_own_b384,turning1strowleft2ndboy,526,0,0,2,True,False,True,0.0,0.0
write_pair_reference_own_b384,turning1strowleft2ndboy,529,0,0,2,True,False,True,0.6650974588895081,0.6650974588895081
write_pair_reference_own_b384,turning1strowleft2ndboy,532,0,0,2,True,False,True,0.0,0.0
write_pair_reference_own_b384,turning1strowleft2ndboy,571,0,0,2,True,False,True,0.7486888571923991,0.7486888571923991
write_pair_reference_own_b384,turning1strowleft2ndboy,572,0,0,2,True,False,True,0.6525923386358911,0.6525923386358911
write_pair_reference_own_b384,turning1strowleft2ndboy,597,0,0,2,True,False,True,0.7732982971738236,0.7732982971738236
write_pair_reference_own_b384,turning1strowleft2ndboy,601,0,0,2,True,False,True,0.755672375417433,0.755672375417433
write_pair_reference_own_b384,turning1strowleft2ndboy,602,0,0,2,True,False,True,0.7571431924695287,0.7571431924695287
write_pair_reference_own_b384,turning1strowleft2ndboy,608,0,0,2,True,False,True,0.7815074130347301,0.7815074130347301
write_pair_reference_own_b384,turning1strowleft2ndboy,612,0,0,2,True,False,True,0.7023957947869394,0.7023957947869394
write_pair_reference_own_b384,turning1strowleft2ndboy,617,0,0,2,True,False,True,0.7034535767093232,0.7034535767093232
write_pair_reference_own_b384,turning1strowleft2ndboy,623,0,0,2,True,False,True,0.7584094692704362,0.7584094692704362
write_pair_reference_own_b384,turning1strowleft2ndboy,647,0,0,2,True,False,True,0.8617010321572568,0.8617010321572568
write_pair_reference_own_b384,turning1strowleft2ndboy,672,0,0,2,True,False,True,0.0,0.0
write_pair_reference_own_b384,turning1strowleft2ndboy,682,0,0,2,True,False,True,0.0,0.0
write_pair_reference_own_b384,turning1strowleft2ndboy,686,0,0,2,True,False,True,0.0,0.0
write_pair_reference_own_b384,turning1strowleft2ndboy,687,0,0,2,True,False,True,0.8711523765332035,0.8711523765332035
write_pair_reference_own_b384,turning1strowleft2ndboy,691,0,0,2,True,False,True,0.7080779824969196,0.7080779824969196
write_pair_reference_own_b384,turning1strowleft2ndboy,697,0,0,2,True,False,True,0.8017011057355518,0.8017011057355518
write_pair_reference_own_b384,turning1strowleft2ndboy,698,0,0,2,True,False,True,0.7259061170843769,0.7259061170843769
write_pair_reference_own_b384,turning1strowleft2ndboy,700,0,0,2,True,False,True,0.8584320669807041,0.8584320669807041
write_pair_reference_own_b384,turning1strowleft2ndboy,721,0,0,2,True,False,True,0.9010165490910846,0.9010165490910846
write_pair_reference_own_b384,turning1strowleft2ndboy,723,0,0,2,True,False,True,0.0,0.0
write_pair_reference_own_b384,turning1strowleft2ndboy,725,0,0,2,True,False,True,0.07963764727032528,0.07963764727032528
write_pair_reference_own_b384,turning1strowleft2ndboy,731,0,0,2,True,False,True,0.0,0.0
write_pair_reference_own_b384,turning1strowleft2ndboy,732,0,0,2,True,False,True,0.0,0.0
write_pair_reference_own_b384,turning1strowleft2ndboy,733,0,0,2,True,False,True,0.0,0.0
write_pair_reference_own_b384,turning1strowleft2ndboy,734,0,0,2,True,False,True,0.0,0.0
write_pair_reference_own_b384,turning1strowleft2ndboy,735,0,0,2,True,False,True,0.0,0.0
write_pair_reference_own_b384,turning1strowleft2ndboy,736,0,0,2,True,False,True,0.0,0.0
write_pair_reference_own_b384,turning1strowleft2ndboy,737,0,0,2,True,False,True,0.0,0.0
write_pair_reference_own_b384,turning1strowleft2ndboy,738,0,0,2,True,False,True,0.0,0.0
write_pair_reference_own_b384,turning1strowleft2ndboy,739,0,0,2,True,False,True,0.0,0.0
write_pair_reference_own_b384,turning1strowleft2ndboy,740,0,0,2,True,False,True,0.0,0.0
write_pair_reference_own_b384,turning1strowleft2ndboy,741,0,0,2,True,False,True,0.0,0.0
write_pair_reference_own_b384,turning1strowleft2ndboy,742,0,0,2,True,False,True,0.0,0.0
write_pair_reference_own_b384,turning1strowleft2ndboy,745,0,0,2,True,False,True,0.0,0.0
write_pair_reference_own_b384,turning1strowleft2ndboy,747,0,0,2,True,False,True,0.0,0.0
write_pair_reference_own_b384,turning1strowleft2ndboy,748,0,0,2,True,False,True,0.0,0.0
write_pair_reference_own_b384,turning1strowleft2ndboy,750,0,0,2,True,False,True,0.8194608919226595,0.8194608919226595
write_pair_reference_own_b384,turning1strowleft2ndboy,752,0,0,2,True,False,True,0.0,0.0
write_pair_reference_own_b384,turning1strowleft2ndboy,759,0,1,2,True,False,True,0.0,0.0
write_pair_reference_own_b384,turning1strowleft2ndboy,760,0,0,2,True,False,True,0.6669431723658551,0.6669431723658551
write_pair_reference_own_b384,turning1strowleft2ndboy,761,0,0,2,True,False,True,0.7621221653725242,0.7621221653725242
write_pair_reference_own_b384,turning1strowleft2ndboy,763,0,0,2,True,False,True,0.7351165540538741,0.7351165540538741
write_pair_reference_own_b384,turning1strowleft2ndboy,765,0,0,2,True,False,True,0.7273352178572174,0.7273352178572174
write_pair_reference_own_b384,turning1strowleft2ndboy,773,0,0,2,True,False,True,0.8288049190893183,0.8288049190893183
write_pair_reference_own_b384,turning1strowleft2ndboy,775,0,0,2,True,False,True,0.8931806973939088,0.8931806973939088
write_pair_reference_own_b384,turning1strowleft2ndboy,779,0,0,2,True,False,True,0.909002360628195,0.909002360628195
write_pair_reference_own_b384,turning1strowleft2ndboy,793,0,0,2,True,False,True,0.0,0.0
write_pair_reference_own_b384,turning1strowleft2ndboy,796,0,0,2,True,False,True,0.0,0.0
write_pair_reference_own_b384,turning1strowleft2ndboy,797,0,0,2,True,False,True,0.7656388847400766,0.7656388847400766
write_pair_reference_own_b384,turning1strowleft2ndboy,800,0,0,2,True,False,True,0.7640077916561262,0.7640077916561262
write_pair_reference_own_b384,turning1strowleft2ndboy,804,0,0,2,True,False,True,0.8100577170405711,0.8100577170405711
write_pair_reference_own_b384,turning1strowleft2ndboy,809,0,0,2,True,False,True,0.0,0.0
write_pair_reference_own_b384,turning1strowleft2ndboy,810,0,0,2,True,False,True,0.9276425866188841,0.9276425866188841
write_pair_reference_own_b384,turning1strowleft2ndboy,817,0,0,2,True,False,True,0.0,0.0
write_pair_reference_own_b384,turning1strowleft2ndboy,819,0,0,2,True,False,True,0.0,0.0
write_pair_reference_own_b384,turning1strowleft2ndboy,821,0,0,2,True,False,True,0.0,0.0
write_pair_reference_own_b384,turning1strowleft2ndboy,823,0,0,2,True,False,True,0.9037365700616536,0.9037365700616536
write_pair_reference_own_b384,turning1strowleft2ndboy,824,0,0,2,True,False,True,0.8998416048974103,0.8998416048974103
write_pair_reference_own_b384,turning1strowleft2ndboy,825,0,0,2,True,False,True,0.8812017611262158,0.8812017611262158
write_pair_reference_own_b384,turning1strowleft2ndboy,826,0,0,2,True,False,True,0.8764952274093619,0.8764952274093619
write_pair_reference_own_b384,turning1strowleft2ndboy,828,0,0,2,True,False,True,0.881066579221963,0.881066579221963
write_pair_reference_own_b384,turning1strowleft2ndboy,829,0,0,2,True,False,True,0.8753745054864929,0.8753745054864929
write_pair_reference_own_b384,turning1strowleft2ndboy,831,0,0,2,True,False,True,0.8410659547915948,0.8410659547915948
write_pair_reference_own_b384,turning1strowleft2ndboy,833,0,0,2,True,False,True,0.8583647843083138,0.8583647843083138
write_pair_reference_own_b384,turning1strowleft2ndboy,839,0,0,2,True,False,True,0.8702543094839983,0.8702543094839983
write_pair_reference_own_b384,turning1strowleft2ndboy,840,0,0,2,True,False,True,0.8949554747784347,0.8949554747784347
write_pair_reference_own_b384,turning1strowleft2ndboy,842,0,0,2,True,False,True,0.8925185865176859,0.8925185865176859
write_pair_reference_own_b384,turning1strowleft2ndboy,843,0,0,2,True,False,True,0.8862632250814745,0.8862632250814745
write_pair_reference_own_b384,turning1strowleft2ndboy,844,0,0,2,True,False,True,0.852390703174868,0.852390703174868
write_pair_reference_own_b384,turning1strowleft2ndboy,848,0,0,2,True,False,True,0.9012282430188168,0.9012282430188168
write_pair_reference_own_b384,turning1strowleft2ndboy,849,0,1,2,True,False,True,0.9173247932706173,0.9173247932706173
write_pair_reference_own_b384,turning1strowleft2ndboy,850,0,0,2,True,False,True,0.9215078660006082,0.9215078660006082
write_pair_reference_own_b384,turning1strowleft2ndboy,856,0,0,2,True,False,True,0.8933811907051616,0.8933811907051616
write_pair_reference_own_b384,turning1strowleft2ndboy,863,0,0,2,True,False,True,0.8196288239667668,0.8196288239667668
write_pair_reference_own_b384,turning1strowleft2ndboy,864,0,0,2,True,False,True,0.8072203519962372,0.8072203519962372
write_pair_reference_own_b384,turning1strowleft2ndboy,866,0,0,2,True,False,True,0.7560367402216699,0.7560367402216699
write_pair_reference_own_b384,turning1strowleft2ndboy,867,0,0,2,True,False,True,0.9097233159867372,0.9097233159867372
write_pair_reference_own_b384,turning1strowleft2ndboy,874,0,0,2,True,False,True,0.0,0.0
write_pair_reference_own_b384,turning1strowleft2ndboy,875,0,0,2,True,False,True,0.0,0.0
write_pair_reference_own_b384,turning1strowleft2ndboy,876,0,0,2,True,False,True,0.0,0.0
write_pair_reference_own_b384,turning1strowleft2ndboy,880,0,0,2,True,False,True,0.0,0.0
write_pair_reference_own_b384,turning1strowleft2ndboy,881,0,0,2,True,False,True,0.0,0.0
write_pair_reference_own_b384,turning1strowleft2ndboy,882,0,0,2,True,False,True,0.8958255487932586,0.8958255487932586
write_pair_reference_own_b384,turning1strowleft2ndboy,886,0,0,2,True,False,True,0.8494651042641312,0.8494651042641312
write_pair_reference_own_b384,turning1strowleft2ndboy,891,0,0,2,True,False,True,0.9158738412494423,0.9158738412494423
write_pair_reference_own_b384,turning1strowleft2ndboy,897,0,0,2,True,False,True,0.0,0.0
write_pair_reference_own_b384,turning1strowleft2ndboy,899,0,0,2,True,False,True,0.0,0.0
write_pair_reference_own_b384,turning1strowleft2ndboy,906,0,0,2,True,False,True,0.0,0.0
write_pair_reference_own_b384,turning1strowleft2ndboy,908,0,0,2,True,False,True,0.03076936870400792,0.03076936870400792
write_pair_reference_own_b384,turning1strowleft2ndboy,910,0,0,2,True,False,True,0.025819823898254376,0.025819823898254376
write_pair_reference_own_b384,turning1strowleft2ndboy,912,0,0,2,True,False,True,0.6916627502828601,0.6916627502828601
write_pair_reference_own_b384,turning1strowleft2ndboy,917,0,0,2,True,False,True,0.0033808404810532367,0.0033808404810532367
write_pair_reference_own_b384,turning1strowleft2ndboy,920,0,0,2,True,False,True,0.7633051249905968,0.7633051249905968
write_pair_reference_own_b384,turning1strowleft2ndboy,937,0,0,2,True,False,True,0.38242378105339075,0.38242378105339075
write_pair_reference_own_b384,turning1strowleft2ndboy,939,0,0,2,True,False,True,0.4068619948736056,0.4068619948736056
write_pair_reference_own_b384,turning1strowleft2ndboy,940,0,0,2,True,False,True,0.2782261383332086,0.2782261383332086
write_pair_reference_own_b384,turning1strowleft2ndboy,942,0,0,2,True,False,True,0.696491200718259,0.696491200718259
write_pair_reference_own_b384,turning1strowleft2ndboy,943,0,0,2,True,False,True,0.4624655032247777,0.4624655032247777
write_pair_reference_own_b384,turning1strowleft2ndboy,948,0,0,2,True,False,True,0.22029054532531023,0.22029054532531023
write_pair_reference_own_b384,turning1strowleft2ndboy,949,0,0,2,True,False,True,0.5938774553469545,0.5938774553469545
write_pair_reference_own_b384,turning1strowleft2ndboy,950,0,0,2,True,False,True,0.6529587615833784,0.6529587615833784
write_pair_reference_own_b384,turning1strowleft2ndboy,951,0,0,2,True,False,True,0.5441782114588556,0.5441782114588556
write_pair_reference_own_b384,turning1strowleft2ndboy,957,0,0,2,True,False,True,0.8616243781133965,0.8616243781133965
write_pair_reference_own_b384,turning1strowleft2ndboy,959,0,0,2,True,False,True,0.8605036650658872,0.8605036650658872
write_pair_reference_own_b384,turning1strowleft2ndboy,968,0,0,2,True,False,True,0.8875963631314182,0.8875963631314182
write_pair_reference_own_b384,turning1strowleft2ndboy,971,0,0,2,True,False,True,0.8263210502042908,0.8263210502042908
write_pair_reference_own_b384,turning1strowleft2ndboy,972,0,0,2,True,False,True,0.8309535736138605,0.8309535736138605
write_pair_reference_own_b384,turning1strowleft2ndboy,973,0,0,2,True,False,True,0.7963631411318415,0.7963631411318415
write_pair_reference_own_b384,turning1strowleft2ndboy,1019,0,0,2,True,False,True,0.8450352593956861,0.8450352593956861
write_pair_reference_own_b384,turning1strowleft2ndboy,1022,0,0,2,True,False,True,0.856818149242691,0.856818149242691
write_pair_reference_own_b384,turning1strowleft2ndboy,1041,0,0,2,True,False,True,0.06971312223648576,0.06971312223648576
write_pair_reference_own_b384,turning1strowleft2ndboy,1042,0,0,2,True,False,True,0.7472632531181699,0.7472632531181699
write_pair_reference_own_b384,turning1strowleft2ndboy,1052,0,1,2,True,False,True,0.8914273242142811,0.8914273242142811
write_pair_reference_own_b384,turning1strowleft2ndboy,1057,0,0,2,True,False,True,0.8771097084196993,0.8771097084196993
write_pair_reference_own_b384,turning1strowleft2ndboy,1058,0,0,2,True,False,True,0.7528857739282282,0.7528857739282282
write_pair_reference_own_b384,turning1strowleft2ndboy,1059,0,0,2,True,False,True,0.8610990002770086,0.8610990002770086
write_pair_reference_own_b384,turning1strowleft2ndboy,1060,0,0,2,True,False,True,0.7383771823847496,0.7383771823847496
write_pair_reference_own_b384,turning1strowleft2ndboy,1062,0,0,2,True,False,True,0.7203864041329792,0.7203864041329792
write_pair_reference_own_b384,turning1strowleft2ndboy,1065,0,0,2,True,False,True,0.04606652661217625,0.04606652661217625
write_pair_reference_own_b384,turning1strowleft2ndboy,1067,0,0,2,True,False,True,0.09130998499691205,0.09130998499691205
write_pair_reference_own_b384,turning1strowleft2ndboy,1068,0,0,2,True,False,True,0.04226061741509026,0.04226061741509026
write_pair_reference_own_b384,turning1strowleft2ndboy,1069,0,0,2,True,False,True,0.009497833689048376,0.009497833689048376
write_pair_reference_own_b384,turning1strowleft2ndboy,1070,0,0,2,True,False,True,0.029932747739374956,0.029932747739374956
write_pair_reference_own_b384,turning1strowleft2ndboy,1071,0,0,2,True,False,True,0.07050462718420432,0.07050462718420432
write_pair_reference_own_b384,turning1strowleft2ndboy,1072,0,0,2,True,False,True,0.0,0.0
write_pair_reference_own_b384,turning1strowleft2ndboy,1073,0,0,2,True,False,True,0.02013342437871685,0.02013342437871685
write_pair_reference_own_b384,turning1strowleft2ndboy,1075,0,0,2,True,False,True,0.0,0.0
write_pair_reference_own_b384,turning1strowleft2ndboy,1077,0,0,2,True,False,True,0.015409727886381041,0.015409727886381041
write_pair_reference_own_b384,turning1strowleft2ndboy,1078,0,0,2,True,False,True,0.0,0.0
write_pair_reference_own_b384,turning1strowleft2ndboy,1079,0,0,2,True,False,True,0.01619360696829078,0.01619360696829078
write_pair_reference_own_b384,turning1strowleft2ndboy,1080,0,0,2,True,False,True,0.0,0.0
write_pair_reference_own_b384,turning1strowleft2ndboy,1082,0,0,2,True,False,True,0.024890728543199233,0.024890728543199233
write_pair_reference_own_b384,turning1strowleft2ndboy,1083,0,0,2,True,False,True,0.010789655422468758,0.010789655422468758
write_pair_reference_own_b384,turning1strowleft2ndboy,1085,0,0,2,True,False,True,0.0,0.0
write_pair_reference_own_b384,turning1strowleft2ndboy,1086,0,0,2,True,False,True,0.027605872913430595,0.027605872913430595
write_pair_reference_own_b384,turning1strowleft2ndboy,1087,0,0,2,True,False,True,0.0,0.0
write_pair_reference_own_b384,turning1strowleft2ndboy,1088,0,0,2,True,False,True,0.0,0.0
write_pair_reference_own_b384,turning1strowleft2ndboy,1090,0,0,2,True,False,True,0.0,0.0
write_pair_reference_own_b384,turning1strowleft2ndboy,1092,0,0,2,True,False,True,0.06528683841556983,0.06528683841556983
write_pair_reference_own_b384,turning1strowleft2ndboy,1094,0,0,2,True,False,True,0.06942305535555779,0.06942305535555779
write_pair_reference_own_b384,turning1strowleft2ndboy,1095,0,0,2,True,False,True,0.08022630426520688,0.08022630426520688
write_pair_reference_own_b384,turning1strowleft2ndboy,1096,0,0,2,True,False,True,0.06335632538943595,0.06335632538943595
write_pair_reference_own_b384,turning1strowleft2ndboy,1097,0,0,2,True,False,True,0.13634497608598917,0.13634497608598917
write_pair_reference_own_b384,turning1strowleft2ndboy,1098,0,0,2,True,False,True,0.06981806982154615,0.06981806982154615
write_pair_reference_own_b384,turning1strowleft2ndboy,1100,0,0,2,True,False,True,0.08292369578781682,0.08292369578781682
write_pair_reference_own_b384,turning1strowleft2ndboy,1103,0,0,2,True,False,True,0.008062851806674924,0.008062851806674924
write_pair_reference_own_b384,turning1strowleft2ndboy,1108,0,0,2,True,False,True,0.05788961281895114,0.05788961281895114
write_pair_reference_own_b384,turning1strowleft2ndboy,1109,0,0,2,True,False,True,0.0,0.0
write_pair_reference_own_b384,turning1strowleft2ndboy,1110,0,0,2,True,False,True,0.0,0.0
write_pair_reference_own_b384,turning1strowleft2ndboy,1111,0,0,2,True,False,True,0.004418081904379903,0.004418081904379903
write_pair_reference_own_b384,turning1strowleft2ndboy,1112,0,0,2,True,False,True,0.017994669119177954,0.017994669119177954
write_pair_reference_own_b384,turning1strowleft2ndboy,1113,0,0,2,True,False,True,0.01687684722693669,0.01687684722693669
write_pair_reference_own_b384,turning1strowleft2ndboy,1114,0,0,2,True,False,True,0.0,0.0
write_pair_reference_own_b384,turning1strowleft2ndboy,1117,0,0,2,True,False,True,0.6479810817330615,0.6479810817330615
write_pair_reference_own_b384,turning1strowleft2ndboy,1118,0,0,2,True,False,True,0.8173710211166202,0.8173710211166202
write_pair_reference_own_b384,turning1strowleft2ndboy,1121,0,0,2,True,False,True,0.048194023500558944,0.048194023500558944
write_pair_reference_own_b384,turning1strowleft2ndboy,1123,0,0,2,True,False,True,0.07474391568182158,0.07474391568182158
write_pair_reference_own_b384,turning1strowleft2ndboy,1124,0,0,2,True,False,True,0.062033993441162096,0.062033993441162096
write_pair_reference_own_b384,turning1strowleft2ndboy,1125,0,0,2,True,False,True,0.7614855073904856,0.7614855073904856
write_pair_reference_own_b384,turning1strowleft2ndboy,1126,0,0,2,True,False,True,0.869702823655309,0.869702823655309
write_pair_reference_own_b384,turning1strowleft2ndboy,1127,0,0,2,True,False,True,0.7993499535447764,0.7993499535447764
write_pair_reference_own_b384,turning1strowleft2ndboy,1128,0,0,2,True,False,True,0.8054554129123471,0.8054554129123471
write_pair_reference_own_b384,turning1strowleft2ndboy,1130,0,0,2,True,False,True,0.714836130987595,0.714836130987595
write_pair_reference_own_b384,turning1strowleft2ndboy,1131,0,0,2,True,False,True,0.6546148717227658,0.6546148717227658
write_pair_reference_own_b384,turning1strowleft2ndboy,1132,0,0,2,True,False,True,0.7329168048329817,0.7329168048329817
write_pair_reference_own_b384,turning1strowleft2ndboy,1133,0,0,2,True,False,True,0.7511842701812627,0.7511842701812627
write_pair_reference_own_b384,turning1strowleft2ndboy,1134,0,0,2,True,False,True,0.8051101769525784,0.8051101769525784
write_pair_reference_own_b384,turning1strowleft2ndboy,1137,0,0,2,True,False,True,0.6476913797994225,0.6476913797994225
write_pair_reference_own_b384,turning1strowleft2ndboy,1139,0,0,2,True,False,True,0.8221267180178393,0.8221267180178393
write_pair_reference_own_b384,turning1strowleft2ndboy,1140,0,0,2,True,False,True,0.7850139639788124,0.7850139639788124
write_pair_reference_own_b384,turning1strowleft2ndboy,1141,0,0,2,True,False,True,0.7930655624799636,0.7930655624799636
write_pair_reference_own_b384,turning1strowleft2ndboy,1142,0,0,2,True,False,True,0.7725977579126525,0.7725977579126525
write_pair_reference_own_b384,turning1strowleft2ndboy,1143,0,0,2,True,False,True,0.7895253027192143,0.7895253027192143
write_pair_reference_own_b384,turning1strowleft2ndboy,1146,0,0,2,True,False,True,0.8068517441336531,0.8068517441336531
write_pair_reference_own_b384,turning1strowleft2ndboy,1147,0,0,2,True,False,True,0.8241370827611992,0.8241370827611992
write_pair_reference_own_b384,turning1strowleft2ndboy,1148,0,0,2,True,False,True,0.8056807722834616,0.8056807722834616
write_pair_reference_own_b384,turning1strowleft2ndboy,1150,0,0,2,True,False,True,0.8363686854936541,0.8363686854936541
write_pair_reference_own_b384,turning1strowleft2ndboy,1157,0,0,2,True,False,True,0.16553509856961174,0.16553509856961174
write_pair_reference_own_b384,turning1strowleft2ndboy,1163,0,0,2,True,False,True,0.056466298396056935,0.056466298396056935
write_pair_reference_own_b384,umbrella,40,0,0,0,False,False,True,0.0,0.5140510688511672
write_pair_reference_own_b384,umbrella,120,0,0,2,True,False,True,0.5550888753540324,0.5550888753540324
write_pair_reference_own_b384,umbrella,288,0,0,0,False,False,True,0.0,0.8099845847696473
write_pair_reference_own_b384,umbrellabyboy,181,0,0,2,True,False,True,0.6221263458982622,0.6221263458982622
write_pair_reference_own_b384,umbrellawillbefold,76,0,0,2,True,False,True,0.6570599840261645,0.6570599840261645
write_pair_reference_own_b384,umbrellawillbefold,464,0,0,2,True,False,True,0.0,0.0
write_pair_reference_own_b384,umbrellawillbefold,465,0,0,2,True,False,True,0.0,0.0
write_pair_reference_own_b384,umbrellawillopen,91,0,1,0,False,False,True,0.09561519266907391,0.0
write_pair_reference_own_b384,umbrellawillopen,114,0,2,0,False,False,True,0.0,0.05075965146406808
write_pair_reference_own_b384,whitebikebelow,413,0,1,0,False,False,True,0.3002448995003503,0.0
write_pair_reference_own_b384,whitebikebelow,428,0,0,2,True,False,True,0.0,0.0
write_pair_reference_own_b384,whitebikebelow,436,0,0,2,True,False,True,0.0,0.0
write_pair_reference_own_b384,whitebikebelow,438,0,0,2,True,False,True,0.0,0.0
write_pair_reference_own_b384,whitebikebelow,439,0,0,2,True,False,True,0.0,0.0
write_pair_reference_own_b384,whitebikebelow,440,0,0,2,True,False,True,0.0,0.0
write_pair_reference_own_b384,whitebikebelow,456,0,0,2,True,False,True,0.0,0.0
write_pair_reference_own_b384,whitebikebelow,462,0,0,2,True,False,True,0.0,0.0
write_pair_reference_own_b384,whitebikebelow,468,0,0,2,True,False,True,0.0,0.0
write_pair_reference_own_b384,whitebikebelow,469,0,0,2,True,False,True,0.0,0.0
write_pair_reference_own_b384,whitebikebelow,475,0,0,2,True,False,True,0.0,0.0
write_pair_reference_own_b384,whitebikebelow,478,0,0,2,True,False,True,0.0,0.0
write_pair_reference_own_b384,whitebikebelow,487,0,0,2,True,False,True,0.0,0.0
write_pair_reference_own_b384,whitebikebelow,510,0,0,2,True,False,True,0.0,0.0
write_pair_reference_own_b384,whitebikebelow,512,0,0,2,True,False,True,0.0,0.0
write_pair_reference_own_b384,whitebikebelow,513,0,0,2,True,False,True,0.0,0.0
write_pair_reference_own_b384,whitebikebelow,523,0,0,2,True,False,True,0.0,0.0
write_pair_reference_own_b384,whitebikebelow,524,0,0,2,True,False,True,0.0,0.0
write_pair_reference_own_b384,whitebikebelow,525,0,0,2,True,False,True,0.0,0.0
write_pair_reference_own_b384,whitebikebelow,530,0,0,2,True,False,True,0.0,0.0
write_pair_reference_own_b384,whitebikebelow,533,0,0,2,True,False,True,0.0,0.0
write_pair_reference_own_b384,whitebikebelow,562,0,0,2,True,False,True,0.0,0.0
write_pair_reference_own_b384,whitebikebelow,564,0,0,2,True,False,True,0.0,0.0
write_pair_reference_own_b384,whitebikebelow,565,0,0,2,True,False,True,0.0,0.0
write_pair_reference_own_b384,whiteboyrightcoccergoal,304,0,0,2,True,False,True,0.9146936721500976,0.9146936721500976
write_pair_reference_own_b384,whiteboyrightcoccergoal,305,0,0,2,True,False,True,0.8860805496109816,0.8860805496109816
write_pair_reference_own_b384,whiteboyrightcoccergoal,307,0,0,2,True,False,True,0.8902220094578432,0.8902220094578432
write_pair_reference_own_b384,whiteboyrightcoccergoal,327,0,0,2,True,False,True,0.7484624729472572,0.7484624729472572
write_pair_reference_own_b384,whiteboyrightcoccergoal,328,0,0,2,True,False,True,0.7216733764049423,0.7216733764049423
write_pair_reference_own_b384,whiteboyrightcoccergoal,330,0,0,2,True,False,True,0.6915234072297515,0.6915234072297515
write_pair_reference_own_b384,whiteboyrightcoccergoal,331,0,0,2,True,False,True,0.7337142640777091,0.7337142640777091
write_pair_reference_own_b384,whiteboyrightcoccergoal,333,0,0,2,True,False,True,0.910643035460858,0.910643035460858
write_pair_reference_own_b384,whiteboyrightcoccergoal,339,0,1,2,True,False,True,0.7113367624478637,0.0
write_pair_reference_own_b384,whiteboyrightcoccergoal,340,0,0,2,True,False,True,0.0,0.0
write_pair_reference_own_b384,whiteboyrightcoccergoal,342,0,1,2,True,False,True,0.0,0.0
write_pair_reference_own_b384,whiteboyrightcoccergoal,343,0,0,2,True,False,True,0.0,0.0
write_pair_reference_own_b384,whiteboyrightcoccergoal,346,0,0,2,True,False,True,0.0,0.0
write_pair_reference_own_b384,whiteboyrightcoccergoal,347,0,0,2,True,False,True,0.0,0.0
write_pair_reference_own_b384,whiteboyrightcoccergoal,350,0,0,2,True,False,True,0.0,0.0
write_pair_reference_own_b384,whiteboyrightcoccergoal,354,0,0,2,True,False,True,0.0,0.0
write_pair_reference_own_b384,whiteboyrightcoccergoal,395,0,0,2,True,False,True,0.0,0.0
write_pair_reference_own_b384,whiteboyrightcoccergoal,398,0,0,2,True,False,True,0.0,0.0
write_pair_reference_own_b384,whiteboyrightcoccergoal,413,0,0,2,True,False,True,0.0,0.0
write_pair_reference_own_b384,whiteboyrightcoccergoal,419,0,0,2,True,False,True,0.0,0.0
write_pair_reference_own_b384,whiteboyrightcoccergoal,421,0,0,2,True,False,True,0.0,0.0
write_pair_reference_own_b384,whiteboyrightcoccergoal,423,0,0,0,False,False,True,0.0,0.6389516333911467
write_pair_reference_own_b384,whiteboyrightcoccergoal,453,0,0,2,True,False,True,0.8194623127174038,0.8194623127174038
write_pair_reference_own_b384,whiteboyrightcoccergoal,458,0,0,2,True,False,True,0.7787791773542962,0.7787791773542962
write_pair_reference_own_b384,whiteboyrightcoccergoal,459,0,0,2,True,False,True,0.7900418425976455,0.7900418425976455
write_pair_reference_own_b384,whiteboyrightcoccergoal,466,0,0,2,True,False,True,0.8456401383136914,0.8456401383136914
write_pair_reference_own_b384,whiteboyrightcoccergoal,468,0,0,2,True,False,True,0.73529654132818,0.73529654132818
write_pair_reference_own_b384,whiteboyrightcoccergoal,472,0,0,2,True,False,True,0.9323133801488358,0.9323133801488358
write_pair_reference_own_b384,whiteboyrightcoccergoal,474,0,0,2,True,False,True,0.6766253588495825,0.6766253588495825
write_pair_reference_own_b384,whiteboyrightcoccergoal,475,0,0,2,True,False,True,0.5249170727961966,0.5249170727961966
write_pair_reference_own_b384,whiteboyrightcoccergoal,476,0,0,2,True,False,True,0.32216019621427644,0.32216019621427644
write_pair_reference_own_b384,whiteboyrightcoccergoal,478,0,0,2,True,False,True,0.3751986939249832,0.3751986939249832
write_pair_reference_own_b384,whiteboyrightcoccergoal,481,0,0,2,True,False,True,0.6397142295023818,0.6397142295023818
write_pair_reference_own_b384,whiteboyrightcoccergoal,482,0,0,2,True,False,True,0.748214393983801,0.748214393983801
write_pair_reference_own_b384,whiteboyrightcoccergoal,528,0,0,2,True,False,True,0.8458263714735896,0.8458263714735896
write_pair_reference_own_b384,whiteboyrightcoccergoal,545,0,0,2,True,False,True,0.7121234369473539,0.7121234369473539
write_pair_reference_own_b384,whiteboyrightcoccergoal,554,0,0,2,True,False,True,0.7251891626518615,0.7251891626518615
write_pair_reference_own_b384,whiteboyrightcoccergoal,597,0,0,0,False,True,True,0.8124247902739484,0.8124247902739484
write_pair_reference_own_b384,whiteboyrightcoccergoal,598,0,0,0,False,True,True,0.8207128129106998,0.8207128129106998
write_pair_reference_own_b384,whiteboyrightcoccergoal,599,0,0,0,False,True,True,0.82825707349648,0.82825707349648
write_pair_reference_own_b384,whiteboyrightcoccergoal,600,0,0,0,False,True,True,0.821761729165491,0.821761729165491
write_pair_reference_own_b384,whiteboyrightcoccergoal,601,0,0,0,False,True,True,0.8432539423799905,0.8432539423799905
write_pair_reference_own_b384,whitecarturn683,394,0,1,0,False,False,True,0.0,0.0
write_pair_reference_own_b384,whitecarturn683,437,0,1,0,False,False,True,0.0,0.0
write_pair_reference_own_b384,whitecarturn683,480,0,0,0,False,False,True,0.0,0.47836754167913215
write_pair_reference_own_b384,whitefargirl,136,0,1,0,False,False,True,0.572170762341622,0.0
write_pair_reference_own_b384,whitegirlinlight,72,0,0,0,False,True,True,0.705838801190973,0.705838801190973
write_pair_reference_own_b384,whitegirlinlight,74,0,0,0,False,True,True,0.7276746834237003,0.7276746834237003
write_pair_reference_own_b384,whitegirlinlight,85,0,0,0,False,True,True,0.7752563622255838,0.7752563622255838
write_pair_reference_own_b384,whitegirlinlight,391,0,0,2,True,False,True,0.0948312136960133,0.0948312136960133
write_pair_reference_own_b384,whitegirlinlight,392,0,0,2,True,False,True,0.05608251756645259,0.05608251756645259
write_pair_reference_own_b384,whitegirlinlight,395,0,0,2,True,False,True,0.1203445854508491,0.1203445854508491
write_pair_reference_own_b384,whitegirlinlight,396,0,0,2,True,False,True,0.22568860645418531,0.22568860645418531
write_pair_reference_own_b384,whitegirlinlight,397,0,0,2,True,False,True,0.2901207778460163,0.2901207778460163
write_pair_reference_own_b384,whitegirltakingchopsticks,200,0,0,2,True,False,True,0.0,0.0
write_pair_reference_own_b384,whitegirltakingchopsticks,208,0,0,2,True,False,True,0.0,0.0
write_pair_reference_own_b384,whitegirltakingchopsticks,301,0,0,2,True,False,True,0.0,0.0
write_pair_reference_own_b384,whiteofboys,51,0,1,0,False,False,True,0.0,0.8533232407628227
write_pair_reference_own_b384,whiteofboys,52,0,1,0,False,False,True,0.0,0.7820677304416844
write_pair_reference_own_b384,whiteofboys,59,0,0,2,True,False,True,0.8399104530928663,0.8399104530928663
write_pair_reference_own_b384,whiteofboys,64,0,0,2,True,False,True,0.38894443056908495,0.38894443056908495
write_pair_reference_own_b384,whiteofboys,68,0,0,2,True,False,True,0.0,0.0
write_pair_reference_own_b384,whiteofboys,69,0,0,2,True,False,True,0.0,0.0
write_pair_reference_own_b384,whiteofboys,87,0,0,2,True,False,True,0.814311384674948,0.814311384674948
write_pair_reference_own_b384,whiteofboys,101,0,0,2,True,False,True,0.9106738731364625,0.9106738731364625
write_pair_reference_own_b384,whiteofboys,147,0,0,0,False,False,True,0.0,0.8665783414761851
write_pair_reference_own_b384,whiteofboys,173,0,0,2,True,False,True,0.812796245728677,0.812796245728677
write_pair_reference_own_b384,whiteridingbike,99,0,1,0,False,False,True,0.0,0.0
write_pair_reference_own_b384,whiteridingbike,124,0,2,0,False,False,True,0.0,0.0
write_pair_reference_own_b384,whiteridingbike,141,0,2,0,False,False,True,0.0,0.0
write_pair_reference_own_b384,whiteridingbike,147,0,2,0,False,False,True,0.0,0.0
write_pair_reference_own_b384,whiteridingbike,185,0,2,0,False,False,True,0.0,0.0
write_pair_reference_own_b384,whiteridingbike,198,0,0,2,True,False,True,0.2635796094094896,0.2635796094094896
write_pair_reference_own_b384,whiterunningboy,28,0,0,0,False,True,True,0.8465267692324498,0.8465267692324498
write_pair_reference_own_b384,whiterunningboy,33,0,0,0,False,True,True,0.8257215581259988,0.8257215581259988
write_pair_reference_own_b384,whiterunningboy,35,0,0,0,False,True,True,0.8044181710652734,0.8044181710652734
write_pair_reference_own_b384,whiterunningboy,36,0,0,0,False,True,True,0.7856074594633701,0.7856074594633701
write_pair_reference_own_b384,whiterunningboy,62,0,0,0,False,True,True,0.8820401317942121,0.8820401317942121
write_pair_reference_own_b384,whiterunningboy,63,0,0,0,False,True,True,0.8548667587918368,0.8548667587918368
write_pair_reference_own_b384,whiterunningboy,154,0,0,0,False,True,True,0.8129358305635171,0.8129358305635171
write_pair_reference_own_b384,whiterunningboy,161,0,0,0,False,True,True,0.8728292663711654,0.8728292663711654
write_pair_reference_own_b384,whiterunningboy,182,0,0,0,False,True,True,0.8077432323927988,0.8077432323927988
write_pair_reference_own_b384,whiterunningboy,189,0,0,0,False,True,True,0.881599790976636,0.881599790976636
write_pair_reference_own_b384,whiterunningboy,190,0,0,0,False,True,True,0.8448475096965848,0.8448475096965848
write_pair_reference_own_b384,whiterunningboy,194,0,0,0,False,True,True,0.7051992999563269,0.7051992999563269
write_pair_reference_own_b384,whiterunningboy,331,0,1,0,False,False,True,0.0,0.8360326376648245
write_pair_reference_own_b384,whiteskirtgirlcomingfromgoal,96,0,0,0,False,True,True,0.8739669625071312,0.8739669625071312
write_pair_reference_own_b384,whiteskirtgirlcomingfromgoal,184,0,0,2,True,False,True,0.5987648874036615,0.5987648874036615
write_pair_reference_own_b384,whiteskirtgirlcomingfromgoal,186,0,0,2,True,False,True,0.6070495617531276,0.6070495617531276
write_pair_reference_own_b384,whiteskirtgirlcomingfromgoal,191,0,0,2,True,False,True,0.1296398792332868,0.1296398792332868
write_pair_reference_own_b384,whiteskirtgirlcomingfromgoal,232,0,0,2,True,False,True,0.0,0.0
write_pair_reference_own_b384,whiteskirtgirlcomingfromgoal,240,0,0,0,False,False,True,0.0,0.7533977024390419
write_pair_reference_own_b384,whiteskirtgirlcomingfromgoal,297,0,0,2,True,False,True,0.81922047024133,0.81922047024133
write_pair_reference_own_b384,whiteskirtgirlcomingfromgoal,298,0,0,2,True,False,True,0.8345835221930906,0.8345835221930906
write_pair_reference_own_b384,whiteskirtgirlcomingfromgoal,300,0,0,2,True,False,True,0.8532544942066101,0.8532544942066101
write_pair_reference_own_b384,whiteskirtgirlcomingfromgoal,302,0,0,2,True,False,True,0.7543081249242883,0.7543081249242883
write_pair_reference_own_b384,whiteskirtgirlcomingfromgoal,308,0,0,2,True,False,True,0.0,0.0
write_pair_reference_own_b384,whiteskirtgirlcomingfromgoal,312,0,0,2,True,False,True,0.0,0.0
write_pair_reference_own_b384,whiteskirtgirlcomingfromgoal,313,0,0,2,True,False,True,0.7157967773284706,0.7157967773284706
write_pair_reference_own_b384,whiteskirtgirlcomingfromgoal,314,0,0,2,True,False,True,0.0,0.0
write_pair_reference_own_b384,whiteskirtgirlcomingfromgoal,320,0,0,2,True,False,True,0.5883108805164787,0.5883108805164787
write_pair_reference_own_b384,whiteskirtgirlcomingfromgoal,322,0,0,2,True,False,True,0.56672776252295,0.56672776252295
write_pair_reference_own_b384,whiteskirtgirlcomingfromgoal,324,0,0,2,True,False,True,0.6404255065160697,0.6404255065160697
write_pair_reference_own_b384,whiteskirtgirlcomingfromgoal,331,0,0,2,True,False,True,0.7555174003863255,0.7555174003863255
write_pair_reference_own_b384,whiteskirtgirlcomingfromgoal,354,0,0,2,True,False,True,0.0,0.0
write_pair_reference_own_b384,whiteskirtgirlcomingfromgoal,388,0,0,2,True,False,True,0.0,0.0
write_pair_reference_own_b384,whiteskirtgirlcomingfromgoal,389,0,0,2,True,False,True,0.11927700617813368,0.11927700617813368
write_pair_reference_own_b384,whiteskirtgirlcomingfromgoal,394,0,0,2,True,False,True,0.5343888859208589,0.5343888859208589
write_pair_reference_own_b384,whiteskirtgirlcomingfromgoal,493,0,0,0,False,False,True,0.0,0.6788729589627831
write_pair_reference_own_b384,whiteskirtgirlcomingfromgoal,532,0,0,2,True,False,True,0.58266294263581,0.58266294263581
write_pair_reference_own_b384,whiteskirtgirlcomingfromgoal,554,0,0,2,True,False,True,0.34223221441372925,0.34223221441372925
write_pair_reference_own_b384,whiteskirtgirlcomingfromgoal,560,0,0,2,True,False,True,0.3545092876035557,0.3545092876035557
write_pair_reference_own_b384,whiteskirtgirlcomingfromgoal,625,0,0,0,False,False,True,0.647882272231279,0.0
write_pair_reference_own_b384,whiteskirtgirlcomingfromgoal,635,0,0,2,True,False,True,0.0,0.0
write_pair_reference_own_b384,whiteskirtgirlcomingfromgoal,787,0,0,2,True,False,True,0.5824760505905773,0.5824760505905773
write_pair_reference_own_b384,whiteskirtgirlcomingfromgoal,788,0,0,2,True,False,True,0.5705162798063436,0.5705162798063436
write_pair_reference_own_b384,whiteskirtgirlcomingfromgoal,790,0,0,2,True,False,True,0.3186770275374199,0.3186770275374199
write_pair_reference_own_b384,whiteskirtgirlcomingfromgoal,791,0,0,2,True,False,True,0.659367973061357,0.659367973061357
write_pair_reference_own_b384,whiteskirtgirlcomingfromgoal,792,0,0,2,True,False,True,0.8541731869611824,0.8541731869611824
write_pair_reference_own_b384,whiteskirtgirlcomingfromgoal,793,0,0,2,True,False,True,0.6856411118018148,0.6856411118018148
write_pair_reference_own_b384,whiteskirtgirlcomingfromgoal,794,0,0,2,True,False,True,0.30494657576959017,0.30494657576959017
write_pair_reference_own_b384,whiteskirtgirlcomingfromgoal,795,0,0,2,True,False,True,0.31320514537416494,0.31320514537416494
write_pair_reference_own_b384,whiteskirtgirlcomingfromgoal,796,0,0,2,True,False,True,0.38201860443457974,0.38201860443457974
write_pair_reference_own_b384,whiteskirtgirlcomingfromgoal,797,0,0,2,True,False,True,0.2721171826321702,0.2721171826321702
write_pair_reference_own_b384,whiteskirtgirlcomingfromgoal,798,0,0,2,True,False,True,0.17928077492134545,0.17928077492134545
write_pair_reference_own_b384,whiteskirtgirlcomingfromgoal,799,0,0,2,True,False,True,0.12957110546834136,0.12957110546834136
write_pair_reference_own_b384,whiteskirtgirlcomingfromgoal,805,0,0,2,True,False,True,0.015570634223381808,0.015570634223381808
write_pair_reference_own_b384,whiteskirtgirlcomingfromgoal,807,0,0,2,True,False,True,0.024987443056081676,0.024987443056081676
write_pair_reference_own_b384,whiteskirtgirlcomingfromgoal,808,0,0,2,True,False,True,0.0448676046330925,0.0448676046330925
write_pair_reference_own_b384,whiteskirtgirlcomingfromgoal,809,0,0,2,True,False,True,0.06214732460203378,0.06214732460203378
write_pair_reference_own_b384,whiteskirtgirlcomingfromgoal,810,0,0,2,True,False,True,0.04229688110790195,0.04229688110790195
write_pair_reference_own_b384,whiteskirtgirlcomingfromgoal,811,0,0,2,True,False,True,0.7014382915473198,0.7014382915473198
write_pair_reference_own_b384,whiteskirtgirlcomingfromgoal,813,0,0,2,True,False,True,0.4996455487336346,0.4996455487336346
write_pair_reference_own_b384,whiteskirtgirlcomingfromgoal,815,0,0,2,True,False,True,0.36798758334108844,0.36798758334108844
write_pair_reference_own_b384,whiteskirtgirlcomingfromgoal,816,0,0,2,True,False,True,0.16305335009853025,0.16305335009853025
write_pair_reference_own_b384,yellowskirt,27,0,0,0,False,True,True,0.8810233873607782,0.8810233873607782
write_pair_reference_own_b384,yellowskirt,30,0,0,0,False,True,True,0.878650130083879,0.878650130083879
write_pair_reference_own_b384,yellowskirt,89,0,0,2,True,False,True,0.7110431465185275,0.7110431465185275
