variant,sequence,frame_zero_based,region,candidate,searched_region,extra_executed,pause,gt_known,same_state_c1_iou,selected_iou
future_own_b384,2girlgoleft,90,0,0,2,True,False,True,0.5146436689039918,0.5146436689039918
future_own_b384,2girlgoleft,94,0,0,2,True,False,True,0.5006682311948772,0.5006682311948772
future_own_b384,2outdark,106,0,0,4,True,False,True,0.6789191563400734,0.6789191563400734
future_own_b384,2outdark,112,0,0,2,True,False,True,0.7974318558830505,0.7974318558830505
future_own_b384,2outdark,114,0,0,4,True,False,True,0.8579007437192935,0.8579007437192935
future_own_b384,3whitemen,20,0,0,2,True,False,True,0.1891069323301553,0.1891069323301553
future_own_b384,3whitemen,22,0,2,0,False,False,True,0.12642641541783656,0.16419552020742922
future_own_b384,3whitemen,29,0,0,2,True,False,True,0.0,0.0
future_own_b384,3whitemen,33,0,0,2,True,False,True,0.8053707992256448,0.8053707992256448
future_own_b384,3whitemen,34,0,0,4,True,False,True,0.8478103115182127,0.8478103115182127
future_own_b384,3whitemen,43,0,0,2,True,False,True,0.20390693967110451,0.20390693967110451
future_own_b384,3whitemen,44,0,1,2,True,False,True,0.0,0.5153896087215876
future_own_b384,3whitemen,46,0,0,5,True,False,True,0.0,0.0
future_own_b384,3whitemen,51,0,0,4,True,False,True,0.7501679964282597,0.7501679964282597
future_own_b384,3whitemen,52,0,0,4,True,False,True,0.7135208997421795,0.7135208997421795
future_own_b384,3whitemen,53,0,0,2,True,False,True,0.3795724839897912,0.3795724839897912
future_own_b384,3whitemen,65,4,1,4,True,False,True,0.7730307778233192,0.7578542407784193
future_own_b384,3whitemen,66,0,0,2,True,False,True,0.6113836674540266,0.6113836674540266
future_own_b384,3whitemen,67,0,0,2,True,False,True,0.7921052009544837,0.7921052009544837
future_own_b384,3whitemen,68,0,0,4,True,False,True,0.9003625506627285,0.9003625506627285
future_own_b384,3whitemen,69,0,0,2,True,False,True,0.7913445426962993,0.7913445426962993
future_own_b384,3whitemen,70,0,0,4,True,False,True,0.0,0.0
future_own_b384,3whitemen,72,0,0,2,True,False,True,0.1068976500814696,0.1068976500814696
future_own_b384,3whitemen,74,0,0,2,True,False,True,0.0501391259320534,0.0501391259320534
future_own_b384,3whitemen,76,0,0,2,True,False,True,0.08821367310631563,0.08821367310631563
future_own_b384,3whitemen,79,0,0,2,True,False,True,0.7441402673928613,0.7441402673928613
future_own_b384,3whitemen,80,0,0,2,True,False,True,0.4599644944171489,0.4599644944171489
future_own_b384,3whitemen,86,0,1,0,False,False,True,0.1423558744110874,0.34662511177342586
future_own_b384,3whitemen,92,0,0,4,True,False,True,0.6069044099551487,0.6069044099551487
future_own_b384,3whitemen,93,0,1,0,False,False,True,0.7443222132292724,0.09427100958628393
future_own_b384,3whitemen,97,0,0,2,True,False,True,0.5309617895353032,0.5309617895353032
future_own_b384,3whitemen,99,0,0,4,True,False,True,0.5336010426624144,0.5336010426624144
future_own_b384,3whitemen,100,0,0,2,True,False,True,0.4905551135883876,0.4905551135883876
future_own_b384,3whitemen,102,0,1,0,False,False,True,0.924211926846039,0.0
future_own_b384,3whitemen,106,0,0,4,True,False,True,0.0,0.0
future_own_b384,3whitemen,107,0,2,4,True,False,True,0.0,0.31766700122958647
future_own_b384,3whitemen,110,0,0,2,True,False,True,0.7578552720696216,0.7578552720696216
future_own_b384,3whitemen,117,0,0,4,True,False,True,0.6594049098961553,0.6594049098961553
future_own_b384,3whitemen,123,0,1,2,True,False,True,0.550115412411718,0.1573232956699838
future_own_b384,3whitemen,137,0,0,2,True,False,True,0.35356292305092735,0.35356292305092735
future_own_b384,3whitemen,140,0,0,2,True,False,True,0.29279013601037324,0.0
future_own_b384,3whitemen,158,0,1,0,False,False,True,0.0,0.6239893284898623
future_own_b384,3whitemen,159,0,3,0,False,False,True,0.474937489749181,0.0
future_own_b384,3whitemen,160,0,1,2,True,False,True,0.0,0.6615008504941461
future_own_b384,3whitemen,164,0,0,2,True,False,True,0.053720940325284613,0.053720940325284613
future_own_b384,3whitemen,169,0,0,2,True,False,True,0.06871739445920244,0.06871739445920244
future_own_b384,3whitemen,173,0,0,2,True,False,True,0.04503300797518532,0.04503300797518532
future_own_b384,3whitemen,174,0,0,2,True,False,True,0.021347272057233274,0.021347272057233274
future_own_b384,3whitemen,176,0,0,2,True,False,True,0.0,0.0
future_own_b384,3whitemen,177,0,0,2,True,False,True,0.0,0.0
future_own_b384,3whitemen,178,2,0,2,True,False,True,0.0,0.6149058006788276
future_own_b384,3whitemen,179,0,1,2,True,False,True,0.13224821748843624,0.13224821748843624
future_own_b384,3whitemen,180,0,0,4,True,False,True,0.0041674675280578746,0.0041674675280578746
future_own_b384,3whitemen,181,0,0,6,True,False,True,0.0,0.0
future_own_b384,3whitemen,182,0,0,2,True,False,True,0.04331480040685824,0.04331480040685824
future_own_b384,3whitemen,183,0,0,6,True,False,True,0.09723234725822964,0.09723234725822964
future_own_b384,3whitemen,186,0,0,4,True,False,True,0.5232932599050261,0.5232932599050261
future_own_b384,3whitemen,187,0,0,2,True,False,True,0.7149066690616407,0.7149066690616407
future_own_b384,3whitemen,188,0,0,2,True,False,True,0.42212810857307675,0.42212810857307675
future_own_b384,3whitemen,189,2,2,2,True,False,True,0.26840518199272767,0.0
future_own_b384,3whitemen,190,0,0,5,True,False,True,0.0,0.0
future_own_b384,3whitemen,191,0,0,1,True,False,True,0.0,0.0
future_own_b384,3whitemen,192,2,0,2,True,False,True,0.0,0.0
future_own_b384,3whitemen,193,0,0,4,True,False,True,0.0,0.0
future_own_b384,3whitemen,196,0,0,2,True,False,True,0.0,0.0
future_own_b384,3whitemen,197,0,0,2,True,False,True,0.0,0.0
future_own_b384,3whitemen,198,0,0,4,True,False,True,0.0,0.0
future_own_b384,3whitemen,199,0,0,2,True,False,True,0.0,0.0
future_own_b384,3whitemen,210,0,0,2,True,False,True,0.0,0.0
future_own_b384,3whitemen,211,0,0,2,True,False,True,0.0,0.0
future_own_b384,3whitemen,212,0,1,4,True,False,True,0.0,0.0
future_own_b384,3whitemen,213,0,0,1,True,False,True,0.0,0.0
future_own_b384,3whitemen,217,0,0,2,True,False,True,0.0,0.0
future_own_b384,3whitemen,218,0,0,2,True,False,True,0.0,0.0
future_own_b384,3whitemen,222,0,0,2,True,False,True,0.0,0.0
future_own_b384,3whitemen,225,0,0,4,True,False,True,0.0,0.0
future_own_b384,3whitemen,277,0,0,6,True,False,True,0.0,0.0
future_own_b384,3whitemen,282,0,0,6,True,False,True,0.0,0.0
future_own_b384,3whitemen,284,0,0,6,True,False,True,0.0,0.0
future_own_b384,3whitemen,285,0,0,6,True,False,True,0.0,0.0
future_own_b384,3whitemen,286,0,0,6,True,False,True,0.0,0.0
future_own_b384,3whitemen,287,0,1,6,True,False,True,0.0,0.0
future_own_b384,3whitemen,288,0,0,5,True,False,True,0.0,0.0
future_own_b384,3whitemen,322,0,0,6,True,False,True,0.0,0.0
future_own_b384,3whitemen,323,0,0,1,True,False,True,0.0,0.0
future_own_b384,3whitemen,324,0,0,6,True,False,True,0.0,0.0
future_own_b384,3whitemen,325,0,0,6,True,False,True,0.0,0.0
future_own_b384,3whitemen,326,0,0,4,True,False,True,0.0,0.0
future_own_b384,3whitemen,327,0,0,6,True,False,True,0.0,0.0
future_own_b384,3whitemen,328,0,0,6,True,False,True,0.0,0.0
future_own_b384,3whitemen,329,0,0,6,True,False,True,0.0,0.0
future_own_b384,3whitemen,330,0,0,4,True,False,True,0.0,0.0
future_own_b384,3whitemen,331,0,0,6,True,False,True,0.0,0.0
future_own_b384,3whitemen,332,6,2,6,True,False,True,0.0,0.0
future_own_b384,3whitemen,333,6,3,6,True,False,True,0.0,0.0
future_own_b384,3whitemen,334,0,0,6,True,False,True,0.0,0.0
future_own_b384,3whitemen,335,0,0,6,True,False,True,0.0,0.0
future_own_b384,3whitemen,339,0,0,2,True,False,True,0.0,0.0
future_own_b384,3whitemen,340,0,0,2,True,False,True,0.0,0.0
future_own_b384,3whitemen,341,0,0,2,True,False,True,0.0,0.0
future_own_b384,3whitemen,343,0,0,2,True,False,True,0.0,0.0
future_own_b384,3whitemen,345,0,1,2,True,False,True,0.0,0.0
future_own_b384,3whitemen,347,0,0,2,True,False,True,0.0,0.0
future_own_b384,3whitemen,349,0,0,2,True,False,True,0.0,0.0
future_own_b384,3whitemen,351,0,0,0,False,False,True,0.0,0.0
future_own_b384,3whitemen,356,4,0,4,True,False,True,0.0,0.0
future_own_b384,3whitemen,357,0,0,4,True,False,True,0.0,0.0
future_own_b384,3whitemen,358,0,0,2,True,False,True,0.0,0.0
future_own_b384,3whitemen,366,0,0,2,True,False,True,0.0,0.0
future_own_b384,3whitemen,368,0,0,2,True,False,True,0.0,0.0
future_own_b384,3whitemen,369,0,0,2,True,False,True,0.0,0.0
future_own_b384,3whitemen,370,0,0,2,True,False,True,0.0,0.0
future_own_b384,3whitemen,372,0,0,2,True,False,True,0.0,0.0
future_own_b384,3whitemen,381,0,0,2,True,False,True,0.0,0.0
future_own_b384,3whitemen,382,0,0,2,True,False,True,0.0,0.0
future_own_b384,3whitemen,383,0,0,2,True,False,True,0.0,0.0
future_own_b384,3whitemen,384,0,0,2,True,False,True,0.0,0.0
future_own_b384,3whitemen,386,0,0,2,True,False,True,0.0,0.0
future_own_b384,3whitemen,388,0,0,2,True,False,True,0.0,0.0
future_own_b384,3whitemen,389,0,0,2,True,False,True,0.0,0.0
future_own_b384,3whitemen,390,0,0,2,True,False,True,0.0,0.0
future_own_b384,3whitemen,391,0,0,2,True,False,True,0.0,0.0
future_own_b384,3whitemen,392,0,0,2,True,False,True,0.0,0.0
future_own_b384,3whitemen,393,0,0,2,True,False,True,0.0,0.0
future_own_b384,3whitemen,394,0,0,2,True,False,True,0.0,0.0
future_own_b384,3whitemen,395,0,0,2,True,False,True,0.0,0.0
future_own_b384,3whitemen,396,0,0,2,True,False,True,0.0,0.0
future_own_b384,3whitemen,397,0,0,2,True,False,True,0.0,0.0
future_own_b384,3whitemen,398,0,1,0,False,False,True,0.0,0.0
future_own_b384,3whitemen,399,0,0,2,True,False,True,0.0,0.0
future_own_b384,3whitemen,400,0,0,2,True,False,True,0.0,0.0
future_own_b384,3whitemen,401,2,0,2,True,False,True,0.0,0.5548445064426192
future_own_b384,3whitemen,405,2,1,2,True,False,True,0.3313405464150627,0.2969318592972752
future_own_b384,3whitemen,407,0,0,4,True,False,True,0.43196536620703385,0.43196536620703385
future_own_b384,3whitemen,408,4,2,4,True,False,True,0.4503449108922912,0.0
future_own_b384,3whitemen,410,0,0,2,True,False,True,0.0,0.0
future_own_b384,3whitemen,411,0,0,2,True,False,True,0.0,0.0
future_own_b384,3whitemen,412,0,0,0,False,False,True,0.0,0.0
future_own_b384,3whitemen,413,0,0,2,True,False,True,0.0,0.0
future_own_b384,3whitemen,416,0,0,2,True,False,True,0.0,0.0
future_own_b384,3whitemen,417,0,0,2,True,False,True,0.0,0.0
future_own_b384,3whitemen,418,0,0,2,True,False,True,0.0,0.0
future_own_b384,3whitemen,419,0,0,4,True,False,True,0.0,0.0
future_own_b384,3whitemen,420,4,0,4,True,False,True,0.0,0.0
future_own_b384,3whitemen,422,4,0,4,True,False,True,0.0,0.0
future_own_b384,3whitemen,425,0,0,2,True,False,True,0.0,0.0
future_own_b384,3whitemen,427,0,0,2,True,False,True,0.0,0.0
future_own_b384,3whitemen,428,0,0,2,True,False,True,0.0,0.0
future_own_b384,3whitemen,429,4,0,4,True,False,True,0.0,0.0
future_own_b384,3whitemen,432,0,0,2,True,False,True,0.0,0.0
future_own_b384,3whitemen,434,0,0,2,True,False,True,0.0,0.0
future_own_b384,3whitemen,441,0,0,2,True,False,True,0.0,0.0
future_own_b384,3whitemen,442,0,2,1,True,False,True,0.0,0.0
future_own_b384,3whitemen,443,0,0,4,True,False,True,0.0,0.0
future_own_b384,3whitemen,444,0,0,4,True,False,True,0.0,0.0
future_own_b384,3whitemen,446,0,0,1,True,False,True,0.0,0.0
future_own_b384,3whitemen,447,0,0,1,True,False,True,0.0,0.0
future_own_b384,3whitemen,448,0,0,2,True,False,True,0.0,0.0
future_own_b384,4one,86,0,0,2,True,False,True,0.8905951583774626,0.8905951583774626
future_own_b384,4one,88,0,0,2,True,False,True,0.9180435042125998,0.9180435042125998
future_own_b384,4one,90,0,0,2,True,False,True,0.8597243508614228,0.8597243508614228
future_own_b384,4one,93,0,0,2,True,False,True,0.8909598296266162,0.8909598296266162
future_own_b384,4one,94,0,0,2,True,False,True,0.8270576704836221,0.8270576704836221
future_own_b384,4one,95,0,0,2,True,False,True,0.7834176944928264,0.7834176944928264
future_own_b384,4one,162,0,0,2,True,False,True,0.8163219842577922,0.8163219842577922
future_own_b384,4one,163,0,0,2,True,False,True,0.8166231755623286,0.8166231755623286
future_own_b384,4one,164,0,0,2,True,False,True,0.7759080278457962,0.7759080278457962
future_own_b384,4one,165,0,0,2,True,False,True,0.8144658419820408,0.8144658419820408
future_own_b384,4one,166,0,0,2,True,False,True,0.8500602069931682,0.8500602069931682
future_own_b384,4one,172,0,0,2,True,False,True,0.8548822545667094,0.8548822545667094
future_own_b384,4one,173,0,0,2,True,False,True,0.8502469950924443,0.8502469950924443
future_own_b384,4one,176,0,0,2,True,False,True,0.8609340866865214,0.8609340866865214
future_own_b384,4one,178,0,0,2,True,False,True,0.7108258952928035,0.7108258952928035
future_own_b384,4one,179,0,0,2,True,False,True,0.7006735070777517,0.7006735070777517
future_own_b384,4one,180,0,0,2,True,False,True,0.7515242830160976,0.7515242830160976
future_own_b384,4one,181,0,0,2,True,False,True,0.7378803299006328,0.7378803299006328
future_own_b384,4one,182,0,0,2,True,False,True,0.8304892588973967,0.8304892588973967
future_own_b384,4one,183,0,0,4,True,False,True,0.8531571516255262,0.8531571516255262
future_own_b384,4one,189,0,0,2,True,False,True,0.914006516859105,0.914006516859105
future_own_b384,4one,190,0,0,2,True,False,True,0.9184319276484058,0.9184319276484058
future_own_b384,4one,191,0,0,2,True,False,True,0.9065269351209602,0.9065269351209602
future_own_b384,4two,13,0,0,2,True,False,True,0.8501912842362229,0.8501912842362229
future_own_b384,4two,16,0,0,2,True,False,True,0.7549968344290637,0.7549968344290637
future_own_b384,4two,17,0,0,2,True,False,True,0.7954343484690064,0.7954343484690064
future_own_b384,4two,18,0,0,2,True,False,True,0.7647224195760669,0.7647224195760669
future_own_b384,4two,19,0,0,2,True,False,True,0.8415635357271023,0.8415635357271023
future_own_b384,9whitegirl,88,0,0,0,False,False,True,0.0,0.8434266403636081
future_own_b384,9whitegirl,96,0,0,2,True,False,True,0.5820291615255007,0.5820291615255007
future_own_b384,Aboydownbike,313,0,1,2,True,False,True,0.450040300725893,0.0
future_own_b384,Aboydownbike,317,0,0,2,True,False,True,0.0,0.0
future_own_b384,Aboydownbike,320,0,0,2,True,False,True,0.0,0.0
future_own_b384,Aboydownbike,347,0,0,0,False,False,True,0.0,0.6740351225742328
future_own_b384,Aboydownbike,351,0,0,2,True,False,True,0.7964395491889489,0.7964395491889489
future_own_b384,Aboydownbike,410,0,0,2,True,False,True,0.25467798895581645,0.25467798895581645
future_own_b384,Aboydownbike,411,0,0,2,True,False,True,0.06507709972556636,0.06507709972556636
future_own_b384,Aboydownbike,412,0,0,2,True,False,True,0.6018454575348757,0.6018454575348757
future_own_b384,Aboydownbike,414,0,0,4,True,False,True,0.7034068808331786,0.7034068808331786
future_own_b384,Aboydownbike,415,0,0,2,True,False,True,0.645795685369575,0.645795685369575
future_own_b384,Aboydownbike,416,2,0,2,True,False,True,0.1172098225078428,0.05925072974656131
future_own_b384,Aboydownbike,417,0,0,2,True,False,True,0.06654303876671622,0.06654303876671622
future_own_b384,Aboydownbike,418,0,0,4,True,False,True,0.056112695954125644,0.056112695954125644
future_own_b384,Aboydownbike,419,4,0,4,True,False,True,0.0467527886715051,0.0449855444924564
future_own_b384,Aboydownbike,420,4,3,4,True,False,True,0.04359937406334158,0.017259289430409722
future_own_b384,Aboydownbike,421,2,2,2,True,False,True,0.03611526877852243,0.059097000446921
future_own_b384,Aboydownbike,423,2,2,2,True,False,True,0.02470480480845527,0.06320756075855563
future_own_b384,Aboydownbike,425,2,3,2,True,False,True,0.014885997012538921,0.06780749342518017
future_own_b384,Aboydownbike,427,2,2,2,True,False,True,0.010570984964830511,0.06142652440260902
future_own_b384,Aboydownbike,430,0,0,2,True,False,True,0.006990765681553635,0.006990765681553635
future_own_b384,Aboydownbike,431,2,2,2,True,False,True,0.009851521097155728,0.05881246968319192
future_own_b384,Aboydownbike,433,0,1,2,True,False,True,0.006343802468193482,0.006343802468193482
future_own_b384,Aboydownbike,441,0,0,2,True,False,True,0.8726200503088429,0.8726200503088429
future_own_b384,Aboydownbike,510,0,0,2,True,False,True,0.9500545991829586,0.9500545991829586
future_own_b384,Aboydownbike,529,0,0,0,False,False,True,0.8583861577299208,0.0
future_own_b384,Aboydownbike,532,0,1,0,False,False,True,0.0,0.7325926066720557
future_own_b384,Aboydownbike,541,0,0,0,False,False,True,0.8658599503619019,0.0
future_own_b384,Aboydownbike,545,0,1,0,False,False,True,0.0,0.8829686652388248
future_own_b384,Aboydownbike,567,0,0,0,False,False,True,0.8029576917298479,0.0
future_own_b384,Aboydownbike,620,0,3,4,True,False,True,0.0,0.7201099953163801
future_own_b384,Aboydownbike,621,0,0,1,True,False,True,0.684795267362631,0.684795267362631
future_own_b384,Aboydownbike,624,0,0,4,True,False,True,0.6411484767458466,0.6411484767458466
future_own_b384,Aboydownbike,626,0,0,2,True,False,True,0.7298186683072613,0.7298186683072613
future_own_b384,Aboydownbike,627,0,0,4,True,False,True,0.7197082756220222,0.7197082756220222
future_own_b384,Aboydownbike,628,4,0,4,True,False,True,0.6656115323614558,0.6245021639852
future_own_b384,Aboydownbike,629,0,0,2,True,False,True,0.557878900641398,0.557878900641398
future_own_b384,Aboydownbike,633,0,0,2,True,False,True,0.6893265631366657,0.6893265631366657
future_own_b384,Aboydownbike,635,2,4,2,True,False,True,0.594888628408235,0.3012227268419915
future_own_b384,Aboydownbike,637,0,0,2,True,False,True,0.7581061890242318,0.7581061890242318
future_own_b384,Aboydownbike,640,0,0,0,False,False,True,0.7326807173568011,0.0
future_own_b384,Aboydownbike,708,6,3,6,True,False,True,0.0,0.021708496878872375
future_own_b384,Aboydownbike,710,6,1,6,True,False,True,0.13170258275373664,0.0320132834712677
future_own_b384,Aboydownbike,711,6,2,6,True,False,True,0.07428133421365027,0.0
future_own_b384,Aboydownbike,712,0,1,6,True,False,True,0.0,0.02042292525728992
future_own_b384,Aboydownbike,714,0,0,2,True,False,True,0.12320281911400802,0.12320281911400802
future_own_b384,Aboydownbike,715,0,0,4,True,False,True,0.33107146862154013,0.33107146862154013
future_own_b384,Aboydownbike,717,0,0,4,True,False,True,0.12709703889208837,0.12709703889208837
future_own_b384,Aboydownbike,718,4,1,4,True,False,True,0.1374749685484637,0.48331539838673143
future_own_b384,ab_bolster,84,0,0,1,True,False,True,0.2387872025488072,0.2387872025488072
future_own_b384,ab_bolster,86,0,1,2,True,False,True,0.12280343732619213,0.24728703719954287
future_own_b384,ab_bolster,87,0,0,1,True,False,True,0.7859489085967529,0.7859489085967529
future_own_b384,ab_bolster,88,0,0,2,True,False,True,0.5562983999541156,0.5562983999541156
future_own_b384,ab_bolster,124,0,0,1,True,False,True,0.7796734577518974,0.7796734577518974
future_own_b384,ab_bolster,133,0,0,2,True,False,True,0.3888110190165334,0.3888110190165334
future_own_b384,ab_bolster,134,2,0,2,True,False,True,0.3430061971161956,0.16953251820847473
future_own_b384,ab_bolster,135,0,0,2,True,False,True,0.20476797041020336,0.20476797041020336
future_own_b384,ab_bolster,196,0,0,6,True,False,True,0.2996247020101431,0.2996247020101431
future_own_b384,ab_bolster,197,0,0,2,True,False,True,0.2507838891304975,0.2507838891304975
future_own_b384,ab_bolster,198,0,0,4,True,False,True,0.8409597848037756,0.8409597848037756
future_own_b384,ab_bolster,202,0,0,6,True,False,True,0.46363515160709556,0.46363515160709556
future_own_b384,ab_bolster,203,2,0,2,True,False,True,0.48828235601510994,0.7815753598008437
future_own_b384,ab_bolster,246,0,0,2,True,False,True,0.4015020599095314,0.4015020599095314
future_own_b384,ab_bolster,273,0,0,2,True,False,True,0.6474426106852323,0.6474426106852323
future_own_b384,ab_bolster,278,0,0,4,True,False,True,0.6383302957619259,0.6383302957619259
future_own_b384,ab_bolster,283,0,0,2,True,False,True,0.7885901989756204,0.7885901989756204
future_own_b384,ab_bolster,284,0,0,4,True,False,True,0.751262124416263,0.751262124416263
future_own_b384,ab_bolster,285,0,0,6,True,False,True,0.6977713849443953,0.6977713849443953
future_own_b384,ab_bolster,288,0,0,1,True,False,True,0.561278347554187,0.561278347554187
future_own_b384,ab_bolster,289,0,0,2,True,False,True,0.44620061596100763,0.44620061596100763
future_own_b384,ab_bolster,290,0,0,2,True,False,True,0.22636125220820272,0.22636125220820272
future_own_b384,ab_bolster,291,0,0,2,True,False,True,0.46510844586522476,0.46510844586522476
future_own_b384,ab_bolster,307,0,0,2,True,False,True,0.7951513038694444,0.7951513038694444
future_own_b384,ab_bolster,310,0,0,2,True,False,True,0.6173802795980142,0.6173802795980142
future_own_b384,ab_bolster,315,0,0,2,True,False,True,0.6856070584133799,0.6856070584133799
future_own_b384,ab_bolster,318,0,0,2,True,False,True,0.6916311186251962,0.6916311186251962
future_own_b384,ab_bolster,332,0,0,2,True,False,True,0.44127025523949487,0.44127025523949487
future_own_b384,ab_bolster,333,0,0,2,True,False,True,0.5365807983842795,0.5365807983842795
future_own_b384,ab_bolster,338,0,0,2,True,False,True,0.5368943866323265,0.5368943866323265
future_own_b384,ab_bolster,340,0,0,2,True,False,True,0.686833649205435,0.686833649205435
future_own_b384,ab_bolster,391,0,0,6,True,False,True,0.7260794168069699,0.7260794168069699
future_own_b384,ab_bolster,593,2,0,2,True,False,True,0.535286791041216,0.6972824810258633
future_own_b384,ab_bolster,629,0,0,2,True,False,True,0.697217411730813,0.697217411730813
future_own_b384,ab_bolster,630,0,0,2,True,False,True,0.3914290865294923,0.3914290865294923
future_own_b384,ab_bolster,638,0,0,2,True,False,True,0.2330896242504587,0.2330896242504587
future_own_b384,ab_bolster,639,0,0,6,True,False,True,0.16138436815172433,0.16138436815172433
future_own_b384,ab_bolster,640,0,0,2,True,False,True,0.07817505349085026,0.07817505349085026
future_own_b384,ab_bolster,641,0,0,2,True,False,True,0.40007551008753667,0.40007551008753667
future_own_b384,ab_bolster,709,0,0,6,True,False,True,0.7683805188567085,0.7683805188567085
future_own_b384,ab_bolster,710,6,0,6,True,False,True,0.7892198741361812,0.7772123925741479
future_own_b384,ab_bolster,716,0,0,6,True,False,True,0.7188447285158563,0.7188447285158563
future_own_b384,ab_bolster,723,0,0,2,True,False,True,0.6056633937619775,0.6056633937619775
future_own_b384,ab_bolster,728,0,0,2,True,False,True,0.5337478074918065,0.5337478074918065
future_own_b384,ab_bolster,852,0,0,2,True,False,True,0.615446680509113,0.615446680509113
future_own_b384,ab_bolster,853,0,0,2,True,False,True,0.7561051779740277,0.7561051779740277
future_own_b384,ab_bolster,856,0,0,2,True,False,True,0.6416131541248756,0.6416131541248756
future_own_b384,ab_bolster,869,0,0,2,True,False,True,0.6808841685148174,0.6808841685148174
future_own_b384,ab_bolster,922,0,0,2,True,False,True,0.13164516552452102,0.13164516552452102
future_own_b384,ab_bolster,923,0,1,2,True,False,True,0.14909827043665633,0.2559065978751246
future_own_b384,ab_bolster,952,2,0,2,True,False,True,0.08451993402366238,0.16856153948493063
future_own_b384,ab_bolster,954,0,0,1,True,False,True,0.4352276839098143,0.4352276839098143
future_own_b384,ab_bolster,955,0,0,2,True,False,True,0.6540169218218661,0.6540169218218661
future_own_b384,ab_bolster,983,0,0,2,True,False,True,0.6469783952474664,0.6469783952474664
future_own_b384,ab_bolster,1007,0,0,2,True,False,True,0.7858940532043734,0.7858940532043734
future_own_b384,ab_bolster,1023,0,0,2,True,False,True,0.6672751747818512,0.6672751747818512
future_own_b384,ab_bolster,1027,0,0,2,True,False,True,0.6901445709140261,0.6901445709140261
future_own_b384,ab_bolster,1047,0,0,4,True,False,True,0.4755411954332657,0.4755411954332657
future_own_b384,ab_bolster,1048,0,0,4,True,False,True,0.4288618517867956,0.4288618517867956
future_own_b384,ab_bolster,1258,0,0,1,True,False,True,0.031986857629298995,0.031986857629298995
future_own_b384,ab_bolster,1260,0,0,1,True,False,True,0.08160528346691943,0.08160528346691943
future_own_b384,ab_bolster,1261,6,0,6,True,False,True,0.04437681874664078,0.4924938229581144
future_own_b384,ab_bolster,1262,0,0,4,True,False,True,0.13661482677207537,0.13661482677207537
future_own_b384,ab_bolster,1274,0,0,6,True,False,True,0.41008957603853585,0.41008957603853585
future_own_b384,ab_bolster,1283,0,0,4,True,False,True,0.678431543864428,0.678431543864428
future_own_b384,ab_bolster,1301,0,0,2,True,False,True,0.8168394300636134,0.8168394300636134
future_own_b384,ab_bolster,1316,2,4,2,True,False,True,0.0,0.03851241256713942
future_own_b384,ab_bolster,1319,0,0,2,True,False,True,0.9155098294028532,0.9155098294028532
future_own_b384,ab_bolster,1482,0,0,2,True,False,True,0.6186332743441884,0.6186332743441884
future_own_b384,ab_bolster,1500,0,0,2,True,False,True,0.6780380429930151,0.6780380429930151
future_own_b384,ab_bolster,1543,0,0,6,True,False,True,0.7935784232833094,0.7935784232833094
future_own_b384,ab_bolster,1544,6,2,6,True,False,True,0.8158928169726742,0.0
future_own_b384,ab_bolster,1546,2,0,2,True,False,True,0.0,0.0
future_own_b384,ab_bolster,1583,0,0,2,True,False,True,0.3581096094704612,0.3581096094704612
future_own_b384,ab_bolster,1626,0,0,2,True,False,True,0.7465875085436313,0.7465875085436313
future_own_b384,ab_bolster,1657,0,0,6,True,False,True,0.7539194522528091,0.7539194522528091
future_own_b384,ab_bolster,1663,0,0,2,True,False,True,0.5550262924760918,0.5550262924760918
future_own_b384,ab_bolster,1664,0,0,2,True,False,True,0.7349401575047396,0.7349401575047396
future_own_b384,ab_bolster,1740,0,0,0,False,True,True,0.9342892726495924,0.9342892726495924
future_own_b384,ab_bolster,1854,2,1,2,True,False,True,0.0,0.632987467954293
future_own_b384,ab_bolster,1906,0,0,2,True,False,True,0.6100543191125798,0.6100543191125798
future_own_b384,ab_bolster,1925,0,0,1,True,False,True,0.3826420770175623,0.3826420770175623
future_own_b384,ab_bolster,1963,0,0,2,True,False,True,0.7408532532049373,0.7408532532049373
future_own_b384,ab_bolster,2000,0,0,1,True,False,True,0.27670369274972895,0.27670369274972895
future_own_b384,ab_bolster,2018,0,0,2,True,False,True,0.84694218656479,0.84694218656479
future_own_b384,ab_bolster,2019,0,0,2,True,False,True,0.8316204570255469,0.8316204570255469
future_own_b384,ab_bolster,2099,0,0,2,True,False,True,0.7250402335112991,0.7250402335112991
future_own_b384,ab_bolster,2113,0,0,2,True,False,True,0.7839330681406415,0.7839330681406415
future_own_b384,ab_bolster,2116,0,0,2,True,False,True,0.7327260929641372,0.7327260929641372
future_own_b384,ab_bolster,2136,0,0,2,True,False,True,0.7457283138288489,0.7457283138288489
future_own_b384,ab_bolster,2173,0,0,2,True,False,True,0.7873341971880045,0.7873341971880045
future_own_b384,ab_bolster,2174,0,0,2,True,False,True,0.15796920183272573,0.15796920183272573
future_own_b384,ab_bolster,2175,0,0,4,True,False,True,0.36856709369399143,0.36856709369399143
future_own_b384,ab_bolster,2233,0,0,6,True,False,True,0.2331616917081336,0.2331616917081336
future_own_b384,ab_bolster,2238,0,0,2,True,False,True,0.9073676275417354,0.9073676275417354
future_own_b384,ab_bolster,2239,0,0,4,True,False,True,0.7747716591556391,0.7747716591556391
future_own_b384,ab_bolster,2255,0,0,2,True,False,True,0.03205929199845683,0.03205929199845683
future_own_b384,ab_bolster,2256,0,0,4,True,False,True,0.0,0.0
future_own_b384,ab_bolster,2257,0,0,4,True,False,True,0.0,0.0
future_own_b384,ab_bolster,2258,0,0,2,True,False,True,0.0,0.0
future_own_b384,ab_bolster,2259,0,0,2,True,False,True,0.0,0.0
future_own_b384,ab_bolster,2260,0,0,2,True,False,True,0.0,0.0
future_own_b384,ab_bolster,2261,0,0,2,True,False,True,0.0,0.0
future_own_b384,ab_bolster,2262,0,0,4,True,False,True,0.0,0.0
future_own_b384,ab_bolster,2263,0,0,2,True,False,True,0.0,0.0
future_own_b384,ab_bolster,2264,0,2,0,False,False,True,0.0,0.0
future_own_b384,ab_bolster,2275,0,0,2,True,False,True,0.720190854947701,0.720190854947701
future_own_b384,ab_bolster,2276,0,0,2,True,False,True,0.6786458603448356,0.6786458603448356
future_own_b384,ab_bolster,2288,0,0,2,True,False,True,0.8645813679931111,0.8645813679931111
future_own_b384,ab_bolster,2290,0,0,6,True,False,True,0.8116366787412184,0.8116366787412184
future_own_b384,ab_bolster,2291,0,0,2,True,False,True,0.4145947211207908,0.4145947211207908
future_own_b384,ab_bolster,2292,0,0,2,True,False,True,0.5915907931564552,0.5915907931564552
future_own_b384,ab_bolster,2323,0,0,6,True,False,True,0.7059194931846005,0.7059194931846005
future_own_b384,ab_bolster,2359,0,0,2,True,False,True,0.8730217870214609,0.8730217870214609
future_own_b384,ab_bolster,2365,0,0,1,True,False,True,0.5189520164316928,0.5189520164316928
future_own_b384,ab_bolster,2366,0,1,0,False,False,True,0.28132349457641626,0.0
future_own_b384,ab_bolster,2367,0,1,0,False,False,True,0.0,0.44139663056975553
future_own_b384,ab_bolster,2371,0,0,2,True,False,True,0.749550776321828,0.749550776321828
future_own_b384,ab_bolster,2384,0,0,2,True,False,True,0.6291856253488577,0.6291856253488577
future_own_b384,ab_bolster,2400,0,0,2,True,False,True,0.7186084540637322,0.7186084540637322
future_own_b384,ab_bolster,2451,0,0,2,True,False,True,0.5380471159365544,0.5380471159365544
future_own_b384,ab_bolster,2458,0,0,2,True,False,True,0.8993521720727893,0.8993521720727893
future_own_b384,ab_bolster,2472,0,0,2,True,False,True,0.4758666857798984,0.4758666857798984
future_own_b384,ab_bolster,2473,0,2,4,True,False,True,0.6184839227646485,0.0
future_own_b384,ab_bolster,2474,0,0,4,True,False,True,0.0,0.0
future_own_b384,ab_bolster,2475,0,0,2,True,False,True,0.0,0.0
future_own_b384,ab_bolster,2476,0,0,4,True,False,True,0.0,0.0
future_own_b384,ab_bolster,2477,0,0,4,True,False,True,0.0,0.0
future_own_b384,ab_bolster,2478,0,0,2,True,False,True,0.6922171645865619,0.6922171645865619
future_own_b384,ab_bolster,2480,0,0,4,True,False,True,0.8877817834230931,0.8877817834230931
future_own_b384,ab_bolster,2481,0,0,2,True,False,True,0.8150982236259657,0.8150982236259657
future_own_b384,ab_bolster,2482,0,0,2,True,False,True,0.8399524726568617,0.8399524726568617
future_own_b384,ab_bolster,2487,0,0,2,True,False,True,0.572945519006036,0.572945519006036
future_own_b384,ab_bolster,2489,0,0,6,True,False,True,0.380870589430021,0.380870589430021
future_own_b384,ab_bolster,2490,6,0,6,True,False,True,0.22605585135015108,0.42109486710776683
future_own_b384,ab_bolster,2500,2,2,2,True,False,True,0.6579224999007458,0.30651121275087573
future_own_b384,ab_bolster,2501,2,1,2,True,False,True,0.4573471669061234,0.0
future_own_b384,ab_bolster,2502,0,0,6,True,False,True,0.4180993705406436,0.4180993705406436
future_own_b384,ab_bolster,2503,0,0,1,True,False,True,0.5163067686149433,0.5163067686149433
future_own_b384,ab_bolster,2507,0,0,2,True,False,True,0.7281222432133535,0.7281222432133535
future_own_b384,ab_bolster,2508,0,1,2,True,False,True,0.5895212102636095,0.0
future_own_b384,ab_bolster,2509,0,0,5,True,False,True,0.005108392104645347,0.005108392104645347
future_own_b384,ab_bolster,2510,0,0,2,True,False,True,0.1922833645712458,0.1922833645712458
future_own_b384,ab_bolster,2515,0,0,2,True,False,True,0.45520666484700967,0.45520666484700967
future_own_b384,ab_bolster,2516,6,0,6,True,False,True,0.3506219991590626,0.40834497454340285
future_own_b384,ab_bolster,2517,4,2,4,True,False,True,0.41315069888703404,0.0
future_own_b384,ab_bolster,2518,6,2,6,True,False,True,0.0,0.0
future_own_b384,ab_bolster,2520,0,0,6,True,False,True,0.0,0.0
future_own_b384,ab_bolster,2521,6,2,6,True,False,True,0.0,0.21080753439351044
future_own_b384,ab_bolster,2526,0,0,2,True,False,True,0.5272188250929449,0.5272188250929449
future_own_b384,ab_bolster,2527,0,0,2,True,False,True,0.4774398836019559,0.4774398836019559
future_own_b384,ab_bolster,2528,0,1,2,True,False,True,0.7399438312868326,0.7399438312868326
future_own_b384,ab_bolster,2529,0,0,1,True,False,True,0.5378818506082866,0.5378818506082866
future_own_b384,ab_bolster,2530,0,1,2,True,False,True,0.372830129475711,0.024889952642247512
future_own_b384,ab_bolster,2531,0,0,2,True,False,True,0.0,0.0
future_own_b384,ab_bolster,2532,0,0,2,True,False,True,0.0,0.0
future_own_b384,ab_bolster,2533,0,0,5,True,False,True,0.04838127601256283,0.04838127601256283
future_own_b384,ab_bolster,2534,0,0,1,True,False,True,0.0671911758560161,0.0671911758560161
future_own_b384,ab_bolster,2535,0,0,2,True,False,True,0.09368624341866272,0.09368624341866272
future_own_b384,ab_bolster,2536,0,0,2,True,False,True,0.0,0.0
future_own_b384,ab_bolster,2537,0,0,4,True,False,True,0.0,0.0
future_own_b384,ab_bolster,2538,2,0,2,True,False,True,0.0,0.6315666157438439
future_own_b384,ab_bolster,2541,0,0,2,True,False,True,0.12140961136188427,0.12140961136188427
future_own_b384,ab_bolster,2542,0,0,4,True,False,True,0.7188437577643032,0.7188437577643032
future_own_b384,ab_bolster,2549,0,0,2,True,False,True,0.8264703945116768,0.8264703945116768
future_own_b384,ab_bolster,2550,0,0,2,True,False,True,0.8780633024885416,0.8780633024885416
future_own_b384,ab_bolster,2561,0,0,2,True,False,True,0.14856955970609279,0.14856955970609279
future_own_b384,ab_bolster,2565,0,0,2,True,False,True,0.0,0.0
future_own_b384,ab_bolster,2566,0,0,2,True,False,True,0.0,0.0
future_own_b384,ab_bolster,2568,0,1,2,True,False,True,0.010763120973187873,0.6410566738963982
future_own_b384,ab_bolster,2578,0,0,2,True,False,True,0.3944165342615286,0.3944165342615286
future_own_b384,ab_bolster,2579,0,0,2,True,False,True,0.5504187767405543,0.5504187767405543
future_own_b384,ab_bolster,2581,0,0,2,True,False,True,0.1738766058774711,0.1738766058774711
future_own_b384,ab_bolster,2582,0,0,2,True,False,True,0.500832122575101,0.500832122575101
future_own_b384,ab_bolster,2583,0,0,2,True,False,True,0.7378151111075043,0.7378151111075043
future_own_b384,ab_bolster,2593,0,0,2,True,False,True,0.16325803280808673,0.16325803280808673
future_own_b384,ab_bolster,2594,0,0,2,True,False,True,0.16546688568340376,0.16546688568340376
future_own_b384,ab_bolster,2596,0,0,2,True,False,True,0.18500936276450575,0.18500936276450575
future_own_b384,ab_bolster,2597,0,0,2,True,False,True,0.13223958249919038,0.13223958249919038
future_own_b384,ab_bolster,2598,0,0,4,True,False,True,0.5203573416909327,0.5203573416909327
future_own_b384,ab_bolster,2605,0,1,0,False,False,True,0.766289775376837,0.03632214814034095
future_own_b384,ab_bolster,2606,0,1,0,False,False,True,0.1879130894197078,0.7136450753345227
future_own_b384,ab_bolster,2607,0,0,1,True,False,True,0.3824915838023835,0.3824915838023835
future_own_b384,ab_bolster,2609,0,0,2,True,False,True,0.44231162605498087,0.44231162605498087
future_own_b384,ab_bolster,2610,0,0,2,True,False,True,0.3094859377241802,0.3094859377241802
future_own_b384,ab_bolster,2611,0,0,4,True,False,True,0.34903345292481164,0.34903345292481164
future_own_b384,ab_bolster,2612,0,0,2,True,False,True,0.3525768003307947,0.3525768003307947
future_own_b384,ab_bolster,2617,0,0,2,True,False,True,0.6417537348214414,0.6417537348214414
future_own_b384,ab_bolster,2623,0,0,2,True,False,True,0.4987957834652139,0.4987957834652139
future_own_b384,ab_bolster,2628,0,0,2,True,False,True,0.15359064644993187,0.15359064644993187
future_own_b384,ab_bolster,2629,0,0,2,True,False,True,0.13402048595724803,0.13402048595724803
future_own_b384,ab_bolster,2630,0,0,4,True,False,True,0.2019603143680269,0.2019603143680269
future_own_b384,ab_bolster,2631,0,0,2,True,False,True,0.2140027947135289,0.2140027947135289
future_own_b384,ab_bolster,2632,0,0,2,True,False,True,0.259262074277183,0.259262074277183
future_own_b384,ab_bolster,2633,0,0,6,True,False,True,0.24757009285587794,0.24757009285587794
future_own_b384,ab_bolster,2634,0,0,2,True,False,True,0.31567181037510483,0.31567181037510483
future_own_b384,ab_bolster,2635,0,0,6,True,False,True,0.32586920704349565,0.32586920704349565
future_own_b384,ab_bolster,2636,0,0,1,True,False,True,0.3302561401971071,0.3302561401971071
future_own_b384,ab_bolster,2639,0,0,2,True,False,True,0.5732811479788561,0.5732811479788561
future_own_b384,ab_bolster,2719,0,0,2,True,False,True,0.8591568468239754,0.8591568468239754
future_own_b384,ab_bolster,2720,0,0,2,True,False,True,0.8343129615502535,0.8343129615502535
future_own_b384,ab_bolster,2721,0,0,2,True,False,True,0.8370085653313176,0.8370085653313176
future_own_b384,ab_bolster,2763,0,0,2,True,False,True,0.7348723826064716,0.7348723826064716
future_own_b384,ab_bolster,2771,0,0,2,True,False,True,0.5796315758860029,0.5796315758860029
future_own_b384,ab_bolster,2772,0,0,2,True,False,True,0.5490184526192663,0.5490184526192663
future_own_b384,ab_bolster,2780,0,0,2,True,False,True,0.3225253437694365,0.3225253437694365
future_own_b384,ab_bolster,2781,0,0,2,True,False,True,0.23722248120709602,0.23722248120709602
future_own_b384,ab_bolster,2782,0,0,2,True,False,True,0.5789761979607134,0.5789761979607134
future_own_b384,ab_bolster,2792,0,0,4,True,False,True,0.8519807640182236,0.8519807640182236
future_own_b384,ab_bolster,2793,0,0,4,True,False,True,0.6205280355372444,0.6205280355372444
future_own_b384,ab_bolster,2804,0,0,4,True,False,True,0.7391798876132113,0.7391798876132113
future_own_b384,ab_bolster,2806,0,0,2,True,False,True,0.6306993287300079,0.6306993287300079
future_own_b384,ab_bolster,2807,0,0,4,True,False,True,0.4899817647379457,0.4899817647379457
future_own_b384,ab_bolster,2808,0,0,4,True,False,True,0.3784175653052884,0.3784175653052884
future_own_b384,ab_bolster,2810,0,0,2,True,False,True,0.48695493444117943,0.48695493444117943
future_own_b384,ab_bolster,2811,0,0,2,True,False,True,0.570147348504887,0.570147348504887
future_own_b384,ab_bolster,2814,0,0,2,True,False,True,0.4991532291628523,0.4991532291628523
future_own_b384,ab_bolster,2815,0,0,2,True,False,True,0.3503187903217836,0.3503187903217836
future_own_b384,ab_bolster,2816,0,1,4,True,False,True,0.3274745597359731,0.4300386288964966
future_own_b384,ab_bolster,2817,1,0,1,True,False,True,0.5160929683324239,0.5522106993716849
future_own_b384,ab_bolster,2818,0,0,2,True,False,True,0.481391346458132,0.481391346458132
future_own_b384,ab_bolster,2819,0,0,4,True,False,True,0.49702875605492114,0.49702875605492114
future_own_b384,ab_bolster,2820,0,0,4,True,False,True,0.5543930316902084,0.5543930316902084
future_own_b384,ab_bolster,2821,0,0,2,True,False,True,0.5611398309573268,0.5611398309573268
future_own_b384,ab_bolster,2822,0,0,2,True,False,True,0.13837212018791162,0.13837212018791162
future_own_b384,ab_bolster,2823,0,0,2,True,False,True,0.124855768011467,0.124855768011467
future_own_b384,ab_bolster,2824,0,0,4,True,False,True,0.16657478244426133,0.16657478244426133
future_own_b384,ab_bolster,2825,0,0,4,True,False,True,0.30526830483577005,0.30526830483577005
future_own_b384,ab_bolster,2826,0,0,2,True,False,True,0.3482739006287692,0.3482739006287692
future_own_b384,ab_bolster,2827,0,0,2,True,False,True,0.23795860906754157,0.23795860906754157
future_own_b384,ab_bolster,2828,0,0,2,True,False,True,0.4401913355784514,0.4401913355784514
future_own_b384,ab_bolster,2829,0,0,2,True,False,True,0.35947880623127215,0.35947880623127215
future_own_b384,ab_bolster,2830,0,0,2,True,False,True,0.3244212156771421,0.3244212156771421
future_own_b384,ab_bolster,2831,2,3,2,True,False,True,0.39282848736326936,0.2407202228742306
future_own_b384,ab_bolster,2833,0,0,2,True,False,True,0.35096709803341986,0.35096709803341986
future_own_b384,ab_bolster,2835,0,0,2,True,False,True,0.6198589436742628,0.6198589436742628
future_own_b384,ab_bolster,2836,0,0,6,True,False,True,0.6585493759625803,0.6585493759625803
future_own_b384,ab_bolster,2837,0,0,2,True,False,True,0.6645271348981878,0.6645271348981878
future_own_b384,ab_bolster,2839,0,0,2,True,False,True,0.723401953601104,0.723401953601104
future_own_b384,ab_bolster,2844,0,0,4,True,False,True,0.704647183576853,0.704647183576853
future_own_b384,ab_bolster,2854,0,0,2,True,False,True,0.5309191217175435,0.5309191217175435
future_own_b384,ab_bolster,2855,0,0,4,True,False,True,0.6991653022005986,0.6991653022005986
future_own_b384,ab_bolster,2856,0,0,2,True,False,True,0.6890651391431263,0.6890651391431263
future_own_b384,ab_bolster,2857,0,0,2,True,False,True,0.6766395679096207,0.6766395679096207
future_own_b384,ab_bolster,2861,2,0,2,True,False,True,0.5140497653448409,0.6693533144801295
future_own_b384,ab_bolster,2862,0,0,6,True,False,True,0.2372533093265969,0.2372533093265969
future_own_b384,ab_bolster,2863,0,0,2,True,False,True,0.5050718918041973,0.5050718918041973
future_own_b384,ab_bolster,2864,0,0,6,True,False,True,0.7903610646070901,0.7903610646070901
future_own_b384,ab_bolster,2868,0,0,2,True,False,True,0.18199041665771026,0.18199041665771026
future_own_b384,ab_bolster,2869,0,0,2,True,False,True,0.3413163692938919,0.3413163692938919
future_own_b384,ab_bolster,2870,0,0,1,True,False,True,0.23781962085809755,0.23781962085809755
future_own_b384,ab_bolster,2871,0,0,2,True,False,True,0.6097985095183945,0.6097985095183945
future_own_b384,ab_bolster,2872,0,0,4,True,False,True,0.8225777675740575,0.8225777675740575
future_own_b384,ab_bolster,2873,0,0,4,True,False,True,0.7022242757395651,0.7022242757395651
future_own_b384,ab_bolster,2876,0,0,2,True,False,True,0.4162338933695657,0.4162338933695657
future_own_b384,ab_bolster,2879,0,0,4,True,False,True,0.48044932363440307,0.48044932363440307
future_own_b384,ab_bolster,2880,0,0,4,True,False,True,0.6171294688975312,0.6171294688975312
future_own_b384,ab_bolster,2881,0,0,4,True,False,True,0.4910894668522501,0.4910894668522501
future_own_b384,ab_bolster,2882,0,0,2,True,False,True,0.5159193428974423,0.5159193428974423
future_own_b384,ab_bolster,2883,0,0,2,True,False,True,0.4230295932162746,0.4230295932162746
future_own_b384,ab_bolster,2885,0,0,2,True,False,True,0.023597146049090575,0.023597146049090575
future_own_b384,ab_bolster,2890,0,0,4,True,False,True,0.0,0.0
future_own_b384,ab_bolster,2891,0,0,2,True,False,True,0.0,0.0
future_own_b384,ab_bolster,2892,0,0,2,True,False,True,0.0,0.0
future_own_b384,ab_bolster,2894,4,2,4,True,False,True,0.0,0.1836983508671636
future_own_b384,ab_bolster,2898,0,0,6,True,False,True,0.7608230013486795,0.7608230013486795
future_own_b384,ab_bolster,2899,6,1,6,True,False,True,0.08275145515828174,0.02199405353097665
future_own_b384,ab_bolster,2906,0,0,4,True,False,True,0.310535529425568,0.310535529425568
future_own_b384,ab_bolster,2908,5,0,5,True,False,True,0.7692778966059123,0.7187822517869914
future_own_b384,ab_bolster,2909,0,1,6,True,False,True,0.26384981428499976,0.0
future_own_b384,ab_bolster,2910,0,1,0,False,False,True,0.0,0.7179965974811808
future_own_b384,ab_bolster,2918,0,0,4,True,False,True,0.6075914372561545,0.6075914372561545
future_own_b384,ab_bolster,2919,6,4,6,True,False,True,0.6106366979769453,0.6457170469375407
future_own_b384,ab_bolster,2920,0,1,0,False,False,True,0.6880832369068016,0.0
future_own_b384,ab_bolster,2921,0,1,0,False,False,True,0.0,0.0
future_own_b384,ab_bolster,2923,0,0,2,True,False,True,0.0,0.0
future_own_b384,ab_bolster,2926,0,0,2,True,False,True,0.0,0.0
future_own_b384,ab_bolster,2927,0,0,2,True,False,True,0.0,0.0
future_own_b384,ab_bolster,2928,4,0,4,True,False,True,0.0,0.0
future_own_b384,ab_bolster,2933,2,0,2,True,False,True,0.0,0.6738153208196297
future_own_b384,ab_bolster,2934,5,2,5,True,False,True,0.8620101003080143,0.7295588584963278
future_own_b384,ab_bolster,2935,5,0,5,True,False,True,0.8445678895025753,0.7760185229207647
future_own_b384,ab_bolster,2939,6,1,6,True,False,True,0.7259419362858087,0.0
future_own_b384,ab_bolster,2940,0,1,0,False,False,True,0.0005261483529290854,0.0
future_own_b384,ab_bolster,2944,2,0,2,True,False,True,0.37414114490831385,0.5584033342198838
future_own_b384,ab_bolster,2964,2,0,2,True,False,True,0.7514929875841367,0.469161171576965
future_own_b384,ab_bolster,2973,0,0,2,True,False,True,0.7094223240607892,0.7094223240607892
future_own_b384,ab_bolster,2979,0,0,4,True,False,True,0.0,0.0
future_own_b384,ab_bolster,2981,0,1,4,True,False,True,0.0,0.4460904204631678
future_own_b384,ab_bolster,2983,0,0,4,True,False,True,0.7164317766297699,0.7164317766297699
future_own_b384,ab_bolster,2984,0,0,2,True,False,True,0.7007879076449088,0.7007879076449088
future_own_b384,ab_bolster,2985,0,0,2,True,False,True,0.7991050736178821,0.7991050736178821
future_own_b384,ab_bolster,2986,0,0,2,True,False,True,0.9063606415894421,0.9063606415894421
future_own_b384,ab_bolster,2990,0,0,2,True,False,True,0.6805674427728525,0.0
future_own_b384,ab_bolster,2992,0,0,4,True,False,True,0.5333129492295187,0.5333129492295187
future_own_b384,ab_bolster,2993,0,0,2,True,False,True,0.393957455655738,0.393957455655738
future_own_b384,ab_bolster,2994,2,0,2,True,False,True,0.3926337391049065,0.6276973300424012
future_own_b384,ab_bolster,3005,0,0,4,True,False,True,0.150924738115469,0.150924738115469
future_own_b384,ab_bolster,3011,0,0,2,True,False,True,0.8130636799692964,0.8130636799692964
future_own_b384,ab_bolster,3012,0,0,2,True,False,True,0.7467286255928373,0.7467286255928373
future_own_b384,ab_bolster,3014,4,1,4,True,False,True,0.7076983460177757,0.0
future_own_b384,ab_bolster,3015,0,1,0,False,False,True,0.0,0.0
future_own_b384,ab_bolster,3016,0,0,5,True,False,True,0.0,0.0
future_own_b384,ab_bolster,3017,0,0,4,True,False,True,0.0,0.0
future_own_b384,ab_bolster,3018,0,0,4,True,False,True,0.04103893730747249,0.04103893730747249
future_own_b384,ab_bolster,3019,0,0,4,True,False,True,0.30834285150494833,0.30834285150494833
future_own_b384,ab_bolster,3021,0,0,2,True,False,True,0.6385951473682538,0.6385951473682538
future_own_b384,ab_bolster,3040,2,4,2,True,False,True,0.0,0.0
future_own_b384,ab_bolster,3041,0,0,6,True,False,True,0.0,0.0
future_own_b384,ab_bolster,3042,0,1,4,True,False,True,0.0,0.40837022164926245
future_own_b384,ab_bolster,3043,0,0,4,True,False,True,0.25736856482357545,0.25736856482357545
future_own_b384,ab_bolster,3044,2,0,2,True,False,True,0.1612627364684257,0.0
future_own_b384,ab_bolster,3045,0,0,2,True,False,True,0.0,0.0
future_own_b384,ab_bolster,3046,0,0,4,True,False,True,0.0,0.0
future_own_b384,ab_bolster,3072,0,0,2,True,False,True,0.6738625967037998,0.6738625967037998
future_own_b384,ab_bolster,3075,0,0,6,True,False,True,0.33866258968842,0.33866258968842
future_own_b384,ab_bolster,3076,6,0,6,True,False,True,0.226326412089984,0.2716240359618661
future_own_b384,ab_bolster,3079,0,0,2,True,False,True,0.2974618956719714,0.2974618956719714
future_own_b384,ab_bolster,3088,0,0,1,True,False,True,0.4257308957332364,0.4257308957332364
future_own_b384,ab_bolster,3089,0,0,2,True,False,True,0.43964469149918267,0.43964469149918267
future_own_b384,ab_bolster,3090,0,0,2,True,False,True,0.14864583090553352,0.14864583090553352
future_own_b384,ab_bolster,3100,0,0,2,True,False,True,0.29021852904849227,0.29021852904849227
future_own_b384,ab_bolster,3101,0,0,2,True,False,True,0.21138993107887927,0.21138993107887927
future_own_b384,ab_bolster,3104,1,0,1,True,False,True,0.6367000213367175,0.6918067761336603
future_own_b384,ab_bolster,3105,0,0,2,True,False,True,0.42554192577113276,0.42554192577113276
future_own_b384,ab_bolster,3106,0,1,2,True,False,True,0.48824024631480006,0.3223285198135865
future_own_b384,ab_bolster,3115,0,0,2,True,False,True,0.2847262255295347,0.2847262255295347
future_own_b384,ab_bolster,3116,2,0,2,True,False,True,0.33858771716650077,0.6054423446727092
future_own_b384,ab_bolster,3120,0,0,2,True,False,True,0.4422492208266642,0.4422492208266642
future_own_b384,ab_bolster,3121,0,0,2,True,False,True,0.2693854510669768,0.2693854510669768
future_own_b384,ab_bolster,3122,0,0,2,True,False,True,0.14133029573170122,0.14133029573170122
future_own_b384,ab_bolster,3123,0,0,4,True,False,True,0.09875437785978333,0.09875437785978333
future_own_b384,ab_bolster,3124,0,0,2,True,False,True,0.6530016523648894,0.6530016523648894
future_own_b384,ab_bolster,3126,0,0,0,False,False,True,0.607090563112711,0.11719191942946447
future_own_b384,ab_bolster,3130,0,0,4,True,False,True,0.42756252537077505,0.42756252537077505
future_own_b384,ab_bolster,3131,0,0,4,True,False,True,0.43132710861186696,0.43132710861186696
future_own_b384,ab_bolster,3132,0,0,4,True,False,True,0.2398290135654524,0.2398290135654524
future_own_b384,ab_bolster,3133,0,0,4,True,False,True,0.21214126800835156,0.21214126800835156
future_own_b384,ab_bolster,3134,0,0,4,True,False,True,0.15673444726496524,0.15673444726496524
future_own_b384,ab_bolster,3135,0,0,4,True,False,True,0.13509261593882543,0.13509261593882543
future_own_b384,ab_bolster,3136,0,0,6,True,False,True,0.052567831167079096,0.052567831167079096
future_own_b384,ab_bolster,3137,0,0,4,True,False,True,0.0021130157401535988,0.0021130157401535988
future_own_b384,ab_bolster,3138,0,0,4,True,False,True,0.0,0.0
future_own_b384,ab_bolster,3139,0,0,4,True,False,True,0.021034347807234195,0.021034347807234195
future_own_b384,ab_bolster,3140,0,0,4,True,False,True,0.025892879870049377,0.025892879870049377
future_own_b384,ab_bolster,3141,0,0,4,True,False,True,0.07384126068108146,0.07384126068108146
future_own_b384,ab_bolster,3142,0,0,6,True,False,True,0.06383447833087443,0.06383447833087443
future_own_b384,ab_bolster,3143,0,0,4,True,False,True,0.013167631534327602,0.013167631534327602
future_own_b384,ab_bolster,3144,0,0,4,True,False,True,0.002783383478673028,0.002783383478673028
future_own_b384,ab_bolster,3145,4,2,4,True,False,True,0.10757841581510837,0.4270503773216524
future_own_b384,ab_bolster,3146,2,0,2,True,False,True,0.22893215539587625,0.1482784391519651
future_own_b384,ab_bolster,3147,0,0,6,True,False,True,0.1943605620403009,0.1943605620403009
future_own_b384,ab_bolster,3148,0,0,6,True,False,True,0.09742453739947389,0.09742453739947389
future_own_b384,ab_bolster,3149,0,0,6,True,False,True,0.12943713618140043,0.12943713618140043
future_own_b384,ab_bolster,3150,6,0,6,True,False,True,0.19073006280752075,0.1349043927339462
future_own_b384,ab_bolster,3151,0,0,6,True,False,True,0.24421711164618098,0.24421711164618098
future_own_b384,ab_bolster,3152,6,0,6,True,False,True,0.07731713395505108,0.2548189974454993
future_own_b384,ab_bolster,3153,6,1,6,True,False,True,0.0691833752053112,0.050015160019281024
future_own_b384,ab_bolster,3154,0,0,4,True,False,True,0.0,0.0
future_own_b384,ab_bolster,3155,0,0,4,True,False,True,0.0,0.0
future_own_b384,ab_bolster,3156,0,0,4,True,False,True,0.0,0.0
future_own_b384,ab_bolster,3157,0,0,6,True,False,True,0.0,0.0
future_own_b384,ab_bolster,3158,4,2,4,True,False,True,0.0,0.0
future_own_b384,ab_bolster,3159,4,1,4,True,False,True,0.0,0.4311734302420497
future_own_b384,ab_bolster,3160,0,0,6,True,False,True,0.5068392596166765,0.5068392596166765
future_own_b384,ab_bolster,3161,0,0,2,True,False,True,0.44581273433181423,0.44581273433181423
future_own_b384,ab_bolster,3162,2,0,2,True,False,True,0.730868915318333,0.5088841949376022
future_own_b384,ab_bolster,3167,0,0,4,True,False,True,0.5542259088983664,0.5542259088983664
future_own_b384,ab_bolster,3168,0,0,2,True,False,True,0.5814147011278493,0.5814147011278493
future_own_b384,ab_bolster,3170,0,0,4,True,False,True,0.6899175224406111,0.6899175224406111
future_own_b384,ab_bolster,3174,0,0,2,True,False,True,0.44116077482194543,0.44116077482194543
future_own_b384,ab_bolster,3175,2,0,2,True,False,True,0.43523967051448526,0.8640744061683577
future_own_b384,ab_bolster,3178,0,0,6,True,False,True,0.5114801728143176,0.5114801728143176
future_own_b384,ab_bolster,3187,2,0,2,True,False,True,0.3088655420619125,0.8558229651979736
future_own_b384,ab_bolster,3192,0,0,2,True,False,True,0.5238836769744016,0.5238836769744016
future_own_b384,ab_bolster,3215,0,0,6,True,False,True,0.45557843610981325,0.45557843610981325
future_own_b384,ab_bolster,3216,0,0,6,True,False,True,0.31355769335201594,0.31355769335201594
future_own_b384,ab_bolster,3218,0,0,6,True,False,True,0.3847948689502635,0.3847948689502635
future_own_b384,ab_bolster,3219,0,0,6,True,False,True,0.4961770411329577,0.4961770411329577
future_own_b384,ab_bolster,3220,0,0,6,True,False,True,0.6285668372002408,0.6285668372002408
future_own_b384,ab_bolster,3221,0,0,6,True,False,True,0.5742619860684038,0.5742619860684038
future_own_b384,ab_bolster,3222,6,0,6,True,False,True,0.4107858356035452,0.47582987890564865
future_own_b384,ab_bolster,3223,0,0,6,True,False,True,0.24281203770211185,0.24281203770211185
future_own_b384,ab_bolster,3224,0,0,2,True,False,True,0.24213433641819293,0.24213433641819293
future_own_b384,ab_bolster,3227,6,0,6,True,False,True,0.15818230168908745,0.7960965278869702
future_own_b384,ab_bolster,3233,0,0,4,True,False,True,0.18000363675269224,0.18000363675269224
future_own_b384,ab_bolster,3235,2,1,2,True,False,True,0.21829975530118065,0.36911869439938844
future_own_b384,ab_bolster,3236,2,0,2,True,False,True,0.5943593580172426,0.34927489916279153
future_own_b384,ab_bolster,3237,0,0,6,True,False,True,0.5034163596108128,0.5034163596108128
future_own_b384,ab_bolster,3238,0,0,6,True,False,True,0.5567645621015338,0.5567645621015338
future_own_b384,ab_bolster,3242,0,0,6,True,False,False,,
future_own_b384,ab_bolster,3254,2,0,2,True,False,True,0.4678110928419169,0.5877104846054092
future_own_b384,ab_bolster,3258,0,0,4,True,False,True,0.5325623129259952,0.5325623129259952
future_own_b384,ab_bolster,3259,0,0,4,True,False,True,0.3648342769697975,0.3648342769697975
future_own_b384,ab_bolster,3260,0,1,4,True,False,True,0.41276150452747024,0.06558361848782371
future_own_b384,ab_bolster,3261,6,0,6,True,False,True,0.03749545053709688,0.0023778224189629485
future_own_b384,ab_bolster,3262,0,1,6,True,False,True,0.011245401387477628,0.0
future_own_b384,ab_bolster,3263,0,1,5,True,False,True,0.0,0.0037764048135256346
future_own_b384,ab_bolster,3264,0,0,6,True,False,True,0.0,0.0
future_own_b384,ab_bolster,3265,0,0,4,True,False,True,0.0,0.0
future_own_b384,ab_bolster,3267,0,0,4,True,False,True,0.0,0.0
future_own_b384,ab_bolster,3268,2,1,2,True,False,True,0.0,0.0002564207423551984
future_own_b384,ab_bolster,3271,2,3,2,True,False,True,0.0,0.031065893857310085
future_own_b384,ab_bolster,3272,0,0,6,True,False,True,0.0,0.0
future_own_b384,ab_bolster,3273,6,0,6,True,False,True,0.1794235336630797,0.0
future_own_b384,ab_bolster,3274,0,0,4,True,False,True,0.0,0.0
future_own_b384,ab_bolster,3275,0,0,6,True,False,True,0.11467458174937219,0.11467458174937219
future_own_b384,ab_bolster,3276,0,0,6,True,False,True,0.17564922755108395,0.17564922755108395
future_own_b384,ab_bolster,3277,6,0,6,True,False,True,0.1502405355480118,0.6074877083535122
future_own_b384,ab_bolster,3278,0,0,6,True,False,True,0.5761943276997973,0.5761943276997973
future_own_b384,ab_bolster,3279,0,0,6,True,False,True,0.5959931054454142,0.5959931054454142
future_own_b384,ab_bolster,3280,0,0,6,True,False,True,0.6665581812766943,0.6665581812766943
future_own_b384,ab_bolster,3284,2,0,2,True,False,True,0.3108222966455187,0.7152714037836986
future_own_b384,ab_bolster,3291,2,3,2,True,False,True,0.5679761372813141,0.3893709523563295
future_own_b384,ab_bolster,3292,0,0,6,True,False,True,0.5107025003914137,0.5107025003914137
future_own_b384,ab_bolster,3294,6,0,6,True,False,True,0.8376417145256685,0.8044017826568478
future_own_b384,ab_bolster,3296,0,2,6,True,False,True,0.6906592264519945,0.0
future_own_b384,ab_bolster,3297,5,1,5,True,False,True,0.0,0.0
future_own_b384,ab_bolster,3299,2,0,2,True,False,True,0.0,0.0
future_own_b384,ab_bolster,3300,0,0,6,True,False,True,0.0,0.0
future_own_b384,ab_bolster,3301,0,0,6,True,False,True,0.0,0.0
future_own_b384,ab_bolster,3302,0,1,6,True,False,True,0.0,0.0
future_own_b384,ab_bolster,3304,6,0,6,True,False,True,0.0,0.0
future_own_b384,ab_bolster,3305,0,3,0,False,False,True,0.0,0.0
future_own_b384,ab_bolster,3306,6,3,6,True,False,True,0.0,0.007107716391049205
future_own_b384,ab_bolster,3312,0,0,2,True,False,True,0.6940111934228917,0.6940111934228917
future_own_b384,ab_bolster,3313,2,0,2,True,False,True,0.7092974391052175,0.015381470993079842
future_own_b384,ab_bolster,3314,5,0,5,True,False,True,0.7927024820857367,0.007953985250451967
future_own_b384,ab_bolster,3315,6,0,6,True,False,True,0.0,0.00205465855085497
future_own_b384,ab_bolster,3316,0,1,2,True,False,True,0.0,0.6071075314508051
future_own_b384,ab_bolster,3317,0,0,6,True,False,True,0.5355472583487048,0.5355472583487048
future_own_b384,ab_bolster,3320,2,0,2,True,False,True,0.7061208920461427,0.028921294838532025
future_own_b384,ab_bolster,3322,0,0,6,True,False,True,0.04314855421328647,0.04314855421328647
future_own_b384,ab_bolster,3323,6,0,6,True,False,True,0.703885922204809,0.6968417698179717
future_own_b384,ab_bolster,3331,2,4,2,True,False,True,0.6762714384356547,0.46361959592923113
future_own_b384,ab_bolster,3332,0,0,6,True,False,True,0.4095097187774298,0.4095097187774298
future_own_b384,ab_bolster,3335,0,0,2,True,False,True,0.4014174275894491,0.4014174275894491
future_own_b384,ab_bolster,3336,0,0,2,True,False,True,0.46070140400673554,0.46070140400673554
future_own_b384,ab_bolster,3337,0,0,2,True,False,True,0.4718881248275051,0.4718881248275051
future_own_b384,ab_bolster,3338,0,0,6,True,False,True,0.3715799460661509,0.3715799460661509
future_own_b384,ab_bolster,3341,0,0,2,True,False,True,0.3249074105654668,0.3249074105654668
future_own_b384,ab_bolster,3352,0,0,4,True,False,True,0.5483033993619737,0.5483033993619737
future_own_b384,ab_bolster,3353,0,0,6,True,False,True,0.5151499818517187,0.5151499818517187
future_own_b384,ab_bolster,3357,0,0,2,True,False,True,0.619860307911833,0.619860307911833
future_own_b384,ab_bolster,3359,0,0,2,True,False,True,0.6943828493583115,0.6943828493583115
future_own_b384,ab_bolster,3360,0,0,2,True,False,True,0.5894774825825929,0.5894774825825929
future_own_b384,ab_bolster,3367,0,0,2,True,False,True,0.37724899344952556,0.37724899344952556
future_own_b384,ab_bolster,3369,0,0,2,True,False,True,0.5184037897255735,0.5184037897255735
future_own_b384,ab_bolster,3385,0,0,2,True,False,True,0.5353486773646414,0.5353486773646414
future_own_b384,ab_bolster,3388,0,0,2,True,False,True,0.28250827721023275,0.28250827721023275
future_own_b384,ab_bolster,3389,0,0,2,True,False,True,0.3680220620735286,0.3680220620735286
future_own_b384,ab_bolster,3390,0,0,2,True,False,True,0.3370154219315225,0.3370154219315225
future_own_b384,ab_bolster,3392,0,0,4,True,False,True,0.6428364771049974,0.6428364771049974
future_own_b384,ab_bolster,3393,0,0,4,True,False,True,0.5694657647597167,0.5694657647597167
future_own_b384,ab_bolster,3394,0,0,2,True,False,True,0.6560201438688502,0.6560201438688502
future_own_b384,ab_bolster,3397,0,0,2,True,False,True,0.7689529274179462,0.7689529274179462
future_own_b384,ab_bolster,3398,0,0,2,True,False,True,0.6703607643459145,0.6703607643459145
future_own_b384,ab_bolster,3399,0,0,2,True,False,True,0.5064542365004181,0.5064542365004181
future_own_b384,ab_bolster,3402,2,0,2,True,False,True,0.49640397431934097,0.35440048944044117
future_own_b384,ab_bolster,3405,0,0,2,True,False,True,0.40220146071328183,0.40220146071328183
future_own_b384,ab_bolster,3406,0,0,6,True,False,True,0.3508991304382962,0.3508991304382962
future_own_b384,ab_bolster,3407,0,0,2,True,False,True,0.31820650120876864,0.31820650120876864
future_own_b384,ab_bolster,3408,0,0,2,True,False,True,0.4938983266235487,0.4938983266235487
future_own_b384,ab_bolster,3409,0,0,2,True,False,True,0.4443187001150211,0.4443187001150211
future_own_b384,ab_bolster,3412,2,0,2,True,False,True,0.44955321369740325,0.5103967315014819
future_own_b384,ab_bolster,3413,0,0,2,True,False,True,0.4649778763171338,0.4649778763171338
future_own_b384,ab_bolster,3419,0,0,2,True,False,True,0.2420777288276616,0.2420777288276616
future_own_b384,ab_bolster,3422,0,0,4,True,False,True,0.27083704618330023,0.27083704618330023
future_own_b384,ab_bolster,3423,0,0,2,True,False,True,0.18616775859722795,0.18616775859722795
future_own_b384,ab_bolster,3425,0,0,2,True,False,True,0.10627425984783027,0.10627425984783027
future_own_b384,ab_bolster,3426,0,0,4,True,False,True,0.11123593212353773,0.11123593212353773
future_own_b384,ab_bolster,3432,0,0,2,True,False,True,0.04995434886857104,0.5343301091937148
future_own_b384,ab_bolster,3435,0,0,2,True,False,True,0.7959468629319609,0.7959468629319609
future_own_b384,ab_bolster,3440,0,0,2,True,False,True,0.7840967906887638,0.7840967906887638
future_own_b384,ab_bolster,3450,0,0,4,True,False,True,0.44075606457150623,0.44075606457150623
future_own_b384,ab_bolster,3464,0,0,2,True,False,True,0.8525781271689793,0.8525781271689793
future_own_b384,ab_bolster,3473,0,0,2,True,False,True,0.7614611484400565,0.7614611484400565
future_own_b384,ab_bolster,3477,2,1,2,True,False,True,0.613564034416222,0.4611306414019297
future_own_b384,ab_bolster,3480,0,0,2,True,False,True,0.7058141413820418,0.7058141413820418
future_own_b384,ab_bolster,3484,0,0,1,True,False,True,0.46410616230931667,0.46410616230931667
future_own_b384,ab_bolster,3486,0,0,4,True,False,True,0.6495627050880024,0.6495627050880024
future_own_b384,ab_bolster,3493,0,0,2,True,False,True,0.698233162894137,0.698233162894137
future_own_b384,ab_bolster,3496,0,0,2,True,False,True,0.5839002211949248,0.5839002211949248
future_own_b384,ab_bolster,3497,2,0,2,True,False,True,0.7697293982256834,0.7693615438638852
future_own_b384,ab_bolster,3506,0,0,2,True,False,True,0.5303594065545416,0.5303594065545416
future_own_b384,ab_bolster,3508,0,0,2,True,False,True,0.6430153656970812,0.6430153656970812
future_own_b384,ab_bolster,3511,0,0,4,True,False,True,0.807105844431838,0.807105844431838
future_own_b384,ab_bolster,3515,0,0,2,True,False,True,0.691617491675058,0.691617491675058
future_own_b384,ab_bolster,3517,0,0,4,True,False,True,0.7119613493833875,0.7119613493833875
future_own_b384,ab_bolster,3537,0,0,2,True,False,True,0.3107098192316418,0.3107098192316418
future_own_b384,ab_bolster,3540,0,0,2,True,False,True,0.7329182361042283,0.7329182361042283
future_own_b384,ab_bolster,3541,0,0,2,True,False,True,0.5828838029383069,0.5828838029383069
future_own_b384,ab_bolster,3542,0,0,2,True,False,True,0.5391812064634829,0.5391812064634829
future_own_b384,ab_bolster,3549,0,0,4,True,False,True,0.5024317663578868,0.5024317663578868
future_own_b384,ab_bolster,3550,0,0,4,True,False,True,0.5656262111043396,0.5656262111043396
future_own_b384,ab_bolster,3551,0,0,2,True,False,True,0.6018963685802762,0.6018963685802762
future_own_b384,ab_bolster,3553,2,1,2,True,False,True,0.7120004411993959,0.21731818871823735
future_own_b384,ab_bolster,3561,0,0,2,True,False,True,0.7173995718366497,0.7173995718366497
future_own_b384,ab_bolster,3563,0,0,2,True,False,True,0.435286119222609,0.435286119222609
future_own_b384,ab_bolster,3572,0,0,2,True,False,True,0.4830615005605049,0.4830615005605049
future_own_b384,ab_bolster,3573,0,0,2,True,False,True,0.3328496835799735,0.3328496835799735
future_own_b384,ab_bolster,3575,0,1,1,True,False,True,0.5932526686464923,0.5932526686464923
future_own_b384,ab_bolster,3577,0,0,2,True,False,True,0.4549218370722731,0.4549218370722731
future_own_b384,ab_bolster,3578,0,0,4,True,False,True,0.508561111460374,0.508561111460374
future_own_b384,ab_bolster,3597,0,0,2,True,False,True,0.7341800690671293,0.7341800690671293
future_own_b384,ab_bolster,3664,0,0,6,True,False,True,0.7137728419037125,0.7137728419037125
future_own_b384,ab_bolster,3777,0,0,2,True,False,True,0.5059517999207445,0.5059517999207445
future_own_b384,ab_bolster,3778,0,0,2,True,False,True,0.6040364752726947,0.6040364752726947
future_own_b384,ab_bolster,3786,0,0,4,True,False,True,0.34042192688228295,0.34042192688228295
future_own_b384,ab_bolster,3787,0,0,2,True,False,True,0.6738687135435103,0.6738687135435103
future_own_b384,ab_bolster,3789,0,0,4,True,False,True,0.3865355070765459,0.3865355070765459
future_own_b384,ab_bolster,3790,0,0,2,True,False,True,0.553848496963558,0.553848496963558
future_own_b384,ab_bolster,3820,2,0,2,True,False,True,0.5115713792667648,0.5983029379448692
future_own_b384,ab_bolster,3824,0,0,6,True,False,True,0.5432191098258972,0.5432191098258972
future_own_b384,ab_bolster,3839,0,0,2,True,False,True,0.5459067734931864,0.5459067734931864
future_own_b384,ab_bolster,3841,0,0,2,True,False,True,0.30585277325913096,0.30585277325913096
future_own_b384,ab_bolster,3898,0,0,6,True,False,True,0.36761270976399407,0.36761270976399407
future_own_b384,ab_bolster,3905,0,0,2,True,False,True,0.8365483659881189,0.8365483659881189
future_own_b384,ab_bolster,3906,0,0,2,True,False,True,0.7604889634012844,0.7604889634012844
future_own_b384,ab_bolster,3907,0,0,2,True,False,True,0.5691834038014958,0.5691834038014958
future_own_b384,ab_bolster,3914,0,0,2,True,False,True,0.5178377715953826,0.5178377715953826
future_own_b384,ab_bolster,3933,0,0,2,True,False,True,0.32756794388032834,0.32756794388032834
future_own_b384,ab_bolster,3936,0,0,4,True,False,True,0.46725077719440017,0.46725077719440017
future_own_b384,ab_bolster,3938,0,0,2,True,False,True,0.8158950487106752,0.8158950487106752
future_own_b384,ab_bolster,3951,0,0,2,True,False,True,0.7690402856734676,0.7690402856734676
future_own_b384,ab_bolster,3953,0,0,2,True,False,True,0.5184246361457789,0.5184246361457789
future_own_b384,ab_bolster,3960,0,0,2,True,False,True,0.7311297295865371,0.7311297295865371
future_own_b384,ab_bolster,3961,0,0,2,True,False,True,0.8842914799537054,0.8842914799537054
future_own_b384,ab_bolster,3969,0,0,6,True,False,True,0.6888394031952751,0.6888394031952751
future_own_b384,ab_bolster,3970,0,2,6,True,False,True,0.3959156014757652,0.0
future_own_b384,ab_bolster,3971,0,0,4,True,False,True,0.09840580534835838,0.09840580534835838
future_own_b384,ab_bolster,3972,0,0,2,True,False,True,0.40936916333868845,0.40936916333868845
future_own_b384,ab_bolster,3973,0,0,2,True,False,True,0.7292115503338096,0.7292115503338096
future_own_b384,ab_bolster,3974,0,0,2,True,False,True,0.6852872644439578,0.6852872644439578
future_own_b384,ab_bolster,3978,0,0,2,True,False,True,0.6937692016633255,0.6937692016633255
future_own_b384,ab_bolster,3979,0,0,2,True,False,True,0.5244378604245039,0.5244378604245039
future_own_b384,ab_bolster,3980,0,0,2,True,False,True,0.5407095755439798,0.5407095755439798
future_own_b384,ab_bolster,3985,6,0,6,True,False,True,0.38725406148471664,0.4307366838900945
future_own_b384,ab_bolster,3986,4,3,4,True,False,True,0.48597792222642716,0.0
future_own_b384,ab_bolster,3991,0,0,2,True,False,True,0.2590236048759438,0.2590236048759438
future_own_b384,ab_bolster,3993,0,0,2,True,False,True,0.3621217112271376,0.3621217112271376
future_own_b384,ab_bolster,4001,0,0,4,True,False,True,0.7586587398272014,0.7586587398272014
future_own_b384,ab_bolster,4002,0,0,2,True,False,True,0.6956316476255711,0.6956316476255711
future_own_b384,ab_bolster,4003,0,1,6,True,False,True,0.2601659570217287,0.0
future_own_b384,ab_bolster,4005,0,1,0,False,False,True,0.0,0.0
future_own_b384,ab_bolster,4006,0,0,2,True,False,True,0.0,0.0
future_own_b384,ab_bolster,4008,0,0,2,True,False,True,0.0,0.0
future_own_b384,ab_bolster,4019,0,0,2,True,False,True,0.867417044225897,0.867417044225897
future_own_b384,ab_bolster,4020,6,2,6,True,False,True,0.09499523333423356,0.0
future_own_b384,ab_bolster,4021,0,0,5,True,False,True,0.0,0.0
future_own_b384,ab_bolster,4022,0,0,2,True,False,True,0.0,0.0
future_own_b384,ab_bolster,4023,0,0,2,True,False,True,0.0,0.0
future_own_b384,ab_bolster,4024,0,0,2,True,False,True,0.0,0.0
future_own_b384,ab_bolster,4025,0,0,2,True,False,True,0.0,0.0
future_own_b384,ab_bolster,4026,0,0,2,True,False,True,0.0,0.0
future_own_b384,ab_bolster,4027,0,0,2,True,False,True,0.0,0.0
future_own_b384,ab_bolster,4028,0,0,2,True,False,True,0.0,0.0
future_own_b384,ab_bolster,4029,0,2,0,False,False,True,0.0,0.0
future_own_b384,ab_bolster,4030,0,2,5,True,False,True,0.0,0.0
future_own_b384,ab_bolster,4031,2,0,2,True,False,True,0.0,0.08735257066921526
future_own_b384,ab_bolster,4039,0,0,4,True,False,True,0.5711394744363774,0.5711394744363774
future_own_b384,ab_bolster,4040,0,0,4,True,False,True,0.6534575834850902,0.6534575834850902
future_own_b384,ab_bolster,4041,0,0,2,True,False,True,0.6124965588051706,0.6124965588051706
future_own_b384,ab_bolster,4047,0,0,6,True,False,True,0.7000001012596112,0.7000001012596112
future_own_b384,ab_bolster,4048,0,2,1,True,False,True,0.6014337204151095,0.0
future_own_b384,ab_bolster,4051,0,0,2,True,False,True,0.0,0.0
future_own_b384,ab_bolster,4053,0,0,1,True,False,True,0.276771032121435,0.276771032121435
future_own_b384,ab_bolster,4058,0,0,2,True,False,True,0.7212973266016429,0.7212973266016429
future_own_b384,ab_bolster,4061,0,0,2,True,False,True,0.6423782707130075,0.6423782707130075
future_own_b384,ab_bolster,4081,0,0,4,True,False,True,0.6171892188697723,0.6171892188697723
future_own_b384,ab_bolster,4083,0,0,2,True,False,True,0.818943661711278,0.818943661711278
future_own_b384,ab_bolster,4085,0,0,2,True,False,True,0.8181626600858711,0.8181626600858711
future_own_b384,ab_bolster,4086,0,0,6,True,False,True,0.6877324333931196,0.6877324333931196
future_own_b384,ab_bolster,4087,0,0,1,True,False,True,0.7916560971514276,0.7916560971514276
future_own_b384,ab_bolster,4088,0,0,0,False,False,True,0.5841071743658814,0.0
future_own_b384,ab_bolster,4090,0,0,2,True,False,True,0.23496675826791089,0.23496675826791089
future_own_b384,ab_bolster,4100,0,0,2,True,False,True,0.7185449870661449,0.7185449870661449
future_own_b384,ab_bolster,4101,0,0,2,True,False,True,0.6859772996682593,0.6859772996682593
future_own_b384,ab_bolster,4102,0,0,2,True,False,True,0.8057294480432857,0.8057294480432857
future_own_b384,ab_bolster,4104,0,0,6,True,False,True,0.7523611799019024,0.7523611799019024
future_own_b384,ab_bolster,4106,0,0,1,True,False,True,0.7767917642569385,0.7767917642569385
future_own_b384,ab_bolster,4107,0,0,2,True,False,True,0.6228882441457725,0.6228882441457725
future_own_b384,ab_bolster,4109,0,0,1,True,False,True,0.41656201198136134,0.41656201198136134
future_own_b384,ab_bolster,4110,0,0,6,True,False,True,0.8017582971785645,0.8017582971785645
future_own_b384,ab_bolster,4115,0,0,2,True,False,True,0.2981542918350564,0.2981542918350564
future_own_b384,ab_bolster,4116,0,0,4,True,False,True,0.34796278211475123,0.34796278211475123
future_own_b384,ab_bolster,4117,0,0,4,True,False,True,0.7720771574863807,0.7720771574863807
future_own_b384,ab_bolster,4167,0,0,6,True,False,True,0.7850192524842463,0.7850192524842463
future_own_b384,ab_bolster,4170,0,0,4,True,False,True,0.6509085248063077,0.6509085248063077
future_own_b384,ab_bolster,4171,0,0,2,True,False,True,0.7123939519904355,0.7123939519904355
future_own_b384,ab_bolster,4172,0,0,4,True,False,True,0.8147987980952097,0.8147987980952097
future_own_b384,ab_bolster,4177,0,0,2,True,False,True,0.48817963202451575,0.48817963202451575
future_own_b384,ab_bolster,4179,0,0,6,True,False,True,0.5430587495964818,0.5430587495964818
future_own_b384,ab_bolster,4180,0,0,6,True,False,True,0.6277591453521747,0.6277591453521747
future_own_b384,ab_bolster,4182,0,0,6,True,False,True,0.12778604127407311,0.12778604127407311
future_own_b384,ab_bolster,4187,0,0,6,True,False,True,0.3056870589952137,0.3056870589952137
future_own_b384,ab_bolster,4188,0,0,6,True,False,True,0.5239910558734794,0.5239910558734794
future_own_b384,ab_bolster,4190,0,0,6,True,False,True,0.2764895600132451,0.2764895600132451
future_own_b384,ab_bolster,4191,0,1,4,True,False,True,0.15322662340211,0.21877725749915022
future_own_b384,ab_bolster,4193,0,0,4,True,False,True,0.8681852330225615,0.8681852330225615
future_own_b384,ab_bolster,4194,0,0,4,True,False,True,0.8405014683500881,0.8405014683500881
future_own_b384,ab_bolster,4206,0,0,2,True,False,True,0.0,0.0
future_own_b384,ab_bolster,4207,0,0,4,True,False,True,0.0,0.0
future_own_b384,ab_bolster,4208,0,0,4,True,False,True,0.0,0.0
future_own_b384,ab_bolster,4209,0,0,4,True,False,True,0.0,0.0
future_own_b384,ab_bolster,4210,0,1,6,True,False,True,0.0,0.0
future_own_b384,ab_bolster,4211,0,0,1,True,False,True,0.5735878785740338,0.5735878785740338
future_own_b384,ab_bolster,4212,0,0,1,True,False,True,0.5938736629910242,0.5938736629910242
future_own_b384,ab_bolster,4216,2,1,2,True,False,True,0.5104452159916992,0.33606584789790606
future_own_b384,ab_bolster,4217,0,0,6,True,False,True,0.3579484409526195,0.3579484409526195
future_own_b384,ab_bolster,4221,0,0,0,False,False,True,0.19190494337733835,0.0
future_own_b384,ab_bolster,4222,0,0,4,True,False,True,0.0,0.0
future_own_b384,ab_bolster,4223,0,0,2,True,False,True,0.0,0.0
future_own_b384,ab_bolster,4224,0,1,0,False,False,True,0.0,0.0
future_own_b384,ab_bolster,4225,6,2,6,True,False,True,0.0,0.2397354663904115
future_own_b384,ab_bolster,4226,0,0,6,True,False,True,0.4340254107412623,0.4340254107412623
future_own_b384,ab_bolster,4232,0,0,2,True,False,True,0.8769138621613494,0.8769138621613494
future_own_b384,ab_bolster,4233,0,0,2,True,False,True,0.7584458591833393,0.7584458591833393
future_own_b384,ab_bolster,4234,0,0,2,True,False,True,0.6519924708596112,0.6519924708596112
future_own_b384,ab_bolster,4235,0,0,2,True,False,True,0.6444341838376992,0.6444341838376992
future_own_b384,ab_bolster,4248,0,0,6,True,False,True,0.7020437433968875,0.7020437433968875
future_own_b384,ab_bolster,4249,0,0,6,True,False,True,0.6198811123758496,0.6198811123758496
future_own_b384,ab_bolster,4281,0,0,4,True,False,True,0.3049759722429704,0.3049759722429704
future_own_b384,ab_bolster,4284,0,0,2,True,False,True,0.4742359410360814,0.4742359410360814
future_own_b384,ab_bolster,4288,0,0,2,True,False,True,0.0,0.0
future_own_b384,ab_bolster,4294,0,0,2,True,False,True,0.08242141280739466,0.08242141280739466
future_own_b384,ab_bolster,4312,0,0,2,True,False,True,0.7092968790122269,0.7092968790122269
future_own_b384,ab_bolster,4318,0,0,2,True,False,True,0.721000700156174,0.721000700156174
future_own_b384,ab_bolster,4319,0,0,2,True,False,True,0.5036943966933956,0.5036943966933956
future_own_b384,ab_bolster,4320,0,1,2,True,False,True,0.15165270632604513,0.0
future_own_b384,ab_bolster,4343,0,0,4,True,False,True,0.004141423450142566,0.004141423450142566
future_own_b384,ab_bolster,4344,0,0,4,True,False,True,0.0,0.0
future_own_b384,ab_bolster,4345,0,1,4,True,False,True,0.0,0.3547061145140597
future_own_b384,ab_bolster,4376,0,0,2,True,False,True,0.47755210730588904,0.47755210730588904
future_own_b384,ab_bolster,4377,0,0,6,True,False,True,0.44738937094916365,0.44738937094916365
future_own_b384,ab_bolster,4379,0,0,2,True,False,True,0.1324141375872002,0.1324141375872002
future_own_b384,ab_bolster,4402,0,0,2,True,False,True,0.6399450197037295,0.6399450197037295
future_own_b384,ab_bolster,4404,0,0,2,True,False,True,0.7609121949867175,0.7609121949867175
future_own_b384,ab_bolster,4416,0,0,2,True,False,True,0.8046447649437996,0.8046447649437996
future_own_b384,ab_bolster,4419,0,0,2,True,False,True,0.8099140900827705,0.8099140900827705
future_own_b384,ab_bolster,4420,0,0,2,True,False,True,0.7613497216639472,0.7613497216639472
future_own_b384,ab_bolster,4459,0,0,2,True,False,True,0.8504174739272536,0.8504174739272536
future_own_b384,ab_bolster,4498,0,0,1,True,False,True,0.6886055132174318,0.6886055132174318
future_own_b384,ab_bolster,4512,0,0,2,True,False,True,0.9261389970392707,0.9261389970392707
future_own_b384,ab_bolster,4516,0,0,2,True,False,True,0.7898440127414265,0.7898440127414265
future_own_b384,ab_bolster,4517,0,0,2,True,False,True,0.6875808087498877,0.6875808087498877
future_own_b384,ab_bolster,4549,0,0,2,True,False,True,0.6217578900580789,0.6217578900580789
future_own_b384,ab_bolster,4563,0,0,2,True,False,True,0.2427412673592376,0.2427412673592376
future_own_b384,ab_bolster,4570,0,0,2,True,False,True,0.05050162321403844,0.05050162321403844
future_own_b384,ab_bolster,4571,0,0,4,True,False,True,0.0,0.0
future_own_b384,ab_bolster,4572,2,0,2,True,False,True,0.0,0.08713454931431003
future_own_b384,ab_bolster,4631,0,0,4,True,False,True,0.4216096668228957,0.4216096668228957
future_own_b384,ab_bolster,4635,0,0,2,True,False,True,0.0,0.0
future_own_b384,ab_bolster,4636,0,0,2,True,False,True,0.0,0.0
future_own_b384,ab_bolster,4642,0,0,0,False,False,True,0.033896242497964316,0.819568153235133
future_own_b384,ab_bolster,4651,0,0,2,True,False,True,0.6365099635258029,0.6365099635258029
future_own_b384,ab_bolster,4717,0,0,6,True,False,True,0.7776335705915208,0.7776335705915208
future_own_b384,ab_bolster,4760,0,0,4,True,False,True,0.5197153823647706,0.5197153823647706
future_own_b384,ab_bolster,4763,0,0,1,True,False,True,0.7792179358269153,0.7792179358269153
future_own_b384,ab_bolster,4765,0,0,2,True,False,True,0.8217808941121134,0.8217808941121134
future_own_b384,ab_bolster,4766,0,0,2,True,False,True,0.7616562861647788,0.7616562861647788
future_own_b384,ab_bolster,4792,2,4,2,True,False,True,0.7960974102197997,0.25717272494238025
future_own_b384,ab_bolster,4795,0,1,6,True,False,True,0.6783474645485372,0.0
future_own_b384,ab_bolster,4797,0,0,4,True,False,True,0.0,0.0
future_own_b384,ab_bolster,4799,0,0,4,True,False,True,0.0,0.0
future_own_b384,ab_bolster,4801,0,0,2,True,False,True,0.03272570360676661,0.03272570360676661
future_own_b384,ab_bolster,4802,0,0,0,False,False,True,0.09086129092158464,0.8164965857045628
future_own_b384,ab_bolster,4815,0,0,1,True,False,True,0.44786406437601484,0.44786406437601484
future_own_b384,ab_bolster,4816,0,0,1,True,False,True,0.5655268220436879,0.5655268220436879
future_own_b384,ab_bolster,4818,0,0,2,True,False,True,0.4674202826519779,0.4674202826519779
future_own_b384,ab_bolster,4819,0,0,1,True,False,True,0.3508911726787239,0.3508911726787239
future_own_b384,ab_bolster,4820,0,0,2,True,False,True,0.23193440063233112,0.23193440063233112
future_own_b384,ab_bolster,4821,0,0,2,True,False,True,0.29394977536580075,0.29394977536580075
future_own_b384,ab_bolster,4822,0,0,2,True,False,True,0.2910010085354072,0.2910010085354072
future_own_b384,ab_bolster,4823,0,0,2,True,False,True,0.4680111851094304,0.4680111851094304
future_own_b384,ab_bolster,4824,0,0,6,True,False,True,0.6336241072068243,0.6336241072068243
future_own_b384,ab_bolster,4825,0,0,2,True,False,True,0.6822950391222012,0.6822950391222012
future_own_b384,ab_bolster,4829,0,1,0,False,False,True,0.5556702904884588,0.04443036066487301
future_own_b384,ab_bolster,4835,0,0,2,True,False,True,0.23912304252103414,0.23912304252103414
future_own_b384,ab_bolster,4837,0,0,2,True,False,True,0.6004820744947673,0.6004820744947673
future_own_b384,ab_bolster,4843,0,0,2,True,False,True,0.39255506140855845,0.39255506140855845
future_own_b384,ab_bolster,4844,0,0,2,True,False,True,0.3054122531710184,0.3054122531710184
future_own_b384,ab_bolster,4845,0,0,2,True,False,True,0.578619050199321,0.578619050199321
future_own_b384,ab_bolster,4855,0,0,2,True,False,True,0.6406690858362005,0.6406690858362005
future_own_b384,ab_bolster,4884,0,0,6,True,False,True,0.6446896406497223,0.6446896406497223
future_own_b384,ab_bolster,4888,6,0,6,True,False,True,0.5102108475149867,0.3546852086098471
future_own_b384,ab_bolster,4889,0,0,2,True,False,True,0.4126592603694363,0.4126592603694363
future_own_b384,ab_bolster,4906,0,0,1,True,False,True,0.5932489503149944,0.5932489503149944
future_own_b384,ab_bolster,4908,0,0,2,True,False,True,0.5204862347836535,0.5204862347836535
future_own_b384,ab_bolster,4923,0,0,0,False,False,True,0.6540802173413988,0.17121380875347572
future_own_b384,ab_bolster,4931,0,0,2,True,False,True,0.6291350034404622,0.6291350034404622
future_own_b384,ab_bolster,4932,0,0,2,True,False,True,0.45535091428219954,0.45535091428219954
future_own_b384,ab_bolster,4934,0,0,4,True,False,True,0.5279633941893764,0.5279633941893764
future_own_b384,ab_bolster,4943,0,0,2,True,False,True,0.7030776975690675,0.7030776975690675
future_own_b384,ab_bolster,4948,0,0,2,True,False,True,0.8552676429409771,0.8552676429409771
future_own_b384,ab_bolster,4952,0,0,2,True,False,True,0.845606302697754,0.845606302697754
future_own_b384,ab_bolster,4953,0,0,2,True,False,True,0.8441033057439015,0.8441033057439015
future_own_b384,ab_bolster,4955,0,0,2,True,False,True,0.37572622945561085,0.37572622945561085
future_own_b384,ab_bolster,4956,0,0,2,True,False,True,0.5459984008777191,0.5459984008777191
future_own_b384,ab_bolster,4957,0,0,2,True,False,True,0.3266390133034359,0.3266390133034359
future_own_b384,ab_bolster,4958,0,0,2,True,False,True,0.542172299580561,0.542172299580561
future_own_b384,ab_bolster,4997,0,0,2,True,False,True,0.59746727345084,0.59746727345084
future_own_b384,ab_bolster,5019,0,0,6,True,False,True,0.4834534040924631,0.4834534040924631
future_own_b384,ab_bolster,5020,0,1,0,False,False,True,0.35113561690889433,0.0
future_own_b384,ab_bolster,5021,0,0,4,True,False,True,0.0,0.0
future_own_b384,ab_bolster,5022,0,0,4,True,False,True,0.0,0.0
future_own_b384,ab_bolster,5023,0,1,4,True,False,True,0.0,0.5488545140050198
future_own_b384,ab_bolster,5024,0,0,6,True,False,True,0.4404041322408729,0.4404041322408729
future_own_b384,ab_bolster,5031,0,0,6,True,False,True,0.7880063856109739,0.7880063856109739
future_own_b384,ab_bolster,5086,0,1,6,True,False,True,0.665617524985256,0.04463574593809509
future_own_b384,ab_bolster,5088,0,0,2,True,False,True,0.05304364551562727,0.05304364551562727
future_own_b384,ab_bolster,5116,0,0,6,True,False,True,0.769144658855559,0.769144658855559
future_own_b384,ab_bolster,5143,0,0,4,True,False,True,0.6737704048730898,0.6737704048730898
future_own_b384,ab_bolster,5144,0,0,2,True,False,True,0.4233899134225571,0.4233899134225571
future_own_b384,ab_bolster,5152,0,0,2,True,False,True,0.36925483645364543,0.36925483645364543
future_own_b384,ab_bolster,5153,0,0,2,True,False,True,0.20772305120679965,0.20772305120679965
future_own_b384,ab_bolster,5154,6,0,6,True,False,False,,
future_own_b384,ab_bolster,5156,0,0,2,True,False,False,,
future_own_b384,ab_bolster,5157,6,1,6,True,False,False,,
future_own_b384,ab_bolster,5158,0,0,2,True,False,False,,
future_own_b384,ab_bolster,5159,0,0,2,True,False,False,,
future_own_b384,ab_bolster,5160,0,0,2,True,False,False,,
future_own_b384,ab_bolster,5161,0,0,2,True,False,False,,
future_own_b384,ab_bolster,5162,0,0,2,True,False,False,,
future_own_b384,ab_bolster,5163,0,0,2,True,False,False,,
future_own_b384,ab_bolster,5164,0,0,2,True,False,True,0.0,0.0
future_own_b384,ab_bolster,5165,0,0,0,False,False,True,0.0,0.3133625945320258
future_own_b384,ab_bolster,5166,0,0,6,True,False,True,0.5242739811385208,0.5242739811385208
future_own_b384,ab_bolster,5167,0,0,6,True,False,True,0.7760406202402216,0.7760406202402216
future_own_b384,ab_bolster,5168,0,0,6,True,False,True,0.8132718873435429,0.8132718873435429
future_own_b384,ab_bolster,5171,0,0,6,True,False,True,0.7736317883967132,0.7736317883967132
future_own_b384,ab_bolster,5172,0,0,6,True,False,True,0.8518092521361756,0.8518092521361756
future_own_b384,ab_bolster,5176,6,2,6,True,False,True,0.7202611097824144,0.027007823921931354
future_own_b384,ab_bolster,5178,0,0,2,True,False,True,0.0,0.0
future_own_b384,ab_bolster,5179,0,0,4,True,False,True,0.0,0.0
future_own_b384,ab_bolster,5180,0,0,4,True,False,True,0.0,0.0
future_own_b384,ab_bolster,5181,0,0,4,True,False,True,0.08643716439379712,0.08643716439379712
future_own_b384,ab_bolster,5182,0,0,2,True,False,True,0.06976660651732304,0.06976660651732304
future_own_b384,ab_bolster,5183,0,0,6,True,False,True,0.0,0.0
future_own_b384,ab_bolster,5185,0,0,2,True,False,True,0.005240084104981898,0.005240084104981898
future_own_b384,ab_bolster,5186,0,0,4,True,False,True,0.04532982801401472,0.04532982801401472
future_own_b384,ab_bolster,5188,0,0,4,True,False,True,0.12695926962827103,0.12695926962827103
future_own_b384,ab_bolster,5190,0,0,4,True,False,True,0.25487333905296555,0.25487333905296555
future_own_b384,ab_bolster,5191,0,0,2,True,False,True,0.32197240848154873,0.32197240848154873
future_own_b384,ab_bolster,5192,0,0,4,True,False,True,0.21711014723442587,0.21711014723442587
future_own_b384,ab_bolster,5193,0,0,2,True,False,True,0.19841317166767028,0.19841317166767028
future_own_b384,ab_bolster,5194,0,0,2,True,False,True,0.14878655144025668,0.14878655144025668
future_own_b384,ab_bolster,5195,0,0,4,True,False,True,0.2072395263642586,0.2072395263642586
future_own_b384,ab_bolster,5197,0,0,2,True,False,True,0.03913333194048973,0.03913333194048973
future_own_b384,ab_bolster,5198,0,0,2,True,False,True,0.010617311248331837,0.010617311248331837
future_own_b384,ab_bolster,5199,0,0,4,True,False,True,0.09428126712433378,0.09428126712433378
future_own_b384,ab_bolster,5200,0,0,1,True,False,True,0.1337436270588123,0.1337436270588123
future_own_b384,ab_bolster,5202,0,0,6,True,False,True,0.19001184305434862,0.19001184305434862
future_own_b384,ab_bolster,5204,0,0,2,True,False,True,0.11607859493153798,0.11607859493153798
future_own_b384,ab_bolster,5205,6,0,6,True,False,True,0.19897325522186293,0.2144297755300841
future_own_b384,ab_bolster,5206,6,1,6,True,False,True,0.29888036874568097,0.25913457019510605
future_own_b384,ab_bolster,5207,0,0,6,True,False,True,0.46215952840953056,0.46215952840953056
future_own_b384,ab_bolster,5208,0,0,6,True,False,True,0.7302940850693597,0.7302940850693597
future_own_b384,ab_bolster,5213,0,0,6,True,False,True,0.29710974574257987,0.29710974574257987
future_own_b384,ab_bolster,5214,0,0,6,True,False,True,0.27003711994720925,0.27003711994720925
future_own_b384,ab_bolster,5215,0,0,4,True,False,True,0.26000005027959755,0.26000005027959755
future_own_b384,ab_bolster,5216,0,0,4,True,False,True,0.23789973623046348,0.23789973623046348
future_own_b384,ab_bolster,5217,0,0,2,True,False,True,0.22347520709452506,0.22347520709452506
future_own_b384,ab_bolster,5218,0,0,6,True,False,True,0.21723401693505875,0.21723401693505875
future_own_b384,ab_bolster,5219,0,0,2,True,False,True,0.3078046120697042,0.3078046120697042
future_own_b384,ab_bolster,5220,0,0,2,True,False,True,0.33014335998113176,0.33014335998113176
future_own_b384,ab_bolster,5221,0,0,2,True,False,True,0.24453928238579212,0.24453928238579212
future_own_b384,ab_bolster,5222,0,0,4,True,False,True,0.15640679174494493,0.15640679174494493
future_own_b384,ab_bolster,5223,0,0,4,True,False,True,0.1973890167830472,0.1973890167830472
future_own_b384,ab_bolster,5224,0,0,2,True,False,True,0.18536546566573467,0.18536546566573467
future_own_b384,ab_bolster,5225,0,0,2,True,False,True,0.19841734374794076,0.19841734374794076
future_own_b384,ab_bolster,5226,0,0,2,True,False,True,0.15244561209679616,0.15244561209679616
future_own_b384,ab_bolster,5227,0,0,2,True,False,True,0.4921390749192057,0.4921390749192057
future_own_b384,ab_bolster,6059,0,0,2,True,False,True,0.16584926348549048,0.0
future_own_b384,ab_bolster,6060,0,0,6,True,False,True,0.0,0.0
future_own_b384,ab_bolster,6065,0,1,0,False,False,True,0.0,0.2729969182798199
future_own_b384,ab_bolster,6191,0,0,2,True,False,True,0.6649973600669522,0.6649973600669522
future_own_b384,ab_bolster,6231,0,0,2,True,False,True,0.8098678583138854,0.8098678583138854
future_own_b384,ab_bolster,6232,0,0,2,True,False,True,0.832223775564749,0.832223775564749
future_own_b384,ab_bolster,6233,0,1,2,True,False,True,0.4834361391489801,0.0
future_own_b384,ab_bolster,6234,0,0,5,True,False,True,0.0,0.0
future_own_b384,ab_bolster,6236,0,0,4,True,False,True,0.0,0.0
future_own_b384,ab_bolster,6237,0,1,0,False,False,True,0.0,0.2998061858934972
future_own_b384,ab_bolster,6238,0,1,0,False,False,True,0.1979207329868197,0.0
future_own_b384,ab_bolster,6241,0,1,0,False,False,True,0.0,0.4956683309272205
future_own_b384,ab_bolster,6245,0,0,4,True,False,True,0.6243147898006349,0.6243147898006349
future_own_b384,ab_bolster,6247,0,0,4,True,False,True,0.5916938949623868,0.5916938949623868
future_own_b384,ab_bolster,6248,0,0,4,True,False,True,0.7335052068033345,0.7335052068033345
future_own_b384,ab_bolster,6250,0,1,0,False,False,True,0.48269808619477006,0.0
future_own_b384,ab_bolster,6251,0,1,6,True,False,True,0.0,0.3109969555444431
future_own_b384,ab_bolster,6252,0,0,4,True,False,True,0.24764907349005477,0.24764907349005477
future_own_b384,ab_bolster,6253,0,0,4,True,False,True,0.8132460329140047,0.8132460329140047
future_own_b384,ab_bolster,6323,0,0,4,True,False,True,0.36960315788434467,0.36960315788434467
future_own_b384,ab_bolster,6324,0,0,2,True,False,True,0.5023961889942934,0.5023961889942934
future_own_b384,ab_bolster,6325,0,0,4,True,False,True,0.4542241794456864,0.4542241794456864
future_own_b384,ab_bolster,6326,0,0,4,True,False,True,0.19194055736035767,0.19194055736035767
future_own_b384,ab_bolster,6327,0,0,2,True,False,True,0.022662634787365882,0.022662634787365882
future_own_b384,ab_bolster,6328,0,0,2,True,False,True,0.33897711506533534,0.33897711506533534
future_own_b384,ab_bolster,6329,0,0,4,True,False,True,0.22026874752137685,0.22026874752137685
future_own_b384,ab_bolster,6331,0,2,4,True,False,True,0.5093728072632531,0.0
future_own_b384,ab_bolster,6332,0,0,6,True,False,True,0.0,0.0
future_own_b384,ab_bolster,6334,6,2,6,True,False,True,0.0,0.13436176126719113
future_own_b384,ab_bolster,6335,0,0,5,True,False,True,0.027841062987092106,0.027841062987092106
future_own_b384,ab_bolster,6336,0,2,4,True,False,True,0.0,0.0
future_own_b384,ab_bolster,6337,0,0,6,True,False,True,0.0,0.0
future_own_b384,ab_bolster,6338,0,1,6,True,False,True,0.0,0.029266916375477608
future_own_b384,ab_bolster,6339,0,0,4,True,False,True,0.09343235134823491,0.09343235134823491
future_own_b384,ab_bolster,6340,0,0,4,True,False,True,0.03936991681995413,0.03936991681995413
future_own_b384,ab_bolster,6341,0,0,4,True,False,True,0.03148655965015498,0.03148655965015498
future_own_b384,ab_bolster,6342,0,0,4,True,False,True,0.006335560424069801,0.006335560424069801
future_own_b384,ab_bolster,6343,0,0,2,True,False,True,0.05720601167327053,0.05720601167327053
future_own_b384,ab_bolster,6344,0,0,4,True,False,True,0.043675652550803204,0.043675652550803204
future_own_b384,ab_bolster,6345,0,0,4,True,False,True,0.02985436539330561,0.02985436539330561
future_own_b384,ab_bolster,6346,0,0,2,True,False,True,0.042119469394811856,0.042119469394811856
future_own_b384,ab_bolster,6347,0,0,2,True,False,True,0.07665332595989625,0.07665332595989625
future_own_b384,ab_bolster,6348,0,0,2,True,False,True,0.14014535422861915,0.14014535422861915
future_own_b384,ab_bolster,6349,0,0,4,True,False,True,0.10899122394859437,0.10899122394859437
future_own_b384,ab_bolster,6350,0,0,2,True,False,True,0.01508619629472659,0.5312477688939471
future_own_b384,ab_bolster,6351,0,1,4,True,False,True,0.47763037044519935,0.0
future_own_b384,ab_bolster,6354,0,0,4,True,False,True,0.693080478167747,0.693080478167747
future_own_b384,ab_bolster,6355,0,0,4,True,False,True,0.8044637571689792,0.8044637571689792
future_own_b384,ab_bolster,6356,0,0,2,True,False,True,0.7143492723201534,0.7143492723201534
future_own_b384,ab_bolster,6357,0,0,4,True,False,True,0.6088502527080586,0.6088502527080586
future_own_b384,ab_bolster,6358,0,0,4,True,False,True,0.5107814660706095,0.5107814660706095
future_own_b384,ab_bolster,6359,0,0,4,True,False,True,0.5658678932742515,0.5658678932742515
future_own_b384,ab_bolster,6360,0,0,4,True,False,True,0.7526275977533429,0.7526275977533429
future_own_b384,ab_bolster,6361,0,0,4,True,False,True,0.7782121092330805,0.7782121092330805
future_own_b384,ab_bolster,6362,0,0,4,True,False,True,0.7687831658400902,0.7687831658400902
future_own_b384,ab_bolster,6363,0,0,4,True,False,True,0.67421525532072,0.67421525532072
future_own_b384,ab_bolster,6365,0,0,2,True,False,True,0.7864489011809186,0.7864489011809186
future_own_b384,ab_bolster,6366,0,0,2,True,False,True,0.7771859066155269,0.7771859066155269
future_own_b384,ab_bolster,6368,0,0,2,True,False,True,0.8238260737005126,0.8238260737005126
future_own_b384,ab_bolster,6369,0,0,2,True,False,True,0.8562516795335925,0.8562516795335925
future_own_b384,ab_bolster,6370,0,0,4,True,False,True,0.8339896002177036,0.8339896002177036
future_own_b384,ab_bolster,6371,0,0,4,True,False,True,0.7536415537092579,0.7536415537092579
future_own_b384,ab_bolster,6372,0,0,4,True,False,True,0.7339455446166111,0.7339455446166111
future_own_b384,ab_bolster,6373,0,0,4,True,False,True,0.28790020277017747,0.28790020277017747
future_own_b384,ab_bolster,6374,0,0,4,True,False,True,0.17956705506613183,0.17956705506613183
future_own_b384,ab_bolster,6375,0,1,2,True,False,True,0.08295529133658926,0.08295529133658926
future_own_b384,ab_bolster,6376,6,3,6,True,False,True,0.15796342423287252,0.1028129367400842
future_own_b384,ab_bolster,6377,0,0,2,True,False,True,0.592302135628985,0.592302135628985
future_own_b384,ab_bolster,6378,0,0,4,True,False,True,0.7474454736203143,0.7474454736203143
future_own_b384,ab_bolster,6379,0,0,2,True,False,True,0.6323146331817925,0.6323146331817925
future_own_b384,ab_bolster,6403,0,0,2,True,False,True,0.8088169555391338,0.8088169555391338
future_own_b384,ab_bolster,6624,0,0,2,True,False,True,0.8628204864269308,0.8628204864269308
future_own_b384,ab_bolster,6633,0,0,2,True,False,True,0.7995730132526812,0.7995730132526812
future_own_b384,ab_bolster,6634,0,0,2,True,False,True,0.729153546880559,0.729153546880559
future_own_b384,ab_bolster,6699,0,0,6,True,False,True,0.30181950283254155,0.30181950283254155
future_own_b384,ab_bolster,6725,0,0,2,True,False,True,0.48887785059662725,0.48887785059662725
future_own_b384,ab_bolster,6739,0,0,1,True,False,True,0.23482390498865888,0.23482390498865888
future_own_b384,ab_bolster,6740,0,0,6,True,False,True,0.6440079839137131,0.6440079839137131
future_own_b384,ab_bolster,6882,0,0,6,True,False,True,0.4965812430579128,0.4965812430579128
future_own_b384,ab_bolster,6883,6,4,6,True,False,True,0.6321329720447142,0.5389853533408646
future_own_b384,ab_bolster,6900,0,0,2,True,False,True,0.6626176428305212,0.6626176428305212
future_own_b384,ab_bolster,6906,0,0,2,True,False,True,0.8297186526383673,0.8297186526383673
future_own_b384,ab_bolster,6915,0,0,2,True,False,True,0.7552846620607484,0.7552846620607484
future_own_b384,ab_bolster,7006,0,0,2,True,False,True,0.18489361223088668,0.18489361223088668
future_own_b384,ab_bolster,7007,0,0,6,True,False,True,0.20941122563266992,0.20941122563266992
future_own_b384,ab_bolster,7008,0,0,2,True,False,True,0.3306691859901937,0.3306691859901937
future_own_b384,ab_bolster,7009,0,0,6,True,False,True,0.21093284489940578,0.21093284489940578
future_own_b384,ab_bolster,7010,0,0,2,True,False,True,0.27429862868086585,0.27429862868086585
future_own_b384,ab_bolster,7012,0,0,6,True,False,True,0.18867199787882963,0.18867199787882963
future_own_b384,ab_bolster,7013,0,0,2,True,False,True,0.11491900659119896,0.11491900659119896
future_own_b384,ab_bolster,7014,0,0,4,True,False,True,0.22323419037049483,0.22323419037049483
future_own_b384,ab_bolster,7016,6,1,6,True,False,True,0.40543659343935456,0.14215401419399873
future_own_b384,ab_bolster,7023,0,0,2,True,False,True,0.1008477957458779,0.1008477957458779
future_own_b384,ab_bolster,7024,0,0,2,True,False,True,0.18549821543040607,0.18549821543040607
future_own_b384,ab_bolster,7025,0,0,1,True,False,True,0.39405317969452197,0.39405317969452197
future_own_b384,ab_bolster,7055,0,0,2,True,False,True,0.709816455500309,0.709816455500309
future_own_b384,ab_bolster,7078,0,0,6,True,False,True,0.8819722455575961,0.8819722455575961
future_own_b384,ab_bolster,7079,6,0,6,True,False,True,0.9339028842269185,0.8504936835898329
future_own_b384,ab_bolster,7129,0,0,6,True,False,True,0.6423171376502607,0.6423171376502607
future_own_b384,ab_bolster,7171,0,1,0,False,False,True,0.6071490258154378,0.2480758262049616
future_own_b384,ab_bolster,7204,0,0,6,True,False,True,0.4815452373134741,0.0
future_own_b384,ab_bolster,7206,6,0,6,True,False,True,0.004307817386408969,0.7868529953259991
future_own_b384,ab_bolster,7232,0,0,6,True,False,True,0.726328048971918,0.726328048971918
future_own_b384,ab_bolster,7234,0,0,6,True,False,True,0.11664997684765839,0.11664997684765839
future_own_b384,ab_bolster,7235,0,0,6,True,False,True,0.23571924446028636,0.23571924446028636
future_own_b384,ab_bolster,7236,6,0,6,True,False,True,0.46490725584994985,0.5334150704361983
future_own_b384,ab_bolster,7246,0,0,2,True,False,True,0.8213582730122423,0.8213582730122423
future_own_b384,ab_bolster,7254,0,0,6,True,False,True,0.8014322028730078,0.8014322028730078
future_own_b384,ab_bolster,7255,0,0,6,True,False,True,0.6062782345924109,0.6062782345924109
future_own_b384,ab_bolster,7256,0,0,6,True,False,True,0.7129887802065009,0.7129887802065009
future_own_b384,ab_bolster,7458,0,0,1,True,False,True,0.5908921902694433,0.5908921902694433
future_own_b384,ab_bolster,7478,0,0,4,True,False,True,0.6832570207418678,0.6832570207418678
future_own_b384,ab_bolster,7539,0,0,1,True,False,True,0.626956940898482,0.626956940898482
future_own_b384,ab_bolster,7540,0,0,2,True,False,True,0.5239782964832163,0.5239782964832163
future_own_b384,ab_bolster,7541,0,0,1,True,False,True,0.2730327281561293,0.2730327281561293
future_own_b384,ab_bolster,7558,0,1,6,True,False,True,0.10505068199369604,0.2170555588252107
future_own_b384,ab_bolster,7584,0,0,2,True,False,True,0.5153134614376907,0.5153134614376907
future_own_b384,ab_bolster,7585,0,0,2,True,False,True,0.46391584180907863,0.46391584180907863
future_own_b384,ab_bolster,7586,0,0,2,True,False,True,0.4643020477752247,0.4643020477752247
future_own_b384,ab_bolster,7587,0,0,2,True,False,True,0.24783925300503049,0.24783925300503049
future_own_b384,ab_bolster,7588,0,0,2,True,False,True,0.3411757745308647,0.3411757745308647
future_own_b384,ab_bolster,7589,0,0,2,True,False,True,0.4331855386839166,0.4331855386839166
future_own_b384,ab_bolster,7590,0,0,2,True,False,True,0.7205490230713775,0.7205490230713775
future_own_b384,ab_bolster,7618,1,1,1,True,False,True,0.12044021411241879,0.0
future_own_b384,ab_bolster,7620,0,0,6,True,False,True,0.0,0.0
future_own_b384,ab_bolster,7621,0,0,1,True,False,True,0.4526597143404445,0.4526597143404445
future_own_b384,ab_bolster,7647,0,0,2,True,False,True,0.5103925424358977,0.5103925424358977
future_own_b384,ab_bolster,7648,0,0,2,True,False,True,0.4004985832888737,0.4004985832888737
future_own_b384,ab_bolster,7649,0,0,4,True,False,True,0.43416756871713036,0.43416756871713036
future_own_b384,ab_bolster,7710,0,0,2,True,False,True,0.8300399414557778,0.8300399414557778
future_own_b384,ab_bolster,7711,0,0,2,True,False,True,0.8588140820580964,0.8588140820580964
future_own_b384,ab_bolster,7712,0,0,2,True,False,True,0.8184191245212468,0.8184191245212468
future_own_b384,ab_bolster,8129,0,0,1,True,False,True,0.216912051639983,0.216912051639983
future_own_b384,ab_bolster,8131,0,0,0,False,False,True,0.19212161150853985,0.4561239973576508
future_own_b384,ab_bolster,8134,0,0,1,True,False,True,0.4800486692474877,0.4800486692474877
future_own_b384,ab_bolster,8136,0,0,2,True,False,True,0.6044863051487928,0.6044863051487928
future_own_b384,ab_bolster,8137,2,0,2,True,False,True,0.5086103379068283,0.004847710383703271
future_own_b384,ab_motocometurn,38,0,0,1,True,False,True,0.7631566082272951,0.7631566082272951
future_own_b384,ab_motocometurn,39,0,1,1,True,False,True,0.0,0.6119137588407925
future_own_b384,ab_motocometurn,40,0,2,1,True,False,True,0.0,0.8577774222436924
future_own_b384,ab_motocometurn,113,0,0,1,True,False,True,0.17386592466696688,0.17386592466696688
future_own_b384,ab_motocometurn,114,0,0,6,True,False,True,0.34729262995458615,0.34729262995458615
future_own_b384,ab_motocometurn,116,0,0,0,False,True,True,0.7372325714536906,0.7372325714536906
future_own_b384,ab_motocometurn,117,0,0,0,False,True,True,0.8920938849174496,0.8920938849174496
future_own_b384,ab_motocometurn,118,0,0,0,False,True,True,0.8495572860065043,0.8495572860065043
future_own_b384,ab_motocometurn,127,0,0,2,True,False,False,,
future_own_b384,ab_motocometurn,128,0,0,6,True,False,False,,
future_own_b384,ab_motocometurn,129,0,0,6,True,False,False,,
future_own_b384,ab_motocometurn,130,0,0,6,True,False,True,0.2123553064002087,0.2123553064002087
future_own_b384,ab_mototurn,14,6,1,6,True,False,True,0.321595814399962,0.3228383219099196
future_own_b384,ab_mototurn,17,0,0,6,True,False,True,0.4106986645993538,0.4106986645993538
future_own_b384,ab_rightcupcoming_infwhite_quezhen,617,0,0,5,True,False,True,0.6180823061030435,0.6180823061030435
future_own_b384,ab_rightcupcoming_infwhite_quezhen,619,0,0,6,True,False,True,0.4005957743896051,0.4005957743896051
future_own_b384,ab_rightcupcoming_infwhite_quezhen,620,0,1,0,False,False,True,0.34497129786827596,0.03320557698366979
future_own_b384,ab_rightcupcoming_infwhite_quezhen,621,0,0,6,True,False,True,0.16429745320068936,0.16429745320068936
future_own_b384,ab_rightcupcoming_infwhite_quezhen,626,0,0,6,True,False,True,0.41417944512681176,0.0
future_own_b384,ab_rightcupcoming_infwhite_quezhen,636,0,1,0,False,False,True,0.0,0.9237008288299953
future_own_b384,ab_rightcupcoming_infwhite_quezhen,727,0,0,0,False,False,True,0.8567415522829571,0.0
future_own_b384,ab_rightcupcoming_infwhite_quezhen,739,0,0,0,False,False,True,0.0,0.8791233953311839
future_own_b384,ab_rightcupcoming_infwhite_quezhen,793,0,0,0,False,False,True,0.7804705152048579,0.0
future_own_b384,ab_rightcupcoming_infwhite_quezhen,1169,0,1,0,False,False,True,0.0,0.9263239835813935
future_own_b384,ab_rightcupcoming_infwhite_quezhen,1174,0,1,0,False,False,True,0.9092638591854343,0.0
future_own_b384,ab_rightcupcoming_infwhite_quezhen,1212,0,0,0,False,False,True,0.8651843938187199,0.0
future_own_b384,ab_rightcupcoming_infwhite_quezhen,1236,0,1,0,False,False,True,0.8110900271979071,0.0
future_own_b384,ab_rightcupcoming_infwhite_quezhen,1247,0,0,0,False,False,True,0.8222862133816914,0.0
future_own_b384,ab_rightcupcoming_infwhite_quezhen,1254,0,0,0,False,False,True,0.8780492285193542,0.012300210014293725
future_own_b384,ab_rightcupcoming_infwhite_quezhen,1341,0,0,2,True,False,True,0.0,0.0
future_own_b384,ab_rightcupcoming_infwhite_quezhen,1342,0,0,2,True,False,True,0.0,0.0
future_own_b384,ab_rightcupcoming_infwhite_quezhen,1343,0,0,2,True,False,True,0.0,0.0
future_own_b384,ab_rightcupcoming_infwhite_quezhen,1344,0,0,2,True,False,True,0.0,0.0
future_own_b384,ab_rightcupcoming_infwhite_quezhen,1358,0,0,2,True,False,True,0.0,0.0
future_own_b384,ab_rightcupcoming_infwhite_quezhen,1360,0,1,0,False,False,True,0.0,0.9540895694453653
future_own_b384,ab_rightcupcoming_infwhite_quezhen,1380,0,0,2,True,False,True,0.8360105835942867,0.8360105835942867
future_own_b384,ab_rightcupcoming_infwhite_quezhen,1689,0,0,0,False,False,True,0.8586829951718498,0.5077541573017188
future_own_b384,ab_rightcupcoming_infwhite_quezhen,1731,0,0,0,False,False,True,0.9267588391242704,0.08855191823846568
future_own_b384,ab_rightcupcoming_infwhite_quezhen,1851,0,1,0,False,False,True,0.2742113015151484,0.8837701557877738
future_own_b384,ab_rightcupcoming_infwhite_quezhen,2727,0,1,6,True,False,True,0.0,0.20539165170676432
future_own_b384,ab_rightcupcoming_infwhite_quezhen,2757,0,1,0,False,False,True,0.4518309479528896,0.6751691906560127
future_own_b384,ab_rightcupcoming_infwhite_quezhen,2759,0,1,0,False,False,True,0.5369405051368696,0.7043434112065324
future_own_b384,ab_rightcupcoming_infwhite_quezhen,2797,0,0,2,True,False,True,0.5576168246771607,0.5576168246771607
future_own_b384,ab_rightcupcoming_infwhite_quezhen,2800,0,0,2,True,False,True,0.61130751678061,0.61130751678061
future_own_b384,ab_rightcupcoming_infwhite_quezhen,2804,0,1,0,False,False,True,0.5102553187846117,0.729239092581894
future_own_b384,ab_rightcupcoming_infwhite_quezhen,2833,0,0,2,True,False,True,0.4816320156622245,0.4816320156622245
future_own_b384,ab_rightcupcoming_infwhite_quezhen,3449,0,0,0,False,False,True,0.9218687781017944,0.006652693157225236
future_own_b384,ab_rightcupcoming_infwhite_quezhen,3607,0,1,0,False,False,True,0.848626444338646,0.0
future_own_b384,ab_rightcupcoming_infwhite_quezhen,3608,0,1,0,False,False,True,0.05014982215518781,0.7546677219507003
future_own_b384,ab_rightcupcoming_infwhite_quezhen,3625,0,1,0,False,False,True,0.0,0.8849553677951063
future_own_b384,ab_rightcupcoming_infwhite_quezhen,3933,0,0,2,True,False,True,0.050516036366389225,0.050516036366389225
future_own_b384,ab_rightcupcoming_infwhite_quezhen,3934,4,1,4,True,False,True,0.048318313035685484,0.0
future_own_b384,ab_rightcupcoming_infwhite_quezhen,4076,0,0,0,False,False,True,0.0,0.8837521220208052
future_own_b384,ab_rightcupcoming_infwhite_quezhen,4158,0,1,0,False,False,True,0.9300546713184022,0.0
future_own_b384,ab_rightcupcoming_infwhite_quezhen,4167,0,1,0,False,False,True,0.0,0.9103100247898883
future_own_b384,ab_rightcupcoming_infwhite_quezhen,4278,0,1,0,False,False,True,0.8050414752359429,0.16676535948141202
future_own_b384,ab_rightcupcoming_infwhite_quezhen,4334,0,0,0,False,False,True,0.0,0.8391921049316504
future_own_b384,ab_rightcupcoming_infwhite_quezhen,4526,0,1,2,True,False,True,0.9005768488986822,0.0
future_own_b384,ab_rightcupcoming_infwhite_quezhen,4542,0,1,0,False,False,True,0.0,0.794999788101315
future_own_b384,ab_rightcupcoming_infwhite_quezhen,4862,0,0,0,False,False,True,0.020310757902001497,0.8700427474568052
future_own_b384,ab_rightcupcoming_infwhite_quezhen,4950,0,1,0,False,False,True,0.0473442415777392,0.9057028644349803
future_own_b384,ab_rightcupcoming_infwhite_quezhen,5363,0,1,0,False,False,True,0.03487849095878066,0.2268198712183945
future_own_b384,ab_rightcupcoming_infwhite_quezhen,6171,0,0,4,True,False,True,0.31692408328924304,0.31692408328924304
future_own_b384,ab_rightcupcoming_infwhite_quezhen,6172,0,0,4,True,False,True,0.20670722387030557,0.20670722387030557
future_own_b384,ab_rightcupcoming_infwhite_quezhen,6173,0,0,4,True,False,True,0.3158090179335588,0.3158090179335588
future_own_b384,ab_rightcupcoming_infwhite_quezhen,6174,0,0,4,True,False,True,0.30005266452649154,0.30005266452649154
future_own_b384,ab_rightcupcoming_infwhite_quezhen,6175,0,0,4,True,False,True,0.3297081580688693,0.3297081580688693
future_own_b384,ab_rightcupcoming_infwhite_quezhen,6176,0,0,6,True,False,True,0.19222952962674997,0.19222952962674997
future_own_b384,ab_rightcupcoming_infwhite_quezhen,6177,6,0,6,True,False,True,0.21726325660414922,0.20032373505164275
future_own_b384,ab_rightcupcoming_infwhite_quezhen,6178,6,0,6,True,False,True,0.2556779269004636,0.12036967794302363
future_own_b384,ab_rightcupcoming_infwhite_quezhen,6179,6,1,6,True,False,True,0.2784456787418112,0.0
future_own_b384,ab_rightcupcoming_infwhite_quezhen,6180,0,0,6,True,False,True,0.0,0.0
future_own_b384,ab_rightcupcoming_infwhite_quezhen,6181,0,0,6,True,False,True,0.07858701854468134,0.07858701854468134
future_own_b384,ab_rightcupcoming_infwhite_quezhen,6182,0,0,4,True,False,True,0.029474297142719673,0.029474297142719673
future_own_b384,ab_rightcupcoming_infwhite_quezhen,6183,0,0,6,True,False,True,0.0,0.0
future_own_b384,ab_rightcupcoming_infwhite_quezhen,6184,0,0,6,True,False,True,0.0,0.0
future_own_b384,ab_rightcupcoming_infwhite_quezhen,6185,6,1,6,True,False,True,0.025840278491698572,0.1404406303154902
future_own_b384,ab_rightcupcoming_infwhite_quezhen,6186,4,2,4,True,False,True,0.3012398566439477,0.2914259945299321
future_own_b384,ab_rightcupcoming_infwhite_quezhen,6187,0,0,4,True,False,True,0.439213002809615,0.439213002809615
future_own_b384,ab_rightcupcoming_infwhite_quezhen,6188,0,0,4,True,False,True,0.40861694693726497,0.40861694693726497
future_own_b384,ab_rightcupcoming_infwhite_quezhen,6189,0,0,4,True,False,True,0.31357475913614824,0.31357475913614824
future_own_b384,ab_rightcupcoming_infwhite_quezhen,6190,0,0,4,True,False,True,0.35226766000348836,0.35226766000348836
future_own_b384,ab_rightcupcoming_infwhite_quezhen,6191,0,0,4,True,False,True,0.382562709861415,0.382562709861415
future_own_b384,ab_rightcupcoming_infwhite_quezhen,6192,0,0,4,True,False,True,0.3547798984874915,0.3547798984874915
future_own_b384,ab_rightcupcoming_infwhite_quezhen,6193,0,0,4,True,False,True,0.3170098312107981,0.3170098312107981
future_own_b384,ab_rightcupcoming_infwhite_quezhen,6194,0,0,4,True,False,True,0.3170599602134869,0.3170599602134869
future_own_b384,ab_rightcupcoming_infwhite_quezhen,6195,0,0,4,True,False,True,0.3049396785162695,0.3049396785162695
future_own_b384,ab_rightcupcoming_infwhite_quezhen,6196,0,0,4,True,False,True,0.7754381629392146,0.7754381629392146
future_own_b384,ab_rightcupcoming_infwhite_quezhen,6197,0,0,4,True,False,True,0.43543376326976246,0.43543376326976246
future_own_b384,ajiandan_blkdog,202,0,0,0,False,True,True,0.721269079413469,0.721269079413469
future_own_b384,basketball,5,0,1,2,True,False,True,0.0,0.2996957262780338
future_own_b384,basketball,11,0,0,5,True,False,True,0.0,0.0
future_own_b384,basketball,12,0,1,4,True,False,True,0.23711829599412956,0.07493127958980614
future_own_b384,basketball,17,0,0,4,True,False,True,0.0,0.0
future_own_b384,basketball,23,2,0,2,True,False,True,0.0,0.397272400189341
future_own_b384,basketball,24,0,0,4,True,False,True,0.646490309257914,0.646490309257914
future_own_b384,basketball,30,5,0,5,True,False,True,0.0,0.6488300832923921
future_own_b384,basketball,31,0,0,5,True,False,True,0.7579333417696544,0.7579333417696544
future_own_b384,basketball,32,0,0,2,True,False,True,0.0,0.7202071122585879
future_own_b384,basketball,36,2,0,2,True,False,True,0.0,0.31998642556803564
future_own_b384,basketball,37,5,0,5,True,False,True,0.13174952670532075,0.0
future_own_b384,basketball,43,2,0,2,True,False,True,0.0,0.6643160860004639
future_own_b384,basketball,44,0,0,5,True,False,True,0.0,0.9106422452055811
future_own_b384,basketball,45,1,2,1,True,False,True,0.0,0.48225244140562684
future_own_b384,basketball,50,5,0,5,True,False,True,0.0,0.812092581054859
future_own_b384,basketball,55,6,0,6,True,False,True,0.0,0.8231688317756855
future_own_b384,basketball,62,6,0,6,True,False,True,0.0,0.8149058543037963
future_own_b384,basketball,68,2,0,2,True,False,True,0.0,0.9002064277256352
future_own_b384,basketball,75,5,0,5,True,False,True,0.0,0.764374958606615
future_own_b384,basketball,81,4,0,4,True,False,True,0.0,0.0
future_own_b384,basketball,88,0,0,0,False,True,True,0.8298813874121014,0.8298813874121014
future_own_b384,basketball,94,0,3,4,True,False,True,0.0,0.12008629801103785
future_own_b384,basketball,151,2,4,2,True,False,True,0.022824633888721246,0.0
future_own_b384,basketball,152,0,0,4,True,False,True,0.0,0.0
future_own_b384,basketball,153,4,2,4,True,False,True,0.0,0.0
future_own_b384,basketball,154,0,1,5,True,False,True,0.0,0.0
future_own_b384,basketball,156,4,1,4,True,False,True,0.0,0.0
future_own_b384,basketball,163,0,1,6,True,False,True,0.0,0.0
future_own_b384,basketball,164,6,3,6,True,False,True,0.0,0.0
future_own_b384,basketball,165,0,0,6,True,False,True,0.03754123578054154,0.03754123578054154
future_own_b384,basketball,166,0,0,4,True,False,True,0.0,0.0
future_own_b384,basketball,167,0,0,4,True,False,True,0.13055721387966354,0.13055721387966354
future_own_b384,basketball,168,0,0,4,True,False,True,0.25908487556861953,0.25908487556861953
future_own_b384,basketball,169,0,2,1,True,False,True,0.21133758531064584,0.0
future_own_b384,basketball,170,1,4,1,True,False,True,0.0,0.4185971027301681
future_own_b384,basketball,172,0,0,4,True,False,True,0.0,0.0
future_own_b384,basketball,173,0,4,4,True,False,True,0.0,0.0
future_own_b384,basketball,174,5,1,5,True,False,True,0.0,0.0
future_own_b384,basketballshooting,7,0,0,1,True,False,True,0.7512615678456991,0.7512615678456991
future_own_b384,basketballshooting,8,0,0,1,True,False,True,0.7449723224315323,0.7449723224315323
future_own_b384,basketballshooting,44,0,0,4,True,False,True,0.40702487850588503,0.40702487850588503
future_own_b384,basketballshooting,48,0,0,2,True,False,True,0.5235949368216151,0.5235949368216151
future_own_b384,basketballshooting,49,0,0,4,True,False,True,0.32671692252593737,0.32671692252593737
future_own_b384,basketballshooting,50,0,1,4,True,False,True,0.029369160625948153,0.3244577877331871
future_own_b384,basketballshooting,51,0,0,4,True,False,True,0.4776685319122528,0.4776685319122528
future_own_b384,basketballshooting,52,0,0,4,True,False,True,0.5271371003881036,0.5271371003881036
future_own_b384,basketballshooting,53,0,0,4,True,False,True,0.23283440016580859,0.23283440016580859
future_own_b384,basketballshooting,54,0,0,4,True,False,True,0.0,0.0
future_own_b384,basketballshooting,55,0,2,0,False,False,True,0.0,0.6852710699897515
future_own_b384,basketballshooting,56,0,0,5,True,False,True,0.23186118779865625,0.23186118779865625
future_own_b384,basketballshooting,57,0,2,4,True,False,True,0.3050828929377878,0.0
future_own_b384,basketballshooting,61,0,0,4,True,False,True,0.0,0.25368128663413725
future_own_b384,basketballshooting,63,0,1,0,False,False,True,0.46594027195087023,0.0
future_own_b384,basketballshooting,64,0,0,4,True,False,True,0.0,0.0
future_own_b384,basketballshooting,65,0,0,4,True,False,True,0.0,0.0
future_own_b384,basketballshooting,66,0,0,4,True,False,True,0.0,0.0
future_own_b384,basketballshooting,67,0,0,4,True,False,True,0.0,0.0
future_own_b384,basketballshooting,68,0,0,4,True,False,True,0.0,0.0
future_own_b384,basketballshooting,69,0,0,4,True,False,True,0.0,0.0
future_own_b384,basketballshooting,70,0,0,4,True,False,True,0.0,0.0
future_own_b384,basketballshooting,71,0,0,4,True,False,True,0.0,0.0
future_own_b384,basketballshooting,72,0,0,4,True,False,True,0.0,0.0
future_own_b384,basketballshooting,73,0,0,4,True,False,True,0.0,0.0
future_own_b384,basketballshooting,75,0,0,4,True,False,True,0.0,0.0
future_own_b384,basketballshooting,76,0,0,4,True,False,True,0.0,0.0
future_own_b384,basketballshooting,77,0,0,4,True,False,True,0.0,0.0
future_own_b384,basketballshooting,78,0,0,4,True,False,True,0.0,0.0
future_own_b384,basketballshooting,79,0,0,4,True,False,True,0.0,0.0
future_own_b384,basketballshooting,80,0,0,4,True,False,True,0.0,0.0
future_own_b384,basketballshooting,81,0,0,4,True,False,True,0.0,0.0
future_own_b384,basketballshooting,83,0,0,4,True,False,True,0.0,0.0
future_own_b384,basketballshooting,84,0,0,4,True,False,True,0.0,0.0
future_own_b384,basketballshooting,85,0,0,2,True,False,True,0.0,0.0
future_own_b384,basketballshooting,88,0,0,2,True,False,True,0.0,0.0
future_own_b384,basketballshooting,89,0,0,4,True,False,True,0.0,0.0
future_own_b384,basketballshooting,90,0,0,4,True,False,True,0.0,0.0
future_own_b384,basketballshooting,93,0,0,4,True,False,True,0.0,0.0
future_own_b384,basketballshooting,94,0,0,4,True,False,True,0.0,0.0
future_own_b384,basketballshooting,95,0,0,4,True,False,True,0.0,0.0
future_own_b384,basketballshooting,96,0,0,4,True,False,True,0.0,0.0
future_own_b384,basketballshooting,97,0,0,4,True,False,True,0.0,0.0
future_own_b384,basketballshooting,98,0,0,4,True,False,True,0.0,0.0
future_own_b384,basketballshooting,99,0,0,4,True,False,True,0.0,0.0
future_own_b384,basketballshooting,100,0,0,4,True,False,True,0.0,0.0
future_own_b384,basketballshooting,101,0,0,4,True,False,True,0.0,0.0
future_own_b384,basketballshooting,102,0,0,4,True,False,True,0.0,0.0
future_own_b384,basketballshooting,103,0,0,4,True,False,True,0.0,0.0
future_own_b384,basketballshooting,105,0,0,4,True,False,True,0.0,0.0
future_own_b384,basketballshooting,106,0,0,4,True,False,True,0.0,0.0
future_own_b384,basketballshooting,107,0,0,4,True,False,True,0.0,0.0
future_own_b384,basketballshooting,108,0,0,4,True,False,True,0.0,0.0
future_own_b384,basketballshooting,109,0,0,4,True,False,True,0.0,0.0
future_own_b384,bikecoming,38,0,0,2,True,False,True,0.39358492539680556,0.39358492539680556
future_own_b384,bikecoming,39,0,0,2,True,False,True,0.3982729849579624,0.3982729849579624
future_own_b384,bikecoming,48,0,0,2,True,False,True,0.44196916887797916,0.44196916887797916
future_own_b384,bikecoming,49,0,0,4,True,False,True,0.39089529735091627,0.39089529735091627
future_own_b384,bikecoming,50,0,0,2,True,False,True,0.37593025350764037,0.37593025350764037
future_own_b384,bikecoming,51,0,0,4,True,False,True,0.399044703077693,0.399044703077693
future_own_b384,bikecoming,52,0,0,4,True,False,True,0.39969396313884614,0.39969396313884614
future_own_b384,bikecoming,53,0,0,4,True,False,True,0.41490856575263674,0.41490856575263674
future_own_b384,bikecoming,54,0,0,4,True,False,True,0.29395005129634955,0.29395005129634955
future_own_b384,bikecoming,55,0,0,2,True,False,True,0.3224812618675671,0.3224812618675671
future_own_b384,bikecoming,56,0,0,2,True,False,True,0.2708584023130145,0.2708584023130145
future_own_b384,bikecoming,57,0,0,2,True,False,True,0.32888336746740626,0.32888336746740626
future_own_b384,bikecoming,58,0,0,4,True,False,True,0.39118060793483966,0.39118060793483966
future_own_b384,bikecoming,59,0,0,4,True,False,True,0.2971360244749583,0.2971360244749583
future_own_b384,bikecoming,60,0,0,2,True,False,True,0.36905354288952225,0.36905354288952225
future_own_b384,bikecoming,61,0,0,2,True,False,True,0.19958196789713795,0.19958196789713795
future_own_b384,bikecoming,62,0,0,4,True,False,True,0.21771758380589476,0.21771758380589476
future_own_b384,bikecoming,63,0,0,4,True,False,True,0.2974308162240306,0.2974308162240306
future_own_b384,bikecoming,64,0,0,4,True,False,True,0.2622326155622448,0.2622326155622448
future_own_b384,bikecoming,65,0,0,4,True,False,True,0.15914197237100838,0.15914197237100838
future_own_b384,bikecoming,66,0,0,4,True,False,True,0.07149426568040229,0.07149426568040229
future_own_b384,bikecoming,67,0,0,2,True,False,True,0.0,0.0
future_own_b384,bikecoming,68,0,0,1,True,False,True,0.06384457306130616,0.06384457306130616
future_own_b384,bikecoming,69,0,0,2,True,False,True,0.0,0.0
future_own_b384,bikecoming,70,0,0,2,True,False,True,0.0,0.0
future_own_b384,bikecoming,71,0,0,4,True,False,True,0.07637646698252988,0.07637646698252988
future_own_b384,bikecoming,72,0,0,4,True,False,True,0.4476630160405533,0.4476630160405533
future_own_b384,bikecoming,73,0,0,4,True,False,True,0.3200944592064563,0.3200944592064563
future_own_b384,bikecoming,74,0,0,4,True,False,True,0.09078838736291775,0.09078838736291775
future_own_b384,bikecoming,75,0,0,4,True,False,True,0.32907352005840906,0.32907352005840906
future_own_b384,bikecoming,76,0,0,4,True,False,True,0.37497040679579946,0.37497040679579946
future_own_b384,bikecoming,77,0,0,4,True,False,True,0.6527832933804932,0.6527832933804932
future_own_b384,bikecoming,94,0,0,2,True,False,True,0.6401457736703715,0.6401457736703715
future_own_b384,bikecoming,161,0,0,2,True,False,True,0.6329541289883924,0.6329541289883924
future_own_b384,bikecoming,162,2,1,2,True,False,True,0.6651952568487207,0.6701384643774937
future_own_b384,bikecoming,164,0,0,2,True,False,True,0.6361758863349326,0.6361758863349326
future_own_b384,bikecoming,165,0,0,2,True,False,True,0.668399164052799,0.668399164052799
future_own_b384,bikecoming,166,0,0,2,True,False,True,0.6318082911057841,0.6318082911057841
future_own_b384,bikecoming,167,2,1,2,True,False,True,0.6870552196267358,0.6562428169828007
future_own_b384,bikecoming,169,0,0,2,True,False,True,0.6308801949720909,0.6308801949720909
future_own_b384,bikecoming,170,2,1,2,True,False,True,0.6338201272946354,0.5548441020657634
future_own_b384,bikecoming,174,0,0,2,True,False,True,0.6532433968382766,0.6532433968382766
future_own_b384,bikecoming,176,0,0,2,True,False,True,0.6862424380843664,0.6862424380843664
future_own_b384,bikecoming,177,0,0,4,True,False,True,0.7010343941661412,0.7010343941661412
future_own_b384,bikecoming,178,0,0,2,True,False,True,0.6435264425996332,0.6435264425996332
future_own_b384,bikecoming,180,4,0,4,True,False,True,0.6547717858780855,0.7130801604345902
future_own_b384,bikecoming,184,0,0,2,True,False,True,0.7241914120064992,0.7241914120064992
future_own_b384,bikecoming,185,0,0,2,True,False,True,0.7470981562662544,0.7470981562662544
future_own_b384,bikecoming,186,0,0,2,True,False,True,0.685409251465124,0.685409251465124
future_own_b384,bikecoming,187,0,0,4,True,False,True,0.7187303944544453,0.7187303944544453
future_own_b384,bikecoming,188,0,0,2,True,False,True,0.7566042406290434,0.7566042406290434
future_own_b384,bikecoming,189,0,0,4,True,False,True,0.8179365439971323,0.8179365439971323
future_own_b384,bikecoming,191,0,0,4,True,False,True,0.8166041811334233,0.8166041811334233
future_own_b384,bikecoming,192,0,0,2,True,False,True,0.7432768247078292,0.7432768247078292
future_own_b384,bikecoming,193,0,0,2,True,False,True,0.7270614445799497,0.7270614445799497
future_own_b384,bikecoming,194,0,0,4,True,False,True,0.6587208269421306,0.6587208269421306
future_own_b384,bikecoming,195,0,0,4,True,False,True,0.7535032674396089,0.7535032674396089
future_own_b384,bikecoming,197,0,0,2,True,False,True,0.6938110438430828,0.6938110438430828
future_own_b384,bikecoming,199,0,0,2,True,False,True,0.6354993042304318,0.6354993042304318
future_own_b384,bikecoming,200,0,0,2,True,False,True,0.6636586751469463,0.6636586751469463
future_own_b384,bikecoming,205,0,0,2,True,False,True,0.687742662001427,0.687742662001427
future_own_b384,bikecoming,213,0,0,2,True,False,True,0.5342894779992705,0.5342894779992705
future_own_b384,bikecoming,223,0,0,2,True,False,True,0.6273499732861811,0.6273499732861811
future_own_b384,bikecoming,226,0,0,2,True,False,True,0.5738509123558234,0.5738509123558234
future_own_b384,bikecoming,227,0,0,2,True,False,True,0.5455357908548805,0.5455357908548805
future_own_b384,bikecoming,236,0,0,2,True,False,True,0.7286099231996225,0.7286099231996225
future_own_b384,bikecoming,241,0,0,2,True,False,True,0.7040315361014045,0.7040315361014045
future_own_b384,bikecoming,242,0,0,4,True,False,True,0.6796553271407855,0.6796553271407855
future_own_b384,bikecoming,243,0,0,4,True,False,True,0.6124334871566843,0.6124334871566843
future_own_b384,bikecoming,244,0,0,2,True,False,True,0.6583771305144006,0.6583771305144006
future_own_b384,bikecoming,245,0,0,2,True,False,True,0.6128219462670099,0.6128219462670099
future_own_b384,bikecoming,246,4,0,4,True,False,True,0.582045923236676,0.6259765403224412
future_own_b384,bikecoming,247,2,1,2,True,False,True,0.5732176660216162,0.5468682336801645
future_own_b384,bikecoming,249,0,0,2,True,False,True,0.6222872701937578,0.6222872701937578
future_own_b384,bikecoming,251,0,0,4,True,False,True,0.661010743794763,0.661010743794763
future_own_b384,bikecoming,256,0,0,2,True,False,True,0.7515215672339386,0.7515215672339386
future_own_b384,bikecoming,259,0,0,2,True,False,True,0.5834658462096028,0.5834658462096028
future_own_b384,bikecoming,260,0,0,2,True,False,True,0.6805013536609203,0.6805013536609203
future_own_b384,blackboy256,235,0,0,4,True,False,True,0.3888114126857119,0.3888114126857119
future_own_b384,blackboy256,236,0,0,2,True,False,True,0.5395120454570941,0.5395120454570941
future_own_b384,blackboy256,249,0,2,4,True,False,True,0.4160740504381891,0.0
future_own_b384,blackboy256,250,0,2,6,True,False,True,0.0,0.0
future_own_b384,blackboy256,251,0,0,5,True,False,True,0.0,0.0
future_own_b384,blackboy256,253,0,0,4,True,False,True,0.0,0.0
future_own_b384,blackboy256,254,0,0,4,True,False,True,0.0,0.0
future_own_b384,blackboy256,255,0,0,4,True,False,True,0.0,0.0
future_own_b384,blackman_0115,240,0,0,2,True,False,True,0.6535396450573674,0.6535396450573674
future_own_b384,blackman_0115,241,0,0,2,True,False,True,0.625690047651626,0.625690047651626
future_own_b384,blackman_0115,242,0,0,2,True,False,True,0.614293543857508,0.614293543857508
future_own_b384,blackman_0115,246,0,0,2,True,False,True,0.5820944991597813,0.5820944991597813
future_own_b384,blackman_0115,269,0,0,2,True,False,True,0.7674106469778301,0.7674106469778301
future_own_b384,blackman_0115,272,4,1,4,True,False,True,0.49422678283412025,0.0
future_own_b384,blackman_0115,274,0,0,4,True,False,True,0.0,0.0
future_own_b384,blackman_0115,275,0,0,4,True,False,True,0.0,0.0
future_own_b384,blackman_0115,276,0,0,2,True,False,True,0.0,0.0
future_own_b384,blackman_0115,277,0,0,2,True,False,True,0.0,0.43093542189986883
future_own_b384,blkbikecomes,16,0,0,0,False,True,True,0.8634589796696021,0.8634589796696021
future_own_b384,blkboywithumbrella,414,0,1,4,True,False,True,0.5555653662873501,0.0
future_own_b384,blkboywithumbrella,416,0,0,2,True,False,True,0.550138998768922,0.550138998768922
future_own_b384,blkboywithumbrella,428,0,0,4,True,False,True,0.539001614478075,0.539001614478075
future_own_b384,blkboywithumbrella,429,0,0,2,True,False,True,0.5037238376433848,0.5037238376433848
future_own_b384,blkboywithumbrella,447,4,0,4,True,False,True,0.46115029197562457,0.0014609282242082269
future_own_b384,blkboywithumbrella,448,0,0,2,True,False,True,0.6334790795244268,0.6334790795244268
future_own_b384,boybackpack,31,0,1,0,False,False,True,0.0,0.6785255656178161
future_own_b384,boybackpack,52,0,0,2,True,False,True,0.6529575891089808,0.6529575891089808
future_own_b384,boybackpack,59,0,0,6,True,False,True,0.5567775767922849,0.5567775767922849
future_own_b384,boybackpack,108,2,2,2,True,False,True,0.5955541619901847,0.0
future_own_b384,boybackpack,110,6,2,6,True,False,True,0.0,0.0
future_own_b384,boybackpack,111,0,0,2,True,False,True,0.0,0.0
future_own_b384,boybackpack,112,0,1,4,True,False,True,0.0,0.6106586957361881
future_own_b384,boybackpack,114,0,2,2,True,False,True,0.3491813138902828,0.0020763154689783093
future_own_b384,boybackpack,115,0,0,1,True,False,True,0.23788293707376323,0.23788293707376323
future_own_b384,boybackpack,116,2,2,2,True,False,True,0.3562738577670535,0.0
future_own_b384,boybackpack,121,0,1,0,False,False,True,0.0,0.0
future_own_b384,boybackpack,123,0,0,2,True,False,True,0.0,0.8304177171282913
future_own_b384,boybackpack,208,0,0,2,True,False,True,0.7186700724618597,0.7186700724618597
future_own_b384,boybackpack,209,0,0,2,True,False,True,0.7346900210787212,0.7346900210787212
future_own_b384,boybackpack,210,0,0,2,True,False,True,0.6533637078149068,0.6533637078149068
future_own_b384,boybackpack,211,0,0,4,True,False,True,0.4550377208018767,0.4550377208018767
future_own_b384,boybackpack,212,0,0,2,True,False,True,0.5199744378785289,0.5199744378785289
future_own_b384,boybackpack,213,0,0,2,True,False,True,0.44487167499228353,0.44487167499228353
future_own_b384,boybackpack,214,0,0,4,True,False,True,0.4185638243349883,0.4185638243349883
future_own_b384,boybackpack,216,0,0,2,True,False,True,0.27253377320506444,0.27253377320506444
future_own_b384,boybackpack,217,0,0,2,True,False,True,0.21487459663541394,0.21487459663541394
future_own_b384,boybackpack,218,0,0,4,True,False,True,0.07176173968804887,0.07176173968804887
future_own_b384,boybesidescarwithouthat,23,0,0,2,True,False,True,0.35715297268313423,0.35715297268313423
future_own_b384,boybesidescarwithouthat,73,0,0,0,False,False,True,0.8821335015817868,0.0
future_own_b384,boybesidescarwithouthat,76,0,1,0,False,False,True,0.0,0.0
future_own_b384,boybesidescarwithouthat,90,4,0,4,True,False,True,0.0,0.7635172875158498
future_own_b384,boybesidescarwithouthat,100,4,1,4,True,False,True,0.8207406731693425,0.6810544173426248
future_own_b384,boybesidescarwithouthat,135,0,0,0,False,False,True,0.8584434511373187,0.0
future_own_b384,boybesidescarwithouthat,136,0,1,0,False,False,True,0.0,0.6741017354788524
future_own_b384,boybesidescarwithouthat,142,0,1,1,True,False,True,0.8703539392162749,0.8703539392162749
future_own_b384,boybesidescarwithouthat,147,0,0,2,True,False,True,0.8992559677544135,0.8992559677544135
future_own_b384,boybesidescarwithouthat,149,0,0,4,True,False,True,0.06800342051035453,0.06800342051035453
future_own_b384,boybesidescarwithouthat,150,0,1,2,True,False,True,0.0,0.0
future_own_b384,boybesidescarwithouthat,151,4,0,4,True,False,True,0.0,0.0
future_own_b384,boybesidescarwithouthat,153,0,1,0,False,False,True,0.0,0.0
future_own_b384,boybesidescarwithouthat,168,0,0,4,True,False,True,0.0,0.0
future_own_b384,boybesidescarwithouthat,172,0,0,4,True,False,True,0.0,0.0
future_own_b384,boybesidescarwithouthat,175,0,0,2,True,False,True,0.0,0.0
future_own_b384,boybesidescarwithouthat,176,0,0,2,True,False,True,0.0,0.0
future_own_b384,boybesidescarwithouthat,178,0,1,0,False,False,True,0.0,0.0
future_own_b384,boybesidescarwithouthat,179,0,0,1,True,False,True,0.0,0.0
future_own_b384,boybesidescarwithouthat,181,0,0,2,True,False,True,0.0,0.0
future_own_b384,boybesidescarwithouthat,182,0,0,2,True,False,True,0.0,0.0
future_own_b384,boybesidescarwithouthat,184,0,2,2,True,False,True,0.0,0.0
future_own_b384,boybesidescarwithouthat,191,0,0,2,True,False,True,0.0,0.0
future_own_b384,boybesidescarwithouthat,199,0,0,2,True,False,True,0.0,0.0
future_own_b384,boybesidescarwithouthat,200,0,0,2,True,False,True,0.0,0.0
future_own_b384,boybesidescarwithouthat,204,0,1,0,False,False,True,0.0,0.0
future_own_b384,boybesidescarwithouthat,205,0,1,1,True,False,True,0.0,0.0
future_own_b384,boybesidescarwithouthat,206,0,0,2,True,False,True,0.0,0.0
future_own_b384,boybesidescarwithouthat,207,0,0,4,True,False,True,0.0,0.0
future_own_b384,boybesidescarwithouthat,208,0,1,4,True,False,True,0.0,0.7709805591710892
future_own_b384,boybesidescarwithouthat,217,0,1,0,False,False,True,0.0,0.7877052037569422
future_own_b384,boybesidescarwithouthat,245,0,0,2,True,False,True,0.25806184662403203,0.25806184662403203
future_own_b384,boybesidescarwithouthat,279,0,1,2,True,False,True,0.0,0.0
future_own_b384,boybesidescarwithouthat,301,0,0,2,True,False,True,0.0,0.0
future_own_b384,boybesidescarwithouthat,302,0,0,4,True,False,True,0.0,0.0
future_own_b384,boybesidescarwithouthat,303,4,0,4,True,False,True,0.0,0.0
future_own_b384,boybesidescarwithouthat,304,6,2,6,True,False,True,0.0,0.0
future_own_b384,boyfollowing,98,0,0,2,True,False,True,0.7604350494650272,0.7604350494650272
future_own_b384,boyfollowing,103,0,1,0,False,False,True,0.7313148252771217,0.0
future_own_b384,boyfollowing,105,0,0,0,False,False,True,0.0,0.662869364724734
future_own_b384,boyfollowing,233,0,0,4,True,False,True,0.5723028235968393,0.5723028235968393
future_own_b384,boyfollowing,234,0,0,2,True,False,True,0.15109205762049513,0.15109205762049513
future_own_b384,boyfollowing,235,4,0,4,True,False,True,0.16877958550642677,0.0
future_own_b384,boyfollowing,239,5,0,5,True,False,True,0.0,0.0
future_own_b384,boyfollowing,247,0,1,0,False,False,True,0.0,0.0
future_own_b384,boyfollowing,248,0,0,1,True,False,True,0.0,0.0
future_own_b384,boyfollowing,257,0,1,0,False,False,True,0.0,0.0
future_own_b384,boyfollowing,260,0,0,2,True,False,True,0.0,0.0
future_own_b384,boyfollowing,267,0,0,2,True,False,True,0.0,0.0
future_own_b384,boyfollowing,273,0,0,2,True,False,True,0.0,0.0
future_own_b384,boyfollowing,277,0,0,2,True,False,True,0.0,0.0
future_own_b384,boyfollowing,281,0,1,0,False,False,True,0.0,0.023146272276364423
future_own_b384,boyleave,374,0,0,2,True,False,True,0.59470625980225,0.59470625980225
future_own_b384,boyleave,378,0,0,2,True,False,True,0.4226529261370441,0.4226529261370441
future_own_b384,boyrightrubbish,50,0,1,0,False,False,True,0.41760132833071384,0.5923764833668093
future_own_b384,boyrightrubbish,62,0,0,6,True,False,True,0.2771711397570606,0.2771711397570606
future_own_b384,boyrightrubbish,63,0,0,6,True,False,True,0.4471647010627071,0.4471647010627071
future_own_b384,boyrightrubbish,65,0,0,6,True,False,True,0.479516451666591,0.479516451666591
future_own_b384,boysback,132,5,0,5,True,False,True,0.0,0.23157205993584346
future_own_b384,boysumbrella,3,0,0,2,True,False,True,0.3208533717377626,0.3208533717377626
future_own_b384,boysumbrella,4,0,0,4,True,False,True,0.1665969863090405,0.1665969863090405
future_own_b384,boysumbrella,6,2,1,2,True,False,True,0.3687713494318869,0.3207500605647082
future_own_b384,boysumbrella,20,0,0,2,True,False,True,0.6266579027177588,0.6266579027177588
future_own_b384,boysumbrella,21,0,0,2,True,False,True,0.28514304177105787,0.28514304177105787
future_own_b384,boysumbrella,22,0,0,4,True,False,True,0.21178583162552578,0.21178583162552578
future_own_b384,boysumbrella,23,0,0,4,True,False,True,0.19336902061843958,0.19336902061843958
future_own_b384,boysumbrella,24,0,0,4,True,False,True,0.20330458452307523,0.20330458452307523
future_own_b384,boysumbrella,25,0,0,4,True,False,True,0.28685653383158366,0.28685653383158366
future_own_b384,boysumbrella,26,0,0,4,True,False,True,0.6267646975878562,0.6267646975878562
future_own_b384,boysumbrella,31,0,0,4,True,False,True,0.4540760060414534,0.4540760060414534
future_own_b384,boysumbrella,40,0,0,4,True,False,True,0.2014479007123377,0.2014479007123377
future_own_b384,boysumbrella,42,0,0,4,True,False,True,0.2812381210114541,0.2812381210114541
future_own_b384,boysumbrella,44,0,0,4,True,False,True,0.255567778634434,0.255567778634434
future_own_b384,boysumbrella,45,0,0,2,True,False,True,0.12172148705908266,0.12172148705908266
future_own_b384,boysumbrella,59,0,0,2,True,False,True,0.4448439878893959,0.4448439878893959
future_own_b384,boysumbrella,60,0,0,4,True,False,True,0.4795880848979199,0.4795880848979199
future_own_b384,boysumbrella,65,0,0,4,True,False,True,0.32722254523684846,0.32722254523684846
future_own_b384,boysumbrella,66,0,0,4,True,False,True,0.19773733285412656,0.19773733285412656
future_own_b384,boysumbrella,67,0,0,4,True,False,True,0.1491810268829499,0.1491810268829499
future_own_b384,boysumbrella,68,0,0,4,True,False,True,0.14989320225372418,0.14989320225372418
future_own_b384,boysumbrella,69,0,0,4,True,False,True,0.26388089120234987,0.26388089120234987
future_own_b384,boysumbrella,70,0,0,4,True,False,True,0.322926241229327,0.322926241229327
future_own_b384,boysumbrella,71,0,0,6,True,False,True,0.2834048451989825,0.2834048451989825
future_own_b384,boysumbrella,72,0,0,6,True,False,True,0.43275397048480385,0.43275397048480385
future_own_b384,boysumbrella,73,0,0,6,True,False,True,0.32731497772806845,0.32731497772806845
future_own_b384,boysumbrella,83,0,0,2,True,False,True,0.38366506568483866,0.38366506568483866
future_own_b384,boysumbrella,84,0,0,2,True,False,True,0.34927187345227717,0.34927187345227717
future_own_b384,boysumbrella,85,0,0,4,True,False,True,0.3324057551452307,0.3324057551452307
future_own_b384,boysumbrella,88,0,0,4,True,False,True,0.21192179350929585,0.21192179350929585
future_own_b384,boysumbrella,89,0,1,0,False,False,True,0.47975477390911,0.0
future_own_b384,boysumbrella,90,0,1,6,True,False,True,0.022843671254345665,0.5426153793140293
future_own_b384,boysumbrella,94,0,0,6,True,False,True,0.3869776091630983,0.3869776091630983
future_own_b384,boysumbrella,95,0,0,6,True,False,True,0.4163226227380861,0.4163226227380861
future_own_b384,boysumbrella,96,0,0,6,True,False,True,0.5212893048914538,0.5212893048914538
future_own_b384,boysumbrella,97,0,0,6,True,False,True,0.3825143530002977,0.3825143530002977
future_own_b384,boysumbrella,98,6,3,6,True,False,True,0.565301683125941,0.0
future_own_b384,boysumbrella,99,0,0,4,True,False,True,0.0,0.0
future_own_b384,boysumbrella,100,0,0,4,True,False,True,0.0,0.0
future_own_b384,boysumbrella,101,0,0,4,True,False,True,0.0,0.0
future_own_b384,boysumbrella,102,0,1,4,True,False,True,0.0,0.0
future_own_b384,boysumbrella,103,0,0,6,True,False,True,0.0,0.0
future_own_b384,boysumbrella,104,0,0,6,True,False,True,0.0,0.0
future_own_b384,boysumbrella,105,0,0,6,True,False,True,0.0,0.0
future_own_b384,boysumbrella,106,6,1,6,True,False,True,0.0,0.0
future_own_b384,boysumbrella,107,0,0,6,True,False,True,0.0,0.0
future_own_b384,boysumbrella,108,6,0,6,True,False,True,0.0,0.0
future_own_b384,boysumbrella,109,6,0,6,True,False,True,0.0,0.0
future_own_b384,boysumbrella,110,0,0,6,True,False,True,0.0,0.0
future_own_b384,boysumbrella,111,2,3,2,True,False,True,0.0,0.0
future_own_b384,boysumbrella,112,5,0,5,True,False,True,0.0,0.0
future_own_b384,boysumbrella,113,2,0,2,True,False,True,0.0,0.0
future_own_b384,boysumbrella,114,0,1,1,True,False,True,0.0,0.45178758771420446
future_own_b384,boysumbrella,140,0,0,2,True,False,True,0.916196668318591,0.916196668318591
future_own_b384,boysumbrella,256,0,0,2,True,False,True,0.5111261390223326,0.5111261390223326
future_own_b384,boysumbrella,260,0,0,2,True,False,True,0.7679209758874859,0.7679209758874859
future_own_b384,boysumbrella,266,0,0,2,True,False,True,0.6573267864803222,0.6573267864803222
future_own_b384,boysumbrella,274,0,0,2,True,False,True,0.9184895122547071,0.9184895122547071
future_own_b384,boysumbrella,396,0,0,6,True,False,True,0.4935944829886071,0.4935944829886071
future_own_b384,boysumbrella,402,0,0,2,True,False,True,0.6298509564808988,0.6298509564808988
future_own_b384,boysumbrella,408,0,0,4,True,False,True,0.5734093967348481,0.5734093967348481
future_own_b384,boysumbrella,412,0,0,4,True,False,True,0.6029310163480035,0.6029310163480035
future_own_b384,boysumbrella,413,0,0,4,True,False,True,0.5796179983206668,0.5796179983206668
future_own_b384,boysumbrella,414,0,0,4,True,False,True,0.4340039369617197,0.4340039369617197
future_own_b384,boysumbrella,415,0,1,4,True,False,True,0.5190927895096804,0.0
future_own_b384,boysumbrella,416,0,1,1,True,False,True,0.0,0.6395227962284064
future_own_b384,boysumbrella,419,0,0,4,True,False,True,0.654990359024208,0.654990359024208
future_own_b384,boysumbrella,420,0,0,4,True,False,True,0.9279903503060783,0.9279903503060783
future_own_b384,boysumbrella,421,0,0,2,True,False,True,0.6141580999566645,0.6141580999566645
future_own_b384,boysumbrella,422,0,0,4,True,False,True,0.4979240149534135,0.4979240149534135
future_own_b384,boysumbrella,423,4,2,4,True,False,True,0.571754107405326,0.0
future_own_b384,boysumbrella,424,0,0,4,True,False,True,0.0,0.0
future_own_b384,boysumbrella,425,4,0,4,True,False,True,0.0,0.0
future_own_b384,boysumbrella,426,5,1,5,True,False,True,0.0,0.0
future_own_b384,boysumbrella,427,6,0,6,True,False,True,0.0,0.0
future_own_b384,boysumbrella,428,0,0,6,True,False,True,0.0,0.0
future_own_b384,boysumbrella,429,6,2,6,True,False,True,0.0,0.6142792792750507
future_own_b384,boysumbrella,437,0,0,2,True,False,True,0.7198104624705035,0.7198104624705035
future_own_b384,boysumbrella,438,0,0,0,False,False,True,0.6131987843621722,0.02613505251340894
future_own_b384,boysumbrella,440,0,0,2,True,False,True,0.39519702429038284,0.39519702429038284
future_own_b384,boytakepath,119,0,0,2,True,False,True,0.8876150997842319,0.8876150997842319
future_own_b384,boytakepath,130,0,0,1,True,False,True,0.3177119333258052,0.3177119333258052
future_own_b384,boytakepath,131,0,0,4,True,False,True,0.07946756726415084,0.07946756726415084
future_own_b384,boytakepath,132,0,0,4,True,False,True,0.30368439126814806,0.30368439126814806
future_own_b384,boytakepath,152,0,0,2,True,False,True,0.8572144915228009,0.8572144915228009
future_own_b384,boytakepath,153,0,0,2,True,False,True,0.7014699667410722,0.7014699667410722
future_own_b384,boytakepath,154,0,0,2,True,False,True,0.6822286231023351,0.6822286231023351
future_own_b384,boytakepath,155,0,0,4,True,False,True,0.7351519285566555,0.7351519285566555
future_own_b384,boytakepath,156,0,0,4,True,False,True,0.5655449727219481,0.5655449727219481
future_own_b384,boytakepath,157,0,0,4,True,False,True,0.5209307421795999,0.5209307421795999
future_own_b384,boytakepath,162,0,0,4,True,False,True,0.5731464533290216,0.5731464533290216
future_own_b384,boytakepath,163,0,0,4,True,False,True,0.7323319327304646,0.7323319327304646
future_own_b384,boytakepath,164,0,0,4,True,False,True,0.29892467674837014,0.29892467674837014
future_own_b384,boytakepath,165,0,0,4,True,False,True,0.15406420632671203,0.15406420632671203
future_own_b384,boytakepath,166,0,0,4,True,False,True,0.1529784233863922,0.1529784233863922
future_own_b384,boytakepath,167,0,0,4,True,False,True,0.20750433766759502,0.20750433766759502
future_own_b384,boytakepath,168,0,1,4,True,False,True,0.1597530088508065,0.0
future_own_b384,boytakepath,169,0,0,1,True,False,True,0.0,0.0
future_own_b384,boytakepath,170,0,0,4,True,False,True,0.0,0.0
future_own_b384,boytakepath,171,0,0,4,True,False,True,0.0,0.0
future_own_b384,boytakepath,172,0,0,4,True,False,True,0.0,0.0
future_own_b384,boytakepath,173,0,0,4,True,False,True,0.0,0.0
future_own_b384,boytakepath,174,0,0,4,True,False,True,0.0,0.0
future_own_b384,boytakepath,175,0,0,4,True,False,True,0.0,0.0
future_own_b384,boytakepath,176,4,3,4,True,False,True,0.0,0.4083808064733855
future_own_b384,boytakepath,177,0,0,5,True,False,True,0.45186772867088154,0.45186772867088154
future_own_b384,boytakepath,180,0,0,4,True,False,True,0.4058541480465316,0.4058541480465316
future_own_b384,boytakepath,182,0,0,4,True,False,True,0.4050328947701734,0.4050328947701734
future_own_b384,boytakepath,189,0,0,2,True,False,True,0.9335336601949165,0.9335336601949165
future_own_b384,boytakepath,190,0,0,2,True,False,True,0.8900733440255237,0.8900733440255237
future_own_b384,boytakepath,191,0,0,2,True,False,True,0.6507828736098513,0.6507828736098513
future_own_b384,boytakepath,195,0,0,4,True,False,True,0.7688876529739596,0.7688876529739596
future_own_b384,boytakepath,197,0,2,4,True,False,True,0.4257766172408196,0.0
future_own_b384,boytakepath,199,0,0,4,True,False,True,0.0,0.0
future_own_b384,boytakepath,200,6,0,6,True,False,True,0.05622723618103019,0.3828839357682765
future_own_b384,boytakepath,201,0,0,4,True,False,True,0.6641918800100352,0.6641918800100352
future_own_b384,boytakepath,202,0,0,4,True,False,True,0.40521841325627905,0.40521841325627905
future_own_b384,boytakepath,206,0,0,4,True,False,True,0.45289792377072224,0.45289792377072224
future_own_b384,boytakepath,207,0,0,4,True,False,True,0.023897764850878772,0.023897764850878772
future_own_b384,boytakepath,208,4,2,4,True,False,True,0.16159234629848185,0.0
future_own_b384,boytakepath,209,0,0,5,True,False,True,0.0,0.0
future_own_b384,boytakepath,210,0,0,4,True,False,True,0.0,0.0
future_own_b384,boytakepath,211,0,0,4,True,False,True,0.0,0.0
future_own_b384,boytakepath,212,0,0,4,True,False,True,0.0,0.0
future_own_b384,boytakepath,213,0,0,4,True,False,True,0.0,0.0
future_own_b384,boytakepath,214,0,0,4,True,False,True,0.0,0.0
future_own_b384,boytakepath,215,0,0,4,True,False,True,0.0,0.0
future_own_b384,boytakepath,216,0,0,4,True,False,True,0.0,0.0
future_own_b384,boytakepath,217,0,0,4,True,False,True,0.0,0.0
future_own_b384,boytakepath,218,0,0,4,True,False,True,0.0,0.0
future_own_b384,boytakepath,219,0,0,4,True,False,True,0.0,0.0
future_own_b384,boytakepath,220,0,0,4,True,False,True,0.0,0.0
future_own_b384,boytakepath,221,0,0,4,True,False,True,0.013666113329662048,0.013666113329662048
future_own_b384,boytakepath,222,0,0,4,True,False,True,0.12564384478473956,0.12564384478473956
future_own_b384,boytakepath,223,0,0,4,True,False,True,0.35248833061161705,0.35248833061161705
future_own_b384,boytakepath,224,0,0,4,True,False,True,0.48098184721504644,0.48098184721504644
future_own_b384,boytakepath,225,0,0,2,True,False,True,0.749347789458087,0.749347789458087
future_own_b384,boytakepath,230,0,0,4,True,False,True,0.20043139098115476,0.20043139098115476
future_own_b384,boytakepath,231,0,0,4,True,False,True,0.06782675328195929,0.06782675328195929
future_own_b384,boytakepath,232,0,0,4,True,False,True,0.016672582453281022,0.016672582453281022
future_own_b384,boytakepath,233,0,0,4,True,False,True,0.0,0.0
future_own_b384,boytakepath,234,0,0,4,True,False,True,0.0,0.0
future_own_b384,boytakepath,235,6,3,6,True,False,True,0.0,0.0
future_own_b384,boytakepath,236,0,0,1,True,False,True,0.0,0.0
future_own_b384,boytakepath,237,0,0,4,True,False,True,0.0,0.0
future_own_b384,boytakepath,238,0,0,2,True,False,True,0.0,0.0
future_own_b384,boytakepath,240,0,0,2,True,False,True,0.0,0.0
future_own_b384,boytakepath,244,5,3,5,True,False,True,0.0,0.0
future_own_b384,boytakepath,245,0,1,6,True,False,True,0.0,0.0
future_own_b384,boytakepath,246,0,0,6,True,False,True,0.0,0.0
future_own_b384,boytakepath,247,0,0,4,True,False,True,0.0,0.0
future_own_b384,boytakepath,248,0,0,4,True,False,True,0.0,0.0
future_own_b384,boytakepath,249,0,1,4,True,False,True,0.0,0.0
future_own_b384,boytakepath,250,6,1,6,True,False,True,0.0,0.0
future_own_b384,boytakepath,252,0,0,6,True,False,True,0.0,0.0
future_own_b384,boytakepath,253,4,1,4,True,False,True,0.0,0.0
future_own_b384,boytakepath,254,6,0,6,True,False,True,0.0,0.0
future_own_b384,boytakepath,255,4,1,4,True,False,True,0.0,0.0
future_own_b384,boytakepath,256,4,1,4,True,False,True,0.0,0.0
future_own_b384,boytakepath,257,0,0,4,True,False,True,0.0,0.0
future_own_b384,boytakepath,258,0,0,4,True,False,True,0.0,0.0
future_own_b384,boytakepath,259,0,0,4,True,False,True,0.0,0.0
future_own_b384,boytakepath,260,0,0,6,True,False,True,0.0,0.0
future_own_b384,boytakepath,261,0,0,4,True,False,True,0.0,0.0
future_own_b384,boytakepath,262,0,0,4,True,False,True,0.0,0.0
future_own_b384,boytakepath,263,0,0,4,True,False,True,0.0,0.0
future_own_b384,boytakepath,264,0,0,4,True,False,True,0.0,0.0
future_own_b384,boytakepath,265,0,0,4,True,False,True,0.0,0.0
future_own_b384,boytakepath,266,0,0,4,True,False,True,0.0,0.0
future_own_b384,boytakepath,267,0,0,4,True,False,True,0.0,0.0
future_own_b384,boytakepath,268,0,0,4,True,False,True,0.0,0.0
future_own_b384,boytakepath,269,0,0,4,True,False,True,0.0,0.0
future_own_b384,boytakepath,270,0,0,4,True,False,True,0.0,0.0
future_own_b384,boytakepath,271,0,0,4,True,False,True,0.0,0.0
future_own_b384,boytakepath,272,0,0,4,True,False,True,0.0,0.0
future_own_b384,boytakepath,273,0,1,4,True,False,True,0.0,0.0
future_own_b384,boytakepath,274,0,0,4,True,False,True,0.0,0.0
future_own_b384,boytakepath,275,0,0,4,True,False,True,0.0,0.0
future_own_b384,boytakepath,276,0,0,4,True,False,True,0.0,0.0
future_own_b384,boytakepath,277,0,1,6,True,False,True,0.0,0.4948219621867881
future_own_b384,boytakepath,283,0,0,1,True,False,True,0.3259924498460611,0.3259924498460611
future_own_b384,boytakepath,284,0,0,1,True,False,True,0.20998193339744378,0.20998193339744378
future_own_b384,boytakepath,285,0,0,1,True,False,True,0.12110251993385569,0.12110251993385569
future_own_b384,boytakepath,286,0,0,1,True,False,True,0.0,0.0
future_own_b384,boytakepath,287,0,0,4,True,False,True,0.0,0.0
future_own_b384,boytakepath,288,0,0,4,True,False,True,0.0,0.0
future_own_b384,boytakepath,289,0,0,4,True,False,True,0.0,0.0
future_own_b384,boytakepath,290,0,0,4,True,False,True,0.0,0.0
future_own_b384,boytakepath,291,4,0,4,True,False,True,0.0,0.547966599794535
future_own_b384,boytakepath,292,0,0,4,True,False,True,0.5367275291223763,0.5367275291223763
future_own_b384,boytakepath,293,4,1,4,True,False,True,0.6718143991310729,0.49746567191065405
future_own_b384,boytakepath,296,4,0,4,True,False,True,0.47188299384833055,0.4454089286196896
future_own_b384,boytakepath,297,0,1,4,True,False,True,0.25239615695518786,0.0
future_own_b384,boytakepath,298,0,0,4,True,False,True,0.0,0.0
future_own_b384,boytakepath,299,0,0,4,True,False,True,0.0,0.0
future_own_b384,boytakepath,300,0,0,4,True,False,True,0.0,0.0
future_own_b384,boytakepath,301,0,0,4,True,False,True,0.0,0.0
future_own_b384,boytakepath,302,0,0,4,True,False,True,0.0,0.0
future_own_b384,boytakepath,303,0,0,4,True,False,True,0.0,0.0
future_own_b384,boytakepath,304,0,0,4,True,False,True,0.0,0.0
future_own_b384,boytakepath,305,0,0,4,True,False,True,0.0,0.0
future_own_b384,boytakepath,306,4,0,4,True,False,True,0.0,0.0
future_own_b384,boytakepath,307,0,0,4,True,False,True,0.0,0.0
future_own_b384,boytakepath,308,0,0,4,True,False,True,0.0,0.0
future_own_b384,boytakepath,309,0,0,4,True,False,True,0.0,0.0
future_own_b384,boytakepath,310,0,0,4,True,False,True,0.0,0.0
future_own_b384,boytakepath,311,0,0,4,True,False,True,0.0,0.0
future_own_b384,boytakepath,312,0,0,4,True,False,True,0.0,0.0
future_own_b384,boytakepath,313,0,0,4,True,False,True,0.0,0.0
future_own_b384,boytakepath,314,0,0,4,True,False,True,0.0,0.0
future_own_b384,boytakepath,315,0,0,4,True,False,True,0.0,0.0
future_own_b384,boytakepath,316,0,0,4,True,False,True,0.0,0.0
future_own_b384,boytakepath,317,0,0,4,True,False,True,0.0,0.0
future_own_b384,boytakepath,318,0,0,4,True,False,True,0.0,0.0
future_own_b384,boytakepath,319,0,0,4,True,False,True,0.0,0.0
future_own_b384,boytakepath,320,0,0,4,True,False,True,0.0,0.0
future_own_b384,boytakepath,321,0,0,4,True,False,True,0.0,0.0
future_own_b384,boytakepath,322,0,0,4,True,False,True,0.0,0.0
future_own_b384,boytakepath,323,0,0,4,True,False,True,0.0,0.0
future_own_b384,boytakepath,324,0,0,4,True,False,True,0.0,0.0
future_own_b384,boytakepath,325,0,0,4,True,False,True,0.0,0.0
future_own_b384,boytakepath,326,0,0,4,True,False,True,0.0,0.0
future_own_b384,boytakepath,327,0,0,4,True,False,True,0.0,0.0
future_own_b384,boytakepath,328,0,0,4,True,False,True,0.0,0.0
future_own_b384,boytakepath,329,0,0,4,True,False,True,0.0,0.0
future_own_b384,boytakepath,330,0,0,4,True,False,True,0.0,0.0
future_own_b384,boytakepath,331,0,0,4,True,False,True,0.0,0.0
future_own_b384,boytakepath,332,0,0,4,True,False,True,0.0,0.0
future_own_b384,boytakepath,333,0,0,4,True,False,True,0.0,0.0
future_own_b384,boytakepath,334,0,0,4,True,False,True,0.0,0.0
future_own_b384,boytakepath,335,0,0,4,True,False,True,0.0,0.0
future_own_b384,boytakepath,336,0,0,4,True,False,True,0.0,0.0
future_own_b384,boytakepath,337,0,0,4,True,False,True,0.0,0.0
future_own_b384,boytakepath,338,0,0,4,True,False,True,0.0,0.0
future_own_b384,boytakepath,339,0,0,4,True,False,True,0.0,0.0
future_own_b384,boytakepath,340,0,0,4,True,False,True,0.0,0.0
future_own_b384,boytakepath,341,0,0,4,True,False,True,0.0,0.0
future_own_b384,boytakepath,342,0,0,4,True,False,True,0.0,0.0
future_own_b384,boytakepath,343,0,0,4,True,False,True,0.029961196037965133,0.029961196037965133
future_own_b384,boytakepath,344,0,0,4,True,False,True,0.0,0.0
future_own_b384,boytakepath,345,0,0,4,True,False,True,0.44526851828416203,0.44526851828416203
future_own_b384,boytakepath,346,0,0,4,True,False,True,0.3468105195423067,0.3468105195423067
future_own_b384,boytakepath,347,0,0,4,True,False,True,0.16929024882591878,0.16929024882591878
future_own_b384,boytakepath,348,0,0,4,True,False,True,0.05808475870510242,0.05808475870510242
future_own_b384,boytakepath,349,0,0,4,True,False,True,0.05464604877056402,0.05464604877056402
future_own_b384,boytakepath,350,0,0,4,True,False,True,0.04130464613085031,0.04130464613085031
future_own_b384,boytakepath,351,0,0,4,True,False,True,0.1781698599613131,0.1781698599613131
future_own_b384,boytakepath,352,0,0,4,True,False,True,0.010243275802302434,0.010243275802302434
future_own_b384,boytakepath,353,0,0,4,True,False,True,0.02168981900627759,0.02168981900627759
future_own_b384,boytakepath,354,0,0,4,True,False,True,0.08601804707183817,0.08601804707183817
future_own_b384,boytakepath,355,0,0,4,True,False,True,0.0070092836292738854,0.0070092836292738854
future_own_b384,boytakepath,356,0,0,4,True,False,True,0.003743050844472419,0.003743050844472419
future_own_b384,boytakepath,357,0,0,4,True,False,True,0.0,0.0
future_own_b384,boytakepath,358,0,0,4,True,False,True,0.0,0.0
future_own_b384,boytakepath,359,0,0,4,True,False,True,0.0,0.0
future_own_b384,boytakepath,360,0,0,4,True,False,True,0.0,0.0
future_own_b384,boytakepath,361,0,0,4,True,False,True,0.0,0.0
future_own_b384,boytakepath,362,0,0,4,True,False,True,0.0,0.0
future_own_b384,boytakepath,363,0,0,4,True,False,True,0.0,0.0
future_own_b384,boytakepath,364,0,0,4,True,False,True,0.0,0.0
future_own_b384,boytakepath,365,0,0,4,True,False,True,0.0,0.0
future_own_b384,boytakepath,366,0,0,4,True,False,True,0.005954509985605959,0.005954509985605959
future_own_b384,boytakepath,367,0,0,4,True,False,True,0.0,0.0
future_own_b384,boytakepath,368,0,0,4,True,False,True,0.0,0.0
future_own_b384,boytakepath,369,0,0,6,True,False,True,0.0,0.0
future_own_b384,boytakepath,370,4,4,4,True,False,True,0.0,0.0
future_own_b384,boytakepath,371,0,0,4,True,False,True,0.0,0.0
future_own_b384,boytakepath,372,0,0,4,True,False,True,0.0,0.0
future_own_b384,boytakepath,373,0,0,4,True,False,True,0.0,0.0
future_own_b384,boytakepath,374,0,0,4,True,False,True,0.0,0.0
future_own_b384,boytakepath,375,0,0,4,True,False,True,0.0,0.0
future_own_b384,boytakepath,376,0,0,4,True,False,True,0.0,0.0
future_own_b384,boytakepath,377,0,0,4,True,False,True,0.0,0.0
future_own_b384,boytakepath,378,0,1,4,True,False,True,0.0,0.0
future_own_b384,boytakepath,379,0,0,4,True,False,True,0.0,0.0
future_own_b384,boytakepath,380,0,0,4,True,False,True,0.0,0.0
future_own_b384,boytakepath,381,0,0,4,True,False,True,0.0,0.0
future_own_b384,boytakepath,382,0,0,4,True,False,True,0.0,0.0
future_own_b384,boytakepath,383,0,0,4,True,False,True,0.0,0.0
future_own_b384,boytakepath,384,0,0,4,True,False,True,0.0,0.0
future_own_b384,boytakepath,385,0,0,4,True,False,True,0.008076296187332495,0.008076296187332495
future_own_b384,boytakepath,386,0,0,4,True,False,True,0.0,0.0
future_own_b384,boytakepath,387,0,0,4,True,False,True,0.0019473869947199606,0.0019473869947199606
future_own_b384,boytakepath,388,0,0,4,True,False,True,0.01615790206524319,0.01615790206524319
future_own_b384,boytakepath,389,0,0,4,True,False,True,0.0453281388731151,0.0453281388731151
future_own_b384,boytakepath,390,0,0,4,True,False,True,0.04678189101413207,0.04678189101413207
future_own_b384,boytakepath,391,0,0,4,True,False,True,0.016439013499064566,0.016439013499064566
future_own_b384,boytakepath,392,0,0,4,True,False,True,0.0,0.0
future_own_b384,boytakepath,393,0,0,4,True,False,True,0.0,0.0
future_own_b384,boytakepath,394,0,0,4,True,False,True,0.035957042623498754,0.035957042623498754
future_own_b384,boytakepath,395,0,0,4,True,False,True,0.0,0.0
future_own_b384,boytakepath,396,0,0,4,True,False,True,0.029946799252406845,0.029946799252406845
future_own_b384,boytakepath,397,0,0,4,True,False,True,0.010643918495506433,0.010643918495506433
future_own_b384,boytakepath,398,0,0,4,True,False,True,0.0,0.0
future_own_b384,boytakepath,399,0,0,4,True,False,True,0.0,0.0
future_own_b384,boytakepath,400,0,0,4,True,False,True,0.0,0.0
future_own_b384,boytakepath,401,0,0,4,True,False,True,0.0,0.0
future_own_b384,boytakepath,402,0,0,4,True,False,True,0.0,0.0
future_own_b384,boytakepath,403,0,0,4,True,False,True,0.0,0.0
future_own_b384,boytakepath,404,0,0,2,True,False,True,0.0,0.0
future_own_b384,boytakepath,405,0,0,4,True,False,True,0.0,0.0
future_own_b384,boytakepath,406,4,0,4,True,False,True,0.0,0.0
future_own_b384,boytakepath,407,0,0,4,True,False,True,0.0,0.0
future_own_b384,boytakepath,408,5,1,5,True,False,True,0.0,0.0
future_own_b384,boytakepath,409,0,0,6,True,False,True,0.0,0.0
future_own_b384,boytakepath,410,0,0,4,True,False,True,0.0,0.0
future_own_b384,boytakepath,413,0,0,4,True,False,True,0.0,0.0
future_own_b384,boytakepath,414,0,0,4,True,False,True,0.0,0.0
future_own_b384,boytakepath,415,0,0,4,True,False,True,0.0,0.0
future_own_b384,boytakepath,419,4,4,4,True,False,True,0.0,0.0
future_own_b384,boytakepath,421,0,0,4,True,False,True,0.0,0.0
future_own_b384,boytakepath,422,0,0,4,True,False,True,0.0,0.0
future_own_b384,boytakepath,425,0,0,4,True,False,True,0.0,0.0
future_own_b384,boytakepath,427,0,0,4,True,False,True,0.0,0.0
future_own_b384,boytakepath,428,0,0,4,True,False,True,0.0,0.0
future_own_b384,boytakepath,429,0,0,4,True,False,True,0.0,0.0
future_own_b384,boytakepath,430,0,0,4,True,False,True,0.0,0.0
future_own_b384,boytakepath,431,0,0,4,True,False,True,0.0,0.0
future_own_b384,boytakepath,432,0,0,4,True,False,True,0.0,0.0
future_own_b384,boytakepath,433,0,0,4,True,False,True,0.0,0.0
future_own_b384,boytakepath,436,0,0,4,True,False,True,0.0,0.0
future_own_b384,boytakepath,437,0,0,4,True,False,True,0.0,0.0
future_own_b384,boytakepath,439,0,0,4,True,False,True,0.0,0.0
future_own_b384,boytakepath,440,0,0,4,True,False,True,0.0,0.0
future_own_b384,boytakepath,441,0,0,4,True,False,True,0.0,0.0
future_own_b384,boytakepath,442,0,0,4,True,False,True,0.0,0.0
future_own_b384,boytakepath,444,0,0,4,True,False,True,0.0,0.0
future_own_b384,boytakepath,445,0,0,4,True,False,True,0.0,0.0
future_own_b384,boytakepath,446,0,0,4,True,False,True,0.0,0.0
future_own_b384,boytakepath,447,0,0,4,True,False,True,0.0,0.0
future_own_b384,boytakepath,448,0,0,4,True,False,True,0.0,0.0
future_own_b384,boytakepath,449,0,0,4,True,False,True,0.0,0.0
future_own_b384,boytakepath,451,0,0,4,True,False,True,0.0,0.0
future_own_b384,boytakepath,453,0,0,4,True,False,True,0.0,0.0
future_own_b384,boytakepath,454,0,0,4,True,False,True,0.0,0.0
future_own_b384,boytakepath,455,0,0,4,True,False,True,0.0,0.0
future_own_b384,boytakepath,456,0,0,4,True,False,True,0.0,0.0
future_own_b384,boytakepath,457,0,0,4,True,False,True,0.0,0.0
future_own_b384,boytakepath,458,0,0,4,True,False,True,0.0,0.0
future_own_b384,boytakepath,459,4,4,4,True,False,True,0.0,0.0
future_own_b384,boytakepath,460,0,0,4,True,False,True,0.0,0.0
future_own_b384,boytakepath,461,0,0,4,True,False,True,0.0,0.0
future_own_b384,boytakepath,462,0,0,4,True,False,True,0.0,0.0
future_own_b384,boytakepath,463,0,0,4,True,False,True,0.0,0.0
future_own_b384,boytakepath,464,0,0,4,True,False,True,0.0,0.0
future_own_b384,boytakepath,465,0,0,4,True,False,True,0.0,0.0
future_own_b384,boytakepath,466,0,0,4,True,False,True,0.0,0.0
future_own_b384,boytakepath,468,0,0,4,True,False,True,0.0,0.0
future_own_b384,boytakepath,469,4,2,4,True,False,True,0.0,0.0
future_own_b384,boytakepath,470,0,0,4,True,False,True,0.0,0.0
future_own_b384,boytakepath,471,0,0,4,True,False,True,0.0,0.0
future_own_b384,boytakepath,472,0,0,4,True,False,True,0.0,0.0
future_own_b384,boytakepath,473,0,0,4,True,False,True,0.0,0.0
future_own_b384,boytakepath,474,0,0,4,True,False,True,0.0,0.0
future_own_b384,boytakepath,476,0,0,4,True,False,True,0.0,0.0
future_own_b384,boytakepath,477,4,0,4,True,False,True,0.0,0.0
future_own_b384,boytakepath,478,4,3,4,True,False,True,0.0,0.0
future_own_b384,boytakepath,479,0,0,4,True,False,True,0.0,0.0
future_own_b384,boytakepath,481,0,0,4,True,False,True,0.0,0.0
future_own_b384,boytakepath,482,0,0,4,True,False,True,0.0,0.0
future_own_b384,boytakepath,483,0,0,4,True,False,True,0.0,0.0
future_own_b384,boytakepath,484,0,0,4,True,False,True,0.3221871955577816,0.3221871955577816
future_own_b384,boytakepath,485,0,0,4,True,False,True,0.3991280921292666,0.3991280921292666
future_own_b384,boytakepath,486,0,0,4,True,False,True,0.33235454316329766,0.33235454316329766
future_own_b384,boytakepath,487,0,0,4,True,False,True,0.24611470894443277,0.24611470894443277
future_own_b384,boytakepath,488,0,0,4,True,False,True,0.28153493948761493,0.28153493948761493
future_own_b384,boytakepath,489,0,0,4,True,False,True,0.3409774749182561,0.3409774749182561
future_own_b384,boytakepath,492,4,4,4,True,False,True,0.5647153903161363,0.5306247244269343
future_own_b384,boytakepath,493,0,0,4,True,False,True,0.46114896976882347,0.46114896976882347
future_own_b384,boytakepath,494,0,0,4,True,False,True,0.36401375187753177,0.36401375187753177
future_own_b384,boytakepath,495,0,0,4,True,False,True,0.5793236829736718,0.5793236829736718
future_own_b384,boytakepath,496,0,0,4,True,False,True,0.5208028614075054,0.5208028614075054
future_own_b384,boytakepath,498,0,0,4,True,False,True,0.09400610705037941,0.09400610705037941
future_own_b384,boytakepath,499,0,0,4,True,False,True,0.19584351951499526,0.19584351951499526
future_own_b384,boytakepath,500,0,0,4,True,False,True,0.0,0.0
future_own_b384,boytakepath,501,0,0,4,True,False,True,0.0,0.0
future_own_b384,boytakepath,502,0,0,4,True,False,True,0.0,0.0
future_own_b384,boytakepath,503,0,0,4,True,False,True,0.0,0.0
future_own_b384,boytakepath,504,0,0,4,True,False,True,0.0,0.0932205820272586
future_own_b384,boytakepath,505,0,0,4,True,False,True,0.2781794683137437,0.2781794683137437
future_own_b384,boytakepath,506,4,2,4,True,False,True,0.29661661622629537,0.2087515780102967
future_own_b384,boytakepath,507,4,4,4,True,False,True,0.27465112281368603,0.20174854591187497
future_own_b384,boytakepath,508,0,0,4,True,False,True,0.39139905681025994,0.39139905681025994
future_own_b384,boytakepath,509,0,0,4,True,False,True,0.2520195546099009,0.2520195546099009
future_own_b384,boytakepath,510,0,0,4,True,False,True,0.1641181547328849,0.1641181547328849
future_own_b384,boytakepath,511,0,2,2,True,False,True,0.2243029395146146,0.0
future_own_b384,boytakepath,516,0,0,4,True,False,True,0.0,0.0
future_own_b384,boytakepath,519,0,0,4,True,False,True,0.0,0.0
future_own_b384,boytakepath,520,0,0,4,True,False,True,0.0,0.0
future_own_b384,boytakepath,521,0,0,4,True,False,True,0.0,0.0
future_own_b384,boytakepath,526,0,0,4,True,False,True,0.0,0.0
future_own_b384,boytakepath,527,0,1,4,True,False,True,0.0,0.0
future_own_b384,boytakepath,528,0,0,1,True,False,True,0.0,0.0
future_own_b384,boytakepath,529,0,0,4,True,False,True,0.0,0.0
future_own_b384,boytakepath,530,4,0,4,True,False,True,0.0,0.0
future_own_b384,boytakepath,531,0,0,5,False,False,True,0.0,0.0
future_own_b384,boytakepath,532,0,0,4,True,False,True,0.0,0.0
future_own_b384,boytakepath,533,0,0,4,True,False,True,0.0,0.0
future_own_b384,boytakepath,534,4,0,4,True,False,True,0.0,0.0
future_own_b384,boytakepath,535,0,0,4,True,False,True,0.0,0.0
future_own_b384,boytakepath,536,0,0,4,True,False,True,0.0,0.0
future_own_b384,boytakepath,538,0,0,2,True,False,True,0.0,0.0
future_own_b384,boytakepath,539,0,0,4,True,False,True,0.0,0.0
future_own_b384,boytakepath,540,0,0,4,True,False,True,0.0,0.0
future_own_b384,boytakepath,541,0,0,2,True,False,True,0.0,0.0
future_own_b384,boytakepath,542,4,1,4,True,False,True,0.0,0.0
future_own_b384,boytakepath,543,0,0,2,True,False,True,0.0,0.0
future_own_b384,boytakepath,544,0,0,4,True,False,True,0.0,0.0
future_own_b384,boytakepath,546,0,0,2,True,False,True,0.0,0.0
future_own_b384,boytakepath,547,0,0,4,True,False,True,0.0,0.0
future_own_b384,boytakepath,548,0,0,2,True,False,True,0.0,0.0
future_own_b384,boytakepath,549,0,0,2,True,False,True,0.0,0.0
future_own_b384,boytakepath,550,0,0,2,True,False,True,0.0,0.0
future_own_b384,boytakepath,551,0,0,4,True,False,True,0.0,0.0
future_own_b384,boytakepath,552,6,2,6,True,False,True,0.0,0.0
future_own_b384,boytakepath,553,1,1,1,True,False,True,0.0,0.0
future_own_b384,boytakepath,554,1,2,1,True,False,True,0.0,0.2668572333560507
future_own_b384,boytakepath,564,0,0,4,True,False,True,0.37653057739660467,0.37653057739660467
future_own_b384,boytakepath,565,0,0,2,True,False,True,0.48054111181101533,0.48054111181101533
future_own_b384,boytakepath,566,0,0,4,True,False,True,0.35026566039063944,0.35026566039063944
future_own_b384,boytakepath,567,0,0,2,True,False,True,0.4957731431907326,0.4957731431907326
future_own_b384,boytakepath,568,0,0,4,True,False,True,0.3382199060060227,0.3382199060060227
future_own_b384,boytakepath,569,4,1,4,True,False,True,0.2936196125373742,0.0
future_own_b384,boytakepath,570,0,0,4,False,False,True,0.0,0.0
future_own_b384,boytakepath,571,0,0,4,True,False,True,0.0,0.0
future_own_b384,boytakepath,572,0,0,4,True,False,True,0.0,0.0
future_own_b384,boytakepath,573,0,0,6,True,False,True,0.0,0.0
future_own_b384,boytakepath,574,0,0,4,True,False,True,0.0,0.0
future_own_b384,boytakepath,575,0,0,1,True,False,True,0.06545106884887172,0.06545106884887172
future_own_b384,boytakepath,576,0,0,1,True,False,True,0.5163820297306835,0.5163820297306835
future_own_b384,boytakepath,577,0,0,1,True,False,True,0.5519386282056524,0.5519386282056524
future_own_b384,boytakepath,579,0,0,2,True,False,True,0.457160922712506,0.457160922712506
future_own_b384,boytakepath,581,0,0,0,False,False,True,0.0,0.5069468794569482
future_own_b384,boytakepath,585,0,0,2,True,False,True,0.5464207051477902,0.5464207051477902
future_own_b384,boytakepath,586,0,0,4,True,False,True,0.5067645790888227,0.5067645790888227
future_own_b384,boytakepath,588,0,0,2,True,False,True,0.5300689964010283,0.5300689964010283
future_own_b384,boytakepath,602,0,0,4,True,False,True,0.772584398547838,0.772584398547838
future_own_b384,boytakepath,618,0,0,4,True,False,True,0.7404340976926637,0.7404340976926637
future_own_b384,boytakepath,620,0,0,2,True,False,True,0.675192111802132,0.675192111802132
future_own_b384,boytakepath,631,0,0,4,True,False,True,0.0,0.0
future_own_b384,boytakepath,632,0,0,4,True,False,True,0.0,0.0
future_own_b384,boytakepath,633,0,0,4,True,False,True,0.0,0.0
future_own_b384,boytakepath,634,0,0,4,True,False,True,0.0,0.0
future_own_b384,boytakepath,635,0,0,4,True,False,True,0.0,0.0
future_own_b384,boytakepath,636,4,0,4,True,False,True,0.0,0.0
future_own_b384,boytakepath,637,5,3,5,True,False,True,0.0,0.0
future_own_b384,boytakepath,638,0,0,4,True,False,True,0.0,0.0
future_own_b384,boytakepath,639,4,2,4,True,False,True,0.0,0.0
future_own_b384,boytakepath,640,0,0,4,True,False,True,0.0,0.0
future_own_b384,boytakepath,641,0,1,6,True,False,True,0.0,0.0
future_own_b384,boytakepath,642,0,0,1,True,False,True,0.0,0.0
future_own_b384,boytakepath,643,0,0,4,True,False,True,0.0,0.0
future_own_b384,boytakepath,644,2,1,2,True,False,True,0.0,0.0
future_own_b384,boytakepath,645,0,0,1,True,False,True,0.0,0.0
future_own_b384,boytakepath,646,0,0,4,True,False,True,0.02913287431628324,0.02913287431628324
future_own_b384,boytakepath,647,0,0,4,True,False,True,0.10109195747743661,0.10109195747743661
future_own_b384,boytakepath,648,0,0,4,True,False,True,0.19531042618580163,0.19531042618580163
future_own_b384,boytakepath,650,0,0,4,True,False,True,0.0,0.0
future_own_b384,boytakepath,651,0,0,4,True,False,True,0.0,0.0
future_own_b384,boytakepath,652,0,0,4,True,False,True,0.0,0.0
future_own_b384,boytakepath,653,0,0,4,True,False,True,0.0,0.0
future_own_b384,boytakepath,654,0,0,4,True,False,True,0.0,0.0
future_own_b384,boytakepath,655,0,0,6,True,False,True,0.0,0.0
future_own_b384,boytakepath,656,0,0,4,True,False,True,0.002217136155070001,0.002217136155070001
future_own_b384,boytakepath,657,0,0,4,True,False,True,0.0,0.0
future_own_b384,boytakepath,658,4,3,4,True,False,True,0.0,0.0
future_own_b384,boytakepath,659,0,0,5,True,False,True,0.0,0.0
future_own_b384,boytakepath,660,0,0,4,True,False,True,0.0,0.0
future_own_b384,boytakepath,661,0,0,4,True,False,True,0.0,0.0
future_own_b384,boytakepath,662,0,0,4,True,False,True,0.0,0.0
future_own_b384,boytakepath,663,0,0,4,True,False,True,0.0,0.0
future_own_b384,boytakepath,664,0,0,4,True,False,True,0.0,0.0
future_own_b384,boytakepath,669,0,0,4,True,False,True,0.0,0.0
future_own_b384,boytakepath,674,0,0,4,True,False,True,0.0,0.0
future_own_b384,boytakepath,675,0,0,4,True,False,True,0.0,0.0
future_own_b384,boytakepath,676,0,0,4,True,False,True,0.0,0.0
future_own_b384,boytakepath,679,0,0,4,True,False,True,0.0,0.0
future_own_b384,boytakepath,681,4,1,4,True,False,True,0.0,0.0
future_own_b384,boytakepath,683,4,0,4,True,False,True,0.0,0.0
future_own_b384,boytakepath,685,0,0,4,True,False,True,0.0,0.0
future_own_b384,boytakepath,686,4,2,4,True,False,True,0.0,0.0
future_own_b384,boytakepath,687,0,1,6,True,False,True,0.0,0.0
future_own_b384,boytakepath,688,0,0,1,True,False,True,0.0,0.0
future_own_b384,boytakepath,689,0,0,4,True,False,True,0.0,0.0
future_own_b384,boytakepath,690,4,0,4,True,False,True,0.0,0.0
future_own_b384,boytakepath,691,0,0,5,True,False,True,0.0,0.0
future_own_b384,boytakepath,692,0,0,4,True,False,True,0.0,0.0
future_own_b384,boytakepath,693,0,0,2,True,False,True,0.0,0.0
future_own_b384,boytakepath,694,6,2,6,True,False,True,0.0,0.0
future_own_b384,boytakepath,695,0,0,1,True,False,True,0.0,0.0
future_own_b384,boytakepath,696,4,0,4,True,False,True,0.0,0.0
future_own_b384,boytakepath,697,0,0,2,True,False,True,0.0,0.0
future_own_b384,boytakepath,699,0,0,4,True,False,True,0.0,0.0
future_own_b384,boytakepath,700,6,0,6,True,False,True,0.0,0.0
future_own_b384,boytakepath,705,0,0,2,True,False,True,0.0,0.0
future_own_b384,boytakepath,713,0,0,4,True,False,True,0.0,0.0
future_own_b384,boytakepath,715,4,3,4,True,False,True,0.0,0.0
future_own_b384,boytakepath,721,0,0,4,True,False,True,0.0,0.0
future_own_b384,boytakepath,722,4,2,4,True,False,True,0.0,0.0
future_own_b384,boytakepath,723,0,0,4,True,False,True,0.0,0.0
future_own_b384,boytakepath,724,0,0,4,True,False,True,0.0,0.0
future_own_b384,boytakepath,725,0,0,4,True,False,True,0.0,0.0
future_own_b384,boytakepath,726,0,0,4,True,False,True,0.013307974759055392,0.013307974759055392
future_own_b384,boytakepath,727,0,0,4,True,False,True,0.01121627069416318,0.01121627069416318
future_own_b384,boytakepath,728,0,0,4,True,False,True,0.038416867851442965,0.038416867851442965
future_own_b384,boytakepath,729,0,0,4,True,False,True,0.011722247368437274,0.011722247368437274
future_own_b384,boytakepath,730,0,0,4,True,False,True,0.026072598443830915,0.026072598443830915
future_own_b384,boytakepath,731,0,0,4,True,False,True,0.0,0.0
future_own_b384,boytakepath,732,0,0,4,True,False,True,0.0,0.0
future_own_b384,boytakepath,733,0,0,2,True,False,True,0.0,0.0
future_own_b384,boytakepath,734,0,0,4,True,False,True,0.0,0.0
future_own_b384,boytakepath,735,4,0,4,True,False,True,0.0,0.0
future_own_b384,boytakepath,736,0,0,4,True,False,True,0.0,0.0
future_own_b384,boytakepath,737,4,1,4,True,False,True,0.0,0.0
future_own_b384,boytakepath,738,0,0,2,True,False,True,0.0,0.0
future_own_b384,boytakepath,740,2,0,2,True,False,True,0.0,0.004163622415099414
future_own_b384,boytakepath,741,4,3,4,True,False,True,0.1233066202963246,0.0
future_own_b384,boytakepath,744,0,0,4,True,False,True,0.0,0.0
future_own_b384,boytakepath,745,0,0,4,True,False,True,0.0,0.0
future_own_b384,boytakepath,746,0,0,4,True,False,True,0.0,0.0
future_own_b384,boytakepath,748,0,0,4,True,False,True,0.0,0.0
future_own_b384,boytakepath,749,2,2,2,True,False,True,0.0,0.0
future_own_b384,boytakepath,750,0,0,4,True,False,True,0.0,0.0
future_own_b384,boytakepath,751,0,1,4,True,False,True,0.0,0.0
future_own_b384,boytakepath,752,0,1,0,False,False,True,0.11311420977611822,0.0
future_own_b384,boytakepath,753,2,0,2,True,False,True,0.0,0.07390427424066533
future_own_b384,boytakepath,755,0,0,4,True,False,True,0.38983562789141124,0.38983562789141124
future_own_b384,boytakepath,779,0,0,2,True,False,True,0.8329365364093358,0.8329365364093358
future_own_b384,boytakepath,792,4,0,4,True,False,True,0.6948814567862858,0.782390033823613
future_own_b384,dotat43,107,0,0,0,False,False,True,0.0,0.8846099606953358
future_own_b384,dotat43,173,0,0,2,True,False,True,0.7510480450964118,0.7510480450964118
future_own_b384,dotat43,226,0,0,0,False,False,True,0.0,0.8728781851341443
future_own_b384,dotat43,261,0,1,0,False,False,True,0.768858908272961,0.0
future_own_b384,dotat43,281,0,1,0,False,False,True,0.0,0.7616204892130813
future_own_b384,dotat43,337,0,0,0,False,False,True,0.6678114704586794,0.0
future_own_b384,dotat43,340,0,0,0,False,False,True,0.0,0.8058981302764137
future_own_b384,dotat43,417,0,0,0,False,False,True,0.9447684624508593,0.0
future_own_b384,dotat43,421,0,0,0,False,False,True,0.0,0.9224678564148615
future_own_b384,dotat43,429,0,0,0,False,False,True,0.0,0.7718214086661314
future_own_b384,dotat43,434,0,1,0,False,False,True,0.0,0.0
future_own_b384,dotat43,446,0,1,0,False,False,True,0.0,0.0
future_own_b384,dotat43,470,0,0,1,True,False,True,0.579477885760559,0.579477885760559
future_own_b384,dotat43,488,0,3,0,False,False,True,0.0,0.0
future_own_b384,dotat43,489,0,0,0,False,False,True,0.0,0.0
future_own_b384,dotat43,490,0,0,4,True,False,True,0.0,0.0
future_own_b384,dotat43,492,0,0,4,True,False,True,0.0,0.0
future_own_b384,dotat43,494,0,2,0,False,False,True,0.0,0.0
future_own_b384,dotat43,495,0,3,0,False,False,True,0.0,0.0
future_own_b384,dotat43,496,0,0,0,False,False,True,0.0,0.8200055413760284
future_own_b384,dotat43,505,0,2,0,False,False,True,0.0,0.0
future_own_b384,dotat43,506,0,3,6,True,False,True,0.0,0.006520104936976636
future_own_b384,dotat43,507,0,0,0,False,False,True,0.0,0.7036181018646871
future_own_b384,dotat43,511,0,2,0,False,False,True,0.26444155027791894,0.0
future_own_b384,dotat43,513,0,0,4,True,False,True,0.0,0.0
future_own_b384,dotat43,515,0,0,0,False,False,True,0.0,0.7758354950394609
future_own_b384,dotat43,532,0,1,0,False,False,True,0.0,0.6710085946663444
future_own_b384,dotat43,535,0,0,0,False,False,True,0.0,0.5467770044459596
future_own_b384,dotat43,536,0,0,4,True,False,True,0.570568840388472,0.570568840388472
future_own_b384,dotat43,537,0,0,4,True,False,True,0.6857944788265393,0.6857944788265393
future_own_b384,dotat43,540,0,1,6,True,False,True,0.704038554816313,0.0
future_own_b384,dotat43,541,0,1,0,False,False,True,0.0,0.0
future_own_b384,dotat43,542,0,1,0,False,False,True,0.0,0.0
future_own_b384,dotat43,543,0,1,6,True,False,True,0.0,0.1291381611400873
future_own_b384,dotat43,547,0,2,0,False,False,True,0.05807446082242746,0.01734179264255123
future_own_b384,dotat43,605,0,0,0,False,False,True,0.0,0.0
future_own_b384,dotat43,608,0,1,0,False,False,True,0.0,0.0
future_own_b384,dotat43,609,0,2,4,True,False,True,0.0,0.0
future_own_b384,dotat43,610,0,1,6,True,False,True,0.0,0.3263880160589864
future_own_b384,dotat43,611,0,0,5,True,False,True,0.7390341548851239,0.7390341548851239
future_own_b384,dotat43,613,0,1,0,False,False,True,0.803399715846278,0.0
future_own_b384,dotat43,614,0,1,0,False,False,True,0.0,0.43600578370776766
future_own_b384,dotat43,615,0,0,4,True,False,True,0.7511580558302324,0.7511580558302324
future_own_b384,dotat43,616,0,2,4,True,False,True,0.7557676441524237,0.0
future_own_b384,dotat43,618,6,1,6,True,False,True,0.0,0.0
future_own_b384,dotat43,619,0,2,0,False,False,True,0.0,0.0
future_own_b384,dotat43,628,0,1,0,False,False,True,0.0,0.0
future_own_b384,dotat43,630,0,2,2,True,False,True,0.0,0.0
future_own_b384,dotat43,631,6,0,6,True,False,True,0.0,0.0
future_own_b384,dotat43,632,0,2,6,True,False,True,0.0,0.0
future_own_b384,dotat43,633,0,1,0,False,False,True,0.0,0.0
future_own_b384,dotat43,661,4,0,4,True,False,True,0.6566370640836857,0.0
future_own_b384,dotat43,662,0,0,2,True,False,True,0.0,0.0
future_own_b384,dotat43,666,0,0,4,True,False,True,0.0,0.0
future_own_b384,dotat43,668,0,1,0,False,False,True,0.0,0.0
future_own_b384,dotat43,669,0,0,1,True,False,True,0.0,0.7027300962715923
future_own_b384,dotat43,713,0,1,0,False,False,True,0.8394965855014916,0.0
future_own_b384,dotat43,714,6,2,6,True,False,True,0.0,0.0
future_own_b384,dotat43,717,0,0,0,False,False,True,0.0,0.8161363457529117
future_own_b384,dotat43,750,0,0,2,True,False,True,0.7729079227382679,0.7729079227382679
future_own_b384,dotat43,766,0,3,0,False,False,True,0.0,0.8732678830761202
future_own_b384,dotat43,771,0,1,0,False,False,True,0.0,0.0
future_own_b384,dotat43,788,0,0,4,True,False,True,0.0,0.0
future_own_b384,dotat43,790,0,2,4,True,False,True,0.0,0.5035802713884496
future_own_b384,dotat43,807,0,0,0,False,False,True,0.02199587189805157,0.6718668352973582
future_own_b384,dotat43,818,0,1,0,False,False,True,0.8553566922425436,0.08884747230071298
future_own_b384,dotat43,832,0,0,0,False,False,True,0.8028058333738369,0.016308057302223917
future_own_b384,dotat43,838,0,0,0,False,False,True,0.026811102172903382,0.825002222605418
future_own_b384,dotat43,849,0,1,4,True,False,True,0.3129357210287975,0.5584073209742803
future_own_b384,dotat43,851,0,0,4,True,False,True,0.45561531027994623,0.45561531027994623
future_own_b384,dotat43,853,0,1,2,True,False,True,0.3714344568434546,0.0
future_own_b384,dotat43,854,0,0,6,True,False,True,0.0,0.6255237808944607
future_own_b384,dotat43,926,0,0,2,True,False,True,0.8359731691120323,0.8359731691120323
future_own_b384,dotat43,927,0,0,2,True,False,True,0.7830732502552953,0.7830732502552953
future_own_b384,dotat43,928,0,0,2,True,False,True,0.8440952704037085,0.8440952704037085
future_own_b384,dotat43,929,0,0,2,True,False,True,0.8458416455704206,0.8458416455704206
future_own_b384,downmoto,51,0,0,0,False,True,True,0.8093198627831591,0.8093198627831591
future_own_b384,easy_4women,158,0,0,2,True,False,True,0.8674282254252185,0.8674282254252185
future_own_b384,easy_4women,159,0,0,2,True,False,True,0.8710858960398954,0.8710858960398954
future_own_b384,easy_4women,175,0,0,2,True,False,True,0.9462283894953165,0.9462283894953165
future_own_b384,exercisebook,169,0,1,0,False,False,True,0.743723195807699,0.07909047493906796
future_own_b384,exercisebook,322,0,1,0,False,False,True,0.05337961336911073,0.7161732898073853
future_own_b384,exercisebook,847,6,0,6,True,False,True,0.3670185687979736,0.3779446924426195
future_own_b384,exercisebook,848,0,0,6,True,False,True,0.34971544109396047,0.34971544109396047
future_own_b384,exercisebook,854,0,0,1,True,False,True,0.548896630254407,0.548896630254407
future_own_b384,exercisebook,858,0,0,0,False,False,True,0.4204358326367446,0.035127960022938894
future_own_b384,exercisebook,862,0,0,0,False,False,True,0.43124895844929234,0.0
future_own_b384,exercisebook,916,0,0,0,False,False,True,0.8888792829029599,0.0
future_own_b384,exercisebook,940,0,0,6,True,False,True,0.6176109260232296,0.6176109260232296
future_own_b384,exercisebook,982,0,0,0,False,False,True,0.43902377368278994,0.0
future_own_b384,exercisebook,988,6,0,6,True,False,True,0.0,0.0
future_own_b384,exercisebook,989,6,0,6,True,False,True,0.0,0.0
future_own_b384,exercisebook,990,6,0,6,True,False,True,0.0,0.0
future_own_b384,exercisebook,991,0,1,0,False,False,True,0.0,0.38924711543494883
future_own_b384,exercisebook,1009,0,0,2,True,False,True,0.46452442458585175,0.46452442458585175
future_own_b384,exercisebook,1116,0,0,0,False,False,True,0.06999662338110837,0.7563969636881118
future_own_b384,exercisebook,1156,0,1,0,False,False,True,0.0,0.7173440303063011
future_own_b384,exercisebook,1157,0,0,2,True,False,True,0.5557236733330347,0.5557236733330347
future_own_b384,exercisebook,1158,0,0,2,True,False,True,0.6316318796876027,0.6316318796876027
future_own_b384,exercisebook,1159,0,0,2,True,False,True,0.8446598487193465,0.8446598487193465
future_own_b384,folddenumbrellainhand,16,1,4,1,True,False,True,0.060089960093817354,0.39284959389689694
future_own_b384,girlblack,195,0,1,0,False,False,True,0.0,0.7987871667711862
future_own_b384,girlblack,323,0,1,2,True,False,True,0.0,0.0
future_own_b384,girlblack,324,0,0,2,True,False,True,0.0,0.0
future_own_b384,girlblack,325,0,0,4,True,False,True,0.0,0.0
future_own_b384,girlblack,326,0,0,5,True,False,True,0.0,0.0
future_own_b384,girlblack,327,0,0,5,True,False,True,0.0,0.0
future_own_b384,girlblack,350,0,1,2,True,False,True,0.0,0.0
future_own_b384,girlblack,351,5,1,5,True,False,True,0.0,0.4731951553812604
future_own_b384,girlblack,352,0,0,0,False,False,True,0.0,0.822502745650871
future_own_b384,girlblack,353,0,0,5,True,False,True,0.0,0.0
future_own_b384,girlblack,354,0,0,4,True,False,True,0.0,0.0
future_own_b384,girlintrees,13,0,0,6,True,False,True,0.45370731884671,0.45370731884671
future_own_b384,girlintrees,14,0,0,4,True,False,True,0.31143583812805153,0.31143583812805153
future_own_b384,girlintrees,16,0,0,6,True,False,True,0.476235841119965,0.476235841119965
future_own_b384,girlintrees,17,0,0,6,True,False,True,0.4304376945367674,0.4304376945367674
future_own_b384,girlintrees,27,0,0,2,True,False,True,0.935168668597968,0.935168668597968
future_own_b384,girlintrees,55,0,0,2,True,False,True,0.5991591151561787,0.5991591151561787
future_own_b384,girlwithredhat,141,0,0,4,True,False,True,0.6890973190897884,0.6890973190897884
future_own_b384,guardatbike_ab,44,0,0,1,True,False,False,,
future_own_b384,guardatbike_ab,46,0,0,6,True,False,False,,
future_own_b384,guardatbike_ab,48,0,0,6,True,False,False,,
future_own_b384,guardatbike_ab,49,0,0,4,True,False,False,,
future_own_b384,guardatbike_ab,50,4,2,4,True,False,False,,
future_own_b384,guardatbike_ab,78,0,0,6,True,False,True,0.0,0.0
future_own_b384,guardatbike_ab,80,0,0,6,True,False,True,0.0,0.0
future_own_b384,guardatbike_ab,81,0,0,4,True,False,True,0.0,0.0
future_own_b384,guardatbike_ab,82,0,0,6,True,False,True,0.0,0.0
future_own_b384,guardatbike_ab,83,0,0,4,True,False,True,0.0,0.0
future_own_b384,guardatbike_ab,84,0,0,4,True,False,True,0.0,0.0
future_own_b384,guardatbike_ab,85,0,0,4,True,False,True,0.0,0.0
future_own_b384,guardatbike_ab,86,0,0,6,True,False,True,0.0,0.0
future_own_b384,guardatbike_ab,87,0,0,4,True,False,True,0.0,0.0
future_own_b384,guardatbike_ab,88,0,0,4,True,False,True,0.0,0.0
future_own_b384,guardatbike_ab,89,0,0,6,True,False,True,0.0,0.0
future_own_b384,guardatbike_ab,91,0,0,4,True,False,True,0.0,0.0
future_own_b384,guardatbike_ab,92,0,0,4,True,False,True,0.0,0.0
future_own_b384,guardatbike_ab,94,0,0,4,True,False,True,0.0,0.0
future_own_b384,guardatbike_ab,95,0,0,4,True,False,True,0.0,0.0
future_own_b384,guardatbike_ab,96,0,0,2,True,False,True,0.0,0.0
future_own_b384,guardatbike_ab,97,4,0,4,True,False,True,0.0,0.0
future_own_b384,guardatbike_ab,98,6,2,6,True,False,True,0.0,0.2575882736321707
future_own_b384,guardatbike_ab,99,0,0,0,False,True,True,0.8705563628751877,0.8705563628751877
future_own_b384,guardman,71,0,0,1,True,False,True,0.0,0.6159937534548741
future_own_b384,guardman,72,0,0,2,True,False,True,0.715074480735865,0.715074480735865
future_own_b384,guardman,73,0,0,2,True,False,True,0.6462128388006186,0.6462128388006186
future_own_b384,guardman,79,0,0,2,True,False,True,0.0,0.0
future_own_b384,guardman,81,0,0,1,True,False,True,0.0,0.0
future_own_b384,guardman,82,0,0,2,True,False,True,0.16051848120641815,0.0
future_own_b384,guardman,84,0,0,1,True,False,True,0.0,0.0
future_own_b384,guardman,110,0,0,2,True,False,True,0.0,0.0
future_own_b384,leftbasketball,18,0,0,4,True,False,True,0.6973788330213356,0.6973788330213356
future_own_b384,leftbasketball,55,0,0,4,True,False,True,0.256889743068045,0.256889743068045
future_own_b384,leftbasketball,56,0,0,4,True,False,True,0.29513400957046687,0.29513400957046687
future_own_b384,leftbasketball,57,0,0,4,True,False,True,0.4019724583334722,0.4019724583334722
future_own_b384,leftbasketball,58,0,0,4,True,False,True,0.33968271159437347,0.33968271159437347
future_own_b384,leftbasketball,59,0,0,4,True,False,True,0.2618927885173869,0.2618927885173869
future_own_b384,leftbasketball,60,0,0,2,True,False,True,0.21663729932933587,0.21663729932933587
future_own_b384,leftbasketball,104,0,0,4,True,False,True,0.7391248292349935,0.7391248292349935
future_own_b384,leftbasketball,107,0,1,0,False,False,True,0.5588899595199073,0.0
future_own_b384,leftbasketball,108,0,0,6,True,False,True,0.47305315608340504,0.47305315608340504
future_own_b384,leftbasketball,111,0,0,2,True,False,True,0.489541624488636,0.489541624488636
future_own_b384,leftbasketball,116,0,0,6,True,False,True,0.8471329668900065,0.8471329668900065
future_own_b384,leftbasketball,119,0,0,4,True,False,True,0.652446248905934,0.652446248905934
future_own_b384,leftbasketball,120,0,0,1,True,False,True,0.9087438735329735,0.9087438735329735
future_own_b384,leftbasketball,121,0,0,4,True,False,True,0.6092244013972141,0.6092244013972141
future_own_b384,leftbasketball,122,0,0,4,True,False,True,0.20137454698773707,0.20137454698773707
future_own_b384,leftbasketball,123,0,0,4,True,False,True,0.07310632396494193,0.07310632396494193
future_own_b384,leftbasketball,124,0,0,4,True,False,True,0.0457555360319793,0.0457555360319793
future_own_b384,leftbasketball,125,0,0,4,True,False,True,0.02151410646747628,0.02151410646747628
future_own_b384,leftbasketball,126,0,0,4,True,False,True,0.7770451971590708,0.7770451971590708
future_own_b384,leftbasketball,128,0,0,2,True,False,True,0.6517009682621269,0.6517009682621269
future_own_b384,leftbasketball,205,0,0,4,True,False,True,0.4194165725110828,0.4194165725110828
future_own_b384,leftbasketball,206,0,0,2,True,False,True,0.5406104983605007,0.5406104983605007
future_own_b384,leftbasketball,207,0,0,4,True,False,True,0.6033108291479834,0.6033108291479834
future_own_b384,leftbasketball,210,0,0,2,True,False,True,0.7053507596309309,0.7053507596309309
future_own_b384,leftbasketball,212,0,0,2,True,False,True,0.828796642772912,0.828796642772912
future_own_b384,leftbasketball,213,0,0,2,True,False,True,0.7707471773756337,0.7707471773756337
future_own_b384,leftbasketball,217,0,0,6,True,False,True,0.7299105107989103,0.7299105107989103
future_own_b384,leftbasketball,232,0,0,4,True,False,True,0.8062210904244352,0.8062210904244352
future_own_b384,leftbasketball,233,0,0,2,True,False,True,0.8566160220891065,0.8566160220891065
future_own_b384,leftbasketball,236,0,0,2,True,False,True,0.8173547270354473,0.8173547270354473
future_own_b384,leftbasketball,237,0,0,4,True,False,True,0.8764808424441827,0.8764808424441827
future_own_b384,leftbasketball,242,0,0,4,True,False,True,0.8218239465578939,0.8218239465578939
future_own_b384,leftbasketball,243,0,0,2,True,False,True,0.6536420434898594,0.6536420434898594
future_own_b384,leftbasketball,248,0,0,0,False,False,True,0.7416930682026589,0.0
future_own_b384,leftbasketball,254,0,0,4,True,False,True,0.8126543179673305,0.8126543179673305
future_own_b384,leftbasketball,258,0,0,4,True,False,True,0.7527383973083429,0.7527383973083429
future_own_b384,leftbasketball,273,0,0,2,True,False,True,0.7155066678508217,0.7155066678508217
future_own_b384,leftbasketball,290,0,0,4,True,False,True,0.7807452443433643,0.7807452443433643
future_own_b384,leftbasketball,292,0,0,4,True,False,True,0.8083782821774352,0.8083782821774352
future_own_b384,leftbasketball,293,0,0,4,True,False,True,0.7744477803168045,0.7744477803168045
future_own_b384,leftbasketball,304,0,0,4,True,False,True,0.8266319681217424,0.8266319681217424
future_own_b384,leftbasketball,305,0,0,2,True,False,True,0.5346650679275112,0.5346650679275112
future_own_b384,leftbasketball,310,0,1,0,False,False,True,0.5723016935178481,0.0
future_own_b384,leftbasketball,311,0,0,5,True,False,True,0.0,0.0
future_own_b384,leftbasketball,312,0,1,2,True,False,True,0.0,0.4989521733521822
future_own_b384,leftbasketball,315,0,1,2,True,False,True,0.7678916917645484,0.7678916917645484
future_own_b384,leftbasketball,325,4,1,4,True,False,True,0.07177347421301207,0.0
future_own_b384,leftbasketball,326,6,1,6,True,False,True,0.0,0.0
future_own_b384,leftbasketball,327,0,0,4,True,False,True,0.0,0.0
future_own_b384,leftbasketball,328,4,3,4,True,False,True,0.0,0.0
future_own_b384,leftbasketball,329,0,1,0,False,False,True,0.0,0.0
future_own_b384,leftbasketball,330,0,0,5,True,False,True,0.0,0.0
future_own_b384,leftbasketball,331,0,0,4,True,False,True,0.0,0.0
future_own_b384,leftbasketball,332,4,2,4,True,False,True,0.0,0.0
future_own_b384,leftbasketball,333,0,3,4,False,False,True,0.0,0.0
future_own_b384,leftbasketball,334,0,0,6,True,False,True,0.0,0.0
future_own_b384,leftbasketball,335,0,0,4,True,False,True,0.0,0.0
future_own_b384,leftbasketball,336,0,0,4,True,False,True,0.0,0.0
future_own_b384,leftbasketball,337,0,0,4,True,False,True,0.0,0.0
future_own_b384,leftbasketball,338,0,0,4,False,False,True,0.0,0.0
future_own_b384,leftbasketball,339,0,0,6,True,False,True,0.0,0.0
future_own_b384,leftbasketball,340,4,3,4,True,False,True,0.0,0.0
future_own_b384,leftbasketball,341,0,0,4,False,False,True,0.0,0.0
future_own_b384,leftbasketball,342,6,0,6,True,False,True,0.0,0.0
future_own_b384,leftbasketball,343,0,0,1,True,False,True,0.0,0.0
future_own_b384,leftbasketball,344,0,0,4,True,False,True,0.0,0.0
future_own_b384,leftbasketball,345,0,0,2,True,False,True,0.0,0.0
future_own_b384,leftbasketball,346,0,0,4,True,False,True,0.0,0.0
future_own_b384,leftbasketball,347,0,0,4,True,False,True,0.0,0.0
future_own_b384,leftbasketball,348,0,0,4,True,False,True,0.0,0.0
future_own_b384,leftbasketball,349,0,0,6,True,False,True,0.0,0.0
future_own_b384,leftbasketball,350,0,0,4,True,False,True,0.0,0.0
future_own_b384,leftbasketball,351,0,0,4,True,False,True,0.0,0.0
future_own_b384,leftbasketball,352,0,0,2,True,False,True,0.0,0.0
future_own_b384,leftbasketball,353,0,0,4,True,False,True,0.0,0.0
future_own_b384,leftbasketball,354,0,0,4,True,False,True,0.0,0.0
future_own_b384,leftbasketball,355,0,0,6,True,False,True,0.0,0.0
future_own_b384,leftbasketball,356,0,0,4,True,False,True,0.0,0.0
future_own_b384,leftbasketball,357,0,0,4,True,False,True,0.0,0.0
future_own_b384,leftbasketball,358,0,0,4,True,False,True,0.0,0.0
future_own_b384,leftbasketball,359,0,0,4,True,False,True,0.0,0.0
future_own_b384,leftbasketball,360,0,0,4,True,False,True,0.0,0.0
future_own_b384,leftbasketball,361,0,0,4,True,False,True,0.0,0.0
future_own_b384,leftbasketball,362,0,0,4,True,False,True,0.0,0.0
future_own_b384,leftbasketball,363,0,0,4,True,False,True,0.0,0.0
future_own_b384,leftbasketball,364,0,0,4,True,False,True,0.0,0.0
future_own_b384,leftbasketball,365,4,0,4,True,False,True,0.0,0.0
future_own_b384,leftbasketball,366,0,0,4,False,False,True,0.0,0.0
future_own_b384,leftbasketball,367,4,2,4,True,False,True,0.0,0.0
future_own_b384,leftbasketball,368,5,2,5,True,False,True,0.0,0.0
future_own_b384,leftbasketball,369,0,0,6,True,False,True,0.0,0.0
future_own_b384,leftbasketball,370,4,0,4,True,False,True,0.0,0.0
future_own_b384,leftbasketball,371,5,0,5,True,False,True,0.0,0.0
future_own_b384,leftbasketball,372,0,0,6,True,False,True,0.0,0.0
future_own_b384,leftbasketball,373,0,0,4,True,False,True,0.0,0.0
future_own_b384,leftbasketball,374,0,0,4,True,False,True,0.0,0.0
future_own_b384,leftbasketball,375,0,0,4,True,False,True,0.0,0.0
future_own_b384,leftbasketball,376,0,0,4,True,False,True,0.0,0.0
future_own_b384,leftbasketball,377,0,0,4,True,False,True,0.0,0.0
future_own_b384,leftbasketball,378,0,0,4,True,False,True,0.0,0.0
future_own_b384,leftbasketball,379,6,3,6,True,False,True,0.0,0.0
future_own_b384,leftbasketball,380,0,0,4,True,False,True,0.0,0.0
future_own_b384,leftbasketball,381,0,0,4,True,False,True,0.0,0.0
future_own_b384,leftbasketball,382,0,0,4,True,False,True,0.0,0.0
future_own_b384,leftbasketball,383,4,4,4,True,False,True,0.0,0.0
future_own_b384,leftbasketball,384,6,4,6,True,False,True,0.0,0.0
future_own_b384,leftbasketball,385,0,0,4,True,False,True,0.0,0.0
future_own_b384,leftbasketball,386,0,0,4,True,False,True,0.0,0.0
future_own_b384,leftbasketball,387,0,0,4,True,False,True,0.0,0.0
future_own_b384,leftbasketball,388,4,0,4,True,False,True,0.0,0.0
future_own_b384,leftbasketball,389,5,3,5,True,False,True,0.0,0.0
future_own_b384,leftbasketball,390,0,0,4,True,False,True,0.0,0.0
future_own_b384,leftbasketball,391,0,0,4,True,False,True,0.0,0.0
future_own_b384,leftbasketball,392,0,0,4,True,False,True,0.0,0.0
future_own_b384,leftbasketball,393,0,0,4,True,False,True,0.0,0.0
future_own_b384,leftbasketball,394,4,0,4,True,False,True,0.0,0.0
future_own_b384,leftbasketball,395,0,0,5,True,False,True,0.0,0.0
future_own_b384,leftbasketball,396,4,0,4,True,False,True,0.0,0.0
future_own_b384,leftbasketball,397,4,3,4,True,False,True,0.0,0.0
future_own_b384,leftbasketball,398,6,1,6,True,False,True,0.0,0.0
future_own_b384,leftbasketball,399,6,0,6,True,False,True,0.0,0.0
future_own_b384,leftbasketball,400,0,0,6,True,False,True,0.0,0.0
future_own_b384,leftbasketball,401,4,0,4,True,False,True,0.0,0.0
future_own_b384,leftbasketball,402,2,2,2,True,False,True,0.0,0.0
future_own_b384,leftbasketball,403,4,3,4,True,False,True,0.0,0.0
future_own_b384,leftbasketball,404,0,1,4,True,False,True,0.0,0.0
future_own_b384,leftbasketball,405,5,1,5,True,False,True,0.0,0.0
future_own_b384,leftbasketball,406,4,1,4,True,False,True,0.0,0.0
future_own_b384,leftbasketball,407,4,1,4,True,False,True,0.0,0.0
future_own_b384,leftbasketball,408,2,0,2,True,False,True,0.0,0.0
future_own_b384,leftbasketball,409,6,0,6,True,False,True,0.0,0.0
future_own_b384,leftbasketball,410,6,0,6,True,False,True,0.0,0.0
future_own_b384,leftbasketball,411,6,2,6,True,False,True,0.0,0.0
future_own_b384,leftbasketball,412,4,0,4,True,False,True,0.0,0.0
future_own_b384,leftbasketball,413,0,1,4,True,False,True,0.0,0.0
future_own_b384,leftbasketball,414,0,2,6,True,False,True,0.0,0.0
future_own_b384,leftbasketball,415,0,0,5,True,False,True,0.0,0.0
future_own_b384,leftbasketball,417,0,0,4,True,False,True,0.0,0.0
future_own_b384,leftbasketball,418,0,0,4,True,False,True,0.0,0.0
future_own_b384,leftbasketball,419,0,0,4,True,False,True,0.0,0.0
future_own_b384,leftbasketball,420,0,0,4,True,False,True,0.0,0.0
future_own_b384,leftbasketball,421,4,0,4,True,False,True,0.0,0.0
future_own_b384,leftbasketball,422,0,0,4,True,False,True,0.0,0.0
future_own_b384,leftbasketball,423,4,2,4,True,False,True,0.0,0.0
future_own_b384,leftbasketball,424,0,0,5,True,False,True,0.0,0.0
future_own_b384,leftbasketball,425,5,0,5,True,False,True,0.0,0.0
future_own_b384,leftbasketball,426,4,4,4,True,False,True,0.0,0.0
future_own_b384,leftbasketball,427,5,0,5,True,False,True,0.0,0.0
future_own_b384,leftbasketball,428,4,0,4,True,False,True,0.0,0.0
future_own_b384,leftbasketball,429,0,0,4,True,False,True,0.0,0.0
future_own_b384,leftbasketball,430,0,0,4,True,False,True,0.0,0.0
future_own_b384,leftbasketball,431,0,0,4,True,False,True,0.0,0.0
future_own_b384,leftbasketball,432,6,0,6,True,False,True,0.0,0.0
future_own_b384,leftbasketball,433,0,0,4,True,False,True,0.0,0.0
future_own_b384,leftbasketball,434,4,2,4,True,False,True,0.0,0.0
future_own_b384,leftbasketball,435,0,0,6,True,False,True,0.0,0.0
future_own_b384,leftbasketball,436,0,0,4,True,False,True,0.0,0.0
future_own_b384,leftbasketball,438,0,0,4,True,False,True,0.0,0.0
future_own_b384,leftbasketball,439,0,0,4,True,False,True,0.0,0.0
future_own_b384,leftbasketball,440,0,0,4,True,False,True,0.0,0.0
future_own_b384,leftbasketball,442,0,0,4,True,False,True,0.0,0.0
future_own_b384,leftbasketball,444,0,0,4,True,False,True,0.0,0.0
future_own_b384,leftbasketball,445,0,0,4,True,False,True,0.0,0.0
future_own_b384,leftbasketball,446,0,0,4,True,False,True,0.0,0.0
future_own_b384,leftbasketball,448,0,0,4,True,False,True,0.0,0.0
future_own_b384,leftbasketball,449,0,0,4,True,False,True,0.0,0.0
future_own_b384,leftbasketball,450,0,0,4,True,False,True,0.0,0.0
future_own_b384,leftbasketball,451,0,0,4,True,False,True,0.0,0.0
future_own_b384,leftbasketball,452,0,0,4,True,False,True,0.0,0.0
future_own_b384,leftbasketball,455,0,0,4,True,False,True,0.0,0.0
future_own_b384,leftbasketball,456,0,0,6,True,False,True,0.0,0.0
future_own_b384,leftbasketball,457,0,0,4,True,False,True,0.0,0.0
future_own_b384,leftbasketball,459,6,0,6,True,False,True,0.0,0.0
future_own_b384,leftbasketball,460,0,0,6,True,False,True,0.0,0.0
future_own_b384,leftbasketball,462,0,0,4,True,False,True,0.0,0.0
future_own_b384,leftbasketball,463,0,0,4,True,False,True,0.0,0.0
future_own_b384,leftbasketball,464,0,0,4,True,False,True,0.0,0.0
future_own_b384,leftbasketball,465,0,0,4,True,False,True,0.0,0.0
future_own_b384,leftbasketball,466,0,0,4,True,False,True,0.0,0.0
future_own_b384,leftbasketball,467,0,0,4,True,False,True,0.0,0.0
future_own_b384,leftbasketball,468,0,0,4,True,False,True,0.0,0.0
future_own_b384,leftbasketball,469,0,0,4,True,False,True,0.0,0.0
future_own_b384,leftbasketball,470,0,0,4,True,False,True,0.0,0.0
future_own_b384,leftbasketball,471,0,0,4,True,False,True,0.0,0.0
future_own_b384,leftbasketball,472,0,0,4,True,False,True,0.0,0.0
future_own_b384,leftbasketball,473,0,0,4,True,False,True,0.0,0.0
future_own_b384,leftbasketball,474,0,0,4,True,False,True,0.0,0.0
future_own_b384,leftbasketball,475,4,0,4,True,False,True,0.0,0.0
future_own_b384,leftbasketball,476,0,0,4,False,False,True,0.0,0.0
future_own_b384,leftbasketball,477,4,0,4,True,False,True,0.0,0.0
future_own_b384,leftbasketball,478,5,0,5,True,False,True,0.0,0.0
future_own_b384,leftbasketball,479,4,1,4,True,False,True,0.0,0.0
future_own_b384,leftbasketball,480,0,0,4,True,False,True,0.0,0.0
future_own_b384,leftbasketball,481,0,0,4,True,False,True,0.0,0.0
future_own_b384,leftbasketball,482,0,0,4,True,False,True,0.0,0.0
future_own_b384,leftbasketball,483,0,0,4,True,False,True,0.0,0.0
future_own_b384,leftbasketball,484,0,0,4,True,False,True,0.0,0.0
future_own_b384,leftbasketball,485,0,0,4,True,False,True,0.0,0.0
future_own_b384,leftbasketball,486,0,0,4,True,False,True,0.0,0.0
future_own_b384,leftbasketball,487,0,0,4,True,False,True,0.0,0.0
future_own_b384,leftbasketball,488,0,0,4,True,False,True,0.0,0.0
future_own_b384,leftbasketball,489,0,0,4,True,False,True,0.0,0.0
future_own_b384,leftbasketball,490,4,3,4,True,False,True,0.0,0.0
future_own_b384,leftbasketball,491,4,1,4,True,False,True,0.0,0.0
future_own_b384,leftbasketball,492,0,0,4,True,False,True,0.0,0.0
future_own_b384,leftbasketball,493,4,0,4,True,False,True,0.0,0.0
future_own_b384,leftbasketball,494,0,0,4,True,False,True,0.0,0.0
future_own_b384,leftbasketball,495,4,0,4,True,False,True,0.0,0.0
future_own_b384,leftbasketball,496,4,3,4,True,False,True,0.0,0.0
future_own_b384,leftbasketball,497,4,3,4,True,False,True,0.0,0.0
future_own_b384,leftbasketball,498,4,4,4,True,False,True,0.0,0.0
future_own_b384,leftbasketball,499,4,3,4,True,False,True,0.0,0.0
future_own_b384,leftbasketball,500,4,4,4,True,False,True,0.0,0.0
future_own_b384,leftbasketball,501,4,3,4,True,False,True,0.0,0.0
future_own_b384,leftbasketball,502,4,0,4,True,False,True,0.0,0.0
future_own_b384,leftbasketball,503,5,0,5,True,False,True,0.0,0.0
future_own_b384,leftbasketball,504,0,2,4,True,False,True,0.0,0.0
future_own_b384,leftbasketball,505,0,0,6,True,False,True,0.0,0.0
future_own_b384,leftbasketball,506,0,0,4,False,False,True,0.0,0.0
future_own_b384,leftbasketball,507,4,2,4,True,False,True,0.0,0.0
future_own_b384,leftbasketball,509,0,0,4,True,False,True,0.0,0.0
future_own_b384,leftbasketball,510,0,0,4,True,False,True,0.0,0.0
future_own_b384,leftbasketball,511,0,0,4,True,False,True,0.0,0.0
future_own_b384,leftbasketball,512,1,0,1,True,False,True,0.0,0.0
future_own_b384,leftbasketball,513,0,0,6,True,False,True,0.0,0.0
future_own_b384,leftbasketball,516,0,0,6,True,False,True,0.0,0.0
future_own_b384,leftbasketball,517,0,0,4,True,False,True,0.0,0.0
future_own_b384,leftbasketball,518,0,0,4,True,False,True,0.0,0.0
future_own_b384,leftbasketball,519,0,0,4,True,False,True,0.0,0.0
future_own_b384,leftbasketball,520,0,0,4,True,False,True,0.0,0.0
future_own_b384,leftbasketball,521,1,0,1,True,False,True,0.0,0.0
future_own_b384,leftbasketball,522,1,2,1,True,False,True,0.0,0.0
future_own_b384,leftbasketball,523,0,0,6,True,False,True,0.0,0.0
future_own_b384,leftbasketball,524,0,0,6,True,False,True,0.0,0.0
future_own_b384,leftbasketball,525,6,3,6,True,False,True,0.0,0.0
future_own_b384,leftbasketball,543,0,0,6,True,False,True,0.0,0.0
future_own_b384,leftbasketball,544,0,0,6,True,False,True,0.0,0.0
future_own_b384,leftbasketball,545,0,0,6,True,False,True,0.0,0.0
future_own_b384,leftbasketball,546,0,1,6,True,False,True,0.0,0.0
future_own_b384,leftbasketball,547,0,0,5,True,False,True,0.0,0.0
future_own_b384,leftbasketball,548,0,0,4,True,False,True,0.0,0.0
future_own_b384,leftbasketball,549,4,2,4,True,False,True,0.0,0.40532848267919247
future_own_b384,leftbasketball,550,0,0,5,True,False,True,0.7449059092925433,0.7449059092925433
future_own_b384,leftbasketball,577,0,0,2,True,False,True,0.7726404414830718,0.7726404414830718
future_own_b384,leftbasketball,579,0,0,1,True,False,True,0.7468466047828071,0.7468466047828071
future_own_b384,leftbasketball,580,0,0,2,True,False,True,0.7320077952818529,0.7320077952818529
future_own_b384,leftbasketball,582,0,0,2,True,False,True,0.7536011515387707,0.7536011515387707
future_own_b384,leftbasketball,583,0,0,2,True,False,True,0.7590396074866814,0.7590396074866814
future_own_b384,leftbasketball,584,0,0,2,True,False,True,0.7885498450163866,0.7885498450163866
future_own_b384,leftbasketball,585,0,0,4,True,False,True,0.627039906922254,0.627039906922254
future_own_b384,leftbasketball,586,0,0,4,True,False,True,0.26199616681334514,0.26199616681334514
future_own_b384,leftbasketball,587,0,1,0,False,False,True,0.16676690940588346,0.0
future_own_b384,leftbasketball,588,0,0,5,True,False,True,0.0,0.0
future_own_b384,leftbasketball,589,0,1,4,True,False,True,0.0,0.0
future_own_b384,leftbasketball,590,5,1,5,True,False,True,0.0,0.0
future_own_b384,leftbasketball,591,4,1,4,True,False,True,0.0,0.0
future_own_b384,leftbasketball,592,0,0,5,True,False,True,0.0,0.0
future_own_b384,leftbasketball,593,4,0,4,True,False,True,0.0,0.0
future_own_b384,leftbasketball,594,4,3,4,True,False,True,0.0,0.0
future_own_b384,leftbasketball,595,0,0,5,True,False,True,0.0,0.0
future_own_b384,leftbasketball,596,4,0,4,True,False,True,0.0,0.0
future_own_b384,leftbasketball,597,0,0,4,True,False,True,0.0,0.0
future_own_b384,leftbasketball,599,4,0,4,True,False,True,0.0,0.0
future_own_b384,leftbasketball,601,0,0,4,True,False,True,0.0,0.0
future_own_b384,leftbasketball,602,0,0,4,True,False,True,0.0,0.0
future_own_b384,leftbasketball,603,0,0,4,True,False,True,0.0,0.0
future_own_b384,leftbasketball,604,0,0,4,True,False,True,0.0,0.0
future_own_b384,leftbasketball,605,0,0,4,True,False,True,0.0,0.0
future_own_b384,leftbasketball,606,0,0,4,True,False,True,0.0,0.0
future_own_b384,leftbasketball,607,0,1,0,False,False,True,0.0,0.0
future_own_b384,leftbasketball,608,1,0,1,True,False,True,0.0,0.0
future_own_b384,leftbasketball,611,4,2,4,True,False,True,0.0,0.0
future_own_b384,leftbasketball,612,0,0,2,True,False,True,0.0,0.0
future_own_b384,leftbasketball,613,4,0,4,True,False,True,0.0,0.0
future_own_b384,leftbasketball,614,0,0,5,True,False,True,0.0,0.0
future_own_b384,leftbasketball,615,0,0,1,True,False,True,0.0,0.0
future_own_b384,leftbasketball,616,4,0,4,True,False,True,0.0,0.0
future_own_b384,leftbasketball,617,5,1,5,True,False,True,0.0,0.0
future_own_b384,leftbasketball,618,6,0,6,True,False,True,0.0,0.0
future_own_b384,leftbasketball,619,4,2,4,True,False,True,0.0,0.0
future_own_b384,leftbasketball,620,0,0,4,True,False,True,0.0,0.0
future_own_b384,leftbasketball,621,4,3,4,True,False,True,0.0,0.0
future_own_b384,leftbasketball,622,0,0,4,True,False,True,0.0,0.0
future_own_b384,leftbasketball,623,0,0,4,True,False,True,0.0,0.0
future_own_b384,leftbasketball,624,0,0,4,True,False,True,0.0,0.0
future_own_b384,leftbasketball,625,0,0,4,True,False,True,0.0,0.0
future_own_b384,leftbasketball,626,0,0,4,True,False,True,0.0,0.0
future_own_b384,leftbasketball,627,0,0,4,True,False,True,0.0,0.0
future_own_b384,leftbasketball,628,0,0,4,True,False,True,0.0,0.0
future_own_b384,leftbasketball,629,0,0,4,True,False,True,0.0,0.0
future_own_b384,leftbasketball,630,0,0,4,True,False,True,0.0,0.0
future_own_b384,leftbasketball,631,0,0,4,True,False,True,0.0,0.0
future_own_b384,leftbasketball,632,0,0,4,True,False,True,0.0,0.0
future_own_b384,leftbasketball,634,0,0,4,True,False,True,0.0,0.0
future_own_b384,leftbasketball,636,0,0,4,True,False,True,0.0,0.0
future_own_b384,leftbasketball,637,0,0,6,True,False,True,0.0,0.0
future_own_b384,leftbasketball,638,0,0,6,True,False,True,0.0,0.0
future_own_b384,leftbasketball,640,0,0,4,True,False,True,0.0,0.0
future_own_b384,leftbasketball,641,0,2,0,False,False,True,0.0,0.0
future_own_b384,leftbasketball,642,0,0,5,True,False,True,0.0,0.0
future_own_b384,leftbasketball,643,0,1,4,False,False,True,0.0,0.0
future_own_b384,leftbasketball,645,0,2,0,False,False,True,0.0,0.0
future_own_b384,leftbasketball,646,0,1,5,True,False,True,0.0,0.0
future_own_b384,leftbasketball,648,0,0,4,True,False,True,0.0,0.0
future_own_b384,leftbasketball,649,0,0,4,True,False,True,0.0,0.0
future_own_b384,leftbasketball,650,6,3,6,True,False,True,0.0,0.0
future_own_b384,leftbasketball,651,0,0,6,True,False,True,0.0,0.0
future_own_b384,leftbasketball,652,0,0,4,True,False,True,0.0,0.0
future_own_b384,leftbasketball,653,4,3,4,True,False,True,0.0,0.0
future_own_b384,leftbasketball,654,0,0,6,True,False,True,0.0,0.0
future_own_b384,leftbasketball,655,0,0,4,True,False,True,0.0,0.0
future_own_b384,leftbasketball,656,0,0,4,True,False,True,0.0,0.0
future_own_b384,leftbasketball,657,0,0,4,True,False,True,0.0,0.0
future_own_b384,leftbasketball,658,6,4,6,True,False,True,0.0,0.0
future_own_b384,leftbasketball,659,1,2,1,True,False,True,0.0,0.0
future_own_b384,leftbasketball,660,0,0,6,True,False,True,0.0,0.0
future_own_b384,leftbasketball,661,0,0,1,True,False,True,0.0,0.0
future_own_b384,leftbasketball,662,4,0,4,True,False,True,0.0,0.0
future_own_b384,leftbasketball,663,0,0,4,False,False,True,0.0,0.0
future_own_b384,leftbasketball,664,0,0,4,True,False,True,0.0,0.0
future_own_b384,leftbasketball,666,0,0,4,True,False,True,0.0,0.0
future_own_b384,leftbasketball,667,6,0,6,True,False,True,0.0,0.0
future_own_b384,leftbasketball,668,0,0,4,True,False,True,0.0,0.0
future_own_b384,leftbasketball,669,6,3,6,True,False,True,0.0,0.0
future_own_b384,leftbasketball,670,6,2,6,True,False,True,0.0,0.0
future_own_b384,leftbasketball,671,0,0,4,True,False,True,0.0,0.0
future_own_b384,leftbasketball,672,2,3,2,True,False,True,0.0,0.0
future_own_b384,leftbasketball,673,0,0,6,True,False,True,0.0,0.0
future_own_b384,leftbasketball,674,0,0,4,True,False,True,0.0,0.0
future_own_b384,leftbasketball,675,2,4,2,True,False,True,0.0,0.0
future_own_b384,leftbasketball,676,6,0,6,True,False,True,0.0,0.0
future_own_b384,leftbasketball,677,2,2,2,True,False,True,0.0,0.0
future_own_b384,leftbasketball,678,6,1,6,True,False,True,0.0,0.0
future_own_b384,leftbasketball,679,2,1,2,True,False,True,0.0,0.0
future_own_b384,leftbasketball,680,0,0,6,True,False,True,0.0,0.0
future_own_b384,leftbasketball,681,6,1,6,True,False,True,0.0,0.0
future_own_b384,leftbasketball,682,4,1,4,True,False,True,0.0,0.0
future_own_b384,leftbasketball,683,0,0,4,True,False,True,0.0,0.0
future_own_b384,leftbasketball,684,2,1,2,True,False,True,0.0,0.0
future_own_b384,leftbasketball,685,0,0,6,True,False,True,0.0,0.0
future_own_b384,leftbasketball,686,4,1,4,True,False,True,0.0,0.0
future_own_b384,leftbasketball,687,0,0,5,False,False,True,0.0,0.0
future_own_b384,leftbasketball,688,0,1,5,True,False,True,0.0,0.0
future_own_b384,leftbasketball,689,5,2,5,True,False,True,0.0,0.0
future_own_b384,leftbasketball,690,0,0,5,True,False,True,0.0,0.0
future_own_b384,leftbasketball,691,0,0,5,True,False,True,0.0,0.0
future_own_b384,leftbasketball,692,0,0,5,True,False,True,0.0,0.0
future_own_b384,leftbasketball,693,0,0,6,True,False,True,0.0,0.0
future_own_b384,leftbasketball,694,0,0,6,True,False,True,0.0,0.0
future_own_b384,leftbasketball,695,0,0,6,True,False,True,0.0,0.0
future_own_b384,leftbasketball,696,0,0,6,True,False,True,0.0,0.0
future_own_b384,leftbasketball,697,0,0,6,True,False,True,0.0,0.0
future_own_b384,leftbasketball,700,6,2,6,True,False,True,0.0,0.0
future_own_b384,leftbasketball,701,0,0,6,True,False,True,0.0,0.0
future_own_b384,leftbasketball,702,6,1,6,True,False,True,0.0,0.0
future_own_b384,leftbasketball,703,4,1,4,True,False,True,0.0,0.0
future_own_b384,leftbasketball,704,6,3,6,True,False,True,0.0,0.0
future_own_b384,leftbasketball,705,4,1,4,True,False,True,0.0,0.0
future_own_b384,leftbasketball,706,0,0,4,True,False,True,0.0,0.0
future_own_b384,leftbasketball,707,6,2,6,True,False,True,0.0,0.0
future_own_b384,leftbasketball,708,6,0,6,True,False,True,0.0,0.0
future_own_b384,leftbasketball,709,2,3,2,True,False,True,0.0,0.0
future_own_b384,leftbasketball,710,1,2,1,True,False,True,0.0,0.0
future_own_b384,leftbasketball,711,6,0,6,True,False,True,0.0,0.0
future_own_b384,leftbasketball,712,2,4,2,True,False,True,0.0,0.0
future_own_b384,leftbasketball,713,0,0,6,True,False,True,0.0,0.0
future_own_b384,leftbasketball,714,2,0,2,True,False,True,0.0,0.0
future_own_b384,leftbasketball,715,0,0,6,True,False,True,0.0,0.0
future_own_b384,leftbasketball,716,4,2,4,True,False,True,0.0,0.0
future_own_b384,leftbasketball,717,2,0,2,True,False,True,0.0,0.0
future_own_b384,leftbasketball,718,1,4,1,True,False,True,0.0,0.0
future_own_b384,leftbasketball,719,2,2,2,True,False,True,0.0,0.0
future_own_b384,leftbasketball,720,0,0,4,True,False,True,0.0,0.0
future_own_b384,leftbasketball,721,0,0,6,True,False,True,0.0,0.0
future_own_b384,leftbasketball,722,2,4,2,True,False,True,0.0,0.0
future_own_b384,leftbasketball,723,0,0,6,True,False,True,0.0,0.0
future_own_b384,leftbasketball,724,4,2,4,True,False,True,0.0,0.0
future_own_b384,leftbasketball,725,0,4,5,True,False,True,0.0,0.0
future_own_b384,leftbasketball,726,6,2,6,True,False,True,0.0,0.0
future_own_b384,leftbasketball,727,0,0,6,True,False,True,0.0,0.0
future_own_b384,leftbasketball,728,4,3,4,True,False,True,0.0,0.0
future_own_b384,leftbasketball,729,6,1,6,True,False,True,0.0,0.0
future_own_b384,leftbasketball,730,0,0,5,True,False,True,0.0,0.0
future_own_b384,leftbasketball,731,0,1,4,True,False,True,0.0,0.0
future_own_b384,leftbasketball,732,0,0,6,True,False,True,0.0,0.0
future_own_b384,leftbasketball,733,0,1,6,True,False,True,0.0,0.0
future_own_b384,leftbasketball,734,0,0,4,True,False,True,0.0,0.0
future_own_b384,leftbasketball,735,0,0,4,True,False,True,0.0,0.0
future_own_b384,leftbasketball,736,0,0,4,True,False,True,0.0,0.0
future_own_b384,leftbasketball,737,0,0,4,True,False,True,0.0,0.0
future_own_b384,leftbasketball,738,0,0,4,True,False,True,0.0,0.0
future_own_b384,leftbasketball,739,0,0,6,True,False,True,0.0,0.0
future_own_b384,leftbasketball,740,0,0,6,True,False,True,0.0,0.0
future_own_b384,leftbasketball,741,0,0,4,True,False,True,0.0,0.0
future_own_b384,leftbasketball,742,0,0,6,True,False,True,0.0,0.0
future_own_b384,leftbasketball,743,0,0,4,True,False,True,0.0,0.0
future_own_b384,leftbasketball,744,0,0,6,True,False,True,0.0,0.0
future_own_b384,leftbasketball,745,0,0,4,True,False,True,0.0,0.0
future_own_b384,leftbasketball,746,0,0,4,True,False,True,0.0,0.0
future_own_b384,leftbasketball,747,0,0,4,True,False,True,0.0,0.0
future_own_b384,leftbasketball,748,0,0,4,True,False,True,0.0,0.0
future_own_b384,leftbasketball,749,6,3,6,True,False,True,0.0,0.0
future_own_b384,leftbasketball,750,1,0,1,True,False,True,0.0,0.0
future_own_b384,leftbasketball,751,4,4,4,True,False,True,0.0,0.0
future_own_b384,leftbasketball,752,2,0,2,True,False,True,0.0,0.0
future_own_b384,leftbasketball,753,4,1,4,True,False,True,0.0,0.0
future_own_b384,leftbasketball,754,2,1,2,True,False,True,0.0,0.0
future_own_b384,leftbasketball,755,4,1,4,True,False,True,0.0,0.0
future_own_b384,leftbasketball,756,0,0,5,True,False,True,0.0,0.0
future_own_b384,leftbasketball,757,0,0,4,True,False,True,0.0,0.0
future_own_b384,leftbasketball,758,0,0,5,True,False,True,0.0,0.0
future_own_b384,leftbasketball,759,0,0,5,True,False,True,0.0,0.0
future_own_b384,leftbasketball,760,0,0,4,True,False,True,0.0,0.0
future_own_b384,leftbasketball,761,0,0,4,True,False,True,0.0,0.0
future_own_b384,leftbasketball,762,0,0,6,True,False,True,0.0,0.0
future_own_b384,leftbasketball,763,0,0,6,True,False,True,0.0,0.0
future_own_b384,leftbasketball,764,0,0,4,True,False,True,0.0,0.0
future_own_b384,leftbasketball,765,0,0,6,True,False,True,0.0,0.0
future_own_b384,leftbasketball,766,0,0,6,True,False,True,0.0,0.0
future_own_b384,leftbasketball,767,0,0,6,True,False,True,0.0,0.0
future_own_b384,leftbasketball,768,6,0,6,True,False,True,0.0,0.0
future_own_b384,leftbasketball,769,0,0,6,True,False,True,0.0,0.0
future_own_b384,leftbasketball,770,0,0,6,True,False,True,0.0,0.0
future_own_b384,leftbasketball,772,0,0,6,True,False,True,0.0,0.0
future_own_b384,leftbasketball,773,0,0,6,True,False,True,0.0,0.0
future_own_b384,leftbasketball,774,6,4,6,True,False,True,0.0,0.0
future_own_b384,leftbasketball,775,6,3,6,True,False,True,0.0,0.0
future_own_b384,leftbasketball,779,0,0,4,True,False,True,0.0,0.0
future_own_b384,leftbasketball,780,6,3,6,True,False,True,0.0,0.0
future_own_b384,leftbasketball,781,0,0,4,True,False,True,0.0,0.0
future_own_b384,leftbasketball,782,0,0,4,True,False,True,0.0,0.0
future_own_b384,leftbasketball,783,0,0,2,True,False,True,0.0,0.0
future_own_b384,leftbasketball,784,0,0,4,True,False,True,0.0,0.0
future_own_b384,leftbasketball,785,0,0,4,True,False,True,0.0,0.0
future_own_b384,leftbasketball,786,0,0,4,True,False,True,0.0,0.0
future_own_b384,leftbasketball,787,0,0,4,True,False,True,0.0,0.0
future_own_b384,leftbasketball,788,0,0,2,True,False,True,0.0,0.0
future_own_b384,leftbasketball,789,2,2,2,True,False,True,0.0,0.0
future_own_b384,leftbasketball,790,0,0,1,True,False,True,0.0,0.0
future_own_b384,leftbasketball,791,2,0,2,True,False,True,0.0054447641293440254,0.0
future_own_b384,leftbasketball,792,0,0,4,True,False,True,0.0,0.0
future_own_b384,leftbasketball,793,6,0,6,True,False,True,0.016689377311876974,0.025528310114864197
future_own_b384,leftbasketball,794,4,3,4,True,False,True,0.019062998572574406,0.0
future_own_b384,leftbasketball,795,2,3,2,True,False,True,0.011621351030175439,0.0001351509812118726
future_own_b384,leftbasketball,796,6,0,6,True,False,True,0.006686438388692925,0.007707513373734423
future_own_b384,leftbasketball,797,6,1,6,True,False,True,0.0,0.011291348647578843
future_own_b384,leftbasketball,798,2,2,2,True,False,True,0.03865043452369432,0.02028294441780698
future_own_b384,leftbasketball,799,6,1,6,True,False,True,0.018937408309585235,0.011349904112279036
future_own_b384,leftbasketball,800,0,0,6,True,False,True,0.36634591104529546,0.36634591104529546
future_own_b384,leftbasketball,802,0,0,1,True,False,True,0.5426809565370817,0.5426809565370817
future_own_b384,leftbasketball,803,0,0,6,True,False,True,0.4596039419306088,0.4596039419306088
future_own_b384,leftbasketball,805,0,1,2,True,False,True,0.5674322031059047,0.00012335662238412352
future_own_b384,leftbasketball,828,0,0,4,True,False,True,0.0,0.45386840909390186
future_own_b384,leftbasketball,829,0,0,4,True,False,True,0.44938365107069356,0.44938365107069356
future_own_b384,leftbasketball,832,0,0,2,True,False,True,0.4629770724088209,0.4629770724088209
future_own_b384,leftbasketball,833,6,0,6,True,False,True,0.4648076323555038,0.3336552834492305
future_own_b384,leftbasketball,839,0,0,2,True,False,True,0.3474878009251504,0.3474878009251504
future_own_b384,leftbasketball,842,0,0,4,True,False,True,0.2890703346611749,0.2890703346611749
future_own_b384,leftbasketball,843,0,0,2,True,False,True,0.2825491434718914,0.2825491434718914
future_own_b384,leftbasketball,844,0,0,4,True,False,True,0.295471331317863,0.295471331317863
future_own_b384,leftbasketball,845,0,0,4,True,False,True,0.36873833465936057,0.36873833465936057
future_own_b384,leftbasketball,846,0,0,2,True,False,True,0.3623265101513548,0.3623265101513548
future_own_b384,leftbasketball,847,0,0,4,True,False,True,0.3448051034249524,0.3448051034249524
future_own_b384,leftbasketball,848,0,0,4,True,False,True,0.2867668899594903,0.2867668899594903
future_own_b384,leftbasketball,849,2,0,2,True,False,True,0.32708867777332246,0.0
future_own_b384,leftbasketball,850,0,0,4,True,False,True,0.0,0.0
future_own_b384,leftbasketball,851,0,0,4,True,False,True,0.0,0.0
future_own_b384,leftbasketball,852,6,0,6,True,False,True,0.0,0.0
future_own_b384,leftbasketball,853,0,0,4,True,False,True,0.0,0.0
future_own_b384,leftbasketball,854,0,0,4,True,False,True,0.0,0.0
future_own_b384,leftbasketball,855,4,4,4,True,False,True,0.0,0.0
future_own_b384,leftbasketball,856,0,0,5,True,False,True,0.0,0.0
future_own_b384,leftbasketball,857,0,0,4,True,False,True,0.0,0.0
future_own_b384,leftbasketball,858,5,3,5,True,False,True,0.0,0.0
future_own_b384,leftbasketball,859,0,0,4,True,False,True,0.0,0.0
future_own_b384,leftbasketball,860,6,1,6,True,False,True,0.0,0.0
future_own_b384,leftbasketball,861,0,0,4,True,False,True,0.0,0.0
future_own_b384,leftbasketball,862,6,2,6,True,False,True,0.0,0.0
future_own_b384,leftbasketball,863,0,0,4,True,False,True,0.0,0.0
future_own_b384,leftbasketball,864,0,0,4,True,False,True,0.0,0.0
future_own_b384,leftbasketball,865,0,0,4,True,False,True,0.0,0.0
future_own_b384,leftbasketball,866,0,0,4,True,False,True,0.0,0.0
future_own_b384,leftbasketball,867,0,0,4,True,False,True,0.0,0.0
future_own_b384,leftbasketball,868,0,0,4,True,False,True,0.0,0.0
future_own_b384,leftbasketball,869,0,0,6,True,False,True,0.0,0.0
future_own_b384,leftbasketball,870,0,0,4,True,False,True,0.0,0.0
future_own_b384,leftbasketball,871,0,0,6,True,False,True,0.0,0.0
future_own_b384,leftbasketball,872,0,0,4,True,False,True,0.0,0.0
future_own_b384,leftbasketball,873,4,3,4,True,False,True,0.0,0.0
future_own_b384,leftbasketball,874,0,0,6,True,False,True,0.0,0.0
future_own_b384,leftbasketball,875,0,0,6,True,False,True,0.0,0.0
future_own_b384,leftbasketball,876,0,0,4,True,False,True,0.0,0.0
future_own_b384,leftbasketball,877,6,4,6,True,False,True,0.0,0.0
future_own_b384,leftbasketball,878,6,2,6,True,False,True,0.0,0.0
future_own_b384,leftbasketball,879,6,0,6,True,False,True,0.0,0.0
future_own_b384,leftbasketball,880,2,4,2,True,False,True,0.0,0.010111183441354539
future_own_b384,leftbasketball,881,1,2,1,True,False,True,0.0,0.0
future_own_b384,leftbasketball,882,2,3,2,True,False,True,0.0,0.0005796234938591367
future_own_b384,leftbasketball,883,6,3,6,True,False,True,0.0,0.0
future_own_b384,leftbasketball,884,2,0,2,True,False,True,0.0,0.027946766590786223
future_own_b384,leftbasketball,885,0,0,4,True,False,True,0.0,0.0
future_own_b384,leftbasketball,886,2,2,2,True,False,True,0.0,0.04704345500527547
future_own_b384,leftbasketball,887,4,3,4,True,False,True,0.0,0.0
future_own_b384,leftbasketball,888,0,1,4,True,False,True,0.0,0.14036775564303183
future_own_b384,leftbasketball,1082,0,0,2,True,False,True,0.6638106582475838,0.6638106582475838
future_own_b384,leftbasketball,1119,0,0,4,True,False,True,0.5835786658128073,0.5835786658128073
future_own_b384,leftbasketball,1121,0,0,4,True,False,True,0.45545694823075195,0.45545694823075195
future_own_b384,leftbasketball,1125,0,0,4,True,False,True,0.3318021111790935,0.3318021111790935
future_own_b384,leftbasketball,1126,0,1,4,True,False,True,0.24870069363165354,0.06568330879749236
future_own_b384,leftbasketball,1127,0,0,6,True,False,True,0.09050713882222217,0.09050713882222217
future_own_b384,leftbasketball,1128,0,0,6,True,False,True,0.0005622588761219861,0.0005622588761219861
future_own_b384,leftbasketball,1129,0,0,6,True,False,True,0.04018095798526363,0.04018095798526363
future_own_b384,leftbasketball,1130,0,0,4,True,False,True,0.20227119423330472,0.20227119423330472
future_own_b384,leftbasketball,1131,0,0,4,True,False,True,0.17631417400990865,0.17631417400990865
future_own_b384,leftbasketball,1132,0,0,2,True,False,True,0.21930747357550948,0.21930747357550948
future_own_b384,leftbasketball,1133,0,0,4,True,False,True,0.20047990654329098,0.20047990654329098
future_own_b384,leftbasketball,1134,0,0,4,True,False,True,0.14163436631540777,0.14163436631540777
future_own_b384,leftbasketball,1135,0,0,4,True,False,True,0.15889051408091065,0.15889051408091065
future_own_b384,leftbasketball,1136,0,0,4,True,False,True,0.2433124026353183,0.2433124026353183
future_own_b384,leftbasketball,1137,0,0,4,True,False,True,0.30368664332822354,0.30368664332822354
future_own_b384,leftbasketball,1138,0,0,4,True,False,True,0.2772584079599588,0.2772584079599588
future_own_b384,leftbasketball,1139,0,0,2,True,False,True,0.3194216040628542,0.3194216040628542
future_own_b384,leftbasketball,1178,0,0,2,True,False,True,0.5075571026278173,0.5075571026278173
future_own_b384,leftbasketball,1179,0,0,6,True,False,True,0.676947278610734,0.676947278610734
future_own_b384,leftbasketball,1180,4,3,4,True,False,True,0.43789880792356756,0.0
future_own_b384,leftbasketball,1181,0,0,6,True,False,True,0.04124230990307865,0.04124230990307865
future_own_b384,leftbasketball,1182,0,0,6,True,False,True,0.07160508697492257,0.07160508697492257
future_own_b384,leftbasketball,1183,0,0,6,True,False,True,0.23664971245295108,0.23664971245295108
future_own_b384,leftbasketball,1184,6,0,6,True,False,True,0.1492810181507312,0.1333157381767526
future_own_b384,leftbasketball,1185,0,0,6,True,False,True,0.15980765824496668,0.15980765824496668
future_own_b384,leftbasketball,1186,0,0,6,True,False,True,0.14458586442377358,0.14458586442377358
future_own_b384,leftbasketball,1187,4,2,4,True,False,True,0.2320278774475065,0.0
future_own_b384,leftbasketball,1188,0,0,5,True,False,True,0.0,0.0
future_own_b384,leftbasketball,1189,0,0,4,True,False,True,0.0,0.0
future_own_b384,leftbasketball,1190,0,0,4,True,False,True,0.0,0.0
future_own_b384,leftbasketball,1191,0,0,4,True,False,True,0.0,0.0
future_own_b384,leftbasketball,1192,6,0,6,True,False,True,0.0,0.0
future_own_b384,leftbasketball,1193,0,0,4,True,False,True,0.0,0.0
future_own_b384,leftbasketball,1194,0,0,4,True,False,True,0.0,0.0
future_own_b384,leftbasketball,1195,2,1,2,True,False,True,0.0,0.0
future_own_b384,leftbasketball,1196,0,0,6,True,False,True,0.0,0.0
future_own_b384,leftbasketball,1197,0,0,4,True,False,True,0.0,0.0
future_own_b384,leftbasketball,1198,0,0,4,True,False,True,0.0,0.0
future_own_b384,leftbasketball,1199,0,0,4,True,False,True,0.0,0.0
future_own_b384,leftbasketball,1200,0,0,4,True,False,True,0.0,0.0
future_own_b384,leftbasketball,1201,0,0,4,True,False,True,0.0,0.0
future_own_b384,leftbasketball,1202,2,1,2,True,False,True,0.0,0.0
future_own_b384,leftbasketball,1203,0,0,2,True,False,True,0.0,0.0
future_own_b384,leftbasketball,1204,0,0,4,True,False,True,0.0,0.0
future_own_b384,leftbasketball,1205,6,1,6,True,False,True,0.0,0.0
future_own_b384,leftbasketball,1206,2,2,2,True,False,True,0.0,0.0
future_own_b384,leftbasketball,1207,0,0,6,True,False,True,0.0,0.0
future_own_b384,leftbasketball,1208,6,1,6,True,False,True,0.0,0.0
future_own_b384,leftbasketball,1209,0,0,4,True,False,True,0.0,0.0
future_own_b384,leftbasketball,1210,0,0,4,True,False,True,0.0,0.0
future_own_b384,leftbasketball,1211,0,0,4,True,False,True,0.0,0.0
future_own_b384,leftbasketball,1212,2,0,2,True,False,True,0.0,0.0
future_own_b384,leftbasketball,1213,0,0,2,True,False,True,0.0,0.0
future_own_b384,leftbasketball,1214,0,0,4,True,False,True,0.0,0.0
future_own_b384,leftbasketball,1215,0,0,4,True,False,True,0.0,0.0
future_own_b384,leftbasketball,1216,2,0,2,True,False,True,0.0,0.0
future_own_b384,leftbasketball,1217,6,0,6,True,False,True,0.0,0.0
future_own_b384,leftbasketball,1218,0,0,6,True,False,True,0.0,0.0
future_own_b384,leftbasketball,1219,0,0,4,True,False,True,0.0,0.0
future_own_b384,leftbasketball,1220,0,0,4,True,False,True,0.0,0.0
future_own_b384,leftbasketball,1221,0,0,4,True,False,True,0.0,0.0
future_own_b384,leftbasketball,1222,0,0,4,True,False,True,0.0,0.0
future_own_b384,leftbasketball,1223,0,0,4,True,False,True,0.0,0.0
future_own_b384,leftbasketball,1224,0,0,4,True,False,True,0.0,0.0
future_own_b384,leftbasketball,1225,0,0,4,True,False,True,0.0,0.0
future_own_b384,leftbasketball,1226,0,1,4,True,False,True,0.0,0.0
future_own_b384,leftbasketball,1227,0,0,4,True,False,True,0.0,0.0
future_own_b384,leftbasketball,1228,0,0,4,True,False,True,0.0,0.0
future_own_b384,leftbasketball,1229,0,0,4,True,False,True,0.0,0.0
future_own_b384,leftbasketball,1230,0,0,4,True,False,True,0.0,0.0
future_own_b384,leftbasketball,1231,0,0,4,True,False,True,0.0,0.0
future_own_b384,leftbasketball,1232,0,0,2,True,False,True,0.0,0.0
future_own_b384,leftbasketball,1233,0,0,4,True,False,True,0.0,0.0
future_own_b384,leftbasketball,1234,0,0,2,True,False,True,0.0,0.0
future_own_b384,leftbasketball,1235,0,0,4,True,False,True,0.0,0.0
future_own_b384,leftbasketball,1236,0,0,4,True,False,True,0.0,0.0
future_own_b384,leftbasketball,1237,2,3,2,True,False,True,0.0,0.0
future_own_b384,leftbasketball,1238,0,0,6,True,False,True,0.0,0.0
future_own_b384,leftbasketball,1239,0,0,4,True,False,True,0.0,0.0
future_own_b384,leftbasketball,1240,0,0,6,True,False,True,0.0,0.0
future_own_b384,leftbasketball,1241,0,0,4,True,False,True,0.0,0.0
future_own_b384,leftbasketball,1242,2,1,2,True,False,True,0.0,0.0
future_own_b384,leftbasketball,1243,0,0,6,True,False,True,0.0,0.0
future_own_b384,leftbasketball,1244,0,0,4,True,False,True,0.0,0.0
future_own_b384,leftbasketball,1245,0,0,6,True,False,True,0.0,0.0
future_own_b384,leftbasketball,1246,0,0,4,True,False,True,0.0,0.0
future_own_b384,leftbasketball,1247,0,0,4,True,False,True,0.0,0.0
future_own_b384,leftbasketball,1248,0,0,4,True,False,True,0.0,0.0
future_own_b384,leftbasketball,1249,0,0,4,True,False,True,0.0,0.0
future_own_b384,leftbasketball,1250,0,0,2,True,False,True,0.0,0.0
future_own_b384,leftbasketball,1251,0,0,4,True,False,True,0.0,0.0
future_own_b384,leftbasketball,1252,0,0,4,True,False,True,0.0,0.0
future_own_b384,leftbasketball,1254,1,4,1,True,False,True,0.0,0.0
future_own_b384,leftbasketball,1255,0,1,2,True,False,True,0.0,0.0
future_own_b384,leftbasketball,1256,1,0,1,True,False,True,0.0,0.0
future_own_b384,leftbasketball,1257,0,0,2,True,False,True,0.0,0.0
future_own_b384,leftbasketball,1258,0,0,2,True,False,True,0.0,0.0
future_own_b384,leftbasketball,1259,0,0,4,True,False,True,0.0,0.0
future_own_b384,leftbasketball,1260,0,0,2,True,False,True,0.0,0.0
future_own_b384,leftbasketball,1262,0,0,4,True,False,True,0.0,0.0
future_own_b384,leftbasketball,1263,0,0,4,True,False,True,0.0,0.0
future_own_b384,leftbasketball,1264,6,1,6,True,False,True,0.0,0.0
future_own_b384,leftbasketball,1265,1,1,1,True,False,True,0.0,0.0
future_own_b384,leftbasketball,1266,0,0,2,True,False,True,0.0,0.0
future_own_b384,leftbasketball,1267,0,0,4,True,False,True,0.0,0.0
future_own_b384,leftbasketball,1268,0,1,4,True,False,True,0.0,0.0
future_own_b384,leftbasketball,1269,0,0,4,True,False,True,0.0,0.0
future_own_b384,leftbasketball,1270,0,0,4,True,False,True,0.0,0.0
future_own_b384,leftbasketball,1271,2,0,2,True,False,True,0.0,0.0
future_own_b384,leftbasketball,1272,5,0,5,True,False,True,0.0,0.0
future_own_b384,leftbasketball,1273,0,0,4,True,False,True,0.0,0.0
future_own_b384,leftbasketball,1274,0,0,4,True,False,True,0.0,0.0
future_own_b384,leftbasketball,1275,0,0,4,True,False,True,0.0,0.0
future_own_b384,leftbasketball,1276,6,2,6,True,False,True,0.0,0.0
future_own_b384,leftbasketball,1277,1,0,1,True,False,True,0.0,0.0
future_own_b384,leftbasketball,1278,0,1,6,True,False,True,0.0,0.0
future_own_b384,leftbasketball,1279,0,0,4,True,False,True,0.0,0.0
future_own_b384,leftbasketball,1280,0,0,4,True,False,True,0.0,0.0
future_own_b384,leftbasketball,1281,0,0,1,True,False,True,0.0,0.0
future_own_b384,leftbasketball,1282,0,0,4,True,False,True,0.0,0.0
future_own_b384,leftbasketball,1283,0,0,4,True,False,True,0.0,0.0
future_own_b384,leftbasketball,1284,0,0,4,True,False,True,0.0,0.0
future_own_b384,leftbasketball,1285,2,2,2,True,False,True,0.0,0.0
future_own_b384,leftbasketball,1286,0,0,4,True,False,True,0.0,0.0
future_own_b384,leftbasketball,1287,0,0,4,True,False,True,0.0,0.0
future_own_b384,leftbasketball,1288,0,0,4,True,False,True,0.0,0.0
future_own_b384,leftbasketball,1289,0,0,4,True,False,True,0.0,0.0
future_own_b384,leftbasketball,1290,2,4,2,True,False,True,0.0,0.0
future_own_b384,leftbasketball,1291,0,0,4,False,False,True,0.0,0.0
future_own_b384,leftbasketball,1292,0,0,4,True,False,True,0.0,0.0
future_own_b384,leftbasketball,1293,2,0,2,True,False,True,0.0,0.0
future_own_b384,leftbasketball,1294,0,0,4,True,False,True,0.0,0.0
future_own_b384,leftbasketball,1295,2,1,2,True,False,True,0.0,0.0
future_own_b384,leftbasketball,1296,6,0,6,True,False,True,0.0,0.0
future_own_b384,leftbasketball,1297,0,0,4,True,False,True,0.0,0.0
future_own_b384,leftbasketball,1298,2,0,2,True,False,True,0.0,0.0
future_own_b384,leftbasketball,1299,2,2,2,True,False,True,0.0,0.0
future_own_b384,leftbasketball,1300,0,0,6,True,False,True,0.0,0.0
future_own_b384,leftbasketball,1301,0,0,2,True,False,True,0.0,0.0
future_own_b384,leftbasketball,1302,2,1,2,True,False,True,0.0,0.0
future_own_b384,leftbasketball,1303,6,0,6,True,False,True,0.0,0.0
future_own_b384,leftbasketball,1304,2,1,2,True,False,True,0.0,0.0
future_own_b384,leftbasketball,1305,6,1,6,True,False,True,0.0,0.0
future_own_b384,leftbasketball,1306,6,0,6,True,False,True,0.0,0.0
future_own_b384,leftbasketball,1307,4,0,4,True,False,True,0.0,0.0
future_own_b384,leftbasketball,1308,0,0,5,True,False,True,0.0,0.0
future_own_b384,leftbasketball,1309,0,0,4,True,False,True,0.0,0.0
future_own_b384,leftbasketball,1310,0,0,4,True,False,True,0.0,0.0
future_own_b384,leftbasketball,1311,0,0,4,True,False,True,0.0,0.0
future_own_b384,leftbasketball,1312,4,0,4,True,False,True,0.0,0.0
future_own_b384,leftbasketball,1313,0,0,4,True,False,True,0.0,0.0
future_own_b384,leftbasketball,1314,0,0,4,True,False,True,0.0,0.0
future_own_b384,leftbasketball,1315,0,0,4,True,False,True,0.0,0.0
future_own_b384,leftbasketball,1316,0,0,4,True,False,True,0.0,0.0
future_own_b384,leftbasketball,1317,0,0,4,True,False,True,0.0,0.0
future_own_b384,leftbasketball,1318,0,0,4,True,False,True,0.0,0.0
future_own_b384,leftbasketball,1319,0,0,4,True,False,True,0.0,0.0
future_own_b384,leftbasketball,1320,0,0,4,True,False,True,0.0,0.0
future_own_b384,leftbasketball,1321,0,0,4,True,False,True,0.0,0.0
future_own_b384,leftbasketball,1322,0,0,4,True,False,True,0.0,0.0
future_own_b384,leftbasketball,1323,0,0,4,True,False,True,0.0,0.0
future_own_b384,leftbasketball,1324,0,0,4,True,False,True,0.0,0.0
future_own_b384,leftbasketball,1325,0,0,4,True,False,True,0.0,0.0
future_own_b384,leftbasketball,1326,0,0,4,True,False,True,0.0,0.0
future_own_b384,leftbasketball,1327,0,0,4,True,False,True,0.0,0.0
future_own_b384,leftbasketball,1328,0,0,4,True,False,True,0.0,0.0
future_own_b384,leftbasketball,1329,0,0,4,True,False,True,0.0,0.0
future_own_b384,leftbasketball,1330,0,0,4,True,False,True,0.0,0.0
future_own_b384,leftbasketball,1331,4,2,4,True,False,True,0.0,0.0
future_own_b384,leftbasketball,1332,0,0,4,True,False,True,0.0,0.0
future_own_b384,leftbasketball,1333,0,0,4,True,False,True,0.0,0.0
future_own_b384,leftbasketball,1334,0,0,4,True,False,True,0.0,0.0
future_own_b384,leftbasketball,1335,0,0,4,True,False,True,0.0,0.0
future_own_b384,leftbasketball,1336,0,0,4,True,False,True,0.0,0.0
future_own_b384,leftbasketball,1337,0,0,4,True,False,True,0.0,0.0
future_own_b384,leftbasketball,1338,0,0,4,True,False,True,0.0,0.0
future_own_b384,leftbasketball,1339,0,2,6,True,False,True,0.0,0.0
future_own_b384,leftbasketball,1340,0,1,1,True,False,True,0.0,0.0
future_own_b384,leftbasketball,1341,0,0,1,True,False,True,0.0,0.0
future_own_b384,leftbasketball,1342,2,0,2,True,False,True,0.0,0.0
future_own_b384,leftbasketball,1343,6,1,6,True,False,True,0.0,0.0
future_own_b384,leftbasketball,1344,6,1,6,True,False,True,0.0,0.0
future_own_b384,leftbasketball,1345,6,0,6,True,False,True,0.0,0.0
future_own_b384,leftbasketball,1346,2,0,2,True,False,True,0.0,0.0
future_own_b384,leftbasketball,1347,0,0,4,True,False,True,0.0,0.0
future_own_b384,leftbasketball,1348,0,0,6,True,False,True,0.0,0.0
future_own_b384,leftbasketball,1349,0,0,6,True,False,True,0.0,0.0
future_own_b384,leftbasketball,1350,0,0,4,True,False,True,0.0,0.0
future_own_b384,leftbasketball,1351,6,0,6,True,False,True,0.0,0.0
future_own_b384,leftbasketball,1352,2,4,2,True,False,True,0.0,0.0
future_own_b384,leftbasketball,1353,0,0,1,True,False,True,0.49753573169860366,0.49753573169860366
future_own_b384,leftbasketball,1410,0,0,4,True,False,True,0.5397250782549493,0.5397250782549493
future_own_b384,leftbasketball,1411,0,0,4,True,False,True,0.4288639743462773,0.4288639743462773
future_own_b384,leftbasketball,1412,0,0,4,True,False,True,0.2538889665575838,0.2538889665575838
future_own_b384,leftbasketball,1413,0,0,6,True,False,True,0.27254787876074005,0.27254787876074005
future_own_b384,leftbasketball,1414,0,0,6,True,False,True,0.27882022350200836,0.27882022350200836
future_own_b384,leftbasketball,1415,0,0,6,True,False,True,0.3113450751464155,0.3113450751464155
future_own_b384,leftbasketball,1416,0,0,4,True,False,True,0.3376233412877542,0.3376233412877542
future_own_b384,leftbasketball,1417,0,0,6,True,False,True,0.27837066800186383,0.27837066800186383
future_own_b384,leftbasketball,1418,0,0,2,True,False,True,0.23250655801780828,0.23250655801780828
future_own_b384,leftbasketball,1419,0,0,2,True,False,True,0.10947691470036461,0.10947691470036461
future_own_b384,leftbasketball,1420,0,0,6,True,False,True,0.21476935481366322,0.21476935481366322
future_own_b384,leftbasketball,1421,0,0,6,True,False,True,0.2223097088497882,0.2223097088497882
future_own_b384,leftbasketball,1422,0,0,6,True,False,True,0.3239841555613254,0.3239841555613254
future_own_b384,leftbasketball,1423,0,0,6,True,False,True,0.2955822954316402,0.2955822954316402
future_own_b384,leftbasketball,1424,0,0,2,True,False,True,0.38398834030047735,0.38398834030047735
future_own_b384,leftbasketball,1425,0,0,4,True,False,True,0.38406961413773033,0.38406961413773033
future_own_b384,leftbasketball,1426,0,0,6,True,False,True,0.3855549480286687,0.3855549480286687
future_own_b384,leftbasketball,1427,6,2,6,True,False,True,0.36791142431566326,0.15916191982127864
future_own_b384,leftbasketball,1428,0,0,4,True,False,True,0.30821017653539656,0.30821017653539656
future_own_b384,leftbasketball,1429,0,0,6,True,False,True,0.5143854998948095,0.5143854998948095
future_own_b384,leftbasketball,1478,0,0,4,True,False,True,0.6171490186511703,0.6171490186511703
future_own_b384,leftbasketball,1479,0,0,2,True,False,True,0.6204749662012973,0.6204749662012973
future_own_b384,leftbasketball,1496,0,0,4,True,False,True,0.15049052015871864,0.15049052015871864
future_own_b384,leftbasketball,1497,0,0,4,True,False,True,0.27677498146934953,0.27677498146934953
future_own_b384,leftbasketball,1498,0,0,4,True,False,True,0.1698700152936034,0.1698700152936034
future_own_b384,leftbasketball,1501,0,1,2,True,False,True,0.3625563483955307,0.5599855981805894
future_own_b384,leftbasketball,1510,0,0,2,True,False,True,0.732064055371178,0.732064055371178
future_own_b384,leftbasketball,1512,0,0,4,True,False,True,0.80896698311093,0.80896698311093
future_own_b384,leftbasketball,1513,0,0,4,True,False,True,0.8131800229002208,0.8131800229002208
future_own_b384,leftbasketball,1516,0,0,4,True,False,True,0.39343499279303407,0.39343499279303407
future_own_b384,leftbasketball,1517,0,0,6,True,False,True,0.1536976407932975,0.1536976407932975
future_own_b384,leftbasketball,1518,0,0,4,True,False,True,0.09002054178684153,0.09002054178684153
future_own_b384,leftbasketball,1519,0,0,4,True,False,True,0.0,0.0
future_own_b384,leftbasketball,1520,0,0,4,True,False,True,0.0,0.0
future_own_b384,leftbasketball,1521,6,4,6,True,False,True,0.0,0.41920224107927234
future_own_b384,leftbasketball,1529,0,0,6,True,False,True,0.6737719793081199,0.6737719793081199
future_own_b384,leftbasketball,1530,0,0,6,True,False,True,0.8160936711070554,0.8160936711070554
future_own_b384,leftbasketball,1543,0,0,2,True,False,True,0.7494575815543714,0.7494575815543714
future_own_b384,leftbasketball,1544,0,0,2,True,False,True,0.5476875316228831,0.5476875316228831
future_own_b384,leftbasketball,1545,0,0,2,True,False,True,0.6797296192764049,0.6797296192764049
future_own_b384,leftbasketball,1548,0,2,2,True,False,True,0.3217026377974387,0.0
future_own_b384,leftbasketball,1549,0,0,5,True,False,True,0.0,0.0
future_own_b384,leftbasketball,1550,4,2,4,True,False,True,0.0,0.0
future_own_b384,leftbasketball,1551,0,0,4,True,False,True,0.0,0.0
future_own_b384,leftbasketball,1552,0,0,4,True,False,True,0.030444499349266393,0.030444499349266393
future_own_b384,leftbasketball,1553,0,0,4,True,False,True,0.5412719603891001,0.5412719603891001
future_own_b384,leftbasketball,1554,0,0,4,True,False,True,0.4954909119842256,0.4954909119842256
future_own_b384,leftbasketball,1567,0,0,2,True,False,True,0.8225391779374971,0.8225391779374971
future_own_b384,leftbasketball,1570,0,0,2,True,False,True,0.36723198322933076,0.36723198322933076
future_own_b384,leftbasketball,1571,0,0,4,True,False,True,0.35587375172654134,0.35587375172654134
future_own_b384,leftbasketball,1572,0,0,2,True,False,True,0.3922705448664407,0.3922705448664407
future_own_b384,leftbasketball,1573,0,0,4,True,False,True,0.27799778533649466,0.27799778533649466
future_own_b384,leftbasketball,1574,0,0,6,True,False,True,0.16127175888353956,0.16127175888353956
future_own_b384,leftbasketball,1575,6,0,6,True,False,True,0.11357697762395874,0.1912018019858504
future_own_b384,leftbasketball,1576,6,1,6,True,False,True,0.25532462505089004,0.2320636625870411
future_own_b384,leftbasketball,1577,0,0,2,True,False,True,0.14896130383221143,0.14896130383221143
future_own_b384,leftbasketball,1578,0,0,6,True,False,True,0.5470861421831306,0.5470861421831306
future_own_b384,leftbasketball,1579,0,0,1,True,False,True,0.7999468314337516,0.7999468314337516
future_own_b384,leftof2girls,69,0,0,2,True,False,True,0.8320565845610634,0.8320565845610634
future_own_b384,leftof2girls,70,0,0,4,True,False,True,0.7597727146250881,0.7597727146250881
future_own_b384,leftof2girls,72,0,0,2,True,False,True,0.8225206930214443,0.8225206930214443
future_own_b384,leftof2girls,73,0,0,2,True,False,True,0.7769601453200524,0.7769601453200524
future_own_b384,leftof2girls,74,0,0,2,True,False,True,0.8247597561670038,0.8247597561670038
future_own_b384,leftof2girls,79,0,0,2,True,False,True,0.7965337656829804,0.7965337656829804
future_own_b384,leftof2girls,80,0,0,0,False,False,True,0.7912547422184792,0.0
future_own_b384,leftof2girls,84,0,0,0,False,False,True,0.0,0.8530703825508007
future_own_b384,lonelyman,115,0,0,2,True,False,True,0.704476372429159,0.704476372429159
future_own_b384,lonelyman,169,4,0,4,True,False,True,0.448323169671082,0.718886501149704
future_own_b384,lonelyman,178,0,0,4,True,False,True,0.41256295700276324,0.41256295700276324
future_own_b384,lonelyman,179,0,0,4,True,False,True,0.3334654915060331,0.3334654915060331
future_own_b384,lonelyman,180,0,0,4,True,False,True,0.5630360765773241,0.5630360765773241
future_own_b384,lonelyman,181,0,0,4,True,False,True,0.38639512027771017,0.38639512027771017
future_own_b384,lonelyman,182,0,0,4,True,False,True,0.2917528503324408,0.2917528503324408
future_own_b384,lonelyman,183,0,0,4,True,False,True,0.37576748014544653,0.37576748014544653
future_own_b384,lonelyman,184,0,0,4,True,False,True,0.3969916215491174,0.3969916215491174
future_own_b384,lonelyman,185,0,0,4,True,False,True,0.34752049558926323,0.34752049558926323
future_own_b384,lonelyman,186,0,0,4,True,False,True,0.3802982104726592,0.3802982104726592
future_own_b384,lonelyman,189,0,0,2,True,False,True,0.7191324741646589,0.7191324741646589
future_own_b384,lonelyman,190,0,0,4,True,False,True,0.42076710824365676,0.42076710824365676
future_own_b384,lonelyman,191,0,0,4,True,False,True,0.3536882607720749,0.3536882607720749
future_own_b384,lonelyman,192,0,0,4,True,False,True,0.26442500856503914,0.26442500856503914
future_own_b384,lonelyman,193,0,0,4,True,False,True,0.3400909171301251,0.3400909171301251
future_own_b384,lonelyman,198,0,0,4,True,False,True,0.3871834289612929,0.3871834289612929
future_own_b384,lonelyman,201,4,4,4,True,False,True,0.5588428252777999,0.47396981825563106
future_own_b384,lonelyman,202,0,0,4,True,False,True,0.49970429166733493,0.49970429166733493
future_own_b384,lonelyman,203,0,0,4,True,False,True,0.40773143454063676,0.40773143454063676
future_own_b384,lonelyman,204,0,0,4,True,False,True,0.6492907960041537,0.6492907960041537
future_own_b384,lonelyman,207,0,0,4,True,False,True,0.5591213992830592,0.5591213992830592
future_own_b384,lonelyman,208,0,0,4,True,False,True,0.4775889492826428,0.4775889492826428
future_own_b384,lonelyman,209,4,0,4,True,False,True,0.6608144861174856,0.6277028027574916
future_own_b384,lonelyman,210,0,0,4,True,False,True,0.5141987901420716,0.5141987901420716
future_own_b384,lonelyman,211,0,0,4,True,False,True,0.42940302146879217,0.42940302146879217
future_own_b384,lonelyman,212,0,0,4,True,False,True,0.6165071435764115,0.6165071435764115
future_own_b384,lonelyman,218,0,0,2,True,False,True,0.7474864250572968,0.7474864250572968
future_own_b384,lonelyman,239,0,0,4,True,False,True,0.28000685361014765,0.28000685361014765
future_own_b384,lonelyman,240,4,0,4,True,False,True,0.23424317447005266,0.4826072185332373
future_own_b384,lonelyman,241,4,1,4,True,False,True,0.15317152181024657,0.0
future_own_b384,lonelyman,242,0,0,4,True,False,True,0.0,0.0
future_own_b384,lonelyman,243,0,0,4,True,False,True,0.0,0.0
future_own_b384,lonelyman,244,0,0,2,True,False,True,0.0,0.0
future_own_b384,lonelyman,245,4,2,4,True,False,True,0.0,0.0
future_own_b384,lonelyman,248,0,0,2,True,False,True,0.0,0.0
future_own_b384,lonelyman,249,4,2,4,True,False,True,0.0,0.0
future_own_b384,lonelyman,250,5,0,5,True,False,True,0.0,0.0
future_own_b384,lonelyman,251,4,0,4,True,False,True,0.0,0.0
future_own_b384,lonelyman,252,0,0,4,True,False,True,0.0,0.0
future_own_b384,lonelyman,253,4,0,4,True,False,True,0.0,0.0
future_own_b384,lonelyman,254,4,0,4,True,False,True,0.0,0.0
future_own_b384,lonelyman,255,4,2,4,True,False,True,0.0,0.0
future_own_b384,lonelyman,256,4,2,4,True,False,True,0.0,0.0
future_own_b384,lonelyman,257,4,0,4,True,False,True,0.0,0.0
future_own_b384,lonelyman,258,4,0,4,True,False,True,0.0,0.0
future_own_b384,lonelyman,259,0,1,0,False,False,True,0.0,0.3667034002945153
future_own_b384,lonelyman,260,0,1,1,True,False,True,0.3520131043018764,0.0
future_own_b384,lonelyman,261,0,1,1,True,False,True,0.013165299813508129,0.5446683322586591
future_own_b384,lonelyman,265,0,0,4,True,False,True,0.7453014059028901,0.7453014059028901
future_own_b384,lonelyman,266,0,0,4,True,False,True,0.7769482330812975,0.7769482330812975
future_own_b384,lonelyman,267,4,3,4,True,False,True,0.5205935141616839,0.41071424711714066
future_own_b384,lonelyman,268,0,0,4,True,False,True,0.5314967972106294,0.5314967972106294
future_own_b384,lonelyman,269,0,0,4,True,False,True,0.4367452565676819,0.4367452565676819
future_own_b384,lonelyman,270,0,0,4,True,False,True,0.10432106297995682,0.10432106297995682
future_own_b384,lonelyman,271,6,2,6,True,False,True,0.001142444306562441,0.0
future_own_b384,lonelyman,272,0,2,5,True,False,True,0.0,0.0
future_own_b384,lonelyman,273,4,3,4,True,False,True,0.0,0.0
future_own_b384,lonelyman,274,4,1,4,True,False,True,0.0,0.0
future_own_b384,lonelyman,275,4,2,4,True,False,True,0.0,0.0
future_own_b384,lonelyman,276,4,2,4,True,False,True,0.0,0.0
future_own_b384,lonelyman,277,6,0,6,True,False,True,0.0,0.0
future_own_b384,lonelyman,278,0,0,6,True,False,True,0.0,0.0
future_own_b384,lonelyman,279,6,2,6,True,False,True,0.0,0.0
future_own_b384,lonelyman,280,0,0,4,True,False,True,0.0,0.0
future_own_b384,lonelyman,282,0,0,2,True,False,True,0.0,0.0
future_own_b384,lonelyman,283,0,0,4,True,False,True,0.0,0.0
future_own_b384,lonelyman,284,0,0,2,True,False,True,0.0,0.0
future_own_b384,man2startmoto,34,0,0,6,True,False,True,0.6835271860913452,0.6835271860913452
future_own_b384,man2startmoto,35,0,1,6,True,False,True,0.6351668987195482,0.0
future_own_b384,man2startmoto,36,0,0,4,True,False,True,0.0,0.0
future_own_b384,man2startmoto,37,4,1,4,True,False,True,0.0,0.0
future_own_b384,man2startmoto,39,0,0,5,True,False,True,0.0,0.0
future_own_b384,man2startmoto,40,4,3,4,True,False,True,0.0,0.0
future_own_b384,man2startmoto,63,0,0,4,True,False,True,0.0,0.0
future_own_b384,man2startmoto,64,0,0,4,True,False,True,0.0,0.0
future_own_b384,man2startmoto,65,0,0,4,True,False,True,0.0,0.0
future_own_b384,man2startmoto,66,0,0,4,True,False,True,0.0,0.0
future_own_b384,man2startmoto,67,0,0,4,True,False,True,0.0,0.0
future_own_b384,man2startmoto,68,0,0,4,True,False,True,0.0,0.0
future_own_b384,man2startmoto,69,6,0,6,True,False,True,0.0,0.0
future_own_b384,man2startmoto,70,0,0,4,True,False,True,0.0,0.0
future_own_b384,man2startmoto,71,0,0,4,True,False,True,0.0,0.0
future_own_b384,man2startmoto,72,0,0,4,True,False,True,0.0,0.0
future_own_b384,man2startmoto,73,0,0,4,True,False,True,0.0,0.0
future_own_b384,man2startmoto,74,0,0,6,True,False,True,0.0,0.0
future_own_b384,man2startmoto,75,6,2,6,True,False,True,0.0,0.20082670440243552
future_own_b384,man2startmoto,76,0,0,1,True,False,True,0.40096614785690304,0.40096614785690304
future_own_b384,man2startmoto,79,0,0,4,True,False,True,0.45786674937491256,0.45786674937491256
future_own_b384,man2startmoto,87,0,0,4,True,False,True,0.5900296639411113,0.5900296639411113
future_own_b384,man2startmoto,219,0,0,2,True,False,True,0.6274255403038751,0.6274255403038751
future_own_b384,man2startmoto,220,0,0,4,True,False,True,0.5478076248482159,0.5478076248482159
future_own_b384,man2startmoto,221,0,0,4,True,False,True,0.41401762031785755,0.41401762031785755
future_own_b384,man2startmoto,222,0,0,4,True,False,True,0.36594678703448075,0.36594678703448075
future_own_b384,man2startmoto,223,0,0,4,True,False,True,0.3791040243665159,0.3791040243665159
future_own_b384,man2startmoto,225,0,0,4,True,False,True,0.3129318948585751,0.3129318948585751
future_own_b384,man2startmoto,226,0,0,4,True,False,True,0.35317134484329316,0.35317134484329316
future_own_b384,man2startmoto,227,0,0,4,True,False,True,0.3395235703695687,0.3395235703695687
future_own_b384,man2startmoto,232,0,0,2,True,False,True,0.31743440725413846,0.31743440725413846
future_own_b384,man2startmoto,233,0,0,4,True,False,True,0.29953989803032954,0.29953989803032954
future_own_b384,man2startmoto,235,0,0,4,True,False,True,0.27106464238257316,0.27106464238257316
future_own_b384,man2startmoto,236,0,0,4,True,False,True,0.2747861228612417,0.2747861228612417
future_own_b384,man2startmoto,238,0,0,4,True,False,True,0.2616905849947875,0.2616905849947875
future_own_b384,man2startmoto,240,0,0,4,True,False,True,0.3026967509504882,0.3026967509504882
future_own_b384,man2startmoto,241,0,0,4,True,False,True,0.3191536187189122,0.3191536187189122
future_own_b384,man2startmoto,243,0,0,4,True,False,True,0.29097168548035307,0.29097168548035307
future_own_b384,man2startmoto,244,0,0,4,True,False,True,0.27793374594121795,0.27793374594121795
future_own_b384,man2startmoto,246,0,0,4,True,False,True,0.28883846286625237,0.28883846286625237
future_own_b384,man2startmoto,247,0,0,4,True,False,True,0.31166524667606477,0.31166524667606477
future_own_b384,man2startmoto,248,0,0,4,True,False,True,0.3242468364453868,0.3242468364453868
future_own_b384,man2startmoto,249,0,0,4,True,False,True,0.29476510520152194,0.29476510520152194
future_own_b384,man2startmoto,250,0,0,4,True,False,True,0.30906555651203027,0.30906555651203027
future_own_b384,man2startmoto,251,0,0,4,True,False,True,0.3106566632383605,0.3106566632383605
future_own_b384,man2startmoto,252,0,0,4,True,False,True,0.36687052146994603,0.36687052146994603
future_own_b384,man2startmoto,254,0,0,4,True,False,True,0.4500173281666948,0.4500173281666948
future_own_b384,man2startmoto,255,0,0,4,True,False,True,0.6459529375460604,0.6459529375460604
future_own_b384,man2startmoto,271,0,0,2,True,False,True,0.705027614189381,0.705027614189381
future_own_b384,man2startmoto,310,0,0,4,True,False,True,0.8740537622667774,0.8740537622667774
future_own_b384,man2startmoto,360,0,0,4,True,False,True,0.3992348978413871,0.3992348978413871
future_own_b384,man2startmoto,362,0,0,4,True,False,True,0.1176410900893455,0.1176410900893455
future_own_b384,man2startmoto,364,0,0,4,True,False,True,0.0,0.0
future_own_b384,man2startmoto,365,0,0,4,True,False,True,0.0,0.0
future_own_b384,man2startmoto,366,0,0,4,True,False,True,0.0,0.0
future_own_b384,man2startmoto,367,0,0,4,True,False,True,0.0,0.0
future_own_b384,man2startmoto,368,0,0,4,True,False,True,0.0,0.0
future_own_b384,man2startmoto,369,0,0,4,True,False,True,0.0,0.0
future_own_b384,man2startmoto,370,0,0,4,True,False,True,0.0,0.0
future_own_b384,man2startmoto,371,0,0,4,True,False,True,0.0,0.0
future_own_b384,man2startmoto,372,0,0,4,True,False,True,0.0,0.0
future_own_b384,man2startmoto,373,0,0,4,True,False,True,0.0,0.0
future_own_b384,man2startmoto,374,0,0,4,True,False,True,0.0,0.0
future_own_b384,man2startmoto,384,0,0,4,True,False,True,0.8623409801358319,0.8623409801358319
future_own_b384,man2startmoto,385,0,0,4,True,False,True,0.8148462896442425,0.8148462896442425
future_own_b384,man2startmoto,388,0,0,4,True,False,True,0.8108703251389742,0.8108703251389742
future_own_b384,man2startmoto,392,0,0,2,True,False,True,0.859691163911581,0.859691163911581
future_own_b384,man2startmoto,394,0,0,4,True,False,True,0.6051503009262614,0.6051503009262614
future_own_b384,man2startmoto,395,0,0,4,True,False,True,0.5986780902097313,0.5986780902097313
future_own_b384,man2startmoto,396,0,0,4,True,False,True,0.757827238300669,0.757827238300669
future_own_b384,man2startmoto,397,0,0,4,True,False,True,0.6885506260644754,0.6885506260644754
future_own_b384,man2startmoto,398,0,0,4,True,False,True,0.7551724630945152,0.7551724630945152
future_own_b384,man2startmoto,402,0,0,4,True,False,True,0.5997904029021643,0.5997904029021643
future_own_b384,man2startmoto,403,0,0,4,True,False,True,0.7398745743474233,0.7398745743474233
future_own_b384,man2startmoto,406,0,0,4,True,False,True,0.5785403346207709,0.5785403346207709
future_own_b384,man2startmoto,407,0,0,4,True,False,True,0.4544279587400497,0.4544279587400497
future_own_b384,man2startmoto,408,0,0,4,True,False,True,0.48921929736484826,0.48921929736484826
future_own_b384,man2startmoto,409,0,0,4,True,False,True,0.28468249961288267,0.28468249961288267
future_own_b384,man2startmoto,410,0,0,4,True,False,True,0.20990075710129397,0.20990075710129397
future_own_b384,man2startmoto,411,0,0,4,True,False,True,0.3539402312502932,0.3539402312502932
future_own_b384,man2startmoto,412,0,0,4,True,False,True,0.6039802873959627,0.6039802873959627
future_own_b384,man2startmoto,416,0,0,4,True,False,True,0.6274412352612463,0.6274412352612463
future_own_b384,man2startmoto,417,0,0,4,True,False,True,0.5040224860837373,0.5040224860837373
future_own_b384,man2startmoto,421,0,0,4,True,False,True,0.6261233309082599,0.6261233309082599
future_own_b384,man2startmoto,423,0,0,4,True,False,True,0.6424424505137017,0.6424424505137017
future_own_b384,man2startmoto,425,0,0,4,True,False,True,0.7351530392433506,0.7351530392433506
future_own_b384,man2startmoto,426,0,0,4,True,False,True,0.7475310383236564,0.7475310383236564
future_own_b384,man2startmoto,428,0,0,4,True,False,True,0.6401774062227201,0.6401774062227201
future_own_b384,man2startmoto,429,0,0,4,True,False,True,0.8224627453724969,0.8224627453724969
future_own_b384,man2startmoto,452,0,0,4,True,False,True,0.7889316460333925,0.7889316460333925
future_own_b384,man2startmoto,457,0,0,4,True,False,True,0.2236613207128811,0.2236613207128811
future_own_b384,man2startmoto,458,0,0,4,True,False,True,0.000570887610598576,0.000570887610598576
future_own_b384,man2startmoto,459,0,0,4,True,False,True,0.0,0.0
future_own_b384,man2startmoto,460,6,2,6,True,False,True,0.0,0.43660780124028853
future_own_b384,man2startmoto,461,0,0,4,True,False,True,0.6743985403794517,0.6743985403794517
future_own_b384,man2startmoto,463,0,0,4,True,False,True,0.7471194504598927,0.7471194504598927
future_own_b384,man2startmoto,464,0,0,4,True,False,True,0.5592082660816916,0.5592082660816916
future_own_b384,man2startmoto,479,4,0,4,True,False,True,0.4383842275328799,0.5188154638143343
future_own_b384,man2startmoto,480,0,0,4,True,False,True,0.6788564520088961,0.6788564520088961
future_own_b384,man2startmoto,481,0,0,4,True,False,True,0.6199341175796618,0.6199341175796618
future_own_b384,man2startmoto,482,0,0,4,True,False,True,0.2673250227300168,0.2673250227300168
future_own_b384,man2startmoto,483,0,0,4,True,False,True,0.21976327297518505,0.21976327297518505
future_own_b384,man2startmoto,484,0,0,4,True,False,True,0.37751270254792935,0.37751270254792935
future_own_b384,man2startmoto,485,0,0,4,True,False,True,0.596200871462392,0.596200871462392
future_own_b384,manafetrtrees,25,0,0,2,True,False,True,0.8475130626561084,0.8475130626561084
future_own_b384,manafetrtrees,27,0,0,4,True,False,True,0.6707489256030851,0.6707489256030851
future_own_b384,manafetrtrees,29,0,0,2,True,False,True,0.6513362909293785,0.6513362909293785
future_own_b384,manafetrtrees,36,0,0,2,True,False,True,0.7863625500932383,0.7863625500932383
future_own_b384,manafetrtrees,39,2,0,2,True,False,True,0.0,0.48474728580828297
future_own_b384,manafetrtrees,40,0,0,4,True,False,True,0.6072458477104982,0.6072458477104982
future_own_b384,manafetrtrees,41,4,3,4,True,False,True,0.3927760258387377,0.42248503521395975
future_own_b384,manafetrtrees,42,0,0,4,True,False,True,0.10930453379162904,0.10930453379162904
future_own_b384,manafetrtrees,43,4,4,4,True,False,True,0.1209065552056072,0.0
future_own_b384,manafetrtrees,44,0,0,5,True,False,True,0.0,0.0
future_own_b384,manafetrtrees,45,0,0,4,True,False,True,0.0,0.0
future_own_b384,manafetrtrees,46,0,0,4,True,False,True,0.0,0.0
future_own_b384,manafetrtrees,47,0,0,4,True,False,True,0.0,0.0
future_own_b384,manafetrtrees,48,0,0,4,True,False,True,0.0,0.0
future_own_b384,manafetrtrees,49,4,2,4,True,False,True,0.0,0.0
future_own_b384,manafetrtrees,50,0,0,2,True,False,True,0.0,0.0
future_own_b384,manafetrtrees,51,0,0,4,True,False,True,0.0,0.0
future_own_b384,manafetrtrees,52,0,0,2,True,False,True,0.0,0.0
future_own_b384,manafetrtrees,53,0,0,4,True,False,True,0.0,0.0
future_own_b384,manafetrtrees,54,0,0,4,True,False,True,0.0,0.0
future_own_b384,manafetrtrees,55,0,0,4,True,False,True,0.0,0.0
future_own_b384,manafetrtrees,56,0,0,4,True,False,True,0.0,0.0
future_own_b384,manafetrtrees,57,0,0,4,True,False,True,0.0,0.0
future_own_b384,manafetrtrees,58,0,0,4,True,False,True,0.0,0.0
future_own_b384,manafetrtrees,59,0,0,4,True,False,True,0.0,0.0
future_own_b384,manafetrtrees,60,0,0,4,True,False,True,0.0,0.0
future_own_b384,manafetrtrees,61,0,0,4,True,False,True,0.0,0.0
future_own_b384,manafetrtrees,62,0,0,4,True,False,True,0.0,0.0
future_own_b384,manafetrtrees,63,0,0,4,True,False,True,0.0,0.0
future_own_b384,manafetrtrees,64,0,0,4,True,False,True,0.0,0.0
future_own_b384,manafetrtrees,65,0,0,4,True,False,True,0.0,0.0
future_own_b384,manafetrtrees,66,0,0,4,True,False,True,0.0,0.0
future_own_b384,manafetrtrees,67,0,0,4,True,False,True,0.0,0.0
future_own_b384,manafetrtrees,68,0,0,4,True,False,True,0.0,0.0
future_own_b384,manafetrtrees,69,0,0,4,True,False,True,0.0,0.0
future_own_b384,manafetrtrees,70,0,0,4,True,False,True,0.0,0.0
future_own_b384,manafetrtrees,71,0,0,4,True,False,True,0.0,0.0
future_own_b384,manafetrtrees,72,0,0,4,True,False,True,0.0,0.0
future_own_b384,manafetrtrees,73,0,0,4,True,False,True,0.0,0.0
future_own_b384,manafetrtrees,74,0,0,4,True,False,True,0.0,0.0
future_own_b384,manafetrtrees,76,0,0,4,True,False,True,0.0,0.0
future_own_b384,manafetrtrees,77,0,0,4,True,False,True,0.0,0.0
future_own_b384,manafetrtrees,78,0,0,4,True,False,True,0.0,0.0
future_own_b384,manafetrtrees,79,0,0,4,True,False,True,0.0,0.0
future_own_b384,manafetrtrees,80,4,4,4,True,False,True,0.0,0.0
future_own_b384,manafetrtrees,81,0,0,4,True,False,True,0.0,0.0
future_own_b384,manafetrtrees,82,0,0,4,True,False,True,0.0,0.0
future_own_b384,manafetrtrees,83,0,0,4,True,False,True,0.0,0.0
future_own_b384,manafetrtrees,84,0,0,4,True,False,True,0.0,0.0
future_own_b384,manafetrtrees,85,0,0,4,True,False,True,0.0,0.0
future_own_b384,manafetrtrees,86,0,1,4,True,False,True,0.0,0.0
future_own_b384,manafetrtrees,87,0,0,4,True,False,True,0.0,0.0
future_own_b384,manafetrtrees,88,0,0,2,True,False,True,0.0,0.0
future_own_b384,manafetrtrees,89,0,0,4,True,False,True,0.0,0.0
future_own_b384,manafetrtrees,90,0,0,4,True,False,True,0.0,0.0
future_own_b384,manafetrtrees,91,0,0,4,True,False,True,0.0,0.0
future_own_b384,manafetrtrees,92,0,0,4,True,False,True,0.0,0.0
future_own_b384,manafetrtrees,93,0,0,4,True,False,True,0.0,0.0
future_own_b384,manafetrtrees,94,0,0,4,True,False,True,0.0,0.0
future_own_b384,manafetrtrees,95,0,0,4,True,False,True,0.0,0.0
future_own_b384,manafetrtrees,96,0,0,4,True,False,True,0.0,0.0
future_own_b384,manafetrtrees,97,0,0,4,True,False,True,0.0,0.0
future_own_b384,manafetrtrees,98,0,0,4,True,False,True,0.0,0.0
future_own_b384,manafetrtrees,99,0,0,4,True,False,True,0.0,0.0
future_own_b384,meituanbike,169,0,0,2,True,False,True,0.7425030035009742,0.7425030035009742
future_own_b384,meituanbike,170,0,0,2,True,False,True,0.6082222311894792,0.6082222311894792
future_own_b384,meituanbike,172,0,0,2,True,False,True,0.6469157012864961,0.6469157012864961
future_own_b384,meituanbike,175,0,0,2,True,False,True,0.5715615040218355,0.5715615040218355
future_own_b384,meituanbike,179,0,0,4,True,False,True,0.767448528475398,0.767448528475398
future_own_b384,meituanbike,180,0,0,4,True,False,True,0.7595232400920167,0.7595232400920167
future_own_b384,moto2north2,166,0,0,2,True,False,True,0.6927379558361604,0.6927379558361604
future_own_b384,moto2north2,167,0,0,2,True,False,True,0.6826332534312448,0.6826332534312448
future_own_b384,moto2north2,168,0,0,2,True,False,True,0.586638214422255,0.586638214422255
future_own_b384,moto2north2,171,0,0,2,True,False,True,0.3944377601843599,0.3944377601843599
future_own_b384,moto2north2,179,0,0,2,True,False,True,0.6894268834118358,0.6894268834118358
future_own_b384,moto2north2,183,0,0,2,True,False,True,0.6840943491742904,0.6840943491742904
future_own_b384,moto2north2,190,0,0,2,True,False,True,0.827394458731472,0.827394458731472
future_own_b384,moto2north2,203,0,0,2,True,False,True,0.0,0.0
future_own_b384,moto2north2,236,0,0,2,True,False,True,0.7644426252623574,0.7644426252623574
future_own_b384,motobesidescar,19,0,0,2,True,False,True,0.5962922403365064,0.5962922403365064
future_own_b384,motobesidescar,24,0,0,1,True,False,True,0.5131518436697352,0.5131518436697352
future_own_b384,motobesidescar,25,0,0,2,True,False,True,0.48610938279122967,0.48610938279122967
future_own_b384,motobesidescar,29,0,0,6,True,False,True,0.6208341852408308,0.6208341852408308
future_own_b384,motobesidescar,30,0,0,2,True,False,True,0.4876656608096467,0.4876656608096467
future_own_b384,motobesidescar,31,0,0,4,True,False,True,0.6033612965249436,0.6033612965249436
future_own_b384,motobesidescar,32,0,0,2,True,False,True,0.659691497731142,0.659691497731142
future_own_b384,motobesidescar,36,0,0,6,True,False,True,0.5213082783185242,0.5213082783185242
future_own_b384,motobesidescar,39,0,0,2,True,False,True,0.7385005914395019,0.7385005914395019
future_own_b384,openthisexersicebook,25,0,0,2,True,False,True,0.835271403029621,0.835271403029621
future_own_b384,openthisexersicebook,26,0,0,2,True,False,True,0.7219973907988416,0.7219973907988416
future_own_b384,openthisexersicebook,27,0,0,2,True,False,True,0.6768642592038195,0.6768642592038195
future_own_b384,openthisexersicebook,28,0,0,6,True,False,True,0.7473777590012054,0.7473777590012054
future_own_b384,openthisexersicebook,29,0,0,6,True,False,True,0.6645709020645574,0.6645709020645574
future_own_b384,openthisexersicebook,33,0,0,1,True,False,True,0.5455811939291421,0.5455811939291421
future_own_b384,openthisexersicebook,360,0,1,0,False,False,True,0.3445008933496649,0.33128390637247124
future_own_b384,openthisexersicebook,367,0,0,0,False,False,True,0.27113284449127967,0.33228895536433856
future_own_b384,openthisexersicebook,371,0,0,0,False,False,True,0.37690390682828384,0.3694085937365981
future_own_b384,openthisexersicebook,377,0,1,0,False,False,True,0.43311098923772556,0.3537790813980035
future_own_b384,outer2leftmirrorback,139,0,0,0,False,False,True,0.7692011728506565,0.0
future_own_b384,outer2leftmirrorback,180,0,0,2,True,False,True,0.0,0.0
future_own_b384,outer2leftmirrorback,190,0,0,4,True,False,True,0.0,0.0
future_own_b384,outer2leftmirrorback,275,0,0,2,True,False,True,0.0,0.0
future_own_b384,outer2leftmirrorback,282,0,1,0,False,False,True,0.0,0.7157790663603023
future_own_b384,outer2leftmirrorback,304,0,0,0,False,False,True,0.8332577871718463,0.0
future_own_b384,outer2leftmirrorback,443,1,1,1,True,False,True,0.6028975399218215,0.1951730529949322
future_own_b384,outer2leftmirrorback,447,0,1,2,True,False,True,0.7064359204667594,0.021440391381662333
future_own_b384,outer2leftmirrorback,468,0,1,0,False,False,True,0.0,0.6087631053323529
future_own_b384,outer2leftmirrorback,470,0,0,2,True,False,True,0.37649767375483245,0.37649767375483245
future_own_b384,outer2leftmirrorback,500,0,0,2,True,False,True,0.46283907952796033,0.0
future_own_b384,outer2leftmirrorback,528,0,0,2,True,False,True,0.0,0.0
future_own_b384,outer2leftmirrorback,775,2,0,2,True,False,True,0.35103334393784424,0.5961108761883894
future_own_b384,outer2leftmirrorback,783,0,0,2,True,False,True,0.5078022584165197,0.5078022584165197
future_own_b384,outer2leftmirrorback,919,0,0,2,True,False,True,0.1903526992485793,0.1903526992485793
future_own_b384,outer2leftmirrorback,920,0,0,2,True,False,True,0.2002826058058678,0.2002826058058678
future_own_b384,outer2leftmirrorback,922,0,0,2,True,False,True,0.3823742255092719,0.3823742255092719
future_own_b384,outer2leftmirrorback,923,0,0,2,True,False,True,0.2268014114162211,0.2268014114162211
future_own_b384,outer2leftmirrorback,924,0,0,2,True,False,True,0.1604642852856957,0.1604642852856957
future_own_b384,outer2leftmirrorback,925,0,0,2,True,False,True,0.2606847227690507,0.2606847227690507
future_own_b384,outer2leftmirrorback,927,0,0,4,True,False,True,0.23972734059320616,0.23972734059320616
future_own_b384,outer2leftmirrorback,928,0,0,4,True,False,True,0.22296816547195986,0.22296816547195986
future_own_b384,outer2leftmirrorback,929,0,0,2,True,False,True,0.22377850002145877,0.22377850002145877
future_own_b384,outer2leftmirrorback,930,0,0,4,True,False,True,0.38061725701558435,0.38061725701558435
future_own_b384,outer2leftmirrorback,931,0,0,2,True,False,True,0.061939611325101916,0.061939611325101916
future_own_b384,outer2leftmirrorback,995,0,0,2,True,False,True,0.3955707105769482,0.3955707105769482
future_own_b384,outer2leftmirrorback,1001,0,0,2,True,False,True,0.3519277135533154,0.3519277135533154
future_own_b384,outer2leftmirrorback,1004,0,0,2,True,False,True,0.5002238853785065,0.5002238853785065
future_own_b384,outer2leftmirrorback,1161,0,0,2,True,False,True,0.034280158733135495,0.034280158733135495
future_own_b384,outer2leftmirrorback,1163,0,0,0,False,False,True,0.004988039738972085,0.35632476019936016
future_own_b384,outer2leftmirrorback,1259,0,0,6,True,False,True,0.1985001474569193,0.1985001474569193
future_own_b384,outer2leftmirrorback,1329,0,1,0,False,False,True,0.9178537012573149,0.0
future_own_b384,outer2leftmirrorback,1332,0,0,0,False,False,True,0.0,0.7981394571833079
future_own_b384,outer2leftmirrorback,1341,0,0,6,True,False,True,0.601937377274699,0.601937377274699
future_own_b384,outer2leftmirrorback,1522,0,0,2,True,False,True,0.8035264417931507,0.8035264417931507
future_own_b384,outer2leftmirrorback,1602,0,1,0,False,False,True,0.0,0.49610639826146125
future_own_b384,outer2leftmirrorback,1618,0,0,0,False,False,True,0.8117352118199922,0.09657096193533334
future_own_b384,outer2leftmirrorback,1661,0,1,0,False,False,True,0.8236672961455751,0.017539217580156054
future_own_b384,outer2leftmirrorback,1663,0,0,0,False,False,True,0.08405889288290311,0.9343226280417162
future_own_b384,outer2leftmirrorback,1692,0,1,0,False,False,True,0.6325566231497455,0.0
future_own_b384,outer2leftmirrorback,1740,0,0,0,False,False,True,0.0,0.6725959290191424
future_own_b384,outer2leftmirrorback,1883,0,1,0,False,False,True,0.844707699639868,0.0006466942987017229
future_own_b384,rightbiggreenboy,30,0,0,2,True,False,True,0.8455047335810083,0.8455047335810083
future_own_b384,rightbiggreenboy,35,0,0,2,True,False,True,0.8896784499325702,0.8896784499325702
future_own_b384,rightbiggreenboy,36,0,0,2,True,False,True,0.8770530211288415,0.8770530211288415
future_own_b384,rightbiggreenboy,37,0,0,2,True,False,True,0.8853137838015447,0.8853137838015447
future_own_b384,rightbiggreenboy,38,0,0,2,True,False,True,0.9244576545352171,0.9244576545352171
future_own_b384,rightbiggreenboy,39,0,0,2,True,False,True,0.8859009301887624,0.8859009301887624
future_own_b384,rightbiggreenboy,40,0,0,2,True,False,True,0.8758457864806776,0.8758457864806776
future_own_b384,rightbiggreenboy,41,0,0,2,True,False,True,0.8426503918449669,0.8426503918449669
future_own_b384,rightbiggreenboy,42,0,0,2,True,False,True,0.9049494550285859,0.9049494550285859
future_own_b384,rightbiggreenboy,43,0,0,2,True,False,True,0.0,0.0
future_own_b384,rightbiggreenboy,44,0,1,2,True,False,True,0.8342327974503034,0.8342327974503034
future_own_b384,rightbiggreenboy,45,1,1,1,True,False,True,0.7927129580745241,0.5010160163123755
future_own_b384,rightbiggreenboy,47,0,0,2,True,False,True,0.8852024129456387,0.8852024129456387
future_own_b384,rightbiggreenboy,48,0,0,2,True,False,True,0.9189397429972525,0.9189397429972525
future_own_b384,rightbiggreenboy,49,0,0,2,True,False,True,0.8987207020545473,0.8987207020545473
future_own_b384,rightbiggreenboy,50,0,1,0,False,False,True,0.8831632377986377,0.0
future_own_b384,rightbiggreenboy,53,0,0,2,True,False,True,0.8934166730023607,0.8934166730023607
future_own_b384,rightbiggreenboy,55,0,0,4,True,False,True,0.8497735781564641,0.8497735781564641
future_own_b384,rightbiggreenboy,86,0,0,2,True,False,True,0.9128341874945053,0.9128341874945053
future_own_b384,rightbiggreenboy,90,0,0,2,True,False,True,0.9278361411993676,0.9278361411993676
future_own_b384,rightbiggreenboy,94,0,0,2,True,False,True,0.8728958320982766,0.8728958320982766
future_own_b384,rightbiggreenboy,116,0,0,2,True,False,True,0.8693230110218876,0.8693230110218876
future_own_b384,rightbiggreenboy,117,0,0,2,True,False,True,0.7480191071636575,0.7480191071636575
future_own_b384,rightbiggreenboy,118,0,0,2,True,False,True,0.6897131026486936,0.6897131026486936
future_own_b384,rightbiggreenboy,119,0,0,2,True,False,True,0.7194684122691529,0.7194684122691529
future_own_b384,rightbiggreenboy,121,0,0,2,True,False,True,0.7649746611262924,0.7649746611262924
future_own_b384,rightbiggreenboy,122,0,0,2,True,False,True,0.7291303009042268,0.7291303009042268
future_own_b384,rightbiggreenboy,123,0,0,2,True,False,True,0.725547618421118,0.725547618421118
future_own_b384,rightbiggreenboy,124,0,0,2,True,False,True,0.666096505214763,0.666096505214763
future_own_b384,rightbiggreenboy,125,0,0,2,True,False,True,0.7518489168316446,0.7518489168316446
future_own_b384,rightbiggreenboy,126,0,0,2,True,False,True,0.7324613174572295,0.7324613174572295
future_own_b384,rightbiggreenboy,133,0,0,4,True,False,True,0.6897343187539223,0.6897343187539223
future_own_b384,rightbiggreenboy,134,0,0,2,True,False,True,0.739678372051664,0.739678372051664
future_own_b384,rightbiggreenboy,135,0,0,2,True,False,True,0.7480393493343372,0.7480393493343372
future_own_b384,rightbiggreenboy,137,0,0,2,True,False,True,0.8145407768837464,0.8145407768837464
future_own_b384,rightbiggreenboy,139,0,0,4,True,False,True,0.8414749687154802,0.8414749687154802
future_own_b384,rightbiggreenboy,140,0,0,4,True,False,True,0.7839220866896384,0.7839220866896384
future_own_b384,rightbiggreenboy,142,0,0,4,True,False,True,0.8815455106747702,0.8815455106747702
future_own_b384,rightbiggreenboy,143,0,0,4,True,False,True,0.8836241890202167,0.8836241890202167
future_own_b384,rightbiggreenboy,144,0,0,4,True,False,True,0.826572196711953,0.826572196711953
future_own_b384,rightbiggreenboy,146,0,0,4,True,False,True,0.8770929790117021,0.8770929790117021
future_own_b384,rightbiggreenboy,147,0,0,2,True,False,True,0.7523604477734835,0.7523604477734835
future_own_b384,rightbiggreenboy,148,0,0,2,True,False,True,0.8561206638344155,0.8561206638344155
future_own_b384,rightbiggreenboy,149,0,0,2,True,False,True,0.857105303950586,0.857105303950586
future_own_b384,rightbiggreenboy,174,0,0,2,True,False,True,0.7039752580566813,0.7039752580566813
future_own_b384,rightbiggreenboy,181,0,0,2,True,False,True,0.8752642277271864,0.8752642277271864
future_own_b384,rightbiggreenboy,183,0,0,2,True,False,True,0.7676370076032392,0.7676370076032392
future_own_b384,rightbiggreenboy,184,0,0,2,True,False,True,0.84794960530439,0.84794960530439
future_own_b384,rightbiggreenboy,187,0,0,2,True,False,True,0.8665310135187864,0.8665310135187864
future_own_b384,rightbiggreenboy,188,0,0,2,True,False,True,0.8662458932118777,0.8662458932118777
future_own_b384,rightbiggreenboy,189,0,0,2,True,False,True,0.9026024470448263,0.9026024470448263
future_own_b384,rightbiggreenboy,199,0,0,2,True,False,True,0.8383735644075785,0.8383735644075785
future_own_b384,rightbiggreenboy,200,0,1,0,False,False,True,0.8195095302076154,0.0
future_own_b384,rightbiggreenboy,211,0,1,0,False,False,True,0.0,0.793031939170753
future_own_b384,rightbiggreenboy,217,0,1,0,False,False,True,0.7867556697877206,0.0
future_own_b384,rightbiggreenboy,222,0,0,2,True,False,True,0.0,0.0
future_own_b384,rightbiggreenboy,223,0,0,4,True,False,True,0.0,0.0
future_own_b384,rightbiggreenboy,244,0,0,2,True,False,True,0.0,0.0
future_own_b384,rightbiggreenboy,246,0,0,4,True,False,True,0.0,0.0
future_own_b384,rightbiggreenboy,258,0,0,2,True,False,True,0.0,0.0
future_own_b384,rightbiggreenboy,259,0,0,2,True,False,True,0.0,0.0
future_own_b384,rightbiggreenboy,264,0,0,2,True,False,True,0.0,0.0
future_own_b384,rightbiggreenboy,265,0,0,2,True,False,True,0.0,0.0
future_own_b384,rightbiggreenboy,267,0,0,2,True,False,True,0.0,0.0
future_own_b384,rightbiggreenboy,268,0,0,2,True,False,True,0.0,0.0
future_own_b384,rightbiggreenboy,269,0,0,4,True,False,True,0.0,0.0
future_own_b384,rightbiggreenboy,274,0,0,2,True,False,True,0.0,0.0
future_own_b384,rightbiggreenboy,279,0,0,2,True,False,True,0.0,0.0
future_own_b384,rightbiggreenboy,283,0,0,2,True,False,True,0.0,0.0
future_own_b384,rightbiggreenboy,293,0,0,2,True,False,True,0.0,0.0
future_own_b384,rightbiggreenboy,294,0,0,2,True,False,True,0.0,0.0
future_own_b384,rightbiggreenboy,307,0,0,4,True,False,True,0.0,0.0
future_own_b384,rightbiggreenboy,309,0,0,2,True,False,True,0.0,0.0
future_own_b384,rightbiggreenboy,314,0,0,4,True,False,True,0.0,0.0
future_own_b384,rightbiggreenboy,315,0,0,2,True,False,True,0.0,0.0
future_own_b384,rightbiggreenboy,316,0,0,2,True,False,True,0.0,0.0
future_own_b384,rightbiggreenboy,317,0,0,2,True,False,True,0.0,0.0
future_own_b384,rightbiggreenboy,319,0,0,2,True,False,True,0.0,0.0
future_own_b384,rightbiggreenboy,321,0,0,2,True,False,True,0.0,0.0
future_own_b384,rightbiggreenboy,322,0,0,4,True,False,True,0.0,0.0
future_own_b384,rightbiggreenboy,323,0,0,2,True,False,True,0.0,0.0
future_own_b384,rightbiggreenboy,324,0,0,2,True,False,True,0.0,0.0
future_own_b384,rightbiggreenboy,325,0,0,2,True,False,True,0.0,0.0
future_own_b384,rightbiggreenboy,326,0,0,2,True,False,True,0.0,0.0
future_own_b384,rightbiggreenboy,327,0,0,4,True,False,True,0.0,0.0
future_own_b384,rightbiggreenboy,373,0,0,2,True,False,True,0.0,0.0
future_own_b384,rightbiggreenboy,374,0,0,2,True,False,True,0.0,0.0
future_own_b384,rightbiggreenboy,375,0,0,4,True,False,True,0.0,0.0
future_own_b384,rightbiggreenboy,378,0,0,2,True,False,True,0.0,0.0
future_own_b384,rightbiggreenboy,379,0,0,2,True,False,True,0.0,0.0
future_own_b384,rightbiggreenboy,382,0,0,2,True,False,True,0.0,0.0
future_own_b384,rightbiggreenboy,383,0,0,2,True,False,True,0.0,0.0
future_own_b384,rightbiggreenboy,384,0,0,2,True,False,True,0.0,0.0
future_own_b384,rightbiggreenboy,385,0,0,2,True,False,True,0.0,0.0
future_own_b384,rightbiggreenboy,386,0,0,4,True,False,True,0.0,0.0
future_own_b384,rightbiggreenboy,387,0,0,2,True,False,True,0.0,0.0
future_own_b384,rightbiggreenboy,388,0,0,2,True,False,True,0.0,0.0
future_own_b384,rightbiggreenboy,389,0,0,2,True,False,True,0.0,0.0
future_own_b384,rightbiggreenboy,408,0,0,6,True,False,True,0.15917553797118658,0.15917553797118658
future_own_b384,rightbiggreenboy,427,0,0,0,False,False,True,0.1305412483392933,0.5685028362685274
future_own_b384,rightbiggreenboy,434,0,0,2,True,False,True,0.11084781457801222,0.11084781457801222
future_own_b384,rightbiggreenboy,436,0,0,2,True,False,True,0.0899076337529657,0.0899076337529657
future_own_b384,rightbiggreenboy,442,6,1,6,True,False,True,0.3647396045710471,0.0
future_own_b384,rightbiggreenboy,445,0,0,2,True,False,True,0.0,0.0
future_own_b384,rightbiggreenboy,450,0,0,4,True,False,True,0.0,0.0
future_own_b384,rightbiggreenboy,452,0,0,6,True,False,True,0.0,0.0
future_own_b384,rightbiggreenboy,453,0,0,2,True,False,True,0.0,0.0
future_own_b384,rightbiggreenboy,457,0,0,0,False,False,True,0.0,0.4670762514102912
future_own_b384,rightbiggreenboy,463,0,0,4,True,False,True,0.0,0.0
future_own_b384,rightbiggreenboy,465,2,2,2,True,False,True,0.0,0.0
future_own_b384,rightbiggreenboy,469,0,0,6,True,False,True,0.061048365861139445,0.061048365861139445
future_own_b384,rightbiggreenboy,471,0,0,2,True,False,True,0.22866056127776363,0.22866056127776363
future_own_b384,rightbiggreenboy,477,0,1,0,False,False,True,0.0,0.0
future_own_b384,rightbiggreenboy,478,0,0,1,True,False,True,0.0,0.0
future_own_b384,rightbiggreenboy,479,0,0,2,True,False,True,0.0,0.0
future_own_b384,rightbiggreenboy,480,0,0,2,True,False,True,0.0,0.0
future_own_b384,rightbiggreenboy,481,0,0,2,True,False,True,0.0,0.0
future_own_b384,rightbiggreenboy,491,0,0,2,True,False,True,0.0,0.0
future_own_b384,rightbiggreenboy,498,0,0,2,True,False,True,0.0,0.0
future_own_b384,rightbiggreenboy,502,0,0,2,True,False,True,0.0,0.0
future_own_b384,rightbiggreenboy,505,4,1,4,True,False,True,0.0,0.0
future_own_b384,rightbiggreenboy,506,0,0,2,True,False,True,0.0,0.0
future_own_b384,rightbiggreenboy,508,2,3,2,True,False,True,0.0,0.0
future_own_b384,rightbiggreenboy,511,4,1,4,True,False,True,0.0,0.0
future_own_b384,rightbiggreenboy,512,4,1,4,True,False,True,0.0,0.0
future_own_b384,rightbiggreenboy,513,0,0,2,True,False,True,0.0,0.0
future_own_b384,rightbiggreenboy,514,0,0,2,True,False,True,0.0,0.0
future_own_b384,rightbiggreenboy,515,0,0,2,True,False,True,0.0,0.0
future_own_b384,rightbiggreenboy,516,0,0,2,True,False,True,0.0,0.0
future_own_b384,rightbiggreenboy,517,0,0,2,True,False,True,0.0,0.0
future_own_b384,rightbiggreenboy,518,0,0,2,True,False,True,0.0,0.0
future_own_b384,rightbiggreenboy,519,0,0,2,True,False,True,0.0,0.0
future_own_b384,rightbiggreenboy,520,0,0,2,True,False,True,0.0,0.0
future_own_b384,rightbiggreenboy,521,0,0,2,True,False,True,0.0,0.0
future_own_b384,rightbiggreenboy,523,0,0,2,True,False,True,0.0,0.0
future_own_b384,rightbiggreenboy,530,6,1,6,True,False,True,0.0,0.0
future_own_b384,rightbiggreenboy,533,0,0,2,True,False,True,0.0,0.0
future_own_b384,rightbiggreenboy,534,2,1,2,True,False,True,0.0,0.0
future_own_b384,rightbiggreenboy,535,0,0,6,True,False,True,0.0,0.0
future_own_b384,rightbiggreenboy,540,0,0,2,True,False,True,0.0,0.0
future_own_b384,rightbiggreenboy,541,0,0,2,True,False,True,0.0,0.0
future_own_b384,rightbiggreenboy,542,0,0,2,True,False,True,0.0,0.0
future_own_b384,rightbiggreenboy,543,0,0,2,True,False,True,0.0,0.0
future_own_b384,rightbiggreenboy,544,0,0,2,True,False,True,0.0,0.0
future_own_b384,rightbiggreenboy,545,0,0,2,True,False,True,0.0,0.0
future_own_b384,rightbiggreenboy,546,0,0,2,True,False,True,0.0,0.0
future_own_b384,rightbiggreenboy,549,0,1,0,False,False,True,0.0,0.0
future_own_b384,rightbiggreenboy,550,0,1,0,False,False,True,0.0,0.0
future_own_b384,rightbiggreenboy,551,0,0,5,True,False,True,0.0,0.0
future_own_b384,rightbiggreenboy,554,0,0,4,True,False,True,0.0,0.0
future_own_b384,rightbiggreenboy,555,0,0,4,True,False,True,0.0,0.0
future_own_b384,rightbiggreenboy,556,0,0,4,True,False,True,0.0,0.0
future_own_b384,rightbiggreenboy,557,0,0,2,True,False,True,0.0,0.0
future_own_b384,rightbiggreenboy,561,0,0,2,True,False,True,0.0,0.0
future_own_b384,rightbiggreenboy,563,0,0,2,True,False,True,0.06668288418961102,0.06668288418961102
future_own_b384,rightbiggreenboy,567,0,0,2,True,False,True,0.14252349656635627,0.14252349656635627
future_own_b384,rightbiggreenboy,568,0,0,2,True,False,True,0.13829620221360553,0.13829620221360553
future_own_b384,rightbiggreenboy,569,0,0,2,True,False,True,0.13705210793150793,0.13705210793150793
future_own_b384,rightbiggreenboy,570,0,0,2,True,False,True,0.17479851822455997,0.17479851822455997
future_own_b384,rightbiggreenboy,571,0,0,2,True,False,True,0.15903127963252733,0.15903127963252733
future_own_b384,rightbiggreenboy,578,0,0,2,True,False,True,0.24076454432148886,0.24076454432148886
future_own_b384,rightbiggreenboy,579,0,0,2,True,False,True,0.36250766530479495,0.36250766530479495
future_own_b384,rightbiggreenboy,580,0,0,2,True,False,True,0.3970026617462334,0.3970026617462334
future_own_b384,rightbiggreenboy,581,0,0,2,True,False,True,0.45577640184850204,0.45577640184850204
future_own_b384,rightbiggreenboy,582,0,0,4,True,False,True,0.4984502357778508,0.4984502357778508
future_own_b384,rightbiggreenboy,583,0,0,2,True,False,True,0.5655316621609778,0.5655316621609778
future_own_b384,rightbiggreenboy,584,0,0,2,True,False,True,0.49806434143136297,0.49806434143136297
future_own_b384,rightbiggreenboy,585,0,0,2,True,False,True,0.5744759697135099,0.5744759697135099
future_own_b384,rightbiggreenboy,586,0,0,2,True,False,True,0.5059973099165762,0.5059973099165762
future_own_b384,rightbiggreenboy,587,0,0,2,True,False,True,0.48371270989447507,0.48371270989447507
future_own_b384,rightbiggreenboy,588,0,0,2,True,False,True,0.4804378703241269,0.4804378703241269
future_own_b384,rightbiggreenboy,589,0,0,2,True,False,True,0.5203109056661382,0.5203109056661382
future_own_b384,rightbiggreenboy,590,0,0,2,True,False,True,0.48235985308467405,0.48235985308467405
future_own_b384,rightbiggreenboy,591,0,0,2,True,False,True,0.47159649645907264,0.47159649645907264
future_own_b384,rightbiggreenboy,598,0,0,4,True,False,True,0.5366864435826425,0.5366864435826425
future_own_b384,rightbiggreenboy,599,0,0,2,True,False,True,0.6656468081911997,0.6656468081911997
future_own_b384,rightbiggreenboy,600,4,2,4,True,False,True,0.6500838273895388,0.0
future_own_b384,rightbiggreenboy,602,0,0,2,True,False,True,0.0,0.0
future_own_b384,rightbiggreenboy,603,0,0,2,True,False,True,0.0,0.0
future_own_b384,rightbiggreenboy,604,0,0,4,True,False,True,0.0,0.0
future_own_b384,rightbiggreenboy,605,0,0,4,True,False,True,0.0,0.0
future_own_b384,rightbiggreenboy,606,0,0,4,True,False,True,0.0,0.0
future_own_b384,rightbiggreenboy,607,0,0,2,True,False,True,0.0,0.0
future_own_b384,rightbiggreenboy,608,0,0,2,True,False,True,0.0,0.0
future_own_b384,rightbiggreenboy,611,0,1,0,False,False,True,0.0,0.5962243368711873
future_own_b384,rightbiggreenboy,615,0,0,2,True,False,True,0.4569224393881585,0.4569224393881585
future_own_b384,rightbiggreenboy,620,0,0,4,True,False,True,0.5122392440096993,0.5122392440096993
future_own_b384,rightbiggreenboy,623,0,0,4,True,False,True,0.5437969872132834,0.5437969872132834
future_own_b384,rightbiggreenboy,624,0,0,2,True,False,True,0.4956960755304587,0.4956960755304587
future_own_b384,rightbiggreenboy,625,0,0,2,True,False,True,0.623510566564546,0.623510566564546
future_own_b384,rightbiggreenboy,627,0,0,2,True,False,True,0.565563030518971,0.565563030518971
future_own_b384,rightbiggreenboy,633,0,0,2,True,False,True,0.3541699023995223,0.3541699023995223
future_own_b384,rightbiggreenboy,634,0,0,6,True,False,True,0.46352871416610236,0.46352871416610236
future_own_b384,rightbiggreenboy,635,0,0,2,True,False,True,0.44041803647460037,0.44041803647460037
future_own_b384,rightbiggreenboy,638,0,0,6,True,False,True,0.3735162247205563,0.3735162247205563
future_own_b384,rightbiggreenboy,653,0,0,2,True,False,True,0.3866951190367363,0.3866951190367363
future_own_b384,rightbiggreenboy,658,0,0,2,True,False,True,0.5832141037191795,0.5832141037191795
future_own_b384,rightbiggreenboy,685,0,0,6,True,False,True,0.4057852008418083,0.4057852008418083
future_own_b384,rightbiggreenboy,692,0,0,2,True,False,True,0.0,0.0
future_own_b384,rightbiggreenboy,697,0,1,0,False,False,True,0.0,0.6315944464392786
future_own_b384,rightbiggreenboy,698,0,1,2,True,False,True,0.5400466562173665,0.5400466562173665
future_own_b384,rightbiggreenboy,699,0,0,2,True,False,True,0.5259065045833996,0.5259065045833996
future_own_b384,rightbiggreenboy,701,0,0,2,True,False,True,0.4064100601307718,0.4064100601307718
future_own_b384,rightbiggreenboy,706,0,0,0,False,False,True,0.5001253756936024,0.0
future_own_b384,rightbiggreenboy,708,0,0,4,True,False,True,0.0,0.0
future_own_b384,rightbiggreenboy,761,0,1,0,False,False,True,0.0,0.48030282182925443
future_own_b384,rightbiggreenboy,762,5,1,5,True,False,True,0.5767894087965078,0.48495533373728356
future_own_b384,rightbiggreenboy,763,6,1,6,True,False,True,0.5179269639717003,0.562751817533784
future_own_b384,rightbiggreenboy,764,6,1,6,True,False,True,0.7662983980658841,0.33242434276218147
future_own_b384,rightbiggreenboy,767,0,0,2,True,False,True,0.8650738300573982,0.8650738300573982
future_own_b384,rightbiggreenboy,772,0,0,4,True,False,True,0.6911733427422774,0.6911733427422774
future_own_b384,rightbiggreenboy,773,0,1,2,True,False,True,0.5664264979158748,0.0
future_own_b384,rightbiggreenboy,775,0,0,0,False,False,True,0.0,0.6289274857356432
future_own_b384,rightbiggreenboy,776,0,0,2,True,False,True,0.6411507514243475,0.6411507514243475
future_own_b384,rightbiggreenboy,785,0,1,2,True,False,True,0.8379275489088326,0.0
future_own_b384,rightbiggreenboy,787,0,1,0,False,False,True,0.0,0.8712877138792351
future_own_b384,rightbiggreenboy,788,0,0,2,True,False,True,0.9121713260982905,0.9121713260982905
future_own_b384,rightbiggreenboy,789,0,0,0,False,False,True,0.9081364663706315,0.0
future_own_b384,rightbiggreenboy,793,0,0,4,True,False,True,0.0,0.0
future_own_b384,rightboy`shead,185,0,0,2,True,False,True,0.8099641185101232,0.8099641185101232
future_own_b384,rightboy`shead,200,0,0,2,True,False,True,0.7045243480264152,0.7045243480264152
future_own_b384,rightboy`shead,201,0,0,2,True,False,True,0.7312558928867403,0.7312558928867403
future_own_b384,rightboy`shead,202,0,0,2,True,False,True,0.7618195500091672,0.7618195500091672
future_own_b384,rightboy`shead,203,0,0,2,True,False,True,0.8244095219608588,0.8244095219608588
future_own_b384,rightboy`shead,213,0,0,2,True,False,True,0.9433797228144062,0.9433797228144062
future_own_b384,rightboy`shead,233,0,0,2,True,False,True,0.7828469689004647,0.7828469689004647
future_own_b384,rightboy`shead,245,0,0,0,False,False,True,0.7415848087088952,0.0
future_own_b384,rightboy`shead,246,0,1,4,True,False,True,0.0,0.41547718097765146
future_own_b384,rightboy`shead,250,4,2,4,True,False,True,0.7023675960738028,0.026583160351966374
future_own_b384,rightboy`shead,251,2,1,2,True,False,True,0.401077770400545,0.0
future_own_b384,rightboy`shead,252,0,0,5,True,False,True,0.0,0.0
future_own_b384,rightboy`shead,254,0,0,2,True,False,True,0.0,0.0
future_own_b384,rightboy`shead,255,0,0,2,True,False,True,0.0,0.0
future_own_b384,rightboy`shead,256,0,0,2,True,False,True,0.0,0.0
future_own_b384,rightboy`shead,259,0,0,4,True,False,True,0.0,0.0
future_own_b384,rightboy`shead,260,2,0,2,True,False,True,0.0,0.0
future_own_b384,rightboy`shead,261,0,0,1,True,False,True,0.0,0.0
future_own_b384,rightboy`shead,262,0,0,1,True,False,True,0.0,0.0
future_own_b384,rightboy`shead,263,0,0,4,True,False,True,0.0,0.0
future_own_b384,rightboy`shead,264,0,0,2,True,False,True,0.0,0.0
future_own_b384,rightboy`shead,265,0,0,4,True,False,True,0.0,0.0
future_own_b384,rightboy`shead,266,2,2,2,True,False,True,0.0,0.0
future_own_b384,rightboy`shead,268,6,0,6,True,False,True,0.0,0.0
future_own_b384,rightboy`shead,272,0,2,2,True,False,True,0.0,0.0
future_own_b384,rightboy`shead,274,0,0,6,True,False,True,0.0,0.0
future_own_b384,rightboy`shead,279,0,0,2,True,False,True,0.0,0.0
future_own_b384,rightboy`shead,280,6,0,6,True,False,True,0.0,0.0
future_own_b384,rightboy`shead,304,0,0,2,True,False,True,0.0,0.0
future_own_b384,rightboy`shead,305,0,0,4,True,False,True,0.0,0.0
future_own_b384,rightboy`shead,307,0,0,4,True,False,True,0.0,0.0
future_own_b384,rightboy`shead,313,0,0,2,True,False,True,0.0,0.0
future_own_b384,rightboy`shead,314,4,0,4,True,False,True,0.0,0.0
future_own_b384,rightboy`shead,315,6,1,6,True,False,True,0.0,0.0
future_own_b384,rightboy`shead,316,0,1,2,True,False,True,0.0,0.0
future_own_b384,rightboy`shead,317,0,1,5,True,False,True,0.0,0.0
future_own_b384,rightboy`shead,327,0,0,4,True,False,True,0.0,0.0
future_own_b384,rightboy`shead,330,0,0,4,True,False,True,0.0,0.0
future_own_b384,rightboy`shead,332,0,0,4,True,False,True,0.0,0.0
future_own_b384,rightboy`shead,333,0,0,4,True,False,True,0.0,0.0
future_own_b384,rightboy`shead,334,0,0,4,True,False,True,0.0,0.0
future_own_b384,rightboy`shead,335,0,0,4,True,False,True,0.0,0.0
future_own_b384,rightboy`shead,336,0,0,2,True,False,True,0.0,0.0
future_own_b384,rightboy`shead,337,0,0,4,True,False,True,0.0,0.0
future_own_b384,rightboy`shead,338,0,0,4,True,False,True,0.0,0.0
future_own_b384,rightboy`shead,339,2,0,2,True,False,True,0.0,0.0
future_own_b384,rightboy`shead,340,0,0,4,True,False,True,0.0,0.0
future_own_b384,rightboy`shead,341,0,1,4,True,False,True,0.0,0.0
future_own_b384,rightboy`shead,345,0,0,0,False,False,True,0.0,0.0
future_own_b384,rightboy`shead,356,0,0,0,False,False,True,0.0,0.0
future_own_b384,rightholdball1096,368,4,2,4,True,False,False,,
future_own_b384,rightholdball1096,369,0,0,4,True,False,False,,
future_own_b384,rightholdball1096,370,4,3,4,True,False,False,,
future_own_b384,rightholdball1096,371,0,0,4,True,False,False,,
future_own_b384,rightholdball1096,372,0,0,4,True,False,False,,
future_own_b384,rightholdball1096,373,0,0,4,True,False,False,,
future_own_b384,rightholdball1096,374,0,0,4,True,False,False,,
future_own_b384,rightholdball1096,375,0,0,4,True,False,False,,
future_own_b384,rightholdball1096,376,0,0,4,True,False,False,,
future_own_b384,rightholdball1096,377,0,0,4,True,False,False,,
future_own_b384,rightholdball1096,378,2,0,2,True,False,False,,
future_own_b384,rightholdball1096,380,0,0,2,True,False,False,,
future_own_b384,rightholdball1096,381,0,0,2,True,False,False,,
future_own_b384,rightholdball1096,383,0,0,2,True,False,False,,
future_own_b384,rightholdball1096,385,0,0,2,True,False,False,,
future_own_b384,rightholdball1096,386,0,0,2,True,False,False,,
future_own_b384,rightholdball1096,387,0,0,2,True,False,False,,
future_own_b384,rightholdball1096,388,0,0,2,True,False,False,,
future_own_b384,rightholdball1096,389,0,0,2,True,False,False,,
future_own_b384,rightholdball1096,390,0,0,2,True,False,False,,
future_own_b384,rightholdball1096,391,0,0,2,True,False,False,,
future_own_b384,rightholdball1096,392,0,0,2,True,False,False,,
future_own_b384,rightholdball1096,393,0,0,2,True,False,False,,
future_own_b384,rightholdball1096,400,0,0,2,True,False,False,,
future_own_b384,rightholdball1096,401,0,0,2,True,False,False,,
future_own_b384,rightholdball1096,402,0,0,2,True,False,False,,
future_own_b384,rightholdball1096,403,0,0,2,True,False,False,,
future_own_b384,rightholdball1096,411,0,0,2,True,False,True,0.0,0.0
future_own_b384,rightholdball1096,412,0,0,2,True,False,True,0.0,0.0
future_own_b384,rightholdball1096,419,0,0,2,True,False,True,0.0,0.0
future_own_b384,rightholdball1096,425,0,0,2,True,False,True,0.0,0.0
future_own_b384,rightholdball1096,443,2,0,2,True,False,True,0.0,0.7729609241799368
future_own_b384,rightholdball1096,1084,0,0,0,False,False,True,0.7828566881406209,0.0
future_own_b384,rightredboy,385,0,0,6,True,False,True,0.6006786640754892,0.6006786640754892
future_own_b384,rightredboy,386,0,0,6,True,False,True,0.5815428914566841,0.5815428914566841
future_own_b384,rightredboy,387,0,0,6,True,False,True,0.3534760726003103,0.3534760726003103
future_own_b384,rightshiningmirror,467,0,1,0,False,False,True,0.04396720634046931,0.5739815767441291
future_own_b384,rightshiningmirror,496,6,3,6,True,False,True,0.5804116205464404,0.0
future_own_b384,rightshiningmirror,505,0,0,2,True,False,True,0.0,0.0
future_own_b384,rightshiningmirror,506,0,0,4,True,False,True,0.0,0.0
future_own_b384,rightshiningmirror,514,0,0,2,True,False,True,0.0,0.0
future_own_b384,rightshiningmirror,516,0,0,2,True,False,True,0.0,0.0
future_own_b384,rightshiningmirror,517,0,0,2,True,False,True,0.0,0.0
future_own_b384,rightshiningmirror,522,0,0,2,True,False,True,0.0,0.0
future_own_b384,rightshiningmirror,523,0,0,2,True,False,True,0.0,0.0
future_own_b384,rightshiningmirror,524,0,0,4,True,False,True,0.0,0.0
future_own_b384,rightshiningmirror,525,0,0,4,True,False,True,0.00837885216753909,0.00837885216753909
future_own_b384,rightshiningmirror,526,0,0,4,True,False,True,0.3937029650851265,0.3937029650851265
future_own_b384,rightshiningmirror,534,0,0,2,True,False,True,0.8833759093537186,0.8833759093537186
future_own_b384,rightshiningmirror,552,0,0,4,True,False,True,0.3965154607037955,0.3965154607037955
future_own_b384,rightshiningmirror,553,0,0,4,True,False,True,0.23449811302034773,0.23449811302034773
future_own_b384,rightshiningmirror,554,1,0,1,True,False,True,0.15669244404644822,0.0
future_own_b384,rightshiningmirror,555,4,0,4,True,False,True,0.0,0.0
future_own_b384,rightshiningmirror,556,0,0,5,True,False,True,0.0,0.0
future_own_b384,rightshiningmirror,557,0,0,4,True,False,True,0.0,0.0
future_own_b384,rightshiningmirror,558,0,1,4,True,False,True,0.0,0.0
future_own_b384,rightshiningmirror,560,0,0,4,True,False,True,0.0,0.0
future_own_b384,rightshiningmirror,569,0,0,2,True,False,True,0.0,0.0
future_own_b384,rightshiningmirror,572,0,0,2,True,False,True,0.2756561015250798,0.2756561015250798
future_own_b384,rightshiningmirror,575,0,0,2,True,False,True,0.3856675894314725,0.3856675894314725
future_own_b384,rightshiningmirror,580,0,0,2,True,False,True,0.7694746450657329,0.7694746450657329
future_own_b384,rightshiningmirror,591,0,0,2,True,False,True,0.7710133343340455,0.7710133343340455
future_own_b384,rightshiningmirror,594,0,0,1,True,False,True,0.17919627976922745,0.17919627976922745
future_own_b384,rightshiningmirror,828,2,0,2,True,False,True,0.43921914029281983,0.0
future_own_b384,rightshiningmirror,830,0,0,4,True,False,True,0.0,0.0
future_own_b384,rightshiningmirror,831,0,0,2,True,False,True,0.0,0.0
future_own_b384,rightshiningmirror,832,0,0,2,True,False,True,0.0,0.0
future_own_b384,rightshiningmirror,833,0,0,2,True,False,True,0.0,0.0
future_own_b384,rightshiningmirror,834,0,0,2,True,False,True,0.0,0.0
future_own_b384,rightshiningmirror,852,0,0,2,True,False,True,0.0,0.0
future_own_b384,rightshiningmirror,853,0,0,2,True,False,True,0.0,0.0
future_own_b384,rightshiningmirror,854,0,0,2,True,False,True,0.0,0.0
future_own_b384,rightshiningmirror,855,0,0,2,True,False,True,0.0,0.0
future_own_b384,rightshiningmirror,856,2,3,2,True,False,True,0.0,0.0
future_own_b384,rightshiningmirror,860,2,1,2,True,False,True,0.0,0.0
future_own_b384,rightshiningmirror,863,0,0,2,True,False,True,0.0,0.0
future_own_b384,rightshiningmirror,864,0,0,2,True,False,True,0.0,0.0
future_own_b384,rightshiningmirror,865,0,0,2,True,False,True,0.0,0.0
future_own_b384,rightshiningmirror,866,0,0,2,True,False,True,0.0,0.0
future_own_b384,rightshiningmirror,867,0,0,2,True,False,True,0.0,0.0
future_own_b384,rightshiningmirror,868,0,0,2,True,False,True,0.0,0.0
future_own_b384,rightshiningmirror,869,0,0,2,True,False,True,0.0,0.0
future_own_b384,rightshiningmirror,870,0,0,2,True,False,True,0.0,0.0
future_own_b384,rightshiningmirror,871,0,0,2,True,False,True,0.0,0.0
future_own_b384,rightshiningmirror,877,0,0,2,True,False,True,0.0,0.0
future_own_b384,rightshiningmirror,878,0,0,2,True,False,True,0.0,0.0
future_own_b384,rightshiningmirror,879,0,0,2,True,False,True,0.0,0.0
future_own_b384,rightshiningmirror,881,0,0,2,True,False,True,0.0,0.0
future_own_b384,rightshiningmirror,919,0,0,4,True,False,True,0.0,0.0
future_own_b384,rightshiningmirror,925,0,0,2,True,False,True,0.0,0.0
future_own_b384,rightshiningmirror,931,0,0,2,True,False,True,0.0,0.0
future_own_b384,rightshiningmirror,932,0,0,2,True,False,True,0.0,0.0
future_own_b384,rightshiningmirror,945,0,0,2,True,False,True,0.0,0.0
future_own_b384,righttallnine-gai,881,0,0,0,False,False,True,0.0,0.8690452997199771
future_own_b384,stripeman,131,0,0,0,False,False,True,0.0,0.6958461156459902
future_own_b384,stripeman,133,4,0,4,True,False,True,0.0,0.35021568142326204
future_own_b384,stripeman,134,0,0,5,True,False,True,0.5186567273715041,0.5186567273715041
future_own_b384,stripeman,148,0,0,4,True,False,True,0.7375464003701159,0.7375464003701159
future_own_b384,stripeman,149,0,0,4,True,False,True,0.6924574833413865,0.6924574833413865
future_own_b384,stripeman,150,0,0,4,True,False,True,0.7624969852139535,0.7624969852139535
future_own_b384,stripeman,151,4,1,4,True,False,True,0.6547244349445432,0.7098075879692656
future_own_b384,stripeman,152,0,0,4,True,False,True,0.7375606277068719,0.7375606277068719
future_own_b384,stripeman,153,0,0,2,True,False,True,0.8763048124187092,0.8763048124187092
future_own_b384,stripeman,154,0,0,2,True,False,True,0.0,0.0
future_own_b384,stripeman,155,0,0,1,True,False,True,0.0,0.0
future_own_b384,stripeman,156,0,0,2,True,False,True,0.6624952472199769,0.6624952472199769
future_own_b384,stripeman,157,0,0,2,True,False,True,0.7100456567079981,0.7100456567079981
future_own_b384,stripeman,158,0,0,4,True,False,True,0.46586180294009627,0.46586180294009627
future_own_b384,stripeman,159,0,0,4,True,False,True,0.6619029594505405,0.6619029594505405
future_own_b384,stubesideswhitecar,25,0,1,0,False,False,True,0.7051522662201716,0.0
future_own_b384,stubesideswhitecar,28,0,0,0,False,False,True,0.7884374519379336,0.0
future_own_b384,stubesideswhitecar,39,0,0,2,True,False,True,0.13575346060667234,0.13575346060667234
future_own_b384,stubesideswhitecar,52,0,2,0,False,False,True,0.0,0.0
future_own_b384,stubesideswhitecar,54,0,1,0,False,False,True,0.0,0.0
future_own_b384,stubesideswhitecar,96,0,0,6,True,False,True,0.0,0.0
future_own_b384,stubesideswhitecar,98,0,0,4,True,False,True,0.0,0.0
future_own_b384,stubesideswhitecar,99,0,0,2,True,False,True,0.0,0.0
future_own_b384,stubesideswhitecar,109,0,0,2,True,False,True,0.0,0.0
future_own_b384,stubesideswhitecar,114,0,0,2,True,False,True,0.0,0.0
future_own_b384,stubesideswhitecar,115,0,0,2,True,False,True,0.0,0.0
future_own_b384,stubesideswhitecar,116,0,0,2,True,False,True,0.0,0.0
future_own_b384,stubesideswhitecar,117,0,0,1,True,False,True,0.0,0.0
future_own_b384,stubesideswhitecar,121,0,0,2,True,False,True,0.0,0.0
future_own_b384,stubesideswhitecar,124,4,0,4,True,False,True,0.0,0.0
future_own_b384,stubesideswhitecar,129,4,1,4,True,False,True,0.0,0.0
future_own_b384,stubesideswhitecar,132,4,3,4,True,False,True,0.0,0.0
future_own_b384,stubesideswhitecar,133,0,0,4,True,False,True,0.0,0.0
future_own_b384,stubesideswhitecar,137,0,0,4,True,False,True,0.0,0.0
future_own_b384,stubesideswhitecar,138,0,0,4,True,False,True,0.0,0.0
future_own_b384,stubesideswhitecar,139,4,1,4,True,False,True,0.0,0.0
future_own_b384,stubesideswhitecar,140,5,0,5,True,False,True,0.0,0.0653594858389398
future_own_b384,stubesideswhitecar,141,0,0,5,True,False,True,0.07452364024644571,0.07452364024644571
future_own_b384,stubesideswhitecar,142,0,0,5,True,False,True,0.060348619419180204,0.060348619419180204
future_own_b384,stubesideswhitecar,143,0,0,4,True,False,True,0.7378767010883115,0.7378767010883115
future_own_b384,suitcase,185,0,0,2,True,False,True,0.7795452290473835,0.7795452290473835
future_own_b384,suitcase,196,0,0,2,True,False,True,0.6638550750606355,0.6638550750606355
future_own_b384,suitcase,198,0,0,2,True,False,True,0.7116013628067859,0.7116013628067859
future_own_b384,suitcase,199,0,0,4,True,False,True,0.7829321565580086,0.7829321565580086
future_own_b384,suitcase,200,0,0,2,True,False,True,0.6588584750840868,0.6588584750840868
future_own_b384,suitcase,201,0,0,4,True,False,True,0.8447132157851929,0.8447132157851929
future_own_b384,suitcase,202,0,0,2,True,False,True,0.782933440610508,0.782933440610508
future_own_b384,suitcase,203,0,0,2,True,False,True,0.6601885703637842,0.6601885703637842
future_own_b384,suitcase,205,0,0,2,True,False,True,0.7115523762973998,0.7115523762973998
future_own_b384,suitcase,206,0,0,2,True,False,True,0.6771297193825183,0.6771297193825183
future_own_b384,suitcase,207,0,0,4,True,False,True,0.7462666132227808,0.7462666132227808
future_own_b384,suitcase,208,0,0,4,True,False,True,0.6523151452807647,0.6523151452807647
future_own_b384,suitcase,209,0,0,2,True,False,True,0.6862084473981629,0.6862084473981629
future_own_b384,suitcase,216,0,0,2,True,False,True,0.555235932372497,0.555235932372497
future_own_b384,suitcase,252,2,3,2,True,False,True,0.38310984015980093,0.042943974610094166
future_own_b384,suitcase,253,0,0,4,True,False,True,0.0,0.0
future_own_b384,suitcase,254,0,0,2,True,False,True,0.0,0.0
future_own_b384,suitcase,255,0,0,4,True,False,True,0.011267099763667422,0.011267099763667422
future_own_b384,suitcase,256,0,0,2,True,False,True,0.04809256415517614,0.04809256415517614
future_own_b384,suitcase,257,0,0,4,True,False,True,0.024407619192997256,0.024407619192997256
future_own_b384,suitcase,259,0,0,4,True,False,True,0.0,0.0
future_own_b384,suitcase,261,0,0,2,True,False,True,0.0,0.0
future_own_b384,suitcase,262,0,0,4,True,False,True,0.0,0.0
future_own_b384,suitcase,263,0,0,4,True,False,True,0.0,0.7286545447235655
future_own_b384,suitcase,307,0,0,2,True,False,True,0.7203812266259589,0.7203812266259589
future_own_b384,suitcase,310,0,0,2,True,False,True,0.809063527167486,0.809063527167486
future_own_b384,suitcase,311,0,0,4,True,False,True,0.718254479333262,0.718254479333262
future_own_b384,suitcase,312,0,1,2,True,False,True,0.9067833065494253,0.0
future_own_b384,suitcase,314,0,0,4,True,False,True,0.8008024702588263,0.8008024702588263
future_own_b384,suitcase,325,0,1,0,False,False,True,0.7278083848032242,0.0
future_own_b384,suitcase,326,4,2,4,True,False,True,0.0,0.0
future_own_b384,suitcase,327,0,0,6,True,False,True,0.0,0.0
future_own_b384,suitcase,328,0,4,0,False,False,True,0.0,0.0
future_own_b384,suitcase,329,0,0,1,True,False,True,0.0,0.0
future_own_b384,suitcase,330,0,0,4,True,False,True,0.0,0.0
future_own_b384,suitcase,332,0,0,4,True,False,True,0.0,0.0
future_own_b384,suitcase,333,0,0,4,True,False,True,0.0,0.0
future_own_b384,suitcase,334,4,4,4,True,False,True,0.0,0.0
future_own_b384,suitcase,338,0,0,4,True,False,True,0.0,0.0
future_own_b384,suitcase,349,0,0,2,True,False,True,0.0,0.0
future_own_b384,suitcase,350,0,0,2,True,False,True,0.0,0.0
future_own_b384,suitcase,351,0,0,2,True,False,True,0.0,0.0
future_own_b384,suitcase,352,0,0,2,True,False,True,0.0,0.0
future_own_b384,suitcase,353,0,0,4,True,False,True,0.0,0.0
future_own_b384,suitcase,356,0,0,4,True,False,True,0.0,0.0
future_own_b384,suitcase,358,0,0,4,True,False,True,0.0,0.0
future_own_b384,suitcase,368,0,0,2,True,False,True,0.0,0.0
future_own_b384,suitcase,370,0,0,4,True,False,True,0.0,0.0
future_own_b384,suitcase,371,0,0,4,True,False,True,0.0,0.0
future_own_b384,suitcase,372,0,0,4,True,False,True,0.0,0.0
future_own_b384,suitcase,373,0,0,4,True,False,True,0.0,0.0
future_own_b384,suitcase,374,0,0,4,True,False,True,0.0,0.0
future_own_b384,suitcase,375,0,0,4,True,False,True,0.0,0.0
future_own_b384,suitcase,376,0,0,4,True,False,True,0.0,0.0
future_own_b384,suitcase,377,0,0,4,True,False,True,0.0,0.0
future_own_b384,suitcase,378,0,0,4,True,False,True,0.0,0.0
future_own_b384,suitcase,379,0,0,4,True,False,True,0.0,0.0
future_own_b384,suitcase,380,4,1,4,True,False,True,0.0,0.0
future_own_b384,suitcase,381,0,0,5,True,False,True,0.0,0.0
future_own_b384,suitcase,382,0,0,4,True,False,True,0.0,0.0
future_own_b384,suitcase,383,0,0,4,True,False,True,0.0,0.0
future_own_b384,suitcase,384,0,0,4,True,False,True,0.0,0.0
future_own_b384,suitcase,385,0,0,4,True,False,True,0.0,0.0
future_own_b384,suitcase,386,0,0,4,True,False,True,0.0,0.0
future_own_b384,suitcase,387,0,0,4,True,False,True,0.0,0.0
future_own_b384,suitcase,388,0,0,4,True,False,True,0.0,0.0
future_own_b384,suitcase,389,0,0,4,True,False,True,0.0,0.0
future_own_b384,suitcase,390,0,0,4,True,False,True,0.0,0.0
future_own_b384,suitcase,391,0,0,4,True,False,True,0.0,0.0
future_own_b384,suitcase,392,2,1,2,True,False,True,0.0,0.04442631750762789
future_own_b384,suitcase,393,0,0,1,True,False,True,0.0,0.0
future_own_b384,suitcase,394,2,0,2,True,False,True,0.0,0.003302451569227352
future_own_b384,suitcase,395,4,4,4,True,False,True,0.0,0.0
future_own_b384,suitcase,396,0,0,4,True,False,True,0.0,0.0
future_own_b384,suitcase,397,0,0,2,True,False,True,0.0,0.0
future_own_b384,suitcase,398,0,1,1,True,False,True,0.0,0.0
future_own_b384,suitcase,407,0,0,2,True,False,True,0.38140250449279073,0.38140250449279073
future_own_b384,suitcase,408,4,0,4,True,False,True,0.3306306538586606,0.0
future_own_b384,suitcase,411,0,0,2,True,False,True,0.0,0.0
future_own_b384,suitcase,423,0,0,2,True,False,True,0.0,0.0
future_own_b384,suitcase,424,0,0,2,True,False,True,0.0,0.0
future_own_b384,suitcase,425,0,0,4,True,False,True,0.0,0.0
future_own_b384,suitcase,426,4,2,4,True,False,True,0.0,0.0
future_own_b384,suitcase,427,0,0,4,True,False,True,0.0,0.0
future_own_b384,suitcase,428,0,0,4,True,False,True,0.0,0.0
future_own_b384,suitcase,429,0,0,4,True,False,True,0.0,0.0
future_own_b384,suitcase,430,0,0,4,True,False,True,0.0,0.0
future_own_b384,suitcase,431,0,0,4,True,False,True,0.0,0.0
future_own_b384,suitcase,432,0,0,2,True,False,True,0.0,0.0
future_own_b384,suitcase,433,0,0,4,True,False,True,0.0,0.0
future_own_b384,suitcase,434,0,0,4,True,False,True,0.0,0.0
future_own_b384,suitcase,435,0,0,2,True,False,True,0.0,0.0
future_own_b384,suitcase,436,0,0,4,True,False,True,0.0,0.0
future_own_b384,suitcase,437,0,0,2,True,False,True,0.0,0.0
future_own_b384,suitcase,438,0,0,4,True,False,True,0.0,0.0
future_own_b384,suitcase,439,0,0,4,True,False,True,0.0,0.0
future_own_b384,suitcase,440,0,0,2,True,False,True,0.0,0.0
future_own_b384,suitcase,441,0,0,4,True,False,True,0.0,0.0
future_own_b384,suitcase,442,0,0,4,True,False,True,0.0,0.0
future_own_b384,turnblkbike,126,0,0,2,True,False,True,0.6834017327211145,0.6834017327211145
future_own_b384,turnblkbike,129,0,0,2,True,False,True,0.7218919648306076,0.7218919648306076
future_own_b384,waiterontheothersideofwindow,8,0,0,4,True,False,True,0.6835044714546777,0.6835044714546777
future_own_b384,waiterontheothersideofwindow,10,0,0,4,True,False,True,0.26591040308454494,0.26591040308454494
future_own_b384,waiterontheothersideofwindow,11,0,0,4,True,False,True,0.017481656501338334,0.017481656501338334
future_own_b384,waiterontheothersideofwindow,12,0,0,4,True,False,True,0.10196460954264415,0.10196460954264415
future_own_b384,waiterontheothersideofwindow,13,6,3,6,True,False,True,0.13547530164349864,0.030810098119523864
future_own_b384,waiterontheothersideofwindow,14,0,0,4,True,False,True,0.011380314267172554,0.011380314267172554
future_own_b384,waiterontheothersideofwindow,15,0,0,4,True,False,True,0.0,0.0
future_own_b384,waiterontheothersideofwindow,16,4,2,4,True,False,True,0.020545579484144268,0.0
future_own_b384,waiterontheothersideofwindow,17,0,0,5,True,False,True,0.0,0.0
future_own_b384,waiterontheothersideofwindow,18,5,1,5,True,False,True,0.0,0.0
future_own_b384,waiterontheothersideofwindow,20,0,0,2,True,False,True,0.0,0.0
future_own_b384,waiterontheothersideofwindow,21,0,0,2,True,False,True,0.0,0.0
future_own_b384,waiterontheothersideofwindow,22,0,0,2,True,False,True,0.0,0.0
future_own_b384,waiterontheothersideofwindow,25,0,0,2,True,False,True,0.0,0.0
future_own_b384,waiterontheothersideofwindow,26,0,0,2,True,False,True,0.0,0.0
future_own_b384,waiterontheothersideofwindow,28,0,0,2,True,False,True,0.0,0.0
future_own_b384,waiterontheothersideofwindow,29,0,0,2,True,False,True,0.0,0.0
future_own_b384,waiterontheothersideofwindow,30,0,0,2,True,False,True,0.0,0.0
future_own_b384,waiterontheothersideofwindow,31,0,0,2,True,False,True,0.0,0.0
future_own_b384,waiterontheothersideofwindow,32,0,0,2,True,False,True,0.0,0.0
future_own_b384,waiterontheothersideofwindow,33,0,0,2,True,False,True,0.0,0.0
future_own_b384,waiterontheothersideofwindow,34,0,0,2,True,False,True,0.0,0.0
future_own_b384,waiterontheothersideofwindow,35,0,0,2,True,False,True,0.0,0.0
future_own_b384,waiterontheothersideofwindow,36,0,0,2,True,False,True,0.0,0.0
future_own_b384,waiterontheothersideofwindow,48,0,0,2,True,False,True,0.0,0.0
future_own_b384,waiterontheothersideofwindow,51,0,0,2,True,False,True,0.0,0.0
future_own_b384,waiterontheothersideofwindow,54,0,0,2,True,False,True,0.0,0.0
future_own_b384,waiterontheothersideofwindow,55,0,0,6,True,False,True,0.0,0.0
future_own_b384,waiterontheothersideofwindow,56,0,0,2,True,False,True,0.0,0.0
future_own_b384,waiterontheothersideofwindow,57,0,0,2,True,False,True,0.0,0.0
future_own_b384,waiterontheothersideofwindow,58,0,0,2,True,False,True,0.0,0.0
future_own_b384,waiterontheothersideofwindow,59,0,0,2,True,False,True,0.0,0.0
future_own_b384,waiterontheothersideofwindow,78,0,0,2,True,False,True,0.0,0.0
future_own_b384,waiterontheothersideofwindow,91,0,0,2,True,False,True,0.0,0.0
future_own_b384,waiterontheothersideofwindow,92,0,0,2,True,False,True,0.0,0.0
future_own_b384,waiterontheothersideofwindow,95,0,0,2,True,False,True,0.0,0.0
future_own_b384,waiterontheothersideofwindow,97,0,0,2,True,False,True,0.0,0.0
future_own_b384,waiterontheothersideofwindow,98,0,0,2,True,False,True,0.0,0.0
future_own_b384,waiterontheothersideofwindow,99,0,0,2,True,False,True,0.0,0.0
future_own_b384,waiterontheothersideofwindow,100,0,0,2,True,False,True,0.0,0.0
future_own_b384,waiterontheothersideofwindow,101,0,0,2,True,False,True,0.0,0.0
future_own_b384,waiterontheothersideofwindow,102,0,0,2,True,False,True,0.0,0.0
future_own_b384,waiterontheothersideofwindow,103,0,0,2,True,False,True,0.0,0.0
future_own_b384,waiterontheothersideofwindow,104,0,0,2,True,False,True,0.0,0.0
future_own_b384,waiterontheothersideofwindow,105,0,0,2,True,False,True,0.0,0.0
future_own_b384,waiterontheothersideofwindow,108,0,0,2,True,False,True,0.0,0.0
future_own_b384,waiterontheothersideofwindow,109,0,0,6,True,False,True,0.0,0.0
future_own_b384,waiterontheothersideofwindow,110,0,0,2,True,False,True,0.0,0.0
future_own_b384,waiterontheothersideofwindow,111,0,0,2,True,False,True,0.0,0.0
future_own_b384,waiterontheothersideofwindow,112,0,0,2,True,False,True,0.0,0.0
future_own_b384,waiterontheothersideofwindow,113,0,0,2,True,False,True,0.0,0.0
future_own_b384,waiterontheothersideofwindow,114,0,0,4,True,False,True,0.0,0.0
future_own_b384,waiterontheothersideofwindow,115,0,0,2,True,False,True,0.0,0.0
future_own_b384,waiterontheothersideofwindow,124,0,0,2,True,False,True,0.0,0.0
future_own_b384,waiterontheothersideofwindow,128,0,0,2,True,False,True,0.0,0.0
future_own_b384,waiterontheothersideofwindow,129,0,0,2,True,False,True,0.0,0.0
future_own_b384,waiterontheothersideofwindow,131,6,0,6,True,False,True,0.0,0.0
future_own_b384,waiterontheothersideofwindow,132,0,0,6,True,False,True,0.0,0.0
future_own_b384,waiterontheothersideofwindow,133,0,0,6,True,False,True,0.0,0.0
future_own_b384,waiterontheothersideofwindow,134,0,0,2,True,False,True,0.0,0.0
future_own_b384,waiterontheothersideofwindow,137,0,1,0,False,False,True,0.0,0.0
future_own_b384,waiterontheothersideofwindow,138,0,0,2,True,False,True,0.0,0.0
future_own_b384,waiterontheothersideofwindow,139,0,0,2,True,False,True,0.0,0.0
future_own_b384,waiterontheothersideofwindow,160,0,0,2,True,False,True,0.0,0.0
future_own_b384,waiterontheothersideofwindow,162,0,0,2,True,False,True,0.0,0.0
future_own_b384,waiterontheothersideofwindow,170,0,0,4,True,False,True,0.0,0.0
future_own_b384,waiterontheothersideofwindow,171,0,0,2,True,False,True,0.0,0.0
future_own_b384,waiterontheothersideofwindow,172,0,0,2,True,False,True,0.0,0.0
future_own_b384,waiterontheothersideofwindow,173,0,0,2,True,False,True,0.0,0.0
future_own_b384,waiterontheothersideofwindow,174,0,0,2,True,False,True,0.0,0.0
future_own_b384,waiterontheothersideofwindow,175,0,0,2,True,False,True,0.0,0.0
future_own_b384,waiterontheothersideofwindow,176,0,0,4,True,False,True,0.0,0.0
future_own_b384,waiterontheothersideofwindow,177,0,0,2,True,False,True,0.0,0.0
future_own_b384,waiterontheothersideofwindow,178,0,0,2,True,False,True,0.0,0.0
future_own_b384,waiterontheothersideofwindow,179,0,0,2,True,False,True,0.0,0.0
future_own_b384,waiterontheothersideofwindow,180,0,0,2,True,False,True,0.0,0.0
future_own_b384,waiterontheothersideofwindow,183,0,0,2,True,False,True,0.0,0.0
future_own_b384,waiterontheothersideofwindow,187,0,0,6,True,False,True,0.0,0.0
future_own_b384,waiterontheothersideofwindow,190,0,0,2,True,False,True,0.0,0.0
future_own_b384,waiterontheothersideofwindow,194,0,0,2,True,False,True,0.0,0.0
future_own_b384,waiterontheothersideofwindow,195,0,0,2,True,False,True,0.0,0.0
future_own_b384,waiterontheothersideofwindow,196,0,0,2,True,False,True,0.0,0.0
future_own_b384,waiterontheothersideofwindow,200,0,0,2,True,False,True,0.0,0.0
future_own_b384,waiterontheothersideofwindow,201,0,0,2,True,False,True,0.0,0.0
future_own_b384,waiterontheothersideofwindow,202,0,0,2,True,False,True,0.0,0.0
future_own_b384,waiterontheothersideofwindow,205,0,0,2,True,False,True,0.0,0.0
future_own_b384,waiterontheothersideofwindow,206,0,0,2,True,False,True,0.0,0.0
future_own_b384,waiterontheothersideofwindow,207,0,0,2,True,False,True,0.0,0.0
future_own_b384,waiterontheothersideofwindow,208,0,0,2,True,False,True,0.0,0.0
future_own_b384,waiterontheothersideofwindow,218,0,0,2,True,False,True,0.0,0.0
future_own_b384,waiterontheothersideofwindow,219,0,0,2,True,False,True,0.0,0.0
future_own_b384,waiterontheothersideofwindow,220,0,0,2,True,False,True,0.0,0.0
future_own_b384,waiterontheothersideofwindow,221,2,0,2,True,False,True,0.0,0.0
future_own_b384,waiterontheothersideofwindow,224,2,0,2,True,False,True,0.0,0.0
future_own_b384,waiterontheothersideofwindow,228,2,1,2,True,False,True,0.0,0.0
future_own_b384,waiterontheothersideofwindow,232,0,0,2,True,False,True,0.0,0.0
future_own_b384,waiterontheothersideofwindow,237,2,4,2,True,False,True,0.0,0.0
future_own_b384,waiterontheothersideofwindow,239,2,2,2,True,False,True,0.0,0.0
future_own_b384,waiterontheothersideofwindow,242,2,2,2,True,False,True,0.0,0.0
future_own_b384,waiterontheothersideofwindow,243,0,1,6,True,False,True,0.0,0.0
future_own_b384,waiterontheothersideofwindow,244,0,1,2,True,False,True,0.0,0.0
future_own_b384,waiterontheothersideofwindow,245,2,0,2,True,False,True,0.0,0.0
future_own_b384,waiterontheothersideofwindow,246,0,0,6,True,False,True,0.0,0.0
future_own_b384,waiterontheothersideofwindow,247,1,0,1,True,False,True,0.0,0.0
future_own_b384,waiterontheothersideofwindow,250,0,0,2,True,False,True,0.0,0.0
future_own_b384,whiteaftertrees,37,0,0,4,True,False,True,0.7018984068406712,0.7018984068406712
future_own_b384,whiteaftertrees,40,0,0,4,True,False,True,0.7385675890992349,0.7385675890992349
future_own_b384,whiteaftertrees,43,0,0,4,True,False,True,0.8049983587457205,0.8049983587457205
future_own_b384,whiteaftertrees,44,0,0,4,True,False,True,0.48902893567747696,0.48902893567747696
future_own_b384,whiteaftertrees,50,0,0,4,True,False,True,0.23036597522322014,0.23036597522322014
future_own_b384,whiteaftertrees,60,0,0,2,True,False,True,0.6587441636685045,0.6587441636685045
future_own_b384,whiteaftertrees,61,0,0,4,True,False,True,0.6050276845497721,0.6050276845497721
future_own_b384,whiteaftertrees,67,0,0,4,True,False,True,0.7453097393596215,0.7453097393596215
future_own_b384,whiteaftertrees,68,4,1,4,True,False,True,0.8539983430307838,0.7503764662937396
future_own_b384,whiteaftertrees,70,0,0,4,True,False,True,0.49823535098507743,0.49823535098507743
future_own_b384,whiteaftertrees,71,0,0,4,True,False,True,0.3789058568045072,0.3789058568045072
future_own_b384,whiteaftertrees,72,2,4,2,True,False,True,0.0,0.0
future_own_b384,whiteaftertrees,73,0,0,4,True,False,True,0.0,0.0
future_own_b384,whiteaftertrees,74,0,0,4,True,False,True,0.0,0.0
future_own_b384,whiteaftertrees,75,0,0,4,True,False,True,0.0,0.0
future_own_b384,whiteaftertrees,76,0,0,4,True,False,True,0.05316012387267876,0.05316012387267876
future_own_b384,whiteaftertrees,77,0,0,4,True,False,True,0.19973721295476932,0.19973721295476932
future_own_b384,whiteaftertrees,78,0,0,4,True,False,True,0.33765371253545534,0.33765371253545534
future_own_b384,whiteaftertrees,79,0,2,4,True,False,True,0.3066260449821678,0.0
future_own_b384,whiteaftertrees,80,0,0,1,True,False,True,0.21987783734861782,0.21987783734861782
future_own_b384,whiteaftertrees,81,0,0,4,True,False,True,0.04384995090711676,0.04384995090711676
future_own_b384,whiteaftertrees,82,0,0,4,True,False,True,0.0,0.0
future_own_b384,whiteaftertrees,83,0,0,4,True,False,True,0.0,0.0
future_own_b384,whiteaftertrees,84,0,0,4,True,False,True,0.0,0.0
future_own_b384,whiteaftertrees,85,0,0,2,True,False,True,0.0,0.0
future_own_b384,whiteaftertrees,86,0,0,4,True,False,True,0.0,0.0
future_own_b384,whiteaftertrees,87,0,0,2,True,False,True,0.0,0.0
future_own_b384,whiteaftertrees,88,0,0,4,True,False,True,0.0,0.0
future_own_b384,whiteaftertrees,89,0,0,2,True,False,True,0.0,0.0
future_own_b384,whiteaftertrees,90,0,0,4,True,False,True,0.0,0.0
future_own_b384,whiteaftertrees,91,0,0,1,True,False,True,0.0,0.0
future_own_b384,whiteaftertrees,92,0,0,4,True,False,True,0.0,0.0
future_own_b384,whiteaftertrees,93,0,0,4,True,False,True,0.07334043117347475,0.07334043117347475
future_own_b384,whiteaftertrees,94,0,0,6,True,False,True,0.004294104930887004,0.004294104930887004
future_own_b384,whiteaftertrees,95,0,0,6,True,False,True,0.24977843169806702,0.24977843169806702
future_own_b384,whiteaftertrees,96,0,0,6,True,False,True,0.27083573866022453,0.27083573866022453
future_own_b384,whiteaftertrees,97,0,0,6,True,False,True,0.1721329282756218,0.1721329282756218
future_own_b384,whiteaftertrees,98,2,2,2,True,False,True,0.07894711037685095,0.0
future_own_b384,whiteaftertrees,99,0,0,1,True,False,True,0.0,0.0
future_own_b384,whiteaftertrees,100,0,0,1,True,False,True,0.0,0.0
future_own_b384,whiteaftertrees,101,0,0,1,True,False,True,0.0,0.0
future_own_b384,whiteaftertrees,102,0,0,4,True,False,True,0.0,0.0
future_own_b384,whiteaftertrees,103,0,0,2,True,False,True,0.0,0.0
future_own_b384,whiteaftertrees,104,0,0,2,True,False,True,0.0,0.0
future_own_b384,whiteaftertrees,106,0,1,0,False,False,True,0.0,0.0
future_own_b384,whiteaftertrees,107,0,1,6,True,False,True,0.0,0.0
future_own_b384,whiteaftertrees,111,0,0,4,True,False,True,0.0,0.0
future_own_b384,whiteaftertrees,113,0,0,4,True,False,True,0.0,0.0
future_own_b384,whiteaftertrees,119,0,0,4,True,False,True,0.0,0.0
future_own_b384,whiteaftertrees,120,0,0,4,True,False,True,0.0,0.0
future_own_b384,whiteaftertrees,121,0,0,4,True,False,True,0.0,0.0
future_own_b384,whiteaftertrees,122,0,0,4,True,False,True,0.0,0.0
future_own_b384,whiteaftertrees,123,0,0,4,True,False,True,0.0,0.0
future_own_b384,whiteaftertrees,125,0,2,0,False,False,True,0.0,0.0
future_own_b384,whiteaftertrees,126,0,0,6,True,False,True,0.0,0.0
future_own_b384,whiteaftertrees,127,2,0,2,True,False,True,0.0,0.0
future_own_b384,whiteaftertrees,128,0,0,4,True,False,True,0.0,0.0
future_own_b384,whiteaftertrees,129,4,0,4,True,False,True,0.0,0.0
future_own_b384,whiteaftertrees,130,0,0,5,True,False,True,0.0,0.0
future_own_b384,whiteaftertrees,131,0,0,4,True,False,True,0.0,0.0
future_own_b384,whiteaftertrees,132,4,0,4,True,False,True,0.0,0.3381062733493302
future_own_b384,whiteaftertrees,133,0,0,5,True,False,True,0.5377909974555493,0.5377909974555493
future_own_b384,whiteaftertrees,134,0,0,4,True,False,True,0.6133970011890439,0.6133970011890439
future_own_b384,whiteaftertrees,135,0,0,4,True,False,True,0.5826493005651215,0.5826493005651215
future_own_b384,whiteaftertrees,136,0,0,4,True,False,True,0.36084871632038673,0.36084871632038673
future_own_b384,whiteaftertrees,137,0,0,4,True,False,True,0.4751988018599157,0.4751988018599157
future_own_b384,whiteaftertrees,138,0,0,4,True,False,True,0.252971423716607,0.252971423716607
future_own_b384,whiteaftertrees,139,0,0,4,True,False,True,0.0,0.0
future_own_b384,whiteaftertrees,140,0,1,4,True,False,True,0.0,0.0
future_own_b384,whiteaftertrees,141,0,0,1,True,False,True,0.0,0.0
future_own_b384,whiteaftertrees,142,0,0,4,True,False,True,0.0,0.0
future_own_b384,whiteaftertrees,143,0,0,4,True,False,True,0.0,0.0
future_own_b384,whiteaftertrees,144,0,0,6,True,False,True,0.0,0.0
future_own_b384,whiteaftertrees,145,0,0,2,True,False,True,0.0,0.0
future_own_b384,whiteaftertrees,146,0,0,4,True,False,True,0.0,0.0
future_own_b384,whiteaftertrees,147,0,0,4,True,False,True,0.0,0.0
future_own_b384,whiteaftertrees,148,0,0,4,True,False,True,0.0,0.0
future_own_b384,whiteaftertrees,149,0,0,4,True,False,True,0.0,0.0
future_own_b384,whiteaftertrees,150,0,0,1,True,False,True,0.0,0.0
future_own_b384,whiteaftertrees,151,0,0,6,True,False,True,0.0,0.0
future_own_b384,whiteaftertrees,152,0,0,4,True,False,True,0.0,0.0
future_own_b384,whiteaftertrees,153,0,0,1,True,False,True,0.0,0.0
future_own_b384,whiteaftertrees,154,0,0,6,True,False,True,0.0,0.0
future_own_b384,whiteaftertrees,155,0,0,4,True,False,True,0.0,0.0
future_own_b384,whiteaftertrees,156,0,0,4,True,False,True,0.0,0.0
future_own_b384,whiteaftertrees,157,0,0,6,True,False,True,0.0,0.0
future_own_b384,whiteaftertrees,158,0,0,6,True,False,True,0.0,0.0
future_own_b384,whiteaftertrees,159,0,0,4,True,False,True,0.0,0.0
future_own_b384,whiteaftertrees,160,4,1,4,True,False,True,0.0,0.0
future_own_b384,whiteaftertrees,161,0,0,2,True,False,True,0.0,0.0
future_own_b384,whiteaftertrees,162,0,0,6,True,False,True,0.0,0.0
future_own_b384,whiteaftertrees,163,0,0,4,True,False,True,0.0,0.0
future_own_b384,whiteaftertrees,164,0,0,2,True,False,True,0.0,0.0
future_own_b384,whiteaftertrees,165,0,0,4,True,False,True,0.0,0.0
future_own_b384,whiteaftertrees,167,4,3,4,True,False,True,0.0,0.0
future_own_b384,whiteaftertrees,168,0,0,4,True,False,True,0.0,0.0
future_own_b384,whiteaftertrees,169,0,0,4,True,False,True,0.0,0.0
future_own_b384,whiteaftertrees,170,0,0,4,True,False,True,0.0,0.0
future_own_b384,whiteaftertrees,171,0,0,4,True,False,True,0.0,0.0
future_own_b384,whiteaftertrees,172,0,0,4,True,False,True,0.0,0.0
future_own_b384,whiteaftertrees,173,2,0,2,True,False,True,0.0,0.0
future_own_b384,whiteaftertrees,174,0,0,4,True,False,True,0.0,0.0
future_own_b384,whiteaftertrees,175,4,0,4,True,False,True,0.0,0.5459863434305232
future_own_b384,whiteaftertrees,176,0,0,5,True,False,True,0.7076034684455595,0.7076034684455595
future_own_b384,whiteaftertrees,177,0,0,4,True,False,True,0.6870522871812651,0.6870522871812651
future_own_b384,whiteaftertrees,181,0,0,4,True,False,True,0.6842686569536421,0.6842686569536421
future_own_b384,whiteaftertrees,192,0,0,4,True,False,True,0.515940896196665,0.515940896196665
future_own_b384,whiteaftertrees,193,4,3,4,True,False,True,0.478714240822163,0.0
future_own_b384,whiteaftertrees,194,0,1,5,True,False,True,0.0,0.0
future_own_b384,whiteaftertrees,195,0,0,1,True,False,True,0.0,0.0
future_own_b384,whiteaftertrees,196,0,0,4,True,False,True,0.0,0.0
future_own_b384,whiteaftertrees,197,4,0,4,True,False,True,0.0,0.0
future_own_b384,whiteaftertrees,198,0,0,4,True,False,True,0.0,0.0
future_own_b384,whiteaftertrees,199,0,0,4,True,False,True,0.0,0.0
future_own_b384,whiteaftertrees,200,0,0,2,True,False,True,0.15276141352201847,0.15276141352201847
future_own_b384,whiteaftertrees,201,4,2,4,True,False,True,0.5417593018246409,0.4184421894762864
future_own_b384,whiteaftertrees,214,0,0,4,True,False,True,0.7886758433342401,0.7886758433342401
future_own_b384,whiteaftertrees,215,0,0,4,True,False,True,0.5400936341463731,0.5400936341463731
future_own_b384,whiteaftertrees,216,0,0,4,True,False,True,0.008535360345486825,0.008535360345486825
future_own_b384,whiteaftertrees,217,0,0,4,True,False,True,0.0,0.0
future_own_b384,whiteaftertrees,218,0,0,4,True,False,True,0.0,0.0
future_own_b384,whiteaftertrees,219,0,0,4,True,False,True,0.0,0.0
future_own_b384,whiteaftertrees,220,0,0,4,True,False,True,0.0,0.0
future_own_b384,whiteaftertrees,221,0,0,4,True,False,True,0.0,0.0
future_own_b384,whiteaftertrees,222,0,0,4,True,False,True,0.0,0.0
future_own_b384,whiteaftertrees,223,0,0,4,True,False,True,0.0,0.0
future_own_b384,whiteaftertrees,224,0,0,4,True,False,True,0.0,0.0
future_own_b384,whiteaftertrees,225,0,0,4,True,False,True,0.0,0.0
future_own_b384,whiteaftertrees,226,4,1,4,True,False,True,0.0,0.0
future_own_b384,whiteaftertrees,227,0,0,4,True,False,True,0.0,0.0
future_own_b384,whiteaftertrees,230,0,0,4,True,False,True,0.0,0.0
future_own_b384,whiteaftertrees,231,0,0,4,True,False,True,0.0,0.0
future_own_b384,whiteaftertrees,232,0,0,4,True,False,True,0.0,0.0
future_own_b384,whiteaftertrees,233,0,0,4,True,False,True,0.0,0.0
future_own_b384,whiteaftertrees,234,0,0,4,True,False,True,0.0,0.0
future_own_b384,whiteaftertrees,235,0,0,4,True,False,True,0.0,0.0
future_own_b384,whiteaftertrees,236,0,0,4,True,False,True,0.0,0.0
future_own_b384,whiteaftertrees,237,0,0,2,True,False,True,0.0,0.0
future_own_b384,whiteaftertrees,238,0,0,4,True,False,True,0.0,0.0
future_own_b384,whiteaftertrees,240,0,0,4,True,False,True,0.0,0.0
future_own_b384,whiteaftertrees,242,4,3,4,True,False,True,0.0,0.0
future_own_b384,whiteaftertrees,243,0,0,5,False,False,True,0.0,0.0
future_own_b384,whiteaftertrees,253,6,1,6,True,False,True,0.0,0.0
future_own_b384,whiteaftertrees,254,0,0,1,True,False,True,0.0,0.0
future_own_b384,whiteaftertrees,255,0,0,4,True,False,True,0.0,0.0
future_own_b384,whiteaftertrees,256,0,2,4,True,False,True,0.0,0.0
future_own_b384,whiteaftertrees,257,0,1,6,True,False,True,0.0,0.0
future_own_b384,whiteaftertrees,258,0,2,6,True,False,True,0.0,0.0
future_own_b384,whiteaftertrees,259,0,0,6,True,False,True,0.0,0.0
future_own_b384,whiteaftertrees,260,0,2,6,True,False,True,0.0,0.0
future_own_b384,whiteaftertrees,261,6,1,6,True,False,True,0.0,0.0
future_own_b384,whiteaftertrees,262,0,0,1,True,False,True,0.0,0.0
future_own_b384,whiteaftertrees,263,2,4,2,True,False,True,0.0,0.0
future_own_b384,whiteaftertrees,264,1,1,1,True,False,True,0.0,0.0
future_own_b384,whiteaftertrees,266,0,0,2,True,False,True,0.0,0.0
future_own_b384,whiteaftertrees,268,0,0,4,True,False,True,0.0,0.0
future_own_b384,whiteaftertrees,269,4,0,4,True,False,True,0.0,0.0
future_own_b384,whiteaftertrees,270,4,0,4,True,False,True,0.0,0.0
future_own_b384,whiteaftertrees,271,0,0,4,True,False,True,0.0,0.0
future_own_b384,whiteaftertrees,272,4,0,4,True,False,True,0.0,0.0
future_own_b384,whiteaftertrees,273,0,0,4,True,False,True,0.0,0.0
future_own_b384,whiteaftertrees,274,4,0,4,True,False,True,0.0,0.0
future_own_b384,whiteaftertrees,276,4,0,4,True,False,True,0.0,0.0
future_own_b384,whiteaftertrees,278,0,0,2,True,False,True,0.0,0.0
future_own_b384,whiteaftertrees,279,0,0,2,True,False,True,0.0,0.0
future_own_b384,whiteaftertrees,280,4,0,4,True,False,True,0.0,0.0
future_own_b384,whiteaftertrees,281,0,0,2,True,False,True,0.0,0.0
future_own_b384,whiteaftertrees,282,4,0,4,True,False,True,0.0,0.0
future_own_b384,whiteaftertrees,284,0,0,2,True,False,True,0.0,0.0
future_own_b384,whiteaftertrees,287,0,0,2,True,False,True,0.0,0.0
future_own_b384,whiteaftertrees,289,0,0,4,True,False,True,0.0,0.0
future_own_b384,whiteaftertrees,290,4,0,4,True,False,True,0.0,0.0
future_own_b384,whiteaftertrees,291,4,0,4,True,False,True,0.0,0.0
future_own_b384,whiteaftertrees,292,4,0,4,True,False,True,0.0,0.0
future_own_b384,whiteaftertrees,293,4,0,4,True,False,True,0.0,0.0
future_own_b384,whiteaftertrees,294,0,0,4,True,False,True,0.0,0.0
future_own_b384,whiteaftertrees,295,0,0,4,True,False,True,0.0,0.0
future_own_b384,whiteaftertrees,296,0,0,4,True,False,True,0.0,0.0
future_own_b384,whiteaftertrees,297,0,0,4,True,False,True,0.0,0.0
future_own_b384,whiteaftertrees,298,2,0,2,True,False,True,0.0,0.8188406868666177
future_own_b384,whiteaftertrees,395,0,0,0,False,True,True,0.8740655684280496,0.8740655684280496
future_own_b384,whiteatright,59,0,0,2,True,False,True,0.7986003984282443,0.7986003984282443
future_own_b384,whiteatright,64,0,0,4,True,False,True,0.8241719188469172,0.8241719188469172
future_own_b384,yellowexcesicebook,129,0,0,4,True,False,True,0.39721660139280657,0.39721660139280657
