budget_candidate_recalled_frames,c1_same_state_correct_frames,c1_same_state_failed_frames,candidate_evaluations,candidate_quality_squared_error_sum,changed_candidate_indices,correct_query_writes_prevented,extra_visual_forwards,failed_frames,failure_events,frames,known_active_template_frames,known_candidate_evaluations,known_paused_query_writes,known_template_updates,local_candidate_recalled_frames,local_missing_frames,mean_valid_iou,memory_rgb_target_read_known_mass,memory_rgb_target_read_wrong_mass,memory_rgb_target_write_known_mass,memory_rgb_target_write_wrong_mass,memory_tir_target_read_known_mass,memory_tir_target_read_wrong_mass,memory_tir_target_write_known_mass,memory_tir_target_write_wrong_mass,missing_correct_candidates_reintroduced,paused_query_writes,recovered_events,reintroduced_candidates_selected_correctly,requested_extra_area_sum_pixels_squared,requested_extra_searches,same_state_harms,same_state_iou_degradations,same_state_iou_improvements,same_state_rescues,searches_without_new_correct_candidate,selected_failed_frames,sequence,template_updates,tracking_frames,valid_changed_candidate_indices,valid_frames,valid_tracking_frames,variant,wrong_active_template_frames_localization_proxy,wrong_query_writes_prevented_localization_proxy,wrong_template_updates_localization_proxy
,,,,,,,,0,0,123,,,,,,,0.7029954154230007,,,,,,,,,,,0,,,,,,,,,,afterrain,,,,122,,baseline,,,
,,,,,,,,0,0,313,,,,,,,0.8381289985991728,,,,,,,,,,,0,,,,,,,,,,aftertree,,,,312,,baseline,,,
,,,,,,,,8,2,659,,,,,,,0.6693548022897362,,,,,,,,,,,2,,,,,,,,,,baby,,,,658,,baseline,,,
,,,,,,,,2,0,280,,,,,,,0.7521939533938521,,,,,,,,,,,0,,,,,,,,,,baginhand,,,,279,,baseline,,,
,,,,,,,,38,3,222,,,,,,,0.6824941341832398,,,,,,,,,,,3,,,,,,,,,,baketballwaliking,,,,221,,baseline,,,
,,,,,,,,22,1,225,,,,,,,0.7209338130440217,,,,,,,,,,,1,,,,,,,,,,balancebike,,,,224,,baseline,,,
,,,,,,,,0,0,75,,,,,,,0.7654404835390907,,,,,,,,,,,0,,,,,,,,,,basketball2,,,,74,,baseline,,,
,,,,,,,,0,0,282,,,,,,,0.8864641355713747,,,,,,,,,,,0,,,,,,,,,,bicyclecity,,,,281,,baseline,,,
,,,,,,,,0,0,333,,,,,,,0.8634316303965217,,,,,,,,,,,0,,,,,,,,,,bike,,,,332,,baseline,,,
,,,,,,,,0,0,177,,,,,,,0.7381337891791362,,,,,,,,,,,0,,,,,,,,,,bikeman,,,,176,,baseline,,,
,,,,,,,,0,0,175,,,,,,,0.7576531691059614,,,,,,,,,,,0,,,,,,,,,,bikemove1,,,,174,,baseline,,,
,,,,,,,,67,1,333,,,,,,,0.34065560828190905,,,,,,,,,,,0,,,,,,,,,,biketwo,,,,332,,baseline,,,
,,,,,,,,0,0,498,,,,,,,0.808648544396355,,,,,,,,,,,0,,,,,,,,,,blackwoman,,,,497,,baseline,,,
,,,,,,,,0,0,299,,,,,,,0.8656123510685836,,,,,,,,,,,0,,,,,,,,,,blueCar,,,,298,,baseline,,,
,,,,,,,,0,0,261,,,,,,,0.7795603794481646,,,,,,,,,,,0,,,,,,,,,,bluebike,,,,260,,baseline,,,
,,,,,,,,0,0,190,,,,,,,0.4202707373158042,,,,,,,,,,,0,,,,,,,,,,boundaryandfast,,,,189,,baseline,,,
,,,,,,,,0,0,89,,,,,,,0.8706142423871942,,,,,,,,,,,0,,,,,,,,,,bus6,,,,88,,baseline,,,
,,,,,,,,1,0,219,,,,,,,0.41721809143486766,,,,,,,,,,,0,,,,,,,,,,call,,,,218,,baseline,,,
,,,,,,,,0,0,415,,,,,,,0.8611159630052776,,,,,,,,,,,0,,,,,,,,,,car,,,,414,,baseline,,,
,,,,,,,,0,0,212,,,,,,,0.8639821759187738,,,,,,,,,,,0,,,,,,,,,,car10,,,,211,,baseline,,,
,,,,,,,,0,0,161,,,,,,,0.7513563269417834,,,,,,,,,,,0,,,,,,,,,,car20,,,,160,,baseline,,,
,,,,,,,,0,0,501,,,,,,,0.8669282297236891,,,,,,,,,,,0,,,,,,,,,,car3,,,,500,,baseline,,,
,,,,,,,,15,1,604,,,,,,,0.7474107956609717,,,,,,,,,,,1,,,,,,,,,,car37,,,,603,,baseline,,,
,,,,,,,,0,0,147,,,,,,,0.7922638786048287,,,,,,,,,,,0,,,,,,,,,,car4,,,,146,,baseline,,,
,,,,,,,,0,0,254,,,,,,,0.8491073992680533,,,,,,,,,,,0,,,,,,,,,,car41,,,,253,,baseline,,,
,,,,,,,,0,0,210,,,,,,,0.8533471210485978,,,,,,,,,,,0,,,,,,,,,,car66,,,,209,,baseline,,,
,,,,,,,,0,0,267,,,,,,,0.7577789938104641,,,,,,,,,,,0,,,,,,,,,,carLight,,,,266,,baseline,,,
,,,,,,,,27,1,230,,,,,,,0.7642983987179894,,,,,,,,,,,1,,,,,,,,,,caraftertree,,,,229,,baseline,,,
,,,,,,,,0,0,418,,,,,,,0.878931955412106,,,,,,,,,,,0,,,,,,,,,,carnotfar,,,,417,,baseline,,,
,,,,,,,,5,1,417,,,,,,,0.795219741368308,,,,,,,,,,,1,,,,,,,,,,carnotmove,,,,416,,baseline,,,
,,,,,,,,0,0,180,,,,,,,0.6674515107839118,,,,,,,,,,,0,,,,,,,,,,carred,,,,179,,baseline,,,
,,,,,,,,12,0,140,,,,,,,0.45471816917250213,,,,,,,,,,,0,,,,,,,,,,child,,,,139,,baseline,,,
,,,,,,,,174,2,319,,,,,,,0.34492941785012843,,,,,,,,,,,1,,,,,,,,,,child1,,,,318,,baseline,,,
,,,,,,,,278,4,621,,,,,,,0.38608662957820666,,,,,,,,,,,3,,,,,,,,,,child3,,,,620,,baseline,,,
,,,,,,,,114,1,524,,,,,,,0.6295750646594108,,,,,,,,,,,0,,,,,,,,,,child4,,,,523,,baseline,,,
,,,,,,,,227,1,239,,,,,,,0.024075908651160882,,,,,,,,,,,0,,,,,,,,,,children2,,,,238,,baseline,,,
,,,,,,,,20,1,136,,,,,,,0.5284752674972002,,,,,,,,,,,1,,,,,,,,,,children3,,,,135,,baseline,,,
,,,,,,,,7,0,103,,,,,,,0.4553829930129431,,,,,,,,,,,0,,,,,,,,,,children4,,,,102,,baseline,,,
,,,,,,,,0,0,768,,,,,,,0.6877088427772461,,,,,,,,,,,0,,,,,,,,,,crossroad,,,,767,,baseline,,,
,,,,,,,,17,1,1041,,,,,,,0.6650115876116635,,,,,,,,,,,1,,,,,,,,,,crouch,,,,1040,,baseline,,,
,,,,,,,,96,3,187,,,,,,,0.2947037822759816,,,,,,,,,,,3,,,,,,,,,,cycle1,,,,186,,baseline,,,
,,,,,,,,0,0,403,,,,,,,0.7135156249959106,,,,,,,,,,,0,,,,,,,,,,cycle2,,,,402,,baseline,,,
,,,,,,,,0,0,436,,,,,,,0.9041463576123149,,,,,,,,,,,0,,,,,,,,,,cycle3,,,,435,,baseline,,,
,,,,,,,,0,0,336,,,,,,,0.8255644238991747,,,,,,,,,,,0,,,,,,,,,,cycle4,,,,335,,baseline,,,
,,,,,,,,0,0,114,,,,,,,0.8729023021170587,,,,,,,,,,,0,,,,,,,,,,cycle5,,,,113,,baseline,,,
,,,,,,,,13,3,454,,,,,,,0.6547258295876314,,,,,,,,,,,3,,,,,,,,,,diamond,,,,453,,baseline,,,
,,,,,,,,1,0,45,,,,,,,0.7367321850533801,,,,,,,,,,,0,,,,,,,,,,dog,,,,44,,baseline,,,
,,,,,,,,208,1,983,,,,,,,0.6328073219811411,,,,,,,,,,,0,,,,,,,,,,dog1,,,,982,,baseline,,,
,,,,,,,,0,0,347,,,,,,,0.8362754825987434,,,,,,,,,,,0,,,,,,,,,,dog10,,,,346,,baseline,,,
,,,,,,,,5,1,87,,,,,,,0.6741846916203089,,,,,,,,,,,1,,,,,,,,,,dog11,,,,86,,baseline,,,
,,,,,,,,0,0,126,,,,,,,0.7477698143078868,,,,,,,,,,,0,,,,,,,,,,elecbike,,,,125,,baseline,,,
,,,,,,,,0,0,463,,,,,,,0.7204883619870022,,,,,,,,,,,0,,,,,,,,,,elecbike10,,,,462,,baseline,,,
,,,,,,,,122,3,582,,,,,,,0.5198866239766176,,,,,,,,,,,2,,,,,,,,,,elecbike2,,,,581,,baseline,,,
,,,,,,,,0,0,144,,,,,,,0.6079109296768634,,,,,,,,,,,0,,,,,,,,,,elecbike3,,,,143,,baseline,,,
,,,,,,,,0,0,211,,,,,,,0.8204207979924558,,,,,,,,,,,0,,,,,,,,,,elecbikechange2,,,,210,,baseline,,,
,,,,,,,,2,0,208,,,,,,,0.782910074113803,,,,,,,,,,,0,,,,,,,,,,elecbikeinfrontcar,,,,207,,baseline,,,
,,,,,,,,0,0,95,,,,,,,0.8867110024614189,,,,,,,,,,,0,,,,,,,,,,elecbikewithhat,,,,94,,baseline,,,
,,,,,,,,0,0,137,,,,,,,0.6143694425789515,,,,,,,,,,,0,,,,,,,,,,elecbikewithlight,,,,136,,baseline,,,
,,,,,,,,2,0,185,,,,,,,0.7987236643548996,,,,,,,,,,,0,,,,,,,,,,elecbikewithlight1,,,,184,,baseline,,,
,,,,,,,,115,1,1335,,,,,,,0.6319009030681171,,,,,,,,,,,1,,,,,,,,,,face1,,,,1334,,baseline,,,
,,,,,,,,1,0,128,,,,,,,0.7018147116141387,,,,,,,,,,,0,,,,,,,,,,floor-1,,,,127,,baseline,,,
,,,,,,,,78,5,596,,,,,,,0.5713920171289727,,,,,,,,,,,5,,,,,,,,,,flower1,,,,595,,baseline,,,
,,,,,,,,0,0,422,,,,,,,0.810909630411603,,,,,,,,,,,0,,,,,,,,,,flower2,,,,421,,baseline,,,
,,,,,,,,3,0,672,,,,,,,0.8390202755726816,,,,,,,,,,,0,,,,,,,,,,fog,,,,671,,baseline,,,
,,,,,,,,0,0,303,,,,,,,0.8480137876950832,,,,,,,,,,,0,,,,,,,,,,fog6,,,,302,,baseline,,,
,,,,,,,,95,2,453,,,,,,,0.5745267033927124,,,,,,,,,,,1,,,,,,,,,,glass,,,,452,,baseline,,,
,,,,,,,,0,0,266,,,,,,,0.7401989059550418,,,,,,,,,,,0,,,,,,,,,,glass2,,,,265,,baseline,,,
,,,,,,,,0,0,345,,,,,,,0.745261355268139,,,,,,,,,,,0,,,,,,,,,,graycar2,,,,344,,baseline,,,
,,,,,,,,0,0,491,,,,,,,0.8392192549413938,,,,,,,,,,,0,,,,,,,,,,green,,,,490,,baseline,,,
,,,,,,,,0,0,129,,,,,,,0.8592825071610655,,,,,,,,,,,0,,,,,,,,,,greentruck,,,,128,,baseline,,,
,,,,,,,,0,0,282,,,,,,,0.6955747860187914,,,,,,,,,,,0,,,,,,,,,,greyman,,,,281,,baseline,,,
,,,,,,,,0,0,154,,,,,,,0.7150569290179137,,,,,,,,,,,0,,,,,,,,,,greywoman,,,,153,,baseline,,,
,,,,,,,,4,0,441,,,,,,,0.792307454676385,,,,,,,,,,,0,,,,,,,,,,guidepost,,,,440,,baseline,,,
,,,,,,,,15,1,417,,,,,,,0.6780387749911263,,,,,,,,,,,1,,,,,,,,,,hotglass,,,,416,,baseline,,,
,,,,,,,,0,0,1080,,,,,,,0.817741471008185,,,,,,,,,,,0,,,,,,,,,,hotkettle,,,,1079,,baseline,,,
,,,,,,,,0,0,630,,,,,,,0.8399916961085384,,,,,,,,,,,0,,,,,,,,,,inglassandmobile,,,,629,,baseline,,,
,,,,,,,,0,0,444,,,,,,,0.7855603878245208,,,,,,,,,,,0,,,,,,,,,,jump,,,,443,,baseline,,,
,,,,,,,,81,3,1424,,,,,,,0.6968817900493703,,,,,,,,,,,3,,,,,,,,,,kettle,,,,1423,,baseline,,,
,,,,,,,,1450,1,1623,,,,,,,0.06862892301404604,,,,,,,,,,,0,,,,,,,,,,kite2,,,,1622,,baseline,,,
,,,,,,,,0,0,1400,,,,,,,0.7098421349151698,,,,,,,,,,,0,,,,,,,,,,kite4,,,,1399,,baseline,,,
,,,,,,,,0,0,733,,,,,,,0.825279686823379,,,,,,,,,,,0,,,,,,,,,,luggage,,,,732,,baseline,,,
,,,,,,,,0,0,746,,,,,,,0.7733134431276151,,,,,,,,,,,0,,,,,,,,,,man2,,,,745,,baseline,,,
,,,,,,,,17,2,329,,,,,,,0.768690125025639,,,,,,,,,,,2,,,,,,,,,,man22,,,,328,,baseline,,,
,,,,,,,,116,3,403,,,,,,,0.5180001345005147,,,,,,,,,,,2,,,,,,,,,,man23,,,,402,,baseline,,,
,,,,,,,,67,1,558,,,,,,,0.6591728945060714,,,,,,,,,,,1,,,,,,,,,,man24,,,,557,,baseline,,,
,,,,,,,,15,1,449,,,,,,,0.7423681347337693,,,,,,,,,,,1,,,,,,,,,,man26,,,,448,,baseline,,,
,,,,,,,,54,5,479,,,,,,,0.5624442743810817,,,,,,,,,,,5,,,,,,,,,,man28,,,,478,,baseline,,,
,,,,,,,,88,2,269,,,,,,,0.48606606501229077,,,,,,,,,,,2,,,,,,,,,,man29,,,,268,,baseline,,,
,,,,,,,,0,0,3627,,,,,,,0.8977733946179814,,,,,,,,,,,0,,,,,,,,,,man3,,,,3626,,baseline,,,
,,,,,,,,161,1,589,,,,,,,0.5918990860094284,,,,,,,,,,,0,,,,,,,,,,man4,,,,588,,baseline,,,
,,,,,,,,9,1,265,,,,,,,0.654597911384462,,,,,,,,,,,1,,,,,,,,,,man45,,,,264,,baseline,,,
,,,,,,,,0,0,598,,,,,,,0.8184992741226184,,,,,,,,,,,0,,,,,,,,,,man5,,,,597,,baseline,,,
,,,,,,,,0,0,552,,,,,,,0.7463865148972466,,,,,,,,,,,0,,,,,,,,,,man55,,,,551,,baseline,,,
,,,,,,,,0,0,393,,,,,,,0.6319664577633635,,,,,,,,,,,0,,,,,,,,,,man68,,,,392,,baseline,,,
,,,,,,,,0,0,120,,,,,,,0.6431638179815351,,,,,,,,,,,0,,,,,,,,,,man69,,,,119,,baseline,,,
,,,,,,,,2320,16,4140,,,,,,,0.3164367706393392,,,,,,,,,,,15,,,,,,,,,,man7,,,,4139,,baseline,,,
,,,,,,,,861,5,2584,,,,,,,0.46691032669594135,,,,,,,,,,,4,,,,,,,,,,man8,,,,2583,,baseline,,,
,,,,,,,,0,0,212,,,,,,,0.7783553873978079,,,,,,,,,,,0,,,,,,,,,,man88,,,,211,,baseline,,,
,,,,,,,,0,0,502,,,,,,,0.6829721569532506,,,,,,,,,,,0,,,,,,,,,,man9,,,,501,,baseline,,,
,,,,,,,,0,0,492,,,,,,,0.7236234198499033,,,,,,,,,,,0,,,,,,,,,,manafterrain,,,,491,,baseline,,,
,,,,,,,,115,1,117,,,,,,,0.0060541639053473826,,,,,,,,,,,0,,,,,,,,,,mancross,,,,116,,baseline,,,
,,,,,,,,17,1,222,,,,,,,0.729100835955345,,,,,,,,,,,1,,,,,,,,,,mancross1,,,,221,,baseline,,,
,,,,,,,,0,0,337,,,,,,,0.7446520719272098,,,,,,,,,,,0,,,,,,,,,,mancrossandup,,,,336,,baseline,,,
,,,,,,,,8,1,391,,,,,,,0.6888326562594681,,,,,,,,,,,1,,,,,,,,,,mandrivecar,,,,390,,baseline,,,
,,,,,,,,87,1,249,,,,,,,0.46524191369696777,,,,,,,,,,,1,,,,,,,,,,manfaraway,,,,248,,baseline,,,
,,,,,,,,0,0,177,,,,,,,0.7885294870128867,,,,,,,,,,,0,,,,,,,,,,maninblack,,,,176,,baseline,,,
,,,,,,,,52,4,419,,,,,,,0.6163414309352273,,,,,,,,,,,4,,,,,,,,,,maninglass,,,,418,,baseline,,,
,,,,,,,,0,0,126,,,,,,,0.6997044062962728,,,,,,,,,,,0,,,,,,,,,,maningreen2,,,,125,,baseline,,,
,,,,,,,,0,0,158,,,,,,,0.7116302570814368,,,,,,,,,,,0,,,,,,,,,,maninred,,,,157,,baseline,,,
,,,,,,,,0,0,339,,,,,,,0.780403793268321,,,,,,,,,,,0,,,,,,,,,,manlight,,,,338,,baseline,,,
,,,,,,,,3,1,77,,,,,,,0.7499078764706214,,,,,,,,,,,1,,,,,,,,,,manoccpart,,,,76,,baseline,,,
,,,,,,,,0,0,450,,,,,,,0.8479745093896256,,,,,,,,,,,0,,,,,,,,,,manonboundary,,,,449,,baseline,,,
,,,,,,,,13,1,249,,,,,,,0.7595203999836174,,,,,,,,,,,1,,,,,,,,,,manonelecbike,,,,248,,baseline,,,
,,,,,,,,0,0,99,,,,,,,0.9255005748493977,,,,,,,,,,,0,,,,,,,,,,manontricycle,,,,98,,baseline,,,
,,,,,,,,0,0,99,,,,,,,0.6515940360089715,,,,,,,,,,,0,,,,,,,,,,manout2,,,,98,,baseline,,,
,,,,,,,,0,0,334,,,,,,,0.5659966669675814,,,,,,,,,,,0,,,,,,,,,,manup,,,,333,,baseline,,,
,,,,,,,,0,0,387,,,,,,,0.7806601669438109,,,,,,,,,,,0,,,,,,,,,,manwithbag,,,,386,,baseline,,,
,,,,,,,,17,3,577,,,,,,,0.7950940333287095,,,,,,,,,,,3,,,,,,,,,,manwithbag4,,,,576,,baseline,,,
,,,,,,,,51,1,80,,,,,,,0.28542415603800686,,,,,,,,,,,0,,,,,,,,,,manwithbasketball,,,,79,,baseline,,,
,,,,,,,,0,0,984,,,,,,,0.5780534862422606,,,,,,,,,,,0,,,,,,,,,,manwithluggage,,,,983,,baseline,,,
,,,,,,,,0,0,504,,,,,,,0.8225607269032418,,,,,,,,,,,0,,,,,,,,,,manwithumbrella,,,,503,,baseline,,,
,,,,,,,,571,2,645,,,,,,,0.0694011416124868,,,,,,,,,,,1,,,,,,,,,,manypeople,,,,644,,baseline,,,
,,,,,,,,3,1,674,,,,,,,0.8089031997089774,,,,,,,,,,,1,,,,,,,,,,manypeople1,,,,673,,baseline,,,
,,,,,,,,0,0,453,,,,,,,0.8307786933300296,,,,,,,,,,,0,,,,,,,,,,manypeople2,,,,452,,baseline,,,
,,,,,,,,0,0,900,,,,,,,0.7641025830780146,,,,,,,,,,,0,,,,,,,,,,mobile,,,,899,,baseline,,,
,,,,,,,,5,1,68,,,,,,,0.7110938343648547,,,,,,,,,,,1,,,,,,,,,,night2,,,,67,,baseline,,,
,,,,,,,,0,0,199,,,,,,,0.8602894368737884,,,,,,,,,,,0,,,,,,,,,,nightcar,,,,198,,baseline,,,
,,,,,,,,18,1,160,,,,,,,0.7226158191369898,,,,,,,,,,,1,,,,,,,,,,nightrun,,,,159,,baseline,,,
,,,,,,,,11,2,286,,,,,,,0.6961017654077141,,,,,,,,,,,2,,,,,,,,,,nightthreepeople,,,,285,,baseline,,,
,,,,,,,,28,2,624,,,,,,,0.7664988948049472,,,,,,,,,,,2,,,,,,,,,,notmove,,,,623,,baseline,,,
,,,,,,,,0,0,454,,,,,,,0.6933235240941075,,,,,,,,,,,0,,,,,,,,,,oldman,,,,453,,baseline,,,
,,,,,,,,1,0,103,,,,,,,0.7546295117669474,,,,,,,,,,,0,,,,,,,,,,oldman2,,,,102,,baseline,,,
,,,,,,,,0,0,234,,,,,,,0.8283195618114885,,,,,,,,,,,0,,,,,,,,,,oldwoman,,,,233,,baseline,,,
,,,,,,,,0,0,920,,,,,,,0.8638622086867667,,,,,,,,,,,0,,,,,,,,,,orangeman1,,,,919,,baseline,,,
,,,,,,,,160,3,375,,,,,,,0.4201962262974044,,,,,,,,,,,2,,,,,,,,,,people,,,,374,,baseline,,,
,,,,,,,,110,3,1529,,,,,,,0.7078703032174319,,,,,,,,,,,3,,,,,,,,,,people1,,,,1528,,baseline,,,
,,,,,,,,1,0,926,,,,,,,0.6896031915375335,,,,,,,,,,,0,,,,,,,,,,people3,,,,925,,baseline,,,
,,,,,,,,0,0,1456,,,,,,,0.7395167690390838,,,,,,,,,,,0,,,,,,,,,,playsoccer,,,,1455,,baseline,,,
,,,,,,,,44,3,329,,,,,,,0.4815569083273163,,,,,,,,,,,2,,,,,,,,,,push,,,,328,,baseline,,,
,,,,,,,,0,0,1011,,,,,,,0.7195001016307774,,,,,,,,,,,0,,,,,,,,,,rainingwaliking,,,,1010,,baseline,,,
,,,,,,,,0,0,109,,,,,,,0.6800818663516515,,,,,,,,,,,0,,,,,,,,,,raningcar,,,,108,,baseline,,,
,,,,,,,,44,1,1390,,,,,,,0.7812765166160861,,,,,,,,,,,1,,,,,,,,,,redbag,,,,1389,,baseline,,,
,,,,,,,,0,0,218,,,,,,,0.8136168347599548,,,,,,,,,,,0,,,,,,,,,,redcar,,,,217,,baseline,,,
,,,,,,,,31,1,243,,,,,,,0.7685360717393325,,,,,,,,,,,1,,,,,,,,,,redcar2,,,,242,,baseline,,,
,,,,,,,,0,0,330,,,,,,,0.811292575400086,,,,,,,,,,,0,,,,,,,,,,redmanchange,,,,329,,baseline,,,
,,,,,,,,574,3,657,,,,,,,0.09141799380508914,,,,,,,,,,,2,,,,,,,,,,rmo,,,,656,,baseline,,,
,,,,,,,,72,3,298,,,,,,,0.500163218402491,,,,,,,,,,,2,,,,,,,,,,run,,,,297,,baseline,,,
,,,,,,,,6,1,85,,,,,,,0.7142154662800146,,,,,,,,,,,0,,,,,,,,,,run1,,,,84,,baseline,,,
,,,,,,,,5,1,207,,,,,,,0.6946933325945714,,,,,,,,,,,1,,,,,,,,,,run2,,,,206,,baseline,,,
,,,,,,,,69,4,916,,,,,,,0.7320547573913239,,,,,,,,,,,4,,,,,,,,,,scooter,,,,915,,baseline,,,
,,,,,,,,8,2,847,,,,,,,0.7173656412234872,,,,,,,,,,,2,,,,,,,,,,shake,,,,846,,baseline,,,
,,,,,,,,0,0,234,,,,,,,0.8430541376449352,,,,,,,,,,,0,,,,,,,,,,shoeslight,,,,233,,baseline,,,
,,,,,,,,0,0,488,,,,,,,0.8208062550786694,,,,,,,,,,,0,,,,,,,,,,single1,,,,487,,baseline,,,
,,,,,,,,0,0,325,,,,,,,0.7664053748318126,,,,,,,,,,,0,,,,,,,,,,single3,,,,324,,baseline,,,
,,,,,,,,24,2,1326,,,,,,,0.8127957971858901,,,,,,,,,,,2,,,,,,,,,,soccer,,,,1325,,baseline,,,
,,,,,,,,3,0,379,,,,,,,0.7758524750778066,,,,,,,,,,,0,,,,,,,,,,soccer2,,,,378,,baseline,,,
,,,,,,,,971,1,1168,,,,,,,0.18000957896299388,,,,,,,,,,,0,,,,,,,,,,soccerinhand,,,,1167,,baseline,,,
,,,,,,,,0,0,346,,,,,,,0.8046367492654859,,,,,,,,,,,0,,,,,,,,,,straw,,,,345,,baseline,,,
,,,,,,,,74,1,677,,,,,,,0.6743253589246591,,,,,,,,,,,1,,,,,,,,,,stroller,,,,676,,baseline,,,
,,,,,,,,0,0,230,,,,,,,0.7127159487236074,,,,,,,,,,,0,,,,,,,,,,supbus,,,,229,,baseline,,,
,,,,,,,,0,0,165,,,,,,,0.7077187209218694,,,,,,,,,,,0,,,,,,,,,,supbus2,,,,164,,baseline,,,
,,,,,,,,0,0,576,,,,,,,0.8417874663730492,,,,,,,,,,,0,,,,,,,,,,takeout,,,,575,,baseline,,,
,,,,,,,,2,0,171,,,,,,,0.7383582235118241,,,,,,,,,,,0,,,,,,,,,,tallman,,,,170,,baseline,,,
,,,,,,,,0,0,254,,,,,,,0.7745848192063559,,,,,,,,,,,0,,,,,,,,,,threeman,,,,253,,baseline,,,
,,,,,,,,24,2,429,,,,,,,0.7472607093011909,,,,,,,,,,,1,,,,,,,,,,threeman2,,,,428,,baseline,,,
,,,,,,,,1,0,593,,,,,,,0.8482876685994848,,,,,,,,,,,0,,,,,,,,,,threepeople,,,,592,,baseline,,,
,,,,,,,,26,2,229,,,,,,,0.6953427377899171,,,,,,,,,,,2,,,,,,,,,,threewoman2,,,,228,,baseline,,,
,,,,,,,,2,0,499,,,,,,,0.7971162024176154,,,,,,,,,,,0,,,,,,,,,,together,,,,498,,baseline,,,
,,,,,,,,28,1,1693,,,,,,,0.7976181235757877,,,,,,,,,,,0,,,,,,,,,,toy1,,,,1692,,baseline,,,
,,,,,,,,0,0,1125,,,,,,,0.7467196502139938,,,,,,,,,,,0,,,,,,,,,,toy3,,,,1124,,baseline,,,
,,,,,,,,0,0,990,,,,,,,0.7142777287963432,,,,,,,,,,,0,,,,,,,,,,toy4,,,,989,,baseline,,,
,,,,,,,,0,0,1258,,,,,,,0.8310787386326701,,,,,,,,,,,0,,,,,,,,,,tree2,,,,1257,,baseline,,,
,,,,,,,,282,2,1903,,,,,,,0.6784941695634112,,,,,,,,,,,1,,,,,,,,,,tree3,,,,1902,,baseline,,,
,,,,,,,,772,2,2106,,,,,,,0.5149067943256638,,,,,,,,,,,1,,,,,,,,,,tree5,,,,2105,,baseline,,,
,,,,,,,,0,0,218,,,,,,,0.8115145518997174,,,,,,,,,,,0,,,,,,,,,,trees,,,,217,,baseline,,,
,,,,,,,,0,0,225,,,,,,,0.8689716304749153,,,,,,,,,,,0,,,,,,,,,,tricycle,,,,224,,baseline,,,
,,,,,,,,0,0,321,,,,,,,0.8003404262562339,,,,,,,,,,,0,,,,,,,,,,tricycle1,,,,320,,baseline,,,
,,,,,,,,0,0,235,,,,,,,0.8587453792612341,,,,,,,,,,,0,,,,,,,,,,tricycle2,,,,234,,baseline,,,
,,,,,,,,0,0,469,,,,,,,0.7604307961008014,,,,,,,,,,,0,,,,,,,,,,tricycle6,,,,468,,baseline,,,
,,,,,,,,0,0,332,,,,,,,0.7804114673909169,,,,,,,,,,,0,,,,,,,,,,tricycle9,,,,331,,baseline,,,
,,,,,,,,0,0,295,,,,,,,0.7802130783619914,,,,,,,,,,,0,,,,,,,,,,tricyclefaraway,,,,294,,baseline,,,
,,,,,,,,0,0,613,,,,,,,0.8020498515808633,,,,,,,,,,,0,,,,,,,,,,tricycletwo,,,,612,,baseline,,,
,,,,,,,,0,0,84,,,,,,,0.8547664933213409,,,,,,,,,,,0,,,,,,,,,,twoelecbike,,,,83,,baseline,,,
,,,,,,,,4,0,238,,,,,,,0.7987235140551,,,,,,,,,,,0,,,,,,,,,,twoelecbike1,,,,237,,baseline,,,
,,,,,,,,0,0,1299,,,,,,,0.7148292503912729,,,,,,,,,,,0,,,,,,,,,,twoman,,,,1298,,baseline,,,
,,,,,,,,7,0,1001,,,,,,,0.7067391622923694,,,,,,,,,,,0,,,,,,,,,,twoman1,,,,1000,,baseline,,,
,,,,,,,,9,1,392,,,,,,,0.7437281818226922,,,,,,,,,,,0,,,,,,,,,,twoman2,,,,391,,baseline,,,
,,,,,,,,0,0,867,,,,,,,0.6318674102531506,,,,,,,,,,,0,,,,,,,,,,twoperson,,,,866,,baseline,,,
,,,,,,,,0,0,161,,,,,,,0.7187115001181382,,,,,,,,,,,0,,,,,,,,,,twowoman,,,,160,,baseline,,,
,,,,,,,,0,0,684,,,,,,,0.8166338907187575,,,,,,,,,,,0,,,,,,,,,,twowoman1,,,,683,,baseline,,,
,,,,,,,,59,1,379,,,,,,,0.6314612766484686,,,,,,,,,,,0,,,,,,,,,,walking40,,,,378,,baseline,,,
,,,,,,,,3,0,416,,,,,,,0.6761278574964236,,,,,,,,,,,0,,,,,,,,,,walking41,,,,415,,baseline,,,
,,,,,,,,1,0,106,,,,,,,0.7751495675639434,,,,,,,,,,,0,,,,,,,,,,walkingman,,,,105,,baseline,,,
,,,,,,,,414,3,648,,,,,,,0.30641348645656846,,,,,,,,,,,2,,,,,,,,,,walkingman1,,,,647,,baseline,,,
,,,,,,,,170,2,508,,,,,,,0.3470849263477959,,,,,,,,,,,1,,,,,,,,,,walkingman12,,,,507,,baseline,,,
,,,,,,,,308,2,569,,,,,,,0.290437617923348,,,,,,,,,,,1,,,,,,,,,,walkingman20,,,,568,,baseline,,,
,,,,,,,,160,1,502,,,,,,,0.5296879954080334,,,,,,,,,,,0,,,,,,,,,,walkingman41,,,,501,,baseline,,,
,,,,,,,,44,1,83,,,,,,,0.3239999324005814,,,,,,,,,,,0,,,,,,,,,,walkingmantiny,,,,82,,baseline,,,
,,,,,,,,37,1,426,,,,,,,0.7210707454221178,,,,,,,,,,,0,,,,,,,,,,walkingnight,,,,425,,baseline,,,
,,,,,,,,2,0,1433,,,,,,,0.7786836644220932,,,,,,,,,,,0,,,,,,,,,,walkingtogether,,,,1432,,baseline,,,
,,,,,,,,0,0,387,,,,,,,0.75659991357795,,,,,,,,,,,0,,,,,,,,,,walkingtogether1,,,,386,,baseline,,,
,,,,,,,,14,1,601,,,,,,,0.6852153558432122,,,,,,,,,,,1,,,,,,,,,,walkingtogetherright,,,,600,,baseline,,,
,,,,,,,,0,0,642,,,,,,,0.7904217848689209,,,,,,,,,,,0,,,,,,,,,,walkingwithbag1,,,,641,,baseline,,,
,,,,,,,,0,0,1277,,,,,,,0.7515903208756513,,,,,,,,,,,0,,,,,,,,,,walkingwithbag2,,,,1276,,baseline,,,
,,,,,,,,0,0,348,,,,,,,0.5828223348488439,,,,,,,,,,,0,,,,,,,,,,walkingwoman,,,,347,,baseline,,,
,,,,,,,,3,1,391,,,,,,,0.7485825871424502,,,,,,,,,,,1,,,,,,,,,,whitebag,,,,390,,baseline,,,
,,,,,,,,0,0,180,,,,,,,0.8747593745060278,,,,,,,,,,,0,,,,,,,,,,whitecar,,,,179,,baseline,,,
,,,,,,,,0,0,448,,,,,,,0.8670295370380299,,,,,,,,,,,0,,,,,,,,,,whitecar3,,,,447,,baseline,,,
,,,,,,,,10,1,148,,,,,,,0.7614888499392725,,,,,,,,,,,0,,,,,,,,,,whitecar4,,,,147,,baseline,,,
,,,,,,,,0,0,164,,,,,,,0.7118103592128151,,,,,,,,,,,0,,,,,,,,,,whitecarafterrain,,,,163,,baseline,,,
,,,,,,,,32,4,1143,,,,,,,0.7323315728437431,,,,,,,,,,,4,,,,,,,,,,whiteman1,,,,1142,,baseline,,,
,,,,,,,,0,0,578,,,,,,,0.5856836596668107,,,,,,,,,,,0,,,,,,,,,,whitesuv,,,,577,,baseline,,,
,,,,,,,,23,2,272,,,,,,,0.6879038221072743,,,,,,,,,,,1,,,,,,,,,,woamn46,,,,271,,baseline,,,
,,,,,,,,0,0,146,,,,,,,0.8121443640541591,,,,,,,,,,,0,,,,,,,,,,woamnwithbike,,,,145,,baseline,,,
,,,,,,,,0,0,138,,,,,,,0.8458807172735255,,,,,,,,,,,0,,,,,,,,,,woman,,,,137,,baseline,,,
,,,,,,,,4,0,1009,,,,,,,0.7834500586924221,,,,,,,,,,,0,,,,,,,,,,woman1,,,,1008,,baseline,,,
,,,,,,,,4,1,688,,,,,,,0.7728520943053017,,,,,,,,,,,1,,,,,,,,,,woman100,,,,687,,baseline,,,
,,,,,,,,0,0,288,,,,,,,0.7062294509194016,,,,,,,,,,,0,,,,,,,,,,woman2,,,,287,,baseline,,,
,,,,,,,,0,0,230,,,,,,,0.7735417079399742,,,,,,,,,,,0,,,,,,,,,,woman3,,,,229,,baseline,,,
,,,,,,,,1,0,424,,,,,,,0.5407641504750955,,,,,,,,,,,0,,,,,,,,,,woman4,,,,423,,baseline,,,
,,,,,,,,0,0,348,,,,,,,0.7579722188188184,,,,,,,,,,,0,,,,,,,,,,woman48,,,,347,,baseline,,,
,,,,,,,,0,0,77,,,,,,,0.7048839869467617,,,,,,,,,,,0,,,,,,,,,,woman6,,,,76,,baseline,,,
,,,,,,,,1,0,434,,,,,,,0.8420153263743841,,,,,,,,,,,0,,,,,,,,,,woman89,,,,433,,baseline,,,
,,,,,,,,0,0,94,,,,,,,0.7540073620687052,,,,,,,,,,,0,,,,,,,,,,woman96,,,,93,,baseline,,,
,,,,,,,,0,0,546,,,,,,,0.8541855757019241,,,,,,,,,,,0,,,,,,,,,,woman99,,,,545,,baseline,,,
,,,,,,,,0,0,602,,,,,,,0.8099011776231415,,,,,,,,,,,0,,,,,,,,,,womancross,,,,601,,baseline,,,
,,,,,,,,0,0,127,,,,,,,0.6970147325453042,,,,,,,,,,,0,,,,,,,,,,womanfaraway,,,,126,,baseline,,,
,,,,,,,,1,0,738,,,,,,,0.8209569052351444,,,,,,,,,,,0,,,,,,,,,,womaninblackwithbike,,,,737,,baseline,,,
,,,,,,,,0,0,578,,,,,,,0.7856162859717933,,,,,,,,,,,0,,,,,,,,,,womanleft,,,,577,,baseline,,,
,,,,,,,,1,0,112,,,,,,,0.7741475079978895,,,,,,,,,,,0,,,,,,,,,,womanpink,,,,111,,baseline,,,
,,,,,,,,0,0,102,,,,,,,0.7945733267585039,,,,,,,,,,,0,,,,,,,,,,womanred,,,,101,,baseline,,,
,,,,,,,,9,2,656,,,,,,,0.7240865747623106,,,,,,,,,,,2,,,,,,,,,,womanrun,,,,655,,baseline,,,
,,,,,,,,9,1,169,,,,,,,0.7008322631799883,,,,,,,,,,,1,,,,,,,,,,womanwithbag6,,,,168,,baseline,,,
,,,,,,,,0,0,597,,,,,,,0.8740354132783682,,,,,,,,,,,0,,,,,,,,,,yellowcar,,,,596,,baseline,,,
,,,,,,,,0,0,123,,,,,,,0.7029954154230007,,,,,,,,,,,0,,,,,,,,,,afterrain,,,,122,,c1,,,
,,,,,,,,0,0,313,,,,,,,0.8381289985991728,,,,,,,,,,,0,,,,,,,,,,aftertree,,,,312,,c1,,,
,,,,,,,,202,1,659,,,,,,,0.3810858631420184,,,,,,,,,,,0,,,,,,,,,,baby,,,,658,,c1,,,
,,,,,,,,2,0,280,,,,,,,0.7521939533938521,,,,,,,,,,,0,,,,,,,,,,baginhand,,,,279,,c1,,,
,,,,,,,,38,3,222,,,,,,,0.6824941341832398,,,,,,,,,,,3,,,,,,,,,,baketballwaliking,,,,221,,c1,,,
,,,,,,,,18,1,225,,,,,,,0.731527771621385,,,,,,,,,,,1,,,,,,,,,,balancebike,,,,224,,c1,,,
,,,,,,,,0,0,75,,,,,,,0.7654404835390907,,,,,,,,,,,0,,,,,,,,,,basketball2,,,,74,,c1,,,
,,,,,,,,0,0,282,,,,,,,0.8864641355713747,,,,,,,,,,,0,,,,,,,,,,bicyclecity,,,,281,,c1,,,
,,,,,,,,0,0,333,,,,,,,0.8634316303965217,,,,,,,,,,,0,,,,,,,,,,bike,,,,332,,c1,,,
,,,,,,,,0,0,177,,,,,,,0.7381337891791362,,,,,,,,,,,0,,,,,,,,,,bikeman,,,,176,,c1,,,
,,,,,,,,0,0,175,,,,,,,0.7576531691059614,,,,,,,,,,,0,,,,,,,,,,bikemove1,,,,174,,c1,,,
,,,,,,,,67,1,333,,,,,,,0.3422227881124609,,,,,,,,,,,0,,,,,,,,,,biketwo,,,,332,,c1,,,
,,,,,,,,0,0,498,,,,,,,0.808648544396355,,,,,,,,,,,0,,,,,,,,,,blackwoman,,,,497,,c1,,,
,,,,,,,,0,0,299,,,,,,,0.8656123510685836,,,,,,,,,,,0,,,,,,,,,,blueCar,,,,298,,c1,,,
,,,,,,,,0,0,261,,,,,,,0.7795603794481646,,,,,,,,,,,0,,,,,,,,,,bluebike,,,,260,,c1,,,
,,,,,,,,0,0,190,,,,,,,0.4202707373158042,,,,,,,,,,,0,,,,,,,,,,boundaryandfast,,,,189,,c1,,,
,,,,,,,,0,0,89,,,,,,,0.8706142423871942,,,,,,,,,,,0,,,,,,,,,,bus6,,,,88,,c1,,,
,,,,,,,,3,1,219,,,,,,,0.4123705331240271,,,,,,,,,,,0,,,,,,,,,,call,,,,218,,c1,,,
,,,,,,,,0,0,415,,,,,,,0.8611159630052776,,,,,,,,,,,0,,,,,,,,,,car,,,,414,,c1,,,
,,,,,,,,0,0,212,,,,,,,0.8639821759187738,,,,,,,,,,,0,,,,,,,,,,car10,,,,211,,c1,,,
,,,,,,,,0,0,161,,,,,,,0.7513563269417834,,,,,,,,,,,0,,,,,,,,,,car20,,,,160,,c1,,,
,,,,,,,,0,0,501,,,,,,,0.8669282297236891,,,,,,,,,,,0,,,,,,,,,,car3,,,,500,,c1,,,
,,,,,,,,16,1,604,,,,,,,0.7461185760191364,,,,,,,,,,,1,,,,,,,,,,car37,,,,603,,c1,,,
,,,,,,,,0,0,147,,,,,,,0.7922638786048287,,,,,,,,,,,0,,,,,,,,,,car4,,,,146,,c1,,,
,,,,,,,,0,0,254,,,,,,,0.8491073992680533,,,,,,,,,,,0,,,,,,,,,,car41,,,,253,,c1,,,
,,,,,,,,0,0,210,,,,,,,0.8533471210485978,,,,,,,,,,,0,,,,,,,,,,car66,,,,209,,c1,,,
,,,,,,,,0,0,267,,,,,,,0.7577789938104641,,,,,,,,,,,0,,,,,,,,,,carLight,,,,266,,c1,,,
,,,,,,,,27,1,230,,,,,,,0.7642983987179894,,,,,,,,,,,1,,,,,,,,,,caraftertree,,,,229,,c1,,,
,,,,,,,,0,0,418,,,,,,,0.878931955412106,,,,,,,,,,,0,,,,,,,,,,carnotfar,,,,417,,c1,,,
,,,,,,,,9,1,417,,,,,,,0.7904168654374844,,,,,,,,,,,1,,,,,,,,,,carnotmove,,,,416,,c1,,,
,,,,,,,,0,0,180,,,,,,,0.6674515107839118,,,,,,,,,,,0,,,,,,,,,,carred,,,,179,,c1,,,
,,,,,,,,17,1,140,,,,,,,0.44695706589339357,,,,,,,,,,,0,,,,,,,,,,child,,,,139,,c1,,,
,,,,,,,,171,2,319,,,,,,,0.3526370629862856,,,,,,,,,,,1,,,,,,,,,,child1,,,,318,,c1,,,
,,,,,,,,299,4,621,,,,,,,0.36414988668914156,,,,,,,,,,,3,,,,,,,,,,child3,,,,620,,c1,,,
,,,,,,,,114,1,524,,,,,,,0.6295750646594108,,,,,,,,,,,0,,,,,,,,,,child4,,,,523,,c1,,,
,,,,,,,,227,1,239,,,,,,,0.024009187396433537,,,,,,,,,,,0,,,,,,,,,,children2,,,,238,,c1,,,
,,,,,,,,37,1,136,,,,,,,0.4587666933285788,,,,,,,,,,,1,,,,,,,,,,children3,,,,135,,c1,,,
,,,,,,,,7,0,103,,,,,,,0.4553829930129431,,,,,,,,,,,0,,,,,,,,,,children4,,,,102,,c1,,,
,,,,,,,,0,0,768,,,,,,,0.6877088427772461,,,,,,,,,,,0,,,,,,,,,,crossroad,,,,767,,c1,,,
,,,,,,,,12,1,1041,,,,,,,0.6681688526820175,,,,,,,,,,,1,,,,,,,,,,crouch,,,,1040,,c1,,,
,,,,,,,,84,3,187,,,,,,,0.3411557032385431,,,,,,,,,,,3,,,,,,,,,,cycle1,,,,186,,c1,,,
,,,,,,,,0,0,403,,,,,,,0.7135156249959106,,,,,,,,,,,0,,,,,,,,,,cycle2,,,,402,,c1,,,
,,,,,,,,0,0,436,,,,,,,0.9041463576123149,,,,,,,,,,,0,,,,,,,,,,cycle3,,,,435,,c1,,,
,,,,,,,,0,0,336,,,,,,,0.8255644238991747,,,,,,,,,,,0,,,,,,,,,,cycle4,,,,335,,c1,,,
,,,,,,,,0,0,114,,,,,,,0.8729023021170587,,,,,,,,,,,0,,,,,,,,,,cycle5,,,,113,,c1,,,
,,,,,,,,13,3,454,,,,,,,0.6547258295876314,,,,,,,,,,,3,,,,,,,,,,diamond,,,,453,,c1,,,
,,,,,,,,1,0,45,,,,,,,0.7367321850533801,,,,,,,,,,,0,,,,,,,,,,dog,,,,44,,c1,,,
,,,,,,,,80,1,983,,,,,,,0.7170018606989028,,,,,,,,,,,0,,,,,,,,,,dog1,,,,982,,c1,,,
,,,,,,,,0,0,347,,,,,,,0.8362754825987434,,,,,,,,,,,0,,,,,,,,,,dog10,,,,346,,c1,,,
,,,,,,,,8,2,87,,,,,,,0.6555459206092097,,,,,,,,,,,2,,,,,,,,,,dog11,,,,86,,c1,,,
,,,,,,,,0,0,126,,,,,,,0.7477698143078868,,,,,,,,,,,0,,,,,,,,,,elecbike,,,,125,,c1,,,
,,,,,,,,0,0,463,,,,,,,0.7204883619870022,,,,,,,,,,,0,,,,,,,,,,elecbike10,,,,462,,c1,,,
,,,,,,,,164,3,582,,,,,,,0.47643632950292886,,,,,,,,,,,2,,,,,,,,,,elecbike2,,,,581,,c1,,,
,,,,,,,,0,0,144,,,,,,,0.6079109296768634,,,,,,,,,,,0,,,,,,,,,,elecbike3,,,,143,,c1,,,
,,,,,,,,0,0,211,,,,,,,0.8204207979924558,,,,,,,,,,,0,,,,,,,,,,elecbikechange2,,,,210,,c1,,,
,,,,,,,,2,0,208,,,,,,,0.782910074113803,,,,,,,,,,,0,,,,,,,,,,elecbikeinfrontcar,,,,207,,c1,,,
,,,,,,,,0,0,95,,,,,,,0.8867110024614189,,,,,,,,,,,0,,,,,,,,,,elecbikewithhat,,,,94,,c1,,,
,,,,,,,,0,0,137,,,,,,,0.6143694425789515,,,,,,,,,,,0,,,,,,,,,,elecbikewithlight,,,,136,,c1,,,
,,,,,,,,0,0,185,,,,,,,0.8065509807484131,,,,,,,,,,,0,,,,,,,,,,elecbikewithlight1,,,,184,,c1,,,
,,,,,,,,0,0,1335,,,,,,,0.7004183487047276,,,,,,,,,,,0,,,,,,,,,,face1,,,,1334,,c1,,,
,,,,,,,,0,0,128,,,,,,,0.7028781135238034,,,,,,,,,,,0,,,,,,,,,,floor-1,,,,127,,c1,,,
,,,,,,,,70,7,596,,,,,,,0.5786088216055316,,,,,,,,,,,7,,,,,,,,,,flower1,,,,595,,c1,,,
,,,,,,,,0,0,422,,,,,,,0.810909630411603,,,,,,,,,,,0,,,,,,,,,,flower2,,,,421,,c1,,,
,,,,,,,,3,0,672,,,,,,,0.8390202755726816,,,,,,,,,,,0,,,,,,,,,,fog,,,,671,,c1,,,
,,,,,,,,0,0,303,,,,,,,0.8480137876950832,,,,,,,,,,,0,,,,,,,,,,fog6,,,,302,,c1,,,
,,,,,,,,99,2,453,,,,,,,0.5684649193311071,,,,,,,,,,,1,,,,,,,,,,glass,,,,452,,c1,,,
,,,,,,,,0,0,266,,,,,,,0.7401989059550418,,,,,,,,,,,0,,,,,,,,,,glass2,,,,265,,c1,,,
,,,,,,,,0,0,345,,,,,,,0.745261355268139,,,,,,,,,,,0,,,,,,,,,,graycar2,,,,344,,c1,,,
,,,,,,,,0,0,491,,,,,,,0.8392192549413938,,,,,,,,,,,0,,,,,,,,,,green,,,,490,,c1,,,
,,,,,,,,0,0,129,,,,,,,0.8592825071610655,,,,,,,,,,,0,,,,,,,,,,greentruck,,,,128,,c1,,,
,,,,,,,,0,0,282,,,,,,,0.6955747860187914,,,,,,,,,,,0,,,,,,,,,,greyman,,,,281,,c1,,,
,,,,,,,,0,0,154,,,,,,,0.7150569290179137,,,,,,,,,,,0,,,,,,,,,,greywoman,,,,153,,c1,,,
,,,,,,,,4,0,441,,,,,,,0.792307454676385,,,,,,,,,,,0,,,,,,,,,,guidepost,,,,440,,c1,,,
,,,,,,,,19,1,417,,,,,,,0.671405231316622,,,,,,,,,,,1,,,,,,,,,,hotglass,,,,416,,c1,,,
,,,,,,,,0,0,1080,,,,,,,0.817741471008185,,,,,,,,,,,0,,,,,,,,,,hotkettle,,,,1079,,c1,,,
,,,,,,,,0,0,630,,,,,,,0.8399916961085384,,,,,,,,,,,0,,,,,,,,,,inglassandmobile,,,,629,,c1,,,
,,,,,,,,0,0,444,,,,,,,0.7855603878245208,,,,,,,,,,,0,,,,,,,,,,jump,,,,443,,c1,,,
,,,,,,,,80,3,1424,,,,,,,0.6974691683627022,,,,,,,,,,,3,,,,,,,,,,kettle,,,,1423,,c1,,,
,,,,,,,,1450,1,1623,,,,,,,0.06862892301404604,,,,,,,,,,,0,,,,,,,,,,kite2,,,,1622,,c1,,,
,,,,,,,,0,0,1400,,,,,,,0.7098421349151698,,,,,,,,,,,0,,,,,,,,,,kite4,,,,1399,,c1,,,
,,,,,,,,0,0,733,,,,,,,0.825279686823379,,,,,,,,,,,0,,,,,,,,,,luggage,,,,732,,c1,,,
,,,,,,,,0,0,746,,,,,,,0.7733134431276151,,,,,,,,,,,0,,,,,,,,,,man2,,,,745,,c1,,,
,,,,,,,,29,3,329,,,,,,,0.7399722195687726,,,,,,,,,,,3,,,,,,,,,,man22,,,,328,,c1,,,
,,,,,,,,115,3,403,,,,,,,0.5195836009860336,,,,,,,,,,,2,,,,,,,,,,man23,,,,402,,c1,,,
,,,,,,,,67,1,558,,,,,,,0.6591728945060714,,,,,,,,,,,1,,,,,,,,,,man24,,,,557,,c1,,,
,,,,,,,,12,1,449,,,,,,,0.7474476537397161,,,,,,,,,,,1,,,,,,,,,,man26,,,,448,,c1,,,
,,,,,,,,58,4,479,,,,,,,0.5562537403867944,,,,,,,,,,,4,,,,,,,,,,man28,,,,478,,c1,,,
,,,,,,,,88,2,269,,,,,,,0.48788847160434207,,,,,,,,,,,2,,,,,,,,,,man29,,,,268,,c1,,,
,,,,,,,,0,0,3627,,,,,,,0.8977733946179814,,,,,,,,,,,0,,,,,,,,,,man3,,,,3626,,c1,,,
,,,,,,,,163,2,589,,,,,,,0.5907743508280884,,,,,,,,,,,1,,,,,,,,,,man4,,,,588,,c1,,,
,,,,,,,,3,0,265,,,,,,,0.6695437464847042,,,,,,,,,,,0,,,,,,,,,,man45,,,,264,,c1,,,
,,,,,,,,0,0,598,,,,,,,0.8184992741226184,,,,,,,,,,,0,,,,,,,,,,man5,,,,597,,c1,,,
,,,,,,,,2,0,552,,,,,,,0.7440857651918741,,,,,,,,,,,0,,,,,,,,,,man55,,,,551,,c1,,,
,,,,,,,,0,0,393,,,,,,,0.6319664577633635,,,,,,,,,,,0,,,,,,,,,,man68,,,,392,,c1,,,
,,,,,,,,0,0,120,,,,,,,0.6431638179815351,,,,,,,,,,,0,,,,,,,,,,man69,,,,119,,c1,,,
,,,,,,,,1378,12,4140,,,,,,,0.5141930358125081,,,,,,,,,,,12,,,,,,,,,,man7,,,,4139,,c1,,,
,,,,,,,,585,4,2584,,,,,,,0.5327678003648779,,,,,,,,,,,3,,,,,,,,,,man8,,,,2583,,c1,,,
,,,,,,,,0,0,212,,,,,,,0.7783553873978079,,,,,,,,,,,0,,,,,,,,,,man88,,,,211,,c1,,,
,,,,,,,,0,0,502,,,,,,,0.6829721569532506,,,,,,,,,,,0,,,,,,,,,,man9,,,,501,,c1,,,
,,,,,,,,0,0,492,,,,,,,0.7236234198499033,,,,,,,,,,,0,,,,,,,,,,manafterrain,,,,491,,c1,,,
,,,,,,,,116,1,117,,,,,,,0.0,,,,,,,,,,,0,,,,,,,,,,mancross,,,,116,,c1,,,
,,,,,,,,17,1,222,,,,,,,0.729100835955345,,,,,,,,,,,1,,,,,,,,,,mancross1,,,,221,,c1,,,
,,,,,,,,0,0,337,,,,,,,0.7446520719272098,,,,,,,,,,,0,,,,,,,,,,mancrossandup,,,,336,,c1,,,
,,,,,,,,33,1,391,,,,,,,0.6579238910583166,,,,,,,,,,,1,,,,,,,,,,mandrivecar,,,,390,,c1,,,
,,,,,,,,170,1,249,,,,,,,0.2186770977744001,,,,,,,,,,,0,,,,,,,,,,manfaraway,,,,248,,c1,,,
,,,,,,,,0,0,177,,,,,,,0.7885294870128867,,,,,,,,,,,0,,,,,,,,,,maninblack,,,,176,,c1,,,
,,,,,,,,41,3,419,,,,,,,0.6393959333428343,,,,,,,,,,,3,,,,,,,,,,maninglass,,,,418,,c1,,,
,,,,,,,,0,0,126,,,,,,,0.6997044062962728,,,,,,,,,,,0,,,,,,,,,,maningreen2,,,,125,,c1,,,
,,,,,,,,0,0,158,,,,,,,0.7116302570814368,,,,,,,,,,,0,,,,,,,,,,maninred,,,,157,,c1,,,
,,,,,,,,0,0,339,,,,,,,0.780403793268321,,,,,,,,,,,0,,,,,,,,,,manlight,,,,338,,c1,,,
,,,,,,,,3,1,77,,,,,,,0.7499078764706214,,,,,,,,,,,1,,,,,,,,,,manoccpart,,,,76,,c1,,,
,,,,,,,,0,0,450,,,,,,,0.8479745093896256,,,,,,,,,,,0,,,,,,,,,,manonboundary,,,,449,,c1,,,
,,,,,,,,16,1,249,,,,,,,0.7511102022498234,,,,,,,,,,,1,,,,,,,,,,manonelecbike,,,,248,,c1,,,
,,,,,,,,0,0,99,,,,,,,0.9255005748493977,,,,,,,,,,,0,,,,,,,,,,manontricycle,,,,98,,c1,,,
,,,,,,,,0,0,99,,,,,,,0.6515940360089715,,,,,,,,,,,0,,,,,,,,,,manout2,,,,98,,c1,,,
,,,,,,,,0,0,334,,,,,,,0.5659966669675814,,,,,,,,,,,0,,,,,,,,,,manup,,,,333,,c1,,,
,,,,,,,,0,0,387,,,,,,,0.7806601669438109,,,,,,,,,,,0,,,,,,,,,,manwithbag,,,,386,,c1,,,
,,,,,,,,13,3,577,,,,,,,0.8004838080005808,,,,,,,,,,,3,,,,,,,,,,manwithbag4,,,,576,,c1,,,
,,,,,,,,3,1,80,,,,,,,0.7387693283760695,,,,,,,,,,,1,,,,,,,,,,manwithbasketball,,,,79,,c1,,,
,,,,,,,,0,0,984,,,,,,,0.5780534862422606,,,,,,,,,,,0,,,,,,,,,,manwithluggage,,,,983,,c1,,,
,,,,,,,,0,0,504,,,,,,,0.8225607269032418,,,,,,,,,,,0,,,,,,,,,,manwithumbrella,,,,503,,c1,,,
,,,,,,,,199,3,645,,,,,,,0.2364848782870252,,,,,,,,,,,2,,,,,,,,,,manypeople,,,,644,,c1,,,
,,,,,,,,3,1,674,,,,,,,0.8089031997089774,,,,,,,,,,,1,,,,,,,,,,manypeople1,,,,673,,c1,,,
,,,,,,,,0,0,453,,,,,,,0.8307786933300296,,,,,,,,,,,0,,,,,,,,,,manypeople2,,,,452,,c1,,,
,,,,,,,,0,0,900,,,,,,,0.7641025830780146,,,,,,,,,,,0,,,,,,,,,,mobile,,,,899,,c1,,,
,,,,,,,,5,1,68,,,,,,,0.7066511365109298,,,,,,,,,,,1,,,,,,,,,,night2,,,,67,,c1,,,
,,,,,,,,0,0,199,,,,,,,0.8602894368737884,,,,,,,,,,,0,,,,,,,,,,nightcar,,,,198,,c1,,,
,,,,,,,,19,1,160,,,,,,,0.7174703486487191,,,,,,,,,,,1,,,,,,,,,,nightrun,,,,159,,c1,,,
,,,,,,,,11,2,286,,,,,,,0.6961017654077141,,,,,,,,,,,2,,,,,,,,,,nightthreepeople,,,,285,,c1,,,
,,,,,,,,0,0,624,,,,,,,0.7933618490600705,,,,,,,,,,,0,,,,,,,,,,notmove,,,,623,,c1,,,
,,,,,,,,0,0,454,,,,,,,0.6933235240941075,,,,,,,,,,,0,,,,,,,,,,oldman,,,,453,,c1,,,
,,,,,,,,1,0,103,,,,,,,0.7546295117669474,,,,,,,,,,,0,,,,,,,,,,oldman2,,,,102,,c1,,,
,,,,,,,,68,1,234,,,,,,,0.601435909931947,,,,,,,,,,,0,,,,,,,,,,oldwoman,,,,233,,c1,,,
,,,,,,,,0,0,920,,,,,,,0.8638622086867667,,,,,,,,,,,0,,,,,,,,,,orangeman1,,,,919,,c1,,,
,,,,,,,,137,1,375,,,,,,,0.45915818629251254,,,,,,,,,,,0,,,,,,,,,,people,,,,374,,c1,,,
,,,,,,,,122,3,1529,,,,,,,0.702610617880199,,,,,,,,,,,3,,,,,,,,,,people1,,,,1528,,c1,,,
,,,,,,,,0,0,926,,,,,,,0.6903635499547518,,,,,,,,,,,0,,,,,,,,,,people3,,,,925,,c1,,,
,,,,,,,,0,0,1456,,,,,,,0.7395167690390838,,,,,,,,,,,0,,,,,,,,,,playsoccer,,,,1455,,c1,,,
,,,,,,,,42,3,329,,,,,,,0.48377144873011996,,,,,,,,,,,2,,,,,,,,,,push,,,,328,,c1,,,
,,,,,,,,0,0,1011,,,,,,,0.7195001016307774,,,,,,,,,,,0,,,,,,,,,,rainingwaliking,,,,1010,,c1,,,
,,,,,,,,0,0,109,,,,,,,0.6800818663516515,,,,,,,,,,,0,,,,,,,,,,raningcar,,,,108,,c1,,,
,,,,,,,,0,0,1390,,,,,,,0.8038880564656828,,,,,,,,,,,0,,,,,,,,,,redbag,,,,1389,,c1,,,
,,,,,,,,0,0,218,,,,,,,0.8136168347599548,,,,,,,,,,,0,,,,,,,,,,redcar,,,,217,,c1,,,
,,,,,,,,31,1,243,,,,,,,0.7685360717393325,,,,,,,,,,,1,,,,,,,,,,redcar2,,,,242,,c1,,,
,,,,,,,,0,0,330,,,,,,,0.811292575400086,,,,,,,,,,,0,,,,,,,,,,redmanchange,,,,329,,c1,,,
,,,,,,,,455,1,657,,,,,,,0.20248029579984378,,,,,,,,,,,0,,,,,,,,,,rmo,,,,656,,c1,,,
,,,,,,,,205,1,298,,,,,,,0.23942862472607981,,,,,,,,,,,0,,,,,,,,,,run,,,,297,,c1,,,
,,,,,,,,38,1,85,,,,,,,0.4327144128892665,,,,,,,,,,,0,,,,,,,,,,run1,,,,84,,c1,,,
,,,,,,,,2,0,207,,,,,,,0.7053583660682442,,,,,,,,,,,0,,,,,,,,,,run2,,,,206,,c1,,,
,,,,,,,,81,3,916,,,,,,,0.724831569289121,,,,,,,,,,,3,,,,,,,,,,scooter,,,,915,,c1,,,
,,,,,,,,9,2,847,,,,,,,0.7165207412442182,,,,,,,,,,,2,,,,,,,,,,shake,,,,846,,c1,,,
,,,,,,,,0,0,234,,,,,,,0.8430541376449352,,,,,,,,,,,0,,,,,,,,,,shoeslight,,,,233,,c1,,,
,,,,,,,,0,0,488,,,,,,,0.8208062550786694,,,,,,,,,,,0,,,,,,,,,,single1,,,,487,,c1,,,
,,,,,,,,0,0,325,,,,,,,0.7664053748318126,,,,,,,,,,,0,,,,,,,,,,single3,,,,324,,c1,,,
,,,,,,,,24,2,1326,,,,,,,0.8127957971858901,,,,,,,,,,,2,,,,,,,,,,soccer,,,,1325,,c1,,,
,,,,,,,,3,0,379,,,,,,,0.7758524750778066,,,,,,,,,,,0,,,,,,,,,,soccer2,,,,378,,c1,,,
,,,,,,,,971,1,1168,,,,,,,0.18000957896299388,,,,,,,,,,,0,,,,,,,,,,soccerinhand,,,,1167,,c1,,,
,,,,,,,,0,0,346,,,,,,,0.8046367492654859,,,,,,,,,,,0,,,,,,,,,,straw,,,,345,,c1,,,
,,,,,,,,74,1,677,,,,,,,0.6743253589246591,,,,,,,,,,,1,,,,,,,,,,stroller,,,,676,,c1,,,
,,,,,,,,0,0,230,,,,,,,0.7127159487236074,,,,,,,,,,,0,,,,,,,,,,supbus,,,,229,,c1,,,
,,,,,,,,0,0,165,,,,,,,0.7077187209218694,,,,,,,,,,,0,,,,,,,,,,supbus2,,,,164,,c1,,,
,,,,,,,,0,0,576,,,,,,,0.8417874663730492,,,,,,,,,,,0,,,,,,,,,,takeout,,,,575,,c1,,,
,,,,,,,,2,0,171,,,,,,,0.7369403771796602,,,,,,,,,,,0,,,,,,,,,,tallman,,,,170,,c1,,,
,,,,,,,,0,0,254,,,,,,,0.7745848192063559,,,,,,,,,,,0,,,,,,,,,,threeman,,,,253,,c1,,,
,,,,,,,,24,2,429,,,,,,,0.7472607093011909,,,,,,,,,,,1,,,,,,,,,,threeman2,,,,428,,c1,,,
,,,,,,,,1,0,593,,,,,,,0.8482876685994848,,,,,,,,,,,0,,,,,,,,,,threepeople,,,,592,,c1,,,
,,,,,,,,26,2,229,,,,,,,0.6953427377899171,,,,,,,,,,,2,,,,,,,,,,threewoman2,,,,228,,c1,,,
,,,,,,,,2,0,499,,,,,,,0.7971162024176154,,,,,,,,,,,0,,,,,,,,,,together,,,,498,,c1,,,
,,,,,,,,28,1,1693,,,,,,,0.7976181235757877,,,,,,,,,,,0,,,,,,,,,,toy1,,,,1692,,c1,,,
,,,,,,,,0,0,1125,,,,,,,0.7467196502139938,,,,,,,,,,,0,,,,,,,,,,toy3,,,,1124,,c1,,,
,,,,,,,,0,0,990,,,,,,,0.7142777287963432,,,,,,,,,,,0,,,,,,,,,,toy4,,,,989,,c1,,,
,,,,,,,,0,0,1258,,,,,,,0.8310787386326701,,,,,,,,,,,0,,,,,,,,,,tree2,,,,1257,,c1,,,
,,,,,,,,299,1,1903,,,,,,,0.6728072986294712,,,,,,,,,,,0,,,,,,,,,,tree3,,,,1902,,c1,,,
,,,,,,,,575,2,2106,,,,,,,0.5856948620590996,,,,,,,,,,,1,,,,,,,,,,tree5,,,,2105,,c1,,,
,,,,,,,,0,0,218,,,,,,,0.8115145518997174,,,,,,,,,,,0,,,,,,,,,,trees,,,,217,,c1,,,
,,,,,,,,0,0,225,,,,,,,0.8689716304749153,,,,,,,,,,,0,,,,,,,,,,tricycle,,,,224,,c1,,,
,,,,,,,,0,0,321,,,,,,,0.8003404262562339,,,,,,,,,,,0,,,,,,,,,,tricycle1,,,,320,,c1,,,
,,,,,,,,0,0,235,,,,,,,0.8587453792612341,,,,,,,,,,,0,,,,,,,,,,tricycle2,,,,234,,c1,,,
,,,,,,,,0,0,469,,,,,,,0.7604307961008014,,,,,,,,,,,0,,,,,,,,,,tricycle6,,,,468,,c1,,,
,,,,,,,,0,0,332,,,,,,,0.7804114673909169,,,,,,,,,,,0,,,,,,,,,,tricycle9,,,,331,,c1,,,
,,,,,,,,0,0,295,,,,,,,0.7802130783619914,,,,,,,,,,,0,,,,,,,,,,tricyclefaraway,,,,294,,c1,,,
,,,,,,,,0,0,613,,,,,,,0.8020498515808633,,,,,,,,,,,0,,,,,,,,,,tricycletwo,,,,612,,c1,,,
,,,,,,,,0,0,84,,,,,,,0.8547664933213409,,,,,,,,,,,0,,,,,,,,,,twoelecbike,,,,83,,c1,,,
,,,,,,,,11,1,238,,,,,,,0.7643852944470115,,,,,,,,,,,1,,,,,,,,,,twoelecbike1,,,,237,,c1,,,
,,,,,,,,0,0,1299,,,,,,,0.7148292503912729,,,,,,,,,,,0,,,,,,,,,,twoman,,,,1298,,c1,,,
,,,,,,,,7,0,1001,,,,,,,0.7068066686935605,,,,,,,,,,,0,,,,,,,,,,twoman1,,,,1000,,c1,,,
,,,,,,,,9,1,392,,,,,,,0.7437281818226922,,,,,,,,,,,0,,,,,,,,,,twoman2,,,,391,,c1,,,
,,,,,,,,0,0,867,,,,,,,0.6318674102531506,,,,,,,,,,,0,,,,,,,,,,twoperson,,,,866,,c1,,,
,,,,,,,,0,0,161,,,,,,,0.7187115001181382,,,,,,,,,,,0,,,,,,,,,,twowoman,,,,160,,c1,,,
,,,,,,,,0,0,684,,,,,,,0.8166338907187575,,,,,,,,,,,0,,,,,,,,,,twowoman1,,,,683,,c1,,,
,,,,,,,,73,1,379,,,,,,,0.6131129347110851,,,,,,,,,,,0,,,,,,,,,,walking40,,,,378,,c1,,,
,,,,,,,,3,0,416,,,,,,,0.6761278574964236,,,,,,,,,,,0,,,,,,,,,,walking41,,,,415,,c1,,,
,,,,,,,,1,0,106,,,,,,,0.7751495675639434,,,,,,,,,,,0,,,,,,,,,,walkingman,,,,105,,c1,,,
,,,,,,,,414,3,648,,,,,,,0.30641348645656846,,,,,,,,,,,2,,,,,,,,,,walkingman1,,,,647,,c1,,,
,,,,,,,,35,3,508,,,,,,,0.4724212055585589,,,,,,,,,,,3,,,,,,,,,,walkingman12,,,,507,,c1,,,
,,,,,,,,303,2,569,,,,,,,0.295235123599983,,,,,,,,,,,1,,,,,,,,,,walkingman20,,,,568,,c1,,,
,,,,,,,,157,1,502,,,,,,,0.5362627001123776,,,,,,,,,,,0,,,,,,,,,,walkingman41,,,,501,,c1,,,
,,,,,,,,44,1,83,,,,,,,0.3239999324005814,,,,,,,,,,,0,,,,,,,,,,walkingmantiny,,,,82,,c1,,,
,,,,,,,,8,1,426,,,,,,,0.7554333205236398,,,,,,,,,,,1,,,,,,,,,,walkingnight,,,,425,,c1,,,
,,,,,,,,1,0,1433,,,,,,,0.7792065630692647,,,,,,,,,,,0,,,,,,,,,,walkingtogether,,,,1432,,c1,,,
,,,,,,,,0,0,387,,,,,,,0.75659991357795,,,,,,,,,,,0,,,,,,,,,,walkingtogether1,,,,386,,c1,,,
,,,,,,,,18,2,601,,,,,,,0.6818899371140018,,,,,,,,,,,1,,,,,,,,,,walkingtogetherright,,,,600,,c1,,,
,,,,,,,,0,0,642,,,,,,,0.7904217848689209,,,,,,,,,,,0,,,,,,,,,,walkingwithbag1,,,,641,,c1,,,
,,,,,,,,0,0,1277,,,,,,,0.7515903208756513,,,,,,,,,,,0,,,,,,,,,,walkingwithbag2,,,,1276,,c1,,,
,,,,,,,,0,0,348,,,,,,,0.5828223348488439,,,,,,,,,,,0,,,,,,,,,,walkingwoman,,,,347,,c1,,,
,,,,,,,,3,1,391,,,,,,,0.7485825871424502,,,,,,,,,,,1,,,,,,,,,,whitebag,,,,390,,c1,,,
,,,,,,,,0,0,180,,,,,,,0.8747593745060278,,,,,,,,,,,0,,,,,,,,,,whitecar,,,,179,,c1,,,
,,,,,,,,0,0,448,,,,,,,0.8670295370380299,,,,,,,,,,,0,,,,,,,,,,whitecar3,,,,447,,c1,,,
,,,,,,,,10,1,148,,,,,,,0.7614888499392725,,,,,,,,,,,0,,,,,,,,,,whitecar4,,,,147,,c1,,,
,,,,,,,,0,0,164,,,,,,,0.7118103592128151,,,,,,,,,,,0,,,,,,,,,,whitecarafterrain,,,,163,,c1,,,
,,,,,,,,14,1,1143,,,,,,,0.743457141230273,,,,,,,,,,,1,,,,,,,,,,whiteman1,,,,1142,,c1,,,
,,,,,,,,0,0,578,,,,,,,0.5856836596668107,,,,,,,,,,,0,,,,,,,,,,whitesuv,,,,577,,c1,,,
,,,,,,,,20,1,272,,,,,,,0.696667482690525,,,,,,,,,,,1,,,,,,,,,,woamn46,,,,271,,c1,,,
,,,,,,,,0,0,146,,,,,,,0.8121443640541591,,,,,,,,,,,0,,,,,,,,,,woamnwithbike,,,,145,,c1,,,
,,,,,,,,0,0,138,,,,,,,0.8458807172735255,,,,,,,,,,,0,,,,,,,,,,woman,,,,137,,c1,,,
,,,,,,,,4,0,1009,,,,,,,0.7834500586924221,,,,,,,,,,,0,,,,,,,,,,woman1,,,,1008,,c1,,,
,,,,,,,,6,1,688,,,,,,,0.7706912435492875,,,,,,,,,,,1,,,,,,,,,,woman100,,,,687,,c1,,,
,,,,,,,,0,0,288,,,,,,,0.7062294509194016,,,,,,,,,,,0,,,,,,,,,,woman2,,,,287,,c1,,,
,,,,,,,,0,0,230,,,,,,,0.7735417079399742,,,,,,,,,,,0,,,,,,,,,,woman3,,,,229,,c1,,,
,,,,,,,,1,0,424,,,,,,,0.5407641504750955,,,,,,,,,,,0,,,,,,,,,,woman4,,,,423,,c1,,,
,,,,,,,,0,0,348,,,,,,,0.7579722188188184,,,,,,,,,,,0,,,,,,,,,,woman48,,,,347,,c1,,,
,,,,,,,,0,0,77,,,,,,,0.7048839869467617,,,,,,,,,,,0,,,,,,,,,,woman6,,,,76,,c1,,,
,,,,,,,,1,0,434,,,,,,,0.8420153263743841,,,,,,,,,,,0,,,,,,,,,,woman89,,,,433,,c1,,,
,,,,,,,,0,0,94,,,,,,,0.7540073620687052,,,,,,,,,,,0,,,,,,,,,,woman96,,,,93,,c1,,,
,,,,,,,,0,0,546,,,,,,,0.8541855757019241,,,,,,,,,,,0,,,,,,,,,,woman99,,,,545,,c1,,,
,,,,,,,,0,0,602,,,,,,,0.8099011776231415,,,,,,,,,,,0,,,,,,,,,,womancross,,,,601,,c1,,,
,,,,,,,,0,0,127,,,,,,,0.6970147325453042,,,,,,,,,,,0,,,,,,,,,,womanfaraway,,,,126,,c1,,,
,,,,,,,,1,0,738,,,,,,,0.8209569052351444,,,,,,,,,,,0,,,,,,,,,,womaninblackwithbike,,,,737,,c1,,,
,,,,,,,,0,0,578,,,,,,,0.7856162859717933,,,,,,,,,,,0,,,,,,,,,,womanleft,,,,577,,c1,,,
,,,,,,,,1,0,112,,,,,,,0.7741475079978895,,,,,,,,,,,0,,,,,,,,,,womanpink,,,,111,,c1,,,
,,,,,,,,0,0,102,,,,,,,0.7945733267585039,,,,,,,,,,,0,,,,,,,,,,womanred,,,,101,,c1,,,
,,,,,,,,2,0,656,,,,,,,0.730041586779048,,,,,,,,,,,0,,,,,,,,,,womanrun,,,,655,,c1,,,
,,,,,,,,9,1,169,,,,,,,0.7008322631799883,,,,,,,,,,,1,,,,,,,,,,womanwithbag6,,,,168,,c1,,,
,,,,,,,,0,0,597,,,,,,,0.8740354132783682,,,,,,,,,,,0,,,,,,,,,,yellowcar,,,,596,,c1,,,
122,122,0,559,5.53270313411787,0,0,0,0,0,123,122,559,0,15,122,0,0.7029954154230007,122.0000000293364,0.0,7.56458443403244,0.0,122.0,0.0,0.0,0.0,0,0,0,0,0.0,0,0,0,0,0,0,0,afterrain,15,122,0,122,122,best_native_policy_complete,0,0,0
311,311,1,1508,5.908959520727366,1,0,0,2,0,313,312,1508,0,81,311,1,0.8341199681907913,311.99999818185387,0.0,42.13861018419266,0.0,311.9999998509884,0.0,1.0005744099617004,0.0,0,0,0,0,0.0,0,1,1,0,0,0,2,aftertree,81,312,1,312,312,best_native_policy_complete,0,0,0
531,528,110,3225,124.13632178798238,11,0,12,110,2,659,658,3225,0,376,530,128,0.568138030645861,657.9999994358815,0.0,194.49187421798706,0.0,658.0,0.0,0.0,0.0,1,0,2,0,238511.7980238622,12,0,2,1,0,11,110,baby,376,658,11,658,658,best_native_policy_complete,0,0,0
271,270,2,966,8.28826500181392,1,0,1,2,0,280,279,966,0,33,271,8,0.7512509944433351,279.0000009581969,0.0,16.84149795770645,0.0,279.0,0.0,0.0,0.0,0,0,0,0,49001.955347434756,1,0,1,0,0,1,2,baginhand,33,279,1,279,279,best_native_policy_complete,0,0,0
183,183,38,989,78.08795632740913,0,0,1,38,3,222,221,989,0,2,183,38,0.6824941341832398,221.0000029050505,0.0,1.0092760920524597,0.0,221.0,0.0,0.0,0.0,0,0,3,0,26580.04318456625,1,0,0,0,0,1,38,baketballwaliking,2,221,0,221,221,best_native_policy_complete,0,0,0
197,194,19,1007,17.281350948965063,5,0,12,20,1,225,224,1007,0,16,197,27,0.7298880905677969,223.99999427883154,0.0,8.292347252368927,0.0,224.0000004537492,0.0,3.012746810913086,0.0,0,0,1,0,633459.200196664,12,0,3,2,1,12,20,balancebike,16,224,5,224,224,best_native_policy_complete,0,0,0
74,74,0,353,9.797832704471478,0,0,0,0,0,75,74,353,0,0,74,0,0.7654404835390907,74.0,0.0,0.0,0.0,74.0,0.0,0.0,0.0,0,0,0,0,0.0,0,0,0,0,0,0,0,basketball2,0,74,0,74,74,best_native_policy_complete,0,0,0
281,281,0,1387,6.907708660516528,0,0,0,0,0,282,281,1387,0,279,281,0,0.8864641355713747,280.9999997906035,0.0,148.3696568608284,0.0,280.99999947831066,0.0,83.9514632821083,0.0,0,0,0,0,0.0,0,0,0,0,0,0,0,bicyclecity,279,281,0,281,281,best_native_policy_complete,0,0,0
332,332,0,1612,10.400368031796994,0,0,0,0,0,333,332,1612,0,332,332,0,0.8634316303965217,332.0000007419517,0.0,172.40048307180405,0.0,332.0,0.0,0.0,0.0,0,0,0,0,0.0,0,0,0,0,0,0,0,bike,332,332,0,332,332,best_native_policy_complete,0,0,0
176,176,0,873,8.854034976053839,0,0,0,0,0,177,176,873,0,0,176,0,0.7381337891791362,176.0,0.0,0.0,0.0,176.0,0.0,0.0,0.0,0,0,0,0,0.0,0,0,0,0,0,0,0,bikeman,0,176,0,176,176,best_native_policy_complete,0,0,0
174,174,0,800,6.511983143200757,0,0,0,0,0,175,174,800,0,59,174,0,0.7576531691059614,174.00000291840252,0.0,30.89032357931137,0.0,174.0000036229634,0.0,10.582430720329285,0.0,0,0,0,0,0.0,0,0,0,0,0,0,0,bikemove1,59,174,0,174,174,best_native_policy_complete,0,0,0
68,68,56,1583,109.94005518829468,5,0,1,56,1,333,332,1583,0,10,68,264,0.35274860666067925,331.99999816987986,0.0,5.06505012512207,0.0,332.0,0.0,0.0,0.0,0,0,0,0,23228.04193404591,1,0,2,3,0,1,56,biketwo,10,332,5,332,332,best_native_policy_complete,0,0,0
497,497,0,1844,8.950127611969751,0,0,0,0,0,498,497,1844,0,0,497,0,0.808648544396355,497.0,0.0,0.0,0.0,497.0,0.0,0.0,0.0,0,0,0,0,0.0,0,0,0,0,0,0,0,blackwoman,0,497,0,497,497,best_native_policy_complete,0,0,0
298,298,0,1478,6.645538719563634,0,0,0,0,0,299,298,1478,0,298,298,0,0.8656123510685836,298.0000008510941,0.0,157.64376056194305,0.0,297.99999820106575,0.0,110.47065752744675,0.0,0,0,0,0,0.0,0,0,0,0,0,0,0,blueCar,298,298,0,298,298,best_native_policy_complete,0,0,0
260,260,0,1288,12.901211630944418,0,0,0,0,0,261,260,1288,0,236,260,0,0.7795603794481646,260.00000054183215,0.0,125.3547568321228,0.0,260.0000003201763,0.0,9.115508317947388,0.0,0,0,0,0,0.0,0,0,0,0,0,0,0,bluebike,236,260,0,260,260,best_native_policy_complete,0,0,0
15,15,147,941,119.09279474237378,2,0,0,148,1,190,189,941,0,36,15,174,0.11631397353778178,189.0000021560076,96.18656337577157,18.807652175426483,16.731807708740234,189.0000018093369,68.50611517822048,15.80619752407074,15.80619752407074,0,0,0,0,0.0,0,0,1,0,0,0,148,boundaryandfast,36,189,2,189,189,best_native_policy_complete,108,0,32
88,88,0,416,2.5053864149475036,0,0,0,0,0,89,88,416,0,88,88,0,0.8706142423871942,87.99999998049903,0.0,46.994783103466034,0.0,88.00000111065899,0.0,1.5016648769378662,0.0,0,0,0,0,0.0,0,0,0,0,0,0,0,bus6,88,88,0,88,88,best_native_policy_complete,0,0,0
40,38,2,1053,48.201146894355986,1,0,0,1,0,219,218,1053,0,0,40,178,0.41721809143486766,218.0,0.0,0.0,0.0,218.0,0.0,0.0,0.0,0,0,0,0,0.0,0,0,0,1,1,0,1,call,0,218,1,218,218,best_native_policy_complete,0,0,0
414,414,0,2030,6.168078516777917,0,0,0,0,0,415,414,2030,0,414,414,0,0.8611159630052776,414.0000005595659,0.0,220.42563819885254,0.0,414.0000016869024,0.0,168.2048743367195,0.0,0,0,0,0,0.0,0,0,0,0,0,0,0,car,414,414,0,414,414,best_native_policy_complete,0,0,0
211,211,0,1040,5.487609961850419,0,0,0,0,0,212,211,1040,0,211,211,0,0.8639821759187738,211.0000001328062,0.0,109.11075854301453,0.0,210.99999846950496,0.0,49.70011258125305,0.0,0,0,0,0,0.0,0,0,0,0,0,0,0,car10,211,211,0,211,211,best_native_policy_complete,0,0,0
159,159,0,799,9.599947073874498,0,0,0,0,0,161,160,799,0,160,159,1,0.7513563269417834,159.99999960078907,0.0,84.41789144277573,0.0,159.99999898428135,0.0,77.21946448087692,0.0,0,0,0,0,0.0,0,0,0,0,0,0,0,car20,160,160,0,160,160,best_native_policy_complete,0,0,0
500,500,0,2323,9.903850682575074,0,0,0,0,0,501,500,2323,0,449,500,0,0.8669282297236891,500.00000340591225,0.0,236.69069427251816,0.0,500.0000006802914,0.0,31.27741974592209,0.0,0,0,0,0,0.0,0,0,0,0,0,0,0,car3,449,500,0,500,500,best_native_policy_complete,0,0,0
389,388,214,3183,145.06954879902315,31,0,53,213,1,604,603,3183,0,87,389,214,0.505991514926732,603.0000033989824,0.0,44.52193808555603,0.0,603.0,0.0,0.0,0.0,0,0,1,0,977103.5264884635,57,0,1,1,0,53,213,car37,87,603,31,603,603,best_native_policy_complete,0,0,0
146,146,0,719,6.882813893504936,0,0,0,0,0,147,146,719,0,146,146,0,0.7922638786048287,145.9999992071957,0.0,77.19938880205154,0.0,145.9999995429579,0.0,13.054450988769531,0.0,0,0,0,0,0.0,0,0,0,0,0,0,0,car4,146,146,0,146,146,best_native_policy_complete,0,0,0
253,253,0,1258,5.420096643640915,0,0,0,0,0,254,253,1258,0,253,253,0,0.8491073992680533,253.00000096249929,0.0,131.25852131843567,0.0,252.99999923416436,0.0,75.99642115831375,0.0,0,0,0,0,0.0,0,0,0,0,0,0,0,car41,253,253,0,253,253,best_native_policy_complete,0,0,0
209,209,0,1042,6.370833302826638,0,0,0,0,0,210,209,1042,0,209,209,0,0.8533471210485978,209.000000029291,0.0,111.56216418743134,0.0,209.00000141385,0.0,106.27584618330002,0.0,0,0,0,0,0.0,0,0,0,0,0,0,0,car66,209,209,0,209,209,best_native_policy_complete,0,0,0
266,266,0,1330,9.726657386038841,0,0,0,0,0,267,266,1330,0,251,266,0,0.7577789938104641,266.0000016252865,0.0,131.0471689105034,0.0,266.0,0.0,0.0,0.0,0,0,0,0,0.0,0,0,0,0,0,0,0,carLight,251,266,0,266,266,best_native_policy_complete,0,0,0
198,195,27,1139,25.91161368148139,0,0,3,27,1,230,229,1139,0,208,198,31,0.7642983987179894,228.99999998062293,27.993456916214225,111.28784662485123,9.533388316631317,229.00000016317156,29.491136282084337,95.93658781051636,9.28356260061264,0,0,1,0,306245.9569908263,3,0,0,0,0,3,27,caraftertree,208,229,0,229,229,best_native_policy_complete,34,0,18
417,417,0,2053,7.900404905524999,0,0,0,0,0,418,417,2053,0,417,417,0,0.878931955412106,417.00000048774956,0.0,220.0341392159462,0.0,416.99999948670046,0.0,21.555937588214874,0.0,0,0,0,0,0.0,0,0,0,0,0,0,0,carnotfar,417,417,0,417,417,best_native_policy_complete,0,0,0
408,403,6,1919,26.494188558309375,2,0,1,5,1,417,416,1919,0,0,408,8,0.795219741368308,416.0,0.0,0.0,0.0,416.0,0.0,0.0,0.0,0,0,1,0,79874.02749388333,1,0,1,1,1,1,5,carnotmove,0,416,2,416,416,best_native_policy_complete,0,0,0
165,165,0,886,20.036314118721474,0,0,0,0,0,180,179,886,0,162,165,14,0.6674515107839118,178.9999989363972,0.0,84.04066807031631,0.0,179.0,0.0,0.0,0.0,0,0,0,0,0.0,0,0,0,0,0,0,0,carred,162,179,0,179,179,best_native_policy_complete,0,0,0
68,68,17,597,24.697240431171934,0,0,0,17,1,140,139,597,0,0,68,71,0.44695706589339357,139.0,0.0,0.0,0.0,139.0,0.0,0.0,0.0,0,0,0,0,0.0,0,0,0,0,0,0,17,child,0,139,0,139,139,best_native_policy_complete,0,0,0
199,135,173,1286,197.94243721582748,1,0,0,174,2,319,318,1286,1,176,199,119,0.34492941785012843,318.0000004309896,149.33899857609933,91.63880044221878,83.87760019302368,318.00000142421084,150.33681392989595,84.61250722408295,78.56452298164368,0,1,1,0,0.0,0,1,1,0,0,0,174,child1,176,318,1,318,318,best_native_policy_complete,162,1,161
325,262,323,2953,273.3362755478831,18,0,18,324,3,621,620,2953,0,0,324,296,0.32835072989984504,620.0,0.0,0.0,0.0,620.0,0.0,0.0,0.0,1,0,2,0,371080.22288992023,18,5,6,5,3,17,324,child3,0,620,18,620,620,best_native_policy_complete,0,0,0
475,406,115,2111,155.13252888396335,3,0,5,116,1,524,523,2111,0,340,474,49,0.6272068448823115,523.0000005685898,106.31431460602724,168.83522152900696,50.79271709918976,523.0000001136113,0.0,9.514899909496307,0.0,1,0,0,0,192162.39003803767,5,1,2,1,1,4,116,child4,340,523,3,523,523,best_native_policy_complete,109,0,109
25,11,210,1170,165.77926236238432,15,0,9,209,2,239,238,1170,0,0,25,213,0.06146841067080758,238.0,0.0,0.0,0.0,238.0,0.0,0.0,0.0,0,0,1,0,216270.65279671503,9,1,2,3,1,9,209,children2,0,238,15,238,238,best_native_policy_complete,0,0,0
56,56,79,614,58.058652556254316,5,0,8,80,1,136,135,614,0,0,56,79,0.2914454162364505,135.0,0.0,0.0,0.0,135.0,0.0,0.0,0.0,0,0,0,0,198931.2391527783,8,1,1,0,0,8,80,children3,0,135,5,135,135,best_native_policy_complete,0,0,0
36,29,25,548,33.66168869404965,11,0,21,26,1,103,102,548,0,2,35,67,0.3862895135313139,101.99999982118607,0.0,0.5054005980491638,0.0,102.0,0.0,0.0,0.0,1,0,0,0,841133.8686908109,21,0,4,3,0,20,26,children4,2,102,11,102,102,best_native_policy_complete,0,0,0
766,766,0,3507,50.04097253528739,0,0,0,0,0,768,767,3507,0,513,766,1,0.6877088427772461,766.999999498958,0.0,269.80590814352036,0.0,767.0000172619993,0.0,63.19438689947128,0.0,0,0,0,0,0.0,0,0,0,0,0,0,0,crossroad,513,767,0,767,767,best_native_policy_complete,0,0,0
1009,1002,17,4804,167.83995859901327,4,0,1,16,1,1041,1040,4804,0,121,1009,31,0.6651926244245465,1039.9999537631668,0.0,64.23159909248352,0.0,1040.0000148739282,0.0,13.063059091567993,0.0,0,0,1,0,171682.56503311178,1,1,2,2,2,1,16,crouch,121,1040,4,1040,1040,best_native_policy_complete,0,0,0
161,83,86,959,75.25537196384211,9,0,12,85,3,187,186,959,0,0,158,28,0.3480652216134573,186.0,0.0,0.0,0.0,186.0,0.0,0.0,0.0,3,0,3,0,206730.89565755817,12,0,1,6,2,9,85,cycle1,0,186,9,186,186,best_native_policy_complete,0,0,0
393,393,0,1778,24.252282228446845,0,0,0,0,0,403,402,1778,0,235,393,9,0.7135156249959106,401.9999951239007,0.0,122.63275891542435,0.0,401.9999990171348,1.0167627226834204,113.96836882829666,0.5089375972747803,0,0,0,0,0.0,0,0,0,0,0,0,0,cycle2,235,402,0,402,402,best_native_policy_complete,0,0,0
435,435,0,1980,3.707228238908926,0,0,0,0,0,436,435,1980,0,433,435,0,0.9041463576123149,435.0000001354069,0.0,228.53566133975983,0.0,434.99999988172556,0.0,132.97011399269104,0.0,0,0,0,0,0.0,0,0,0,0,0,0,0,cycle3,433,435,0,435,435,best_native_policy_complete,0,0,0
335,335,0,1592,20.75256264507883,0,0,0,0,0,336,335,1592,0,283,335,0,0.8255644238991747,334.9999993819292,0.0,148.23389810323715,0.0,334.9999983745178,0.0,121.36826658248901,0.0,0,0,0,0,0.0,0,0,0,0,0,0,0,cycle4,283,335,0,335,335,best_native_policy_complete,0,0,0
112,112,0,519,1.221009530872823,0,0,0,0,0,114,113,519,0,108,112,1,0.8729023021170587,112.99999901351867,0.0,56.618318021297455,0.0,113.00000151891844,0.0,28.467749416828156,0.0,0,0,0,0,0.0,0,0,0,0,0,0,0,cycle5,108,113,0,113,113,best_native_policy_complete,0,0,0
396,393,13,2037,79.97854387610043,0,0,0,13,3,454,453,2037,0,7,396,57,0.6547258295876314,452.99999295573724,0.0,3.6203376054763794,0.0,452.9999852705507,0.0,3.0169675946235657,0.0,0,0,3,0,0.0,0,0,0,0,0,0,13,diamond,7,453,0,453,453,best_native_policy_complete,0,0,0
44,43,1,177,1.5278893138348464,1,0,1,0,0,45,44,177,0,0,44,0,0.7452620918055342,44.0,0.0,0.0,0.0,44.0,0.0,0.0,0.0,0,0,0,0,17419.286748070037,1,0,0,1,1,1,0,dog,0,44,1,44,44,best_native_policy_complete,0,0,0
760,757,211,3782,187.41860754091473,15,0,9,212,1,983,982,3782,0,200,760,222,0.6315636673648993,982.0000123607133,0.0,103.51362442970276,0.0,982.0000096559525,0.0,0.50093013048172,0.0,0,0,0,0,214244.73684366554,9,0,1,0,0,9,212,dog1,200,982,15,982,982,best_native_policy_complete,0,0,0
346,346,0,1611,6.156502166371575,0,0,0,0,0,347,346,1611,0,169,346,0,0.8362754825987434,345.99999591345056,0.0,85.9736025929451,0.0,346.00000049695996,0.0,43.800145745277405,0.0,0,0,0,0,0.0,0,0,0,0,0,0,0,dog10,169,346,0,346,346,best_native_policy_complete,0,0,0
80,75,7,399,11.329938092651986,3,0,13,7,2,87,86,399,0,0,78,8,0.6580760612330443,86.0,0.0,0.0,0.0,86.0,0.0,0.0,0.0,2,0,1,0,528373.5565230794,13,1,2,1,0,11,7,dog11,0,86,3,86,86,best_native_policy_complete,0,0,0
125,125,0,573,6.959545391689107,0,0,0,0,0,126,125,573,0,104,125,0,0.7477698143078868,124.99999939389113,0.0,53.61498761177063,0.0,124.99999997019768,0.0,0.5013670921325684,0.0,0,0,0,0,0.0,0,0,0,0,0,0,0,elecbike,104,125,0,125,125,best_native_policy_complete,0,0,0
438,435,4,2158,30.93967835582423,2,0,2,4,1,463,462,2158,0,122,438,24,0.7155742212099266,461.9999991608298,0.0,63.15183573961258,0.0,462.0,0.0,0.0,0.0,0,0,1,0,111612.28698697782,2,1,1,1,1,2,4,elecbike10,122,462,2,462,462,best_native_policy_complete,0,0,0
279,273,256,2892,188.97212342052717,17,0,39,260,3,582,581,2892,0,0,278,303,0.36166216935638346,581.0,0.0,0.0,0.0,581.0,0.0,0.0,0.0,1,0,2,0,1188007.6546177752,39,2,5,1,0,38,260,elecbike2,0,581,17,581,581,best_native_policy_complete,0,0,0
135,135,0,699,50.838734348354826,0,0,0,0,0,144,143,699,0,24,135,8,0.6079109296768634,143.0000001756217,0.0,12.419537723064423,0.0,143.0,0.0,0.0,0.0,0,0,0,0,0.0,0,0,0,0,0,0,0,elecbike3,24,143,0,143,143,best_native_policy_complete,0,0,0
210,210,0,1005,6.569899331133977,0,0,0,0,0,211,210,1005,0,207,210,0,0.8204207979924558,209.99999898025905,0.0,108.54147678613663,0.0,209.99999991875382,0.0,2.5121575593948364,0.0,0,0,0,0,0.0,0,0,0,0,0,0,0,elecbikechange2,207,210,0,210,210,best_native_policy_complete,0,0,0
204,204,2,1012,6.7272844138027255,3,0,2,3,1,208,207,1012,0,149,204,3,0.7826264710055295,207.00000000480202,0.0,78.00643002986908,0.0,207.0,0.0,0.0,0.0,0,0,1,0,57018.07179993321,2,0,2,1,0,2,3,elecbikeinfrontcar,149,207,3,207,207,best_native_policy_complete,0,0,0
94,94,0,462,5.67182759213958,0,0,0,0,0,95,94,462,0,94,94,0,0.8867110024614189,94.00000083083316,0.0,49.276181280612946,0.0,94.0,0.0,0.0,0.0,0,0,0,0,0.0,0,0,0,0,0,0,0,elecbikewithhat,94,94,0,94,94,best_native_policy_complete,0,0,0
136,136,0,611,16.998006299001105,0,0,0,0,0,137,136,611,0,120,136,0,0.6143694425789515,136.0000002007381,0.0,62.09328943490982,0.0,136.00000348130914,0.0,4.006627857685089,0.0,0,0,0,0,0.0,0,0,0,0,0,0,0,elecbikewithlight,120,136,0,136,136,best_native_policy_complete,0,0,0
184,184,0,903,5.0327692776523385,0,0,0,0,0,185,184,903,0,96,184,0,0.8065509807484131,183.99999965947066,0.0,50.11132609844208,0.0,183.99999978030638,0.0,4.528797447681427,0.0,0,0,0,0,0.0,0,0,0,0,0,0,0,elecbikewithlight1,96,184,0,184,184,best_native_policy_complete,0,0,0
1224,1111,119,6641,184.4836691052771,13,0,38,119,1,1335,1334,6641,0,107,1224,110,0.6292925277862804,1334.0000117976592,0.0,54.13000673055649,0.0,1333.9999940412408,0.0,54.297873079776764,0.0,0,0,1,0,718972.4673242318,38,1,2,1,1,38,119,face1,107,1334,13,1334,1334,best_native_policy_complete,0,0,0
120,116,7,625,9.567889857880196,2,0,2,7,1,128,127,625,0,0,120,7,0.6709485540135469,127.0,0.0,0.0,0.0,127.0,0.0,0.0,0.0,0,0,1,0,80821.0029164275,2,1,1,1,1,2,7,floor-1,0,127,2,127,127,best_native_policy_complete,0,0,0
481,465,62,2640,100.44530789747165,13,0,5,52,5,596,595,2640,0,3,481,114,0.5954052506770768,595.0000047221404,0.0,1.5750457048416138,0.0,595.0,0.0,0.0,0.0,0,0,5,0,583367.9888122851,5,1,2,11,8,5,52,flower1,3,595,13,595,595,best_native_policy_complete,0,0,0
416,416,0,1880,33.69391622696747,0,0,0,0,0,422,421,1880,0,362,416,5,0.810909630411603,420.9999973827508,0.0,191.64960557222366,0.0,421.0,0.0,0.0,0.0,0,0,0,0,0.0,0,0,0,0,0,0,0,flower2,362,421,0,421,421,best_native_policy_complete,0,0,0
668,666,3,3284,47.696243926527984,1,0,0,3,0,672,671,3284,0,211,668,3,0.8394441519283852,670.9999986844344,0.0,108.0249856710434,0.0,671.0,0.0,0.0,0.0,0,0,0,0,0.0,0,0,0,1,0,0,3,fog,211,671,1,671,671,best_native_policy_complete,0,0,0
302,302,0,1475,16.13770225219932,0,0,0,0,0,303,302,1475,0,302,302,0,0.8480137876950832,301.9999988139498,0.0,157.55451601743698,0.0,302.0,0.0,0.0,0.0,0,0,0,0,0.0,0,0,0,0,0,0,0,fog6,302,302,0,302,302,best_native_policy_complete,0,0,0
342,341,101,2204,73.13251091377838,17,0,29,96,2,453,452,2204,0,231,341,111,0.5763858988376351,452.0000027964133,0.0,121.31350082159042,0.0,451.9999970011998,0.0,57.34285378456116,0.0,1,0,1,0,1802317.993545813,29,0,6,11,0,28,96,glass,231,452,17,452,452,best_native_policy_complete,0,0,0
264,264,0,912,9.476259839694666,0,0,0,0,0,266,265,912,0,50,264,1,0.7401989059550418,264.999999597402,0.0,26.81797206401825,0.0,265.0,0.0,0.0,0.0,0,0,0,0,0.0,0,0,0,0,0,0,0,glass2,50,265,0,265,265,best_native_policy_complete,0,0,0
337,337,0,1706,13.836776146690958,0,0,0,0,0,345,344,1706,0,232,337,7,0.745261355268139,344.0000005142794,0.0,121.9606391787529,0.0,344.00000003620517,0.0,100.60974395275116,0.0,0,0,0,0,0.0,0,0,0,0,0,0,0,graycar2,232,344,0,344,344,best_native_policy_complete,0,0,0
490,490,0,2426,20.161453505690712,0,0,0,0,0,491,490,2426,0,490,490,0,0.8392192549413938,490.0000007799402,0.0,256.366648375988,0.0,490.0,0.0,0.5007750988006592,0.0,0,0,0,0,0.0,0,0,0,0,0,0,0,green,490,490,0,490,490,best_native_policy_complete,0,0,0
128,128,0,603,3.6924749666432977,0,0,0,0,0,129,128,603,0,128,128,0,0.8592825071610655,127.9999998612828,0.0,67.14004415273666,0.0,127.99999964431062,0.0,4.513258934020996,0.0,0,0,0,0,0.0,0,0,0,0,0,0,0,greentruck,128,128,0,128,128,best_native_policy_complete,0,0,0
250,250,0,1212,22.84163849079493,0,0,0,0,0,282,281,1212,0,121,250,31,0.6955747860187914,280.99999845495466,0.0,64.31090658903122,0.0,281.0000011252103,0.0,18.562406480312347,0.0,0,0,0,0,0.0,0,0,0,0,0,0,0,greyman,121,281,0,281,281,best_native_policy_complete,0,0,0
153,153,0,734,8.975843335698604,0,0,0,0,0,154,153,734,0,120,153,0,0.7150569290179137,153.00000059156324,0.0,62.73811888694763,0.0,152.9999992713376,0.0,44.496706664562225,0.0,0,0,0,0,0.0,0,0,0,0,0,0,0,greywoman,120,153,0,153,153,best_native_policy_complete,0,0,0
421,421,4,2162,13.434338936139238,0,0,0,4,0,441,440,2162,0,209,421,19,0.792307454676385,439.9999928099618,0.0,105.68761044740677,0.0,440.0,0.0,0.0,0.0,0,0,0,0,0.0,0,0,0,0,0,0,4,guidepost,209,440,0,440,440,best_native_policy_complete,0,0,0
400,400,13,1541,28.990751378722727,7,0,8,11,1,417,416,1541,0,0,400,16,0.6808917678948785,416.0,0.0,0.0,0.0,416.0,0.0,0.0,0.0,0,0,1,0,140981.01106003358,8,0,2,2,0,8,11,hotglass,0,416,7,416,416,best_native_policy_complete,0,0,0
1079,1079,0,4687,9.700278471625808,0,0,0,0,0,1080,1079,4687,0,0,1079,0,0.817741471008185,1079.0,0.0,0.0,0.0,1079.0,0.0,0.0,0.0,0,0,0,0,0.0,0,0,0,0,0,0,0,hotkettle,0,1079,0,1079,1079,best_native_policy_complete,0,0,0
629,629,0,2887,8.984577734781897,0,0,0,0,0,630,629,2887,0,618,629,0,0.8399916961085384,629.0000022557864,0.0,309.18436324596405,0.0,628.999998965614,0.0,161.8734085559845,0.0,0,0,0,0,0.0,0,0,0,0,0,0,0,inglassandmobile,618,629,0,629,629,best_native_policy_complete,0,0,0
443,443,0,2079,21.341101001709124,0,0,0,0,0,444,443,2079,0,261,443,0,0.7855603878245208,442.99999899621395,0.0,138.31697231531143,0.0,443.00000115698475,0.0,42.76985639333725,0.0,0,0,0,0,0.0,0,0,0,0,0,0,0,jump,261,443,0,443,443,best_native_policy_complete,0,0,0
1253,1253,89,5476,72.7634450882421,10,0,77,90,3,1424,1423,5476,0,0,1253,170,0.6929245584036025,1423.0,0.0,0.0,0.0,1423.0,0.0,0.0,0.0,0,0,3,0,5798475.404523158,77,1,5,3,0,77,90,kettle,0,1423,10,1423,1423,best_native_policy_complete,0,0,0
792,792,454,7928,323.7701596093601,34,0,136,456,2,1623,1622,7928,0,0,792,830,0.40794360759539383,1622.0,0.0,0.0,0.0,1622.0,0.0,0.0,0.0,0,0,1,0,6204454.872076621,138,1,3,2,0,136,456,kite2,0,1622,34,1622,1622,best_native_policy_complete,0,0,0
1345,1345,0,4986,34.55145304631098,0,0,1,0,0,1400,1399,4986,0,247,1345,54,0.7098421349151698,1399.0000007846859,0.0,127.99771624803543,0.0,1399.000000939069,0.0,36.34990054368973,0.0,0,0,0,0,105079.22849171482,1,0,0,0,0,1,0,kite4,247,1399,0,1399,1399,best_native_policy_complete,0,0,0
732,732,0,3618,39.58838140484363,0,0,0,0,0,733,732,3618,0,603,732,0,0.825279686823379,732.0000025144215,0.0,295.4801732301712,0.0,732.0000027245221,0.0,66.30425518751144,0.0,0,0,0,0,0.0,0,0,0,0,0,0,0,luggage,603,732,0,732,732,best_native_policy_complete,0,0,0
745,745,0,3599,34.75595271240651,0,0,0,0,0,746,745,3599,0,745,745,0,0.7733134431276151,745.0000039012125,0.0,390.9785250425339,0.0,745.0000051426135,0.0,74.88675850629807,0.0,0,0,0,0,0.0,0,0,0,0,0,0,0,man2,745,745,0,745,745,best_native_policy_complete,0,0,0
322,302,26,1577,52.54445482871156,3,0,5,24,3,329,328,1577,0,154,322,6,0.7528838044526339,328.00000048433196,0.0,81.09073460102081,0.0,328.00000188796156,0.0,17.074347615242004,0.0,0,0,3,0,254652.81439604156,5,0,0,3,2,5,24,man22,154,328,3,328,328,best_native_policy_complete,0,0,0
262,243,116,1980,92.27649028120105,5,0,25,115,3,403,402,1980,0,94,261,141,0.5195668948129818,402.0000013878115,0.0,50.4339234828949,0.0,401.9999951062685,0.0,28.201377987861633,0.0,1,0,2,0,5293175.497937492,25,0,0,1,1,24,115,man23,94,402,5,402,402,best_native_policy_complete,0,0,0
489,468,67,2528,107.62074001508032,0,0,0,67,1,558,557,2528,0,451,489,68,0.6591728945060714,556.999999191744,112.39823181032676,237.28985607624054,34.91666740179062,556.999998298335,128.1583696873339,131.61019748449326,24.065622210502625,0,0,1,0,0.0,0,0,0,0,0,0,67,man24,451,557,0,557,557,best_native_policy_complete,66,0,66
425,418,24,1170,23.31732520476492,1,0,4,25,1,449,448,1170,0,370,424,24,0.7369151670137885,447.9999994014358,0.0,188.98469972610474,0.0,448.0000007524624,0.0,76.18832439184189,0.0,1,0,1,0,48442.715602858516,4,0,1,0,0,3,25,man26,370,448,1,448,448,best_native_policy_complete,0,0,0
293,279,122,2189,134.53258632692746,6,0,5,122,5,479,478,2189,0,0,292,186,0.45307043292682175,478.0,0.0,0.0,0.0,478.0,0.0,0.0,0.0,1,0,4,0,117578.96126348972,5,2,3,2,2,4,122,man28,0,478,6,478,478,best_native_policy_complete,0,0,0
158,141,83,1288,71.55474030466186,6,0,5,82,1,269,268,1288,0,106,156,112,0.5039257678161345,267.99999521699016,0.0,55.09742599725723,0.0,268.0000015881106,0.0,14.590561211109161,0.0,2,0,1,0,393410.9580002429,5,2,3,3,2,3,82,man29,106,268,6,268,268,best_native_policy_complete,0,0,0
3621,3621,0,17987,87.71202543361449,1,4,5,0,0,3627,3626,17987,4,3496,3621,5,0.8977695567170075,3626.000000819836,0.0,1841.8063734769821,0.0,3625.999994199853,0.0,614.6501434445381,0.0,0,4,0,0,400312.7853971445,5,0,1,0,0,5,0,man3,3496,3626,1,3626,3626,best_native_policy_complete,0,0,0
455,413,164,2513,179.55272770006738,3,0,5,164,2,589,588,2513,0,351,454,134,0.5906325283597585,588.0000007791272,149.37440726544378,185.26527482271194,69.11489707231522,587.9999952998458,0.0,8.016604125499725,0.0,1,0,1,0,266595.40225293627,5,0,1,1,1,4,164,man4,351,588,3,588,588,best_native_policy_complete,158,0,128
254,245,8,1178,44.91913117360484,3,0,2,8,1,265,264,1178,0,0,252,12,0.6545734557945995,264.0,0.0,0.0,0.0,264.0,0.0,0.0,0.0,2,0,1,0,48307.39756367729,2,0,2,1,1,0,8,man45,0,264,3,264,264,best_native_policy_complete,0,0,0
595,595,0,2767,11.671094514376732,0,0,0,0,0,598,597,2767,0,446,595,2,0.8184992741226184,596.9999989351942,0.0,233.2279400229454,0.0,596.9999984340153,0.0,3.513348400592804,0.0,0,0,0,0,0.0,0,0,0,0,0,0,0,man5,446,597,0,597,597,best_native_policy_complete,0,0,0
540,539,2,2261,25.71578243878016,0,0,0,2,0,552,551,2261,0,118,540,11,0.7440857651918741,551.0000004879431,0.0,61.364157259464264,0.0,551.0,0.0,0.0,0.0,0,0,0,0,0.0,0,0,0,0,0,0,2,man55,118,551,0,551,551,best_native_policy_complete,0,0,0
365,365,0,1923,46.401633216625186,0,0,0,0,0,393,392,1923,0,241,365,27,0.6319664577633635,391.9999967051886,0.0,124.68955528736115,0.0,392.00000009386906,0.0,4.509353876113892,0.0,0,0,0,0,0.0,0,0,0,0,0,0,0,man68,241,392,0,392,392,best_native_policy_complete,0,0,0
116,116,0,510,4.192029300934037,0,0,0,0,0,120,119,510,0,0,116,3,0.6431638179815351,119.0,0.0,0.0,0.0,119.0,0.0,0.0,0.0,0,0,0,0,0.0,0,0,0,0,0,0,0,man69,0,119,0,119,119,best_native_policy_complete,0,0,0
2525,2140,1827,20287,1842.3838241479525,62,0,33,1825,18,4140,4139,20287,0,1636,2524,1615,0.4110537679055841,4138.999983960668,482.2496161424117,858.5189328193665,213.67316830158234,4139.000002869917,460.484073394248,92.91859579086304,44.288064539432526,1,0,18,0,3479431.3942817952,34,14,18,21,17,32,1825,man7,1636,4139,62,4139,4139,best_native_policy_complete,664,0,406
2245,2226,157,13039,278.42151528648765,6,0,96,156,4,2584,2583,13039,0,0,2241,342,0.6299738613338122,2583.0,0.0,0.0,0.0,2583.0,0.0,0.0,0.0,4,0,4,1,1247570.2931488561,96,1,2,2,2,92,156,man8,0,2583,6,2583,2583,best_native_policy_complete,0,0,0
211,211,0,1016,11.277065761608274,0,0,0,0,0,212,211,1016,0,209,211,0,0.7783553873978079,210.99999990242006,0.0,108.11779969930649,0.0,211.00000007331232,0.0,57.85352659225464,0.0,0,0,0,0,0.0,0,0,0,0,0,0,0,man88,209,211,0,211,211,best_native_policy_complete,0,0,0
436,436,0,2448,75.40124132197404,0,0,0,0,0,502,501,2448,0,361,436,65,0.6829721569532506,501.0000037235133,0.0,191.13874995708466,0.0,500.9999998576079,0.0,11.015947580337524,0.0,0,0,0,0,0.0,0,0,0,0,0,0,0,man9,361,501,0,501,501,best_native_policy_complete,0,0,0
484,484,0,2027,27.77568137323225,0,0,0,0,0,492,491,2027,0,0,484,7,0.7236234198499033,491.0,0.0,0.0,0.0,491.0,0.0,0.0,0.0,0,0,0,0,0.0,0,0,0,0,0,0,0,manafterrain,0,491,0,491,491,best_native_policy_complete,0,0,0
75,62,51,591,44.63531469311444,18,0,9,45,2,117,116,591,0,4,74,42,0.40730707581933184,116.00000072376372,0.0,1.5117967128753662,0.0,116.0,0.0,0.0,0.0,1,0,2,0,148007.96818694507,9,1,1,8,4,8,45,mancross,4,116,18,116,116,best_native_policy_complete,0,0,0
199,195,23,1071,33.58845570856589,3,0,12,25,1,222,221,1071,0,99,198,23,0.7145985095300089,220.9999984085386,0.0,34.86002987623215,0.0,221.0,0.0,0.0,0.0,1,0,1,0,844425.4417663397,12,0,2,1,0,11,25,mancross1,99,221,3,221,221,best_native_policy_complete,0,0,0
326,326,0,1639,9.366857821143533,0,0,0,0,0,337,336,1639,0,167,326,10,0.7446520719272098,336.0000018896589,0.0,85.78411942720413,0.0,336.0,0.0,0.0,0.0,0,0,0,0,0.0,0,0,0,0,0,0,0,mancrossandup,167,336,0,336,336,best_native_policy_complete,0,0,0
336,331,13,1815,67.43891075154512,2,0,0,11,1,391,390,1815,0,169,336,54,0.6854427425319055,390.000004128989,0.0,87.67538547515869,0.0,390.0,0.0,0.0,0.0,0,0,1,0,0.0,0,0,0,2,0,0,11,mandrivecar,169,390,2,390,390,best_native_policy_complete,0,0,0
247,246,2,1192,11.261641369845236,2,0,3,2,0,249,248,1192,0,0,246,2,0.7127487317906208,248.0,0.0,0.0,0.0,248.0,0.0,0.0,0.0,1,0,0,1,59990.36225756051,3,1,1,1,1,2,2,manfaraway,0,248,2,248,248,best_native_policy_complete,0,0,0
176,176,0,850,10.231026263385438,0,0,0,0,0,177,176,850,0,149,176,0,0.7885294870128867,176.00000078048382,0.0,77.44474464654922,0.0,175.9999986234023,0.0,24.07860976457596,0.0,0,0,0,0,0.0,0,0,0,0,0,0,0,maninblack,149,176,0,176,176,best_native_policy_complete,0,0,0
352,313,62,1674,70.34431397883088,9,0,25,63,5,419,418,1674,0,19,346,72,0.6053666009477379,418.00000162173944,0.0,9.793718338012695,0.0,418.0,0.0,0.0,0.0,6,0,5,1,1340981.2508930753,25,2,4,5,1,19,63,maninglass,19,418,9,418,418,best_native_policy_complete,0,0,0
125,125,0,623,12.84948797067565,0,0,0,0,0,126,125,623,0,124,125,0,0.6997044062962728,125.00000123535219,0.0,65.27060186862946,0.0,124.99999874437152,0.0,49.90487939119339,0.0,0,0,0,0,0.0,0,0,0,0,0,0,0,maningreen2,124,125,0,125,125,best_native_policy_complete,0,0,0
157,157,0,745,13.09138272412492,0,0,0,0,0,158,157,745,0,6,157,0,0.7116302570814368,156.9999994090394,0.0,3.0497915744781494,0.0,157.0,0.0,0.0,0.0,0,0,0,0,0.0,0,0,0,0,0,0,0,maninred,6,157,0,157,157,best_native_policy_complete,0,0,0
338,338,0,1542,12.735804802969053,0,0,0,0,0,339,338,1542,0,278,338,0,0.780403793268321,338.0000012073344,0.0,143.58170574903488,0.0,338.0,0.0,0.0,0.0,0,0,0,0,0.0,0,0,0,0,0,0,0,manlight,278,338,0,338,338,best_native_policy_complete,0,0,0
64,63,12,393,8.712623363036878,2,0,3,13,1,77,76,393,0,0,63,13,0.6596170140040775,76.0,0.0,0.0,0.0,76.0,0.0,0.0,0.0,1,0,0,0,76924.81563083568,3,0,1,0,0,2,13,manoccpart,0,76,2,76,76,best_native_policy_complete,0,0,0
449,449,0,2206,8.369212950380907,0,0,0,0,0,450,449,2206,0,275,449,0,0.8479745093896256,449.0000015713564,0.0,144.8271473646164,0.0,448.99999157822657,0.0,13.027029514312744,0.0,0,0,0,0,0.0,0,0,0,0,0,0,0,manonboundary,275,449,0,449,449,best_native_policy_complete,0,0,0
242,230,14,1133,22.858523056421863,1,0,2,14,1,249,248,1133,0,115,242,6,0.756864193961243,248.00000170324765,0.0,60.0000895857811,0.0,248.0,0.0,0.0,0.0,0,0,1,0,140053.95184161508,2,0,0,0,0,2,14,manonelecbike,115,248,1,248,248,best_native_policy_complete,0,0,0
98,98,0,488,2.0648533564526006,0,0,0,0,0,99,98,488,0,98,98,0,0.9255005748493977,98.00000039156691,0.0,50.51415240764618,0.0,98.0,0.0,0.0,0.0,0,0,0,0,0.0,0,0,0,0,0,0,0,manontricycle,98,98,0,98,98,best_native_policy_complete,0,0,0
92,92,0,455,5.670621105907763,0,1,0,0,0,99,98,455,1,7,92,6,0.6585472097133773,97.99999988787296,0.0,3.7057326436042786,0.0,97.99999999422018,0.0,3.570613443851471,0.0,0,1,0,0,0.0,0,0,0,0,0,0,0,manout2,7,98,0,98,98,best_native_policy_complete,0,0,0
252,252,0,1489,41.88131877782566,0,0,0,0,0,334,333,1489,0,0,252,81,0.5659966669675814,333.0,0.0,0.0,0.0,333.0,0.0,0.0,0.0,0,0,0,0,0.0,0,0,0,0,0,0,0,manup,0,333,0,333,333,best_native_policy_complete,0,0,0
386,386,0,1719,18.386135256218434,0,0,0,0,0,387,386,1719,0,383,386,0,0.7806601669438109,386.00000082514606,0.0,197.8412156701088,0.0,386.0,0.0,0.0,0.0,0,0,0,0,0.0,0,0,0,0,0,0,0,manwithbag,383,386,0,386,386,best_native_policy_complete,0,0,0
545,540,18,2601,25.534241443511554,4,0,4,19,3,577,576,2601,0,474,545,31,0.793973820770262,575.9999993518254,0.0,243.54262018203735,0.0,576.0,0.0,0.0,0.0,0,0,3,0,243937.5462916785,4,1,2,2,1,4,19,manwithbag4,474,576,4,576,576,best_native_policy_complete,0,0,0
75,74,3,341,5.9341046127398265,0,0,1,3,1,80,79,341,0,17,74,5,0.7387693283760695,79.00000022993973,0.0,8.785853862762451,0.0,79.0,0.0,0.0,0.0,1,0,1,0,20433.110872348403,1,0,0,0,0,0,3,manwithbasketball,17,79,0,79,79,best_native_policy_complete,0,0,0
757,757,0,4753,155.562076749451,0,0,0,0,0,984,983,4753,0,943,757,226,0.5780534862422606,983.0000006894184,0.0,496.38988530635834,0.0,982.9999997221184,0.0,3.0049793124198914,0.0,0,0,0,0,0.0,0,0,0,0,0,0,0,manwithluggage,943,983,0,983,983,best_native_policy_complete,0,0,0
503,502,1,2485,32.48821798041435,2,0,0,1,0,504,503,2485,0,302,503,0,0.8214921014944206,502.999993523187,0.0,157.48271465301514,0.0,503.00000330905414,0.0,3.5081610679626465,0.0,0,0,0,0,0.0,0,1,1,1,1,0,1,manwithumbrella,302,503,2,503,503,best_native_policy_complete,0,0,0
57,56,566,3108,516.7819565189541,17,0,3,567,2,645,644,3108,0,91,56,588,0.07265768963647294,643.9999992614536,87.33637689942063,46.79948616027832,46.79948616027832,643.9999997215886,79.26266883251029,24.573328375816345,24.573328375816345,1,0,1,1,40446.3127480786,3,0,1,1,0,2,567,manypeople,91,644,17,644,644,best_native_policy_complete,90,0,91
641,641,3,3323,47.36089437566699,0,0,0,3,1,674,673,3323,0,546,641,32,0.8089031997089774,672.9999976891766,2.6760321557216793,288.9475029706955,1.5779186487197876,672.99999830975,12.266016940200307,261.1631249189377,6.22837370634079,0,0,1,0,0.0,0,0,0,0,0,0,3,manypeople1,546,673,0,673,673,best_native_policy_complete,3,0,3
452,452,0,2053,9.465365027306724,0,0,0,0,0,453,452,2053,0,452,452,0,0.8307786933300296,451.9999978502487,0.0,235.57999330759048,0.0,452.0000015810737,0.0,60.76759111881256,0.0,0,0,0,0,0.0,0,0,0,0,0,0,0,manypeople2,452,452,0,452,452,best_native_policy_complete,0,0,0
899,899,0,3975,29.288163821569864,0,0,0,0,0,900,899,3975,0,516,899,0,0.7641025830780146,899.0000007684749,0.0,266.7495628595352,0.0,898.9999966366386,0.0,91.76903867721558,0.0,0,0,0,0,0.0,0,0,0,0,0,0,0,mobile,516,899,0,899,899,best_native_policy_complete,0,0,0
65,61,5,340,16.27899597941272,2,0,1,4,1,68,67,340,0,0,65,2,0.7219804713980144,67.0,0.0,0.0,0.0,67.0,0.0,0.0,0.0,0,0,1,0,122579.81315163431,1,0,0,2,1,1,4,night2,0,67,2,67,67,best_native_policy_complete,0,0,0
198,198,0,977,4.160745572120318,0,0,0,0,0,199,198,977,0,198,198,0,0.8602894368737884,197.99999921055115,0.0,103.35063868761063,0.0,198.00000007587164,0.0,53.15415698289871,0.0,0,0,0,0,0.0,0,0,0,0,0,0,0,nightcar,198,198,0,198,198,best_native_policy_complete,0,0,0
147,141,17,729,14.841406519784188,1,0,2,16,1,160,159,729,0,0,147,12,0.7335668874100143,159.0,0.0,0.0,0.0,159.0,0.0,0.0,0.0,0,0,1,0,67770.34452617558,2,0,0,1,1,2,16,nightrun,0,159,1,159,159,best_native_policy_complete,0,0,0
270,263,11,1145,28.529105792532693,0,0,0,11,2,286,285,1145,0,18,270,15,0.6961017654077141,285.0,0.0,0.0,0.0,285.0,0.0,0.0,0.0,0,0,2,0,0.0,0,0,0,0,0,0,11,nightthreepeople,18,285,0,285,285,best_native_policy_complete,0,0,0
602,575,33,2763,46.664328076292556,6,0,1,33,3,624,623,2763,0,17,602,21,0.7623930507760355,623.0000024093966,0.0,8.571065545082092,0.0,623.0,0.0,0.0,0.0,0,0,3,0,40631.12240337925,1,3,3,3,3,1,33,notmove,17,623,6,623,623,best_native_policy_complete,0,0,0
386,386,0,2272,40.133090731987224,0,0,2,0,0,454,453,2272,0,6,386,67,0.6933235240941075,453.00000064074993,0.0,0.5001585483551025,0.0,453.00001405832364,0.0,1.5031740069389343,0.0,0,0,0,0,113822.36137707432,2,0,0,0,0,2,0,oldman,6,453,0,453,453,best_native_policy_complete,0,0,0
101,100,1,504,8.055350039995425,1,0,1,0,0,103,102,504,0,0,101,1,0.7616013468070261,102.0,0.0,0.0,0.0,102.0,0.0,0.0,0.0,0,0,0,0,7169.4886464381125,1,0,0,1,1,1,0,oldman2,0,102,1,102,102,best_native_policy_complete,0,0,0
231,230,1,1043,6.182195708096095,1,0,1,0,0,234,233,1043,0,64,231,2,0.8279647377801472,232.9999986629981,0.0,32.75972366333008,0.0,233.00000154636746,0.0,32.25331622362137,0.0,0,0,0,0,11289.630444366483,1,0,0,1,1,1,0,oldwoman,64,233,1,233,233,best_native_policy_complete,0,0,0
919,919,0,4553,5.975334609666939,0,0,0,0,0,920,919,4553,0,858,919,0,0.8638622086867667,919.0000006151719,0.0,447.5586402416229,0.0,918.9999937832556,0.0,137.4916034936905,0.0,0,0,0,0,0.0,0,0,0,0,0,0,0,orangeman1,858,919,0,919,919,best_native_policy_complete,0,0,0
253,216,123,1894,140.83533687564466,17,0,12,123,3,375,374,1894,0,57,253,121,0.4703939179909586,373.9999995790518,0.0,29.476199626922607,0.0,373.999989698209,0.0,8.521495580673218,0.0,0,0,2,0,846194.6031984233,12,2,5,6,3,12,123,people,57,374,17,374,374,best_native_policy_complete,0,0,0
1462,1407,118,7216,222.38701503369413,13,0,1,114,3,1529,1528,7216,0,888,1462,66,0.7062347364915302,1527.9999946251962,0.0,383.57245886325836,0.0,1527.9999999366585,0.0,57.780028343200684,0.0,0,0,3,0,24578.865201590103,1,2,2,6,5,1,114,people1,888,1528,13,1528,1528,best_native_policy_complete,0,0,0
885,885,0,4347,46.9894089855308,0,0,1,0,0,926,925,4347,0,141,885,40,0.6903635499547518,925.0000266027366,0.0,71.82657039165497,0.0,924.9999996410149,0.0,2.0014514327049255,0.0,0,0,0,0,18429.407948820022,1,0,0,0,0,1,0,people3,141,925,0,925,925,best_native_policy_complete,0,0,0
1446,1446,0,6617,73.07542548003941,0,0,0,0,0,1456,1455,6617,0,975,1446,9,0.7395167690390838,1455.0000050415158,0.0,508.6126469373703,0.0,1455.0,0.0,0.0,0.0,0,0,0,0,0.0,0,0,0,0,0,0,0,playsoccer,975,1455,0,1455,1455,best_native_policy_complete,0,0,0
180,175,43,1598,67.72129604339929,4,0,7,42,3,329,328,1598,0,0,179,149,0.48396180158783597,328.0,0.0,0.0,0.0,328.0,0.0,0.0,0.0,1,0,2,0,224111.10444814182,7,0,0,1,0,6,42,push,0,328,4,328,328,best_native_policy_complete,0,0,0
1009,1009,0,4776,55.695986621925215,0,0,0,0,0,1011,1010,4776,0,401,1009,1,0.7195001016307774,1010.0000073391512,0.0,199.48071575164795,0.0,1010.0000017555072,0.0,126.2755760550499,0.0,0,0,0,0,0.0,0,0,0,0,0,0,0,rainingwaliking,401,1010,0,1010,1010,best_native_policy_complete,0,0,0
95,92,0,538,14.903079468079266,0,0,0,0,0,109,108,538,0,108,95,13,0.6800818663516515,107.99999908248243,0.0,55.66610223054886,0.0,107.99999870915542,0.0,4.512435436248779,0.0,0,0,0,0,0.0,0,0,0,0,0,0,0,raningcar,108,108,0,108,108,best_native_policy_complete,0,0,0
1349,1347,42,6356,97.62690824694471,3,0,2,42,1,1390,1389,6356,1,1044,1349,40,0.781939452788725,1388.9999929718795,0.0,549.2635334134102,0.0,1388.9999968208226,0.0,383.83824223279953,0.0,0,1,1,0,87616.09481025612,2,1,1,1,0,2,42,redbag,1044,1389,3,1389,1389,best_native_policy_complete,0,0,0
217,217,0,1069,6.413405883200589,0,0,0,0,0,218,217,1069,0,209,217,0,0.8136168347599548,216.99999841290705,0.0,96.86200565099716,0.0,217.00000080268237,0.0,1.0015448927879333,0.0,0,0,0,0,0.0,0,0,0,0,0,0,0,redcar,209,217,0,217,217,best_native_policy_complete,0,0,0
201,201,40,1295,44.321351943184816,1,0,25,40,1,243,242,1295,1,210,201,41,0.7438548746994663,241.99999941348244,11.186963066434348,110.28417384624481,7.911792099475861,242.00000208443123,11.32662759060633,99.67642986774445,7.6032028794288635,0,1,0,0,5732347.711596267,25,0,0,0,0,25,40,redcar2,210,242,1,242,242,best_native_policy_complete,14,1,15
327,327,0,1633,14.807297823390522,0,0,0,0,0,330,329,1633,0,280,327,2,0.811292575400086,328.99999905346215,0.0,145.7938506603241,0.0,328.9999991139312,0.0,1.5019564032554626,0.0,0,0,0,0,0.0,0,0,0,0,0,0,0,redmanchange,280,329,0,329,329,best_native_policy_complete,0,0,0
246,83,570,3356,432.56167506954336,25,0,38,570,5,657,656,3356,0,44,245,411,0.09655326346698755,656.0000010239105,85.9946588360367,21.864520132541656,21.864520132541656,655.999999542384,77.78788103313698,10.155300736427307,10.155300736427307,1,0,4,0,787142.1855327007,38,3,4,4,4,37,570,rmo,44,656,25,656,656,best_native_policy_complete,131,0,44
107,90,207,1488,148.46631904298687,4,0,19,207,1,298,297,1488,0,23,107,190,0.23808564653885542,296.9999966193845,0.0,8.075215220451355,0.0,296.99999416915637,0.0,5.528881549835205,0.0,0,0,0,0,1224917.4600734469,19,0,1,0,0,19,207,run,23,297,4,297,297,best_native_policy_complete,0,0,0
83,81,2,376,5.767363927416726,1,0,0,1,0,85,84,376,0,0,83,1,0.7593736586768888,84.0,0.0,0.0,0.0,84.0,0.0,0.0,0.0,0,0,0,0,0.0,0,0,0,1,1,0,1,run1,0,84,1,84,84,best_native_policy_complete,0,0,0
198,198,2,995,18.847860927029203,2,0,1,3,1,207,206,995,0,148,198,8,0.6997331444833595,206.00000035102377,0.0,77.75283515453339,0.0,206.00000017880566,0.0,8.517304003238678,0.0,0,0,1,0,35164.73373788596,1,1,2,0,0,1,3,run2,148,206,2,206,206,best_native_policy_complete,0,0,0
821,797,71,3704,119.0536542507667,6,0,0,69,3,916,915,3704,0,567,821,94,0.7323215662586378,914.9999994127045,29.101525869692853,292.72214138507843,1.0401841402053833,915.0000020970238,0.0,1.001019299030304,0.0,0,0,3,0,0.0,0,2,2,4,3,0,69,scooter,567,915,6,915,915,best_native_policy_complete,0,0,0
772,772,9,4205,59.48208519953133,3,0,2,11,2,847,846,4205,0,509,772,74,0.716553012556048,846.0000006058785,0.0,267.6306734085083,0.0,846.0000167706111,0.0,34.563806772232056,0.0,0,0,2,0,24328.62275217675,2,1,2,1,0,2,11,shake,509,846,3,846,846,best_native_policy_complete,0,0,0
233,233,0,1080,5.250522865281434,0,0,0,0,0,234,233,1080,0,174,233,0,0.8430541376449352,232.99999889951974,0.0,88.73447453975677,0.0,233.0,0.0,0.0,0.0,0,0,0,0,0.0,0,0,0,0,0,0,0,shoeslight,174,233,0,233,233,best_native_policy_complete,0,0,0
487,487,0,2180,8.523183401545841,0,0,0,0,0,488,487,2180,0,487,487,0,0.8208062550786694,487.00000081766166,0.0,250.74818223714828,0.0,487.00000317285446,6.039942579378725,195.92236417531967,3.033996820449829,0,0,0,0,0.0,0,0,0,0,0,0,0,single1,487,487,0,487,487,best_native_policy_complete,0,0,0
320,320,0,1570,9.214607367690558,1,0,0,0,0,325,324,1570,0,4,320,4,0.7658112243438936,324.0000014427534,0.0,2.0475176572799683,0.0,324.0,0.0,0.0,0.0,0,0,0,0,0.0,0,0,1,0,0,0,0,single3,4,324,1,324,324,best_native_policy_complete,0,0,0
1289,1283,24,5887,35.31875053266602,5,0,20,24,2,1326,1325,5887,0,1028,1285,40,0.8126469305385993,1325.000002491393,0.0,530.0829812884331,0.0,1325.000000066118,0.0,4.08705061674118,0.0,4,0,2,0,493727.5960012352,20,0,3,1,0,16,24,soccer,1028,1325,5,1325,1325,best_native_policy_complete,0,0,0
370,369,3,1846,14.794097183443991,1,0,7,4,0,379,378,1846,0,345,370,8,0.77455161263968,378.00000049512374,0.0,178.1959257721901,0.0,378.0000011108338,0.0,3.5415819883346558,0.0,0,0,0,0,576928.7182142062,7,0,1,0,0,7,4,soccer2,345,378,1,378,378,best_native_policy_complete,0,0,0
196,193,974,5785,579.8326665538995,17,0,55,975,1,1168,1167,5785,0,42,195,972,0.12107208896452687,1167.0000009469209,0.0,21.547026753425598,0.0,1167.0,0.0,0.0,0.0,1,0,0,0,2973317.5347944493,55,2,2,1,0,54,975,soccerinhand,42,1167,17,1167,1167,best_native_policy_complete,0,0,0
345,345,0,1632,22.427515909416666,0,0,0,0,0,346,345,1632,0,0,345,0,0.8046367492654859,345.0,0.0,0.0,0.0,345.0,0.0,0.0,0.0,0,0,0,0,0.0,0,0,0,0,0,0,0,straw,0,345,0,345,345,best_native_policy_complete,0,0,0
486,486,74,3269,143.4377012641893,0,0,0,74,1,677,676,3269,0,612,486,190,0.6743253589246591,675.9999991167714,87.93394370365984,325.7178114056587,47.18344289064407,675.9999986097786,85.03784056740625,292.9091702699661,43.65540927648544,0,0,1,0,0.0,0,0,0,0,0,0,74,stroller,612,676,0,676,676,best_native_policy_complete,74,0,74
223,222,0,1144,23.712014151062597,0,0,0,0,0,230,229,1144,0,229,223,6,0.7127159487236074,228.999999859386,0.0,118.4819410443306,0.0,229.0,0.0,0.0,0.0,0,0,0,0,0.0,0,0,0,0,0,0,0,supbus,229,229,0,229,229,best_native_policy_complete,0,0,0
156,156,0,796,15.091302154515933,0,0,0,0,0,165,164,796,0,163,156,8,0.7077187209218694,163.99999975193387,0.0,86.60289251804352,0.0,164.0,0.0,0.0,0.0,0,0,0,0,0.0,0,0,0,0,0,0,0,supbus2,163,164,0,164,164,best_native_policy_complete,0,0,0
575,575,0,2691,8.37074257593504,0,0,0,0,0,576,575,2691,0,457,575,0,0.8417874663730492,575.000002180515,0.0,232.78042078018188,0.0,575.0,0.0,0.0,0.0,0,0,0,0,0.0,0,0,0,0,0,0,0,takeout,457,575,0,575,575,best_native_policy_complete,0,0,0
167,164,3,808,18.94852604195004,3,0,0,2,0,171,170,808,0,103,167,3,0.7383582235118241,170.00000036942382,0.0,53.221772253513336,0.0,170.0,0.0,0.0,0.0,0,0,0,0,0.0,0,1,1,2,2,0,2,tallman,103,170,3,170,170,best_native_policy_complete,0,0,0
248,248,0,1244,9.701547158483152,1,0,1,1,0,254,253,1244,0,13,248,5,0.7716240151081036,253.0000041400116,0.0,6.902709186077118,0.0,253.00000038423005,0.0,6.698908150196075,0.0,0,0,0,0,60726.47650041705,1,1,1,0,0,1,1,threeman,13,253,1,253,253,best_native_policy_complete,0,0,0
411,400,24,2010,36.14266845828341,0,0,2,24,2,429,428,2010,0,243,411,17,0.7472607093011909,428.0000027122348,0.0,127.60086274147034,0.0,428.000000990724,0.0,9.016242980957031,0.0,0,0,1,0,114133.39225882076,2,0,0,0,0,2,24,threeman2,243,428,0,428,428,best_native_policy_complete,0,0,0
591,591,1,2928,16.8753366668606,0,0,0,1,0,593,592,2928,0,577,591,1,0.8482876685994848,592.0000005716303,0.0,299.9710690379143,0.0,591.9999998706894,0.0,78.42339366674423,0.0,0,0,0,0,0.0,0,0,0,0,0,0,1,threepeople,577,592,0,592,592,best_native_policy_complete,0,0,0
203,202,24,1111,24.679566864666505,5,0,5,24,2,229,228,1111,0,0,203,25,0.7022529569636129,228.0,0.0,0.0,0.0,228.0,0.0,0.0,0.0,0,0,2,0,164056.58479596983,5,0,1,1,0,5,24,threewoman2,0,228,5,228,228,best_native_policy_complete,0,0,0
493,491,2,2247,17.774041686600324,0,0,0,2,0,499,498,2247,0,156,493,5,0.7971162024176154,498.00000020835506,0.0,47.11560100317001,0.0,498.00000278615704,0.0,15.07362711429596,0.0,0,0,0,0,0.0,0,0,0,0,0,0,2,together,156,498,0,498,498,best_native_policy_complete,0,0,0
1655,1650,21,8397,67.86514164486283,12,0,34,20,1,1693,1692,8397,0,580,1651,41,0.8023071188361962,1691.9999835714643,0.0,304.5152534842491,0.0,1692.0000040132609,0.0,42.380493462085724,0.0,4,0,1,1,1401846.0162744748,34,0,4,8,1,30,20,toy1,580,1692,12,1692,1692,best_native_policy_complete,0,0,0
1121,1121,0,5086,24.659582318682133,0,0,1,0,0,1125,1124,5086,0,20,1121,3,0.7467196502139938,1124.0000114013792,0.0,10.16876894235611,0.0,1124.0,0.0,0.0,0.0,0,0,0,0,22680.222344678485,1,0,0,0,0,1,0,toy3,20,1124,0,1124,1124,best_native_policy_complete,0,0,0
977,977,0,4597,19.547906123933338,0,0,0,0,0,990,989,4597,0,0,977,12,0.7142777287963432,989.0,0.0,0.0,0.0,989.0,0.0,0.0,0.0,0,0,0,0,0.0,0,0,0,0,0,0,0,toy4,0,989,0,989,989,best_native_policy_complete,0,0,0
1255,1255,0,5645,29.1670459962341,0,0,0,0,0,1258,1257,5645,0,1117,1255,2,0.8310787386326701,1256.9999992200558,0.0,581.2044501304626,0.0,1256.9999857691103,0.0,22.06855869293213,0.0,0,0,0,0,0.0,0,0,0,0,0,0,0,tree2,1117,1257,0,1257,1257,best_native_policy_complete,0,0,0
1737,1590,282,9359,406.6617843808632,1,0,0,281,2,1903,1902,9359,1,1815,1737,165,0.6787977735320456,1901.9999950187266,229.0801564487734,957.3421029448509,132.4588841199875,1901.9999963995967,250.72153826091295,548.541027545929,38.07580405473709,0,1,1,0,0.0,0,0,0,1,0,0,281,tree3,1815,1902,1,1902,1902,best_native_policy_complete,256,0,252
1429,1342,755,10419,774.8833953400652,1,0,0,756,2,2106,2105,10419,1,1973,1429,676,0.5197536366659004,2104.9999970373656,702.4719596027331,1028.694294810295,375.2086970806122,2105.0000004825515,406.0133220598619,173.02288085222244,42.07470619678497,0,1,1,0,0.0,0,1,1,0,0,0,756,tree5,1973,2105,1,2105,2105,best_native_policy_complete,756,1,717
217,217,0,895,7.852694577109984,0,0,0,0,0,218,217,895,0,95,217,0,0.8115145518997174,216.99999810965096,0.0,24.65160208940506,0.0,217.0,0.0,0.0,0.0,0,0,0,0,0.0,0,0,0,0,0,0,0,trees,95,217,0,217,217,best_native_policy_complete,0,0,0
224,224,0,1029,5.685200457521235,0,0,0,0,0,225,224,1029,0,207,224,0,0.8689716304749153,224.00000036176698,0.0,107.90006464719772,0.0,224.0,0.0,0.0,0.0,0,0,0,0,0.0,0,0,0,0,0,0,0,tricycle,207,224,0,224,224,best_native_policy_complete,0,0,0
320,320,0,1563,11.18882900239042,0,0,0,0,0,321,320,1563,0,320,320,0,0.8003404262562339,320.00000084931736,0.0,168.2917001247406,0.0,320.0000003619792,0.0,87.753038585186,0.0,0,0,0,0,0.0,0,0,0,0,0,0,0,tricycle1,320,320,0,320,320,best_native_policy_complete,0,0,0
234,234,0,1092,6.231610438016607,0,0,0,0,0,235,234,1092,0,234,234,0,0.8587453792612341,234.0000010171578,0.0,123.1845982670784,0.0,234.00000083240323,0.0,67.61094290018082,0.0,0,0,0,0,0.0,0,0,0,0,0,0,0,tricycle2,234,234,0,234,234,best_native_policy_complete,0,0,0
467,467,0,2313,30.516245806520907,0,0,0,0,0,469,468,2313,0,463,467,1,0.7604307961008014,468.00000073930215,0.0,241.43475908041,0.0,468.0,0.0,0.0,0.0,0,0,0,0,0.0,0,0,0,0,0,0,0,tricycle6,463,468,0,468,468,best_native_policy_complete,0,0,0
331,331,0,1648,25.095792137143597,0,0,0,0,0,332,331,1648,0,330,331,0,0.7804114673909169,330.99999988825033,0.0,169.07169169187546,0.0,330.9999994107641,0.0,1.0087942481040955,0.0,0,0,0,0,0.0,0,0,0,0,0,0,0,tricycle9,330,331,0,331,331,best_native_policy_complete,0,0,0
294,294,0,1455,15.461253323509613,0,0,0,0,0,295,294,1455,0,253,294,0,0.7802130783619914,294.00000030028633,0.0,131.6335535645485,0.0,294.0,0.0,0.0,0.0,0,0,0,0,0.0,0,0,0,0,0,0,0,tricyclefaraway,253,294,0,294,294,best_native_policy_complete,0,0,0
612,612,0,2981,29.72695193419187,0,0,0,0,0,613,612,2981,0,612,612,0,0.8020498515808633,612.0000019577598,0.0,323.2152791619301,0.0,612.0000002591826,0.0,5.00765734910965,0.0,0,0,0,0,0.0,0,0,0,0,0,0,0,tricycletwo,612,612,0,612,612,best_native_policy_complete,0,0,0
83,83,0,412,3.974646660908121,0,0,0,0,0,84,83,412,0,83,83,0,0.8547664933213409,82.99999988499005,0.0,42.92765527963638,0.0,83.0,0.0,0.0,0.0,0,0,0,0,0.0,0,0,0,0,0,0,0,twoelecbike,83,83,0,83,83,best_native_policy_complete,0,0,0
235,233,3,1164,48.33334055500547,2,0,0,3,0,238,237,1164,0,65,235,2,0.8023747566624854,236.99999984768465,0.0,34.30722063779831,0.0,236.99999967096585,0.0,8.1047523021698,0.0,0,0,0,0,0.0,0,1,1,1,1,0,3,twoelecbike1,65,237,2,237,237,best_native_policy_complete,0,0,0
1126,1126,0,6402,88.87809514989155,0,0,0,0,0,1299,1298,6402,0,716,1126,172,0.7148292503912729,1298.000000201524,0.0,378.3252773284912,0.0,1298.0000056700787,0.0,218.6136543750763,0.0,0,0,0,0,0.0,0,0,0,0,0,0,0,twoman,716,1298,0,1298,1298,best_native_policy_complete,0,0,0
988,986,7,4560,57.387936451745645,1,0,0,7,0,1001,1000,4560,0,11,988,12,0.7068164904266303,999.9999736822665,0.0,5.7508421540260315,0.0,999.9999842261187,0.0,1.0012145638465881,0.0,0,0,0,0,0.0,0,0,1,0,0,0,7,twoman1,11,1000,1,1000,1000,best_native_policy_complete,0,0,0
381,380,10,1754,26.779432787919994,2,0,0,11,1,392,391,1754,0,0,381,10,0.7398223954351048,391.0,0.0,0.0,0.0,391.0,0.0,0.0,0.0,0,0,0,0,0.0,0,1,2,0,0,0,11,twoman2,0,391,2,391,391,best_native_policy_complete,0,0,0
713,713,0,4089,110.1411695452307,0,0,0,0,0,867,866,4089,0,388,713,153,0.6318674102531506,866.0000025797491,0.0,204.99939495325089,0.0,865.9999872456029,0.0,7.019258558750153,0.0,0,0,0,0,0.0,0,0,0,0,0,0,0,twoperson,388,866,0,866,866,best_native_policy_complete,0,0,0
158,158,0,758,9.490530260761815,0,0,0,0,0,161,160,758,0,151,158,2,0.7187115001181382,160.00000051552217,0.0,78.65011370182037,0.0,159.99999913424887,0.0,6.022230386734009,0.0,0,0,0,0,0.0,0,0,0,0,0,0,0,twowoman,151,160,0,160,160,best_native_policy_complete,0,0,0
683,683,0,3234,19.05065405535405,0,0,0,0,0,684,683,3234,0,680,683,0,0.8166338907187575,682.9999986708362,0.0,358.08392375707626,0.0,682.9999982370746,0.0,315.15752255916595,0.0,0,0,0,0,0.0,0,0,0,0,0,0,0,twowoman1,680,683,0,683,683,best_native_policy_complete,0,0,0
276,265,91,1858,88.52519736589765,10,1,7,90,2,379,378,1858,1,148,274,104,0.600827203279621,378.0000004709461,0.0,76.22552698850632,0.0,378.0,0.0,0.0,0.0,2,1,1,0,129893.70186881353,7,2,4,4,2,5,90,walking40,148,378,10,378,378,best_native_policy_complete,0,0,0
394,394,4,1700,40.79954738216982,1,0,1,5,1,416,415,1700,0,0,394,21,0.6744514525811325,415.0,0.0,0.0,0.0,415.0,0.0,0.0,0.0,0,0,1,0,27370.423997004906,1,1,1,0,0,1,5,walking41,0,415,1,415,415,best_native_policy_complete,0,0,0
104,104,1,458,3.4758000944616074,0,0,0,1,0,106,105,458,0,21,104,1,0.7751495675639434,104.99999953291437,0.0,10.696712791919708,0.0,105.0,0.0,0.0,0.0,0,0,0,0,0.0,0,0,0,0,0,0,1,walkingman,21,105,0,105,105,best_native_policy_complete,0,0,0
335,232,414,2996,320.1393169776168,0,0,0,414,3,648,647,2996,0,0,335,312,0.30641348645656846,647.0,0.0,0.0,0.0,647.0,0.0,0.0,0.0,0,0,2,0,0.0,0,0,0,0,0,0,414,walkingman1,0,647,0,647,647,best_native_policy_complete,0,0,0
173,173,173,2297,199.95706102832435,10,0,4,171,2,508,507,2297,0,0,173,334,0.3453854031012989,507.0,0.0,0.0,0.0,507.0,0.0,0.0,0.0,0,0,1,0,225783.2871506423,4,0,0,2,0,4,171,walkingman12,0,507,10,507,507,best_native_policy_complete,0,0,0
370,297,180,2663,157.68771301441942,11,0,17,179,4,569,568,2663,0,2,367,201,0.41952742221991735,568.000020612931,0.0,1.0299368500709534,0.0,568.0,0.0,0.0,0.0,3,0,4,1,821276.4511800137,17,0,4,4,2,14,179,walkingman20,2,568,11,568,568,best_native_policy_complete,0,0,0
371,337,160,2334,145.97864617571676,2,0,2,160,1,502,501,2334,0,83,370,131,0.5298535966176907,500.99999024553443,0.0,43.470948457717896,0.0,501.0000008882935,0.0,6.5135080218315125,0.0,1,0,0,0,179631.58969364615,2,0,1,0,0,1,160,walkingman41,83,501,2,501,501,best_native_policy_complete,0,0,0
39,35,44,349,24.85139941410111,0,0,1,44,1,83,82,349,0,0,39,43,0.3239999324005814,82.0,0.0,0.0,0.0,82.0,0.0,0.0,0.0,0,0,0,0,11290.702482551278,1,0,0,0,0,1,44,walkingmantiny,0,82,0,82,82,best_native_policy_complete,0,0,0
388,386,7,1831,53.843113063602274,4,0,17,7,1,426,425,1831,0,30,386,39,0.7552552921609621,424.999987016306,0.0,15.297541379928589,0.0,425.00000111687734,0.0,15.097629964351654,0.0,2,0,1,0,701773.7691357398,17,0,1,3,0,15,7,walkingnight,30,425,4,425,425,best_native_policy_complete,0,0,0
1402,1401,1,6640,70.8221114429214,1,0,0,2,0,1433,1432,6640,0,1133,1402,30,0.7786836644220932,1432.000000115043,0.0,596.4810275435448,0.0,1431.9999999011352,0.0,282.82933020591736,0.0,0,0,0,0,0.0,0,1,1,0,0,0,2,walkingtogether,1133,1432,1,1432,1432,best_native_policy_complete,0,0,0
386,386,0,1909,15.621498479480715,0,0,0,0,0,387,386,1909,0,306,386,0,0.75659991357795,386.00000206585673,0.0,161.3802472949028,0.0,386.00000097622376,0.0,49.30025768280029,0.0,0,0,0,0,0.0,0,0,0,0,0,0,0,walkingtogether1,306,386,0,386,386,best_native_policy_complete,0,0,0
548,546,16,2867,63.14582477349408,1,0,2,15,2,601,600,2867,0,314,548,52,0.6843828175557334,599.9999980302447,0.0,142.70574533939362,0.0,600.0,0.0,0.0,0.0,0,0,1,0,45392.425892624065,2,0,0,1,0,2,15,walkingtogetherright,314,600,1,600,600,best_native_policy_complete,0,0,0
630,630,0,3120,21.858467890749445,0,0,0,0,0,642,641,3120,0,505,630,11,0.7904217848689209,640.999999708056,0.0,263.6222219467163,0.0,641.0000003800683,0.9982898428092422,256.0439218878746,0.5003873705863953,0,0,0,0,0.0,0,0,0,0,0,0,0,walkingwithbag1,505,641,0,641,641,best_native_policy_complete,0,0,0
1276,1276,0,5977,55.90796480879076,0,0,0,0,0,1277,1276,5977,0,1260,1276,0,0.7515903208756513,1275.999999633743,0.0,650.2213149666786,0.0,1275.9999917525004,0.0,129.4718183875084,0.0,0,0,0,0,0.0,0,0,0,0,0,0,0,walkingwithbag2,1260,1276,0,1276,1276,best_native_policy_complete,0,0,0
249,249,0,1662,46.545448966891094,0,0,0,0,0,348,347,1662,0,214,249,98,0.5828223348488439,346.99999743725573,0.0,113.0239349603653,0.0,347.0000023810255,0.0,22.62763786315918,0.0,0,0,0,0,0.0,0,0,0,0,0,0,0,walkingwoman,214,347,0,347,347,best_native_policy_complete,0,0,0
386,385,1,1684,18.214453601928852,2,0,2,1,0,391,390,1684,0,27,386,4,0.7521673484746102,389.99999797182045,0.0,13.814195394515991,0.0,390.0,0.0,0.0,0.0,0,0,0,0,91367.78774382285,2,0,0,2,0,2,1,whitebag,27,390,2,390,390,best_native_policy_complete,0,0,0
179,179,0,830,3.7279807441417185,0,0,0,0,0,180,179,830,0,179,179,0,0.8747593745060278,179.0000017492482,0.0,96.59243375062943,0.0,178.999998537473,0.0,67.8029477596283,0.0,0,0,0,0,0.0,0,0,0,0,0,0,0,whitecar,179,179,0,179,179,best_native_policy_complete,0,0,0
447,447,0,2223,7.767607305385215,0,0,0,0,0,448,447,2223,0,447,447,0,0.8670295370380299,447.00000072545225,0.0,238.36756700277328,0.0,446.99999987372263,0.0,16.035235464572906,0.0,0,0,0,0,0.0,0,0,0,0,0,0,0,whitecar3,447,447,0,447,447,best_native_policy_complete,0,0,0
127,127,10,735,13.189186320801614,0,0,0,10,1,148,147,735,0,147,127,20,0.7614888499392725,147.00000091310218,6.471467610053087,77.74967712163925,5.254750311374664,147.0,0.0,0.0,0.0,0,0,0,0,0.0,0,0,0,0,0,0,10,whitecar4,147,147,0,147,147,best_native_policy_complete,9,0,10
157,157,0,808,12.933118314420984,0,0,0,0,0,164,163,808,0,163,157,6,0.7118103592128151,163.000000799081,0.0,85.57587671279907,0.0,163.0,0.0,0.0,0.0,0,0,0,0,0.0,0,0,0,0,0,0,0,whitecarafterrain,163,163,0,163,163,best_native_policy_complete,0,0,0
1034,1020,67,5282,73.33994614591793,13,0,31,64,3,1143,1142,5282,0,0,1025,117,0.7134578277516547,1142.0,0.0,0.0,0.0,1142.0,0.0,0.0,0.0,9,0,3,3,340130.1954453623,31,1,3,6,3,22,64,whiteman1,0,1142,13,1142,1142,best_native_policy_complete,0,0,0
369,369,0,2845,104.59507177872652,0,0,0,0,0,578,577,2845,0,577,369,208,0.5856836596668107,577.0000021967242,0.0,308.26498329639435,0.0,576.9999978611656,0.0,256.09812319278717,0.0,0,0,0,0,0.0,0,0,0,0,0,0,0,whitesuv,577,577,0,577,577,best_native_policy_complete,0,0,0
254,252,17,1186,35.59116157511949,5,0,0,19,1,272,271,1186,0,0,254,17,0.6966374855335336,271.0,0.0,0.0,0.0,271.0,0.0,0.0,0.0,0,0,1,0,0.0,0,3,4,1,1,0,19,woamn46,0,271,5,271,271,best_native_policy_complete,0,0,0
144,144,0,653,5.282092677408654,0,0,0,0,0,146,145,653,0,137,144,1,0.8121443640541591,145.0000005474302,0.0,70.99744015932083,0.0,145.0,0.0,0.0,0.0,0,0,0,0,0.0,0,0,0,0,0,0,0,woamnwithbike,137,145,0,145,145,best_native_policy_complete,0,0,0
137,137,0,651,2.1013845843335273,0,0,0,0,0,138,137,651,0,127,137,0,0.8458807172735255,137.000000335338,0.0,66.61633765697479,0.0,136.99999939715784,0.0,28.191380202770233,0.0,0,0,0,0,0.0,0,0,0,0,0,0,0,woman,127,137,0,137,137,best_native_policy_complete,0,0,0
739,735,270,4885,204.6187343459635,14,1,23,269,1,1009,1008,4885,1,435,737,271,0.5888688784984861,1007.9999984667743,0.0,229.33854269981384,0.0,1008.0000134619432,0.0,37.16186463832855,0.0,2,1,1,0,1724011.8812147335,23,0,2,1,1,21,269,woman1,435,1008,14,1008,1008,best_native_policy_complete,0,0,0
659,652,8,3075,55.21904294868802,3,0,5,10,1,688,687,3075,0,505,659,28,0.7662529701759846,686.9999982025702,0.0,251.4970139861107,0.0,687.0000020705518,0.0,71.75118261575699,0.0,0,0,1,0,154511.28847932408,5,2,2,1,0,5,10,woman100,505,687,3,687,687,best_native_policy_complete,0,0,0
286,286,0,1333,9.683410734984466,0,0,0,0,0,288,287,1333,0,0,286,1,0.7062294509194016,287.0,0.0,0.0,0.0,287.0,0.0,0.0,0.0,0,0,0,0,0.0,0,0,0,0,0,0,0,woman2,0,287,0,287,287,best_native_policy_complete,0,0,0
229,229,0,908,12.512044916283717,0,0,0,0,0,230,229,908,0,0,229,0,0.7735417079399742,229.0,0.0,0.0,0.0,229.0,0.0,0.0,0.0,0,0,0,0,0.0,0,0,0,0,0,0,0,woman3,0,229,0,229,229,best_native_policy_complete,0,0,0
271,271,1,1859,63.090220454659914,0,0,0,1,0,424,423,1859,0,157,271,152,0.5407641504750955,423.00000054943837,0.0,11.033691108226776,0.0,423.0,0.0,0.0,0.0,0,0,0,0,0.0,0,0,0,0,0,0,1,woman4,157,423,0,423,423,best_native_policy_complete,0,0,0
347,347,0,1705,12.289994351034201,0,0,0,0,0,348,347,1705,0,321,347,0,0.7579722188188184,347.0000004297312,0.0,164.77071607112885,0.0,347.0,0.0,0.0,0.0,0,0,0,0,0.0,0,0,0,0,0,0,0,woman48,321,347,0,347,347,best_native_policy_complete,0,0,0
76,76,0,338,3.0779199156685046,0,0,0,0,0,77,76,338,0,0,76,0,0.7048839869467617,76.0,0.0,0.0,0.0,76.0,0.0,0.0,0.0,0,0,0,0,0.0,0,0,0,0,0,0,0,woman6,0,76,0,76,76,best_native_policy_complete,0,0,0
429,428,1,1774,14.935633469090453,0,0,5,1,0,434,433,1774,0,344,428,5,0.8420153263743841,432.99999998493973,0.0,170.06355917453766,0.0,433.0000018775463,0.0,0.5011934638023376,0.0,1,0,0,0,421571.4065288883,5,0,0,0,0,4,1,woman89,344,433,0,433,433,best_native_policy_complete,0,0,0
91,91,0,465,4.275172312860372,0,0,0,0,0,94,93,465,0,30,91,2,0.7540073620687052,93.00000260536304,0.0,15.711856186389923,0.0,92.99999712535171,0.0,5.531715393066406,0.0,0,0,0,0,0.0,0,0,0,0,0,0,0,woman96,30,93,0,93,93,best_native_policy_complete,0,0,0
545,545,0,2618,15.540352117352974,0,0,0,0,0,546,545,2618,0,291,545,0,0.8541855757019241,544.9999940164396,0.0,138.66883558034897,0.0,545.0,0.0,0.0,0.0,0,0,0,0,0.0,0,0,0,0,0,0,0,woman99,291,545,0,545,545,best_native_policy_complete,0,0,0
601,601,0,2825,17.078336847474862,0,0,0,0,0,602,601,2825,0,428,601,0,0.8099011776231415,601.0000010787082,0.0,214.81906896829605,0.0,600.9999984084384,0.0,63.433173179626465,0.0,0,0,0,0,0.0,0,0,0,0,0,0,0,womancross,428,601,0,601,601,best_native_policy_complete,0,0,0
123,123,0,481,4.339083267141357,0,0,1,0,0,127,126,481,0,0,123,3,0.6970147325453042,126.0,0.0,0.0,0.0,126.0,0.0,0.0,0.0,0,0,0,0,89612.30040871183,1,0,0,0,0,1,0,womanfaraway,0,126,0,126,126,best_native_policy_complete,0,0,0
734,731,1,3074,18.640891184736848,0,0,7,1,0,738,737,3074,0,259,733,4,0.8209569052351444,736.9999916258357,0.0,132.01355999708176,0.0,737.0,0.0,0.0,0.0,1,0,0,0,236287.76998334815,7,0,0,0,0,6,1,womaninblackwithbike,259,737,0,737,737,best_native_policy_complete,0,0,0
577,577,0,2721,20.823212556131566,0,0,0,0,0,578,577,2721,0,549,577,0,0.7856162859717933,577.0000005085233,0.0,285.2676494717598,0.0,576.999994660091,0.0,1.5020599365234375,0.0,0,0,0,0,0.0,0,0,0,0,0,0,0,womanleft,549,577,0,577,577,best_native_policy_complete,0,0,0
106,105,5,512,10.002761904577387,3,0,2,5,1,112,111,512,0,0,106,5,0.7564857453913603,111.0,0.0,0.0,0.0,111.0,0.0,0.0,0.0,0,0,1,0,61748.2390806201,2,1,2,1,1,2,5,womanpink,0,111,3,111,111,best_native_policy_complete,0,0,0
101,101,0,457,3.560306732976478,0,0,0,0,0,102,101,457,0,96,101,0,0.7945733267585039,100.99999999641037,0.0,49.625061333179474,0.0,101.0,0.0,0.0,0.0,0,0,0,0,0.0,0,0,0,0,0,0,0,womanred,96,101,0,101,101,best_native_policy_complete,0,0,0
626,620,19,2964,77.7204712144227,10,0,1,17,2,656,655,2964,0,298,626,29,0.7178008426481512,654.9999981933781,0.0,154.2989051938057,0.0,655.0,0.0,0.0,0.0,0,0,2,0,16215.507454644658,1,2,4,6,3,1,17,womanrun,298,655,10,655,655,best_native_policy_complete,0,0,0
156,156,9,804,12.960964135199136,0,0,0,9,1,169,168,804,0,45,156,12,0.7008322631799883,167.99999960758265,0.0,23.110419511795044,0.0,168.0,0.0,0.0,0.0,0,0,1,0,0.0,0,0,0,0,0,0,9,womanwithbag6,45,168,0,168,168,best_native_policy_complete,0,0,0
596,596,0,2886,23.40663962910726,0,0,0,0,0,597,596,2886,0,554,596,0,0.8740354132783682,595.9999984898923,0.0,283.0844809412956,0.0,596.0000019520521,0.0,0.5002289414405823,0.0,0,0,0,0,0.0,0,0,0,0,0,0,0,yellowcar,554,596,0,596,596,best_native_policy_complete,0,0,0
